系組代碼,校名,系組名,採計科目1,加權1,採計科目2,加權2,採計科目3,加權3,採計科目4,加權4,採計科目5,加權5,錄取人數(含外加),普通生錄取分數,普通生同分參酌科目,普通生同分參酌分數,原住民錄取分數,退伍軍人錄取分數,僑生錄取分數,蒙藏生錄取分數,派外子女錄取分數,頁碼,檢定標準1,檢定標準2,檢定標準3,英聽檢定,同分參酌順序,核定名額,回流名額,招生名額,錄取人數_男,錄取人數_女,外加錄取_男,外加錄取_女,錄取總人數
0001,國立臺灣大學,中國文學系,國文(學測),1.50,英文(學測),1.25,歷史(分科),1.25,地理(分科),1.00,,,21,259.00,,,,,,,,1,數學A(均標) 或 數學B(均標),,,,國文→英文→歷史→地理,19,2,21,9,12,0,0,21
0002,國立臺灣大學,外國語文學系,英文(學測),2.00,國文(學測),1.25,歷史(分科),1.00,地理(分科),1.00,,,42,282.75,英文(學測),58,301.90,,,,,1,數學A(均標) 或 數學B(均標),,,A級,英文→國文→歷史→地理,40,1,41,8,33,0,1,42
0003,國立臺灣大學,歷史學系,歷史(分科),1.00,國文(學測),1.00,英文(學測),1.00,地理(分科),1.00,公民與社會(分科),1.00,22,263.00,歷史(分科),54,264.60,,,,,1,數學A(均標) 或 數學B(均標),,,,歷史→國文→英文→地理→公民與社會,21,0,21,9,12,1,0,22
0004,國立臺灣大學,哲學系,國文(學測),1.00,英文(學測),1.00,歷史(分科),1.00,公民與社會(分科),1.00,,,16,203.00,,,,,,,,1,英文(前標),數學A(前標) 或 數學B(前標),,,國文→英文→歷史→公民與社會,11,5,16,10,6,0,0,16
0005,國立臺灣大學,人類學系,英文(學測),1.50,歷史(分科),1.00,國文(學測),1.00,地理(分科),1.00,公民與社會(分科),1.00,22,282.50,英文(學測),59,,,,,,1,數學A(均標) 或 數學B(均標),,,,英文→歷史→國文→地理→公民與社會,15,7,22,8,14,0,0,22
0006,國立臺灣大學,圖書資訊學系,國文(學測),1.25,英文(學測),1.25,歷史(分科),1.00,公民與社會(分科),1.00,,,16,238.00,國文(學測),57,251.60,,,,,1,數學A(均標) 或 數學B(均標),,,,國文→英文→歷史→公民與社會,14,1,15,7,8,1,0,16
0007,國立臺灣大學,日本語文學系,英文(學測),1.50,國文(學測),1.50,歷史(分科),1.00,地理(分科),1.00,公民與社會(分科),1.00,18,317.00,,,,,,,,1,數學A(均標) 或 數學B(均標),,,,英文→國文→歷史→地理→公民與社會,18,0,18,4,14,0,0,18
0010,國立臺灣大學,戲劇學系(男),英文(學測),1.50,國文(學測),1.50,數學B(學測),1.00,歷史(分科),1.00,地理(分科),1.00,7,285.50,,,,,,,,1,,,,,英文→國文→數學B→歷史→地理,5,2,7,7,0,0,0,7
0011,國立臺灣大學,戲劇學系(女),英文(學測),1.50,國文(學測),1.50,數學B(學測),1.00,歷史(分科),1.00,地理(分科),1.00,9,290.50,,,310.40,,,,,1,,,,,英文→國文→數學B→歷史→地理,5,3,8,0,8,0,1,9
0012,國立臺灣大學,數學系,數學A(學測),1.50,數學甲(分科),1.50,物理(分科),1.00,化學(分科),1.00,英文(學測),1.00,17,301.00,,,,,,,,1,數學A(頂標),自然(頂標),,,數學A→數學甲→物理→化學→英文,12,5,17,17,0,0,0,17
0013,國立臺灣大學,物理學系,物理(分科),1.50,數學甲(分科),1.50,英文(學測),1.00,化學(分科),1.00,,,22,266.50,,,,,,,,1,數學A(前標),自然(前標),,,物理→數學甲→英文→化學,19,3,22,20,2,0,0,22
0014,國立臺灣大學,化學系,化學(分科),1.00,英文(學測),1.00,數學甲(分科),1.00,物理(分科),1.00,國文(學測),1.00,30,250.00,化學(分科),55,259.20,,,,,1,國文(均標),英文(均標),,,化學→英文→數學甲→物理→國文,23,6,29,19,10,1,0,30
0015,國立臺灣大學,地質科學系,數學甲(分科),1.00,英文(學測),1.00,化學(分科),1.00,物理(分科),1.00,國文(學測),1.00,13,232.00,數學甲(分科),40,,,,,,1,自然(前標),,,,數學甲→英文→化學→物理→國文,8,5,13,7,6,0,0,13
0016,國立臺灣大學,心理學系,數學甲(分科),1.00,英文(學測),1.00,國文(學測),1.00,生物(分科),1.00,化學(分科),1.00,38,250.00,數學甲(分科),54,259.20,,,,,1,,,,,數學甲→英文→國文→生物→化學,31,6,37,14,23,0,1,38
0017,國立臺灣大學,地理環境資源學系A組,數學甲(分科),1.00,物理(分科),1.00,化學(分科),1.00,,,,,8,138.00,,,,,,,,1,英文(均標),,,,數學甲→物理→化學,7,1,8,8,0,0,0,8
0020,國立臺灣大學,地理環境資源學系B組,地理(分科),1.25,公民與社會(分科),1.00,數學B(學測),1.00,,,,,9,175.25,,,,,,,,1,英文(均標),數學B(前標),,,地理→公民與社會→數學B,7,2,9,8,1,0,0,9
0021,國立臺灣大學,大氣科學系,數學甲(分科),1.25,物理(分科),1.25,化學(分科),1.25,英文(學測),1.00,國文(學測),1.00,13,269.00,,,,,,,,1,英文(均標),自然(前標),,,數學甲→物理→化學→英文→國文,10,3,13,11,2,0,0,13
0022,國立臺灣大學,政治學系政治理論組,英文(學測),1.25,國文(學測),1.25,社會(學測),1.00,歷史(分科),1.00,地理(分科),1.00,25,299.50,英文(學測),51,,,,,,1,數學A(均標) 或 數學B(均標),,,,英文→國文→社會→歷史→地理,19,6,25,14,11,0,0,25
0023,國立臺灣大學,政治學系國際關係組,英文(學測),1.25,國文(學測),1.25,社會(學測),1.00,歷史(分科),1.00,地理(分科),1.00,26,309.00,英文(學測),58,316.40,,,,,1,數學A(均標) 或 數學B(均標),,,,英文→國文→社會→歷史→地理,19,5,24,11,13,0,2,26
0024,國立臺灣大學,政治學系公共行政組,英文(學測),1.25,國文(學測),1.25,社會(學測),1.00,歷史(分科),1.00,地理(分科),1.00,29,301.00,,,382.05,,,,,1,數學A(均標) 或 數學B(均標),,,,英文→國文→社會→歷史→地理,19,9,28,13,15,0,1,29
0025,國立臺灣大學,經濟學系A組,數學甲(分科),2.00,英文(學測),1.50,物理(分科),1.00,,,,,22,222.50,,,,,,,,1,,,,,數學甲→英文→物理,20,2,22,13,9,0,0,22
0026,國立臺灣大學,經濟學系B組,數學A(學測),2.00,英文(學測),1.50,公民與社會(分科),1.00,地理(分科),1.00,,,10,279.00,,,281.90,,,,,1,,,,,數學A→英文→公民與社會→地理,8,1,9,4,5,1,0,10
0027,國立臺灣大學,社會學系,英文(學測),1.00,國文(學測),1.00,數學B(學測),1.00,公民與社會(分科),1.00,歷史(分科),1.00,28,256.00,,,259.20,,,,269.50,1,,,,,英文→國文→數學B→公民與社會→歷史,15,11,26,7,19,0,2,28
0030,國立臺灣大學,社會工作學系,英文(學測),1.25,國文(學測),1.25,數學B(學測),1.00,公民與社會(分科),1.00,歷史(分科),1.00,34,267.25,,,267.40,,,,,1,,,,,英文→國文→數學B→公民與社會→歷史,21,11,32,11,21,2,0,34
0031,國立臺灣大學,醫學系(自費),生物(分科),1.00,化學(分科),1.00,數學甲(分科),1.00,物理(分科),1.00,英文(學測),1.00,47,287.00,生物(分科),57,349.65,,,,,1,國文(頂標),英文(頂標),,,生物→化學→數學甲→物理→英文,46,0,46,39,7,0,1,47
0032,國立臺灣大學,醫學系(公費),生物(分科),1.00,化學(分科),1.00,數學甲(分科),1.00,物理(分科),1.00,英文(學測),1.00,7,262.00,生物(分科),52,,,,,,1,國文(頂標),英文(頂標),,,生物→化學→數學甲→物理→英文,2,5,7,4,3,0,0,7
0033,國立臺灣大學,牙醫學系,生物(分科),1.00,化學(分科),1.00,數學甲(分科),1.00,物理(分科),1.00,英文(學測),1.00,17,283.00,生物(分科),60,364.50,,,,,1,國文(頂標),英文(頂標),,,生物→化學→數學甲→物理→英文,15,1,16,13,3,1,0,17
0034,國立臺灣大學,藥學系,數學甲(分科),1.00,物理(分科),1.00,化學(分科),2.00,生物(分科),2.00,英文(學測),1.00,17,371.00,數學甲(分科),47,394.35,,,,,1,,,,,數學甲→物理→化學→生物→英文,12,4,16,14,2,0,1,17
0035,國立臺灣大學,醫學檢驗暨生物技術學系,化學(分科),1.00,生物(分科),1.00,英文(學測),1.00,數學甲(分科),1.00,國文(學測),1.00,14,254.00,化學(分科),50,259.20,,,,,1,,,,,化學→生物→英文→數學甲→國文,11,2,13,8,5,1,0,14
0036,國立臺灣大學,護理學系,英文(學測),1.00,生物(分科),1.00,化學(分科),1.00,數學甲(分科),1.00,國文(學測),1.00,15,241.00,,,,,,,,1,英文(均標),自然(均標),,,英文→生物→化學→數學甲→國文,12,3,15,3,12,0,0,15
0037,國立臺灣大學,物理治療學系,生物(分科),1.00,英文(學測),1.00,數學甲(分科),1.00,物理(分科),1.00,化學(分科),1.00,15,253.00,生物(分科),52,,,,,,1,,,,,生物→英文→數學甲→物理→化學,14,1,15,8,7,0,0,15
0040,國立臺灣大學,職能治療學系,英文(學測),1.50,國文(學測),1.25,生物(分科),1.00,數學甲(分科),1.00,,,19,246.00,,,271.70,,,,,2,,,,,英文→國文→生物→數學甲,14,4,18,7,11,0,1,19
0041,國立臺灣大學,土木工程學系,數學甲(分科),1.00,物理(分科),1.00,英文(學測),1.00,國文(學測),1.00,化學(分科),1.00,36,241.00,數學甲(分科),46,,243.60,,,,2,,,,,數學甲→物理→英文→國文→化學,29,6,35,27,8,1,0,36
0042,國立臺灣大學,機械工程學系,物理(分科),1.00,數學甲(分科),1.00,化學(分科),1.00,英文(學測),1.00,國文(學測),1.00,41,255.00,物理(分科),58,,,,,,2,,,,,物理→數學甲→化學→英文→國文,39,2,41,35,6,0,0,41
0043,國立臺灣大學,化學工程學系,數學甲(分科),1.25,物理(分科),1.25,化學(分科),1.25,英文(學測),1.00,,,53,239.75,數學甲(分科),48,,,,,,2,數學A(前標),,,,數學甲→物理→化學→英文,39,14,53,50,3,0,0,53
0044,國立臺灣大學,工程科學及海洋工程學系,數學甲(分科),2.00,物理(分科),2.00,英文(學測),1.00,化學(分科),1.00,,,15,302.00,數學甲(分科),48,,,,,,2,,,,,數學甲→物理→英文→化學,13,2,15,11,4,0,0,15
0045,國立臺灣大學,材料科學與工程學系,數學甲(分科),1.00,物理(分科),1.00,化學(分科),1.00,英文(學測),1.00,國文(學測),1.00,22,262.00,數學甲(分科),45,,,,,,2,數學A(頂標),,,,數學甲→物理→化學→英文→國文,16,6,22,19,3,0,0,22
0046,國立臺灣大學,醫學工程學系,數學甲(分科),1.00,物理(分科),1.00,化學(分科),1.00,英文(學測),1.00,國文(學測),1.00,19,253.00,數學甲(分科),44,,,,,,2,數學A(前標),,,,數學甲→物理→化學→英文→國文,10,9,19,13,6,0,0,19
0047,國立臺灣大學,農藝學系,生物(分科),1.25,化學(分科),1.25,英文(學測),1.00,數學甲(分科),1.00,國文(學測),1.00,19,256.50,,,,,,,,2,英文(均標),,,,生物→化學→英文→數學甲→國文,14,5,19,8,11,0,0,19
0050,國立臺灣大學,生物環境系統工程學系,數學甲(分科),1.00,物理(分科),1.00,化學(分科),1.00,英文(學測),1.00,國文(學測),1.00,15,235.00,數學甲(分科),44,,,,,,2,,,,,數學甲→物理→化學→英文→國文,14,1,15,10,5,0,0,15
0051,國立臺灣大學,農業化學系,化學(分科),1.50,生物(分科),1.50,英文(學測),1.00,數學A(學測),1.00,物理(分科),1.00,13,287.00,化學(分科),54,,,,,,2,,,,,化學→生物→英文→數學A→物理,12,1,13,10,3,0,0,13
0052,國立臺灣大學,森林環境暨資源學系,生物(分科),2.00,數學甲(分科),1.00,化學(分科),1.50,物理(分科),1.50,,,28,260.50,,,,,,,,2,英文(均標),,,,生物→數學甲→化學→物理,21,7,28,18,10,0,0,28
0053,國立臺灣大學,動物科學技術學系,生物(分科),1.00,化學(分科),1.00,英文(學測),1.00,數學甲(分科),1.00,,,13,189.00,生物(分科),56,,,,,,2,國文(均標),英文(均標),,,生物→化學→英文→數學甲,9,4,13,8,5,0,0,13
0054,國立臺灣大學,農業經濟學系,數學甲(分科),2.00,英文(學測),2.00,自然(學測),1.00,,,,,22,235.00,數學甲(分科),47,,,,,,2,英文(均標),數學A(前標),,,數學甲→英文→自然,17,5,22,15,7,0,0,22
0055,國立臺灣大學,園藝暨景觀學系,英文(學測),1.00,生物(分科),1.50,國文(學測),1.00,化學(分科),1.00,數學A(學測),1.00,25,262.00,英文(學測),54,287.80,,,,,2,國文(均標),英文(均標),,,英文→生物→國文→化學→數學A,20,4,24,9,15,1,0,25
0056,國立臺灣大學,獸醫學系,英文(學測),1.00,生物(分科),1.00,化學(分科),1.00,國文(學測),1.00,數學甲(分科),1.00,25,261.00,英文(學測),57,271.35,,,,,2,國文(前標),自然(前標),,,英文→生物→化學→國文→數學甲,22,2,24,10,14,1,0,25
0057,國立臺灣大學,生物產業傳播暨發展學系,英文(學測),1.50,國文(學測),1.50,數學A(學測),1.50,地理(分科),1.00,歷史(分科),1.00,26,315.50,英文(學測),49,,,,,,2,,,,,英文→國文→數學A→地理→歷史,18,8,26,11,15,0,0,26
0060,國立臺灣大學,生物機電工程學系,數學甲(分科),1.00,物理(分科),1.00,化學(分科),1.00,英文(學測),1.00,國文(學測),1.00,20,248.00,數學甲(分科),51,,,,,,2,國文(均標),英文(均標),,,數學甲→物理→化學→英文→國文,20,0,20,17,3,0,0,20
0061,國立臺灣大學,昆蟲學系,生物(分科),2.00,化學(分科),1.50,英文(學測),1.00,數學甲(分科),1.00,物理(分科),1.00,20,281.00,,,318.85,,,,,2,國文(均標),英文(前標),,,生物→化學→英文→數學甲→物理,12,7,19,11,8,0,1,20
0062,國立臺灣大學,植物病理與微生物學系,生物(分科),1.00,化學(分科),1.00,數學甲(分科),1.00,英文(學測),1.00,國文(學測),1.00,19,237.00,生物(分科),49,,,,,,2,國文(前標),英文(前標),,,生物→化學→數學甲→英文→國文,15,4,19,5,14,0,0,19
0063,國立臺灣大學,工商管理學系企業管理組A組,數學甲(分科),1.00,英文(學測),1.00,地理(分科),1.00,歷史(分科),1.00,數學A(學測),1.00,16,247.00,數學甲(分科),43,,,,,,2,,,,,數學甲→英文→地理→歷史→數學A,9,7,16,12,4,0,0,16
0064,國立臺灣大學,工商管理學系企業管理組B組,數學A(學測),1.00,英文(學測),1.00,地理(分科),1.00,歷史(分科),1.00,公民與社會(分科),1.00,16,262.00,數學A(學測),47,292.95,,,,,2,,,,,數學A→英文→地理→歷史→公民與社會,8,7,15,8,7,0,1,16
0065,國立臺灣大學,工商管理學系科技管理組,數學甲(分科),1.00,英文(學測),1.00,物理(分科),1.00,化學(分科),1.00,數學A(學測),1.00,20,241.00,數學甲(分科),43,,,,,,2,,,,,數學甲→英文→物理→化學→數學A,13,7,20,14,6,0,0,20
0066,國立臺灣大學,會計學系A組,數學甲(分科),1.50,英文(學測),1.50,國文(學測),1.00,,,,,13,210.50,,,,,,,,2,,,,,數學甲→英文→國文,12,1,13,3,10,0,0,13
0067,國立臺灣大學,會計學系B組,英文(學測),1.50,國文(學測),1.25,數學A(學測),1.25,公民與社會(分科),1.00,地理(分科),1.00,45,309.25,,,398.55,,,,,2,數學A(前標),,,,英文→國文→數學A→公民與社會→地理,40,4,44,12,32,0,1,45
0070,國立臺灣大學,財務金融學系A組,數學甲(分科),2.00,英文(學測),1.50,國文(學測),1.00,,,,,24,240.00,,,,,,,,2,數學A(前標),,,,數學甲→英文→國文,23,1,24,15,9,0,0,24
0071,國立臺灣大學,財務金融學系B組,英文(學測),1.50,公民與社會(分科),1.00,地理(分科),1.00,歷史(分科),1.00,,,26,254.00,英文(學測),56,328.55,,,,,2,數學A(前標),,,,英文→公民與社會→地理→歷史,24,1,25,14,11,0,1,26
0072,國立臺灣大學,國際企業學系A組,英文(學測),2.00,數學甲(分科),1.00,公民與社會(分科),1.00,,,,,8,212.00,,,,,,,,2,數學A(前標),,,,英文→數學甲→公民與社會,8,0,8,5,3,0,0,8
0073,國立臺灣大學,國際企業學系B組,英文(學測),2.00,數學A(學測),1.00,地理(分科),1.00,歷史(分科),1.00,公民與社會(分科),1.00,27,320.00,,,338.00,,,,,2,,,,,英文→數學A→地理→歷史→公民與社會,25,1,26,8,18,1,0,27
0074,國立臺灣大學,資訊管理學系,數學甲(分科),1.50,英文(學測),1.00,物理(分科),1.00,化學(分科),1.00,,,12,244.00,數學甲(分科),60,,,,,,2,,,,,數學甲→英文→物理→化學,13,-1,12,10,2,0,0,12
0075,國立臺灣大學,公共衛生學系A組,數學甲(分科),1.25,英文(學測),1.25,化學(分科),1.00,生物(分科),1.00,物理(分科),1.00,13,263.50,數學甲(分科),46,,,,,,2,,,,,數學甲→英文→化學→生物→物理,7,6,13,7,6,0,0,13
0076,國立臺灣大學,公共衛生學系B組,數學A(學測),1.25,英文(學測),1.25,公民與社會(分科),1.25,國文(學測),1.00,,,7,235.00,,,248.40,,,,,2,,,,,數學A→英文→公民與社會→國文,4,2,6,1,5,0,1,7
0077,國立臺灣大學,電機工程學系,數學甲(分科),1.00,物理(分科),1.00,化學(分科),1.00,英文(學測),1.00,,,47,229.00,,,264.60,,,,,2,,,,,數學甲→物理→化學→英文,44,1,45,41,4,1,1,47
0100,國立臺灣大學,資訊工程學系,數學甲(分科),1.25,物理(分科),1.00,化學(分科),1.00,英文(學測),1.00,,,34,238.50,,,289.85,,,,,3,,,,,數學甲→物理→化學→英文,33,0,33,30,3,1,0,34
0101,國立臺灣大學,法律學系法學組,英文(學測),1.00,國文(學測),1.00,數學B(學測),1.00,公民與社會(分科),1.25,歷史(分科),1.00,32,285.00,英文(學測),52,,,,,,3,國文(頂標),英文(頂標),,,英文→國文→數學B→公民與社會→歷史,23,9,32,18,14,0,0,32
0102,國立臺灣大學,法律學系司法組,英文(學測),1.00,國文(學測),1.00,數學B(學測),1.00,公民與社會(分科),1.25,歷史(分科),1.00,26,288.25,,,,,,,,3,國文(頂標),英文(頂標),,,英文→國文→數學B→公民與社會→歷史,23,3,26,16,10,0,0,26
0103,國立臺灣大學,法律學系財經法學組,英文(學測),1.00,國文(學測),1.00,數學B(學測),1.00,公民與社會(分科),1.25,歷史(分科),1.00,25,292.00,,,310.90,,,,,3,國文(頂標),英文(頂標),,,英文→國文→數學B→公民與社會→歷史,24,0,24,16,8,0,1,25
0104,國立臺灣大學,生命科學系,生物(分科),1.00,英文(學測),1.00,化學(分科),1.00,數學甲(分科),1.00,物理(分科),1.00,13,243.00,生物(分科),56,,,,,,3,,,,,生物→英文→化學→數學甲→物理,13,0,13,11,2,0,0,13
0105,國立臺灣大學,生化科技學系,化學(分科),1.00,數學甲(分科),1.00,物理(分科),1.00,生物(分科),1.00,英文(學測),1.00,22,241.00,化學(分科),51,,,,,,3,,,,,化學→數學甲→物理→生物→英文,11,11,22,13,9,0,0,22
0106,國立臺灣大學,國際體育運動事務學士學位學程,英文(學測),2.00,國文(學測),1.25,數學B(學測),1.00,公民與社會(分科),1.00,,,2,265.00,,,,,,,,3,國文(均標),英文(均標),,,英文→國文→數學B→公民與社會,2,0,2,0,2,0,0,2
0107,國立臺灣師範大學,教育學系,英文(學測),1.50,國文(學測),1.50,歷史(分科),1.00,地理(分科),1.00,數學B(學測),1.00,23,275.00,英文(學測),47,287.35,,,,,3,,,,,英文→國文→歷史→地理→數學B,17,5,22,7,15,1,0,23
0110,國立臺灣師範大學,教育心理與輔導學系,英文(學測),1.25,數學B(學測),1.25,國文(學測),1.00,公民與社會(分科),1.00,歷史(分科),1.00,8,278.75,,,318.20,,,309.00,,3,,,,,英文→數學B→國文→公民與社會→歷史,6,0,6,3,3,0,2,8
0111,國立臺灣師範大學,社會教育學系,公民與社會(分科),1.50,國文(學測),1.50,英文(學測),1.50,歷史(分科),1.00,地理(分科),1.00,26,311.00,,,,,,,,3,國文(前標),社會(前標),,,公民與社會→國文→英文→歷史→地理,14,12,26,7,19,0,0,26
0112,國立臺灣師範大學,健康促進與衛生教育學系,英文(學測),1.50,生物(分科),1.50,數學甲(分科),1.00,國文(學測),1.00,,,18,213.00,,,238.15,,,,,3,,,,,英文→生物→數學甲→國文,7,10,17,5,12,1,0,18
0113,國立臺灣師範大學,幼兒與家庭科學學系家庭生活與教育組,英文(學測),2.00,數學B(學測),2.00,國文(學測),1.75,公民與社會(分科),1.00,,,5,290.75,英文(學測),42,,,,,,3,,,,,英文→數學B→國文→公民與社會,5,0,5,1,4,0,0,5
0114,國立臺灣師範大學,幼兒與家庭科學學系幼兒發展與教育組,英文(學測),2.00,國文(學測),2.00,數學B(學測),1.75,公民與社會(分科),1.00,,,7,295.50,,,,,,,,3,,,,,英文→國文→數學B→公民與社會,6,1,7,2,5,0,0,7
0115,國立臺灣師範大學,公民教育與活動領導學系,公民與社會(分科),2.00,國文(學測),1.25,英文(學測),1.25,數學B(學測),1.00,,,40,248.00,,,256.10,,,,,3,,,,,公民與社會→國文→英文→數學B,27,11,38,10,28,1,1,40
0116,國立臺灣師範大學,特殊教育學系,國文(學測),1.25,英文(學測),1.25,公民與社會(分科),1.00,,,,,13,169.75,國文(學測),53,,,,,,3,,,,,國文→英文→公民與社會,12,1,13,3,10,0,0,13
0117,國立臺灣師範大學,學習科學學士學位學程,數學甲(分科),2.00,國文(學測),1.50,英文(學測),1.50,,,,,6,223.50,,,,,,,,3,,,,,數學甲→國文→英文,4,2,6,2,4,0,0,6
0120,國立臺灣師範大學,教育學院學士班,英文(學測),1.25,國文(學測),1.00,公民與社會(分科),1.00,,,,,6,160.50,,,,,,,,3,數學A(均標) 或 數學B(均標),,,,英文→國文→公民與社會,5,1,6,2,4,0,0,6
0121,國立臺灣師範大學,國文學系,國文(學測),2.00,英文(學測),1.50,歷史(分科),1.00,地理(分科),1.00,,,44,263.00,國文(學測),51,273.50,,,,,3,,,,,國文→英文→歷史→地理,28,15,43,15,28,0,1,44
0122,國立臺灣師範大學,英語學系,英文(學測),2.00,國文(學測),1.50,數學B(學測),1.00,歷史(分科),1.00,地理(分科),1.00,32,299.00,,,,,,,,3,,,,,英文→國文→數學B→歷史→地理,18,14,32,6,26,0,0,32
0123,國立臺灣師範大學,歷史學系,歷史(分科),1.50,國文(學測),1.25,英文(學測),1.25,地理(分科),1.00,數學B(學測),1.00,33,269.00,歷史(分科),55,269.45,,,,,3,,,,,歷史→國文→英文→地理→數學B,23,9,32,16,16,1,0,33
0124,國立臺灣師範大學,地理學系,地理(分科),1.50,英文(學測),1.25,歷史(分科),1.00,數學B(學測),1.00,國文(學測),1.00,23,262.00,,,262.85,,,,,3,,,,,地理→英文→歷史→數學B→國文,21,1,22,14,8,0,1,23
0125,國立臺灣師範大學,臺灣語文學系,英文(學測),1.50,公民與社會(分科),1.50,國文(學測),1.00,歷史(分科),1.50,地理(分科),1.00,9,308.50,,,,,,,,3,,,,,英文→公民與社會→國文→歷史→地理,7,2,9,2,7,0,0,9
0126,國立臺灣師範大學,數學系,數學甲(分科),2.00,英文(學測),1.00,物理(分科),1.00,,,,,40,159.00,數學甲(分科),39,,,,,,3,,,,,數學甲→英文→物理,26,14,40,30,10,0,0,40
0127,國立臺灣師範大學,物理學系,物理(分科),1.50,數學甲(分科),1.25,英文(學測),1.00,,,,,15,163.50,,,,,,,,3,,,,,物理→數學甲→英文,12,3,15,15,0,0,0,15
0130,國立臺灣師範大學,化學系,化學(分科),1.75,物理(分科),1.50,數學甲(分科),1.25,英文(學測),1.00,,,36,233.50,,,,,,,,3,,,,,化學→物理→數學甲→英文,26,10,36,29,7,0,0,36
0131,國立臺灣師範大學,生命科學系,生物(分科),1.50,化學(分科),1.25,英文(學測),1.25,數學A(學測),1.00,國文(學測),1.00,35,265.25,,,303.55,,,,,3,,,,,生物→化學→英文→數學A→國文,21,13,34,13,21,0,1,35
0132,國立臺灣師範大學,地球科學系,數學甲(分科),2.00,物理(分科),2.00,化學(分科),1.50,英文(學測),1.00,,,14,253.50,,,,,,,,3,,,,,數學甲→物理→化學→英文,7,7,14,12,2,0,0,14
0133,國立臺灣師範大學,資訊工程學系,數學甲(分科),1.50,英文(學測),1.50,物理(分科),1.00,國文(學測),1.00,化學(分科),1.00,11,277.50,數學甲(分科),42,,,,,,3,,,,,數學甲→英文→物理→國文→化學,11,0,11,9,2,0,0,11
0134,國立臺灣師範大學,營養科學學士學位學程,化學(分科),1.50,生物(分科),1.50,英文(學測),1.50,數學A(學測),1.00,國文(學測),1.00,16,280.00,化學(分科),35,,,,,,3,,,,,化學→生物→英文→數學A→國文,12,4,16,6,10,0,0,16
0135,國立臺灣師範大學,工業教育學系,數學甲(分科),1.50,英文(學測),1.00,國文(學測),1.00,,,,,1,160.50,,,,,,,,3,,,,,數學甲→英文→國文,1,0,1,1,0,0,0,1
0136,國立臺灣師範大學,科技應用與人力資源發展學系,數學甲(分科),1.25,英文(學測),1.25,物理(分科),1.00,化學(分科),1.00,國文(學測),1.00,12,228.25,,,,,,,,3,,,,,數學甲→英文→物理→化學→國文,9,3,12,6,6,0,0,12
0137,國立臺灣師範大學,圖文傳播學系,英文(學測),1.25,國文(學測),1.25,數學甲(分科),1.00,物理(分科),1.00,化學(分科),1.00,13,221.75,,,,,,,,3,,,,,英文→國文→數學甲→物理→化學,10,3,13,6,7,0,0,13
0140,國立臺灣師範大學,機電工程學系,數學甲(分科),2.00,物理(分科),2.00,英文(學測),1.50,化學(分科),1.00,國文(學測),1.00,15,325.00,,,,,,,,3,,,,,數學甲→物理→英文→化學→國文,12,3,15,12,3,0,0,15
0141,國立臺灣師範大學,電機工程學系,數學甲(分科),1.00,物理(分科),1.00,英文(學測),1.00,化學(分科),1.00,國文(學測),1.00,16,234.00,數學甲(分科),44,,,,,,4,,,,,數學甲→物理→英文→化學→國文,11,5,16,14,2,0,0,16
0142,國立臺灣師範大學,車輛與能源工程學士學位學程,數學A(學測),1.50,物理(分科),1.50,英文(學測),1.00,國文(學測),1.00,,,4,221.50,,,,,,,,4,,,,,數學A→物理→英文→國文,4,0,4,3,1,0,0,4
0143,國立臺灣師範大學,光電工程學士學位學程,物理(分科),2.00,數學A(學測),2.00,化學(分科),1.50,英文(學測),1.00,國文(學測),1.00,12,338.00,物理(分科),51,,,,,,4,,,,,物理→數學A→化學→英文→國文,11,1,12,12,0,0,0,12
0144,國立臺灣師範大學,華語文教學系應用華語文學組,英文(學測),2.00,國文(學測),2.00,歷史(分科),1.00,,,,,11,247.00,英文(學測),55,,,,,,4,,,,,英文→國文→歷史,10,1,11,0,11,0,0,11
0145,國立臺灣師範大學,東亞學系,英文(學測),2.00,國文(學測),1.50,數學B(學測),1.00,公民與社會(分科),1.00,歷史(分科),1.00,15,295.50,英文(學測),54,,,,,,4,,,,,英文→國文→數學B→公民與社會→歷史,10,5,15,6,9,0,0,15
0146,國立臺灣師範大學,企業管理學系,英文(學測),2.00,國文(學測),1.50,公民與社會(分科),1.00,,,,,25,217.00,,,,,,,,4,數學A(均標) 或 數學B(前標),,,,英文→國文→公民與社會,15,10,25,5,20,0,0,25
0147,國立臺灣師範大學,設計學系產品設計組,英文(學測),2.00,國文(學測),2.00,數學B(學測),2.00,自然(學測),1.00,物理(分科),1.00,9,359.00,,,,,,,,4,,,,,英文→國文→數學B→自然→物理,5,4,9,5,4,0,0,9
0150,國立臺灣師範大學,音樂學系,音樂(術科),2.00,英文(學測),1.00,國文(學測),1.00,歷史(分科),1.00,,,3,285.82,,,,,,,,4,,,,,術科→英文→國文→歷史,1,2,3,0,3,0,0,3
0151,國立臺灣師範大學,表演藝術學士學位學程,國文(學測),1.75,歷史(分科),1.50,英文(學測),1.25,,,,,5,215.75,,,,,,,,4,,,,,國文→歷史→英文,1,4,5,1,4,0,0,5
0152,國立臺灣師範大學,設計學系視覺設計組,美術(術科),2.00,英文(學測),1.75,國文(學測),1.75,歷史(分科),1.00,,,5,357.60,,,,,,,,4,,,,,術科→英文→國文→歷史,4,1,5,0,5,0,0,5
0153,國立臺灣師範大學,美術學系繪畫組,美術(術科),1.50,國文(學測),1.00,英文(學測),1.00,歷史(分科),1.00,,,7,252.24,,,260.86,,,301.50,,4,,,,,術科→國文→英文→歷史,4,1,5,0,5,1,1,7
0154,國立臺灣師範大學,美術學系水墨畫組,美術(術科),1.50,國文(學測),1.00,英文(學測),1.00,歷史(分科),1.00,,,5,242.75,,,,,,,,4,,,,,術科→國文→英文→歷史,4,1,5,2,3,0,0,5
0155,國立臺灣師範大學,體育與運動科學系,英文(學測),2.00,生物(分科),1.50,國文(學測),1.50,數學B(學測),1.00,,,7,261.00,,,,,,,,4,,,,,英文→生物→國文→數學B,5,2,7,4,3,0,0,7
0156,國立中興大學,中國文學系,國文(學測),2.00,英文(學測),1.50,歷史(分科),1.25,,,,,25,215.25,國文(學測),51,,,,,,4,,,,,國文→英文→歷史,18,7,25,7,18,0,0,25
0157,國立中興大學,外國語文學系,英文(學測),2.00,國文(學測),1.00,歷史(分科),1.00,,,,,34,189.00,,,,,,,,4,,,,A級,英文→國文→歷史,19,15,34,14,20,0,0,34
0160,國立中興大學,歷史學系,歷史(分科),1.50,國文(學測),1.00,英文(學測),1.00,地理(分科),1.00,,,26,209.00,,,215.25,,,,,4,,,,,歷史→國文→英文→地理,15,9,24,16,8,2,0,26
0161,國立中興大學,台灣人文創新學士學位學程,國文(學測),2.00,歷史(分科),1.50,英文(學測),1.00,地理(分科),1.50,,,4,287.50,,,,,,,,4,,,,,國文→歷史→英文→地理,4,0,4,1,3,0,0,4
0162,國立中興大學,財務金融學系,英文(學測),2.00,數學甲(分科),2.00,國文(學測),1.00,,,,,31,220.00,英文(學測),51,226.80,,,,,4,,,,,英文→數學甲→國文,17,13,30,24,6,1,0,31
0163,國立中興大學,企業管理學系,英文(學測),2.00,數學B(學測),2.00,國文(學測),1.00,公民與社會(分科),1.00,,,30,260.00,英文(學測),45,,,,,,4,英文(均標),數學B(均標),,,英文→數學B→國文→公民與社會,10,20,30,19,11,0,0,30
0164,國立中興大學,資訊管理學系,數學甲(分科),2.00,英文(學測),2.00,國文(學測),1.00,,,,,23,222.00,數學甲(分科),45,,,,,,4,,,,,數學甲→英文→國文,14,9,23,14,9,0,0,23
0165,國立中興大學,會計學系,數學A(學測),2.00,英文(學測),2.00,國文(學測),1.00,公民與社會(分科),1.00,,,26,255.00,數學A(學測),45,,,,,,4,,,,,數學A→英文→國文→公民與社會,10,16,26,12,14,0,0,26
0166,國立中興大學,行銷學系,國文(學測),2.00,英文(學測),1.00,歷史(分科),1.00,地理(分科),1.00,,,22,238.00,國文(學測),55,,,,,,4,數學A(均標) 或 數學B(前標),,,B級,國文→英文→歷史→地理,11,11,22,7,15,0,0,22
0167,國立中興大學,應用經濟學系,英文(學測),2.00,數學甲(分科),1.50,國文(學測),1.00,,,,,32,196.00,英文(學測),51,,,,,,4,,,,,英文→數學甲→國文,17,15,32,17,15,0,0,32
0170,國立中興大學,法律學系,國文(學測),1.50,英文(學測),1.00,數學B(學測),1.00,公民與社會(分科),1.50,歷史(分科),1.00,21,290.00,,,296.75,,,,,4,,,,,國文→英文→數學B→公民與社會→歷史,9,11,20,10,10,0,1,21
0171,國立中興大學,化學系,化學(分科),2.00,數學甲(分科),2.00,英文(學測),1.50,物理(分科),1.00,國文(學測),1.00,25,325.50,,,,,,,,4,,,,,化學→數學甲→英文→物理→國文,20,5,25,19,6,0,0,25
0172,國立中興大學,物理學系一般物理組,物理(分科),1.50,數學甲(分科),1.50,英文(學測),1.50,化學(分科),1.00,國文(學測),1.00,13,280.50,,,,,,,,4,,,,,物理→數學甲→英文→化學→國文,9,4,13,10,3,0,0,13
0173,國立中興大學,物理學系光電物理組,物理(分科),1.50,數學甲(分科),1.50,英文(學測),1.50,化學(分科),1.00,國文(學測),1.00,13,286.50,物理(分科),50,,,,,,4,,,,,物理→數學甲→英文→化學→國文,7,6,13,11,2,0,0,13
0174,國立中興大學,應用數學系應用數學組,數學甲(分科),2.00,英文(學測),1.50,物理(分科),1.50,國文(學測),1.00,化學(分科),1.00,19,281.00,數學甲(分科),47,,,,,,4,,,,,數學甲→英文→物理→國文→化學,15,4,19,14,5,0,0,19
0175,國立中興大學,應用數學系數據科學與計算組,數學甲(分科),2.00,英文(學測),1.50,物理(分科),1.50,國文(學測),1.00,化學(分科),1.00,22,284.50,,,,,,,,4,,,,,數學甲→英文→物理→國文→化學,14,8,22,14,8,0,0,22
0176,國立中興大學,機械工程學系,數學甲(分科),2.00,物理(分科),2.00,英文(學測),1.50,化學(分科),1.00,國文(學測),1.00,41,319.00,數學甲(分科),43,,,,,,4,,,,,數學甲→物理→英文→化學→國文,31,10,41,36,5,0,0,41
0177,國立中興大學,土木工程學系,數學A(學測),2.00,物理(分科),2.00,英文(學測),1.50,國文(學測),1.00,,,43,273.50,數學A(學測),48,,,,,,4,,,,,數學A→物理→英文→國文,24,19,43,33,10,0,0,43
0200,國立中興大學,環境工程學系,化學(分科),1.50,數學甲(分科),1.50,物理(分科),1.50,英文(學測),1.00,國文(學測),1.00,12,266.50,,,,,,,,4,,,,,化學→數學甲→物理→英文→國文,8,4,12,7,5,0,0,12
0201,國立中興大學,化學工程學系,物理(分科),1.00,化學(分科),1.00,數學甲(分科),1.00,英文(學測),1.00,國文(學測),1.00,32,222.00,物理(分科),47,,,,,,4,,,,,物理→化學→數學甲→英文→國文,26,6,32,18,14,0,0,32
0202,國立中興大學,材料科學與工程學系,物理(分科),1.00,化學(分科),1.00,英文(學測),1.00,數學甲(分科),1.00,國文(學測),1.00,27,226.00,物理(分科),42,,,,,,5,,,,,物理→化學→英文→數學甲→國文,20,7,27,19,8,0,0,27
0203,國立中興大學,智慧創意工程學士學位學程,數學甲(分科),1.50,英文(學測),1.00,物理(分科),1.00,國文(學測),1.00,化學(分科),1.00,3,242.00,,,,,,,,5,,,,,數學甲→英文→物理→國文→化學,3,0,3,1,2,0,0,3
0204,國立中興大學,電機工程學系甲組,數學甲(分科),1.00,物理(分科),1.00,英文(學測),1.00,化學(分科),1.00,國文(學測),1.00,4,252.00,,,253.80,,,,,5,國文(均標),,,,數學甲→物理→英文→化學→國文,3,0,3,2,1,1,0,4
0205,國立中興大學,電機工程學系乙組,數學甲(分科),1.00,物理(分科),1.00,英文(學測),1.25,化學(分科),1.00,國文(學測),1.00,22,257.00,,,,,,,,5,,,,,數學甲→物理→英文→化學→國文,8,14,22,19,3,0,0,22
0206,國立中興大學,資訊工程學系,數學甲(分科),1.25,物理(分科),1.00,英文(學測),1.00,化學(分科),1.00,,,19,200.75,,,,,,,,5,國文(均標),,,,數學甲→物理→英文→化學,11,8,19,18,1,0,0,19
0207,國立中興大學,電機資訊學院學士班,數學甲(分科),1.00,物理(分科),1.00,英文(學測),1.00,化學(分科),1.00,國文(學測),1.00,15,239.00,數學甲(分科),40,,,,,,5,,,,,數學甲→物理→英文→化學→國文,7,8,15,11,4,0,0,15
0210,國立中興大學,生物產業機電工程學系,數學甲(分科),1.00,物理(分科),1.00,化學(分科),1.00,英文(學測),1.00,國文(學測),1.00,40,208.00,,,,,,,,5,,,,,數學甲→物理→化學→英文→國文,22,18,40,27,13,0,0,40
0211,國立中興大學,水土保持學系,數學甲(分科),2.00,物理(分科),2.00,英文(學測),1.50,國文(學測),1.00,,,34,246.50,數學甲(分科),33,,,,,,5,,,,,數學甲→物理→英文→國文,18,16,34,26,8,0,0,34
0212,國立中興大學,食品暨應用生物科技學系,英文(學測),1.50,化學(分科),1.50,生物(分科),1.50,數學A(學測),1.00,國文(學測),1.00,25,273.00,,,,,,,,5,,,,,英文→化學→生物→數學A→國文,12,13,25,9,16,0,0,25
0213,國立中興大學,農藝學系,英文(學測),1.50,生物(分科),1.50,化學(分科),1.50,國文(學測),1.00,,,22,216.00,英文(學測),39,,,,,,5,數學A(均標) 或 數學B(均標),,,,英文→生物→化學→國文,17,5,22,6,16,0,0,22
0214,國立中興大學,園藝學系,生物(分科),2.00,化學(分科),1.50,英文(學測),1.50,數學B(學測),1.00,國文(學測),1.00,17,269.00,,,,,,,,5,,,,B級,生物→化學→英文→數學B→國文,14,3,17,5,12,0,0,17
0215,國立中興大學,森林學系林學組,英文(學測),1.50,生物(分科),1.50,化學(分科),1.00,物理(分科),1.00,數學B(學測),1.00,10,221.50,英文(學測),36,,,,,,5,,,,,英文→生物→化學→物理→數學B,8,2,10,8,2,0,0,10
0216,國立中興大學,森林學系木材科學組,英文(學測),1.50,化學(分科),1.50,物理(分科),1.25,生物(分科),1.00,數學B(學測),1.00,11,220.00,,,,,,,,5,,,,,英文→化學→物理→生物→數學B,7,4,11,8,3,0,0,11
0217,國立中興大學,植物病理學系,生物(分科),1.50,化學(分科),1.50,英文(學測),1.50,國文(學測),1.00,數學A(學測),1.00,24,266.00,,,,,,,,5,,,,,生物→化學→英文→國文→數學A,16,8,24,10,14,0,0,24
0220,國立中興大學,昆蟲學系,生物(分科),1.50,化學(分科),1.50,英文(學測),1.50,國文(學測),1.00,,,30,213.00,,,,,,,,5,數學A(均標) 或 數學B(均標),,,,生物→化學→英文→國文,16,14,30,17,13,0,0,30
0221,國立中興大學,動物科學系,生物(分科),1.50,化學(分科),1.50,英文(學測),1.50,數學A(學測),1.00,國文(學測),1.00,21,284.00,,,,,,,,5,,,,B級,生物→化學→英文→數學A→國文,10,11,21,11,10,0,0,21
0222,國立中興大學,土壤環境科學系,英文(學測),2.00,化學(分科),2.00,生物(分科),2.00,物理(分科),1.00,,,21,254.00,英文(學測),33,,,,,,5,數學A(均標) 或 數學B(均標),,,,英文→化學→生物→物理,15,6,21,13,8,0,0,21
0223,國立中興大學,生物科技學士學位學程,英文(學測),1.50,化學(分科),1.50,生物(分科),1.50,國文(學測),1.00,數學甲(分科),1.00,9,284.00,,,,,,,,5,,,,,英文→化學→生物→國文→數學甲,7,2,9,5,4,0,0,9
0224,國立中興大學,景觀與遊憩學士學位學程,英文(學測),1.50,國文(學測),1.00,物理(分科),1.00,,,,,6,148.50,,,,,,,,5,數學A(均標) 或 數學B(均標),,,,英文→國文→物理,4,2,6,2,4,0,0,6
0225,國立中興大學,國際農企業學士學位學程,英文(學測),1.75,數學甲(分科),1.50,生物(分科),1.50,,,,,8,181.75,,,,,,,,5,,,,,英文→數學甲→生物,6,2,8,3,5,0,0,8
0226,國立中興大學,生命科學系(自費),生物(分科),1.75,化學(分科),1.75,英文(學測),1.00,,,,,21,202.75,,,,,,,,5,,,,,生物→化學→英文,16,5,21,9,12,0,0,21
0227,國立中興大學,生命科學系(公費),生物(分科),1.75,化學(分科),1.75,英文(學測),1.00,,,,,1,238.50,,,,,,,,5,,,,,生物→化學→英文,1,0,1,1,0,0,0,1
0230,國立中興大學,獸醫學系,英文(學測),1.50,化學(分科),1.50,生物(分科),1.50,數學甲(分科),1.00,,,29,278.50,,,,,,,,5,,,,B級,英文→化學→生物→數學甲,27,2,29,15,14,0,0,29
0231,國立成功大學,中國文學系,國文(學測),1.50,英文(學測),1.00,歷史(分科),1.00,,,,,35,168.50,國文(學測),51,186.20,,,,,5,,,,,國文→英文→歷史,30,4,34,8,26,0,1,35
0232,國立成功大學,外國語文學系,英文(學測),2.00,國文(學測),1.50,歷史(分科),1.00,地理(分科),1.00,數學B(學測),1.25,40,297.00,,,,,,,,5,數學B(均標),,,A級,英文→國文→歷史→地理→數學B,28,12,40,13,27,0,0,40
0233,國立成功大學,歷史學系,歷史(分科),1.50,國文(學測),1.25,地理(分科),1.25,數學B(學測),1.00,,,45,238.00,歷史(分科),55,253.05,,,,,5,,,,,歷史→國文→地理→數學B,27,16,43,30,13,1,1,45
0234,國立成功大學,台灣文學系,國文(學測),1.50,英文(學測),1.50,歷史(分科),1.00,數學B(學測),1.00,地理(分科),1.00,23,262.00,,,,,,,,5,英文(均標),,,,國文→英文→歷史→數學B→地理,18,5,23,6,17,0,0,23
0235,國立成功大學,數學系,數學甲(分科),2.00,物理(分科),1.50,英文(學測),1.50,化學(分科),1.00,國文(學測),1.00,27,307.00,數學甲(分科),45,,,,,,5,,,,,數學甲→物理→英文→化學→國文,15,12,27,20,7,0,0,27
0236,國立成功大學,物理學系,物理(分科),1.00,數學甲(分科),1.00,數學A(學測),1.00,英文(學測),1.00,化學(分科),1.00,20,236.00,物理(分科),51,245.30,,,,,5,,,,,物理→數學甲→數學A→英文→化學,12,7,19,19,0,1,0,20
0237,國立成功大學,化學系,化學(分科),1.50,數學甲(分科),1.25,物理(分科),1.25,英文(學測),1.00,國文(學測),1.00,21,280.75,,,,,,,,5,,,,,化學→數學甲→物理→英文→國文,18,3,21,15,6,0,0,21
0240,國立成功大學,地球科學系,數學甲(分科),1.00,物理(分科),1.00,化學(分科),1.00,英文(學測),1.00,國文(學測),1.00,24,215.00,數學甲(分科),35,,,,,,5,,,,,數學甲→物理→化學→英文→國文,14,10,24,17,7,0,0,24
0241,國立成功大學,光電科學與工程學系,物理(分科),1.00,數學甲(分科),1.00,英文(學測),1.00,化學(分科),1.00,國文(學測),1.00,28,240.00,物理(分科),44,,,,,,5,,,,,物理→數學甲→英文→化學→國文,25,3,28,25,3,0,0,28
0242,國立成功大學,機械工程學系,數學甲(分科),2.00,物理(分科),2.00,英文(學測),1.00,,,,,88,226.00,數學甲(分科),45,,,,,,5,國文(均標),數學A(均標),,,數學甲→物理→英文,65,23,88,77,11,0,0,88
0243,國立成功大學,機械工程學系(普渡雙聯組),數學甲(分科),1.00,物理(分科),1.00,英文(學測),1.00,,,,,4,150.00,,,,,,,,6,數學A(均標),,,A級,數學甲→物理→英文,1,3,4,3,1,0,0,4
0244,國立成功大學,化學工程學系,數學甲(分科),1.25,化學(分科),1.25,物理(分科),1.25,英文(學測),1.00,國文(學測),1.00,103,269.25,,,,,,,,6,,,,,數學甲→化學→物理→英文→國文,70,33,103,80,23,0,0,103
0245,國立成功大學,材料科學及工程學系,物理(分科),1.50,化學(分科),1.50,數學甲(分科),1.00,,,,,61,196.00,物理(分科),51,,,,,,6,國文(前標),英文(前標),,,物理→化學→數學甲,35,26,61,50,11,0,0,61
0246,國立成功大學,資源工程學系,數學甲(分科),1.00,物理(分科),1.00,化學(分科),1.00,英文(學測),1.00,國文(學測),1.00,27,225.00,數學甲(分科),37,,,,,,6,,,,,數學甲→物理→化學→英文→國文,21,6,27,19,8,0,0,27
0247,國立成功大學,土木工程學系,數學A(學測),1.00,數學甲(分科),1.00,物理(分科),1.00,英文(學測),1.00,國文(學測),1.00,71,219.00,數學A(學測),50,220.00,,,,,6,,,,,數學A→數學甲→物理→英文→國文,50,20,70,56,14,0,1,71
0250,國立成功大學,水利及海洋工程學系,數學甲(分科),1.75,物理(分科),1.50,英文(學測),1.25,國文(學測),1.00,,,19,239.00,,,,,,,,6,,,,,數學甲→物理→英文→國文,17,2,19,11,8,0,0,19
0251,國立成功大學,工程科學系,數學甲(分科),1.00,物理(分科),1.00,英文(學測),1.00,化學(分科),1.00,國文(學測),1.00,24,244.00,,,,,,,,6,,,,,數學甲→物理→英文→化學→國文,21,3,24,23,1,0,0,24
0252,國立成功大學,系統及船舶機電工程學系,數學甲(分科),1.00,物理(分科),1.00,英文(學測),1.00,化學(分科),1.00,國文(學測),1.00,20,228.00,,,,,,,,6,,,,,數學甲→物理→英文→化學→國文,18,2,20,12,8,0,0,20
0253,國立成功大學,航空太空工程學系,數學甲(分科),1.00,物理(分科),1.00,英文(學測),1.00,國文(學測),1.00,,,27,188.00,數學甲(分科),42,194.40,,,,,6,,,,,數學甲→物理→英文→國文,20,6,26,19,7,0,1,27
0254,國立成功大學,環境工程學系,數學甲(分科),1.00,物理(分科),1.00,化學(分科),1.00,英文(學測),1.00,國文(學測),1.00,33,220.00,數學甲(分科),40,232.20,,,,,6,,,,,數學甲→物理→化學→英文→國文,19,13,32,25,7,1,0,33
0255,國立成功大學,測量及空間資訊學系,數學甲(分科),2.00,物理(分科),2.00,英文(學測),2.00,國文(學測),1.00,,,22,299.00,數學甲(分科),45,,,,,,6,,,,,數學甲→物理→英文→國文,15,7,22,19,3,0,0,22
0256,國立成功大學,生物醫學工程學系,數學甲(分科),1.00,物理(分科),1.00,英文(學測),1.00,化學(分科),1.00,國文(學測),1.00,20,233.00,數學甲(分科),43,,,,,,6,,,,,數學甲→物理→英文→化學→國文,11,9,20,11,9,0,0,20
0257,國立成功大學,工業與資訊管理學系,數學A(學測),1.00,數學甲(分科),1.00,英文(學測),1.00,物理(分科),1.00,化學(分科),1.00,24,227.00,數學A(學測),54,,,,,,6,,,,,數學A→數學甲→英文→物理→化學,17,7,24,17,7,0,0,24
0260,國立成功大學,交通管理科學系,數學甲(分科),1.25,英文(學測),1.25,國文(學測),1.00,物理(分科),1.00,,,22,195.00,,,,,,,,6,,,,,數學甲→英文→國文→物理,21,1,22,13,9,0,0,22
0261,國立成功大學,企業管理學系,英文(學測),2.00,數學B(學測),2.00,國文(學測),1.00,公民與社會(分科),1.00,,,29,287.00,,,,,,,,6,,,,,英文→數學B→國文→公民與社會,24,5,29,10,19,0,0,29
0262,國立成功大學,統計學系,數學甲(分科),1.50,英文(學測),1.50,國文(學測),1.00,,,,,33,184.50,數學甲(分科),40,,,,,,6,,,,,數學甲→英文→國文,27,6,33,14,19,0,0,33
0263,國立成功大學,會計學系,英文(學測),2.00,國文(學測),1.25,公民與社會(分科),1.00,,,,,26,215.00,,,,,,,,6,數學A(均標) 或 數學B(前標),,,,英文→國文→公民與社會,23,3,26,8,18,0,0,26
0264,國立成功大學,醫學系(自費),數學甲(分科),1.00,物理(分科),1.00,化學(分科),1.00,生物(分科),1.00,英文(學測),1.00,22,280.00,數學甲(分科),54,310.50,,,,,6,國文(頂標),,,,數學甲→物理→化學→生物→英文,21,0,21,15,6,1,0,22
0265,國立成功大學,醫學系(公費),數學甲(分科),1.00,物理(分科),1.00,化學(分科),1.00,生物(分科),1.00,英文(學測),1.00,6,260.00,數學甲(分科),50,,,,,,6,國文(頂標),,,,數學甲→物理→化學→生物→英文,5,1,6,5,1,0,0,6
0266,國立成功大學,牙醫學系,數學甲(分科),1.00,英文(學測),1.00,生物(分科),1.00,化學(分科),1.00,物理(分科),1.00,9,271.00,,,,,,,,6,國文(頂標),數學A(頂標),,,數學甲→英文→生物→化學→物理,9,0,9,7,2,0,0,9
0267,國立成功大學,醫學檢驗生物技術學系,英文(學測),1.25,化學(分科),1.25,生物(分科),1.25,數學甲(分科),1.00,國文(學測),1.00,18,276.75,,,,,,,,6,,,,,英文→化學→生物→數學甲→國文,14,4,18,9,9,0,0,18
0270,國立成功大學,護理學系,生物(分科),1.50,英文(學測),1.50,化學(分科),1.00,國文(學測),1.00,數學甲(分科),1.00,21,266.50,生物(分科),50,,,,,,6,,,,,生物→英文→化學→國文→數學甲,13,8,21,6,15,0,0,21
0271,國立成功大學,職能治療學系,英文(學測),1.00,生物(分科),1.00,數學A(學測),1.00,國文(學測),1.00,,,17,202.00,英文(學測),53,207.90,,,,,6,,,,,英文→生物→數學A→國文,11,4,15,4,11,0,2,17
0272,國立成功大學,物理治療學系,英文(學測),1.25,生物(分科),1.00,數學甲(分科),1.00,物理(分科),1.00,國文(學測),1.00,18,255.75,,,264.15,,,,,6,,,,,英文→生物→數學甲→物理→國文,15,2,17,6,11,0,1,18
0273,國立成功大學,藥學系,化學(分科),1.25,生物(分科),1.00,國文(學測),1.00,英文(學測),1.00,數學甲(分科),1.00,15,278.25,化學(分科),57,281.20,,,,,6,,,,,化學→生物→國文→英文→數學甲,8,6,14,5,9,0,1,15
0274,國立成功大學,政治學系,英文(學測),1.25,國文(學測),1.25,公民與社會(分科),1.00,歷史(分科),1.00,,,26,222.75,英文(學測),46,,,,,,6,數學A(均標) 或 數學B(均標),,,,英文→國文→公民與社會→歷史,25,1,26,9,17,0,0,26
0275,國立成功大學,經濟學系(自然組),數學甲(分科),2.00,英文(學測),2.00,國文(學測),1.50,,,,,13,257.50,數學甲(分科),36,,,,,,6,,,,,數學甲→英文→國文,9,4,13,3,10,0,0,13
0276,國立成功大學,經濟學系(社會組),數學A(學測),2.00,公民與社會(分科),2.00,英文(學測),2.00,國文(學測),1.00,,,19,321.00,數學A(學測),38,,,,,,6,,,,,數學A→公民與社會→英文→國文,14,5,19,11,8,0,0,19
0277,國立成功大學,法律學系,公民與社會(分科),1.50,國文(學測),1.50,英文(學測),1.00,歷史(分科),1.00,數學B(學測),1.00,45,294.00,,,299.25,,,,,6,,,,,公民與社會→國文→英文→歷史→數學B,33,11,44,19,25,1,0,45
0300,國立成功大學,心理學系,英文(學測),1.50,數學甲(分科),1.50,生物(分科),1.00,化學(分科),1.00,國文(學測),1.00,37,276.50,英文(學測),55,,,,,,6,,,,,英文→數學甲→生物→化學→國文,24,13,37,14,23,0,0,37
0301,國立成功大學,電機工程學系,數學甲(分科),1.00,物理(分科),1.00,英文(學測),1.00,化學(分科),1.00,,,52,209.00,數學甲(分科),54,,,,,,6,,,,,數學甲→物理→英文→化學,49,3,52,49,3,0,0,52
0302,國立成功大學,電機工程學系(普渡雙聯組),數學甲(分科),1.00,物理(分科),1.00,英文(學測),1.00,化學(分科),1.00,,,5,213.00,數學甲(分科),47,,,,,,6,英文(頂標),,,A級,數學甲→物理→英文→化學,1,4,5,3,2,0,0,5
0303,國立成功大學,資訊工程學系,數學甲(分科),1.00,物理(分科),1.00,英文(學測),1.00,化學(分科),1.00,國文(學測),1.00,48,255.00,數學甲(分科),53,,,,,,7,,,,,數學甲→物理→英文→化學→國文,43,5,48,32,16,0,0,48
0304,國立成功大學,資訊工程學系(普渡雙聯組),數學甲(分科),1.00,英文(學測),1.00,物理(分科),1.00,化學(分科),1.00,國文(學測),1.00,4,259.00,數學甲(分科),49,,,,,,7,英文(前標),,,A級,數學甲→英文→物理→化學→國文,1,3,4,4,0,0,0,4
0305,國立成功大學,建築學系,數學甲(分科),1.25,物理(分科),1.25,英文(學測),1.00,化學(分科),1.00,,,17,206.00,,,,,,,,7,,,,,數學甲→物理→英文→化學,17,0,17,11,6,0,0,17
0306,國立成功大學,都市計劃學系(自然組),數學A(學測),1.50,英文(學測),1.50,國文(學測),1.50,物理(分科),1.00,化學(分科),1.00,15,292.00,,,,,,,,7,,,,,數學A→英文→國文→物理→化學,10,5,15,11,4,0,0,15
0307,國立成功大學,都市計劃學系(社會組),數學A(學測),1.50,英文(學測),1.50,國文(學測),1.50,地理(分科),1.00,歷史(分科),1.00,10,299.50,,,,,,,,7,,,,,數學A→英文→國文→地理→歷史,5,5,10,7,3,0,0,10
0310,國立成功大學,工業設計學系,英文(學測),1.50,物理(分科),1.50,數學甲(分科),1.00,國文(學測),1.00,化學(分科),1.00,22,264.50,英文(學測),51,,,,,,7,,,,,英文→物理→數學甲→國文→化學,18,4,22,13,9,0,0,22
0311,國立成功大學,生命科學系,生物(分科),1.50,化學(分科),1.50,英文(學測),1.25,數學甲(分科),1.00,物理(分科),1.00,30,271.75,,,,,,,,7,國文(均標),,,,生物→化學→英文→數學甲→物理,18,12,30,16,14,0,0,30
0312,國立成功大學,生物科技與產業科學系,生物(分科),1.50,化學(分科),1.50,英文(學測),1.50,物理(分科),1.00,,,13,255.50,,,,,,,,7,英文(均標),,,,生物→化學→英文→物理,10,3,13,4,9,0,0,13
0313,國立成功大學,全校不分系學士學位學程,數學甲(分科),1.00,英文(學測),1.00,國文(學測),1.00,數學A(學測),1.00,,,5,204.00,數學甲(分科),50,,,,,,7,數學A(頂標),,,,數學甲→英文→國文→數學A,5,0,5,3,2,0,0,5
0314,東吳大學,中國文學系,國文(學測),2.00,英文(學測),1.00,歷史(分科),1.00,,,,,94,123.00,國文(學測),35,128.85,,,,,7,,,,,國文→英文→歷史,51,41,92,25,67,0,2,94
0315,東吳大學,歷史學系,歷史(分科),2.00,國文(學測),1.00,英文(學測),1.00,,,,,21,161.00,,,,,,,,7,,,,,歷史→國文→英文,11,10,21,11,10,0,0,21
0316,東吳大學,哲學系,國文(學測),2.00,英文(學測),2.00,公民與社會(分科),1.00,,,,,17,157.00,,,,,,,,7,,,,,國文→英文→公民與社會,14,3,17,8,9,0,0,17
0317,東吳大學,政治學系,公民與社會(分科),2.00,國文(學測),1.50,英文(學測),1.50,,,,,52,204.00,公民與社會(分科),51,224.30,,,,,7,數學A(後標) 或 數學B(後標),,,,公民與社會→國文→英文,30,21,51,28,23,0,1,52
0320,東吳大學,社會學系,公民與社會(分科),1.50,英文(學測),1.50,數學B(學測),1.00,國文(學測),1.50,,,66,175.00,,,,,,,,7,,,,,公民與社會→英文→數學B→國文,43,23,66,28,38,0,0,66
0321,東吳大學,社會工作學系,國文(學測),1.50,英文(學測),1.00,公民與社會(分科),2.00,數學B(學測),1.00,,,69,166.50,,,197.25,,,,,7,,,,,國文→英文→公民與社會→數學B,41,27,68,26,42,0,1,69
0322,東吳大學,音樂學系-鋼琴.聲樂.弦樂.理論作曲,音樂(術科),2.00,國文(學測),1.00,英文(學測),1.00,歷史(分科),1.00,,,10,224.56,,,,,,,,7,,,,,術科→國文→英文→歷史,5,5,10,5,5,0,0,10
0323,東吳大學,音樂學系-銅管樂.木管樂.擊樂,音樂(術科),2.00,國文(學測),1.00,英文(學測),1.00,歷史(分科),1.00,,,9,232.16,,,,,,,,7,,,,,術科→國文→英文→歷史,5,4,9,6,3,0,0,9
0324,東吳大學,英文學系,英文(學測),2.00,國文(學測),1.50,歷史(分科),1.00,,,,,97,147.00,英文(學測),33,167.40,,,,,7,,,,,英文→國文→歷史,47,49,96,38,58,0,1,97
0325,東吳大學,日本語文學系,英文(學測),1.50,國文(學測),1.50,歷史(分科),1.00,地理(分科),1.00,,,74,191.00,,,198.30,,,,,7,,,,,英文→國文→歷史→地理,49,24,73,25,48,0,1,74
0326,東吳大學,德國文化學系,英文(學測),2.00,國文(學測),1.50,歷史(分科),1.50,,,,,31,170.50,,,,,,,,7,,,,,英文→國文→歷史,15,16,31,14,17,0,0,31
0327,東吳大學,數學系,數學甲(分科),2.00,英文(學測),1.50,國文(學測),1.50,,,,,19,149.00,,,178.35,,,,,7,數學A(底標),,,,數學甲→英文→國文,10,8,18,12,6,0,1,19
0330,東吳大學,物理學系,物理(分科),2.00,數學甲(分科),1.50,英文(學測),1.00,,,,,19,122.50,,,,,,,,7,數學A(底標),,,,物理→數學甲→英文,12,7,19,18,1,0,0,19
0331,東吳大學,化學系,化學(分科),2.00,數學甲(分科),1.50,英文(學測),1.00,,,,,35,117.00,,,,,,,,7,數學A(底標),,,,化學→數學甲→英文,16,19,35,13,22,0,0,35
0332,東吳大學,微生物學系,英文(學測),1.25,化學(分科),1.00,國文(學測),1.00,,,,,18,103.75,英文(學測),31,,,,,,7,,,,,英文→化學→國文,12,6,18,6,12,0,0,18
0333,東吳大學,心理學系,數學甲(分科),1.50,英文(學測),2.00,國文(學測),1.00,,,,,19,164.50,,,,,,,,7,數學A(後標),,,,數學甲→英文→國文,11,8,19,10,9,0,0,19
0334,東吳大學,法律學系,英文(學測),2.00,國文(學測),2.00,公民與社會(分科),1.50,歷史(分科),1.00,,,88,312.50,英文(學測),39,,,,,,7,數學A(均標) 或 數學B(均標),,,,英文→國文→公民與社會→歷史,61,27,88,41,47,0,0,88
0335,東吳大學,經濟學系,數學B(學測),2.00,英文(學測),2.00,國文(學測),1.50,公民與社會(分科),1.00,,,95,218.50,數學B(學測),37,,,,,,7,,,,,數學B→英文→國文→公民與社會,63,32,95,57,38,0,0,95
0336,東吳大學,會計學系,數學B(學測),1.25,英文(學測),1.25,公民與社會(分科),1.00,,,,,82,130.50,,,131.60,,,,,7,,,,,數學B→英文→公民與社會,72,9,81,44,37,1,0,82
0337,東吳大學,企業管理學系,英文(學測),1.00,數學B(學測),1.00,公民與社會(分科),1.00,,,,,90,97.00,英文(學測),43,,,,,,7,,,,,英文→數學B→公民與社會,51,39,90,29,61,0,0,90
0340,東吳大學,國際經營與貿易學系,英文(學測),2.00,數學B(學測),1.50,國文(學測),1.00,公民與社會(分科),1.00,,,69,199.00,,,,,,,,7,,,,,英文→數學B→國文→公民與社會,47,22,69,27,42,0,0,69
0341,東吳大學,財務工程與精算數學系,英文(學測),2.00,國文(學測),2.00,公民與社會(分科),1.50,,,,,59,189.50,英文(學測),29,193.10,,,,,7,數學A(後標) 或 數學B(後標),,,,英文→國文→公民與社會,53,5,58,36,22,1,0,59
0342,東吳大學,資訊管理學系,數學B(學測),1.50,英文(學測),1.25,公民與社會(分科),1.00,,,,,57,117.50,數學B(學測),31,,,,,,7,,,,,數學B→英文→公民與社會,22,35,57,33,24,0,0,57
0343,東吳大學,資料科學系,數學B(學測),1.50,公民與社會(分科),1.00,國文(學測),1.00,,,,,33,121.00,,,,,,,,7,,,,,數學B→公民與社會→國文,32,1,33,19,14,0,0,33
0344,國立政治大學,中國文學系,國文(學測),1.50,英文(學測),1.25,歷史(分科),1.00,地理(分科),1.00,,,42,233.50,國文(學測),54,239.25,,,,,8,數學B(後標),,,,國文→英文→歷史→地理,23,18,41,7,34,0,1,42
0345,國立政治大學,歷史學系,國文(學測),1.00,英文(學測),1.00,歷史(分科),1.50,社會(學測),1.00,地理(分科),1.00,21,286.00,國文(學測),54,292.85,,,,,8,,,,,國文→英文→歷史→社會→地理,12,8,20,13,7,1,0,21
0346,國立政治大學,哲學系,國文(學測),1.25,英文(學測),1.25,公民與社會(分科),1.25,歷史(分科),1.00,,,16,237.25,國文(學測),54,253.60,,,,,8,,,,,國文→英文→公民與社會→歷史,14,1,15,4,11,1,0,16
0347,國立政治大學,教育學系,英文(學測),2.00,公民與社會(分科),2.00,國文(學測),1.00,社會(學測),1.00,數學B(學測),1.00,23,333.00,英文(學測),53,,,,,,8,英文(前標),社會(均標),,B級,英文→公民與社會→國文→社會→數學B,14,9,23,5,18,0,0,23
0350,國立政治大學,政治學系,公民與社會(分科),2.00,國文(學測),1.75,英文(學測),1.75,歷史(分科),1.00,,,27,337.25,公民與社會(分科),56,347.45,,,,,8,數學A(後標) 或 數學B(均標),,,,公民與社會→國文→英文→歷史,17,9,26,9,17,0,1,27
0351,國立政治大學,社會學系,英文(學測),2.00,公民與社會(分科),2.00,國文(學測),1.00,,,,,16,257.00,,,,,,,,8,數學A(均標) 或 數學B(均標),,,,英文→公民與社會→國文,15,1,16,7,9,0,0,16
0352,國立政治大學,財政學系(A組),數學A(學測),1.50,英文(學測),1.50,國文(學測),1.00,公民與社會(分科),1.00,,,29,235.00,數學A(學測),47,,,,,,8,,,,,數學A→英文→國文→公民與社會,22,7,29,15,14,0,0,29
0353,國立政治大學,財政學系(B組),數學甲(分科),1.50,英文(學測),1.50,國文(學測),1.00,,,,,14,186.00,數學甲(分科),45,,,,,,8,,,,,數學甲→英文→國文,11,3,14,6,8,0,0,14
0354,國立政治大學,公共行政學系,英文(學測),2.00,公民與社會(分科),2.00,國文(學測),1.00,,,,,22,259.00,英文(學測),51,,,,,,8,數學A(均標) 或 數學B(前標),,,,英文→公民與社會→國文,17,5,22,6,16,0,0,22
0355,國立政治大學,地政學系土地資源規劃組,國文(學測),1.50,英文(學測),1.50,數學A(學測),1.50,地理(分科),1.00,公民與社會(分科),1.00,23,303.00,國文(學測),52,309.35,,,,,8,,,,,國文→英文→數學A→地理→公民與社會,15,6,21,5,16,1,1,23
0356,國立政治大學,地政學系土地管理組,國文(學測),1.50,英文(學測),1.50,數學A(學測),1.50,地理(分科),1.00,公民與社會(分科),1.00,16,307.00,國文(學測),53,,,,,,8,,,,,國文→英文→數學A→地理→公民與社會,15,1,16,8,8,0,0,16
0357,國立政治大學,地政學系土地測量與資訊組,國文(學測),1.25,英文(學測),1.50,數學甲(分科),2.00,物理(分科),1.00,化學(分科),1.00,25,278.00,,,,,,,,8,,,,,國文→英文→數學甲→物理→化學,12,13,25,21,4,0,0,25
0360,國立政治大學,經濟學系(社會組),數學A(學測),2.00,英文(學測),1.50,公民與社會(分科),1.00,,,,,13,214.00,,,,,,,,8,,,,,數學A→英文→公民與社會,12,1,13,10,3,0,0,13
0361,國立政治大學,經濟學系(自然組),數學甲(分科),2.00,英文(學測),1.50,自然(學測),1.00,,,,,12,207.50,數學甲(分科),38,,,,,,8,,,,,數學甲→英文→自然,12,0,12,10,2,0,0,12
0362,國立政治大學,民族學系,公民與社會(分科),1.50,國文(學測),1.00,英文(學測),1.00,歷史(分科),1.25,地理(分科),1.25,19,294.25,,,,,,,,8,數學B(均標),社會(前標),,B級,公民與社會→國文→英文→歷史→地理,11,8,19,5,14,0,0,19
0363,國立政治大學,外交學系,英文(學測),1.75,國文(學測),1.50,歷史(分科),1.00,地理(分科),1.00,公民與社會(分科),1.00,36,326.75,,,366.20,,,,,8,數學A(均標) 或 數學B(均標),,,A級,英文→國文→歷史→地理→公民與社會,21,14,35,16,19,1,0,36
0364,國立政治大學,國際經營與貿易學系(A組),英文(學測),2.00,數學A(學測),2.00,國文(學測),1.50,歷史(分科),1.00,地理(分科),1.00,32,364.50,英文(學測),56,,,,,,8,,,,,英文→數學A→國文→歷史→地理,20,12,32,12,20,0,0,32
0365,國立政治大學,國際經營與貿易學系(B組),英文(學測),2.00,數學甲(分科),2.00,國文(學測),1.50,,,,,16,264.50,,,,,,,,8,,,,,英文→數學甲→國文,10,6,16,7,9,0,0,16
0366,國立政治大學,金融學系(社會組),數學A(學測),2.00,英文(學測),2.00,國文(學測),1.00,公民與社會(分科),1.00,,,16,297.00,數學A(學測),47,,,,,,8,,,,,數學A→英文→國文→公民與社會,10,6,16,6,10,0,0,16
0367,國立政治大學,金融學系(自然組),數學甲(分科),2.00,英文(學測),1.50,國文(學測),1.00,,,,,15,222.50,數學甲(分科),49,,,,,,8,,,,,數學甲→英文→國文,9,6,15,11,4,0,0,15
0370,國立政治大學,會計學系(A組),英文(學測),2.00,數學A(學測),2.00,國文(學測),1.50,公民與社會(分科),1.00,,,53,306.00,英文(學測),43,,,,,,8,,,,,英文→數學A→國文→公民與社會,29,24,53,23,30,0,0,53
0371,國立政治大學,會計學系(B組),英文(學測),2.00,數學甲(分科),2.00,國文(學測),1.50,,,,,17,263.50,,,,,,,,8,,,,,英文→數學甲→國文,9,8,17,6,11,0,0,17
0372,國立政治大學,統計學系(A組),數學甲(分科),2.00,英文(學測),1.50,國文(學測),1.50,歷史(分科),1.00,地理(分科),1.00,16,321.50,,,,,,,,8,,,,,數學甲→英文→國文→歷史→地理,10,6,16,10,6,0,0,16
0373,國立政治大學,統計學系(B組),數學甲(分科),2.00,英文(學測),1.50,國文(學測),1.50,物理(分科),1.00,化學(分科),1.00,12,310.50,,,,,,,,8,,,,,數學甲→英文→國文→物理→化學,9,3,12,8,4,0,0,12
0374,國立政治大學,企業管理學系(A組),數學A(學測),1.00,英文(學測),1.00,國文(學測),1.00,地理(分科),1.50,歷史(分科),1.50,29,299.00,數學A(學測),38,302.80,,,,,8,,,,,數學A→英文→國文→地理→歷史,21,7,28,7,21,1,0,29
0375,國立政治大學,企業管理學系(B組),數學甲(分科),2.00,英文(學測),1.00,國文(學測),1.00,,,,,14,183.00,數學甲(分科),45,,,,,,8,,,,,數學甲→英文→國文,10,4,14,9,5,0,0,14
0376,國立政治大學,資訊管理學系(社會組),數學A(學測),2.00,英文(學測),2.00,國文(學測),1.00,地理(分科),1.00,公民與社會(分科),1.00,31,331.00,,,332.90,,,,,8,社會(前標),,,,數學A→英文→國文→地理→公民與社會,22,8,30,12,18,1,0,31
0377,國立政治大學,資訊管理學系(自然組),數學甲(分科),2.00,英文(學測),2.00,國文(學測),1.00,,,,,31,236.00,數學甲(分科),41,,,,,,8,自然(前標),,,,數學甲→英文→國文,22,9,31,20,11,0,0,31
0400,國立政治大學,財務管理學系(A組),英文(學測),1.50,國文(學測),1.00,歷史(分科),1.00,公民與社會(分科),1.00,地理(分科),1.00,17,293.00,,,,,,,,8,數學A(前標),,,,英文→國文→歷史→公民與社會→地理,7,10,17,7,10,0,0,17
0401,國立政治大學,財務管理學系(B組),數學甲(分科),1.50,英文(學測),1.50,國文(學測),1.00,,,,,16,202.00,數學甲(分科),50,,,,,,8,,,,,數學甲→英文→國文,6,10,16,7,9,0,0,16
0402,國立政治大學,風險管理與保險學系(A組),英文(學測),2.00,數學A(學測),2.00,國文(學測),1.50,公民與社會(分科),1.00,,,16,306.50,,,,,,,,8,,,,,英文→數學A→國文→公民與社會,12,4,16,7,9,0,0,16
0403,國立政治大學,風險管理與保險學系(B組),數學甲(分科),2.00,英文(學測),2.00,國文(學測),1.50,,,,,15,257.50,數學甲(分科),36,,,,,,8,,,,,數學甲→英文→國文,11,4,15,10,5,0,0,15
0404,國立政治大學,傳播學院大一大二不分系(社會組),國文(學測),1.50,英文(學測),1.50,歷史(分科),1.00,數學B(學測),1.00,公民與社會(分科),1.00,76,288.50,國文(學測),52,302.40,,,,,8,,,,,國文→英文→歷史→數學B→公民與社會,55,19,74,23,51,1,1,76
0405,國立政治大學,傳播學院大一大二不分系(自然組),數學A(學測),1.50,英文(學測),1.50,國文(學測),1.00,物理(分科),1.00,,,11,226.50,,,,,,,,9,,,,,數學A→英文→國文→物理,4,7,11,9,2,0,0,11
0406,國立政治大學,英國語文學系,英文(學測),2.00,國文(學測),1.50,歷史(分科),1.00,地理(分科),1.00,數學B(學測),1.00,47,312.00,,,349.75,,,,,9,,,,,英文→國文→歷史→地理→數學B,26,20,46,20,26,0,1,47
0407,國立政治大學,阿拉伯語文學系,英文(學測),1.50,國文(學測),1.50,歷史(分科),1.25,地理(分科),1.00,數學B(學測),1.00,21,287.75,,,,,,,,9,,,,,英文→國文→歷史→地理→數學B,17,4,21,7,14,0,0,21
0410,國立政治大學,斯拉夫語文學系,英文(學測),1.50,國文(學測),1.50,歷史(分科),1.00,地理(分科),1.00,,,21,245.00,英文(學測),52,,,,,,9,國文(前標),英文(前標),,,英文→國文→歷史→地理,17,4,21,10,11,0,0,21
0411,國立政治大學,日本語文學系,國文(學測),1.50,英文(學測),1.50,歷史(分科),1.00,公民與社會(分科),1.00,,,14,258.00,,,285.65,,,,,9,,,,,國文→英文→歷史→公民與社會,10,3,13,3,10,0,1,14
0412,國立政治大學,韓國語文學系,國文(學測),1.50,英文(學測),1.50,歷史(分科),1.00,地理(分科),1.00,數學B(學測),1.00,15,287.00,國文(學測),53,,,,,,9,,,,,國文→英文→歷史→地理→數學B,14,1,15,4,11,0,0,15
0413,國立政治大學,土耳其語文學系,英文(學測),2.00,國文(學測),2.00,歷史(分科),1.50,地理(分科),1.00,,,12,319.00,,,,,,,,9,,,,,英文→國文→歷史→地理,12,0,12,5,7,0,0,12
0414,國立政治大學,歐洲語文學系法文組,英文(學測),1.50,國文(學測),1.50,歷史(分科),1.00,地理(分科),1.00,數學B(學測),1.00,8,287.50,,,,,,,,9,社會(前標),,,,英文→國文→歷史→地理→數學B,7,1,8,3,5,0,0,8
0415,國立政治大學,歐洲語文學系德文組,英文(學測),1.50,國文(學測),1.50,歷史(分科),1.00,地理(分科),1.00,數學B(學測),1.00,8,289.00,,,,,,,,9,社會(前標),,,,英文→國文→歷史→地理→數學B,7,1,8,2,6,0,0,8
0416,國立政治大學,歐洲語文學系西班牙文組,英文(學測),1.50,國文(學測),1.50,歷史(分科),1.00,地理(分科),1.00,數學B(學測),1.00,7,289.00,,,,,,,,9,社會(前標),,,,英文→國文→歷史→地理→數學B,7,0,7,1,6,0,0,7
0417,國立政治大學,東南亞語文學系越文組,英文(學測),1.50,國文(學測),1.50,歷史(分科),1.00,公民與社會(分科),1.00,地理(分科),1.00,5,298.50,,,,,,,,9,,,,,英文→國文→歷史→公民與社會→地理,5,0,5,1,4,0,0,5
0420,國立政治大學,東南亞語文學系泰文組,英文(學測),1.50,國文(學測),1.50,歷史(分科),1.00,公民與社會(分科),1.00,地理(分科),1.00,5,300.00,,,,,,,,9,,,,,英文→國文→歷史→公民與社會→地理,5,0,5,1,4,0,0,5
0421,國立政治大學,東南亞語文學系印尼文組,英文(學測),1.50,國文(學測),1.50,歷史(分科),1.00,公民與社會(分科),1.00,地理(分科),1.00,6,296.00,,,,,,,,9,,,,,英文→國文→歷史→公民與社會→地理,6,0,6,3,3,0,0,6
0422,國立政治大學,法律學系,英文(學測),2.00,公民與社會(分科),1.00,國文(學測),1.00,歷史(分科),1.00,數學B(學測),1.00,111,309.00,英文(學測),49,333.10,,,,,9,,,,,英文→公民與社會→國文→歷史→數學B,61,46,107,58,49,3,1,111
0423,國立政治大學,應用數學系,數學甲(分科),2.00,英文(學測),1.00,物理(分科),1.00,化學(分科),1.00,,,24,207.00,數學甲(分科),45,,,,,,9,英文(均標),,,,數學甲→英文→物理→化學,17,7,24,18,6,0,0,24
0424,國立政治大學,心理學系,英文(學測),1.25,國文(學測),1.00,數學甲(分科),1.00,,,,,20,155.00,,,155.05,,,,,9,數學A(均標),自然(均標),,,英文→國文→數學甲,18,1,19,8,11,0,1,20
0425,國立政治大學,資訊科學系,數學甲(分科),1.25,物理(分科),1.00,化學(分科),1.00,英文(學測),1.25,國文(學測),1.00,15,254.75,,,,,,,,9,,,,,數學甲→物理→化學→英文→國文,11,4,15,10,5,0,0,15
0426,國立政治大學,資訊科學系(人工智慧組),數學甲(分科),1.50,英文(學測),1.00,物理(分科),1.00,國文(學測),1.00,,,11,211.00,數學甲(分科),52,,,,,,9,,,,,數學甲→英文→物理→國文,10,1,11,8,3,0,0,11
0427,國立政治大學,創新國際學院學士班,英文(學測),2.00,數學B(學測),1.50,公民與社會(分科),1.50,國文(學測),1.00,,,9,295.50,,,,,,,,9,,,,A級,英文→數學B→公民與社會→國文,7,2,9,3,6,0,0,9
0430,高雄醫學大學,醫學系(自費),生物(分科),1.00,英文(學測),1.00,化學(分科),1.00,物理(分科),1.00,數學甲(分科),1.00,53,268.00,生物(分科),54,303.75,,,,,9,,,,,生物→英文→化學→物理→數學甲,22,30,52,44,8,0,1,53
0431,高雄醫學大學,醫學系(公費),生物(分科),1.00,英文(學測),1.00,化學(分科),1.00,物理(分科),1.00,數學甲(分科),1.00,2,261.00,生物(分科),56,,,,,,9,,,,,生物→英文→化學→物理→數學甲,2,0,2,1,1,0,0,2
0432,高雄醫學大學,運動醫學系,英文(學測),1.50,生物(分科),1.50,物理(分科),1.00,數學A(學測),1.00,,,18,174.00,,,176.15,,,,,9,,,,,英文→生物→物理→數學A,11,6,17,9,8,1,0,18
0433,高雄醫學大學,呼吸治療學系,英文(學測),1.50,生物(分科),1.25,化學(分科),1.25,,,,,20,165.25,,,,,,,,9,,,,,英文→生物→化學,17,3,20,6,14,0,0,20
0434,高雄醫學大學,牙醫學系,英文(學測),1.00,生物(分科),1.00,化學(分科),1.00,物理(分科),1.00,數學甲(分科),1.00,23,266.00,英文(學測),53,321.30,,,,,9,,,,,英文→生物→化學→物理→數學甲,21,1,22,15,7,1,0,23
0435,高雄醫學大學,口腔衛生學系,生物(分科),1.50,國文(學測),1.50,英文(學測),1.00,數學A(學測),1.00,,,30,184.50,,,,,,,,9,,,,,生物→國文→英文→數學A,17,13,30,10,20,0,0,30
0436,高雄醫學大學,藥學系,英文(學測),1.00,化學(分科),1.25,生物(分科),1.25,國文(學測),1.00,物理(分科),1.00,57,286.50,,,,,,,,9,,,,,英文→化學→生物→國文→物理,35,22,57,27,30,0,0,57
0437,高雄醫學大學,香粧品學系,化學(分科),1.00,生物(分科),1.00,英文(學測),1.00,國文(學測),1.00,數學甲(分科),1.00,16,173.00,化學(分科),26,,,,,,9,,,,,化學→生物→英文→國文→數學甲,16,0,16,5,11,0,0,16
0440,高雄醫學大學,護理學系,生物(分科),2.00,英文(學測),2.00,國文(學測),1.25,數學A(學測),1.00,,,43,234.25,,,,,,,,9,,,,,生物→英文→國文→數學A,26,17,43,10,33,0,0,43
0441,高雄醫學大學,公共衛生學系,數學甲(分科),2.00,化學(分科),2.00,生物(分科),1.75,國文(學測),1.00,英文(學測),1.00,23,263.50,,,,,,,,9,,,,,數學甲→化學→生物→國文→英文,16,7,23,8,15,0,0,23
0442,高雄醫學大學,醫學檢驗生物技術學系,化學(分科),1.00,生物(分科),1.00,英文(學測),1.00,國文(學測),1.00,,,27,185.00,化學(分科),43,194.40,,,,,9,,,,,化學→生物→英文→國文,11,15,26,9,17,0,1,27
0443,高雄醫學大學,醫學影像暨放射科學系,物理(分科),1.50,化學(分科),1.25,生物(分科),1.25,數學甲(分科),1.00,英文(學測),1.00,21,222.50,,,,,,,,9,,,,,物理→化學→生物→數學甲→英文,9,12,21,14,7,0,0,21
0444,高雄醫學大學,職能治療學系,英文(學測),2.00,國文(學測),1.50,生物(分科),1.50,,,,,20,244.00,,,259.50,,,,,9,,,,,英文→國文→生物,14,5,19,2,17,1,0,20
0445,高雄醫學大學,物理治療學系,英文(學測),2.00,數學甲(分科),1.50,生物(分科),1.50,物理(分科),1.00,國文(學測),1.00,20,319.50,,,,,,,,9,,,,,英文→數學甲→生物→物理→國文,12,8,20,12,8,0,0,20
0446,高雄醫學大學,醫務管理暨醫療資訊學系,數學甲(分科),2.00,英文(學測),2.00,國文(學測),1.50,,,,,23,188.00,,,,,,,,10,,,,,數學甲→英文→國文,9,14,23,14,9,0,0,23
0447,高雄醫學大學,醫藥暨應用化學系應用化學組,化學(分科),1.50,數學甲(分科),1.50,英文(學測),1.50,物理(分科),1.00,,,26,191.50,,,,,,,,10,,,,,化學→數學甲→英文→物理,10,16,26,8,18,0,0,26
0450,高雄醫學大學,醫藥暨應用化學系醫藥化學組,化學(分科),1.50,數學甲(分科),1.50,英文(學測),1.50,生物(分科),1.00,,,20,211.00,,,,,,,,10,,,,,化學→數學甲→英文→生物,10,10,20,11,9,0,0,20
0451,高雄醫學大學,生物醫學暨環境生物學系,生物(分科),1.50,英文(學測),1.50,國文(學測),1.00,化學(分科),1.25,數學甲(分科),1.00,20,228.00,,,233.65,,,,,10,,,,,生物→英文→國文→化學→數學甲,12,7,19,7,12,1,0,20
0452,高雄醫學大學,生物科技學系,生物(分科),1.75,英文(學測),1.25,化學(分科),1.25,,,,,18,165.00,,,,,,,,10,,,,,生物→英文→化學,12,6,18,9,9,0,0,18
0453,高雄醫學大學,生命科學院學士班,英文(學測),1.00,化學(分科),1.00,生物(分科),1.00,,,,,10,111.00,英文(學測),48,,,,,,10,,,,,英文→化學→生物,5,5,10,4,6,0,0,10
0454,高雄醫學大學,心理學系,英文(學測),2.00,生物(分科),1.00,國文(學測),1.00,,,,,33,187.00,英文(學測),49,,,,,,10,,,,,英文→生物→國文,19,14,33,7,26,0,0,33
0455,高雄醫學大學,醫學社會學與社會工作學系,國文(學測),2.00,英文(學測),2.00,公民與社會(分科),1.00,歷史(分科),1.00,,,28,221.00,國文(學測),46,,,,,,10,,,,,國文→英文→公民與社會→歷史,15,13,28,4,24,0,0,28
0456,中原大學,應用數學系,數學甲(分科),2.00,國文(學測),1.25,英文(學測),1.00,,,,,14,143.25,,,,,,,,10,,,,,數學甲→國文→英文,12,2,14,10,4,0,0,14
0457,中原大學,物理學系物理組,物理(分科),2.00,數學甲(分科),1.50,英文(學測),1.00,,,,,12,145.00,,,,,,,,10,,,,,物理→數學甲→英文,12,0,12,11,1,0,0,12
0460,中原大學,物理學系光電與材料科學組,物理(分科),2.00,數學甲(分科),1.50,英文(學測),1.00,,,,,15,152.50,,,,,,,,10,,,,,物理→數學甲→英文,12,3,15,13,2,0,0,15
0461,中原大學,化學系化學組,化學(分科),2.00,數學甲(分科),1.00,英文(學測),1.00,物理(分科),1.00,,,11,168.00,,,,,,,,10,,,,,化學→數學甲→英文→物理,10,1,11,8,3,0,0,11
0462,中原大學,化學系材料化學組,化學(分科),2.00,英文(學測),1.00,數學甲(分科),1.00,物理(分科),1.00,,,26,163.00,化學(分科),39,,,,,,10,,,,,化學→英文→數學甲→物理,11,15,26,19,7,0,0,26
0463,中原大學,心理學系,英文(學測),2.00,數學甲(分科),2.00,國文(學測),1.50,,,,,20,189.00,,,191.85,,,,,10,,,,,英文→數學甲→國文,13,6,19,5,14,0,1,20
0464,中原大學,生物科技學系,生物(分科),2.00,化學(分科),1.50,英文(學測),1.50,,,,,18,165.50,,,,,,,,10,,,,,生物→化學→英文,10,8,18,11,7,0,0,18
0465,中原大學,化學工程學系綠能製程組,物理(分科),1.00,數學甲(分科),1.00,英文(學測),1.00,化學(分科),1.00,國文(學測),1.00,8,171.00,物理(分科),34,,,,,,10,,,,,物理→數學甲→英文→化學→國文,7,1,8,5,3,0,0,8
0466,中原大學,化學工程學系生化工程組,物理(分科),1.00,數學甲(分科),1.00,英文(學測),1.00,化學(分科),1.00,國文(學測),1.00,8,182.00,,,,,,,,10,,,,,物理→數學甲→英文→化學→國文,7,1,8,4,4,0,0,8
0467,中原大學,化學工程學系材料工程組,物理(分科),1.00,數學甲(分科),1.00,英文(學測),1.00,化學(分科),1.00,國文(學測),1.00,18,189.00,物理(分科),43,,,,,,10,,,,,物理→數學甲→英文→化學→國文,11,7,18,14,4,0,0,18
0470,中原大學,土木工程學系,國文(學測),2.00,物理(分科),2.00,數學A(學測),1.50,,,,,29,185.00,,,,,,,,10,,,,,國文→物理→數學A,17,12,29,26,3,0,0,29
0471,中原大學,機械工程學系,數學甲(分科),2.00,物理(分科),2.00,國文(學測),2.00,英文(學測),1.00,,,30,239.00,數學甲(分科),35,,,,,,10,,,,,數學甲→物理→國文→英文,26,4,30,25,5,0,0,30
0472,中原大學,生物醫學工程學系,數學甲(分科),2.00,物理(分科),2.00,化學(分科),1.75,,,,,14,178.00,,,,,,,,10,,,,,數學甲→物理→化學,12,2,14,11,3,0,0,14
0473,中原大學,環境工程學系,化學(分科),2.00,國文(學測),2.00,英文(學測),1.00,數學甲(分科),1.00,,,9,205.00,,,,,,,,10,,,,,化學→國文→英文→數學甲,6,3,9,4,5,0,0,9
0474,中原大學,電機資訊學院學士班,數學甲(分科),1.00,英文(學測),2.00,國文(學測),2.00,,,,,14,212.00,數學甲(分科),26,,,,,,10,,,,,數學甲→英文→國文,12,2,14,11,3,0,0,14
0475,中原大學,工業與系統工程學系工程組,數學甲(分科),1.00,英文(學測),1.00,國文(學測),1.00,,,,,11,110.00,,,,,,,,10,,,,,數學甲→英文→國文,10,1,11,5,6,0,0,11
0476,中原大學,工業與系統工程學系管理組,英文(學測),2.00,國文(學測),2.00,公民與社會(分科),1.00,,,,,10,185.00,,,,,,,,10,數學A(底標) 或 數學B(底標),,,,英文→國文→公民與社會,5,5,10,7,3,0,0,10
0477,中原大學,電子工程學系,物理(分科),1.00,數學甲(分科),1.00,英文(學測),1.00,國文(學測),1.00,,,17,154.00,物理(分科),38,,,,,,10,,,,,物理→數學甲→英文→國文,15,2,17,12,5,0,0,17
0500,中原大學,資訊工程學系,數學甲(分科),1.00,英文(學測),2.00,國文(學測),2.00,,,,,22,218.00,數學甲(分科),32,,,,,,10,,,,,數學甲→英文→國文,17,5,22,18,4,0,0,22
0501,中原大學,電機工程學系,數學甲(分科),1.00,英文(學測),1.00,物理(分科),1.00,國文(學測),1.00,,,21,163.00,數學甲(分科),35,,,,,,10,,,,,數學甲→英文→物理→國文,13,8,21,16,5,0,0,21
0502,中原大學,電機資訊學院智慧運算與大數據學士班,數學甲(分科),1.00,英文(學測),1.00,國文(學測),1.00,,,,,8,119.00,,,,,,,,10,,,,,數學甲→英文→國文,8,0,8,8,0,0,0,8
0503,中原大學,企業管理學系服務業管理組,國文(學測),2.00,歷史(分科),2.00,英文(學測),1.00,數學B(學測),1.00,,,19,198.00,國文(學測),42,,,,,,10,,,,,國文→歷史→英文→數學B,6,13,19,12,7,0,0,19
0504,中原大學,企業管理學系高科技業管理組,國文(學測),2.00,歷史(分科),2.00,英文(學測),1.00,數學B(學測),1.00,,,11,214.00,國文(學測),42,,,,,,10,,,,,國文→歷史→英文→數學B,5,6,11,9,2,0,0,11
0505,中原大學,企業管理學系工商管理組,國文(學測),2.00,公民與社會(分科),2.00,英文(學測),1.00,數學B(學測),1.00,,,24,205.00,國文(學測),40,,,,,,10,,,,,國文→公民與社會→英文→數學B,11,13,24,11,13,0,0,24
0506,中原大學,國際經營與貿易學系,英文(學測),2.00,國文(學測),1.75,公民與社會(分科),1.00,,,,,34,160.75,英文(學測),31,,,,,,10,數學A(底標) 或 數學B(後標),,,,英文→國文→公民與社會,15,19,34,14,20,0,0,34
0507,中原大學,會計學系,國文(學測),1.00,公民與社會(分科),1.50,歷史(分科),1.50,,,,,23,164.50,國文(學測),40,,,,,,11,英文(後標),數學A(底標) 或 數學B(後標),,,國文→公民與社會→歷史,21,2,23,15,8,0,0,23
0510,中原大學,資訊管理學系,國文(學測),1.50,英文(學測),1.50,公民與社會(分科),1.00,,,,,19,156.50,國文(學測),44,,,,,,11,數學A(底標) 或 數學B(底標),,,,國文→英文→公民與社會,16,3,19,8,11,0,0,19
0511,中原大學,財務金融學系,英文(學測),2.00,數學B(學測),2.00,國文(學測),1.75,公民與社會(分科),1.00,,,27,222.75,,,,,,,,11,,,,,英文→數學B→國文→公民與社會,14,13,27,12,15,0,0,27
0512,中原大學,財經法律學系財貿法組,英文(學測),1.50,國文(學測),1.50,公民與社會(分科),1.50,歷史(分科),1.00,,,20,231.50,,,235.10,,,,,11,,,,,英文→國文→公民與社會→歷史,12,7,19,13,6,1,0,20
0513,中原大學,財經法律學系科技法組,英文(學測),1.50,國文(學測),1.50,公民與社會(分科),1.50,歷史(分科),1.00,,,6,239.00,,,,,,,,11,,,,,英文→國文→公民與社會→歷史,5,1,6,3,3,0,0,6
0514,中原大學,建築學系,數學A(學測),1.75,英文(學測),2.00,國文(學測),2.00,物理(分科),1.00,,,25,250.00,,,,,,,,11,,,,,數學A→英文→國文→物理,9,16,25,11,14,0,0,25
0515,中原大學,室內設計學系,國文(學測),2.00,歷史(分科),2.00,地理(分科),1.50,英文(學測),1.00,,,17,272.50,,,,,,,,11,,,,,國文→歷史→地理→英文,6,11,17,9,8,0,0,17
0516,中原大學,商業設計學系商業設計組,國文(學測),2.00,英文(學測),2.00,歷史(分科),1.50,地理(分科),1.00,,,20,235.50,,,,,,,,11,,,,,國文→英文→歷史→地理,9,11,20,2,18,0,0,20
0517,中原大學,商業設計學系產品設計組甲類,美術(術科),2.00,公民與社會(分科),1.00,英文(學測),1.00,,,,,2,184.20,,,,,,,,11,,,,,術科→公民與社會→英文,2,0,2,1,1,0,0,2
0520,中原大學,商業設計學系產品設計組乙類,物理(分科),2.00,英文(學測),1.00,國文(學測),1.00,,,,,7,133.00,,,,,,,,11,,,,,物理→英文→國文,1,6,7,3,4,0,0,7
0521,中原大學,地景建築學系,地理(分科),2.00,歷史(分科),2.00,公民與社會(分科),1.00,,,,,5,228.00,,,,,,,,11,,,,,地理→歷史→公民與社會,5,0,5,4,1,0,0,5
0522,中原大學,特殊教育學系,國文(學測),1.50,英文(學測),1.50,數學B(學測),1.00,公民與社會(分科),1.00,,,11,139.50,,,,,,,,11,,,,,國文→英文→數學B→公民與社會,8,3,11,1,10,0,0,11
0523,中原大學,應用外國語文學系,英文(學測),2.00,國文(學測),1.50,歷史(分科),1.00,,,,,36,142.00,英文(學測),24,,,,,,11,,,,,英文→國文→歷史,14,22,36,11,25,0,0,36
0524,中原大學,應用華語文學系,國文(學測),2.00,英文(學測),1.75,歷史(分科),1.25,,,,,17,147.50,,,161.75,,,,,11,,,,,國文→英文→歷史,11,5,16,9,7,0,1,17
0525,東海大學,中國文學系,國文(學測),2.00,歷史(分科),1.00,公民與社會(分科),1.00,,,,,31,144.00,國文(學測),36,157.55,,,,,11,,,,,國文→歷史→公民與社會,25,5,30,13,17,1,0,31
0526,東海大學,外國語文學系,英文(學測),2.00,國文(學測),1.00,歷史(分科),1.00,,,,,47,115.00,英文(學測),20,,,117.75,,,11,,,,,英文→國文→歷史,25,21,46,18,28,1,0,47
0527,東海大學,歷史學系,歷史(分科),2.00,社會(學測),2.00,國文(學測),1.00,,,,,22,209.00,,,,,,,,11,,,,,歷史→社會→國文,14,8,22,17,5,0,0,22
0530,東海大學,日本語言文化學系,英文(學測),1.50,國文(學測),1.50,公民與社會(分科),1.75,,,,,33,161.00,英文(學測),27,,,,,,11,,,,,英文→國文→公民與社會,21,12,33,17,16,0,0,33
0531,東海大學,哲學系,公民與社會(分科),1.50,歷史(分科),1.50,國文(學測),1.00,,,,,18,142.50,,,,,,,,11,,,,,公民與社會→歷史→國文,14,4,18,12,6,0,0,18
0532,東海大學,應用物理學系(A組),數學甲(分科),1.00,英文(學測),1.00,國文(學測),1.00,,,,,19,98.00,,,,,,,,11,,,,,數學甲→英文→國文,6,13,19,13,6,0,0,19
0533,東海大學,應用物理學系(B組),物理(分科),1.00,英文(學測),1.00,國文(學測),1.00,,,,,12,99.00,,,,,,,,11,,,,,物理→英文→國文,4,8,12,8,4,0,0,12
0534,東海大學,化學系化學組,化學(分科),2.00,英文(學測),1.00,國文(學測),1.00,,,,,14,143.00,化學(分科),35,,,,,,11,,,,,化學→英文→國文,9,5,14,10,4,0,0,14
0535,東海大學,化學系化學生物組,化學(分科),2.00,英文(學測),1.00,自然(學測),1.00,,,,,10,132.00,,,,,,,,11,,,,,化學→英文→自然,9,1,10,6,4,0,0,10
0536,東海大學,生命科學系生物醫學組,生物(分科),2.00,英文(學測),2.00,化學(分科),1.50,,,,,22,172.00,生物(分科),50,,,,,,11,,,,,生物→英文→化學,9,13,22,9,13,0,0,22
0537,東海大學,生命科學系生態暨生物多樣性組,生物(分科),2.00,英文(學測),2.00,國文(學測),1.75,,,,,15,200.75,,,,,,,,11,,,,,生物→英文→國文,9,6,15,5,10,0,0,15
0540,東海大學,智慧計算暨應用數學系,數學甲(分科),2.00,國文(學測),2.00,英文(學測),1.00,,,,,14,160.00,,,,,,,,11,,,,,數學甲→國文→英文,12,2,14,9,5,0,0,14
0541,東海大學,化學工程與材料工程學系,化學(分科),2.00,數學甲(分科),2.00,物理(分科),1.00,,,,,48,142.00,化學(分科),34,,,,,,11,,,,,化學→數學甲→物理,24,24,48,33,15,0,0,48
0542,東海大學,工業工程與經營資訊學系(智慧設計與生產組),英文(學測),2.00,國文(學測),1.50,物理(分科),1.00,,,,,11,151.00,英文(學測),37,151.50,,,,,11,數學A(底標) 或 數學B(底標),,,,英文→國文→物理,8,2,10,4,6,0,1,11
0543,東海大學,工業工程與經營資訊學系(智慧經營與管理組),英文(學測),2.00,國文(學測),1.50,公民與社會(分科),1.00,,,,,12,143.50,,,,,,,,11,數學A(底標) 或 數學B(底標),,,,英文→國文→公民與社會,12,0,12,6,6,0,0,12
0544,東海大學,環境科學與工程學系,化學(分科),2.00,數學甲(分科),1.75,國文(學測),2.00,,,,,45,172.00,化學(分科),22,,,,,,11,,,,,化學→數學甲→國文,20,25,45,27,18,0,0,45
0545,東海大學,資訊工程學系(資電工程組),數學甲(分科),2.00,英文(學測),2.00,自然(學測),1.50,,,,,21,186.00,數學甲(分科),34,,,,,,11,,,,,數學甲→英文→自然,10,11,21,19,2,0,0,21
0546,東海大學,資訊工程學系(人工智慧組),數學A(學測),2.00,英文(學測),2.00,物理(分科),1.50,,,,,21,179.50,,,,,,,,11,,,,,數學A→英文→物理,10,11,21,17,4,0,0,21
0547,東海大學,資訊工程學系(軟體工程組),英文(學測),2.00,物理(分科),2.00,國文(學測),1.50,,,,,21,194.50,英文(學測),44,,,,,,12,數學A(後標) 或 數學B(後標),,,,英文→物理→國文,10,11,21,14,7,0,0,21
0550,東海大學,電機工程學系(A組),數學甲(分科),1.00,國文(學測),2.00,英文(學測),1.00,,,,,22,158.00,數學甲(分科),26,160.10,,,,,12,,,,,數學甲→國文→英文,18,3,21,18,3,0,1,22
0551,東海大學,電機工程學系(B組),國文(學測),2.00,英文(學測),1.00,物理(分科),1.00,,,,,17,157.00,國文(學測),47,,,,,,12,數學A(底標) 或 數學B(底標),,,,國文→英文→物理,15,2,17,14,3,0,0,17
0552,東海大學,企業管理學系,公民與社會(分科),2.00,國文(學測),1.50,英文(學測),1.00,,,,,56,152.50,公民與社會(分科),38,,,,,,12,數學B(底標),,,,公民與社會→國文→英文,33,23,56,22,34,0,0,56
0553,東海大學,國際經營與貿易學系,英文(學測),2.00,國文(學測),2.00,公民與社會(分科),1.50,數學B(學測),1.00,,,42,205.50,,,,,,,,12,,,,,英文→國文→公民與社會→數學B,26,16,42,12,30,0,0,42
0554,東海大學,會計學系,公民與社會(分科),2.00,英文(學測),1.00,數學B(學測),1.00,國文(學測),1.00,,,39,161.00,,,,,,,,12,,,,,公民與社會→英文→數學B→國文,29,10,39,20,19,0,0,39
0555,東海大學,財務金融學系,英文(學測),1.50,國文(學測),1.00,公民與社會(分科),1.00,,,,,55,118.50,英文(學測),27,,,,,,12,數學A(底標) 或 數學B(底標),,,,英文→國文→公民與社會,37,18,55,24,31,0,0,55
0556,東海大學,統計學系(巨量資料管理組),數學甲(分科),2.00,數學A(學測),1.00,國文(學測),1.00,,,,,32,118.00,,,,,,,,12,,,,,數學甲→數學A→國文,10,22,32,23,9,0,0,32
0557,東海大學,統計學系(決策管理組),數學B(學測),1.00,公民與社會(分科),2.00,國文(學測),1.00,,,,,31,128.00,數學B(學測),20,128.30,,,,,12,,,,,數學B→公民與社會→國文,13,17,30,16,14,0,1,31
0560,東海大學,資訊管理學系,數學B(學測),2.00,英文(學測),2.00,公民與社會(分科),1.75,,,,,24,166.25,,,,,,,,12,,,,,數學B→英文→公民與社會,18,6,24,15,9,0,0,24
0561,東海大學,經濟學系,英文(學測),2.00,公民與社會(分科),2.00,國文(學測),1.00,,,,,31,160.00,,,,,,,,12,數學A(底標) 或 數學B(底標),,,,英文→公民與社會→國文,28,3,31,19,12,0,0,31
0562,東海大學,政治學系,英文(學測),2.00,公民與社會(分科),2.00,國文(學測),1.75,,,,,20,209.00,,,,,,,,12,,,,,英文→公民與社會→國文,18,2,20,10,10,0,0,20
0563,東海大學,行政管理暨政策學系,社會(學測),2.00,公民與社會(分科),1.50,國文(學測),1.00,,,,,41,190.00,,,,,,,,12,,,,,社會→公民與社會→國文,23,18,41,22,19,0,0,41
0564,東海大學,社會學系,公民與社會(分科),2.00,社會(學測),2.00,國文(學測),1.75,,,,,35,219.00,公民與社會(分科),43,,,,,,12,,,,,公民與社會→社會→國文,22,13,35,16,19,0,0,35
0565,東海大學,社會工作學系,公民與社會(分科),2.00,國文(學測),1.50,社會(學測),1.00,,,,,46,168.50,,,,,,,,12,,,,,公民與社會→國文→社會,40,6,46,14,32,0,0,46
0566,東海大學,畜產與生物科技學系,生物(分科),2.00,英文(學測),1.00,國文(學測),1.00,,,,,27,132.00,生物(分科),36,,,,,,12,,,,,生物→英文→國文,20,7,27,7,20,0,0,27
0567,東海大學,食品科學系,自然(學測),2.00,國文(學測),1.50,化學(分科),1.00,,,,,19,156.50,自然(學測),39,160.75,,,,,12,數學A(底標) 或 數學B(底標),,,,自然→國文→化學,18,0,18,9,9,0,1,19
0570,東海大學,餐旅管理學系,英文(學測),1.50,數學B(學測),1.25,公民與社會(分科),1.00,,,,,16,83.25,英文(學測),19,,,,,,12,,,,,英文→數學B→公民與社會,15,1,16,5,11,0,0,16
0571,東海大學,高齡健康與運動科學學士學位學程,英文(學測),1.50,國文(學測),1.25,生物(分科),1.00,,,,,17,114.00,英文(學測),20,,,,,,12,,,,,英文→國文→生物,10,7,17,4,13,0,0,17
0572,東海大學,美術學系,美術(術科),2.00,國文(學測),2.00,英文(學測),1.00,歷史(分科),1.00,,,10,256.20,,,,,,,,12,,,,,術科→國文→英文→歷史,6,4,10,2,8,0,0,10
0573,東海大學,音樂學系,音樂(術科),2.00,英文(學測),1.00,歷史(分科),1.00,,,,,2,205.28,,,,,,,,12,,,,,術科→英文→歷史,1,6,7,1,1,0,0,2
0574,東海大學,建築學系(A組),數學A(學測),1.50,物理(分科),1.50,英文(學測),1.50,化學(分科),1.00,,,13,215.50,數學A(學測),47,,,,,,12,,,,,數學A→物理→英文→化學,12,1,13,9,4,0,0,13
0575,東海大學,建築學系(B組),數學B(學測),1.50,歷史(分科),1.50,英文(學測),1.50,國文(學測),1.00,,,6,233.00,,,,,,,,12,,,,,數學B→歷史→英文→國文,4,2,6,4,2,0,0,6
0576,東海大學,工業設計學系(A組),國文(學測),2.00,英文(學測),2.00,物理(分科),1.00,,,,,8,202.00,國文(學測),53,,,,,,12,,,,,國文→英文→物理,6,2,8,3,5,0,0,8
0577,東海大學,工業設計學系(B組),國文(學測),2.00,英文(學測),2.00,公民與社會(分科),1.00,,,,,8,187.00,,,,,,,,12,,,,,國文→英文→公民與社會,6,2,8,0,8,0,0,8
0600,東海大學,景觀學系(A組),英文(學測),1.50,國文(學測),1.00,公民與社會(分科),1.00,,,,,16,109.50,英文(學測),21,,,,,,12,,,,,英文→國文→公民與社會,12,4,16,6,10,0,0,16
0601,東海大學,景觀學系(B組),英文(學測),1.50,國文(學測),1.00,生物(分科),1.00,,,,,5,115.50,,,,,,,,12,,,,,英文→國文→生物,4,1,5,0,5,0,0,5
0602,東海大學,法律學系,國文(學測),1.50,英文(學測),1.50,公民與社會(分科),1.50,歷史(分科),1.00,,,58,239.00,國文(學測),49,242.70,,,,,12,數學A(後標) 或 數學B(後標),,,,國文→英文→公民與社會→歷史,41,16,57,25,32,1,0,58
0603,東海大學,國際學院國際經營管理學位學程,英文(學測),2.00,國文(學測),1.00,公民與社會(分科),1.00,,,,,20,113.00,英文(學測),22,,,,,,12,,,,,英文→國文→公民與社會,10,10,20,11,9,0,0,20
0604,東海大學,永續科學與管理學士學位學程,英文(學測),2.00,國文(學測),1.00,化學(分科),1.00,,,,,9,119.00,英文(學測),29,,,,,,12,,,,,英文→國文→化學,8,1,9,5,4,0,0,9
0605,國立清華大學,中國文學系甲組(一般組),國文(學測),1.50,英文(學測),1.25,數學B(學測),1.00,歷史(分科),1.00,地理(分科),1.00,18,256.00,,,,,,,,12,數學B(均標),,,,國文→英文→數學B→歷史→地理,9,9,18,6,12,0,0,18
0606,國立清華大學,中國文學系乙組(華語文教學組),國文(學測),1.50,英文(學測),1.50,數學B(學測),1.00,歷史(分科),1.00,地理(分科),1.00,6,266.00,國文(學測),45,,,,,,12,,,,,國文→英文→數學B→歷史→地理,5,1,6,3,3,0,0,6
0607,國立清華大學,外國語文學系,英文(學測),2.00,國文(學測),1.50,歷史(分科),1.00,地理(分科),1.00,數學B(學測),1.00,20,303.50,,,,,,,,12,,,,A級,英文→國文→歷史→地理→數學B,11,9,20,5,15,0,0,20
0610,國立清華大學,人文社會學院學士班,英文(學測),1.50,數學B(學測),1.50,國文(學測),1.50,歷史(分科),1.00,公民與社會(分科),1.00,25,297.00,,,,,,,,13,,,,,英文→數學B→國文→歷史→公民與社會,15,10,25,14,11,0,0,25
0611,國立清華大學,教育與學習科技學系,國文(學測),2.00,英文(學測),2.00,數學B(學測),1.00,歷史(分科),1.00,,,8,273.00,國文(學測),55,,,,,,13,,,,,國文→英文→數學B→歷史,8,0,8,2,6,0,0,8
0612,國立清華大學,幼兒教育學系,英文(學測),2.00,國文(學測),2.00,歷史(分科),1.50,地理(分科),1.00,公民與社會(分科),1.00,10,355.00,,,,,,,,13,,,,,英文→國文→歷史→地理→公民與社會,8,2,10,3,7,0,0,10
0613,國立清華大學,特殊教育學系,國文(學測),2.00,英文(學測),2.00,歷史(分科),1.00,公民與社會(分科),1.00,,,12,283.00,國文(學測),58,,,,,,13,,,,,國文→英文→歷史→公民與社會,11,1,12,2,10,0,0,12
0614,國立清華大學,教育心理與諮商學系甲組,英文(學測),2.00,國文(學測),1.50,數學B(學測),1.50,公民與社會(分科),1.00,,,7,288.50,,,,,,,,13,,,,,英文→國文→數學B→公民與社會,7,0,7,5,2,0,0,7
0615,國立清華大學,教育心理與諮商學系乙組,英文(學測),2.00,國文(學測),1.50,數學B(學測),1.50,生物(分科),1.00,,,7,296.50,,,,,,,,13,,,,,英文→國文→數學B→生物,7,0,7,3,4,0,0,7
0616,國立清華大學,英語教學系,英文(學測),2.00,國文(學測),1.50,歷史(分科),1.00,數學B(學測),1.00,地理(分科),1.00,14,289.00,,,,,,,,13,,,,A級,英文→國文→歷史→數學B→地理,6,8,14,7,7,0,0,14
0617,國立清華大學,運動科學系,英文(學測),2.00,數學甲(分科),1.25,國文(學測),1.25,,,,,4,213.25,,,,,,,,13,,,,,英文→數學甲→國文,2,2,4,1,3,0,0,4
0620,國立清華大學,竹師教育學院學士班甲組(雙專長組),英文(學測),2.00,國文(學測),1.00,生物(分科),1.50,,,,,4,232.00,,,,,,,,13,數學A(均標) 或 數學B(均標),,,,英文→國文→生物,4,0,4,2,2,0,0,4
0621,國立清華大學,竹師教育學院學士班乙組(永續發展教育組),公民與社會(分科),1.50,地理(分科),1.75,英文(學測),2.00,國文(學測),1.00,數學B(學測),1.00,5,336.75,,,,,,,,13,,,,,公民與社會→地理→英文→國文→數學B,5,0,5,2,3,0,0,5
0622,國立清華大學,經濟學系第1組,英文(學測),2.00,數學甲(分科),2.00,國文(學測),1.00,,,,,20,236.00,英文(學測),54,,,,,,13,,,,B級,英文→數學甲→國文,17,3,20,13,7,0,0,20
0623,國立清華大學,經濟學系第2組,英文(學測),2.00,數學A(學測),2.00,國文(學測),1.00,歷史(分科),1.00,地理(分科),1.00,22,323.00,英文(學測),45,325.45,,,,,13,,,,B級,英文→數學A→國文→歷史→地理,18,3,21,13,8,1,0,22
0624,國立清華大學,科技管理學院學士班,數學甲(分科),1.50,英文(學測),1.00,物理(分科),1.00,化學(分科),1.00,,,16,206.50,,,210.05,,,,,13,,,,,數學甲→英文→物理→化學,9,6,15,11,4,0,1,16
0625,國立清華大學,計量財務金融學系,數學甲(分科),1.50,英文(學測),1.50,國文(學測),1.00,,,,,26,194.50,,,,,,,,13,,,,,數學甲→英文→國文,14,12,26,17,9,0,0,26
0626,國立清華大學,數學系甲組(數學組),數學甲(分科),2.00,物理(分科),1.50,英文(學測),1.50,化學(分科),1.00,數學A(學測),1.00,10,324.50,,,,,,,,13,,,,,數學甲→物理→英文→化學→數學A,6,4,10,9,1,0,0,10
0627,國立清華大學,數學系乙組(應用數學組),數學甲(分科),2.00,物理(分科),1.50,英文(學測),1.50,化學(分科),1.00,數學A(學測),1.00,10,326.50,,,,,,,,13,,,,,數學甲→物理→英文→化學→數學A,6,4,10,8,2,0,0,10
0630,國立清華大學,物理學系物理組(甲組一般組),物理(分科),1.50,數學甲(分科),1.50,英文(學測),1.00,化學(分科),1.00,國文(學測),1.00,16,293.50,,,,,,,,13,英文(均標),,,,物理→數學甲→英文→化學→國文,9,7,16,13,3,0,0,16
0631,國立清華大學,物理學系物理組(乙組天文物理組),物理(分科),1.50,數學甲(分科),1.50,英文(學測),1.00,化學(分科),1.00,國文(學測),1.00,1,299.00,,,,,,,,13,,,,,物理→數學甲→英文→化學→國文,1,0,1,0,1,0,0,1
0632,國立清華大學,物理學系光電物理組,物理(分科),1.50,數學甲(分科),1.50,英文(學測),1.00,化學(分科),1.00,國文(學測),1.00,4,301.00,物理(分科),54,,,,,,13,,,,,物理→數學甲→英文→化學→國文,4,0,4,3,1,0,0,4
0633,國立清華大學,化學系,化學(分科),1.00,物理(分科),1.00,數學甲(分科),1.00,英文(學測),1.00,國文(學測),1.00,35,241.00,化學(分科),50,,,,,,13,,,,,化學→物理→數學甲→英文→國文,27,8,35,26,9,0,0,35
0634,國立清華大學,理學院學士班,數學甲(分科),1.50,物理(分科),1.25,化學(分科),1.00,英文(學測),1.00,國文(學測),1.00,16,282.00,,,,,,,,13,數學A(前標),,,,數學甲→物理→化學→英文→國文,11,5,16,15,1,0,0,16
0635,國立清華大學,生醫工程與環境科學系,英文(學測),1.00,數學甲(分科),1.00,物理(分科),1.00,化學(分科),1.00,國文(學測),1.00,24,233.00,英文(學測),50,,,,,,13,,,,,英文→數學甲→物理→化學→國文,11,13,24,15,9,0,0,24
0636,國立清華大學,工程與系統科學系甲組(低碳綠能組),英文(學測),1.00,物理(分科),1.00,數學甲(分科),1.00,化學(分科),1.00,國文(學測),1.00,8,246.00,英文(學測),56,,,,,,13,,,,,英文→物理→數學甲→化學→國文,6,2,8,3,5,0,0,8
0637,國立清華大學,工程與系統科學系乙組(智慧奈米系統組),英文(學測),1.00,物理(分科),1.00,數學甲(分科),1.00,化學(分科),1.00,國文(學測),1.00,6,250.00,英文(學測),54,,,,,,13,,,,,英文→物理→數學甲→化學→國文,5,1,6,3,3,0,0,6
0640,國立清華大學,原子科學院學士班,英文(學測),1.00,數學甲(分科),1.00,物理(分科),1.00,化學(分科),1.00,國文(學測),1.00,6,243.00,英文(學測),50,,,,,,13,,,,,英文→數學甲→物理→化學→國文,6,0,6,5,1,0,0,6
0641,國立清華大學,化學工程學系,數學甲(分科),1.00,物理(分科),1.00,化學(分科),1.00,英文(學測),1.00,國文(學測),1.00,25,248.00,,,,,,,,13,英文(前標),,,,數學甲→物理→化學→英文→國文,17,8,25,13,12,0,0,25
0642,國立清華大學,動力機械工程學系甲組,數學甲(分科),1.00,物理(分科),1.00,英文(學測),1.00,化學(分科),1.00,國文(學測),1.00,3,254.00,,,,,,,,13,英文(前標),,,,數學甲→物理→英文→化學→國文,3,0,3,3,0,0,0,3
0643,國立清華大學,動力機械工程學系乙組,數學甲(分科),1.00,物理(分科),1.00,英文(學測),1.00,化學(分科),1.00,國文(學測),1.00,20,247.00,數學甲(分科),52,,,,,,13,,,,,數學甲→物理→英文→化學→國文,19,1,20,16,4,0,0,20
0644,國立清華大學,材料科學工程學系甲組,物理(分科),1.00,化學(分科),1.00,英文(學測),1.00,數學甲(分科),1.00,,,3,214.00,,,,,,,,13,英文(前標),,,,物理→化學→英文→數學甲,3,0,3,2,1,0,0,3
0645,國立清華大學,材料科學工程學系乙組,物理(分科),1.00,化學(分科),1.00,英文(學測),1.00,數學甲(分科),1.00,,,32,203.00,物理(分科),57,,,,,,13,,,,,物理→化學→英文→數學甲,18,14,32,26,6,0,0,32
0646,國立清華大學,工業工程與工程管理學系,數學甲(分科),1.50,英文(學測),1.50,物理(分科),1.00,國文(學測),1.00,,,23,234.00,數學甲(分科),46,,,,,,13,,,,,數學甲→英文→物理→國文,16,7,23,10,13,0,0,23
0647,國立清華大學,工學院學士班,數學甲(分科),1.00,物理(分科),1.00,化學(分科),1.00,英文(學測),1.00,國文(學測),1.00,7,252.00,數學甲(分科),54,,,,,,13,英文(前標),,,,數學甲→物理→化學→英文→國文,6,1,7,4,3,0,0,7
0650,國立清華大學,電機工程學系甲組,英文(學測),1.00,數學甲(分科),1.00,物理(分科),1.00,化學(分科),1.00,,,4,224.00,英文(學測),58,,,,,,14,,,,,英文→數學甲→物理→化學,4,0,4,3,1,0,0,4
0651,國立清華大學,電機工程學系乙組,數學甲(分科),1.00,物理(分科),1.00,化學(分科),1.00,,,,,16,162.00,(級分)數甲,60,,,,,,14,英文(頂標),,,,數學甲→物理→化學,14,2,16,15,1,0,0,16
0652,國立清華大學,資訊工程學系甲組(電子資訊組),數學甲(分科),1.00,英文(學測),1.00,物理(分科),1.00,國文(學測),1.00,化學(分科),1.00,5,265.00,數學甲(分科),58,,,,,,14,英文(前標),自然(前標),,,數學甲→英文→物理→國文→化學,5,0,5,5,0,0,0,5
0653,國立清華大學,資訊工程學系乙組(資訊工程組),數學甲(分科),1.00,英文(學測),1.00,物理(分科),1.00,國文(學測),1.00,化學(分科),1.00,26,261.00,數學甲(分科),46,,,,,,14,國文(均標),英文(前標),,,數學甲→英文→物理→國文→化學,15,11,26,23,3,0,0,26
0654,國立清華大學,資訊工程學系丙組(人工智慧組),數學甲(分科),1.00,英文(學測),1.00,物理(分科),1.00,國文(學測),1.00,化學(分科),1.00,10,261.00,數學甲(分科),52,,,,,,14,自然(前標),,,,數學甲→英文→物理→國文→化學,8,2,10,9,1,0,0,10
0655,國立清華大學,電機資訊學院學士班甲組,數學甲(分科),1.00,英文(學測),1.00,物理(分科),1.00,化學(分科),1.00,國文(學測),1.00,1,272.00,數學甲(分科),58,,,,,,14,英文(前標),,,,數學甲→英文→物理→化學→國文,1,0,1,1,0,0,0,1
0656,國立清華大學,電機資訊學院學士班乙組,數學甲(分科),1.00,英文(學測),1.00,物理(分科),1.00,化學(分科),1.00,國文(學測),1.00,16,264.00,數學甲(分科),48,268.65,,,,,14,,,,,數學甲→英文→物理→化學→國文,8,7,15,12,3,1,0,16
0657,國立清華大學,生命科學系,生物(分科),1.25,英文(學測),1.25,化學(分科),1.25,數學甲(分科),1.00,物理(分科),1.00,15,256.75,,,,,,,,14,,,,,生物→英文→化學→數學甲→物理,9,6,15,8,7,0,0,15
0660,國立清華大學,醫學科學系,生物(分科),1.50,化學(分科),1.50,英文(學測),1.50,數學甲(分科),1.00,物理(分科),1.00,7,314.50,,,,,,,,14,,,,,生物→化學→英文→數學甲→物理,5,2,7,4,3,0,0,7
0661,國立清華大學,生命科學暨醫學院學士班,生物(分科),1.00,化學(分科),1.00,物理(分科),1.00,數學甲(分科),1.00,,,9,178.00,生物(分科),53,,,,,,14,英文(前標),,,,生物→化學→物理→數學甲,5,4,9,5,4,0,0,9
0662,國立清華大學,藝術與設計學系創作組,美術(術科),2.00,國文(學測),1.50,英文(學測),1.00,歷史(分科),1.50,,,11,290.88,,,,,,,,14,,,,,術科→國文→英文→歷史,8,3,11,4,7,0,0,11
0663,國立清華大學,藝術與設計學系設計組,國文(學測),1.50,英文(學測),1.00,歷史(分科),1.50,,,,,11,196.50,國文(學測),49,,,,,,14,,,,,國文→英文→歷史,8,3,11,4,7,0,0,11
0664,國立清華大學,藝術學院學士班,英文(學測),1.50,國文(學測),1.50,自然(學測),1.00,物理(分科),1.00,,,10,234.50,,,,,,,,14,數學A(均標) 或 數學B(均標),,,,英文→國文→自然→物理,6,4,10,4,6,0,0,10
0665,中國醫藥大學,牙醫學系,英文(學測),1.00,生物(分科),1.00,化學(分科),1.00,物理(分科),1.00,數學甲(分科),1.00,34,264.00,英文(學測),55,332.10,,,,,14,,,,,英文→生物→化學→物理→數學甲,8,25,33,23,10,1,0,34
0666,中國醫藥大學,醫學系,物理(分科),1.00,化學(分科),1.00,生物(分科),1.00,數學甲(分科),1.00,國文(學測),1.00,16,273.00,,,274.05,,,,,14,,,,A級,物理→化學→生物→數學甲→國文,14,1,15,13,2,1,0,16
0667,中國醫藥大學,中醫學系甲組,國文(學測),1.25,生物(分科),1.00,英文(學測),1.00,化學(分科),1.00,數學甲(分科),1.25,14,295.25,,,297.60,,,,,14,,,,,國文→生物→英文→化學→數學甲,10,3,13,8,5,0,1,14
0670,中國醫藥大學,中醫學系乙組,國文(學測),1.25,生物(分科),1.00,英文(學測),1.00,化學(分科),1.00,數學甲(分科),1.25,11,293.25,國文(學測),58,300.05,,,,,14,,,,,國文→生物→英文→化學→數學甲,8,2,10,3,7,0,1,11
0671,中國醫藥大學,藥學系,化學(分科),1.00,英文(學測),1.00,生物(分科),1.00,數學A(學測),1.00,國文(學測),1.00,33,264.00,化學(分科),48,292.95,,,,,14,,,,,化學→英文→生物→數學A→國文,29,3,32,19,13,0,1,33
0672,中國醫藥大學,護理學系,生物(分科),1.00,英文(學測),1.00,國文(學測),1.00,,,,,26,126.00,生物(分科),43,136.35,,,,,14,,,,,生物→英文→國文,13,12,25,7,18,0,1,26
0673,中國醫藥大學,醫學檢驗生物技術學系,化學(分科),1.25,生物(分科),1.25,英文(學測),1.00,,,,,15,163.75,,,,,,,,14,,,,,化學→生物→英文,6,9,15,3,12,0,0,15
0674,中國醫藥大學,營養學系,英文(學測),2.00,生物(分科),2.00,國文(學測),1.00,,,,,17,220.00,英文(學測),50,,,,,,14,,,,,英文→生物→國文,9,8,17,6,11,0,0,17
0675,中國醫藥大學,物理治療學系,英文(學測),1.50,生物(分科),1.25,物理(分科),1.00,,,,,13,178.75,,,,,,,,14,,,,,英文→生物→物理,8,5,13,6,7,0,0,13
0676,中國醫藥大學,生物科技學系,英文(學測),1.25,國文(學測),1.25,生物(分科),1.50,,,,,25,175.50,,,182.70,,,,,14,,,,,英文→國文→生物,7,17,24,6,18,0,1,25
0677,中國醫藥大學,運動醫學系,英文(學測),2.00,生物(分科),2.00,國文(學測),1.00,,,,,15,211.00,,,,,,,,14,,,,,英文→生物→國文,6,9,15,4,11,0,0,15
0700,中國醫藥大學,中國藥學暨中藥資源學系,國文(學測),1.50,英文(學測),1.50,化學(分科),1.00,,,,,6,190.50,,,,,,,,14,,,,,國文→英文→化學,6,0,6,6,0,0,0,6
0701,中國醫藥大學,藥用化妝品學系,化學(分科),1.00,生物(分科),1.00,英文(學測),1.00,,,,,20,112.00,化學(分科),37,125.55,,,,,14,,,,,化學→生物→英文,6,13,19,4,15,0,1,20
0702,中國醫藥大學,生物醫學影像暨放射科學學系,生物(分科),1.00,英文(學測),1.00,物理(分科),1.00,,,,,15,122.00,生物(分科),52,,,,,,14,,,,,生物→英文→物理,7,8,15,9,6,0,0,15
0703,中國醫藥大學,公共衛生學院大一不分系,英文(學測),1.00,生物(分科),1.00,國文(學測),1.00,,,,,24,125.00,英文(學測),51,130.95,,,,,14,,,,,英文→生物→國文,18,4,22,9,13,2,0,24
0704,中國醫藥大學,生物醫學工程學系,國文(學測),1.50,英文(學測),1.50,生物(分科),1.00,,,,,15,192.50,國文(學測),52,236.65,,,,,14,,,,,國文→英文→生物,6,8,14,4,10,1,0,15
0705,中國醫藥大學,醫療資訊學系,生物(分科),1.25,英文(學測),1.25,數學甲(分科),1.00,,,,,6,134.50,,,,,,,,14,,,,,生物→英文→數學甲,6,0,6,3,3,0,0,6
0706,國立陽明交通大學,電機工程學系甲組(電資國際組),數學甲(分科),1.00,物理(分科),1.00,化學(分科),1.00,英文(學測),2.00,,,4,282.00,數學甲(分科),54,,,,,,14,,,,,數學甲→物理→化學→英文,4,0,4,3,1,0,0,4
0707,國立陽明交通大學,電機工程學系乙組(電機工程組),數學甲(分科),1.00,物理(分科),1.50,化學(分科),1.50,英文(學測),1.50,,,35,300.50,數學甲(分科),56,,,,,,14,自然(均標),,,,數學甲→物理→化學→英文,29,6,35,33,2,0,0,35
0710,國立陽明交通大學,電機工程學系丙組(醫學電資組),化學(分科),1.50,物理(分科),1.50,數學甲(分科),1.00,英文(學測),1.00,國文(學測),1.00,2,324.00,,,,,,,,15,,,,,化學→物理→數學甲→英文→國文,2,0,2,2,0,0,0,2
0711,國立陽明交通大學,光電工程學系,數學甲(分科),1.00,物理(分科),1.00,化學(分科),1.00,英文(學測),1.00,,,12,201.00,數學甲(分科),49,,,,,,15,,,,,數學甲→物理→化學→英文,5,7,12,10,2,0,0,12
0712,國立陽明交通大學,資訊工程學系甲組,數學甲(分科),1.00,英文(學測),1.00,物理(分科),1.00,化學(分科),1.00,國文(學測),1.00,5,270.00,數學甲(分科),56,,,,,,15,,,,,數學甲→英文→物理→化學→國文,5,0,5,3,2,0,0,5
0713,國立陽明交通大學,資訊工程學系乙組,數學甲(分科),1.00,英文(學測),1.00,物理(分科),1.00,化學(分科),1.00,國文(學測),1.00,25,265.00,,,,,,,,15,數學A(均標),,,,數學甲→英文→物理→化學→國文,21,4,25,20,5,0,0,25
0714,國立陽明交通大學,半導體工程學系固態電子組,數學甲(分科),1.50,物理(分科),1.50,化學(分科),1.00,英文(學測),1.00,國文(學測),1.00,8,309.50,,,310.15,,,,,15,,,,,數學甲→物理→化學→英文→國文,7,0,7,7,0,1,0,8
0715,國立陽明交通大學,半導體工程學系奈米科學組,數學甲(分科),1.50,物理(分科),1.50,化學(分科),1.00,英文(學測),1.00,國文(學測),1.00,4,306.50,數學甲(分科),51,,,,,,15,,,,,數學甲→物理→化學→英文→國文,4,0,4,4,0,0,0,4
0716,國立陽明交通大學,材料科學與工程學系-伊利諾雙聯組,物理(分科),1.00,化學(分科),1.00,數學甲(分科),1.00,自然(學測),1.00,英文(學測),1.00,3,263.00,物理(分科),56,,,,,,15,,,,,物理→化學→數學甲→自然→英文,3,0,3,3,0,0,0,3
0717,國立陽明交通大學,材料科學與工程學系,物理(分科),1.00,化學(分科),1.00,數學甲(分科),1.00,自然(學測),1.00,英文(學測),1.00,14,258.00,物理(分科),54,,,,,,15,,,,,物理→化學→數學甲→自然→英文,8,6,14,12,2,0,0,14
0720,國立陽明交通大學,機械工程學系,數學甲(分科),1.00,物理(分科),1.00,英文(學測),1.00,化學(分科),1.00,,,35,193.00,,,,,,,,15,國文(均標),,,,數學甲→物理→英文→化學,30,5,35,30,5,0,0,35
0721,國立陽明交通大學,土木工程學系(科技暨基礎建設永續發展組),數學甲(分科),1.00,物理(分科),1.00,英文(學測),1.00,化學(分科),1.00,,,31,178.00,數學甲(分科),37,,,,,,15,,,,,數學甲→物理→英文→化學,17,14,31,25,6,0,0,31
0722,國立陽明交通大學,理學院科學學士學位學程甲組,物理(分科),1.00,數學甲(分科),1.00,化學(分科),1.00,英文(學測),1.00,,,9,198.00,物理(分科),53,,,,,,15,,,,,物理→數學甲→化學→英文,7,2,9,9,0,0,0,9
0723,國立陽明交通大學,電子物理學系光電與奈米科學組,物理(分科),1.50,數學甲(分科),1.00,化學(分科),1.00,英文(學測),1.00,,,6,231.50,物理(分科),53,,,,,,15,,,,,物理→數學甲→化學→英文,4,2,6,6,0,0,0,6
0724,國立陽明交通大學,電子物理學系電子物理組,物理(分科),1.00,數學甲(分科),1.00,化學(分科),1.00,英文(學測),1.00,,,12,203.00,物理(分科),60,,,,,,15,,,,,物理→數學甲→化學→英文,6,6,12,11,1,0,0,12
0725,國立陽明交通大學,應用化學系,化學(分科),1.50,物理(分科),1.00,數學甲(分科),1.00,英文(學測),1.00,國文(學測),1.00,26,263.50,,,,,,,,15,,,,,化學→物理→數學甲→英文→國文,15,11,26,20,6,0,0,26
0726,國立陽明交通大學,應用數學系,數學甲(分科),2.00,物理(分科),1.50,化學(分科),1.00,英文(學測),1.50,,,11,283.50,,,,,,,,15,,,,,數學甲→物理→化學→英文,9,2,11,8,3,0,0,11
0727,國立陽明交通大學,生物科技學系甲組,生物(分科),1.50,化學(分科),1.25,英文(學測),1.25,數學甲(分科),1.00,物理(分科),1.00,20,272.50,,,,,,,,15,,,,,生物→化學→英文→數學甲→物理,12,8,20,11,9,0,0,20
0730,國立陽明交通大學,生物科技學系乙組,數學甲(分科),1.25,化學(分科),1.25,物理(分科),1.25,英文(學測),1.00,,,6,217.25,,,,,,,,15,,,,,數學甲→化學→物理→英文,4,2,6,6,0,0,0,6
0731,國立陽明交通大學,資訊管理與財務金融學系資訊管理組,數學甲(分科),2.00,英文(學測),1.50,國文(學測),1.00,,,,,4,234.50,,,,,,,,15,,,,,數學甲→英文→國文,3,1,4,1,3,0,0,4
0732,國立陽明交通大學,資訊管理與財務金融學系財務金融組(自然組),數學甲(分科),2.00,英文(學測),2.00,國文(學測),1.00,,,,,3,261.00,,,,,,,,15,,,,,數學甲→英文→國文,2,1,3,2,1,0,0,3
0733,國立陽明交通大學,資訊管理與財務金融學系財務金融組(社會組),數學A(學測),1.50,英文(學測),1.50,公民與社會(分科),1.00,,,,,1,211.00,,,,,,,,15,,,,,數學A→英文→公民與社會,1,0,1,1,0,0,0,1
0734,國立陽明交通大學,管理科學系(自然組),英文(學測),1.50,數學甲(分科),1.00,國文(學測),1.00,,,,,14,172.00,,,,,,,,15,,,,,英文→數學甲→國文,12,2,14,8,6,0,0,14
0735,國立陽明交通大學,管理科學系(社會組),英文(學測),1.50,數學A(學測),1.00,歷史(分科),1.00,,,,,11,162.50,英文(學測),57,,,,,,15,國文(前標),,,,英文→數學A→歷史,5,6,11,2,9,0,0,11
0736,國立陽明交通大學,運輸與物流管理學系,數學甲(分科),1.50,英文(學測),1.50,國文(學測),1.00,物理(分科),1.00,,,16,222.50,,,,,,,,15,,,,,數學甲→英文→國文→物理,12,4,16,11,5,0,0,16
0737,國立陽明交通大學,工業工程與管理學系,數學甲(分科),1.00,英文(學測),1.00,國文(學測),1.00,物理(分科),1.00,,,22,187.00,數學甲(分科),41,,,,,,15,,,,,數學甲→英文→國文→物理,19,3,22,15,7,0,0,22
0740,國立陽明交通大學,外國語文學系,英文(學測),2.00,國文(學測),1.50,地理(分科),1.00,歷史(分科),1.00,,,25,267.50,,,,,,,,15,數學B(均標),,,,英文→國文→地理→歷史,11,14,25,7,18,0,0,25
0741,國立陽明交通大學,傳播與科技學系,國文(學測),1.50,英文(學測),1.50,歷史(分科),1.00,地理(分科),1.00,,,14,249.00,國文(學測),54,,,,,,15,數學A(均標) 或 數學B(均標),,,,國文→英文→歷史→地理,10,4,14,3,11,0,0,14
0742,國立陽明交通大學,人文社會學系,國文(學測),1.00,英文(學測),1.00,公民與社會(分科),1.00,歷史(分科),1.00,地理(分科),1.00,27,240.00,國文(學測),48,278.10,,,,,15,,,,,國文→英文→公民與社會→歷史→地理,17,9,26,8,18,0,1,27
0743,國立陽明交通大學,醫學系(自費),英文(學測),1.00,生物(分科),1.00,化學(分科),1.00,數學甲(分科),1.00,物理(分科),1.00,29,284.00,英文(學測),53,336.15,,,,,15,國文(前標),,,,英文→生物→化學→數學甲→物理,28,0,28,23,5,1,0,29
0744,國立陽明交通大學,醫學系(公費),英文(學測),1.00,生物(分科),1.00,化學(分科),1.00,數學甲(分科),1.00,物理(分科),1.00,3,262.00,英文(學測),55,,,,,,15,國文(前標),,,,英文→生物→化學→數學甲→物理,3,0,3,3,0,0,0,3
0745,國立陽明交通大學,牙醫學系,生物(分科),1.00,化學(分科),1.00,英文(學測),1.00,數學甲(分科),1.00,物理(分科),1.00,28,275.00,生物(分科),54,317.25,,,,,15,國文(前標),,,A級,生物→化學→英文→數學甲→物理,16,11,27,19,8,0,1,28
0746,國立陽明交通大學,醫學生物技術暨檢驗學系,化學(分科),2.00,英文(學測),1.75,生物(分科),1.75,數學甲(分科),1.00,國文(學測),1.00,18,370.50,,,,,,,,15,,,,,化學→英文→生物→數學甲→國文,16,2,18,8,10,0,0,18
0747,國立陽明交通大學,生物醫學影像暨放射科學系,數學甲(分科),1.25,化學(分科),1.25,物理(分科),1.25,英文(學測),1.00,生物(分科),1.00,24,252.00,數學甲(分科),35,,,,,,15,,,,,數學甲→化學→物理→英文→生物,15,9,24,11,13,0,0,24
0750,國立陽明交通大學,物理治療暨輔助科技學系,生物(分科),1.25,英文(學測),1.25,物理(分科),1.00,數學甲(分科),1.00,化學(分科),1.00,22,267.00,,,,,,,,16,,,,,生物→英文→物理→數學甲→化學,20,2,22,11,11,0,0,22
0751,國立陽明交通大學,護理學系,英文(學測),1.50,生物(分科),1.00,化學(分科),1.00,數學甲(分科),1.00,國文(學測),1.00,14,249.50,英文(學測),55,,,,,,16,,,,,英文→生物→化學→數學甲→國文,9,5,14,1,13,0,0,14
0752,國立陽明交通大學,生命科學系暨基因體科學研究所,數學甲(分科),1.00,物理(分科),1.00,化學(分科),1.25,生物(分科),1.50,英文(學測),1.25,16,271.00,,,,,,,,16,,,,,數學甲→物理→化學→生物→英文,7,9,16,8,8,0,0,16
0753,國立陽明交通大學,生物醫學工程學系,數學甲(分科),1.00,物理(分科),1.00,化學(分科),1.00,英文(學測),1.00,,,18,190.00,,,,,,,,16,,,,,數學甲→物理→化學→英文,11,7,18,15,3,0,0,18
0754,國立陽明交通大學,學士班大一大二不分系,數學甲(分科),1.00,物理(分科),1.00,化學(分科),1.00,生物(分科),1.00,英文(學測),1.00,3,253.00,,,,,,,,16,,,,,數學甲→物理→化學→生物→英文,3,0,3,3,0,0,0,3
0755,國立陽明交通大學,藥學系,化學(分科),1.00,數學甲(分科),1.00,英文(學測),1.00,生物(分科),1.00,物理(分科),1.00,19,258.00,化學(分科),55,,,,,,16,國文(均標),,,,化學→數學甲→英文→生物→物理,7,12,19,13,6,0,0,19
0756,國立陽明交通大學,中醫學系,生物(分科),1.00,英文(學測),1.00,化學(分科),1.00,數學甲(分科),1.00,國文(學測),1.00,17,267.00,生物(分科),53,302.40,,,,,16,,,,,生物→英文→化學→數學甲→國文,16,0,16,5,11,1,0,17
0757,淡江大學,中國文學學系,國文(學測),2.00,歷史(分科),1.50,英文(學測),1.00,,,,,41,118.00,,,,,,,,16,,,,,國文→歷史→英文,20,21,41,13,28,0,0,41
0760,淡江大學,歷史學系,歷史(分科),2.00,國文(學測),1.50,英文(學測),1.00,,,,,42,135.00,(級分)歷,38,,,,,,16,,,,,歷史→國文→英文,24,18,42,33,9,0,0,42
0761,淡江大學,資訊與圖書館學系,英文(學測),1.00,國文(學測),2.00,公民與社會(分科),1.00,,,,,64,106.00,英文(學測),7,109.10,,,,,16,,,,,英文→國文→公民與社會,34,29,63,28,35,0,1,64
0762,淡江大學,大眾傳播學系,英文(學測),1.00,國文(學測),1.00,公民與社會(分科),1.00,,,,,66,88.00,英文(學測),19,,,,,,16,,,,,英文→國文→公民與社會,30,36,66,18,48,0,0,66
0763,淡江大學,資訊傳播學系,國文(學測),2.00,英文(學測),1.00,數學B(學測),1.00,公民與社會(分科),1.00,,,33,144.00,國文(學測),37,,,,,,16,,,,,國文→英文→數學B→公民與社會,18,15,33,14,19,0,0,33
0764,淡江大學,教育科技學系,公民與社會(分科),1.50,國文(學測),1.50,英文(學測),1.00,,,,,40,107.00,,,,,,,,16,,,,,公民與社會→國文→英文,36,4,40,17,23,0,0,40
0765,淡江大學,教育與未來設計學系,公民與社會(分科),2.00,國文(學測),2.00,英文(學測),1.00,,,,,19,143.00,,,,,,,,16,,,,,公民與社會→國文→英文,16,3,19,2,17,0,0,19
0766,淡江大學,英文學系,英文(學測),2.00,國文(學測),1.00,歷史(分科),1.00,,,,,60,100.00,,,107.30,,,,,16,,,,,英文→國文→歷史,24,34,58,24,34,1,1,60
0767,淡江大學,英文學系全英語學士班,英文(學測),2.00,國文(學測),1.00,歷史(分科),1.00,,,,,19,79.00,英文(學測),14,,,,,,16,,,,,英文→國文→歷史,6,13,19,7,12,0,0,19
0770,淡江大學,法國語文學系,英文(學測),1.00,國文(學測),1.00,歷史(分科),1.00,,,,,39,77.00,英文(學測),13,90.45,,81.25,,,16,,,,,英文→國文→歷史,15,22,37,15,22,0,2,39
0771,淡江大學,德國語文學系,英文(學測),1.00,國文(學測),1.00,地理(分科),1.00,,,,,31,73.00,,,,,,,,16,,,,,英文→國文→地理,15,16,31,9,22,0,0,31
0772,淡江大學,西班牙語文學系,英文(學測),1.00,國文(學測),1.00,歷史(分科),1.00,,,,,26,91.00,,,,,,,,16,,,,,英文→國文→歷史,15,11,26,7,19,0,0,26
0773,淡江大學,日本語文學系,國文(學測),2.00,英文(學測),1.00,歷史(分科),1.00,,,,,59,138.00,國文(學測),39,140.30,,,,,16,,,,,國文→英文→歷史,51,7,58,24,34,1,0,59
0774,淡江大學,俄國語文學系,英文(學測),1.00,國文(學測),1.00,歷史(分科),1.00,,,,,17,71.00,,,,,,,,16,,,,,英文→國文→歷史,8,9,17,7,10,0,0,17
0775,淡江大學,財務金融學系,數學B(學測),2.00,國文(學測),1.00,公民與社會(分科),1.00,,,,,67,139.00,數學B(學測),29,,,,,,16,,,,,數學B→國文→公民與社會,43,24,67,42,25,0,0,67
0776,淡江大學,財務金融學系全球財務管理全英語學士班,英文(學測),2.00,公民與社會(分科),1.50,數學B(學測),1.00,,,,,11,133.50,,,,,,,,16,,,,,英文→公民與社會→數學B,11,0,11,8,3,0,0,11
0777,淡江大學,產業經濟學系,公民與社會(分科),2.00,數學B(學測),1.50,國文(學測),1.00,,,,,33,129.50,,,,,,,,16,,,,,公民與社會→數學B→國文,21,12,33,19,14,0,0,33
1000,淡江大學,國際企業學系經貿管理組,英文(學測),1.50,歷史(分科),1.50,數學B(學測),1.00,,,,,45,110.00,英文(學測),24,,,,,,16,,,,,英文→歷史→數學B,31,14,45,19,26,0,0,45
1001,淡江大學,國際企業學系國際商學全英語組,英文(學測),2.00,歷史(分科),1.50,數學B(學測),1.00,,,,,14,112.50,,,,,,,,16,,,,,英文→歷史→數學B,5,9,14,5,9,0,0,14
1002,淡江大學,風險管理與保險學系,數學B(學測),1.00,國文(學測),1.00,歷史(分科),1.00,,,,,66,81.00,數學B(學測),9,83.70,,,,,16,,,,,數學B→國文→歷史,31,34,65,43,22,1,0,66
1003,淡江大學,經濟學系,數學B(學測),2.00,國文(學測),1.00,公民與社會(分科),1.00,,,,,81,116.00,數學B(學測),21,,,,,,16,,,,,數學B→國文→公民與社會,41,40,81,51,30,0,0,81
1004,淡江大學,會計學系,公民與社會(分科),1.50,國文(學測),1.50,數學B(學測),1.00,,,,,117,130.50,,,140.30,,,,,16,,,,,公民與社會→國文→數學B,76,40,116,49,67,0,1,117
1005,淡江大學,企業管理學系,國文(學測),1.50,歷史(分科),1.50,數學B(學測),1.00,,,,,84,129.00,國文(學測),43,,,,,,16,,,,,國文→歷史→數學B,58,26,84,45,39,0,0,84
1006,淡江大學,統計學系,數學B(學測),1.50,地理(分科),1.50,國文(學測),1.00,,,,,27,122.50,,,,,,,,16,,,,,數學B→地理→國文,20,7,27,17,10,0,0,27
1007,淡江大學,資訊管理學系,數學B(學測),1.50,英文(學測),1.50,公民與社會(分科),1.00,,,,,92,102.00,數學B(學測),27,,,,,,17,,,,,數學B→英文→公民與社會,63,29,92,67,25,0,0,92
1010,淡江大學,運輸管理學系,國文(學測),2.00,地理(分科),1.50,數學B(學測),1.00,,,,,32,150.00,,,,,,,,17,,,,,國文→地理→數學B,17,15,32,22,10,0,0,32
1011,淡江大學,公共行政學系,國文(學測),1.50,公民與社會(分科),1.00,歷史(分科),1.00,,,,,56,127.00,,,133.10,,,,,17,,,,,國文→公民與社會→歷史,30,25,55,26,29,0,1,56
1012,淡江大學,管理科學學系,國文(學測),1.00,數學B(學測),1.00,公民與社會(分科),1.00,,,,,36,81.00,,,,,,,,17,,,,,國文→數學B→公民與社會,17,19,36,15,21,0,0,36
1013,淡江大學,外交與國際關係學系全英語學士班,英文(學測),1.50,歷史(分科),1.00,國文(學測),1.00,,,,,12,96.00,,,,,,,,17,,,,,英文→歷史→國文,7,5,12,5,7,0,0,12
1014,淡江大學,國際觀光管理學系全英語學士班,英文(學測),1.25,國文(學測),1.00,地理(分科),1.00,,,,,22,63.00,,,,,,,,17,,,,,英文→國文→地理,14,8,22,10,12,0,0,22
1015,淡江大學,全球政治經濟學系全英語學士班,英文(學測),2.00,國文(學測),1.00,公民與社會(分科),1.00,,,,,18,67.00,,,,,,,,17,,,,,英文→國文→公民與社會,4,21,25,14,4,0,0,18
1016,淡江大學,應用數學與數據科學學系,數學甲(分科),2.00,英文(學測),1.00,國文(學測),1.00,,,,,21,119.00,,,,,,,,17,,,,,數學甲→英文→國文,17,4,21,15,6,0,0,21
1017,淡江大學,化學學系,化學(分科),2.00,英文(學測),1.00,數學A(學測),1.00,,,,,24,120.00,,,,,,,,17,,,,,化學→英文→數學A,22,2,24,9,15,0,0,24
1020,淡江大學,物理學系(量子材料組),物理(分科),2.00,數學A(學測),1.50,英文(學測),1.00,,,,,25,123.00,物理(分科),26,,,,,,17,,,,,物理→數學A→英文,17,8,25,21,4,0,0,25
1021,淡江大學,物理學系(天文與基礎物理組),物理(分科),2.00,數學A(學測),1.50,英文(學測),1.00,國文(學測),1.00,,,13,156.50,物理(分科),25,,,,,,17,,,,,物理→數學A→英文→國文,12,1,13,8,5,0,0,13
1022,淡江大學,建築學系,英文(學測),2.00,國文(學測),2.00,物理(分科),1.50,,,,,19,197.50,,,,,,,,17,數學A(後標) 或 數學B(後標),,,,英文→國文→物理,8,11,19,4,15,0,0,19
1023,淡江大學,土木工程學系,物理(分科),1.25,數學甲(分科),1.00,國文(學測),2.00,,,,,39,136.00,物理(分科),24,,,,,,17,,,,,物理→數學甲→國文,28,11,39,35,4,0,0,39
1024,淡江大學,資訊工程學系,數學甲(分科),2.00,英文(學測),1.00,國文(學測),2.00,,,,,63,181.00,數學甲(分科),30,193.55,,,,,17,,,,,數學甲→英文→國文,52,8,60,41,19,3,0,63
1025,淡江大學,資訊工程學系全英語學士班,英文(學測),2.00,數學B(學測),2.00,歷史(分科),1.00,,,,,16,113.00,,,,,,,,17,,,,,英文→數學B→歷史,7,9,16,16,0,0,0,16
1026,淡江大學,機械與機電工程學系,物理(分科),1.00,國文(學測),2.00,英文(學測),1.00,,,,,36,144.00,(級分)物,16,,,,,,17,數學A(底標) 或 數學B(後標),,,,物理→國文→英文,28,8,36,28,8,0,0,36
1027,淡江大學,電機工程學系電機資訊組,物理(分科),1.50,英文(學測),1.00,國文(學測),1.00,,,,,32,129.00,物理(分科),32,138.70,,,,,17,數學A(後標) 或 數學B(均標),,,,物理→英文→國文,20,11,31,26,5,0,1,32
1030,淡江大學,電機工程學系電機通訊組,物理(分科),1.50,英文(學測),1.00,國文(學測),1.00,,,,,15,124.00,物理(分科),38,,,,,,17,數學A(後標) 或 數學B(均標),,,,物理→英文→國文,13,2,15,12,3,0,0,15
1031,淡江大學,電機工程學系電機與系統組,物理(分科),1.50,英文(學測),1.00,國文(學測),1.00,,,,,12,128.00,,,,,,,,17,數學A(後標) 或 數學B(均標),,,,物理→英文→國文,11,1,12,8,4,0,0,12
1032,淡江大學,化學工程與材料工程學系,化學(分科),1.50,數學甲(分科),1.00,國文(學測),1.00,,,,,51,115.50,,,135.65,,,,,17,,,,,化學→數學甲→國文,29,21,50,29,21,1,0,51
1033,淡江大學,航空太空工程學系,物理(分科),1.00,數學甲(分科),1.00,英文(學測),1.00,,,,,35,82.00,物理(分科),33,,,,,,17,,,,,物理→數學甲→英文,28,7,35,29,6,0,0,35
1034,淡江大學,水資源及環境工程學系,國文(學測),2.00,英文(學測),1.00,數學甲(分科),1.00,,,,,12,134.00,國文(學測),48,,,,,,17,,,,,國文→英文→數學甲,12,0,12,9,3,0,0,12
1035,淡江大學,人工智慧學系,英文(學測),1.00,國文(學測),1.00,物理(分科),1.00,,,,,35,100.00,英文(學測),42,121.50,,,,,17,數學A(後標) 或 數學B(後標),,,,英文→國文→物理,29,5,34,29,5,1,0,35
1036,逢甲大學,機械與電腦輔助工程學系,國文(學測),2.00,數學甲(分科),1.50,物理(分科),1.25,,,,,23,164.25,國文(學測),51,166.30,,,,,17,,,,,國文→數學甲→物理,11,11,22,20,2,1,0,23
1037,逢甲大學,纖維與複合材料學系,數學甲(分科),2.00,化學(分科),2.00,英文(學測),1.00,國文(學測),2.00,,,27,225.00,,,,,,,,17,,,,,數學甲→化學→英文→國文,7,20,27,19,8,0,0,27
1040,逢甲大學,工業工程與系統管理學系A組,國文(學測),2.00,英文(學測),2.00,數學甲(分科),1.00,,,,,8,185.00,,,,,,,,17,,,,,國文→英文→數學甲,6,2,8,5,3,0,0,8
1041,逢甲大學,工業工程與系統管理學系B組,國文(學測),2.00,英文(學測),2.00,數學B(學測),1.00,地理(分科),1.00,,,9,201.00,,,,,,,,17,,,,,國文→英文→數學B→地理,5,4,9,8,1,0,0,9
1042,逢甲大學,化學工程學系,化學(分科),2.00,數學甲(分科),1.00,英文(學測),1.00,物理(分科),2.00,國文(學測),2.00,34,273.00,化學(分科),38,,,,,,17,,,,,化學→數學甲→英文→物理→國文,26,8,34,24,10,0,0,34
1043,逢甲大學,航太與系統工程學系,數學A(學測),1.50,物理(分科),1.75,英文(學測),1.00,國文(學測),2.00,,,16,233.00,數學A(學測),39,249.25,,,,,17,,,,,數學A→物理→英文→國文,12,3,15,8,7,1,0,16
1044,逢甲大學,精密系統設計學士學位學程,物理(分科),1.50,數學甲(分科),2.00,國文(學測),2.00,英文(學測),1.00,,,12,208.50,物理(分科),37,,,,,,17,,,,,物理→數學甲→國文→英文,7,5,12,11,1,0,0,12
1045,逢甲大學,應用數學系A組,數學甲(分科),2.00,英文(學測),1.50,國文(學測),2.00,,,,,19,183.50,數學甲(分科),36,,,,,,17,,,,,數學甲→英文→國文,8,11,19,12,7,0,0,19
1046,逢甲大學,應用數學系B組,數學B(學測),2.00,英文(學測),1.25,國文(學測),1.75,物理(分科),1.00,,,13,199.50,,,,,,,,17,,,,,數學B→英文→國文→物理,8,5,13,9,4,0,0,13
1047,逢甲大學,材料科學與工程學系,化學(分科),2.00,英文(學測),2.00,數學甲(分科),1.00,物理(分科),1.50,國文(學測),1.00,24,265.00,化學(分科),38,,,,,,18,,,,,化學→英文→數學甲→物理→國文,24,0,24,19,5,0,0,24
1050,逢甲大學,環境工程與科學學系,數學甲(分科),1.75,化學(分科),2.00,國文(學測),2.00,英文(學測),1.00,,,17,216.50,,,,,,,,18,,,,,數學甲→化學→國文→英文,11,6,17,13,4,0,0,17
1051,逢甲大學,光電科學與工程學系,數學甲(分科),1.50,英文(學測),1.50,國文(學測),2.00,,,,,33,181.50,數學甲(分科),22,,,,,,18,,,,,數學甲→英文→國文,31,2,33,22,11,0,0,33
1052,逢甲大學,會計學系,英文(學測),1.50,國文(學測),1.50,數學B(學測),1.25,地理(分科),1.00,歷史(分科),1.00,49,192.75,英文(學測),19,216.25,,,,,18,,,,,英文→國文→數學B→地理→歷史,21,27,48,20,28,1,0,49
1053,逢甲大學,國際經營與貿易學系,英文(學測),2.00,數學B(學測),1.00,國文(學測),1.00,地理(分科),1.00,,,36,142.00,英文(學測),23,,,,,,18,,,,,英文→數學B→國文→地理,22,14,36,17,19,0,0,36
1054,逢甲大學,國際企業管理全英語學士學位學程,英文(學測),2.00,數學B(學測),1.50,國文(學測),1.50,地理(分科),1.00,,,4,164.00,,,,,,,,18,,,,,英文→數學B→國文→地理,4,0,4,1,3,0,0,4
1055,逢甲大學,財稅學系,英文(學測),1.50,數學B(學測),1.50,國文(學測),1.25,歷史(分科),1.00,,,12,157.00,,,,,,,,18,,,,,英文→數學B→國文→歷史,10,2,12,8,4,0,0,12
1056,逢甲大學,合作經濟暨社會事業經營學系,英文(學測),2.00,國文(學測),1.50,歷史(分科),1.00,數學B(學測),1.00,,,5,157.00,,,,,,,,18,,,,,英文→國文→歷史→數學B,4,1,5,3,2,0,0,5
1057,逢甲大學,統計學系商業大數據組,數學B(學測),2.00,英文(學測),1.50,國文(學測),1.00,地理(分科),1.00,,,11,152.50,數學B(學測),41,,,,,,18,,,,,數學B→英文→國文→地理,8,3,11,10,1,0,0,11
1060,逢甲大學,統計學系大數據分析與市場決策組,數學B(學測),2.00,英文(學測),1.50,地理(分科),1.00,,,,,12,114.50,數學B(學測),28,122.40,,,,,18,,,,,數學B→英文→地理,7,4,11,10,1,0,1,12
1061,逢甲大學,經濟學系,數學B(學測),1.50,英文(學測),1.50,公民與社會(分科),1.50,國文(學測),1.00,,,24,168.00,數學B(學測),26,,,,,,18,,,,,數學B→英文→公民與社會→國文,12,12,24,17,7,0,0,24
1062,逢甲大學,企業管理學系,英文(學測),2.00,國文(學測),1.50,數學B(學測),1.00,歷史(分科),1.50,,,50,176.00,英文(學測),41,,,,,,18,,,,,英文→國文→數學B→歷史,13,37,50,31,19,0,0,50
1063,逢甲大學,行銷學系,國文(學測),2.00,英文(學測),2.00,數學B(學測),1.75,歷史(分科),1.00,,,23,196.50,國文(學測),42,,,,,,18,,,,,國文→英文→數學B→歷史,11,12,23,7,16,0,0,23
1064,逢甲大學,中國文學系,國文(學測),2.00,歷史(分科),2.00,英文(學測),1.25,,,,,11,179.25,,,,,,,,18,,,,,國文→歷史→英文,6,5,11,4,7,0,0,11
1065,逢甲大學,外國語文學系,英文(學測),2.00,國文(學測),1.75,歷史(分科),1.50,,,,,40,156.50,,,,,,,,18,,,,,英文→國文→歷史,11,29,40,20,20,0,0,40
1066,逢甲大學,資訊工程學系,數學甲(分科),1.50,英文(學測),1.50,國文(學測),1.00,,,,,33,154.00,數學甲(分科),34,,,,,,18,,,,,數學甲→英文→國文,28,5,33,27,6,0,0,33
1067,逢甲大學,電子工程學系,數學甲(分科),1.75,英文(學測),1.00,國文(學測),1.00,,,,,23,142.75,,,,,,,,18,,,,,數學甲→英文→國文,20,3,23,16,7,0,0,23
1070,逢甲大學,電機工程學系,數學甲(分科),1.25,物理(分科),1.25,國文(學測),1.50,英文(學測),1.00,,,49,192.00,數學甲(分科),29,,,,,,18,,,,,數學甲→物理→國文→英文,33,16,49,37,12,0,0,49
1071,逢甲大學,自動控制工程學系,數學甲(分科),1.75,英文(學測),1.00,國文(學測),1.25,,,,,21,140.25,數學甲(分科),32,,,,,,18,,,,,數學甲→英文→國文,18,3,21,16,5,0,0,21
1072,逢甲大學,資訊電機學院學士班,數學甲(分科),1.50,國文(學測),1.50,英文(學測),1.00,,,,,24,153.00,,,,,,,,18,,,,,數學甲→國文→英文,21,3,24,17,7,0,0,24
1073,逢甲大學,通訊工程學系,數學甲(分科),2.00,國文(學測),1.75,英文(學測),1.50,,,,,22,190.25,數學甲(分科),34,,,,,,18,,,,,數學甲→國文→英文,17,5,22,11,11,0,0,22
1074,逢甲大學,土木工程學系,國文(學測),2.00,數學甲(分科),1.50,物理(分科),2.00,英文(學測),1.00,,,15,208.50,,,,,,,,18,,,,,國文→數學甲→物理→英文,10,5,15,13,2,0,0,15
1075,逢甲大學,水利工程與資源保育學系,數學甲(分科),1.00,英文(學測),2.00,國文(學測),2.00,,,,,17,172.00,數學甲(分科),22,,,,,,18,,,,,數學甲→英文→國文,9,8,17,13,4,0,0,17
1076,逢甲大學,都市計畫與空間資訊學系,國文(學測),2.00,地理(分科),2.00,英文(學測),1.00,數學B(學測),1.00,,,23,201.00,,,,,,,,18,,,,,國文→地理→英文→數學B,10,13,23,17,6,0,0,23
1077,逢甲大學,運輸與物流學系,英文(學測),2.00,國文(學測),2.00,數學B(學測),1.75,公民與社會(分科),1.00,,,14,203.25,,,,,,,,18,,,,,英文→國文→數學B→公民與社會,10,4,14,9,5,0,0,14
1100,逢甲大學,土地管理學系,國文(學測),1.50,地理(分科),1.50,英文(學測),1.00,歷史(分科),1.00,數學B(學測),1.00,13,207.50,,,,,,,,18,,,,,國文→地理→英文→歷史→數學B,11,2,13,8,5,0,0,13
1101,逢甲大學,財務金融學系,英文(學測),1.50,數學B(學測),1.00,國文(學測),1.00,公民與社會(分科),1.00,,,35,152.00,英文(學測),32,,,,,,18,,,,,英文→數學B→國文→公民與社會,21,14,35,20,15,0,0,35
1102,逢甲大學,風險管理與保險學系,國文(學測),1.50,地理(分科),1.50,英文(學測),1.00,數學B(學測),1.00,,,12,159.00,,,,,,,,18,,,,,國文→地理→英文→數學B,10,2,12,5,7,0,0,12
1103,逢甲大學,財務工程與精算學士學位學程,數學B(學測),2.00,英文(學測),1.50,地理(分科),1.25,國文(學測),1.00,,,12,164.00,,,,,,,,18,,,,,數學B→英文→地理→國文,10,2,12,8,4,0,0,12
1104,逢甲大學,建築專業學院學士班,國文(學測),2.00,英文(學測),2.00,數學A(學測),1.75,物理(分科),1.00,,,12,241.75,,,,,,,,18,,,,,國文→英文→數學A→物理,9,3,12,6,6,0,0,12
1105,逢甲大學,室內設計學士學位學程,國文(學測),2.00,歷史(分科),2.00,數學B(學測),1.75,英文(學測),1.00,,,9,232.50,,,,,,,,18,,,,,國文→歷史→數學B→英文,5,4,9,6,3,0,0,9
1106,逢甲大學,人工智慧技術與應用學士學位學程,數學甲(分科),1.50,英文(學測),1.25,國文(學測),1.00,,,,,8,138.00,,,,,,,,18,,,,,數學甲→英文→國文,8,0,8,5,3,0,0,8
1107,國立中央大學,中國文學系,國文(學測),2.00,英文(學測),1.50,歷史(分科),1.50,地理(分科),1.00,,,21,276.50,國文(學測),53,,,,,,18,,,,,國文→英文→歷史→地理,10,11,21,8,13,0,0,21
1110,國立中央大學,英美語文學系,英文(學測),2.00,國文(學測),1.50,歷史(分科),1.25,地理(分科),1.00,,,24,270.25,,,,,,,,19,,,,,英文→國文→歷史→地理,11,13,24,5,19,0,0,24
1111,國立中央大學,法國語文學系,英文(學測),2.00,國文(學測),1.50,歷史(分科),1.25,公民與社會(分科),1.00,地理(分科),1.00,21,316.25,,,,,,,,19,,,,,英文→國文→歷史→公民與社會→地理,13,8,21,4,17,0,0,21
1112,國立中央大學,文學院學士班,英文(學測),1.00,歷史(分科),1.25,公民與社會(分科),1.25,國文(學測),1.00,數學B(學測),1.00,12,239.00,,,,,,,,19,,,,,英文→歷史→公民與社會→國文→數學B,6,6,12,5,7,0,0,12
1113,國立中央大學,數學系計算與資料科學組,數學甲(分科),1.50,物理(分科),1.25,英文(學測),1.25,國文(學測),1.00,,,12,211.50,,,,,,,,19,數學A(前標),,,,數學甲→物理→英文→國文,10,2,12,7,5,0,0,12
1114,國立中央大學,數學系數學科學組,數學甲(分科),1.50,物理(分科),1.25,英文(學測),1.25,國文(學測),1.00,,,18,208.75,,,,,,,,19,數學A(前標),,,,數學甲→物理→英文→國文,7,11,18,17,1,0,0,18
1115,國立中央大學,物理學系,物理(分科),1.50,數學甲(分科),1.50,英文(學測),1.00,國文(學測),1.00,,,18,223.00,,,,,,,,19,,,,,物理→數學甲→英文→國文,9,9,18,13,5,0,0,18
1116,國立中央大學,化學學系,化學(分科),1.00,英文(學測),1.00,數學甲(分科),1.00,物理(分科),1.00,國文(學測),1.00,25,225.00,化學(分科),52,,,,,,19,,,,,化學→英文→數學甲→物理→國文,10,15,25,14,11,0,0,25
1117,國立中央大學,光電科學與工程學系,數學甲(分科),1.00,物理(分科),1.00,英文(學測),1.00,化學(分科),1.00,,,20,182.00,數學甲(分科),50,,,,,,19,,,,,數學甲→物理→英文→化學,9,11,20,20,0,0,0,20
1120,國立中央大學,理學院學士班,數學甲(分科),1.50,物理(分科),1.50,化學(分科),1.50,英文(學測),1.00,國文(學測),1.00,9,290.00,,,,,,,,19,,,,,數學甲→物理→化學→英文→國文,4,5,9,7,2,0,0,9
1121,國立中央大學,土木工程學系,數學甲(分科),2.00,物理(分科),2.00,英文(學測),1.50,國文(學測),1.00,化學(分科),1.00,69,303.00,數學甲(分科),49,,,,,,19,,,,,數學甲→物理→英文→國文→化學,33,36,69,51,18,0,0,69
1122,國立中央大學,機械工程學系先進材料與精密製造組,物理(分科),2.00,英文(學測),1.50,數學甲(分科),2.00,化學(分科),1.00,國文(學測),1.00,16,332.00,,,,,,,,19,,,,,物理→英文→數學甲→化學→國文,10,6,16,13,3,0,0,16
1123,國立中央大學,機械工程學系光機電工程組,物理(分科),2.00,英文(學測),1.50,數學甲(分科),2.00,化學(分科),1.00,國文(學測),1.00,15,333.00,,,,,,,,19,,,,,物理→英文→數學甲→化學→國文,8,7,15,13,2,0,0,15
1124,國立中央大學,機械工程學系設計與分析組,物理(分科),2.00,英文(學測),1.50,數學甲(分科),2.00,化學(分科),1.00,國文(學測),1.00,18,327.50,,,,,,,,19,,,,,物理→英文→數學甲→化學→國文,8,10,18,14,4,0,0,18
1125,國立中央大學,化學工程與材料工程學系,數學甲(分科),1.00,英文(學測),1.00,物理(分科),1.00,化學(分科),1.00,國文(學測),1.00,20,232.00,數學甲(分科),34,,,,,,19,,,,,數學甲→英文→物理→化學→國文,18,2,20,17,3,0,0,20
1126,國立中央大學,工學院學士班,數學甲(分科),1.00,英文(學測),1.00,物理(分科),1.00,化學(分科),1.00,,,17,179.00,數學甲(分科),38,,,,,,19,,,,,數學甲→英文→物理→化學,5,12,17,15,2,0,0,17
1127,國立中央大學,企業管理學系,英文(學測),2.00,數學B(學測),2.00,國文(學測),1.50,公民與社會(分科),1.00,,,52,287.00,英文(學測),44,,,,,,19,,,,,英文→數學B→國文→公民與社會,36,16,52,23,29,0,0,52
1130,國立中央大學,資訊管理學系,數學甲(分科),2.00,英文(學測),2.00,國文(學測),1.50,,,,,60,251.00,數學甲(分科),41,282.85,,,,,19,,,,,數學甲→英文→國文,45,14,59,30,29,1,0,60
1131,國立中央大學,經濟學系,數學B(學測),2.00,英文(學測),2.00,國文(學測),1.25,公民與社會(分科),1.00,,,19,286.00,,,,,,,,19,,,,,數學B→英文→國文→公民與社會,10,9,19,12,7,0,0,19
1132,國立中央大學,財務金融學系,英文(學測),1.50,國文(學測),1.00,公民與社會(分科),1.00,地理(分科),1.00,,,24,222.00,,,,,,,,19,數學A(前標) 或 數學B(前標),,,,英文→國文→公民與社會→地理,10,14,24,12,12,0,0,24
1133,國立中央大學,電機工程學系,數學甲(分科),1.00,物理(分科),1.00,英文(學測),1.00,化學(分科),1.00,,,30,199.00,數學甲(分科),48,,,,,,19,國文(均標),英文(前標),,,數學甲→物理→英文→化學,21,9,30,25,5,0,0,30
1134,國立中央大學,資訊工程學系,數學甲(分科),1.00,物理(分科),1.00,英文(學測),1.00,化學(分科),1.00,,,29,195.00,數學甲(分科),43,,,,,,19,國文(前標),英文(前標),,,數學甲→物理→英文→化學,22,7,29,27,2,0,0,29
1135,國立中央大學,通訊工程學系,數學甲(分科),1.50,物理(分科),1.50,英文(學測),1.00,化學(分科),1.00,,,18,229.00,,,,,,,,19,國文(均標),英文(前標),,,數學甲→物理→英文→化學,11,7,18,16,2,0,0,18
1136,國立中央大學,資訊電機學院學士班,數學甲(分科),1.00,英文(學測),1.00,物理(分科),1.00,化學(分科),1.00,,,8,196.00,數學甲(分科),50,,,,,,19,國文(均標),英文(前標),,,數學甲→英文→物理→化學,5,3,8,8,0,0,0,8
1137,國立中央大學,大氣科學學系,物理(分科),2.00,數學甲(分科),2.00,英文(學測),1.00,化學(分科),1.00,國文(學測),1.00,11,290.00,,,,,,,,19,,,,,物理→數學甲→英文→化學→國文,9,2,11,8,3,0,0,11
1140,國立中央大學,太空科學與工程學系,物理(分科),2.00,數學甲(分科),2.00,英文(學測),1.00,化學(分科),1.00,國文(學測),1.00,10,303.00,物理(分科),49,,,,,,19,,,,,物理→數學甲→英文→化學→國文,10,0,10,9,1,0,0,10
1141,國立中央大學,地球科學學系,物理(分科),2.00,數學甲(分科),2.00,英文(學測),1.50,化學(分科),1.00,,,31,250.50,物理(分科),45,,,,,,19,,,,,物理→數學甲→英文→化學,10,21,31,23,8,0,0,31
1142,國立中央大學,地球科學學院學士班,物理(分科),2.00,數學甲(分科),2.00,化學(分科),1.00,,,,,9,194.00,,,,,,,,19,國文(均標),英文(均標),,,物理→數學甲→化學,4,5,9,6,3,0,0,9
1143,國立中央大學,客家語文暨社會科學學系客家語文及傳播組,國文(學測),1.50,公民與社會(分科),1.50,英文(學測),1.00,數學B(學測),1.00,歷史(分科),1.00,8,248.50,,,,,,,,19,,,,,國文→公民與社會→英文→數學B→歷史,3,5,8,2,6,0,0,8
1144,國立中央大學,客家語文暨社會科學學系客家社會及政策組,國文(學測),1.50,公民與社會(分科),1.50,英文(學測),1.00,數學B(學測),1.00,歷史(分科),1.00,6,250.00,,,,,,,,19,,,,,國文→公民與社會→英文→數學B→歷史,6,0,6,1,5,0,0,6
1145,國立中央大學,生命科學系,生物(分科),1.50,化學(分科),1.25,英文(學測),1.00,數學甲(分科),1.00,國文(學測),1.00,20,251.00,,,,,,,,19,,,,,生物→化學→英文→數學甲→國文,15,5,20,10,10,0,0,20
1146,國立中央大學,生醫科學與工程學系,物理(分科),1.25,化學(分科),1.25,數學甲(分科),1.00,英文(學測),1.00,,,9,200.75,,,,,,,,19,,,,,物理→化學→數學甲→英文,5,4,9,8,1,0,0,9
1147,中國文化大學,哲學系,國文(學測),2.00,社會(學測),2.00,公民與社會(分科),1.00,,,,,14,100.00,,,,,,,,19,,,,,國文→社會→公民與社會,10,4,14,9,5,0,0,14
1150,中國文化大學,中國文學系中國文學組,國文(學測),1.25,社會(學測),1.00,歷史(分科),1.00,,,,,6,71.75,,,,,,,,20,,,,,國文→社會→歷史,10,0,10,3,3,0,0,6
1151,中國文化大學,中國文學系文藝創作組,國文(學測),1.25,社會(學測),1.00,歷史(分科),1.00,,,,,3,75.50,,,,,,,,20,,,,,國文→社會→歷史,9,2,11,1,2,0,0,3
1152,中國文化大學,史學系,歷史(分科),2.00,社會(學測),1.00,國文(學測),1.00,,,,,8,98.00,,,,,,,,20,,,,,歷史→社會→國文,6,4,10,8,0,0,0,8
1153,中國文化大學,日本語文學系,公民與社會(分科),1.50,社會(學測),1.50,國文(學測),2.00,,,,,40,115.50,,,,,,,,20,,,,,公民與社會→社會→國文,5,35,40,18,22,0,0,40
1154,中國文化大學,韓國語文學系,國文(學測),1.25,歷史(分科),1.00,公民與社會(分科),1.00,,,,,36,95.75,,,,,,,,20,,,,,國文→歷史→公民與社會,17,19,36,8,28,0,0,36
1155,中國文化大學,英國語文學系,英文(學測),1.50,公民與社會(分科),1.00,國文(學測),1.00,,,,,7,73.00,,,,,,,,20,,,,,英文→公民與社會→國文,6,1,7,4,3,0,0,7
1156,中國文化大學,法國語文學系,公民與社會(分科),2.00,國文(學測),1.50,社會(學測),1.00,,,,,3,102.00,,,,,,,,20,,,,,公民與社會→國文→社會,6,4,10,1,2,0,0,3
1157,中國文化大學,全球商務學士學位學程,英文(學測),2.00,數學B(學測),1.00,國文(學測),1.00,公民與社會(分科),1.00,,,2,73.00,,,,,,,,20,,,,,英文→數學B→國文→公民與社會,6,6,12,2,0,0,0,2
1160,中國文化大學,應用數學系,數學甲(分科),2.00,國文(學測),2.00,英文(學測),1.50,,,,,33,139.00,數學甲(分科),29,,,,,,20,,,,,數學甲→國文→英文,17,16,33,22,11,0,0,33
1161,中國文化大學,光電物理學系,物理(分科),2.00,數學A(學測),1.50,自然(學測),2.00,英文(學測),1.00,國文(學測),1.00,32,177.50,物理(分科),14,189.50,,,,,20,,,,,物理→數學A→自然→英文→國文,19,12,31,30,1,1,0,32
1162,中國文化大學,化學系,自然(學測),2.00,化學(分科),2.00,國文(學測),1.50,,,,,30,162.50,,,,,,,,20,,,,,自然→化學→國文,15,15,30,20,10,0,0,30
1163,中國文化大學,地理學系A組,物理(分科),2.00,自然(學測),1.50,國文(學測),1.00,,,,,5,106.50,,,,,,,,20,,,,,物理→自然→國文,3,2,5,5,0,0,0,5
1164,中國文化大學,地理學系B組,地理(分科),2.00,社會(學測),1.50,國文(學測),1.00,,,,,5,138.00,,,,,,,,20,,,,,地理→社會→國文,5,8,13,4,1,0,0,5
1165,中國文化大學,大氣科學系,數學甲(分科),1.50,物理(分科),1.50,國文(學測),1.00,,,,,21,79.50,,,,,,,,20,,,,,數學甲→物理→國文,12,9,21,15,6,0,0,21
1166,中國文化大學,地質學系,化學(分科),1.50,英文(學測),1.25,國文(學測),1.00,,,,,13,78.25,,,,,,,,20,,,,,化學→英文→國文,9,4,13,5,8,0,0,13
1167,中國文化大學,生命科學系,國文(學測),1.00,生物(分科),1.00,英文(學測),1.00,,,,,11,92.00,,,,,,,,20,,,,,國文→生物→英文,9,2,11,4,7,0,0,11
1170,中國文化大學,法律學系,公民與社會(分科),2.00,國文(學測),1.00,歷史(分科),1.00,,,,,57,137.00,公民與社會(分科),35,138.00,,,,,20,,,,,公民與社會→國文→歷史,30,26,56,29,27,0,1,57
1171,中國文化大學,政治學系,公民與社會(分科),2.00,社會(學測),1.50,國文(學測),1.00,,,,,12,105.50,,,,,,,,20,,,,,公民與社會→社會→國文,12,0,12,8,4,0,0,12
1172,中國文化大學,經濟學系,國文(學測),1.00,數學B(學測),1.00,公民與社會(分科),1.50,,,,,15,57.50,,,,,,,,20,,,,,國文→數學B→公民與社會,13,18,31,13,2,0,0,15
1173,中國文化大學,勞動暨人力資源學系,地理(分科),2.00,社會(學測),1.50,國文(學測),1.00,,,,,5,112.50,,,,,,,,20,,,,,地理→社會→國文,11,0,11,1,4,0,0,5
1174,中國文化大學,社會福利學系,國文(學測),1.50,公民與社會(分科),1.00,歷史(分科),1.00,英文(學測),1.00,,,11,87.00,,,,,,,,20,,,,,國文→公民與社會→歷史→英文,12,19,31,4,7,0,0,11
1175,中國文化大學,行政管理學系,社會(學測),1.50,公民與社會(分科),2.00,國文(學測),1.50,,,,,8,105.50,,,,,,,,20,,,,,社會→公民與社會→國文,3,20,23,4,4,0,0,8
1176,中國文化大學,園藝暨生物技術學系,自然(學測),2.00,國文(學測),2.00,化學(分科),1.50,,,,,8,144.00,自然(學測),30,,,,,,20,,,,,自然→國文→化學,7,1,8,4,4,0,0,8
1177,中國文化大學,動物科學系,國文(學測),1.50,自然(學測),1.00,生物(分科),1.00,,,,,27,101.00,,,108.80,,,,,20,,,,,國文→自然→生物,13,13,26,15,11,1,0,27
1200,中國文化大學,森林暨自然保育學系(A組),國文(學測),1.00,社會(學測),1.00,公民與社會(分科),1.00,,,,,2,101.00,,,,,,,,20,,,,,國文→社會→公民與社會,2,0,2,2,0,0,0,2
1201,中國文化大學,森林暨自然保育學系(B組),國文(學測),1.00,自然(學測),1.00,生物(分科),1.00,,,,,8,80.00,,,86.40,,,,,20,,,,,國文→自然→生物,7,0,7,6,1,0,1,8
1202,中國文化大學,土地資源學系科技應用組,化學(分科),2.00,國文(學測),1.25,數學B(學測),1.00,,,,,10,95.50,,,,,,,,20,,,,,化學→國文→數學B,4,6,10,9,1,0,0,10
1203,中國文化大學,土地資源學系土地管理組,地理(分科),2.00,國文(學測),1.25,數學B(學測),1.00,,,,,7,75.75,,,,,,,,20,,,,,地理→國文→數學B,2,8,10,7,0,0,0,7
1204,中國文化大學,生活應用科學系,國文(學測),2.00,社會(學測),2.00,公民與社會(分科),1.75,,,,,10,122.00,,,,,,,,20,,,,,國文→社會→公民與社會,8,2,10,4,6,0,0,10
1205,中國文化大學,保健營養學系,化學(分科),2.00,自然(學測),1.00,國文(學測),2.00,,,,,19,133.00,化學(分科),29,,,,,,20,,,,,化學→自然→國文,8,11,19,7,12,0,0,19
1206,中國文化大學,化學工程與材料工程學系(程序工程組),化學(分科),2.00,數學甲(分科),1.00,國文(學測),1.00,,,,,10,107.00,化學(分科),24,,,,,,20,,,,,化學→數學甲→國文,4,6,10,7,3,0,0,10
1207,中國文化大學,化學工程與材料工程學系(材料工程組),物理(分科),2.00,數學甲(分科),1.00,國文(學測),1.00,,,,,13,100.00,物理(分科),26,,,,,,20,,,,,物理→數學甲→國文,4,9,13,7,6,0,0,13
1210,中國文化大學,化學工程與材料工程學系(生化工程組),生物(分科),2.00,數學甲(分科),1.00,國文(學測),1.00,,,,,9,113.00,生物(分科),30,,,,,,20,,,,,生物→數學甲→國文,3,6,9,4,5,0,0,9
1211,中國文化大學,電機工程學系A組,國文(學測),2.00,數學A(學測),2.00,物理(分科),1.00,,,,,23,154.00,,,,,,,,21,,,,,國文→數學A→物理,7,16,23,20,3,0,0,23
1212,中國文化大學,電機工程學系B組,國文(學測),2.00,英文(學測),1.00,數學A(學測),1.00,物理(分科),1.00,,,24,147.00,,,,,,,,21,,,,,國文→英文→數學A→物理,8,16,24,18,6,0,0,24
1213,中國文化大學,機械工程學系,數學A(學測),2.00,物理(分科),2.00,國文(學測),1.00,,,,,66,110.00,數學A(學測),23,,,,,,21,,,,,數學A→物理→國文,30,36,66,61,5,0,0,66
1214,中國文化大學,紡織工程學系,國文(學測),2.00,化學(分科),1.00,數學A(學測),1.00,,,,,6,98.00,國文(學測),33,,,,,,21,,,,,國文→化學→數學A,6,0,6,2,4,0,0,6
1215,中國文化大學,資訊工程學系A組,數學A(學測),2.00,物理(分科),2.00,國文(學測),2.00,英文(學測),1.00,,,76,171.00,數學A(學測),21,196.90,,,,,21,,,,,數學A→物理→國文→英文,21,54,75,62,13,1,0,76
1216,中國文化大學,資訊工程學系B組,數學B(學測),2.00,國文(學測),2.00,歷史(分科),2.00,英文(學測),1.00,,,5,185.00,,,,,,,,21,,,,,數學B→國文→歷史→英文,5,0,5,5,0,0,0,5
1217,中國文化大學,國際貿易學系,國文(學測),1.00,社會(學測),1.00,公民與社會(分科),1.00,,,,,19,64.00,,,,,,,,21,,,,,國文→社會→公民與社會,13,10,23,6,13,0,0,19
1220,中國文化大學,國際企業管理學系,國文(學測),1.00,社會(學測),1.00,公民與社會(分科),2.00,,,,,12,82.00,,,,,,,,21,,,,,國文→社會→公民與社會,15,8,23,10,2,0,0,12
1221,中國文化大學,會計學系,國文(學測),2.00,公民與社會(分科),1.75,數學B(學測),1.00,,,,,13,86.75,,,,,,,,21,,,,,國文→公民與社會→數學B,9,18,27,11,2,0,0,13
1222,中國文化大學,觀光事業學系,國文(學測),1.75,英文(學測),1.75,歷史(分科),1.50,,,,,10,92.75,,,,,,,,21,,,,,國文→英文→歷史,9,14,23,6,4,0,0,10
1223,中國文化大學,資訊管理學系(智慧商務科技組),公民與社會(分科),2.00,國文(學測),1.00,英文(學測),1.00,,,,,10,73.00,,,,,,,,21,,,,,公民與社會→國文→英文,10,0,10,8,2,0,0,10
1224,中國文化大學,資訊管理學系(人工智慧組),公民與社會(分科),2.00,數學B(學測),1.00,國文(學測),1.00,,,,,21,71.00,,,,,,,,21,,,,,公民與社會→數學B→國文,10,11,21,18,3,0,0,21
1225,中國文化大學,財務金融學系金融行銷組,公民與社會(分科),2.00,歷史(分科),2.00,國文(學測),1.50,,,,,8,115.00,,,,,,,,21,,,,,公民與社會→歷史→國文,6,11,17,5,3,0,0,8
1226,中國文化大學,財務金融學系財務金融組,公民與社會(分科),2.00,國文(學測),1.50,數學B(學測),1.00,,,,,33,82.00,,,,,,,,21,,,,,公民與社會→國文→數學B,11,22,33,24,9,0,0,33
1227,中國文化大學,財務金融學系數位金融組,公民與社會(分科),2.00,歷史(分科),1.75,國文(學測),1.50,,,,,5,112.50,,,,,,,,21,,,,,公民與社會→歷史→國文,7,4,11,4,1,0,0,5
1230,中國文化大學,行銷學士學位學程,國文(學測),1.00,歷史(分科),2.00,公民與社會(分科),2.00,英文(學測),1.00,,,5,118.00,,,,,,,,21,,,,,國文→歷史→公民與社會→英文,9,4,13,1,4,0,0,5
1231,中國文化大學,新聞學系,公民與社會(分科),2.00,國文(學測),1.75,英文(學測),1.75,,,,,13,105.00,,,,,,,,21,,,,,公民與社會→國文→英文,14,18,32,2,11,0,0,13
1232,中國文化大學,廣告學系A組,國文(學測),2.00,英文(學測),2.00,公民與社會(分科),1.00,,,,,12,85.00,,,,,,,,21,,,,,國文→英文→公民與社會,7,10,17,2,10,0,0,12
1233,中國文化大學,廣告學系B組,美術(術科),1.00,國文(學測),1.00,公民與社會(分科),1.00,,,,,1,55.60,,,,,,,,21,,,,,術科→國文→公民與社會,6,8,14,1,0,0,0,1
1234,中國文化大學,資訊傳播學系,國文(學測),2.00,英文(學測),1.00,公民與社會(分科),1.75,,,,,13,90.75,,,,,,,,21,,,,,國文→英文→公民與社會,14,11,25,6,7,0,0,13
1235,中國文化大學,大眾傳播學系,國文(學測),2.00,英文(學測),1.50,公民與社會(分科),1.00,社會(學測),1.50,數學B(學測),1.00,57,128.50,,,132.50,,,,,21,,,,,國文→英文→公民與社會→社會→數學B,15,41,56,22,34,1,0,57
1236,中國文化大學,美術學系,國文(學測),2.00,美術(術科),2.00,歷史(分科),1.00,地理(分科),1.00,英文(學測),1.00,7,198.92,,,,,,,,21,,,,,國文→術科→歷史→地理→英文,10,3,13,3,4,0,0,7
1237,中國文化大學,音樂學系A組,音樂(術科),2.00,國文(學測),1.00,英文(學測),1.00,歷史(分科),1.00,,,0,,,,,,,,,21,,,,,術科→國文→英文→歷史,1,2,3,0,0,0,0,0
1240,中國文化大學,音樂學系B組,國文(學測),2.00,英文(學測),1.50,歷史(分科),1.00,,,,,2,88.00,,,,,,,,21,,,,,國文→英文→歷史,1,10,11,1,1,0,0,2
1241,中國文化大學,戲劇學系,國文(學測),1.25,英文(學測),1.00,歷史(分科),1.00,,,,,9,91.00,,,,,,,,21,,,,,國文→英文→歷史,4,5,9,2,7,0,0,9
1242,中國文化大學,中國戲劇學系,國文(學測),1.00,社會(學測),1.00,歷史(分科),1.00,公民與社會(分科),1.00,,,3,84.00,,,,,,,,21,,,,,國文→社會→歷史→公民與社會,1,4,5,0,3,0,0,3
1243,中國文化大學,都市計劃與開發管理學系,國文(學測),2.00,地理(分科),2.00,公民與社會(分科),1.00,,,,,4,118.00,,,,,,,,21,,,,,國文→地理→公民與社會,6,3,9,1,3,0,0,4
1244,中國文化大學,建築及都市設計學系建築及室內設計組,國文(學測),2.00,英文(學測),1.00,地理(分科),1.00,,,,,14,116.00,國文(學測),36,,,,,,21,,,,,國文→英文→地理,7,7,14,6,8,0,0,14
1245,中國文化大學,建築及都市設計學系建築及都市設計組,國文(學測),2.00,英文(學測),1.00,物理(分科),1.00,,,,,13,114.00,,,,,,,,21,,,,,國文→英文→物理,6,7,13,9,4,0,0,13
1246,中國文化大學,景觀學系A組,國文(學測),2.00,英文(學測),2.00,地理(分科),1.00,,,,,11,83.00,,,,,,,,21,,,,,國文→英文→地理,4,8,12,4,7,0,0,11
1247,中國文化大學,景觀學系B組,國文(學測),2.00,英文(學測),2.00,生物(分科),1.00,,,,,12,105.00,,,,,,,,21,,,,,國文→英文→生物,5,7,12,7,5,0,0,12
1250,中國文化大學,教育學系,公民與社會(分科),2.00,社會(學測),2.00,國文(學測),1.50,,,,,8,128.50,,,,,,,,21,,,,,公民與社會→社會→國文,10,4,14,3,5,0,0,8
1251,中國文化大學,心理輔導學系,國文(學測),1.50,英文(學測),1.00,公民與社會(分科),2.00,,,,,11,142.50,國文(學測),39,,,,,,21,,,,,國文→英文→公民與社會,10,1,11,5,6,0,0,11
1252,靜宜大學,英國語文學系,英文(學測),2.00,國文(學測),1.50,公民與社會(分科),1.00,,,,,22,91.00,,,,,,,,22,,,,,英文→國文→公民與社會,2,20,22,10,12,0,0,22
1253,靜宜大學,西班牙語文學系,國文(學測),2.00,英文(學測),1.50,歷史(分科),1.00,,,,,11,110.00,,,,,,,,22,,,,,國文→英文→歷史,2,9,11,2,9,0,0,11
1254,靜宜大學,日本語文學系,國文(學測),2.00,英文(學測),1.00,歷史(分科),1.50,,,,,50,126.50,國文(學測),37,,,,,,22,,,,,國文→英文→歷史,12,38,50,25,25,0,0,50
1255,靜宜大學,中國文學系,國文(學測),2.00,歷史(分科),2.00,地理(分科),1.00,,,,,13,111.00,,,,,,,,22,,,,,國文→歷史→地理,3,14,17,8,5,0,0,13
1256,靜宜大學,社會工作與兒童少年福利學系,國文(學測),2.00,公民與社會(分科),2.00,英文(學測),1.00,,,,,27,137.00,國文(學測),32,141.75,,,,,22,,,,,國文→公民與社會→英文,10,16,26,7,19,0,1,27
1257,靜宜大學,台灣文學系,國文(學測),2.00,社會(學測),2.00,歷史(分科),1.25,,,,,8,128.00,,,,,,,,22,,,,,國文→社會→歷史,3,5,8,4,4,0,0,8
1260,靜宜大學,法律學系,國文(學測),2.00,公民與社會(分科),2.00,歷史(分科),1.00,,,,,37,181.00,國文(學測),40,199.00,,,,,22,,,,,國文→公民與社會→歷史,17,19,36,21,15,0,1,37
1261,靜宜大學,生態人文學系(自然組),生物(分科),2.00,國文(學測),1.00,英文(學測),1.00,,,,,6,118.00,,,,,,,,22,,,,,生物→國文→英文,2,4,6,2,4,0,0,6
1262,靜宜大學,生態人文學系(人文組),歷史(分科),2.00,國文(學測),1.00,英文(學測),1.00,,,,,8,83.00,,,,,,,,22,,,,,歷史→國文→英文,1,7,8,5,3,0,0,8
1263,靜宜大學,大眾傳播學系,國文(學測),2.00,英文(學測),2.00,歷史(分科),1.75,,,,,25,150.50,,,156.15,,,,,22,,,,,國文→英文→歷史,10,14,24,9,15,1,0,25
1264,靜宜大學,財務工程學系(智慧金融組),數學B(學測),2.00,國文(學測),2.00,公民與社會(分科),1.00,,,,,9,132.00,(級分)數B,17,,,,,,22,,,,,數學B→國文→公民與社會,4,5,9,5,4,0,0,9
1265,靜宜大學,財務工程學系(數位金融組),數學B(學測),2.00,國文(學測),2.00,物理(分科),1.00,,,,,9,140.00,數學B(學測),28,,,,,,22,,,,,數學B→國文→物理,3,6,9,5,4,0,0,9
1266,靜宜大學,應用化學系,化學(分科),2.00,自然(學測),2.00,國文(學測),1.75,,,,,22,185.25,,,,,,,,22,,,,,化學→自然→國文,10,12,22,12,10,0,0,22
1267,靜宜大學,食品營養學系營養與保健組,自然(學測),2.00,國文(學測),2.00,化學(分科),1.00,,,,,8,160.00,自然(學測),34,,,,,,22,,,,,自然→國文→化學,8,0,8,4,4,0,0,8
1270,靜宜大學,食品營養學系食品與生物技術組,自然(學測),2.00,國文(學測),2.00,化學(分科),1.00,,,,,19,154.00,自然(學測),25,,,,,,22,,,,,自然→國文→化學,5,14,19,11,8,0,0,19
1271,靜宜大學,化粧品科學系,化學(分科),2.00,國文(學測),2.00,英文(學測),1.00,,,,,38,129.00,化學(分科),22,,,,,,22,,,,,化學→國文→英文,13,25,38,15,23,0,0,38
1272,靜宜大學,資料科學暨大數據分析與應用學系(人工智慧應用組),數學B(學測),2.00,國文(學測),2.00,物理(分科),1.00,,,,,21,139.00,,,141.45,,,,,22,,,,,數學B→國文→物理,4,16,20,17,3,1,0,21
1273,靜宜大學,資料科學暨大數據分析與應用學系(大數據應用組),數學B(學測),2.00,國文(學測),2.00,公民與社會(分科),1.00,,,,,11,119.00,數學B(學測),18,,,,,,22,,,,,數學B→國文→公民與社會,3,8,11,10,1,0,0,11
1274,靜宜大學,企業管理學系,國文(學測),2.00,英文(學測),2.00,歷史(分科),1.00,,,,,44,112.00,國文(學測),33,,,,,,22,,,,,國文→英文→歷史,7,37,44,19,25,0,0,44
1275,靜宜大學,國際企業學系(國際經營與行銷組),英文(學測),1.50,國文(學測),1.50,公民與社會(分科),1.00,,,,,13,100.00,,,,,,,,22,,,,,英文→國文→公民與社會,4,9,13,5,8,0,0,13
1276,靜宜大學,國際企業學系(國際貿易與運籌組),英文(學測),1.50,國文(學測),1.50,歷史(分科),1.00,,,,,12,95.50,,,,,,,,22,,,,,英文→國文→歷史,4,8,12,8,4,0,0,12
1277,靜宜大學,會計學系,國文(學測),2.00,英文(學測),1.00,歷史(分科),2.00,,,,,26,130.00,國文(學測),35,134.90,,,,,22,,,,,國文→英文→歷史,6,19,25,11,14,0,1,26
1300,靜宜大學,觀光事業學系,國文(學測),1.00,地理(分科),1.00,歷史(分科),1.00,,,,,16,78.00,,,,,,,,22,,,,,國文→地理→歷史,6,10,16,10,6,0,0,16
1301,靜宜大學,財務金融學系(金融管理組),國文(學測),2.00,英文(學測),1.50,歷史(分科),2.00,,,,,12,167.00,,,,,,,,22,,,,,國文→英文→歷史,3,9,12,4,8,0,0,12
1302,靜宜大學,財務金融學系(投資管理組),國文(學測),2.00,英文(學測),1.50,地理(分科),2.00,,,,,7,176.50,,,,,,,,22,,,,,國文→英文→地理,3,4,7,3,4,0,0,7
1303,靜宜大學,財務金融學系(金融科技組),國文(學測),2.00,英文(學測),1.50,公民與社會(分科),2.00,,,,,2,181.50,,,,,,,,22,,,,,國文→英文→公民與社會,2,0,2,1,1,0,0,2
1304,靜宜大學,資訊管理學系(人工智慧應用組),數學B(學測),1.75,國文(學測),2.00,物理(分科),1.00,,,,,12,144.50,數學B(學測),34,,,,,,22,,,,,數學B→國文→物理,2,10,12,11,1,0,0,12
1305,靜宜大學,資訊管理學系(巨量資料管理組),數學B(學測),1.50,國文(學測),2.00,公民與社會(分科),1.75,,,,,6,144.00,,,,,,,,22,,,,,數學B→國文→公民與社會,2,4,6,3,3,0,0,6
1306,靜宜大學,資訊管理學系(社群商務應用組),數學B(學測),1.00,國文(學測),2.00,歷史(分科),1.75,,,,,5,134.50,,,,,,,,22,,,,,數學B→國文→歷史,3,2,5,4,1,0,0,5
1307,靜宜大學,資訊工程學系(智慧電子與IC設計組),物理(分科),2.00,數學B(學測),1.00,英文(學測),1.00,,,,,6,104.00,,,,,,,,22,,,,,物理→數學B→英文,3,3,6,6,0,0,0,6
1310,靜宜大學,資訊工程學系(智慧晶片與機器人組),數學B(學測),1.50,英文(學測),1.00,歷史(分科),1.00,,,,,6,94.00,,,,,,,,23,,,,,數學B→英文→歷史,3,3,6,5,1,0,0,6
1311,靜宜大學,資訊工程學系(物聯網與大數據組),數學B(學測),1.50,國文(學測),2.00,化學(分科),1.50,,,,,5,160.00,,,,,,,,23,,,,,數學B→國文→化學,2,3,5,0,5,0,0,5
1312,靜宜大學,資訊傳播工程學系(元宇宙應用創作組),國文(學測),2.00,歷史(分科),2.00,英文(學測),1.00,,,,,10,130.00,國文(學測),29,,,,,,23,數學A(底標) 或 數學B(底標),,,,國文→歷史→英文,3,7,10,9,1,0,0,10
1313,靜宜大學,資訊傳播工程學系(人工智慧與遊戲設計組),國文(學測),2.00,物理(分科),2.00,英文(學測),1.00,,,,,12,140.00,國文(學測),38,,,,,,23,數學A(底標) 或 數學B(底標),,,,國文→物理→英文,2,10,12,9,3,0,0,12
1314,靜宜大學,寰宇管理學士學位學程,英文(學測),2.00,國文(學測),1.50,公民與社會(分科),1.00,,,,,7,78.50,,,,,,,,23,,,,,英文→國文→公民與社會,2,7,9,5,2,0,0,7
1315,靜宜大學,寰宇外語教育學士學位學程,英文(學測),2.00,國文(學測),1.75,歷史(分科),1.50,,,,,4,107.50,,,,,,,,23,,,,,英文→國文→歷史,2,10,12,0,4,0,0,4
1316,大同大學,機械與材料工程學系,數學甲(分科),2.00,英文(學測),1.75,國文(學測),2.00,,,,,37,161.50,,,,,,,,23,,,,,數學甲→英文→國文,20,17,37,28,9,0,0,37
1317,大同大學,化學工程與生物科技學系(化學工程組),化學(分科),2.00,英文(學測),1.75,國文(學測),2.00,,,,,13,171.25,,,,,,,,23,,,,,化學→英文→國文,10,3,13,8,5,0,0,13
1320,大同大學,化學工程與生物科技學系(生物科技組),生物(分科),2.00,英文(學測),1.75,國文(學測),2.00,,,,,13,178.00,,,186.85,,,,,23,,,,,生物→英文→國文,10,2,12,10,2,1,0,13
1321,大同大學,工程學院學士班,物理(分科),1.00,英文(學測),1.00,國文(學測),1.00,,,,,13,82.00,物理(分科),17,,,,,,23,,,,,物理→英文→國文,11,2,13,11,2,0,0,13
1322,大同大學,電機工程學系(甲組),數學甲(分科),1.00,英文(學測),1.00,國文(學測),1.00,,,,,13,99.00,數學甲(分科),30,102.60,,,,,23,,,,,數學甲→英文→國文,12,0,12,11,1,1,0,13
1323,大同大學,電機工程學系(乙組),物理(分科),1.00,英文(學測),1.00,數學A(學測),1.00,國文(學測),1.00,,,16,121.00,,,128.25,,,,,23,,,,,物理→英文→數學A→國文,14,1,15,13,2,1,0,16
1324,大同大學,資訊工程學系(甲組),數學甲(分科),2.00,數學A(學測),2.00,英文(學測),1.50,國文(學測),1.00,,,20,187.00,,,,,,,,23,,,,,數學甲→數學A→英文→國文,18,2,20,18,2,0,0,20
1325,大同大學,資訊工程學系(乙組),數學B(學測),2.00,英文(學測),1.50,國文(學測),1.00,公民與社會(分科),1.00,,,11,148.50,,,,,,,,23,,,,,數學B→英文→國文→公民與社會,10,1,11,9,2,0,0,11
1326,大同大學,事業經營學系(甲組),國文(學測),1.25,歷史(分科),2.00,英文(學測),1.00,,,,,14,99.50,,,,,,,,23,,,,,國文→歷史→英文,6,8,14,8,6,0,0,14
1327,大同大學,事業經營學系(乙組),國文(學測),1.25,公民與社會(分科),2.00,數學B(學測),1.00,,,,,14,82.75,,,,,,,,23,,,,,國文→公民與社會→數學B,6,8,14,11,3,0,0,14
1330,大同大學,資訊經營學系(甲組),國文(學測),1.00,英文(學測),1.00,公民與社會(分科),1.00,,,,,6,75.00,,,,,,,,23,,,,,國文→英文→公民與社會,5,1,6,4,2,0,0,6
1331,大同大學,資訊經營學系(乙組),國文(學測),1.00,英文(學測),1.00,物理(分科),1.00,,,,,6,84.00,,,,,,,,23,,,,,國文→英文→物理,5,1,6,5,1,0,0,6
1332,大同大學,工業設計學系(自然一組),英文(學測),2.00,數學甲(分科),1.00,國文(學測),2.00,,,,,4,157.00,,,,,,,,23,,,,,英文→數學甲→國文,3,1,4,1,3,0,0,4
1333,大同大學,工業設計學系(自然二組),英文(學測),1.75,物理(分科),2.00,國文(學測),1.00,,,,,5,117.75,,,,,,,,23,,,,,英文→物理→國文,3,2,5,2,3,0,0,5
1334,大同大學,工業設計學系(社會一組),英文(學測),2.00,歷史(分科),2.00,數學B(學測),1.00,,,,,6,115.00,,,,,,,,23,,,,,英文→歷史→數學B,4,2,6,5,1,0,0,6
1335,大同大學,工業設計學系(社會二組),國文(學測),2.00,歷史(分科),2.00,地理(分科),1.75,,,,,6,198.75,,,,,,,,23,,,,,國文→歷史→地理,6,0,6,3,3,0,0,6
1336,大同大學,媒體設計學系互動媒體設計組(自然組),國文(學測),1.00,英文(學測),1.00,物理(分科),2.00,,,,,8,100.00,,,,,,,,23,,,,,國文→英文→物理,4,4,8,4,4,0,0,8
1337,大同大學,媒體設計學系互動媒體設計組(社會組),國文(學測),1.00,英文(學測),1.00,歷史(分科),2.00,,,,,12,104.00,,,,,,,,23,,,,,國文→英文→歷史,5,7,12,5,7,0,0,12
1340,大同大學,媒體設計學系互動媒體設計組(國際組),國文(學測),1.00,英文(學測),1.00,公民與社會(分科),2.00,,,,,5,69.00,,,,,,,,23,,,,C級,國文→英文→公民與社會,2,3,5,3,2,0,0,5
1341,大同大學,媒體設計學系數位遊戲設計組(自然組),國文(學測),1.00,數學B(學測),1.00,物理(分科),2.00,,,,,9,108.00,,,,,,,,23,,,,,國文→數學B→物理,3,6,9,6,3,0,0,9
1342,大同大學,媒體設計學系數位遊戲設計組(社會組),國文(學測),1.00,數學B(學測),1.00,歷史(分科),2.00,,,,,10,96.00,,,,,,,,23,,,,,國文→數學B→歷史,4,6,10,7,3,0,0,10
1343,大同大學,媒體設計學系數位遊戲設計組(國際組),國文(學測),1.00,英文(學測),1.00,數學B(學測),1.00,公民與社會(分科),2.00,,,5,83.00,,,,,,,,23,,,,C級,國文→英文→數學B→公民與社會,2,3,5,3,2,0,0,5
1344,大同大學,應用外語學系,英文(學測),2.00,國文(學測),2.00,歷史(分科),1.75,,,,,16,122.75,,,,,,,,23,,,,,英文→國文→歷史,7,9,16,6,10,0,0,16
1345,輔仁大學,中國文學系,國文(學測),2.00,歷史(分科),1.00,英文(學測),1.00,,,,,49,143.00,國文(學測),42,150.50,,,,,23,,,,,國文→歷史→英文,37,11,48,15,33,1,0,49
1346,輔仁大學,歷史學系,歷史(分科),2.00,國文(學測),2.00,英文(學測),1.00,,,,,64,184.00,,,201.55,,,,,23,,,,,歷史→國文→英文,35,27,62,38,24,0,2,64
1347,輔仁大學,哲學系,國文(學測),2.00,公民與社會(分科),2.00,英文(學測),1.00,,,,,58,165.00,國文(學測),42,,,,,,23,,,,,國文→公民與社會→英文,36,22,58,25,33,0,0,58
1350,輔仁大學,人文與社區創新學士學位學程,公民與社會(分科),2.00,社會(學測),1.50,國文(學測),1.50,,,,,17,199.00,,,210.50,,,,,23,,,,,公民與社會→社會→國文,13,3,16,9,7,0,1,17
1351,輔仁大學,音樂學系,音樂(術科),2.00,國文(學測),1.00,歷史(分科),1.00,,,,,7,188.10,,,,,,,,24,,,,,術科→國文→歷史,3,9,12,2,5,0,0,7
1352,輔仁大學,應用美術學系,國文(學測),1.00,英文(學測),1.00,歷史(分科),1.50,數學B(學測),1.00,,,10,163.00,,,,,,,,24,,,,,國文→英文→歷史→數學B,10,0,10,1,9,0,0,10
1353,輔仁大學,景觀設計學系(社會組),英文(學測),1.50,國文(學測),1.50,地理(分科),1.00,歷史(分科),1.00,,,25,180.50,英文(學測),30,,,,,,24,,,,,英文→國文→地理→歷史,14,11,25,7,18,0,0,25
1354,輔仁大學,景觀設計學系(自然組),英文(學測),1.50,國文(學測),1.50,生物(分科),1.00,,,,,10,142.50,,,147.80,,,,,24,,,,,英文→國文→生物,5,4,9,1,8,1,0,10
1355,輔仁大學,影像傳播學系,英文(學測),2.00,國文(學測),2.00,公民與社會(分科),1.00,,,,,24,208.00,,,,,,,,24,,,,,英文→國文→公民與社會,21,3,24,4,20,0,0,24
1356,輔仁大學,新聞傳播學系,公民與社會(分科),2.00,國文(學測),2.00,英文(學測),1.00,數學B(學測),1.00,,,19,236.00,公民與社會(分科),53,250.70,,,,,24,,,,,公民與社會→國文→英文→數學B,18,0,18,6,12,1,0,19
1357,輔仁大學,廣告傳播學系,英文(學測),2.00,國文(學測),1.50,數學B(學測),1.00,公民與社會(分科),1.00,,,30,203.00,,,,,,,,24,,,,,英文→國文→數學B→公民與社會,20,10,30,5,25,0,0,30
1360,輔仁大學,圖書資訊學系,英文(學測),2.00,國文(學測),2.00,歷史(分科),1.00,,,,,30,175.00,,,,,,,,24,,,,,英文→國文→歷史,16,14,30,12,18,0,0,30
1361,輔仁大學,體育學系體育學組,體育(術科),2.00,英文(學測),2.00,國文(學測),2.00,生物(分科),1.00,數學B(學測),1.00,4,311.78,,,,,,,,24,,,,,術科→英文→國文→生物→數學B,1,3,4,3,1,0,0,4
1362,輔仁大學,體育學系運動健康管理組,英文(學測),2.00,國文(學測),2.00,生物(分科),1.00,數學B(學測),1.00,,,1,223.00,,,,,,,,24,,,,,英文→國文→生物→數學B,1,0,1,1,0,0,0,1
1363,輔仁大學,教育領導與科技發展學士學位學程,公民與社會(分科),1.00,英文(學測),2.00,國文(學測),2.00,,,,,24,176.00,公民與社會(分科),42,,,,,,24,,,,,公民與社會→英文→國文,10,14,24,6,18,0,0,24
1364,輔仁大學,護理學系,英文(學測),1.50,生物(分科),1.50,國文(學測),1.00,,,,,61,140.00,英文(學測),30,150.50,,,,,24,,,,,英文→生物→國文,44,16,60,10,50,1,0,61
1365,輔仁大學,公共衛生學系,英文(學測),1.50,國文(學測),1.50,化學(分科),1.00,,,,,26,140.50,英文(學測),39,,,,,,24,數學A(底標) 或 數學B(底標),,,,英文→國文→化學,16,10,26,10,16,0,0,26
1366,輔仁大學,醫學系(自費),生物(分科),1.00,英文(學測),1.00,化學(分科),1.00,數學甲(分科),1.00,物理(分科),1.00,29,268.00,生物(分科),54,291.60,,,,,24,,,,,生物→英文→化學→數學甲→物理,19,9,28,24,4,1,0,29
1367,輔仁大學,醫學系(公費),生物(分科),1.25,英文(學測),1.25,化學(分科),1.00,數學甲(分科),1.00,物理(分科),1.00,3,288.50,,,,,,,,24,,,,,生物→英文→化學→數學甲→物理,2,1,3,3,0,0,0,3
1370,輔仁大學,臨床心理學系,英文(學測),2.00,國文(學測),1.25,數學A(學測),1.00,生物(分科),1.25,,,16,238.00,,,,,,,,24,,,,,英文→國文→數學A→生物,15,1,16,8,8,0,0,16
1371,輔仁大學,職能治療學系,英文(學測),2.00,生物(分科),2.00,國文(學測),1.25,數學A(學測),1.00,,,22,269.75,,,,,,,,24,,,,,英文→生物→國文→數學A,16,6,22,5,17,0,0,22
1372,輔仁大學,呼吸治療學系,英文(學測),1.25,生物(分科),1.25,數學A(學測),1.00,,,,,13,135.75,,,,,,,,24,,,,,英文→生物→數學A,12,1,13,3,10,0,0,13
1373,輔仁大學,數學系資訊數學組,數學甲(分科),2.00,英文(學測),1.25,國文(學測),1.25,,,,,20,143.50,,,,,,,,24,,,,,數學甲→英文→國文,14,6,20,16,4,0,0,20
1374,輔仁大學,數學系應用數學組,數學甲(分科),2.00,英文(學測),1.25,國文(學測),1.25,,,,,16,138.50,,,,,,,,24,,,,,數學甲→英文→國文,11,5,16,9,7,0,0,16
1375,輔仁大學,化學系,化學(分科),2.00,英文(學測),1.50,數學A(學測),1.50,,,,,41,146.50,,,,,,,,24,,,,,化學→英文→數學A,36,5,41,25,16,0,0,41
1376,輔仁大學,資訊工程學系,數學甲(分科),1.00,英文(學測),1.00,國文(學測),1.50,,,,,67,136.00,數學甲(分科),20,,,,,,24,,,,,數學甲→英文→國文,43,24,67,43,24,0,0,67
1377,輔仁大學,生命科學系,生物(分科),2.00,英文(學測),1.00,化學(分科),1.50,,,,,25,153.50,生物(分科),38,171.15,,,,,24,,,,,生物→英文→化學,18,6,24,14,10,1,0,25
1400,輔仁大學,物理學系電子物理組,數學A(學測),1.50,物理(分科),2.00,國文(學測),1.00,英文(學測),1.00,,,24,177.00,,,,,,,,24,,,,,數學A→物理→國文→英文,15,9,24,19,5,0,0,24
1401,輔仁大學,物理學系光電物理組,數學A(學測),1.50,物理(分科),2.00,國文(學測),1.00,英文(學測),1.00,,,31,170.50,,,,,,,,24,,,,,數學A→物理→國文→英文,16,15,31,23,8,0,0,31
1402,輔仁大學,電機工程學系,數學甲(分科),1.00,英文(學測),1.00,物理(分科),1.00,,,,,53,103.00,,,,,,,,24,,,,,數學甲→英文→物理,41,12,53,43,10,0,0,53
1403,輔仁大學,醫學資訊與創新應用學士學位學程,數學甲(分科),1.00,英文(學測),1.00,國文(學測),1.00,,,,,21,100.00,數學甲(分科),32,,,,,,24,,,,,數學甲→英文→國文,16,5,21,9,12,0,0,21
1404,輔仁大學,人工智慧與資訊安全學士學位學程,數學甲(分科),1.00,英文(學測),1.00,國文(學測),1.00,,,,,24,106.00,數學甲(分科),21,,,,,,24,,,,,數學甲→英文→國文,24,0,24,16,8,0,0,24
1405,輔仁大學,英國語文學系,英文(學測),2.00,國文(學測),1.00,歷史(分科),1.00,,,,,20,172.00,英文(學測),41,,,,,,24,,,,,英文→國文→歷史,11,9,20,12,8,0,0,20
1406,輔仁大學,法國語文學系,英文(學測),2.00,國文(學測),2.00,歷史(分科),1.00,,,,,20,198.00,,,,,,,,24,,,,,英文→國文→歷史,14,6,20,5,15,0,0,20
1407,輔仁大學,西班牙語文學系,英文(學測),2.00,國文(學測),2.00,歷史(分科),1.00,,,,,28,197.00,英文(學測),35,,,,,,24,,,,,英文→國文→歷史,16,12,28,4,24,0,0,28
1410,輔仁大學,日本語文學系,國文(學測),1.50,英文(學測),1.50,歷史(分科),1.00,公民與社會(分科),1.00,,,22,211.50,,,,,,,,24,,,,,國文→英文→歷史→公民與社會,15,7,22,9,13,0,0,22
1411,輔仁大學,義大利語文學系,英文(學測),2.00,國文(學測),2.00,歷史(分科),1.00,,,,,18,187.00,,,,,,,,24,,,,,英文→國文→歷史,12,6,18,3,15,0,0,18
1412,輔仁大學,德語語文學系,國文(學測),1.50,英文(學測),1.50,歷史(分科),1.25,,,,,20,166.50,,,,,,,,25,,,,,國文→英文→歷史,11,9,20,6,14,0,0,20
1413,輔仁大學,國際溝通與科技創新學士學位學程,英文(學測),2.00,國文(學測),2.00,歷史(分科),1.00,,,,,17,199.00,,,,,,,,25,,,,,英文→國文→歷史,10,7,17,8,9,0,0,17
1414,輔仁大學,織品服裝學系織品設計組,英文(學測),2.00,國文(學測),1.50,歷史(分科),1.00,,,,,15,151.50,,,,,,,,25,,,,,英文→國文→歷史,10,5,15,2,13,0,0,15
1415,輔仁大學,織品服裝學系服飾設計組,英文(學測),2.00,國文(學測),1.50,歷史(分科),1.00,,,,,19,156.00,英文(學測),26,,,,,,25,,,,,英文→國文→歷史,10,9,19,3,16,0,0,19
1416,輔仁大學,織品服裝學系織品服飾行銷組,英文(學測),2.00,國文(學測),1.50,歷史(分科),1.00,,,,,18,165.00,英文(學測),31,,,,,,25,,,,,英文→國文→歷史,16,2,18,2,16,0,0,18
1417,輔仁大學,餐旅管理學系,英文(學測),2.00,國文(學測),2.00,歷史(分科),2.00,數學B(學測),1.00,,,32,219.00,,,242.15,,234.50,,,25,,,,,英文→國文→歷史→數學B,28,2,30,18,12,1,1,32
1420,輔仁大學,兒童與家庭學系,國文(學測),1.00,英文(學測),1.00,公民與社會(分科),2.00,數學B(學測),1.00,,,27,172.00,,,174.75,,,,,25,,,,,國文→英文→公民與社會→數學B,11,15,26,7,19,0,1,27
1421,輔仁大學,食品科學系,化學(分科),2.00,英文(學測),1.00,數學A(學測),1.00,,,,,19,117.00,,,,,,,,25,,,,,化學→英文→數學A,11,8,19,7,12,0,0,19
1422,輔仁大學,營養科學系,英文(學測),2.00,化學(分科),2.00,生物(分科),2.00,國文(學測),1.00,數學A(學測),1.00,24,289.00,,,,,,,,25,,,,,英文→化學→生物→國文→數學A,14,10,24,4,20,0,0,24
1423,輔仁大學,法律學系,國文(學測),1.00,公民與社會(分科),1.00,英文(學測),1.00,歷史(分科),1.00,,,58,186.00,國文(學測),48,193.05,,,,,25,,,,,國文→公民與社會→英文→歷史,30,26,56,35,21,2,0,58
1424,輔仁大學,財經法律學系,國文(學測),1.00,公民與社會(分科),1.00,英文(學測),1.00,歷史(分科),1.00,,,23,185.00,國文(學測),52,211.95,,,,,25,,,,,國文→公民與社會→英文→歷史,17,5,22,20,2,0,1,23
1425,輔仁大學,企業管理學系,數學B(學測),1.00,英文(學測),2.00,公民與社會(分科),1.00,國文(學測),1.00,,,35,187.00,數學B(學測),25,,,192.00,,,25,,,,,數學B→英文→公民與社會→國文,29,5,34,22,12,0,1,35
1426,輔仁大學,會計學系,數學B(學測),1.50,英文(學測),1.50,國文(學測),1.50,公民與社會(分科),1.00,,,63,205.00,數學B(學測),23,,,,,,25,,,,,數學B→英文→國文→公民與社會,35,28,63,23,40,0,0,63
1427,輔仁大學,資訊管理學系,數學B(學測),2.00,英文(學測),2.00,公民與社會(分科),1.00,,,,,24,185.00,數學B(學測),36,,,,,,25,,,,,數學B→英文→公民與社會,21,3,24,17,7,0,0,24
1430,輔仁大學,統計資訊學系,數學B(學測),2.00,英文(學測),2.00,國文(學測),1.00,公民與社會(分科),1.00,,,33,205.00,數學B(學測),35,,,,,,25,,,,,數學B→英文→國文→公民與社會,17,16,33,27,6,0,0,33
1431,輔仁大學,金融與國際企業學系,英文(學測),2.00,數學B(學測),2.00,國文(學測),1.50,公民與社會(分科),1.00,,,26,263.50,,,,,,,,25,,,,,英文→數學B→國文→公民與社會,24,2,26,15,11,0,0,26
1432,輔仁大學,社會學系,公民與社會(分科),2.00,英文(學測),2.00,國文(學測),1.00,數學B(學測),1.00,,,25,216.00,公民與社會(分科),48,222.00,,,,,25,,,,,公民與社會→英文→國文→數學B,14,10,24,10,14,0,1,25
1433,輔仁大學,社會工作學系,國文(學測),1.50,地理(分科),1.50,英文(學測),1.00,,,,,39,148.50,國文(學測),45,152.80 國42.00,,,,,25,,,,,國文→地理→英文,22,15,37,13,24,1,1,39
1434,輔仁大學,經濟學系,數學B(學測),2.00,英文(學測),2.00,公民與社會(分科),1.00,,,,,77,165.00,數學B(學測),33,,,,,,25,,,,,數學B→英文→公民與社會,38,39,77,44,33,0,0,77
1435,輔仁大學,宗教學系,國文(學測),2.00,歷史(分科),1.00,英文(學測),1.00,,,,,6,135.00,國文(學測),38,,,,,,25,,,,,國文→歷史→英文,3,3,6,3,3,0,0,6
1436,輔仁大學,心理學系,英文(學測),1.00,國文(學測),1.00,數學B(學測),1.00,公民與社會(分科),2.00,,,13,215.00,英文(學測),34,237.00,,,,,25,,,,,英文→國文→數學B→公民與社會,11,1,12,5,7,1,0,13
1437,國立臺灣海洋大學,商船學系,英文(學測),1.50,數學A(學測),1.50,物理(分科),1.50,國文(學測),1.00,,,15,200.00,,,,,,,,25,,,,,英文→數學A→物理→國文,9,6,15,13,2,0,0,15
1440,國立臺灣海洋大學,航運管理學系,英文(學測),2.00,數學B(學測),1.50,國文(學測),1.00,地理(分科),1.00,,,29,210.00,,,213.90,,,,,25,,,,,英文→數學B→國文→地理,18,10,28,15,13,1,0,29
1441,國立臺灣海洋大學,運輸科學系A組,英文(學測),2.00,數學B(學測),2.00,國文(學測),1.00,地理(分科),1.00,,,16,205.00,,,,,,,,25,,,,,英文→數學B→國文→地理,7,9,16,6,10,0,0,16
1442,國立臺灣海洋大學,運輸科學系B組,英文(學測),2.00,數學甲(分科),2.00,國文(學測),1.00,,,,,15,185.00,,,,,,,,25,,,,,英文→數學甲→國文,6,9,15,12,3,0,0,15
1443,國立臺灣海洋大學,輪機工程學系,英文(學測),1.50,物理(分科),1.50,數學甲(分科),1.50,化學(分科),1.00,國文(學測),1.00,29,225.50,,,,,,,,25,,,,,英文→物理→數學甲→化學→國文,17,12,29,23,6,0,0,29
1444,國立臺灣海洋大學,海洋觀光管理學士學位學程,英文(學測),2.00,國文(學測),1.50,數學B(學測),1.00,地理(分科),1.00,,,14,182.50,,,,,,,,25,,,,,英文→國文→數學B→地理,5,9,14,5,9,0,0,14
1445,國立臺灣海洋大學,海洋經營管理學士學位學程,英文(學測),2.00,數學B(學測),1.00,國文(學測),1.00,歷史(分科),1.00,,,7,183.00,,,,,,,,25,,,,,英文→數學B→國文→歷史,4,3,7,5,2,0,0,7
1446,國立臺灣海洋大學,食品科學系,化學(分科),2.00,英文(學測),2.00,生物(分科),2.00,數學A(學測),1.00,國文(學測),1.00,37,241.00,化學(分科),33,,,,,,25,,,,,化學→英文→生物→數學A→國文,18,19,37,12,25,0,0,37
1447,國立臺灣海洋大學,水產養殖學系,生物(分科),2.00,英文(學測),2.00,化學(分科),1.50,數學A(學測),1.00,國文(學測),1.00,22,209.00,生物(分科),40,,,,,,25,,,,,生物→英文→化學→數學A→國文,9,13,22,16,6,0,0,22
1450,國立臺灣海洋大學,生命科學暨生物科技學系,生物(分科),2.00,英文(學測),1.00,化學(分科),1.00,國文(學測),1.50,,,28,215.00,,,215.05,,,,,25,數學A(底標),,,,生物→英文→化學→國文,13,13,26,10,16,1,1,28
1451,國立臺灣海洋大學,海洋生物科技學士學位學程,生物(分科),1.50,英文(學測),1.50,化學(分科),1.50,數學A(學測),1.00,國文(學測),1.00,13,213.50,,,,,,,,25,,,,,生物→英文→化學→數學A→國文,4,9,13,7,6,0,0,13
1452,國立臺灣海洋大學,環境生物與漁業科學學系,英文(學測),2.00,生物(分科),1.50,國文(學測),1.00,,,,,17,153.50,英文(學測),28,,,,,,26,數學A(底標) 或 數學B(底標),,,,英文→生物→國文,7,10,17,10,7,0,0,17
1453,國立臺灣海洋大學,海洋環境資訊系,英文(學測),1.50,數學甲(分科),1.50,物理(分科),1.50,化學(分科),1.00,國文(學測),1.00,25,206.50,,,213.70,,,,,26,,,,,英文→數學甲→物理→化學→國文,7,17,24,15,9,0,1,25
1454,國立臺灣海洋大學,機械與機電工程學系,數學甲(分科),1.50,物理(分科),1.50,英文(學測),1.50,化學(分科),1.00,國文(學測),1.00,44,252.00,數學甲(分科),40,,,,,,26,,,,,數學甲→物理→英文→化學→國文,25,19,44,34,10,0,0,44
1455,國立臺灣海洋大學,系統工程暨造船學系,數學甲(分科),1.25,物理(分科),1.00,英文(學測),1.00,,,,,28,105.75,,,107.10,,,,,26,,,,,數學甲→物理→英文,10,17,27,24,3,1,0,28
1456,國立臺灣海洋大學,河海工程學系,數學甲(分科),1.50,物理(分科),1.25,英文(學測),1.00,化學(分科),1.00,國文(學測),1.00,32,182.75,,,,,,,,26,,,,,數學甲→物理→英文→化學→國文,14,18,32,25,7,0,0,32
1457,國立臺灣海洋大學,海洋工程科技學士學位學程,數學甲(分科),1.50,物理(分科),1.50,英文(學測),1.50,國文(學測),1.00,,,6,197.00,,,,,,,,26,,,,,數學甲→物理→英文→國文,5,1,6,4,2,0,0,6
1460,國立臺灣海洋大學,電機工程學系,數學甲(分科),1.00,英文(學測),1.00,物理(分科),1.00,國文(學測),1.00,化學(分科),1.00,36,216.00,,,,,,,,26,,,,,數學甲→英文→物理→國文→化學,32,4,36,33,3,0,0,36
1461,國立臺灣海洋大學,資訊工程學系,數學甲(分科),1.00,英文(學測),1.00,物理(分科),1.00,國文(學測),1.00,,,44,168.00,數學甲(分科),29,,,,,,26,,,,,數學甲→英文→物理→國文,31,13,44,35,9,0,0,44
1462,國立臺灣海洋大學,通訊與導航工程學系,數學甲(分科),1.50,物理(分科),1.50,英文(學測),1.00,,,,,20,154.00,,,,,,,,26,,,,,數學甲→物理→英文,18,2,20,18,2,0,0,20
1463,國立臺灣海洋大學,光電與材料科技學系,數學甲(分科),1.50,物理(分科),1.50,英文(學測),1.25,化學(分科),1.00,國文(學測),1.00,24,248.75,數學甲(分科),41,,,,,,26,,,,,數學甲→物理→英文→化學→國文,17,7,24,21,3,0,0,24
1464,國立臺灣海洋大學,海洋法政學士學位學程,英文(學測),2.00,國文(學測),1.50,公民與社會(分科),1.00,,,,,16,184.50,英文(學測),39,199.20,,,,,26,數學A(後標) 或 數學B(後標),,,,英文→國文→公民與社會,6,9,15,7,8,1,0,16
1465,國立臺灣海洋大學,海洋文創設計產業學士學位學程,國文(學測),1.00,歷史(分科),1.00,英文(學測),1.00,,,,,8,113.00,國文(學測),45,,,,,,26,,,,,國文→歷史→英文,3,5,8,2,6,0,0,8
1466,國立高雄師範大學,國文學系,國文(學測),2.00,英文(學測),1.25,歷史(分科),1.25,,,,,37,186.75,,,197.05,,,,,26,,,,,國文→英文→歷史,28,8,36,12,24,0,1,37
1467,國立高雄師範大學,英語學系,英文(學測),2.00,國文(學測),1.75,歷史(分科),1.50,,,,,49,212.50,,,,,,,,26,數學B(底標),,,B級,英文→國文→歷史,38,11,49,17,32,0,0,49
1470,國立高雄師範大學,地理學系,地理(分科),1.50,英文(學測),1.50,數學B(學測),1.00,社會(學測),1.00,,,26,191.50,地理(分科),53,,,,,,26,,,,,地理→英文→數學B→社會,15,11,26,15,11,0,0,26
1471,國立高雄師範大學,數學系數學組,數學甲(分科),2.00,數學A(學測),2.00,英文(學測),1.25,物理(分科),1.00,,,26,211.25,,,,,,,,26,,,,,數學甲→數學A→英文→物理,14,12,26,22,4,0,0,26
1472,國立高雄師範大學,數學系應用數學組,數學甲(分科),2.00,數學A(學測),2.00,英文(學測),1.25,物理(分科),1.00,,,25,216.75,,,,,,,,26,,,,,數學甲→數學A→英文→物理,17,8,25,18,7,0,0,25
1473,國立高雄師範大學,化學系,化學(分科),1.00,英文(學測),1.00,數學甲(分科),1.00,,,,,25,119.00,,,,,,,,26,,,,,化學→英文→數學甲,14,11,25,18,7,0,0,25
1474,國立高雄師範大學,物理學系,物理(分科),1.00,數學甲(分科),1.00,英文(學測),1.00,化學(分科),1.00,國文(學測),1.00,28,192.00,物理(分科),37,,,,,,26,,,,,物理→數學甲→英文→化學→國文,16,12,28,16,12,0,0,28
1475,國立高雄師範大學,生物科技系,生物(分科),1.50,英文(學測),1.25,化學(分科),1.00,國文(學測),1.25,數學甲(分科),1.00,27,222.25,生物(分科),48,,,,,,26,,,,,生物→英文→化學→國文→數學甲,15,12,27,10,17,0,0,27
1476,國立高雄師範大學,教育學系,國文(學測),1.50,英文(學測),1.75,數學B(學測),1.75,公民與社會(分科),1.00,,,15,223.25,,,,,,,,26,,,,,國文→英文→數學B→公民與社會,10,5,15,5,10,0,0,15
1477,國立高雄師範大學,特殊教育學系,國文(學測),1.25,英文(學測),1.25,公民與社會(分科),1.00,,,,,15,141.25,,,143.25,,,,,26,數學A(底標) 或 數學B(底標),,,,國文→英文→公民與社會,11,3,14,2,12,0,1,15
1500,國立高雄師範大學,體育學系,英文(學測),2.00,國文(學測),2.00,生物(分科),2.00,體育(術科),1.00,數學B(學測),1.00,9,249.31,,,,,,,,26,,,,,英文→國文→生物→術科→數學B,8,1,9,8,1,0,0,9
1501,國立高雄師範大學,事業經營學系,英文(學測),2.00,數學B(學測),1.75,國文(學測),1.50,公民與社會(分科),1.00,,,10,238.00,,,,,,,,26,,,,,英文→數學B→國文→公民與社會,10,0,10,4,6,0,0,10
1502,國立高雄師範大學,工業科技教育學系科技教育與訓練組,數學甲(分科),1.25,物理(分科),1.25,英文(學測),1.25,國文(學測),1.00,化學(分科),1.00,8,199.25,,,,,,,,26,,,,,數學甲→物理→英文→國文→化學,7,1,8,7,1,0,0,8
1503,國立高雄師範大學,工業科技教育學系能源與冷凍空調組,數學甲(分科),1.25,物理(分科),1.25,英文(學測),1.25,國文(學測),1.00,化學(分科),1.00,6,202.25,,,,,,,,26,,,,,數學甲→物理→英文→國文→化學,4,2,6,5,1,0,0,6
1504,國立高雄師範大學,工業設計學系,英文(學測),2.00,歷史(分科),1.00,數學B(學測),1.00,,,,,21,127.00,,,,,,,,26,,,,,英文→歷史→數學B,8,13,21,13,8,0,0,21
1505,國立高雄師範大學,電子工程學系,物理(分科),1.50,數學甲(分科),1.25,英文(學測),1.00,國文(學測),1.00,,,30,186.75,物理(分科),33,,,,,,26,,,,,物理→數學甲→英文→國文,18,12,30,21,9,0,0,30
1506,國立高雄師範大學,軟體工程與管理學系,數學甲(分科),1.00,英文(學測),1.00,國文(學測),1.00,,,,,18,127.00,數學甲(分科),40,,,,,,26,,,,,數學甲→英文→國文,10,8,18,13,5,0,0,18
1507,國立高雄師範大學,電機工程學系,數學甲(分科),1.00,物理(分科),1.00,英文(學測),1.00,化學(分科),1.00,國文(學測),1.00,29,202.00,數學甲(分科),37,,,,,,26,,,,,數學甲→物理→英文→化學→國文,21,8,29,20,9,0,0,29
1510,國立高雄師範大學,美術學系,美術(術科),2.00,國文(學測),1.00,英文(學測),1.00,歷史(分科),1.00,,,16,223.34,,,,,,,,26,,,,,術科→國文→英文→歷史,15,1,16,5,11,0,0,16
1511,國立高雄師範大學,音樂學系,音樂(術科),2.00,英文(學測),1.00,歷史(分科),1.00,國文(學測),1.00,,,5,230.56,,,,,,,,26,,,,,術科→英文→歷史→國文,1,6,7,1,4,0,0,5
1512,國立高雄師範大學,視覺設計學系,美術(術科),2.00,國文(學測),1.00,英文(學測),1.00,歷史(分科),1.00,,,21,232.00,,,282.53,,,,,26,,,,,術科→國文→英文→歷史,11,9,20,4,16,1,0,21
1513,國立彰化師範大學,輔導與諮商學系學校輔導與諮商組,國文(學測),2.00,英文(學測),2.00,公民與社會(分科),1.00,社會(學測),1.00,歷史(分科),1.00,12,343.00,,,344.30,,,,,27,數學A(均標) 或 數學B(均標),,,,國文→英文→公民與社會→社會→歷史,10,1,11,3,8,1,0,12
1514,國立彰化師範大學,輔導與諮商學系社區輔導與諮商組,國文(學測),2.00,英文(學測),2.00,公民與社會(分科),1.50,社會(學測),1.00,歷史(分科),1.00,17,350.50,,,,,,,,27,數學A(均標) 或 數學B(均標),,,,國文→英文→公民與社會→社會→歷史,9,8,17,9,8,0,0,17
1515,國立彰化師範大學,特殊教育學系,國文(學測),1.25,英文(學測),1.25,公民與社會(分科),1.00,,,,,22,145.25,,,,,,,,27,數學A(底標) 或 數學B(底標),,,,國文→英文→公民與社會,12,10,22,1,21,0,0,22
1516,國立彰化師範大學,數學系,數學甲(分科),2.00,英文(學測),1.00,自然(學測),1.00,,,,,37,149.00,,,,,,,,27,,,,,數學甲→英文→自然,31,6,37,28,9,0,0,37
1517,國立彰化師範大學,物理學系物理組,物理(分科),2.00,數學A(學測),1.50,英文(學測),1.00,,,,,20,175.50,物理(分科),41,,,,,,27,,,,,物理→數學A→英文,16,4,20,17,3,0,0,20
1520,國立彰化師範大學,物理學系光電組,物理(分科),2.00,數學A(學測),1.50,英文(學測),1.00,,,,,25,177.50,物理(分科),44,,,,,,27,,,,,物理→數學A→英文,16,9,25,21,4,0,0,25
1521,國立彰化師範大學,生物學系,生物(分科),2.00,英文(學測),1.75,化學(分科),1.50,國文(學測),1.00,,,22,256.00,生物(分科),38,,,,,,27,,,,,生物→英文→化學→國文,18,4,22,11,11,0,0,22
1522,國立彰化師範大學,化學系,化學(分科),2.00,物理(分科),1.25,數學A(學測),1.25,英文(學測),1.00,,,28,219.25,,,,,,,,27,,,,,化學→物理→數學A→英文,19,9,28,21,7,0,0,28
1523,國立彰化師範大學,英語學系(社會組),英文(學測),1.50,國文(學測),1.00,歷史(分科),1.00,,,,,33,148.00,英文(學測),34,,,,,,27,,,,,英文→國文→歷史,24,9,33,11,22,0,0,33
1524,國立彰化師範大學,英語學系(自然組),英文(學測),1.50,國文(學測),1.00,化學(分科),1.00,,,,,3,154.50,,,,,,,,27,,,,,英文→國文→化學,3,0,3,1,2,0,0,3
1525,國立彰化師範大學,國文學系,國文(學測),1.50,英文(學測),1.00,歷史(分科),1.00,,,,,49,146.00,,,156.50,,,,,27,,,,,國文→英文→歷史,38,10,48,11,37,0,1,49
1526,國立彰化師範大學,地理學系,地理(分科),1.50,英文(學測),1.25,數學B(學測),1.00,公民與社會(分科),1.00,,,20,185.75,地理(分科),58,,,,,,27,,,,,地理→英文→數學B→公民與社會,14,6,20,8,12,0,0,20
1527,國立彰化師範大學,美術學系,美術(術科),2.00,國文(學測),1.00,英文(學測),1.00,歷史(分科),1.00,,,17,218.36,,,,,,,,27,,,,,術科→國文→英文→歷史,8,9,17,3,14,0,0,17
1530,國立彰化師範大學,機電工程學系,數學甲(分科),2.00,物理(分科),2.00,英文(學測),2.00,化學(分科),1.00,國文(學測),1.00,26,309.00,數學甲(分科),47,,,,,,27,,,,,數學甲→物理→英文→化學→國文,23,3,26,16,10,0,0,26
1531,國立彰化師範大學,電機工程學系,數學甲(分科),2.00,物理(分科),2.00,英文(學測),2.00,化學(分科),1.00,國文(學測),1.00,34,326.00,數學甲(分科),38,,,,,,27,,,,,數學甲→物理→英文→化學→國文,27,7,34,27,7,0,0,34
1532,國立彰化師範大學,電子工程學系,物理(分科),2.00,數學甲(分科),2.00,英文(學測),2.00,化學(分科),1.00,國文(學測),1.00,27,321.00,物理(分科),47,,,,,,27,,,,,物理→數學甲→英文→化學→國文,20,7,27,23,4,0,0,27
1533,國立彰化師範大學,資訊工程學系,數學甲(分科),2.00,英文(學測),1.50,物理(分科),1.50,,,,,36,194.00,數學甲(分科),49,,,,,,27,,,,,數學甲→英文→物理,27,9,36,28,8,0,0,36
1534,國立彰化師範大學,企業管理學系,英文(學測),2.00,國文(學測),1.00,公民與社會(分科),1.00,,,,,25,166.00,英文(學測),40,,,,,,27,數學A(後標) 或 數學B(均標),,,,英文→國文→公民與社會,19,6,25,8,17,0,0,25
1535,國立彰化師範大學,會計學系,英文(學測),1.50,國文(學測),1.00,數學B(學測),1.00,公民與社會(分科),1.00,,,50,175.50,英文(學測),37,,,,,,27,,,,,英文→國文→數學B→公民與社會,36,14,50,22,28,0,0,50
1536,國立彰化師範大學,資訊管理學系資訊管理組,英文(學測),2.00,數學B(學測),2.00,國文(學測),1.00,歷史(分科),1.00,,,10,239.00,,,,,,,,27,數學B(均標),,,,英文→數學B→國文→歷史,9,1,10,5,5,0,0,10
1537,國立彰化師範大學,資訊管理學系數位內容科技與管理組,英文(學測),2.00,數學A(學測),2.00,國文(學測),1.00,物理(分科),1.00,,,17,243.00,英文(學測),38,,,,,,27,數學A(均標),,,,英文→數學A→國文→物理,10,7,17,7,10,0,0,17
1540,國立彰化師範大學,運動學系,英文(學測),2.00,國文(學測),2.00,生物(分科),1.00,體育(術科),1.00,,,9,216.21,,,221.94,,,,,27,,,,,英文→國文→生物→術科,2,6,8,6,2,1,0,9
1541,國立彰化師範大學,公共事務與公民教育學系公民教育組,公民與社會(分科),2.00,國文(學測),1.25,英文(學測),1.25,歷史(分科),1.00,數學B(學測),1.00,9,277.75,,,,,,,,27,,,,,公民與社會→國文→英文→歷史→數學B,5,4,9,6,3,0,0,9
1542,國立彰化師範大學,公共事務與公民教育學系公共事務組,公民與社會(分科),2.00,國文(學測),1.25,英文(學測),1.25,歷史(分科),1.00,數學B(學測),1.00,10,277.50,,,,,,,,27,,,,,公民與社會→國文→英文→歷史→數學B,7,3,10,4,6,0,0,10
1543,中山醫學大學,醫學系,生物(分科),1.00,化學(分科),1.00,英文(學測),1.00,數學甲(分科),1.00,物理(分科),1.00,66,264.00,生物(分科),59,286.20,,,,,27,,,,,生物→化學→英文→數學甲→物理,48,17,65,50,15,1,0,66
1544,中山醫學大學,醫學社會暨社會工作學系,國文(學測),2.00,英文(學測),1.00,公民與社會(分科),2.00,,,,,65,172.00,,,173.75,,,,,27,,,,,國文→英文→公民與社會,37,27,64,12,52,1,0,65
1545,中山醫學大學,護理學系,生物(分科),1.00,化學(分科),1.00,英文(學測),1.00,國文(學測),1.00,,,86,133.00,生物(分科),41,135.00,,,,,27,,,,,生物→化學→英文→國文,60,25,85,24,61,0,1,86
1546,中山醫學大學,牙醫學系,生物(分科),1.25,化學(分科),1.00,數學甲(分科),1.00,物理(分科),1.00,英文(學測),1.00,65,275.25,生物(分科),57,320.45,,,,,27,國文(前標),,,,生物→化學→數學甲→物理→英文,45,19,64,47,17,1,0,65
1547,中山醫學大學,醫學檢驗暨生物技術學系,生物(分科),1.00,化學(分科),1.00,英文(學測),1.00,國文(學測),1.00,,,35,176.00,生物(分科),44,178.20,,,,,27,,,,,生物→化學→英文→國文,32,2,34,10,24,1,0,35
1550,中山醫學大學,物理治療學系,英文(學測),1.50,生物(分科),1.50,國文(學測),1.50,物理(分科),1.00,,,28,258.00,英文(學測),56,292.30,,,,,27,,,,,英文→生物→國文→物理,18,9,27,14,13,0,1,28
1551,中山醫學大學,職能治療學系,英文(學測),1.50,國文(學測),1.25,生物(分科),1.00,,,,,31,177.75,,,204.10,,,,,27,數學A(後標) 或 數學B(均標),,,,英文→國文→生物,21,9,30,4,26,0,1,31
1552,中山醫學大學,語言治療與聽力學系語言治療組,英文(學測),2.00,生物(分科),1.50,國文(學測),1.50,物理(分科),1.00,,,30,262.00,,,266.90,,,,,27,,,,,英文→生物→國文→物理,19,10,29,8,21,1,0,30
1553,中山醫學大學,語言治療與聽力學系聽力組,英文(學測),2.00,物理(分科),1.50,國文(學測),1.50,生物(分科),1.00,,,26,236.00,,,251.25,,,,,27,,,,,英文→物理→國文→生物,18,7,25,7,18,1,0,26
1554,中山醫學大學,生物醫學科學學系,生物(分科),2.00,英文(學測),1.00,化學(分科),1.00,數學甲(分科),1.00,,,35,182.00,,,,,,,,28,,,,,生物→英文→化學→數學甲,19,16,35,17,18,0,0,35
1555,中山醫學大學,視光學系,生物(分科),1.50,英文(學測),1.00,物理(分科),1.00,國文(學測),1.00,,,21,167.00,,,,,,,,28,,,,,生物→英文→物理→國文,19,2,21,9,12,0,0,21
1556,中山醫學大學,醫學影像暨放射科學系,物理(分科),2.00,生物(分科),1.50,數學甲(分科),1.25,,,,,41,161.50,物理(分科),34,,,,,,28,,,,,物理→生物→數學甲,31,10,41,26,15,0,0,41
1557,中山醫學大學,心理學系,英文(學測),2.00,國文(學測),1.50,數學甲(分科),1.00,,,,,35,192.00,英文(學測),51,193.80,,,,,28,,,,,英文→國文→數學甲,26,8,34,15,19,1,0,35
1560,中山醫學大學,營養學系,生物(分科),2.00,化學(分科),2.00,國文(學測),1.75,,,,,41,230.00,,,,,,,,28,,,,,生物→化學→國文,28,13,41,10,31,0,0,41
1561,中山醫學大學,公共衛生學系(A組),國文(學測),2.00,英文(學測),2.00,化學(分科),1.00,數學甲(分科),1.00,,,19,218.00,國文(學測),44,,,,,,28,,,,,國文→英文→化學→數學甲,11,8,19,6,13,0,0,19
1562,中山醫學大學,公共衛生學系(B組),歷史(分科),1.00,國文(學測),2.00,英文(學測),2.00,數學甲(分科),1.00,,,10,200.00,,,,,,,,28,,,,,歷史→國文→英文→數學甲,10,0,10,6,4,0,0,10
1563,中山醫學大學,醫療產業科技管理學系,英文(學測),1.50,國文(學測),1.00,地理(分科),1.00,數學B(學測),1.00,,,32,134.50,,,,,,,,28,,,,,英文→國文→地理→數學B,25,7,32,9,23,0,0,32
1564,中山醫學大學,職業安全衛生學系,化學(分科),1.00,國文(學測),1.00,英文(學測),1.00,,,,,24,102.00,化學(分科),24,103.95,,,,,28,,,,,化學→國文→英文,17,6,23,5,18,0,1,24
1565,中山醫學大學,醫學應用化學系,化學(分科),2.00,數學甲(分科),1.00,國文(學測),1.00,,,,,21,155.00,化學(分科),41,,,,,,28,,,,,化學→數學甲→國文,13,8,21,11,10,0,0,21
1566,中山醫學大學,健康產業科技管理學系,化學(分科),1.00,數學甲(分科),1.00,國文(學測),1.00,,,,,17,94.00,,,,,,,,28,,,,,化學→數學甲→國文,12,5,17,9,8,0,0,17
1567,中山醫學大學,醫學資訊學系,數學甲(分科),2.00,英文(學測),2.00,國文(學測),1.00,,,,,27,173.00,數學甲(分科),46,,,,,,28,,,,,數學甲→英文→國文,18,9,27,20,7,0,0,27
1570,中山醫學大學,應用外國語言學系,英文(學測),1.50,國文(學測),1.00,歷史(分科),1.00,,,,,33,107.00,,,,,,,,28,,,,,英文→國文→歷史,18,15,33,8,25,0,0,33
1571,國立中山大學,中國文學系,國文(學測),2.00,歷史(分科),1.00,英文(學測),1.00,地理(分科),1.00,,,16,229.00,國文(學測),49,,,,,,28,,,,,國文→歷史→英文→地理,8,8,16,4,12,0,0,16
1572,國立中山大學,外國語文學系,英文(學測),2.00,國文(學測),1.50,歷史(分科),1.00,地理(分科),1.00,,,15,258.50,英文(學測),51,,,,,,28,,,,,英文→國文→歷史→地理,7,8,15,6,9,0,0,15
1573,國立中山大學,音樂學系,音樂(術科),2.00,英文(學測),1.00,國文(學測),1.00,歷史(分科),1.00,,,8,202.70,,,,,,,,28,,,,,術科→英文→國文→歷史,4,14,18,5,3,0,0,8
1574,國立中山大學,劇場藝術學系(男),國文(學測),2.00,英文(學測),2.00,歷史(分科),1.00,,,,,4,207.00,國文(學測),51,,,,,,28,,,,,國文→英文→歷史,2,2,4,4,0,0,0,4
1575,國立中山大學,劇場藝術學系(女),國文(學測),2.00,英文(學測),2.00,歷史(分科),1.00,,,,,7,220.00,,,,,,,,28,,,,,國文→英文→歷史,2,5,7,0,7,0,0,7
1576,國立中山大學,生物科學系,生物(分科),1.50,化學(分科),1.25,英文(學測),1.25,數學甲(分科),1.00,國文(學測),1.00,6,257.75,,,,,,,,28,,,,,生物→化學→英文→數學甲→國文,4,2,6,3,3,0,0,6
1577,國立中山大學,生物科學系英語組,生物(分科),1.50,化學(分科),1.25,英文(學測),1.50,數學甲(分科),1.00,國文(學測),1.00,11,261.25,,,,,,,,28,英文(均標),,,,生物→化學→英文→數學甲→國文,3,8,11,5,6,0,0,11
1600,國立中山大學,化學系,化學(分科),2.00,物理(分科),1.00,數學甲(分科),1.00,英文(學測),1.00,國文(學測),1.00,17,266.00,化學(分科),50,,,,,,28,,,,,化學→物理→數學甲→英文→國文,10,7,17,13,4,0,0,17
1601,國立中山大學,化學系英語組,化學(分科),1.00,物理(分科),1.00,數學甲(分科),1.00,英文(學測),2.00,國文(學測),1.00,9,264.00,化學(分科),46,,,,,,28,英文(均標),,,,化學→物理→數學甲→英文→國文,9,0,9,5,4,0,0,9
1602,國立中山大學,物理學系,物理(分科),1.50,數學甲(分科),1.75,英文(學測),1.75,化學(分科),1.00,國文(學測),1.00,12,301.25,,,,,,,,28,,,,,物理→數學甲→英文→化學→國文,7,5,12,10,2,0,0,12
1603,國立中山大學,物理學系量子科技組(全英),物理(分科),1.50,數學甲(分科),1.75,英文(學測),2.00,化學(分科),1.00,國文(學測),1.00,6,313.25,,,,,,,,28,英文(均標),,,,物理→數學甲→英文→化學→國文,6,0,6,3,3,0,0,6
1604,國立中山大學,應用數學系,數學甲(分科),2.00,英文(學測),1.00,物理(分科),1.50,,,,,12,185.00,,,,,,,,28,,,,,數學甲→英文→物理,4,8,12,9,3,0,0,12
1605,國立中山大學,應用數學系英語組,數學甲(分科),2.00,英文(學測),1.50,物理(分科),1.00,,,,,12,181.00,,,,,,,,28,英文(均標),,,,數學甲→英文→物理,4,8,12,11,1,0,0,12
1606,國立中山大學,電機工程學系,數學甲(分科),1.00,英文(學測),1.00,物理(分科),1.00,化學(分科),1.00,,,4,198.00,數學甲(分科),45,,,,,,28,,,,,數學甲→英文→物理→化學,3,1,4,4,0,0,0,4
1607,國立中山大學,電機工程學系全英語組,數學甲(分科),1.00,英文(學測),1.00,物理(分科),1.00,化學(分科),1.00,,,32,186.00,數學甲(分科),45,,,,,,28,英文(前標),,,,數學甲→英文→物理→化學,18,14,32,28,4,0,0,32
1610,國立中山大學,機械與機電工程學系,物理(分科),2.00,數學甲(分科),1.50,國文(學測),1.00,,,,,17,201.50,物理(分科),49,,,,,,28,,,,,物理→數學甲→國文,10,7,17,15,2,0,0,17
1611,國立中山大學,機械與機電工程學系全英語組,物理(分科),2.00,數學甲(分科),1.50,英文(學測),2.00,,,,,10,239.00,物理(分科),38,,,,,,28,英文(均標),,,,物理→數學甲→英文,7,3,10,10,0,0,0,10
1612,國立中山大學,資訊工程學系,數學甲(分科),2.00,英文(學測),1.00,物理(分科),1.50,國文(學測),1.00,,,23,258.50,數學甲(分科),48,,,,,,28,,,,,數學甲→英文→物理→國文,12,11,23,20,3,0,0,23
1613,國立中山大學,資訊工程學系全英語學士班,數學甲(分科),2.00,英文(學測),2.00,物理(分科),1.50,,,,,13,255.00,,,,,,,,28,,,,,數學甲→英文→物理,8,5,13,8,5,0,0,13
1614,國立中山大學,光電工程學系,數學甲(分科),2.00,物理(分科),2.00,英文(學測),1.00,化學(分科),1.00,,,15,265.00,數學甲(分科),45,,,,,,28,,,,,數學甲→物理→英文→化學,5,10,15,15,0,0,0,15
1615,國立中山大學,光電工程學系全英語組,數學甲(分科),2.00,物理(分科),2.00,英文(學測),1.50,化學(分科),1.00,,,7,283.50,,,,,,,,29,英文(均標),,,,數學甲→物理→英文→化學,5,2,7,5,2,0,0,7
1616,國立中山大學,材料與光電科學學系甲組,數學甲(分科),2.00,物理(分科),2.00,英文(學測),1.00,,,,,6,230.00,,,,,,,,29,,,,,數學甲→物理→英文,3,3,6,5,1,0,0,6
1617,國立中山大學,材料與光電科學學系乙組,物理(分科),2.00,化學(分科),2.00,數學甲(分科),1.00,,,,,6,245.00,,,,,,,,29,,,,,物理→化學→數學甲,3,3,6,6,0,0,0,6
1620,國立中山大學,材料與光電科學學系全英語組,數學甲(分科),1.00,物理(分科),2.00,化學(分科),2.00,英文(學測),1.00,,,12,271.00,數學甲(分科),44,,,,,,29,,,,,數學甲→物理→化學→英文,7,5,12,12,0,0,0,12
1621,國立中山大學,企業管理學系(社會組),英文(學測),2.00,數學B(學測),2.00,公民與社會(分科),1.00,,,,,16,220.00,英文(學測),41,,,,,,29,,,,,英文→數學B→公民與社會,10,6,16,15,1,0,0,16
1622,國立中山大學,企業管理學系(自然組),英文(學測),2.00,數學甲(分科),2.00,國文(學測),1.00,,,,,12,217.00,英文(學測),48,,,,,,29,,,,,英文→數學甲→國文,10,2,12,8,4,0,0,12
1623,國立中山大學,資訊管理學系,數學甲(分科),2.00,英文(學測),2.00,國文(學測),1.50,,,,,16,249.00,,,,,,,,29,,,,,數學甲→英文→國文,8,8,16,8,8,0,0,16
1624,國立中山大學,財務管理學系,公民與社會(分科),2.00,英文(學測),1.00,國文(學測),1.00,,,,,13,206.00,公民與社會(分科),60,,,,,,29,數學A(均標) 或 數學B(均標),,,,公民與社會→英文→國文,7,6,13,6,7,0,0,13
1625,國立中山大學,國際經營管理全英語學士學位學程,英文(學測),2.00,公民與社會(分科),1.50,數學B(學測),1.00,,,,,7,209.50,,,,,,,,29,英文(均標),,,,英文→公民與社會→數學B,5,2,7,3,4,0,0,7
1626,國立中山大學,海洋生物科技暨資源學系,英文(學測),1.50,生物(分科),1.50,化學(分科),1.50,數學甲(分科),1.00,,,15,213.50,,,,,,,,29,,,,B級,英文→生物→化學→數學甲,10,5,15,9,6,0,0,15
1627,國立中山大學,海洋環境及工程學系,物理(分科),1.50,化學(分科),1.00,數學甲(分科),1.50,英文(學測),1.25,,,16,205.25,物理(分科),39,,,,,,29,,,,,物理→化學→數學甲→英文,6,10,16,15,1,0,0,16
1630,國立中山大學,海洋科學系,英文(學測),1.25,國文(學測),1.00,數學甲(分科),1.00,化學(分科),1.00,,,10,177.25,英文(學測),45,185.60,,,,,29,,,,,英文→國文→數學甲→化學,4,5,9,5,4,1,0,10
1631,國立中山大學,政治經濟學系,英文(學測),1.50,數學A(學測),1.50,國文(學測),1.00,公民與社會(分科),1.00,,,20,208.00,,,,,,,,29,數學A(均標),,,,英文→數學A→國文→公民與社會,11,9,20,10,10,0,0,20
1632,國立中山大學,社會學系,公民與社會(分科),2.00,英文(學測),2.00,地理(分科),1.00,,,,,23,225.00,,,,,,,,29,數學A(均標) 或 數學B(均標),,,,公民與社會→英文→地理,13,10,23,16,7,0,0,23
1633,國立中山大學,人文暨科技跨領域學士學位學程,英文(學測),1.00,國文(學測),1.00,物理(分科),1.00,,,,,17,128.00,,,,,,,,29,數學A(均標) 或 數學B(前標),,,,英文→國文→物理,10,7,17,10,7,0,0,17
1634,國立中山大學,生物醫學科技學系全英語學士班生物醫學組,生物(分科),2.00,英文(學測),1.50,化學(分科),1.50,數學甲(分科),1.00,,,9,257.00,,,,,,,,29,,,,,生物→英文→化學→數學甲,7,2,9,6,3,0,0,9
1635,國立中山大學,生物醫學科技學系全英語學士班生醫工程組,數學甲(分科),1.50,物理(分科),1.50,英文(學測),1.50,化學(分科),1.00,生物(分科),1.00,8,264.50,,,,,,,,29,,,,,數學甲→物理→英文→化學→生物,6,2,8,5,3,0,0,8
1636,長庚大學,醫學系(自費),生物(分科),1.00,英文(學測),1.00,化學(分科),1.00,數學甲(分科),1.00,物理(分科),1.00,46,273.00,生物(分科),53,311.85,,,,,29,國文(前標),,,,生物→英文→化學→數學甲→物理,23,22,45,37,8,1,0,46
1637,長庚大學,醫學系(公費),生物(分科),1.00,英文(學測),1.00,化學(分科),1.00,數學甲(分科),1.00,物理(分科),1.00,4,260.00,生物(分科),59,,,,,,29,國文(前標),,,,生物→英文→化學→數學甲→物理,4,0,4,1,3,0,0,4
1640,長庚大學,中醫學系,生物(分科),1.00,英文(學測),1.00,化學(分科),1.00,數學甲(分科),1.00,國文(學測),1.00,12,272.00,,,279.45,,,,,29,,,,,生物→英文→化學→數學甲→國文,11,0,11,1,10,0,1,12
1641,長庚大學,護理學系,英文(學測),1.50,生物(分科),1.50,國文(學測),1.00,化學(分科),1.00,,,34,200.00,英文(學測),28,,,,,,29,,,,,英文→生物→國文→化學,30,4,34,5,29,0,0,34
1642,長庚大學,醫學生物技術暨檢驗學系,生物(分科),1.50,化學(分科),1.50,英文(學測),1.00,數學A(學測),1.00,,,20,220.50,,,,,,,,29,,,,,生物→化學→英文→數學A,15,5,20,9,11,0,0,20
1643,長庚大學,醫學影像暨放射科學系,物理(分科),1.25,英文(學測),1.25,數學甲(分科),1.25,生物(分科),1.00,化學(分科),1.00,14,219.75,,,253.05,,,,,29,,,,,物理→英文→數學甲→生物→化學,11,2,13,2,11,0,1,14
1644,長庚大學,物理治療學系,英文(學測),1.50,生物(分科),1.50,物理(分科),1.25,化學(分科),1.00,,,19,245.25,,,,,,,,29,,,,,英文→生物→物理→化學,14,5,19,12,7,0,0,19
1645,長庚大學,職能治療學系,英文(學測),1.00,生物(分科),1.50,國文(學測),1.25,,,,,19,189.00,,,,,,,,29,數學A(後標) 或 數學B(均標),,,,英文→生物→國文,12,7,19,2,17,0,0,19
1646,長庚大學,生物醫學系,化學(分科),2.00,生物(分科),2.00,英文(學測),2.00,數學甲(分科),1.00,物理(分科),1.00,26,289.00,,,,,,,,29,,,,,化學→生物→英文→數學甲→物理,23,3,26,9,17,0,0,26
1647,長庚大學,呼吸治療學系,生物(分科),1.50,英文(學測),1.00,化學(分科),1.00,,,,,20,152.00,生物(分科),46,,158.20,,,,29,,,,,生物→英文→化學,13,6,19,4,15,1,0,20
1650,長庚大學,電機工程學系,物理(分科),1.50,數學甲(分科),1.50,英文(學測),1.25,國文(學測),1.00,,,32,208.50,,,,,,,,29,,,,,物理→數學甲→英文→國文,28,4,32,26,6,0,0,32
1651,長庚大學,機械工程學系,物理(分科),1.25,數學甲(分科),1.00,英文(學測),1.00,,,,,19,109.25,,,,,,,,29,,,,,物理→數學甲→英文,17,2,19,15,4,0,0,19
1652,長庚大學,化工與材料工程學系,數學甲(分科),1.00,英文(學測),1.00,化學(分科),1.00,物理(分科),1.00,,,23,148.00,數學甲(分科),27,,,,,,29,,,,,數學甲→英文→化學→物理,15,8,23,16,7,0,0,23
1653,長庚大學,電子工程學系,物理(分科),1.00,數學甲(分科),1.00,化學(分科),1.00,英文(學測),1.00,,,36,143.00,,,,,,,,29,,,,,物理→數學甲→化學→英文,32,4,36,28,8,0,0,36
1654,長庚大學,資訊工程學系,數學甲(分科),1.00,物理(分科),1.00,英文(學測),1.00,國文(學測),1.00,,,22,158.00,,,,,,,,29,,,,,數學甲→物理→英文→國文,17,5,22,14,8,0,0,22
1655,長庚大學,生物醫學工程學系,數學甲(分科),1.25,物理(分科),1.00,化學(分科),1.00,英文(學測),1.00,,,17,161.00,,,,,,,,30,,,,,數學甲→物理→化學→英文,6,11,17,11,6,0,0,17
1656,長庚大學,人工智慧學系,數學甲(分科),1.50,英文(學測),1.00,國文(學測),1.00,,,,,12,133.50,,,,,,,,30,,,,,數學甲→英文→國文,12,0,12,7,5,0,0,12
1657,長庚大學,醫務管理學系,英文(學測),1.50,國文(學測),1.00,公民與社會(分科),1.00,,,,,25,127.50,,,,,,,,30,,,,,英文→國文→公民與社會,16,9,25,4,21,0,0,25
1660,長庚大學,工商管理學系(數智商務組),英文(學測),2.00,國文(學測),1.00,公民與社會(分科),1.00,,,,,15,108.00,英文(學測),17,,,,,,30,數學B(均標),,,,英文→國文→公民與社會,9,6,15,11,4,0,0,15
1661,長庚大學,工商管理學系(工商創業組),英文(學測),2.00,國文(學測),1.00,歷史(分科),1.00,,,,,12,101.00,,,,,,,,30,數學B(均標),,,,英文→國文→歷史,8,4,12,6,6,0,0,12
1662,長庚大學,工業設計學系,英文(學測),2.00,國文(學測),1.00,公民與社會(分科),1.00,,,,,14,116.00,英文(學測),21,,,,,,30,數學A(後標) 或 數學B(後標),,,,英文→國文→公民與社會,7,7,14,7,7,0,0,14
1663,長庚大學,資訊管理學系,英文(學測),2.00,國文(學測),1.25,公民與社會(分科),1.00,,,,,27,146.75,,,,,,,,30,數學A(後標) 或 數學B(均標),,,,英文→國文→公民與社會,17,10,27,14,13,0,0,27
1664,長庚大學,數位金融科技學系(甲組),數學甲(分科),2.00,英文(學測),2.00,國文(學測),1.00,,,,,8,191.00,,,,,,,,30,英文(均標),,,,數學甲→英文→國文,7,1,8,4,4,0,0,8
1665,長庚大學,數位金融科技學系(乙組),英文(學測),2.00,國文(學測),1.00,公民與社會(分科),1.00,,,,,8,122.00,,,,,,,,30,數學B(均標),,,,英文→國文→公民與社會,7,1,8,5,3,0,0,8
1666,國立臺中教育大學,教育學系,國文(學測),1.50,數學B(學測),1.50,英文(學測),1.00,歷史(分科),1.00,,,27,179.00,國文(學測),51,191.30,,,,,30,,,,,國文→數學B→英文→歷史,13,13,26,6,20,0,1,27
1667,國立臺中教育大學,特殊教育學系,國文(學測),1.00,英文(學測),1.00,數學B(學測),1.00,公民與社會(分科),1.00,,,20,137.00,,,,,,,,30,,,,,國文→英文→數學B→公民與社會,18,2,20,4,16,0,0,20
1670,國立臺中教育大學,幼兒教育學系,國文(學測),2.00,英文(學測),1.50,公民與社會(分科),1.00,,,,,21,172.00,,,173.55,,,,,30,,,,,國文→英文→公民與社會,8,12,20,1,19,0,1,21
1671,國立臺中教育大學,體育學系,數學B(學測),2.00,國文(學測),2.00,英文(學測),2.00,生物(分科),1.00,體育(術科),1.00,12,216.68,,,,,,,,30,,,,,數學B→國文→英文→生物→術科,2,10,12,10,2,0,0,12
1672,國立臺中教育大學,語文教育學系,國文(學測),2.00,歷史(分科),1.25,英文(學測),1.25,地理(分科),1.00,數學B(學測),1.00,16,241.00,,,,,,,,30,,,,,國文→歷史→英文→地理→數學B,11,5,16,6,10,0,0,16
1673,國立臺中教育大學,區域與社會發展學系,歷史(分科),2.00,地理(分科),2.00,公民與社會(分科),2.00,國文(學測),1.00,英文(學測),1.00,34,341.00,,,,,,,,30,數學A(底標) 或 數學B(後標),,,,歷史→地理→公民與社會→國文→英文,24,10,34,17,17,0,0,34
1674,國立臺中教育大學,諮商與應用心理學系,國文(學測),2.00,英文(學測),2.00,公民與社會(分科),1.00,,,,,34,217.00,國文(學測),47,219.85,,,,,30,數學B(底標),,,,國文→英文→公民與社會,17,16,33,6,27,0,1,34
1675,國立臺中教育大學,美術學系,美術(術科),2.00,國文(學測),1.00,英文(學測),1.00,歷史(分科),1.00,數學B(學測),1.00,11,228.74,,,,,,,,30,,,,,術科→國文→英文→歷史→數學B,10,1,11,4,7,0,0,11
1676,國立臺中教育大學,音樂學系,音樂(術科),2.00,英文(學測),1.00,國文(學測),1.00,歷史(分科),1.00,,,7,209.20,,,,,,,,30,,,,,術科→英文→國文→歷史,4,5,9,3,4,0,0,7
1677,國立臺中教育大學,台灣語文學系,國文(學測),1.00,英文(學測),1.00,歷史(分科),1.00,地理(分科),1.00,,,26,147.00,國文(學測),51,,,,,,30,,,,,國文→英文→歷史→地理,20,6,26,10,16,0,0,26
1700,國立臺中教育大學,英語學系,英文(學測),2.00,歷史(分科),1.00,數學B(學測),1.00,,,,,27,123.00,,,,,,,,30,,,,,英文→歷史→數學B,23,4,27,12,15,0,0,27
1701,國立臺中教育大學,數學教育學系,數學A(學測),1.50,國文(學測),1.00,英文(學測),1.00,物理(分科),1.00,,,14,150.00,數學A(學測),32,,,,,,30,,,,,數學A→國文→英文→物理,11,3,14,10,4,0,0,14
1702,國立臺中教育大學,科學教育與應用學系,英文(學測),1.00,國文(學測),1.00,化學(分科),2.00,物理(分科),2.00,數學甲(分科),1.00,28,209.00,英文(學測),35,,,,,,30,,,,,英文→國文→化學→物理→數學甲,16,12,28,16,12,0,0,28
1703,國立臺中教育大學,資訊工程學系,數學甲(分科),1.25,英文(學測),1.25,國文(學測),1.00,,,,,27,139.50,,,153.35,,,,,30,,,,,數學甲→英文→國文,13,13,26,16,10,1,0,27
1704,國立臺中教育大學,數位內容科技學系,數學B(學測),1.50,英文(學測),1.00,國文(學測),1.00,物理(分科),1.00,,,22,162.00,,,,,,,,30,,,,,數學B→英文→國文→物理,11,11,22,13,9,0,0,22
1705,國立臺中教育大學,國際企業學系,英文(學測),1.50,國文(學測),1.25,公民與社會(分科),1.00,,,,,34,147.50,,,148.40,,,,,30,數學A(後標) 或 數學B(後標),,,,英文→國文→公民與社會,23,9,32,10,22,1,1,34
1706,國立臺中教育大學,文化創意產業設計與營運學系,英文(學測),2.00,公民與社會(分科),2.00,國文(學測),1.00,,,,,33,176.00,英文(學測),30,,,,,,30,,,,,英文→公民與社會→國文,16,17,33,7,26,0,0,33
1707,國立臺北教育大學,教育學系,國文(學測),1.50,英文(學測),1.50,數學B(學測),1.25,歷史(分科),1.00,公民與社會(分科),1.00,21,257.75,,,262.25,,,,,30,,,,,國文→英文→數學B→歷史→公民與社會,13,7,20,7,13,0,1,21
1710,國立臺北教育大學,教育經營與管理學系,英文(學測),1.50,國文(學測),1.50,數學B(學測),1.50,公民與社會(分科),1.00,,,18,217.00,英文(學測),41,,,,,,30,,,,,英文→國文→數學B→公民與社會,13,5,18,5,13,0,0,18
1711,國立臺北教育大學,幼兒與家庭教育學系,國文(學測),1.50,英文(學測),1.50,數學B(學測),1.00,歷史(分科),1.00,地理(分科),1.00,24,233.50,國文(學測),51,,,,,,30,,,,,國文→英文→數學B→歷史→地理,14,10,24,2,22,0,0,24
1712,國立臺北教育大學,特殊教育學系(文組),英文(學測),2.00,國文(學測),1.50,地理(分科),1.50,數學B(學測),1.00,,,12,241.50,,,,,,,,30,,,,,英文→國文→地理→數學B,6,6,12,5,7,0,0,12
1713,國立臺北教育大學,特殊教育學系(理組),英文(學測),2.00,國文(學測),1.50,物理(分科),1.50,數學A(學測),1.00,,,11,220.00,英文(學測),51,,,,,,30,,,,,英文→國文→物理→數學A,6,5,11,6,5,0,0,11
1714,國立臺北教育大學,心理與諮商學系,數學B(學測),1.50,英文(學測),1.25,國文(學測),1.25,公民與社會(分科),1.00,歷史(分科),1.00,25,260.50,,,310.90,,,,,30,,,,,數學B→英文→國文→公民與社會→歷史,19,5,24,7,17,0,1,25
1715,國立臺北教育大學,社會與區域發展學系,英文(學測),2.00,數學B(學測),1.00,國文(學測),1.00,地理(分科),1.50,歷史(分科),1.50,30,280.00,英文(學測),46,,,,,,30,,,,,英文→數學B→國文→地理→歷史,12,18,30,14,16,0,0,30
1716,國立臺北教育大學,兒童英語教育學系,英文(學測),2.00,國文(學測),1.00,數學B(學測),1.00,歷史(分科),1.00,,,16,200.00,英文(學測),45,,,,,,31,,,,,英文→國文→數學B→歷史,6,10,16,5,11,0,0,16
1717,國立臺北教育大學,語文與創作學系語文師資組,國文(學測),2.00,英文(學測),1.25,歷史(分科),1.00,數學B(學測),1.00,,,22,208.50,,,,,,,,31,,,,,國文→英文→歷史→數學B,14,8,22,2,20,0,0,22
1720,國立臺北教育大學,語文與創作學系文學創作組,國文(學測),2.00,英文(學測),1.25,歷史(分科),1.00,,,,,26,183.75,,,188.95,,,,,31,,,,,國文→英文→歷史,15,10,25,6,19,1,0,26
1721,國立臺北教育大學,文化創意產業經營學系,社會(學測),1.50,英文(學測),1.50,國文(學測),1.50,地理(分科),1.00,歷史(分科),1.00,22,278.50,,,,,,,,31,國文(均標),數學A(均標) 或 數學B(均標),,,社會→英文→國文→地理→歷史,8,14,22,5,17,0,0,22
1722,國立臺北教育大學,藝術與造形設計學系設計組,英文(學測),1.50,數學B(學測),2.00,國文(學測),1.25,歷史(分科),1.00,,,27,204.75,,,217.60,,,,,31,,,,,英文→數學B→國文→歷史,12,13,25,4,21,1,1,27
1723,國立臺北教育大學,藝術與造形設計學系藝術組,國文(學測),1.50,英文(學測),1.50,歷史(分科),1.00,數學B(學測),1.00,,,16,181.50,,,,,,,,31,,,,,國文→英文→歷史→數學B,9,7,16,3,13,0,0,16
1724,國立臺北教育大學,數學暨資訊教育學系數學組,數學甲(分科),2.00,國文(學測),1.50,英文(學測),1.00,,,,,9,181.50,數學甲(分科),37,,,,,,31,,,,,數學甲→國文→英文,6,3,9,4,5,0,0,9
1725,國立臺北教育大學,數學暨資訊教育學系人工智慧與資訊教育組,數學甲(分科),2.00,英文(學測),1.50,國文(學測),1.25,,,,,11,192.75,,,,,,,,31,,,,,數學甲→英文→國文,7,4,11,6,5,0,0,11
1726,國立臺北教育大學,自然科學教育學系,物理(分科),2.00,化學(分科),2.00,數學甲(分科),1.00,英文(學測),2.00,,,10,250.00,物理(分科),34,,,,,,31,數學A(後標),,,,物理→化學→數學甲→英文,7,3,10,7,3,0,0,10
1727,國立臺北教育大學,數位科技設計學系(創意設計組),英文(學測),1.00,國文(學測),1.00,公民與社會(分科),1.00,,,,,9,140.00,,,,,,,,31,,,,,英文→國文→公民與社會,7,2,9,4,5,0,0,9
1730,國立臺北教育大學,數位科技設計學系(資訊應用組),數學甲(分科),1.50,英文(學測),1.50,國文(學測),1.00,,,,,8,165.50,數學甲(分科),35,,,,,,31,,,,,數學甲→英文→國文,6,2,8,3,5,0,0,8
1731,國立臺北教育大學,資訊科學系,數學甲(分科),2.00,英文(學測),2.00,物理(分科),2.00,國文(學測),1.00,,,20,272.00,數學甲(分科),30,,,,,,31,數學A(均標),,,,數學甲→英文→物理→國文,12,8,20,14,6,0,0,20
1732,國立臺北教育大學,體育學系(男),生物(分科),2.00,數學B(學測),1.50,國文(學測),1.00,英文(學測),1.00,體育(術科),1.00,10,199.07,,,,,,,,31,,,,,生物→數學B→國文→英文→術科,4,6,10,10,0,0,0,10
1733,國立臺北教育大學,體育學系(女),生物(分科),2.00,數學B(學測),1.50,國文(學測),1.00,英文(學測),1.00,體育(術科),1.00,7,152.17,,,,,,,,31,,,,,生物→數學B→國文→英文→術科,4,3,7,0,7,0,0,7
1734,國立臺南大學,教育學系,公民與社會(分科),2.00,國文(學測),1.50,英文(學測),1.00,數學B(學測),1.00,,,42,201.00,,,205.10,,,,,31,,,,,公民與社會→國文→英文→數學B,22,19,41,10,31,0,1,42
1735,國立臺南大學,諮商與輔導學系,國文(學測),1.50,英文(學測),1.50,數學B(學測),1.50,公民與社會(分科),1.00,,,26,211.00,,,,,,,,31,,,,,國文→英文→數學B→公民與社會,14,12,26,11,15,0,0,26
1736,國立臺南大學,特殊教育學系,英文(學測),1.50,數學B(學測),1.50,公民與社會(分科),1.00,,,,,26,101.50,,,,,,,,31,,,,,英文→數學B→公民與社會,17,9,26,9,17,0,0,26
1737,國立臺南大學,幼兒教育學系,國文(學測),2.00,英文(學測),1.50,數學B(學測),1.00,公民與社會(分科),1.00,,,23,178.50,國文(學測),47,187.40,,,,,31,,,,,國文→英文→數學B→公民與社會,18,4,22,1,21,0,1,23
1740,國立臺南大學,體育學系,體育(術科),1.00,國文(學測),2.00,數學B(學測),2.00,英文(學測),1.00,生物(分科),1.00,4,198.87,,,,,,,,31,,,,,術科→國文→數學B→英文→生物,2,2,4,4,0,0,0,4
1741,國立臺南大學,文化與自然資源學系,歷史(分科),2.00,地理(分科),2.00,國文(學測),1.00,,,,,25,206.00,歷史(分科),44,,,,,,31,,,,,歷史→地理→國文,17,8,25,18,7,0,0,25
1742,國立臺南大學,國語文學系,國文(學測),2.00,數學B(學測),1.00,歷史(分科),1.00,,,,,44,145.00,國文(學測),44,,,,,,31,,,,,國文→數學B→歷史,26,18,44,13,31,0,0,44
1743,國立臺南大學,英語學系,英文(學測),2.00,國文(學測),1.25,歷史(分科),1.00,地理(分科),1.00,,,32,184.50,,,,,,,,31,,,,,英文→國文→歷史→地理,23,9,32,10,22,0,0,32
1744,國立臺南大學,應用數學系,數學甲(分科),2.00,自然(學測),1.50,英文(學測),1.00,,,,,24,154.50,數學甲(分科),36,,,,,,31,,,,,數學甲→自然→英文,15,9,24,21,3,0,0,24
1745,國立臺南大學,數位學習科技學系(數位學習系統組),數學甲(分科),2.00,英文(學測),1.75,國文(學測),1.50,物理(分科),1.00,,,11,221.75,,,,,,,,31,,,,,數學甲→英文→國文→物理,8,3,11,8,3,0,0,11
1746,國立臺南大學,數位學習科技學系(數位學習內容組),英文(學測),1.75,國文(學測),1.50,數學B(學測),1.00,地理(分科),1.00,,,10,178.50,,,,,,,,31,,,,,英文→國文→數學B→地理,7,3,10,4,6,0,0,10
1747,國立臺南大學,材料科學系,物理(分科),1.50,化學(分科),1.50,數學甲(分科),1.00,英文(學測),1.00,國文(學測),1.00,28,227.00,物理(分科),31,,,,,,31,,,,,物理→化學→數學甲→英文→國文,16,12,28,18,10,0,0,28
1750,國立臺南大學,資訊工程學系,數學甲(分科),1.00,英文(學測),2.00,物理(分科),1.50,,,,,26,171.50,數學甲(分科),24,,,,,,31,,,,,數學甲→英文→物理,11,15,26,22,4,0,0,26
1751,國立臺南大學,電機工程學系,數學甲(分科),1.00,英文(學測),1.50,物理(分科),1.00,國文(學測),1.00,,,26,181.00,,,,,,,,31,,,,,數學甲→英文→物理→國文,13,13,26,20,6,0,0,26
1752,國立臺南大學,綠色能源科技學系,數學甲(分科),1.50,物理(分科),1.50,英文(學測),1.00,,,,,10,127.50,數學甲(分科),38,,,,,,31,,,,,數學甲→物理→英文,9,1,10,8,2,0,0,10
1753,國立臺南大學,生物科技學系,生物(分科),2.00,國文(學測),2.00,化學(分科),1.00,,,,,19,200.00,(級分)生,37,,,,,,31,數學A(底標) 或 數學B(底標),,,,生物→國文→化學,13,6,19,5,14,0,0,19
1754,國立臺南大學,生態暨環境資源學系,地理(分科),1.00,英文(學測),1.00,國文(學測),1.00,,,,,23,103.00,,,103.95,,,,,31,,,,,地理→英文→國文,10,12,22,5,17,1,0,23
1755,國立臺南大學,音樂學系,音樂(術科),2.00,英文(學測),1.00,歷史(分科),1.00,,,,,1,179.44,,,,,,,,32,,,,,術科→英文→歷史,6,9,15,0,1,0,0,1
1756,國立臺南大學,視覺藝術與設計學系,美術(術科),2.00,國文(學測),2.00,英文(學測),1.00,歷史(分科),1.00,,,11,247.20,,,,,,,,32,,,,,術科→國文→英文→歷史,9,2,11,0,11,0,0,11
1757,國立臺南大學,戲劇創作與應用學系(男),國文(學測),2.00,英文(學測),2.00,歷史(分科),1.00,,,,,6,138.00,,,,,,,,32,,,,,國文→英文→歷史,5,1,6,6,0,0,0,6
1760,國立臺南大學,戲劇創作與應用學系(女),國文(學測),2.00,英文(學測),2.00,歷史(分科),1.00,,,,,16,154.00,,,158.65,,,,,32,,,,,國文→英文→歷史,6,9,15,0,15,0,1,16
1761,國立臺南大學,行政管理學系,國文(學測),1.50,英文(學測),1.50,數學B(學測),1.00,公民與社會(分科),1.00,歷史(分科),1.00,20,222.50,國文(學測),40,,,,,,32,,,,,國文→英文→數學B→公民與社會→歷史,14,6,20,8,12,0,0,20
1762,國立臺南大學,經營與管理學系,英文(學測),2.00,數學B(學測),1.50,公民與社會(分科),1.50,國文(學測),1.00,,,26,201.50,英文(學測),25,,,,,,32,,,,,英文→數學B→公民與社會→國文,15,11,26,15,11,0,0,26
1763,國立東華大學,應用數學系數學科學組,數學甲(分科),1.50,英文(學測),1.00,國文(學測),1.00,,,,,15,102.00,數學甲(分科),22,,,,,,32,,,,,數學甲→英文→國文,10,5,15,11,4,0,0,15
1764,國立東華大學,應用數學系統計科學組,數學甲(分科),1.50,英文(學測),1.00,國文(學測),1.00,,,,,23,101.00,數學甲(分科),24,,,,,,32,,,,,數學甲→英文→國文,10,13,23,17,6,0,0,23
1765,國立東華大學,物理學系物理組,物理(分科),1.00,數學甲(分科),1.00,英文(學測),1.00,化學(分科),1.00,國文(學測),1.00,26,143.00,物理(分科),31,,,,,,32,,,,,物理→數學甲→英文→化學→國文,13,13,26,19,7,0,0,26
1766,國立東華大學,物理學系奈米與光電科學組,物理(分科),1.00,數學甲(分科),1.00,英文(學測),1.00,化學(分科),1.00,國文(學測),1.00,16,154.00,物理(分科),29,,,,,,32,,,,,物理→數學甲→英文→化學→國文,9,7,16,15,1,0,0,16
1767,國立東華大學,化學系,化學(分科),2.00,英文(學測),1.00,數學甲(分科),1.00,物理(分科),1.00,,,36,128.00,,,,,,,,32,,,,,化學→英文→數學甲→物理,19,17,36,26,10,0,0,36
1770,國立東華大學,生化暨分子醫學科學系,生物(分科),1.75,化學(分科),1.50,英文(學測),1.75,國文(學測),1.00,,,28,177.75,生物(分科),37,,,,,,32,,,,,生物→化學→英文→國文,15,13,28,15,13,0,0,28
1771,國立東華大學,資訊工程學系資工組,數學甲(分科),1.50,英文(學測),1.25,國文(學測),1.00,,,,,28,142.50,數學甲(分科),29,144.65,,,,,32,,,,,數學甲→英文→國文,20,6,26,17,9,0,2,28
1772,國立東華大學,資訊工程學系國際組,英文(學測),1.50,數學甲(分科),1.25,國文(學測),1.00,,,,,9,145.75,,,149.10,,,,,32,,,,,英文→數學甲→國文,8,0,8,4,4,1,0,9
1773,國立東華大學,電機工程學系智慧系統組,數學甲(分科),1.00,英文(學測),1.00,國文(學測),1.00,,,,,14,117.00,數學甲(分科),28,,,,,,32,,,,,數學甲→英文→國文,10,4,14,13,1,0,0,14
1774,國立東華大學,電機工程學系半導體工程組,物理(分科),1.00,數學甲(分科),1.00,英文(學測),1.00,國文(學測),1.00,,,16,150.00,物理(分科),44,,,,,,32,,,,,物理→數學甲→英文→國文,10,6,16,14,2,0,0,16
1775,國立東華大學,材料科學與工程學系,物理(分科),1.00,化學(分科),1.00,英文(學測),1.00,數學甲(分科),1.00,,,42,112.00,物理(分科),30,,,,,,32,,,,,物理→化學→英文→數學甲,24,18,42,35,7,0,0,42
1776,國立東華大學,光電工程學系,物理(分科),1.50,數學甲(分科),1.00,英文(學測),1.00,化學(分科),1.00,國文(學測),1.00,33,165.50,,,,,,,,32,,,,,物理→數學甲→英文→化學→國文,20,13,33,27,6,0,0,33
1777,國立東華大學,理工學院大數據科學國際學士班,數學甲(分科),1.50,英文(學測),1.50,國文(學測),1.00,,,,,16,115.50,,,,,,,,32,,,,,數學甲→英文→國文,6,10,16,8,8,0,0,16
2000,國立東華大學,企業管理學系,英文(學測),1.50,數學B(學測),1.50,國文(學測),1.00,公民與社會(分科),1.00,,,36,116.00,,,123.00,,,,,32,,,,,英文→數學B→國文→公民與社會,16,18,34,22,12,1,1,36
2001,國立東華大學,會計學系,英文(學測),2.00,數學B(學測),1.50,國文(學測),1.00,公民與社會(分科),1.00,,,40,133.50,,,,,,,,32,,,,,英文→數學B→國文→公民與社會,20,20,40,19,21,0,0,40
2002,國立東華大學,資訊管理學系,英文(學測),2.00,國文(學測),2.00,公民與社會(分科),1.00,,,,,30,162.00,英文(學測),25,,,,,,32,數學A(後標) 或 數學B(後標),,,,英文→國文→公民與社會,21,9,30,23,7,0,0,30
2003,國立東華大學,國際企業學系,英文(學測),2.00,數學B(學測),1.75,國文(學測),1.00,公民與社會(分科),1.00,,,28,121.50,,,126.65,,,,,32,,,,,英文→數學B→國文→公民與社會,14,13,27,11,16,1,0,28
2004,國立東華大學,財務金融學系,公民與社會(分科),1.50,數學B(學測),1.50,英文(學測),1.50,國文(學測),1.00,,,32,171.50,,,202.00,,,,,32,,,,,公民與社會→數學B→英文→國文,15,16,31,18,13,1,0,32
2005,國立東華大學,觀光暨休閒遊憩學系,英文(學測),2.00,國文(學測),1.50,地理(分科),1.50,數學B(學測),1.00,,,31,94.50,,,,,,,,32,,,,,英文→國文→地理→數學B,17,14,31,20,11,0,0,31
2006,國立東華大學,管理學院管理科學與財金國際學士學位學程,英文(學測),2.00,數學B(學測),1.00,國文(學測),1.00,公民與社會(分科),1.00,,,8,138.00,英文(學測),25,,,,,,32,,,,,英文→數學B→國文→公民與社會,4,4,8,5,3,0,0,8
2007,國立東華大學,管理學院會計與資訊管理國際學士班,英文(學測),2.00,國文(學測),1.50,公民與社會(分科),1.00,,,,,7,101.00,,,,,,,,32,數學A(後標) 或 數學B(後標),,,,英文→國文→公民與社會,5,7,12,3,4,0,0,7
2010,國立東華大學,管理學院數位行銷與服務創新國際學士班,英文(學測),2.00,數學B(學測),1.75,公民與社會(分科),1.00,,,,,9,59.50,,,,,,,,32,,,,,英文→數學B→公民與社會,3,6,9,5,4,0,0,9
2011,國立東華大學,華文文學系,國文(學測),2.00,歷史(分科),2.00,英文(學測),1.00,,,,,16,105.00,,,,,,,,32,,,,,國文→歷史→英文,14,6,20,7,9,0,0,16
2012,國立東華大學,中國語文學系,國文(學測),2.00,歷史(分科),1.50,地理(分科),1.00,,,,,15,125.50,,,,,,,,32,,,,,國文→歷史→地理,11,12,23,4,11,0,0,15
2013,國立東華大學,英美語文學系,英文(學測),2.00,國文(學測),1.25,公民與社會(分科),1.00,,,,,23,70.00,,,,,,,,32,,,,,英文→國文→公民與社會,12,14,26,12,11,0,0,23
2014,國立東華大學,臺灣文化學系,地理(分科),2.00,歷史(分科),2.00,國文(學測),1.50,英文(學測),1.00,,,0,,,,,,,,,32,,,,,地理→歷史→國文→英文,14,10,24,0,0,0,0,0
2015,國立東華大學,歷史學系,歷史(分科),2.00,公民與社會(分科),2.00,社會(學測),1.00,,,,,21,177.00,,,,,,,,33,,,,,歷史→公民與社會→社會,13,8,21,13,8,0,0,21
2016,國立東華大學,經濟學系,數學B(學測),1.00,英文(學測),1.00,國文(學測),1.00,公民與社會(分科),1.00,,,36,100.00,數學B(學測),23,,,,,,33,,,,,數學B→英文→國文→公民與社會,19,17,36,29,7,0,0,36
2017,國立東華大學,諮商與臨床心理學系(自然組),英文(學測),1.50,數學甲(分科),1.50,國文(學測),1.00,,,,,22,127.50,,,,,,,,33,,,,,英文→數學甲→國文,15,7,22,11,11,0,0,22
2020,國立東華大學,諮商與臨床心理學系(社會組),英文(學測),1.50,數學B(學測),1.50,國文(學測),1.00,公民與社會(分科),1.00,,,12,170.00,,,,,,,,33,,,,,英文→數學B→國文→公民與社會,1,11,12,7,5,0,0,12
2021,國立東華大學,社會學系,國文(學測),1.50,英文(學測),2.00,公民與社會(分科),2.00,,,,,22,160.50,,,166.65,,,,,33,,,,,國文→英文→公民與社會,14,7,21,12,9,0,1,22
2022,國立東華大學,公共行政學系,國文(學測),2.00,公民與社會(分科),2.00,英文(學測),1.50,,,,,15,201.00,,,208.90,,,,,33,,,,,國文→公民與社會→英文,10,4,14,6,8,0,1,15
2023,國立東華大學,法律學系,英文(學測),1.00,公民與社會(分科),1.50,國文(學測),2.00,,,,,20,194.50,,,197.60,,,,,33,,,,,英文→公民與社會→國文,12,7,19,8,11,1,0,20
2024,國立東華大學,體育與運動科學系,國文(學測),1.00,數學B(學測),1.00,英文(學測),1.00,生物(分科),1.00,,,6,106.00,國文(學測),45,,,,,,33,,,,,國文→數學B→英文→生物,3,3,6,2,4,0,0,6
2025,國立東華大學,教育與潛能開發學系,國文(學測),2.00,公民與社會(分科),1.00,數學B(學測),1.00,,,,,14,75.00,,,,,,,,33,,,,,國文→公民與社會→數學B,14,11,25,4,10,0,0,14
2026,國立東華大學,教育行政與管理學系,國文(學測),2.00,英文(學測),2.00,數學B(學測),1.50,公民與社會(分科),1.00,歷史(分科),1.00,15,116.00,,,,,,,,33,,,,,國文→英文→數學B→公民與社會→歷史,13,7,20,9,6,0,0,15
2027,國立東華大學,特殊教育學系,公民與社會(分科),2.00,歷史(分科),1.00,國文(學測),1.00,,,,,15,128.00,,,,,,,,33,,,,,公民與社會→歷史→國文,11,4,15,6,9,0,0,15
2030,國立東華大學,幼兒教育學系,國文(學測),2.00,公民與社會(分科),1.75,歷史(分科),1.75,,,,,13,193.50,,,,,,,,33,,,,,國文→公民與社會→歷史,11,2,13,2,11,0,0,13
2031,國立東華大學,族群關係與文化學系,公民與社會(分科),2.00,國文(學測),1.50,英文(學測),1.00,,,,,6,90.00,,,,,,,,33,,,,,公民與社會→國文→英文,1,16,17,5,1,0,0,6
2032,國立東華大學,民族語言與傳播學系,國文(學測),1.00,社會(學測),1.00,公民與社會(分科),1.00,,,,,6,63.00,,,,,,,,33,,,,,國文→社會→公民與社會,1,11,12,2,4,0,0,6
2033,國立東華大學,民族發展與社會工作學系民族發展組,社會(學測),2.00,公民與社會(分科),1.50,國文(學測),1.00,,,,,3,101.50,,,,,,,,33,,,,,社會→公民與社會→國文,1,11,12,1,2,0,0,3
2034,國立東華大學,民族發展與社會工作學系社會工作組,公民與社會(分科),2.00,社會(學測),1.50,國文(學測),1.00,,,,,7,150.00,,,,,,,,33,,,,,公民與社會→社會→國文,3,4,7,1,6,0,0,7
2035,國立東華大學,原住民族樂舞與藝術學士學位學程,國文(學測),2.00,公民與社會(分科),2.00,歷史(分科),1.00,,,,,0,,,,,,,,,33,,,,,國文→公民與社會→歷史,1,5,6,0,0,0,0,0
2036,國立東華大學,自然資源與環境學系環境管理與環境教育組,地理(分科),2.00,英文(學測),1.00,國文(學測),2.00,,,,,7,174.00,,,,,,,,33,,,,,地理→英文→國文,4,3,7,3,4,0,0,7
2037,國立東華大學,自然資源與環境學系生態與保育組,生物(分科),2.00,國文(學測),2.00,英文(學測),1.00,,,,,8,168.00,,,,,,,,33,,,,,生物→國文→英文,4,4,8,6,2,0,0,8
2040,國立東華大學,自然資源與環境學系地球科學組,化學(分科),2.00,國文(學測),2.00,英文(學測),1.00,,,,,7,166.00,,,,,,,,33,,,,,化學→國文→英文,4,3,7,5,2,0,0,7
2041,國立東華大學,縱谷跨域書院學士學位學程,國文(學測),2.00,公民與社會(分科),1.75,歷史(分科),1.50,,,,,8,139.75,,,,,,,,33,,,,,國文→公民與社會→歷史,3,6,9,5,3,0,0,8
2042,國立東華大學,音樂學系,音樂(術科),2.00,國文(學測),1.00,英文(學測),1.00,歷史(分科),1.00,,,0,,,,,,,,,33,,,,,術科→國文→英文→歷史,1,3,4,0,0,0,0,0
2043,國立東華大學,藝術與設計學系,國文(學測),2.00,英文(學測),1.00,歷史(分科),1.00,,,,,18,119.00,,,,,,,,33,,,,,國文→英文→歷史,15,3,18,7,11,0,0,18
2044,國立東華大學,藝術創意產業學系,國文(學測),2.00,歷史(分科),2.00,公民與社會(分科),1.00,,,,,19,130.00,,,,,,,,33,,,,,國文→歷史→公民與社會,16,3,19,4,15,0,0,19
2045,臺北市立大學,教育學系,國文(學測),2.00,英文(學測),2.00,數學B(學測),2.00,歷史(分科),1.00,地理(分科),1.00,21,294.00,國文(學測),48,314.80,,,,,33,,,,,國文→英文→數學B→歷史→地理,13,7,20,9,11,0,1,21
2046,臺北市立大學,特殊教育學系,國文(學測),2.00,數學B(學測),1.50,英文(學測),1.50,公民與社會(分科),1.00,,,18,212.50,國文(學測),49,,,,,,33,,,,,國文→數學B→英文→公民與社會,17,1,18,2,16,0,0,18
2047,臺北市立大學,幼兒教育學系,英文(學測),2.00,國文(學測),2.00,歷史(分科),1.00,地理(分科),1.00,,,22,237.00,,,,,,,,33,,,,,英文→國文→歷史→地理,14,8,22,5,17,0,0,22
2050,臺北市立大學,心理與諮商學系,英文(學測),2.00,國文(學測),1.50,數學B(學測),1.50,公民與社會(分科),1.00,,,17,250.00,,,,,,,,33,英文(均標),數學B(後標),,,英文→國文→數學B→公民與社會,7,10,17,5,12,0,0,17
2051,臺北市立大學,學習與媒材設計學系,國文(學測),2.00,數學B(學測),1.50,英文(學測),2.00,歷史(分科),1.00,地理(分科),1.00,16,273.50,,,,,,,,33,,,,,國文→數學B→英文→歷史→地理,14,2,16,5,11,0,0,16
2052,臺北市立大學,中國語文學系,國文(學測),2.00,歷史(分科),1.00,英文(學測),1.00,,,,,27,166.00,國文(學測),47,,,,,,33,國文(均標),,,,國文→歷史→英文,16,11,27,6,21,0,0,27
2053,臺北市立大學,歷史與地理學系,國文(學測),1.50,歷史(分科),1.50,地理(分科),1.50,數學B(學測),1.00,英文(學測),1.00,22,257.50,,,258.65,,,,,33,,,,,國文→歷史→地理→數學B→英文,6,14,20,12,8,1,1,22
2054,臺北市立大學,英語教學系,英文(學測),2.00,國文(學測),1.25,數學B(學測),1.00,地理(分科),1.00,,,15,193.00,,,,,,,,33,,,,B級,英文→國文→數學B→地理,6,9,15,6,9,0,0,15
2055,臺北市立大學,社會暨公共事務學系,公民與社會(分科),2.00,國文(學測),1.50,英文(學測),1.50,歷史(分科),1.00,,,18,268.00,,,,,,,,33,,,,,公民與社會→國文→英文→歷史,6,12,18,7,11,0,0,18
2056,臺北市立大學,音樂學系,音樂(術科),2.00,英文(學測),1.00,國文(學測),1.00,歷史(分科),1.00,,,2,279.34,,,,,,,,34,,,,,術科→英文→國文→歷史,1,1,2,0,2,0,0,2
2057,臺北市立大學,視覺藝術學系,美術(術科),2.00,國文(學測),2.00,英文(學測),1.00,數學B(學測),1.00,歷史(分科),1.00,22,234.00,,,,,,,,34,國文(均標),,,,術科→國文→英文→數學B→歷史,17,5,22,1,21,0,0,22
2060,臺北市立大學,應用物理暨化學系電子物理組,物理(分科),1.50,化學(分科),1.50,英文(學測),1.25,數學甲(分科),1.00,國文(學測),1.00,8,248.25,物理(分科),47,,,,,,34,,,,,物理→化學→英文→數學甲→國文,6,2,8,6,2,0,0,8
2061,臺北市立大學,應用物理暨化學系應用化學組,化學(分科),1.50,物理(分科),1.50,英文(學測),1.25,數學甲(分科),1.00,國文(學測),1.00,10,243.00,,,,,,,,34,,,,,化學→物理→英文→數學甲→國文,5,5,10,5,5,0,0,10
2062,臺北市立大學,地球環境暨生物資源學系,英文(學測),1.50,數學甲(分科),1.00,國文(學測),1.50,物理(分科),1.00,化學(分科),1.50,14,237.00,,,245.55,,,,,34,,,,,英文→數學甲→國文→物理→化學,6,7,13,9,4,0,1,14
2063,臺北市立大學,數學系,數學甲(分科),2.00,物理(分科),1.00,英文(學測),1.00,,,,,23,138.00,數學甲(分科),34,,,,,,34,,,,,數學甲→物理→英文,15,8,23,17,6,0,0,23
2064,臺北市立大學,資訊科學系,數學甲(分科),2.00,英文(學測),2.00,國文(學測),1.25,物理(分科),1.00,,,22,242.00,,,,,,,,34,,,,,數學甲→英文→國文→物理,11,11,22,15,7,0,0,22
2065,臺北市立大學,體育學系,英文(學測),2.00,體育(術科),1.50,國文(學測),1.00,生物(分科),1.00,,,6,214.36,,,229.10,,,,,34,,,,,英文→術科→國文→生物,2,3,5,4,1,1,0,6
2066,臺北市立大學,休閒運動管理學系,公民與社會(分科),1.00,國文(學測),1.00,英文(學測),1.00,,,,,7,124.00,公民與社會(分科),44,137.70,,,,,34,,,,,公民與社會→國文→英文,3,3,6,4,2,1,0,7
2067,臺北市立大學,運動健康科學系,英文(學測),1.50,生物(分科),1.00,國文(學測),1.00,,,,,6,142.00,,,,,,,,34,,,,,英文→生物→國文,2,4,6,5,1,0,0,6
2070,臺北市立大學,城市發展學系,地理(分科),2.00,英文(學測),2.00,國文(學測),1.00,,,,,14,211.00,地理(分科),50,,,,,,34,,,,,地理→英文→國文,8,6,14,6,8,0,0,14
2071,臺北市立大學,都會產業經營與行銷學系,英文(學測),2.00,數學B(學測),2.00,國文(學測),1.00,公民與社會(分科),1.00,,,8,229.00,,,,,,,,34,,,,,英文→數學B→國文→公民與社會,4,4,8,4,4,0,0,8
2072,臺北市立大學,衛生福利學系,英文(學測),2.00,生物(分科),2.00,數學甲(分科),1.00,國文(學測),1.50,,,26,225.50,,,,,,,,34,,,,,英文→生物→數學甲→國文,12,14,26,14,12,0,0,26
2073,國立屏東大學,教育學系,英文(學測),2.00,國文(學測),2.00,數學B(學測),1.50,公民與社會(分科),1.00,,,25,187.00,英文(學測),29,202.00,,,,,34,,,,,英文→國文→數學B→公民與社會,24,0,24,7,17,0,1,25
2074,國立屏東大學,幼兒教育學系,國文(學測),2.00,公民與社會(分科),2.00,數學B(學測),1.00,,,,,22,165.00,,,,,,,,34,,,,,國文→公民與社會→數學B,8,14,22,3,19,0,0,22
2075,國立屏東大學,特殊教育學系,國文(學測),2.00,英文(學測),1.00,公民與社會(分科),1.00,,,,,4,146.00,國文(學測),42,,,,,,34,數學A(底標) 或 數學B(底標),,,,國文→英文→公民與社會,4,0,4,0,4,0,0,4
2076,國立屏東大學,教育心理與輔導學系,國文(學測),1.25,英文(學測),1.25,公民與社會(分科),1.00,數學B(學測),1.00,,,18,151.75,,,157.45,,,,,34,,,,,國文→英文→公民與社會→數學B,12,5,17,6,11,0,1,18
2077,國立屏東大學,中國語文學系,國文(學測),2.00,歷史(分科),1.25,英文(學測),1.00,,,,,16,142.75,,,,,,,,34,,,,,國文→歷史→英文,4,12,16,4,12,0,0,16
2100,國立屏東大學,英語學系,英文(學測),2.00,國文(學測),1.00,歷史(分科),1.00,,,,,10,127.00,英文(學測),31,,,,,,34,,,,,英文→國文→歷史,6,4,10,3,7,0,0,10
2101,國立屏東大學,文化創意產業學系,國文(學測),2.00,英文(學測),1.00,歷史(分科),1.00,,,,,13,134.00,,,,,,,,34,,,,,國文→英文→歷史,11,2,13,0,13,0,0,13
2102,國立屏東大學,社會發展學系,公民與社會(分科),1.00,國文(學測),1.00,英文(學測),1.00,,,,,20,95.00,,,,,,,,34,,,,,公民與社會→國文→英文,10,10,20,11,9,0,0,20
2103,國立屏東大學,應用英語學系,英文(學測),2.00,國文(學測),2.00,公民與社會(分科),1.00,,,,,1,221.00,,,,,,,,34,,,,,英文→國文→公民與社會,1,0,1,1,0,0,0,1
2104,國立屏東大學,應用日語學系,英文(學測),2.00,國文(學測),2.00,公民與社會(分科),1.00,,,,,2,201.00,,,,,,,,34,,,,,英文→國文→公民與社會,1,1,2,1,1,0,0,2
2105,國立屏東大學,視覺藝術學系數位媒體設計組,國文(學測),2.00,英文(學測),1.50,歷史(分科),1.50,,,,,4,186.50,,,,,,,,34,,,,,國文→英文→歷史,2,2,4,3,1,0,0,4
2106,國立屏東大學,商業大數據學系,英文(學測),1.00,數學B(學測),1.00,公民與社會(分科),1.00,國文(學測),1.00,,,11,120.00,英文(學測),26,,,,,,34,,,,,英文→數學B→公民與社會→國文,10,1,11,8,3,0,0,11
2107,國立屏東大學,行銷與流通管理學系,英文(學測),2.00,數學B(學測),2.00,國文(學測),1.00,公民與社會(分科),1.00,,,14,159.00,,,,,,,,34,,,,,英文→數學B→國文→公民與社會,3,11,14,5,9,0,0,14
2110,國立屏東大學,休閒事業經營學系,英文(學測),1.50,國文(學測),1.50,公民與社會(分科),1.00,數學B(學測),1.00,,,2,152.50,,,,,,,,34,,,,,英文→國文→公民與社會→數學B,2,0,2,0,2,0,0,2
2111,國立屏東大學,不動產經營學系,英文(學測),1.00,國文(學測),1.00,公民與社會(分科),1.00,,,,,6,112.00,,,,,,,,34,,,,,英文→國文→公民與社會,5,1,6,4,2,0,0,6
2112,國立屏東大學,企業管理學系,英文(學測),1.50,數學B(學測),1.50,國文(學測),1.00,公民與社會(分科),1.00,,,11,148.00,,,,,,,,34,,,,,英文→數學B→國文→公民與社會,3,8,11,4,7,0,0,11
2113,國立屏東大學,國際經營與貿易學系,英文(學測),1.00,數學B(學測),1.00,公民與社會(分科),1.00,國文(學測),1.00,,,3,130.00,英文(學測),32,,,,,,34,,,,,英文→數學B→公民與社會→國文,2,1,3,1,2,0,0,3
2114,國立屏東大學,財務金融學系,數學B(學測),1.00,英文(學測),1.00,國文(學測),1.00,公民與社會(分科),1.00,,,18,137.00,,,,,,,,34,,,,,數學B→英文→國文→公民與社會,5,13,18,7,11,0,0,18
2115,國立屏東大學,會計學系,英文(學測),2.00,國文(學測),2.00,數學B(學測),1.50,公民與社會(分科),1.00,,,16,207.00,英文(學測),25,,,,,,34,,,,,英文→國文→數學B→公民與社會,5,11,16,6,10,0,0,16
2116,國立屏東大學,應用化學系,化學(分科),2.00,英文(學測),1.50,數學甲(分科),1.50,,,,,19,154.00,化學(分科),41,,,,,,34,,,,,化學→英文→數學甲,14,5,19,13,6,0,0,19
2117,國立屏東大學,應用數學系,數學甲(分科),2.00,英文(學測),1.00,國文(學測),1.00,,,,,16,125.00,,,,,,,,35,,,,,數學甲→英文→國文,6,10,16,10,6,0,0,16
2120,國立屏東大學,應用物理系半導體組,物理(分科),2.00,數學甲(分科),1.75,英文(學測),1.00,國文(學測),1.00,,,14,185.50,物理(分科),36,,,,,,35,,,,,物理→數學甲→英文→國文,8,6,14,9,5,0,0,14
2121,國立屏東大學,應用物理系光電暨材料組,物理(分科),2.00,數學甲(分科),1.75,英文(學測),1.00,國文(學測),1.00,化學(分科),1.00,14,206.25,物理(分科),32,,,,,,35,,,,,物理→數學甲→英文→國文→化學,9,5,14,11,3,0,0,14
2122,國立屏東大學,科學傳播學系,國文(學測),1.50,自然(學測),1.25,英文(學測),1.00,物理(分科),1.00,,,15,151.25,國文(學測),46,,,,,,35,,,,,國文→自然→英文→物理,3,12,15,11,4,0,0,15
2123,國立屏東大學,智慧機器人學系,數學A(學測),2.00,物理(分科),2.00,英文(學測),1.00,,,,,9,152.00,,,,,,,,35,,,,,數學A→物理→英文,8,1,9,8,1,0,0,9
2124,國立屏東大學,電腦與通訊學系,數學A(學測),2.00,英文(學測),2.00,國文(學測),1.00,物理(分科),1.00,,,1,212.00,,,,,,,,35,,,,,數學A→英文→國文→物理,1,0,1,1,0,0,0,1
2125,國立屏東大學,資訊工程學系,數學A(學測),2.00,英文(學測),2.00,國文(學測),1.00,物理(分科),1.00,,,27,210.00,數學A(學測),31,,,,,,35,,,,,數學A→英文→國文→物理,21,6,27,21,6,0,0,27
2126,國立屏東大學,電腦科學與人工智慧學系,數學甲(分科),2.00,英文(學測),2.00,國文(學測),1.00,,,,,18,167.00,,,,,,,,35,,,,,數學甲→英文→國文,13,5,18,14,4,0,0,18
2127,國立屏東大學,資訊管理學系,英文(學測),2.00,數學B(學測),2.00,國文(學測),1.00,公民與社會(分科),1.00,,,2,202.00,,,,,,,,35,,,,,英文→數學B→國文→公民與社會,2,0,2,2,0,0,0,2
2130,國立屏東大學,音樂學系,音樂(術科),2.00,英文(學測),1.00,國文(學測),1.00,歷史(分科),1.00,,,1,226.20,,,,,,,,35,,,,,術科→英文→國文→歷史,1,8,9,0,1,0,0,1
2131,國立屏東大學,視覺藝術學系美術組,美術(術科),2.00,國文(學測),1.50,英文(學測),1.50,歷史(分科),1.00,,,4,180.60,,,,,,,,35,,,,,術科→國文→英文→歷史,2,2,4,2,2,0,0,4
2132,國立屏東大學,體育學系,體育(術科),2.00,數學B(學測),1.00,生物(分科),1.00,,,,,9,196.94,,,,,,,,35,,,,,術科→數學B→生物,2,7,9,8,1,0,0,9
2133,國立臺東大學,全校不分系學士學位學程,國文(學測),1.50,英文(學測),1.00,公民與社會(分科),1.00,,,,,6,103.50,,,,,,,,35,,,,,國文→英文→公民與社會,2,4,6,5,1,0,0,6
2134,國立臺東大學,教育學系,國文(學測),1.50,數學B(學測),1.00,公民與社會(分科),1.00,,,,,17,77.00,,,,,,,,35,,,,,國文→數學B→公民與社會,6,11,17,9,8,0,0,17
2135,國立臺東大學,體育學系,國文(學測),2.00,英文(學測),1.50,公民與社會(分科),1.00,數學B(學測),1.00,,,4,138.50,,,,,,,,35,,,,,國文→英文→公民與社會→數學B,1,3,4,3,1,0,0,4
2136,國立臺東大學,幼兒教育學系,國文(學測),2.00,英文(學測),2.00,數學B(學測),1.75,公民與社會(分科),1.00,,,13,96.25,,,,,,,,35,,,,,國文→英文→數學B→公民與社會,4,16,20,5,8,0,0,13
2137,國立臺東大學,特殊教育學系,國文(學測),2.00,英文(學測),1.00,公民與社會(分科),1.00,數學B(學測),1.00,,,7,105.00,,,,,,,,35,,,,,國文→英文→公民與社會→數學B,6,7,13,2,5,0,0,7
2140,國立臺東大學,文化資源與休閒產業學系,國文(學測),1.50,歷史(分科),1.25,公民與社會(分科),1.00,,,,,10,98.75,,,,,,,,35,,,,,國文→歷史→公民與社會,5,5,10,7,3,0,0,10
2141,國立臺東大學,數位媒體與文教產業學系,國文(學測),2.00,英文(學測),1.00,公民與社會(分科),1.00,,,,,10,86.00,,,,,,,,35,,,,,國文→英文→公民與社會,8,3,11,7,3,0,0,10
2142,國立臺東大學,競技與運動科學學系,生物(分科),1.50,國文(學測),1.00,英文(學測),1.00,,,,,4,101.50,,,120.15,,,,,35,,,,,生物→國文→英文,1,2,3,1,2,0,1,4
2143,國立臺東大學,公共與文化事務學系,社會(學測),2.00,公民與社會(分科),1.50,歷史(分科),1.00,,,,,22,123.00,,,,,,,,35,,,,,社會→公民與社會→歷史,5,17,22,9,13,0,0,22
2144,國立臺東大學,身心整合與運動休閒產業學系,國文(學測),1.50,英文(學測),1.00,公民與社會(分科),1.00,,,,,7,79.00,,,99.05,,,,,35,,,,,國文→英文→公民與社會,3,3,6,3,3,1,0,7
2145,國立臺東大學,英美語文學系,英文(學測),2.00,國文(學測),2.00,公民與社會(分科),1.00,數學B(學測),1.00,,,9,111.00,,,,,,,,35,,,,,英文→國文→公民與社會→數學B,4,8,12,2,7,0,0,9
2146,國立臺東大學,華語文學系,國文(學測),2.00,英文(學測),1.50,歷史(分科),1.00,,,,,5,114.00,,,,,,,,35,,,,,國文→英文→歷史,4,16,20,1,4,0,0,5
2147,國立臺東大學,美術產業學系,美術(術科),2.00,國文(學測),1.00,歷史(分科),1.00,,,,,3,203.00,,,,,,,,35,,,,,術科→國文→歷史,2,9,11,0,3,0,0,3
2150,國立臺東大學,音樂學系,國文(學測),2.00,英文(學測),1.50,歷史(分科),1.00,,,,,3,130.00,,,,,,,,35,,,,,國文→英文→歷史,1,2,3,1,2,0,0,3
2151,國立臺東大學,生命科學系,生物(分科),2.00,化學(分科),1.50,國文(學測),1.00,,,,,11,142.50,生物(分科),37,,,,,,35,,,,,生物→化學→國文,5,6,11,4,7,0,0,11
2152,國立臺東大學,資訊工程學系,數學甲(分科),2.00,英文(學測),2.00,國文(學測),1.50,,,,,32,175.50,,,,,,,,35,,,,,數學甲→英文→國文,17,15,32,26,6,0,0,32
2153,國立臺東大學,資訊管理學系,英文(學測),2.00,數學B(學測),2.00,公民與社會(分科),1.75,國文(學測),1.00,,,20,160.25,,,,,,,,35,,,,,英文→數學B→公民與社會→國文,4,16,20,14,6,0,0,20
2154,國立臺東大學,應用數學系,數學甲(分科),2.00,國文(學測),1.00,英文(學測),1.00,,,,,17,105.00,數學甲(分科),28,,,,,,35,,,,,數學甲→國文→英文,5,12,17,12,5,0,0,17
2155,國立臺東大學,應用科學系化學及奈米科學組,化學(分科),2.00,數學A(學測),1.00,物理(分科),1.00,,,,,10,109.00,化學(分科),31,,,,,,35,,,,,化學→數學A→物理,6,4,10,9,1,0,0,10
2156,國立臺東大學,應用科學系應用物理組,物理(分科),2.00,數學A(學測),1.25,化學(分科),1.00,,,,,11,115.00,,,,,,,,35,,,,,物理→數學A→化學,8,3,11,11,0,0,0,11
2157,國立臺東大學,綠能與資訊科技學系,物理(分科),2.00,國文(學測),1.00,數學B(學測),1.00,,,,,5,118.00,,,,,,,,35,,,,,物理→國文→數學B,4,1,5,5,0,0,0,5
2160,國立體育大學,體育推廣學系A,英文(學測),2.00,國文(學測),2.00,數學B(學測),1.50,公民與社會(分科),1.00,,,8,189.00,,,,,,,,36,,,,,英文→國文→數學B→公民與社會,6,2,8,2,6,0,0,8
2161,國立體育大學,體育推廣學系B,英文(學測),1.00,國文(學測),2.00,體育(術科),2.00,數學B(學測),1.00,公民與社會(分科),1.00,7,299.00,,,,,,,,36,,,,,英文→國文→術科→數學B→公民與社會,5,2,7,7,0,0,0,7
2162,國立體育大學,運動保健學系A,英文(學測),2.00,生物(分科),1.75,國文(學測),2.00,自然(學測),1.00,,,11,233.75,,,,,,,,36,數學A(後標) 或 數學B(後標),,,,英文→生物→國文→自然,7,4,11,2,9,0,0,11
2163,國立體育大學,運動保健學系B,英文(學測),2.00,生物(分科),1.75,體育(術科),1.00,國文(學測),2.00,自然(學測),1.00,14,235.39,,,,,,,,36,數學A(底標) 或 數學B(底標),,,,英文→生物→術科→國文→自→然,6,8,14,10,4,0,0,14
2164,國立體育大學,休閒產業經營學系,國文(學測),2.00,英文(學測),2.00,地理(分科),1.00,,,,,25,145.00,國文(學測),36,,,,,,36,數學A(底標) 或 數學B(底標),,,,國文→英文→地理,14,11,25,14,11,0,0,25
2165,國立體育大學,適應體育學系A,英文(學測),2.00,國文(學測),2.00,生物(分科),1.75,,,,,2,203.25,,,,,,,,36,數學A(底標) 或 數學B(底標),,,,英文→國文→生物,1,1,2,0,2,0,0,2
2166,國立體育大學,適應體育學系B,英文(學測),2.00,國文(學測),2.00,公民與社會(分科),1.75,,,,,3,188.75,,,,,,,,36,數學A(底標) 或 數學B(底標),,,,英文→國文→公民與社會,1,2,3,2,1,0,0,3
2167,元智大學,護理學系,生物(分科),1.00,國文(學測),1.00,英文(學測),1.00,,,,,22,93.00,,,93.50,,,,,36,,,,,生物→國文→英文,11,10,21,3,18,1,0,22
2170,元智大學,管理學院學士班(主修：數位行銷與人力資源),國文(學測),2.00,公民與社會(分科),1.75,數學B(學測),1.00,,,,,22,137.75,,,,,,,,36,,,,,國文→公民與社會→數學B,8,14,22,9,13,0,0,22
2171,元智大學,管理學院學士班(主修：財務金融),公民與社會(分科),1.50,國文(學測),1.00,數學B(學測),1.00,,,,,45,106.00,公民與社會(分科),36,,,,,,36,,,,,公民與社會→國文→數學B,21,24,45,26,19,0,0,45
2172,元智大學,管理學院學士班(主修：國際企業管理),公民與社會(分科),2.00,國文(學測),1.50,英文(學測),1.00,數學B(學測),1.00,,,28,144.50,,,,,,,,36,,,,,公民與社會→國文→英文→數學B,14,14,28,10,18,0,0,28
2173,元智大學,管理學院學士班(主修：會計),公民與社會(分科),2.00,國文(學測),1.50,數學B(學測),1.00,,,,,11,147.00,,,,,,,,36,,,,,公民與社會→國文→數學B,9,2,11,6,5,0,0,11
2174,元智大學,管理學院學士班(英語專班),英文(學測),1.00,公民與社會(分科),1.50,國文(學測),1.00,數學B(學測),1.00,,,4,106.00,,,,,,,,36,,,,,英文→公民與社會→國文→數學B,4,0,4,3,1,0,0,4
2175,元智大學,應用外語學系,英文(學測),1.50,國文(學測),1.00,歷史(分科),1.00,,,,,19,85.50,,,,,,,,36,,,,,英文→國文→歷史,7,12,19,10,9,0,0,19
2176,元智大學,中國語文學系,國文(學測),2.00,歷史(分科),1.00,英文(學測),1.00,,,,,19,99.00,國文(學測),33,,,,,,36,,,,,國文→歷史→英文,5,14,19,11,8,0,0,19
2177,元智大學,社會暨政策科學學系,公民與社會(分科),2.00,國文(學測),2.00,數學B(學測),1.00,,,,,13,138.00,,,,,,,,36,,,,,公民與社會→國文→數學B,8,5,13,6,7,0,0,13
2200,元智大學,藝術與設計學系,英文(學測),1.00,國文(學測),1.00,公民與社會(分科),1.00,數學B(學測),1.00,,,8,102.00,,,,,,,,36,,,,,英文→國文→公民與社會→數學B,5,3,8,2,6,0,0,8
2201,元智大學,人文社會學院英語學士班,英文(學測),1.50,國文(學測),1.00,公民與社會(分科),1.00,,,,,6,68.00,,,,,,,,36,英文(後標),,,,英文→國文→公民與社會,4,7,11,2,4,0,0,6
2202,元智大學,資訊管理學系(社會組),英文(學測),2.00,數學B(學測),1.50,國文(學測),1.00,公民與社會(分科),1.50,,,20,203.50,,,,,,,,36,,,,,英文→數學B→國文→公民與社會,17,3,20,9,11,0,0,20
2203,元智大學,資訊管理學系(自然組),英文(學測),2.00,數學A(學測),1.50,國文(學測),1.50,物理(分科),1.00,,,13,217.50,,,,,,,,36,,,,,英文→數學A→國文→物理,10,3,13,8,5,0,0,13
2204,元智大學,資訊傳播學系科技組(智慧科技應用),國文(學測),1.50,英文(學測),1.00,數學B(學測),1.00,公民與社會(分科),1.00,,,24,117.00,國文(學測),36,140.85,,,,,36,,,,,國文→英文→數學B→公民與社會,22,1,23,14,9,1,0,24
2205,元智大學,資訊傳播學系設計組(創作組),國文(學測),1.50,英文(學測),1.00,公民與社會(分科),1.00,數學B(學測),1.00,,,8,124.50,,,,,,,,36,,,,,國文→英文→公民與社會→數學B,8,0,8,3,5,0,0,8
2206,元智大學,資訊傳播學系設計組(美術組),美術(術科),2.00,國文(學測),1.00,英文(學測),1.00,公民與社會(分科),1.00,數學B(學測),1.00,3,221.00,,,,,,,,36,,,,,術科→國文→英文→公民與社會→數學B,2,1,3,2,1,0,0,3
2207,元智大學,資訊工程學系,數學甲(分科),1.00,英文(學測),1.00,國文(學測),1.00,,,,,39,119.00,數學甲(分科),28,121.50,,,,,36,,,,,數學甲→英文→國文,34,4,38,21,17,1,0,39
2210,元智大學,資訊學院英語學士班,數學甲(分科),1.00,英文(學測),1.00,國文(學測),1.50,,,,,8,133.00,,,,,,,,36,,,,,數學甲→英文→國文,4,4,8,4,4,0,0,8
2211,元智大學,機械工程學系,數學甲(分科),1.00,物理(分科),1.00,自然(學測),1.00,國文(學測),1.00,,,65,134.00,數學甲(分科),23,,,,,,36,,,,,數學甲→物理→自然→國文,38,27,65,54,11,0,0,65
2212,元智大學,化學工程與材料科學學系,數學甲(分科),1.00,物理(分科),1.00,化學(分科),1.00,國文(學測),1.00,,,33,137.00,,,,,,,,36,,,,,數學甲→物理→化學→國文,25,8,33,25,8,0,0,33
2213,元智大學,工業工程與管理學系(A組),數學甲(分科),1.25,英文(學測),1.00,國文(學測),1.00,,,,,16,106.75,,,,,,,,36,,,,,數學甲→英文→國文,15,1,16,9,7,0,0,16
2214,元智大學,工業工程與管理學系(B組),英文(學測),1.50,國文(學測),1.50,公民與社會(分科),1.00,,,,,16,136.00,,,,,,,,36,數學A(底標) 或 數學B(底標),,,,英文→國文→公民與社會,15,1,16,10,6,0,0,16
2215,元智大學,工程學院英語學士班,數學甲(分科),1.00,英文(學測),1.00,國文(學測),1.00,,,,,6,105.00,數學甲(分科),26,,,,,,36,,,,,數學甲→英文→國文,5,1,6,4,2,0,0,6
2216,元智大學,電機工程學系(甲組),數學甲(分科),1.00,英文(學測),1.00,國文(學測),1.00,,,,,43,121.00,數學甲(分科),33,130.90,,,,,36,,,,,數學甲→英文→國文,35,7,42,29,13,1,0,43
2217,元智大學,電機工程學系(乙組),數學甲(分科),1.00,自然(學測),1.00,國文(學測),2.00,,,,,34,171.00,數學甲(分科),36,,,,,,36,英文(後標),,,,數學甲→自然→國文,34,0,34,23,11,0,0,34
2220,元智大學,電機工程學系(丙組),數學甲(分科),1.00,英文(學測),1.00,國文(學測),2.00,,,,,22,164.00,數學甲(分科),31,,,,,,36,,,,,數學甲→英文→國文,18,4,22,13,9,0,0,22
2221,元智大學,電機通訊學院英語學士班,英文(學測),1.75,數學甲(分科),1.00,國文(學測),1.25,,,,,12,153.50,,,,,,,,37,,,,,英文→數學甲→國文,10,2,12,12,0,0,0,12
2222,國立中正大學,中國文學系,國文(學測),2.00,英文(學測),1.25,歷史(分科),1.00,地理(分科),1.00,,,29,234.25,,,,,,,,37,,,,,國文→英文→歷史→地理,10,19,29,10,19,0,0,29
2223,國立中正大學,外國語文學系,英文(學測),2.00,國文(學測),1.00,歷史(分科),1.00,地理(分科),1.00,,,23,227.00,英文(學測),56,,,,,,37,,,,,英文→國文→歷史→地理,16,7,23,8,15,0,0,23
2224,國立中正大學,歷史學系,歷史(分科),2.00,國文(學測),1.50,英文(學測),1.50,地理(分科),1.00,,,19,272.00,,,,,,,,37,,,,,歷史→國文→英文→地理,14,5,19,13,6,0,0,19
2225,國立中正大學,哲學系,英文(學測),2.00,數學B(學測),2.00,國文(學測),1.50,公民與社會(分科),1.00,,,20,252.50,英文(學測),41,,,,,,37,,,,,英文→數學B→國文→公民與社會,12,8,20,9,11,0,0,20
2226,國立中正大學,社會福利學系,英文(學測),1.50,數學B(學測),1.50,公民與社會(分科),1.50,國文(學測),1.00,,,19,217.50,英文(學測),31,,,,,,37,,,,,英文→數學B→公民與社會→國文,15,4,19,8,11,0,0,19
2227,國立中正大學,勞工關係學系,英文(學測),2.00,國文(學測),1.50,公民與社會(分科),1.50,數學B(學測),1.00,歷史(分科),1.00,22,296.00,,,,,,,,37,,,,,英文→國文→公民與社會→數學B→歷史,11,11,22,8,14,0,0,22
2230,國立中正大學,政治學系,英文(學測),2.00,社會(學測),1.00,國文(學測),1.00,公民與社會(分科),1.00,數學B(學測),1.00,18,260.00,英文(學測),46,,,,,266.10,37,,,,,英文→社會→國文→公民與社會→數學B,11,6,17,7,10,0,1,18
2231,國立中正大學,傳播學系,公民與社會(分科),1.00,歷史(分科),1.00,英文(學測),1.00,國文(學測),1.00,,,23,181.00,公民與社會(分科),45,233.55,,,,,37,,,,,公民與社會→歷史→英文→國文,13,9,22,8,14,0,1,23
2232,國立中正大學,經濟學系,數學B(學測),2.00,英文(學測),2.00,公民與社會(分科),1.50,國文(學測),1.00,,,40,275.50,,,,,,,,37,數學B(均標),,,,數學B→英文→公民與社會→國文,25,15,40,27,13,0,0,40
2233,國立中正大學,財務金融學系,英文(學測),2.00,數學B(學測),2.00,公民與社會(分科),1.00,,,,,38,209.00,英文(學測),43,,,,,,37,英文(前標),數學B(均標),,,英文→數學B→公民與社會,23,15,38,19,19,0,0,38
2234,國立中正大學,企業管理學系,英文(學測),2.00,國文(學測),1.50,地理(分科),1.00,數學B(學測),2.00,,,41,271.50,,,,,,,,37,,,,,英文→國文→地理→數學B,25,16,41,24,17,0,0,41
2235,國立中正大學,會計與資訊科技學系甲組,英文(學測),2.00,數學A(學測),2.00,國文(學測),1.50,物理(分科),1.00,,,2,309.00,,,,,,,,37,,,,,英文→數學A→國文→物理,2,0,2,1,1,0,0,2
2236,國立中正大學,會計與資訊科技學系乙組,英文(學測),2.00,數學B(學測),2.00,國文(學測),1.50,公民與社會(分科),1.00,,,27,279.50,,,,,,,,37,,,,,英文→數學B→國文→公民與社會,18,9,27,14,13,0,0,27
2237,國立中正大學,法律學系法學組,英文(學測),1.50,國文(學測),1.50,數學B(學測),1.00,公民與社會(分科),1.00,歷史(分科),1.00,25,274.50,英文(學測),45,,,,,,37,,,,,英文→國文→數學B→公民與社會→歷史,12,13,25,17,8,0,0,25
2240,國立中正大學,法律學系法制組,英文(學測),1.50,國文(學測),1.50,數學B(學測),1.00,公民與社會(分科),1.00,歷史(分科),1.00,22,274.00,英文(學測),42,280.50,,,,,37,,,,,英文→國文→數學B→公民與社會→歷史,13,8,21,9,12,1,0,22
2241,國立中正大學,財經法律學系,國文(學測),1.50,英文(學測),1.50,公民與社會(分科),1.00,歷史(分科),1.00,數學B(學測),1.00,25,278.00,國文(學測),57,,,,,,37,,,,,國文→英文→公民與社會→歷史→數學B,12,13,25,15,10,0,0,25
2242,國立中正大學,成人及繼續教育學系,英文(學測),1.50,國文(學測),1.00,公民與社會(分科),1.50,數學B(學測),1.00,,,13,200.50,,,,,,,,37,,,,,英文→國文→公民與社會→數學B,9,4,13,5,8,0,0,13
2243,國立中正大學,犯罪防治學系,英文(學測),1.50,國文(學測),1.25,公民與社會(分科),1.50,數學B(學測),1.00,,,23,227.25,英文(學測),47,228.80,,,,,37,,,,,英文→國文→公民與社會→數學B,16,6,22,4,18,0,1,23
2244,國立中正大學,數學系,數學甲(分科),2.00,英文(學測),1.25,物理(分科),1.00,,,,,20,164.25,,,,,,,,37,,,,,數學甲→英文→物理,13,7,20,17,3,0,0,20
2245,國立中正大學,物理學系,物理(分科),1.50,數學甲(分科),1.50,英文(學測),1.25,化學(分科),1.00,國文(學測),1.00,19,259.75,,,,,,,,37,,,,,物理→數學甲→英文→化學→國文,14,5,19,15,4,0,0,19
2246,國立中正大學,化學暨生物化學系,化學(分科),2.00,物理(分科),1.00,數學甲(分科),1.25,英文(學測),1.25,國文(學測),1.00,19,277.25,化學(分科),55,,,,,,37,,,,,化學→物理→數學甲→英文→國文,13,6,19,11,8,0,0,19
2247,國立中正大學,地球與環境科學系,數學甲(分科),1.50,物理(分科),1.50,化學(分科),1.50,英文(學測),1.00,國文(學測),1.00,18,252.00,數學甲(分科),38,,,,,,37,,,,,數學甲→物理→化學→英文→國文,15,3,18,16,2,0,0,18
2250,國立中正大學,資訊工程學系,數學甲(分科),1.25,英文(學測),1.50,物理(分科),1.00,化學(分科),1.00,國文(學測),1.00,51,261.25,,,,,,,,37,,,,,數學甲→英文→物理→化學→國文,25,26,51,39,12,0,0,51
2251,國立中正大學,電機工程學系甲組,數學甲(分科),1.00,物理(分科),1.00,英文(學測),1.00,化學(分科),1.00,國文(學測),1.00,3,246.00,,,,,,,,37,,,,,數學甲→物理→英文→化學→國文,3,0,3,3,0,0,0,3
2252,國立中正大學,電機工程學系乙組,數學甲(分科),1.00,物理(分科),1.00,英文(學測),1.00,化學(分科),1.00,國文(學測),1.00,45,234.00,數學甲(分科),49,234.90,,,,,37,,,,,數學甲→物理→英文→化學→國文,17,27,44,37,7,0,1,45
2253,國立中正大學,機械工程學系機械工程組,數學甲(分科),2.00,物理(分科),2.00,英文(學測),1.50,化學(分科),1.00,國文(學測),1.00,53,307.00,數學甲(分科),49,,,,,,37,,,,,數學甲→物理→英文→化學→國文,37,16,53,47,6,0,0,53
2254,國立中正大學,機械工程學系光機電整合工程組,數學甲(分科),2.00,物理(分科),2.00,英文(學測),1.50,化學(分科),1.00,國文(學測),1.00,16,316.50,數學甲(分科),38,,,,,,37,,,,,數學甲→物理→英文→化學→國文,10,6,16,14,2,0,0,16
2255,國立中正大學,化學工程學系,數學甲(分科),1.50,物理(分科),1.50,化學(分科),1.25,,,,,35,179.00,數學甲(分科),42,,,,,,37,國文(均標),英文(均標),,,數學甲→物理→化學,24,11,35,31,4,0,0,35
2256,國立中正大學,通訊工程學系,數學甲(分科),1.00,物理(分科),1.00,英文(學測),1.00,化學(分科),1.00,國文(學測),1.00,21,225.00,數學甲(分科),41,228.15,,,,,37,,,,,數學甲→物理→英文→化學→國文,11,9,20,18,2,1,0,21
2257,國立中正大學,資訊管理學系,數學甲(分科),2.00,英文(學測),2.00,國文(學測),1.00,物理(分科),1.00,化學(分科),1.00,29,295.00,,,,,,,,37,,,,,數學甲→英文→國文→物理→化學,18,11,29,23,6,0,0,29
2260,國立中正大學,心理學系,英文(學測),1.50,數學甲(分科),1.50,生物(分科),1.25,國文(學測),1.00,,,25,223.50,,,,,,,,37,,,,,英文→數學甲→生物→國文,16,9,25,10,15,0,0,25
2261,國立中正大學,生物醫學科學系,英文(學測),1.25,化學(分科),1.50,生物(分科),1.50,國文(學測),1.00,數學甲(分科),1.00,18,259.50,,,,,,,,37,英文(均標),自然(均標),,,英文→化學→生物→國文→數學甲,16,2,18,12,6,0,0,18
2262,國立中正大學,運動競技學系,英文(學測),2.00,國文(學測),2.00,生物(分科),1.50,,,,,3,224.00,,,,,,,,38,,,,,英文→國文→生物,1,2,3,2,1,0,0,3
2263,大葉大學,機械與自動化工程學系,數學甲(分科),1.75,國文(學測),2.00,英文(學測),2.00,,,,,18,129.25,,,,,,,,38,,,,,數學甲→國文→英文,8,10,18,16,2,0,0,18
2264,大葉大學,電機工程學系(半導體組),數學甲(分科),2.00,物理(分科),2.00,英文(學測),1.75,,,,,15,115.25,,,,,,,,38,,,,,數學甲→物理→英文,5,10,15,15,0,0,0,15
2265,大葉大學,電機工程學系(智慧系統組),數學甲(分科),2.00,國文(學測),2.00,英文(學測),1.75,,,,,10,134.75,,,,,,,,38,,,,,數學甲→國文→英文,4,6,10,8,2,0,0,10
2266,大葉大學,消防安全學士學位學程,國文(學測),2.00,英文(學測),1.00,化學(分科),1.00,,,,,6,83.00,,,,,,,,38,,,,,國文→英文→化學,3,11,14,5,1,0,0,6
2267,大葉大學,資訊工程學系,數學甲(分科),1.75,國文(學測),2.00,英文(學測),2.00,,,,,33,123.25,,,,,,,,38,,,,,數學甲→國文→英文,6,27,33,27,6,0,0,33
2270,大葉大學,環境工程學系,國文(學測),2.00,英文(學測),1.00,化學(分科),1.00,,,,,12,93.00,,,,,,,,38,,,,,國文→英文→化學,5,7,12,9,3,0,0,12
2271,大葉大學,企業管理學系(經營管理組),國文(學測),2.00,英文(學測),1.75,歷史(分科),2.00,,,,,2,113.50,,,,,,,,38,,,,,國文→英文→歷史,1,5,6,1,1,0,0,2
2272,大葉大學,企業管理學系(數位行銷組),國文(學測),2.00,英文(學測),1.75,地理(分科),2.00,,,,,1,123.00,,,,,,,,38,,,,,國文→英文→地理,1,4,5,0,1,0,0,1
2273,大葉大學,會計與資訊管理學系(人工智慧商業應用組),國文(學測),2.00,英文(學測),2.00,歷史(分科),1.75,,,,,0,,,,,,,,,38,,,,,國文→英文→歷史,2,4,6,0,0,0,0,0
2274,大葉大學,會計與資訊管理學系(人工智慧科技管理組),國文(學測),2.00,英文(學測),2.00,物理(分科),1.75,,,,,8,91.75,,,,,,,,38,,,,,國文→英文→物理,2,6,8,6,2,0,0,8
2275,大葉大學,會計與資訊管理學系(會計管理組),國文(學測),2.00,歷史(分科),2.00,地理(分科),1.75,,,,,0,,,,,,,,,38,,,,,國文→歷史→地理,2,4,6,0,0,0,0,0
2276,大葉大學,會計與資訊管理學系(投資理財組),國文(學測),2.00,社會(學測),2.00,歷史(分科),1.75,,,,,1,203.00,,,,,,,,38,,,,,國文→社會→歷史,1,2,3,1,0,0,0,1
2277,大葉大學,財務金融學系(智慧投資組),國文(學測),2.00,公民與社會(分科),2.00,英文(學測),1.00,,,,,7,98.00,,,,,,,,38,,,,,國文→公民與社會→英文,4,11,15,7,0,0,0,7
2300,大葉大學,設計學系,國文(學測),2.00,歷史(分科),2.00,英文(學測),1.00,,,,,1,113.00,,,,,,,,38,,,,,國文→歷史→英文,4,22,26,0,1,0,0,1
2301,大葉大學,傳播藝術學士學位學程,國文(學測),1.00,公民與社會(分科),2.00,英文(學測),1.00,,,,,1,81.00,,,,,,,,38,,,,,國文→公民與社會→英文,6,13,19,1,0,0,0,1
2302,大葉大學,多媒體數位內容學士學位學程(動畫與影視特效組),國文(學測),2.00,歷史(分科),1.75,地理(分科),2.00,,,,,2,200.50,,,,,,,,38,,,,,國文→歷史→地理,3,6,9,2,0,0,0,2
2303,大葉大學,多媒體數位內容學士學位學程(遊戲與互動設計組),英文(學測),2.00,地理(分科),1.75,歷史(分科),2.00,,,,,5,96.75,,,,,,,,38,,,,,英文→地理→歷史,3,3,6,4,1,0,0,5
2304,大葉大學,多媒體數位內容學士學位學程(動漫美術與模型製作組),國文(學測),2.00,英文(學測),1.75,歷史(分科),2.00,,,,,3,139.50,,,,,,,,38,,,,,國文→英文→歷史,3,2,5,3,0,0,0,3
2305,大葉大學,多媒體數位內容學士學位學程(漫畫創作組),國文(學測),2.00,英文(學測),1.75,地理(分科),2.00,,,,,1,113.50,,,,,,,,38,,,,,國文→英文→地理,3,5,8,0,1,0,0,1
2306,大葉大學,空間設計學系(建築組),英文(學測),1.00,國文(學測),2.00,地理(分科),2.00,歷史(分科),2.00,,,3,179.00,,,,,,,,38,,,,,英文→國文→地理→歷史,1,11,12,2,1,0,0,3
2307,大葉大學,空間設計學系(室內設計組),英文(學測),1.00,國文(學測),2.00,地理(分科),2.00,歷史(分科),2.00,,,3,143.00,,,,,,,,38,,,,,英文→國文→地理→歷史,1,6,7,1,2,0,0,3
2310,大葉大學,造形藝術學系,國文(學測),2.00,歷史(分科),2.00,英文(學測),1.75,,,,,1,143.00,,,,,,,,38,,,,,國文→歷史→英文,3,11,14,1,0,0,0,1
2311,大葉大學,英語學系,英文(學測),2.00,國文(學測),2.00,歷史(分科),1.25,,,,,0,,,,,,,,,38,,,,,英文→國文→歷史,5,5,10,0,0,0,0,0
2312,大葉大學,應用日語學系(商務觀光組),國文(學測),2.00,社會(學測),1.00,歷史(分科),2.00,,,,,1,135.00,,,,,,,,38,,,,,國文→社會→歷史,2,0,2,1,0,0,0,1
2313,大葉大學,應用日語學系(企業應用組),國文(學測),2.00,社會(學測),1.00,公民與社會(分科),2.00,,,,,0,,,,,,,,,38,,,,,國文→社會→公民與社會,3,11,14,0,0,0,0,0
2314,大葉大學,應用日語學系(語文翻譯組),國文(學測),2.00,社會(學測),1.00,地理(分科),2.00,,,,,1,166.00,,,,,,,,38,,,,,國文→社會→地理,2,4,6,1,0,0,0,1
2315,大葉大學,生物醫學系(檢驗醫學組),生物(分科),1.75,國文(學測),2.00,英文(學測),2.00,,,,,14,130.25,,,,,,,,38,,,,,生物→國文→英文,4,10,14,6,8,0,0,14
2316,大葉大學,生物醫學系(生物醫藥組),化學(分科),1.75,國文(學測),2.00,英文(學測),2.00,,,,,10,130.00,,,,,,,,38,,,,,化學→國文→英文,3,7,10,9,1,0,0,10
2317,大葉大學,藥用植物與食品保健學系(中藥保健組),英文(學測),2.00,國文(學測),1.75,生物(分科),2.00,,,,,5,123.75,,,,,,,,38,,,,,英文→國文→生物,4,9,13,2,3,0,0,5
2320,大葉大學,藥用植物與食品保健學系(食品科學組),國文(學測),2.00,英文(學測),1.75,化學(分科),2.00,,,,,5,94.75,,,,,,,,38,,,,,國文→英文→化學,3,11,14,2,3,0,0,5
2321,大葉大學,餐旅管理學系,國文(學測),2.00,地理(分科),2.00,英文(學測),1.75,,,,,0,,,,,,,,,39,,,,,國文→地理→英文,4,5,9,0,0,0,0,0
2322,大葉大學,觀光休閒學系,國文(學測),2.00,公民與社會(分科),2.00,歷史(分科),1.75,,,,,4,126.50,,,,,,,,39,,,,,國文→公民與社會→歷史,6,11,17,2,2,0,0,4
2323,大葉大學,烘焙暨飲料調製學士學位學程,國文(學測),2.00,地理(分科),2.00,英文(學測),1.75,,,,,1,149.00,,,,,,,,39,,,,,國文→地理→英文,2,8,10,0,1,0,0,1
2324,大葉大學,護理學系(國際組),英文(學測),2.00,國文(學測),2.00,化學(分科),1.75,,,,,10,97.00,,,,,,,,39,,,,,英文→國文→化學,5,5,10,6,4,0,0,10
2325,大葉大學,護理學系(臨床組),國文(學測),2.00,英文(學測),2.00,公民與社會(分科),1.75,,,,,2,143.00,,,,,,,,39,,,,,國文→英文→公民與社會,4,36,40,1,1,0,0,2
2326,大葉大學,運動健康管理學系,國文(學測),2.00,公民與社會(分科),2.00,英文(學測),1.75,,,,,3,137.00,,,,,,,,39,,,,,國文→公民與社會→英文,4,9,13,2,1,0,0,3
2327,大葉大學,視光學系,英文(學測),2.00,國文(學測),2.00,數學甲(分科),1.75,,,,,21,89.00,,,,,,,,39,,,,,英文→國文→數學甲,10,11,21,17,4,0,0,21
2330,大葉大學,醫學工程學系,數學甲(分科),2.00,物理(分科),2.00,英文(學測),1.75,,,,,7,99.75,,,,,,,,39,,,,,數學甲→物理→英文,4,3,7,6,1,0,0,7
2331,大葉大學,醫學工程學系(智慧醫療組),英文(學測),2.00,國文(學測),2.00,化學(分科),1.75,,,,,7,88.25,,,,,,,,39,,,,,英文→國文→化學,4,4,8,5,2,0,0,7
2332,大葉大學,職能治療學系A組,英文(學測),2.00,國文(學測),2.00,生物(分科),1.75,,,,,16,150.50,,,,,,,,39,,,,,英文→國文→生物,6,10,16,9,7,0,0,16
2333,大葉大學,職能治療學系B組,英文(學測),2.00,國文(學測),2.00,公民與社會(分科),1.75,,,,,3,111.00,,,,,,,,39,,,,,英文→國文→公民與社會,3,2,5,0,3,0,0,3
2334,中華大學,電機工程學系,數學甲(分科),2.00,國文(學測),2.00,英文(學測),1.00,,,,,71,120.00,數學甲(分科),14,,,,,,39,,,,,數學甲→國文→英文,16,55,71,63,8,0,0,71
2335,中華大學,資訊工程學系(資訊工程組),國文(學測),2.00,數學A(學測),1.00,物理(分科),2.00,,,,,60,108.00,國文(學測),35,,,,,,39,,,,,國文→數學A→物理,10,50,60,52,8,0,0,60
2336,中華大學,資訊工程學系(資訊應用組),國文(學測),2.00,數學B(學測),1.00,公民與社會(分科),2.00,,,,,8,95.00,,,,,,,,39,,,,,國文→數學B→公民與社會,4,24,28,7,1,0,0,8
2337,中華大學,光電與材料工程學系(人工智慧應用組),國文(學測),2.00,地理(分科),2.00,歷史(分科),1.75,,,,,4,155.25,,,,,,,,39,,,,,國文→地理→歷史,2,18,20,3,1,0,0,4
2340,中華大學,光電與材料工程學系(生醫光電組),生物(分科),2.00,國文(學測),2.00,英文(學測),1.75,,,,,15,139.50,,,,,,,,39,,,,,生物→國文→英文,2,13,15,8,7,0,0,15
2341,中華大學,光電與材料工程學系(半導體組),化學(分科),2.00,國文(學測),2.00,英文(學測),1.75,,,,,17,134.25,,,,,,,,39,,,,,化學→國文→英文,2,15,17,14,3,0,0,17
2342,中華大學,工業管理學系(半導體產業組),物理(分科),2.00,化學(分科),2.00,公民與社會(分科),1.75,,,,,16,70.75,,,,,,,,39,,,,,物理→化學→公民與社會,5,12,17,13,3,0,0,16
2343,中華大學,工業管理學系(智能應用組),歷史(分科),2.00,地理(分科),2.00,公民與社會(分科),1.75,,,,,9,127.25,,,,,,,,39,,,,,歷史→地理→公民與社會,3,9,12,6,3,0,0,9
2344,中華大學,資訊管理學系(資訊系統設計組),化學(分科),2.00,國文(學測),2.00,英文(學測),1.75,,,,,9,124.75,化學(分科),14,,,,,,39,,,,,化學→國文→英文,3,6,9,8,1,0,0,9
2345,中華大學,資訊管理學系(資訊管理應用組),公民與社會(分科),2.00,歷史(分科),2.00,國文(學測),1.75,,,,,3,137.50,,,,,,,,39,,,,,公民與社會→歷史→國文,4,5,9,2,1,0,0,3
2346,中華大學,資訊管理學系(智慧商務組),公民與社會(分科),2.00,歷史(分科),2.00,地理(分科),1.75,,,,,8,150.00,,,,,,,,39,,,,,公民與社會→歷史→地理,4,4,8,7,1,0,0,8
2347,中華大學,資訊管理學系(人工智慧與大數據應用組),公民與社會(分科),2.00,歷史(分科),2.00,英文(學測),1.75,,,,,5,98.00,,,,,,,,39,,,,,公民與社會→歷史→英文,3,6,9,4,1,0,0,5
2350,中華大學,企業管理學系企業管理組,地理(分科),2.00,公民與社會(分科),2.00,歷史(分科),1.75,,,,,7,122.50,,,,,,,,39,,,,,地理→公民與社會→歷史,6,12,18,5,2,0,0,7
2351,中華大學,企業管理學系智慧運輸與物流組,地理(分科),2.00,歷史(分科),2.00,公民與社會(分科),1.75,,,,,1,164.00,,,,,,,,39,,,,,地理→歷史→公民與社會,6,14,20,0,1,0,0,1
2352,中華大學,財務管理學系財務金融管理組,歷史(分科),2.00,地理(分科),1.00,公民與社會(分科),2.00,,,,,4,119.00,,,,,,,,39,,,,,歷史→地理→公民與社會,2,11,13,3,1,0,0,4
2353,中華大學,財務管理學系金融資訊管理組,歷史(分科),1.00,地理(分科),2.00,公民與社會(分科),2.00,,,,,1,155.00,,,,,,,,39,,,,,歷史→地理→公民與社會,1,7,8,1,0,0,0,1
2354,中華大學,財務管理學系會計資訊與稅務組,歷史(分科),2.00,地理(分科),1.00,公民與社會(分科),1.00,,,,,2,93.00,,,,,,,,39,,,,,歷史→地理→公民與社會,2,9,11,1,1,0,0,2
2355,中華大學,建築與都市計畫學系(第一類組),公民與社會(分科),2.00,歷史(分科),1.00,地理(分科),2.00,,,,,3,132.00,,,,,,,,39,,,,,公民與社會→歷史→地理,7,30,37,2,1,0,0,3
2356,中華大學,建築與都市計畫學系(第二類組),國文(學測),2.00,物理(分科),1.75,數學B(學測),2.00,,,,,22,84.00,,,,,,,,39,,,,,國文→物理→數學B,4,18,22,16,6,0,0,22
2357,中華大學,土木工程學系,物理(分科),2.00,國文(學測),2.00,英文(學測),1.75,,,,,50,99.00,,,,,,,,39,,,,,物理→國文→英文,12,38,50,44,6,0,0,50
2360,中華大學,應用日語學系,國文(學測),2.00,歷史(分科),2.00,地理(分科),1.00,,,,,1,175.00,,,,,,,,39,,,,,國文→歷史→地理,4,22,26,0,1,0,0,1
2361,中華大學,應用外語暨智慧商務學士學位學程,國文(學測),2.00,公民與社會(分科),2.00,英文(學測),1.50,,,,,2,107.00,,,,,,,,39,,,,,國文→公民與社會→英文,5,5,10,1,1,0,0,2
2362,中華大學,國際事務暨智慧行銷學士學位學程,社會(學測),2.00,公民與社會(分科),1.50,國文(學測),1.00,,,,,0,,,,,,,,,40,,,,,社會→公民與社會→國文,6,32,38,0,0,0,0,0
2363,中華大學,觀光學院學士班,公民與社會(分科),2.00,國文(學測),2.00,社會(學測),1.00,,,,,2,110.00,,,,,,,,40,,,,,公民與社會→國文→社會,3,35,38,0,2,0,0,2
2364,義守大學,電機工程學系,數學甲(分科),2.00,國文(學測),2.00,英文(學測),1.50,,,,,30,169.50,,,171.80,,,,,40,,,,,數學甲→國文→英文,20,9,29,23,6,1,0,30
2365,義守大學,電子工程學系光電半導體組,物理(分科),2.00,國文(學測),2.00,英文(學測),1.50,,,,,18,161.50,,,,,,,,40,,,,,物理→國文→英文,5,13,18,13,5,0,0,18
2366,義守大學,電子工程學系電子智慧系統組,數學甲(分科),2.00,國文(學測),2.00,英文(學測),1.50,,,,,11,160.00,,,,,,,,40,,,,,數學甲→國文→英文,3,8,11,8,3,0,0,11
2367,義守大學,資訊工程學系資訊工程組,數學甲(分科),2.00,國文(學測),2.00,英文(學測),1.50,,,,,40,154.00,,,,,,,,40,,,,,數學甲→國文→英文,10,30,40,33,7,0,0,40
2370,義守大學,資訊工程學系資訊應用組,英文(學測),2.00,國文(學測),2.00,歷史(分科),1.50,,,,,15,124.50,,,,,,,,40,,,,,英文→國文→歷史,3,12,15,13,2,0,0,15
2371,義守大學,智慧網路科技學系智慧軟體應用組,國文(學測),2.00,公民與社會(分科),1.00,英文(學測),2.00,,,,,6,108.00,,,,,,,,40,,,,,國文→公民與社會→英文,1,5,6,5,1,0,0,6
2372,義守大學,智慧網路科技學系智慧網通科技組,國文(學測),2.00,物理(分科),2.00,英文(學測),1.00,,,,,5,133.00,,,,,,,,40,,,,,國文→物理→英文,1,4,5,5,0,0,0,5
2373,義守大學,機械與自動化工程學系,物理(分科),2.00,國文(學測),2.00,英文(學測),1.50,,,,,16,150.50,物理(分科),25,,,,,,40,,,,,物理→國文→英文,9,7,16,16,0,0,0,16
2374,義守大學,化學工程學系甲組,化學(分科),2.00,國文(學測),2.00,英文(學測),1.75,,,,,41,151.00,化學(分科),14,,,,,,40,,,,,化學→國文→英文,5,36,41,26,15,0,0,41
2375,義守大學,化學工程學系乙組,生物(分科),2.00,國文(學測),2.00,英文(學測),1.75,,,,,5,170.75,,,,,,,,40,,,,,生物→國文→英文,3,2,5,1,4,0,0,5
2376,義守大學,土木工程學系,物理(分科),2.00,國文(學測),2.00,數學甲(分科),1.75,,,,,25,144.50,,,,,,,,40,,,,,物理→國文→數學甲,8,17,25,22,3,0,0,25
2377,義守大學,材料科學與工程學系甲組,英文(學測),2.00,國文(學測),2.00,數學甲(分科),1.75,,,,,33,149.00,,,,,,,,40,,,,,英文→國文→數學甲,6,27,33,23,10,0,0,33
2400,義守大學,材料科學與工程學系乙組,英文(學測),2.00,國文(學測),2.00,化學(分科),1.75,,,,,10,156.00,,,,,,,,40,,,,,英文→國文→化學,2,8,10,6,4,0,0,10
2401,義守大學,資料科學與大數據分析學系,數學甲(分科),2.00,國文(學測),2.00,英文(學測),1.50,,,,,18,130.50,數學甲(分科),18,,,,,,40,,,,,數學甲→國文→英文,1,17,18,12,6,0,0,18
2402,義守大學,智慧科技英語學士學位學程,英文(學測),2.00,國文(學測),2.00,物理(分科),1.75,,,,,8,137.00,,,,,,,,40,,,,,英文→國文→物理,1,7,8,3,5,0,0,8
2403,義守大學,工業管理學系,國文(學測),2.00,英文(學測),2.00,公民與社會(分科),1.75,,,,,8,107.75,,,,,,,,40,,,,,國文→英文→公民與社會,2,13,15,8,0,0,0,8
2404,義守大學,資訊管理學系電子商務與智慧物聯網組,國文(學測),2.00,歷史(分科),2.00,英文(學測),1.00,,,,,4,101.00,,,,,,,,40,,,,,國文→歷史→英文,1,7,8,3,1,0,0,4
2405,義守大學,資訊管理學系人工智慧與大數據組,國文(學測),2.00,歷史(分科),2.00,地理(分科),1.75,,,,,9,125.25,,,,,,,,40,,,,,國文→歷史→地理,2,7,9,7,2,0,0,9
2406,義守大學,企業管理學系,國文(學測),2.00,歷史(分科),2.00,英文(學測),1.00,,,,,15,102.00,,,,,,,,40,,,,,國文→歷史→英文,4,24,28,11,4,0,0,15
2407,義守大學,財務金融管理學系,國文(學測),1.50,歷史(分科),1.00,英文(學測),1.00,數學B(學測),1.00,,,22,73.50,,,,,,,,40,,,,,國文→歷史→英文→數學B,4,27,31,13,9,0,0,22
2410,義守大學,會計學系,國文(學測),2.00,英文(學測),1.25,地理(分科),2.00,,,,,8,130.50,,,,,,,,40,,,,,國文→英文→地理,3,15,18,6,2,0,0,8
2411,義守大學,國際商務學系,英文(學測),2.00,國文(學測),1.50,歷史(分科),1.50,,,,,3,120.50,,,,,,,,40,,,,,英文→國文→歷史,4,19,23,0,3,0,0,3
2412,義守大學,公共政策與管理學系,歷史(分科),2.00,社會(學測),2.00,國文(學測),1.75,,,,,12,123.75,,,,,,,,40,,,,,歷史→社會→國文,2,14,16,7,5,0,0,12
2413,義守大學,醫務管理學系,國文(學測),2.00,公民與社會(分科),2.00,英文(學測),1.50,,,,,21,106.50,,,,,,,,40,,,,,國文→公民與社會→英文,8,21,29,7,14,0,0,21
2414,義守大學,健康管理學系甲組,國文(學測),2.00,歷史(分科),2.00,英文(學測),1.75,,,,,0,,,,,,,,,40,,,,,國文→歷史→英文,1,4,5,0,0,0,0,0
2415,義守大學,健康管理學系乙組,國文(學測),2.00,地理(分科),2.00,英文(學測),1.75,,,,,3,109.50,,,,,,,,40,,,,,國文→地理→英文,1,3,4,2,1,0,0,3
2416,義守大學,餐旅管理學系,國文(學測),2.00,社會(學測),2.00,歷史(分科),1.75,,,,,2,125.00,,,,,,,,40,,,,,國文→社會→歷史,4,13,17,1,1,0,0,2
2417,義守大學,運動科技與休閒管理學系,國文(學測),2.00,社會(學測),2.00,歷史(分科),1.75,,,,,4,125.00,,,,,,,,40,,,,,國文→社會→歷史,2,11,13,2,2,0,0,4
2420,義守大學,廚藝暨美食學學系,國文(學測),2.00,社會(學測),1.50,歷史(分科),1.50,,,,,2,130.50,,,,,,,,40,,,,,國文→社會→歷史,4,19,23,1,1,0,0,2
2421,義守大學,國際企業經營英語學士學位學程,英文(學測),2.00,國文(學測),2.00,歷史(分科),1.00,,,,,1,150.00,,,,,,,,40,,,,,英文→國文→歷史,1,9,10,0,1,0,0,1
2422,義守大學,財務與商業分析英語學士學位學程(國際學院),英文(學測),2.00,國文(學測),1.00,歷史(分科),1.00,,,,,0,,,,,,,,,40,,,,,英文→國文→歷史,1,8,9,0,0,0,0,0
2423,義守大學,智慧觀光餐旅管理英語學士學位學程(國際學院),英文(學測),2.00,公民與社會(分科),1.75,國文(學測),1.00,,,,,0,,,,,,,,,41,,,,,英文→公民與社會→國文,1,8,9,0,0,0,0,0
2424,義守大學,國際傳媒與娛樂管理學系(國際學院),英文(學測),2.00,歷史(分科),2.00,國文(學測),1.00,,,,,3,96.00,,,,,,,,41,,,,,英文→歷史→國文,3,6,9,0,3,0,0,3
2425,義守大學,國際溝通暨應用英語學系,英文(學測),2.00,國文(學測),2.00,歷史(分科),1.00,,,,,6,104.00,,,,,,,,41,,,,,英文→國文→歷史,1,9,10,1,5,0,0,6
2426,義守大學,應用日語學系,國文(學測),2.00,歷史(分科),2.00,英文(學測),1.00,,,,,15,99.00,,,,,,,,41,,,,,國文→歷史→英文,3,15,18,8,7,0,0,15
2427,義守大學,大眾傳播學系,國文(學測),2.00,社會(學測),2.00,歷史(分科),1.75,,,,,12,134.00,,,,,,,,41,,,,,國文→社會→歷史,3,24,27,9,3,0,0,12
2430,義守大學,創意整合設計學系,國文(學測),2.00,歷史(分科),2.00,英文(學測),1.00,,,,,8,103.00,,,,,,,,41,,,,,國文→歷史→英文,3,10,13,4,4,0,0,8
2431,義守大學,電影與電視學系,國文(學測),2.00,社會(學測),2.00,歷史(分科),1.75,,,,,10,155.50,,,,,,,,41,,,,,國文→社會→歷史,7,13,20,4,6,0,0,10
2432,義守大學,新媒體設計學系,國文(學測),2.00,歷史(分科),2.00,英文(學測),1.75,,,,,9,117.75,,,,,,,,41,,,,,國文→歷史→英文,2,8,10,4,5,0,0,9
2433,義守大學,營養學系,生物(分科),2.00,國文(學測),2.00,英文(學測),1.00,,,,,32,164.00,,,,,,,,41,,,,,生物→國文→英文,8,24,32,7,25,0,0,32
2434,義守大學,生物醫學工程學系,國文(學測),2.00,化學(分科),2.00,物理(分科),1.75,,,,,24,146.75,國文(學測),40,,,,,,41,,,,,國文→化學→物理,12,12,24,13,11,0,0,24
2435,義守大學,醫學科學與生物科技學系醫藥組,國文(學測),2.00,化學(分科),2.00,英文(學測),1.75,,,,,17,165.75,國文(學測),40,,,,,,41,,,,,國文→化學→英文,3,14,17,3,14,0,0,17
2436,義守大學,醫學科學與生物科技學系生技組,國文(學測),2.00,生物(分科),2.00,英文(學測),1.50,,,,,16,172.00,,,,,,,,41,,,,,國文→生物→英文,3,13,16,5,11,0,0,16
2437,義守大學,護理學系,英文(學測),1.75,國文(學測),2.00,生物(分科),2.00,,,,,59,150.75,,,176.45,,,,,41,,,,,英文→國文→生物,15,43,58,18,40,0,1,59
2440,義守大學,醫學影像暨放射科學系,自然(學測),2.00,生物(分科),2.00,國文(學測),2.00,數學甲(分科),1.00,,,26,241.00,自然(學測),32,267.30,,,,,41,,,,,自然→生物→國文→數學甲,10,15,25,6,19,1,0,26
2441,義守大學,物理治療學系,生物(分科),2.00,英文(學測),2.00,國文(學測),1.50,物理(分科),1.00,數學A(學測),1.00,14,312.50,,,,,,,,41,,,,,生物→英文→國文→物理→數學A,10,4,14,6,8,0,0,14
2442,義守大學,職能治療學系,英文(學測),2.00,生物(分科),2.00,國文(學測),1.75,數學A(學測),1.00,,,12,264.25,,,,,,,,41,,,,,英文→生物→國文→數學A,10,2,12,4,8,0,0,12
2443,義守大學,醫學檢驗技術學系,化學(分科),2.00,生物(分科),2.00,英文(學測),2.00,國文(學測),1.00,,,17,238.00,,,,,,,,41,,,,,化學→生物→英文→國文,10,7,17,6,11,0,0,17
2444,義守大學,醫學系(公費生),英文(學測),1.50,生物(分科),1.50,化學(分科),1.00,物理(分科),1.00,數學甲(分科),1.00,7,313.50,英文(學測),52,,,,,,41,,,,,英文→生物→化學→物理→數學甲,4,3,7,4,3,0,0,7
2445,義守大學,半導體學士學位學程,物理(分科),2.00,國文(學測),1.50,英文(學測),1.50,,,,,11,124.50,,,,,,,,41,,,,,物理→國文→英文,3,8,11,9,2,0,0,11
2446,銘傳大學,企業管理學系品牌行銷組(台北校區),國文(學測),2.00,英文(學測),1.00,歷史(分科),2.00,,,,,27,148.00,國文(學測),34,,,,,,41,,,,,國文→英文→歷史,5,22,27,9,18,0,0,27
2447,銘傳大學,企業管理學系企業管理組(台北校區),國文(學測),2.00,社會(學測),1.00,數學B(學測),1.00,公民與社會(分科),2.00,,,43,162.00,國文(學測),32,,,,,,41,,,,,國文→社會→數學B→公民與社會,5,38,43,23,20,0,0,43
2450,銘傳大學,企業管理學系數位經營組(台北校區),國文(學測),1.00,數學B(學測),1.00,公民與社會(分科),1.00,,,,,21,75.00,,,,,,,,41,,,,,國文→數學B→公民與社會,3,18,21,10,11,0,0,21
2451,銘傳大學,會計學系會計審計組(台北校區),公民與社會(分科),2.00,國文(學測),1.00,社會(學測),1.00,,,,,36,113.00,,,126.95,,,,,41,,,,,公民與社會→國文→社會,5,30,35,14,21,1,0,36
2452,銘傳大學,會計學系稅務規劃組(台北校區),公民與社會(分科),2.00,國文(學測),1.00,歷史(分科),1.00,,,,,31,108.00,公民與社會(分科),29,,,,,,41,,,,,公民與社會→國文→歷史,5,26,31,12,19,0,0,31
2453,銘傳大學,財務金融學系甲組(台北校區),數學B(學測),2.00,國文(學測),1.00,公民與社會(分科),1.00,,,,,24,114.00,,,,,,,,41,,,,,數學B→國文→公民與社會,5,19,24,10,14,0,0,24
2454,銘傳大學,財務金融學系乙組(台北校區),英文(學測),2.00,數學B(學測),1.00,公民與社會(分科),1.00,,,,,21,94.00,,,,,,,,41,,,,,英文→數學B→公民與社會,5,16,21,13,8,0,0,21
2455,銘傳大學,財務金融學系丙組(台北校區),社會(學測),2.00,公民與社會(分科),1.50,數學B(學測),1.00,,,,,18,138.00,,,,142.75,,,,41,,,,,社會→公民與社會→數學B,5,12,17,8,9,1,0,18
2456,銘傳大學,風險管理與保險學系保險金融行銷組(台北校區),國文(學測),1.00,公民與社會(分科),1.25,社會(學測),1.00,,,,,30,82.00,,,,,,,,41,,,,,國文→公民與社會→社會,2,28,30,19,11,0,0,30
2457,銘傳大學,風險管理與保險學系資訊應用組(台北校區),國文(學測),1.00,公民與社會(分科),1.25,數學B(學測),1.00,,,,,14,69.00,,,,,,,,41,,,,,國文→公民與社會→數學B,2,12,14,10,4,0,0,14
2460,銘傳大學,國際企業學系跨境電商經營組(台北校區),公民與社會(分科),1.50,歷史(分科),1.25,英文(學測),1.00,,,,,39,88.00,,,90.05,,,,,41,,,,,公民與社會→歷史→英文,7,31,38,24,14,1,0,39
2461,銘傳大學,國際企業學系外貿行銷管理組(台北校區),英文(學測),1.25,國文(學測),1.00,歷史(分科),1.00,,,,,40,78.25,,,,,,,,41,,,,,英文→國文→歷史,8,32,40,15,25,0,0,40
2462,銘傳大學,新媒體暨傳播管理學系(台北校區),國文(學測),2.00,英文(學測),2.00,歷史(分科),1.00,,,,,28,135.00,國文(學測),37,,,,,,42,,,,,國文→英文→歷史,8,20,28,8,20,0,0,28
2463,銘傳大學,廣播電視學系(台北校區),國文(學測),1.00,社會(學測),1.00,歷史(分科),1.00,,,,,35,105.00,,,,,,,,42,,,,,國文→社會→歷史,9,26,35,10,25,0,0,35
2464,銘傳大學,廣告暨策略行銷學系(台北校區),國文(學測),1.00,歷史(分科),2.00,公民與社會(分科),2.00,,,,,35,156.00,國文(學測),36,,,,,,42,,,,,國文→歷史→公民與社會,10,25,35,8,27,0,0,35
2465,銘傳大學,影音新聞暨社群傳播學系(台北校區),國文(學測),2.00,公民與社會(分科),1.50,歷史(分科),1.00,,,,,25,140.50,,,,,,,,42,,,,,國文→公民與社會→歷史,5,20,25,10,15,0,0,25
2466,銘傳大學,法律學系(台北校區),公民與社會(分科),2.00,國文(學測),1.25,英文(學測),1.00,,,,,63,146.00,,,147.25,,,,,42,,,,,公民與社會→國文→英文,21,41,62,31,31,0,1,63
2467,銘傳大學,財金法律學系(台北校區),國文(學測),2.00,英文(學測),2.00,公民與社會(分科),1.50,,,,,28,174.50,國文(學測),46,,,,,,42,,,,,國文→英文→公民與社會,9,19,28,11,17,0,0,28
2470,銘傳大學,國際企業與貿易學士學位學程(全英語授課．台北校區),英文(學測),2.00,公民與社會(分科),1.00,歷史(分科),1.00,,,,,12,75.00,,,,,,,,42,,,,,英文→公民與社會→歷史,5,7,12,5,7,0,0,12
2471,銘傳大學,新聞與大眾傳播學士學位學程(全英語授課．台北校區),英文(學測),2.00,公民與社會(分科),1.50,國文(學測),1.00,,,,,12,76.50,,,,,,,,42,,,,,英文→公民與社會→國文,3,9,12,3,9,0,0,12
2472,銘傳大學,時尚與創新管理學士學位學程(全英語授課．台北校區),英文(學測),2.00,公民與社會(分科),1.00,國文(學測),1.00,,,,,5,101.00,,,,,,,,42,,,,,英文→公民與社會→國文,2,3,5,0,5,0,0,5
2473,銘傳大學,國際事務與外交學士學位學程(全英語授課．桃園校區),英文(學測),1.00,公民與社會(分科),1.00,歷史(分科),1.00,,,,,3,50.00,,,,,,,,42,,,,,英文→公民與社會→歷史,2,7,9,3,0,0,0,3
2474,銘傳大學,資訊科技應用與管理學士學位學程(全英語授課．桃園校區),英文(學測),1.50,國文(學測),2.00,公民與社會(分科),1.00,,,,,6,87.00,,,,,,,,42,數學A(底標) 或 數學B(底標),,,,英文→國文→公民與社會,1,7,8,5,1,0,0,6
2475,銘傳大學,應用中國文學系語文傳播組(桃園校區),國文(學測),1.50,歷史(分科),1.00,社會(學測),1.00,,,,,5,76.00,,,,,,,,42,,,,,國文→歷史→社會,3,6,9,4,1,0,0,5
2476,銘傳大學,應用中國文學系語文創作組(桃園校區),國文(學測),1.50,歷史(分科),1.00,公民與社會(分科),1.00,,,,,3,93.50,,,,,,,,42,,,,,國文→歷史→公民與社會,3,2,5,2,1,0,0,3
2477,銘傳大學,應用英語學系英語教學與雙語教育組(桃園校區),英文(學測),2.00,國文(學測),1.00,公民與社會(分科),1.00,,,,,6,67.00,,,,,,,,42,,,,,英文→國文→公民與社會,4,13,17,1,5,0,0,6
2500,銘傳大學,應用英語學系英語商務與口筆譯組(桃園校區),英文(學測),2.00,歷史(分科),1.00,公民與社會(分科),1.00,,,,,7,69.00,,,,,,,,42,,,,,英文→歷史→公民與社會,3,11,14,3,4,0,0,7
2501,銘傳大學,應用日語學系(桃園校區),歷史(分科),1.50,公民與社會(分科),1.50,國文(學測),1.00,,,,,48,105.50,,,,,,,,42,,,,,歷史→公民與社會→國文,16,32,48,23,25,0,0,48
2502,銘傳大學,華語文教學學系(桃園校區),國文(學測),2.00,公民與社會(分科),2.00,歷史(分科),1.50,,,,,1,138.00,,,,,,,,42,,,,,國文→公民與社會→歷史,5,19,24,0,1,0,0,1
2503,銘傳大學,商業設計學系(桃園校區),公民與社會(分科),2.00,國文(學測),2.00,英文(學測),1.00,,,,,33,133.00,,,,,,,,42,,,,,公民與社會→國文→英文,12,21,33,7,26,0,0,33
2504,銘傳大學,商品設計學系人工智慧應用組(桃園校區),國文(學測),2.00,社會(學測),1.00,歷史(分科),1.00,,,,,13,109.00,國文(學測),25,,,,,,42,,,,,國文→社會→歷史,2,11,13,10,3,0,0,13
2505,銘傳大學,商品設計學系福祉生活設計組(桃園校區),國文(學測),2.00,社會(學測),1.00,公民與社會(分科),1.00,,,,,8,112.00,,,,,,,,42,,,,,國文→社會→公民與社會,2,6,8,3,5,0,0,8
2506,銘傳大學,商品設計學系產品行銷企劃組(桃園校區),國文(學測),2.00,英文(學測),1.00,公民與社會(分科),1.00,,,,,8,104.00,,,,,,,,42,,,,,國文→英文→公民與社會,2,6,8,1,7,0,0,8
2507,銘傳大學,數位媒體設計學系遊戲互動與AI應用組(桃園校區),國文(學測),2.00,社會(學測),1.00,地理(分科),1.00,,,,,9,125.00,,,,,,,,42,,,,,國文→社會→地理,4,5,9,5,4,0,0,9
2510,銘傳大學,數位媒體設計學系動畫文創組(桃園校區),國文(學測),2.00,社會(學測),1.00,歷史(分科),1.00,,,,,9,141.00,,,,,,,,42,,,,,國文→社會→歷史,5,4,9,1,8,0,0,9
2511,銘傳大學,數位媒體設計學系影視創意組(桃園校區),國文(學測),2.00,社會(學測),1.00,公民與社會(分科),1.00,,,,,7,127.00,,,,,,,,42,,,,,國文→社會→公民與社會,4,3,7,1,6,0,0,7
2512,銘傳大學,建築學系(桃園校區),國文(學測),2.00,社會(學測),1.00,公民與社會(分科),1.00,,,,,28,127.00,國文(學測),37,158.20,,,,,42,,,,,國文→社會→公民與社會,11,16,27,13,14,0,1,28
2513,銘傳大學,都市規劃與防災學系(桃園校區),公民與社會(分科),2.00,國文(學測),1.50,英文(學測),1.00,,,,,10,102.50,,,,,,,,42,,,,,公民與社會→國文→英文,9,1,10,8,2,0,0,10
2514,銘傳大學,動漫文創設計學士學位學程(桃園校區),國文(學測),2.00,社會(學測),1.00,公民與社會(分科),1.00,,,,,13,105.00,,,,,,,,42,,,,,國文→社會→公民與社會,5,8,13,5,8,0,0,13
2515,銘傳大學,觀光事業學系(桃園校區),國文(學測),1.00,地理(分科),1.00,歷史(分科),1.00,,,,,16,83.00,國文(學測),29,,,,,,42,,,,,國文→地理→歷史,6,10,16,10,6,0,0,16
2516,銘傳大學,休閒遊憩管理學系(桃園校區),公民與社會(分科),1.25,國文(學測),1.00,歷史(分科),1.00,,,,,20,86.25,,,94.60,,,,,43,,,,,公民與社會→國文→歷史,5,14,19,14,5,1,0,20
2517,銘傳大學,餐旅管理學系(桃園校區),公民與社會(分科),1.00,歷史(分科),1.00,國文(學測),1.00,,,,,17,81.00,公民與社會(分科),22,,,,,,43,,,,,公民與社會→歷史→國文,6,11,17,7,10,0,0,17
2520,銘傳大學,犯罪防治學系(桃園校區),公民與社會(分科),2.00,國文(學測),2.00,英文(學測),1.00,,,,,66,154.00,公民與社會(分科),35,168.30,,,,,43,,,,,公民與社會→國文→英文,34,31,65,11,54,0,1,66
2521,銘傳大學,公共事務與行政管理學系(桃園校區),公民與社會(分科),2.00,國文(學測),1.00,歷史(分科),1.00,,,,,26,105.00,,,,,,,,43,,,,,公民與社會→國文→歷史,10,16,26,6,20,0,0,26
2522,銘傳大學,諮商臨床與工商心理學系(桃園校區),英文(學測),2.00,公民與社會(分科),2.00,社會(學測),2.00,數學B(學測),1.00,國文(學測),1.00,58,211.00,英文(學測),16,242.10,,,,,43,,,,,英文→公民與社會→社會→數學B→國文,33,24,57,16,41,0,1,58
2523,銘傳大學,應用統計與資料科學學系應用統計組(桃園校區),國文(學測),1.50,數學B(學測),1.50,公民與社會(分科),2.00,,,,,12,99.50,,,,,,,,43,,,,,國文→數學B→公民與社會,3,9,12,6,6,0,0,12
2524,銘傳大學,應用統計與資料科學學系大數據管理組(桃園校區),公民與社會(分科),2.00,國文(學測),1.50,社會(學測),1.50,,,,,16,118.50,,,,,,,,43,,,,,公民與社會→國文→社會,4,12,16,12,4,0,0,16
2525,銘傳大學,金融學系(桃園校區),公民與社會(分科),1.50,國文(學測),1.00,數學B(學測),1.00,,,,,18,96.00,,,97.30,,,,,43,,,,,公民與社會→國文→數學B,10,7,17,10,7,1,0,18
2526,銘傳大學,金融科技應用學士學位學程(桃園校區),國文(學測),2.00,社會(學測),2.00,公民與社會(分科),1.75,,,,,17,149.00,,,,,,,,43,,,,,國文→社會→公民與社會,6,11,17,12,5,0,0,17
2527,銘傳大學,資訊管理學系人工智慧應用組(桃園校區),英文(學測),1.75,國文(學測),2.00,公民與社會(分科),1.75,,,,,16,160.50,,,,,,,,43,,,,,英文→國文→公民與社會,8,8,16,13,3,0,0,16
2530,銘傳大學,資訊管理學系巨量資料管理組(桃園校區),數學B(學測),1.75,國文(學測),2.00,公民與社會(分科),1.75,,,,,14,146.50,,,,,,,,43,,,,,數學B→國文→公民與社會,8,6,14,12,2,0,0,14
2531,銘傳大學,資訊管理學系電子商務管理組(桃園校區),英文(學測),1.75,國文(學測),2.00,歷史(分科),1.75,,,,,11,148.25,,,,,,,,43,,,,,英文→國文→歷史,4,7,11,9,2,0,0,11
2532,銘傳大學,人工智慧應用學系(桃園校區),國文(學測),2.00,英文(學測),1.00,數學甲(分科),1.50,,,,,29,139.50,,,,,,,,43,,,,,國文→英文→數學甲,12,17,29,19,10,0,0,29
2533,銘傳大學,資訊工程學系(桃園校區),數學B(學測),1.00,物理(分科),1.00,國文(學測),1.00,,,,,26,94.00,數學B(學測),45,,,,,,43,,,,,數學B→物理→國文,18,8,26,24,2,0,0,26
2534,銘傳大學,電子工程學系半導體光電組(桃園校區),數學甲(分科),1.00,數學A(學測),1.00,國文(學測),1.00,,,,,12,95.00,數學甲(分科),29,,,,,,43,,,,,數學甲→數學A→國文,5,7,12,12,0,0,0,12
2535,銘傳大學,電子工程學系晶片設計與應用組(桃園校區),數學甲(分科),2.00,英文(學測),1.75,數學A(學測),1.00,,,,,13,130.00,,,,,,,,43,,,,,數學甲→英文→數學A,6,7,13,12,1,0,0,13
2536,銘傳大學,電腦與通訊工程學系AI機器人組(桃園校區),數學甲(分科),1.75,自然(學測),1.00,國文(學測),2.00,,,,,14,153.00,,,,,,,,43,,,,,數學甲→自然→國文,6,8,14,10,4,0,0,14
2537,銘傳大學,電腦與通訊工程學系AI應用組(桃園校區),數學甲(分科),1.75,國文(學測),2.00,英文(學測),2.00,,,,,15,170.25,,,,,,,,43,,,,,數學甲→國文→英文,10,5,15,12,3,0,0,15
2540,銘傳大學,半導體應用學士學位學程(桃園校區),數學甲(分科),1.00,數學A(學測),1.00,國文(學測),1.00,,,,,34,82.00,數學甲(分科),26,,,,,,43,,,,,數學甲→數學A→國文,5,29,34,27,7,0,0,34
2541,銘傳大學,醫療資訊與管理學系(桃園校區),英文(學測),1.00,公民與社會(分科),1.00,國文(學測),2.00,,,,,38,79.00,,,,,,,,43,,,,,英文→公民與社會→國文,13,25,38,14,24,0,0,38
2542,銘傳大學,生物科技學系生物醫學組(桃園校區),生物(分科),2.00,英文(學測),2.00,國文(學測),1.50,,,,,28,167.00,,,,,,,,43,,,,,生物→英文→國文,10,18,28,11,17,0,0,28
2543,銘傳大學,生物科技學系食品生技組(桃園校區),化學(分科),2.00,英文(學測),2.00,國文(學測),1.50,,,,,32,136.50,化學(分科),25,,,,,,43,,,,,化學→英文→國文,10,22,32,16,16,0,0,32
2544,銘傳大學,生物醫學工程學系專利醫材法規組(桃園校區),國文(學測),1.50,英文(學測),1.25,公民與社會(分科),1.00,,,,,12,94.00,,,,,,,,43,,,,,國文→英文→公民與社會,5,7,12,8,4,0,0,12
2545,銘傳大學,生物醫學工程學系人工智慧醫療組(桃園校區),國文(學測),1.50,數學B(學測),1.00,化學(分科),1.00,,,,,16,106.00,國文(學測),34,113.85,,,,,43,,,,,國文→數學B→化學,6,9,15,9,6,0,1,16
2546,世新大學,新聞學系,國文(學測),2.00,公民與社會(分科),2.00,歷史(分科),1.00,,,,,53,174.00,國文(學測),37,198.30,,,,,43,,,,,國文→公民與社會→歷史,44,8,52,18,34,0,1,53
2547,世新大學,廣播電視電影學系廣播組,英文(學測),2.00,國文(學測),2.00,歷史(分科),1.00,公民與社會(分科),1.00,,,39,201.00,,,212.70,,,,,43,,,,,英文→國文→歷史→公民與社會,31,7,38,10,28,1,0,39
2550,世新大學,廣播電視電影學系電視組,英文(學測),2.00,國文(學測),2.00,歷史(分科),1.00,公民與社會(分科),1.00,,,44,207.00,英文(學測),21,218.70,,,,,43,,,,,英文→國文→歷史→公民與社會,37,6,43,21,22,0,1,44
2551,世新大學,廣播電視電影學系電影組,英文(學測),2.00,國文(學測),2.00,歷史(分科),1.00,公民與社會(分科),1.00,,,36,214.00,,,240.90,,,,,43,,,,,英文→國文→歷史→公民與社會,34,1,35,13,22,0,1,36
2552,世新大學,圖文傳播學系,英文(學測),1.50,國文(學測),2.00,公民與社會(分科),1.00,,,,,46,139.00,英文(學測),24,145.40,,,,,43,,,,,英文→國文→公民與社會,37,8,45,11,34,0,1,46
2553,世新大學,公共關係暨廣告學系,國文(學測),2.00,歷史(分科),2.00,公民與社會(分科),1.75,,,,,64,208.50,,,,,,,,44,,,,,國文→歷史→公民與社會,54,10,64,7,57,0,0,64
2554,世新大學,口語傳播暨社群媒體學系,國文(學測),2.00,社會(學測),1.00,公民與社會(分科),1.00,,,,,41,138.00,國文(學測),40,167.65,,,,,44,,,,,國文→社會→公民與社會,37,3,40,11,29,1,0,41
2555,世新大學,資訊傳播學系,國文(學測),1.50,英文(學測),1.00,公民與社會(分科),2.00,,,,,36,135.00,國文(學測),38,,,,,,44,,,,,國文→英文→公民與社會,27,9,36,18,18,0,0,36
2556,世新大學,數位多媒體設計學系,國文(學測),2.00,英文(學測),1.50,公民與社會(分科),1.00,,,,,55,122.00,國文(學測),39,127.10,,,,,44,,,,,國文→英文→公民與社會,38,16,54,22,32,0,1,55
2557,世新大學,傳播管理學系,國文(學測),2.00,歷史(分科),2.00,公民與社會(分科),1.00,,,,,49,175.00,國文(學測),37,,,,,,44,,,,,國文→歷史→公民與社會,47,2,49,13,36,0,0,49
2560,世新大學,資訊管理學系資訊管理組,國文(學測),1.75,公民與社會(分科),2.00,英文(學測),1.50,,,,,46,127.00,,,,,,,,44,,,,,國文→公民與社會→英文,34,12,46,28,18,0,0,46
2561,世新大學,資訊管理學系資訊科技組,國文(學測),1.75,公民與社會(分科),2.00,英文(學測),1.50,,,,,37,123.75,,,125.10,,,,,44,,,,,國文→公民與社會→英文,30,6,36,26,10,0,1,37
2562,世新大學,資訊管理學系智慧網路應用組,國文(學測),1.75,公民與社會(分科),2.00,英文(學測),1.50,,,,,7,135.75,,,,,,,,44,,,,,國文→公民與社會→英文,7,0,7,5,2,0,0,7
2563,世新大學,財務金融學系,國文(學測),1.00,公民與社會(分科),1.00,數學B(學測),1.00,,,,,41,85.00,,,87.75,,,,,44,,,,,國文→公民與社會→數學B,27,13,40,19,21,1,0,41
2564,世新大學,行政管理學系,國文(學測),1.00,公民與社會(分科),1.00,社會(學測),1.00,,,,,35,93.00,,,97.90,,,,,44,,,,,國文→公民與社會→社會,26,8,34,17,17,0,1,35
2565,世新大學,觀光學系餐旅經營管理組,公民與社會(分科),2.00,國文(學測),1.00,英文(學測),1.00,,,,,26,93.00,公民與社會(分科),28,,,,,,44,,,,,公民與社會→國文→英文,23,3,26,11,15,0,0,26
2566,世新大學,觀光學系旅遊暨休閒事業管理組,公民與社會(分科),2.00,國文(學測),1.00,英文(學測),1.00,,,,,22,96.00,,,,,,,,44,,,,,公民與社會→國文→英文,20,2,22,10,12,0,0,22
2567,世新大學,觀光學系觀光規劃暨資源管理組,公民與社會(分科),2.00,國文(學測),1.00,英文(學測),1.00,,,,,5,101.00,公民與社會(分科),30,,,,,,44,,,,,公民與社會→國文→英文,5,0,5,2,3,0,0,5
2570,世新大學,經濟學系,國文(學測),2.00,公民與社會(分科),1.50,數學B(學測),1.00,,,,,26,123.50,國文(學測),37,,,,,,44,,,,,國文→公民與社會→數學B,23,3,26,17,9,0,0,26
2571,世新大學,企業管理學系,公民與社會(分科),2.00,國文(學測),1.00,英文(學測),1.00,,,,,33,115.00,公民與社會(分科),31,115.10,,,,,44,,,,,公民與社會→國文→英文,18,14,32,19,13,0,1,33
2572,世新大學,社會心理學系,國文(學測),2.00,英文(學測),2.00,公民與社會(分科),1.50,,,,,41,162.50,,,193.50,,,,,44,,,,,國文→英文→公民與社會,33,7,40,12,28,1,0,41
2573,世新大學,英語暨傳播應用學系,英文(學測),2.00,國文(學測),1.50,歷史(分科),1.00,,,,,37,105.00,,,,,,,,44,,,,,英文→國文→歷史,33,4,37,12,25,0,0,37
2574,世新大學,中國文學系,國文(學測),2.00,歷史(分科),1.00,公民與社會(分科),1.00,,,,,5,126.00,,,,,,,,44,,,,,國文→歷史→公民與社會,5,0,5,3,2,0,0,5
2575,世新大學,日本語文學系,國文(學測),2.00,歷史(分科),1.00,英文(學測),1.50,,,,,51,122.50,國文(學測),34,,,,,,44,,,,,國文→歷史→英文,32,19,51,24,27,0,0,51
2576,世新大學,法律學系,國文(學測),1.00,英文(學測),1.00,公民與社會(分科),1.00,歷史(分科),1.00,,,66,141.00,,,,,,,,44,,,,,國文→英文→公民與社會→歷史,34,32,66,39,27,0,0,66
2577,實踐大學,食品營養與保健生技學系(臺北校區),國文(學測),1.00,自然(學測),1.00,化學(分科),1.00,,,,,15,93.00,,,,,,,,44,,,,,國文→自然→化學,8,7,15,3,12,0,0,15
2600,實踐大學,食品營養與保健生技學系食品科技與法律組(臺北校區),國文(學測),1.00,化學(分科),1.00,英文(學測),1.00,,,,,8,82.00,國文(學測),37,,,,,,44,,,,,國文→化學→英文,8,0,8,3,5,0,0,8
2601,實踐大學,社會工作學系(臺北校區),公民與社會(分科),2.00,歷史(分科),2.00,國文(學測),1.00,,,,,30,142.00,,,,,,,,44,,,,,公民與社會→歷史→國文,17,13,30,12,18,0,0,30
2602,實踐大學,家庭研究與兒童發展學系(臺北校區),國文(學測),1.00,英文(學測),1.00,歷史(分科),1.00,,,,,16,81.00,,,,,,,,44,,,,,國文→英文→歷史,7,9,16,2,14,0,0,16
2603,實踐大學,餐飲管理學系(臺北校區),國文(學測),1.00,英文(學測),1.00,歷史(分科),1.00,,,,,6,86.00,,,,,,,,44,,,,,國文→英文→歷史,4,2,6,2,4,0,0,6
2604,實踐大學,音樂學系A組(臺北校區),音樂(術科),2.00,國文(學測),1.00,歷史(分科),1.00,,,,,2,119.92,,,,,,,,44,,,,,術科→國文→歷史,3,6,9,1,1,0,0,2
2605,實踐大學,音樂學系B組(臺北校區),國文(學測),1.00,英文(學測),1.00,歷史(分科),1.00,,,,,2,95.00,,,,,,,,44,,,,,國文→英文→歷史,2,0,2,0,2,0,0,2
2606,實踐大學,法律學系(臺北校區),國文(學測),1.50,公民與社會(分科),1.00,英文(學測),1.00,,,,,9,136.00,國文(學測),46,,,,,,44,,,,,國文→公民與社會→英文,8,1,9,6,3,0,0,9
2607,實踐大學,服裝設計學系(臺北校區),英文(學測),2.00,國文(學測),2.00,數學B(學測),1.00,歷史(分科),1.00,,,21,170.00,,,,,,,,44,,,,,英文→國文→數學B→歷史,20,1,21,5,16,0,0,21
2610,實踐大學,工業產品設計學系(臺北校區),英文(學測),2.00,數學B(學測),1.00,國文(學測),1.00,歷史(分科),1.00,,,14,133.00,英文(學測),20,,,,,,44,英文(底標),,,,英文→數學B→國文→歷史,12,2,14,4,10,0,0,14
2611,實踐大學,媒體傳達設計學系動畫影像設計組(臺北校區),英文(學測),2.00,國文(學測),1.00,歷史(分科),1.00,數學B(學測),1.00,,,12,163.00,英文(學測),43,,,,,,44,英文(底標),,,,英文→國文→歷史→數學B,12,0,12,5,7,0,0,12
2612,實踐大學,媒體傳達設計學系創意媒體設計組(臺北校區),英文(學測),2.00,國文(學測),1.00,歷史(分科),1.00,數學B(學測),1.00,,,14,139.00,,,,,,,,44,英文(底標),,,,英文→國文→歷史→數學B,12,2,14,3,11,0,0,14
2613,實踐大學,建築設計學系(臺北校區),英文(學測),2.00,國文(學測),2.00,歷史(分科),1.00,,,,,15,163.00,,,,,,,,45,,,,,英文→國文→歷史,14,1,15,8,7,0,0,15
2614,實踐大學,建築職人學士學位學程(臺北校區),國文(學測),2.00,社會(學測),1.00,地理(分科),1.00,,,,,12,109.00,,,,,,,,45,,,,,國文→社會→地理,11,1,12,5,7,0,0,12
2615,實踐大學,會計學系(臺北校區),國文(學測),1.50,公民與社會(分科),1.50,英文(學測),1.00,,,,,29,89.00,,,,,,,,45,,,,,國文→公民與社會→英文,17,12,29,16,13,0,0,29
2616,實踐大學,國際經營與貿易學系國際貿易組(臺北校區),國文(學測),1.00,地理(分科),1.00,英文(學測),1.00,,,,,8,77.00,,,,,,,,45,,,,,國文→地理→英文,8,0,8,4,4,0,0,8
2617,實踐大學,國際經營與貿易學系國際企業組(臺北校區),國文(學測),1.00,公民與社會(分科),1.00,英文(學測),1.00,,,,,10,72.00,,,,,,,,45,,,,,國文→公民與社會→英文,9,1,10,6,4,0,0,10
2620,實踐大學,企業管理學系(臺北校區),國文(學測),2.00,公民與社會(分科),1.50,歷史(分科),1.00,,,,,40,120.50,,,,,,,,45,,,,,國文→公民與社會→歷史,17,23,40,16,24,0,0,40
2621,實踐大學,財務金融學系(臺北校區),英文(學測),1.00,國文(學測),1.00,公民與社會(分科),1.00,,,,,25,75.00,,,90.45,,,,,45,,,,,英文→國文→公民與社會,5,19,24,10,14,1,0,25
2622,實踐大學,財務金融學系數位行銷設計組(臺北校區),英文(學測),1.00,國文(學測),1.00,歷史(分科),1.00,,,,,11,67.00,,,,,,,,45,,,,,英文→國文→歷史,4,7,11,7,4,0,0,11
2623,實踐大學,風險管理與保險學系-A組(臺北校區),國文(學測),1.00,社會(學測),1.00,公民與社會(分科),1.50,,,,,14,80.00,,,,,,,,45,,,,,國文→社會→公民與社會,3,11,14,11,3,0,0,14
2624,實踐大學,風險管理與保險學系-B組(臺北校區),國文(學測),2.00,數學B(學測),1.00,公民與社會(分科),1.50,,,,,12,93.00,,,,,,,,45,,,,,國文→數學B→公民與社會,3,9,12,8,4,0,0,12
2625,實踐大學,應用外語學系(臺北校區),英文(學測),2.00,國文(學測),1.50,歷史(分科),1.00,,,,,13,102.50,英文(學測),17,,,,,,45,,,,,英文→國文→歷史,7,6,13,5,8,0,0,13
2626,實踐大學,應用外語學系數位應用組(臺北校區),英文(學測),2.00,國文(學測),1.50,歷史(分科),1.00,,,,,5,90.50,,,,,,,,45,英文(後標),,,,英文→國文→歷史,6,6,12,2,3,0,0,5
2627,實踐大學,資訊科技與管理學系人工智慧與大數據組(臺北校區),國文(學測),1.00,自然(學測),1.00,物理(分科),1.00,,,,,11,89.00,,,,,,,,45,,,,,國文→自然→物理,8,3,11,4,7,0,0,11
2630,實踐大學,資訊科技與管理學系數位媒體設計組(臺北校區),國文(學測),1.00,社會(學測),1.00,公民與社會(分科),1.00,,,,,8,87.00,,,,,,,,45,,,,,國文→社會→公民與社會,8,0,8,2,6,0,0,8
2631,實踐大學,資訊科技與管理學系雲端運算與物聯網組(臺北校區),國文(學測),1.00,自然(學測),1.00,化學(分科),1.00,,,,,10,86.00,國文(學測),36,,,,,,45,,,,,國文→自然→化學,7,3,10,8,2,0,0,10
2632,實踐大學,國際企業英語學士學位學程(臺北校區),公民與社會(分科),2.00,國文(學測),1.50,英文(學測),1.00,,,,,12,85.00,,,,,,,,45,,,,,公民與社會→國文→英文,15,2,17,7,5,0,0,12
2633,實踐大學,智慧服務管理英語學士學位學程A組(臺北校區),英文(學測),1.00,公民與社會(分科),1.00,國文(學測),1.00,,,,,2,85.00,,,,,,,,45,,,,,英文→公民與社會→國文,6,4,10,0,2,0,0,2
2634,實踐大學,智慧服務管理英語學士學位學程B組(臺北校區),英文(學測),1.00,自然(學測),1.00,物理(分科),1.00,,,,,7,66.00,,,,,,,,45,,,,,英文→自然→物理,5,2,7,7,0,0,0,7
2635,實踐大學,東南亞智慧商務學士學位學程語言文化組(高雄校區),國文(學測),2.00,英文(學測),1.50,公民與社會(分科),1.00,,,,,1,143.50,,,,,,,,45,,,,,國文→英文→公民與社會,4,9,13,1,0,0,0,1
2636,實踐大學,東南亞智慧商務學士學位學程雲端商務組(高雄校區),國文(學測),2.00,自然(學測),1.50,物理(分科),1.00,,,,,1,118.50,,,,,,,,45,,,,,國文→自然→物理,4,8,12,1,0,0,0,1
2637,實踐大學,東南亞智慧商務學士學位學程行銷流通管理組(高雄校區),國文(學測),2.00,社會(學測),1.50,歷史(分科),1.00,,,,,1,127.00,,,,,,,,45,,,,,國文→社會→歷史,3,9,12,1,0,0,0,1
2640,實踐大學,會計暨稅務學系財務金融組(高雄校區),國文(學測),2.00,社會(學測),2.00,公民與社會(分科),1.00,,,,,6,113.00,,,,,,,,45,,,,,國文→社會→公民與社會,28,41,69,2,4,0,0,6
2641,實踐大學,國際企業管理學系(高雄校區),國文(學測),1.50,歷史(分科),1.00,數學B(學測),1.00,,,,,2,82.50,,,,,,,,45,,,,,國文→歷史→數學B,12,9,21,1,1,0,0,2
2642,實踐大學,國際企業管理學系韓國文創產業經營組(高雄校區),國文(學測),1.50,歷史(分科),1.00,社會(學測),1.00,,,,,1,78.00,,,,,,,,45,,,,,國文→歷史→社會,12,9,21,0,1,0,0,1
2643,實踐大學,金融管理學系金融實務組(高雄校區),公民與社會(分科),1.00,國文(學測),1.00,英文(學測),1.00,,,,,6,55.00,,,,,,,,45,,,,,公民與社會→國文→英文,28,6,34,4,2,0,0,6
2644,實踐大學,資訊管理學系人工智慧與雲端應用組(高雄校區),自然(學測),1.75,物理(分科),1.50,國文(學測),1.00,,,,,33,87.25,,,,,,,,45,,,,,自然→物理→國文,14,19,33,24,9,0,0,33
2645,實踐大學,資訊管理學系物聯網應用組(高雄校區),自然(學測),1.75,化學(分科),1.50,國文(學測),1.00,,,,,20,72.75,,,,,,,,45,,,,,自然→化學→國文,14,18,32,17,3,0,0,20
2646,實踐大學,資訊科技與通訊學系智慧機器人與無人機組(高雄校區),國文(學測),1.25,英文(學測),1.00,物理(分科),1.00,,,,,31,70.25,,,,,,,,45,,,,,國文→英文→物理,14,17,31,22,9,0,0,31
2647,實踐大學,資訊科技與通訊學系人工智慧物聯網組(高雄校區),國文(學測),1.25,英文(學測),1.00,化學(分科),1.00,,,,,30,66.25,,,,,,,,46,,,,,國文→英文→化學,14,16,30,28,2,0,0,30
2650,實踐大學,視覺特效學士學位學程遊戲視覺特效組(高雄校區),國文(學測),1.25,物理(分科),1.25,英文(學測),1.00,,,,,17,53.50,,,,,,,,46,,,,,國文→物理→英文,6,12,18,12,5,0,0,17
2651,實踐大學,視覺特效學士學位學程影視視覺特效組(高雄校區),國文(學測),1.25,化學(分科),1.25,英文(學測),1.00,,,,,3,82.50,,,,,,,,46,,,,,國文→化學→英文,5,13,18,2,1,0,0,3
2652,實踐大學,觀光管理學系餐旅暨會展管理組(高雄校區),公民與社會(分科),1.00,國文(學測),1.00,自然(學測),1.25,,,,,0,,,,,,,,,46,,,,,公民與社會→國文→自然,6,10,16,0,0,0,0,0
2653,實踐大學,觀光管理學系自然旅遊與運動觀光組(高雄校區),物理(分科),1.25,國文(學測),1.00,社會(學測),1.00,,,,,6,58.00,,,,,,,,46,,,,,物理→國文→社會,6,10,16,1,5,0,0,6
2654,實踐大學,休閒產業管理學系文創規劃組(高雄校區),國文(學測),2.00,自然(學測),1.00,物理(分科),1.50,,,,,4,96.00,,,,,,,,46,,,,,國文→自然→物理,4,3,7,1,3,0,0,4
2655,實踐大學,休閒產業管理學系遊憩運動企劃組(高雄校區),國文(學測),2.00,數學B(學測),1.50,公民與社會(分科),1.00,,,,,1,119.00,,,,,,,,46,,,,,國文→數學B→公民與社會,4,4,8,1,0,0,0,1
2656,實踐大學,休閒產業管理學系精品咖啡烘培經營組(高雄校區),國文(學測),2.00,英文(學測),1.50,歷史(分科),1.00,,,,,2,82.50,,,,,,,,46,,,,,國文→英文→歷史,3,5,8,2,0,0,0,2
2657,實踐大學,應用日文學系(高雄校區),國文(學測),2.00,英文(學測),2.00,公民與社會(分科),1.00,,,,,12,86.00,,,,,,,,46,,,,,國文→英文→公民與社會,22,25,47,6,6,0,0,12
2660,長榮大學,企業管理學系,英文(學測),1.00,歷史(分科),2.00,國文(學測),2.00,,,,,8,102.00,,,,,,,,46,,,,,英文→歷史→國文,6,16,22,6,2,0,0,8
2661,長榮大學,國際企業學系,英文(學測),1.00,國文(學測),2.00,地理(分科),2.00,,,,,3,92.00,,,,,,,,46,,,,,英文→國文→地理,7,15,22,1,2,0,0,3
2662,長榮大學,會計資訊學系稅務應用組,公民與社會(分科),2.00,國文(學測),1.50,英文(學測),1.00,,,,,4,89.00,,,,,,,,46,,,,,公民與社會→國文→英文,3,5,8,2,2,0,0,4
2663,長榮大學,會計資訊學系產業實習組,社會(學測),2.00,國文(學測),1.50,公民與社會(分科),1.50,,,,,0,,,,,,,,,46,,,,,社會→國文→公民與社會,1,7,8,0,0,0,0,0
2664,長榮大學,航運管理學系,英文(學測),2.00,地理(分科),2.00,國文(學測),2.00,歷史(分科),1.00,,,18,134.00,,,,,,,,46,,,,,英文→地理→國文→歷史,21,30,51,12,6,0,0,18
2665,長榮大學,土地管理與開發學系,公民與社會(分科),1.00,國文(學測),2.00,地理(分科),2.00,,,,,2,128.00,,,,,,,,46,,,,,公民與社會→國文→地理,5,17,22,1,1,0,0,2
2666,長榮大學,財務金融學系,國文(學測),2.00,公民與社會(分科),2.00,英文(學測),1.00,,,,,18,105.00,,,,,,,,46,,,,,國文→公民與社會→英文,7,11,18,13,5,0,0,18
2667,長榮大學,觀光與餐飲管理學系,公民與社會(分科),2.00,國文(學測),2.00,英文(學測),1.00,,,,,3,103.00,,,,,,,,46,,,,,公民與社會→國文→英文,5,6,11,2,1,0,0,3
2670,長榮大學,醫務管理學系,英文(學測),1.50,國文(學測),2.00,公民與社會(分科),2.00,,,,,5,121.50,,,,,,,,46,,,,,英文→國文→公民與社會,6,21,27,3,2,0,0,5
2671,長榮大學,生物科技學系,生物(分科),2.00,國文(學測),2.00,英文(學測),1.00,,,,,23,124.00,,,,,,,,46,,,,,生物→國文→英文,7,16,23,13,10,0,0,23
2672,長榮大學,健康心理學系(自然組),英文(學測),2.00,生物(分科),2.00,國文(學測),1.50,,,,,10,149.00,,,,,,,,46,,,,,英文→生物→國文,3,7,10,3,7,0,0,10
2673,長榮大學,健康心理學系(社會組),英文(學測),2.00,公民與社會(分科),2.00,國文(學測),1.50,,,,,12,106.50,,,,,,,,46,,,,,英文→公民與社會→國文,3,9,12,3,9,0,0,12
2674,長榮大學,保健營養學系,生物(分科),2.00,化學(分科),1.50,國文(學測),2.00,,,,,27,123.00,,,,,,,,46,,,,,生物→化學→國文,6,21,27,13,14,0,0,27
2675,長榮大學,護理學系,英文(學測),2.00,生物(分科),2.00,國文(學測),1.50,,,,,34,89.00,,,,,,,,46,,,,,英文→生物→國文,8,30,38,14,20,0,0,34
2676,長榮大學,醫藥科學產業學系,國文(學測),2.00,英文(學測),1.00,生物(分科),1.00,,,,,28,92.00,,,,,,,,46,,,,,國文→英文→生物,7,21,28,14,14,0,0,28
2677,長榮大學,職業安全與衛生學系(自然組),國文(學測),2.00,英文(學測),1.50,化學(分科),2.00,,,,,16,99.50,,,,,,,,46,,,,,國文→英文→化學,3,13,16,14,2,0,0,16
2700,長榮大學,職業安全與衛生學系(社會組),國文(學測),2.00,英文(學測),1.50,歷史(分科),2.00,,,,,2,138.50,,,,,,,,46,,,,,國文→英文→歷史,5,11,16,2,0,0,0,2
2701,長榮大學,食品安全衛生與檢驗學士學位學程(食品安全管理組),國文(學測),2.00,英文(學測),1.00,歷史(分科),2.00,,,,,1,126.00,,,,,,,,46,,,,,國文→英文→歷史,2,4,6,1,0,0,0,1
2702,長榮大學,食品安全衛生與檢驗學士學位學程(環境衛生組),國文(學測),2.00,英文(學測),1.00,化學(分科),2.00,,,,,6,114.00,,,,,,,,46,,,,,國文→英文→化學,2,4,6,6,0,0,0,6
2703,長榮大學,食品安全衛生與檢驗學士學位學程(食品檢驗組),國文(學測),2.00,英文(學測),1.00,生物(分科),2.00,,,,,10,101.00,,,,,,,,46,,,,,國文→英文→生物,2,8,10,2,8,0,0,10
2704,長榮大學,消防安全學士學位學程(自然組),國文(學測),2.00,自然(學測),2.00,化學(分科),1.50,,,,,6,125.00,,,,,,,,47,,,,,國文→自然→化學,2,4,6,4,2,0,0,6
2705,長榮大學,消防安全學士學位學程(社會組),國文(學測),2.00,社會(學測),2.00,公民與社會(分科),1.50,,,,,1,160.00,,,,,,,,47,,,,,國文→社會→公民與社會,1,3,4,1,0,0,0,1
2706,長榮大學,綠能與環境資源學系(自然組),國文(學測),1.00,物理(分科),2.00,化學(分科),2.00,,,,,14,101.00,,,,,,,,47,,,,,國文→物理→化學,4,10,14,12,2,0,0,14
2707,長榮大學,綠能與環境資源學系(社會組),國文(學測),1.00,地理(分科),2.00,公民與社會(分科),2.00,,,,,2,106.00,,,,,,,,47,,,,,國文→地理→公民與社會,4,9,13,2,0,0,0,2
2710,長榮大學,大眾傳播學系,國文(學測),2.00,歷史(分科),2.00,英文(學測),1.00,,,,,4,113.00,,,,,,,,47,,,,,國文→歷史→英文,6,5,11,0,4,0,0,4
2711,長榮大學,翻譯學系,英文(學測),2.00,國文(學測),2.00,公民與社會(分科),1.00,,,,,2,93.00,,,,,,,,47,,,,,英文→國文→公民與社會,6,14,20,0,2,0,0,2
2712,長榮大學,社會工作學系,國文(學測),2.00,公民與社會(分科),2.00,社會(學測),1.50,,,,,8,123.00,,,,,,,,47,,,,,國文→公民與社會→社會,9,18,27,2,6,0,0,8
2713,長榮大學,應用日語學系,國文(學測),2.00,英文(學測),2.00,歷史(分科),1.00,,,,,11,104.00,,,,,,,,47,,,,,國文→英文→歷史,6,21,27,5,6,0,0,11
2714,長榮大學,應用哲學系,國文(學測),2.00,公民與社會(分科),1.00,歷史(分科),1.00,,,,,1,143.00,,,,,,,,47,,,,,國文→公民與社會→歷史,6,14,20,0,1,0,0,1
2715,長榮大學,運動競技學系,國文(學測),2.00,歷史(分科),2.00,英文(學測),1.00,,,,,5,113.00,,,,,,,,47,,,,,國文→歷史→英文,2,6,8,2,3,0,0,5
2716,長榮大學,數位媒體設計學系數位媒體設計組,國文(學測),2.00,英文(學測),2.00,歷史(分科),1.00,,,,,3,98.00,,,,,,,,47,,,,,國文→英文→歷史,4,12,16,2,1,0,0,3
2717,長榮大學,數位媒體設計學系互動設計組,國文(學測),2.00,英文(學測),2.00,公民與社會(分科),1.00,,,,,2,87.00,,,,,,,,47,,,,,國文→英文→公民與社會,2,8,10,0,2,0,0,2
2720,長榮大學,資訊管理學系,國文(學測),2.00,數學B(學測),1.00,物理(分科),1.00,,,,,16,105.00,,,,,,,,47,,,,,國文→數學B→物理,5,11,16,10,6,0,0,16
2721,長榮大學,資訊工程學系,數學B(學測),1.00,國文(學測),2.00,物理(分科),2.00,,,,,30,136.00,,,,,,,,47,,,,,數學B→國文→物理,12,18,30,25,5,0,0,30
2722,國立臺灣藝術大學,美術學系,美術(術科),2.00,英文(學測),2.00,國文(學測),2.00,歷史(分科),1.00,地理(分科),1.00,14,356.20,,,,,,,,47,,,,,術科→英文→國文→歷史→地理,13,1,14,1,13,0,0,14
2723,國立臺灣藝術大學,書畫藝術學系,美術(術科),2.00,國文(學測),1.00,英文(學測),1.00,歷史(分科),1.00,,,11,246.10,,,,,,,,47,國文(後標),英文(底標),,,術科→國文→英文→歷史,9,2,11,4,7,0,0,11
2724,國立臺灣藝術大學,雕塑學系(男),美術(術科),2.00,國文(學測),2.00,英文(學測),1.50,歷史(分科),1.00,,,8,280.80,,,,,,,,47,,,,,術科→國文→英文→歷史,7,1,8,8,0,0,0,8
2725,國立臺灣藝術大學,雕塑學系(女),美術(術科),2.00,國文(學測),2.00,英文(學測),1.50,歷史(分科),1.00,,,8,289.60,,,,,,,,47,,,,,術科→國文→英文→歷史,6,2,8,0,8,0,0,8
2726,國立臺灣藝術大學,古蹟藝術修護學系,國文(學測),2.00,美術(術科),1.75,歷史(分科),1.50,英文(學測),1.00,,,17,274.02,,,,,,,,47,,,,,國文→術科→歷史→英文,12,5,17,10,7,0,0,17
2727,國立臺灣藝術大學,亞太建築空間與文物保存學士學位學程,國文(學測),2.00,英文(學測),1.50,歷史(分科),1.00,術科,1.00,,,12,201.00,,,,,,,,47,,,,,國文→英文→歷史→術科,12,0,12,3,9,0,0,12
2730,國立臺灣藝術大學,視覺傳達設計學系,美術(術科),2.00,國文(學測),2.00,英文(學測),2.00,歷史(分科),1.00,,,14,311.00,,,,,,,,47,國文(均標),英文(均標),,,術科→國文→英文→歷史,12,2,14,4,10,0,0,14
2731,國立臺灣藝術大學,工藝設計學系,國文(學測),2.00,英文(學測),2.00,歷史(分科),1.00,,,,,18,216.00,國文(學測),48,,,,,,47,,,,,國文→英文→歷史,12,6,18,5,13,0,0,18
2732,國立臺灣藝術大學,多媒體動畫藝術學系,美術(術科),2.00,國文(學測),2.00,英文(學測),2.00,數學B(學測),1.00,歷史(分科),1.00,15,380.00,,,,,,,,47,,,,,術科→國文→英文→數學B→歷史,12,3,15,3,12,0,0,15
2733,國立臺灣藝術大學,圖文傳播藝術學系,國文(學測),1.00,英文(學測),1.00,公民與社會(分科),1.00,,,,,26,128.00,國文(學測),47,,,,,,47,國文(均標),英文(均標),,,國文→英文→公民與社會,14,12,26,6,20,0,0,26
2734,國立臺灣藝術大學,廣播電視學系,國文(學測),1.50,英文(學測),1.50,歷史(分科),1.00,公民與社會(分科),1.00,,,17,232.50,,,,,,,,47,,,,B級,國文→英文→歷史→公民與社會,15,2,17,3,14,0,0,17
2735,國立臺灣藝術大學,電影學系,國文(學測),2.00,英文(學測),2.00,歷史(分科),1.00,公民與社會(分科),1.00,,,25,269.00,國文(學測),53,,,,,,47,國文(均標),英文(均標),,,國文→英文→歷史→公民與社會,17,8,25,8,17,0,0,25
2736,國立臺灣藝術大學,戲劇學系(男),國文(學測),2.00,英文(學測),2.00,歷史(分科),1.00,地理(分科),1.00,,,8,228.00,,,,,,,,47,,,,B級,國文→英文→歷史→地理,7,1,8,8,0,0,0,8
2737,國立臺灣藝術大學,戲劇學系(女),國文(學測),2.00,英文(學測),2.00,歷史(分科),1.00,地理(分科),1.00,,,8,259.00,,,,,,,,47,,,,B級,國文→英文→歷史→地理,6,2,8,0,8,0,0,8
2740,國立臺灣藝術大學,音樂學系,音樂(術科),2.00,英文(學測),1.00,國文(學測),1.00,公民與社會(分科),1.00,,,23,203.26,,,,,,,,47,,,,C級,術科→英文→國文→公民與社會,5,34,39,11,12,0,0,23
2741,國立暨南國際大學,中國語文學系,國文(學測),2.00,歷史(分科),1.75,社會(學測),1.00,,,,,19,166.75,國文(學測),40,,,,,,47,,,,,國文→歷史→社會,8,11,19,4,15,0,0,19
2742,國立暨南國際大學,外國語文學系,英文(學測),2.00,國文(學測),1.50,歷史(分科),1.00,,,,,24,112.00,,,,,,,,47,,,,,英文→國文→歷史,14,10,24,10,14,0,0,24
2743,國立暨南國際大學,社會政策與社會工作學系,英文(學測),1.00,國文(學測),1.25,社會(學測),1.50,公民與社會(分科),1.00,,,22,162.50,,,,,,,,47,,,,,英文→國文→社會→公民與社會,17,5,22,6,16,0,0,22
2744,國立暨南國際大學,公共行政與政策學系,公民與社會(分科),1.50,國文(學測),1.50,歷史(分科),1.00,數學B(學測),1.00,,,19,190.50,,,223.75,,,,,47,,,,,公民與社會→國文→歷史→數學B,8,10,18,12,6,1,0,19
2745,國立暨南國際大學,歷史學系,歷史(分科),2.00,國文(學測),1.00,英文(學測),1.25,,,,,22,121.25,,,,,,,,48,,,,,歷史→國文→英文,14,8,22,17,5,0,0,22
2746,國立暨南國際大學,東南亞學系,英文(學測),1.50,歷史(分科),1.25,公民與社會(分科),1.00,地理(分科),1.00,,,21,95.75,,,,,,,,48,,,,,英文→歷史→公民與社會→地理,13,14,27,12,9,0,0,21
2747,國立暨南國際大學,國際企業學系,英文(學測),2.00,國文(學測),1.50,公民與社會(分科),1.00,,,,,23,124.50,英文(學測),14,,,,,,48,數學A(後標) 或 數學B(均標),,,,英文→國文→公民與社會,13,10,23,15,8,0,0,23
2750,國立暨南國際大學,經濟學系,英文(學測),1.50,公民與社會(分科),1.00,國文(學測),1.00,,,,,26,104.00,,,,,,,,48,數學A(後標) 或 數學B(均標),,,,英文→公民與社會→國文,12,14,26,15,11,0,0,26
2751,國立暨南國際大學,資訊管理學系,英文(學測),2.00,國文(學測),1.75,公民與社會(分科),1.50,,,,,25,171.00,,,,,,,,48,數學A(後標) 或 數學B(均標),,,,英文→國文→公民與社會,20,5,25,14,11,0,0,25
2752,國立暨南國際大學,財務金融學系,英文(學測),2.00,國文(學測),1.00,公民與社會(分科),1.00,,,,,19,130.00,英文(學測),31,,,,,,48,數學A(均標) 或 數學B(均標),,,,英文→國文→公民與社會,17,2,19,11,8,0,0,19
2753,國立暨南國際大學,觀光休閒與餐旅管理學系觀光休閒組,國文(學測),2.00,英文(學測),2.00,地理(分科),1.50,,,,,10,151.50,,,,,,,,48,,,,,國文→英文→地理,4,6,10,4,6,0,0,10
2754,國立暨南國際大學,觀光休閒與餐旅管理學系餐旅管理組,國文(學測),2.00,英文(學測),2.00,歷史(分科),1.50,,,,,15,134.50,,,,,,,,48,,,,,國文→英文→歷史,4,11,15,5,10,0,0,15
2755,國立暨南國際大學,管理學院學士班,英文(學測),2.00,國文(學測),1.50,公民與社會(分科),1.00,,,,,16,135.50,,,,,,,,48,數學A(後標) 或 數學B(後標),,,,英文→國文→公民與社會,7,9,16,10,6,0,0,16
2756,國立暨南國際大學,國際文教與比較教育學系,英文(學測),2.00,國文(學測),1.00,公民與社會(分科),1.00,,,,,12,103.00,,,,,,,,48,,,,,英文→國文→公民與社會,7,5,12,1,11,0,0,12
2757,國立暨南國際大學,教育政策與行政學系,國文(學測),2.00,英文(學測),1.00,公民與社會(分科),1.00,,,,,8,149.00,,,,,,,,48,,,,,國文→英文→公民與社會,7,1,8,2,6,0,0,8
2760,國立暨南國際大學,諮商心理與人力資源發展學系諮商心理組,英文(學測),1.50,數學B(學測),1.50,國文(學測),1.50,公民與社會(分科),1.00,,,7,197.50,,,204.05,,,,,48,,,,,英文→數學B→國文→公民與社會,5,1,6,0,6,0,1,7
2761,國立暨南國際大學,諮商心理與人力資源發展學系終身學習與人力資源發展組,英文(學測),1.50,國文(學測),1.50,公民與社會(分科),1.00,,,,,5,153.00,,,,,,,,48,,,,,英文→國文→公民與社會,4,1,5,2,3,0,0,5
2762,國立暨南國際大學,教育學院學士班教育科技與數位學習組,英文(學測),1.00,國文(學測),2.00,公民與社會(分科),1.50,,,,,3,142.50,英文(學測),22,,,,,,48,國文(後標),英文(後標),,,英文→國文→公民與社會,1,2,3,2,1,0,0,3
2763,國立暨南國際大學,教育學院學士班教育心理與輔導組,英文(學測),1.00,國文(學測),2.00,公民與社會(分科),1.50,,,,,4,144.00,,,,,,,,48,國文(後標),英文(均標),,,英文→國文→公民與社會,2,3,5,1,3,0,0,4
2764,國立暨南國際大學,資訊工程學系,數學甲(分科),1.50,數學A(學測),1.00,英文(學測),1.00,國文(學測),1.00,,,25,167.50,數學甲(分科),33,,,,,,48,,,,,數學甲→數學A→英文→國文,20,5,25,18,7,0,0,25
2765,國立暨南國際大學,土木工程學系,數學甲(分科),2.00,自然(學測),2.00,國文(學測),1.50,英文(學測),1.00,,,24,217.50,,,,,,,,48,,,,,數學甲→自然→國文→英文,14,10,24,18,6,0,0,24
2766,國立暨南國際大學,電機工程學系甲組,物理(分科),1.00,化學(分科),1.00,英文(學測),1.00,數學A(學測),1.00,數學甲(分科),1.00,9,191.00,,,,,,,,48,,,,,物理→化學→英文→數學A→數學甲,6,3,9,8,1,0,0,9
2767,國立暨南國際大學,電機工程學系乙組,物理(分科),2.00,數學A(學測),1.00,化學(分科),1.00,英文(學測),1.00,國文(學測),1.00,12,235.00,,,,,,,,48,,,,,物理→數學A→化學→英文→國文,8,4,12,11,1,0,0,12
2770,國立暨南國際大學,電機工程學系丙組,英文(學測),2.00,物理(分科),1.00,化學(分科),1.00,國文(學測),1.00,,,12,207.00,英文(學測),53,,,,,,48,,,,,英文→物理→化學→國文,8,4,12,10,2,0,0,12
2771,國立暨南國際大學,應用化學系,英文(學測),2.00,化學(分科),2.00,數學A(學測),1.00,數學甲(分科),1.00,,,27,188.00,英文(學測),35,,,,,,48,,,,,英文→化學→數學A→數學甲,21,6,27,15,12,0,0,27
2772,國立暨南國際大學,應用材料及光電工程學系,數學A(學測),1.00,物理(分科),2.00,英文(學測),2.00,數學甲(分科),1.00,,,28,186.00,數學A(學測),36,,,,,,48,,,,,數學A→物理→英文→數學甲,18,10,28,20,8,0,0,28
2773,國立暨南國際大學,科技學院學士班,數學A(學測),2.00,物理(分科),2.00,自然(學測),1.75,英文(學測),1.00,,,11,230.50,數學A(學測),32,,,,,,48,,,,,數學A→物理→自然→英文,8,3,11,9,2,0,0,11
2774,國立暨南國際大學,護理學系,生物(分科),2.00,英文(學測),1.50,國文(學測),1.25,,,,,19,153.75,,,,,,,,48,,,,,生物→英文→國文,11,8,19,5,14,0,0,19
2775,南華大學,財務金融學系,國文(學測),2.00,數學B(學測),1.75,歷史(分科),2.00,,,,,7,113.00,,,,,,,,48,,,,,國文→數學B→歷史,2,5,7,6,1,0,0,7
2776,南華大學,企業管理學系,國文(學測),2.00,地理(分科),2.00,英文(學測),1.75,,,,,5,116.50,,,,,,,,48,,,,,國文→地理→英文,1,10,11,2,3,0,0,5
2777,南華大學,文化創意事業管理學系,歷史(分科),1.75,國文(學測),2.00,英文(學測),1.75,,,,,1,138.25,,,,,,,,48,,,,,歷史→國文→英文,1,14,15,0,1,0,0,1
3000,南華大學,旅遊管理學系,國文(學測),2.00,地理(分科),2.00,歷史(分科),1.75,,,,,4,131.75,,,,,,,,48,,,,,國文→地理→歷史,1,9,10,2,2,0,0,4
3001,南華大學,管理學院國際企業學士學位學程,英文(學測),2.00,國文(學測),2.00,公民與社會(分科),1.75,,,,,2,105.25,,,,,,,,48,,,,,英文→國文→公民與社會,1,7,8,1,1,0,0,2
3002,南華大學,生死學系社會工作組,國文(學測),2.00,社會(學測),2.00,公民與社會(分科),1.75,,,,,2,149.25,,,,,,,,48,,,,,國文→社會→公民與社會,1,8,9,0,2,0,0,2
3003,南華大學,生死學系殯葬服務組,國文(學測),2.00,社會(學測),2.00,公民與社會(分科),1.75,,,,,4,204.25,,,,,,,,48,,,,,國文→社會→公民與社會,2,2,4,1,3,0,0,4
3004,南華大學,生死學系諮商組,國文(學測),2.00,社會(學測),2.00,公民與社會(分科),1.75,,,,,0,,,,,,,,,48,,,,,國文→社會→公民與社會,2,5,7,0,0,0,0,0
3005,南華大學,幼兒教育學系,國文(學測),2.00,社會(學測),2.00,歷史(分科),1.00,,,,,2,117.00,,,,,,,,49,,,,,國文→社會→歷史,2,14,16,1,1,0,0,2
3006,南華大學,文學系,國文(學測),2.00,歷史(分科),2.00,地理(分科),1.50,,,,,1,124.00,,,,,,,,49,,,,,國文→歷史→地理,1,7,8,0,1,0,0,1
3007,南華大學,外國語文學系,英文(學測),2.00,國文(學測),2.00,歷史(分科),1.75,,,,,1,144.50,,,,,,,,49,,,,,英文→國文→歷史,1,9,10,1,0,0,0,1
3010,南華大學,應用社會學系社會學組,國文(學測),2.00,歷史(分科),1.75,英文(學測),2.00,,,,,1,128.25,,,,,,,,49,,,,,國文→歷史→英文,1,7,8,0,1,0,0,1
3011,南華大學,應用社會學系社會工作組,國文(學測),2.00,歷史(分科),1.75,英文(學測),2.00,,,,,2,105.50,,,,,,,,49,,,,,國文→歷史→英文,2,8,10,0,2,0,0,2
3012,南華大學,傳播學系,國文(學測),2.00,社會(學測),2.00,歷史(分科),1.75,,,,,6,129.75,,,,,,,,49,,,,,國文→社會→歷史,2,4,6,0,6,0,0,6
3013,南華大學,國際事務與企業學系,國文(學測),2.00,公民與社會(分科),2.00,英文(學測),1.75,,,,,0,,,,,,,,,49,,,,,國文→公民與社會→英文,1,6,7,0,0,0,0,0
3014,南華大學,建築學系社會組,國文(學測),2.00,英文(學測),2.00,地理(分科),1.75,,,,,2,124.25,,,,,,,,49,,,,,國文→英文→地理,1,1,2,1,1,0,0,2
3015,南華大學,建築學系自然組,國文(學測),2.00,英文(學測),2.00,物理(分科),1.75,,,,,3,153.50,,,,,,,,49,,,,,國文→英文→物理,1,2,3,2,1,0,0,3
3016,南華大學,資訊工程學系,自然(學測),2.00,國文(學測),1.50,物理(分科),1.00,,,,,18,122.00,自然(學測),28,,,,,,49,數學A(底標) 或 數學B(底標),,,,自然→國文→物理,2,16,18,14,4,0,0,18
3017,南華大學,自然生物科技學系,生物(分科),2.00,自然(學測),1.75,國文(學測),2.00,,,,,12,161.50,,,,,,,,49,,,,,生物→自然→國文,1,11,12,7,5,0,0,12
3020,南華大學,資訊管理學系,國文(學測),2.00,英文(學測),1.50,公民與社會(分科),2.00,,,,,5,106.50,,,,,,,,49,,,,,國文→英文→公民與社會,1,13,14,5,0,0,0,5
3021,國立臺灣體育運動大學,體育學系,體育(術科),2.00,生物(分科),2.00,數學B(學測),1.00,英文(學測),2.00,化學(分科),1.00,22,231.78,,,271.52,,,,,49,,,,,術科→生物→數學B→英文→化學,5,16,21,20,1,1,0,22
3022,國立臺灣體育運動大學,休閒運動學系,體育(術科),2.00,國文(學測),2.00,英文(學測),2.00,地理(分科),1.00,歷史(分科),1.00,5,320.42,,,,,,,,49,,,,,術科→國文→英文→地理→歷史,5,0,5,5,0,0,0,5
3023,國立臺灣體育運動大學,運動事業管理學系,國文(學測),2.00,英文(學測),2.00,歷史(分科),1.00,地理(分科),1.00,,,26,188.00,,,192.15,,,,,49,,,,,國文→英文→歷史→地理,13,12,25,18,7,1,0,26
3024,國立臺灣體育運動大學,運動健康科學學系,生物(分科),2.00,化學(分科),1.50,英文(學測),2.00,,,,,18,155.50,,,,,,,,49,,,,,生物→化學→英文,8,10,18,8,10,0,0,18
3025,國立臺灣體育運動大學,運動資訊與傳播學系,英文(學測),2.00,國文(學測),2.00,歷史(分科),1.75,地理(分科),1.00,,,4,229.50,,,,,,,,49,,,,,英文→國文→歷史→地理,4,0,4,4,0,0,0,4
3026,國立臺南藝術大學,藝術史學系,歷史(分科),1.50,地理(分科),1.50,國文(學測),1.25,英文(學測),1.00,,,19,156.75,,,,,,,,49,,,,,歷史→地理→國文→英文,12,7,19,2,17,0,0,19
3027,國立臺南藝術大學,應用音樂學系,英文(學測),1.50,國文(學測),1.50,歷史(分科),1.00,地理(分科),1.00,,,10,171.00,,,,,,,,49,,,,,英文→國文→歷史→地理,10,0,10,7,3,0,0,10
3030,國立臺南藝術大學,材質創作與設計系,英文(學測),1.50,美術(術科),2.00,國文(學測),1.50,歷史(分科),1.00,,,16,173.40,,,,,,,,49,,,,,英文→術科→國文→歷史,15,1,16,4,12,0,0,16
3031,玄奘大學,社會工作學系,國文(學測),2.00,歷史(分科),2.00,地理(分科),1.75,,,,,0,,,,,,,,,49,,,,,國文→歷史→地理,3,18,21,0,0,0,0,0
3032,玄奘大學,應用心理學系,國文(學測),2.00,歷史(分科),2.00,地理(分科),1.75,,,,,4,169.50,,,,,,,,49,,,,,國文→歷史→地理,3,23,26,2,2,0,0,4
3033,玄奘大學,法律學系,國文(學測),2.00,歷史(分科),2.00,地理(分科),1.75,,,,,0,,,,,,,,,49,,,,,國文→歷史→地理,3,20,23,0,0,0,0,0
3034,玄奘大學,大眾傳播學系,國文(學測),2.00,歷史(分科),2.00,公民與社會(分科),1.75,,,,,0,,,,,,,,,49,,,,,國文→歷史→公民與社會,3,17,20,0,0,0,0,0
3035,玄奘大學,視覺傳達設計學系,國文(學測),2.00,地理(分科),1.75,歷史(分科),1.50,,,,,1,139.00,,,,,,,,49,,,,,國文→地理→歷史,2,10,12,0,1,0,0,1
3036,玄奘大學,時尚設計學系,國文(學測),2.00,歷史(分科),2.00,地理(分科),1.75,,,,,1,129.00,,,,,,,,49,,,,,國文→歷史→地理,2,13,15,1,0,0,0,1
3037,玄奘大學,應用日語學系,國文(學測),2.00,歷史(分科),2.00,地理(分科),1.75,,,,,1,260.00,,,,,,,,49,,,,,國文→歷史→地理,2,23,25,0,1,0,0,1
3040,玄奘大學,餐旅管理學系,國文(學測),2.00,社會(學測),2.00,公民與社會(分科),1.75,,,,,0,,,,,,,,,49,,,,,國文→社會→公民與社會,2,24,26,0,0,0,0,0
3041,真理大學,工業管理與經營資訊學系,國文(學測),2.00,英文(學測),2.00,歷史(分科),1.00,,,,,1,91.00,,,,,,,,49,,,,,國文→英文→歷史,14,3,17,1,0,0,0,1
3042,真理大學,企業管理學系,國文(學測),1.50,社會(學測),1.50,英文(學測),1.00,公民與社會(分科),1.75,,,1,108.50,,,,,,,,49,,,,,國文→社會→英文→公民與社會,3,5,8,0,1,0,0,1
3043,真理大學,資訊管理學系資安管理組,國文(學測),1.50,地理(分科),2.00,社會(學測),1.00,,,,,3,96.50,,,,,,,,49,,,,,國文→地理→社會,5,2,7,1,2,0,0,3
3044,真理大學,資訊管理學系電商行銷組,國文(學測),1.50,歷史(分科),2.00,社會(學測),1.00,,,,,0,,,,,,,,,49,,,,,國文→歷史→社會,6,2,8,0,0,0,0,0
3045,真理大學,法律學系,國文(學測),2.00,公民與社會(分科),2.00,歷史(分科),1.50,,,,,14,116.50,,,,,,,,49,,,,,國文→公民與社會→歷史,11,5,16,6,8,0,0,14
3046,真理大學,會計資訊學系,國文(學測),2.00,英文(學測),1.00,歷史(分科),2.00,地理(分科),2.00,,,3,185.00,,,,,,,,50,,,,,國文→英文→歷史→地理,13,3,16,2,1,0,0,3
3047,真理大學,財務金融學系,社會(學測),2.00,歷史(分科),2.00,國文(學測),1.00,,,,,2,116.00,,,,,,,,50,,,,,社會→歷史→國文,14,2,16,2,0,0,0,2
3050,真理大學,國際企業與貿易學系,國文(學測),2.00,地理(分科),2.00,英文(學測),1.00,,,,,3,102.00,,,,,,,,50,,,,,國文→地理→英文,11,5,16,2,1,0,0,3
3051,真理大學,理財與稅務規劃學系,社會(學測),2.00,國文(學測),1.75,公民與社會(分科),1.75,,,,,0,,,,,,,,,50,,,,,社會→國文→公民與社會,13,3,16,0,0,0,0,0
3052,真理大學,經濟學系,歷史(分科),2.00,社會(學測),1.75,國文(學測),1.75,,,,,1,133.50,,,,,,,,50,,,,,歷史→社會→國文,14,2,16,1,0,0,0,1
3053,真理大學,觀光事業學系,地理(分科),2.00,國文(學測),1.00,英文(學測),1.00,,,,,2,77.00,,,,,,,,50,,,,,地理→國文→英文,10,6,16,0,2,0,0,2
3054,真理大學,觀光數位知識學系,國文(學測),2.00,地理(分科),1.75,社會(學測),1.50,,,,,1,113.25,,,,,,,,50,,,,,國文→地理→社會,7,3,10,0,1,0,0,1
3055,真理大學,運動管理學系,社會(學測),2.00,國文(學測),1.00,英文(學測),1.00,歷史(分科),1.00,,,4,86.00,,,,,,,,50,,,,,社會→國文→英文→歷史,4,6,10,3,1,0,0,4
3056,真理大學,運動資訊傳播學系,社會(學測),2.00,公民與社會(分科),1.00,國文(學測),1.00,,,,,2,100.00,,,,,,,,50,,,,,社會→公民與社會→國文,6,4,10,1,1,0,0,2
3057,真理大學,人文與資訊學系,國文(學測),2.00,歷史(分科),1.00,社會(學測),1.00,,,,,1,137.00,,,,,,,,50,,,,,國文→歷史→社會,10,3,13,0,1,0,0,1
3060,真理大學,英美語文學系,英文(學測),1.75,國文(學測),1.50,歷史(分科),1.00,,,,,0,,,,,,,,,50,,,,,英文→國文→歷史,12,2,14,0,0,0,0,0
3061,真理大學,應用日語學系,國文(學測),2.00,英文(學測),1.50,歷史(分科),1.50,,,,,11,98.50,,,,,,,,50,,,,,國文→英文→歷史,8,4,12,6,5,0,0,11
3062,真理大學,台灣文學系,國文(學測),1.50,歷史(分科),1.00,地理(分科),1.00,,,,,1,74.50,,,,,,,,50,,,,,國文→歷史→地理,15,2,17,1,0,0,0,1
3063,真理大學,音樂應用學系-演奏教學A組,音樂(術科),2.00,英文(學測),1.50,國文(學測),1.50,歷史(分科),1.00,,,0,,,,,,,,,50,,,,,術科→英文→國文→歷史,2,1,3,0,0,0,0,0
3064,真理大學,音樂應用學系-演奏教學B組,英文(學測),1.50,國文(學測),2.00,公民與社會(分科),1.00,,,,,3,87.50,,,,,,,,50,,,,,英文→國文→公民與社會,4,1,5,2,1,0,0,3
3065,真理大學,音樂應用學系-行政管理組,英文(學測),1.50,國文(學測),2.00,歷史(分科),1.00,,,,,0,,,,,,,,,50,,,,,英文→國文→歷史,6,3,9,0,0,0,0,0
3066,真理大學,統計資訊與精算學系,國文(學測),2.00,英文(學測),2.00,數學B(學測),2.00,公民與社會(分科),1.00,,,1,95.00,,,,,,,,50,,,,,國文→英文→數學B→公民與社會,12,2,14,1,0,0,0,1
3067,真理大學,資訊工程學系甲組,國文(學測),2.00,社會(學測),1.00,地理(分科),1.00,,,,,4,86.00,,,,,,,,50,,,,,國文→社會→地理,8,3,11,4,0,0,0,4
3070,真理大學,資訊工程學系乙組,國文(學測),2.00,社會(學測),1.00,歷史(分科),1.00,,,,,2,118.00,,,,,,,,50,,,,,國文→社會→歷史,8,3,11,2,0,0,0,2
3071,真理大學,航空事業學系,國文(學測),1.25,社會(學測),1.50,公民與社會(分科),1.00,,,,,3,79.25,,,,,,,,50,,,,,國文→社會→公民與社會,14,4,18,3,0,0,0,3
3072,國立臺北大學,法律學系法學組,國文(學測),1.50,英文(學測),1.50,數學B(學測),1.50,公民與社會(分科),1.00,歷史(分科),1.00,30,317.00,國文(學測),49,339.45,,,,,50,,,,,國文→英文→數學B→公民與社會→歷史,24,5,29,7,22,0,1,30
3073,國立臺北大學,法律學系司法組,國文(學測),1.50,英文(學測),1.50,數學B(學測),1.50,公民與社會(分科),1.00,歷史(分科),1.00,27,319.00,,,345.55,,,,,50,,,,,國文→英文→數學B→公民與社會→歷史,24,1,25,10,15,2,0,27
3074,國立臺北大學,法律學系財經法組,國文(學測),1.50,英文(學測),1.50,數學B(學測),1.50,公民與社會(分科),1.00,歷史(分科),1.00,41,321.50,,,,,,325.25,,50,,,,,國文→英文→數學B→公民與社會→歷史,24,16,40,20,20,0,1,41
3075,國立臺北大學,企業管理學系,英文(學測),2.00,數學A(學測),2.00,國文(學測),1.50,公民與社會(分科),1.00,,,39,277.00,英文(學測),49,,,,,,50,,,,,英文→數學A→國文→公民與社會,26,13,39,17,22,0,0,39
3076,國立臺北大學,金融與合作經營學系,數學A(學測),2.00,英文(學測),2.00,公民與社會(分科),1.00,國文(學測),1.00,,,32,266.00,數學A(學測),44,,,,,,50,,,,,數學A→英文→公民與社會→國文,13,19,32,21,11,0,0,32
3077,國立臺北大學,會計學系,數學A(學測),2.00,英文(學測),2.00,公民與社會(分科),1.00,國文(學測),1.00,,,36,260.00,數學A(學測),39,,,,,,50,,,,,數學A→英文→公民與社會→國文,34,2,36,21,15,0,0,36
3100,國立臺北大學,統計學系,數學甲(分科),2.00,英文(學測),1.75,國文(學測),1.50,,,,,42,226.25,數學甲(分科),36,,,,,,50,,,,,數學甲→英文→國文,22,20,42,24,18,0,0,42
3101,國立臺北大學,休閒運動管理學系,英文(學測),2.00,數學B(學測),2.00,國文(學測),1.50,公民與社會(分科),1.00,,,16,269.50,,,281.95,,,,,50,,,,,英文→數學B→國文→公民與社會,10,5,15,5,10,1,0,16
3102,國立臺北大學,公共行政暨政策學系,公民與社會(分科),2.00,社會(學測),1.50,國文(學測),1.50,英文(學測),1.00,數學B(學測),1.00,67,330.00,,,,,,,,50,,,,,公民與社會→社會→國文→英文→數學B,40,27,67,32,35,0,0,67
3103,國立臺北大學,財政學系,數學A(學測),1.25,英文(學測),1.25,公民與社會(分科),1.00,地理(分科),1.00,,,32,200.25,,,,,,,,50,,,,,數學A→英文→公民與社會→地理,19,13,32,13,19,0,0,32
3104,國立臺北大學,不動產與城鄉環境學系,英文(學測),1.50,數學B(學測),1.50,地理(分科),1.00,國文(學測),1.00,,,27,220.00,英文(學測),37,223.95,,,,,50,,,,,英文→數學B→地理→國文,23,3,26,16,10,0,1,27
3105,國立臺北大學,經濟學系,數學A(學測),2.00,英文(學測),1.50,國文(學測),1.00,公民與社會(分科),1.00,,,78,230.50,數學A(學測),39,,,,,,50,,,,,數學A→英文→國文→公民與社會,36,42,78,45,33,0,0,78
3106,國立臺北大學,社會學系,英文(學測),1.50,數學B(學測),1.00,國文(學測),1.00,公民與社會(分科),1.00,,,18,195.00,,,,,,,,50,英文(均標),數學B(均標),,,英文→數學B→國文→公民與社會,13,5,18,7,11,0,0,18
3107,國立臺北大學,社會工作學系,國文(學測),1.50,英文(學測),1.25,數學B(學測),1.00,公民與社會(分科),1.25,歷史(分科),1.00,22,259.50,,,267.55,,,,,51,國文(均標),英文(均標),,,國文→英文→數學B→公民與社會→歷史,14,7,21,6,15,0,1,22
3110,國立臺北大學,中國文學系,國文(學測),2.00,英文(學測),1.50,歷史(分科),1.25,地理(分科),1.00,,,27,266.75,國文(學測),55,274.65,,,,,51,,,,,國文→英文→歷史→地理,13,13,26,5,21,1,0,27
3111,國立臺北大學,應用外語學系,英文(學測),2.00,國文(學測),1.50,地理(分科),1.00,歷史(分科),1.00,,,29,256.50,,,,,,,,51,數學B(均標),,,A級,英文→國文→地理→歷史,10,19,29,11,18,0,0,29
3112,國立臺北大學,歷史學系,歷史(分科),1.50,國文(學測),1.25,英文(學測),1.25,地理(分科),1.00,公民與社會(分科),1.00,24,284.75,,,297.60,,,,,51,,,,,歷史→國文→英文→地理→公民與社會,10,13,23,12,11,0,1,24
3113,國立臺北大學,資訊工程學系,數學甲(分科),1.50,英文(學測),1.25,物理(分科),1.25,化學(分科),1.00,國文(學測),1.00,23,259.75,數學甲(分科),38,260.15,,,,,51,,,,,數學甲→英文→物理→化學→國文,13,9,22,19,3,1,0,23
3114,國立臺北大學,通訊工程學系,數學甲(分科),1.50,物理(分科),1.25,英文(學測),1.25,化學(分科),1.00,國文(學測),1.00,15,256.50,數學甲(分科),39,,,,,,51,,,,,數學甲→物理→英文→化學→國文,9,6,15,11,4,0,0,15
3115,國立臺北大學,電機工程學系,數學甲(分科),1.00,物理(分科),1.00,英文(學測),1.00,化學(分科),1.00,國文(學測),1.00,26,224.00,數學甲(分科),45,,,,,,51,,,,,數學甲→物理→英文→化學→國文,11,15,26,26,0,0,0,26
3116,國立嘉義大學,教育學系,國文(學測),1.50,英文(學測),1.50,數學B(學測),1.50,歷史(分科),1.00,公民與社會(分科),1.00,25,206.50,,,,,,,,51,,,,,國文→英文→數學B→歷史→公民與社會,16,9,25,9,16,0,0,25
3117,國立嘉義大學,輔導與諮商學系,英文(學測),1.50,國文(學測),1.50,數學B(學測),1.50,公民與社會(分科),1.00,,,29,191.00,英文(學測),40,,,,,,51,,,,,英文→國文→數學B→公民與社會,20,9,29,9,20,0,0,29
3120,國立嘉義大學,體育與健康休閒學系,國文(學測),2.00,英文(學測),2.00,數學B(學測),1.00,公民與社會(分科),1.00,,,24,151.00,,,160.50,,,,,51,,,,,國文→英文→數學B→公民與社會,7,16,23,14,9,1,0,24
3121,國立嘉義大學,特殊教育學系,國文(學測),2.00,公民與社會(分科),2.00,地理(分科),2.00,數學B(學測),1.00,,,23,239.00,,,,,,,,51,,,,,國文→公民與社會→地理→數學B,16,7,23,6,17,0,0,23
3122,國立嘉義大學,幼兒教育學系,國文(學測),1.50,英文(學測),1.50,數學B(學測),1.00,歷史(分科),1.00,地理(分科),1.00,24,174.50,國文(學測),40,217.65,,,,,51,,,,,國文→英文→數學B→歷史→地理,20,3,23,4,19,0,1,24
3123,國立嘉義大學,數位學習設計與管理學系(社會組),國文(學測),1.50,英文(學測),1.50,數學B(學測),1.00,公民與社會(分科),1.00,,,15,151.50,,,,,,,,51,,,,,國文→英文→數學B→公民與社會,8,7,15,7,8,0,0,15
3124,國立嘉義大學,數位學習設計與管理學系(自然組),國文(學測),1.50,英文(學測),1.50,數學B(學測),1.00,物理(分科),1.00,,,15,175.50,,,,,,,,51,,,,,國文→英文→數學B→物理,8,7,15,11,4,0,0,15
3125,國立嘉義大學,中國文學系,國文(學測),2.00,歷史(分科),1.50,地理(分科),1.00,,,,,37,168.00,,,,,,,,51,,,,,國文→歷史→地理,19,18,37,21,16,0,0,37
3126,國立嘉義大學,視覺藝術學系,美術(術科),2.00,國文(學測),2.00,英文(學測),1.00,歷史(分科),1.00,,,14,178.00,,,,,,,,51,,,,,術科→國文→英文→歷史,15,5,20,5,9,0,0,14
3127,國立嘉義大學,應用歷史學系,歷史(分科),1.50,國文(學測),1.25,地理(分科),1.25,,,,,43,152.75,,,158.75,,,,,51,,,,,歷史→國文→地理,20,22,42,33,9,1,0,43
3130,國立嘉義大學,外國語言學系英語教學組,英文(學測),2.00,國文(學測),1.25,歷史(分科),1.00,,,,,22,119.25,,,,,,,,51,,,,,英文→國文→歷史,12,10,22,9,13,0,0,22
3131,國立嘉義大學,外國語言學系應用外語組,英文(學測),2.00,國文(學測),1.50,歷史(分科),1.00,,,,,41,134.00,,,141.50,,,,,51,,,,,英文→國文→歷史,12,28,40,13,27,1,0,41
3132,國立嘉義大學,音樂學系,音樂(術科),2.00,國文(學測),1.00,英文(學測),1.00,歷史(分科),1.00,,,0,,,,,,,,,51,,,,,術科→國文→英文→歷史,1,12,13,0,0,0,0,0
3133,國立嘉義大學,企業管理學系,英文(學測),1.00,國文(學測),1.00,數學B(學測),1.00,公民與社會(分科),1.00,,,34,132.00,英文(學測),26,,,,,,51,,,,,英文→國文→數學B→公民與社會,20,14,34,19,15,0,0,34
3134,國立嘉義大學,應用經濟學系,數學B(學測),1.50,英文(學測),1.50,國文(學測),1.00,公民與社會(分科),1.00,,,36,163.50,數學B(學測),25,,,,,,51,,,,,數學B→英文→國文→公民與社會,21,15,36,15,21,0,0,36
3135,國立嘉義大學,科技管理學系,英文(學測),2.00,數學B(學測),1.50,國文(學測),1.50,公民與社會(分科),1.00,,,31,175.00,,,,,,,,51,,,,,英文→數學B→國文→公民與社會,18,13,31,18,13,0,0,31
3136,國立嘉義大學,資訊管理學系(自然組),數學甲(分科),2.00,英文(學測),1.50,國文(學測),1.00,,,,,18,167.00,數學甲(分科),36,,,,,,51,,,,,數學甲→英文→國文,13,5,18,10,8,0,0,18
3137,國立嘉義大學,資訊管理學系(社會組),數學B(學測),2.00,英文(學測),1.50,國文(學測),1.00,公民與社會(分科),1.00,,,17,193.00,,,,,,,,51,,,,,數學B→英文→國文→公民與社會,13,4,17,11,6,0,0,17
3140,國立嘉義大學,行銷與觀光管理學系,國文(學測),2.00,英文(學測),1.50,數學B(學測),1.00,公民與社會(分科),1.00,,,23,164.00,,,,,,,,51,,,,,國文→英文→數學B→公民與社會,20,3,23,3,20,0,0,23
3141,國立嘉義大學,財務金融學系,數學B(學測),2.00,英文(學測),2.00,國文(學測),1.50,公民與社會(分科),1.00,,,38,234.00,數學B(學測),29,,,,,,51,,,,,數學B→英文→國文→公民與社會,21,17,38,21,17,0,0,38
3142,國立嘉義大學,農藝學系,生物(分科),2.00,國文(學測),1.00,數學甲(分科),1.00,,,,,23,126.00,生物(分科),37,,,,,,51,,,,,生物→國文→數學甲,16,7,23,10,13,0,0,23
3143,國立嘉義大學,園藝學系,生物(分科),2.00,英文(學測),1.50,國文(學測),1.00,數學A(學測),1.00,,,18,156.50,,,,,,,,51,,,,,生物→英文→國文→數學A,13,5,18,4,14,0,0,18
3144,國立嘉義大學,森林暨自然資源學系,生物(分科),2.00,英文(學測),1.50,數學A(學測),1.00,國文(學測),1.00,,,23,160.00,生物(分科),34,,,,,,51,,,,,生物→英文→數學A→國文,18,5,23,16,7,0,0,23
3145,國立嘉義大學,木質材料與設計學系,物理(分科),1.50,化學(分科),1.50,英文(學測),1.50,數學B(學測),1.00,,,19,140.50,,,,,,,,51,,,,,物理→化學→英文→數學B,16,3,19,16,3,0,0,19
3146,國立嘉義大學,動物科學系,生物(分科),1.50,化學(分科),1.50,英文(學測),1.50,數學A(學測),1.00,國文(學測),1.00,30,229.50,,,,,,,,51,,,,,生物→化學→英文→數學A→國文,20,10,30,8,22,0,0,30
3147,國立嘉義大學,農業生物科技學系,生物(分科),1.50,英文(學測),1.50,化學(分科),1.50,國文(學測),1.00,,,25,161.50,生物(分科),44,,,,,,51,,,,,生物→英文→化學→國文,16,9,25,13,12,0,0,25
3150,國立嘉義大學,景觀學系(社會組),國文(學測),2.00,地理(分科),2.00,英文(學測),1.00,歷史(分科),1.00,,,16,217.00,,,,,,,,52,,,,,國文→地理→英文→歷史,8,8,16,8,8,0,0,16
3151,國立嘉義大學,景觀學系(自然組),生物(分科),2.00,國文(學測),1.50,英文(學測),1.00,,,,,15,148.50,,,,,,,,52,,,,,生物→國文→英文,7,8,15,4,11,0,0,15
3152,國立嘉義大學,植物醫學系,生物(分科),1.50,化學(分科),1.50,英文(學測),1.50,數學A(學測),1.00,國文(學測),1.00,17,200.50,,,,,,,,52,,,,,生物→化學→英文→數學A→國文,15,2,17,4,13,0,0,17
3153,國立嘉義大學,電子物理學系,物理(分科),1.00,數學A(學測),1.00,英文(學測),1.00,,,,,36,103.00,物理(分科),31,,,,,,52,,,,,物理→數學A→英文,24,12,36,31,5,0,0,36
3154,國立嘉義大學,應用化學系,化學(分科),1.50,英文(學測),1.00,數學甲(分科),1.00,國文(學測),1.00,,,39,163.50,化學(分科),47,,,,,,52,,,,,化學→英文→數學甲→國文,27,12,39,18,21,0,0,39
3155,國立嘉義大學,應用數學系,數學甲(分科),2.00,物理(分科),1.00,英文(學測),1.00,,,,,19,121.00,數學甲(分科),32,,,,,,52,,,,,數學甲→物理→英文,15,4,19,13,6,0,0,19
3156,國立嘉義大學,資訊工程學系,數學A(學測),1.00,英文(學測),1.00,物理(分科),1.00,國文(學測),1.00,,,21,157.00,數學A(學測),40,,,,,,52,,,,,數學A→英文→物理→國文,18,3,21,13,8,0,0,21
3157,國立嘉義大學,生物機電工程學系,數學A(學測),1.00,物理(分科),1.50,英文(學測),1.25,國文(學測),1.00,,,35,161.50,數學A(學測),30,,,,,,52,,,,,數學A→物理→英文→國文,24,11,35,23,12,0,0,35
3160,國立嘉義大學,土木與水資源工程學系,物理(分科),1.00,數學A(學測),1.00,英文(學測),1.00,國文(學測),1.00,,,27,130.00,物理(分科),20,,,,,,52,,,,,物理→數學A→英文→國文,19,8,27,18,9,0,0,27
3161,國立嘉義大學,電機工程學系,數學A(學測),1.00,物理(分科),1.00,英文(學測),1.00,國文(學測),1.00,,,39,160.00,數學A(學測),36,,,,,,52,,,,,數學A→物理→英文→國文,22,17,39,31,8,0,0,39
3162,國立嘉義大學,機械與能源工程學系,數學A(學測),1.00,物理(分科),2.00,英文(學測),1.00,國文(學測),1.00,,,31,174.00,數學A(學測),37,,,,,,52,,,,,數學A→物理→英文→國文,22,9,31,24,7,0,0,31
3163,國立嘉義大學,食品科學系,化學(分科),1.50,生物(分科),1.50,英文(學測),1.50,數學A(學測),1.00,國文(學測),1.00,30,190.50,化學(分科),22,,,,,,52,,,,,化學→生物→英文→數學A→國文,19,11,30,10,20,0,0,30
3164,國立嘉義大學,水生生物科學系,生物(分科),2.00,化學(分科),1.50,英文(學測),2.00,數學A(學測),1.00,國文(學測),1.00,27,203.50,,,,,,,,52,,,,,生物→化學→英文→數學A→國文,16,11,27,9,18,0,0,27
3165,國立嘉義大學,生物資源學系,生物(分科),2.00,英文(學測),1.50,國文(學測),1.00,,,,,21,161.50,,,,,,,,52,,,,,生物→英文→國文,18,3,21,7,14,0,0,21
3166,國立嘉義大學,生化科技學系,生物(分科),1.50,化學(分科),1.50,英文(學測),1.50,國文(學測),1.00,,,23,191.50,生物(分科),37,199.15,,,,,52,,,,,生物→化學→英文→國文,19,3,22,8,14,1,0,23
3167,國立嘉義大學,微生物免疫與生物藥學系,生物(分科),1.75,化學(分科),1.75,英文(學測),1.50,國文(學測),1.00,,,29,215.50,生物(分科),40,,,,,,52,,,,,生物→化學→英文→國文,19,10,29,16,13,0,0,29
3170,國立嘉義大學,獸醫學系,英文(學測),1.25,生物(分科),1.25,化學(分科),1.25,數學A(學測),1.00,國文(學測),1.00,28,283.75,,,,,,,,52,,,,,英文→生物→化學→數學A→國文,18,10,28,12,16,0,0,28
3171,國立高雄大學,西洋語文學系,英文(學測),2.00,國文(學測),1.00,歷史(分科),1.00,,,,,20,157.00,,,,,,,,52,,,,,英文→國文→歷史,11,9,20,7,13,0,0,20
3172,國立高雄大學,運動健康與休閒學系,國文(學測),1.50,數學B(學測),1.50,公民與社會(分科),1.00,,,,,34,131.00,,,131.20,,,,,52,,,,,國文→數學B→公民與社會,21,12,33,24,9,1,0,34
3173,國立高雄大學,東亞語文學系日語組,國文(學測),2.00,英文(學測),2.00,歷史(分科),1.00,地理(分科),1.00,,,8,260.00,,,,,,,,52,,,,,國文→英文→歷史→地理,6,2,8,4,4,0,0,8
3174,國立高雄大學,東亞語文學系韓語組,國文(學測),2.00,英文(學測),2.00,歷史(分科),1.00,地理(分科),1.00,,,6,270.00,,,272.15,,,,,52,,,,,國文→英文→歷史→地理,5,0,5,1,4,0,1,6
3175,國立高雄大學,東亞語文學系越語組,國文(學測),2.00,英文(學測),2.00,歷史(分科),1.00,地理(分科),1.00,,,4,256.00,,,,,,,,52,,,,,國文→英文→歷史→地理,4,0,4,0,4,0,0,4
3176,國立高雄大學,工藝與創意設計學系,國文(學測),2.00,英文(學測),1.50,歷史(分科),2.00,,,,,12,224.50,國文(學測),49,,,,,,52,,,,,國文→英文→歷史,10,2,12,6,6,0,0,12
3177,國立高雄大學,建築學系,國文(學測),2.00,英文(學測),2.00,物理(分科),1.00,,,,,12,213.00,國文(學測),51,,,,,,52,數學A(底標) 或 數學B(均標),,,,國文→英文→物理,11,1,12,9,3,0,0,12
3200,國立高雄大學,法律學系,國文(學測),1.25,英文(學測),1.25,歷史(分科),1.00,公民與社會(分科),1.00,,,41,206.75,,,236.80,,,227.25,,52,,,,,國文→英文→歷史→公民與社會,26,13,39,21,18,2,0,41
3201,國立高雄大學,政治法律學系,英文(學測),1.50,國文(學測),1.25,公民與社會(分科),1.50,歷史(分科),1.00,,,29,238.00,英文(學測),36,246.50,,,,,52,,,,,英文→國文→公民與社會→歷史,20,7,27,10,17,2,0,29
3202,國立高雄大學,財經法律學系,國文(學測),1.25,英文(學測),1.25,公民與社會(分科),1.00,,,,,25,157.25,國文(學測),50,,,,,,52,數學A(後標) 或 數學B(後標),,,,國文→英文→公民與社會,12,13,25,5,20,0,0,25
3203,國立高雄大學,應用經濟學系,數學B(學測),2.00,英文(學測),2.00,國文(學測),1.50,公民與社會(分科),1.00,,,32,247.50,,,,,,,,52,,,,,數學B→英文→國文→公民與社會,21,11,32,13,19,0,0,32
3204,國立高雄大學,亞太工商管理學系企業管理組,英文(學測),1.25,數學B(學測),1.25,公民與社會(分科),1.00,,,,,10,132.25,,,,,,,,52,,,,,英文→數學B→公民與社會,7,3,10,6,4,0,0,10
3205,國立高雄大學,亞太工商管理學系工業管理組,英文(學測),1.25,數學A(學測),1.25,物理(分科),1.00,,,,,7,121.00,,,,,,,,52,,,,,英文→數學A→物理,7,0,7,4,3,0,0,7
3206,國立高雄大學,資訊管理學系,英文(學測),1.50,數學B(學測),1.50,國文(學測),1.00,公民與社會(分科),1.00,,,24,193.50,英文(學測),37,,,,,,52,英文(均標),數學B(均標),,,英文→數學B→國文→公民與社會,19,5,24,13,11,0,0,24
3207,國立高雄大學,財務金融學系,英文(學測),1.50,數學B(學測),1.50,國文(學測),1.00,公民與社會(分科),1.50,,,29,224.00,,,,,,,,52,,,,,英文→數學B→國文→公民與社會,18,11,29,16,13,0,0,29
3210,國立高雄大學,應用數學系,數學甲(分科),2.00,國文(學測),1.25,英文(學測),1.00,數學A(學測),1.50,,,30,209.50,數學甲(分科),41,,,,,,52,,,,,數學甲→國文→英文→數學A,19,11,30,22,8,0,0,30
3211,國立高雄大學,應用化學系,化學(分科),2.00,數學A(學測),1.00,物理(分科),1.00,,,,,22,159.00,,,,,,,,53,,,,,化學→數學A→物理,19,3,22,19,3,0,0,22
3212,國立高雄大學,應用物理學系,物理(分科),2.00,數學甲(分科),1.50,英文(學測),1.00,國文(學測),1.00,,,29,204.50,物理(分科),41,,,,,,53,,,,,物理→數學甲→英文→國文,22,7,29,26,3,0,0,29
3213,國立高雄大學,生命科學系,生物(分科),1.50,化學(分科),1.50,英文(學測),1.25,數學A(學測),1.00,,,27,171.50,,,,,,,,53,,,,,生物→化學→英文→數學A,20,7,27,12,15,0,0,27
3214,國立高雄大學,電機工程學系,數學甲(分科),1.50,物理(分科),1.50,英文(學測),1.50,化學(分科),1.00,國文(學測),1.00,64,258.50,數學甲(分科),32,,,,,,53,,,,,數學甲→物理→英文→化學→國文,49,15,64,48,16,0,0,64
3215,國立高雄大學,土木與環境工程學系,數學甲(分科),2.00,物理(分科),1.50,化學(分科),1.50,英文(學測),1.00,國文(學測),1.00,29,242.00,數學甲(分科),30,,,,,,53,,,,,數學甲→物理→化學→英文→國文,18,11,29,22,7,0,0,29
3216,國立高雄大學,化學工程及材料工程學系,化學(分科),1.50,物理(分科),1.25,英文(學測),1.25,數學甲(分科),1.00,國文(學測),1.00,24,240.25,化學(分科),47,,,,,,53,,,,,化學→物理→英文→數學甲→國文,15,9,24,15,9,0,0,24
3217,國立高雄大學,資訊工程學系,數學甲(分科),2.00,英文(學測),2.00,物理(分科),1.00,國文(學測),1.00,,,17,246.00,數學甲(分科),38,,,,,,53,,,,,數學甲→英文→物理→國文,10,7,17,15,2,0,0,17
3220,慈濟大學,醫學系(自費),生物(分科),1.00,英文(學測),1.00,化學(分科),1.00,數學甲(分科),1.00,物理(分科),1.00,21,263.00,生物(分科),51,264.60,,,,,53,,,,,生物→英文→化學→數學甲→物理,15,5,20,17,3,1,0,21
3221,慈濟大學,醫學系(公費),生物(分科),1.00,英文(學測),1.00,化學(分科),1.00,數學甲(分科),1.00,物理(分科),1.00,3,260.00,生物(分科),58,,,,,,53,,,,,生物→英文→化學→數學甲→物理,2,1,3,3,0,0,0,3
3222,慈濟大學,藥學系,化學(分科),1.25,生物(分科),1.25,英文(學測),1.00,國文(學測),1.00,數學甲(分科),1.00,15,283.50,,,,,,,,53,,,,,化學→生物→英文→國文→數學甲,9,6,15,6,9,0,0,15
3223,慈濟大學,醫學檢驗生物技術學系,生物(分科),1.50,化學(分科),1.50,英文(學測),1.00,,,,,11,147.00,,,,,,,,53,,,,,生物→化學→英文,9,2,11,4,7,0,0,11
3224,慈濟大學,公共衛生學系,國文(學測),1.00,英文(學測),1.00,數學甲(分科),1.00,,,,,12,76.00,,,,,,,,53,,,,,國文→英文→數學甲,6,6,12,4,8,0,0,12
3225,慈濟大學,護理學系,生物(分科),2.00,英文(學測),2.00,國文(學測),1.00,,,,,23,145.00,,,163.75,,,,,53,,,,,生物→英文→國文,11,11,22,7,15,1,0,23
3226,慈濟大學,醫學資訊學系,數學B(學測),2.00,英文(學測),1.50,物理(分科),1.00,,,,,21,74.50,,,,,,,,53,,,,,數學B→英文→物理,8,13,21,13,8,0,0,21
3227,慈濟大學,物理治療學系,英文(學測),2.00,生物(分科),1.00,數學甲(分科),1.00,,,,,9,173.00,,,,,,,,53,,,,,英文→生物→數學甲,7,2,9,3,6,0,0,9
3230,慈濟大學,生物醫學暨工程學系,化學(分科),2.00,數學A(學測),1.50,英文(學測),1.00,,,,,16,96.00,,,,,,,,53,,,,,化學→數學A→英文,9,7,16,8,8,0,0,16
3231,慈濟大學,分子生物暨人類遺傳學系,生物(分科),2.00,英文(學測),2.00,國文(學測),1.00,,,,,9,148.00,,,,,,,,53,,,,,生物→英文→國文,6,3,9,2,7,0,0,9
3232,慈濟大學,傳播學系,國文(學測),2.00,英文(學測),1.00,公民與社會(分科),1.00,,,,,1,109.00,,,,,,,,53,,,,,國文→英文→公民與社會,1,6,7,1,0,0,0,1
3233,慈濟大學,兒童發展與家庭教育學系,國文(學測),2.00,公民與社會(分科),2.00,英文(學測),1.50,,,,,2,153.50,,,,,,,,53,,,,,國文→公民與社會→英文,2,5,7,0,2,0,0,2
3234,慈濟大學,社會工作學系,社會(學測),1.50,公民與社會(分科),1.50,國文(學測),1.00,,,,,1,117.50,,,,,,,,53,,,,,社會→公民與社會→國文,2,6,8,1,0,0,0,1
3235,慈濟大學,人類發展與心理學系,國文(學測),2.00,英文(學測),1.50,公民與社會(分科),1.50,,,,,3,120.50,,,,,,,,53,,,,,國文→英文→公民與社會,2,2,4,0,3,0,0,3
3236,慈濟大學,東方語文學系,國文(學測),2.00,社會(學測),1.00,公民與社會(分科),1.00,,,,,0,,,,,,,,,53,,,,,國文→社會→公民與社會,2,9,11,0,0,0,0,0
3237,慈濟大學,外國語文學系,英文(學測),2.00,國文(學測),1.50,公民與社會(分科),1.00,,,,,0,,,,,,,,,53,,,,,英文→國文→公民與社會,1,5,6,0,0,0,0,0
3240,慈濟大學,國際服務產業管理學士學位學程,英文(學測),2.00,國文(學測),1.00,公民與社會(分科),1.00,,,,,1,71.00,,,,,,,,53,,,,,英文→國文→公民與社會,1,2,3,1,0,0,0,1
3241,臺北醫學大學,醫學系(自費),英文(學測),1.00,生物(分科),1.00,化學(分科),1.00,數學甲(分科),1.00,物理(分科),1.00,59,274.00,英文(學測),55,306.45,,,,,53,,,,,英文→生物→化學→數學甲→物理,17,41,58,40,18,1,0,59
3242,臺北醫學大學,醫學系(公費),英文(學測),1.00,生物(分科),1.00,化學(分科),1.00,數學甲(分科),1.00,物理(分科),1.00,2,261.00,英文(學測),59,,,,,,53,,,,,英文→生物→化學→數學甲→物理,2,0,2,2,0,0,0,2
3243,臺北醫學大學,牙醫學系,英文(學測),1.00,生物(分科),1.00,化學(分科),1.00,物理(分科),1.00,數學甲(分科),1.00,18,274.00,,,324.00,,,,,53,,,,,英文→生物→化學→物理→數學甲,17,0,17,14,3,1,0,18
3244,臺北醫學大學,藥學系藥學組,化學(分科),1.25,英文(學測),1.75,生物(分科),2.00,數學甲(分科),1.00,國文(學測),1.00,29,370.00,,,,,,,,53,,,,,化學→英文→生物→數學甲→國文,27,2,29,7,22,0,0,29
3245,臺北醫學大學,藥學系臨床藥學組,英文(學測),1.75,化學(分科),1.25,生物(分科),2.00,數學甲(分科),1.00,國文(學測),1.00,10,373.75,,,,,,,,53,,,,,英文→化學→生物→數學甲→國文,10,0,10,3,7,0,0,10
3246,臺北醫學大學,醫學檢驗暨生物技術學系,生物(分科),1.50,英文(學測),1.50,化學(分科),1.50,國文(學測),1.00,,,27,270.50,,,,,,,,53,,,,,生物→英文→化學→國文,16,11,27,4,23,0,0,27
3247,臺北醫學大學,護理學系,生物(分科),1.50,英文(學測),1.50,國文(學測),1.00,數學甲(分科),1.00,,,17,219.00,,,,,,,,53,,,,,生物→英文→國文→數學甲,13,4,17,8,9,0,0,17
3250,臺北醫學大學,保健營養學系,化學(分科),2.00,生物(分科),1.50,英文(學測),2.00,數學甲(分科),1.00,,,13,281.50,,,,,,,,53,,,,,化學→生物→英文→數學甲,12,1,13,5,8,0,0,13
3251,臺北醫學大學,公共衛生學系,英文(學測),1.50,化學(分科),1.50,生物(分科),1.50,數學甲(分科),1.00,,,16,227.50,英文(學測),49,248.20,,,,,53,,,,,英文→化學→生物→數學甲,13,2,15,7,8,1,0,16
3252,臺北醫學大學,醫務管理學系,英文(學測),1.50,國文(學測),1.25,數學B(學測),1.25,公民與社會(分科),1.00,,,23,200.25,,,,,,,,54,,,,,英文→國文→數學B→公民與社會,16,7,23,10,13,0,0,23
3253,臺北醫學大學,呼吸治療學系,英文(學測),1.50,生物(分科),1.25,化學(分科),1.25,,,,,16,184.75,英文(學測),49,,,,,,54,,,,,英文→生物→化學,10,6,16,8,8,0,0,16
3254,臺北醫學大學,高齡健康暨長期照護學系,生物(分科),1.50,英文(學測),1.50,數學甲(分科),1.00,,,,,10,157.00,,,,,,,,54,,,,,生物→英文→數學甲,7,3,10,2,8,0,0,10
3255,臺北醫學大學,牙體技術學系,英文(學測),1.50,生物(分科),1.25,化學(分科),1.25,國文(學測),1.00,,,6,243.50,,,,,,,,54,,,,,英文→生物→化學→國文,5,1,6,4,2,0,0,6
3256,臺北醫學大學,口腔衛生學系,英文(學測),1.25,生物(分科),1.25,國文(學測),1.00,,,,,10,165.50,,,170.75,,,,,54,,,,,英文→生物→國文,7,2,9,4,5,1,0,10
3257,臺北醫學大學,生物醫學工程學系,生物(分科),2.00,數學A(學測),1.00,英文(學測),1.00,,,,,12,193.00,生物(分科),52,,,,,,54,,,,,生物→數學A→英文,9,3,12,10,2,0,0,12
3260,臺北醫學大學,食品安全學系,英文(學測),1.50,化學(分科),1.50,數學A(學測),1.00,生物(分科),1.50,國文(學測),1.00,5,277.00,,,,,,,,54,,,,,英文→化學→數學A→生物→國文,5,0,5,3,2,0,0,5
3261,康寧大學,嬰幼兒保育學系(台北校區),公民與社會(分科),2.00,歷史(分科),1.00,地理(分科),1.00,,,,,8,63.00,,,,,,,,54,,,,,公民與社會→歷史→地理,7,2,9,3,5,0,0,8
3262,康寧大學,長期照護學系(台北校區),公民與社會(分科),1.25,歷史(分科),1.00,地理(分科),1.00,,,,,11,64.75,,,,,,,,54,,,,,公民與社會→歷史→地理,13,17,30,8,3,0,0,11
3263,佛光大學,建築環境設計學士學位學程(社會組),國文(學測),2.00,公民與社會(分科),2.00,歷史(分科),1.75,,,,,0,,,,,,,,,54,,,,,國文→公民與社會→歷史,1,0,1,0,0,0,0,0
3264,佛光大學,建築環境設計學士學位學程(自然組),國文(學測),2.00,英文(學測),2.00,物理(分科),1.75,,,,,2,135.75,,,,,,,,54,,,,,國文→英文→物理,1,1,2,1,1,0,0,2
3265,佛光大學,傳播學系(數位媒體組),國文(學測),2.00,歷史(分科),2.00,英文(學測),1.75,,,,,1,178.75,,,,,,,,54,,,,,國文→歷史→英文,1,1,2,0,1,0,0,1
3266,佛光大學,傳播學系(廣告公關組),國文(學測),2.00,社會(學測),2.00,公民與社會(分科),1.75,,,,,0,,,,,,,,,54,,,,,國文→社會→公民與社會,1,1,2,0,0,0,0,0
3267,佛光大學,傳播學系(流行音樂傳播組),國文(學測),2.00,歷史(分科),2.00,公民與社會(分科),1.75,,,,,0,,,,,,,,,54,,,,,國文→歷史→公民與社會,1,0,1,0,0,0,0,0
3270,佛光大學,資訊應用學系(資訊系統與智慧應用組),國文(學測),2.00,英文(學測),1.00,物理(分科),2.00,,,,,5,99.00,,,,,,,,54,,,,,國文→英文→物理,1,4,5,5,0,0,0,5
3271,佛光大學,資訊應用學系(動畫與數位內容組),國文(學測),2.00,歷史(分科),2.00,公民與社會(分科),1.75,,,,,1,136.75,,,,,,,,54,,,,,國文→歷史→公民與社會,1,0,1,1,0,0,0,1
3272,佛光大學,資訊應用學系(數位遊戲開發組),國文(學測),2.00,化學(分科),1.00,物理(分科),2.00,,,,,5,122.00,,,,,,,,54,,,,,國文→化學→物理,1,4,5,4,1,0,0,5
3273,佛光大學,中國文學與應用學系,歷史(分科),2.00,國文(學測),2.00,公民與社會(分科),1.75,,,,,0,,,,,,,,,54,,,,,歷史→國文→公民與社會,1,0,1,0,0,0,0,0
3274,佛光大學,歷史學系(A組),歷史(分科),2.00,國文(學測),2.00,社會(學測),1.75,,,,,1,146.75,,,,,,,,54,,,,,歷史→國文→社會,1,1,2,1,0,0,0,1
3275,佛光大學,歷史學系(B組),歷史(分科),2.00,國文(學測),2.00,公民與社會(分科),1.75,,,,,0,,,,,,,,,54,,,,,歷史→國文→公民與社會,1,0,1,0,0,0,0,0
3276,佛光大學,外國語文學系(英日組),英文(學測),2.00,國文(學測),2.00,歷史(分科),1.75,,,,,1,155.25,,,,,,,,54,,,,,英文→國文→歷史,1,0,1,0,1,0,0,1
3277,佛光大學,外國語文學系(英韓組),英文(學測),2.00,國文(學測),2.00,公民與社會(分科),1.75,,,,,1,174.75,,,,,,,,54,,,,,英文→國文→公民與社會,1,0,1,0,1,0,0,1
3300,佛光大學,社會學暨社會工作學系,國文(學測),2.00,社會(學測),2.00,歷史(分科),1.75,,,,,0,,,,,,,,,54,,,,,國文→社會→歷史,1,5,6,0,0,0,0,0
3301,佛光大學,心理學系,英文(學測),2.00,數學B(學測),2.00,國文(學測),2.00,公民與社會(分科),1.00,,,7,110.00,,,,,,,,54,,,,,英文→數學B→國文→公民與社會,1,10,11,2,5,0,0,7
3302,佛光大學,公共事務學系(國際與兩岸事務組),國文(學測),2.00,歷史(分科),2.00,公民與社會(分科),1.75,,,,,0,,,,,,,,,54,,,,,國文→歷史→公民與社會,1,0,1,0,0,0,0,0
3303,佛光大學,公共事務學系(行政管理組),國文(學測),2.00,社會(學測),2.00,公民與社會(分科),1.75,,,,,1,128.50,,,,,,,,54,,,,,國文→社會→公民與社會,1,0,1,1,0,0,0,1
3304,佛光大學,管理學系(經營管理組),國文(學測),2.00,社會(學測),2.00,公民與社會(分科),1.75,,,,,1,164.25,,,,,,,,54,,,,,國文→社會→公民與社會,1,0,1,1,0,0,0,1
3305,佛光大學,管理學系(行銷與休閒管理組),國文(學測),2.00,社會(學測),1.75,歷史(分科),2.00,,,,,1,163.50,,,,,,,,54,,,,,國文→社會→歷史,1,0,1,0,1,0,0,1
3306,佛光大學,應用經濟學系(財務金融組),公民與社會(分科),2.00,歷史(分科),2.00,地理(分科),1.75,,,,,3,159.00,,,,,,,,54,,,,,公民與社會→歷史→地理,1,3,4,2,1,0,0,3
3307,佛光大學,應用經濟學系(國際商務組),公民與社會(分科),2.00,國文(學測),2.00,英文(學測),1.75,,,,,0,,,,,,,,,54,,,,,公民與社會→國文→英文,1,2,3,0,0,0,0,0
3310,佛光大學,樂活產業學系,國文(學測),2.00,社會(學測),2.00,公民與社會(分科),1.75,,,,,1,156.00,,,,,,,,54,,,,,國文→社會→公民與社會,1,0,1,0,1,0,0,1
3311,佛光大學,健康與創意蔬食產業學系,國文(學測),2.00,公民與社會(分科),2.00,社會(學測),1.75,,,,,0,,,,,,,,,54,,,,,國文→公民與社會→社會,1,1,2,0,0,0,0,0
3312,亞洲大學,健康產業管理學系(跨領域高齡智慧照顧組),國文(學測),2.00,公民與社會(分科),2.00,英文(學測),1.00,,,,,6,150.00,,,,,,,,54,,,,,國文→公民與社會→英文,1,5,6,3,3,0,0,6
3313,亞洲大學,健康產業管理學系(醫療機構管理組),國文(學測),2.00,歷史(分科),2.00,英文(學測),1.00,,,,,5,156.00,,,,,,,,55,,,,,國文→歷史→英文,1,4,5,1,4,0,0,5
3314,亞洲大學,食品營養與保健生技學系(食品營養組),生物(分科),2.00,英文(學測),1.00,國文(學測),2.00,,,,,13,181.00,生物(分科),39,194.85,,,,,55,,,,,生物→英文→國文,2,10,12,4,8,1,0,13
3315,亞洲大學,食品營養與保健生技學系(藥用化粧品醫美組),化學(分科),2.00,英文(學測),1.00,國文(學測),2.00,,,,,13,154.00,,,,,,,,55,,,,,化學→英文→國文,5,8,13,5,8,0,0,13
3316,亞洲大學,醫學檢驗暨生物技術學系(醫事檢驗組),生物(分科),2.00,英文(學測),1.00,化學(分科),1.50,國文(學測),2.00,,,26,235.50,生物(分科),38,,,,,,55,,,,,生物→英文→化學→國文,4,22,26,8,18,0,0,26
3317,亞洲大學,醫學檢驗暨生物技術學系(生物技術組),生物(分科),2.00,英文(學測),2.00,國文(學測),1.50,,,,,13,204.50,,,,,,,,55,,,,,生物→英文→國文,3,10,13,5,8,0,0,13
3320,亞洲大學,心理學系(心理師研修組),英文(學測),2.00,國文(學測),2.00,生物(分科),1.00,,,,,12,184.00,,,,,,,,55,,,,,英文→國文→生物,2,10,12,3,9,0,0,12
3321,亞洲大學,心理學系(諮商與臨床心理組),英文(學測),2.00,國文(學測),2.00,公民與社會(分科),1.00,,,,,9,173.00,,,179.20,,,,,55,,,,,英文→國文→公民與社會,2,6,8,2,6,0,1,9
3322,亞洲大學,心理學系(工商與社會心理組),英文(學測),2.00,國文(學測),2.00,歷史(分科),1.00,,,,,7,160.00,英文(學測),22,168.70,,,,,55,,,,,英文→國文→歷史,1,5,6,1,5,0,1,7
3323,亞洲大學,視光學系,英文(學測),1.50,生物(分科),1.50,國文(學測),2.00,,,,,29,181.50,英文(學測),31,,,,,,55,,,,,英文→生物→國文,5,24,29,5,24,0,0,29
3324,亞洲大學,聽力暨語言治療學系,生物(分科),2.00,英文(學測),2.00,國文(學測),1.00,,,,,6,208.00,,,,,,,,55,,,,,生物→英文→國文,5,1,6,1,5,0,0,6
3325,亞洲大學,職能治療學系,英文(學測),2.00,生物(分科),2.00,國文(學測),1.00,,,,,5,212.00,,,,,,,,55,,,,,英文→生物→國文,5,0,5,2,3,0,0,5
3326,亞洲大學,物理治療學系,英文(學測),2.00,生物(分科),2.00,國文(學測),1.00,,,,,5,236.00,,,,,,,,55,,,,,英文→生物→國文,5,0,5,3,2,0,0,5
3327,亞洲大學,護理學系(國際護理組),英文(學測),1.50,公民與社會(分科),1.00,數學A(學測),1.00,,,,,7,73.00,英文(學測),16,,,,,,55,,,,,英文→公民與社會→數學A,4,3,7,3,4,0,0,7
3330,亞洲大學,護理學系(銀髮智慧照護組),英文(學測),1.00,國文(學測),1.50,公民與社會(分科),1.00,,,,,3,114.00,,,,,,,,55,,,,,英文→國文→公民與社會,4,-1,3,0,3,0,0,3
3331,亞洲大學,護理學系(臨床照護組),英文(學測),1.50,國文(學測),1.50,化學(分科),1.00,,,,,24,113.50,英文(學測),22,,,,,,55,,,,,英文→國文→化學,4,20,24,5,19,0,0,24
3332,亞洲大學,長期照護學系,國文(學測),1.50,公民與社會(分科),1.50,歷史(分科),1.00,,,,,4,116.50,,,,,,,,55,,,,,國文→公民與社會→歷史,2,2,4,3,1,0,0,4
3333,亞洲大學,生物資訊與醫學工程學系(生醫資訊組),數學B(學測),1.00,化學(分科),2.00,國文(學測),2.00,,,,,5,172.00,數學B(學測),40,,,,,,55,,,,,數學B→化學→國文,3,2,5,3,2,0,0,5
3334,亞洲大學,生物資訊與醫學工程學系(醫學工程組),數學B(學測),1.00,物理(分科),2.00,國文(學測),2.00,,,,,9,153.00,數學B(學測),37,,,,,,55,,,,,數學B→物理→國文,3,6,9,3,6,0,0,9
3335,亞洲大學,資訊工程學系(人工智慧組),國文(學測),2.00,英文(學測),1.00,數學B(學測),1.00,地理(分科),1.00,,,18,149.00,,,,,,,,55,,,,,國文→英文→數學B→地理,7,11,18,15,3,0,0,18
3336,亞洲大學,資訊工程學系(智慧電子組),英文(學測),1.00,數學B(學測),1.00,物理(分科),1.00,,,,,17,81.00,,,,,,,,55,,,,,英文→數學B→物理,7,10,17,15,2,0,0,17
3337,亞洲大學,行動商務與多媒體應用學系,英文(學測),1.00,國文(學測),2.00,歷史(分科),2.00,,,,,21,125.00,,,,,,,,55,,,,,英文→國文→歷史,10,11,21,11,10,0,0,21
3340,亞洲大學,資訊傳播學系,國文(學測),2.00,英文(學測),1.00,歷史(分科),2.00,,,,,7,156.00,,,,,,,,55,,,,,國文→英文→歷史,1,6,7,4,3,0,0,7
3341,亞洲大學,經營管理學系(行銷與企業管理組),國文(學測),1.00,英文(學測),1.00,公民與社會(分科),1.00,,,,,11,85.00,,,,,,,,55,,,,,國文→英文→公民與社會,3,8,11,5,6,0,0,11
3342,亞洲大學,經營管理學系(休閒遊憩管理組),國文(學測),1.00,歷史(分科),1.00,英文(學測),1.00,,,,,5,83.00,,,,,,,,55,,,,,國文→歷史→英文,2,3,5,5,0,0,0,5
3343,亞洲大學,會計與資訊學系,國文(學測),2.00,公民與社會(分科),1.00,歷史(分科),1.00,,,,,13,128.00,,,,,,,,55,,,,,國文→公民與社會→歷史,1,12,13,8,5,0,0,13
3344,亞洲大學,財務金融學系(投資理財組),國文(學測),1.00,公民與社會(分科),2.00,英文(學測),1.00,,,,,7,127.00,,,,,,,,55,,,,,國文→公民與社會→英文,3,4,7,5,2,0,0,7
3345,亞洲大學,財務金融學系(金融科技組),國文(學測),1.00,地理(分科),2.00,英文(學測),1.00,,,,,7,134.00,,,,,,,,55,數學A(底標) 或 數學B(底標),,,,國文→地理→英文,3,4,7,6,1,0,0,7
3346,亞洲大學,財經法律學系,公民與社會(分科),2.00,國文(學測),2.00,歷史(分科),1.00,,,,,36,169.00,,,,,,,,55,,,,,公民與社會→國文→歷史,8,28,36,24,12,0,0,36
3347,亞洲大學,外國語文學系,英文(學測),2.00,國文(學測),2.00,歷史(分科),1.00,,,,,23,86.00,,,,,,,,55,,,,,英文→國文→歷史,1,23,24,8,15,0,0,23
3350,亞洲大學,社會工作學系(兒少家庭與心衛社工組),國文(學測),2.00,公民與社會(分科),2.00,英文(學測),1.00,,,,,13,140.00,,,,,,,,55,,,,,國文→公民與社會→英文,2,11,13,1,12,0,0,13
3351,亞洲大學,社會工作學系(醫務與長期照顧社工組),國文(學測),2.00,歷史(分科),2.00,英文(學測),1.00,,,,,21,114.00,國文(學測),33,,,,,,55,,,,,國文→歷史→英文,2,19,21,8,13,0,0,21
3352,亞洲大學,幼兒教育學系(師資培育學系),國文(學測),2.00,歷史(分科),1.00,數學B(學測),1.00,,,,,29,71.00,,,,,,,,55,,,,,國文→歷史→數學B,4,26,30,3,26,0,0,29
3353,亞洲大學,數位媒體設計學系(動漫遊戲組),國文(學測),2.00,英文(學測),1.00,歷史(分科),2.00,,,,,8,167.00,,,,,,,,55,,,,,國文→英文→歷史,2,6,8,4,4,0,0,8
3354,亞洲大學,數位媒體設計學系(視覺傳達組),國文(學測),2.00,英文(學測),1.00,公民與社會(分科),2.00,,,,,8,146.00,,,,,,,,56,,,,,國文→英文→公民與社會,2,6,8,4,4,0,0,8
3355,亞洲大學,創意商品設計學系,國文(學測),1.00,英文(學測),1.00,公民與社會(分科),1.00,,,,,8,73.00,國文(學測),39,,,,,,56,,,,,國文→英文→公民與社會,1,7,8,2,6,0,0,8
3356,亞洲大學,時尚設計學系,國文(學測),2.00,英文(學測),1.00,公民與社會(分科),2.00,,,,,19,124.00,,,,,,,,56,,,,,國文→英文→公民與社會,2,17,19,4,15,0,0,19
3357,亞洲大學,室內設計學系(商業空間組),歷史(分科),2.00,英文(學測),1.50,地理(分科),1.00,,,,,5,132.00,,,,,,,,56,,,,,歷史→英文→地理,1,4,5,5,0,0,0,5
3360,亞洲大學,室內設計學系(住宅空間組),歷史(分科),2.00,英文(學測),1.50,國文(學測),1.00,,,,,8,133.50,,,,,,,,56,,,,,歷史→英文→國文,1,7,8,3,5,0,0,8
3361,國立宜蘭大學,外國語文學系,英文(學測),2.00,國文(學測),1.50,歷史(分科),1.00,,,,,10,139.00,,,,,,,,56,,,,,英文→國文→歷史,4,6,10,2,8,0,0,10
3362,國立宜蘭大學,應用經濟與管理學系,英文(學測),1.50,公民與社會(分科),1.50,國文(學測),1.00,數學B(學測),1.00,,,34,141.50,,,,,,,,56,,,,,英文→公民與社會→國文→數學B,24,10,34,20,14,0,0,34
3363,國立宜蘭大學,休閒產業與健康促進學系,英文(學測),1.50,國文(學測),1.00,地理(分科),2.00,,,,,8,142.50,,,,,,,,56,,,,,英文→國文→地理,5,3,8,7,1,0,0,8
3364,國立宜蘭大學,土木工程學系,物理(分科),2.00,國文(學測),1.50,數學甲(分科),1.00,,,,,30,133.50,,,,,,,,56,,,,,物理→國文→數學甲,11,19,30,25,5,0,0,30
3365,國立宜蘭大學,機械與機電工程學系,數學甲(分科),1.00,物理(分科),1.00,英文(學測),1.00,國文(學測),1.00,,,30,124.00,數學甲(分科),29,,,,,,56,,,,,數學甲→物理→英文→國文,22,8,30,26,4,0,0,30
3366,國立宜蘭大學,化學工程與材料工程學系,數學甲(分科),1.50,化學(分科),1.50,物理(分科),1.50,英文(學測),1.00,,,46,145.50,數學甲(分科),34,,,,,,56,,,,,數學甲→化學→物理→英文,30,16,46,35,11,0,0,46
3367,國立宜蘭大學,環境工程學系,數學甲(分科),1.00,國文(學測),2.00,英文(學測),1.00,化學(分科),2.00,,,15,186.00,數學甲(分科),19,,,,,,56,,,,,數學甲→國文→英文→化學,6,9,15,10,5,0,0,15
3370,國立宜蘭大學,生物機電工程學系,數學甲(分科),1.00,物理(分科),1.00,英文(學測),1.00,國文(學測),1.00,,,20,121.00,數學甲(分科),24,,,,,,56,,,,,數學甲→物理→英文→國文,15,5,20,12,8,0,0,20
3371,國立宜蘭大學,食品科學系,化學(分科),2.00,自然(學測),2.00,英文(學測),1.00,國文(學測),1.00,,,29,178.00,化學(分科),25,,,,,,56,,,,,化學→自然→英文→國文,9,20,29,19,10,0,0,29
3372,國立宜蘭大學,生物技術與動物科學系,生物(分科),2.00,英文(學測),1.00,化學(分科),1.00,,,,,25,120.00,,,,,,,,56,,,,,生物→英文→化學,14,11,25,10,15,0,0,25
3373,國立宜蘭大學,森林暨自然資源學系,生物(分科),1.50,化學(分科),1.00,數學B(學測),1.00,國文(學測),1.50,,,17,145.00,生物(分科),31,,,,,,56,,,,,生物→化學→數學B→國文,4,13,17,10,7,0,0,17
3374,國立宜蘭大學,園藝學系,化學(分科),1.00,自然(學測),1.00,國文(學測),1.00,,,,,10,93.00,,,,,,,,56,,,,,化學→自然→國文,3,7,10,6,4,0,0,10
3375,國立宜蘭大學,電機工程學系,數學甲(分科),2.00,物理(分科),1.00,英文(學測),1.00,國文(學測),1.00,,,25,175.00,數學甲(分科),37,,,,,,56,,,,,數學甲→物理→英文→國文,12,13,25,20,5,0,0,25
3376,國立宜蘭大學,電子工程學系,數學甲(分科),1.00,物理(分科),2.00,英文(學測),1.50,國文(學測),1.00,,,27,180.50,數學甲(分科),35,,,,,,56,,,,,數學甲→物理→英文→國文,12,15,27,24,3,0,0,27
3377,國立宜蘭大學,資訊工程學系,數學甲(分科),1.00,物理(分科),1.00,英文(學測),1.50,國文(學測),1.00,,,15,162.00,數學甲(分科),37,,,,,,56,,,,,數學甲→物理→英文→國文,8,7,15,11,4,0,0,15
3400,國立聯合大學,機械工程學系,物理(分科),2.00,數學A(學測),1.00,國文(學測),1.00,,,,,34,120.00,物理(分科),25,126.20,,,,,56,,,,,物理→數學A→國文,22,11,33,30,3,1,0,34
3401,國立聯合大學,化學工程學系,數學A(學測),2.00,化學(分科),2.00,物理(分科),2.00,國文(學測),1.00,,,20,209.00,數學A(學測),27,,,,,,56,,,,,數學A→化學→物理→國文,13,7,20,17,3,0,0,20
3402,國立聯合大學,材料科學工程學系,物理(分科),1.00,化學(分科),1.00,數學A(學測),1.00,英文(學測),1.00,國文(學測),1.00,28,147.00,物理(分科),34,,,,,,56,,,,,物理→化學→數學A→英文→國文,9,19,28,22,6,0,0,28
3403,國立聯合大學,環境與安全衛生工程學系,化學(分科),1.50,國文(學測),1.00,數學甲(分科),1.00,,,,,19,100.50,化學(分科),33,113.95,,,,,56,,,,,化學→國文→數學甲,5,13,18,13,5,1,0,19
3404,國立聯合大學,土木與防災工程學系,數學A(學測),1.50,物理(分科),1.50,國文(學測),1.00,,,,,18,112.50,數學A(學測),27,,,,,,56,,,,,數學A→物理→國文,5,13,18,14,4,0,0,18
3405,國立聯合大學,能源工程學系,數學甲(分科),1.00,物理(分科),1.00,化學(分科),1.00,,,,,12,75.00,數學甲(分科),26,,,,,,56,,,,,數學甲→物理→化學,5,7,12,11,1,0,0,12
3406,國立聯合大學,建築學系,國文(學測),2.00,英文(學測),1.50,數學甲(分科),1.50,,,,,26,155.50,,,,,,,,56,,,,,國文→英文→數學甲,13,13,26,16,10,0,0,26
3407,國立聯合大學,工業設計學系(自然組),國文(學測),2.00,英文(學測),2.00,數學甲(分科),1.00,,,,,3,174.00,,,,,,,,56,,,,,國文→英文→數學甲,2,1,3,1,2,0,0,3
3410,國立聯合大學,工業設計學系(社會組),國文(學測),2.00,英文(學測),2.00,數學B(學測),1.00,公民與社會(分科),1.00,,,8,170.00,,,,,,,,56,,,,,國文→英文→數學B→公民與社會,3,5,8,6,2,0,0,8
3411,國立聯合大學,電機工程學系,數學A(學測),1.50,物理(分科),1.50,英文(學測),1.00,,,,,47,122.00,數學A(學測),31,132.30,,,,,56,,,,,數學A→物理→英文,20,26,46,40,6,1,0,47
3412,國立聯合大學,電子工程學系(甲組),數學A(學測),2.00,英文(學測),1.00,物理(分科),1.50,國文(學測),1.50,,,22,194.00,,,,,,,,56,,,,,數學A→英文→物理→國文,11,11,22,18,4,0,0,22
3413,國立聯合大學,電子工程學系(乙組),數學A(學測),2.00,英文(學測),1.00,化學(分科),1.50,國文(學測),1.50,,,22,191.00,數學A(學測),29,,,,,,56,,,,,數學A→英文→化學→國文,11,11,22,19,3,0,0,22
3414,國立聯合大學,光電工程學系,物理(分科),2.00,化學(分科),1.50,國文(學測),1.50,數學A(學測),1.00,,,26,179.50,物理(分科),25,,,,,,56,,,,,物理→化學→國文→數學A,17,9,26,23,3,0,0,26
3415,國立聯合大學,資訊工程學系(A組),數學甲(分科),2.00,英文(學測),2.00,國文(學測),1.75,物理(分科),1.00,,,17,222.75,數學甲(分科),34,,,,,,57,,,,,數學甲→英文→國文→物理,9,8,17,14,3,0,0,17
3416,國立聯合大學,資訊工程學系(B組),數學甲(分科),2.00,英文(學測),2.00,國文(學測),1.75,,,,,16,195.50,,,,,,,,57,,,,,數學甲→英文→國文,9,7,16,12,4,0,0,16
3417,國立聯合大學,經營管理學系,英文(學測),2.00,國文(學測),1.00,公民與社會(分科),1.00,數學B(學測),1.00,,,40,114.00,英文(學測),15,,,,,,57,,,,,英文→國文→公民與社會→數學B,16,24,40,25,15,0,0,40
3420,國立聯合大學,財務金融學系,英文(學測),1.50,數學B(學測),1.50,國文(學測),1.00,公民與社會(分科),1.00,,,29,134.00,英文(學測),15,,,,,,57,,,,,英文→數學B→國文→公民與社會,7,22,29,18,11,0,0,29
3421,國立聯合大學,資訊管理學系,數學B(學測),2.00,國文(學測),2.00,英文(學測),1.75,公民與社會(分科),1.00,,,28,191.50,,,194.65,,,,,57,,,,,數學B→國文→英文→公民與社會,17,10,27,14,13,1,0,28
3422,國立聯合大學,臺灣語文與傳播學系,國文(學測),2.00,英文(學測),2.00,歷史(分科),1.50,,,,,16,99.50,,,,,,,,57,,,,,國文→英文→歷史,7,17,24,6,10,0,0,16
3423,國立聯合大學,華語文學系,國文(學測),2.00,公民與社會(分科),1.00,英文(學測),1.00,,,,,13,76.00,,,,,,,,57,,,,,國文→公民與社會→英文,5,9,14,7,6,0,0,13
3424,國立聯合大學,文化觀光產業學系,國文(學測),2.00,英文(學測),2.00,歷史(分科),1.00,,,,,22,91.00,,,,,,,,57,,,,,國文→英文→歷史,5,17,22,15,7,0,0,22
3425,國立聯合大學,文化創意與數位行銷學系,國文(學測),2.00,英文(學測),1.00,歷史(分科),2.00,,,,,14,145.00,,,,,,,,57,,,,,國文→英文→歷史,4,10,14,6,8,0,0,14
3426,馬偕醫學院,醫學系,生物(分科),1.00,化學(分科),1.00,物理(分科),1.00,英文(學測),1.00,數學甲(分科),1.00,12,269.00,生物(分科),58,309.15,,,,,57,,,,,生物→化學→物理→英文→數學甲,9,2,11,6,5,0,1,12
3427,馬偕醫學院,護理學系,英文(學測),1.50,國文(學測),1.50,生物(分科),1.50,化學(分科),1.00,,,53,170.00,英文(學測),25,,,,,,57,,,,,英文→國文→生物→化學,21,32,53,17,36,0,0,53
3430,馬偕醫學院,聽力暨語言治療學系聽力組,英文(學測),1.50,物理(分科),1.50,生物(分科),1.50,國文(學測),1.00,數學A(學測),1.00,13,239.00,,,,,,,,57,,,,,英文→物理→生物→國文→數學A,8,5,13,3,10,0,0,13
3431,馬偕醫學院,聽力暨語言治療學系語言組,英文(學測),1.25,國文(學測),1.25,生物(分科),1.50,物理(分科),1.00,數學A(學測),1.00,10,246.25,,,,,,,,57,,,,,英文→國文→生物→物理→數學A,6,4,10,1,9,0,0,10
3432,馬偕醫學院,視光學系,生物(分科),1.50,物理(分科),1.25,英文(學測),1.50,國文(學測),1.00,,,22,171.00,,,,,,,,57,,,,,生物→物理→英文→國文,9,13,22,9,13,0,0,22
3433,馬偕醫學院,醫學檢驗暨再生醫學學系,生物(分科),1.50,化學(分科),1.50,英文(學測),1.00,國文(學測),1.00,,,10,216.50,,,,,,,,57,,,,,生物→化學→英文→國文,9,1,10,3,7,0,0,10
3434,國立金門大學,應用英語學系,英文(學測),2.00,國文(學測),2.00,歷史(分科),1.00,,,,,4,93.00,,,,,,,,57,,,,,英文→國文→歷史,7,5,12,3,1,0,0,4
3435,國立金門大學,運動與休閒學系,國文(學測),2.00,歷史(分科),2.00,社會(學測),1.50,,,,,8,121.00,,,,,,,,57,,,,,國文→歷史→社會,5,5,10,6,2,0,0,8
3436,國立金門大學,企業管理學系,國文(學測),2.00,公民與社會(分科),1.50,英文(學測),1.00,,,,,10,80.00,,,,,,,,57,數學B(後標),,,,國文→公民與社會→英文,12,10,22,7,3,0,0,10
3437,國立金門大學,電機工程學系,物理(分科),2.00,國文(學測),2.00,化學(分科),1.00,,,,,23,155.00,物理(分科),21,,,,,,57,,,,,物理→國文→化學,12,11,23,19,4,0,0,23
3440,國立金門大學,食品科學系(A組),生物(分科),2.00,國文(學測),2.00,化學(分科),1.00,,,,,9,154.00,生物(分科),27,,,,,,57,數學A(底標) 或 數學B(底標),,,,生物→國文→化學,4,5,9,3,6,0,0,9
3441,國立金門大學,食品科學系(B組),自然(學測),2.00,國文(學測),2.00,化學(分科),1.00,,,,,8,156.00,自然(學測),32,,,,,,57,數學A(底標) 或 數學B(底標),,,,自然→國文→化學,3,5,8,5,3,0,0,8
3442,國立金門大學,土木與工程管理學系,物理(分科),2.00,國文(學測),2.00,英文(學測),1.00,,,,,12,144.00,,,,,,,,57,,,,,物理→國文→英文,4,8,12,10,2,0,0,12
3443,國立金門大學,觀光管理學系,國文(學測),2.00,英文(學測),1.25,歷史(分科),1.50,,,,,10,91.25,,,,,,,,57,,,,,國文→英文→歷史,7,8,15,6,4,0,0,10
3444,國立金門大學,資訊工程學系,數學甲(分科),2.00,英文(學測),2.00,國文(學測),1.00,,,,,29,142.00,,,,,,,,57,,,,,數學甲→英文→國文,11,18,29,23,6,0,0,29
3445,國立金門大學,建築學系,國文(學測),2.00,英文(學測),2.00,歷史(分科),1.75,,,,,23,118.75,,,,,,,,57,,,,,國文→英文→歷史,10,13,23,16,7,0,0,23
3446,國立金門大學,國際暨大陸事務學系,公民與社會(分科),2.00,國文(學測),2.00,歷史(分科),1.00,,,,,7,103.00,,,,,,,,57,,,,,公民與社會→國文→歷史,6,14,20,3,4,0,0,7
3447,國立金門大學,華語文學系,國文(學測),2.00,歷史(分科),2.00,英文(學測),1.00,,,,,2,124.00,,,,,,,,57,,,,,國文→歷史→英文,3,17,20,1,1,0,0,2
3450,國立金門大學,海洋與邊境管理學系,公民與社會(分科),2.00,社會(學測),1.00,國文(學測),2.00,,,,,11,141.00,,,,,,,,57,,,,,公民與社會→社會→國文,8,3,11,5,6,0,0,11
3451,國立金門大學,工業工程與管理學系(管理科學組),國文(學測),2.00,英文(學測),1.00,公民與社會(分科),1.00,,,,,9,111.00,,,,,,,,57,數學A(底標) 或 數學B(底標),,,,國文→英文→公民與社會,5,4,9,7,2,0,0,9
3452,國立金門大學,工業工程與管理學系(電子化應用組),國文(學測),2.00,英文(學測),1.00,物理(分科),1.00,,,,,14,121.00,,,,,,,,57,數學A(底標) 或 數學B(底標),,,,國文→英文→物理,4,10,14,10,4,0,0,14
3453,國立金門大學,都市計畫與景觀學系,地理(分科),2.00,社會(學測),1.50,國文(學測),1.00,,,,,16,94.50,,,,,,,,57,,,,,地理→社會→國文,5,11,16,12,4,0,0,16
3454,國立金門大學,社會工作學系,公民與社會(分科),2.00,社會(學測),1.25,國文(學測),1.00,,,,,9,94.00,,,,,,,,57,,,,,公民與社會→社會→國文,8,10,18,4,5,0,0,9
3455,國立金門大學,長期照護學系,國文(學測),2.00,英文(學測),1.50,公民與社會(分科),1.00,,,,,6,86.50,,,,,,,,57,,,,,國文→英文→公民與社會,8,12,20,0,6,0,0,6
3456,國立金門大學,護理學系(A組),國文(學測),2.00,生物(分科),1.50,英文(學測),1.00,,,,,10,140.50,,,147.60,,,,,58,,,,,國文→生物→英文,5,4,9,2,7,1,0,10
3457,國立金門大學,護理學系(B組),國文(學測),2.00,公民與社會(分科),1.50,英文(學測),1.00,,,,,4,106.50,,,,,,,,58,,,,,國文→公民與社會→英文,5,4,9,2,2,0,0,4
