學校代碼,學校,校系代碼,性別要求,校系名稱,主修,招生名額,表格類別,檢定_國文,檢定_英文,檢定_數學A,檢定_數學B,檢定_社會,檢定_自然,檢定_英聽,倍率_國文,倍率_英文,倍率_數學A,倍率_數學B,倍率_社會,倍率_自然,倍率_學測科目組合,術科或APCS篩選,篩選順序1,篩選順序2,篩選順序3,篩選順序4,篩選順序5,篩選順序6,篩選順序7,篩選順序8,篩選順序9,篩選順序10,篩選順序11,同級分超額篩選
001,國立臺灣大學,001012,無,中國文學系,,23,一般,前標,均標,均標,均標,均標,--,--,3,6,--,--,8,--,--,--,社會12,英文10,國文15,--,--,--,--,--,--,--,--,*
001,國立臺灣大學,001022,無,外國語文學系,,48,一般,前標,頂標,均標,均標,前標,--,A,--,2.5,--,--,--,--,--,--,英文15,--,--,--,--,--,--,--,--,--,--,*
001,國立臺灣大學,001032,無,歷史學系,,23,一般,前標,前標,--,均標,前標,--,--,6,4,--,--,3,--,--,--,國文13,英文13,社會15,--,--,--,--,--,--,--,--,*
001,國立臺灣大學,001042,無,哲學系,,21,一般,前標,前標,前標,前標,--,--,--,6,3,--,--,--,--,--,--,國文12,英文14,--,--,--,--,--,--,--,--,--,*
001,國立臺灣大學,001052,無,人類學系,,13,一般,--,均標,--,--,均標,--,--,--,5,--,--,--,--,2.5,--,英文14,國英數B社53,--,--,--,--,--,--,--,--,--,*
001,國立臺灣大學,001062,無,圖書資訊學系,,23,一般,前標,前標,均標,均標,均標,--,--,5,3,--,--,--,--,6,--,國英社40,國文14,英文14,--,--,--,--,--,--,--,--,*
001,國立臺灣大學,001072,無,日本語文學系,,25,一般,前標,前標,--,均標,前標,--,--,3,3,--,--,4,--,5,--,國英數B社51,社會14,(國文+英文)27,--,--,--,--,--,--,--,--,*
001,國立臺灣大學,001082,男,戲劇學系,,8,一般,前標,前標,--,均標,均標,--,--,5,3,--,10,15,--,8,--,社會10,數學B6,國英數B社43,國文12,英文13,--,--,--,--,--,--,*
001,國立臺灣大學,001082,女,戲劇學系,,9,一般,前標,前標,--,均標,均標,--,--,5,3,--,10,15,--,8,--,社會10,數學B6,國英數B社45,國文13,英文14,--,--,--,--,--,--,--
001,國立臺灣大學,001092,無,數學系,,16,一般,--,前標,頂標,--,--,頂標,--,--,--,3,--,--,10,--,--,自然13,數學A14,--,--,--,--,--,--,--,--,--,*
001,國立臺灣大學,001102,無,物理學系,,29,一般,均標,均標,前標,--,--,前標,--,--,--,3,--,--,6,--,--,自然14,數A14,--,--,--,--,--,--,--,--,--,*
001,國立臺灣大學,001112,無,化學系,,24,一般,均標,均標,均標,--,--,均標,--,--,3,55,--,--,4,--,--,數學A12,自然14,英文14,--,--,--,--,--,--,--,--,*
001,國立臺灣大學,001122,無,地質科學系,,25,一般,均標,均標,均標,--,--,均標,--,--,--,4,--,--,3,6,--,國英數A自43,數學A10,自然13,--,--,--,--,--,--,--,--,*
001,國立臺灣大學,001132,無,心理學系,,20,一般,均標,均標,均標,--,--,均標,--,--,2.5,2.5,--,--,2.5,--,--,(英文+數學A+自然)41,--,--,--,--,--,--,--,--,--,--,*
001,國立臺灣大學,001142,無,地理環境資源學系,,15,一般,--,均標,均標,--,均標,--,--,--,3,5,--,6,--,7,--,英數A社35,社會13,數學A10,英文13,--,--,--,--,--,--,--,*
001,國立臺灣大學,001152,無,大氣科學系,,20,一般,均標,均標,均標,--,--,均標,--,--,--,3,--,--,3,6,--,國英數A自47,(數學A+自然)26,--,--,--,--,--,--,--,--,--,*
001,國立臺灣大學,001162,無,政治學系政治理論組,,18,一般,前標,前標,均標,均標,前標,--,--,5,2.5,--,--,5,--,--,--,(國文+社會)29,英文14,--,--,--,--,--,--,--,--,--,*
001,國立臺灣大學,001172,無,政治學系國際關係組,,18,一般,前標,前標,均標,均標,前標,--,--,5,2.5,--,--,5,--,--,--,(國文+社會)29,英文15,--,--,--,--,--,--,--,--,--,*
001,國立臺灣大學,001182,無,政治學系公共行政組,,17,一般,前標,前標,均標,均標,前標,--,--,5,2.5,--,--,5,--,--,--,(國文+社會)29,英文14,--,--,--,--,--,--,--,--,--,*
001,國立臺灣大學,001192,無,經濟學系A組,,20,一般,--,前標,前標,--,--,--,--,--,--,3,--,6,--,--,--,社會13,數學A12,--,--,--,--,--,--,--,--,--,*
001,國立臺灣大學,001202,無,經濟學系B組,,14,一般,--,前標,前標,--,--,--,--,--,7,3.5,--,--,--,--,--,英文12,數學A13,--,--,--,--,--,--,--,--,--,*
001,國立臺灣大學,001212,無,經濟學系C組,,21,一般,--,前標,前標,--,--,--,--,--,--,3,--,6,--,--,--,社會15,數學A12,--,--,--,--,--,--,--,--,--,*
001,國立臺灣大學,001222,無,社會學系,,19,一般,前標,前標,--,均標,前標,--,--,3,3,--,--,3,--,--,--,(國文+英文+社會)43,--,--,--,--,--,--,--,--,--,--,*
001,國立臺灣大學,001232,無,社會工作學系,,17,一般,均標,均標,--,均標,均標,--,--,5,3,--,5,5,--,--,--,(國文+數學B+社會)38,英文13,--,--,--,--,--,--,--,--,--,*
001,國立臺灣大學,001242,無,醫學系,,51,一般,頂標,頂標,頂標,--,--,頂標,--,4,2,2,--,--,2,3,--,國文14,國英數A自59,(英文+數學A+自然)45,--,--,--,--,--,--,--,--,*
001,國立臺灣大學,001252,無,醫學系(公費生),,12,一般,頂標,頂標,頂標,--,--,頂標,--,4,22,2,--,--,2,3,--,國文14,國英數A自55,(英文+數學A+自然)41,--,--,--,--,--,--,--,--,*
001,國立臺灣大學,001262,無,牙醫學系,,11,一般,前標,頂標,頂標,--,--,頂標,--,--,2.5,2.5,--,--,2.5,3,--,國英數A自59,(英文+數學A+自然)44,--,--,--,--,--,--,--,--,--,*
001,國立臺灣大學,001272,無,藥學系,,23,一般,均標,均標,--,--,--,--,--,--,--,3,--,--,3,2.5,--,(數學A+自然)28,國英27,--,--,--,--,--,--,--,--,--,*
001,國立臺灣大學,001282,無,醫學檢驗暨生物技術學系,,20,一般,均標,前標,均標,--,--,前標,--,--,--,--,--,--,3,--,--,自然14,--,--,--,--,--,--,--,--,--,--,*
001,國立臺灣大學,001292,無,護理學系,,30,一般,均標,均標,均標,--,--,均標,--,--,6,--,--,--,3,--,--,英文12,自然13,--,--,--,--,--,--,--,--,--,*
001,國立臺灣大學,001302,無,物理治療學系,,16,一般,均標,均標,均標,--,--,均標,--,--,3,3,--,--,3,--,--,(英文+數學A+自然)40,--,--,--,--,--,--,--,--,--,--,*
001,國立臺灣大學,001312,無,職能治療學系,,21,一般,前標,前標,前標,--,--,前標,--,5,6,3,--,--,3,--,--,英文13,國文14,(數學A+自然)24,--,--,--,--,--,--,--,--,*
001,國立臺灣大學,001322,無,土木工程學系,,54,一般,均標,均標,均標,--,--,均標,--,3,3,3,--,--,3,--,--,(國文+英文+數學A+自然)51,--,--,--,--,--,--,--,--,--,--,*
001,國立臺灣大學,001332,無,機械工程學系,,82,一般,--,均標,前標,--,--,前標,--,--,3,3,--,--,3,--,--,(英文+數學A+自然)41,--,--,--,--,--,--,--,--,--,--,*
001,國立臺灣大學,001342,無,化學工程學系,,61,一般,--,前標,前標,--,--,前標,--,--,6,3,--,--,3,--,--,英文12,(數學A+自然)27,--,--,--,--,--,--,--,--,--,*
001,國立臺灣大學,001352,無,工程科學及海洋工程學系,,28,一般,--,均標,均標,--,--,均標,--,--,--,3,--,--,6,10,--,英數A自25,自然13,數學A14,--,--,--,--,--,--,--,--,*
001,國立臺灣大學,001362,無,材料科學與工程學系,,29,一般,--,前標,前標,--,--,前標,--,--,8,5,--,--,3,--,--,英文13,數A14,自然15,--,--,--,--,--,--,--,--,*
001,國立臺灣大學,001372,無,醫學工程學系,,17,一般,前標,前標,前標,--,--,前標,--,3,4,4,--,--,4,--,--,(英文+數學A+自然)41,國文13,--,--,--,--,--,--,--,--,--,*
001,國立臺灣大學,001382,無,農藝學系,,14,一般,--,均標,--,--,--,--,--,--,3.5,3.5,--,--,5,10,--,國英數A自47,自然12,(英文+數學A)24,--,--,--,--,--,--,--,--,*
001,國立臺灣大學,001392,無,生物環境系統工程學系,,2727,一般,均標,均標,均標,--,--,均標,--,--,10,6,--,--,3,--,--,英文12,數學A11,自然13,--,--,--,--,--,--,--,--,*
001,國立臺灣大學,001402,無,農業化學系,,25,一般,均標,均標,均標,--,--,均標,--,--,--,5,--,--,3,10,--,國英數A自42,數A11,自然14,--,--,--,--,--,--,--,--,*
001,國立臺灣大學,001412,無,森林環境暨資源學系,,39,一般,--,均標,均標,--,--,均標,--,--,--,--,--,--,3,--,--,自然13,--,--,--,--,--,--,--,--,--,--,*
001,國立臺灣大學,001422,無,動物科學技術學系,,17,一般,均標,均標,均標,--,--,均標,--,--,--,--,--,--,3,6,--,國英數A34,自然14,--,--,--,--,--,--,--,--,--,*
001,國立臺灣大學,001432,無,農業經濟學系,,19,一般,前標,前標,前標,--,--,--,--,--,4,3,--,--,--,--,--,英文14,數學A10,--,--,--,--,--,--,--,--,--,*
001,國立臺灣大學,001442,無,園藝暨景觀學系,,24,一般,均標,均標,均標,--,--,均標,--,--,5,--,--,--,2.5,--,--,英文12,自然12,--,--,--,--,--,--,--,--,--,*
001,國立臺灣大學,001452,無,獸醫學系,,29,一般,均標,前標,均標,--,--,前標,--,3,4,3,--,--,2.5,5,--,國英數A自53,英文13,(國文+數學A)26,自然14,--,--,--,--,--,--,--,*
001,國立臺灣大學,001462,無,生物產業傳播暨發展學系,,20,一般,前標,前標,均標,--,前標,--,--,3,3,3,--,3,--,--,--,(國文+英文+數學A+社會)53,--,--,--,--,--,--,--,--,--,--,*
001,國立臺灣大學,001472,無,生物機電工程學系,,19,一般,--,均標,均標,--,--,均標,--,--,6,3,--,--,3,10,--,英數A自39,英文14,(數學A+自然)26,--,--,--,--,--,--,--,--,*
001,國立臺灣大學,001482,無,昆蟲學系,,17,一般,均標,均標,均標,--,--,均標,--,--,--,--,--,--,3,5,--,英數A自33,自然13,--,--,--,--,--,--,--,--,--,*
001,國立臺灣大學,001492,無,植物病理與微生物學系,,15,一般,均標,均標,均標,--,--,均標,--,--,3,--,--,--,6,--,--,自然11,英文14,--,--,--,--,--,--,--,--,--,*
001,國立臺灣大學,001502,無,工商管理學系企業管理組,,28,一般,--,頂標,頂標,--,--,--,--,--,3,3,--,--,--,4,--,國英數A社55,(英文+數學A)27,--,--,--,--,--,--,--,--,--,*
001,國立臺灣大學,001512,無,工商管理學系科技管理組,,24,一般,--,頂標,頂標,--,--,--,--,--,3,3,--,--,--,4,--,國英數A自50,(英文+數學A)27,--,--,--,--,--,--,--,--,--,*
001,國立臺灣大學,001522,無,會計學系,,42,一般,頂標,頂標,頂標,--,--,--,--,--,3,3,--,--,--,4,--,國英數A39,(英文+數學A)27,--,--,--,--,--,--,--,--,--,*
001,國立臺灣大學,001532,無,財務金融學系,,50,一般,頂標,頂標,頂標,--,--,--,--,--,2.5,3,--,--,--,4,--,國英數A41,數學A13,英文14,--,--,--,--,--,--,--,--,*
001,國立臺灣大學,001542,無,國際企業學系,,48,一般,--,頂標,前標,--,--,--,--,--,2.5,--,--,--,--,3.5,--,國英數A社54,英文15,--,--,--,--,--,--,--,--,--,*
001,國立臺灣大學,001552,無,資訊管理學系,,34,一般,--,頂標,頂標,--,--,--,--,--,3,3,--,--,--,5,--,國英數A自54,(英文+數學A)28,--,--,--,--,--,--,--,--,--,*
001,國立臺灣大學,001562,無,資訊管理學系(資安組),,2,一般,--,頂標,頂標,--,--,--,--,--,5,5,--,--,--,10,--,國英數A自54,(英文+數學A)28,--,--,--,--,--,--,--,--,--,*
001,國立臺灣大學,001572,無,公共衛生學系,,25,一般,--,前標,前標,--,--,均標,--,--,--,--,--,--,--,3,--,英數A自38,--,--,--,--,--,--,--,--,--,--,*
001,國立臺灣大學,001582,無,電機工程學系,,92,一般,--,頂標,頂標,--,--,頂標,--,--,2.5,2.5,--,--,2.5,--,--,(英文+數學A+自然)44,--,--,--,--,--,--,--,--,--,--,*
001,國立臺灣大學,001592,無,資訊工程學系,,59,一般,--,頂標,頂標,--,--,頂標,--,--,10,2.5,--,--,10,--,--,(英文+自然)26,數學A15,--,--,--,--,--,--,--,--,--,*
001,國立臺灣大學,001612,無,資訊工程學系(資安組),,2,一般,--,前標,前標,--,--,前標,--,--,10,5,--,--,--,--,--,英文15,數學A14,--,--,--,--,--,--,--,--,--,*
001,國立臺灣大學,001622,無,法律學系法學組,,18,一般,頂標,頂標,--,前標,頂標,--,--,3,3,--,--,--,--,--,--,(國文+英文)30,--,--,--,--,--,--,--,--,--,--,*
001,國立臺灣大學,001632,無,法律學系司法組,,18,一般,頂標,頂標,--,前標,頂標,--,--,3,3,--,--,--,--,--,--,(國文+英文)30,--,--,--,--,--,--,--,--,--,--,*
001,國立臺灣大學,001642,無,法律學系財經法學組,,18,一般,頂標,頂標,--,前標,頂標,--,--,3,3,--,--,--,--,--,--,(國文+英文)30,--,--,--,--,--,--,--,--,--,--,*
001,國立臺灣大學,001652,無,生命科學系,,31,一般,前標,--,前標,--,--,--,--,--,3,--,--,--,3,5,--,國英數A自49,(英文+自然)27,--,--,--,--,--,--,--,--,--,*
001,國立臺灣大學,001662,無,生化科技學系,,29,一般,均標,均標,均標,--,--,均標,--,--,6,10,--,--,3,--,--,數學A10,英文13,自然14,--,--,--,--,--,--,--,--,*
001,國立臺灣大學,001672,無,國際體育運動事務學士學位學程,,5,一般,均標,均標,--,均標,均標,--,--,8,5,--,--,--,--,--,--,國文12,英文13,--,--,--,--,--,--,--,--,--,*
001,國立臺灣大學,001682,無,希望組甲組(文社法),,12,一般,前標,前標,--,均標,均標,--,--,4,4,--,--,4,--,6,--,國英數B社42,(國文+英文+社會)38,--,--,--,--,--,--,--,--,--,--
001,國立臺灣大學,001692,無,希望組乙組(地理及生傳),,2,一般,--,前標,前標,--,均標,--,--,--,4,4,--,4,--,6,--,英數A社33,(英文+數學A+社會)33,--,--,--,--,--,--,--,--,--,--
001,國立臺灣大學,001702,無,希望組丙組(理),,6,一般,均標,均標,前標,--,--,前標,--,--,4,4,--,--,4,6,--,國英數A自42,(英文+數學A+自然)34,--,--,--,--,--,--,--,--,--,*
001,國立臺灣大學,001712,無,希望組丁組(生醫),,8,一般,前標,前標,前標,--,--,前標,--,--,4,4,--,--,4,6,--,國英數A自45,(英文+數學A+自然)33,--,--,--,--,--,--,--,--,--,--
001,國立臺灣大學,001722,無,希望組戊組(工電資),,13,一般,均標,均標,前標,--,--,前標,--,--,3.5,3.5,--,--,3.5,6,--,國英數A自43,(英文+數學A+自然)37,--,--,--,--,--,--,--,--,--,*
001,國立臺灣大學,001732,無,希望組己組(經管),,5,一般,前標,前標,前標,--,均標,--,--,--,3,3,--,--,--,5,--,國英數A社45,(英文+數學A)21,--,--,--,--,--,--,--,--,--,--
001,國立臺灣大學,001742,無,希望組庚組(生農),,9,一般,均標,均標,均標,--,--,均標,--,--,4,4,--,--,4,6,--,國英數A自38,(英文+數學A+自然)29,--,--,--,--,--,--,--,--,--,*
001,國立臺灣大學,001752,無,希望組辛組(醫牙),,2,一般,頂標,頂標,頂標,--,--,頂標,--,4,2,2,--,--,2,3,--,國文14,國英數A自57,(英文+數學A+自然)43,--,--,--,--,--,--,--,--,*
001,國立臺灣大學,001602,無,資訊工程學系(APCS組),,5,APCS,,,,,,,,,,,,,,,見原始圖片,數學A12,APCS實作5,--,--,--,--,--,--,--,--,--,*
002,國立臺灣師範大學,002012,無,教育學系,,26,一般,前標,前標,--,均標,均標,--,--,--,--,--,--,--,--,2.5,--,國英數B社51,--,--,--,--,--,--,--,--,--,--,*
002,國立臺灣師範大學,002022,無,教育心理與輔導學系,,16,一般,前標,前標,--,均標,均標,--,--,--,--,--,--,--,--,3,--,國英B社53,--,--,--,--,--,--,--,--,--,--,*
002,國立臺灣師範大學,002032,無,社會教育學系,,22,一般,前標,前標,--,均標,前標,--,--,3,5,--,5,3,--,--,--,(英文+數學B)17,(國文+社會)24,--,--,--,--,--,--,--,--,--,--
002,國立臺灣師範大學,002042,無,社會教育學系(青年儲蓄帳戶組),,1,一般,前標,前標,--,--,--,--,--,--,--,--,--,--,--,--,--,--,--,--,--,--,--,--,--,--,--,--,--
002,國立臺灣師範大學,002052,無,健康促進與衛生教育學系,,18,一般,均標,均標,--,--,--,--,--,2.5,2.5,--,--,--,--,--,--,(國文+英文)25,--,--,--,--,--,--,--,--,--,--,*
002,國立臺灣師範大學,002062,無,幼兒與家庭科學學系家庭生活與教育組,,14,一般,均標,均標,--,均標,均標,--,--,--,--,--,--,--,--,3,--,國英數B社46,--,--,--,--,--,--,--,--,--,--,*
002,國立臺灣師範大學,002072,無,幼兒與家庭科學學系幼兒發展與教育組,,14,一般,均標,均標,--,--,--,--,--,--,3,--,4,--,--,5,--,國英數B社43,數學B9,英文10,--,--,--,--,--,--,--,--,*
002,國立臺灣師範大學,002082,無,幼兒與家庭科學學系幼兒發展與教育組(青年儲蓄帳戶組),,1,一般,均標,均標,--,--,--,--,--,--,--,--,--,--,--,--,--,--,--,--,--,--,--,--,--,--,--,--,--
002,國立臺灣師範大學,002092,無,公民教育與活動領導學系,,29,一般,前標,前標,--,均標,前標,--,--,--,--,--,--,3,--,4,--,國英數B社46,社會14,--,--,--,--,--,--,--,--,--,*
002,國立臺灣師範大學,002102,無,特殊教育學系,,15,一般,均標,均標,--,--,--,--,--,3,4,--,--,--,--,5,--,國英26,英文12,國文13,--,--,--,--,--,--,--,--,*
002,國立臺灣師範大學,002112,無,特殊教育學系(公費生),,1,一般,均標,均標,--,--,--,--,--,8,9,--,--,--,--,10,--,國英26,英文12,國文14,--,--,--,--,--,--,--,--,--
002,國立臺灣師範大學,002122,無,學習科學學士學位學程,,5,一般,均標,均標,前標,--,--,--,--,8,--,4,--,--,--,--,--,國文11,數學A10,--,--,--,--,--,--,--,--,--,*
002,國立臺灣師範大學,002132,無,教育學院學士班,,8,一般,均標,均標,均標,均標,--,--,--,--,4,--,--,--,--,5,--,國英26,英文14,--,--,--,--,--,--,--,--,--,*
002,國立臺灣師範大學,002142,無,教育學院學士班(青年儲蓄帳戶組),,1,一般,均標,均標,--,--,--,--,--,--,--,--,--,--,--,--,--,--,--,--,--,--,--,--,--,--,--,--,--
002,國立臺灣師範大學,002152,無,國文學系,,36,一般,前標,前標,--,--,前標,--,--,3,--,--,--,--,--,4,--,國英社38,國文14,--,--,--,--,--,--,--,--,--,*
002,國立臺灣師範大學,002162,無,英語學系,,40,一般,--,頂標,--,--,--,--,A,--,3,--,--,--,--,--,--,英文15,--,--,--,--,--,--,--,--,--,--,*
002,國立臺灣師範大學,002172,無,英語學系(公費生甲組),,1,一般,--,頂標,--,--,--,--,A,--,3,--,--,--,--,--,--,英文15,--,--,--,--,--,--,--,--,--,--,--
002,國立臺灣師範大學,002182,無,英語學系(公費生乙組),,1,一般,--,頂標,--,--,--,--,A,--,3,--,--,--,--,--,--,英文14,--,--,--,--,--,--,--,--,--,--,--
002,國立臺灣師範大學,002192,無,歷史學系,,25,一般,前標,前標,--,--,前標,--,--,5,4,--,--,3,--,6,--,國英社38,國文13,英文11,社會14,--,--,--,--,--,--,--,*
002,國立臺灣師範大學,002202,無,歷史學系(公費生),,1,一般,前標,前標,--,--,前標,--,--,12,11,--,--,10,--,13,--,國英社41,國文13,英文12,社會14,--,--,--,--,--,--,--,*
002,國立臺灣師範大學,002212,無,地理學系,,35,一般,前標,均標,--,均標,均標,--,B,--,4,--,3,5,--,--,--,社會13,英文10,數B9,--,--,--,--,--,--,--,--,*
002,國立臺灣師範大學,002222,無,臺灣語文學系,,8,一般,前標,均標,--,--,前標,--,--,7,5,--,--,4,--,--,--,國文13,英文10,社會13,--,--,--,--,--,--,--,--,*
002,國立臺灣師範大學,002232,無,數學系,,44,一般,--,均標,前標,--,--,均標,--,--,--,3,--,--,--,5,--,英數A自28,數學A12,--,--,--,--,--,--,--,--,--,*
002,國立臺灣師範大學,002242,無,數學系(公費生),,1,一般,--,均標,前標,--,--,均標,--,--,--,3,--,--,--,5,--,英數A自37,數學A14,--,--,--,--,--,--,--,--,--,*
002,國立臺灣師範大學,002252,無,物理學系,,35,一般,--,--,--,--,--,均標,--,--,--,3,--,--,4,--,--,自然13,數A11,--,--,--,--,--,--,--,--,--,*
002,國立臺灣師範大學,002262,無,物理學系(公費生),,1,一般,--,--,--,--,--,均標,--,--,--,10,--,--,12,--,--,自然13,數學A12,--,--,--,--,--,--,--,--,--,*
002,國立臺灣師範大學,002272,無,化學系,,37,一般,--,均標,均標,--,--,均標,--,--,5,4,--,--,3,--,--,英文11,數學A10,自然12,--,--,--,--,--,--,--,--,*
002,國立臺灣師範大學,002282,無,生命科學系,,21,一般,均標,均標,均標,--,--,--,--,--,--,--,--,--,3,10,--,國英數A自42,自然13,--,--,--,--,--,--,--,--,--,*
002,國立臺灣師範大學,002292,無,地球科學系,,13,一般,--,--,均標,--,--,均標,--,--,--,12,--,--,3.5,--,--,數A9,自然13,--,--,--,--,--,--,--,--,--,*
002,國立臺灣師範大學,002302,無,資訊工程學系,,24,一般,均標,均標,前標,--,--,前標,--,--,8,3,--,--,--,--,--,英文8,數學A12,--,--,--,--,--,--,--,--,--,*
002,國立臺灣師範大學,002322,無,資訊工程學系(資安組),,5,一般,均標,均標,前標,--,--,--,--,--,10,3,--,--,--,--,--,英文12,數學A12,--,--,--,--,--,--,--,--,--,*
002,國立臺灣師範大學,002332,無,營養科學學士學位學程,,13,一般,--,均標,--,--,--,均標,--,--,--,--,--,--,3,10,--,國英數A自42,自然13,--,--,--,--,--,--,--,--,--,*
002,國立臺灣師範大學,002342,無,科技應用與人力資源發展學系,,39,一般,--,均標,均標,--,--,均標,--,--,3,4,--,--,5,--,--,自然9,數學A7,英文9,--,--,--,--,--,--,--,--,--
002,國立臺灣師範大學,002352,無,圖文傳播學系,,8,一般,均標,均標,均標,--,--,--,--,7,6,8,--,--,--,--,--,數學A9,國文12,英文11,--,--,--,--,--,--,--,--,*
002,國立臺灣師範大學,002362,無,機電工程學系,,11,一般,均標,均標,前標,--,--,均標,--,--,8,5,--,--,8,4.5,--,(英文+自然)22,數A11,國英數A自47,--,--,--,--,--,--,--,--,*
002,國立臺灣師範大學,002372,無,電機工程學系,,2727,一般,均標,前標,前標,--,--,前標,--,--,5,3,--,--,5,--,--,(英文+自然)25,數學A12,--,--,--,--,--,--,--,--,--,*
002,國立臺灣師範大學,002382,無,光電工程學士學位學程,,3,一般,均標,前標,前標,--,--,前標,--,--,18,18,--,--,16,--,--,(英文+數學A)21,自然12,--,--,--,--,--,--,--,--,--,*
002,國立臺灣師範大學,002392,無,華語文教學系應用華語文學組,,18,一般,均標,均標,--,--,--,--,--,5,3,--,--,--,--,--,--,國文13,英文13,--,--,--,--,--,--,--,--,--,*
002,國立臺灣師範大學,002402,無,華語文教學系應用華語文學組(青年儲蓄帳戶組),,1,一般,均標,均標,--,--,--,--,--,--,--,--,--,--,--,--,--,--,--,--,--,--,--,--,--,--,--,--,--
002,國立臺灣師範大學,002412,無,東亞學系,,20,一般,均標,前標,--,均標,均標,--,--,4,5,--,3,--,--,--,--,英文13,國文12,數B7,--,--,--,--,--,--,--,--,*
002,國立臺灣師範大學,002422,無,企業管理學系,,17,一般,均標,均標,均標,前標,--,--,--,5,3,--,--,--,--,--,--,國文13,英文13,--,--,--,--,--,--,--,--,--,*
002,國立臺灣師範大學,002432,無,設計學系產品設計組,,10,一般,均標,均標,--,均標,--,--,--,--,--,--,--,--,--,5,--,國英數B35,--,--,--,--,--,--,--,--,--,--,*
002,國立臺灣師範大學,002442,無,晨光招生(學習科學學士學位學程),,3,一般,後標,均標,均標,--,--,--,--,8,--,5,--,--,--,--,--,國文10,數學A7,--,--,--,--,--,--,--,--,--,*
002,國立臺灣師範大學,002452,無,晨光招生(生命科學系),,3,一般,均標,均標,後標,--,--,--,--,--,--,15,--,--,7,--,--,數A5,自然9,--,--,--,--,--,--,--,--,--,--
002,國立臺灣師範大學,002462,無,晨光招生(光電工程學士學位學程),,2,一般,後標,後標,均標,--,--,均標,--,--,--,20,--,--,10,--,--,數A7,自然11,--,--,--,--,--,--,--,--,--,*
002,國立臺灣師範大學,002472,無,晨光招生(企業管理學系),,2,一般,均標,均標,均標,前標,--,--,--,15,10,--,--,--,--,--,--,國文11,英文8,--,--,--,--,--,--,--,--,--,--
002,國立臺灣師範大學,002482,無,晨光招生(表演藝術學士學位學程),,2,一般,均標,底標,--,--,--,--,--,10,--,--,--,--,--,--,--,國文12,--,--,--,--,--,--,--,--,--,--,*
002,國立臺灣師範大學,002312,無,資訊工程學系(APCS組),,3,APCS,,,,,,,,,,,,,,,見原始圖片,英文10,數學A11,(APCS識讀+APCS實作)7,--,--,--,--,--,--,--,--,*
002,國立臺灣師範大學,002492,無,音樂學系,鋼琴,19,音樂,,,,,,,,,,,,,,,見原始圖片,主修84.5,--,--,--,--,--,--,--,--,--,--,--
002,國立臺灣師範大學,002492,無,音樂學系,聲樂,8,音樂,,,,,,,,,,,,,,,見原始圖片,主修87.14,--,--,--,--,--,--,--,--,--,--,--
002,國立臺灣師範大學,002492,無,音樂學系,小提琴,8,音樂,,,,,,,,,,,,,,,見原始圖片,主修84.43,--,--,--,--,--,--,--,--,--,--,--
002,國立臺灣師範大學,002492,無,音樂學系,中提琴,3,音樂,,,,,,,,,,,,,,,見原始圖片,主修85.43,--,--,--,--,--,--,--,--,--,--,*
002,國立臺灣師範大學,002492,無,音樂學系,大提琴,3,音樂,,,,,,,,,,,,,,,見原始圖片,主修86.57,--,--,--,--,--,--,--,--,--,--,*
002,國立臺灣師範大學,002492,無,音樂學系,低音提琴,2,音樂,,,,,,,,,,,,,,,見原始圖片,主修85.54,--,--,--,--,--,--,--,--,--,--,--
002,國立臺灣師範大學,002492,無,音樂學系,豎琴,1,音樂,,,,,,,,,,,,,,,見原始圖片,--,--,--,--,--,--,--,--,--,--,--,--
002,國立臺灣師範大學,002492,無,音樂學系,長號,1,音樂,,,,,,,,,,,,,,,見原始圖片,主修86.44,--,--,--,--,--,--,--,--,--,--,--
002,國立臺灣師範大學,002492,無,音樂學系,小號,1,音樂,,,,,,,,,,,,,,,見原始圖片,主修88.22,--,--,--,--,--,--,--,--,--,--,--
002,國立臺灣師範大學,002492,無,音樂學系,法國號,1,音樂,,,,,,,,,,,,,,,見原始圖片,主修86.22,--,--,--,--,--,--,--,--,--,--,--
002,國立臺灣師範大學,002492,無,音樂學系,上低音號,1,音樂,,,,,,,,,,,,,,,見原始圖片,主修87,--,--,--,--,--,--,--,--,--,--,--
002,國立臺灣師範大學,002492,無,音樂學系,長笛,2,音樂,,,,,,,,,,,,,,,見原始圖片,主修87.67,--,--,--,--,--,--,--,--,--,--,--
002,國立臺灣師範大學,002492,無,音樂學系,單簧管(豎笛),1,音樂,,,,,,,,,,,,,,,見原始圖片,主修89.56,--,--,--,--,--,--,--,--,--,--,--
002,國立臺灣師範大學,002492,無,音樂學系,雙簧管,1,音樂,,,,,,,,,,,,,,,見原始圖片,主修88.44,--,--,--,--,--,--,--,--,--,--,--
002,國立臺灣師範大學,002492,無,音樂學系,低音管,1,音樂,,,,,,,,,,,,,,,見原始圖片,主修87.11,--,--,--,--,--,--,--,--,--,--,--
002,國立臺灣師範大學,002492,無,音樂學系,擊樂,2,音樂,,,,,,,,,,,,,,,見原始圖片,主修88.33,--,--,--,--,--,--,--,--,--,--,--
002,國立臺灣師範大學,002492,無,音樂學系,理論作曲,6,音樂,,,,,,,,,,,,,,,見原始圖片,主修84.28,--,--,--,--,--,--,--,--,--,--,--
002,國立臺灣師範大學,002492,無,音樂學系,南胡,1,音樂,,,,,,,,,,,,,,,見原始圖片,主修91,--,--,--,--,--,--,--,--,--,--,--
002,國立臺灣師範大學,002492,無,音樂學系,箏,1,音樂,,,,,,,,,,,,,,,見原始圖片,主修91,--,--,--,--,--,--,--,--,--,--,--
002,國立臺灣師範大學,002502,無,表演藝術學士學位學程,,6,術科(美術/體育/音樂),,,,,,,,,,,,,,,見原始圖片,(國文+英文)23,--,--,--,--,--,--,--,--,--,--,*
002,國立臺灣師範大學,002512,無,設計學系視覺設計組,,10,術科(美術/體育/音樂),,,,,,,,,,,,,,,見原始圖片,國英社34,(素描+彩繪技法+創意表現)216,--,--,--,--,--,--,--,--,--,*
002,國立臺灣師範大學,002522,無,美術學系繪畫組,,13,術科(美術/體育/音樂),,,,,,,,,,,,,,,見原始圖片,國英社30,彩繪技法72,素描78,--,--,--,--,--,--,--,--,*
002,國立臺灣師範大學,002532,無,美術學系水墨畫組,,13,術科(美術/體育/音樂),,,,,,,,,,,,,,,見原始圖片,國英社26,彩繪技法69,素描72,水墨書畫79.2,--,--,--,--,--,--,--,--
002,國立臺灣師範大學,002542,無,體育與運動科學系,,24,術科(美術/體育/音樂),,,,,,,,,,,,,,,見原始圖片,體育百分等級75.25,國英社自32,--,--,--,--,--,--,--,--,--,--
003,國立中興大學,003012,無,中國文學系,,26,一般,均標,均標,--,--,--,--,--,3,6,--,--,--,--,--,--,英文8,國文13,--,--,--,--,--,--,--,--,--,*
003,國立中興大學,003022,無,外國語文學系,,20,一般,均標,前標,--,--,均標,--,A,8,3,--,--,--,--,--,--,國文12,英文14,--,--,--,--,--,--,--,--,--,*
003,國立中興大學,003032,無,歷史學系,,23,一般,前標,均標,--,--,前標,--,--,6,6,--,--,3,--,--,--,(國文+英文)20,社會14,--,--,--,--,--,--,--,--,--,*
003,國立中興大學,003042,無,台灣人文創新學士學位學程,,7,一般,均標,均標,--,--,均標,--,--,7,10,--,--,12,--,--,--,社會13,英文9,國文13,--,--,--,--,--,--,--,--,*
003,國立中興大學,003052,無,財務金融學系,,26,一般,均標,前標,均標,--,--,--,--,--,3,8,--,--,--,10,--,國英數A社45,數A8,英文13,--,--,--,--,--,--,--,--,*
003,國立中興大學,003062,無,企業管理學系,,21,一般,--,前標,--,前標,--,--,--,--,3.5,--,3,--,--,5,--,國英數B社45,英文12,數B11,--,--,--,--,--,--,--,--,*
003,國立中興大學,003072,無,資訊管理學系,,16,一般,均標,前標,前標,--,--,均標,--,10,10,3,--,--,10,--,--,(國文+英文+自然)32,數學A12,--,--,--,--,--,--,--,--,--,*
003,國立中興大學,003082,無,會計學系,,19,一般,均標,前標,均標,--,均標,--,--,--,3,5,--,--,--,10,--,國英數A社40,數學A9,英文12,--,--,--,--,--,--,--,--,*
003,國立中興大學,003092,無,行銷學系,,21,一般,前標,前標,均標,前標,--,--,B,3,5,--,--,--,--,--,--,英文12,國文13,--,--,--,--,--,--,--,--,--,*
003,國立中興大學,003102,無,應用經濟學系,,18,一般,均標,均標,均標,--,--,--,--,--,3,7,--,--,--,10,--,國英數A32,數學A9,英文12,--,--,--,--,--,--,--,--,*
003,國立中興大學,003112,無,法律學系,,16,一般,均標,均標,--,均標,前標,--,--,6,6,--,--,3,--,--,--,(國文+英文)26,社會14,--,--,--,--,--,--,--,--,--,*
003,國立中興大學,003122,無,化學系,,23,一般,--,均標,均標,--,--,均標,--,--,10,5,--,--,3,--,--,英文10,數A11,自然13,--,--,--,--,--,--,--,--,*
003,國立中興大學,003132,無,物理學系一般物理組,,16,一般,--,均標,均標,--,--,均標,--,--,3,6,--,--,--,--,--,數A10,英文12,--,--,--,--,--,--,--,--,--,*
003,國立中興大學,003142,無,物理學系光電物理組,,12,一般,--,均標,均標,--,--,均標,--,--,3.5,6,--,--,--,--,--,數A11,英文12,--,--,--,--,--,--,--,--,--,*
003,國立中興大學,003152,無,應用數學系應用數學組,,19,一般,--,--,均標,--,--,--,--,--,3,6,--,--,5,4,--,數A11,自然10,國英數A自43,英文10,--,--,--,--,--,--,--,*
003,國立中興大學,003162,無,應用數學系數據科學與計算組,,20,一般,--,--,均標,--,--,--,--,--,3,6,--,--,5,4,--,數A11,自然11,國英數A自45,英文11,--,--,--,--,--,--,--,*
003,國立中興大學,003172,無,應用數學系數據科學與計算組(資安組),,3,一般,--,--,均標,--,--,--,--,--,3,6,--,--,--,4,--,數A12,國英數A自44,英文10,--,--,--,--,--,--,--,--,*
003,國立中興大學,003182,無,機械工程學系,,46,一般,--,均標,均標,--,--,均標,--,--,6.5,3,--,--,3,--,--,英文10,(數學A+自然)24,--,--,--,--,--,--,--,--,--,*
003,國立中興大學,003192,無,土木工程學系,,45,一般,--,均標,均標,--,--,均標,--,--,--,6,--,--,6,3,--,(數學A+自然)21,英數A自34,--,--,--,--,--,--,--,--,--,*
003,國立中興大學,003202,無,環境工程學系,,15,一般,--,均標,均標,--,--,均標,--,--,9,3,--,--,3,--,--,英文10,(數學A+自然)23,--,--,--,--,--,--,--,--,--,*
003,國立中興大學,003212,無,化學工程學系,,10,一般,--,均標,均標,--,--,均標,--,--,5,3.5,--,--,3.5,--,--,英文13,(數學A+自然)24,--,--,--,--,--,--,--,--,--,*
003,國立中興大學,003222,無,材料科學與工程學系,,10,一般,--,均標,均標,--,--,均標,--,--,5,3,--,--,3,--,--,英文14,(數學A+自然)23,--,--,--,--,--,--,--,--,--,*
003,國立中興大學,003232,無,智慧創意工程學士學位學程,,8,一般,--,均標,均標,--,--,均標,--,--,6,6,--,--,8,--,--,自然13,(英文+數學A)21,--,--,--,--,--,--,--,--,--,*
003,國立中興大學,003242,無,電機工程學系,,25,一般,--,--,均標,--,--,均標,--,--,3,3,--,--,3,--,--,(英文+數學A+自然)40,--,--,--,--,--,--,--,--,--,--,*
003,國立中興大學,003252,無,資訊工程學系,,11,一般,均標,均標,均標,--,--,--,--,--,10,4,--,--,10,8,--,(英文+自然)25,國英數A自49,數學A13,--,--,--,--,--,--,--,--,*
003,國立中興大學,003272,無,資訊工程學系(資安組),,2,一般,均標,均標,均標,--,--,--,--,--,10,5,--,--,10,8,--,(英文+自然)23,國英數A自47,數學A12,--,--,--,--,--,--,--,--,*
003,國立中興大學,003282,無,電機資訊學院學士班,,16,一般,--,均標,均標,--,--,均標,--,--,8,3,--,--,3,--,--,英文12,(數學A+自然)26,--,--,--,--,--,--,--,--,--,*
003,國立中興大學,003292,無,生物產業機電工程學系,,23,一般,--,均標,均標,--,--,均標,--,--,10,3,--,--,10,--,--,(英文+自然)22,數A11,--,--,--,--,--,--,--,--,--,*
003,國立中興大學,003302,無,水土保持學系,,28,一般,--,均標,均標,--,--,均標,--,--,6,4,--,--,5,3,--,英文8,自然9,數學A8,國英數A自43,--,--,--,--,--,--,--,*
003,國立中興大學,003312,無,食品暨應用生物科技學系,,23,一般,均標,均標,均標,--,--,均標,--,10,3,4,--,--,3,--,--,國文11,數學A9,(英文+自然)22,--,--,--,--,--,--,--,--,*
003,國立中興大學,003322,無,農藝學系,,19,一般,均標,均標,均標,均標,--,均標,--,6,--,--,--,--,3,8,--,國英自28,國文11,自然11,--,--,--,--,--,--,--,--,*
003,國立中興大學,003332,無,園藝學系,,16,一般,均標,均標,--,均標,--,均標,B,--,6,--,--,--,3,--,--,英文8,自然11,--,--,--,--,--,--,--,--,--,*
003,國立中興大學,003342,無,森林學系林學組,,14,一般,均標,均標,--,均標,--,均標,--,--,--,--,--,--,3,--,--,自然9,--,--,--,--,--,--,--,--,--,--,*
003,國立中興大學,003352,無,森林學系木材科學組,,14,一般,均標,均標,--,均標,--,均標,--,--,--,--,--,--,3.5,--,--,自然9,--,--,--,--,--,--,--,--,--,--,*
003,國立中興大學,003362,無,植物病理學系,,21,一般,均標,均標,--,--,--,均標,--,--,8,--,--,--,6,3,--,英文8,自然10,國英數A自45,--,--,--,--,--,--,--,--,*
003,國立中興大學,003372,無,昆蟲學系,,23,一般,均標,均標,均標,均標,--,前標,--,5,3,--,--,--,3,--,--,國文11,(英文+自然)20,--,--,--,--,--,--,--,--,--,--
003,國立中興大學,003382,無,動物科學系,,17,一般,均標,均標,均標,--,--,均標,B,6,6,6,--,--,3,--,--,(國文+英文+數學A)32,自然12,--,--,--,--,--,--,--,--,--,*
003,國立中興大學,003392,無,土壤環境科學系,,24,一般,--,均標,均標,均標,--,均標,--,--,5,--,--,--,3,--,--,英文8,自然11,--,--,--,--,--,--,--,--,--,*
003,國立中興大學,003402,無,生物科技學士學位學程,,15,一般,均標,均標,均標,--,--,前標,--,--,10,--,--,--,7,3,--,英文8,自然12,國英數A自38,--,--,--,--,--,--,--,--,--
003,國立中興大學,003412,無,景觀與遊憩學士學位學程,,9,一般,均標,均標,均標,均標,--,--,--,10,7,--,--,--,--,5.5,--,國文11,英文8,國英20,--,--,--,--,--,--,--,--,*
003,國立中興大學,003422,無,國際農企業學士學位學程,,6,一般,--,前標,均標,--,--,均標,--,--,15,--,--,--,8,--,--,英文11,自然9,--,--,--,--,--,--,--,--,--,--
003,國立中興大學,003432,無,生命科學系,,46,一般,--,均標,--,--,--,前標,--,--,8,--,--,--,3,--,--,英文8,自然13,--,--,--,--,--,--,--,--,--,*
003,國立中興大學,003442,無,獸醫學系,,35,一般,均標,前標,均標,--,--,均標,B,--,10,--,--,--,--,3,--,英文11,英數A自39,--,--,--,--,--,--,--,--,--,*
003,國立中興大學,003452,無,興翼招生A組(商學管理),,10,一般,均標,均標,均標,均標,--,--,--,5,5,--,--,--,--,--,--,(國文+英文)19,--,--,--,--,--,--,--,--,--,--,--
003,國立中興大學,003462,無,興翼招生B組(文史法律),,6,一般,均標,均標,--,--,均標,--,--,8,8,--,--,8,--,--,--,(國文+英文+社會)34,--,--,--,--,--,--,--,--,--,--,*
003,國立中興大學,003472,無,興翼招生C組(化學數學),,4,一般,--,均標,均標,--,--,均標,--,--,10,10,--,--,10,--,--,(英文+數學A+自然)25,--,--,--,--,--,--,--,--,--,--,--
003,國立中興大學,003482,無,興翼招生D組(化材電資暨工程),,18,一般,--,均標,均標,--,--,均標,--,--,3,3,--,--,3,--,--,(英文+數學A+自然)30,--,--,--,--,--,--,--,--,--,--,*
003,國立中興大學,003492,無,興翼招生E組(生物資源暨農業科技),,10,一般,--,均標,均標,均標,--,均標,--,--,5,--,--,--,5,--,--,(英文+自然)18,--,--,--,--,--,--,--,--,--,--,--
003,國立中興大學,003502,無,興翼招生F組(生物科技暨獸醫),,9,一般,--,均標,均標,--,--,均標,--,--,5.5,5.5,--,--,5.5,--,--,(英文+數學A+自然)25,--,--,--,--,--,--,--,--,--,--,--
003,國立中興大學,003262,無,資訊工程學系(APCS組),,3,APCS,,,,,,,,,,,,,,,見原始圖片,數學A9,(英文+自然)25,國英數A自48,(APCS識讀+APCS實作)7,--,--,--,--,--,--,--,*
004,國立成功大學,004012,無,中國文學系,,14,一般,頂標,均標,--,--,前標,--,--,3.5,10,--,--,10,--,--,--,(英文+社會)20,國文15,--,--,--,--,--,--,--,--,--,*
004,國立成功大學,004022,無,外國語文學系,,15,一般,前標,頂標,--,均標,均標,--,A,5,3,--,--,6,--,8,--,國英社36,社會10,國文13,英文14,--,--,--,--,--,--,--,*
004,國立成功大學,004032,無,歷史學系,,15,一般,前標,前標,--,均標,前標,--,--,5,4,--,--,3,--,--,--,國文12,英文11,社會14,--,--,--,--,--,--,--,--,*
004,國立成功大學,004042,無,台灣文學系,,20,一般,頂標,前標,--,均標,前標,--,--,2.5,8,--,--,10,--,--,--,社會12,英文11,國文13,--,--,--,--,--,--,--,--,*
004,國立成功大學,004052,無,數學系,,28,一般,後標,均標,前標,--,--,均標,--,8,6,3,--,--,6,4,--,國文9,(英文+自然)18,國英數A自46,數A13,--,--,--,--,--,--,--,*
004,國立成功大學,004062,無,物理學系,,23,一般,均標,均標,均標,--,--,均標,--,--,6,3,--,--,3,--,--,英文12,(數學A+自然)25,--,--,--,--,--,--,--,--,--,*
004,國立成功大學,004072,無,化學系,,28,一般,--,前標,前標,--,--,前標,--,--,--,--,--,--,3,--,--,自然14,--,--,--,--,--,--,--,--,--,--,*
004,國立成功大學,004082,無,地球科學系,,26,一般,--,均標,均標,--,--,均標,--,--,--,3,--,--,5,--,--,自然11,數學A12,--,--,--,--,--,--,--,--,--,*
004,國立成功大學,004092,無,光電科學與工程學系,,16,一般,均標,均標,前標,--,--,前標,--,--,--,3,--,--,3,10,--,國英數A自44,(數學A+自然)28,--,--,--,--,--,--,--,--,--,*
004,國立成功大學,004102,無,機械工程學系,,69,一般,均標,均標,前標,--,--,前標,--,--,5,5,--,--,5,3,--,(英文+數學A+自然)37,國英數A自51,--,--,--,--,--,--,--,--,--,*
004,國立成功大學,004112,無,機械工程學系(普渡雙聯組),,11,一般,均標,頂標,前標,--,--,前標,A,--,5,5,--,--,5,3,--,(英文+數學A+自然)38,國英數A自52,--,--,--,--,--,--,--,--,--,*
004,國立成功大學,004122,無,化學工程學系,,51,一般,均標,前標,前標,--,--,前標,--,5,5,3,--,--,3,--,--,(國文+英文)26,(數學A+自然)25,--,--,--,--,--,--,--,--,--,*
004,國立成功大學,004132,無,材料科學及工程學系,,40,一般,--,前標,前標,--,--,前標,--,--,--,--,--,--,--,3,--,國英數A自54,--,--,--,--,--,--,--,--,--,--,*
004,國立成功大學,004142,無,資源工程學系,,24,一般,均標,均標,均標,--,--,均標,--,10,8,4,--,--,6,3,--,國文12,英文11,自然12,數學A10,國英數A自48,--,--,--,--,--,--,*
004,國立成功大學,004152,無,土木工程學系,,46,一般,均標,均標,均標,--,--,均標,--,6,6,4,--,--,4,3,--,(國文+英文)24,(數學A+自然)23,國英數A自49,--,--,--,--,--,--,--,--,*
004,國立成功大學,004162,無,水利及海洋工程學系,,26,一般,均標,均標,前標,--,--,前標,--,6,8,3,--,--,4,--,--,英文8,國文12,自然12,數A11,--,--,--,--,--,--,--,*
004,國立成功大學,004172,無,工程科學系,,26,一般,--,前標,前標,--,--,前標,--,--,--,5,--,--,3,12,--,國英數A自49,數A13,自然14,--,--,--,--,--,--,--,--,*
004,國立成功大學,004182,無,系統及船舶機電工程學系,,29,一般,均標,前標,前標,--,--,前標,--,--,--,5,--,--,5,3,--,(數學A+自然)24,國英自37,--,--,--,--,--,--,--,--,--,*
004,國立成功大學,004192,無,航空太空工程學系,,24,一般,--,前標,前標,--,--,前標,--,--,10,5,--,--,5,3,--,英文11,(數學A+自然)25,國英數A自51,--,--,--,--,--,--,--,--,*
004,國立成功大學,004202,無,能源工程國際學士學位學程,,20,一般,--,前標,前標,--,--,前標,--,--,10,5,--,--,5,3,--,英文11,(數學A+自然)22,國英數A自49,--,--,--,--,--,--,--,--,*
004,國立成功大學,004212,無,環境工程學系,,25,一般,均標,前標,前標,--,--,前標,--,3,5,4,--,--,4,6,--,國英數A自46,英文11,(數學A+自然)23,國文12,--,--,--,--,--,--,--,*
004,國立成功大學,004222,無,測量及空間資訊學系,,28,一般,均標,均標,均標,--,--,均標,--,--,--,--,--,--,--,3,--,國英數A自48,--,--,--,--,--,--,--,--,--,--,*
004,國立成功大學,004232,無,生物醫學工程學系,,17,一般,--,前標,前標,--,--,前標,--,--,--,--,--,--,--,3,--,英數A自39,--,--,--,--,--,--,--,--,--,--,*
004,國立成功大學,004242,無,工業與資訊管理學系,,2727,一般,前標,前標,前標,--,--,--,--,--,8,5,--,--,--,3,--,英文11,數A11,國英數A38,--,--,--,--,--,--,--,--,*
004,國立成功大學,004262,無,交通管理科學系,,24,一般,均標,前標,前標,--,--,均標,--,5,2.5,3,--,--,5,--,--,(國文+自然)22,數學A10,英文13,--,--,--,--,--,--,--,--,*
004,國立成功大學,004272,無,統計學系,,18,一般,均標,前標,前標,--,--,--,--,--,5,3,--,--,--,--,--,英文12,數學A12,--,--,--,--,--,--,--,--,--,*
004,國立成功大學,004282,無,會計學系,,19,一般,均標,前標,均標,前標,均標,--,--,--,3,--,--,--,--,10,--,國英社39,英文14,--,--,--,--,--,--,--,--,--,*
004,國立成功大學,004292,無,企業管理學系,,15,一般,均標,前標,--,均標,--,--,--,--,2.5,--,3,--,--,--,--,數B14,英文12,--,--,--,--,--,--,--,--,--,*
004,國立成功大學,004302,無,醫學系,,39,一般,頂標,頂標,頂標,--,--,頂標,--,6,5,3.5,--,--,3.5,3,--,國文14,英文15,(數學A+自然)29,國英數A自59,--,--,--,--,--,--,--,*
004,國立成功大學,004312,無,醫學系(公費生),,5,一般,頂標,頂標,頂標,--,--,頂標,--,6,5,3.5,--,--,3.5,3,--,國文13,英文13,(數學A+自然)28,國英數A自56,--,--,--,--,--,--,--,*
004,國立成功大學,004322,無,牙醫學系,,9,一般,頂標,頂標,頂標,--,--,頂標,--,5,5,4,--,--,4,3,--,(國文+英文)29,(數學A+自然)28,國英數A自58,--,--,--,--,--,--,--,--,*
004,國立成功大學,004332,無,醫學檢驗生物技術學系,,15,一般,均標,均標,均標,--,--,均標,--,--,4,--,--,--,3,10,--,國英數A自47,英文14,自然13,--,--,--,--,--,--,--,--,*
004,國立成功大學,004342,無,護理學系,,21,一般,均標,均標,--,--,--,均標,--,8,3,--,--,--,6,--,--,國文11,自然9,英文12,--,--,--,--,--,--,--,--,*
004,國立成功大學,004352,無,物理治療學系,,13,一般,--,前標,--,--,--,均標,--,--,7,--,--,--,--,3.5,--,英文14,國英數A自51,--,--,--,--,--,--,--,--,--,*
004,國立成功大學,004362,無,職能治療學系,,13,一般,均標,均標,--,--,--,均標,--,--,3.5,--,--,--,6,8,--,國英數A自49,自然13,英文13,--,--,--,--,--,--,--,--,*
004,國立成功大學,004372,無,藥學系,,15,一般,均標,均標,均標,--,--,均標,--,3,--,--,--,--,4,3.5,--,自然15,國英數A自54,國文14,--,--,--,--,--,--,--,--,*
004,國立成功大學,004382,無,政治學系,,21,一般,前標,前標,均標,均標,前標,--,--,5,3,--,--,8,--,--,--,社會12,國文13,英文13,--,--,--,--,--,--,--,--,*
004,國立成功大學,004392,無,經濟學系,,21,一般,均標,均標,均標,--,--,--,--,8,5,3,--,--,--,--,--,國文13,英文13,數學A10,--,--,--,--,--,--,--,--,*
004,國立成功大學,004402,無,法律學系,,16,一般,前標,前標,--,均標,前標,--,--,4,5,--,--,3,--,--,--,英文14,國文14,社會14,--,--,--,--,--,--,--,--,*
004,國立成功大學,004412,無,心理學系,,21,一般,--,均標,均標,--,--,均標,--,--,3,3,--,--,3,--,--,(英文+數學A+自然)38,--,--,--,--,--,--,--,--,--,--,*
004,國立成功大學,004422,無,電機工程學系,,64,一般,--,均標,前標,--,--,前標,--,--,3,3,--,--,3,--,--,(英文+數學A+自然)42,--,--,--,--,--,--,--,--,--,--,*
004,國立成功大學,004432,無,電機工程學系(普渡雙聯組),,6,一般,--,前標,前標,--,--,前標,A,--,6,6,--,--,6,--,--,(英文+數學A+自然)43,--,--,--,--,--,--,--,--,--,--,*
004,國立成功大學,004442,無,資訊工程學系,,31,一般,--,均標,前標,--,--,前標,--,--,3,3,--,--,3,--,--,(英文+數學A+自然)42,--,--,--,--,--,--,--,--,--,--,*
004,國立成功大學,004452,無,資訊工程學系(智慧系統組),,10,一般,--,均標,前標,--,--,--,--,--,5,5,--,--,--,--,--,(英文+數學A)26,--,--,--,--,--,--,--,--,--,--,*
004,國立成功大學,004462,無,資訊工程學系(普渡雙聯組),,6,一般,--,前標,前標,--,--,前標,A,--,3,3,--,--,3,--,--,(英文+數學A+自然)42,--,--,--,--,--,--,--,--,--,--,--
004,國立成功大學,004472,無,建築學系,,30,一般,均標,均標,均標,--,--,--,--,--,--,--,--,--,--,3,--,國英數A自50,--,--,--,--,--,--,--,--,--,--,*
004,國立成功大學,004482,無,都市計劃學系,,27,一般,均標,均標,前標,--,--,--,--,5,5,3,--,--,--,--,--,(國文+英文)22,數A11,--,--,--,--,--,--,--,--,--,*
004,國立成功大學,004492,無,工業設計學系,,18,一般,均標,均標,均標,--,--,均標,--,--,--,--,--,--,--,3,--,國英數A自49,--,--,--,--,--,--,--,--,--,--,*
004,國立成功大學,004502,無,生命科學系,,25,一般,均標,均標,均標,--,--,前標,--,--,5,4,--,--,3,--,--,英文12,數學A9,自然13,--,--,--,--,--,--,--,--,*
004,國立成功大學,004512,無,生物科技與產業科學系,,12,一般,均標,均標,--,--,--,前標,--,12,8,--,--,--,4,--,--,國文13,英文12,自然13,--,--,--,--,--,--,--,--,*
004,國立成功大學,004532,無,全校不分系學士學位學程,,10,一般,前標,前標,頂標,--,--,前標,--,12,12,5,--,--,9,--,--,(國文+英文)23,自然12,數A13,--,--,--,--,--,--,--,--,*
004,國立成功大學,004542,無,成星招生甲組(文社),,12,一般,均標,均標,--,--,均標,--,--,4,6,--,--,8,--,--,--,社會10,英文8,國文12,--,--,--,--,--,--,--,--,*
004,國立成功大學,004552,無,成星招生乙組(管理),,12,一般,均標,均標,--,均標,--,--,--,--,8,--,4,--,--,--,--,英文8,數學B8,--,--,--,--,--,--,--,--,--,*
004,國立成功大學,004562,無,成星招生丙組(理),,10,一般,--,均標,均標,--,--,均標,--,--,--,5,--,--,8,--,--,自然9,數A7,--,--,--,--,--,--,--,--,--,--
004,國立成功大學,004572,無,成星招生丁組(工),,37,一般,--,均標,均標,--,--,均標,--,--,--,3,--,--,4,--,--,自然9,數學A7,--,--,--,--,--,--,--,--,--,*
004,國立成功大學,004582,無,成星招生戊組(生醫),,16,一般,--,均標,均標,--,--,均標,--,--,8,5,--,--,3,--,--,英文8,數A7,自然10,--,--,--,--,--,--,--,--,*
004,國立成功大學,004252,無,工業與資訊管理學系(APCS組),,1,APCS,,,,,,,,,,,,,,,見原始圖片,(英文+數學A)21,(APCS識讀+APCS實作)7,--,--,--,--,--,--,--,--,--,*
004,國立成功大學,004522,無,生物科技與產業科學系(APCS組),,2,APCS,,,,,,,,,,,,,,,見原始圖片,國文11,APCS識讀3,(英文+數學A)18,自然12,--,--,--,--,--,--,--,*
005,東吳大學,005012,無,中國文學系,,100,一般,後標,--,--,--,後標,--,--,3,--,--,--,4,--,--,--,社會10,國文12,--,--,--,--,--,--,--,--,--,*
005,東吳大學,005022,無,歷史學系,,27,一般,底標,底標,--,--,底標,--,--,5,--,--,--,3,--,--,--,國文12,社會13,--,--,--,--,--,--,--,--,--,*
005,東吳大學,005032,無,哲學系,,35,一般,後標,後標,--,--,--,--,--,5,3,--,--,--,--,--,--,國文9,英文6,--,--,--,--,--,--,--,--,--,*
005,東吳大學,005042,無,政治學系,,67,一般,均標,後標,後標,後標,後標,--,--,4,--,--,--,--,--,3,--,國文12,英社21,--,--,--,--,--,--,--,--,--,*
005,東吳大學,005052,無,社會學系,,59,一般,--,後標,--,--,均標,--,--,--,--,--,--,3,--,--,--,社會13,--,--,--,--,--,--,--,--,--,--,*
005,東吳大學,005062,無,社會工作學系,,57,一般,--,--,--,--,後標,--,--,7,5,--,--,--,--,3,--,國文11,英文7,國英數B社37,--,--,--,--,--,--,--,--,*
005,東吳大學,005072,無,英文學系,,84,一般,--,前標,--,--,--,--,--,5,3,--,--,--,--,--,--,國文3,英文11,--,--,--,--,--,--,--,--,--,*
005,東吳大學,005082,無,日本語文學系,,80,一般,均標,--,--,--,--,--,--,4,3,--,--,--,--,--,--,國文11,英文10,--,--,--,--,--,--,--,--,--,*
005,東吳大學,005092,無,德國文化學系,,24,一般,--,後標,--,--,--,--,--,5,3,--,--,--,--,--,--,國文11,英文10,--,--,--,--,--,--,--,--,--,*
005,東吳大學,005102,無,數學系,,27,一般,--,--,後標,--,--,--,--,--,--,3,--,--,--,--,--,數學A8,--,--,--,--,--,--,--,--,--,--,*
005,東吳大學,005112,無,物理學系,,31,一般,--,--,底標,--,--,--,--,--,5,3,--,--,--,--,--,英文6,數學A7,--,--,--,--,--,--,--,--,--,*
005,東吳大學,005122,無,化學系,,24,一般,--,--,後標,--,--,後標,--,--,--,--,--,--,3,--,--,自然10,--,--,--,--,--,--,--,--,--,--,*
005,東吳大學,005132,無,微生物學系,,33,一般,--,後標,--,--,--,--,--,--,3,--,--,--,--,--,--,英文8,--,--,--,--,--,--,--,--,--,--,*
005,東吳大學,005142,無,心理學系,,33,一般,後標,後標,後標,--,--,--,--,--,--,--,--,--,--,3,--,國英數A31,--,--,--,--,--,--,--,--,--,--,*
005,東吳大學,005152,無,法律學系,,120,一般,前標,前標,均標,均標,均標,--,B,5,3,--,--,8,--,--,--,社會10,國文12,英文12,--,--,--,--,--,--,--,--,*
005,東吳大學,005162,無,經濟學系,,86,一般,--,後標,--,均標,--,--,--,--,5,--,3,--,--,--,--,英文7,數學B9,--,--,--,--,--,--,--,--,--,*
005,東吳大學,005172,無,會計學系,,139,一般,均標,均標,--,均標,--,--,--,--,--,--,--,--,--,3,--,國英數B30,--,--,--,--,--,--,--,--,--,--,*
005,東吳大學,005182,無,企業管理學系,,118,一般,--,均標,--,後標,--,--,--,--,3,--,5,--,--,--,--,數學B4,英文9,--,--,--,--,--,--,--,--,--,*
005,東吳大學,005192,無,國際經營與貿易學系,,56,一般,均標,均標,--,--,--,--,--,3,5,--,--,--,--,--,--,英文10,國文13,--,--,--,--,--,--,--,--,--,*
005,東吳大學,005202,無,財務工程與精算數學系,,109,一般,--,後標,均標,均標,--,--,--,7,3,--,--,--,--,--,--,國文6,英文7,--,--,--,--,--,--,--,--,--,*
005,東吳大學,005212,無,資訊管理學系,,71,一般,--,後標,--,均標,--,--,--,--,6,--,3,--,--,--,--,英文8,數B8,--,--,--,--,--,--,--,--,--,*
005,東吳大學,005232,無,資料科學系,,59,一般,--,後標,--,後標,--,--,--,--,--,--,--,--,--,3,--,英數B16,--,--,--,--,--,--,--,--,--,--,*
005,東吳大學,005222,無,資訊管理學系(APCS組),,2,APCS,,,,,,,,,,,,,,,見原始圖片,(APCS識讀+APCS實作)4,英數B12,--,--,--,--,--,--,--,--,--,--
005,東吳大學,005242,無,音樂學系,鋼琴,10,音樂,,,,,,,,,,,,,,,見原始圖片,主修81.43,--,--,--,--,--,--,--,--,--,--,--
005,東吳大學,005242,無,音樂學系,聲樂,5,音樂,,,,,,,,,,,,,,,見原始圖片,主修84.14,--,--,--,--,--,--,--,--,--,--,--
005,東吳大學,005242,無,音樂學系,小提琴,7,音樂,,,,,,,,,,,,,,,見原始圖片,主修81.71,--,--,--,--,--,--,--,--,--,--,--
005,東吳大學,005242,無,音樂學系,中提琴,3,音樂,,,,,,,,,,,,,,,見原始圖片,主修81.79,--,--,--,--,--,--,--,--,--,--,--
005,東吳大學,005242,無,音樂學系,大提琴,5,音樂,,,,,,,,,,,,,,,見原始圖片,主修82.64,--,--,--,--,--,--,--,--,--,--,--
005,東吳大學,005242,無,音樂學系,低音提琴,1,音樂,,,,,,,,,,,,,,,見原始圖片,主修82.14,--,--,--,--,--,--,--,--,--,--,--
005,東吳大學,005242,無,音樂學系,長號,1,音樂,,,,,,,,,,,,,,,見原始圖片,主修84.11,--,--,--,--,--,--,--,--,--,--,--
005,東吳大學,005242,無,音樂學系,小號,1,音樂,,,,,,,,,,,,,,,見原始圖片,主修85,--,--,--,--,--,--,--,--,--,--,--
005,東吳大學,005242,無,音樂學系,法國號,2,音樂,,,,,,,,,,,,,,,見原始圖片,主修84.11,--,--,--,--,--,--,--,--,--,--,--
005,東吳大學,005242,無,音樂學系,上低音號,1,音樂,,,,,,,,,,,,,,,見原始圖片,主修85.89,--,--,--,--,--,--,--,--,--,--,--
005,東吳大學,005242,無,音樂學系,低音號,1,音樂,,,,,,,,,,,,,,,見原始圖片,主修85.22,--,--,--,--,--,--,--,--,--,--,--
005,東吳大學,005242,無,音樂學系,薩克斯管,1,音樂,,,,,,,,,,,,,,,見原始圖片,主修84.56,--,--,--,--,--,--,--,--,--,--,--
005,東吳大學,005242,無,音樂學系,長笛,2,音樂,,,,,,,,,,,,,,,見原始圖片,主修84.78,--,--,--,--,--,--,--,--,--,--,--
005,東吳大學,005242,無,音樂學系,單簧管(豎笛),2,音樂,,,,,,,,,,,,,,,見原始圖片,主修84,--,--,--,--,--,--,--,--,--,--,--
005,東吳大學,005242,無,音樂學系,雙簧管,1,音樂,,,,,,,,,,,,,,,見原始圖片,主修84.56,--,--,--,--,--,--,--,--,--,--,--
005,東吳大學,005242,無,音樂學系,低音管,1,音樂,,,,,,,,,,,,,,,見原始圖片,主修87.11,--,--,--,--,--,--,--,--,--,--,--
005,東吳大學,005242,無,音樂學系,擊樂,2,音樂,,,,,,,,,,,,,,,見原始圖片,主修85,--,--,--,--,--,--,--,--,--,--,--
005,東吳大學,005242,無,音樂學系,理論作曲,2,音樂,,,,,,,,,,,,,,,見原始圖片,主修86.52,--,--,--,--,--,--,--,--,--,--,--
006,國立政治大學,006012,無,中國文學系,,37,一般,前標,前標,--,--,前標,--,--,3,5,--,--,6,--,--,--,社會12,英文11,國文14,--,--,--,--,--,--,--,--,*
006,國立政治大學,006022,無,歷史學系,,20,一般,前標,前標,--,--,前標,--,--,6,5,--,--,3,--,--,--,國文13,英文12,社會15,--,--,--,--,--,--,--,--,*
006,國立政治大學,006032,無,哲學系,,24,一般,前標,前標,--,--,--,--,--,4,3,--,--,--,--,5,--,國英社32,國文13,英文12,--,--,--,--,--,--,--,--,*
006,國立政治大學,006042,無,教育學系,,23,一般,均標,前標,--,--,--,--,B,--,3,--,--,--,--,4,--,國英數B社50,英文12,--,--,--,--,--,--,--,--,--,*
006,國立政治大學,006052,無,政治學系,,19,一般,--,均標,後標,均標,均標,--,--,--,8,--,--,3,--,10,--,國英社39,英文13,社會15,--,--,--,--,--,--,--,--,*
006,國立政治大學,006062,無,社會學系,,19,一般,均標,均標,均標,均標,均標,--,--,8,10,--,--,3,--,--,--,英文12,國文13,社會15,--,--,--,--,--,--,--,--,*
006,國立政治大學,006072,無,財政學系,,34,一般,前標,前標,前標,--,--,--,--,5,4,3,--,--,--,6,--,國英數A37,國文13,英文13,數學A10,--,--,--,--,--,--,--,*
006,國立政治大學,006082,無,公共行政學系,,16,一般,前標,前標,均標,前標,前標,--,--,4,3,--,--,5,--,--,--,社會14,國文14,英文13,--,--,--,--,--,--,--,--,*
006,國立政治大學,006092,無,地政學系土地資源規劃組,,22,一般,前標,前標,前標,--,前標,--,--,4,3.5,3.5,--,--,--,3,--,國文12,(英文+數學A)22,國英數A社48,--,--,--,--,--,--,--,--,*
006,國立政治大學,006102,無,地政學系土地管理組,,21,一般,前標,前標,前標,--,前標,--,--,4,4,3.5,--,--,--,3,--,(國文+英文)23,數學A10,國英數A社46,--,--,--,--,--,--,--,--,--
006,國立政治大學,006112,無,地政學系土地測量與資訊組,,19,一般,前標,前標,前標,--,--,前標,--,4,3.5,3.5,--,--,--,3,--,國文12,(英文+數學A)21,國英數A自46,--,--,--,--,--,--,--,--,--
006,國立政治大學,006122,無,經濟學系,,42,一般,--,前標,前標,--,--,--,--,--,3,--,--,--,--,6,--,數A社19,英文12,--,--,--,--,--,--,--,--,--,*
006,國立政治大學,006132,無,民族學系,,17,一般,前標,前標,--,--,前標,--,--,6,6,--,--,3,--,--,--,(國文+英文)23,社會13,--,--,--,--,--,--,--,--,--,*
006,國立政治大學,006142,無,外交學系,,22,一般,前標,頂標,均標,均標,前標,--,--,4,3,--,--,5,--,--,--,社會14,國文14,英文14,--,--,--,--,--,--,--,--,*
006,國立政治大學,006152,無,國際經營與貿易學系,,30,一般,前標,前標,前標,--,--,--,--,5,4,3,--,--,--,6,--,國英數A社50,國文13,英文14,數學A10,--,--,--,--,--,--,--,*
006,國立政治大學,006162,無,金融學系,,22,一般,前標,前標,前標,--,--,--,--,4,3,3,--,--,--,6,--,國英數A35,國文14,(英文+數學A)25,--,--,--,--,--,--,--,--,*
006,國立政治大學,006172,無,會計學系,,35,一般,前標,前標,前標,--,--,--,--,--,2.5,2.5,--,--,--,5,--,國英數A37,(英文+數學A)25,--,--,--,--,--,--,--,--,--,*
006,國立政治大學,006182,無,統計學系(甲組),,13,一般,前標,前標,頂標,--,--,--,--,--,5,6,--,--,--,3.5,--,數學A12,英文11,國英數A社48,--,--,--,--,--,--,--,--,--
006,國立政治大學,006192,無,統計學系(乙組),,6,一般,前標,前標,頂標,--,--,--,--,--,5,6,--,--,--,3.5,--,數A12,英文12,國英數A自50,--,--,--,--,--,--,--,--,*
006,國立政治大學,006202,無,企業管理學系,,35,一般,前標,前標,前標,--,--,--,--,4,3,3,--,4,--,--,--,(國文+社會)23,(英文+數學A)23,--,--,--,--,--,--,--,--,--,*
006,國立政治大學,006212,無,資訊管理學系,,25,一般,前標,前標,前標,--,--,--,--,5,4,3,--,--,--,--,--,國文13,英文14,數學A10,--,--,--,--,--,--,--,--,*
006,國立政治大學,006222,無,財務管理學系,,22,一般,前標,前標,前標,--,--,--,--,3,4,4,--,--,--,6,--,國英數A39,(英文+數學A)26,國文14,--,--,--,--,--,--,--,--,*
006,國立政治大學,006232,無,風險管理與保險學系,,16,一般,前標,前標,前標,--,--,--,--,3,3,3,--,--,--,4,--,國英數A社48,(國文+英文+數學A)37,--,--,--,--,--,--,--,--,--,*
006,國立政治大學,006242,無,傳播學院大一大二不分系(社會組),,56,一般,前標,前標,--,--,--,--,--,3.5,3.5,--,--,--,--,3,--,(國文+英文)27,國英數B社51,--,--,--,--,--,--,--,--,--,*
006,國立政治大學,006252,無,傳播學院大一大二不分系(自然組),,11,一般,--,前標,前標,--,--,--,--,--,3.5,3.5,--,--,--,3,--,(英文+數學A)23,國英數A自47,--,--,--,--,--,--,--,--,--,*
006,國立政治大學,006262,無,英國語文學系,,24,一般,前標,頂標,--,--,--,--,A,--,5,--,--,--,--,3,--,英文14,國英數B社52,--,--,--,--,--,--,--,--,--,*
006,國立政治大學,006272,無,阿拉伯語文學系,,18,一般,前標,頂標,--,--,--,--,--,4,3,--,--,5,--,--,--,社會8,國文12,英文13,--,--,--,--,--,--,--,--,*
006,國立政治大學,006282,無,斯拉夫語文學系,,21,一般,前標,前標,--,--,前標,--,--,4,3,--,--,5,--,--,--,社會13,國文13,英文12,--,--,--,--,--,--,--,--,*
006,國立政治大學,006292,無,日本語文學系,,13,一般,前標,前標,--,--,前標,--,--,5,3.5,--,--,4,--,--,--,國文14,社會13,英文13,--,--,--,--,--,--,--,--,*
006,國立政治大學,006302,無,韓國語文學系,,11,一般,前標,前標,--,--,前標,--,--,3,5,--,--,5,--,--,--,(英文+社會)26,國文14,--,--,--,--,--,--,--,--,--,*
006,國立政治大學,006312,無,土耳其語文學系,,11,一般,前標,前標,--,--,均標,--,--,5,3.5,--,--,6,--,--,--,社會10,國文12,英文11,--,--,--,--,--,--,--,--,*
006,國立政治大學,006322,無,歐洲語文學系法文組,,8,一般,前標,前標,--,--,前標,--,--,7,5,--,--,9,--,--,--,社會13,國文13,英文14,--,--,--,--,--,--,--,--,*
006,國立政治大學,006332,無,歐洲語文學系德文組,,9,一般,前標,前標,--,--,前標,--,--,7,5,--,--,9,--,--,--,社會13,國文13,英文13,--,--,--,--,--,--,--,--,*
006,國立政治大學,006342,無,歐洲語文學系西班牙文組,,9,一般,前標,前標,--,--,前標,--,--,7,5,--,--,9,--,--,--,社會13,國文13,英文13,--,--,--,--,--,--,--,--,*
006,國立政治大學,006352,無,東南亞語文學系越文組,,7,一般,前標,前標,--,--,前標,--,--,3.5,3.5,--,--,6,--,--,--,社會14,(國文+英文)25,--,--,--,--,--,--,--,--,--,*
006,國立政治大學,006362,無,東南亞語文學系泰文組,,7,一般,前標,前標,--,--,前標,--,--,3.5,3.5,--,--,6,--,--,--,社會12,(國文+英文)26,--,--,--,--,--,--,--,--,--,*
006,國立政治大學,006372,無,東南亞語文學系印尼文組,,6,一般,前標,前標,--,--,前標,--,--,3.5,3.5,--,--,6,--,--,--,社會12,(國文+英文)23,--,--,--,--,--,--,--,--,--,--
006,國立政治大學,006382,無,法律學系,,68,一般,均標,前標,--,均標,前標,--,--,5,3.5,--,--,3.5,--,22,--,國文14,(英文+社會)27,國英數B社55,--,--,--,--,--,--,--,--,*
006,國立政治大學,006392,無,應用數學系,,16,一般,--,均標,前標,--,--,--,--,--,--,3,--,--,--,--,--,數A13,--,--,--,--,--,--,--,--,--,--,*
006,國立政治大學,006402,無,心理學系,,13,一般,均標,均標,均標,--,--,均標,--,6,5,3.5,--,--,--,--,--,國文14,英文13,數學A11,--,--,--,--,--,--,--,--,*
006,國立政治大學,006412,無,資訊科學系,,8,一般,--,均標,前標,--,--,均標,--,--,--,5,--,--,--,6,--,國英數A自48,數學A12,--,--,--,--,--,--,--,--,--,*
006,國立政治大學,006422,無,資訊科學系(人工智慧組),,3,一般,--,前標,前標,--,--,--,--,--,--,10,--,--,--,11,--,國英數A自48,數學A12,--,--,--,--,--,--,--,--,--,--
006,國立政治大學,006442,無,資訊科學系(資安組),,4,一般,--,均標,前標,--,--,--,--,--,--,10,--,--,--,11,--,國英數A自49,數A11,--,--,--,--,--,--,--,--,--,*
006,國立政治大學,006452,無,創新國際學院學士班,,12,一般,均標,頂標,--,均標,前標,--,A,--,--,--,4,4,--,--,--,(數學B+社會)24,--,--,--,--,--,--,--,--,--,--,*
006,國立政治大學,006462,無,政星招生(甲組),,29,一般,均標,均標,--,--,均標,--,--,3,3,--,--,3,--,--,--,(國文+英文+社會)34,--,--,--,--,--,--,--,--,--,--,*
006,國立政治大學,006472,無,政星招生(乙組),,23,一般,均標,均標,均標,--,--,--,--,3,3,3,--,--,--,--,--,(國文+英文+數學A)30,--,--,--,--,--,--,--,--,--,--,*
006,國立政治大學,006432,無,資訊科學系(APCS組),,3,APCS,,,,,,,,,,,,,,,見原始圖片,(數學A+自然)24,APCS實作3,--,--,--,--,--,--,--,--,--,*
007,高雄醫學大學,007012,無,醫學系,,74,一般,前標,前標,前標,--,--,前標,--,9,3,8,--,--,3,--,--,國文14,數學A12,(英文+自然)30,--,--,--,--,--,--,--,--,*
007,高雄醫學大學,007022,無,運動醫學系,,26,一般,--,均標,--,--,--,--,--,--,--,--,--,--,--,3,--,英自19,--,--,--,--,--,--,--,--,--,--,*
007,高雄醫學大學,007032,無,呼吸治療學系,,23,一般,均標,均標,後標,後標,--,均標,--,10,8,--,--,--,3,--,--,國文11,英文9,自然11,--,--,--,--,--,--,--,--,*
007,高雄醫學大學,007042,無,牙醫學系,,46,一般,前標,前標,前標,--,--,前標,--,6,6,6,--,--,3,--,--,(國文+英文+數學A)42,自然14,--,--,--,--,--,--,--,--,--,*
007,高雄醫學大學,007052,無,口腔衛生學系,,22,一般,均標,後標,--,--,--,均標,--,7,3,--,--,--,10,--,--,自然9,國文11,英文8,--,--,--,--,--,--,--,--,*
007,高雄醫學大學,007062,無,藥學系,,74,一般,均標,均標,均標,--,--,前標,--,--,6,--,--,--,3,--,--,英文13,自然14,--,--,--,--,--,--,--,--,--,*
007,高雄醫學大學,007072,無,香粧品學系,,41,一般,--,後標,--,--,--,後標,--,--,--,--,--,--,--,3,--,國英數A自37,--,--,--,--,--,--,--,--,--,--,*
007,高雄醫學大學,007082,無,護理學系,,39,一般,--,後標,後標,--,--,後標,--,--,8,--,--,--,3,--,--,英文5,自然10,--,--,--,--,--,--,--,--,--,*
007,高雄醫學大學,007092,無,公共衛生學系,,26,一般,--,均標,均標,--,--,--,--,--,10,3,--,--,--,--,--,英文8,數學A9,--,--,--,--,--,--,--,--,--,*
007,高雄醫學大學,007102,無,醫學檢驗生物技術學系,,22,一般,--,均標,--,--,--,均標,--,--,3,--,--,--,3,--,--,(英文+自然)25,--,--,--,--,--,--,--,--,--,--,*
007,高雄醫學大學,007112,無,醫學影像暨放射科學系,,21,一般,--,均標,均標,--,--,後標,--,--,3,4,--,--,6,--,--,自然7,數學A9,英文11,--,--,--,--,--,--,--,--,*
007,高雄醫學大學,007122,無,職能治療學系,,21,一般,均標,均標,--,--,--,均標,--,3,3,--,--,--,--,--,--,(國文+英文)26,--,--,--,--,--,--,--,--,--,--,*
007,高雄醫學大學,007132,無,物理治療學系,,20,一般,--,均標,均標,--,--,均標,--,--,8,10,--,--,3,--,--,數學A10,英文11,自然13,--,--,--,--,--,--,--,--,*
007,高雄醫學大學,007142,無,醫務管理暨醫療資訊學系,,24,一般,底標,底標,底標,底標,--,--,--,--,--,--,--,--,--,3,--,國英21,--,--,--,--,--,--,--,--,--,--,*
007,高雄醫學大學,007162,無,醫藥暨應用化學系應用化學組,,25,一般,--,--,--,--,--,均標,--,--,5,--,--,--,3,--,--,英文10,自然11,--,--,--,--,--,--,--,--,--,*
007,高雄醫學大學,007172,無,醫藥暨應用化學系醫藥化學組,,24,一般,--,--,--,--,--,均標,--,--,5,--,--,--,3,--,--,英文9,自然11,--,--,--,--,--,--,--,--,--,*
007,高雄醫學大學,007182,無,生物醫學暨環境生物學系,,23,一般,後標,均標,後標,--,--,均標,--,--,8,--,--,--,3,--,--,英文8,自然10,--,--,--,--,--,--,--,--,--,*
007,高雄醫學大學,007192,無,生物科技學系,,20,一般,--,後標,--,--,--,後標,--,--,7,--,--,--,3,--,--,英文8,自然11,--,--,--,--,--,--,--,--,--,*
007,高雄醫學大學,007202,無,生命科學院學士班,,7,一般,--,底標,--,--,--,均標,--,--,8,--,--,--,3,--,--,英文4,自然11,--,--,--,--,--,--,--,--,--,*
007,高雄醫學大學,007212,無,心理學系,,26,一般,--,均標,--,--,--,--,--,--,3,--,--,--,--,--,--,英文13,--,--,--,--,--,--,--,--,--,--,*
007,高雄醫學大學,007222,無,醫學社會學與社會工作學系,,37,一般,均標,後標,--,--,--,--,--,10,3,--,--,--,--,--,--,國文11,英文8,--,--,--,--,--,--,--,--,--,*
007,高雄醫學大學,007232,無,薪火招生A1組(醫學系),,1,一般,前標,前標,前標,--,--,前標,--,12,12,9,--,--,6,--,--,(國文+英文)27,數學A12,自然14,--,--,--,--,--,--,--,--,*
007,高雄醫學大學,007242,無,薪火招生A2組(牙醫學系),,1,一般,均標,前標,前標,--,--,前標,--,--,12,9,--,--,6,--,--,英文14,數A12,自然14,--,--,--,--,--,--,--,--,*
007,高雄醫學大學,007252,無,薪火招生A3組(藥學系),,1,一般,均標,前標,均標,--,--,前標,--,--,12,9,--,--,6,--,--,英文13,數學A9,自然13,--,--,--,--,--,--,--,--,*
007,高雄醫學大學,007262,無,薪火招生B組(醫事證照類),,7,一般,均標,--,--,--,--,均標,--,3,--,--,--,--,3,--,--,(國文+自然)23,--,--,--,--,--,--,--,--,--,--,*
007,高雄醫學大學,007272,無,薪火招生C組(運醫、醫化與香粧品學系),,8,一般,--,--,--,--,--,均標,--,3,--,--,--,--,3,--,--,(國文+自然)19,--,--,--,--,--,--,--,--,--,--,*
007,高雄醫學大學,007282,無,薪火招生D組(人文社會科學類),,4,一般,--,均標,--,--,--,--,--,3,2,--,--,--,--,--,--,國文11,英文8,--,--,--,--,--,--,--,--,--,*
007,高雄醫學大學,007292,無,薪火招生E組(生命科學類),,4,一般,--,--,--,--,--,後標,--,3,--,--,--,--,2,--,--,國文12,自然8,--,--,--,--,--,--,--,--,--,*
007,高雄醫學大學,007302,無,薪火招生F組(口衛、公衛與醫管資學系),,4,一般,--,--,後標,均標,--,後標,--,3,--,--,--,--,--,--,--,國文9,--,--,--,--,--,--,--,--,--,--,--
007,高雄醫學大學,007312,無,醫學系(公費生),,8,一般,前標,前標,前標,--,--,前標,--,9,3,8,--,--,3,--,--,國文15,數A11,(英文+自然)28,--,--,--,--,--,--,--,--,*
007,高雄醫學大學,007152,無,醫務管理暨醫療資訊學系(APCS組),,2,APCS,,,,,,,,,,,,,,,見原始圖片,(APCS識讀+APCS實作)4,國英12,--,--,--,--,--,--,--,--,--,--
008,中原大學,008012,無,應用數學系,,70,一般,--,--,底標,--,--,--,--,--,--,3,--,--,--,--,--,數A9,--,--,--,--,--,--,--,--,--,--,*
008,中原大學,008022,無,物理學系物理組,,31,一般,--,--,後標,--,--,後標,--,--,--,3,--,--,6,--,--,自然8,數學A8,--,--,--,--,--,--,--,--,--,*
008,中原大學,008032,無,物理學系光電與材料科學組,,34,一般,--,--,後標,--,--,後標,--,--,--,3,--,--,6,--,--,自然8,數學A9,--,--,--,--,--,--,--,--,--,*
008,中原大學,008042,無,化學系化學組,,36,一般,--,--,後標,--,--,後標,--,--,6,6,--,--,3,--,--,(英文+數學A)12,自然10,--,--,--,--,--,--,--,--,--,*
008,中原大學,008052,無,化學系材料化學組,,35,一般,--,--,後標,--,--,後標,--,--,6,6,--,--,3,--,--,(英文+數學A)15,自然11,--,--,--,--,--,--,--,--,--,*
008,中原大學,008062,無,心理學系,,73,一般,--,後標,底標,--,--,--,--,--,--,3,--,--,--,4,--,國英數A自33,數學A7,--,--,--,--,--,--,--,--,--,*
008,中原大學,008072,無,生物科技學系,,67,一般,--,--,--,--,--,後標,--,--,3,--,--,--,6,--,--,自然8,英文8,--,--,--,--,--,--,--,--,--,*
008,中原大學,008082,無,化學工程學系綠能製程組,,35,一般,--,後標,--,--,--,後標,--,--,--,--,--,--,--,3,--,英數A自26,--,--,--,--,--,--,--,--,--,--,*
008,中原大學,008092,無,化學工程學系生化工程組,,35,一般,--,後標,--,--,--,後標,--,--,--,--,--,--,--,3,--,英數A自28,--,--,--,--,--,--,--,--,--,--,*
008,中原大學,008102,無,化學工程學系材料工程組,,31,一般,--,後標,--,--,--,後標,--,--,--,--,--,--,--,3,--,英數A自31,--,--,--,--,--,--,--,--,--,--,*
008,中原大學,008112,無,土木工程學系,,107,一般,--,--,後標,--,--,--,--,3,--,3,--,--,--,--,--,(國文+數學A)18,--,--,--,--,--,--,--,--,--,--,*
008,中原大學,008122,無,機械工程學系,,106,一般,--,--,--,--,--,後標,--,--,--,4,--,--,--,3,--,數A8,國數A自28,--,--,--,--,--,--,--,--,--,*
008,中原大學,008132,無,生物醫學工程學系,,76,一般,--,--,後標,--,--,後標,--,--,--,5,--,--,3,--,--,數A5,自然10,--,--,--,--,--,--,--,--,--,*
008,中原大學,008142,無,環境工程學系,,37,一般,--,--,--,--,--,後標,--,--,--,--,--,--,5,3,--,自然10,國英自27,--,--,--,--,--,--,--,--,--,*
008,中原大學,008152,無,電機資訊學院學士班,,29,一般,--,後標,後標,--,--,--,--,--,--,3,--,--,--,--,--,數A10,--,--,--,--,--,--,--,--,--,--,*
008,中原大學,008162,無,工業與系統工程學系工程組,,60,一般,後標,--,--,--,--,--,--,3,--,3,--,--,--,--,--,(國文+數學A)15,--,--,--,--,--,--,--,--,--,--,*
008,中原大學,008172,無,工業與系統工程學系管理組,,29,一般,後標,--,底標,底標,--,--,--,3,3,--,--,--,--,--,--,(國文+英文)20,--,--,--,--,--,--,--,--,--,--,*
008,中原大學,008182,無,電子工程學系,,95,一般,--,--,--,--,--,後標,--,--,3,--,--,--,--,--,--,英文10,--,--,--,--,--,--,--,--,--,--,*
008,中原大學,008192,無,資訊工程學系,,62,一般,--,後標,--,--,--,--,--,--,3,--,--,--,--,--,--,英文11,--,--,--,--,--,--,--,--,--,--,*
008,中原大學,008202,無,電機工程學系,,72,一般,後標,--,--,--,--,--,--,--,3,3,--,--,--,--,--,(英文+數學A)20,--,--,--,--,--,--,--,--,--,--,*
008,中原大學,008212,無,中原大學美國威大密爾瓦基分校電機與資訊工程雙學士學位學程,,15,一般,--,後標,後標,--,--,--,--,--,3,3,--,--,--,--,--,(英文+數學A)18,--,--,--,--,--,--,--,--,--,--,*
008,中原大學,008222,無,電機資訊學院智慧運算與大數據學士班,,31,一般,--,--,後標,--,--,--,--,--,3,3,--,--,--,--,--,(英文+數學A)17,--,--,--,--,--,--,--,--,--,--,*
008,中原大學,008232,無,企業管理學系服務業管理組,,31,一般,後標,--,--,--,--,--,--,3,--,--,--,3,--,--,--,(國文+社會)23,--,--,--,--,--,--,--,--,--,--,*
008,中原大學,008242,無,企業管理學系高科技業管理組,,33,一般,後標,--,--,--,--,--,--,3,--,--,3,--,--,--,--,(國文+數學B)17,--,--,--,--,--,--,--,--,--,--,*
008,中原大學,008252,無,企業管理學系工商管理組,,58,一般,後標,--,--,--,--,--,--,3,--,--,--,3,--,--,--,(國文+社會)23,--,--,--,--,--,--,--,--,--,--,*
008,中原大學,008262,無,國際經營與貿易學系,,48,一般,--,--,--,--,後標,--,--,5,3,--,7,5,--,--,--,--,(國文+社會)18,英文8,--,--,--,--,--,--,--,--,*
008,中原大學,008272,無,會計學系,,83,一般,--,後標,--,--,--,--,--,--,--,--,3,3,--,--,--,(數學B+社會)18,--,--,--,--,--,--,--,--,--,--,*
008,中原大學,008282,無,資訊管理學系,,48,一般,--,--,底標,底標,--,--,--,3,--,--,--,--,--,--,--,國文12,--,--,--,--,--,--,--,--,--,--,*
008,中原大學,008292,無,財務金融學系,,66,一般,後標,--,--,--,--,--,--,5,--,--,--,3,--,--,--,國文11,社會12,--,--,--,--,--,--,--,--,--,*
008,中原大學,008302,無,中原大學與美國天普大學商學管理雙學士學位學程,,12,一般,後標,後標,--,--,--,--,--,5,4,--,--,--,--,--,--,國文9,英文7,--,--,--,--,--,--,--,--,--,*
008,中原大學,008312,無,財經法律學系財貿法組,,27,一般,後標,後標,--,--,--,--,--,4,3,--,--,--,--,--,--,國文12,英文8,--,--,--,--,--,--,--,--,--,*
008,中原大學,008322,無,財經法律學系科技法組,,34,一般,後標,後標,--,--,--,--,--,4,3,--,--,--,--,--,--,國文11,英文8,--,--,--,--,--,--,--,--,--,*
008,中原大學,008332,無,建築學系,,33,一般,--,後標,--,--,--,--,--,--,--,--,--,--,--,3,--,國英數A31,--,--,--,--,--,--,--,--,--,--,*
008,中原大學,008342,無,室內設計學系,,34,一般,後標,後標,--,--,--,--,--,4,--,--,--,--,--,3,--,國文11,國英社32,--,--,--,--,--,--,--,--,--,*
008,中原大學,008352,無,商業設計學系商業設計組,,27,一般,--,後標,--,--,--,--,--,--,--,--,--,--,--,3,--,國英21,--,--,--,--,--,--,--,--,--,--,*
008,中原大學,008362,無,商業設計學系產品設計組乙類,,6,一般,--,--,--,--,--,後標,--,--,--,--,--,--,--,4,--,國英自29,--,--,--,--,--,--,--,--,--,--,*
008,中原大學,008372,無,地景建築學系,,35,一般,--,後標,後標,後標,--,--,--,3,--,--,--,--,--,--,--,國文11,--,--,--,--,--,--,--,--,--,--,*
008,中原大學,008382,無,英國牛津布魯克斯大學建築及都市設計雙學士學位學程,,17,一般,後標,後標,--,--,--,--,--,4,3,--,--,--,--,--,--,國文11,英文7,--,--,--,--,--,--,--,--,--,*
008,中原大學,008392,無,特殊教育學系,,29,一般,後標,--,--,--,--,--,--,3,4,--,4,--,--,--,--,(英文+數學B)8,國文11,--,--,--,--,--,--,--,--,--,*
008,中原大學,008402,無,應用外國語文學系,,57,一般,--,後標,--,--,--,--,--,4,3,--,--,--,--,--,--,國文9,英文9,--,--,--,--,--,--,--,--,--,*
008,中原大學,008412,無,應用華語文學系,,74,一般,後標,--,--,--,--,--,--,3,4,--,--,--,--,--,--,英文2,國文9,--,--,--,--,--,--,--,--,--,--
008,中原大學,008422,無,商業設計學系產品設計組甲類,,13,術科(美術/體育/音樂),,,,,,,,,,,,,,,見原始圖片,彩繪技法72,創意表現78,--,--,--,--,--,--,--,--,--,--
009,東海大學,009012,無,中國文學系,,58,一般,後標,--,--,--,--,--,--,5,--,--,--,--,--,3,--,國文10,國社23,--,--,--,--,--,--,--,--,--,*
009,東海大學,009022,無,外國語文學系,,52,一般,--,後標,--,--,--,--,--,--,3,--,--,--,--,--,--,英文10,--,--,--,--,--,--,--,--,--,--,*
009,東海大學,009032,無,歷史學系,,36,一般,--,--,--,--,均標,--,--,--,--,--,--,3,--,--,--,社會13,--,--,--,--,--,--,--,--,--,--,*
009,東海大學,009042,無,日本語言文化學系,,58,一般,--,後標,--,--,--,--,--,3,5,--,--,--,--,--,--,英文7,國文11,--,--,--,--,--,--,--,--,--,*
009,東海大學,009052,無,哲學系,,34,一般,--,底標,--,--,--,--,--,3,--,--,--,5,--,--,--,社會10,國文11,--,--,--,--,--,--,--,--,--,*
009,東海大學,009062,無,應用物理學系,,34,一般,--,底標,--,--,--,--,--,--,--,--,--,--,--,3,--,國英數A24,--,--,--,--,--,--,--,--,--,--,*
009,東海大學,009072,無,化學系化學組,,26,一般,--,後標,--,--,--,後標,--,--,--,--,--,--,--,3,--,英自18,--,--,--,--,--,--,--,--,--,--,*
009,東海大學,009082,無,化學系化學生物組,,28,一般,--,後標,--,--,--,後標,--,--,--,--,--,--,--,3,--,英自13,--,--,--,--,--,--,--,--,--,--,--
009,東海大學,009092,無,生命科學系生物醫學組,,28,一般,--,--,--,--,--,後標,--,--,--,--,--,--,--,3,--,英自18,--,--,--,--,--,--,--,--,--,--,*
009,東海大學,009102,無,生命科學系生態暨生物多樣性組,,28,一般,--,--,--,--,--,後標,--,--,--,--,--,--,--,3,--,國英自27,--,--,--,--,--,--,--,--,--,--,*
009,東海大學,009112,無,智慧計算暨應用數學系(A組),,14,一般,--,--,後標,--,--,--,--,--,--,3.5,--,--,--,8,--,國數A10,數學A8,--,--,--,--,--,--,--,--,--,*
009,東海大學,009122,無,智慧計算暨應用數學系(B組),,9,一般,--,--,後標,--,--,--,--,--,--,5,--,--,--,8,--,英數A7,數學A5,--,--,--,--,--,--,--,--,--,--
009,東海大學,009132,無,化學工程與材料工程學系,,48,一般,--,--,底標,--,--,底標,--,--,--,3,--,--,3,--,--,(數學A+自然)18,--,--,--,--,--,--,--,--,--,--,*
009,東海大學,009142,無,工業工程與經營資訊學系(智慧設計與生產),,25,一般,--,--,後標,--,--,--,--,--,--,3,--,--,--,--,--,數A7,--,--,--,--,--,--,--,--,--,--,*
009,東海大學,009152,無,工業工程與經營資訊學系(智慧經營與管理),,32,一般,--,後標,--,--,--,--,--,--,3,--,--,--,--,--,--,英文7,--,--,--,--,--,--,--,--,--,--,*
009,東海大學,009162,無,環境科學與工程學系,,50,一般,--,--,--,--,--,後標,--,--,--,--,--,--,5,3,--,自然8,國數A自26,--,--,--,--,--,--,--,--,--,*
009,東海大學,009172,無,資訊工程學系,,61,一般,--,--,後標,--,--,--,--,--,--,--,--,--,--,3,--,英數A自26,--,--,--,--,--,--,--,--,--,--,*
009,東海大學,009192,無,電機工程學系,,38,一般,--,--,底標,底標,--,--,--,3,--,--,--,--,--,--,--,國文12,--,--,--,--,--,--,--,--,--,--,*
009,東海大學,009202,無,企業管理學系,,88,一般,--,--,--,後標,--,--,--,3,6,--,--,--,--,--,--,英文6,國文11,--,--,--,--,--,--,--,--,--,*
009,東海大學,009212,無,國際經營與貿易學系,,60,一般,--,後標,--,--,--,--,--,--,--,--,--,--,--,3,--,國英數B27,--,--,--,--,--,--,--,--,--,--,*
009,東海大學,009222,無,會計學系,,64,一般,後標,--,--,--,後標,--,--,6,--,--,--,3,--,--,--,國文10,社會11,--,--,--,--,--,--,--,--,--,*
009,東海大學,009232,無,財務金融學系,,65,一般,--,後標,底標,底標,--,--,--,--,3,--,--,--,--,--,--,英文9,--,--,--,--,--,--,--,--,--,--,*
009,東海大學,009242,無,統計學系(巨量資料管理組),,31,一般,--,--,後標,--,--,--,--,--,--,5,--,--,--,3,--,數A5,國數A11,--,--,--,--,--,--,--,--,--,--
009,東海大學,009252,無,統計學系(決策管理組),,31,一般,--,--,--,後標,--,--,--,--,--,--,5,--,--,3,--,數學B8,國數B19,--,--,--,--,--,--,--,--,--,*
009,東海大學,009262,無,資訊管理學系,,33,一般,--,後標,--,後標,--,--,--,--,6,--,3,--,--,--,--,英文6,數學B9,--,--,--,--,--,--,--,--,--,*
009,東海大學,009272,無,經濟學系,,76,一般,--,底標,--,--,--,--,--,--,--,--,3,--,--,--,--,數學B8,--,--,--,--,--,--,--,--,--,--,*
009,東海大學,009282,無,政治學系,,48,一般,--,--,--,--,底標,--,--,6,--,--,--,6,--,3,--,(國文+社會)21,國英18,--,--,--,--,--,--,--,--,--,*
009,東海大學,009292,無,行政管理暨政策學系,,42,一般,--,--,--,--,後標,--,--,--,--,--,--,--,--,3,--,國社24,--,--,--,--,--,--,--,--,--,--,*
009,東海大學,009302,無,社會學系,,49,一般,--,--,--,--,底標,--,--,3,--,--,--,5,--,--,--,社會11,國文12,--,--,--,--,--,--,--,--,--,*
009,東海大學,009312,無,社會工作學系,,67,一般,--,--,--,--,底標,--,--,3,--,--,--,3,--,--,--,(國文+社會)23,--,--,--,--,--,--,--,--,--,--,*
009,東海大學,009322,無,畜產與生物科技學系,,65,一般,--,--,--,--,--,後標,--,--,--,--,--,--,--,3,--,國英自21,--,--,--,--,--,--,--,--,--,--,--
009,東海大學,009332,無,食品科學系,,58,一般,--,--,底標,底標,--,--,--,--,6,--,--,--,3,--,--,英文1,自然8,--,--,--,--,--,--,--,--,--,*
009,東海大學,009342,無,餐旅管理學系,,31,一般,--,底標,--,--,--,--,--,--,--,--,--,--,--,3,--,英數B社20,--,--,--,--,--,--,--,--,--,--,*
009,東海大學,009352,無,高齡健康與運動科學學士學位學程,,25,一般,底標,底標,--,--,--,--,--,3,3,--,--,--,--,--,--,(國文+英文)17,--,--,--,--,--,--,--,--,--,--,*
009,東海大學,009362,無,建築學系,,30,一般,--,--,均標,均標,--,--,--,--,--,--,--,--,--,3,--,國英24,--,--,--,--,--,--,--,--,--,--,*
009,東海大學,009372,無,工業設計學系(A組),,10,一般,--,均標,--,--,--,--,--,5,5,--,--,--,5,--,--,(國文+英文+自然)32,--,--,--,--,--,--,--,--,--,--,--
009,東海大學,009382,無,工業設計學系(B組),,10,一般,--,均標,--,--,--,--,--,5,5,--,--,5,--,--,--,(國文+英文+社會)32,--,--,--,--,--,--,--,--,--,--,*
009,東海大學,009392,無,景觀學系,,29,一般,後標,--,--,--,--,--,--,3,3,--,--,--,--,--,--,(國文+英文)19,--,--,--,--,--,--,--,--,--,--,*
009,東海大學,009402,無,法律學系,,60,一般,均標,均標,後標,後標,--,--,--,3,4,--,--,--,--,--,--,英文9,國文12,--,--,--,--,--,--,--,--,--,*
009,東海大學,009412,無,國際學院國際經營管理學位學程,,30,一般,--,後標,--,--,--,--,--,--,3,--,--,--,--,--,--,英文9,--,--,--,--,--,--,--,--,--,--,*
009,東海大學,009422,無,永續科學與管理學士學位學程,,12,一般,--,後標,--,--,--,--,--,--,4,--,--,--,--,--,--,英文7,--,--,--,--,--,--,--,--,--,--,*
009,東海大學,009182,無,資訊工程學系(APCS組),,3,APCS,,,,,,,,,,,,,,,見原始圖片,(APCS識讀+APCS實作)4,英數A自26,--,--,--,--,--,--,--,--,--,--
009,東海大學,009432,無,音樂學系,鋼琴,3,音樂,,,,,,,,,,,,,,,見原始圖片,主修55.64,--,--,--,--,--,--,--,--,--,--,--
009,東海大學,009432,無,音樂學系,聲樂,3,音樂,,,,,,,,,,,,,,,見原始圖片,主修81.57,--,--,--,--,--,--,--,--,--,--,--
009,東海大學,009432,無,音樂學系,小提琴,2,音樂,,,,,,,,,,,,,,,見原始圖片,主修77.07,--,--,--,--,--,--,--,--,--,--,--
009,東海大學,009432,無,音樂學系,中提琴,22,音樂,,,,,,,,,,,,,,,見原始圖片,主修79.07,--,--,--,--,--,--,--,--,--,--,--
009,東海大學,009432,無,音樂學系,大提琴,2,音樂,,,,,,,,,,,,,,,見原始圖片,主修72.14,--,--,--,--,--,--,--,--,--,--,--
009,東海大學,009432,無,音樂學系,低音提琴,1,音樂,,,,,,,,,,,,,,,見原始圖片,主修81.21,--,--,--,--,--,--,--,--,--,--,--
009,東海大學,009432,無,音樂學系,長號,1,音樂,,,,,,,,,,,,,,,見原始圖片,主修71.78,--,--,--,--,--,--,--,--,--,--,--
009,東海大學,009432,無,音樂學系,小號,22,音樂,,,,,,,,,,,,,,,見原始圖片,主修83.11,--,--,--,--,--,--,--,--,--,--,--
009,東海大學,009432,無,音樂學系,法國號,1,音樂,,,,,,,,,,,,,,,見原始圖片,主修80.78,--,--,--,--,--,--,--,--,--,--,--
009,東海大學,009432,無,音樂學系,上低音號,1,音樂,,,,,,,,,,,,,,,見原始圖片,主修78.56,--,--,--,--,--,--,--,--,--,--,--
009,東海大學,009432,無,音樂學系,低音號,1,音樂,,,,,,,,,,,,,,,見原始圖片,主修76,--,--,--,--,--,--,--,--,--,--,--
009,東海大學,009432,無,音樂學系,薩克斯管,1,音樂,,,,,,,,,,,,,,,見原始圖片,主修77.89,--,--,--,--,--,--,--,--,--,--,--
009,東海大學,009432,無,音樂學系,長笛,1,音樂,,,,,,,,,,,,,,,見原始圖片,主修82.33,--,--,--,--,--,--,--,--,--,--,--
009,東海大學,009432,無,音樂學系,單簧管(豎笛),22,音樂,,,,,,,,,,,,,,,見原始圖片,主修79.67,--,--,--,--,--,--,--,--,--,--,--
009,東海大學,009432,無,音樂學系,雙簧管,1,音樂,,,,,,,,,,,,,,,見原始圖片,主修86.22,--,--,--,--,--,--,--,--,--,--,--
009,東海大學,009432,無,音樂學系,低音管,1,音樂,,,,,,,,,,,,,,,見原始圖片,主修90,--,--,--,--,--,--,--,--,--,--,--
009,東海大學,009432,無,音樂學系,擊樂,1,音樂,,,,,,,,,,,,,,,見原始圖片,主修80.6,--,--,--,--,--,--,--,--,--,--,--
009,東海大學,009442,無,音樂學系(音樂治療組),,22,術科(美術/體育/音樂),,,,,,,,,,,,,,,見原始圖片,(國文+英文)16,--,--,--,--,--,--,--,--,--,--,*
009,東海大學,009452,無,美術學系,,29,術科(美術/體育/音樂),,,,,,,,,,,,,,,見原始圖片,國文11,--,--,--,--,--,--,--,--,--,--,*
011,國立清華大學,011012,無,中國文學系甲組(一般組),,18,一般,頂標,前標,--,均標,前標,--,--,3,6,--,--,8,--,--,--,社會12,英文11,國文13,--,--,--,--,--,--,--,--,*
011,國立清華大學,011022,無,中國文學系乙組(華語文教學組),,7,一般,頂標,前標,--,均標,均標,--,--,3,6,--,12,8,--,--,--,數學B6,社會11,英文11,國文13,--,--,--,--,--,--,--,--
011,國立清華大學,011032,無,外國語文學系,,24,一般,前標,前標,--,均標,均標,--,A,3,3,--,--,--,--,--,--,(國文+英文)28,--,--,--,--,--,--,--,--,--,--,*
011,國立清華大學,011042,無,人文社會學院學士班,,50,一般,前標,前標,--,均標,前標,--,--,--,--,--,--,--,--,3,--,國英數B社49,--,--,--,--,--,--,--,--,--,--,*
011,國立清華大學,011052,無,教育與學習科技學系,,25,一般,前標,前標,--,均標,前標,--,--,3,5,--,--,6,--,--,--,社會12,英文11,國文13,--,--,--,--,--,--,--,--,*
011,國立清華大學,011062,無,幼兒教育學系,,24,一般,前標,前標,--,--,前標,--,--,4,3,--,--,5,--,--,--,社會12,國文12,英文11,--,--,--,--,--,--,--,--,*
011,國立清華大學,011072,無,教育心理與諮商學系,,14,一般,均標,前標,--,均標,--,--,--,--,3.5,--,--,--,--,6,--,國英數B38,英文14,--,--,--,--,--,--,--,--,--,*
011,國立清華大學,011082,無,特殊教育學系,,20,一般,前標,前標,--,--,前標,--,--,3,3,--,--,3,--,--,--,(國文+英文+社會)36,--,--,--,--,--,--,--,--,--,--,--
011,國立清華大學,011092,無,英語教學系,,23,一般,前標,頂標,--,均標,均標,--,A,5,3,--,5,--,--,--,--,(國文+數學B)18,英文13,--,--,--,--,--,--,--,--,--,*
011,國立清華大學,011102,無,竹師教育學院學士班甲組(雙專長組),,16,一般,均標,前標,均標,均標,--,--,--,5,3,--,--,--,--,--,--,國文13,英文12,--,--,--,--,--,--,--,--,--,*
011,國立清華大學,011112,無,竹師教育學院學士班乙組(永續發展教育組),,16,一般,前標,前標,--,均標,前標,--,--,5,4,--,3,4,--,--,--,國文12,(英文+社會)23,數學B7,--,--,--,--,--,--,--,--,--
011,國立清華大學,011122,無,經濟學系,,44,一般,前標,前標,前標,--,--,--,B,3,3,3,--,--,--,--,--,(國文+英文+數學A)38,--,--,--,--,--,--,--,--,--,--,*
011,國立清華大學,011132,無,科技管理學院學士班,,22,一般,前標,前標,前標,--,--,--,--,3,3,3,--,--,--,--,--,(國文+英文+數學A)39,--,--,--,--,--,--,--,--,--,--,*
011,國立清華大學,011142,無,計量財務金融學系,,29,一般,前標,前標,前標,--,--,--,--,3,3,3,--,--,--,--,--,(國文+英文+數學A)39,--,--,--,--,--,--,--,--,--,--,*
011,國立清華大學,011152,無,數學系甲組(數學組),,17,一般,--,均標,前標,--,--,前標,--,--,--,5,--,--,5,3,--,(數學A+自然)25,英數A自38,--,--,--,--,--,--,--,--,--,*
011,國立清華大學,011162,無,數學系乙組(應用數學組),,17,一般,--,均標,前標,--,--,均標,--,--,5,5,--,--,--,3,--,(英文+數學A)20,英數A自36,--,--,--,--,--,--,--,--,--,*
011,國立清華大學,011172,無,物理學系物理組(甲組一般組),,23,一般,均標,前標,前標,--,--,前標,--,--,--,3,--,--,5,--,--,自然13,數A13,--,--,--,--,--,--,--,--,--,*
011,國立清華大學,011182,無,物理學系物理組(乙組天文物理組),,5,一般,均標,前標,前標,--,--,--,--,--,--,5,--,--,10,--,--,自然11,數學A13,--,--,--,--,--,--,--,--,--,*
011,國立清華大學,011192,無,物理學系光電物理組,,10,一般,均標,前標,前標,--,--,--,--,--,--,5,--,--,10,--,--,自然10,數A13,--,--,--,--,--,--,--,--,--,*
011,國立清華大學,011202,無,化學系,,26,一般,--,前標,前標,--,--,前標,--,--,10,3,--,--,7,--,--,英文11,自然12,數學A13,--,--,--,--,--,--,--,--,*
011,國立清華大學,011212,無,理學院學士班,,21,一般,--,均標,--,--,--,--,--,--,10,--,--,--,--,3,--,英文11,數A自27,--,--,--,--,--,--,--,--,--,*
011,國立清華大學,011222,無,生醫工程與環境科學系,,25,一般,--,前標,前標,--,--,前標,--,--,3,3,--,--,3,--,--,(英文+數學A+自然)39,--,--,--,--,--,--,--,--,--,--,*
011,國立清華大學,011232,無,工程與系統科學系甲組(低碳綠能組),,39,一般,均標,前標,前標,--,--,前標,--,--,--,--,--,--,--,3,--,國英數A自52,--,--,--,--,--,--,--,--,--,--,*
011,國立清華大學,011242,無,工程與系統科學系乙組(智慧奈米系統組),,38,一般,--,前標,前標,--,--,前標,--,--,--,--,--,--,--,3,--,國英數A自52,--,--,--,--,--,--,--,--,--,--,*
011,國立清華大學,011252,無,原子科學院學士班,,16,一般,前標,前標,前標,--,--,前標,--,3,3,3,--,--,3,--,--,(國文+英文+數學A+自然)52,--,--,--,--,--,--,--,--,--,--,*
011,國立清華大學,011262,無,化學工程學系,,30,一般,前標,前標,前標,--,--,前標,--,--,5,--,--,--,--,3,--,英文13,國數A自40,--,--,--,--,--,--,--,--,--,*
011,國立清華大學,011272,無,動力機械工程學系,,68,一般,均標,前標,前標,--,--,前標,--,--,7,7,--,--,7,3,--,(英文+數學A+自然)34,國英數A自52,--,--,--,--,--,--,--,--,--,*
011,國立清華大學,011282,無,材料科學工程學系,,55,一般,--,頂標,前標,--,--,前標,--,--,3,5,--,--,4,--,--,數學A12,自然14,英文14,--,--,--,--,--,--,--,--,*
011,國立清華大學,011292,無,工業工程與工程管理學系,,40,一般,均標,前標,前標,--,--,前標,--,5,3,3,--,--,5,--,--,(國文+自然)25,(英文+數學A)25,--,--,--,--,--,--,--,--,--,*
011,國立清華大學,011302,無,工學院學士班,,32,一般,前標,頂標,前標,--,--,頂標,--,--,--,--,--,--,--,3,--,國英數A自54,--,--,--,--,--,--,--,--,--,--,*
011,國立清華大學,011312,無,電機工程學系甲組,,5,一般,--,頂標,頂標,--,--,頂標,--,--,12,10,--,--,12,--,--,(英文+自然)29,數A14,--,--,--,--,--,--,--,--,--,*
011,國立清華大學,011322,無,電機工程學系乙組,,48,一般,--,均標,頂標,--,--,頂標,--,--,3,3,--,--,10,--,--,自然14,(英文+數學A)28,--,--,--,--,--,--,--,--,--,*
011,國立清華大學,011332,無,資訊工程學系甲組(電子資訊組),,5,一般,前標,前標,前標,--,--,前標,--,10,10,10,--,--,10,--,--,(國文+英文+數學A+自然)56,--,--,--,--,--,--,--,--,--,--,*
011,國立清華大學,011342,無,資訊工程學系乙組(資訊工程組),,50,一般,均標,前標,前標,--,--,前標,--,5,3,3,--,--,5,--,--,(國文+自然)27,(英文+數學A)28,--,--,--,--,--,--,--,--,--,*
011,國立清華大學,011352,無,資訊工程學系丙組(人工智慧組),,5,一般,--,前標,前標,--,--,前標,--,--,10,10,--,--,10,--,--,(英文+數學A+自然)42,--,--,--,--,--,--,--,--,--,--,*
011,國立清華大學,011372,無,電機資訊學院學士班,,14,一般,--,前標,前標,--,--,前標,--,--,10,10,--,--,3,--,--,(英文+數學A)27,自然15,--,--,--,--,--,--,--,--,--,*
011,國立清華大學,011382,無,生命科學系,,29,一般,--,前標,前標,--,--,前標,--,--,5,3,--,--,--,--,--,英文12,數A11,--,--,--,--,--,--,--,--,--,*
011,國立清華大學,011392,無,醫學科學系,,18,一般,均標,前標,均標,--,--,前標,--,--,5,10,--,--,3,--,--,數學A10,英文12,自然13,--,--,--,--,--,--,--,--,*
011,國立清華大學,011402,無,生命科學暨醫學院學士班,,20,一般,前標,前標,前標,--,--,前標,--,--,--,--,--,--,--,3,--,國英數A自51,--,--,--,--,--,--,--,--,--,--,*
011,國立清華大學,011412,無,清華學院學士班甲組(不分系招生–創新設計),,9,一般,均標,前標,均標,--,--,均標,--,--,5,--,--,--,--,6,--,英數A24,英文14,--,--,--,--,--,--,--,--,--,--
011,國立清華大學,011422,無,清華學院學士班乙組(青年儲蓄帳戶組),,2,一般,前標,前標,--,--,--,前標,--,--,--,--,--,--,--,--,--,--,--,--,--,--,--,--,--,--,--,--,--
011,國立清華大學,011432,無,旭日招生甲組(人文、教育),,8,一般,均標,均標,--,--,均標,--,--,--,--,--,--,--,--,3,--,國英社35,--,--,--,--,--,--,--,--,--,--,*
011,國立清華大學,011442,無,旭日招生乙組(科管),,4,一般,均標,均標,均標,均標,--,--,--,--,--,--,--,--,--,4.5,--,國英23,--,--,--,--,--,--,--,--,--,--,*
011,國立清華大學,011452,無,旭日招生丙組(理工、原科、生科),,18,一般,--,均標,前標,--,--,均標,--,--,--,--,--,--,--,3,--,英數A自28,--,--,--,--,--,--,--,--,--,--,--
011,國立清華大學,011462,無,旭日招生丁組(電資院),,6,一般,--,前標,前標,--,--,前標,--,--,--,--,--,--,--,3,--,英數A自37,--,--,--,--,--,--,--,--,--,--,*
011,國立清華大學,011472,無,運動科學系,,12,一般,均標,均標,均標,--,--,--,--,6,4,4,--,--,--,--,--,國文12,(英文+數學A)22,--,--,--,--,--,--,--,--,--,--
011,國立清華大學,011482,無,藝術學院學士班(科技藝術組),,21,一般,均標,前標,均標,均標,--,--,--,6,3,--,--,--,--,--,--,國文11,英文12,--,--,--,--,--,--,--,--,--,*
011,國立清華大學,011492,無,藝術學院學士班(音樂組),,5,一般,均標,前標,均標,均標,--,--,--,10,6,--,--,--,--,--,--,國文11,英文11,--,--,--,--,--,--,--,--,--,--
011,國立清華大學,011502,無,藝術學院學士班(藝設跨域組),,6,一般,均標,前標,均標,均標,--,--,--,10,5,--,--,--,--,--,--,國文11,英文11,--,--,--,--,--,--,--,--,--,--
011,國立清華大學,011362,無,資訊工程學系(APCS組),,3,APCS,,,,,,,,,,,,,,,見原始圖片,APCS實作4,數學A12,--,--,--,--,--,--,--,--,--,*
011,國立清華大學,011512,無,音樂學系,鋼琴,6,音樂,,,,,,,,,,,,,,,見原始圖片,主修82.07,--,--,--,--,--,--,--,--,--,--,--
011,國立清華大學,011512,無,音樂學系,聲樂,4,音樂,,,,,,,,,,,,,,,見原始圖片,主修82,--,--,--,--,--,--,--,--,--,--,--
011,國立清華大學,011512,無,音樂學系,小提琴,7,音樂,,,,,,,,,,,,,,,見原始圖片,主修75,--,--,--,--,--,--,--,--,--,--,--
011,國立清華大學,011512,無,音樂學系,中提琴,2,音樂,,,,,,,,,,,,,,,見原始圖片,主修81.43,--,--,--,--,--,--,--,--,--,--,--
011,國立清華大學,011512,無,音樂學系,大提琴,3,音樂,,,,,,,,,,,,,,,見原始圖片,主修80.93,--,--,--,--,--,--,--,--,--,--,--
011,國立清華大學,011512,無,音樂學系,低音提琴,1,音樂,,,,,,,,,,,,,,,見原始圖片,主修80.43,--,--,--,--,--,--,--,--,--,--,--
011,國立清華大學,011512,無,音樂學系,小號,1,音樂,,,,,,,,,,,,,,,見原始圖片,主修83.33,--,--,--,--,--,--,--,--,--,--,--
011,國立清華大學,011512,無,音樂學系,法國號,1,音樂,,,,,,,,,,,,,,,見原始圖片,主修80.78,--,--,--,--,--,--,--,--,--,--,--
011,國立清華大學,011512,無,音樂學系,上低音號,1,音樂,,,,,,,,,,,,,,,見原始圖片,主修78.56,--,--,--,--,--,--,--,--,--,--,--
011,國立清華大學,011512,無,音樂學系,長笛,1,音樂,,,,,,,,,,,,,,,見原始圖片,主修87.33,--,--,--,--,--,--,--,--,--,--,--
011,國立清華大學,011512,無,音樂學系,單簧管(豎笛),2,音樂,,,,,,,,,,,,,,,見原始圖片,主修74.22,--,--,--,--,--,--,--,--,--,--,--
011,國立清華大學,011512,無,音樂學系,雙簧管,1,音樂,,,,,,,,,,,,,,,見原始圖片,主修84.22,--,--,--,--,--,--,--,--,--,--,--
011,國立清華大學,011512,無,音樂學系,直笛,2,音樂,,,,,,,,,,,,,,,見原始圖片,主修86.22,--,--,--,--,--,--,--,--,--,--,--
011,國立清華大學,011512,無,音樂學系,擊樂,2,音樂,,,,,,,,,,,,,,,見原始圖片,主修80.6,--,--,--,--,--,--,--,--,--,--,--
011,國立清華大學,011512,無,音樂學系,理論作曲,1,音樂,,,,,,,,,,,,,,,見原始圖片,主修83.04,--,--,--,--,--,--,--,--,--,--,--
011,國立清華大學,011522,無,藝術與設計學系創作組,,20,術科(美術/體育/音樂),,,,,,,,,,,,,,,見原始圖片,彩繪技法81,素描87,--,--,--,--,--,--,--,--,--,*
011,國立清華大學,011532,無,藝術與設計學系設計組,,20,術科(美術/體育/音樂),,,,,,,,,,,,,,,見原始圖片,國文12,英文11,--,--,--,--,--,--,--,--,--,*
012,中國醫藥大學,012012,無,牙醫學系,,31,一般,前標,前標,前標,--,--,前標,--,10,3,7,--,--,5,--,--,國文14,數學A13,自然14,英文15,--,--,--,--,--,--,--,*
012,中國醫藥大學,012022,無,醫學系,,85,一般,前標,--,頂標,--,前標,頂標,A,5,--,4,--,5,4,3,--,(國文+社會)27,(數學A+自然)27,國數A社自56,--,--,--,--,--,--,--,--,*
012,中國醫藥大學,012032,無,中醫學系甲組,,39,一般,前標,前標,頂標,--,--,頂標,--,6,5,5,--,--,3,--,--,國文14,(英文+數學A)27,自然15,--,--,--,--,--,--,--,--,*
012,中國醫藥大學,012042,無,中醫學系乙組,,41,一般,前標,前標,頂標,--,--,頂標,--,6,5,5,--,--,3,--,--,國文14,(英文+數學A)26,自然14,--,--,--,--,--,--,--,--,*
012,中國醫藥大學,012052,無,藥學系,,152,一般,--,均標,均標,--,--,均標,B,--,--,3,--,--,5,--,--,自然13,數A12,--,--,--,--,--,--,--,--,--,*
012,中國醫藥大學,012062,無,護理學系,,47,一般,後標,後標,--,--,--,後標,--,3,--,--,--,--,3,10,--,國英自20,(國文+自然)22,--,--,--,--,--,--,--,--,--,*
012,中國醫藥大學,012072,無,醫學檢驗生物技術學系,,24,一般,--,後標,--,--,--,後標,--,--,15,--,--,--,3,--,--,英文8,自然13,--,--,--,--,--,--,--,--,--,*
012,中國醫藥大學,012082,無,營養學系,,41,一般,--,後標,--,--,--,後標,--,--,8,--,--,--,3,--,--,英文7,自然11,--,--,--,--,--,--,--,--,--,*
012,中國醫藥大學,012092,無,物理治療學系,,27,一般,--,後標,--,--,--,後標,--,--,8,--,--,--,3,--,--,英文12,自然13,--,--,--,--,--,--,--,--,--,*
012,中國醫藥大學,012102,無,生物科技學系,,29,一般,--,後標,--,--,--,後標,--,--,3,--,--,--,10,--,--,自然6,英文11,--,--,--,--,--,--,--,--,--,*
012,中國醫藥大學,012112,無,運動醫學系,,21,一般,--,後標,--,--,--,後標,--,--,15,--,--,--,3,--,--,英文5,自然11,--,--,--,--,--,--,--,--,--,*
012,中國醫藥大學,012122,無,中國藥學暨中藥資源學系,,10,一般,後標,--,--,--,--,--,--,5,--,--,--,--,--,--,--,國文13,--,--,--,--,--,--,--,--,--,--,*
012,中國醫藥大學,012132,無,藥用化妝品學系,,26,一般,--,後標,--,--,--,後標,--,--,10,--,--,--,3,--,--,英文7,自然11,--,--,--,--,--,--,--,--,--,*
012,中國醫藥大學,012142,無,生物醫學影像暨放射科學學系,,33,一般,--,後標,--,--,--,--,--,--,3,--,--,--,--,--,--,英文12,--,--,--,--,--,--,--,--,--,--,*
012,中國醫藥大學,012152,無,公共衛生學院大一不分系,,87,一般,後標,後標,--,--,--,--,--,3,12,--,--,--,--,--,--,英文5,國文12,--,--,--,--,--,--,--,--,--,*
012,中國醫藥大學,012162,無,生物醫學工程學系,,26,一般,--,後標,--,--,--,後標,--,--,3,--,--,--,12,--,--,自然9,英文12,--,--,--,--,--,--,--,--,--,*
012,中國醫藥大學,012172,無,醫療資訊學系,,28,一般,--,後標,--,--,--,後標,--,--,12,--,--,--,3,--,--,英文5,自然9,--,--,--,--,--,--,--,--,--,*
013,國立陽明交通大學,013012,無,電機工程學系甲組(電資國際組),,8,一般,--,頂標,頂標,--,--,頂標,--,--,6,6,--,--,6,--,--,(英文+數學A+自然)45,--,--,--,--,--,--,--,--,--,--,*
013,國立陽明交通大學,013022,無,電機工程學系乙組(電機工程組),,113,一般,--,前標,前標,--,--,前標,--,--,5,5,--,--,3,--,--,(英文+數學A)27,自然15,--,--,--,--,--,--,--,--,--,*
013,國立陽明交通大學,013032,無,電機工程學系丙組(醫學電資組),,8,一般,--,頂標,前標,--,--,頂標,--,--,6,8,--,--,6,--,--,數A14,(英文+自然)27,--,--,--,--,--,--,--,--,--,*
013,國立陽明交通大學,013042,無,光電工程學系,,19,一般,--,前標,前標,--,--,前標,--,--,3,5,--,--,5,--,--,(數學A+自然)26,英文14,--,--,--,--,--,--,--,--,--,*
013,國立陽明交通大學,013052,無,資訊工程學系(甲組),,5,一般,均標,前標,頂標,--,--,頂標,--,--,20,10,--,--,20,--,--,(英文+自然)25,數A15,--,--,--,--,--,--,--,--,--,*
013,國立陽明交通大學,013062,無,資訊工程學系(乙組),,95,一般,均標,前標,頂標,--,--,前標,--,--,5,3,--,--,5,--,--,(英文+自然)26,數A14,--,--,--,--,--,--,--,--,--,*
013,國立陽明交通大學,013092,無,半導體工程學系固態電子組,,25,一般,--,前標,前標,--,--,前標,--,--,12,10,--,--,12,3,--,(英文+自然)23,數A10,英數A自41,--,--,--,--,--,--,--,--,*
013,國立陽明交通大學,013102,無,半導體工程學系奈米科學組,,17,一般,--,前標,前標,--,--,前標,--,--,12,10,--,--,12,3,--,(英文+自然)23,數A11,英數A自41,--,--,--,--,--,--,--,--,*
013,國立陽明交通大學,013112,無,材料科學與工程學系,,25,一般,--,前標,--,--,--,前標,--,--,3,--,--,--,3,5,--,國英自42,(英文+自然)29,--,--,--,--,--,--,--,--,--,*
013,國立陽明交通大學,013122,無,機械工程學系,,55,一般,均標,均標,前標,--,--,前標,--,--,8,8,--,--,8,3,--,(英文+數學A+自然)37,國英數A自51,--,--,--,--,--,--,--,--,--,*
013,國立陽明交通大學,013132,無,土木工程學系甲組(科技暨基礎建設永續發展組),,16,一般,均標,均標,前標,--,--,均標,--,--,3,5,--,--,3,--,--,數A11,(英文+自然)24,--,--,--,--,--,--,--,--,--,*
013,國立陽明交通大學,013142,無,土木工程學系乙組(科技暨基礎建設永續發展國際組),,33,一般,均標,前標,前標,--,--,均標,B,--,4,5,--,--,3,--,--,數學A10,英文11,自然9,--,--,--,--,--,--,--,--,--
013,國立陽明交通大學,013152,無,理學院科學學士學位學程(乙組),,4,一般,均標,前標,前標,--,--,均標,--,--,5,5,--,--,5,--,--,(英文+數學A+自然)39,--,--,--,--,--,--,--,--,--,--,*
013,國立陽明交通大學,013162,無,理學院科學學士學位學程(丙組),,4,一般,均標,前標,前標,--,--,前標,--,--,5,5,--,--,5,--,--,(英文+數學A+自然)39,--,--,--,--,--,--,--,--,--,--,*
013,國立陽明交通大學,013172,無,電子物理學系光電與奈米科學組,,14,一般,前標,前標,前標,--,--,前標,--,--,--,3.5,--,--,3.5,--,--,(數學A+自然)28,--,--,--,--,--,--,--,--,--,--,*
013,國立陽明交通大學,013182,無,電子物理學系電子物理組,,12,一般,均標,前標,前標,--,--,前標,--,--,--,6,--,--,4,--,--,數A13,自然15,--,--,--,--,--,--,--,--,--,*
013,國立陽明交通大學,013192,無,應用化學系,,22,一般,均標,前標,前標,--,--,前標,--,--,3,3,--,--,3,--,--,(英文+數學A+自然)40,--,--,--,--,--,--,--,--,--,--,*
013,國立陽明交通大學,013202,無,應用數學系,,27,一般,--,均標,頂標,--,--,均標,--,--,8,3,--,--,8,--,--,(英文+自然)17,數A14,--,--,--,--,--,--,--,--,--,*
013,國立陽明交通大學,013212,無,生物科技學系(甲組),,34,一般,--,--,--,--,--,前標,--,--,5,4,--,--,3,--,--,英文12,數學A9,自然13,--,--,--,--,--,--,--,--,*
013,國立陽明交通大學,013222,無,生物科技學系(乙組),,12,一般,--,--,前標,--,--,--,--,--,--,3,--,--,4,5,--,英數A自33,自然12,數學A12,--,--,--,--,--,--,--,--,*
013,國立陽明交通大學,013232,無,資訊管理與財務金融學系資訊管理組,,12,一般,--,前標,前標,--,--,前標,--,--,8,4,--,--,--,--,--,英文11,數學A13,--,--,--,--,--,--,--,--,--,*
013,國立陽明交通大學,013242,無,資訊管理與財務金融學系財務金融組,,12,一般,前標,前標,--,--,--,--,--,--,4,4,--,--,--,--,--,(英文+數學A)26,--,--,--,--,--,--,--,--,--,--,*
013,國立陽明交通大學,013252,無,管理科學系,,22,一般,前標,前標,前標,--,--,--,--,3,3,3,--,--,--,--,--,(國文+英文+數學A)38,--,--,--,--,--,--,--,--,--,--,*
013,國立陽明交通大學,013262,無,運輸與物流管理學系,,2727,一般,均標,前標,前標,--,--,均標,--,3,3,3,--,--,3,--,--,(國文+英文+數學A+自然)49,--,--,--,--,--,--,--,--,--,--,*
013,國立陽明交通大學,013272,無,工業工程與管理學系,,25,一般,--,均標,前標,--,--,均標,--,--,5,3,--,--,5,--,--,(英文+自然)26,數A12,--,--,--,--,--,--,--,--,--,*
013,國立陽明交通大學,013282,無,外國語文學系,,2727,一般,前標,頂標,--,均標,均標,--,--,--,3,--,--,--,--,--,--,英文14,--,--,--,--,--,--,--,--,--,--,*
013,國立陽明交通大學,013292,無,傳播與科技學系,,19,一般,前標,前標,--,均標,前標,--,--,3,3,--,--,3,--,--,--,(國文+英文+社會)41,--,--,--,--,--,--,--,--,--,--,*
013,國立陽明交通大學,013302,無,人文社會學系,,20,一般,均標,前標,--,--,均標,--,--,5,3,--,--,4,--,--,--,國文12,社會13,英文12,--,--,--,--,--,--,--,--,*
013,國立陽明交通大學,013312,無,屯蒙-電機資訊組,,27,一般,均標,均標,前標,--,--,前標,--,--,--,3,--,--,3,--,--,(數學A+自然)25,--,--,--,--,--,--,--,--,--,--,*
013,國立陽明交通大學,013322,無,屯蒙-工程組,,12,一般,--,均標,前標,--,--,前標,--,--,3.5,3.5,--,--,--,--,--,(英文+數學A)22,--,--,--,--,--,--,--,--,--,--,*
013,國立陽明交通大學,013332,無,屯蒙-理學生物科技組,,13,一般,--,均標,均標,--,--,均標,--,--,3.5,3.5,--,--,3.5,--,--,(英文+數學A+自然)33,--,--,--,--,--,--,--,--,--,--,*
013,國立陽明交通大學,013342,無,屯蒙-管理組,,9,一般,均標,均標,均標,--,--,--,--,5.5,5.5,5.5,--,--,--,--,--,(國文+英文+數學A)32,--,--,--,--,--,--,--,--,--,--,*
013,國立陽明交通大學,013352,無,屯蒙-人文社會組,,6,一般,均標,均標,--,--,均標,--,--,4,4,--,--,4,--,--,--,(國文+英文+社會)36,--,--,--,--,--,--,--,--,--,--,*
013,國立陽明交通大學,013362,無,屯蒙-醫學組,,22,一般,--,前標,前標,--,--,前標,--,--,--,--,--,--,5,7,--,英數A自41,自然14,--,--,--,--,--,--,--,--,--,*
013,國立陽明交通大學,013372,無,屯蒙-牙醫組,,2,一般,--,前標,前標,--,--,前標,--,--,--,--,--,--,5,7,--,英數A自36,自然14,--,--,--,--,--,--,--,--,--,--
013,國立陽明交通大學,013382,無,屯蒙-醫事證照組,,5,一般,--,均標,均標,--,--,均標,--,--,--,--,--,--,5,7,--,英數A自34,自然13,--,--,--,--,--,--,--,--,--,*
013,國立陽明交通大學,013392,無,屯蒙-生醫科學組,,3,一般,--,均標,均標,--,--,均標,--,--,--,--,--,--,5,7,--,英數A自31,自然12,--,--,--,--,--,--,--,--,--,*
013,國立陽明交通大學,013402,無,醫學系醫師組,,41,一般,頂標,頂標,頂標,--,--,頂標,--,4.5,3,3,--,--,3,4,--,國文14,國英數A自58,(英文+數學A+自然)44,--,--,--,--,--,--,--,--,*
013,國立陽明交通大學,013412,無,醫學系醫師科學家組,,10,一般,--,頂標,前標,--,--,頂標,--,--,3,3,--,--,3,3.5,--,國英數A自58,(英文+數學A+自然)44,--,--,--,--,--,--,--,--,--,*
013,國立陽明交通大學,013422,無,醫學系醫師工程師組,,10,一般,前標,頂標,頂標,--,--,頂標,--,4,4,3,--,--,3,3.5,--,(國文+英文)29,國英數A自57,(數學A+自然)28,--,--,--,--,--,--,--,--,*
013,國立陽明交通大學,013432,無,醫學系(公費生),,10,一般,頂標,頂標,頂標,--,--,頂標,--,5,3.5,3,--,--,3,4,--,國文13,國英數A自55,英文14,(數學A+自然)26,--,--,--,--,--,--,--,*
013,國立陽明交通大學,013442,無,牙醫學系,,18,一般,頂標,頂標,頂標,--,--,頂標,A,--,4,3.5,--,--,3.5,3,--,英文15,(數學A+自然)29,國英數A自59,--,--,--,--,--,--,--,--,*
013,國立陽明交通大學,013452,無,醫學生物技術暨檢驗學系(生技及檢驗醫學組),,13,一般,--,均標,後標,--,--,均標,--,8,--,--,--,--,--,3.5,--,國文14,國英自41,--,--,--,--,--,--,--,--,--,*
013,國立陽明交通大學,013462,無,醫學生物技術暨檢驗學系(資訊及精準醫學組),,6,一般,--,均標,均標,--,--,--,--,--,8,8,--,--,--,5,--,(英文+數學A)21,英數A自35,--,--,--,--,--,--,--,--,--,*
013,國立陽明交通大學,013472,無,生物醫學影像暨放射科學系,,20,一般,--,均標,均標,--,--,均標,--,--,6,3,--,--,8,--,--,自然12,英文12,數A11,--,--,--,--,--,--,--,--,*
013,國立陽明交通大學,013482,無,護理學系,,26,一般,--,均標,--,--,--,均標,--,--,3,--,--,--,8,--,--,自然9,英文13,--,--,--,--,--,--,--,--,--,*
013,國立陽明交通大學,013492,無,物理治療暨輔助科技學系,,12,一般,均標,均標,均標,--,--,均標,--,--,--,4,--,--,4,10,--,國英數A自50,(數學A+自然)26,--,--,--,--,--,--,--,--,--,*
013,國立陽明交通大學,013502,無,生命科學系暨基因體科學研究所(生物醫學科學組),,14,一般,--,均標,--,--,--,均標,--,--,--,--,--,--,7,3.5,--,自然13,英數A自38,--,--,--,--,--,--,--,--,--,*
013,國立陽明交通大學,013512,無,生命科學系暨基因體科學研究所(生醫光電與資訊組),,6,一般,--,均標,均標,--,--,均標,--,--,--,6,--,--,6,10,--,英數A自34,(數學A+自然)24,--,--,--,--,--,--,--,--,--,*
013,國立陽明交通大學,013522,無,生物醫學工程學系,,14,一般,--,--,均標,--,--,均標,--,--,3.5,3.5,--,--,3.5,--,--,(英文+數學A+自然)40,--,--,--,--,--,--,--,--,--,--,*
013,國立陽明交通大學,013532,無,藥學系,,19,一般,均標,均標,均標,--,--,均標,--,--,6,--,--,--,6,3,--,(英文+自然)29,國英數A自55,--,--,--,--,--,--,--,--,--,*
013,國立陽明交通大學,013542,無,學士班大一大二不分系,,5,一般,--,均標,均標,--,--,均標,--,--,--,--,--,--,8,12,--,英數A自37,自然13,--,--,--,--,--,--,--,--,--,*
013,國立陽明交通大學,013552,無,中醫學系,,10,一般,前標,前標,前標,--,--,前標,--,10,5,5,--,--,5,--,--,國文15,(英文+數學A+自然)41,--,--,--,--,--,--,--,--,--,*
013,國立陽明交通大學,013072,無,資訊工程學系(APCS組),,5,APCS,,,,,,,,,,,,,,,見原始圖片,數學A10,APCS實作4,--,--,--,--,--,--,--,--,--,*
013,國立陽明交通大學,013082,無,資訊工程學系(資安組),,5,APCS,,,,,,,,,,,,,,,見原始圖片,數學A10,APCS實作3,--,--,--,--,--,--,--,--,--,*
014,淡江大學,014012,無,中國文學學系,,33,一般,後標,--,--,--,--,--,--,3,--,--,--,5,--,--,--,社會10,國文12,--,--,--,--,--,--,--,--,--,*
014,淡江大學,014022,無,歷史學系,,35,一般,--,--,--,--,後標,--,--,5,--,--,--,3,--,--,--,國文10,社會13,--,--,--,--,--,--,--,--,--,*
014,淡江大學,014032,無,資訊與圖書館學系,,59,一般,後標,後標,--,--,--,--,--,5,3,--,--,--,--,--,--,國文9,英文5,--,--,--,--,--,--,--,--,--,--
014,淡江大學,014042,無,大眾傳播學系,,60,一般,後標,--,--,--,--,--,--,3,5,--,--,--,--,--,--,英文7,國文11,--,--,--,--,--,--,--,--,--,*
014,淡江大學,014052,無,資訊傳播學系,,33,一般,後標,--,--,--,--,--,--,3,4,--,5,--,--,--,--,數學B5,英文6,國文11,--,--,--,--,--,--,--,--,*
014,淡江大學,014062,無,教育科技學系,,60,一般,後標,--,--,--,--,--,--,3,--,--,--,--,--,--,--,國文10,--,--,--,--,--,--,--,--,--,--,*
014,淡江大學,014072,無,教育與未來設計學系,,25,一般,後標,--,--,--,--,--,--,3,--,--,--,3,--,--,--,(國文+社會)22,--,--,--,--,--,--,--,--,--,--,*
014,淡江大學,014082,無,英文學系,,54,一般,--,均標,--,--,--,--,--,--,3,--,--,--,--,--,--,英文10,--,--,--,--,--,--,--,--,--,--,*
014,淡江大學,014092,無,英文學系全英語學士班,,32,一般,--,均標,--,--,--,--,--,--,3,--,--,--,--,--,--,英文10,--,--,--,--,--,--,--,--,--,--,*
014,淡江大學,014102,無,法國語文學系,,37,一般,--,後標,--,--,--,--,--,5,3,--,--,--,--,--,--,國文5,英文8,--,--,--,--,--,--,--,--,--,*
014,淡江大學,014112,無,德國語文學系,,27,一般,--,後標,--,--,--,--,--,3,6,--,--,--,--,--,--,英文7,國文11,--,--,--,--,--,--,--,--,--,*
014,淡江大學,014122,無,西班牙語文學系,,35,一般,--,後標,--,--,--,--,--,6,3,--,--,--,--,--,--,國文9,英文9,--,--,--,--,--,--,--,--,--,*
014,淡江大學,014132,無,日本語文學系,,95,一般,後標,--,--,--,--,--,--,3,--,--,--,6,--,--,--,社會10,國文11,--,--,--,--,--,--,--,--,--,*
014,淡江大學,014142,無,俄國語文學系,,26,一般,--,--,--,--,後標,--,--,--,3,--,--,6,--,--,--,社會8,英文5,--,--,--,--,--,--,--,--,--,*
014,淡江大學,014152,無,財務金融學系,,80,一般,--,--,--,底標,--,--,--,3,4,--,5,--,--,--,--,數學B7,英文7,國文11,--,--,--,--,--,--,--,--,*
014,淡江大學,014162,無,財務金融學系全球財務管理全英語學士班,,34,一般,--,後標,--,--,--,--,--,3,3,--,3,--,--,--,--,(國文+英文+數學B)25,--,--,--,--,--,--,--,--,--,--,*
014,淡江大學,014172,無,產業經濟學系,,30,一般,--,後標,--,--,--,--,--,5,4,--,3,--,--,--,--,國文4,英文5,數B1,--,--,--,--,--,--,--,--,--
014,淡江大學,014182,無,國際企業學系經貿管理組,,46,一般,--,底標,--,--,--,--,--,4,3,--,5,--,--,--,--,數學B3,國文9,英文7,--,--,--,--,--,--,--,--,*
014,淡江大學,014192,無,國際企業學系國際商學全英語組,,40,一般,--,後標,--,--,--,--,--,5,3,--,4,--,--,--,--,國文4,--,英文7,--,--,--,--,--,--,--,--,*
014,淡江大學,014202,無,風險管理與保險學系,,59,一般,底標,--,--,--,--,--,--,3,4,--,5,--,--,--,--,--,--,國文8,--,--,--,--,--,--,--,--,--
014,淡江大學,014212,無,經濟學系,,86,一般,後標,--,--,--,--,--,--,6,5,--,3,--,--,--,--,國文10,英文6,數學B6,--,--,--,--,--,--,--,--,*
014,淡江大學,014222,無,會計學系,,95,一般,--,--,--,底標,--,--,--,3,4,--,5,--,--,--,--,數學B6,英文5,國文10,--,--,--,--,--,--,--,--,*
014,淡江大學,014232,無,企業管理學系,,82,一般,--,--,--,底標,--,--,--,4,3,--,5,--,--,--,--,數學B5,國文10,英文7,--,--,--,--,--,--,--,--,*
014,淡江大學,014242,無,統計學系,,80,一般,--,--,--,底標,--,--,--,3,4,--,5,--,--,--,--,數學B5,英文4,國文9,--,--,--,--,--,--,--,--,*
014,淡江大學,014252,無,資訊管理學系,,62,一般,--,--,--,後標,--,--,--,5,4,--,3,--,--,--,--,國文10,英文7,數學B7,--,--,--,--,--,--,--,--,*
014,淡江大學,014262,無,運輸管理學系,,75,一般,--,--,--,底標,--,--,--,3,3,--,3,--,--,--,--,(國文+英文+數學B)23,--,--,--,--,--,--,--,--,--,--,*
014,淡江大學,014272,無,公共行政學系,,42,一般,--,--,--,--,後標,--,--,3,--,--,--,4,--,--,--,社會12,國文11,--,--,--,--,--,--,--,--,--,*
014,淡江大學,014282,無,管理科學學系,,33,一般,底標,--,--,--,--,--,--,5,3,--,4,--,--,--,--,國文8,--,英文1,--,--,--,--,--,--,--,--,--
014,淡江大學,014292,無,外交與國際關係學系全英語學士班,,30,一般,--,均標,--,--,--,--,--,7,3,--,--,6,--,--,--,國文4,--,英文8,--,--,--,--,--,--,--,--,*
014,淡江大學,014302,無,國際觀光管理學系全英語學士班,,40,一般,--,後標,--,--,--,--,--,--,3,--,--,--,--,--,--,英文6,--,--,--,--,--,--,--,--,--,--,*
014,淡江大學,014312,無,全球政治經濟學系全英語學士班,,34,一般,--,後標,--,--,--,--,--,--,3,--,--,--,--,--,--,英文5,--,--,--,--,--,--,--,--,--,--,--
014,淡江大學,014322,無,應用數學與數據科學學系,,36,一般,--,--,底標,--,--,--,--,--,--,3,--,--,--,--,--,數A5,--,--,--,--,--,--,--,--,--,--,*
014,淡江大學,014332,無,化學學系,,40,一般,--,--,--,--,--,後標,--,--,6,6,--,--,3,--,--,(英文+數學A)4,自然9,--,--,--,--,--,--,--,--,--,*
014,淡江大學,014342,無,物理學系(量子材料組),,25,一般,--,--,後標,--,--,--,--,--,--,6,--,--,3,--,--,數A5,自然9,--,--,--,--,--,--,--,--,--,*
014,淡江大學,014352,無,物理學系(天文與基礎物理組),,11,一般,後標,--,後標,--,--,--,--,5,--,6,--,--,3,--,--,數A5,國文9,自然9,--,--,--,--,--,--,--,--,*
014,淡江大學,014362,無,建築學系,,29,一般,後標,後標,後標,後標,--,--,--,3,6,--,--,--,--,--,--,英文8,國文12,--,--,--,--,--,--,--,--,--,*
014,淡江大學,014372,無,土木工程學系,,57,一般,--,--,底標,--,--,--,--,6,--,3,--,--,--,--,--,國文10,數學A7,--,--,--,--,--,--,--,--,--,*
014,淡江大學,014382,無,資訊工程學系,,86,一般,--,--,後標,--,--,--,--,--,--,3,--,--,--,--,--,數學A9,--,--,--,--,--,--,--,--,--,--,*
014,淡江大學,014392,無,資訊工程學系全英語學士班,,35,一般,--,--,--,後標,--,--,--,--,3,--,4,--,--,--,--,數學B4,英文3,--,--,--,--,--,--,--,--,--,--
014,淡江大學,014402,無,機械與機電工程學系,,60,一般,--,--,底標,後標,--,--,--,5,--,--,--,--,3,--,--,國文10,自然9,--,--,--,--,--,--,--,--,--,*
014,淡江大學,014412,無,電機工程學系電機資訊組,,65,一般,--,--,後標,均標,--,--,--,--,5,--,--,--,3,--,--,英文8,自然9,--,--,--,--,--,--,--,--,--,*
014,淡江大學,014422,無,電機工程學系電機通訊組,,37,一般,--,--,後標,均標,--,--,--,--,5,--,--,--,3,--,--,英文6,自然8,--,--,--,--,--,--,--,--,--,*
014,淡江大學,014432,無,電機工程學系電機與系統組,,40,一般,--,--,後標,均標,--,--,--,--,5,--,--,--,3,--,--,英文7,自然9,--,--,--,--,--,--,--,--,--,--
014,淡江大學,014442,無,化學工程與材料工程學系,,52,一般,--,--,--,--,--,後標,--,--,--,3,--,--,3,--,--,(數學A+自然)15,--,--,--,--,--,--,--,--,--,--,*
014,淡江大學,014452,無,航空太空工程學系,,100,一般,--,--,--,--,--,後標,--,--,6,3,--,--,3,--,--,英文2,(數學A+自然)14,--,--,--,--,--,--,--,--,--,*
014,淡江大學,014462,無,水資源及環境工程學系,,43,一般,--,--,後標,--,--,後標,--,4,--,--,--,--,--,3,--,國文10,國數A自24,--,--,--,--,--,--,--,--,--,*
014,淡江大學,014472,無,人工智慧學系,,105,一般,--,--,後標,均標,--,--,--,4,--,--,--,--,--,3,--,國文10,國英自25,--,--,--,--,--,--,--,--,--,*
014,淡江大學,014522,無,法國語文學系(青年儲蓄帳戶組),,1,一般,--,後標,--,--,--,--,--,--,--,--,--,--,--,--,--,--,--,--,--,--,--,--,--,--,--,--,--
014,淡江大學,014532,無,建築學系(青年儲蓄帳戶組),,1,一般,後標,後標,--,--,--,--,--,--,--,--,--,--,--,--,--,--,--,--,--,--,--,--,--,--,--,--,--
014,淡江大學,014542,無,國際觀光管理學系全英語學士班(青年儲蓄帳戶組),,1,一般,--,後標,--,--,--,--,--,--,--,--,--,--,--,--,--,--,--,--,--,--,--,--,--,--,--,--,--
014,淡江大學,014482,無,資訊工程學系(APCS組),,5,APCS,,,,,,,,,,,,,,,見原始圖片,英文3,(APCS識讀+APCS實作)4,--,--,--,--,--,--,--,--,--,--
014,淡江大學,014492,無,電機工程學系電機資訊組(APCS組),,3,APCS,,,,,,,,,,,,,,,見原始圖片,英文2,(APCS識讀+APCS實作)4,--,--,--,--,--,--,--,--,--,--
014,淡江大學,014502,無,人工智慧學系(APCS組),,5,APCS,,,,,,,,,,,,,,,見原始圖片,國文5,(APCS識讀+APCS實作)4,--,--,--,--,--,--,--,--,--,--
014,淡江大學,014512,無,資訊管理學系(APCS組),,5,APCS,,,,,,,,,,,,,,,見原始圖片,(APCS識讀+APCS實作)4,數學B4,--,--,--,--,--,--,--,--,--,--
015,逢甲大學,015012,無,機械與電腦輔助工程學系,,64,一般,--,--,--,--,--,後標,--,--,--,--,--,--,--,3,--,國數A自29,--,--,--,--,--,--,--,--,--,--,*
015,逢甲大學,015022,無,纖維與複合材料學系,,36,一般,--,--,--,--,--,後標,--,--,--,--,--,--,--,3,--,國數A自27,--,--,--,--,--,--,--,--,--,--,*
015,逢甲大學,015032,無,工業工程與系統管理學系A組,,30,一般,--,--,後標,--,--,--,--,--,--,--,--,--,--,3,--,國英數A25,--,--,--,--,--,--,--,--,--,--,*
015,逢甲大學,015042,無,工業工程與系統管理學系B組,,47,一般,--,--,--,後標,--,--,--,--,--,--,--,--,--,3,--,國英數B26,--,--,--,--,--,--,--,--,--,--,*
015,逢甲大學,015052,無,化學工程學系,,61,一般,--,後標,--,--,--,後標,--,--,--,--,--,--,--,3,--,國英數A自38,--,--,--,--,--,--,--,--,--,--,*
015,逢甲大學,015062,無,航太與系統工程學系,,74,一般,--,--,--,--,--,後標,--,--,--,--,--,--,--,3,--,國英數A自37,--,--,--,--,--,--,--,--,--,--,*
015,逢甲大學,015072,無,精密系統設計學士學位學程,,26,一般,--,後標,--,--,--,--,--,--,--,--,--,--,--,3,--,國英數A24,--,--,--,--,--,--,--,--,--,--,*
015,逢甲大學,015082,無,應用數學系A組,,47,一般,--,--,後標,--,--,--,--,--,--,--,--,--,--,3,--,國英數A23,--,--,--,--,--,--,--,--,--,--,*
015,逢甲大學,015092,無,應用數學系B組,,19,一般,--,--,--,後標,--,--,--,--,--,--,--,--,--,3,--,國英數B25,--,--,--,--,--,--,--,--,--,--,*
015,逢甲大學,015102,無,材料科學與工程學系,,71,一般,--,後標,--,--,--,後標,--,--,--,--,--,--,5,3,--,自然9,國英數A自39,--,--,--,--,--,--,--,--,--,*
015,逢甲大學,015112,無,環境工程與科學學系,,71,一般,--,--,--,--,--,後標,--,--,--,--,--,--,--,3,--,國數A自27,--,--,--,--,--,--,--,--,--,--,*
015,逢甲大學,015122,無,光電科學與工程學系,,72,一般,--,--,後標,--,--,--,--,--,--,--,--,--,--,3,--,國英數A自36,--,--,--,--,--,--,--,--,--,--,*
015,逢甲大學,015132,無,會計學系,,80,一般,--,後標,--,--,均標,--,--,4,3,--,--,5,--,--,--,社會10,國文10,英文7,--,--,--,--,--,--,--,--,*
015,逢甲大學,015142,無,國際經營與貿易學系,,87,一般,--,後標,--,後標,--,--,--,--,--,--,--,--,--,3,--,國英數B社36,--,--,--,--,--,--,--,--,--,--,*
015,逢甲大學,015152,無,國際企業管理全英語學士學位學程,,34,一般,--,後標,--,--,--,--,--,--,3,--,--,--,--,5,--,國英數B社21,英文9,--,--,--,--,--,--,--,--,--,--
015,逢甲大學,015162,無,財稅學系,,62,一般,--,後標,--,--,後標,--,--,--,--,--,--,3,--,--,--,社會12,--,--,--,--,--,--,--,--,--,--,*
015,逢甲大學,015172,無,合作經濟暨社會事業經營學系,,12,一般,--,後標,--,--,後標,--,--,--,4,--,--,--,--,6,--,國英數B社32,英文7,--,--,--,--,--,--,--,--,--,*
015,逢甲大學,015182,無,統計學系商業大數據組,,34,一般,--,--,--,後標,--,--,--,--,--,--,--,--,--,3,--,國英數B15,--,--,--,--,--,--,--,--,--,--,--
015,逢甲大學,015192,無,統計學系大數據分析與市場決策組,,34,一般,後標,--,--,後標,--,--,--,--,--,--,3,--,--,5,--,國英數B22,數學B8,--,--,--,--,--,--,--,--,--,*
015,逢甲大學,015202,無,經濟學系,,66,一般,--,後標,--,後標,--,--,--,--,--,--,5,3,--,--,--,數學B6,社會11,--,--,--,--,--,--,--,--,--,*
015,逢甲大學,015212,無,企業管理學系,,63,一般,後標,後標,--,--,--,--,--,6,3,--,--,--,--,--,--,國文10,英文8,--,--,--,--,--,--,--,--,--,*
015,逢甲大學,015222,無,行銷學系,,81,一般,後標,後標,--,--,--,--,--,3,3,--,--,--,--,--,--,(國文+英文)18,--,--,--,--,--,--,--,--,--,--,*
015,逢甲大學,015232,無,中國文學系,,31,一般,均標,後標,--,--,--,--,--,3,--,--,--,--,--,5,--,國英社26,國文12,--,--,--,--,--,--,--,--,--,*
015,逢甲大學,015242,無,外國語文學系,,54,一般,--,均標,--,--,--,--,--,--,3,--,--,--,--,5,--,國英社16,英文9,--,--,--,--,--,--,--,--,--,*
015,逢甲大學,015252,無,資訊工程學系,,99,一般,--,後標,後標,--,--,--,--,--,--,5,--,--,--,3,--,數學A8,國英數A29,--,--,--,--,--,--,--,--,--,*
015,逢甲大學,015272,無,資訊工程學系資安組,,5,一般,--,後標,後標,--,--,--,--,--,--,8,--,--,--,5,--,數學A8,國英數A27,--,--,--,--,--,--,--,--,--,*
015,逢甲大學,015282,無,電子工程學系,,76,一般,--,後標,後標,--,--,--,--,--,--,--,--,--,--,3,--,國英數A自40,--,--,--,--,--,--,--,--,--,--,*
015,逢甲大學,015292,無,電機工程學系,,69,一般,--,後標,後標,--,--,--,--,--,--,--,--,--,--,3,--,國英數A自42,--,--,--,--,--,--,--,--,--,--,*
015,逢甲大學,015302,無,自動控制工程學系,,79,一般,--,後標,後標,--,--,--,--,--,--,--,--,--,--,3,--,國英數A25,--,--,--,--,--,--,--,--,--,--,*
015,逢甲大學,015312,無,資訊電機學院學士班,,80,一般,--,後標,後標,--,--,--,--,--,--,--,--,--,--,3,--,國英數A27,--,--,--,--,--,--,--,--,--,--,*
015,逢甲大學,015322,無,通訊工程學系,,77,一般,--,後標,後標,--,--,--,--,--,--,--,--,--,--,3,--,國英數A26,--,--,--,--,--,--,--,--,--,--,*
015,逢甲大學,015332,無,土木工程學系,,59,一般,--,後標,後標,--,--,--,--,--,--,--,--,--,--,3,--,國英數A自35,--,--,--,--,--,--,--,--,--,--,*
015,逢甲大學,015342,無,水利工程與資源保育學系,,62,一般,--,後標,後標,--,--,--,--,--,--,--,--,--,--,3,--,國英數A22,--,--,--,--,--,--,--,--,--,--,*
015,逢甲大學,015352,無,都市計畫與空間資訊學系,,69,一般,後標,後標,--,--,後標,--,--,--,--,--,--,--,--,3,--,國英社28,--,--,--,--,--,--,--,--,--,--,*
015,逢甲大學,015362,無,運輸與物流學系,,71,一般,後標,後標,--,後標,--,--,--,--,5,--,4,--,--,3,--,英文5,數學B5,國英數B22,--,--,--,--,--,--,--,--,*
015,逢甲大學,015372,無,土地管理學系,,71,一般,後標,後標,--,--,後標,--,--,--,--,--,--,--,--,3,--,國英社28,--,--,--,--,--,--,--,--,--,--,*
015,逢甲大學,015382,無,財務金融學系,,108,一般,--,後標,--,後標,--,--,--,--,--,--,--,--,--,3,--,國英數B27,--,--,--,--,--,--,--,--,--,--,*
015,逢甲大學,015392,無,風險管理與保險學系,,69,一般,後標,後標,--,--,--,--,--,--,--,--,--,--,--,3,--,國英數B22,--,--,--,--,--,--,--,--,--,--,*
015,逢甲大學,015402,無,財務工程與精算學士學位學程,,34,一般,--,後標,--,後標,--,--,--,--,--,--,--,--,--,3,--,國英數B23,--,--,--,--,--,--,--,--,--,--,*
015,逢甲大學,015412,無,建築專業學院學士班,,65,一般,均標,後標,--,--,--,--,--,3,3,--,--,--,--,--,--,(國文+英文)19,--,--,--,--,--,--,--,--,--,--,*
015,逢甲大學,015422,無,室內設計學士學位學程,,30,一般,均標,後標,--,--,--,--,--,3,3,--,--,--,--,--,--,(國文+英文)18,--,--,--,--,--,--,--,--,--,--,*
015,逢甲大學,015432,無,澳洲墨爾本皇家理工大學商學與創新雙學士學位學程,,14,一般,--,均標,--,後標,--,--,--,--,3,--,--,--,--,5,--,英數B12,英文8,--,--,--,--,--,--,--,--,--,--
015,逢甲大學,015442,無,澳洲昆士蘭大學商學雙學士學位學程,,10,一般,--,均標,--,均標,--,--,--,--,5,--,--,--,--,8,--,英數B14,英文8,--,--,--,--,--,--,--,--,--,--
015,逢甲大學,015452,無,澳洲蒙納許大學資訊工程雙學士學位學程,,14,一般,--,均標,後標,--,--,--,--,--,--,3,--,--,--,5,--,英數A15,數A5,--,--,--,--,--,--,--,--,--,--
015,逢甲大學,015462,無,美國加州聖荷西州立大學商學大數據分析雙學士學位學程,,15,一般,--,均標,--,後標,--,--,--,--,3,--,--,--,--,5,--,英數B12,英文8,--,--,--,--,--,--,--,--,--,--
015,逢甲大學,015472,無,美國加州聖荷西州立大學電機工程雙學士學位學程,,15,一般,--,均標,後標,--,--,--,--,--,--,3,--,--,--,5,--,英數A13,數學A7,--,--,--,--,--,--,--,--,--,--
015,逢甲大學,015482,無,美國加州舊金山州立大學資訊工程雙學士學位學程,,14,一般,--,均標,後標,--,--,--,--,--,--,3,--,--,--,5,--,英數A13,數A5,--,--,--,--,--,--,--,--,--,--
015,逢甲大學,015492,無,人工智慧技術與應用學士學位學程,,40,一般,--,後標,後標,--,--,--,--,--,--,3,--,--,--,5,--,國英數A24,數A8,--,--,--,--,--,--,--,--,--,*
015,逢甲大學,015262,無,資訊工程學系APCS組,,5,APCS,,,,,,,,,,,,,,,見原始圖片,(APCS識讀+APCS實作)4,數學A7,國英數A26,--,--,--,--,--,--,--,--,--
016,國立中央大學,016012,無,中國文學系,,21,一般,前標,均標,--,--,均標,--,--,3,5,--,--,--,--,--,--,英文9,國文14,--,--,--,--,--,--,--,--,--,*
016,國立中央大學,016022,無,英美語文學系,,13,一般,均標,前標,--,--,均標,--,--,8,3,--,--,--,--,--,--,國文11,英文15,--,--,--,--,--,--,--,--,--,--
016,國立中央大學,016032,無,法國語文學系,,16,一般,前標,前標,--,--,前標,--,--,6,3,--,--,10,--,--,--,社會12,國文12,英文13,--,--,--,--,--,--,--,--,*
016,國立中央大學,016042,無,文學院學士班,,9,一般,前標,前標,--,--,均標,--,--,4,3,--,--,5,--,6,--,國英數B社43,社會12,國文12,英文12,--,--,--,--,--,--,--,*
016,國立中央大學,016052,無,數學系數學科學組,,20,一般,均標,均標,前標,--,--,均標,--,8,6,3,--,--,6,4,--,國文11,(英文+自然)17,英數A自32,數A12,--,--,--,--,--,--,--,*
016,國立中央大學,016062,無,數學系計算與資料科學組,,17,一般,均標,均標,前標,--,--,均標,--,8,6,3,--,--,6,4,--,國文11,(英文+自然)17,英數A自32,數A12,--,--,--,--,--,--,--,*
016,國立中央大學,016072,無,物理學系,,26,一般,均標,均標,均標,--,--,均標,--,--,--,6,--,--,3,--,--,數學A10,自然13,--,--,--,--,--,--,--,--,--,*
016,國立中央大學,016082,無,化學學系,,18,一般,均標,均標,均標,--,--,均標,--,3,3.5,3,--,--,3,--,--,英文12,(國文+數學A+自然)37,--,--,--,--,--,--,--,--,--,--
016,國立中央大學,016092,無,光電科學與工程學系,,18,一般,均標,均標,均標,--,--,均標,--,--,4,3,--,--,5,--,--,自然13,英文12,數學A10,--,--,--,--,--,--,--,--,*
016,國立中央大學,016102,無,理學院學士班,,8,一般,均標,均標,均標,--,--,均標,--,--,--,6,--,--,3,--,--,數學A11,自然13,--,--,--,--,--,--,--,--,--,*
016,國立中央大學,016112,無,土木工程學系,,41,一般,均標,均標,均標,--,--,均標,--,--,--,--,--,--,--,3,--,英數A自35,--,--,--,--,--,--,--,--,--,--,*
016,國立中央大學,016122,無,機械工程學系先進材料與精密製造組,,19,一般,--,均標,均標,--,--,均標,--,--,--,3,--,--,3,10,--,國英數A自45,(數學A+自然)26,--,--,--,--,--,--,--,--,--,*
016,國立中央大學,016132,無,機械工程學系光機電工程組,,21,一般,--,均標,均標,--,--,均標,--,--,--,3,--,--,3,10,--,國英數A自47,(數學A+自然)26,--,--,--,--,--,--,--,--,--,*
016,國立中央大學,016142,無,機械工程學系設計與分析組,,21,一般,--,均標,均標,--,--,均標,--,--,--,3,--,--,3,10,--,國英數A自40,(數學A+自然)25,--,--,--,--,--,--,--,--,--,*
016,國立中央大學,016152,無,化學工程與材料工程學系,,22,一般,--,--,頂標,--,--,頂標,--,--,--,3,--,--,4,--,--,自然13,數A13,--,--,--,--,--,--,--,--,--,*
016,國立中央大學,016162,無,工學院學士班,,13,一般,--,均標,均標,--,--,均標,--,--,--,--,--,--,--,3,--,英自27,--,--,--,--,--,--,--,--,--,--,*
016,國立中央大學,016172,無,企業管理學系,,47,一般,前標,前標,--,前標,--,--,--,10,10,--,10,--,--,3,--,(國文+英文+數學B)32,數B社23,--,--,--,--,--,--,--,--,--,*
016,國立中央大學,016182,無,資訊管理學系,,33,一般,均標,--,均標,--,--,--,--,--,3,8,--,--,4,--,--,數學A9,自然12,英文13,--,--,--,--,--,--,--,--,*
016,國立中央大學,016202,無,經濟學系,,26,一般,均標,均標,--,前標,--,--,--,10,10,--,3,--,--,--,--,(國文+英文)22,數學B13,--,--,--,--,--,--,--,--,--,*
016,國立中央大學,016212,無,財務金融學系,,29,一般,前標,前標,前標,前標,均標,--,--,10,10,--,--,8,--,3,--,(國文+英文)24,社會13,英社27,--,--,--,--,--,--,--,--,*
016,國立中央大學,016222,無,電機工程學系,,55,一般,均標,前標,前標,--,--,前標,--,--,3,6,--,--,6,--,--,(數學A+自然)25,英文14,--,--,--,--,--,--,--,--,--,*
016,國立中央大學,016232,無,資訊工程學系,,49,一般,均標,前標,前標,--,--,前標,--,--,4,3,--,--,5,10,--,國英數A自44,自然13,英文13,數A12,--,--,--,--,--,--,--,*
016,國立中央大學,016262,無,通訊工程學系,,19,一般,均標,前標,前標,--,--,前標,--,5,3,3,--,--,5,3.5,--,(國文+自然)26,國英數A自51,(英文+數學A)24,--,--,--,--,--,--,--,--,*
016,國立中央大學,016272,無,資訊電機學院學士班,,7,一般,均標,前標,前標,--,--,前標,--,12,5,5,--,--,5,--,--,國文12,(英文+數學A+自然)39,--,--,--,--,--,--,--,--,--,*
016,國立中央大學,016282,無,大氣科學學系,,14,一般,均標,均標,前標,--,--,前標,--,--,--,6,--,--,6,3.5,--,(數學A+自然)22,英數A自33,--,--,--,--,--,--,--,--,--,*
016,國立中央大學,016292,無,太空科學與工程學系,,13,一般,均標,均標,前標,--,--,前標,--,--,--,6,--,--,6,3.5,--,(數學A+自然)22,英數A自35,--,--,--,--,--,--,--,--,--,*
016,國立中央大學,016302,無,地球科學學系,,33,一般,均標,均標,前標,--,--,前標,--,--,--,--,--,--,--,3,--,英數A自30,--,--,--,--,--,--,--,--,--,--,--
016,國立中央大學,016312,無,地球科學學院學士班,,9,一般,均標,均標,前標,--,--,前標,--,--,5,5,--,--,5,4,--,(英文+數學A+自然)30,數A自22,--,--,--,--,--,--,--,--,--,--
016,國立中央大學,016322,無,客家語文暨社會科學學系客家語文及傳播組,,10,一般,前標,均標,--,均標,前標,--,--,3,--,--,--,3,--,--,--,(國文+社會)25,--,--,--,--,--,--,--,--,--,--,--
016,國立中央大學,016332,無,客家語文暨社會科學學系客家社會及政策組,,12,一般,前標,均標,--,均標,前標,--,--,3,--,--,--,3,--,--,--,(國文+社會)24,--,--,--,--,--,--,--,--,--,--,--
016,國立中央大學,016342,無,生命科學系,,11,一般,--,均標,均標,--,--,頂標,--,--,--,8,--,--,4,--,--,數A8,自然13,--,--,--,--,--,--,--,--,--,*
016,國立中央大學,016352,無,生醫科學與工程學系,,14,一般,--,前標,前標,--,--,前標,--,--,4,3,--,--,3,--,--,英文11,(數學A+自然)22,--,--,--,--,--,--,--,--,--,*
016,國立中央大學,016362,無,向日葵聯合招生甲組(電資),,3,一般,均標,均標,均標,--,--,均標,--,--,6,6,--,--,--,7,--,國英數A自45,(英文+數學A)22,--,--,--,--,--,--,--,--,--,--
016,國立中央大學,016372,無,向日葵聯合招生乙組(商管),,5,一般,均標,均標,--,均標,均標,--,--,--,5,--,5,--,--,6,--,國英數B社40,(英文+數學B)17,--,--,--,--,--,--,--,--,--,*
016,國立中央大學,016382,無,向日葵聯合招生丙組(理學),,11,一般,均標,均標,均標,--,--,均標,--,--,--,3.5,--,--,3.5,5,--,國英數A自36,(數學A+自然)16,--,--,--,--,--,--,--,--,--,--
016,國立中央大學,016392,無,向日葵聯合招生丁組(工程),,10,一般,均標,均標,均標,--,--,均標,--,--,--,5,--,--,5,6,--,國英數A自37,(數學A+自然)18,--,--,--,--,--,--,--,--,--,--
016,國立中央大學,016402,無,向日葵聯合招生戊組(人社),,8,一般,均標,均標,--,--,均標,--,--,6,6,--,--,--,--,7,--,國英社29,(國文+英文)19,--,--,--,--,--,--,--,--,--,--
016,國立中央大學,016192,無,資訊管理學系(APCS組),,3,APCS,,,,,,,,,,,,,,,見原始圖片,數學A10,英文11,(APCS識讀+APCS實作)6,--,--,--,--,--,--,--,--,--
016,國立中央大學,016242,無,資訊工程學系(APCS組),,3,APCS,,,,,,,,,,,,,,,見原始圖片,(APCS識讀+APCS實作)8,國英數A自48,自然12,英文11,數學A11,--,--,--,--,--,--,--
016,國立中央大學,016252,無,資訊工程學系(資安組),,3,APCS,,,,,,,,,,,,,,,見原始圖片,--,--,--,--,--,--,--,--,--,--,--,--
017,中國文化大學,017012,無,哲學系,,14,一般,底標,--,--,--,--,--,--,--,--,--,--,3.5,--,--,--,社會10,--,--,--,--,--,--,--,--,--,--,*
017,中國文化大學,017022,無,中國文學系中國文學組,,14,一般,底標,--,--,--,--,--,--,3.5,--,--,--,5,--,--,--,社會9,國文11,--,--,--,--,--,--,--,--,--,*
017,中國文化大學,017032,無,中國文學系文藝創作組,,14,一般,底標,--,--,--,--,--,--,3.5,--,--,--,5,--,--,--,社會9,國文10,--,--,--,--,--,--,--,--,--,*
017,中國文化大學,017042,無,史學系,,14,一般,--,--,--,--,底標,--,--,--,--,--,--,6,--,3.5,--,社會11,國社21,--,--,--,--,--,--,--,--,--,*
017,中國文化大學,017052,無,日本語文學系,,25,一般,底標,--,--,--,--,--,--,--,--,--,--,3,--,--,--,社會11,--,--,--,--,--,--,--,--,--,--,*
017,中國文化大學,017062,無,韓國語文學系,,72,一般,底標,--,--,--,--,--,--,3,3,--,--,--,--,--,--,(國文+英文)16,--,--,--,--,--,--,--,--,--,--,*
017,中國文化大學,017072,無,英國語文學系,,14,一般,--,底標,--,--,--,--,--,--,3.5,--,--,--,--,--,--,英文8,--,--,--,--,--,--,--,--,--,--,*
017,中國文化大學,017082,無,法國語文學系,,18,一般,--,--,--,--,底標,--,--,--,--,--,--,3,--,--,--,社會9,--,--,--,--,--,--,--,--,--,--,*
017,中國文化大學,017092,無,全球商務學士學位學程,,15,一般,--,底標,--,--,--,--,--,--,3,--,--,--,--,--,--,英文5,--,--,--,--,--,--,--,--,--,--,*
017,中國文化大學,017102,無,應用數學系,,25,一般,--,--,底標,--,--,--,--,3,3,4,--,--,--,--,--,數學A3,(國文+英文)7,--,--,--,--,--,--,--,--,--,--
017,中國文化大學,017112,無,光電物理學系,,22,一般,--,--,--,--,--,底標,--,--,--,--,--,--,3,--,--,自然7,--,--,--,--,--,--,--,--,--,--,*
017,中國文化大學,017122,無,化學系,,22,一般,--,--,--,--,--,底標,--,--,--,--,--,--,3,--,--,自然8,--,--,--,--,--,--,--,--,--,--,*
017,中國文化大學,017132,無,地理學系,,17,一般,底標,--,--,--,--,--,--,6,--,--,--,3,--,--,--,國文8,社會9,--,--,--,--,--,--,--,--,--,*
017,中國文化大學,017142,無,大氣科學系,,19,一般,--,--,底標,--,--,--,--,--,--,3,--,--,--,--,--,數學A3,--,--,--,--,--,--,--,--,--,--,--
017,中國文化大學,017152,無,地質學系,,14,一般,底標,--,--,--,--,--,--,--,3.5,--,--,--,--,--,--,英文3,--,--,--,--,--,--,--,--,--,--,--
017,中國文化大學,017162,無,生命科學系,,16,一般,底標,--,--,--,--,--,--,5,3,--,--,--,--,--,--,國文10,英文5,--,--,--,--,--,--,--,--,--,*
017,中國文化大學,017172,無,法律學系,,120,一般,底標,--,--,--,--,--,--,3,--,--,--,5,--,--,--,社會8,國文10,--,--,--,--,--,--,--,--,--,*
017,中國文化大學,017182,無,政治學系,,17,一般,底標,--,--,--,--,--,--,3,--,--,--,3,--,--,--,(國文+社會)20,--,--,--,--,--,--,--,--,--,--,*
017,中國文化大學,017192,無,經濟學系,,21,一般,底標,--,--,--,--,--,--,--,--,--,3,--,--,5,--,國英13,數學B5,--,--,--,--,--,--,--,--,--,*
017,中國文化大學,017202,無,勞動暨人力資源學系,,24,一般,--,--,--,--,底標,--,--,3,--,--,--,3,--,--,--,(國文+社會)20,--,--,--,--,--,--,--,--,--,--,*
017,中國文化大學,017212,無,社會福利學系,,23,一般,底標,--,--,--,--,--,--,5,--,--,--,3,--,--,--,國文9,社會10,--,--,--,--,--,--,--,--,--,*
017,中國文化大學,017222,無,行政管理學系,,20,一般,--,--,--,--,底標,--,--,6,--,--,--,3,--,--,--,國文9,社會10,--,--,--,--,--,--,--,--,--,*
017,中國文化大學,017232,無,園藝暨生物技術學系,,18,一般,底標,--,--,--,--,--,--,3,--,--,--,--,--,--,--,國文8,--,--,--,--,--,--,--,--,--,--,*
017,中國文化大學,017242,無,動物科學系,,21,一般,底標,--,--,--,--,--,--,3,--,--,--,--,--,--,--,國文10,--,--,--,--,--,--,--,--,--,--,*
017,中國文化大學,017252,無,森林暨自然保育學系,,17,一般,--,--,--,--,--,底標,--,6,--,--,--,--,3,--,--,國文4,自然6,--,--,--,--,--,--,--,--,--,*
017,中國文化大學,017262,無,土地資源學系,,24,一般,底標,--,--,--,--,--,--,3,--,--,9,--,--,--,--,--,國文8,--,--,--,--,--,--,--,--,--,*
017,中國文化大學,017272,無,生活應用科學系,,28,一般,--,--,--,--,底標,--,--,--,--,--,--,3,--,--,--,社會9,--,--,--,--,--,--,--,--,--,--,*
017,中國文化大學,017282,無,保健營養學系,,20,一般,--,--,--,--,--,底標,--,--,--,--,--,--,--,3,--,國自16,--,--,--,--,--,--,--,--,--,--,*
017,中國文化大學,017292,無,化學工程與材料工程學系,,53,一般,--,--,--,--,--,底標,--,--,3,3,--,--,3,--,--,(英文+數學A+自然)16,--,--,--,--,--,--,--,--,--,--,*
017,中國文化大學,017302,無,電機工程學系,,66,一般,--,--,底標,--,--,--,--,--,--,3,--,--,--,--,--,數學A6,--,--,--,--,--,--,--,--,--,--,*
017,中國文化大學,017312,無,機械工程學系,,51,一般,--,--,底標,--,--,--,--,3,3,3,--,--,--,--,--,(國文+英文+數學A)19,--,--,--,--,--,--,--,--,--,--,*
017,中國文化大學,017322,無,紡織工程學系,,20,一般,--,--,底標,--,--,--,--,--,--,3,--,--,--,--,--,數學A3,--,--,--,--,--,--,--,--,--,--,--
017,中國文化大學,017332,無,資訊工程學系,,72,一般,--,--,底標,底標,--,--,--,3,--,--,--,--,--,--,--,國文10,--,--,--,--,--,--,--,--,--,--,*
017,中國文化大學,017342,無,國際貿易學系,,30,一般,--,--,--,--,底標,--,--,--,--,--,--,3,--,--,--,社會10,--,--,--,--,--,--,--,--,--,--,*
017,中國文化大學,017352,無,國際企業管理學系,,36,一般,底標,--,--,--,--,--,--,--,--,--,--,3,--,--,--,--,--,--,--,--,--,--,--,--,--,--,--
017,中國文化大學,017362,無,會計學系,,29,一般,底標,--,--,--,--,--,--,3,--,--,--,--,--,--,--,國文10,--,--,--,--,--,--,--,--,--,--,*
017,中國文化大學,017372,無,觀光事業學系,,39,一般,--,--,--,--,底標,--,--,3,4,--,--,5,--,--,--,社會8,英文4,國文9,--,--,--,--,--,--,--,--,*
017,中國文化大學,017382,無,資訊管理學系(智慧商務科技組),,30,一般,底標,--,--,--,--,--,--,3,--,--,--,--,--,--,--,國文9,--,--,--,--,--,--,--,--,--,--,*
017,中國文化大學,017392,無,資訊管理學系(人工智慧組),,24,一般,--,--,--,底標,--,--,--,--,--,--,3,--,--,--,--,數學B6,--,--,--,--,--,--,--,--,--,--,*
017,中國文化大學,017402,無,財務金融學系金融行銷組,,24,一般,底標,--,--,--,--,--,--,--,--,--,--,3,--,--,--,社會8,--,--,--,--,--,--,--,--,--,--,*
017,中國文化大學,017412,無,財務金融學系財務金融組,,26,一般,底標,--,--,--,--,--,--,3,--,--,--,--,--,--,--,國文10,--,--,--,--,--,--,--,--,--,--,*
017,中國文化大學,017422,無,財務金融學系數位金融組,,24,一般,底標,--,--,--,--,--,--,--,--,--,--,3,--,--,--,社會10,--,--,--,--,--,--,--,--,--,--,*
017,中國文化大學,017432,無,行銷學士學位學程,,25,一般,--,--,--,--,底標,--,--,--,--,--,--,3,--,--,--,社會9,--,--,--,--,--,--,--,--,--,--,*
017,中國文化大學,017442,無,新聞學系,,28,一般,底標,--,--,--,--,--,--,8,3,--,--,10,--,--,--,社會8,國文9,英文6,--,--,--,--,--,--,--,--,*
017,中國文化大學,017452,無,廣告學系,,52,一般,底標,--,--,--,--,--,--,3,--,--,--,--,--,--,--,國文10,--,--,--,--,--,--,--,--,--,--,*
017,中國文化大學,017462,無,資訊傳播學系,,48,一般,底標,--,--,--,--,--,--,6,3,--,--,--,--,--,--,國文8,英文6,--,--,--,--,--,--,--,--,--,*
017,中國文化大學,017472,無,大眾傳播學系,,44,一般,底標,--,--,--,--,--,--,3,--,--,--,10,--,--,--,社會7,國文11,--,--,--,--,--,--,--,--,--,*
017,中國文化大學,017482,無,都市計劃與開發管理學系,,20,一般,底標,--,--,--,--,--,--,6,--,--,--,3,--,--,--,國文8,社會10,--,--,--,--,--,--,--,--,--,*
017,中國文化大學,017492,無,建築及都市設計學系,,24,一般,底標,--,--,--,--,--,--,3,3,--,--,--,--,--,--,(國文+英文)17,--,--,--,--,--,--,--,--,--,--,*
017,中國文化大學,017502,無,景觀學系,,26,一般,底標,--,--,--,--,--,--,3,--,--,--,--,--,--,--,國文10,--,--,--,--,--,--,--,--,--,--,*
017,中國文化大學,017512,無,教育學系,,15,一般,--,--,--,--,底標,--,--,--,--,--,--,3,--,--,--,社會10,--,--,--,--,--,--,--,--,--,--,*
017,中國文化大學,017522,無,心理輔導學系,,55,一般,--,底標,--,--,--,--,--,--,--,--,--,--,--,3,--,國英社24,--,--,--,--,--,--,--,--,--,--,*
017,中國文化大學,017532,無,戲劇學系,,86,一般,底標,--,--,--,--,--,--,5,5,--,--,--,--,--,--,(國文+英文)10,--,--,--,--,--,--,--,--,--,--,--
017,中國文化大學,017542,無,中國戲劇學系,,29,一般,底標,--,--,--,--,--,--,5,--,--,--,--,--,--,--,國文8,--,--,--,--,--,--,--,--,--,--,--
017,中國文化大學,017552,無,音樂學系A組,鋼琴,5,音樂,,,,,,,,,,,,,,,見原始圖片,國文4,主修55.64,--,--,--,--,--,--,--,--,--,--
017,中國文化大學,017552,無,音樂學系A組,聲樂,2,音樂,,,,,,,,,,,,,,,見原始圖片,國文4,主修81.43,--,--,--,--,--,--,--,--,--,--
017,中國文化大學,017552,無,音樂學系A組,小提琴,3,音樂,,,,,,,,,,,,,,,見原始圖片,國文4,主修74.86,--,--,--,--,--,--,--,--,--,--
017,中國文化大學,017552,無,音樂學系A組,中提琴,1,音樂,,,,,,,,,,,,,,,見原始圖片,國文4,主修79.07,--,--,--,--,--,--,--,--,--,--
017,中國文化大學,017552,無,音樂學系A組,大提琴,1,音樂,,,,,,,,,,,,,,,見原始圖片,國文4,主修77.64,--,--,--,--,--,--,--,--,--,--
017,中國文化大學,017552,無,音樂學系A組,長號,1,音樂,,,,,,,,,,,,,,,見原始圖片,國文4,主修81.56,--,--,--,--,--,--,--,--,--,--
017,中國文化大學,017552,無,音樂學系A組,小號,1,音樂,,,,,,,,,,,,,,,見原始圖片,國文4,主修79.11,--,--,--,--,--,--,--,--,--,--
017,中國文化大學,017552,無,音樂學系A組,法國號,1,音樂,,,,,,,,,,,,,,,見原始圖片,國文4,--,--,--,--,--,--,--,--,--,--,--
017,中國文化大學,017552,無,音樂學系A組,薩克斯管,1,音樂,,,,,,,,,,,,,,,見原始圖片,國文4,主修78.56,--,--,--,--,--,--,--,--,--,--
017,中國文化大學,017552,無,音樂學系A組,長笛,1,音樂,,,,,,,,,,,,,,,見原始圖片,國文4,主修82.44,--,--,--,--,--,--,--,--,--,--
017,中國文化大學,017552,無,音樂學系A組,單簧管(豎笛),1,音樂,,,,,,,,,,,,,,,見原始圖片,國文4,主修79.67,--,--,--,--,--,--,--,--,--,--
017,中國文化大學,017552,無,音樂學系A組,雙簧管,1,音樂,,,,,,,,,,,,,,,見原始圖片,國文4,--,--,--,--,--,--,--,--,--,--,--
017,中國文化大學,017552,無,音樂學系A組,擊樂,1,音樂,,,,,,,,,,,,,,,見原始圖片,國文4,主修83.2,--,--,--,--,--,--,--,--,--,--
017,中國文化大學,017552,無,音樂學系A組,理論作曲,1,音樂,,,,,,,,,,,,,,,見原始圖片,國文4,主修73.48,--,--,--,--,--,--,--,--,--,--
017,中國文化大學,017562,無,音樂學系B組,,7,術科(美術/體育/音樂),,,,,,,,,,,,,,,見原始圖片,國文8,--,--,--,--,--,--,--,--,--,--,*
017,中國文化大學,017572,無,美術學系,,50,術科(美術/體育/音樂),,,,,,,,,,,,,,,見原始圖片,(素描+彩繪技法)48,--,--,--,--,--,--,--,--,--,--,--
018,靜宜大學,018012,無,英國語文學系,,22,一般,--,底標,--,--,--,--,--,--,3,--,--,--,--,--,--,英文9,--,--,--,--,--,--,--,--,--,--,*
018,靜宜大學,018022,無,西班牙語文學系,,31,一般,底標,--,--,--,--,--,--,--,--,--,--,--,--,3,--,國英15,--,--,--,--,--,--,--,--,--,--,*
018,靜宜大學,018032,無,日本語文學系,,55,一般,後標,--,--,--,--,--,--,--,--,--,--,--,--,3,--,國社21,--,--,--,--,--,--,--,--,--,--,*
018,靜宜大學,018042,無,中國文學系,,31,一般,底標,--,--,--,--,--,--,5,--,--,--,--,--,3,--,國文10,國社20,--,--,--,--,--,--,--,--,--,*
018,靜宜大學,018052,無,社會工作與兒童少年福利學系,,65,一般,底標,--,--,--,--,--,--,3,--,--,--,--,--,--,--,國文11,--,--,--,--,--,--,--,--,--,--,*
018,靜宜大學,018062,無,台灣文學系,,32,一般,底標,--,--,--,--,--,--,3,--,--,--,3,--,--,--,(國文+社會)19,--,--,--,--,--,--,--,--,--,--,*
018,靜宜大學,018072,無,法律學系,,94,一般,後標,--,--,--,--,--,--,3,--,--,--,3,--,--,--,(國文+社會)21,--,--,--,--,--,--,--,--,--,--,*
018,靜宜大學,018082,無,生態人文學系,,32,一般,底標,--,--,--,--,--,--,3,--,--,--,--,--,--,--,國文9,--,--,--,--,--,--,--,--,--,--,*
018,靜宜大學,018092,無,大眾傳播學系,,36,一般,底標,--,--,--,--,--,--,--,--,--,--,--,--,3,--,國英16,--,--,--,--,--,--,--,--,--,--,*
018,靜宜大學,018102,無,財務工程學系,,73,一般,--,--,--,底標,--,--,--,5,--,--,3,--,--,--,--,國文7,數學B6,--,--,--,--,--,--,--,--,--,*
018,靜宜大學,018112,無,應用化學系,,68,一般,--,--,--,--,--,底標,--,5,--,--,--,--,3,--,--,國文8,自然7,--,--,--,--,--,--,--,--,--,*
018,靜宜大學,018122,無,食品營養學系營養與保健組,,28,一般,--,--,--,--,--,底標,--,--,--,--,--,--,--,3,--,國英自22,--,--,--,--,--,--,--,--,--,--,*
018,靜宜大學,018132,無,食品營養學系食品與生物技術組,,27,一般,--,--,--,--,--,底標,--,--,--,--,--,--,--,3,--,國英自23,--,--,--,--,--,--,--,--,--,--,*
018,靜宜大學,018142,無,化粧品科學系,,63,一般,底標,--,--,--,--,--,--,8,3,--,--,--,--,--,--,國文8,英文5,--,--,--,--,--,--,--,--,--,*
018,靜宜大學,018152,無,資料科學暨大數據分析與應用學系,,69,一般,--,--,--,底標,--,--,--,3,--,--,3,--,--,--,--,(國文+數學B)14,--,--,--,--,--,--,--,--,--,--,*
018,靜宜大學,018162,無,企業管理學系,,63,一般,--,底標,--,--,--,--,--,--,3,--,--,--,--,--,--,英文7,--,--,--,--,--,--,--,--,--,--,*
018,靜宜大學,018172,無,國際企業學系,,71,一般,底標,--,--,--,--,--,--,3,--,--,--,--,--,--,--,國文10,--,--,--,--,--,--,--,--,--,--,*
018,靜宜大學,018182,無,會計學系,,58,一般,底標,--,--,--,--,--,--,3,--,--,--,--,--,--,--,國文10,--,--,--,--,--,--,--,--,--,--,*
018,靜宜大學,018192,無,觀光事業學系,,64,一般,底標,--,--,--,--,--,--,3,3,--,--,--,--,--,--,(國文+英文)11,--,--,--,--,--,--,--,--,--,--,*
018,靜宜大學,018202,無,財務金融學系,,76,一般,底標,--,--,--,--,--,--,3,6,--,--,--,--,--,--,--,國文9,--,--,--,--,--,--,--,--,--,*
018,靜宜大學,018212,無,資訊管理學系(人工智慧應用組),,30,一般,--,--,--,底標,--,--,--,6,--,--,3,--,--,--,--,國文7,數學B6,--,--,--,--,--,--,--,--,--,*
018,靜宜大學,018222,無,資訊管理學系(智慧商務與大數據應用組),,29,一般,--,--,--,底標,--,--,--,6,3,--,--,--,--,--,--,國文5,英文2,--,--,--,--,--,--,--,--,--,--
018,靜宜大學,018242,無,資訊工程學系,,67,一般,--,--,--,底標,--,--,--,3,--,--,--,--,--,--,--,國文10,--,--,--,--,--,--,--,--,--,--,*
018,靜宜大學,018262,無,資訊傳播工程學系(元宇宙應用創作組),,2222,一般,--,--,底標,底標,--,--,--,6,--,--,--,3,--,--,--,國文4,--,--,--,--,--,--,--,--,--,--,--
018,靜宜大學,018272,無,資訊傳播工程學系(人工智慧與遊戲設計組),,26,一般,--,--,底標,底標,--,--,--,6,--,--,--,--,3,--,--,國文6,自然6,--,--,--,--,--,--,--,--,--,*
018,靜宜大學,018292,無,寰宇管理學士學位學程,,29,一般,--,後標,--,--,--,--,--,5,--,--,--,--,--,3,--,國文3,國英10,--,--,--,--,--,--,--,--,--,--
018,靜宜大學,018302,無,寰宇外語教育學士學位學程,,25,一般,--,後標,--,--,--,--,--,--,3,--,--,--,--,--,--,英文5,--,--,--,--,--,--,--,--,--,--,--
018,靜宜大學,018232,無,資訊管理學系(APCS組),,4,APCS,,,,,,,,,,,,,,,見原始圖片,APCS識讀2,(國文+數學B)10,--,--,--,--,--,--,--,--,--,--
018,靜宜大學,018252,無,資訊工程學系(APCS組),,5,APCS,,,,,,,,,,,,,,,見原始圖片,APCS識讀2,數學B3,--,--,--,--,--,--,--,--,--,--
018,靜宜大學,018282,無,資訊傳播工程學系(APCS組),,5,APCS,,,,,,,,,,,,,,,見原始圖片,APCS識讀2,(國文+自然)7,--,--,--,--,--,--,--,--,--,--
019,大同大學,019012,無,機械與材料工程學系,,47,一般,--,--,底標,底標,--,--,--,--,--,--,--,--,--,3,--,國英自22,--,--,--,--,--,--,--,--,--,--,*
019,大同大學,019022,無,化學工程與生物科技學系,,46,一般,--,後標,--,--,--,--,--,--,--,--,--,--,3,--,--,自然5,--,--,--,--,--,--,--,--,--,--,*
019,大同大學,019032,無,工程學院學士班,,26,一般,--,底標,--,--,--,--,--,--,--,--,--,--,--,3,--,國英自22,--,--,--,--,--,--,--,--,--,--,*
019,大同大學,019042,無,電機工程學系,,71,一般,後標,後標,後標,--,--,--,--,--,--,3,--,--,--,--,--,數學A6,--,--,--,--,--,--,--,--,--,--,*
019,大同大學,019052,無,資訊工程學系,,67,一般,--,--,後標,後標,--,--,--,--,3,--,--,--,--,--,--,英文3,--,--,--,--,--,--,--,--,--,--,*
019,大同大學,019062,無,事業經營學系,,41,一般,底標,--,--,--,--,--,--,--,--,--,--,--,--,3,--,國社17,--,--,--,--,--,--,--,--,--,--,*
019,大同大學,019072,無,資訊經營學系,,27,一般,--,--,底標,底標,--,--,--,--,--,--,--,--,--,3,--,國英14,--,--,--,--,--,--,--,--,--,--,*
019,大同大學,019082,無,應用外語學系,,24,一般,--,底標,--,--,--,--,--,--,--,--,--,--,--,3,--,國社19,--,--,--,--,--,--,--,--,--,--,*
019,大同大學,019092,無,工業設計學系,,56,一般,--,後標,後標,後標,--,--,--,--,4.5,--,--,--,--,3,--,英文5,國英11,--,--,--,--,--,--,--,--,--,--
019,大同大學,019102,無,媒體設計學系互動媒體設計組,,20,一般,--,底標,--,--,--,--,--,--,--,--,--,--,--,3,--,國英16,--,--,--,--,--,--,--,--,--,--,*
019,大同大學,019112,無,媒體設計學系數位遊戲設計組,,26,一般,--,--,--,後標,--,--,--,--,4,--,3,--,--,--,--,英文3,數學B5,--,--,--,--,--,--,--,--,--,*
019,大同大學,019122,無,化學工程與生物科技學系(青年儲蓄帳戶組),,1,一般,--,後標,--,--,--,--,--,--,--,--,--,--,--,--,--,--,--,--,--,--,--,--,--,--,--,--,--
020,輔仁大學,020012,無,中國文學系,,53,一般,後標,--,--,--,底標,--,--,3,--,--,--,--,--,--,--,國文13,--,--,--,--,--,--,--,--,--,--,*
020,輔仁大學,020022,無,歷史學系,,49,一般,底標,--,--,--,--,--,--,8,--,--,--,3,--,--,--,國文11,社會13,--,--,--,--,--,--,--,--,--,*
020,輔仁大學,020032,無,哲學系,,45,一般,底標,--,--,--,--,--,--,8,--,--,--,3,--,--,--,國文10,社會12,--,--,--,--,--,--,--,--,--,*
020,輔仁大學,020042,無,人文與社區創新學士學位學程,,19,一般,--,--,--,--,底標,--,--,--,--,--,--,3,--,--,--,社會12,--,--,--,--,--,--,--,--,--,--,*
020,輔仁大學,020052,無,景觀設計學系,,22,一般,後標,後標,--,--,--,--,--,--,--,--,--,--,--,3,--,國英21,--,--,--,--,--,--,--,--,--,--,*
020,輔仁大學,020062,無,景觀設計學系青年儲蓄帳戶組,,1,一般,--,後標,--,--,--,--,--,--,--,--,--,--,--,--,--,--,--,--,--,--,--,--,--,--,--,--,--
020,輔仁大學,020072,無,影像傳播學系,,25,一般,均標,--,--,--,--,--,--,--,--,--,--,--,--,3,--,國英24,--,--,--,--,--,--,--,--,--,--,*
020,輔仁大學,020082,無,新聞傳播學系,,28,一般,均標,--,--,--,--,--,--,3,3,--,--,3,--,--,--,(國文+英文+社會)35,--,--,--,--,--,--,--,--,--,--,*
020,輔仁大學,020092,無,廣告傳播學系,,29,一般,--,均標,--,--,--,--,--,4,3,--,4,--,--,--,--,(國文+數學B)21,英文9,--,--,--,--,--,--,--,--,--,*
020,輔仁大學,020102,無,圖書資訊學系,,31,一般,底標,--,--,--,--,--,--,--,--,--,--,--,--,3,--,國英20,--,--,--,--,--,--,--,--,--,--,*
020,輔仁大學,020112,無,教育領導與科技發展學士學位學程,,20,一般,後標,--,--,--,後標,--,--,--,--,--,--,--,--,3,--,國英社32,--,--,--,--,--,--,--,--,--,--,*
020,輔仁大學,020122,無,護理學系,,46,一般,--,後標,--,--,--,後標,--,--,3,--,--,--,8,--,--,自然8,英文9,--,--,--,--,--,--,--,--,--,*
020,輔仁大學,020132,無,公共衛生學系,,26,一般,--,--,底標,底標,--,--,--,--,--,--,--,--,--,3,--,國英22,--,--,--,--,--,--,--,--,--,--,*
020,輔仁大學,020142,無,公共衛生學系青年儲蓄帳戶組,,1,一般,--,底標,--,--,--,--,--,--,--,--,--,--,--,--,--,--,--,--,--,--,--,--,--,--,--,--,--
020,輔仁大學,020152,無,醫學系,,14,一般,--,頂標,前標,--,前標,頂標,--,--,3,8,--,3,8,--,--,(數學A+自然)27,(英文+社會)29,--,--,--,--,--,--,--,--,--,*
020,輔仁大學,020162,無,醫學系(公費生),,7,一般,--,頂標,前標,--,前標,頂標,--,--,3,8,--,3,8,--,--,(數學A+自然)25,(英文+社會)28,--,--,--,--,--,--,--,--,--,*
020,輔仁大學,020172,無,臨床心理學系,,33,一般,底標,底標,底標,--,--,--,--,--,--,--,--,--,--,3,--,國英數A33,--,--,--,--,--,--,--,--,--,--,*
020,輔仁大學,020182,無,職能治療學系,,31,一般,--,後標,--,--,--,--,--,--,6,--,--,--,3,--,--,英文10,自然11,--,--,--,--,--,--,--,--,--,*
020,輔仁大學,020192,無,呼吸治療學系,,21,一般,--,後標,--,--,--,後標,--,--,8,--,--,--,3,--,--,英文6,自然11,--,--,--,--,--,--,--,--,--,*
020,輔仁大學,020202,無,呼吸治療學系青年儲蓄帳戶組,,1,一般,--,後標,--,--,--,後標,--,--,--,--,--,--,--,--,--,--,--,--,--,--,--,--,--,--,--,--,--
020,輔仁大學,020212,無,數學系資訊數學組,,29,一般,--,--,後標,--,--,--,--,--,--,3,--,--,--,--,--,數學A9,--,--,--,--,--,--,--,--,--,--,*
020,輔仁大學,020222,無,數學系應用數學組,,30,一般,--,--,後標,--,--,--,--,--,--,3,--,--,--,--,--,數學A9,--,--,--,--,--,--,--,--,--,--,*
020,輔仁大學,020232,無,化學系,,57,一般,--,--,--,--,--,後標,--,--,--,--,--,--,--,3,--,英自16,--,--,--,--,--,--,--,--,--,--,*
020,輔仁大學,020242,無,資訊工程學系,,53,一般,--,--,後標,--,--,--,--,--,--,--,--,--,--,3,--,國英數A31,--,--,--,--,--,--,--,--,--,--,*
020,輔仁大學,020262,無,生命科學系,,62,一般,--,--,--,--,--,均標,--,--,--,--,--,--,3,--,--,自然10,--,--,--,--,--,--,--,--,--,--,*
020,輔仁大學,020272,無,物理學系電子物理組,,20,一般,--,--,後標,--,--,--,--,--,--,5,--,--,3,--,--,數學A7,自然10,--,--,--,--,--,--,--,--,--,*
020,輔仁大學,020282,無,物理學系光電物理組,,34,一般,--,--,後標,--,--,--,--,--,--,5,--,--,3,--,--,數A8,自然10,--,--,--,--,--,--,--,--,--,*
020,輔仁大學,020292,無,電機工程學系,,51,一般,--,--,後標,--,--,--,--,--,--,--,--,--,--,3,--,英數A自30,--,--,--,--,--,--,--,--,--,--,*
020,輔仁大學,020312,無,醫學資訊與創新應用學士學位學程,,36,一般,--,--,後標,--,--,--,--,--,--,--,--,--,--,3,--,國英數A23,--,--,--,--,--,--,--,--,--,--,--
020,輔仁大學,020322,無,醫學資訊與創新應用學士學位學程(資安組),,3,一般,--,--,後標,--,--,--,--,--,--,--,--,--,--,8,--,英數A9,--,--,--,--,--,--,--,--,--,--,--
020,輔仁大學,020332,無,人工智慧與資訊安全學士學位學程,,17,一般,--,--,後標,--,--,--,--,--,--,--,--,--,--,3,--,英數A14,--,--,--,--,--,--,--,--,--,--,*
020,輔仁大學,020342,無,人工智慧與資訊安全學士學位學程(資安組),,3,一般,--,--,後標,--,--,--,--,--,--,--,--,--,--,8,--,英數A8,--,--,--,--,--,--,--,--,--,--,--
020,輔仁大學,020352,無,英國語文學系,,31,一般,均標,前標,--,--,--,--,--,4,3,--,--,--,--,--,--,國文11,英文12,--,--,--,--,--,--,--,--,--,*
020,輔仁大學,020362,無,英國語文學系青年儲蓄帳戶組,,1,一般,--,前標,--,--,--,--,--,--,--,--,--,--,--,--,--,--,--,--,--,--,--,--,--,--,--,--,--
020,輔仁大學,020372,無,法國語文學系,,35,一般,--,均標,--,--,--,--,--,5,3,--,--,--,--,--,--,國文9,英文11,--,--,--,--,--,--,--,--,--,*
020,輔仁大學,020382,無,西班牙語文學系,,29,一般,--,後標,--,--,--,--,--,--,3,--,--,--,--,--,--,英文12,--,--,--,--,--,--,--,--,--,--,*
020,輔仁大學,020392,無,日本語文學系,,61,一般,均標,--,--,--,--,--,--,3,4,--,--,--,--,--,--,英文9,國文12,--,--,--,--,--,--,--,--,--,*
020,輔仁大學,020402,無,義大利語文學系,,34,一般,--,後標,--,--,--,--,--,5,3,--,--,--,--,--,--,國文11,英文9,--,--,--,--,--,--,--,--,--,*
020,輔仁大學,020412,無,德語語文學系,,37,一般,後標,後標,--,--,--,--,--,3,6,--,--,--,--,--,--,英文8,國文12,--,--,--,--,--,--,--,--,--,*
020,輔仁大學,020422,無,國際溝通與科技創新學士學位學程,,16,一般,--,均標,--,--,--,--,--,5,3,--,--,--,--,--,--,國文12,英文10,--,--,--,--,--,--,--,--,--,*
020,輔仁大學,020432,無,織品服裝學系織品設計組,,39,一般,--,後標,--,--,--,--,--,--,3,--,--,--,--,--,--,英文7,--,--,--,--,--,--,--,--,--,--,*
020,輔仁大學,020442,無,織品服裝學系服飾設計組,,33,一般,--,後標,--,--,--,--,--,--,3,--,--,--,--,--,--,英文8,--,--,--,--,--,--,--,--,--,--,*
020,輔仁大學,020452,無,織品服裝學系織品服飾行銷組,,84,一般,--,後標,--,--,--,--,--,--,3,--,--,--,--,--,--,英文8,--,--,--,--,--,--,--,--,--,--,*
020,輔仁大學,020462,無,餐旅管理學系,,70,一般,--,後標,--,--,--,--,--,--,3,--,--,--,--,--,--,英文6,--,--,--,--,--,--,--,--,--,--,*
020,輔仁大學,020472,無,兒童與家庭學系,,38,一般,--,後標,--,--,--,--,--,3,3,--,3,--,--,--,--,(國文+英文+數學B)27,--,--,--,--,--,--,--,--,--,--,*
020,輔仁大學,020482,無,食品科學系,,31,一般,--,--,--,--,--,後標,--,--,--,--,--,--,3,--,--,自然10,--,--,--,--,--,--,--,--,--,--,*
020,輔仁大學,020492,無,食品科學系青年儲蓄帳戶組,,1,一般,--,--,--,--,--,後標,--,--,--,--,--,--,--,--,--,--,--,--,--,--,--,--,--,--,--,--,--
020,輔仁大學,020502,無,營養科學系,,29,一般,--,後標,底標,--,--,底標,--,--,8,--,--,--,3,--,--,英文7,自然11,--,--,--,--,--,--,--,--,--,*
020,輔仁大學,020512,無,法律學系,,69,一般,均標,均標,--,--,--,--,--,--,3,--,--,--,--,4,--,國英社36,英文11,--,--,--,--,--,--,--,--,--,*
020,輔仁大學,020522,無,財經法律學系,,33,一般,均標,均標,--,--,--,--,--,--,3,--,--,--,--,4,--,國英社36,英文11,--,--,--,--,--,--,--,--,--,*
020,輔仁大學,020532,無,企業管理學系,,89,一般,--,均標,--,後標,--,--,--,--,--,--,5,--,--,3,--,數學B7,英數B18,--,--,--,--,--,--,--,--,--,*
020,輔仁大學,020542,無,會計學系,,53,一般,--,均標,--,--,--,--,--,--,--,--,--,--,--,3,--,國數B21,--,--,--,--,--,--,--,--,--,--,*
020,輔仁大學,020552,無,會計學系青年儲蓄帳戶組,,1,一般,--,均標,--,--,--,--,--,--,--,--,--,--,--,--,--,--,--,--,--,--,--,--,--,--,--,--,--
020,輔仁大學,020562,無,資訊管理學系,,66,一般,--,後標,--,後標,--,--,--,5,3,--,4,--,--,--,--,國文12,數學B6,英文8,--,--,--,--,--,--,--,--,*
020,輔仁大學,020582,無,統計資訊學系,,72,一般,--,--,--,均標,--,--,--,--,--,--,--,--,--,3,--,英數B18,--,--,--,--,--,--,--,--,--,--,*
020,輔仁大學,020592,無,金融與國際企業學系,,62,一般,--,均標,--,--,--,--,--,--,3,--,--,--,--,8,--,國數B15,英文12,--,--,--,--,--,--,--,--,--,*
020,輔仁大學,020602,無,社會學系,,34,一般,--,均標,--,--,均標,--,--,--,--,--,--,--,--,3,--,英社22,--,--,--,--,--,--,--,--,--,--,*
020,輔仁大學,020612,無,社會工作學系,,26,一般,後標,--,--,--,--,--,--,5,3,--,--,--,--,--,--,國文11,英文8,--,--,--,--,--,--,--,--,--,*
020,輔仁大學,020622,無,經濟學系,,59,一般,--,後標,--,--,--,--,--,--,6,--,3,--,--,--,--,英文8,數學B9,--,--,--,--,--,--,--,--,--,*
020,輔仁大學,020632,無,宗教學系,,49,一般,底標,--,--,--,--,--,--,--,--,--,--,--,--,3,--,國社19,--,--,--,--,--,--,--,--,--,--,*
020,輔仁大學,020642,無,心理學系,,35,一般,後標,後標,--,後標,--,--,--,--,--,--,--,--,--,3,--,國英數B32,--,--,--,--,--,--,--,--,--,--,*
020,輔仁大學,020652,無,天主教研修學士學位學程,,11,一般,底標,--,--,--,--,--,--,3,--,--,--,--,--,--,--,國文9,--,--,--,--,--,--,--,--,--,--,*
020,輔仁大學,020252,無,資訊工程學系APCS組,,2,APCS,,,,,,,,,,,,,,,見原始圖片,(APCS識讀+APCS實作)6,國英數A28,--,--,--,--,--,--,--,--,--,*
020,輔仁大學,020302,無,電機工程學系APCS組,,5,APCS,,,,,,,,,,,,,,,見原始圖片,(APCS識讀+APCS實作)5,英數A自24,--,--,--,--,--,--,--,--,--,--
020,輔仁大學,020572,無,資訊管理學系APCS組,,4,APCS,,,,,,,,,,,,,,,見原始圖片,(APCS識讀+APCS實作)4,(國文+數學B)14,英文5,--,--,--,--,--,--,--,--,*
020,輔仁大學,020662,無,音樂學系應用音樂組,,3,術科(美術/體育/音樂),,,,,,,,,,,,,,,見原始圖片,(國文+英文)18,--,--,--,--,--,--,--,--,--,--,*
020,輔仁大學,020672,無,音樂學系器樂組,鋼琴,4,音樂,,,,,,,,,,,,,,,見原始圖片,主修78.29,--,--,--,--,--,--,--,--,--,--,--
020,輔仁大學,020672,無,音樂學系器樂組,聲樂,3,音樂,,,,,,,,,,,,,,,見原始圖片,主修82,--,--,--,--,--,--,--,--,--,--,--
020,輔仁大學,020672,無,音樂學系器樂組,小提琴,4,音樂,,,,,,,,,,,,,,,見原始圖片,主修75,--,--,--,--,--,--,--,--,--,--,--
020,輔仁大學,020672,無,音樂學系器樂組,中提琴,2,音樂,,,,,,,,,,,,,,,見原始圖片,主修79.07,--,--,--,--,--,--,--,--,--,--,--
020,輔仁大學,020672,無,音樂學系器樂組,大提琴,2,音樂,,,,,,,,,,,,,,,見原始圖片,主修77.64,--,--,--,--,--,--,--,--,--,--,--
020,輔仁大學,020672,無,音樂學系器樂組,低音提琴,1,音樂,,,,,,,,,,,,,,,見原始圖片,主修73.93,--,--,--,--,--,--,--,--,--,--,--
020,輔仁大學,020672,無,音樂學系器樂組,長號,1,音樂,,,,,,,,,,,,,,,見原始圖片,主修83.44,--,--,--,--,--,--,--,--,--,--,--
020,輔仁大學,020672,無,音樂學系器樂組,小號,1,音樂,,,,,,,,,,,,,,,見原始圖片,主修83.11,--,--,--,--,--,--,--,--,--,--,--
020,輔仁大學,020672,無,音樂學系器樂組,法國號,1,音樂,,,,,,,,,,,,,,,見原始圖片,主修82.33,--,--,--,--,--,--,--,--,--,--,--
020,輔仁大學,020672,無,音樂學系器樂組,低音號,1,音樂,,,,,,,,,,,,,,,見原始圖片,主修85.22,--,--,--,--,--,--,--,--,--,--,--
020,輔仁大學,020672,無,音樂學系器樂組,薩克斯管,1,音樂,,,,,,,,,,,,,,,見原始圖片,主修81.56,--,--,--,--,--,--,--,--,--,--,--
020,輔仁大學,020672,無,音樂學系器樂組,長笛,1,音樂,,,,,,,,,,,,,,,見原始圖片,主修84.78,--,--,--,--,--,--,--,--,--,--,--
020,輔仁大學,020672,無,音樂學系器樂組,單簧管(豎笛),1,音樂,,,,,,,,,,,,,,,見原始圖片,主修82.78,--,--,--,--,--,--,--,--,--,--,--
020,輔仁大學,020672,無,音樂學系器樂組,雙簧管,1,音樂,,,,,,,,,,,,,,,見原始圖片,主修84.56,--,--,--,--,--,--,--,--,--,--,--
020,輔仁大學,020672,無,音樂學系器樂組,低音管,1,音樂,,,,,,,,,,,,,,,見原始圖片,主修84.67,--,--,--,--,--,--,--,--,--,--,--
020,輔仁大學,020672,無,音樂學系器樂組,擊樂,1,音樂,,,,,,,,,,,,,,,見原始圖片,主修86,--,--,--,--,--,--,--,--,--,--,--
020,輔仁大學,020672,無,音樂學系器樂組,理論作曲,1,音樂,,,,,,,,,,,,,,,見原始圖片,主修73.48,--,--,--,--,--,--,--,--,--,--,--
020,輔仁大學,020682,無,音樂學系爵士音樂組,,2,術科(美術/體育/音樂),,,,,,,,,,,,,,,見原始圖片,(國文+英文)14,--,--,--,--,--,--,--,--,--,--,*
020,輔仁大學,020692,無,應用美術學系,,39,術科(美術/體育/音樂),,,,,,,,,,,,,,,見原始圖片,素描24,創意表現60,英文5,--,--,--,--,--,--,--,--,*
020,輔仁大學,020702,無,體育學系體育學組,,22,術科(美術/體育/音樂),,,,,,,,,,,,,,,見原始圖片,(國文+英文)14,--,--,--,--,--,--,--,--,--,--,*
020,輔仁大學,020712,無,體育學系運動健康管理組,,36,術科(美術/體育/音樂),,,,,,,,,,,,,,,見原始圖片,(國文+英文)18,--,--,--,--,--,--,--,--,--,--,--
021,國立臺灣海洋大學,021012,無,商船學系,,57,一般,--,均標,均標,--,--,--,--,--,6,3,--,--,--,--,--,英文8,數A7,--,--,--,--,--,--,--,--,--,*
021,國立臺灣海洋大學,021022,無,航運管理學系,,49,一般,--,均標,--,均標,--,--,--,--,3,--,5,--,--,6,--,國英數B社38,數學B7,英文10,--,--,--,--,--,--,--,--,*
021,國立臺灣海洋大學,021032,無,運輸科學系A組,,23,一般,--,均標,--,均標,--,--,--,--,3,--,5,--,--,--,--,數學B6,英文9,--,--,--,--,--,--,--,--,--,*
021,國立臺灣海洋大學,021042,無,運輸科學系B組,,23,一般,--,均標,均標,--,--,--,--,--,3,5,--,--,--,--,--,數學A7,英文9,--,--,--,--,--,--,--,--,--,*
021,國立臺灣海洋大學,021052,無,輪機工程學系,,38,一般,--,均標,均標,--,--,均標,--,--,3,4,--,--,6,--,--,自然9,數A7,英文9,--,--,--,--,--,--,--,--,*
021,國立臺灣海洋大學,021062,無,食品科學系,,41,一般,--,均標,--,--,--,均標,--,--,3,--,--,--,10,--,--,自然9,英文9,--,--,--,--,--,--,--,--,--,*
021,國立臺灣海洋大學,021072,無,水產養殖學系,,39,一般,--,--,--,--,--,均標,--,--,--,--,--,--,3,--,--,自然9,--,--,--,--,--,--,--,--,--,--,*
021,國立臺灣海洋大學,021082,無,生命科學暨生物科技學系,,19,一般,--,--,--,--,--,均標,--,--,--,--,--,--,3,8,--,國英自30,自然12,--,--,--,--,--,--,--,--,--,*
021,國立臺灣海洋大學,021092,無,系統工程暨造船學系,,29,一般,--,--,均標,--,--,均標,--,--,--,4,--,--,3,--,--,數學A8,自然11,--,--,--,--,--,--,--,--,--,*
021,國立臺灣海洋大學,021102,無,河海工程學系,,50,一般,--,--,後標,--,--,--,--,--,--,3,--,--,--,--,--,數學A9,--,--,--,--,--,--,--,--,--,--,*
021,國立臺灣海洋大學,021112,無,機械與機電工程學系,,40,一般,--,--,均標,--,--,均標,--,--,3,5.5,--,--,6,4.5,--,自然11,數A8,數A自21,英文10,--,--,--,--,--,--,--,*
021,國立臺灣海洋大學,021122,無,海洋環境資訊系,,28,一般,--,均標,均標,--,--,後標,--,--,3,4,--,--,5,--,--,自然6,數學A7,英文8,--,--,--,--,--,--,--,--,--
021,國立臺灣海洋大學,021132,無,環境生物與漁業科學學系,,17,一般,--,後標,後標,後標,--,--,--,--,3,--,--,--,6,--,--,--,英文9,--,--,--,--,--,--,--,--,--,*
021,國立臺灣海洋大學,021142,無,電機工程學系,,43,一般,均標,均標,均標,--,--,均標,--,--,--,3,--,--,--,3.5,--,英數A自33,數A11,--,--,--,--,--,--,--,--,--,*
021,國立臺灣海洋大學,021152,無,電機工程學系(青年儲蓄帳戶組),,1,一般,--,均標,--,--,--,均標,--,--,--,--,--,--,--,--,--,--,--,--,--,--,--,--,--,--,--,--,--
021,國立臺灣海洋大學,021162,無,資訊工程學系,,43,一般,--,均標,均標,--,--,均標,--,--,--,3,--,--,--,4,--,英數A自33,數A11,--,--,--,--,--,--,--,--,--,*
021,國立臺灣海洋大學,021182,無,資訊工程學系(資安組),,3,一般,--,均標,均標,--,--,--,--,--,--,6,--,--,--,--,--,數學A10,--,--,--,--,--,--,--,--,--,--,*
021,國立臺灣海洋大學,021192,無,通訊與導航工程學系,,19,一般,--,均標,均標,--,--,均標,--,--,6,3,--,--,55,5,--,英文9,自然11,國英數A自41,數學A10,--,--,--,--,--,--,--,*
021,國立臺灣海洋大學,021202,無,光電與材料科技學系,,12,一般,--,均標,均標,--,--,均標,--,--,6,3,--,--,4,--,--,英文11,自然12,數A9,--,--,--,--,--,--,--,--,*
021,國立臺灣海洋大學,021212,無,海洋觀光管理學士學位學程,,14,一般,均標,後標,--,後標,後標,--,--,5,3,--,6,5.5,--,--,--,數B4,社會8,國文11,英文8,--,--,--,--,--,--,--,*
021,國立臺灣海洋大學,021222,無,海洋觀光管理學士學位學程(青年儲蓄帳戶組),,1,一般,均標,後標,--,--,後標,--,--,--,--,--,--,--,--,--,--,--,--,--,--,--,--,--,--,--,--,--,--
021,國立臺灣海洋大學,021232,無,海洋法政學士學位學程,,15,一般,--,均標,均標,均標,--,--,--,6,3,--,--,--,--,--,--,國文8,英文10,--,--,--,--,--,--,--,--,--,*
021,國立臺灣海洋大學,021242,無,海洋法政學士學位學程(青年儲蓄帳戶組),,1,一般,--,均標,--,--,--,--,--,--,--,--,--,--,--,--,--,--,--,--,--,--,--,--,--,--,--,--,--
021,國立臺灣海洋大學,021252,無,海洋文創設計產業學士學位學程,,15,一般,均標,--,--,--,--,--,--,3,--,--,--,--,--,--,--,國文13,--,--,--,--,--,--,--,--,--,--,*
021,國立臺灣海洋大學,021262,無,海洋經營管理學士學位學程,,12,一般,--,均標,--,後標,--,--,--,--,4,--,6,--,--,8,--,國英數B社30,數B4,英文8,--,--,--,--,--,--,--,--,--
021,國立臺灣海洋大學,021272,無,海洋工程科技學士學位學程,,14,一般,--,--,後標,--,--,均標,--,--,--,3.5,--,--,4.5,5,--,數A自14,自然9,數學A8,--,--,--,--,--,--,--,--,--
021,國立臺灣海洋大學,021282,無,海洋生物科技學士學位學程,,14,一般,--,後標,--,--,--,後標,--,--,7,--,--,--,3,--,--,英文5,自然10,--,--,--,--,--,--,--,--,--,*
021,國立臺灣海洋大學,021172,無,資訊工程學系(APCS組),,3,APCS,,,,,,,,,,,,,,,見原始圖片,數學A10,--,--,--,--,--,--,--,--,--,--,*
022,國立高雄師範大學,022012,無,國文學系,,35,一般,均標,--,--,--,均標,--,--,3,--,--,--,10,--,--,--,社會11,國文14,--,--,--,--,--,--,--,--,--,*
022,國立高雄師範大學,022022,無,英語學系,,25,一般,--,均標,--,底標,--,--,B,5,3,--,--,10,--,--,--,社會9,國文11,英文13,--,--,--,--,--,--,--,--,*
022,國立高雄師範大學,022032,無,地理學系,,16,一般,--,均標,--,均標,均標,--,--,--,6,--,8,3,--,--,--,數學B6,英文8,社會14,--,--,--,--,--,--,--,--,*
022,國立高雄師範大學,022042,無,數學系數學組,,18,一般,--,--,前標,--,--,--,--,--,--,3,--,--,--,--,--,數學A11,--,--,--,--,--,--,--,--,--,--,*
022,國立高雄師範大學,022052,無,數學系應用數學組,,15,一般,--,--,前標,--,--,--,--,--,--,3,--,--,--,--,--,數A12,--,--,--,--,--,--,--,--,--,--,*
022,國立高雄師範大學,022062,無,化學系,,19,一般,--,底標,--,--,--,--,--,--,3,3,--,--,3,--,--,(英文+數學A+自然)32,--,--,--,--,--,--,--,--,--,--,*
022,國立高雄師範大學,022072,無,物理學系,,16,一般,--,--,均標,--,--,--,--,--,--,3,--,--,3,--,--,(數學A+自然)23,--,--,--,--,--,--,--,--,--,--,*
022,國立高雄師範大學,022082,無,生物科技系,,19,一般,--,--,--,--,--,均標,--,3,3,--,--,--,3,--,--,(國文+英文+自然)34,--,--,--,--,--,--,--,--,--,--,*
022,國立高雄師範大學,022092,無,教育學系,,14,一般,--,均標,--,--,--,--,--,10,5,--,3.5,--,--,--,--,國文11,英文10,數學B9,--,--,--,--,--,--,--,--,*
022,國立高雄師範大學,022102,無,特殊教育學系,,17,一般,均標,--,--,--,--,--,--,5,--,--,3,--,--,--,--,國文12,數學B10,--,--,--,--,--,--,--,--,--,*
022,國立高雄師範大學,022112,無,事業經營學系,,14,一般,--,均標,--,均標,--,--,--,--,3.5,--,4.5,--,--,--,--,數學B6,英文8,--,--,--,--,--,--,--,--,--,--
022,國立高雄師範大學,022122,無,工業科技教育學系科技教育與訓練組,,9,一般,--,--,後標,--,--,均標,--,--,5.5,5.5,--,--,5.5,--,--,(英文+數學A+自然)24,--,--,--,--,--,--,--,--,--,--,--
022,國立高雄師範大學,022132,無,工業科技教育學系能源與冷凍空調組,,7,一般,--,--,後標,--,--,均標,--,--,6,6,--,--,6,--,--,(英文+數學A+自然)23,--,--,--,--,--,--,--,--,--,--,--
022,國立高雄師範大學,022142,無,工業設計學系,,15,一般,--,均標,--,--,--,--,--,3,3,--,3,--,--,--,--,(國文+英文+數學B)31,--,--,--,--,--,--,--,--,--,--,*
022,國立高雄師範大學,022152,無,電機工程學系,,15,一般,--,--,均標,--,--,--,--,--,--,--,--,--,--,3,--,英數A自35,--,--,--,--,--,--,--,--,--,--,*
022,國立高雄師範大學,022162,無,電子工程學系,,19,一般,--,--,均標,--,--,--,--,--,--,--,--,--,--,3,--,英數A自33,--,--,--,--,--,--,--,--,--,--,*
022,國立高雄師範大學,022172,無,軟體工程與管理學系,,9,一般,--,--,均標,--,--,--,--,5,5,5,--,--,--,--,--,(國文+英文+數學A)32,--,--,--,--,--,--,--,--,--,--,*
022,國立高雄師範大學,022192,無,軟體工程與管理學系(資安組),,2,一般,--,--,均標,--,--,--,--,10,10,10,--,--,--,--,--,(國文+英文+數學A)31,--,--,--,--,--,--,--,--,--,--,*
022,國立高雄師範大學,022182,無,軟體工程與管理學系(APCS組),,3,APCS,,,,,,,,,,,,,,,見原始圖片,(國文+英文+數學A)18,APCS識讀3,APCS實作2,--,--,--,--,--,--,--,--,*
022,國立高雄師範大學,022202,無,音樂學系,鋼琴,5,音樂,,,,,,,,,,,,,,,見原始圖片,主修74.5,--,--,--,--,--,--,--,--,--,--,--
022,國立高雄師範大學,022202,無,音樂學系,聲樂,3,音樂,,,,,,,,,,,,,,,見原始圖片,主修83.43,--,--,--,--,--,--,--,--,--,--,--
022,國立高雄師範大學,022202,無,音樂學系,小提琴,5,音樂,,,,,,,,,,,,,,,見原始圖片,主修79.71,--,--,--,--,--,--,--,--,--,--,--
022,國立高雄師範大學,022202,無,音樂學系,中提琴,2,音樂,,,,,,,,,,,,,,,見原始圖片,主修81.79,--,--,--,--,--,--,--,--,--,--,--
022,國立高雄師範大學,022202,無,音樂學系,大提琴,1,音樂,,,,,,,,,,,,,,,見原始圖片,主修86.5,--,--,--,--,--,--,--,--,--,--,*
022,國立高雄師範大學,022202,無,音樂學系,低音提琴,1,音樂,,,,,,,,,,,,,,,見原始圖片,主修81.21,--,--,--,--,--,--,--,--,--,--,--
022,國立高雄師範大學,022202,無,音樂學系,長號,1,音樂,,,,,,,,,,,,,,,見原始圖片,主修84.33,--,--,--,--,--,--,--,--,--,--,--
022,國立高雄師範大學,022202,無,音樂學系,小號,1,音樂,,,,,,,,,,,,,,,見原始圖片,主修83.44,--,--,--,--,--,--,--,--,--,--,--
022,國立高雄師範大學,022202,無,音樂學系,法國號,1,音樂,,,,,,,,,,,,,,,見原始圖片,主修82.33,--,--,--,--,--,--,--,--,--,--,--
022,國立高雄師範大學,022202,無,音樂學系,低音號,1,音樂,,,,,,,,,,,,,,,見原始圖片,主修76,--,--,--,--,--,--,--,--,--,--,--
022,國立高雄師範大學,022202,無,音樂學系,薩克斯管,1,音樂,,,,,,,,,,,,,,,見原始圖片,主修81.56,--,--,--,--,--,--,--,--,--,--,--
022,國立高雄師範大學,022202,無,音樂學系,長笛,1,音樂,,,,,,,,,,,,,,,見原始圖片,主修82.67,--,--,--,--,--,--,--,--,--,--,--
022,國立高雄師範大學,022202,無,音樂學系,單簧管(豎笛),2,音樂,,,,,,,,,,,,,,,見原始圖片,主修74.22,--,--,--,--,--,--,--,--,--,--,--
022,國立高雄師範大學,022202,無,音樂學系,雙簧管,1,音樂,,,,,,,,,,,,,,,見原始圖片,主修84.22,--,--,--,--,--,--,--,--,--,--,--
022,國立高雄師範大學,022202,無,音樂學系,低音管,1,音樂,,,,,,,,,,,,,,,見原始圖片,主修80.67,--,--,--,--,--,--,--,--,--,--,--
022,國立高雄師範大學,022202,無,音樂學系,理論作曲,1,音樂,,,,,,,,,,,,,,,見原始圖片,主修66.6,--,--,--,--,--,--,--,--,--,--,--
022,國立高雄師範大學,022212,無,美術學系,,17,術科(美術/體育/音樂),,,,,,,,,,,,,,,見原始圖片,素描36,國英18,--,--,--,--,--,--,--,--,--,*
022,國立高雄師範大學,022222,無,視覺設計學系,,15,術科(美術/體育/音樂),,,,,,,,,,,,,,,見原始圖片,國英19,(素描+彩繪技法+創意表現)186,--,--,--,--,--,--,--,--,--,*
022,國立高雄師範大學,022232,無,體育學系,,9,術科(美術/體育/音樂),,,,,,,,,,,,,,,見原始圖片,體育百分等級12.64,(國文+英文+數學B)19,--,--,--,--,--,--,--,--,--,--
023,國立彰化師範大學,023012,無,輔導與諮商學系學校輔導與諮商組,,16,一般,前標,前標,--,均標,均標,--,--,3,--,--,--,--,--,5,--,國英數B社45,國文14,--,--,--,--,--,--,--,--,--,*
023,國立彰化師範大學,023022,無,輔導與諮商學系社區輔導與諮商組,,13,一般,前標,前標,--,均標,均標,--,--,3,--,--,--,--,--,5,--,國英數B社45,國文13,--,--,--,--,--,--,--,--,--,*
023,國立彰化師範大學,023032,無,特殊教育學系,,14,一般,均標,均標,--,--,--,--,--,3,4,--,--,--,--,--,--,英文11,國文13,--,--,--,--,--,--,--,--,--,*
023,國立彰化師範大學,023042,無,數學系,,35,一般,--,--,前標,--,--,--,--,--,8,3,--,--,--,10,--,國英數A自26,英文3,數A11,--,--,--,--,--,--,--,--,*
023,國立彰化師範大學,023052,無,物理學系物理組,,19,一般,--,--,均標,--,--,均標,--,--,--,3,--,--,5,--,--,自然11,數學A10,--,--,--,--,--,--,--,--,--,*
023,國立彰化師範大學,023062,無,物理學系光電組,,19,一般,--,--,均標,--,--,均標,--,--,--,3,--,--,5,--,--,自然10,數學A11,--,--,--,--,--,--,--,--,--,*
023,國立彰化師範大學,023072,無,生物學系,,18,一般,--,均標,--,--,--,均標,--,--,3,--,--,--,5,--,--,自然10,英文11,--,--,--,--,--,--,--,--,--,*
023,國立彰化師範大學,023082,無,化學系,,21,一般,--,均標,均標,--,--,均標,--,--,--,--,--,--,--,3,--,英數A自33,--,--,--,--,--,--,--,--,--,--,*
023,國立彰化師範大學,023092,無,英語學系,,18,一般,均標,前標,--,--,均標,--,--,--,3,--,--,--,--,--,--,英文13,--,--,--,--,--,--,--,--,--,--,*
023,國立彰化師範大學,023102,無,國文學系,,28,一般,前標,均標,--,--,均標,--,--,3,--,--,--,6,--,--,--,社會11,國文13,--,--,--,--,--,--,--,--,--,*
023,國立彰化師範大學,023112,無,國文學系(公費生甲組),,1,一般,前標,前標,--,--,前標,--,--,6,12,--,--,--,--,--,--,英文12,國文14,--,--,--,--,--,--,--,--,--,*
023,國立彰化師範大學,023122,無,國文學系(公費生乙組),,1,一般,前標,前標,--,--,前標,--,--,6,12,--,--,--,--,--,--,英文12,國文14,--,--,--,--,--,--,--,--,--,*
023,國立彰化師範大學,023132,無,地理學系,,19,一般,--,均標,--,均標,均標,--,--,--,6,--,8,3,--,--,--,數學B6,英文8,社會13,--,--,--,--,--,--,--,--,*
023,國立彰化師範大學,023142,無,機電工程學系,,18,一般,均標,均標,均標,--,--,均標,--,--,--,6,--,--,3,--,--,數學A7,自然9,--,--,--,--,--,--,--,--,--,--
023,國立彰化師範大學,023152,無,電機工程學系,,13,一般,均標,均標,均標,--,--,均標,--,--,8,5,--,--,7,3.5,--,英文12,自然11,數學A10,英數A22,--,--,--,--,--,--,--,*
023,國立彰化師範大學,023162,無,電子工程學系,,22,一般,--,均標,均標,--,--,均標,--,--,3,3,--,--,3,5,--,國英數A自43,(英文+數學A+自然)34,--,--,--,--,--,--,--,--,--,*
023,國立彰化師範大學,023172,無,資訊工程學系,,12,一般,--,--,均標,--,--,--,--,--,4,4,--,--,4,--,--,(英文+數學A+自然)35,--,--,--,--,--,--,--,--,--,--,*
023,國立彰化師範大學,023192,無,企業管理學系,,20,一般,均標,均標,後標,均標,--,--,--,3,6,--,--,--,--,8,--,國英19,英文10,國文12,--,--,--,--,--,--,--,--,*
023,國立彰化師範大學,023202,無,會計學系,,30,一般,均標,均標,--,均標,--,--,--,4,5,--,3,--,--,--,--,英文10,國文12,數學B9,--,--,--,--,--,--,--,--,*
023,國立彰化師範大學,023212,無,資訊管理學系資訊管理組,,11,一般,--,均標,--,均標,--,--,--,--,3,--,4,--,--,?,--,國英數B31,數B11,英文11,--,--,--,--,--,--,--,--,*
023,國立彰化師範大學,023222,無,資訊管理學系數位內容科技與管理組,,11,一般,--,均標,均標,--,--,--,--,--,3,4,--,--,--,7,--,國英數A27,數A8,英文11,--,--,--,--,--,--,--,--,*
023,國立彰化師範大學,023232,無,公共事務與公民教育學系公民教育組,,9,一般,--,--,--,--,均標,--,--,--,6,--,--,5,--,8,--,國英數B社42,英文10,社會13,--,--,--,--,--,--,--,--,*
023,國立彰化師範大學,023242,無,公共事務與公民教育學系公共事務組,,7,一般,--,--,--,--,均標,--,--,--,6,--,--,5,--,8,--,國英數B社40,英文9,社會13,--,--,--,--,--,--,--,--,*
023,國立彰化師範大學,023252,無,揚鷹招生A組(教社),,3,一般,均標,均標,--,--,--,--,--,10,--,--,--,--,--,12,--,國英19,國文11,--,--,--,--,--,--,--,--,--,--
023,國立彰化師範大學,023262,無,揚鷹招生B組(文),,3,一般,均標,均標,--,--,均標,--,--,--,--,--,--,--,--,10,--,國英19,--,--,--,--,--,--,--,--,--,--,--
023,國立彰化師範大學,023272,無,揚鷹招生C組(管理),,3,一般,--,均標,--,均標,--,--,--,--,10,--,12,--,--,--,--,數學B6,英文8,--,--,--,--,--,--,--,--,--,--
023,國立彰化師範大學,023282,無,揚鷹招生D組(理),,4,一般,--,--,均標,--,--,--,--,--,--,10,--,--,12,15,--,英數A自23,自然9,數學A7,--,--,--,--,--,--,--,--,--
023,國立彰化師範大學,023292,無,揚鷹招生E組(工),,8,一般,--,--,均標,--,--,--,--,--,--,5,--,--,8,10,--,英數A自17,自然6,數A8,--,--,--,--,--,--,--,--,*
023,國立彰化師範大學,023182,無,資訊工程學系(APCS組),,1,APCS,,,,,,,,,,,,,,,見原始圖片,(APCS識讀+APCS實作)7,(英文+數學A)19,--,--,--,--,--,--,--,--,--,*
023,國立彰化師範大學,023302,無,美術學系,,21,術科(美術/體育/音樂),,,,,,,,,,,,,,,見原始圖片,(素描+彩繪技法+創意表現)210,國英社26,--,--,--,--,--,--,--,--,--,*
023,國立彰化師範大學,023312,無,運動學系(競技運動與表演藝術組),,34,術科(美術/體育/音樂),,,,,,,,,,,,,,,見原始圖片,國英4,--,--,--,--,--,--,--,--,--,--,--
023,國立彰化師範大學,023322,無,運動學系(競技運動與表演藝術組)(公費生),,1,術科(美術/體育/音樂),,,,,,,,,,,,,,,見原始圖片,國英8,--,--,--,--,--,--,--,--,--,--,--
023,國立彰化師範大學,023332,無,運動學系(運動健康組),,8,術科(美術/體育/音樂),,,,,,,,,,,,,,,見原始圖片,國英12,英文5,--,--,--,--,--,--,--,--,--,*
026,中山醫學大學,026012,無,醫學系,,70,一般,頂標,頂標,頂標,--,--,頂標,--,3,3,8,--,--,8,--,--,(數學A+自然)26,(國文+英文)29,--,--,--,--,--,--,--,--,--,*
026,中山醫學大學,026022,無,牙醫學系,,2727,一般,頂標,前標,前標,--,--,前標,--,10,3,8,--,--,5,--,--,國文14,數A13,自然14,英文15,--,--,--,--,--,--,--,*
026,中山醫學大學,026032,無,物理治療學系,,14,一般,--,底標,--,--,--,--,--,3,3,--,--,--,3,--,--,(國文+英文+自然)39,--,--,--,--,--,--,--,--,--,--,*
026,中山醫學大學,026042,無,職能治療學系,,18,一般,--,均標,底標,後標,--,均標,--,10,3,--,--,--,--,--,--,國文12,英文13,--,--,--,--,--,--,--,--,--,*
026,中山醫學大學,026052,無,語言治療與聽力學系語言治療組,,25,一般,--,--,--,--,--,後標,--,3,3,3,--,--,3,--,--,(國文+英文+數學A+自然)47,--,--,--,--,--,--,--,--,--,--,*
026,中山醫學大學,026062,無,語言治療與聽力學系聽力組,,25,一般,--,--,--,--,--,後標,--,3,3,3,--,--,3,--,--,(國文+英文+數學A+自然)43,--,--,--,--,--,--,--,--,--,--,*
026,中山醫學大學,026072,無,生物醫學科學學系,,36,一般,--,--,後標,--,--,後標,--,--,--,--,--,--,3,10,--,國英10,自然11,--,--,--,--,--,--,--,--,--,*
026,中山醫學大學,026082,無,視光學系,,32,一般,後標,後標,--,--,--,--,--,6,3,--,--,--,--,--,--,國文12,英文10,--,--,--,--,--,--,--,--,--,*
026,中山醫學大學,026092,無,醫學影像暨放射科學系,,38,一般,--,--,--,--,--,後標,--,--,5,5,--,--,3,--,--,(英文+數學A)15,自然11,--,--,--,--,--,--,--,--,--,*
026,中山醫學大學,026102,無,心理學系,,24,一般,--,後標,--,--,--,--,--,3,10,--,--,--,--,--,--,英文9,國文13,--,--,--,--,--,--,--,--,--,*
026,中山醫學大學,026112,無,營養學系(A組),,22,一般,--,--,--,--,--,底標,--,--,3,--,--,--,3,--,--,(英文+自然)21,--,--,--,--,--,--,--,--,--,--,*
026,中山醫學大學,026122,無,營養學系(B組),,12,一般,底標,--,--,--,--,--,--,4,4,--,--,4,--,--,--,(國文+英文+社會)34,--,--,--,--,--,--,--,--,--,--,*
026,中山醫學大學,026132,無,職業安全衛生學系,,30,一般,底標,底標,底標,--,--,底標,--,--,--,--,--,--,--,3,--,國英數A自21,--,--,--,--,--,--,--,--,--,--,--
026,中山醫學大學,026142,無,醫學應用化學系,,2222,一般,--,--,--,--,--,均標,--,--,--,--,--,--,--,3,--,國數A自33,--,--,--,--,--,--,--,--,--,--,*
026,中山醫學大學,026152,無,健康產業科技管理學系,,31,一般,--,--,後標,--,--,--,--,--,--,3,--,--,--,--,--,數學A7,--,--,--,--,--,--,--,--,--,--,*
026,中山醫學大學,026162,無,護理學系,,57,一般,--,--,--,--,--,底標,--,--,--,--,--,--,--,3,--,國英自29,--,--,--,--,--,--,--,--,--,--,*
026,中山醫學大學,026172,無,醫學檢驗暨生物技術學系,,38,一般,--,均標,--,--,--,均標,--,--,10,--,--,--,3,--,--,英文8,自然11,--,--,--,--,--,--,--,--,--,*
026,中山醫學大學,026182,無,應用外國語言學系,,26,一般,--,均標,--,--,--,--,--,--,3,--,--,--,--,5,--,國英社29,英文9,--,--,--,--,--,--,--,--,--,*
026,中山醫學大學,026192,無,公共衛生學系(A組),,18,一般,底標,--,--,--,--,--,--,--,--,--,--,--,--,3,--,國自22,--,--,--,--,--,--,--,--,--,--,*
026,中山醫學大學,026202,無,公共衛生學系(B組),,18,一般,底標,--,--,--,--,--,--,10,--,10,--,3,--,--,--,(國文+數學A)15,社會12,--,--,--,--,--,--,--,--,--,*
026,中山醫學大學,026212,無,醫學社會暨社會工作學系,,55,一般,--,--,--,--,後標,--,--,3,3,--,--,3,--,--,--,(國文+英文+社會)30,--,--,--,--,--,--,--,--,--,--,*
026,中山醫學大學,026222,無,醫學資訊學系,,25,一般,--,後標,後標,--,--,--,--,--,5,3,--,--,--,--,--,英文7,數學A8,--,--,--,--,--,--,--,--,--,*
026,中山醫學大學,026232,無,醫療產業科技管理學系,,19,一般,--,後標,--,後標,--,--,--,--,6,--,3,--,--,--,--,英文7,數學B9,--,--,--,--,--,--,--,--,--,*
027,國立中山大學,027012,無,中國文學系,,14,一般,前標,--,--,--,--,--,--,3.5,--,--,--,--,--,10,--,國英社34,國文14,--,--,--,--,--,--,--,--,--,*
027,國立中山大學,027022,無,外國語文學系,,24,一般,均標,前標,--,--,均標,--,--,8,3,--,--,8,--,--,--,(國文+社會)21,英文14,--,--,--,--,--,--,--,--,--,*
027,國立中山大學,027032,男,劇場藝術學系,,10,一般,均標,均標,--,--,--,--,--,6,6,--,--,--,--,--,--,(國文+英文)19,--,--,--,--,--,--,--,--,--,--,--
027,國立中山大學,027032,女,劇場藝術學系,,2222,一般,均標,均標,--,--,--,--,--,6,6,--,--,--,--,--,--,(國文+英文)19,--,--,--,--,--,--,--,--,--,--,--
027,國立中山大學,027042,無,生物科學系,,12,一般,--,均標,均標,--,--,前標,--,--,20,10,--,--,4,--,--,英文8,數學A7,自然12,--,--,--,--,--,--,--,--,*
027,國立中山大學,027052,無,生物科學系英語組,,10,一般,均標,均標,均標,--,--,前標,--,--,10,10,--,--,4,--,--,(英文+數學A)15,自然12,--,--,--,--,--,--,--,--,--,--
027,國立中山大學,027062,無,化學系,,9,一般,--,均標,均標,--,--,均標,--,--,--,--,--,--,--,5.5,--,國英數A自49,--,--,--,--,--,--,--,--,--,--,*
027,國立中山大學,027072,無,化學系英語組,,8,一般,--,前標,均標,--,--,均標,A,--,--,--,--,--,--,6,--,國英數A自46,--,--,--,--,--,--,--,--,--,--,*
027,國立中山大學,027082,無,物理學系,,9,一般,均標,均標,均標,--,--,均標,--,--,5.5,5.5,--,--,5.5,--,--,(英文+數學A+自然)35,--,--,--,--,--,--,--,--,--,--,*
027,國立中山大學,027092,無,物理學系量子科技組(全英),,10,一般,--,均標,均標,--,--,均標,--,--,5,5,--,--,5,--,--,(英文+數學A+自然)33,--,--,--,--,--,--,--,--,--,--,*
027,國立中山大學,027102,無,應用數學系,,13,一般,--,均標,均標,--,--,均標,--,--,--,3.5,--,--,--,5,--,國英數A自36,數A11,--,--,--,--,--,--,--,--,--,*
027,國立中山大學,027112,無,應用數學系英語組,,16,一般,--,均標,均標,--,--,--,--,--,5,3,--,--,--,7,--,國英數A自28,英文8,數學A9,--,--,--,--,--,--,--,--,*
027,國立中山大學,027122,無,電機工程學系,,24,一般,--,均標,均標,--,--,均標,--,--,--,--,--,--,--,3,--,英數A自39,--,--,--,--,--,--,--,--,--,--,*
027,國立中山大學,027132,無,電機工程學系全英語組,,28,一般,--,前標,均標,--,--,均標,--,--,--,--,--,--,--,3,--,英數A自37,--,--,--,--,--,--,--,--,--,--,*
027,國立中山大學,027152,無,機械與機電工程學系,,40,一般,--,--,均標,--,--,均標,--,--,--,6,--,--,3,10,--,英數A自31,數A11,自然13,--,--,--,--,--,--,--,--,*
027,國立中山大學,027162,無,機械與機電工程學系全英語組,,24,一般,--,均標,均標,--,--,均標,--,--,--,5,--,--,3,8,--,英數A自32,數學A10,自然12,--,--,--,--,--,--,--,--,*
027,國立中山大學,027172,無,資訊工程學系,,25,一般,均標,均標,前標,--,--,前標,--,10,3,3,--,--,6,4,--,國文11,自然13,國英數A自50,(英文+數學A)24,--,--,--,--,--,--,--,*
027,國立中山大學,027182,無,資訊工程學系全英語學士班,,17,一般,均標,前標,前標,--,--,均標,--,--,--,3,--,--,5,8,--,國英數A自48,自然12,數學A12,--,--,--,--,--,--,--,--,*
027,國立中山大學,027192,無,光電工程學系,,11,一般,--,均標,均標,--,--,均標,--,--,--,3,--,--,4,--,--,自然13,數學A13,--,--,--,--,--,--,--,--,--,*
027,國立中山大學,027202,無,光電工程學系全英語組,,16,一般,--,前標,均標,--,--,均標,--,--,--,3,--,--,4,--,--,自然13,數學A9,--,--,--,--,--,--,--,--,--,*
027,國立中山大學,027212,無,材料與光電科學學系,,12,一般,均標,均標,前標,--,--,前標,--,5,5,4,--,--,4,--,--,(國文+英文)24,(數學A+自然)25,--,--,--,--,--,--,--,--,--,*
027,國立中山大學,027222,無,材料與光電科學學系全英語組,,13,一般,--,均標,前標,--,--,前標,--,--,5,3.5,--,--,3.5,--,--,英文11,(數學A+自然)23,--,--,--,--,--,--,--,--,--,*
027,國立中山大學,027232,無,企業管理學系,,38,一般,--,均標,--,均標,--,--,--,--,8,--,3,--,--,--,--,英文10,數B12,--,--,--,--,--,--,--,--,--,*
027,國立中山大學,027242,無,資訊管理學系,,25,一般,--,均標,均標,--,--,--,--,3,3,3,--,--,--,--,--,(國文+英文+數學A)36,--,--,--,--,--,--,--,--,--,--,*
027,國立中山大學,027252,無,財務管理學系,,26,一般,均標,均標,均標,--,--,--,--,--,3,8,--,--,--,--,--,數A8,英文12,--,--,--,--,--,--,--,--,--,*
027,國立中山大學,027262,無,國際經營管理全英語學士學位學程,,15,一般,--,均標,--,均標,均標,--,--,--,3,--,8,--,--,--,--,數學B10,英文13,--,--,--,--,--,--,--,--,--,*
027,國立中山大學,027272,無,海洋生物科技暨資源學系,,19,一般,--,均標,均標,--,--,均標,B,--,3,5,--,--,4,--,--,數A8,自然11,英文10,--,--,--,--,--,--,--,--,*
027,國立中山大學,027282,無,海洋環境及工程學系,,24,一般,--,均標,均標,--,--,均標,--,--,--,3,--,--,3,--,--,(數學A+自然)23,--,--,--,--,--,--,--,--,--,--,*
027,國立中山大學,027292,無,海洋科學系,,20,一般,均標,均標,均標,--,--,均標,--,--,3,3,--,--,3,--,--,(英文+數學A+自然)30,--,--,--,--,--,--,--,--,--,--,*
027,國立中山大學,027302,無,政治經濟學系,,2727,一般,--,均標,均標,--,--,--,--,--,5,3,--,--,--,--,--,英文9,數學A9,--,--,--,--,--,--,--,--,--,*
027,國立中山大學,027312,無,社會學系,,14,一般,--,均標,均標,均標,均標,--,--,--,3,--,--,3,--,--,--,(英文+社會)25,--,--,--,--,--,--,--,--,--,--,*
027,國立中山大學,027322,無,人文暨科技跨領域學士學位學程,,17,一般,均標,均標,均標,前標,--,--,--,3,3,--,--,--,--,--,--,(國文+英文)23,--,--,--,--,--,--,--,--,--,--,*
027,國立中山大學,027332,無,生物醫學科技學系全英語學士班生物醫學組,,8,一般,--,均標,均標,--,--,均標,--,--,10,--,--,--,4,--,--,英文8,自然11,--,--,--,--,--,--,--,--,--,*
027,國立中山大學,027342,無,生物醫學科技學系全英語學士班生醫工程組,,9,一般,--,均標,均標,--,--,前標,--,--,10,10,--,--,5,--,--,(英文+數學A)16,自然12,--,--,--,--,--,--,--,--,--,--
027,國立中山大學,027352,無,西灣南星A組(文),,2,一般,均標,均標,--,--,均標,--,--,5,5,--,--,5,--,--,--,(國文+英文+社會)35,--,--,--,--,--,--,--,--,--,--,*
027,國立中山大學,027362,無,西灣南星B組(管),,4,一般,均標,均標,--,均標,--,--,--,5,5,--,5,--,--,--,--,(國文+英文+數學B)29,--,--,--,--,--,--,--,--,--,--,*
027,國立中山大學,027372,無,西灣南星C組(理),,4,一般,--,均標,均標,--,--,均標,--,--,5,5,--,--,5,--,--,(英文+數學A+自然)25,--,--,--,--,--,--,--,--,--,--,--
027,國立中山大學,027382,無,西灣南星D組(工),,7,一般,--,均標,均標,--,--,均標,--,--,5,5,--,--,5,--,--,(英文+數學A+自然)30,--,--,--,--,--,--,--,--,--,--,*
027,國立中山大學,027392,無,西灣南星E組(海),,4,一般,--,均標,均標,--,--,均標,--,--,5,5,--,--,5,--,--,(英文+數學A+自然)29,--,--,--,--,--,--,--,--,--,--,--
027,國立中山大學,027402,無,西灣南星F組(社),,22,一般,均標,均標,均標,均標,均標,--,--,5,5,--,--,5,--,--,--,(國文+英文+社會)32,--,--,--,--,--,--,--,--,--,--,--
027,國立中山大學,027412,無,西灣南星G組(西灣),,1,一般,均標,均標,均標,前標,--,--,--,5,5,--,--,--,--,--,--,--,--,--,--,--,--,--,--,--,--,--,--
027,國立中山大學,027422,無,西灣南星H組(醫),,1,一般,--,均標,均標,--,--,前標,--,--,12,9,--,--,6,--,--,--,--,--,--,--,--,--,--,--,--,--,--
027,國立中山大學,027142,無,電機工程學系(APCS組),,3,APCS,,,,,,,,,,,,,,,見原始圖片,(APCS識讀+APCS實作)7,英數A自34,--,--,--,--,--,--,--,--,--,*
027,國立中山大學,027432,無,音樂學系,鋼琴,4,音樂,,,,,,,,,,,,,,,見原始圖片,主修78.29,--,--,--,--,--,--,--,--,--,--,--
027,國立中山大學,027432,無,音樂學系,聲樂,3,音樂,,,,,,,,,,,,,,,見原始圖片,主修83.43,--,--,--,--,--,--,--,--,--,--,--
027,國立中山大學,027432,無,音樂學系,小提琴,3,音樂,,,,,,,,,,,,,,,見原始圖片,主修79.79,--,--,--,--,--,--,--,--,--,--,--
027,國立中山大學,027432,無,音樂學系,中提琴,1,音樂,,,,,,,,,,,,,,,見原始圖片,主修82.14,--,--,--,--,--,--,--,--,--,--,--
027,國立中山大學,027432,無,音樂學系,大提琴,2,音樂,,,,,,,,,,,,,,,見原始圖片,主修72.14,--,--,--,--,--,--,--,--,--,--,--
027,國立中山大學,027432,無,音樂學系,低音提琴,1,音樂,,,,,,,,,,,,,,,見原始圖片,--,--,--,--,--,--,--,--,--,--,--,--
027,國立中山大學,027432,無,音樂學系,長號,1,音樂,,,,,,,,,,,,,,,見原始圖片,主修84.33,--,--,--,--,--,--,--,--,--,--,--
027,國立中山大學,027432,無,音樂學系,小號,1,音樂,,,,,,,,,,,,,,,見原始圖片,主修85,--,--,--,--,--,--,--,--,--,--,--
027,國立中山大學,027432,無,音樂學系,法國號,1,音樂,,,,,,,,,,,,,,,見原始圖片,主修83.11,--,--,--,--,--,--,--,--,--,--,--
027,國立中山大學,027432,無,音樂學系,低音號,1,音樂,,,,,,,,,,,,,,,見原始圖片,主修86.78,--,--,--,--,--,--,--,--,--,--,--
027,國立中山大學,027432,無,音樂學系,薩克斯管,1,音樂,,,,,,,,,,,,,,,見原始圖片,主修87.11,--,--,--,--,--,--,--,--,--,--,--
027,國立中山大學,027432,無,音樂學系,長笛,1,音樂,,,,,,,,,,,,,,,見原始圖片,主修80.22,--,--,--,--,--,--,--,--,--,--,--
027,國立中山大學,027432,無,音樂學系,單簧管(豎笛),1,音樂,,,,,,,,,,,,,,,見原始圖片,主修84.67,--,--,--,--,--,--,--,--,--,--,--
027,國立中山大學,027432,無,音樂學系,雙簧管,1,音樂,,,,,,,,,,,,,,,見原始圖片,主修87.89,--,--,--,--,--,--,--,--,--,--,--
027,國立中山大學,027432,無,音樂學系,低音管,1,音樂,,,,,,,,,,,,,,,見原始圖片,主修80.67,--,--,--,--,--,--,--,--,--,--,--
027,國立中山大學,027432,無,音樂學系,擊樂,1,音樂,,,,,,,,,,,,,,,見原始圖片,主修86.2,--,--,--,--,--,--,--,--,--,--,--
027,國立中山大學,027442,無,音樂學系創作與應用組,,6,術科(美術/體育/音樂),,,,,,,,,,,,,,,見原始圖片,樂理58,--,--,--,--,--,--,--,--,--,--,--
028,國立臺北藝術大學,028012,無,音樂與影像跨域學士學位學程,,5,術科(美術/體育/音樂),,,,,,,,,,,,,,,見原始圖片,英文8,國文12,--,--,--,--,--,--,--,--,--,*
028,國立臺北藝術大學,028022,無,劇場設計學系,,11,術科(美術/體育/音樂),,,,,,,,,,,,,,,見原始圖片,英文9,國文12,--,--,--,--,--,--,--,--,--,*
028,國立臺北藝術大學,028032,無,新媒體藝術學系,,13,術科(美術/體育/音樂),,,,,,,,,,,,,,,見原始圖片,自然9,英文6,--,--,--,--,--,--,--,--,--,*
030,長庚大學,030012,無,醫學系,,53,一般,前標,前標,前標,--,--,前標,--,3,3,3,--,--,3,--,--,(國文+英文+數學A+自然)59,--,--,--,--,--,--,--,--,--,--,*
030,長庚大學,030022,無,醫學系(公費生),,4,一般,前標,前標,前標,--,--,前標,--,3,3,3,--,--,3,--,--,(國文+英文+數學A+自然)56,--,--,--,--,--,--,--,--,--,--,*
030,長庚大學,030032,無,中醫學系,,29,一般,頂標,頂標,頂標,--,--,頂標,--,--,6,6,--,--,3,--,--,(英文+數學A)28,自然15,--,--,--,--,--,--,--,--,--,*
030,長庚大學,030042,無,護理學系,,50,一般,--,均標,--,--,--,均標,--,--,3,--,--,--,5,--,--,自然9,英文10,--,--,--,--,--,--,--,--,--,*
030,長庚大學,030052,無,醫學生物技術暨檢驗學系,,28,一般,--,均標,--,--,--,均標,--,--,3,--,--,--,3,8,--,英數A自21,(英文+自然)24,--,--,--,--,--,--,--,--,--,*
030,長庚大學,030062,無,醫學影像暨放射科學系,,17,一般,--,均標,均標,--,--,均標,--,--,3,3,--,--,3,--,--,(英文+數學A+自然)32,--,--,--,--,--,--,--,--,--,--,*
030,長庚大學,030072,無,物理治療學系,,22,一般,均標,均標,--,--,--,均標,--,3,3,--,--,--,3,--,--,(國文+英文+自然)40,--,--,--,--,--,--,--,--,--,--,--
030,長庚大學,030082,無,職能治療學系,,20,一般,--,均標,後標,均標,--,均標,--,--,3,--,--,--,3,--,--,(英文+自然)25,--,--,--,--,--,--,--,--,--,--,*
030,長庚大學,030092,無,生物醫學系,,54,一般,--,均標,均標,--,--,均標,--,--,3,--,--,--,3,--,--,(英文+自然)20,--,--,--,--,--,--,--,--,--,--,*
030,長庚大學,030102,無,呼吸治療學系,,2222,一般,--,--,--,--,--,後標,--,--,3,--,--,--,3,--,--,(英文+自然)23,--,--,--,--,--,--,--,--,--,--,*
030,長庚大學,030112,無,電機工程學系,,50,一般,--,--,均標,--,--,--,--,--,--,3,--,--,3,5,--,英數A自31,(數學A+自然)22,--,--,--,--,--,--,--,--,--,*
030,長庚大學,030122,無,機械工程學系,,17,一般,--,--,均標,--,--,--,--,--,3,3,--,--,3,--,--,(英文+數學A+自然)28,--,--,--,--,--,--,--,--,--,--,*
030,長庚大學,030132,無,化工與材料工程學系,,28,一般,--,--,均標,--,--,--,--,--,3,3,--,--,3,--,--,(英文+數學A+自然)32,--,--,--,--,--,--,--,--,--,--,*
030,長庚大學,030142,無,電子工程學系,,35,一般,--,--,--,--,--,均標,--,--,3,3,--,--,3,--,--,(英文+數學A+自然)30,--,--,--,--,--,--,--,--,--,--,*
030,長庚大學,030152,無,資訊工程學系,,28,一般,--,--,均標,--,--,--,--,--,3,3,--,--,3,--,--,(英文+數學A+自然)31,--,--,--,--,--,--,--,--,--,--,*
030,長庚大學,030162,無,生物醫學工程學系,,17,一般,--,--,均標,--,--,--,--,--,3,3,--,--,3,--,--,(英文+數學A+自然)33,--,--,--,--,--,--,--,--,--,--,*
030,長庚大學,030172,無,人工智慧學系,,20,一般,--,均標,--,--,--,--,--,--,3,3,--,--,3,--,--,(英文+數學A+自然)28,--,--,--,--,--,--,--,--,--,--,*
030,長庚大學,030182,無,醫務管理學系,,26,一般,--,均標,後標,均標,--,--,--,3,3,--,--,--,--,--,--,(國文+英文)21,--,--,--,--,--,--,--,--,--,--,*
030,長庚大學,030192,無,工商管理學系(數智商務組),,20,一般,--,--,--,均標,--,--,--,--,3,--,--,--,--,--,--,英文7,--,--,--,--,--,--,--,--,--,--,--
030,長庚大學,030202,無,工商管理學系(工商創業組),,19,一般,--,--,--,均標,--,--,--,3,--,--,--,--,--,--,--,國文10,--,--,--,--,--,--,--,--,--,--,*
030,長庚大學,030212,無,工業設計學系,,19,一般,--,--,後標,後標,--,--,--,3,3,--,--,--,--,--,--,(國文+英文)19,--,--,--,--,--,--,--,--,--,--,*
030,長庚大學,030222,無,資訊管理學系,,26,一般,--,--,後標,均標,--,--,--,3,3,--,--,--,--,--,--,(國文+英文)21,--,--,--,--,--,--,--,--,--,--,*
030,長庚大學,030232,無,資訊管理學系(資安組),,4,一般,--,--,後標,均標,--,--,--,--,8,--,--,--,--,--,--,英文5,--,--,--,--,--,--,--,--,--,--,--
030,長庚大學,030242,無,數位金融科技學系(甲組),,10,一般,--,--,均標,--,--,--,--,--,5,5,--,--,--,--,--,(英文+數學A)15,--,--,--,--,--,--,--,--,--,--,--
030,長庚大學,030252,無,數位金融科技學系(乙組),,12,一般,--,--,--,均標,--,--,--,--,4,--,4,--,--,--,--,(英文+數學B)15,--,--,--,--,--,--,--,--,--,--,*
031,國立臺中教育大學,031012,無,教育學系,,20,一般,均標,均標,--,--,--,--,--,5,3,--,4,--,--,--,--,國文12,數B7,英文10,--,--,--,--,--,--,--,--,*
031,國立臺中教育大學,031022,無,特殊教育學系,,19,一般,均標,--,--,--,--,--,--,--,--,--,--,--,--,3,--,國英數B29,--,--,--,--,--,--,--,--,--,--,*
031,國立臺中教育大學,031032,無,幼兒教育學系,,22,一般,均標,--,--,--,--,--,--,3,--,--,--,--,--,5,--,國英社31,國文13,--,--,--,--,--,--,--,--,--,*
031,國立臺中教育大學,031042,無,柳川招生組,,6,一般,均標,均標,--,--,--,--,--,8,10,--,--,--,--,--,--,英文8,國文11,--,--,--,--,--,--,--,--,--,--
031,國立臺中教育大學,031052,無,體育學系非運動專長組,,7,一般,--,--,--,後標,--,--,--,--,--,--,--,--,--,6,--,國英數B27,--,--,--,--,--,--,--,--,--,--,*
031,國立臺中教育大學,031062,無,語文教育學系,,6,一般,均標,--,--,--,--,--,--,6,--,--,--,--,--,8,--,國英數B社35,國文13,--,--,--,--,--,--,--,--,--,--
031,國立臺中教育大學,031072,無,區域與社會發展學系,,14,一般,--,--,--,--,均標,--,--,--,--,--,--,3,--,--,--,社會14,--,--,--,--,--,--,--,--,--,--,*
031,國立臺中教育大學,031082,無,諮商與應用心理學系,,20,一般,均標,均標,--,後標,--,--,--,4,3,--,--,--,--,--,--,國文13,英文11,--,--,--,--,--,--,--,--,--,*
031,國立臺中教育大學,031092,無,臺灣語文學系,,21,一般,均標,均標,--,--,均標,--,--,3,4,--,--,10,--,--,--,社會10,英文8,國文11,--,--,--,--,--,--,--,--,*
031,國立臺中教育大學,031102,無,英語學系,,16,一般,--,均標,--,--,--,--,--,3,3,--,3,--,--,--,--,(國文+英文+數學B)27,--,--,--,--,--,--,--,--,--,--,*
031,國立臺中教育大學,031112,無,數學教育學系,,11,一般,--,--,均標,--,--,--,--,--,--,4,--,--,--,--,--,數A10,--,--,--,--,--,--,--,--,--,--,*
031,國立臺中教育大學,031122,無,科學教育與應用學系,,22,一般,--,--,--,--,--,均標,--,--,--,--,--,--,--,3,--,國英數A自38,--,--,--,--,--,--,--,--,--,--,*
031,國立臺中教育大學,031132,無,資訊工程學系,,26,一般,--,--,均標,--,--,--,--,--,--,--,--,--,--,3,--,國英數A自43,--,--,--,--,--,--,--,--,--,--,*
031,國立臺中教育大學,031142,無,數位內容科技學系,,24,一般,--,均標,--,均標,--,--,--,--,--,--,--,--,--,3,--,國英數B31,--,--,--,--,--,--,--,--,--,--,*
031,國立臺中教育大學,031152,無,國際企業學系,,14,一般,--,均標,--,--,--,--,--,8,3,--,--,--,--,10,--,國英數B27,國文11,英文11,--,--,--,--,--,--,--,--,*
031,國立臺中教育大學,031162,無,文化創意產業設計與營運學系,,16,一般,--,均標,--,--,--,--,--,10,5,--,--,6,--,3,--,國文9,社會12,英文9,英社23,--,--,--,--,--,--,--,*
031,國立臺中教育大學,031172,無,音樂學系,鋼琴,3,音樂,,,,,,,,,,,,,,,見原始圖片,主修82.29,--,--,--,--,--,--,--,--,--,--,*
031,國立臺中教育大學,031172,無,音樂學系,聲樂,3,音樂,,,,,,,,,,,,,,,見原始圖片,主修83.29,--,--,--,--,--,--,--,--,--,--,--
031,國立臺中教育大學,031172,無,音樂學系,小提琴,6,音樂,,,,,,,,,,,,,,,見原始圖片,主修74.36,--,--,--,--,--,--,--,--,--,--,--
031,國立臺中教育大學,031172,無,音樂學系,中提琴,2,音樂,,,,,,,,,,,,,,,見原始圖片,主修81.21,--,--,--,--,--,--,--,--,--,--,--
031,國立臺中教育大學,031172,無,音樂學系,大提琴,1,音樂,,,,,,,,,,,,,,,見原始圖片,主修83.57,--,--,--,--,--,--,--,--,--,--,--
031,國立臺中教育大學,031172,無,音樂學系,低音提琴,1,音樂,,,,,,,,,,,,,,,見原始圖片,主修80.43,--,--,--,--,--,--,--,--,--,--,--
031,國立臺中教育大學,031172,無,音樂學系,豎琴,1,音樂,,,,,,,,,,,,,,,見原始圖片,--,--,--,--,--,--,--,--,--,--,--,--
031,國立臺中教育大學,031172,無,音樂學系,長號,1,音樂,,,,,,,,,,,,,,,見原始圖片,主修71.78,--,--,--,--,--,--,--,--,--,--,--
031,國立臺中教育大學,031172,無,音樂學系,小號,1,音樂,,,,,,,,,,,,,,,見原始圖片,主修83.33,--,--,--,--,--,--,--,--,--,--,--
031,國立臺中教育大學,031172,無,音樂學系,法國號,2,音樂,,,,,,,,,,,,,,,見原始圖片,主修80.78,--,--,--,--,--,--,--,--,--,--,--
031,國立臺中教育大學,031172,無,音樂學系,低音號,1,音樂,,,,,,,,,,,,,,,見原始圖片,主修76,--,--,--,--,--,--,--,--,--,--,--
031,國立臺中教育大學,031172,無,音樂學系,薩克斯管,1,音樂,,,,,,,,,,,,,,,見原始圖片,主修77.89,--,--,--,--,--,--,--,--,--,--,--
031,國立臺中教育大學,031172,無,音樂學系,長笛,2,音樂,,,,,,,,,,,,,,,見原始圖片,主修80.22,--,--,--,--,--,--,--,--,--,--,--
031,國立臺中教育大學,031172,無,音樂學系,單簧管(豎笛),2,音樂,,,,,,,,,,,,,,,見原始圖片,主修74.22,--,--,--,--,--,--,--,--,--,--,--
031,國立臺中教育大學,031172,無,音樂學系,雙簧管,1,音樂,,,,,,,,,,,,,,,見原始圖片,主修84.22,--,--,--,--,--,--,--,--,--,--,--
031,國立臺中教育大學,031172,無,音樂學系,低音管,1,音樂,,,,,,,,,,,,,,,見原始圖片,主修80.67,--,--,--,--,--,--,--,--,--,--,--
031,國立臺中教育大學,031172,無,音樂學系,擊樂,1,音樂,,,,,,,,,,,,,,,見原始圖片,主修80.6,--,--,--,--,--,--,--,--,--,--,--
031,國立臺中教育大學,031172,無,音樂學系,理論作曲,1,音樂,,,,,,,,,,,,,,,見原始圖片,主修66.6,--,--,--,--,--,--,--,--,--,--,--
031,國立臺中教育大學,031172,無,音樂學系,笛,1,音樂,,,,,,,,,,,,,,,見原始圖片,主修87.8,--,--,--,--,--,--,--,--,--,--,--
031,國立臺中教育大學,031182,無,美術學系,,15,術科(美術/體育/音樂),,,,,,,,,,,,,,,見原始圖片,國文9,素描84,--,--,--,--,--,--,--,--,--,*
031,國立臺中教育大學,031192,男,體育學系運動專長組,,13,術科(美術/體育/音樂),,,,,,,,,,,,,,,見原始圖片,國文6,英文3,數學B1,--,--,--,--,--,--,--,--,*
031,國立臺中教育大學,031192,女,體育學系運動專長組,,15,術科(美術/體育/音樂),,,,,,,,,,,,,,,見原始圖片,國文4,英文2,--,--,--,--,--,--,--,--,--,--
032,國立臺北教育大學,032012,無,教育學系,,19,一般,均標,均標,--,均標,--,--,--,3,--,--,--,--,--,5,--,國英數B33,國文13,--,--,--,--,--,--,--,--,--,*
032,國立臺北教育大學,032022,無,教育學系（芝山組）,,2,一般,均標,均標,--,均標,--,--,--,5,--,--,--,--,--,6,--,國英數B28,國文12,--,--,--,--,--,--,--,--,--,--
032,國立臺北教育大學,032032,無,教育經營與管理學系,,19,一般,均標,前標,--,均標,--,--,--,3,5,--,3,--,--,--,--,英文11,(國文+數學B)20,--,--,--,--,--,--,--,--,--,--
032,國立臺北教育大學,032042,無,教育經營與管理學系（芝山組）,,2,一般,均標,均標,--,均標,--,--,--,5,5,--,6,--,--,--,--,數學B6,(國文+英文)20,--,--,--,--,--,--,--,--,--,--
032,國立臺北教育大學,032052,無,幼兒與家庭教育學系,,16,一般,前標,均標,--,均標,均標,--,--,5,3,--,--,--,--,--,--,國文12,英文8,--,--,--,--,--,--,--,--,--,--
032,國立臺北教育大學,032062,無,幼兒與家庭教育學系（芝山組）,,2,一般,前標,均標,--,均標,均標,--,--,5,3,--,--,--,--,--,--,國文12,英文8,--,--,--,--,--,--,--,--,--,--
032,國立臺北教育大學,032072,無,幼兒與家庭教育學系(公費生),,1,一般,前標,均標,--,均標,均標,--,--,5,3,--,--,--,--,--,--,國文12,英文11,--,--,--,--,--,--,--,--,--,--
032,國立臺北教育大學,032082,無,特殊教育學系,,18,一般,均標,均標,--,均標,--,--,--,5,4,--,3,--,--,--,--,國文12,英文9,數學B8,--,--,--,--,--,--,--,--,*
032,國立臺北教育大學,032092,無,特殊教育學系（芝山組）,,3,一般,均標,均標,--,均標,--,--,--,5,4,--,3,--,--,--,--,國文11,英文8,數學B6,--,--,--,--,--,--,--,--,--
032,國立臺北教育大學,032102,無,心理與諮商學系,,10,一般,均標,均標,--,均標,--,--,--,5,4,--,3,--,--,--,--,國文14,英文10,數學B9,--,--,--,--,--,--,--,--,*
032,國立臺北教育大學,032112,無,心理與諮商學系（芝山組）,,6,一般,均標,均標,--,後標,--,--,--,5,4,--,3,--,--,--,--,國文11,英文8,數學B5,--,--,--,--,--,--,--,--,*
032,國立臺北教育大學,032122,無,社會與區域發展學系,,29,一般,均標,均標,--,均標,均標,--,--,--,--,--,--,--,--,2.5,--,國英社34,--,--,--,--,--,--,--,--,--,--,*
032,國立臺北教育大學,032132,無,兒童英語教育學系,,24,一般,均標,前標,--,均標,--,--,--,--,3,--,--,--,--,--,--,英文11,--,--,--,--,--,--,--,--,--,--,--
032,國立臺北教育大學,032142,無,兒童英語教育學系(公費生),,2,一般,均標,前標,--,均標,--,--,--,--,6,--,--,--,--,--,--,英文13,--,--,--,--,--,--,--,--,--,--,*
032,國立臺北教育大學,032152,無,語文與創作學系語文師資組,,16,一般,前標,均標,--,均標,均標,--,--,3,5,--,--,--,--,6,--,國英數B社39,英文9,國文13,--,--,--,--,--,--,--,--,*
032,國立臺北教育大學,032162,無,語文與創作學系文學創作組,,19,一般,前標,均標,--,--,均標,--,--,3,5,--,--,--,--,6,--,國英社31,英文9,國文13,--,--,--,--,--,--,--,--,*
032,國立臺北教育大學,032172,無,文化創意產業經營學系,,20,一般,均標,均標,均標,均標,均標,--,--,--,--,--,--,--,--,3,--,國英社37,--,--,--,--,--,--,--,--,--,--,*
032,國立臺北教育大學,032182,無,文化創意產業經營學系(青年儲蓄帳戶組),,2,一般,均標,均標,--,--,均標,--,--,--,--,--,--,--,--,--,--,--,--,--,--,--,--,--,--,--,--,--,--
032,國立臺北教育大學,032192,無,數學暨資訊教育學系數學組,,14,一般,均標,--,均標,--,--,--,--,--,--,3,--,--,--,--,--,數學A10,--,--,--,--,--,--,--,--,--,--,*
032,國立臺北教育大學,032202,無,數學暨資訊教育學系人工智慧與資訊教育組,,11,一般,--,均標,均標,--,--,--,--,5,5,3.5,--,--,--,--,--,(國文+英文)17,數學A8,--,--,--,--,--,--,--,--,--,*
032,國立臺北教育大學,032222,無,數學暨資訊教育學系人工智慧與資訊教育組(公費生A組),,2,一般,前標,前標,前標,--,--,--,--,4,5,3,--,--,--,--,--,英文11,國文13,數學A10,--,--,--,--,--,--,--,--,--
032,國立臺北教育大學,032232,無,數學暨資訊教育學系人工智慧與資訊教育組(公費生B組),,1,一般,前標,頂標,頂標,--,--,--,--,5,4,3,--,--,--,--,--,--,--,--,--,--,--,--,--,--,--,--,--
032,國立臺北教育大學,032242,無,自然科學教育學系,,30,一般,均標,均標,均標,--,--,均標,--,--,--,5,--,--,3,--,--,數學A7,自然10,--,--,--,--,--,--,--,--,--,*
032,國立臺北教育大學,032252,無,自然科學教育學系（芝山組）,,22,一般,--,--,均標,--,--,均標,--,--,--,--,--,--,--,5,--,數A自18,--,--,--,--,--,--,--,--,--,--,--
032,國立臺北教育大學,032262,無,資訊科學系,,24,一般,均標,均標,均標,--,--,均標,--,--,--,3,--,--,5,--,--,自然10,數學A9,--,--,--,--,--,--,--,--,--,*
032,國立臺北教育大學,032272,無,數位科技設計學系,,20,一般,均標,均標,--,均標,--,--,--,--,4,--,3,--,--,5,--,國英數B28,英文9,數學B10,--,--,--,--,--,--,--,--,*
032,國立臺北教育大學,032292,無,藝術與造形設計學系設計組,,21,一般,均標,均標,--,均標,--,--,--,--,--,--,--,--,--,3,--,國英數B32,--,--,--,--,--,--,--,--,--,--,*
032,國立臺北教育大學,032212,無,數學暨資訊教育學系人工智慧與資訊教育組(APCS組),,3,APCS,,,,,,,,,,,,,,,見原始圖片,(英文+數學A)18,(APCS識讀+APCS實作)6,--,--,--,--,--,--,--,--,--,--
032,國立臺北教育大學,032282,無,數位科技設計學系(APCS組),,3,APCS,,,,,,,,,,,,,,,見原始圖片,(英文+數學B)16,(APCS識讀+APCS實作)5,--,--,--,--,--,--,--,--,--,--
032,國立臺北教育大學,032302,無,藝術與造形設計學系藝術組,,22,術科(美術/體育/音樂),,,,,,,,,,,,,,,見原始圖片,(素描+彩繪技法+創意表現)198,國英數B社30,--,--,--,--,--,--,--,--,--,--
032,國立臺北教育大學,032312,無,藝術與造形設計學系藝術組(公費生A組),,1,術科(美術/體育/音樂),,,,,,,,,,,,,,,見原始圖片,--,--,--,--,--,--,--,--,--,--,--,--
032,國立臺北教育大學,032322,無,藝術與造形設計學系藝術組(公費生B組),,1,術科(美術/體育/音樂),,,,,,,,,,,,,,,見原始圖片,--,--,--,--,--,--,--,--,--,--,--,--
032,國立臺北教育大學,032332,無,體育學系,,10,術科(美術/體育/音樂),,,,,,,,,,,,,,,見原始圖片,體育百分等級50.06,國英數B24,--,--,--,--,--,--,--,--,--,*
032,國立臺北教育大學,032342,無,體育學系（雙語教學組）,,8,術科(美術/體育/音樂),,,,,,,,,,,,,,,見原始圖片,國英數B18,英文10,--,--,--,--,--,--,--,--,--,*
033,國立臺南大學,033012,無,教育學系,,49,一般,後標,--,--,--,--,--,--,4,5,--,4,--,--,2.5,--,英文8,(國文+數學B)18,國英數B30,--,--,--,--,--,--,--,--,*
033,國立臺南大學,033022,無,諮商與輔導學系,,20,一般,均標,均標,--,均標,--,--,--,--,--,--,--,--,--,3,--,國英數B社45,--,--,--,--,--,--,--,--,--,--,*
033,國立臺南大學,033032,無,特殊教育學系,,17,一般,後標,--,--,--,--,--,--,3,3,--,3,--,--,--,--,(國文+英文+數學B)29,--,--,--,--,--,--,--,--,--,--,*
033,國立臺南大學,033042,無,特殊教育學系(青年儲蓄帳戶組),,1,一般,均標,均標,--,--,--,--,--,--,--,--,--,--,--,--,--,--,--,--,--,--,--,--,--,--,--,--,--
033,國立臺南大學,033052,無,幼兒教育學系,,17,一般,均標,後標,--,--,後標,--,--,3,--,--,--,--,--,4,--,國英社31,國文12,--,--,--,--,--,--,--,--,--,*
033,國立臺南大學,033062,無,文化與自然資源學系,,17,一般,均標,後標,--,--,均標,--,--,--,--,--,--,--,--,3,--,國英社32,--,--,--,--,--,--,--,--,--,--,*
033,國立臺南大學,033072,無,國語文學系,,37,一般,均標,--,--,--,--,--,--,3,--,--,--,--,--,5,--,國英社30,國文13,--,--,--,--,--,--,--,--,--,*
033,國立臺南大學,033082,無,英語學系,,14,一般,均標,均標,--,--,--,--,--,--,3,--,--,--,--,--,--,英文10,--,--,--,--,--,--,--,--,--,--,*
033,國立臺南大學,033092,無,應用數學系,,16,一般,--,--,均標,--,--,--,--,--,--,3,--,--,--,--,--,數A11,--,--,--,--,--,--,--,--,--,--,*
033,國立臺南大學,033102,無,數位學習科技學系,,25,一般,--,--,後標,--,--,--,--,--,3,5,--,--,--,--,--,數A5,英文8,--,--,--,--,--,--,--,--,--,*
033,國立臺南大學,033112,無,數位學習科技學系(資安組),,4,一般,--,--,均標,--,--,--,--,--,--,6,--,--,--,--,--,數學A7,--,--,--,--,--,--,--,--,--,--,*
033,國立臺南大學,033122,無,材料科學系,,15,一般,--,均標,均標,--,--,均標,--,--,--,--,--,--,--,3,--,英數A自33,--,--,--,--,--,--,--,--,--,--,*
033,國立臺南大學,033132,無,資訊工程學系,,15,一般,均標,均標,均標,--,--,--,--,--,6,3,--,--,--,8,--,國英數A32,英文10,數學A10,--,--,--,--,--,--,--,--,*
033,國立臺南大學,033152,無,電機工程學系,,18,一般,--,--,均標,--,--,--,--,--,3,3,--,--,--,--,--,(英文+數學A)22,--,--,--,--,--,--,--,--,--,--,*
033,國立臺南大學,033162,無,綠色能源科技學系,,21,一般,--,--,後標,--,--,--,--,7,5,3,--,--,--,--,--,國文7,英文6,數A8,--,--,--,--,--,--,--,--,*
033,國立臺南大學,033172,無,生物科技學系,,14,一般,--,--,--,--,--,底標,--,7,--,--,--,--,3,--,--,國文12,自然11,--,--,--,--,--,--,--,--,--,*
033,國立臺南大學,033182,無,生態暨環境資源學系,,17,一般,底標,--,--,--,--,--,--,--,--,--,--,--,--,3,--,國英20,--,--,--,--,--,--,--,--,--,--,*
033,國立臺南大學,033192,男,戲劇創作與應用學系,,10,一般,均標,底標,--,--,--,--,--,--,--,--,--,--,--,4.5,--,國英15,--,--,--,--,--,--,--,--,--,--,--
033,國立臺南大學,033192,女,戲劇創作與應用學系,,12,一般,均標,底標,--,--,--,--,--,--,--,--,--,--,--,4.5,--,國英18,--,--,--,--,--,--,--,--,--,--,*
033,國立臺南大學,033202,無,行政管理學系,,20,一般,均標,均標,--,--,--,--,--,--,--,--,--,--,--,3,--,國英數B社39,--,--,--,--,--,--,--,--,--,--,--
033,國立臺南大學,033212,無,經營與管理學系,,13,一般,--,均標,--,--,--,--,--,--,3.5,--,--,--,--,6,--,國英數B19,英文10,--,--,--,--,--,--,--,--,--,*
033,國立臺南大學,033142,無,資訊工程學系(APCS組),,3,APCS,,,,,,,,,,,,,,,見原始圖片,(APCS識讀+APCS實作)5,國英數A27,英文8,數學A9,--,--,--,--,--,--,--,*
033,國立臺南大學,033222,無,音樂學系(A組),鋼琴,5,音樂,,,,,,,,,,,,,,,見原始圖片,(國文+英文)7,主修74.43,--,--,--,--,--,--,--,--,--,--
033,國立臺南大學,033222,無,音樂學系(A組),聲樂,3,音樂,,,,,,,,,,,,,,,見原始圖片,(英文+英文)7,主修83.29,--,--,--,--,--,--,--,--,--,--
033,國立臺南大學,033222,無,音樂學系(A組),小提琴,2,音樂,,,,,,,,,,,,,,,見原始圖片,(國文+英文)7,主修77.07,--,--,--,--,--,--,--,--,--,--
033,國立臺南大學,033222,無,音樂學系(A組),中提琴,1,音樂,,,,,,,,,,,,,,,見原始圖片,(英文+英文)7,主修79.07,--,--,--,--,--,--,--,--,--,--
033,國立臺南大學,033222,無,音樂學系(A組),大提琴,1,音樂,,,,,,,,,,,,,,,見原始圖片,(國文+英文)7,主修82.71,--,--,--,--,--,--,--,--,--,--
033,國立臺南大學,033222,無,音樂學系(A組),低音提琴,1,音樂,,,,,,,,,,,,,,,見原始圖片,(英文+英文)7,主修80.43,--,--,--,--,--,--,--,--,--,--
033,國立臺南大學,033222,無,音樂學系(A組),古典吉他,1,音樂,,,,,,,,,,,,,,,見原始圖片,(國文+英文)7,主修74,--,--,--,--,--,--,--,--,--,--
033,國立臺南大學,033222,無,音樂學系(A組),長號,1,音樂,,,,,,,,,,,,,,,見原始圖片,(英文+英文)7,主修81.56,--,--,--,--,--,--,--,--,--,--
033,國立臺南大學,033222,無,音樂學系(A組),小號,1,音樂,,,,,,,,,,,,,,,見原始圖片,(國文+英文)7,主修83.11,--,--,--,--,--,--,--,--,--,--
033,國立臺南大學,033222,無,音樂學系(A組),法國號,1,音樂,,,,,,,,,,,,,,,見原始圖片,(英文+英文)7,主修80.78,--,--,--,--,--,--,--,--,--,--
033,國立臺南大學,033222,無,音樂學系(A組),上低音號,1,音樂,,,,,,,,,,,,,,,見原始圖片,(國文+英文)7,主修78.56,--,--,--,--,--,--,--,--,--,--
033,國立臺南大學,033222,無,音樂學系(A組),低音號,1,音樂,,,,,,,,,,,,,,,見原始圖片,(英文+英文)7,主修76,--,--,--,--,--,--,--,--,--,--
033,國立臺南大學,033222,無,音樂學系(A組),薩克斯管,1,音樂,,,,,,,,,,,,,,,見原始圖片,(國文+英文)7,主修77.89,--,--,--,--,--,--,--,--,--,--
033,國立臺南大學,033222,無,音樂學系(A組),長笛,1,音樂,,,,,,,,,,,,,,,見原始圖片,(英文+英文)7,主修76.44,--,--,--,--,--,--,--,--,--,--
033,國立臺南大學,033222,無,音樂學系(A組),單簧管(豎笛),1,音樂,,,,,,,,,,,,,,,見原始圖片,(國文+英文)7,主修74.22,--,--,--,--,--,--,--,--,--,--
033,國立臺南大學,033222,無,音樂學系(A組),雙簧管,1,音樂,,,,,,,,,,,,,,,見原始圖片,(英文+英文)7,主修84.22,--,--,--,--,--,--,--,--,--,--
033,國立臺南大學,033222,無,音樂學系(A組),低音管,1,音樂,,,,,,,,,,,,,,,見原始圖片,(國文+英文)7,主修80.67,--,--,--,--,--,--,--,--,--,--
033,國立臺南大學,033222,無,音樂學系(A組),直笛,1,音樂,,,,,,,,,,,,,,,見原始圖片,(英文+英文)7,主修86.22,--,--,--,--,--,--,--,--,--,--
033,國立臺南大學,033222,無,音樂學系(A組),擊樂,1,音樂,,,,,,,,,,,,,,,見原始圖片,(國文+英文)7,主修85.67,--,--,--,--,--,--,--,--,--,--
033,國立臺南大學,033222,無,音樂學系(A組),理論作曲,1,音樂,,,,,,,,,,,,,,,見原始圖片,(英文+英文)7,主修73.48,--,--,--,--,--,--,--,--,--,--
033,國立臺南大學,033232,無,音樂學系(B組),,8,術科(美術/體育/音樂),,,,,,,,,,,,,,,見原始圖片,(國文+英文)11,--,--,--,--,--,--,--,--,--,--,--
033,國立臺南大學,033242,無,視覺藝術與設計學系,,26,術科(美術/體育/音樂),,,,,,,,,,,,,,,見原始圖片,(國文+英文)13,(彩繪技法+創意表現)114,素描75,--,--,--,--,--,--,--,--,*
033,國立臺南大學,033252,無,體育學系,,14,術科(美術/體育/音樂),,,,,,,,,,,,,,,見原始圖片,國英數B19,--,--,--,--,--,--,--,--,--,--,*
034,國立東華大學,034012,無,應用數學系數學科學組,,15,一般,--,--,均標,--,--,--,--,--,--,3,--,--,--,--,--,數A7,--,--,--,--,--,--,--,--,--,--,--
034,國立東華大學,034022,無,應用數學系統計科學組,,16,一般,--,--,均標,--,--,--,--,--,--,3,--,--,--,--,--,數A7,--,--,--,--,--,--,--,--,--,--,--
034,國立東華大學,034032,無,物理學系物理組,,16,一般,--,--,--,--,--,均標,--,--,--,--,--,--,3,--,--,自然10,--,--,--,--,--,--,--,--,--,--,*
034,國立東華大學,034042,無,物理學系奈米與光電科學組,,14,一般,--,--,--,--,--,均標,--,--,--,--,--,--,3.5,--,--,自然11,--,--,--,--,--,--,--,--,--,--,*
034,國立東華大學,034052,無,化學系,,26,一般,--,--,--,--,--,均標,--,--,--,6,--,--,3,--,--,數A3,自然10,--,--,--,--,--,--,--,--,--,*
034,國立東華大學,034062,無,生化暨分子醫學科學系,,20,一般,--,均標,--,--,--,--,--,--,3,--,--,--,3,--,--,(英文+自然)18,--,--,--,--,--,--,--,--,--,--,*
034,國立東華大學,034072,無,資訊工程學系資工組,,21,一般,--,--,均標,--,--,--,--,--,5,3,--,--,--,--,--,英文8,數學A10,--,--,--,--,--,--,--,--,--,*
034,國立東華大學,034092,無,資訊工程學系資工組(資安組),,4,一般,--,--,均標,--,--,--,--,--,8,5,--,--,--,--,--,英文7,數學A8,--,--,--,--,--,--,--,--,--,*
034,國立東華大學,034102,無,資訊工程學系國際組,,7,一般,--,--,均標,--,--,--,--,--,7,8,--,--,--,--,--,數學A7,英文6,--,--,--,--,--,--,--,--,--,--
034,國立東華大學,034112,無,資訊工程學系國際組(資安組),,22,一般,--,--,均標,--,--,--,--,--,10,14,--,--,--,--,--,數A7,英文8,--,--,--,--,--,--,--,--,--,*
034,國立東華大學,034122,無,電機工程學系智慧系統組,,24,一般,--,--,均標,--,--,--,--,--,--,3,--,--,--,4,--,英數A自27,數學A9,--,--,--,--,--,--,--,--,--,*
034,國立東華大學,034132,無,電機工程學系半導體工程組,,12,一般,--,--,--,--,--,均標,--,--,--,--,--,--,4,5,--,英數A自30,自然12,--,--,--,--,--,--,--,--,--,*
034,國立東華大學,034142,無,材料科學與工程學系,,27,一般,--,--,--,--,--,均標,--,--,--,--,--,--,--,3,--,國英數A自41,--,--,--,--,--,--,--,--,--,--,*
034,國立東華大學,034152,無,光電工程學系,,23,一般,--,--,--,--,--,均標,--,--,--,--,--,--,3,4,--,國英數A自26,自然9,--,--,--,--,--,--,--,--,--,--
034,國立東華大學,034162,無,理工學院大數據科學國際學士班,,9,一般,--,--,均標,--,--,--,--,--,6,5,--,--,--,--,--,英文6,數學A7,--,--,--,--,--,--,--,--,--,--
034,國立東華大學,034172,無,企業管理學系,,23,一般,--,均標,--,--,--,--,--,--,6,--,3,--,--,--,--,英文8,數學B6,--,--,--,--,--,--,--,--,--,*
034,國立東華大學,034182,無,會計學系,,26,一般,--,均標,--,--,--,--,--,--,3,--,--,--,--,--,--,英文9,--,--,--,--,--,--,--,--,--,--,*
034,國立東華大學,034192,無,資訊管理學系人工智慧與大數據組,,13,一般,均標,--,--,--,--,--,--,--,--,--,--,--,--,3.5,--,國英數A17,--,--,--,--,--,--,--,--,--,--,--
034,國立東華大學,034202,無,資訊管理學系智慧商務與知識管理組,,13,一般,均標,--,--,--,--,--,--,--,--,--,--,--,--,3.5,--,國英數B28,--,--,--,--,--,--,--,--,--,--,*
034,國立東華大學,034212,無,資訊管理學系(資安組),,5,一般,均標,--,--,--,--,--,--,--,--,--,--,--,--,6,--,國英數A15,--,--,--,--,--,--,--,--,--,--,--
034,國立東華大學,034222,無,國際企業學系,,20,一般,--,均標,--,--,--,--,--,--,6,--,3,--,--,--,--,英文8,數B7,--,--,--,--,--,--,--,--,--,*
034,國立東華大學,034232,無,財務金融學系,,23,一般,--,均標,--,--,--,--,--,--,3,--,--,--,--,8,--,國英數B20,英文10,--,--,--,--,--,--,--,--,--,*
034,國立東華大學,034242,無,觀光暨休閒遊憩學系,,22,一般,均標,--,--,--,--,--,--,8,--,--,--,--,--,3,--,國文11,英社17,--,--,--,--,--,--,--,--,--,*
034,國立東華大學,034252,無,管理學院管理科學與財金國際學士學位學程,,7,一般,--,均標,--,--,--,--,--,--,8,--,--,--,--,7,--,英文8,國英數B25,--,--,--,--,--,--,--,--,--,--
034,國立東華大學,034262,無,管理學院會計與資訊管理國際學士班智慧會計與風險管理組,,5,一般,--,均標,--,--,--,--,--,--,--,--,--,--,--,6,--,國英數A18,--,--,--,--,--,--,--,--,--,--,--
034,國立東華大學,034272,無,管理學院會計與資訊管理國際學士班會計資訊與電腦稽核組,,5,一般,--,均標,--,--,--,--,--,--,--,--,--,--,--,6,--,國英數B22,--,--,--,--,--,--,--,--,--,--,--
034,國立東華大學,034282,無,管理學院數位行銷與服務創新國際學士班,,4,一般,--,均標,--,--,--,--,--,--,6,--,10,--,--,--,--,數學B4,英文8,--,--,--,--,--,--,--,--,--,--
034,國立東華大學,034292,無,華文文學系,,19,一般,均標,--,--,--,--,--,--,3,--,--,--,--,--,--,--,國文12,--,--,--,--,--,--,--,--,--,--,*
034,國立東華大學,034302,無,中國語文學系,,17,一般,均標,--,--,--,均標,--,--,3,--,--,--,3,--,--,--,(國文+社會)25,--,--,--,--,--,--,--,--,--,--,*
034,國立東華大學,034312,無,英美語文學系,,17,一般,--,均標,--,--,--,--,--,--,3,--,--,--,--,--,--,英文8,--,--,--,--,--,--,--,--,--,--,*
034,國立東華大學,034322,無,英美語文學系(公費生),,1,一般,均標,前標,--,--,--,--,--,--,5,--,--,--,--,--,--,英文13,--,--,--,--,--,--,--,--,--,--,--
034,國立東華大學,034332,無,臺灣文化學系,,19,一般,--,--,--,--,均標,--,--,--,--,--,--,3,--,--,--,社會12,--,--,--,--,--,--,--,--,--,--,*
034,國立東華大學,034342,無,歷史學系,,23,一般,--,--,--,--,均標,--,--,--,--,--,--,3,--,--,--,社會13,--,--,--,--,--,--,--,--,--,--,*
034,國立東華大學,034352,無,經濟學系,,24,一般,--,--,--,--,均標,--,--,--,6,--,3,--,--,--,--,英文3,數學B8,--,--,--,--,--,--,--,--,--,*
034,國立東華大學,034362,無,諮商與臨床心理學系,,28,一般,--,均標,--,均標,--,--,--,--,6,--,3,--,--,--,--,英文8,數B8,--,--,--,--,--,--,--,--,--,*
034,國立東華大學,034372,無,社會學系,,16,一般,--,--,--,--,均標,--,--,--,--,--,--,3,--,10,--,國社18,社會13,--,--,--,--,--,--,--,--,--,*
034,國立東華大學,034382,無,公共行政學系,,14,一般,--,--,--,--,均標,--,--,3.5,--,--,--,6,--,--,--,社會12,國文12,--,--,--,--,--,--,--,--,--,*
034,國立東華大學,034392,無,法律學系,,13,一般,均標,--,--,--,均標,--,--,5,--,--,--,--,--,3.5,--,國文13,國英社35,--,--,--,--,--,--,--,--,--,*
034,國立東華大學,034402,無,教育與潛能開發學系,,21,一般,均標,--,--,--,--,--,--,5,3,--,--,--,--,--,--,國文11,英文7,--,--,--,--,--,--,--,--,--,*
034,國立東華大學,034412,無,教育行政與管理學系,,18,一般,均標,--,--,--,均標,--,--,3,--,--,--,5,--,--,--,社會10,國文11,--,--,--,--,--,--,--,--,--,*
034,國立東華大學,034422,無,特殊教育學系,,16,一般,均標,--,--,--,--,--,--,6,--,--,--,3,--,--,--,國文11,社會11,--,--,--,--,--,--,--,--,--,*
034,國立東華大學,034432,無,幼兒教育學系,,18,一般,均標,--,--,--,--,--,--,6,--,--,--,3,--,--,--,國文11,社會10,--,--,--,--,--,--,--,--,--,*
034,國立東華大學,034442,無,族群關係與文化學系,,13,一般,--,--,--,--,均標,--,--,--,--,--,--,--,--,3.5,--,國英社24,--,--,--,--,--,--,--,--,--,--,--
034,國立東華大學,034452,無,民族語言與傳播學系,,11,一般,--,--,--,--,均標,--,--,4.5,--,--,--,9,--,--,--,社會10,國文6,--,--,--,--,--,--,--,--,--,--
034,國立東華大學,034462,無,民族發展與社會工作學系民族發展組,,5,一般,--,--,--,--,均標,--,--,9,--,--,--,10,--,--,--,社會10,國文9,--,--,--,--,--,--,--,--,--,--
034,國立東華大學,034472,無,民族發展與社會工作學系社會工作組,,5,一般,--,--,--,--,均標,--,--,9,--,--,--,10,--,--,--,社會10,國文9,--,--,--,--,--,--,--,--,--,*
034,國立東華大學,034482,無,原住民族樂舞與藝術學士學位學程,,5,一般,均標,--,--,--,--,--,--,--,--,--,--,10,--,--,--,社會11,--,--,--,--,--,--,--,--,--,--,--
034,國立東華大學,034492,無,自然資源與環境學系,,26,一般,--,--,--,--,--,均標,--,--,6,--,--,--,3,--,--,英文3,自然9,--,--,--,--,--,--,--,--,--,*
034,國立東華大學,034502,無,縱谷跨域書院學士學位學程,,15,一般,均標,--,--,--,--,--,--,3,6,--,--,--,--,--,--,英文2,國文11,--,--,--,--,--,--,--,--,--,*
034,國立東華大學,034082,無,資訊工程學系資工組(APCS組),,3,APCS,,,,,,,,,,,,,,,見原始圖片,數學A7,(APCS識讀+APCS實作)6,--,--,--,--,--,--,--,--,--,*
034,國立東華大學,034512,無,音樂學系甲組,鋼琴,1,音樂,,,,,,,,,,,,,,,見原始圖片,主修37.64,--,--,--,--,--,--,--,--,--,--,--
034,國立東華大學,034522,無,音樂學系乙組,,11,術科(美術/體育/音樂),,,,,,,,,,,,,,,見原始圖片,國文3,--,--,--,--,--,--,--,--,--,--,--
034,國立東華大學,034532,無,藝術與設計學系,,22,術科(美術/體育/音樂),,,,,,,,,,,,,,,見原始圖片,社會3,國文4,素描63,創意表現63,--,--,--,--,--,--,--,*
034,國立東華大學,034542,無,藝術創意產業學系,,24,術科(美術/體育/音樂),,,,,,,,,,,,,,,見原始圖片,國文10,--,--,--,--,--,--,--,--,--,--,*
034,國立東華大學,034552,無,體育與運動科學系,,15,術科(美術/體育/音樂),,,,,,,,,,,,,,,見原始圖片,體育百分等級26.33,國文9,--,英文2,--,--,--,--,--,--,--,--
035,臺北市立大學,035012,無,教育學系,,35,一般,均標,均標,--,底標,--,--,--,3,--,--,--,--,--,--,--,國文13,--,--,--,--,--,--,--,--,--,--,*
035,臺北市立大學,035022,無,特殊教育學系,,19,一般,均標,後標,--,後標,--,--,--,3,5,--,6,--,--,--,--,數學B4,英文5,國文12,--,--,--,--,--,--,--,--,*
035,臺北市立大學,035032,無,幼兒教育學系,,44,一般,均標,--,--,--,--,--,--,3,4,--,--,10,--,--,--,--,英文8,國文12,--,--,--,--,--,--,--,--,*
035,臺北市立大學,035042,無,心理與諮商學系,,17,一般,均標,均標,--,後標,--,--,--,3,--,--,--,--,--,--,--,國文14,--,--,--,--,--,--,--,--,--,--,*
035,臺北市立大學,035052,無,學習與媒材設計學系,,18,一般,均標,均標,--,底標,--,--,--,3,--,--,--,--,--,--,--,國文13,--,--,--,--,--,--,--,--,--,--,*
035,臺北市立大學,035062,無,中國語文學系,,2727,一般,均標,底標,--,--,均標,--,--,3,--,--,--,--,--,--,--,國文13,--,--,--,--,--,--,--,--,--,--,*
035,臺北市立大學,035072,無,英語教學系,,23,一般,均標,均標,--,--,--,--,B,10,3,--,--,--,--,--,--,國文11,英文12,--,--,--,--,--,--,--,--,--,*
035,臺北市立大學,035082,無,社會暨公共事務學系,,19,一般,均標,均標,--,--,均標,--,--,7,6,--,--,3,--,--,--,國文11,英文9,社會14,--,--,--,--,--,--,--,--,*
035,臺北市立大學,035092,無,歷史與地理學系,,14,一般,均標,均標,--,均標,均標,--,--,6,10,--,8,3.5,--,--,--,英文8,數學B6,國文11,社會10,--,--,--,--,--,--,--,--
035,臺北市立大學,035102,無,地球環境暨生物資源學系,,20,一般,--,--,--,--,--,均標,--,--,--,--,--,--,3,5,--,國英自27,自然11,--,--,--,--,--,--,--,--,--,*
035,臺北市立大學,035112,無,應用物理暨化學系電子物理組,,9,一般,--,均標,均標,--,--,均標,--,--,8,5.5,--,--,10,--,--,自然9,英文8,數學A9,--,--,--,--,--,--,--,--,*
035,臺北市立大學,035122,無,應用物理暨化學系應用化學組,,9,一般,--,均標,均標,--,--,均標,--,--,8,5.5,--,--,10,--,--,自然9,英文8,數學A8,--,--,--,--,--,--,--,--,*
035,臺北市立大學,035132,無,數學系,,18,一般,--,--,均標,--,--,--,--,--,--,3,--,--,--,--,--,數A10,--,--,--,--,--,--,--,--,--,--,*
035,臺北市立大學,035142,無,資訊科學系,,21,一般,--,均標,均標,--,--,--,--,--,--,3,--,--,--,5,--,國英數A31,數學A10,--,--,--,--,--,--,--,--,--,*
035,臺北市立大學,035162,無,資訊科學系(資安組),,3,一般,--,均標,均標,--,--,--,--,--,--,5,--,--,--,6,--,英數A15,數學A7,--,--,--,--,--,--,--,--,--,--
035,臺北市立大學,035172,無,城市發展學系,,14,一般,均標,--,--,--,--,--,--,--,5,--,--,3.5,--,--,--,英文7,社會12,--,--,--,--,--,--,--,--,--,*
035,臺北市立大學,035182,無,都會產業經營與行銷學系,,14,一般,均標,--,--,--,--,--,--,10,3.5,--,6,--,--,--,--,國文11,數學B6,英文9,--,--,--,--,--,--,--,--,*
035,臺北市立大學,035192,無,衛生福利學系,,13,一般,--,均標,均標,--,--,--,--,--,3.5,10,--,--,--,--,--,數A7,英文8,--,--,--,--,--,--,--,--,--,--
035,臺北市立大學,035152,無,資訊科學系(APCS組),,3,APCS,,,,,,,,,,,,,,,見原始圖片,英數A18,數學A9,(APCS識讀+APCS實作)6,--,--,--,--,--,--,--,--,*
035,臺北市立大學,035202,無,音樂學系,鋼琴,12,音樂,,,,,,,,,,,,,,,見原始圖片,主修37.64,--,--,--,--,--,--,--,--,--,--,--
035,臺北市立大學,035202,無,音樂學系,聲樂,6,音樂,,,,,,,,,,,,,,,見原始圖片,主修83.29,--,--,--,--,--,--,--,--,--,--,--
035,臺北市立大學,035202,無,音樂學系,小提琴,5,音樂,,,,,,,,,,,,,,,見原始圖片,主修75,--,--,--,--,--,--,--,--,--,--,--
035,臺北市立大學,035202,無,音樂學系,中提琴,3,音樂,,,,,,,,,,,,,,,見原始圖片,主修81.79,--,--,--,--,--,--,--,--,--,--,--
035,臺北市立大學,035202,無,音樂學系,大提琴,3,音樂,,,,,,,,,,,,,,,見原始圖片,主修80.93,--,--,--,--,--,--,--,--,--,--,--
035,臺北市立大學,035202,無,音樂學系,低音提琴,1,音樂,,,,,,,,,,,,,,,見原始圖片,主修81.21,--,--,--,--,--,--,--,--,--,--,--
035,臺北市立大學,035202,無,音樂學系,長號,2,音樂,,,,,,,,,,,,,,,見原始圖片,主修83.44,--,--,--,--,--,--,--,--,--,--,--
035,臺北市立大學,035202,無,音樂學系,小號,1,音樂,,,,,,,,,,,,,,,見原始圖片,主修85,--,--,--,--,--,--,--,--,--,--,--
035,臺北市立大學,035202,無,音樂學系,法國號,1,音樂,,,,,,,,,,,,,,,見原始圖片,主修84.11,--,--,--,--,--,--,--,--,--,--,--
035,臺北市立大學,035202,無,音樂學系,薩克斯管,1,音樂,,,,,,,,,,,,,,,見原始圖片,主修84.56,--,--,--,--,--,--,--,--,--,--,--
035,臺北市立大學,035202,無,音樂學系,長笛,2,音樂,,,,,,,,,,,,,,,見原始圖片,主修80.22,--,--,--,--,--,--,--,--,--,--,--
035,臺北市立大學,035202,無,音樂學系,單簧管(豎笛),2,音樂,,,,,,,,,,,,,,,見原始圖片,主修74.22,--,--,--,--,--,--,--,--,--,--,--
035,臺北市立大學,035202,無,音樂學系,雙簧管,1,音樂,,,,,,,,,,,,,,,見原始圖片,主修84.22,--,--,--,--,--,--,--,--,--,--,--
035,臺北市立大學,035202,無,音樂學系,低音管,1,音樂,,,,,,,,,,,,,,,見原始圖片,主修80.67,--,--,--,--,--,--,--,--,--,--,--
035,臺北市立大學,035202,無,音樂學系,擊樂,1,音樂,,,,,,,,,,,,,,,見原始圖片,主修86.6,--,--,--,--,--,--,--,--,--,--,--
035,臺北市立大學,035202,無,音樂學系,理論作曲,3,音樂,,,,,,,,,,,,,,,見原始圖片,主修75.12,--,--,--,--,--,--,--,--,--,--,--
035,臺北市立大學,035212,無,視覺藝術學系,,18,術科(美術/體育/音樂),,,,,,,,,,,,,,,見原始圖片,(國文+數學B)12,英文3,(素描+彩繪技法+創意表現)213,--,--,--,--,--,--,--,--,*
035,臺北市立大學,035222,無,體育學系,,12,術科(美術/體育/音樂),,,,,,,,,,,,,,,見原始圖片,國英6,體育百分等級66.39,--,--,--,--,--,--,--,--,--,--
035,臺北市立大學,035232,無,休閒運動管理學系,,28,術科(美術/體育/音樂),,,,,,,,,,,,,,,見原始圖片,國社22,--,--,--,--,--,--,--,--,--,--,*
035,臺北市立大學,035242,無,運動健康科學系,,25,術科(美術/體育/音樂),,,,,,,,,,,,,,,見原始圖片,國英自17,--,--,--,--,--,--,--,--,--,--,*
036,國立屏東大學,036012,無,教育學系,,39,一般,均標,--,--,--,--,--,--,5,3,--,4,--,--,--,--,國文11,數學B1,英文7,--,--,--,--,--,--,--,--,*
036,國立屏東大學,036022,無,幼兒教育學系,,48,一般,均標,--,--,--,--,--,--,3,4,--,--,4,--,--,--,(英文+社會)16,國文11,--,--,--,--,--,--,--,--,--,*
036,國立屏東大學,036032,無,特殊教育學系人社組,,28,一般,--,--,--,底標,--,--,--,6,--,--,5,--,--,3,--,國文10,數學B4,國英17,--,--,--,--,--,--,--,--,*
036,國立屏東大學,036042,無,特殊教育學系科技組,,1,一般,--,--,底標,--,--,--,--,30,--,--,--,--,--,--,--,國文7,--,--,--,--,--,--,--,--,--,--,--
036,國立屏東大學,036052,無,教育心理與輔導學系,,15,一般,均標,均標,--,後標,--,--,--,--,--,--,--,--,--,3,--,國英數B社41,--,--,--,--,--,--,--,--,--,--,*
036,國立屏東大學,036062,無,中國語文學系,,22,一般,均標,--,--,--,--,--,--,4,--,--,--,--,--,3,--,國文11,國英社28,--,--,--,--,--,--,--,--,--,*
036,國立屏東大學,036072,無,文化創意產業學系,,21,一般,均標,後標,--,--,均標,--,--,6,--,--,--,3,--,--,--,國文11,社會11,--,--,--,--,--,--,--,--,--,*
036,國立屏東大學,036082,無,社會發展學系,,20,一般,--,--,--,--,均標,--,--,--,--,--,--,--,--,3,--,國英社31,--,--,--,--,--,--,--,--,--,--,*
036,國立屏東大學,036092,無,英語學系,,15,一般,--,均標,--,--,--,--,--,--,3,--,--,--,--,--,--,英文8,--,--,--,--,--,--,--,--,--,--,--
036,國立屏東大學,036102,無,應用英語學系,,4,一般,--,均標,--,--,--,--,--,--,12.5,--,--,--,--,--,--,英文9,--,--,--,--,--,--,--,--,--,--,*
036,國立屏東大學,036112,無,應用日語學系,,7,一般,均標,--,--,--,--,--,--,7,--,--,--,--,--,--,--,國文12,--,--,--,--,--,--,--,--,--,--,*
036,國立屏東大學,036122,無,視覺藝術學系數位媒體設計組,,5,一般,均標,--,--,--,--,--,--,12,10,--,--,--,--,--,--,國文12,英文6,--,--,--,--,--,--,--,--,--,*
036,國立屏東大學,036132,無,商業大數據學系,,28,一般,--,底標,--,--,--,--,--,--,3,--,--,--,--,--,--,英文6,--,--,--,--,--,--,--,--,--,--,*
036,國立屏東大學,036142,無,行銷與流通管理學系,,15,一般,--,底標,--,--,--,--,--,--,--,--,--,--,--,3,--,國英數B26,--,--,--,--,--,--,--,--,--,--,*
036,國立屏東大學,036152,無,企業管理學系,,12,一般,--,底標,--,--,--,--,--,--,4,--,--,--,--,--,--,英文10,--,--,--,--,--,--,--,--,--,--,*
036,國立屏東大學,036162,無,財務金融學系,,17,一般,--,--,--,--,底標,--,--,--,--,--,--,--,--,3,--,國英數B社42,--,--,--,--,--,--,--,--,--,--,*
036,國立屏東大學,036172,無,休閒事業經營學系,,8,一般,--,後標,--,--,--,--,--,--,--,--,--,--,--,6,--,英數B5,--,--,--,--,--,--,--,--,--,--,--
036,國立屏東大學,036182,無,不動產經營學系,,11,一般,後標,--,--,--,後標,--,--,4.5,--,--,--,4.5,--,--,--,(國文+社會)25,--,--,--,--,--,--,--,--,--,--,*
036,國立屏東大學,036192,無,國際經營與貿易學系,,6,一般,--,底標,--,--,--,--,--,--,--,--,--,--,--,8,--,國英數B社31,--,--,--,--,--,--,--,--,--,--,*
036,國立屏東大學,036202,無,會計學系,,33,一般,--,後標,--,--,--,--,--,--,6,--,3,--,--,--,--,英文5,數學B6,--,--,--,--,--,--,--,--,--,*
036,國立屏東大學,036212,無,應用化學系,,28,一般,--,--,後標,--,--,均標,--,--,--,3,--,--,5,--,--,自然9,數A7,--,--,--,--,--,--,--,--,--,*
036,國立屏東大學,036222,無,應用數學系,,25,一般,--,--,均標,--,--,底標,--,--,--,3,--,--,--,--,--,數學A8,--,--,--,--,--,--,--,--,--,--,*
036,國立屏東大學,036232,無,應用物理系半導體組,,17,一般,--,--,底標,--,--,底標,--,--,--,3,--,--,5,--,--,自然10,數學A9,--,--,--,--,--,--,--,--,--,--
036,國立屏東大學,036242,無,應用物理系光電暨材料組,,17,一般,--,--,底標,--,--,後標,--,--,--,3,--,--,5,--,--,自然9,數學A9,--,--,--,--,--,--,--,--,--,*
036,國立屏東大學,036252,無,科學傳播學系,,19,一般,--,底標,--,--,--,底標,--,--,--,--,--,--,--,3,--,英自14,--,--,--,--,--,--,--,--,--,--,*
036,國立屏東大學,036262,無,電腦科學與人工智慧學系,,23,一般,--,--,後標,--,--,--,--,--,--,3,--,--,--,--,--,數學A9,--,--,--,--,--,--,--,--,--,--,*
036,國立屏東大學,036272,無,智慧機器人學系,,14,一般,--,--,後標,--,--,--,--,--,--,--,--,--,3.5,--,--,自然10,--,--,--,--,--,--,--,--,--,--,*
036,國立屏東大學,036282,無,資訊工程學系,,10,一般,後標,後標,後標,--,--,--,--,5,15,15,--,--,--,25,--,國英數A19,(英文+數學A)12,國文12,--,--,--,--,--,--,--,--,*
036,國立屏東大學,036292,無,電腦與通訊學系,,4,一般,後標,後標,後標,--,--,--,--,10,15,15,--,--,--,25,--,國英數A19,(英文+數學A)14,國文11,--,--,--,--,--,--,--,--,*
036,國立屏東大學,036302,無,資訊管理學系,,8,一般,均標,後標,--,後標,--,--,--,16,12,--,6,--,--,--,--,國文11,英文5,數學B7,--,--,--,--,--,--,--,--,*
036,國立屏東大學,036312,無,音樂學系A組,鋼琴,2,音樂,,,,,,,,,,,,,,,見原始圖片,主修72,--,--,--,--,--,--,--,--,--,--,--
036,國立屏東大學,036312,無,音樂學系A組,小提琴,3,音樂,,,,,,,,,,,,,,,見原始圖片,主修78.86,--,--,--,--,--,--,--,--,--,--,--
036,國立屏東大學,036312,無,音樂學系A組,中提琴,1,音樂,,,,,,,,,,,,,,,見原始圖片,主修80.5,--,--,--,--,--,--,--,--,--,--,--
036,國立屏東大學,036312,無,音樂學系A組,大提琴,1,音樂,,,,,,,,,,,,,,,見原始圖片,主修72.14,--,--,--,--,--,--,--,--,--,--,--
036,國立屏東大學,036312,無,音樂學系A組,長號,1,音樂,,,,,,,,,,,,,,,見原始圖片,主修83.44,--,--,--,--,--,--,--,--,--,--,--
036,國立屏東大學,036312,無,音樂學系A組,薩克斯管,1,音樂,,,,,,,,,,,,,,,見原始圖片,主修77.89,--,--,--,--,--,--,--,--,--,--,--
036,國立屏東大學,036312,無,音樂學系A組,長笛,1,音樂,,,,,,,,,,,,,,,見原始圖片,主修75.44,--,--,--,--,--,--,--,--,--,--,--
036,國立屏東大學,036312,無,音樂學系A組,單簧管(豎笛),1,音樂,,,,,,,,,,,,,,,見原始圖片,主修79.67,--,--,--,--,--,--,--,--,--,--,--
036,國立屏東大學,036312,無,音樂學系A組,理論作曲,1,音樂,,,,,,,,,,,,,,,見原始圖片,主修66.6,--,--,--,--,--,--,--,--,--,--,--
036,國立屏東大學,036322,無,音樂學系B組,,5,術科(美術/體育/音樂),,,,,,,,,,,,,,,見原始圖片,(國文+英文)5,--,--,--,--,--,--,--,--,--,--,--
036,國立屏東大學,036332,無,視覺藝術學系美術組,,9,術科(美術/體育/音樂),,,,,,,,,,,,,,,見原始圖片,國文7,英文2,(素描+彩繪技法)126,--,--,--,--,--,--,--,--,--
036,國立屏東大學,036342,無,體育學系,,18,術科(美術/體育/音樂),,,,,,,,,,,,,,,見原始圖片,國英數B自19,--,--,--,--,--,--,--,--,--,--,*
038,國立臺東大學,038012,無,全校不分系學士學位學程,,12,一般,底標,--,--,--,--,--,--,15,4,--,--,--,--,--,--,國文10,英文7,--,--,--,--,--,--,--,--,--,*
038,國立臺東大學,038022,無,教育學系,,30,一般,後標,--,--,--,--,--,--,3,--,--,--,--,--,--,--,國文10,--,--,--,--,--,--,--,--,--,--,*
038,國立臺東大學,038032,無,教育學系(公費生),,1,一般,均標,均標,--,--,--,--,--,30,15,--,--,--,--,--,--,國文11,英文10,--,--,--,--,--,--,--,--,--,*
038,國立臺東大學,038042,無,幼兒教育學系,,29,一般,後標,--,--,--,--,--,--,4,5,--,3,--,--,--,--,英文5,國文10,數學B5,--,--,--,--,--,--,--,--,*
038,國立臺東大學,038052,無,特殊教育學系,,29,一般,底標,--,--,--,--,--,--,3,--,--,--,--,--,--,--,國文10,--,--,--,--,--,--,--,--,--,--,*
038,國立臺東大學,038062,無,文化資源與休閒產業學系,,28,一般,底標,--,--,--,--,--,--,3,--,--,--,--,--,--,--,國文10,--,--,--,--,--,--,--,--,--,--,*
038,國立臺東大學,038072,無,數位媒體與文教產業學系,,26,一般,後標,--,--,--,--,--,--,3,--,--,--,--,--,--,--,國文11,--,--,--,--,--,--,--,--,--,--,*
038,國立臺東大學,038082,無,公共與文化事務學系,,26,一般,後標,--,--,--,後標,--,--,4,--,--,--,3,--,--,--,國文9,社會8,--,--,--,--,--,--,--,--,--,*
038,國立臺東大學,038092,無,身心整合與運動休閒產業學系,,18,一般,底標,--,--,--,--,--,--,3,--,--,--,--,--,--,--,國文8,--,--,--,--,--,--,--,--,--,--,*
038,國立臺東大學,038102,無,英美語文學系,,24,一般,--,後標,--,--,--,--,--,6,3,--,--,--,--,--,--,國文3,英文8,--,--,--,--,--,--,--,--,--,*
038,國立臺東大學,038112,無,英美語文學系(公費生),,1,一般,--,後標,--,--,--,--,--,15,10,--,--,--,--,--,--,國文11,英文9,--,--,--,--,--,--,--,--,--,*
038,國立臺東大學,038122,無,華語文學系,,22,一般,後標,--,--,--,--,--,--,3,--,--,--,--,--,--,--,國文11,--,--,--,--,--,--,--,--,--,--,*
038,國立臺東大學,038132,無,生命科學系,,26,一般,--,--,--,--,--,後標,--,--,--,--,--,--,3,--,--,自然9,--,--,--,--,--,--,--,--,--,--,*
038,國立臺東大學,038142,無,資訊工程學系,,44,一般,--,--,底標,--,--,--,--,--,5,4,--,--,--,3,--,英文4,數A5,英數A14,--,--,--,--,--,--,--,--,*
038,國立臺東大學,038152,無,資訊管理學系,,22,一般,--,底標,--,--,--,--,--,--,--,--,--,--,--,3,--,國英數B21,--,--,--,--,--,--,--,--,--,--,*
038,國立臺東大學,038162,無,應用數學系,,25,一般,--,--,底標,--,--,--,--,--,--,3,--,--,--,--,--,數學A6,--,--,--,--,--,--,--,--,--,--,*
038,國立臺東大學,038172,無,應用科學系化學及奈米科學組,,25,一般,--,--,--,--,--,底標,--,--,--,--,--,--,3,--,--,自然9,--,--,--,--,--,--,--,--,--,--,*
038,國立臺東大學,038182,無,應用科學系應用物理組,,23,一般,--,--,--,--,--,底標,--,--,--,--,--,--,3,--,--,自然9,--,--,--,--,--,--,--,--,--,--,*
038,國立臺東大學,038192,無,綠能與資訊科技學系,,19,一般,--,--,--,--,--,底標,--,--,--,--,--,--,3,--,--,自然5,--,--,--,--,--,--,--,--,--,--,*
038,國立臺東大學,038202,無,音樂學系,,19,術科(美術/體育/音樂),,,,,,,,,,,,,,,見原始圖片,國文3,--,--,--,--,--,--,--,--,--,--,--
038,國立臺東大學,038212,無,美術產業學系,,34,術科(美術/體育/音樂),,,,,,,,,,,,,,,見原始圖片,國文8,(素描+創意表現)81,--,--,--,--,--,--,--,--,--,--
038,國立臺東大學,038222,無,體育學系,,24,術科(美術/體育/音樂),,,,,,,,,,,,,,,見原始圖片,國英10,--,--,--,--,--,--,--,--,--,--,--
038,國立臺東大學,038232,無,競技與運動科學學系,,7,術科(美術/體育/音樂),,,,,,,,,,,,,,,見原始圖片,國文8,--,--,--,--,--,--,--,--,--,--,--
039,國立體育大學,039012,無,適應體育學系(青年儲蓄帳戶組),,1,一般,--,底標,--,--,--,--,--,--,--,--,--,--,--,--,--,--,--,--,--,--,--,--,--,--,--,--,--
039,國立體育大學,039022,無,休閒產業經營學系,,15,一般,--,--,底標,底標,--,--,--,--,--,--,--,--,--,3,--,國英19,--,--,--,--,--,--,--,--,--,--,*
039,國立體育大學,039032,無,運動保健學系(一般組),,20,一般,--,後標,後標,後標,--,--,--,--,--,--,--,--,--,3,--,國英自29,--,--,--,--,--,--,--,--,--,--,*
039,國立體育大學,039042,無,運動保健學系(體育術科組),,6,術科(美術/體育/音樂),,,,,,,,,,,,,,,見原始圖片,國英自27,--,--,--,--,--,--,--,--,--,--,*
039,國立體育大學,039052,無,體育推廣學系(一般組),,14,術科(美術/體育/音樂),,,,,,,,,,,,,,,見原始圖片,國英數B社35,--,--,--,--,--,--,--,--,--,--,*
039,國立體育大學,039062,無,體育推廣學系(拔河組),,5,術科(美術/體育/音樂),,,,,,,,,,,,,,,見原始圖片,國英社10,--,--,--,--,--,--,--,--,--,--,--
039,國立體育大學,039072,女,體育推廣學系(女子啦啦舞組),,5,術科(美術/體育/音樂),,,,,,,,,,,,,,,見原始圖片,國英社11,--,--,--,--,--,--,--,--,--,--,--
039,國立體育大學,039082,無,適應體育學系(一般組),,20,術科(美術/體育/音樂),,,,,,,,,,,,,,,見原始圖片,國英14,國文9,英文5,--,--,--,--,--,--,--,--,*
039,國立體育大學,039092,無,適應體育學系(圍棋組),,4,術科(美術/體育/音樂),,,,,,,,,,,,,,,見原始圖片,國英8,--,--,--,--,--,--,--,--,--,--,--
040,元智大學,040012,無,護理學系,,28,一般,--,底標,--,--,--,底標,--,--,--,--,--,--,--,3,--,國英自25,--,--,--,--,--,--,--,--,--,--,*
040,元智大學,040022,無,管理學院學士班(主修：數位行銷與人力資源),,54,一般,--,--,--,底標,--,--,--,3,--,--,--,5,--,--,--,社會9,國文10,--,--,--,--,--,--,--,--,--,*
040,元智大學,040032,無,管理學院學士班(主修：財務金融),,60,一般,--,--,--,後標,--,--,--,--,3,--,3,--,--,--,--,(英文+數學B)13,--,--,--,--,--,--,--,--,--,--,*
040,元智大學,040042,無,管理學院學士班(主修：國際企業管理),,54,一般,--,後標,--,--,--,--,--,5,3,--,5,--,--,--,--,(國文+數學B)6,英文5,--,--,--,--,--,--,--,--,--,*
040,元智大學,040052,無,管理學院學士班(主修：會計),,40,一般,--,--,--,--,後標,--,--,3,5,--,8,--,--,--,--,數B1,英文2,國文10,--,--,--,--,--,--,--,--,*
040,元智大學,040062,無,管理學院學士班(英語專班),,34,一般,--,後標,--,--,--,--,--,--,3,--,--,--,--,5,--,國英10,英文6,--,--,--,--,--,--,--,--,--,*
040,元智大學,040072,無,應用外語學系,,26,一般,--,後標,--,--,--,--,--,--,6,--,--,--,--,3,--,英文5,國英19,--,--,--,--,--,--,--,--,--,*
040,元智大學,040082,無,中國語文學系,,25,一般,後標,--,--,--,--,--,--,3,--,--,--,--,--,--,--,國文11,--,--,--,--,--,--,--,--,--,--,*
040,元智大學,040092,無,社會暨政策科學學系,,32,一般,--,--,--,--,後標,--,--,5,--,--,3,--,--,8,--,國數B社13,國文8,數學B5,--,--,--,--,--,--,--,--,--
040,元智大學,040102,無,人文社會學院英語學士班,,13,一般,--,後標,--,--,--,--,--,3,8,--,--,--,--,5,--,英文5,國英11,國文4,--,--,--,--,--,--,--,--,--
040,元智大學,040112,無,資訊管理學系,,64,一般,--,後標,--,--,--,--,--,3,3,--,3,--,--,--,--,(國文+英文+數學B)27,--,--,--,--,--,--,--,--,--,--,*
040,元智大學,040122,無,資訊傳播學系科技組,,25,一般,後標,--,--,--,--,--,--,3,6,--,6,--,--,--,--,(英文+數學B)3,國文9,--,--,--,--,--,--,--,--,--,*
040,元智大學,040132,無,資訊傳播學系設計組（創作組）,,28,一般,後標,--,--,--,--,--,--,3,6,--,8,--,--,--,--,--,英文2,國文10,--,--,--,--,--,--,--,--,*
040,元智大學,040142,無,資訊工程學系,,82,一般,--,後標,--,--,--,--,--,--,--,6,--,--,--,3,--,數A8,國英數A29,--,--,--,--,--,--,--,--,--,*
040,元智大學,040162,無,資訊學院英語學士班,,16,一般,--,後標,--,--,--,--,--,3,3,3,--,--,--,--,--,(國文+英文+數學A)25,--,--,--,--,--,--,--,--,--,--,*
040,元智大學,040172,無,機械工程學系,,47,一般,--,--,後標,--,--,--,--,--,--,--,--,--,--,3,--,國數A自29,--,--,--,--,--,--,--,--,--,--,*
040,元智大學,040182,無,化學工程與材料科學學系,,64,一般,--,--,--,--,--,後標,--,--,--,--,--,--,--,3,--,國自22,--,--,--,--,--,--,--,--,--,--,*
040,元智大學,040192,無,工業工程與管理學系,,72,一般,--,--,後標,後標,--,--,--,3,3,--,--,--,--,--,--,(國文+英文)17,--,--,--,--,--,--,--,--,--,--,*
040,元智大學,040202,無,工程學院英語學士班,,16,一般,--,後標,--,--,--,--,--,--,--,--,--,--,--,3,--,英自16,--,--,--,--,--,--,--,--,--,--,*
040,元智大學,040212,無,電機工程學系(甲組),,7,一般,--,後標,--,--,--,--,--,--,--,--,--,--,--,3,--,英數A自30,--,--,--,--,--,--,--,--,--,--,*
040,元智大學,040232,無,電機工程學系(乙組),,70,一般,--,後標,後標,--,--,--,--,--,--,--,--,--,--,3,--,國自21,--,--,--,--,--,--,--,--,--,--,*
040,元智大學,040242,無,電機工程學系(丙組),,40,一般,--,--,後標,--,--,--,--,--,--,--,--,--,--,3,--,國英數A28,--,--,--,--,--,--,--,--,--,--,*
040,元智大學,040252,無,電機通訊學院英語學士班,,12,一般,--,--,後標,--,--,--,--,--,--,--,--,--,--,3,--,英自18,--,--,--,--,--,--,--,--,--,--,*
040,元智大學,040152,無,資訊工程學系(APCS組),,5,APCS,,,,,,,,,,,,,,,見原始圖片,APCS識讀2,APCS實作2,英文6,--,--,--,--,--,--,--,--,*
040,元智大學,040222,無,電機工程學系(甲組)(APCS組),,2,APCS,,,,,,,,,,,,,,,見原始圖片,(APCS識讀+APCS實作)4,數學A4,--,--,--,--,--,--,--,--,--,--
040,元智大學,040262,無,藝術與設計學系,,27,術科(美術/體育/音樂),,,,,,,,,,,,,,,見原始圖片,(國文+英文+數學B)9,(素描+創意表現)84,--,--,--,--,--,--,--,--,--,*
040,元智大學,040272,無,資訊傳播學系設計組（美術組）,,7,術科(美術/體育/音樂),,,,,,,,,,,,,,,見原始圖片,數學B1,英文3,國文9,(素描+創意表現)66,--,--,--,--,--,--,--,--
041,國立中正大學,041012,無,中國文學系,,18,一般,均標,均標,--,--,--,--,--,3,8,--,--,8,--,--,--,(英文+社會)8,國文14,--,--,--,--,--,--,--,--,--,*
041,國立中正大學,041022,無,外國語文學系,,14,一般,均標,前標,--,--,--,--,--,--,3.5,--,--,--,--,--,--,英文14,--,--,--,--,--,--,--,--,--,--,*
041,國立中正大學,041032,無,歷史學系,,22,一般,均標,均標,--,--,--,--,--,8,10,--,--,3,--,--,--,英文8,國文11,社會14,--,--,--,--,--,--,--,--,*
041,國立中正大學,041042,無,哲學系,,23,一般,均標,均標,--,後標,--,--,--,--,3,--,5,--,--,--,--,數學B5,英文10,--,--,--,--,--,--,--,--,--,*
041,國立中正大學,041052,無,數學系,,19,一般,--,後標,--,--,--,--,--,--,10,3,--,--,8,--,--,英文8,自然10,數A11,--,--,--,--,--,--,--,--,*
041,國立中正大學,041062,無,地球與環境科學系,,24,一般,--,均標,均標,--,--,均標,--,--,15,8,--,--,3,--,--,英文8,數學A7,自然12,--,--,--,--,--,--,--,--,*
041,國立中正大學,041072,無,物理學系,,30,一般,--,均標,均標,--,--,均標,--,--,10,3,--,--,6,--,--,英文9,自然11,數A11,--,--,--,--,--,--,--,--,*
041,國立中正大學,041082,無,化學暨生物化學系,,16,一般,均標,均標,均標,--,--,均標,--,--,5,3,--,--,5,--,--,(英文+自然)22,數A11,--,--,--,--,--,--,--,--,--,*
041,國立中正大學,041092,無,生物醫學科學系,,15,一般,均標,均標,均標,--,--,均標,--,--,8,--,--,--,6,3,--,英文10,自然11,國英數A自45,--,--,--,--,--,--,--,--,*
041,國立中正大學,041102,無,社會福利學系,,20,一般,--,--,--,--,均標,--,--,--,--,--,3,10,--,6,--,社會12,國英20,數學B8,--,--,--,--,--,--,--,--,*
041,國立中正大學,041112,無,心理學系,,20,一般,均標,均標,均標,--,--,均標,--,--,3,3,--,--,8,--,--,自然9,(英文+數學A)22,--,--,--,--,--,--,--,--,--,*
041,國立中正大學,041122,無,勞工關係學系,,21,一般,均標,均標,--,均標,--,--,--,3,3,--,4.5,--,--,--,--,數學B6,(國文+英文)19,--,--,--,--,--,--,--,--,--,--
041,國立中正大學,041132,無,政治學系,,23,一般,--,均標,--,--,--,--,--,--,3,--,8,5,--,--,--,數學B7,社會13,英文11,--,--,--,--,--,--,--,--,*
041,國立中正大學,041142,無,傳播學系,,23,一般,均標,均標,--,--,均標,--,--,3,6,--,--,8,--,--,--,社會12,英文10,國文13,--,--,--,--,--,--,--,--,*
041,國立中正大學,041152,無,資訊工程學系,,54,一般,--,均標,均標,--,--,均標,--,--,--,--,--,--,--,3,--,英數A自37,--,--,--,--,--,--,--,--,--,--,*
041,國立中正大學,041162,無,電機工程學系,,47,一般,--,--,均標,--,--,均標,--,--,--,10,--,--,--,3,--,數學A8,國英數A自51,--,--,--,--,--,--,--,--,--,*
041,國立中正大學,041172,無,機械工程學系機械工程組,,25,一般,--,均標,均標,--,--,均標,--,--,--,--,--,--,--,3,--,國英數A自48,--,--,--,--,--,--,--,--,--,--,*
041,國立中正大學,041182,無,機械工程學系光機電整合工程組,,15,一般,--,均標,均標,--,--,均標,--,--,--,--,--,--,--,3,--,國英數A自48,--,--,--,--,--,--,--,--,--,--,*
041,國立中正大學,041192,無,化學工程學系,,12,一般,--,--,均標,--,--,均標,--,--,--,12,--,--,6,4,--,數A12,自然13,數A自26,--,--,--,--,--,--,--,--,*
041,國立中正大學,041202,無,通訊工程學系,,27,一般,--,--,均標,--,--,均標,--,--,--,--,--,--,--,3,--,國英數A自49,--,--,--,--,--,--,--,--,--,--,*
041,國立中正大學,041212,無,經濟學系,,36,一般,均標,均標,--,前標,--,--,--,5,4,--,3,--,--,--,--,國文12,英文10,數學B11,--,--,--,--,--,--,--,--,*
041,國立中正大學,041222,無,財務金融學系,,29,一般,--,前標,--,均標,--,--,--,--,3,--,4,--,--,8,--,國英數B34,數B12,英文11,--,--,--,--,--,--,--,--,*
041,國立中正大學,041232,無,企業管理學系,,42,一般,均標,前標,--,均標,--,--,--,12,3,--,5,--,--,--,--,國文11,數學B8,英文12,--,--,--,--,--,--,--,--,*
041,國立中正大學,041242,無,會計與資訊科技學系,,23,一般,均標,前標,--,均標,--,--,--,12,3,--,4,--,--,--,--,國文11,數學B10,英文11,--,--,--,--,--,--,--,--,*
041,國立中正大學,041252,無,資訊管理學系,,12,一般,均標,前標,均標,--,--,--,--,--,4,10,--,--,--,--,--,數A8,英文13,--,--,--,--,--,--,--,--,--,*
041,國立中正大學,041272,無,法律學系法學組,,15,一般,前標,前標,--,均標,前標,--,--,8,8,--,10,10,--,3,--,(數學B+社會)18,(國文+英文)24,國英數B社51,--,--,--,--,--,--,--,--,*
041,國立中正大學,041282,無,法律學系法制組,,13,一般,前標,前標,--,均標,前標,--,--,8,8,--,10,10,--,3.5,--,(數學B+社會)20,(國文+英文)24,國英數B社49,--,--,--,--,--,--,--,--,*
041,國立中正大學,041292,無,財經法律學系,,18,一般,前標,前標,--,均標,前標,--,--,4,4,--,8,8,--,3,--,(數學B+社會)18,(國文+英文)23,國英數B社48,--,--,--,--,--,--,--,--,--
041,國立中正大學,041302,無,成人及繼續教育學系,,14,一般,均標,均標,--,--,均標,--,--,6,3.5,--,--,10,--,--,--,社會10,國文12,英文11,--,--,--,--,--,--,--,--,*
041,國立中正大學,041312,無,犯罪防治學系,,13,一般,前標,前標,--,均標,均標,--,--,3.5,3.5,--,10,8,--,--,--,數學B6,社會10,(國文+英文)25,--,--,--,--,--,--,--,--,*
041,國立中正大學,041322,無,紫荊不分系學士學位學程,,26,一般,均標,均標,--,--,--,--,--,3,8,--,--,--,--,--,--,英文9,國文13,--,--,--,--,--,--,--,--,--,*
041,國立中正大學,041332,無,嘉星招生甲組(工),,13,一般,--,--,均標,--,--,均標,--,--,--,--,--,--,--,3.5,--,國英數A自40,--,--,--,--,--,--,--,--,--,--,*
041,國立中正大學,041342,無,嘉星招生乙組(管),,13,一般,後標,均標,--,均標,--,--,--,7,6,--,3.5,--,--,--,--,國文9,英文8,數學B6,--,--,--,--,--,--,--,--,--
041,國立中正大學,041352,無,嘉星招生丙組(法),,5,一般,均標,均標,--,後標,--,--,--,12,12,--,15,--,--,10,--,數學B4,(國文+英文)19,國英數B社35,--,--,--,--,--,--,--,--,--
041,國立中正大學,041362,無,嘉星招生丁組(文),,10,一般,均標,均標,--,--,--,--,--,5,5,--,--,8,--,--,--,社會8,(國文+英文)19,--,--,--,--,--,--,--,--,--,--
041,國立中正大學,041372,無,嘉星招生戊組(理),,7,一般,--,均標,--,--,--,均標,--,--,7,--,--,--,7,--,--,(英文+自然)18,--,--,--,--,--,--,--,--,--,--,--
041,國立中正大學,041382,無,嘉星招生己組(社),,5,一般,底標,均標,--,均標,--,--,--,6,5,--,8,--,--,--,--,數學B6,國文10,英文8,--,--,--,--,--,--,--,--,--
041,國立中正大學,041392,無,嘉星招生庚組(教),,3,一般,均標,均標,--,--,--,--,--,12,12,--,--,15,--,10,--,社會9,(國文+英文)19,國英數B社34,--,--,--,--,--,--,--,--,--
041,國立中正大學,041402,無,嘉星招生辛組(心),,1,一般,--,後標,均標,--,--,均標,--,--,10,5,--,--,5,--,--,英文7,(數學A+自然)22,--,--,--,--,--,--,--,--,--,--
041,國立中正大學,041262,無,資訊管理學系(APCS組),,3,APCS,,,,,,,,,,,,,,,見原始圖片,數學A10,英文11,(APCS識讀+APCS實作)6,--,--,--,--,--,--,--,--,--
042,大葉大學,042012,無,機械與自動化工程學系(車輛科技與綠色能源組),,9,一般,--,--,底標,--,--,--,--,5.5,--,5.5,--,--,--,--,--,(國文+數學A)7,--,--,--,--,--,--,--,--,--,--,--
042,大葉大學,042022,無,機械與自動化工程學系(智慧機械與系統設計組),,9,一般,底標,--,--,--,--,--,--,55,--,5.5,--,--,--,--,--,(國文+數學A)8,--,--,--,--,--,--,--,--,--,--,--
042,大葉大學,042032,無,機械與自動化工程學系(機電整合與自動化組),,8,一般,--,--,底標,--,--,--,--,--,6,6,--,--,--,--,--,(英文+數學A)6,--,--,--,--,--,--,--,--,--,--,--
042,大葉大學,042042,無,電機工程學系(半導體組),,12,一般,--,--,--,--,--,底標,--,--,4,--,--,--,4,--,--,(英文+自然)9,--,--,--,--,--,--,--,--,--,--,*
042,大葉大學,042052,無,電機工程學系(智慧系統組),,10,一般,--,底標,--,--,--,--,--,--,5,--,--,--,5,--,--,(英文+自然)3,--,--,--,--,--,--,--,--,--,--,--
042,大葉大學,042062,無,資訊工程學系(資訊工程組),,11,一般,底標,--,--,--,--,--,--,8,--,4.5,--,--,--,--,--,國文8,數學A2,--,--,--,--,--,--,--,--,--,--
042,大葉大學,042072,無,資訊工程學系(資訊應用組),,10,一般,底標,--,--,--,--,--,--,8,5,--,--,--,--,--,--,國文8,英文3,--,--,--,--,--,--,--,--,--,--
042,大葉大學,042082,無,環境工程學系,,15,一般,底標,--,--,--,--,--,--,3,3,--,--,--,--,--,--,(國文+英文)10,--,--,--,--,--,--,--,--,--,--,--
042,大葉大學,042092,無,消防安全學士學位學程,,17,一般,底標,--,--,--,--,--,--,3,3,--,--,--,--,--,--,(國文+英文)11,--,--,--,--,--,--,--,--,--,--,--
042,大葉大學,042102,無,企業管理學系(經營管理組),,8,一般,--,--,--,--,底標,--,--,6,--,--,--,6,--,--,--,(國文+社會)12,--,--,--,--,--,--,--,--,--,--,--
042,大葉大學,042112,無,企業管理學系(數位行銷組),,7,一般,底標,--,--,--,--,--,--,20,--,--,--,7,--,--,--,國文8,--,--,--,--,--,--,--,--,--,--,--
042,大葉大學,042122,無,會計與資訊管理學系(人工智慧商業應用組),,7,一般,底標,--,--,--,--,--,--,7,7,--,--,--,--,--,--,(國文+英文)10,--,--,--,--,--,--,--,--,--,--,--
042,大葉大學,042132,無,會計與資訊管理學系(人工智慧科技管理組),,10,一般,--,底標,--,--,--,--,--,5,5,--,--,--,--,--,--,(國文+英文)7,--,--,--,--,--,--,--,--,--,--,--
042,大葉大學,042142,無,會計與資訊管理學系(會計管理組),,7,一般,底標,--,--,--,底標,--,--,7,--,--,--,7,--,--,--,(國文+社會)16,--,--,--,--,--,--,--,--,--,--,--
042,大葉大學,042152,無,會計與資訊管理學系(投資理財組),,7,一般,--,--,--,--,底標,--,--,7,--,--,--,7,--,--,--,(國文+社會)12,--,--,--,--,--,--,--,--,--,--,--
042,大葉大學,042162,無,財務金融學系(銀行專業組),,7,一般,底標,--,--,--,--,--,--,--,--,--,--,7,--,--,--,社會3,--,--,--,--,--,--,--,--,--,--,--
042,大葉大學,042172,無,財務金融學系(智慧投資組),,9,一般,--,--,--,--,底標,--,--,20,--,--,--,5.5,--,--,--,國文4,社會6,--,--,--,--,--,--,--,--,--,--
042,大葉大學,042182,無,財務金融學系(公司財務組),,7,一般,--,--,--,--,底標,--,--,--,--,--,--,7,--,--,--,社會6,--,--,--,--,--,--,--,--,--,--,*
042,大葉大學,042192,無,英語學系,,7,一般,--,底標,--,--,--,--,--,7,7,--,--,--,--,--,--,(國文+英文)6,--,--,--,--,--,--,--,--,--,--,--
042,大葉大學,042202,無,應用日語學系(語文翻譯組),,7,一般,底標,--,--,--,--,--,--,--,--,--,--,7,--,--,--,社會5,--,--,--,--,--,--,--,--,--,--,--
042,大葉大學,042212,無,應用日語學系(企業應用組),,10,一般,--,--,--,--,底標,--,--,--,--,--,--,5,--,--,--,社會6,--,--,--,--,--,--,--,--,--,--,--
042,大葉大學,042222,無,應用日語學系(商務觀光組),,7,一般,--,--,--,--,底標,--,--,--,--,--,--,--,--,7,--,國社12,--,--,--,--,--,--,--,--,--,--,*
042,大葉大學,042232,無,生物醫學系(生物醫藥組),,14,一般,--,底標,--,--,--,--,--,--,3.5,--,--,--,--,--,--,英文3,--,--,--,--,--,--,--,--,--,--,--
042,大葉大學,042242,無,生物醫學系(檢驗醫學組),,13,一般,底標,--,--,--,--,--,--,3.5,--,--,--,--,--,--,--,國文8,--,--,--,--,--,--,--,--,--,--,--
042,大葉大學,042252,無,藥用植物與食品保健學系(中藥保健組),,15,一般,--,底標,--,--,--,--,--,--,3,--,--,--,--,--,--,英文4,--,--,--,--,--,--,--,--,--,--,*
042,大葉大學,042262,無,藥用植物與食品保健學系(食品科學組),,14,一般,底標,--,--,--,--,--,--,3.5,--,--,--,--,--,--,--,國文8,--,--,--,--,--,--,--,--,--,--,--
042,大葉大學,042272,無,觀光休閒學系(觀光旅遊組),,11,一般,--,--,--,--,底標,--,--,--,--,--,--,4.5,--,--,--,社會6,--,--,--,--,--,--,--,--,--,--,--
042,大葉大學,042282,無,觀光休閒學系(休閒遊憩組),,11,一般,底標,--,--,--,--,--,--,4.5,--,--,--,4.5,--,--,--,(國文+社會)11,--,--,--,--,--,--,--,--,--,--,--
042,大葉大學,042292,無,餐旅管理學系,,10,一般,底標,--,--,--,--,--,--,20,--,--,--,10,--,5,--,國文8,--,國社9,--,--,--,--,--,--,--,--,--
042,大葉大學,042302,無,烘焙暨飲料調製學士學位學程,,12,一般,底標,--,--,--,--,--,--,15,--,--,--,10,--,4,--,國文8,社會4,國社14,--,--,--,--,--,--,--,--,--
042,大葉大學,042312,無,護理學系(國際組),,10,一般,--,底標,--,--,--,--,--,--,5,--,--,--,--,--,--,英文3,--,--,--,--,--,--,--,--,--,--,*
042,大葉大學,042322,無,護理學系(臨床組),,58,一般,底標,--,--,--,--,--,--,3,--,--,--,--,--,--,--,國文8,--,--,--,--,--,--,--,--,--,--,--
042,大葉大學,042332,無,視光學系(國際組),,6,一般,--,底標,--,--,--,--,--,--,8,--,--,--,--,--,--,英文3,--,--,--,--,--,--,--,--,--,--,--
042,大葉大學,042342,無,視光學系(臨床組),,14,一般,底標,--,--,--,--,--,--,3.5,--,--,--,--,--,--,--,國文8,--,--,--,--,--,--,--,--,--,--,--
042,大葉大學,042352,無,醫學工程學系,,8,一般,--,--,底標,--,--,--,--,--,--,6,--,--,--,--,--,數學A3,--,--,--,--,--,--,--,--,--,--,--
042,大葉大學,042362,無,醫學工程學系(智慧醫療組),,8,一般,--,底標,--,--,--,--,--,--,6,--,--,--,--,--,--,英文3,--,--,--,--,--,--,--,--,--,--,--
042,大葉大學,042372,無,職能治療學系(A組),,19,一般,--,底標,--,--,--,--,--,--,3,--,--,--,3,--,--,(英文+自然)10,--,--,--,--,--,--,--,--,--,--,*
042,大葉大學,042382,無,職能治療學系(B組),,7,一般,--,後標,--,--,--,--,--,--,7,--,--,7,--,--,--,(英文+社會)5,--,--,--,--,--,--,--,--,--,--,--
042,大葉大學,042392,無,設計學系,,36,術科(美術/體育/音樂),,,,,,,,,,,,,,,見原始圖片,(國文+英文)4,--,--,--,--,--,--,--,--,--,--,--
042,大葉大學,042402,無,傳播藝術學士學位學程,,17,術科(美術/體育/音樂),,,,,,,,,,,,,,,見原始圖片,國文8,--,--,--,--,--,--,--,--,--,--,--
042,大葉大學,042412,無,造形藝術學系(工藝文創組),,10,術科(美術/體育/音樂),,,,,,,,,,,,,,,見原始圖片,(國文+社會)6,--,--,--,--,--,--,--,--,--,--,--
042,大葉大學,042422,無,造形藝術學系(藝術創作組),,11,術科(美術/體育/音樂),,,,,,,,,,,,,,,見原始圖片,國文2,社會3,--,--,--,--,--,--,--,--,--,--
042,大葉大學,042432,無,多媒體數位內容學士學位學程(動畫與影視特效組),,24,術科(美術/體育/音樂),,,,,,,,,,,,,,,見原始圖片,國文3,--,--,--,--,--,--,--,--,--,--,--
042,大葉大學,042442,無,多媒體數位內容學士學位學程(遊戲與互動設計組),,19,術科(美術/體育/音樂),,,,,,,,,,,,,,,見原始圖片,國社5,--,--,--,--,--,--,--,--,--,--,--
042,大葉大學,042452,無,多媒體數位內容學士學位學程(動漫美術與模型製作組),,20,術科(美術/體育/音樂),,,,,,,,,,,,,,,見原始圖片,社會3,--,--,--,--,--,--,--,--,--,--,--
042,大葉大學,042462,無,多媒體數位內容學士學位學程(漫畫創作組),,10,術科(美術/體育/音樂),,,,,,,,,,,,,,,見原始圖片,國文3,--,--,--,--,--,--,--,--,--,--,--
042,大葉大學,042472,無,空間設計學系建築組,,25,術科(美術/體育/音樂),,,,,,,,,,,,,,,見原始圖片,--,國文2,--,--,--,--,--,--,--,--,--,--
042,大葉大學,042482,無,空間設計學系室內設計組,,25,術科(美術/體育/音樂),,,,,,,,,,,,,,,見原始圖片,--,國文2,--,--,--,--,--,--,--,--,--,--
042,大葉大學,042492,無,運動健康管理學系,,30,術科(美術/體育/音樂),,,,,,,,,,,,,,,見原始圖片,國文2,--,--,--,--,--,--,--,--,--,--,--
043,中華大學,043012,無,電機工程學系,,69,一般,--,--,底標,底標,--,--,--,3,--,--,--,--,--,--,--,國文3,--,--,--,--,--,--,--,--,--,--,--
043,中華大學,043022,無,資訊工程學系(資訊工程組),,50,一般,--,--,底標,--,--,--,--,--,--,3,--,--,--,--,--,數學A3,--,--,--,--,--,--,--,--,--,--,--
043,中華大學,043032,無,資訊工程學系(資訊應用組),,21,一般,--,--,--,底標,--,--,--,--,--,--,3,--,--,--,--,數學B3,--,--,--,--,--,--,--,--,--,--,--
043,中華大學,043042,無,光電與材料工程學系（人工智慧應用組）,,9,一般,--,--,--,--,底標,--,--,--,--,--,--,5.5,--,--,--,社會7,--,--,--,--,--,--,--,--,--,--,*
043,中華大學,043052,無,光電與材料工程學系（生醫光電組）,,9,一般,底標,--,--,--,--,--,--,5.5,--,--,--,--,--,--,--,國文8,--,--,--,--,--,--,--,--,--,--,--
043,中華大學,043062,無,光電與材料工程學系（半導體組）,,19,一般,--,--,--,--,--,底標,--,--,--,--,--,--,3,--,--,自然7,--,--,--,--,--,--,--,--,--,--,--
043,中華大學,043072,無,工業管理學系（半導體產業組）,,18,一般,--,--,--,--,--,底標,--,--,--,--,--,--,3,--,--,自然5,--,--,--,--,--,--,--,--,--,--,--
043,中華大學,043082,無,工業管理學系（智能應用組）,,13,一般,--,--,--,--,底標,--,--,--,--,--,--,3.5,--,--,--,社會6,--,--,--,--,--,--,--,--,--,--,--
043,中華大學,043092,無,資訊管理學系（資訊系統設計組）,,8,一般,--,--,--,--,--,底標,--,--,--,--,--,--,6,--,--,自然5,--,--,--,--,--,--,--,--,--,--,*
043,中華大學,043102,無,資訊管理學系（資訊管理應用組）,,12,一般,底標,--,--,--,--,--,--,4,--,--,--,--,--,--,--,國文8,--,--,--,--,--,--,--,--,--,--,--
043,中華大學,043112,無,資訊管理學系（智慧商務組）,,10,一般,--,--,--,--,底標,--,--,--,--,--,--,5,--,--,--,社會6,--,--,--,--,--,--,--,--,--,--,--
043,中華大學,043122,無,資訊管理學系（人工智慧與大數據應用組）,,8,一般,--,底標,--,--,--,--,--,--,6,--,--,--,--,--,--,英文4,--,--,--,--,--,--,--,--,--,--,*
043,中華大學,043132,無,企業管理學系企業管理組,,14,一般,--,--,--,--,底標,--,--,--,--,--,--,3.5,--,--,--,社會8,--,--,--,--,--,--,--,--,--,--,*
043,中華大學,043142,無,企業管理學系智慧運輸與物流組,,14,一般,--,--,--,--,底標,--,--,--,--,--,--,3.5,--,--,--,社會6,--,--,--,--,--,--,--,--,--,--,*
043,中華大學,043152,無,財務管理學系財務金融管理組,,9,一般,--,--,--,--,底標,--,--,--,--,--,--,5.5,--,--,--,社會6,--,--,--,--,--,--,--,--,--,--,--
043,中華大學,043162,無,財務管理學系金融資訊管理組,,8,一般,--,--,--,--,底標,--,--,--,--,--,--,6,--,--,--,社會7,--,--,--,--,--,--,--,--,--,--,--
043,中華大學,043172,無,財務管理學系會計資訊與稅務組,,8,一般,--,--,--,--,底標,--,--,--,--,--,--,6,--,--,--,社會6,--,--,--,--,--,--,--,--,--,--,--
043,中華大學,043182,無,建築與都市計畫學系（第一類組）,,27,一般,底標,--,--,--,--,--,--,3,--,--,--,--,--,--,--,國文8,--,--,--,--,--,--,--,--,--,--,--
043,中華大學,043192,無,建築與都市計畫學系（第二類組）,,20,一般,--,--,--,底標,--,--,--,--,--,--,--,--,3,--,--,--,--,--,--,--,--,--,--,--,--,--,--
043,中華大學,043202,無,土木工程學系,,24,一般,--,--,底標,--,--,--,--,--,--,3,--,--,--,--,--,數學A3,--,--,--,--,--,--,--,--,--,--,--
043,中華大學,043212,無,應用日語學系（商務觀光組）,,18,一般,--,--,--,--,底標,--,--,--,--,--,--,3,--,--,--,社會8,--,--,--,--,--,--,--,--,--,--,*
043,中華大學,043222,無,應用日語學系（語文翻譯組）,,14,一般,底標,--,--,--,--,--,--,3.5,--,--,--,--,--,--,--,國文9,--,--,--,--,--,--,--,--,--,--,--
043,中華大學,043232,無,應用外語暨智慧商務學士學位學程,,3,一般,底標,--,--,--,--,--,--,16.5,--,--,--,--,--,--,--,--,--,--,--,--,--,--,--,--,--,--,--
043,中華大學,043242,無,國際事務暨智慧行銷學士學位學程,,25,一般,--,--,--,--,底標,--,--,--,--,--,--,3,--,--,--,社會8,--,--,--,--,--,--,--,--,--,--,--
043,中華大學,043252,無,觀光學院學士班(智慧旅館餐飲管理組),,10,一般,底標,--,--,--,--,--,--,5,--,--,--,5,--,--,--,(國文+社會)8,--,--,--,--,--,--,--,--,--,--,--
043,中華大學,043262,無,觀光學院學士班(智慧會展活動管理組),,10,一般,--,--,--,--,底標,--,--,--,--,--,--,5,--,--,--,社會6,--,--,--,--,--,--,--,--,--,--,--
043,中華大學,043272,無,觀光學院學士班(智慧觀光旅遊組),,9,一般,底標,--,--,--,--,--,--,5.5,--,--,--,--,--,--,--,國文8,--,--,--,--,--,--,--,--,--,--,--
043,中華大學,043282,無,英國西英格蘭大學企業管理雙學士學位學程,,2,一般,--,底標,--,--,--,--,--,--,25,--,--,--,--,--,--,英文3,--,--,--,--,--,--,--,--,--,--,--
043,中華大學,043292,無,中華大學美國舊金山州立大學資訊管理與決策科學學士學位學程,,1,一般,--,底標,--,--,--,--,--,--,30,--,--,--,--,--,--,英文3,--,--,--,--,--,--,--,--,--,--,--
043,中華大學,043302,無,加州大學爾灣分校資訊管理與資料科學學士學位學程,,2,一般,--,均標,--,--,--,--,--,--,25,--,--,--,--,--,--,英文8,--,--,--,--,--,--,--,--,--,--,--
043,中華大學,043312,無,國際觀光與酒店管理雙學士學位學程,,3,一般,--,底標,--,--,--,--,C,--,16.5,--,--,--,--,--,--,英文3,--,--,--,--,--,--,--,--,--,--,--
044,華梵大學,044012,無,智慧生活科技學系大數據與管理組,,11,一般,底標,--,底標,底標,--,--,--,3.5,--,--,--,--,--,--,--,國文8,--,--,--,--,--,--,--,--,--,--,--
044,華梵大學,044022,無,智慧生活科技學系智慧產品開發組,,11,一般,底標,--,底標,底標,--,--,--,3.5,--,--,--,--,--,--,--,國文8,--,--,--,--,--,--,--,--,--,--,--
044,華梵大學,044032,無,智慧生活設計學系空間設計組,,15,一般,底標,--,--,--,--,--,--,3,--,--,--,--,--,--,--,國文8,--,--,--,--,--,--,--,--,--,--,--
044,華梵大學,044042,無,智慧生活設計學系創意產品與汽車設計組,,10,一般,底標,--,--,--,--,--,--,3.5,--,--,--,--,--,--,--,國文8,--,--,--,--,--,--,--,--,--,--,--
044,華梵大學,044052,無,攝影與VR設計學系攝影與科技藝術組,,15,一般,底標,--,--,--,--,--,--,3,--,--,--,--,--,--,--,國文8,--,--,--,--,--,--,--,--,--,--,--
044,華梵大學,044062,無,攝影與VR設計學系VR與互動媒體組,,10,一般,底標,--,--,--,--,--,--,3.5,--,--,--,--,--,--,--,國文8,--,--,--,--,--,--,--,--,--,--,--
044,華梵大學,044072,無,美術與文創學系文創設計組,,15,一般,底標,--,--,--,--,--,--,3,--,--,--,--,--,--,--,國文8,--,--,--,--,--,--,--,--,--,--,--
044,華梵大學,044082,無,佛教藝術學系佛學組,,22,一般,底標,--,--,--,--,--,--,25,--,--,--,--,--,--,--,國文10,--,--,--,--,--,--,--,--,--,--,--
044,華梵大學,044092,無,佛教藝術學系藝術組,,2,一般,底標,--,--,--,--,--,--,25,--,--,--,--,--,--,--,國文8,--,--,--,--,--,--,--,--,--,--,--
044,華梵大學,044102,無,智慧生活科技學系大數據與管理組(青年儲蓄帳戶組),,1,一般,底標,--,--,--,--,--,--,--,--,--,--,--,--,--,--,--,--,--,--,--,--,--,--,--,--,--,--
044,華梵大學,044112,無,智慧生活科技學系智慧產品開發組(青年儲蓄帳戶組),,1,一般,底標,--,--,--,--,--,--,--,--,--,--,--,--,--,--,--,--,--,--,--,--,--,--,--,--,--,--
044,華梵大學,044122,無,美術與文創學系美術創作組,,15,術科(美術/體育/音樂),,,,,,,,,,,,,,,見原始圖片,國文4,社會3,水墨書畫24,(素描+彩繪技法)66,--,--,--,--,--,--,--,--
045,義守大學,045012,無,電機工程學系,,95,一般,--,--,後標,--,--,--,--,3,--,3,--,--,--,--,--,(國文+數學A)14,--,--,--,--,--,--,--,--,--,--,*
045,義守大學,045022,無,電子工程學系,,55,一般,--,--,後標,--,--,--,--,3,--,3,--,--,--,--,--,(國文+數學A)12,--,--,--,--,--,--,--,--,--,--,--
045,義守大學,045032,無,資訊工程學系資訊工程組,,76,一般,--,--,後標,--,--,--,--,--,4,3,--,--,--,--,--,英文2,數A5,--,--,--,--,--,--,--,--,--,--
045,義守大學,045042,無,資訊工程學系資訊應用組,,10,一般,--,--,--,後標,--,--,--,--,6,--,5,--,--,--,--,英文5,數學B5,--,--,--,--,--,--,--,--,--,*
045,義守大學,045062,無,資訊工程學系(資安組),,4,一般,--,--,後標,--,--,--,--,--,14,12,--,--,--,--,--,英文2,數A5,--,--,--,--,--,--,--,--,--,--
045,義守大學,045072,無,智慧網路科技學系智慧軟體應用組,,7,一般,--,--,--,後標,--,--,--,7,--,--,--,--,--,--,--,國文8,--,--,--,--,--,--,--,--,--,--,*
045,義守大學,045082,無,智慧網路科技學系智慧網通科技組,,11,一般,--,--,後標,--,--,--,--,4.5,--,--,--,--,--,--,--,國文7,--,--,--,--,--,--,--,--,--,--,--
045,義守大學,045092,無,機械與自動化工程學系,,40,一般,--,--,後標,--,--,--,--,--,--,3,--,--,--,--,--,數A5,--,--,--,--,--,--,--,--,--,--,--
045,義守大學,045102,無,化學工程學系,,52,一般,--,--,後標,--,--,--,--,--,--,3,--,--,--,--,--,數A5,--,--,--,--,--,--,--,--,--,--,--
045,義守大學,045112,無,土木工程學系,,33,一般,--,--,後標,--,--,--,--,--,--,3,--,--,--,--,--,數A5,--,--,--,--,--,--,--,--,--,--,*
045,義守大學,045122,無,材料科學與工程學系,,63,一般,--,--,後標,--,--,--,--,--,--,3,--,--,--,--,--,數A5,--,--,--,--,--,--,--,--,--,--,--
045,義守大學,045132,無,資料科學與大數據分析學系,,17,一般,--,--,後標,--,--,--,--,--,--,3,--,--,--,--,--,數A5,--,--,--,--,--,--,--,--,--,--,--
045,義守大學,045142,無,生物醫學工程學系,,56,一般,--,--,後標,後標,--,--,--,--,--,--,--,--,3,--,--,自然6,--,--,--,--,--,--,--,--,--,--,*
045,義守大學,045152,無,智慧科技英語學士學位學程,,8,一般,--,--,後標,--,--,--,--,--,7,6,--,--,--,--,--,英文3,數學A5,--,--,--,--,--,--,--,--,--,--
045,義守大學,045162,無,半導體學士學位學程,,26,一般,--,後標,--,--,--,--,--,3,3,--,--,--,--,--,--,(國文+英文)14,--,--,--,--,--,--,--,--,--,--,*
045,義守大學,045172,無,工業管理學系,,17,一般,後標,--,--,--,--,--,--,3,3,--,--,--,--,--,--,(國文+英文)13,--,--,--,--,--,--,--,--,--,--,--
045,義守大學,045182,無,資訊管理學系,,42,一般,後標,--,--,--,--,--,--,3,--,--,--,--,--,--,--,國文9,--,--,--,--,--,--,--,--,--,--,*
045,義守大學,045192,無,企業管理學系,,29,一般,後標,--,--,--,--,--,--,6,3,--,--,--,--,--,--,國文9,英文5,--,--,--,--,--,--,--,--,--,*
045,義守大學,045202,無,財務金融管理學系,,43,一般,後標,--,--,--,--,--,--,3,5,--,--,--,--,--,--,英文1,國文9,--,--,--,--,--,--,--,--,--,*
045,義守大學,045212,無,會計學系,,31,一般,後標,--,--,--,--,--,--,3,--,--,--,--,--,--,--,國文9,--,--,--,--,--,--,--,--,--,--,--
045,義守大學,045222,無,國際商務學系,,31,一般,--,後標,--,--,--,--,--,--,3,--,--,--,--,--,--,英文5,--,--,--,--,--,--,--,--,--,--,--
045,義守大學,045232,無,公共政策與管理學系,,17,一般,--,--,--,--,後標,--,--,--,--,--,--,3,--,--,--,社會11,--,--,--,--,--,--,--,--,--,--,*
045,義守大學,045242,無,醫務管理學系,,49,一般,後標,--,--,--,--,--,--,5,3,--,--,--,--,--,--,國文9,英文5,--,--,--,--,--,--,--,--,--,*
045,義守大學,045252,無,健康管理學系,,16,一般,後標,--,--,--,--,--,--,3,--,--,--,--,--,--,--,國文10,--,--,--,--,--,--,--,--,--,--,*
045,義守大學,045262,無,餐旅管理學系,,26,一般,後標,--,--,--,--,--,--,3,5,--,--,--,--,--,--,英文2,國文9,--,--,--,--,--,--,--,--,--,*
045,義守大學,045272,無,運動科技與休閒管理學系,,12,一般,後標,--,--,--,--,--,--,4,4.5,--,--,--,--,--,--,英文3,國文9,--,--,--,--,--,--,--,--,--,*
045,義守大學,045282,無,廚藝暨美食學學系,,25,一般,--,後標,--,--,--,--,--,--,3,--,--,--,--,--,--,英文5,--,--,--,--,--,--,--,--,--,--,--
045,義守大學,045292,無,國際企業經營英語學士學位學程(國際學院),,6,一般,--,均標,--,--,--,--,--,--,8,--,--,--,--,--,--,英文9,--,--,--,--,--,--,--,--,--,--,--
045,義守大學,045302,無,財務與商業分析英語學士學位學程(國際學院),,8,一般,--,均標,--,--,--,--,--,--,6,--,--,--,--,--,--,英文8,--,--,--,--,--,--,--,--,--,--,--
045,義守大學,045312,無,智慧觀光餐旅管理英語學士學位學程(國際學院),,8,一般,--,均標,--,--,--,--,--,--,6,--,--,--,--,--,--,英文9,--,--,--,--,--,--,--,--,--,--,--
045,義守大學,045322,無,國際傳媒與娛樂管理學系（國際學院）,,6,一般,--,均標,--,--,--,--,--,--,6,--,--,--,--,--,--,英文8,--,--,--,--,--,--,--,--,--,--,--
045,義守大學,045332,無,國際溝通暨應用英語學系,,16,一般,--,後標,--,--,--,--,--,--,3,--,--,--,--,--,--,英文6,--,--,--,--,--,--,--,--,--,--,*
045,義守大學,045342,無,應用日語學系,,25,一般,後標,--,--,--,--,--,--,3,6,--,--,--,--,--,--,英文2,國文10,--,--,--,--,--,--,--,--,--,*
045,義守大學,045352,無,大眾傳播學系,,31,一般,後標,--,--,--,--,--,--,3,5,--,--,--,--,--,--,英文2,國文9,--,--,--,--,--,--,--,--,--,*
045,義守大學,045362,無,創意整合設計學系,,21,一般,後標,--,--,--,--,--,--,3,5,--,--,--,--,--,--,英文2,國文9,--,--,--,--,--,--,--,--,--,*
045,義守大學,045372,無,電影與電視學系,,26,一般,後標,--,--,--,--,--,--,3,5,--,--,--,--,--,--,英文2,國文10,--,--,--,--,--,--,--,--,--,*
045,義守大學,045382,無,新媒體設計學系,,14,一般,後標,--,--,--,--,--,--,3.5,5,--,--,--,--,--,--,英文4,國文10,--,--,--,--,--,--,--,--,--,*
045,義守大學,045392,無,醫學科學與生物科技學系醫藥組,,18,一般,--,--,--,--,--,後標,--,--,5,--,--,--,3,--,--,英文6,自然8,--,--,--,--,--,--,--,--,--,*
045,義守大學,045402,無,醫學科學與生物科技學系生技組,,20,一般,後標,--,--,--,--,--,--,3,--,--,--,--,5,--,--,自然7,國文10,--,--,--,--,--,--,--,--,--,*
045,義守大學,045412,無,營養學系,,31,一般,--,--,--,--,--,後標,--,--,--,--,--,--,3,--,--,自然8,--,--,--,--,--,--,--,--,--,--,*
045,義守大學,045422,無,護理學系,,58,一般,後標,--,--,--,--,--,--,5,--,--,--,--,3,--,--,國文9,自然7,--,--,--,--,--,--,--,--,--,*
045,義守大學,045432,無,醫學影像暨放射科學系,,45,一般,--,--,--,--,--,後標,--,--,5,6,--,--,3,--,--,--,英文4,自然8,--,--,--,--,--,--,--,--,*
045,義守大學,045442,無,物理治療學系,,43,一般,--,--,--,--,--,均標,--,--,6,--,--,--,3,--,--,英文4,自然10,--,--,--,--,--,--,--,--,--,*
045,義守大學,045452,無,職能治療學系,,43,一般,--,--,--,--,--,均標,--,--,3,--,--,--,7,--,--,自然9,英文5,--,--,--,--,--,--,--,--,--,*
045,義守大學,045462,無,醫學檢驗技術學系,,43,一般,--,--,--,--,--,後標,--,--,5,--,--,--,3,--,--,英文4,自然8,--,--,--,--,--,--,--,--,--,*
045,義守大學,045472,無,醫學系(公費生),,13,一般,前標,前標,前標,--,--,前標,--,10,3.5,--,--,--,10,--,--,(國文+自然)27,英文15,--,--,--,--,--,--,--,--,--,*
045,義守大學,045052,無,資訊工程學系(APCS組),,5,APCS,,,,,,,,,,,,,,,見原始圖片,數學A5,APCS識讀3,--,--,--,--,--,--,--,--,--,--
046,銘傳大學,046012,無,企業管理學系品牌行銷組（臺北校區）,,43,一般,底標,--,--,--,--,--,--,--,--,--,--,3,--,7,--,國英社26,社會11,--,--,--,--,--,--,--,--,--,*
046,銘傳大學,046022,無,企業管理學系企業管理組（臺北校區）,,38,一般,底標,--,--,--,--,--,--,3,--,--,--,3,--,--,--,(國文+社會)22,--,--,--,--,--,--,--,--,--,--,*
046,銘傳大學,046032,無,企業管理學系數位經營組（臺北校區）,,31,一般,底標,--,--,--,--,--,--,--,--,--,--,3,--,7,--,國數B社25,社會10,--,--,--,--,--,--,--,--,--,*
046,銘傳大學,046042,無,會計學系會計審計組（臺北校區）,,60,一般,--,--,--,--,底標,--,--,3,--,--,--,3,--,--,--,(國文+社會)20,--,--,--,--,--,--,--,--,--,--,*
046,銘傳大學,046052,無,會計學系稅務規劃組（臺北校區）,,60,一般,--,--,--,--,底標,--,--,3,--,--,--,3,--,--,--,(國文+社會)20,--,--,--,--,--,--,--,--,--,--,*
046,銘傳大學,046062,無,財務金融學系（臺北校區）,,110,一般,底標,--,--,--,--,--,--,7,7,--,3,--,--,--,--,(國文+英文)13,數學B7,--,--,--,--,--,--,--,--,--,*
046,銘傳大學,046072,無,風險管理與保險學系保險金融行銷組（臺北校區）,,54,一般,底標,--,--,--,--,--,--,10,--,--,--,3,--,--,--,國文8,--,--,--,--,--,--,--,--,--,--,--
046,銘傳大學,046082,無,風險管理與保險學系資訊應用組（臺北校區）,,18,一般,底標,--,--,底標,--,--,--,3,--,--,10,8,--,--,--,數學B3,社會5,國文8,--,--,--,--,--,--,--,--,--
046,銘傳大學,046092,無,國際企業學系跨境電商經營組（臺北校區）,,55,一般,--,--,--,--,底標,--,--,10,--,--,--,3,--,--,--,國文6,社會10,--,--,--,--,--,--,--,--,--,*
046,銘傳大學,046102,無,國際企業學系外貿行銷管理組（臺北校區）,,55,一般,--,--,--,--,底標,--,--,3,--,--,--,10,--,--,--,社會6,國文11,--,--,--,--,--,--,--,--,--,*
046,銘傳大學,046112,無,新媒體暨傳播管理學系（臺北校區）,,33,一般,後標,底標,--,--,--,--,--,4,5,--,3,--,--,--,--,英文6,國文10,數學B6,--,--,--,--,--,--,--,--,*
046,銘傳大學,046122,無,廣播電視學系（臺北校區）,,38,一般,底標,--,--,--,底標,--,--,5,--,--,--,3,--,--,--,國文11,社會11,--,--,--,--,--,--,--,--,--,*
046,銘傳大學,046132,無,廣告暨策略行銷學系（臺北校區）,,33,一般,--,底標,--,--,--,--,--,--,--,--,--,3,--,8,--,國社20,社會11,--,--,--,--,--,--,--,--,--,*
046,銘傳大學,046142,無,影音新聞暨社群傳播學系（臺北校區）,,20,一般,底標,底標,--,--,--,--,--,--,3,--,--,--,--,8,--,國英15,英文7,--,--,--,--,--,--,--,--,--,*
046,銘傳大學,046152,無,法律學系（臺北校區）,,59,一般,後標,--,--,--,後標,--,--,6,--,--,--,3,--,--,--,國文11,社會12,--,--,--,--,--,--,--,--,--,*
046,銘傳大學,046162,無,財金法律學系（臺北校區）,,29,一般,後標,--,--,--,--,--,--,3,--,--,--,--,--,--,--,國文12,--,--,--,--,--,--,--,--,--,--,*
046,銘傳大學,046172,無,國際企業與貿易學士學位學程（全英語授課．臺北校區）,,25,一般,--,後標,--,--,--,--,--,--,3,--,--,--,--,--,--,英文8,--,--,--,--,--,--,--,--,--,--,*
046,銘傳大學,046182,無,新聞與大眾傳播學士學位學程（全英語授課．臺北校區）,,13,一般,--,後標,--,--,--,--,--,--,3,--,--,--,--,--,--,英文9,--,--,--,--,--,--,--,--,--,--,*
046,銘傳大學,046192,無,時尚與創新管理學士學位學程（全英語授課．臺北校區）,,14,一般,--,後標,--,--,--,--,--,--,3,--,--,--,--,--,--,英文7,--,--,--,--,--,--,--,--,--,--,*
046,銘傳大學,046202,無,國際事務與外交學士學位學程（全英語授課．桃園校區）,,13,一般,--,後標,--,--,--,--,--,--,3,--,--,--,--,--,--,英文7,--,--,--,--,--,--,--,--,--,--,*
046,銘傳大學,046212,無,資訊科技應用與管理學士學位學程（全英語授課．桃園校區）,,7,一般,底標,底標,底標,底標,--,--,--,7,--,--,--,--,--,--,--,國文8,--,--,--,--,--,--,--,--,--,--,--
046,銘傳大學,046222,無,應用中國文學系語文傳播組（桃園校區）,,10,一般,後標,--,--,--,--,--,--,5,--,--,--,--,--,--,--,國文9,--,--,--,--,--,--,--,--,--,--,--
046,銘傳大學,046232,無,應用中國文學系語文創作組（桃園校區）,,9,一般,底標,--,--,--,--,--,--,5,--,--,--,--,--,--,--,國文10,--,--,--,--,--,--,--,--,--,--,*
046,銘傳大學,046242,無,應用英語學系英語教學與雙語教育組（桃園校區）,,16,一般,--,後標,--,--,--,--,--,--,3,--,--,--,--,10,--,英社8,英文7,--,--,--,--,--,--,--,--,--,*
046,銘傳大學,046252,無,應用英語學系英語商務與口筆譯組（桃園校區）,,13,一般,--,後標,--,--,--,--,--,--,3,--,--,--,--,10,--,國英10,英文9,--,--,--,--,--,--,--,--,--,*
046,銘傳大學,046262,無,應用日語學系（桃園校區）,,76,一般,底標,--,--,--,--,--,--,3,--,--,--,6,--,--,--,社會3,國文10,--,--,--,--,--,--,--,--,--,*
046,銘傳大學,046272,無,華語文教學學系（桃園校區）,,20,一般,底標,--,--,--,--,--,--,3,--,--,--,8,--,--,--,--,國文10,--,--,--,--,--,--,--,--,--,*
046,銘傳大學,046282,無,商業設計學系（桃園校區）,,60,一般,底標,底標,--,--,底標,--,--,--,3,--,--,7,--,--,--,社會6,英文5,--,--,--,--,--,--,--,--,--,*
046,銘傳大學,046292,無,商品設計學系（桃園校區）,,66,一般,底標,--,--,--,--,--,--,5,--,--,--,3,--,--,--,國文8,社會8,--,--,--,--,--,--,--,--,--,*
046,銘傳大學,046302,無,數位媒體設計學系（桃園校區）,,65,一般,底標,--,--,--,--,--,--,7,--,--,--,3,--,--,--,國文9,社會10,--,--,--,--,--,--,--,--,--,*
046,銘傳大學,046312,無,建築學系（桃園校區）,,37,一般,後標,後標,--,--,--,--,--,3,3,--,--,3,--,--,--,(國文+英文+社會)26,--,--,--,--,--,--,--,--,--,--,*
046,銘傳大學,046322,無,都市規劃與防災學系智慧城市與無人機應用組 （桃園校區）,,20,一般,底標,--,--,--,--,--,--,3,--,--,--,--,--,--,--,國文8,--,--,--,--,--,--,--,--,--,--,--
046,銘傳大學,046332,無,都市規劃與防災學系都市更新與土地開發組 （桃園校區）,,6,一般,--,--,--,--,底標,--,--,--,--,--,--,8,--,--,--,社會10,--,--,--,--,--,--,--,--,--,--,*
046,銘傳大學,046342,無,動漫文創設計學士學位學程（桃園校區）,,19,一般,底標,--,--,--,--,--,--,3,--,--,--,--,--,7,--,國社17,國文10,--,--,--,--,--,--,--,--,--,*
046,銘傳大學,046352,無,觀光事業學系（桃園校區）,,40,一般,--,--,--,--,底標,--,--,3,3,--,--,3,--,--,--,(國文+英文+社會)24,--,--,--,--,--,--,--,--,--,--,*
046,銘傳大學,046362,無,休閒遊憩管理學系（桃園校區）,,36,一般,--,--,--,--,底標,--,--,--,--,--,--,3,--,5,--,國社13,社會9,--,--,--,--,--,--,--,--,--,*
046,銘傳大學,046372,無,餐旅管理學系（桃園校區）,,35,一般,--,--,--,--,底標,--,--,3,--,--,--,3,--,--,--,(國文+社會)19,--,--,--,--,--,--,--,--,--,--,*
046,銘傳大學,046382,無,犯罪防治學系（桃園校區）,,68,一般,--,--,--,--,底標,--,--,--,--,--,--,7,--,3,--,社會9,國社22,--,--,--,--,--,--,--,--,--,*
046,銘傳大學,046392,無,公共事務與行政管理學系（桃園校區）,,34,一般,--,--,--,--,底標,--,--,7,--,--,--,--,--,3,--,國文3,國社19,--,--,--,--,--,--,--,--,--,*
046,銘傳大學,046402,無,諮商臨床與工商心理學系（桃園校區）,,62,一般,底標,--,--,--,--,--,--,--,--,--,--,--,--,3,--,國英數B23,--,--,--,--,--,--,--,--,--,--,*
046,銘傳大學,046412,無,應用統計與資料科學學系應用統計組（桃園校區）,,11,一般,底標,--,--,--,--,--,--,8,--,--,3,--,--,--,--,國文8,--,--,--,--,--,--,--,--,--,--,*
046,銘傳大學,046422,無,應用統計與資料科學學系大數據管理組（桃園校區）,,15,一般,底標,--,--,--,--,--,--,8,--,--,--,3,--,--,--,國文8,--,--,--,--,--,--,--,--,--,--,--
046,銘傳大學,046432,無,金融學系（桃園校區）,,36,一般,底標,--,--,--,--,--,--,3,3,--,--,3,--,--,--,(國文+英文+社會)23,--,--,--,--,--,--,--,--,--,--,*
046,銘傳大學,046442,無,金融科技應用學士學位學程（桃園校區）,,30,一般,底標,--,--,--,底標,--,--,3,--,--,--,3,--,--,--,(國文+社會)19,--,--,--,--,--,--,--,--,--,--,*
046,銘傳大學,046452,無,資訊管理學系人工智慧應用組（桃園校區）,,45,一般,--,底標,--,--,--,--,--,--,3,--,--,--,--,5,--,國英11,英文6,--,--,--,--,--,--,--,--,--,*
046,銘傳大學,046462,無,資訊管理學系巨量資料管理組（桃園校區）,,40,一般,--,--,--,底標,--,--,--,--,--,--,3,--,--,5,--,國數B13,數學B6,--,--,--,--,--,--,--,--,--,*
046,銘傳大學,046472,無,資訊管理學系電子商務管理組（桃園校區）,,40,一般,--,--,--,--,底標,--,--,--,--,--,--,3,--,5,--,國社10,社會8,--,--,--,--,--,--,--,--,--,*
046,銘傳大學,046482,無,人工智慧應用學系（桃園校區）,,82,一般,底標,--,底標,底標,--,--,--,3,--,--,--,--,--,--,--,國文9,--,--,--,--,--,--,--,--,--,--,*
046,銘傳大學,046492,無,資訊工程學系(桃園校區),,119,一般,底標,--,--,底標,--,--,--,3,--,--,3,--,--,--,--,(國文+數學B)15,--,--,--,--,--,--,--,--,--,--,*
046,銘傳大學,046512,無,電子工程學系半導體光電組（桃園校區）,,29,一般,底標,--,底標,--,--,--,--,--,--,--,--,--,--,3,--,國數A17,--,--,--,--,--,--,--,--,--,--,*
046,銘傳大學,046522,無,電子工程學系晶片設計與應用組（桃園校區）,,29,一般,底標,--,底標,底標,--,--,--,3,--,--,--,--,--,--,--,國文8,--,--,--,--,--,--,--,--,--,--,--
046,銘傳大學,046532,無,電腦與通訊工程學系AI機器人組（桃園校區）,,2727,一般,--,--,底標,--,--,--,--,--,--,--,--,--,--,3,--,國數A12,--,--,--,--,--,--,--,--,--,--,*
046,銘傳大學,046542,無,電腦與通訊工程學系AI應用組（桃園校區）,,39,一般,--,--,--,底標,--,--,--,--,--,--,--,--,--,3,--,國數B13,--,--,--,--,--,--,--,--,--,--,*
046,銘傳大學,046552,無,半導體應用學士學位學程（桃園校區）,,28,一般,底標,--,底標,--,--,--,--,--,--,--,--,--,--,3,--,國數A11,--,--,--,--,--,--,--,--,--,--,--
046,銘傳大學,046562,無,醫療資訊與管理學系健康產業管理組（桃園校區）,,36,一般,--,--,--,--,底標,--,--,--,--,--,--,3,--,8,--,英社11,社會9,--,--,--,--,--,--,--,--,--,*
046,銘傳大學,046572,無,醫療資訊與管理學系醫療資訊組（桃園校區）,,26,一般,--,--,--,--,底標,--,--,--,--,--,--,3,--,8,--,國社11,社會9,--,--,--,--,--,--,--,--,--,*
046,銘傳大學,046582,無,生物科技學系生物醫學組（桃園校區）,,20,一般,--,底標,--,--,--,底標,--,--,--,--,--,--,3,5,--,國英自22,自然8,--,--,--,--,--,--,--,--,--,*
046,銘傳大學,046592,無,生物科技學系食品生技組（桃園校區）,,40,一般,--,--,--,--,--,底標,--,--,--,--,--,--,3,5,--,國英自20,自然7,--,--,--,--,--,--,--,--,--,*
046,銘傳大學,046602,無,生物醫學工程學系專利醫材法規組（桃園校區）,,12,一般,底標,--,--,--,--,--,--,3,--,--,--,--,--,8,--,國英12,國文8,--,--,--,--,--,--,--,--,--,--
046,銘傳大學,046612,無,生物醫學工程學系人工智慧醫療組（桃園校區）,,13,一般,底標,--,--,--,--,--,--,--,--,--,--,--,3,8,--,國自11,自然6,--,--,--,--,--,--,--,--,--,*
046,銘傳大學,046622,無,影音新聞暨社群傳播學系（青年儲蓄帳戶組．臺北校區）,,1,一般,底標,--,--,--,--,--,--,--,--,--,--,--,--,--,--,--,--,--,--,--,--,--,--,--,--,--,--
046,銘傳大學,046632,無,國際事務與外交學士學位學程（青年儲蓄帳戶組．全英語授課．桃園校區）,,1,一般,--,後標,--,--,--,--,--,--,--,--,--,--,--,--,--,--,--,--,--,--,--,--,--,--,--,--,--
046,銘傳大學,046642,無,應用英語學系（青年儲蓄帳戶組．桃園校區）,,1,一般,--,後標,--,--,--,--,--,--,--,--,--,--,--,--,--,--,--,--,--,--,--,--,--,--,--,--,--
046,銘傳大學,046652,無,金融科技應用學士學位學程（青年儲蓄帳戶組．桃園校區）,,1,一般,底標,--,--,--,--,--,--,--,--,--,--,--,--,--,--,--,--,--,--,--,--,--,--,--,--,--,--
046,銘傳大學,046502,無,資訊工程學系(APCS組．桃園校區),,3,APCS,,,,,,,,,,,,,,,見原始圖片,(APCS識讀+APCS實作)4,國文8,--,--,--,--,--,--,--,--,--,--
047,世新大學,047012,無,新聞學系,,70,一般,後標,--,--,--,--,--,--,3,6,--,--,--,--,--,--,英文3,國文11,--,--,--,--,--,--,--,--,--,*
047,世新大學,047022,無,廣播電視電影學系廣播組,,68,一般,均標,--,--,--,--,--,--,5,3,--,--,3,--,--,--,國文11,(英文+社會)15,--,--,--,--,--,--,--,--,--,*
047,世新大學,047032,無,廣播電視電影學系電視組,,89,一般,均標,--,--,--,--,--,--,5,3,--,--,3,--,--,--,國文11,(英文+社會)14,--,--,--,--,--,--,--,--,--,*
047,世新大學,047042,無,廣播電視電影學系電影組,,68,一般,均標,--,--,--,--,--,--,5,3,--,--,3,--,--,--,國文11,(英文+社會)18,--,--,--,--,--,--,--,--,--,*
047,世新大學,047052,無,圖文傳播學系,,65,一般,後標,--,--,--,--,--,--,3,--,--,--,--,--,--,--,國文11,--,--,--,--,--,--,--,--,--,--,*
047,世新大學,047062,無,公共關係暨廣告學系,,107,一般,後標,後標,--,--,--,--,--,5,3,--,--,--,--,--,--,國文9,英文8,--,--,--,--,--,--,--,--,--,*
047,世新大學,047072,無,口語傳播暨社群媒體學系,,66,一般,後標,--,--,--,--,--,--,3,--,--,--,3,--,--,--,(國文+社會)21,--,--,--,--,--,--,--,--,--,--,*
047,世新大學,047082,無,資訊傳播學系,,49,一般,後標,後標,--,--,--,--,--,5,3,--,--,--,--,--,--,國文9,英文7,--,--,--,--,--,--,--,--,--,*
047,世新大學,047092,無,數位多媒體設計學系,,58,一般,底標,--,--,--,--,--,--,3,--,--,--,--,--,--,--,國文11,--,--,--,--,--,--,--,--,--,--,*
047,世新大學,047102,無,傳播管理學系,,88,一般,後標,--,--,--,--,--,--,3,--,--,--,--,--,--,--,國文11,--,--,--,--,--,--,--,--,--,--,*
047,世新大學,047112,無,資訊管理學系資訊管理組,,32,一般,底標,--,--,--,--,--,--,5,3,--,--,--,--,--,--,國文8,英文4,--,--,--,--,--,--,--,--,--,*
047,世新大學,047122,無,資訊管理學系資訊科技組,,17,一般,底標,--,--,--,--,--,--,3,3,--,--,--,--,--,--,(國文+英文)15,--,--,--,--,--,--,--,--,--,--,*
047,世新大學,047132,無,資訊管理學系智慧網路應用組,,4,一般,底標,--,--,--,--,--,--,12.5,12.5,--,--,--,--,--,--,(國文+英文)14,--,--,--,--,--,--,--,--,--,--,*
047,世新大學,047142,無,財務金融學系,,2222,一般,--,--,--,底標,--,--,--,8,--,--,3,3,--,--,--,國文10,(數學B+社會)19,--,--,--,--,--,--,--,--,--,*
047,世新大學,047152,無,行政管理學系,,15,一般,底標,--,--,--,--,--,--,--,--,--,--,3,--,--,--,社會12,--,--,--,--,--,--,--,--,--,--,*
047,世新大學,047162,無,觀光學系餐旅經營管理組,,11,一般,--,--,--,--,底標,--,--,--,--,--,--,4.5,--,--,--,社會10,--,--,--,--,--,--,--,--,--,--,*
047,世新大學,047172,無,觀光學系旅遊暨休閒事業管理組,,13,一般,--,--,--,--,底標,--,--,--,--,--,--,3.5,--,--,--,社會11,--,--,--,--,--,--,--,--,--,--,*
047,世新大學,047182,無,觀光學系觀光規劃暨資源管理組,,4,一般,--,--,--,--,底標,--,--,--,--,--,--,12.5,--,--,--,社會10,--,--,--,--,--,--,--,--,--,--,*
047,世新大學,047192,無,經濟學系,,21,一般,--,--,--,底標,--,--,--,--,--,--,3,4,--,--,--,社會7,數學B4,--,--,--,--,--,--,--,--,--,*
047,世新大學,047202,無,企業管理學系,,2222,一般,底標,--,--,--,--,--,--,--,--,--,--,3,--,--,--,社會12,--,--,--,--,--,--,--,--,--,--,*
047,世新大學,047212,無,社會心理學系,,7,一般,底標,--,--,--,--,--,--,9,7,--,--,7,--,--,--,國文12,(英文+社會)16,--,--,--,--,--,--,--,--,--,*
047,世新大學,047222,無,英語暨傳播應用學系,,7,一般,--,均標,--,--,--,--,--,--,7,--,--,--,--,--,--,英文9,--,--,--,--,--,--,--,--,--,--,*
047,世新大學,047232,無,中國文學系,,4,一般,後標,--,--,--,底標,--,--,12.5,--,--,--,12.5,--,--,--,(國文+社會)15,--,--,--,--,--,--,--,--,--,--,--
047,世新大學,047242,無,日本語文學系,,21,一般,底標,--,--,--,--,--,--,3,--,--,--,5,--,--,--,社會11,國文11,--,--,--,--,--,--,--,--,--,*
047,世新大學,047252,無,法律學系,,61,一般,後標,--,--,--,--,--,--,3,--,--,--,--,--,--,--,國文12,--,--,--,--,--,--,--,--,--,--,*
050,實踐大學,050012,無,食品營養與保健生技學系(臺北校區),,44,一般,--,--,--,--,--,底標,--,--,--,--,--,--,--,3,--,國自17,--,--,--,--,--,--,--,--,--,--,*
050,實踐大學,050022,無,食品營養與保健生技學系食品科技與法律組(臺北校區),,10,一般,底標,--,--,--,--,--,--,--,--,--,--,--,--,5,--,國自8,--,--,--,--,--,--,--,--,--,--,--
050,實踐大學,050032,無,社會工作學系兒少、家庭與性別組(臺北校區),,25,一般,--,--,--,--,底標,--,--,--,--,--,--,--,--,3,--,國社21,--,--,--,--,--,--,--,--,--,--,*
050,實踐大學,050042,無,社會工作學系老人、長照與身障組(臺北校區),,10,一般,底標,--,--,--,--,--,--,5,--,--,--,--,--,--,--,國文10,--,--,--,--,--,--,--,--,--,--,*
050,實踐大學,050052,無,社會工作學系醫務與心理衛生組(臺北校區),,10,一般,--,--,--,--,底標,--,--,--,--,--,--,5,--,--,--,社會11,--,--,--,--,--,--,--,--,--,--,*
050,實踐大學,050062,無,家庭研究與兒童發展學系(臺北校區),,22,一般,底標,--,--,--,--,--,--,3,7,--,--,--,--,--,--,英文4,國文11,--,--,--,--,--,--,--,--,--,--
050,實踐大學,050072,無,餐飲管理學系廚藝組(臺北校區),,10,一般,底標,--,--,--,--,--,--,--,--,--,--,--,--,5,--,國英16,--,--,--,--,--,--,--,--,--,--,*
050,實踐大學,050082,無,餐飲管理學系餐旅組(臺北校區),,10,一般,--,底標,--,--,--,--,--,--,--,--,--,--,--,5,--,國英17,--,--,--,--,--,--,--,--,--,--,*
050,實踐大學,050092,無,餐飲管理學系青年儲蓄帳戶組(臺北校區),,1,一般,底標,--,--,--,--,--,--,--,--,--,--,--,--,--,--,--,--,--,--,--,--,--,--,--,--,--,--
050,實踐大學,050102,無,音樂學系Ｂ組(臺北校區),,1,一般,底標,--,--,--,--,--,--,30,--,--,--,--,--,--,--,國文8,--,--,--,--,--,--,--,--,--,--,--
050,實踐大學,050112,無,法律學系(臺北校區),,21,一般,後標,後標,--,--,--,--,--,--,--,--,--,3,--,--,--,社會12,--,--,--,--,--,--,--,--,--,--,*
050,實踐大學,050122,無,服裝設計學系(臺北校區),,66,一般,--,後標,--,--,--,--,--,--,--,--,--,--,--,3,--,國英數B社30,--,--,--,--,--,--,--,--,--,--,--
050,實踐大學,050132,無,媒體傳達設計學系動畫影像設計組(臺北校區),,23,一般,底標,後標,--,--,--,--,--,--,--,--,--,--,--,3,--,國英數B26,--,--,--,--,--,--,--,--,--,--,*
050,實踐大學,050142,無,媒體傳達設計學系創意媒體設計組(臺北校區),,23,一般,底標,後標,--,--,--,--,--,--,--,--,--,--,--,3,--,國英數B25,--,--,--,--,--,--,--,--,--,--,*
050,實踐大學,050152,無,工業產品設計學系(臺北校區),,39,一般,--,後標,--,--,--,--,--,--,3,--,--,--,--,5,--,國英數B18,英文7,--,--,--,--,--,--,--,--,--,*
050,實踐大學,050162,無,建築設計學系人文藝術組(臺北校區),,11,一般,後標,--,--,--,--,--,--,--,--,--,--,--,--,4.5,--,國英社28,--,--,--,--,--,--,--,--,--,--,--
050,實踐大學,050172,無,建築設計學系創意科技組(臺北校區),,11,一般,--,--,--,--,--,後標,--,--,--,--,--,--,4.5,9,--,國英自17,自然7,--,--,--,--,--,--,--,--,--,*
050,實踐大學,050182,無,建築職人學士學位學程(臺北校區),,26,一般,底標,--,--,--,--,--,--,3,--,--,--,--,--,--,--,國文9,--,--,--,--,--,--,--,--,--,--,*
050,實踐大學,050192,無,會計學系會計審計組(臺北校區),,24,一般,底標,--,--,--,--,--,--,3,--,--,--,--,--,--,--,國文10,--,--,--,--,--,--,--,--,--,--,*
050,實踐大學,050202,無,會計學系永續會計組(臺北校區),,12,一般,--,--,--,--,底標,--,--,4,--,--,--,4,--,--,--,(國文+社會)17,--,--,--,--,--,--,--,--,--,--,*
050,實踐大學,050212,無,國際經營與貿易學系貿易經營組(臺北校區),,8,一般,底標,--,--,--,--,--,--,12,6,--,--,--,--,--,--,國文8,英文6,--,--,--,--,--,--,--,--,--,--
050,實踐大學,050222,無,國際經營與貿易學系跨境行銷組(臺北校區),,8,一般,--,底標,--,--,--,--,--,12,6,--,--,--,--,--,--,國文7,英文5,--,--,--,--,--,--,--,--,--,*
050,實踐大學,050232,無,國際經營與貿易學系貿易金融組(臺北校區),,8,一般,底標,--,--,--,--,--,--,12,--,--,--,6,--,--,--,國文8,社會8,--,--,--,--,--,--,--,--,--,*
050,實踐大學,050242,無,國際經營與貿易學系智慧物流組(臺北校區),,8,一般,--,--,--,--,底標,--,--,12,--,--,--,6,--,--,--,國文3,社會6,--,--,--,--,--,--,--,--,--,*
050,實踐大學,050252,無,企業管理學系(臺北校區),,45,一般,底標,--,--,--,--,--,--,--,--,--,--,--,--,3,--,國社21,--,--,--,--,--,--,--,--,--,--,*
050,實踐大學,050262,無,財務金融學系(臺北校區),,42,一般,底標,--,--,--,--,--,--,--,--,--,--,--,--,3,--,國社20,--,--,--,--,--,--,--,--,--,--,*
050,實踐大學,050272,無,財務金融學系數位行銷設計組(臺北校區),,13,一般,底標,--,--,--,--,--,--,--,--,--,--,--,--,3.5,--,國自9,--,--,--,--,--,--,--,--,--,--,--
050,實踐大學,050282,無,風險管理與保險學系(臺北校區),,55,一般,--,--,--,--,底標,--,--,--,3,--,--,3,--,--,--,(英文+社會)13,--,--,--,--,--,--,--,--,--,--,*
050,實踐大學,050292,無,應用外語學系(臺北校區),,24,一般,--,後標,--,--,--,--,--,--,3,--,--,--,--,--,--,英文9,--,--,--,--,--,--,--,--,--,--,*
050,實踐大學,050302,無,應用外語學系數位應用組(臺北校區),,12,一般,底標,後標,--,--,--,--,--,--,4,--,--,--,--,--,--,英文7,--,--,--,--,--,--,--,--,--,--,*
050,實踐大學,050312,無,資訊科技與管理學系人工智慧與大數據組(臺北校區),,20,一般,--,--,--,--,--,底標,--,--,--,--,--,--,3,--,--,自然7,--,--,--,--,--,--,--,--,--,--,*
050,實踐大學,050322,無,資訊科技與管理學系雲端運算與物聯網組(臺北校區),,11,一般,底標,--,--,--,--,--,--,--,--,--,--,--,--,4.5,--,自8,--,--,--,--,--,--,--,--,--,--,--
050,實踐大學,050332,無,資訊科技與管理學系數位媒體設計組(臺北校區),,11,一般,底標,--,--,--,--,--,--,--,--,--,--,--,--,4.5,--,國英15,--,--,--,--,--,--,--,--,--,--,--
050,實踐大學,050352,無,資訊科技與管理學系(資安組)(臺北校區),,3,一般,--,--,--,--,--,底標,--,--,--,--,--,--,16.5,--,--,自然5,--,--,--,--,--,--,--,--,--,--,*
050,實踐大學,050362,無,國際企業英語學士學位學程(社會組)(臺北校區),,14,一般,底標,--,--,--,--,--,--,3.5,--,--,--,--,--,--,--,國文9,--,--,--,--,--,--,--,--,--,--,*
050,實踐大學,050372,無,國際企業英語學士學位學程(自然組)(臺北校區),,6,一般,--,底標,--,--,--,--,--,--,8,--,--,--,--,--,--,英文3,--,--,--,--,--,--,--,--,--,--,*
050,實踐大學,050382,無,智慧服務管理英語學士學位學程(臺北校區),,19,一般,底標,--,--,--,--,--,--,--,--,--,--,--,--,3,--,國英13,--,--,--,--,--,--,--,--,--,--,*
050,實踐大學,050392,無,東南亞智慧商務學士學位學程語言文化組(高雄校區),,9,一般,--,底標,--,--,--,--,--,--,5.5,--,--,--,--,--,--,英文3,--,--,--,--,--,--,--,--,--,--,--
050,實踐大學,050402,無,東南亞智慧商務學士學位學程雲端商務組(高雄校區),,8,一般,--,--,--,--,--,底標,--,--,--,--,--,--,6,--,--,自然5,--,--,--,--,--,--,--,--,--,--,--
050,實踐大學,050412,無,東南亞智慧商務學士學位學程行銷流通管理組(高雄校區),,9,一般,底標,--,--,--,--,--,--,5.5,--,--,--,--,--,--,--,國文8,--,--,--,--,--,--,--,--,--,--,--
050,實踐大學,050422,無,會計暨稅務學系綠色會計組(高雄校區),,9,一般,底標,--,--,--,--,--,--,5.5,--,--,--,--,--,--,--,國文8,--,--,--,--,--,--,--,--,--,--,--
050,實踐大學,050432,無,會計暨稅務學系財務金融組(高雄校區),,14,一般,--,--,--,--,底標,--,--,15,--,--,--,3.5,--,--,--,國文4,社會7,--,--,--,--,--,--,--,--,--,*
050,實踐大學,050442,無,會計暨稅務學系會計AI組(高雄校區),,14,一般,--,--,底標,底標,--,--,--,3.5,--,--,--,--,--,--,--,國文5,--,--,--,--,--,--,--,--,--,--,--
050,實踐大學,050452,無,會計暨稅務學系財富管理組(高雄校區),,11,一般,--,--,--,--,底標,--,--,--,--,--,--,4.5,--,--,--,社會6,--,--,--,--,--,--,--,--,--,--,--
050,實踐大學,050462,無,國際企業管理學系外匯數位金融組(高雄校區),,12,一般,--,--,--,底標,--,--,--,9,--,--,4,--,--,--,--,國文3,數學B3,--,--,--,--,--,--,--,--,--,--
050,實踐大學,050472,無,國際企業管理學系日韓商務與貿易組(高雄校區),,11,一般,底標,--,--,--,--,--,--,4.5,--,--,--,--,--,--,--,國文9,--,--,--,--,--,--,--,--,--,--,*
050,實踐大學,050482,無,國際企業管理學系品牌行銷企劃組(高雄校區),,11,一般,--,--,--,--,底標,--,--,--,--,--,--,4.5,--,--,--,社會8,--,--,--,--,--,--,--,--,--,--,*
050,實踐大學,050492,無,國際企業管理學系德國商務與投資組(高雄校區),,12,一般,--,底標,--,--,--,--,--,--,4,--,--,--,--,--,--,英文3,--,--,--,--,--,--,--,--,--,--,--
050,實踐大學,050502,無,金融管理學系數位金融組(高雄校區),,12,一般,--,底標,--,--,--,--,--,--,4,--,--,--,--,--,--,英文4,--,--,--,--,--,--,--,--,--,--,*
050,實踐大學,050512,無,金融管理學系金融實務組(高雄校區),,12,一般,底標,--,--,--,--,--,--,4,--,--,--,--,--,--,--,國文8,--,--,--,--,--,--,--,--,--,--,*
050,實踐大學,050522,無,金融管理學系金融商品組(高雄校區),,12,一般,--,--,--,--,底標,--,--,--,--,--,--,4,--,--,--,社會7,--,--,--,--,--,--,--,--,--,--,*
050,實踐大學,050532,無,金融管理學系財務數理組(高雄校區),,12,一般,--,--,--,--,底標,--,--,4,--,--,--,15,--,--,--,社會6,國文6,--,--,--,--,--,--,--,--,--,*
050,實踐大學,050542,無,資訊管理學系物聯網應用組(高雄校區),,19,一般,--,--,--,--,--,底標,--,--,--,--,--,--,3,--,--,自然5,--,--,--,--,--,--,--,--,--,--,--
050,實踐大學,050552,無,資訊管理學系人工智慧與雲端應用組(高雄校區),,19,一般,--,--,--,--,--,底標,--,15,--,--,--,--,3,--,--,國文4,自然5,--,--,--,--,--,--,--,--,--,--
050,實踐大學,050562,無,資訊科技與通訊學系App設計組(高雄校區),,12,一般,--,--,--,底標,--,--,--,4,--,--,--,--,--,--,--,國文5,--,--,--,--,--,--,--,--,--,--,--
050,實踐大學,050572,無,資訊科技與通訊學系人工智慧物聯網組(高雄校區),,12,一般,--,--,底標,底標,--,--,--,4,--,--,--,--,--,--,--,國文3,--,--,--,--,--,--,--,--,--,--,--
050,實踐大學,050582,無,資訊科技與通訊學系智慧機器人組(高雄校區),,10,一般,--,--,底標,底標,--,--,--,--,--,--,--,--,5,--,--,自然4,--,--,--,--,--,--,--,--,--,--,--
050,實踐大學,050592,無,資訊科技與通訊學系無人機組(高雄校區),,14,一般,--,--,底標,底標,--,--,--,--,3.5,--,--,--,--,--,--,英文2,--,--,--,--,--,--,--,--,--,--,--
050,實踐大學,050602,無,資訊模擬與設計學系數位3D動畫設計組(高雄校區),,5,一般,--,--,--,--,底標,--,--,--,--,--,--,10,--,--,--,社會8,--,--,--,--,--,--,--,--,--,--,*
050,實踐大學,050612,無,資訊模擬與設計學系互動遊戲設計組(高雄校區),,6,一般,--,--,底標,底標,--,--,--,8,--,--,--,--,--,--,--,國文8,--,--,--,--,--,--,--,--,--,--,*
050,實踐大學,050622,無,資訊模擬與設計學系AR/VR體感科技組(高雄校區),,4,一般,底標,--,--,--,--,--,--,12.5,--,--,--,--,--,--,--,國文8,--,--,--,--,--,--,--,--,--,--,--
050,實踐大學,050632,無,電腦動畫學士學位學程3D組(高雄校區),,8,一般,--,--,底標,底標,--,--,--,6,--,--,--,--,--,--,--,國文5,--,--,--,--,--,--,--,--,--,--,--
050,實踐大學,050642,無,視覺特效學士學位學程影視視覺特效組(高雄校區),,13,一般,--,--,底標,底標,--,--,--,3.5,--,--,--,--,--,--,--,國文5,--,--,--,--,--,--,--,--,--,--,--
050,實踐大學,050652,無,視覺特效學士學位學程遊戲視覺特效組(高雄校區),,13,一般,--,--,底標,底標,--,--,--,--,3.5,--,--,--,--,--,--,英文2,--,--,--,--,--,--,--,--,--,--,--
050,實踐大學,050662,無,服飾設計與經營學系品牌經營與行銷組(高雄校區),,9,一般,--,--,--,--,底標,--,--,--,--,--,--,5.5,--,--,--,社會8,--,--,--,--,--,--,--,--,--,--,*
050,實踐大學,050672,無,服飾設計與經營學系服裝設計與數位應用組(高雄校區),,11,一般,底標,--,--,--,--,--,--,4.5,--,--,--,--,--,--,--,國文8,--,--,--,--,--,--,--,--,--,--,--
050,實踐大學,050682,無,觀光管理學系餐飲暨旅館管理組(高雄校區),,10,一般,底標,--,--,--,--,--,--,5,--,--,--,--,--,--,--,國文9,--,--,--,--,--,--,--,--,--,--,*
050,實踐大學,050692,無,觀光管理學系旅運事業組(高雄校區),,7,一般,--,--,--,--,底標,--,--,--,--,--,--,7,--,--,--,社會6,--,--,--,--,--,--,--,--,--,--,*
050,實踐大學,050702,無,休閒產業管理學系休閒文創規劃組(高雄校區),,8,一般,底標,--,--,--,--,--,--,6,--,--,--,--,--,--,--,國文8,--,--,--,--,--,--,--,--,--,--,--
050,實踐大學,050712,無,休閒產業管理學系遊憩運動企劃組(高雄校區),,9,一般,--,--,--,底標,--,--,--,--,--,--,5.5,--,--,--,--,數學B4,--,--,--,--,--,--,--,--,--,--,*
050,實踐大學,050722,無,休閒產業管理學系精品咖啡烘焙經營組(高雄校區),,9,一般,--,--,--,--,底標,--,--,--,--,--,--,5.5,--,--,--,社會8,--,--,--,--,--,--,--,--,--,--,*
050,實踐大學,050732,無,應用日文學系(高雄校區),,10,一般,--,底標,--,--,--,--,--,--,--,--,--,5,--,--,--,社會9,--,--,--,--,--,--,--,--,--,--,*
050,實踐大學,050742,無,應用日文學系商務組(高雄校區),,10,一般,--,--,--,--,底標,--,--,--,--,--,--,5,--,--,--,社會9,--,--,--,--,--,--,--,--,--,--,*
050,實踐大學,050752,無,應用日文學系翻譯組(高雄校區),,10,一般,--,--,--,--,底標,--,--,15,--,--,--,5,--,--,--,國文4,社會6,--,--,--,--,--,--,--,--,--,*
050,實踐大學,050762,無,應用日文學系實習組(高雄校區),,10,一般,底標,--,--,--,--,--,--,15,--,--,--,5,--,--,--,國文8,--,--,--,--,--,--,--,--,--,--,--
050,實踐大學,050342,無,資訊科技與管理學系APCS組(臺北校區),,3,APCS,,,,,,,,,,,,,,,見原始圖片,APCS識讀2,自然5,--,--,--,--,--,--,--,--,--,--
050,實踐大學,050772,無,音樂學系(臺北校區),鋼琴,4,音樂,,,,,,,,,,,,,,,見原始圖片,主修38.29,--,--,--,--,--,--,--,--,--,--,--
050,實踐大學,050772,無,音樂學系(臺北校區),聲樂,3,音樂,,,,,,,,,,,,,,,見原始圖片,主修81.43,--,--,--,--,--,--,--,--,--,--,--
050,實踐大學,050772,無,音樂學系(臺北校區),小提琴,5,音樂,,,,,,,,,,,,,,,見原始圖片,主修75,--,--,--,--,--,--,--,--,--,--,--
050,實踐大學,050772,無,音樂學系(臺北校區),中提琴,22,音樂,,,,,,,,,,,,,,,見原始圖片,主修79.07,--,--,--,--,--,--,--,--,--,--,--
050,實踐大學,050772,無,音樂學系(臺北校區),大提琴,2,音樂,,,,,,,,,,,,,,,見原始圖片,主修71.29,--,--,--,--,--,--,--,--,--,--,--
050,實踐大學,050772,無,音樂學系(臺北校區),長號,1,音樂,,,,,,,,,,,,,,,見原始圖片,主修81.56,--,--,--,--,--,--,--,--,--,--,--
050,實踐大學,050772,無,音樂學系(臺北校區),小號,1,音樂,,,,,,,,,,,,,,,見原始圖片,主修79.11,--,--,--,--,--,--,--,--,--,--,--
050,實踐大學,050772,無,音樂學系(臺北校區),法國號,1,音樂,,,,,,,,,,,,,,,見原始圖片,主修80.78,--,--,--,--,--,--,--,--,--,--,--
050,實踐大學,050772,無,音樂學系(臺北校區),薩克斯管,1,音樂,,,,,,,,,,,,,,,見原始圖片,主修82,--,--,--,--,--,--,--,--,--,--,--
050,實踐大學,050772,無,音樂學系(臺北校區),長笛,22,音樂,,,,,,,,,,,,,,,見原始圖片,主修76.44,--,--,--,--,--,--,--,--,--,--,--
050,實踐大學,050772,無,音樂學系(臺北校區),單簧管(豎笛),2,音樂,,,,,,,,,,,,,,,見原始圖片,主修79,--,--,--,--,--,--,--,--,--,--,--
050,實踐大學,050772,無,音樂學系(臺北校區),擊樂,22,音樂,,,,,,,,,,,,,,,見原始圖片,主修80.6,--,--,--,--,--,--,--,--,--,--,--
050,實踐大學,050782,無,服飾設計與經營學系藝術創作設計組(高雄校區),,24,術科(美術/體育/音樂),,,,,,,,,,,,,,,見原始圖片,國文2,--,--,--,--,--,--,--,--,--,--,--
050,實踐大學,050792,無,時尚設計學系視覺影像設計組(高雄校區),,18,術科(美術/體育/音樂),,,,,,,,,,,,,,,見原始圖片,國文3,--,--,--,--,--,--,--,--,--,--,--
050,實踐大學,050802,無,時尚設計學系整體造型設計組(高雄校區),,25,術科(美術/體育/音樂),,,,,,,,,,,,,,,見原始圖片,國文3,--,--,--,--,--,--,--,--,--,--,--
050,實踐大學,050812,無,電腦動畫學士學位學程2D組(高雄校區),,11,術科(美術/體育/音樂),,,,,,,,,,,,,,,見原始圖片,國文2,--,--,--,--,--,--,--,--,--,--,--
050,實踐大學,050822,無,電腦動畫學士學位學程2D3D通修組(高雄校區),,12,術科(美術/體育/音樂),,,,,,,,,,,,,,,見原始圖片,國文3,--,--,--,--,--,--,--,--,--,--,--
050,實踐大學,050832,無,資訊模擬與設計學系遊戲美術設計組(高雄校區),,16,術科(美術/體育/音樂),,,,,,,,,,,,,,,見原始圖片,國文2,--,--,--,--,--,--,--,--,--,--,--
050,實踐大學,050842,無,資訊管理學系運動資訊應用組(高雄校區),,10,術科(美術/體育/音樂),,,,,,,,,,,,,,,見原始圖片,國文2,--,--,--,--,--,--,--,--,--,--,--
050,實踐大學,050852,無,觀光管理學系運動暨自然旅遊組(高雄校區),,10,術科(美術/體育/音樂),,,,,,,,,,,,,,,見原始圖片,國文2,--,--,--,--,--,--,--,--,--,--,--
051,長榮大學,051012,無,企業管理學系行銷組,,7,一般,底標,--,--,--,--,--,--,15,--,--,--,7,--,--,--,國文8,社會9,--,--,--,--,--,--,--,--,--,--
051,長榮大學,051022,無,企業管理學系數位經營組,,8,一般,--,--,--,--,底標,--,--,15,--,--,--,6,--,--,--,國文4,社會8,--,--,--,--,--,--,--,--,--,*
051,長榮大學,051032,無,企業管理學系企業永續發展組,,7,一般,底標,--,--,--,--,--,--,7,--,--,--,--,--,--,--,國文8,--,--,--,--,--,--,--,--,--,--,--
051,長榮大學,051042,無,企業管理學系創新應用組,,7,一般,--,--,--,--,底標,--,--,--,--,--,--,7,--,--,--,社會6,--,--,--,--,--,--,--,--,--,--,--
051,長榮大學,051052,無,國際企業學系跨境行銷組,,10,一般,底標,--,--,--,--,--,--,15,5,--,--,--,--,--,--,國文8,英文2,--,--,--,--,--,--,--,--,--,--
051,長榮大學,051062,無,國際企業學系金融貿易組,,8,一般,--,--,--,--,底標,--,--,15,--,--,--,6,--,--,--,國文5,社會7,--,--,--,--,--,--,--,--,--,*
051,長榮大學,051072,無,國際企業學系航運物流組,,10,一般,--,--,--,--,底標,--,--,--,--,--,--,5,--,--,--,社會8,--,--,--,--,--,--,--,--,--,--,*
051,長榮大學,051082,無,會計資訊學系會計應用組,,8,一般,底標,--,--,--,--,--,--,9,--,--,--,6,--,--,--,國文8,社會6,--,--,--,--,--,--,--,--,--,--
051,長榮大學,051092,無,會計資訊學系稅務應用組,,8,一般,底標,--,--,--,--,--,--,6,--,--,--,--,--,--,--,國文8,--,--,--,--,--,--,--,--,--,--,--
051,長榮大學,051102,無,會計資訊學系產業實習組,,8,一般,--,--,--,--,底標,--,--,--,--,--,--,6,--,--,--,社會6,--,--,--,--,--,--,--,--,--,--,*
051,長榮大學,051112,無,航運管理學系,,61,一般,底標,--,--,--,--,--,--,5,4,--,--,3,--,--,--,國文8,英文3,社會7,--,--,--,--,--,--,--,--,*
051,長榮大學,051122,無,土地管理與開發學系投資經營組,,10,一般,底標,--,--,--,--,--,--,7,--,--,--,5,--,--,--,國文8,社會5,--,--,--,--,--,--,--,--,--,--
051,長榮大學,051132,無,土地管理與開發學系開發規劃組,,9,一般,底標,--,--,--,--,--,--,5.5,--,--,--,--,--,--,--,國文8,--,--,--,--,--,--,--,--,--,--,--
051,長榮大學,051142,無,財務金融學系金融科技組,,8,一般,--,--,--,--,底標,--,--,--,--,--,--,6,--,--,--,社會9,--,--,--,--,--,--,--,--,--,--,*
051,長榮大學,051152,無,財務金融學系投資資訊組,,9,一般,--,底標,--,--,--,--,--,--,5.5,--,--,--,--,--,--,英文4,--,--,--,--,--,--,--,--,--,--,*
051,長榮大學,051162,無,財務金融學系金融理財組,,8,一般,底標,--,--,--,--,--,--,6,--,--,--,--,--,--,--,國文10,--,--,--,--,--,--,--,--,--,--,*
051,長榮大學,051172,無,財務金融學系產業實習組,,10,一般,--,--,--,--,底標,--,--,5,--,--,--,10,--,--,--,社會6,國文7,--,--,--,--,--,--,--,--,--,*
051,長榮大學,051182,無,觀光與餐飲管理學系觀光旅遊組,,7,一般,底標,--,--,--,--,--,--,10,--,--,--,7,--,--,--,國文8,社會7,--,--,--,--,--,--,--,--,--,*
051,長榮大學,051192,無,觀光與餐飲管理學系餐酒廚藝組,,10,一般,底標,--,--,--,--,--,--,5,--,--,--,--,--,--,--,國文8,--,--,--,--,--,--,--,--,--,--,*
051,長榮大學,051202,無,觀光與餐飲管理學系國際雙聯組,,1,一般,--,底標,--,--,--,--,--,--,30,--,--,--,--,--,--,英文3,--,--,--,--,--,--,--,--,--,--,--
051,長榮大學,051212,無,觀光與餐飲管理學系(青年儲蓄帳戶組),,1,一般,底標,--,--,--,--,--,--,--,--,--,--,--,--,--,--,--,--,--,--,--,--,--,--,--,--,--,--
051,長榮大學,051222,無,醫務管理學系醫療機構管理組,,6,一般,底標,--,--,--,--,--,--,15,8,--,--,--,--,--,--,國文8,英文4,--,--,--,--,--,--,--,--,--,*
051,長榮大學,051232,無,醫務管理學系長照機構管理組,,10,一般,底標,--,--,--,--,--,--,10,--,--,--,5,--,--,--,國文8,社會6,--,--,--,--,--,--,--,--,--,*
051,長榮大學,051242,無,醫務管理學系健康大數據組,,6,一般,底標,--,--,--,--,--,--,15,--,--,8,--,--,--,--,國文8,數學B3,--,--,--,--,--,--,--,--,--,--
051,長榮大學,051252,無,生物科技學系生技醫學組,,12,一般,底標,--,--,--,--,--,--,4,--,--,--,--,--,--,--,國文10,--,--,--,--,--,--,--,--,--,--,*
051,長榮大學,051262,無,生物科技學系生物檢測組,,12,一般,底標,--,--,--,--,--,--,8,4,--,--,--,--,--,--,國文8,英文4,--,--,--,--,--,--,--,--,--,*
051,長榮大學,051272,無,生物科技學系(青年儲蓄帳戶組),,1,一般,底標,--,--,--,--,--,--,--,--,--,--,--,--,--,--,--,--,--,--,--,--,--,--,--,--,--,--
051,長榮大學,051282,無,健康心理學系,,24,一般,底標,--,--,--,--,--,--,3,--,--,--,--,--,--,--,國文10,--,--,--,--,--,--,--,--,--,--,*
051,長榮大學,051292,無,保健營養學系,,21,一般,底標,--,--,--,--,--,--,4,--,--,--,--,3,--,--,國文8,--,--,--,--,--,--,--,--,--,--,--
051,長榮大學,051302,無,護理學系,,27,一般,底標,--,--,--,--,--,--,3,--,--,--,--,--,--,--,國文10,--,--,--,--,--,--,--,--,--,--,*
051,長榮大學,051312,無,醫藥科學產業學系醫學科學組,,11,一般,底標,--,--,--,--,--,--,4.5,--,--,--,--,--,--,--,國文8,--,--,--,--,--,--,--,--,--,--,--
051,長榮大學,051322,無,醫藥科學產業學系藥物科技組,,12,一般,底標,--,--,--,--,--,--,8,4,--,--,--,--,--,--,國文8,英文2,--,--,--,--,--,--,--,--,--,--
051,長榮大學,051332,無,職業安全與衛生學系職業安全衛生管理組,,10,一般,--,--,--,--,底標,--,--,--,--,--,--,5,--,--,--,社會7,--,--,--,--,--,--,--,--,--,--,--
051,長榮大學,051342,無,職業安全與衛生學系職場健康促進管理組,,9,一般,--,--,--,--,底標,--,--,55,--,--,--,--,--,--,--,國文4,--,--,--,--,--,--,--,--,--,--,--
051,長榮大學,051352,無,職業安全與衛生學系職業安全組,,8,一般,--,--,--,--,--,底標,--,6,--,--,--,--,--,--,--,國文6,--,--,--,--,--,--,--,--,--,--,--
051,長榮大學,051362,無,職業安全與衛生學系職業衛生組,,8,一般,底標,--,--,--,--,--,--,6,--,--,--,--,--,--,--,國文8,--,--,--,--,--,--,--,--,--,--,--
051,長榮大學,051372,無,職業安全與衛生學系(青年儲蓄帳戶組),,1,一般,底標,--,--,--,--,--,--,--,--,--,--,--,--,--,--,--,--,--,--,--,--,--,--,--,--,--,--
051,長榮大學,051382,無,食品安全衛生與檢驗學士學位學程食品安全管理組,,9,一般,底標,--,--,--,--,--,--,55,--,--,--,--,--,--,--,國文8,--,--,--,--,--,--,--,--,--,--,--
051,長榮大學,051392,無,食品安全衛生與檢驗學士學位學程環境衛生組,,6,一般,底標,--,--,--,--,--,--,--,--,--,--,--,8,--,--,自然3,--,--,--,--,--,--,--,--,--,--,--
051,長榮大學,051402,無,食品安全衛生與檢驗學士學位學程食品檢驗組,,8,一般,--,--,--,--,--,底標,--,--,--,--,--,--,6,--,--,自然5,--,--,--,--,--,--,--,--,--,--,*
051,長榮大學,051412,無,消防安全學士學位學程消防實務管理組,,10,一般,--,--,--,--,底標,--,--,--,--,--,--,5,--,--,--,社會7,--,--,--,--,--,--,--,--,--,--,*
051,長榮大學,051422,無,消防安全學士學位學程火場鑑識組,,11,一般,--,--,--,--,--,底標,--,--,--,--,--,--,4.5,--,--,自然5,--,--,--,--,--,--,--,--,--,--,*
051,長榮大學,051432,無,消防安全學士學位學程消防防災技術組,,8,一般,底標,--,--,--,--,--,--,6,--,--,--,--,--,--,--,國文8,--,--,--,--,--,--,--,--,--,--,--
051,長榮大學,051442,無,消防安全學士學位學程(青年儲蓄帳戶組),,1,一般,底標,--,--,--,--,--,--,--,--,--,--,--,--,--,--,--,--,--,--,--,--,--,--,--,--,--,--
051,長榮大學,051452,無,綠能與環境資源學系綠能產業管理組,,7,一般,--,--,--,--,底標,--,--,7,--,--,--,12,--,--,--,社會6,國文3,--,--,--,--,--,--,--,--,--,--
051,長榮大學,051462,無,綠能與環境資源學系綠能產業實務組,,7,一般,底標,--,--,--,--,--,--,12,--,--,--,7,--,--,--,國文8,--,--,--,--,--,--,--,--,--,--,--
051,長榮大學,051472,無,綠能與環境資源學系綠能環境科技組,,13,一般,--,--,--,--,--,底標,--,3.5,--,--,--,--,10,--,--,自然5,國文7,--,--,--,--,--,--,--,--,--,*
051,長榮大學,051482,無,大眾傳播學系,,27,一般,底標,--,--,--,--,--,--,3,--,--,--,--,--,--,--,國文9,--,--,--,--,--,--,--,--,--,--,*
051,長榮大學,051492,無,翻譯學系產業翻譯實務組,,12,一般,底標,--,--,--,--,--,--,4,--,--,--,--,--,--,--,國文8,--,--,--,--,--,--,--,--,--,--,--
051,長榮大學,051502,無,翻譯學系語文教學與觀光實務組,,14,一般,--,--,--,--,底標,--,--,--,--,--,--,3.5,--,--,--,社會6,--,--,--,--,--,--,--,--,--,--,*
051,長榮大學,051512,無,社會工作學系,,30,一般,底標,--,--,--,--,--,--,3,--,--,--,--,--,--,--,國文9,--,--,--,--,--,--,--,--,--,--,*
051,長榮大學,051522,無,社會工作學系(青年儲蓄帳戶組),,1,一般,底標,--,--,--,--,--,--,--,--,--,--,--,--,--,--,--,--,--,--,--,--,--,--,--,--,--,--
051,長榮大學,051532,無,應用日語學系語文翻譯組,,15,一般,底標,--,--,--,--,--,--,3,--,--,--,--,--,--,--,國文9,--,--,--,--,--,--,--,--,--,--,*
051,長榮大學,051542,無,應用日語學系國際觀光產業組,,13,一般,--,--,--,--,底標,--,--,3.5,--,--,--,5,--,--,--,社會9,國文9,--,--,--,--,--,--,--,--,--,*
051,長榮大學,051552,無,應用哲學系,,20,一般,底標,--,--,--,--,--,--,3,--,--,--,--,--,--,--,國文8,--,--,--,--,--,--,--,--,--,--,--
051,長榮大學,051562,無,數位媒體設計學系數位媒體設計組,,14,一般,--,--,--,--,底標,--,--,3.5,--,--,--,--,--,--,--,國文10,--,--,--,--,--,--,--,--,--,--,*
051,長榮大學,051572,無,數位媒體設計學系互動設計組,,13,一般,--,底標,--,--,--,--,--,3.5,--,--,--,--,--,--,--,國文6,--,--,--,--,--,--,--,--,--,--,--
051,長榮大學,051582,無,資訊管理學系大數據分析組,,9,一般,底標,--,--,--,--,--,--,--,--,--,5.5,--,--,--,--,--,--,--,--,--,--,--,--,--,--,--,--
051,長榮大學,051592,無,資訊管理學系人工智慧應用組,,10,一般,底標,--,--,--,--,--,--,5,--,--,--,--,--,--,--,國文8,--,--,--,--,--,--,--,--,--,--,--
051,長榮大學,051602,無,資訊工程學系,,28,一般,--,底標,--,--,--,--,--,3,--,--,--,--,--,--,--,國文9,--,--,--,--,--,--,--,--,--,--,*
051,長榮大學,051612,無,美術學系藝術創作組,,12,術科(美術/體育/音樂),,,,,,,,,,,,,,,見原始圖片,國文6,--,--,--,--,--,--,--,--,--,--,*
051,長榮大學,051622,無,美術學系應用藝術組,,5,術科(美術/體育/音樂),,,,,,,,,,,,,,,見原始圖片,國文2,社會4,--,--,--,--,--,--,--,--,--,--
051,長榮大學,051632,無,書畫藝術學系甲組,,4,術科(美術/體育/音樂),,,,,,,,,,,,,,,見原始圖片,國文5,素描51,--,--,--,--,--,--,--,--,--,--
051,長榮大學,051642,無,書畫藝術學系乙組,,8,術科(美術/體育/音樂),,,,,,,,,,,,,,,見原始圖片,國文4,--,--,--,--,--,--,--,--,--,--,--
051,長榮大學,051652,無,台灣文化創意產業學士學位學程,,17,術科(美術/體育/音樂),,,,,,,,,,,,,,,見原始圖片,國文2,--,--,--,--,--,--,--,--,--,--,--
051,長榮大學,051662,無,運動競技學系,,8,術科(美術/體育/音樂),,,,,,,,,,,,,,,見原始圖片,國文2,社會5,--,--,--,--,--,--,--,--,--,--
056,國立臺灣藝術大學,056012,無,圖文傳播藝術學系,,14,一般,均標,均標,--,--,均標,--,--,--,--,--,--,--,--,3,--,國英社38,--,--,--,--,--,--,--,--,--,--,*
056,國立臺灣藝術大學,056022,無,廣播電視學系,,14,一般,均標,均標,--,--,均標,--,--,--,--,--,--,--,--,3,--,國英社39,--,--,--,--,--,--,--,--,--,--,*
056,國立臺灣藝術大學,056032,無,電影學系,,14,一般,均標,均標,--,--,--,--,--,3,3,--,--,--,--,--,--,(國文+英文)26,--,--,--,--,--,--,--,--,--,--,*
056,國立臺灣藝術大學,056042,男,戲劇學系,,10,一般,後標,後標,--,--,後標,--,B,9,9,--,--,9,--,--,--,(國文+英文+社會)23,--,--,--,--,--,--,--,--,--,--,--
056,國立臺灣藝術大學,056042,女,戲劇學系,,10,一般,後標,後標,--,--,後標,--,B,9,9,--,--,9,--,--,--,(國文+英文+社會)31,--,--,--,--,--,--,--,--,--,--,*
056,國立臺灣藝術大學,056052,無,音樂學系,鋼琴,12,音樂,,,,,,,,,,,,,,,見原始圖片,主修70.14,--,--,--,--,--,--,--,--,--,--,--
056,國立臺灣藝術大學,056052,無,音樂學系,聲樂,7,音樂,,,,,,,,,,,,,,,見原始圖片,主修83.43,--,--,--,--,--,--,--,--,--,--,--
056,國立臺灣藝術大學,056052,無,音樂學系,小提琴,7,音樂,,,,,,,,,,,,,,,見原始圖片,主修75.79,--,--,--,--,--,--,--,--,--,--,--
056,國立臺灣藝術大學,056052,無,音樂學系,中提琴,2,音樂,,,,,,,,,,,,,,,見原始圖片,主修82.93,--,--,--,--,--,--,--,--,--,--,--
056,國立臺灣藝術大學,056052,無,音樂學系,大提琴,1,音樂,,,,,,,,,,,,,,,見原始圖片,主修86,--,--,--,--,--,--,--,--,--,--,--
056,國立臺灣藝術大學,056052,無,音樂學系,低音提琴,1,音樂,,,,,,,,,,,,,,,見原始圖片,主修83.14,--,--,--,--,--,--,--,--,--,--,--
056,國立臺灣藝術大學,056052,無,音樂學系,豎琴,1,音樂,,,,,,,,,,,,,,,見原始圖片,--,--,--,--,--,--,--,--,--,--,--,--
056,國立臺灣藝術大學,056052,無,音樂學系,古典吉他,1,音樂,,,,,,,,,,,,,,,見原始圖片,主修85.4,--,--,--,--,--,--,--,--,--,--,--
056,國立臺灣藝術大學,056052,無,音樂學系,長號,1,音樂,,,,,,,,,,,,,,,見原始圖片,主修84.11,--,--,--,--,--,--,--,--,--,--,--
056,國立臺灣藝術大學,056052,無,音樂學系,小號,1,音樂,,,,,,,,,,,,,,,見原始圖片,主修83.44,--,--,--,--,--,--,--,--,--,--,--
056,國立臺灣藝術大學,056052,無,音樂學系,法國號,1,音樂,,,,,,,,,,,,,,,見原始圖片,主修83.11,--,--,--,--,--,--,--,--,--,--,--
056,國立臺灣藝術大學,056052,無,音樂學系,上低音號,1,音樂,,,,,,,,,,,,,,,見原始圖片,主修87,--,--,--,--,--,--,--,--,--,--,--
056,國立臺灣藝術大學,056052,無,音樂學系,薩克斯管,1,音樂,,,,,,,,,,,,,,,見原始圖片,主修87.11,--,--,--,--,--,--,--,--,--,--,--
056,國立臺灣藝術大學,056052,無,音樂學系,長笛,1,音樂,,,,,,,,,,,,,,,見原始圖片,主修87.56,--,--,--,--,--,--,--,--,--,--,--
056,國立臺灣藝術大學,056052,無,音樂學系,單簧管(豎笛),1,音樂,,,,,,,,,,,,,,,見原始圖片,主修87.22,--,--,--,--,--,--,--,--,--,--,--
056,國立臺灣藝術大學,056052,無,音樂學系,雙簧管,1,音樂,,,,,,,,,,,,,,,見原始圖片,主修86.22,--,--,--,--,--,--,--,--,--,--,--
056,國立臺灣藝術大學,056052,無,音樂學系,低音管,1,音樂,,,,,,,,,,,,,,,見原始圖片,主修80.67,--,--,--,--,--,--,--,--,--,--,--
056,國立臺灣藝術大學,056052,無,音樂學系,擊樂,1,音樂,,,,,,,,,,,,,,,見原始圖片,主修85.2,--,--,--,--,--,--,--,--,--,--,--
056,國立臺灣藝術大學,056052,無,音樂學系,理論作曲,5,音樂,,,,,,,,,,,,,,,見原始圖片,主修74.32,--,--,--,--,--,--,--,--,--,--,--
056,國立臺灣藝術大學,056062,無,中國音樂學系,,30,術科(美術/體育/音樂),,,,,,,,,,,,,,,見原始圖片,(副修+樂理+視唱+聽寫)147.03,--,--,--,--,--,--,--,--,--,--,--
056,國立臺灣藝術大學,056072,無,美術學系,,11,術科(美術/體育/音樂),,,,,,,,,,,,,,,見原始圖片,(素描+彩繪技法+美術鑑賞)242,(國文+英文)16,--,--,--,--,--,--,--,--,--,*
056,國立臺灣藝術大學,056082,無,書畫藝術學系,,14,術科(美術/體育/音樂),,,,,,,,,,,,,,,見原始圖片,水墨書畫84,--,--,--,--,--,--,--,--,--,--,*
056,國立臺灣藝術大學,056092,男,雕塑學系,,7,術科(美術/體育/音樂),,,,,,,,,,,,,,,見原始圖片,美術鑑賞36,創意表現39,素描90,--,--,--,--,--,--,--,--,*
056,國立臺灣藝術大學,056092,女,雕塑學系,,6,術科(美術/體育/音樂),,,,,,,,,,,,,,,見原始圖片,美術鑑賞34,創意表現42,素描93,--,--,--,--,--,--,--,--,*
056,國立臺灣藝術大學,056102,無,古蹟藝術修護學系,,11,術科(美術/體育/音樂),,,,,,,,,,,,,,,見原始圖片,(素描+彩繪技法+水墨書畫)193.8,--,--,--,--,--,--,--,--,--,--,--
056,國立臺灣藝術大學,056112,無,視覺傳達設計學系,,11,術科(美術/體育/音樂),,,,,,,,,,,,,,,見原始圖片,(素描+彩繪技法+創意表現+美術鑑賞)281,(國文+英文)20,--,--,--,--,--,--,--,--,--,*
056,國立臺灣藝術大學,056122,無,工藝設計學系,,12,術科(美術/體育/音樂),,,,,,,,,,,,,,,見原始圖片,(創意表現+美術鑑賞)99,素描72,(國文+英文+社會)32,--,--,--,--,--,--,--,--,*
056,國立臺灣藝術大學,056132,無,多媒體動畫藝術學系,,10,術科(美術/體育/音樂),,,,,,,,,,,,,,,見原始圖片,(素描+創意表現)165,(國文+英文)20,--,--,--,--,--,--,--,--,--,*
056,國立臺灣藝術大學,056142,無,亞太建築空間與文物保存學士學位學程,,10,術科(美術/體育/音樂),,,,,,,,,,,,,,,見原始圖片,素描72,國英15,--,--,--,--,--,--,--,--,--,--
056,國立臺灣藝術大學,056152,無,舞蹈學系,,35,術科(美術/體育/音樂),,,,,,,,,,,,,,,見原始圖片,(國文+英文)11,--,--,--,--,--,--,--,--,--,--,--
058,國立暨南國際大學,058012,無,中國語文學系,,28,一般,前標,--,--,--,均標,--,--,3,--,--,--,6,--,--,--,社會10,國文12,--,--,--,--,--,--,--,--,--,*
058,國立暨南國際大學,058022,無,外國語文學系,,18,一般,均標,均標,--,--,--,--,--,--,--,--,--,--,--,3,--,國英22,--,--,--,--,--,--,--,--,--,--,*
058,國立暨南國際大學,058032,無,社會政策與社會工作學系,,18,一般,--,--,--,--,均標,--,--,--,--,--,--,6,--,3,--,社會12,國英20,--,--,--,--,--,--,--,--,--,*
058,國立暨南國際大學,058042,無,公共行政與政策學系,,26,一般,--,--,--,均標,均標,--,--,5,3,--,--,--,--,--,--,國文11,英文8,--,--,--,--,--,--,--,--,--,*
058,國立暨南國際大學,058052,無,歷史學系,,19,一般,--,--,--,--,均標,--,--,7,--,--,--,3,--,--,--,國文10,社會13,--,--,--,--,--,--,--,--,--,*
058,國立暨南國際大學,058062,無,東南亞學系,,22,一般,--,均標,--,--,均標,--,--,--,3,--,--,5,--,--,--,社會10,英文8,--,--,--,--,--,--,--,--,--,--
058,國立暨南國際大學,058072,無,國際企業學系,,24,一般,--,均標,--,--,--,--,--,--,--,--,--,--,--,3,--,國英數B22,--,--,--,--,--,--,--,--,--,--,--
058,國立暨南國際大學,058082,無,經濟學系,,29,一般,--,--,後標,均標,--,--,--,--,--,--,--,--,--,3,--,國英16,--,--,--,--,--,--,--,--,--,--,*
058,國立暨南國際大學,058092,無,資訊管理學系,,25,一般,--,均標,--,均標,--,--,--,--,6,--,3,--,--,--,--,英文8,數學B7,--,--,--,--,--,--,--,--,--,--
058,國立暨南國際大學,058112,無,財務金融學系,,26,一般,--,--,--,均標,--,--,--,--,--,--,--,--,--,3,--,英數B18,--,--,--,--,--,--,--,--,--,--,*
058,國立暨南國際大學,058122,無,觀光休閒與餐旅管理學系觀光休閒組,,11,一般,均標,--,--,--,--,--,--,6.5,4.5,--,--,--,--,--,--,國文11,英文3,--,--,--,--,--,--,--,--,--,--
058,國立暨南國際大學,058132,無,觀光休閒與餐旅管理學系餐旅管理組,,9,一般,均標,--,--,--,--,--,--,6.5,55,--,--,--,--,--,--,國文11,英文3,--,--,--,--,--,--,--,--,--,--
058,國立暨南國際大學,058142,無,管理學院學士班,,10,一般,--,均標,--,--,--,--,--,--,--,--,--,--,--,5,--,英數B16,--,--,--,--,--,--,--,--,--,--,--
058,國立暨南國際大學,058152,無,國際文教與比較教育學系,,21,一般,均標,均標,--,--,--,--,--,6,3,--,--,--,--,--,--,國文11,英文8,--,--,--,--,--,--,--,--,--,--
058,國立暨南國際大學,058162,無,教育政策與行政學系,,20,一般,均標,--,--,--,--,--,--,3,--,--,--,6,--,--,--,社會9,國文12,--,--,--,--,--,--,--,--,--,*
058,國立暨南國際大學,058172,無,諮商心理與人力資源發展學系諮商心理組,,11,一般,--,均標,--,均標,--,--,--,--,4.5,--,6,10,--,--,--,--,數學B7,英文9,--,--,--,--,--,--,--,--,*
058,國立暨南國際大學,058182,無,諮商心理與人力資源發展學系終身學習與人力資源發展組,,11,一般,均標,--,--,--,--,--,--,--,--,--,--,--,--,4.5,--,國英20,--,--,--,--,--,--,--,--,--,--,*
058,國立暨南國際大學,058192,無,教育學院學士班教育科技與數位學習組,,5,一般,均標,均標,--,--,--,--,--,6,6,--,--,3,--,--,--,(國文+英文)20,社會11,--,--,--,--,--,--,--,--,--,--
058,國立暨南國際大學,058202,無,教育學院學士班教育心理與輔導組,,5,一般,--,均標,--,--,均標,--,--,4,6,--,--,6,--,--,--,(英文+社會)18,國文10,--,--,--,--,--,--,--,--,--,*
058,國立暨南國際大學,058212,無,資訊工程學系,,17,一般,--,--,均標,--,--,--,--,--,5,3,--,--,--,--,--,英文8,數學A10,--,--,--,--,--,--,--,--,--,*
058,國立暨南國際大學,058242,無,土木工程學系,,20,一般,--,--,後標,--,--,--,--,--,--,7,--,--,3,--,--,數學A6,自然10,--,--,--,--,--,--,--,--,--,*
058,國立暨南國際大學,058252,無,電機工程學系,,30,一般,--,--,--,--,--,均標,--,--,3,--,--,--,3,6,--,國英自33,(英文+自然)23,--,--,--,--,--,--,--,--,--,*
058,國立暨南國際大學,058262,無,應用化學系,,22,一般,--,--,--,--,--,均標,--,--,--,6,--,--,3,--,--,數學A7,自然11,--,--,--,--,--,--,--,--,--,*
058,國立暨南國際大學,058272,無,應用材料及光電工程學系,,2222,一般,--,--,--,--,--,均標,--,--,--,3,--,--,7,--,--,自然9,數學A10,--,--,--,--,--,--,--,--,--,*
058,國立暨南國際大學,058282,無,科技學院學士班,,10,一般,--,--,--,--,--,均標,--,--,--,5,--,--,7,--,--,自然10,數A8,--,--,--,--,--,--,--,--,--,*
058,國立暨南國際大學,058302,無,護理學系,,14,一般,--,--,--,--,--,後標,--,--,--,--,--,--,--,3.5,--,英自18,--,--,--,--,--,--,--,--,--,--,*
058,國立暨南國際大學,058102,無,資訊管理學系(資安組),,4,APCS,,,,,,,,,,,,,,,見原始圖片,(APCS識讀+APCS實作)6,英文9,數學B9,--,--,--,--,--,--,--,--,--
058,國立暨南國際大學,058222,無,資訊工程學系(APCS組),,3,APCS,,,,,,,,,,,,,,,見原始圖片,(英文+數學A)15,(APCS識讀+APCS實作)6,--,--,--,--,--,--,--,--,--,*
058,國立暨南國際大學,058232,無,資訊工程學系(資安組),,3,APCS,,,,,,,,,,,,,,,見原始圖片,英文7,(APCS識讀+APCS實作)5,數學A9,--,--,--,--,--,--,--,--,--
058,國立暨南國際大學,058292,無,科技學院學士班(資安組),,2,APCS,,,,,,,,,,,,,,,見原始圖片,--,--,--,--,--,--,--,--,--,--,--,--
059,南華大學,059012,無,財務金融學系,,10,一般,底標,--,--,--,--,--,--,5,--,--,--,--,--,--,--,國文10,--,--,--,--,--,--,--,--,--,--,*
059,南華大學,059022,無,財務金融學系證券投資組,,10,一般,--,--,--,--,底標,--,--,--,--,--,--,5,--,--,--,社會6,--,--,--,--,--,--,--,--,--,--,--
059,南華大學,059032,無,財務金融學系理財規劃組,,10,一般,--,--,--,--,底標,--,--,--,--,--,--,--,--,5,--,國社10,--,--,--,--,--,--,--,--,--,--,--
059,南華大學,059042,無,企業管理學系數位行銷組,,8,一般,底標,--,--,--,--,--,--,6,--,--,--,--,--,--,--,國文8,--,--,--,--,--,--,--,--,--,--,--
059,南華大學,059052,無,企業管理學系創新創業組,,7,一般,--,--,--,--,底標,--,--,--,--,--,--,--,--,7,--,國社14,--,--,--,--,--,--,--,--,--,--,*
059,南華大學,059062,無,企業管理學系經營管理組,,8,一般,--,--,--,--,底標,--,--,--,--,--,--,6,--,--,--,社會7,--,--,--,--,--,--,--,--,--,--,*
059,南華大學,059072,無,企業管理學系服務業管理組,,7,一般,底標,--,--,--,--,--,--,7,--,--,--,--,--,--,--,國文8,--,--,--,--,--,--,--,--,--,--,--
059,南華大學,059082,無,文化創意事業管理學系,,30,一般,--,--,--,--,底標,--,--,3,--,--,--,6,--,--,--,社會6,國文3,--,--,--,--,--,--,--,--,--,--
059,南華大學,059092,無,旅遊管理學系,,10,一般,底標,--,--,--,--,--,--,5,--,--,--,--,--,--,--,國文8,--,--,--,--,--,--,--,--,--,--,--
059,南華大學,059102,無,旅遊管理學系旅館管理組,,7,一般,--,--,--,--,底標,--,--,7,--,--,--,--,--,--,--,國文3,--,--,--,--,--,--,--,--,--,--,--
059,南華大學,059112,無,旅遊管理學系觀光遊憩組,,7,一般,底標,--,--,--,--,--,--,--,--,--,--,7,--,--,--,社會4,--,--,--,--,--,--,--,--,--,--,--
059,南華大學,059122,無,旅遊管理學系餐宴廚藝組,,9,一般,--,--,--,--,底標,--,--,--,--,--,--,55,--,--,--,社會8,--,--,--,--,--,--,--,--,--,--,*
059,南華大學,059132,無,管理學院國際企業學士學位學程,,10,一般,底標,--,--,--,--,--,--,--,--,--,--,--,--,5,--,國社13,--,--,--,--,--,--,--,--,--,--,--
059,南華大學,059142,無,管理學院國際企業學士學位學程國際數位行銷組,,9,一般,--,底標,--,--,--,--,--,--,--,--,--,--,--,55,--,國英5,--,--,--,--,--,--,--,--,--,--,--
059,南華大學,059152,無,生死學系社會工作組,,32,一般,底標,--,--,--,--,--,--,3,--,--,--,--,--,--,--,國文8,--,--,--,--,--,--,--,--,--,--,*
059,南華大學,059162,無,生死學系殯葬服務組,,34,一般,底標,--,--,--,--,--,--,3,--,--,--,--,--,--,--,國文9,--,--,--,--,--,--,--,--,--,--,*
059,南華大學,059172,無,生死學系諮商組,,29,一般,底標,--,--,--,--,--,--,3,--,--,--,--,--,--,--,國文9,--,--,--,--,--,--,--,--,--,--,*
059,南華大學,059182,無,幼兒教育學系,,34,一般,底標,--,--,--,--,--,--,3,--,--,--,--,--,--,--,國文9,--,--,--,--,--,--,--,--,--,--,*
059,南華大學,059192,無,文學系,,15,一般,底標,--,--,--,--,--,--,--,--,--,--,--,--,3,--,國社8,--,--,--,--,--,--,--,--,--,--,--
059,南華大學,059202,無,文學系藝文創作組,,16,一般,底標,--,--,--,--,--,--,3,--,--,--,--,--,--,--,國文8,--,--,--,--,--,--,--,--,--,--,--
059,南華大學,059212,無,外國語文學系,,28,一般,--,底標,--,--,--,--,--,--,3,--,--,--,--,--,--,英文4,--,--,--,--,--,--,--,--,--,--,*
059,南華大學,059222,無,應用社會學系社會學組研究調查組,,6,一般,--,--,--,--,底標,--,--,--,--,--,--,8,--,--,--,社會6,--,--,--,--,--,--,--,--,--,--,--
059,南華大學,059232,無,應用社會學系社會學組社區實務組,,6,一般,底標,--,--,--,--,--,--,8,--,--,--,--,--,--,--,國文8,--,--,--,--,--,--,--,--,--,--,--
059,南華大學,059242,無,應用社會學系社會工作組,,10,一般,底標,--,--,--,底標,--,--,5,--,--,--,--,--,--,--,國文9,--,--,--,--,--,--,--,--,--,--,*
059,南華大學,059252,無,應用社會學系社會工作組長期照顧管理組,,7,一般,--,--,--,--,底標,--,--,--,--,--,--,7,--,--,--,社會7,--,--,--,--,--,--,--,--,--,--,*
059,南華大學,059262,無,應用社會學系社會工作組兒少婦家庭組,,10,一般,底標,--,--,--,--,--,--,5,--,--,--,--,--,--,--,國文8,--,--,--,--,--,--,--,--,--,--,--
059,南華大學,059272,無,傳播學系廣告公關新聞組,,12,一般,底標,--,--,--,--,--,--,4,--,--,--,--,--,--,--,國文9,--,--,--,--,--,--,--,--,--,--,*
059,南華大學,059282,無,傳播學系數位影音製作組,,11,一般,--,--,--,--,底標,--,--,--,--,--,--,4.5,--,--,--,社會8,--,--,--,--,--,--,--,--,--,--,*
059,南華大學,059292,無,傳播學系影劇表演藝術組,,11,一般,底標,--,--,--,--,--,--,--,--,--,--,--,--,4.5,--,國社15,--,--,--,--,--,--,--,--,--,--,*
059,南華大學,059302,無,國際事務與企業學系,,10,一般,--,--,--,--,底標,--,--,--,--,--,--,5,--,--,--,社會8,--,--,--,--,--,--,--,--,--,--,*
059,南華大學,059312,無,國際事務與企業學系外交與國際事務組,,8,一般,--,--,--,--,底標,--,--,--,--,--,--,6,--,--,--,社會6,--,--,--,--,--,--,--,--,--,--,--
059,南華大學,059322,無,國際事務與企業學系公共事務與管理組,,12,一般,底標,--,--,--,--,--,--,4,--,--,--,--,--,--,--,國文8,--,--,--,--,--,--,--,--,--,--,--
059,南華大學,059332,無,視覺藝術與設計學系繪畫文創組,,6,一般,底標,--,--,--,--,--,--,8,--,--,--,--,--,--,--,國文9,--,--,--,--,--,--,--,--,--,--,*
059,南華大學,059342,無,視覺藝術與設計學系數位設計組,,9,一般,--,--,--,--,底標,--,--,--,--,--,--,5.5,--,--,--,社會9,--,--,--,--,--,--,--,--,--,--,*
059,南華大學,059352,無,民族音樂學系展演創作組,,3,一般,底標,--,--,--,--,--,--,16.5,--,--,--,--,--,--,--,國文8,--,--,--,--,--,--,--,--,--,--,--
059,南華大學,059362,無,民族音樂學系藝術管理組,,3,一般,--,--,--,--,底標,--,--,--,--,--,--,16.5,--,--,--,社會6,--,--,--,--,--,--,--,--,--,--,--
059,南華大學,059372,無,建築學系社會組,,15,一般,底標,--,--,--,--,--,--,--,--,--,--,--,--,3,--,國社18,--,--,--,--,--,--,--,--,--,--,*
059,南華大學,059382,無,建築學系自然組,,15,一般,底標,--,--,--,--,--,--,--,--,--,--,--,--,3,--,國自14,--,--,--,--,--,--,--,--,--,--,*
059,南華大學,059392,無,產品與室內設計學系,,5,一般,底標,--,--,--,--,--,--,10,--,--,--,--,--,--,--,國文8,--,--,--,--,--,--,--,--,--,--,*
059,南華大學,059402,無,產品與室內設計學系(青年儲蓄帳戶組),,1,一般,底標,--,--,--,--,--,--,--,--,--,--,--,--,--,--,--,--,--,--,--,--,--,--,--,--,--,--
059,南華大學,059412,無,資訊工程學系,,20,一般,--,--,底標,底標,--,--,--,3,--,--,--,--,--,--,--,國文9,--,--,--,--,--,--,--,--,--,--,*
059,南華大學,059422,無,資訊工程學系人工智慧組,,14,一般,--,--,底標,底標,--,--,--,--,--,--,--,--,3.5,--,--,自然6,--,--,--,--,--,--,--,--,--,--,*
059,南華大學,059432,無,資訊工程學系資訊電子組,,8,一般,--,--,底標,底標,--,--,--,--,--,--,--,--,--,6,--,國自14,--,--,--,--,--,--,--,--,--,--,*
059,南華大學,059442,無,資訊工程學系互動遊戲設計組,,14,一般,--,--,底標,底標,--,--,--,--,--,--,--,--,--,3,--,國英4,--,--,--,--,--,--,--,--,--,--,--
059,南華大學,059452,無,自然生物科技學系,,12,一般,--,--,--,--,--,底標,--,--,--,--,--,--,4,--,--,自然7,--,--,--,--,--,--,--,--,--,--,*
059,南華大學,059462,無,自然生物科技學系生技療癒組,,10,一般,--,--,--,--,底標,--,--,--,--,--,--,5,--,--,--,社會6,--,--,--,--,--,--,--,--,--,--,--
059,南華大學,059472,無,自然生物科技學系產品研發組,,10,一般,底標,--,--,--,--,--,--,5,--,--,--,--,--,--,--,國文8,--,--,--,--,--,--,--,--,--,--,--
059,南華大學,059482,無,資訊管理學系,,30,一般,底標,--,--,--,--,--,--,8,--,--,--,--,--,3,--,國文8,國社8,--,--,--,--,--,--,--,--,--,--
060,國立臺灣體育運動大學,060012,無,體育學系(一般組),,36,一般,--,底標,--,--,--,--,--,3,3,--,3,--,--,--,--,(國文+英文+數學B)22,--,--,--,--,--,--,--,--,--,--,*
060,國立臺灣體育運動大學,060022,無,休閒運動學系(一般組),,9,一般,底標,底標,--,--,底標,--,--,5,5,--,--,5,--,--,--,(國文+英文+社會)29,--,--,--,--,--,--,--,--,--,--,*
060,國立臺灣體育運動大學,060032,無,運動事業管理學系,,16,一般,後標,後標,--,--,後標,--,--,3,3,--,--,--,--,--,--,(國文+英文)17,--,--,--,--,--,--,--,--,--,--,--
060,國立臺灣體育運動大學,060042,無,運動健康科學學系,,29,一般,後標,後標,--,--,--,後標,--,3,3,--,--,--,3,--,--,(國文+英文+自然)26,--,--,--,--,--,--,--,--,--,--,*
060,國立臺灣體育運動大學,060052,無,運動資訊與傳播學系,,15,一般,後標,後標,--,後標,後標,--,--,3,3,--,3,3,--,--,--,(國文+英文+數學B+社會)28,--,--,--,--,--,--,--,--,--,--,--
060,國立臺灣體育運動大學,060062,無,體育學系(青年儲蓄帳戶組),,1,一般,底標,--,--,--,--,--,--,--,--,--,--,--,--,--,--,--,--,--,--,--,--,--,--,--,--,--,--
060,國立臺灣體育運動大學,060072,無,體育學系(運動專長組),,33,術科(美術/體育/音樂),,,,,,,,,,,,,,,見原始圖片,國英3,--,--,--,--,--,--,--,--,--,--,--
060,國立臺灣體育運動大學,060082,無,休閒運動學系(休閒運動組),,2,術科(美術/體育/音樂),,,,,,,,,,,,,,,見原始圖片,(國文+英文+社會)21,--,--,--,--,--,--,--,--,--,--,*
063,國立臺南藝術大學,063012,無,藝術史學系,,15,一般,--,--,--,--,均標,--,--,10,--,--,--,3,--,--,--,國文7,社會12,--,--,--,--,--,--,--,--,--,*
063,國立臺南藝術大學,063022,無,藝術史學系(青年儲蓄帳戶組),,1,一般,--,--,--,--,均標,--,--,--,--,--,--,--,--,--,--,--,--,--,--,--,--,--,--,--,--,--,--
063,國立臺南藝術大學,063032,無,應用音樂學系,,27,術科(美術/體育/音樂),,,,,,,,,,,,,,,見原始圖片,國文9,英文5,--,--,--,--,--,--,--,--,--,*
063,國立臺南藝術大學,063042,無,材質創作與設計系,,21,術科(美術/體育/音樂),,,,,,,,,,,,,,,見原始圖片,創意表現69,素描75,--,--,--,--,--,--,--,--,--,*
065,玄奘大學,065012,無,社會工作學系,,18,一般,底標,--,--,--,--,--,--,3,--,--,--,--,--,--,--,國文8,--,--,--,--,--,--,--,--,--,--,--
065,玄奘大學,065022,無,應用心理學系,,28,一般,底標,--,--,--,--,--,--,3,--,--,--,--,--,--,--,國文8,--,--,--,--,--,--,--,--,--,--,*
065,玄奘大學,065032,無,法律學系,,19,一般,底標,--,--,--,--,--,--,3,--,--,--,--,--,--,--,國文8,--,--,--,--,--,--,--,--,--,--,--
065,玄奘大學,065042,無,宗教與文化學系,,2,一般,底標,--,--,--,--,--,--,5,--,--,--,--,--,--,--,國文9,--,--,--,--,--,--,--,--,--,--,--
065,玄奘大學,065052,無,大眾傳播學系,,15,一般,底標,--,--,--,--,--,--,3,--,--,--,--,--,--,--,國文8,--,--,--,--,--,--,--,--,--,--,--
065,玄奘大學,065062,無,影劇藝術學系,,9,一般,底標,--,--,--,--,--,--,5,--,--,--,--,--,--,--,國文8,--,--,--,--,--,--,--,--,--,--,--
065,玄奘大學,065072,無,應用日語學系,,17,一般,底標,--,--,--,--,--,--,3,--,--,--,--,--,--,--,國文8,--,--,--,--,--,--,--,--,--,--,--
065,玄奘大學,065082,無,餐旅管理學系,,10,一般,底標,--,--,--,--,--,--,5,--,--,--,--,--,--,--,國文8,--,--,--,--,--,--,--,--,--,--,--
065,玄奘大學,065092,無,視覺傳達設計學系,,14,術科(美術/體育/音樂),,,,,,,,,,,,,,,見原始圖片,國文2,--,--,--,--,--,--,--,--,--,--,--
065,玄奘大學,065102,無,藝術與創意設計學系,,14,術科(美術/體育/音樂),,,,,,,,,,,,,,,見原始圖片,國文4,--,--,--,--,--,--,--,--,--,--,*
065,玄奘大學,065112,無,時尚設計學系,,11,術科(美術/體育/音樂),,,,,,,,,,,,,,,見原始圖片,國文4,--,--,--,--,--,--,--,--,--,--,--
079,真理大學,079012,無,人文與資訊學系一般組,,7,一般,底標,--,--,--,--,--,--,7,--,--,--,--,--,--,--,國文8,--,--,--,--,--,--,--,--,--,--,--
079,真理大學,079022,無,人文與資訊學系行銷實務組,,6,一般,底標,--,--,--,底標,--,--,8,--,--,--,8,--,--,--,(國文+社會)15,--,--,--,--,--,--,--,--,--,--,--
079,真理大學,079032,無,人文與資訊學系數位應用組,,7,一般,--,--,--,--,底標,--,--,--,--,--,--,7,--,--,--,社會6,--,--,--,--,--,--,--,--,--,--,--
079,真理大學,079042,無,宗教文化與資訊管理學系,,8,一般,底標,--,--,--,--,--,--,6,--,--,--,--,--,--,--,國文8,--,--,--,--,--,--,--,--,--,--,--
079,真理大學,079052,無,宗教文化與資訊管理學系生命關懷組,,7,一般,底標,--,--,--,--,--,--,7,--,--,--,7,--,--,--,(國文+社會)13,--,--,--,--,--,--,--,--,--,--,--
079,真理大學,079062,無,宗教文化與資訊管理學系資訊與文創組,,6,一般,--,--,--,--,底標,--,--,8,--,--,--,8,--,--,--,(國文+社會)9,--,--,--,--,--,--,--,--,--,--,--
079,真理大學,079072,無,宗教文化與資訊管理學系(青年儲蓄帳戶組),,1,一般,底標,--,--,--,--,--,--,--,--,--,--,--,--,--,--,--,--,--,--,--,--,--,--,--,--,--,--
079,真理大學,079082,無,英美語文學系英語暨華語教學組,,18,一般,--,底標,--,--,--,--,--,--,3,--,--,--,--,--,--,英文4,--,--,--,--,--,--,--,--,--,--,*
079,真理大學,079092,無,英美語文學系傳播暨文化經貿組,,2,一般,--,--,--,--,底標,--,--,--,--,--,--,25,--,--,--,社會6,--,--,--,--,--,--,--,--,--,--,--
079,真理大學,079102,無,應用日語學系,,25,一般,底標,--,--,--,--,--,--,4,4,--,--,3,--,--,--,(國文+英文)12,社會7,--,--,--,--,--,--,--,--,--,*
079,真理大學,079112,無,應用日語學系(青年儲蓄帳戶組),,1,一般,底標,--,--,--,--,--,--,--,--,--,--,--,--,--,--,--,--,--,--,--,--,--,--,--,--,--,--
079,真理大學,079122,無,台灣文學系一般組,,9,一般,底標,--,--,--,--,--,--,5,--,--,--,--,--,--,--,國文8,--,--,--,--,--,--,--,--,--,--,--
079,真理大學,079132,無,台灣文學系語文傳播組,,9,一般,--,--,--,--,底標,--,--,6,--,--,--,5,--,--,--,國文3,社會6,--,--,--,--,--,--,--,--,--,--
079,真理大學,079142,無,統計資訊與精算學系一般組,,10,一般,--,--,--,底標,--,--,--,--,--,--,5,--,--,--,--,數學B3,--,--,--,--,--,--,--,--,--,--,--
079,真理大學,079152,無,統計資訊與精算學系商業應用組,,10,一般,底標,--,--,--,--,--,--,5,--,--,--,--,--,--,--,國文8,--,--,--,--,--,--,--,--,--,--,--
079,真理大學,079162,無,統計資訊與精算學系(青年儲蓄帳戶組),,1,一般,底標,--,--,--,--,--,--,--,--,--,--,--,--,--,--,--,--,--,--,--,--,--,--,--,--,--,--
079,真理大學,079172,無,資訊工程學系資訊安全應用組,,6,一般,底標,--,--,--,--,--,--,8,--,--,--,8,--,--,--,(國文+社會)9,--,--,--,--,--,--,--,--,--,--,--
079,真理大學,079182,無,資訊工程學系科技應用組,,8,一般,--,--,--,--,底標,--,--,--,--,--,--,6,--,--,--,社會6,--,--,--,--,--,--,--,--,--,--,--
079,真理大學,079192,無,資訊工程學系人工智慧應用組,,6,一般,--,--,--,底標,--,--,--,8,--,--,--,--,--,--,--,國文7,--,--,--,--,--,--,--,--,--,--,*
079,真理大學,079202,無,資訊工程學系多媒體應用組,,7,一般,底標,--,--,--,--,--,--,7,--,--,--,--,--,--,--,國文8,--,--,--,--,--,--,--,--,--,--,--
079,真理大學,079212,無,資訊工程學系遊戲設計組,,7,一般,--,--,--,底標,--,--,--,--,--,--,--,7,--,--,--,社會4,--,--,--,--,--,--,--,--,--,--,--
079,真理大學,079222,無,法律學系,,34,一般,底標,--,--,--,--,--,--,--,--,--,--,3,--,--,--,社會5,--,--,--,--,--,--,--,--,--,--,*
079,真理大學,079232,無,法律學系(青年儲蓄帳戶組),,1,一般,底標,--,--,--,--,--,--,--,--,--,--,--,--,--,--,--,--,--,--,--,--,--,--,--,--,--,--
079,真理大學,079242,無,會計資訊學系,,18,一般,--,--,--,--,底標,--,--,3,--,--,--,3,--,--,--,(國文+社會)14,--,--,--,--,--,--,--,--,--,--,--
079,真理大學,079252,無,財務金融學系,,21,一般,--,--,--,--,底標,--,--,--,--,--,--,3,--,--,--,社會7,--,--,--,--,--,--,--,--,--,--,*
079,真理大學,079262,無,國際企業與貿易學系,,20,一般,底標,--,--,--,--,--,--,3,--,--,--,--,--,--,--,國文8,--,--,--,--,--,--,--,--,--,--,--
079,真理大學,079272,無,國際企業與貿易學系(青年儲蓄帳戶組),,1,一般,底標,--,--,--,--,--,--,--,--,--,--,--,--,--,--,--,--,--,--,--,--,--,--,--,--,--,--
079,真理大學,079282,無,理財與稅務規劃學系理財組,,10,一般,--,--,--,--,底標,--,--,--,--,--,--,5,--,--,--,社會6,--,--,--,--,--,--,--,--,--,--,--
079,真理大學,079292,無,理財與稅務規劃學系稅務規劃組,,9,一般,底標,--,--,--,--,--,--,5.5,--,--,--,--,--,--,--,國文8,--,--,--,--,--,--,--,--,--,--,--
079,真理大學,079302,無,經濟學系財經大數據組,,9,一般,底標,--,--,--,--,--,--,5.5,--,--,--,--,--,--,--,國文8,--,--,--,--,--,--,--,--,--,--,--
079,真理大學,079312,無,經濟學系應用經濟組,,10,一般,--,--,--,--,底標,--,--,--,--,--,--,5,--,--,--,社會6,--,--,--,--,--,--,--,--,--,--,--
079,真理大學,079322,無,工業管理與經營資訊學系人工智慧應用組,,8,一般,--,底標,--,--,--,--,--,--,6,--,--,--,--,--,--,英文4,--,--,--,--,--,--,--,--,--,--,*
079,真理大學,079332,無,工業管理與經營資訊學系科技創新製造組,,4,一般,底標,--,--,--,--,--,--,12,--,--,--,--,--,--,--,國文8,--,--,--,--,--,--,--,--,--,--,--
079,真理大學,079342,無,工業管理與經營資訊學系智慧經營管理組,,6,一般,--,--,--,--,底標,--,--,--,--,--,--,8,--,--,--,社會6,--,--,--,--,--,--,--,--,--,--,--
079,真理大學,079352,無,企業管理學系,,19,一般,--,--,--,--,底標,--,--,--,--,--,--,3,--,--,--,社會8,--,--,--,--,--,--,--,--,--,--,*
079,真理大學,079362,無,企業管理學系(青年儲蓄帳戶組),,1,一般,--,--,--,--,底標,--,--,--,--,--,--,--,--,--,--,--,--,--,--,--,--,--,--,--,--,--,--
079,真理大學,079372,無,資訊管理學系資安管理組,,9,一般,底標,--,--,--,--,--,--,5.5,--,--,--,5.5,--,--,--,(國文+社會)10,--,--,--,--,--,--,--,--,--,--,--
079,真理大學,079382,無,資訊管理學系電商行銷組,,9,一般,--,--,--,--,底標,--,--,5.5,--,--,--,5.5,--,--,--,(國文+社會)8,--,--,--,--,--,--,--,--,--,--,--
079,真理大學,079392,無,運動管理學系,,28,一般,--,--,--,--,底標,--,--,--,--,--,--,3,--,--,--,社會7,--,--,--,--,--,--,--,--,--,--,--
079,真理大學,079402,無,運動資訊傳播學系,,28,一般,--,--,--,--,底標,--,--,--,--,--,--,3,--,--,--,社會6,--,--,--,--,--,--,--,--,--,--,--
079,真理大學,079412,無,觀光事業學系旅遊管理組,,8,一般,--,--,--,--,底標,--,--,6,--,--,--,8,--,--,--,社會6,國文5,--,--,--,--,--,--,--,--,--,--
079,真理大學,079422,無,觀光事業學系餐旅管理組,,6,一般,底標,--,--,--,--,--,--,6,--,--,--,8,--,--,--,社會4,國文8,--,--,--,--,--,--,--,--,--,--
079,真理大學,079432,無,觀光事業學系休閒遊憩組,,6,一般,底標,--,--,--,--,--,--,--,8,--,--,6,--,--,--,英文3,社會5,--,--,--,--,--,--,--,--,--,--
079,真理大學,079442,無,觀光事業學系產業經營組,,8,一般,--,--,--,--,底標,--,--,--,--,--,--,6,--,--,--,社會7,--,--,--,--,--,--,--,--,--,--,*
079,真理大學,079452,無,觀光事業學系(青年儲蓄帳戶組),,1,一般,底標,--,--,--,--,--,--,--,--,--,--,--,--,--,--,--,--,--,--,--,--,--,--,--,--,--,--
079,真理大學,079462,無,觀光數位知識學系,,20,一般,底標,--,--,--,--,--,--,3,--,--,--,--,--,--,--,國文8,--,--,--,--,--,--,--,--,--,--,--
079,真理大學,079472,無,觀光數位知識學系(青年儲蓄帳戶組),,1,一般,--,--,--,--,底標,--,--,--,--,--,--,--,--,--,--,--,--,--,--,--,--,--,--,--,--,--,--
079,真理大學,079482,無,航空事業學系,,23,一般,底標,--,--,--,--,--,--,3,3,--,--,3,--,--,--,(國文+英文+社會)12,--,--,--,--,--,--,--,--,--,--,--
079,真理大學,079492,無,音樂應用學系-行政管理組,,7,術科(美術/體育/音樂),,,,,,,,,,,,,,,見原始圖片,國文8,--,--,--,--,--,--,--,--,--,--,--
079,真理大學,079502,無,音樂應用學系-演奏教學A組,鋼琴,3,音樂,,,,,,,,,,,,,,,見原始圖片,主修78.79,--,--,--,--,--,--,--,--,--,--,--
079,真理大學,079502,無,音樂應用學系-演奏教學A組,聲樂,1,音樂,,,,,,,,,,,,,,,見原始圖片,主修81.43,--,--,--,--,--,--,--,--,--,--,--
079,真理大學,079502,無,音樂應用學系-演奏教學A組,小提琴,22,音樂,,,,,,,,,,,,,,,見原始圖片,主修74.86,--,--,--,--,--,--,--,--,--,--,--
079,真理大學,079502,無,音樂應用學系-演奏教學A組,大提琴,1,音樂,,,,,,,,,,,,,,,見原始圖片,主修65.29,--,--,--,--,--,--,--,--,--,--,--
079,真理大學,079502,無,音樂應用學系-演奏教學A組,薩克斯管,1,音樂,,,,,,,,,,,,,,,見原始圖片,主修78.56,--,--,--,--,--,--,--,--,--,--,--
079,真理大學,079502,無,音樂應用學系-演奏教學A組,長笛,1,音樂,,,,,,,,,,,,,,,見原始圖片,主修76.44,--,--,--,--,--,--,--,--,--,--,--
079,真理大學,079502,無,音樂應用學系-演奏教學A組,單簧管(豎笛),1,音樂,,,,,,,,,,,,,,,見原始圖片,--,--,--,--,--,--,--,--,--,--,--,--
079,真理大學,079502,無,音樂應用學系-演奏教學A組,擊樂,1,音樂,,,,,,,,,,,,,,,見原始圖片,--,--,--,--,--,--,--,--,--,--,--,--
079,真理大學,079512,無,音樂應用學系-演奏教學B組,,4,術科(美術/體育/音樂),,,,,,,,,,,,,,,見原始圖片,國文8,--,--,--,--,--,--,--,--,--,--,--
099,國立臺北大學,099012,無,法律學系法學組,,26,一般,前標,前標,--,均標,頂標,--,--,3,3.5,--,4,--,--,4.5,--,國英數B社51,數學B11,英文12,國文13,--,--,--,--,--,--,--,*
099,國立臺北大學,099022,無,法律學系法學組(飛鳶組),,1,一般,前標,前標,--,均標,前標,--,--,3,5,--,7,--,--,9,--,國英數B社46,數學B6,英文11,國文12,--,--,--,--,--,--,--,*
099,國立臺北大學,099032,無,法律學系司法組,,26,一般,前標,前標,--,均標,頂標,--,--,3,3.5,--,4,--,--,4.5,--,國英數B社43,數學B6,英文11,國文13,--,--,--,--,--,--,--,*
099,國立臺北大學,099042,無,法律學系司法組(飛鳶組),,1,一般,前標,前標,--,均標,前標,--,--,3,5,--,7,--,--,9,--,國英數B社43,數學B6,英文11,國文13,--,--,--,--,--,--,--,--
099,國立臺北大學,099052,無,法律學系財經法組,,25,一般,前標,前標,--,均標,頂標,--,--,3,3.5,--,4,--,--,4.5,--,國英數B社52,數學B10,英文12,國文13,--,--,--,--,--,--,--,*
099,國立臺北大學,099062,無,法律學系財經法組(飛鳶組),,1,一般,前標,前標,--,均標,前標,--,--,3,5,--,7,--,--,9,--,國英數B社43,數學B7,英文11,國文14,--,--,--,--,--,--,--,--
099,國立臺北大學,099072,無,企業管理學系,,54,一般,均標,均標,均標,--,--,--,--,--,--,--,--,--,--,3,--,國英數A社47,--,--,--,--,--,--,--,--,--,--,*
099,國立臺北大學,099082,無,企業管理學系(飛鳶組),,22,一般,均標,均標,均標,--,--,--,--,--,10,--,--,--,--,5,--,英文9,國英數A27,--,--,--,--,--,--,--,--,--,--
099,國立臺北大學,099092,無,金融與合作經營學系,,27,一般,均標,均標,均標,--,--,--,--,--,15,10,--,--,--,3,--,英文8,數A8,英數A23,--,--,--,--,--,--,--,--,*
099,國立臺北大學,099102,無,金融與合作經營學系(飛鳶組),,22,一般,均標,均標,均標,--,--,--,--,--,15,10,--,--,--,6,--,英文9,數學A7,英數A17,--,--,--,--,--,--,--,--,--
099,國立臺北大學,099112,無,會計學系,,65,一般,均標,均標,均標,--,均標,--,--,--,3,4,--,--,--,6,--,國英數A社43,數A9,英文11,--,--,--,--,--,--,--,--,*
099,國立臺北大學,099122,無,會計學系(飛鳶組),,1,一般,均標,均標,均標,--,均標,--,--,--,5,6,--,--,--,8,--,國英數A社43,數學A8,英文10,--,--,--,--,--,--,--,--,--
099,國立臺北大學,099132,無,統計學系,,27,一般,均標,均標,前標,--,--,--,--,--,--,--,--,--,--,3,--,國英數A33,--,--,--,--,--,--,--,--,--,--,*
099,國立臺北大學,099142,無,統計學系(飛鳶組),,1,一般,均標,均標,前標,--,--,--,--,--,--,--,--,--,--,3,--,國英數A34,--,--,--,--,--,--,--,--,--,--,--
099,國立臺北大學,099152,無,休閒運動管理學系,,25,一般,均標,均標,--,均標,--,--,--,--,3,--,5,--,--,--,--,數學B6,英文11,--,--,--,--,--,--,--,--,--,*
099,國立臺北大學,099162,無,休閒運動管理學系(飛鳶組),,1,一般,均標,均標,--,均標,--,--,--,--,5,--,7,--,--,--,--,數學B7,英文8,--,--,--,--,--,--,--,--,--,--
099,國立臺北大學,099172,無,公共行政暨政策學系,,58,一般,均標,均標,--,--,均標,--,--,4,5,--,--,3,--,--,--,英文12,國文12,社會13,--,--,--,--,--,--,--,--,*
099,國立臺北大學,099182,無,公共行政暨政策學系(飛鳶組),,22,一般,均標,均標,--,--,均標,--,--,6,7,--,--,5,--,--,--,英文8,國文12,社會12,--,--,--,--,--,--,--,--,--
099,國立臺北大學,099192,無,財政學系,,29,一般,均標,均標,均標,--,均標,--,--,--,3,4,--,--,--,5,--,國英數A社47,數學A10,英文11,--,--,--,--,--,--,--,--,*
099,國立臺北大學,099202,無,財政學系(飛鳶組),,1,一般,均標,均標,均標,--,均標,--,--,--,5,6,--,--,--,7,--,國英數A社41,數A7,英文10,--,--,--,--,--,--,--,--,--
099,國立臺北大學,099212,無,不動產與城鄉環境學系甲組,,30,一般,前標,均標,--,均標,--,--,--,--,--,--,--,--,--,3,--,國英數B31,--,--,--,--,--,--,--,--,--,--,*
099,國立臺北大學,099222,無,不動產與城鄉環境學系乙組,,30,一般,--,均標,--,均標,前標,--,--,--,--,--,3,--,--,2.5,--,數學B11,英數B社35,--,--,--,--,--,--,--,--,--,*
099,國立臺北大學,099232,無,不動產與城鄉環境學系(飛鳶組),,2,一般,均標,均標,--,均標,--,--,--,--,6,--,7,--,--,--,--,數學B8,英文9,--,--,--,--,--,--,--,--,--,--
099,國立臺北大學,099242,無,經濟學系,,62,一般,均標,均標,均標,--,均標,--,--,--,3,3,--,--,--,5,--,國英數A社42,(英文+數學A)21,--,--,--,--,--,--,--,--,--,*
099,國立臺北大學,099252,無,經濟學系(飛鳶組),,2,一般,均標,均標,均標,--,均標,--,--,--,6,5,--,--,--,7,--,國英數A社44,英文8,數A8,--,--,--,--,--,--,--,--,--
099,國立臺北大學,099262,無,社會學系,,28,一般,--,均標,--,均標,均標,--,--,--,4,--,5,3,--,--,--,數學B9,英文10,社會14,--,--,--,--,--,--,--,--,*
099,國立臺北大學,099272,無,社會學系(飛鳶組),,1,一般,--,均標,--,均標,均標,--,--,--,4,--,5,3,--,--,--,數B11,英文8,社會11,--,--,--,--,--,--,--,--,--
099,國立臺北大學,099282,無,社會工作學系,,21,一般,均標,均標,--,均標,--,--,--,3,4,--,--,--,--,--,--,英文10,國文13,--,--,--,--,--,--,--,--,--,*
099,國立臺北大學,099292,無,社會工作學系(飛鳶組),,1,一般,均標,均標,--,均標,--,--,--,6,6,--,6,--,--,--,--,(國文+英文+數學B)27,--,--,--,--,--,--,--,--,--,--,--
099,國立臺北大學,099302,無,中國文學系,,23,一般,前標,均標,--,--,均標,--,--,--,--,--,--,--,--,3,--,國英社37,--,--,--,--,--,--,--,--,--,--,*
099,國立臺北大學,099312,無,中國文學系(飛鳶組),,2,一般,均標,均標,--,--,均標,--,--,4,8,--,--,10,--,--,--,社會10,英文8,國文12,--,--,--,--,--,--,--,--,--
099,國立臺北大學,099322,無,應用外語學系,,22,一般,前標,前標,--,--,--,--,--,3,4,--,--,--,--,6,--,國英數B社46,英文13,國文13,--,--,--,--,--,--,--,--,*
099,國立臺北大學,099332,無,應用外語學系(飛鳶組),,2,一般,均標,均標,--,均標,--,--,--,3,4,--,--,--,--,--,--,英文9,國文11,--,--,--,--,--,--,--,--,--,*
099,國立臺北大學,099342,無,歷史學系,,14,一般,均標,--,--,--,前標,--,--,--,--,--,--,--,--,3,--,國英社38,--,--,--,--,--,--,--,--,--,--,*
099,國立臺北大學,099352,無,歷史學系(飛鳶組),,3,一般,均標,--,--,--,均標,--,--,7,--,--,--,4,--,--,--,國文12,社會13,--,--,--,--,--,--,--,--,--,*
099,國立臺北大學,099362,無,資訊工程學系,,27,一般,--,均標,均標,--,--,均標,--,--,6,3,--,--,6,--,--,(英文+自然)22,數學A12,--,--,--,--,--,--,--,--,--,*
099,國立臺北大學,099382,無,資訊工程學系(飛鳶組),,1,一般,--,均標,均標,--,--,--,--,--,6,6,--,--,--,--,--,(英文+數學A)20,--,--,--,--,--,--,--,--,--,--,*
099,國立臺北大學,099392,無,通訊工程學系,,24,一般,--,均標,均標,--,--,均標,--,--,5,3,--,--,10,--,--,自然9,英文11,數學A10,--,--,--,--,--,--,--,--,*
099,國立臺北大學,099402,無,通訊工程學系(飛鳶組),,1,一般,--,均標,均標,--,--,均標,--,--,7,6,--,--,10,--,--,自然10,英文8,數學A7,--,--,--,--,--,--,--,--,--
099,國立臺北大學,099412,無,電機工程學系,,23,一般,--,均標,均標,--,--,均標,--,--,--,--,--,--,--,3,--,英數A自37,--,--,--,--,--,--,--,--,--,--,*
099,國立臺北大學,099422,無,電機工程學系(飛鳶組),,2,一般,--,均標,均標,--,--,均標,--,--,--,--,--,--,--,3,--,英數A自30,--,--,--,--,--,--,--,--,--,--,--
099,國立臺北大學,099372,無,資訊工程學系(APCS組),,2,APCS,,,,,,,,,,,,,,,見原始圖片,(英文+數學A)21,(APCS識讀+APCS實作)7,--,--,--,--,--,--,--,--,--,*
100,國立嘉義大學,100012,無,教育學系,,17,一般,後標,--,--,--,--,--,--,3,--,--,10,--,--,--,--,數B6,國文13,--,--,--,--,--,--,--,--,--,*
100,國立嘉義大學,100022,無,輔導與諮商學系,,22,一般,均標,均標,--,底標,--,--,--,3,8,--,--,--,--,--,--,英文8,國文13,--,--,--,--,--,--,--,--,--,*
100,國立嘉義大學,100032,無,特殊教育學系,,17,一般,後標,--,--,--,--,--,--,3,6,--,--,--,--,--,--,英文4,國文12,--,--,--,--,--,--,--,--,--,*
100,國立嘉義大學,100042,無,幼兒教育學系,,25,一般,均標,--,--,--,均標,--,--,4,--,--,--,3,--,--,--,國文11,社會12,--,--,--,--,--,--,--,--,--,*
100,國立嘉義大學,100052,無,數位學習設計與管理學系,,20,一般,後標,--,--,--,--,--,--,10,--,--,5,--,--,3,--,國文9,數學B7,國英數B29,--,--,--,--,--,--,--,--,*
100,國立嘉義大學,100062,無,中國文學系,,21,一般,均標,--,--,--,底標,--,--,3,--,--,--,9,--,--,--,社會10,國文13,--,--,--,--,--,--,--,--,--,*
100,國立嘉義大學,100072,無,應用歷史學系,,20,一般,均標,--,--,--,均標,--,--,6,--,--,--,3,--,8,--,國社21,國文11,社會13,--,--,--,--,--,--,--,--,*
100,國立嘉義大學,100082,無,外國語言學系英語教學組,,29,一般,--,均標,--,--,--,--,--,--,3,--,--,--,--,--,--,英文10,--,--,--,--,--,--,--,--,--,--,--
100,國立嘉義大學,100092,無,外國語言學系應用外語組,,29,一般,--,均標,--,--,--,--,--,--,3,--,--,--,--,--,--,英文11,--,--,--,--,--,--,--,--,--,--,*
100,國立嘉義大學,100102,無,企業管理學系,,22,一般,後標,均標,--,後標,--,--,--,12,3,--,8,--,--,--,--,國文9,數學B4,英文9,--,--,--,--,--,--,--,--,*
100,國立嘉義大學,100112,無,應用經濟學系,,21,一般,後標,後標,--,均標,--,--,--,10,3,--,15,--,--,--,--,數學B6,國文11,英文10,--,--,--,--,--,--,--,--,*
100,國立嘉義大學,100122,無,科技管理學系,,20,一般,後標,後標,--,--,--,--,--,--,--,--,--,--,--,3,--,國英數B29,--,--,--,--,--,--,--,--,--,--,*
100,國立嘉義大學,100132,無,資訊管理學系,,19,一般,--,--,--,均標,--,--,--,8,3,--,5,--,--,--,--,國文9,數學B9,英文9,--,--,--,--,--,--,--,--,*
100,國立嘉義大學,100142,無,資訊管理學系(資安組),,4,一般,--,--,--,均標,--,--,--,8,3,--,5,--,--,--,--,國文11,數學B8,英文8,--,--,--,--,--,--,--,--,*
100,國立嘉義大學,100152,無,行銷與觀光管理學系,,18,一般,--,均標,--,--,--,--,--,10,3,--,--,--,--,--,--,國文7,英文8,--,--,--,--,--,--,--,--,--,*
100,國立嘉義大學,100162,無,財務金融學系,,21,一般,--,--,--,均標,--,--,--,15,3,--,3,--,--,--,--,國文8,(英文+數學B)21,--,--,--,--,--,--,--,--,--,*
100,國立嘉義大學,100172,無,農藝學系,,20,一般,--,--,--,--,--,底標,--,--,--,--,--,--,3,--,--,自然9,--,--,--,--,--,--,--,--,--,--,*
100,國立嘉義大學,100182,無,園藝學系,,20,一般,底標,--,--,--,--,--,--,--,--,--,--,--,3,--,--,自然9,--,--,--,--,--,--,--,--,--,--,*
100,國立嘉義大學,100192,無,森林暨自然資源學系,,19,一般,--,--,--,--,--,底標,--,8,6,5,--,--,3,--,--,國文10,英文6,數A5,自然9,--,--,--,--,--,--,--,*
100,國立嘉義大學,100202,無,木質材料與設計學系,,18,一般,--,底標,--,--,--,底標,--,--,--,--,--,--,3,--,--,自然7,--,--,--,--,--,--,--,--,--,--,--
100,國立嘉義大學,100212,無,動物科學系,,18,一般,--,後標,--,--,--,後標,--,--,--,--,--,--,--,3,--,英數A自29,--,--,--,--,--,--,--,--,--,--,*
100,國立嘉義大學,100222,無,農業生物科技學系,,16,一般,--,底標,--,--,--,底標,--,--,--,--,--,--,5,3,--,自然10,國英18,--,--,--,--,--,--,--,--,--,*
100,國立嘉義大學,100232,無,景觀學系,,20,一般,均標,均標,--,--,--,--,--,3,3,--,--,3,3,--,--,(國文+英文+社會+自然)31,--,--,--,--,--,--,--,--,--,--,--
100,國立嘉義大學,100242,無,植物醫學系,,17,一般,--,--,--,--,--,底標,--,--,5,6,--,--,3,--,--,--,英文2,自然9,--,--,--,--,--,--,--,--,*
100,國立嘉義大學,100252,無,電子物理學系,,17,一般,--,--,均標,--,--,均標,--,--,--,3,--,--,8,--,--,自然11,數學A10,--,--,--,--,--,--,--,--,--,*
100,國立嘉義大學,100262,無,應用化學系,,16,一般,--,--,--,--,--,均標,--,--,--,--,--,--,3,--,--,自然12,--,--,--,--,--,--,--,--,--,--,*
100,國立嘉義大學,100272,無,應用數學系,,23,一般,--,--,均標,--,--,--,--,--,--,3,--,--,--,--,--,數學A10,--,--,--,--,--,--,--,--,--,--,*
100,國立嘉義大學,100282,無,資訊工程學系,,18,一般,--,--,均標,--,--,--,--,--,--,--,--,--,--,3,--,國英數A33,--,--,--,--,--,--,--,--,--,--,--
100,國立嘉義大學,100292,無,生物機電工程學系,,19,一般,--,均標,--,--,--,均標,--,--,5,8,--,--,3,--,--,數學A6,英文9,自然10,--,--,--,--,--,--,--,--,*
100,國立嘉義大學,100302,無,土木與水資源工程學系,,20,一般,--,--,--,--,--,後標,--,--,--,--,--,--,3,--,--,自然11,--,--,--,--,--,--,--,--,--,--,*
100,國立嘉義大學,100312,無,電機工程學系,,22,一般,--,均標,均標,--,--,均標,--,--,--,--,--,--,--,3,--,英數A自33,--,--,--,--,--,--,--,--,--,--,*
100,國立嘉義大學,100322,無,機械與能源工程學系,,20,一般,--,--,--,--,--,均標,--,--,--,--,--,--,--,3,--,數A自21,--,--,--,--,--,--,--,--,--,--,*
100,國立嘉義大學,100332,無,食品科學系,,18,一般,--,均標,--,--,--,後標,--,--,6,--,--,--,3,--,--,英文8,自然9,--,--,--,--,--,--,--,--,--,*
100,國立嘉義大學,100342,無,水生生物科學系,,21,一般,--,後標,--,--,--,後標,--,--,3,--,--,--,5,--,--,自然6,英文5,--,--,--,--,--,--,--,--,--,--
100,國立嘉義大學,100352,無,生物資源學系,,22,一般,--,--,--,--,--,均標,--,--,6,--,--,--,3,--,--,英文6,自然10,--,--,--,--,--,--,--,--,--,*
100,國立嘉義大學,100362,無,生化科技學系,,20,一般,--,--,--,--,--,底標,--,8,6,--,--,--,3,--,--,國文8,英文5,自然10,--,--,--,--,--,--,--,--,*
100,國立嘉義大學,100372,無,微生物免疫與生物藥學系,,19,一般,--,後標,--,--,--,均標,--,6,4,--,--,--,5,3,--,國文11,自然10,英文9,國自23,--,--,--,--,--,--,--,*
100,國立嘉義大學,100382,無,獸醫學系,,23,一般,--,均標,--,--,--,均標,--,--,4,--,--,--,3,5,--,國英數A自50,英文12,自然13,--,--,--,--,--,--,--,--,*
100,國立嘉義大學,100392,無,音樂學系,鋼琴,4,音樂,,,,,,,,,,,,,,,見原始圖片,主修73.43,--,--,--,--,--,--,--,--,--,--,--
100,國立嘉義大學,100392,無,音樂學系,聲樂,2,音樂,,,,,,,,,,,,,,,見原始圖片,主修81.57,--,--,--,--,--,--,--,--,--,--,--
100,國立嘉義大學,100392,無,音樂學系,小提琴,3,音樂,,,,,,,,,,,,,,,見原始圖片,主修74.36,--,--,--,--,--,--,--,--,--,--,--
100,國立嘉義大學,100392,無,音樂學系,中提琴,1,音樂,,,,,,,,,,,,,,,見原始圖片,主修79.07,--,--,--,--,--,--,--,--,--,--,--
100,國立嘉義大學,100392,無,音樂學系,大提琴,2,音樂,,,,,,,,,,,,,,,見原始圖片,主修77.64,--,--,--,--,--,--,--,--,--,--,--
100,國立嘉義大學,100392,無,音樂學系,低音提琴,1,音樂,,,,,,,,,,,,,,,見原始圖片,主修80.43,--,--,--,--,--,--,--,--,--,--,--
100,國立嘉義大學,100392,無,音樂學系,長號,1,音樂,,,,,,,,,,,,,,,見原始圖片,主修81.56,--,--,--,--,--,--,--,--,--,--,--
100,國立嘉義大學,100392,無,音樂學系,小號,2,音樂,,,,,,,,,,,,,,,見原始圖片,主修83.11,--,--,--,--,--,--,--,--,--,--,--
100,國立嘉義大學,100392,無,音樂學系,法國號,2,音樂,,,,,,,,,,,,,,,見原始圖片,主修80.78,--,--,--,--,--,--,--,--,--,--,--
100,國立嘉義大學,100392,無,音樂學系,上低音號,1,音樂,,,,,,,,,,,,,,,見原始圖片,主修78.56,--,--,--,--,--,--,--,--,--,--,--
100,國立嘉義大學,100392,無,音樂學系,低音號,1,音樂,,,,,,,,,,,,,,,見原始圖片,主修76,--,--,--,--,--,--,--,--,--,--,--
100,國立嘉義大學,100392,無,音樂學系,薩克斯管,2,音樂,,,,,,,,,,,,,,,見原始圖片,主修77.89,--,--,--,--,--,--,--,--,--,--,--
100,國立嘉義大學,100392,無,音樂學系,長笛,2,音樂,,,,,,,,,,,,,,,見原始圖片,主修75.44,--,--,--,--,--,--,--,--,--,--,--
100,國立嘉義大學,100392,無,音樂學系,單簧管(豎笛),2,音樂,,,,,,,,,,,,,,,見原始圖片,主修83.89,--,--,--,--,--,--,--,--,--,--,--
100,國立嘉義大學,100392,無,音樂學系,雙簧管,1,音樂,,,,,,,,,,,,,,,見原始圖片,主修84.22,--,--,--,--,--,--,--,--,--,--,--
100,國立嘉義大學,100392,無,音樂學系,擊樂,2,音樂,,,,,,,,,,,,,,,見原始圖片,主修80.6,--,--,--,--,--,--,--,--,--,--,--
100,國立嘉義大學,100392,無,音樂學系,理論作曲,1,音樂,,,,,,,,,,,,,,,見原始圖片,主修66.6,--,--,--,--,--,--,--,--,--,--,--
100,國立嘉義大學,100402,無,視覺藝術學系,,20,術科(美術/體育/音樂),,,,,,,,,,,,,,,見原始圖片,國文9,彩繪技法42,素描63,--,--,--,--,--,--,--,--,*
100,國立嘉義大學,100412,無,視覺藝術學系(青年儲蓄帳戶組),,1,術科(美術/體育/音樂),,,,,,,,,,,,,,,見原始圖片,--,--,--,--,--,--,--,--,--,--,--,--
100,國立嘉義大學,100422,無,體育與健康休閒學系,,23,術科(美術/體育/音樂),,,,,,,,,,,,,,,見原始圖片,英文5,國文9,國英17,--,--,--,--,--,--,--,--,*
101,國立高雄大學,101012,無,西洋語文學系,,23,一般,--,均標,--,--,--,--,--,--,3,--,--,--,--,--,--,英文11,--,--,--,--,--,--,--,--,--,--,*
101,國立高雄大學,101022,無,運動健康與休閒學系,,31,一般,後標,後標,--,後標,--,--,--,3,3,--,3,--,--,--,--,(國文+英文+數學B)25,--,--,--,--,--,--,--,--,--,--,*
101,國立高雄大學,101032,無,東亞語文學系日語組,,7,一般,均標,均標,--,--,均標,--,--,8,4,--,--,5,--,--,--,國文12,社會12,英文10,--,--,--,--,--,--,--,--,*
101,國立高雄大學,101042,無,東亞語文學系韓語組,,8,一般,均標,均標,--,--,均標,--,--,8,4,--,--,5,--,--,--,國文11,社會12,英文9,--,--,--,--,--,--,--,--,*
101,國立高雄大學,101052,無,東亞語文學系越語組,,7,一般,均標,均標,--,--,均標,--,--,8,4,--,--,5,--,--,--,國文11,社會12,英文10,--,--,--,--,--,--,--,--,--
101,國立高雄大學,101062,無,法律學系,,19,一般,均標,均標,--,--,均標,--,--,--,--,--,--,--,--,3,--,國英社38,--,--,--,--,--,--,--,--,--,--,*
101,國立高雄大學,101072,無,政治法律學系,,22,一般,均標,均標,--,--,均標,--,--,3.5,3,--,--,3.5,--,4,--,國英社37,(國文+社會)27,英文10,--,--,--,--,--,--,--,--,*
101,國立高雄大學,101082,無,財經法律學系,,20,一般,均標,均標,--,均標,均標,--,--,3,5,--,5,--,--,--,--,(英文+數學B)20,國文12,--,--,--,--,--,--,--,--,--,*
101,國立高雄大學,101092,無,應用經濟學系,,25,一般,均標,均標,--,均標,--,--,--,--,6,--,3,--,--,--,--,英文8,數B10,--,--,--,--,--,--,--,--,--,*
101,國立高雄大學,101102,無,亞太工商管理學系企業管理組,,14,一般,均標,均標,--,--,--,--,--,--,--,--,--,--,--,3.5,--,國英數B29,--,--,--,--,--,--,--,--,--,--,*
101,國立高雄大學,101112,無,亞太工商管理學系工業管理組,,15,一般,均標,--,--,--,--,--,--,--,--,--,--,--,--,3,--,國英數A28,--,--,--,--,--,--,--,--,--,--,*
101,國立高雄大學,101122,無,資訊管理學系,,13,一般,均標,均標,--,均標,--,--,--,3,3,--,3,--,--,--,--,(國文+英文+數學B)34,--,--,--,--,--,--,--,--,--,--,*
101,國立高雄大學,101142,無,資訊管理學系(願景組),,5,一般,均標,均標,--,均標,--,--,--,3,3,--,3,--,--,--,--,(國文+英文+數學B)27,--,--,--,--,--,--,--,--,--,--,--
101,國立高雄大學,101152,無,財務金融學系,,19,一般,均標,均標,--,均標,均標,--,--,--,3,--,3,--,--,--,--,(英文+數學B)21,--,--,--,--,--,--,--,--,--,--,*
101,國立高雄大學,101162,無,財務金融學系(願景組),,10,一般,均標,均標,--,均標,均標,--,--,--,3,--,3,--,--,--,--,(英文+數學B)15,--,--,--,--,--,--,--,--,--,--,--
101,國立高雄大學,101172,無,應用數學系,,30,一般,--,--,均標,--,--,--,--,--,--,3,--,--,--,8,--,國英數A9,數A11,--,--,--,--,--,--,--,--,--,*
101,國立高雄大學,101182,無,應用化學系,,21,一般,--,--,--,--,--,均標,--,--,--,3,--,--,3,--,--,(數學A+自然)22,--,--,--,--,--,--,--,--,--,--,*
101,國立高雄大學,101192,無,應用物理學系,,21,一般,--,--,均標,--,--,均標,--,--,--,8,--,--,3,--,--,數學A8,自然12,--,--,--,--,--,--,--,--,--,*
101,國立高雄大學,101202,無,應用物理學系(願景組),,3,一般,--,--,均標,--,--,均標,--,--,--,8,--,--,3,--,--,數學A7,自然9,--,--,--,--,--,--,--,--,--,--
101,國立高雄大學,101212,無,生命科學系,,22,一般,--,後標,後標,--,--,均標,--,--,--,--,--,--,3,--,--,自然11,--,--,--,--,--,--,--,--,--,--,*
101,國立高雄大學,101222,無,生命科學系(願景組),,3,一般,--,後標,後標,--,--,均標,--,--,--,--,--,--,3,--,--,自然9,--,--,--,--,--,--,--,--,--,--,--
101,國立高雄大學,101232,無,電機工程學系,,36,一般,--,均標,均標,--,--,均標,--,--,3,3,--,--,3,--,--,(英文+數學A+自然)34,--,--,--,--,--,--,--,--,--,--,*
101,國立高雄大學,101242,無,電機工程學系(願景組),,6,一般,--,均標,均標,--,--,均標,--,--,3,3,--,--,3,--,--,(英文+數學A+自然)25,--,--,--,--,--,--,--,--,--,--,--
101,國立高雄大學,101252,無,電機工程學系(青年儲蓄帳戶組),,1,一般,--,均標,--,--,--,均標,--,--,--,--,--,--,--,--,--,--,--,--,--,--,--,--,--,--,--,--,--
101,國立高雄大學,101262,無,土木與環境工程學系(願景組),,3,一般,均標,--,均標,--,--,均標,--,--,--,--,--,--,--,3,--,國數A自30,--,--,--,--,--,--,--,--,--,--,--
101,國立高雄大學,101272,無,土木與環境工程學系土木工程組,,14,一般,均標,--,均標,--,--,均標,--,--,--,--,--,--,--,3,--,國數A自33,--,--,--,--,--,--,--,--,--,--,*
101,國立高雄大學,101282,無,土木與環境工程學系環境工程組,,13,一般,均標,--,均標,--,--,均標,--,--,--,--,--,--,--,3,--,國數A自33,--,--,--,--,--,--,--,--,--,--,*
101,國立高雄大學,101292,無,化學工程及材料工程學系,,18,一般,--,均標,均標,--,--,均標,--,--,3,3,--,--,3,--,--,(英文+數學A+自然)33,--,--,--,--,--,--,--,--,--,--,*
101,國立高雄大學,101302,無,化學工程及材料工程學系(願景組),,10,一般,--,均標,均標,--,--,均標,--,--,3,3,--,--,3,--,--,(英文+數學A+自然)25,--,--,--,--,--,--,--,--,--,--,--
101,國立高雄大學,101312,無,資訊工程學系,,20,一般,--,均標,均標,--,--,均標,--,--,6,3,--,--,--,--,--,英文9,數學A10,--,--,--,--,--,--,--,--,--,*
101,國立高雄大學,101322,無,資訊工程學系(資安組),,3,一般,--,均標,均標,--,--,均標,--,--,6,3,--,--,--,--,--,英文8,數學A9,--,--,--,--,--,--,--,--,--,*
101,國立高雄大學,101332,無,建築學系,,17,一般,均標,均標,底標,均標,--,--,--,5,3,--,--,--,--,--,--,國文12,英文10,--,--,--,--,--,--,--,--,--,*
101,國立高雄大學,101342,無,建築學系(願景組),,5,一般,均標,均標,底標,均標,--,--,--,5,3,--,--,--,--,--,--,--,--,--,--,--,--,--,--,--,--,--,--
101,國立高雄大學,101132,無,資訊管理學系(資安組),,3,APCS,,,,,,,,,,,,,,,見原始圖片,(國文+英文+數學B)30,(APCS識讀+APCS實作)5,--,--,--,--,--,--,--,--,--,--
101,國立高雄大學,101352,無,工藝與創意設計學系,,26,術科(美術/體育/音樂),,,,,,,,,,,,,,,見原始圖片,(國文+英文+社會)30,--,--,--,--,--,--,--,--,--,--,*
108,慈濟大學,108012,無,醫學系,,25,一般,頂標,頂標,頂標,--,--,頂標,--,3,3,8,--,--,6,--,--,數學A13,自然14,(國文+英文)29,--,--,--,--,--,--,--,--,*
108,慈濟大學,108022,無,醫學系(公費生),,7,一般,頂標,頂標,頂標,--,--,頂標,--,3,3,8,--,--,6,--,--,數學A13,自然13,(國文+英文)28,--,--,--,--,--,--,--,--,*
108,慈濟大學,108032,無,藥學系,,15,一般,均標,均標,均標,--,--,均標,--,--,3,--,--,--,5,4,--,自然13,國英數A自51,英文13,--,--,--,--,--,--,--,--,*
108,慈濟大學,108042,無,醫學檢驗生物技術學系,,34,一般,--,後標,--,--,--,後標,--,--,12,--,--,--,3,--,--,英文5,自然10,--,--,--,--,--,--,--,--,--,*
108,慈濟大學,108052,無,公共衛生學系,,14,一般,--,底標,--,--,--,--,--,--,3.5,3.5,--,--,--,--,--,(英文+數學A)9,--,--,--,--,--,--,--,--,--,--,*
108,慈濟大學,108062,無,護理學系,,24,一般,--,底標,--,--,--,--,--,--,3,--,--,--,--,--,--,英文8,--,--,--,--,--,--,--,--,--,--,*
108,慈濟大學,108072,無,醫學資訊學系,,18,一般,--,--,--,底標,--,--,--,--,12,--,3,--,--,--,--,英文2,數B4,--,--,--,--,--,--,--,--,--,*
108,慈濟大學,108082,無,物理治療學系,,22,一般,--,後標,後標,--,--,後標,--,--,3,9,--,--,5,--,--,數學A6,自然10,英文10,--,--,--,--,--,--,--,--,*
108,慈濟大學,108092,無,生物醫學暨工程學系,,20,一般,--,--,--,--,--,底標,--,--,--,3,--,--,12,--,--,自然5,數學A6,--,--,--,--,--,--,--,--,--,*
108,慈濟大學,108102,無,分子生物暨人類遺傳學系,,14,一般,--,--,--,--,--,底標,--,--,--,--,--,--,3.5,--,--,自然7,--,--,--,--,--,--,--,--,--,--,*
108,慈濟大學,108112,無,傳播學系,,11,一般,底標,--,--,--,--,--,--,4.5,--,--,--,--,--,--,--,國文8,--,--,--,--,--,--,--,--,--,--,--
108,慈濟大學,108122,無,兒童發展與家庭教育學系,,13,一般,底標,--,--,--,--,--,--,3.5,--,--,--,--,--,--,--,國文9,--,--,--,--,--,--,--,--,--,--,*
108,慈濟大學,108132,無,社會工作學系,,13,一般,底標,--,--,--,--,--,--,3.5,--,--,--,--,--,--,--,國文9,--,--,--,--,--,--,--,--,--,--,*
108,慈濟大學,108142,無,人類發展與心理學系,,13,一般,底標,--,--,--,--,--,--,3.5,--,--,--,--,--,--,--,國文11,--,--,--,--,--,--,--,--,--,--,*
108,慈濟大學,108152,無,東方語文學系,,12,一般,底標,--,--,--,--,--,--,4,--,--,--,--,--,--,--,國文8,--,--,--,--,--,--,--,--,--,--,--
108,慈濟大學,108162,無,外國語文學系,,6,一般,--,底標,--,--,--,--,--,--,8,--,--,--,--,--,--,英文3,--,--,--,--,--,--,--,--,--,--,*
108,慈濟大學,108172,無,外國語文學系(青年儲蓄帳戶組),,1,一般,--,底標,--,--,--,--,--,--,--,--,--,--,--,--,--,--,--,--,--,--,--,--,--,--,--,--,--
108,慈濟大學,108182,無,國際服務產業管理學士學位學程,,7,一般,--,底標,--,--,--,--,--,--,7,--,--,--,--,--,--,英文3,--,--,--,--,--,--,--,--,--,--,--
108,慈濟大學,108192,無,翔飛A組,,7,一般,--,--,--,--,--,底標,--,--,--,--,--,--,7,--,--,自然5,--,--,--,--,--,--,--,--,--,--,--
109,臺北醫學大學,109012,無,醫學系,,84,一般,--,前標,前標,--,--,前標,--,8,3,3,--,--,3,--,--,國文13,(英文+數學A+自然)44,--,--,--,--,--,--,--,--,--,*
109,臺北醫學大學,109022,無,醫學系(公費生),,5,一般,--,前標,前標,--,--,前標,--,8,4,4,--,--,4,--,--,國文15,(英文+數學A+自然)40,--,--,--,--,--,--,--,--,--,*
109,臺北醫學大學,109032,無,牙醫學系,,58,一般,前標,前標,前標,--,--,前標,--,10,3,7,--,--,5,--,--,國文13,數學A13,自然14,英文15,--,--,--,--,--,--,--,*
109,臺北醫學大學,109042,無,藥學系藥學組,,57,一般,--,前標,均標,--,--,均標,--,--,8,10,--,--,3,--,--,數A11,英文13,自然14,--,--,--,--,--,--,--,--,*
109,臺北醫學大學,109052,無,藥學系藥學組(英語組),,41,一般,--,頂標,均標,--,--,均標,A,--,3,10,--,--,10,--,--,(數學A+自然)16,英文15,--,--,--,--,--,--,--,--,--,*
109,臺北醫學大學,109062,無,藥學系臨床藥學組,,41,一般,--,前標,均標,--,--,均標,--,--,3,10,--,--,8,--,--,數A11,自然13,英文14,--,--,--,--,--,--,--,--,*
109,臺北醫學大學,109072,無,醫學檢驗暨生物技術學系,,33,一般,--,均標,均標,--,--,均標,--,12,3,--,--,--,3,--,--,國文10,(英文+自然)25,--,--,--,--,--,--,--,--,--,*
109,臺北醫學大學,109082,無,護理學系,,43,一般,--,均標,--,--,--,均標,--,--,3,--,--,--,8,--,--,自然9,英文12,--,--,--,--,--,--,--,--,--,*
109,臺北醫學大學,109092,無,保健營養學系,,40,一般,--,--,--,--,--,均標,--,--,--,--,--,--,10,3,--,自然9,國英24,--,--,--,--,--,--,--,--,--,*
109,臺北醫學大學,109102,無,公共衛生學系,,24,一般,--,--,--,--,--,均標,--,--,3,10,--,--,10,--,--,(數學A+自然)12,英文12,--,--,--,--,--,--,--,--,--,*
109,臺北醫學大學,109112,無,醫務管理學系,,31,一般,--,均標,--,均標,--,--,--,4,8,--,3,3,--,--,--,英文8,國文11,(數學B+社會)19,--,--,--,--,--,--,--,--,*
109,臺北醫學大學,109122,無,呼吸治療學系,,2727,一般,均標,均標,--,--,--,均標,--,10,8,--,--,--,3,--,--,國文12,英文10,自然12,--,--,--,--,--,--,--,--,*
109,臺北醫學大學,109132,無,高齡健康暨長期照護學系,,27,一般,--,均標,--,--,--,--,--,--,3,3,--,--,--,--,--,(英文+數學A)10,--,--,--,--,--,--,--,--,--,--,--
109,臺北醫學大學,109142,無,牙體技術學系,,2222,一般,均標,均標,--,均標,--,均標,--,3,7,--,--,--,10,--,--,自然9,英文8,國文13,--,--,--,--,--,--,--,--,*
109,臺北醫學大學,109152,無,口腔衛生學系,,20,一般,均標,均標,均標,均標,--,--,--,3,10,--,--,--,--,--,--,英文8,國文12,--,--,--,--,--,--,--,--,--,--
109,臺北醫學大學,109162,無,生物醫學工程學系,,19,一般,--,--,均標,--,--,均標,--,--,--,10,--,--,3,--,--,數學A9,自然13,--,--,--,--,--,--,--,--,--,*
109,臺北醫學大學,109172,無,食品安全學系,,22,一般,均標,均標,--,--,--,--,--,3,3,10,--,--,8,--,--,數A4,--,(國文+英文)22,--,--,--,--,--,--,--,--,*
109,臺北醫學大學,109182,無,醫學系（展翅A組）,,3,一般,--,前標,均標,--,--,前標,--,8,3,3,--,--,3,--,--,國文11,(英文+數學A+自然)40,--,--,--,--,--,--,--,--,--,*
109,臺北醫學大學,109192,無,牙醫學系（展翅B組）,,1,一般,均標,前標,均標,--,--,前標,--,--,5,--,--,--,5,3,--,(英文+自然)28,國英數A自54,--,--,--,--,--,--,--,--,--,--
109,臺北醫學大學,109202,無,展翅C組,,6,一般,--,均標,均標,--,--,均標,--,--,10,--,--,--,10,5,--,(英文+自然)19,英數A自26,--,--,--,--,--,--,--,--,--,*
109,臺北醫學大學,109212,無,展翅D組,,6,一般,--,底標,--,--,--,--,--,10,7,--,--,--,--,--,--,國文5,英文3,--,--,--,--,--,--,--,--,--,--
109,臺北醫學大學,109222,無,展翅E組,,4,一般,--,底標,--,--,--,--,--,--,7,--,--,--,10,--,--,自然3,英文3,--,--,--,--,--,--,--,--,--,--
110,開南大學,110012,無,企業與創業管理學系,,16,一般,--,--,--,--,底標,--,--,--,--,--,--,3,--,--,--,社會8,--,--,--,--,--,--,--,--,--,--,*
110,開南大學,110022,無,企業與創業管理學系(青年儲蓄帳戶組),,1,一般,--,--,--,--,底標,--,--,--,--,--,--,--,--,--,--,--,--,--,--,--,--,--,--,--,--,--,--
110,開南大學,110032,無,國際企業學系,,18,一般,底標,--,--,--,--,--,--,3,--,--,--,--,--,--,--,國文8,--,--,--,--,--,--,--,--,--,--,--
110,開南大學,110042,無,商學院國際榮譽學士學位學程,,8,一般,--,後標,--,--,--,--,--,--,6,--,--,--,--,--,--,英文5,--,--,--,--,--,--,--,--,--,--,--
110,開南大學,110052,無,國際物流與運輸管理學系,,20,一般,--,--,--,--,底標,--,--,--,--,--,--,3,--,--,--,社會6,--,--,--,--,--,--,--,--,--,--,--
110,開南大學,110062,無,空運管理學系,,31,一般,--,底標,--,--,--,--,--,--,3,--,--,--,--,--,--,英文4,--,--,--,--,--,--,--,--,--,--,*
110,開南大學,110072,無,觀光與餐飲旅館學系,,30,一般,底標,--,--,--,--,--,--,3,--,--,--,--,--,--,--,國文8,--,--,--,--,--,--,--,--,--,--,--
110,開南大學,110082,無,觀光與餐飲旅館學系(青年儲蓄帳戶組),,1,一般,底標,--,--,--,--,--,--,--,--,--,--,--,--,--,--,--,--,--,--,--,--,--,--,--,--,--,--
110,開南大學,110092,無,休閒事業管理學系,,14,一般,--,--,--,--,底標,--,--,--,--,--,--,3.5,--,--,--,社會8,--,--,--,--,--,--,--,--,--,--,*
110,開南大學,110102,無,資訊管理學系,,20,一般,底標,--,--,--,--,--,--,3,--,--,--,--,--,--,--,國文8,--,--,--,--,--,--,--,--,--,--,--
110,開南大學,110112,無,資訊管理學系(青年儲蓄帳戶組),,1,一般,底標,--,--,--,--,--,--,--,--,--,--,--,--,--,--,--,--,--,--,--,--,--,--,--,--,--,--
110,開南大學,110122,無,資訊傳播學系,,20,一般,--,--,--,--,底標,--,--,--,--,--,--,3,--,--,--,社會7,--,--,--,--,--,--,--,--,--,--,*
110,開南大學,110132,無,資訊傳播學系(青年儲蓄帳戶組),,1,一般,--,--,--,--,底標,--,--,--,--,--,--,--,--,--,--,--,--,--,--,--,--,--,--,--,--,--,--
110,開南大學,110142,無,電影與創意媒體學系,,27,一般,--,--,--,--,底標,--,--,--,--,--,--,3,--,--,--,社會7,--,--,--,--,--,--,--,--,--,--,*
110,開南大學,110152,無,法律學系,,39,一般,--,--,--,--,底標,--,--,--,--,--,--,3,--,--,--,社會7,--,--,--,--,--,--,--,--,--,--,*
110,開南大學,110162,無,應用日語學系,,41,一般,--,底標,--,--,--,--,--,--,3,--,--,--,--,--,--,英文3,--,--,--,--,--,--,--,--,--,--,*
110,開南大學,110172,無,應用日語學系(青年儲蓄帳戶組),,1,一般,--,底標,--,--,--,--,--,--,--,--,--,--,--,--,--,--,--,--,--,--,--,--,--,--,--,--,--
110,開南大學,110182,無,應用英語學系,,18,一般,--,底標,--,--,--,--,--,--,3,--,--,--,--,--,--,英文4,--,--,--,--,--,--,--,--,--,--,*
110,開南大學,110192,無,保健營養學系,,19,一般,--,底標,--,--,--,--,--,--,3,--,--,--,--,--,--,英文3,--,--,--,--,--,--,--,--,--,--,*
110,開南大學,110202,無,健康產業管理學系,,19,一般,--,底標,--,--,--,--,--,--,3,--,--,--,--,--,--,英文3,--,--,--,--,--,--,--,--,--,--,*
110,開南大學,110212,無,AI科技與創新設計學士學位學程,,13,一般,底標,--,--,--,--,--,--,3.5,--,--,--,--,--,--,--,國文8,--,--,--,--,--,--,--,--,--,--,--
112,康寧大學,112012,無,嬰幼兒保育學系(台北校區),,9,一般,底標,--,--,--,--,--,--,--,--,--,--,--,--,5.5,--,國英社18,--,--,--,--,--,--,--,--,--,--,*
112,康寧大學,112022,無,長期照護學系(台北校區),,14,一般,底標,--,--,--,--,--,--,--,--,--,--,--,--,3.5,--,國英社12,--,--,--,--,--,--,--,--,--,--,--
112,康寧大學,112032,無,嬰幼兒保育學系(台北校區)(青年儲蓄帳戶組),,1,一般,底標,--,--,--,--,--,--,--,--,--,--,--,--,--,--,--,--,--,--,--,--,--,--,--,--,--,--
113,中信金融管理學院,113012,無,財務金融學系,,20,一般,--,--,均標,均標,--,--,--,3,--,--,--,--,--,--,--,國文10,--,--,--,--,--,--,--,--,--,--,*
113,中信金融管理學院,113022,無,財經法律學系,,20,一般,均標,--,--,--,--,--,--,3,--,--,--,--,--,--,--,國文11,--,--,--,--,--,--,--,--,--,--,*
113,中信金融管理學院,113032,無,企業管理學系,,10,一般,均標,--,--,--,--,--,--,3,--,--,--,--,--,--,--,國文11,--,--,--,--,--,--,--,--,--,--,--
113,中信金融管理學院,113042,無,金融管理學院學士班,,14,一般,均標,--,--,--,--,--,--,3,--,--,--,--,--,--,--,國文11,--,--,--,--,--,--,--,--,--,--,--
113,中信金融管理學院,113052,無,人工智慧學系,,10,一般,--,--,均標,均標,--,--,--,3,--,--,--,--,--,--,--,國文9,--,--,--,--,--,--,--,--,--,--,*
113,中信金融管理學院,113062,無,財務金融學系(青年儲蓄帳戶組),,1,一般,均標,--,--,--,--,--,--,--,--,--,--,--,--,--,--,--,--,--,--,--,--,--,--,--,--,--,--
113,中信金融管理學院,113072,無,運動產業管理學士學位學程,,25,術科(美術/體育/音樂),,,,,,,,,,,,,,,見原始圖片,國文11,--,--,--,--,--,--,--,--,--,--,--
130,佛光大學,130012,無,建築環境設計學士學位學程(社會組),,6,一般,--,--,--,--,底標,--,--,--,--,--,--,8,--,--,--,社會6,--,--,--,--,--,--,--,--,--,--,--
130,佛光大學,130022,無,建築環境設計學士學位學程(自然組),,10,一般,--,--,--,--,--,底標,--,--,--,--,--,--,5,--,--,自然5,--,--,--,--,--,--,--,--,--,--,--
130,佛光大學,130032,無,傳播學系(數位媒體組),,18,一般,底標,--,--,--,--,--,--,--,--,--,--,--,--,3,--,國社12,--,--,--,--,--,--,--,--,--,--,--
130,佛光大學,130042,無,傳播學系(廣告公關組),,15,一般,--,--,--,--,底標,--,--,--,--,--,--,3,--,--,--,社會6,--,--,--,--,--,--,--,--,--,--,*
130,佛光大學,130052,無,傳播學系(流行音樂傳播組),,18,一般,底標,--,--,--,--,--,--,3,--,--,--,--,--,--,--,國文8,--,--,--,--,--,--,--,--,--,--,--
130,佛光大學,130062,無,資訊應用學系(資訊系統與智慧應用組),,14,一般,底標,--,--,--,--,--,--,--,--,--,--,--,--,3.5,--,國英11,--,--,--,--,--,--,--,--,--,--,--
130,佛光大學,130072,無,資訊應用學系(動畫與數位內容組),,15,一般,--,--,--,--,底標,--,--,--,--,--,--,--,--,3,--,國社10,--,--,--,--,--,--,--,--,--,--,--
130,佛光大學,130082,無,資訊應用學系(數位遊戲開發組),,14,一般,底標,--,--,--,--,--,--,3.5,--,--,--,--,--,--,--,國文8,--,--,--,--,--,--,--,--,--,--,--
130,佛光大學,130092,無,中國文學與應用學系,,23,一般,底標,--,--,--,--,--,--,3,--,--,--,--,--,--,--,國文8,--,--,--,--,--,--,--,--,--,--,--
130,佛光大學,130102,無,歷史學系(A組),,14,一般,--,--,--,--,底標,--,--,--,--,--,--,3.5,--,--,--,社會6,--,--,--,--,--,--,--,--,--,--,--
130,佛光大學,130112,無,歷史學系(B組),,10,一般,--,--,--,--,底標,--,--,--,--,--,--,--,--,5,--,國社10,--,--,--,--,--,--,--,--,--,--,--
130,佛光大學,130122,無,外國語文學系(英日組),,20,一般,--,底標,--,--,--,--,--,--,--,--,--,--,--,3,--,國英6,--,--,--,--,--,--,--,--,--,--,--
130,佛光大學,130132,無,外國語文學系(英韓組),,15,一般,--,底標,--,--,--,--,--,--,3,--,--,--,--,--,--,英文3,--,--,--,--,--,--,--,--,--,--,--
130,佛光大學,130142,無,社會學暨社會工作學系,,38,一般,底標,--,--,--,--,--,--,3,--,--,--,--,--,--,--,國文8,--,--,--,--,--,--,--,--,--,--,--
130,佛光大學,130152,無,心理學系,,39,一般,--,--,底標,底標,--,--,--,--,--,--,--,--,--,3,--,國英9,--,--,--,--,--,--,--,--,--,--,*
130,佛光大學,130162,無,公共事務學系(國際與兩岸事務組),,20,一般,--,--,--,--,底標,--,--,--,--,--,--,3,--,--,--,社會6,--,--,--,--,--,--,--,--,--,--,--
130,佛光大學,130172,無,公共事務學系(行政管理組),,20,一般,底標,--,--,--,--,--,--,3,--,--,--,--,--,--,--,國文8,--,--,--,--,--,--,--,--,--,--,--
130,佛光大學,130182,無,管理學系(經營管理組),,11,一般,底標,--,--,--,--,--,--,4.5,--,--,--,--,--,--,--,國文8,--,--,--,--,--,--,--,--,--,--,--
130,佛光大學,130192,無,管理學系(行銷與休閒管理組),,11,一般,--,--,--,--,底標,--,--,--,--,--,--,4.5,--,--,--,社會6,--,--,--,--,--,--,--,--,--,--,--
130,佛光大學,130202,無,應用經濟學系(財務金融組),,22,一般,--,--,--,--,底標,--,--,6,--,--,--,3,--,--,--,--,社會6,--,--,--,--,--,--,--,--,--,--
130,佛光大學,130212,無,應用經濟學系(國際商務組),,18,一般,--,--,--,--,底標,--,--,--,--,--,--,3,--,--,--,社會6,--,--,--,--,--,--,--,--,--,--,--
130,佛光大學,130222,無,樂活產業學系,,26,一般,--,--,--,--,底標,--,--,--,--,--,--,3,--,--,--,社會6,--,--,--,--,--,--,--,--,--,--,--
130,佛光大學,130232,無,健康與創意蔬食產業學系,,16,一般,底標,--,--,--,--,--,--,3,--,--,--,--,--,--,--,國文8,--,--,--,--,--,--,--,--,--,--,--
130,佛光大學,130242,無,產品與媒體設計學系（創意產品設計組）,,28,術科(美術/體育/音樂),,,,,,,,,,,,,,,見原始圖片,--,國文2,--,--,--,--,--,--,--,--,--,--
130,佛光大學,130252,無,產品與媒體設計學系（商業媒體設計組）,,29,術科(美術/體育/音樂),,,,,,,,,,,,,,,見原始圖片,國文2,--,--,--,--,--,--,--,--,--,--,--
134,亞洲大學,134012,無,健康產業管理學系跨領域高齡智慧照顧組,,31,一般,底標,--,--,--,--,--,--,3,--,--,--,--,--,--,--,國文8,--,--,--,--,--,--,--,--,--,--,--
134,亞洲大學,134022,無,健康產業管理學系醫療機構管理組,,38,一般,底標,底標,--,--,--,--,--,--,--,--,--,--,--,3,--,國英11,--,--,--,--,--,--,--,--,--,--,--
134,亞洲大學,134032,無,食品營養與保健生技學系食品營養組,,34,一般,底標,底標,--,--,--,底標,--,10,7,--,--,--,3,--,--,國文9,英文4,自然8,--,--,--,--,--,--,--,--,*
134,亞洲大學,134042,無,食品營養與保健生技學系藥用化粧品醫美組,,29,一般,底標,底標,--,--,--,--,--,10,7,--,--,--,--,3,--,國文8,英文3,國英17,--,--,--,--,--,--,--,--,*
134,亞洲大學,134052,無,醫學檢驗暨生物技術學系醫事檢驗組,,33,一般,後標,後標,--,--,--,後標,--,10,8,--,--,--,7,3,--,國文9,英文6,自然7,國英自29,--,--,--,--,--,--,--,*
134,亞洲大學,134062,無,醫學檢驗暨生物技術學系生物技術組,,33,一般,--,後標,--,--,--,後標,--,--,10,--,--,--,8,3,--,英文5,自然6,國英自26,--,--,--,--,--,--,--,--,*
134,亞洲大學,134072,無,心理學系心理師研修組,,12,一般,--,--,--,--,--,底標,--,--,15,--,--,--,13,4,--,英文2,自然5,英自16,--,--,--,--,--,--,--,--,*
134,亞洲大學,134082,無,心理學系諮商與臨床心理組,,32,一般,--,底標,--,--,--,--,--,--,--,--,--,--,--,3,--,國英19,--,--,--,--,--,--,--,--,--,--,*
134,亞洲大學,134092,無,心理學系諮商與臨床心理組（青年儲蓄帳戶組）,,1,一般,--,底標,--,--,--,--,--,--,--,--,--,--,--,--,--,--,--,--,--,--,--,--,--,--,--,--,--
134,亞洲大學,134102,無,心理學系工商與社會心理組,,34,一般,--,--,--,--,底標,--,--,--,--,--,--,--,--,3,--,英社17,--,--,--,--,--,--,--,--,--,--,*
134,亞洲大學,134112,無,視光學系,,74,一般,底標,底標,--,--,--,--,--,--,--,--,--,--,--,3,--,國英18,--,--,--,--,--,--,--,--,--,--,*
134,亞洲大學,134122,無,聽力暨語言治療學系,,64,一般,底標,底標,--,--,--,底標,--,8,5,--,--,--,3,--,--,國文10,英文7,自然8,--,--,--,--,--,--,--,--,*
134,亞洲大學,134132,無,職能治療學系,,78,一般,底標,底標,--,--,--,底標,--,--,3,--,--,--,--,--,--,英文8,--,--,--,--,--,--,--,--,--,--,*
134,亞洲大學,134142,無,物理治療學系,,31,一般,後標,後標,--,--,--,後標,--,5,3,--,--,--,4,--,--,國文12,自然10,英文10,--,--,--,--,--,--,--,--,*
134,亞洲大學,134152,無,護理學系國際護理組,,38,一般,--,底標,--,--,--,--,--,--,3,--,--,--,--,--,--,英文7,--,--,--,--,--,--,--,--,--,--,*
134,亞洲大學,134162,無,護理學系銀髮智慧照護組,,40,一般,--,--,--,--,--,底標,--,--,--,--,--,--,3,--,--,自然5,--,--,--,--,--,--,--,--,--,--,--
134,亞洲大學,134172,無,護理學系臨床照護組,,49,一般,底標,--,--,--,--,--,--,3,--,--,--,--,--,--,--,國文11,--,--,--,--,--,--,--,--,--,--,*
134,亞洲大學,134182,無,長期照護學系,,39,一般,底標,--,--,--,--,--,--,3,--,--,--,--,--,--,--,國文9,--,--,--,--,--,--,--,--,--,--,*
134,亞洲大學,134192,無,生物資訊與醫學工程學系生醫資訊組,,31,一般,--,--,--,底標,--,--,--,8,--,--,3,--,--,--,--,國文4,數學B5,--,--,--,--,--,--,--,--,--,*
134,亞洲大學,134202,無,生物資訊與醫學工程學系醫學工程組,,30,一般,後標,--,--,--,--,--,--,8,--,--,3,--,--,--,--,國文9,數學B5,--,--,--,--,--,--,--,--,--,*
134,亞洲大學,134212,無,資訊工程學系人工智慧組,,32,一般,底標,--,--,--,--,--,--,3,--,--,--,--,--,--,--,國文11,--,--,--,--,--,--,--,--,--,--,*
134,亞洲大學,134222,無,資訊工程學系智慧電子組,,32,一般,--,--,--,底標,--,--,--,--,--,--,3,--,--,--,--,數學B8,--,--,--,--,--,--,--,--,--,--,*
134,亞洲大學,134232,無,資訊工程學系(資安組),,3,一般,--,底標,--,--,--,底標,--,--,--,--,15,--,--,--,--,--,--,--,--,--,--,--,--,--,--,--,--
134,亞洲大學,134242,無,行動商務與多媒體應用學系,,23,一般,底標,--,--,--,底標,--,--,--,--,--,--,--,--,3,--,國社19,--,--,--,--,--,--,--,--,--,--,*
134,亞洲大學,134252,無,資訊傳播學系,,45,一般,底標,--,--,--,--,--,--,3,--,--,--,--,--,--,--,國文9,--,--,--,--,--,--,--,--,--,--,*
134,亞洲大學,134262,無,經營管理學系行銷與企業管理組,,53,一般,底標,--,--,--,--,--,--,3,--,--,--,--,--,--,--,國文10,--,--,--,--,--,--,--,--,--,--,*
134,亞洲大學,134272,無,經營管理學系休閒遊憩管理組,,19,一般,--,--,--,--,底標,--,--,--,--,--,--,3,--,--,--,社會9,--,--,--,--,--,--,--,--,--,--,*
134,亞洲大學,134282,無,會計與資訊學系,,33,一般,底標,--,--,--,--,--,--,--,--,--,--,3,--,--,--,社會10,--,--,--,--,--,--,--,--,--,--,*
134,亞洲大學,134292,無,財務金融學系投資理財組,,32,一般,底標,--,--,--,--,--,--,3,--,--,--,--,--,--,--,國文10,--,--,--,--,--,--,--,--,--,--,*
134,亞洲大學,134302,無,財務金融學系金融科技組,,33,一般,--,--,--,--,底標,--,--,--,--,--,3,6,--,--,--,社會8,數學B6,--,--,--,--,--,--,--,--,--,*
134,亞洲大學,134312,無,財經法律學系,,69,一般,底標,--,--,--,底標,--,--,3,--,--,--,3,--,--,--,(國文+社會)21,--,--,--,--,--,--,--,--,--,--,*
134,亞洲大學,134322,無,外國語文學系,,25,一般,--,底標,--,--,--,--,--,--,3,--,--,--,--,--,--,英文8,--,--,--,--,--,--,--,--,--,--,*
134,亞洲大學,134332,無,社會工作學系兒少家庭與心衛社工組,,30,一般,底標,底標,--,--,--,--,--,3,3,--,--,--,--,--,--,(國文+英文)15,--,--,--,--,--,--,--,--,--,--,*
134,亞洲大學,134342,無,社會工作學系醫務與長期照顧社工組,,30,一般,底標,--,--,--,底標,--,--,3,--,--,--,3,--,--,--,(國文+社會)20,--,--,--,--,--,--,--,--,--,--,*
134,亞洲大學,134352,無,幼兒教育學系文教產業組,,27,一般,底標,--,--,--,--,--,--,3,--,--,--,--,--,--,--,國文10,--,--,--,--,--,--,--,--,--,--,*
134,亞洲大學,134362,無,幼兒教育學系幼教師資組,,35,一般,底標,--,--,--,底標,--,--,--,--,--,--,--,--,3,--,國社20,--,--,--,--,--,--,--,--,--,--,*
134,亞洲大學,134372,無,數位媒體設計學系動漫遊戲組,,25,一般,底標,--,--,--,底標,--,--,3,--,--,--,3,--,--,--,(國文+社會)21,--,--,--,--,--,--,--,--,--,--,*
134,亞洲大學,134382,無,數位媒體設計學系視覺傳達組,,30,一般,底標,--,--,--,--,--,--,3,--,--,--,--,--,--,--,國文10,--,--,--,--,--,--,--,--,--,--,*
134,亞洲大學,134392,無,創意商品設計學系,,29,一般,底標,--,--,--,--,--,--,3,--,--,--,--,--,--,--,國文10,--,--,--,--,--,--,--,--,--,--,*
134,亞洲大學,134402,無,時尚設計學系,,27,一般,底標,--,--,--,--,--,--,3,--,--,--,--,--,--,--,國文11,--,--,--,--,--,--,--,--,--,--,*
134,亞洲大學,134412,無,室內設計學系,,26,一般,底標,--,--,--,--,--,--,8,--,--,--,--,--,3,--,國文9,國英16,--,--,--,--,--,--,--,--,--,*
150,國立宜蘭大學,150012,無,外國語文學系,,10,一般,--,均標,--,--,--,--,--,6,5,--,--,--,--,--,--,國文8,英文9,--,--,--,--,--,--,--,--,--,*
150,國立宜蘭大學,150022,無,應用經濟與管理學系,,20,一般,--,均標,--,--,--,--,--,--,--,--,3,--,--,5,--,國英社23,數學B3,--,--,--,--,--,--,--,--,--,--
150,國立宜蘭大學,150032,無,休閒產業與健康促進學系,,18,一般,後標,--,--,--,--,--,--,--,3,--,--,--,--,4,--,國英社24,英文6,--,--,--,--,--,--,--,--,--,*
150,國立宜蘭大學,150042,無,土木工程學系,,41,一般,--,--,--,--,--,後標,--,--,--,5,--,--,3,--,--,--,自然7,--,--,--,--,--,--,--,--,--,*
150,國立宜蘭大學,150052,無,機械與機電工程學系,,14,一般,--,--,後標,--,--,--,--,3.5,--,--,--,--,3.5,--,--,(國文+自然)22,--,--,--,--,--,--,--,--,--,--,*
150,國立宜蘭大學,150062,無,化學工程與材料工程學系,,31,一般,--,--,後標,--,--,後標,--,--,--,5,--,--,3,--,--,數學A5,自然10,--,--,--,--,--,--,--,--,--,*
150,國立宜蘭大學,150072,無,環境工程學系,,21,一般,--,--,後標,--,--,--,--,4.5,--,--,--,--,3,--,--,國文10,自然9,--,--,--,--,--,--,--,--,--,*
150,國立宜蘭大學,150082,無,生物機電工程學系,,15,一般,--,--,--,--,--,後標,--,4.5,--,--,--,--,3,--,--,國文8,自然8,--,--,--,--,--,--,--,--,--,*
150,國立宜蘭大學,150092,無,食品科學系,,25,一般,--,--,--,--,--,後標,--,--,5,--,--,--,3,--,--,英文5,自然9,--,--,--,--,--,--,--,--,--,*
150,國立宜蘭大學,150102,無,生物技術與動物科學系,,25,一般,--,--,--,--,--,後標,--,--,4,--,--,--,3,--,--,英文7,自然9,--,--,--,--,--,--,--,--,--,*
150,國立宜蘭大學,150112,無,森林暨自然資源學系,,15,一般,--,--,--,--,--,後標,--,--,--,--,--,--,3,6,--,國英數B18,自然9,--,--,--,--,--,--,--,--,--,*
150,國立宜蘭大學,150122,無,園藝學系,,11,一般,--,--,--,--,--,後標,--,5,6,--,--,--,4.5,--,--,英文1,國文9,自然7,--,--,--,--,--,--,--,--,*
150,國立宜蘭大學,150132,無,電機工程學系,,43,一般,--,--,均標,--,--,--,--,--,--,3,--,--,5,--,--,自然5,數學A9,--,--,--,--,--,--,--,--,--,*
150,國立宜蘭大學,150142,無,電子工程學系,,43,一般,--,--,後標,--,--,--,--,--,--,3,--,--,5,4,--,自然9,英數A15,數學A8,--,--,--,--,--,--,--,--,*
150,國立宜蘭大學,150152,無,資訊工程學系,,12,一般,--,--,後標,--,--,--,--,--,5,4,--,--,--,--,--,英文9,數A7,--,--,--,--,--,--,--,--,--,*
150,國立宜蘭大學,150162,無,資訊工程學系(APCS組),,3,APCS,,,,,,,,,,,,,,,見原始圖片,(APCS識讀+APCS實作)5,英文5,數學A6,--,--,--,--,--,--,--,--,--
150,國立宜蘭大學,150172,無,資訊工程學系(資安組),,3,APCS,,,,,,,,,,,,,,,見原始圖片,(APCS識讀+APCS實作)4,英文7,數學A7,--,--,--,--,--,--,--,--,--
151,國立聯合大學,151012,無,機械工程學系,,24,一般,--,--,後標,--,--,--,--,3,--,6,--,--,--,--,--,數A5,國文11,--,--,--,--,--,--,--,--,--,*
151,國立聯合大學,151022,無,化學工程學系,,47,一般,--,--,後標,--,--,--,--,--,--,3,--,--,--,--,--,數A8,--,--,--,--,--,--,--,--,--,--,--
151,國立聯合大學,151032,無,土木與防災工程學系,,28,一般,--,--,後標,--,--,--,--,--,--,3,--,--,--,--,--,數學A7,--,--,--,--,--,--,--,--,--,--,*
151,國立聯合大學,151042,無,材料科學工程學系,,24,一般,--,--,--,--,--,後標,--,--,--,--,--,--,--,3,--,國英數A自37,--,--,--,--,--,--,--,--,--,--,*
151,國立聯合大學,151052,無,環境與安全衛生工程學系,,31,一般,--,--,--,--,--,後標,--,--,--,--,--,--,--,3,--,數A自15,--,--,--,--,--,--,--,--,--,--,*
151,國立聯合大學,151062,無,能源工程學系,,32,一般,--,--,--,--,--,後標,--,--,5,--,--,--,3,--,--,英文6,自然8,--,--,--,--,--,--,--,--,--,*
151,國立聯合大學,151072,無,建築學系,,16,一般,後標,--,--,--,--,--,--,6,3,5,--,--,--,--,--,國文10,數A5,英文8,--,--,--,--,--,--,--,--,*
151,國立聯合大學,151082,無,工業設計學系,,19,一般,後標,--,--,--,--,--,--,3,--,--,--,--,--,--,--,國文11,--,--,--,--,--,--,--,--,--,--,*
151,國立聯合大學,151092,無,電機工程學系,,42,一般,--,--,後標,--,--,--,--,--,--,3,--,--,8,--,--,--,數學A9,--,--,--,--,--,--,--,--,--,*
151,國立聯合大學,151102,無,電子工程學系,,60,一般,--,--,後標,--,--,--,--,--,--,--,--,--,--,3,--,國數A18,--,--,--,--,--,--,--,--,--,--,*
151,國立聯合大學,151112,無,光電工程學系,,26,一般,--,--,後標,--,--,後標,--,--,--,5,--,--,3,--,--,數A5,自然9,--,--,--,--,--,--,--,--,--,*
151,國立聯合大學,151122,無,資訊工程學系,,16,一般,--,後標,均標,--,--,--,--,--,3,5,--,--,--,--,--,數A7,英文9,--,--,--,--,--,--,--,--,--,*
151,國立聯合大學,151142,無,經營管理學系,,46,一般,後標,--,--,--,--,--,--,--,3,--,3,--,--,--,--,(英文+數學B)11,--,--,--,--,--,--,--,--,--,--,*
151,國立聯合大學,151152,無,資訊管理學系,,15,一般,後標,--,--,--,--,--,--,--,--,--,--,--,--,3,--,國英數B27,--,--,--,--,--,--,--,--,--,--,*
151,國立聯合大學,151172,無,財務金融學系,,32,一般,--,後標,--,--,--,--,--,--,5,--,4,--,--,3,--,英文5,數學B4,國英數B社35,--,--,--,--,--,--,--,--,*
151,國立聯合大學,151182,無,臺灣語文與傳播學系,,21,一般,後標,後標,--,--,--,--,--,4,3,--,--,--,--,--,--,國文9,英文5,--,--,--,--,--,--,--,--,--,--
151,國立聯合大學,151192,無,華語文學系,,28,一般,後標,--,--,--,--,--,--,3,--,--,--,--,--,--,--,國文11,--,--,--,--,--,--,--,--,--,--,*
151,國立聯合大學,151202,無,文化觀光產業學系,,32,一般,後標,--,--,--,--,--,--,3,--,--,--,--,--,--,--,國文10,--,--,--,--,--,--,--,--,--,--,*
151,國立聯合大學,151212,無,文化創意與數位行銷學系,,23,一般,後標,--,--,--,--,--,--,8,--,--,--,3,--,--,--,國文9,社會11,--,--,--,--,--,--,--,--,--,*
151,國立聯合大學,151132,無,資訊工程學系APCS組,,3,APCS,,,,,,,,,,,,,,,見原始圖片,數學A7,英文6,(APCS識讀+APCS實作)4,--,--,--,--,--,--,--,--,--
151,國立聯合大學,151162,無,資訊管理學系APCS組,,3,APCS,,,,,,,,,,,,,,,見原始圖片,(APCS識讀+APCS實作)4,國英數B15,--,--,--,--,--,--,--,--,--,--
152,馬偕醫學院,152012,無,醫學系,,20,一般,--,頂標,頂標,--,前標,頂標,--,--,3,8,--,3,8,5,--,(數學A+自然)25,英數A社自55,(英文+社會)29,--,--,--,--,--,--,--,--,*
152,馬偕醫學院,152022,無,護理學系,,44,一般,後標,後標,--,--,--,後標,--,--,3,--,--,--,8,--,--,自然6,英文9,--,--,--,--,--,--,--,--,--,*
152,馬偕醫學院,152032,無,聽力暨語言治療學系聽力組,,12,一般,後標,後標,--,--,--,後標,--,--,--,--,--,--,--,4,--,國英數A自40,--,--,--,--,--,--,--,--,--,--,*
152,馬偕醫學院,152042,無,聽力暨語言治療學系語言組,,16,一般,後標,後標,--,--,--,後標,--,4,3,--,--,--,3,--,--,國文13,(英文+自然)23,--,--,--,--,--,--,--,--,--,*
152,馬偕醫學院,152052,無,視光學系,,20,一般,--,--,--,--,--,均標,--,--,6,--,--,--,3,--,--,英文6,自然10,--,--,--,--,--,--,--,--,--,*
152,馬偕醫學院,152062,無,醫學檢驗暨再生醫學學系,,24,一般,--,--,--,--,--,均標,--,--,10,--,--,--,3,--,--,英文3,自然10,--,--,--,--,--,--,--,--,--,*
152,馬偕醫學院,152072,無,醫學系(薪傳組),,1,一般,--,均標,前標,--,前標,前標,--,--,6,8,--,6,8,5,--,(數學A+自然)23,(英文+社會)26,英數A社自50,--,--,--,--,--,--,--,--,--
152,馬偕醫學院,152082,無,護理學系(薪傳組),,2,一般,--,後標,--,--,--,後標,--,--,3,--,--,--,8,--,--,自然6,英文8,--,--,--,--,--,--,--,--,--,*
152,馬偕醫學院,152092,無,聽力暨語言治療學系聽力組(薪傳組),,1,一般,--,後標,--,--,--,後標,--,--,--,--,--,--,--,3,--,國英數A自28,--,--,--,--,--,--,--,--,--,--,--
152,馬偕醫學院,152102,無,視光學系(薪傳組),,1,一般,--,--,--,--,--,後標,--,--,8,--,--,--,3,--,--,英文5,自然10,--,--,--,--,--,--,--,--,--,--
152,馬偕醫學院,152112,無,視光學系(青年儲蓄帳戶組),,1,一般,--,--,--,--,--,後標,--,--,--,--,--,--,--,--,--,--,--,--,--,--,--,--,--,--,--,--,--
153,國立金門大學,153012,無,應用英語學系,,9,一般,--,後標,--,--,--,--,--,--,5.5,--,--,--,--,--,--,英文6,--,--,--,--,--,--,--,--,--,--,*
153,國立金門大學,153022,無,運動與休閒學系,,20,一般,後標,--,--,--,--,--,--,5,--,--,--,3,--,--,--,國文9,社會10,--,--,--,--,--,--,--,--,--,*
153,國立金門大學,153032,無,企業管理學系,,25,一般,後標,--,--,後標,--,--,--,3,3,--,--,3,--,--,--,(國文+英文+社會)19,--,--,--,--,--,--,--,--,--,--,--
153,國立金門大學,153042,無,電機工程學系,,21,一般,--,--,--,--,--,後標,--,3,--,--,--,--,--,--,--,國文11,--,--,--,--,--,--,--,--,--,--,*
153,國立金門大學,153062,無,食品科學系,,22,一般,--,--,底標,底標,--,後標,--,--,--,--,--,--,3,--,--,自然8,--,--,--,--,--,--,--,--,--,--,*
153,國立金門大學,153072,無,土木與工程管理學系,,14,一般,--,--,--,--,--,後標,--,--,--,--,--,--,--,3.5,--,國自18,--,--,--,--,--,--,--,--,--,--,*
153,國立金門大學,153082,無,觀光管理學系,,20,一般,後標,--,--,--,--,--,--,4,--,--,--,3,--,--,--,國文10,社會9,--,--,--,--,--,--,--,--,--,*
153,國立金門大學,153092,無,資訊工程學系,,20,一般,--,--,--,--,--,均標,--,--,5,3,--,--,--,--,--,英文3,數學A4,--,--,--,--,--,--,--,--,--,--
153,國立金門大學,153122,無,建築學系,,27,一般,後標,後標,--,--,--,--,--,3,3,--,--,--,--,--,--,(國文+英文)17,--,--,--,--,--,--,--,--,--,--,*
153,國立金門大學,153132,無,國際暨大陸事務學系,,22,一般,後標,--,--,--,--,--,--,3,--,--,--,--,--,--,--,國文10,--,--,--,--,--,--,--,--,--,--,*
153,國立金門大學,153142,無,華語文學系,,20,一般,後標,--,--,--,--,--,--,3,--,--,--,--,--,--,--,國文11,--,--,--,--,--,--,--,--,--,--,*
153,國立金門大學,153152,無,海洋與邊境管理學系,,21,一般,後標,--,--,--,--,--,--,3,--,--,--,--,--,--,--,國文11,--,--,--,--,--,--,--,--,--,--,*
153,國立金門大學,153162,無,工業工程與管理學系,,19,一般,後標,--,底標,底標,--,--,--,3,--,--,--,--,--,--,--,國文9,--,--,--,--,--,--,--,--,--,--,--
153,國立金門大學,153172,無,護理學系(A組),,10,一般,後標,--,--,--,--,--,--,8,--,--,--,--,5,--,--,國文9,自然8,--,--,--,--,--,--,--,--,--,*
153,國立金門大學,153182,無,護理學系(B組),,6,一般,後標,--,--,--,--,--,--,8,7,--,--,--,--,--,--,國文9,英文4,--,--,--,--,--,--,--,--,--,*
153,國立金門大學,153192,無,長期照護學系,,20,一般,後標,--,--,--,--,--,--,5,3,--,--,--,--,--,--,國文9,英文2,--,--,--,--,--,--,--,--,--,--
153,國立金門大學,153202,無,社會工作學系,,23,一般,--,--,--,--,後標,--,--,4,--,--,--,3,--,5,--,國英社22,國文10,社會10,--,--,--,--,--,--,--,--,*
153,國立金門大學,153212,無,都市計畫與景觀學系,,21,一般,後標,--,--,--,--,--,--,5,--,--,--,3,--,--,--,國文9,社會10,--,--,--,--,--,--,--,--,--,*
153,國立金門大學,153052,無,電機工程學系(APCS組),,3,APCS,,,,,,,,,,,,,,,見原始圖片,國文9,(APCS識讀+APCS實作)4,--,--,--,--,--,--,--,--,--,--
153,國立金門大學,153102,無,資訊工程學系(APCS組),,3,APCS,,,,,,,,,,,,,,,見原始圖片,英文10,數學A8,(APCS識讀+APCS實作)6,--,--,--,--,--,--,--,--,--
153,國立金門大學,153112,無,資訊工程學系(資安組),,4,APCS,,,,,,,,,,,,,,,見原始圖片,--,--,--,--,--,--,--,--,--,--,--,--
154,臺北基督學院,154012,無,基督教博雅學系,,6,一般,底標,--,--,--,--,--,--,3,--,--,--,--,--,--,--,國文9,--,--,--,--,--,--,--,--,--,--,--
