學校代碼,學校,校系代碼,學系(組)名稱,名額類別,術科項目別,性別限制,分發最低標準
001,國立臺灣大學,001012,中國文學系,招生,--,無,備3
001,國立臺灣大學,001022,外國語文學系,招生,--,無,備5
001,國立臺灣大學,001022,外國語文學系,離島(金門縣),--,無,無
001,國立臺灣大學,001022,外國語文學系,離島(連江縣),--,無,正取
001,國立臺灣大學,001032,歷史學系,招生,--,無,備1
001,國立臺灣大學,001032,歷史學系,離島(澎湖縣),--,無,正取
001,國立臺灣大學,001042,哲學系,招生,--,無,正取
001,國立臺灣大學,001042,哲學系,離島(金門縣),--,無,無
001,國立臺灣大學,001052,人類學系,招生,--,無,正取
001,國立臺灣大學,001052,人類學系,原住民,--,無,備1
001,國立臺灣大學,001052,人類學系,離島(澎湖縣),--,無,無
001,國立臺灣大學,001062,圖書資訊學系,招生,--,無,備3
001,國立臺灣大學,001062,圖書資訊學系,離島(澎湖縣),--,無,正取
001,國立臺灣大學,001072,日本語文學系,招生,--,無,備9
001,國立臺灣大學,001082,戲劇學系,招生,--,男,正取
001,國立臺灣大學,001082,戲劇學系,招生,--,女,正取
001,國立臺灣大學,001082,戲劇學系,原住民,--,無,正取
001,國立臺灣大學,001092,數學系,招生,--,無,備1
001,國立臺灣大學,001102,物理學系,招生,--,無,備8
001,國立臺灣大學,001112,化學系,招生,--,無,備5
001,國立臺灣大學,001112,化學系,原住民,--,無,正取
001,國立臺灣大學,001122,地質科學系,招生,--,無,備5
001,國立臺灣大學,001122,地質科學系,原住民,--,無,正取
001,國立臺灣大學,001132,心理學系,招生,--,無,備2
001,國立臺灣大學,001142,地理環境資源學系,招生,--,無,正取
001,國立臺灣大學,001142,地理環境資源學系,原住民,--,無,無
001,國立臺灣大學,001152,大氣科學系,招生,--,無,備3
001,國立臺灣大學,001152,大氣科學系,原住民,--,無,無
001,國立臺灣大學,001162,政治學系政治理論組,招生,--,無,正取
001,國立臺灣大學,001172,政治學系國際關係組,招生,--,無,正取
001,國立臺灣大學,001182,政治學系公共行政組,招生,--,無,正取
001,國立臺灣大學,001192,經濟學系A組,招生,--,無,備5
001,國立臺灣大學,001202,經濟學系B組,招生,--,無,備2
001,國立臺灣大學,001212,經濟學系C組,招生,--,無,正取
001,國立臺灣大學,001222,社會學系,招生,--,無,正取
001,國立臺灣大學,001222,社會學系,原住民,--,無,正取
001,國立臺灣大學,001232,社會工作學系,招生,--,無,正取
001,國立臺灣大學,001232,社會工作學系,原住民,--,無,備2
001,國立臺灣大學,001242,醫學系,招生,--,無,正取
001,國立臺灣大學,001252,醫學系(公費生),招生,--,無,備1
001,國立臺灣大學,001262,牙醫學系,招生,--,無,備1
001,國立臺灣大學,001262,牙醫學系,離島(金門縣),--,無,正取
001,國立臺灣大學,001272,藥學系,招生,--,無,備7
001,國立臺灣大學,001272,藥學系,離島(澎湖縣),--,無,備1
001,國立臺灣大學,001272,藥學系,離島(金門縣),--,無,無
001,國立臺灣大學,001282,醫學檢驗暨生物技術學系,招生,--,無,備16
001,國立臺灣大學,001282,醫學檢驗暨生物技術學系,離島(澎湖縣),--,無,正取
001,國立臺灣大學,001292,護理學系,招生,--,無,備12
001,國立臺灣大學,001292,護理學系,原住民,--,無,正取
001,國立臺灣大學,001292,護理學系,離島(金門縣),--,無,無
001,國立臺灣大學,001302,物理治療學系,招生,--,無,備10
001,國立臺灣大學,001302,物理治療學系,原住民,--,無,備1
001,國立臺灣大學,001302,物理治療學系,離島(澎湖縣),--,無,無
001,國立臺灣大學,001312,職能治療學系,招生,--,無,備15
001,國立臺灣大學,001312,職能治療學系,離島(澎湖縣),--,無,無
001,國立臺灣大學,001322,土木工程學系,招生,--,無,備36
001,國立臺灣大學,001322,土木工程學系,原住民,--,無,正取
001,國立臺灣大學,001322,土木工程學系,離島(澎湖縣),--,無,備1
001,國立臺灣大學,001322,土木工程學系,離島(金門縣),--,無,正取
001,國立臺灣大學,001332,機械工程學系,招生,--,無,備60
001,國立臺灣大學,001342,化學工程學系,招生,--,無,備32
001,國立臺灣大學,001352,工程科學及海洋工程學系,招生,--,無,備19
001,國立臺灣大學,001362,材料科學與工程學系,招生,--,無,備14
001,國立臺灣大學,001372,醫學工程學系,招生,--,無,備4
001,國立臺灣大學,001382,農藝學系,招生,--,無,備2
001,國立臺灣大學,001382,農藝學系,原住民,--,無,正取
001,國立臺灣大學,001382,農藝學系,離島(澎湖縣),--,無,無
001,國立臺灣大學,001392,生物環境系統工程學系,招生,--,無,備12
001,國立臺灣大學,001392,生物環境系統工程學系,原住民,--,無,備3
001,國立臺灣大學,001402,農業化學系,招生,--,無,備11
001,國立臺灣大學,001412,森林環境暨資源學系,招生,--,無,備10
001,國立臺灣大學,001412,森林環境暨資源學系,原住民,--,無,正取
001,國立臺灣大學,001412,森林環境暨資源學系,離島(連江縣),--,無,備2
001,國立臺灣大學,001422,動物科學技術學系,招生,--,無,備4
001,國立臺灣大學,001432,農業經濟學系,招生,--,無,備1
001,國立臺灣大學,001432,農業經濟學系,原住民,--,無,無
001,國立臺灣大學,001442,園藝暨景觀學系,招生,--,無,備7
001,國立臺灣大學,001442,園藝暨景觀學系,原住民,--,無,正取
001,國立臺灣大學,001442,園藝暨景觀學系,離島(澎湖縣),--,無,正取
001,國立臺灣大學,001452,獸醫學系,招生,--,無,備7
001,國立臺灣大學,001452,獸醫學系,離島(澎湖縣),--,無,備1
001,國立臺灣大學,001462,生物產業傳播暨發展學系,招生,--,無,正取
001,國立臺灣大學,001462,生物產業傳播暨發展學系,原住民,--,無,備1
001,國立臺灣大學,001472,生物機電工程學系,招生,--,無,備15
001,國立臺灣大學,001482,昆蟲學系,招生,--,無,正取
001,國立臺灣大學,001482,昆蟲學系,原住民,--,無,正取
001,國立臺灣大學,001492,植物病理與微生物學系,招生,--,無,備5
001,國立臺灣大學,001492,植物病理與微生物學系,原住民,--,無,無
001,國立臺灣大學,001502,工商管理學系企業管理組,招生,--,無,正取
001,國立臺灣大學,001512,工商管理學系科技管理組,招生,--,無,備3
001,國立臺灣大學,001522,會計學系,招生,--,無,備5
001,國立臺灣大學,001532,財務金融學系,招生,--,無,備5
001,國立臺灣大學,001532,財務金融學系,離島(澎湖縣),--,無,無
001,國立臺灣大學,001532,財務金融學系,離島(金門縣),--,無,正取
001,國立臺灣大學,001542,國際企業學系,招生,--,無,備3
001,國立臺灣大學,001552,資訊管理學系,招生,--,無,備15
001,國立臺灣大學,001552,資訊管理學系,離島(金門縣),--,無,無
001,國立臺灣大學,001562,資訊管理學系(資安組),招生,--,無,備1
001,國立臺灣大學,001572,公共衛生學系,招生,--,無,備9
001,國立臺灣大學,001572,公共衛生學系,原住民,--,無,正取
001,國立臺灣大學,001582,電機工程學系,招生,--,無,備6
001,國立臺灣大學,001582,電機工程學系,離島(金門縣),--,無,無
001,國立臺灣大學,001592,資訊工程學系,招生,--,無,備5
001,國立臺灣大學,001602,資訊工程學系(APCS組),招生,--,無,正取
001,國立臺灣大學,001612,資訊工程學系(資安組),招生,--,無,正取
001,國立臺灣大學,001622,法律學系法學組,招生,--,無,正取
001,國立臺灣大學,001622,法律學系法學組,原住民,--,無,正取
001,國立臺灣大學,001632,法律學系司法組,招生,--,無,備2
001,國立臺灣大學,001632,法律學系司法組,原住民,--,無,正取
001,國立臺灣大學,001632,法律學系司法組,離島(澎湖縣),--,無,正取
001,國立臺灣大學,001632,法律學系司法組,離島(金門縣),--,無,正取
001,國立臺灣大學,001642,法律學系財經法學組,招生,--,無,備3
001,國立臺灣大學,001642,法律學系財經法學組,原住民,--,無,正取
001,國立臺灣大學,001642,法律學系財經法學組,離島(澎湖縣),--,無,備1
001,國立臺灣大學,001652,生命科學系,招生,--,無,備6
001,國立臺灣大學,001662,生化科技學系,招生,--,無,備15
001,國立臺灣大學,001662,生化科技學系,原住民,--,無,正取
001,國立臺灣大學,001662,生化科技學系,離島(金門縣),--,無,備2
001,國立臺灣大學,001672,國際體育運動事務學士學位學程,招生,--,無,正取
001,國立臺灣大學,001672,國際體育運動事務學士學位學程,原住民,--,無,無
001,國立臺灣大學,001682,希望組甲組(文社法),招生,--,無,備22
001,國立臺灣大學,001692,希望組乙組(地理及生傳),招生,--,無,正取
001,國立臺灣大學,001702,希望組丙組(理),招生,--,無,正取
001,國立臺灣大學,001712,希望組丁組(生醫),招生,--,無,備9
001,國立臺灣大學,001722,希望組戊組(工電資),招生,--,無,備20
001,國立臺灣大學,001732,希望組己組(經管),招生,--,無,正取
001,國立臺灣大學,001742,希望組庚組(生農),招生,--,無,備2
001,國立臺灣大學,001752,希望組辛組(醫牙),招生,--,無,正取
002,國立臺灣師範大學,002012,教育學系,招生,--,無,備18
002,國立臺灣師範大學,002012,教育學系,原住民,--,無,正取
002,國立臺灣師範大學,002022,教育心理與輔導學系,招生,--,無,備8
002,國立臺灣師範大學,002022,教育心理與輔導學系,離島(澎湖縣),--,無,備1
002,國立臺灣師範大學,002022,教育心理與輔導學系,離島(金門縣),--,無,正取
002,國立臺灣師範大學,002022,教育心理與輔導學系,離島(連江縣),--,無,正取
002,國立臺灣師範大學,002032,社會教育學系,招生,--,無,備5
002,國立臺灣師範大學,002032,社會教育學系,原住民,--,無,無
002,國立臺灣師範大學,002032,社會教育學系,離島(金門縣),--,無,備1
002,國立臺灣師範大學,002042,社會教育學系(青年儲蓄帳戶組),招生,--,無,無
002,國立臺灣師範大學,002052,健康促進與衛生教育學系,招生,--,無,備13
002,國立臺灣師範大學,002052,健康促進與衛生教育學系,原住民,--,無,無
002,國立臺灣師範大學,002062,幼兒與家庭科學學系家庭生活與教育組,招生,--,無,備16
002,國立臺灣師範大學,002062,幼兒與家庭科學學系家庭生活與教育組,原住民,--,無,備5
002,國立臺灣師範大學,002062,幼兒與家庭科學學系家庭生活與教育組,離島(澎湖縣),--,無,正取
002,國立臺灣師範大學,002072,幼兒與家庭科學學系幼兒發展與教育組,招生,--,無,備7
002,國立臺灣師範大學,002072,幼兒與家庭科學學系幼兒發展與教育組,原住民,--,無,備5
002,國立臺灣師範大學,002082,幼兒與家庭科學學系幼兒發展與教育組(青年儲蓄帳戶組),招生,--,無,無
002,國立臺灣師範大學,002092,公民教育與活動領導學系,招生,--,無,備38
002,國立臺灣師範大學,002092,公民教育與活動領導學系,原住民,--,無,備2
002,國立臺灣師範大學,002102,特殊教育學系,招生,--,無,備10
002,國立臺灣師範大學,002102,特殊教育學系,原住民,--,無,正取
002,國立臺灣師範大學,002112,特殊教育學系(公費生),招生,--,無,正取
002,國立臺灣師範大學,002122,學習科學學士學位學程,招生,--,無,備3
002,國立臺灣師範大學,002132,教育學院學士班,招生,--,無,備14
002,國立臺灣師範大學,002132,教育學院學士班,原住民,--,無,無
002,國立臺灣師範大學,002142,教育學院學士班(青年儲蓄帳戶組),招生,--,無,無
002,國立臺灣師範大學,002152,國文學系,招生,--,無,備45
002,國立臺灣師範大學,002152,國文學系,離島(金門縣),--,無,備1
002,國立臺灣師範大學,002162,英語學系,招生,--,無,備41
002,國立臺灣師範大學,002162,英語學系,離島(澎湖縣),--,無,正取
002,國立臺灣師範大學,002172,英語學系(公費生甲組),招生,--,無,正取
002,國立臺灣師範大學,002182,英語學系(公費生乙組),招生,--,無,無
002,國立臺灣師範大學,002192,歷史學系,招生,--,無,備34
002,國立臺灣師範大學,002192,歷史學系,離島(金門縣),--,無,無
002,國立臺灣師範大學,002202,歷史學系(公費生),招生,--,無,無
002,國立臺灣師範大學,002212,地理學系,招生,--,無,備19
002,國立臺灣師範大學,002212,地理學系,原住民,--,無,正取
002,國立臺灣師範大學,002222,臺灣語文學系,招生,--,無,備2
002,國立臺灣師範大學,002222,臺灣語文學系,原住民,--,無,無
002,國立臺灣師範大學,002232,數學系,招生,--,無,備68
002,國立臺灣師範大學,002232,數學系,原住民,--,無,無
002,國立臺灣師範大學,002232,數學系,離島(金門縣),--,無,正取
002,國立臺灣師範大學,002242,數學系(公費生),招生,--,無,備1
002,國立臺灣師範大學,002252,物理學系,招生,--,無,備28
002,國立臺灣師範大學,002252,物理學系,原住民,--,無,正取
002,國立臺灣師範大學,002262,物理學系(公費生),招生,--,無,正取
002,國立臺灣師範大學,002272,化學系,招生,--,無,備42
002,國立臺灣師範大學,002272,化學系,離島(澎湖縣),--,無,正取
002,國立臺灣師範大學,002282,生命科學系,招生,--,無,備28
002,國立臺灣師範大學,002282,生命科學系,原住民,--,無,備3
002,國立臺灣師範大學,002282,生命科學系,離島(澎湖縣),--,無,正取
002,國立臺灣師範大學,002292,地球科學系,招生,--,無,備25
002,國立臺灣師範大學,002302,資訊工程學系,招生,--,無,備17
002,國立臺灣師範大學,002302,資訊工程學系,離島(連江縣),--,無,無
002,國立臺灣師範大學,002312,資訊工程學系(APCS組),招生,--,無,備2
002,國立臺灣師範大學,002322,資訊工程學系(資安組),招生,--,無,正取
002,國立臺灣師範大學,002332,營養科學學士學位學程,招生,--,無,備19
002,國立臺灣師範大學,002332,營養科學學士學位學程,原住民,--,無,無
002,國立臺灣師範大學,002342,科技應用與人力資源發展學系,招生,--,無,備11
002,國立臺灣師範大學,002342,科技應用與人力資源發展學系,原住民,--,無,無
002,國立臺灣師範大學,002352,圖文傳播學系,招生,--,無,備10
002,國立臺灣師範大學,002362,機電工程學系,招生,--,無,備18
002,國立臺灣師範大學,002362,機電工程學系,原住民,--,無,無
002,國立臺灣師範大學,002372,電機工程學系,招生,--,無,備34
002,國立臺灣師範大學,002382,光電工程學士學位學程,招生,--,無,備3
002,國立臺灣師範大學,002392,華語文教學系應用華語文學組,招生,--,無,備18
002,國立臺灣師範大學,002392,華語文教學系應用華語文學組,原住民,--,無,正取
002,國立臺灣師範大學,002402,華語文教學系應用華語文學組(青年儲蓄帳戶組),招生,--,無,無
002,國立臺灣師範大學,002412,東亞學系,招生,--,無,備18
002,國立臺灣師範大學,002412,東亞學系,原住民,--,無,正取
002,國立臺灣師範大學,002422,企業管理學系,招生,--,無,備18
002,國立臺灣師範大學,002422,企業管理學系,原住民,--,無,無
002,國立臺灣師範大學,002432,設計學系產品設計組,招生,--,無,備8
002,國立臺灣師範大學,002432,設計學系產品設計組,離島(澎湖縣),--,無,正取
002,國立臺灣師範大學,002442,晨光招生(學習科學學士學位學程),招生,--,無,備3
002,國立臺灣師範大學,002452,晨光招生(生命科學系),招生,--,無,備1
002,國立臺灣師範大學,002462,晨光招生(光電工程學士學位學程),招生,--,無,備1
002,國立臺灣師範大學,002472,晨光招生(企業管理學系),招生,--,無,正取
002,國立臺灣師範大學,002482,晨光招生(表演藝術學士學位學程),招生,--,無,備2
002,國立臺灣師範大學,002492,音樂學系,招生,鋼琴,無,備4
002,國立臺灣師範大學,002492,音樂學系,招生,聲樂,無,備6
002,國立臺灣師範大學,002492,音樂學系,招生,小提琴,無,備4
002,國立臺灣師範大學,002492,音樂學系,招生,中提琴,無,備2
002,國立臺灣師範大學,002492,音樂學系,招生,大提琴,無,正取
002,國立臺灣師範大學,002492,音樂學系,招生,低音提琴,無,正取
002,國立臺灣師範大學,002492,音樂學系,招生,豎琴,無,無
002,國立臺灣師範大學,002492,音樂學系,招生,長號,無,正取
002,國立臺灣師範大學,002492,音樂學系,招生,小號,無,正取
002,國立臺灣師範大學,002492,音樂學系,招生,法國號,無,備2
002,國立臺灣師範大學,002492,音樂學系,招生,上低音號,無,正取
002,國立臺灣師範大學,002492,音樂學系,招生,長笛,無,正取
002,國立臺灣師範大學,002492,音樂學系,招生,單簧管(豎笛),無,備2
002,國立臺灣師範大學,002492,音樂學系,招生,雙簧管,無,備2
002,國立臺灣師範大學,002492,音樂學系,招生,低音管,無,備1
002,國立臺灣師範大學,002492,音樂學系,招生,擊樂,無,備1
002,國立臺灣師範大學,002492,音樂學系,招生,理論作曲,無,備2
002,國立臺灣師範大學,002492,音樂學系,招生,南胡,無,正取
002,國立臺灣師範大學,002492,音樂學系,招生,箏,無,正取
002,國立臺灣師範大學,002492,音樂學系,原住民,--,無,備1
002,國立臺灣師範大學,002492,音樂學系,離島(澎湖縣),--,無,備1
002,國立臺灣師範大學,002502,表演藝術學士學位學程,招生,--,無,正取
002,國立臺灣師範大學,002502,表演藝術學士學位學程,原住民,--,無,正取
002,國立臺灣師範大學,002512,設計學系視覺設計組,招生,--,無,備4
002,國立臺灣師範大學,002522,美術學系繪畫組,招生,--,無,備15
002,國立臺灣師範大學,002522,美術學系繪畫組,原住民,--,無,正取
002,國立臺灣師範大學,002532,美術學系水墨畫組,招生,--,無,備4
002,國立臺灣師範大學,002532,美術學系水墨畫組,原住民,--,無,無
002,國立臺灣師範大學,002542,體育與運動科學系,招生,--,無,備6
002,國立臺灣師範大學,002542,體育與運動科學系,原住民,--,無,正取
002,國立臺灣師範大學,002542,體育與運動科學系,離島(澎湖縣),--,無,正取
002,國立臺灣師範大學,002542,體育與運動科學系,離島(金門縣),--,無,備1
003,國立中興大學,003012,中國文學系,招生,--,無,備13
003,國立中興大學,003012,中國文學系,原住民,--,無,備1
003,國立中興大學,003022,外國語文學系,招生,--,無,備12
003,國立中興大學,003022,外國語文學系,原住民,--,無,備1
003,國立中興大學,003022,外國語文學系,離島(澎湖縣),--,無,無
003,國立中興大學,003032,歷史學系,招生,--,無,備22
003,國立中興大學,003032,歷史學系,原住民,--,無,備1
003,國立中興大學,003042,台灣人文創新學士學位學程,招生,--,無,備12
003,國立中興大學,003042,台灣人文創新學士學位學程,原住民,--,無,備1
003,國立中興大學,003052,財務金融學系,招生,--,無,備36
003,國立中興大學,003052,財務金融學系,原住民,--,無,無
003,國立中興大學,003052,財務金融學系,離島(澎湖縣),--,無,無
003,國立中興大學,003062,企業管理學系,招生,--,無,備15
003,國立中興大學,003062,企業管理學系,原住民,--,無,無
003,國立中興大學,003072,資訊管理學系,招生,--,無,備21
003,國立中興大學,003072,資訊管理學系,原住民,--,無,無
003,國立中興大學,003082,會計學系,招生,--,無,備4
003,國立中興大學,003082,會計學系,原住民,--,無,無
003,國立中興大學,003082,會計學系,離島(澎湖縣),--,無,無
003,國立中興大學,003092,行銷學系,招生,--,無,備30
003,國立中興大學,003092,行銷學系,原住民,--,無,正取
003,國立中興大學,003102,應用經濟學系,招生,--,無,備20
003,國立中興大學,003102,應用經濟學系,原住民,--,無,無
003,國立中興大學,003112,法律學系,招生,--,無,備7
003,國立中興大學,003112,法律學系,原住民,--,無,備2
003,國立中興大學,003112,法律學系,離島(澎湖縣),--,無,備1
003,國立中興大學,003112,法律學系,離島(金門縣),--,無,正取
003,國立中興大學,003122,化學系,招生,--,無,備22
003,國立中興大學,003122,化學系,原住民,--,無,備1
003,國立中興大學,003132,物理學系一般物理組,招生,--,無,備17
003,國立中興大學,003132,物理學系一般物理組,原住民,--,無,無
003,國立中興大學,003142,物理學系光電物理組,招生,--,無,備17
003,國立中興大學,003142,物理學系光電物理組,原住民,--,無,無
003,國立中興大學,003152,應用數學系應用數學組,招生,--,無,備25
003,國立中興大學,003152,應用數學系應用數學組,原住民,--,無,正取
003,國立中興大學,003162,應用數學系數據科學與計算組,招生,--,無,備36
003,國立中興大學,003162,應用數學系數據科學與計算組,原住民,--,無,無
003,國立中興大學,003172,應用數學系數據科學與計算組(資安組),招生,--,無,備3
003,國立中興大學,003182,機械工程學系,招生,--,無,備71
003,國立中興大學,003182,機械工程學系,原住民,--,無,備1
003,國立中興大學,003182,機械工程學系,離島(金門縣),--,無,備2
003,國立中興大學,003192,土木工程學系,招生,--,無,備66
003,國立中興大學,003192,土木工程學系,原住民,--,無,備2
003,國立中興大學,003202,環境工程學系,招生,--,無,備14
003,國立中興大學,003202,環境工程學系,原住民,--,無,無
003,國立中興大學,003202,環境工程學系,離島(澎湖縣),--,無,正取
003,國立中興大學,003212,化學工程學系,招生,--,無,備11
003,國立中興大學,003212,化學工程學系,原住民,--,無,正取
003,國立中興大學,003222,材料科學與工程學系,招生,--,無,備11
003,國立中興大學,003222,材料科學與工程學系,原住民,--,無,備3
003,國立中興大學,003222,材料科學與工程學系,離島(澎湖縣),--,無,正取
003,國立中興大學,003232,智慧創意工程學士學位學程,招生,--,無,備8
003,國立中興大學,003232,智慧創意工程學士學位學程,原住民,--,無,無
003,國立中興大學,003242,電機工程學系,招生,--,無,備63
003,國立中興大學,003242,電機工程學系,原住民,--,無,備2
003,國立中興大學,003252,資訊工程學系,招生,--,無,備21
003,國立中興大學,003252,資訊工程學系,原住民,--,無,備1
003,國立中興大學,003262,資訊工程學系(APCS組),招生,--,無,備7
003,國立中興大學,003272,資訊工程學系(資安組),招生,--,無,備2
003,國立中興大學,003282,電機資訊學院學士班,招生,--,無,備36
003,國立中興大學,003282,電機資訊學院學士班,原住民,--,無,無
003,國立中興大學,003292,生物產業機電工程學系,招生,--,無,備30
003,國立中興大學,003292,生物產業機電工程學系,原住民,--,無,正取
003,國立中興大學,003302,水土保持學系,招生,--,無,備29
003,國立中興大學,003302,水土保持學系,原住民,--,無,無
003,國立中興大學,003312,食品暨應用生物科技學系,招生,--,無,備32
003,國立中興大學,003312,食品暨應用生物科技學系,原住民,--,無,無
003,國立中興大學,003312,食品暨應用生物科技學系,離島(金門縣),--,無,備1
003,國立中興大學,003322,農藝學系,招生,--,無,備31
003,國立中興大學,003322,農藝學系,原住民,--,無,無
003,國立中興大學,003332,園藝學系,招生,--,無,備8
003,國立中興大學,003332,園藝學系,原住民,--,無,正取
003,國立中興大學,003342,森林學系林學組,招生,--,無,備10
003,國立中興大學,003342,森林學系林學組,原住民,--,無,無
003,國立中興大學,003352,森林學系木材科學組,招生,--,無,備14
003,國立中興大學,003352,森林學系木材科學組,原住民,--,無,無
003,國立中興大學,003362,植物病理學系,招生,--,無,備28
003,國立中興大學,003362,植物病理學系,原住民,--,無,無
003,國立中興大學,003372,昆蟲學系,招生,--,無,備1
003,國立中興大學,003372,昆蟲學系,原住民,--,無,無
003,國立中興大學,003382,動物科學系,招生,--,無,備10
003,國立中興大學,003382,動物科學系,原住民,--,無,無
003,國立中興大學,003392,土壤環境科學系,招生,--,無,備12
003,國立中興大學,003392,土壤環境科學系,原住民,--,無,無
003,國立中興大學,003402,生物科技學士學位學程,招生,--,無,備13
003,國立中興大學,003402,生物科技學士學位學程,原住民,--,無,無
003,國立中興大學,003412,景觀與遊憩學士學位學程,招生,--,無,備8
003,國立中興大學,003412,景觀與遊憩學士學位學程,原住民,--,無,無
003,國立中興大學,003422,國際農企業學士學位學程,招生,--,無,正取
003,國立中興大學,003422,國際農企業學士學位學程,原住民,--,無,無
003,國立中興大學,003432,生命科學系,招生,--,無,備74
003,國立中興大學,003432,生命科學系,原住民,--,無,無
003,國立中興大學,003442,獸醫學系,招生,--,無,備26
003,國立中興大學,003442,獸醫學系,原住民,--,無,備4
003,國立中興大學,003442,獸醫學系,離島(澎湖縣),--,無,正取
003,國立中興大學,003442,獸醫學系,離島(金門縣),--,無,正取
003,國立中興大學,003452,興翼招生A組(商學管理),招生,--,無,備27
003,國立中興大學,003462,興翼招生B組(文史法律),招生,--,無,備22
003,國立中興大學,003472,興翼招生C組(化學數學),招生,--,無,備8
003,國立中興大學,003482,興翼招生D組(化材電資暨工程),招生,--,無,備34
003,國立中興大學,003492,興翼招生E組(生物資源暨農業科技),招生,--,無,正取
003,國立中興大學,003502,興翼招生F組(生物科技暨獸醫),招生,--,無,備5
004,國立成功大學,004012,中國文學系,招生,--,無,備7
004,國立成功大學,004022,外國語文學系,招生,--,無,正取
004,國立成功大學,004022,外國語文學系,離島(金門縣),--,無,備1
004,國立成功大學,004032,歷史學系,招生,--,無,無
004,國立成功大學,004032,歷史學系,原住民,--,無,無
004,國立成功大學,004032,歷史學系,離島(澎湖縣),--,無,無
004,國立成功大學,004042,台灣文學系,招生,--,無,備9
004,國立成功大學,004042,台灣文學系,原住民,--,無,正取
004,國立成功大學,004052,數學系,招生,--,無,備34
004,國立成功大學,004052,數學系,原住民,--,無,無
004,國立成功大學,004062,物理學系,招生,--,無,備25
004,國立成功大學,004062,物理學系,原住民,--,無,正取
004,國立成功大學,004072,化學系,招生,--,無,備35
004,國立成功大學,004072,化學系,原住民,--,無,無
004,國立成功大學,004082,地球科學系,招生,--,無,備17
004,國立成功大學,004082,地球科學系,原住民,--,無,無
004,國立成功大學,004092,光電科學與工程學系,招生,--,無,備30
004,國立成功大學,004092,光電科學與工程學系,原住民,--,無,備1
004,國立成功大學,004102,機械工程學系,招生,--,無,備26
004,國立成功大學,004102,機械工程學系,原住民,--,無,正取
004,國立成功大學,004112,機械工程學系(普渡雙聯組),招生,--,無,備11
004,國立成功大學,004122,化學工程學系,招生,--,無,備72
004,國立成功大學,004122,化學工程學系,離島(澎湖縣),--,無,正取
004,國立成功大學,004122,化學工程學系,離島(金門縣),--,無,正取
004,國立成功大學,004132,材料科學及工程學系,招生,--,無,備34
004,國立成功大學,004132,材料科學及工程學系,離島(澎湖縣),--,無,備1
004,國立成功大學,004142,資源工程學系,招生,--,無,備23
004,國立成功大學,004142,資源工程學系,原住民,--,無,正取
004,國立成功大學,004152,土木工程學系,招生,--,無,備43
004,國立成功大學,004152,土木工程學系,原住民,--,無,正取
004,國立成功大學,004152,土木工程學系,離島(金門縣),--,無,備4
004,國立成功大學,004162,水利及海洋工程學系,招生,--,無,備14
004,國立成功大學,004162,水利及海洋工程學系,原住民,--,無,正取
004,國立成功大學,004162,水利及海洋工程學系,離島(澎湖縣),--,無,正取
004,國立成功大學,004172,工程科學系,招生,--,無,備43
004,國立成功大學,004172,工程科學系,原住民,--,無,備1
004,國立成功大學,004182,系統及船舶機電工程學系,招生,--,無,備41
004,國立成功大學,004182,系統及船舶機電工程學系,原住民,--,無,無
004,國立成功大學,004192,航空太空工程學系,招生,--,無,備30
004,國立成功大學,004202,能源工程國際學士學位學程,招生,--,無,備24
004,國立成功大學,004212,環境工程學系,招生,--,無,備21
004,國立成功大學,004222,測量及空間資訊學系,招生,--,無,備25
004,國立成功大學,004222,測量及空間資訊學系,原住民,--,無,無
004,國立成功大學,004222,測量及空間資訊學系,離島(連江縣),--,無,正取
004,國立成功大學,004232,生物醫學工程學系,招生,--,無,備19
004,國立成功大學,004242,工業與資訊管理學系,招生,--,無,備39
004,國立成功大學,004242,工業與資訊管理學系,原住民,--,無,無
004,國立成功大學,004252,工業與資訊管理學系(APCS組),招生,--,無,備1
004,國立成功大學,004262,交通管理科學系,招生,--,無,備13
004,國立成功大學,004262,交通管理科學系,原住民,--,無,正取
004,國立成功大學,004272,統計學系,招生,--,無,備11
004,國立成功大學,004282,會計學系,招生,--,無,備18
004,國立成功大學,004282,會計學系,原住民,--,無,正取
004,國立成功大學,004292,企業管理學系,招生,--,無,備4
004,國立成功大學,004302,醫學系,招生,--,無,備23
004,國立成功大學,004312,醫學系(公費生),招生,--,無,正取
004,國立成功大學,004322,牙醫學系,招生,--,無,備15
004,國立成功大學,004322,牙醫學系,離島(澎湖縣),--,無,正取
004,國立成功大學,004322,牙醫學系,離島(金門縣),--,無,正取
004,國立成功大學,004332,醫學檢驗生物技術學系,招生,--,無,備20
004,國立成功大學,004332,醫學檢驗生物技術學系,離島(澎湖縣),--,無,備3
004,國立成功大學,004332,醫學檢驗生物技術學系,離島(金門縣),--,無,備1
004,國立成功大學,004342,護理學系,招生,--,無,備13
004,國立成功大學,004352,物理治療學系,招生,--,無,備15
004,國立成功大學,004352,物理治療學系,原住民,--,無,無
004,國立成功大學,004352,物理治療學系,離島(澎湖縣),--,無,正取
004,國立成功大學,004362,職能治療學系,招生,--,無,備22
004,國立成功大學,004362,職能治療學系,離島(金門縣),--,無,無
004,國立成功大學,004372,藥學系,招生,--,無,備19
004,國立成功大學,004372,藥學系,離島(澎湖縣),--,無,備2
004,國立成功大學,004372,藥學系,離島(金門縣),--,無,備6
004,國立成功大學,004372,藥學系,離島(屏東縣),--,無,備1
004,國立成功大學,004382,政治學系,招生,--,無,備22
004,國立成功大學,004382,政治學系,原住民,--,無,備1
004,國立成功大學,004392,經濟學系,招生,--,無,備28
004,國立成功大學,004392,經濟學系,原住民,--,無,正取
004,國立成功大學,004402,法律學系,招生,--,無,備3
004,國立成功大學,004402,法律學系,原住民,--,無,無
004,國立成功大學,004402,法律學系,離島(澎湖縣),--,無,備5
004,國立成功大學,004412,心理學系,招生,--,無,備13
004,國立成功大學,004412,心理學系,原住民,--,無,無
004,國立成功大學,004412,心理學系,離島(金門縣),--,無,正取
004,國立成功大學,004422,電機工程學系,招生,--,無,備144
004,國立成功大學,004422,電機工程學系,原住民,--,無,正取
004,國立成功大學,004422,電機工程學系,離島(澎湖縣),--,無,備1
004,國立成功大學,004432,電機工程學系(普渡雙聯組),招生,--,無,備15
004,國立成功大學,004442,資訊工程學系,招生,--,無,備136
004,國立成功大學,004442,資訊工程學系,原住民,--,無,正取
004,國立成功大學,004442,資訊工程學系,離島(澎湖縣),--,無,備2
004,國立成功大學,004442,資訊工程學系,離島(金門縣),--,無,正取
004,國立成功大學,004452,資訊工程學系(智慧系統組),招生,--,無,備14
004,國立成功大學,004462,資訊工程學系(普渡雙聯組),招生,--,無,備9
004,國立成功大學,004472,建築學系,招生,--,無,備10
004,國立成功大學,004472,建築學系,原住民,--,無,正取
004,國立成功大學,004472,建築學系,離島(澎湖縣),--,無,正取
004,國立成功大學,004472,建築學系,離島(金門縣),--,無,正取
004,國立成功大學,004482,都市計劃學系,招生,--,無,備30
004,國立成功大學,004482,都市計劃學系,原住民,--,無,無
004,國立成功大學,004482,都市計劃學系,離島(澎湖縣),--,無,無
004,國立成功大學,004492,工業設計學系,招生,--,無,備14
004,國立成功大學,004502,生命科學系,招生,--,無,備30
004,國立成功大學,004502,生命科學系,原住民,--,無,無
004,國立成功大學,004512,生物科技與產業科學系,招生,--,無,備15
004,國立成功大學,004512,生物科技與產業科學系,原住民,--,無,無
004,國立成功大學,004522,生物科技與產業科學系(APCS組),招生,--,無,正取
004,國立成功大學,004532,全校不分系學士學位學程,招生,--,無,備14
004,國立成功大學,004532,全校不分系學士學位學程,原住民,--,無,無
004,國立成功大學,004542,成星招生甲組(文社),招生,--,無,備13
004,國立成功大學,004552,成星招生乙組(管理),招生,--,無,備13
004,國立成功大學,004562,成星招生丙組(理),招生,--,無,正取
004,國立成功大學,004572,成星招生丁組(工),招生,--,無,備38
004,國立成功大學,004582,成星招生戊組(生醫),招生,--,無,備16
005,東吳大學,005012,中國文學系,招生,--,無,備68
005,東吳大學,005012,中國文學系,原住民,--,無,備1
005,東吳大學,005022,歷史學系,招生,--,無,備25
005,東吳大學,005022,歷史學系,原住民,--,無,正取
005,東吳大學,005022,歷史學系,離島(金門縣),--,無,正取
005,東吳大學,005032,哲學系,招生,--,無,備11
005,東吳大學,005032,哲學系,原住民,--,無,無
005,東吳大學,005042,政治學系,招生,--,無,備32
005,東吳大學,005042,政治學系,原住民,--,無,正取
005,東吳大學,005052,社會學系,招生,--,無,備38
005,東吳大學,005052,社會學系,原住民,--,無,備2
005,東吳大學,005062,社會工作學系,招生,--,無,備48
005,東吳大學,005062,社會工作學系,原住民,--,無,備7
005,東吳大學,005072,英文學系,招生,--,無,備94
005,東吳大學,005072,英文學系,原住民,--,無,無
005,東吳大學,005072,英文學系,離島(金門縣),--,無,正取
005,東吳大學,005082,日本語文學系,招生,--,無,備72
005,東吳大學,005082,日本語文學系,原住民,--,無,備1
005,東吳大學,005092,德國文化學系,招生,--,無,備25
005,東吳大學,005102,數學系,招生,--,無,備26
005,東吳大學,005102,數學系,原住民,--,無,無
005,東吳大學,005112,物理學系,招生,--,無,備26
005,東吳大學,005122,化學系,招生,--,無,備17
005,東吳大學,005122,化學系,原住民,--,無,無
005,東吳大學,005132,微生物學系,招生,--,無,備23
005,東吳大學,005132,微生物學系,原住民,--,無,無
005,東吳大學,005142,心理學系,招生,--,無,備29
005,東吳大學,005142,心理學系,原住民,--,無,備1
005,東吳大學,005152,法律學系,招生,--,無,備66
005,東吳大學,005152,法律學系,原住民,--,無,無
005,東吳大學,005152,法律學系,離島(金門縣),--,無,正取
005,東吳大學,005162,經濟學系,招生,--,無,備70
005,東吳大學,005162,經濟學系,原住民,--,無,無
005,東吳大學,005172,會計學系,招生,--,無,備167
005,東吳大學,005172,會計學系,離島(金門縣),--,無,備2
005,東吳大學,005182,企業管理學系,招生,--,無,備103
005,東吳大學,005182,企業管理學系,離島(金門縣),--,無,備1
005,東吳大學,005192,國際經營與貿易學系,招生,--,無,備31
005,東吳大學,005192,國際經營與貿易學系,原住民,--,無,備3
005,東吳大學,005192,國際經營與貿易學系,離島(金門縣),--,無,備2
005,東吳大學,005202,財務工程與精算數學系,招生,--,無,備110
005,東吳大學,005212,資訊管理學系,招生,--,無,備68
005,東吳大學,005212,資訊管理學系,原住民,--,無,無
005,東吳大學,005212,資訊管理學系,離島(金門縣),--,無,正取
005,東吳大學,005222,資訊管理學系(APCS組),招生,--,無,備3
005,東吳大學,005232,資料科學系,招生,--,無,備58
005,東吳大學,005232,資料科學系,原住民,--,無,正取
005,東吳大學,005242,音樂學系,招生,鋼琴,無,備27
005,東吳大學,005242,音樂學系,招生,聲樂,無,備20
005,東吳大學,005242,音樂學系,招生,小提琴,無,備15
005,東吳大學,005242,音樂學系,招生,中提琴,無,備3
005,東吳大學,005242,音樂學系,招生,大提琴,無,備11
005,東吳大學,005242,音樂學系,招生,低音提琴,無,備3
005,東吳大學,005242,音樂學系,招生,長號,無,正取
005,東吳大學,005242,音樂學系,招生,小號,無,備3
005,東吳大學,005242,音樂學系,招生,法國號,無,無
005,東吳大學,005242,音樂學系,招生,上低音號,無,備2
005,東吳大學,005242,音樂學系,招生,低音號,無,備1
005,東吳大學,005242,音樂學系,招生,薩克斯管,無,備3
005,東吳大學,005242,音樂學系,招生,長笛,無,備5
005,東吳大學,005242,音樂學系,招生,單簧管(豎笛),無,備9
005,東吳大學,005242,音樂學系,招生,雙簧管,無,無
005,東吳大學,005242,音樂學系,招生,低音管,無,無
005,東吳大學,005242,音樂學系,招生,擊樂,無,備3
005,東吳大學,005242,音樂學系,招生,理論作曲,無,無
006,國立政治大學,006012,中國文學系,招生,--,無,備27
006,國立政治大學,006012,中國文學系,原住民,--,無,正取
006,國立政治大學,006022,歷史學系,招生,--,無,備29
006,國立政治大學,006022,歷史學系,原住民,--,無,正取
006,國立政治大學,006032,哲學系,招生,--,無,備19
006,國立政治大學,006042,教育學系,招生,--,無,備18
006,國立政治大學,006042,教育學系,原住民,--,無,無
006,國立政治大學,006052,政治學系,招生,--,無,備7
006,國立政治大學,006052,政治學系,原住民,--,無,備1
006,國立政治大學,006062,社會學系,招生,--,無,備10
006,國立政治大學,006062,社會學系,原住民,--,無,備2
006,國立政治大學,006072,財政學系,招生,--,無,備37
006,國立政治大學,006072,財政學系,原住民,--,無,正取
006,國立政治大學,006082,公共行政學系,招生,--,無,備13
006,國立政治大學,006082,公共行政學系,原住民,--,無,正取
006,國立政治大學,006082,公共行政學系,離島(澎湖縣),--,無,正取
006,國立政治大學,006092,地政學系土地資源規劃組,招生,--,無,備19
006,國立政治大學,006102,地政學系土地管理組,招生,--,無,備10
006,國立政治大學,006102,地政學系土地管理組,離島(澎湖縣),--,無,無
006,國立政治大學,006112,地政學系土地測量與資訊組,招生,--,無,正取
006,國立政治大學,006122,經濟學系,招生,--,無,備35
006,國立政治大學,006122,經濟學系,離島(澎湖縣),--,無,正取
006,國立政治大學,006132,民族學系,招生,--,無,備7
006,國立政治大學,006132,民族學系,原住民,--,無,備4
006,國立政治大學,006142,外交學系,招生,--,無,備12
006,國立政治大學,006142,外交學系,原住民,--,無,無
006,國立政治大學,006152,國際經營與貿易學系,招生,--,無,備31
006,國立政治大學,006162,金融學系,招生,--,無,備18
006,國立政治大學,006162,金融學系,離島(澎湖縣),--,無,正取
006,國立政治大學,006162,金融學系,離島(金門縣),--,無,備2
006,國立政治大學,006172,會計學系,招生,--,無,備10
006,國立政治大學,006172,會計學系,原住民,--,無,無
006,國立政治大學,006182,統計學系(甲組),招生,--,無,備8
006,國立政治大學,006192,統計學系(乙組),招生,--,無,備3
006,國立政治大學,006202,企業管理學系,招生,--,無,備26
006,國立政治大學,006212,資訊管理學系,招生,--,無,備20
006,國立政治大學,006212,資訊管理學系,原住民,--,無,正取
006,國立政治大學,006212,資訊管理學系,離島(金門縣),--,無,備1
006,國立政治大學,006222,財務管理學系,招生,--,無,備25
006,國立政治大學,006232,風險管理與保險學系,招生,--,無,備14
006,國立政治大學,006232,風險管理與保險學系,原住民,--,無,正取
006,國立政治大學,006242,傳播學院大一大二不分系(社會組),招生,--,無,備51
006,國立政治大學,006242,傳播學院大一大二不分系(社會組),原住民,--,無,備2
006,國立政治大學,006242,傳播學院大一大二不分系(社會組),離島(澎湖縣),--,無,備1
006,國立政治大學,006242,傳播學院大一大二不分系(社會組),離島(金門縣),--,無,備1
006,國立政治大學,006252,傳播學院大一大二不分系(自然組),招生,--,無,備8
006,國立政治大學,006262,英國語文學系,招生,--,無,備15
006,國立政治大學,006262,英國語文學系,原住民,--,無,備1
006,國立政治大學,006262,英國語文學系,離島(澎湖縣),--,無,無
006,國立政治大學,006272,阿拉伯語文學系,招生,--,無,備8
006,國立政治大學,006282,斯拉夫語文學系,招生,--,無,備8
006,國立政治大學,006282,斯拉夫語文學系,原住民,--,無,無
006,國立政治大學,006292,日本語文學系,招生,--,無,備18
006,國立政治大學,006292,日本語文學系,原住民,--,無,正取
006,國立政治大學,006292,日本語文學系,離島(澎湖縣),--,無,正取
006,國立政治大學,006302,韓國語文學系,招生,--,無,備5
006,國立政治大學,006302,韓國語文學系,原住民,--,無,正取
006,國立政治大學,006312,土耳其語文學系,招生,--,無,備6
006,國立政治大學,006312,土耳其語文學系,原住民,--,無,無
006,國立政治大學,006322,歐洲語文學系法文組,招生,--,無,備14
006,國立政治大學,006322,歐洲語文學系法文組,原住民,--,無,正取
006,國立政治大學,006322,歐洲語文學系法文組,離島(金門縣),--,無,正取
006,國立政治大學,006332,歐洲語文學系德文組,招生,--,無,備13
006,國立政治大學,006332,歐洲語文學系德文組,原住民,--,無,無
006,國立政治大學,006342,歐洲語文學系西班牙文組,招生,--,無,備16
006,國立政治大學,006342,歐洲語文學系西班牙文組,原住民,--,無,無
006,國立政治大學,006352,東南亞語文學系越文組,招生,--,無,備5
006,國立政治大學,006362,東南亞語文學系泰文組,招生,--,無,正取
006,國立政治大學,006372,東南亞語文學系印尼文組,招生,--,無,備4
006,國立政治大學,006382,法律學系,招生,--,無,正取
006,國立政治大學,006382,法律學系,原住民,--,無,正取
006,國立政治大學,006382,法律學系,離島(澎湖縣),--,無,備3
006,國立政治大學,006382,法律學系,離島(金門縣),--,無,備1
006,國立政治大學,006392,應用數學系,招生,--,無,備25
006,國立政治大學,006392,應用數學系,原住民,--,無,無
006,國立政治大學,006402,心理學系,招生,--,無,備11
006,國立政治大學,006402,心理學系,離島(金門縣),--,無,備2
006,國立政治大學,006412,資訊科學系,招生,--,無,備16
006,國立政治大學,006412,資訊科學系,原住民,--,無,無
006,國立政治大學,006422,資訊科學系(人工智慧組),招生,--,無,備9
006,國立政治大學,006432,資訊科學系(APCS組),招生,--,無,備1
006,國立政治大學,006442,資訊科學系(資安組),招生,--,無,備7
006,國立政治大學,006452,創新國際學院學士班,招生,--,無,備7
006,國立政治大學,006452,創新國際學院學士班,原住民,--,無,正取
006,國立政治大學,006452,創新國際學院學士班,離島(澎湖縣),--,無,無
006,國立政治大學,006462,政星招生(甲組),招生,--,無,備33
006,國立政治大學,006472,政星招生(乙組),招生,--,無,備21
007,高雄醫學大學,007012,醫學系,招生,--,無,備119
007,高雄醫學大學,007022,運動醫學系,招生,--,無,備19
007,高雄醫學大學,007032,呼吸治療學系,招生,--,無,備22
007,高雄醫學大學,007042,牙醫學系,招生,--,無,備31
007,高雄醫學大學,007042,牙醫學系,離島(澎湖縣),--,無,備1
007,高雄醫學大學,007042,牙醫學系,離島(連江縣),--,無,正取
007,高雄醫學大學,007042,牙醫學系,離島(屏東縣),--,無,正取
007,高雄醫學大學,007052,口腔衛生學系,招生,--,無,備16
007,高雄醫學大學,007062,藥學系,招生,--,無,備82
007,高雄醫學大學,007062,藥學系,離島(澎湖縣),--,無,備9
007,高雄醫學大學,007072,香粧品學系,招生,--,無,備42
007,高雄醫學大學,007072,香粧品學系,原住民,--,無,正取
007,高雄醫學大學,007082,護理學系,招生,--,無,備31
007,高雄醫學大學,007092,公共衛生學系,招生,--,無,備30
007,高雄醫學大學,007102,醫學檢驗生物技術學系,招生,--,無,備14
007,高雄醫學大學,007102,醫學檢驗生物技術學系,原住民,--,無,無
007,高雄醫學大學,007112,醫學影像暨放射科學系,招生,--,無,備21
007,高雄醫學大學,007112,醫學影像暨放射科學系,原住民,--,無,無
007,高雄醫學大學,007122,職能治療學系,招生,--,無,備29
007,高雄醫學大學,007122,職能治療學系,原住民,--,無,備1
007,高雄醫學大學,007132,物理治療學系,招生,--,無,備33
007,高雄醫學大學,007132,物理治療學系,原住民,--,無,正取
007,高雄醫學大學,007132,物理治療學系,離島(澎湖縣),--,無,備1
007,高雄醫學大學,007142,醫務管理暨醫療資訊學系,招生,--,無,備20
007,高雄醫學大學,007142,醫務管理暨醫療資訊學系,原住民,--,無,備2
007,高雄醫學大學,007152,醫務管理暨醫療資訊學系(APCS組),招生,--,無,正取
007,高雄醫學大學,007162,醫藥暨應用化學系應用化學組,招生,--,無,備29
007,高雄醫學大學,007162,醫藥暨應用化學系應用化學組,原住民,--,無,無
007,高雄醫學大學,007172,醫藥暨應用化學系醫藥化學組,招生,--,無,備25
007,高雄醫學大學,007172,醫藥暨應用化學系醫藥化學組,原住民,--,無,無
007,高雄醫學大學,007182,生物醫學暨環境生物學系,招生,--,無,備22
007,高雄醫學大學,007182,生物醫學暨環境生物學系,原住民,--,無,無
007,高雄醫學大學,007192,生物科技學系,招生,--,無,備19
007,高雄醫學大學,007192,生物科技學系,原住民,--,無,無
007,高雄醫學大學,007202,生命科學院學士班,招生,--,無,備4
007,高雄醫學大學,007212,心理學系,招生,--,無,備32
007,高雄醫學大學,007212,心理學系,原住民,--,無,備1
007,高雄醫學大學,007212,心理學系,離島(澎湖縣),--,無,無
007,高雄醫學大學,007222,醫學社會學與社會工作學系,招生,--,無,備32
007,高雄醫學大學,007222,醫學社會學與社會工作學系,原住民,--,無,備3
007,高雄醫學大學,007232,薪火招生A1組(醫學系),招生,--,無,正取
007,高雄醫學大學,007242,薪火招生A2組(牙醫學系),招生,--,無,備1
007,高雄醫學大學,007252,薪火招生A3組(藥學系),招生,--,無,備1
007,高雄醫學大學,007262,薪火招生B組(醫事證照類),招生,--,無,備1
007,高雄醫學大學,007272,薪火招生C組(運醫、醫化與香粧品學系),招生,--,無,備8
007,高雄醫學大學,007282,薪火招生D組(人文社會科學類),招生,--,無,備2
007,高雄醫學大學,007292,薪火招生E組(生命科學類),招生,--,無,備3
007,高雄醫學大學,007302,薪火招生F組(口衛、公衛與醫管資學系),招生,--,無,正取
007,高雄醫學大學,007312,醫學系(公費生),招生,--,無,備7
008,中原大學,008012,應用數學系,招生,--,無,備84
008,中原大學,008012,應用數學系,原住民,--,無,正取
008,中原大學,008022,物理學系物理組,招生,--,無,備35
008,中原大學,008022,物理學系物理組,原住民,--,無,無
008,中原大學,008032,物理學系光電與材料科學組,招生,--,無,備42
008,中原大學,008032,物理學系光電與材料科學組,原住民,--,無,無
008,中原大學,008042,化學系化學組,招生,--,無,備30
008,中原大學,008042,化學系化學組,原住民,--,無,正取
008,中原大學,008052,化學系材料化學組,招生,--,無,備34
008,中原大學,008052,化學系材料化學組,原住民,--,無,正取
008,中原大學,008062,心理學系,招生,--,無,備74
008,中原大學,008062,心理學系,原住民,--,無,備2
008,中原大學,008072,生物科技學系,招生,--,無,備104
008,中原大學,008082,化學工程學系綠能製程組,招生,--,無,備40
008,中原大學,008082,化學工程學系綠能製程組,離島(金門縣),--,無,備1
008,中原大學,008092,化學工程學系生化工程組,招生,--,無,備34
008,中原大學,008102,化學工程學系材料工程組,招生,--,無,備35
008,中原大學,008112,土木工程學系,招生,--,無,備119
008,中原大學,008112,土木工程學系,離島(澎湖縣),--,無,無
008,中原大學,008122,機械工程學系,招生,--,無,備136
008,中原大學,008122,機械工程學系,原住民,--,無,備2
008,中原大學,008132,生物醫學工程學系,招生,--,無,備97
008,中原大學,008132,生物醫學工程學系,原住民,--,無,無
008,中原大學,008142,環境工程學系,招生,--,無,備45
008,中原大學,008152,電機資訊學院學士班,招生,--,無,備31
008,中原大學,008162,工業與系統工程學系工程組,招生,--,無,備49
008,中原大學,008172,工業與系統工程學系管理組,招生,--,無,備38
008,中原大學,008182,電子工程學系,招生,--,無,備95
008,中原大學,008182,電子工程學系,原住民,--,無,備1
008,中原大學,008192,資訊工程學系,招生,--,無,備83
008,中原大學,008192,資訊工程學系,原住民,--,無,備2
008,中原大學,008202,電機工程學系,招生,--,無,備90
008,中原大學,008202,電機工程學系,原住民,--,無,備1
008,中原大學,008212,中原大學美國威大密爾瓦基分校電機與資訊工程雙學士學位學程,招生,--,無,備7
008,中原大學,008222,電機資訊學院智慧運算與大數據學士班,招生,--,無,備47
008,中原大學,008232,企業管理學系服務業管理組,招生,--,無,備25
008,中原大學,008242,企業管理學系高科技業管理組,招生,--,無,備24
008,中原大學,008252,企業管理學系工商管理組,招生,--,無,備54
008,中原大學,008262,國際經營與貿易學系,招生,--,無,備38
008,中原大學,008272,會計學系,招生,--,無,備69
008,中原大學,008282,資訊管理學系,招生,--,無,備59
008,中原大學,008282,資訊管理學系,原住民,--,無,正取
008,中原大學,008292,財務金融學系,招生,--,無,備53
008,中原大學,008292,財務金融學系,原住民,--,無,備3
008,中原大學,008302,中原大學與美國天普大學商學管理雙學士學位學程,招生,--,無,備5
008,中原大學,008312,財經法律學系財貿法組,招生,--,無,備24
008,中原大學,008322,財經法律學系科技法組,招生,--,無,備36
008,中原大學,008332,建築學系,招生,--,無,備30
008,中原大學,008342,室內設計學系,招生,--,無,備27
008,中原大學,008342,室內設計學系,原住民,--,無,無
008,中原大學,008342,室內設計學系,離島(金門縣),--,無,備1
008,中原大學,008352,商業設計學系商業設計組,招生,--,無,備19
008,中原大學,008362,商業設計學系產品設計組乙類,招生,--,無,備9
008,中原大學,008372,地景建築學系,招生,--,無,備20
008,中原大學,008372,地景建築學系,原住民,--,無,無
008,中原大學,008382,英國牛津布魯克斯大學建築及都市設計雙學士學位學程,招生,--,無,備11
008,中原大學,008392,特殊教育學系,招生,--,無,備22
008,中原大學,008392,特殊教育學系,離島(金門縣),--,無,備1
008,中原大學,008402,應用外國語文學系,招生,--,無,備41
008,中原大學,008412,應用華語文學系,招生,--,無,備56
008,中原大學,008412,應用華語文學系,原住民,--,無,無
008,中原大學,008412,應用華語文學系,離島(金門縣),--,無,無
008,中原大學,008422,商業設計學系產品設計組甲類,招生,--,無,備11
009,東海大學,009012,中國文學系,招生,--,無,備59
009,東海大學,009012,中國文學系,原住民,--,無,備1
009,東海大學,009022,外國語文學系,招生,--,無,備45
009,東海大學,009022,外國語文學系,原住民,--,無,正取
009,東海大學,009032,歷史學系,招生,--,無,備32
009,東海大學,009042,日本語言文化學系,招生,--,無,備51
009,東海大學,009042,日本語言文化學系,原住民,--,無,備2
009,東海大學,009052,哲學系,招生,--,無,備21
009,東海大學,009052,哲學系,原住民,--,無,正取
009,東海大學,009062,應用物理學系,招生,--,無,備33
009,東海大學,009062,應用物理學系,原住民,--,無,無
009,東海大學,009072,化學系化學組,招生,--,無,備44
009,東海大學,009072,化學系化學組,原住民,--,無,無
009,東海大學,009082,化學系化學生物組,招生,--,無,備28
009,東海大學,009082,化學系化學生物組,原住民,--,無,無
009,東海大學,009092,生命科學系生物醫學組,招生,--,無,備36
009,東海大學,009092,生命科學系生物醫學組,原住民,--,無,無
009,東海大學,009102,生命科學系生態暨生物多樣性組,招生,--,無,備31
009,東海大學,009102,生命科學系生態暨生物多樣性組,原住民,--,無,無
009,東海大學,009112,智慧計算暨應用數學系(A組),招生,--,無,備17
009,東海大學,009112,智慧計算暨應用數學系(A組),原住民,--,無,無
009,東海大學,009122,智慧計算暨應用數學系(B組),招生,--,無,備4
009,東海大學,009132,化學工程與材料工程學系,招生,--,無,備54
009,東海大學,009132,化學工程與材料工程學系,原住民,--,無,正取
009,東海大學,009142,工業工程與經營資訊學系(智慧設計與生產),招生,--,無,備35
009,東海大學,009142,工業工程與經營資訊學系(智慧設計與生產),原住民,--,無,無
009,東海大學,009152,工業工程與經營資訊學系(智慧經營與管理),招生,--,無,備31
009,東海大學,009152,工業工程與經營資訊學系(智慧經營與管理),原住民,--,無,備2
009,東海大學,009162,環境科學與工程學系,招生,--,無,備61
009,東海大學,009162,環境科學與工程學系,原住民,--,無,備1
009,東海大學,009172,資訊工程學系,招生,--,無,備69
009,東海大學,009172,資訊工程學系,原住民,--,無,正取
009,東海大學,009182,資訊工程學系(APCS組),招生,--,無,備4
009,東海大學,009192,電機工程學系,招生,--,無,備35
009,東海大學,009192,電機工程學系,原住民,--,無,備1
009,東海大學,009202,企業管理學系,招生,--,無,備88
009,東海大學,009202,企業管理學系,原住民,--,無,正取
009,東海大學,009212,國際經營與貿易學系,招生,--,無,備58
009,東海大學,009212,國際經營與貿易學系,原住民,--,無,備3
009,東海大學,009222,會計學系,招生,--,無,備61
009,東海大學,009222,會計學系,原住民,--,無,無
009,東海大學,009232,財務金融學系,招生,--,無,備76
009,東海大學,009232,財務金融學系,原住民,--,無,無
009,東海大學,009242,統計學系(巨量資料管理組),招生,--,無,備12
009,東海大學,009242,統計學系(巨量資料管理組),原住民,--,無,無
009,東海大學,009252,統計學系(決策管理組),招生,--,無,備40
009,東海大學,009252,統計學系(決策管理組),原住民,--,無,無
009,東海大學,009262,資訊管理學系,招生,--,無,備41
009,東海大學,009262,資訊管理學系,原住民,--,無,無
009,東海大學,009272,經濟學系,招生,--,無,備95
009,東海大學,009282,政治學系,招生,--,無,備38
009,東海大學,009282,政治學系,原住民,--,無,正取
009,東海大學,009292,行政管理暨政策學系,招生,--,無,備35
009,東海大學,009292,行政管理暨政策學系,原住民,--,無,正取
009,東海大學,009292,行政管理暨政策學系,離島(澎湖縣),--,無,備1
009,東海大學,009302,社會學系,招生,--,無,備55
009,東海大學,009302,社會學系,原住民,--,無,無
009,東海大學,009312,社會工作學系,招生,--,無,備83
009,東海大學,009312,社會工作學系,離島(澎湖縣),--,無,備1
009,東海大學,009322,畜產與生物科技學系,招生,--,無,備49
009,東海大學,009322,畜產與生物科技學系,原住民,--,無,無
009,東海大學,009332,食品科學系,招生,--,無,備61
009,東海大學,009332,食品科學系,原住民,--,無,正取
009,東海大學,009342,餐旅管理學系,招生,--,無,備27
009,東海大學,009342,餐旅管理學系,原住民,--,無,正取
009,東海大學,009352,高齡健康與運動科學學士學位學程,招生,--,無,備25
009,東海大學,009352,高齡健康與運動科學學士學位學程,原住民,--,無,無
009,東海大學,009362,建築學系,招生,--,無,備8
009,東海大學,009372,工業設計學系(A組),招生,--,無,備22
009,東海大學,009372,工業設計學系(A組),原住民,--,無,無
009,東海大學,009382,工業設計學系(B組),招生,--,無,備17
009,東海大學,009382,工業設計學系(B組),原住民,--,無,無
009,東海大學,009392,景觀學系,招生,--,無,備26
009,東海大學,009402,法律學系,招生,--,無,備47
009,東海大學,009402,法律學系,原住民,--,無,備1
009,東海大學,009412,國際學院國際經營管理學位學程,招生,--,無,備27
009,東海大學,009422,永續科學與管理學士學位學程,招生,--,無,備8
009,東海大學,009422,永續科學與管理學士學位學程,原住民,--,無,無
009,東海大學,009432,音樂學系,招生,鋼琴,無,備7
009,東海大學,009432,音樂學系,招生,聲樂,無,備19
009,東海大學,009432,音樂學系,招生,小提琴,無,備15
009,東海大學,009432,音樂學系,招生,中提琴,無,備3
009,東海大學,009432,音樂學系,招生,大提琴,無,正取
009,東海大學,009432,音樂學系,招生,低音提琴,無,備4
009,東海大學,009432,音樂學系,招生,長號,無,正取
009,東海大學,009432,音樂學系,招生,小號,無,正取
009,東海大學,009432,音樂學系,招生,法國號,無,無
009,東海大學,009432,音樂學系,招生,上低音號,無,備3
009,東海大學,009432,音樂學系,招生,低音號,無,無
009,東海大學,009432,音樂學系,招生,薩克斯管,無,備1
009,東海大學,009432,音樂學系,招生,長笛,無,備2
009,東海大學,009432,音樂學系,招生,單簧管(豎笛),無,備1
009,東海大學,009432,音樂學系,招生,雙簧管,無,無
009,東海大學,009432,音樂學系,招生,低音管,無,無
009,東海大學,009432,音樂學系,招生,擊樂,無,備2
009,東海大學,009432,音樂學系,原住民,--,無,無
009,東海大學,009442,音樂學系(音樂治療組),招生,--,無,正取
009,東海大學,009442,音樂學系(音樂治療組),原住民,--,無,無
009,東海大學,009452,美術學系,招生,--,無,備26
011,國立清華大學,011012,中國文學系甲組(一般組),招生,--,無,備18
011,國立清華大學,011022,中國文學系乙組(華語文教學組),招生,--,無,備5
011,國立清華大學,011032,外國語文學系,招生,--,無,備1
011,國立清華大學,011032,外國語文學系,原住民,--,無,無
011,國立清華大學,011042,人文社會學院學士班,招生,--,無,備49
011,國立清華大學,011052,教育與學習科技學系,招生,--,無,備19
011,國立清華大學,011052,教育與學習科技學系,原住民,--,無,無
011,國立清華大學,011062,幼兒教育學系,招生,--,無,備16
011,國立清華大學,011062,幼兒教育學系,原住民,--,無,備2
011,國立清華大學,011072,教育心理與諮商學系,招生,--,無,備20
011,國立清華大學,011072,教育心理與諮商學系,原住民,--,無,正取
011,國立清華大學,011082,特殊教育學系,招生,--,無,備13
011,國立清華大學,011082,特殊教育學系,原住民,--,無,正取
011,國立清華大學,011092,英語教學系,招生,--,無,備17
011,國立清華大學,011102,竹師教育學院學士班甲組(雙專長組),招生,--,無,備7
011,國立清華大學,011112,竹師教育學院學士班乙組(永續發展教育組),招生,--,無,備9
011,國立清華大學,011112,竹師教育學院學士班乙組(永續發展教育組),原住民,--,無,正取
011,國立清華大學,011122,經濟學系,招生,--,無,備65
011,國立清華大學,011132,科技管理學院學士班,招生,--,無,備38
011,國立清華大學,011132,科技管理學院學士班,原住民,--,無,正取
011,國立清華大學,011142,計量財務金融學系,招生,--,無,備31
011,國立清華大學,011152,數學系甲組(數學組),招生,--,無,備14
011,國立清華大學,011162,數學系乙組(應用數學組),招生,--,無,備14
011,國立清華大學,011172,物理學系物理組(甲組一般組),招生,--,無,備24
011,國立清華大學,011172,物理學系物理組(甲組一般組),原住民,--,無,無
011,國立清華大學,011182,物理學系物理組(乙組天文物理組),招生,--,無,備5
011,國立清華大學,011192,物理學系光電物理組,招生,--,無,備16
011,國立清華大學,011192,物理學系光電物理組,原住民,--,無,無
011,國立清華大學,011202,化學系,招生,--,無,備32
011,國立清華大學,011212,理學院學士班,招生,--,無,備13
011,國立清華大學,011222,生醫工程與環境科學系,招生,--,無,備36
011,國立清華大學,011232,工程與系統科學系甲組(低碳綠能組),招生,--,無,備19
011,國立清華大學,011232,工程與系統科學系甲組(低碳綠能組),原住民,--,無,正取
011,國立清華大學,011242,工程與系統科學系乙組(智慧奈米系統組),招生,--,無,備42
011,國立清華大學,011242,工程與系統科學系乙組(智慧奈米系統組),原住民,--,無,正取
011,國立清華大學,011252,原子科學院學士班,招生,--,無,備17
011,國立清華大學,011262,化學工程學系,招生,--,無,備16
011,國立清華大學,011262,化學工程學系,原住民,--,無,備1
011,國立清華大學,011272,動力機械工程學系,招生,--,無,備31
011,國立清華大學,011272,動力機械工程學系,原住民,--,無,正取
011,國立清華大學,011282,材料科學工程學系,招生,--,無,備59
011,國立清華大學,011292,工業工程與工程管理學系,招生,--,無,備38
011,國立清華大學,011292,工業工程與工程管理學系,原住民,--,無,無
011,國立清華大學,011302,工學院學士班,招生,--,無,備35
011,國立清華大學,011302,工學院學士班,原住民,--,無,無
011,國立清華大學,011312,電機工程學系甲組,招生,--,無,備6
011,國立清華大學,011322,電機工程學系乙組,招生,--,無,備94
011,國立清華大學,011332,資訊工程學系甲組(電子資訊組),招生,--,無,備8
011,國立清華大學,011342,資訊工程學系乙組(資訊工程組),招生,--,無,備28
011,國立清華大學,011352,資訊工程學系丙組(人工智慧組),招生,--,無,備3
011,國立清華大學,011362,資訊工程學系(APCS組),招生,--,無,備4
011,國立清華大學,011372,電機資訊學院學士班,招生,--,無,備22
011,國立清華大學,011382,生命科學系,招生,--,無,備38
011,國立清華大學,011392,醫學科學系,招生,--,無,備24
011,國立清華大學,011402,生命科學暨醫學院學士班,招生,--,無,備29
011,國立清華大學,011402,生命科學暨醫學院學士班,原住民,--,無,無
011,國立清華大學,011412,清華學院學士班甲組(不分系招生–創新設計),招生,--,無,備4
011,國立清華大學,011422,清華學院學士班乙組(青年儲蓄帳戶組),招生,--,無,無
011,國立清華大學,011432,旭日招生甲組(人文、教育),招生,--,無,備3
011,國立清華大學,011442,旭日招生乙組(科管),招生,--,無,備1
011,國立清華大學,011442,旭日招生乙組(科管),原住民,--,無,無
011,國立清華大學,011452,旭日招生丙組(理工、原科、生科),招生,--,無,備3
011,國立清華大學,011452,旭日招生丙組(理工、原科、生科),原住民,--,無,無
011,國立清華大學,011462,旭日招生丁組(電資院),招生,--,無,備4
011,國立清華大學,011462,旭日招生丁組(電資院),原住民,--,無,無
011,國立清華大學,011472,運動科學系,招生,--,無,備12
011,國立清華大學,011472,運動科學系,原住民,--,無,正取
011,國立清華大學,011482,藝術學院學士班(科技藝術組),招生,--,無,備8
011,國立清華大學,011492,藝術學院學士班(音樂組),招生,--,無,正取
011,國立清華大學,011502,藝術學院學士班(藝設跨域組),招生,--,無,備2
011,國立清華大學,011512,音樂學系,招生,鋼琴,無,備40
011,國立清華大學,011512,音樂學系,招生,聲樂,無,備21
011,國立清華大學,011512,音樂學系,招生,小提琴,無,備23
011,國立清華大學,011512,音樂學系,招生,中提琴,無,備7
011,國立清華大學,011512,音樂學系,招生,大提琴,無,備8
011,國立清華大學,011512,音樂學系,招生,低音提琴,無,備3
011,國立清華大學,011512,音樂學系,招生,小號,無,備6
011,國立清華大學,011512,音樂學系,招生,法國號,無,備5
011,國立清華大學,011512,音樂學系,招生,上低音號,無,備2
011,國立清華大學,011512,音樂學系,招生,長笛,無,備4
011,國立清華大學,011512,音樂學系,招生,單簧管(豎笛),無,備7
011,國立清華大學,011512,音樂學系,招生,雙簧管,無,備7
011,國立清華大學,011512,音樂學系,招生,直笛,無,正取
011,國立清華大學,011512,音樂學系,招生,擊樂,無,備8
011,國立清華大學,011512,音樂學系,招生,理論作曲,無,無
011,國立清華大學,011512,音樂學系,原住民,--,無,備6
011,國立清華大學,011522,藝術與設計學系創作組,招生,--,無,備27
011,國立清華大學,011522,藝術與設計學系創作組,原住民,--,無,無
011,國立清華大學,011532,藝術與設計學系設計組,招生,--,無,備21
011,國立清華大學,011532,藝術與設計學系設計組,原住民,--,無,正取
012,中國醫藥大學,012012,牙醫學系,招生,--,無,備60
012,中國醫藥大學,012012,牙醫學系,離島(連江縣),--,無,備1
012,中國醫藥大學,012012,牙醫學系,離島(屏東縣),--,無,備1
012,中國醫藥大學,012022,醫學系,招生,--,無,備94
012,中國醫藥大學,012032,中醫學系甲組,招生,--,無,備61
012,中國醫藥大學,012042,中醫學系乙組,招生,--,無,備62
012,中國醫藥大學,012042,中醫學系乙組,離島(澎湖縣),--,無,備2
012,中國醫藥大學,012042,中醫學系乙組,離島(金門縣),--,無,備1
012,中國醫藥大學,012042,中醫學系乙組,離島(連江縣),--,無,備1
012,中國醫藥大學,012052,藥學系,招生,--,無,備140
012,中國醫藥大學,012052,藥學系,原住民,--,無,備5
012,中國醫藥大學,012052,藥學系,離島(金門縣),--,無,備4
012,中國醫藥大學,012062,護理學系,招生,--,無,備59
012,中國醫藥大學,012062,護理學系,原住民,--,無,備1
012,中國醫藥大學,012072,醫學檢驗生物技術學系,招生,--,無,備31
012,中國醫藥大學,012072,醫學檢驗生物技術學系,原住民,--,無,正取
012,中國醫藥大學,012082,營養學系,招生,--,無,備44
012,中國醫藥大學,012082,營養學系,原住民,--,無,備2
012,中國醫藥大學,012082,營養學系,離島(澎湖縣),--,無,正取
012,中國醫藥大學,012092,物理治療學系,招生,--,無,備34
012,中國醫藥大學,012092,物理治療學系,原住民,--,無,備3
012,中國醫藥大學,012102,生物科技學系,招生,--,無,備25
012,中國醫藥大學,012102,生物科技學系,原住民,--,無,正取
012,中國醫藥大學,012112,運動醫學系,招生,--,無,備22
012,中國醫藥大學,012112,運動醫學系,原住民,--,無,備3
012,中國醫藥大學,012122,中國藥學暨中藥資源學系,招生,--,無,備3
012,中國醫藥大學,012122,中國藥學暨中藥資源學系,原住民,--,無,正取
012,中國醫藥大學,012132,藥用化妝品學系,招生,--,無,備29
012,中國醫藥大學,012132,藥用化妝品學系,原住民,--,無,無
012,中國醫藥大學,012142,生物醫學影像暨放射科學學系,招生,--,無,備44
012,中國醫藥大學,012142,生物醫學影像暨放射科學學系,原住民,--,無,備3
012,中國醫藥大學,012152,公共衛生學院大一不分系,招生,--,無,備73
012,中國醫藥大學,012152,公共衛生學院大一不分系,原住民,--,無,正取
012,中國醫藥大學,012162,生物醫學工程學系,招生,--,無,備25
012,中國醫藥大學,012162,生物醫學工程學系,原住民,--,無,正取
012,中國醫藥大學,012172,醫療資訊學系,招生,--,無,備13
012,中國醫藥大學,012172,醫療資訊學系,原住民,--,無,無
013,國立陽明交通大學,013012,電機工程學系甲組(電資國際組),招生,--,無,備28
013,國立陽明交通大學,013012,電機工程學系甲組(電資國際組),離島(金門縣),--,無,無
013,國立陽明交通大學,013022,電機工程學系乙組(電機工程組),招生,--,無,備135
013,國立陽明交通大學,013022,電機工程學系乙組(電機工程組),原住民,--,無,無
013,國立陽明交通大學,013022,電機工程學系乙組(電機工程組),離島(澎湖縣),--,無,無
013,國立陽明交通大學,013032,電機工程學系丙組(醫學電資組),招生,--,無,備12
013,國立陽明交通大學,013042,光電工程學系,招生,--,無,備33
013,國立陽明交通大學,013042,光電工程學系,原住民,--,無,無
013,國立陽明交通大學,013052,資訊工程學系(甲組),招生,--,無,備18
013,國立陽明交通大學,013062,資訊工程學系(乙組),招生,--,無,備82
013,國立陽明交通大學,013062,資訊工程學系(乙組),離島(澎湖縣),--,無,正取
013,國立陽明交通大學,013062,資訊工程學系(乙組),離島(連江縣),--,無,正取
013,國立陽明交通大學,013072,資訊工程學系(APCS組),招生,--,無,備4
013,國立陽明交通大學,013082,資訊工程學系(資安組),招生,--,無,備1
013,國立陽明交通大學,013092,半導體工程學系固態電子組,招生,--,無,備42
013,國立陽明交通大學,013102,半導體工程學系奈米科學組,招生,--,無,備23
013,國立陽明交通大學,013112,材料科學與工程學系,招生,--,無,備39
013,國立陽明交通大學,013112,材料科學與工程學系,原住民,--,無,備1
013,國立陽明交通大學,013122,機械工程學系,招生,--,無,備32
013,國立陽明交通大學,013132,土木工程學系甲組(科技暨基礎建設永續發展組),招生,--,無,備19
013,國立陽明交通大學,013132,土木工程學系甲組(科技暨基礎建設永續發展組),原住民,--,無,無
013,國立陽明交通大學,013142,土木工程學系乙組(科技暨基礎建設永續發展國際組),招生,--,無,備22
013,國立陽明交通大學,013152,理學院科學學士學位學程(乙組),招生,--,無,備7
013,國立陽明交通大學,013162,理學院科學學士學位學程(丙組),招生,--,無,備4
013,國立陽明交通大學,013172,電子物理學系光電與奈米科學組,招生,--,無,備26
013,國立陽明交通大學,013182,電子物理學系電子物理組,招生,--,無,備34
013,國立陽明交通大學,013192,應用化學系,招生,--,無,備23
013,國立陽明交通大學,013192,應用化學系,原住民,--,無,正取
013,國立陽明交通大學,013202,應用數學系,招生,--,無,備30
013,國立陽明交通大學,013202,應用數學系,原住民,--,無,無
013,國立陽明交通大學,013212,生物科技學系(甲組),招生,--,無,備37
013,國立陽明交通大學,013222,生物科技學系(乙組),招生,--,無,備9
013,國立陽明交通大學,013232,資訊管理與財務金融學系資訊管理組,招生,--,無,備8
013,國立陽明交通大學,013242,資訊管理與財務金融學系財務金融組,招生,--,無,備18
013,國立陽明交通大學,013252,管理科學系,招生,--,無,備50
013,國立陽明交通大學,013262,運輸與物流管理學系,招生,--,無,備26
013,國立陽明交通大學,013272,工業工程與管理學系,招生,--,無,備52
013,國立陽明交通大學,013272,工業工程與管理學系,原住民,--,無,無
013,國立陽明交通大學,013282,外國語文學系,招生,--,無,備19
013,國立陽明交通大學,013292,傳播與科技學系,招生,--,無,備22
013,國立陽明交通大學,013292,傳播與科技學系,原住民,--,無,無
013,國立陽明交通大學,013302,人文社會學系,招生,--,無,備14
013,國立陽明交通大學,013302,人文社會學系,原住民,--,無,正取
013,國立陽明交通大學,013312,屯蒙-電機資訊組,招生,--,無,備14
013,國立陽明交通大學,013322,屯蒙-工程組,招生,--,無,備23
013,國立陽明交通大學,013332,屯蒙-理學生物科技組,招生,--,無,備15
013,國立陽明交通大學,013342,屯蒙-管理組,招生,--,無,備12
013,國立陽明交通大學,013352,屯蒙-人文社會組,招生,--,無,備10
013,國立陽明交通大學,013362,屯蒙-醫學組,招生,--,無,正取
013,國立陽明交通大學,013372,屯蒙-牙醫組,招生,--,無,正取
013,國立陽明交通大學,013382,屯蒙-醫事證照組,招生,--,無,備6
013,國立陽明交通大學,013392,屯蒙-生醫科學組,招生,--,無,正取
013,國立陽明交通大學,013402,醫學系醫師組,招生,--,無,備1
013,國立陽明交通大學,013412,醫學系醫師科學家組,招生,--,無,備3
013,國立陽明交通大學,013422,醫學系醫師工程師組,招生,--,無,備1
013,國立陽明交通大學,013432,醫學系(公費生),招生,--,無,備4
013,國立陽明交通大學,013442,牙醫學系,招生,--,無,備23
013,國立陽明交通大學,013442,牙醫學系,離島(金門縣),--,無,無
013,國立陽明交通大學,013452,醫學生物技術暨檢驗學系(生技及檢驗醫學組),招生,--,無,備22
013,國立陽明交通大學,013462,醫學生物技術暨檢驗學系(資訊及精準醫學組),招生,--,無,備4
013,國立陽明交通大學,013472,生物醫學影像暨放射科學系,招生,--,無,備16
013,國立陽明交通大學,013472,生物醫學影像暨放射科學系,原住民,--,無,無
013,國立陽明交通大學,013482,護理學系,招生,--,無,備19
013,國立陽明交通大學,013492,物理治療暨輔助科技學系,招生,--,無,備25
013,國立陽明交通大學,013492,物理治療暨輔助科技學系,離島(金門縣),--,無,備2
013,國立陽明交通大學,013502,生命科學系暨基因體科學研究所(生物醫學科學組),招生,--,無,備27
013,國立陽明交通大學,013512,生命科學系暨基因體科學研究所(生醫光電與資訊組),招生,--,無,備7
013,國立陽明交通大學,013522,生物醫學工程學系,招生,--,無,備36
013,國立陽明交通大學,013532,藥學系,招生,--,無,備24
013,國立陽明交通大學,013542,學士班大一大二不分系,招生,--,無,備5
013,國立陽明交通大學,013552,中醫學系,招生,--,無,備13
014,淡江大學,014012,中國文學學系,招生,--,無,備29
014,淡江大學,014012,中國文學學系,原住民,--,無,備1
014,淡江大學,014022,歷史學系,招生,--,無,備33
014,淡江大學,014022,歷史學系,原住民,--,無,備1
014,淡江大學,014032,資訊與圖書館學系,招生,--,無,備2
014,淡江大學,014032,資訊與圖書館學系,原住民,--,無,無
014,淡江大學,014042,大眾傳播學系,招生,--,無,備55
014,淡江大學,014042,大眾傳播學系,原住民,--,無,正取
014,淡江大學,014052,資訊傳播學系,招生,--,無,備34
014,淡江大學,014052,資訊傳播學系,原住民,--,無,備1
014,淡江大學,014062,教育科技學系,招生,--,無,備53
014,淡江大學,014062,教育科技學系,原住民,--,無,無
014,淡江大學,014072,教育與未來設計學系,招生,--,無,備10
014,淡江大學,014072,教育與未來設計學系,原住民,--,無,無
014,淡江大學,014082,英文學系,招生,--,無,備62
014,淡江大學,014082,英文學系,原住民,--,無,正取
014,淡江大學,014082,英文學系,離島(金門縣),--,無,備1
014,淡江大學,014092,英文學系全英語學士班,招生,--,無,備25
014,淡江大學,014092,英文學系全英語學士班,原住民,--,無,正取
014,淡江大學,014102,法國語文學系,招生,--,無,備19
014,淡江大學,014102,法國語文學系,原住民,--,無,正取
014,淡江大學,014112,德國語文學系,招生,--,無,備36
014,淡江大學,014112,德國語文學系,原住民,--,無,無
014,淡江大學,014122,西班牙語文學系,招生,--,無,備30
014,淡江大學,014122,西班牙語文學系,原住民,--,無,正取
014,淡江大學,014132,日本語文學系,招生,--,無,備103
014,淡江大學,014132,日本語文學系,原住民,--,無,備2
014,淡江大學,014142,俄國語文學系,招生,--,無,備23
014,淡江大學,014142,俄國語文學系,原住民,--,無,無
014,淡江大學,014152,財務金融學系,招生,--,無,備80
014,淡江大學,014152,財務金融學系,原住民,--,無,備3
014,淡江大學,014152,財務金融學系,離島(金門縣),--,無,備1
014,淡江大學,014162,財務金融學系全球財務管理全英語學士班,招生,--,無,備39
014,淡江大學,014162,財務金融學系全球財務管理全英語學士班,原住民,--,無,無
014,淡江大學,014172,產業經濟學系,招生,--,無,備11
014,淡江大學,014172,產業經濟學系,原住民,--,無,正取
014,淡江大學,014182,國際企業學系經貿管理組,招生,--,無,備43
014,淡江大學,014182,國際企業學系經貿管理組,原住民,--,無,正取
014,淡江大學,014192,國際企業學系國際商學全英語組,招生,--,無,備41
014,淡江大學,014192,國際企業學系國際商學全英語組,原住民,--,無,無
014,淡江大學,014202,風險管理與保險學系,招生,--,無,正取
014,淡江大學,014202,風險管理與保險學系,原住民,--,無,正取
014,淡江大學,014212,經濟學系,招生,--,無,備59
014,淡江大學,014212,經濟學系,原住民,--,無,備5
014,淡江大學,014222,會計學系,招生,--,無,備75
014,淡江大學,014222,會計學系,原住民,--,無,無
014,淡江大學,014222,會計學系,離島(金門縣),--,無,備1
014,淡江大學,014232,企業管理學系,招生,--,無,備88
014,淡江大學,014232,企業管理學系,原住民,--,無,備1
014,淡江大學,014232,企業管理學系,離島(金門縣),--,無,備2
014,淡江大學,014242,統計學系,招生,--,無,備59
014,淡江大學,014242,統計學系,原住民,--,無,備1
014,淡江大學,014252,資訊管理學系,招生,--,無,備83
014,淡江大學,014252,資訊管理學系,原住民,--,無,正取
014,淡江大學,014262,運輸管理學系,招生,--,無,備87
014,淡江大學,014262,運輸管理學系,原住民,--,無,正取
014,淡江大學,014272,公共行政學系,招生,--,無,備36
014,淡江大學,014272,公共行政學系,原住民,--,無,正取
014,淡江大學,014272,公共行政學系,離島(金門縣),--,無,備2
014,淡江大學,014282,管理科學學系,招生,--,無,備3
014,淡江大學,014282,管理科學學系,原住民,--,無,無
014,淡江大學,014292,外交與國際關係學系全英語學士班,招生,--,無,備18
014,淡江大學,014292,外交與國際關係學系全英語學士班,原住民,--,無,無
014,淡江大學,014302,國際觀光管理學系全英語學士班,招生,--,無,備32
014,淡江大學,014302,國際觀光管理學系全英語學士班,原住民,--,無,無
014,淡江大學,014312,全球政治經濟學系全英語學士班,招生,--,無,正取
014,淡江大學,014312,全球政治經濟學系全英語學士班,原住民,--,無,無
014,淡江大學,014322,應用數學與數據科學學系,招生,--,無,備48
014,淡江大學,014322,應用數學與數據科學學系,原住民,--,無,無
014,淡江大學,014332,化學學系,招生,--,無,備40
014,淡江大學,014332,化學學系,原住民,--,無,無
014,淡江大學,014342,物理學系(量子材料組),招生,--,無,備30
014,淡江大學,014342,物理學系(量子材料組),原住民,--,無,無
014,淡江大學,014352,物理學系(天文與基礎物理組),招生,--,無,備14
014,淡江大學,014352,物理學系(天文與基礎物理組),原住民,--,無,無
014,淡江大學,014362,建築學系,招生,--,無,備42
014,淡江大學,014362,建築學系,原住民,--,無,備1
014,淡江大學,014372,土木工程學系,招生,--,無,備78
014,淡江大學,014372,土木工程學系,原住民,--,無,備6
014,淡江大學,014372,土木工程學系,離島(金門縣),--,無,正取
014,淡江大學,014382,資訊工程學系,招生,--,無,備119
014,淡江大學,014382,資訊工程學系,原住民,--,無,備1
014,淡江大學,014392,資訊工程學系全英語學士班,招生,--,無,備32
014,淡江大學,014392,資訊工程學系全英語學士班,原住民,--,無,無
014,淡江大學,014402,機械與機電工程學系,招生,--,無,備78
014,淡江大學,014402,機械與機電工程學系,原住民,--,無,正取
014,淡江大學,014412,電機工程學系電機資訊組,招生,--,無,備80
014,淡江大學,014412,電機工程學系電機資訊組,原住民,--,無,無
014,淡江大學,014412,電機工程學系電機資訊組,離島(金門縣),--,無,正取
014,淡江大學,014422,電機工程學系電機通訊組,招生,--,無,備18
014,淡江大學,014422,電機工程學系電機通訊組,原住民,--,無,無
014,淡江大學,014432,電機工程學系電機與系統組,招生,--,無,備19
014,淡江大學,014432,電機工程學系電機與系統組,原住民,--,無,無
014,淡江大學,014442,化學工程與材料工程學系,招生,--,無,備48
014,淡江大學,014442,化學工程與材料工程學系,原住民,--,無,無
014,淡江大學,014452,航空太空工程學系,招生,--,無,備122
014,淡江大學,014452,航空太空工程學系,原住民,--,無,正取
014,淡江大學,014462,水資源及環境工程學系,招生,--,無,備44
014,淡江大學,014462,水資源及環境工程學系,原住民,--,無,正取
014,淡江大學,014472,人工智慧學系,招生,--,無,備93
014,淡江大學,014472,人工智慧學系,原住民,--,無,備3
014,淡江大學,014472,人工智慧學系,離島(金門縣),--,無,備2
014,淡江大學,014482,資訊工程學系(APCS組),招生,--,無,備5
014,淡江大學,014492,電機工程學系電機資訊組(APCS組),招生,--,無,備3
014,淡江大學,014502,人工智慧學系(APCS組),招生,--,無,備3
014,淡江大學,014512,資訊管理學系(APCS組),招生,--,無,備4
014,淡江大學,014522,法國語文學系(青年儲蓄帳戶組),招生,--,無,無
014,淡江大學,014532,建築學系(青年儲蓄帳戶組),招生,--,無,無
014,淡江大學,014542,國際觀光管理學系全英語學士班(青年儲蓄帳戶組),招生,--,無,無
015,逢甲大學,015012,機械與電腦輔助工程學系,招生,--,無,備88
015,逢甲大學,015012,機械與電腦輔助工程學系,原住民,--,無,正取
015,逢甲大學,015022,纖維與複合材料學系,招生,--,無,備33
015,逢甲大學,015022,纖維與複合材料學系,原住民,--,無,無
015,逢甲大學,015032,工業工程與系統管理學系A組,招生,--,無,備33
015,逢甲大學,015042,工業工程與系統管理學系B組,招生,--,無,備47
015,逢甲大學,015042,工業工程與系統管理學系B組,原住民,--,無,正取
015,逢甲大學,015052,化學工程學系,招生,--,無,備86
015,逢甲大學,015052,化學工程學系,原住民,--,無,正取
015,逢甲大學,015062,航太與系統工程學系,招生,--,無,備68
015,逢甲大學,015062,航太與系統工程學系,原住民,--,無,備2
015,逢甲大學,015072,精密系統設計學士學位學程,招生,--,無,備18
015,逢甲大學,015072,精密系統設計學士學位學程,原住民,--,無,正取
015,逢甲大學,015082,應用數學系A組,招生,--,無,備55
015,逢甲大學,015092,應用數學系B組,招生,--,無,備25
015,逢甲大學,015092,應用數學系B組,原住民,--,無,無
015,逢甲大學,015102,材料科學與工程學系,招生,--,無,備87
015,逢甲大學,015102,材料科學與工程學系,原住民,--,無,無
015,逢甲大學,015112,環境工程與科學學系,招生,--,無,備109
015,逢甲大學,015112,環境工程與科學學系,原住民,--,無,備1
015,逢甲大學,015122,光電科學與工程學系,招生,--,無,備73
015,逢甲大學,015122,光電科學與工程學系,原住民,--,無,無
015,逢甲大學,015132,會計學系,招生,--,無,備80
015,逢甲大學,015132,會計學系,原住民,--,無,備2
015,逢甲大學,015142,國際經營與貿易學系,招生,--,無,備94
015,逢甲大學,015142,國際經營與貿易學系,原住民,--,無,無
015,逢甲大學,015152,國際企業管理全英語學士學位學程,招生,--,無,備27
015,逢甲大學,015152,國際企業管理全英語學士學位學程,原住民,--,無,無
015,逢甲大學,015162,財稅學系,招生,--,無,備43
015,逢甲大學,015162,財稅學系,原住民,--,無,無
015,逢甲大學,015172,合作經濟暨社會事業經營學系,招生,--,無,備13
015,逢甲大學,015172,合作經濟暨社會事業經營學系,原住民,--,無,正取
015,逢甲大學,015182,統計學系商業大數據組,招生,--,無,備34
015,逢甲大學,015182,統計學系商業大數據組,原住民,--,無,無
015,逢甲大學,015192,統計學系大數據分析與市場決策組,招生,--,無,備48
015,逢甲大學,015192,統計學系大數據分析與市場決策組,原住民,--,無,無
015,逢甲大學,015202,經濟學系,招生,--,無,備82
015,逢甲大學,015202,經濟學系,原住民,--,無,備1
015,逢甲大學,015212,企業管理學系,招生,--,無,備65
015,逢甲大學,015212,企業管理學系,原住民,--,無,備2
015,逢甲大學,015222,行銷學系,招生,--,無,備80
015,逢甲大學,015222,行銷學系,原住民,--,無,備2
015,逢甲大學,015232,中國文學系,招生,--,無,備23
015,逢甲大學,015232,中國文學系,原住民,--,無,無
015,逢甲大學,015242,外國語文學系,招生,--,無,備49
015,逢甲大學,015242,外國語文學系,原住民,--,無,備1
015,逢甲大學,015252,資訊工程學系,招生,--,無,備145
015,逢甲大學,015252,資訊工程學系,原住民,--,無,備3
015,逢甲大學,015262,資訊工程學系APCS組,招生,--,無,備4
015,逢甲大學,015272,資訊工程學系資安組,招生,--,無,備3
015,逢甲大學,015282,電子工程學系,招生,--,無,備83
015,逢甲大學,015282,電子工程學系,原住民,--,無,無
015,逢甲大學,015292,電機工程學系,招生,--,無,備84
015,逢甲大學,015292,電機工程學系,原住民,--,無,備1
015,逢甲大學,015302,自動控制工程學系,招生,--,無,備69
015,逢甲大學,015302,自動控制工程學系,原住民,--,無,無
015,逢甲大學,015312,資訊電機學院學士班,招生,--,無,備83
015,逢甲大學,015312,資訊電機學院學士班,原住民,--,無,備4
015,逢甲大學,015322,通訊工程學系,招生,--,無,備86
015,逢甲大學,015322,通訊工程學系,原住民,--,無,無
015,逢甲大學,015322,通訊工程學系,離島(金門縣),--,無,備1
015,逢甲大學,015332,土木工程學系,招生,--,無,備79
015,逢甲大學,015332,土木工程學系,原住民,--,無,備4
015,逢甲大學,015342,水利工程與資源保育學系,招生,--,無,備39
015,逢甲大學,015342,水利工程與資源保育學系,原住民,--,無,無
015,逢甲大學,015352,都市計畫與空間資訊學系,招生,--,無,備75
015,逢甲大學,015352,都市計畫與空間資訊學系,原住民,--,無,無
015,逢甲大學,015362,運輸與物流學系,招生,--,無,備50
015,逢甲大學,015362,運輸與物流學系,原住民,--,無,正取
015,逢甲大學,015372,土地管理學系,招生,--,無,備32
015,逢甲大學,015372,土地管理學系,原住民,--,無,正取
015,逢甲大學,015382,財務金融學系,招生,--,無,備131
015,逢甲大學,015382,財務金融學系,原住民,--,無,備1
015,逢甲大學,015392,風險管理與保險學系,招生,--,無,備68
015,逢甲大學,015392,風險管理與保險學系,原住民,--,無,備1
015,逢甲大學,015402,財務工程與精算學士學位學程,招生,--,無,備36
015,逢甲大學,015402,財務工程與精算學士學位學程,原住民,--,無,正取
015,逢甲大學,015412,建築專業學院學士班,招生,--,無,備51
015,逢甲大學,015412,建築專業學院學士班,原住民,--,無,無
015,逢甲大學,015422,室內設計學士學位學程,招生,--,無,備45
015,逢甲大學,015422,室內設計學士學位學程,原住民,--,無,無
015,逢甲大學,015432,澳洲墨爾本皇家理工大學商學與創新雙學士學位學程,招生,--,無,備5
015,逢甲大學,015442,澳洲昆士蘭大學商學雙學士學位學程,招生,--,無,備5
015,逢甲大學,015452,澳洲蒙納許大學資訊工程雙學士學位學程,招生,--,無,備11
015,逢甲大學,015462,美國加州聖荷西州立大學商學大數據分析雙學士學位學程,招生,--,無,備3
015,逢甲大學,015472,美國加州聖荷西州立大學電機工程雙學士學位學程,招生,--,無,備12
015,逢甲大學,015482,美國加州舊金山州立大學資訊工程雙學士學位學程,招生,--,無,備6
015,逢甲大學,015492,人工智慧技術與應用學士學位學程,招生,--,無,備51
015,逢甲大學,015492,人工智慧技術與應用學士學位學程,原住民,--,無,無
016,國立中央大學,016012,中國文學系,招生,--,無,備23
016,國立中央大學,016012,中國文學系,原住民,--,無,備1
016,國立中央大學,016022,英美語文學系,招生,--,無,備2
016,國立中央大學,016022,英美語文學系,原住民,--,無,無
016,國立中央大學,016022,英美語文學系,離島(金門縣),--,無,無
016,國立中央大學,016032,法國語文學系,招生,--,無,備17
016,國立中央大學,016032,法國語文學系,原住民,--,無,備1
016,國立中央大學,016042,文學院學士班,招生,--,無,備2
016,國立中央大學,016042,文學院學士班,原住民,--,無,無
016,國立中央大學,016052,數學系數學科學組,招生,--,無,備33
016,國立中央大學,016052,數學系數學科學組,原住民,--,無,無
016,國立中央大學,016062,數學系計算與資料科學組,招生,--,無,備22
016,國立中央大學,016062,數學系計算與資料科學組,原住民,--,無,正取
016,國立中央大學,016072,物理學系,招生,--,無,備20
016,國立中央大學,016072,物理學系,原住民,--,無,無
016,國立中央大學,016072,物理學系,離島(金門縣),--,無,正取
016,國立中央大學,016082,化學學系,招生,--,無,備12
016,國立中央大學,016082,化學學系,原住民,--,無,正取
016,國立中央大學,016092,光電科學與工程學系,招生,--,無,備22
016,國立中央大學,016092,光電科學與工程學系,原住民,--,無,備1
016,國立中央大學,016102,理學院學士班,招生,--,無,備9
016,國立中央大學,016102,理學院學士班,原住民,--,無,無
016,國立中央大學,016112,土木工程學系,招生,--,無,備65
016,國立中央大學,016112,土木工程學系,原住民,--,無,正取
016,國立中央大學,016112,土木工程學系,離島(澎湖縣),--,無,無
016,國立中央大學,016112,土木工程學系,離島(金門縣),--,無,無
016,國立中央大學,016122,機械工程學系先進材料與精密製造組,招生,--,無,備35
016,國立中央大學,016122,機械工程學系先進材料與精密製造組,原住民,--,無,無
016,國立中央大學,016132,機械工程學系光機電工程組,招生,--,無,備15
016,國立中央大學,016132,機械工程學系光機電工程組,原住民,--,無,無
016,國立中央大學,016142,機械工程學系設計與分析組,招生,--,無,備22
016,國立中央大學,016142,機械工程學系設計與分析組,原住民,--,無,無
016,國立中央大學,016152,化學工程與材料工程學系,招生,--,無,備32
016,國立中央大學,016152,化學工程與材料工程學系,原住民,--,無,無
016,國立中央大學,016162,工學院學士班,招生,--,無,備7
016,國立中央大學,016162,工學院學士班,原住民,--,無,無
016,國立中央大學,016172,企業管理學系,招生,--,無,備41
016,國立中央大學,016172,企業管理學系,原住民,--,無,正取
016,國立中央大學,016172,企業管理學系,離島(澎湖縣),--,無,正取
016,國立中央大學,016182,資訊管理學系,招生,--,無,備38
016,國立中央大學,016182,資訊管理學系,原住民,--,無,備2
016,國立中央大學,016182,資訊管理學系,離島(澎湖縣),--,無,無
016,國立中央大學,016182,資訊管理學系,離島(金門縣),--,無,備3
016,國立中央大學,016192,資訊管理學系(APCS組),招生,--,無,備4
016,國立中央大學,016202,經濟學系,招生,--,無,備25
016,國立中央大學,016202,經濟學系,原住民,--,無,備1
016,國立中央大學,016202,經濟學系,離島(澎湖縣),--,無,正取
016,國立中央大學,016212,財務金融學系,招生,--,無,備25
016,國立中央大學,016212,財務金融學系,原住民,--,無,無
016,國立中央大學,016212,財務金融學系,離島(金門縣),--,無,無
016,國立中央大學,016222,電機工程學系,招生,--,無,備58
016,國立中央大學,016222,電機工程學系,原住民,--,無,無
016,國立中央大學,016222,電機工程學系,離島(金門縣),--,無,備1
016,國立中央大學,016232,資訊工程學系,招生,--,無,備61
016,國立中央大學,016232,資訊工程學系,原住民,--,無,正取
016,國立中央大學,016232,資訊工程學系,離島(澎湖縣),--,無,正取
016,國立中央大學,016232,資訊工程學系,離島(金門縣),--,無,備1
016,國立中央大學,016242,資訊工程學系(APCS組),招生,--,無,備1
016,國立中央大學,016252,資訊工程學系(資安組),招生,--,無,無
016,國立中央大學,016262,通訊工程學系,招生,--,無,備32
016,國立中央大學,016262,通訊工程學系,原住民,--,無,無
016,國立中央大學,016272,資訊電機學院學士班,招生,--,無,備10
016,國立中央大學,016272,資訊電機學院學士班,原住民,--,無,無
016,國立中央大學,016282,大氣科學學系,招生,--,無,備18
016,國立中央大學,016282,大氣科學學系,原住民,--,無,無
016,國立中央大學,016292,太空科學與工程學系,招生,--,無,備9
016,國立中央大學,016292,太空科學與工程學系,原住民,--,無,無
016,國立中央大學,016292,太空科學與工程學系,離島(金門縣),--,無,備2
016,國立中央大學,016302,地球科學學系,招生,--,無,備17
016,國立中央大學,016302,地球科學學系,原住民,--,無,無
016,國立中央大學,016312,地球科學學院學士班,招生,--,無,備19
016,國立中央大學,016312,地球科學學院學士班,原住民,--,無,無
016,國立中央大學,016322,客家語文暨社會科學學系客家語文及傳播組,招生,--,無,備1
016,國立中央大學,016322,客家語文暨社會科學學系客家語文及傳播組,原住民,--,無,無
016,國立中央大學,016332,客家語文暨社會科學學系客家社會及政策組,招生,--,無,備5
016,國立中央大學,016332,客家語文暨社會科學學系客家社會及政策組,原住民,--,無,無
016,國立中央大學,016342,生命科學系,招生,--,無,備14
016,國立中央大學,016342,生命科學系,原住民,--,無,備1
016,國立中央大學,016352,生醫科學與工程學系,招生,--,無,備11
016,國立中央大學,016352,生醫科學與工程學系,原住民,--,無,無
016,國立中央大學,016362,向日葵聯合招生甲組(電資),招生,--,無,備6
016,國立中央大學,016372,向日葵聯合招生乙組(商管),招生,--,無,備10
016,國立中央大學,016382,向日葵聯合招生丙組(理學),招生,--,無,備9
016,國立中央大學,016392,向日葵聯合招生丁組(工程),招生,--,無,備16
016,國立中央大學,016402,向日葵聯合招生戊組(人社),招生,--,無,備6
017,中國文化大學,017012,哲學系,招生,--,無,正取
017,中國文化大學,017012,哲學系,原住民,--,無,無
017,中國文化大學,017022,中國文學系中國文學組,招生,--,無,正取
017,中國文化大學,017022,中國文學系中國文學組,原住民,--,無,無
017,中國文化大學,017032,中國文學系文藝創作組,招生,--,無,備8
017,中國文化大學,017032,中國文學系文藝創作組,原住民,--,無,無
017,中國文化大學,017042,史學系,招生,--,無,正取
017,中國文化大學,017042,史學系,原住民,--,無,無
017,中國文化大學,017052,日本語文學系,招生,--,無,備8
017,中國文化大學,017052,日本語文學系,原住民,--,無,備1
017,中國文化大學,017062,韓國語文學系,招生,--,無,備44
017,中國文化大學,017062,韓國語文學系,原住民,--,無,正取
017,中國文化大學,017072,英國語文學系,招生,--,無,備18
017,中國文化大學,017072,英國語文學系,原住民,--,無,備1
017,中國文化大學,017082,法國語文學系,招生,--,無,備5
017,中國文化大學,017082,法國語文學系,原住民,--,無,無
017,中國文化大學,017092,全球商務學士學位學程,招生,--,無,備2
017,中國文化大學,017092,全球商務學士學位學程,原住民,--,無,無
017,中國文化大學,017102,應用數學系,招生,--,無,正取
017,中國文化大學,017102,應用數學系,原住民,--,無,無
017,中國文化大學,017112,光電物理學系,招生,--,無,備7
017,中國文化大學,017112,光電物理學系,原住民,--,無,無
017,中國文化大學,017122,化學系,招生,--,無,備10
017,中國文化大學,017122,化學系,原住民,--,無,無
017,中國文化大學,017132,地理學系,招生,--,無,備3
017,中國文化大學,017132,地理學系,原住民,--,無,無
017,中國文化大學,017142,大氣科學系,招生,--,無,備3
017,中國文化大學,017142,大氣科學系,原住民,--,無,無
017,中國文化大學,017152,地質學系,招生,--,無,正取
017,中國文化大學,017152,地質學系,原住民,--,無,無
017,中國文化大學,017162,生命科學系,招生,--,無,備8
017,中國文化大學,017162,生命科學系,原住民,--,無,無
017,中國文化大學,017172,法律學系,招生,--,無,備94
017,中國文化大學,017172,法律學系,原住民,--,無,備2
017,中國文化大學,017182,政治學系,招生,--,無,備3
017,中國文化大學,017182,政治學系,原住民,--,無,正取
017,中國文化大學,017192,經濟學系,招生,--,無,備6
017,中國文化大學,017192,經濟學系,原住民,--,無,無
017,中國文化大學,017202,勞動暨人力資源學系,招生,--,無,正取
017,中國文化大學,017202,勞動暨人力資源學系,原住民,--,無,正取
017,中國文化大學,017212,社會福利學系,招生,--,無,備6
017,中國文化大學,017212,社會福利學系,原住民,--,無,正取
017,中國文化大學,017222,行政管理學系,招生,--,無,備2
017,中國文化大學,017222,行政管理學系,原住民,--,無,備2
017,中國文化大學,017232,園藝暨生物技術學系,招生,--,無,備14
017,中國文化大學,017232,園藝暨生物技術學系,原住民,--,無,無
017,中國文化大學,017242,動物科學系,招生,--,無,備6
017,中國文化大學,017242,動物科學系,原住民,--,無,無
017,中國文化大學,017252,森林暨自然保育學系,招生,--,無,備9
017,中國文化大學,017252,森林暨自然保育學系,原住民,--,無,無
017,中國文化大學,017262,土地資源學系,招生,--,無,備9
017,中國文化大學,017262,土地資源學系,原住民,--,無,無
017,中國文化大學,017272,生活應用科學系,招生,--,無,正取
017,中國文化大學,017272,生活應用科學系,原住民,--,無,無
017,中國文化大學,017282,保健營養學系,招生,--,無,備16
017,中國文化大學,017282,保健營養學系,原住民,--,無,無
017,中國文化大學,017292,化學工程與材料工程學系,招生,--,無,備49
017,中國文化大學,017292,化學工程與材料工程學系,原住民,--,無,無
017,中國文化大學,017302,電機工程學系,招生,--,無,備56
017,中國文化大學,017302,電機工程學系,原住民,--,無,無
017,中國文化大學,017312,機械工程學系,招生,--,無,備23
017,中國文化大學,017312,機械工程學系,原住民,--,無,無
017,中國文化大學,017322,紡織工程學系,招生,--,無,備9
017,中國文化大學,017322,紡織工程學系,原住民,--,無,無
017,中國文化大學,017332,資訊工程學系,招生,--,無,備35
017,中國文化大學,017332,資訊工程學系,原住民,--,無,無
017,中國文化大學,017342,國際貿易學系,招生,--,無,備26
017,中國文化大學,017342,國際貿易學系,原住民,--,無,備1
017,中國文化大學,017352,國際企業管理學系,招生,--,無,備15
017,中國文化大學,017352,國際企業管理學系,原住民,--,無,無
017,中國文化大學,017362,會計學系,招生,--,無,備14
017,中國文化大學,017362,會計學系,原住民,--,無,無
017,中國文化大學,017372,觀光事業學系,招生,--,無,備7
017,中國文化大學,017372,觀光事業學系,原住民,--,無,正取
017,中國文化大學,017382,資訊管理學系(智慧商務科技組),招生,--,無,備26
017,中國文化大學,017382,資訊管理學系(智慧商務科技組),原住民,--,無,無
017,中國文化大學,017392,資訊管理學系(人工智慧組),招生,--,無,備46
017,中國文化大學,017392,資訊管理學系(人工智慧組),原住民,--,無,備1
017,中國文化大學,017402,財務金融學系金融行銷組,招生,--,無,備19
017,中國文化大學,017402,財務金融學系金融行銷組,原住民,--,無,無
017,中國文化大學,017412,財務金融學系財務金融組,招生,--,無,備6
017,中國文化大學,017412,財務金融學系財務金融組,原住民,--,無,無
017,中國文化大學,017422,財務金融學系數位金融組,招生,--,無,備7
017,中國文化大學,017422,財務金融學系數位金融組,原住民,--,無,無
017,中國文化大學,017432,行銷學士學位學程,招生,--,無,備13
017,中國文化大學,017432,行銷學士學位學程,原住民,--,無,無
017,中國文化大學,017442,新聞學系,招生,--,無,備6
017,中國文化大學,017442,新聞學系,原住民,--,無,正取
017,中國文化大學,017452,廣告學系,招生,--,無,備20
017,中國文化大學,017452,廣告學系,原住民,--,無,無
017,中國文化大學,017462,資訊傳播學系,招生,--,無,備29
017,中國文化大學,017462,資訊傳播學系,原住民,--,無,正取
017,中國文化大學,017472,大眾傳播學系,招生,--,無,備22
017,中國文化大學,017472,大眾傳播學系,原住民,--,無,正取
017,中國文化大學,017482,都市計劃與開發管理學系,招生,--,無,備14
017,中國文化大學,017482,都市計劃與開發管理學系,原住民,--,無,無
017,中國文化大學,017492,建築及都市設計學系,招生,--,無,備20
017,中國文化大學,017492,建築及都市設計學系,原住民,--,無,備1
017,中國文化大學,017502,景觀學系,招生,--,無,備12
017,中國文化大學,017502,景觀學系,原住民,--,無,無
017,中國文化大學,017512,教育學系,招生,--,無,備19
017,中國文化大學,017512,教育學系,原住民,--,無,無
017,中國文化大學,017522,心理輔導學系,招生,--,無,備40
017,中國文化大學,017522,心理輔導學系,原住民,--,無,正取
017,中國文化大學,017532,戲劇學系,招生,--,無,備30
017,中國文化大學,017532,戲劇學系,原住民,--,無,正取
017,中國文化大學,017532,戲劇學系,離島(金門縣),--,無,無
017,中國文化大學,017542,中國戲劇學系,招生,--,無,備3
017,中國文化大學,017542,中國戲劇學系,原住民,--,無,無
017,中國文化大學,017552,音樂學系A組,招生,鋼琴,無,備4
017,中國文化大學,017552,音樂學系A組,招生,聲樂,無,無
017,中國文化大學,017552,音樂學系A組,招生,小提琴,無,備5
017,中國文化大學,017552,音樂學系A組,招生,中提琴,無,無
017,中國文化大學,017552,音樂學系A組,招生,大提琴,無,備2
017,中國文化大學,017552,音樂學系A組,招生,長號,無,無
017,中國文化大學,017552,音樂學系A組,招生,小號,無,無
017,中國文化大學,017552,音樂學系A組,招生,法國號,無,無
017,中國文化大學,017552,音樂學系A組,招生,薩克斯管,無,正取
017,中國文化大學,017552,音樂學系A組,招生,長笛,無,無
017,中國文化大學,017552,音樂學系A組,招生,單簧管(豎笛),無,正取
017,中國文化大學,017552,音樂學系A組,招生,雙簧管,無,無
017,中國文化大學,017552,音樂學系A組,招生,擊樂,無,無
017,中國文化大學,017552,音樂學系A組,招生,理論作曲,無,無
017,中國文化大學,017552,音樂學系A組,原住民,--,無,無
017,中國文化大學,017562,音樂學系B組,招生,--,無,備7
017,中國文化大學,017562,音樂學系B組,原住民,--,無,無
017,中國文化大學,017572,美術學系,招生,--,無,備36
017,中國文化大學,017572,美術學系,原住民,--,無,無
018,靜宜大學,018012,英國語文學系,招生,--,無,備9
018,靜宜大學,018012,英國語文學系,原住民,--,無,無
018,靜宜大學,018022,西班牙語文學系,招生,--,無,備19
018,靜宜大學,018022,西班牙語文學系,原住民,--,無,無
018,靜宜大學,018032,日本語文學系,招生,--,無,備36
018,靜宜大學,018032,日本語文學系,原住民,--,無,備1
018,靜宜大學,018042,中國文學系,招生,--,無,備35
018,靜宜大學,018042,中國文學系,原住民,--,無,無
018,靜宜大學,018052,社會工作與兒童少年福利學系,招生,--,無,備43
018,靜宜大學,018052,社會工作與兒童少年福利學系,原住民,--,無,備1
018,靜宜大學,018062,台灣文學系,招生,--,無,備21
018,靜宜大學,018062,台灣文學系,原住民,--,無,無
018,靜宜大學,018072,法律學系,招生,--,無,備87
018,靜宜大學,018072,法律學系,原住民,--,無,無
018,靜宜大學,018082,生態人文學系,招生,--,無,備27
018,靜宜大學,018082,生態人文學系,原住民,--,無,無
018,靜宜大學,018092,大眾傳播學系,招生,--,無,備26
018,靜宜大學,018092,大眾傳播學系,原住民,--,無,無
018,靜宜大學,018102,財務工程學系,招生,--,無,備78
018,靜宜大學,018112,應用化學系,招生,--,無,備49
018,靜宜大學,018122,食品營養學系營養與保健組,招生,--,無,備43
018,靜宜大學,018132,食品營養學系食品與生物技術組,招生,--,無,備29
018,靜宜大學,018142,化粧品科學系,招生,--,無,備33
018,靜宜大學,018152,資料科學暨大數據分析與應用學系,招生,--,無,備57
018,靜宜大學,018162,企業管理學系,招生,--,無,備34
018,靜宜大學,018162,企業管理學系,原住民,--,無,無
018,靜宜大學,018172,國際企業學系,招生,--,無,備85
018,靜宜大學,018172,國際企業學系,原住民,--,無,無
018,靜宜大學,018182,會計學系,招生,--,無,備40
018,靜宜大學,018182,會計學系,原住民,--,無,無
018,靜宜大學,018192,觀光事業學系,招生,--,無,備46
018,靜宜大學,018192,觀光事業學系,原住民,--,無,無
018,靜宜大學,018202,財務金融學系,招生,--,無,備59
018,靜宜大學,018202,財務金融學系,原住民,--,無,正取
018,靜宜大學,018212,資訊管理學系(人工智慧應用組),招生,--,無,備20
018,靜宜大學,018212,資訊管理學系(人工智慧應用組),原住民,--,無,無
018,靜宜大學,018222,資訊管理學系(智慧商務與大數據應用組),招生,--,無,備13
018,靜宜大學,018232,資訊管理學系(APCS組),招生,--,無,備4
018,靜宜大學,018242,資訊工程學系,招生,--,無,備69
018,靜宜大學,018242,資訊工程學系,原住民,--,無,無
018,靜宜大學,018252,資訊工程學系(APCS組),招生,--,無,備1
018,靜宜大學,018262,資訊傳播工程學系(元宇宙應用創作組),招生,--,無,備10
018,靜宜大學,018262,資訊傳播工程學系(元宇宙應用創作組),原住民,--,無,無
018,靜宜大學,018272,資訊傳播工程學系(人工智慧與遊戲設計組),招生,--,無,備9
018,靜宜大學,018282,資訊傳播工程學系(APCS組),招生,--,無,備1
018,靜宜大學,018292,寰宇管理學士學位學程,招生,--,無,備6
018,靜宜大學,018302,寰宇外語教育學士學位學程,招生,--,無,備6
019,大同大學,019012,機械與材料工程學系,招生,--,無,備56
019,大同大學,019012,機械與材料工程學系,原住民,--,無,無
019,大同大學,019022,化學工程與生物科技學系,招生,--,無,備36
019,大同大學,019022,化學工程與生物科技學系,原住民,--,無,無
019,大同大學,019032,工程學院學士班,招生,--,無,備34
019,大同大學,019032,工程學院學士班,原住民,--,無,正取
019,大同大學,019042,電機工程學系,招生,--,無,備61
019,大同大學,019042,電機工程學系,原住民,--,無,無
019,大同大學,019052,資訊工程學系,招生,--,無,備57
019,大同大學,019052,資訊工程學系,原住民,--,無,無
019,大同大學,019062,事業經營學系,招生,--,無,備34
019,大同大學,019062,事業經營學系,原住民,--,無,無
019,大同大學,019072,資訊經營學系,招生,--,無,備43
019,大同大學,019072,資訊經營學系,原住民,--,無,無
019,大同大學,019082,應用外語學系,招生,--,無,備12
019,大同大學,019082,應用外語學系,原住民,--,無,無
019,大同大學,019092,工業設計學系,招生,--,無,備34
019,大同大學,019092,工業設計學系,原住民,--,無,正取
019,大同大學,019102,媒體設計學系互動媒體設計組,招生,--,無,備17
019,大同大學,019102,媒體設計學系互動媒體設計組,原住民,--,無,無
019,大同大學,019112,媒體設計學系數位遊戲設計組,招生,--,無,備12
019,大同大學,019112,媒體設計學系數位遊戲設計組,原住民,--,無,正取
019,大同大學,019122,化學工程與生物科技學系(青年儲蓄帳戶組),招生,--,無,無
020,輔仁大學,020012,中國文學系,招生,--,無,備40
020,輔仁大學,020012,中國文學系,離島(金門縣),--,無,備1
020,輔仁大學,020022,歷史學系,招生,--,無,備37
020,輔仁大學,020022,歷史學系,原住民,--,無,正取
020,輔仁大學,020032,哲學系,招生,--,無,備14
020,輔仁大學,020032,哲學系,原住民,--,無,正取
020,輔仁大學,020042,人文與社區創新學士學位學程,招生,--,無,備14
020,輔仁大學,020052,景觀設計學系,招生,--,無,備33
020,輔仁大學,020052,景觀設計學系,原住民,--,無,備1
020,輔仁大學,020052,景觀設計學系,離島(金門縣),--,無,備3
020,輔仁大學,020062,景觀設計學系青年儲蓄帳戶組,招生,--,無,無
020,輔仁大學,020072,影像傳播學系,招生,--,無,備20
020,輔仁大學,020072,影像傳播學系,原住民,--,無,備1
020,輔仁大學,020072,影像傳播學系,離島(金門縣),--,無,備1
020,輔仁大學,020082,新聞傳播學系,招生,--,無,備18
020,輔仁大學,020082,新聞傳播學系,原住民,--,無,備1
020,輔仁大學,020092,廣告傳播學系,招生,--,無,備27
020,輔仁大學,020092,廣告傳播學系,原住民,--,無,備1
020,輔仁大學,020092,廣告傳播學系,離島(澎湖縣),--,無,無
020,輔仁大學,020102,圖書資訊學系,招生,--,無,備42
020,輔仁大學,020112,教育領導與科技發展學士學位學程,招生,--,無,備13
020,輔仁大學,020122,護理學系,招生,--,無,備64
020,輔仁大學,020122,護理學系,離島(金門縣),--,無,備1
020,輔仁大學,020132,公共衛生學系,招生,--,無,備32
020,輔仁大學,020132,公共衛生學系,原住民,--,無,正取
020,輔仁大學,020142,公共衛生學系青年儲蓄帳戶組,招生,--,無,無
020,輔仁大學,020152,醫學系,招生,--,無,備6
020,輔仁大學,020162,醫學系(公費生),招生,--,無,備1
020,輔仁大學,020172,臨床心理學系,招生,--,無,備30
020,輔仁大學,020172,臨床心理學系,原住民,--,無,備2
020,輔仁大學,020172,臨床心理學系,離島(金門縣),--,無,備2
020,輔仁大學,020182,職能治療學系,招生,--,無,備43
020,輔仁大學,020192,呼吸治療學系,招生,--,無,備26
020,輔仁大學,020202,呼吸治療學系青年儲蓄帳戶組,招生,--,無,無
020,輔仁大學,020212,數學系資訊數學組,招生,--,無,備37
020,輔仁大學,020212,數學系資訊數學組,原住民,--,無,無
020,輔仁大學,020222,數學系應用數學組,招生,--,無,備40
020,輔仁大學,020222,數學系應用數學組,原住民,--,無,無
020,輔仁大學,020232,化學系,招生,--,無,備63
020,輔仁大學,020232,化學系,原住民,--,無,無
020,輔仁大學,020242,資訊工程學系,招生,--,無,備73
020,輔仁大學,020242,資訊工程學系,離島(金門縣),--,無,備3
020,輔仁大學,020252,資訊工程學系APCS組,招生,--,無,備1
020,輔仁大學,020262,生命科學系,招生,--,無,備81
020,輔仁大學,020262,生命科學系,原住民,--,無,正取
020,輔仁大學,020272,物理學系電子物理組,招生,--,無,備22
020,輔仁大學,020272,物理學系電子物理組,原住民,--,無,無
020,輔仁大學,020282,物理學系光電物理組,招生,--,無,備42
020,輔仁大學,020282,物理學系光電物理組,原住民,--,無,無
020,輔仁大學,020292,電機工程學系,招生,--,無,備80
020,輔仁大學,020302,電機工程學系APCS組,招生,--,無,備1
020,輔仁大學,020312,醫學資訊與創新應用學士學位學程,招生,--,無,備46
020,輔仁大學,020322,醫學資訊與創新應用學士學位學程(資安組),招生,--,無,備1
020,輔仁大學,020332,人工智慧與資訊安全學士學位學程,招生,--,無,備16
020,輔仁大學,020342,人工智慧與資訊安全學士學位學程(資安組),招生,--,無,備3
020,輔仁大學,020352,英國語文學系,招生,--,無,備25
020,輔仁大學,020352,英國語文學系,原住民,--,無,正取
020,輔仁大學,020362,英國語文學系青年儲蓄帳戶組,招生,--,無,無
020,輔仁大學,020372,法國語文學系,招生,--,無,備25
020,輔仁大學,020372,法國語文學系,原住民,--,無,無
020,輔仁大學,020382,西班牙語文學系,招生,--,無,備27
020,輔仁大學,020382,西班牙語文學系,原住民,--,無,正取
020,輔仁大學,020392,日本語文學系,招生,--,無,備63
020,輔仁大學,020392,日本語文學系,原住民,--,無,備1
020,輔仁大學,020392,日本語文學系,離島(金門縣),--,無,無
020,輔仁大學,020402,義大利語文學系,招生,--,無,備39
020,輔仁大學,020402,義大利語文學系,原住民,--,無,正取
020,輔仁大學,020412,德語語文學系,招生,--,無,備48
020,輔仁大學,020412,德語語文學系,原住民,--,無,正取
020,輔仁大學,020422,國際溝通與科技創新學士學位學程,招生,--,無,備15
020,輔仁大學,020432,織品服裝學系織品設計組,招生,--,無,備42
020,輔仁大學,020432,織品服裝學系織品設計組,原住民,--,無,正取
020,輔仁大學,020442,織品服裝學系服飾設計組,招生,--,無,備29
020,輔仁大學,020442,織品服裝學系服飾設計組,原住民,--,無,無
020,輔仁大學,020452,織品服裝學系織品服飾行銷組,招生,--,無,備58
020,輔仁大學,020452,織品服裝學系織品服飾行銷組,原住民,--,無,備1
020,輔仁大學,020462,餐旅管理學系,招生,--,無,備58
020,輔仁大學,020462,餐旅管理學系,離島(金門縣),--,無,正取
020,輔仁大學,020472,兒童與家庭學系,招生,--,無,備37
020,輔仁大學,020472,兒童與家庭學系,原住民,--,無,備1
020,輔仁大學,020472,兒童與家庭學系,離島(金門縣),--,無,備3
020,輔仁大學,020482,食品科學系,招生,--,無,備51
020,輔仁大學,020482,食品科學系,原住民,--,無,無
020,輔仁大學,020492,食品科學系青年儲蓄帳戶組,招生,--,無,無
020,輔仁大學,020502,營養科學系,招生,--,無,備38
020,輔仁大學,020512,法律學系,招生,--,無,備97
020,輔仁大學,020512,法律學系,原住民,--,無,備7
020,輔仁大學,020512,法律學系,離島(金門縣),--,無,備2
020,輔仁大學,020522,財經法律學系,招生,--,無,備48
020,輔仁大學,020522,財經法律學系,原住民,--,無,備4
020,輔仁大學,020532,企業管理學系,招生,--,無,備133
020,輔仁大學,020532,企業管理學系,原住民,--,無,備2
020,輔仁大學,020532,企業管理學系,離島(金門縣),--,無,正取
020,輔仁大學,020542,會計學系,招生,--,無,備70
020,輔仁大學,020542,會計學系,原住民,--,無,備2
020,輔仁大學,020552,會計學系青年儲蓄帳戶組,招生,--,無,無
020,輔仁大學,020562,資訊管理學系,招生,--,無,備39
020,輔仁大學,020562,資訊管理學系,原住民,--,無,備1
020,輔仁大學,020572,資訊管理學系APCS組,招生,--,無,備1
020,輔仁大學,020582,統計資訊學系,招生,--,無,備84
020,輔仁大學,020582,統計資訊學系,離島(金門縣),--,無,備1
020,輔仁大學,020592,金融與國際企業學系,招生,--,無,備37
020,輔仁大學,020592,金融與國際企業學系,原住民,--,無,無
020,輔仁大學,020592,金融與國際企業學系,離島(金門縣),--,無,備1
020,輔仁大學,020602,社會學系,招生,--,無,備26
020,輔仁大學,020612,社會工作學系,招生,--,無,備25
020,輔仁大學,020612,社會工作學系,原住民,--,無,備12
020,輔仁大學,020612,社會工作學系,離島(金門縣),--,無,備1
020,輔仁大學,020622,經濟學系,招生,--,無,備65
020,輔仁大學,020632,宗教學系,招生,--,無,備18
020,輔仁大學,020632,宗教學系,原住民,--,無,無
020,輔仁大學,020642,心理學系,招生,--,無,備43
020,輔仁大學,020642,心理學系,原住民,--,無,備2
020,輔仁大學,020642,心理學系,離島(金門縣),--,無,備1
020,輔仁大學,020652,天主教研修學士學位學程,招生,--,無,備4
020,輔仁大學,020662,音樂學系應用音樂組,招生,--,無,備2
020,輔仁大學,020672,音樂學系器樂組,招生,鋼琴,無,備27
020,輔仁大學,020672,音樂學系器樂組,招生,聲樂,無,備18
020,輔仁大學,020672,音樂學系器樂組,招生,小提琴,無,備7
020,輔仁大學,020672,音樂學系器樂組,招生,中提琴,無,備3
020,輔仁大學,020672,音樂學系器樂組,招生,大提琴,無,備5
020,輔仁大學,020672,音樂學系器樂組,招生,低音提琴,無,備3
020,輔仁大學,020672,音樂學系器樂組,招生,長號,無,無
020,輔仁大學,020672,音樂學系器樂組,招生,小號,無,備1
020,輔仁大學,020672,音樂學系器樂組,招生,法國號,無,備1
020,輔仁大學,020672,音樂學系器樂組,招生,低音號,無,正取
020,輔仁大學,020672,音樂學系器樂組,招生,薩克斯管,無,備2
020,輔仁大學,020672,音樂學系器樂組,招生,長笛,無,備6
020,輔仁大學,020672,音樂學系器樂組,招生,單簧管(豎笛),無,備8
020,輔仁大學,020672,音樂學系器樂組,招生,雙簧管,無,無
020,輔仁大學,020672,音樂學系器樂組,招生,低音管,無,無
020,輔仁大學,020672,音樂學系器樂組,招生,擊樂,無,備6
020,輔仁大學,020672,音樂學系器樂組,招生,理論作曲,無,無
020,輔仁大學,020682,音樂學系爵士音樂組,招生,--,無,正取
020,輔仁大學,020692,應用美術學系,招生,--,無,備48
020,輔仁大學,020692,應用美術學系,原住民,--,無,備1
020,輔仁大學,020692,應用美術學系,離島(金門縣),--,無,備1
020,輔仁大學,020702,體育學系體育學組,招生,--,無,備13
020,輔仁大學,020702,體育學系體育學組,原住民,--,無,備2
020,輔仁大學,020712,體育學系運動健康管理組,招生,--,無,備31
020,輔仁大學,020712,體育學系運動健康管理組,原住民,--,無,備2
021,國立臺灣海洋大學,021012,商船學系,招生,--,無,備45
021,國立臺灣海洋大學,021012,商船學系,原住民,--,無,正取
021,國立臺灣海洋大學,021012,商船學系,願景計畫,--,無,無
021,國立臺灣海洋大學,021022,航運管理學系,招生,--,無,備48
021,國立臺灣海洋大學,021022,航運管理學系,原住民,--,無,正取
021,國立臺灣海洋大學,021022,航運管理學系,願景計畫,--,無,無
021,國立臺灣海洋大學,021032,運輸科學系A組,招生,--,無,備25
021,國立臺灣海洋大學,021032,運輸科學系A組,原住民,--,無,無
021,國立臺灣海洋大學,021032,運輸科學系A組,願景計畫,--,無,無
021,國立臺灣海洋大學,021042,運輸科學系B組,招生,--,無,備25
021,國立臺灣海洋大學,021042,運輸科學系B組,原住民,--,無,無
021,國立臺灣海洋大學,021042,運輸科學系B組,願景計畫,--,無,正取
021,國立臺灣海洋大學,021052,輪機工程學系,招生,--,無,備44
021,國立臺灣海洋大學,021052,輪機工程學系,原住民,--,無,正取
021,國立臺灣海洋大學,021052,輪機工程學系,願景計畫,--,無,無
021,國立臺灣海洋大學,021062,食品科學系,招生,--,無,備39
021,國立臺灣海洋大學,021062,食品科學系,原住民,--,無,無
021,國立臺灣海洋大學,021062,食品科學系,願景計畫,--,無,無
021,國立臺灣海洋大學,021072,水產養殖學系,招生,--,無,備41
021,國立臺灣海洋大學,021072,水產養殖學系,原住民,--,無,無
021,國立臺灣海洋大學,021072,水產養殖學系,願景計畫,--,無,正取
021,國立臺灣海洋大學,021082,生命科學暨生物科技學系,招生,--,無,備21
021,國立臺灣海洋大學,021082,生命科學暨生物科技學系,原住民,--,無,正取
021,國立臺灣海洋大學,021082,生命科學暨生物科技學系,願景計畫,--,無,備2
021,國立臺灣海洋大學,021092,系統工程暨造船學系,招生,--,無,備32
021,國立臺灣海洋大學,021092,系統工程暨造船學系,原住民,--,無,無
021,國立臺灣海洋大學,021092,系統工程暨造船學系,願景計畫,--,無,無
021,國立臺灣海洋大學,021102,河海工程學系,招生,--,無,備66
021,國立臺灣海洋大學,021102,河海工程學系,原住民,--,無,正取
021,國立臺灣海洋大學,021102,河海工程學系,願景計畫,--,無,正取
021,國立臺灣海洋大學,021112,機械與機電工程學系,招生,--,無,備54
021,國立臺灣海洋大學,021112,機械與機電工程學系,原住民,--,無,無
021,國立臺灣海洋大學,021112,機械與機電工程學系,願景計畫,--,無,備2
021,國立臺灣海洋大學,021122,海洋環境資訊系,招生,--,無,備19
021,國立臺灣海洋大學,021122,海洋環境資訊系,原住民,--,無,無
021,國立臺灣海洋大學,021122,海洋環境資訊系,願景計畫,--,無,無
021,國立臺灣海洋大學,021132,環境生物與漁業科學學系,招生,--,無,備7
021,國立臺灣海洋大學,021132,環境生物與漁業科學學系,原住民,--,無,正取
021,國立臺灣海洋大學,021132,環境生物與漁業科學學系,願景計畫,--,無,無
021,國立臺灣海洋大學,021142,電機工程學系,招生,--,無,備48
021,國立臺灣海洋大學,021142,電機工程學系,原住民,--,無,無
021,國立臺灣海洋大學,021142,電機工程學系,願景計畫,--,無,正取
021,國立臺灣海洋大學,021152,電機工程學系(青年儲蓄帳戶組),招生,--,無,無
021,國立臺灣海洋大學,021162,資訊工程學系,招生,--,無,備46
021,國立臺灣海洋大學,021162,資訊工程學系,原住民,--,無,正取
021,國立臺灣海洋大學,021162,資訊工程學系,願景計畫,--,無,正取
021,國立臺灣海洋大學,021172,資訊工程學系(APCS組),招生,--,無,備1
021,國立臺灣海洋大學,021182,資訊工程學系(資安組),招生,--,無,備2
021,國立臺灣海洋大學,021192,通訊與導航工程學系,招生,--,無,備29
021,國立臺灣海洋大學,021192,通訊與導航工程學系,原住民,--,無,無
021,國立臺灣海洋大學,021192,通訊與導航工程學系,願景計畫,--,無,無
021,國立臺灣海洋大學,021202,光電與材料科技學系,招生,--,無,備14
021,國立臺灣海洋大學,021202,光電與材料科技學系,原住民,--,無,無
021,國立臺灣海洋大學,021202,光電與材料科技學系,願景計畫,--,無,無
021,國立臺灣海洋大學,021212,海洋觀光管理學士學位學程,招生,--,無,備9
021,國立臺灣海洋大學,021212,海洋觀光管理學士學位學程,原住民,--,無,無
021,國立臺灣海洋大學,021222,海洋觀光管理學士學位學程(青年儲蓄帳戶組),招生,--,無,無
021,國立臺灣海洋大學,021232,海洋法政學士學位學程,招生,--,無,備10
021,國立臺灣海洋大學,021232,海洋法政學士學位學程,原住民,--,無,無
021,國立臺灣海洋大學,021232,海洋法政學士學位學程,願景計畫,--,無,備1
021,國立臺灣海洋大學,021242,海洋法政學士學位學程(青年儲蓄帳戶組),招生,--,無,無
021,國立臺灣海洋大學,021252,海洋文創設計產業學士學位學程,招生,--,無,備15
021,國立臺灣海洋大學,021252,海洋文創設計產業學士學位學程,原住民,--,無,無
021,國立臺灣海洋大學,021252,海洋文創設計產業學士學位學程,願景計畫,--,無,無
021,國立臺灣海洋大學,021262,海洋經營管理學士學位學程,招生,--,無,正取
021,國立臺灣海洋大學,021262,海洋經營管理學士學位學程,原住民,--,無,無
021,國立臺灣海洋大學,021262,海洋經營管理學士學位學程,願景計畫,--,無,正取
021,國立臺灣海洋大學,021272,海洋工程科技學士學位學程,招生,--,無,備25
021,國立臺灣海洋大學,021272,海洋工程科技學士學位學程,原住民,--,無,無
021,國立臺灣海洋大學,021272,海洋工程科技學士學位學程,願景計畫,--,無,無
021,國立臺灣海洋大學,021282,海洋生物科技學士學位學程,招生,--,無,備3
021,國立臺灣海洋大學,021282,海洋生物科技學士學位學程,原住民,--,無,無
021,國立臺灣海洋大學,021282,海洋生物科技學士學位學程,願景計畫,--,無,正取
022,國立高雄師範大學,022012,國文學系,招生,--,無,備35
022,國立高雄師範大學,022012,國文學系,原住民,--,無,備6
022,國立高雄師範大學,022012,國文學系,離島(金門縣),--,無,正取
022,國立高雄師範大學,022022,英語學系,招生,--,無,備21
022,國立高雄師範大學,022022,英語學系,原住民,--,無,備1
022,國立高雄師範大學,022022,英語學系,離島(澎湖縣),--,無,備2
022,國立高雄師範大學,022032,地理學系,招生,--,無,備10
022,國立高雄師範大學,022032,地理學系,原住民,--,無,正取
022,國立高雄師範大學,022042,數學系數學組,招生,--,無,備14
022,國立高雄師範大學,022042,數學系數學組,原住民,--,無,無
022,國立高雄師範大學,022052,數學系應用數學組,招生,--,無,備5
022,國立高雄師範大學,022052,數學系應用數學組,原住民,--,無,無
022,國立高雄師範大學,022062,化學系,招生,--,無,備30
022,國立高雄師範大學,022062,化學系,原住民,--,無,備3
022,國立高雄師範大學,022072,物理學系,招生,--,無,備26
022,國立高雄師範大學,022072,物理學系,原住民,--,無,無
022,國立高雄師範大學,022082,生物科技系,招生,--,無,備20
022,國立高雄師範大學,022082,生物科技系,原住民,--,無,無
022,國立高雄師範大學,022092,教育學系,招生,--,無,備22
022,國立高雄師範大學,022092,教育學系,原住民,--,無,備2
022,國立高雄師範大學,022102,特殊教育學系,招生,--,無,備18
022,國立高雄師範大學,022102,特殊教育學系,原住民,--,無,備2
022,國立高雄師範大學,022112,事業經營學系,招生,--,無,備13
022,國立高雄師範大學,022112,事業經營學系,原住民,--,無,正取
022,國立高雄師範大學,022122,工業科技教育學系科技教育與訓練組,招生,--,無,備4
022,國立高雄師範大學,022122,工業科技教育學系科技教育與訓練組,原住民,--,無,無
022,國立高雄師範大學,022132,工業科技教育學系能源與冷凍空調組,招生,--,無,備7
022,國立高雄師範大學,022132,工業科技教育學系能源與冷凍空調組,原住民,--,無,無
022,國立高雄師範大學,022142,工業設計學系,招生,--,無,備17
022,國立高雄師範大學,022142,工業設計學系,原住民,--,無,無
022,國立高雄師範大學,022152,電機工程學系,招生,--,無,備13
022,國立高雄師範大學,022152,電機工程學系,原住民,--,無,無
022,國立高雄師範大學,022162,電子工程學系,招生,--,無,備34
022,國立高雄師範大學,022162,電子工程學系,原住民,--,無,無
022,國立高雄師範大學,022172,軟體工程與管理學系,招生,--,無,備15
022,國立高雄師範大學,022172,軟體工程與管理學系,原住民,--,無,無
022,國立高雄師範大學,022182,軟體工程與管理學系(APCS組),招生,--,無,備9
022,國立高雄師範大學,022192,軟體工程與管理學系(資安組),招生,--,無,備4
022,國立高雄師範大學,022202,音樂學系,招生,鋼琴,無,備38
022,國立高雄師範大學,022202,音樂學系,招生,聲樂,無,備15
022,國立高雄師範大學,022202,音樂學系,招生,小提琴,無,備18
022,國立高雄師範大學,022202,音樂學系,招生,中提琴,無,備12
022,國立高雄師範大學,022202,音樂學系,招生,大提琴,無,備6
022,國立高雄師範大學,022202,音樂學系,招生,低音提琴,無,備3
022,國立高雄師範大學,022202,音樂學系,招生,長號,無,備1
022,國立高雄師範大學,022202,音樂學系,招生,小號,無,正取
022,國立高雄師範大學,022202,音樂學系,招生,法國號,無,備2
022,國立高雄師範大學,022202,音樂學系,招生,低音號,無,無
022,國立高雄師範大學,022202,音樂學系,招生,薩克斯管,無,備2
022,國立高雄師範大學,022202,音樂學系,招生,長笛,無,備2
022,國立高雄師範大學,022202,音樂學系,招生,單簧管(豎笛),無,備4
022,國立高雄師範大學,022202,音樂學系,招生,雙簧管,無,無
022,國立高雄師範大學,022202,音樂學系,招生,低音管,無,無
022,國立高雄師範大學,022202,音樂學系,招生,理論作曲,無,備7
022,國立高雄師範大學,022202,音樂學系,原住民,--,無,備10
022,國立高雄師範大學,022212,美術學系,招生,--,無,備22
022,國立高雄師範大學,022212,美術學系,原住民,--,無,正取
022,國立高雄師範大學,022222,視覺設計學系,招生,--,無,備44
022,國立高雄師範大學,022222,視覺設計學系,原住民,--,無,無
022,國立高雄師範大學,022222,視覺設計學系,離島(金門縣),--,無,備1
022,國立高雄師範大學,022232,體育學系,招生,--,無,備10
022,國立高雄師範大學,022232,體育學系,原住民,--,無,備2
022,國立高雄師範大學,022232,體育學系,離島(澎湖縣),--,無,正取
023,國立彰化師範大學,023012,輔導與諮商學系學校輔導與諮商組,招生,--,無,備14
023,國立彰化師範大學,023012,輔導與諮商學系學校輔導與諮商組,原住民,--,無,備1
023,國立彰化師範大學,023022,輔導與諮商學系社區輔導與諮商組,招生,--,無,備8
023,國立彰化師範大學,023022,輔導與諮商學系社區輔導與諮商組,原住民,--,無,正取
023,國立彰化師範大學,023022,輔導與諮商學系社區輔導與諮商組,離島(金門縣),--,無,備1
023,國立彰化師範大學,023032,特殊教育學系,招生,--,無,備12
023,國立彰化師範大學,023042,數學系,招生,--,無,備35
023,國立彰化師範大學,023042,數學系,原住民,--,無,無
023,國立彰化師範大學,023052,物理學系物理組,招生,--,無,備25
023,國立彰化師範大學,023052,物理學系物理組,原住民,--,無,無
023,國立彰化師範大學,023062,物理學系光電組,招生,--,無,備24
023,國立彰化師範大學,023062,物理學系光電組,原住民,--,無,無
023,國立彰化師範大學,023072,生物學系,招生,--,無,備19
023,國立彰化師範大學,023072,生物學系,原住民,--,無,無
023,國立彰化師範大學,023082,化學系,招生,--,無,備27
023,國立彰化師範大學,023082,化學系,原住民,--,無,無
023,國立彰化師範大學,023092,英語學系,招生,--,無,備9
023,國立彰化師範大學,023092,英語學系,原住民,--,無,正取
023,國立彰化師範大學,023102,國文學系,招生,--,無,備22
023,國立彰化師範大學,023102,國文學系,原住民,--,無,正取
023,國立彰化師範大學,023112,國文學系(公費生甲組),招生,--,無,正取
023,國立彰化師範大學,023122,國文學系(公費生乙組),招生,--,無,備1
023,國立彰化師範大學,023132,地理學系,招生,--,無,備19
023,國立彰化師範大學,023132,地理學系,原住民,--,無,無
023,國立彰化師範大學,023142,機電工程學系,招生,--,無,備16
023,國立彰化師範大學,023142,機電工程學系,原住民,--,無,無
023,國立彰化師範大學,023152,電機工程學系,招生,--,無,備16
023,國立彰化師範大學,023152,電機工程學系,原住民,--,無,備2
023,國立彰化師範大學,023162,電子工程學系,招生,--,無,備33
023,國立彰化師範大學,023162,電子工程學系,原住民,--,無,正取
023,國立彰化師範大學,023172,資訊工程學系,招生,--,無,備27
023,國立彰化師範大學,023172,資訊工程學系,原住民,--,無,無
023,國立彰化師範大學,023182,資訊工程學系(APCS組),招生,--,無,備2
023,國立彰化師範大學,023192,企業管理學系,招生,--,無,備21
023,國立彰化師範大學,023192,企業管理學系,原住民,--,無,無
023,國立彰化師範大學,023202,會計學系,招生,--,無,備21
023,國立彰化師範大學,023202,會計學系,原住民,--,無,正取
023,國立彰化師範大學,023212,資訊管理學系資訊管理組,招生,--,無,備8
023,國立彰化師範大學,023212,資訊管理學系資訊管理組,原住民,--,無,無
023,國立彰化師範大學,023222,資訊管理學系數位內容科技與管理組,招生,--,無,備9
023,國立彰化師範大學,023222,資訊管理學系數位內容科技與管理組,原住民,--,無,無
023,國立彰化師範大學,023232,公共事務與公民教育學系公民教育組,招生,--,無,備18
023,國立彰化師範大學,023232,公共事務與公民教育學系公民教育組,原住民,--,無,正取
023,國立彰化師範大學,023242,公共事務與公民教育學系公共事務組,招生,--,無,備9
023,國立彰化師範大學,023242,公共事務與公民教育學系公共事務組,原住民,--,無,正取
023,國立彰化師範大學,023252,揚鷹招生A組(教社),招生,--,無,正取
023,國立彰化師範大學,023262,揚鷹招生B組(文),招生,--,無,備9
023,國立彰化師範大學,023272,揚鷹招生C組(管理),招生,--,無,備10
023,國立彰化師範大學,023282,揚鷹招生D組(理),招生,--,無,備1
023,國立彰化師範大學,023292,揚鷹招生E組(工),招生,--,無,備13
023,國立彰化師範大學,023302,美術學系,招生,--,無,備11
023,國立彰化師範大學,023302,美術學系,原住民,--,無,正取
023,國立彰化師範大學,023312,運動學系(競技運動與表演藝術組),招生,--,無,備1
023,國立彰化師範大學,023312,運動學系(競技運動與表演藝術組),原住民,--,無,正取
023,國立彰化師範大學,023322,運動學系(競技運動與表演藝術組)(公費生),招生,--,無,正取
023,國立彰化師範大學,023332,運動學系(運動健康組),招生,--,無,備11
023,國立彰化師範大學,023332,運動學系(運動健康組),原住民,--,無,正取
026,中山醫學大學,026012,醫學系,招生,--,無,備112
026,中山醫學大學,026022,牙醫學系,招生,--,無,備39
026,中山醫學大學,026022,牙醫學系,離島(連江縣),--,無,正取
026,中山醫學大學,026032,物理治療學系,招生,--,無,備19
026,中山醫學大學,026032,物理治療學系,原住民,--,無,備2
026,中山醫學大學,026042,職能治療學系,招生,--,無,備21
026,中山醫學大學,026042,職能治療學系,原住民,--,無,備4
026,中山醫學大學,026052,語言治療與聽力學系語言治療組,招生,--,無,備29
026,中山醫學大學,026052,語言治療與聽力學系語言治療組,原住民,--,無,正取
026,中山醫學大學,026062,語言治療與聽力學系聽力組,招生,--,無,備22
026,中山醫學大學,026062,語言治療與聽力學系聽力組,原住民,--,無,備1
026,中山醫學大學,026072,生物醫學科學學系,招生,--,無,備45
026,中山醫學大學,026072,生物醫學科學學系,原住民,--,無,無
026,中山醫學大學,026082,視光學系,招生,--,無,備21
026,中山醫學大學,026082,視光學系,原住民,--,無,無
026,中山醫學大學,026092,醫學影像暨放射科學系,招生,--,無,備39
026,中山醫學大學,026092,醫學影像暨放射科學系,原住民,--,無,備3
026,中山醫學大學,026102,心理學系,招生,--,無,備21
026,中山醫學大學,026102,心理學系,原住民,--,無,備2
026,中山醫學大學,026112,營養學系(A組),招生,--,無,備30
026,中山醫學大學,026112,營養學系(A組),原住民,--,無,正取
026,中山醫學大學,026122,營養學系(B組),招生,--,無,備16
026,中山醫學大學,026122,營養學系(B組),原住民,--,無,備1
026,中山醫學大學,026132,職業安全衛生學系,招生,--,無,備28
026,中山醫學大學,026132,職業安全衛生學系,原住民,--,無,無
026,中山醫學大學,026142,醫學應用化學系,招生,--,無,備13
026,中山醫學大學,026142,醫學應用化學系,原住民,--,無,無
026,中山醫學大學,026152,健康產業科技管理學系,招生,--,無,備14
026,中山醫學大學,026152,健康產業科技管理學系,原住民,--,無,無
026,中山醫學大學,026162,護理學系,招生,--,無,備54
026,中山醫學大學,026162,護理學系,原住民,--,無,正取
026,中山醫學大學,026172,醫學檢驗暨生物技術學系,招生,--,無,備48
026,中山醫學大學,026172,醫學檢驗暨生物技術學系,原住民,--,無,備4
026,中山醫學大學,026182,應用外國語言學系,招生,--,無,備15
026,中山醫學大學,026182,應用外國語言學系,原住民,--,無,無
026,中山醫學大學,026192,公共衛生學系(A組),招生,--,無,備22
026,中山醫學大學,026192,公共衛生學系(A組),原住民,--,無,無
026,中山醫學大學,026202,公共衛生學系(B組),招生,--,無,備11
026,中山醫學大學,026202,公共衛生學系(B組),原住民,--,無,無
026,中山醫學大學,026212,醫學社會暨社會工作學系,招生,--,無,備42
026,中山醫學大學,026212,醫學社會暨社會工作學系,原住民,--,無,備1
026,中山醫學大學,026222,醫學資訊學系,招生,--,無,備27
026,中山醫學大學,026222,醫學資訊學系,原住民,--,無,無
026,中山醫學大學,026232,醫療產業科技管理學系,招生,--,無,備22
026,中山醫學大學,026232,醫療產業科技管理學系,原住民,--,無,無
027,國立中山大學,027012,中國文學系,招生,--,無,備13
027,國立中山大學,027012,中國文學系,原住民,--,無,備1
027,國立中山大學,027022,外國語文學系,招生,--,無,備23
027,國立中山大學,027022,外國語文學系,原住民,--,無,無
027,國立中山大學,027022,外國語文學系,離島(澎湖縣),--,無,備1
027,國立中山大學,027022,外國語文學系,離島(金門縣),--,無,備1
027,國立中山大學,027032,劇場藝術學系,招生,--,男,正取
027,國立中山大學,027032,劇場藝術學系,招生,--,女,備5
027,國立中山大學,027032,劇場藝術學系,原住民,--,無,無
027,國立中山大學,027042,生物科學系,招生,--,無,備12
027,國立中山大學,027042,生物科學系,原住民,--,無,正取
027,國立中山大學,027052,生物科學系英語組,招生,--,無,備13
027,國立中山大學,027062,化學系,招生,--,無,備27
027,國立中山大學,027062,化學系,原住民,--,無,無
027,國立中山大學,027072,化學系英語組,招生,--,無,備4
027,國立中山大學,027082,物理學系,招生,--,無,備19
027,國立中山大學,027082,物理學系,原住民,--,無,正取
027,國立中山大學,027092,物理學系量子科技組(全英),招生,--,無,備13
027,國立中山大學,027092,物理學系量子科技組(全英),原住民,--,無,無
027,國立中山大學,027102,應用數學系,招生,--,無,備29
027,國立中山大學,027102,應用數學系,原住民,--,無,無
027,國立中山大學,027112,應用數學系英語組,招生,--,無,備14
027,國立中山大學,027122,電機工程學系,招生,--,無,備35
027,國立中山大學,027122,電機工程學系,原住民,--,無,無
027,國立中山大學,027132,電機工程學系全英語組,招生,--,無,備32
027,國立中山大學,027142,電機工程學系(APCS組),招生,--,無,備2
027,國立中山大學,027152,機械與機電工程學系,招生,--,無,備52
027,國立中山大學,027152,機械與機電工程學系,原住民,--,無,無
027,國立中山大學,027162,機械與機電工程學系全英語組,招生,--,無,備22
027,國立中山大學,027172,資訊工程學系,招生,--,無,備33
027,國立中山大學,027172,資訊工程學系,原住民,--,無,正取
027,國立中山大學,027172,資訊工程學系,離島(澎湖縣),--,無,備3
027,國立中山大學,027182,資訊工程學系全英語學士班,招生,--,無,備17
027,國立中山大學,027192,光電工程學系,招生,--,無,備18
027,國立中山大學,027192,光電工程學系,原住民,--,無,無
027,國立中山大學,027202,光電工程學系全英語組,招生,--,無,備11
027,國立中山大學,027212,材料與光電科學學系,招生,--,無,備18
027,國立中山大學,027222,材料與光電科學學系全英語組,招生,--,無,備13
027,國立中山大學,027232,企業管理學系,招生,--,無,備40
027,國立中山大學,027232,企業管理學系,離島(金門縣),--,無,無
027,國立中山大學,027242,資訊管理學系,招生,--,無,備26
027,國立中山大學,027242,資訊管理學系,離島(澎湖縣),--,無,無
027,國立中山大學,027242,資訊管理學系,離島(金門縣),--,無,備2
027,國立中山大學,027252,財務管理學系,招生,--,無,備21
027,國立中山大學,027252,財務管理學系,原住民,--,無,正取
027,國立中山大學,027252,財務管理學系,離島(金門縣),--,無,無
027,國立中山大學,027262,國際經營管理全英語學士學位學程,招生,--,無,備14
027,國立中山大學,027272,海洋生物科技暨資源學系,招生,--,無,備15
027,國立中山大學,027272,海洋生物科技暨資源學系,原住民,--,無,無
027,國立中山大學,027282,海洋環境及工程學系,招生,--,無,備31
027,國立中山大學,027282,海洋環境及工程學系,原住民,--,無,無
027,國立中山大學,027292,海洋科學系,招生,--,無,備17
027,國立中山大學,027292,海洋科學系,原住民,--,無,無
027,國立中山大學,027302,政治經濟學系,招生,--,無,備13
027,國立中山大學,027312,社會學系,招生,--,無,備8
027,國立中山大學,027312,社會學系,原住民,--,無,正取
027,國立中山大學,027312,社會學系,離島(澎湖縣),--,無,備1
027,國立中山大學,027312,社會學系,離島(金門縣),--,無,正取
027,國立中山大學,027322,人文暨科技跨領域學士學位學程,招生,--,無,備18
027,國立中山大學,027322,人文暨科技跨領域學士學位學程,原住民,--,無,無
027,國立中山大學,027332,生物醫學科技學系全英語學士班生物醫學組,招生,--,無,備4
027,國立中山大學,027342,生物醫學科技學系全英語學士班生醫工程組,招生,--,無,備3
027,國立中山大學,027352,西灣南星A組(文),招生,--,無,無
027,國立中山大學,027362,西灣南星B組(管),招生,--,無,備5
027,國立中山大學,027372,西灣南星C組(理),招生,--,無,備4
027,國立中山大學,027382,西灣南星D組(工),招生,--,無,備12
027,國立中山大學,027392,西灣南星E組(海),招生,--,無,無
027,國立中山大學,027402,西灣南星F組(社),招生,--,無,正取
027,國立中山大學,027412,西灣南星G組(西灣),招生,--,無,無
027,國立中山大學,027422,西灣南星H組(醫),招生,--,無,無
027,國立中山大學,027432,音樂學系,招生,鋼琴,無,備14
027,國立中山大學,027432,音樂學系,招生,聲樂,無,無
027,國立中山大學,027432,音樂學系,招生,小提琴,無,備16
027,國立中山大學,027432,音樂學系,招生,中提琴,無,無
027,國立中山大學,027432,音樂學系,招生,大提琴,無,備8
027,國立中山大學,027432,音樂學系,招生,低音提琴,無,無
027,國立中山大學,027432,音樂學系,招生,長號,無,備1
027,國立中山大學,027432,音樂學系,招生,小號,無,正取
027,國立中山大學,027432,音樂學系,招生,法國號,無,正取
027,國立中山大學,027432,音樂學系,招生,低音號,無,無
027,國立中山大學,027432,音樂學系,招生,薩克斯管,無,無
027,國立中山大學,027432,音樂學系,招生,長笛,無,備1
027,國立中山大學,027432,音樂學系,招生,單簧管(豎笛),無,備2
027,國立中山大學,027432,音樂學系,招生,雙簧管,無,無
027,國立中山大學,027432,音樂學系,招生,低音管,無,無
027,國立中山大學,027432,音樂學系,招生,擊樂,無,無
027,國立中山大學,027442,音樂學系創作與應用組,招生,--,無,備3
028,國立臺北藝術大學,028012,音樂與影像跨域學士學位學程,招生,--,無,備3
028,國立臺北藝術大學,028022,劇場設計學系,招生,--,無,備6
028,國立臺北藝術大學,028032,新媒體藝術學系,招生,--,無,備8
028,國立臺北藝術大學,028032,新媒體藝術學系,離島(澎湖縣),--,無,無
030,長庚大學,030012,醫學系,招生,--,無,備156
030,長庚大學,030022,醫學系(公費生),招生,--,無,備7
030,長庚大學,030032,中醫學系,招生,--,無,備50
030,長庚大學,030032,中醫學系,離島(澎湖縣),--,無,無
030,長庚大學,030032,中醫學系,離島(金門縣),--,無,備2
030,長庚大學,030032,中醫學系,離島(連江縣),--,無,無
030,長庚大學,030042,護理學系,招生,--,無,備57
030,長庚大學,030042,護理學系,原住民,--,無,無
030,長庚大學,030042,護理學系,離島(臺東縣),--,無,無
030,長庚大學,030052,醫學生物技術暨檢驗學系,招生,--,無,備23
030,長庚大學,030052,醫學生物技術暨檢驗學系,原住民,--,無,無
030,長庚大學,030062,醫學影像暨放射科學系,招生,--,無,備15
030,長庚大學,030062,醫學影像暨放射科學系,原住民,--,無,無
030,長庚大學,030062,醫學影像暨放射科學系,離島(金門縣),--,無,無
030,長庚大學,030072,物理治療學系,招生,--,無,備26
030,長庚大學,030072,物理治療學系,原住民,--,無,正取
030,長庚大學,030082,職能治療學系,招生,--,無,備49
030,長庚大學,030082,職能治療學系,原住民,--,無,無
030,長庚大學,030092,生物醫學系,招生,--,無,備55
030,長庚大學,030092,生物醫學系,原住民,--,無,無
030,長庚大學,030102,呼吸治療學系,招生,--,無,備29
030,長庚大學,030102,呼吸治療學系,原住民,--,無,正取
030,長庚大學,030112,電機工程學系,招生,--,無,備56
030,長庚大學,030112,電機工程學系,原住民,--,無,無
030,長庚大學,030122,機械工程學系,招生,--,無,備10
030,長庚大學,030122,機械工程學系,原住民,--,無,無
030,長庚大學,030132,化工與材料工程學系,招生,--,無,備23
030,長庚大學,030132,化工與材料工程學系,原住民,--,無,正取
030,長庚大學,030142,電子工程學系,招生,--,無,備30
030,長庚大學,030142,電子工程學系,原住民,--,無,無
030,長庚大學,030152,資訊工程學系,招生,--,無,備42
030,長庚大學,030152,資訊工程學系,原住民,--,無,無
030,長庚大學,030162,生物醫學工程學系,招生,--,無,備23
030,長庚大學,030162,生物醫學工程學系,原住民,--,無,無
030,長庚大學,030172,人工智慧學系,招生,--,無,備23
030,長庚大學,030172,人工智慧學系,原住民,--,無,無
030,長庚大學,030182,醫務管理學系,招生,--,無,備39
030,長庚大學,030182,醫務管理學系,原住民,--,無,無
030,長庚大學,030192,工商管理學系(數智商務組),招生,--,無,備23
030,長庚大學,030202,工商管理學系(工商創業組),招生,--,無,備17
030,長庚大學,030202,工商管理學系(工商創業組),原住民,--,無,無
030,長庚大學,030212,工業設計學系,招生,--,無,備38
030,長庚大學,030212,工業設計學系,原住民,--,無,無
030,長庚大學,030222,資訊管理學系,招生,--,無,備37
030,長庚大學,030222,資訊管理學系,原住民,--,無,無
030,長庚大學,030232,資訊管理學系(資安組),招生,--,無,備1
030,長庚大學,030242,數位金融科技學系(甲組),招生,--,無,備11
030,長庚大學,030242,數位金融科技學系(甲組),原住民,--,無,無
030,長庚大學,030252,數位金融科技學系(乙組),招生,--,無,備18
031,國立臺中教育大學,031012,教育學系,招生,--,無,備13
031,國立臺中教育大學,031012,教育學系,原住民,--,無,備3
031,國立臺中教育大學,031022,特殊教育學系,招生,--,無,備24
031,國立臺中教育大學,031022,特殊教育學系,原住民,--,無,備1
031,國立臺中教育大學,031032,幼兒教育學系,招生,--,無,備7
031,國立臺中教育大學,031032,幼兒教育學系,原住民,--,無,備2
031,國立臺中教育大學,031042,柳川招生組,招生,--,無,正取
031,國立臺中教育大學,031052,體育學系非運動專長組,招生,--,無,備5
031,國立臺中教育大學,031062,語文教育學系,招生,--,無,備12
031,國立臺中教育大學,031062,語文教育學系,原住民,--,無,備1
031,國立臺中教育大學,031072,區域與社會發展學系,招生,--,無,備9
031,國立臺中教育大學,031072,區域與社會發展學系,原住民,--,無,無
031,國立臺中教育大學,031082,諮商與應用心理學系,招生,--,無,備11
031,國立臺中教育大學,031082,諮商與應用心理學系,原住民,--,無,無
031,國立臺中教育大學,031082,諮商與應用心理學系,離島(金門縣),--,無,備3
031,國立臺中教育大學,031092,臺灣語文學系,招生,--,無,備11
031,國立臺中教育大學,031092,臺灣語文學系,原住民,--,無,正取
031,國立臺中教育大學,031102,英語學系,招生,--,無,備18
031,國立臺中教育大學,031112,數學教育學系,招生,--,無,備15
031,國立臺中教育大學,031122,科學教育與應用學系,招生,--,無,備24
031,國立臺中教育大學,031122,科學教育與應用學系,原住民,--,無,無
031,國立臺中教育大學,031132,資訊工程學系,招生,--,無,備25
031,國立臺中教育大學,031142,數位內容科技學系,招生,--,無,備28
031,國立臺中教育大學,031142,數位內容科技學系,原住民,--,無,無
031,國立臺中教育大學,031152,國際企業學系,招生,--,無,備3
031,國立臺中教育大學,031152,國際企業學系,原住民,--,無,無
031,國立臺中教育大學,031162,文化創意產業設計與營運學系,招生,--,無,備4
031,國立臺中教育大學,031162,文化創意產業設計與營運學系,原住民,--,無,無
031,國立臺中教育大學,031172,音樂學系,招生,鋼琴,無,備15
031,國立臺中教育大學,031172,音樂學系,招生,聲樂,無,備17
031,國立臺中教育大學,031172,音樂學系,招生,小提琴,無,備11
031,國立臺中教育大學,031172,音樂學系,招生,中提琴,無,備2
031,國立臺中教育大學,031172,音樂學系,招生,大提琴,無,備2
031,國立臺中教育大學,031172,音樂學系,招生,低音提琴,無,備6
031,國立臺中教育大學,031172,音樂學系,招生,豎琴,無,無
031,國立臺中教育大學,031172,音樂學系,招生,長號,無,備4
031,國立臺中教育大學,031172,音樂學系,招生,小號,無,備2
031,國立臺中教育大學,031172,音樂學系,招生,法國號,無,備4
031,國立臺中教育大學,031172,音樂學系,招生,低音號,無,正取
031,國立臺中教育大學,031172,音樂學系,招生,薩克斯管,無,備4
031,國立臺中教育大學,031172,音樂學系,招生,長笛,無,備10
031,國立臺中教育大學,031172,音樂學系,招生,單簧管(豎笛),無,備6
031,國立臺中教育大學,031172,音樂學系,招生,雙簧管,無,無
031,國立臺中教育大學,031172,音樂學系,招生,低音管,無,無
031,國立臺中教育大學,031172,音樂學系,招生,擊樂,無,備4
031,國立臺中教育大學,031172,音樂學系,招生,理論作曲,無,備8
031,國立臺中教育大學,031172,音樂學系,招生,笛,無,備1
031,國立臺中教育大學,031172,音樂學系,原住民,--,無,備6
031,國立臺中教育大學,031182,美術學系,招生,--,無,備17
031,國立臺中教育大學,031182,美術學系,原住民,--,無,正取
031,國立臺中教育大學,031192,體育學系運動專長組,招生,籃球,男,備1
031,國立臺中教育大學,031192,體育學系運動專長組,招生,排球,女,備3
031,國立臺中教育大學,031192,體育學系運動專長組,招生,網球,男,正取
031,國立臺中教育大學,031192,體育學系運動專長組,招生,軟式網球,男,正取
031,國立臺中教育大學,031192,體育學系運動專長組,招生,軟式網球,女,無
031,國立臺中教育大學,031192,體育學系運動專長組,招生,羽球,男,正取
031,國立臺中教育大學,031192,體育學系運動專長組,招生,羽球,女,備1
031,國立臺中教育大學,031192,體育學系運動專長組,招生,桌球,男,正取
031,國立臺中教育大學,031192,體育學系運動專長組,招生,桌球,女,正取
031,國立臺中教育大學,031192,體育學系運動專長組,招生,手球,女,無
031,國立臺中教育大學,031192,體育學系運動專長組,招生,競技游泳,男,正取
031,國立臺中教育大學,031192,體育學系運動專長組,招生,競技游泳,女,無
031,國立臺中教育大學,031192,體育學系運動專長組,招生,輕艇,男,無
031,國立臺中教育大學,031192,體育學系運動專長組,招生,輕艇,女,正取
031,國立臺中教育大學,031192,體育學系運動專長組,招生,田徑,男,正取
031,國立臺中教育大學,031192,體育學系運動專長組,招生,田徑,女,正取
031,國立臺中教育大學,031192,體育學系運動專長組,招生,韻律體操,女,正取
031,國立臺中教育大學,031192,體育學系運動專長組,招生,民俗體育,男,正取
031,國立臺中教育大學,031192,體育學系運動專長組,招生,民俗體育,女,正取
031,國立臺中教育大學,031192,體育學系運動專長組,招生,巧固球,男,正取
031,國立臺中教育大學,031192,體育學系運動專長組,招生,巧固球,女,無
031,國立臺中教育大學,031192,體育學系運動專長組,原住民,--,無,備2
032,國立臺北教育大學,032012,教育學系,招生,--,無,備25
032,國立臺北教育大學,032012,教育學系,原住民,--,無,備2
032,國立臺北教育大學,032012,教育學系,離島(金門縣),--,無,無
032,國立臺北教育大學,032022,教育學系（芝山組）,招生,--,無,備1
032,國立臺北教育大學,032032,教育經營與管理學系,招生,--,無,備17
032,國立臺北教育大學,032032,教育經營與管理學系,原住民,--,無,無
032,國立臺北教育大學,032042,教育經營與管理學系（芝山組）,招生,--,無,備2
032,國立臺北教育大學,032052,幼兒與家庭教育學系,招生,--,無,備5
032,國立臺北教育大學,032052,幼兒與家庭教育學系,原住民,--,無,正取
032,國立臺北教育大學,032062,幼兒與家庭教育學系（芝山組）,招生,--,無,無
032,國立臺北教育大學,032072,幼兒與家庭教育學系(公費生),招生,--,無,正取
032,國立臺北教育大學,032082,特殊教育學系,招生,--,無,備9
032,國立臺北教育大學,032082,特殊教育學系,原住民,--,無,正取
032,國立臺北教育大學,032092,特殊教育學系（芝山組）,招生,--,無,正取
032,國立臺北教育大學,032102,心理與諮商學系,招生,--,無,備2
032,國立臺北教育大學,032102,心理與諮商學系,原住民,--,無,正取
032,國立臺北教育大學,032112,心理與諮商學系（芝山組）,招生,--,無,正取
032,國立臺北教育大學,032122,社會與區域發展學系,招生,--,無,備11
032,國立臺北教育大學,032122,社會與區域發展學系,原住民,--,無,備2
032,國立臺北教育大學,032132,兒童英語教育學系,招生,--,無,備9
032,國立臺北教育大學,032132,兒童英語教育學系,原住民,--,無,正取
032,國立臺北教育大學,032132,兒童英語教育學系,離島(澎湖縣),--,無,正取
032,國立臺北教育大學,032142,兒童英語教育學系(公費生),招生,--,無,備2
032,國立臺北教育大學,032152,語文與創作學系語文師資組,招生,--,無,備11
032,國立臺北教育大學,032152,語文與創作學系語文師資組,原住民,--,無,無
032,國立臺北教育大學,032152,語文與創作學系語文師資組,離島(連江縣),--,無,備1
032,國立臺北教育大學,032162,語文與創作學系文學創作組,招生,--,無,備7
032,國立臺北教育大學,032162,語文與創作學系文學創作組,原住民,--,無,正取
032,國立臺北教育大學,032172,文化創意產業經營學系,招生,--,無,備17
032,國立臺北教育大學,032172,文化創意產業經營學系,原住民,--,無,正取
032,國立臺北教育大學,032182,文化創意產業經營學系(青年儲蓄帳戶組),招生,--,無,無
032,國立臺北教育大學,032192,數學暨資訊教育學系數學組,招生,--,無,備15
032,國立臺北教育大學,032192,數學暨資訊教育學系數學組,原住民,--,無,無
032,國立臺北教育大學,032202,數學暨資訊教育學系人工智慧與資訊教育組,招生,--,無,備11
032,國立臺北教育大學,032202,數學暨資訊教育學系人工智慧與資訊教育組,原住民,--,無,無
032,國立臺北教育大學,032212,數學暨資訊教育學系人工智慧與資訊教育組(APCS組),招生,--,無,正取
032,國立臺北教育大學,032222,數學暨資訊教育學系人工智慧與資訊教育組(公費生A組),招生,--,無,備2
032,國立臺北教育大學,032232,數學暨資訊教育學系人工智慧與資訊教育組(公費生B組),招生,--,無,無
032,國立臺北教育大學,032242,自然科學教育學系,招生,--,無,備31
032,國立臺北教育大學,032242,自然科學教育學系,原住民,--,無,無
032,國立臺北教育大學,032252,自然科學教育學系（芝山組）,招生,--,無,正取
032,國立臺北教育大學,032252,自然科學教育學系（芝山組）,原住民,--,無,無
032,國立臺北教育大學,032262,資訊科學系,招生,--,無,備27
032,國立臺北教育大學,032262,資訊科學系,原住民,--,無,無
032,國立臺北教育大學,032272,數位科技設計學系,招生,--,無,備13
032,國立臺北教育大學,032272,數位科技設計學系,離島(金門縣),--,無,正取
032,國立臺北教育大學,032282,數位科技設計學系(APCS組),招生,--,無,備1
032,國立臺北教育大學,032292,藝術與造形設計學系設計組,招生,--,無,備25
032,國立臺北教育大學,032302,藝術與造形設計學系藝術組,招生,--,無,備20
032,國立臺北教育大學,032302,藝術與造形設計學系藝術組,原住民,--,無,無
032,國立臺北教育大學,032312,藝術與造形設計學系藝術組(公費生A組),招生,--,無,無
032,國立臺北教育大學,032322,藝術與造形設計學系藝術組(公費生B組),招生,--,無,無
032,國立臺北教育大學,032332,體育學系,招生,--,無,備16
032,國立臺北教育大學,032332,體育學系,原住民,--,無,備3
032,國立臺北教育大學,032332,體育學系,離島(澎湖縣),--,無,正取
032,國立臺北教育大學,032342,體育學系（雙語教學組）,招生,--,無,備4
033,國立臺南大學,033012,教育學系,招生,--,無,備34
033,國立臺南大學,033012,教育學系,原住民,--,無,備2
033,國立臺南大學,033022,諮商與輔導學系,招生,--,無,備16
033,國立臺南大學,033022,諮商與輔導學系,原住民,--,無,無
033,國立臺南大學,033022,諮商與輔導學系,離島(澎湖縣),--,無,備1
033,國立臺南大學,033032,特殊教育學系,招生,--,無,備22
033,國立臺南大學,033042,特殊教育學系(青年儲蓄帳戶組),招生,--,無,無
033,國立臺南大學,033052,幼兒教育學系,招生,--,無,備18
033,國立臺南大學,033052,幼兒教育學系,原住民,--,無,正取
033,國立臺南大學,033062,文化與自然資源學系,招生,--,無,備12
033,國立臺南大學,033062,文化與自然資源學系,原住民,--,無,無
033,國立臺南大學,033062,文化與自然資源學系,願景計畫,--,無,正取
033,國立臺南大學,033072,國語文學系,招生,--,無,備49
033,國立臺南大學,033072,國語文學系,原住民,--,無,備4
033,國立臺南大學,033082,英語學系,招生,--,無,備8
033,國立臺南大學,033082,英語學系,原住民,--,無,無
033,國立臺南大學,033082,英語學系,願景計畫,--,無,備1
033,國立臺南大學,033092,應用數學系,招生,--,無,備18
033,國立臺南大學,033092,應用數學系,原住民,--,無,無
033,國立臺南大學,033102,數位學習科技學系,招生,--,無,備27
033,國立臺南大學,033102,數位學習科技學系,原住民,--,無,無
033,國立臺南大學,033102,數位學習科技學系,願景計畫,--,無,無
033,國立臺南大學,033112,數位學習科技學系(資安組),招生,--,無,備2
033,國立臺南大學,033122,材料科學系,招生,--,無,備17
033,國立臺南大學,033122,材料科學系,原住民,--,無,正取
033,國立臺南大學,033122,材料科學系,願景計畫,--,無,正取
033,國立臺南大學,033132,資訊工程學系,招生,--,無,備19
033,國立臺南大學,033132,資訊工程學系,原住民,--,無,無
033,國立臺南大學,033142,資訊工程學系(APCS組),招生,--,無,正取
033,國立臺南大學,033152,電機工程學系,招生,--,無,備37
033,國立臺南大學,033152,電機工程學系,原住民,--,無,無
033,國立臺南大學,033162,綠色能源科技學系,招生,--,無,備20
033,國立臺南大學,033162,綠色能源科技學系,原住民,--,無,無
033,國立臺南大學,033162,綠色能源科技學系,願景計畫,--,無,正取
033,國立臺南大學,033172,生物科技學系,招生,--,無,備8
033,國立臺南大學,033172,生物科技學系,原住民,--,無,無
033,國立臺南大學,033172,生物科技學系,願景計畫,--,無,正取
033,國立臺南大學,033182,生態暨環境資源學系,招生,--,無,備6
033,國立臺南大學,033182,生態暨環境資源學系,原住民,--,無,無
033,國立臺南大學,033182,生態暨環境資源學系,願景計畫,--,無,備3
033,國立臺南大學,033192,戲劇創作與應用學系,招生,--,男,正取
033,國立臺南大學,033192,戲劇創作與應用學系,招生,--,女,備11
033,國立臺南大學,033192,戲劇創作與應用學系,原住民,--,無,正取
033,國立臺南大學,033192,戲劇創作與應用學系,願景計畫,--,無,正取
033,國立臺南大學,033202,行政管理學系,招生,--,無,備14
033,國立臺南大學,033202,行政管理學系,原住民,--,無,正取
033,國立臺南大學,033202,行政管理學系,願景計畫,--,無,正取
033,國立臺南大學,033212,經營與管理學系,招生,--,無,備8
033,國立臺南大學,033212,經營與管理學系,原住民,--,無,無
033,國立臺南大學,033212,經營與管理學系,離島(澎湖縣),--,無,正取
033,國立臺南大學,033222,音樂學系(A組),招生,鋼琴,無,備7
033,國立臺南大學,033222,音樂學系(A組),招生,聲樂,無,備5
033,國立臺南大學,033222,音樂學系(A組),招生,小提琴,無,備5
033,國立臺南大學,033222,音樂學系(A組),招生,中提琴,無,備2
033,國立臺南大學,033222,音樂學系(A組),招生,大提琴,無,備4
033,國立臺南大學,033222,音樂學系(A組),招生,低音提琴,無,備2
033,國立臺南大學,033222,音樂學系(A組),招生,古典吉他,無,備1
033,國立臺南大學,033222,音樂學系(A組),招生,長號,無,正取
033,國立臺南大學,033222,音樂學系(A組),招生,小號,無,無
033,國立臺南大學,033222,音樂學系(A組),招生,法國號,無,備3
033,國立臺南大學,033222,音樂學系(A組),招生,上低音號,無,備3
033,國立臺南大學,033222,音樂學系(A組),招生,低音號,無,備1
033,國立臺南大學,033222,音樂學系(A組),招生,薩克斯管,無,無
033,國立臺南大學,033222,音樂學系(A組),招生,長笛,無,正取
033,國立臺南大學,033222,音樂學系(A組),招生,單簧管(豎笛),無,備2
033,國立臺南大學,033222,音樂學系(A組),招生,雙簧管,無,無
033,國立臺南大學,033222,音樂學系(A組),招生,低音管,無,無
033,國立臺南大學,033222,音樂學系(A組),招生,直笛,無,無
033,國立臺南大學,033222,音樂學系(A組),招生,擊樂,無,無
033,國立臺南大學,033222,音樂學系(A組),招生,理論作曲,無,正取
033,國立臺南大學,033232,音樂學系(B組),招生,--,無,備7
033,國立臺南大學,033232,音樂學系(B組),原住民,--,無,備1
033,國立臺南大學,033232,音樂學系(B組),願景計畫,--,無,無
033,國立臺南大學,033242,視覺藝術與設計學系,招生,--,無,備70
033,國立臺南大學,033242,視覺藝術與設計學系,原住民,--,無,正取
033,國立臺南大學,033252,體育學系,招生,--,無,備26
033,國立臺南大學,033252,體育學系,原住民,--,無,正取
033,國立臺南大學,033252,體育學系,願景計畫,--,無,正取
034,國立東華大學,034012,應用數學系數學科學組,招生,--,無,備6
034,國立東華大學,034012,應用數學系數學科學組,原住民,--,無,無
034,國立東華大學,034022,應用數學系統計科學組,招生,--,無,備11
034,國立東華大學,034022,應用數學系統計科學組,原住民,--,無,無
034,國立東華大學,034032,物理學系物理組,招生,--,無,備18
034,國立東華大學,034032,物理學系物理組,原住民,--,無,無
034,國立東華大學,034042,物理學系奈米與光電科學組,招生,--,無,備19
034,國立東華大學,034042,物理學系奈米與光電科學組,原住民,--,無,無
034,國立東華大學,034052,化學系,招生,--,無,備14
034,國立東華大學,034052,化學系,原住民,--,無,正取
034,國立東華大學,034052,化學系,願景計畫,--,無,無
034,國立東華大學,034062,生化暨分子醫學科學系,招生,--,無,備13
034,國立東華大學,034062,生化暨分子醫學科學系,原住民,--,無,無
034,國立東華大學,034072,資訊工程學系資工組,招生,--,無,備24
034,國立東華大學,034072,資訊工程學系資工組,原住民,--,無,正取
034,國立東華大學,034072,資訊工程學系資工組,願景計畫,--,無,備1
034,國立東華大學,034082,資訊工程學系資工組(APCS組),招生,--,無,備6
034,國立東華大學,034092,資訊工程學系資工組(資安組),招生,--,無,備11
034,國立東華大學,034102,資訊工程學系國際組,招生,--,無,備6
034,國立東華大學,034102,資訊工程學系國際組,原住民,--,無,無
034,國立東華大學,034112,資訊工程學系國際組(資安組),招生,--,無,備1
034,國立東華大學,034122,電機工程學系智慧系統組,招生,--,無,備27
034,國立東華大學,034122,電機工程學系智慧系統組,原住民,--,無,無
034,國立東華大學,034122,電機工程學系智慧系統組,願景計畫,--,無,正取
034,國立東華大學,034132,電機工程學系半導體工程組,招生,--,無,備21
034,國立東華大學,034132,電機工程學系半導體工程組,原住民,--,無,無
034,國立東華大學,034132,電機工程學系半導體工程組,願景計畫,--,無,正取
034,國立東華大學,034142,材料科學與工程學系,招生,--,無,備19
034,國立東華大學,034142,材料科學與工程學系,原住民,--,無,無
034,國立東華大學,034142,材料科學與工程學系,願景計畫,--,無,無
034,國立東華大學,034152,光電工程學系,招生,--,無,備10
034,國立東華大學,034152,光電工程學系,原住民,--,無,無
034,國立東華大學,034152,光電工程學系,願景計畫,--,無,無
034,國立東華大學,034162,理工學院大數據科學國際學士班,招生,--,無,正取
034,國立東華大學,034172,企業管理學系,招生,--,無,備11
034,國立東華大學,034172,企業管理學系,原住民,--,無,正取
034,國立東華大學,034172,企業管理學系,願景計畫,--,無,備1
034,國立東華大學,034182,會計學系,招生,--,無,備10
034,國立東華大學,034182,會計學系,原住民,--,無,正取
034,國立東華大學,034192,資訊管理學系人工智慧與大數據組,招生,--,無,備9
034,國立東華大學,034192,資訊管理學系人工智慧與大數據組,原住民,--,無,無
034,國立東華大學,034192,資訊管理學系人工智慧與大數據組,願景計畫,--,無,無
034,國立東華大學,034202,資訊管理學系智慧商務與知識管理組,招生,--,無,備23
034,國立東華大學,034202,資訊管理學系智慧商務與知識管理組,原住民,--,無,無
034,國立東華大學,034202,資訊管理學系智慧商務與知識管理組,願景計畫,--,無,正取
034,國立東華大學,034212,資訊管理學系(資安組),招生,--,無,正取
034,國立東華大學,034222,國際企業學系,招生,--,無,備10
034,國立東華大學,034222,國際企業學系,原住民,--,無,無
034,國立東華大學,034222,國際企業學系,願景計畫,--,無,正取
034,國立東華大學,034232,財務金融學系,招生,--,無,備8
034,國立東華大學,034232,財務金融學系,願景計畫,--,無,正取
034,國立東華大學,034242,觀光暨休閒遊憩學系,招生,--,無,備8
034,國立東華大學,034242,觀光暨休閒遊憩學系,原住民,--,無,備1
034,國立東華大學,034252,管理學院管理科學與財金國際學士學位學程,招生,--,無,備2
034,國立東華大學,034262,管理學院會計與資訊管理國際學士班智慧會計與風險管理組,招生,--,無,正取
034,國立東華大學,034272,管理學院會計與資訊管理國際學士班會計資訊與電腦稽核組,招生,--,無,備9
034,國立東華大學,034282,管理學院數位行銷與服務創新國際學士班,招生,--,無,無
034,國立東華大學,034292,華文文學系,招生,--,無,備16
034,國立東華大學,034292,華文文學系,原住民,--,無,無
034,國立東華大學,034302,中國語文學系,招生,--,無,備8
034,國立東華大學,034302,中國語文學系,原住民,--,無,備1
034,國立東華大學,034312,英美語文學系,招生,--,無,備6
034,國立東華大學,034312,英美語文學系,原住民,--,無,正取
034,國立東華大學,034322,英美語文學系(公費生),招生,--,無,備1
034,國立東華大學,034332,臺灣文化學系,招生,--,無,備15
034,國立東華大學,034332,臺灣文化學系,原住民,--,無,無
034,國立東華大學,034342,歷史學系,招生,--,無,備23
034,國立東華大學,034342,歷史學系,原住民,--,無,備3
034,國立東華大學,034352,經濟學系,招生,--,無,備7
034,國立東華大學,034352,經濟學系,原住民,--,無,正取
034,國立東華大學,034362,諮商與臨床心理學系,招生,--,無,備21
034,國立東華大學,034372,社會學系,招生,--,無,備13
034,國立東華大學,034372,社會學系,原住民,--,無,無
034,國立東華大學,034382,公共行政學系,招生,--,無,備6
034,國立東華大學,034382,公共行政學系,原住民,--,無,備1
034,國立東華大學,034392,法律學系,招生,--,無,備10
034,國立東華大學,034392,法律學系,原住民,--,無,無
034,國立東華大學,034402,教育與潛能開發學系,招生,--,無,備8
034,國立東華大學,034402,教育與潛能開發學系,原住民,--,無,備2
034,國立東華大學,034402,教育與潛能開發學系,離島(金門縣),--,無,備2
034,國立東華大學,034412,教育行政與管理學系,招生,--,無,備16
034,國立東華大學,034422,特殊教育學系,招生,--,無,備21
034,國立東華大學,034422,特殊教育學系,原住民,--,無,備2
034,國立東華大學,034432,幼兒教育學系,招生,--,無,備17
034,國立東華大學,034432,幼兒教育學系,原住民,--,無,備3
034,國立東華大學,034442,族群關係與文化學系,招生,--,無,正取
034,國立東華大學,034442,族群關係與文化學系,原住民,--,無,正取
034,國立東華大學,034452,民族語言與傳播學系,招生,--,無,正取
034,國立東華大學,034452,民族語言與傳播學系,原住民,--,無,備1
034,國立東華大學,034462,民族發展與社會工作學系民族發展組,招生,--,無,正取
034,國立東華大學,034462,民族發展與社會工作學系民族發展組,原住民,--,無,無
034,國立東華大學,034472,民族發展與社會工作學系社會工作組,招生,--,無,備8
034,國立東華大學,034472,民族發展與社會工作學系社會工作組,原住民,--,無,正取
034,國立東華大學,034482,原住民族樂舞與藝術學士學位學程,招生,--,無,無
034,國立東華大學,034482,原住民族樂舞與藝術學士學位學程,原住民,--,無,無
034,國立東華大學,034492,自然資源與環境學系,招生,--,無,備24
034,國立東華大學,034492,自然資源與環境學系,願景計畫,--,無,無
034,國立東華大學,034502,縱谷跨域書院學士學位學程,招生,--,無,備15
034,國立東華大學,034502,縱谷跨域書院學士學位學程,原住民,--,無,無
034,國立東華大學,034502,縱谷跨域書院學士學位學程,願景計畫,--,無,正取
034,國立東華大學,034512,音樂學系甲組,招生,鋼琴,無,無
034,國立東華大學,034522,音樂學系乙組,招生,--,無,備8
034,國立東華大學,034522,音樂學系乙組,原住民,--,無,無
034,國立東華大學,034532,藝術與設計學系,招生,--,無,備44
034,國立東華大學,034532,藝術與設計學系,原住民,--,無,無
034,國立東華大學,034542,藝術創意產業學系,招生,--,無,備40
034,國立東華大學,034542,藝術創意產業學系,原住民,--,無,正取
034,國立東華大學,034552,體育與運動科學系,招生,--,無,備17
034,國立東華大學,034552,體育與運動科學系,原住民,--,無,無
035,臺北市立大學,035012,教育學系,招生,--,無,備27
035,臺北市立大學,035012,教育學系,原住民,--,無,備1
035,臺北市立大學,035022,特殊教育學系,招生,--,無,備17
035,臺北市立大學,035032,幼兒教育學系,招生,--,無,備35
035,臺北市立大學,035032,幼兒教育學系,原住民,--,無,備5
035,臺北市立大學,035042,心理與諮商學系,招生,--,無,備14
035,臺北市立大學,035042,心理與諮商學系,原住民,--,無,備2
035,臺北市立大學,035052,學習與媒材設計學系,招生,--,無,備18
035,臺北市立大學,035052,學習與媒材設計學系,原住民,--,無,無
035,臺北市立大學,035062,中國語文學系,招生,--,無,備11
035,臺北市立大學,035072,英語教學系,招生,--,無,備18
035,臺北市立大學,035072,英語教學系,原住民,--,無,無
035,臺北市立大學,035082,社會暨公共事務學系,招生,--,無,備5
035,臺北市立大學,035082,社會暨公共事務學系,原住民,--,無,備1
035,臺北市立大學,035092,歷史與地理學系,招生,--,無,備5
035,臺北市立大學,035092,歷史與地理學系,原住民,--,無,無
035,臺北市立大學,035102,地球環境暨生物資源學系,招生,--,無,備19
035,臺北市立大學,035102,地球環境暨生物資源學系,原住民,--,無,無
035,臺北市立大學,035112,應用物理暨化學系電子物理組,招生,--,無,備16
035,臺北市立大學,035122,應用物理暨化學系應用化學組,招生,--,無,備12
035,臺北市立大學,035132,數學系,招生,--,無,備11
035,臺北市立大學,035142,資訊科學系,招生,--,無,備27
035,臺北市立大學,035142,資訊科學系,原住民,--,無,無
035,臺北市立大學,035152,資訊科學系(APCS組),招生,--,無,正取
035,臺北市立大學,035162,資訊科學系(資安組),招生,--,無,正取
035,臺北市立大學,035172,城市發展學系,招生,--,無,備6
035,臺北市立大學,035172,城市發展學系,原住民,--,無,無
035,臺北市立大學,035172,城市發展學系,離島(澎湖縣),--,無,無
035,臺北市立大學,035182,都會產業經營與行銷學系,招生,--,無,備13
035,臺北市立大學,035182,都會產業經營與行銷學系,原住民,--,無,正取
035,臺北市立大學,035192,衛生福利學系,招生,--,無,備8
035,臺北市立大學,035192,衛生福利學系,原住民,--,無,無
035,臺北市立大學,035202,音樂學系,招生,鋼琴,無,備31
035,臺北市立大學,035202,音樂學系,招生,聲樂,無,備27
035,臺北市立大學,035202,音樂學系,招生,小提琴,無,備16
035,臺北市立大學,035202,音樂學系,招生,中提琴,無,備6
035,臺北市立大學,035202,音樂學系,招生,大提琴,無,備2
035,臺北市立大學,035202,音樂學系,招生,低音提琴,無,備1
035,臺北市立大學,035202,音樂學系,招生,長號,無,備4
035,臺北市立大學,035202,音樂學系,招生,小號,無,備2
035,臺北市立大學,035202,音樂學系,招生,法國號,無,備2
035,臺北市立大學,035202,音樂學系,招生,薩克斯管,無,備2
035,臺北市立大學,035202,音樂學系,招生,長笛,無,備4
035,臺北市立大學,035202,音樂學系,招生,單簧管(豎笛),無,備2
035,臺北市立大學,035202,音樂學系,招生,雙簧管,無,正取
035,臺北市立大學,035202,音樂學系,招生,低音管,無,備2
035,臺北市立大學,035202,音樂學系,招生,擊樂,無,備7
035,臺北市立大學,035202,音樂學系,招生,理論作曲,無,備14
035,臺北市立大學,035202,音樂學系,原住民,--,無,備1
035,臺北市立大學,035202,音樂學系,離島(金門縣),--,無,正取
035,臺北市立大學,035212,視覺藝術學系,招生,--,無,備24
035,臺北市立大學,035212,視覺藝術學系,原住民,--,無,無
035,臺北市立大學,035222,體育學系,招生,--,無,備16
035,臺北市立大學,035222,體育學系,原住民,--,無,備3
035,臺北市立大學,035232,休閒運動管理學系,招生,--,無,備22
035,臺北市立大學,035232,休閒運動管理學系,原住民,--,無,備3
035,臺北市立大學,035242,運動健康科學系,招生,--,無,備24
035,臺北市立大學,035242,運動健康科學系,原住民,--,無,備2
036,國立屏東大學,036012,教育學系,招生,--,無,備39
036,國立屏東大學,036012,教育學系,原住民,--,無,備8
036,國立屏東大學,036022,幼兒教育學系,招生,--,無,備35
036,國立屏東大學,036022,幼兒教育學系,原住民,--,無,無
036,國立屏東大學,036032,特殊教育學系人社組,招生,--,無,備13
036,國立屏東大學,036032,特殊教育學系人社組,原住民,--,無,備6
036,國立屏東大學,036042,特殊教育學系科技組,招生,--,無,正取
036,國立屏東大學,036052,教育心理與輔導學系,招生,--,無,備14
036,國立屏東大學,036052,教育心理與輔導學系,原住民,--,無,備1
036,國立屏東大學,036062,中國語文學系,招生,--,無,備17
036,國立屏東大學,036062,中國語文學系,原住民,--,無,無
036,國立屏東大學,036072,文化創意產業學系,招生,--,無,備23
036,國立屏東大學,036072,文化創意產業學系,原住民,--,無,無
036,國立屏東大學,036082,社會發展學系,招生,--,無,備10
036,國立屏東大學,036082,社會發展學系,原住民,--,無,正取
036,國立屏東大學,036092,英語學系,招生,--,無,備6
036,國立屏東大學,036092,英語學系,原住民,--,無,無
036,國立屏東大學,036102,應用英語學系,招生,--,無,備19
036,國立屏東大學,036102,應用英語學系,原住民,--,無,正取
036,國立屏東大學,036112,應用日語學系,招生,--,無,備17
036,國立屏東大學,036112,應用日語學系,原住民,--,無,備1
036,國立屏東大學,036122,視覺藝術學系數位媒體設計組,招生,--,無,備25
036,國立屏東大學,036122,視覺藝術學系數位媒體設計組,原住民,--,無,無
036,國立屏東大學,036132,商業大數據學系,招生,--,無,備29
036,國立屏東大學,036132,商業大數據學系,原住民,--,無,正取
036,國立屏東大學,036132,商業大數據學系,願景計畫,--,無,正取
036,國立屏東大學,036142,行銷與流通管理學系,招生,--,無,備7
036,國立屏東大學,036142,行銷與流通管理學系,原住民,--,無,備2
036,國立屏東大學,036142,行銷與流通管理學系,願景計畫,--,無,備3
036,國立屏東大學,036152,企業管理學系,招生,--,無,備13
036,國立屏東大學,036152,企業管理學系,原住民,--,無,備1
036,國立屏東大學,036152,企業管理學系,願景計畫,--,無,備15
036,國立屏東大學,036162,財務金融學系,招生,--,無,正取
036,國立屏東大學,036162,財務金融學系,願景計畫,--,無,備4
036,國立屏東大學,036172,休閒事業經營學系,招生,--,無,備14
036,國立屏東大學,036182,不動產經營學系,招生,--,無,備18
036,國立屏東大學,036182,不動產經營學系,原住民,--,無,無
036,國立屏東大學,036182,不動產經營學系,離島(澎湖縣),--,無,無
036,國立屏東大學,036192,國際經營與貿易學系,招生,--,無,備13
036,國立屏東大學,036192,國際經營與貿易學系,原住民,--,無,正取
036,國立屏東大學,036202,會計學系,招生,--,無,備18
036,國立屏東大學,036202,會計學系,原住民,--,無,正取
036,國立屏東大學,036212,應用化學系,招生,--,無,備35
036,國立屏東大學,036212,應用化學系,原住民,--,無,無
036,國立屏東大學,036212,應用化學系,願景計畫,--,無,備4
036,國立屏東大學,036222,應用數學系,招生,--,無,備31
036,國立屏東大學,036222,應用數學系,原住民,--,無,無
036,國立屏東大學,036232,應用物理系半導體組,招生,--,無,備22
036,國立屏東大學,036232,應用物理系半導體組,原住民,--,無,正取
036,國立屏東大學,036242,應用物理系光電暨材料組,招生,--,無,備27
036,國立屏東大學,036242,應用物理系光電暨材料組,原住民,--,無,無
036,國立屏東大學,036252,科學傳播學系,招生,--,無,備10
036,國立屏東大學,036252,科學傳播學系,原住民,--,無,正取
036,國立屏東大學,036262,電腦科學與人工智慧學系,招生,--,無,備29
036,國立屏東大學,036262,電腦科學與人工智慧學系,願景計畫,--,無,正取
036,國立屏東大學,036272,智慧機器人學系,招生,--,無,備15
036,國立屏東大學,036272,智慧機器人學系,願景計畫,--,無,正取
036,國立屏東大學,036282,資訊工程學系,招生,--,無,備13
036,國立屏東大學,036282,資訊工程學系,原住民,--,無,無
036,國立屏東大學,036282,資訊工程學系,願景計畫,--,無,正取
036,國立屏東大學,036292,電腦與通訊學系,招生,--,無,備26
036,國立屏東大學,036292,電腦與通訊學系,願景計畫,--,無,正取
036,國立屏東大學,036302,資訊管理學系,招生,--,無,備12
036,國立屏東大學,036302,資訊管理學系,原住民,--,無,無
036,國立屏東大學,036302,資訊管理學系,願景計畫,--,無,無
036,國立屏東大學,036312,音樂學系A組,招生,鋼琴,無,備1
036,國立屏東大學,036312,音樂學系A組,招生,小提琴,無,備2
036,國立屏東大學,036312,音樂學系A組,招生,中提琴,無,無
036,國立屏東大學,036312,音樂學系A組,招生,大提琴,無,備3
036,國立屏東大學,036312,音樂學系A組,招生,長號,無,正取
036,國立屏東大學,036312,音樂學系A組,招生,薩克斯管,無,無
036,國立屏東大學,036312,音樂學系A組,招生,長笛,無,備1
036,國立屏東大學,036312,音樂學系A組,招生,單簧管(豎笛),無,無
036,國立屏東大學,036312,音樂學系A組,招生,理論作曲,無,無
036,國立屏東大學,036312,音樂學系A組,原住民,--,無,正取
036,國立屏東大學,036322,音樂學系B組,招生,--,無,備15
036,國立屏東大學,036322,音樂學系B組,原住民,--,無,無
036,國立屏東大學,036332,視覺藝術學系美術組,招生,--,無,備40
036,國立屏東大學,036332,視覺藝術學系美術組,原住民,--,無,備1
036,國立屏東大學,036342,體育學系,招生,--,無,備26
038,國立臺東大學,038012,全校不分系學士學位學程,招生,--,無,備7
038,國立臺東大學,038012,全校不分系學士學位學程,原住民,--,無,無
038,國立臺東大學,038012,全校不分系學士學位學程,願景計畫,--,無,正取
038,國立臺東大學,038022,教育學系,招生,--,無,備23
038,國立臺東大學,038022,教育學系,原住民,--,無,備2
038,國立臺東大學,038032,教育學系(公費生),招生,--,無,正取
038,國立臺東大學,038042,幼兒教育學系,招生,--,無,備15
038,國立臺東大學,038042,幼兒教育學系,原住民,--,無,正取
038,國立臺東大學,038042,幼兒教育學系,願景計畫,--,無,正取
038,國立臺東大學,038052,特殊教育學系,招生,--,無,備26
038,國立臺東大學,038052,特殊教育學系,原住民,--,無,備4
038,國立臺東大學,038062,文化資源與休閒產業學系,招生,--,無,備21
038,國立臺東大學,038062,文化資源與休閒產業學系,原住民,--,無,正取
038,國立臺東大學,038072,數位媒體與文教產業學系,招生,--,無,備19
038,國立臺東大學,038072,數位媒體與文教產業學系,原住民,--,無,正取
038,國立臺東大學,038082,公共與文化事務學系,招生,--,無,備6
038,國立臺東大學,038082,公共與文化事務學系,原住民,--,無,正取
038,國立臺東大學,038082,公共與文化事務學系,願景計畫,--,無,無
038,國立臺東大學,038092,身心整合與運動休閒產業學系,招生,--,無,備4
038,國立臺東大學,038092,身心整合與運動休閒產業學系,原住民,--,無,正取
038,國立臺東大學,038102,英美語文學系,招生,--,無,備5
038,國立臺東大學,038102,英美語文學系,原住民,--,無,正取
038,國立臺東大學,038102,英美語文學系,願景計畫,--,無,無
038,國立臺東大學,038112,英美語文學系(公費生),招生,--,無,備1
038,國立臺東大學,038122,華語文學系,招生,--,無,備10
038,國立臺東大學,038122,華語文學系,原住民,--,無,無
038,國立臺東大學,038122,華語文學系,願景計畫,--,無,無
038,國立臺東大學,038132,生命科學系,招生,--,無,備31
038,國立臺東大學,038132,生命科學系,原住民,--,無,正取
038,國立臺東大學,038132,生命科學系,願景計畫,--,無,無
038,國立臺東大學,038142,資訊工程學系,招生,--,無,備48
038,國立臺東大學,038142,資訊工程學系,原住民,--,無,無
038,國立臺東大學,038152,資訊管理學系,招生,--,無,備16
038,國立臺東大學,038152,資訊管理學系,原住民,--,無,無
038,國立臺東大學,038152,資訊管理學系,願景計畫,--,無,正取
038,國立臺東大學,038162,應用數學系,招生,--,無,備14
038,國立臺東大學,038162,應用數學系,原住民,--,無,無
038,國立臺東大學,038162,應用數學系,願景計畫,--,無,無
038,國立臺東大學,038172,應用科學系化學及奈米科學組,招生,--,無,備25
038,國立臺東大學,038172,應用科學系化學及奈米科學組,原住民,--,無,正取
038,國立臺東大學,038172,應用科學系化學及奈米科學組,願景計畫,--,無,正取
038,國立臺東大學,038182,應用科學系應用物理組,招生,--,無,備28
038,國立臺東大學,038182,應用科學系應用物理組,原住民,--,無,備1
038,國立臺東大學,038192,綠能與資訊科技學系,招生,--,無,備15
038,國立臺東大學,038192,綠能與資訊科技學系,原住民,--,無,無
038,國立臺東大學,038202,音樂學系,招生,--,無,備16
038,國立臺東大學,038202,音樂學系,原住民,--,無,備3
038,國立臺東大學,038212,美術產業學系,招生,--,無,備22
038,國立臺東大學,038212,美術產業學系,原住民,--,無,無
038,國立臺東大學,038212,美術產業學系,願景計畫,--,無,無
038,國立臺東大學,038222,體育學系,招生,--,無,備23
038,國立臺東大學,038222,體育學系,原住民,--,無,備1
038,國立臺東大學,038222,體育學系,願景計畫,--,無,備1
038,國立臺東大學,038232,競技與運動科學學系,招生,--,無,備1
039,國立體育大學,039012,適應體育學系(青年儲蓄帳戶組),招生,--,無,無
039,國立體育大學,039022,休閒產業經營學系,招生,--,無,備8
039,國立體育大學,039022,休閒產業經營學系,原住民,--,無,備2
039,國立體育大學,039032,運動保健學系(一般組),招生,--,無,備21
039,國立體育大學,039032,運動保健學系(一般組),原住民,--,無,備3
039,國立體育大學,039032,運動保健學系(一般組),離島(金門縣),--,無,正取
039,國立體育大學,039042,運動保健學系(體育術科組),招生,--,無,無
039,國立體育大學,039052,體育推廣學系(一般組),招生,--,無,備20
039,國立體育大學,039052,體育推廣學系(一般組),原住民,--,無,備3
039,國立體育大學,039052,體育推廣學系(一般組),離島(臺東縣),--,無,正取
039,國立體育大學,039062,體育推廣學系(拔河組),招生,--,無,正取
039,國立體育大學,039072,體育推廣學系(女子啦啦舞組),招生,--,無,備1
039,國立體育大學,039082,適應體育學系(一般組),招生,--,無,備9
039,國立體育大學,039082,適應體育學系(一般組),原住民,--,無,備2
039,國立體育大學,039082,適應體育學系(一般組),離島(澎湖縣),--,無,正取
039,國立體育大學,039092,適應體育學系(圍棋組),招生,--,無,正取
040,元智大學,040012,護理學系,招生,--,無,備11
040,元智大學,040012,護理學系,原住民,--,無,無
040,元智大學,040022,管理學院學士班(主修：數位行銷與人力資源),招生,--,無,備49
040,元智大學,040022,管理學院學士班(主修：數位行銷與人力資源),原住民,--,無,無
040,元智大學,040032,管理學院學士班(主修：財務金融),招生,--,無,備66
040,元智大學,040032,管理學院學士班(主修：財務金融),原住民,--,無,正取
040,元智大學,040042,管理學院學士班(主修：國際企業管理),招生,--,無,備68
040,元智大學,040042,管理學院學士班(主修：國際企業管理),原住民,--,無,無
040,元智大學,040052,管理學院學士班(主修：會計),招生,--,無,備36
040,元智大學,040052,管理學院學士班(主修：會計),原住民,--,無,無
040,元智大學,040062,管理學院學士班(英語專班),招生,--,無,備19
040,元智大學,040072,應用外語學系,招生,--,無,備34
040,元智大學,040072,應用外語學系,原住民,--,無,無
040,元智大學,040082,中國語文學系,招生,--,無,備22
040,元智大學,040092,社會暨政策科學學系,招生,--,無,備26
040,元智大學,040102,人文社會學院英語學士班,招生,--,無,正取
040,元智大學,040112,資訊管理學系,招生,--,無,備86
040,元智大學,040112,資訊管理學系,原住民,--,無,備3
040,元智大學,040122,資訊傳播學系科技組,招生,--,無,備23
040,元智大學,040122,資訊傳播學系科技組,原住民,--,無,無
040,元智大學,040132,資訊傳播學系設計組（創作組）,招生,--,無,備19
040,元智大學,040132,資訊傳播學系設計組（創作組）,原住民,--,無,無
040,元智大學,040142,資訊工程學系,招生,--,無,備99
040,元智大學,040142,資訊工程學系,原住民,--,無,備3
040,元智大學,040152,資訊工程學系(APCS組),招生,--,無,備4
040,元智大學,040162,資訊學院英語學士班,招生,--,無,備20
040,元智大學,040162,資訊學院英語學士班,原住民,--,無,無
040,元智大學,040172,機械工程學系,招生,--,無,備68
040,元智大學,040172,機械工程學系,原住民,--,無,正取
040,元智大學,040182,化學工程與材料科學學系,招生,--,無,備87
040,元智大學,040182,化學工程與材料科學學系,原住民,--,無,無
040,元智大學,040192,工業工程與管理學系,招生,--,無,備62
040,元智大學,040192,工業工程與管理學系,原住民,--,無,正取
040,元智大學,040202,工程學院英語學士班,招生,--,無,備16
040,元智大學,040202,工程學院英語學士班,原住民,--,無,無
040,元智大學,040212,電機工程學系(甲組),招生,--,無,備101
040,元智大學,040212,電機工程學系(甲組),原住民,--,無,備2
040,元智大學,040222,電機工程學系(甲組)(APCS組),招生,--,無,正取
040,元智大學,040232,電機工程學系(乙組),招生,--,無,備59
040,元智大學,040242,電機工程學系(丙組),招生,--,無,備57
040,元智大學,040242,電機工程學系(丙組),原住民,--,無,無
040,元智大學,040252,電機通訊學院英語學士班,招生,--,無,備11
040,元智大學,040252,電機通訊學院英語學士班,原住民,--,無,無
040,元智大學,040262,藝術與設計學系,招生,--,無,備44
040,元智大學,040262,藝術與設計學系,原住民,--,無,正取
040,元智大學,040272,資訊傳播學系設計組（美術組）,招生,--,無,備3
041,國立中正大學,041012,中國文學系,招生,--,無,備9
041,國立中正大學,041012,中國文學系,原住民,--,無,無
041,國立中正大學,041022,外國語文學系,招生,--,無,備21
041,國立中正大學,041022,外國語文學系,原住民,--,無,無
041,國立中正大學,041032,歷史學系,招生,--,無,備18
041,國立中正大學,041032,歷史學系,原住民,--,無,備1
041,國立中正大學,041042,哲學系,招生,--,無,備9
041,國立中正大學,041042,哲學系,原住民,--,無,無
041,國立中正大學,041052,數學系,招生,--,無,備14
041,國立中正大學,041052,數學系,原住民,--,無,無
041,國立中正大學,041062,地球與環境科學系,招生,--,無,備35
041,國立中正大學,041062,地球與環境科學系,原住民,--,無,正取
041,國立中正大學,041072,物理學系,招生,--,無,備33
041,國立中正大學,041072,物理學系,原住民,--,無,無
041,國立中正大學,041082,化學暨生物化學系,招生,--,無,備15
041,國立中正大學,041082,化學暨生物化學系,原住民,--,無,無
041,國立中正大學,041092,生物醫學科學系,招生,--,無,備18
041,國立中正大學,041092,生物醫學科學系,原住民,--,無,無
041,國立中正大學,041102,社會福利學系,招生,--,無,備26
041,國立中正大學,041102,社會福利學系,原住民,--,無,備2
041,國立中正大學,041112,心理學系,招生,--,無,備28
041,國立中正大學,041112,心理學系,原住民,--,無,正取
041,國立中正大學,041122,勞工關係學系,招生,--,無,備2
041,國立中正大學,041122,勞工關係學系,原住民,--,無,無
041,國立中正大學,041132,政治學系,招生,--,無,備10
041,國立中正大學,041132,政治學系,原住民,--,無,正取
041,國立中正大學,041142,傳播學系,招生,--,無,備18
041,國立中正大學,041142,傳播學系,原住民,--,無,備2
041,國立中正大學,041152,資訊工程學系,招生,--,無,備84
041,國立中正大學,041152,資訊工程學系,原住民,--,無,備1
041,國立中正大學,041162,電機工程學系,招生,--,無,備90
041,國立中正大學,041162,電機工程學系,原住民,--,無,備1
041,國立中正大學,041172,機械工程學系機械工程組,招生,--,無,備42
041,國立中正大學,041172,機械工程學系機械工程組,原住民,--,無,正取
041,國立中正大學,041182,機械工程學系光機電整合工程組,招生,--,無,備41
041,國立中正大學,041182,機械工程學系光機電整合工程組,原住民,--,無,無
041,國立中正大學,041192,化學工程學系,招生,--,無,備28
041,國立中正大學,041192,化學工程學系,原住民,--,無,無
041,國立中正大學,041202,通訊工程學系,招生,--,無,備39
041,國立中正大學,041202,通訊工程學系,原住民,--,無,正取
041,國立中正大學,041212,經濟學系,招生,--,無,備30
041,國立中正大學,041212,經濟學系,原住民,--,無,正取
041,國立中正大學,041222,財務金融學系,招生,--,無,備34
041,國立中正大學,041222,財務金融學系,原住民,--,無,無
041,國立中正大學,041232,企業管理學系,招生,--,無,備32
041,國立中正大學,041232,企業管理學系,原住民,--,無,無
041,國立中正大學,041242,會計與資訊科技學系,招生,--,無,備10
041,國立中正大學,041242,會計與資訊科技學系,原住民,--,無,無
041,國立中正大學,041252,資訊管理學系,招生,--,無,備17
041,國立中正大學,041252,資訊管理學系,原住民,--,無,正取
041,國立中正大學,041262,資訊管理學系(APCS組),招生,--,無,正取
041,國立中正大學,041272,法律學系法學組,招生,--,無,備9
041,國立中正大學,041272,法律學系法學組,原住民,--,無,備2
041,國立中正大學,041272,法律學系法學組,離島(屏東縣),--,無,正取
041,國立中正大學,041282,法律學系法制組,招生,--,無,備24
041,國立中正大學,041282,法律學系法制組,原住民,--,無,備2
041,國立中正大學,041292,財經法律學系,招生,--,無,備12
041,國立中正大學,041292,財經法律學系,原住民,--,無,無
041,國立中正大學,041292,財經法律學系,離島(連江縣),--,無,無
041,國立中正大學,041302,成人及繼續教育學系,招生,--,無,備13
041,國立中正大學,041302,成人及繼續教育學系,原住民,--,無,無
041,國立中正大學,041312,犯罪防治學系,招生,--,無,備12
041,國立中正大學,041312,犯罪防治學系,原住民,--,無,正取
041,國立中正大學,041312,犯罪防治學系,離島(連江縣),--,無,正取
041,國立中正大學,041322,紫荊不分系學士學位學程,招生,--,無,備25
041,國立中正大學,041322,紫荊不分系學士學位學程,原住民,--,無,無
041,國立中正大學,041332,嘉星招生甲組(工),招生,--,無,備11
041,國立中正大學,041342,嘉星招生乙組(管),招生,--,無,備13
041,國立中正大學,041352,嘉星招生丙組(法),招生,--,無,備4
041,國立中正大學,041362,嘉星招生丁組(文),招生,--,無,備12
041,國立中正大學,041372,嘉星招生戊組(理),招生,--,無,備12
041,國立中正大學,041382,嘉星招生己組(社),招生,--,無,備3
041,國立中正大學,041392,嘉星招生庚組(教),招生,--,無,備2
041,國立中正大學,041402,嘉星招生辛組(心),招生,--,無,無
042,大葉大學,042012,機械與自動化工程學系(車輛科技與綠色能源組),招生,--,無,備2
042,大葉大學,042012,機械與自動化工程學系(車輛科技與綠色能源組),原住民,--,無,無
042,大葉大學,042022,機械與自動化工程學系(智慧機械與系統設計組),招生,--,無,正取
042,大葉大學,042022,機械與自動化工程學系(智慧機械與系統設計組),原住民,--,無,無
042,大葉大學,042032,機械與自動化工程學系(機電整合與自動化組),招生,--,無,備6
042,大葉大學,042032,機械與自動化工程學系(機電整合與自動化組),原住民,--,無,無
042,大葉大學,042042,電機工程學系(半導體組),招生,--,無,正取
042,大葉大學,042042,電機工程學系(半導體組),原住民,--,無,無
042,大葉大學,042052,電機工程學系(智慧系統組),招生,--,無,備2
042,大葉大學,042052,電機工程學系(智慧系統組),原住民,--,無,無
042,大葉大學,042062,資訊工程學系(資訊工程組),招生,--,無,正取
042,大葉大學,042062,資訊工程學系(資訊工程組),原住民,--,無,無
042,大葉大學,042072,資訊工程學系(資訊應用組),招生,--,無,正取
042,大葉大學,042072,資訊工程學系(資訊應用組),原住民,--,無,無
042,大葉大學,042082,環境工程學系,招生,--,無,正取
042,大葉大學,042082,環境工程學系,原住民,--,無,無
042,大葉大學,042092,消防安全學士學位學程,招生,--,無,正取
042,大葉大學,042092,消防安全學士學位學程,原住民,--,無,無
042,大葉大學,042102,企業管理學系(經營管理組),招生,--,無,備6
042,大葉大學,042112,企業管理學系(數位行銷組),招生,--,無,無
042,大葉大學,042112,企業管理學系(數位行銷組),原住民,--,無,無
042,大葉大學,042122,會計與資訊管理學系(人工智慧商業應用組),招生,--,無,無
042,大葉大學,042132,會計與資訊管理學系(人工智慧科技管理組),招生,--,無,正取
042,大葉大學,042132,會計與資訊管理學系(人工智慧科技管理組),原住民,--,無,無
042,大葉大學,042142,會計與資訊管理學系(會計管理組),招生,--,無,正取
042,大葉大學,042142,會計與資訊管理學系(會計管理組),原住民,--,無,無
042,大葉大學,042152,會計與資訊管理學系(投資理財組),招生,--,無,正取
042,大葉大學,042152,會計與資訊管理學系(投資理財組),原住民,--,無,無
042,大葉大學,042162,財務金融學系(銀行專業組),招生,--,無,備4
042,大葉大學,042172,財務金融學系(智慧投資組),招生,--,無,正取
042,大葉大學,042172,財務金融學系(智慧投資組),原住民,--,無,無
042,大葉大學,042182,財務金融學系(公司財務組),招生,--,無,備11
042,大葉大學,042192,英語學系,招生,--,無,備1
042,大葉大學,042202,應用日語學系(語文翻譯組),招生,--,無,正取
042,大葉大學,042202,應用日語學系(語文翻譯組),原住民,--,無,無
042,大葉大學,042212,應用日語學系(企業應用組),招生,--,無,正取
042,大葉大學,042212,應用日語學系(企業應用組),原住民,--,無,無
042,大葉大學,042222,應用日語學系(商務觀光組),招生,--,無,備2
042,大葉大學,042222,應用日語學系(商務觀光組),原住民,--,無,無
042,大葉大學,042232,生物醫學系(生物醫藥組),招生,--,無,正取
042,大葉大學,042232,生物醫學系(生物醫藥組),原住民,--,無,無
042,大葉大學,042242,生物醫學系(檢驗醫學組),招生,--,無,正取
042,大葉大學,042242,生物醫學系(檢驗醫學組),原住民,--,無,無
042,大葉大學,042252,藥用植物與食品保健學系(中藥保健組),招生,--,無,正取
042,大葉大學,042252,藥用植物與食品保健學系(中藥保健組),原住民,--,無,無
042,大葉大學,042262,藥用植物與食品保健學系(食品科學組),招生,--,無,正取
042,大葉大學,042262,藥用植物與食品保健學系(食品科學組),原住民,--,無,無
042,大葉大學,042272,觀光休閒學系(觀光旅遊組),招生,--,無,備1
042,大葉大學,042272,觀光休閒學系(觀光旅遊組),原住民,--,無,無
042,大葉大學,042282,觀光休閒學系(休閒遊憩組),招生,--,無,正取
042,大葉大學,042292,餐旅管理學系,招生,--,無,正取
042,大葉大學,042292,餐旅管理學系,原住民,--,無,無
042,大葉大學,042302,烘焙暨飲料調製學士學位學程,招生,--,無,正取
042,大葉大學,042312,護理學系(國際組),招生,--,無,備11
042,大葉大學,042312,護理學系(國際組),原住民,--,無,無
042,大葉大學,042322,護理學系(臨床組),招生,--,無,正取
042,大葉大學,042322,護理學系(臨床組),原住民,--,無,無
042,大葉大學,042332,視光學系(國際組),招生,--,無,正取
042,大葉大學,042342,視光學系(臨床組),招生,--,無,備2
042,大葉大學,042342,視光學系(臨床組),原住民,--,無,無
042,大葉大學,042352,醫學工程學系,招生,--,無,正取
042,大葉大學,042352,醫學工程學系,原住民,--,無,無
042,大葉大學,042362,醫學工程學系(智慧醫療組),招生,--,無,正取
042,大葉大學,042372,職能治療學系(A組),招生,--,無,備10
042,大葉大學,042372,職能治療學系(A組),原住民,--,無,正取
042,大葉大學,042382,職能治療學系(B組),招生,--,無,正取
042,大葉大學,042382,職能治療學系(B組),原住民,--,無,無
042,大葉大學,042392,設計學系,招生,--,無,正取
042,大葉大學,042392,設計學系,原住民,--,無,無
042,大葉大學,042402,傳播藝術學士學位學程,招生,--,無,無
042,大葉大學,042402,傳播藝術學士學位學程,原住民,--,無,無
042,大葉大學,042412,造形藝術學系(工藝文創組),招生,--,無,備1
042,大葉大學,042412,造形藝術學系(工藝文創組),原住民,--,無,無
042,大葉大學,042422,造形藝術學系(藝術創作組),招生,--,無,正取
042,大葉大學,042422,造形藝術學系(藝術創作組),原住民,--,無,無
042,大葉大學,042432,多媒體數位內容學士學位學程(動畫與影視特效組),招生,--,無,備17
042,大葉大學,042442,多媒體數位內容學士學位學程(遊戲與互動設計組),招生,--,無,備9
042,大葉大學,042442,多媒體數位內容學士學位學程(遊戲與互動設計組),原住民,--,無,無
042,大葉大學,042452,多媒體數位內容學士學位學程(動漫美術與模型製作組),招生,--,無,備6
042,大葉大學,042452,多媒體數位內容學士學位學程(動漫美術與模型製作組),原住民,--,無,無
042,大葉大學,042462,多媒體數位內容學士學位學程(漫畫創作組),招生,--,無,正取
042,大葉大學,042462,多媒體數位內容學士學位學程(漫畫創作組),原住民,--,無,無
042,大葉大學,042472,空間設計學系建築組,招生,--,無,正取
042,大葉大學,042472,空間設計學系建築組,原住民,--,無,無
042,大葉大學,042482,空間設計學系室內設計組,招生,--,無,備17
042,大葉大學,042482,空間設計學系室內設計組,原住民,--,無,無
042,大葉大學,042492,運動健康管理學系,招生,--,無,備14
042,大葉大學,042492,運動健康管理學系,原住民,--,無,無
043,中華大學,043012,電機工程學系,招生,--,無,備23
043,中華大學,043012,電機工程學系,原住民,--,無,正取
043,中華大學,043022,資訊工程學系(資訊工程組),招生,--,無,備4
043,中華大學,043022,資訊工程學系(資訊工程組),原住民,--,無,無
043,中華大學,043032,資訊工程學系(資訊應用組),招生,--,無,備7
043,中華大學,043032,資訊工程學系(資訊應用組),原住民,--,無,無
043,中華大學,043042,光電與材料工程學系（人工智慧應用組）,招生,--,無,備9
043,中華大學,043042,光電與材料工程學系（人工智慧應用組）,原住民,--,無,無
043,中華大學,043052,光電與材料工程學系（生醫光電組）,招生,--,無,備2
043,中華大學,043052,光電與材料工程學系（生醫光電組）,原住民,--,無,無
043,中華大學,043062,光電與材料工程學系（半導體組）,招生,--,無,正取
043,中華大學,043062,光電與材料工程學系（半導體組）,原住民,--,無,無
043,中華大學,043072,工業管理學系（半導體產業組）,招生,--,無,正取
043,中華大學,043072,工業管理學系（半導體產業組）,原住民,--,無,無
043,中華大學,043082,工業管理學系（智能應用組）,招生,--,無,正取
043,中華大學,043082,工業管理學系（智能應用組）,原住民,--,無,無
043,中華大學,043092,資訊管理學系（資訊系統設計組）,招生,--,無,備9
043,中華大學,043102,資訊管理學系（資訊管理應用組）,招生,--,無,正取
043,中華大學,043102,資訊管理學系（資訊管理應用組）,原住民,--,無,無
043,中華大學,043112,資訊管理學系（智慧商務組）,招生,--,無,正取
043,中華大學,043112,資訊管理學系（智慧商務組）,原住民,--,無,無
043,中華大學,043122,資訊管理學系（人工智慧與大數據應用組）,招生,--,無,備12
043,中華大學,043132,企業管理學系企業管理組,招生,--,無,備3
043,中華大學,043132,企業管理學系企業管理組,原住民,--,無,無
043,中華大學,043142,企業管理學系智慧運輸與物流組,招生,--,無,正取
043,中華大學,043142,企業管理學系智慧運輸與物流組,原住民,--,無,無
043,中華大學,043152,財務管理學系財務金融管理組,招生,--,無,正取
043,中華大學,043152,財務管理學系財務金融管理組,原住民,--,無,無
043,中華大學,043162,財務管理學系金融資訊管理組,招生,--,無,正取
043,中華大學,043162,財務管理學系金融資訊管理組,原住民,--,無,無
043,中華大學,043172,財務管理學系會計資訊與稅務組,招生,--,無,正取
043,中華大學,043172,財務管理學系會計資訊與稅務組,原住民,--,無,無
043,中華大學,043182,建築與都市計畫學系（第一類組）,招生,--,無,備3
043,中華大學,043182,建築與都市計畫學系（第一類組）,原住民,--,無,無
043,中華大學,043192,建築與都市計畫學系（第二類組）,招生,--,無,備2
043,中華大學,043192,建築與都市計畫學系（第二類組）,原住民,--,無,無
043,中華大學,043202,土木工程學系,招生,--,無,正取
043,中華大學,043202,土木工程學系,原住民,--,無,無
043,中華大學,043212,應用日語學系（商務觀光組）,招生,--,無,正取
043,中華大學,043212,應用日語學系（商務觀光組）,原住民,--,無,無
043,中華大學,043222,應用日語學系（語文翻譯組）,招生,--,無,正取
043,中華大學,043222,應用日語學系（語文翻譯組）,原住民,--,無,無
043,中華大學,043232,應用外語暨智慧商務學士學位學程,招生,--,無,無
043,中華大學,043232,應用外語暨智慧商務學士學位學程,原住民,--,無,無
043,中華大學,043242,國際事務暨智慧行銷學士學位學程,招生,--,無,無
043,中華大學,043242,國際事務暨智慧行銷學士學位學程,原住民,--,無,無
043,中華大學,043252,觀光學院學士班(智慧旅館餐飲管理組),招生,--,無,正取
043,中華大學,043252,觀光學院學士班(智慧旅館餐飲管理組),原住民,--,無,無
043,中華大學,043262,觀光學院學士班(智慧會展活動管理組),招生,--,無,正取
043,中華大學,043262,觀光學院學士班(智慧會展活動管理組),原住民,--,無,無
043,中華大學,043272,觀光學院學士班(智慧觀光旅遊組),招生,--,無,正取
043,中華大學,043272,觀光學院學士班(智慧觀光旅遊組),原住民,--,無,無
043,中華大學,043282,英國西英格蘭大學企業管理雙學士學位學程,招生,--,無,備1
043,中華大學,043282,英國西英格蘭大學企業管理雙學士學位學程,原住民,--,無,無
043,中華大學,043292,中華大學美國舊金山州立大學資訊管理與決策科學學士學位學程,招生,--,無,正取
043,中華大學,043292,中華大學美國舊金山州立大學資訊管理與決策科學學士學位學程,原住民,--,無,無
043,中華大學,043302,加州大學爾灣分校資訊管理與資料科學學士學位學程,招生,--,無,無
043,中華大學,043302,加州大學爾灣分校資訊管理與資料科學學士學位學程,原住民,--,無,無
043,中華大學,043312,國際觀光與酒店管理雙學士學位學程,招生,--,無,無
043,中華大學,043312,國際觀光與酒店管理雙學士學位學程,原住民,--,無,無
044,華梵大學,044012,智慧生活科技學系大數據與管理組,招生,--,無,無
044,華梵大學,044022,智慧生活科技學系智慧產品開發組,招生,--,無,正取
044,華梵大學,044032,智慧生活設計學系空間設計組,招生,--,無,正取
044,華梵大學,044042,智慧生活設計學系創意產品與汽車設計組,招生,--,無,正取
044,華梵大學,044052,攝影與VR設計學系攝影與科技藝術組,招生,--,無,正取
044,華梵大學,044052,攝影與VR設計學系攝影與科技藝術組,原住民,--,無,無
044,華梵大學,044062,攝影與VR設計學系VR與互動媒體組,招生,--,無,正取
044,華梵大學,044062,攝影與VR設計學系VR與互動媒體組,原住民,--,無,無
044,華梵大學,044072,美術與文創學系文創設計組,招生,--,無,正取
044,華梵大學,044072,美術與文創學系文創設計組,原住民,--,無,無
044,華梵大學,044082,佛教藝術學系佛學組,招生,--,無,無
044,華梵大學,044092,佛教藝術學系藝術組,招生,--,無,正取
044,華梵大學,044092,佛教藝術學系藝術組,原住民,--,無,無
044,華梵大學,044102,智慧生活科技學系大數據與管理組(青年儲蓄帳戶組),招生,--,無,無
044,華梵大學,044112,智慧生活科技學系智慧產品開發組(青年儲蓄帳戶組),招生,--,無,無
044,華梵大學,044122,美術與文創學系美術創作組,招生,--,無,備1
044,華梵大學,044122,美術與文創學系美術創作組,原住民,--,無,無
045,義守大學,045012,電機工程學系,招生,--,無,備77
045,義守大學,045012,電機工程學系,原住民,--,無,正取
045,義守大學,045022,電子工程學系,招生,--,無,備35
045,義守大學,045022,電子工程學系,原住民,--,無,正取
045,義守大學,045032,資訊工程學系資訊工程組,招生,--,無,備39
045,義守大學,045032,資訊工程學系資訊工程組,原住民,--,無,無
045,義守大學,045042,資訊工程學系資訊應用組,招生,--,無,備13
045,義守大學,045042,資訊工程學系資訊應用組,原住民,--,無,無
045,義守大學,045052,資訊工程學系(APCS組),招生,--,無,正取
045,義守大學,045062,資訊工程學系(資安組),招生,--,無,正取
045,義守大學,045072,智慧網路科技學系智慧軟體應用組,招生,--,無,備12
045,義守大學,045072,智慧網路科技學系智慧軟體應用組,原住民,--,無,無
045,義守大學,045082,智慧網路科技學系智慧網通科技組,招生,--,無,正取
045,義守大學,045082,智慧網路科技學系智慧網通科技組,原住民,--,無,無
045,義守大學,045092,機械與自動化工程學系,招生,--,無,備32
045,義守大學,045092,機械與自動化工程學系,原住民,--,無,無
045,義守大學,045102,化學工程學系,招生,--,無,備9
045,義守大學,045102,化學工程學系,原住民,--,無,無
045,義守大學,045112,土木工程學系,招生,--,無,備18
045,義守大學,045112,土木工程學系,原住民,--,無,無
045,義守大學,045122,材料科學與工程學系,招生,--,無,備5
045,義守大學,045122,材料科學與工程學系,原住民,--,無,無
045,義守大學,045132,資料科學與大數據分析學系,招生,--,無,正取
045,義守大學,045132,資料科學與大數據分析學系,原住民,--,無,無
045,義守大學,045142,生物醫學工程學系,招生,--,無,備46
045,義守大學,045142,生物醫學工程學系,原住民,--,無,無
045,義守大學,045152,智慧科技英語學士學位學程,招生,--,無,正取
045,義守大學,045152,智慧科技英語學士學位學程,原住民,--,無,無
045,義守大學,045162,半導體學士學位學程,招生,--,無,備20
045,義守大學,045162,半導體學士學位學程,原住民,--,無,無
045,義守大學,045172,工業管理學系,招生,--,無,正取
045,義守大學,045172,工業管理學系,原住民,--,無,無
045,義守大學,045182,資訊管理學系,招生,--,無,備21
045,義守大學,045182,資訊管理學系,原住民,--,無,無
045,義守大學,045192,企業管理學系,招生,--,無,備9
045,義守大學,045192,企業管理學系,原住民,--,無,無
045,義守大學,045202,財務金融管理學系,招生,--,無,備11
045,義守大學,045202,財務金融管理學系,原住民,--,無,無
045,義守大學,045212,會計學系,招生,--,無,備5
045,義守大學,045212,會計學系,原住民,--,無,無
045,義守大學,045222,國際商務學系,招生,--,無,備2
045,義守大學,045222,國際商務學系,原住民,--,無,無
045,義守大學,045232,公共政策與管理學系,招生,--,無,備2
045,義守大學,045232,公共政策與管理學系,原住民,--,無,無
045,義守大學,045242,醫務管理學系,招生,--,無,備30
045,義守大學,045242,醫務管理學系,原住民,--,無,正取
045,義守大學,045252,健康管理學系,招生,--,無,備6
045,義守大學,045252,健康管理學系,原住民,--,無,無
045,義守大學,045262,餐旅管理學系,招生,--,無,備6
045,義守大學,045262,餐旅管理學系,原住民,--,無,無
045,義守大學,045272,運動科技與休閒管理學系,招生,--,無,備1
045,義守大學,045272,運動科技與休閒管理學系,原住民,--,無,無
045,義守大學,045282,廚藝暨美食學學系,招生,--,無,正取
045,義守大學,045282,廚藝暨美食學學系,原住民,--,無,無
045,義守大學,045292,國際企業經營英語學士學位學程(國際學院),招生,--,無,無
045,義守大學,045292,國際企業經營英語學士學位學程(國際學院),原住民,--,無,無
045,義守大學,045302,財務與商業分析英語學士學位學程(國際學院),招生,--,無,正取
045,義守大學,045302,財務與商業分析英語學士學位學程(國際學院),原住民,--,無,無
045,義守大學,045312,智慧觀光餐旅管理英語學士學位學程(國際學院),招生,--,無,正取
045,義守大學,045312,智慧觀光餐旅管理英語學士學位學程(國際學院),原住民,--,無,無
045,義守大學,045322,國際傳媒與娛樂管理學系（國際學院）,招生,--,無,正取
045,義守大學,045322,國際傳媒與娛樂管理學系（國際學院）,原住民,--,無,無
045,義守大學,045332,國際溝通暨應用英語學系,招生,--,無,備3
045,義守大學,045332,國際溝通暨應用英語學系,原住民,--,無,無
045,義守大學,045342,應用日語學系,招生,--,無,備20
045,義守大學,045342,應用日語學系,原住民,--,無,無
045,義守大學,045352,大眾傳播學系,招生,--,無,備10
045,義守大學,045352,大眾傳播學系,原住民,--,無,無
045,義守大學,045362,創意整合設計學系,招生,--,無,備8
045,義守大學,045362,創意整合設計學系,原住民,--,無,無
045,義守大學,045372,電影與電視學系,招生,--,無,備10
045,義守大學,045372,電影與電視學系,原住民,--,無,正取
045,義守大學,045382,新媒體設計學系,招生,--,無,備4
045,義守大學,045382,新媒體設計學系,原住民,--,無,無
045,義守大學,045392,醫學科學與生物科技學系醫藥組,招生,--,無,備20
045,義守大學,045392,醫學科學與生物科技學系醫藥組,原住民,--,無,無
045,義守大學,045402,醫學科學與生物科技學系生技組,招生,--,無,備16
045,義守大學,045402,醫學科學與生物科技學系生技組,原住民,--,無,正取
045,義守大學,045412,營養學系,招生,--,無,備20
045,義守大學,045412,營養學系,原住民,--,無,正取
045,義守大學,045422,護理學系,招生,--,無,備55
045,義守大學,045422,護理學系,原住民,--,無,正取
045,義守大學,045432,醫學影像暨放射科學系,招生,--,無,備51
045,義守大學,045432,醫學影像暨放射科學系,原住民,--,無,正取
045,義守大學,045442,物理治療學系,招生,--,無,備46
045,義守大學,045442,物理治療學系,原住民,--,無,備1
045,義守大學,045452,職能治療學系,招生,--,無,備36
045,義守大學,045452,職能治療學系,原住民,--,無,無
045,義守大學,045462,醫學檢驗技術學系,招生,--,無,備49
045,義守大學,045462,醫學檢驗技術學系,原住民,--,無,無
045,義守大學,045472,醫學系(公費生),招生,--,無,備22
046,銘傳大學,046012,企業管理學系品牌行銷組（臺北校區）,招生,--,無,備30
046,銘傳大學,046022,企業管理學系企業管理組（臺北校區）,招生,--,無,備23
046,銘傳大學,046022,企業管理學系企業管理組（臺北校區）,原住民,--,無,正取
046,銘傳大學,046032,企業管理學系數位經營組（臺北校區）,招生,--,無,備29
046,銘傳大學,046042,會計學系會計審計組（臺北校區）,招生,--,無,備30
046,銘傳大學,046042,會計學系會計審計組（臺北校區）,原住民,--,無,無
046,銘傳大學,046052,會計學系稅務規劃組（臺北校區）,招生,--,無,備68
046,銘傳大學,046052,會計學系稅務規劃組（臺北校區）,原住民,--,無,無
046,銘傳大學,046062,財務金融學系（臺北校區）,招生,--,無,備104
046,銘傳大學,046062,財務金融學系（臺北校區）,原住民,--,無,正取
046,銘傳大學,046072,風險管理與保險學系保險金融行銷組（臺北校區）,招生,--,無,備1
046,銘傳大學,046072,風險管理與保險學系保險金融行銷組（臺北校區）,原住民,--,無,無
046,銘傳大學,046082,風險管理與保險學系資訊應用組（臺北校區）,招生,--,無,備10
046,銘傳大學,046082,風險管理與保險學系資訊應用組（臺北校區）,原住民,--,無,無
046,銘傳大學,046092,國際企業學系跨境電商經營組（臺北校區）,招生,--,無,備42
046,銘傳大學,046092,國際企業學系跨境電商經營組（臺北校區）,原住民,--,無,正取
046,銘傳大學,046102,國際企業學系外貿行銷管理組（臺北校區）,招生,--,無,備32
046,銘傳大學,046112,新媒體暨傳播管理學系（臺北校區）,招生,--,無,備13
046,銘傳大學,046112,新媒體暨傳播管理學系（臺北校區）,原住民,--,無,無
046,銘傳大學,046122,廣播電視學系（臺北校區）,招生,--,無,備42
046,銘傳大學,046122,廣播電視學系（臺北校區）,原住民,--,無,備1
046,銘傳大學,046132,廣告暨策略行銷學系（臺北校區）,招生,--,無,備10
046,銘傳大學,046132,廣告暨策略行銷學系（臺北校區）,原住民,--,無,備2
046,銘傳大學,046142,影音新聞暨社群傳播學系（臺北校區）,招生,--,無,備22
046,銘傳大學,046142,影音新聞暨社群傳播學系（臺北校區）,原住民,--,無,備2
046,銘傳大學,046152,法律學系（臺北校區）,招生,--,無,備41
046,銘傳大學,046152,法律學系（臺北校區）,原住民,--,無,備4
046,銘傳大學,046162,財金法律學系（臺北校區）,招生,--,無,備11
046,銘傳大學,046162,財金法律學系（臺北校區）,原住民,--,無,無
046,銘傳大學,046172,國際企業與貿易學士學位學程（全英語授課．臺北校區）,招生,--,無,備19
046,銘傳大學,046172,國際企業與貿易學士學位學程（全英語授課．臺北校區）,原住民,--,無,無
046,銘傳大學,046182,新聞與大眾傳播學士學位學程（全英語授課．臺北校區）,招生,--,無,備4
046,銘傳大學,046182,新聞與大眾傳播學士學位學程（全英語授課．臺北校區）,原住民,--,無,無
046,銘傳大學,046192,時尚與創新管理學士學位學程（全英語授課．臺北校區）,招生,--,無,備5
046,銘傳大學,046192,時尚與創新管理學士學位學程（全英語授課．臺北校區）,原住民,--,無,正取
046,銘傳大學,046202,國際事務與外交學士學位學程（全英語授課．桃園校區）,招生,--,無,備1
046,銘傳大學,046202,國際事務與外交學士學位學程（全英語授課．桃園校區）,原住民,--,無,無
046,銘傳大學,046212,資訊科技應用與管理學士學位學程（全英語授課．桃園校區）,招生,--,無,正取
046,銘傳大學,046212,資訊科技應用與管理學士學位學程（全英語授課．桃園校區）,原住民,--,無,無
046,銘傳大學,046222,應用中國文學系語文傳播組（桃園校區）,招生,--,無,備13
046,銘傳大學,046232,應用中國文學系語文創作組（桃園校區）,招生,--,無,備18
046,銘傳大學,046232,應用中國文學系語文創作組（桃園校區）,原住民,--,無,無
046,銘傳大學,046242,應用英語學系英語教學與雙語教育組（桃園校區）,招生,--,無,備7
046,銘傳大學,046242,應用英語學系英語教學與雙語教育組（桃園校區）,原住民,--,無,正取
046,銘傳大學,046252,應用英語學系英語商務與口筆譯組（桃園校區）,招生,--,無,備3
046,銘傳大學,046252,應用英語學系英語商務與口筆譯組（桃園校區）,原住民,--,無,無
046,銘傳大學,046262,應用日語學系（桃園校區）,招生,--,無,備59
046,銘傳大學,046262,應用日語學系（桃園校區）,原住民,--,無,無
046,銘傳大學,046272,華語文教學學系（桃園校區）,招生,--,無,備4
046,銘傳大學,046272,華語文教學學系（桃園校區）,原住民,--,無,無
046,銘傳大學,046282,商業設計學系（桃園校區）,招生,--,無,備53
046,銘傳大學,046282,商業設計學系（桃園校區）,原住民,--,無,正取
046,銘傳大學,046292,商品設計學系（桃園校區）,招生,--,無,備51
046,銘傳大學,046292,商品設計學系（桃園校區）,原住民,--,無,無
046,銘傳大學,046302,數位媒體設計學系（桃園校區）,招生,--,無,備66
046,銘傳大學,046302,數位媒體設計學系（桃園校區）,原住民,--,無,備1
046,銘傳大學,046312,建築學系（桃園校區）,招生,--,無,備41
046,銘傳大學,046312,建築學系（桃園校區）,原住民,--,無,正取
046,銘傳大學,046322,都市規劃與防災學系智慧城市與無人機應用組 （桃園校區）,招生,--,無,備1
046,銘傳大學,046322,都市規劃與防災學系智慧城市與無人機應用組 （桃園校區）,原住民,--,無,無
046,銘傳大學,046332,都市規劃與防災學系都市更新與土地開發組 （桃園校區）,招生,--,無,備1
046,銘傳大學,046332,都市規劃與防災學系都市更新與土地開發組 （桃園校區）,原住民,--,無,無
046,銘傳大學,046342,動漫文創設計學士學位學程（桃園校區）,招生,--,無,備15
046,銘傳大學,046342,動漫文創設計學士學位學程（桃園校區）,原住民,--,無,無
046,銘傳大學,046352,觀光事業學系（桃園校區）,招生,--,無,備29
046,銘傳大學,046352,觀光事業學系（桃園校區）,原住民,--,無,備1
046,銘傳大學,046362,休閒遊憩管理學系（桃園校區）,招生,--,無,備2
046,銘傳大學,046362,休閒遊憩管理學系（桃園校區）,原住民,--,無,正取
046,銘傳大學,046372,餐旅管理學系（桃園校區）,招生,--,無,備22
046,銘傳大學,046372,餐旅管理學系（桃園校區）,原住民,--,無,備1
046,銘傳大學,046382,犯罪防治學系（桃園校區）,招生,--,無,備28
046,銘傳大學,046382,犯罪防治學系（桃園校區）,原住民,--,無,備1
046,銘傳大學,046392,公共事務與行政管理學系（桃園校區）,招生,--,無,備8
046,銘傳大學,046392,公共事務與行政管理學系（桃園校區）,原住民,--,無,正取
046,銘傳大學,046402,諮商臨床與工商心理學系（桃園校區）,招生,--,無,備52
046,銘傳大學,046402,諮商臨床與工商心理學系（桃園校區）,原住民,--,無,備2
046,銘傳大學,046412,應用統計與資料科學學系應用統計組（桃園校區）,招生,--,無,備7
046,銘傳大學,046412,應用統計與資料科學學系應用統計組（桃園校區）,原住民,--,無,無
046,銘傳大學,046422,應用統計與資料科學學系大數據管理組（桃園校區）,招生,--,無,備4
046,銘傳大學,046432,金融學系（桃園校區）,招生,--,無,備41
046,銘傳大學,046432,金融學系（桃園校區）,原住民,--,無,無
046,銘傳大學,046442,金融科技應用學士學位學程（桃園校區）,招生,--,無,備23
046,銘傳大學,046442,金融科技應用學士學位學程（桃園校區）,原住民,--,無,無
046,銘傳大學,046452,資訊管理學系人工智慧應用組（桃園校區）,招生,--,無,備42
046,銘傳大學,046452,資訊管理學系人工智慧應用組（桃園校區）,原住民,--,無,無
046,銘傳大學,046462,資訊管理學系巨量資料管理組（桃園校區）,招生,--,無,備49
046,銘傳大學,046462,資訊管理學系巨量資料管理組（桃園校區）,原住民,--,無,無
046,銘傳大學,046472,資訊管理學系電子商務管理組（桃園校區）,招生,--,無,備26
046,銘傳大學,046472,資訊管理學系電子商務管理組（桃園校區）,原住民,--,無,無
046,銘傳大學,046482,人工智慧應用學系（桃園校區）,招生,--,無,備74
046,銘傳大學,046482,人工智慧應用學系（桃園校區）,原住民,--,無,無
046,銘傳大學,046492,資訊工程學系(桃園校區),招生,--,無,備123
046,銘傳大學,046492,資訊工程學系(桃園校區),原住民,--,無,無
046,銘傳大學,046502,資訊工程學系(APCS組．桃園校區),招生,--,無,正取
046,銘傳大學,046512,電子工程學系半導體光電組（桃園校區）,招生,--,無,備27
046,銘傳大學,046512,電子工程學系半導體光電組（桃園校區）,原住民,--,無,無
046,銘傳大學,046522,電子工程學系晶片設計與應用組（桃園校區）,招生,--,無,備20
046,銘傳大學,046522,電子工程學系晶片設計與應用組（桃園校區）,原住民,--,無,無
046,銘傳大學,046532,電腦與通訊工程學系AI機器人組（桃園校區）,招生,--,無,備23
046,銘傳大學,046532,電腦與通訊工程學系AI機器人組（桃園校區）,原住民,--,無,無
046,銘傳大學,046542,電腦與通訊工程學系AI應用組（桃園校區）,招生,--,無,備21
046,銘傳大學,046542,電腦與通訊工程學系AI應用組（桃園校區）,原住民,--,無,無
046,銘傳大學,046552,半導體應用學士學位學程（桃園校區）,招生,--,無,正取
046,銘傳大學,046552,半導體應用學士學位學程（桃園校區）,原住民,--,無,無
046,銘傳大學,046562,醫療資訊與管理學系健康產業管理組（桃園校區）,招生,--,無,備20
046,銘傳大學,046562,醫療資訊與管理學系健康產業管理組（桃園校區）,原住民,--,無,無
046,銘傳大學,046572,醫療資訊與管理學系醫療資訊組（桃園校區）,招生,--,無,備12
046,銘傳大學,046582,生物科技學系生物醫學組（桃園校區）,招生,--,無,備13
046,銘傳大學,046582,生物科技學系生物醫學組（桃園校區）,原住民,--,無,正取
046,銘傳大學,046592,生物科技學系食品生技組（桃園校區）,招生,--,無,備33
046,銘傳大學,046592,生物科技學系食品生技組（桃園校區）,原住民,--,無,正取
046,銘傳大學,046602,生物醫學工程學系專利醫材法規組（桃園校區）,招生,--,無,備5
046,銘傳大學,046612,生物醫學工程學系人工智慧醫療組（桃園校區）,招生,--,無,備10
046,銘傳大學,046612,生物醫學工程學系人工智慧醫療組（桃園校區）,原住民,--,無,無
046,銘傳大學,046622,影音新聞暨社群傳播學系（青年儲蓄帳戶組．臺北校區）,招生,--,無,無
046,銘傳大學,046632,國際事務與外交學士學位學程（青年儲蓄帳戶組．全英語授課．桃園校區）,招生,--,無,無
046,銘傳大學,046642,應用英語學系（青年儲蓄帳戶組．桃園校區）,招生,--,無,無
046,銘傳大學,046652,金融科技應用學士學位學程（青年儲蓄帳戶組．桃園校區）,招生,--,無,無
047,世新大學,047012,新聞學系,招生,--,無,備68
047,世新大學,047012,新聞學系,原住民,--,無,備1
047,世新大學,047022,廣播電視電影學系廣播組,招生,--,無,備4
047,世新大學,047032,廣播電視電影學系電視組,招生,--,無,備18
047,世新大學,047042,廣播電視電影學系電影組,招生,--,無,備31
047,世新大學,047052,圖文傳播學系,招生,--,無,備69
047,世新大學,047052,圖文傳播學系,原住民,--,無,備1
047,世新大學,047062,公共關係暨廣告學系,招生,--,無,備109
047,世新大學,047062,公共關係暨廣告學系,原住民,--,無,備1
047,世新大學,047072,口語傳播暨社群媒體學系,招生,--,無,備11
047,世新大學,047072,口語傳播暨社群媒體學系,原住民,--,無,正取
047,世新大學,047082,資訊傳播學系,招生,--,無,備43
047,世新大學,047082,資訊傳播學系,原住民,--,無,正取
047,世新大學,047092,數位多媒體設計學系,招生,--,無,備54
047,世新大學,047092,數位多媒體設計學系,原住民,--,無,備2
047,世新大學,047102,傳播管理學系,招生,--,無,備75
047,世新大學,047102,傳播管理學系,離島(金門縣),--,無,備1
047,世新大學,047112,資訊管理學系資訊管理組,招生,--,無,備22
047,世新大學,047112,資訊管理學系資訊管理組,原住民,--,無,無
047,世新大學,047122,資訊管理學系資訊科技組,招生,--,無,備15
047,世新大學,047122,資訊管理學系資訊科技組,原住民,--,無,無
047,世新大學,047132,資訊管理學系智慧網路應用組,招生,--,無,備4
047,世新大學,047142,財務金融學系,招生,--,無,正取
047,世新大學,047142,財務金融學系,原住民,--,無,備2
047,世新大學,047152,行政管理學系,招生,--,無,備10
047,世新大學,047152,行政管理學系,原住民,--,無,無
047,世新大學,047162,觀光學系餐旅經營管理組,招生,--,無,備4
047,世新大學,047162,觀光學系餐旅經營管理組,原住民,--,無,備1
047,世新大學,047172,觀光學系旅遊暨休閒事業管理組,招生,--,無,備11
047,世新大學,047172,觀光學系旅遊暨休閒事業管理組,原住民,--,無,正取
047,世新大學,047182,觀光學系觀光規劃暨資源管理組,招生,--,無,備2
047,世新大學,047192,經濟學系,招生,--,無,備18
047,世新大學,047192,經濟學系,原住民,--,無,備1
047,世新大學,047202,企業管理學系,招生,--,無,備7
047,世新大學,047202,企業管理學系,原住民,--,無,正取
047,世新大學,047212,社會心理學系,招生,--,無,備15
047,世新大學,047212,社會心理學系,原住民,--,無,正取
047,世新大學,047222,英語暨傳播應用學系,招生,--,無,備12
047,世新大學,047222,英語暨傳播應用學系,原住民,--,無,無
047,世新大學,047232,中國文學系,招生,--,無,備4
047,世新大學,047242,日本語文學系,招生,--,無,備14
047,世新大學,047242,日本語文學系,原住民,--,無,正取
047,世新大學,047252,法律學系,招生,--,無,備42
047,世新大學,047252,法律學系,原住民,--,無,備8
050,實踐大學,050012,食品營養與保健生技學系(臺北校區),招生,--,無,備21
050,實踐大學,050012,食品營養與保健生技學系(臺北校區),原住民,--,無,無
050,實踐大學,050022,食品營養與保健生技學系食品科技與法律組(臺北校區),招生,--,無,正取
050,實踐大學,050032,社會工作學系兒少、家庭與性別組(臺北校區),招生,--,無,備23
050,實踐大學,050032,社會工作學系兒少、家庭與性別組(臺北校區),原住民,--,無,正取
050,實踐大學,050042,社會工作學系老人、長照與身障組(臺北校區),招生,--,無,備4
050,實踐大學,050042,社會工作學系老人、長照與身障組(臺北校區),原住民,--,無,備1
050,實踐大學,050052,社會工作學系醫務與心理衛生組(臺北校區),招生,--,無,備14
050,實踐大學,050052,社會工作學系醫務與心理衛生組(臺北校區),原住民,--,無,正取
050,實踐大學,050062,家庭研究與兒童發展學系(臺北校區),招生,--,無,備8
050,實踐大學,050062,家庭研究與兒童發展學系(臺北校區),原住民,--,無,正取
050,實踐大學,050072,餐飲管理學系廚藝組(臺北校區),招生,--,無,備23
050,實踐大學,050072,餐飲管理學系廚藝組(臺北校區),原住民,--,無,無
050,實踐大學,050082,餐飲管理學系餐旅組(臺北校區),招生,--,無,備1
050,實踐大學,050082,餐飲管理學系餐旅組(臺北校區),原住民,--,無,無
050,實踐大學,050092,餐飲管理學系青年儲蓄帳戶組(臺北校區),招生,--,無,無
050,實踐大學,050102,音樂學系Ｂ組(臺北校區),招生,--,無,備1
050,實踐大學,050112,法律學系(臺北校區),招生,--,無,備19
050,實踐大學,050112,法律學系(臺北校區),原住民,--,無,正取
050,實踐大學,050122,服裝設計學系(臺北校區),招生,--,無,備16
050,實踐大學,050122,服裝設計學系(臺北校區),原住民,--,無,正取
050,實踐大學,050132,媒體傳達設計學系動畫影像設計組(臺北校區),招生,--,無,備9
050,實踐大學,050132,媒體傳達設計學系動畫影像設計組(臺北校區),原住民,--,無,正取
050,實踐大學,050142,媒體傳達設計學系創意媒體設計組(臺北校區),招生,--,無,備5
050,實踐大學,050142,媒體傳達設計學系創意媒體設計組(臺北校區),原住民,--,無,無
050,實踐大學,050152,工業產品設計學系(臺北校區),招生,--,無,備19
050,實踐大學,050152,工業產品設計學系(臺北校區),原住民,--,無,無
050,實踐大學,050162,建築設計學系人文藝術組(臺北校區),招生,--,無,備2
050,實踐大學,050162,建築設計學系人文藝術組(臺北校區),原住民,--,無,正取
050,實踐大學,050172,建築設計學系創意科技組(臺北校區),招生,--,無,備3
050,實踐大學,050182,建築職人學士學位學程(臺北校區),招生,--,無,備16
050,實踐大學,050182,建築職人學士學位學程(臺北校區),原住民,--,無,無
050,實踐大學,050192,會計學系會計審計組(臺北校區),招生,--,無,備25
050,實踐大學,050192,會計學系會計審計組(臺北校區),原住民,--,無,無
050,實踐大學,050202,會計學系永續會計組(臺北校區),招生,--,無,正取
050,實踐大學,050202,會計學系永續會計組(臺北校區),原住民,--,無,無
050,實踐大學,050212,國際經營與貿易學系貿易經營組(臺北校區),招生,--,無,備3
050,實踐大學,050222,國際經營與貿易學系跨境行銷組(臺北校區),招生,--,無,正取
050,實踐大學,050222,國際經營與貿易學系跨境行銷組(臺北校區),原住民,--,無,正取
050,實踐大學,050232,國際經營與貿易學系貿易金融組(臺北校區),招生,--,無,備6
050,實踐大學,050232,國際經營與貿易學系貿易金融組(臺北校區),原住民,--,無,無
050,實踐大學,050242,國際經營與貿易學系智慧物流組(臺北校區),招生,--,無,正取
050,實踐大學,050242,國際經營與貿易學系智慧物流組(臺北校區),原住民,--,無,無
050,實踐大學,050252,企業管理學系(臺北校區),招生,--,無,備24
050,實踐大學,050252,企業管理學系(臺北校區),原住民,--,無,正取
050,實踐大學,050262,財務金融學系(臺北校區),招生,--,無,備37
050,實踐大學,050262,財務金融學系(臺北校區),原住民,--,無,正取
050,實踐大學,050272,財務金融學系數位行銷設計組(臺北校區),招生,--,無,正取
050,實踐大學,050272,財務金融學系數位行銷設計組(臺北校區),原住民,--,無,無
050,實踐大學,050282,風險管理與保險學系(臺北校區),招生,--,無,備30
050,實踐大學,050282,風險管理與保險學系(臺北校區),原住民,--,無,無
050,實踐大學,050292,應用外語學系(臺北校區),招生,--,無,備15
050,實踐大學,050292,應用外語學系(臺北校區),原住民,--,無,無
050,實踐大學,050302,應用外語學系數位應用組(臺北校區),招生,--,無,備25
050,實踐大學,050312,資訊科技與管理學系人工智慧與大數據組(臺北校區),招生,--,無,備6
050,實踐大學,050312,資訊科技與管理學系人工智慧與大數據組(臺北校區),原住民,--,無,無
050,實踐大學,050322,資訊科技與管理學系雲端運算與物聯網組(臺北校區),招生,--,無,備2
050,實踐大學,050322,資訊科技與管理學系雲端運算與物聯網組(臺北校區),原住民,--,無,無
050,實踐大學,050332,資訊科技與管理學系數位媒體設計組(臺北校區),招生,--,無,備13
050,實踐大學,050332,資訊科技與管理學系數位媒體設計組(臺北校區),原住民,--,無,無
050,實踐大學,050342,資訊科技與管理學系APCS組(臺北校區),招生,--,無,正取
050,實踐大學,050352,資訊科技與管理學系(資安組)(臺北校區),招生,--,無,備1
050,實踐大學,050362,國際企業英語學士學位學程(社會組)(臺北校區),招生,--,無,備6
050,實踐大學,050362,國際企業英語學士學位學程(社會組)(臺北校區),原住民,--,無,無
050,實踐大學,050372,國際企業英語學士學位學程(自然組)(臺北校區),招生,--,無,備1
050,實踐大學,050372,國際企業英語學士學位學程(自然組)(臺北校區),原住民,--,無,無
050,實踐大學,050382,智慧服務管理英語學士學位學程(臺北校區),招生,--,無,備10
050,實踐大學,050382,智慧服務管理英語學士學位學程(臺北校區),原住民,--,無,無
050,實踐大學,050392,東南亞智慧商務學士學位學程語言文化組(高雄校區),招生,--,無,正取
050,實踐大學,050392,東南亞智慧商務學士學位學程語言文化組(高雄校區),原住民,--,無,無
050,實踐大學,050402,東南亞智慧商務學士學位學程雲端商務組(高雄校區),招生,--,無,正取
050,實踐大學,050402,東南亞智慧商務學士學位學程雲端商務組(高雄校區),原住民,--,無,無
050,實踐大學,050412,東南亞智慧商務學士學位學程行銷流通管理組(高雄校區),招生,--,無,正取
050,實踐大學,050412,東南亞智慧商務學士學位學程行銷流通管理組(高雄校區),原住民,--,無,無
050,實踐大學,050422,會計暨稅務學系綠色會計組(高雄校區),招生,--,無,正取
050,實踐大學,050422,會計暨稅務學系綠色會計組(高雄校區),原住民,--,無,無
050,實踐大學,050432,會計暨稅務學系財務金融組(高雄校區),招生,--,無,正取
050,實踐大學,050432,會計暨稅務學系財務金融組(高雄校區),原住民,--,無,無
050,實踐大學,050442,會計暨稅務學系會計AI組(高雄校區),招生,--,無,正取
050,實踐大學,050442,會計暨稅務學系會計AI組(高雄校區),原住民,--,無,無
050,實踐大學,050452,會計暨稅務學系財富管理組(高雄校區),招生,--,無,正取
050,實踐大學,050452,會計暨稅務學系財富管理組(高雄校區),原住民,--,無,無
050,實踐大學,050462,國際企業管理學系外匯數位金融組(高雄校區),招生,--,無,備3
050,實踐大學,050462,國際企業管理學系外匯數位金融組(高雄校區),原住民,--,無,無
050,實踐大學,050472,國際企業管理學系日韓商務與貿易組(高雄校區),招生,--,無,備9
050,實踐大學,050472,國際企業管理學系日韓商務與貿易組(高雄校區),原住民,--,無,正取
050,實踐大學,050482,國際企業管理學系品牌行銷企劃組(高雄校區),招生,--,無,備4
050,實踐大學,050482,國際企業管理學系品牌行銷企劃組(高雄校區),原住民,--,無,無
050,實踐大學,050492,國際企業管理學系德國商務與投資組(高雄校區),招生,--,無,備4
050,實踐大學,050492,國際企業管理學系德國商務與投資組(高雄校區),原住民,--,無,無
050,實踐大學,050502,金融管理學系數位金融組(高雄校區),招生,--,無,備2
050,實踐大學,050502,金融管理學系數位金融組(高雄校區),原住民,--,無,無
050,實踐大學,050512,金融管理學系金融實務組(高雄校區),招生,--,無,備11
050,實踐大學,050512,金融管理學系金融實務組(高雄校區),原住民,--,無,無
050,實踐大學,050522,金融管理學系金融商品組(高雄校區),招生,--,無,備4
050,實踐大學,050522,金融管理學系金融商品組(高雄校區),原住民,--,無,無
050,實踐大學,050532,金融管理學系財務數理組(高雄校區),招生,--,無,備6
050,實踐大學,050532,金融管理學系財務數理組(高雄校區),原住民,--,無,無
050,實踐大學,050542,資訊管理學系物聯網應用組(高雄校區),招生,--,無,備4
050,實踐大學,050542,資訊管理學系物聯網應用組(高雄校區),原住民,--,無,無
050,實踐大學,050552,資訊管理學系人工智慧與雲端應用組(高雄校區),招生,--,無,正取
050,實踐大學,050552,資訊管理學系人工智慧與雲端應用組(高雄校區),原住民,--,無,無
050,實踐大學,050562,資訊科技與通訊學系App設計組(高雄校區),招生,--,無,備1
050,實踐大學,050562,資訊科技與通訊學系App設計組(高雄校區),原住民,--,無,無
050,實踐大學,050572,資訊科技與通訊學系人工智慧物聯網組(高雄校區),招生,--,無,正取
050,實踐大學,050572,資訊科技與通訊學系人工智慧物聯網組(高雄校區),原住民,--,無,無
050,實踐大學,050582,資訊科技與通訊學系智慧機器人組(高雄校區),招生,--,無,正取
050,實踐大學,050582,資訊科技與通訊學系智慧機器人組(高雄校區),原住民,--,無,無
050,實踐大學,050592,資訊科技與通訊學系無人機組(高雄校區),招生,--,無,正取
050,實踐大學,050592,資訊科技與通訊學系無人機組(高雄校區),原住民,--,無,無
050,實踐大學,050602,資訊模擬與設計學系數位3D動畫設計組(高雄校區),招生,--,無,備3
050,實踐大學,050602,資訊模擬與設計學系數位3D動畫設計組(高雄校區),原住民,--,無,無
050,實踐大學,050612,資訊模擬與設計學系互動遊戲設計組(高雄校區),招生,--,無,備4
050,實踐大學,050612,資訊模擬與設計學系互動遊戲設計組(高雄校區),原住民,--,無,無
050,實踐大學,050622,資訊模擬與設計學系AR/VR體感科技組(高雄校區),招生,--,無,無
050,實踐大學,050622,資訊模擬與設計學系AR/VR體感科技組(高雄校區),原住民,--,無,無
050,實踐大學,050632,電腦動畫學士學位學程3D組(高雄校區),招生,--,無,備2
050,實踐大學,050632,電腦動畫學士學位學程3D組(高雄校區),原住民,--,無,無
050,實踐大學,050642,視覺特效學士學位學程影視視覺特效組(高雄校區),招生,--,無,正取
050,實踐大學,050642,視覺特效學士學位學程影視視覺特效組(高雄校區),原住民,--,無,無
050,實踐大學,050652,視覺特效學士學位學程遊戲視覺特效組(高雄校區),招生,--,無,正取
050,實踐大學,050652,視覺特效學士學位學程遊戲視覺特效組(高雄校區),原住民,--,無,無
050,實踐大學,050662,服飾設計與經營學系品牌經營與行銷組(高雄校區),招生,--,無,備7
050,實踐大學,050662,服飾設計與經營學系品牌經營與行銷組(高雄校區),原住民,--,無,無
050,實踐大學,050672,服飾設計與經營學系服裝設計與數位應用組(高雄校區),招生,--,無,備1
050,實踐大學,050672,服飾設計與經營學系服裝設計與數位應用組(高雄校區),原住民,--,無,無
050,實踐大學,050682,觀光管理學系餐飲暨旅館管理組(高雄校區),招生,--,無,備1
050,實踐大學,050682,觀光管理學系餐飲暨旅館管理組(高雄校區),原住民,--,無,無
050,實踐大學,050692,觀光管理學系旅運事業組(高雄校區),招生,--,無,備9
050,實踐大學,050692,觀光管理學系旅運事業組(高雄校區),原住民,--,無,無
050,實踐大學,050702,休閒產業管理學系休閒文創規劃組(高雄校區),招生,--,無,備5
050,實踐大學,050702,休閒產業管理學系休閒文創規劃組(高雄校區),原住民,--,無,無
050,實踐大學,050712,休閒產業管理學系遊憩運動企劃組(高雄校區),招生,--,無,備2
050,實踐大學,050712,休閒產業管理學系遊憩運動企劃組(高雄校區),原住民,--,無,正取
050,實踐大學,050722,休閒產業管理學系精品咖啡烘焙經營組(高雄校區),招生,--,無,備7
050,實踐大學,050722,休閒產業管理學系精品咖啡烘焙經營組(高雄校區),原住民,--,無,無
050,實踐大學,050732,應用日文學系(高雄校區),招生,--,無,正取
050,實踐大學,050732,應用日文學系(高雄校區),原住民,--,無,無
050,實踐大學,050742,應用日文學系商務組(高雄校區),招生,--,無,備4
050,實踐大學,050742,應用日文學系商務組(高雄校區),原住民,--,無,無
050,實踐大學,050752,應用日文學系翻譯組(高雄校區),招生,--,無,備9
050,實踐大學,050752,應用日文學系翻譯組(高雄校區),原住民,--,無,無
050,實踐大學,050762,應用日文學系實習組(高雄校區),招生,--,無,備4
050,實踐大學,050762,應用日文學系實習組(高雄校區),原住民,--,無,無
050,實踐大學,050772,音樂學系(臺北校區),招生,鋼琴,無,備6
050,實踐大學,050772,音樂學系(臺北校區),招生,聲樂,無,備4
050,實踐大學,050772,音樂學系(臺北校區),招生,小提琴,無,備1
050,實踐大學,050772,音樂學系(臺北校區),招生,中提琴,無,正取
050,實踐大學,050772,音樂學系(臺北校區),招生,大提琴,無,正取
050,實踐大學,050772,音樂學系(臺北校區),招生,長號,無,備2
050,實踐大學,050772,音樂學系(臺北校區),招生,小號,無,備2
050,實踐大學,050772,音樂學系(臺北校區),招生,法國號,無,無
050,實踐大學,050772,音樂學系(臺北校區),招生,薩克斯管,無,備1
050,實踐大學,050772,音樂學系(臺北校區),招生,長笛,無,備3
050,實踐大學,050772,音樂學系(臺北校區),招生,單簧管(豎笛),無,正取
050,實踐大學,050772,音樂學系(臺北校區),招生,擊樂,無,備2
050,實踐大學,050772,音樂學系(臺北校區),原住民,--,無,正取
050,實踐大學,050782,服飾設計與經營學系藝術創作設計組(高雄校區),招生,--,無,備26
050,實踐大學,050782,服飾設計與經營學系藝術創作設計組(高雄校區),原住民,--,無,無
050,實踐大學,050792,時尚設計學系視覺影像設計組(高雄校區),招生,--,無,備7
050,實踐大學,050792,時尚設計學系視覺影像設計組(高雄校區),原住民,--,無,無
050,實踐大學,050802,時尚設計學系整體造型設計組(高雄校區),招生,--,無,備8
050,實踐大學,050802,時尚設計學系整體造型設計組(高雄校區),原住民,--,無,正取
050,實踐大學,050812,電腦動畫學士學位學程2D組(高雄校區),招生,--,無,備8
050,實踐大學,050812,電腦動畫學士學位學程2D組(高雄校區),原住民,--,無,無
050,實踐大學,050822,電腦動畫學士學位學程2D3D通修組(高雄校區),招生,--,無,備9
050,實踐大學,050822,電腦動畫學士學位學程2D3D通修組(高雄校區),原住民,--,無,無
050,實踐大學,050832,資訊模擬與設計學系遊戲美術設計組(高雄校區),招生,--,無,備29
050,實踐大學,050832,資訊模擬與設計學系遊戲美術設計組(高雄校區),原住民,--,無,無
050,實踐大學,050842,資訊管理學系運動資訊應用組(高雄校區),招生,--,無,正取
050,實踐大學,050842,資訊管理學系運動資訊應用組(高雄校區),原住民,--,無,無
050,實踐大學,050852,觀光管理學系運動暨自然旅遊組(高雄校區),招生,--,無,備2
050,實踐大學,050852,觀光管理學系運動暨自然旅遊組(高雄校區),原住民,--,無,無
051,長榮大學,051012,企業管理學系行銷組,招生,--,無,備9
051,長榮大學,051012,企業管理學系行銷組,原住民,--,無,無
051,長榮大學,051022,企業管理學系數位經營組,招生,--,無,備6
051,長榮大學,051022,企業管理學系數位經營組,原住民,--,無,無
051,長榮大學,051032,企業管理學系企業永續發展組,招生,--,無,正取
051,長榮大學,051032,企業管理學系企業永續發展組,原住民,--,無,無
051,長榮大學,051042,企業管理學系創新應用組,招生,--,無,備1
051,長榮大學,051042,企業管理學系創新應用組,原住民,--,無,無
051,長榮大學,051052,國際企業學系跨境行銷組,招生,--,無,正取
051,長榮大學,051052,國際企業學系跨境行銷組,原住民,--,無,無
051,長榮大學,051062,國際企業學系金融貿易組,招生,--,無,正取
051,長榮大學,051062,國際企業學系金融貿易組,原住民,--,無,無
051,長榮大學,051072,國際企業學系航運物流組,招生,--,無,備8
051,長榮大學,051072,國際企業學系航運物流組,原住民,--,無,無
051,長榮大學,051082,會計資訊學系會計應用組,招生,--,無,備2
051,長榮大學,051082,會計資訊學系會計應用組,原住民,--,無,無
051,長榮大學,051092,會計資訊學系稅務應用組,招生,--,無,備10
051,長榮大學,051092,會計資訊學系稅務應用組,原住民,--,無,無
051,長榮大學,051102,會計資訊學系產業實習組,招生,--,無,備2
051,長榮大學,051102,會計資訊學系產業實習組,原住民,--,無,無
051,長榮大學,051112,航運管理學系,招生,--,無,備27
051,長榮大學,051112,航運管理學系,原住民,--,無,無
051,長榮大學,051122,土地管理與開發學系投資經營組,招生,--,無,正取
051,長榮大學,051122,土地管理與開發學系投資經營組,原住民,--,無,無
051,長榮大學,051132,土地管理與開發學系開發規劃組,招生,--,無,正取
051,長榮大學,051132,土地管理與開發學系開發規劃組,原住民,--,無,無
051,長榮大學,051142,財務金融學系金融科技組,招生,--,無,備1
051,長榮大學,051142,財務金融學系金融科技組,原住民,--,無,正取
051,長榮大學,051152,財務金融學系投資資訊組,招生,--,無,備8
051,長榮大學,051152,財務金融學系投資資訊組,原住民,--,無,無
051,長榮大學,051162,財務金融學系金融理財組,招生,--,無,備1
051,長榮大學,051162,財務金融學系金融理財組,原住民,--,無,無
051,長榮大學,051172,財務金融學系產業實習組,招生,--,無,備1
051,長榮大學,051172,財務金融學系產業實習組,原住民,--,無,無
051,長榮大學,051182,觀光與餐飲管理學系觀光旅遊組,招生,--,無,正取
051,長榮大學,051182,觀光與餐飲管理學系觀光旅遊組,原住民,--,無,無
051,長榮大學,051192,觀光與餐飲管理學系餐酒廚藝組,招生,--,無,備9
051,長榮大學,051192,觀光與餐飲管理學系餐酒廚藝組,原住民,--,無,無
051,長榮大學,051202,觀光與餐飲管理學系國際雙聯組,招生,--,無,正取
051,長榮大學,051202,觀光與餐飲管理學系國際雙聯組,原住民,--,無,無
051,長榮大學,051212,觀光與餐飲管理學系(青年儲蓄帳戶組),招生,--,無,無
051,長榮大學,051222,醫務管理學系醫療機構管理組,招生,--,無,備6
051,長榮大學,051222,醫務管理學系醫療機構管理組,原住民,--,無,無
051,長榮大學,051232,醫務管理學系長照機構管理組,招生,--,無,正取
051,長榮大學,051232,醫務管理學系長照機構管理組,原住民,--,無,無
051,長榮大學,051242,醫務管理學系健康大數據組,招生,--,無,正取
051,長榮大學,051242,醫務管理學系健康大數據組,原住民,--,無,無
051,長榮大學,051252,生物科技學系生技醫學組,招生,--,無,備4
051,長榮大學,051252,生物科技學系生技醫學組,原住民,--,無,無
051,長榮大學,051262,生物科技學系生物檢測組,招生,--,無,備14
051,長榮大學,051262,生物科技學系生物檢測組,原住民,--,無,無
051,長榮大學,051272,生物科技學系(青年儲蓄帳戶組),招生,--,無,無
051,長榮大學,051282,健康心理學系,招生,--,無,備15
051,長榮大學,051282,健康心理學系,原住民,--,無,無
051,長榮大學,051292,保健營養學系,招生,--,無,備4
051,長榮大學,051292,保健營養學系,原住民,--,無,無
051,長榮大學,051302,護理學系,招生,--,無,備16
051,長榮大學,051302,護理學系,原住民,--,無,正取
051,長榮大學,051312,醫藥科學產業學系醫學科學組,招生,--,無,正取
051,長榮大學,051312,醫藥科學產業學系醫學科學組,原住民,--,無,無
051,長榮大學,051322,醫藥科學產業學系藥物科技組,招生,--,無,正取
051,長榮大學,051322,醫藥科學產業學系藥物科技組,原住民,--,無,無
051,長榮大學,051332,職業安全與衛生學系職業安全衛生管理組,招生,--,無,備8
051,長榮大學,051332,職業安全與衛生學系職業安全衛生管理組,原住民,--,無,無
051,長榮大學,051342,職業安全與衛生學系職場健康促進管理組,招生,--,無,正取
051,長榮大學,051342,職業安全與衛生學系職場健康促進管理組,原住民,--,無,無
051,長榮大學,051352,職業安全與衛生學系職業安全組,招生,--,無,備2
051,長榮大學,051352,職業安全與衛生學系職業安全組,原住民,--,無,無
051,長榮大學,051362,職業安全與衛生學系職業衛生組,招生,--,無,正取
051,長榮大學,051362,職業安全與衛生學系職業衛生組,原住民,--,無,無
051,長榮大學,051372,職業安全與衛生學系(青年儲蓄帳戶組),招生,--,無,無
051,長榮大學,051382,食品安全衛生與檢驗學士學位學程食品安全管理組,招生,--,無,正取
051,長榮大學,051382,食品安全衛生與檢驗學士學位學程食品安全管理組,原住民,--,無,無
051,長榮大學,051392,食品安全衛生與檢驗學士學位學程環境衛生組,招生,--,無,正取
051,長榮大學,051392,食品安全衛生與檢驗學士學位學程環境衛生組,原住民,--,無,無
051,長榮大學,051402,食品安全衛生與檢驗學士學位學程食品檢驗組,招生,--,無,備14
051,長榮大學,051402,食品安全衛生與檢驗學士學位學程食品檢驗組,原住民,--,無,無
051,長榮大學,051412,消防安全學士學位學程消防實務管理組,招生,--,無,備2
051,長榮大學,051412,消防安全學士學位學程消防實務管理組,原住民,--,無,無
051,長榮大學,051422,消防安全學士學位學程火場鑑識組,招生,--,無,備3
051,長榮大學,051422,消防安全學士學位學程火場鑑識組,原住民,--,無,無
051,長榮大學,051432,消防安全學士學位學程消防防災技術組,招生,--,無,正取
051,長榮大學,051432,消防安全學士學位學程消防防災技術組,原住民,--,無,無
051,長榮大學,051442,消防安全學士學位學程(青年儲蓄帳戶組),招生,--,無,無
051,長榮大學,051452,綠能與環境資源學系綠能產業管理組,招生,--,無,備7
051,長榮大學,051452,綠能與環境資源學系綠能產業管理組,原住民,--,無,無
051,長榮大學,051462,綠能與環境資源學系綠能產業實務組,招生,--,無,正取
051,長榮大學,051462,綠能與環境資源學系綠能產業實務組,原住民,--,無,無
051,長榮大學,051472,綠能與環境資源學系綠能環境科技組,招生,--,無,正取
051,長榮大學,051472,綠能與環境資源學系綠能環境科技組,原住民,--,無,無
051,長榮大學,051482,大眾傳播學系,招生,--,無,備25
051,長榮大學,051482,大眾傳播學系,原住民,--,無,正取
051,長榮大學,051492,翻譯學系產業翻譯實務組,招生,--,無,正取
051,長榮大學,051492,翻譯學系產業翻譯實務組,原住民,--,無,無
051,長榮大學,051502,翻譯學系語文教學與觀光實務組,招生,--,無,備4
051,長榮大學,051502,翻譯學系語文教學與觀光實務組,原住民,--,無,無
051,長榮大學,051512,社會工作學系,招生,--,無,備24
051,長榮大學,051512,社會工作學系,原住民,--,無,無
051,長榮大學,051522,社會工作學系(青年儲蓄帳戶組),招生,--,無,無
051,長榮大學,051532,應用日語學系語文翻譯組,招生,--,無,備1
051,長榮大學,051532,應用日語學系語文翻譯組,原住民,--,無,無
051,長榮大學,051542,應用日語學系國際觀光產業組,招生,--,無,備5
051,長榮大學,051542,應用日語學系國際觀光產業組,原住民,--,無,無
051,長榮大學,051552,應用哲學系,招生,--,無,正取
051,長榮大學,051552,應用哲學系,原住民,--,無,無
051,長榮大學,051562,數位媒體設計學系數位媒體設計組,招生,--,無,備1
051,長榮大學,051562,數位媒體設計學系數位媒體設計組,原住民,--,無,正取
051,長榮大學,051572,數位媒體設計學系互動設計組,招生,--,無,備7
051,長榮大學,051572,數位媒體設計學系互動設計組,原住民,--,無,無
051,長榮大學,051582,資訊管理學系大數據分析組,招生,--,無,備9
051,長榮大學,051582,資訊管理學系大數據分析組,原住民,--,無,無
051,長榮大學,051592,資訊管理學系人工智慧應用組,招生,--,無,備12
051,長榮大學,051592,資訊管理學系人工智慧應用組,原住民,--,無,無
051,長榮大學,051602,資訊工程學系,招生,--,無,備18
051,長榮大學,051602,資訊工程學系,原住民,--,無,正取
051,長榮大學,051612,美術學系藝術創作組,招生,--,無,備4
051,長榮大學,051612,美術學系藝術創作組,原住民,--,無,無
051,長榮大學,051622,美術學系應用藝術組,招生,--,無,備13
051,長榮大學,051632,書畫藝術學系甲組,招生,--,無,備2
051,長榮大學,051642,書畫藝術學系乙組,招生,--,無,正取
051,長榮大學,051642,書畫藝術學系乙組,原住民,--,無,無
051,長榮大學,051652,台灣文化創意產業學士學位學程,招生,--,無,正取
051,長榮大學,051652,台灣文化創意產業學士學位學程,原住民,--,無,無
051,長榮大學,051662,運動競技學系,招生,--,無,備2
051,長榮大學,051662,運動競技學系,原住民,--,無,無
056,國立臺灣藝術大學,056012,圖文傳播藝術學系,招生,--,無,備6
056,國立臺灣藝術大學,056012,圖文傳播藝術學系,原住民,--,無,正取
056,國立臺灣藝術大學,056022,廣播電視學系,招生,--,無,備6
056,國立臺灣藝術大學,056022,廣播電視學系,原住民,--,無,備2
056,國立臺灣藝術大學,056022,廣播電視學系,離島(金門縣),--,無,正取
056,國立臺灣藝術大學,056032,電影學系,招生,--,無,備5
056,國立臺灣藝術大學,056032,電影學系,原住民,--,無,正取
056,國立臺灣藝術大學,056032,電影學系,離島(金門縣),--,無,備1
056,國立臺灣藝術大學,056042,戲劇學系,招生,--,男,備3
056,國立臺灣藝術大學,056042,戲劇學系,招生,--,女,備5
056,國立臺灣藝術大學,056042,戲劇學系,原住民,--,無,正取
056,國立臺灣藝術大學,056042,戲劇學系,離島(金門縣),--,無,正取
056,國立臺灣藝術大學,056052,音樂學系,招生,鋼琴,無,備16
056,國立臺灣藝術大學,056052,音樂學系,招生,聲樂,無,備7
056,國立臺灣藝術大學,056052,音樂學系,招生,小提琴,無,備13
056,國立臺灣藝術大學,056052,音樂學系,招生,中提琴,無,備7
056,國立臺灣藝術大學,056052,音樂學系,招生,大提琴,無,無
056,國立臺灣藝術大學,056052,音樂學系,招生,低音提琴,無,無
056,國立臺灣藝術大學,056052,音樂學系,招生,豎琴,無,無
056,國立臺灣藝術大學,056052,音樂學系,招生,古典吉他,無,正取
056,國立臺灣藝術大學,056052,音樂學系,招生,長號,無,備2
056,國立臺灣藝術大學,056052,音樂學系,招生,小號,無,備2
056,國立臺灣藝術大學,056052,音樂學系,招生,法國號,無,無
056,國立臺灣藝術大學,056052,音樂學系,招生,上低音號,無,無
056,國立臺灣藝術大學,056052,音樂學系,招生,薩克斯管,無,正取
056,國立臺灣藝術大學,056052,音樂學系,招生,長笛,無,備6
056,國立臺灣藝術大學,056052,音樂學系,招生,單簧管(豎笛),無,備4
056,國立臺灣藝術大學,056052,音樂學系,招生,雙簧管,無,備3
056,國立臺灣藝術大學,056052,音樂學系,招生,低音管,無,無
056,國立臺灣藝術大學,056052,音樂學系,招生,擊樂,無,備4
056,國立臺灣藝術大學,056052,音樂學系,招生,理論作曲,無,無
056,國立臺灣藝術大學,056052,音樂學系,原住民,--,無,備4
056,國立臺灣藝術大學,056052,音樂學系,離島(澎湖縣),--,無,無
056,國立臺灣藝術大學,056062,中國音樂學系,招生,--,無,備5
056,國立臺灣藝術大學,056062,中國音樂學系,原住民,--,無,正取
056,國立臺灣藝術大學,056062,中國音樂學系,離島(澎湖縣),--,無,正取
056,國立臺灣藝術大學,056062,中國音樂學系,離島(金門縣),--,無,正取
056,國立臺灣藝術大學,056072,美術學系,招生,--,無,備8
056,國立臺灣藝術大學,056072,美術學系,原住民,--,無,正取
056,國立臺灣藝術大學,056072,美術學系,離島(澎湖縣),--,無,備1
056,國立臺灣藝術大學,056082,書畫藝術學系,招生,--,無,備10
056,國立臺灣藝術大學,056082,書畫藝術學系,原住民,--,無,無
056,國立臺灣藝術大學,056092,雕塑學系,招生,--,男,備2
056,國立臺灣藝術大學,056092,雕塑學系,招生,--,女,備6
056,國立臺灣藝術大學,056092,雕塑學系,原住民,--,無,無
056,國立臺灣藝術大學,056102,古蹟藝術修護學系,招生,--,無,備3
056,國立臺灣藝術大學,056102,古蹟藝術修護學系,原住民,--,無,無
056,國立臺灣藝術大學,056112,視覺傳達設計學系,招生,--,無,備10
056,國立臺灣藝術大學,056112,視覺傳達設計學系,原住民,--,無,備1
056,國立臺灣藝術大學,056112,視覺傳達設計學系,離島(澎湖縣),--,無,正取
056,國立臺灣藝術大學,056112,視覺傳達設計學系,離島(金門縣),--,無,正取
056,國立臺灣藝術大學,056122,工藝設計學系,招生,--,無,備4
056,國立臺灣藝術大學,056122,工藝設計學系,原住民,--,無,正取
056,國立臺灣藝術大學,056122,工藝設計學系,離島(澎湖縣),--,無,無
056,國立臺灣藝術大學,056132,多媒體動畫藝術學系,招生,--,無,正取
056,國立臺灣藝術大學,056132,多媒體動畫藝術學系,原住民,--,無,備1
056,國立臺灣藝術大學,056132,多媒體動畫藝術學系,離島(金門縣),--,無,正取
056,國立臺灣藝術大學,056142,亞太建築空間與文物保存學士學位學程,招生,--,無,備1
056,國立臺灣藝術大學,056142,亞太建築空間與文物保存學士學位學程,原住民,--,無,無
056,國立臺灣藝術大學,056152,舞蹈學系,招生,--,無,備5
056,國立臺灣藝術大學,056152,舞蹈學系,原住民,--,無,正取
056,國立臺灣藝術大學,056152,舞蹈學系,離島(澎湖縣),--,無,無
058,國立暨南國際大學,058012,中國語文學系,招生,--,無,備19
058,國立暨南國際大學,058012,中國語文學系,原住民,--,無,無
058,國立暨南國際大學,058022,外國語文學系,招生,--,無,備9
058,國立暨南國際大學,058022,外國語文學系,原住民,--,無,無
058,國立暨南國際大學,058032,社會政策與社會工作學系,招生,--,無,備12
058,國立暨南國際大學,058032,社會政策與社會工作學系,原住民,--,無,備4
058,國立暨南國際大學,058032,社會政策與社會工作學系,願景計畫,--,無,正取
058,國立暨南國際大學,058042,公共行政與政策學系,招生,--,無,備23
058,國立暨南國際大學,058042,公共行政與政策學系,願景計畫,--,無,備5
058,國立暨南國際大學,058052,歷史學系,招生,--,無,備14
058,國立暨南國際大學,058052,歷史學系,原住民,--,無,無
058,國立暨南國際大學,058062,東南亞學系,招生,--,無,備4
058,國立暨南國際大學,058062,東南亞學系,原住民,--,無,正取
058,國立暨南國際大學,058072,國際企業學系,招生,--,無,備7
058,國立暨南國際大學,058072,國際企業學系,原住民,--,無,無
058,國立暨南國際大學,058082,經濟學系,招生,--,無,備21
058,國立暨南國際大學,058082,經濟學系,原住民,--,無,無
058,國立暨南國際大學,058092,資訊管理學系,招生,--,無,備15
058,國立暨南國際大學,058092,資訊管理學系,原住民,--,無,無
058,國立暨南國際大學,058102,資訊管理學系(資安組),招生,--,無,無
058,國立暨南國際大學,058112,財務金融學系,招生,--,無,備40
058,國立暨南國際大學,058112,財務金融學系,原住民,--,無,無
058,國立暨南國際大學,058112,財務金融學系,願景計畫,--,無,正取
058,國立暨南國際大學,058122,觀光休閒與餐旅管理學系觀光休閒組,招生,--,無,正取
058,國立暨南國際大學,058122,觀光休閒與餐旅管理學系觀光休閒組,原住民,--,無,無
058,國立暨南國際大學,058132,觀光休閒與餐旅管理學系餐旅管理組,招生,--,無,備2
058,國立暨南國際大學,058132,觀光休閒與餐旅管理學系餐旅管理組,原住民,--,無,正取
058,國立暨南國際大學,058142,管理學院學士班,招生,--,無,正取
058,國立暨南國際大學,058142,管理學院學士班,原住民,--,無,無
058,國立暨南國際大學,058142,管理學院學士班,願景計畫,--,無,正取
058,國立暨南國際大學,058152,國際文教與比較教育學系,招生,--,無,備11
058,國立暨南國際大學,058152,國際文教與比較教育學系,原住民,--,無,無
058,國立暨南國際大學,058162,教育政策與行政學系,招生,--,無,備10
058,國立暨南國際大學,058172,諮商心理與人力資源發展學系諮商心理組,招生,--,無,備12
058,國立暨南國際大學,058172,諮商心理與人力資源發展學系諮商心理組,原住民,--,無,正取
058,國立暨南國際大學,058182,諮商心理與人力資源發展學系終身學習與人力資源發展組,招生,--,無,備6
058,國立暨南國際大學,058182,諮商心理與人力資源發展學系終身學習與人力資源發展組,原住民,--,無,無
058,國立暨南國際大學,058192,教育學院學士班教育科技與數位學習組,招生,--,無,正取
058,國立暨南國際大學,058192,教育學院學士班教育科技與數位學習組,原住民,--,無,無
058,國立暨南國際大學,058202,教育學院學士班教育心理與輔導組,招生,--,無,備1
058,國立暨南國際大學,058212,資訊工程學系,招生,--,無,備28
058,國立暨南國際大學,058212,資訊工程學系,願景計畫,--,無,正取
058,國立暨南國際大學,058222,資訊工程學系(APCS組),招生,--,無,備5
058,國立暨南國際大學,058232,資訊工程學系(資安組),招生,--,無,正取
058,國立暨南國際大學,058242,土木工程學系,招生,--,無,備12
058,國立暨南國際大學,058242,土木工程學系,原住民,--,無,正取
058,國立暨南國際大學,058242,土木工程學系,願景計畫,--,無,正取
058,國立暨南國際大學,058252,電機工程學系,招生,--,無,備40
058,國立暨南國際大學,058252,電機工程學系,原住民,--,無,無
058,國立暨南國際大學,058252,電機工程學系,願景計畫,--,無,備2
058,國立暨南國際大學,058262,應用化學系,招生,--,無,備21
058,國立暨南國際大學,058262,應用化學系,原住民,--,無,無
058,國立暨南國際大學,058262,應用化學系,願景計畫,--,無,無
058,國立暨南國際大學,058272,應用材料及光電工程學系,招生,--,無,備21
058,國立暨南國際大學,058272,應用材料及光電工程學系,原住民,--,無,無
058,國立暨南國際大學,058272,應用材料及光電工程學系,願景計畫,--,無,正取
058,國立暨南國際大學,058282,科技學院學士班,招生,--,無,備24
058,國立暨南國際大學,058282,科技學院學士班,原住民,--,無,無
058,國立暨南國際大學,058282,科技學院學士班,願景計畫,--,無,無
058,國立暨南國際大學,058292,科技學院學士班(資安組),招生,--,無,無
058,國立暨南國際大學,058302,護理學系,招生,--,無,備11
058,國立暨南國際大學,058302,護理學系,原住民,--,無,正取
058,國立暨南國際大學,058302,護理學系,願景計畫,--,無,正取
059,南華大學,059012,財務金融學系,招生,--,無,備2
059,南華大學,059012,財務金融學系,原住民,--,無,無
059,南華大學,059022,財務金融學系證券投資組,招生,--,無,備5
059,南華大學,059032,財務金融學系理財規劃組,招生,--,無,正取
059,南華大學,059042,企業管理學系數位行銷組,招生,--,無,正取
059,南華大學,059042,企業管理學系數位行銷組,原住民,--,無,無
059,南華大學,059052,企業管理學系創新創業組,招生,--,無,備1
059,南華大學,059062,企業管理學系經營管理組,招生,--,無,備3
059,南華大學,059062,企業管理學系經營管理組,原住民,--,無,無
059,南華大學,059072,企業管理學系服務業管理組,招生,--,無,備3
059,南華大學,059082,文化創意事業管理學系,招生,--,無,正取
059,南華大學,059082,文化創意事業管理學系,原住民,--,無,無
059,南華大學,059092,旅遊管理學系,招生,--,無,正取
059,南華大學,059092,旅遊管理學系,原住民,--,無,無
059,南華大學,059102,旅遊管理學系旅館管理組,招生,--,無,備5
059,南華大學,059112,旅遊管理學系觀光遊憩組,招生,--,無,正取
059,南華大學,059122,旅遊管理學系餐宴廚藝組,招生,--,無,正取
059,南華大學,059122,旅遊管理學系餐宴廚藝組,原住民,--,無,無
059,南華大學,059132,管理學院國際企業學士學位學程,招生,--,無,正取
059,南華大學,059142,管理學院國際企業學士學位學程國際數位行銷組,招生,--,無,備3
059,南華大學,059152,生死學系社會工作組,招生,--,無,正取
059,南華大學,059152,生死學系社會工作組,原住民,--,無,無
059,南華大學,059162,生死學系殯葬服務組,招生,--,無,備21
059,南華大學,059162,生死學系殯葬服務組,原住民,--,無,正取
059,南華大學,059172,生死學系諮商組,招生,--,無,備16
059,南華大學,059172,生死學系諮商組,原住民,--,無,無
059,南華大學,059182,幼兒教育學系,招生,--,無,備7
059,南華大學,059182,幼兒教育學系,原住民,--,無,無
059,南華大學,059192,文學系,招生,--,無,正取
059,南華大學,059192,文學系,原住民,--,無,無
059,南華大學,059202,文學系藝文創作組,招生,--,無,備3
059,南華大學,059202,文學系藝文創作組,原住民,--,無,無
059,南華大學,059212,外國語文學系,招生,--,無,備24
059,南華大學,059212,外國語文學系,原住民,--,無,無
059,南華大學,059222,應用社會學系社會學組研究調查組,招生,--,無,備12
059,南華大學,059232,應用社會學系社會學組社區實務組,招生,--,無,正取
059,南華大學,059232,應用社會學系社會學組社區實務組,原住民,--,無,無
059,南華大學,059242,應用社會學系社會工作組,招生,--,無,備5
059,南華大學,059242,應用社會學系社會工作組,原住民,--,無,無
059,南華大學,059252,應用社會學系社會工作組長期照顧管理組,招生,--,無,備4
059,南華大學,059252,應用社會學系社會工作組長期照顧管理組,原住民,--,無,無
059,南華大學,059262,應用社會學系社會工作組兒少婦家庭組,招生,--,無,備1
059,南華大學,059262,應用社會學系社會工作組兒少婦家庭組,原住民,--,無,無
059,南華大學,059272,傳播學系廣告公關新聞組,招生,--,無,備7
059,南華大學,059272,傳播學系廣告公關新聞組,原住民,--,無,備1
059,南華大學,059282,傳播學系數位影音製作組,招生,--,無,正取
059,南華大學,059282,傳播學系數位影音製作組,原住民,--,無,無
059,南華大學,059292,傳播學系影劇表演藝術組,招生,--,無,備3
059,南華大學,059292,傳播學系影劇表演藝術組,原住民,--,無,無
059,南華大學,059302,國際事務與企業學系,招生,--,無,備3
059,南華大學,059302,國際事務與企業學系,原住民,--,無,無
059,南華大學,059312,國際事務與企業學系外交與國際事務組,招生,--,無,正取
059,南華大學,059312,國際事務與企業學系外交與國際事務組,原住民,--,無,無
059,南華大學,059322,國際事務與企業學系公共事務與管理組,招生,--,無,正取
059,南華大學,059322,國際事務與企業學系公共事務與管理組,原住民,--,無,無
059,南華大學,059332,視覺藝術與設計學系繪畫文創組,招生,--,無,正取
059,南華大學,059332,視覺藝術與設計學系繪畫文創組,原住民,--,無,無
059,南華大學,059342,視覺藝術與設計學系數位設計組,招生,--,無,備9
059,南華大學,059342,視覺藝術與設計學系數位設計組,原住民,--,無,無
059,南華大學,059352,民族音樂學系展演創作組,招生,--,無,正取
059,南華大學,059352,民族音樂學系展演創作組,原住民,--,無,無
059,南華大學,059362,民族音樂學系藝術管理組,招生,--,無,正取
059,南華大學,059362,民族音樂學系藝術管理組,原住民,--,無,無
059,南華大學,059372,建築學系社會組,招生,--,無,備3
059,南華大學,059372,建築學系社會組,原住民,--,無,無
059,南華大學,059382,建築學系自然組,招生,--,無,正取
059,南華大學,059382,建築學系自然組,原住民,--,無,無
059,南華大學,059392,產品與室內設計學系,招生,--,無,正取
059,南華大學,059392,產品與室內設計學系,原住民,--,無,無
059,南華大學,059402,產品與室內設計學系(青年儲蓄帳戶組),招生,--,無,無
059,南華大學,059412,資訊工程學系,招生,--,無,備13
059,南華大學,059412,資訊工程學系,原住民,--,無,無
059,南華大學,059422,資訊工程學系人工智慧組,招生,--,無,備12
059,南華大學,059422,資訊工程學系人工智慧組,原住民,--,無,無
059,南華大學,059432,資訊工程學系資訊電子組,招生,--,無,備3
059,南華大學,059432,資訊工程學系資訊電子組,原住民,--,無,無
059,南華大學,059442,資訊工程學系互動遊戲設計組,招生,--,無,備3
059,南華大學,059442,資訊工程學系互動遊戲設計組,原住民,--,無,無
059,南華大學,059452,自然生物科技學系,招生,--,無,備6
059,南華大學,059452,自然生物科技學系,原住民,--,無,無
059,南華大學,059462,自然生物科技學系生技療癒組,招生,--,無,備1
059,南華大學,059462,自然生物科技學系生技療癒組,原住民,--,無,無
059,南華大學,059472,自然生物科技學系產品研發組,招生,--,無,正取
059,南華大學,059472,自然生物科技學系產品研發組,原住民,--,無,無
059,南華大學,059482,資訊管理學系,招生,--,無,備2
059,南華大學,059482,資訊管理學系,原住民,--,無,無
060,國立臺灣體育運動大學,060012,體育學系(一般組),招生,--,無,備30
060,國立臺灣體育運動大學,060012,體育學系(一般組),原住民,--,無,備5
060,國立臺灣體育運動大學,060012,體育學系(一般組),離島(金門縣),--,無,正取
060,國立臺灣體育運動大學,060022,休閒運動學系(一般組),招生,--,無,備13
060,國立臺灣體育運動大學,060022,休閒運動學系(一般組),原住民,--,無,備2
060,國立臺灣體育運動大學,060022,休閒運動學系(一般組),離島(澎湖縣),--,無,正取
060,國立臺灣體育運動大學,060032,運動事業管理學系,招生,--,無,備9
060,國立臺灣體育運動大學,060032,運動事業管理學系,原住民,--,無,正取
060,國立臺灣體育運動大學,060032,運動事業管理學系,離島(金門縣),--,無,正取
060,國立臺灣體育運動大學,060042,運動健康科學學系,招生,--,無,備25
060,國立臺灣體育運動大學,060042,運動健康科學學系,原住民,--,無,正取
060,國立臺灣體育運動大學,060052,運動資訊與傳播學系,招生,--,無,備8
060,國立臺灣體育運動大學,060052,運動資訊與傳播學系,原住民,--,無,無
060,國立臺灣體育運動大學,060062,體育學系(青年儲蓄帳戶組),招生,--,無,正取
060,國立臺灣體育運動大學,060072,體育學系(運動專長組),招生,籃球,無,備1
060,國立臺灣體育運動大學,060072,體育學系(運動專長組),招生,排球,無,備1
060,國立臺灣體育運動大學,060072,體育學系(運動專長組),招生,足球,無,備3
060,國立臺灣體育運動大學,060072,體育學系(運動專長組),招生,體操,無,正取
060,國立臺灣體育運動大學,060072,體育學系(運動專長組),招生,滾球,無,正取
060,國立臺灣體育運動大學,060072,體育學系(運動專長組),招生,國術與龍獅運動,無,正取
060,國立臺灣體育運動大學,060082,休閒運動學系(休閒運動組),招生,--,無,備1
060,國立臺灣體育運動大學,060082,休閒運動學系(休閒運動組),原住民,--,無,正取
063,國立臺南藝術大學,063012,藝術史學系,招生,--,無,備9
063,國立臺南藝術大學,063012,藝術史學系,原住民,--,無,無
063,國立臺南藝術大學,063022,藝術史學系(青年儲蓄帳戶組),招生,--,無,正取
063,國立臺南藝術大學,063032,應用音樂學系,招生,--,無,備7
063,國立臺南藝術大學,063032,應用音樂學系,原住民,--,無,正取
063,國立臺南藝術大學,063042,材質創作與設計系,招生,--,無,備31
063,國立臺南藝術大學,063042,材質創作與設計系,原住民,--,無,正取
065,玄奘大學,065012,社會工作學系,招生,--,無,正取
065,玄奘大學,065012,社會工作學系,原住民,--,無,無
065,玄奘大學,065022,應用心理學系,招生,--,無,備7
065,玄奘大學,065022,應用心理學系,原住民,--,無,無
065,玄奘大學,065032,法律學系,招生,--,無,正取
065,玄奘大學,065032,法律學系,原住民,--,無,無
065,玄奘大學,065042,宗教與文化學系,招生,--,無,正取
065,玄奘大學,065042,宗教與文化學系,原住民,--,無,無
065,玄奘大學,065052,大眾傳播學系,招生,--,無,正取
065,玄奘大學,065052,大眾傳播學系,原住民,--,無,無
065,玄奘大學,065062,影劇藝術學系,招生,--,無,正取
065,玄奘大學,065062,影劇藝術學系,原住民,--,無,無
065,玄奘大學,065072,應用日語學系,招生,--,無,正取
065,玄奘大學,065072,應用日語學系,原住民,--,無,無
065,玄奘大學,065082,餐旅管理學系,招生,--,無,無
065,玄奘大學,065082,餐旅管理學系,原住民,--,無,無
065,玄奘大學,065092,視覺傳達設計學系,招生,--,無,正取
065,玄奘大學,065092,視覺傳達設計學系,原住民,--,無,無
065,玄奘大學,065102,藝術與創意設計學系,招生,--,無,正取
065,玄奘大學,065102,藝術與創意設計學系,原住民,--,無,無
065,玄奘大學,065112,時尚設計學系,招生,--,無,正取
065,玄奘大學,065112,時尚設計學系,原住民,--,無,無
079,真理大學,079012,人文與資訊學系一般組,招生,--,無,正取
079,真理大學,079022,人文與資訊學系行銷實務組,招生,--,無,正取
079,真理大學,079022,人文與資訊學系行銷實務組,原住民,--,無,無
079,真理大學,079032,人文與資訊學系數位應用組,招生,--,無,備4
079,真理大學,079032,人文與資訊學系數位應用組,原住民,--,無,無
079,真理大學,079042,宗教文化與資訊管理學系,招生,--,無,正取
079,真理大學,079042,宗教文化與資訊管理學系,原住民,--,無,無
079,真理大學,079052,宗教文化與資訊管理學系生命關懷組,招生,--,無,正取
079,真理大學,079052,宗教文化與資訊管理學系生命關懷組,原住民,--,無,無
079,真理大學,079062,宗教文化與資訊管理學系資訊與文創組,招生,--,無,正取
079,真理大學,079072,宗教文化與資訊管理學系(青年儲蓄帳戶組),招生,--,無,無
079,真理大學,079082,英美語文學系英語暨華語教學組,招生,--,無,正取
079,真理大學,079082,英美語文學系英語暨華語教學組,原住民,--,無,無
079,真理大學,079092,英美語文學系傳播暨文化經貿組,招生,--,無,備2
079,真理大學,079092,英美語文學系傳播暨文化經貿組,原住民,--,無,無
079,真理大學,079102,應用日語學系,招生,--,無,正取
079,真理大學,079102,應用日語學系,原住民,--,無,無
079,真理大學,079112,應用日語學系(青年儲蓄帳戶組),招生,--,無,無
079,真理大學,079122,台灣文學系一般組,招生,--,無,正取
079,真理大學,079122,台灣文學系一般組,原住民,--,無,無
079,真理大學,079132,台灣文學系語文傳播組,招生,--,無,正取
079,真理大學,079132,台灣文學系語文傳播組,原住民,--,無,無
079,真理大學,079142,統計資訊與精算學系一般組,招生,--,無,正取
079,真理大學,079142,統計資訊與精算學系一般組,原住民,--,無,無
079,真理大學,079152,統計資訊與精算學系商業應用組,招生,--,無,無
079,真理大學,079152,統計資訊與精算學系商業應用組,原住民,--,無,無
079,真理大學,079162,統計資訊與精算學系(青年儲蓄帳戶組),招生,--,無,無
079,真理大學,079172,資訊工程學系資訊安全應用組,招生,--,無,無
079,真理大學,079172,資訊工程學系資訊安全應用組,原住民,--,無,無
079,真理大學,079182,資訊工程學系科技應用組,招生,--,無,備2
079,真理大學,079182,資訊工程學系科技應用組,原住民,--,無,無
079,真理大學,079192,資訊工程學系人工智慧應用組,招生,--,無,備2
079,真理大學,079202,資訊工程學系多媒體應用組,招生,--,無,正取
079,真理大學,079202,資訊工程學系多媒體應用組,原住民,--,無,無
079,真理大學,079212,資訊工程學系遊戲設計組,招生,--,無,備2
079,真理大學,079212,資訊工程學系遊戲設計組,原住民,--,無,無
079,真理大學,079222,法律學系,招生,--,無,備7
079,真理大學,079222,法律學系,原住民,--,無,無
079,真理大學,079232,法律學系(青年儲蓄帳戶組),招生,--,無,無
079,真理大學,079242,會計資訊學系,招生,--,無,正取
079,真理大學,079242,會計資訊學系,原住民,--,無,無
079,真理大學,079252,財務金融學系,招生,--,無,備1
079,真理大學,079252,財務金融學系,原住民,--,無,無
079,真理大學,079262,國際企業與貿易學系,招生,--,無,正取
079,真理大學,079262,國際企業與貿易學系,原住民,--,無,無
079,真理大學,079272,國際企業與貿易學系(青年儲蓄帳戶組),招生,--,無,無
079,真理大學,079282,理財與稅務規劃學系理財組,招生,--,無,正取
079,真理大學,079282,理財與稅務規劃學系理財組,原住民,--,無,無
079,真理大學,079292,理財與稅務規劃學系稅務規劃組,招生,--,無,無
079,真理大學,079292,理財與稅務規劃學系稅務規劃組,原住民,--,無,無
079,真理大學,079302,經濟學系財經大數據組,招生,--,無,無
079,真理大學,079302,經濟學系財經大數據組,原住民,--,無,無
079,真理大學,079312,經濟學系應用經濟組,招生,--,無,備4
079,真理大學,079312,經濟學系應用經濟組,原住民,--,無,無
079,真理大學,079322,工業管理與經營資訊學系人工智慧應用組,招生,--,無,備1
079,真理大學,079322,工業管理與經營資訊學系人工智慧應用組,原住民,--,無,無
079,真理大學,079332,工業管理與經營資訊學系科技創新製造組,招生,--,無,無
079,真理大學,079332,工業管理與經營資訊學系科技創新製造組,原住民,--,無,無
079,真理大學,079342,工業管理與經營資訊學系智慧經營管理組,招生,--,無,正取
079,真理大學,079342,工業管理與經營資訊學系智慧經營管理組,原住民,--,無,無
079,真理大學,079352,企業管理學系,招生,--,無,正取
079,真理大學,079352,企業管理學系,原住民,--,無,無
079,真理大學,079362,企業管理學系(青年儲蓄帳戶組),招生,--,無,無
079,真理大學,079372,資訊管理學系資安管理組,招生,--,無,無
079,真理大學,079372,資訊管理學系資安管理組,原住民,--,無,無
079,真理大學,079382,資訊管理學系電商行銷組,招生,--,無,備3
079,真理大學,079382,資訊管理學系電商行銷組,原住民,--,無,無
079,真理大學,079392,運動管理學系,招生,--,無,正取
079,真理大學,079392,運動管理學系,原住民,--,無,無
079,真理大學,079402,運動資訊傳播學系,招生,--,無,正取
079,真理大學,079402,運動資訊傳播學系,原住民,--,無,無
079,真理大學,079412,觀光事業學系旅遊管理組,招生,--,無,備1
079,真理大學,079412,觀光事業學系旅遊管理組,原住民,--,無,無
079,真理大學,079422,觀光事業學系餐旅管理組,招生,--,無,正取
079,真理大學,079422,觀光事業學系餐旅管理組,原住民,--,無,無
079,真理大學,079432,觀光事業學系休閒遊憩組,招生,--,無,正取
079,真理大學,079432,觀光事業學系休閒遊憩組,原住民,--,無,無
079,真理大學,079442,觀光事業學系產業經營組,招生,--,無,備4
079,真理大學,079442,觀光事業學系產業經營組,原住民,--,無,無
079,真理大學,079452,觀光事業學系(青年儲蓄帳戶組),招生,--,無,無
079,真理大學,079462,觀光數位知識學系,招生,--,無,無
079,真理大學,079462,觀光數位知識學系,原住民,--,無,無
079,真理大學,079472,觀光數位知識學系(青年儲蓄帳戶組),招生,--,無,無
079,真理大學,079482,航空事業學系,招生,--,無,正取
079,真理大學,079482,航空事業學系,原住民,--,無,無
079,真理大學,079492,音樂應用學系-行政管理組,招生,--,無,無
079,真理大學,079502,音樂應用學系-演奏教學A組,招生,鋼琴,無,無
079,真理大學,079502,音樂應用學系-演奏教學A組,招生,聲樂,無,正取
079,真理大學,079502,音樂應用學系-演奏教學A組,招生,小提琴,無,無
079,真理大學,079502,音樂應用學系-演奏教學A組,招生,大提琴,無,無
079,真理大學,079502,音樂應用學系-演奏教學A組,招生,薩克斯管,無,無
079,真理大學,079502,音樂應用學系-演奏教學A組,招生,長笛,無,無
079,真理大學,079502,音樂應用學系-演奏教學A組,招生,單簧管(豎笛),無,無
079,真理大學,079502,音樂應用學系-演奏教學A組,招生,擊樂,無,無
079,真理大學,079502,音樂應用學系-演奏教學A組,原住民,--,無,無
079,真理大學,079512,音樂應用學系-演奏教學B組,招生,--,無,無
079,真理大學,079512,音樂應用學系-演奏教學B組,原住民,--,無,無
099,國立臺北大學,099012,法律學系法學組,招生,--,無,備27
099,國立臺北大學,099012,法律學系法學組,原住民,--,無,正取
099,國立臺北大學,099022,法律學系法學組(飛鳶組),招生,--,無,正取
099,國立臺北大學,099032,法律學系司法組,招生,--,無,備18
099,國立臺北大學,099032,法律學系司法組,原住民,--,無,備1
099,國立臺北大學,099042,法律學系司法組(飛鳶組),招生,--,無,正取
099,國立臺北大學,099052,法律學系財經法組,招生,--,無,備12
099,國立臺北大學,099052,法律學系財經法組,原住民,--,無,備3
099,國立臺北大學,099062,法律學系財經法組(飛鳶組),招生,--,無,備1
099,國立臺北大學,099072,企業管理學系,招生,--,無,備33
099,國立臺北大學,099072,企業管理學系,原住民,--,無,正取
099,國立臺北大學,099072,企業管理學系,離島(金門縣),--,無,無
099,國立臺北大學,099082,企業管理學系(飛鳶組),招生,--,無,備1
099,國立臺北大學,099092,金融與合作經營學系,招生,--,無,備12
099,國立臺北大學,099092,金融與合作經營學系,原住民,--,無,備3
099,國立臺北大學,099092,金融與合作經營學系,離島(金門縣),--,無,正取
099,國立臺北大學,099102,金融與合作經營學系(飛鳶組),招生,--,無,備1
099,國立臺北大學,099112,會計學系,招生,--,無,備52
099,國立臺北大學,099112,會計學系,原住民,--,無,備2
099,國立臺北大學,099112,會計學系,離島(金門縣),--,無,無
099,國立臺北大學,099122,會計學系(飛鳶組),招生,--,無,備1
099,國立臺北大學,099132,統計學系,招生,--,無,備25
099,國立臺北大學,099132,統計學系,原住民,--,無,無
099,國立臺北大學,099142,統計學系(飛鳶組),招生,--,無,無
099,國立臺北大學,099152,休閒運動管理學系,招生,--,無,備13
099,國立臺北大學,099152,休閒運動管理學系,原住民,--,無,備1
099,國立臺北大學,099162,休閒運動管理學系(飛鳶組),招生,--,無,無
099,國立臺北大學,099172,公共行政暨政策學系,招生,--,無,備28
099,國立臺北大學,099172,公共行政暨政策學系,原住民,--,無,備1
099,國立臺北大學,099172,公共行政暨政策學系,離島(金門縣),--,無,備2
099,國立臺北大學,099182,公共行政暨政策學系(飛鳶組),招生,--,無,備3
099,國立臺北大學,099192,財政學系,招生,--,無,備21
099,國立臺北大學,099192,財政學系,原住民,--,無,無
099,國立臺北大學,099202,財政學系(飛鳶組),招生,--,無,無
099,國立臺北大學,099212,不動產與城鄉環境學系甲組,招生,--,無,備13
099,國立臺北大學,099212,不動產與城鄉環境學系甲組,原住民,--,無,無
099,國立臺北大學,099222,不動產與城鄉環境學系乙組,招生,--,無,備13
099,國立臺北大學,099222,不動產與城鄉環境學系乙組,原住民,--,無,無
099,國立臺北大學,099222,不動產與城鄉環境學系乙組,離島(澎湖縣),--,無,備1
099,國立臺北大學,099232,不動產與城鄉環境學系(飛鳶組),招生,--,無,備2
099,國立臺北大學,099242,經濟學系,招生,--,無,備44
099,國立臺北大學,099242,經濟學系,原住民,--,無,備5
099,國立臺北大學,099242,經濟學系,離島(金門縣),--,無,備1
099,國立臺北大學,099252,經濟學系(飛鳶組),招生,--,無,無
099,國立臺北大學,099262,社會學系,招生,--,無,備21
099,國立臺北大學,099262,社會學系,原住民,--,無,備4
099,國立臺北大學,099272,社會學系(飛鳶組),招生,--,無,無
099,國立臺北大學,099282,社會工作學系,招生,--,無,備8
099,國立臺北大學,099282,社會工作學系,原住民,--,無,備3
099,國立臺北大學,099282,社會工作學系,離島(澎湖縣),--,無,備1
099,國立臺北大學,099282,社會工作學系,離島(金門縣),--,無,備1
099,國立臺北大學,099292,社會工作學系(飛鳶組),招生,--,無,備1
099,國立臺北大學,099302,中國文學系,招生,--,無,備18
099,國立臺北大學,099302,中國文學系,原住民,--,無,備1
099,國立臺北大學,099312,中國文學系(飛鳶組),招生,--,無,備3
099,國立臺北大學,099322,應用外語學系,招生,--,無,正取
099,國立臺北大學,099322,應用外語學系,原住民,--,無,備1
099,國立臺北大學,099332,應用外語學系(飛鳶組),招生,--,無,備2
099,國立臺北大學,099342,歷史學系,招生,--,無,備7
099,國立臺北大學,099342,歷史學系,原住民,--,無,備1
099,國立臺北大學,099352,歷史學系(飛鳶組),招生,--,無,備3
099,國立臺北大學,099362,資訊工程學系,招生,--,無,備39
099,國立臺北大學,099362,資訊工程學系,原住民,--,無,無
099,國立臺北大學,099372,資訊工程學系(APCS組),招生,--,無,備2
099,國立臺北大學,099382,資訊工程學系(飛鳶組),招生,--,無,正取
099,國立臺北大學,099392,通訊工程學系,招生,--,無,備34
099,國立臺北大學,099392,通訊工程學系,原住民,--,無,無
099,國立臺北大學,099402,通訊工程學系(飛鳶組),招生,--,無,正取
099,國立臺北大學,099412,電機工程學系,招生,--,無,備40
099,國立臺北大學,099412,電機工程學系,原住民,--,無,正取
099,國立臺北大學,099422,電機工程學系(飛鳶組),招生,--,無,備2
100,國立嘉義大學,100012,教育學系,招生,--,無,備14
100,國立嘉義大學,100012,教育學系,原住民,--,無,無
100,國立嘉義大學,100022,輔導與諮商學系,招生,--,無,備21
100,國立嘉義大學,100022,輔導與諮商學系,原住民,--,無,備4
100,國立嘉義大學,100032,特殊教育學系,招生,--,無,備15
100,國立嘉義大學,100042,幼兒教育學系,招生,--,無,備26
100,國立嘉義大學,100042,幼兒教育學系,原住民,--,無,無
100,國立嘉義大學,100052,數位學習設計與管理學系,招生,--,無,備23
100,國立嘉義大學,100052,數位學習設計與管理學系,原住民,--,無,無
100,國立嘉義大學,100062,中國文學系,招生,--,無,備1
100,國立嘉義大學,100062,中國文學系,原住民,--,無,無
100,國立嘉義大學,100072,應用歷史學系,招生,--,無,備18
100,國立嘉義大學,100082,外國語言學系英語教學組,招生,--,無,備37
100,國立嘉義大學,100082,外國語言學系英語教學組,願景計畫,--,無,無
100,國立嘉義大學,100092,外國語言學系應用外語組,招生,--,無,備15
100,國立嘉義大學,100092,外國語言學系應用外語組,願景計畫,--,無,備1
100,國立嘉義大學,100102,企業管理學系,招生,--,無,備22
100,國立嘉義大學,100102,企業管理學系,原住民,--,無,無
100,國立嘉義大學,100102,企業管理學系,願景計畫,--,無,備7
100,國立嘉義大學,100112,應用經濟學系,招生,--,無,備11
100,國立嘉義大學,100112,應用經濟學系,原住民,--,無,正取
100,國立嘉義大學,100122,科技管理學系,招生,--,無,備21
100,國立嘉義大學,100122,科技管理學系,原住民,--,無,無
100,國立嘉義大學,100122,科技管理學系,願景計畫,--,無,無
100,國立嘉義大學,100132,資訊管理學系,招生,--,無,備14
100,國立嘉義大學,100132,資訊管理學系,原住民,--,無,無
100,國立嘉義大學,100132,資訊管理學系,願景計畫,--,無,正取
100,國立嘉義大學,100142,資訊管理學系(資安組),招生,--,無,備1
100,國立嘉義大學,100152,行銷與觀光管理學系,招生,--,無,備19
100,國立嘉義大學,100152,行銷與觀光管理學系,原住民,--,無,無
100,國立嘉義大學,100162,財務金融學系,招生,--,無,備16
100,國立嘉義大學,100162,財務金融學系,原住民,--,無,備1
100,國立嘉義大學,100162,財務金融學系,願景計畫,--,無,備5
100,國立嘉義大學,100172,農藝學系,招生,--,無,備26
100,國立嘉義大學,100172,農藝學系,原住民,--,無,備1
100,國立嘉義大學,100172,農藝學系,願景計畫,--,無,無
100,國立嘉義大學,100182,園藝學系,招生,--,無,備26
100,國立嘉義大學,100182,園藝學系,原住民,--,無,無
100,國立嘉義大學,100182,園藝學系,願景計畫,--,無,正取
100,國立嘉義大學,100192,森林暨自然資源學系,招生,--,無,備26
100,國立嘉義大學,100192,森林暨自然資源學系,原住民,--,無,無
100,國立嘉義大學,100202,木質材料與設計學系,招生,--,無,備22
100,國立嘉義大學,100202,木質材料與設計學系,原住民,--,無,無
100,國立嘉義大學,100212,動物科學系,招生,--,無,備14
100,國立嘉義大學,100212,動物科學系,原住民,--,無,正取
100,國立嘉義大學,100222,農業生物科技學系,招生,--,無,備18
100,國立嘉義大學,100222,農業生物科技學系,願景計畫,--,無,備2
100,國立嘉義大學,100232,景觀學系,招生,--,無,備1
100,國立嘉義大學,100232,景觀學系,原住民,--,無,無
100,國立嘉義大學,100242,植物醫學系,招生,--,無,備15
100,國立嘉義大學,100242,植物醫學系,原住民,--,無,正取
100,國立嘉義大學,100252,電子物理學系,招生,--,無,備17
100,國立嘉義大學,100252,電子物理學系,原住民,--,無,無
100,國立嘉義大學,100262,應用化學系,招生,--,無,備20
100,國立嘉義大學,100262,應用化學系,願景計畫,--,無,正取
100,國立嘉義大學,100272,應用數學系,招生,--,無,備24
100,國立嘉義大學,100272,應用數學系,原住民,--,無,無
100,國立嘉義大學,100282,資訊工程學系,招生,--,無,備17
100,國立嘉義大學,100282,資訊工程學系,願景計畫,--,無,正取
100,國立嘉義大學,100292,生物機電工程學系,招生,--,無,備20
100,國立嘉義大學,100292,生物機電工程學系,原住民,--,無,無
100,國立嘉義大學,100292,生物機電工程學系,願景計畫,--,無,無
100,國立嘉義大學,100302,土木與水資源工程學系,招生,--,無,備35
100,國立嘉義大學,100302,土木與水資源工程學系,原住民,--,無,無
100,國立嘉義大學,100312,電機工程學系,招生,--,無,備26
100,國立嘉義大學,100312,電機工程學系,原住民,--,無,無
100,國立嘉義大學,100312,電機工程學系,願景計畫,--,無,備2
100,國立嘉義大學,100322,機械與能源工程學系,招生,--,無,備21
100,國立嘉義大學,100322,機械與能源工程學系,原住民,--,無,無
100,國立嘉義大學,100322,機械與能源工程學系,願景計畫,--,無,無
100,國立嘉義大學,100332,食品科學系,招生,--,無,備10
100,國立嘉義大學,100332,食品科學系,原住民,--,無,無
100,國立嘉義大學,100332,食品科學系,願景計畫,--,無,無
100,國立嘉義大學,100342,水生生物科學系,招生,--,無,備19
100,國立嘉義大學,100342,水生生物科學系,原住民,--,無,無
100,國立嘉義大學,100352,生物資源學系,招生,--,無,備32
100,國立嘉義大學,100352,生物資源學系,原住民,--,無,無
100,國立嘉義大學,100352,生物資源學系,願景計畫,--,無,備1
100,國立嘉義大學,100362,生化科技學系,招生,--,無,備28
100,國立嘉義大學,100362,生化科技學系,原住民,--,無,無
100,國立嘉義大學,100362,生化科技學系,願景計畫,--,無,備2
100,國立嘉義大學,100372,微生物免疫與生物藥學系,招生,--,無,備24
100,國立嘉義大學,100372,微生物免疫與生物藥學系,原住民,--,無,無
100,國立嘉義大學,100372,微生物免疫與生物藥學系,願景計畫,--,無,備1
100,國立嘉義大學,100382,獸醫學系,招生,--,無,備25
100,國立嘉義大學,100382,獸醫學系,原住民,--,無,備5
100,國立嘉義大學,100382,獸醫學系,離島(屏東縣),--,無,備2
100,國立嘉義大學,100392,音樂學系,招生,鋼琴,無,備8
100,國立嘉義大學,100392,音樂學系,招生,聲樂,無,備4
100,國立嘉義大學,100392,音樂學系,招生,小提琴,無,備14
100,國立嘉義大學,100392,音樂學系,招生,中提琴,無,無
100,國立嘉義大學,100392,音樂學系,招生,大提琴,無,備3
100,國立嘉義大學,100392,音樂學系,招生,低音提琴,無,備3
100,國立嘉義大學,100392,音樂學系,招生,長號,無,備7
100,國立嘉義大學,100392,音樂學系,招生,小號,無,備2
100,國立嘉義大學,100392,音樂學系,招生,法國號,無,備3
100,國立嘉義大學,100392,音樂學系,招生,上低音號,無,備5
100,國立嘉義大學,100392,音樂學系,招生,低音號,無,無
100,國立嘉義大學,100392,音樂學系,招生,薩克斯管,無,備3
100,國立嘉義大學,100392,音樂學系,招生,長笛,無,備3
100,國立嘉義大學,100392,音樂學系,招生,單簧管(豎笛),無,備3
100,國立嘉義大學,100392,音樂學系,招生,雙簧管,無,正取
100,國立嘉義大學,100392,音樂學系,招生,擊樂,無,備3
100,國立嘉義大學,100392,音樂學系,招生,理論作曲,無,備2
100,國立嘉義大學,100392,音樂學系,原住民,--,無,無
100,國立嘉義大學,100402,視覺藝術學系,招生,--,無,備67
100,國立嘉義大學,100402,視覺藝術學系,原住民,--,無,無
100,國立嘉義大學,100412,視覺藝術學系(青年儲蓄帳戶組),招生,--,無,無
100,國立嘉義大學,100422,體育與健康休閒學系,招生,--,無,備23
100,國立嘉義大學,100422,體育與健康休閒學系,原住民,--,無,無
101,國立高雄大學,101012,西洋語文學系,招生,--,無,備6
101,國立高雄大學,101012,西洋語文學系,原住民,--,無,無
101,國立高雄大學,101022,運動健康與休閒學系,招生,--,無,備26
101,國立高雄大學,101022,運動健康與休閒學系,原住民,--,無,正取
101,國立高雄大學,101032,東亞語文學系日語組,招生,--,無,備3
101,國立高雄大學,101032,東亞語文學系日語組,原住民,--,無,備1
101,國立高雄大學,101042,東亞語文學系韓語組,招生,--,無,備6
101,國立高雄大學,101042,東亞語文學系韓語組,原住民,--,無,正取
101,國立高雄大學,101052,東亞語文學系越語組,招生,--,無,備2
101,國立高雄大學,101052,東亞語文學系越語組,原住民,--,無,無
101,國立高雄大學,101062,法律學系,招生,--,無,備16
101,國立高雄大學,101072,政治法律學系,招生,--,無,備17
101,國立高雄大學,101072,政治法律學系,原住民,--,無,無
101,國立高雄大學,101082,財經法律學系,招生,--,無,備6
101,國立高雄大學,101082,財經法律學系,原住民,--,無,備3
101,國立高雄大學,101092,應用經濟學系,招生,--,無,備17
101,國立高雄大學,101092,應用經濟學系,原住民,--,無,正取
101,國立高雄大學,101102,亞太工商管理學系企業管理組,招生,--,無,備20
101,國立高雄大學,101102,亞太工商管理學系企業管理組,原住民,--,無,無
101,國立高雄大學,101112,亞太工商管理學系工業管理組,招生,--,無,備9
101,國立高雄大學,101112,亞太工商管理學系工業管理組,原住民,--,無,無
101,國立高雄大學,101122,資訊管理學系,招生,--,無,備2
101,國立高雄大學,101132,資訊管理學系(資安組),招生,--,無,正取
101,國立高雄大學,101142,資訊管理學系(願景組),招生,--,無,正取
101,國立高雄大學,101152,財務金融學系,招生,--,無,備12
101,國立高雄大學,101152,財務金融學系,原住民,--,無,備1
101,國立高雄大學,101162,財務金融學系(願景組),招生,--,無,正取
101,國立高雄大學,101172,應用數學系,招生,--,無,備26
101,國立高雄大學,101182,應用化學系,招生,--,無,備27
101,國立高雄大學,101192,應用物理學系,招生,--,無,備31
101,國立高雄大學,101192,應用物理學系,原住民,--,無,無
101,國立高雄大學,101202,應用物理學系(願景組),招生,--,無,正取
101,國立高雄大學,101212,生命科學系,招生,--,無,備29
101,國立高雄大學,101212,生命科學系,原住民,--,無,無
101,國立高雄大學,101222,生命科學系(願景組),招生,--,無,備2
101,國立高雄大學,101232,電機工程學系,招生,--,無,備53
101,國立高雄大學,101232,電機工程學系,原住民,--,無,正取
101,國立高雄大學,101242,電機工程學系(願景組),招生,--,無,備1
101,國立高雄大學,101252,電機工程學系(青年儲蓄帳戶組),招生,--,無,無
101,國立高雄大學,101262,土木與環境工程學系(願景組),招生,--,無,無
101,國立高雄大學,101272,土木與環境工程學系土木工程組,招生,--,無,備15
101,國立高雄大學,101282,土木與環境工程學系環境工程組,招生,--,無,備14
101,國立高雄大學,101282,土木與環境工程學系環境工程組,原住民,--,無,無
101,國立高雄大學,101282,土木與環境工程學系環境工程組,離島(澎湖縣),--,無,備1
101,國立高雄大學,101292,化學工程及材料工程學系,招生,--,無,備15
101,國立高雄大學,101292,化學工程及材料工程學系,原住民,--,無,無
101,國立高雄大學,101302,化學工程及材料工程學系(願景組),招生,--,無,正取
101,國立高雄大學,101312,資訊工程學系,招生,--,無,備31
101,國立高雄大學,101322,資訊工程學系(資安組),招生,--,無,備2
101,國立高雄大學,101332,建築學系,招生,--,無,備11
101,國立高雄大學,101332,建築學系,原住民,--,無,無
101,國立高雄大學,101342,建築學系(願景組),招生,--,無,無
101,國立高雄大學,101352,工藝與創意設計學系,招生,--,無,備32
101,國立高雄大學,101352,工藝與創意設計學系,原住民,--,無,正取
108,慈濟大學,108012,醫學系,招生,--,無,備32
108,慈濟大學,108022,醫學系(公費生),招生,--,無,備4
108,慈濟大學,108032,藥學系,招生,--,無,備12
108,慈濟大學,108032,藥學系,原住民,--,無,正取
108,慈濟大學,108042,醫學檢驗生物技術學系,招生,--,無,備29
108,慈濟大學,108042,醫學檢驗生物技術學系,原住民,--,無,無
108,慈濟大學,108052,公共衛生學系,招生,--,無,備12
108,慈濟大學,108052,公共衛生學系,原住民,--,無,無
108,慈濟大學,108062,護理學系,招生,--,無,備12
108,慈濟大學,108062,護理學系,原住民,--,無,正取
108,慈濟大學,108072,醫學資訊學系,招生,--,無,備11
108,慈濟大學,108072,醫學資訊學系,原住民,--,無,無
108,慈濟大學,108082,物理治療學系,招生,--,無,備4
108,慈濟大學,108082,物理治療學系,原住民,--,無,正取
108,慈濟大學,108092,生物醫學暨工程學系,招生,--,無,備13
108,慈濟大學,108092,生物醫學暨工程學系,原住民,--,無,無
108,慈濟大學,108102,分子生物暨人類遺傳學系,招生,--,無,備10
108,慈濟大學,108102,分子生物暨人類遺傳學系,原住民,--,無,正取
108,慈濟大學,108112,傳播學系,招生,--,無,備13
108,慈濟大學,108122,兒童發展與家庭教育學系,招生,--,無,備9
108,慈濟大學,108122,兒童發展與家庭教育學系,原住民,--,無,正取
108,慈濟大學,108132,社會工作學系,招生,--,無,備5
108,慈濟大學,108132,社會工作學系,原住民,--,無,無
108,慈濟大學,108142,人類發展與心理學系,招生,--,無,備8
108,慈濟大學,108142,人類發展與心理學系,原住民,--,無,正取
108,慈濟大學,108152,東方語文學系,招生,--,無,正取
108,慈濟大學,108152,東方語文學系,原住民,--,無,無
108,慈濟大學,108162,外國語文學系,招生,--,無,備5
108,慈濟大學,108162,外國語文學系,原住民,--,無,無
108,慈濟大學,108172,外國語文學系(青年儲蓄帳戶組),招生,--,無,無
108,慈濟大學,108182,國際服務產業管理學士學位學程,招生,--,無,備9
108,慈濟大學,108192,翔飛A組,招生,--,無,正取
109,臺北醫學大學,109012,醫學系,招生,--,無,備146
109,臺北醫學大學,109022,醫學系(公費生),招生,--,無,備6
109,臺北醫學大學,109032,牙醫學系,招生,--,無,備61
109,臺北醫學大學,109032,牙醫學系,離島(澎湖縣),--,無,備1
109,臺北醫學大學,109032,牙醫學系,離島(金門縣),--,無,備3
109,臺北醫學大學,109032,牙醫學系,離島(連江縣),--,無,正取
109,臺北醫學大學,109042,藥學系藥學組,招生,--,無,備59
109,臺北醫學大學,109042,藥學系藥學組,原住民,--,無,備2
109,臺北醫學大學,109042,藥學系藥學組,離島(金門縣),--,無,備1
109,臺北醫學大學,109042,藥學系藥學組,離島(連江縣),--,無,正取
109,臺北醫學大學,109052,藥學系藥學組(英語組),招生,--,無,備23
109,臺北醫學大學,109062,藥學系臨床藥學組,招生,--,無,備53
109,臺北醫學大學,109062,藥學系臨床藥學組,離島(澎湖縣),--,無,備2
109,臺北醫學大學,109072,醫學檢驗暨生物技術學系,招生,--,無,備42
109,臺北醫學大學,109072,醫學檢驗暨生物技術學系,原住民,--,無,無
109,臺北醫學大學,109082,護理學系,招生,--,無,備39
109,臺北醫學大學,109092,保健營養學系,招生,--,無,備38
109,臺北醫學大學,109092,保健營養學系,離島(連江縣),--,無,備6
109,臺北醫學大學,109102,公共衛生學系,招生,--,無,備28
109,臺北醫學大學,109102,公共衛生學系,原住民,--,無,備2
109,臺北醫學大學,109112,醫務管理學系,招生,--,無,備30
109,臺北醫學大學,109112,醫務管理學系,原住民,--,無,無
109,臺北醫學大學,109122,呼吸治療學系,招生,--,無,備26
109,臺北醫學大學,109132,高齡健康暨長期照護學系,招生,--,無,備16
109,臺北醫學大學,109132,高齡健康暨長期照護學系,原住民,--,無,正取
109,臺北醫學大學,109142,牙體技術學系,招生,--,無,備7
109,臺北醫學大學,109152,口腔衛生學系,招生,--,無,備19
109,臺北醫學大學,109152,口腔衛生學系,原住民,--,無,無
109,臺北醫學大學,109162,生物醫學工程學系,招生,--,無,備29
109,臺北醫學大學,109162,生物醫學工程學系,原住民,--,無,備1
109,臺北醫學大學,109172,食品安全學系,招生,--,無,備23
109,臺北醫學大學,109172,食品安全學系,原住民,--,無,無
109,臺北醫學大學,109182,醫學系（展翅A組）,招生,--,無,備1
109,臺北醫學大學,109192,牙醫學系（展翅B組）,招生,--,無,正取
109,臺北醫學大學,109202,展翅C組,招生,--,無,備14
109,臺北醫學大學,109212,展翅D組,招生,--,無,備1
109,臺北醫學大學,109222,展翅E組,招生,--,無,備6
110,開南大學,110012,企業與創業管理學系,招生,--,無,正取
110,開南大學,110012,企業與創業管理學系,原住民,--,無,無
110,開南大學,110022,企業與創業管理學系(青年儲蓄帳戶組),招生,--,無,無
110,開南大學,110032,國際企業學系,招生,--,無,正取
110,開南大學,110032,國際企業學系,原住民,--,無,無
110,開南大學,110042,商學院國際榮譽學士學位學程,招生,--,無,正取
110,開南大學,110042,商學院國際榮譽學士學位學程,原住民,--,無,無
110,開南大學,110052,國際物流與運輸管理學系,招生,--,無,正取
110,開南大學,110052,國際物流與運輸管理學系,原住民,--,無,無
110,開南大學,110062,空運管理學系,招生,--,無,備15
110,開南大學,110062,空運管理學系,原住民,--,無,無
110,開南大學,110072,觀光與餐飲旅館學系,招生,--,無,正取
110,開南大學,110072,觀光與餐飲旅館學系,原住民,--,無,無
110,開南大學,110082,觀光與餐飲旅館學系(青年儲蓄帳戶組),招生,--,無,無
110,開南大學,110092,休閒事業管理學系,招生,--,無,正取
110,開南大學,110092,休閒事業管理學系,原住民,--,無,無
110,開南大學,110102,資訊管理學系,招生,--,無,正取
110,開南大學,110102,資訊管理學系,原住民,--,無,無
110,開南大學,110112,資訊管理學系(青年儲蓄帳戶組),招生,--,無,無
110,開南大學,110122,資訊傳播學系,招生,--,無,正取
110,開南大學,110122,資訊傳播學系,原住民,--,無,無
110,開南大學,110132,資訊傳播學系(青年儲蓄帳戶組),招生,--,無,無
110,開南大學,110142,電影與創意媒體學系,招生,--,無,正取
110,開南大學,110142,電影與創意媒體學系,原住民,--,無,無
110,開南大學,110152,法律學系,招生,--,無,備14
110,開南大學,110152,法律學系,原住民,--,無,無
110,開南大學,110162,應用日語學系,招生,--,無,備1
110,開南大學,110162,應用日語學系,原住民,--,無,無
110,開南大學,110172,應用日語學系(青年儲蓄帳戶組),招生,--,無,無
110,開南大學,110182,應用英語學系,招生,--,無,正取
110,開南大學,110182,應用英語學系,原住民,--,無,無
110,開南大學,110192,保健營養學系,招生,--,無,正取
110,開南大學,110192,保健營養學系,原住民,--,無,無
110,開南大學,110202,健康產業管理學系,招生,--,無,備3
110,開南大學,110202,健康產業管理學系,原住民,--,無,無
110,開南大學,110212,AI科技與創新設計學士學位學程,招生,--,無,正取
110,開南大學,110212,AI科技與創新設計學士學位學程,原住民,--,無,無
112,康寧大學,112012,嬰幼兒保育學系(台北校區),招生,--,無,備1
112,康寧大學,112012,嬰幼兒保育學系(台北校區),原住民,--,無,正取
112,康寧大學,112022,長期照護學系(台北校區),招生,--,無,正取
112,康寧大學,112022,長期照護學系(台北校區),原住民,--,無,無
112,康寧大學,112032,嬰幼兒保育學系(台北校區)(青年儲蓄帳戶組),招生,--,無,無
113,中信金融管理學院,113012,財務金融學系,招生,--,無,備14
113,中信金融管理學院,113012,財務金融學系,原住民,--,無,正取
113,中信金融管理學院,113022,財經法律學系,招生,--,無,備15
113,中信金融管理學院,113022,財經法律學系,原住民,--,無,無
113,中信金融管理學院,113032,企業管理學系,招生,--,無,無
113,中信金融管理學院,113032,企業管理學系,原住民,--,無,無
113,中信金融管理學院,113042,金融管理學院學士班,招生,--,無,正取
113,中信金融管理學院,113042,金融管理學院學士班,原住民,--,無,無
113,中信金融管理學院,113052,人工智慧學系,招生,--,無,備10
113,中信金融管理學院,113052,人工智慧學系,原住民,--,無,無
113,中信金融管理學院,113062,財務金融學系(青年儲蓄帳戶組),招生,--,無,無
113,中信金融管理學院,113072,運動產業管理學士學位學程,招生,--,無,無
113,中信金融管理學院,113072,運動產業管理學士學位學程,原住民,--,無,無
130,佛光大學,130012,建築環境設計學士學位學程(社會組),招生,--,無,備2
130,佛光大學,130012,建築環境設計學士學位學程(社會組),原住民,--,無,無
130,佛光大學,130022,建築環境設計學士學位學程(自然組),招生,--,無,正取
130,佛光大學,130022,建築環境設計學士學位學程(自然組),原住民,--,無,無
130,佛光大學,130032,傳播學系(數位媒體組),招生,--,無,正取
130,佛光大學,130032,傳播學系(數位媒體組),原住民,--,無,無
130,佛光大學,130042,傳播學系(廣告公關組),招生,--,無,備9
130,佛光大學,130042,傳播學系(廣告公關組),原住民,--,無,無
130,佛光大學,130052,傳播學系(流行音樂傳播組),招生,--,無,正取
130,佛光大學,130052,傳播學系(流行音樂傳播組),原住民,--,無,無
130,佛光大學,130062,資訊應用學系(資訊系統與智慧應用組),招生,--,無,正取
130,佛光大學,130062,資訊應用學系(資訊系統與智慧應用組),原住民,--,無,無
130,佛光大學,130072,資訊應用學系(動畫與數位內容組),招生,--,無,正取
130,佛光大學,130072,資訊應用學系(動畫與數位內容組),原住民,--,無,無
130,佛光大學,130082,資訊應用學系(數位遊戲開發組),招生,--,無,正取
130,佛光大學,130082,資訊應用學系(數位遊戲開發組),原住民,--,無,無
130,佛光大學,130092,中國文學與應用學系,招生,--,無,正取
130,佛光大學,130092,中國文學與應用學系,原住民,--,無,無
130,佛光大學,130102,歷史學系(A組),招生,--,無,備4
130,佛光大學,130102,歷史學系(A組),原住民,--,無,無
130,佛光大學,130112,歷史學系(B組),招生,--,無,備3
130,佛光大學,130112,歷史學系(B組),原住民,--,無,無
130,佛光大學,130122,外國語文學系(英日組),招生,--,無,正取
130,佛光大學,130122,外國語文學系(英日組),原住民,--,無,無
130,佛光大學,130132,外國語文學系(英韓組),招生,--,無,正取
130,佛光大學,130132,外國語文學系(英韓組),原住民,--,無,無
130,佛光大學,130142,社會學暨社會工作學系,招生,--,無,正取
130,佛光大學,130142,社會學暨社會工作學系,原住民,--,無,無
130,佛光大學,130152,心理學系,招生,--,無,備35
130,佛光大學,130152,心理學系,原住民,--,無,正取
130,佛光大學,130162,公共事務學系(國際與兩岸事務組),招生,--,無,正取
130,佛光大學,130162,公共事務學系(國際與兩岸事務組),原住民,--,無,無
130,佛光大學,130172,公共事務學系(行政管理組),招生,--,無,正取
130,佛光大學,130172,公共事務學系(行政管理組),原住民,--,無,無
130,佛光大學,130182,管理學系(經營管理組),招生,--,無,無
130,佛光大學,130182,管理學系(經營管理組),原住民,--,無,無
130,佛光大學,130192,管理學系(行銷與休閒管理組),招生,--,無,正取
130,佛光大學,130192,管理學系(行銷與休閒管理組),原住民,--,無,無
130,佛光大學,130202,應用經濟學系(財務金融組),招生,--,無,正取
130,佛光大學,130202,應用經濟學系(財務金融組),原住民,--,無,無
130,佛光大學,130212,應用經濟學系(國際商務組),招生,--,無,正取
130,佛光大學,130212,應用經濟學系(國際商務組),原住民,--,無,無
130,佛光大學,130222,樂活產業學系,招生,--,無,正取
130,佛光大學,130222,樂活產業學系,原住民,--,無,無
130,佛光大學,130232,健康與創意蔬食產業學系,招生,--,無,正取
130,佛光大學,130232,健康與創意蔬食產業學系,原住民,--,無,無
130,佛光大學,130242,產品與媒體設計學系（創意產品設計組）,招生,--,無,正取
130,佛光大學,130242,產品與媒體設計學系（創意產品設計組）,原住民,--,無,無
130,佛光大學,130252,產品與媒體設計學系（商業媒體設計組）,招生,--,無,正取
130,佛光大學,130252,產品與媒體設計學系（商業媒體設計組）,原住民,--,無,無
134,亞洲大學,134012,健康產業管理學系跨領域高齡智慧照顧組,招生,--,無,備13
134,亞洲大學,134012,健康產業管理學系跨領域高齡智慧照顧組,原住民,--,無,無
134,亞洲大學,134022,健康產業管理學系醫療機構管理組,招生,--,無,備22
134,亞洲大學,134022,健康產業管理學系醫療機構管理組,原住民,--,無,無
134,亞洲大學,134032,食品營養與保健生技學系食品營養組,招生,--,無,備40
134,亞洲大學,134032,食品營養與保健生技學系食品營養組,原住民,--,無,無
134,亞洲大學,134042,食品營養與保健生技學系藥用化粧品醫美組,招生,--,無,備6
134,亞洲大學,134042,食品營養與保健生技學系藥用化粧品醫美組,原住民,--,無,無
134,亞洲大學,134052,醫學檢驗暨生物技術學系醫事檢驗組,招生,--,無,備41
134,亞洲大學,134052,醫學檢驗暨生物技術學系醫事檢驗組,原住民,--,無,正取
134,亞洲大學,134062,醫學檢驗暨生物技術學系生物技術組,招生,--,無,備32
134,亞洲大學,134062,醫學檢驗暨生物技術學系生物技術組,原住民,--,無,無
134,亞洲大學,134072,心理學系心理師研修組,招生,--,無,備23
134,亞洲大學,134082,心理學系諮商與臨床心理組,招生,--,無,備40
134,亞洲大學,134082,心理學系諮商與臨床心理組,原住民,--,無,備2
134,亞洲大學,134092,心理學系諮商與臨床心理組（青年儲蓄帳戶組）,招生,--,無,無
134,亞洲大學,134102,心理學系工商與社會心理組,招生,--,無,備38
134,亞洲大學,134102,心理學系工商與社會心理組,原住民,--,無,無
134,亞洲大學,134112,視光學系,招生,--,無,備67
134,亞洲大學,134112,視光學系,原住民,--,無,正取
134,亞洲大學,134122,聽力暨語言治療學系,招生,--,無,備33
134,亞洲大學,134122,聽力暨語言治療學系,原住民,--,無,無
134,亞洲大學,134132,職能治療學系,招生,--,無,備25
134,亞洲大學,134132,職能治療學系,原住民,--,無,備1
134,亞洲大學,134142,物理治療學系,招生,--,無,備25
134,亞洲大學,134142,物理治療學系,原住民,--,無,正取
134,亞洲大學,134152,護理學系國際護理組,招生,--,無,備26
134,亞洲大學,134152,護理學系國際護理組,原住民,--,無,無
134,亞洲大學,134162,護理學系銀髮智慧照護組,招生,--,無,備12
134,亞洲大學,134162,護理學系銀髮智慧照護組,原住民,--,無,無
134,亞洲大學,134172,護理學系臨床照護組,招生,--,無,備20
134,亞洲大學,134172,護理學系臨床照護組,原住民,--,無,備2
134,亞洲大學,134182,長期照護學系,招生,--,無,備16
134,亞洲大學,134182,長期照護學系,原住民,--,無,正取
134,亞洲大學,134192,生物資訊與醫學工程學系生醫資訊組,招生,--,無,備14
134,亞洲大學,134202,生物資訊與醫學工程學系醫學工程組,招生,--,無,備13
134,亞洲大學,134212,資訊工程學系人工智慧組,招生,--,無,備35
134,亞洲大學,134212,資訊工程學系人工智慧組,原住民,--,無,無
134,亞洲大學,134222,資訊工程學系智慧電子組,招生,--,無,備36
134,亞洲大學,134222,資訊工程學系智慧電子組,原住民,--,無,正取
134,亞洲大學,134232,資訊工程學系(資安組),招生,--,無,正取
134,亞洲大學,134242,行動商務與多媒體應用學系,招生,--,無,備15
134,亞洲大學,134242,行動商務與多媒體應用學系,原住民,--,無,無
134,亞洲大學,134252,資訊傳播學系,招生,--,無,備4
134,亞洲大學,134252,資訊傳播學系,原住民,--,無,正取
134,亞洲大學,134262,經營管理學系行銷與企業管理組,招生,--,無,備11
134,亞洲大學,134262,經營管理學系行銷與企業管理組,原住民,--,無,正取
134,亞洲大學,134272,經營管理學系休閒遊憩管理組,招生,--,無,備1
134,亞洲大學,134272,經營管理學系休閒遊憩管理組,原住民,--,無,正取
134,亞洲大學,134282,會計與資訊學系,招生,--,無,備10
134,亞洲大學,134282,會計與資訊學系,原住民,--,無,無
134,亞洲大學,134292,財務金融學系投資理財組,招生,--,無,備19
134,亞洲大學,134292,財務金融學系投資理財組,原住民,--,無,正取
134,亞洲大學,134302,財務金融學系金融科技組,招生,--,無,備24
134,亞洲大學,134302,財務金融學系金融科技組,原住民,--,無,無
134,亞洲大學,134312,財經法律學系,招生,--,無,備58
134,亞洲大學,134312,財經法律學系,原住民,--,無,無
134,亞洲大學,134322,外國語文學系,招生,--,無,正取
134,亞洲大學,134322,外國語文學系,原住民,--,無,無
134,亞洲大學,134332,社會工作學系兒少家庭與心衛社工組,招生,--,無,備35
134,亞洲大學,134332,社會工作學系兒少家庭與心衛社工組,原住民,--,無,正取
134,亞洲大學,134342,社會工作學系醫務與長期照顧社工組,招生,--,無,備22
134,亞洲大學,134342,社會工作學系醫務與長期照顧社工組,原住民,--,無,正取
134,亞洲大學,134352,幼兒教育學系文教產業組,招生,--,無,備10
134,亞洲大學,134352,幼兒教育學系文教產業組,原住民,--,無,無
134,亞洲大學,134352,幼兒教育學系文教產業組,離島(金門縣),--,無,正取
134,亞洲大學,134362,幼兒教育學系幼教師資組,招生,--,無,備20
134,亞洲大學,134362,幼兒教育學系幼教師資組,原住民,--,無,正取
134,亞洲大學,134372,數位媒體設計學系動漫遊戲組,招生,--,無,備6
134,亞洲大學,134372,數位媒體設計學系動漫遊戲組,原住民,--,無,無
134,亞洲大學,134382,數位媒體設計學系視覺傳達組,招生,--,無,備25
134,亞洲大學,134382,數位媒體設計學系視覺傳達組,原住民,--,無,無
134,亞洲大學,134392,創意商品設計學系,招生,--,無,備16
134,亞洲大學,134392,創意商品設計學系,原住民,--,無,正取
134,亞洲大學,134402,時尚設計學系,招生,--,無,備17
134,亞洲大學,134402,時尚設計學系,原住民,--,無,無
134,亞洲大學,134412,室內設計學系,招生,--,無,備12
134,亞洲大學,134412,室內設計學系,原住民,--,無,正取
150,國立宜蘭大學,150012,外國語文學系,招生,--,無,備5
150,國立宜蘭大學,150012,外國語文學系,原住民,--,無,無
150,國立宜蘭大學,150012,外國語文學系,願景計畫,--,無,無
150,國立宜蘭大學,150022,應用經濟與管理學系,招生,--,無,備6
150,國立宜蘭大學,150022,應用經濟與管理學系,原住民,--,無,無
150,國立宜蘭大學,150022,應用經濟與管理學系,願景計畫,--,無,無
150,國立宜蘭大學,150032,休閒產業與健康促進學系,招生,--,無,備12
150,國立宜蘭大學,150032,休閒產業與健康促進學系,原住民,--,無,正取
150,國立宜蘭大學,150042,土木工程學系,招生,--,無,備40
150,國立宜蘭大學,150042,土木工程學系,原住民,--,無,備6
150,國立宜蘭大學,150042,土木工程學系,願景計畫,--,無,無
150,國立宜蘭大學,150052,機械與機電工程學系,招生,--,無,備22
150,國立宜蘭大學,150052,機械與機電工程學系,原住民,--,無,無
150,國立宜蘭大學,150052,機械與機電工程學系,願景計畫,--,無,正取
150,國立宜蘭大學,150062,化學工程與材料工程學系,招生,--,無,備33
150,國立宜蘭大學,150062,化學工程與材料工程學系,原住民,--,無,無
150,國立宜蘭大學,150062,化學工程與材料工程學系,願景計畫,--,無,正取
150,國立宜蘭大學,150072,環境工程學系,招生,--,無,備23
150,國立宜蘭大學,150072,環境工程學系,原住民,--,無,無
150,國立宜蘭大學,150072,環境工程學系,願景計畫,--,無,無
150,國立宜蘭大學,150082,生物機電工程學系,招生,--,無,備14
150,國立宜蘭大學,150082,生物機電工程學系,原住民,--,無,無
150,國立宜蘭大學,150082,生物機電工程學系,願景計畫,--,無,無
150,國立宜蘭大學,150092,食品科學系,招生,--,無,備20
150,國立宜蘭大學,150092,食品科學系,原住民,--,無,無
150,國立宜蘭大學,150092,食品科學系,願景計畫,--,無,正取
150,國立宜蘭大學,150102,生物技術與動物科學系,招生,--,無,備16
150,國立宜蘭大學,150102,生物技術與動物科學系,原住民,--,無,無
150,國立宜蘭大學,150102,生物技術與動物科學系,願景計畫,--,無,正取
150,國立宜蘭大學,150112,森林暨自然資源學系,招生,--,無,備8
150,國立宜蘭大學,150112,森林暨自然資源學系,原住民,--,無,正取
150,國立宜蘭大學,150112,森林暨自然資源學系,願景計畫,--,無,無
150,國立宜蘭大學,150122,園藝學系,招生,--,無,備19
150,國立宜蘭大學,150122,園藝學系,原住民,--,無,無
150,國立宜蘭大學,150122,園藝學系,願景計畫,--,無,無
150,國立宜蘭大學,150132,電機工程學系,招生,--,無,備38
150,國立宜蘭大學,150132,電機工程學系,原住民,--,無,無
150,國立宜蘭大學,150132,電機工程學系,願景計畫,--,無,無
150,國立宜蘭大學,150142,電子工程學系,招生,--,無,備52
150,國立宜蘭大學,150142,電子工程學系,原住民,--,無,正取
150,國立宜蘭大學,150142,電子工程學系,願景計畫,--,無,無
150,國立宜蘭大學,150152,資訊工程學系,招生,--,無,備10
150,國立宜蘭大學,150152,資訊工程學系,原住民,--,無,無
150,國立宜蘭大學,150152,資訊工程學系,離島(金門縣),--,無,備1
150,國立宜蘭大學,150152,資訊工程學系,願景計畫,--,無,正取
150,國立宜蘭大學,150162,資訊工程學系(APCS組),招生,--,無,備5
150,國立宜蘭大學,150172,資訊工程學系(資安組),招生,--,無,無
151,國立聯合大學,151012,機械工程學系,招生,--,無,備29
151,國立聯合大學,151012,機械工程學系,原住民,--,無,無
151,國立聯合大學,151012,機械工程學系,願景計畫,--,無,無
151,國立聯合大學,151022,化學工程學系,招生,--,無,備45
151,國立聯合大學,151022,化學工程學系,原住民,--,無,無
151,國立聯合大學,151032,土木與防災工程學系,招生,--,無,備26
151,國立聯合大學,151032,土木與防災工程學系,原住民,--,無,無
151,國立聯合大學,151042,材料科學工程學系,招生,--,無,備15
151,國立聯合大學,151042,材料科學工程學系,原住民,--,無,無
151,國立聯合大學,151052,環境與安全衛生工程學系,招生,--,無,備40
151,國立聯合大學,151052,環境與安全衛生工程學系,原住民,--,無,無
151,國立聯合大學,151052,環境與安全衛生工程學系,願景計畫,--,無,正取
151,國立聯合大學,151062,能源工程學系,招生,--,無,備32
151,國立聯合大學,151062,能源工程學系,原住民,--,無,正取
151,國立聯合大學,151072,建築學系,招生,--,無,備10
151,國立聯合大學,151072,建築學系,原住民,--,無,正取
151,國立聯合大學,151072,建築學系,願景計畫,--,無,正取
151,國立聯合大學,151082,工業設計學系,招生,--,無,備16
151,國立聯合大學,151082,工業設計學系,原住民,--,無,無
151,國立聯合大學,151092,電機工程學系,招生,--,無,備35
151,國立聯合大學,151092,電機工程學系,願景計畫,--,無,正取
151,國立聯合大學,151102,電子工程學系,招生,--,無,備86
151,國立聯合大學,151102,電子工程學系,原住民,--,無,正取
151,國立聯合大學,151102,電子工程學系,願景計畫,--,無,正取
151,國立聯合大學,151112,光電工程學系,招生,--,無,備18
151,國立聯合大學,151112,光電工程學系,原住民,--,無,無
151,國立聯合大學,151122,資訊工程學系,招生,--,無,備13
151,國立聯合大學,151122,資訊工程學系,原住民,--,無,無
151,國立聯合大學,151132,資訊工程學系APCS組,招生,--,無,備1
151,國立聯合大學,151142,經營管理學系,招生,--,無,備43
151,國立聯合大學,151142,經營管理學系,原住民,--,無,無
151,國立聯合大學,151152,資訊管理學系,招生,--,無,備20
151,國立聯合大學,151152,資訊管理學系,原住民,--,無,無
151,國立聯合大學,151162,資訊管理學系APCS組,招生,--,無,正取
151,國立聯合大學,151172,財務金融學系,招生,--,無,備9
151,國立聯合大學,151172,財務金融學系,原住民,--,無,無
151,國立聯合大學,151182,臺灣語文與傳播學系,招生,--,無,正取
151,國立聯合大學,151182,臺灣語文與傳播學系,原住民,--,無,無
151,國立聯合大學,151182,臺灣語文與傳播學系,願景計畫,--,無,無
151,國立聯合大學,151192,華語文學系,招生,--,無,備28
151,國立聯合大學,151192,華語文學系,原住民,--,無,無
151,國立聯合大學,151202,文化觀光產業學系,招生,--,無,備17
151,國立聯合大學,151202,文化觀光產業學系,原住民,--,無,正取
151,國立聯合大學,151212,文化創意與數位行銷學系,招生,--,無,備7
151,國立聯合大學,151212,文化創意與數位行銷學系,原住民,--,無,無
152,馬偕醫學院,152012,醫學系,招生,--,無,備14
152,馬偕醫學院,152012,醫學系,原住民,--,無,正取
152,馬偕醫學院,152022,護理學系,招生,--,無,備35
152,馬偕醫學院,152022,護理學系,原住民,--,無,無
152,馬偕醫學院,152032,聽力暨語言治療學系聽力組,招生,--,無,備15
152,馬偕醫學院,152032,聽力暨語言治療學系聽力組,原住民,--,無,無
152,馬偕醫學院,152042,聽力暨語言治療學系語言組,招生,--,無,備11
152,馬偕醫學院,152042,聽力暨語言治療學系語言組,原住民,--,無,備2
152,馬偕醫學院,152052,視光學系,招生,--,無,備17
152,馬偕醫學院,152052,視光學系,原住民,--,無,無
152,馬偕醫學院,152062,醫學檢驗暨再生醫學學系,招生,--,無,備29
152,馬偕醫學院,152062,醫學檢驗暨再生醫學學系,原住民,--,無,備1
152,馬偕醫學院,152072,醫學系(薪傳組),招生,--,無,正取
152,馬偕醫學院,152082,護理學系(薪傳組),招生,--,無,正取
152,馬偕醫學院,152092,聽力暨語言治療學系聽力組(薪傳組),招生,--,無,無
152,馬偕醫學院,152102,視光學系(薪傳組),招生,--,無,正取
152,馬偕醫學院,152112,視光學系(青年儲蓄帳戶組),招生,--,無,無
153,國立金門大學,153012,應用英語學系,招生,--,無,備6
153,國立金門大學,153012,應用英語學系,原住民,--,無,無
153,國立金門大學,153012,應用英語學系,願景計畫,--,無,無
153,國立金門大學,153022,運動與休閒學系,招生,--,無,備13
153,國立金門大學,153022,運動與休閒學系,原住民,--,無,無
153,國立金門大學,153032,企業管理學系,招生,--,無,備8
153,國立金門大學,153032,企業管理學系,原住民,--,無,無
153,國立金門大學,153032,企業管理學系,願景計畫,--,無,無
153,國立金門大學,153042,電機工程學系,招生,--,無,備15
153,國立金門大學,153042,電機工程學系,原住民,--,無,無
153,國立金門大學,153042,電機工程學系,願景計畫,--,無,無
153,國立金門大學,153052,電機工程學系(APCS組),招生,--,無,無
153,國立金門大學,153062,食品科學系,招生,--,無,備28
153,國立金門大學,153062,食品科學系,原住民,--,無,無
153,國立金門大學,153062,食品科學系,願景計畫,--,無,無
153,國立金門大學,153072,土木與工程管理學系,招生,--,無,備15
153,國立金門大學,153072,土木與工程管理學系,原住民,--,無,無
153,國立金門大學,153072,土木與工程管理學系,願景計畫,--,無,無
153,國立金門大學,153082,觀光管理學系,招生,--,無,備17
153,國立金門大學,153082,觀光管理學系,原住民,--,無,無
153,國立金門大學,153092,資訊工程學系,招生,--,無,備1
153,國立金門大學,153092,資訊工程學系,原住民,--,無,正取
153,國立金門大學,153092,資訊工程學系,願景計畫,--,無,無
153,國立金門大學,153102,資訊工程學系(APCS組),招生,--,無,無
153,國立金門大學,153112,資訊工程學系(資安組),招生,--,無,無
153,國立金門大學,153122,建築學系,招生,--,無,備25
153,國立金門大學,153122,建築學系,原住民,--,無,無
153,國立金門大學,153122,建築學系,願景計畫,--,無,無
153,國立金門大學,153132,國際暨大陸事務學系,招生,--,無,備10
153,國立金門大學,153132,國際暨大陸事務學系,原住民,--,無,無
153,國立金門大學,153132,國際暨大陸事務學系,願景計畫,--,無,正取
153,國立金門大學,153142,華語文學系,招生,--,無,備12
153,國立金門大學,153142,華語文學系,原住民,--,無,無
153,國立金門大學,153142,華語文學系,願景計畫,--,無,正取
153,國立金門大學,153152,海洋與邊境管理學系,招生,--,無,備16
153,國立金門大學,153152,海洋與邊境管理學系,原住民,--,無,無
153,國立金門大學,153152,海洋與邊境管理學系,願景計畫,--,無,正取
153,國立金門大學,153162,工業工程與管理學系,招生,--,無,備7
153,國立金門大學,153162,工業工程與管理學系,原住民,--,無,無
153,國立金門大學,153162,工業工程與管理學系,願景計畫,--,無,無
153,國立金門大學,153172,護理學系(A組),招生,--,無,備18
153,國立金門大學,153172,護理學系(A組),原住民,--,無,無
153,國立金門大學,153172,護理學系(A組),願景計畫,--,無,正取
153,國立金門大學,153182,護理學系(B組),招生,--,無,備3
153,國立金門大學,153182,護理學系(B組),願景計畫,--,無,無
153,國立金門大學,153192,長期照護學系,招生,--,無,備2
153,國立金門大學,153192,長期照護學系,原住民,--,無,無
153,國立金門大學,153192,長期照護學系,願景計畫,--,無,無
153,國立金門大學,153202,社會工作學系,招生,--,無,備16
153,國立金門大學,153202,社會工作學系,原住民,--,無,正取
153,國立金門大學,153202,社會工作學系,願景計畫,--,無,正取
153,國立金門大學,153212,都市計畫與景觀學系,招生,--,無,備22
153,國立金門大學,153212,都市計畫與景觀學系,原住民,--,無,正取
153,國立金門大學,153212,都市計畫與景觀學系,願景計畫,--,無,無
154,臺北基督學院,154012,基督教博雅學系,招生,--,無,無
