系組代碼,校名,系組名,採計科目1,加權1,採計科目2,加權2,採計科目3,加權3,採計科目4,加權4,採計科目5,加權5,錄取人數(含外加),普通生錄取分數,普通生同分參酌科目,普通生同分參酌分數,原住民錄取分數,退伍軍人錄取分數,僑生錄取分數,蒙藏生錄取分數,派外子女錄取分數,頁碼,檢定標準1,檢定標準2,檢定標準3,英聽檢定,同分參酌順序,核定名額,回流名額,招生名額,錄取人數_男,錄取人數_女,外加錄取_男,外加錄取_女,錄取總人數
0001,國立臺灣大學,中國文學系,國文(學測),1.50,英文(學測),1.25,歷史(分科),1.25,地理(分科),1.00,,,20,264.00,,,305.35,,,,,1,數學A(均標) 或 數學B(均標),,,,國文→英文→歷史→地理,19,0,19,7,12,1,0,20
0002,國立臺灣大學,外國語文學系,英文(學測),2.00,國文(學測),1.25,歷史(分科),1.00,地理(分科),1.00,數學乙(分科),1.00,43,325.75,英文(學測),57,,,,,,1,,,,A級,英文→國文→歷史→地理→數學乙,41,2,43,17,26,0,0,43
0003,國立臺灣大學,歷史學系,歷史(分科),1.00,國文(學測),1.00,英文(學測),1.00,地理(分科),1.00,公民與社會(分科),1.00,24,260.00,歷史(分科),53,278.10,,,,,1,數學A(均標) 或 數學B(均標),,,,歷史→國文→英文→地理→公民與社會,21,1,22,9,13,2,0,24
0004,國立臺灣大學,哲學系,國文(學測),1.00,英文(學測),1.00,歷史(分科),1.00,公民與社會(分科),1.00,,,23,199.00,,,,,,,,1,英文(前標),數學A(前標) 或 數學B(前標),,,國文→英文→歷史→公民與社會,13,10,23,12,11,0,0,23
0005,國立臺灣大學,人類學系,英文(學測),1.50,歷史(分科),1.00,國文(學測),1.00,地理(分科),1.00,公民與社會(分科),1.00,22,285.50,,,288.10,,,,,1,,,,,英文→歷史→國文→地理→公民與社會,15,5,20,7,13,1,1,22
0006,國立臺灣大學,圖書資訊學系,國文(學測),1.25,英文(學測),1.25,數學乙(分科),1.00,公民與社會(分科),1.00,歷史(分科),1.00,15,283.50,,,,,,,,1,,,,,國文→英文→數學乙→公民與社會→歷史,15,0,15,1,14,0,0,15
0007,國立臺灣大學,日本語文學系,英文(學測),1.50,國文(學測),1.50,歷史(分科),1.00,地理(分科),1.00,公民與社會(分科),1.00,21,310.00,,,,,,,,1,數學A(均標) 或 數學B(均標),,,,英文→國文→歷史→地理→公民與社會,17,4,21,10,11,0,0,21
0010,國立臺灣大學,戲劇學系(男),英文(學測),1.50,國文(學測),1.50,數學B(學測),1.00,歷史(分科),1.00,地理(分科),1.00,9,278.00,英文(學測),40,,,,,,1,,,,,英文→國文→數學B→歷史→地理,5,4,9,9,0,0,0,9
0011,國立臺灣大學,戲劇學系(女),英文(學測),1.50,國文(學測),1.50,數學B(學測),1.00,歷史(分科),1.00,地理(分科),1.00,10,291.50,英文(學測),59,,,,,,1,,,,,英文→國文→數學B→歷史→地理,5,5,10,0,10,0,0,10
0012,國立臺灣大學,數學系,數學A(學測),1.50,數學甲(分科),1.50,物理(分科),1.00,化學(分科),1.00,英文(學測),1.00,15,306.50,,,,,,,,1,數學A(頂標),自然(頂標),,,數學A→數學甲→物理→化學→英文,11,4,15,14,1,0,0,15
0013,國立臺灣大學,物理學系,物理(分科),1.50,數學甲(分科),1.50,英文(學測),1.00,化學(分科),1.00,,,15,280.00,,,,,,,,1,自然(均標),,,,物理→數學甲→英文→化學,12,3,15,14,1,0,0,15
0014,國立臺灣大學,化學系,化學(分科),1.00,英文(學測),1.00,數學甲(分科),1.00,物理(分科),1.00,國文(學測),1.00,32,254.00,化學(分科),47,,,,,,1,國文(均標),英文(均標),,,化學→英文→數學甲→物理→國文,22,10,32,21,11,0,0,32
0015,國立臺灣大學,地質科學系,數學甲(分科),1.00,英文(學測),1.00,化學(分科),1.00,物理(分科),1.00,國文(學測),1.00,12,236.00,數學甲(分科),42,,,,,,1,自然(前標),,,,數學甲→英文→化學→物理→國文,8,4,12,10,2,0,0,12
0016,國立臺灣大學,心理學系,數學甲(分科),1.00,英文(學測),1.00,國文(學測),1.00,生物(分科),1.00,化學(分科),1.00,36,253.00,數學甲(分科),46,268.65,,,,,1,,,,,數學甲→英文→國文→生物→化學,30,5,35,15,20,0,1,36
0017,國立臺灣大學,地理環境資源學系A組,數學甲(分科),1.00,物理(分科),1.00,化學(分科),1.00,,,,,9,143.00,數學甲(分科),52,,,,,,1,英文(均標),,,,數學甲→物理→化學,7,2,9,9,0,0,0,9
0020,國立臺灣大學,地理環境資源學系B組,地理(分科),1.25,公民與社會(分科),1.00,數學乙(分科),1.00,,,,,8,181.50,,,,,,,,1,英文(均標),,,,地理→公民與社會→數學乙,7,1,8,6,2,0,0,8
0021,國立臺灣大學,大氣科學系,數學甲(分科),1.25,物理(分科),1.25,化學(分科),1.25,英文(學測),1.00,國文(學測),1.00,17,274.50,,,,,,,,1,英文(均標),自然(前標),,,數學甲→物理→化學→英文→國文,10,7,17,15,2,0,0,17
0022,國立臺灣大學,政治學系政治理論組,英文(學測),1.25,國文(學測),1.25,社會(學測),1.00,歷史(分科),1.00,地理(分科),1.00,31,292.25,英文(學測),56,312.25,,,,,1,數學A(均標) 或 數學B(均標),,,,英文→國文→社會→歷史→地理,19,11,30,14,16,0,1,31
0023,國立臺灣大學,政治學系國際關係組,英文(學測),1.25,國文(學測),1.25,社會(學測),1.00,歷史(分科),1.00,地理(分科),1.00,22,301.75,英文(學測),53,323.40,,,,,1,數學A(均標) 或 數學B(均標),,,,英文→國文→社會→歷史→地理,19,1,20,10,10,2,0,22
0024,國立臺灣大學,政治學系公共行政組,英文(學測),1.25,國文(學測),1.25,社會(學測),1.00,歷史(分科),1.00,地理(分科),1.00,31,293.25,,,313.05,,,,,1,數學A(均標) 或 數學B(均標),,,,英文→國文→社會→歷史→地理,19,11,30,17,13,1,0,31
0025,國立臺灣大學,經濟學系A組,數學甲(分科),2.00,英文(學測),1.50,物理(分科),1.00,,,,,23,228.00,,,,,,,,1,,,,,數學甲→英文→物理,19,4,23,21,2,0,0,23
0026,國立臺灣大學,經濟學系B組,數學乙(分科),2.00,英文(學測),1.50,公民與社會(分科),1.00,地理(分科),1.00,歷史(分科),1.00,8,360.00,,,,,,,,1,,,,,數學乙→英文→公民與社會→地理→歷史,7,1,8,5,3,0,0,8
0027,國立臺灣大學,社會學系,英文(學測),1.00,數學B(學測),1.00,公民與社會(分科),1.00,地理(分科),1.00,歷史(分科),1.00,23,254.00,英文(學測),53,265.95,,,,,1,國文(均標),,,,英文→數學B→公民與社會→地理→歷史,14,8,22,11,11,0,1,23
0030,國立臺灣大學,社會工作學系,英文(學測),1.25,國文(學測),1.25,數學B(學測),1.00,公民與社會(分科),1.00,歷史(分科),1.00,33,263.50,英文(學測),52,268.15,,,,,1,,,,,英文→國文→數學B→公民與社會→歷史,20,11,31,15,16,1,1,33
0031,國立臺灣大學,醫學系(自費),生物(分科),1.00,化學(分科),1.00,數學甲(分科),1.00,物理(分科),1.00,英文(學測),1.00,48,288.00,生物(分科),59,313.20,,,,,1,國文(頂標),英文(頂標),,,生物→化學→數學甲→物理→英文,46,1,47,44,3,0,1,48
0032,國立臺灣大學,醫學系(公費),生物(分科),1.00,化學(分科),1.00,數學甲(分科),1.00,物理(分科),1.00,英文(學測),1.00,5,266.00,生物(分科),55,,,,,,1,國文(頂標),英文(頂標),,,生物→化學→數學甲→物理→英文,3,2,5,3,2,0,0,5
0033,國立臺灣大學,牙醫學系,生物(分科),1.00,化學(分科),1.00,數學甲(分科),1.00,物理(分科),1.00,英文(學測),1.00,17,285.00,生物(分科),60,332.10,,,,,1,國文(頂標),英文(頂標),,,生物→化學→數學甲→物理→英文,15,1,16,13,3,1,0,17
0034,國立臺灣大學,藥學系,數學甲(分科),1.00,物理(分科),1.00,化學(分科),2.00,生物(分科),2.00,英文(學測),1.00,17,373.00,數學甲(分科),54,,,,,,1,,,,,數學甲→物理→化學→生物→英文,12,5,17,13,4,0,0,17
0035,國立臺灣大學,醫學檢驗暨生物技術學系,化學(分科),1.00,生物(分科),1.00,英文(學測),1.00,數學甲(分科),1.00,國文(學測),1.00,16,255.00,化學(分科),51,,,,,,1,,,,,化學→生物→英文→數學甲→國文,11,5,16,4,12,0,0,16
0036,國立臺灣大學,護理學系,英文(學測),1.00,生物(分科),1.00,化學(分科),1.00,數學甲(分科),1.00,國文(學測),1.00,16,240.00,英文(學測),56,243.00,,,,,1,英文(均標),自然(均標),,,英文→生物→化學→數學甲→國文,12,3,15,5,10,1,0,16
0037,國立臺灣大學,物理治療學系,生物(分科),1.00,英文(學測),1.00,數學甲(分科),1.00,物理(分科),1.00,化學(分科),1.00,17,257.00,生物(分科),56,,,,,,2,,,,,生物→英文→數學甲→物理→化學,13,4,17,12,5,0,0,17
0040,國立臺灣大學,職能治療學系,英文(學測),1.50,國文(學測),1.25,生物(分科),1.00,數學甲(分科),1.00,,,19,246.00,,,,,,,,2,,,,,英文→國文→生物→數學甲,14,5,19,7,12,0,0,19
0041,國立臺灣大學,土木工程學系,數學甲(分科),1.00,物理(分科),1.00,英文(學測),1.00,國文(學測),1.00,化學(分科),1.00,45,243.00,數學甲(分科),53,256.50,,,,,2,,,,,數學甲→物理→英文→國文→化學,29,15,44,35,9,1,0,45
0042,國立臺灣大學,機械工程學系,物理(分科),1.00,數學甲(分科),1.00,化學(分科),1.00,英文(學測),1.00,國文(學測),1.00,44,259.00,,,,,,,,2,,,,,物理→數學甲→化學→英文→國文,36,8,44,38,6,0,0,44
0043,國立臺灣大學,化學工程學系,數學甲(分科),1.25,物理(分科),1.25,化學(分科),1.25,英文(學測),1.00,,,38,247.50,,,,,,,,2,數學A(前標),,,,數學甲→物理→化學→英文,26,12,38,37,1,0,0,38
0044,國立臺灣大學,工程科學及海洋工程學系,數學甲(分科),2.00,物理(分科),2.00,英文(學測),1.00,化學(分科),1.00,,,14,312.00,,,,,,,,2,,,,,數學甲→物理→英文→化學,13,1,14,13,1,0,0,14
0045,國立臺灣大學,材料科學與工程學系,數學甲(分科),1.00,物理(分科),1.00,化學(分科),1.00,英文(學測),1.00,數學A(學測),1.00,16,268.00,數學甲(分科),53,,,,,,2,數學A(前標),,,,數學甲→物理→化學→英文→數學A,12,4,16,14,2,0,0,16
0046,國立臺灣大學,醫學工程學系,數學甲(分科),1.00,物理(分科),1.00,化學(分科),1.00,英文(學測),1.00,國文(學測),1.00,15,256.00,,,259.20,,,,,2,數學A(前標),,,,數學甲→物理→化學→英文→國文,7,7,14,10,4,1,0,15
0047,國立臺灣大學,農藝學系,生物(分科),1.25,化學(分科),1.25,英文(學測),1.00,數學A(學測),1.00,國文(學測),1.00,15,256.75,,,,,,,,2,英文(均標),,,,生物→化學→英文→數學A→國文,13,2,15,8,7,0,0,15
0050,國立臺灣大學,生物環境系統工程學系,數學甲(分科),1.00,物理(分科),1.00,化學(分科),1.00,英文(學測),1.00,國文(學測),1.00,19,242.00,數學甲(分科),42,,,,,242.00,2,,,,,數學甲→物理→化學→英文→國文,12,6,18,13,5,1,0,19
0051,國立臺灣大學,農業化學系,化學(分科),1.50,生物(分科),1.50,英文(學測),1.00,數學A(學測),1.00,物理(分科),1.00,14,296.50,,,,,,,,2,,,,,化學→生物→英文→數學A→物理,12,2,14,10,4,0,0,14
0052,國立臺灣大學,森林環境暨資源學系,生物(分科),2.00,數學甲(分科),1.00,化學(分科),1.50,物理(分科),1.50,,,21,266.00,生物(分科),50,,,,,,2,英文(均標),,,,生物→數學甲→化學→物理,19,2,21,16,5,0,0,21
0053,國立臺灣大學,動物科學技術學系,生物(分科),1.00,化學(分科),1.00,英文(學測),1.00,數學甲(分科),1.00,,,17,192.00,生物(分科),52,,,,,,2,國文(均標),英文(均標),,,生物→化學→英文→數學甲,8,9,17,9,8,0,0,17
0054,國立臺灣大學,農業經濟學系,數學甲(分科),2.00,英文(學測),2.00,自然(學測),1.00,,,,,18,241.00,數學甲(分科),38,,,,,,2,英文(均標),數學A(前標),,,數學甲→英文→自然,16,2,18,11,7,0,0,18
0055,國立臺灣大學,園藝暨景觀學系,英文(學測),1.00,生物(分科),1.50,國文(學測),1.00,化學(分科),1.00,數學A(學測),1.00,26,251.50,,,,,,,,2,國文(均標),英文(均標),,,英文→生物→國文→化學→數學A,20,6,26,16,10,0,0,26
0056,國立臺灣大學,獸醫學系,英文(學測),1.00,生物(分科),1.00,化學(分科),1.00,國文(學測),1.00,數學甲(分科),1.00,27,262.00,英文(學測),48,,,,,,2,國文(前標),自然(前標),,,英文→生物→化學→國文→數學甲,22,5,27,9,18,0,0,27
0057,國立臺灣大學,生物產業傳播暨發展學系,英文(學測),1.50,國文(學測),1.50,數學A(學測),1.50,地理(分科),1.00,歷史(分科),1.00,22,303.50,英文(學測),55,326.00,,,,,2,,,,,英文→國文→數學A→地理→歷史,19,2,21,9,12,0,1,22
0060,國立臺灣大學,生物機電工程學系,數學甲(分科),1.00,物理(分科),1.00,化學(分科),1.00,英文(學測),1.00,國文(學測),1.00,18,253.00,數學甲(分科),38,,,,253.75,,2,國文(均標),英文(均標),,,數學甲→物理→化學→英文→國文,17,0,17,13,4,1,0,18
0061,國立臺灣大學,昆蟲學系,生物(分科),2.00,化學(分科),1.50,英文(學測),1.00,數學甲(分科),1.00,物理(分科),1.00,12,285.50,,,,,,,,2,國文(均標),英文(前標),,,生物→化學→英文→數學甲→物理,12,0,12,9,3,0,0,12
0062,國立臺灣大學,植物病理與微生物學系,生物(分科),1.00,化學(分科),1.00,數學甲(分科),1.00,英文(學測),1.00,國文(學測),1.00,23,240.00,,,251.10,,,,,2,國文(前標),英文(前標),,,生物→化學→數學甲→英文→國文,15,7,22,13,9,1,0,23
0063,國立臺灣大學,工商管理學系企業管理組,數學乙(分科),1.00,英文(學測),1.00,國文(學測),1.00,地理(分科),1.00,歷史(分科),1.00,24,275.00,數學乙(分科),60,282.70,,,,,2,,,,,數學乙→英文→國文→地理→歷史,17,5,22,10,12,0,2,24
0064,國立臺灣大學,工商管理學系科技管理組,數學甲(分科),1.00,英文(學測),1.00,國文(學測),1.00,物理(分科),1.00,化學(分科),1.00,19,251.00,,,,,,,,2,,,,,數學甲→英文→國文→物理→化學,13,6,19,9,10,0,0,19
0065,國立臺灣大學,會計學系A組,數學乙(分科),1.50,英文(學測),1.50,國文(學測),1.00,,,,,12,225.50,數學乙(分科),60,,,,,,2,,,,,數學乙→英文→國文,11,1,12,4,8,0,0,12
0066,國立臺灣大學,會計學系B組,英文(學測),1.50,國文(學測),1.25,數學乙(分科),1.25,公民與社會(分科),1.00,地理(分科),1.00,46,325.00,,,366.55,,,,,2,,,,,英文→國文→數學乙→公民與社會→地理,40,5,45,14,31,0,1,46
0067,國立臺灣大學,財務金融學系,國文(學測),1.00,英文(學測),1.50,數學乙(分科),2.00,,,,,46,258.00,國文(學測),54,272.80,,,,,2,,,,,國文→英文→數學乙,43,0,43,17,26,2,1,46
0070,國立臺灣大學,國際企業學系A組,英文(學測),2.00,數學甲(分科),1.00,公民與社會(分科),1.00,,,,,9,213.00,英文(學測),57,,,,,215.20,2,,,,,英文→數學甲→公民與社會,8,0,8,7,1,1,0,9
0071,國立臺灣大學,國際企業學系B組,英文(學測),2.00,數學乙(分科),1.00,地理(分科),1.00,歷史(分科),1.00,公民與社會(分科),1.00,23,335.00,英文(學測),58,381.45,,,,,2,,,,,英文→數學乙→地理→歷史→公民與社會,22,0,22,11,11,1,0,23
0072,國立臺灣大學,資訊管理學系,數學甲(分科),1.50,英文(學測),1.00,物理(分科),1.00,化學(分科),1.00,,,17,240.50,,,,,,,,2,,,,,數學甲→英文→物理→化學,11,6,17,15,2,0,0,17
0073,國立臺灣大學,公共衛生學系A組,數學甲(分科),1.25,英文(學測),1.25,化學(分科),1.00,生物(分科),1.00,物理(分科),1.00,11,267.00,,,,,,,,2,,,,,數學甲→英文→化學→生物→物理,7,4,11,9,2,0,0,11
0074,國立臺灣大學,公共衛生學系B組,數學A(學測),1.25,英文(學測),1.25,公民與社會(分科),1.25,國文(學測),1.00,,,6,232.00,,,,,,,,2,,,,,數學A→英文→公民與社會→國文,4,2,6,1,5,0,0,6
0075,國立臺灣大學,電機工程學系,數學甲(分科),1.00,物理(分科),1.00,化學(分科),1.00,英文(學測),1.00,,,47,229.00,數學甲(分科),59,249.75,,,,,2,,,,,數學甲→物理→化學→英文,43,1,44,43,1,3,0,47
0076,國立臺灣大學,資訊工程學系,數學甲(分科),1.25,物理(分科),1.00,化學(分科),1.00,英文(學測),1.00,,,34,240.50,,,249.20,264.25,,,,2,,,,,數學甲→物理→化學→英文,32,0,32,29,3,2,0,34
0077,國立臺灣大學,法律學系法學組,英文(學測),1.00,國文(學測),1.00,數學乙(分科),1.00,公民與社會(分科),1.25,歷史(分科),1.00,30,287.00,,,330.45,,,,,2,國文(頂標),英文(頂標),,,英文→國文→數學乙→公民與社會→歷史,23,5,28,13,15,0,2,30
0100,國立臺灣大學,法律學系司法組,英文(學測),1.00,國文(學測),1.00,數學乙(分科),1.00,公民與社會(分科),1.25,歷史(分科),1.00,24,290.50,,,302.15,,,,,3,國文(頂標),英文(頂標),,,英文→國文→數學乙→公民與社會→歷史,23,0,23,10,13,0,1,24
0101,國立臺灣大學,法律學系財經法學組,英文(學測),1.00,國文(學測),1.00,數學乙(分科),1.00,公民與社會(分科),1.25,歷史(分科),1.00,27,297.00,,,343.75,,,,,3,國文(頂標),英文(頂標),,,英文→國文→數學乙→公民與社會→歷史,24,1,25,14,11,0,2,27
0102,國立臺灣大學,生命科學系,生物(分科),1.00,英文(學測),1.00,化學(分科),1.00,數學甲(分科),1.00,物理(分科),1.00,15,246.00,,,,,,,,3,,,,,生物→英文→化學→數學甲→物理,13,2,15,12,3,0,0,15
0103,國立臺灣大學,生化科技學系,化學(分科),1.00,數學甲(分科),1.00,物理(分科),1.00,生物(分科),1.00,英文(學測),1.00,15,247.00,化學(分科),48,259.20,,,,,3,,,,,化學→數學甲→物理→生物→英文,10,4,14,8,6,0,1,15
0104,國立臺灣大學,國際體育運動事務學士學位學程,英文(學測),2.00,國文(學測),1.25,數學B(學測),1.00,公民與社會(分科),1.00,,,2,264.00,,,,,,,,3,國文(均標),英文(均標),,,英文→國文→數學B→公民與社會,2,0,2,0,2,0,0,2
0105,國立臺灣師範大學,教育學系,英文(學測),1.50,國文(學測),1.50,歷史(分科),1.00,地理(分科),1.00,數學B(學測),1.00,30,268.50,,,,,,,,3,,,,,英文→國文→歷史→地理→數學B,17,13,30,14,16,0,0,30
0106,國立臺灣師範大學,教育心理與輔導學系,英文(學測),1.25,數學B(學測),1.25,國文(學測),1.00,公民與社會(分科),1.00,歷史(分科),1.00,7,279.50,,,366.80,,,,,3,,,,,英文→數學B→國文→公民與社會→歷史,6,0,6,1,5,1,0,7
0107,國立臺灣師範大學,社會教育學系,公民與社會(分科),1.50,國文(學測),1.50,英文(學測),1.50,歷史(分科),1.00,地理(分科),1.00,24,296.00,公民與社會(分科),50,344.35,,,,,3,國文(前標),社會(前標),,,公民與社會→國文→英文→歷史→地理,11,12,23,5,18,0,1,24
0110,國立臺灣師範大學,健康促進與衛生教育學系,英文(學測),1.50,生物(分科),1.50,數學甲(分科),1.00,國文(學測),1.00,,,8,218.50,,,,,,,,3,,,,,英文→生物→數學甲→國文,6,2,8,2,6,0,0,8
0111,國立臺灣師範大學,幼兒與家庭科學學系家庭生活與教育組,英文(學測),2.00,數學B(學測),2.00,國文(學測),1.75,公民與社會(分科),1.00,,,8,287.25,英文(學測),42,,,,,,3,,,,,英文→數學B→國文→公民與社會,6,2,8,1,7,0,0,8
0112,國立臺灣師範大學,幼兒與家庭科學學系幼兒發展與教育組,英文(學測),2.00,國文(學測),2.00,數學B(學測),1.75,公民與社會(分科),1.00,,,7,291.00,,,,,,,,3,,,,,英文→國文→數學B→公民與社會,5,2,7,1,6,0,0,7
0113,國立臺灣師範大學,公民教育與活動領導學系,公民與社會(分科),2.00,國文(學測),1.25,英文(學測),1.25,數學B(學測),1.00,,,37,245.25,,,,,,,,3,,,,,公民與社會→國文→英文→數學B,26,11,37,12,25,0,0,37
0114,國立臺灣師範大學,特殊教育學系,國文(學測),1.25,英文(學測),1.25,公民與社會(分科),1.00,,,,,19,160.00,國文(學測),53,161.45,,,,,3,,,,,國文→英文→公民與社會,12,6,18,3,15,0,1,19
0115,國立臺灣師範大學,學習科學學士學位學程,數學甲(分科),2.00,國文(學測),1.50,英文(學測),1.50,,,,,4,223.50,數學甲(分科),39,,,,,,3,,,,,數學甲→國文→英文,4,0,4,2,2,0,0,4
0116,國立臺灣師範大學,教育學院學士班,英文(學測),1.50,國文(學測),1.00,公民與社會(分科),1.00,,,,,6,164.00,英文(學測),48,168.00,,,,,3,數學A(均標) 或 數學B(均標),,,,英文→國文→公民與社會,3,2,5,1,4,0,1,6
0117,國立臺灣師範大學,國文學系,國文(學測),2.00,英文(學測),1.50,歷史(分科),1.00,地理(分科),1.00,,,40,256.50,國文(學測),49,,,,,,3,,,,,國文→英文→歷史→地理,27,13,40,13,27,0,0,40
0120,國立臺灣師範大學,英語學系,英文(學測),2.00,國文(學測),1.50,數學B(學測),1.00,歷史(分科),1.00,地理(分科),1.00,22,297.50,英文(學測),47,,,,,,3,,,,,英文→國文→數學B→歷史→地理,18,4,22,8,14,0,0,22
0121,國立臺灣師範大學,歷史學系,歷史(分科),1.50,國文(學測),1.25,英文(學測),1.25,地理(分科),1.00,數學B(學測),1.00,35,260.50,歷史(分科),51,,,,,,3,,,,,歷史→國文→英文→地理→數學B,23,12,35,21,14,0,0,35
0122,國立臺灣師範大學,地理學系,地理(分科),1.50,英文(學測),1.25,歷史(分科),1.00,數學B(學測),1.00,國文(學測),1.00,23,259.75,地理(分科),55,,,,,,3,,,,,地理→英文→歷史→數學B→國文,21,2,23,17,6,0,0,23
0123,國立臺灣師範大學,臺灣語文學系,英文(學測),1.50,公民與社會(分科),1.50,國文(學測),1.00,歷史(分科),1.50,地理(分科),1.00,10,298.50,,,,,,,,3,,,,,英文→公民與社會→國文→歷史→地理,7,3,10,5,5,0,0,10
0124,國立臺灣師範大學,數學系,數學甲(分科),2.00,英文(學測),1.00,物理(分科),1.00,,,,,37,165.00,數學甲(分科),41,,,,,,3,,,,,數學甲→英文→物理,26,11,37,30,7,0,0,37
0125,國立臺灣師範大學,物理學系,物理(分科),1.50,數學甲(分科),1.25,英文(學測),1.00,,,,,10,177.50,,,,,,,,3,,,,,物理→數學甲→英文,6,4,10,10,0,0,0,10
0126,國立臺灣師範大學,物理學系國際組,物理(分科),1.50,數學甲(分科),1.25,英文(學測),1.25,,,,,6,185.50,,,,,,,,3,英文(均標),,,,物理→數學甲→英文,6,0,6,6,0,0,0,6
0127,國立臺灣師範大學,化學系,化學(分科),1.75,物理(分科),1.50,數學甲(分科),1.25,英文(學測),1.00,,,35,245.00,,,253.45,,,,,3,,,,,化學→物理→數學甲→英文,26,8,34,25,9,1,0,35
0130,國立臺灣師範大學,生命科學系,生物(分科),1.50,化學(分科),1.25,英文(學測),1.25,數學A(學測),1.00,國文(學測),1.00,31,264.50,,,,,,,,3,,,,,生物→化學→英文→數學A→國文,21,10,31,17,14,0,0,31
0131,國立臺灣師範大學,地球科學系,數學甲(分科),2.00,物理(分科),2.00,化學(分科),1.50,英文(學測),1.00,,,8,272.00,,,,,,,,3,,,,,數學甲→物理→化學→英文,7,1,8,6,2,0,0,8
0132,國立臺灣師範大學,資訊工程學系,數學甲(分科),1.50,英文(學測),1.50,物理(分科),1.00,國文(學測),1.00,化學(分科),1.00,17,280.00,,,,,,,,3,,,,,數學甲→英文→物理→國文→化學,7,10,17,13,4,0,0,17
0133,國立臺灣師範大學,營養科學學士學位學程,化學(分科),1.50,生物(分科),1.50,英文(學測),1.50,數學A(學測),1.00,國文(學測),1.00,17,279.50,,,283.40,,,,,3,,,,,化學→生物→英文→數學A→國文,12,4,16,6,10,0,1,17
0134,國立臺灣師範大學,科技應用與人力資源發展學系,數學甲(分科),1.25,英文(學測),1.25,物理(分科),1.00,化學(分科),1.00,國文(學測),1.00,13,230.25,,,,,,,,3,,,,,數學甲→英文→物理→化學→國文,9,4,13,9,4,0,0,13
0135,國立臺灣師範大學,圖文傳播學系,英文(學測),1.25,國文(學測),1.25,數學甲(分科),1.00,物理(分科),1.00,化學(分科),1.00,10,231.25,英文(學測),45,,,,,,3,,,,,英文→國文→數學甲→物理→化學,8,2,10,5,5,0,0,10
0136,國立臺灣師範大學,機電工程學系,數學甲(分科),2.00,物理(分科),2.00,英文(學測),1.50,化學(分科),1.00,國文(學測),1.00,16,333.50,數學甲(分科),48,,,,,,3,,,,,數學甲→物理→英文→化學→國文,9,7,16,11,5,0,0,16
0137,國立臺灣師範大學,電機工程學系,數學甲(分科),1.00,物理(分科),1.00,英文(學測),1.00,化學(分科),1.00,國文(學測),1.00,9,242.00,,,,,,,,3,,,,,數學甲→物理→英文→化學→國文,7,2,9,7,2,0,0,9
0140,國立臺灣師範大學,車輛與能源工程學士學位學程,數學甲(分科),1.50,物理(分科),1.50,英文(學測),1.00,國文(學測),1.00,,,4,217.50,,,,,,,,3,,,,,數學甲→物理→英文→國文,4,0,4,4,0,0,0,4
0141,國立臺灣師範大學,光電工程學士學位學程,物理(分科),2.00,數學甲(分科),2.00,化學(分科),1.50,英文(學測),1.00,國文(學測),1.00,17,339.00,,,,,,,,4,,,,,物理→數學甲→化學→英文→國文,8,9,17,15,2,0,0,17
0142,國立臺灣師範大學,華語文教學系應用華語文學組,英文(學測),2.00,國文(學測),2.00,歷史(分科),1.00,,,,,12,237.00,英文(學測),50,,,,,,4,,,,,英文→國文→歷史,12,0,12,2,10,0,0,12
0143,國立臺灣師範大學,東亞學系,英文(學測),2.00,國文(學測),1.50,數學B(學測),1.00,公民與社會(分科),1.00,歷史(分科),1.00,12,282.00,英文(學測),45,,,,,,4,,,,,英文→國文→數學B→公民與社會→歷史,10,2,12,5,7,0,0,12
0144,國立臺灣師範大學,企業管理學系,英文(學測),2.00,數學乙(分科),1.50,國文(學測),1.00,,,,,21,220.00,英文(學測),52,,,,,,4,數學A(均標) 或 數學B(前標),,,,英文→數學乙→國文,15,6,21,10,11,0,0,21
0145,國立臺灣師範大學,設計學系產品設計組,英文(學測),2.00,國文(學測),2.00,數學乙(分科),1.75,,,,,9,272.25,英文(學測),49,,,,,,4,,,,,英文→國文→數學乙,5,4,9,2,7,0,0,9
0146,國立臺灣師範大學,音樂學系,音樂(術科),2.00,英文(學測),1.00,國文(學測),1.00,歷史(分科),1.00,,,4,297.64,,,,,,,,4,,,,,術科→英文→國文→歷史,1,3,4,1,3,0,0,4
0147,國立臺灣師範大學,表演藝術學士學位學程,國文(學測),1.75,歷史(分科),1.50,英文(學測),1.25,,,,,1,222.50,,,,,,,,4,,,,,國文→歷史→英文,1,0,1,0,1,0,0,1
0150,國立臺灣師範大學,設計學系視覺設計組,美術(術科),2.00,英文(學測),1.75,國文(學測),1.75,歷史(分科),1.00,,,5,348.70,,,,,,,,4,,,,,術科→英文→國文→歷史,4,1,5,0,5,0,0,5
0151,國立臺灣師範大學,美術學系繪畫組,美術(術科),1.50,國文(學測),1.00,英文(學測),1.00,歷史(分科),1.00,,,4,249.83,,,,,,,,4,,,,,術科→國文→英文→歷史,4,0,4,0,4,0,0,4
0152,國立臺灣師範大學,美術學系水墨畫組,美術(術科),1.50,國文(學測),1.00,英文(學測),1.00,歷史(分科),1.00,,,5,236.33,,,,,,,,4,,,,,術科→國文→英文→歷史,4,1,5,0,5,0,0,5
0153,國立臺灣師範大學,體育與運動科學系,英文(學測),2.00,生物(分科),1.50,國文(學測),1.50,數學B(學測),1.00,,,5,262.50,,,,,,,,4,,,,,英文→生物→國文→數學B,5,0,5,4,1,0,0,5
0154,國立中興大學,中國文學系,國文(學測),2.00,英文(學測),1.50,歷史(分科),1.25,,,,,33,208.00,,,,,,,,4,,,,,國文→英文→歷史,18,15,33,9,24,0,0,33
0155,國立中興大學,外國語文學系,英文(學測),2.00,國文(學測),1.00,歷史(分科),1.00,,,,,24,189.00,英文(學測),55,,,,,,4,,,,A級,英文→國文→歷史,19,5,24,7,17,0,0,24
0156,國立中興大學,歷史學系,歷史(分科),1.50,國文(學測),1.00,英文(學測),1.00,地理(分科),1.00,,,24,205.00,,,217.80,,,,,4,,,,,歷史→國文→英文→地理,15,8,23,11,12,1,0,24
0157,國立中興大學,台灣人文創新學士學位學程,國文(學測),2.00,歷史(分科),1.50,英文(學測),1.00,地理(分科),1.50,,,4,278.00,,,,,,,,4,,,,,國文→歷史→英文→地理,4,0,4,2,2,0,0,4
0160,國立中興大學,財務金融學系,英文(學測),2.00,數學乙(分科),2.00,國文(學測),1.00,,,,,32,247.00,英文(學測),48,,,,,,4,,,,,英文→數學乙→國文,17,15,32,12,20,0,0,32
0161,國立中興大學,企業管理學系,英文(學測),2.00,數學乙(分科),2.00,國文(學測),1.00,公民與社會(分科),1.00,,,24,277.00,英文(學測),40,283.90,,,,,4,英文(均標),,,,英文→數學乙→國文→公民與社會,11,12,23,11,12,0,1,24
0162,國立中興大學,資訊管理學系,數學甲(分科),2.00,英文(學測),2.00,國文(學測),1.00,,,,,19,225.00,數學甲(分科),43,,,,,,4,,,,,數學甲→英文→國文,14,5,19,11,8,0,0,19
0163,國立中興大學,會計學系,數學A(學測),2.00,英文(學測),2.00,國文(學測),1.00,公民與社會(分科),1.00,,,10,254.00,數學A(學測),40,,,,,,4,,,,,數學A→英文→國文→公民與社會,10,0,10,7,3,0,0,10
0164,國立中興大學,行銷學系,數學乙(分科),2.00,英文(學測),2.00,國文(學測),1.00,,,,,20,236.00,數學乙(分科),51,240.00,,,,,4,,,,B級,數學乙→英文→國文,11,8,19,10,9,1,0,20
0165,國立中興大學,應用經濟學系,英文(學測),2.00,數學甲(分科),1.50,國文(學測),1.00,,,,,31,196.00,英文(學測),45,,,,,,4,,,,,英文→數學甲→國文,17,14,31,13,18,0,0,31
0166,國立中興大學,法律學系,國文(學測),1.50,英文(學測),1.00,數學B(學測),1.00,公民與社會(分科),1.50,歷史(分科),1.00,24,287.50,國文(學測),49,296.50,,,,,4,,,,,國文→英文→數學B→公民與社會→歷史,9,13,22,13,9,2,0,24
0167,國立中興大學,化學系,化學(分科),2.00,數學甲(分科),2.00,英文(學測),1.50,物理(分科),1.00,國文(學測),1.00,25,331.00,化學(分科),44,,,,,,4,,,,,化學→數學甲→英文→物理→國文,19,6,25,20,5,0,0,25
0170,國立中興大學,物理學系一般物理組,物理(分科),1.50,數學甲(分科),1.50,英文(學測),1.50,化學(分科),1.00,國文(學測),1.00,14,291.00,物理(分科),55,,,,,,4,,,,,物理→數學甲→英文→化學→國文,8,6,14,11,3,0,0,14
0171,國立中興大學,物理學系光電物理組,物理(分科),1.50,數學甲(分科),1.50,英文(學測),1.50,化學(分科),1.00,國文(學測),1.00,8,296.50,,,,,,,,4,,,,,物理→數學甲→英文→化學→國文,7,1,8,8,0,0,0,8
0172,國立中興大學,應用數學系應用數學組,數學甲(分科),2.00,英文(學測),1.50,物理(分科),1.50,國文(學測),1.00,化學(分科),1.00,15,291.50,數學甲(分科),41,,,,,,4,,,,,數學甲→英文→物理→國文→化學,14,1,15,14,1,0,0,15
0173,國立中興大學,應用數學系數據科學與計算組,數學甲(分科),2.00,英文(學測),1.50,物理(分科),1.50,國文(學測),1.00,化學(分科),1.00,15,294.50,,,,,,,,4,,,,,數學甲→英文→物理→國文→化學,13,2,15,12,3,0,0,15
0174,國立中興大學,機械工程學系甲組,數學甲(分科),2.00,物理(分科),2.00,英文(學測),1.50,化學(分科),1.00,國文(學測),1.00,45,329.00,數學甲(分科),48,,,,,,4,,,,,數學甲→物理→英文→化學→國文,22,23,45,40,5,0,0,45
0175,國立中興大學,機械工程學系乙組,數學A(學測),2.00,物理(分科),2.00,英文(學測),1.50,化學(分科),1.00,國文(學測),1.00,5,348.00,,,,,,,,4,,,,,數學A→物理→英文→化學→國文,5,0,5,4,1,0,0,5
0176,國立中興大學,土木工程學系,數學甲(分科),2.00,物理(分科),2.00,英文(學測),1.50,國文(學測),1.00,,,45,270.50,,,,,,,,4,,,,,數學甲→物理→英文→國文,24,21,45,36,9,0,0,45
0177,國立中興大學,環境工程學系,化學(分科),1.50,數學甲(分科),1.50,物理(分科),1.50,英文(學測),1.00,國文(學測),1.00,13,275.00,,,,,,,,4,,,,,化學→數學甲→物理→英文→國文,9,4,13,8,5,0,0,13
0200,國立中興大學,化學工程學系,物理(分科),1.00,化學(分科),1.00,數學甲(分科),1.00,英文(學測),1.00,國文(學測),1.00,31,228.00,物理(分科),46,,,,,,4,,,,,物理→化學→數學甲→英文→國文,26,5,31,19,12,0,0,31
0201,國立中興大學,材料科學與工程學系,物理(分科),1.00,化學(分科),1.00,英文(學測),1.00,數學甲(分科),1.00,國文(學測),1.00,24,235.00,物理(分科),45,,,,,,4,,,,,物理→化學→英文→數學甲→國文,18,6,24,17,7,0,0,24
0202,國立中興大學,智慧創意工程學士學位學程,數學甲(分科),1.50,英文(學測),1.00,物理(分科),1.00,國文(學測),1.00,化學(分科),1.00,4,243.00,,,,,,,,5,,,,,數學甲→英文→物理→國文→化學,3,1,4,3,1,0,0,4
0203,國立中興大學,電機工程學系甲組,數學甲(分科),1.00,物理(分科),1.00,英文(學測),1.00,化學(分科),1.00,國文(學測),1.00,3,257.00,,,,,,,,5,國文(均標),,,,數學甲→物理→英文→化學→國文,3,0,3,2,1,0,0,3
0204,國立中興大學,電機工程學系乙組,數學甲(分科),1.00,物理(分科),1.00,英文(學測),1.25,化學(分科),1.00,國文(學測),1.00,14,263.00,數學甲(分科),43,,,,,,5,,,,,數學甲→物理→英文→化學→國文,9,5,14,12,2,0,0,14
0205,國立中興大學,資訊工程學系,數學甲(分科),1.00,物理(分科),1.00,英文(學測),1.00,化學(分科),1.00,,,17,195.00,數學甲(分科),51,,,,,,5,國文(均標),,,,數學甲→物理→英文→化學,11,6,17,14,3,0,0,17
0206,國立中興大學,電機資訊學院學士班,數學甲(分科),1.00,物理(分科),1.00,英文(學測),1.00,化學(分科),1.00,國文(學測),1.00,11,244.00,數學甲(分科),54,,,,,,5,,,,,數學甲→物理→英文→化學→國文,7,4,11,10,1,0,0,11
0207,國立中興大學,生物產業機電工程學系,數學甲(分科),1.00,物理(分科),1.00,化學(分科),1.00,英文(學測),1.00,國文(學測),1.00,27,214.00,,,,,,,,5,,,,,數學甲→物理→化學→英文→國文,23,4,27,20,7,0,0,27
0210,國立中興大學,水土保持學系,數學甲(分科),2.00,物理(分科),2.00,英文(學測),1.50,國文(學測),1.00,,,39,257.00,數學甲(分科),37,,,,,,5,,,,,數學甲→物理→英文→國文,17,22,39,27,12,0,0,39
0211,國立中興大學,食品暨應用生物科技學系,英文(學測),1.50,化學(分科),1.50,生物(分科),1.50,國文(學測),1.00,,,18,239.00,,,,,,,,5,數學A(均標) 或 數學B(均標),,,,英文→化學→生物→國文,12,6,18,6,12,0,0,18
0212,國立中興大學,農藝學系,英文(學測),1.50,生物(分科),1.50,化學(分科),1.50,國文(學測),1.00,,,21,218.00,英文(學測),44,,,,,,5,數學A(均標) 或 數學B(均標),,,,英文→生物→化學→國文,14,7,21,11,10,0,0,21
0213,國立中興大學,園藝學系,生物(分科),2.00,化學(分科),1.50,英文(學測),1.50,數學B(學測),1.00,國文(學測),1.00,17,276.50,,,,,,,,5,,,,,生物→化學→英文→數學B→國文,14,3,17,6,11,0,0,17
0214,國立中興大學,森林學系林學組,英文(學測),1.50,生物(分科),1.50,化學(分科),1.00,物理(分科),1.00,數學B(學測),1.00,10,224.00,,,,,,,,5,,,,,英文→生物→化學→物理→數學B,8,2,10,9,1,0,0,10
0215,國立中興大學,森林學系木材科學組,英文(學測),1.50,化學(分科),1.50,物理(分科),1.25,生物(分科),1.00,數學B(學測),1.00,9,224.75,,,,,,,,5,,,,,英文→化學→物理→生物→數學B,7,2,9,5,4,0,0,9
0216,國立中興大學,植物病理學系,生物(分科),1.50,化學(分科),1.50,英文(學測),1.50,國文(學測),1.00,數學A(學測),1.00,28,264.00,生物(分科),46,,,,,,5,,,,,生物→化學→英文→國文→數學A,16,12,28,12,16,0,0,28
0217,國立中興大學,昆蟲學系,生物(分科),1.50,化學(分科),1.50,英文(學測),1.50,國文(學測),1.00,,,20,219.00,,,,,,,,5,數學A(均標) 或 數學B(均標),,,,生物→化學→英文→國文,15,5,20,17,3,0,0,20
0220,國立中興大學,動物科學系,生物(分科),1.50,化學(分科),1.50,英文(學測),1.50,數學A(學測),1.00,國文(學測),1.00,17,282.00,,,,,,,,5,,,,B級,生物→化學→英文→數學A→國文,10,7,17,5,12,0,0,17
0221,國立中興大學,土壤環境科學系,英文(學測),2.00,化學(分科),2.00,生物(分科),2.00,物理(分科),1.00,,,20,259.00,,,,,,,,5,數學A(均標) 或 數學B(均標),,,,英文→化學→生物→物理,15,5,20,12,8,0,0,20
0222,國立中興大學,生物科技學士學位學程,英文(學測),1.50,化學(分科),1.50,生物(分科),1.50,國文(學測),1.00,,,8,249.00,,,,,,,,5,數學A(均標) 或 數學B(均標),,,,英文→化學→生物→國文,7,1,8,5,3,0,0,8
0223,國立中興大學,景觀與遊憩學士學位學程,英文(學測),1.50,國文(學測),1.00,物理(分科),1.00,,,,,5,151.50,,,,,,,,5,數學A(均標) 或 數學B(均標),,,,英文→國文→物理,3,2,5,4,1,0,0,5
0224,國立中興大學,國際農企業學士學位學程,英文(學測),2.00,生物(分科),1.50,國文(學測),1.00,,,,,7,188.00,英文(學測),48,,,,,,5,數學A(均標) 或 數學B(均標),,,,英文→生物→國文,5,2,7,0,7,0,0,7
0225,國立中興大學,生命科學系,生物(分科),1.75,化學(分科),1.75,英文(學測),1.00,,,,,28,200.50,,,,,,,,5,,,,,生物→化學→英文,16,12,28,17,11,0,0,28
0226,國立中興大學,獸醫學系,英文(學測),1.50,化學(分科),1.25,生物(分科),1.50,,,,,29,226.50,英文(學測),55,254.05,,,,,5,,,,B級,英文→化學→生物,27,1,28,17,11,1,0,29
0227,國立成功大學,中國文學系,國文(學測),1.50,英文(學測),1.00,歷史(分科),1.00,,,,,37,162.00,國文(學測),56,166.95,,,,,5,,,,,國文→英文→歷史,35,1,36,11,25,0,1,37
0230,國立成功大學,外國語文學系,英文(學測),2.00,國文(學測),1.50,歷史(分科),1.00,地理(分科),1.00,數學B(學測),1.00,39,295.00,,,,,,,,5,,,,A級,英文→國文→歷史→地理→數學B,30,9,39,11,28,0,0,39
0231,國立成功大學,歷史學系,歷史(分科),1.50,國文(學測),1.25,地理(分科),1.25,英文(學測),1.00,數學B(學測),1.00,34,267.75,,,,,,,,5,,,,,歷史→國文→地理→英文→數學B,27,7,34,16,18,0,0,34
0232,國立成功大學,台灣文學系,國文(學測),1.50,英文(學測),1.50,歷史(分科),1.00,數學B(學測),1.00,地理(分科),1.00,25,253.50,國文(學測),45,,,,,,5,英文(均標),,,,國文→英文→歷史→數學B→地理,18,7,25,8,17,0,0,25
0233,國立成功大學,數學系,數學甲(分科),2.00,物理(分科),1.50,英文(學測),1.50,化學(分科),1.00,,,23,275.00,,,,,,,,5,,,,,數學甲→物理→英文→化學,15,8,23,22,1,0,0,23
0234,國立成功大學,物理學系,物理(分科),1.00,數學甲(分科),1.00,英文(學測),1.00,化學(分科),1.00,,,21,200.00,,,,,,,,5,,,,,物理→數學甲→英文→化學,12,9,21,20,1,0,0,21
0235,國立成功大學,化學系,化學(分科),1.50,物理(分科),1.25,數學甲(分科),1.25,英文(學測),1.00,國文(學測),1.00,31,286.50,,,,,,,,5,,,,,化學→物理→數學甲→英文→國文,17,14,31,22,9,0,0,31
0236,國立成功大學,地球科學系,數學甲(分科),1.00,物理(分科),1.00,化學(分科),1.00,英文(學測),1.00,國文(學測),1.00,16,221.00,數學甲(分科),38,,,,,,5,,,,,數學甲→物理→化學→英文→國文,14,2,16,10,6,0,0,16
0237,國立成功大學,光電科學與工程學系,物理(分科),1.00,數學甲(分科),1.00,英文(學測),1.00,化學(分科),1.00,國文(學測),1.00,35,245.00,物理(分科),50,,,,,,5,,,,,物理→數學甲→英文→化學→國文,22,13,35,21,14,0,0,35
0240,國立成功大學,機械工程學系,數學甲(分科),2.00,物理(分科),2.00,英文(學測),1.00,,,,,67,241.00,數學甲(分科),47,,,,,,5,國文(均標),數學A(均標),,,數學甲→物理→英文,67,0,67,59,8,0,0,67
0241,國立成功大學,機械工程學系(普渡雙聯組),數學甲(分科),1.00,物理(分科),1.00,英文(學測),1.00,,,,,1,158.00,,,,,,,,5,數學A(均標),,,A級,數學甲→物理→英文,1,0,1,1,0,0,0,1
0242,國立成功大學,化學工程學系,數學甲(分科),1.25,化學(分科),1.25,物理(分科),1.25,英文(學測),1.00,國文(學測),1.00,88,276.50,數學甲(分科),41,,,,,,5,,,,,數學甲→化學→物理→英文→國文,66,22,88,71,17,0,0,88
0243,國立成功大學,材料科學及工程學系,物理(分科),1.50,化學(分科),1.50,數學甲(分科),1.00,,,,,45,202.00,,,,,,,,6,國文(前標),英文(前標),,,物理→化學→數學甲,33,12,45,40,5,0,0,45
0244,國立成功大學,資源工程學系,數學甲(分科),1.00,物理(分科),1.00,英文(學測),1.00,化學(分科),1.00,國文(學測),1.00,28,228.00,數學甲(分科),45,228.15,,,,,6,,,,,數學甲→物理→英文→化學→國文,21,6,27,22,5,1,0,28
0245,國立成功大學,土木工程學系,數學A(學測),1.00,物理(分科),1.00,英文(學測),1.00,國文(學測),1.00,,,65,183.00,數學A(學測),44,190.35,,,,,6,,,,,數學A→物理→英文→國文,50,12,62,45,17,1,2,65
0246,國立成功大學,水利及海洋工程學系,數學甲(分科),1.75,物理(分科),1.50,英文(學測),1.25,國文(學測),1.00,,,29,245.25,,,,,,,,6,,,,,數學甲→物理→英文→國文,17,12,29,26,3,0,0,29
0247,國立成功大學,工程科學系,數學甲(分科),1.00,物理(分科),1.00,英文(學測),1.00,化學(分科),1.00,國文(學測),1.00,21,248.00,數學甲(分科),50,,,,,,6,,,,,數學甲→物理→英文→化學→國文,19,2,21,16,5,0,0,21
0250,國立成功大學,系統及船舶機電工程學系,數學甲(分科),1.00,物理(分科),1.00,英文(學測),1.00,化學(分科),1.00,國文(學測),1.00,23,235.00,數學甲(分科),43,,,,,,6,,,,,數學甲→物理→英文→化學→國文,18,5,23,17,6,0,0,23
0251,國立成功大學,航空太空工程學系,數學甲(分科),1.00,物理(分科),1.00,英文(學測),1.00,國文(學測),1.00,,,32,193.00,數學甲(分科),51,199.80,,,,,6,,,,,數學甲→物理→英文→國文,20,11,31,27,4,0,1,32
0252,國立成功大學,環境工程學系,數學甲(分科),1.00,物理(分科),1.00,化學(分科),1.00,英文(學測),1.00,國文(學測),1.00,33,224.00,數學甲(分科),46,,,,,,6,,,,,數學甲→物理→化學→英文→國文,19,14,33,26,7,0,0,33
0253,國立成功大學,測量及空間資訊學系,數學甲(分科),2.00,物理(分科),2.00,英文(學測),2.00,國文(學測),1.00,,,26,313.00,,,,,,,,6,,,,,數學甲→物理→英文→國文,15,11,26,19,7,0,0,26
0254,國立成功大學,生物醫學工程學系,數學甲(分科),1.00,物理(分科),1.00,英文(學測),1.00,化學(分科),1.00,國文(學測),1.00,23,239.00,數學甲(分科),42,,,,,,6,,,,,數學甲→物理→英文→化學→國文,14,9,23,13,10,0,0,23
0255,國立成功大學,工業與資訊管理學系,數學A(學測),1.00,數學甲(分科),1.00,英文(學測),1.00,物理(分科),1.00,化學(分科),1.00,23,231.00,,,,,,,,6,,,,,數學A→數學甲→英文→物理→化學,17,6,23,20,3,0,0,23
0256,國立成功大學,交通管理科學系,數學甲(分科),1.25,英文(學測),1.25,國文(學測),1.00,物理(分科),1.00,,,31,199.75,,,,,,,,6,,,,,數學甲→英文→國文→物理,21,10,31,19,12,0,0,31
0257,國立成功大學,統計學系,數學甲(分科),1.50,英文(學測),1.50,國文(學測),1.00,,,,,27,189.50,數學甲(分科),48,,,,,,6,,,,,數學甲→英文→國文,27,0,27,15,12,0,0,27
0260,國立成功大學,會計學系,英文(學測),2.00,數學乙(分科),2.00,國文(學測),1.00,,,,,26,256.00,英文(學測),49,265.55,,,,,6,,,,,英文→數學乙→國文,23,2,25,12,13,0,1,26
0261,國立成功大學,企業管理學系,英文(學測),2.00,數學乙(分科),2.00,國文(學測),1.00,公民與社會(分科),1.00,,,33,297.00,英文(學測),46,299.85,,,,,6,,,,,英文→數學乙→國文→公民與社會,24,8,32,11,21,0,1,33
0262,國立成功大學,醫學系(自費),數學甲(分科),1.00,生物(分科),1.00,化學(分科),1.00,物理(分科),1.00,英文(學測),1.00,22,279.00,數學甲(分科),57,,,,,,6,國文(前標),,,,數學甲→生物→化學→物理→英文,21,1,22,22,0,0,0,22
0263,國立成功大學,醫學系(公費),數學甲(分科),1.00,生物(分科),1.00,物理(分科),1.00,化學(分科),1.00,英文(學測),1.00,9,265.00,數學甲(分科),46,,,,,,6,國文(前標),,,,數學甲→生物→物理→化學→英文,6,3,9,8,1,0,0,9
0264,國立成功大學,牙醫學系,數學甲(分科),1.00,英文(學測),1.00,生物(分科),1.00,化學(分科),1.00,物理(分科),1.00,12,274.00,數學甲(分科),56,,,,,,6,國文(頂標),數學A(頂標),,,數學甲→英文→生物→化學→物理,9,3,12,6,6,0,0,12
0265,國立成功大學,醫學檢驗生物技術學系,英文(學測),1.25,化學(分科),1.25,生物(分科),1.25,數學甲(分科),1.00,國文(學測),1.00,25,272.75,,,,,,,,6,,,,,英文→化學→生物→數學甲→國文,14,11,25,12,13,0,0,25
0266,國立成功大學,護理學系,生物(分科),1.50,英文(學測),1.50,化學(分科),1.00,國文(學測),1.00,,,22,238.00,生物(分科),49,267.25,,,,,6,,,,,生物→英文→化學→國文,14,7,21,6,15,1,0,22
0267,國立成功大學,物理治療學系,英文(學測),1.25,生物(分科),1.00,數學甲(分科),1.00,物理(分科),1.00,國文(學測),1.00,24,260.00,,,260.55,,,,,6,,,,,英文→生物→數學甲→物理→國文,15,7,22,11,11,2,0,24
0270,國立成功大學,職能治療學系,英文(學測),1.00,生物(分科),1.00,數學A(學測),1.00,國文(學測),1.00,,,12,200.00,英文(學測),56,,,,,,6,,,,,英文→生物→數學A→國文,9,3,12,5,7,0,0,12
0271,國立成功大學,藥學系,化學(分科),1.25,生物(分科),1.00,國文(學測),1.00,英文(學測),1.00,數學甲(分科),1.00,13,276.50,,,280.55,,,,,6,,,,,化學→生物→國文→英文→數學甲,8,4,12,8,4,0,1,13
0272,國立成功大學,政治學系,英文(學測),1.25,國文(學測),1.25,公民與社會(分科),1.00,歷史(分科),1.00,,,38,214.00,,,215.10,,,,,6,數學A(均標) 或 數學B(均標),,,,英文→國文→公民與社會→歷史,25,12,37,14,23,0,1,38
0273,國立成功大學,經濟學系,數學乙(分科),2.00,英文(學測),2.00,國文(學測),1.50,,,,,33,280.50,,,,,,,,6,,,,,數學乙→英文→國文,23,10,33,14,19,0,0,33
0274,國立成功大學,法律學系,公民與社會(分科),1.50,國文(學測),1.50,英文(學測),1.00,歷史(分科),1.00,數學B(學測),1.00,40,295.00,,,299.60,,,,,6,,,,,公民與社會→國文→英文→歷史→數學B,33,5,38,18,20,2,0,40
0275,國立成功大學,心理學系,英文(學測),1.50,數學甲(分科),1.50,生物(分科),1.00,化學(分科),1.00,國文(學測),1.00,42,280.50,英文(學測),51,290.50,,,,,6,,,,,英文→數學甲→生物→化學→國文,23,18,41,14,27,1,0,42
0276,國立成功大學,電機工程學系,數學甲(分科),1.00,物理(分科),1.00,英文(學測),1.00,化學(分科),1.00,,,46,214.00,數學甲(分科),51,234.30,,,,,6,,,,,數學甲→物理→英文→化學,43,2,45,41,4,1,0,46
0277,國立成功大學,電機工程學系(普渡雙聯組),數學甲(分科),1.00,物理(分科),1.00,英文(學測),1.00,化學(分科),1.00,,,1,225.00,,,,,,,,6,英文(前標),,,,數學甲→物理→英文→化學,1,0,1,1,0,0,0,1
0300,國立成功大學,資訊工程學系,數學甲(分科),1.00,物理(分科),1.00,英文(學測),1.00,化學(分科),1.00,國文(學測),1.00,58,257.00,數學甲(分科),51,,,,,,6,,,,,數學甲→物理→英文→化學→國文,42,16,58,43,15,0,0,58
0301,國立成功大學,資訊工程學系(普渡雙聯組),數學甲(分科),1.00,英文(學測),1.00,物理(分科),1.00,化學(分科),1.00,國文(學測),1.00,1,264.00,,,,,,,,6,英文(前標),,,,數學甲→英文→物理→化學→國文,1,0,1,1,0,0,0,1
0302,國立成功大學,建築學系,數學甲(分科),1.25,物理(分科),1.25,英文(學測),1.00,化學(分科),1.00,,,17,211.25,,,,,,,,6,,,,,數學甲→物理→英文→化學,17,0,17,14,3,0,0,17
0303,國立成功大學,都市計劃學系(自然組),數學A(學測),1.50,英文(學測),1.50,國文(學測),1.50,物理(分科),1.00,化學(分科),1.00,13,291.00,,,,,,,,6,,,,,數學A→英文→國文→物理→化學,10,3,13,5,8,0,0,13
0304,國立成功大學,都市計劃學系(社會組),數學A(學測),1.50,英文(學測),1.50,國文(學測),1.50,地理(分科),1.00,歷史(分科),1.00,8,291.50,,,,,,,,7,,,,,數學A→英文→國文→地理→歷史,5,3,8,5,3,0,0,8
0305,國立成功大學,工業設計學系,英文(學測),1.50,物理(分科),1.50,數學甲(分科),1.00,國文(學測),1.00,化學(分科),1.00,21,272.00,英文(學測),49,,,,,,7,,,,,英文→物理→數學甲→國文→化學,18,3,21,11,10,0,0,21
0306,國立成功大學,生命科學系,生物(分科),1.50,化學(分科),1.50,英文(學測),1.25,數學甲(分科),1.00,物理(分科),1.00,28,278.00,,,,,,,,7,國文(均標),,,,生物→化學→英文→數學甲→物理,20,8,28,19,9,0,0,28
0307,國立成功大學,生物科技與產業科學系,生物(分科),1.50,化學(分科),1.50,英文(學測),1.50,物理(分科),1.00,,,12,257.00,生物(分科),55,,,,,,7,英文(均標),,,,生物→化學→英文→物理,9,3,12,7,5,0,0,12
0310,國立成功大學,全校不分系學士學位學程,數學甲(分科),1.00,英文(學測),1.00,國文(學測),1.00,,,,,5,156.00,數學甲(分科),59,,,,,,7,,,,,數學甲→英文→國文,5,0,5,3,2,0,0,5
0311,東吳大學,中國文學系,國文(學測),2.00,英文(學測),1.00,歷史(分科),1.00,,,,,98,116.00,國文(學測),31,,,,,,7,,,,,國文→英文→歷史,51,47,98,40,58,0,0,98
0312,東吳大學,歷史學系,歷史(分科),2.00,國文(學測),1.00,社會(學測),1.00,,,,,20,172.00,歷史(分科),52,182.90,,,,,7,,,,,歷史→國文→社會,10,9,19,10,9,0,1,20
0313,東吳大學,哲學系,英文(學測),2.00,國文(學測),2.00,公民與社會(分科),1.00,,,,,25,145.00,英文(學測),25,148.00,,,,,7,,,,,英文→國文→公民與社會,14,10,24,8,16,1,0,25
0314,東吳大學,政治學系,公民與社會(分科),2.00,國文(學測),1.50,英文(學測),1.50,,,,,57,188.00,公民與社會(分科),43,,,,,,7,數學A(後標) 或 數學B(後標),,,,公民與社會→國文→英文,29,28,57,30,27,0,0,57
0315,東吳大學,社會學系,公民與社會(分科),1.50,英文(學測),1.50,數學B(學測),1.00,國文(學測),1.50,,,56,163.50,,,,,,,,7,,,,,公民與社會→英文→數學B→國文,43,13,56,21,35,0,0,56
0316,東吳大學,社會工作學系,國文(學測),1.50,英文(學測),1.00,公民與社會(分科),2.00,,,,,48,143.50,,,155.10,,,,,7,,,,,國文→英文→公民與社會,39,8,47,16,31,0,1,48
0317,東吳大學,音樂學系-鋼琴.聲樂.弦樂.理論作曲,音樂(術科),2.00,國文(學測),1.00,英文(學測),1.00,歷史(分科),1.00,,,15,194.26,,,,,,,,7,,,,,術科→國文→英文→歷史,6,13,19,4,11,0,0,15
0320,東吳大學,音樂學系-銅管樂.木管樂.擊樂,音樂(術科),2.00,國文(學測),1.00,英文(學測),1.00,歷史(分科),1.00,,,9,214.26,,,,,,,,7,,,,,術科→國文→英文→歷史,4,5,9,2,7,0,0,9
0321,東吳大學,英文學系,英文(學測),2.00,國文(學測),1.50,歷史(分科),1.00,,,,,93,144.00,英文(學測),29,163.10,,,,,7,,,,,英文→國文→歷史,47,45,92,32,60,0,1,93
0322,東吳大學,日本語文學系,英文(學測),1.50,國文(學測),1.50,歷史(分科),1.00,地理(分科),1.00,,,50,192.50,,,,,,,,7,,,,,英文→國文→歷史→地理,47,3,50,23,27,0,0,50
0323,東吳大學,德國文化學系A組,英文(學測),2.00,國文(學測),1.50,歷史(分科),1.50,,,,,18,167.00,,,174.35,,,,,7,,,,,英文→國文→歷史,11,6,17,5,12,0,1,18
0324,東吳大學,德國文化學系B組,英文(學測),2.00,國文(學測),1.50,數學乙(分科),1.50,,,,,4,162.50,,,,,,,,7,,,,,英文→國文→數學乙,4,0,4,2,2,0,0,4
0325,東吳大學,數學系,數學甲(分科),2.00,英文(學測),1.50,國文(學測),1.50,,,,,20,151.50,數學甲(分科),24,,,,,,7,,,,,數學甲→英文→國文,10,10,20,12,8,0,0,20
0326,東吳大學,物理學系,物理(分科),2.00,數學甲(分科),1.50,英文(學測),1.00,,,,,14,136.00,物理(分科),37,,,,,,7,,,,,物理→數學甲→英文,12,2,14,13,1,0,0,14
0327,東吳大學,化學系,化學(分科),2.00,數學甲(分科),1.50,英文(學測),1.00,,,,,18,130.00,,,,,,,,7,,,,,化學→數學甲→英文,11,7,18,12,6,0,0,18
0330,東吳大學,微生物學系,英文(學測),1.25,化學(分科),1.00,國文(學測),1.00,,,,,30,104.50,,,113.40,,,,,7,,,,,英文→化學→國文,12,17,29,14,15,0,1,30
0331,東吳大學,心理學系,數學甲(分科),1.50,英文(學測),2.00,國文(學測),1.00,,,,,11,178.00,,,,,,,,7,,,,,數學甲→英文→國文,10,1,11,3,8,0,0,11
0332,東吳大學,法律學系,英文(學測),2.00,國文(學測),2.00,公民與社會(分科),1.50,歷史(分科),1.00,,,75,312.50,英文(學測),53,,,,,,7,國文(均標),數學A(均標) 或 數學B(均標),,,英文→國文→公民與社會→歷史,61,14,75,36,39,0,0,75
0333,東吳大學,經濟學系,數學乙(分科),2.00,英文(學測),1.50,國文(學測),1.00,,,,,72,159.00,數學乙(分科),37,193.65,,,,,7,,,,,數學乙→英文→國文,59,12,71,32,39,1,0,72
0334,東吳大學,會計學系,英文(學測),1.00,數學乙(分科),1.25,國文(學測),1.00,,,,,92,134.00,英文(學測),54,,,,,,7,,,,,英文→數學乙→國文,72,20,92,44,48,0,0,92
0335,東吳大學,企業管理學系,公民與社會(分科),2.00,英文(學測),1.00,數學B(學測),1.00,國文(學測),1.00,,,74,181.00,公民與社會(分科),45,186.10,,,,,7,,,,,公民與社會→英文→數學B→國文,47,26,73,28,45,1,0,74
0336,東吳大學,國際經營與貿易學系,英文(學測),2.00,國文(學測),1.00,數學乙(分科),1.00,,,,,61,150.00,英文(學測),45,,,,,,7,,,,,英文→國文→數學乙,42,19,61,25,36,0,0,61
0337,東吳大學,財務工程與精算數學系,數學乙(分科),2.00,英文(學測),2.00,國文(學測),1.50,,,,,76,187.50,,,,,,,,7,,,,,數學乙→英文→國文,52,24,76,41,35,0,0,76
0340,東吳大學,資訊管理學系,數學乙(分科),1.25,英文(學測),1.25,國文(學測),1.00,,,,,31,126.50,,,,,,,,7,,,,,數學乙→英文→國文,21,10,31,12,19,0,0,31
0341,東吳大學,資料科學系,數學乙(分科),1.50,公民與社會(分科),1.00,國文(學測),1.00,,,,,29,127.00,,,131.85,,,,,7,,,,,數學乙→公民與社會→國文,27,1,28,13,15,1,0,29
0342,國立政治大學,中國文學系,國文(學測),1.50,英文(學測),1.25,歷史(分科),1.00,地理(分科),1.00,,,35,229.75,,,255.35,,,237.50,,7,,,,,國文→英文→歷史→地理,23,10,33,8,25,0,2,35
0343,國立政治大學,歷史學系,國文(學測),1.00,英文(學測),1.00,歷史(分科),1.50,社會(學測),1.00,地理(分科),1.00,20,281.50,國文(學測),49,,,,,,7,,,,,國文→英文→歷史→社會→地理,12,8,20,12,8,0,0,20
0344,國立政治大學,哲學系,國文(學測),1.25,英文(學測),1.25,公民與社會(分科),1.25,歷史(分科),1.00,數學B(學測),1.00,26,259.00,國文(學測),52,273.65,,,,,7,,,,,國文→英文→公民與社會→歷史→數學B,13,12,25,13,12,0,1,26
0345,國立政治大學,教育學系,英文(學測),2.00,公民與社會(分科),2.00,國文(學測),1.00,社會(學測),1.00,數學B(學測),1.00,30,325.00,英文(學測),51,,,,,330.60,8,英文(前標),社會(均標),,B級,英文→公民與社會→國文→社會→數學B,15,14,29,12,17,0,1,30
0346,國立政治大學,政治學系,公民與社會(分科),2.00,國文(學測),1.75,英文(學測),1.75,歷史(分科),1.00,,,17,332.50,,,,,,,,8,數學A(均標) 或 數學B(均標),,,,公民與社會→國文→英文→歷史,17,0,17,4,13,0,0,17
0347,國立政治大學,社會學系,英文(學測),2.00,公民與社會(分科),2.00,國文(學測),1.00,,,,,29,247.00,英文(學測),51,,,,,,8,數學A(均標) 或 數學B(均標),,,,英文→公民與社會→國文,14,15,29,11,18,0,0,29
0350,國立政治大學,財政學系,數學乙(分科),1.50,英文(學測),1.50,國文(學測),1.00,,,,,36,206.50,數學乙(分科),56,,,,,,8,,,,,數學乙→英文→國文,33,3,36,18,18,0,0,36
0351,國立政治大學,公共行政學系,英文(學測),2.00,公民與社會(分科),2.00,國文(學測),1.00,,,,,26,254.00,英文(學測),47,276.60,,,,,8,數學A(均標) 或 數學B(前標),,,,英文→公民與社會→國文,17,8,25,7,18,0,1,26
0352,國立政治大學,地政學系土地資源規劃組,國文(學測),1.50,英文(學測),1.50,數學乙(分科),1.50,地理(分科),1.00,公民與社會(分科),1.00,20,325.50,,,,,,,,8,,,,,國文→英文→數學乙→地理→公民與社會,15,5,20,6,14,0,0,20
0353,國立政治大學,地政學系土地管理組,國文(學測),1.50,英文(學測),1.50,數學乙(分科),1.50,地理(分科),1.00,公民與社會(分科),1.00,19,329.50,,,,,,,,8,,,,,國文→英文→數學乙→地理→公民與社會,15,4,19,6,13,0,0,19
0354,國立政治大學,地政學系土地測量與資訊組,國文(學測),1.25,英文(學測),1.50,數學甲(分科),2.00,物理(分科),1.00,化學(分科),1.00,14,287.50,,,,,,,,8,,,,,國文→英文→數學甲→物理→化學,12,2,14,8,6,0,0,14
0355,國立政治大學,經濟學系(A組),數學乙(分科),2.00,英文(學測),1.50,社會(學測),1.00,,,,,16,240.00,,,,,,,,8,,,,,數學乙→英文→社會,12,4,16,8,8,0,0,16
0356,國立政治大學,經濟學系(B組),數學乙(分科),2.00,英文(學測),1.50,自然(學測),1.00,,,,,16,235.50,,,,,,,,8,,,,,數學乙→英文→自然,12,4,16,11,5,0,0,16
0357,國立政治大學,民族學系,公民與社會(分科),1.50,國文(學測),1.00,英文(學測),1.00,歷史(分科),1.25,地理(分科),1.25,18,282.75,,,308.45,,,,,8,數學B(均標),社會(前標),,B級,公民與社會→國文→英文→歷史→地理,10,7,17,9,8,0,1,18
0360,國立政治大學,外交學系,英文(學測),1.75,國文(學測),1.50,歷史(分科),1.00,地理(分科),1.00,公民與社會(分科),1.00,33,323.50,,,348.50,,,,,8,數學A(後標) 或 數學B(均標),,,A級,英文→國文→歷史→地理→公民與社會,20,12,32,17,15,0,1,33
0361,國立政治大學,國際經營與貿易學系,英文(學測),2.00,數學乙(分科),2.00,國文(學測),1.50,,,,,35,289.50,英文(學測),54,,,,,,8,社會(均標),,,,英文→數學乙→國文,29,6,35,14,21,0,0,35
0362,國立政治大學,金融學系(A組),數學乙(分科),2.00,英文(學測),2.00,國文(學測),1.00,,,,,19,273.00,數學乙(分科),57,299.80,,,,,8,,,,,數學乙→英文→國文,10,8,18,8,10,1,0,19
0363,國立政治大學,金融學系(B組),數學甲(分科),2.00,英文(學測),1.50,國文(學測),1.00,,,,,17,220.50,數學甲(分科),46,,,,,,8,,,,,數學甲→英文→國文,9,8,17,10,7,0,0,17
0364,國立政治大學,會計學系,英文(學測),2.00,數學乙(分科),2.00,國文(學測),1.50,公民與社會(分科),1.00,,,58,334.00,英文(學測),56,,,,,,8,,,,,英文→數學乙→國文→公民與社會,38,20,58,19,39,0,0,58
0365,國立政治大學,統計學系(A組),數學乙(分科),2.00,英文(學測),1.50,國文(學測),1.50,歷史(分科),1.00,地理(分科),1.00,15,363.00,,,,,,,,8,,,,,數學乙→英文→國文→歷史→地理,13,2,15,7,8,0,0,15
0366,國立政治大學,統計學系(B組),數學甲(分科),2.00,英文(學測),1.50,國文(學測),1.50,物理(分科),1.00,化學(分科),1.00,7,321.50,,,,,,,,8,,,,,數學甲→英文→國文→物理→化學,6,1,7,3,4,0,0,7
0367,國立政治大學,企業管理學系,數學乙(分科),2.00,英文(學測),1.00,國文(學測),1.00,,,,,44,211.00,,,216.85,,,,,8,,,,,數學乙→英文→國文,30,13,43,16,27,0,1,44
0370,國立政治大學,資訊管理學系(A組),數學乙(分科),2.00,英文(學測),2.00,國文(學測),1.00,,,,,20,263.00,,,,,,,,8,社會(前標),,,,數學乙→英文→國文,20,0,20,8,12,0,0,20
0371,國立政治大學,資訊管理學系(B組),數學甲(分科),2.00,英文(學測),2.00,國文(學測),1.00,,,,,20,238.00,數學甲(分科),42,,,,,,8,自然(前標),,,,數學甲→英文→國文,20,0,20,10,10,0,0,20
0372,國立政治大學,財務管理學系,數學乙(分科),2.00,英文(學測),1.50,國文(學測),1.00,,,,,29,248.50,數學乙(分科),60,262.35,,,,,8,,,,,數學乙→英文→國文,13,14,27,13,14,1,1,29
0373,國立政治大學,風險管理與保險學系,英文(學測),1.50,數學乙(分科),1.50,國文(學測),1.00,,,,,28,207.50,英文(學測),57,,,,,,8,社會(均標),,,,英文→數學乙→國文,22,6,28,17,11,0,0,28
0374,國立政治大學,傳播學院大一大二不分系(社會組),國文(學測),1.50,英文(學測),1.50,歷史(分科),1.00,數學乙(分科),1.00,公民與社會(分科),1.00,68,287.00,,,,,,325.25,,8,,,,,國文→英文→歷史→數學乙→公民與社會,54,13,67,16,51,0,1,68
0375,國立政治大學,傳播學院大一大二不分系(自然組),數學A(學測),1.50,英文(學測),1.50,國文(學測),1.00,物理(分科),1.00,,,7,227.50,,,,,,,,8,,,,,數學A→英文→國文→物理,4,3,7,4,3,0,0,7
0376,國立政治大學,英國語文學系,英文(學測),2.00,國文(學測),1.50,歷史(分科),1.00,地理(分科),1.00,數學B(學測),1.00,37,308.50,,,,,,,,8,,,,,英文→國文→歷史→地理→數學B,26,11,37,15,22,0,0,37
0377,國立政治大學,阿拉伯語文學系,英文(學測),1.50,國文(學測),1.50,歷史(分科),1.25,地理(分科),1.00,,,25,249.25,,,303.25,,,,,8,,,,,英文→國文→歷史→地理,16,8,24,9,15,1,0,25
0400,國立政治大學,斯拉夫語文學系,英文(學測),1.50,國文(學測),1.50,歷史(分科),1.00,地理(分科),1.00,,,23,238.00,,,,,,,,8,國文(前標),英文(前標),,,英文→國文→歷史→地理,16,7,23,8,15,0,0,23
0401,國立政治大學,日本語文學系,國文(學測),1.50,英文(學測),1.50,歷史(分科),1.00,公民與社會(分科),1.00,,,10,253.00,,,,,,,,8,,,,,國文→英文→歷史→公民與社會,10,0,10,3,7,0,0,10
0402,國立政治大學,韓國語文學系,國文(學測),1.50,英文(學測),1.50,歷史(分科),1.00,地理(分科),1.00,數學B(學測),1.00,14,281.50,國文(學測),49,,,,,,8,,,,,國文→英文→歷史→地理→數學B,14,0,14,4,10,0,0,14
0403,國立政治大學,土耳其語文學系,英文(學測),2.00,國文(學測),2.00,歷史(分科),1.50,地理(分科),1.00,,,14,308.00,英文(學測),51,322.90,,,,,8,,,,,英文→國文→歷史→地理,12,1,13,4,9,1,0,14
0404,國立政治大學,歐洲語文學系法文組,英文(學測),1.50,國文(學測),1.50,歷史(分科),1.00,地理(分科),1.00,數學B(學測),1.00,8,280.50,英文(學測),45,,,,,,8,社會(前標),,,,英文→國文→歷史→地理→數學B,7,1,8,4,4,0,0,8
0405,國立政治大學,歐洲語文學系德文組,英文(學測),1.50,國文(學測),1.50,歷史(分科),1.00,地理(分科),1.00,數學B(學測),1.00,12,282.50,英文(學測),43,,,,,,8,社會(前標),,,,英文→國文→歷史→地理→數學B,7,5,12,4,8,0,0,12
0406,國立政治大學,歐洲語文學系西班牙文組,英文(學測),1.50,國文(學測),1.50,歷史(分科),1.00,地理(分科),1.00,數學B(學測),1.00,8,284.50,,,,,,,,9,社會(前標),,,,英文→國文→歷史→地理→數學B,7,1,8,1,7,0,0,8
0407,國立政治大學,東南亞語文學系越文組,英文(學測),1.50,國文(學測),1.50,歷史(分科),1.00,公民與社會(分科),1.00,地理(分科),1.00,9,284.00,,,290.55,,,,,9,,,,,英文→國文→歷史→公民與社會→地理,5,3,8,3,5,1,0,9
0410,國立政治大學,東南亞語文學系泰文組,英文(學測),1.50,國文(學測),1.50,歷史(分科),1.00,公民與社會(分科),1.00,地理(分科),1.00,10,282.00,,,288.75,,,,,9,,,,,英文→國文→歷史→公民與社會→地理,5,4,9,3,6,1,0,10
0411,國立政治大學,東南亞語文學系印尼文組,英文(學測),1.50,國文(學測),1.50,歷史(分科),1.00,公民與社會(分科),1.00,地理(分科),1.00,9,279.50,英文(學測),45,,,,,,9,,,,,英文→國文→歷史→公民與社會→地理,5,4,9,3,6,0,0,9
0412,國立政治大學,法律學系,英文(學測),2.00,公民與社會(分科),1.00,國文(學測),1.00,歷史(分科),1.00,數學B(學測),1.00,84,310.00,英文(學測),59,312.30,,,,327.50,9,,,,,英文→公民與社會→國文→歷史→數學B,63,16,79,43,36,1,4,84
0413,國立政治大學,應用數學系,數學甲(分科),2.00,英文(學測),1.00,物理(分科),1.00,化學(分科),1.00,,,24,214.00,數學甲(分科),46,,,,,,9,英文(均標),,,,數學甲→英文→物理→化學,16,8,24,21,3,0,0,24
0414,國立政治大學,心理學系,英文(學測),1.50,數學甲(分科),1.50,國文(學測),1.00,生物(分科),1.00,,,30,237.00,,,245.65,,,,,9,,,,,英文→數學甲→國文→生物,18,11,29,13,16,0,1,30
0415,國立政治大學,資訊科學系,數學甲(分科),1.25,物理(分科),1.00,化學(分科),1.00,英文(學測),1.25,國文(學測),1.00,21,254.75,數學甲(分科),45,,,,,,9,,,,,數學甲→物理→化學→英文→國文,19,2,21,14,7,0,0,21
0416,國立政治大學,創新國際學院學士班,英文(學測),2.00,數學B(學測),1.50,公民與社會(分科),1.50,國文(學測),1.00,,,9,294.00,,,,,,,,9,,,,A級,英文→數學B→公民與社會→國文,7,2,9,3,6,0,0,9
0417,高雄醫學大學,醫學系(自費),生物(分科),1.00,英文(學測),1.00,化學(分科),1.00,物理(分科),1.00,數學甲(分科),1.00,41,271.00,生物(分科),54,314.55,,,,,9,,,,,生物→英文→化學→物理→數學甲,18,22,40,34,6,1,0,41
0420,高雄醫學大學,醫學系(公費),生物(分科),1.00,英文(學測),1.00,化學(分科),1.00,物理(分科),1.00,數學甲(分科),1.00,2,264.00,生物(分科),60,,,,,,9,,,,,生物→英文→化學→物理→數學甲,2,0,2,2,0,0,0,2
0421,高雄醫學大學,運動醫學系,英文(學測),1.50,生物(分科),1.50,物理(分科),1.00,,,,,16,158.00,,,,,,,,9,數學A(底標) 或 數學B(均標),,,,英文→生物→物理,8,8,16,12,4,0,0,16
0422,高雄醫學大學,呼吸治療學系,英文(學測),1.50,生物(分科),1.25,化學(分科),1.25,,,,,18,164.25,英文(學測),42,,,,,182.50,9,,,,,英文→生物→化學,14,3,17,10,7,0,1,18
0423,高雄醫學大學,牙醫學系,英文(學測),1.00,生物(分科),1.00,化學(分科),1.00,物理(分科),1.00,數學甲(分科),1.00,23,271.00,英文(學測),54,292.95,,,,,9,,,,,英文→生物→化學→物理→數學甲,21,1,22,14,8,1,0,23
0424,高雄醫學大學,口腔衛生學系,生物(分科),1.50,國文(學測),1.50,英文(學測),1.00,數學A(學測),1.00,,,24,189.00,,,197.85,,,,,9,,,,,生物→國文→英文→數學A,13,10,23,9,14,0,1,24
0425,高雄醫學大學,藥學系,英文(學測),1.00,化學(分科),1.25,生物(分科),1.25,國文(學測),1.00,物理(分科),1.00,34,291.25,英文(學測),50,,,,,,9,,,,,英文→化學→生物→國文→物理,33,1,34,17,17,0,0,34
0426,高雄醫學大學,香粧品學系,化學(分科),1.00,生物(分科),1.00,英文(學測),1.00,國文(學測),1.00,,,16,148.00,化學(分科),28,,,,,,9,,,,,化學→生物→英文→國文,16,0,16,6,10,0,0,16
0427,高雄醫學大學,護理學系,生物(分科),2.00,英文(學測),1.00,國文(學測),1.00,數學B(學測),1.00,,,25,188.00,,,,,,,,9,,,,,生物→英文→國文→數學B,22,3,25,7,18,0,0,25
0430,高雄醫學大學,公共衛生學系,數學甲(分科),2.00,化學(分科),2.00,生物(分科),1.75,國文(學測),1.00,英文(學測),1.00,19,255.00,數學甲(分科),23,,,,,,9,,,,,數學甲→化學→生物→國文→英文,14,5,19,9,10,0,0,19
0431,高雄醫學大學,醫學檢驗生物技術學系,化學(分科),1.00,生物(分科),1.00,英文(學測),1.00,國文(學測),1.00,,,25,184.00,化學(分科),47,186.30,,,,,9,,,,,化學→生物→英文→國文,11,13,24,7,17,0,1,25
0432,高雄醫學大學,醫學影像暨放射科學系,物理(分科),1.50,化學(分科),1.25,生物(分科),1.25,數學甲(分科),1.00,英文(學測),1.00,22,221.50,,,,,,,,9,,,,,物理→化學→生物→數學甲→英文,9,13,22,11,11,0,0,22
0433,高雄醫學大學,職能治療學系,英文(學測),2.00,國文(學測),1.50,生物(分科),1.50,,,,,21,246.00,英文(學測),48,,,,,,9,,,,,英文→國文→生物,12,9,21,5,16,0,0,21
0434,高雄醫學大學,物理治療學系,英文(學測),2.00,數學甲(分科),1.50,生物(分科),1.50,物理(分科),1.00,國文(學測),1.00,15,330.00,,,,,,,,9,,,,,英文→數學甲→生物→物理→國文,10,5,15,11,4,0,0,15
0435,高雄醫學大學,醫務管理暨醫療資訊學系,物理(分科),1.50,英文(學測),2.00,國文(學測),1.50,,,,,29,173.50,,,176.95,,,,,9,數學A(底標) 或 數學B(底標),,,,物理→英文→國文,8,20,28,15,13,0,1,29
0436,高雄醫學大學,醫藥暨應用化學系應用化學組,化學(分科),1.50,數學甲(分科),1.50,英文(學測),1.50,物理(分科),1.00,,,25,198.50,,,,,,,,9,,,,,化學→數學甲→英文→物理,10,15,25,13,12,0,0,25
0437,高雄醫學大學,醫藥暨應用化學系醫藥化學組,化學(分科),1.50,數學甲(分科),1.50,英文(學測),1.50,生物(分科),1.00,,,20,205.50,化學(分科),35,,,,,,9,,,,,化學→數學甲→英文→生物,9,11,20,10,10,0,0,20
0440,高雄醫學大學,生物醫學暨環境生物學系,生物(分科),1.50,英文(學測),1.50,國文(學測),1.00,化學(分科),1.25,數學甲(分科),1.00,12,230.25,,,,,,,,9,,,,,生物→英文→國文→化學→數學甲,11,1,12,5,7,0,0,12
0441,高雄醫學大學,生物科技學系,生物(分科),1.50,英文(學測),1.25,化學(分科),1.25,國文(學測),1.00,,,24,197.75,,,206.95,,,,,9,,,,,生物→英文→化學→國文,9,14,23,11,12,1,0,24
0442,高雄醫學大學,生命科學院學士班,英文(學測),1.00,化學(分科),1.00,生物(分科),1.00,,,,,9,115.00,,,,,,,,9,,,,,英文→化學→生物,5,4,9,4,5,0,0,9
0443,高雄醫學大學,心理學系,英文(學測),2.00,生物(分科),1.00,國文(學測),1.00,,,,,20,191.00,英文(學測),46,203.70,,,,,9,數學A(後標) 或 數學B(後標),,,,英文→生物→國文,17,2,19,9,10,0,1,20
0444,高雄醫學大學,醫學社會學與社會工作學系,國文(學測),2.00,英文(學測),2.00,公民與社會(分科),1.00,歷史(分科),1.00,,,18,220.00,,,,,,,,9,,,,,國文→英文→公民與社會→歷史,15,3,18,3,15,0,0,18
0445,中原大學,應用數學系,數學甲(分科),2.00,國文(學測),1.25,英文(學測),1.00,,,,,14,143.75,,,,,,,,9,,,,,數學甲→國文→英文,10,4,14,9,5,0,0,14
0446,中原大學,物理學系物理組,物理(分科),2.00,數學甲(分科),1.50,英文(學測),1.00,,,,,7,168.00,物理(分科),41,,,,,,9,,,,,物理→數學甲→英文,6,1,7,7,0,0,0,7
0447,中原大學,物理學系光電與材料科學組,物理(分科),2.00,數學甲(分科),1.50,英文(學測),1.00,,,,,7,171.50,物理(分科),44,,,,,,10,,,,,物理→數學甲→英文,6,1,7,6,1,0,0,7
0450,中原大學,化學系化學組,化學(分科),2.00,數學甲(分科),1.00,英文(學測),1.00,物理(分科),1.00,,,8,182.00,,,,,,,,10,,,,,化學→數學甲→英文→物理,6,2,8,6,2,0,0,8
0451,中原大學,化學系材料化學組,化學(分科),2.00,英文(學測),1.00,數學甲(分科),1.00,物理(分科),1.00,,,8,189.00,,,,,,,,10,,,,,化學→英文→數學甲→物理,6,2,8,6,2,0,0,8
0452,中原大學,心理學系,英文(學測),2.00,數學甲(分科),2.00,國文(學測),1.50,,,,,17,203.50,,,,,,,,10,,,,,英文→數學甲→國文,12,5,17,8,9,0,0,17
0453,中原大學,生物科技學系,生物(分科),2.00,化學(分科),1.50,英文(學測),1.50,,,,,14,170.00,,,,,,,,10,,,,,生物→化學→英文,10,4,14,9,5,0,0,14
0454,中原大學,化學工程學系綠能製程組,物理(分科),1.00,數學甲(分科),1.00,英文(學測),1.00,化學(分科),1.00,國文(學測),1.00,7,188.00,,,,,,,,10,,,,,物理→數學甲→英文→化學→國文,6,1,7,3,4,0,0,7
0455,中原大學,化學工程學系生化工程組,物理(分科),1.00,數學甲(分科),1.00,英文(學測),1.00,化學(分科),1.00,國文(學測),1.00,7,194.00,物理(分科),48,,,,,,10,,,,,物理→數學甲→英文→化學→國文,6,1,7,3,4,0,0,7
0456,中原大學,化學工程學系材料工程組,物理(分科),1.00,數學甲(分科),1.00,英文(學測),1.00,化學(分科),1.00,國文(學測),1.00,11,198.00,物理(分科),40,,,,,,10,,,,,物理→數學甲→英文→化學→國文,7,4,11,9,2,0,0,11
0457,中原大學,土木工程學系,國文(學測),2.00,物理(分科),2.00,數學A(學測),1.50,,,,,25,194.00,,,,,,,,10,,,,,國文→物理→數學A,16,9,25,18,7,0,0,25
0460,中原大學,機械工程學系,數學甲(分科),1.00,物理(分科),1.00,國文(學測),2.00,,,,,24,155.00,,,,,,,,10,,,,,數學甲→物理→國文,18,6,24,16,8,0,0,24
0461,中原大學,生物醫學工程學系,國文(學測),2.00,數學甲(分科),1.00,物理(分科),1.00,化學(分科),1.00,,,15,183.00,,,,,,,,10,,,,,國文→數學甲→物理→化學,12,3,15,10,5,0,0,15
0462,中原大學,環境工程學系,化學(分科),2.00,國文(學測),2.00,英文(學測),1.00,,,,,11,194.00,,,,,,,,10,數學A(後標) 或 數學B(後標),,,,化學→國文→英文,6,5,11,6,5,0,0,11
0463,中原大學,電機資訊學院學士班,數學甲(分科),1.00,英文(學測),2.00,國文(學測),2.00,,,,,6,221.00,,,,,,,,10,,,,,數學甲→英文→國文,5,1,6,2,4,0,0,6
0464,中原大學,工業與系統工程學系工程組,數學甲(分科),1.00,英文(學測),1.00,國文(學測),1.00,,,,,12,111.00,數學甲(分科),30,,,,,,10,,,,,數學甲→英文→國文,10,2,12,6,6,0,0,12
0465,中原大學,工業與系統工程學系管理組,英文(學測),2.00,國文(學測),2.00,數學乙(分科),1.00,,,,,5,201.00,英文(學測),39,,,,,,10,,,,,英文→國文→數學乙,5,0,5,2,3,0,0,5
0466,中原大學,電子工程學系,物理(分科),1.00,數學甲(分科),1.00,英文(學測),1.00,國文(學測),1.00,,,23,162.00,物理(分科),46,,,,,,10,,,,,物理→數學甲→英文→國文,15,8,23,18,5,0,0,23
0467,中原大學,資訊工程學系,數學甲(分科),1.00,英文(學測),2.00,國文(學測),2.00,,,,,11,222.00,,,,,,,,10,,,,,數學甲→英文→國文,11,0,11,9,2,0,0,11
0470,中原大學,電機工程學系,數學甲(分科),1.00,英文(學測),1.00,物理(分科),1.00,國文(學測),1.00,,,22,167.00,數學甲(分科),40,168.75,,,,,10,,,,,數學甲→英文→物理→國文,11,10,21,17,4,1,0,22
0471,中原大學,電機資訊學院智慧運算與大數據學士班,數學甲(分科),1.00,英文(學測),1.00,國文(學測),1.00,,,,,6,123.00,數學甲(分科),45,,,,,,10,,,,,數學甲→英文→國文,6,0,6,4,2,0,0,6
0472,中原大學,企業管理學系服務業管理組,國文(學測),2.00,歷史(分科),2.00,英文(學測),1.00,,,,,5,188.00,,,,,,,,10,,,,,國文→歷史→英文,5,0,5,2,3,0,0,5
0473,中原大學,企業管理學系高科技業管理組,國文(學測),2.00,歷史(分科),2.00,英文(學測),1.00,,,,,7,201.00,,,,,,,,10,,,,,國文→歷史→英文,5,2,7,4,3,0,0,7
0474,中原大學,企業管理學系工商管理組,國文(學測),2.00,公民與社會(分科),2.00,英文(學測),1.00,,,,,14,188.00,國文(學測),43,,,,,,10,,,,,國文→公民與社會→英文,10,4,14,5,9,0,0,14
0475,中原大學,國際經營與貿易學系,英文(學測),2.00,國文(學測),1.75,公民與社會(分科),1.00,數學乙(分科),1.00,,,40,189.75,,,,,,,,10,,,,,英文→國文→公民與社會→數學乙,11,29,40,18,22,0,0,40
0476,中原大學,會計學系,國文(學測),1.50,公民與社會(分科),1.25,歷史(分科),1.50,數學乙(分科),1.00,,,25,201.50,,,223.70,,,217.75,,10,英文(後標),,,,國文→公民與社會→歷史→數學乙,17,6,23,8,15,1,1,25
0477,中原大學,資訊管理學系,國文(學測),1.50,英文(學測),1.50,公民與社會(分科),1.00,,,,,14,162.00,國文(學測),45,,,,,,10,數學A(底標) 或 數學B(底標),,,,國文→英文→公民與社會,11,3,14,9,5,0,0,14
0500,中原大學,財務金融學系,英文(學測),2.00,數學B(學測),2.00,國文(學測),1.75,公民與社會(分科),1.00,,,19,239.75,英文(學測),41,,,,,,10,,,,,英文→數學B→國文→公民與社會,11,8,19,11,8,0,0,19
0501,中原大學,財經法律學系財貿法組,英文(學測),1.50,國文(學測),1.50,公民與社會(分科),1.50,歷史(分科),1.00,,,20,225.50,,,230.10,,,,,10,,,,,英文→國文→公民與社會→歷史,5,14,19,10,9,1,0,20
0502,中原大學,財經法律學系科技法組,英文(學測),1.50,國文(學測),1.50,公民與社會(分科),1.50,歷史(分科),1.00,,,21,223.50,英文(學測),37,,,,,,10,,,,,英文→國文→公民與社會→歷史,5,16,21,10,11,0,0,21
0503,中原大學,建築學系,數學甲(分科),1.75,英文(學測),2.00,國文(學測),2.00,,,,,15,217.00,,,,,,,,10,,,,,數學甲→英文→國文,6,9,15,8,7,0,0,15
0504,中原大學,室內設計學系,國文(學測),2.00,歷史(分科),2.00,地理(分科),1.50,英文(學測),1.00,,,16,256.00,,,,,,,,10,,,,,國文→歷史→地理→英文,6,10,16,5,11,0,0,16
0505,中原大學,商業設計學系商業設計組,國文(學測),2.00,英文(學測),2.00,歷史(分科),1.50,地理(分科),1.00,,,22,221.00,,,,,,,,10,,,,,國文→英文→歷史→地理,5,17,22,7,15,0,0,22
0506,中原大學,商業設計學系產品設計組甲類,美術(術科),2.00,英文(學測),1.50,公民與社會(分科),1.00,,,,,3,196.50,,,,,,,,10,,,,,術科→英文→公民與社會,2,1,3,2,1,0,0,3
0507,中原大學,商業設計學系產品設計組乙類,物理(分科),2.00,英文(學測),1.50,國文(學測),1.00,,,,,2,186.00,,,,,,,,10,,,,,物理→英文→國文,1,1,2,1,1,0,0,2
0510,中原大學,地景建築學系,地理(分科),2.00,歷史(分科),2.00,公民與社會(分科),1.00,,,,,10,218.00,,,,,,,,11,,,,,地理→歷史→公民與社會,6,4,10,5,5,0,0,10
0511,中原大學,特殊教育學系,國文(學測),1.50,英文(學測),1.50,公民與社會(分科),1.00,,,,,13,119.50,,,146.50,,,,,11,,,,,國文→英文→公民與社會,5,7,12,4,8,1,0,13
0512,中原大學,應用外國語文學系,英文(學測),2.00,國文(學測),1.50,歷史(分科),1.00,,,,,38,138.50,,,,,,,,11,,,,,英文→國文→歷史,10,28,38,20,18,0,0,38
0513,中原大學,應用華語文學系,國文(學測),2.00,英文(學測),1.75,歷史(分科),1.25,,,,,28,148.25,國文(學測),32,,,,,,11,,,,,國文→英文→歷史,11,17,28,11,17,0,0,28
0514,東海大學,中國文學系,國文(學測),2.00,歷史(分科),1.00,公民與社會(分科),1.00,,,,,35,134.00,國文(學測),39,,,,,,11,,,,,國文→歷史→公民與社會,24,11,35,12,23,0,0,35
0515,東海大學,外國語文學系,英文(學測),2.00,國文(學測),1.00,歷史(分科),1.00,,,,,41,119.00,,,127.50,,,,,11,,,,,英文→國文→歷史,22,18,40,13,27,0,1,41
0516,東海大學,歷史學系,歷史(分科),2.00,社會(學測),2.00,國文(學測),1.00,,,,,14,213.00,歷史(分科),47,,,,,,11,,,,,歷史→社會→國文,14,0,14,12,2,0,0,14
0517,東海大學,日本語言文化學系,英文(學測),1.50,國文(學測),1.50,公民與社會(分科),1.75,,,,,33,146.50,,,,,,,,11,,,,,英文→國文→公民與社會,22,11,33,16,17,0,0,33
0520,東海大學,哲學系,公民與社會(分科),1.50,歷史(分科),1.50,國文(學測),1.00,,,,,14,142.00,,,,,,,,11,,,,,公民與社會→歷史→國文,13,1,14,9,5,0,0,14
0521,東海大學,應用物理學系,數學甲(分科),1.00,英文(學測),1.00,國文(學測),1.00,,,,,11,102.00,數學甲(分科),30,,,,,,11,,,,,數學甲→英文→國文,10,1,11,8,3,0,0,11
0522,東海大學,化學系化學組,化學(分科),2.00,英文(學測),1.00,國文(學測),1.00,,,,,9,156.00,,,,,,,,11,,,,,化學→英文→國文,9,0,9,4,5,0,0,9
0523,東海大學,化學系化學生物組,化學(分科),2.00,英文(學測),1.00,自然(學測),1.00,,,,,10,143.00,,,,,,,,11,,,,,化學→英文→自然,9,1,10,9,1,0,0,10
0524,東海大學,生命科學系生物醫學組,生物(分科),2.00,英文(學測),2.00,化學(分科),1.50,,,,,19,176.00,,,,,,,,11,,,,,生物→英文→化學,9,10,19,9,10,0,0,19
0525,東海大學,生命科學系生態暨生物多樣性組,生物(分科),2.00,英文(學測),2.00,國文(學測),1.75,,,,,14,201.25,,,,,,,,11,,,,,生物→英文→國文,9,5,14,8,6,0,0,14
0526,東海大學,智慧計算暨應用數學系,數學甲(分科),2.00,國文(學測),2.00,英文(學測),1.00,,,,,10,163.00,數學甲(分科),40,,,,,,11,,,,,數學甲→國文→英文,9,1,10,10,0,0,0,10
0527,東海大學,化學工程與材料工程學系,化學(分科),2.00,數學甲(分科),2.00,物理(分科),1.00,,,,,39,150.00,化學(分科),35,,,,,,11,,,,,化學→數學甲→物理,24,15,39,33,6,0,0,39
0530,東海大學,工業工程與經營資訊學系(智慧設計與生產組),數學甲(分科),2.00,英文(學測),1.50,國文(學測),1.00,,,,,7,143.50,,,,,,,,11,,,,,數學甲→英文→國文,6,1,7,4,3,0,0,7
0531,東海大學,工業工程與經營資訊學系(智慧經營與管理組),英文(學測),2.00,數學乙(分科),1.50,國文(學測),1.00,,,,,12,144.00,,,,,,,,11,,,,,英文→數學乙→國文,11,1,12,8,4,0,0,12
0532,東海大學,環境科學與工程學系,化學(分科),2.00,英文(學測),1.50,國文(學測),1.50,,,,,27,162.00,,,,,,,,11,數學A(底標) 或 數學B(底標),,,,化學→英文→國文,22,5,27,15,12,0,0,27
0533,東海大學,資訊工程學系,數學甲(分科),2.00,英文(學測),2.00,國文(學測),1.50,,,,,64,182.50,數學甲(分科),40,,,,,,11,,,,,數學甲→英文→國文,29,35,64,53,11,0,0,64
0534,東海大學,電機工程學系,數學甲(分科),1.00,國文(學測),2.00,英文(學測),1.00,,,,,17,157.00,數學甲(分科),37,,,,,,11,,,,,數學甲→國文→英文,16,1,17,13,4,0,0,17
0535,東海大學,企業管理學系,公民與社會(分科),2.00,國文(學測),1.50,英文(學測),1.00,,,,,38,158.00,公民與社會(分科),45,,,,,,11,,,,,公民與社會→國文→英文,33,5,38,18,20,0,0,38
0536,東海大學,國際經營與貿易學系,英文(學測),2.00,國文(學測),2.00,公民與社會(分科),1.50,數學B(學測),1.00,,,53,193.50,,,199.10,,,,,11,,,,,英文→國文→公民與社會→數學B,26,26,52,12,40,1,0,53
0537,東海大學,會計學系,公民與社會(分科),2.00,英文(學測),1.00,數學B(學測),1.00,國文(學測),1.00,,,54,159.00,,,,,,,,11,,,,,公民與社會→英文→數學B→國文,28,26,54,26,28,0,0,54
0540,東海大學,財務金融學系,英文(學測),1.50,數學乙(分科),1.00,國文(學測),1.00,,,,,54,111.00,,,,,,,,11,,,,,英文→數學乙→國文,37,17,54,26,28,0,0,54
0541,東海大學,統計學系(巨量資料管理組),數學甲(分科),2.00,數學A(學測),1.00,國文(學測),1.00,,,,,11,122.00,數學甲(分科),30,,,,,,11,,,,,數學甲→數學A→國文,11,0,11,10,1,0,0,11
0542,東海大學,統計學系(決策管理組),數學乙(分科),2.00,數學B(學測),1.00,國文(學測),1.00,,,,,15,134.00,,,,,,,,11,,,,,數學乙→數學B→國文,14,1,15,11,4,0,0,15
0543,東海大學,資訊管理學系,英文(學測),1.00,公民與社會(分科),2.00,國文(學測),2.00,,,,,19,190.00,,,,,,,,11,數學A(底標) 或 數學B(底標),,,,英文→公民與社會→國文,17,2,19,9,10,0,0,19
0544,東海大學,經濟學系,國文(學測),2.00,數學乙(分科),2.00,英文(學測),1.00,,,,,34,156.00,國文(學測),38,186.15,,,,,11,,,,,國文→數學乙→英文,21,12,33,15,18,0,1,34
0545,東海大學,政治學系,英文(學測),2.00,公民與社會(分科),2.00,國文(學測),1.75,,,,,30,193.25,英文(學測),30,,,,,,11,,,,,英文→公民與社會→國文,17,13,30,15,15,0,0,30
0546,東海大學,行政管理暨政策學系,公民與社會(分科),1.50,社會(學測),2.00,國文(學測),1.00,,,,,35,181.50,,,201.15,,,,,11,,,,,公民與社會→社會→國文,22,12,34,13,21,0,1,35
0547,東海大學,社會學系,公民與社會(分科),2.00,社會(學測),2.00,國文(學測),1.75,,,,,25,210.75,,,,,,,,11,,,,,公民與社會→社會→國文,22,3,25,13,12,0,0,25
0550,東海大學,社會工作學系,公民與社會(分科),2.00,國文(學測),1.50,社會(學測),1.00,,,,,40,158.00,公民與社會(分科),36,160.30,,,,,12,,,,,公民與社會→國文→社會,39,0,39,14,25,1,0,40
0551,東海大學,畜產與生物科技學系,生物(分科),2.00,英文(學測),1.00,國文(學測),1.00,,,,,24,131.00,生物(分科),34,,,,,,12,,,,,生物→英文→國文,20,4,24,8,16,0,0,24
0552,東海大學,食品科學系,自然(學測),2.00,國文(學測),1.50,化學(分科),1.00,,,,,17,165.50,自然(學測),39,,,,,,12,,,,,自然→國文→化學,17,0,17,13,4,0,0,17
0553,東海大學,餐旅管理學系,英文(學測),1.50,數學B(學測),1.25,公民與社會(分科),1.00,,,,,25,86.25,,,,,,,,12,,,,,英文→數學B→公民與社會,14,11,25,14,11,0,0,25
0554,東海大學,高齡健康與運動科學學士學位學程,英文(學測),1.50,國文(學測),1.25,數學乙(分科),1.00,,,,,11,102.25,,,,,,,,12,,,,,英文→國文→數學乙,11,0,11,8,3,0,0,11
0555,東海大學,美術學系,美術(術科),2.00,國文(學測),2.00,英文(學測),1.00,歷史(分科),1.00,,,9,256.50,,,,,,,,12,,,,,術科→國文→英文→歷史,6,3,9,2,7,0,0,9
0556,東海大學,音樂學系,英文(學測),1.50,國文(學測),1.50,歷史(分科),1.00,,,,,6,102.00,,,,,,,,12,,,,,英文→國文→歷史,1,5,6,4,2,0,0,6
0557,東海大學,建築學系(A組),數學A(學測),1.50,物理(分科),1.50,英文(學測),1.50,化學(分科),1.00,,,13,213.00,,,,,,,,12,,,,,數學A→物理→英文→化學,11,2,13,9,4,0,0,13
0560,東海大學,建築學系(B組),數學B(學測),1.50,歷史(分科),1.50,英文(學測),1.50,國文(學測),1.00,,,5,245.00,,,,,,,,12,,,,,數學B→歷史→英文→國文,4,1,5,4,1,0,0,5
0561,東海大學,工業設計學系(A組),國文(學測),2.00,英文(學測),2.00,物理(分科),1.00,,,,,9,196.00,國文(學測),50,,,,,,12,,,,,國文→英文→物理,6,3,9,4,5,0,0,9
0562,東海大學,工業設計學系(B組),國文(學測),2.00,英文(學測),2.00,公民與社會(分科),1.00,,,,,8,182.00,,,,,,,,12,,,,,國文→英文→公民與社會,6,2,8,2,6,0,0,8
0563,東海大學,景觀學系(A組),英文(學測),1.50,國文(學測),1.00,公民與社會(分科),1.00,,,,,13,108.00,,,,,,,,12,,,,,英文→國文→公民與社會,11,2,13,2,11,0,0,13
0564,東海大學,景觀學系(B組),英文(學測),1.50,國文(學測),1.00,生物(分科),1.00,,,,,4,120.50,,,,,,,,12,,,,,英文→國文→生物,3,1,4,0,4,0,0,4
0565,東海大學,法律學系,國文(學測),1.50,英文(學測),1.50,公民與社會(分科),1.50,歷史(分科),1.00,,,63,233.50,,,238.50,,,,,12,數學A(後標) 或 數學B(後標),,,,國文→英文→公民與社會→歷史,43,19,62,32,30,1,0,63
0566,東海大學,國際學院國際經營管理學位學程,英文(學測),2.00,數學乙(分科),1.25,國文(學測),1.00,,,,,12,114.25,,,,,,,,12,,,,,英文→數學乙→國文,10,2,12,3,9,0,0,12
0567,東海大學,永續科學與管理學士學位學程,英文(學測),2.00,國文(學測),1.00,化學(分科),1.00,,,,,7,131.00,,,,,,,,12,,,,,英文→國文→化學,6,1,7,4,3,0,0,7
0570,國立清華大學,中國文學系甲組(一般組),國文(學測),1.50,英文(學測),1.25,數學B(學測),1.00,歷史(分科),1.00,地理(分科),1.00,19,250.75,,,,,,,,12,數學B(均標),,,,國文→英文→數學B→歷史→地理,9,10,19,8,11,0,0,19
0571,國立清華大學,中國文學系乙組(華語文教學組),國文(學測),1.50,英文(學測),1.50,數學B(學測),1.00,歷史(分科),1.00,地理(分科),1.00,9,263.00,,,,,,,,12,,,,,國文→英文→數學B→歷史→地理,5,4,9,1,8,0,0,9
0572,國立清華大學,外國語文學系,英文(學測),2.00,國文(學測),1.50,歷史(分科),1.00,地理(分科),1.00,數學B(學測),1.00,25,302.00,,,,,,,,12,,,,A級,英文→國文→歷史→地理→數學B,11,14,25,7,18,0,0,25
0573,國立清華大學,人文社會學院學士班,英文(學測),1.50,數學乙(分科),1.50,國文(學測),1.50,歷史(分科),1.00,公民與社會(分科),1.00,18,302.00,,,,,,,,12,,,,,英文→數學乙→國文→歷史→公民與社會,14,4,18,7,11,0,0,18
0574,國立清華大學,教育與學習科技學系,國文(學測),2.00,英文(學測),2.00,數學B(學測),1.00,歷史(分科),1.00,,,8,273.00,,,,,,,,12,,,,,國文→英文→數學B→歷史,8,0,8,3,5,0,0,8
0575,國立清華大學,幼兒教育學系,英文(學測),2.00,國文(學測),2.00,歷史(分科),1.50,地理(分科),1.00,公民與社會(分科),1.00,8,349.00,,,,,,,,12,,,,,英文→國文→歷史→地理→公民與社會,8,0,8,0,8,0,0,8
0576,國立清華大學,特殊教育學系,國文(學測),2.00,英文(學測),2.00,歷史(分科),1.00,公民與社會(分科),1.00,,,12,278.00,國文(學測),49,,,,,,12,,,,,國文→英文→歷史→公民與社會,11,1,12,1,11,0,0,12
0577,國立清華大學,教育心理與諮商學系甲組,英文(學測),2.00,國文(學測),1.50,數學B(學測),1.50,公民與社會(分科),1.00,,,7,299.00,,,,,,,,12,,,,,英文→國文→數學B→公民與社會,7,0,7,0,7,0,0,7
0600,國立清華大學,教育心理與諮商學系乙組,英文(學測),2.00,國文(學測),1.50,數學乙(分科),1.50,生物(分科),1.00,,,8,296.00,,,,,,,,12,,,,,英文→國文→數學乙→生物,7,1,8,3,5,0,0,8
0601,國立清華大學,英語教學系,英文(學測),2.00,國文(學測),1.50,歷史(分科),1.00,數學B(學測),1.00,地理(分科),1.00,18,286.50,英文(學測),51,,,,,,12,,,,A級,英文→國文→歷史→數學B→地理,6,12,18,5,13,0,0,18
0602,國立清華大學,運動科學系,英文(學測),2.00,數學甲(分科),1.25,國文(學測),1.25,,,,,4,216.50,,,,,,,,12,,,,,英文→數學甲→國文,2,2,4,4,0,0,0,4
0603,國立清華大學,竹師教育學院學士班,英文(學測),2.00,國文(學測),1.00,生物(分科),1.50,,,,,5,230.50,,,,,,,,12,數學A(均標) 或 數學B(前標),,,,英文→國文→生物,4,1,5,1,4,0,0,5
0604,國立清華大學,環境與文化資源學系,地理(分科),1.50,公民與社會(分科),1.75,英文(學測),2.00,國文(學測),1.00,數學B(學測),1.00,11,334.50,地理(分科),52,,,,,,12,,,,,地理→公民與社會→英文→國文→數學B,5,6,11,5,6,0,0,11
0605,國立清華大學,經濟學系第1組,英文(學測),2.00,數學甲(分科),2.00,國文(學測),1.00,,,,,17,240.00,英文(學測),52,,,,,,12,,,,B級,英文→數學甲→國文,17,0,17,5,12,0,0,17
0606,國立清華大學,經濟學系第2組,英文(學測),2.00,數學A(學測),2.00,國文(學測),1.00,歷史(分科),1.00,地理(分科),1.00,18,330.00,,,,,,,,12,,,,B級,英文→數學A→國文→歷史→地理,18,0,18,9,9,0,0,18
0607,國立清華大學,科技管理學院學士班,數學甲(分科),1.00,英文(學測),1.00,物理(分科),1.00,化學(分科),1.00,,,10,192.00,數學甲(分科),49,,,,,,12,,,,,數學甲→英文→物理→化學,9,1,10,8,2,0,0,10
0610,國立清華大學,計量財務金融學系甲組,數學甲(分科),1.50,英文(學測),1.50,國文(學測),1.00,,,,,10,202.50,,,,,,,,13,,,,,數學甲→英文→國文,7,3,10,4,6,0,0,10
0611,國立清華大學,計量財務金融學系乙組,數學乙(分科),1.50,英文(學測),1.50,國文(學測),1.00,,,,,10,217.50,數學乙(分科),57,,,,,,13,,,,,數學乙→英文→國文,7,3,10,2,8,0,0,10
0612,國立清華大學,數學系甲組(數學組),數學甲(分科),2.00,物理(分科),1.50,英文(學測),1.50,化學(分科),1.00,,,10,285.00,數學甲(分科),48,294.50,,,,,13,,,,,數學甲→物理→英文→化學,6,3,9,8,1,0,1,10
0613,國立清華大學,數學系乙組(應用數學組),數學甲(分科),2.00,物理(分科),1.50,英文(學測),1.50,化學(分科),1.00,,,9,288.50,,,,,,,,13,,,,,數學甲→物理→英文→化學,6,3,9,8,1,0,0,9
0614,國立清華大學,物理學系物理組(甲組一般組),物理(分科),1.50,數學甲(分科),1.50,英文(學測),1.00,化學(分科),1.00,國文(學測),1.00,12,303.00,物理(分科),55,,,,,,13,數學A(前標),,,,物理→數學甲→英文→化學→國文,7,5,12,11,1,0,0,12
0615,國立清華大學,物理學系物理組(乙組天文物理組),物理(分科),1.50,數學甲(分科),1.50,英文(學測),1.00,化學(分科),1.00,國文(學測),1.00,1,320.00,,,,,,,,13,,,,,物理→數學甲→英文→化學→國文,1,0,1,1,0,0,0,1
0616,國立清華大學,物理學系光電物理組,物理(分科),1.50,數學甲(分科),1.50,英文(學測),1.00,化學(分科),1.00,國文(學測),1.00,5,306.00,,,,,,,,13,,,,,物理→數學甲→英文→化學→國文,4,1,5,4,1,0,0,5
0617,國立清華大學,化學系,化學(分科),1.00,物理(分科),1.00,數學甲(分科),1.00,英文(學測),1.00,國文(學測),1.00,24,248.00,化學(分科),54,,,,,,13,,,,,化學→物理→數學甲→英文→國文,23,1,24,17,7,0,0,24
0620,國立清華大學,理學院學士班,數學甲(分科),1.50,物理(分科),1.25,化學(分科),1.00,英文(學測),1.00,國文(學測),1.00,10,292.00,數學甲(分科),48,,,,,,13,數學A(前標),,,,數學甲→物理→化學→英文→國文,8,2,10,10,0,0,0,10
0621,國立清華大學,生醫工程與環境科學系,英文(學測),1.00,數學甲(分科),1.00,物理(分科),1.00,化學(分科),1.00,國文(學測),1.00,14,240.00,英文(學測),51,,,,,,13,,,,,英文→數學甲→物理→化學→國文,11,3,14,7,7,0,0,14
0622,國立清華大學,工程與系統科學系甲組(低碳綠能組),英文(學測),1.00,物理(分科),1.00,數學甲(分科),1.00,化學(分科),1.00,國文(學測),1.00,7,252.00,英文(學測),55,,,,,,13,,,,,英文→物理→數學甲→化學→國文,6,1,7,6,1,0,0,7
0623,國立清華大學,工程與系統科學系乙組(智慧奈米系統組),英文(學測),1.00,物理(分科),1.00,數學甲(分科),1.00,化學(分科),1.00,國文(學測),1.00,5,255.00,英文(學測),60,,,,,,13,,,,,英文→物理→數學甲→化學→國文,5,0,5,4,1,0,0,5
0624,國立清華大學,原子科學院學士班,英文(學測),1.00,數學甲(分科),1.00,物理(分科),1.00,化學(分科),1.00,國文(學測),1.00,6,251.00,,,,,,,,13,,,,,英文→數學甲→物理→化學→國文,6,0,6,4,2,0,0,6
0625,國立清華大學,化學工程學系,數學甲(分科),1.00,物理(分科),1.00,化學(分科),1.00,英文(學測),1.00,國文(學測),1.00,12,253.00,數學甲(分科),50,,,,,,13,英文(前標),,,,數學甲→物理→化學→英文→國文,12,0,12,10,2,0,0,12
0626,國立清華大學,動力機械工程學系甲組,數學甲(分科),1.00,物理(分科),1.00,英文(學測),1.00,化學(分科),1.00,國文(學測),1.00,3,258.00,數學甲(分科),45,,,,,,13,英文(前標),,,,數學甲→物理→英文→化學→國文,3,0,3,1,2,0,0,3
0627,國立清華大學,動力機械工程學系乙組,數學甲(分科),1.00,物理(分科),1.00,英文(學測),1.00,化學(分科),1.00,國文(學測),1.00,15,253.00,數學甲(分科),40,,,,,,13,,,,,數學甲→物理→英文→化學→國文,15,0,15,12,3,0,0,15
0630,國立清華大學,材料科學工程學系甲組,物理(分科),1.00,化學(分科),1.00,英文(學測),1.00,數學甲(分科),1.00,,,3,217.00,物理(分科),57,,,,,,13,英文(前標),,,,物理→化學→英文→數學甲,3,0,3,3,0,0,0,3
0631,國立清華大學,材料科學工程學系乙組,物理(分科),1.00,化學(分科),1.00,英文(學測),1.00,數學甲(分科),1.00,,,21,209.00,物理(分科),56,,,,,,13,,,,,物理→化學→英文→數學甲,14,7,21,19,2,0,0,21
0632,國立清華大學,工業工程與工程管理學系,數學甲(分科),1.50,英文(學測),1.50,物理(分科),1.00,國文(學測),1.00,,,27,242.00,,,249.45,,,,,13,,,,,數學甲→英文→物理→國文,12,14,26,18,8,0,1,27
0633,國立清華大學,工學院學士班,數學甲(分科),1.00,物理(分科),1.00,化學(分科),1.00,英文(學測),1.00,國文(學測),1.00,8,257.00,數學甲(分科),47,,,,,,13,英文(前標),,,,數學甲→物理→化學→英文→國文,6,2,8,6,2,0,0,8
0634,國立清華大學,電機工程學系甲組,英文(學測),1.00,數學甲(分科),1.00,物理(分科),1.00,化學(分科),1.00,,,4,227.00,,,,,,,,13,,,,,英文→數學甲→物理→化學,4,0,4,3,1,0,0,4
0635,國立清華大學,電機工程學系乙組,數學甲(分科),1.00,物理(分科),1.00,化學(分科),1.00,,,,,9,169.00,數學甲(分科),54,,,,,,13,英文(頂標),,,,數學甲→物理→化學,8,1,9,9,0,0,0,9
0636,國立清華大學,資訊工程學系甲組(電子資訊組),數學甲(分科),1.00,英文(學測),1.00,物理(分科),1.00,國文(學測),1.00,化學(分科),1.00,5,270.00,,,,,,,,13,英文(前標),自然(前標),,,數學甲→英文→物理→國文→化學,5,0,5,4,1,0,0,5
0637,國立清華大學,資訊工程學系乙組(資訊工程組),數學甲(分科),1.00,英文(學測),1.00,物理(分科),1.00,國文(學測),1.00,化學(分科),1.00,18,262.00,數學甲(分科),49,,,,,,13,國文(均標),英文(前標),,,數學甲→英文→物理→國文→化學,11,7,18,12,6,0,0,18
0640,國立清華大學,資訊工程學系丙組(人工智慧組),數學甲(分科),1.00,英文(學測),1.00,物理(分科),1.00,國文(學測),1.00,化學(分科),1.00,10,262.00,數學甲(分科),44,,,,,,13,自然(前標),,,,數學甲→英文→物理→國文→化學,6,4,10,6,4,0,0,10
0641,國立清華大學,電機資訊學院學士班甲組,數學甲(分科),1.00,英文(學測),1.00,物理(分科),1.00,化學(分科),1.00,國文(學測),1.00,1,277.00,,,,,,,,13,英文(頂標),,,,數學甲→英文→物理→化學→國文,1,0,1,1,0,0,0,1
0642,國立清華大學,電機資訊學院學士班乙組,數學甲(分科),1.00,英文(學測),1.00,物理(分科),1.00,化學(分科),1.00,國文(學測),1.00,18,268.00,,,,,,,,13,,,,,數學甲→英文→物理→化學→國文,6,12,18,17,1,0,0,18
0643,國立清華大學,生命科學系,生物(分科),1.25,英文(學測),1.25,化學(分科),1.25,數學甲(分科),1.00,物理(分科),1.00,11,268.25,,,,,,,,13,,,,,生物→英文→化學→數學甲→物理,9,2,11,10,1,0,0,11
0644,國立清華大學,醫學科學系,生物(分科),1.50,化學(分科),1.50,英文(學測),1.50,數學甲(分科),1.00,物理(分科),1.00,6,323.00,,,,,,,,13,,,,,生物→化學→英文→數學甲→物理,5,1,6,5,1,0,0,6
0645,國立清華大學,生命科學暨醫學院學士班,生物(分科),1.00,化學(分科),1.00,物理(分科),1.00,數學甲(分科),1.00,,,11,187.00,,,,,,,,13,英文(前標),,,,生物→化學→物理→數學甲,4,7,11,4,7,0,0,11
0646,國立清華大學,藝術與設計學系創作組,美術(術科),2.00,國文(學測),1.50,英文(學測),1.00,歷史(分科),1.50,,,9,300.76,,,,,,,,13,,,,,術科→國文→英文→歷史,8,1,9,2,7,0,0,9
0647,國立清華大學,藝術與設計學系設計組,國文(學測),1.50,英文(學測),1.00,歷史(分科),1.50,,,,,11,191.50,,,,,,,,13,,,,,國文→英文→歷史,8,3,11,2,9,0,0,11
0650,國立清華大學,藝術學院學士班,英文(學測),1.50,國文(學測),1.50,物理(分科),1.00,,,,,9,194.50,,,,,,,,14,數學A(均標) 或 數學B(均標),,,,英文→國文→物理,7,2,9,5,4,0,0,9
0651,中國醫藥大學,牙醫學系,國文(學測),1.00,生物(分科),1.25,化學(分科),1.00,物理(分科),1.00,數學甲(分科),1.00,17,284.75,,,292.90,,,,,14,,,,,國文→生物→化學→物理→數學甲,8,8,16,9,7,1,0,17
0652,中國醫藥大學,醫學系,物理(分科),1.00,化學(分科),1.00,生物(分科),1.00,數學甲(分科),1.00,國文(學測),1.00,17,273.00,物理(分科),53,275.40,,,,,14,,,,A級,物理→化學→生物→數學甲→國文,14,2,16,11,5,0,1,17
0653,中國醫藥大學,中醫學系甲組,國文(學測),1.25,生物(分科),1.00,英文(學測),1.00,化學(分科),1.00,數學甲(分科),1.25,33,292.00,國文(學測),59,322.05,292.45,,,,14,,,,,國文→生物→英文→化學→數學甲,10,21,31,17,14,1,1,33
0654,中國醫藥大學,中醫學系乙組,國文(學測),1.25,生物(分科),1.00,英文(學測),1.00,化學(分科),1.00,數學甲(分科),1.25,21,291.00,,,295.95,,,,,14,,,,,國文→生物→英文→化學→數學甲,7,13,20,15,5,1,0,21
0655,中國醫藥大學,藥學系,化學(分科),1.00,英文(學測),1.00,生物(分科),1.00,數學A(學測),1.00,國文(學測),1.00,27,262.00,,,,,,,,14,,,,,化學→英文→生物→數學A→國文,24,3,27,17,10,0,0,27
0656,中國醫藥大學,護理學系,生物(分科),1.00,英文(學測),1.00,國文(學測),1.00,,,,,15,127.00,,,,,,,,14,,,,,生物→英文→國文,9,6,15,3,12,0,0,15
0657,中國醫藥大學,醫學檢驗生物技術學系,化學(分科),1.25,生物(分科),1.25,英文(學測),1.00,,,,,11,167.00,,,,,,,,14,,,,,化學→生物→英文,6,5,11,8,3,0,0,11
0660,中國醫藥大學,營養學系,英文(學測),2.00,生物(分科),2.00,國文(學測),1.00,,,,,18,219.00,,,,,,,,14,,,,,英文→生物→國文,7,11,18,5,13,0,0,18
0661,中國醫藥大學,物理治療學系,英文(學測),1.50,生物(分科),1.25,物理(分科),1.00,,,,,11,186.75,,,,,,,,14,,,,,英文→生物→物理,5,6,11,7,4,0,0,11
0662,中國醫藥大學,生物科技學系,英文(學測),1.25,國文(學測),1.25,生物(分科),1.50,,,,,6,180.50,英文(學測),55,,,,,,14,,,,,英文→國文→生物,4,2,6,3,3,0,0,6
0663,中國醫藥大學,運動醫學系,英文(學測),2.00,生物(分科),2.00,國文(學測),1.00,,,,,10,215.00,,,,,,,,14,,,,,英文→生物→國文,5,5,10,6,4,0,0,10
0664,中國醫藥大學,中國藥學暨中藥資源學系,國文(學測),1.50,英文(學測),1.50,化學(分科),1.00,,,,,9,194.50,,,,,,,,14,,,,,國文→英文→化學,5,4,9,3,6,0,0,9
0665,中國醫藥大學,藥用化妝品學系,化學(分科),1.00,生物(分科),1.00,英文(學測),1.00,,,,,7,114.00,,,,,,,,14,,,,,化學→生物→英文,5,2,7,2,5,0,0,7
0666,中國醫藥大學,生物醫學影像暨放射科學學系,生物(分科),1.00,英文(學測),1.00,國文(學測),1.00,,,,,7,142.00,,,,,,,,14,,,,,生物→英文→國文,6,1,7,2,5,0,0,7
0667,中國醫藥大學,公共衛生學院大一不分系,生物(分科),2.00,國文(學測),2.00,英文(學測),1.50,,,,,18,232.50,,,,,,,,14,,,,,生物→國文→英文,14,4,18,6,12,0,0,18
0670,中國醫藥大學,生物醫學工程學系,國文(學測),1.50,英文(學測),1.50,生物(分科),1.00,,,,,14,192.00,國文(學測),51,199.60,,,,,14,,,,,國文→英文→生物,5,8,13,6,7,0,1,14
0671,中國醫藥大學,醫療資訊學系,生物(分科),1.25,英文(學測),1.25,數學甲(分科),1.00,,,,,7,128.50,,,,,,,,14,,,,,生物→英文→數學甲,6,1,7,2,5,0,0,7
0672,國立陽明交通大學,電機工程學系甲組(電資國際組),數學甲(分科),1.00,物理(分科),1.00,化學(分科),1.00,英文(學測),2.00,,,4,286.00,數學甲(分科),56,,,,,,14,,,,,數學甲→物理→化學→英文,4,0,4,3,1,0,0,4
0673,國立陽明交通大學,電機工程學系乙組(電機工程組),數學甲(分科),1.00,物理(分科),1.50,化學(分科),1.50,英文(學測),1.50,,,35,308.00,數學甲(分科),59,314.80,,,,,14,自然(均標),,,,數學甲→物理→化學→英文,29,5,34,32,2,1,0,35
0674,國立陽明交通大學,電機工程學系丙組(醫學電資組),物理(分科),1.50,化學(分科),1.00,數學甲(分科),1.00,英文(學測),1.00,,,2,249.00,物理(分科),60,,,,,,14,英文(均標),,,,物理→化學→數學甲→英文,2,0,2,2,0,0,0,2
0675,國立陽明交通大學,光電工程學系,物理(分科),1.50,化學(分科),1.50,數學甲(分科),1.00,英文(學測),2.00,,,5,317.00,,,,,,,,14,,,,,物理→化學→數學甲→英文,5,0,5,5,0,0,0,5
0676,國立陽明交通大學,資訊工程學系甲組,數學甲(分科),1.00,英文(學測),1.00,物理(分科),1.00,化學(分科),1.00,國文(學測),1.00,4,277.00,,,,,,,,14,,,,,數學甲→英文→物理→化學→國文,4,0,4,4,0,0,0,4
0677,國立陽明交通大學,資訊工程學系乙組,數學甲(分科),1.00,英文(學測),1.00,物理(分科),1.00,化學(分科),1.00,國文(學測),1.00,39,264.00,數學甲(分科),50,,,,,,14,數學A(均標),,,,數學甲→英文→物理→化學→國文,20,19,39,32,7,0,0,39
0700,國立陽明交通大學,半導體工程學系固態電子組,數學甲(分科),1.50,物理(分科),1.50,化學(分科),1.00,英文(學測),1.00,,,7,266.50,,,,,,,,14,,,,,數學甲→物理→化學→英文,6,1,7,7,0,0,0,7
0701,國立陽明交通大學,半導體工程學系奈米科學組,數學甲(分科),1.50,物理(分科),1.50,化學(分科),1.00,英文(學測),1.00,,,5,263.50,數學甲(分科),55,,,,,,14,,,,,數學甲→物理→化學→英文,3,2,5,5,0,0,0,5
0702,國立陽明交通大學,材料科學與工程學系-伊利諾雙聯組,物理(分科),1.00,化學(分科),1.00,數學甲(分科),1.00,自然(學測),1.00,英文(學測),1.00,9,265.00,物理(分科),59,,,,,,14,,,,,物理→化學→數學甲→自然→英文,3,6,9,8,1,0,0,9
0703,國立陽明交通大學,材料科學與工程學系,物理(分科),1.00,化學(分科),1.00,數學甲(分科),1.00,自然(學測),1.00,英文(學測),1.00,8,264.00,物理(分科),56,,,,,,14,,,,,物理→化學→數學甲→自然→英文,8,0,8,5,3,0,0,8
0704,國立陽明交通大學,機械工程學系,數學甲(分科),1.00,物理(分科),1.00,英文(學測),1.00,化學(分科),1.00,,,33,200.00,數學甲(分科),52,,,,,,14,國文(均標),,,,數學甲→物理→英文→化學,30,3,33,33,0,0,0,33
0705,國立陽明交通大學,土木工程學系(科技暨基礎建設永續發展組),數學甲(分科),1.00,物理(分科),1.00,英文(學測),1.00,化學(分科),1.00,,,28,184.00,數學甲(分科),44,,,,,,14,,,,,數學甲→物理→英文→化學,17,11,28,25,3,0,0,28
0706,國立陽明交通大學,理學院科學學士學位學程甲組,物理(分科),1.00,數學甲(分科),1.00,化學(分科),1.00,英文(學測),1.00,,,10,206.00,物理(分科),52,,,,,,14,,,,,物理→數學甲→化學→英文,7,3,10,9,1,0,0,10
0707,國立陽明交通大學,電子物理學系光電與奈米科學組,物理(分科),1.50,數學甲(分科),1.00,化學(分科),1.00,英文(學測),1.00,,,4,241.00,,,,,,,,14,,,,,物理→數學甲→化學→英文,4,0,4,4,0,0,0,4
0710,國立陽明交通大學,電子物理學系電子物理組,物理(分科),1.00,數學甲(分科),1.00,化學(分科),1.00,英文(學測),1.00,,,10,212.00,,,,,,,,15,,,,,物理→數學甲→化學→英文,5,5,10,9,1,0,0,10
0711,國立陽明交通大學,應用化學系,化學(分科),1.50,物理(分科),1.00,數學甲(分科),1.00,英文(學測),1.00,國文(學測),1.00,19,271.50,,,,,,,,15,,,,,化學→物理→數學甲→英文→國文,15,4,19,12,7,0,0,19
0712,國立陽明交通大學,應用數學系,數學甲(分科),2.00,物理(分科),1.50,化學(分科),1.00,英文(學測),1.50,,,15,288.00,,,,,,,,15,,,,,數學甲→物理→化學→英文,9,6,15,14,1,0,0,15
0713,國立陽明交通大學,生物科技學系甲組,生物(分科),1.50,化學(分科),1.25,英文(學測),1.25,數學甲(分科),1.00,物理(分科),1.00,15,281.25,生物(分科),52,,,,,,15,,,,,生物→化學→英文→數學甲→物理,12,3,15,11,4,0,0,15
0714,國立陽明交通大學,生物科技學系乙組,數學甲(分科),1.25,化學(分科),1.25,物理(分科),1.25,英文(學測),1.00,,,6,225.50,,,,,,,,15,,,,,數學甲→化學→物理→英文,4,2,6,5,1,0,0,6
0715,國立陽明交通大學,資訊管理與財務金融學系資訊管理組,數學甲(分科),2.00,英文(學測),1.50,國文(學測),1.00,,,,,4,240.50,,,,,,,,15,,,,,數學甲→英文→國文,3,1,4,3,1,0,0,4
0716,國立陽明交通大學,資訊管理與財務金融學系財務金融組,數學乙(分科),2.00,英文(學測),2.00,國文(學測),1.00,,,,,6,278.00,,,307.55,,,,,15,,,,,數學乙→英文→國文,3,2,5,1,4,1,0,6
0717,國立陽明交通大學,管理科學系(自然組),英文(學測),1.50,數學甲(分科),1.00,國文(學測),1.00,,,,,8,174.00,英文(學測),56,,,,,,15,,,,,英文→數學甲→國文,5,3,8,0,8,0,0,8
0720,國立陽明交通大學,管理科學系(社會組),數學乙(分科),2.00,英文(學測),2.00,國文(學測),1.00,,,,,12,264.00,數學乙(分科),57,,,,,,15,,,,,數學乙→英文→國文,12,0,12,5,7,0,0,12
0721,國立陽明交通大學,運輸與物流管理學系,數學甲(分科),1.50,英文(學測),1.50,國文(學測),1.00,物理(分科),1.00,,,14,232.00,數學甲(分科),52,,,,,,15,,,,,數學甲→英文→國文→物理,12,2,14,7,7,0,0,14
0722,國立陽明交通大學,工業工程與管理學系甲組,數學甲(分科),1.00,英文(學測),1.00,國文(學測),1.00,物理(分科),1.00,,,5,199.00,數學甲(分科),47,,,,,,15,,,,,數學甲→英文→國文→物理,5,0,5,2,3,0,0,5
0723,國立陽明交通大學,工業工程與管理學系乙組,數學乙(分科),1.00,英文(學測),1.00,國文(學測),1.00,,,,,2,164.00,,,,,,,,15,,,,,數學乙→英文→國文,2,0,2,0,2,0,0,2
0724,國立陽明交通大學,外國語文學系,英文(學測),2.00,國文(學測),1.50,地理(分科),1.00,歷史(分科),1.00,,,11,277.00,,,,,,,,15,,,,,英文→國文→地理→歷史,11,0,11,4,7,0,0,11
0725,國立陽明交通大學,傳播與科技學系,國文(學測),1.50,英文(學測),1.50,數學乙(分科),1.00,歷史(分科),1.00,地理(分科),1.00,22,282.00,國文(學測),52,352.65,,,,,15,,,,,國文→英文→數學乙→歷史→地理,10,11,21,8,13,0,1,22
0726,國立陽明交通大學,人文社會學系,國文(學測),1.00,英文(學測),1.00,公民與社會(分科),1.00,歷史(分科),1.00,地理(分科),1.00,24,236.00,,,263.25,,,,,15,,,,,國文→英文→公民與社會→歷史→地理,14,9,23,9,14,0,1,24
0727,國立陽明交通大學,醫學系(自費),英文(學測),1.00,生物(分科),1.00,化學(分科),1.00,數學甲(分科),1.00,物理(分科),1.00,31,283.00,英文(學測),60,310.50,,,,,15,國文(前標),,,,英文→生物→化學→數學甲→物理,27,3,30,27,3,0,1,31
0730,國立陽明交通大學,醫學系(公費),英文(學測),1.00,生物(分科),1.00,化學(分科),1.00,數學甲(分科),1.00,物理(分科),1.00,3,266.00,英文(學測),58,,,,,,15,國文(前標),,,,英文→生物→化學→數學甲→物理,3,0,3,2,1,0,0,3
0731,國立陽明交通大學,牙醫學系,生物(分科),1.00,化學(分科),1.00,英文(學測),1.00,數學甲(分科),1.00,物理(分科),1.00,16,280.00,生物(分科),55,,,,,,15,國文(前標),,,A級,生物→化學→英文→數學甲→物理,16,0,16,11,5,0,0,16
0732,國立陽明交通大學,醫學生物技術暨檢驗學系,化學(分科),2.00,英文(學測),1.75,生物(分科),1.75,數學甲(分科),1.00,國文(學測),1.00,26,367.00,,,,,,,,15,,,,,化學→英文→生物→數學甲→國文,16,10,26,17,9,0,0,26
0733,國立陽明交通大學,生物醫學影像暨放射科學系,數學甲(分科),1.25,化學(分科),1.25,物理(分科),1.25,英文(學測),1.00,生物(分科),1.00,16,264.00,,,,,,,,15,,,,,數學甲→化學→物理→英文→生物,14,2,16,9,7,0,0,16
0734,國立陽明交通大學,物理治療暨輔助科技學系,生物(分科),1.25,英文(學測),1.25,物理(分科),1.00,數學甲(分科),1.00,化學(分科),1.00,24,270.25,生物(分科),51,,,,,,15,,,,,生物→英文→物理→數學甲→化學,20,4,24,16,8,0,0,24
0735,國立陽明交通大學,護理學系,英文(學測),1.50,生物(分科),1.00,化學(分科),1.00,數學甲(分科),1.00,國文(學測),1.00,11,253.00,,,,,,,,15,,,,,英文→生物→化學→數學甲→國文,8,3,11,5,6,0,0,11
0736,國立陽明交通大學,生命科學系暨基因體科學研究所,生物(分科),1.50,化學(分科),1.25,數學甲(分科),1.00,物理(分科),1.00,英文(學測),1.00,10,269.25,,,,,,,,15,,,,,生物→化學→數學甲→物理→英文,7,3,10,8,2,0,0,10
0737,國立陽明交通大學,生物醫學工程學系,數學甲(分科),1.00,物理(分科),1.00,化學(分科),1.00,英文(學測),1.00,,,15,196.00,數學甲(分科),45,,,,,,15,,,,,數學甲→物理→化學→英文,11,4,15,12,3,0,0,15
0740,國立陽明交通大學,學士班大一大二不分系,生物(分科),1.50,物理(分科),1.00,化學(分科),1.00,數學甲(分科),1.00,英文(學測),1.00,4,281.50,,,,,,,,15,,,,,生物→物理→化學→數學甲→英文,3,1,4,4,0,0,0,4
0741,國立陽明交通大學,藥學系,化學(分科),1.00,數學甲(分科),1.00,英文(學測),1.00,生物(分科),1.00,物理(分科),1.00,8,264.00,,,264.60,,,,,15,國文(均標),,,,化學→數學甲→英文→生物→物理,7,0,7,5,2,0,1,8
0742,國立陽明交通大學,中醫學系,生物(分科),1.00,英文(學測),1.00,化學(分科),1.00,數學甲(分科),1.00,國文(學測),1.00,11,269.00,,,282.15,,,,,15,,,,,生物→英文→化學→數學甲→國文,10,0,10,4,6,1,0,11
0743,淡江大學,中國文學學系,國文(學測),2.00,歷史(分科),1.50,英文(學測),1.00,,,,,41,120.00,國文(學測),29,,,,,,15,,,,,國文→歷史→英文,23,18,41,21,20,0,0,41
0744,淡江大學,歷史學系,歷史(分科),2.00,國文(學測),1.50,英文(學測),1.00,,,,,42,130.00,歷史(分科),34,137.90,,,,,15,,,,,歷史→國文→英文,24,17,41,28,13,1,0,42
0745,淡江大學,資訊與圖書館學系,英文(學測),1.00,國文(學測),2.00,公民與社會(分科),1.00,,,,,50,107.00,英文(學測),15,,,,,,15,,,,,英文→國文→公民與社會,35,15,50,24,26,0,0,50
0746,淡江大學,大眾傳播學系,英文(學測),1.00,國文(學測),1.00,公民與社會(分科),1.00,,,,,75,80.00,英文(學測),13,,,,,,15,,,,,英文→國文→公民與社會,30,45,75,23,52,0,0,75
0747,淡江大學,資訊傳播學系,國文(學測),2.00,英文(學測),1.00,公民與社會(分科),1.00,,,,,30,121.00,,,,,,,,15,,,,,國文→英文→公民與社會,19,11,30,13,17,0,0,30
0750,淡江大學,教育科技學系,公民與社會(分科),2.00,國文(學測),2.00,英文(學測),1.00,,,,,42,137.00,公民與社會(分科),25,,,,,,15,,,,,公民與社會→國文→英文,31,11,42,16,26,0,0,42
0751,淡江大學,教育與未來設計學系,公民與社會(分科),2.00,國文(學測),2.00,英文(學測),1.00,,,,,22,135.00,公民與社會(分科),33,,,,,,16,,,,,公民與社會→國文→英文,12,10,22,11,11,0,0,22
0752,淡江大學,英文學系,英文(學測),2.00,國文(學測),1.00,歷史(分科),1.00,,,,,74,95.00,英文(學測),13,,,,,,16,,,,,英文→國文→歷史,37,37,74,35,39,0,0,74
0753,淡江大學,英文學系全英語學士班,英文(學測),2.00,國文(學測),1.00,地理(分科),1.00,,,,,15,88.00,英文(學測),18,,,,,,16,,,,,英文→國文→地理,7,8,15,10,5,0,0,15
0754,淡江大學,歐洲語文學系法文組,英文(學測),1.00,國文(學測),1.00,歷史(分科),1.00,,,,,33,72.00,,,90.45,,,,,16,,,,,英文→國文→歷史,20,12,32,14,18,1,0,33
0755,淡江大學,歐洲語文學系德文組,英文(學測),1.00,國文(學測),1.00,地理(分科),1.00,,,,,21,74.00,,,,,,,,16,,,,,英文→國文→地理,13,8,21,8,13,0,0,21
0756,淡江大學,歐洲語文學系西文組,英文(學測),1.00,國文(學測),1.00,歷史(分科),1.00,,,,,31,77.00,,,,,,,,16,,,,,英文→國文→歷史,15,16,31,9,22,0,0,31
0757,淡江大學,歐洲語文學系俄文組,英文(學測),1.00,國文(學測),1.00,歷史(分科),1.00,,,,,12,72.00,,,,,,,,16,,,,,英文→國文→歷史,8,4,12,9,3,0,0,12
0760,淡江大學,日本語文學系,國文(學測),2.00,英文(學測),1.00,歷史(分科),1.00,,,,,71,125.00,國文(學測),33,127.90,,,,,16,,,,,國文→英文→歷史,47,23,70,34,36,0,1,71
0761,淡江大學,財務金融學系,數學B(學測),2.00,國文(學測),1.00,公民與社會(分科),1.00,,,,,94,131.00,數學B(學測),25,,,,,,16,,,,,數學B→國文→公民與社會,45,49,94,58,36,0,0,94
0762,淡江大學,財務金融學系全球財務管理全英語學士班,英文(學測),2.00,公民與社會(分科),1.50,數學B(學測),1.00,,,,,17,114.50,,,,,,,,16,,,,,英文→公民與社會→數學B,10,7,17,11,6,0,0,17
0763,淡江大學,國際企業學系經貿管理組,英文(學測),1.50,歷史(分科),1.50,數學B(學測),1.00,,,,,60,105.50,英文(學測),21,,,,,,16,,,,,英文→歷史→數學B,33,27,60,28,32,0,0,60
0764,淡江大學,國際企業學系國際商學全英語組,英文(學測),2.00,歷史(分科),1.50,數學B(學測),1.00,,,,,20,100.50,,,,,,,,16,,,,,英文→歷史→數學B,8,12,20,8,12,0,0,20
0765,淡江大學,風險管理與保險學系,國文(學測),1.00,公民與社會(分科),1.00,數學B(學測),1.00,,,,,47,83.00,,,,,,,,16,,,,,國文→公民與社會→數學B,40,7,47,31,16,0,0,47
0766,淡江大學,經濟學系,數學B(學測),2.00,國文(學測),1.00,公民與社會(分科),1.00,,,,,63,113.00,數學B(學測),23,,,,,,16,,,,,數學B→國文→公民與社會,48,15,63,48,15,0,0,63
0767,淡江大學,會計學系,公民與社會(分科),1.50,國文(學測),1.50,數學B(學測),1.00,,,,,106,126.50,,,130.95,,,,,16,,,,,公民與社會→國文→數學B,80,24,104,39,65,0,2,106
0770,淡江大學,企業管理學系,國文(學測),1.50,歷史(分科),1.50,數學B(學測),1.00,,,,,94,123.00,國文(學測),33,,,,,,16,,,,,國文→歷史→數學B,59,35,94,50,44,0,0,94
0771,淡江大學,企業管理學系全英語學士班,英文(學測),2.00,國文(學測),1.50,歷史(分科),1.50,,,,,31,114.00,,,,,,,,16,,,,,英文→國文→歷史,15,16,31,19,12,0,0,31
0772,淡江大學,統計與資料科學學系,數學B(學測),1.50,地理(分科),1.50,國文(學測),1.00,,,,,23,126.00,,,129.30,,,,,16,,,,,數學B→地理→國文,19,3,22,18,4,1,0,23
0773,淡江大學,資訊管理學系,數學乙(分科),1.50,英文(學測),1.50,國文(學測),1.00,,,,,66,122.50,,,130.15,,,,,16,,,,,數學乙→英文→國文,53,12,65,49,16,1,0,66
0774,淡江大學,運輸管理學系,國文(學測),2.00,地理(分科),1.50,數學B(學測),1.00,,,,,22,145.50,,,,,,,,16,,,,,國文→地理→數學B,17,5,22,17,5,0,0,22
0775,淡江大學,公共行政學系,國文(學測),1.50,公民與社會(分科),1.00,歷史(分科),1.00,,,,,55,118.50,國文(學測),41,125.90,,,,,16,,,,,國文→公民與社會→歷史,30,24,54,25,29,0,1,55
0776,淡江大學,管理科學學系,國文(學測),1.00,數學B(學測),1.00,公民與社會(分科),1.00,,,,,29,83.00,國文(學測),33,,,,,,16,,,,,國文→數學B→公民與社會,21,8,29,18,11,0,0,29
0777,淡江大學,外交與國際關係學系全英語學士班,英文(學測),1.50,歷史(分科),1.00,國文(學測),1.00,,,,,17,87.50,,,,,,,,16,,,,,英文→歷史→國文,7,10,17,4,13,0,0,17
1000,淡江大學,國際觀光管理學系全英語學士班,英文(學測),1.25,國文(學測),1.00,地理(分科),1.00,,,,,17,73.50,,,,,,,,16,,,,,英文→國文→地理,11,6,17,3,14,0,0,17
1001,淡江大學,全球政治經濟學系全英語學士班,英文(學測),2.00,國文(學測),1.00,公民與社會(分科),1.00,,,,,13,96.00,,,,,,,,16,,,,,英文→國文→公民與社會,10,3,13,7,6,0,0,13
1002,淡江大學,應用數學與數據科學學系,數學甲(分科),2.00,英文(學測),1.50,國文(學測),1.50,,,,,25,151.00,數學甲(分科),23,,,,,,16,,,,,數學甲→英文→國文,18,7,25,17,8,0,0,25
1003,淡江大學,化學學系,化學(分科),2.00,自然(學測),2.00,英文(學測),1.00,,,,,25,179.00,化學(分科),35,,,,,,16,,,,,化學→自然→英文,23,2,25,16,9,0,0,25
1004,淡江大學,物理學系(量子材料組),物理(分科),2.00,數學A(學測),1.50,英文(學測),1.00,,,,,26,138.00,,,,,,,,16,,,,,物理→數學A→英文,22,4,26,24,2,0,0,26
1005,淡江大學,物理學系(天文與基礎物理組),數學A(學測),2.00,物理(分科),1.50,英文(學測),1.00,國文(學測),1.00,,,10,173.50,,,,,,,,16,,,,,數學A→物理→英文→國文,10,0,10,8,2,0,0,10
1006,淡江大學,建築學系,英文(學測),2.00,國文(學測),2.00,物理(分科),1.50,,,,,18,198.00,,,,,,,,16,數學A(後標) 或 數學B(後標),,,,英文→國文→物理,8,10,18,10,8,0,0,18
1007,淡江大學,土木工程學系,物理(分科),1.25,數學甲(分科),1.00,國文(學測),2.00,,,,,32,138.00,,,,,,,,16,,,,,物理→數學甲→國文,30,2,32,20,12,0,0,32
1010,淡江大學,資訊工程學系,數學甲(分科),2.00,英文(學測),1.50,國文(學測),2.00,,,,,49,194.50,,,217.50,,,203.00,,16,,,,,數學甲→英文→國文,36,11,47,40,7,2,0,49
1011,淡江大學,資訊工程學系全英語學士班,英文(學測),2.00,數學B(學測),2.00,歷史(分科),1.50,,,,,9,162.00,,,,,,,,17,,,,,英文→數學B→歷史,7,2,9,7,2,0,0,9
1012,淡江大學,機械與機電工程學系,數學甲(分科),1.00,國文(學測),2.00,英文(學測),1.00,,,,,36,144.00,數學甲(分科),30,,,,,,17,,,,,數學甲→國文→英文,29,7,36,27,9,0,0,36
1013,淡江大學,電機工程學系電機資訊組,物理(分科),1.50,英文(學測),1.00,國文(學測),1.00,,,,,26,135.00,物理(分科),36,145.45,,,,,17,數學A(後標) 或 數學B(均標),,,,物理→英文→國文,23,2,25,20,5,1,0,26
1014,淡江大學,電機工程學系電機通訊組,物理(分科),1.50,英文(學測),1.00,國文(學測),1.00,,,,,12,133.50,,,,,,,,17,數學A(後標) 或 數學B(均標),,,,物理→英文→國文,10,2,12,9,3,0,0,12
1015,淡江大學,電機工程學系電機與系統組,物理(分科),1.50,英文(學測),1.00,國文(學測),1.00,,,,,12,135.50,,,,,,,,17,數學A(後標) 或 數學B(均標),,,,物理→英文→國文,10,2,12,11,1,0,0,12
1016,淡江大學,化學工程與材料工程學系,化學(分科),1.50,數學甲(分科),1.00,國文(學測),1.00,,,,,33,119.00,化學(分科),34,,,,,,17,,,,,化學→數學甲→國文,22,11,33,25,8,0,0,33
1017,淡江大學,航空太空工程學系,物理(分科),2.00,英文(學測),2.00,國文(學測),1.00,,,,,33,166.00,物理(分科),34,166.15,,,,,17,數學A(後標) 或 數學B(均標),,,,物理→英文→國文,26,6,32,27,5,1,0,33
1020,淡江大學,水資源及環境工程學系,國文(學測),2.00,英文(學測),1.00,數學甲(分科),1.00,,,,,13,134.00,,,,,,,,17,,,,,國文→英文→數學甲,10,3,13,6,7,0,0,13
1021,淡江大學,人工智慧學系,英文(學測),1.00,國文(學測),1.00,物理(分科),1.00,,,,,43,101.00,英文(學測),33,,,,,,17,數學A(後標) 或 數學B(後標),,,,英文→國文→物理,37,6,43,35,8,0,0,43
1022,逢甲大學,機械與電腦輔助工程學系,國文(學測),2.00,數學甲(分科),1.50,物理(分科),1.25,,,,,23,166.00,國文(學測),50,,,,,,17,,,,,國文→數學甲→物理,12,11,23,18,5,0,0,23
1023,逢甲大學,纖維與複合材料學系,數學甲(分科),2.00,化學(分科),2.00,英文(學測),1.00,國文(學測),2.00,,,8,230.00,,,,,,,,17,,,,,數學甲→化學→英文→國文,7,1,8,6,2,0,0,8
1024,逢甲大學,工業工程與系統管理學系A組,國文(學測),2.00,英文(學測),2.00,數學甲(分科),1.00,,,,,9,188.00,國文(學測),51,,,,,,17,,,,,國文→英文→數學甲,6,3,9,2,7,0,0,9
1025,逢甲大學,工業工程與系統管理學系B組,國文(學測),2.00,英文(學測),2.00,數學乙(分科),1.00,,,,,7,190.00,國文(學測),42,,,,,,17,,,,,國文→英文→數學乙,5,2,7,3,4,0,0,7
1026,逢甲大學,化學工程學系,化學(分科),2.00,數學甲(分科),1.00,英文(學測),1.00,物理(分科),2.00,國文(學測),2.00,26,282.00,化學(分科),37,,,,,,17,,,,,化學→數學甲→英文→物理→國文,24,2,26,18,8,0,0,26
1027,逢甲大學,航太與系統工程學系,數學A(學測),1.50,物理(分科),1.75,英文(學測),1.00,國文(學測),2.00,,,14,231.50,,,,,,,,17,,,,,數學A→物理→英文→國文,12,2,14,10,4,0,0,14
1030,逢甲大學,精密系統設計學士學位學程,物理(分科),1.50,數學甲(分科),2.00,國文(學測),2.00,英文(學測),1.00,,,9,214.50,,,,,,,,17,,,,,物理→數學甲→國文→英文,8,1,9,6,3,0,0,9
1031,逢甲大學,應用數學系A組,數學甲(分科),2.00,英文(學測),1.50,國文(學測),2.00,,,,,7,188.50,,,,,,,,17,,,,,數學甲→英文→國文,6,1,7,5,2,0,0,7
1032,逢甲大學,應用數學系B組,數學乙(分科),2.00,英文(學測),1.50,國文(學測),2.00,,,,,6,194.50,,,,,,,,17,,,,,數學乙→英文→國文,6,0,6,3,3,0,0,6
1033,逢甲大學,材料科學與工程學系,化學(分科),2.00,英文(學測),2.00,數學甲(分科),1.00,物理(分科),1.50,國文(學測),1.00,28,278.50,化學(分科),38,,,,,,17,,,,,化學→英文→數學甲→物理→國文,23,5,28,20,8,0,0,28
1034,逢甲大學,環境工程與科學學系,數學甲(分科),1.75,化學(分科),2.00,國文(學測),2.00,英文(學測),1.00,,,17,217.00,數學甲(分科),24,232.55,,,,,17,,,,,數學甲→化學→國文→英文,10,6,16,10,6,1,0,17
1035,逢甲大學,光電科學與工程學系,數學甲(分科),1.50,英文(學測),1.50,國文(學測),2.00,,,,,30,184.00,數學甲(分科),37,,,,,,17,,,,,數學甲→英文→國文,29,1,30,18,12,0,0,30
1036,逢甲大學,會計學系,英文(學測),1.50,國文(學測),1.50,數學乙(分科),1.25,地理(分科),1.00,歷史(分科),1.00,34,193.50,英文(學測),15,,,,,,17,,,,,英文→國文→數學乙→地理→歷史,20,14,34,11,23,0,0,34
1037,逢甲大學,國際經營與貿易學系,英文(學測),2.00,地理(分科),1.00,國文(學測),1.00,數學乙(分科),1.00,,,37,141.00,英文(學測),28,163.80,,,,,17,,,,,英文→地理→國文→數學乙,21,15,36,23,13,0,1,37
1040,逢甲大學,國際企業管理全英語學士學位學程,英文(學測),2.00,數學乙(分科),1.50,國文(學測),1.50,地理(分科),1.00,,,6,175.00,,,,,,,,17,,,,,英文→數學乙→國文→地理,4,2,6,5,1,0,0,6
1041,逢甲大學,財稅學系,英文(學測),1.50,數學乙(分科),1.50,國文(學測),1.25,歷史(分科),1.00,,,11,165.50,英文(學測),28,,,,,,17,,,,,英文→數學乙→國文→歷史,10,1,11,5,6,0,0,11
1042,逢甲大學,合作經濟暨社會事業經營學系,英文(學測),2.00,國文(學測),1.50,歷史(分科),1.00,數學乙(分科),1.00,,,9,154.50,,,,,,,,17,,,,,英文→國文→歷史→數學乙,6,3,9,4,5,0,0,9
1043,逢甲大學,統計學系商業大數據組,數學乙(分科),2.00,英文(學測),1.50,國文(學測),1.00,地理(分科),1.00,,,8,175.00,,,,,,,,17,,,,,數學乙→英文→國文→地理,6,2,8,3,5,0,0,8
1044,逢甲大學,統計學系大數據分析與市場決策組,數學乙(分科),2.00,英文(學測),1.50,地理(分科),1.00,,,,,6,143.00,,,,,,,,17,,,,,數學乙→英文→地理,5,1,6,6,0,0,0,6
1045,逢甲大學,經濟學系,數學乙(分科),1.50,英文(學測),1.50,國文(學測),1.00,,,,,16,124.50,,,132.30,,,,,17,,,,,數學乙→英文→國文,12,3,15,11,4,0,1,16
1046,逢甲大學,企業管理學系,英文(學測),2.00,國文(學測),1.50,數學乙(分科),1.00,歷史(分科),1.50,,,40,174.50,英文(學測),19,,,,,,17,,,,,英文→國文→數學乙→歷史,11,29,40,23,17,0,0,40
1047,逢甲大學,行銷學系,國文(學測),2.00,英文(學測),2.00,數學乙(分科),1.75,,,,,14,175.50,,,,,,,,17,,,,,國文→英文→數學乙,11,3,14,4,10,0,0,14
1050,逢甲大學,中國文學系,國文(學測),2.00,歷史(分科),2.00,英文(學測),1.25,,,,,8,171.75,,,,,,,,17,,,,,國文→歷史→英文,5,3,8,4,4,0,0,8
1051,逢甲大學,外國語文學系,英文(學測),2.00,國文(學測),1.75,歷史(分科),1.50,,,,,12,167.25,,,,,,,,17,,,,,英文→國文→歷史,9,3,12,4,8,0,0,12
1052,逢甲大學,資訊工程學系甲組,數學甲(分科),1.50,英文(學測),1.50,國文(學測),1.00,,,,,16,155.00,數學甲(分科),35,,,,,,18,,,,,數學甲→英文→國文,14,2,16,9,7,0,0,16
1053,逢甲大學,資訊工程學系乙組,數學乙(分科),1.50,英文(學測),1.50,國文(學測),1.00,,,,,14,164.50,,,,,,,,18,,,,,數學乙→英文→國文,13,1,14,10,4,0,0,14
1054,逢甲大學,電子工程學系,數學甲(分科),1.75,英文(學測),1.00,國文(學測),1.00,,,,,21,142.75,,,,,,,,18,,,,,數學甲→英文→國文,19,2,21,11,10,0,0,21
1055,逢甲大學,電機工程學系,數學甲(分科),1.25,物理(分科),1.25,國文(學測),1.50,英文(學測),1.00,,,55,194.50,,,,,,,,18,,,,,數學甲→物理→國文→英文,31,24,55,42,13,0,0,55
1056,逢甲大學,自動控制工程學系,數學甲(分科),2.00,英文(學測),1.00,國文(學測),1.25,,,,,19,148.00,,,,,,,,18,,,,,數學甲→英文→國文,18,1,19,13,6,0,0,19
1057,逢甲大學,資訊電機學院學士班,數學甲(分科),1.50,國文(學測),1.50,英文(學測),1.00,,,,,28,152.00,數學甲(分科),25,,,,,,18,,,,,數學甲→國文→英文,21,7,28,16,12,0,0,28
1060,逢甲大學,通訊工程學系甲組,數學甲(分科),2.00,國文(學測),1.75,英文(學測),1.50,,,,,10,191.25,,,,,,,,18,,,,,數學甲→國文→英文,9,1,10,9,1,0,0,10
1061,逢甲大學,通訊工程學系乙組,數學乙(分科),2.00,國文(學測),1.75,英文(學測),1.50,,,,,9,213.25,,,,,,,,18,,,,,數學乙→國文→英文,8,1,9,7,2,0,0,9
1062,逢甲大學,土木工程學系,國文(學測),2.00,數學甲(分科),1.50,物理(分科),2.00,英文(學測),1.00,,,19,215.50,,,,,,,,18,,,,,國文→數學甲→物理→英文,10,9,19,10,9,0,0,19
1063,逢甲大學,水利工程與資源保育學系,數學甲(分科),1.00,英文(學測),2.00,國文(學測),2.00,,,,,12,172.00,數學甲(分科),26,,,,,,18,,,,,數學甲→英文→國文,9,3,12,7,5,0,0,12
1064,逢甲大學,都市計畫與空間資訊學系,國文(學測),2.00,地理(分科),2.00,英文(學測),1.00,數學乙(分科),1.00,,,13,197.00,,,,,,,,18,,,,,國文→地理→英文→數學乙,10,3,13,6,7,0,0,13
1065,逢甲大學,運輸與物流學系,英文(學測),2.00,國文(學測),2.00,數學乙(分科),1.75,公民與社會(分科),1.00,,,13,202.50,,,,,,,,18,,,,,英文→國文→數學乙→公民與社會,10,3,13,6,7,0,0,13
1066,逢甲大學,土地管理學系,國文(學測),1.50,地理(分科),1.50,英文(學測),1.00,歷史(分科),1.00,數學乙(分科),1.00,19,191.00,國文(學測),36,229.95,,,,,18,,,,,國文→地理→英文→歷史→數學乙,11,7,18,10,8,1,0,19
1067,逢甲大學,財務金融學系,英文(學測),1.50,數學乙(分科),1.00,國文(學測),1.00,公民與社會(分科),1.00,,,19,162.50,,,162.60,,,,,18,,,,,英文→數學乙→國文→公民與社會,16,2,18,7,11,0,1,19
1070,逢甲大學,風險管理與保險學系,國文(學測),1.50,地理(分科),1.50,英文(學測),1.00,數學乙(分科),1.00,,,10,161.50,國文(學測),39,,,,,,18,,,,,國文→地理→英文→數學乙,10,0,10,7,3,0,0,10
1071,逢甲大學,財務工程與精算學士學位學程,數學乙(分科),2.00,英文(學測),1.50,地理(分科),1.25,國文(學測),1.00,,,11,181.25,,,,,,,,18,,,,,數學乙→英文→地理→國文,9,2,11,5,6,0,0,11
1072,逢甲大學,金融學院學士班,英文(學測),1.50,數學B(學測),1.50,國文(學測),1.00,公民與社會(分科),1.00,,,5,168.00,,,,,,,,18,,,,,英文→數學B→國文→公民與社會,5,0,5,3,2,0,0,5
1073,逢甲大學,建築專業學院學士班,國文(學測),2.00,英文(學測),2.00,數學A(學測),1.75,物理(分科),1.00,,,14,235.25,,,238.90,,,,,18,,,,,國文→英文→數學A→物理,9,4,13,6,7,0,1,14
1074,逢甲大學,室內設計學士學位學程,國文(學測),1.00,英文(學測),1.50,歷史(分科),1.50,,,,,15,130.00,國文(學測),40,,,,,,18,,,,,國文→英文→歷史,4,11,15,9,6,0,0,15
1075,逢甲大學,人工智慧技術與應用學士學位學程,數學甲(分科),1.50,英文(學測),1.25,國文(學測),1.00,,,,,10,132.50,數學甲(分科),27,,,,,,18,,,,,數學甲→英文→國文,8,2,10,8,2,0,0,10
1076,國立中央大學,中國文學系,國文(學測),2.00,英文(學測),1.50,歷史(分科),1.50,地理(分科),1.00,,,21,267.00,,,,,,,,18,,,,,國文→英文→歷史→地理,10,11,21,4,17,0,0,21
1077,國立中央大學,英美語文學系,英文(學測),2.00,國文(學測),1.50,歷史(分科),1.25,地理(分科),1.00,,,14,268.25,,,275.30,,,,,18,,,,,英文→國文→歷史→地理,9,4,13,6,7,0,1,14
1100,國立中央大學,法國語文學系,英文(學測),2.00,國文(學測),1.50,歷史(分科),1.25,公民與社會(分科),1.00,地理(分科),1.00,17,306.50,,,,,,,,18,,,,,英文→國文→歷史→公民與社會→地理,13,4,17,2,15,0,0,17
1101,國立中央大學,文學院學士班,英文(學測),1.00,歷史(分科),1.25,公民與社會(分科),1.25,國文(學測),1.00,數學B(學測),1.00,10,232.25,,,,,,,,18,,,,,英文→歷史→公民與社會→國文→數學B,6,4,10,3,7,0,0,10
1102,國立中央大學,數學系計算與資料科學組,數學甲(分科),1.50,英文(學測),1.50,物理(分科),1.25,國文(學測),1.00,,,9,233.50,,,,,,,,18,,,,,數學甲→英文→物理→國文,7,2,9,6,3,0,0,9
1103,國立中央大學,數學系數學科學組,數學甲(分科),1.50,英文(學測),1.50,物理(分科),1.25,國文(學測),1.00,,,9,231.25,,,,,,,,18,,,,,數學甲→英文→物理→國文,7,2,9,6,3,0,0,9
1104,國立中央大學,物理學系,物理(分科),1.50,數學甲(分科),1.50,英文(學測),1.00,國文(學測),1.00,,,10,235.00,,,,,,,,18,,,,,物理→數學甲→英文→國文,7,3,10,8,2,0,0,10
1105,國立中央大學,化學學系,化學(分科),1.00,英文(學測),1.00,數學甲(分科),1.00,物理(分科),1.00,國文(學測),1.00,17,231.00,化學(分科),49,,,,,,18,,,,,化學→英文→數學甲→物理→國文,8,9,17,10,7,0,0,17
1106,國立中央大學,光電科學與工程學系,數學甲(分科),1.00,物理(分科),1.00,英文(學測),1.00,化學(分科),1.00,,,18,191.00,數學甲(分科),47,,,,,,18,,,,,數學甲→物理→英文→化學,7,11,18,16,2,0,0,18
1107,國立中央大學,理學院學士班,數學甲(分科),1.50,物理(分科),1.50,化學(分科),1.50,英文(學測),1.00,國文(學測),1.00,8,302.00,,,,,,,,18,,,,,數學甲→物理→化學→英文→國文,4,4,8,6,2,0,0,8
1110,國立中央大學,土木工程學系,數學甲(分科),2.00,物理(分科),2.00,英文(學測),1.50,國文(學測),1.00,化學(分科),1.00,58,314.00,數學甲(分科),44,,,,,,18,,,,,數學甲→物理→英文→國文→化學,33,25,58,48,10,0,0,58
1111,國立中央大學,機械工程學系先進材料與精密製造組,物理(分科),2.00,英文(學測),1.50,數學甲(分科),2.00,化學(分科),1.00,國文(學測),1.00,13,344.00,,,,,,,,18,,,,,物理→英文→數學甲→化學→國文,8,5,13,10,3,0,0,13
1112,國立中央大學,機械工程學系光機電工程組,物理(分科),2.00,英文(學測),1.50,數學甲(分科),2.00,化學(分科),1.00,國文(學測),1.00,17,343.50,物理(分科),46,,,,,,18,,,,,物理→英文→數學甲→化學→國文,8,9,17,13,4,0,0,17
1113,國立中央大學,機械工程學系設計與分析組,物理(分科),2.00,英文(學測),1.50,數學甲(分科),2.00,化學(分科),1.00,國文(學測),1.00,14,337.50,物理(分科),50,,,,,,19,,,,,物理→英文→數學甲→化學→國文,8,6,14,11,3,0,0,14
1114,國立中央大學,化學工程與材料工程學系,數學甲(分科),1.00,英文(學測),1.00,物理(分科),1.00,化學(分科),1.00,國文(學測),1.00,14,238.00,數學甲(分科),35,,,,,,19,,,,,數學甲→英文→物理→化學→國文,11,3,14,10,4,0,0,14
1115,國立中央大學,工學院學士班,英文(學測),1.00,物理(分科),1.00,化學(分科),1.00,自然(學測),1.50,,,6,228.50,,,,,,,,19,,,,,英文→物理→化學→自然,5,1,6,6,0,0,0,6
1116,國立中央大學,企業管理學系,英文(學測),2.00,數學乙(分科),2.00,國文(學測),1.50,公民與社會(分科),1.00,,,57,301.00,英文(學測),42,,,,,,19,,,,,英文→數學乙→國文→公民與社會,35,22,57,32,25,0,0,57
1117,國立中央大學,資訊管理學系,數學甲(分科),2.00,英文(學測),2.00,國文(學測),1.50,,,,,58,252.50,數學甲(分科),48,,,,,,19,,,,,數學甲→英文→國文,44,14,58,32,26,0,0,58
1120,國立中央大學,經濟學系,數學乙(分科),2.00,英文(學測),2.00,國文(學測),1.25,公民與社會(分科),1.00,,,17,301.00,,,,,,,,19,,,,,數學乙→英文→國文→公民與社會,10,7,17,12,5,0,0,17
1121,國立中央大學,財務金融學系,英文(學測),1.50,國文(學測),1.00,公民與社會(分科),1.00,地理(分科),1.00,,,20,219.50,,,,,,,,19,數學A(前標) 或 數學B(前標),,,,英文→國文→公民與社會→地理,10,10,20,8,12,0,0,20
1122,國立中央大學,電機工程學系,數學甲(分科),1.00,物理(分科),1.00,英文(學測),1.00,化學(分科),1.00,,,29,205.00,數學甲(分科),50,211.95,,,,,19,國文(均標),英文(前標),,,數學甲→物理→英文→化學,21,7,28,28,0,1,0,29
1123,國立中央大學,資訊工程學系,數學甲(分科),1.00,物理(分科),1.00,英文(學測),1.00,化學(分科),1.00,,,21,199.00,,,,,,,,19,國文(前標),英文(前標),,,數學甲→物理→英文→化學,15,6,21,15,6,0,0,21
1124,國立中央大學,通訊工程學系,數學甲(分科),1.50,物理(分科),1.50,英文(學測),1.00,化學(分科),1.00,,,11,244.00,,,,,,,,19,國文(均標),英文(前標),,,數學甲→物理→英文→化學,9,2,11,9,2,0,0,11
1125,國立中央大學,資訊電機學院學士班,數學甲(分科),1.00,英文(學測),1.00,物理(分科),1.00,化學(分科),1.00,,,6,204.00,數學甲(分科),49,,,,,,19,國文(均標),英文(前標),,,數學甲→英文→物理→化學,5,1,6,6,0,0,0,6
1126,國立中央大學,大氣科學學系,物理(分科),2.00,數學甲(分科),2.00,英文(學測),1.00,化學(分科),1.00,國文(學測),1.00,17,292.00,,,,,,,,19,,,,,物理→數學甲→英文→化學→國文,9,8,17,11,6,0,0,17
1127,國立中央大學,太空科學與工程學系,物理(分科),2.00,數學甲(分科),2.00,英文(學測),1.00,化學(分科),1.00,國文(學測),1.00,12,312.00,物理(分科),51,,,,,,19,,,,,物理→數學甲→英文→化學→國文,11,1,12,11,1,0,0,12
1130,國立中央大學,地球科學學系,物理(分科),2.00,數學甲(分科),2.00,英文(學測),1.50,化學(分科),1.00,,,18,267.00,物理(分科),45,,,,,,19,,,,,物理→數學甲→英文→化學,9,9,18,16,2,0,0,18
1131,國立中央大學,地球科學學院學士班,物理(分科),2.00,數學甲(分科),2.00,化學(分科),1.00,,,,,6,207.00,,,,,,,,19,國文(均標),英文(均標),,,物理→數學甲→化學,3,3,6,5,1,0,0,6
1132,國立中央大學,客家語文暨社會科學學系客家語文及傳播組,國文(學測),1.50,公民與社會(分科),1.50,英文(學測),1.00,數學B(學測),1.00,歷史(分科),1.00,10,236.00,,,,,,,,19,,,,,國文→公民與社會→英文→數學B→歷史,3,7,10,2,8,0,0,10
1133,國立中央大學,客家語文暨社會科學學系客家社會及政策組,國文(學測),1.50,公民與社會(分科),1.50,英文(學測),1.00,數學B(學測),1.00,歷史(分科),1.00,10,239.00,,,,,,,,19,,,,,國文→公民與社會→英文→數學B→歷史,5,5,10,3,7,0,0,10
1134,國立中央大學,生命科學系,生物(分科),1.50,化學(分科),1.25,英文(學測),1.00,數學甲(分科),1.00,國文(學測),1.00,19,251.75,,,,,,,,19,,,,,生物→化學→英文→數學甲→國文,13,6,19,6,13,0,0,19
1135,國立中央大學,生醫科學與工程學系,物理(分科),1.25,化學(分科),1.25,數學甲(分科),1.00,英文(學測),1.00,,,9,207.50,,,209.20,,,,,19,,,,,物理→化學→數學甲→英文,5,3,8,4,4,1,0,9
1136,中國文化大學,哲學系,國文(學測),2.00,社會(學測),2.00,公民與社會(分科),1.00,,,,,19,113.00,,,,,,,,19,,,,,國文→社會→公民與社會,14,5,19,10,9,0,0,19
1137,中國文化大學,中國文學系,國文(學測),1.25,社會(學測),1.00,歷史(分科),1.00,,,,,26,68.00,,,,,,,,19,,,,,國文→社會→歷史,13,13,26,14,12,0,0,26
1140,中國文化大學,史學系,歷史(分科),2.00,社會(學測),1.00,國文(學測),1.00,,,,,19,101.00,,,,,,,,19,,,,,歷史→社會→國文,8,11,19,13,6,0,0,19
1141,中國文化大學,日本語文學系,公民與社會(分科),1.50,社會(學測),1.50,國文(學測),2.00,,,,,35,134.50,,,,,,,,19,,,,,公民與社會→社會→國文,22,13,35,13,22,0,0,35
1142,中國文化大學,韓國語文學系,國文(學測),2.00,公民與社會(分科),2.00,英文(學測),1.00,,,,,24,134.00,,,,,,,,19,,,,,國文→公民與社會→英文,14,10,24,6,18,0,0,24
1143,中國文化大學,歐美語文學系,英文(學測),1.50,公民與社會(分科),1.00,國文(學測),1.00,,,,,27,54.50,,,,,,,,19,,,,,英文→公民與社會→國文,10,21,31,12,15,0,0,27
1144,中國文化大學,全球商務學士學位學程,英文(學測),2.00,國文(學測),1.00,公民與社會(分科),1.00,,,,,4,78.00,英文(學測),19,,,,,,19,,,,,英文→國文→公民與社會,1,3,4,2,2,0,0,4
1145,中國文化大學,應用數學系,數學甲(分科),2.00,國文(學測),2.00,英文(學測),1.50,,,,,31,130.50,數學甲(分科),23,152.80,,,,,19,,,,,數學甲→國文→英文,22,8,30,22,8,1,0,31
1146,中國文化大學,光電物理學系,物理(分科),2.00,數學A(學測),1.50,自然(學測),2.00,英文(學測),1.00,國文(學測),1.00,31,194.50,,,,,,,,19,,,,,物理→數學A→自然→英文→國文,24,7,31,28,3,0,0,31
1147,中國文化大學,化學系,化學(分科),2.00,自然(學測),2.00,國文(學測),1.50,,,,,29,172.00,化學(分科),30,,,,,,19,,,,,化學→自然→國文,25,4,29,19,10,0,0,29
1150,中國文化大學,地理學系A組,物理(分科),2.00,自然(學測),1.50,國文(學測),1.00,,,,,11,111.00,,,115.45,,,,,19,,,,,物理→自然→國文,7,3,10,8,2,0,1,11
1151,中國文化大學,地理學系B組,地理(分科),2.00,社會(學測),1.50,國文(學測),1.00,,,,,9,109.50,,,,,,,,19,,,,,地理→社會→國文,6,3,9,7,2,0,0,9
1152,中國文化大學,大氣與地質科學系,自然(學測),1.50,物理(分科),1.50,國文(學測),1.00,,,,,26,98.50,,,,,,,,19,,,,,自然→物理→國文,20,6,26,21,5,0,0,26
1153,中國文化大學,生命科學系,生物(分科),2.00,英文(學測),1.00,國文(學測),1.00,,,,,12,117.00,生物(分科),33,,,,,,20,,,,,生物→英文→國文,11,1,12,9,3,0,0,12
1154,中國文化大學,法律學系,公民與社會(分科),2.00,國文(學測),1.00,歷史(分科),1.00,,,,,65,132.00,,,137.70,,,,,20,,,,,公民與社會→國文→歷史,39,25,64,34,30,1,0,65
1155,中國文化大學,政治學系,公民與社會(分科),2.00,社會(學測),1.50,國文(學測),1.00,,,,,26,100.50,,,,,,,,20,,,,,公民與社會→社會→國文,15,11,26,15,11,0,0,26
1156,中國文化大學,經濟學系,國文(學測),1.00,社會(學測),1.00,公民與社會(分科),2.00,,,,,23,97.00,,,,,,,,20,,,,,國文→社會→公民與社會,15,8,23,15,8,0,0,23
1157,中國文化大學,勞動暨人力資源學系,公民與社會(分科),1.50,社會(學測),1.00,國文(學測),1.00,,,,,4,73.50,,,,,,,,20,,,,,公民與社會→社會→國文,8,3,11,1,3,0,0,4
1160,中國文化大學,社會福利學系,國文(學測),1.50,社會(學測),2.00,公民與社會(分科),2.00,,,,,23,137.50,,,,,,,,20,,,,,國文→社會→公民與社會,12,11,23,8,15,0,0,23
1161,中國文化大學,行政管理學系,國文(學測),2.00,公民與社會(分科),1.50,社會(學測),1.50,,,,,15,124.00,,,,,,,,20,,,,,國文→公民與社會→社會,9,6,15,7,8,0,0,15
1162,中國文化大學,園藝暨生物技術學系,自然(學測),2.00,國文(學測),2.00,化學(分科),1.50,,,,,19,143.00,,,,,,,,20,,,,,自然→國文→化學,8,11,19,11,8,0,0,19
1163,中國文化大學,動物科學系,國文(學測),1.50,自然(學測),1.00,生物(分科),1.00,,,,,24,104.50,,,109.90,,,,,20,,,,,國文→自然→生物,14,9,23,12,11,0,1,24
1164,中國文化大學,森林暨自然保育學系(A組),公民與社會(分科),1.00,國文(學測),1.00,社會(學測),1.00,,,,,5,75.00,,,,,,,,20,,,,,公民與社會→國文→社會,5,0,5,4,1,0,0,5
1165,中國文化大學,森林暨自然保育學系(B組),生物(分科),2.00,自然(學測),1.00,國文(學測),1.00,,,,,13,106.00,,,,,,,,20,,,,,生物→自然→國文,4,9,13,8,5,0,0,13
1166,中國文化大學,土地資源學系科技應用組,化學(分科),2.00,國文(學測),1.25,自然(學測),1.00,,,,,16,99.25,,,,,,,,20,,,,,化學→國文→自然,6,10,16,15,1,0,0,16
1167,中國文化大學,土地資源學系土地管理組,地理(分科),1.75,公民與社會(分科),1.50,國文(學測),1.25,,,,,8,114.25,,,,,,,,20,,,,,地理→公民與社會→國文,5,3,8,7,1,0,0,8
1170,中國文化大學,生活應用科學系,國文(學測),2.00,歷史(分科),1.50,公民與社會(分科),1.50,,,,,18,103.50,,,,,,,,20,,,,,國文→歷史→公民與社會,5,13,18,8,10,0,0,18
1171,中國文化大學,保健營養學系,化學(分科),2.00,自然(學測),1.00,國文(學測),2.00,,,,,30,135.00,,,135.80,,,,,20,,,,,化學→自然→國文,11,18,29,17,12,1,0,30
1172,中國文化大學,化學工程與材料工程學系(程序工程組),化學(分科),2.00,國文(學測),2.00,數學甲(分科),1.00,,,,,11,142.00,化學(分科),30,,,,,,20,,,,,化學→國文→數學甲,6,5,11,6,5,0,0,11
1173,中國文化大學,化學工程與材料工程學系(材料工程組),物理(分科),2.00,國文(學測),2.00,英文(學測),1.00,,,,,11,148.00,,,,,,,,20,,,,,物理→國文→英文,6,5,11,6,5,0,0,11
1174,中國文化大學,化學工程與材料工程學系(生化工程組),生物(分科),2.00,國文(學測),2.00,英文(學測),1.00,,,,,13,146.00,生物(分科),33,,,,,,20,,,,,生物→國文→英文,7,6,13,6,7,0,0,13
1175,中國文化大學,電機工程學系A組,國文(學測),2.00,數學A(學測),2.00,物理(分科),1.00,,,,,22,152.00,國文(學測),37,152.50,,,,,20,,,,,國文→數學A→物理,15,6,21,16,5,1,0,22
1176,中國文化大學,電機工程學系B組,國文(學測),2.00,英文(學測),1.00,數學A(學測),1.00,物理(分科),1.00,,,20,144.00,國文(學測),40,,,,,,20,,,,,國文→英文→數學A→物理,15,5,20,18,2,0,0,20
1177,中國文化大學,機械工程學系,物理(分科),2.00,國文(學測),1.00,英文(學測),1.00,,,,,64,92.00,物理(分科),21,,,,,,20,,,,,物理→國文→英文,48,16,64,53,11,0,0,64
1200,中國文化大學,紡織科技創新與應用工程學系,國文(學測),2.00,英文(學測),1.00,化學(分科),1.00,,,,,8,97.00,,,,,,,,20,,,,,國文→英文→化學,3,5,8,7,1,0,0,8
1201,中國文化大學,資訊工程學系A組,數學A(學測),2.00,物理(分科),2.00,國文(學測),2.00,英文(學測),1.00,,,65,167.00,,,,,,,,20,,,,,數學A→物理→國文→英文,28,37,65,52,13,0,0,65
1202,中國文化大學,資訊工程學系B組,數學B(學測),2.00,國文(學測),2.00,歷史(分科),2.00,英文(學測),1.00,,,27,156.00,,,,,,,,20,,,,,數學B→國文→歷史→英文,27,0,27,22,5,0,0,27
1203,中國文化大學,國際貿易學系,社會(學測),1.00,國文(學測),1.00,公民與社會(分科),1.00,,,,,14,78.00,,,,,,,,20,,,,,社會→國文→公民與社會,14,0,14,11,3,0,0,14
1204,中國文化大學,國際企業管理學系,國文(學測),1.00,社會(學測),1.00,公民與社會(分科),2.00,,,,,18,101.00,,,,,,,,20,,,,,國文→社會→公民與社會,13,5,18,8,10,0,0,18
1205,中國文化大學,會計學系,國文(學測),2.00,公民與社會(分科),1.75,社會(學測),1.00,,,,,13,121.25,,,,,,,,20,,,,,國文→公民與社會→社會,7,6,13,7,6,0,0,13
1206,中國文化大學,觀光事業學系,國文(學測),1.50,英文(學測),1.50,歷史(分科),1.00,,,,,14,80.50,,,,,,,,20,,,,,國文→英文→歷史,6,8,14,10,4,0,0,14
1207,中國文化大學,資訊管理學系(智慧商務科技組),公民與社會(分科),2.00,國文(學測),1.00,英文(學測),1.00,,,,,18,89.00,公民與社會(分科),30,,,,,,20,,,,,公民與社會→國文→英文,18,0,18,17,1,0,0,18
1210,中國文化大學,資訊管理學系(人工智慧組),物理(分科),2.00,英文(學測),1.00,國文(學測),1.00,,,,,26,89.00,物理(分科),20,,,,,,20,,,,,物理→英文→國文,17,9,26,24,2,0,0,26
1211,中國文化大學,財務金融學系金融行銷組,公民與社會(分科),2.00,歷史(分科),2.00,國文(學測),1.50,,,,,14,139.50,公民與社會(分科),23,,,,,,20,,,,,公民與社會→歷史→國文,5,9,14,10,4,0,0,14
1212,中國文化大學,財務金融學系財務金融組,公民與社會(分科),2.00,國文(學測),1.50,社會(學測),1.00,,,,,23,115.50,,,,,,,,20,,,,,公民與社會→國文→社會,12,11,23,17,6,0,0,23
1213,中國文化大學,財務金融學系數位金融組,公民與社會(分科),2.00,歷史(分科),1.75,國文(學測),1.50,,,,,11,135.50,,,,,,,,20,,,,,公民與社會→歷史→國文,4,7,11,7,4,0,0,11
1214,中國文化大學,行銷學士學位學程,國文(學測),1.00,歷史(分科),2.00,公民與社會(分科),2.00,英文(學測),1.00,,,12,125.00,,,,,,,,21,,,,,國文→歷史→公民與社會→英文,7,5,12,7,5,0,0,12
1215,中國文化大學,新聞學系,公民與社會(分科),2.00,國文(學測),1.75,英文(學測),1.75,,,,,24,107.00,,,,,,,,21,,,,,公民與社會→國文→英文,11,13,24,9,15,0,0,24
1216,中國文化大學,廣告學系A組,國文(學測),2.00,英文(學測),2.00,公民與社會(分科),1.00,,,,,21,90.00,,,,,,,,21,,,,,國文→英文→公民與社會,5,16,21,5,16,0,0,21
1217,中國文化大學,廣告學系B組,美術(術科),1.00,國文(學測),1.00,公民與社會(分科),1.00,,,,,1,89.10,,,,,,,,21,,,,,術科→國文→公民與社會,5,2,7,0,1,0,0,1
1220,中國文化大學,資訊傳播學系,國文(學測),2.00,英文(學測),1.00,公民與社會(分科),1.75,,,,,20,102.00,國文(學測),26,102.70,,,,,21,,,,,國文→英文→公民與社會,9,10,19,12,7,1,0,20
1221,中國文化大學,大眾傳播學系,國文(學測),2.00,英文(學測),1.50,公民與社會(分科),1.00,社會(學測),1.50,,,71,125.00,國文(學測),28,,,,,,21,,,,,國文→英文→公民與社會→社會,22,49,71,29,42,0,0,71
1222,中國文化大學,美術學系,美術(術科),2.00,國文(學測),1.00,歷史(分科),1.00,,,,,8,175.00,,,,,,,,21,,,,,術科→國文→歷史,5,3,8,4,4,0,0,8
1223,中國文化大學,音樂學系A組,音樂(術科),2.00,國文(學測),1.00,英文(學測),1.00,歷史(分科),1.00,,,0,,,,,,,,,21,,,,,術科→國文→英文→歷史,5,5,10,0,0,0,0,0
1224,中國文化大學,音樂學系B組,國文(學測),2.00,英文(學測),1.50,歷史(分科),1.00,,,,,7,72.00,,,,,,,,21,,,,,國文→英文→歷史,5,5,10,5,2,0,0,7
1225,中國文化大學,戲劇學系,國文(學測),1.50,英文(學測),1.00,歷史(分科),1.00,,,,,16,80.50,,,,,,,,21,,,,,國文→英文→歷史,5,11,16,5,11,0,0,16
1226,中國文化大學,中國戲劇學系,國文(學測),1.00,社會(學測),1.00,歷史(分科),1.00,,,,,8,64.00,,,,,,,,21,,,,,國文→社會→歷史,5,13,18,3,5,0,0,8
1227,中國文化大學,都市計劃與開發管理學系不動產投資組,國文(學測),2.00,英文(學測),2.00,公民與社會(分科),1.00,,,,,6,96.00,,,,,,,,21,,,,,國文→英文→公民與社會,2,4,6,4,2,0,0,6
1230,中國文化大學,都市計劃與開發管理學系智慧城市與都市更新組,國文(學測),2.00,英文(學測),2.00,地理(分科),1.00,,,,,3,103.00,,,,,,,,21,,,,,國文→英文→地理,1,2,3,1,2,0,0,3
1231,中國文化大學,建築及都市設計學系建築及室內設計組,國文(學測),2.00,英文(學測),1.00,地理(分科),1.00,,,,,12,107.00,,,,,,,,21,,,,,國文→英文→地理,10,2,12,10,2,0,0,12
1232,中國文化大學,建築及都市設計學系建築及都市設計組,國文(學測),2.00,英文(學測),1.00,物理(分科),1.00,,,,,11,109.00,,,,,,,,21,,,,,國文→英文→物理,9,2,11,4,7,0,0,11
1233,中國文化大學,景觀學系A組,國文(學測),2.00,英文(學測),2.00,地理(分科),1.00,,,,,7,104.00,國文(學測),28,,,,,,21,,,,,國文→英文→地理,7,0,7,3,4,0,0,7
1234,中國文化大學,景觀學系B組,國文(學測),2.00,英文(學測),1.00,生物(分科),2.00,,,,,8,133.00,,,153.90,,,,,21,,,,,國文→英文→生物,6,1,7,3,4,0,1,8
1235,中國文化大學,教育與學習科技學系,公民與社會(分科),2.00,社會(學測),2.00,國文(學測),1.50,,,,,8,125.50,,,,,,,,21,,,,,公民與社會→社會→國文,8,7,15,4,4,0,0,8
1236,中國文化大學,心理輔導學系,國文(學測),1.50,英文(學測),1.00,公民與社會(分科),2.00,,,,,28,124.50,國文(學測),37,,,,,,21,,,,,國文→英文→公民與社會,8,20,28,13,15,0,0,28
1237,靜宜大學,英國語文學系,英文(學測),2.00,國文(學測),1.50,公民與社會(分科),1.00,,,,,18,102.00,,,,,,,,21,,,,,英文→國文→公民與社會,3,15,18,9,9,0,0,18
1240,靜宜大學,西班牙語文學系,國文(學測),2.00,英文(學測),1.50,歷史(分科),1.00,,,,,21,87.50,,,,,,,,21,,,,,國文→英文→歷史,4,17,21,7,14,0,0,21
1241,靜宜大學,日本語文學系,國文(學測),2.00,英文(學測),1.00,歷史(分科),1.50,,,,,31,115.50,,,,,,,,21,,,,,國文→英文→歷史,12,19,31,16,15,0,0,31
1242,靜宜大學,中國文學系,國文(學測),2.00,社會(學測),2.00,公民與社會(分科),1.00,,,,,22,117.00,國文(學測),30,,,,,,21,,,,,國文→社會→公民與社會,1,21,22,13,9,0,0,22
1243,靜宜大學,社會工作與兒童少年福利學系,國文(學測),2.00,公民與社會(分科),2.00,英文(學測),1.00,,,,,19,130.00,,,136.00,,,,,21,,,,,國文→公民與社會→英文,8,10,18,4,14,1,0,19
1244,靜宜大學,台灣文學系,國文(學測),2.00,社會(學測),2.00,歷史(分科),1.25,,,,,17,130.75,,,,,,,,21,,,,,國文→社會→歷史,4,13,17,10,7,0,0,17
1245,靜宜大學,法律學系,國文(學測),2.00,公民與社會(分科),2.00,歷史(分科),1.00,,,,,32,180.00,國文(學測),40,180.10,,,,,21,,,,,國文→公民與社會→歷史,16,15,31,11,20,0,1,32
1246,靜宜大學,生態人文學系(自然組),生物(分科),2.00,國文(學測),1.00,英文(學測),1.00,,,,,10,115.00,,,,,,,,21,,,,,生物→國文→英文,2,8,10,4,6,0,0,10
1247,靜宜大學,生態人文學系(人文組),公民與社會(分科),2.00,國文(學測),1.00,英文(學測),1.00,,,,,3,104.00,,,,,,,,21,,,,,公民與社會→國文→英文,2,1,3,2,1,0,0,3
1250,靜宜大學,大眾傳播學系,國文(學測),2.00,英文(學測),2.00,歷史(分科),1.75,,,,,16,145.25,,,,,,,,21,,,,,國文→英文→歷史,9,7,16,3,13,0,0,16
1251,靜宜大學,財務工程學系(智慧金融組),數學B(學測),2.00,國文(學測),2.00,公民與社會(分科),1.00,,,,,7,144.00,,,,,,,,21,,,,,數學B→國文→公民與社會,5,2,7,7,0,0,0,7
1252,靜宜大學,財務工程學系(數位金融組),數學B(學測),2.00,國文(學測),2.00,物理(分科),1.00,,,,,6,156.00,,,,,,,,21,,,,,數學B→國文→物理,4,2,6,3,3,0,0,6
1253,靜宜大學,應用化學系,化學(分科),2.00,自然(學測),2.00,國文(學測),1.75,,,,,18,197.00,化學(分科),29,,,,,,21,,,,,化學→自然→國文,12,6,18,12,6,0,0,18
1254,靜宜大學,食品營養學系,自然(學測),2.00,國文(學測),2.00,化學(分科),1.00,,,,,14,167.00,自然(學測),40,,,,,,22,,,,,自然→國文→化學,9,5,14,7,7,0,0,14
1255,靜宜大學,化粧品科學系(化粧品化學組),化學(分科),2.00,國文(學測),2.00,英文(學測),1.00,,,,,11,147.00,,,,,,,,22,,,,,化學→國文→英文,5,6,11,3,8,0,0,11
1256,靜宜大學,化粧品科學系(生醫科學組),生物(分科),2.00,國文(學測),2.00,英文(學測),1.00,,,,,6,158.00,,,,,,,,22,,,,,生物→國文→英文,5,1,6,3,3,0,0,6
1257,靜宜大學,資料科學暨大數據分析與應用學系(人工智慧應用組),數學乙(分科),2.00,國文(學測),1.50,物理(分科),1.00,,,,,16,122.00,,,,,,,,22,,,,,數學乙→國文→物理,4,12,16,12,4,0,0,16
1260,靜宜大學,資料科學暨大數據分析與應用學系(大數據應用組),數學乙(分科),2.00,國文(學測),1.50,英文(學測),1.00,,,,,6,119.00,數學乙(分科),36,,,,,,22,,,,,數學乙→國文→英文,4,2,6,5,1,0,0,6
1261,靜宜大學,永續環境與智慧科技學士學位學程,自然(學測),2.00,國文(學測),2.00,化學(分科),1.00,,,,,10,152.00,自然(學測),30,,,,,,22,,,,,自然→國文→化學,5,5,10,4,6,0,0,10
1262,靜宜大學,行銷與數位經營管理學系,國文(學測),2.00,英文(學測),1.00,歷史(分科),1.50,,,,,18,120.00,國文(學測),30,,,,,,22,,,,,國文→英文→歷史,7,11,18,7,11,0,0,18
1263,靜宜大學,國際企業學系(國際經營與行銷組),英文(學測),1.50,國文(學測),1.50,公民與社會(分科),1.00,,,,,8,108.00,英文(學測),19,,,,,,22,,,,,英文→國文→公民與社會,5,3,8,7,1,0,0,8
1264,靜宜大學,國際企業學系(國際貿易與運籌組),英文(學測),1.50,國文(學測),1.50,歷史(分科),1.00,,,,,7,104.00,英文(學測),15,,,,,,22,,,,,英文→國文→歷史,4,3,7,4,3,0,0,7
1265,靜宜大學,會計學系,國文(學測),2.00,英文(學測),1.00,歷史(分科),2.00,,,,,40,134.00,,,,,,,,22,,,,,國文→英文→歷史,7,33,40,21,19,0,0,40
1266,靜宜大學,觀光事業學系,國文(學測),1.00,地理(分科),1.00,歷史(分科),1.00,,,,,32,85.00,國文(學測),32,,,,,,22,,,,,國文→地理→歷史,8,24,32,22,10,0,0,32
1267,靜宜大學,財務金融學系(金融管理組),國文(學測),2.00,英文(學測),1.50,歷史(分科),2.00,,,,,21,156.00,,,,,,,,22,,,,,國文→英文→歷史,5,16,21,13,8,0,0,21
1270,靜宜大學,財務金融學系(投資管理組),國文(學測),2.00,英文(學測),1.50,地理(分科),2.00,,,,,15,161.50,,,,,,,,22,,,,,國文→英文→地理,4,11,15,11,4,0,0,15
1271,靜宜大學,資訊管理學系(人工智慧應用組),英文(學測),1.75,國文(學測),2.00,物理(分科),1.50,,,,,6,168.00,,,,,,,,22,,,,,英文→國文→物理,3,3,6,3,3,0,0,6
1272,靜宜大學,資訊管理學系(巨量資料管理組),英文(學測),1.50,國文(學測),2.00,歷史(分科),1.75,,,,,5,147.75,,,,,,,,22,,,,,英文→國文→歷史,3,2,5,5,0,0,0,5
1273,靜宜大學,資訊管理學系(智慧商務應用組),英文(學測),1.00,國文(學測),2.00,公民與社會(分科),1.75,,,,,5,145.75,,,,,,,,22,,,,,英文→國文→公民與社會,2,3,5,3,2,0,0,5
1274,靜宜大學,資訊工程學系(智慧電子與IC設計組),物理(分科),2.00,數學B(學測),1.00,英文(學測),1.00,,,,,7,120.00,物理(分科),29,,,,,,22,,,,,物理→數學B→英文,3,4,7,7,0,0,0,7
1275,靜宜大學,資訊工程學系(智慧晶片與機器人組),數學B(學測),1.50,英文(學測),1.00,歷史(分科),1.00,,,,,7,91.00,,,,,,,,22,,,,,數學B→英文→歷史,3,4,7,6,1,0,0,7
1276,靜宜大學,資訊工程學系(物聯網與大數據組),數學B(學測),1.50,國文(學測),2.00,化學(分科),1.50,,,,,7,161.00,數學B(學測),36,,,,,,22,,,,,數學B→國文→化學,4,3,7,4,3,0,0,7
1277,靜宜大學,人工智慧應用學系(元宇宙應用創作組),國文(學測),2.00,歷史(分科),2.00,英文(學測),1.00,,,,,10,138.00,,,,,,,,22,數學A(底標) 或 數學B(底標),,,,國文→歷史→英文,5,5,10,7,3,0,0,10
1300,靜宜大學,人工智慧應用學系(人工智慧與遊戲設計組),國文(學測),2.00,物理(分科),2.00,英文(學測),1.00,,,,,24,141.00,,,,,,,,22,數學A(底標) 或 數學B(底標),,,,國文→物理→英文,4,20,24,17,7,0,0,24
1301,靜宜大學,晶片設計學士學位學程,數學A(學測),1.50,國文(學測),2.00,物理(分科),1.00,,,,,13,128.00,,,,,,,,22,,,,,數學A→國文→物理,4,9,13,7,6,0,0,13
1302,靜宜大學,寰宇管理學士學位學程,英文(學測),2.00,國文(學測),1.50,公民與社會(分科),1.00,,,,,1,128.00,,,,,,,,22,,,,,英文→國文→公民與社會,1,0,1,1,0,0,0,1
1303,靜宜大學,寰宇外語教育學士學位學程,英文(學測),2.00,國文(學測),1.75,公民與社會(分科),1.50,,,,,9,108.25,,,,,,,,22,,,,,英文→國文→公民與社會,1,8,9,5,4,0,0,9
1304,靜宜大學,智慧媒體與創新科技應用學士學位學程,英文(學測),2.00,國文(學測),1.50,公民與社會(分科),1.00,,,,,7,95.00,,,,,,,,22,,,,,英文→國文→公民與社會,3,4,7,3,4,0,0,7
1305,大同大學,機械與材料工程學系,數學甲(分科),2.00,英文(學測),1.75,國文(學測),2.00,,,,,36,157.75,,,,,,,,22,,,,,數學甲→英文→國文,21,15,36,31,5,0,0,36
1306,大同大學,化學工程與生物科技學系(化學工程組),化學(分科),2.00,英文(學測),1.75,國文(學測),2.00,,,,,13,181.50,,,,,,,,22,,,,,化學→英文→國文,11,2,13,7,6,0,0,13
1307,大同大學,化學工程與生物科技學系(生物科技組),生物(分科),2.00,英文(學測),1.75,國文(學測),2.00,,,,,13,179.00,,,,,,,,22,,,,,生物→英文→國文,10,3,13,9,4,0,0,13
1310,大同大學,工程學院學士班,物理(分科),2.00,英文(學測),1.75,國文(學測),1.50,,,,,14,152.25,,,,,,,,22,,,,,物理→英文→國文,11,3,14,11,3,0,0,14
1311,大同大學,電機工程學系(甲組),數學甲(分科),1.00,英文(學測),1.00,國文(學測),1.00,,,,,10,102.00,,,,,,,,22,,,,,數學甲→英文→國文,9,1,10,8,2,0,0,10
1312,大同大學,電機工程學系(乙組),物理(分科),1.00,英文(學測),1.00,數學A(學測),1.00,國文(學測),1.00,,,13,125.00,,,,,,,,22,,,,,物理→英文→數學A→國文,11,2,13,11,2,0,0,13
1313,大同大學,資訊工程學系(甲組),英文(學測),1.50,國文(學測),1.00,物理(分科),1.00,,,,,20,108.50,英文(學測),45,,,,,,22,數學A(後標) 或 數學B(後標),,,,英文→國文→物理,17,3,20,16,4,0,0,20
1314,大同大學,資訊工程學系(乙組),數學B(學測),2.00,英文(學測),1.50,國文(學測),1.00,公民與社會(分科),1.00,,,10,162.50,,,,,,,,23,,,,,數學B→英文→國文→公民與社會,10,0,10,8,2,0,0,10
1315,大同大學,事業與資訊經營學系(甲組),國文(學測),1.00,英文(學測),1.00,公民與社會(分科),1.00,,,,,8,75.00,,,,,,,,23,,,,,國文→英文→公民與社會,7,1,8,4,4,0,0,8
1316,大同大學,事業與資訊經營學系(乙組),國文(學測),1.00,英文(學測),1.00,物理(分科),1.00,,,,,8,73.00,,,,,,,,23,,,,,國文→英文→物理,7,1,8,5,3,0,0,8
1317,大同大學,事業與資訊經營學系(丙組),國文(學測),1.00,英文(學測),1.00,歷史(分科),1.00,,,,,8,70.00,國文(學測),31,,,,,,23,,,,,國文→英文→歷史,7,1,8,7,1,0,0,8
1320,大同大學,工業設計學系(自然一組),英文(學測),2.00,數學甲(分科),1.00,國文(學測),2.00,,,,,3,147.00,英文(學測),28,,,,,,23,,,,,英文→數學甲→國文,2,1,3,1,2,0,0,3
1321,大同大學,工業設計學系(自然二組),英文(學測),1.75,物理(分科),2.00,國文(學測),1.00,,,,,3,128.25,,,,,,,,23,,,,,英文→物理→國文,2,1,3,2,1,0,0,3
1322,大同大學,工業設計學系(社會一組),英文(學測),2.00,歷史(分科),2.00,數學B(學測),1.00,,,,,5,125.00,,,,,,,,23,,,,,英文→歷史→數學B,4,1,5,1,4,0,0,5
1323,大同大學,工業設計學系(社會二組),國文(學測),2.00,歷史(分科),2.00,地理(分科),1.75,,,,,5,213.75,,,,,,,,23,,,,,國文→歷史→地理,4,1,5,2,3,0,0,5
1324,大同大學,數位媒體設計學系互動媒體設計組(自然組),國文(學測),1.00,英文(學測),1.00,數學乙(分科),2.00,,,,,8,112.00,,,,,,,,23,,,,,國文→英文→數學乙,3,5,8,8,0,0,0,8
1325,大同大學,數位媒體設計學系互動媒體設計組(社會組),國文(學測),1.00,英文(學測),1.00,歷史(分科),2.00,,,,,11,107.00,,,110.75,,,,,23,,,,,國文→英文→歷史,5,5,10,4,6,0,1,11
1326,大同大學,數位媒體設計學系數位遊戲設計組(自然組),國文(學測),1.00,數學B(學測),1.00,物理(分科),2.00,,,,,8,107.00,,,,,,,,23,,,,,國文→數學B→物理,3,5,8,8,0,0,0,8
1327,大同大學,數位媒體設計學系數位遊戲設計組(社會組),國文(學測),1.00,數學B(學測),1.00,歷史(分科),2.00,,,,,7,115.00,,,,,,,,23,,,,,國文→數學B→歷史,5,2,7,3,4,0,0,7
1330,大同大學,應用外語學系,英文(學測),2.00,國文(學測),2.00,歷史(分科),1.75,,,,,12,136.50,,,,,,,,23,,,,,英文→國文→歷史,7,5,12,4,8,0,0,12
1331,輔仁大學,中國文學系,國文(學測),2.00,歷史(分科),1.00,英文(學測),1.00,,,,,47,136.00,國文(學測),41,138.10,,,,,23,,,,,國文→歷史→英文,35,11,46,14,32,0,1,47
1332,輔仁大學,歷史學系,歷史(分科),2.00,國文(學測),2.00,英文(學測),1.00,,,,,57,184.00,,,191.80,,,,,23,,,,,歷史→國文→英文,38,18,56,31,25,0,1,57
1333,輔仁大學,哲學系,國文(學測),2.00,公民與社會(分科),2.00,英文(學測),1.00,,,,,53,165.00,,,,,,,,23,,,,,國文→公民與社會→英文,37,16,53,23,30,0,0,53
1334,輔仁大學,人文與社區創新學士學位學程,公民與社會(分科),2.00,社會(學測),1.50,國文(學測),1.50,,,,,18,195.00,,,,,,,,23,,,,,公民與社會→社會→國文,13,5,18,6,12,0,0,18
1335,輔仁大學,音樂學系,音樂(術科),2.00,國文(學測),1.00,歷史(分科),1.00,,,,,6,225.18,,,,,,,,23,,,,,術科→國文→歷史,1,5,6,2,4,0,0,6
1336,輔仁大學,應用美術學系,國文(學測),2.00,英文(學測),2.00,歷史(分科),1.50,,,,,4,227.50,,,,,,,,23,,,,,國文→英文→歷史,4,0,4,0,4,0,0,4
1337,輔仁大學,景觀設計學系(社會組),英文(學測),1.50,國文(學測),1.50,地理(分科),1.00,歷史(分科),1.00,,,22,172.50,英文(學測),23,,,,,,23,,,,,英文→國文→地理→歷史,10,12,22,10,12,0,0,22
1340,輔仁大學,景觀設計學系(自然組),英文(學測),1.50,國文(學測),1.50,生物(分科),1.00,,,,,9,141.00,,,,,,,,23,,,,,英文→國文→生物,7,2,9,3,6,0,0,9
1341,輔仁大學,影像傳播學系,英文(學測),2.00,國文(學測),2.00,公民與社會(分科),1.00,,,,,23,204.00,,,,,,,,23,,,,,英文→國文→公民與社會,15,8,23,6,17,0,0,23
1342,輔仁大學,新聞傳播學系,公民與社會(分科),2.00,國文(學測),2.00,英文(學測),1.00,,,,,21,207.00,,,,,,,,23,,,,,公民與社會→國文→英文,20,1,21,4,17,0,0,21
1343,輔仁大學,廣告傳播學系,英文(學測),2.00,國文(學測),1.50,數學B(學測),1.00,公民與社會(分科),1.00,,,22,202.00,,,,,,,,23,,,,,英文→國文→數學B→公民與社會,22,0,22,5,17,0,0,22
1344,輔仁大學,圖書資訊學系,英文(學測),1.00,國文(學測),2.00,數學乙(分科),2.00,,,,,20,171.00,英文(學測),25,181.80,,,,,23,,,,,英文→國文→數學乙,18,1,19,7,12,0,1,20
1345,輔仁大學,體育學系體育學組,英文(學測),2.00,國文(學測),2.00,生物(分科),1.00,,,,,2,187.00,,,,,,,,23,,,,,英文→國文→生物,1,1,2,2,0,0,0,2
1346,輔仁大學,體育學系運動健康管理組,英文(學測),2.00,國文(學測),2.00,生物(分科),1.00,,,,,2,195.00,,,,,,,,23,,,,,英文→國文→生物,1,1,2,1,1,0,0,2
1347,輔仁大學,教育領導與科技發展學士學位學程,公民與社會(分科),1.00,國文(學測),2.00,英文(學測),2.00,,,,,19,176.00,公民與社會(分科),46,186.85,,,,,23,,,,,公民與社會→國文→英文,11,7,18,8,10,0,1,19
1350,輔仁大學,護理學系,英文(學測),1.50,生物(分科),1.50,國文(學測),1.00,,,,,71,139.50,,,152.55,,,,,23,,,,,英文→生物→國文,44,24,68,13,55,0,3,71
1351,輔仁大學,公共衛生學系,英文(學測),1.50,國文(學測),1.50,化學(分科),1.00,,,,,26,140.00,英文(學測),42,,,,,,23,,,,,英文→國文→化學,16,10,26,18,8,0,0,26
1352,輔仁大學,醫學系(自費),生物(分科),1.00,英文(學測),1.00,化學(分科),1.00,數學甲(分科),1.00,物理(分科),1.00,26,271.00,生物(分科),54,,,,,,23,英文(前標),,,,生物→英文→化學→數學甲→物理,20,6,26,21,5,0,0,26
1353,輔仁大學,醫學系(公費),生物(分科),1.25,英文(學測),1.25,化學(分科),1.00,數學甲(分科),1.00,物理(分科),1.00,3,293.00,,,,,,,,24,英文(前標),,,,生物→英文→化學→數學甲→物理,3,0,3,2,1,0,0,3
1354,輔仁大學,臨床心理學系,英文(學測),2.00,國文(學測),1.25,數學甲(分科),1.00,,,,,12,186.50,,,193.80,,,,,24,,,,,英文→國文→數學甲,11,0,11,3,8,0,1,12
1355,輔仁大學,職能治療學系,英文(學測),2.00,生物(分科),2.00,國文(學測),1.25,,,,,27,234.25,,,,,,,,24,,,,,英文→生物→國文,16,11,27,8,19,0,0,27
1356,輔仁大學,呼吸治療學系,英文(學測),1.25,生物(分科),1.25,化學(分科),1.00,,,,,17,139.75,,,,,,,,24,,,,,英文→生物→化學,11,6,17,9,8,0,0,17
1357,輔仁大學,數學系資訊數學組,數學甲(分科),2.00,英文(學測),1.25,國文(學測),1.25,,,,,15,146.00,,,,,,,,24,,,,,數學甲→英文→國文,15,0,15,11,4,0,0,15
1360,輔仁大學,數學系應用數學組,數學甲(分科),2.00,英文(學測),1.25,國文(學測),1.25,,,,,13,141.50,數學甲(分科),37,,,,,,24,,,,,數學甲→英文→國文,13,0,13,8,5,0,0,13
1361,輔仁大學,化學系,化學(分科),2.00,英文(學測),1.50,數學甲(分科),1.50,,,,,38,156.50,,,,,,,,24,,,,,化學→英文→數學甲,34,4,38,21,17,0,0,38
1362,輔仁大學,資訊工程學系,數學甲(分科),1.00,英文(學測),1.00,國文(學測),1.50,,,,,46,134.00,數學甲(分科),26,,,,,,24,,,,,數學甲→英文→國文,44,2,46,36,10,0,0,46
1363,輔仁大學,生命科學系,生物(分科),2.00,英文(學測),1.00,化學(分科),1.50,,,,,20,157.50,,,,,,,,24,,,,,生物→英文→化學,14,6,20,8,12,0,0,20
1364,輔仁大學,物理學系電子物理組,數學甲(分科),1.50,物理(分科),2.00,國文(學測),1.00,英文(學測),1.00,,,26,179.50,,,,,,,,24,,,,,數學甲→物理→國文→英文,21,5,26,22,4,0,0,26
1365,輔仁大學,物理學系光電物理組,數學甲(分科),1.50,物理(分科),2.00,國文(學測),1.00,英文(學測),1.00,,,21,177.00,數學甲(分科),32,181.40,,,,,24,,,,,數學甲→物理→國文→英文,17,3,20,18,2,1,0,21
1366,輔仁大學,電機工程學系,數學甲(分科),1.00,英文(學測),1.00,物理(分科),1.00,國文(學測),1.00,,,42,149.00,數學甲(分科),28,,,,,,24,,,,,數學甲→英文→物理→國文,37,5,42,35,7,0,0,42
1367,輔仁大學,醫學資訊與創新應用學士學位學程,數學甲(分科),1.00,英文(學測),1.00,國文(學測),1.00,,,,,20,100.00,數學甲(分科),25,,,,,,24,,,,,數學甲→英文→國文,19,1,20,11,9,0,0,20
1370,輔仁大學,人工智慧與資訊安全學士學位學程,數學甲(分科),1.00,英文(學測),1.00,國文(學測),1.00,,,,,19,105.00,數學甲(分科),37,,,,,,24,,,,,數學甲→英文→國文,19,0,19,16,3,0,0,19
1371,輔仁大學,英國語文學系,英文(學測),2.00,國文(學測),1.50,歷史(分科),1.00,,,,,14,200.00,英文(學測),50,,,,,,24,,,,,英文→國文→歷史,12,2,14,7,7,0,0,14
1372,輔仁大學,法國語文學系,英文(學測),2.00,國文(學測),2.00,歷史(分科),1.00,,,,,16,200.00,,,,,,,,24,,,,,英文→國文→歷史,15,1,16,7,9,0,0,16
1373,輔仁大學,西班牙語文學系,英文(學測),2.00,國文(學測),2.00,歷史(分科),1.00,,,,,26,192.00,英文(學測),43,,,,,,24,,,,,英文→國文→歷史,17,9,26,5,21,0,0,26
1374,輔仁大學,日本語文學系,國文(學測),1.50,英文(學測),1.50,歷史(分科),1.00,公民與社會(分科),1.00,,,27,202.00,,,204.85,,,,,24,,,,,國文→英文→歷史→公民與社會,15,11,26,10,16,1,0,27
1375,輔仁大學,義大利語文學系,英文(學測),2.00,國文(學測),2.00,歷史(分科),1.00,,,,,13,189.00,,,,,,,,24,,,,,英文→國文→歷史,13,0,13,4,9,0,0,13
1376,輔仁大學,德語語文學系,國文(學測),1.50,英文(學測),1.50,歷史(分科),1.25,,,,,22,160.75,,,,,,,,24,,,,,國文→英文→歷史,11,11,22,8,14,0,0,22
1377,輔仁大學,國際溝通與科技創新學士學位學程,英文(學測),2.00,國文(學測),2.00,歷史(分科),1.00,,,,,10,208.00,,,,,,,,24,,,,,英文→國文→歷史,10,0,10,3,7,0,0,10
1400,輔仁大學,織品服裝學系織品設計組,英文(學測),2.00,國文(學測),1.50,歷史(分科),1.00,,,,,14,147.50,,,,,,,,24,,,,,英文→國文→歷史,8,6,14,1,13,0,0,14
1401,輔仁大學,織品服裝學系服飾設計組,英文(學測),2.00,國文(學測),1.50,歷史(分科),1.00,,,,,16,155.00,英文(學測),28,,,,,,24,,,,,英文→國文→歷史,10,6,16,4,12,0,0,16
1402,輔仁大學,織品服裝學系織品服飾行銷組,英文(學測),2.00,國文(學測),1.50,歷史(分科),1.00,,,,,18,161.50,,,163.75,,,,,24,,,,,英文→國文→歷史,16,1,17,2,15,0,1,18
1403,輔仁大學,餐旅管理學系,英文(學測),2.00,國文(學測),2.00,公民與社會(分科),1.50,,,,,37,182.50,,,,,,,,24,,,,,英文→國文→公民與社會,19,18,37,17,20,0,0,37
1404,輔仁大學,兒童與家庭學系,國文(學測),2.00,英文(學測),2.00,公民與社會(分科),1.50,,,,,16,197.50,,,,,,,,24,,,,,國文→英文→公民與社會,12,4,16,2,14,0,0,16
1405,輔仁大學,食品科學系,化學(分科),2.00,英文(學測),1.00,國文(學測),1.00,,,,,17,134.00,,,,,,,,24,,,,,化學→英文→國文,10,7,17,7,10,0,0,17
1406,輔仁大學,營養科學系,英文(學測),2.00,化學(分科),2.00,生物(分科),2.00,國文(學測),1.00,,,11,269.00,,,,,,,,24,,,,,英文→化學→生物→國文,11,0,11,2,9,0,0,11
1407,輔仁大學,法律學系,國文(學測),1.00,公民與社會(分科),1.00,英文(學測),1.00,歷史(分科),1.00,,,64,184.00,國文(學測),47,194.40,,,,,24,,,,,國文→公民與社會→英文→歷史,31,32,63,28,35,1,0,64
1410,輔仁大學,財經法律學系,國文(學測),1.00,公民與社會(分科),1.00,英文(學測),1.00,歷史(分科),1.00,,,33,183.00,國文(學測),40,193.05,,,,,24,,,,,國文→公民與社會→英文→歷史,17,14,31,16,15,1,1,33
1411,輔仁大學,企業管理學系,數學乙(分科),1.00,英文(學測),2.00,公民與社會(分科),1.00,國文(學測),1.00,,,45,199.00,,,,,,,,24,,,,,數學乙→英文→公民與社會→國文,24,21,45,25,20,0,0,45
1412,輔仁大學,會計學系,數學乙(分科),1.50,英文(學測),1.25,國文(學測),1.00,,,,,67,145.50,數學乙(分科),48,,,,,,24,,,,,數學乙→英文→國文,38,29,67,42,25,0,0,67
1413,輔仁大學,資訊管理學系,數學乙(分科),2.00,英文(學測),2.00,國文(學測),1.00,,,,,18,207.00,,,,,,,,24,,,,,數學乙→英文→國文,16,2,18,14,4,0,0,18
1414,輔仁大學,統計資訊學系,數學乙(分科),2.00,英文(學測),2.00,國文(學測),1.00,,,,,21,188.00,,,,,,,,25,,,,,數學乙→英文→國文,21,0,21,13,8,0,0,21
1415,輔仁大學,金融與國際企業學系,英文(學測),2.00,數學乙(分科),2.00,國文(學測),1.00,,,,,23,222.00,,,,,,,,25,,,,,英文→數學乙→國文,18,5,23,11,12,0,0,23
1416,輔仁大學,社會學系,公民與社會(分科),2.00,英文(學測),2.00,國文(學測),1.00,,,,,24,183.00,公民與社會(分科),38,,,,,,25,,,,,公民與社會→英文→國文,19,5,24,8,16,0,0,24
1417,輔仁大學,社會工作學系,國文(學測),1.50,地理(分科),1.50,英文(學測),1.00,,,,,26,144.50,,,,,,,,25,,,,,國文→地理→英文,23,3,26,12,14,0,0,26
1420,輔仁大學,經濟學系,數學B(學測),2.00,英文(學測),2.00,公民與社會(分科),1.00,,,,,67,172.00,數學B(學測),29,,,,,,25,,,,,數學B→英文→公民與社會,40,27,67,41,26,0,0,67
1421,輔仁大學,宗教學系,國文(學測),2.00,歷史(分科),1.00,英文(學測),1.00,,,,,7,127.00,,,,,,,,25,,,,,國文→歷史→英文,1,6,7,3,4,0,0,7
1422,輔仁大學,心理學系,英文(學測),1.00,國文(學測),1.00,數學B(學測),1.00,公民與社會(分科),2.00,,,12,215.00,,,217.20,,,,,25,,,,,英文→國文→數學B→公民與社會,8,3,11,2,9,0,1,12
1423,國立臺灣海洋大學,商船學系,英文(學測),2.00,數學A(學測),1.50,物理(分科),1.50,國文(學測),1.00,,,14,217.00,,,,,,,,25,,,,,英文→數學A→物理→國文,9,5,14,12,2,0,0,14
1424,國立臺灣海洋大學,航運管理學系,英文(學測),2.00,數學乙(分科),1.50,國文(學測),1.00,地理(分科),1.00,,,19,221.50,英文(學測),39,,,,,,25,,,,,英文→數學乙→國文→地理,16,3,19,10,9,0,0,19
1425,國立臺灣海洋大學,運輸科學系A組,英文(學測),2.00,數學乙(分科),2.00,國文(學測),1.00,,,,,8,210.00,英文(學測),44,,,,,,25,,,,,英文→數學乙→國文,6,2,8,5,3,0,0,8
1426,國立臺灣海洋大學,運輸科學系B組,英文(學測),2.00,數學甲(分科),2.00,國文(學測),1.00,,,,,8,182.00,,,,,,,,25,,,,,英文→數學甲→國文,5,3,8,5,3,0,0,8
1427,國立臺灣海洋大學,輪機工程學系,英文(學測),1.50,物理(分科),1.50,數學甲(分科),1.50,化學(分科),1.00,國文(學測),1.00,28,229.50,英文(學測),42,,,,,,25,,,,,英文→物理→數學甲→化學→國文,17,11,28,24,4,0,0,28
1430,國立臺灣海洋大學,海洋觀光管理學士學位學程,英文(學測),2.00,國文(學測),1.50,數學乙(分科),1.00,地理(分科),1.00,,,8,191.00,,,,,,,,25,,,,,英文→國文→數學乙→地理,5,3,8,4,4,0,0,8
1431,國立臺灣海洋大學,海洋經營管理學士學位學程,英文(學測),2.00,數學乙(分科),1.00,國文(學測),1.00,歷史(分科),1.00,,,5,196.00,,,,,,,,25,,,,,英文→數學乙→國文→歷史,4,1,5,4,1,0,0,5
1432,國立臺灣海洋大學,食品科學系,化學(分科),2.00,英文(學測),2.00,生物(分科),2.00,自然(學測),1.00,國文(學測),1.00,33,251.00,,,,,,,,25,,,,,化學→英文→生物→自然→國文,14,19,33,15,18,0,0,33
1433,國立臺灣海洋大學,水產養殖學系,生物(分科),2.00,英文(學測),1.50,化學(分科),1.50,國文(學測),1.00,,,20,179.50,,,,,,,,25,,,,,生物→英文→化學→國文,7,13,20,14,6,0,0,20
1434,國立臺灣海洋大學,生命科學暨生物科技學系,生物(分科),2.00,英文(學測),1.00,化學(分科),1.00,國文(學測),1.50,,,22,207.00,,,,,,,,25,,,,,生物→英文→化學→國文,12,10,22,6,16,0,0,22
1435,國立臺灣海洋大學,海洋生物科技學士學位學程,生物(分科),1.50,英文(學測),1.50,化學(分科),1.50,國文(學測),1.00,,,9,190.00,,,,,,,,25,,,,,生物→英文→化學→國文,4,5,9,3,6,0,0,9
1436,國立臺灣海洋大學,環境生物與漁業科學學系,英文(學測),2.00,生物(分科),1.50,國文(學測),1.00,,,,,13,148.00,,,,,,,,25,,,,,英文→生物→國文,5,8,13,9,4,0,0,13
1437,國立臺灣海洋大學,海洋環境資訊系,英文(學測),1.50,數學甲(分科),1.50,物理(分科),1.50,化學(分科),1.00,國文(學測),1.00,10,226.50,,,,,,,,25,,,,,英文→數學甲→物理→化學→國文,6,4,10,7,3,0,0,10
1440,國立臺灣海洋大學,機械與機電工程學系,數學甲(分科),1.50,物理(分科),1.50,英文(學測),1.50,化學(分科),1.00,國文(學測),1.00,39,259.00,,,,,,,,25,,,,,數學甲→物理→英文→化學→國文,23,16,39,35,4,0,0,39
1441,國立臺灣海洋大學,系統工程暨造船學系,數學甲(分科),1.75,物理(分科),1.50,英文(學測),1.00,,,,,16,147.25,,,,,,,,25,,,,,數學甲→物理→英文,8,8,16,13,3,0,0,16
1442,國立臺灣海洋大學,河海工程學系,數學甲(分科),1.50,物理(分科),1.25,英文(學測),1.00,化學(分科),1.00,國文(學測),1.00,17,190.25,,,,,,,,25,,,,,數學甲→物理→英文→化學→國文,13,4,17,12,5,0,0,17
1443,國立臺灣海洋大學,海洋工程科技學士學位學程,數學甲(分科),1.50,物理(分科),1.50,英文(學測),1.50,國文(學測),1.00,,,7,209.00,,,,,,,,25,,,,,數學甲→物理→英文→國文,5,2,7,6,1,0,0,7
1444,國立臺灣海洋大學,電機工程學系,數學甲(分科),1.00,英文(學測),1.00,物理(分科),1.00,國文(學測),1.00,化學(分科),1.00,37,219.00,數學甲(分科),40,224.10,,,,,25,,,,,數學甲→英文→物理→國文→化學,27,9,36,28,8,0,1,37
1445,國立臺灣海洋大學,資訊工程學系,數學甲(分科),1.00,英文(學測),1.00,物理(分科),1.00,國文(學測),1.00,,,36,171.00,,,,,,,,25,,,,,數學甲→英文→物理→國文,28,8,36,29,7,0,0,36
1446,國立臺灣海洋大學,通訊與導航工程學系,數學A(學測),1.50,物理(分科),1.50,英文(學測),1.00,,,,,16,164.00,,,,,,,,25,,,,,數學A→物理→英文,14,2,16,13,3,0,0,16
1447,國立臺灣海洋大學,光電與材料科技學系,數學甲(分科),1.50,物理(分科),1.50,英文(學測),1.25,化學(分科),1.00,,,14,215.75,,,,,,,,25,,,,,數學甲→物理→英文→化學,13,1,14,12,2,0,0,14
1450,國立臺灣海洋大學,海洋法政學士學位學程,英文(學測),2.00,國文(學測),1.50,公民與社會(分科),1.00,,,,,14,181.50,,,,,,,,25,數學A(後標) 或 數學B(後標),,,,英文→國文→公民與社會,5,9,14,4,10,0,0,14
1451,國立臺灣海洋大學,海洋文創設計產業學士學位學程,國文(學測),1.00,公民與社會(分科),1.00,英文(學測),1.00,,,,,11,103.00,,,,,,,,25,,,,,國文→公民與社會→英文,3,8,11,4,7,0,0,11
1452,國立高雄師範大學,國文學系,國文(學測),2.00,英文(學測),1.25,歷史(分科),1.25,,,,,40,175.25,,,176.25,,,,,25,,,,,國文→英文→歷史,28,11,39,16,23,1,0,40
1453,國立高雄師範大學,英語學系,英文(學測),2.00,國文(學測),1.75,歷史(分科),1.50,,,,,57,206.50,,,,,,,,25,,,,B級,英文→國文→歷史,38,19,57,20,37,0,0,57
1454,國立高雄師範大學,地理學系,地理(分科),1.50,英文(學測),1.50,社會(學測),1.00,國文(學測),1.00,,,19,212.50,,,238.85,,,,,26,,,,,地理→英文→社會→國文,13,5,18,10,8,0,1,19
1455,國立高雄師範大學,數學系數學組,數學甲(分科),2.00,數學A(學測),2.00,英文(學測),1.25,物理(分科),1.00,,,19,210.75,,,214.45,,,,,26,,,,,數學甲→數學A→英文→物理,14,4,18,11,7,1,0,19
1456,國立高雄師範大學,數學系應用數學組,數學甲(分科),2.00,數學A(學測),2.00,英文(學測),1.25,物理(分科),1.00,,,20,216.50,數學甲(分科),34,,,,,,26,,,,,數學甲→數學A→英文→物理,17,3,20,17,3,0,0,20
1457,國立高雄師範大學,化學系,化學(分科),1.00,英文(學測),1.00,數學甲(分科),1.00,,,,,24,119.00,,,,,,,,26,,,,,化學→英文→數學甲,11,13,24,16,8,0,0,24
1460,國立高雄師範大學,物理學系,物理(分科),1.00,數學甲(分科),1.00,英文(學測),1.00,化學(分科),1.00,國文(學測),1.00,17,198.00,,,216.00,,,,,26,,,,,物理→數學甲→英文→化學→國文,13,3,16,15,1,0,1,17
1461,國立高雄師範大學,生物科技系,生物(分科),1.50,英文(學測),1.25,國文(學測),1.25,數學甲(分科),1.00,,,23,187.50,,,,,,,,26,,,,,生物→英文→國文→數學甲,13,10,23,11,12,0,0,23
1462,國立高雄師範大學,教育學系,國文(學測),1.50,英文(學測),1.75,數學B(學測),1.75,公民與社會(分科),1.00,,,13,224.00,,,,,,,,26,,,,,國文→英文→數學B→公民與社會,10,3,13,4,9,0,0,13
1463,國立高雄師範大學,特殊教育學系,國文(學測),1.25,英文(學測),1.25,公民與社會(分科),1.00,,,,,14,138.00,,,,,,,,26,數學B(底標),,,,國文→英文→公民與社會,11,3,14,1,13,0,0,14
1464,國立高雄師範大學,體育學系,英文(學測),2.00,國文(學測),2.00,生物(分科),2.00,體育(術科),1.00,數學B(學測),1.00,9,256.47,,,,,,,,26,,,,,英文→國文→生物→術科→數學B,8,1,9,7,2,0,0,9
1465,國立高雄師範大學,事業經營學系,英文(學測),2.00,數學B(學測),1.75,國文(學測),1.50,公民與社會(分科),1.00,,,11,234.00,英文(學測),45,,,,,,26,,,,,英文→數學B→國文→公民與社會,10,1,11,7,4,0,0,11
1466,國立高雄師範大學,工業科技教育學系科技教育與訓練組,數學甲(分科),1.25,物理(分科),1.25,英文(學測),1.25,國文(學測),1.00,,,5,174.00,,,,,,,,26,,,,,數學甲→物理→英文→國文,5,0,5,1,4,0,0,5
1467,國立高雄師範大學,工業科技教育學系能源與冷凍空調組,數學甲(分科),1.00,物理(分科),1.00,英文(學測),1.00,,,,,4,104.00,數學甲(分科),24,,,,,,26,,,,,數學甲→物理→英文,4,0,4,4,0,0,0,4
1470,國立高雄師範大學,工業設計學系,英文(學測),2.00,國文(學測),1.00,歷史(分科),1.00,,,,,14,152.00,,,,,,,,26,,,,,英文→國文→歷史,7,7,14,8,6,0,0,14
1471,國立高雄師範大學,電子工程學系,物理(分科),1.50,數學甲(分科),1.25,英文(學測),1.00,國文(學測),1.00,,,20,194.50,,,,,,,,26,,,,,物理→數學甲→英文→國文,17,3,20,15,5,0,0,20
1472,國立高雄師範大學,軟體工程與管理學系,數學甲(分科),1.00,英文(學測),1.00,國文(學測),1.00,,,,,13,126.00,,,,,,,,26,,,,,數學甲→英文→國文,9,4,13,6,7,0,0,13
1473,國立高雄師範大學,電機工程學系,數學甲(分科),1.00,物理(分科),1.00,英文(學測),1.00,化學(分科),1.00,國文(學測),1.00,28,208.00,數學甲(分科),44,,,,,,26,,,,,數學甲→物理→英文→化學→國文,18,10,28,23,5,0,0,28
1474,國立高雄師範大學,美術學系,美術(術科),2.00,國文(學測),1.00,英文(學測),1.00,歷史(分科),1.00,,,15,230.06,,,,,,,,26,,,,,術科→國文→英文→歷史,14,1,15,3,12,0,0,15
1475,國立高雄師範大學,音樂學系,音樂(術科),2.00,英文(學測),1.00,國文(學測),1.00,歷史(分科),1.00,,,6,245.40,,,,,,,,26,,,,,術科→英文→國文→歷史,1,5,6,1,5,0,0,6
1476,國立高雄師範大學,視覺設計學系,美術(術科),2.00,國文(學測),1.00,英文(學測),1.00,歷史(分科),1.00,,,18,235.00,,,,,,,,26,,,,,術科→國文→英文→歷史,11,7,18,4,14,0,0,18
1477,國立彰化師範大學,輔導與諮商學系學校輔導與諮商組,國文(學測),2.00,英文(學測),2.00,公民與社會(分科),1.00,社會(學測),1.00,歷史(分科),1.00,13,332.00,,,400.80,,,,,26,數學A(均標) 或 數學B(均標),,,,國文→英文→公民與社會→社會→歷史,10,2,12,2,10,0,1,13
1500,國立彰化師範大學,輔導與諮商學系社區輔導與諮商組,國文(學測),2.00,英文(學測),2.00,公民與社會(分科),1.50,社會(學測),1.00,歷史(分科),1.00,14,342.50,,,,,,,,26,數學A(均標) 或 數學B(均標),,,,國文→英文→公民與社會→社會→歷史,9,5,14,2,12,0,0,14
1501,國立彰化師範大學,特殊教育學系,國文(學測),1.25,英文(學測),1.25,公民與社會(分科),1.00,,,,,15,146.00,,,,,,,,26,,,,,國文→英文→公民與社會,12,3,15,3,12,0,0,15
1502,國立彰化師範大學,數學系,數學甲(分科),2.00,英文(學測),1.00,自然(學測),1.00,,,,,36,152.00,數學甲(分科),33,,,,,,26,,,,,數學甲→英文→自然,31,5,36,28,8,0,0,36
1503,國立彰化師範大學,物理學系物理組,物理(分科),2.00,數學A(學測),1.50,英文(學測),1.00,,,,,15,183.00,物理(分科),42,,,,,,26,,,,,物理→數學A→英文,15,0,15,12,3,0,0,15
1504,國立彰化師範大學,物理學系光電組,物理(分科),2.00,數學A(學測),1.50,英文(學測),1.00,,,,,18,184.50,物理(分科),49,,,,,,26,,,,,物理→數學A→英文,15,3,18,13,5,0,0,18
1505,國立彰化師範大學,生物學系,生物(分科),2.00,英文(學測),1.75,化學(分科),1.50,國文(學測),1.00,,,22,250.25,,,,282.50,,,,26,,,,,生物→英文→化學→國文,18,3,21,8,13,1,0,22
1506,國立彰化師範大學,化學系,化學(分科),2.00,物理(分科),1.25,數學A(學測),1.25,英文(學測),1.00,,,28,225.75,,,,,,,,26,,,,,化學→物理→數學A→英文,18,10,28,21,7,0,0,28
1507,國立彰化師範大學,英語學系(社會組),英文(學測),1.50,國文(學測),1.00,歷史(分科),1.00,,,,,31,146.00,英文(學測),44,,,,,,26,,,,,英文→國文→歷史,23,8,31,9,22,0,0,31
1510,國立彰化師範大學,英語學系(自然組),英文(學測),1.50,國文(學測),1.00,化學(分科),1.00,,,,,3,157.50,,,,,,,,26,,,,,英文→國文→化學,3,0,3,2,1,0,0,3
1511,國立彰化師範大學,國文學系,國文(學測),1.50,歷史(分科),1.00,英文(學測),1.00,,,,,57,135.50,國文(學測),45,144.90,,,,,26,,,,,國文→歷史→英文,38,17,55,19,36,0,2,57
1512,國立彰化師範大學,地理學系,地理(分科),1.50,英文(學測),1.25,數學B(學測),1.00,公民與社會(分科),1.25,,,20,203.00,,,,,,,,26,,,,,地理→英文→數學B→公民與社會,14,6,20,10,10,0,0,20
1513,國立彰化師範大學,美術學系,美術(術科),2.00,國文(學測),1.00,英文(學測),1.00,歷史(分科),1.00,,,12,236.24,,,,,,,,26,,,,,術科→國文→英文→歷史,8,4,12,4,8,0,0,12
1514,國立彰化師範大學,機電工程學系,數學甲(分科),2.00,物理(分科),2.00,英文(學測),2.00,化學(分科),1.00,國文(學測),1.00,24,320.00,數學甲(分科),34,,,,,,26,,,,,數學甲→物理→英文→化學→國文,22,2,24,17,7,0,0,24
1515,國立彰化師範大學,電機工程學系,數學甲(分科),2.00,物理(分科),2.00,英文(學測),1.00,,,,,31,210.00,數學甲(分科),45,,,,,,27,,,,,數學甲→物理→英文,22,9,31,29,2,0,0,31
1516,國立彰化師範大學,電子工程學系,物理(分科),2.00,數學甲(分科),2.00,英文(學測),2.00,化學(分科),1.00,國文(學測),1.00,24,336.00,物理(分科),37,,,,,,27,,,,,物理→數學甲→英文→化學→國文,20,4,24,21,3,0,0,24
1517,國立彰化師範大學,資訊工程學系,數學甲(分科),2.00,英文(學測),1.50,物理(分科),1.50,,,,,28,200.50,,,,,,,,27,,,,,數學甲→英文→物理,26,2,28,26,2,0,0,28
1520,國立彰化師範大學,企業管理學系,英文(學測),2.00,國文(學測),1.00,公民與社會(分科),1.00,,,,,25,163.00,英文(學測),43,,,,,,27,數學A(後標) 或 數學B(均標),,,,英文→國文→公民與社會,19,6,25,5,20,0,0,25
1521,國立彰化師範大學,會計學系,英文(學測),2.00,國文(學測),1.00,公民與社會(分科),1.00,,,,,51,163.00,,,170.15,,,,,27,數學A(後標) 或 數學B(均標),,,,英文→國文→公民與社會,39,11,50,14,36,0,1,51
1522,國立彰化師範大學,資訊管理學系資訊管理組,英文(學測),2.00,數學B(學測),2.00,國文(學測),1.00,歷史(分科),1.00,,,13,238.00,英文(學測),39,,,,,,27,數學B(均標),,,,英文→數學B→國文→歷史,9,4,13,7,6,0,0,13
1523,國立彰化師範大學,資訊管理學系數位內容科技與管理組,英文(學測),2.00,數學A(學測),2.00,國文(學測),1.00,物理(分科),1.00,,,14,238.00,英文(學測),55,,,,,,27,數學A(均標),,,,英文→數學A→國文→物理,9,5,14,10,4,0,0,14
1524,國立彰化師範大學,運動學系,英文(學測),2.00,國文(學測),2.00,生物(分科),1.00,體育(術科),1.00,,,5,217.38,,,,,,,,27,,,,,英文→國文→生物→術科,2,3,5,4,1,0,0,5
1525,國立彰化師範大學,公共事務與公民教育學系公民教育組,公民與社會(分科),2.00,國文(學測),1.25,英文(學測),1.25,歷史(分科),1.00,,,5,250.75,,,,,,,,27,,,,,公民與社會→國文→英文→歷史,5,0,5,1,4,0,0,5
1526,國立彰化師範大學,公共事務與公民教育學系公共事務組,公民與社會(分科),2.00,國文(學測),1.25,英文(學測),1.25,歷史(分科),1.00,,,10,244.75,,,,,,,,27,,,,,公民與社會→國文→英文→歷史,5,5,10,2,8,0,0,10
1527,中山醫學大學,醫學系,生物(分科),1.00,化學(分科),1.00,英文(學測),1.00,數學甲(分科),1.00,物理(分科),1.00,62,267.00,生物(分科),59,,,,,,27,,,,,生物→化學→英文→數學甲→物理,48,14,62,48,14,0,0,62
1530,中山醫學大學,醫學社會暨社會工作學系,國文(學測),1.50,英文(學測),1.00,公民與社會(分科),2.00,,,,,51,148.50,國文(學測),41,150.05,,,,,27,,,,,國文→英文→公民與社會,37,13,50,15,35,1,0,51
1531,中山醫學大學,護理學系,生物(分科),1.00,化學(分科),1.00,英文(學測),1.00,國文(學測),1.00,,,100,131.00,生物(分科),32,143.10,,,,,27,,,,,生物→化學→英文→國文,57,40,97,20,77,1,2,100
1532,中山醫學大學,牙醫學系,生物(分科),1.25,化學(分科),1.00,數學甲(分科),1.00,物理(分科),1.00,英文(學測),1.00,55,280.25,生物(分科),53,,,,,,27,國文(前標),,,,生物→化學→數學甲→物理→英文,45,10,55,39,16,0,0,55
1533,中山醫學大學,醫學檢驗暨生物技術學系,生物(分科),1.00,化學(分科),1.00,英文(學測),1.00,國文(學測),1.00,,,51,172.00,生物(分科),45,,,,,,27,,,,,生物→化學→英文→國文,33,18,51,19,32,0,0,51
1534,中山醫學大學,物理治療學系,英文(學測),1.50,生物(分科),1.50,國文(學測),1.50,物理(分科),1.00,,,33,262.50,英文(學測),53,280.00,,,,,27,,,,,英文→生物→國文→物理,18,13,31,15,16,1,1,33
1535,中山醫學大學,職能治療學系,英文(學測),1.50,國文(學測),1.25,生物(分科),1.00,,,,,35,178.00,,,,,,,,27,,,,,英文→國文→生物,21,14,35,5,30,0,0,35
1536,中山醫學大學,語言治療與聽力學系語言治療組,英文(學測),2.00,生物(分科),1.50,國文(學測),1.50,物理(分科),1.00,,,29,258.50,,,,,,,,27,,,,,英文→生物→國文→物理,18,11,29,6,23,0,0,29
1537,中山醫學大學,語言治療與聽力學系聽力組,英文(學測),2.00,物理(分科),1.50,國文(學測),1.50,生物(分科),1.00,,,24,234.50,英文(學測),41,,,,,,27,,,,,英文→物理→國文→生物,18,6,24,6,18,0,0,24
1540,中山醫學大學,生物醫學科學學系,生物(分科),2.00,英文(學測),1.00,化學(分科),1.00,數學甲(分科),1.00,,,39,178.00,生物(分科),47,181.45,,,,,27,,,,,生物→英文→化學→數學甲,20,18,38,15,23,1,0,39
1541,中山醫學大學,視光學系,生物(分科),1.50,英文(學測),1.00,物理(分科),1.00,國文(學測),1.00,,,26,165.50,,,200.60,,,,,27,,,,,生物→英文→物理→國文,19,6,25,7,18,0,1,26
1542,中山醫學大學,醫學影像暨放射科學系,物理(分科),2.00,生物(分科),1.50,數學甲(分科),1.25,,,,,39,160.75,,,163.50,,,,,27,,,,,物理→生物→數學甲,31,7,38,20,18,1,0,39
1543,中山醫學大學,心理學系,英文(學測),2.00,國文(學測),1.50,數學甲(分科),1.00,,,,,34,193.00,,,,,,,,27,,,,,英文→國文→數學甲,26,8,34,9,25,0,0,34
1544,中山醫學大學,營養學系,生物(分科),2.00,化學(分科),2.00,國文(學測),1.75,,,,,34,231.00,生物(分科),46,259.00,,,,,27,,,,,生物→化學→國文,27,6,33,11,22,0,1,34
1545,中山醫學大學,公共衛生學系(A組),國文(學測),2.00,英文(學測),2.00,化學(分科),1.00,,,,,13,207.00,,,,,,,,27,,,,,國文→英文→化學,11,2,13,3,10,0,0,13
1546,中山醫學大學,公共衛生學系(B組),歷史(分科),1.00,國文(學測),2.00,英文(學測),2.00,,,,,10,192.00,歷史(分科),38,,,,,,27,,,,,歷史→國文→英文,10,0,10,4,6,0,0,10
1547,中山醫學大學,醫療產業科技管理學系,英文(學測),1.50,國文(學測),1.00,數學乙(分科),1.00,地理(分科),1.00,,,26,139.50,,,,,,,,27,,,,,英文→國文→數學乙→地理,25,1,26,10,16,0,0,26
1550,中山醫學大學,職業安全衛生學系,化學(分科),1.00,國文(學測),1.00,英文(學測),1.00,,,,,22,104.00,化學(分科),29,,,,,,27,,,,,化學→國文→英文,18,4,22,8,14,0,0,22
1551,中山醫學大學,醫學應用化學系,化學(分科),2.00,數學甲(分科),1.00,國文(學測),1.00,,,,,19,154.00,化學(分科),43,,,,,,27,,,,,化學→數學甲→國文,13,6,19,14,5,0,0,19
1552,中山醫學大學,健康產業科技管理學系,化學(分科),1.00,國文(學測),1.00,英文(學測),1.00,,,,,14,104.00,,,,,,,,27,,,,,化學→國文→英文,13,1,14,5,9,0,0,14
1553,中山醫學大學,醫學資訊學系,數學甲(分科),2.00,英文(學測),2.00,國文(學測),1.00,,,,,30,176.00,,,,,,,,27,,,,,數學甲→英文→國文,18,12,30,20,10,0,0,30
1554,中山醫學大學,應用外國語言學系,英文(學測),1.50,國文(學測),1.00,歷史(分科),1.00,,,,,28,113.00,英文(學測),32,132.35,,119.50,,,27,,,,,英文→國文→歷史,18,8,26,11,15,1,1,28
1555,國立中山大學,中國文學系,國文(學測),2.00,歷史(分科),1.00,英文(學測),1.00,地理(分科),1.00,,,14,224.00,國文(學測),55,226.30,,,,,28,,,,,國文→歷史→英文→地理,7,6,13,4,9,0,1,14
1556,國立中山大學,外國語文學系,英文(學測),2.00,國文(學測),1.50,歷史(分科),1.00,地理(分科),1.00,,,24,251.50,英文(學測),45,257.30,,,,,28,,,,,英文→國文→歷史→地理,7,16,23,11,12,0,1,24
1557,國立中山大學,音樂學系,音樂(術科),2.00,英文(學測),1.00,國文(學測),1.00,歷史(分科),1.00,,,6,210.00,,,,,,,,28,,,,,術科→英文→國文→歷史,4,12,16,2,4,0,0,6
1560,國立中山大學,劇場藝術學系(男),國文(學測),2.00,英文(學測),2.00,歷史(分科),1.00,,,,,4,206.00,,,,,,,,28,,,,,國文→英文→歷史,2,2,4,4,0,0,0,4
1561,國立中山大學,劇場藝術學系(女),國文(學測),2.00,英文(學測),2.00,歷史(分科),1.00,,,,,4,212.00,,,,,,,,28,,,,,國文→英文→歷史,2,2,4,0,4,0,0,4
1562,國立中山大學,生物科學系,生物(分科),1.50,化學(分科),1.25,英文(學測),1.25,數學甲(分科),1.00,國文(學測),1.00,12,254.50,,,,,,,,28,,,,,生物→化學→英文→數學甲→國文,4,8,12,6,6,0,0,12
1563,國立中山大學,生物科學系英語組,生物(分科),1.50,化學(分科),1.25,英文(學測),1.50,數學甲(分科),1.00,國文(學測),1.00,6,263.25,,,,,,,,28,英文(均標),,,,生物→化學→英文→數學甲→國文,2,4,6,3,3,0,0,6
1564,國立中山大學,化學系,化學(分科),2.00,物理(分科),1.00,數學甲(分科),1.00,英文(學測),1.00,國文(學測),1.00,12,271.00,化學(分科),52,,,,,,28,,,,,化學→物理→數學甲→英文→國文,9,3,12,10,2,0,0,12
1565,國立中山大學,化學系英語組,化學(分科),1.00,物理(分科),1.00,數學甲(分科),1.00,英文(學測),2.00,國文(學測),1.00,11,268.00,化學(分科),49,,,,,,28,英文(均標),,,,化學→物理→數學甲→英文→國文,8,3,11,7,4,0,0,11
1566,國立中山大學,物理學系,物理(分科),1.50,數學甲(分科),1.75,英文(學測),1.75,化學(分科),1.00,國文(學測),1.00,10,315.25,,,,,,,,28,,,,,物理→數學甲→英文→化學→國文,4,6,10,10,0,0,0,10
1567,國立中山大學,物理學系量子科技組(全英),物理(分科),1.50,數學甲(分科),1.75,英文(學測),2.00,化學(分科),1.00,國文(學測),1.00,5,326.50,,,,,,,,28,英文(均標),,,,物理→數學甲→英文→化學→國文,4,1,5,5,0,0,0,5
1570,國立中山大學,應用數學系,數學甲(分科),2.00,英文(學測),1.00,物理(分科),1.50,,,,,17,189.50,,,,,,,,28,,,,,數學甲→英文→物理,2,15,17,16,1,0,0,17
1571,國立中山大學,應用數學系英語組,數學甲(分科),2.00,英文(學測),1.50,物理(分科),1.00,,,,,5,191.50,,,,,,,,28,英文(均標),,,,數學甲→英文→物理,4,1,5,4,1,0,0,5
1572,國立中山大學,電機工程學系,數學甲(分科),1.00,英文(學測),1.00,物理(分科),1.00,化學(分科),1.00,,,16,202.00,數學甲(分科),48,,,,,,28,,,,,數學甲→英文→物理→化學,3,13,16,16,0,0,0,16
1573,國立中山大學,電機工程學系全英語組,數學甲(分科),1.00,英文(學測),1.00,物理(分科),1.00,化學(分科),1.00,,,28,194.00,數學甲(分科),46,,,,,,28,英文(前標),,,,數學甲→英文→物理→化學,13,15,28,25,3,0,0,28
1574,國立中山大學,機械與機電工程學系,物理(分科),2.00,數學甲(分科),1.50,國文(學測),1.00,,,,,12,211.00,,,,,,,,28,,,,,物理→數學甲→國文,9,3,12,11,1,0,0,12
1575,國立中山大學,機械與機電工程學系全英語組,物理(分科),2.00,數學甲(分科),1.50,英文(學測),2.00,,,,,9,253.00,,,,,,,,28,,,,,物理→數學甲→英文,6,3,9,9,0,0,0,9
1576,國立中山大學,資訊工程學系,數學甲(分科),2.00,英文(學測),1.00,物理(分科),1.50,國文(學測),1.00,,,20,263.50,,,,,,,,28,,,,,數學甲→英文→物理→國文,13,7,20,18,2,0,0,20
1577,國立中山大學,資訊工程學系全英語學士班,數學甲(分科),2.00,英文(學測),2.00,物理(分科),1.50,,,,,11,262.00,,,,,,,,28,,,,,數學甲→英文→物理,8,3,11,9,2,0,0,11
1600,國立中山大學,光電工程學系,數學甲(分科),2.00,物理(分科),2.00,英文(學測),1.00,化學(分科),1.00,,,8,280.00,,,,,,,,28,,,,,數學甲→物理→英文→化學,5,3,8,6,2,0,0,8
1601,國立中山大學,光電工程學系全英語組,數學甲(分科),2.00,物理(分科),2.00,英文(學測),1.50,化學(分科),1.00,,,5,300.50,,,,,,,,28,英文(均標),,,,數學甲→物理→英文→化學,5,0,5,5,0,0,0,5
1602,國立中山大學,材料與光電科學學系甲組,數學甲(分科),2.00,物理(分科),2.00,英文(學測),1.00,,,,,4,240.00,,,,,,,,28,,,,,數學甲→物理→英文,4,0,4,4,0,0,0,4
1603,國立中山大學,材料與光電科學學系乙組,物理(分科),2.00,化學(分科),2.00,數學甲(分科),1.00,,,,,4,259.00,,,,,,,,28,,,,,物理→化學→數學甲,4,0,4,4,0,0,0,4
1604,國立中山大學,材料與光電科學學系全英語組,數學甲(分科),1.00,物理(分科),2.00,化學(分科),2.00,英文(學測),1.00,,,10,284.00,,,,,,,,28,,,,,數學甲→物理→化學→英文,3,7,10,10,0,0,0,10
1605,國立中山大學,企業管理學系(A組),英文(學測),2.00,數學乙(分科),2.00,國文(學測),1.00,,,,,10,244.00,,,,,,,,28,,,,,英文→數學乙→國文,8,2,10,6,4,0,0,10
1606,國立中山大學,企業管理學系(B組),英文(學測),2.00,數學乙(分科),2.00,公民與社會(分科),1.00,,,,,14,235.00,英文(學測),42,,,,,,28,,,,,英文→數學乙→公民與社會,12,2,14,7,7,0,0,14
1607,國立中山大學,資訊管理學系,數學甲(分科),2.00,英文(學測),2.00,國文(學測),1.50,,,,,16,251.00,數學甲(分科),38,,,,,,28,,,,,數學甲→英文→國文,9,7,16,12,4,0,0,16
1610,國立中山大學,財務管理學系,數學乙(分科),2.00,英文(學測),1.00,國文(學測),1.00,,,,,15,204.00,數學乙(分科),55,,,,,,28,,,,,數學乙→英文→國文,7,8,15,5,10,0,0,15
1611,國立中山大學,國際經營管理全英語學士學位學程,英文(學測),2.00,公民與社會(分科),1.50,數學B(學測),1.00,,,,,10,204.50,英文(學測),52,,,212.25,,,28,英文(均標),,,,英文→公民與社會→數學B,5,4,9,8,1,0,1,10
1612,國立中山大學,海洋生物科技暨資源學系,英文(學測),1.00,生物(分科),1.00,化學(分科),1.00,,,,,13,122.00,,,,,,,,28,數學A(均標) 或 數學B(均標),,,B級,英文→生物→化學,10,3,13,8,5,0,0,13
1613,國立中山大學,海洋環境及工程學系,英文(學測),1.25,物理(分科),1.50,化學(分科),1.00,數學甲(分科),1.50,,,8,220.75,,,,,,,,28,,,,,英文→物理→化學→數學甲,5,3,8,6,2,0,0,8
1614,國立中山大學,海洋科學系,英文(學測),1.25,數學甲(分科),1.25,化學(分科),1.00,國文(學測),1.00,,,9,191.50,英文(學測),50,,,,,,28,,,,,英文→數學甲→化學→國文,4,5,9,4,5,0,0,9
1615,國立中山大學,政治經濟學系,英文(學測),1.50,數學乙(分科),1.50,國文(學測),1.00,公民與社會(分科),1.00,,,13,231.50,,,,,,,,28,,,,,英文→數學乙→國文→公民與社會,11,2,13,4,9,0,0,13
1616,國立中山大學,社會學系,公民與社會(分科),2.00,英文(學測),2.00,地理(分科),1.00,,,,,22,221.00,,,,,,,,29,數學A(均標) 或 數學B(均標),,,,公民與社會→英文→地理,13,9,22,7,15,0,0,22
1617,國立中山大學,人文暨科技跨領域學士學位學程,英文(學測),1.00,國文(學測),1.00,物理(分科),1.00,,,,,14,133.00,,,,,,,,29,數學A(均標) 或 數學B(前標),,,,英文→國文→物理,10,4,14,7,7,0,0,14
1620,國立中山大學,生物醫學科技學系全英語學士班生物醫學組,生物(分科),2.00,英文(學測),1.50,化學(分科),1.50,數學甲(分科),1.00,,,7,258.50,,,,,,,,29,,,,,生物→英文→化學→數學甲,7,0,7,2,5,0,0,7
1621,國立中山大學,生物醫學科技學系全英語學士班生醫工程組,數學甲(分科),1.50,物理(分科),1.50,英文(學測),1.50,化學(分科),1.00,生物(分科),1.00,8,269.00,,,,,,,,29,,,,,數學甲→物理→英文→化學→生物,6,2,8,6,2,0,0,8
1622,國立中山大學,護理學系,生物(分科),2.00,英文(學測),2.00,國文(學測),1.25,數學A(學測),1.00,,,20,250.50,,,,,,,,29,,,,,生物→英文→國文→數學A,17,3,20,6,14,0,0,20
1623,長庚大學,醫學系(自費),生物(分科),1.00,英文(學測),1.00,化學(分科),1.00,數學甲(分科),1.00,物理(分科),1.00,52,274.00,生物(分科),59,,,,,,29,國文(前標),,,,生物→英文→化學→數學甲→物理,22,30,52,42,10,0,0,52
1624,長庚大學,醫學系(公費),生物(分科),1.00,英文(學測),1.00,化學(分科),1.00,數學甲(分科),1.00,物理(分科),1.00,8,265.00,,,,,,,,29,國文(前標),,,,生物→英文→化學→數學甲→物理,6,2,8,5,3,0,0,8
1625,長庚大學,中醫學系,生物(分科),1.00,英文(學測),1.00,化學(分科),1.00,數學甲(分科),1.00,國文(學測),1.00,25,269.00,生物(分科),59,283.50,,,,,29,,,,,生物→英文→化學→數學甲→國文,11,13,24,13,11,1,0,25
1626,長庚大學,護理學系,英文(學測),1.50,國文(學測),1.50,化學(分科),1.00,,,,,28,163.50,,,,,,,,29,數學A(底標) 或 數學B(後標),,,,英文→國文→化學,26,2,28,5,23,0,0,28
1627,長庚大學,醫學生物技術暨檢驗學系,生物(分科),1.50,化學(分科),1.50,英文(學測),1.00,,,,,19,184.00,,,,,,,,29,,,,,生物→化學→英文,14,5,19,6,13,0,0,19
1630,長庚大學,醫學影像暨放射科學系,物理(分科),1.25,英文(學測),1.25,數學甲(分科),1.25,生物(分科),1.00,化學(分科),1.00,11,222.00,物理(分科),34,,,,,,29,,,,,物理→英文→數學甲→生物→化學,11,0,11,7,4,0,0,11
1631,長庚大學,物理治療學系,英文(學測),1.50,生物(分科),1.25,物理(分科),1.00,國文(學測),1.00,,,18,235.50,,,252.05,,,,,29,,,,,英文→生物→物理→國文,14,3,17,8,9,1,0,18
1632,長庚大學,職能治療學系,英文(學測),1.50,生物(分科),1.50,國文(學測),1.25,,,,,12,215.75,,,224.70,,,,,29,,,,,英文→生物→國文,11,0,11,1,10,1,0,12
1633,長庚大學,生物醫學系,化學(分科),2.00,生物(分科),2.00,英文(學測),2.00,數學甲(分科),1.00,物理(分科),1.00,23,293.00,化學(分科),50,,,,,,29,,,,,化學→生物→英文→數學甲→物理,19,4,23,8,15,0,0,23
1634,長庚大學,呼吸治療學系,生物(分科),1.50,英文(學測),1.00,化學(分科),1.00,,,,,15,149.50,生物(分科),45,,,,,,29,,,,,生物→英文→化學,13,2,15,10,5,0,0,15
1635,長庚大學,電機工程學系,物理(分科),1.00,數學甲(分科),1.00,英文(學測),1.00,國文(學測),1.00,,,31,165.00,物理(分科),40,,,,,,29,,,,,物理→數學甲→英文→國文,26,5,31,20,11,0,0,31
1636,長庚大學,機械工程學系,物理(分科),1.25,數學甲(分科),1.00,英文(學測),1.00,,,,,22,116.00,物理(分科),44,,,,,,29,,,,,物理→數學甲→英文,16,6,22,16,6,0,0,22
1637,長庚大學,化工與材料工程學系(化學工程組),數學甲(分科),1.00,英文(學測),1.00,化學(分科),1.00,物理(分科),1.00,國文(學測),1.00,16,193.00,數學甲(分科),34,,,,,,29,,,,,數學甲→英文→化學→物理→國文,8,8,16,9,7,0,0,16
1640,長庚大學,化工與材料工程學系(材料工程組),數學甲(分科),1.00,英文(學測),1.00,化學(分科),1.00,物理(分科),1.00,國文(學測),1.00,13,193.00,數學甲(分科),35,198.00,,,,,29,自然(後標),,,,數學甲→英文→化學→物理→國文,10,2,12,5,7,1,0,13
1641,長庚大學,電子工程學系,物理(分科),1.00,數學甲(分科),1.00,化學(分科),1.00,英文(學測),1.00,,,43,150.00,,,,,,,,29,,,,,物理→數學甲→化學→英文,32,11,43,36,7,0,0,43
1642,長庚大學,資訊工程學系,數學甲(分科),1.00,物理(分科),1.00,英文(學測),1.00,國文(學測),1.00,,,26,159.00,,,162.00,,,,,29,,,,,數學甲→物理→英文→國文,17,8,25,20,5,1,0,26
1643,長庚大學,生物醫學工程學系,數學甲(分科),1.25,物理(分科),1.00,化學(分科),1.00,英文(學測),1.00,,,13,163.75,,,,,,,,29,,,,,數學甲→物理→化學→英文,9,4,13,10,3,0,0,13
1644,長庚大學,人工智慧學系,數學甲(分科),1.50,英文(學測),1.00,國文(學測),1.00,,,,,13,134.00,數學甲(分科),38,,,,,,29,,,,,數學甲→英文→國文,12,1,13,10,3,0,0,13
1645,長庚大學,醫務管理學系,英文(學測),1.50,國文(學測),1.00,公民與社會(分科),1.00,,,,,17,129.00,,,,,,,,29,,,,,英文→國文→公民與社會,16,1,17,5,12,0,0,17
1646,長庚大學,工商管理學系,英文(學測),2.00,數學乙(分科),1.00,國文(學測),1.00,,,,,38,109.00,英文(學測),23,,,,,,29,,,,,英文→數學乙→國文,17,21,38,20,18,0,0,38
1647,長庚大學,工業設計學系,英文(學測),2.00,國文(學測),1.00,公民與社會(分科),1.00,,,,,16,117.00,英文(學測),27,,,,,,29,,,,,英文→國文→公民與社會,7,9,16,7,9,0,0,16
1650,長庚大學,資訊管理學系,數學乙(分科),2.00,英文(學測),1.50,國文(學測),1.00,,,,,21,165.50,,,,,,,,29,,,,,數學乙→英文→國文,17,4,21,13,8,0,0,21
1651,長庚大學,數位金融科技學系(甲組),數學乙(分科),2.00,國文(學測),1.00,物理(分科),1.00,,,,,7,141.00,,,,,,,,29,英文(均標),,,,數學乙→國文→物理,7,0,7,4,3,0,0,7
1652,長庚大學,數位金融科技學系(乙組),數學乙(分科),2.00,國文(學測),1.00,公民與社會(分科),1.00,,,,,9,132.00,,,,,,,,29,英文(均標),,,,數學乙→國文→公民與社會,7,2,9,7,2,0,0,9
1653,國立臺中教育大學,全校不分系學士學位學程,英文(學測),1.25,國文(學測),1.00,數學乙(分科),1.00,,,,,8,129.75,,,,,,,,29,,,,,英文→國文→數學乙,8,0,8,5,3,0,0,8
1654,國立臺中教育大學,教育學系,國文(學測),1.50,數學B(學測),1.50,英文(學測),1.00,歷史(分科),1.00,,,14,182.50,,,,,,,,29,,,,,國文→數學B→英文→歷史,8,6,14,4,10,0,0,14
1655,國立臺中教育大學,特殊教育學系,國文(學測),1.50,英文(學測),1.50,公民與社會(分科),1.00,,,,,21,143.50,,,,,,,,29,,,,,國文→英文→公民與社會,18,3,21,4,17,0,0,21
1656,國立臺中教育大學,幼兒教育學系,國文(學測),2.00,英文(學測),1.50,公民與社會(分科),1.00,,,,,9,169.50,,,,,,,,30,,,,,國文→英文→公民與社會,8,1,9,0,9,0,0,9
1657,國立臺中教育大學,體育學系,體育(術科),2.00,國文(學測),2.00,數學B(學測),2.00,生物(分科),1.00,,,8,292.78,,,,,,,,30,,,,,術科→國文→數學B→生物,2,6,8,6,2,0,0,8
1660,國立臺中教育大學,語文教育學系,國文(學測),2.00,歷史(分科),1.00,英文(學測),1.00,,,,,11,153.00,國文(學測),47,,,,,,30,數學A(底標) 或 數學B(底標),,,,國文→歷史→英文,9,2,11,1,10,0,0,11
1661,國立臺中教育大學,區域與社會發展學系,歷史(分科),2.00,地理(分科),2.00,公民與社會(分科),2.00,英文(學測),1.00,,,34,282.00,,,,,,,,30,,,,,歷史→地理→公民與社會→英文,25,9,34,15,19,0,0,34
1662,國立臺中教育大學,諮商與應用心理學系,國文(學測),2.00,英文(學測),2.00,公民與社會(分科),1.00,,,,,28,218.00,國文(學測),47,,,,,,30,數學B(底標),,,,國文→英文→公民與社會,17,11,28,6,22,0,0,28
1663,國立臺中教育大學,美術學系,美術(術科),2.00,國文(學測),1.00,英文(學測),1.00,歷史(分科),1.00,,,16,228.70,,,,,,,,30,,,,,術科→國文→英文→歷史,9,7,16,3,13,0,0,16
1664,國立臺中教育大學,音樂學系,音樂(術科),2.00,英文(學測),1.00,國文(學測),1.00,歷史(分科),1.00,,,6,217.14,,,,,,,,30,,,,,術科→英文→國文→歷史,1,10,11,1,5,0,0,6
1665,國立臺中教育大學,台灣語文學系,國文(學測),1.00,英文(學測),1.00,歷史(分科),1.00,,,,,26,94.00,國文(學測),45,124.20,,,,,30,,,,,國文→英文→歷史,19,6,25,10,15,0,1,26
1666,國立臺中教育大學,英語學系,英文(學測),2.00,國文(學測),1.00,歷史(分科),1.00,,,,,22,146.00,英文(學測),44,147.10,,,,,30,,,,,英文→國文→歷史,15,6,21,7,14,0,1,22
1667,國立臺中教育大學,數學教育學系,數學A(學測),1.50,國文(學測),1.00,英文(學測),1.00,物理(分科),1.00,,,12,147.00,,,,,,,,30,,,,,數學A→國文→英文→物理,10,2,12,4,8,0,0,12
1670,國立臺中教育大學,科學教育與應用學系,化學(分科),2.00,物理(分科),2.00,數學甲(分科),1.00,國文(學測),1.00,,,28,180.00,,,,,,,,30,,,,,化學→物理→數學甲→國文,16,12,28,19,9,0,0,28
1671,國立臺中教育大學,資訊工程學系,數學甲(分科),1.25,英文(學測),1.25,國文(學測),1.00,,,,,11,139.50,,,140.40,,,,,30,,,,,數學甲→英文→國文,10,0,10,6,4,0,1,11
1672,國立臺中教育大學,數位內容科技學系,數學B(學測),1.50,英文(學測),1.00,國文(學測),1.00,物理(分科),1.00,,,24,151.00,,,156.25,,,,,30,,,,,數學B→英文→國文→物理,11,12,23,18,5,0,1,24
1673,國立臺中教育大學,國際企業學系,英文(學測),1.50,國文(學測),1.25,公民與社會(分科),1.00,,,,,32,147.25,,,175.65,,,,,30,數學A(後標) 或 數學B(後標),,,,英文→國文→公民與社會,22,9,31,9,22,1,0,32
1674,國立臺中教育大學,文化創意產業設計與營運學系,英文(學測),2.00,公民與社會(分科),2.00,國文(學測),1.00,,,,,26,165.00,英文(學測),23,,,,,,30,,,,,英文→公民與社會→國文,13,13,26,5,21,0,0,26
1675,國立臺北教育大學,教育學系,國文(學測),1.50,英文(學測),1.50,數學B(學測),1.25,歷史(分科),1.00,公民與社會(分科),1.00,18,255.50,,,265.40,,,,,30,,,,,國文→英文→數學B→歷史→公民與社會,10,7,17,4,13,0,1,18
1676,國立臺北教育大學,教育經營與管理學系,數學B(學測),1.50,英文(學測),1.50,國文(學測),1.50,公民與社會(分科),1.00,,,29,208.50,數學B(學測),35,,,,,,30,,,,,數學B→英文→國文→公民與社會,13,16,29,10,19,0,0,29
1677,國立臺北教育大學,幼兒與家庭教育學系,國文(學測),1.50,英文(學測),1.50,數學B(學測),1.00,歷史(分科),1.00,,,20,186.50,,,194.85,,,,,30,,,,,國文→英文→數學B→歷史,14,5,19,2,17,0,1,20
1700,國立臺北教育大學,特殊教育學系(文組),英文(學測),2.00,國文(學測),1.50,地理(分科),1.50,數學B(學測),1.00,,,11,239.50,,,,,,,,30,,,,,英文→國文→地理→數學B,6,5,11,1,10,0,0,11
1701,國立臺北教育大學,特殊教育學系(理組),英文(學測),2.00,國文(學測),1.50,物理(分科),1.50,數學B(學測),1.00,,,10,207.00,,,,,,,,30,,,,,英文→國文→物理→數學B,6,4,10,4,6,0,0,10
1702,國立臺北教育大學,心理與諮商學系,數學B(學測),1.50,英文(學測),1.25,國文(學測),1.25,公民與社會(分科),1.00,歷史(分科),1.00,24,261.75,,,,,,,,30,,,,,數學B→英文→國文→公民與社會→歷史,16,8,24,11,13,0,0,24
1703,國立臺北教育大學,社會與區域發展學系,數學乙(分科),1.00,地理(分科),1.50,歷史(分科),1.50,,,,,25,174.50,,,,,,,,30,,,,,數學乙→地理→歷史,20,5,25,16,9,0,0,25
1704,國立臺北教育大學,兒童英語教育學系,英文(學測),2.00,國文(學測),1.00,數學B(學測),1.00,歷史(分科),1.00,,,12,203.00,英文(學測),48,,,,,,30,,,,,英文→國文→數學B→歷史,6,6,12,5,7,0,0,12
1705,國立臺北教育大學,語文與創作學系語文師資組,國文(學測),2.00,英文(學測),1.25,歷史(分科),1.00,數學B(學測),1.00,,,25,193.25,國文(學測),47,,,,,,30,,,,,國文→英文→歷史→數學B,14,11,25,10,15,0,0,25
1706,國立臺北教育大學,語文與創作學系文學創作組,國文(學測),2.00,英文(學測),1.25,歷史(分科),1.00,,,,,27,173.50,,,184.20,,,,,30,,,,,國文→英文→歷史,15,11,26,7,19,0,1,27
1707,國立臺北教育大學,文化創意產業經營學系,社會(學測),1.50,英文(學測),1.50,國文(學測),1.50,地理(分科),1.00,歷史(分科),1.00,16,262.00,,,,,,,,30,國文(均標),數學A(均標) 或 數學B(均標),,,社會→英文→國文→地理→歷史,6,10,16,4,12,0,0,16
1710,國立臺北教育大學,藝術與造形設計學系設計組,英文(學測),1.50,數學B(學測),2.00,國文(學測),1.25,歷史(分科),1.00,,,27,189.75,,,208.95,,,,,30,,,,,英文→數學B→國文→歷史,10,16,26,6,20,0,1,27
1711,國立臺北教育大學,藝術與造形設計學系藝術組,國文(學測),1.50,英文(學測),1.50,歷史(分科),1.00,數學B(學測),1.00,,,21,165.50,,,,,,,,30,,,,,國文→英文→歷史→數學B,9,12,21,3,18,0,0,21
1712,國立臺北教育大學,數學暨資訊教育學系數學組,數學甲(分科),2.00,國文(學測),1.50,英文(學測),1.00,,,,,14,171.00,,,,,,,,30,,,,,數學甲→國文→英文,7,7,14,8,6,0,0,14
1713,國立臺北教育大學,數學暨資訊教育學系人工智慧與資訊教育組,數學甲(分科),2.00,英文(學測),1.50,國文(學測),1.25,,,,,15,184.25,,,,,,,,30,,,,,數學甲→英文→國文,5,10,15,11,4,0,0,15
1714,國立臺北教育大學,自然科學教育學系,物理(分科),2.00,化學(分科),2.00,數學甲(分科),1.00,英文(學測),1.00,,,10,227.00,,,,,,,,30,,,,,物理→化學→數學甲→英文,7,3,10,8,2,0,0,10
1715,國立臺北教育大學,數位科技設計學系(創意設計組),英文(學測),1.00,國文(學測),1.00,公民與社會(分科),1.00,,,,,9,135.00,英文(學測),42,,,,,,30,,,,,英文→國文→公民與社會,6,3,9,3,6,0,0,9
1716,國立臺北教育大學,數位科技設計學系(資訊應用組),數學甲(分科),1.50,英文(學測),1.50,國文(學測),1.00,,,,,8,162.50,,,,,,,,31,,,,,數學甲→英文→國文,6,2,8,5,3,0,0,8
1717,國立臺北教育大學,資訊科學系,數學甲(分科),2.00,英文(學測),2.00,物理(分科),1.00,國文(學測),1.00,,,16,237.00,數學甲(分科),34,,,,,,31,,,,,數學甲→英文→物理→國文,10,6,16,10,6,0,0,16
1720,國立臺北教育大學,體育學系(男),生物(分科),2.00,公民與社會(分科),2.00,數學B(學測),1.50,國文(學測),1.00,體育(術科),1.00,4,294.05,,,,,,,,31,,,,,生物→公民與社會→數學B→國文→術科,4,0,4,4,0,0,0,4
1721,國立臺北教育大學,體育學系(女),生物(分科),2.00,公民與社會(分科),2.00,數學B(學測),1.50,國文(學測),1.00,體育(術科),1.00,7,235.20,,,,,,,,31,,,,,生物→公民與社會→數學B→國文→術科,4,3,7,0,7,0,0,7
1722,國立臺南大學,教育學系,公民與社會(分科),2.00,國文(學測),1.50,英文(學測),1.00,數學B(學測),1.00,,,41,188.50,公民與社會(分科),48,,,,,,31,,,,,公民與社會→國文→英文→數學B,22,19,41,14,27,0,0,41
1723,國立臺南大學,諮商與輔導學系,國文(學測),1.50,英文(學測),1.50,數學B(學測),1.50,公民與社會(分科),1.00,,,19,207.50,國文(學測),43,,,,,,31,,,,,國文→英文→數學B→公民與社會,14,5,19,8,11,0,0,19
1724,國立臺南大學,特殊教育學系,國文(學測),1.50,英文(學測),1.50,數學B(學測),1.50,公民與社會(分科),1.00,,,23,153.00,,,,,,,,31,,,,,國文→英文→數學B→公民與社會,17,6,23,2,21,0,0,23
1725,國立臺南大學,幼兒教育學系,國文(學測),2.00,英文(學測),1.50,數學B(學測),1.00,公民與社會(分科),1.00,,,21,163.00,國文(學測),43,,,,,,31,,,,,國文→英文→數學B→公民與社會,18,3,21,3,18,0,0,21
1726,國立臺南大學,體育學系,體育(術科),2.00,國文(學測),1.00,數學B(學測),1.00,英文(學測),1.00,生物(分科),1.00,2,273.18,,,,,,,,31,,,,,術科→國文→數學B→英文→生物,2,0,2,2,0,0,0,2
1727,國立臺南大學,文化與自然資源學系,歷史(分科),2.00,地理(分科),2.00,國文(學測),1.00,,,,,23,210.00,,,,,,,,31,,,,,歷史→地理→國文,17,6,23,16,7,0,0,23
1730,國立臺南大學,國語文學系,國文(學測),2.00,歷史(分科),1.00,英文(學測),1.00,,,,,38,135.00,,,,,,,,31,,,,,國文→歷史→英文,26,12,38,9,29,0,0,38
1731,國立臺南大學,英語學系,英文(學測),2.00,國文(學測),1.25,歷史(分科),1.00,,,,,33,145.00,,,,,,,,31,,,,,英文→國文→歷史,23,10,33,16,17,0,0,33
1732,國立臺南大學,應用數學系,數學甲(分科),2.00,自然(學測),1.50,英文(學測),1.00,,,,,25,154.00,,,,,,,,31,,,,,數學甲→自然→英文,15,10,25,22,3,0,0,25
1733,國立臺南大學,數位學習科技學系(數位學習系統組),數學甲(分科),1.00,英文(學測),2.00,國文(學測),2.00,,,,,14,192.00,數學甲(分科),30,,,,,,31,,,,,數學甲→英文→國文,7,7,14,8,6,0,0,14
1734,國立臺南大學,數位學習科技學系(數位學習內容組),英文(學測),1.00,國文(學測),2.00,數學B(學測),1.00,地理(分科),2.00,,,14,214.00,,,,,,,,31,,,,,英文→國文→數學B→地理,7,7,14,4,10,0,0,14
1735,國立臺南大學,材料科學系,物理(分科),1.50,化學(分科),1.50,數學甲(分科),1.00,英文(學測),1.00,國文(學測),1.00,19,235.00,,,,,,,,31,,,,,物理→化學→數學甲→英文→國文,15,4,19,10,9,0,0,19
1736,國立臺南大學,資訊工程學系,數學甲(分科),2.00,物理(分科),1.50,英文(學測),1.00,,,,,21,175.50,數學甲(分科),40,,,,,,31,,,,,數學甲→物理→英文,10,11,21,19,2,0,0,21
1737,國立臺南大學,電機工程學系,數學甲(分科),1.00,英文(學測),1.50,物理(分科),1.00,國文(學測),1.00,,,12,188.50,,,,,,,,31,,,,,數學甲→英文→物理→國文,9,3,12,6,6,0,0,12
1740,國立臺南大學,綠色能源科技學系,數學甲(分科),1.50,物理(分科),1.50,英文(學測),1.00,,,,,12,128.50,數學甲(分科),34,,,,,,31,,,,,數學甲→物理→英文,9,3,12,10,2,0,0,12
1741,國立臺南大學,生物科技學系,生物(分科),2.00,國文(學測),2.00,化學(分科),1.00,,,,,24,197.00,生物(分科),47,,,,,,31,數學A(底標) 或 數學B(底標),,,,生物→國文→化學,13,11,24,15,9,0,0,24
1742,國立臺南大學,生態暨環境資源學系,地理(分科),1.00,國文(學測),1.00,英文(學測),1.00,,,,,28,99.00,,,102.60,,,,,31,,,,,地理→國文→英文,11,16,27,16,11,1,0,28
1743,國立臺南大學,音樂學系,英文(學測),1.00,國文(學測),1.00,歷史(分科),1.00,,,,,8,79.00,,,102.60,,,,,31,,,,,英文→國文→歷史,2,5,7,1,6,1,0,8
1744,國立臺南大學,視覺藝術與設計學系,美術(術科),2.00,國文(學測),2.00,英文(學測),1.00,歷史(分科),1.00,,,16,242.80,,,,,,,,31,,,,,術科→國文→英文→歷史,9,7,16,8,8,0,0,16
1745,國立臺南大學,戲劇創作與應用學系(男),國文(學測),2.00,英文(學測),2.00,歷史(分科),1.00,,,,,5,150.00,,,,,,,,31,,,,,國文→英文→歷史,5,0,5,5,0,0,0,5
1746,國立臺南大學,戲劇創作與應用學系(女),國文(學測),2.00,英文(學測),2.00,歷史(分科),1.00,,,,,6,165.00,,,,,,,,31,,,,,國文→英文→歷史,6,0,6,0,6,0,0,6
1747,國立臺南大學,行政管理學系,國文(學測),1.50,英文(學測),1.50,數學B(學測),1.00,公民與社會(分科),1.00,,,25,173.50,,,,,,,,31,,,,,國文→英文→數學B→公民與社會,14,11,25,6,19,0,0,25
1750,國立臺南大學,經營與管理學系,英文(學測),2.00,數學B(學測),1.50,公民與社會(分科),1.50,國文(學測),1.00,,,27,200.00,英文(學測),41,,,,,,31,,,,,英文→數學B→公民與社會→國文,15,12,27,13,14,0,0,27
1751,國立東華大學,應用數學系數學科學組,數學甲(分科),2.00,英文(學測),1.00,國文(學測),1.00,,,,,14,116.00,,,,,,,,31,,,,,數學甲→英文→國文,10,4,14,11,3,0,0,14
1752,國立東華大學,應用數學系統計科學組,數學甲(分科),2.00,英文(學測),1.00,國文(學測),1.00,,,,,10,114.00,數學甲(分科),25,,,,,,31,,,,,數學甲→英文→國文,10,0,10,9,1,0,0,10
1753,國立東華大學,物理學系物理組,物理(分科),1.00,數學甲(分科),1.00,英文(學測),1.00,化學(分科),1.00,國文(學測),1.00,14,147.00,物理(分科),39,170.10,,,,,31,,,,,物理→數學甲→英文→化學→國文,11,2,13,10,3,1,0,14
1754,國立東華大學,物理學系奈米與光電科學組,物理(分科),1.00,數學甲(分科),1.00,英文(學測),1.00,化學(分科),1.00,國文(學測),1.00,9,151.00,,,,,,,,31,,,,,物理→數學甲→英文→化學→國文,8,1,9,9,0,0,0,9
1755,國立東華大學,化學系,化學(分科),2.00,英文(學測),1.00,數學甲(分科),1.00,物理(分科),1.00,,,21,135.00,化學(分科),35,,,,,,31,,,,,化學→英文→數學甲→物理,18,3,21,15,6,0,0,21
1756,國立東華大學,生化暨分子醫學科學系,生物(分科),1.75,化學(分科),1.50,英文(學測),1.75,國文(學測),1.00,,,24,178.50,,,,,,,,32,,,,,生物→化學→英文→國文,15,9,24,14,10,0,0,24
1757,國立東華大學,資訊工程學系資工組,數學甲(分科),1.50,英文(學測),1.25,國文(學測),1.00,,,,,20,135.75,,,,,,,,32,,,,,數學甲→英文→國文,15,5,20,15,5,0,0,20
1760,國立東華大學,資訊工程學系國際組,英文(學測),1.50,數學甲(分科),1.25,國文(學測),1.00,,,,,8,139.75,英文(學測),43,,,,,,32,,,,,英文→數學甲→國文,6,2,8,7,1,0,0,8
1761,國立東華大學,電機工程學系智慧系統組,數學甲(分科),1.00,英文(學測),1.00,國文(學測),1.00,,,,,12,117.00,,,,,,,,32,,,,,數學甲→英文→國文,11,1,12,9,3,0,0,12
1762,國立東華大學,電機工程學系半導體工程組,物理(分科),1.00,數學甲(分科),1.00,英文(學測),1.00,國文(學測),1.00,,,10,154.00,物理(分科),36,,,,,,32,,,,,物理→數學甲→英文→國文,9,1,10,10,0,0,0,10
1763,國立東華大學,材料科學與工程學系,物理(分科),1.00,化學(分科),1.00,英文(學測),1.00,數學甲(分科),1.00,,,37,108.00,物理(分科),25,118.80,,,,,32,,,,,物理→化學→英文→數學甲,22,14,36,23,13,1,0,37
1764,國立東華大學,光電工程學系,物理(分科),1.50,數學甲(分科),1.00,英文(學測),1.00,化學(分科),1.00,國文(學測),1.00,28,159.50,,,187.30,,,,,32,,,,,物理→數學甲→英文→化學→國文,21,6,27,15,12,0,1,28
1765,國立東華大學,理工學院大數據科學國際學士班,數學甲(分科),1.50,英文(學測),1.50,國文(學測),1.00,,,,,11,119.50,,,,,,,,32,,,,,數學甲→英文→國文,6,5,11,9,2,0,0,11
1766,國立東華大學,企業管理學系,英文(學測),1.50,國文(學測),1.00,公民與社會(分科),1.00,,,,,39,75.00,,,,,,,,32,數學A(後標) 或 數學B(後標),,,,英文→國文→公民與社會,16,23,39,23,16,0,0,39
1767,國立東華大學,會計學系,英文(學測),2.00,數學B(學測),1.50,國文(學測),1.00,公民與社會(分科),1.00,,,35,116.50,,,,,,,,32,,,,,英文→數學B→國文→公民與社會,19,16,35,19,16,0,0,35
1770,國立東華大學,資訊管理學系,英文(學測),2.00,國文(學測),2.00,公民與社會(分科),1.00,,,,,21,154.00,,,,,,,,32,數學A(後標) 或 數學B(後標),,,,英文→國文→公民與社會,11,10,21,14,7,0,0,21
1771,國立東華大學,國際企業學系,英文(學測),2.00,數學乙(分科),1.75,國文(學測),1.00,公民與社會(分科),1.00,,,30,109.75,,,,,,,,32,,,,,英文→數學乙→國文→公民與社會,16,14,30,17,13,0,0,30
1772,國立東華大學,財務金融學系,數學B(學測),1.50,英文(學測),1.00,公民與社會(分科),1.00,國文(學測),1.00,,,30,122.00,,,,,,,,32,,,,,數學B→英文→公民與社會→國文,16,14,30,17,13,0,0,30
1773,國立東華大學,觀光暨休閒遊憩學系,英文(學測),2.00,國文(學測),1.50,地理(分科),1.50,數學B(學測),1.00,,,37,90.50,,,108.15,,,,,32,,,,,英文→國文→地理→數學B,17,19,36,17,19,0,1,37
1774,國立東華大學,管理學院管理科學與財金國際學士學位學程,英文(學測),2.00,數學乙(分科),1.00,國文(學測),1.00,公民與社會(分科),1.00,,,13,75.00,英文(學測),11,,,,,,32,,,,,英文→數學乙→國文→公民與社會,4,9,13,10,3,0,0,13
1775,國立東華大學,管理學院會計與資訊管理國際學士班會計資訊與電腦稽核組,英文(學測),2.00,國文(學測),1.50,數學B(學測),1.75,公民與社會(分科),1.00,,,6,124.50,,,,,,,,32,,,,,英文→國文→數學B→公民與社會,3,3,6,2,4,0,0,6
1776,國立東華大學,管理學院數位行銷與服務創新國際學士班,英文(學測),2.00,數學B(學測),1.75,公民與社會(分科),1.00,,,,,8,58.50,英文(學測),13,,,,,,32,,,,,英文→數學B→公民與社會,3,5,8,3,5,0,0,8
1777,國立東華大學,華文文學系,國文(學測),2.00,歷史(分科),2.00,英文(學測),1.00,,,,,8,96.00,,,,,,,,32,,,,,國文→歷史→英文,14,8,22,3,5,0,0,8
2000,國立東華大學,中國語文學系,國文(學測),2.00,歷史(分科),1.50,社會(學測),1.00,,,,,11,110.00,,,,,,,,32,,,,,國文→歷史→社會,8,4,12,4,7,0,0,11
2001,國立東華大學,英美語文學系,英文(學測),2.00,國文(學測),1.25,公民與社會(分科),1.00,,,,,20,69.75,,,,,,,,32,,,,,英文→國文→公民與社會,12,9,21,11,9,0,0,20
2002,國立東華大學,臺灣文化學系,地理(分科),2.00,歷史(分科),2.00,國文(學測),1.00,,,,,6,115.00,,,,,,,,32,,,,,地理→歷史→國文,8,1,9,2,4,0,0,6
2003,國立東華大學,歷史學系,歷史(分科),2.00,社會(學測),1.00,國文(學測),1.00,,,,,22,128.00,,,,,,,,32,,,,,歷史→社會→國文,13,9,22,17,5,0,0,22
2004,國立東華大學,經濟學系,數學B(學測),1.00,英文(學測),1.00,國文(學測),1.00,公民與社會(分科),1.00,,,26,90.00,,,,,,,,32,,,,,數學B→英文→國文→公民與社會,19,7,26,19,7,0,0,26
2005,國立東華大學,諮商與臨床心理學系(自然組),英文(學測),1.50,數學甲(分科),1.50,國文(學測),1.00,,,,,18,125.00,,,,,,,,32,,,,,英文→數學甲→國文,15,3,18,6,12,0,0,18
2006,國立東華大學,諮商與臨床心理學系(社會組),英文(學測),1.50,數學B(學測),1.50,國文(學測),1.00,公民與社會(分科),1.00,,,6,172.50,,,,,,,,32,,,,,英文→數學B→國文→公民與社會,1,5,6,3,3,0,0,6
2007,國立東華大學,社會學系,國文(學測),1.50,英文(學測),2.00,公民與社會(分科),2.00,,,,,16,149.00,,,151.35,,,,,32,,,,,國文→英文→公民與社會,14,1,15,7,8,1,0,16
2010,國立東華大學,公共行政學系,公民與社會(分科),2.00,國文(學測),1.50,英文(學測),1.00,,,,,18,149.50,,,,,,,,32,,,,,公民與社會→國文→英文,10,8,18,5,13,0,0,18
2011,國立東華大學,法律學系,英文(學測),1.00,公民與社會(分科),1.50,國文(學測),2.00,,,,,23,182.50,,,192.50,,,,,32,,,,,英文→公民與社會→國文,12,10,22,10,12,1,0,23
2012,國立東華大學,體育與運動科學系,國文(學測),1.00,英文(學測),1.00,生物(分科),1.00,,,,,12,84.00,國文(學測),40,101.25,,,,,32,,,,,國文→英文→生物,3,8,11,8,3,0,1,12
2013,國立東華大學,教育與潛能開發學系,國文(學測),2.00,公民與社會(分科),1.00,英文(學測),1.00,,,,,13,87.00,,,,,,,,32,,,,,國文→公民與社會→英文,12,1,13,4,9,0,0,13
2014,國立東華大學,教育行政與管理學系,國文(學測),2.00,英文(學測),2.00,數學B(學測),1.50,公民與社會(分科),1.00,歷史(分科),1.00,17,153.50,,,176.20,,,,,32,,,,,國文→英文→數學B→公民與社會→歷史,13,3,16,8,8,1,0,17
2015,國立東華大學,特殊教育學系,公民與社會(分科),2.00,歷史(分科),1.00,國文(學測),1.00,,,,,13,109.00,,,,,,,,32,,,,,公民與社會→歷史→國文,11,2,13,3,10,0,0,13
2016,國立東華大學,幼兒教育學系,國文(學測),2.00,公民與社會(分科),1.75,歷史(分科),1.75,,,,,15,149.25,國文(學測),30,,,,,,33,,,,,國文→公民與社會→歷史,11,4,15,3,12,0,0,15
2017,國立東華大學,族群關係與文化學系,公民與社會(分科),2.00,國文(學測),1.50,英文(學測),1.00,,,,,8,78.50,,,92.65,,,,,33,,,,,公民與社會→國文→英文,1,6,7,3,4,1,0,8
2020,國立東華大學,民族語言與傳播學系,國文(學測),1.00,社會(學測),1.00,公民與社會(分科),1.00,,,,,5,63.00,,,,,,,,33,,,,,國文→社會→公民與社會,1,9,10,2,3,0,0,5
2021,國立東華大學,民族發展與社會工作學系民族發展組,社會(學測),2.00,公民與社會(分科),1.50,國文(學測),1.00,,,,,1,139.50,,,,,,,,33,,,,,社會→公民與社會→國文,1,5,6,1,0,0,0,1
2022,國立東華大學,民族發展與社會工作學系社會工作組,公民與社會(分科),2.00,社會(學測),1.50,國文(學測),1.00,,,,,9,125.50,,,,,,,,33,,,,,公民與社會→社會→國文,3,6,9,5,4,0,0,9
2023,國立東華大學,原住民族樂舞與藝術學士學位學程,國文(學測),2.00,公民與社會(分科),2.00,歷史(分科),1.00,,,,,0,,,,,,,,,33,,,,,國文→公民與社會→歷史,1,3,4,0,0,0,0,0
2024,國立東華大學,自然資源與環境學系環境管理與環境教育組,地理(分科),2.00,英文(學測),1.00,國文(學測),2.00,,,,,10,133.00,,,,,,,,33,,,,,地理→英文→國文,6,4,10,6,4,0,0,10
2025,國立東華大學,自然資源與環境學系生態與保育組,生物(分科),2.00,國文(學測),2.00,英文(學測),1.00,,,,,10,163.00,,,,,,,,33,,,,,生物→國文→英文,6,4,10,4,6,0,0,10
2026,國立東華大學,自然資源與環境學系地球科學組,化學(分科),2.00,國文(學測),2.00,英文(學測),1.00,,,,,9,157.00,,,,,,,,33,,,,,化學→國文→英文,5,4,9,5,4,0,0,9
2027,國立東華大學,縱谷跨域書院學士學位學程,國文(學測),2.00,公民與社會(分科),1.75,歷史(分科),1.50,,,,,3,182.50,,,,,,,,33,,,,,國文→公民與社會→歷史,1,2,3,1,2,0,0,3
2030,國立東華大學,音樂學系,音樂(術科),2.00,國文(學測),1.00,英文(學測),1.00,歷史(分科),1.00,,,1,48.20,,,,,,,,33,,,,,術科→國文→英文→歷史,1,1,2,0,1,0,0,1
2031,國立東華大學,藝術與設計學系,國文(學測),2.00,英文(學測),1.00,歷史(分科),1.00,,,,,18,109.00,,,,,,,,33,,,,,國文→英文→歷史,14,4,18,9,9,0,0,18
2032,國立東華大學,藝術創意產業學系,國文(學測),2.00,歷史(分科),2.00,公民與社會(分科),1.00,,,,,17,106.00,,,,,,,,33,,,,,國文→歷史→公民與社會,16,4,20,6,11,0,0,17
2033,國立東華大學,管理學院會計與資訊管理國際學士班智慧會計與風險管理組,英文(學測),2.00,數學A(學測),1.75,國文(學測),1.50,公民與社會(分科),1.00,,,5,89.25,,,,,,,,33,,,,,英文→數學A→國文→公民與社會,2,4,6,3,2,0,0,5
2034,臺北市立大學,教育學系,國文(學測),2.00,英文(學測),2.00,數學B(學測),2.00,歷史(分科),1.00,地理(分科),1.00,16,290.00,國文(學測),42,,,,,,33,,,,,國文→英文→數學B→歷史→地理,12,4,16,10,6,0,0,16
2035,臺北市立大學,特殊教育學系,國文(學測),2.00,數學B(學測),1.50,英文(學測),1.50,公民與社會(分科),1.00,,,24,199.50,,,222.65,,,,,33,,,,,國文→數學B→英文→公民與社會,16,7,23,3,20,0,1,24
2036,臺北市立大學,幼兒教育學系,英文(學測),2.00,國文(學測),2.00,歷史(分科),1.00,地理(分科),1.00,,,22,218.00,英文(學測),36,242.60,,,,,33,,,,,英文→國文→歷史→地理,10,11,21,5,16,1,0,22
2037,臺北市立大學,心理與諮商學系,英文(學測),2.00,國文(學測),1.50,數學B(學測),1.50,公民與社會(分科),1.00,,,9,252.50,,,,,,,,33,英文(均標),數學B(後標),,,英文→國文→數學B→公民與社會,7,2,9,5,4,0,0,9
2040,臺北市立大學,學習與媒材設計學系,國文(學測),2.00,數學B(學測),1.50,英文(學測),2.00,歷史(分科),1.00,地理(分科),1.00,14,259.00,,,,,,,,33,,,,,國文→數學B→英文→歷史→地理,14,0,14,5,9,0,0,14
2041,臺北市立大學,中國語文學系,國文(學測),2.00,歷史(分科),1.00,英文(學測),1.00,,,,,19,156.00,,,165.55,,,,,33,國文(均標),,,,國文→歷史→英文,15,3,18,5,13,1,0,19
2042,臺北市立大學,歷史與地理學系,國文(學測),1.50,歷史(分科),1.50,地理(分科),1.50,數學B(學測),1.00,英文(學測),1.00,24,246.50,,,,,,,,33,,,,,國文→歷史→地理→數學B→英文,8,16,24,17,7,0,0,24
2043,臺北市立大學,英語教學系,英文(學測),2.00,國文(學測),1.25,公民與社會(分科),1.00,,,,,20,169.00,,,,,,,,33,,,,B級,英文→國文→公民與社會,6,14,20,4,16,0,0,20
2044,臺北市立大學,社會暨公共事務學系,公民與社會(分科),2.00,國文(學測),1.50,英文(學測),1.50,歷史(分科),1.00,,,17,259.50,,,265.40,,,,,33,,,,,公民與社會→國文→英文→歷史,6,10,16,7,9,1,0,17
2045,臺北市立大學,音樂學系,音樂(術科),2.00,英文(學測),1.00,國文(學測),1.00,歷史(分科),1.00,,,5,292.98,,,,,,,,33,,,,,術科→英文→國文→歷史,1,4,5,1,4,0,0,5
2046,臺北市立大學,視覺藝術學系,美術(術科),2.00,國文(學測),2.00,英文(學測),1.00,歷史(分科),1.00,,,27,253.00,,,,,,,,33,國文(均標),,,,術科→國文→英文→歷史,17,10,27,6,21,0,0,27
2047,臺北市立大學,應用物理暨化學系電子物理組,物理(分科),1.50,化學(分科),1.50,英文(學測),1.25,數學甲(分科),1.00,國文(學測),1.00,6,256.00,,,,,,,,33,,,,,物理→化學→英文→數學甲→國文,6,0,6,6,0,0,0,6
2050,臺北市立大學,應用物理暨化學系應用化學組,化學(分科),1.50,物理(分科),1.50,英文(學測),1.25,數學甲(分科),1.00,國文(學測),1.00,11,248.25,化學(分科),49,,,,,,33,,,,,化學→物理→英文→數學甲→國文,5,6,11,9,2,0,0,11
2051,臺北市立大學,地球環境暨生物資源學系,英文(學測),1.50,數學甲(分科),1.00,國文(學測),1.50,物理(分科),1.00,化學(分科),1.50,13,238.00,,,,,,,,33,,,,,英文→數學甲→國文→物理→化學,6,7,13,8,5,0,0,13
2052,臺北市立大學,數學系,數學甲(分科),2.00,物理(分科),1.00,英文(學測),1.00,,,,,21,141.00,數學甲(分科),40,,,,,,33,,,,,數學甲→物理→英文,15,6,21,19,2,0,0,21
2053,臺北市立大學,資訊科學系,數學甲(分科),2.00,英文(學測),2.00,國文(學測),1.25,物理(分科),1.00,,,23,243.00,,,,,,,,33,,,,,數學甲→英文→國文→物理,11,12,23,19,4,0,0,23
2054,臺北市立大學,體育學系,英文(學測),2.00,體育(術科),1.50,國文(學測),1.00,生物(分科),1.00,,,2,240.56,,,,,,,,33,,,,,英文→術科→國文→生物,2,0,2,1,1,0,0,2
2055,臺北市立大學,休閒運動管理學系,英文(學測),1.25,公民與社會(分科),1.00,國文(學測),1.00,,,,,6,125.50,,,139.30,,,,,33,,,,,英文→公民與社會→國文,3,2,5,2,3,0,1,6
2056,臺北市立大學,運動健康科學系,英文(學測),1.50,生物(分科),1.00,國文(學測),1.00,,,,,4,141.50,,,,,,,,34,,,,,英文→生物→國文,2,2,4,4,0,0,0,4
2057,臺北市立大學,城市發展學系,地理(分科),2.00,英文(學測),2.00,國文(學測),1.00,,,,,16,207.00,地理(分科),51,,,233.75,,,34,,,,,地理→英文→國文,8,7,15,8,7,0,1,16
2060,臺北市立大學,行銷與管理學系,英文(學測),2.00,數學乙(分科),2.00,國文(學測),1.00,,,,,14,213.00,,,,,,,,34,,,,,英文→數學乙→國文,4,10,14,5,9,0,0,14
2061,臺北市立大學,衛生福利學系,國文(學測),1.50,數學甲(分科),1.00,英文(學測),1.50,生物(分科),1.50,,,13,195.00,,,,,,,,34,,,,,國文→數學甲→英文→生物,12,1,13,3,10,0,0,13
2062,國立屏東大學,教育學系,國文(學測),2.00,英文(學測),1.50,數學B(學測),1.50,公民與社會(分科),1.00,,,39,158.00,,,179.45,,,,,34,,,,,國文→英文→數學B→公民與社會,24,14,38,12,26,1,0,39
2063,國立屏東大學,幼兒教育學系,國文(學測),2.00,公民與社會(分科),2.00,英文(學測),1.00,,,,,17,157.00,國文(學測),32,,,,,,34,,,,,國文→公民與社會→英文,8,9,17,2,15,0,0,17
2064,國立屏東大學,特殊教育學系,國文(學測),2.00,英文(學測),1.00,公民與社會(分科),1.00,,,,,16,122.00,國文(學測),37,122.10,,,,,34,,,,,國文→英文→公民與社會,4,11,15,1,14,0,1,16
2065,國立屏東大學,教育心理與輔導學系,國文(學測),1.25,英文(學測),1.25,公民與社會(分科),1.00,數學B(學測),1.00,,,23,143.00,國文(學測),43,150.30,,,,,34,,,,,國文→英文→公民與社會→數學B,12,9,21,7,14,1,1,23
2066,國立屏東大學,中國語文學系,國文(學測),2.00,歷史(分科),1.25,英文(學測),1.00,,,,,13,133.50,,,,,,,,34,,,,,國文→歷史→英文,4,9,13,5,8,0,0,13
2067,國立屏東大學,英語學系,英文(學測),2.00,國文(學測),1.00,歷史(分科),1.00,,,,,10,117.00,英文(學測),28,,,,,,34,,,,,英文→國文→歷史,6,4,10,5,5,0,0,10
2070,國立屏東大學,文化創意產業學系,國文(學測),2.00,英文(學測),1.00,歷史(分科),1.00,,,,,17,121.00,國文(學測),39,,,,,,34,,,,,國文→英文→歷史,11,6,17,4,13,0,0,17
2071,國立屏東大學,社會發展學系,公民與社會(分科),1.00,國文(學測),1.00,英文(學測),1.00,,,,,17,88.00,,,103.95,,,,,34,,,,,公民與社會→國文→英文,10,6,16,7,9,1,0,17
2072,國立屏東大學,應用英語學系,英文(學測),2.00,國文(學測),1.00,公民與社會(分科),1.00,,,,,2,146.00,,,,,,,,34,,,,,英文→國文→公民與社會,1,1,2,1,1,0,0,2
2073,國立屏東大學,應用日語學系,英文(學測),2.00,國文(學測),2.00,公民與社會(分科),1.00,,,,,6,181.00,,,,,,,,34,,,,,英文→國文→公民與社會,2,4,6,6,0,0,0,6
2074,國立屏東大學,視覺藝術學系數位媒體設計組,國文(學測),2.00,英文(學測),1.50,歷史(分科),1.50,,,,,12,164.00,,,,,,,,34,,,,,國文→英文→歷史,1,11,12,3,9,0,0,12
2075,國立屏東大學,商業大數據學系,英文(學測),1.00,數學B(學測),1.00,公民與社會(分科),1.00,國文(學測),1.00,,,15,115.00,,,,,,,,34,,,,,英文→數學B→公民與社會→國文,10,5,15,8,7,0,0,15
2076,國立屏東大學,行銷與流通管理學系,英文(學測),2.00,數學B(學測),2.00,國文(學測),1.00,公民與社會(分科),1.00,,,9,156.00,,,,,,,,34,,,,,英文→數學B→國文→公民與社會,3,6,9,3,6,0,0,9
2077,國立屏東大學,休閒事業經營學系,英文(學測),1.50,國文(學測),1.50,公民與社會(分科),1.00,數學B(學測),1.00,,,7,133.50,,,,,,,,34,,,,,英文→國文→公民與社會→數學B,2,5,7,5,2,0,0,7
2100,國立屏東大學,不動產經營學系,英文(學測),1.00,國文(學測),1.00,公民與社會(分科),1.00,,,,,7,103.00,英文(學測),19,109.35,,,,,34,,,,,英文→國文→公民與社會,5,1,6,4,2,1,0,7
2101,國立屏東大學,企業管理學系,英文(學測),1.50,數學B(學測),1.50,國文(學測),1.00,公民與社會(分科),1.00,,,5,154.50,,,160.40,,,,,34,,,,,英文→數學B→國文→公民與社會,3,1,4,2,2,1,0,5
2102,國立屏東大學,國際經營與貿易學系,英文(學測),1.00,數學B(學測),1.00,公民與社會(分科),1.00,國文(學測),1.00,,,5,129.00,,,,,,,,34,,,,,英文→數學B→公民與社會→國文,2,3,5,2,3,0,0,5
2103,國立屏東大學,財務金融學系,國文(學測),1.25,英文(學測),1.25,數學B(學測),1.25,公民與社會(分科),1.00,,,12,165.25,,,,,,,,34,,,,,國文→英文→數學B→公民與社會,5,7,12,6,6,0,0,12
2104,國立屏東大學,會計學系,英文(學測),2.00,國文(學測),2.00,數學B(學測),1.50,公民與社會(分科),1.00,,,9,207.00,,,,,,,,34,,,,,英文→國文→數學B→公民與社會,5,4,9,5,4,0,0,9
2105,國立屏東大學,應用化學系,化學(分科),2.00,英文(學測),1.50,數學甲(分科),1.50,,,,,19,154.50,,,,,,,,34,,,,,化學→英文→數學甲,13,6,19,16,3,0,0,19
2106,國立屏東大學,應用數學系,數學甲(分科),2.00,國文(學測),1.00,英文(學測),1.00,,,,,13,121.00,,,,,,,,34,,,,,數學甲→國文→英文,6,7,13,11,2,0,0,13
2107,國立屏東大學,應用物理系半導體組,物理(分科),2.00,數學甲(分科),1.75,英文(學測),1.00,,,,,12,158.50,,,,,,,,34,,,,,物理→數學甲→英文,9,3,12,11,1,0,0,12
2110,國立屏東大學,應用物理系光電暨材料組,物理(分科),2.00,數學甲(分科),1.75,英文(學測),1.00,化學(分科),1.00,,,12,172.25,,,,,,,,34,,,,,物理→數學甲→英文→化學,8,4,12,8,4,0,0,12
2111,國立屏東大學,科學傳播學系,國文(學測),1.50,自然(學測),1.25,英文(學測),1.00,化學(分科),1.00,,,11,151.50,,,,,,,,34,,,,C級,國文→自然→英文→化學,3,8,11,6,5,0,0,11
2112,國立屏東大學,智慧機器人學系,數學A(學測),2.00,物理(分科),2.00,英文(學測),1.00,,,,,14,145.00,數學A(學測),42,,,,,,34,,,,,數學A→物理→英文,8,6,14,13,1,0,0,14
2113,國立屏東大學,電腦與通訊學系,數學A(學測),2.00,英文(學測),2.00,國文(學測),1.00,物理(分科),1.00,,,3,201.00,,,,,,,,34,,,,,數學A→英文→國文→物理,1,2,3,2,1,0,0,3
2114,國立屏東大學,資訊工程學系,數學A(學測),2.00,英文(學測),2.00,國文(學測),1.00,物理(分科),1.00,,,18,204.00,,,,,,,,34,,,,,數學A→英文→國文→物理,16,2,18,16,2,0,0,18
2115,國立屏東大學,電腦科學與人工智慧學系,數學甲(分科),2.00,英文(學測),2.00,國文(學測),1.00,,,,,15,159.00,數學甲(分科),20,,,,,,34,,,,,數學甲→英文→國文,13,2,15,11,4,0,0,15
2116,國立屏東大學,資訊管理學系,英文(學測),2.00,數學B(學測),2.00,國文(學測),1.00,公民與社會(分科),1.00,,,5,196.00,,,,,,,,34,,,,,英文→數學B→國文→公民與社會,2,3,5,4,1,0,0,5
2117,國立屏東大學,音樂學系,英文(學測),1.00,國文(學測),1.00,歷史(分科),1.00,,,,,8,67.00,,,,,,,,35,,,,,英文→國文→歷史,1,7,8,2,6,0,0,8
2120,國立屏東大學,體育學系,體育(術科),2.00,數學B(學測),1.00,生物(分科),1.00,,,,,4,223.76,,,,,,,,35,,,,,術科→數學B→生物,2,2,4,3,1,0,0,4
2121,國立臺東大學,全校不分系學士學位學程,國文(學測),1.50,英文(學測),1.00,公民與社會(分科),1.00,,,,,3,102.50,,,,,,,,35,,,,,國文→英文→公民與社會,2,1,3,1,2,0,0,3
2122,國立臺東大學,教育學系,國文(學測),1.50,公民與社會(分科),1.00,歷史(分科),1.00,,,,,22,88.00,國文(學測),32,,,,,,35,,,,,國文→公民與社會→歷史,6,16,22,7,15,0,0,22
2123,國立臺東大學,體育學系,國文(學測),2.00,英文(學測),1.50,公民與社會(分科),1.00,,,,,13,100.50,,,,,,,,35,,,,,國文→英文→公民與社會,1,12,13,10,3,0,0,13
2124,國立臺東大學,幼兒教育學系,國文(學測),2.00,英文(學測),2.00,公民與社會(分科),1.00,,,,,15,88.00,,,,,,,,35,,,,,國文→英文→公民與社會,4,11,15,5,10,0,0,15
2125,國立臺東大學,特殊教育學系,國文(學測),2.00,英文(學測),1.00,公民與社會(分科),1.00,,,,,14,85.00,,,94.25,,,,,35,,,,,國文→英文→公民與社會,5,8,13,6,7,0,1,14
2126,國立臺東大學,文化資源與休閒產業學系,國文(學測),1.50,歷史(分科),1.25,公民與社會(分科),1.00,,,,,12,87.00,,,,,,,,35,,,,,國文→歷史→公民與社會,5,10,15,4,8,0,0,12
2127,國立臺東大學,數位媒體與文教產業學系,國文(學測),2.00,英文(學測),1.00,公民與社會(分科),1.00,,,,,19,89.00,,,,,,,,35,,,,,國文→英文→公民與社會,5,14,19,9,10,0,0,19
2130,國立臺東大學,公共與文化事務學系,社會(學測),2.00,公民與社會(分科),1.50,歷史(分科),1.00,,,,,17,119.00,,,,,,,,35,,,,,社會→公民與社會→歷史,5,12,17,11,6,0,0,17
2131,國立臺東大學,身心整合與運動休閒產業學系,國文(學測),1.50,英文(學測),1.00,公民與社會(分科),1.00,,,,,4,87.50,,,,,,,,35,,,,,國文→英文→公民與社會,3,1,4,3,1,0,0,4
2132,國立臺東大學,英美語文學系,英文(學測),2.00,國文(學測),2.00,公民與社會(分科),1.00,,,,,7,81.00,,,,,,,,35,,,,,英文→國文→公民與社會,2,11,13,1,6,0,0,7
2133,國立臺東大學,華語文學系,國文(學測),2.00,歷史(分科),1.50,公民與社會(分科),1.00,,,,,1,118.50,,,,,,,,35,,,,,國文→歷史→公民與社會,1,13,14,1,0,0,0,1
2134,國立臺東大學,美術產業學系,國文(學測),1.00,歷史(分科),1.00,公民與社會(分科),1.00,,,,,3,69.00,,,,,,,,35,,,,,國文→歷史→公民與社會,1,2,3,1,2,0,0,3
2135,國立臺東大學,音樂學系,國文(學測),2.00,英文(學測),1.50,歷史(分科),1.00,,,,,1,163.00,,,,,,,,35,,,,,國文→英文→歷史,1,0,1,1,0,0,0,1
2136,國立臺東大學,生命科學系,生物(分科),2.00,化學(分科),1.50,國文(學測),1.00,,,,,9,140.50,,,,,,,,35,,,,,生物→化學→國文,5,4,9,8,1,0,0,9
2137,國立臺東大學,資訊工程學系,數學甲(分科),2.00,英文(學測),2.00,國文(學測),1.50,,,,,14,173.50,數學甲(分科),26,,,,,,35,,,,,數學甲→英文→國文,9,5,14,10,4,0,0,14
2140,國立臺東大學,資訊管理學系,英文(學測),2.00,數學B(學測),2.00,公民與社會(分科),1.75,國文(學測),1.00,,,18,155.25,,,,,,,,35,,,,,英文→數學B→公民與社會→國文,4,14,18,14,4,0,0,18
2141,國立臺東大學,應用數學系,數學甲(分科),2.00,國文(學測),1.00,英文(學測),1.00,,,,,20,107.00,數學甲(分科),22,,,,,,35,,,,,數學甲→國文→英文,5,15,20,16,4,0,0,20
2142,國立臺東大學,應用科學系化學及奈米科學組,化學(分科),2.00,數學A(學測),1.00,物理(分科),1.00,,,,,12,108.00,,,,,,,,35,,,,,化學→數學A→物理,6,6,12,9,3,0,0,12
2143,國立臺東大學,應用科學系應用物理組,物理(分科),2.00,數學A(學測),1.00,化學(分科),1.00,,,,,9,102.00,物理(分科),25,,,,,,35,,,,,物理→數學A→化學,8,1,9,8,1,0,0,9
2144,國立臺東大學,綠能與資訊科技學系,物理(分科),2.00,國文(學測),1.00,數學乙(分科),1.00,,,,,6,107.00,,,,,,,,35,,,,,物理→國文→數學乙,4,2,6,5,1,0,0,6
2145,國立體育大學,體育推廣學系A,英文(學測),2.00,國文(學測),2.00,公民與社會(分科),1.00,,,,,11,158.00,,,163.40,,,,,35,數學A(底標) 或 數學B(底標),,,,英文→國文→公民與社會,6,4,10,8,2,0,1,11
2146,國立體育大學,體育推廣學系B,英文(學測),1.00,國文(學測),2.00,體育(術科),2.00,公民與社會(分科),1.00,,,10,279.10,,,,,,,,35,數學A(底標) 或 數學B(底標),,,,英文→國文→術科→公民與社會,5,5,10,6,4,0,0,10
2147,國立體育大學,運動保健學系A,英文(學測),2.00,生物(分科),1.75,國文(學測),2.00,自然(學測),1.00,,,8,246.00,,,,273.85,,,,35,數學A(底標) 或 數學B(底標),,,,英文→生物→國文→自然,7,0,7,5,2,1,0,8
2150,國立體育大學,運動保健學系B,英文(學測),2.00,生物(分科),1.75,體育(術科),1.00,國文(學測),2.00,自然(學測),1.00,6,271.92,,,,,,,,35,數學A(底標) 或 數學B(底標),,,,英文→生物→術科→國文→自→然,6,0,6,4,2,0,0,6
2151,國立體育大學,休閒產業經營學系,地理(分科),2.00,英文(學測),1.00,國文(學測),1.00,,,,,20,131.00,地理(分科),37,,,,,,35,數學A(底標) 或 數學B(底標),,,,地理→英文→國文,14,6,20,9,11,0,0,20
2152,國立體育大學,適應體育學系A,英文(學測),2.00,國文(學測),2.00,生物(分科),1.75,,,,,3,194.25,,,,,,,,35,數學A(底標) 或 數學B(底標),,,,英文→國文→生物,1,2,3,1,2,0,0,3
2153,國立體育大學,適應體育學系B,英文(學測),2.00,國文(學測),2.00,公民與社會(分科),1.75,,,,,7,170.75,,,,,,,,35,數學A(底標) 或 數學B(底標),,,,英文→國文→公民與社會,1,6,7,5,2,0,0,7
2154,元智大學,護理學系,生物(分科),1.00,國文(學測),1.00,英文(學測),1.00,,,,,22,94.00,生物(分科),31,97.20,,,,,35,,,,,生物→國文→英文,11,10,21,2,19,0,1,22
2155,元智大學,管理學院學士班(主修：數位行銷與人力資源),國文(學測),2.00,社會(學測),1.75,公民與社會(分科),1.00,,,,,18,170.00,,,176.35,,,,,35,,,,,國文→社會→公民與社會,14,3,17,9,8,1,0,18
2156,元智大學,管理學院學士班(主修：財務金融A組),公民與社會(分科),1.50,國文(學測),2.00,英文(學測),1.00,,,,,8,164.00,,,,,,,,35,,,,,公民與社會→國文→英文,7,1,8,5,3,0,0,8
2157,元智大學,管理學院學士班(主修：財務金融B組),歷史(分科),1.50,國文(學測),2.00,英文(學測),1.00,,,,,8,160.50,歷史(分科),47,,,,,,36,,,,,歷史→國文→英文,7,1,8,5,3,0,0,8
2160,元智大學,管理學院學士班(主修：財務金融C組),地理(分科),1.50,國文(學測),2.00,英文(學測),1.00,,,,,7,159.50,,,,,,,,36,,,,,地理→國文→英文,7,0,7,1,6,0,0,7
2161,元智大學,管理學院學士班(主修：國際企業管理),公民與社會(分科),2.00,英文(學測),1.00,國文(學測),1.50,,,,,19,148.50,,,,,,,,36,,,,,公民與社會→英文→國文,8,11,19,8,11,0,0,19
2162,元智大學,管理學院學士班(主修：會計),國文(學測),2.00,公民與社會(分科),1.50,歷史(分科),1.00,,,,,24,159.50,,,,,,,,36,,,,,國文→公民與社會→歷史,9,15,24,9,15,0,0,24
2163,元智大學,管理學院學士班(英語專班),英文(學測),2.00,公民與社會(分科),1.50,國文(學測),1.00,,,,,7,133.00,,,,,,,,36,,,,,英文→公民與社會→國文,1,6,7,4,3,0,0,7
2164,元智大學,應用外語學系,英文(學測),1.50,國文(學測),1.00,歷史(分科),1.00,,,,,10,102.00,,,,,,,,36,,,,,英文→國文→歷史,5,5,10,5,5,0,0,10
2165,元智大學,中國語文學系,國文(學測),2.00,歷史(分科),1.00,英文(學測),1.00,,,,,9,115.00,國文(學測),34,,,,,,36,,,,,國文→歷史→英文,5,4,9,4,5,0,0,9
2166,元智大學,社會暨政策科學學系,公民與社會(分科),2.00,國文(學測),2.00,數學B(學測),1.00,,,,,16,148.00,公民與社會(分科),32,160.25,,,,,36,,,,,公民與社會→國文→數學B,6,9,15,8,7,0,1,16
2167,元智大學,藝術與設計學系,英文(學測),1.00,國文(學測),1.00,公民與社會(分科),1.00,,,,,8,84.00,英文(學測),18,,,,,,36,,,,,英文→國文→公民與社會,5,3,8,3,5,0,0,8
2170,元智大學,人文社會學院英語學士班,國文(學測),2.00,英文(學測),1.50,公民與社會(分科),1.00,,,,,5,127.00,,,,,,,,36,英文(後標),,,,國文→英文→公民與社會,4,1,5,1,4,0,0,5
2171,元智大學,資訊管理學系(社會組),英文(學測),2.00,數學B(學測),1.50,國文(學測),1.00,公民與社會(分科),1.50,,,14,210.50,,,,,,,,36,,,,,英文→數學B→國文→公民與社會,13,1,14,10,4,0,0,14
2172,元智大學,資訊管理學系(自然組),英文(學測),2.00,數學甲(分科),1.50,國文(學測),1.50,,,,,10,189.50,英文(學測),49,,,,,,36,,,,,英文→數學甲→國文,10,0,10,5,5,0,0,10
2173,元智大學,資訊傳播學系(智慧科技應用組),國文(學測),1.50,英文(學測),1.00,數學B(學測),1.00,公民與社會(分科),1.00,,,16,122.50,,,,,,,,36,,,,,國文→英文→數學B→公民與社會,13,3,16,8,8,0,0,16
2174,元智大學,資訊傳播學系(數位媒體設計-創作組),國文(學測),1.50,英文(學測),1.00,公民與社會(分科),1.00,,,,,14,105.00,,,,,,,,36,,,,,國文→英文→公民與社會,9,5,14,7,7,0,0,14
2175,元智大學,資訊傳播學系(數位媒體設計-美術組),美術(術科),2.00,國文(學測),1.00,英文(學測),1.00,公民與社會(分科),1.00,,,4,189.00,,,,,,,,36,,,,,術科→國文→英文→公民與社會,2,2,4,0,4,0,0,4
2176,元智大學,資訊工程學系(資訊工程組),數學甲(分科),1.00,英文(學測),1.00,國文(學測),1.00,,,,,20,122.00,數學甲(分科),36,,,,,,36,,,,,數學甲→英文→國文,17,3,20,15,5,0,0,20
2177,元智大學,資訊工程學系(資訊應用組),數學乙(分科),1.00,英文(學測),1.00,國文(學測),1.00,,,,,10,129.00,,,,,,,,36,,,,,數學乙→英文→國文,10,0,10,7,3,0,0,10
2200,元智大學,資訊學院英語學士班,數學乙(分科),1.00,英文(學測),1.00,國文(學測),1.50,,,,,9,145.00,,,,,,,,36,,,,,數學乙→英文→國文,9,0,9,4,5,0,0,9
2201,元智大學,機械工程學系,數學甲(分科),1.00,物理(分科),1.00,自然(學測),1.00,國文(學測),1.00,,,22,151.00,,,159.30,,,,,36,,,,,數學甲→物理→自然→國文,15,6,21,19,2,1,0,22
2202,元智大學,化學工程與材料科學學系,數學甲(分科),1.00,物理(分科),1.00,化學(分科),1.00,國文(學測),1.00,,,31,144.00,數學甲(分科),37,,,,,,36,,,,,數學甲→物理→化學→國文,27,4,31,28,3,0,0,31
2203,元智大學,工業工程與管理學系(A組),數學甲(分科),1.25,英文(學測),1.00,國文(學測),1.00,,,,,15,110.50,數學甲(分科),42,,,,,,36,,,,,數學甲→英文→國文,13,2,15,12,3,0,0,15
2204,元智大學,工業工程與管理學系(B組),數學乙(分科),1.00,英文(學測),1.00,國文(學測),1.25,,,,,14,117.50,,,,,,,,36,,,,,數學乙→英文→國文,13,1,14,10,4,0,0,14
2205,元智大學,工程學院英語學士班,數學甲(分科),1.00,英文(學測),1.00,國文(學測),1.00,,,,,7,109.00,,,,,,,,36,,,,,數學甲→英文→國文,5,2,7,4,3,0,0,7
2206,元智大學,電機工程學系(甲組),數學甲(分科),1.00,英文(學測),1.00,國文(學測),1.00,,,,,35,127.00,數學甲(分科),41,,,,,,36,,,,,數學甲→英文→國文,31,4,35,20,15,0,0,35
2207,元智大學,電機工程學系(乙組),數學甲(分科),1.00,自然(學測),1.00,國文(學測),2.00,,,,,35,174.00,,,,,,,,36,英文(後標),,,,數學甲→自然→國文,29,6,35,23,12,0,0,35
2210,元智大學,電機工程學系(丙組),數學甲(分科),1.00,英文(學測),1.00,國文(學測),2.00,,,,,17,168.00,數學甲(分科),30,,,,,,36,,,,,數學甲→英文→國文,15,2,17,12,5,0,0,17
2211,元智大學,電機通訊學院英語學士班,英文(學測),1.75,數學甲(分科),1.00,國文(學測),1.25,,,,,7,166.00,,,,,,,,36,,,,,英文→數學甲→國文,4,3,7,3,4,0,0,7
2212,國立中正大學,中國文學系,國文(學測),2.00,英文(學測),1.25,歷史(分科),1.00,地理(分科),1.00,,,22,228.50,國文(學測),53,230.30,,,,,36,,,,,國文→英文→歷史→地理,10,11,21,3,18,0,1,22
2213,國立中正大學,外國語文學系,英文(學測),2.00,國文(學測),1.00,歷史(分科),1.00,地理(分科),1.00,,,32,223.00,英文(學測),43,231.30,,,,,36,,,,,英文→國文→歷史→地理,16,15,31,14,17,1,0,32
2214,國立中正大學,歷史學系,歷史(分科),2.00,國文(學測),1.50,英文(學測),1.50,地理(分科),1.00,,,25,262.50,,,,,,,,36,,,,,歷史→國文→英文→地理,14,11,25,11,14,0,0,25
2215,國立中正大學,哲學系,英文(學測),2.00,數學B(學測),2.00,國文(學測),1.50,公民與社會(分科),1.00,,,14,250.00,,,,,,,,36,,,,,英文→數學B→國文→公民與社會,12,2,14,7,7,0,0,14
2216,國立中正大學,社會福利學系,英文(學測),1.50,數學乙(分科),1.50,公民與社會(分科),1.50,國文(學測),1.00,,,19,223.00,,,,,,,,36,,,,,英文→數學乙→公民與社會→國文,15,4,19,9,10,0,0,19
2217,國立中正大學,勞工關係學系,英文(學測),2.00,公民與社會(分科),1.50,國文(學測),1.50,數學乙(分科),1.00,,,11,254.00,,,,,,,,36,,,,,英文→公民與社會→國文→數學乙,10,1,11,5,6,0,0,11
2220,國立中正大學,政治學系,英文(學測),2.00,社會(學測),1.00,國文(學測),1.00,公民與社會(分科),1.00,數學B(學測),1.00,17,254.00,英文(學測),45,,,,,,37,,,,,英文→社會→國文→公民與社會→數學B,11,6,17,12,5,0,0,17
2221,國立中正大學,傳播學系,公民與社會(分科),1.00,歷史(分科),1.00,英文(學測),1.00,國文(學測),1.00,,,29,175.00,公民與社會(分科),51,187.65,,,,,37,,,,,公民與社會→歷史→英文→國文,12,15,27,7,20,2,0,29
2222,國立中正大學,經濟學系,數學乙(分科),2.00,英文(學測),2.00,公民與社會(分科),1.50,國文(學測),1.00,,,29,294.00,數學乙(分科),54,,,,,,37,英文(均標),,,,數學乙→英文→公民與社會→國文,20,9,29,8,21,0,0,29
2223,國立中正大學,財務金融學系,數學乙(分科),2.00,英文(學測),2.00,國文(學測),1.00,,,,,37,238.00,,,,,,,,37,國文(均標),英文(前標),,,數學乙→英文→國文,23,14,37,20,17,0,0,37
2224,國立中正大學,企業管理學系,英文(學測),2.00,國文(學測),1.50,地理(分科),1.00,數學乙(分科),2.00,,,35,291.50,,,,,,,,37,,,,,英文→國文→地理→數學乙,25,10,35,10,25,0,0,35
2225,國立中正大學,會計與資訊科技學系甲組,英文(學測),2.00,數學A(學測),2.00,國文(學測),1.50,物理(分科),1.00,,,2,302.00,英文(學測),50,,,,,,37,,,,,英文→數學A→國文→物理,2,0,2,1,1,0,0,2
2226,國立中正大學,會計與資訊科技學系乙組,英文(學測),2.00,數學B(學測),2.00,國文(學測),1.50,公民與社會(分科),1.00,,,18,291.00,,,,,,,,37,,,,,英文→數學B→國文→公民與社會,17,1,18,6,12,0,0,18
2227,國立中正大學,法律學系法學組,英文(學測),1.50,國文(學測),1.50,公民與社會(分科),1.00,歷史(分科),1.00,數學乙(分科),1.00,18,274.00,,,,,,,,37,,,,,英文→國文→公民與社會→歷史→數學乙,13,5,18,7,11,0,0,18
2230,國立中正大學,法律學系法制組,英文(學測),1.50,國文(學測),1.50,公民與社會(分科),1.00,歷史(分科),1.00,數學乙(分科),1.00,18,272.50,英文(學測),47,,,,,,37,,,,,英文→國文→公民與社會→歷史→數學乙,12,6,18,5,13,0,0,18
2231,國立中正大學,財經法律學系,國文(學測),1.50,英文(學測),1.50,公民與社會(分科),1.00,歷史(分科),1.00,數學乙(分科),1.00,26,276.00,國文(學測),48,,,,,,37,,,,,國文→英文→公民與社會→歷史→數學乙,11,15,26,9,17,0,0,26
2232,國立中正大學,成人及繼續教育學系,英文(學測),1.50,國文(學測),1.00,公民與社會(分科),1.50,數學B(學測),1.00,,,12,196.00,英文(學測),37,,,,,,37,,,,,英文→國文→公民與社會→數學B,9,3,12,9,3,0,0,12
2233,國立中正大學,犯罪防治學系,英文(學測),1.50,國文(學測),1.25,公民與社會(分科),1.50,數學B(學測),1.00,,,23,228.00,,,230.35,,,,,37,,,,,英文→國文→公民與社會→數學B,16,6,22,8,14,0,1,23
2234,國立中正大學,紫荊不分系學士學位學程甲組,地理(分科),1.50,國文(學測),1.00,英文(學測),1.00,,,,,10,162.00,,,,,,,,37,,,,,地理→國文→英文,4,6,10,4,6,0,0,10
2235,國立中正大學,紫荊不分系學士學位學程乙組,數學乙(分科),1.50,國文(學測),1.00,英文(學測),1.00,,,,,10,168.00,,,,,,,,37,,,,,數學乙→國文→英文,4,6,10,6,4,0,0,10
2236,國立中正大學,數學系,數學甲(分科),2.00,英文(學測),1.25,物理(分科),1.00,,,,,19,173.75,,,,,,,,37,,,,,數學甲→英文→物理,13,6,19,16,3,0,0,19
2237,國立中正大學,物理學系,物理(分科),1.50,數學甲(分科),1.50,英文(學測),1.25,化學(分科),1.00,國文(學測),1.00,17,272.50,,,277.70,,,,,37,,,,,物理→數學甲→英文→化學→國文,12,4,16,13,3,1,0,17
2240,國立中正大學,化學暨生物化學系,化學(分科),2.00,物理(分科),1.00,數學甲(分科),1.25,英文(學測),1.25,國文(學測),1.00,13,284.00,化學(分科),47,,,,,,37,,,,,化學→物理→數學甲→英文→國文,10,3,13,8,5,0,0,13
2241,國立中正大學,地球與環境科學系,數學甲(分科),1.50,物理(分科),1.50,化學(分科),1.50,英文(學測),1.00,國文(學測),1.00,15,261.50,數學甲(分科),38,,,,,,37,,,,,數學甲→物理→化學→英文→國文,15,0,15,10,5,0,0,15
2242,國立中正大學,資訊工程學系,數學甲(分科),1.25,英文(學測),1.50,物理(分科),1.00,化學(分科),1.00,國文(學測),1.00,45,265.00,,,,,,,,37,,,,,數學甲→英文→物理→化學→國文,20,25,45,31,14,0,0,45
2243,國立中正大學,電機工程學系甲組,數學甲(分科),1.00,物理(分科),1.00,英文(學測),1.00,化學(分科),1.00,國文(學測),1.00,3,251.00,,,,,,,,37,,,,,數學甲→物理→英文→化學→國文,3,0,3,1,2,0,0,3
2244,國立中正大學,電機工程學系乙組,數學甲(分科),1.00,物理(分科),1.00,英文(學測),1.00,化學(分科),1.00,國文(學測),1.00,31,240.00,數學甲(分科),39,,,,,,37,,,,,數學甲→物理→英文→化學→國文,15,16,31,26,5,0,0,31
2245,國立中正大學,機械工程學系機械工程組,物理(分科),2.00,數學甲(分科),2.00,英文(學測),1.00,,,,,33,214.00,物理(分科),50,,,,,,37,,,,,物理→數學甲→英文,17,16,33,31,2,0,0,33
2246,國立中正大學,機械工程學系光機電整合工程組,物理(分科),2.00,數學甲(分科),2.00,英文(學測),1.00,,,,,17,219.00,物理(分科),53,,,,,,37,,,,,物理→數學甲→英文,9,8,17,17,0,0,0,17
2247,國立中正大學,機械工程國際學士學位學程,物理(分科),2.00,數學甲(分科),1.50,英文(學測),2.00,,,,,6,247.50,物理(分科),47,,,,,,37,,,,,物理→數學甲→英文,5,1,6,6,0,0,0,6
2250,國立中正大學,化學工程學系,數學甲(分科),1.00,物理(分科),1.00,化學(分科),1.00,英文(學測),1.00,國文(學測),1.00,23,222.00,數學甲(分科),33,,,,,,37,,,,,數學甲→物理→化學→英文→國文,19,4,23,14,9,0,0,23
2251,國立中正大學,通訊工程學系,數學甲(分科),1.00,物理(分科),1.00,英文(學測),1.00,化學(分科),1.00,國文(學測),1.00,20,229.00,數學甲(分科),48,233.55,,,,,37,,,,,數學甲→物理→英文→化學→國文,11,8,19,13,6,1,0,20
2252,國立中正大學,資訊管理學系,數學甲(分科),2.00,英文(學測),2.00,國文(學測),1.00,物理(分科),1.00,化學(分科),1.00,23,299.00,數學甲(分科),50,,,,,,37,,,,,數學甲→英文→國文→物理→化學,18,5,23,19,4,0,0,23
2253,國立中正大學,心理學系,英文(學測),1.50,數學甲(分科),1.50,生物(分科),1.25,國文(學測),1.00,,,22,231.00,,,,,,,,37,,,,,英文→數學甲→生物→國文,15,7,22,8,14,0,0,22
2254,國立中正大學,生物醫學科學系,英文(學測),1.25,化學(分科),1.50,生物(分科),1.50,國文(學測),1.00,數學甲(分科),1.00,21,259.25,,,,,,,,37,英文(均標),自然(均標),,,英文→化學→生物→國文→數學甲,16,5,21,12,9,0,0,21
2255,國立中正大學,運動競技學系,英文(學測),2.00,國文(學測),2.00,生物(分科),1.50,,,,,4,230.00,,,,,,,,37,,,,,英文→國文→生物,1,3,4,2,2,0,0,4
2256,大葉大學,機械與自動化工程學系,數學甲(分科),1.75,國文(學測),2.00,英文(學測),2.00,,,,,25,101.75,,,,,,,,37,,,,,數學甲→國文→英文,7,18,25,23,2,0,0,25
2257,大葉大學,電機工程學系(半導體與光電組),數學甲(分科),2.00,物理(分科),2.00,英文(學測),1.75,,,,,11,106.75,,,,,,,,37,,,,,數學甲→物理→英文,4,7,11,9,2,0,0,11
2260,大葉大學,電機工程學系(智慧系統組),數學甲(分科),2.00,物理(分科),2.00,國文(學測),1.75,,,,,15,114.25,,,,,,,,38,,,,,數學甲→物理→國文,4,11,15,11,4,0,0,15
2261,大葉大學,半導體學士學位學程(半導體設備組),數學甲(分科),2.00,物理(分科),2.00,英文(學測),1.75,,,,,11,78.75,,,,,,,,38,,,,,數學甲→物理→英文,2,9,11,10,1,0,0,11
2262,大葉大學,半導體學士學位學程(半導體製程組),數學甲(分科),2.00,物理(分科),2.00,國文(學測),1.75,,,,,15,84.50,,,,,,,,38,,,,,數學甲→物理→國文,2,13,15,13,2,0,0,15
2263,大葉大學,資訊工程學系,數學甲(分科),1.75,國文(學測),2.00,英文(學測),2.00,,,,,22,103.75,,,114.00,,,,,38,,,,,數學甲→國文→英文,7,14,21,19,2,1,0,22
2264,大葉大學,環境與安全工程學系,國文(學測),2.00,英文(學測),2.00,化學(分科),1.75,,,,,17,80.00,,,,,,,,38,,,,,國文→英文→化學,4,16,20,17,0,0,0,17
2265,大葉大學,企業管理學系,國文(學測),2.00,公民與社會(分科),2.00,英文(學測),1.75,,,,,2,99.25,,,,,,,,38,,,,,國文→公民與社會→英文,1,2,3,2,0,0,0,2
2266,大葉大學,會計與資訊管理學系(人工智慧科技管理組),國文(學測),2.00,英文(學測),1.75,物理(分科),1.00,,,,,7,83.25,,,,,,,,38,,,,,國文→英文→物理,1,10,11,5,2,0,0,7
2267,大葉大學,會計與資訊管理學系(會計暨投資理財組),國文(學測),2.00,公民與社會(分科),2.00,英文(學測),1.00,,,,,2,123.00,,,,,,,,38,,,,,國文→公民與社會→英文,1,2,3,2,0,0,0,2
2270,大葉大學,財務金融學系(智慧投資組),國文(學測),2.00,公民與社會(分科),2.00,英文(學測),1.00,,,,,4,100.00,,,,,,,,38,,,,,國文→公民與社會→英文,1,3,4,4,0,0,0,4
2271,大葉大學,財務金融學系(AI金融組),國文(學測),2.00,英文(學測),2.00,物理(分科),1.75,,,,,3,85.75,,,,,,,,38,,,,,國文→英文→物理,1,6,7,3,0,0,0,3
2272,大葉大學,設計學系,國文(學測),2.00,歷史(分科),2.00,英文(學測),1.00,,,,,3,98.00,,,,,,,,38,,,,,國文→歷史→英文,1,8,9,2,1,0,0,3
2273,大葉大學,多媒體數位內容學士學位學程(動畫與影視特效組),國文(學測),2.00,歷史(分科),1.75,地理(分科),2.00,,,,,4,118.50,,,,,,,,38,,,,,國文→歷史→地理,1,7,8,3,1,0,0,4
2274,大葉大學,多媒體數位內容學士學位學程(遊戲與人工智慧應用組),地理(分科),2.00,歷史(分科),2.00,英文(學測),1.75,,,,,8,99.75,,,,,,,,38,,,,,地理→歷史→英文,1,7,8,8,0,0,0,8
2275,大葉大學,多媒體數位內容學士學位學程(動漫美術與模型製作組),國文(學測),2.00,英文(學測),1.75,歷史(分科),2.00,,,,,3,118.00,,,,,,,,38,,,,,國文→英文→歷史,1,5,6,2,1,0,0,3
2276,大葉大學,多媒體數位內容學士學位學程(漫畫創作組),國文(學測),2.00,英文(學測),1.75,地理(分科),2.00,,,,,1,146.25,,,,,,,,38,,,,,國文→英文→地理,2,2,4,1,0,0,0,1
2277,大葉大學,空間設計學系(建築組),英文(學測),1.00,國文(學測),2.00,地理(分科),2.00,,,,,2,105.00,,,,,,,,38,,,,,英文→國文→地理,1,11,12,2,0,0,0,2
2300,大葉大學,空間設計學系(室內設計組),英文(學測),1.00,國文(學測),2.00,地理(分科),2.00,,,,,1,109.00,,,,,,,,38,,,,,英文→國文→地理,1,10,11,0,1,0,0,1
2301,大葉大學,造形藝術學系,國文(學測),2.00,歷史(分科),2.00,英文(學測),1.75,,,,,0,,,,,,,,,38,,,,,國文→歷史→英文,2,9,11,0,0,0,0,0
2302,大葉大學,應用日語學系(觀光旅遊組),國文(學測),2.00,公民與社會(分科),2.00,英文(學測),1.00,,,,,2,110.00,,,,,,,,38,,,,,國文→公民與社會→英文,1,4,5,1,1,0,0,2
2303,大葉大學,應用日語學系(AI商務應用組),國文(學測),2.00,歷史(分科),2.00,英文(學測),1.00,,,,,2,94.00,,,,,,,,38,,,,,國文→歷史→英文,2,2,4,2,0,0,0,2
2304,大葉大學,生物醫學系(檢驗醫學組),數學乙(分科),1.75,國文(學測),2.00,英文(學測),2.00,,,,,7,88.25,,,,,,,,38,,,,,數學乙→國文→英文,4,5,9,4,3,0,0,7
2305,大葉大學,生物醫學系(生物醫藥組),生物(分科),1.75,國文(學測),2.00,英文(學測),2.00,,,,,8,131.25,,,,,,,,38,,,,,生物→國文→英文,3,5,8,1,7,0,0,8
2306,大葉大學,藥用植物與食品保健學系(藥粧保健組),生物(分科),2.00,國文(學測),1.75,英文(學測),2.00,,,,,8,96.75,,,,,,,,38,,,,,生物→國文→英文,2,6,8,3,5,0,0,8
2307,大葉大學,藥用植物與食品保健學系(食藥生技組),化學(分科),1.75,國文(學測),2.00,英文(學測),1.75,,,,,7,99.25,,,,,,,,38,,,,,化學→國文→英文,2,5,7,4,3,0,0,7
2310,大葉大學,餐旅管理學系,英文(學測),1.75,國文(學測),2.00,地理(分科),2.00,,,,,1,118.75,,,,,,,,38,,,,,英文→國文→地理,1,5,6,1,0,0,0,1
2311,大葉大學,觀光休閒學系,國文(學測),2.00,公民與社會(分科),2.00,歷史(分科),1.75,,,,,1,124.00,,,,,,,,38,,,,,國文→公民與社會→歷史,1,11,12,0,1,0,0,1
2312,大葉大學,烘焙暨飲料調製學士學位學程,國文(學測),2.00,地理(分科),2.00,英文(學測),1.75,,,,,0,,,,,,,,,38,,,,,國文→地理→英文,1,8,9,0,0,0,0,0
2313,大葉大學,護理學系,英文(學測),2.00,國文(學測),2.00,生物(分科),1.75,,,,,11,88.75,,,,,,,,38,,,,,英文→國文→生物,4,26,30,4,7,0,0,11
2314,大葉大學,運動健康管理學系,國文(學測),2.00,公民與社會(分科),2.00,英文(學測),1.75,,,,,7,102.50,,,,,,,,38,,,,,國文→公民與社會→英文,2,12,14,5,2,0,0,7
2315,大葉大學,視光學系,英文(學測),2.00,國文(學測),2.00,數學乙(分科),1.75,,,,,10,74.00,,,,,,,,38,,,,,英文→國文→數學乙,7,6,13,8,2,0,0,10
2316,大葉大學,醫學工程學系,數學甲(分科),2.00,物理(分科),2.00,英文(學測),1.75,,,,,6,98.00,,,,,,,,39,,,,,數學甲→物理→英文,2,4,6,5,1,0,0,6
2317,大葉大學,醫學工程學系(智慧醫療組),英文(學測),2.00,國文(學測),2.00,化學(分科),1.75,,,,,6,113.25,,,,,,,,39,,,,,英文→國文→化學,1,5,6,6,0,0,0,6
2320,大葉大學,職能治療學系A組,英文(學測),2.00,國文(學測),2.00,生物(分科),1.75,,,,,9,183.00,,,,,,,,39,,,,,英文→國文→生物,2,7,9,3,6,0,0,9
2321,大葉大學,職能治療學系B組,英文(學測),2.00,國文(學測),2.00,公民與社會(分科),1.75,,,,,4,130.00,,,,,,,,39,,,,,英文→國文→公民與社會,2,2,4,3,1,0,0,4
2322,中華大學,電機工程學系,數學甲(分科),2.00,國文(學測),2.00,英文(學測),1.00,,,,,65,100.00,,,,,,,,39,,,,,數學甲→國文→英文,12,53,65,53,12,0,0,65
2323,中華大學,資訊工程學系,國文(學測),2.00,英文(學測),2.00,數學乙(分科),1.00,,,,,25,63.00,,,,,,,,39,,,,,國文→英文→數學乙,22,48,70,20,5,0,0,25
2324,中華大學,光電與材料工程學系(人工智慧應用組),物理(分科),2.00,國文(學測),2.00,英文(學測),1.75,,,,,4,131.25,,,,,,,,39,,,,,物理→國文→英文,4,0,4,3,1,0,0,4
2325,中華大學,光電與材料工程學系(生醫光電組),生物(分科),2.00,國文(學測),2.00,英文(學測),1.75,,,,,3,143.75,,,,,,,,39,,,,,生物→國文→英文,3,0,3,1,2,0,0,3
2326,中華大學,光電與材料工程學系(半導體組),化學(分科),2.00,國文(學測),2.00,英文(學測),1.75,,,,,37,100.00,,,,,,,,39,,,,,化學→國文→英文,3,34,37,31,6,0,0,37
2327,中華大學,工業管理學系(半導體產業組),物理(分科),2.00,化學(分科),2.00,公民與社會(分科),1.75,,,,,11,72.75,,,,,,,,39,,,,,物理→化學→公民與社會,3,12,15,7,4,0,0,11
2330,中華大學,工業管理學系(人工智慧應用組),歷史(分科),2.00,地理(分科),2.00,公民與社會(分科),1.75,,,,,9,125.50,,,,,,,,39,,,,,歷史→地理→公民與社會,2,9,11,7,2,0,0,9
2331,中華大學,資訊管理學系(人工智慧應用與資訊系統設計組),物理(分科),2.00,化學(分科),2.00,英文(學測),1.75,,,,,23,56.75,,,,,,,,39,,,,,物理→化學→英文,3,20,23,21,2,0,0,23
2332,中華大學,資訊管理學系(智慧商務與資訊管理應用組),歷史(分科),2.00,地理(分科),2.00,公民與社會(分科),1.75,,,,,5,122.75,,,,,,,,39,,,,,歷史→地理→公民與社會,3,9,12,5,0,0,0,5
2333,中華大學,企業管理學系企業管理組,地理(分科),2.00,公民與社會(分科),2.00,歷史(分科),1.75,,,,,6,132.50,,,,,,,,39,,,,,地理→公民與社會→歷史,5,5,10,2,4,0,0,6
2334,中華大學,企業管理學系智慧運輸與物流組,地理(分科),2.00,歷史(分科),2.00,公民與社會(分科),1.75,,,,,5,113.00,,,,,,,,39,,,,,地理→歷史→公民與社會,2,8,10,4,1,0,0,5
2335,中華大學,企業管理學系財務管理組,公民與社會(分科),2.00,國文(學測),2.00,歷史(分科),1.00,,,,,3,121.00,,,,,,,,39,,,,,公民與社會→國文→歷史,4,6,10,2,1,0,0,3
2336,中華大學,建築與都市計畫學系(第一類組),公民與社會(分科),2.00,歷史(分科),1.00,地理(分科),2.00,,,,,10,93.00,,,,,,,,39,,,,,公民與社會→歷史→地理,4,16,20,6,4,0,0,10
2337,中華大學,建築與都市計畫學系(第二類組),物理(分科),1.75,國文(學測),2.00,自然(學測),2.00,,,,,14,97.75,,,,,,,,39,,,,,物理→國文→自然,5,14,19,11,3,0,0,14
2340,中華大學,土木工程學系,物理(分科),2.00,國文(學測),2.00,英文(學測),1.75,,,,,36,87.00,,,,,,,,39,,,,,物理→國文→英文,9,27,36,27,9,0,0,36
2341,中華大學,應用日語學系,國文(學測),1.00,地理(分科),1.50,歷史(分科),1.50,,,,,5,78.50,,,,,,,,39,,,,,國文→地理→歷史,3,12,15,4,1,0,0,5
2342,中華大學,應用外語暨智慧商務學士學位學程,國文(學測),2.00,公民與社會(分科),2.00,英文(學測),1.50,,,,,1,113.50,,,,,,,,39,,,,,國文→公民與社會→英文,5,3,8,0,1,0,0,1
2343,中華大學,觀光學院學士班,公民與社會(分科),2.00,國文(學測),2.00,社會(學測),1.00,,,,,2,115.00,,,,,,,,39,,,,,公民與社會→國文→社會,3,14,17,2,0,0,0,2
2344,義守大學,電機工程學系,數學甲(分科),2.00,國文(學測),2.00,英文(學測),1.50,,,,,40,155.50,數學甲(分科),23,,,,,,39,,,,,數學甲→國文→英文,20,20,40,36,4,0,0,40
2345,義守大學,電子工程學系光電半導體組,數學乙(分科),2.00,國文(學測),2.00,英文(學測),1.50,,,,,20,133.00,數學乙(分科),26,,,,,,39,,,,,數學乙→國文→英文,6,14,20,18,2,0,0,20
2346,義守大學,電子工程學系電子智慧系統組,數學甲(分科),2.00,國文(學測),2.00,英文(學測),1.50,,,,,11,149.50,,,,,,,,39,,,,,數學甲→國文→英文,3,8,11,10,1,0,0,11
2347,義守大學,資訊工程學系資訊工程組,數學甲(分科),2.00,國文(學測),2.00,英文(學測),1.50,,,,,45,138.00,,,,,,,,39,,,,,數學甲→國文→英文,9,36,45,37,8,0,0,45
2350,義守大學,資訊工程學系資訊應用組,英文(學測),2.00,國文(學測),2.00,數學乙(分科),1.50,,,,,20,122.00,英文(學測),21,,,,,,39,,,,,英文→國文→數學乙,9,11,20,16,4,0,0,20
2351,義守大學,機械與自動化工程學系,物理(分科),2.00,國文(學測),2.00,英文(學測),1.50,,,,,31,139.50,物理(分科),20,,,,,,39,,,,,物理→國文→英文,10,21,31,30,1,0,0,31
2352,義守大學,化學工程學系甲組,化學(分科),2.00,國文(學測),2.00,英文(學測),1.75,,,,,43,148.50,,,,,,,,39,,,,,化學→國文→英文,5,38,43,25,18,0,0,43
2353,義守大學,化學工程學系乙組,生物(分科),2.00,國文(學測),2.00,英文(學測),1.75,,,,,5,167.25,,,,,,,,39,,,,,生物→國文→英文,5,0,5,2,3,0,0,5
2354,義守大學,土木工程學系,物理(分科),2.00,國文(學測),2.00,數學甲(分科),1.75,,,,,27,132.75,,,,,,,,39,,,,,物理→國文→數學甲,6,21,27,25,2,0,0,27
2355,義守大學,材料科學與工程學系甲組,英文(學測),2.00,國文(學測),2.00,數學甲(分科),1.75,,,,,21,149.75,,,,,,,,39,,,,,英文→國文→數學甲,9,12,21,14,7,0,0,21
2356,義守大學,材料科學與工程學系乙組,英文(學測),2.00,國文(學測),2.00,化學(分科),1.75,,,,,10,155.75,,,,,,,,40,,,,,英文→國文→化學,3,7,10,6,4,0,0,10
2357,義守大學,智慧科技英語學士學位學程,英文(學測),2.00,國文(學測),2.00,物理(分科),1.75,,,,,8,126.00,,,,,,,,40,,,,,英文→國文→物理,1,7,8,5,3,0,0,8
2360,義守大學,半導體學士學位學程,物理(分科),2.00,國文(學測),1.50,英文(學測),1.50,,,,,24,118.50,物理(分科),21,,,,,,40,,,,,物理→國文→英文,9,15,24,20,4,0,0,24
2361,義守大學,資訊管理學系,國文(學測),2.00,歷史(分科),2.00,英文(學測),1.00,,,,,20,94.00,,,,,,,,40,,,,,國文→歷史→英文,7,20,27,17,3,0,0,20
2362,義守大學,企業管理學系,國文(學測),2.00,歷史(分科),2.00,英文(學測),1.00,,,,,14,95.00,,,,,,,,40,,,,,國文→歷史→英文,4,20,24,7,7,0,0,14
2363,義守大學,財務金融管理學系,國文(學測),1.50,歷史(分科),1.00,英文(學測),1.00,數學B(學測),1.00,,,22,88.00,,,,,,,,40,,,,,國文→歷史→英文→數學B,6,16,22,13,9,0,0,22
2364,義守大學,會計學系,國文(學測),2.00,英文(學測),1.25,地理(分科),2.00,,,,,13,93.25,,,,,,,,40,,,,,國文→英文→地理,4,16,20,8,5,0,0,13
2365,義守大學,國際商務學系,英文(學測),2.00,國文(學測),1.50,歷史(分科),1.50,,,,,5,88.00,,,,,,,,40,,,,,英文→國文→歷史,4,19,23,2,3,0,0,5
2366,義守大學,醫務管理學系,國文(學測),2.00,公民與社會(分科),2.00,英文(學測),1.50,,,,,30,119.00,國文(學測),28,,,,,,40,,,,,國文→公民與社會→英文,10,20,30,8,22,0,0,30
2367,義守大學,餐旅管理學系,國文(學測),2.00,社會(學測),2.00,歷史(分科),1.75,,,,,10,128.75,,,,,,,,40,,,,,國文→社會→歷史,4,20,24,7,3,0,0,10
2370,義守大學,廚藝暨美食學學系,國文(學測),2.00,社會(學測),1.50,歷史(分科),1.50,,,,,7,116.00,,,,,,,,40,,,,,國文→社會→歷史,5,23,28,5,2,0,0,7
2371,義守大學,國際企業經營英語學士學位學程(國際學院),英文(學測),2.00,國文(學測),2.00,歷史(分科),1.00,,,,,3,91.00,,,,,,,,40,,,,,英文→國文→歷史,1,9,10,0,3,0,0,3
2372,義守大學,財務與商業分析英語學士學位學程(國際學院),英文(學測),2.00,國文(學測),1.00,歷史(分科),1.00,,,,,4,62.00,,,,,,,,40,,,,,英文→國文→歷史,1,8,9,2,2,0,0,4
2373,義守大學,智慧觀光餐旅管理英語學士學位學程(國際學院),英文(學測),2.00,公民與社會(分科),1.75,國文(學測),1.00,,,,,0,,,,,,,,,40,,,,,英文→公民與社會→國文,1,7,8,0,0,0,0,0
2374,義守大學,國際傳媒與娛樂管理英語學士學位學程(國際學院),英文(學測),2.00,歷史(分科),2.00,國文(學測),1.00,,,,,1,103.00,,,,,,,,40,,,,,英文→歷史→國文,1,9,10,0,1,0,0,1
2375,義守大學,應用日語學系,國文(學測),2.00,歷史(分科),2.00,英文(學測),1.00,,,,,16,99.00,,,,,,,,40,,,,,國文→歷史→英文,5,19,24,4,12,0,0,16
2376,義守大學,大眾傳播學系,國文(學測),2.00,社會(學測),2.00,歷史(分科),1.75,,,,,10,124.25,,,,,,,,40,,,,,國文→社會→歷史,4,21,25,4,6,0,0,10
2377,義守大學,電影與電視學系,國文(學測),2.00,社會(學測),2.00,公民與社會(分科),1.75,,,,,9,141.25,,,,,,,,40,,,,,國文→社會→公民與社會,4,14,18,3,6,0,0,9
2400,義守大學,視覺藝術與設計學系,國文(學測),2.00,地理(分科),2.00,歷史(分科),1.00,,,,,3,143.00,,,,,,,,40,,,,,國文→地理→歷史,4,26,30,0,3,0,0,3
2401,義守大學,營養學系,生物(分科),2.00,國文(學測),2.00,英文(學測),1.00,,,,,23,157.00,生物(分科),36,,,,,,40,,,,,生物→國文→英文,9,14,23,5,18,0,0,23
2402,義守大學,生物醫學工程學系,國文(學測),2.00,化學(分科),2.00,物理(分科),1.75,,,,,21,156.00,,,,,,,,40,,,,,國文→化學→物理,11,10,21,12,9,0,0,21
2403,義守大學,醫學科學與生物科技學系醫藥組,國文(學測),2.00,化學(分科),2.00,英文(學測),1.75,,,,,13,168.50,,,,,,,,40,,,,,國文→化學→英文,4,9,13,6,7,0,0,13
2404,義守大學,醫學科學與生物科技學系生技組,國文(學測),2.00,生物(分科),2.00,英文(學測),1.50,,,,,13,169.50,,,,,,,,40,,,,,國文→生物→英文,4,9,13,6,7,0,0,13
2405,義守大學,護理學系,英文(學測),1.75,國文(學測),2.00,生物(分科),2.00,,,,,68,148.25,,,167.30,,,,,40,,,,,英文→國文→生物,14,53,67,10,57,0,1,68
2406,義守大學,醫學影像暨放射科學系,自然(學測),2.00,生物(分科),2.00,國文(學測),2.00,數學甲(分科),1.00,,,24,236.00,自然(學測),39,,,,,,40,,,,,自然→生物→國文→數學甲,13,11,24,8,16,0,0,24
2407,義守大學,物理治療學系,生物(分科),2.00,英文(學測),2.00,國文(學測),1.50,物理(分科),1.00,數學A(學測),1.00,11,306.50,,,,,,,,40,,,,,生物→英文→國文→物理→數學A,10,1,11,8,3,0,0,11
2410,義守大學,職能治療學系,英文(學測),2.00,生物(分科),2.00,國文(學測),1.75,數學甲(分科),1.00,,,15,249.75,,,,,,,,40,,,,,英文→生物→國文→數學甲,11,4,15,8,7,0,0,15
2411,義守大學,醫學檢驗技術學系,生物(分科),2.00,化學(分科),2.00,英文(學測),2.00,國文(學測),1.00,,,21,233.00,,,236.25,,,,,40,,,,,生物→化學→英文→國文,12,8,20,9,11,1,0,21
2412,義守大學,醫學系(公費生),英文(學測),1.50,生物(分科),1.50,化學(分科),1.00,物理(分科),1.00,數學甲(分科),1.00,3,319.00,英文(學測),55,,,,,,40,,,,,英文→生物→化學→物理→數學甲,3,0,3,3,0,0,0,3
2413,銘傳大學,企業管理學系品牌行銷組(台北校區),國文(學測),2.00,英文(學測),1.00,歷史(分科),2.00,,,,,41,138.00,國文(學測),34,165.65,,,,,40,,,,,國文→英文→歷史,5,35,40,16,24,0,1,41
2414,銘傳大學,企業管理學系企業管理組(台北校區),國文(學測),2.00,英文(學測),1.00,公民與社會(分科),2.00,,,,,30,140.00,,,,,,,,40,,,,,國文→英文→公民與社會,2,28,30,17,13,0,0,30
2415,銘傳大學,企業管理學系數位經營組(台北校區),國文(學測),1.00,數學B(學測),1.00,公民與社會(分科),1.00,,,,,16,76.00,國文(學測),31,,,,,,41,,,,,國文→數學B→公民與社會,3,13,16,7,9,0,0,16
2416,銘傳大學,企業管理學系人工智慧應用組(台北校區),國文(學測),2.00,英文(學測),1.00,物理(分科),1.00,,,,,8,114.00,國文(學測),43,,,,,,41,,,,,國文→英文→物理,5,3,8,4,4,0,0,8
2417,銘傳大學,會計學系會計審計組(台北校區),公民與社會(分科),2.00,國文(學測),1.00,社會(學測),1.00,,,,,30,122.00,公民與社會(分科),30,124.10,,,,,41,,,,,公民與社會→國文→社會,5,24,29,12,17,1,0,30
2420,銘傳大學,會計學系稅務規劃組(台北校區),公民與社會(分科),2.00,國文(學測),1.00,歷史(分科),1.00,,,,,12,130.00,公民與社會(分科),35,,,,,,41,,,,,公民與社會→國文→歷史,5,7,12,6,6,0,0,12
2421,銘傳大學,會計學系智慧永續組(台北校區),化學(分科),1.00,國文(學測),1.50,英文(學測),1.00,,,,,5,96.50,化學(分科),29,,,,,,41,,,,,化學→國文→英文,5,0,5,2,3,0,0,5
2422,銘傳大學,財務金融學系甲組(台北校區),數學B(學測),2.00,國文(學測),1.00,公民與社會(分科),1.00,,,,,19,113.00,,,,,,,,41,,,,,數學B→國文→公民與社會,6,13,19,11,8,0,0,19
2423,銘傳大學,財務金融學系乙組(台北校區),國文(學測),2.00,英文(學測),1.00,公民與社會(分科),1.00,,,,,12,129.00,,,,,,,,41,,,,,國文→英文→公民與社會,4,8,12,7,5,0,0,12
2424,銘傳大學,財務金融學系丙組(台北校區),地理(分科),1.00,國文(學測),2.00,社會(學測),1.00,,,,,3,155.00,地理(分科),47,,,,,,41,,,,,地理→國文→社會,3,0,3,0,3,0,0,3
2425,銘傳大學,財務金融學系丁組(台北校區),物理(分科),1.00,國文(學測),2.00,英文(學測),1.00,,,,,2,131.00,,,,,,,,41,,,,,物理→國文→英文,2,0,2,2,0,0,0,2
2426,銘傳大學,資訊應用與金融保險學系金融組(台北校區),國文(學測),2.00,公民與社會(分科),1.25,社會(學測),1.00,,,,,9,134.75,,,,,,,,41,,,,,國文→公民與社會→社會,5,4,9,5,4,0,0,9
2427,銘傳大學,資訊應用與金融保險學系資訊組(台北校區),物理(分科),1.00,國文(學測),2.00,英文(學測),1.00,,,,,10,114.00,物理(分科),17,,,,,,41,,,,,物理→國文→英文,4,6,10,6,4,0,0,10
2430,銘傳大學,國際企業學系跨境電商經營組(台北校區),公民與社會(分科),1.50,歷史(分科),1.25,英文(學測),1.00,,,,,18,100.50,公民與社會(分科),29,,,,,,41,,,,,公民與社會→歷史→英文,5,13,18,13,5,0,0,18
2431,銘傳大學,國際企業學系外貿行銷管理組(台北校區),英文(學測),1.25,國文(學測),1.00,歷史(分科),1.00,,,,,15,86.00,,,,,,,,41,,,,,英文→國文→歷史,5,10,15,7,8,0,0,15
2432,銘傳大學,國際企業學系智慧管理組(台北校區),國文(學測),1.50,英文(學測),1.00,物理(分科),1.00,,,,,5,99.50,,,,,,,,41,,,,,國文→英文→物理,5,0,5,1,4,0,0,5
2433,銘傳大學,新媒體暨傳播管理學系(台北校區),國文(學測),2.00,英文(學測),2.00,歷史(分科),1.00,,,,,28,124.00,,,,,,,,41,,,,,國文→英文→歷史,13,15,28,4,24,0,0,28
2434,銘傳大學,廣播電視學系(台北校區),國文(學測),1.00,社會(學測),1.00,歷史(分科),1.00,,,,,34,92.00,,,,,,,,41,,,,,國文→社會→歷史,15,19,34,8,26,0,0,34
2435,銘傳大學,廣告暨策略行銷學系(台北校區),國文(學測),1.00,歷史(分科),2.00,公民與社會(分科),2.00,,,,,33,149.00,,,,,,,,41,,,,,國文→歷史→公民與社會,17,16,33,9,24,0,0,33
2436,銘傳大學,影音新聞暨社群傳播學系(台北校區),國文(學測),2.00,公民與社會(分科),1.50,歷史(分科),1.00,,,,,26,132.00,,,,,,,,41,,,,,國文→公民與社會→歷史,8,18,26,4,22,0,0,26
2437,銘傳大學,法律學系(台北校區),公民與社會(分科),2.00,國文(學測),1.25,英文(學測),1.00,,,,,74,134.75,,,156.10,,,,,41,,,,,公民與社會→國文→英文,44,29,73,34,39,1,0,74
2440,銘傳大學,財金法律學系(台北校區),國文(學測),2.00,英文(學測),2.00,公民與社會(分科),1.50,,,,,35,156.50,國文(學測),42,,,,,,41,,,,,國文→英文→公民與社會,19,16,35,17,18,0,0,35
2441,銘傳大學,國際企業與貿易學士學位學程(全英語授課．台北校區),英文(學測),2.00,公民與社會(分科),1.00,地理(分科),1.00,,,,,22,77.00,,,,,,,,41,,,,,英文→公民與社會→地理,10,12,22,18,4,0,0,22
2442,銘傳大學,新聞與大眾傳播學士學位學程(全英語授課．台北校區),英文(學測),2.00,公民與社會(分科),1.50,歷史(分科),1.00,,,,,5,93.50,英文(學測),21,,,,,,41,,,,,英文→公民與社會→歷史,3,2,5,1,4,0,0,5
2443,銘傳大學,時尚與創新管理學士學位學程(全英語授課．台北校區),國文(學測),1.00,英文(學測),2.00,公民與社會(分科),1.00,,,,,9,89.00,,,,,,,,41,,,,,國文→英文→公民與社會,2,7,9,2,7,0,0,9
2444,銘傳大學,國際事務與外交學士學位學程(全英語授課．桃園校區),英文(學測),2.00,公民與社會(分科),1.00,歷史(分科),1.00,,,,,8,72.00,英文(學測),15,,,,,,41,,,,,英文→公民與社會→歷史,1,7,8,2,6,0,0,8
2445,銘傳大學,資訊科技應用與管理學士學位學程(全英語授課．桃園校區),英文(學測),2.00,數學乙(分科),1.50,國文(學測),1.00,,,,,3,116.50,,,,,,,,41,,,,,英文→數學乙→國文,1,2,3,2,1,0,0,3
2446,銘傳大學,應用中文與華語文教學系文教傳播組(桃園校區),國文(學測),1.50,公民與社會(分科),1.00,歷史(分科),1.00,,,,,9,93.00,,,,,,,,41,,,,,國文→公民與社會→歷史,3,6,9,4,5,0,0,9
2447,銘傳大學,應用中文與華語文教學系語文創作組(桃園校區),國文(學測),1.50,歷史(分科),1.00,地理(分科),1.00,,,,,8,90.50,,,,,,,,41,,,,,國文→歷史→地理,4,4,8,5,3,0,0,8
2450,銘傳大學,應用英語學系(桃園校區),英文(學測),1.00,國文(學測),1.00,地理(分科),1.00,,,,,15,67.00,,,,,,,,42,,,,,英文→國文→地理,4,11,15,8,7,0,0,15
2451,銘傳大學,應用日語學系(桃園校區),歷史(分科),1.50,公民與社會(分科),1.50,國文(學測),1.00,,,,,38,117.50,,,,,,,,42,,,,,歷史→公民與社會→國文,16,22,38,19,19,0,0,38
2452,銘傳大學,商業設計學系(桃園校區),公民與社會(分科),2.00,國文(學測),2.00,英文(學測),1.00,,,,,31,130.00,公民與社會(分科),31,,,,,,42,,,,,公民與社會→國文→英文,12,19,31,10,21,0,0,31
2453,銘傳大學,商品設計學系人工智慧應用組(桃園校區),國文(學測),2.00,社會(學測),1.00,歷史(分科),1.00,,,,,14,120.00,國文(學測),30,,,,,,42,,,,,國文→社會→歷史,4,10,14,7,7,0,0,14
2454,銘傳大學,商品設計學系福祉生活設計組(桃園校區),國文(學測),2.00,社會(學測),1.00,公民與社會(分科),1.00,,,,,8,115.00,國文(學測),33,,,,,,42,,,,,國文→社會→公民與社會,3,5,8,2,6,0,0,8
2455,銘傳大學,商品設計學系產品行銷企劃組(桃園校區),國文(學測),2.00,英文(學測),1.00,公民與社會(分科),1.00,,,,,8,103.00,國文(學測),30,122.15,,,,,42,,,,,國文→英文→公民與社會,2,5,7,0,7,0,1,8
2456,銘傳大學,數位媒體設計學系遊戲互動與AI應用組(桃園校區),國文(學測),2.00,社會(學測),1.00,地理(分科),1.00,,,,,11,130.00,,,,,,,,42,,,,,國文→社會→地理,5,6,11,8,3,0,0,11
2457,銘傳大學,數位媒體設計學系動畫文創組(桃園校區),國文(學測),2.00,社會(學測),1.00,歷史(分科),1.00,,,,,11,139.00,國文(學測),31,,,,,,42,,,,,國文→社會→歷史,5,6,11,1,10,0,0,11
2460,銘傳大學,數位媒體設計學系影視創意組(桃園校區),國文(學測),2.00,社會(學測),1.00,公民與社會(分科),1.00,,,,,11,120.00,,,,,,,,42,,,,,國文→社會→公民與社會,5,6,11,5,6,0,0,11
2461,銘傳大學,建築學系(桃園校區),國文(學測),2.00,社會(學測),1.00,公民與社會(分科),1.00,,,,,17,132.00,,,,,,,,42,,,,,國文→社會→公民與社會,9,8,17,8,9,0,0,17
2462,銘傳大學,都市設計與永續發展學系(桃園校區),公民與社會(分科),2.00,國文(學測),1.50,英文(學測),1.00,,,,,11,113.00,,,114.00,,,,,42,,,,,公民與社會→國文→英文,9,1,10,4,6,1,0,11
2463,銘傳大學,觀光事業學系(桃園校區),國文(學測),1.00,地理(分科),1.00,社會(學測),1.00,,,,,7,92.00,國文(學測),30,,,,,,42,,,,,國文→地理→社會,6,1,7,2,5,0,0,7
2464,銘傳大學,休閒遊憩管理學系(桃園校區),公民與社會(分科),1.25,國文(學測),1.00,歷史(分科),1.00,,,,,16,94.75,,,96.45,,,,,42,,,,,公民與社會→國文→歷史,5,10,15,8,7,1,0,16
2465,銘傳大學,餐旅管理學系(桃園校區),公民與社會(分科),1.00,歷史(分科),1.00,國文(學測),1.00,,,,,29,80.00,,,,,,,,42,,,,,公民與社會→歷史→國文,6,23,29,12,17,0,0,29
2466,銘傳大學,犯罪防治學系(桃園校區),公民與社會(分科),2.00,國文(學測),2.00,英文(學測),1.00,,,,,73,141.00,公民與社會(分科),31,,,,,,42,,,,,公民與社會→國文→英文,36,37,73,21,52,0,0,73
2467,銘傳大學,公共事務與行政管理學系(桃園校區),公民與社會(分科),2.00,國文(學測),1.00,歷史(分科),1.00,,,,,29,115.00,公民與社會(分科),29,,,,,,42,,,,,公民與社會→國文→歷史,10,19,29,12,17,0,0,29
2470,銘傳大學,諮商臨床與工商心理學系(桃園校區),英文(學測),2.00,公民與社會(分科),2.00,社會(學測),2.00,數學乙(分科),1.00,國文(學測),1.00,45,198.00,,,,,,,,42,,,,,英文→公民與社會→社會→數學乙→國文,32,13,45,11,34,0,0,45
2471,銘傳大學,金融學系(桃園校區),公民與社會(分科),1.50,國文(學測),1.00,英文(學測),1.00,,,,,18,97.50,,,,,,,,42,,,,,公民與社會→國文→英文,9,9,18,14,4,0,0,18
2472,銘傳大學,金融科技應用學系(桃園校區),物理(分科),2.00,社會(學測),1.50,國文(學測),1.50,,,,,13,143.00,物理(分科),16,,,,,,42,,,,,物理→社會→國文,6,7,13,11,2,0,0,13
2473,銘傳大學,資訊管理學系人工智慧應用組(桃園校區),英文(學測),1.75,國文(學測),2.00,公民與社會(分科),1.75,,,,,11,171.75,,,,,,,,42,,,,,英文→國文→公民與社會,7,4,11,7,4,0,0,11
2474,銘傳大學,資訊管理學系巨量資料管理組(桃園校區),數學B(學測),1.75,國文(學測),2.00,公民與社會(分科),1.75,,,,,12,157.75,,,,,,,,42,,,,,數學B→國文→公民與社會,7,5,12,8,4,0,0,12
2475,銘傳大學,資訊管理學系電子商務管理組(桃園校區),英文(學測),1.75,國文(學測),2.00,歷史(分科),1.75,,,,,8,158.25,,,,,,,,42,,,,,英文→國文→歷史,4,4,8,8,0,0,0,8
2476,銘傳大學,人工智慧應用學系(桃園校區),國文(學測),2.00,英文(學測),1.00,數學乙(分科),1.50,,,,,36,127.00,,,,,,,,42,,,,,國文→英文→數學乙,31,5,36,27,9,0,0,36
2477,銘傳大學,資訊工程學系(桃園校區),數學乙(分科),1.00,物理(分科),1.00,國文(學測),1.00,,,,,29,88.00,數學乙(分科),31,,,,,,42,,,,,數學乙→物理→國文,18,11,29,20,9,0,0,29
2500,銘傳大學,電機工程學系(桃園校區),數學甲(分科),2.00,國文(學測),2.00,英文(學測),1.50,,,,,39,165.00,,,,,,,,42,,,,,數學甲→國文→英文,19,20,39,28,11,0,0,39
2501,銘傳大學,半導體應用學士學位學程(桃園校區),數學甲(分科),1.00,數學A(學測),1.00,國文(學測),1.00,,,,,12,87.00,,,,,,,,42,,,,,數學甲→數學A→國文,9,3,12,7,5,0,0,12
2502,銘傳大學,醫療資訊與管理學系(桃園校區),英文(學測),1.00,公民與社會(分科),1.00,國文(學測),2.00,,,,,24,102.00,英文(學測),12,,,,,,42,,,,,英文→公民與社會→國文,13,11,24,11,13,0,0,24
2503,銘傳大學,生物科技學系生物醫學組(桃園校區),生物(分科),2.00,英文(學測),2.00,國文(學測),1.50,,,,,30,159.50,,,,,,,,42,,,,,生物→英文→國文,10,20,30,9,21,0,0,30
2504,銘傳大學,生物科技學系食品生技組(桃園校區),化學(分科),2.00,英文(學測),2.00,國文(學測),1.50,,,,,20,150.50,,,,,,,,42,,,,,化學→英文→國文,10,10,20,10,10,0,0,20
2505,銘傳大學,生物醫學工程學系專利醫材法規組(桃園校區),國文(學測),1.50,英文(學測),1.25,公民與社會(分科),1.00,,,,,10,98.75,,,,,,,,43,,,,,國文→英文→公民與社會,5,5,10,2,8,0,0,10
2506,銘傳大學,生物醫學工程學系人工智慧醫療組(桃園校區),國文(學測),1.50,數學B(學測),1.00,化學(分科),1.00,,,,,11,114.00,,,,,,,,43,,,,,國文→數學B→化學,6,5,11,6,5,0,0,11
2507,世新大學,新聞學系,國文(學測),2.00,公民與社會(分科),2.00,歷史(分科),1.00,,,,,48,154.00,國文(學測),30,,,,,,43,,,,,國文→公民與社會→歷史,47,1,48,18,30,0,0,48
2510,世新大學,廣播電視電影學系廣播與聲音設計組,英文(學測),2.00,國文(學測),2.00,歷史(分科),1.00,公民與社會(分科),1.00,,,37,170.00,英文(學測),17,175.00,,,,,43,,,,,英文→國文→歷史→公民與社會,36,0,36,13,23,0,1,37
2511,世新大學,廣播電視電影學系電視組,英文(學測),2.00,國文(學測),2.00,歷史(分科),1.00,公民與社會(分科),1.00,,,50,174.00,,,188.40,,,,,43,,,,,英文→國文→歷史→公民與社會,46,3,49,14,35,0,1,50
2512,世新大學,廣播電視電影學系電影組,英文(學測),2.00,國文(學測),2.00,歷史(分科),1.00,公民與社會(分科),1.00,,,53,184.00,英文(學測),22,190.40,,,,,43,,,,,英文→國文→歷史→公民與社會,30,22,52,20,32,0,1,53
2513,世新大學,圖文傳播學系,英文(學測),1.50,國文(學測),2.00,公民與社會(分科),2.00,,,,,39,154.50,,,,,,,,43,,,,,英文→國文→公民與社會,34,5,39,12,27,0,0,39
2514,世新大學,公共關係暨廣告學系,國文(學測),2.00,歷史(分科),2.00,公民與社會(分科),1.75,,,,,60,192.00,,,,,,,,43,,,,,國文→歷史→公民與社會,56,4,60,10,50,0,0,60
2515,世新大學,口語傳播暨社群媒體學系,國文(學測),2.00,社會(學測),1.00,公民與社會(分科),1.00,,,,,30,131.00,,,,,,,,43,,,,,國文→社會→公民與社會,30,0,30,9,21,0,0,30
2516,世新大學,資訊傳播學系,國文(學測),1.50,英文(學測),1.00,公民與社會(分科),2.00,,,,,45,118.50,國文(學測),31,118.75,,,,,43,,,,,國文→英文→公民與社會,30,14,44,21,23,0,1,45
2517,世新大學,數位多媒體設計學系,國文(學測),2.00,英文(學測),1.50,公民與社會(分科),1.00,,,,,59,116.00,,,123.00,,,,,43,,,,,國文→英文→公民與社會,42,16,58,19,39,1,0,59
2520,世新大學,傳播管理學系,國文(學測),2.00,歷史(分科),2.00,公民與社會(分科),1.00,,,,,58,157.00,國文(學測),33,179.15,,,,,43,,,,,國文→歷史→公民與社會,42,15,57,12,45,0,1,58
2521,世新大學,資訊管理學系資訊管理組,國文(學測),1.75,公民與社會(分科),2.00,英文(學測),1.50,,,,,37,131.75,,,,,,,,43,,,,,國文→公民與社會→英文,25,12,37,30,7,0,0,37
2522,世新大學,資訊管理學系人工智慧暨科技傳播組,國文(學測),1.75,公民與社會(分科),2.00,英文(學測),1.50,,,,,38,124.75,國文(學測),29,,,,,,43,,,,,國文→公民與社會→英文,32,6,38,25,13,0,0,38
2523,世新大學,財務金融學系,國文(學測),2.00,公民與社會(分科),2.00,英文(學測),1.00,,,,,30,142.00,,,,,,,,43,,,,,國文→公民與社會→英文,29,1,30,23,7,0,0,30
2524,世新大學,行政管理學系,公民與社會(分科),2.00,社會(學測),1.50,歷史(分科),1.00,,,,,39,134.50,公民與社會(分科),26,,,,,,43,,,,,公民與社會→社會→歷史,25,14,39,19,20,0,0,39
2525,世新大學,觀光學系餐旅經營管理組,歷史(分科),2.00,國文(學測),1.00,社會(學測),1.00,,,,,28,112.00,歷史(分科),29,116.75,,,,,43,,,,,歷史→國文→社會,15,12,27,14,13,1,0,28
2526,世新大學,觀光學系旅遊暨休閒事業管理組,歷史(分科),2.00,國文(學測),1.00,社會(學測),1.00,,,,,30,114.00,,,,,,,,43,,,,,歷史→國文→社會,14,16,30,15,15,0,0,30
2527,世新大學,經濟學系,國文(學測),1.00,公民與社會(分科),1.50,社會(學測),1.00,,,,,30,104.50,國文(學測),23,105.70,,,,,43,,,,,國文→公民與社會→社會,16,13,29,20,9,1,0,30
2530,世新大學,企業管理學系,公民與社會(分科),2.00,國文(學測),1.00,英文(學測),1.00,,,,,35,105.00,公民與社會(分科),27,126.20,,,,,43,,,,,公民與社會→國文→英文,23,11,34,22,12,1,0,35
2531,世新大學,社會心理學系,國文(學測),2.00,英文(學測),2.00,公民與社會(分科),1.50,,,,,34,164.00,,,187.95,,,,,43,,,,,國文→英文→公民與社會,22,11,33,13,20,0,1,34
2532,世新大學,英語暨傳播應用學系,英文(學測),2.00,國文(學測),1.50,歷史(分科),1.00,,,,,34,100.00,英文(學測),22,,,,,,43,,,,,英文→國文→歷史,19,15,34,13,21,0,0,34
2533,世新大學,日本語文學系,國文(學測),2.00,歷史(分科),1.00,英文(學測),1.50,,,,,52,119.50,國文(學測),34,123.20,,,,,43,,,,,國文→歷史→英文,31,20,51,28,23,0,1,52
2534,世新大學,法律學系,國文(學測),1.00,英文(學測),1.00,公民與社會(分科),1.00,歷史(分科),1.00,,,68,132.00,,,139.05,,,,,43,,,,,國文→英文→公民與社會→歷史,51,15,66,28,38,1,1,68
2535,實踐大學,食品營養與保健生技學系(臺北校區),國文(學測),1.00,自然(學測),1.00,化學(分科),1.00,,,,,13,96.00,,,,,,,,43,,,,,國文→自然→化學,7,6,13,6,7,0,0,13
2536,實踐大學,食品營養與保健生技學系食品創新與科技法律組(臺北校區),國文(學測),1.00,化學(分科),1.00,英文(學測),1.00,,,,,8,83.00,國文(學測),40,,,,,,43,,,,,國文→化學→英文,7,1,8,3,5,0,0,8
2537,實踐大學,社會工作學系(臺北校區),公民與社會(分科),2.00,歷史(分科),2.00,國文(學測),1.00,,,,,23,150.00,,,,,,,,43,,,,,公民與社會→歷史→國文,17,6,23,6,17,0,0,23
2540,實踐大學,家庭研究與兒童發展學系(臺北校區),國文(學測),1.00,社會(學測),1.00,公民與社會(分科),1.00,,,,,7,98.00,,,,,,,,43,,,,,國文→社會→公民與社會,5,2,7,0,7,0,0,7
2541,實踐大學,餐飲管理學系(臺北校區),國文(學測),1.00,英文(學測),1.00,歷史(分科),1.00,,,,,10,78.00,國文(學測),30,,,,,,43,,,,,國文→英文→歷史,4,6,10,3,7,0,0,10
2542,實踐大學,音樂學系(臺北校區),音樂(術科),2.00,國文(學測),1.00,歷史(分科),1.00,,,,,3,202.80,,,,,,,,43,,,,,術科→國文→歷史,3,7,10,2,1,0,0,3
2543,實踐大學,法律學系(臺北校區),國文(學測),1.50,公民與社會(分科),1.00,英文(學測),1.00,,,,,15,120.50,,,,,,,,43,,,,,國文→公民與社會→英文,10,5,15,5,10,0,0,15
2544,實踐大學,服裝設計學系(臺北校區),英文(學測),2.00,國文(學測),2.00,歷史(分科),1.00,,,,,22,155.00,,,163.05,,,,,43,,,,,英文→國文→歷史,19,2,21,5,16,1,0,22
2545,實踐大學,工業產品設計學系(臺北校區),英文(學測),2.00,國文(學測),1.00,歷史(分科),1.00,,,,,11,113.00,,,,,,,,44,數學A(底標) 或 數學B(底標),,,,英文→國文→歷史,9,2,11,6,5,0,0,11
2546,實踐大學,媒體傳達設計學系動畫影像設計組(臺北校區),英文(學測),2.00,國文(學測),1.00,歷史(分科),1.00,,,,,10,125.00,,,,,,,,44,英文(底標),,,,英文→國文→歷史,10,0,10,3,7,0,0,10
2547,實踐大學,媒體傳達設計學系創意媒體設計組(臺北校區),英文(學測),2.00,國文(學測),1.00,歷史(分科),1.00,,,,,15,115.00,,,,,,,,44,英文(底標),,,,英文→國文→歷史,10,5,15,3,12,0,0,15
2550,實踐大學,建築設計學系(臺北校區),英文(學測),2.00,國文(學測),2.00,歷史(分科),1.00,,,,,17,148.00,英文(學測),28,167.10,,,,,44,,,,,英文→國文→歷史,14,2,16,6,10,0,1,17
2551,實踐大學,建築職人學士學位學程(臺北校區),國文(學測),2.00,社會(學測),1.00,地理(分科),1.00,,,,,27,115.00,,,,,,,,44,,,,,國文→社會→地理,11,16,27,17,10,0,0,27
2552,實踐大學,會計學系(臺北校區),國文(學測),1.50,公民與社會(分科),1.50,英文(學測),1.00,,,,,35,98.50,國文(學測),34,104.40,,,,,44,,,,,國文→公民與社會→英文,13,21,34,22,12,0,1,35
2553,實踐大學,國際經營與貿易學系國際貿易組(臺北校區),國文(學測),1.00,地理(分科),1.00,英文(學測),1.00,,,,,13,83.00,,,109.35,,,,,44,,,,,國文→地理→英文,5,7,12,5,7,0,1,13
2554,實踐大學,國際經營與貿易學系國際企業組(臺北校區),國文(學測),1.00,公民與社會(分科),1.00,英文(學測),1.00,,,,,12,75.00,國文(學測),27,,,,,,44,,,,,國文→公民與社會→英文,5,7,12,6,6,0,0,12
2555,實踐大學,企業管理學系社會組(臺北校區),國文(學測),1.00,社會(學測),1.00,公民與社會(分科),1.00,,,,,19,87.00,國文(學測),31,89.10,,,,,44,,,,,國文→社會→公民與社會,6,12,18,8,10,1,0,19
2556,實踐大學,企業管理學系自然組(臺北校區),國文(學測),1.00,自然(學測),1.00,化學(分科),1.00,,,,,10,86.00,國文(學測),36,,,,,,44,,,,,國文→自然→化學,5,5,10,6,4,0,0,10
2557,實踐大學,財務金融學系(臺北校區),英文(學測),1.00,國文(學測),1.00,公民與社會(分科),1.00,,,,,22,76.00,英文(學測),16,81.40,,,,,44,,,,,英文→國文→公民與社會,6,15,21,12,9,0,1,22
2560,實踐大學,財務金融學系數位行銷設計組(臺北校區),英文(學測),1.00,國文(學測),1.00,歷史(分科),1.00,,,,,11,75.00,,,,,,,,44,,,,,英文→國文→歷史,5,6,11,7,4,0,0,11
2561,實踐大學,風險管理與保險學系(臺北校區),公民與社會(分科),1.50,國文(學測),1.00,社會(學測),1.00,,,,,25,97.50,,,,,,,,44,,,,,公民與社會→國文→社會,16,9,25,14,11,0,0,25
2562,實踐大學,應用外語學系(臺北校區),英文(學測),2.00,國文(學測),1.50,歷史(分科),1.00,,,,,23,106.00,英文(學測),19,,,,,,44,,,,,英文→國文→歷史,9,14,23,12,11,0,0,23
2563,實踐大學,資訊科技與管理學系人工智慧與大數據組(臺北校區),國文(學測),1.00,自然(學測),1.00,物理(分科),1.00,,,,,12,89.00,國文(學測),43,,,,,,44,,,,,國文→自然→物理,7,5,12,10,2,0,0,12
2564,實踐大學,資訊科技與管理學系數位媒體設計組(臺北校區),國文(學測),1.00,社會(學測),1.00,公民與社會(分科),1.00,,,,,6,97.00,,,,,,,,44,,,,,國文→社會→公民與社會,4,2,6,3,3,0,0,6
2565,實踐大學,資訊科技與管理學系雲端運算與物聯網組(臺北校區),國文(學測),1.00,自然(學測),1.00,化學(分科),1.00,,,,,9,89.00,,,,,,,,44,,,,,國文→自然→化學,5,4,9,8,1,0,0,9
2566,實踐大學,國際企業英語學士學位學程(臺北校區),公民與社會(分科),2.00,國文(學測),1.50,英文(學測),1.00,,,,,12,106.00,公民與社會(分科),23,,,,,,44,,,,,公民與社會→國文→英文,11,1,12,5,7,0,0,12
2567,實踐大學,智慧服務管理英語學士學位學程A組(臺北校區),英文(學測),1.00,公民與社會(分科),1.00,國文(學測),1.00,,,,,8,62.00,,,,,,,,44,,,,,英文→公民與社會→國文,5,3,8,3,5,0,0,8
2570,實踐大學,智慧服務管理英語學士學位學程B組(臺北校區),英文(學測),1.00,自然(學測),1.00,物理(分科),1.00,,,,,8,62.00,,,,,,,,44,,,,,英文→自然→物理,4,4,8,7,1,0,0,8
2571,實踐大學,東南亞智慧商務學士學位學程(高雄校區),國文(學測),1.00,社會(學測),1.00,自然(學測),1.50,歷史(分科),1.00,地理(分科),1.00,1,137.00,,,,,,,,44,,,,,國文→社會→自然→歷史→地理,7,3,10,0,1,0,0,1
2572,實踐大學,會計暨稅務學系財務金融組(高雄校區),國文(學測),2.00,社會(學測),2.00,公民與社會(分科),1.00,,,,,6,119.00,,,,,,,,44,,,,,國文→社會→公民與社會,4,2,6,2,4,0,0,6
2573,實踐大學,會計暨稅務學系會計AI組(高雄校區),國文(學測),2.00,自然(學測),2.00,物理(分科),1.00,,,,,4,125.00,,,,,,,,44,,,,,國文→自然→物理,3,1,4,3,1,0,0,4
2574,實踐大學,國際企業管理學系(高雄校區),國文(學測),1.50,社會(學測),1.00,歷史(分科),1.00,,,,,9,78.50,,,,,,,,44,,,,,國文→社會→歷史,1,25,26,5,4,0,0,9
2575,實踐大學,金融管理學系財務金融組(高雄校區),公民與社會(分科),1.00,國文(學測),1.00,英文(學測),1.00,,,,,6,72.00,公民與社會(分科),39,,,,,,44,,,,,公民與社會→國文→英文,1,5,6,5,1,0,0,6
2576,實踐大學,資訊管理學系人工智慧與雲端應用組(高雄校區),自然(學測),1.75,物理(分科),1.50,國文(學測),1.00,,,,,27,94.50,,,,,,,,44,,,,,自然→物理→國文,3,24,27,21,6,0,0,27
2577,實踐大學,資訊管理學系物聯網應用組(高雄校區),自然(學測),1.75,化學(分科),1.50,國文(學測),1.00,,,,,26,89.25,自然(學測),21,,,,,,44,,,,,自然→化學→國文,2,24,26,19,7,0,0,26
2600,實踐大學,資訊科技與通訊學系智慧機器人與無人機組(高雄校區),國文(學測),1.25,物理(分科),1.25,英文(學測),1.00,,,,,23,71.50,,,,,,,,45,,,,,國文→物理→英文,4,19,23,19,4,0,0,23
2601,實踐大學,資訊科技與通訊學系人工智慧物聯網組(高雄校區),國文(學測),1.25,化學(分科),1.25,英文(學測),1.00,,,,,19,71.00,,,,,,,,45,數學A(底標) 或 數學B(底標),,,,國文→化學→英文,4,15,19,13,6,0,0,19
2602,實踐大學,視覺特效學士學位學程(高雄校區),國文(學測),1.25,物理(分科),1.25,英文(學測),1.00,,,,,10,50.25,,,,,,,,45,,,,,國文→物理→英文,5,5,10,8,2,0,0,10
2603,實踐大學,觀光管理學系自然旅遊與運動觀光組(高雄校區),公民與社會(分科),1.25,國文(學測),1.00,社會(學測),1.00,,,,,3,68.75,,,,,,,,45,,,,,公民與社會→國文→社會,3,23,26,1,2,0,0,3
2604,實踐大學,休閒產業管理學系環境教育與休閒規劃設計組(高雄校區),國文(學測),1.50,自然(學測),2.00,物理(分科),1.00,,,,,6,80.00,,,,,,,,45,,,,,國文→自然→物理,1,5,6,3,3,0,0,6
2605,實踐大學,休閒產業管理學系遊憩運動企劃組(高雄校區),國文(學測),2.00,自然(學測),1.50,化學(分科),1.00,,,,,4,119.50,,,,,,,,45,,,,,國文→自然→化學,1,3,4,2,2,0,0,4
2606,實踐大學,休閒產業管理學系精品咖啡烘培經營組(高雄校區),國文(學測),2.00,社會(學測),1.50,歷史(分科),1.00,,,,,1,108.00,,,,,,,,45,,,,,國文→社會→歷史,1,3,4,0,1,0,0,1
2607,實踐大學,應用日文學系(高雄校區),國文(學測),2.00,英文(學測),2.00,公民與社會(分科),1.00,,,,,12,85.00,,,,,,,,45,,,,,國文→英文→公民與社會,5,16,21,6,6,0,0,12
2610,長榮大學,企業管理學系,英文(學測),1.00,歷史(分科),2.00,國文(學測),2.00,,,,,12,98.00,,,,,,,,45,,,,,英文→歷史→國文,7,8,15,6,6,0,0,12
2611,長榮大學,國際企業學系,英文(學測),1.00,國文(學測),2.00,地理(分科),2.00,,,,,3,95.00,,,,,,,,45,,,,,英文→國文→地理,10,9,19,2,1,0,0,3
2612,長榮大學,會計資訊學系,公民與社會(分科),2.00,國文(學測),1.50,英文(學測),1.00,,,,,6,76.50,,,,,,,,45,,,,,公民與社會→國文→英文,4,9,13,3,3,0,0,6
2613,長榮大學,航運管理學系,國文(學測),2.00,地理(分科),1.75,英文(學測),1.00,,,,,26,95.00,,,,,,,,45,,,,,國文→地理→英文,18,8,26,22,4,0,0,26
2614,長榮大學,土地管理與開發學系,公民與社會(分科),1.00,國文(學測),2.00,地理(分科),2.00,,,,,3,98.00,,,,,,,,45,,,,,公民與社會→國文→地理,9,6,15,2,1,0,0,3
2615,長榮大學,財務金融學系,國文(學測),2.00,公民與社會(分科),2.00,英文(學測),1.00,,,,,15,88.00,,,,,,,,45,,,,,國文→公民與社會→英文,10,8,18,8,7,0,0,15
2616,長榮大學,觀光與餐飲管理學系,公民與社會(分科),2.00,國文(學測),2.00,英文(學測),1.00,,,,,9,89.00,,,,,,,,45,,,,,公民與社會→國文→英文,5,9,14,5,4,0,0,9
2617,長榮大學,醫務管理學系(社會組),公民與社會(分科),2.00,英文(學測),1.50,國文(學測),2.00,,,,,6,99.50,,,,,,,,45,,,,,公民與社會→英文→國文,2,6,8,0,6,0,0,6
2620,長榮大學,醫務管理學系(自然組),生物(分科),2.00,英文(學測),1.50,國文(學測),2.00,,,,,13,132.50,,,,,,,,45,,,,,生物→英文→國文,5,8,13,7,6,0,0,13
2621,長榮大學,生物科技學系,生物(分科),2.00,國文(學測),2.00,英文(學測),1.00,,,,,18,127.00,生物(分科),23,,,,,,45,,,,,生物→國文→英文,9,9,18,9,9,0,0,18
2622,長榮大學,健康心理學系(自然組),英文(學測),2.00,生物(分科),2.00,國文(學測),1.50,,,,,12,152.00,,,,,,,,45,,,,,英文→生物→國文,6,6,12,6,6,0,0,12
2623,長榮大學,健康心理學系(社會組),英文(學測),2.00,公民與社會(分科),2.00,國文(學測),1.50,,,,,12,107.00,英文(學測),18,,,,,,45,,,,,英文→公民與社會→國文,6,6,12,3,9,0,0,12
2624,長榮大學,保健營養學系,生物(分科),2.00,化學(分科),1.50,國文(學測),2.00,,,,,18,136.00,,,136.30,,,,,45,,,,,生物→化學→國文,8,9,17,7,10,1,0,18
2625,長榮大學,護理學系,英文(學測),2.00,生物(分科),2.00,國文(學測),1.50,,,,,29,108.00,,,113.05,,,,,45,,,,,英文→生物→國文,9,19,28,9,19,0,1,29
2626,長榮大學,職業安全與衛生學系(自然組),國文(學測),2.00,英文(學測),1.50,化學(分科),2.00,,,,,16,109.50,,,,,,,,45,,,,,國文→英文→化學,4,12,16,8,8,0,0,16
2627,長榮大學,職業安全與衛生學系(社會組),國文(學測),2.00,英文(學測),1.50,歷史(分科),2.00,,,,,5,122.00,,,,,,,,45,,,,,國文→英文→歷史,2,4,6,3,2,0,0,5
2630,長榮大學,食品安全衛生與檢驗學士學位學程(食品安全管理組),國文(學測),2.00,英文(學測),1.00,歷史(分科),2.00,,,,,2,103.00,,,,,,,,45,,,,,國文→英文→歷史,1,2,3,1,1,0,0,2
2631,長榮大學,食品安全衛生與檢驗學士學位學程(食品科技組),國文(學測),2.00,英文(學測),1.00,化學(分科),2.00,,,,,5,114.00,國文(學測),37,,,,,,45,,,,,國文→英文→化學,3,2,5,4,1,0,0,5
2632,長榮大學,食品安全衛生與檢驗學士學位學程(食品檢驗組),國文(學測),2.00,英文(學測),1.00,生物(分科),2.00,,,,,11,119.00,,,,,,,,45,,,,,國文→英文→生物,3,8,11,2,9,0,0,11
2633,長榮大學,消防安全學士學位學程(自然組),國文(學測),2.00,自然(學測),2.00,化學(分科),1.50,,,,,8,133.50,,,135.80,,,,,45,,,,,國文→自然→化學,1,6,7,6,1,1,0,8
2634,長榮大學,消防安全學士學位學程(社會組),國文(學測),2.00,社會(學測),2.00,公民與社會(分科),1.50,,,,,5,126.00,,,,,,,,45,,,,,國文→社會→公民與社會,1,5,6,3,2,0,0,5
2635,長榮大學,綠能與環境資源學系(自然組),國文(學測),1.00,自然(學測),2.00,物理(分科),2.00,,,,,16,109.00,,,,,,,,46,,,,,國文→自然→物理,4,12,16,14,2,0,0,16
2636,長榮大學,綠能與環境資源學系(社會組),國文(學測),1.00,社會(學測),2.00,地理(分科),2.00,,,,,5,117.00,,,,,,,,46,,,,,國文→社會→地理,3,2,5,4,1,0,0,5
2637,長榮大學,營建工程安全學士學位學程,國文(學測),2.00,英文(學測),1.00,物理(分科),2.00,,,,,9,79.00,,,,,,,,46,,,,,國文→英文→物理,8,12,20,7,2,0,0,9
2640,長榮大學,大眾傳播學系,國文(學測),2.00,歷史(分科),2.00,英文(學測),1.00,,,,,6,116.00,國文(學測),28,,,,,,46,,,,,國文→歷史→英文,3,3,6,3,3,0,0,6
2641,長榮大學,翻譯學系,英文(學測),2.00,國文(學測),2.00,公民與社會(分科),1.00,,,,,1,83.00,,,,,,,,46,,,,,英文→國文→公民與社會,6,17,23,0,1,0,0,1
2642,長榮大學,社會工作學系,國文(學測),1.50,公民與社會(分科),2.00,社會(學測),1.00,,,,,6,85.50,,,,,,,,46,,,,,國文→公民與社會→社會,7,15,22,5,1,0,0,6
2643,長榮大學,應用日語學系,國文(學測),2.00,英文(學測),2.00,歷史(分科),1.00,,,,,10,86.00,,,,,,,,46,,,,,國文→英文→歷史,6,4,10,4,6,0,0,10
2644,長榮大學,運動競技學系,國文(學測),2.00,歷史(分科),2.00,英文(學測),1.00,,,,,5,111.00,,,,,,,,46,,,,,國文→歷史→英文,2,3,5,3,2,0,0,5
2645,長榮大學,數位媒體設計學系數位媒體設計組,國文(學測),2.00,英文(學測),2.00,歷史(分科),1.00,,,,,9,79.00,,,,,,,,46,,,,,國文→英文→歷史,3,11,14,2,7,0,0,9
2646,長榮大學,數位媒體設計學系互動設計組,國文(學測),2.00,英文(學測),2.00,公民與社會(分科),1.00,,,,,5,83.00,,,,,,,,46,,,,,國文→英文→公民與社會,3,7,10,3,2,0,0,5
2647,長榮大學,資訊工程學系,數學B(學測),1.00,國文(學測),2.00,物理(分科),2.00,,,,,40,118.00,,,,,,,,46,,,,,數學B→國文→物理,18,22,40,34,6,0,0,40
2650,國立臺灣藝術大學,美術學系,美術(術科),2.00,英文(學測),2.00,國文(學測),2.00,歷史(分科),1.00,地理(分科),1.00,14,376.40,,,,,,,,46,,,,,術科→英文→國文→歷史→地理,13,1,14,3,11,0,0,14
2651,國立臺灣藝術大學,書畫藝術學系,美術(術科),2.00,國文(學測),1.00,英文(學測),1.00,歷史(分科),1.00,,,15,258.50,,,,,,,,46,國文(後標),英文(底標),,,術科→國文→英文→歷史,9,6,15,7,8,0,0,15
2652,國立臺灣藝術大學,雕塑學系(男),美術(術科),2.00,國文(學測),2.00,英文(學測),1.50,歷史(分科),1.00,,,9,301.60,,,,,,,,46,,,,,術科→國文→英文→歷史,7,2,9,9,0,0,0,9
2653,國立臺灣藝術大學,雕塑學系(女),美術(術科),2.00,國文(學測),2.00,英文(學測),1.50,歷史(分科),1.00,,,8,308.60,,,,,,,,46,,,,,術科→國文→英文→歷史,6,2,8,0,8,0,0,8
2654,國立臺灣藝術大學,古蹟藝術修護學系,國文(學測),2.00,美術(術科),1.75,歷史(分科),1.50,英文(學測),1.00,,,28,276.18,,,,,,,,46,,,,,國文→術科→歷史→英文,24,4,28,12,16,0,0,28
2655,國立臺灣藝術大學,視覺傳達設計學系,美術(術科),2.00,國文(學測),2.00,英文(學測),2.00,歷史(分科),1.00,,,13,345.00,,,,,,,,46,國文(均標),英文(均標),,,術科→國文→英文→歷史,12,1,13,4,9,0,0,13
2656,國立臺灣藝術大學,工藝設計學系,國文(學測),2.00,英文(學測),2.00,歷史(分科),1.00,,,,,18,216.00,,,,,,,,46,,,,,國文→英文→歷史,12,6,18,4,14,0,0,18
2657,國立臺灣藝術大學,多媒體動畫藝術學系,美術(術科),2.00,國文(學測),2.00,英文(學測),2.00,歷史(分科),1.00,,,11,375.00,,,,,,,,46,,,,,術科→國文→英文→歷史,11,0,11,1,10,0,0,11
2660,國立臺灣藝術大學,圖文傳播藝術學系,國文(學測),1.00,英文(學測),1.00,公民與社會(分科),1.00,數學B(學測),1.00,,,17,154.00,國文(學測),45,,,,,,46,國文(後標),英文(後標),,,國文→英文→公民與社會→數學B,14,3,17,3,14,0,0,17
2661,國立臺灣藝術大學,廣播電視學系,國文(學測),1.50,英文(學測),1.50,公民與社會(分科),1.00,歷史(分科),1.00,,,17,222.00,,,,,,,,46,,,,B級,國文→英文→公民與社會→歷史,15,2,17,1,16,0,0,17
2662,國立臺灣藝術大學,電影學系,國文(學測),2.00,英文(學測),2.00,歷史(分科),1.00,公民與社會(分科),1.00,,,22,256.00,,,289.00,,,,,46,國文(均標),英文(均標),,,國文→英文→歷史→公民與社會,17,4,21,7,14,1,0,22
2663,國立臺灣藝術大學,戲劇學系(男),國文(學測),2.00,英文(學測),2.00,歷史(分科),1.00,地理(分科),1.00,,,9,225.00,,,,,,,,46,,,,B級,國文→英文→歷史→地理,7,2,9,9,0,0,0,9
2664,國立臺灣藝術大學,戲劇學系(女),國文(學測),2.00,英文(學測),2.00,歷史(分科),1.00,地理(分科),1.00,,,8,265.00,,,,,,,,46,,,,B級,國文→英文→歷史→地理,6,2,8,0,8,0,0,8
2665,國立臺灣藝術大學,音樂學系,音樂(術科),2.00,英文(學測),1.00,國文(學測),1.00,歷史(分科),1.00,,,16,250.02,,,,,,,,46,,,,,術科→英文→國文→歷史,5,11,16,3,13,0,0,16
2666,國立暨南國際大學,中國語文學系,國文(學測),2.00,歷史(分科),1.75,社會(學測),1.00,,,,,18,146.75,,,,,,,,46,,,,,國文→歷史→社會,11,7,18,11,7,0,0,18
2667,國立暨南國際大學,外國語文學系,英文(學測),2.00,國文(學測),1.50,歷史(分科),1.00,,,,,22,116.00,,,,,,,,46,,,,,英文→國文→歷史,12,10,22,7,15,0,0,22
2670,國立暨南國際大學,社會政策與社會工作學系,國文(學測),1.25,社會(學測),1.50,英文(學測),1.00,公民與社會(分科),1.00,,,12,157.00,,,165.85,,,,,46,,,,,國文→社會→英文→公民與社會,8,3,11,6,5,0,1,12
2671,國立暨南國際大學,公共行政與政策學系,公民與社會(分科),1.50,國文(學測),1.50,歷史(分科),1.00,,,,,23,152.00,,,,,,,,46,,,,,公民與社會→國文→歷史,9,14,23,15,8,0,0,23
2672,國立暨南國際大學,歷史學系,歷史(分科),2.00,國文(學測),1.00,英文(學測),1.25,,,,,12,129.75,,,138.45,,,,,46,,,,,歷史→國文→英文,11,0,11,7,4,0,1,12
2673,國立暨南國際大學,東南亞學系,英文(學測),1.00,歷史(分科),1.00,公民與社會(分科),1.00,,,,,19,62.00,,,,,,,,46,,,,,英文→歷史→公民與社會,10,9,19,9,10,0,0,19
2674,國立暨南國際大學,國際企業學系,英文(學測),1.50,數學乙(分科),1.50,國文(學測),1.00,,,,,21,105.00,,,,,,,,46,,,,,英文→數學乙→國文,13,8,21,8,13,0,0,21
2675,國立暨南國際大學,經濟學系,英文(學測),1.50,數學乙(分科),1.50,國文(學測),1.00,,,,,17,109.50,英文(學測),24,121.10,,,,,46,,,,,英文→數學乙→國文,11,5,16,10,6,1,0,17
2676,國立暨南國際大學,資訊管理學系,數學B(學測),2.00,英文(學測),2.00,國文(學測),1.50,公民與社會(分科),1.00,,,18,197.50,數學B(學測),27,,,,,,47,,,,,數學B→英文→國文→公民與社會,18,0,18,9,9,0,0,18
2677,國立暨南國際大學,財務金融學系,數學乙(分科),2.00,英文(學測),2.00,國文(學測),1.00,公民與社會(分科),1.00,,,21,187.00,數學乙(分科),35,,,,,,47,,,,,數學乙→英文→國文→公民與社會,15,6,21,9,12,0,0,21
2700,國立暨南國際大學,觀光休閒與餐旅管理學系觀光休閒組,國文(學測),2.00,英文(學測),2.00,公民與社會(分科),1.50,,,,,6,148.50,,,,,,,,47,,,,,國文→英文→公民與社會,4,2,6,4,2,0,0,6
2701,國立暨南國際大學,觀光休閒與餐旅管理學系餐旅管理組,國文(學測),2.00,英文(學測),2.00,歷史(分科),1.50,,,,,7,157.00,,,,,,,,47,,,,,國文→英文→歷史,4,3,7,4,3,0,0,7
2702,國立暨南國際大學,管理學院學士班,英文(學測),2.00,國文(學測),1.50,數學乙(分科),1.00,,,,,6,129.00,,,,,,,,47,,,,,英文→國文→數學乙,3,3,6,1,5,0,0,6
2703,國立暨南國際大學,國際文教與比較教育學系,英文(學測),2.00,國文(學測),1.00,公民與社會(分科),1.00,,,,,13,96.00,,,,,,,,47,,,,,英文→國文→公民與社會,7,6,13,8,5,0,0,13
2704,國立暨南國際大學,教育政策與行政學系,國文(學測),2.00,社會(學測),1.00,公民與社會(分科),1.50,,,,,15,147.00,,,164.80,,,,,47,,,,,國文→社會→公民與社會,7,7,14,7,7,1,0,15
2705,國立暨南國際大學,諮商心理與人力資源發展學系諮商心理組,英文(學測),1.50,數學乙(分科),1.00,國文(學測),1.50,公民與社會(分科),1.00,,,6,175.50,,,,,,,,47,,,,,英文→數學乙→國文→公民與社會,6,0,6,2,4,0,0,6
2706,國立暨南國際大學,諮商心理與人力資源發展學系終身學習與人力資源發展組,英文(學測),1.50,國文(學測),1.50,公民與社會(分科),1.00,,,,,5,144.50,,,,,,,,47,,,,,英文→國文→公民與社會,5,0,5,1,4,0,0,5
2707,國立暨南國際大學,教育學院學士班教育科技與數位學習組,國文(學測),2.00,公民與社會(分科),2.00,數學乙(分科),1.00,,,,,1,197.00,,,,,,,,47,數學B(後標),,,,國文→公民與社會→數學乙,1,0,1,1,0,0,0,1
2710,國立暨南國際大學,教育學院學士班教育心理與輔導組,國文(學測),2.00,公民與社會(分科),2.00,數學乙(分科),1.00,,,,,2,185.00,,,,,,,,47,英文(後標),數學B(後標),,,國文→公民與社會→數學乙,1,1,2,0,2,0,0,2
2711,國立暨南國際大學,資訊工程學系,數學甲(分科),1.50,英文(學測),1.00,國文(學測),1.00,,,,,19,128.50,,,,,,,,47,,,,,數學甲→英文→國文,13,6,19,11,8,0,0,19
2712,國立暨南國際大學,土木工程學系,數學A(學測),2.00,物理(分科),2.00,自然(學測),1.75,英文(學測),1.00,,,23,199.00,,,,,,,,47,,,,,數學A→物理→自然→英文,14,9,23,21,2,0,0,23
2713,國立暨南國際大學,電機工程學系甲組,物理(分科),1.00,化學(分科),1.00,英文(學測),1.00,數學A(學測),1.00,數學甲(分科),1.00,9,190.00,物理(分科),40,,,,,,47,,,,,物理→化學→英文→數學A→數學甲,7,2,9,7,2,0,0,9
2714,國立暨南國際大學,電機工程學系乙組,物理(分科),2.00,化學(分科),1.00,英文(學測),1.00,國文(學測),1.00,,,10,201.00,,,,,,,,47,數學A(後標) 或 數學B(均標),,,,物理→化學→英文→國文,8,2,10,9,1,0,0,10
2715,國立暨南國際大學,電機工程學系丙組,英文(學測),2.00,物理(分科),1.00,化學(分科),1.00,國文(學測),1.00,,,10,205.00,英文(學測),57,,,,,,47,數學A(後標) 或 數學B(後標),,,,英文→物理→化學→國文,8,2,10,6,4,0,0,10
2716,國立暨南國際大學,應用化學系,英文(學測),2.00,化學(分科),2.00,數學A(學測),1.00,數學甲(分科),1.00,,,18,186.00,,,,,,,,47,,,,,英文→化學→數學A→數學甲,16,2,18,11,7,0,0,18
2717,國立暨南國際大學,應用材料及光電工程學系,數學A(學測),1.00,物理(分科),2.00,英文(學測),2.00,數學甲(分科),1.00,,,25,189.00,數學A(學測),21,,,,,,47,,,,,數學A→物理→英文→數學甲,19,6,25,18,7,0,0,25
2720,國立暨南國際大學,科技學院學士班,數學A(學測),2.00,物理(分科),2.00,自然(學測),1.75,英文(學測),1.00,,,8,230.75,,,,,,,,47,,,,,數學A→物理→自然→英文,6,2,8,6,2,0,0,8
2721,國立暨南國際大學,護理學系,生物(分科),1.00,英文(學測),1.50,國文(學測),1.50,,,,,16,130.50,生物(分科),27,,,,,,47,,,,,生物→英文→國文,12,4,16,4,12,0,0,16
2722,南華大學,財務金融學系,國文(學測),2.00,英文(學測),1.75,歷史(分科),2.00,,,,,7,133.25,,,,,,,,47,,,,,國文→英文→歷史,2,5,7,4,3,0,0,7
2723,南華大學,企業管理學系,國文(學測),2.00,英文(學測),2.00,公民與社會(分科),1.75,,,,,14,92.25,,,,,,,,47,,,,,國文→英文→公民與社會,1,13,14,10,4,0,0,14
2724,南華大學,文化創意事業管理學系,歷史(分科),1.75,國文(學測),2.00,英文(學測),1.75,,,,,3,103.75,,,,,,,,47,,,,,歷史→國文→英文,1,13,14,1,2,0,0,3
2725,南華大學,旅遊管理學系AI智慧觀光暨餐旅組,國文(學測),2.00,社會(學測),2.00,歷史(分科),1.75,,,,,1,192.75,,,,,,,,47,,,,,國文→社會→歷史,1,6,7,0,1,0,0,1
2726,南華大學,管理學院國際企業學士學位學程,英文(學測),2.00,國文(學測),2.00,公民與社會(分科),1.75,,,,,1,160.25,,,,,,,,47,,,,,英文→國文→公民與社會,1,5,6,1,0,0,0,1
2727,南華大學,生死學系社會工作組,國文(學測),2.00,社會(學測),2.00,公民與社會(分科),1.75,,,,,3,127.75,,,,,,,,47,,,,,國文→社會→公民與社會,1,10,11,2,1,0,0,3
2730,南華大學,生死學系殯葬服務組,國文(學測),2.00,社會(學測),2.00,公民與社會(分科),1.75,,,,,8,142.00,,,,,,,,47,,,,,國文→社會→公民與社會,2,9,11,4,4,0,0,8
2731,南華大學,生死學系諮商組,國文(學測),2.00,社會(學測),2.00,公民與社會(分科),1.75,,,,,2,128.75,,,,,,,,47,,,,,國文→社會→公民與社會,1,12,13,1,1,0,0,2
2732,南華大學,幼兒教育學系,國文(學測),2.00,社會(學測),2.00,公民與社會(分科),1.00,,,,,8,105.00,,,,,,,,47,,,,,國文→社會→公民與社會,1,16,17,2,6,0,0,8
2733,南華大學,文學系,國文(學測),2.00,歷史(分科),2.00,公民與社會(分科),1.75,,,,,3,127.75,,,,,,,,47,,,,,國文→歷史→公民與社會,1,8,9,1,2,0,0,3
2734,南華大學,外國語文學系,英文(學測),2.00,國文(學測),2.00,歷史(分科),1.75,,,,,2,104.25,,,,,,,,47,,,,,英文→國文→歷史,1,2,3,1,1,0,0,2
2735,南華大學,應用社會學系社會學組,國文(學測),2.00,歷史(分科),1.75,英文(學測),2.00,,,,,1,186.75,,,,,,,,47,,,,,國文→歷史→英文,1,0,1,1,0,0,0,1
2736,南華大學,應用社會學系社會工作組,國文(學測),2.00,歷史(分科),1.75,英文(學測),2.00,,,,,3,98.00,,,,,,,,48,,,,,國文→歷史→英文,1,5,6,2,1,0,0,3
2737,南華大學,傳播學系,國文(學測),2.00,社會(學測),2.00,歷史(分科),1.75,,,,,2,153.00,,,,,,,,48,,,,,國文→社會→歷史,2,0,2,2,0,0,0,2
2740,南華大學,國際事務與企業學系人工智慧與公共治理組,公民與社會(分科),2.00,國文(學測),1.75,歷史(分科),1.50,,,,,1,137.25,,,,,,,,48,,,,,公民與社會→國文→歷史,1,6,7,1,0,0,0,1
2741,南華大學,建築學系社會組,國文(學測),2.00,英文(學測),2.00,地理(分科),1.75,,,,,1,172.25,,,,,,,,48,,,,,國文→英文→地理,1,0,1,0,1,0,0,1
2742,南華大學,建築學系自然組,國文(學測),2.00,英文(學測),2.00,物理(分科),1.75,,,,,2,157.50,,,,,,,,48,,,,,國文→英文→物理,1,1,2,2,0,0,0,2
2743,南華大學,資訊工程學系,自然(學測),2.00,國文(學測),1.50,物理(分科),1.00,,,,,21,120.00,,,,,,,,48,數學A(底標) 或 數學B(底標),,,,自然→國文→物理,3,18,21,18,3,0,0,21
2744,南華大學,自然生物科技學系,生物(分科),2.00,自然(學測),1.75,國文(學測),2.00,,,,,8,166.25,,,,,,,,48,,,,,生物→自然→國文,2,6,8,7,1,0,0,8
2745,南華大學,資訊管理學系人工智慧組,物理(分科),2.00,自然(學測),2.00,國文(學測),1.75,,,,,7,137.50,,,,,,,,48,,,,,物理→自然→國文,1,6,7,5,2,0,0,7
2746,南華大學,資訊管理學系大數據分析組,公民與社會(分科),2.00,社會(學測),2.00,國文(學測),1.75,,,,,4,117.50,,,,,,,,48,,,,,公民與社會→社會→國文,1,6,7,3,1,0,0,4
2747,國立臺灣體育運動大學,體育學系,體育(術科),2.00,生物(分科),2.00,英文(學測),1.00,化學(分科),1.00,,,21,239.12,,,,,,,,48,,,,,術科→生物→英文→化學,5,16,21,20,1,0,0,21
2750,國立臺灣體育運動大學,休閒運動學系,國文(學測),2.00,英文(學測),2.00,地理(分科),1.00,,,,,6,167.00,,,,,,,,48,,,,,國文→英文→地理,5,1,6,4,2,0,0,6
2751,國立臺灣體育運動大學,運動事業管理學系,國文(學測),2.00,英文(學測),2.00,歷史(分科),1.00,地理(分科),1.00,,,17,189.00,,,,,,,,48,,,,,國文→英文→歷史→地理,13,4,17,13,4,0,0,17
2752,國立臺灣體育運動大學,運動健康科學學系,生物(分科),2.00,化學(分科),1.50,英文(學測),2.00,,,,,15,159.50,,,162.55,,,,,48,,,,,生物→化學→英文,8,6,14,8,6,0,1,15
2753,國立臺灣體育運動大學,運動資訊與傳播學系,英文(學測),2.00,國文(學測),2.00,歷史(分科),1.75,地理(分科),1.00,,,6,230.75,,,,,,,,48,,,,,英文→國文→歷史→地理,4,2,6,4,2,0,0,6
2754,國立臺南藝術大學,藝術史學系,歷史(分科),1.50,地理(分科),1.50,國文(學測),1.25,英文(學測),1.00,,,26,137.50,,,,,,,,48,,,,,歷史→地理→國文→英文,12,14,26,7,19,0,0,26
2755,國立臺南藝術大學,應用音樂學系,英文(學測),1.50,國文(學測),1.50,歷史(分科),1.00,地理(分科),1.00,,,12,153.00,,,,,,,,48,,,,,英文→國文→歷史→地理,10,2,12,8,4,0,0,12
2756,國立臺南藝術大學,材質創作與設計系,英文(學測),1.50,美術(術科),2.00,國文(學測),1.50,歷史(分科),1.00,,,20,216.50,,,,,,,,48,,,,,英文→術科→國文→歷史,15,5,20,2,18,0,0,20
2757,玄奘大學,社會工作學系,國文(學測),2.00,歷史(分科),2.00,地理(分科),1.75,,,,,0,,,,,,,,,48,,,,,國文→歷史→地理,2,17,19,0,0,0,0,0
2760,玄奘大學,應用心理學系,國文(學測),2.00,歷史(分科),2.00,地理(分科),1.75,,,,,4,129.00,,,,,,,,48,,,,,國文→歷史→地理,2,11,13,2,2,0,0,4
2761,玄奘大學,法律學系,國文(學測),2.00,公民與社會(分科),2.00,歷史(分科),1.75,,,,,4,122.00,,,,,,,,48,,,,,國文→公民與社會→歷史,2,6,8,1,3,0,0,4
2762,玄奘大學,大眾傳播學系,國文(學測),2.00,歷史(分科),2.00,公民與社會(分科),1.75,,,,,1,140.50,,,,,,,,48,,,,,國文→歷史→公民與社會,1,11,12,0,1,0,0,1
2763,玄奘大學,視覺傳達設計學系,國文(學測),2.00,地理(分科),1.75,歷史(分科),1.50,,,,,1,110.00,,,,,,,,48,,,,,國文→地理→歷史,1,5,6,0,1,0,0,1
2764,玄奘大學,應用日語學系,國文(學測),2.00,歷史(分科),2.00,地理(分科),1.75,,,,,2,127.25,,,,,,,,48,,,,,國文→歷史→地理,1,3,4,2,0,0,0,2
2765,玄奘大學,餐旅管理學系,國文(學測),2.00,社會(學測),2.00,公民與社會(分科),1.75,,,,,1,127.00,,,,,,,,48,,,,,國文→社會→公民與社會,1,5,6,0,1,0,0,1
2766,真理大學,企業管理學系,國文(學測),1.50,社會(學測),1.50,英文(學測),1.00,公民與社會(分科),1.75,,,18,103.50,,,,,,,,48,,,,,國文→社會→英文→公民與社會,3,18,21,14,4,0,0,18
2767,真理大學,法律學系法律應用實務組,國文(學測),2.00,公民與社會(分科),2.00,歷史(分科),1.50,,,,,11,123.00,,,,,,,,48,,,,,國文→公民與社會→歷史,6,12,18,5,6,0,0,11
2770,真理大學,法律學系財經科技法律組,社會(學測),2.00,公民與社會(分科),2.00,國文(學測),1.50,,,,,2,166.00,,,,,,,,48,,,,,社會→公民與社會→國文,6,0,6,2,0,0,0,2
2771,真理大學,財務金融學系,社會(學測),2.00,歷史(分科),2.00,國文(學測),1.00,,,,,7,102.00,,,,,,,,48,,,,,社會→歷史→國文,8,8,16,1,6,0,0,7
2772,真理大學,國際經營與貿易學系,國文(學測),2.00,社會(學測),2.00,地理(分科),1.00,,,,,1,110.00,,,,,,,,48,,,,,國文→社會→地理,3,15,18,1,0,0,0,1
2773,真理大學,經濟學系,歷史(分科),2.00,社會(學測),1.75,國文(學測),1.75,,,,,0,,,,,,,,,48,,,,,歷史→社會→國文,12,8,20,0,0,0,0,0
2774,真理大學,觀光事業學系,地理(分科),2.00,國文(學測),1.00,英文(學測),1.00,,,,,12,67.00,,,,,,,,48,,,,,地理→國文→英文,4,19,23,4,8,0,0,12
2775,真理大學,運動管理學系,社會(學測),2.00,國文(學測),1.00,英文(學測),1.00,歷史(分科),1.00,,,18,92.00,,,,,,,,48,,,,,社會→國文→英文→歷史,1,19,20,15,3,0,0,18
2776,真理大學,運動資訊傳播學系,社會(學測),2.00,國文(學測),1.75,歷史(分科),1.25,,,,,3,120.50,,,,,,,,49,,,,,社會→國文→歷史,2,21,23,1,2,0,0,3
2777,真理大學,人文與資訊學系,社會(學測),2.00,國文(學測),1.75,歷史(分科),1.50,公民與社會(分科),1.00,,,7,127.25,,,,,,,,49,,,,,社會→國文→歷史→公民與社會,9,13,22,5,2,0,0,7
3000,真理大學,應用日語學系,國文(學測),2.00,英文(學測),1.50,歷史(分科),1.50,,,,,17,89.00,,,,,,,,49,,,,,國文→英文→歷史,7,14,21,9,8,0,0,17
3001,真理大學,音樂應用學系-音樂表演與創作組,英文(學測),1.50,國文(學測),2.00,公民與社會(分科),1.00,,,,,3,77.00,,,,,,,,49,,,,,英文→國文→公民與社會,5,5,10,1,2,0,0,3
3002,真理大學,音樂應用學系-藝術行政與經紀組,英文(學測),1.50,國文(學測),2.00,歷史(分科),1.00,,,,,3,81.00,,,,,,,,49,,,,,英文→國文→歷史,4,7,11,1,2,0,0,3
3003,真理大學,統計資訊與精算學系,數學B(學測),2.00,國文(學測),2.00,公民與社會(分科),1.00,,,,,9,73.00,,,,,,,,49,,,,,數學B→國文→公民與社會,11,11,22,5,4,0,0,9
3004,真理大學,資訊工程學系人工智慧應用組,英文(學測),1.50,國文(學測),1.00,社會(學測),1.00,公民與社會(分科),1.00,,,6,78.50,,,,,,,,49,,,,,英文→國文→社會→公民與社會,5,3,8,5,1,0,0,6
3005,真理大學,資訊工程學系多媒體遊戲設計組,歷史(分科),1.50,社會(學測),1.50,英文(學測),1.00,國文(學測),1.00,,,5,102.00,,,,,,,,49,,,,,歷史→社會→英文→國文,6,1,7,4,1,0,0,5
3006,真理大學,航空事業學系,英文(學測),1.50,國文(學測),1.25,公民與社會(分科),1.00,,,,,12,62.50,,,,,,,,49,,,,,英文→國文→公民與社會,11,15,26,7,5,0,0,12
3007,國立臺北大學,法律學系法學組,國文(學測),1.50,英文(學測),1.50,數學B(學測),1.50,公民與社會(分科),1.00,歷史(分科),1.00,25,317.00,國文(學測),48,,,,,,49,,,,,國文→英文→數學B→公民與社會→歷史,24,1,25,9,16,0,0,25
3010,國立臺北大學,法律學系司法組,國文(學測),1.50,英文(學測),1.50,數學B(學測),1.50,公民與社會(分科),1.00,歷史(分科),1.00,26,319.00,,,,,,,,49,,,,,國文→英文→數學B→公民與社會→歷史,24,2,26,12,14,0,0,26
3011,國立臺北大學,法律學系財經法組,國文(學測),1.50,英文(學測),1.50,數學B(學測),1.50,公民與社會(分科),1.00,歷史(分科),1.00,39,322.00,,,,,,,,49,,,,,國文→英文→數學B→公民與社會→歷史,24,15,39,19,20,0,0,39
3012,國立臺北大學,企業管理學系,英文(學測),2.00,數學乙(分科),2.00,國文(學測),1.50,公民與社會(分科),1.00,,,53,306.50,英文(學測),50,,,,,,49,,,,,英文→數學乙→國文→公民與社會,26,27,53,20,33,0,0,53
3013,國立臺北大學,金融與合作經營學系,英文(學測),2.00,數學乙(分科),2.00,國文(學測),1.50,公民與社會(分科),1.00,,,25,326.00,英文(學測),51,,,,,,49,,,,,英文→數學乙→國文→公民與社會,11,14,25,7,18,0,0,25
3014,國立臺北大學,會計學系,數學乙(分科),2.00,英文(學測),2.00,公民與社會(分科),1.00,國文(學測),1.00,,,41,288.00,數學乙(分科),54,,,,,,49,,,,,數學乙→英文→公民與社會→國文,34,7,41,13,28,0,0,41
3015,國立臺北大學,統計學系,數學乙(分科),2.00,英文(學測),1.75,國文(學測),1.50,,,,,24,257.75,數學乙(分科),52,,,,,,49,,,,,數學乙→英文→國文,20,4,24,14,10,0,0,24
3016,國立臺北大學,休閒運動管理學系,英文(學測),2.00,數學B(學測),2.00,國文(學測),1.50,公民與社會(分科),1.00,,,11,271.50,,,,,,,,49,,,,,英文→數學B→國文→公民與社會,10,1,11,5,6,0,0,11
3017,國立臺北大學,公共行政暨政策學系,公民與社會(分科),2.00,社會(學測),1.50,國文(學測),1.50,英文(學測),1.00,數學B(學測),1.00,66,320.50,公民與社會(分科),56,324.05,,,,,49,,,,,公民與社會→社會→國文→英文→數學B,40,24,64,35,29,1,1,66
3020,國立臺北大學,財政學系,數學乙(分科),1.25,英文(學測),1.25,公民與社會(分科),1.00,地理(分科),1.00,,,32,221.00,,,,,,,,49,,,,,數學乙→英文→公民與社會→地理,20,12,32,17,15,0,0,32
3021,國立臺北大學,不動產與城鄉環境學系,英文(學測),1.50,數學B(學測),1.50,地理(分科),1.00,國文(學測),1.00,,,25,224.00,英文(學測),45,,,,,,49,,,,,英文→數學B→地理→國文,23,2,25,11,14,0,0,25
3022,國立臺北大學,經濟學系,數學A(學測),2.00,英文(學測),1.50,國文(學測),1.00,公民與社會(分科),1.00,,,52,231.00,,,,,,,,49,,,,,數學A→英文→國文→公民與社會,36,16,52,25,27,0,0,52
3023,國立臺北大學,社會學系,英文(學測),1.50,數學B(學測),1.00,國文(學測),1.00,公民與社會(分科),1.00,,,15,194.50,,,,,,,,49,英文(均標),數學B(均標),,,英文→數學B→國文→公民與社會,13,2,15,7,8,0,0,15
3024,國立臺北大學,社會工作學系,國文(學測),1.50,英文(學測),1.25,數學B(學測),1.00,公民與社會(分科),1.25,歷史(分科),1.00,12,261.00,,,,,,,,49,國文(均標),英文(均標),,,國文→英文→數學B→公民與社會→歷史,11,1,12,6,6,0,0,12
3025,國立臺北大學,中國文學系,國文(學測),2.00,英文(學測),1.50,歷史(分科),1.25,地理(分科),1.00,,,22,257.25,國文(學測),48,,,,,,49,,,,,國文→英文→歷史→地理,12,10,22,9,13,0,0,22
3026,國立臺北大學,應用外語學系,英文(學測),2.00,國文(學測),1.50,歷史(分科),1.00,地理(分科),1.00,,,33,252.50,英文(學測),53,,,,,,49,數學B(均標),,,A級,英文→國文→歷史→地理,10,23,33,9,24,0,0,33
3027,國立臺北大學,歷史學系,歷史(分科),1.50,國文(學測),1.25,英文(學測),1.25,地理(分科),1.00,公民與社會(分科),1.00,16,276.25,,,278.65,,,,,49,,,,,歷史→國文→英文→地理→公民與社會,9,6,15,7,8,0,1,16
3030,國立臺北大學,資訊工程學系,數學甲(分科),1.50,英文(學測),1.25,物理(分科),1.25,化學(分科),1.00,國文(學測),1.00,22,264.00,,,,,,,,49,,,,,數學甲→英文→物理→化學→國文,11,11,22,19,3,0,0,22
3031,國立臺北大學,通訊工程學系,數學甲(分科),1.00,物理(分科),1.00,英文(學測),1.00,,,,,9,134.00,數學甲(分科),41,,,,,,49,,,,,數學甲→物理→英文,7,2,9,7,2,0,0,9
3032,國立臺北大學,電機工程學系,數學甲(分科),1.00,物理(分科),1.00,英文(學測),1.00,化學(分科),1.00,國文(學測),1.00,16,228.00,數學甲(分科),32,230.85,,,,,49,,,,,數學甲→物理→英文→化學→國文,8,6,14,12,2,1,1,16
3033,國立嘉義大學,教育學系,國文(學測),1.50,英文(學測),1.50,數學B(學測),1.50,歷史(分科),1.00,公民與社會(分科),1.00,21,194.50,,,,,,,,49,,,,,國文→英文→數學B→歷史→公民與社會,16,5,21,10,11,0,0,21
3034,國立嘉義大學,輔導與諮商學系,英文(學測),1.50,國文(學測),1.50,數學B(學測),1.50,公民與社會(分科),1.00,,,31,192.50,,,197.10,,,,,49,,,,,英文→國文→數學B→公民與社會,19,11,30,7,23,0,1,31
3035,國立嘉義大學,體育與健康休閒學系,國文(學測),1.00,英文(學測),1.00,公民與社會(分科),1.00,,,,,6,91.00,國文(學測),39,,,,,,49,,,,,國文→英文→公民與社會,5,1,6,5,1,0,0,6
3036,國立嘉義大學,特殊教育學系,國文(學測),2.00,公民與社會(分科),2.00,地理(分科),1.00,,,,,15,187.00,,,,,,,,50,,,,,國文→公民與社會→地理,13,2,15,4,11,0,0,15
3037,國立嘉義大學,幼兒教育學系,國文(學測),1.50,英文(學測),1.50,數學B(學測),1.00,公民與社會(分科),1.00,,,30,124.50,,,124.95,,,,,50,,,,,國文→英文→數學B→公民與社會,20,9,29,7,22,0,1,30
3040,國立嘉義大學,數位學習設計與管理學系(媒體互動設計組),國文(學測),1.50,英文(學測),1.50,公民與社會(分科),1.00,,,,,11,129.00,,,,,,,,50,,,,,國文→英文→公民與社會,9,2,11,9,2,0,0,11
3041,國立嘉義大學,數位學習設計與管理學系(資訊科技與管理組),國文(學測),1.50,英文(學測),1.50,物理(分科),1.00,,,,,11,140.50,,,,,,,,50,,,,,國文→英文→物理,8,3,11,7,4,0,0,11
3042,國立嘉義大學,中國文學系,國文(學測),2.00,歷史(分科),1.50,地理(分科),1.00,,,,,35,132.50,國文(學測),33,,,,,,50,,,,,國文→歷史→地理,18,17,35,15,20,0,0,35
3043,國立嘉義大學,視覺藝術學系,美術(術科),2.00,國文(學測),2.00,英文(學測),1.00,歷史(分科),1.00,,,18,227.00,美術(術科),57,,,,,,50,,,,,術科→國文→英文→歷史,13,5,18,5,13,0,0,18
3044,國立嘉義大學,應用歷史學系,歷史(分科),1.50,國文(學測),1.25,地理(分科),1.25,,,,,38,132.25,,,,,,,,50,,,,,歷史→國文→地理,20,18,38,29,9,0,0,38
3045,國立嘉義大學,外國語言學系英語教學組,英文(學測),2.00,國文(學測),1.25,歷史(分科),1.00,,,,,30,100.75,,,,,,,,50,,,,,英文→國文→歷史,13,17,30,11,19,0,0,30
3046,國立嘉義大學,外國語言學系應用外語組,英文(學測),2.00,國文(學測),1.50,歷史(分科),1.00,,,,,29,138.50,,,,,,,,50,,,,,英文→國文→歷史,13,16,29,8,21,0,0,29
3047,國立嘉義大學,音樂學系,音樂(術科),2.00,國文(學測),1.00,英文(學測),1.00,歷史(分科),1.00,,,1,218.28,,,,,,,,50,,,,,術科→國文→英文→歷史,1,11,12,0,1,0,0,1
3050,國立嘉義大學,企業管理學系,英文(學測),1.00,國文(學測),1.00,公民與社會(分科),1.00,,,,,36,101.00,英文(學測),23,,,,,,50,,,,,英文→國文→公民與社會,20,16,36,16,20,0,0,36
3051,國立嘉義大學,應用經濟學系,數學乙(分科),1.50,英文(學測),1.50,國文(學測),1.00,公民與社會(分科),1.00,,,30,165.50,,,,,,,,50,,,,,數學乙→英文→國文→公民與社會,20,10,30,21,9,0,0,30
3052,國立嘉義大學,科技管理學系,英文(學測),2.00,國文(學測),1.50,公民與社會(分科),1.00,,,,,26,136.00,英文(學測),26,,,,,,50,,,,,英文→國文→公民與社會,15,11,26,21,5,0,0,26
3053,國立嘉義大學,資訊管理學系(自然組),數學甲(分科),2.00,英文(學測),2.00,國文(學測),1.00,,,,,12,183.00,,,,,,,,50,,,,,數學甲→英文→國文,10,2,12,9,3,0,0,12
3054,國立嘉義大學,資訊管理學系(社會組),數學B(學測),2.00,英文(學測),2.00,國文(學測),1.00,公民與社會(分科),1.00,,,11,214.00,,,,,,,,50,,,,,數學B→英文→國文→公民與社會,9,2,11,5,6,0,0,11
3055,國立嘉義大學,行銷與觀光管理學系,英文(學測),2.00,國文(學測),1.00,公民與社會(分科),2.00,數學乙(分科),1.00,,,32,159.00,英文(學測),27,,,,,,50,,,,,英文→國文→公民與社會→數學乙,18,14,32,18,14,0,0,32
3056,國立嘉義大學,財務金融學系,數學乙(分科),2.00,英文(學測),2.00,國文(學測),1.50,公民與社會(分科),1.00,,,34,247.00,數學乙(分科),49,,,,,,50,,,,,數學乙→英文→國文→公民與社會,20,14,34,18,16,0,0,34
3057,國立嘉義大學,農藝學系,生物(分科),2.00,英文(學測),1.50,國文(學測),1.00,,,,,25,131.50,,,,,,,,50,,,,,生物→英文→國文,16,9,25,7,18,0,0,25
3060,國立嘉義大學,園藝學系,生物(分科),2.00,英文(學測),1.50,國文(學測),1.00,,,,,16,130.00,生物(分科),33,,,,,,50,,,,,生物→英文→國文,12,4,16,3,13,0,0,16
3061,國立嘉義大學,森林暨自然資源學系,生物(分科),2.00,英文(學測),1.50,國文(學測),1.00,,,,,22,133.00,生物(分科),29,,,,,,50,,,,,生物→英文→國文,16,6,22,13,9,0,0,22
3062,國立嘉義大學,木質材料與設計學系,物理(分科),1.50,化學(分科),2.00,英文(學測),1.50,,,,,19,130.50,,,145.55,,,,,50,,,,,物理→化學→英文,16,2,18,16,2,1,0,19
3063,國立嘉義大學,動物科學系,生物(分科),1.50,化學(分科),1.50,英文(學測),1.50,數學A(學測),1.00,國文(學測),1.00,23,228.50,生物(分科),44,,,,,,50,,,,,生物→化學→英文→數學A→國文,20,3,23,9,14,0,0,23
3064,國立嘉義大學,農業生物科技學系,生物(分科),1.50,英文(學測),1.50,化學(分科),1.50,國文(學測),1.00,,,17,158.00,,,,,,,,50,,,,,生物→英文→化學→國文,14,3,17,5,12,0,0,17
3065,國立嘉義大學,景觀學系(社會組),地理(分科),1.50,國文(學測),1.00,英文(學測),1.00,,,,,13,114.00,,,,,,,,50,,,,,地理→國文→英文,7,6,13,7,6,0,0,13
3066,國立嘉義大學,景觀學系(自然組),生物(分科),1.50,國文(學測),1.00,英文(學測),1.00,,,,,14,107.50,生物(分科),39,,,,,,50,,,,,生物→國文→英文,7,7,14,4,10,0,0,14
3067,國立嘉義大學,植物醫學系,生物(分科),1.50,化學(分科),1.50,英文(學測),1.50,國文(學測),1.00,,,27,165.00,,,167.00,,,,,50,,,,,生物→化學→英文→國文,14,12,26,14,12,0,1,27
3070,國立嘉義大學,電子物理學系,物理(分科),1.00,數學A(學測),1.00,英文(學測),1.00,,,,,24,109.00,物理(分科),44,,,,,,50,,,,,物理→數學A→英文,22,2,24,21,3,0,0,24
3071,國立嘉義大學,應用化學系,化學(分科),1.50,英文(學測),1.00,數學A(學測),1.00,國文(學測),1.00,,,33,166.00,化學(分科),40,188.00,,,,,50,,,,,化學→英文→數學A→國文,24,8,32,17,15,1,0,33
3072,國立嘉義大學,應用數學系,數學甲(分科),2.00,物理(分科),1.00,英文(學測),1.00,,,,,24,118.00,數學甲(分科),29,,,,,,50,,,,,數學甲→物理→英文,15,9,24,21,3,0,0,24
3073,國立嘉義大學,資訊工程學系,數學A(學測),1.00,英文(學測),1.00,物理(分科),1.00,國文(學測),1.00,,,22,155.00,數學A(學測),36,194.40,,,,,50,,,,,數學A→英文→物理→國文,13,8,21,14,7,1,0,22
3074,國立嘉義大學,生物機電工程學系,數學A(學測),1.00,物理(分科),1.50,英文(學測),1.25,國文(學測),1.00,,,32,161.75,,,,,,,,50,,,,,數學A→物理→英文→國文,21,11,32,26,6,0,0,32
3075,國立嘉義大學,土木與水資源工程學系,物理(分科),1.00,數學A(學測),1.00,英文(學測),1.00,國文(學測),1.00,,,28,124.00,物理(分科),40,133.65,,,,,50,,,,,物理→數學A→英文→國文,16,11,27,22,5,0,1,28
3076,國立嘉義大學,電機工程學系,數學A(學測),1.00,物理(分科),1.00,英文(學測),1.00,國文(學測),1.00,,,41,158.00,數學A(學測),31,163.35,,,,,51,,,,,數學A→物理→英文→國文,20,20,40,34,6,1,0,41
3077,國立嘉義大學,機械與能源工程學系,數學A(學測),1.00,物理(分科),2.00,英文(學測),1.00,國文(學測),1.00,,,33,176.00,,,,,,,,51,,,,,數學A→物理→英文→國文,18,15,33,29,4,0,0,33
3100,國立嘉義大學,食品科學系,化學(分科),1.50,生物(分科),1.50,英文(學測),1.50,國文(學測),1.00,,,23,166.00,,,,,,,,51,,,,,化學→生物→英文→國文,19,4,23,4,19,0,0,23
3101,國立嘉義大學,水生生物科學系,生物(分科),2.00,化學(分科),1.50,英文(學測),2.00,國文(學測),1.00,,,21,182.50,,,,,,,,51,,,,,生物→化學→英文→國文,14,7,21,9,12,0,0,21
3102,國立嘉義大學,生物資源學系,生物(分科),2.00,英文(學測),1.50,國文(學測),1.00,,,,,22,154.00,,,,,,,,51,,,,,生物→英文→國文,18,4,22,6,16,0,0,22
3103,國立嘉義大學,生化科技學系,生物(分科),1.50,化學(分科),1.50,英文(學測),1.50,國文(學測),1.00,,,27,186.50,,,,,,,,51,,,,,生物→化學→英文→國文,19,8,27,11,16,0,0,27
3104,國立嘉義大學,微生物免疫與生物藥學系,生物(分科),1.75,化學(分科),1.75,英文(學測),1.50,國文(學測),1.00,,,32,211.00,,,229.10,,,,,51,,,,,生物→化學→英文→國文,21,10,31,13,18,0,1,32
3105,國立嘉義大學,獸醫學系,英文(學測),1.25,生物(分科),1.25,化學(分科),1.25,數學甲(分科),1.00,國文(學測),1.00,21,285.75,,,300.90,,,,,51,,,,,英文→生物→化學→數學甲→國文,18,2,20,11,9,1,0,21
3106,國立高雄大學,西洋語文學系,英文(學測),2.00,國文(學測),1.00,歷史(分科),1.00,,,,,20,150.00,英文(學測),33,,,,,,51,,,,,英文→國文→歷史,11,9,20,8,12,0,0,20
3107,國立高雄大學,運動健康與休閒學系,國文(學測),2.00,英文(學測),1.00,公民與社會(分科),1.00,,,,,24,136.00,,,,,,,,51,,,,,國文→英文→公民與社會,21,3,24,14,10,0,0,24
3110,國立高雄大學,東亞語文學系日語組,國文(學測),2.00,英文(學測),2.00,歷史(分科),1.00,地理(分科),1.00,,,6,256.00,,,,,,,,51,,,,,國文→英文→歷史→地理,6,0,6,5,1,0,0,6
3111,國立高雄大學,東亞語文學系韓語組,國文(學測),2.00,英文(學測),2.00,歷史(分科),1.00,地理(分科),1.00,,,5,256.00,,,,,,,,51,,,,,國文→英文→歷史→地理,5,0,5,0,5,0,0,5
3112,國立高雄大學,東亞語文學系越語組,國文(學測),2.00,英文(學測),2.00,歷史(分科),1.00,地理(分科),1.00,,,7,198.00,,,,,,,,51,,,,,國文→英文→歷史→地理,4,3,7,3,4,0,0,7
3113,國立高雄大學,工藝與創意設計學系,國文(學測),2.00,英文(學測),1.50,歷史(分科),2.00,,,,,14,209.50,國文(學測),48,,,,,,51,,,,,國文→英文→歷史,10,4,14,4,10,0,0,14
3114,國立高雄大學,建築學系,國文(學測),2.00,英文(學測),2.00,數學甲(分科),1.50,物理(分科),1.00,,,19,254.50,,,,,,,,51,,,,,國文→英文→數學甲→物理,11,8,19,10,9,0,0,19
3115,國立高雄大學,法律學系,國文(學測),1.25,英文(學測),1.25,歷史(分科),1.00,公民與社會(分科),1.00,,,42,202.75,,,205.40,,,,,51,,,,,國文→英文→歷史→公民與社會,26,14,40,18,22,2,0,42
3116,國立高雄大學,政治法律學系,英文(學測),1.50,國文(學測),1.25,公民與社會(分科),1.00,歷史(分科),1.00,,,22,212.00,,,224.50,,,,,51,,,,,英文→國文→公民與社會→歷史,20,1,21,7,14,1,0,22
3117,國立高雄大學,財經法律學系,國文(學測),1.25,英文(學測),1.25,公民與社會(分科),1.00,,,,,20,156.00,,,156.40,,,,,51,數學A(後標) 或 數學B(後標),,,,國文→英文→公民與社會,12,7,19,10,9,0,1,20
3120,國立高雄大學,應用經濟學系,數學乙(分科),2.00,英文(學測),2.00,國文(學測),1.50,社會(學測),1.00,,,24,269.50,數學乙(分科),40,271.90,,,,,51,,,,,數學乙→英文→國文→社會,21,2,23,9,14,0,1,24
3121,國立高雄大學,亞太工商管理學系企業管理組,英文(學測),1.25,數學B(學測),1.25,公民與社會(分科),1.00,,,,,17,129.00,英文(學測),28,,,,,,51,,,,,英文→數學B→公民與社會,7,10,17,13,4,0,0,17
3122,國立高雄大學,亞太工商管理學系工業管理組,英文(學測),1.25,數學A(學測),1.25,物理(分科),1.00,,,,,14,116.00,,,,118.60,,,,51,,,,,英文→數學A→物理,7,6,13,11,2,1,0,14
3123,國立高雄大學,資訊管理學系,英文(學測),1.50,數學乙(分科),1.50,國文(學測),1.00,,,,,22,168.00,,,,,,,,51,國文(均標),英文(均標),,,英文→數學乙→國文,18,4,22,10,12,0,0,22
3124,國立高雄大學,財務金融學系,英文(學測),1.50,數學乙(分科),1.50,國文(學測),1.00,公民與社會(分科),1.00,,,28,216.00,,,,,,,,51,,,,,英文→數學乙→國文→公民與社會,15,13,28,15,13,0,0,28
3125,國立高雄大學,應用數學系,數學甲(分科),2.00,國文(學測),1.50,英文(學測),1.00,,,,,26,167.00,數學甲(分科),35,,,,,,51,,,,,數學甲→國文→英文,18,8,26,20,6,0,0,26
3126,國立高雄大學,應用化學系,化學(分科),2.00,數學甲(分科),1.00,物理(分科),1.00,,,,,20,164.00,,,,,,,,51,,,,,化學→數學甲→物理,19,1,20,18,2,0,0,20
3127,國立高雄大學,應用物理學系,物理(分科),2.00,數學甲(分科),1.50,英文(學測),1.00,國文(學測),1.00,,,24,214.00,,,,,,,,51,,,,,物理→數學甲→英文→國文,21,3,24,18,6,0,0,24
3130,國立高雄大學,生命科學系,生物(分科),1.50,化學(分科),1.50,英文(學測),1.25,,,,,21,144.75,生物(分科),42,,,,,,51,,,,,生物→化學→英文,19,2,21,12,9,0,0,21
3131,國立高雄大學,電機工程學系,數學甲(分科),1.50,物理(分科),1.50,英文(學測),1.50,化學(分科),1.00,國文(學測),1.00,42,267.00,數學甲(分科),43,,,,,,51,,,,,數學甲→物理→英文→化學→國文,38,4,42,35,7,0,0,42
3132,國立高雄大學,土木與環境工程學系,數學甲(分科),2.00,物理(分科),1.50,化學(分科),1.50,英文(學測),1.00,國文(學測),1.00,27,248.00,數學甲(分科),31,,,,,,51,,,,,數學甲→物理→化學→英文→國文,18,9,27,21,6,0,0,27
3133,國立高雄大學,化學工程及材料工程學系,化學(分科),1.50,物理(分科),1.25,英文(學測),1.25,數學甲(分科),1.00,國文(學測),1.00,17,252.75,,,,,,,,51,,,,,化學→物理→英文→數學甲→國文,14,3,17,8,9,0,0,17
3134,國立高雄大學,資訊工程學系,數學甲(分科),2.00,英文(學測),2.00,物理(分科),1.00,國文(學測),1.00,,,10,251.00,,,,,,,,51,,,,,數學甲→英文→物理→國文,9,1,10,8,2,0,0,10
3135,慈濟大學,醫學系(自費),生物(分科),1.00,英文(學測),1.00,化學(分科),1.00,數學甲(分科),1.00,物理(分科),1.00,13,267.00,生物(分科),53,,,,,,51,,,,,生物→英文→化學→數學甲→物理,10,3,13,12,1,0,0,13
3136,慈濟大學,醫學系(公費),生物(分科),1.00,英文(學測),1.00,化學(分科),1.00,數學甲(分科),1.00,物理(分科),1.00,3,264.00,生物(分科),57,,,,,,52,,,,,生物→英文→化學→數學甲→物理,2,1,3,3,0,0,0,3
3137,慈濟大學,藥學系,化學(分科),1.25,生物(分科),1.25,英文(學測),1.00,國文(學測),1.00,數學甲(分科),1.00,12,284.00,,,,,,,,52,,,,,化學→生物→英文→國文→數學甲,3,9,12,7,5,0,0,12
3140,慈濟大學,醫學檢驗生物技術學系,生物(分科),1.50,化學(分科),1.50,英文(學測),1.00,,,,,8,151.00,,,,,,,,52,,,,,生物→化學→英文,6,2,8,5,3,0,0,8
3141,慈濟大學,物理治療學系,英文(學測),2.00,生物(分科),1.00,自然(學測),1.00,,,,,6,192.00,,,,,,,,52,,,,,英文→生物→自然,4,2,6,3,3,0,0,6
3142,慈濟大學,公共衛生學系,國文(學測),1.00,英文(學測),1.00,化學(分科),1.00,,,,,6,83.00,,,,,,,,52,,,,,國文→英文→化學,3,3,6,1,5,0,0,6
3143,慈濟大學,分子生物暨人類遺傳學系,生物(分科),2.00,英文(學測),2.00,國文(學測),1.00,,,,,10,148.00,生物(分科),37,,,,,,52,,,,,生物→英文→國文,3,7,10,3,7,0,0,10
3144,慈濟大學,醫學影像暨放射科學系,生物(分科),1.00,國文(學測),1.00,英文(學測),1.00,,,,,5,118.00,,,144.45,,,,,52,,,,,生物→國文→英文,4,0,4,3,1,0,1,5
3145,慈濟大學,護理學系,生物(分科),2.00,英文(學測),2.00,國文(學測),1.00,,,,,58,78.00,,,,,,,,52,,,,,生物→英文→國文,12,46,58,24,34,0,0,58
3146,慈濟大學,醫學資訊學系,英文(學測),2.00,物理(分科),1.75,國文(學測),1.50,,,,,29,102.75,,,,,,,,52,,,,,英文→物理→國文,4,25,29,17,12,0,0,29
3147,慈濟大學,生物醫學暨工程學系,化學(分科),2.00,物理(分科),1.50,英文(學測),1.00,,,,,11,95.00,化學(分科),25,,,,,,52,,,,,化學→物理→英文,4,7,11,6,5,0,0,11
3150,慈濟大學,傳播學系,國文(學測),2.00,英文(學測),1.00,公民與社會(分科),1.00,,,,,2,93.00,,,,,,,,52,,,,,國文→英文→公民與社會,1,3,4,1,1,0,0,2
3151,慈濟大學,兒童發展與家庭教育學系,國文(學測),2.00,公民與社會(分科),2.00,英文(學測),1.50,,,,,5,105.50,,,,,,,,52,,,,,國文→公民與社會→英文,1,8,9,0,5,0,0,5
3152,慈濟大學,社會工作學系,社會(學測),1.50,公民與社會(分科),1.50,國文(學測),1.00,,,,,4,90.50,,,,,,,,52,,,,,社會→公民與社會→國文,1,12,13,3,1,0,0,4
3153,慈濟大學,人類發展與心理學系,國文(學測),2.00,英文(學測),1.50,公民與社會(分科),1.50,,,,,5,141.00,,,,,,,,52,,,,,國文→英文→公民與社會,1,4,5,1,4,0,0,5
3154,慈濟大學,東方語文學系,國文(學測),2.00,社會(學測),1.00,公民與社會(分科),1.00,,,,,1,79.00,,,,,,,,52,,,,,國文→社會→公民與社會,1,10,11,0,1,0,0,1
3155,慈濟大學,外國語文學系,英文(學測),2.00,國文(學測),1.50,公民與社會(分科),1.00,,,,,1,101.00,,,,,,,,52,,,,,英文→國文→公民與社會,1,1,2,1,0,0,0,1
3156,慈濟大學,資訊科技與管理學系,國文(學測),2.00,自然(學測),1.00,數學甲(分科),1.00,,,,,1,143.00,,,,,,,,52,,,,,國文→自然→數學甲,1,0,1,0,1,0,0,1
3157,慈濟大學,醫務暨健康管理學系,國文(學測),1.00,公民與社會(分科),1.00,歷史(分科),1.00,,,,,0,,,,,,,,,52,,,,,國文→公民與社會→歷史,1,0,1,0,0,0,0,0
3160,慈濟大學,經營管理學系,國文(學測),2.00,社會(學測),1.00,公民與社會(分科),1.00,,,,,0,,,,,,,,,52,,,,,國文→社會→公民與社會,1,1,2,0,0,0,0,0
3161,慈濟大學,國際服務產業管理學士學位學程,英文(學測),2.00,國文(學測),1.00,公民與社會(分科),1.00,,,,,0,,,,,,,,,52,,,,,英文→國文→公民與社會,1,6,7,0,0,0,0,0
3162,臺北醫學大學,醫學系(自費),英文(學測),1.00,生物(分科),1.00,化學(分科),1.00,數學甲(分科),1.00,物理(分科),1.00,29,278.00,英文(學測),58,317.25,,,,,52,,,,,英文→生物→化學→數學甲→物理,17,11,28,22,6,1,0,29
3163,臺北醫學大學,醫學系(公費),英文(學測),1.00,生物(分科),1.00,化學(分科),1.00,數學甲(分科),1.00,物理(分科),1.00,2,266.00,英文(學測),57,,,,,,52,,,,,英文→生物→化學→數學甲→物理,2,0,2,2,0,0,0,2
3164,臺北醫學大學,牙醫學系,英文(學測),1.00,生物(分科),1.00,化學(分科),1.00,物理(分科),1.00,數學甲(分科),1.00,19,276.00,英文(學測),60,340.20,,,,,52,,,,,英文→生物→化學→物理→數學甲,17,1,18,12,6,1,0,19
3165,臺北醫學大學,藥學系藥學組,化學(分科),1.25,英文(學測),1.75,生物(分科),2.00,數學甲(分科),1.00,國文(學測),1.00,27,369.50,,,,,,,,52,,,,,化學→英文→生物→數學甲→國文,25,2,27,9,18,0,0,27
3166,臺北醫學大學,藥學系臨床藥學組,英文(學測),1.75,化學(分科),1.25,生物(分科),2.00,數學甲(分科),1.00,國文(學測),1.00,13,371.75,,,,,,,,52,,,,,英文→化學→生物→數學甲→國文,10,3,13,5,8,0,0,13
3167,臺北醫學大學,醫學檢驗暨生物技術學系,生物(分科),1.50,英文(學測),1.50,化學(分科),1.50,國文(學測),1.00,,,21,273.00,生物(分科),51,,,,,,52,,,,,生物→英文→化學→國文,16,5,21,7,14,0,0,21
3170,臺北醫學大學,護理學系,生物(分科),1.50,英文(學測),1.50,國文(學測),1.00,數學甲(分科),1.00,,,14,219.50,,,220.60,,,,,52,,,,,生物→英文→國文→數學甲,12,1,13,2,11,1,0,14
3171,臺北醫學大學,保健營養學系,化學(分科),2.00,生物(分科),1.50,英文(學測),2.00,數學甲(分科),1.00,,,21,278.00,化學(分科),43,,,,,,52,,,,,化學→生物→英文→數學甲,12,9,21,6,15,0,0,21
3172,臺北醫學大學,公共衛生學系,英文(學測),1.25,化學(分科),1.00,生物(分科),1.00,數學甲(分科),1.00,,,18,172.50,,,,,,,,52,,,,,英文→化學→生物→數學甲,13,5,18,9,9,0,0,18
3173,臺北醫學大學,醫務管理學系,英文(學測),1.50,國文(學測),1.25,數學B(學測),1.25,公民與社會(分科),1.00,,,20,199.25,,,,,,,,52,,,,,英文→國文→數學B→公民與社會,16,4,20,7,13,0,0,20
3174,臺北醫學大學,呼吸治療學系,英文(學測),1.50,生物(分科),1.25,化學(分科),1.25,,,,,14,187.50,英文(學測),50,,,,,,52,,,,,英文→生物→化學,10,4,14,9,5,0,0,14
3175,臺北醫學大學,高齡健康暨長期照護學系,英文(學測),1.00,生物(分科),1.00,國文(學測),1.00,,,,,10,130.00,英文(學測),48,134.20,,,,,52,數學A(後標) 或 數學B(均標),,,,英文→生物→國文,7,2,9,1,8,0,1,10
3176,臺北醫學大學,牙體技術學系,英文(學測),1.50,生物(分科),1.25,化學(分科),1.25,國文(學測),1.00,,,5,249.00,,,,,,,,52,,,,,英文→生物→化學→國文,4,1,5,2,3,0,0,5
3177,臺北醫學大學,口腔衛生學系,英文(學測),1.00,國文(學測),1.00,生物(分科),1.00,,,,,13,139.00,英文(學測),53,149.85,,,,,53,,,,B級,英文→國文→生物,7,5,12,3,9,0,1,13
3200,臺北醫學大學,生物醫學工程學系,生物(分科),2.00,數學A(學測),1.00,英文(學測),1.00,,,,,22,187.00,,,195.90,,,,,53,,,,,生物→數學A→英文,9,12,21,8,13,1,0,22
3201,臺北醫學大學,食品安全學系,英文(學測),1.50,化學(分科),1.50,數學A(學測),1.00,生物(分科),1.50,國文(學測),1.00,6,274.50,,,,,,,,53,,,,,英文→化學→數學A→生物→國文,5,1,6,2,4,0,0,6
3202,康寧大學,嬰幼兒保育學系(台北校區),公民與社會(分科),2.00,歷史(分科),1.00,地理(分科),1.00,,,,,7,103.00,,,,,,,,53,,,,,公民與社會→歷史→地理,2,5,7,2,5,0,0,7
3203,康寧大學,長期照護學系(台北校區),公民與社會(分科),2.00,歷史(分科),1.00,地理(分科),1.00,,,,,5,100.00,,,,,,,,53,,,,,公民與社會→歷史→地理,2,3,5,2,3,0,0,5
3204,佛光大學,建築環境設計學士學位學程(社會組),國文(學測),2.00,公民與社會(分科),2.00,歷史(分科),1.75,,,,,1,162.50,,,,,,,,53,,,,,國文→公民與社會→歷史,1,0,1,0,1,0,0,1
3205,佛光大學,建築環境設計學士學位學程(自然組),國文(學測),2.00,英文(學測),2.00,物理(分科),1.75,,,,,3,122.00,,,,,,,,53,,,,,國文→英文→物理,1,2,3,3,0,0,0,3
3206,佛光大學,傳播學系(數位媒體與智能創作組),國文(學測),2.00,歷史(分科),2.00,英文(學測),1.75,,,,,0,,,,,,,,,53,,,,,國文→歷史→英文,1,7,8,0,0,0,0,0
3207,佛光大學,傳播學系(廣告公關與精準行銷組),國文(學測),2.00,社會(學測),2.00,公民與社會(分科),1.75,,,,,2,117.50,,,,,,,,53,,,,,國文→社會→公民與社會,1,11,12,1,1,0,0,2
3210,佛光大學,傳播學系(流行音樂傳播與策展組),國文(學測),2.00,歷史(分科),2.00,公民與社會(分科),1.75,,,,,0,,,,,,,,,53,,,,,國文→歷史→公民與社會,1,7,8,0,0,0,0,0
3211,佛光大學,資訊應用學系(資訊系統與AI應用組),國文(學測),2.00,英文(學測),1.00,物理(分科),2.00,,,,,11,81.00,,,,,,,,53,,,,,國文→英文→物理,1,10,11,9,2,0,0,11
3212,佛光大學,資訊應用學系(動畫與視覺特效組),歷史(分科),2.00,地理(分科),1.75,公民與社會(分科),2.00,,,,,2,187.25,,,,,,,,53,,,,,歷史→地理→公民與社會,1,1,2,1,1,0,0,2
3213,佛光大學,資訊應用學系(數位遊戲開發組),國文(學測),2.00,化學(分科),1.00,物理(分科),2.00,,,,,11,99.00,,,,,,,,53,,,,,國文→化學→物理,1,10,11,9,2,0,0,11
3214,佛光大學,資訊應用學系(虛擬製作與互動科技組),國文(學測),2.00,英文(學測),2.00,物理(分科),2.00,化學(分科),1.00,,,1,97.00,,,,,,,,53,,,,,國文→英文→物理→化學,1,0,1,1,0,0,0,1
3215,佛光大學,歷史學系,歷史(分科),2.00,地理(分科),2.00,社會(學測),1.75,,,,,2,140.25,,,,,,,,53,,,,,歷史→地理→社會,1,1,2,1,1,0,0,2
3216,佛光大學,語文學系(應用英日語組),英文(學測),2.00,國文(學測),2.00,歷史(分科),1.75,,,,,2,115.75,,,,,,,,53,,,,,英文→國文→歷史,1,9,10,1,1,0,0,2
3217,佛光大學,語文學系(應用英韓語組),英文(學測),2.00,國文(學測),2.00,公民與社會(分科),1.75,,,,,0,,,,,,,,,53,,,,,英文→國文→公民與社會,1,6,7,0,0,0,0,0
3220,佛光大學,語文學系(歷史與文化傳播組),歷史(分科),2.00,地理(分科),2.00,公民與社會(分科),1.75,,,,,5,114.00,,,,,,,,53,,,,,歷史→地理→公民與社會,1,8,9,3,2,0,0,5
3221,佛光大學,社會學暨社會工作學系,國文(學測),2.00,社會(學測),2.00,公民與社會(分科),1.75,,,,,3,127.25,,,,,,,,53,,,,,國文→社會→公民與社會,1,13,14,2,1,0,0,3
3222,佛光大學,心理學系,英文(學測),2.00,數學乙(分科),1.75,國文(學測),2.00,,,,,13,104.50,,,,,,,,53,,,,,英文→數學乙→國文,1,12,13,6,7,0,0,13
3223,佛光大學,公共行政與國際事務學系,社會(學測),2.00,公民與社會(分科),2.00,歷史(分科),1.75,,,,,2,115.75,,,,,,,,53,,,,,社會→公民與社會→歷史,1,21,22,1,1,0,0,2
3224,佛光大學,管理學系,國文(學測),2.00,社會(學測),2.00,公民與社會(分科),1.75,,,,,2,132.00,,,,,,,,53,,,,,國文→社會→公民與社會,1,6,7,2,0,0,0,2
3225,佛光大學,應用經濟學系(財務金融組),公民與社會(分科),2.00,歷史(分科),2.00,地理(分科),1.75,,,,,7,130.50,,,,,,,,53,,,,,公民與社會→歷史→地理,1,9,10,4,3,0,0,7
3226,佛光大學,應用經濟學系(國際商務組),公民與社會(分科),2.00,社會(學測),2.00,國文(學測),1.75,,,,,1,142.50,,,,,,,,53,,,,,公民與社會→社會→國文,1,5,6,0,1,0,0,1
3227,佛光大學,樂活產業學系,國文(學測),2.00,社會(學測),2.00,公民與社會(分科),1.75,,,,,0,,,,,,,,,53,,,,,國文→社會→公民與社會,1,9,10,0,0,0,0,0
3230,佛光大學,健康與創意蔬食產業學系,國文(學測),2.00,公民與社會(分科),2.00,社會(學測),1.75,,,,,0,,,,,,,,,53,,,,,國文→公民與社會→社會,1,6,7,0,0,0,0,0
3231,亞洲大學,健康產業管理學系(跨領域高齡智慧照顧組),國文(學測),2.00,公民與社會(分科),2.00,歷史(分科),1.00,,,,,4,162.00,,,,,,,,53,,,,,國文→公民與社會→歷史,3,1,4,2,2,0,0,4
3232,亞洲大學,健康產業管理學系(醫療機構管理組),國文(學測),2.00,歷史(分科),2.00,英文(學測),1.00,,,,,8,145.00,,,,,,,,53,,,,,國文→歷史→英文,2,6,8,2,6,0,0,8
3233,亞洲大學,食品營養與保健生技學系(食品營養組),國文(學測),2.00,英文(學測),2.00,生物(分科),1.00,,,,,9,186.00,國文(學測),47,,,,,,53,,,,,國文→英文→生物,3,6,9,4,5,0,0,9
3234,亞洲大學,食品營養與保健生技學系(藥用化粧品醫美組),英文(學測),2.00,國文(學測),2.00,化學(分科),1.00,,,,,12,155.00,英文(學測),24,,,,,,53,,,,,英文→國文→化學,3,9,12,4,8,0,0,12
3235,亞洲大學,醫學檢驗暨生物技術學系(醫事檢驗組),生物(分科),2.00,英文(學測),1.00,化學(分科),1.00,國文(學測),2.00,,,13,232.00,生物(分科),35,,,,,,53,,,,,生物→英文→化學→國文,3,10,13,1,12,0,0,13
3236,亞洲大學,醫學檢驗暨生物技術學系(生物技術組),生物(分科),2.00,英文(學測),2.00,國文(學測),1.50,,,,,4,216.00,生物(分科),53,,,,,,53,,,,,生物→英文→國文,3,1,4,1,3,0,0,4
3237,亞洲大學,心理學系(心理師研修組),英文(學測),2.00,國文(學測),2.00,生物(分科),1.00,,,,,12,190.00,,,205.65,,,,,54,,,,,英文→國文→生物,2,9,11,5,6,1,0,12
3240,亞洲大學,心理學系(諮商與臨床心理組),英文(學測),2.00,國文(學測),2.00,公民與社會(分科),1.00,,,,,6,177.00,,,,,,,,54,,,,,英文→國文→公民與社會,2,4,6,3,3,0,0,6
3241,亞洲大學,心理學系(工商與社會心理組),英文(學測),2.00,國文(學測),2.00,歷史(分科),1.00,,,,,4,168.00,,,,,,,,54,,,,,英文→國文→歷史,2,2,4,3,1,0,0,4
3242,亞洲大學,視光學系,英文(學測),1.50,生物(分科),1.50,國文(學測),2.00,,,,,7,191.50,英文(學測),38,,,,,,54,,,,,英文→生物→國文,6,1,7,2,5,0,0,7
3243,亞洲大學,聽力暨語言治療學系,生物(分科),2.00,英文(學測),2.00,國文(學測),1.00,,,,,9,208.00,生物(分科),44,,,,,,54,,,,,生物→英文→國文,5,4,9,1,8,0,0,9
3244,亞洲大學,職能治療學系,英文(學測),2.00,生物(分科),2.00,國文(學測),1.00,,,,,8,209.00,,,,,,,,54,,,,,英文→生物→國文,6,2,8,2,6,0,0,8
3245,亞洲大學,物理治療學系,英文(學測),2.00,生物(分科),2.00,國文(學測),1.00,,,,,7,234.00,英文(學測),49,,,,,,54,,,,,英文→生物→國文,3,4,7,2,5,0,0,7
3246,亞洲大學,護理學系(國際護理組),英文(學測),2.00,國文(學測),2.00,數學乙(分科),1.50,,,,,12,145.50,,,,,,,,54,,,,,英文→國文→數學乙,3,9,12,2,10,0,0,12
3247,亞洲大學,護理學系(智慧護理組),英文(學測),1.50,國文(學測),2.00,公民與社會(分科),2.00,,,,,3,189.50,,,,,,,,54,,,,,英文→國文→公民與社會,3,0,3,1,2,0,0,3
3250,亞洲大學,護理學系(臨床照護組),英文(學測),1.50,國文(學測),2.00,化學(分科),2.00,,,,,17,164.00,,,,,,,,54,,,,,英文→國文→化學,4,13,17,3,14,0,0,17
3251,亞洲大學,長期照護學系,國文(學測),1.50,公民與社會(分科),1.50,歷史(分科),1.00,,,,,22,95.50,,,,,,,,54,,,,,國文→公民與社會→歷史,3,19,22,11,11,0,0,22
3252,亞洲大學,生物資訊與醫學工程學系(生醫資訊組),英文(學測),1.00,化學(分科),2.00,國文(學測),2.00,,,,,5,170.00,,,,,,,,54,,,,,英文→化學→國文,2,3,5,2,3,0,0,5
3253,亞洲大學,生物資訊與醫學工程學系(醫學工程組),英文(學測),1.00,物理(分科),2.00,國文(學測),2.00,,,,,8,163.00,,,,,,,,54,,,,,英文→物理→國文,3,5,8,4,4,0,0,8
3254,亞洲大學,資訊工程學系(人工智慧與機器人組),國文(學測),2.00,數學A(學測),1.00,物理(分科),1.00,,,,,11,132.00,國文(學測),44,,,,,,54,,,,,國文→數學A→物理,3,8,11,10,1,0,0,11
3255,亞洲大學,資訊工程學系(半導體資訊組),英文(學測),1.00,數學A(學測),2.00,物理(分科),2.00,,,,,12,135.00,英文(學測),39,,,,,,54,,,,,英文→數學A→物理,3,9,12,12,0,0,0,12
3256,亞洲大學,人工智慧學系,英文(學測),1.00,國文(學測),2.00,歷史(分科),2.00,,,,,20,137.00,英文(學測),15,,,,,,54,,,,,英文→國文→歷史,5,15,20,16,4,0,0,20
3257,亞洲大學,資訊傳播學系,國文(學測),2.00,英文(學測),1.00,歷史(分科),2.00,,,,,11,137.00,國文(學測),33,,,,,,54,,,,,國文→英文→歷史,4,7,11,7,4,0,0,11
3260,亞洲大學,經營管理學系(行銷與企業管理組),國文(學測),2.00,英文(學測),1.00,公民與社會(分科),1.00,,,,,10,109.00,國文(學測),33,,,,,,54,,,,,國文→英文→公民與社會,3,7,10,7,3,0,0,10
3261,亞洲大學,經營管理學系(休閒遊憩管理組),國文(學測),2.00,歷史(分科),1.00,英文(學測),1.00,,,,,8,107.00,國文(學測),31,,,,,,54,,,,,國文→歷史→英文,3,5,8,4,4,0,0,8
3262,亞洲大學,會計與資訊學系,國文(學測),2.00,公民與社會(分科),1.00,歷史(分科),1.00,,,,,20,116.00,,,,,,,,54,,,,,國文→公民與社會→歷史,3,17,20,11,9,0,0,20
3263,亞洲大學,財務金融學系(智能投資組),國文(學測),2.00,社會(學測),1.00,公民與社會(分科),1.00,,,,,15,122.00,國文(學測),34,127.60,,,,,54,,,,,國文→社會→公民與社會,3,11,14,11,3,1,0,15
3264,亞洲大學,財務金融學系(金融科技組),國文(學測),2.00,英文(學測),1.00,公民與社會(分科),1.00,,,,,10,112.00,,,,,,,,54,數學A(底標) 或 數學B(底標),,,,國文→英文→公民與社會,2,8,10,8,2,0,0,10
3265,亞洲大學,財經法律學系,公民與社會(分科),2.00,國文(學測),2.00,歷史(分科),1.00,,,,,18,159.00,公民與社會(分科),33,,,,,,54,,,,,公民與社會→國文→歷史,6,12,18,6,12,0,0,18
3266,亞洲大學,社會工作學系(兒少與家庭社工組),國文(學測),2.00,公民與社會(分科),2.00,英文(學測),1.00,,,,,20,121.00,,,,,,,,54,,,,,國文→公民與社會→英文,3,17,20,6,14,0,0,20
3267,亞洲大學,社會工作學系(醫務與心衛社工組),國文(學測),2.00,歷史(分科),2.00,英文(學測),1.00,,,,,16,128.00,,,,,,,,54,,,,,國文→歷史→英文,2,14,16,4,12,0,0,16
3270,亞洲大學,幼兒教育學系(師資培育學系),國文(學測),2.00,歷史(分科),1.00,英文(學測),1.00,,,,,4,107.00,國文(學測),30,,,,,,54,,,,,國文→歷史→英文,1,3,4,0,4,0,0,4
3271,亞洲大學,數位媒體設計學系(動漫遊戲組),國文(學測),2.00,英文(學測),1.00,歷史(分科),2.00,,,,,8,154.00,,,158.40,,,,,54,,,,,國文→英文→歷史,3,4,7,6,1,0,1,8
3272,亞洲大學,數位媒體設計學系(視覺傳達組),國文(學測),2.00,英文(學測),1.00,公民與社會(分科),2.00,,,,,7,138.00,,,,,,,,54,,,,,國文→英文→公民與社會,2,5,7,1,6,0,0,7
3273,亞洲大學,創意商品設計學系,國文(學測),2.00,英文(學測),1.00,公民與社會(分科),2.00,,,,,19,116.00,國文(學測),25,,,,,,54,,,,,國文→英文→公民與社會,2,17,19,8,11,0,0,19
3274,亞洲大學,時尚設計學系,國文(學測),2.00,英文(學測),1.00,公民與社會(分科),2.00,,,,,13,118.00,國文(學測),31,,,,,,54,,,,,國文→英文→公民與社會,2,11,13,3,10,0,0,13
3275,亞洲大學,室內設計學系(商業空間組),歷史(分科),2.00,英文(學測),1.50,地理(分科),1.00,,,,,4,133.50,,,,,,,,54,,,,,歷史→英文→地理,1,3,4,4,0,0,0,4
3276,亞洲大學,室內設計學系(住宅空間組),歷史(分科),2.00,英文(學測),1.50,國文(學測),1.00,,,,,6,131.50,,,,,,,,54,,,,,歷史→英文→國文,1,5,6,3,3,0,0,6
3277,國立宜蘭大學,外國語文學系,英文(學測),2.00,國文(學測),1.50,歷史(分科),1.00,,,,,8,126.00,,,,,,,,54,,,,,英文→國文→歷史,4,4,8,5,3,0,0,8
3300,國立宜蘭大學,應用經濟與管理學系,英文(學測),1.50,公民與社會(分科),1.50,國文(學測),1.00,數學B(學測),1.00,,,27,131.00,英文(學測),24,,,,,,55,,,,,英文→公民與社會→國文→數學B,6,21,27,13,14,0,0,27
3301,國立宜蘭大學,休閒產業與健康促進學系,英文(學測),1.50,國文(學測),1.00,地理(分科),2.00,,,,,13,128.00,,,134.00,,,,,55,,,,,英文→國文→地理,5,7,12,7,5,1,0,13
3302,國立宜蘭大學,土木工程學系,物理(分科),2.00,國文(學測),1.50,數學甲(分科),1.00,,,,,17,135.50,,,,,,,,55,,,,,物理→國文→數學甲,10,7,17,17,0,0,0,17
3303,國立宜蘭大學,機械與機電工程學系,數學甲(分科),1.00,物理(分科),1.50,英文(學測),1.00,國文(學測),1.00,,,9,143.00,數學甲(分科),29,,,,,,55,,,,,數學甲→物理→英文→國文,7,2,9,9,0,0,0,9
3304,國立宜蘭大學,化學工程與材料工程學系,數學甲(分科),1.50,化學(分科),1.50,物理(分科),1.50,英文(學測),1.00,,,15,161.50,,,,,,,,55,,,,,數學甲→化學→物理→英文,10,5,15,15,0,0,0,15
3305,國立宜蘭大學,環境工程學系,數學甲(分科),1.00,國文(學測),2.00,英文(學測),1.00,化學(分科),2.00,,,13,185.00,,,,,,,,55,,,,,數學甲→國文→英文→化學,5,8,13,9,4,0,0,13
3306,國立宜蘭大學,生物機電工程學系,數學甲(分科),1.00,物理(分科),1.00,英文(學測),1.00,國文(學測),1.00,,,9,126.00,,,143.10,,,,,55,,,,,數學甲→物理→英文→國文,8,0,8,6,2,1,0,9
3307,國立宜蘭大學,食品科學系,化學(分科),2.00,自然(學測),2.00,英文(學測),1.00,國文(學測),1.00,,,19,184.00,化學(分科),30,,,,,,55,,,,,化學→自然→英文→國文,8,11,19,17,2,0,0,19
3310,國立宜蘭大學,生物技術與動物科學系,生物(分科),2.00,英文(學測),1.00,化學(分科),1.00,國文(學測),1.00,,,26,146.00,,,,,,,,55,,,,,生物→英文→化學→國文,13,13,26,11,15,0,0,26
3311,國立宜蘭大學,森林暨自然資源學系,生物(分科),1.50,化學(分科),1.00,國文(學測),1.50,,,,,8,127.00,,,,,,,,55,,,,,生物→化學→國文,4,4,8,5,3,0,0,8
3312,國立宜蘭大學,園藝學系,化學(分科),2.00,自然(學測),1.00,國文(學測),1.00,,,,,12,114.00,化學(分科),28,,,,,,55,,,,,化學→自然→國文,3,9,12,9,3,0,0,12
3313,國立宜蘭大學,電機工程學系,數學甲(分科),2.00,物理(分科),1.00,英文(學測),1.00,國文(學測),1.00,,,25,173.00,數學甲(分科),30,,,,,,55,,,,,數學甲→物理→英文→國文,10,15,25,21,4,0,0,25
3314,國立宜蘭大學,電子工程學系,數學甲(分科),1.50,物理(分科),1.50,英文(學測),1.00,國文(學測),1.00,,,15,166.00,數學甲(分科),27,,,,,,55,,,,,數學甲→物理→英文→國文,10,5,15,13,2,0,0,15
3315,國立宜蘭大學,資訊工程學系,數學甲(分科),1.00,物理(分科),1.00,英文(學測),1.50,國文(學測),1.00,,,11,161.50,,,,,,,,55,,,,,數學甲→物理→英文→國文,4,7,11,8,3,0,0,11
3316,國立聯合大學,機械工程學系,數學A(學測),2.00,物理(分科),2.00,國文(學測),1.00,,,,,36,144.00,,,,,,,,55,,,,,數學A→物理→國文,19,17,36,30,6,0,0,36
3317,國立聯合大學,化學工程學系,數學A(學測),2.00,化學(分科),2.00,物理(分科),2.00,國文(學測),1.00,,,19,208.00,數學A(學測),35,,,,,,55,,,,,數學A→化學→物理→國文,11,8,19,12,7,0,0,19
3320,國立聯合大學,材料科學工程學系,物理(分科),1.00,化學(分科),1.00,數學A(學測),1.00,英文(學測),1.00,國文(學測),1.00,15,153.00,,,,,,,,55,,,,,物理→化學→數學A→英文→國文,9,6,15,10,5,0,0,15
3321,國立聯合大學,環境與安全衛生工程學系,化學(分科),1.50,國文(學測),1.00,數學A(學測),1.00,,,,,21,99.50,化學(分科),25,114.40,,,,,55,,,,,化學→國文→數學A,8,12,20,13,7,1,0,21
3322,國立聯合大學,土木與防災工程學系,數學A(學測),1.50,物理(分科),1.50,國文(學測),1.00,,,,,9,111.00,,,,,,,,55,,,,,數學A→物理→國文,5,4,9,6,3,0,0,9
3323,國立聯合大學,能源工程學系,數學A(學測),1.00,物理(分科),1.00,化學(分科),1.00,,,,,10,79.00,,,,,,,,55,,,,,數學A→物理→化學,6,4,10,10,0,0,0,10
3324,國立聯合大學,建築學系,國文(學測),2.00,英文(學測),1.50,物理(分科),1.00,,,,,24,140.50,,,,,,,,55,數學A(後標) 或 數學B(後標),,,,國文→英文→物理,13,11,24,14,10,0,0,24
3325,國立聯合大學,工業設計學系,國文(學測),2.00,英文(學測),2.00,數學B(學測),1.00,公民與社會(分科),1.00,,,15,144.00,國文(學測),29,,,,,,55,,,,,國文→英文→數學B→公民與社會,5,10,15,9,6,0,0,15
3326,國立聯合大學,電機工程學系,數學甲(分科),1.50,物理(分科),1.50,英文(學測),1.00,,,,,43,118.00,,,,,,,,55,,,,,數學甲→物理→英文,32,11,43,41,2,0,0,43
3327,國立聯合大學,電子工程學系(甲組),數學A(學測),2.00,英文(學測),1.00,物理(分科),1.50,國文(學測),1.50,,,18,191.50,,,,,,,,55,,,,,數學A→英文→物理→國文,9,9,18,15,3,0,0,18
3330,國立聯合大學,電子工程學系(乙組),數學A(學測),2.00,英文(學測),1.00,化學(分科),1.50,國文(學測),1.50,,,18,188.50,,,,,,,,55,,,,,數學A→英文→化學→國文,9,9,18,12,6,0,0,18
3331,國立聯合大學,光電工程學系,數學甲(分科),2.00,物理(分科),1.50,化學(分科),1.50,國文(學測),1.00,,,37,167.00,,,170.65,,,,,55,,,,,數學甲→物理→化學→國文,24,12,36,32,4,1,0,37
3332,國立聯合大學,資訊工程學系,數學甲(分科),2.00,英文(學測),2.00,國文(學測),1.75,,,,,29,186.50,,,,,,,,55,,,,,數學甲→英文→國文,19,10,29,26,3,0,0,29
3333,國立聯合大學,經營管理學系,英文(學測),1.00,國文(學測),1.50,公民與社會(分科),1.50,數學乙(分科),1.00,,,45,114.00,英文(學測),18,,,,,,55,,,,,英文→國文→公民與社會→數學乙,20,25,45,27,18,0,0,45
3334,國立聯合大學,財務金融學系,英文(學測),1.50,數學B(學測),1.50,國文(學測),1.00,公民與社會(分科),1.00,,,27,125.50,英文(學測),22,,,,,,55,,,,,英文→數學B→國文→公民與社會,7,20,27,13,14,0,0,27
3335,國立聯合大學,資訊管理學系,數學乙(分科),2.00,國文(學測),2.00,英文(學測),1.75,,,,,20,174.25,數學乙(分科),35,174.85,,,,,55,,,,,數學乙→國文→英文,13,6,19,15,4,1,0,20
3336,國立聯合大學,臺灣語文與傳播學系,國文(學測),2.00,英文(學測),2.00,歷史(分科),1.50,,,,,11,109.50,,,,,,,,55,,,,,國文→英文→歷史,6,5,11,6,5,0,0,11
3337,國立聯合大學,華語文學系,國文(學測),2.00,公民與社會(分科),1.00,社會(學測),1.00,,,,,18,92.00,,,,,,,,55,,,,,國文→公民與社會→社會,5,13,18,9,9,0,0,18
3340,國立聯合大學,文化觀光產業學系,國文(學測),2.00,英文(學測),2.00,歷史(分科),1.00,,,,,17,119.00,,,,,,,,55,,,,,國文→英文→歷史,6,11,17,10,7,0,0,17
3341,國立聯合大學,文化創意與數位行銷學系,國文(學測),2.00,英文(學測),1.00,歷史(分科),2.00,,,,,6,150.00,,,,,,,,56,,,,,國文→英文→歷史,4,2,6,2,4,0,0,6
3342,馬偕醫學院,醫學系,生物(分科),1.00,化學(分科),1.00,物理(分科),1.00,英文(學測),1.00,數學甲(分科),1.00,20,270.00,生物(分科),57,271.35,,,,270.60,56,,,,,生物→化學→物理→英文→數學甲,9,9,18,14,4,2,0,20
3343,馬偕醫學院,護理學系,英文(學測),1.50,國文(學測),1.50,生物(分科),1.50,化學(分科),1.00,,,45,168.00,英文(學測),23,178.20,,,,,56,,,,,英文→國文→生物→化學,18,26,44,7,37,1,0,45
3344,馬偕醫學院,聽力暨語言治療學系聽力組,英文(學測),1.50,物理(分科),1.50,生物(分科),1.50,國文(學測),1.00,數學A(學測),1.00,25,220.00,英文(學測),43,,,,,,56,,,,,英文→物理→生物→國文→數學A,11,14,25,12,13,0,0,25
3345,馬偕醫學院,聽力暨語言治療學系語言組,英文(學測),1.25,國文(學測),1.25,生物(分科),1.50,物理(分科),1.00,數學A(學測),1.00,15,232.00,,,,,,,,56,,,,,英文→國文→生物→物理→數學A,12,3,15,6,9,0,0,15
3346,馬偕醫學院,視光學系,生物(分科),1.50,物理(分科),1.25,英文(學測),1.50,國文(學測),1.00,,,19,172.50,生物(分科),36,,,,,,56,,,,,生物→物理→英文→國文,9,10,19,7,12,0,0,19
3347,馬偕醫學院,醫學檢驗暨再生醫學學系,生物(分科),1.50,化學(分科),1.50,英文(學測),1.00,國文(學測),1.00,,,7,215.00,,,,,,,,56,,,,,生物→化學→英文→國文,7,0,7,4,3,0,0,7
3350,國立金門大學,應用英語學系,英文(學測),2.00,國文(學測),2.00,歷史(分科),1.00,,,,,7,116.00,,,,,,,,56,,,,,英文→國文→歷史,2,5,7,3,4,0,0,7
3351,國立金門大學,運動與休閒學系,國文(學測),2.00,歷史(分科),2.00,社會(學測),1.50,,,,,13,117.50,,,,,,,,56,,,,,國文→歷史→社會,5,13,18,6,7,0,0,13
3352,國立金門大學,企業管理學系,國文(學測),2.00,英文(學測),1.00,公民與社會(分科),1.50,,,,,19,80.50,,,,,,,,56,,,,,國文→英文→公民與社會,14,15,29,14,5,0,0,19
3353,國立金門大學,電機工程學系,物理(分科),2.00,國文(學測),2.00,化學(分科),1.00,,,,,24,149.00,,,,,,,,56,,,,,物理→國文→化學,15,9,24,17,7,0,0,24
3354,國立金門大學,食品科學系(A組),自然(學測),1.00,生物(分科),1.00,化學(分科),1.00,國文(學測),2.00,,,13,146.00,,,,,,,,56,,,,,自然→生物→化學→國文,5,8,13,8,5,0,0,13
3355,國立金門大學,食品科學系(B組),化學(分科),1.00,數學乙(分科),1.00,國文(學測),2.00,,,,,10,86.00,,,,,,,,56,,,,,化學→數學乙→國文,4,6,10,5,5,0,0,10
3356,國立金門大學,土木與工程管理學系,物理(分科),2.00,國文(學測),2.00,英文(學測),1.00,,,,,19,136.00,,,150.50,,,,,56,,,,,物理→國文→英文,4,14,18,13,5,0,1,19
3357,國立金門大學,觀光管理學系,國文(學測),2.00,英文(學測),1.25,歷史(分科),1.50,,,,,7,85.25,,,,,,,,56,,,,,國文→英文→歷史,6,7,13,4,3,0,0,7
3360,國立金門大學,資訊工程學系,數學甲(分科),2.00,自然(學測),2.00,國文(學測),1.00,,,,,24,143.00,,,,,,,,56,,,,,數學甲→自然→國文,16,8,24,19,5,0,0,24
3361,國立金門大學,建築學系,國文(學測),2.00,社會(學測),2.00,歷史(分科),1.75,,,,,20,133.25,,,,,,,,56,,,,,國文→社會→歷史,13,7,20,14,6,0,0,20
3362,國立金門大學,國際暨大陸事務學系,公民與社會(分科),2.00,國文(學測),2.00,社會(學測),1.00,,,,,9,98.00,,,,,,,,56,,,,,公民與社會→國文→社會,3,9,12,4,5,0,0,9
3363,國立金門大學,華語文學系,國文(學測),2.00,歷史(分科),1.00,英文(學測),1.00,,,,,1,129.00,,,,,,,,56,,,,,國文→歷史→英文,2,1,3,1,0,0,0,1
3364,國立金門大學,海洋與邊境管理學系,公民與社會(分科),2.00,社會(學測),1.00,國文(學測),2.00,,,,,15,103.00,,,,,,,,56,,,,,公民與社會→社會→國文,8,7,15,8,7,0,0,15
3365,國立金門大學,工業工程與管理學系(管理科學組),國文(學測),2.00,英文(學測),1.00,公民與社會(分科),1.00,,,,,5,79.00,,,,,,,,56,,,,,國文→英文→公民與社會,6,5,11,5,0,0,0,5
3366,國立金門大學,工業工程與管理學系(智慧製造組),國文(學測),2.00,英文(學測),1.00,數學乙(分科),1.00,,,,,12,68.00,,,,,,,,56,,,,,國文→英文→數學乙,6,10,16,9,3,0,0,12
3367,國立金門大學,都市計畫與景觀學系,國文(學測),1.00,社會(學測),1.00,地理(分科),1.50,,,,,7,84.00,,,,,,,,56,,,,,國文→社會→地理,9,13,22,7,0,0,0,7
3370,國立金門大學,社會工作學系,公民與社會(分科),2.00,社會(學測),1.25,國文(學測),1.00,,,,,8,97.00,,,,,,,,56,,,,,公民與社會→社會→國文,7,19,26,3,5,0,0,8
3371,國立金門大學,長期照護學系,國文(學測),2.00,社會(學測),1.75,公民與社會(分科),1.50,,,,,6,117.00,,,,,,,,56,,,,,國文→社會→公民與社會,3,5,8,4,2,0,0,6
3372,國立金門大學,護理學系(A組),國文(學測),2.00,生物(分科),1.50,英文(學測),1.00,,,,,8,118.00,,,,,,,,56,,,,,國文→生物→英文,4,4,8,0,8,0,0,8
3373,國立金門大學,護理學系(B組),國文(學測),2.00,公民與社會(分科),1.50,英文(學測),1.00,,,,,6,113.00,,,,,,,,56,,,,,國文→公民與社會→英文,4,2,6,1,5,0,0,6
