學群類別,學校代碼,學校,校系代碼,校系名稱,主修樂器,名額類別,招生名額,總錄取人數(第八類為通過篩選人數),國文_檢定標準,國文_級分,英文_檢定標準,英文_級分,數學A_檢定標準,數學A_級分,數學B_檢定標準,數學B_級分,社會_檢定標準,社會_級分,自然_檢定標準,自然_級分,英聽_檢定標準,術科項目1,術科檢定標準1,術科分數1,術科項目2,術科檢定標準2,術科分數2,術科項目3,術科檢定標準3,術科分數3,術科項目4,術科檢定標準4,術科分數4,術科項目5,術科檢定標準5,術科分數5,第一輪人數,第二輪人數,比序1_項目,比序1_第一輪標準,比序1_第二輪標準,比序2_項目,比序2_第一輪標準,比序2_第二輪標準,比序3_項目,比序3_第一輪標準,比序3_第二輪標準,比序4_項目,比序4_第一輪標準,比序4_第二輪標準,比序5_項目,比序5_第一輪標準,比序5_第二輪標準,比序6_項目,比序6_第一輪標準,比序6_第二輪標準,比序7_項目,比序7_第一輪標準,比序7_第二輪標準
第一至七類學群,001,國立臺灣大學,00101,中國文學系,,一般,6,6,頂標,13級分,前標,11級分,均標,6級分,均標,6級分,前標,12級分,--,--,--,,,,,,,,,,,,,,,,5,1,在校學業,7%,2%,學測國文,--,--,學測英文,--,--,國語文學業,--,--,英語文學業,--,--,學測社會,--,--,歷史學業,--,--
第一至七類學群,001,國立臺灣大學,00102,外國語文學系,,一般,15,15,前標,12級分,頂標,13級分,均標,6級分,均標,6級分,前標,12級分,--,--,A級,,,,,,,,,,,,,,,,8,7,在校學業,17%,3%,學測英文,--,--,學測國文,--,--,英語文學業,--,--,國語文學業,--,--,學測社會,--,--,歷史學業,--,--
第一至七類學群,001,國立臺灣大學,00103,歷史學系,,一般,6,6,前標,12級分,前標,11級分,--,--,均標,6級分,前標,12級分,--,--,--,,,,,,,,,,,,,,,,2,4,在校學業,7%,3%,學測國英社,--,40,學測英文,--,--,學測社會,--,--,學測國文,--,--,歷史學業,--,--,國語文學業,--,--
第一至七類學群,001,國立臺灣大學,00104,哲學系,,一般,4,4,前標,12級分,前標,11級分,前標,9級分,前標,10級分,均標,10級分,--,--,--,,,,,,,,,,,,,,,,2,2,在校學業,2%,7%,學測國英社,--,--,學測英文,--,--,學測國文,--,--,學測社會,--,--,英語文學業,--,--,數學學業,--,--
第一至七類學群,001,國立臺灣大學,00105,人類學系,,一般,8,8,前標,12級分,前標,11級分,--,--,均標,6級分,前標,12級分,--,--,B級,,,,,,,,,,,,,,,,3,5,在校學業,14%,6%,學測英文,--,--,學測社會,--,--,學測國英數B社,--,--,英語文學業,--,--,學測國文,--,--,歷史學業,--,--
第一至七類學群,001,國立臺灣大學,00105,人類學系,,外加,1,1,前標,12級分,前標,11級分,--,--,均標,6級分,前標,12級分,--,--,B級,,,,,,,,,,,,,,,,1,--,在校學業,5%,--,學測英文,--,--,學測社會,--,--,學測國英數B社,--,--,英語文學業,--,--,學測國文,--,--,歷史學業,--,--
第一至七類學群,001,國立臺灣大學,00106,圖書資訊學系,,一般,7,7,前標,12級分,前標,11級分,均標,6級分,均標,6級分,均標,10級分,--,--,--,,,,,,,,,,,,,,,,7,--,在校學業,2%,--,國語文學業,4%,--,英語文學業,--,--,學測國英社,--,--,學測國文,--,--,學測英文,--,--,數學學業,--,--
第一至七類學群,001,國立臺灣大學,00107,日本語文學系,,一般,7,7,前標,12級分,前標,11級分,均標,6級分,均標,6級分,前標,12級分,--,--,--,,,,,,,,,,,,,,,,2,5,在校學業,7%,4%,學測英文,--,14,學測國文,--,--,學測社會,--,--,學測國英社,--,--,英語文學業,--,--,國語文學業,--,--
第一至七類學群,001,國立臺灣大學,00108,戲劇學系,,一般,4,4,前標,12級分,前標,11級分,--,--,均標,6級分,均標,10級分,--,--,--,,,,,,,,,,,,,,,,0,4,在校學業,--,6%,學測英文,--,--,學測國文,--,--,學測國英數B社,--,--,學測數B,--,--,英語文學業,--,--,國語文學業,--,--
第一至七類學群,001,國立臺灣大學,00109,地理環境資源學系,,一般,4,2,--,--,前標,11級分,頂標,11級分,--,--,前標,12級分,--,--,--,,,,,,,,,,,,,,,,1,1,在校學業,9%,4%,學測英數A社,--,--,學測英文,--,--,學測數A,--,--,學測社會,--,--,地理學業,--,--,英語文學業,--,--
第一至七類學群,001,國立臺灣大學,00110,政治學系政治理論組,,一般,8,8,前標,12級分,前標,11級分,均標,6級分,均標,6級分,前標,12級分,--,--,--,,,,,,,,,,,,,,,,8,--,在校學業,6%,--,學測國英社,--,--,學測英文,--,--,學測國文,--,--,學測社會,--,--,英語文學業,--,--,國語文學業,--,--
第一至七類學群,001,國立臺灣大學,00111,政治學系國際關係組,,一般,8,8,前標,12級分,前標,11級分,均標,6級分,均標,6級分,前標,12級分,--,--,--,,,,,,,,,,,,,,,,8,--,在校學業,1%,--,學測國英社,38,--,學測英文,--,--,學測國文,--,--,學測社會,--,--,英語文學業,--,--,國語文學業,--,--
第一至七類學群,001,國立臺灣大學,00112,政治學系公共行政組,,一般,8,8,前標,12級分,前標,11級分,均標,6級分,均標,6級分,前標,12級分,--,--,--,,,,,,,,,,,,,,,,8,--,在校學業,2%,--,學測國英社,--,--,學測英文,--,--,學測國文,--,--,學測社會,--,--,英語文學業,--,--,國語文學業,--,--
第一至七類學群,001,國立臺灣大學,00113,經濟學系A組,,一般,11,11,--,--,前標,11級分,頂標,11級分,--,--,前標,12級分,--,--,--,,,,,,,,,,,,,,,,5,6,在校學業,11%,2%,學測英數A社,--,38,學測數A,--,12,數學學業,--,3%,學測英文,--,--,英語文學業,--,--,學測社會,--,--
第一至七類學群,001,國立臺灣大學,00114,社會學系,,一般,6,6,前標,12級分,前標,11級分,--,--,前標,10級分,前標,12級分,--,--,--,,,,,,,,,,,,,,,,2,4,在校學業,6%,15%,學測國英社,--,--,學測數B,--,--,學測英文,--,--,英語文學業,--,--,數學學業,--,--,公社學業,--,--
第一至七類學群,001,國立臺灣大學,00115,社會工作學系,,一般,4,4,前標,12級分,前標,11級分,--,--,均標,6級分,均標,10級分,--,--,--,,,,,,,,,,,,,,,,1,3,在校學業,2%,11%,學測英文,--,13,學測國文,--,--,學測社會,--,--,學測數B,--,--,英語文學業,--,--,國語文學業,--,--
第一至七類學群,001,國立臺灣大學,00116,生物產業傳播暨發展學系,,一般,5,5,前標,12級分,前標,11級分,均標,6級分,--,--,前標,12級分,--,--,--,,,,,,,,,,,,,,,,3,2,在校學業,1%,2%,學測英文,--,15,學測國文,--,--,學測數A,--,--,英語文學業,--,--,國語文學業,--,--,數學學業,--,--
第一至七類學群,001,國立臺灣大學,00117,工商管理學系企業管理組,,一般,7,7,頂標,13級分,頂標,13級分,頂標,11級分,--,--,前標,12級分,--,--,--,,,,,,,,,,,,,,,,0,7,在校學業,--,7%,學測國英數A社,--,52,學測數A,--,--,學測英文,--,--,學測國文,--,--,數學學業,--,--,英語文學業,--,--
第一至七類學群,001,國立臺灣大學,00118,會計學系,,一般,10,10,頂標,13級分,頂標,13級分,頂標,11級分,--,--,前標,12級分,--,--,--,,,,,,,,,,,,,,,,3,7,在校學業,2%,3%,學測國英數A社,--,--,學測英文,--,--,英語文學業,--,--,學測數A,--,--,數學學業,--,--,學測國文,--,--
第一至七類學群,001,國立臺灣大學,00119,財務金融學系,,一般,16,16,頂標,13級分,頂標,13級分,頂標,11級分,--,--,--,--,--,--,--,,,,,,,,,,,,,,,,11,5,在校學業,6%,1%,學測國英數A,--,41,學測數A,--,--,學測英文,--,--,學測國文,--,--,數學學業,--,--,英語文學業,--,--
第一至七類學群,001,國立臺灣大學,00119,財務金融學系,,外加,1,0,頂標,13級分,頂標,13級分,頂標,11級分,--,--,--,--,--,--,--,,,,,,,,,,,,,,,,0,--,在校學業,--,--,學測國英數A,--,--,學測數A,--,--,學測英文,--,--,學測國文,--,--,數學學業,--,--,英語文學業,--,--
第一至七類學群,001,國立臺灣大學,00120,國際企業學系,,一般,7,7,頂標,13級分,頂標,13級分,前標,9級分,--,--,前標,12級分,--,--,--,,,,,,,,,,,,,,,,7,--,在校學業,1%,--,學測國英數A社,53,--,學測數A,--,--,學測英文,--,--,學測國文,--,--,數學學業,--,--,英語文學業,--,--
第一至七類學群,001,國立臺灣大學,00121,法律學系法學組,,一般,9,9,頂標,13級分,頂標,13級分,--,--,前標,10級分,頂標,13級分,--,--,--,,,,,,,,,,,,,,,,9,--,在校學業,5%,--,學測國英數B社,--,--,英語文學業,--,--,國語文學業,--,--,數學學業,--,--,學測數B,--,--,學測社會,--,--
第一至七類學群,001,國立臺灣大學,00121,法律學系法學組,,外加,1,0,頂標,13級分,頂標,13級分,--,--,前標,10級分,頂標,13級分,--,--,--,,,,,,,,,,,,,,,,0,--,在校學業,--,--,學測國英數B社,--,--,英語文學業,--,--,國語文學業,--,--,數學學業,--,--,學測數B,--,--,學測社會,--,--
第一至七類學群,001,國立臺灣大學,00122,法律學系司法組,,一般,9,9,頂標,13級分,頂標,13級分,--,--,前標,10級分,頂標,13級分,--,--,--,,,,,,,,,,,,,,,,9,--,在校學業,8%,--,學測國英數B社,--,--,英語文學業,--,--,國語文學業,--,--,數學學業,--,--,學測數B,--,--,學測社會,--,--
第一至七類學群,001,國立臺灣大學,00122,法律學系司法組,,外加,1,1,頂標,13級分,頂標,13級分,--,--,前標,10級分,頂標,13級分,--,--,--,,,,,,,,,,,,,,,,1,--,在校學業,6%,--,學測國英數B社,--,--,英語文學業,--,--,國語文學業,--,--,數學學業,--,--,學測數B,--,--,學測社會,--,--
第一至七類學群,001,國立臺灣大學,00123,法律學系財經法學組,,一般,9,9,頂標,13級分,頂標,13級分,--,--,前標,10級分,頂標,13級分,--,--,--,,,,,,,,,,,,,,,,9,--,在校學業,1%,--,學測國英數B社,54,--,英語文學業,--,--,國語文學業,--,--,數學學業,--,--,學測數B,--,--,學測社會,--,--
第一至七類學群,001,國立臺灣大學,00123,法律學系財經法學組,,外加,1,0,頂標,13級分,頂標,13級分,--,--,前標,10級分,頂標,13級分,--,--,--,,,,,,,,,,,,,,,,0,--,在校學業,--,--,學測國英數B社,--,--,英語文學業,--,--,國語文學業,--,--,數學學業,--,--,學測數B,--,--,學測社會,--,--
第一至七類學群,001,國立臺灣大學,00124,數學系,,一般,5,3,--,--,頂標,13級分,頂標,11級分,--,--,--,--,頂標,13級分,--,,,,,,,,,,,,,,,,0,3,在校學業,--,9%,學測數A,--,--,學測自然,--,--,數學學業,--,--,物理學業,--,--,學測英文,--,--,學測英數A自,--,--
第一至七類學群,001,國立臺灣大學,00125,物理學系,,一般,4,4,頂標,13級分,頂標,13級分,頂標,11級分,--,--,--,--,頂標,13級分,--,,,,,,,,,,,,,,,,4,--,在校學業,1%,--,學測自然,15,--,物理學業,1%,--,學測數A,--,--,數學學業,--,--,學測英文,--,--,英語文學業,--,--
第一至七類學群,001,國立臺灣大學,00126,化學系,,一般,5,5,前標,12級分,頂標,13級分,頂標,11級分,--,--,--,--,頂標,13級分,--,,,,,,,,,,,,,,,,3,2,在校學業,1%,3%,學測自然,--,--,學測數A,--,--,學測英文,--,--,學測國文,--,--,學測國英數A自,--,--,化學學業,--,--
第一至七類學群,001,國立臺灣大學,00126,化學系,,外加,1,0,前標,12級分,頂標,13級分,頂標,11級分,--,--,--,--,頂標,13級分,--,,,,,,,,,,,,,,,,0,--,在校學業,--,--,學測自然,--,--,學測數A,--,--,學測英文,--,--,學測國文,--,--,學測國英數A自,--,--,化學學業,--,--
第一至七類學群,001,國立臺灣大學,00127,地質科學系,,一般,2,2,--,--,均標,8級分,均標,6級分,--,--,--,--,頂標,13級分,--,,,,,,,,,,,,,,,,1,1,在校學業,4%,4%,學測自然,--,14,學測數A,--,--,學測英文,--,--,地科學業,--,--,物理學業,--,--,化學學業,--,--
第一至七類學群,001,國立臺灣大學,00128,大氣科學系,,一般,3,1,--,--,前標,11級分,頂標,11級分,--,--,--,--,頂標,13級分,--,,,,,,,,,,,,,,,,0,1,在校學業,--,1%,學測國英數A自,--,--,學測自然,--,--,學測數A,--,--,學測英文,--,--,地科學業,--,--,物理學業,--,--
第一至七類學群,001,國立臺灣大學,00129,經濟學系B組,,一般,5,5,--,--,前標,11級分,頂標,11級分,--,--,--,--,前標,12級分,--,,,,,,,,,,,,,,,,1,4,在校學業,1%,8%,學測英數A自,--,37,學測數A,--,--,數學學業,--,--,學測英文,--,--,英語文學業,--,--,學測自然,--,--
第一至七類學群,001,國立臺灣大學,00130,土木工程學系,,一般,12,9,前標,12級分,前標,11級分,頂標,11級分,--,--,--,--,頂標,13級分,--,,,,,,,,,,,,,,,,1,8,在校學業,1%,15%,學測數A,--,--,學測英文,--,--,學測自然,--,--,學測國文,--,--,學測國英數A自,--,--,物理學業,--,--
第一至七類學群,001,國立臺灣大學,00131,機械工程學系,,一般,16,16,--,--,前標,11級分,前標,9級分,--,--,--,--,前標,12級分,--,,,,,,,,,,,,,,,,13,3,在校學業,4%,2%,學測數A,--,13,學測自然,--,--,學測英文,--,--,物理學業,--,--,數學學業,--,--,化學學業,--,--
第一至七類學群,001,國立臺灣大學,00132,化學工程學系,,一般,16,16,--,--,前標,11級分,前標,9級分,--,--,--,--,前標,12級分,--,,,,,,,,,,,,,,,,12,4,在校學業,6%,4%,學測數A,--,13,學測自然,--,--,學測英文,--,--,數學學業,--,--,物理學業,--,--,化學學業,--,--
第一至七類學群,001,國立臺灣大學,00133,工程科學及海洋工程學系,,一般,5,5,前標,12級分,頂標,13級分,頂標,11級分,--,--,--,--,頂標,13級分,--,,,,,,,,,,,,,,,,1,4,在校學業,2%,12%,學測數A,--,--,學測自然,--,--,數學學業,--,--,物理學業,--,--,學測英文,--,--,學測國文,--,--
第一至七類學群,001,國立臺灣大學,00134,材料科學與工程學系,,一般,4,4,--,--,前標,11級分,前標,9級分,--,--,--,--,前標,12級分,--,,,,,,,,,,,,,,,,4,--,在校學業,1%,--,學測數A,14,--,學測自然,14,--,學測英文,--,--,物理學業,--,--,數學學業,--,--,化學學業,--,--
第一至七類學群,001,國立臺灣大學,00135,醫學工程學系,,一般,2,2,前標,12級分,前標,11級分,前標,9級分,--,--,--,--,前標,12級分,--,,,,,,,,,,,,,,,,2,--,在校學業,1%,--,學測數A,--,--,學測自然,--,--,學測英文,--,--,學測國文,--,--,物理學業,--,--,化學學業,--,--
第一至七類學群,001,國立臺灣大學,00136,生物環境系統工程學系,,一般,4,0,前標,12級分,前標,11級分,頂標,11級分,--,--,--,--,頂標,13級分,--,,,,,,,,,,,,,,,,0,--,在校學業,--,--,學測數A,--,--,學測自然,--,--,學測英文,--,--,學測國文,--,--,學測國英數A自,--,--,數學學業,--,--
第一至七類學群,001,國立臺灣大學,00137,生物機電工程學系,,一般,4,4,--,--,前標,11級分,前標,9級分,--,--,--,--,頂標,13級分,--,,,,,,,,,,,,,,,,3,1,在校學業,3%,2%,學測國英數A自,--,54,學測數A,--,--,學測自然,--,--,學測英文,--,--,學測國文,--,--,物理學業,--,--
第一至七類學群,001,國立臺灣大學,00138,工商管理學系科技管理組,,一般,5,3,頂標,13級分,頂標,13級分,頂標,11級分,--,--,--,--,前標,12級分,--,,,,,,,,,,,,,,,,1,2,在校學業,1%,10%,學測國英數A自,--,--,學測數A,--,--,學測英文,--,--,學測國文,--,--,數學學業,--,--,英語文學業,--,--
第一至七類學群,001,國立臺灣大學,00139,資訊管理學系,,一般,3,3,頂標,13級分,頂標,13級分,頂標,11級分,--,--,--,--,頂標,13級分,--,,,,,,,,,,,,,,,,3,--,在校學業,1%,--,學測國英數A自,55,--,學測數A,--,--,學測英文,--,--,學測國文,--,--,學測自然,--,--,數學學業,--,--
第一至七類學群,001,國立臺灣大學,00140,電機工程學系,,一般,18,18,頂標,13級分,頂標,13級分,頂標,11級分,--,--,--,--,頂標,13級分,--,,,,,,,,,,,,,,,,18,--,在校學業,1%,--,學測國英數A自,59,--,學測數A,15,--,學測自然,--,--,學測英文,--,--,學測國文,--,--,數學學業,--,--
第一至七類學群,001,國立臺灣大學,00141,資訊工程學系,,一般,10,10,前標,12級分,頂標,13級分,頂標,11級分,--,--,--,--,頂標,13級分,--,,,,,,,,,,,,,,,,10,--,在校學業,1%,--,學測數A,14,--,學測自然,15,--,學測英文,--,--,學測國文,--,--,數學學業,--,--,物理學業,--,--
第一至七類學群,001,國立臺灣大學,00142,心理學系,,一般,10,10,前標,12級分,前標,11級分,前標,9級分,--,--,--,--,前標,12級分,--,,,,,,,,,,,,,,,,10,--,在校學業,8%,--,學測數A,--,--,學測英文,--,--,學測國文,--,--,學測自然,--,--,生物學業,--,--,化學學業,--,--
第一至七類學群,001,國立臺灣大學,00143,經濟學系C組,,一般,10,10,--,--,前標,11級分,頂標,11級分,--,--,--,--,前標,12級分,--,,,,,,,,,,,,,,,,1,9,在校學業,1%,4%,學測英數A自,--,--,學測數A,--,--,數學學業,--,--,學測英文,--,--,英語文學業,--,--,學測自然,--,--
第一至七類學群,001,國立臺灣大學,00144,藥學系,,一般,9,9,均標,10級分,均標,8級分,頂標,11級分,--,--,--,--,頂標,13級分,--,,,,,,,,,,,,,,,,9,--,在校學業,3%,--,學測自然,--,--,學測數A,--,--,學測國英數A自,--,--,學測英文,--,--,學測國文,--,--,化學學業,--,--
第一至七類學群,001,國立臺灣大學,00145,醫學檢驗暨生物技術學系,,一般,6,6,前標,12級分,前標,11級分,前標,9級分,--,--,--,--,頂標,13級分,--,,,,,,,,,,,,,,,,2,4,在校學業,1%,1%,學測國英數A自,--,--,學測自然,--,--,學測英文,--,--,學測數A,--,--,化學學業,--,--,生物學業,--,--
第一至七類學群,001,國立臺灣大學,00146,護理學系,,一般,6,6,--,--,均標,8級分,均標,6級分,--,--,--,--,均標,9級分,--,,,,,,,,,,,,,,,,5,1,在校學業,13%,5%,學測英文,--,--,學測數A,--,--,學測自然,--,--,英語文學業,--,--,數學學業,--,--,生物學業,--,--
第一至七類學群,001,國立臺灣大學,00147,物理治療學系,,一般,7,7,前標,12級分,頂標,13級分,前標,9級分,--,--,--,--,頂標,13級分,--,,,,,,,,,,,,,,,,1,6,在校學業,1%,3%,學測英文,--,15,學測數A,--,--,學測自然,--,--,國語文學業,--,--,數學學業,--,--,生物學業,--,--
第一至七類學群,001,國立臺灣大學,00148,職能治療學系,,一般,2,2,前標,12級分,前標,11級分,前標,9級分,--,--,--,--,前標,12級分,--,,,,,,,,,,,,,,,,2,--,在校學業,6%,--,學測英文,--,--,學測國文,--,--,學測自然,--,--,學測數A,--,--,英語文學業,--,--,數學學業,--,--
第一至七類學群,001,國立臺灣大學,00149,農藝學系,,一般,5,5,--,--,前標,11級分,前標,9級分,--,--,--,--,前標,12級分,--,,,,,,,,,,,,,,,,0,5,在校學業,--,13%,學測國英數A自,--,--,學測自然,--,--,學測數A,--,--,學測英文,--,--,生物學業,--,--,化學學業,--,--
第一至七類學群,001,國立臺灣大學,00150,農業化學系,,一般,4,4,前標,12級分,前標,11級分,前標,9級分,--,--,--,--,前標,12級分,--,,,,,,,,,,,,,,,,0,4,在校學業,--,7%,學測國英數A自,--,--,學測自然,--,--,學測數A,--,--,學測英文,--,--,化學學業,--,--,生物學業,--,--
第一至七類學群,001,國立臺灣大學,00151,森林環境暨資源學系,,一般,7,7,--,--,均標,8級分,前標,9級分,--,--,--,--,前標,12級分,--,,,,,,,,,,,,,,,,2,5,在校學業,6%,9%,學測英數A自,--,35,學測自然,--,--,學測英文,--,--,學測數A,--,--,生物學業,--,--,英語文學業,--,--
第一至七類學群,001,國立臺灣大學,00151,森林環境暨資源學系,,外加,2,0,--,--,均標,8級分,前標,9級分,--,--,--,--,前標,12級分,--,,,,,,,,,,,,,,,,0,--,在校學業,--,--,學測英數A自,--,--,學測自然,--,--,學測英文,--,--,學測數A,--,--,生物學業,--,--,英語文學業,--,--
第一至七類學群,001,國立臺灣大學,00152,動物科學技術學系,,一般,8,8,前標,12級分,前標,11級分,均標,6級分,--,--,--,--,前標,12級分,--,,,,,,,,,,,,,,,,3,5,在校學業,18%,3%,學測自然,--,--,學測英文,--,--,學測國文,--,--,學測數A,--,--,生物學業,--,--,英語文學業,--,--
第一至七類學群,001,國立臺灣大學,00153,農業經濟學系,,一般,8,8,均標,10級分,均標,8級分,均標,6級分,--,--,--,--,--,--,--,,,,,,,,,,,,,,,,8,--,在校學業,3%,--,數學學業,--,--,英語文學業,--,--,國語文學業,--,--,學測國英數A,--,--,學測數A,--,--,學測英文,--,--
第一至七類學群,001,國立臺灣大學,00153,農業經濟學系,,外加,1,0,均標,10級分,均標,8級分,均標,6級分,--,--,--,--,--,--,--,,,,,,,,,,,,,,,,0,--,在校學業,--,--,數學學業,--,--,英語文學業,--,--,國語文學業,--,--,學測國英數A,--,--,學測數A,--,--,學測英文,--,--
第一至七類學群,001,國立臺灣大學,00154,園藝暨景觀學系,,一般,7,5,前標,12級分,前標,11級分,前標,9級分,--,--,--,--,前標,12級分,--,,,,,,,,,,,,,,,,0,5,在校學業,--,15%,學測國英數A自,--,--,學測數A,--,--,學測自然,--,--,學測國文,--,--,學測英文,--,--,英語文學業,--,--
第一至七類學群,001,國立臺灣大學,00155,獸醫學系,,一般,6,6,前標,12級分,前標,11級分,前標,9級分,--,--,--,--,前標,12級分,--,,,,,,,,,,,,,,,,6,--,在校學業,2%,--,學測國文,--,--,化學學業,--,--,學測數A,--,--,學測英文,--,--,學測國英數A自,--,--,物理學業,--,--
第一至七類學群,001,國立臺灣大學,00156,昆蟲學系,,一般,3,3,前標,12級分,前標,11級分,前標,9級分,--,--,--,--,前標,12級分,--,,,,,,,,,,,,,,,,0,3,在校學業,--,9%,學測國英數A自,--,--,學測自然,--,--,學測英文,--,--,學測數A,--,--,生物學業,--,--,化學學業,--,--
第一至七類學群,001,國立臺灣大學,00157,植物病理與微生物學系,,一般,2,0,頂標,13級分,頂標,13級分,頂標,11級分,--,--,--,--,頂標,13級分,--,,,,,,,,,,,,,,,,0,--,在校學業,--,--,學測國英數A自,--,--,學測自然,--,--,學測英文,--,--,學測數A,--,--,學測國文,--,--,生物學業,--,--
第一至七類學群,001,國立臺灣大學,00157,植物病理與微生物學系,,外加,1,0,頂標,13級分,頂標,13級分,頂標,11級分,--,--,--,--,頂標,13級分,--,,,,,,,,,,,,,,,,0,--,在校學業,--,--,學測國英數A自,--,--,學測自然,--,--,學測英文,--,--,學測數A,--,--,學測國文,--,--,生物學業,--,--
第一至七類學群,001,國立臺灣大學,00158,公共衛生學系,,一般,6,6,--,--,前標,11級分,前標,9級分,--,--,均標,10級分,前標,12級分,--,,,,,,,,,,,,,,,,1,5,在校學業,1%,6%,學測英數A社自,--,--,學測數A,--,--,學測英文,--,--,學測自然,--,--,學測社會,--,--,英語文學業,--,--
第一至七類學群,001,國立臺灣大學,00159,生命科學系,,一般,6,6,前標,12級分,頂標,13級分,前標,9級分,--,--,--,--,頂標,13級分,--,,,,,,,,,,,,,,,,1,5,在校學業,3%,4%,學測國英數A自,--,--,學測自然,--,--,學測英文,--,--,學測數A,--,--,學測國文,--,--,生物學業,--,--
第一至七類學群,001,國立臺灣大學,00160,生化科技學系,,一般,3,3,前標,12級分,前標,11級分,頂標,11級分,--,--,--,--,頂標,13級分,--,,,,,,,,,,,,,,,,1,2,在校學業,2%,2%,學測國英數A自,--,--,學測自然,--,--,學測數A,--,--,學測英文,--,--,學測國文,--,--,生物學業,--,--
第一至七類學群,002,國立臺灣師範大學,00201,教育學系,,一般,8,8,前標,12級分,前標,11級分,--,--,--,--,均標,10級分,--,--,--,,,,,,,,,,,,,,,,8,--,在校學業,7%,--,學測國英數B社,--,--,學測國文,--,--,學測英文,--,--,學測社會,--,--,學測數B,--,--,國語文學業,--,--
第一至七類學群,002,國立臺灣師範大學,00201,教育學系,,外加,2,1,前標,12級分,前標,11級分,--,--,--,--,均標,10級分,--,--,--,,,,,,,,,,,,,,,,1,--,在校學業,4%,--,學測國英數B社,--,--,學測國文,--,--,學測英文,--,--,學測社會,--,--,學測數B,--,--,國語文學業,--,--
第一至七類學群,002,國立臺灣師範大學,00202,教育心理與輔導學系,,一般,8,8,均標,10級分,前標,11級分,--,--,均標,6級分,均標,10級分,--,--,--,,,,,,,,,,,,,,,,8,--,在校學業,2%,--,學測英文,13,--,學測國文,14,--,學測數B,--,--,英語文學業,--,--,國語文學業,--,--,數學學業,--,--
第一至七類學群,002,國立臺灣師範大學,00202,教育心理與輔導學系,,外加,3,0,均標,10級分,前標,11級分,--,--,均標,6級分,均標,10級分,--,--,--,,,,,,,,,,,,,,,,0,--,在校學業,--,--,學測英文,--,--,學測國文,--,--,學測數B,--,--,英語文學業,--,--,國語文學業,--,--,數學學業,--,--
第一至七類學群,002,國立臺灣師範大學,00203,社會教育學系,,一般,6,6,均標,10級分,均標,8級分,--,--,均標,6級分,均標,10級分,--,--,--,,,,,,,,,,,,,,,,6,--,在校學業,3%,--,學測社會,14,--,學測國文,13,--,國語文學業,--,--,學測英文,--,--,英語文學業,--,--,學測數B,--,--
第一至七類學群,002,國立臺灣師範大學,00203,社會教育學系,,外加,2,2,均標,10級分,均標,8級分,--,--,均標,6級分,均標,10級分,--,--,--,,,,,,,,,,,,,,,,2,--,在校學業,6%,--,學測社會,--,--,學測國文,--,--,國語文學業,--,--,學測英文,--,--,英語文學業,--,--,學測數B,--,--
第一至七類學群,002,國立臺灣師範大學,00204,幼兒與家庭科學學系家庭生活與教育組,,一般,7,7,均標,10級分,均標,8級分,--,--,--,--,--,--,--,--,--,,,,,,,,,,,,,,,,7,--,在校學業,5%,--,學測國英數B,--,--,學測英文,--,--,學測國文,--,--,英語文學業,--,--,國語文學業,--,--,數學學業,--,--
第一至七類學群,002,國立臺灣師範大學,00205,幼兒與家庭科學學系幼兒發展與教育組,,一般,7,7,均標,10級分,均標,8級分,--,--,--,--,--,--,--,--,--,,,,,,,,,,,,,,,,7,--,在校學業,8%,--,學測國英數B,36,--,學測英文,--,--,學測國文,--,--,英語文學業,--,--,國語文學業,--,--,數學學業,--,--
第一至七類學群,002,國立臺灣師範大學,00206,公民教育與活動領導學系,,一般,12,12,前標,12級分,均標,8級分,--,--,均標,6級分,前標,12級分,--,--,--,,,,,,,,,,,,,,,,12,--,在校學業,7%,--,學測國英數B社,--,--,學測社會,--,--,學測國文,--,--,學測英文,--,--,公社學業,--,--,英語文學業,--,--
第一至七類學群,002,國立臺灣師範大學,00206,公民教育與活動領導學系,,外加,3,0,前標,12級分,均標,8級分,--,--,均標,6級分,前標,12級分,--,--,--,,,,,,,,,,,,,,,,0,--,在校學業,--,--,學測國英數B社,--,--,學測社會,--,--,學測國文,--,--,學測英文,--,--,公社學業,--,--,英語文學業,--,--
第一至七類學群,002,國立臺灣師範大學,00207,特殊教育學系,,一般,6,6,均標,10級分,均標,8級分,--,--,--,--,--,--,--,--,--,,,,,,,,,,,,,,,,6,--,在校學業,2%,--,學測國英,--,--,學測國文,--,--,學測英文,--,--,國語文學業,--,--,英語文學業,--,--,公社學業,--,--
第一至七類學群,002,國立臺灣師範大學,00208,教育學院學士班,,一般,7,7,均標,10級分,前標,11級分,均標,6級分,均標,6級分,--,--,--,--,--,,,,,,,,,,,,,,,,7,--,在校學業,6%,--,學測英文,--,--,英語文學業,--,--,學測國英,--,--,學測國文,--,--,國語文學業,--,--,學測社會,--,--
第一至七類學群,002,國立臺灣師範大學,00208,教育學院學士班,,外加,1,0,均標,10級分,前標,11級分,均標,6級分,均標,6級分,--,--,--,--,--,,,,,,,,,,,,,,,,0,--,在校學業,--,--,學測英文,--,--,英語文學業,--,--,學測國英,--,--,學測國文,--,--,國語文學業,--,--,學測社會,--,--
第一至七類學群,002,國立臺灣師範大學,00209,國文學系,,一般,25,25,前標,12級分,前標,11級分,--,--,--,--,前標,12級分,--,--,--,,,,,,,,,,,,,,,,9,16,在校學業,16%,13%,學測國文,--,--,國語文學業,--,--,學測英文,--,--,英語文學業,--,--,學測社會,--,--,歷史學業,--,--
第一至七類學群,002,國立臺灣師範大學,00209,國文學系,,外加,1,0,前標,12級分,前標,11級分,--,--,--,--,前標,12級分,--,--,--,,,,,,,,,,,,,,,,0,--,在校學業,--,--,學測國文,--,--,國語文學業,--,--,學測英文,--,--,英語文學業,--,--,學測社會,--,--,歷史學業,--,--
第一至七類學群,002,國立臺灣師範大學,00210,英語學系,,一般,9,9,前標,12級分,頂標,13級分,--,--,--,--,--,--,--,--,--,,,,,,,,,,,,,,,,9,--,在校學業,4%,--,學測英文,15,--,英語文學業,1%,--,學測國英數B社,--,--,國語文學業,--,--,學測國文,--,--,數學學業,--,--
第一至七類學群,002,國立臺灣師範大學,00211,歷史學系,,一般,7,7,前標,12級分,前標,11級分,--,--,均標,6級分,前標,12級分,--,--,--,,,,,,,,,,,,,,,,2,5,在校學業,11%,13%,歷史學業,--,--,學測國英社,--,--,學測社會,--,--,學測國文,--,--,學測英文,--,--,國語文學業,--,--
第一至七類學群,002,國立臺灣師範大學,00212,地理學系,,一般,10,10,前標,12級分,前標,11級分,--,--,均標,6級分,前標,12級分,--,--,--,,,,,,,,,,,,,,,,9,1,在校學業,14%,3%,學測數B,--,--,學測社會,--,--,學測國文,--,--,學測英文,--,--,地理學業,--,--,地科學業,--,--
第一至七類學群,002,國立臺灣師範大學,00212,地理學系,,外加,1,0,前標,12級分,前標,11級分,--,--,均標,6級分,前標,12級分,--,--,--,,,,,,,,,,,,,,,,0,--,在校學業,--,--,學測數B,--,--,學測社會,--,--,學測國文,--,--,學測英文,--,--,地理學業,--,--,地科學業,--,--
第一至七類學群,002,國立臺灣師範大學,00213,臺灣語文學系,,一般,3,2,前標,12級分,前標,11級分,--,--,--,--,前標,12級分,--,--,--,,,,,,,,,,,,,,,,0,2,在校學業,--,13%,學測社會,--,--,學測英文,--,--,學測國文,--,--,學測國英社,--,--,歷史學業,--,--,英語文學業,--,--
第一至七類學群,002,國立臺灣師範大學,00214,華語文教學系應用華語文學組,,一般,8,8,均標,10級分,均標,8級分,--,--,--,--,--,--,--,--,--,,,,,,,,,,,,,,,,8,--,在校學業,3%,--,學測國英,--,--,學測英文,--,--,學測國文,--,--,英語文學業,--,--,國語文學業,--,--,歷史學業,--,--
第一至七類學群,002,國立臺灣師範大學,00214,華語文教學系應用華語文學組,,外加,1,1,均標,10級分,均標,8級分,--,--,--,--,--,--,--,--,--,,,,,,,,,,,,,,,,1,--,在校學業,7%,--,學測國英,24,--,學測英文,--,--,學測國文,--,--,英語文學業,--,--,國語文學業,--,--,歷史學業,--,--
第一至七類學群,002,國立臺灣師範大學,00215,東亞學系,,一般,10,10,均標,10級分,前標,11級分,--,--,均標,6級分,均標,10級分,--,--,--,,,,,,,,,,,,,,,,10,--,在校學業,18%,--,學測國英數B社,--,--,學測英文,--,--,學測國文,--,--,學測數B,--,--,學測社會,--,--,英語文學業,--,--
第一至七類學群,002,國立臺灣師範大學,00215,東亞學系,,外加,1,0,均標,10級分,前標,11級分,--,--,均標,6級分,均標,10級分,--,--,--,,,,,,,,,,,,,,,,0,--,在校學業,--,--,學測國英數B社,--,--,學測英文,--,--,學測國文,--,--,學測數B,--,--,學測社會,--,--,英語文學業,--,--
第一至七類學群,002,國立臺灣師範大學,00216,企業管理學系,,一般,8,8,均標,10級分,均標,8級分,均標,6級分,前標,10級分,--,--,--,--,--,,,,,,,,,,,,,,,,8,--,在校學業,4%,--,學測英文,13,--,學測國文,--,--,英語文學業,--,--,數學學業,--,--,國語文學業,--,--,學測國英,--,--
第一至七類學群,002,國立臺灣師範大學,00217,學習科學學士學位學程,,一般,4,4,均標,10級分,均標,8級分,均標,6級分,--,--,--,--,--,--,--,,,,,,,,,,,,,,,,4,--,在校學業,4%,--,學測數A,--,--,數學學業,--,--,學測國文,--,--,國語文學業,--,--,學測英文,--,--,英語文學業,--,--
第一至七類學群,002,國立臺灣師範大學,00218,數學系,,一般,14,14,--,--,均標,8級分,前標,9級分,--,--,--,--,均標,9級分,--,,,,,,,,,,,,,,,,13,1,在校學業,14%,5%,學測數A,--,--,數學學業,--,--,學測英文,--,--,英語文學業,--,--,學測自然,--,--,物理學業,--,--
第一至七類學群,002,國立臺灣師範大學,00219,物理學系,,一般,6,6,--,--,均標,8級分,前標,9級分,--,--,--,--,均標,9級分,--,,,,,,,,,,,,,,,,6,--,在校學業,3%,--,學測數A,11,--,學測自然,--,--,學測英文,--,--,物理學業,--,--,數學學業,--,--,英語文學業,--,--
第一至七類學群,002,國立臺灣師範大學,00220,物理學系國際組,,一般,6,6,--,--,均標,8級分,均標,6級分,--,--,--,--,均標,9級分,--,,,,,,,,,,,,,,,,6,--,在校學業,2%,--,學測英文,11,--,學測數A,--,--,學測自然,--,--,物理學業,--,--,數學學業,--,--,英語文學業,--,--
第一至七類學群,002,國立臺灣師範大學,00221,化學系,,一般,12,12,均標,10級分,均標,8級分,前標,9級分,--,--,--,--,頂標,13級分,--,,,,,,,,,,,,,,,,10,2,在校學業,20%,3%,學測自然,--,--,學測數A,--,--,學測英文,--,--,化學學業,--,--,數學學業,--,--,英語文學業,--,--
第一至七類學群,002,國立臺灣師範大學,00222,地球科學系,,一般,16,16,--,--,均標,8級分,均標,6級分,--,--,--,--,均標,9級分,--,,,,,,,,,,,,,,,,16,--,在校學業,13%,--,學測國英數A自,42,--,學測自然,--,--,學測數A,--,--,地科學業,--,--,學測國文,--,--,學測英文,--,--
第一至七類學群,002,國立臺灣師範大學,00222,地球科學系,,外加,2,0,--,--,均標,8級分,均標,6級分,--,--,--,--,均標,9級分,--,,,,,,,,,,,,,,,,0,--,在校學業,--,--,學測國英數A自,--,--,學測自然,--,--,學測數A,--,--,地科學業,--,--,學測國文,--,--,學測英文,--,--
第一至七類學群,002,國立臺灣師範大學,00223,資訊工程學系,,一般,7,7,均標,10級分,前標,11級分,前標,9級分,--,--,--,--,前標,12級分,--,,,,,,,,,,,,,,,,7,--,在校學業,4%,--,學測數A,10,--,學測英文,--,--,學測自然,--,--,數學學業,--,--,英語文學業,--,--,資訊科技學業,--,--
第一至七類學群,002,國立臺灣師範大學,00224,科技應用與人力資源發展學系,,一般,11,10,--,--,均標,8級分,前標,9級分,--,--,--,--,均標,9級分,--,,,,,,,,,,,,,,,,3,7,在校學業,12%,16%,學測英數A自,--,--,學測數A,--,--,學測自然,--,--,學測英文,--,--,英語文學業,--,--,數學學業,--,--
第一至七類學群,002,國立臺灣師範大學,00224,科技應用與人力資源發展學系,,外加,1,0,--,--,均標,8級分,前標,9級分,--,--,--,--,均標,9級分,--,,,,,,,,,,,,,,,,0,--,在校學業,--,--,學測英數A自,--,--,學測數A,--,--,學測自然,--,--,學測英文,--,--,英語文學業,--,--,數學學業,--,--
第一至七類學群,002,國立臺灣師範大學,00225,圖文傳播學系,,一般,5,5,均標,10級分,均標,8級分,均標,6級分,--,--,--,--,--,--,--,,,,,,,,,,,,,,,,3,2,在校學業,4%,13%,學測英文,--,--,英語文學業,--,--,學測國文,--,--,國語文學業,--,--,學測數A,--,--,數學學業,--,--
第一至七類學群,002,國立臺灣師範大學,00226,機電工程學系,,一般,6,6,均標,10級分,均標,8級分,前標,9級分,--,--,--,--,均標,9級分,--,,,,,,,,,,,,,,,,6,--,在校學業,3%,--,學測國英數A自,--,--,學測數A,--,--,學測英文,--,--,數學學業,--,--,學測自然,--,--,學測國文,--,--
第一至七類學群,002,國立臺灣師範大學,00226,機電工程學系,,外加,2,0,均標,10級分,均標,8級分,前標,9級分,--,--,--,--,均標,9級分,--,,,,,,,,,,,,,,,,0,--,在校學業,--,--,學測國英數A自,--,--,學測數A,--,--,學測英文,--,--,數學學業,--,--,學測自然,--,--,學測國文,--,--
第一至七類學群,002,國立臺灣師範大學,00227,電機工程學系,,一般,6,6,--,--,均標,8級分,前標,9級分,--,--,--,--,前標,12級分,--,,,,,,,,,,,,,,,,6,--,在校學業,6%,--,學測數A,10,--,學測自然,14,--,學測英文,--,--,數學學業,--,--,物理學業,--,--,英語文學業,--,--
第一至七類學群,002,國立臺灣師範大學,00228,車輛與能源工程學士學位學程,,一般,1,1,均標,10級分,均標,8級分,前標,9級分,--,--,--,--,前標,12級分,--,,,,,,,,,,,,,,,,0,1,在校學業,--,17%,學測英數A自,--,--,學測數A,--,--,學測自然,--,--,學測英文,--,--,學測國文,--,--,數學學業,--,--
第一至七類學群,002,國立臺灣師範大學,00229,光電工程學士學位學程,,一般,3,3,均標,10級分,前標,11級分,前標,9級分,--,--,--,--,前標,12級分,--,,,,,,,,,,,,,,,,3,--,在校學業,8%,--,學測自然,13,--,學測數A,--,--,學測英文,--,--,物理學業,--,--,數學學業,--,--,化學學業,--,--
第一至七類學群,002,國立臺灣師範大學,00230,設計學系產品設計組,,一般,3,3,均標,10級分,均標,8級分,--,--,均標,6級分,--,--,--,--,--,,,,,,,,,,,,,,,,3,--,在校學業,2%,--,學測國英數B,--,--,學測英文,--,--,學測國文,--,--,學測數B,--,--,英語文學業,--,--,國語文學業,--,--
第一至七類學群,002,國立臺灣師範大學,00231,健康促進與衛生教育學系,,一般,12,12,均標,10級分,均標,8級分,均標,6級分,--,--,--,--,均標,9級分,--,,,,,,,,,,,,,,,,3,9,在校學業,18%,7%,學測國英數A自,--,40,學測英文,--,--,學測自然,--,--,學測數A,--,--,學測國文,--,--,英語文學業,--,--
第一至七類學群,002,國立臺灣師範大學,00231,健康促進與衛生教育學系,,外加,1,0,均標,10級分,均標,8級分,均標,6級分,--,--,--,--,均標,9級分,--,,,,,,,,,,,,,,,,0,--,在校學業,--,--,學測國英數A自,--,--,學測英文,--,--,學測自然,--,--,學測數A,--,--,學測國文,--,--,英語文學業,--,--
第一至七類學群,002,國立臺灣師範大學,00232,營養科學學士學位學程,,一般,7,7,均標,10級分,均標,8級分,均標,6級分,--,--,--,--,均標,9級分,--,,,,,,,,,,,,,,,,7,--,在校學業,12%,--,學測國英數A自,--,--,學測自然,--,--,學測英文,--,--,學測數A,--,--,化學學業,--,--,英語文學業,--,--
第一至七類學群,002,國立臺灣師範大學,00232,營養科學學士學位學程,,外加,1,0,均標,10級分,均標,8級分,均標,6級分,--,--,--,--,均標,9級分,--,,,,,,,,,,,,,,,,0,--,在校學業,--,--,學測國英數A自,--,--,學測自然,--,--,學測英文,--,--,學測數A,--,--,化學學業,--,--,英語文學業,--,--
第一至七類學群,002,國立臺灣師範大學,00233,生命科學系,,一般,9,8,--,--,前標,11級分,前標,9級分,--,--,--,--,前標,12級分,--,,,,,,,,,,,,,,,,4,4,在校學業,15%,14%,學測自然,--,--,生物學業,--,--,學測英文,--,--,英語文學業,--,--,學測數A,--,--,學測英數A自,--,--
第一至七類學群,002,國立臺灣師範大學,00234,設計學系視覺設計組,,一般,2,2,均標,10級分,均標,8級分,--,--,--,--,--,--,--,--,--,素描,前標,75分,彩繪技法,前標,75分,創意表現,前標,75分,水墨書畫,--,--,美術鑑賞,--,--,2,--,在校學業,1%,--,美術學業,1%,--,學測國英,--,--,學測英文,--,--,學測國文,--,--,術科素描,--,--,術科創意表現,--,--
第一至七類學群,002,國立臺灣師範大學,00235,美術學系繪畫組,,一般,2,2,前標,12級分,前標,11級分,--,--,--,--,--,--,--,--,--,素描,頂標,84分,彩繪技法,頂標,84分,創意表現,--,--,水墨書畫,--,--,美術鑑賞,--,--,2,--,在校學業,1%,--,學測國文,14,--,學測英文,--,--,術科素描,--,--,術科彩繪技法,--,--,美術學業,--,--,學測社會,--,--
第一至七類學群,002,國立臺灣師範大學,00236,美術學系水墨畫組,,一般,2,1,前標,12級分,前標,11級分,--,--,--,--,--,--,--,--,--,素描,前標,75分,彩繪技法,--,--,創意表現,--,--,水墨書畫,前標,74分,美術鑑賞,--,--,1,--,在校學業,1%,--,學測國文,--,--,學測英文,--,--,術科水墨書畫,--,--,術科素描,--,--,美術學業,--,--,學測社會,--,--
第一至七類學群,002,國立臺灣師範大學,00237,體育與運動科學系,,一般,3,3,後標,9級分,後標,4級分,--,--,--,--,後標,8級分,後標,7級分,--,體育(百分等級),均標,50分,,,,,,,,,,,,,3,--,在校學業,1%,--,術科體育,97.4,--,學測英文,--,--,學測國文,--,--,學測自然,--,--,學測社會,--,--,體育學業,--,--
第一至七類學群,003,國立中興大學,00301,中國文學系,,一般,4,4,前標,12級分,均標,8級分,--,--,--,--,均標,10級分,--,--,--,,,,,,,,,,,,,,,,4,--,在校學業,17%,--,學測國文,--,--,學測英文,--,--,學測社會,--,--,學測國英社,--,--,國語文學業,--,--,英語文學業,--,--
第一至七類學群,003,國立中興大學,00301,中國文學系,,外加,2,0,前標,12級分,均標,8級分,--,--,--,--,均標,10級分,--,--,--,,,,,,,,,,,,,,,,0,--,在校學業,--,--,學測國文,--,--,學測英文,--,--,學測社會,--,--,學測國英社,--,--,國語文學業,--,--,英語文學業,--,--
第一至七類學群,003,國立中興大學,00302,外國語文學系,,一般,13,13,均標,10級分,前標,11級分,--,--,--,--,均標,10級分,--,--,A級,,,,,,,,,,,,,,,,13,--,在校學業,8%,--,學測國英社,--,--,學測英文,--,--,英語文學業,--,--,學測國文,--,--,國語文學業,--,--,學測社會,--,--
第一至七類學群,003,國立中興大學,00302,外國語文學系,,外加,2,1,均標,10級分,前標,11級分,--,--,--,--,均標,10級分,--,--,A級,,,,,,,,,,,,,,,,1,--,在校學業,23%,--,學測國英社,--,--,學測英文,--,--,英語文學業,--,--,學測國文,--,--,國語文學業,--,--,學測社會,--,--
第一至七類學群,003,國立中興大學,00303,歷史學系,,一般,10,10,前標,12級分,--,--,--,--,--,--,前標,12級分,--,--,--,,,,,,,,,,,,,,,,10,--,在校學業,6%,--,學測社會,14,--,歷史學業,1%,--,學測國文,--,--,國語文學業,--,--,學測英文,--,--,英語文學業,--,--
第一至七類學群,003,國立中興大學,00303,歷史學系,,外加,2,0,前標,12級分,--,--,--,--,--,--,前標,12級分,--,--,--,,,,,,,,,,,,,,,,0,--,在校學業,--,--,學測社會,--,--,歷史學業,--,--,學測國文,--,--,國語文學業,--,--,學測英文,--,--,英語文學業,--,--
第一至七類學群,003,國立中興大學,00304,台灣人文創新學士學位學程,,一般,3,3,前標,12級分,均標,8級分,--,--,--,--,均標,10級分,--,--,--,,,,,,,,,,,,,,,,2,1,在校學業,9%,3%,學測國文,--,--,學測英文,--,--,學測社會,--,--,國語文學業,--,--,英語文學業,--,--,歷史學業,--,--
第一至七類學群,003,國立中興大學,00304,台灣人文創新學士學位學程,,外加,1,0,前標,12級分,均標,8級分,--,--,--,--,均標,10級分,--,--,--,,,,,,,,,,,,,,,,0,--,在校學業,--,--,學測國文,--,--,學測英文,--,--,學測社會,--,--,國語文學業,--,--,英語文學業,--,--,歷史學業,--,--
第一至七類學群,003,國立中興大學,00305,財務金融學系,,一般,10,10,均標,10級分,前標,11級分,前標,9級分,--,--,--,--,--,--,--,,,,,,,,,,,,,,,,8,2,在校學業,25%,5%,學測英文,--,--,英語文學業,--,--,學測數A,--,--,數學學業,--,--,學測國文,--,--,國語文學業,--,--
第一至七類學群,003,國立中興大學,00305,財務金融學系,,外加,2,0,均標,10級分,前標,11級分,前標,9級分,--,--,--,--,--,--,--,,,,,,,,,,,,,,,,0,--,在校學業,--,--,學測英文,--,--,英語文學業,--,--,學測數A,--,--,數學學業,--,--,學測國文,--,--,國語文學業,--,--
第一至七類學群,003,國立中興大學,00306,企業管理學系,,一般,16,16,均標,10級分,前標,11級分,--,--,前標,10級分,--,--,--,--,--,,,,,,,,,,,,,,,,16,--,在校學業,26%,--,學測英文,--,--,英語文學業,--,--,學測數B,--,--,數學學業,--,--,學測國文,--,--,國語文學業,--,--
第一至七類學群,003,國立中興大學,00306,企業管理學系,,外加,2,0,均標,10級分,前標,11級分,--,--,前標,10級分,--,--,--,--,--,,,,,,,,,,,,,,,,0,--,在校學業,--,--,學測英文,--,--,英語文學業,--,--,學測數B,--,--,數學學業,--,--,學測國文,--,--,國語文學業,--,--
第一至七類學群,003,國立中興大學,00307,會計學系,,一般,10,10,均標,10級分,前標,11級分,均標,6級分,--,--,--,--,--,--,--,,,,,,,,,,,,,,,,10,--,在校學業,9%,--,學測數A,8,--,學測英文,--,--,學測國文,--,--,數學學業,--,--,英語文學業,--,--,國語文學業,--,--
第一至七類學群,003,國立中興大學,00307,會計學系,,外加,2,0,均標,10級分,前標,11級分,均標,6級分,--,--,--,--,--,--,--,,,,,,,,,,,,,,,,0,--,在校學業,--,--,學測數A,--,--,學測英文,--,--,學測國文,--,--,數學學業,--,--,英語文學業,--,--,國語文學業,--,--
第一至七類學群,003,國立中興大學,00308,行銷學系,,一般,7,7,前標,12級分,前標,11級分,均標,6級分,前標,10級分,--,--,--,--,B級,,,,,,,,,,,,,,,,6,1,在校學業,17%,6%,學測國文,--,--,學測英文,--,--,數學學業,--,--,國語文學業,--,--,英語文學業,--,--,資訊科技學業,--,--
第一至七類學群,003,國立中興大學,00308,行銷學系,,外加,2,0,前標,12級分,前標,11級分,均標,6級分,前標,10級分,--,--,--,--,B級,,,,,,,,,,,,,,,,0,--,在校學業,--,--,學測國文,--,--,學測英文,--,--,數學學業,--,--,國語文學業,--,--,英語文學業,--,--,資訊科技學業,--,--
第一至七類學群,003,國立中興大學,00309,應用經濟學系,,一般,10,10,均標,10級分,均標,8級分,均標,6級分,--,--,--,--,--,--,--,,,,,,,,,,,,,,,,10,--,在校學業,8%,--,學測英文,--,--,學測數A,--,--,英語文學業,--,--,數學學業,--,--,學測國文,--,--,國語文學業,--,--
第一至七類學群,003,國立中興大學,00309,應用經濟學系,,外加,2,1,均標,10級分,均標,8級分,均標,6級分,--,--,--,--,--,--,--,,,,,,,,,,,,,,,,1,--,在校學業,17%,--,學測英文,--,--,學測數A,--,--,英語文學業,--,--,數學學業,--,--,學測國文,--,--,國語文學業,--,--
第一至七類學群,003,國立中興大學,00310,法律學系,,一般,6,6,前標,12級分,均標,8級分,--,--,均標,6級分,前標,12級分,--,--,--,,,,,,,,,,,,,,,,6,--,在校學業,2%,--,學測國英數B社,47,--,學測英文,--,--,學測國文,--,--,學測社會,--,--,學測數B,--,--,公社學業,--,--
第一至七類學群,003,國立中興大學,00310,法律學系,,外加,1,1,前標,12級分,均標,8級分,--,--,均標,6級分,前標,12級分,--,--,--,,,,,,,,,,,,,,,,1,--,在校學業,11%,--,學測國英數B社,--,--,學測英文,--,--,學測國文,--,--,學測社會,--,--,學測數B,--,--,公社學業,--,--
第一至七類學群,003,國立中興大學,00311,資訊管理學系,,一般,1,1,均標,10級分,前標,11級分,前標,9級分,--,--,--,--,均標,9級分,--,,,,,,,,,,,,,,,,1,--,在校學業,4%,--,學測國英數A自,--,--,學測數A,--,--,學測英文,--,--,學測自然,--,--,學測國文,--,--,數學學業,--,--
第一至七類學群,003,國立中興大學,00311,資訊管理學系,,外加,1,0,均標,10級分,前標,11級分,前標,9級分,--,--,--,--,均標,9級分,--,,,,,,,,,,,,,,,,0,--,在校學業,--,--,學測國英數A自,--,--,學測數A,--,--,學測英文,--,--,學測自然,--,--,學測國文,--,--,數學學業,--,--
第一至七類學群,003,國立中興大學,00312,化學系,,一般,8,8,前標,12級分,前標,11級分,前標,9級分,--,--,--,--,前標,12級分,--,,,,,,,,,,,,,,,,2,6,在校學業,25%,8%,學測自然,--,--,學測數A,--,--,學測英文,--,--,化學學業,--,--,數學學業,--,--,物理學業,--,--
第一至七類學群,003,國立中興大學,00312,化學系,,外加,2,0,前標,12級分,前標,11級分,前標,9級分,--,--,--,--,前標,12級分,--,,,,,,,,,,,,,,,,0,--,在校學業,--,--,學測自然,--,--,學測數A,--,--,學測英文,--,--,化學學業,--,--,數學學業,--,--,物理學業,--,--
第一至七類學群,003,國立中興大學,00313,物理學系一般物理組,,一般,4,4,--,--,均標,8級分,前標,9級分,--,--,--,--,前標,12級分,--,,,,,,,,,,,,,,,,2,2,在校學業,14%,8%,學測數A,--,--,學測英文,--,--,學測自然,--,--,物理學業,--,--,數學學業,--,--,英語文學業,--,--
第一至七類學群,003,國立中興大學,00313,物理學系一般物理組,,外加,1,0,--,--,均標,8級分,前標,9級分,--,--,--,--,前標,12級分,--,,,,,,,,,,,,,,,,0,--,在校學業,--,--,學測數A,--,--,學測英文,--,--,學測自然,--,--,物理學業,--,--,數學學業,--,--,英語文學業,--,--
第一至七類學群,003,國立中興大學,00314,物理學系光電物理組,,一般,3,3,--,--,均標,8級分,前標,9級分,--,--,--,--,前標,12級分,--,,,,,,,,,,,,,,,,3,--,在校學業,11%,--,學測數A,--,--,學測英文,--,--,學測自然,--,--,物理學業,--,--,數學學業,--,--,英語文學業,--,--
第一至七類學群,003,國立中興大學,00314,物理學系光電物理組,,外加,1,0,--,--,均標,8級分,前標,9級分,--,--,--,--,前標,12級分,--,,,,,,,,,,,,,,,,0,--,在校學業,--,--,學測數A,--,--,學測英文,--,--,學測自然,--,--,物理學業,--,--,數學學業,--,--,英語文學業,--,--
第一至七類學群,003,國立中興大學,00315,應用數學系應用數學組,,一般,4,4,均標,10級分,均標,8級分,前標,9級分,--,--,--,--,前標,12級分,--,,,,,,,,,,,,,,,,1,3,在校學業,17%,11%,學測數A,--,13,數學學業,--,--,學測英文,--,--,英語文學業,--,--,學測自然,--,--,物理學業,--,--
第一至七類學群,003,國立中興大學,00315,應用數學系應用數學組,,外加,2,0,均標,10級分,均標,8級分,前標,9級分,--,--,--,--,前標,12級分,--,,,,,,,,,,,,,,,,0,--,在校學業,--,--,學測數A,--,--,數學學業,--,--,學測英文,--,--,英語文學業,--,--,學測自然,--,--,物理學業,--,--
第一至七類學群,003,國立中興大學,00316,應用數學系數據科學與計算組,,一般,4,4,均標,10級分,均標,8級分,前標,9級分,--,--,--,--,前標,12級分,--,,,,,,,,,,,,,,,,3,1,在校學業,11%,5%,學測數A,--,--,數學學業,--,--,學測英文,--,--,英語文學業,--,--,學測自然,--,--,物理學業,--,--
第一至七類學群,003,國立中興大學,00316,應用數學系數據科學與計算組,,外加,2,0,均標,10級分,均標,8級分,前標,9級分,--,--,--,--,前標,12級分,--,,,,,,,,,,,,,,,,0,--,在校學業,--,--,學測數A,--,--,數學學業,--,--,學測英文,--,--,英語文學業,--,--,學測自然,--,--,物理學業,--,--
第一至七類學群,003,國立中興大學,00317,機械工程學系,,一般,14,14,均標,10級分,均標,8級分,前標,9級分,--,--,--,--,前標,12級分,--,,,,,,,,,,,,,,,,14,--,在校學業,14%,--,學測英文,12,--,學測數A,--,--,學測自然,--,--,學測國文,--,--,英語文學業,--,--,國語文學業,--,--
第一至七類學群,003,國立中興大學,00317,機械工程學系,,外加,2,0,均標,10級分,均標,8級分,前標,9級分,--,--,--,--,前標,12級分,--,,,,,,,,,,,,,,,,0,--,在校學業,--,--,學測英文,--,--,學測數A,--,--,學測自然,--,--,學測國文,--,--,英語文學業,--,--,國語文學業,--,--
第一至七類學群,003,國立中興大學,00318,土木工程學系,,一般,19,13,均標,10級分,均標,8級分,前標,9級分,--,--,--,--,前標,12級分,--,,,,,,,,,,,,,,,,6,7,在校學業,29%,26%,學測數A,--,--,學測自然,--,--,學測英文,--,--,數學學業,--,--,物理學業,--,--,化學學業,--,--
第一至七類學群,003,國立中興大學,00318,土木工程學系,,外加,2,0,均標,10級分,均標,8級分,前標,9級分,--,--,--,--,前標,12級分,--,,,,,,,,,,,,,,,,0,--,在校學業,--,--,學測數A,--,--,學測自然,--,--,學測英文,--,--,數學學業,--,--,物理學業,--,--,化學學業,--,--
第一至七類學群,003,國立中興大學,00319,環境工程學系,,一般,20,20,均標,10級分,均標,8級分,均標,6級分,--,--,--,--,前標,12級分,--,,,,,,,,,,,,,,,,13,7,在校學業,25%,7%,學測數A,--,--,學測自然,--,--,學測英文,--,--,學測國文,--,--,數學學業,--,--,化學學業,--,--
第一至七類學群,003,國立中興大學,00319,環境工程學系,,外加,2,0,均標,10級分,均標,8級分,均標,6級分,--,--,--,--,前標,12級分,--,,,,,,,,,,,,,,,,0,--,在校學業,--,--,學測數A,--,--,學測自然,--,--,學測英文,--,--,學測國文,--,--,數學學業,--,--,化學學業,--,--
第一至七類學群,003,國立中興大學,00320,化學工程學系,,一般,8,8,均標,10級分,前標,11級分,前標,9級分,--,--,--,--,前標,12級分,--,,,,,,,,,,,,,,,,8,--,在校學業,12%,--,學測自然,--,--,學測數A,--,--,學測英文,--,--,化學學業,--,--,數學學業,--,--,英語文學業,--,--
第一至七類學群,003,國立中興大學,00320,化學工程學系,,外加,1,0,均標,10級分,前標,11級分,前標,9級分,--,--,--,--,前標,12級分,--,,,,,,,,,,,,,,,,0,--,在校學業,--,--,學測自然,--,--,學測數A,--,--,學測英文,--,--,化學學業,--,--,數學學業,--,--,英語文學業,--,--
第一至七類學群,003,國立中興大學,00321,材料科學與工程學系,,一般,12,12,前標,12級分,前標,11級分,前標,9級分,--,--,--,--,前標,12級分,--,,,,,,,,,,,,,,,,12,--,在校學業,6%,--,學測自然,--,--,學測數A,--,--,學測英文,--,--,化學學業,--,--,物理學業,--,--,數學學業,--,--
第一至七類學群,003,國立中興大學,00321,材料科學與工程學系,,外加,2,0,前標,12級分,前標,11級分,前標,9級分,--,--,--,--,前標,12級分,--,,,,,,,,,,,,,,,,0,--,在校學業,--,--,學測自然,--,--,學測數A,--,--,學測英文,--,--,化學學業,--,--,物理學業,--,--,數學學業,--,--
第一至七類學群,003,國立中興大學,00322,智慧創意工程學士學位學程,,一般,2,2,均標,10級分,前標,11級分,前標,9級分,--,--,--,--,均標,9級分,--,,,,,,,,,,,,,,,,2,--,在校學業,6%,--,學測數A,--,--,學測英文,--,--,學測自然,--,--,學測國文,--,--,數學學業,--,--,英語文學業,--,--
第一至七類學群,003,國立中興大學,00323,電機工程學系,,一般,15,15,均標,10級分,前標,11級分,前標,9級分,--,--,--,--,前標,12級分,--,,,,,,,,,,,,,,,,15,--,在校學業,3%,--,學測數A,--,--,學測自然,--,--,學測英文,--,--,學測國英數A自,--,--,數學學業,--,--,英語文學業,--,--
第一至七類學群,003,國立中興大學,00323,電機工程學系,,外加,2,0,均標,10級分,前標,11級分,前標,9級分,--,--,--,--,前標,12級分,--,,,,,,,,,,,,,,,,0,--,在校學業,--,--,學測數A,--,--,學測自然,--,--,學測英文,--,--,學測國英數A自,--,--,數學學業,--,--,英語文學業,--,--
第一至七類學群,003,國立中興大學,00324,資訊工程學系,,一般,8,8,前標,12級分,前標,11級分,前標,9級分,--,--,--,--,前標,12級分,--,,,,,,,,,,,,,,,,8,--,在校學業,6%,--,學測英數A自,37,--,學測數A,--,--,數學學業,--,--,學測英文,--,--,英語文學業,--,--,學測自然,--,--
第一至七類學群,003,國立中興大學,00324,資訊工程學系,,外加,1,0,前標,12級分,前標,11級分,前標,9級分,--,--,--,--,前標,12級分,--,,,,,,,,,,,,,,,,0,--,在校學業,--,--,學測英數A自,--,--,學測數A,--,--,數學學業,--,--,學測英文,--,--,英語文學業,--,--,學測自然,--,--
第一至七類學群,003,國立中興大學,00325,電機資訊學院學士班,,一般,7,7,均標,10級分,前標,11級分,前標,9級分,--,--,--,--,前標,12級分,--,,,,,,,,,,,,,,,,7,--,在校學業,5%,--,學測英數A自,--,--,學測數A,--,--,學測自然,--,--,學測英文,--,--,數學學業,--,--,物理學業,--,--
第一至七類學群,003,國立中興大學,00326,生物產業機電工程學系,,一般,9,9,均標,10級分,均標,8級分,均標,6級分,--,--,--,--,均標,9級分,B級,,,,,,,,,,,,,,,,9,--,在校學業,4%,--,學測數A,--,--,學測自然,--,--,學測英文,--,--,學測國文,--,--,數學學業,--,--,物理學業,--,--
第一至七類學群,003,國立中興大學,00326,生物產業機電工程學系,,外加,2,0,均標,10級分,均標,8級分,均標,6級分,--,--,--,--,均標,9級分,B級,,,,,,,,,,,,,,,,0,--,在校學業,--,--,學測數A,--,--,學測自然,--,--,學測英文,--,--,學測國文,--,--,數學學業,--,--,物理學業,--,--
第一至七類學群,003,國立中興大學,00327,水土保持學系,,一般,9,9,均標,10級分,均標,8級分,均標,6級分,--,--,--,--,均標,9級分,--,,,,,,,,,,,,,,,,5,4,在校學業,26%,6%,學測數A,--,--,學測自然,--,--,學測英文,--,--,數學學業,--,--,物理學業,--,--,英語文學業,--,--
第一至七類學群,003,國立中興大學,00327,水土保持學系,,外加,2,0,均標,10級分,均標,8級分,均標,6級分,--,--,--,--,均標,9級分,--,,,,,,,,,,,,,,,,0,--,在校學業,--,--,學測數A,--,--,學測自然,--,--,學測英文,--,--,數學學業,--,--,物理學業,--,--,英語文學業,--,--
第一至七類學群,003,國立中興大學,00328,食品暨應用生物科技學系,,一般,10,10,均標,10級分,前標,11級分,前標,9級分,前標,10級分,--,--,前標,12級分,--,,,,,,,,,,,,,,,,2,8,在校學業,16%,15%,學測英文,--,--,化學學業,--,--,生物學業,--,--,學測自然,--,--,數學學業,--,--,物理學業,--,--
第一至七類學群,003,國立中興大學,00328,食品暨應用生物科技學系,,外加,2,0,均標,10級分,前標,11級分,前標,9級分,前標,10級分,--,--,前標,12級分,--,,,,,,,,,,,,,,,,0,--,在校學業,--,--,學測英文,--,--,化學學業,--,--,生物學業,--,--,學測自然,--,--,數學學業,--,--,物理學業,--,--
第一至七類學群,003,國立中興大學,00329,農藝學系,,一般,8,8,均標,10級分,均標,8級分,均標,6級分,均標,6級分,--,--,均標,9級分,--,,,,,,,,,,,,,,,,2,6,在校學業,19%,21%,學測英文,--,--,學測自然,--,--,數學學業,--,--,學測國文,--,--,生物學業,--,--,英語文學業,--,--
第一至七類學群,003,國立中興大學,00329,農藝學系,,外加,2,0,均標,10級分,均標,8級分,均標,6級分,均標,6級分,--,--,均標,9級分,--,,,,,,,,,,,,,,,,0,--,在校學業,--,--,學測英文,--,--,學測自然,--,--,數學學業,--,--,學測國文,--,--,生物學業,--,--,英語文學業,--,--
第一至七類學群,003,國立中興大學,00330,園藝學系,,一般,8,8,均標,10級分,均標,8級分,--,--,均標,6級分,--,--,均標,9級分,--,,,,,,,,,,,,,,,,2,6,在校學業,12%,20%,學測自然,--,--,學測英文,--,--,學測國文,--,--,學測國英自,--,--,英語文學業,--,--,生物學業,--,--
第一至七類學群,003,國立中興大學,00330,園藝學系,,外加,2,0,均標,10級分,均標,8級分,--,--,均標,6級分,--,--,均標,9級分,--,,,,,,,,,,,,,,,,0,--,在校學業,--,--,學測自然,--,--,學測英文,--,--,學測國文,--,--,學測國英自,--,--,英語文學業,--,--,生物學業,--,--
第一至七類學群,003,國立中興大學,00331,森林學系林學組,,一般,10,10,均標,10級分,均標,8級分,--,--,均標,6級分,--,--,均標,9級分,--,,,,,,,,,,,,,,,,2,8,在校學業,26%,20%,學測自然,--,--,學測數B,--,--,學測英文,--,--,學測國文,--,--,英語文學業,--,--,國語文學業,--,--
第一至七類學群,003,國立中興大學,00331,森林學系林學組,,外加,1,0,均標,10級分,均標,8級分,--,--,均標,6級分,--,--,均標,9級分,--,,,,,,,,,,,,,,,,0,--,在校學業,--,--,學測自然,--,--,學測數B,--,--,學測英文,--,--,學測國文,--,--,英語文學業,--,--,國語文學業,--,--
第一至七類學群,003,國立中興大學,00332,森林學系木材科學組,,一般,10,10,均標,10級分,均標,8級分,--,--,均標,6級分,--,--,均標,9級分,--,,,,,,,,,,,,,,,,3,7,在校學業,23%,24%,學測自然,--,12,學測數B,--,--,學測英文,--,--,學測國文,--,--,英語文學業,--,--,國語文學業,--,--
第一至七類學群,003,國立中興大學,00332,森林學系木材科學組,,外加,1,0,均標,10級分,均標,8級分,--,--,均標,6級分,--,--,均標,9級分,--,,,,,,,,,,,,,,,,0,--,在校學業,--,--,學測自然,--,--,學測數B,--,--,學測英文,--,--,學測國文,--,--,英語文學業,--,--,國語文學業,--,--
第一至七類學群,003,國立中興大學,00333,植物病理學系,,一般,8,8,均標,10級分,均標,8級分,均標,6級分,--,--,--,--,前標,12級分,--,,,,,,,,,,,,,,,,2,6,在校學業,13%,17%,學測自然,--,--,學測英文,--,--,生物學業,--,--,學測數A,--,--,化學學業,--,--,學測國文,--,--
第一至七類學群,003,國立中興大學,00333,植物病理學系,,外加,2,0,均標,10級分,均標,8級分,均標,6級分,--,--,--,--,前標,12級分,--,,,,,,,,,,,,,,,,0,--,在校學業,--,--,學測自然,--,--,學測英文,--,--,生物學業,--,--,學測數A,--,--,化學學業,--,--,學測國文,--,--
第一至七類學群,003,國立中興大學,00334,昆蟲學系,,一般,5,5,均標,10級分,均標,8級分,均標,6級分,均標,6級分,--,--,均標,9級分,--,,,,,,,,,,,,,,,,2,3,在校學業,28%,7%,學測自然,--,--,學測英文,--,--,學測國文,--,--,生物學業,--,--,英語文學業,--,--,國語文學業,--,--
第一至七類學群,003,國立中興大學,00334,昆蟲學系,,外加,2,0,均標,10級分,均標,8級分,均標,6級分,均標,6級分,--,--,均標,9級分,--,,,,,,,,,,,,,,,,0,--,在校學業,--,--,學測自然,--,--,學測英文,--,--,學測國文,--,--,生物學業,--,--,英語文學業,--,--,國語文學業,--,--
第一至七類學群,003,國立中興大學,00335,動物科學系,,一般,15,15,均標,10級分,均標,8級分,均標,6級分,--,--,--,--,前標,12級分,B級,,,,,,,,,,,,,,,,5,10,在校學業,9%,14%,學測國英數A自,--,--,學測英文,--,--,學測自然,--,--,學測數A,--,--,生物學業,--,--,化學學業,--,--
第一至七類學群,003,國立中興大學,00335,動物科學系,,外加,2,0,均標,10級分,均標,8級分,均標,6級分,--,--,--,--,前標,12級分,B級,,,,,,,,,,,,,,,,0,--,在校學業,--,--,學測國英數A自,--,--,學測英文,--,--,學測自然,--,--,學測數A,--,--,生物學業,--,--,化學學業,--,--
第一至七類學群,003,國立中興大學,00336,土壤環境科學系,,一般,7,7,--,--,均標,8級分,均標,6級分,均標,6級分,--,--,均標,9級分,--,,,,,,,,,,,,,,,,5,2,在校學業,13%,4%,學測英文,--,--,學測自然,--,--,英語文學業,--,--,化學學業,--,--,生物學業,--,--,數學學業,--,--
第一至七類學群,003,國立中興大學,00336,土壤環境科學系,,外加,2,0,--,--,均標,8級分,均標,6級分,均標,6級分,--,--,均標,9級分,--,,,,,,,,,,,,,,,,0,--,在校學業,--,--,學測英文,--,--,學測自然,--,--,英語文學業,--,--,化學學業,--,--,生物學業,--,--,數學學業,--,--
第一至七類學群,003,國立中興大學,00337,生物科技學士學位學程,,一般,4,4,均標,10級分,前標,11級分,均標,6級分,均標,6級分,--,--,前標,12級分,--,,,,,,,,,,,,,,,,4,--,在校學業,4%,--,學測自然,--,--,學測英文,--,--,化學學業,--,--,生物學業,--,--,英語文學業,--,--,國語文學業,--,--
第一至七類學群,003,國立中興大學,00337,生物科技學士學位學程,,外加,1,0,均標,10級分,前標,11級分,均標,6級分,均標,6級分,--,--,前標,12級分,--,,,,,,,,,,,,,,,,0,--,在校學業,--,--,學測自然,--,--,學測英文,--,--,化學學業,--,--,生物學業,--,--,英語文學業,--,--,國語文學業,--,--
第一至七類學群,003,國立中興大學,00338,景觀與遊憩學士學位學程,,一般,3,3,均標,10級分,均標,8級分,均標,6級分,均標,6級分,--,--,均標,9級分,--,,,,,,,,,,,,,,,,2,1,在校學業,8%,12%,學測英文,--,--,學測國文,--,--,學測自然,--,--,數學學業,--,--,英語文學業,--,--,生物學業,--,--
第一至七類學群,003,國立中興大學,00338,景觀與遊憩學士學位學程,,外加,1,0,均標,10級分,均標,8級分,均標,6級分,均標,6級分,--,--,均標,9級分,--,,,,,,,,,,,,,,,,0,--,在校學業,--,--,學測英文,--,--,學測國文,--,--,學測自然,--,--,數學學業,--,--,英語文學業,--,--,生物學業,--,--
第一至七類學群,003,國立中興大學,00339,國際農企業學士學位學程,,一般,1,1,--,--,前標,11級分,均標,6級分,均標,6級分,--,--,均標,9級分,--,,,,,,,,,,,,,,,,0,1,在校學業,--,14%,學測英自,--,--,學測英文,--,--,英語文學業,--,--,數學學業,--,--,學測自然,--,--,生物學業,--,--
第一至七類學群,003,國立中興大學,00339,國際農企業學士學位學程,,外加,1,0,--,--,前標,11級分,均標,6級分,均標,6級分,--,--,均標,9級分,--,,,,,,,,,,,,,,,,0,--,在校學業,--,--,學測英自,--,--,學測英文,--,--,英語文學業,--,--,數學學業,--,--,學測自然,--,--,生物學業,--,--
第一至七類學群,003,國立中興大學,00340,生命科學系,,一般,20,20,--,--,前標,11級分,均標,6級分,--,--,--,--,前標,12級分,--,,,,,,,,,,,,,,,,3,17,在校學業,24%,14%,學測自然,--,13,生物學業,--,--,學測英文,--,--,英語文學業,--,--,學測數A,--,--,數學學業,--,--
第一至七類學群,003,國立中興大學,00340,生命科學系,,外加,2,0,--,--,前標,11級分,均標,6級分,--,--,--,--,前標,12級分,--,,,,,,,,,,,,,,,,0,--,在校學業,--,--,學測自然,--,--,生物學業,--,--,學測英文,--,--,英語文學業,--,--,學測數A,--,--,數學學業,--,--
第一至七類學群,003,國立中興大學,00341,獸醫學系,,一般,9,9,均標,10級分,前標,11級分,均標,6級分,--,--,--,--,前標,12級分,B級,,,,,,,,,,,,,,,,9,--,在校學業,1%,--,學測英文,11,--,學測自然,12,--,學測數A,7,--,英語文學業,2%,--,化學學業,--,--,生物學業,--,--
第一至七類學群,004,國立成功大學,00401,中國文學系,,一般,8,8,頂標,13級分,均標,8級分,--,--,--,--,前標,12級分,--,--,--,,,,,,,,,,,,,,,,8,--,在校學業,8%,--,學測國文,--,--,學測社會,--,--,學測英文,--,--,學測國英社,--,--,國語文學業,--,--,英語文學業,--,--
第一至七類學群,004,國立成功大學,00402,外國語文學系,,一般,7,7,前標,12級分,頂標,13級分,--,--,--,--,均標,10級分,--,--,A級,,,,,,,,,,,,,,,,5,2,在校學業,14%,4%,學測英文,--,--,英語文學業,--,--,學測國文,--,--,國語文學業,--,--,學測社會,--,--,學測數B,--,--
第一至七類學群,004,國立成功大學,00403,歷史學系,,一般,8,8,前標,12級分,前標,11級分,--,--,--,--,前標,12級分,--,--,--,,,,,,,,,,,,,,,,1,7,在校學業,6%,6%,學測社會,--,15,學測國文,--,--,學測英文,--,--,歷史學業,--,--,學測國英數B社,--,--,學測數B,--,--
第一至七類學群,004,國立成功大學,00403,歷史學系,,外加,1,0,前標,12級分,前標,11級分,--,--,--,--,前標,12級分,--,--,--,,,,,,,,,,,,,,,,0,--,在校學業,--,--,學測社會,--,--,學測國文,--,--,學測英文,--,--,歷史學業,--,--,學測國英數B社,--,--,學測數B,--,--
第一至七類學群,004,國立成功大學,00404,台灣文學系,,一般,8,8,前標,12級分,前標,11級分,--,--,均標,6級分,前標,12級分,--,--,--,,,,,,,,,,,,,,,,0,8,在校學業,--,10%,歷史學業,--,--,地理學業,--,--,學測社會,--,--,學測數B,--,--,學測英文,--,--,學測國英數B社,--,--
第一至七類學群,004,國立成功大學,00405,企業管理學系,,一般,10,10,均標,10級分,前標,11級分,--,--,均標,6級分,--,--,--,--,--,,,,,,,,,,,,,,,,10,--,在校學業,4%,--,學測國英數B,38,--,學測英文,--,--,學測數B,--,--,學測國文,--,--,英語文學業,--,--,數學學業,--,--
第一至七類學群,004,國立成功大學,00406,會計學系,,一般,8,8,均標,10級分,前標,11級分,--,--,前標,10級分,均標,10級分,--,--,--,,,,,,,,,,,,,,,,8,--,在校學業,4%,--,學測國英數B社,--,--,學測英文,--,--,學測數B,--,--,英語文學業,--,--,數學學業,--,--,學測國文,--,--
第一至七類學群,004,國立成功大學,00406,會計學系,,外加,1,0,均標,10級分,前標,11級分,--,--,前標,10級分,均標,10級分,--,--,--,,,,,,,,,,,,,,,,0,--,在校學業,--,--,學測國英數B社,--,--,學測英文,--,--,學測數B,--,--,英語文學業,--,--,數學學業,--,--,學測國文,--,--
第一至七類學群,004,國立成功大學,00407,政治學系,,一般,9,9,前標,12級分,前標,11級分,均標,6級分,均標,6級分,前標,12級分,--,--,--,,,,,,,,,,,,,,,,6,3,在校學業,18%,3%,學測英文,--,12,學測國文,--,--,學測社會,--,--,學測國英社,--,--,英語文學業,--,--,數學學業,--,--
第一至七類學群,004,國立成功大學,00408,經濟學系,,一般,12,12,前標,12級分,均標,8級分,前標,9級分,--,--,均標,10級分,--,--,--,,,,,,,,,,,,,,,,3,9,在校學業,12%,6%,學測數A,--,12,學測英文,--,--,學測國文,--,--,學測社會,--,--,數學學業,--,--,英語文學業,--,--
第一至七類學群,004,國立成功大學,00408,經濟學系,,外加,1,0,前標,12級分,均標,8級分,前標,9級分,--,--,均標,10級分,--,--,--,,,,,,,,,,,,,,,,0,--,在校學業,--,--,學測數A,--,--,學測英文,--,--,學測國文,--,--,學測社會,--,--,數學學業,--,--,英語文學業,--,--
第一至七類學群,004,國立成功大學,00409,法律學系,,一般,7,7,頂標,13級分,頂標,13級分,--,--,均標,6級分,均標,10級分,--,--,--,,,,,,,,,,,,,,,,6,1,在校學業,13%,2%,公社學業,--,--,學測社會,--,--,學測國文,--,--,學測英文,--,--,學測數B,--,--,學測國英數B社,--,--
第一至七類學群,004,國立成功大學,00409,法律學系,,外加,2,0,頂標,13級分,頂標,13級分,--,--,均標,6級分,均標,10級分,--,--,--,,,,,,,,,,,,,,,,0,--,在校學業,--,--,公社學業,--,--,學測社會,--,--,學測國文,--,--,學測英文,--,--,學測數B,--,--,學測國英數B社,--,--
第一至七類學群,004,國立成功大學,00410,數學系,,一般,8,8,--,--,均標,8級分,前標,9級分,--,--,--,--,均標,9級分,--,,,,,,,,,,,,,,,,5,3,在校學業,6%,5%,學測英數A自,--,33,學測數A,--,--,學測自然,--,--,學測英文,--,--,數學學業,--,--,物理學業,--,--
第一至七類學群,004,國立成功大學,00411,物理學系,,一般,6,6,均標,10級分,均標,8級分,均標,6級分,--,--,--,--,均標,9級分,--,,,,,,,,,,,,,,,,6,--,在校學業,1%,--,學測國英數A自,41,--,學測數A,--,--,學測自然,--,--,學測英文,--,--,數學學業,--,--,物理學業,--,--
第一至七類學群,004,國立成功大學,00411,物理學系,,外加,1,0,均標,10級分,均標,8級分,均標,6級分,--,--,--,--,均標,9級分,--,,,,,,,,,,,,,,,,0,--,在校學業,--,--,學測國英數A自,--,--,學測數A,--,--,學測自然,--,--,學測英文,--,--,數學學業,--,--,物理學業,--,--
第一至七類學群,004,國立成功大學,00412,化學系,,一般,8,8,均標,10級分,前標,11級分,前標,9級分,--,--,--,--,前標,12級分,--,,,,,,,,,,,,,,,,5,3,在校學業,3%,2%,學測國英數A自,--,--,學測自然,--,--,學測數A,--,--,學測英文,--,--,學測國文,--,--,化學學業,--,--
第一至七類學群,004,國立成功大學,00412,化學系,,外加,1,0,均標,10級分,前標,11級分,前標,9級分,--,--,--,--,前標,12級分,--,,,,,,,,,,,,,,,,0,--,在校學業,--,--,學測國英數A自,--,--,學測自然,--,--,學測數A,--,--,學測英文,--,--,學測國文,--,--,化學學業,--,--
第一至七類學群,004,國立成功大學,00413,地球科學系,,一般,9,9,均標,10級分,均標,8級分,均標,6級分,--,--,--,--,前標,12級分,--,,,,,,,,,,,,,,,,3,6,在校學業,9%,11%,學測數A,--,--,學測自然,--,--,學測英文,--,--,學測國文,--,--,地科學業,--,--,數學學業,--,--
第一至七類學群,004,國立成功大學,00413,地球科學系,,外加,1,0,均標,10級分,均標,8級分,均標,6級分,--,--,--,--,前標,12級分,--,,,,,,,,,,,,,,,,0,--,在校學業,--,--,學測數A,--,--,學測自然,--,--,學測英文,--,--,學測國文,--,--,地科學業,--,--,數學學業,--,--
第一至七類學群,004,國立成功大學,00414,光電科學與工程學系,,一般,10,10,均標,10級分,前標,11級分,前標,9級分,--,--,--,--,前標,12級分,--,,,,,,,,,,,,,,,,10,--,在校學業,3%,--,學測國英數A自,--,--,學測自然,--,--,學測數A,--,--,學測英文,--,--,物理學業,--,--,數學學業,--,--
第一至七類學群,004,國立成功大學,00414,光電科學與工程學系,,外加,2,0,均標,10級分,前標,11級分,前標,9級分,--,--,--,--,前標,12級分,--,,,,,,,,,,,,,,,,0,--,在校學業,--,--,學測國英數A自,--,--,學測自然,--,--,學測數A,--,--,學測英文,--,--,物理學業,--,--,數學學業,--,--
第一至七類學群,004,國立成功大學,00415,機械工程學系,,一般,24,24,均標,10級分,均標,8級分,前標,9級分,--,--,--,--,前標,12級分,--,,,,,,,,,,,,,,,,12,12,在校學業,14%,4%,學測數A,--,12,學測自然,--,--,學測國英數A自,--,--,學測英文,--,--,數學學業,--,--,物理學業,--,--
第一至七類學群,004,國立成功大學,00415,機械工程學系,,外加,1,0,均標,10級分,均標,8級分,前標,9級分,--,--,--,--,前標,12級分,--,,,,,,,,,,,,,,,,0,--,在校學業,--,--,學測數A,--,--,學測自然,--,--,學測國英數A自,--,--,學測英文,--,--,數學學業,--,--,物理學業,--,--
第一至七類學群,004,國立成功大學,00416,化學工程學系,,一般,19,19,--,--,前標,11級分,前標,9級分,--,--,--,--,前標,12級分,--,,,,,,,,,,,,,,,,19,--,在校學業,15%,--,學測英數A自,--,--,學測自然,--,--,學測數A,--,--,學測英文,--,--,學測國文,--,--,化學學業,--,--
第一至七類學群,004,國立成功大學,00417,材料科學及工程學系,,一般,17,17,前標,12級分,前標,11級分,前標,9級分,--,--,--,--,前標,12級分,--,,,,,,,,,,,,,,,,17,--,在校學業,3%,--,學測英數A自,37,--,學測自然,--,--,學測數A,--,--,學測英文,--,--,物理學業,--,--,化學學業,--,--
第一至七類學群,004,國立成功大學,00418,資源工程學系,,一般,8,4,均標,10級分,前標,11級分,前標,9級分,--,--,--,--,前標,12級分,--,,,,,,,,,,,,,,,,0,4,在校學業,--,15%,學測國英數A自,--,--,學測數A,--,--,學測自然,--,--,地科學業,--,--,學測英文,--,--,學測國文,--,--
第一至七類學群,004,國立成功大學,00418,資源工程學系,,外加,2,0,均標,10級分,前標,11級分,前標,9級分,--,--,--,--,前標,12級分,--,,,,,,,,,,,,,,,,0,--,在校學業,--,--,學測國英數A自,--,--,學測數A,--,--,學測自然,--,--,地科學業,--,--,學測英文,--,--,學測國文,--,--
第一至七類學群,004,國立成功大學,00419,土木工程學系,,一般,13,9,--,--,前標,11級分,前標,9級分,--,--,--,--,前標,12級分,--,,,,,,,,,,,,,,,,0,9,在校學業,--,14%,學測國英數A自,--,--,學測數A,--,--,學測自然,--,--,學測英文,--,--,學測國文,--,--,物理學業,--,--
第一至七類學群,004,國立成功大學,00420,水利及海洋工程學系,,一般,9,3,均標,10級分,均標,8級分,前標,9級分,--,--,--,--,前標,12級分,--,,,,,,,,,,,,,,,,0,3,在校學業,--,10%,學測國英數A自,--,--,學測數A,--,--,學測自然,--,--,學測英文,--,--,數學學業,--,--,物理學業,--,--
第一至七類學群,004,國立成功大學,00420,水利及海洋工程學系,,外加,2,1,均標,10級分,均標,8級分,前標,9級分,--,--,--,--,前標,12級分,--,,,,,,,,,,,,,,,,1,--,在校學業,9%,--,學測國英數A自,--,--,學測數A,--,--,學測自然,--,--,學測英文,--,--,數學學業,--,--,物理學業,--,--
第一至七類學群,004,國立成功大學,00421,工程科學系,,一般,8,8,均標,10級分,均標,8級分,前標,9級分,--,--,--,--,前標,12級分,--,,,,,,,,,,,,,,,,8,--,在校學業,3%,--,學測數A,10,--,數學學業,--,--,學測自然,--,--,物理學業,--,--,學測英文,--,--,學測國英數A自,--,--
第一至七類學群,004,國立成功大學,00421,工程科學系,,外加,1,1,均標,10級分,均標,8級分,前標,9級分,--,--,--,--,前標,12級分,--,,,,,,,,,,,,,,,,1,--,在校學業,12%,--,學測數A,--,--,數學學業,--,--,學測自然,--,--,物理學業,--,--,學測英文,--,--,學測國英數A自,--,--
第一至七類學群,004,國立成功大學,00422,系統及船舶機電工程學系,,一般,6,6,均標,10級分,前標,11級分,前標,9級分,--,--,--,--,前標,12級分,--,,,,,,,,,,,,,,,,1,5,在校學業,12%,6%,學測國英數A自,--,--,學測數A,--,--,學測自然,--,--,學測英文,--,--,學測國文,--,--,物理學業,--,--
第一至七類學群,004,國立成功大學,00423,航空太空工程學系,,一般,8,8,--,--,前標,11級分,前標,9級分,--,--,--,--,前標,12級分,--,,,,,,,,,,,,,,,,7,1,在校學業,16%,3%,學測英數A自,--,--,學測數A,--,--,學測自然,--,--,學測英文,--,--,數學學業,--,--,物理學業,--,--
第一至七類學群,004,國立成功大學,00424,環境工程學系,,一般,8,3,均標,10級分,均標,8級分,前標,9級分,--,--,--,--,前標,12級分,--,,,,,,,,,,,,,,,,0,3,在校學業,--,14%,學測數A,--,--,學測英文,--,--,學測自然,--,--,學測國英數A自,--,--,學測國文,--,--,數學學業,--,--
第一至七類學群,004,國立成功大學,00425,測量及空間資訊學系,,一般,10,10,均標,10級分,均標,8級分,均標,6級分,--,--,--,--,均標,9級分,--,,,,,,,,,,,,,,,,9,1,在校學業,17%,3%,學測國英數A自,--,--,學測數A,--,--,學測英文,--,--,學測自然,--,--,學測國文,--,--,數學學業,--,--
第一至七類學群,004,國立成功大學,00426,生物醫學工程學系,,一般,4,4,--,--,前標,11級分,前標,9級分,--,--,--,--,前標,12級分,--,,,,,,,,,,,,,,,,4,--,在校學業,8%,--,學測英數A自,--,--,學測自然,--,--,學測數A,--,--,物理學業,--,--,生物學業,--,--,化學學業,--,--
第一至七類學群,004,國立成功大學,00427,工業與資訊管理學系,,一般,9,9,前標,12級分,前標,11級分,前標,9級分,--,--,--,--,前標,12級分,--,,,,,,,,,,,,,,,,0,9,在校學業,--,6%,學測國英數A自,--,--,學測數A,--,--,學測英文,--,--,學測自然,--,--,學測國文,--,--,數學學業,--,--
第一至七類學群,004,國立成功大學,00427,工業與資訊管理學系,,外加,1,0,前標,12級分,前標,11級分,前標,9級分,--,--,--,--,前標,12級分,--,,,,,,,,,,,,,,,,0,--,在校學業,--,--,學測國英數A自,--,--,學測數A,--,--,學測英文,--,--,學測自然,--,--,學測國文,--,--,數學學業,--,--
第一至七類學群,004,國立成功大學,00428,交通管理科學系,,一般,8,8,均標,10級分,前標,11級分,前標,9級分,--,--,--,--,均標,9級分,--,,,,,,,,,,,,,,,,1,7,在校學業,4%,7%,學測國英數A自,--,43,學測英文,--,--,學測數A,--,--,學測國文,--,--,學測自然,--,--,英語文學業,--,--
第一至七類學群,004,國立成功大學,00429,統計學系,,一般,8,8,均標,10級分,前標,11級分,前標,9級分,--,--,--,--,前標,12級分,--,,,,,,,,,,,,,,,,0,8,在校學業,--,11%,學測數A,--,--,學測自然,--,--,學測英文,--,--,學測國文,--,--,學測國英數A自,--,--,數學學業,--,--
第一至七類學群,004,國立成功大學,00429,統計學系,,外加,2,0,均標,10級分,前標,11級分,前標,9級分,--,--,--,--,前標,12級分,--,,,,,,,,,,,,,,,,0,--,在校學業,--,--,學測數A,--,--,學測自然,--,--,學測英文,--,--,學測國文,--,--,學測國英數A自,--,--,數學學業,--,--
第一至七類學群,004,國立成功大學,00430,電機工程學系,,一般,28,28,--,--,均標,8級分,頂標,11級分,--,--,--,--,頂標,13級分,--,,,,,,,,,,,,,,,,28,--,在校學業,2%,--,學測英數A自,38,--,學測數A,--,--,學測自然,--,--,學測英文,--,--,數學學業,--,--,物理學業,--,--
第一至七類學群,004,國立成功大學,00430,電機工程學系,,外加,1,0,--,--,均標,8級分,頂標,11級分,--,--,--,--,頂標,13級分,--,,,,,,,,,,,,,,,,0,--,在校學業,--,--,學測英數A自,--,--,學測數A,--,--,學測自然,--,--,學測英文,--,--,數學學業,--,--,物理學業,--,--
第一至七類學群,004,國立成功大學,00431,資訊工程學系,,一般,12,12,--,--,前標,11級分,前標,9級分,--,--,--,--,前標,12級分,--,,,,,,,,,,,,,,,,12,--,在校學業,2%,--,學測英數A自,39,--,學測數A,--,--,學測英文,--,--,學測自然,--,--,數學學業,--,--,資訊科技學業,--,--
第一至七類學群,004,國立成功大學,00432,建築學系,,一般,8,8,均標,10級分,前標,11級分,前標,9級分,--,--,--,--,前標,12級分,--,,,,,,,,,,,,,,,,5,3,在校學業,11%,8%,學測國英數A自,--,--,學測數A,--,--,學測自然,--,--,學測英文,--,--,學測國文,--,--,數學學業,--,--
第一至七類學群,004,國立成功大學,00433,都市計劃學系,,一般,8,7,均標,10級分,前標,11級分,前標,9級分,--,--,--,--,--,--,--,,,,,,,,,,,,,,,,2,5,在校學業,13%,15%,學測國英數A,--,--,學測數A,--,--,學測英文,--,--,學測國文,--,--,數學學業,--,--,英語文學業,--,--
第一至七類學群,004,國立成功大學,00434,工業設計學系,,一般,7,6,均標,10級分,前標,11級分,前標,9級分,--,--,--,--,前標,12級分,--,,,,,,,,,,,,,,,,1,5,在校學業,1%,20%,學測國英數A自,--,--,學測英文,--,--,學測自然,--,--,學測數A,--,--,學測國文,--,--,英語文學業,--,--
第一至七類學群,004,國立成功大學,00435,全校不分系學士學位學程,,一般,2,2,均標,10級分,前標,11級分,前標,9級分,--,--,--,--,--,--,--,,,,,,,,,,,,,,,,2,--,在校學業,1%,--,學測國英數A,37,--,學測數A,--,--,學測英文,--,--,學測國文,--,--,數學學業,--,--,英語文學業,--,--
第一至七類學群,004,國立成功大學,00436,醫學檢驗生物技術學系,,一般,6,6,均標,10級分,前標,11級分,前標,9級分,--,--,--,--,前標,12級分,--,,,,,,,,,,,,,,,,2,4,在校學業,16%,3%,學測國英數A自,--,--,學測英文,--,--,學測自然,--,--,學測數A,--,--,化學學業,--,--,生物學業,--,--
第一至七類學群,004,國立成功大學,00437,護理學系,,一般,7,7,均標,10級分,前標,11級分,均標,6級分,--,--,--,--,均標,9級分,--,,,,,,,,,,,,,,,,3,4,在校學業,19%,4%,學測英文,--,15,學測自然,--,--,學測國文,--,--,學測數A,--,--,英語文學業,--,--,生物學業,--,--
第一至七類學群,004,國立成功大學,00438,物理治療學系,,一般,6,6,均標,10級分,前標,11級分,均標,6級分,--,--,--,--,均標,9級分,--,,,,,,,,,,,,,,,,6,--,在校學業,2%,--,學測國英數A自,49,--,學測英文,--,--,學測自然,--,--,學測國文,--,--,學測數A,--,--,英語文學業,--,--
第一至七類學群,004,國立成功大學,00439,職能治療學系,,一般,5,5,--,--,前標,11級分,前標,9級分,--,--,--,--,前標,12級分,--,,,,,,,,,,,,,,,,5,--,在校學業,9%,--,學測國英數A自,--,--,學測英文,--,--,學測自然,--,--,學測數A,--,--,學測國文,--,--,英語文學業,--,--
第一至七類學群,004,國立成功大學,00440,藥學系,,一般,5,5,均標,10級分,均標,8級分,均標,6級分,--,--,--,--,均標,9級分,--,,,,,,,,,,,,,,,,5,--,在校學業,1%,--,學測國英數A自,50,--,學測自然,--,--,學測國文,--,--,學測英文,--,--,學測數A,--,--,化學學業,--,--
第一至七類學群,004,國立成功大學,00441,心理學系,,一般,8,8,--,--,均標,8級分,均標,6級分,--,--,均標,10級分,均標,9級分,--,,,,,,,,,,,,,,,,8,--,在校學業,4%,--,學測英文,--,--,學測數A,--,--,學測自然,--,--,英語文學業,--,--,數學學業,--,--,生物學業,--,--
第一至七類學群,004,國立成功大學,00441,心理學系,,外加,1,1,--,--,均標,8級分,均標,6級分,--,--,均標,10級分,均標,9級分,--,,,,,,,,,,,,,,,,1,--,在校學業,11%,--,學測英文,--,--,學測數A,--,--,學測自然,--,--,英語文學業,--,--,數學學業,--,--,生物學業,--,--
第一至七類學群,004,國立成功大學,00442,生命科學系,,一般,8,8,--,--,前標,11級分,前標,9級分,--,--,--,--,前標,12級分,--,,,,,,,,,,,,,,,,0,8,在校學業,--,8%,學測自然,--,14,生物學業,--,--,學測英數A自,--,--,學測英文,--,--,化學學業,--,--,英語文學業,--,--
第一至七類學群,004,國立成功大學,00442,生命科學系,,外加,1,0,--,--,前標,11級分,前標,9級分,--,--,--,--,前標,12級分,--,,,,,,,,,,,,,,,,0,--,在校學業,--,--,學測自然,--,--,生物學業,--,--,學測英數A自,--,--,學測英文,--,--,化學學業,--,--,英語文學業,--,--
第一至七類學群,004,國立成功大學,00443,生物科技與產業科學系,,一般,6,6,前標,12級分,前標,11級分,--,--,--,--,--,--,前標,12級分,--,,,,,,,,,,,,,,,,6,--,在校學業,5%,--,學測國英自,--,--,學測自然,--,--,學測英文,--,--,學測國文,--,--,生物學業,--,--,化學學業,--,--
第一至七類學群,004,國立成功大學,00443,生物科技與產業科學系,,外加,2,0,前標,12級分,前標,11級分,--,--,--,--,--,--,前標,12級分,--,,,,,,,,,,,,,,,,0,--,在校學業,--,--,學測國英自,--,--,學測自然,--,--,學測英文,--,--,學測國文,--,--,生物學業,--,--,化學學業,--,--
第一至七類學群,005,東吳大學,00501,中國文學系,,一般,20,20,均標,10級分,--,--,--,--,--,--,--,--,--,--,--,,,,,,,,,,,,,,,,19,1,在校學業,47%,7%,學測國文,--,13,國語文學業,--,--,英語文學業,--,--,學測社會,--,--,公社學業,--,--,學測英文,--,--
第一至七類學群,005,東吳大學,00501,中國文學系,,外加,1,0,均標,10級分,--,--,--,--,--,--,--,--,--,--,--,,,,,,,,,,,,,,,,0,--,在校學業,--,--,學測國文,--,--,國語文學業,--,--,英語文學業,--,--,學測社會,--,--,公社學業,--,--,學測英文,--,--
第一至七類學群,005,東吳大學,00502,歷史學系,,一般,20,20,--,--,--,--,--,--,--,--,均標,10級分,--,--,--,,,,,,,,,,,,,,,,6,14,在校學業,41%,42%,歷史學業,--,5%,學測國社,--,--,學測社會,--,--,學測國文,--,--,學測英文,--,--,國語文學業,--,--
第一至七類學群,005,東吳大學,00502,歷史學系,,外加,2,0,--,--,--,--,--,--,--,--,均標,10級分,--,--,--,,,,,,,,,,,,,,,,0,--,在校學業,--,--,歷史學業,--,--,學測國社,--,--,學測社會,--,--,學測國文,--,--,學測英文,--,--,國語文學業,--,--
第一至七類學群,005,東吳大學,00503,哲學系,,一般,10,10,--,--,後標,4級分,--,--,--,--,--,--,--,--,--,,,,,,,,,,,,,,,,2,8,在校學業,47%,43%,英語文學業,--,--,學測英文,--,--,國語文學業,--,--,學測國文,--,--,公社學業,--,--,數學學業,--,--
第一至七類學群,005,東吳大學,00503,哲學系,,外加,1,0,--,--,後標,4級分,--,--,--,--,--,--,--,--,--,,,,,,,,,,,,,,,,0,--,在校學業,--,--,英語文學業,--,--,學測英文,--,--,國語文學業,--,--,學測國文,--,--,公社學業,--,--,數學學業,--,--
第一至七類學群,005,東吳大學,00504,政治學系,,一般,18,18,均標,10級分,均標,8級分,後標,4級分,後標,4級分,後標,8級分,--,--,--,,,,,,,,,,,,,,,,10,8,在校學業,42%,24%,學測國文,--,--,學測英文,--,--,學測社會,--,--,英語文學業,--,--,國語文學業,--,--,公社學業,--,--
第一至七類學群,005,東吳大學,00504,政治學系,,外加,1,0,均標,10級分,均標,8級分,後標,4級分,後標,4級分,後標,8級分,--,--,--,,,,,,,,,,,,,,,,0,--,在校學業,--,--,學測國文,--,--,學測英文,--,--,學測社會,--,--,英語文學業,--,--,國語文學業,--,--,公社學業,--,--
第一至七類學群,005,東吳大學,00505,社會學系,,一般,15,15,--,--,--,--,--,--,--,--,均標,10級分,--,--,--,,,,,,,,,,,,,,,,12,3,在校學業,34%,19%,學測社會,--,10,公社學業,--,5%,學測英文,--,--,學測數B,--,--,歷史學業,--,--,地理學業,--,--
第一至七類學群,005,東吳大學,00505,社會學系,,外加,3,0,--,--,--,--,--,--,--,--,均標,10級分,--,--,--,,,,,,,,,,,,,,,,0,--,在校學業,--,--,學測社會,--,--,公社學業,--,--,學測英文,--,--,學測數B,--,--,歷史學業,--,--,地理學業,--,--
第一至七類學群,005,東吳大學,00506,社會工作學系,,一般,22,22,後標,9級分,--,--,--,--,--,--,--,--,--,--,--,,,,,,,,,,,,,,,,15,7,在校學業,45%,36%,學測社會,--,13,學測國文,--,--,公社學業,--,--,地理學業,--,--,歷史學業,--,--,數學學業,--,--
第一至七類學群,005,東吳大學,00506,社會工作學系,,外加,6,4,後標,9級分,--,--,--,--,--,--,--,--,--,--,--,,,,,,,,,,,,,,,,4,--,在校學業,49%,--,學測社會,--,--,學測國文,--,--,公社學業,--,--,地理學業,--,--,歷史學業,--,--,數學學業,--,--
第一至七類學群,005,東吳大學,00507,英文學系,,一般,36,36,--,--,均標,8級分,--,--,--,--,--,--,--,--,--,,,,,,,,,,,,,,,,20,16,在校學業,42%,29%,學測英文,--,--,學測國文,--,--,英語文學業,--,--,國語文學業,--,--,公社學業,--,--,歷史學業,--,--
第一至七類學群,005,東吳大學,00507,英文學系,,外加,2,1,--,--,均標,8級分,--,--,--,--,--,--,--,--,--,,,,,,,,,,,,,,,,1,--,在校學業,39%,--,學測英文,--,--,學測國文,--,--,英語文學業,--,--,國語文學業,--,--,公社學業,--,--,歷史學業,--,--
第一至七類學群,005,東吳大學,00508,日本語文學系,,一般,30,30,均標,10級分,均標,8級分,--,--,--,--,--,--,--,--,--,,,,,,,,,,,,,,,,20,10,在校學業,46%,22%,學測英文,--,--,學測國文,--,--,英語文學業,--,--,國語文學業,--,--,學測國英,--,--,學測社會,--,--
第一至七類學群,005,東吳大學,00509,德國文化學系,,一般,20,19,後標,9級分,後標,4級分,--,--,--,--,--,--,--,--,--,,,,,,,,,,,,,,,,2,17,在校學業,44%,46%,英語文學業,--,--,學測英文,--,--,學測國英,--,--,國語文學業,--,--,學測國文,--,--,歷史學業,--,--
第一至七類學群,005,東吳大學,00509,德國文化學系,,外加,2,0,後標,9級分,後標,4級分,--,--,--,--,--,--,--,--,--,,,,,,,,,,,,,,,,0,--,在校學業,--,--,英語文學業,--,--,學測英文,--,--,學測國英,--,--,國語文學業,--,--,學測國文,--,--,歷史學業,--,--
第一至七類學群,005,東吳大學,00510,法律學系,,一般,40,39,前標,12級分,前標,11級分,前標,9級分,前標,10級分,均標,10級分,--,--,--,,,,,,,,,,,,,,,,32,7,在校學業,44%,33%,學測英文,--,--,學測國文,--,--,學測社會,--,--,英語文學業,--,--,國語文學業,--,--,公社學業,--,--
第一至七類學群,005,東吳大學,00510,法律學系,,外加,2,0,前標,12級分,前標,11級分,前標,9級分,前標,10級分,均標,10級分,--,--,--,,,,,,,,,,,,,,,,0,--,在校學業,--,--,學測英文,--,--,學測國文,--,--,學測社會,--,--,英語文學業,--,--,國語文學業,--,--,公社學業,--,--
第一至七類學群,005,東吳大學,00511,經濟學系,,一般,27,27,--,--,均標,8級分,--,--,均標,6級分,--,--,--,--,--,,,,,,,,,,,,,,,,27,--,在校學業,33%,--,學測數B,--,--,學測英文,--,--,學測國文,--,--,數學學業,--,--,英語文學業,--,--,國語文學業,--,--
第一至七類學群,005,東吳大學,00511,經濟學系,,外加,1,0,--,--,均標,8級分,--,--,均標,6級分,--,--,--,--,--,,,,,,,,,,,,,,,,0,--,在校學業,--,--,學測數B,--,--,學測英文,--,--,學測國文,--,--,數學學業,--,--,英語文學業,--,--,國語文學業,--,--
第一至七類學群,005,東吳大學,00512,會計學系,,一般,20,20,均標,10級分,前標,11級分,--,--,均標,6級分,--,--,--,--,--,,,,,,,,,,,,,,,,20,--,在校學業,18%,--,學測數B,--,--,學測英文,--,--,學測國文,--,--,數學學業,--,--,英語文學業,--,--,國語文學業,--,--
第一至七類學群,005,東吳大學,00513,企業管理學系,,一般,60,56,--,--,均標,8級分,--,--,均標,6級分,--,--,--,--,--,,,,,,,,,,,,,,,,19,37,在校學業,46%,49%,學測英文,--,--,學測數B,--,--,英語文學業,--,--,數學學業,--,--,學測國文,--,--,國語文學業,--,--
第一至七類學群,005,東吳大學,00514,國際經營與貿易學系,,一般,17,17,均標,10級分,均標,8級分,均標,6級分,均標,6級分,--,--,--,--,--,,,,,,,,,,,,,,,,17,--,在校學業,11%,--,學測英文,12,--,英語文學業,--,--,學測國文,--,--,國語文學業,--,--,數學學業,--,--,公社學業,--,--
第一至七類學群,005,東吳大學,00514,國際經營與貿易學系,,外加,3,0,均標,10級分,均標,8級分,均標,6級分,均標,6級分,--,--,--,--,--,,,,,,,,,,,,,,,,0,--,在校學業,--,--,學測英文,--,--,英語文學業,--,--,學測國文,--,--,國語文學業,--,--,數學學業,--,--,公社學業,--,--
第一至七類學群,005,東吳大學,00515,財務工程與精算數學系,,一般,9,9,--,--,--,--,均標,6級分,前標,10級分,--,--,--,--,--,,,,,,,,,,,,,,,,9,--,在校學業,17%,--,數學學業,--,--,學測英文,--,--,學測國文,--,--,英語文學業,--,--,國語文學業,--,--,公社學業,--,--
第一至七類學群,005,東吳大學,00516,資訊管理學系,,一般,22,22,--,--,均標,8級分,後標,4級分,均標,6級分,--,--,--,--,--,,,,,,,,,,,,,,,,15,7,在校學業,31%,14%,數學學業,--,--,學測英文,--,--,學測國文,--,--,英語文學業,--,--,國語文學業,--,--,資訊科技學業,--,--
第一至七類學群,005,東吳大學,00516,資訊管理學系,,外加,2,0,--,--,均標,8級分,後標,4級分,均標,6級分,--,--,--,--,--,,,,,,,,,,,,,,,,0,--,在校學業,--,--,數學學業,--,--,學測英文,--,--,學測國文,--,--,英語文學業,--,--,國語文學業,--,--,資訊科技學業,--,--
第一至七類學群,005,東吳大學,00517,資料科學系,,一般,13,13,--,--,後標,4級分,--,--,後標,4級分,--,--,--,--,--,,,,,,,,,,,,,,,,8,5,在校學業,37%,19%,學測數B,--,6,學測英文,--,--,學測國文,--,--,數學學業,--,--,英語文學業,--,--,國語文學業,--,--
第一至七類學群,005,東吳大學,00517,資料科學系,,外加,2,0,--,--,後標,4級分,--,--,後標,4級分,--,--,--,--,--,,,,,,,,,,,,,,,,0,--,在校學業,--,--,學測數B,--,--,學測英文,--,--,學測國文,--,--,數學學業,--,--,英語文學業,--,--,國語文學業,--,--
第一至七類學群,005,東吳大學,00518,數學系,,一般,22,22,--,--,--,--,後標,4級分,--,--,--,--,--,--,--,,,,,,,,,,,,,,,,0,22,在校學業,--,36%,學測數A,--,6,數學學業,--,--,學測英文,--,--,英語文學業,--,--,學測國文,--,--,國語文學業,--,--
第一至七類學群,005,東吳大學,00518,數學系,,外加,2,0,--,--,--,--,後標,4級分,--,--,--,--,--,--,--,,,,,,,,,,,,,,,,0,--,在校學業,--,--,學測數A,--,--,數學學業,--,--,學測英文,--,--,英語文學業,--,--,學測國文,--,--,國語文學業,--,--
第一至七類學群,005,東吳大學,00519,物理學系,,一般,17,17,--,--,--,--,後標,4級分,--,--,--,--,--,--,--,,,,,,,,,,,,,,,,2,15,在校學業,37%,34%,物理學業,--,9%,數學學業,--,--,學測數A,--,--,學測自然,--,--,學測英文,--,--,英語文學業,--,--
第一至七類學群,005,東吳大學,00520,化學系,,一般,24,24,--,--,--,--,--,--,--,--,--,--,後標,7級分,--,,,,,,,,,,,,,,,,5,19,在校學業,40%,34%,學測自然,--,8,化學學業,--,20%,學測英文,--,--,英語文學業,--,--,學測數A,--,--,數學學業,--,--
第一至七類學群,005,東吳大學,00520,化學系,,外加,2,0,--,--,--,--,--,--,--,--,--,--,後標,7級分,--,,,,,,,,,,,,,,,,0,--,在校學業,--,--,學測自然,--,--,化學學業,--,--,學測英文,--,--,英語文學業,--,--,學測數A,--,--,數學學業,--,--
第一至七類學群,005,東吳大學,00521,微生物學系,,一般,14,14,--,--,後標,4級分,--,--,--,--,--,--,--,--,--,,,,,,,,,,,,,,,,5,9,在校學業,48%,16%,英語文學業,--,--,生物學業,--,--,化學學業,--,--,學測英文,--,--,學測國文,--,--,國語文學業,--,--
第一至七類學群,005,東吳大學,00521,微生物學系,,外加,2,0,--,--,後標,4級分,--,--,--,--,--,--,--,--,--,,,,,,,,,,,,,,,,0,--,在校學業,--,--,英語文學業,--,--,生物學業,--,--,化學學業,--,--,學測英文,--,--,學測國文,--,--,國語文學業,--,--
第一至七類學群,005,東吳大學,00522,心理學系,,一般,15,15,均標,10級分,均標,8級分,均標,6級分,--,--,--,--,--,--,--,,,,,,,,,,,,,,,,6,9,在校學業,29%,15%,學測英文,--,9,學測數A,--,--,學測國文,--,--,英語文學業,--,--,數學學業,--,--,國語文學業,--,--
第一至七類學群,006,國立政治大學,00601,中國文學系,,一般,14,14,頂標,13級分,--,--,--,--,--,--,前標,12級分,--,--,--,,,,,,,,,,,,,,,,14,--,在校學業,16%,--,國語文學業,--,--,英語文學業,--,--,歷史學業,--,--,地理學業,--,--,學測國文,--,--,學測社會,--,--
第一至七類學群,006,國立政治大學,00601,中國文學系,,外加,1,1,頂標,13級分,--,--,--,--,--,--,前標,12級分,--,--,--,,,,,,,,,,,,,,,,1,--,在校學業,3%,--,國語文學業,--,--,英語文學業,--,--,歷史學業,--,--,地理學業,--,--,學測國文,--,--,學測社會,--,--
第一至七類學群,006,國立政治大學,00602,歷史學系,,一般,7,7,前標,12級分,前標,11級分,--,--,--,--,前標,12級分,--,--,--,,,,,,,,,,,,,,,,2,5,在校學業,11%,7%,歷史學業,--,--,國語文學業,--,--,英語文學業,--,--,地理學業,--,--,學測社會,--,--,學測國文,--,--
第一至七類學群,006,國立政治大學,00602,歷史學系,,外加,1,0,前標,12級分,前標,11級分,--,--,--,--,前標,12級分,--,--,--,,,,,,,,,,,,,,,,0,--,在校學業,--,--,歷史學業,--,--,國語文學業,--,--,英語文學業,--,--,地理學業,--,--,學測社會,--,--,學測國文,--,--
第一至七類學群,006,國立政治大學,00603,哲學系,,一般,8,8,前標,12級分,均標,8級分,--,--,均標,6級分,均標,10級分,--,--,--,,,,,,,,,,,,,,,,4,4,在校學業,16%,17%,學測國英社,--,40,學測國文,--,--,學測英文,--,--,公社學業,--,--,英語文學業,--,--,國語文學業,--,--
第一至七類學群,006,國立政治大學,00603,哲學系,,外加,1,0,前標,12級分,均標,8級分,--,--,均標,6級分,均標,10級分,--,--,--,,,,,,,,,,,,,,,,0,--,在校學業,--,--,學測國英社,--,--,學測國文,--,--,學測英文,--,--,公社學業,--,--,英語文學業,--,--,國語文學業,--,--
第一至七類學群,006,國立政治大學,00604,教育學系,,一般,8,8,--,--,前標,11級分,--,--,--,--,--,--,--,--,B級,,,,,,,,,,,,,,,,8,--,在校學業,3%,--,學測英文,--,--,學測國英數B社,--,--,學測國文,--,--,學測數B,--,--,英語文學業,--,--,國語文學業,--,--
第一至七類學群,006,國立政治大學,00605,政治學系,,一般,7,7,--,--,均標,8級分,後標,4級分,均標,6級分,均標,10級分,--,--,--,,,,,,,,,,,,,,,,7,--,在校學業,1%,--,學測英文,10,--,學測社會,--,--,學測英社,--,--,英語文學業,--,--,公社學業,--,--,數學學業,--,--
第一至七類學群,006,國立政治大學,00605,政治學系,,外加,3,3,--,--,均標,8級分,後標,4級分,均標,6級分,均標,10級分,--,--,--,,,,,,,,,,,,,,,,3,--,在校學業,15%,--,學測英文,--,--,學測社會,--,--,學測英社,--,--,英語文學業,--,--,公社學業,--,--,數學學業,--,--
第一至七類學群,006,國立政治大學,00606,社會學系,,一般,7,7,--,--,前標,11級分,均標,6級分,均標,6級分,均標,10級分,--,--,--,,,,,,,,,,,,,,,,4,3,在校學業,11%,6%,數學學業,--,--,英語文學業,--,--,國語文學業,--,--,公社學業,--,--,學測英文,--,--,學測社會,--,--
第一至七類學群,006,國立政治大學,00606,社會學系,,外加,1,0,--,--,前標,11級分,均標,6級分,均標,6級分,均標,10級分,--,--,--,,,,,,,,,,,,,,,,0,--,在校學業,--,--,數學學業,--,--,英語文學業,--,--,國語文學業,--,--,公社學業,--,--,學測英文,--,--,學測社會,--,--
第一至七類學群,006,國立政治大學,00607,財政學系,,一般,14,14,均標,10級分,均標,8級分,前標,9級分,--,--,--,--,--,--,--,,,,,,,,,,,,,,,,14,--,在校學業,8%,--,學測國英數A,34,--,學測數A,--,--,學測英文,--,--,學測國文,--,--,數學學業,--,--,英語文學業,--,--
第一至七類學群,006,國立政治大學,00608,公共行政學系,,一般,7,7,均標,10級分,前標,11級分,均標,6級分,前標,10級分,均標,10級分,--,--,--,,,,,,,,,,,,,,,,7,--,在校學業,6%,--,學測英文,13,--,學測社會,--,--,學測國文,--,--,英語文學業,--,--,公社學業,--,--,國語文學業,--,--
第一至七類學群,006,國立政治大學,00608,公共行政學系,,外加,3,0,均標,10級分,前標,11級分,均標,6級分,前標,10級分,均標,10級分,--,--,--,,,,,,,,,,,,,,,,0,--,在校學業,--,--,學測英文,--,--,學測社會,--,--,學測國文,--,--,英語文學業,--,--,公社學業,--,--,國語文學業,--,--
第一至七類學群,006,國立政治大學,00609,地政學系土地資源規劃組,,一般,7,4,前標,12級分,前標,11級分,均標,6級分,--,--,--,--,--,--,--,,,,,,,,,,,,,,,,1,3,在校學業,1%,6%,學測國英數A社,--,--,學測國文,--,--,學測英文,--,--,學測數A,--,--,學測社會,--,--,國語文學業,--,--
第一至七類學群,006,國立政治大學,00609,地政學系土地資源規劃組,,外加,1,0,前標,12級分,前標,11級分,均標,6級分,--,--,--,--,--,--,--,,,,,,,,,,,,,,,,0,--,在校學業,--,--,學測國英數A社,--,--,學測國文,--,--,學測英文,--,--,學測數A,--,--,學測社會,--,--,國語文學業,--,--
第一至七類學群,006,國立政治大學,00610,地政學系土地管理組,,一般,7,7,前標,12級分,前標,11級分,均標,6級分,--,--,--,--,--,--,--,,,,,,,,,,,,,,,,5,2,在校學業,6%,3%,學測國英數A社,--,--,學測國文,--,--,學測英文,--,--,學測數A,--,--,學測社會,--,--,國語文學業,--,--
第一至七類學群,006,國立政治大學,00610,地政學系土地管理組,,外加,1,0,前標,12級分,前標,11級分,均標,6級分,--,--,--,--,--,--,--,,,,,,,,,,,,,,,,0,--,在校學業,--,--,學測國英數A社,--,--,學測國文,--,--,學測英文,--,--,學測數A,--,--,學測社會,--,--,國語文學業,--,--
第一至七類學群,006,國立政治大學,00611,經濟學系(甲組),,一般,6,6,--,--,前標,11級分,前標,9級分,--,--,前標,12級分,--,--,--,,,,,,,,,,,,,,,,3,3,在校學業,13%,5%,學測英數A社,--,--,學測數A,--,--,學測英文,--,--,學測社會,--,--,數學學業,--,--,英語文學業,--,--
第一至七類學群,006,國立政治大學,00611,經濟學系(甲組),,外加,1,0,--,--,前標,11級分,前標,9級分,--,--,前標,12級分,--,--,--,,,,,,,,,,,,,,,,0,--,在校學業,--,--,學測英數A社,--,--,學測數A,--,--,學測英文,--,--,學測社會,--,--,數學學業,--,--,英語文學業,--,--
第一至七類學群,006,國立政治大學,00612,民族學系,,一般,6,1,前標,12級分,前標,11級分,--,--,--,--,頂標,13級分,--,--,--,,,,,,,,,,,,,,,,0,1,在校學業,--,11%,公社學業,--,--,歷史學業,--,--,地理學業,--,--,學測國文,--,--,學測英文,--,--,學測數B,--,--
第一至七類學群,006,國立政治大學,00612,民族學系,,外加,1,0,前標,12級分,前標,11級分,--,--,--,--,頂標,13級分,--,--,--,,,,,,,,,,,,,,,,0,--,在校學業,--,--,公社學業,--,--,歷史學業,--,--,地理學業,--,--,學測國文,--,--,學測英文,--,--,學測數B,--,--
第一至七類學群,006,國立政治大學,00613,外交學系,,一般,9,9,前標,12級分,頂標,13級分,後標,4級分,均標,6級分,前標,12級分,--,--,A級,,,,,,,,,,,,,,,,9,--,在校學業,3%,--,學測國英社,--,--,學測英文,--,--,學測國文,--,--,學測社會,--,--,英語文學業,--,--,國語文學業,--,--
第一至七類學群,006,國立政治大學,00614,國際經營與貿易學系,,一般,12,12,前標,12級分,前標,11級分,前標,9級分,--,--,前標,12級分,--,--,--,,,,,,,,,,,,,,,,12,--,在校學業,7%,--,學測數A,--,--,學測英文,--,--,學測國英數A社,--,--,學測國文,--,--,數學學業,--,--,英語文學業,--,--
第一至七類學群,006,國立政治大學,00614,國際經營與貿易學系,,外加,1,0,前標,12級分,前標,11級分,前標,9級分,--,--,前標,12級分,--,--,--,,,,,,,,,,,,,,,,0,--,在校學業,--,--,學測數A,--,--,學測英文,--,--,學測國英數A社,--,--,學測國文,--,--,數學學業,--,--,英語文學業,--,--
第一至七類學群,006,國立政治大學,00615,金融學系(甲組),,一般,4,4,--,--,前標,11級分,前標,9級分,--,--,--,--,--,--,--,,,,,,,,,,,,,,,,4,--,在校學業,1%,--,學測英數A,21,--,學測數A,10,--,學測英文,--,--,數學學業,--,--,英語文學業,--,--,國語文學業,--,--
第一至七類學群,006,國立政治大學,00616,會計學系,,一般,15,15,前標,12級分,前標,11級分,前標,9級分,--,--,前標,12級分,--,--,--,,,,,,,,,,,,,,,,13,2,在校學業,20%,3%,學測國英數A,--,35,學測數A,--,--,學測英文,--,--,學測國文,--,--,學測社會,--,--,數學學業,--,--
第一至七類學群,006,國立政治大學,00617,統計學系(甲組),,一般,5,5,均標,10級分,均標,8級分,均標,6級分,--,--,均標,10級分,--,--,--,,,,,,,,,,,,,,,,5,--,在校學業,2%,--,學測數A,--,--,學測英文,--,--,學測國英數A社,--,--,數學學業,--,--,歷史學業,--,--,地理學業,--,--
第一至七類學群,006,國立政治大學,00617,統計學系(甲組),,外加,1,1,均標,10級分,均標,8級分,均標,6級分,--,--,均標,10級分,--,--,--,,,,,,,,,,,,,,,,1,--,在校學業,9%,--,學測數A,--,--,學測英文,--,--,學測國英數A社,--,--,數學學業,--,--,歷史學業,--,--,地理學業,--,--
第一至七類學群,006,國立政治大學,00618,企業管理學系,,一般,13,13,前標,12級分,前標,11級分,前標,9級分,--,--,前標,12級分,--,--,--,,,,,,,,,,,,,,,,4,9,在校學業,20%,6%,學測數A,--,--,學測英文,--,--,學測國文,--,--,數學學業,--,--,英語文學業,--,--,國語文學業,--,--
第一至七類學群,006,國立政治大學,00618,企業管理學系,,外加,1,0,前標,12級分,前標,11級分,前標,9級分,--,--,前標,12級分,--,--,--,,,,,,,,,,,,,,,,0,--,在校學業,--,--,學測數A,--,--,學測英文,--,--,學測國文,--,--,數學學業,--,--,英語文學業,--,--,國語文學業,--,--
第一至七類學群,006,國立政治大學,00619,資訊管理學系(甲組),,一般,8,8,前標,12級分,前標,11級分,前標,9級分,--,--,--,--,--,--,--,,,,,,,,,,,,,,,,8,--,在校學業,4%,--,學測國英數A社,--,--,學測數A,--,--,學測英文,--,--,學測國文,--,--,數學學業,--,--,英語文學業,--,--
第一至七類學群,006,國立政治大學,00620,財務管理學系,,一般,7,7,前標,12級分,前標,11級分,前標,9級分,--,--,--,--,--,--,--,,,,,,,,,,,,,,,,7,--,在校學業,2%,--,學測國英數A,38,--,學測數A,10,--,學測英文,--,--,學測國文,--,--,數學學業,--,--,英語文學業,--,--
第一至七類學群,006,國立政治大學,00620,財務管理學系,,外加,1,0,前標,12級分,前標,11級分,前標,9級分,--,--,--,--,--,--,--,,,,,,,,,,,,,,,,0,--,在校學業,--,--,學測國英數A,--,--,學測數A,--,--,學測英文,--,--,學測國文,--,--,數學學業,--,--,英語文學業,--,--
第一至七類學群,006,國立政治大學,00621,風險管理與保險學系,,一般,8,8,--,--,前標,11級分,前標,9級分,--,--,--,--,--,--,--,,,,,,,,,,,,,,,,8,--,在校學業,20%,--,學測國英數A社,--,--,學測英文,--,--,學測數A,--,--,學測國文,--,--,學測社會,--,--,數學學業,--,--
第一至七類學群,006,國立政治大學,00622,傳播學院大一大二不分系(社會組),,一般,26,26,前標,12級分,均標,8級分,--,--,均標,6級分,均標,10級分,--,--,--,,,,,,,,,,,,,,,,24,2,在校學業,9%,3%,學測國英數B社,--,54,學測國文,--,--,學測英文,--,--,學測社會,--,--,學測數B,--,--,國語文學業,--,--
第一至七類學群,006,國立政治大學,00622,傳播學院大一大二不分系(社會組),,外加,1,0,前標,12級分,均標,8級分,--,--,均標,6級分,均標,10級分,--,--,--,,,,,,,,,,,,,,,,0,--,在校學業,--,--,學測國英數B社,--,--,學測國文,--,--,學測英文,--,--,學測社會,--,--,學測數B,--,--,國語文學業,--,--
第一至七類學群,006,國立政治大學,00623,英國語文學系,,一般,9,9,前標,12級分,頂標,13級分,--,--,均標,6級分,均標,10級分,--,--,A級,,,,,,,,,,,,,,,,9,--,在校學業,10%,--,學測英文,--,--,學測國文,--,--,學測社會,--,--,學測數B,--,--,學測國英數B社,--,--,英語文學業,--,--
第一至七類學群,006,國立政治大學,00624,阿拉伯語文學系,,一般,7,6,前標,12級分,前標,11級分,--,--,--,--,均標,10級分,--,--,--,,,,,,,,,,,,,,,,3,3,在校學業,11%,9%,學測英文,--,--,英語文學業,--,--,學測國文,--,--,國語文學業,--,--,學測社會,--,--,歷史學業,--,--
第一至七類學群,006,國立政治大學,00624,阿拉伯語文學系,,外加,1,1,前標,12級分,前標,11級分,--,--,--,--,均標,10級分,--,--,--,,,,,,,,,,,,,,,,1,--,在校學業,13%,--,學測英文,--,--,英語文學業,--,--,學測國文,--,--,國語文學業,--,--,學測社會,--,--,歷史學業,--,--
第一至七類學群,006,國立政治大學,00625,斯拉夫語文學系,,一般,9,3,前標,12級分,前標,11級分,--,--,--,--,前標,12級分,--,--,--,,,,,,,,,,,,,,,,0,3,在校學業,--,11%,學測國英社,--,--,學測英文,--,--,學測國文,--,--,學測社會,--,--,英語文學業,--,--,國語文學業,--,--
第一至七類學群,006,國立政治大學,00625,斯拉夫語文學系,,外加,1,0,前標,12級分,前標,11級分,--,--,--,--,前標,12級分,--,--,--,,,,,,,,,,,,,,,,0,--,在校學業,--,--,學測國英社,--,--,學測英文,--,--,學測國文,--,--,學測社會,--,--,英語文學業,--,--,國語文學業,--,--
第一至七類學群,006,國立政治大學,00626,日本語文學系,,一般,5,5,前標,12級分,前標,11級分,--,--,--,--,前標,12級分,--,--,--,,,,,,,,,,,,,,,,4,1,在校學業,5%,3%,學測英文,--,--,學測國文,--,--,英語文學業,--,--,國語文學業,--,--,學測社會,--,--,歷史學業,--,--
第一至七類學群,006,國立政治大學,00626,日本語文學系,,外加,1,1,前標,12級分,前標,11級分,--,--,--,--,前標,12級分,--,--,--,,,,,,,,,,,,,,,,1,--,在校學業,17%,--,學測英文,--,--,學測國文,--,--,英語文學業,--,--,國語文學業,--,--,學測社會,--,--,歷史學業,--,--
第一至七類學群,006,國立政治大學,00627,韓國語文學系,,一般,5,5,前標,12級分,前標,11級分,--,--,--,--,前標,12級分,--,--,--,,,,,,,,,,,,,,,,1,4,在校學業,18%,11%,學測國文,--,--,學測英文,--,--,學測社會,--,--,國語文學業,--,--,公社學業,--,--,學測數B,--,--
第一至七類學群,006,國立政治大學,00628,土耳其語文學系,,一般,5,4,前標,12級分,前標,11級分,--,--,--,--,均標,10級分,--,--,--,,,,,,,,,,,,,,,,0,4,在校學業,--,19%,學測英文,--,--,學測國文,--,--,英語文學業,--,--,國語文學業,--,--,學測社會,--,--,公社學業,--,--
第一至七類學群,006,國立政治大學,00629,歐洲語文學系法文組,,一般,3,3,前標,12級分,前標,11級分,--,--,--,--,前標,12級分,--,--,--,,,,,,,,,,,,,,,,3,--,在校學業,13%,--,學測英文,--,--,英語文學業,--,--,學測國文,--,--,國語文學業,--,--,學測社會,--,--,學測數B,--,--
第一至七類學群,006,國立政治大學,00630,歐洲語文學系德文組,,一般,3,3,前標,12級分,前標,11級分,--,--,--,--,前標,12級分,--,--,--,,,,,,,,,,,,,,,,3,--,在校學業,5%,--,學測英文,--,--,英語文學業,--,--,學測國文,--,--,國語文學業,--,--,學測社會,--,--,學測數B,--,--
第一至七類學群,006,國立政治大學,00631,歐洲語文學系西班牙文組,,一般,3,3,前標,12級分,前標,11級分,--,--,--,--,前標,12級分,--,--,--,,,,,,,,,,,,,,,,3,--,在校學業,4%,--,學測英文,--,--,英語文學業,--,--,學測國文,--,--,國語文學業,--,--,學測社會,--,--,學測數B,--,--
第一至七類學群,006,國立政治大學,00632,東南亞語文學系越文組,,一般,3,0,前標,12級分,前標,11級分,--,--,--,--,均標,10級分,--,--,A級,,,,,,,,,,,,,,,,0,--,在校學業,--,--,學測國英社,--,--,學測英文,--,--,學測國文,--,--,英語文學業,--,--,國語文學業,--,--,公社學業,--,--
第一至七類學群,006,國立政治大學,00632,東南亞語文學系越文組,,外加,1,0,前標,12級分,前標,11級分,--,--,--,--,均標,10級分,--,--,A級,,,,,,,,,,,,,,,,0,--,在校學業,--,--,學測國英社,--,--,學測英文,--,--,學測國文,--,--,英語文學業,--,--,國語文學業,--,--,公社學業,--,--
第一至七類學群,006,國立政治大學,00633,東南亞語文學系泰文組,,一般,3,0,前標,12級分,前標,11級分,--,--,--,--,均標,10級分,--,--,A級,,,,,,,,,,,,,,,,0,--,在校學業,--,--,學測國英社,--,--,學測英文,--,--,學測國文,--,--,英語文學業,--,--,國語文學業,--,--,公社學業,--,--
第一至七類學群,006,國立政治大學,00633,東南亞語文學系泰文組,,外加,1,0,前標,12級分,前標,11級分,--,--,--,--,均標,10級分,--,--,A級,,,,,,,,,,,,,,,,0,--,在校學業,--,--,學測國英社,--,--,學測英文,--,--,學測國文,--,--,英語文學業,--,--,國語文學業,--,--,公社學業,--,--
第一至七類學群,006,國立政治大學,00634,東南亞語文學系印尼文組,,一般,3,1,前標,12級分,前標,11級分,--,--,--,--,均標,10級分,--,--,A級,,,,,,,,,,,,,,,,0,1,在校學業,--,7%,學測國英社,--,--,學測英文,--,--,學測國文,--,--,英語文學業,--,--,國語文學業,--,--,公社學業,--,--
第一至七類學群,006,國立政治大學,00634,東南亞語文學系印尼文組,,外加,1,0,前標,12級分,前標,11級分,--,--,--,--,均標,10級分,--,--,A級,,,,,,,,,,,,,,,,0,--,在校學業,--,--,學測國英社,--,--,學測英文,--,--,學測國文,--,--,英語文學業,--,--,國語文學業,--,--,公社學業,--,--
第一至七類學群,006,國立政治大學,00635,法律學系,,一般,24,24,均標,10級分,前標,11級分,--,--,均標,6級分,前標,12級分,--,--,--,,,,,,,,,,,,,,,,24,--,在校學業,3%,--,學測英文,15,--,學測社會,15,--,學測國文,14,--,英語文學業,--,--,公社學業,--,--,國語文學業,--,--
第一至七類學群,006,國立政治大學,00636,創新國際學院學士班,,一般,4,4,前標,12級分,頂標,13級分,--,--,前標,10級分,前標,12級分,--,--,A級,,,,,,,,,,,,,,,,1,3,在校學業,4%,9%,學測英文,--,--,學測數B,--,--,學測社會,--,--,學測國文,--,--,英語文學業,--,--,學測國英數B社,--,--
第一至七類學群,006,國立政治大學,00636,創新國際學院學士班,,外加,1,0,前標,12級分,頂標,13級分,--,--,前標,10級分,前標,12級分,--,--,A級,,,,,,,,,,,,,,,,0,--,在校學業,--,--,學測英文,--,--,學測數B,--,--,學測社會,--,--,學測國文,--,--,英語文學業,--,--,學測國英數B社,--,--
第一至七類學群,006,國立政治大學,00637,地政學系土地測量與資訊組,,一般,6,6,均標,10級分,前標,11級分,前標,9級分,--,--,--,--,--,--,--,,,,,,,,,,,,,,,,2,4,在校學業,7%,8%,學測國英數A自,--,--,學測數A,--,--,學測英文,--,--,學測國文,--,--,學測自然,--,--,數學學業,--,--
第一至七類學群,006,國立政治大學,00637,地政學系土地測量與資訊組,,外加,1,0,均標,10級分,前標,11級分,前標,9級分,--,--,--,--,--,--,--,,,,,,,,,,,,,,,,0,--,在校學業,--,--,學測國英數A自,--,--,學測數A,--,--,學測英文,--,--,學測國文,--,--,學測自然,--,--,數學學業,--,--
第一至七類學群,006,國立政治大學,00638,經濟學系(乙組),,一般,6,6,--,--,前標,11級分,前標,9級分,--,--,--,--,均標,9級分,--,,,,,,,,,,,,,,,,3,3,在校學業,16%,5%,學測英數A自,--,34,學測數A,--,--,學測英文,--,--,學測社會,--,--,數學學業,--,--,英語文學業,--,--
第一至七類學群,006,國立政治大學,00639,金融學系(乙組),,一般,4,4,--,--,前標,11級分,前標,9級分,--,--,--,--,--,--,--,,,,,,,,,,,,,,,,4,--,在校學業,2%,--,學測英數A,--,--,學測數A,--,--,學測英文,--,--,數學學業,--,--,英語文學業,--,--,國語文學業,--,--
第一至七類學群,006,國立政治大學,00639,金融學系(乙組),,外加,1,0,--,--,前標,11級分,前標,9級分,--,--,--,--,--,--,--,,,,,,,,,,,,,,,,0,--,在校學業,--,--,學測英數A,--,--,學測數A,--,--,學測英文,--,--,數學學業,--,--,英語文學業,--,--,國語文學業,--,--
第一至七類學群,006,國立政治大學,00640,統計學系(乙組),,一般,3,3,均標,10級分,均標,8級分,均標,6級分,--,--,--,--,均標,9級分,--,,,,,,,,,,,,,,,,3,--,在校學業,2%,--,學測數A,--,--,學測英文,--,--,學測國英數A自,--,--,數學學業,--,--,物理學業,--,--,化學學業,--,--
第一至七類學群,006,國立政治大學,00641,資訊管理學系(乙組),,一般,5,5,前標,12級分,前標,11級分,前標,9級分,--,--,--,--,--,--,--,,,,,,,,,,,,,,,,4,1,在校學業,9%,7%,學測國英數A自,--,48,學測數A,--,--,學測英文,--,--,學測國文,--,--,數學學業,--,--,英語文學業,--,--
第一至七類學群,006,國立政治大學,00642,傳播學院大一大二不分系(自然組),,一般,5,5,均標,10級分,均標,8級分,前標,9級分,--,--,--,--,均標,9級分,--,,,,,,,,,,,,,,,,1,4,在校學業,5%,11%,學測國英數A自,--,43,學測數A,--,--,學測英文,--,--,學測自然,--,--,學測國文,--,--,數學學業,--,--
第一至七類學群,006,國立政治大學,00643,應用數學系,,一般,7,7,--,--,均標,8級分,頂標,11級分,--,--,--,--,--,--,--,,,,,,,,,,,,,,,,3,4,在校學業,17%,8%,學測數A,--,12,數學學業,--,--,學測英文,--,--,英語文學業,--,--,學測自然,--,--,物理學業,--,--
第一至七類學群,006,國立政治大學,00644,心理學系,,一般,7,7,前標,12級分,前標,11級分,均標,6級分,--,--,--,--,均標,9級分,--,,,,,,,,,,,,,,,,6,1,在校學業,14%,5%,學測數A,--,--,數學學業,--,--,學測自然,--,--,英語文學業,--,--,學測英文,--,--,學測國文,--,--
第一至七類學群,006,國立政治大學,00644,心理學系,,外加,2,0,前標,12級分,前標,11級分,均標,6級分,--,--,--,--,均標,9級分,--,,,,,,,,,,,,,,,,0,--,在校學業,--,--,學測數A,--,--,數學學業,--,--,學測自然,--,--,英語文學業,--,--,學測英文,--,--,學測國文,--,--
第一至七類學群,006,國立政治大學,00645,資訊科學系,,一般,7,7,--,--,均標,8級分,頂標,11級分,--,--,--,--,均標,9級分,--,,,,,,,,,,,,,,,,5,2,在校學業,20%,2%,學測數A,--,--,數學學業,--,--,學測英文,--,--,學測自然,--,--,英語文學業,--,--,資訊科技學業,--,--
第一至七類學群,006,國立政治大學,00645,資訊科學系,,外加,1,0,--,--,均標,8級分,頂標,11級分,--,--,--,--,均標,9級分,--,,,,,,,,,,,,,,,,0,--,在校學業,--,--,學測數A,--,--,數學學業,--,--,學測英文,--,--,學測自然,--,--,英語文學業,--,--,資訊科技學業,--,--
第一至七類學群,007,高雄醫學大學,00701,心理學系,,一般,9,9,--,--,均標,8級分,後標,4級分,後標,4級分,--,--,後標,7級分,--,,,,,,,,,,,,,,,,6,3,在校學業,36%,17%,學測英文,--,--,數學學業,--,--,學測自然,--,--,英語文學業,--,--,生物學業,--,--,物理學業,--,--
第一至七類學群,007,高雄醫學大學,00701,心理學系,,外加,1,0,--,--,均標,8級分,後標,4級分,後標,4級分,--,--,後標,7級分,--,,,,,,,,,,,,,,,,0,--,在校學業,--,--,學測英文,--,--,數學學業,--,--,學測自然,--,--,英語文學業,--,--,生物學業,--,--,物理學業,--,--
第一至七類學群,007,高雄醫學大學,00702,醫學社會學與社會工作學系,,一般,6,6,均標,10級分,後標,4級分,--,--,--,--,--,--,--,--,--,,,,,,,,,,,,,,,,6,--,在校學業,25%,--,學測國文,--,--,學測英文,--,--,國語文學業,--,--,英語文學業,--,--,公社學業,--,--,數學學業,--,--
第一至七類學群,007,高雄醫學大學,00703,醫務管理暨醫療資訊學系,,一般,14,14,--,--,底標,3級分,底標,3級分,後標,4級分,--,--,--,--,--,,,,,,,,,,,,,,,,14,--,在校學業,27%,--,學測英文,--,--,學測國文,--,--,數學學業,--,--,英語文學業,--,--,國語文學業,--,--,資訊科技學業,--,--
第一至七類學群,007,高雄醫學大學,00703,醫務管理暨醫療資訊學系,,外加,2,0,--,--,底標,3級分,底標,3級分,後標,4級分,--,--,--,--,--,,,,,,,,,,,,,,,,0,--,在校學業,--,--,學測英文,--,--,學測國文,--,--,數學學業,--,--,英語文學業,--,--,國語文學業,--,--,資訊科技學業,--,--
第一至七類學群,007,高雄醫學大學,00704,醫藥暨應用化學系應用化學組,,一般,11,11,--,--,均標,8級分,均標,6級分,--,--,--,--,均標,9級分,--,,,,,,,,,,,,,,,,11,--,在校學業,37%,--,學測自然,--,--,化學學業,--,--,數學學業,--,--,學測數A,--,--,英語文學業,--,--,學測英文,--,--
第一至七類學群,007,高雄醫學大學,00705,醫藥暨應用化學系醫藥化學組,,一般,11,11,--,--,均標,8級分,均標,6級分,--,--,--,--,均標,9級分,--,,,,,,,,,,,,,,,,11,--,在校學業,18%,--,學測自然,--,--,化學學業,--,--,數學學業,--,--,學測數A,--,--,英語文學業,--,--,學測英文,--,--
第一至七類學群,007,高雄醫學大學,00705,醫藥暨應用化學系醫藥化學組,,外加,1,0,--,--,均標,8級分,均標,6級分,--,--,--,--,均標,9級分,--,,,,,,,,,,,,,,,,0,--,在校學業,--,--,學測自然,--,--,化學學業,--,--,數學學業,--,--,學測數A,--,--,英語文學業,--,--,學測英文,--,--
第一至七類學群,007,高雄醫學大學,00706,生物科技學系,,一般,10,10,--,--,後標,4級分,--,--,--,--,--,--,後標,7級分,--,,,,,,,,,,,,,,,,10,--,在校學業,22%,--,生物學業,--,--,學測自然,--,--,學測英文,--,--,化學學業,--,--,英語文學業,--,--,學測數A,--,--
第一至七類學群,007,高雄醫學大學,00706,生物科技學系,,外加,1,1,--,--,後標,4級分,--,--,--,--,--,--,後標,7級分,--,,,,,,,,,,,,,,,,1,--,在校學業,37%,--,生物學業,--,--,學測自然,--,--,學測英文,--,--,化學學業,--,--,英語文學業,--,--,學測數A,--,--
第一至七類學群,007,高雄醫學大學,00707,運動醫學系,,一般,6,6,--,--,均標,8級分,底標,3級分,均標,6級分,--,--,均標,9級分,--,,,,,,,,,,,,,,,,6,--,在校學業,9%,--,學測自然,--,--,學測英文,--,--,學測國文,--,--,英語文學業,--,--,生物學業,--,--,數學學業,--,--
第一至七類學群,007,高雄醫學大學,00708,呼吸治療學系,,一般,8,8,均標,10級分,均標,8級分,後標,4級分,--,--,--,--,均標,9級分,--,,,,,,,,,,,,,,,,8,--,在校學業,6%,--,學測英文,--,--,學測自然,--,--,生物學業,--,--,英語文學業,--,--,化學學業,--,--,學測國文,--,--
第一至七類學群,007,高雄醫學大學,00708,呼吸治療學系,,外加,2,0,均標,10級分,均標,8級分,後標,4級分,--,--,--,--,均標,9級分,--,,,,,,,,,,,,,,,,0,--,在校學業,--,--,學測英文,--,--,學測自然,--,--,生物學業,--,--,英語文學業,--,--,化學學業,--,--,學測國文,--,--
第一至七類學群,007,高雄醫學大學,00709,口腔衛生學系,,一般,9,9,均標,10級分,均標,8級分,--,--,--,--,--,--,均標,9級分,--,,,,,,,,,,,,,,,,5,4,在校學業,20%,19%,學測自然,--,11,學測數A,--,10,學測英文,--,--,學測國文,--,--,英語文學業,--,--,生物學業,--,--
第一至七類學群,007,高雄醫學大學,00709,口腔衛生學系,,外加,2,0,均標,10級分,均標,8級分,--,--,--,--,--,--,均標,9級分,--,,,,,,,,,,,,,,,,0,--,在校學業,--,--,學測自然,--,--,學測數A,--,--,學測英文,--,--,學測國文,--,--,英語文學業,--,--,生物學業,--,--
第一至七類學群,007,高雄醫學大學,00710,藥學系,,一般,12,12,前標,12級分,前標,11級分,均標,6級分,--,--,--,--,前標,12級分,--,,,,,,,,,,,,,,,,12,--,在校學業,2%,--,學測英文,14,--,學測自然,--,--,化學學業,--,--,生物學業,--,--,學測數A,--,--,學測國文,--,--
第一至七類學群,007,高雄醫學大學,00710,藥學系,,外加,3,0,前標,12級分,前標,11級分,均標,6級分,--,--,--,--,前標,12級分,--,,,,,,,,,,,,,,,,0,--,在校學業,--,--,學測英文,--,--,學測自然,--,--,化學學業,--,--,生物學業,--,--,學測數A,--,--,學測國文,--,--
第一至七類學群,007,高雄醫學大學,00711,香粧品學系,,一般,9,9,--,--,後標,4級分,--,--,--,--,--,--,後標,7級分,--,,,,,,,,,,,,,,,,9,--,在校學業,14%,--,學測自然,11,--,學測英文,--,--,學測數A,--,--,學測國文,--,--,化學學業,--,--,生物學業,--,--
第一至七類學群,007,高雄醫學大學,00711,香粧品學系,,外加,1,1,--,--,後標,4級分,--,--,--,--,--,--,後標,7級分,--,,,,,,,,,,,,,,,,1,--,在校學業,19%,--,學測自然,--,--,學測英文,--,--,學測數A,--,--,學測國文,--,--,化學學業,--,--,生物學業,--,--
第一至七類學群,007,高雄醫學大學,00712,護理學系,,一般,12,12,--,--,後標,4級分,--,--,後標,4級分,--,--,後標,7級分,--,,,,,,,,,,,,,,,,12,--,在校學業,10%,--,學測自然,--,--,學測英文,--,--,學測數B,--,--,學測國文,--,--,生物學業,--,--,英語文學業,--,--
第一至七類學群,007,高雄醫學大學,00712,護理學系,,外加,1,0,--,--,後標,4級分,--,--,後標,4級分,--,--,後標,7級分,--,,,,,,,,,,,,,,,,0,--,在校學業,--,--,學測自然,--,--,學測英文,--,--,學測數B,--,--,學測國文,--,--,生物學業,--,--,英語文學業,--,--
第一至七類學群,007,高雄醫學大學,00713,醫學檢驗生物技術學系,,一般,6,6,均標,10級分,均標,8級分,--,--,--,--,--,--,均標,9級分,--,,,,,,,,,,,,,,,,6,--,在校學業,4%,--,學測自然,--,--,化學學業,--,--,生物學業,--,--,學測英文,--,--,英語文學業,--,--,學測國文,--,--
第一至七類學群,007,高雄醫學大學,00713,醫學檢驗生物技術學系,,外加,1,1,均標,10級分,均標,8級分,--,--,--,--,--,--,均標,9級分,--,,,,,,,,,,,,,,,,1,--,在校學業,2%,--,學測自然,--,--,化學學業,--,--,生物學業,--,--,學測英文,--,--,英語文學業,--,--,學測國文,--,--
第一至七類學群,007,高雄醫學大學,00714,醫學影像暨放射科學系,,一般,7,7,--,--,均標,8級分,均標,6級分,--,--,--,--,前標,12級分,--,,,,,,,,,,,,,,,,6,1,在校學業,34%,16%,學測英文,--,--,學測自然,--,--,學測數A,--,--,學測國文,--,--,英語文學業,--,--,數學學業,--,--
第一至七類學群,007,高雄醫學大學,00714,醫學影像暨放射科學系,,外加,2,0,--,--,均標,8級分,均標,6級分,--,--,--,--,前標,12級分,--,,,,,,,,,,,,,,,,0,--,在校學業,--,--,學測英文,--,--,學測自然,--,--,學測數A,--,--,學測國文,--,--,英語文學業,--,--,數學學業,--,--
第一至七類學群,007,高雄醫學大學,00715,公共衛生學系,,一般,10,10,--,--,後標,4級分,後標,4級分,--,--,--,--,--,--,--,,,,,,,,,,,,,,,,10,--,在校學業,24%,--,學測數A,6,--,學測自然,10,--,學測國文,--,--,學測英文,--,--,生物學業,--,--,化學學業,--,--
第一至七類學群,007,高雄醫學大學,00715,公共衛生學系,,外加,1,1,--,--,後標,4級分,後標,4級分,--,--,--,--,--,--,--,,,,,,,,,,,,,,,,1,--,在校學業,33%,--,學測數A,--,--,學測自然,--,--,學測國文,--,--,學測英文,--,--,生物學業,--,--,化學學業,--,--
第一至七類學群,007,高雄醫學大學,00716,職能治療學系,,一般,9,9,均標,10級分,均標,8級分,--,--,--,--,--,--,均標,9級分,--,,,,,,,,,,,,,,,,9,--,在校學業,4%,--,學測英文,8,--,學測國文,12,--,學測自然,--,--,英語文學業,--,--,國語文學業,--,--,生物學業,--,--
第一至七類學群,007,高雄醫學大學,00716,職能治療學系,,外加,2,0,均標,10級分,均標,8級分,--,--,--,--,--,--,均標,9級分,--,,,,,,,,,,,,,,,,0,--,在校學業,--,--,學測英文,--,--,學測國文,--,--,學測自然,--,--,英語文學業,--,--,國語文學業,--,--,生物學業,--,--
第一至七類學群,007,高雄醫學大學,00717,物理治療學系,,一般,7,7,--,--,均標,8級分,均標,6級分,--,--,--,--,均標,9級分,--,,,,,,,,,,,,,,,,7,--,在校學業,2%,--,學測數A,8,--,學測英文,--,--,學測英數A自,--,--,學測自然,--,--,國語文學業,--,--,生物學業,--,--
第一至七類學群,007,高雄醫學大學,00717,物理治療學系,,外加,1,1,--,--,均標,8級分,均標,6級分,--,--,--,--,均標,9級分,--,,,,,,,,,,,,,,,,1,--,在校學業,16%,--,學測數A,--,--,學測英文,--,--,學測英數A自,--,--,學測自然,--,--,國語文學業,--,--,生物學業,--,--
第一至七類學群,007,高雄醫學大學,00718,生物醫學暨環境生物學系,,一般,11,11,後標,9級分,均標,8級分,後標,4級分,--,--,--,--,均標,9級分,--,,,,,,,,,,,,,,,,9,2,在校學業,38%,18%,生物學業,--,--,學測自然,--,--,學測英文,--,--,學測數A,--,--,化學學業,--,--,學測國文,--,--
第一至七類學群,007,高雄醫學大學,00718,生物醫學暨環境生物學系,,外加,2,0,後標,9級分,均標,8級分,後標,4級分,--,--,--,--,均標,9級分,--,,,,,,,,,,,,,,,,0,--,在校學業,--,--,生物學業,--,--,學測自然,--,--,學測英文,--,--,學測數A,--,--,化學學業,--,--,學測國文,--,--
第一至七類學群,008,中原大學,00801,工業與系統工程學系管理組,,一般,8,8,--,--,後標,4級分,底標,3級分,底標,3級分,--,--,--,--,--,,,,,,,,,,,,,,,,3,5,在校學業,41%,14%,學測國英,--,21,學測國文,--,--,學測英文,--,--,數學學業,--,--,英語文學業,--,--,國語文學業,--,--
第一至七類學群,008,中原大學,00802,企業管理學系服務業管理組,,一般,11,11,後標,9級分,--,--,--,--,--,--,--,--,--,--,--,,,,,,,,,,,,,,,,0,11,在校學業,--,22%,學測國文,--,--,學測英文,--,--,學測社會,--,--,國語文學業,--,--,英語文學業,--,--,公社學業,--,--
第一至七類學群,008,中原大學,00802,企業管理學系服務業管理組,,外加,1,0,後標,9級分,--,--,--,--,--,--,--,--,--,--,--,,,,,,,,,,,,,,,,0,--,在校學業,--,--,學測國文,--,--,學測英文,--,--,學測社會,--,--,國語文學業,--,--,英語文學業,--,--,公社學業,--,--
第一至七類學群,008,中原大學,00803,企業管理學系高科技業管理組,,一般,10,10,後標,9級分,--,--,--,--,--,--,--,--,--,--,--,,,,,,,,,,,,,,,,1,9,在校學業,25%,19%,學測國文,--,--,學測英文,--,--,學測社會,--,--,國語文學業,--,--,英語文學業,--,--,公社學業,--,--
第一至七類學群,008,中原大學,00803,企業管理學系高科技業管理組,,外加,1,0,後標,9級分,--,--,--,--,--,--,--,--,--,--,--,,,,,,,,,,,,,,,,0,--,在校學業,--,--,學測國文,--,--,學測英文,--,--,學測社會,--,--,國語文學業,--,--,英語文學業,--,--,公社學業,--,--
第一至七類學群,008,中原大學,00804,企業管理學系工商管理組,,一般,16,16,--,--,--,--,--,--,--,--,後標,8級分,--,--,--,,,,,,,,,,,,,,,,1,15,在校學業,27%,21%,學測社會,--,12,學測英文,--,--,學測國文,--,--,國語文學業,--,--,英語文學業,--,--,公社學業,--,--
第一至七類學群,008,中原大學,00804,企業管理學系工商管理組,,外加,2,1,--,--,--,--,--,--,--,--,後標,8級分,--,--,--,,,,,,,,,,,,,,,,1,--,在校學業,31%,--,學測社會,--,--,學測英文,--,--,學測國文,--,--,國語文學業,--,--,英語文學業,--,--,公社學業,--,--
第一至七類學群,008,中原大學,00805,國際經營與貿易學系,,一般,16,16,--,--,後標,4級分,--,--,--,--,--,--,--,--,--,,,,,,,,,,,,,,,,5,11,在校學業,38%,16%,學測英文,--,--,英語文學業,--,--,學測國文,--,--,國語文學業,--,--,學測社會,--,--,學測數B,--,--
第一至七類學群,008,中原大學,00806,會計學系,,一般,25,25,後標,9級分,--,--,--,--,--,--,--,--,--,--,--,,,,,,,,,,,,,,,,5,20,在校學業,45%,14%,學測國英數B社,--,35,學測英文,--,--,學測數B,--,--,學測國文,--,--,學測社會,--,--,英語文學業,--,--
第一至七類學群,008,中原大學,00807,資訊管理學系,,一般,16,16,--,--,--,--,底標,3級分,底標,3級分,--,--,--,--,--,,,,,,,,,,,,,,,,14,2,在校學業,40%,8%,學測國文,--,11,學測英文,--,--,國語文學業,--,--,英語文學業,--,--,數學學業,--,--,資訊科技學業,--,--
第一至七類學群,008,中原大學,00808,財務金融學系,,一般,23,23,後標,9級分,--,--,--,--,--,--,--,--,--,--,--,,,,,,,,,,,,,,,,15,8,在校學業,41%,10%,學測英文,--,--,學測數B,--,--,學測國文,--,--,英語文學業,--,--,數學學業,--,--,國語文學業,--,--
第一至七類學群,008,中原大學,00808,財務金融學系,,外加,2,2,後標,9級分,--,--,--,--,--,--,--,--,--,--,--,,,,,,,,,,,,,,,,2,--,在校學業,30%,--,學測英文,--,--,學測數B,--,--,學測國文,--,--,英語文學業,--,--,數學學業,--,--,國語文學業,--,--
第一至七類學群,008,中原大學,00809,財經法律學系財貿法組,,一般,11,11,後標,9級分,後標,4級分,--,--,--,--,--,--,--,--,--,,,,,,,,,,,,,,,,6,5,在校學業,34%,11%,學測國文,--,11,學測英文,--,--,學測社會,--,--,國語文學業,--,--,英語文學業,--,--,公社學業,--,--
第一至七類學群,008,中原大學,00810,財經法律學系科技法組,,一般,11,11,後標,9級分,後標,4級分,--,--,--,--,--,--,--,--,--,,,,,,,,,,,,,,,,5,6,在校學業,46%,12%,學測英文,--,--,學測國文,--,--,學測社會,--,--,英語文學業,--,--,國語文學業,--,--,公社學業,--,--
第一至七類學群,008,中原大學,00811,室內設計學系,,一般,5,5,後標,9級分,--,--,--,--,--,--,--,--,--,--,--,,,,,,,,,,,,,,,,5,--,在校學業,16%,--,學測國英社,--,--,學測英文,--,--,學測國文,--,--,學測社會,--,--,英語文學業,--,--,國語文學業,--,--
第一至七類學群,008,中原大學,00812,商業設計學系商業設計組乙類,,一般,3,3,--,--,後標,4級分,--,--,--,--,--,--,--,--,--,,,,,,,,,,,,,,,,3,--,在校學業,23%,--,學測國文,--,--,學測英文,--,--,學測社會,--,--,學測國英社,--,--,英語文學業,--,--,國語文學業,--,--
第一至七類學群,008,中原大學,00812,商業設計學系商業設計組乙類,,外加,1,1,--,--,後標,4級分,--,--,--,--,--,--,--,--,--,,,,,,,,,,,,,,,,1,--,在校學業,43%,--,學測國文,--,--,學測英文,--,--,學測社會,--,--,學測國英社,--,--,英語文學業,--,--,國語文學業,--,--
第一至七類學群,008,中原大學,00813,特殊教育學系,,一般,8,7,後標,9級分,後標,4級分,--,--,--,--,--,--,--,--,--,,,,,,,,,,,,,,,,1,6,在校學業,32%,37%,學測國文,--,--,學測英文,--,--,學測社會,--,--,數學學業,--,--,英語文學業,--,--,國語文學業,--,--
第一至七類學群,008,中原大學,00814,應用外國語文學系,,一般,16,16,--,--,後標,4級分,--,--,--,--,--,--,--,--,--,,,,,,,,,,,,,,,,1,15,在校學業,12%,27%,學測英文,--,11,學測國文,--,--,學測國英,--,--,英語文學業,--,--,國語文學業,--,--,學測社會,--,--
第一至七類學群,008,中原大學,00815,應用華語文學系,,一般,19,14,後標,9級分,--,--,--,--,--,--,--,--,--,--,--,,,,,,,,,,,,,,,,1,13,在校學業,23%,47%,學測國英,--,--,學測國文,--,--,學測英文,--,--,學測社會,--,--,國語文學業,--,--,英語文學業,--,--
第一至七類學群,008,中原大學,00815,應用華語文學系,,外加,2,0,後標,9級分,--,--,--,--,--,--,--,--,--,--,--,,,,,,,,,,,,,,,,0,--,在校學業,--,--,學測國英,--,--,學測國文,--,--,學測英文,--,--,學測社會,--,--,國語文學業,--,--,英語文學業,--,--
第一至七類學群,008,中原大學,00816,應用數學系,,一般,17,17,--,--,--,--,後標,4級分,--,--,--,--,--,--,--,,,,,,,,,,,,,,,,3,14,在校學業,43%,35%,學測數A,--,--,數學學業,--,--,學測英文,--,--,英語文學業,--,--,學測自然,--,--,學測國文,--,--
第一至七類學群,008,中原大學,00816,應用數學系,,外加,1,0,--,--,--,--,後標,4級分,--,--,--,--,--,--,--,,,,,,,,,,,,,,,,0,--,在校學業,--,--,學測數A,--,--,數學學業,--,--,學測英文,--,--,英語文學業,--,--,學測自然,--,--,學測國文,--,--
第一至七類學群,008,中原大學,00817,物理學系物理組,,一般,9,9,--,--,--,--,後標,4級分,--,--,--,--,後標,7級分,--,,,,,,,,,,,,,,,,4,5,在校學業,26%,15%,學測數A,--,--,學測自然,--,--,學測英文,--,--,學測國文,--,--,數學學業,--,--,物理學業,--,--
第一至七類學群,008,中原大學,00817,物理學系物理組,,外加,1,0,--,--,--,--,後標,4級分,--,--,--,--,後標,7級分,--,,,,,,,,,,,,,,,,0,--,在校學業,--,--,學測數A,--,--,學測自然,--,--,學測英文,--,--,學測國文,--,--,數學學業,--,--,物理學業,--,--
第一至七類學群,008,中原大學,00818,物理學系光電與材料科學組,,一般,11,11,--,--,--,--,後標,4級分,--,--,--,--,後標,7級分,--,,,,,,,,,,,,,,,,11,--,在校學業,37%,--,學測自然,--,--,學測數A,--,--,學測英文,--,--,學測國文,--,--,數學學業,--,--,物理學業,--,--
第一至七類學群,008,中原大學,00818,物理學系光電與材料科學組,,外加,1,0,--,--,--,--,後標,4級分,--,--,--,--,後標,7級分,--,,,,,,,,,,,,,,,,0,--,在校學業,--,--,學測自然,--,--,學測數A,--,--,學測英文,--,--,學測國文,--,--,數學學業,--,--,物理學業,--,--
第一至七類學群,008,中原大學,00819,化學系化學組,,一般,14,14,--,--,後標,4級分,後標,4級分,--,--,--,--,後標,7級分,--,,,,,,,,,,,,,,,,5,9,在校學業,31%,11%,學測自然,--,--,學測數A,--,--,化學學業,--,--,數學學業,--,--,學測數A自,--,--,學測英文,--,--
第一至七類學群,008,中原大學,00819,化學系化學組,,外加,2,1,--,--,後標,4級分,後標,4級分,--,--,--,--,後標,7級分,--,,,,,,,,,,,,,,,,1,--,在校學業,35%,--,學測自然,--,--,學測數A,--,--,化學學業,--,--,數學學業,--,--,學測數A自,--,--,學測英文,--,--
第一至七類學群,008,中原大學,00820,化學系材料化學組,,一般,14,14,--,--,後標,4級分,後標,4級分,--,--,--,--,後標,7級分,--,,,,,,,,,,,,,,,,14,--,在校學業,19%,--,學測自然,--,--,學測英文,--,--,化學學業,--,--,英語文學業,--,--,學測英自,--,--,學測數A,--,--
第一至七類學群,008,中原大學,00820,化學系材料化學組,,外加,2,1,--,--,後標,4級分,後標,4級分,--,--,--,--,後標,7級分,--,,,,,,,,,,,,,,,,1,--,在校學業,45%,--,學測自然,--,--,學測英文,--,--,化學學業,--,--,英語文學業,--,--,學測英自,--,--,學測數A,--,--
第一至七類學群,008,中原大學,00821,化學工程學系綠能製程組,,一般,8,8,--,--,後標,4級分,--,--,--,--,--,--,後標,7級分,--,,,,,,,,,,,,,,,,8,--,在校學業,41%,--,學測數A,--,--,學測自然,--,--,學測英文,--,--,物理學業,--,--,數學學業,--,--,化學學業,--,--
第一至七類學群,008,中原大學,00822,化學工程學系生化工程組,,一般,8,8,--,--,後標,4級分,--,--,--,--,--,--,後標,7級分,--,,,,,,,,,,,,,,,,8,--,在校學業,16%,--,學測數A,--,--,學測自然,--,--,學測英文,--,--,物理學業,--,--,數學學業,--,--,化學學業,--,--
第一至七類學群,008,中原大學,00823,化學工程學系材料工程組,,一般,8,8,--,--,後標,4級分,--,--,--,--,--,--,後標,7級分,--,,,,,,,,,,,,,,,,8,--,在校學業,7%,--,學測數A,10,--,學測自然,--,--,學測英文,--,--,物理學業,--,--,數學學業,--,--,化學學業,--,--
第一至七類學群,008,中原大學,00824,土木工程學系,,一般,27,27,--,--,--,--,後標,4級分,--,--,--,--,--,--,--,,,,,,,,,,,,,,,,4,23,在校學業,39%,34%,學測國數A,--,--,學測數A,--,--,學測自然,--,--,學測國文,--,--,數學學業,--,--,物理學業,--,--
第一至七類學群,008,中原大學,00824,土木工程學系,,外加,2,0,--,--,--,--,後標,4級分,--,--,--,--,--,--,--,,,,,,,,,,,,,,,,0,--,在校學業,--,--,學測國數A,--,--,學測數A,--,--,學測自然,--,--,學測國文,--,--,數學學業,--,--,物理學業,--,--
第一至七類學群,008,中原大學,00825,機械工程學系,,一般,27,27,--,--,--,--,--,--,--,--,--,--,後標,7級分,--,,,,,,,,,,,,,,,,18,9,在校學業,44%,13%,學測國英數A自,--,--,學測自然,--,--,學測國文,--,--,學測數A,--,--,學測英文,--,--,物理學業,--,--
第一至七類學群,008,中原大學,00826,生物醫學工程學系,,一般,20,20,--,--,--,--,後標,4級分,--,--,--,--,後標,7級分,--,,,,,,,,,,,,,,,,18,2,在校學業,40%,8%,學測自然,--,10,學測數A,--,7,學測英文,--,9,學測國英數A自,--,37,數學學業,--,--,物理學業,--,--
第一至七類學群,008,中原大學,00826,生物醫學工程學系,,外加,1,0,--,--,--,--,後標,4級分,--,--,--,--,後標,7級分,--,,,,,,,,,,,,,,,,0,--,在校學業,--,--,學測自然,--,--,學測數A,--,--,學測英文,--,--,學測國英數A自,--,--,數學學業,--,--,物理學業,--,--
第一至七類學群,008,中原大學,00827,環境工程學系,,一般,9,9,--,--,後標,4級分,後標,4級分,後標,4級分,--,--,--,--,--,,,,,,,,,,,,,,,,5,4,在校學業,48%,16%,學測國英自,--,--,學測自然,--,--,學測國文,--,--,數學學業,--,--,化學學業,--,--,英語文學業,--,--
第一至七類學群,008,中原大學,00828,電機資訊學院學士班,,一般,8,8,--,--,後標,4級分,後標,4級分,--,--,--,--,--,--,--,,,,,,,,,,,,,,,,8,--,在校學業,13%,--,學測國英數A自,39,--,學測數A,--,--,學測自然,--,--,學測英文,--,--,數學學業,--,--,物理學業,--,--
第一至七類學群,008,中原大學,00829,工業與系統工程學系工程組,,一般,20,20,--,--,後標,4級分,--,--,--,--,--,--,--,--,--,,,,,,,,,,,,,,,,4,16,在校學業,28%,18%,學測國英數A自,--,--,學測數A,--,--,學測國文,--,--,學測英文,--,--,學測自然,--,--,數學學業,--,--
第一至七類學群,008,中原大學,00830,電子工程學系,,一般,25,25,--,--,後標,4級分,--,--,--,--,--,--,--,--,--,,,,,,,,,,,,,,,,25,--,在校學業,10%,--,學測數A,10,--,學測英文,--,--,英語文學業,--,--,學測自然,--,--,國語文學業,--,--,學測國文,--,--
第一至七類學群,008,中原大學,00830,電子工程學系,,外加,4,1,--,--,後標,4級分,--,--,--,--,--,--,--,--,--,,,,,,,,,,,,,,,,1,--,在校學業,9%,--,學測數A,--,--,學測英文,--,--,英語文學業,--,--,學測自然,--,--,國語文學業,--,--,學測國文,--,--
第一至七類學群,008,中原大學,00831,資訊工程學系,,一般,25,25,--,--,後標,4級分,--,--,--,--,--,--,--,--,--,,,,,,,,,,,,,,,,25,--,在校學業,13%,--,學測數A,8,--,學測英文,--,--,學測國英數A自,--,--,數學學業,--,--,英語文學業,--,--,資訊科技學業,--,--
第一至七類學群,008,中原大學,00831,資訊工程學系,,外加,2,1,--,--,後標,4級分,--,--,--,--,--,--,--,--,--,,,,,,,,,,,,,,,,1,--,在校學業,37%,--,學測數A,--,--,學測英文,--,--,學測國英數A自,--,--,數學學業,--,--,英語文學業,--,--,資訊科技學業,--,--
第一至七類學群,008,中原大學,00832,電機工程學系,,一般,18,18,--,--,--,--,後標,4級分,--,--,--,--,--,--,--,,,,,,,,,,,,,,,,18,--,在校學業,6%,--,學測數A,7,--,學測英文,--,--,學測自然,--,--,學測國英數A自,--,--,數學學業,--,--,物理學業,--,--
第一至七類學群,008,中原大學,00832,電機工程學系,,外加,1,1,--,--,--,--,後標,4級分,--,--,--,--,--,--,--,,,,,,,,,,,,,,,,1,--,在校學業,41%,--,學測數A,--,--,學測英文,--,--,學測自然,--,--,學測國英數A自,--,--,數學學業,--,--,物理學業,--,--
第一至七類學群,008,中原大學,00833,電機資訊學院智慧運算與大數據學士班,,一般,11,11,--,--,--,--,後標,4級分,--,--,--,--,--,--,--,,,,,,,,,,,,,,,,11,--,在校學業,25%,--,學測數A,7,--,學測英文,--,--,學測自然,--,--,資訊科技學業,--,--,數學學業,--,--,物理學業,--,--
第一至七類學群,008,中原大學,00834,建築學系,,一般,5,5,--,--,後標,4級分,--,--,--,--,--,--,--,--,--,,,,,,,,,,,,,,,,5,--,在校學業,12%,--,學測國英數A,--,--,學測英文,--,--,學測數A,--,--,學測國文,--,--,英語文學業,--,--,數學學業,--,--
第一至七類學群,008,中原大學,00834,建築學系,,外加,1,1,--,--,後標,4級分,--,--,--,--,--,--,--,--,--,,,,,,,,,,,,,,,,1,--,在校學業,20%,--,學測國英數A,--,--,學測英文,--,--,學測數A,--,--,學測國文,--,--,英語文學業,--,--,數學學業,--,--
第一至七類學群,008,中原大學,00835,商業設計學系產品設計組乙類,,一般,2,2,--,--,--,--,後標,4級分,後標,4級分,--,--,後標,7級分,--,,,,,,,,,,,,,,,,1,1,在校學業,14%,11%,學測國英自,--,--,學測自然,--,--,物理學業,--,--,學測英文,--,--,學測國文,--,--,數學學業,--,--
第一至七類學群,008,中原大學,00836,地景建築學系,,一般,5,5,後標,9級分,--,--,後標,4級分,後標,4級分,--,--,--,--,--,,,,,,,,,,,,,,,,1,4,在校學業,22%,17%,學測國自,--,--,學測國文,--,--,學測自然,--,--,國語文學業,--,--,數學學業,--,--,學測英文,--,--
第一至七類學群,008,中原大學,00837,心理學系,,一般,26,26,--,--,後標,4級分,後標,4級分,--,--,--,--,--,--,--,,,,,,,,,,,,,,,,5,21,在校學業,41%,20%,學測數A,--,7,學測英文,--,--,學測自然,--,--,學測國文,--,--,學測國英數A自,--,--,數學學業,--,--
第一至七類學群,008,中原大學,00837,心理學系,,外加,2,0,--,--,後標,4級分,後標,4級分,--,--,--,--,--,--,--,,,,,,,,,,,,,,,,0,--,在校學業,--,--,學測數A,--,--,學測英文,--,--,學測自然,--,--,學測國文,--,--,學測國英數A自,--,--,數學學業,--,--
第一至七類學群,008,中原大學,00838,生物科技學系,,一般,18,18,--,--,後標,4級分,--,--,--,--,--,--,後標,7級分,--,,,,,,,,,,,,,,,,4,14,在校學業,45%,19%,學測國英自,--,--,學測自然,--,--,學測英文,--,--,生物學業,--,--,英語文學業,--,--,化學學業,--,--
第一至七類學群,008,中原大學,00838,生物科技學系,,外加,1,0,--,--,後標,4級分,--,--,--,--,--,--,後標,7級分,--,,,,,,,,,,,,,,,,0,--,在校學業,--,--,學測國英自,--,--,學測自然,--,--,學測英文,--,--,生物學業,--,--,英語文學業,--,--,化學學業,--,--
第一至七類學群,008,中原大學,00839,商業設計學系商業設計組甲類,,一般,2,2,--,--,後標,4級分,--,--,--,--,--,--,--,--,--,素描,後標,48分,彩繪技法,--,--,創意表現,--,--,水墨書畫,--,--,美術鑑賞,--,--,2,--,在校學業,8%,--,術科素描,--,--,學測國文,--,--,學測英文,--,--,學測社會,--,--,術科創意表現,--,--,美術學業,--,--
第一至七類學群,008,中原大學,00840,商業設計學系產品設計組甲類,,一般,2,2,--,--,--,--,--,--,--,--,--,--,--,--,--,素描,--,--,彩繪技法,--,--,創意表現,後標,48分,水墨書畫,--,--,美術鑑賞,--,--,2,--,在校學業,22%,--,術科創意表現,--,--,術科彩繪技法,--,--,美術學業,--,--,學測國英,--,--,學測英文,--,--,數學學業,--,--
第一至七類學群,009,東海大學,00901,中國文學系,,一般,13,13,後標,9級分,--,--,--,--,--,--,--,--,--,--,--,,,,,,,,,,,,,,,,7,6,在校學業,49%,44%,學測國文,--,--,國語文學業,--,--,歷史學業,--,--,公社學業,--,--,地理學業,--,--,英語文學業,--,--
第一至七類學群,009,東海大學,00901,中國文學系,,外加,2,0,後標,9級分,--,--,--,--,--,--,--,--,--,--,--,,,,,,,,,,,,,,,,0,--,在校學業,--,--,學測國文,--,--,國語文學業,--,--,歷史學業,--,--,公社學業,--,--,地理學業,--,--,英語文學業,--,--
第一至七類學群,009,東海大學,00902,外國語文學系,,一般,10,10,--,--,後標,4級分,--,--,--,--,--,--,--,--,--,,,,,,,,,,,,,,,,10,--,在校學業,42%,--,學測英文,--,--,英語文學業,--,--,學測國文,--,--,國語文學業,--,--,學測社會,--,--,歷史學業,--,--
第一至七類學群,009,東海大學,00902,外國語文學系,,外加,1,0,--,--,後標,4級分,--,--,--,--,--,--,--,--,--,,,,,,,,,,,,,,,,0,--,在校學業,--,--,學測英文,--,--,英語文學業,--,--,學測國文,--,--,國語文學業,--,--,學測社會,--,--,歷史學業,--,--
第一至七類學群,009,東海大學,00903,歷史學系,,一般,7,7,--,--,--,--,--,--,--,--,均標,10級分,--,--,--,,,,,,,,,,,,,,,,2,5,在校學業,24%,23%,歷史學業,--,--,學測社會,--,--,地理學業,--,--,公社學業,--,--,學測國文,--,--,學測英文,--,--
第一至七類學群,009,東海大學,00904,日本語言文化學系,,一般,13,13,--,--,後標,4級分,--,--,--,--,--,--,--,--,--,,,,,,,,,,,,,,,,3,10,在校學業,35%,28%,學測英文,--,--,學測國文,--,--,學測國英,--,--,英語文學業,--,--,國語文學業,--,--,歷史學業,--,--
第一至七類學群,009,東海大學,00904,日本語言文化學系,,外加,1,0,--,--,後標,4級分,--,--,--,--,--,--,--,--,--,,,,,,,,,,,,,,,,0,--,在校學業,--,--,學測英文,--,--,學測國文,--,--,學測國英,--,--,英語文學業,--,--,國語文學業,--,--,歷史學業,--,--
第一至七類學群,009,東海大學,00905,哲學系,,一般,4,4,後標,9級分,--,--,--,--,--,--,--,--,--,--,--,,,,,,,,,,,,,,,,0,4,在校學業,--,45%,學測國文,--,--,英語文學業,--,--,國語文學業,--,--,學測英文,--,--,學測社會,--,--,數學學業,--,--
第一至七類學群,009,東海大學,00905,哲學系,,外加,1,0,後標,9級分,--,--,--,--,--,--,--,--,--,--,--,,,,,,,,,,,,,,,,0,--,在校學業,--,--,學測國文,--,--,英語文學業,--,--,國語文學業,--,--,學測英文,--,--,學測社會,--,--,數學學業,--,--
第一至七類學群,009,東海大學,00906,工業工程與經營資訊學系(智慧經營與管理A組),,一般,4,4,--,--,後標,4級分,--,--,--,--,--,--,--,--,--,,,,,,,,,,,,,,,,1,3,在校學業,20%,37%,學測英文,--,--,英語文學業,--,--,學測國文,--,--,國語文學業,--,--,學測數B,--,--,數學學業,--,--
第一至七類學群,009,東海大學,00907,企業管理學系,,一般,27,27,後標,9級分,--,--,--,--,--,--,--,--,--,--,--,,,,,,,,,,,,,,,,15,12,在校學業,49%,20%,國語文學業,--,--,公社學業,--,--,數學學業,--,--,學測國文,--,--,學測英文,--,--,學測國英,--,--
第一至七類學群,009,東海大學,00907,企業管理學系,,外加,3,2,後標,9級分,--,--,--,--,--,--,--,--,--,--,--,,,,,,,,,,,,,,,,2,--,在校學業,48%,--,國語文學業,--,--,公社學業,--,--,數學學業,--,--,學測國文,--,--,學測英文,--,--,學測國英,--,--
第一至七類學群,009,東海大學,00908,國際經營與貿易學系,,一般,18,18,--,--,後標,4級分,--,--,--,--,--,--,--,--,--,,,,,,,,,,,,,,,,18,--,在校學業,29%,--,學測英文,--,--,學測國文,--,--,學測國英數B,--,--,英語文學業,--,--,國語文學業,--,--,數學學業,--,--
第一至七類學群,009,東海大學,00908,國際經營與貿易學系,,外加,2,0,--,--,後標,4級分,--,--,--,--,--,--,--,--,--,,,,,,,,,,,,,,,,0,--,在校學業,--,--,學測英文,--,--,學測國文,--,--,學測國英數B,--,--,英語文學業,--,--,國語文學業,--,--,數學學業,--,--
第一至七類學群,009,東海大學,00909,會計學系,,一般,17,17,--,--,後標,4級分,--,--,--,--,--,--,--,--,--,,,,,,,,,,,,,,,,17,--,在校學業,25%,--,學測英文,--,--,學測國文,--,--,學測數B,--,--,公社學業,--,--,英語文學業,--,--,國語文學業,--,--
第一至七類學群,009,東海大學,00910,財務金融學系,,一般,19,19,--,--,後標,4級分,--,--,--,--,--,--,--,--,--,,,,,,,,,,,,,,,,19,--,在校學業,15%,--,學測英文,7,--,學測數B,--,--,學測國文,--,--,學測國英,--,--,英語文學業,--,--,數學學業,--,--
第一至七類學群,009,東海大學,00910,財務金融學系,,外加,1,0,--,--,後標,4級分,--,--,--,--,--,--,--,--,--,,,,,,,,,,,,,,,,0,--,在校學業,--,--,學測英文,--,--,學測數B,--,--,學測國文,--,--,學測國英,--,--,英語文學業,--,--,數學學業,--,--
第一至七類學群,009,東海大學,00911,統計學系(決策管理組),,一般,10,10,--,--,--,--,--,--,後標,4級分,--,--,--,--,--,,,,,,,,,,,,,,,,1,9,在校學業,21%,29%,學測數B,--,--,數學學業,--,--,學測國文,--,--,國語文學業,--,--,學測英文,--,--,英語文學業,--,--
第一至七類學群,009,東海大學,00911,統計學系(決策管理組),,外加,1,0,--,--,--,--,--,--,後標,4級分,--,--,--,--,--,,,,,,,,,,,,,,,,0,--,在校學業,--,--,學測數B,--,--,數學學業,--,--,學測國文,--,--,國語文學業,--,--,學測英文,--,--,英語文學業,--,--
第一至七類學群,009,東海大學,00912,資訊管理學系,,一般,9,9,--,--,--,--,後標,4級分,後標,4級分,--,--,--,--,--,,,,,,,,,,,,,,,,9,--,在校學業,31%,--,學測英文,--,--,學測國文,--,--,學測國英,--,--,數學學業,--,--,英語文學業,--,--,資訊科技學業,--,--
第一至七類學群,009,東海大學,00912,資訊管理學系,,外加,1,0,--,--,--,--,後標,4級分,後標,4級分,--,--,--,--,--,,,,,,,,,,,,,,,,0,--,在校學業,--,--,學測英文,--,--,學測國文,--,--,學測國英,--,--,數學學業,--,--,英語文學業,--,--,資訊科技學業,--,--
第一至七類學群,009,東海大學,00913,經濟學系,,一般,21,21,--,--,--,--,--,--,後標,4級分,--,--,--,--,--,,,,,,,,,,,,,,,,14,7,在校學業,48%,16%,學測英文,--,--,學測國文,--,--,數學學業,--,--,英語文學業,--,--,國語文學業,--,--,公社學業,--,--
第一至七類學群,009,東海大學,00914,政治學系,,一般,18,18,--,--,後標,4級分,--,--,--,--,--,--,--,--,--,,,,,,,,,,,,,,,,10,8,在校學業,48%,19%,學測英文,--,--,學測社會,--,--,數學學業,--,--,英語文學業,--,--,公社學業,--,--,學測國英社,--,--
第一至七類學群,009,東海大學,00914,政治學系,,外加,4,1,--,--,後標,4級分,--,--,--,--,--,--,--,--,--,,,,,,,,,,,,,,,,1,--,在校學業,17%,--,學測英文,--,--,學測社會,--,--,數學學業,--,--,英語文學業,--,--,公社學業,--,--,學測國英社,--,--
第一至七類學群,009,東海大學,00915,行政管理暨政策學系,,一般,15,15,--,--,--,--,--,--,--,--,均標,10級分,--,--,--,,,,,,,,,,,,,,,,9,6,在校學業,20%,16%,學測社會,--,12,學測國文,--,--,學測國社,--,--,公社學業,--,--,國語文學業,--,--,歷史學業,--,--
第一至七類學群,009,東海大學,00915,行政管理暨政策學系,,外加,5,0,--,--,--,--,--,--,--,--,均標,10級分,--,--,--,,,,,,,,,,,,,,,,0,--,在校學業,--,--,學測社會,--,--,學測國文,--,--,學測國社,--,--,公社學業,--,--,國語文學業,--,--,歷史學業,--,--
第一至七類學群,009,東海大學,00916,社會學系,,一般,13,13,--,--,--,--,--,--,--,--,底標,7級分,--,--,--,,,,,,,,,,,,,,,,3,10,在校學業,30%,33%,學測社會,--,--,公社學業,--,--,學測國文,--,--,國語文學業,--,--,學測英文,--,--,英語文學業,--,--
第一至七類學群,009,東海大學,00916,社會學系,,外加,4,4,--,--,--,--,--,--,--,--,底標,7級分,--,--,--,,,,,,,,,,,,,,,,3,1,在校學業,47%,50%,學測社會,--,--,公社學業,--,--,學測國文,--,--,國語文學業,--,--,學測英文,--,--,英語文學業,--,--
第一至七類學群,009,東海大學,00917,社會工作學系,,一般,13,13,--,--,--,--,--,--,--,--,後標,8級分,--,--,--,,,,,,,,,,,,,,,,8,5,在校學業,41%,37%,學測國文,--,10,學測社會,--,8,學測英文,--,6,學測國英社,--,--,國語文學業,--,--,英語文學業,--,--
第一至七類學群,009,東海大學,00917,社會工作學系,,外加,1,1,--,--,--,--,--,--,--,--,後標,8級分,--,--,--,,,,,,,,,,,,,,,,1,--,在校學業,19%,--,學測國文,--,--,學測社會,--,--,學測英文,--,--,學測國英社,--,--,國語文學業,--,--,英語文學業,--,--
第一至七類學群,009,東海大學,00918,餐旅管理學系,,一般,7,7,--,--,後標,4級分,--,--,--,--,--,--,--,--,--,,,,,,,,,,,,,,,,4,3,在校學業,36%,23%,學測英文,--,--,學測國文,--,--,學測數B,--,--,英語文學業,--,--,國語文學業,--,--,數學學業,--,--
第一至七類學群,009,東海大學,00919,工業設計學系(B組),,一般,2,2,--,--,均標,8級分,--,--,--,--,--,--,--,--,--,,,,,,,,,,,,,,,,2,--,在校學業,20%,--,學測國文,--,--,學測英文,--,--,學測社會,--,--,國語文學業,--,--,英語文學業,--,--,公社學業,--,--
第一至七類學群,009,東海大學,00919,工業設計學系(B組),,外加,1,0,--,--,均標,8級分,--,--,--,--,--,--,--,--,--,,,,,,,,,,,,,,,,0,--,在校學業,--,--,學測國文,--,--,學測英文,--,--,學測社會,--,--,國語文學業,--,--,英語文學業,--,--,公社學業,--,--
第一至七類學群,009,東海大學,00920,法律學系,,一般,19,19,均標,10級分,均標,8級分,後標,4級分,後標,4級分,--,--,--,--,--,,,,,,,,,,,,,,,,19,--,在校學業,14%,--,學測國文,11,--,學測英文,--,--,學測國英,--,--,國語文學業,--,--,英語文學業,--,--,數學學業,--,--
第一至七類學群,009,東海大學,00920,法律學系,,外加,6,0,均標,10級分,均標,8級分,後標,4級分,後標,4級分,--,--,--,--,--,,,,,,,,,,,,,,,,0,--,在校學業,--,--,學測國文,--,--,學測英文,--,--,學測國英,--,--,國語文學業,--,--,英語文學業,--,--,數學學業,--,--
第一至七類學群,009,東海大學,00921,國際學院國際經營管理學位學程,,一般,7,7,--,--,後標,4級分,--,--,--,--,--,--,--,--,--,,,,,,,,,,,,,,,,2,5,在校學業,40%,20%,學測英文,--,--,學測國英數B,--,--,學測國文,--,--,學測數B,--,--,英語文學業,--,--,數學學業,--,--
第一至七類學群,009,東海大學,00922,應用物理學系,,一般,11,11,--,--,--,--,底標,3級分,--,--,--,--,--,--,--,,,,,,,,,,,,,,,,0,11,在校學業,--,36%,學測數A,--,--,學測英文,--,--,學測自然,--,--,數學學業,--,--,物理學業,--,--,英語文學業,--,--
第一至七類學群,009,東海大學,00922,應用物理學系,,外加,1,0,--,--,--,--,底標,3級分,--,--,--,--,--,--,--,,,,,,,,,,,,,,,,0,--,在校學業,--,--,學測數A,--,--,學測英文,--,--,學測自然,--,--,數學學業,--,--,物理學業,--,--,英語文學業,--,--
第一至七類學群,009,東海大學,00923,化學系化學組,,一般,11,11,--,--,--,--,--,--,--,--,--,--,後標,7級分,--,,,,,,,,,,,,,,,,9,2,在校學業,34%,11%,學測自然,--,10,化學學業,--,--,學測英文,--,--,英語文學業,--,--,數學學業,--,--,物理學業,--,--
第一至七類學群,009,東海大學,00923,化學系化學組,,外加,1,1,--,--,--,--,--,--,--,--,--,--,後標,7級分,--,,,,,,,,,,,,,,,,1,--,在校學業,19%,--,學測自然,--,--,化學學業,--,--,學測英文,--,--,英語文學業,--,--,數學學業,--,--,物理學業,--,--
第一至七類學群,009,東海大學,00924,化學系化學生物組,,一般,12,12,--,--,--,--,--,--,--,--,--,--,後標,7級分,--,,,,,,,,,,,,,,,,4,8,在校學業,44%,16%,學測自然,--,--,化學學業,--,--,生物學業,--,--,學測英文,--,--,英語文學業,--,--,數學學業,--,--
第一至七類學群,009,東海大學,00924,化學系化學生物組,,外加,1,1,--,--,--,--,--,--,--,--,--,--,後標,7級分,--,,,,,,,,,,,,,,,,1,--,在校學業,28%,--,學測自然,--,--,化學學業,--,--,生物學業,--,--,學測英文,--,--,英語文學業,--,--,數學學業,--,--
第一至七類學群,009,東海大學,00925,智慧計算暨應用數學系,,一般,9,9,--,--,--,--,後標,4級分,後標,4級分,--,--,--,--,--,,,,,,,,,,,,,,,,0,9,在校學業,--,28%,數學學業,--,--,學測英文,--,--,英語文學業,--,--,學測國文,--,--,國語文學業,--,--,學測國英,--,--
第一至七類學群,009,東海大學,00926,化學工程與材料工程學系,,一般,28,28,--,--,--,--,底標,3級分,--,--,--,--,底標,5級分,--,,,,,,,,,,,,,,,,18,10,在校學業,43%,17%,學測自然,--,9,學測數A,--,--,學測英文,--,--,數學學業,--,--,英語文學業,--,--,化學學業,--,--
第一至七類學群,009,東海大學,00926,化學工程與材料工程學系,,外加,2,0,--,--,--,--,底標,3級分,--,--,--,--,底標,5級分,--,,,,,,,,,,,,,,,,0,--,在校學業,--,--,學測自然,--,--,學測數A,--,--,學測英文,--,--,數學學業,--,--,英語文學業,--,--,化學學業,--,--
第一至七類學群,009,東海大學,00927,工業工程與經營資訊學系(智慧設計與生產組),,一般,5,5,--,--,--,--,後標,4級分,--,--,--,--,--,--,--,,,,,,,,,,,,,,,,1,4,在校學業,8%,22%,學測數A,--,8,數學學業,--,--,學測英文,--,--,英語文學業,--,--,學測國文,--,--,國語文學業,--,--
第一至七類學群,009,東海大學,00927,工業工程與經營資訊學系(智慧設計與生產組),,外加,1,0,--,--,--,--,後標,4級分,--,--,--,--,--,--,--,,,,,,,,,,,,,,,,0,--,在校學業,--,--,學測數A,--,--,數學學業,--,--,學測英文,--,--,英語文學業,--,--,學測國文,--,--,國語文學業,--,--
第一至七類學群,009,東海大學,00928,工業工程與經營資訊學系(智慧經營與管理B組),,一般,6,6,--,--,後標,4級分,--,--,--,--,--,--,--,--,--,,,,,,,,,,,,,,,,3,3,在校學業,14%,22%,學測英文,--,--,英語文學業,--,--,學測數B,--,--,數學學業,--,--,學測國文,--,--,國語文學業,--,--
第一至七類學群,009,東海大學,00928,工業工程與經營資訊學系(智慧經營與管理B組),,外加,1,0,--,--,後標,4級分,--,--,--,--,--,--,--,--,--,,,,,,,,,,,,,,,,0,--,在校學業,--,--,學測英文,--,--,英語文學業,--,--,學測數B,--,--,數學學業,--,--,學測國文,--,--,國語文學業,--,--
第一至七類學群,009,東海大學,00929,環境科學與工程學系,,一般,10,10,--,--,--,--,底標,3級分,底標,3級分,--,--,後標,7級分,--,,,,,,,,,,,,,,,,1,9,在校學業,30%,24%,學測自然,--,--,化學學業,--,--,生物學業,--,--,數學學業,--,--,學測英文,--,--,學測國文,--,--
第一至七類學群,009,東海大學,00929,環境科學與工程學系,,外加,2,0,--,--,--,--,底標,3級分,底標,3級分,--,--,後標,7級分,--,,,,,,,,,,,,,,,,0,--,在校學業,--,--,學測自然,--,--,化學學業,--,--,生物學業,--,--,數學學業,--,--,學測英文,--,--,學測國文,--,--
第一至七類學群,009,東海大學,00930,資訊工程學系,,一般,32,32,--,--,--,--,後標,4級分,--,--,--,--,--,--,--,,,,,,,,,,,,,,,,14,18,在校學業,50%,21%,學測數A,--,7,學測英文,--,--,學測國文,--,--,數學學業,--,--,英語文學業,--,--,國語文學業,--,--
第一至七類學群,009,東海大學,00930,資訊工程學系,,外加,3,0,--,--,--,--,後標,4級分,--,--,--,--,--,--,--,,,,,,,,,,,,,,,,0,--,在校學業,--,--,學測數A,--,--,學測英文,--,--,學測國文,--,--,數學學業,--,--,英語文學業,--,--,國語文學業,--,--
第一至七類學群,009,東海大學,00931,電機工程學系,,一般,19,19,--,--,--,--,後標,4級分,後標,4級分,--,--,--,--,--,,,,,,,,,,,,,,,,19,--,在校學業,29%,--,數學學業,--,--,學測國英,--,--,學測自然,--,--,學測英文,--,--,學測國文,--,--,英語文學業,--,--
第一至七類學群,009,東海大學,00931,電機工程學系,,外加,2,1,--,--,--,--,後標,4級分,後標,4級分,--,--,--,--,--,,,,,,,,,,,,,,,,1,--,在校學業,42%,--,數學學業,--,--,學測國英,--,--,學測自然,--,--,學測英文,--,--,學測國文,--,--,英語文學業,--,--
第一至七類學群,009,東海大學,00932,統計學系(巨量資料管理組),,一般,9,9,--,--,--,--,後標,4級分,--,--,--,--,--,--,--,,,,,,,,,,,,,,,,1,8,在校學業,42%,28%,學測數A,--,--,數學學業,--,--,學測國文,--,--,國語文學業,--,--,學測英文,--,--,英語文學業,--,--
第一至七類學群,009,東海大學,00932,統計學系(巨量資料管理組),,外加,1,0,--,--,--,--,後標,4級分,--,--,--,--,--,--,--,,,,,,,,,,,,,,,,0,--,在校學業,--,--,學測數A,--,--,數學學業,--,--,學測國文,--,--,國語文學業,--,--,學測英文,--,--,英語文學業,--,--
第一至七類學群,009,東海大學,00933,建築學系,,一般,1,1,--,--,前標,11級分,前標,9級分,前標,10級分,--,--,--,--,--,,,,,,,,,,,,,,,,1,--,在校學業,1%,--,學測國英,--,--,學測英文,--,--,學測國文,--,--,數學學業,--,--,英語文學業,--,--,國語文學業,--,--
第一至七類學群,009,東海大學,00934,工業設計學系(A組),,一般,2,2,--,--,均標,8級分,--,--,--,--,--,--,--,--,--,,,,,,,,,,,,,,,,2,--,在校學業,14%,--,學測國文,--,--,學測英文,--,--,學測自然,--,--,國語文學業,--,--,英語文學業,--,--,物理學業,--,--
第一至七類學群,009,東海大學,00935,景觀學系,,一般,9,9,後標,9級分,--,--,--,--,--,--,--,--,--,--,--,,,,,,,,,,,,,,,,9,--,在校學業,41%,--,學測國文,--,--,國語文學業,--,--,英語文學業,--,--,數學學業,--,--,生物學業,--,--,地科學業,--,--
第一至七類學群,009,東海大學,00935,景觀學系,,外加,3,0,後標,9級分,--,--,--,--,--,--,--,--,--,--,--,,,,,,,,,,,,,,,,0,--,在校學業,--,--,學測國文,--,--,國語文學業,--,--,英語文學業,--,--,數學學業,--,--,生物學業,--,--,地科學業,--,--
第一至七類學群,009,東海大學,00936,永續科學與管理學士學位學程,,一般,1,1,--,--,後標,4級分,--,--,--,--,--,--,--,--,--,,,,,,,,,,,,,,,,0,1,在校學業,--,22%,學測英文,--,--,學測自然,--,--,英語文學業,--,--,生物學業,--,--,地科學業,--,--,公社學業,--,--
第一至七類學群,009,東海大學,00936,永續科學與管理學士學位學程,,外加,1,0,--,--,後標,4級分,--,--,--,--,--,--,--,--,--,,,,,,,,,,,,,,,,0,--,在校學業,--,--,學測英文,--,--,學測自然,--,--,英語文學業,--,--,生物學業,--,--,地科學業,--,--,公社學業,--,--
第一至七類學群,009,東海大學,00937,生命科學系生物醫學組,,一般,7,7,--,--,均標,8級分,--,--,--,--,--,--,--,--,--,,,,,,,,,,,,,,,,3,4,在校學業,37%,14%,學測英文,--,--,學測自然,--,--,生物學業,--,--,化學學業,--,--,英語文學業,--,--,數學學業,--,--
第一至七類學群,009,東海大學,00937,生命科學系生物醫學組,,外加,1,0,--,--,均標,8級分,--,--,--,--,--,--,--,--,--,,,,,,,,,,,,,,,,0,--,在校學業,--,--,學測英文,--,--,學測自然,--,--,生物學業,--,--,化學學業,--,--,英語文學業,--,--,數學學業,--,--
第一至七類學群,009,東海大學,00938,生命科學系生態暨生物多樣性組,,一般,6,6,--,--,--,--,--,--,--,--,--,--,後標,7級分,--,,,,,,,,,,,,,,,,1,5,在校學業,18%,21%,學測自然,--,--,學測英文,--,--,生物學業,--,--,化學學業,--,--,英語文學業,--,--,數學學業,--,--
第一至七類學群,009,東海大學,00938,生命科學系生態暨生物多樣性組,,外加,1,0,--,--,--,--,--,--,--,--,--,--,後標,7級分,--,,,,,,,,,,,,,,,,0,--,在校學業,--,--,學測自然,--,--,學測英文,--,--,生物學業,--,--,化學學業,--,--,英語文學業,--,--,數學學業,--,--
第一至七類學群,009,東海大學,00939,畜產與生物科技學系,,一般,12,12,--,--,--,--,--,--,--,--,--,--,後標,7級分,--,,,,,,,,,,,,,,,,7,5,在校學業,45%,18%,生物學業,--,--,化學學業,--,--,學測英文,--,--,學測自然,--,--,地科學業,--,--,學測英自,--,--
第一至七類學群,009,東海大學,00939,畜產與生物科技學系,,外加,1,0,--,--,--,--,--,--,--,--,--,--,後標,7級分,--,,,,,,,,,,,,,,,,0,--,在校學業,--,--,生物學業,--,--,化學學業,--,--,學測英文,--,--,學測自然,--,--,地科學業,--,--,學測英自,--,--
第一至七類學群,009,東海大學,00940,食品科學系,,一般,14,14,--,--,--,--,--,--,--,--,--,--,後標,7級分,--,,,,,,,,,,,,,,,,1,13,在校學業,17%,27%,學測自然,--,--,生物學業,--,--,化學學業,--,--,英語文學業,--,--,數學學業,--,--,國語文學業,--,--
第一至七類學群,009,東海大學,00940,食品科學系,,外加,1,0,--,--,--,--,--,--,--,--,--,--,後標,7級分,--,,,,,,,,,,,,,,,,0,--,在校學業,--,--,學測自然,--,--,生物學業,--,--,化學學業,--,--,英語文學業,--,--,數學學業,--,--,國語文學業,--,--
第一至七類學群,009,東海大學,00941,高齡健康與運動科學學士學位學程,,一般,3,3,底標,7級分,底標,3級分,--,--,--,--,--,--,--,--,--,,,,,,,,,,,,,,,,1,2,在校學業,34%,28%,學測國英,--,--,學測英文,--,--,學測國文,--,--,英語文學業,--,--,國語文學業,--,--,數學學業,--,--
第一至七類學群,009,東海大學,00941,高齡健康與運動科學學士學位學程,,外加,1,0,底標,7級分,底標,3級分,--,--,--,--,--,--,--,--,--,,,,,,,,,,,,,,,,0,--,在校學業,--,--,學測國英,--,--,學測英文,--,--,學測國文,--,--,英語文學業,--,--,國語文學業,--,--,數學學業,--,--
第一至七類學群,009,東海大學,00942,美術學系,,一般,1,1,均標,10級分,--,--,--,--,--,--,--,--,--,--,--,素描,--,--,彩繪技法,--,--,創意表現,--,--,水墨書畫,--,--,美術鑑賞,--,--,1,--,在校學業,12%,--,美術學業,--,--,學測國文,--,--,學測社會,--,--,國語文學業,--,--,歷史學業,--,--,學測英文,--,--
第一至七類學群,011,國立清華大學,01101,中國文學系甲組(一般組),,一般,5,5,頂標,13級分,前標,11級分,--,--,均標,6級分,前標,12級分,--,--,--,,,,,,,,,,,,,,,,2,3,在校學業,14%,17%,學測國英數B社,--,--,學測國文,--,--,學測英文,--,--,國語文學業,--,--,英語文學業,--,--,學測社會,--,--
第一至七類學群,011,國立清華大學,01101,中國文學系甲組(一般組),,外加,1,0,頂標,13級分,前標,11級分,--,--,均標,6級分,前標,12級分,--,--,--,,,,,,,,,,,,,,,,0,--,在校學業,--,--,學測國英數B社,--,--,學測國文,--,--,學測英文,--,--,國語文學業,--,--,英語文學業,--,--,學測社會,--,--
第一至七類學群,011,國立清華大學,01102,中國文學系乙組(華語文教學組),,一般,3,3,頂標,13級分,前標,11級分,--,--,均標,6級分,前標,12級分,--,--,--,,,,,,,,,,,,,,,,0,3,在校學業,--,13%,學測國英數B社,--,--,學測國文,--,--,學測英文,--,--,國語文學業,--,--,英語文學業,--,--,學測社會,--,--
第一至七類學群,011,國立清華大學,01103,外國語文學系,,一般,8,8,前標,12級分,頂標,13級分,--,--,均標,6級分,前標,12級分,--,--,A級,,,,,,,,,,,,,,,,5,3,在校學業,13%,8%,學測國英數B社,--,--,學測英文,--,--,學測國文,--,--,學測社會,--,--,英語文學業,--,--,學測數B,--,--
第一至七類學群,011,國立清華大學,01103,外國語文學系,,外加,1,0,前標,12級分,頂標,13級分,--,--,均標,6級分,前標,12級分,--,--,A級,,,,,,,,,,,,,,,,0,--,在校學業,--,--,學測國英數B社,--,--,學測英文,--,--,學測國文,--,--,學測社會,--,--,英語文學業,--,--,學測數B,--,--
第一至七類學群,011,國立清華大學,01104,人文社會學院學士班,,一般,12,12,前標,12級分,前標,11級分,--,--,均標,6級分,前標,12級分,--,--,--,,,,,,,,,,,,,,,,4,8,在校學業,4%,12%,國語文學業,--,--,英語文學業,--,--,學測國文,--,--,學測英文,--,--,學測數B,--,--,學測社會,--,--
第一至七類學群,011,國立清華大學,01104,人文社會學院學士班,,外加,1,1,前標,12級分,前標,11級分,--,--,均標,6級分,前標,12級分,--,--,--,,,,,,,,,,,,,,,,1,--,在校學業,12%,--,國語文學業,--,--,英語文學業,--,--,學測國文,--,--,學測英文,--,--,學測數B,--,--,學測社會,--,--
第一至七類學群,011,國立清華大學,01105,教育與學習科技學系,,一般,6,6,前標,12級分,前標,11級分,--,--,均標,6級分,前標,12級分,--,--,--,,,,,,,,,,,,,,,,2,4,在校學業,7%,6%,學測國文,--,--,學測英文,--,--,學測社會,--,--,國語文學業,--,--,英語文學業,--,--,歷史學業,--,--
第一至七類學群,011,國立清華大學,01105,教育與學習科技學系,,外加,1,0,前標,12級分,前標,11級分,--,--,均標,6級分,前標,12級分,--,--,--,,,,,,,,,,,,,,,,0,--,在校學業,--,--,學測國文,--,--,學測英文,--,--,學測社會,--,--,國語文學業,--,--,英語文學業,--,--,歷史學業,--,--
第一至七類學群,011,國立清華大學,01106,幼兒教育學系,,一般,6,6,前標,12級分,前標,11級分,--,--,--,--,前標,12級分,--,--,--,,,,,,,,,,,,,,,,1,5,在校學業,15%,7%,學測英文,--,13,學測國文,--,--,學測社會,--,--,英語文學業,--,--,國語文學業,--,--,歷史學業,--,--
第一至七類學群,011,國立清華大學,01106,幼兒教育學系,,外加,1,0,前標,12級分,前標,11級分,--,--,--,--,前標,12級分,--,--,--,,,,,,,,,,,,,,,,0,--,在校學業,--,--,學測英文,--,--,學測國文,--,--,學測社會,--,--,英語文學業,--,--,國語文學業,--,--,歷史學業,--,--
第一至七類學群,011,國立清華大學,01107,教育心理與諮商學系,,一般,7,7,前標,12級分,前標,11級分,--,--,前標,10級分,--,--,--,--,--,,,,,,,,,,,,,,,,6,1,在校學業,3%,2%,學測英文,--,--,學測數B,--,--,學測國文,--,--,英語文學業,--,--,數學學業,--,--,國語文學業,--,--
第一至七類學群,011,國立清華大學,01107,教育心理與諮商學系,,外加,1,0,前標,12級分,前標,11級分,--,--,前標,10級分,--,--,--,--,--,,,,,,,,,,,,,,,,0,--,在校學業,--,--,學測英文,--,--,學測數B,--,--,學測國文,--,--,英語文學業,--,--,數學學業,--,--,國語文學業,--,--
第一至七類學群,011,國立清華大學,01108,特殊教育學系,,一般,5,5,前標,12級分,前標,11級分,--,--,--,--,前標,12級分,--,--,--,,,,,,,,,,,,,,,,4,1,在校學業,15%,7%,學測國英社,--,--,學測國文,--,--,學測英文,--,--,學測社會,--,--,國語文學業,--,--,英語文學業,--,--
第一至七類學群,011,國立清華大學,01108,特殊教育學系,,外加,1,0,前標,12級分,前標,11級分,--,--,--,--,前標,12級分,--,--,--,,,,,,,,,,,,,,,,0,--,在校學業,--,--,學測國英社,--,--,學測國文,--,--,學測英文,--,--,學測社會,--,--,國語文學業,--,--,英語文學業,--,--
第一至七類學群,011,國立清華大學,01109,英語教學系,,一般,4,4,前標,12級分,頂標,13級分,--,--,均標,6級分,均標,10級分,--,--,A級,,,,,,,,,,,,,,,,1,3,在校學業,3%,4%,學測英文,--,--,英語文學業,--,--,學測國文,--,--,學測數B,--,--,學測社會,--,--,學測英社,--,--
第一至七類學群,011,國立清華大學,01110,竹師教育學院學士班,,一般,4,4,前標,12級分,前標,11級分,均標,6級分,前標,10級分,--,--,--,--,--,,,,,,,,,,,,,,,,4,--,在校學業,4%,--,英語文學業,--,--,數學學業,--,--,學測國英,--,--,學測英文,--,--,學測國文,--,--,國語文學業,--,--
第一至七類學群,011,國立清華大學,01111,環境與文化資源學系,,一般,3,2,前標,12級分,前標,11級分,--,--,前標,10級分,頂標,13級分,--,--,--,,,,,,,,,,,,,,,,0,2,在校學業,--,11%,學測英社,--,--,學測數B,--,--,學測英文,--,--,學測國文,--,--,數學學業,--,--,英語文學業,--,--
第一至七類學群,011,國立清華大學,01111,環境與文化資源學系,,外加,1,0,前標,12級分,前標,11級分,--,--,前標,10級分,頂標,13級分,--,--,--,,,,,,,,,,,,,,,,0,--,在校學業,--,--,學測英社,--,--,學測數B,--,--,學測英文,--,--,學測國文,--,--,數學學業,--,--,英語文學業,--,--
第一至七類學群,011,國立清華大學,01112,經濟學系,,一般,15,15,前標,12級分,前標,11級分,前標,9級分,--,--,前標,12級分,--,--,B級,,,,,,,,,,,,,,,,2,13,在校學業,7%,10%,學測數A,--,--,學測英文,--,--,學測國文,--,--,學測社會,--,--,學測英數A,--,--,數學學業,--,--
第一至七類學群,011,國立清華大學,01112,經濟學系,,外加,1,1,前標,12級分,前標,11級分,前標,9級分,--,--,前標,12級分,--,--,B級,,,,,,,,,,,,,,,,1,--,在校學業,4%,--,學測數A,--,--,學測英文,--,--,學測國文,--,--,學測社會,--,--,學測英數A,--,--,數學學業,--,--
第一至七類學群,011,國立清華大學,01113,科技管理學院學士班,,一般,7,7,前標,12級分,頂標,13級分,前標,9級分,--,--,--,--,--,--,B級,,,,,,,,,,,,,,,,2,5,在校學業,3%,4%,學測國英數A,--,36,學測數A,--,9,學測英文,--,14,學測國文,--,--,數學學業,--,--,英語文學業,--,--
第一至七類學群,011,國立清華大學,01113,科技管理學院學士班,,外加,1,0,前標,12級分,頂標,13級分,前標,9級分,--,--,--,--,--,--,B級,,,,,,,,,,,,,,,,0,--,在校學業,--,--,學測國英數A,--,--,學測數A,--,--,學測英文,--,--,學測國文,--,--,數學學業,--,--,英語文學業,--,--
第一至七類學群,011,國立清華大學,01114,計量財務金融學系,,一般,9,9,前標,12級分,前標,11級分,頂標,11級分,--,--,--,--,--,--,--,,,,,,,,,,,,,,,,6,3,在校學業,8%,4%,學測數A,--,--,學測英文,--,--,學測國文,--,--,數學學業,--,--,英語文學業,--,--,國語文學業,--,--
第一至七類學群,011,國立清華大學,01114,計量財務金融學系,,外加,2,0,前標,12級分,前標,11級分,頂標,11級分,--,--,--,--,--,--,--,,,,,,,,,,,,,,,,0,--,在校學業,--,--,學測數A,--,--,學測英文,--,--,學測國文,--,--,數學學業,--,--,英語文學業,--,--,國語文學業,--,--
第一至七類學群,011,國立清華大學,01115,數學系甲組(數學組),,一般,5,5,--,--,均標,8級分,頂標,11級分,--,--,--,--,前標,12級分,--,,,,,,,,,,,,,,,,5,--,在校學業,17%,--,學測數A,--,--,學測英數A自,--,--,學測自然,--,--,學測英文,--,--,數學學業,--,--,英語文學業,--,--
第一至七類學群,011,國立清華大學,01115,數學系甲組(數學組),,外加,1,1,--,--,均標,8級分,頂標,11級分,--,--,--,--,前標,12級分,--,,,,,,,,,,,,,,,,1,--,在校學業,11%,--,學測數A,--,--,學測英數A自,--,--,學測自然,--,--,學測英文,--,--,數學學業,--,--,英語文學業,--,--
第一至七類學群,011,國立清華大學,01116,數學系乙組(應用數學組),,一般,5,5,--,--,均標,8級分,頂標,11級分,--,--,--,--,前標,12級分,--,,,,,,,,,,,,,,,,5,--,在校學業,8%,--,學測數A,--,--,學測英數A自,--,--,學測自然,--,--,學測英文,--,--,數學學業,--,--,英語文學業,--,--
第一至七類學群,011,國立清華大學,01116,數學系乙組(應用數學組),,外加,1,0,--,--,均標,8級分,頂標,11級分,--,--,--,--,前標,12級分,--,,,,,,,,,,,,,,,,0,--,在校學業,--,--,學測數A,--,--,學測英數A自,--,--,學測自然,--,--,學測英文,--,--,數學學業,--,--,英語文學業,--,--
第一至七類學群,011,國立清華大學,01117,物理學系物理組(甲組一般組),,一般,5,5,前標,12級分,前標,11級分,頂標,11級分,--,--,--,--,前標,12級分,--,,,,,,,,,,,,,,,,5,--,在校學業,4%,--,學測國英數A自,--,--,學測數A,--,--,學測自然,--,--,學測英文,--,--,學測國文,--,--,物理學業,--,--
第一至七類學群,011,國立清華大學,01117,物理學系物理組(甲組一般組),,外加,1,0,前標,12級分,前標,11級分,頂標,11級分,--,--,--,--,前標,12級分,--,,,,,,,,,,,,,,,,0,--,在校學業,--,--,學測國英數A自,--,--,學測數A,--,--,學測自然,--,--,學測英文,--,--,學測國文,--,--,物理學業,--,--
第一至七類學群,011,國立清華大學,01118,物理學系物理組(乙組天文物理組),,一般,2,2,前標,12級分,前標,11級分,頂標,11級分,--,--,--,--,前標,12級分,--,,,,,,,,,,,,,,,,2,--,在校學業,17%,--,學測國英數A自,--,--,學測數A,--,--,學測自然,--,--,學測英文,--,--,學測國文,--,--,物理學業,--,--
第一至七類學群,011,國立清華大學,01119,物理學系光電物理組,,一般,4,4,前標,12級分,前標,11級分,頂標,11級分,--,--,--,--,前標,12級分,--,,,,,,,,,,,,,,,,3,1,在校學業,9%,2%,學測國英數A自,--,57,學測數A,--,--,學測自然,--,--,學測英文,--,--,學測國文,--,--,物理學業,--,--
第一至七類學群,011,國立清華大學,01119,物理學系光電物理組,,外加,1,0,前標,12級分,前標,11級分,頂標,11級分,--,--,--,--,前標,12級分,--,,,,,,,,,,,,,,,,0,--,在校學業,--,--,學測國英數A自,--,--,學測數A,--,--,學測自然,--,--,學測英文,--,--,學測國文,--,--,物理學業,--,--
第一至七類學群,011,國立清華大學,01120,化學系,,一般,10,10,--,--,前標,11級分,前標,9級分,--,--,--,--,前標,12級分,--,,,,,,,,,,,,,,,,10,--,在校學業,2%,--,學測英數A自,37,--,學測自然,--,--,學測數A,--,--,學測英文,--,--,化學學業,--,--,物理學業,--,--
第一至七類學群,011,國立清華大學,01121,理學院學士班,,一般,7,7,--,--,前標,11級分,前標,9級分,--,--,--,--,前標,12級分,--,,,,,,,,,,,,,,,,7,--,在校學業,1%,--,數學學業,2%,--,物理學業,1%,--,化學學業,--,--,學測自然,--,--,學測數A,--,--,學測英文,--,--
第一至七類學群,011,國立清華大學,01122,生醫工程與環境科學系,,一般,6,6,--,--,前標,11級分,前標,9級分,--,--,--,--,前標,12級分,--,,,,,,,,,,,,,,,,4,2,在校學業,10%,3%,學測英數A自,--,37,化學學業,--,3%,物理學業,--,--,數學學業,--,--,學測自然,--,--,學測數A,--,--
第一至七類學群,011,國立清華大學,01122,生醫工程與環境科學系,,外加,1,1,--,--,前標,11級分,前標,9級分,--,--,--,--,前標,12級分,--,,,,,,,,,,,,,,,,1,--,在校學業,16%,--,學測英數A自,--,--,化學學業,--,--,物理學業,--,--,數學學業,--,--,學測自然,--,--,學測數A,--,--
第一至七類學群,011,國立清華大學,01123,工程與系統科學系甲組(低碳綠能組),,一般,5,5,前標,12級分,前標,11級分,前標,9級分,--,--,--,--,前標,12級分,--,,,,,,,,,,,,,,,,5,--,在校學業,4%,--,學測國英數A自,--,--,學測英文,--,--,學測自然,--,--,學測數A,--,--,學測國文,--,--,英語文學業,--,--
第一至七類學群,011,國立清華大學,01123,工程與系統科學系甲組(低碳綠能組),,外加,1,0,前標,12級分,前標,11級分,前標,9級分,--,--,--,--,前標,12級分,--,,,,,,,,,,,,,,,,0,--,在校學業,--,--,學測國英數A自,--,--,學測英文,--,--,學測自然,--,--,學測數A,--,--,學測國文,--,--,英語文學業,--,--
第一至七類學群,011,國立清華大學,01124,工程與系統科學系乙組(智慧奈米系統組),,一般,5,5,前標,12級分,前標,11級分,前標,9級分,--,--,--,--,前標,12級分,--,,,,,,,,,,,,,,,,5,--,在校學業,2%,--,學測國英數A自,48,--,學測英文,13,--,學測自然,12,--,學測數A,11,--,學測國文,--,--,英語文學業,--,--
第一至七類學群,011,國立清華大學,01124,工程與系統科學系乙組(智慧奈米系統組),,外加,1,0,前標,12級分,前標,11級分,前標,9級分,--,--,--,--,前標,12級分,--,,,,,,,,,,,,,,,,0,--,在校學業,--,--,學測國英數A自,--,--,學測英文,--,--,學測自然,--,--,學測數A,--,--,學測國文,--,--,英語文學業,--,--
第一至七類學群,011,國立清華大學,01125,原子科學院學士班,,一般,6,6,前標,12級分,前標,11級分,前標,9級分,--,--,--,--,前標,12級分,--,,,,,,,,,,,,,,,,2,4,在校學業,4%,4%,學測國英數A自,--,50,學測英文,--,--,學測自然,--,--,學測數A,--,--,學測國文,--,--,英語文學業,--,--
第一至七類學群,011,國立清華大學,01126,化學工程學系,,一般,9,9,--,--,前標,11級分,頂標,11級分,--,--,--,--,頂標,13級分,--,,,,,,,,,,,,,,,,6,3,在校學業,7%,2%,學測數A,--,11,學測自然,--,14,學測英文,--,--,化學學業,--,--,物理學業,--,--,學測國文,--,--
第一至七類學群,011,國立清華大學,01126,化學工程學系,,外加,1,0,--,--,前標,11級分,頂標,11級分,--,--,--,--,頂標,13級分,--,,,,,,,,,,,,,,,,0,--,在校學業,--,--,學測數A,--,--,學測自然,--,--,學測英文,--,--,化學學業,--,--,物理學業,--,--,學測國文,--,--
第一至七類學群,011,國立清華大學,01127,動力機械工程學系,,一般,15,15,前標,12級分,前標,11級分,頂標,11級分,--,--,--,--,頂標,13級分,--,,,,,,,,,,,,,,,,10,5,在校學業,20%,4%,學測國英數A自,--,52,學測數A,--,--,學測自然,--,--,學測英文,--,--,學測國文,--,--,物理學業,--,--
第一至七類學群,011,國立清華大學,01127,動力機械工程學系,,外加,1,0,前標,12級分,前標,11級分,頂標,11級分,--,--,--,--,頂標,13級分,--,,,,,,,,,,,,,,,,0,--,在校學業,--,--,學測國英數A自,--,--,學測數A,--,--,學測自然,--,--,學測英文,--,--,學測國文,--,--,物理學業,--,--
第一至七類學群,011,國立清華大學,01128,材料科學工程學系,,一般,22,22,--,--,頂標,13級分,頂標,11級分,--,--,--,--,頂標,13級分,--,,,,,,,,,,,,,,,,18,4,在校學業,14%,2%,學測英數A自,--,42,學測英文,--,--,學測自然,--,--,學測數A,--,--,物理學業,--,--,化學學業,--,--
第一至七類學群,011,國立清華大學,01129,工業工程與工程管理學系,,一般,9,9,前標,12級分,前標,11級分,頂標,11級分,--,--,--,--,前標,12級分,--,,,,,,,,,,,,,,,,1,8,在校學業,4%,11%,學測數A,--,--,學測英文,--,--,學測自然,--,--,學測國文,--,--,數學學業,--,--,英語文學業,--,--
第一至七類學群,011,國立清華大學,01130,工學院學士班,,一般,5,5,前標,12級分,頂標,13級分,前標,9級分,--,--,--,--,頂標,13級分,--,,,,,,,,,,,,,,,,5,--,在校學業,1%,--,學測國英數A自,--,--,學測英文,--,--,學測數A,--,--,學測自然,--,--,學測國文,--,--,英語文學業,--,--
第一至七類學群,011,國立清華大學,01131,電機工程學系甲組,,一般,1,1,--,--,前標,11級分,前標,9級分,--,--,--,--,前標,12級分,--,,,,,,,,,,,,,,,,1,--,在校學業,1%,--,學測英數A自,45,--,數學學業,--,--,物理學業,--,--,學測數A,--,--,學測自然,--,--,學測英文,--,--
第一至七類學群,011,國立清華大學,01132,電機工程學系乙組,,一般,30,30,--,--,前標,11級分,前標,9級分,--,--,--,--,前標,12級分,--,,,,,,,,,,,,,,,,30,--,在校學業,1%,--,學測英數A自,38,--,數學學業,--,--,物理學業,--,--,學測數A,--,--,學測自然,--,--,學測英文,--,--
第一至七類學群,011,國立清華大學,01133,資訊工程學系,,一般,25,25,前標,12級分,頂標,13級分,頂標,11級分,--,--,--,--,頂標,13級分,--,,,,,,,,,,,,,,,,25,--,在校學業,6%,--,學測國英數A自,--,--,學測數A,--,--,學測自然,--,--,學測英文,--,--,學測國文,--,--,數學學業,--,--
第一至七類學群,011,國立清華大學,01133,資訊工程學系,,外加,1,0,前標,12級分,頂標,13級分,頂標,11級分,--,--,--,--,頂標,13級分,--,,,,,,,,,,,,,,,,0,--,在校學業,--,--,學測國英數A自,--,--,學測數A,--,--,學測自然,--,--,學測英文,--,--,學測國文,--,--,數學學業,--,--
第一至七類學群,011,國立清華大學,01134,電機資訊學院學士班,,一般,11,11,前標,12級分,前標,11級分,頂標,11級分,--,--,--,--,頂標,13級分,--,,,,,,,,,,,,,,,,11,--,在校學業,2%,--,學測國英數A自,55,--,學測自然,--,--,學測數A,--,--,學測英文,--,--,學測國文,--,--,數學學業,--,--
第一至七類學群,011,國立清華大學,01135,生命科學系,,一般,9,9,--,--,前標,11級分,前標,9級分,--,--,--,--,前標,12級分,--,,,,,,,,,,,,,,,,0,9,在校學業,--,9%,學測自然,--,--,學測英文,--,--,學測數A,--,--,生物學業,--,--,化學學業,--,--,物理學業,--,--
第一至七類學群,011,國立清華大學,01136,醫學科學系,,一般,9,9,前標,12級分,前標,11級分,前標,9級分,--,--,--,--,前標,12級分,--,,,,,,,,,,,,,,,,3,6,在校學業,11%,7%,學測國英數A自,--,--,生物學業,--,--,學測自然,--,--,學測數A,--,--,學測英文,--,--,學測國文,--,--
第一至七類學群,011,國立清華大學,01137,生命科學暨醫學院學士班,,一般,8,8,前標,12級分,前標,11級分,前標,9級分,--,--,--,--,前標,12級分,--,,,,,,,,,,,,,,,,1,7,在校學業,2%,7%,學測國英數A自,--,51,學測自然,--,--,學測英文,--,--,學測數A,--,--,學測國文,--,--,生物學業,--,--
第一至七類學群,011,國立清華大學,01138,藝術與設計學系創作組,,一般,3,3,均標,10級分,均標,8級分,--,--,--,--,--,--,--,--,--,素描,均標,63分,彩繪技法,均標,63分,創意表現,均標,63分,水墨書畫,均標,62分,美術鑑賞,均標,62分,3,--,在校學業,6%,--,美術學業,--,--,術科素描,--,--,學測國文,--,--,學測英文,--,--,術科彩繪技法,--,--,術科創意表現,--,--
第一至七類學群,011,國立清華大學,01139,藝術與設計學系設計組,,一般,3,3,均標,10級分,均標,8級分,--,--,--,--,--,--,--,--,--,素描,均標,63分,彩繪技法,--,--,創意表現,均標,63分,水墨書畫,--,--,美術鑑賞,--,--,3,--,在校學業,1%,--,術科創意表現,78,--,美術學業,--,--,學測國文,--,--,學測英文,--,--,術科素描,--,--,國語文學業,--,--
第一至七類學群,012,中國醫藥大學,01201,中醫學系甲組,,一般,11,11,前標,12級分,前標,11級分,頂標,11級分,--,--,--,--,頂標,13級分,--,,,,,,,,,,,,,,,,11,--,在校學業,1%,--,學測國英數A自,53,--,學測國文,--,--,學測數A,--,--,學測自然,--,--,學測英文,--,--,數學學業,--,--
第一至七類學群,012,中國醫藥大學,01202,中醫學系乙組,,一般,11,11,前標,12級分,前標,11級分,頂標,11級分,--,--,--,--,頂標,13級分,--,,,,,,,,,,,,,,,,11,--,在校學業,1%,--,學測國英數A自,52,--,學測國文,--,--,學測數A,--,--,學測自然,--,--,學測英文,--,--,數學學業,--,--
第一至七類學群,012,中國醫藥大學,01203,藥學系,,一般,58,58,--,--,均標,8級分,均標,6級分,--,--,--,--,均標,9級分,C級,,,,,,,,,,,,,,,,58,--,在校學業,2%,--,學測國英數A自,50,--,學測自然,14,--,學測英文,--,--,學測數A,--,--,學測國文,--,--,化學學業,--,--
第一至七類學群,012,中國醫藥大學,01203,藥學系,,外加,10,10,--,--,均標,8級分,均標,6級分,--,--,--,--,均標,9級分,C級,,,,,,,,,,,,,,,,10,--,在校學業,36%,--,學測國英數A自,--,--,學測自然,--,--,學測英文,--,--,學測數A,--,--,學測國文,--,--,化學學業,--,--
第一至七類學群,012,中國醫藥大學,01204,護理學系,,一般,16,16,--,--,底標,3級分,--,--,--,--,--,--,底標,5級分,--,,,,,,,,,,,,,,,,16,--,在校學業,20%,--,英語文學業,--,--,生物學業,--,--,學測英文,--,--,學測自然,--,--,學測英自,--,--,數學學業,--,--
第一至七類學群,012,中國醫藥大學,01204,護理學系,,外加,4,2,--,--,底標,3級分,--,--,--,--,--,--,底標,5級分,--,,,,,,,,,,,,,,,,2,--,在校學業,38%,--,英語文學業,--,--,生物學業,--,--,學測英文,--,--,學測自然,--,--,學測英自,--,--,數學學業,--,--
第一至七類學群,012,中國醫藥大學,01205,醫學檢驗生物技術學系,,一般,16,16,--,--,底標,3級分,--,--,--,--,--,--,底標,5級分,--,,,,,,,,,,,,,,,,16,--,在校學業,3%,--,學測英自,--,--,學測自然,--,--,學測英文,--,--,生物學業,--,--,化學學業,--,--,數學學業,--,--
第一至七類學群,012,中國醫藥大學,01205,醫學檢驗生物技術學系,,外加,3,3,--,--,底標,3級分,--,--,--,--,--,--,底標,5級分,--,,,,,,,,,,,,,,,,3,--,在校學業,38%,--,學測英自,--,--,學測自然,--,--,學測英文,--,--,生物學業,--,--,化學學業,--,--,數學學業,--,--
第一至七類學群,012,中國醫藥大學,01206,營養學系,,一般,14,14,--,--,底標,3級分,--,--,--,--,--,--,底標,5級分,--,,,,,,,,,,,,,,,,14,--,在校學業,15%,--,學測自然,--,--,學測英文,--,--,學測國文,--,--,化學學業,--,--,生物學業,--,--,英語文學業,--,--
第一至七類學群,012,中國醫藥大學,01206,營養學系,,外加,3,2,--,--,底標,3級分,--,--,--,--,--,--,底標,5級分,--,,,,,,,,,,,,,,,,2,--,在校學業,50%,--,學測自然,--,--,學測英文,--,--,學測國文,--,--,化學學業,--,--,生物學業,--,--,英語文學業,--,--
第一至七類學群,012,中國醫藥大學,01207,物理治療學系,,一般,12,12,--,--,底標,3級分,--,--,--,--,--,--,--,--,--,,,,,,,,,,,,,,,,12,--,在校學業,2%,--,學測英自,27,--,學測英文,--,--,學測自然,--,--,數學學業,--,--,生物學業,--,--,物理學業,--,--
第一至七類學群,012,中國醫藥大學,01207,物理治療學系,,外加,2,2,--,--,底標,3級分,--,--,--,--,--,--,--,--,--,,,,,,,,,,,,,,,,2,--,在校學業,22%,--,學測英自,--,--,學測英文,--,--,學測自然,--,--,數學學業,--,--,生物學業,--,--,物理學業,--,--
第一至七類學群,012,中國醫藥大學,01208,生物科技學系,,一般,12,12,--,--,底標,3級分,--,--,--,--,--,--,底標,5級分,--,,,,,,,,,,,,,,,,12,--,在校學業,21%,--,學測英文,--,--,學測自然,--,--,學測國文,--,--,生物學業,--,--,英語文學業,--,--,國語文學業,--,--
第一至七類學群,012,中國醫藥大學,01208,生物科技學系,,外加,2,0,--,--,底標,3級分,--,--,--,--,--,--,底標,5級分,--,,,,,,,,,,,,,,,,0,--,在校學業,--,--,學測英文,--,--,學測自然,--,--,學測國文,--,--,生物學業,--,--,英語文學業,--,--,國語文學業,--,--
第一至七類學群,012,中國醫藥大學,01209,運動醫學系,,一般,5,5,--,--,底標,3級分,--,--,--,--,--,--,底標,5級分,--,,,,,,,,,,,,,,,,5,--,在校學業,12%,--,學測自然,12,--,學測英文,--,--,學測國文,--,--,英語文學業,--,--,生物學業,--,--,國語文學業,--,--
第一至七類學群,012,中國醫藥大學,01209,運動醫學系,,外加,2,1,--,--,底標,3級分,--,--,--,--,--,--,底標,5級分,--,,,,,,,,,,,,,,,,1,--,在校學業,28%,--,學測自然,--,--,學測英文,--,--,學測國文,--,--,英語文學業,--,--,生物學業,--,--,國語文學業,--,--
第一至七類學群,012,中國醫藥大學,01210,中國藥學暨中藥資源學系,,一般,11,11,底標,7級分,底標,3級分,--,--,--,--,--,--,--,--,--,,,,,,,,,,,,,,,,11,--,在校學業,11%,--,學測英文,--,--,學測國文,--,--,數學學業,--,--,化學學業,--,--,生物學業,--,--,英語文學業,--,--
第一至七類學群,012,中國醫藥大學,01210,中國藥學暨中藥資源學系,,外加,1,1,底標,7級分,底標,3級分,--,--,--,--,--,--,--,--,--,,,,,,,,,,,,,,,,1,--,在校學業,40%,--,學測英文,--,--,學測國文,--,--,數學學業,--,--,化學學業,--,--,生物學業,--,--,英語文學業,--,--
第一至七類學群,012,中國醫藥大學,01211,藥用化妝品學系,,一般,14,14,--,--,底標,3級分,--,--,--,--,--,--,底標,5級分,--,,,,,,,,,,,,,,,,14,--,在校學業,19%,--,學測英自,--,--,學測英文,--,--,學測自然,--,--,化學學業,--,--,生物學業,--,--,英語文學業,--,--
第一至七類學群,012,中國醫藥大學,01211,藥用化妝品學系,,外加,2,0,--,--,底標,3級分,--,--,--,--,--,--,底標,5級分,--,,,,,,,,,,,,,,,,0,--,在校學業,--,--,學測英自,--,--,學測英文,--,--,學測自然,--,--,化學學業,--,--,生物學業,--,--,英語文學業,--,--
第一至七類學群,012,中國醫藥大學,01212,生物醫學影像暨放射科學學系,,一般,10,10,--,--,底標,3級分,--,--,--,--,--,--,--,--,--,,,,,,,,,,,,,,,,10,--,在校學業,5%,--,學測英自,--,--,數學學業,--,--,學測自然,--,--,學測英文,--,--,學測國文,--,--,物理學業,--,--
第一至七類學群,012,中國醫藥大學,01212,生物醫學影像暨放射科學學系,,外加,3,3,--,--,底標,3級分,--,--,--,--,--,--,--,--,--,,,,,,,,,,,,,,,,3,--,在校學業,37%,--,學測英自,--,--,數學學業,--,--,學測自然,--,--,學測英文,--,--,學測國文,--,--,物理學業,--,--
第一至七類學群,012,中國醫藥大學,01213,公共衛生學院大一不分系,,一般,37,37,底標,7級分,底標,3級分,--,--,--,--,--,--,--,--,--,,,,,,,,,,,,,,,,25,12,在校學業,49%,17%,學測英文,--,--,學測國文,--,--,學測國英,--,--,英語文學業,--,--,國語文學業,--,--,生物學業,--,--
第一至七類學群,012,中國醫藥大學,01213,公共衛生學院大一不分系,,外加,5,0,底標,7級分,底標,3級分,--,--,--,--,--,--,--,--,--,,,,,,,,,,,,,,,,0,--,在校學業,--,--,學測英文,--,--,學測國文,--,--,學測國英,--,--,英語文學業,--,--,國語文學業,--,--,生物學業,--,--
第一至七類學群,012,中國醫藥大學,01214,生物醫學工程學系,,一般,11,11,--,--,底標,3級分,--,--,--,--,--,--,--,--,--,,,,,,,,,,,,,,,,11,--,在校學業,9%,--,學測英文,--,--,生物學業,--,--,物理學業,--,--,英語文學業,--,--,數學學業,--,--,國語文學業,--,--
第一至七類學群,012,中國醫藥大學,01214,生物醫學工程學系,,外加,2,1,--,--,底標,3級分,--,--,--,--,--,--,--,--,--,,,,,,,,,,,,,,,,1,--,在校學業,14%,--,學測英文,--,--,生物學業,--,--,物理學業,--,--,英語文學業,--,--,數學學業,--,--,國語文學業,--,--
第一至七類學群,012,中國醫藥大學,01215,醫療資訊學系,,一般,12,12,--,--,底標,3級分,--,--,--,--,--,--,底標,5級分,--,,,,,,,,,,,,,,,,12,--,在校學業,26%,--,學測英自,14,--,學測自然,8,--,學測英文,6,--,生物學業,26%,--,物理學業,--,--,資訊科技學業,--,--
第一至七類學群,012,中國醫藥大學,01215,醫療資訊學系,,外加,2,0,--,--,底標,3級分,--,--,--,--,--,--,底標,5級分,--,,,,,,,,,,,,,,,,0,--,在校學業,--,--,學測英自,--,--,學測自然,--,--,學測英文,--,--,生物學業,--,--,物理學業,--,--,資訊科技學業,--,--
第一至七類學群,013,國立陽明交通大學,01301,資訊管理與財務金融學系財務金融組,,一般,3,3,前標,12級分,前標,11級分,前標,9級分,--,--,--,--,--,--,--,,,,,,,,,,,,,,,,3,--,在校學業,2%,--,學測國英數A,38,--,學測數A,14,--,學測英文,--,--,學測國文,--,--,數學學業,--,--,英語文學業,--,--
第一至七類學群,013,國立陽明交通大學,01301,資訊管理與財務金融學系財務金融組,,外加,1,0,前標,12級分,前標,11級分,前標,9級分,--,--,--,--,--,--,--,,,,,,,,,,,,,,,,0,--,在校學業,--,--,學測國英數A,--,--,學測數A,--,--,學測英文,--,--,學測國文,--,--,數學學業,--,--,英語文學業,--,--
第一至七類學群,013,國立陽明交通大學,01302,管理科學系,,一般,6,6,前標,12級分,前標,11級分,前標,9級分,--,--,--,--,--,--,--,,,,,,,,,,,,,,,,4,2,在校學業,12%,8%,學測數A,--,--,學測英文,--,--,學測國文,--,--,學測國英數A,--,--,數學學業,--,--,英語文學業,--,--
第一至七類學群,013,國立陽明交通大學,01303,傳播與科技學系,,一般,5,5,頂標,13級分,頂標,13級分,--,--,均標,6級分,前標,12級分,--,--,--,,,,,,,,,,,,,,,,3,2,在校學業,13%,9%,學測英文,--,--,學測國文,--,--,學測社會,--,--,英語文學業,--,--,國語文學業,--,--,學測數B,--,--
第一至七類學群,013,國立陽明交通大學,01303,傳播與科技學系,,外加,1,0,頂標,13級分,頂標,13級分,--,--,均標,6級分,前標,12級分,--,--,--,,,,,,,,,,,,,,,,0,--,在校學業,--,--,學測英文,--,--,學測國文,--,--,學測社會,--,--,英語文學業,--,--,國語文學業,--,--,學測數B,--,--
第一至七類學群,013,國立陽明交通大學,01304,外國語文學系,,一般,7,7,前標,12級分,頂標,13級分,--,--,均標,6級分,前標,12級分,--,--,--,,,,,,,,,,,,,,,,5,2,在校學業,20%,10%,學測英文,--,13,學測國文,--,15,學測數B,--,--,學測社會,--,--,學測國英數B社,--,--,英語文學業,--,--
第一至七類學群,013,國立陽明交通大學,01304,外國語文學系,,外加,1,1,前標,12級分,頂標,13級分,--,--,均標,6級分,前標,12級分,--,--,--,,,,,,,,,,,,,,,,1,--,在校學業,18%,--,學測英文,--,--,學測國文,--,--,學測數B,--,--,學測社會,--,--,學測國英數B社,--,--,英語文學業,--,--
第一至七類學群,013,國立陽明交通大學,01305,人文社會學系,,一般,8,8,前標,12級分,前標,11級分,--,--,--,--,前標,12級分,--,--,--,,,,,,,,,,,,,,,,4,4,在校學業,12%,8%,學測國文,--,--,學測社會,--,--,學測英文,--,--,國語文學業,--,--,公社學業,--,--,英語文學業,--,--
第一至七類學群,013,國立陽明交通大學,01305,人文社會學系,,外加,1,0,前標,12級分,前標,11級分,--,--,--,--,前標,12級分,--,--,--,,,,,,,,,,,,,,,,0,--,在校學業,--,--,學測國文,--,--,學測社會,--,--,學測英文,--,--,國語文學業,--,--,公社學業,--,--,英語文學業,--,--
第一至七類學群,013,國立陽明交通大學,01306,半導體工程學系固態電子組,,一般,6,6,--,--,前標,11級分,頂標,11級分,--,--,--,--,前標,12級分,--,,,,,,,,,,,,,,,,6,--,在校學業,1%,--,學測自然,12,--,學測數A,11,--,學測英文,14,--,數學學業,--,--,物理學業,--,--,英語文學業,--,--
第一至七類學群,013,國立陽明交通大學,01307,半導體工程學系奈米科學組,,一般,3,3,--,--,前標,11級分,前標,9級分,--,--,--,--,頂標,13級分,--,,,,,,,,,,,,,,,,3,--,在校學業,1%,--,學測數A,10,--,學測自然,13,--,學測英文,12,--,數學學業,--,--,物理學業,--,--,英語文學業,--,--
第一至七類學群,013,國立陽明交通大學,01308,理學院科學學士學位學程(乙組),,一般,1,1,均標,10級分,前標,11級分,前標,9級分,--,--,--,--,前標,12級分,--,,,,,,,,,,,,,,,,1,--,在校學業,2%,--,學測數A,--,--,學測自然,--,--,學測英文,--,--,學測國英數A自,--,--,數學學業,--,--,英語文學業,--,--
第一至七類學群,013,國立陽明交通大學,01309,理學院科學學士學位學程(丙組),,一般,1,1,均標,10級分,前標,11級分,前標,9級分,--,--,--,--,前標,12級分,--,,,,,,,,,,,,,,,,1,--,在校學業,1%,--,學測自然,--,--,學測數A,--,--,學測英文,--,--,學測國英數A自,--,--,化學學業,--,--,英語文學業,--,--
第一至七類學群,013,國立陽明交通大學,01310,電機工程學系甲組(電資國際組),,一般,8,8,--,--,頂標,13級分,頂標,11級分,--,--,--,--,頂標,13級分,--,,,,,,,,,,,,,,,,8,--,在校學業,1%,--,數學學業,1%,--,學測自然,14,--,學測數A,13,--,學測英數A自,42,--,學測英文,--,--,物理學業,--,--
第一至七類學群,013,國立陽明交通大學,01311,電機工程學系乙組(電機工程組),,一般,32,32,--,--,前標,11級分,頂標,11級分,--,--,--,--,頂標,13級分,--,,,,,,,,,,,,,,,,32,--,在校學業,1%,--,數學學業,2%,--,學測自然,15,--,學測數A,--,--,學測英數A自,--,--,學測英文,--,--,物理學業,--,--
第一至七類學群,013,國立陽明交通大學,01311,電機工程學系乙組(電機工程組),,外加,2,2,--,--,前標,11級分,頂標,11級分,--,--,--,--,頂標,13級分,--,,,,,,,,,,,,,,,,2,--,在校學業,5%,--,數學學業,--,--,學測自然,--,--,學測數A,--,--,學測英數A自,--,--,學測英文,--,--,物理學業,--,--
第一至七類學群,013,國立陽明交通大學,01312,光電工程學系,,一般,9,9,均標,10級分,前標,11級分,頂標,11級分,--,--,--,--,前標,12級分,--,,,,,,,,,,,,,,,,9,--,在校學業,3%,--,學測英數A自,39,--,學測數A,--,--,學測自然,--,--,學測英文,--,--,學測國文,--,--,物理學業,--,--
第一至七類學群,013,國立陽明交通大學,01312,光電工程學系,,外加,1,0,均標,10級分,前標,11級分,頂標,11級分,--,--,--,--,前標,12級分,--,,,,,,,,,,,,,,,,0,--,在校學業,--,--,學測英數A自,--,--,學測數A,--,--,學測自然,--,--,學測英文,--,--,學測國文,--,--,物理學業,--,--
第一至七類學群,013,國立陽明交通大學,01313,資訊工程學系,,一般,26,26,前標,12級分,前標,11級分,頂標,11級分,--,--,--,--,頂標,13級分,--,,,,,,,,,,,,,,,,26,--,在校學業,2%,--,數學學業,6%,--,學測數A,--,--,學測自然,--,--,學測英文,--,--,學測國文,--,--,英語文學業,--,--
第一至七類學群,013,國立陽明交通大學,01314,材料科學與工程學系,,一般,9,9,均標,10級分,均標,8級分,均標,6級分,--,--,--,--,均標,9級分,--,,,,,,,,,,,,,,,,9,--,在校學業,1%,--,學測自然,13,--,學測數A,9,--,學測英文,14,--,物理學業,--,--,化學學業,--,--,英語文學業,--,--
第一至七類學群,013,國立陽明交通大學,01315,機械工程學系,,一般,10,10,前標,12級分,前標,11級分,頂標,11級分,--,--,--,--,前標,12級分,--,,,,,,,,,,,,,,,,10,--,在校學業,11%,--,學測數A,--,--,學測自然,--,--,學測英文,--,--,數學學業,--,--,物理學業,--,--,國語文學業,--,--
第一至七類學群,013,國立陽明交通大學,01316,土木工程學系(科技暨基礎建設永續發展組),,一般,12,10,前標,12級分,前標,11級分,前標,9級分,--,--,--,--,前標,12級分,--,,,,,,,,,,,,,,,,1,9,在校學業,8%,12%,學測數A,--,--,學測自然,--,--,學測英文,--,--,學測國文,--,--,數學學業,--,--,物理學業,--,--
第一至七類學群,013,國立陽明交通大學,01317,電子物理學系光電與奈米科學組,,一般,3,3,前標,12級分,前標,11級分,頂標,11級分,--,--,--,--,前標,12級分,--,,,,,,,,,,,,,,,,3,--,在校學業,3%,--,學測數A,11,--,學測英文,15,--,學測自然,--,--,學測國文,--,--,學測國英數A自,--,--,物理學業,--,--
第一至七類學群,013,國立陽明交通大學,01318,電子物理學系電子物理組,,一般,4,4,前標,12級分,前標,11級分,頂標,11級分,--,--,--,--,前標,12級分,--,,,,,,,,,,,,,,,,4,--,在校學業,2%,--,學測數A,12,--,學測英文,--,--,學測自然,--,--,學測國文,--,--,學測國英數A自,--,--,物理學業,--,--
第一至七類學群,013,國立陽明交通大學,01319,應用化學系,,一般,8,8,均標,10級分,頂標,13級分,均標,6級分,--,--,--,--,頂標,13級分,--,,,,,,,,,,,,,,,,8,--,在校學業,4%,--,學測國英數A自,51,--,學測自然,--,--,學測數A,--,--,學測英文,--,--,學測國文,--,--,化學學業,--,--
第一至七類學群,013,國立陽明交通大學,01320,應用數學系,,一般,7,7,均標,10級分,前標,11級分,頂標,11級分,--,--,--,--,前標,12級分,--,,,,,,,,,,,,,,,,3,4,在校學業,6%,5%,學測國英數A自,--,--,學測數A,--,--,學測英文,--,--,學測自然,--,--,學測國文,--,--,數學學業,--,--
第一至七類學群,013,國立陽明交通大學,01320,應用數學系,,外加,1,0,均標,10級分,前標,11級分,頂標,11級分,--,--,--,--,前標,12級分,--,,,,,,,,,,,,,,,,0,--,在校學業,--,--,學測國英數A自,--,--,學測數A,--,--,學測英文,--,--,學測自然,--,--,學測國文,--,--,數學學業,--,--
第一至七類學群,013,國立陽明交通大學,01321,資訊管理與財務金融學系資訊管理組,,一般,3,3,--,--,前標,11級分,前標,9級分,--,--,--,--,前標,12級分,--,,,,,,,,,,,,,,,,3,--,在校學業,2%,--,學測英數A自,--,--,學測數A,--,--,學測英文,--,--,學測自然,--,--,數學學業,--,--,英語文學業,--,--
第一至七類學群,013,國立陽明交通大學,01321,資訊管理與財務金融學系資訊管理組,,外加,1,0,--,--,前標,11級分,前標,9級分,--,--,--,--,前標,12級分,--,,,,,,,,,,,,,,,,0,--,在校學業,--,--,學測英數A自,--,--,學測數A,--,--,學測英文,--,--,學測自然,--,--,數學學業,--,--,英語文學業,--,--
第一至七類學群,013,國立陽明交通大學,01322,運輸與物流管理學系,,一般,7,7,均標,10級分,前標,11級分,前標,9級分,--,--,--,--,前標,12級分,--,,,,,,,,,,,,,,,,5,2,在校學業,12%,3%,學測數A,--,--,學測英文,--,--,學測自然,--,--,學測國文,--,--,數學學業,--,--,英語文學業,--,--
第一至七類學群,013,國立陽明交通大學,01323,工業工程與管理學系,,一般,8,8,--,--,前標,11級分,前標,9級分,--,--,--,--,前標,12級分,--,,,,,,,,,,,,,,,,8,--,在校學業,6%,--,學測數A,12,--,數學學業,--,--,學測英文,--,--,學測自然,--,--,學測數A自,--,--,學測國文,--,--
第一至七類學群,013,國立陽明交通大學,01324,生物醫學工程學系,,一般,3,3,均標,10級分,前標,11級分,前標,9級分,--,--,--,--,前標,12級分,--,,,,,,,,,,,,,,,,3,--,在校學業,4%,--,學測英數A自,42,--,學測自然,--,--,學測數A,--,--,學測英文,--,--,物理學業,--,--,數學學業,--,--
第一至七類學群,013,國立陽明交通大學,01325,生物科技學系(甲組),,一般,8,5,--,--,前標,11級分,前標,9級分,--,--,--,--,前標,12級分,--,,,,,,,,,,,,,,,,1,4,在校學業,1%,20%,生物學業,--,--,化學學業,--,--,學測英數A自,--,--,學測自然,--,--,學測數A,--,--,學測英文,--,--
第一至七類學群,013,國立陽明交通大學,01326,生物科技學系(乙組),,一般,3,3,--,--,--,--,前標,9級分,--,--,--,--,前標,12級分,--,,,,,,,,,,,,,,,,2,1,在校學業,1%,5%,數學學業,--,--,化學學業,--,--,英語文學業,--,--,學測英數A自,--,--,學測數A,--,--,學測自然,--,--
第一至七類學群,013,國立陽明交通大學,01327,醫學生物技術暨檢驗學系,,一般,7,7,均標,10級分,前標,11級分,均標,6級分,--,--,--,--,前標,12級分,--,,,,,,,,,,,,,,,,7,--,在校學業,16%,--,學測英文,--,--,學測自然,--,--,學測英自,--,--,學測國文,--,--,學測數A,--,--,化學學業,--,--
第一至七類學群,013,國立陽明交通大學,01328,生物醫學影像暨放射科學系,,一般,5,5,均標,10級分,前標,11級分,前標,9級分,--,--,--,--,前標,12級分,--,,,,,,,,,,,,,,,,1,4,在校學業,11%,16%,學測數A,--,--,學測英文,--,--,學測自然,--,--,學測國文,--,--,數學學業,--,--,化學學業,--,--
第一至七類學群,013,國立陽明交通大學,01328,生物醫學影像暨放射科學系,,外加,1,0,均標,10級分,前標,11級分,前標,9級分,--,--,--,--,前標,12級分,--,,,,,,,,,,,,,,,,0,--,在校學業,--,--,學測數A,--,--,學測英文,--,--,學測自然,--,--,學測國文,--,--,數學學業,--,--,化學學業,--,--
第一至七類學群,013,國立陽明交通大學,01329,護理學系,,一般,5,5,--,--,均標,8級分,後標,4級分,--,--,--,--,均標,9級分,--,,,,,,,,,,,,,,,,4,1,在校學業,3%,10%,學測英自,--,--,生物學業,--,--,英語文學業,--,--,數學學業,--,--,學測自然,--,--,學測英文,--,--
第一至七類學群,013,國立陽明交通大學,01330,物理治療暨輔助科技學系,,一般,5,5,均標,10級分,前標,11級分,均標,6級分,--,--,--,--,前標,12級分,--,,,,,,,,,,,,,,,,2,3,在校學業,6%,4%,學測國英數A自,--,--,學測自然,--,--,學測英文,--,--,學測數A,--,--,學測國文,--,--,英語文學業,--,--
第一至七類學群,013,國立陽明交通大學,01331,生命科學系暨基因體科學研究所,,一般,4,4,均標,10級分,前標,11級分,均標,6級分,--,--,--,--,前標,12級分,--,,,,,,,,,,,,,,,,4,--,在校學業,10%,--,學測自然,--,--,學測英文,--,--,學測數A,--,--,生物學業,--,--,英語文學業,--,--,化學學業,--,--
第一至七類學群,013,國立陽明交通大學,01332,藥學系,,一般,3,3,均標,10級分,前標,11級分,均標,6級分,--,--,--,--,前標,12級分,--,,,,,,,,,,,,,,,,3,--,在校學業,1%,--,學測國英數A自,46,--,學測英文,12,--,學測自然,--,--,學測數A,--,--,英語文學業,--,--,化學學業,--,--
第一至七類學群,013,國立陽明交通大學,01333,學士班大一大二不分系,,一般,3,3,--,--,前標,11級分,前標,9級分,--,--,--,--,前標,12級分,--,,,,,,,,,,,,,,,,1,2,在校學業,1%,8%,學測自然,--,14,學測數A,--,--,學測英文,--,--,生物學業,--,--,化學學業,--,--,英語文學業,--,--
第一至七類學群,013,國立陽明交通大學,01334,中醫學系,,一般,4,4,前標,12級分,前標,11級分,前標,9級分,--,--,--,--,前標,12級分,--,,,,,,,,,,,,,,,,4,--,在校學業,3%,--,學測國英數A自,58,--,學測自然,--,--,學測數A,--,--,學測國文,--,--,學測英文,--,--,數學學業,--,--
第一至七類學群,014,淡江大學,01401,中國文學學系,,一般,5,4,後標,9級分,--,--,--,--,--,--,--,--,--,--,--,,,,,,,,,,,,,,,,1,3,在校學業,13%,45%,學測國文,--,--,學測社會,--,--,國語文學業,--,--,歷史學業,--,--,地理學業,--,--,公社學業,--,--
第一至七類學群,014,淡江大學,01401,中國文學學系,,外加,2,0,後標,9級分,--,--,--,--,--,--,--,--,--,--,--,,,,,,,,,,,,,,,,0,--,在校學業,--,--,學測國文,--,--,學測社會,--,--,國語文學業,--,--,歷史學業,--,--,地理學業,--,--,公社學業,--,--
第一至七類學群,014,淡江大學,01402,歷史學系,,一般,1,1,--,--,--,--,--,--,--,--,後標,8級分,--,--,--,,,,,,,,,,,,,,,,0,1,在校學業,--,16%,學測國文,--,--,學測社會,--,--,學測英文,--,--,歷史學業,--,--,國語文學業,--,--,公社學業,--,--
第一至七類學群,014,淡江大學,01402,歷史學系,,外加,2,0,--,--,--,--,--,--,--,--,後標,8級分,--,--,--,,,,,,,,,,,,,,,,0,--,在校學業,--,--,學測國文,--,--,學測社會,--,--,學測英文,--,--,歷史學業,--,--,國語文學業,--,--,公社學業,--,--
第一至七類學群,014,淡江大學,01403,資訊與圖書館學系,,一般,5,5,後標,9級分,後標,4級分,--,--,--,--,--,--,--,--,--,,,,,,,,,,,,,,,,3,2,在校學業,34%,14%,學測英文,--,--,學測國文,--,--,英語文學業,--,--,國語文學業,--,--,數學學業,--,--,學測社會,--,--
第一至七類學群,014,淡江大學,01403,資訊與圖書館學系,,外加,2,0,後標,9級分,後標,4級分,--,--,--,--,--,--,--,--,--,,,,,,,,,,,,,,,,0,--,在校學業,--,--,學測英文,--,--,學測國文,--,--,英語文學業,--,--,國語文學業,--,--,數學學業,--,--,學測社會,--,--
第一至七類學群,014,淡江大學,01404,大眾傳播學系,,一般,22,15,後標,9級分,--,--,--,--,--,--,--,--,--,--,--,,,,,,,,,,,,,,,,2,13,在校學業,25%,40%,學測英文,--,--,學測國文,--,--,學測社會,--,--,國語文學業,--,--,英語文學業,--,--,公社學業,--,--
第一至七類學群,014,淡江大學,01404,大眾傳播學系,,外加,1,0,後標,9級分,--,--,--,--,--,--,--,--,--,--,--,,,,,,,,,,,,,,,,0,--,在校學業,--,--,學測英文,--,--,學測國文,--,--,學測社會,--,--,國語文學業,--,--,英語文學業,--,--,公社學業,--,--
第一至七類學群,014,淡江大學,01405,資訊傳播學系,,一般,7,6,後標,9級分,--,--,--,--,--,--,--,--,--,--,--,,,,,,,,,,,,,,,,3,3,在校學業,20%,25%,學測國文,--,--,學測英文,--,--,學測社會,--,--,國語文學業,--,--,英語文學業,--,--,數學學業,--,--
第一至七類學群,014,淡江大學,01405,資訊傳播學系,,外加,1,0,後標,9級分,--,--,--,--,--,--,--,--,--,--,--,,,,,,,,,,,,,,,,0,--,在校學業,--,--,學測國文,--,--,學測英文,--,--,學測社會,--,--,國語文學業,--,--,英語文學業,--,--,數學學業,--,--
第一至七類學群,014,淡江大學,01406,教育科技學系,,一般,3,3,後標,9級分,--,--,--,--,--,--,--,--,--,--,--,,,,,,,,,,,,,,,,1,2,在校學業,23%,22%,學測國文,--,--,學測英文,--,--,學測社會,--,--,國語文學業,--,--,英語文學業,--,--,地理學業,--,--
第一至七類學群,014,淡江大學,01406,教育科技學系,,外加,5,0,後標,9級分,--,--,--,--,--,--,--,--,--,--,--,,,,,,,,,,,,,,,,0,--,在校學業,--,--,學測國文,--,--,學測英文,--,--,學測社會,--,--,國語文學業,--,--,英語文學業,--,--,地理學業,--,--
第一至七類學群,014,淡江大學,01407,教育與未來設計學系,,一般,2,2,後標,9級分,--,--,--,--,--,--,--,--,--,--,--,,,,,,,,,,,,,,,,2,--,在校學業,40%,--,學測英文,--,--,學測國文,--,--,英語文學業,--,--,國語文學業,--,--,學測社會,--,--,公社學業,--,--
第一至七類學群,014,淡江大學,01407,教育與未來設計學系,,外加,1,0,後標,9級分,--,--,--,--,--,--,--,--,--,--,--,,,,,,,,,,,,,,,,0,--,在校學業,--,--,學測英文,--,--,學測國文,--,--,英語文學業,--,--,國語文學業,--,--,學測社會,--,--,公社學業,--,--
第一至七類學群,014,淡江大學,01408,英文學系,,一般,15,15,--,--,後標,4級分,--,--,--,--,--,--,--,--,--,,,,,,,,,,,,,,,,4,11,在校學業,30%,38%,學測英文,--,--,學測國文,--,--,學測社會,--,--,英語文學業,--,--,國語文學業,--,--,公社學業,--,--
第一至七類學群,014,淡江大學,01408,英文學系,,外加,1,0,--,--,後標,4級分,--,--,--,--,--,--,--,--,--,,,,,,,,,,,,,,,,0,--,在校學業,--,--,學測英文,--,--,學測國文,--,--,學測社會,--,--,英語文學業,--,--,國語文學業,--,--,公社學業,--,--
第一至七類學群,014,淡江大學,01409,英文學系全英語學士班,,一般,2,1,--,--,後標,4級分,--,--,--,--,--,--,--,--,--,,,,,,,,,,,,,,,,0,1,在校學業,--,36%,學測英文,--,--,學測國文,--,--,學測社會,--,--,英語文學業,--,--,國語文學業,--,--,公社學業,--,--
第一至七類學群,014,淡江大學,01410,歐洲語文學系法文組,,一般,3,3,--,--,後標,4級分,--,--,--,--,--,--,--,--,--,,,,,,,,,,,,,,,,1,2,在校學業,7%,39%,英語文學業,--,--,學測英文,--,--,學測國英,--,--,國語文學業,--,--,學測國文,--,--,歷史學業,--,--
第一至七類學群,014,淡江大學,01410,歐洲語文學系法文組,,外加,2,0,--,--,後標,4級分,--,--,--,--,--,--,--,--,--,,,,,,,,,,,,,,,,0,--,在校學業,--,--,英語文學業,--,--,學測英文,--,--,學測國英,--,--,國語文學業,--,--,學測國文,--,--,歷史學業,--,--
第一至七類學群,014,淡江大學,01411,歐洲語文學系德文組,,一般,3,3,--,--,後標,4級分,--,--,--,--,--,--,--,--,--,,,,,,,,,,,,,,,,1,2,在校學業,13%,24%,英語文學業,--,--,學測英文,--,--,學測國英,--,--,國語文學業,--,--,學測國文,--,--,歷史學業,--,--
第一至七類學群,014,淡江大學,01411,歐洲語文學系德文組,,外加,2,0,--,--,後標,4級分,--,--,--,--,--,--,--,--,--,,,,,,,,,,,,,,,,0,--,在校學業,--,--,英語文學業,--,--,學測英文,--,--,學測國英,--,--,國語文學業,--,--,學測國文,--,--,歷史學業,--,--
第一至七類學群,014,淡江大學,01412,歐洲語文學系西文組,,一般,6,6,--,--,後標,4級分,--,--,--,--,--,--,--,--,--,,,,,,,,,,,,,,,,3,3,在校學業,19%,43%,英語文學業,--,--,學測英文,--,--,學測國英,--,--,國語文學業,--,--,學測國文,--,--,歷史學業,--,--
第一至七類學群,014,淡江大學,01412,歐洲語文學系西文組,,外加,3,0,--,--,後標,4級分,--,--,--,--,--,--,--,--,--,,,,,,,,,,,,,,,,0,--,在校學業,--,--,英語文學業,--,--,學測英文,--,--,學測國英,--,--,國語文學業,--,--,學測國文,--,--,歷史學業,--,--
第一至七類學群,014,淡江大學,01413,歐洲語文學系俄文組,,一般,2,2,--,--,後標,4級分,--,--,--,--,--,--,--,--,--,,,,,,,,,,,,,,,,0,2,在校學業,--,46%,英語文學業,--,--,學測英文,--,--,學測國英,--,--,國語文學業,--,--,學測國文,--,--,歷史學業,--,--
第一至七類學群,014,淡江大學,01413,歐洲語文學系俄文組,,外加,2,0,--,--,後標,4級分,--,--,--,--,--,--,--,--,--,,,,,,,,,,,,,,,,0,--,在校學業,--,--,英語文學業,--,--,學測英文,--,--,學測國英,--,--,國語文學業,--,--,學測國文,--,--,歷史學業,--,--
第一至七類學群,014,淡江大學,01414,日本語文學系,,一般,24,21,均標,10級分,--,--,--,--,--,--,--,--,--,--,--,,,,,,,,,,,,,,,,8,13,在校學業,43%,44%,學測國文,--,--,學測社會,--,--,學測英文,--,--,國語文學業,--,--,歷史學業,--,--,公社學業,--,--
第一至七類學群,014,淡江大學,01414,日本語文學系,,外加,2,1,均標,10級分,--,--,--,--,--,--,--,--,--,--,--,,,,,,,,,,,,,,,,1,--,在校學業,22%,--,學測國文,--,--,學測社會,--,--,學測英文,--,--,國語文學業,--,--,歷史學業,--,--,公社學業,--,--
第一至七類學群,014,淡江大學,01415,財務金融學系,,一般,52,52,--,--,--,--,--,--,後標,4級分,--,--,--,--,--,,,,,,,,,,,,,,,,52,--,在校學業,27%,--,學測數B,11,--,學測英文,--,--,學測國文,--,--,英語文學業,--,--,數學學業,--,--,國語文學業,--,--
第一至七類學群,014,淡江大學,01415,財務金融學系,,外加,2,2,--,--,--,--,--,--,後標,4級分,--,--,--,--,--,,,,,,,,,,,,,,,,2,--,在校學業,50%,--,學測數B,--,--,學測英文,--,--,學測國文,--,--,英語文學業,--,--,數學學業,--,--,國語文學業,--,--
第一至七類學群,014,淡江大學,01416,財務金融學系全球財務管理全英語學士班,,一般,10,10,--,--,後標,4級分,--,--,--,--,--,--,--,--,--,,,,,,,,,,,,,,,,3,7,在校學業,38%,29%,學測英文,--,--,學測國文,--,--,學測數B,--,--,英語文學業,--,--,數學學業,--,--,國語文學業,--,--
第一至七類學群,014,淡江大學,01416,財務金融學系全球財務管理全英語學士班,,外加,1,0,--,--,後標,4級分,--,--,--,--,--,--,--,--,--,,,,,,,,,,,,,,,,0,--,在校學業,--,--,學測英文,--,--,學測國文,--,--,學測數B,--,--,英語文學業,--,--,數學學業,--,--,國語文學業,--,--
第一至七類學群,014,淡江大學,01417,國際企業學系經貿管理組,,一般,33,33,--,--,底標,3級分,--,--,--,--,--,--,--,--,--,,,,,,,,,,,,,,,,22,11,在校學業,39%,20%,學測國英數B,--,--,學測英文,--,--,學測國文,--,--,學測數B,--,--,學測社會,--,--,英語文學業,--,--
第一至七類學群,014,淡江大學,01417,國際企業學系經貿管理組,,外加,5,0,--,--,底標,3級分,--,--,--,--,--,--,--,--,--,,,,,,,,,,,,,,,,0,--,在校學業,--,--,學測國英數B,--,--,學測英文,--,--,學測國文,--,--,學測數B,--,--,學測社會,--,--,英語文學業,--,--
第一至七類學群,014,淡江大學,01418,國際企業學系國際商學全英語組,,一般,5,5,--,--,後標,4級分,--,--,--,--,--,--,--,--,--,,,,,,,,,,,,,,,,2,3,在校學業,22%,10%,學測國英數B,--,--,學測英文,--,--,學測國文,--,--,學測數B,--,--,學測社會,--,--,英語文學業,--,--
第一至七類學群,014,淡江大學,01418,國際企業學系國際商學全英語組,,外加,2,0,--,--,後標,4級分,--,--,--,--,--,--,--,--,--,,,,,,,,,,,,,,,,0,--,在校學業,--,--,學測國英數B,--,--,學測英文,--,--,學測國文,--,--,學測數B,--,--,學測社會,--,--,英語文學業,--,--
第一至七類學群,014,淡江大學,01419,風險管理與保險學系,,一般,10,6,--,--,後標,4級分,--,--,--,--,--,--,--,--,--,,,,,,,,,,,,,,,,0,6,在校學業,--,48%,學測英文,--,--,學測國文,--,--,學測數B,--,--,英語文學業,--,--,國語文學業,--,--,數學學業,--,--
第一至七類學群,014,淡江大學,01419,風險管理與保險學系,,外加,5,0,--,--,後標,4級分,--,--,--,--,--,--,--,--,--,,,,,,,,,,,,,,,,0,--,在校學業,--,--,學測英文,--,--,學測國文,--,--,學測數B,--,--,英語文學業,--,--,國語文學業,--,--,數學學業,--,--
第一至七類學群,014,淡江大學,01420,經濟學系,,一般,25,25,--,--,--,--,--,--,後標,4級分,--,--,--,--,--,,,,,,,,,,,,,,,,4,21,在校學業,31%,31%,學測英文,--,--,學測數B,--,--,學測國文,--,--,英語文學業,--,--,數學學業,--,--,國語文學業,--,--
第一至七類學群,014,淡江大學,01420,經濟學系,,外加,8,0,--,--,--,--,--,--,後標,4級分,--,--,--,--,--,,,,,,,,,,,,,,,,0,--,在校學業,--,--,學測英文,--,--,學測數B,--,--,學測國文,--,--,英語文學業,--,--,數學學業,--,--,國語文學業,--,--
第一至七類學群,014,淡江大學,01421,會計學系,,一般,50,50,--,--,--,--,--,--,後標,4級分,--,--,--,--,--,,,,,,,,,,,,,,,,20,30,在校學業,46%,29%,學測英文,--,11,學測數B,--,--,學測國文,--,--,學測社會,--,--,英語文學業,--,--,公社學業,--,--
第一至七類學群,014,淡江大學,01421,會計學系,,外加,2,1,--,--,--,--,--,--,後標,4級分,--,--,--,--,--,,,,,,,,,,,,,,,,1,--,在校學業,41%,--,學測英文,--,--,學測數B,--,--,學測國文,--,--,學測社會,--,--,英語文學業,--,--,公社學業,--,--
第一至七類學群,014,淡江大學,01422,企業管理學系,,一般,46,46,--,--,後標,4級分,--,--,--,--,--,--,--,--,--,,,,,,,,,,,,,,,,10,36,在校學業,46%,42%,學測英文,--,--,學測國文,--,--,學測數B,--,--,英語文學業,--,--,國語文學業,--,--,數學學業,--,--
第一至七類學群,014,淡江大學,01422,企業管理學系,,外加,1,0,--,--,後標,4級分,--,--,--,--,--,--,--,--,--,,,,,,,,,,,,,,,,0,--,在校學業,--,--,學測英文,--,--,學測國文,--,--,學測數B,--,--,英語文學業,--,--,國語文學業,--,--,數學學業,--,--
第一至七類學群,014,淡江大學,01423,企業管理學系全英語學士班,,一般,5,2,--,--,均標,8級分,--,--,--,--,--,--,--,--,--,,,,,,,,,,,,,,,,0,2,在校學業,--,44%,學測英文,--,--,學測國文,--,--,英語文學業,--,--,國語文學業,--,--,歷史學業,--,--,地理學業,--,--
第一至七類學群,014,淡江大學,01424,統計與資料科學學系,,一般,11,11,--,--,--,--,--,--,底標,3級分,--,--,--,--,--,,,,,,,,,,,,,,,,5,6,在校學業,20%,32%,數學學業,--,--,學測國英數B,--,--,學測數B,--,--,學測英文,--,--,學測國文,--,--,英語文學業,--,--
第一至七類學群,014,淡江大學,01425,資訊管理學系,,一般,40,40,--,--,--,--,--,--,後標,4級分,--,--,--,--,--,,,,,,,,,,,,,,,,9,31,在校學業,41%,45%,學測數B,--,6,學測英文,--,--,學測國文,--,--,數學學業,--,--,英語文學業,--,--,國語文學業,--,--
第一至七類學群,014,淡江大學,01425,資訊管理學系,,外加,2,0,--,--,--,--,--,--,後標,4級分,--,--,--,--,--,,,,,,,,,,,,,,,,0,--,在校學業,--,--,學測數B,--,--,學測英文,--,--,學測國文,--,--,數學學業,--,--,英語文學業,--,--,國語文學業,--,--
第一至七類學群,014,淡江大學,01426,運輸管理學系,,一般,11,11,--,--,--,--,--,--,底標,3級分,--,--,--,--,--,,,,,,,,,,,,,,,,2,9,在校學業,44%,47%,學測國英數B社,--,--,學測數B,--,--,學測英文,--,--,學測國文,--,--,數學學業,--,--,英語文學業,--,--
第一至七類學群,014,淡江大學,01426,運輸管理學系,,外加,4,1,--,--,--,--,--,--,底標,3級分,--,--,--,--,--,,,,,,,,,,,,,,,,0,1,在校學業,--,47%,學測國英數B社,--,--,學測數B,--,--,學測英文,--,--,學測國文,--,--,數學學業,--,--,英語文學業,--,--
第一至七類學群,014,淡江大學,01427,公共行政學系,,一般,28,28,--,--,--,--,--,--,--,--,後標,8級分,--,--,--,,,,,,,,,,,,,,,,11,17,在校學業,31%,39%,學測社會,--,--,學測國文,--,--,學測英文,--,--,公社學業,--,--,國語文學業,--,--,英語文學業,--,--
第一至七類學群,014,淡江大學,01427,公共行政學系,,外加,3,2,--,--,--,--,--,--,--,--,後標,8級分,--,--,--,,,,,,,,,,,,,,,,2,--,在校學業,43%,--,學測社會,--,--,學測國文,--,--,學測英文,--,--,公社學業,--,--,國語文學業,--,--,英語文學業,--,--
第一至七類學群,014,淡江大學,01428,管理科學學系,,一般,4,4,--,--,--,--,--,--,底標,3級分,--,--,--,--,--,,,,,,,,,,,,,,,,0,4,在校學業,--,48%,學測國文,--,--,學測數B,--,--,學測英文,--,--,英語文學業,--,--,數學學業,--,--,國語文學業,--,--
第一至七類學群,014,淡江大學,01428,管理科學學系,,外加,2,0,--,--,--,--,--,--,底標,3級分,--,--,--,--,--,,,,,,,,,,,,,,,,0,--,在校學業,--,--,學測國文,--,--,學測數B,--,--,學測英文,--,--,英語文學業,--,--,數學學業,--,--,國語文學業,--,--
第一至七類學群,014,淡江大學,01429,外交與國際關係學系全英語學士班,,一般,3,3,--,--,均標,8級分,--,--,--,--,--,--,--,--,--,,,,,,,,,,,,,,,,3,--,在校學業,50%,--,學測英文,--,--,英語文學業,--,--,學測國文,--,--,學測社會,--,--,公社學業,--,--,歷史學業,--,--
第一至七類學群,014,淡江大學,01429,外交與國際關係學系全英語學士班,,外加,2,0,--,--,均標,8級分,--,--,--,--,--,--,--,--,--,,,,,,,,,,,,,,,,0,--,在校學業,--,--,學測英文,--,--,英語文學業,--,--,學測國文,--,--,學測社會,--,--,公社學業,--,--,歷史學業,--,--
第一至七類學群,014,淡江大學,01430,國際觀光管理學系全英語學士班,,一般,2,2,--,--,後標,4級分,--,--,--,--,--,--,--,--,--,,,,,,,,,,,,,,,,2,--,在校學業,40%,--,學測英文,8,--,英語文學業,--,--,國語文學業,--,--,歷史學業,--,--,地理學業,--,--,公社學業,--,--
第一至七類學群,014,淡江大學,01431,全球政治經濟學系全英語學士班,,一般,2,1,--,--,後標,4級分,--,--,--,--,--,--,--,--,--,,,,,,,,,,,,,,,,0,1,在校學業,--,43%,學測英文,--,--,英語文學業,--,--,學測國文,--,--,學測社會,--,--,國語文學業,--,--,公社學業,--,--
第一至七類學群,014,淡江大學,01432,應用數學與數據科學學系,,一般,6,6,--,--,--,--,底標,3級分,--,--,--,--,--,--,--,,,,,,,,,,,,,,,,1,5,在校學業,5%,37%,學測數A,--,--,學測英文,--,--,學測自然,--,--,數學學業,--,--,英語文學業,--,--,物理學業,--,--
第一至七類學群,014,淡江大學,01432,應用數學與數據科學學系,,外加,1,0,--,--,--,--,底標,3級分,--,--,--,--,--,--,--,,,,,,,,,,,,,,,,0,--,在校學業,--,--,學測數A,--,--,學測英文,--,--,學測自然,--,--,數學學業,--,--,英語文學業,--,--,物理學業,--,--
第一至七類學群,014,淡江大學,01433,化學學系,,一般,11,11,--,--,後標,4級分,--,--,--,--,--,--,後標,7級分,--,,,,,,,,,,,,,,,,5,6,在校學業,40%,22%,學測自然,--,11,化學學業,--,--,英語文學業,--,--,數學學業,--,--,生物學業,--,--,國語文學業,--,--
第一至七類學群,014,淡江大學,01433,化學學系,,外加,1,0,--,--,後標,4級分,--,--,--,--,--,--,後標,7級分,--,,,,,,,,,,,,,,,,0,--,在校學業,--,--,學測自然,--,--,化學學業,--,--,英語文學業,--,--,數學學業,--,--,生物學業,--,--,國語文學業,--,--
第一至七類學群,014,淡江大學,01434,物理學系(量子材料組),,一般,4,4,--,--,--,--,後標,4級分,--,--,--,--,--,--,--,,,,,,,,,,,,,,,,2,2,在校學業,33%,22%,物理學業,--,--,數學學業,--,--,學測數A,--,--,學測自然,--,--,學測英文,--,--,英語文學業,--,--
第一至七類學群,014,淡江大學,01434,物理學系(量子材料組),,外加,1,0,--,--,--,--,後標,4級分,--,--,--,--,--,--,--,,,,,,,,,,,,,,,,0,--,在校學業,--,--,物理學業,--,--,數學學業,--,--,學測數A,--,--,學測自然,--,--,學測英文,--,--,英語文學業,--,--
第一至七類學群,014,淡江大學,01435,物理學系(天文與基礎物理組),,一般,2,2,--,--,--,--,--,--,--,--,--,--,後標,7級分,--,,,,,,,,,,,,,,,,1,1,在校學業,14%,26%,物理學業,--,--,數學學業,--,--,學測數A,--,--,學測自然,--,--,學測英文,--,--,英語文學業,--,--
第一至七類學群,014,淡江大學,01435,物理學系(天文與基礎物理組),,外加,1,0,--,--,--,--,--,--,--,--,--,--,後標,7級分,--,,,,,,,,,,,,,,,,0,--,在校學業,--,--,物理學業,--,--,數學學業,--,--,學測數A,--,--,學測自然,--,--,學測英文,--,--,英語文學業,--,--
第一至七類學群,014,淡江大學,01436,建築學系,,一般,15,15,後標,9級分,後標,4級分,後標,4級分,後標,4級分,--,--,--,--,--,,,,,,,,,,,,,,,,15,--,在校學業,24%,--,學測國英,--,--,學測英文,--,--,學測國文,--,--,英語文學業,--,--,國語文學業,--,--,數學學業,--,--
第一至七類學群,014,淡江大學,01436,建築學系,,外加,2,0,後標,9級分,後標,4級分,後標,4級分,後標,4級分,--,--,--,--,--,,,,,,,,,,,,,,,,0,--,在校學業,--,--,學測國英,--,--,學測英文,--,--,學測國文,--,--,英語文學業,--,--,國語文學業,--,--,數學學業,--,--
第一至七類學群,014,淡江大學,01437,土木工程學系,,一般,15,15,--,--,--,--,--,--,--,--,--,--,後標,7級分,--,,,,,,,,,,,,,,,,3,12,在校學業,27%,42%,物理學業,--,--,數學學業,--,--,學測數A,--,--,學測國文,--,--,學測英文,--,--,國語文學業,--,--
第一至七類學群,014,淡江大學,01437,土木工程學系,,外加,2,0,--,--,--,--,--,--,--,--,--,--,後標,7級分,--,,,,,,,,,,,,,,,,0,--,在校學業,--,--,物理學業,--,--,數學學業,--,--,學測數A,--,--,學測國文,--,--,學測英文,--,--,國語文學業,--,--
第一至七類學群,014,淡江大學,01438,資訊工程學系,,一般,45,45,--,--,--,--,後標,4級分,--,--,--,--,--,--,--,,,,,,,,,,,,,,,,34,11,在校學業,49%,14%,學測數A,--,12,學測英文,--,--,學測國文,--,--,數學學業,--,--,英語文學業,--,--,國語文學業,--,--
第一至七類學群,014,淡江大學,01438,資訊工程學系,,外加,1,1,--,--,--,--,後標,4級分,--,--,--,--,--,--,--,,,,,,,,,,,,,,,,1,--,在校學業,34%,--,學測數A,--,--,學測英文,--,--,學測國文,--,--,數學學業,--,--,英語文學業,--,--,國語文學業,--,--
第一至七類學群,014,淡江大學,01439,資訊工程學系全英語學士班,,一般,5,5,--,--,後標,4級分,--,--,後標,4級分,--,--,--,--,--,,,,,,,,,,,,,,,,1,4,在校學業,30%,26%,學測英文,--,--,英語文學業,--,--,學測數B,--,--,學測國文,--,--,數學學業,--,--,國語文學業,--,--
第一至七類學群,014,淡江大學,01440,機械與機電工程學系,,一般,22,22,--,--,--,--,底標,3級分,--,--,--,--,--,--,--,,,,,,,,,,,,,,,,5,17,在校學業,29%,33%,學測自然,--,--,學測英文,--,--,數學學業,--,--,物理學業,--,--,化學學業,--,--,國語文學業,--,--
第一至七類學群,014,淡江大學,01440,機械與機電工程學系,,外加,5,0,--,--,--,--,底標,3級分,--,--,--,--,--,--,--,,,,,,,,,,,,,,,,0,--,在校學業,--,--,學測自然,--,--,學測英文,--,--,數學學業,--,--,物理學業,--,--,化學學業,--,--,國語文學業,--,--
第一至七類學群,014,淡江大學,01441,電機工程學系電機資訊組,,一般,20,20,--,--,--,--,後標,4級分,均標,6級分,--,--,--,--,--,,,,,,,,,,,,,,,,16,4,在校學業,41%,14%,學測自然,--,12,學測英文,--,--,學測國英自,--,--,數學學業,--,--,國語文學業,--,--,英語文學業,--,--
第一至七類學群,014,淡江大學,01441,電機工程學系電機資訊組,,外加,1,0,--,--,--,--,後標,4級分,均標,6級分,--,--,--,--,--,,,,,,,,,,,,,,,,0,--,在校學業,--,--,學測自然,--,--,學測英文,--,--,學測國英自,--,--,數學學業,--,--,國語文學業,--,--,英語文學業,--,--
第一至七類學群,014,淡江大學,01442,電機工程學系電機通訊組,,一般,12,12,--,--,--,--,後標,4級分,均標,6級分,--,--,--,--,--,,,,,,,,,,,,,,,,2,10,在校學業,19%,21%,學測自然,--,--,學測英文,--,--,學測國英自,--,--,數學學業,--,--,國語文學業,--,--,英語文學業,--,--
第一至七類學群,014,淡江大學,01442,電機工程學系電機通訊組,,外加,1,0,--,--,--,--,後標,4級分,均標,6級分,--,--,--,--,--,,,,,,,,,,,,,,,,0,--,在校學業,--,--,學測自然,--,--,學測英文,--,--,學測國英自,--,--,數學學業,--,--,國語文學業,--,--,英語文學業,--,--
第一至七類學群,014,淡江大學,01443,電機工程學系電機與系統組,,一般,12,12,--,--,--,--,後標,4級分,均標,6級分,--,--,--,--,--,,,,,,,,,,,,,,,,2,10,在校學業,13%,16%,學測自然,--,--,學測英文,--,--,學測國英自,--,--,數學學業,--,--,國語文學業,--,--,英語文學業,--,--
第一至七類學群,014,淡江大學,01443,電機工程學系電機與系統組,,外加,1,0,--,--,--,--,後標,4級分,均標,6級分,--,--,--,--,--,,,,,,,,,,,,,,,,0,--,在校學業,--,--,學測自然,--,--,學測英文,--,--,學測國英自,--,--,數學學業,--,--,國語文學業,--,--,英語文學業,--,--
第一至七類學群,014,淡江大學,01444,化學工程與材料工程學系,,一般,30,30,--,--,--,--,--,--,--,--,--,--,後標,7級分,--,,,,,,,,,,,,,,,,16,14,在校學業,43%,16%,學測英數A自,--,27,學測自然,--,--,學測數A,--,--,數學學業,--,--,化學學業,--,--,物理學業,--,--
第一至七類學群,014,淡江大學,01444,化學工程與材料工程學系,,外加,1,0,--,--,--,--,--,--,--,--,--,--,後標,7級分,--,,,,,,,,,,,,,,,,0,--,在校學業,--,--,學測英數A自,--,--,學測自然,--,--,學測數A,--,--,數學學業,--,--,化學學業,--,--,物理學業,--,--
第一至七類學群,014,淡江大學,01445,航空太空工程學系,,一般,34,34,--,--,--,--,後標,4級分,後標,4級分,--,--,--,--,--,,,,,,,,,,,,,,,,5,29,在校學業,41%,37%,學測自然,--,--,學測英文,--,--,數學學業,--,--,物理學業,--,--,英語文學業,--,--,學測國文,--,--
第一至七類學群,014,淡江大學,01445,航空太空工程學系,,外加,2,0,--,--,--,--,後標,4級分,後標,4級分,--,--,--,--,--,,,,,,,,,,,,,,,,0,--,在校學業,--,--,學測自然,--,--,學測英文,--,--,數學學業,--,--,物理學業,--,--,英語文學業,--,--,學測國文,--,--
第一至七類學群,014,淡江大學,01446,水資源及環境工程學系,,一般,5,5,--,--,--,--,後標,4級分,--,--,--,--,後標,7級分,--,,,,,,,,,,,,,,,,0,5,在校學業,--,39%,學測數A自,--,--,學測數A,--,--,數學學業,--,--,英語文學業,--,--,物理學業,--,--,國語文學業,--,--
第一至七類學群,014,淡江大學,01446,水資源及環境工程學系,,外加,2,0,--,--,--,--,後標,4級分,--,--,--,--,後標,7級分,--,,,,,,,,,,,,,,,,0,--,在校學業,--,--,學測數A自,--,--,學測數A,--,--,數學學業,--,--,英語文學業,--,--,物理學業,--,--,國語文學業,--,--
第一至七類學群,014,淡江大學,01447,人工智慧學系,,一般,28,28,--,--,--,--,後標,4級分,均標,6級分,--,--,--,--,--,,,,,,,,,,,,,,,,0,28,在校學業,--,36%,數學學業,--,36%,英語文學業,--,--,學測英文,--,--,學測國文,--,--,物理學業,--,--,國語文學業,--,--
第一至七類學群,014,淡江大學,01447,人工智慧學系,,外加,1,0,--,--,--,--,後標,4級分,均標,6級分,--,--,--,--,--,,,,,,,,,,,,,,,,0,--,在校學業,--,--,數學學業,--,--,英語文學業,--,--,學測英文,--,--,學測國文,--,--,物理學業,--,--,國語文學業,--,--
第一至七類學群,015,逢甲大學,01501,會計學系,,一般,33,33,--,--,後標,4級分,--,--,後標,4級分,--,--,--,--,--,,,,,,,,,,,,,,,,14,19,在校學業,41%,23%,學測數B,--,9,學測國文,--,--,學測英文,--,--,學測社會,--,--,學測國英數B社,--,--,英語文學業,--,--
第一至七類學群,015,逢甲大學,01501,會計學系,,外加,1,1,--,--,後標,4級分,--,--,後標,4級分,--,--,--,--,--,,,,,,,,,,,,,,,,1,--,在校學業,35%,--,學測數B,--,--,學測國文,--,--,學測英文,--,--,學測社會,--,--,學測國英數B社,--,--,英語文學業,--,--
第一至七類學群,015,逢甲大學,01502,國際經營與貿易學系,,一般,30,30,--,--,均標,8級分,--,--,後標,4級分,後標,8級分,--,--,--,,,,,,,,,,,,,,,,3,27,在校學業,18%,32%,學測國英數B社,--,--,學測英文,--,--,學測國文,--,--,學測數B,--,--,英語文學業,--,--,國語文學業,--,--
第一至七類學群,015,逢甲大學,01502,國際經營與貿易學系,,外加,1,0,--,--,均標,8級分,--,--,後標,4級分,後標,8級分,--,--,--,,,,,,,,,,,,,,,,0,--,在校學業,--,--,學測國英數B社,--,--,學測英文,--,--,學測國文,--,--,學測數B,--,--,英語文學業,--,--,國語文學業,--,--
第一至七類學群,015,逢甲大學,01503,國際企業管理全英語學士學位學程,,一般,3,3,--,--,均標,8級分,--,--,後標,4級分,--,--,--,--,--,,,,,,,,,,,,,,,,1,2,在校學業,16%,25%,英語文學業,--,--,學測英文,--,--,學測國英數B,--,--,學測數B,--,--,學測國文,--,--,學測社會,--,--
第一至七類學群,015,逢甲大學,01503,國際企業管理全英語學士學位學程,,外加,1,0,--,--,均標,8級分,--,--,後標,4級分,--,--,--,--,--,,,,,,,,,,,,,,,,0,--,在校學業,--,--,英語文學業,--,--,學測英文,--,--,學測國英數B,--,--,學測數B,--,--,學測國文,--,--,學測社會,--,--
第一至七類學群,015,逢甲大學,01504,財稅學系,,一般,20,20,--,--,後標,4級分,--,--,--,--,後標,8級分,--,--,--,,,,,,,,,,,,,,,,8,12,在校學業,44%,23%,學測國英數B,--,--,學測英文,--,--,學測數B,--,--,學測國文,--,--,學測社會,--,--,英語文學業,--,--
第一至七類學群,015,逢甲大學,01504,財稅學系,,外加,1,1,--,--,後標,4級分,--,--,--,--,後標,8級分,--,--,--,,,,,,,,,,,,,,,,1,--,在校學業,30%,--,學測國英數B,--,--,學測英文,--,--,學測數B,--,--,學測國文,--,--,學測社會,--,--,英語文學業,--,--
第一至七類學群,015,逢甲大學,01505,合作經濟暨社會事業經營學系,,一般,15,15,--,--,後標,4級分,--,--,--,--,後標,8級分,--,--,--,,,,,,,,,,,,,,,,1,14,在校學業,9%,33%,學測國英數B社,--,--,學測英文,--,--,學測國文,--,--,學測社會,--,--,英語文學業,--,--,國語文學業,--,--
第一至七類學群,015,逢甲大學,01505,合作經濟暨社會事業經營學系,,外加,1,0,--,--,後標,4級分,--,--,--,--,後標,8級分,--,--,--,,,,,,,,,,,,,,,,0,--,在校學業,--,--,學測國英數B社,--,--,學測英文,--,--,學測國文,--,--,學測社會,--,--,英語文學業,--,--,國語文學業,--,--
第一至七類學群,015,逢甲大學,01506,統計學系商業大數據組,,一般,9,9,--,--,後標,4級分,--,--,均標,6級分,後標,8級分,--,--,--,,,,,,,,,,,,,,,,2,7,在校學業,15%,50%,學測國英數B社,--,--,學測數B,--,--,學測英文,--,--,學測國文,--,--,數學學業,--,--,學測社會,--,--
第一至七類學群,015,逢甲大學,01506,統計學系商業大數據組,,外加,1,0,--,--,後標,4級分,--,--,均標,6級分,後標,8級分,--,--,--,,,,,,,,,,,,,,,,0,--,在校學業,--,--,學測國英數B社,--,--,學測數B,--,--,學測英文,--,--,學測國文,--,--,數學學業,--,--,學測社會,--,--
第一至七類學群,015,逢甲大學,01507,統計學系大數據分析與市場決策組,,一般,8,7,--,--,後標,4級分,--,--,均標,6級分,--,--,--,--,--,,,,,,,,,,,,,,,,0,7,在校學業,--,45%,學測國英數B,--,--,學測數B,--,--,學測英文,--,--,學測國文,--,--,數學學業,--,--,學測社會,--,--
第一至七類學群,015,逢甲大學,01507,統計學系大數據分析與市場決策組,,外加,1,0,--,--,後標,4級分,--,--,均標,6級分,--,--,--,--,--,,,,,,,,,,,,,,,,0,--,在校學業,--,--,學測國英數B,--,--,學測數B,--,--,學測英文,--,--,學測國文,--,--,數學學業,--,--,學測社會,--,--
第一至七類學群,015,逢甲大學,01508,經濟學系,,一般,18,18,--,--,後標,4級分,--,--,後標,4級分,--,--,--,--,--,,,,,,,,,,,,,,,,4,14,在校學業,33%,25%,學測數B,--,11,學測英文,--,--,學測國文,--,--,學測社會,--,--,數學學業,--,--,英語文學業,--,--
第一至七類學群,015,逢甲大學,01508,經濟學系,,外加,1,0,--,--,後標,4級分,--,--,後標,4級分,--,--,--,--,--,,,,,,,,,,,,,,,,0,--,在校學業,--,--,學測數B,--,--,學測英文,--,--,學測國文,--,--,學測社會,--,--,數學學業,--,--,英語文學業,--,--
第一至七類學群,015,逢甲大學,01509,企業管理學系,,一般,20,20,後標,9級分,後標,4級分,--,--,後標,4級分,--,--,--,--,--,,,,,,,,,,,,,,,,4,16,在校學業,27%,23%,學測國英數B,--,23,學測英文,--,7,學測數B,--,--,學測國文,--,--,英語文學業,--,--,數學學業,--,--
第一至七類學群,015,逢甲大學,01509,企業管理學系,,外加,1,0,後標,9級分,後標,4級分,--,--,後標,4級分,--,--,--,--,--,,,,,,,,,,,,,,,,0,--,在校學業,--,--,學測國英數B,--,--,學測英文,--,--,學測數B,--,--,學測國文,--,--,英語文學業,--,--,數學學業,--,--
第一至七類學群,015,逢甲大學,01510,行銷學系,,一般,16,16,後標,9級分,後標,4級分,--,--,--,--,--,--,--,--,--,,,,,,,,,,,,,,,,12,4,在校學業,40%,19%,學測國英,--,19,學測國文,--,--,學測英文,--,--,學測數B,--,--,國語文學業,--,--,英語文學業,--,--
第一至七類學群,015,逢甲大學,01510,行銷學系,,外加,1,0,後標,9級分,後標,4級分,--,--,--,--,--,--,--,--,--,,,,,,,,,,,,,,,,0,--,在校學業,--,--,學測國英,--,--,學測國文,--,--,學測英文,--,--,學測數B,--,--,國語文學業,--,--,英語文學業,--,--
第一至七類學群,015,逢甲大學,01511,中國文學系,,一般,7,7,均標,10級分,後標,4級分,--,--,--,--,--,--,--,--,--,,,,,,,,,,,,,,,,0,7,在校學業,--,48%,學測國文,--,--,學測社會,--,--,學測英文,--,--,國語文學業,--,--,英語文學業,--,--,歷史學業,--,--
第一至七類學群,015,逢甲大學,01511,中國文學系,,外加,1,0,均標,10級分,後標,4級分,--,--,--,--,--,--,--,--,--,,,,,,,,,,,,,,,,0,--,在校學業,--,--,學測國文,--,--,學測社會,--,--,學測英文,--,--,國語文學業,--,--,英語文學業,--,--,歷史學業,--,--
第一至七類學群,015,逢甲大學,01512,外國語文學系,,一般,12,12,後標,9級分,均標,8級分,--,--,--,--,--,--,--,--,--,,,,,,,,,,,,,,,,0,12,在校學業,--,41%,學測英文,--,--,學測國文,--,--,英語文學業,--,--,國語文學業,--,--,歷史學業,--,--,地理學業,--,--
第一至七類學群,015,逢甲大學,01512,外國語文學系,,外加,1,0,後標,9級分,均標,8級分,--,--,--,--,--,--,--,--,--,,,,,,,,,,,,,,,,0,--,在校學業,--,--,學測英文,--,--,學測國文,--,--,英語文學業,--,--,國語文學業,--,--,歷史學業,--,--,地理學業,--,--
第一至七類學群,015,逢甲大學,01513,都市計畫與空間資訊學系,,一般,13,13,後標,9級分,後標,4級分,--,--,--,--,後標,8級分,--,--,--,,,,,,,,,,,,,,,,4,9,在校學業,46%,34%,學測國英社,--,31,學測社會,--,--,國語文學業,--,--,物理學業,--,--,學測英文,--,--,學測數B,--,--
第一至七類學群,015,逢甲大學,01513,都市計畫與空間資訊學系,,外加,1,0,後標,9級分,後標,4級分,--,--,--,--,後標,8級分,--,--,--,,,,,,,,,,,,,,,,0,--,在校學業,--,--,學測國英社,--,--,學測社會,--,--,國語文學業,--,--,物理學業,--,--,學測英文,--,--,學測數B,--,--
第一至七類學群,015,逢甲大學,01514,運輸與物流學系,,一般,14,14,後標,9級分,後標,4級分,--,--,後標,4級分,--,--,--,--,--,,,,,,,,,,,,,,,,4,10,在校學業,22%,34%,學測英文,--,--,學測國文,--,--,學測數B,--,--,學測國英數B,--,--,英語文學業,--,--,國語文學業,--,--
第一至七類學群,015,逢甲大學,01514,運輸與物流學系,,外加,1,0,後標,9級分,後標,4級分,--,--,後標,4級分,--,--,--,--,--,,,,,,,,,,,,,,,,0,--,在校學業,--,--,學測英文,--,--,學測國文,--,--,學測數B,--,--,學測國英數B,--,--,英語文學業,--,--,國語文學業,--,--
第一至七類學群,015,逢甲大學,01515,土地管理學系,,一般,17,17,後標,9級分,後標,4級分,--,--,--,--,後標,8級分,--,--,--,,,,,,,,,,,,,,,,1,16,在校學業,11%,38%,學測國英數B社,--,33,學測國文,--,--,學測社會,--,--,國語文學業,--,--,地理學業,--,--,公社學業,--,--
第一至七類學群,015,逢甲大學,01515,土地管理學系,,外加,1,0,後標,9級分,後標,4級分,--,--,--,--,後標,8級分,--,--,--,,,,,,,,,,,,,,,,0,--,在校學業,--,--,學測國英數B社,--,--,學測國文,--,--,學測社會,--,--,國語文學業,--,--,地理學業,--,--,公社學業,--,--
第一至七類學群,015,逢甲大學,01516,財務金融學系,,一般,22,22,--,--,後標,4級分,--,--,後標,4級分,--,--,--,--,--,,,,,,,,,,,,,,,,22,--,在校學業,16%,--,學測英文,10,--,學測數B,10,--,學測國文,--,--,英語文學業,--,--,數學學業,--,--,國語文學業,--,--
第一至七類學群,015,逢甲大學,01516,財務金融學系,,外加,1,0,--,--,後標,4級分,--,--,後標,4級分,--,--,--,--,--,,,,,,,,,,,,,,,,0,--,在校學業,--,--,學測英文,--,--,學測數B,--,--,學測國文,--,--,英語文學業,--,--,數學學業,--,--,國語文學業,--,--
第一至七類學群,015,逢甲大學,01517,風險管理與保險學系,,一般,15,15,後標,9級分,後標,4級分,--,--,--,--,--,--,--,--,--,,,,,,,,,,,,,,,,3,12,在校學業,31%,32%,學測英文,--,--,學測國文,--,--,學測數B,--,--,英語文學業,--,--,國語文學業,--,--,數學學業,--,--
第一至七類學群,015,逢甲大學,01517,風險管理與保險學系,,外加,1,0,後標,9級分,後標,4級分,--,--,--,--,--,--,--,--,--,,,,,,,,,,,,,,,,0,--,在校學業,--,--,學測英文,--,--,學測國文,--,--,學測數B,--,--,英語文學業,--,--,國語文學業,--,--,數學學業,--,--
第一至七類學群,015,逢甲大學,01518,財務工程與精算學士學位學程,,一般,6,6,--,--,後標,4級分,--,--,後標,4級分,--,--,--,--,--,,,,,,,,,,,,,,,,2,4,在校學業,17%,19%,學測數B,--,7,學測英文,--,--,學測國文,--,--,數學學業,--,--,英語文學業,--,--,國語文學業,--,--
第一至七類學群,015,逢甲大學,01518,財務工程與精算學士學位學程,,外加,1,0,--,--,後標,4級分,--,--,後標,4級分,--,--,--,--,--,,,,,,,,,,,,,,,,0,--,在校學業,--,--,學測數B,--,--,學測英文,--,--,學測國文,--,--,數學學業,--,--,英語文學業,--,--,國語文學業,--,--
第一至七類學群,015,逢甲大學,01519,金融學院學士班,,一般,5,5,--,--,後標,4級分,--,--,後標,4級分,--,--,--,--,--,,,,,,,,,,,,,,,,4,1,在校學業,43%,8%,學測英文,--,--,學測數B,--,--,學測國文,--,--,英語文學業,--,--,數學學業,--,--,國語文學業,--,--
第一至七類學群,015,逢甲大學,01519,金融學院學士班,,外加,1,0,--,--,後標,4級分,--,--,後標,4級分,--,--,--,--,--,,,,,,,,,,,,,,,,0,--,在校學業,--,--,學測英文,--,--,學測數B,--,--,學測國文,--,--,英語文學業,--,--,數學學業,--,--,國語文學業,--,--
第一至七類學群,015,逢甲大學,01520,室內設計學士學位學程,,一般,3,3,均標,10級分,後標,4級分,--,--,--,--,--,--,--,--,--,,,,,,,,,,,,,,,,3,--,在校學業,35%,--,學測國文,--,--,學測英文,--,--,國語文學業,--,--,英語文學業,--,--,學測國英,--,--,公社學業,--,--
第一至七類學群,015,逢甲大學,01520,室內設計學士學位學程,,外加,1,0,均標,10級分,後標,4級分,--,--,--,--,--,--,--,--,--,,,,,,,,,,,,,,,,0,--,在校學業,--,--,學測國文,--,--,學測英文,--,--,國語文學業,--,--,英語文學業,--,--,學測國英,--,--,公社學業,--,--
第一至七類學群,015,逢甲大學,01521,澳洲墨爾本皇家理工大學商學與創新雙學士學位學程,,一般,3,3,--,--,均標,8級分,--,--,後標,4級分,--,--,--,--,--,,,,,,,,,,,,,,,,0,3,在校學業,--,40%,學測英數B,--,--,學測英文,--,--,學測數B,--,--,英語文學業,--,--,數學學業,--,--,國語文學業,--,--
第一至七類學群,015,逢甲大學,01522,澳洲昆士蘭大學商學雙學士學位學程,,一般,3,3,--,--,均標,8級分,--,--,均標,6級分,--,--,--,--,--,,,,,,,,,,,,,,,,3,--,在校學業,13%,--,學測英數B,--,--,學測英文,--,--,學測數B,--,--,英語文學業,--,--,數學學業,--,--,國語文學業,--,--
第一至七類學群,015,逢甲大學,01523,澳洲新南威爾斯大學設計雙學士學位學程,,一般,3,3,均標,10級分,均標,8級分,--,--,--,--,--,--,--,--,--,,,,,,,,,,,,,,,,2,1,在校學業,43%,42%,學測英文,--,--,英語文學業,--,--,學測國文,--,--,歷史學業,--,--,公社學業,--,--,數學學業,--,--
第一至七類學群,015,逢甲大學,01524,美國加州聖荷西州立大學商學大數據分析雙學士學位學程,,一般,3,2,--,--,均標,8級分,--,--,後標,4級分,--,--,--,--,--,,,,,,,,,,,,,,,,1,1,在校學業,45%,49%,學測英數B,--,--,學測英文,--,--,學測數B,--,--,英語文學業,--,--,數學學業,--,--,國語文學業,--,--
第一至七類學群,015,逢甲大學,01525,機械與電腦輔助工程學系,,一般,16,16,--,--,後標,4級分,--,--,--,--,--,--,後標,7級分,--,,,,,,,,,,,,,,,,4,12,在校學業,26%,22%,學測國英數A自,--,--,學測數A,--,--,學測自然,--,--,學測國文,--,--,國語文學業,--,--,學測英文,--,--
第一至七類學群,015,逢甲大學,01525,機械與電腦輔助工程學系,,外加,1,0,--,--,後標,4級分,--,--,--,--,--,--,後標,7級分,--,,,,,,,,,,,,,,,,0,--,在校學業,--,--,學測國英數A自,--,--,學測數A,--,--,學測自然,--,--,學測國文,--,--,國語文學業,--,--,學測英文,--,--
第一至七類學群,015,逢甲大學,01526,纖維與複合材料學系,,一般,9,9,--,--,後標,4級分,--,--,--,--,--,--,後標,7級分,--,,,,,,,,,,,,,,,,1,8,在校學業,18%,34%,學測國英數A自,--,27,學測自然,--,8,學測英文,--,--,學測數A,--,--,化學學業,--,--,物理學業,--,--
第一至七類學群,015,逢甲大學,01526,纖維與複合材料學系,,外加,1,0,--,--,後標,4級分,--,--,--,--,--,--,後標,7級分,--,,,,,,,,,,,,,,,,0,--,在校學業,--,--,學測國英數A自,--,--,學測自然,--,--,學測英文,--,--,學測數A,--,--,化學學業,--,--,物理學業,--,--
第一至七類學群,015,逢甲大學,01527,工業工程與系統管理學系A組,,一般,7,7,--,--,後標,4級分,後標,4級分,--,--,--,--,--,--,--,,,,,,,,,,,,,,,,4,3,在校學業,33%,21%,學測國英數A,--,--,學測數A,--,--,學測英文,--,--,學測國文,--,--,數學學業,--,--,英語文學業,--,--
第一至七類學群,015,逢甲大學,01528,工業工程與系統管理學系B組,,一般,7,7,--,--,後標,4級分,--,--,後標,4級分,--,--,--,--,--,,,,,,,,,,,,,,,,0,7,在校學業,--,25%,學測國英數B,--,30,學測數B,--,--,學測英文,--,--,學測國文,--,--,數學學業,--,--,英語文學業,--,--
第一至七類學群,015,逢甲大學,01528,工業工程與系統管理學系B組,,外加,1,0,--,--,後標,4級分,--,--,後標,4級分,--,--,--,--,--,,,,,,,,,,,,,,,,0,--,在校學業,--,--,學測國英數B,--,--,學測數B,--,--,學測英文,--,--,學測國文,--,--,數學學業,--,--,英語文學業,--,--
第一至七類學群,015,逢甲大學,01529,化學工程學系,,一般,22,22,--,--,後標,4級分,--,--,--,--,--,--,後標,7級分,--,,,,,,,,,,,,,,,,22,--,在校學業,24%,--,學測國英數A自,--,--,學測數A,--,--,學測自然,--,--,學測英文,--,--,學測國文,--,--,數學學業,--,--
第一至七類學群,015,逢甲大學,01529,化學工程學系,,外加,1,0,--,--,後標,4級分,--,--,--,--,--,--,後標,7級分,--,,,,,,,,,,,,,,,,0,--,在校學業,--,--,學測國英數A自,--,--,學測數A,--,--,學測自然,--,--,學測英文,--,--,學測國文,--,--,數學學業,--,--
第一至七類學群,015,逢甲大學,01530,航太與系統工程學系,,一般,16,16,--,--,後標,4級分,--,--,--,--,--,--,後標,7級分,--,,,,,,,,,,,,,,,,8,8,在校學業,43%,15%,學測國英數A自,--,--,學測自然,--,--,學測數A,--,--,學測國文,--,--,學測英文,--,--,物理學業,--,--
第一至七類學群,015,逢甲大學,01530,航太與系統工程學系,,外加,1,1,--,--,後標,4級分,--,--,--,--,--,--,後標,7級分,--,,,,,,,,,,,,,,,,1,--,在校學業,39%,--,學測國英數A自,--,--,學測自然,--,--,學測數A,--,--,學測國文,--,--,學測英文,--,--,物理學業,--,--
第一至七類學群,015,逢甲大學,01531,精密系統設計學士學位學程,,一般,7,7,--,--,後標,4級分,--,--,--,--,--,--,後標,7級分,--,,,,,,,,,,,,,,,,1,6,在校學業,10%,31%,學測國英數A,--,--,物理學業,--,--,學測數A,--,--,學測英文,--,--,學測國文,--,--,學測自然,--,--
第一至七類學群,015,逢甲大學,01531,精密系統設計學士學位學程,,外加,1,0,--,--,後標,4級分,--,--,--,--,--,--,後標,7級分,--,,,,,,,,,,,,,,,,0,--,在校學業,--,--,學測國英數A,--,--,物理學業,--,--,學測數A,--,--,學測英文,--,--,學測國文,--,--,學測自然,--,--
第一至七類學群,015,逢甲大學,01532,應用數學系A組,,一般,9,9,--,--,後標,4級分,後標,4級分,--,--,--,--,--,--,--,,,,,,,,,,,,,,,,1,8,在校學業,11%,23%,學測數A,--,--,數學學業,--,--,學測國英數A,--,--,學測英文,--,--,學測國文,--,--,學測自然,--,--
第一至七類學群,015,逢甲大學,01533,應用數學系B組,,一般,3,3,--,--,後標,4級分,--,--,均標,6級分,--,--,--,--,--,,,,,,,,,,,,,,,,0,3,在校學業,--,28%,學測數B,--,--,數學學業,--,--,學測國英數B,--,--,學測英文,--,--,學測國文,--,--,學測自然,--,--
第一至七類學群,015,逢甲大學,01533,應用數學系B組,,外加,1,0,--,--,後標,4級分,--,--,均標,6級分,--,--,--,--,--,,,,,,,,,,,,,,,,0,--,在校學業,--,--,學測數B,--,--,數學學業,--,--,學測國英數B,--,--,學測英文,--,--,學測國文,--,--,學測自然,--,--
第一至七類學群,015,逢甲大學,01534,材料科學與工程學系,,一般,19,19,--,--,後標,4級分,--,--,--,--,--,--,後標,7級分,--,,,,,,,,,,,,,,,,19,--,在校學業,14%,--,學測國英數A自,--,--,學測自然,--,--,學測英文,--,--,學測數A,--,--,化學學業,--,--,物理學業,--,--
第一至七類學群,015,逢甲大學,01534,材料科學與工程學系,,外加,1,1,--,--,後標,4級分,--,--,--,--,--,--,後標,7級分,--,,,,,,,,,,,,,,,,1,--,在校學業,44%,--,學測國英數A自,--,--,學測自然,--,--,學測英文,--,--,學測數A,--,--,化學學業,--,--,物理學業,--,--
第一至七類學群,015,逢甲大學,01535,環境工程與科學學系,,一般,16,16,後標,9級分,--,--,後標,4級分,--,--,--,--,後標,7級分,--,,,,,,,,,,,,,,,,2,14,在校學業,21%,31%,學測國數A自,--,--,學測自然,--,--,學測數A,--,--,學測國文,--,--,化學學業,--,--,數學學業,--,--
第一至七類學群,015,逢甲大學,01535,環境工程與科學學系,,外加,1,0,後標,9級分,--,--,後標,4級分,--,--,--,--,後標,7級分,--,,,,,,,,,,,,,,,,0,--,在校學業,--,--,學測國數A自,--,--,學測自然,--,--,學測數A,--,--,學測國文,--,--,化學學業,--,--,數學學業,--,--
第一至七類學群,015,逢甲大學,01536,光電科學與工程學系,,一般,16,16,後標,9級分,後標,4級分,後標,4級分,--,--,--,--,後標,7級分,--,,,,,,,,,,,,,,,,11,5,在校學業,32%,13%,學測數A,--,--,學測自然,--,--,學測英文,--,--,數學學業,--,--,物理學業,--,--,英語文學業,--,--
第一至七類學群,015,逢甲大學,01536,光電科學與工程學系,,外加,1,0,後標,9級分,後標,4級分,後標,4級分,--,--,--,--,後標,7級分,--,,,,,,,,,,,,,,,,0,--,在校學業,--,--,學測數A,--,--,學測自然,--,--,學測英文,--,--,數學學業,--,--,物理學業,--,--,英語文學業,--,--
第一至七類學群,015,逢甲大學,01537,資訊工程學系,,一般,25,25,--,--,後標,4級分,均標,6級分,--,--,--,--,--,--,--,,,,,,,,,,,,,,,,25,--,在校學業,36%,--,學測英數A自,--,--,學測數A,--,--,學測英文,--,--,學測自然,--,--,學測國文,--,--,數學學業,--,--
第一至七類學群,015,逢甲大學,01537,資訊工程學系,,外加,1,0,--,--,後標,4級分,均標,6級分,--,--,--,--,--,--,--,,,,,,,,,,,,,,,,0,--,在校學業,--,--,學測英數A自,--,--,學測數A,--,--,學測英文,--,--,學測自然,--,--,學測國文,--,--,數學學業,--,--
第一至七類學群,015,逢甲大學,01538,電子工程學系,,一般,17,17,--,--,後標,4級分,後標,4級分,--,--,--,--,後標,7級分,--,,,,,,,,,,,,,,,,17,--,在校學業,11%,--,學測國英數A自,41,--,學測自然,--,--,學測數A,--,--,學測英文,--,--,學測國文,--,--,數學學業,--,--
第一至七類學群,015,逢甲大學,01538,電子工程學系,,外加,1,1,--,--,後標,4級分,後標,4級分,--,--,--,--,後標,7級分,--,,,,,,,,,,,,,,,,1,--,在校學業,25%,--,學測國英數A自,--,--,學測自然,--,--,學測數A,--,--,學測英文,--,--,學測國文,--,--,數學學業,--,--
第一至七類學群,015,逢甲大學,01539,電機工程學系,,一般,19,19,--,--,後標,4級分,均標,6級分,--,--,--,--,後標,7級分,--,,,,,,,,,,,,,,,,19,--,在校學業,12%,--,學測國英數A自,--,--,學測數A,--,--,學測自然,--,--,學測國文,--,--,學測英文,--,--,數學學業,--,--
第一至七類學群,015,逢甲大學,01539,電機工程學系,,外加,1,1,--,--,後標,4級分,均標,6級分,--,--,--,--,後標,7級分,--,,,,,,,,,,,,,,,,1,--,在校學業,32%,--,學測國英數A自,--,--,學測數A,--,--,學測自然,--,--,學測國文,--,--,學測英文,--,--,數學學業,--,--
第一至七類學群,015,逢甲大學,01540,自動控制工程學系,,一般,17,17,--,--,後標,4級分,後標,4級分,--,--,--,--,後標,7級分,--,,,,,,,,,,,,,,,,8,9,在校學業,30%,17%,學測國英數A自,--,32,學測數A,--,--,學測自然,--,--,學測英文,--,--,學測國文,--,--,數學學業,--,--
第一至七類學群,015,逢甲大學,01540,自動控制工程學系,,外加,1,0,--,--,後標,4級分,後標,4級分,--,--,--,--,後標,7級分,--,,,,,,,,,,,,,,,,0,--,在校學業,--,--,學測國英數A自,--,--,學測數A,--,--,學測自然,--,--,學測英文,--,--,學測國文,--,--,數學學業,--,--
第一至七類學群,015,逢甲大學,01541,資訊電機學院學士班,,一般,15,15,--,--,後標,4級分,均標,6級分,--,--,--,--,--,--,--,,,,,,,,,,,,,,,,15,--,在校學業,38%,--,學測國英數A,--,--,學測數A,--,--,學測英文,--,--,學測國文,--,--,數學學業,--,--,英語文學業,--,--
第一至七類學群,015,逢甲大學,01541,資訊電機學院學士班,,外加,1,0,--,--,後標,4級分,均標,6級分,--,--,--,--,--,--,--,,,,,,,,,,,,,,,,0,--,在校學業,--,--,學測國英數A,--,--,學測數A,--,--,學測英文,--,--,學測國文,--,--,數學學業,--,--,英語文學業,--,--
第一至七類學群,015,逢甲大學,01542,通訊工程學系,,一般,18,18,--,--,後標,4級分,後標,4級分,--,--,--,--,--,--,--,,,,,,,,,,,,,,,,4,14,在校學業,33%,21%,學測國英數A,--,--,學測數A,--,--,學測國文,--,--,數學學業,--,--,國語文學業,--,--,英語文學業,--,--
第一至七類學群,015,逢甲大學,01542,通訊工程學系,,外加,1,0,--,--,後標,4級分,後標,4級分,--,--,--,--,--,--,--,,,,,,,,,,,,,,,,0,--,在校學業,--,--,學測國英數A,--,--,學測數A,--,--,學測國文,--,--,數學學業,--,--,國語文學業,--,--,英語文學業,--,--
第一至七類學群,015,逢甲大學,01543,土木工程學系,,一般,14,14,--,--,後標,4級分,後標,4級分,--,--,--,--,後標,7級分,--,,,,,,,,,,,,,,,,2,12,在校學業,19%,24%,學測國英數A自,--,--,學測數A,--,--,學測自然,--,--,學測國文,--,--,學測英文,--,--,數學學業,--,--
第一至七類學群,015,逢甲大學,01543,土木工程學系,,外加,1,0,--,--,後標,4級分,後標,4級分,--,--,--,--,後標,7級分,--,,,,,,,,,,,,,,,,0,--,在校學業,--,--,學測國英數A自,--,--,學測數A,--,--,學測自然,--,--,學測國文,--,--,學測英文,--,--,數學學業,--,--
第一至七類學群,015,逢甲大學,01544,水利工程與資源保育學系,,一般,11,11,--,--,--,--,後標,4級分,--,--,--,--,--,--,--,,,,,,,,,,,,,,,,0,11,在校學業,--,38%,學測國英數A,--,21,學測數A,--,--,學測國文,--,--,學測英文,--,--,數學學業,--,--,國語文學業,--,--
第一至七類學群,015,逢甲大學,01544,水利工程與資源保育學系,,外加,1,0,--,--,--,--,後標,4級分,--,--,--,--,--,--,--,,,,,,,,,,,,,,,,0,--,在校學業,--,--,學測國英數A,--,--,學測數A,--,--,學測國文,--,--,學測英文,--,--,數學學業,--,--,國語文學業,--,--
第一至七類學群,015,逢甲大學,01545,建築專業學院學士班,,一般,3,3,均標,10級分,均標,8級分,--,--,--,--,--,--,--,--,--,,,,,,,,,,,,,,,,2,1,在校學業,21%,10%,學測國文,--,--,學測英文,--,--,國語文學業,--,--,英語文學業,--,--,數學學業,--,--,學測數A,--,--
第一至七類學群,015,逢甲大學,01545,建築專業學院學士班,,外加,1,1,均標,10級分,均標,8級分,--,--,--,--,--,--,--,--,--,,,,,,,,,,,,,,,,1,--,在校學業,39%,--,學測國文,--,--,學測英文,--,--,國語文學業,--,--,英語文學業,--,--,數學學業,--,--,學測數A,--,--
第一至七類學群,015,逢甲大學,01546,澳洲蒙納許大學資訊工程雙學士學位學程,,一般,3,3,--,--,均標,8級分,後標,4級分,--,--,--,--,--,--,--,,,,,,,,,,,,,,,,3,--,在校學業,23%,--,學測英文,--,--,學測數A,--,--,學測自然,--,--,英語文學業,--,--,數學學業,--,--,物理學業,--,--
第一至七類學群,015,逢甲大學,01547,澳洲昆士蘭大學電機工程雙學士學位學程,,一般,3,3,--,--,均標,8級分,均標,6級分,--,--,--,--,--,--,--,,,,,,,,,,,,,,,,2,1,在校學業,32%,26%,學測英文,--,--,學測數A,--,--,學測自然,--,--,英語文學業,--,--,數學學業,--,--,物理學業,--,--
第一至七類學群,015,逢甲大學,01548,美國加州聖荷西州立大學電機工程雙學士學位學程,,一般,3,2,--,--,均標,8級分,後標,4級分,--,--,--,--,--,--,--,,,,,,,,,,,,,,,,0,2,在校學業,--,34%,學測英文,--,--,學測數A,--,--,學測自然,--,--,英語文學業,--,--,數學學業,--,--,物理學業,--,--
第一至七類學群,015,逢甲大學,01549,美國加州舊金山州立大學資訊工程雙學士學位學程,,一般,3,3,--,--,均標,8級分,後標,4級分,--,--,--,--,--,--,--,,,,,,,,,,,,,,,,1,2,在校學業,10%,26%,學測英文,--,--,學測數A,--,--,學測自然,--,--,英語文學業,--,--,數學學業,--,--,物理學業,--,--
第一至七類學群,015,逢甲大學,01550,人工智慧技術與應用學士學位學程,,一般,7,7,--,--,後標,4級分,均標,6級分,--,--,--,--,--,--,--,,,,,,,,,,,,,,,,2,5,在校學業,41%,26%,學測國英數A,--,--,學測數A,--,--,學測英文,--,--,學測國文,--,--,數學學業,--,--,英語文學業,--,--
第一至七類學群,015,逢甲大學,01550,人工智慧技術與應用學士學位學程,,外加,1,0,--,--,後標,4級分,均標,6級分,--,--,--,--,--,--,--,,,,,,,,,,,,,,,,0,--,在校學業,--,--,學測國英數A,--,--,學測數A,--,--,學測英文,--,--,學測國文,--,--,數學學業,--,--,英語文學業,--,--
第一至七類學群,016,國立中央大學,01601,中國文學系,,一般,8,4,頂標,13級分,前標,11級分,--,--,--,--,前標,12級分,--,--,--,,,,,,,,,,,,,,,,1,3,在校學業,19%,19%,學測國文,--,--,國語文學業,--,--,學測國英社,--,--,學測英文,--,--,學測社會,--,--,英語文學業,--,--
第一至七類學群,016,國立中央大學,01601,中國文學系,,外加,2,0,頂標,13級分,前標,11級分,--,--,--,--,前標,12級分,--,--,--,,,,,,,,,,,,,,,,0,--,在校學業,--,--,學測國文,--,--,國語文學業,--,--,學測國英社,--,--,學測英文,--,--,學測社會,--,--,英語文學業,--,--
第一至七類學群,016,國立中央大學,01602,英美語文學系,,一般,15,15,前標,12級分,頂標,13級分,--,--,--,--,--,--,--,--,--,,,,,,,,,,,,,,,,3,12,在校學業,14%,12%,英語文學業,--,2%,學測英文,--,--,學測國英,--,--,國語文學業,--,--,學測國文,--,--,歷史學業,--,--
第一至七類學群,016,國立中央大學,01602,英美語文學系,,外加,1,0,前標,12級分,頂標,13級分,--,--,--,--,--,--,--,--,--,,,,,,,,,,,,,,,,0,--,在校學業,--,--,英語文學業,--,--,學測英文,--,--,學測國英,--,--,國語文學業,--,--,學測國文,--,--,歷史學業,--,--
第一至七類學群,016,國立中央大學,01603,法國語文學系,,一般,9,9,前標,12級分,前標,11級分,--,--,--,--,前標,12級分,--,--,--,,,,,,,,,,,,,,,,0,9,在校學業,--,16%,英語文學業,--,--,國語文學業,--,--,學測國英社,--,--,學測英文,--,--,學測國文,--,--,學測社會,--,--
第一至七類學群,016,國立中央大學,01603,法國語文學系,,外加,1,0,前標,12級分,前標,11級分,--,--,--,--,前標,12級分,--,--,--,,,,,,,,,,,,,,,,0,--,在校學業,--,--,英語文學業,--,--,國語文學業,--,--,學測國英社,--,--,學測英文,--,--,學測國文,--,--,學測社會,--,--
第一至七類學群,016,國立中央大學,01604,文學院學士班,,一般,1,1,前標,12級分,前標,11級分,--,--,均標,6級分,均標,10級分,--,--,--,,,,,,,,,,,,,,,,0,1,在校學業,--,6%,學測國英數B社,--,--,學測社會,--,--,學測國文,--,--,學測英文,--,--,英語文學業,--,--,國語文學業,--,--
第一至七類學群,016,國立中央大學,01604,文學院學士班,,外加,1,0,前標,12級分,前標,11級分,--,--,均標,6級分,均標,10級分,--,--,--,,,,,,,,,,,,,,,,0,--,在校學業,--,--,學測國英數B社,--,--,學測社會,--,--,學測國文,--,--,學測英文,--,--,英語文學業,--,--,國語文學業,--,--
第一至七類學群,016,國立中央大學,01605,企業管理學系,,一般,20,20,前標,12級分,前標,11級分,--,--,前標,10級分,--,--,--,--,--,,,,,,,,,,,,,,,,8,12,在校學業,18%,8%,學測英文,--,12,學測數B,--,10,學測國文,--,13,學測國英數B社,--,47,英語文學業,--,--,數學學業,--,--
第一至七類學群,016,國立中央大學,01605,企業管理學系,,外加,1,0,前標,12級分,前標,11級分,--,--,前標,10級分,--,--,--,--,--,,,,,,,,,,,,,,,,0,--,在校學業,--,--,學測英文,--,--,學測數B,--,--,學測國文,--,--,學測國英數B社,--,--,英語文學業,--,--,數學學業,--,--
第一至七類學群,016,國立中央大學,01606,經濟學系,,一般,16,16,均標,10級分,均標,8級分,--,--,前標,10級分,--,--,--,--,--,,,,,,,,,,,,,,,,16,--,在校學業,7%,--,學測數B,--,--,學測英文,--,--,學測國英數B,--,--,數學學業,--,--,英語文學業,--,--,學測國文,--,--
第一至七類學群,016,國立中央大學,01606,經濟學系,,外加,1,0,均標,10級分,均標,8級分,--,--,前標,10級分,--,--,--,--,--,,,,,,,,,,,,,,,,0,--,在校學業,--,--,學測數B,--,--,學測英文,--,--,學測國英數B,--,--,數學學業,--,--,英語文學業,--,--,學測國文,--,--
第一至七類學群,016,國立中央大學,01607,財務金融學系,,一般,14,14,前標,12級分,前標,11級分,前標,9級分,前標,10級分,均標,10級分,--,--,--,,,,,,,,,,,,,,,,14,--,在校學業,9%,--,學測國文,14,--,國語文學業,--,--,數學學業,--,--,學測英文,--,--,英語文學業,--,--,學測國英社,--,--
第一至七類學群,016,國立中央大學,01607,財務金融學系,,外加,1,0,前標,12級分,前標,11級分,前標,9級分,前標,10級分,均標,10級分,--,--,--,,,,,,,,,,,,,,,,0,--,在校學業,--,--,學測國文,--,--,國語文學業,--,--,數學學業,--,--,學測英文,--,--,英語文學業,--,--,學測國英社,--,--
第一至七類學群,016,國立中央大學,01608,客家語文暨社會科學學系客家語文及傳播組,,一般,2,0,前標,12級分,均標,8級分,--,--,均標,6級分,前標,12級分,--,--,--,,,,,,,,,,,,,,,,0,--,在校學業,--,--,學測國文,--,--,學測社會,--,--,學測英文,--,--,國語文學業,--,--,公社學業,--,--,英語文學業,--,--
第一至七類學群,016,國立中央大學,01608,客家語文暨社會科學學系客家語文及傳播組,,外加,1,0,前標,12級分,均標,8級分,--,--,均標,6級分,前標,12級分,--,--,--,,,,,,,,,,,,,,,,0,--,在校學業,--,--,學測國文,--,--,學測社會,--,--,學測英文,--,--,國語文學業,--,--,公社學業,--,--,英語文學業,--,--
第一至七類學群,016,國立中央大學,01609,客家語文暨社會科學學系客家社會及政策組,,一般,2,2,前標,12級分,均標,8級分,--,--,均標,6級分,前標,12級分,--,--,--,,,,,,,,,,,,,,,,0,2,在校學業,--,20%,學測國文,--,--,學測社會,--,--,學測英文,--,--,國語文學業,--,--,公社學業,--,--,英語文學業,--,--
第一至七類學群,016,國立中央大學,01609,客家語文暨社會科學學系客家社會及政策組,,外加,1,0,前標,12級分,均標,8級分,--,--,均標,6級分,前標,12級分,--,--,--,,,,,,,,,,,,,,,,0,--,在校學業,--,--,學測國文,--,--,學測社會,--,--,學測英文,--,--,國語文學業,--,--,公社學業,--,--,英語文學業,--,--
第一至七類學群,016,國立中央大學,01610,數學系計算與資料科學組,,一般,10,10,--,--,均標,8級分,前標,9級分,--,--,--,--,均標,9級分,--,,,,,,,,,,,,,,,,8,2,在校學業,8%,4%,學測數A,--,--,學測英文,--,--,學測自然,--,--,數學學業,--,--,學測英數A自,--,--,英語文學業,--,--
第一至七類學群,016,國立中央大學,01610,數學系計算與資料科學組,,外加,1,0,--,--,均標,8級分,前標,9級分,--,--,--,--,均標,9級分,--,,,,,,,,,,,,,,,,0,--,在校學業,--,--,學測數A,--,--,學測英文,--,--,學測自然,--,--,數學學業,--,--,學測英數A自,--,--,英語文學業,--,--
第一至七類學群,016,國立中央大學,01611,數學系數學科學組,,一般,10,10,--,--,均標,8級分,前標,9級分,--,--,--,--,均標,9級分,--,,,,,,,,,,,,,,,,2,8,在校學業,11%,7%,學測數A,--,--,學測英文,--,--,學測自然,--,--,數學學業,--,--,學測英數A自,--,--,英語文學業,--,--
第一至七類學群,016,國立中央大學,01611,數學系數學科學組,,外加,1,0,--,--,均標,8級分,前標,9級分,--,--,--,--,均標,9級分,--,,,,,,,,,,,,,,,,0,--,在校學業,--,--,學測數A,--,--,學測英文,--,--,學測自然,--,--,數學學業,--,--,學測英數A自,--,--,英語文學業,--,--
第一至七類學群,016,國立中央大學,01612,物理學系,,一般,8,8,--,--,均標,8級分,前標,9級分,--,--,--,--,前標,12級分,--,,,,,,,,,,,,,,,,6,2,在校學業,10%,3%,物理學業,--,--,學測自然,--,--,數學學業,--,--,學測數A,--,--,英語文學業,--,--,學測英文,--,--
第一至七類學群,016,國立中央大學,01612,物理學系,,外加,1,0,--,--,均標,8級分,前標,9級分,--,--,--,--,前標,12級分,--,,,,,,,,,,,,,,,,0,--,在校學業,--,--,物理學業,--,--,學測自然,--,--,數學學業,--,--,學測數A,--,--,英語文學業,--,--,學測英文,--,--
第一至七類學群,016,國立中央大學,01613,化學學系,,一般,12,12,均標,10級分,前標,11級分,前標,9級分,--,--,--,--,前標,12級分,--,,,,,,,,,,,,,,,,2,10,在校學業,13%,11%,學測國英數A自,--,--,學測自然,--,--,學測數A,--,--,學測英文,--,--,學測國文,--,--,數學學業,--,--
第一至七類學群,016,國立中央大學,01613,化學學系,,外加,1,0,均標,10級分,前標,11級分,前標,9級分,--,--,--,--,前標,12級分,--,,,,,,,,,,,,,,,,0,--,在校學業,--,--,學測國英數A自,--,--,學測自然,--,--,學測數A,--,--,學測英文,--,--,學測國文,--,--,數學學業,--,--
第一至七類學群,016,國立中央大學,01614,光電科學與工程學系,,一般,14,14,均標,10級分,前標,11級分,前標,9級分,--,--,--,--,前標,12級分,--,,,,,,,,,,,,,,,,11,3,在校學業,18%,6%,學測數A,--,14,學測自然,--,--,學測英文,--,--,數學學業,--,--,物理學業,--,--,英語文學業,--,--
第一至七類學群,016,國立中央大學,01614,光電科學與工程學系,,外加,2,0,均標,10級分,前標,11級分,前標,9級分,--,--,--,--,前標,12級分,--,,,,,,,,,,,,,,,,0,--,在校學業,--,--,學測數A,--,--,學測自然,--,--,學測英文,--,--,數學學業,--,--,物理學業,--,--,英語文學業,--,--
第一至七類學群,016,國立中央大學,01615,理學院學士班,,一般,7,7,均標,10級分,均標,8級分,前標,9級分,--,--,--,--,前標,12級分,B級,,,,,,,,,,,,,,,,4,3,在校學業,10%,5%,數學學業,--,--,學測自然,--,--,物理學業,--,--,英語文學業,--,--,學測英文,--,--,學測數A,--,--
第一至七類學群,016,國立中央大學,01615,理學院學士班,,外加,1,0,均標,10級分,均標,8級分,前標,9級分,--,--,--,--,前標,12級分,B級,,,,,,,,,,,,,,,,0,--,在校學業,--,--,數學學業,--,--,學測自然,--,--,物理學業,--,--,英語文學業,--,--,學測英文,--,--,學測數A,--,--
第一至七類學群,016,國立中央大學,01616,土木工程學系,,一般,22,12,--,--,均標,8級分,前標,9級分,--,--,--,--,前標,12級分,--,,,,,,,,,,,,,,,,0,12,在校學業,--,19%,學測數A,--,--,學測自然,--,--,學測英文,--,--,學測國文,--,--,學測國英數A自,--,--,數學學業,--,--
第一至七類學群,016,國立中央大學,01616,土木工程學系,,外加,1,0,--,--,均標,8級分,前標,9級分,--,--,--,--,前標,12級分,--,,,,,,,,,,,,,,,,0,--,在校學業,--,--,學測數A,--,--,學測自然,--,--,學測英文,--,--,學測國文,--,--,學測國英數A自,--,--,數學學業,--,--
第一至七類學群,016,國立中央大學,01617,機械工程學系先進材料與精密製造組,,一般,14,14,均標,10級分,均標,8級分,前標,9級分,--,--,--,--,前標,12級分,--,,,,,,,,,,,,,,,,9,5,在校學業,14%,5%,學測自然,--,15,學測英文,--,--,學測數A,--,--,學測國文,--,--,物理學業,--,--,數學學業,--,--
第一至七類學群,016,國立中央大學,01617,機械工程學系先進材料與精密製造組,,外加,1,0,均標,10級分,均標,8級分,前標,9級分,--,--,--,--,前標,12級分,--,,,,,,,,,,,,,,,,0,--,在校學業,--,--,學測自然,--,--,學測英文,--,--,學測數A,--,--,學測國文,--,--,物理學業,--,--,數學學業,--,--
第一至七類學群,016,國立中央大學,01618,機械工程學系光機電工程組,,一般,14,14,均標,10級分,均標,8級分,前標,9級分,--,--,--,--,前標,12級分,--,,,,,,,,,,,,,,,,14,--,在校學業,8%,--,學測自然,--,--,學測英文,--,--,學測數A,--,--,學測國文,--,--,物理學業,--,--,數學學業,--,--
第一至七類學群,016,國立中央大學,01618,機械工程學系光機電工程組,,外加,1,0,均標,10級分,均標,8級分,前標,9級分,--,--,--,--,前標,12級分,--,,,,,,,,,,,,,,,,0,--,在校學業,--,--,學測自然,--,--,學測英文,--,--,學測數A,--,--,學測國文,--,--,物理學業,--,--,數學學業,--,--
第一至七類學群,016,國立中央大學,01619,機械工程學系設計與分析組,,一般,14,14,均標,10級分,均標,8級分,前標,9級分,--,--,--,--,前標,12級分,--,,,,,,,,,,,,,,,,2,12,在校學業,12%,7%,學測自然,--,--,學測英文,--,--,學測數A,--,--,學測國文,--,--,物理學業,--,--,數學學業,--,--
第一至七類學群,016,國立中央大學,01619,機械工程學系設計與分析組,,外加,1,0,均標,10級分,均標,8級分,前標,9級分,--,--,--,--,前標,12級分,--,,,,,,,,,,,,,,,,0,--,在校學業,--,--,學測自然,--,--,學測英文,--,--,學測數A,--,--,學測國文,--,--,物理學業,--,--,數學學業,--,--
第一至七類學群,016,國立中央大學,01620,化學工程與材料工程學系,,一般,9,9,前標,12級分,前標,11級分,前標,9級分,--,--,--,--,前標,12級分,--,,,,,,,,,,,,,,,,9,--,在校學業,4%,--,學測數A,13,--,學測英文,--,--,學測自然,--,--,學測國文,--,--,數學學業,--,--,化學學業,--,--
第一至七類學群,016,國立中央大學,01620,化學工程與材料工程學系,,外加,1,0,前標,12級分,前標,11級分,前標,9級分,--,--,--,--,前標,12級分,--,,,,,,,,,,,,,,,,0,--,在校學業,--,--,學測數A,--,--,學測英文,--,--,學測自然,--,--,學測國文,--,--,數學學業,--,--,化學學業,--,--
第一至七類學群,016,國立中央大學,01621,工學院學士班,,一般,8,8,均標,10級分,均標,8級分,前標,9級分,--,--,--,--,前標,12級分,--,,,,,,,,,,,,,,,,8,--,在校學業,16%,--,學測國英數A自,--,--,學測數A,--,--,學測自然,--,--,學測英文,--,--,學測國文,--,--,數學學業,--,--
第一至七類學群,016,國立中央大學,01621,工學院學士班,,外加,1,0,均標,10級分,均標,8級分,前標,9級分,--,--,--,--,前標,12級分,--,,,,,,,,,,,,,,,,0,--,在校學業,--,--,學測國英數A自,--,--,學測數A,--,--,學測自然,--,--,學測英文,--,--,學測國文,--,--,數學學業,--,--
第一至七類學群,016,國立中央大學,01622,資訊管理學系,,一般,18,18,--,--,前標,11級分,前標,9級分,--,--,--,--,均標,9級分,--,,,,,,,,,,,,,,,,17,1,在校學業,10%,6%,學測英數A自,--,37,學測數A,--,--,學測自然,--,--,學測英文,--,--,數學學業,--,--,學測國文,--,--
第一至七類學群,016,國立中央大學,01622,資訊管理學系,,外加,1,0,--,--,前標,11級分,前標,9級分,--,--,--,--,均標,9級分,--,,,,,,,,,,,,,,,,0,--,在校學業,--,--,學測英數A自,--,--,學測數A,--,--,學測自然,--,--,學測英文,--,--,數學學業,--,--,學測國文,--,--
第一至七類學群,016,國立中央大學,01623,電機工程學系,,一般,20,20,前標,12級分,前標,11級分,前標,9級分,--,--,--,--,前標,12級分,--,,,,,,,,,,,,,,,,20,--,在校學業,3%,--,學測數A,10,--,學測自然,14,--,學測英文,14,--,學測國文,--,--,數學學業,--,--,學測國英數A自,--,--
第一至七類學群,016,國立中央大學,01623,電機工程學系,,外加,1,0,前標,12級分,前標,11級分,前標,9級分,--,--,--,--,前標,12級分,--,,,,,,,,,,,,,,,,0,--,在校學業,--,--,學測數A,--,--,學測自然,--,--,學測英文,--,--,學測國文,--,--,數學學業,--,--,學測國英數A自,--,--
第一至七類學群,016,國立中央大學,01624,資訊工程學系,,一般,20,20,前標,12級分,前標,11級分,前標,9級分,--,--,--,--,前標,12級分,--,,,,,,,,,,,,,,,,20,--,在校學業,5%,--,學測數A,11,--,學測英文,13,--,學測自然,--,--,數學學業,--,--,英語文學業,--,--,物理學業,--,--
第一至七類學群,016,國立中央大學,01624,資訊工程學系,,外加,1,0,前標,12級分,前標,11級分,前標,9級分,--,--,--,--,前標,12級分,--,,,,,,,,,,,,,,,,0,--,在校學業,--,--,學測數A,--,--,學測英文,--,--,學測自然,--,--,數學學業,--,--,英語文學業,--,--,物理學業,--,--
第一至七類學群,016,國立中央大學,01625,通訊工程學系,,一般,11,11,前標,12級分,前標,11級分,前標,9級分,--,--,--,--,前標,12級分,--,,,,,,,,,,,,,,,,8,3,在校學業,11%,5%,學測國英數A自,--,--,學測數A,--,--,數學學業,--,--,物理學業,--,--,學測自然,--,--,學測英文,--,--
第一至七類學群,016,國立中央大學,01625,通訊工程學系,,外加,1,0,前標,12級分,前標,11級分,前標,9級分,--,--,--,--,前標,12級分,--,,,,,,,,,,,,,,,,0,--,在校學業,--,--,學測國英數A自,--,--,學測數A,--,--,數學學業,--,--,物理學業,--,--,學測自然,--,--,學測英文,--,--
第一至七類學群,016,國立中央大學,01626,資訊電機學院學士班,,一般,8,8,前標,12級分,前標,11級分,前標,9級分,--,--,--,--,前標,12級分,--,,,,,,,,,,,,,,,,8,--,在校學業,6%,--,學測國英數A自,--,--,學測數A,--,--,學測英文,--,--,學測自然,--,--,數學學業,--,--,英語文學業,--,--
第一至七類學群,016,國立中央大學,01626,資訊電機學院學士班,,外加,1,0,前標,12級分,前標,11級分,前標,9級分,--,--,--,--,前標,12級分,--,,,,,,,,,,,,,,,,0,--,在校學業,--,--,學測國英數A自,--,--,學測數A,--,--,學測英文,--,--,學測自然,--,--,數學學業,--,--,英語文學業,--,--
第一至七類學群,016,國立中央大學,01627,大氣科學學系,,一般,5,1,均標,10級分,均標,8級分,前標,9級分,--,--,--,--,前標,12級分,--,,,,,,,,,,,,,,,,0,1,在校學業,--,6%,學測數A,--,--,學測自然,--,--,學測英文,--,--,學測國英數A自,--,--,數學學業,--,--,物理學業,--,--
第一至七類學群,016,國立中央大學,01627,大氣科學學系,,外加,1,0,均標,10級分,均標,8級分,前標,9級分,--,--,--,--,前標,12級分,--,,,,,,,,,,,,,,,,0,--,在校學業,--,--,學測數A,--,--,學測自然,--,--,學測英文,--,--,學測國英數A自,--,--,數學學業,--,--,物理學業,--,--
第一至七類學群,016,國立中央大學,01628,太空科學與工程學系,,一般,5,5,均標,10級分,均標,8級分,前標,9級分,--,--,--,--,前標,12級分,--,,,,,,,,,,,,,,,,1,4,在校學業,5%,8%,學測數A,--,--,學測自然,--,--,學測英文,--,--,學測國英數A自,--,--,數學學業,--,--,物理學業,--,--
第一至七類學群,016,國立中央大學,01628,太空科學與工程學系,,外加,1,0,均標,10級分,均標,8級分,前標,9級分,--,--,--,--,前標,12級分,--,,,,,,,,,,,,,,,,0,--,在校學業,--,--,學測數A,--,--,學測自然,--,--,學測英文,--,--,學測國英數A自,--,--,數學學業,--,--,物理學業,--,--
第一至七類學群,016,國立中央大學,01629,地球科學學系,,一般,9,5,均標,10級分,均標,8級分,前標,9級分,--,--,--,--,前標,12級分,--,,,,,,,,,,,,,,,,1,4,在校學業,2%,18%,學測自然,--,--,學測國英數A自,--,--,學測數A,--,--,學測英文,--,--,物理學業,--,--,地科學業,--,--
第一至七類學群,016,國立中央大學,01629,地球科學學系,,外加,1,0,均標,10級分,均標,8級分,前標,9級分,--,--,--,--,前標,12級分,--,,,,,,,,,,,,,,,,0,--,在校學業,--,--,學測自然,--,--,學測國英數A自,--,--,學測數A,--,--,學測英文,--,--,物理學業,--,--,地科學業,--,--
第一至七類學群,016,國立中央大學,01630,地球科學學院學士班,,一般,4,2,均標,10級分,前標,11級分,均標,6級分,--,--,--,--,前標,12級分,--,,,,,,,,,,,,,,,,0,2,在校學業,--,6%,學測數A,--,--,學測自然,--,--,學測英文,--,--,學測國文,--,--,數學學業,--,--,物理學業,--,--
第一至七類學群,016,國立中央大學,01630,地球科學學院學士班,,外加,1,0,均標,10級分,前標,11級分,均標,6級分,--,--,--,--,前標,12級分,--,,,,,,,,,,,,,,,,0,--,在校學業,--,--,學測數A,--,--,學測自然,--,--,學測英文,--,--,學測國文,--,--,數學學業,--,--,物理學業,--,--
第一至七類學群,016,國立中央大學,01631,生醫科學與工程學系,,一般,6,6,均標,10級分,均標,8級分,前標,9級分,--,--,--,--,前標,12級分,--,,,,,,,,,,,,,,,,6,--,在校學業,4%,--,學測數A,--,--,學測自然,--,--,學測英文,--,--,學測國文,--,--,數學學業,--,--,物理學業,--,--
第一至七類學群,016,國立中央大學,01631,生醫科學與工程學系,,外加,1,0,均標,10級分,均標,8級分,前標,9級分,--,--,--,--,前標,12級分,--,,,,,,,,,,,,,,,,0,--,在校學業,--,--,學測數A,--,--,學測自然,--,--,學測英文,--,--,學測國文,--,--,數學學業,--,--,物理學業,--,--
第一至七類學群,016,國立中央大學,01632,生命科學系,,一般,18,18,--,--,均標,8級分,均標,6級分,--,--,--,--,前標,12級分,--,,,,,,,,,,,,,,,,13,5,在校學業,18%,7%,學測自然,--,13,學測英文,--,--,學測數A,--,--,生物學業,--,--,化學學業,--,--,英語文學業,--,--
第一至七類學群,016,國立中央大學,01632,生命科學系,,外加,1,0,--,--,均標,8級分,均標,6級分,--,--,--,--,前標,12級分,--,,,,,,,,,,,,,,,,0,--,在校學業,--,--,學測自然,--,--,學測英文,--,--,學測數A,--,--,生物學業,--,--,化學學業,--,--,英語文學業,--,--
第一至七類學群,017,中國文化大學,01701,哲學系,,一般,3,0,底標,7級分,--,--,--,--,--,--,--,--,--,--,--,,,,,,,,,,,,,,,,0,--,在校學業,--,--,學測國文,--,--,學測英文,--,--,學測社會,--,--,公社學業,--,--,國語文學業,--,--,數學學業,--,--
第一至七類學群,017,中國文化大學,01701,哲學系,,外加,1,0,底標,7級分,--,--,--,--,--,--,--,--,--,--,--,,,,,,,,,,,,,,,,0,--,在校學業,--,--,學測國文,--,--,學測英文,--,--,學測社會,--,--,公社學業,--,--,國語文學業,--,--,數學學業,--,--
第一至七類學群,017,中國文化大學,01702,中國文學系,,一般,8,5,底標,7級分,--,--,--,--,--,--,--,--,--,--,--,,,,,,,,,,,,,,,,2,3,在校學業,22%,46%,學測國文,--,--,國語文學業,--,--,學測社會,--,--,歷史學業,--,--,公社學業,--,--,學測國社,--,--
第一至七類學群,017,中國文化大學,01702,中國文學系,,外加,1,0,底標,7級分,--,--,--,--,--,--,--,--,--,--,--,,,,,,,,,,,,,,,,0,--,在校學業,--,--,學測國文,--,--,國語文學業,--,--,學測社會,--,--,歷史學業,--,--,公社學業,--,--,學測國社,--,--
第一至七類學群,017,中國文化大學,01703,史學系,,一般,5,3,--,--,--,--,--,--,--,--,底標,7級分,--,--,--,,,,,,,,,,,,,,,,2,1,在校學業,32%,31%,歷史學業,--,--,學測社會,--,--,公社學業,--,--,國語文學業,--,--,學測國文,--,--,學測國社,--,--
第一至七類學群,017,中國文化大學,01703,史學系,,外加,1,0,--,--,--,--,--,--,--,--,底標,7級分,--,--,--,,,,,,,,,,,,,,,,0,--,在校學業,--,--,歷史學業,--,--,學測社會,--,--,公社學業,--,--,國語文學業,--,--,學測國文,--,--,學測國社,--,--
第一至七類學群,017,中國文化大學,01704,日本語文學系,,一般,15,15,--,--,底標,3級分,--,--,--,--,--,--,--,--,--,,,,,,,,,,,,,,,,14,1,在校學業,50%,26%,學測國文,--,--,學測英文,--,--,學測社會,--,--,學測國英,--,--,國語文學業,--,--,英語文學業,--,--
第一至七類學群,017,中國文化大學,01704,日本語文學系,,外加,2,0,--,--,底標,3級分,--,--,--,--,--,--,--,--,--,,,,,,,,,,,,,,,,0,--,在校學業,--,--,學測國文,--,--,學測英文,--,--,學測社會,--,--,學測國英,--,--,國語文學業,--,--,英語文學業,--,--
第一至七類學群,017,中國文化大學,01705,韓國語文學系,,一般,30,26,底標,7級分,--,--,--,--,--,--,--,--,--,--,--,,,,,,,,,,,,,,,,19,7,在校學業,48%,49%,學測國英社,--,--,學測國文,--,--,學測社會,--,--,國語文學業,--,--,英語文學業,--,--,學測英文,--,--
第一至七類學群,017,中國文化大學,01705,韓國語文學系,,外加,2,0,底標,7級分,--,--,--,--,--,--,--,--,--,--,--,,,,,,,,,,,,,,,,0,--,在校學業,--,--,學測國英社,--,--,學測國文,--,--,學測社會,--,--,國語文學業,--,--,英語文學業,--,--,學測英文,--,--
第一至七類學群,017,中國文化大學,01706,歐美語文學系,,一般,8,2,--,--,底標,3級分,--,--,--,--,--,--,--,--,--,,,,,,,,,,,,,,,,2,--,在校學業,30%,--,學測英文,--,--,英語文學業,--,--,學測社會,--,--,公社學業,--,--,學測國文,--,--,國語文學業,--,--
第一至七類學群,017,中國文化大學,01706,歐美語文學系,,外加,1,0,--,--,底標,3級分,--,--,--,--,--,--,--,--,--,,,,,,,,,,,,,,,,0,--,在校學業,--,--,學測英文,--,--,英語文學業,--,--,學測社會,--,--,公社學業,--,--,學測國文,--,--,國語文學業,--,--
第一至七類學群,017,中國文化大學,01707,全球商務學士學位學程,,一般,2,0,--,--,底標,3級分,--,--,--,--,--,--,--,--,--,,,,,,,,,,,,,,,,0,--,在校學業,--,--,學測英文,--,--,學測國文,--,--,英語文學業,--,--,國語文學業,--,--,數學學業,--,--,公社學業,--,--
第一至七類學群,017,中國文化大學,01708,法律學系,,一般,51,51,底標,7級分,--,--,--,--,--,--,--,--,--,--,--,,,,,,,,,,,,,,,,36,15,在校學業,50%,49%,國語文學業,--,--,學測國文,--,--,公社學業,--,--,歷史學業,--,--,學測社會,--,--,學測國社,--,--
第一至七類學群,017,中國文化大學,01708,法律學系,,外加,2,2,底標,7級分,--,--,--,--,--,--,--,--,--,--,--,,,,,,,,,,,,,,,,2,--,在校學業,45%,--,國語文學業,--,--,學測國文,--,--,公社學業,--,--,歷史學業,--,--,學測社會,--,--,學測國社,--,--
第一至七類學群,017,中國文化大學,01709,政治學系,,一般,3,1,--,--,--,--,--,--,--,--,底標,7級分,--,--,--,,,,,,,,,,,,,,,,0,1,在校學業,--,46%,學測社會,--,--,公社學業,--,--,學測國文,--,--,國語文學業,--,--,學測國社,--,--,歷史學業,--,--
第一至七類學群,017,中國文化大學,01709,政治學系,,外加,1,0,--,--,--,--,--,--,--,--,底標,7級分,--,--,--,,,,,,,,,,,,,,,,0,--,在校學業,--,--,學測社會,--,--,公社學業,--,--,學測國文,--,--,國語文學業,--,--,學測國社,--,--,歷史學業,--,--
第一至七類學群,017,中國文化大學,01710,經濟學系,,一般,3,0,--,--,--,--,--,--,--,--,底標,7級分,--,--,--,,,,,,,,,,,,,,,,0,--,在校學業,--,--,公社學業,--,--,國語文學業,--,--,歷史學業,--,--,地理學業,--,--,生活科技學業,--,--,資訊科技學業,--,--
第一至七類學群,017,中國文化大學,01710,經濟學系,,外加,1,0,--,--,--,--,--,--,--,--,底標,7級分,--,--,--,,,,,,,,,,,,,,,,0,--,在校學業,--,--,公社學業,--,--,國語文學業,--,--,歷史學業,--,--,地理學業,--,--,生活科技學業,--,--,資訊科技學業,--,--
第一至七類學群,017,中國文化大學,01711,勞動暨人力資源學系,,一般,4,1,--,--,--,--,--,--,--,--,底標,7級分,--,--,--,,,,,,,,,,,,,,,,1,--,在校學業,31%,--,學測社會,--,--,公社學業,--,--,學測國文,--,--,國語文學業,--,--,學測英文,--,--,英語文學業,--,--
第一至七類學群,017,中國文化大學,01711,勞動暨人力資源學系,,外加,1,0,--,--,--,--,--,--,--,--,底標,7級分,--,--,--,,,,,,,,,,,,,,,,0,--,在校學業,--,--,學測社會,--,--,公社學業,--,--,學測國文,--,--,國語文學業,--,--,學測英文,--,--,英語文學業,--,--
第一至七類學群,017,中國文化大學,01712,社會福利學系,,一般,5,1,--,--,--,--,--,--,--,--,底標,7級分,--,--,--,,,,,,,,,,,,,,,,0,1,在校學業,--,41%,學測國文,--,--,學測社會,--,--,學測國社,--,--,國語文學業,--,--,公社學業,--,--,英語文學業,--,--
第一至七類學群,017,中國文化大學,01712,社會福利學系,,外加,1,0,--,--,--,--,--,--,--,--,底標,7級分,--,--,--,,,,,,,,,,,,,,,,0,--,在校學業,--,--,學測國文,--,--,學測社會,--,--,學測國社,--,--,國語文學業,--,--,公社學業,--,--,英語文學業,--,--
第一至七類學群,017,中國文化大學,01713,行政管理學系,,一般,7,4,底標,7級分,--,--,--,--,--,--,--,--,--,--,--,,,,,,,,,,,,,,,,2,2,在校學業,34%,46%,學測國文,--,--,學測社會,--,--,學測英文,--,--,公社學業,--,--,國語文學業,--,--,英語文學業,--,--
第一至七類學群,017,中國文化大學,01713,行政管理學系,,外加,1,0,底標,7級分,--,--,--,--,--,--,--,--,--,--,--,,,,,,,,,,,,,,,,0,--,在校學業,--,--,學測國文,--,--,學測社會,--,--,學測英文,--,--,公社學業,--,--,國語文學業,--,--,英語文學業,--,--
第一至七類學群,017,中國文化大學,01714,生活應用科學系,,一般,8,1,底標,7級分,--,--,--,--,--,--,--,--,--,--,--,,,,,,,,,,,,,,,,1,--,在校學業,39%,--,學測國文,--,--,生活科技學業,--,--,學測社會,--,--,學測國社,--,--,國語文學業,--,--,歷史學業,--,--
第一至七類學群,017,中國文化大學,01714,生活應用科學系,,外加,1,0,底標,7級分,--,--,--,--,--,--,--,--,--,--,--,,,,,,,,,,,,,,,,0,--,在校學業,--,--,學測國文,--,--,生活科技學業,--,--,學測社會,--,--,學測國社,--,--,國語文學業,--,--,歷史學業,--,--
第一至七類學群,017,中國文化大學,01715,國際貿易學系,,一般,4,4,--,--,--,--,--,--,--,--,底標,7級分,--,--,--,,,,,,,,,,,,,,,,2,2,在校學業,45%,44%,學測社會,--,--,學測國文,--,--,公社學業,--,--,學測英文,--,--,英語文學業,--,--,數學學業,--,--
第一至七類學群,017,中國文化大學,01715,國際貿易學系,,外加,1,0,--,--,--,--,--,--,--,--,底標,7級分,--,--,--,,,,,,,,,,,,,,,,0,--,在校學業,--,--,學測社會,--,--,學測國文,--,--,公社學業,--,--,學測英文,--,--,英語文學業,--,--,數學學業,--,--
第一至七類學群,017,中國文化大學,01716,國際企業管理學系,,一般,4,2,底標,7級分,--,--,--,--,--,--,--,--,--,--,--,,,,,,,,,,,,,,,,2,--,在校學業,47%,--,學測國社,--,--,學測國文,--,--,學測社會,--,--,公社學業,--,--,國語文學業,--,--,英語文學業,--,--
第一至七類學群,017,中國文化大學,01716,國際企業管理學系,,外加,1,0,底標,7級分,--,--,--,--,--,--,--,--,--,--,--,,,,,,,,,,,,,,,,0,--,在校學業,--,--,學測國社,--,--,學測國文,--,--,學測社會,--,--,公社學業,--,--,國語文學業,--,--,英語文學業,--,--
第一至七類學群,017,中國文化大學,01717,會計學系,,一般,6,6,底標,7級分,--,--,--,--,--,--,--,--,--,--,--,,,,,,,,,,,,,,,,2,4,在校學業,39%,29%,學測國文,--,--,學測社會,--,--,公社學業,--,--,學測英文,--,--,英語文學業,--,--,數學學業,--,--
第一至七類學群,017,中國文化大學,01717,會計學系,,外加,1,0,底標,7級分,--,--,--,--,--,--,--,--,--,--,--,,,,,,,,,,,,,,,,0,--,在校學業,--,--,學測國文,--,--,學測社會,--,--,公社學業,--,--,學測英文,--,--,英語文學業,--,--,數學學業,--,--
第一至七類學群,017,中國文化大學,01718,觀光事業學系,,一般,5,3,底標,7級分,--,--,--,--,--,--,--,--,--,--,--,,,,,,,,,,,,,,,,0,3,在校學業,--,41%,學測國文,--,--,學測英文,--,--,學測國英,--,--,國語文學業,--,--,英語文學業,--,--,歷史學業,--,--
第一至七類學群,017,中國文化大學,01718,觀光事業學系,,外加,1,0,底標,7級分,--,--,--,--,--,--,--,--,--,--,--,,,,,,,,,,,,,,,,0,--,在校學業,--,--,學測國文,--,--,學測英文,--,--,學測國英,--,--,國語文學業,--,--,英語文學業,--,--,歷史學業,--,--
第一至七類學群,017,中國文化大學,01719,資訊管理學系(智慧商務科技組),,一般,2,2,底標,7級分,--,--,--,--,--,--,--,--,--,--,--,,,,,,,,,,,,,,,,2,--,在校學業,41%,--,資訊科技學業,--,--,國語文學業,--,--,公社學業,--,--,生活科技學業,--,--,英語文學業,--,--,學測國文,--,--
第一至七類學群,017,中國文化大學,01719,資訊管理學系(智慧商務科技組),,外加,1,0,底標,7級分,--,--,--,--,--,--,--,--,--,--,--,,,,,,,,,,,,,,,,0,--,在校學業,--,--,資訊科技學業,--,--,國語文學業,--,--,公社學業,--,--,生活科技學業,--,--,英語文學業,--,--,學測國文,--,--
第一至七類學群,017,中國文化大學,01720,資訊管理學系(人工智慧組),,一般,4,3,--,--,--,--,--,--,底標,3級分,--,--,--,--,--,,,,,,,,,,,,,,,,1,2,在校學業,35%,40%,資訊科技學業,--,--,數學學業,--,--,生活科技學業,--,--,學測數B,--,--,國語文學業,--,--,英語文學業,--,--
第一至七類學群,017,中國文化大學,01721,財務金融學系金融行銷組,,一般,3,3,底標,7級分,--,--,--,--,--,--,--,--,--,--,--,,,,,,,,,,,,,,,,2,1,在校學業,42%,50%,國語文學業,--,--,公社學業,--,--,生活科技學業,--,--,資訊科技學業,--,--,學測國文,--,--,學測社會,--,--
第一至七類學群,017,中國文化大學,01721,財務金融學系金融行銷組,,外加,1,0,底標,7級分,--,--,--,--,--,--,--,--,--,--,--,,,,,,,,,,,,,,,,0,--,在校學業,--,--,國語文學業,--,--,公社學業,--,--,生活科技學業,--,--,資訊科技學業,--,--,學測國文,--,--,學測社會,--,--
第一至七類學群,017,中國文化大學,01722,財務金融學系財務金融組,,一般,15,10,底標,7級分,--,--,--,--,--,--,--,--,--,--,--,,,,,,,,,,,,,,,,3,7,在校學業,47%,45%,國語文學業,--,--,公社學業,--,--,生活科技學業,--,--,資訊科技學業,--,--,學測國文,--,--,學測數B,--,--
第一至七類學群,017,中國文化大學,01722,財務金融學系財務金融組,,外加,1,0,底標,7級分,--,--,--,--,--,--,--,--,--,--,--,,,,,,,,,,,,,,,,0,--,在校學業,--,--,國語文學業,--,--,公社學業,--,--,生活科技學業,--,--,資訊科技學業,--,--,學測國文,--,--,學測數B,--,--
第一至七類學群,017,中國文化大學,01723,財務金融學系數位金融組,,一般,3,0,底標,7級分,--,--,--,--,--,--,--,--,--,--,--,,,,,,,,,,,,,,,,0,--,在校學業,--,--,國語文學業,--,--,公社學業,--,--,生活科技學業,--,--,資訊科技學業,--,--,學測國文,--,--,學測社會,--,--
第一至七類學群,017,中國文化大學,01723,財務金融學系數位金融組,,外加,1,0,底標,7級分,--,--,--,--,--,--,--,--,--,--,--,,,,,,,,,,,,,,,,0,--,在校學業,--,--,國語文學業,--,--,公社學業,--,--,生活科技學業,--,--,資訊科技學業,--,--,學測國文,--,--,學測社會,--,--
第一至七類學群,017,中國文化大學,01724,行銷學士學位學程,,一般,3,2,--,--,--,--,--,--,--,--,底標,7級分,--,--,--,,,,,,,,,,,,,,,,1,1,在校學業,40%,46%,學測社會,--,--,學測國文,--,--,公社學業,--,--,國語文學業,--,--,學測英文,--,--,英語文學業,--,--
第一至七類學群,017,中國文化大學,01724,行銷學士學位學程,,外加,1,0,--,--,--,--,--,--,--,--,底標,7級分,--,--,--,,,,,,,,,,,,,,,,0,--,在校學業,--,--,學測社會,--,--,學測國文,--,--,公社學業,--,--,國語文學業,--,--,學測英文,--,--,英語文學業,--,--
第一至七類學群,017,中國文化大學,01725,新聞學系,,一般,6,1,底標,7級分,--,--,--,--,--,--,--,--,--,--,--,,,,,,,,,,,,,,,,1,--,在校學業,24%,--,學測國文,--,--,學測英文,--,--,學測社會,--,--,學測國英社,--,--,國語文學業,--,--,英語文學業,--,--
第一至七類學群,017,中國文化大學,01725,新聞學系,,外加,1,0,底標,7級分,--,--,--,--,--,--,--,--,--,--,--,,,,,,,,,,,,,,,,0,--,在校學業,--,--,學測國文,--,--,學測英文,--,--,學測社會,--,--,學測國英社,--,--,國語文學業,--,--,英語文學業,--,--
第一至七類學群,017,中國文化大學,01726,廣告學系,,一般,9,5,底標,7級分,--,--,--,--,--,--,--,--,--,--,--,,,,,,,,,,,,,,,,2,3,在校學業,39%,41%,學測英文,--,--,英語文學業,--,--,學測社會,--,--,公社學業,--,--,學測國文,--,--,學測國英社自,--,--
第一至七類學群,017,中國文化大學,01726,廣告學系,,外加,1,0,底標,7級分,--,--,--,--,--,--,--,--,--,--,--,,,,,,,,,,,,,,,,0,--,在校學業,--,--,學測英文,--,--,英語文學業,--,--,學測社會,--,--,公社學業,--,--,學測國文,--,--,學測國英社自,--,--
第一至七類學群,017,中國文化大學,01727,大眾傳播學系,,一般,40,22,底標,7級分,--,--,--,--,--,--,--,--,--,--,--,,,,,,,,,,,,,,,,11,11,在校學業,48%,49%,國語文學業,--,--,英語文學業,--,--,資訊科技學業,--,--,學測國文,--,--,學測英文,--,--,學測社會,--,--
第一至七類學群,017,中國文化大學,01727,大眾傳播學系,,外加,2,0,底標,7級分,--,--,--,--,--,--,--,--,--,--,--,,,,,,,,,,,,,,,,0,--,在校學業,--,--,國語文學業,--,--,英語文學業,--,--,資訊科技學業,--,--,學測國文,--,--,學測英文,--,--,學測社會,--,--
第一至七類學群,017,中國文化大學,01728,都市計劃與開發管理學系,,一般,6,2,底標,7級分,--,--,--,--,--,--,--,--,--,--,--,,,,,,,,,,,,,,,,0,2,在校學業,--,48%,學測國文,--,--,學測社會,--,--,國語文學業,--,--,公社學業,--,--,地理學業,--,--,歷史學業,--,--
第一至七類學群,017,中國文化大學,01728,都市計劃與開發管理學系,,外加,1,0,底標,7級分,--,--,--,--,--,--,--,--,--,--,--,,,,,,,,,,,,,,,,0,--,在校學業,--,--,學測國文,--,--,學測社會,--,--,國語文學業,--,--,公社學業,--,--,地理學業,--,--,歷史學業,--,--
第一至七類學群,017,中國文化大學,01729,教育與學習科技學系,,一般,7,1,--,--,--,--,--,--,--,--,底標,7級分,--,--,--,,,,,,,,,,,,,,,,1,--,在校學業,34%,--,公社學業,--,--,國語文學業,--,--,歷史學業,--,--,英語文學業,--,--,學測國文,--,--,學測社會,--,--
第一至七類學群,017,中國文化大學,01729,教育與學習科技學系,,外加,1,0,--,--,--,--,--,--,--,--,底標,7級分,--,--,--,,,,,,,,,,,,,,,,0,--,在校學業,--,--,公社學業,--,--,國語文學業,--,--,歷史學業,--,--,英語文學業,--,--,學測國文,--,--,學測社會,--,--
第一至七類學群,017,中國文化大學,01730,心理輔導學系,,一般,20,20,--,--,--,--,--,--,--,--,底標,7級分,--,--,--,,,,,,,,,,,,,,,,17,3,在校學業,49%,33%,學測國文,--,--,學測英文,--,--,學測社會,--,--,國語文學業,--,--,英語文學業,--,--,公社學業,--,--
第一至七類學群,017,中國文化大學,01730,心理輔導學系,,外加,2,0,--,--,--,--,--,--,--,--,底標,7級分,--,--,--,,,,,,,,,,,,,,,,0,--,在校學業,--,--,學測國文,--,--,學測英文,--,--,學測社會,--,--,國語文學業,--,--,英語文學業,--,--,公社學業,--,--
第一至七類學群,017,中國文化大學,01731,應用數學系,,一般,5,2,--,--,--,--,底標,3級分,--,--,--,--,--,--,--,,,,,,,,,,,,,,,,0,2,在校學業,--,39%,學測數A,--,--,數學學業,--,--,學測自然,--,--,學測數A自,--,--,英語文學業,--,--,學測國文,--,--
第一至七類學群,017,中國文化大學,01731,應用數學系,,外加,1,0,--,--,--,--,底標,3級分,--,--,--,--,--,--,--,,,,,,,,,,,,,,,,0,--,在校學業,--,--,學測數A,--,--,數學學業,--,--,學測自然,--,--,學測數A自,--,--,英語文學業,--,--,學測國文,--,--
第一至七類學群,017,中國文化大學,01732,光電物理學系,,一般,3,1,--,--,--,--,--,--,--,--,--,--,底標,5級分,--,,,,,,,,,,,,,,,,0,1,在校學業,--,45%,學測數A自,--,--,學測自然,--,--,物理學業,--,--,數學學業,--,--,學測數A,--,--,化學學業,--,--
第一至七類學群,017,中國文化大學,01732,光電物理學系,,外加,1,0,--,--,--,--,--,--,--,--,--,--,底標,5級分,--,,,,,,,,,,,,,,,,0,--,在校學業,--,--,學測數A自,--,--,學測自然,--,--,物理學業,--,--,數學學業,--,--,學測數A,--,--,化學學業,--,--
第一至七類學群,017,中國文化大學,01733,化學系,,一般,3,0,--,--,--,--,--,--,--,--,--,--,底標,5級分,--,,,,,,,,,,,,,,,,0,--,在校學業,--,--,學測自然,--,--,化學學業,--,--,生物學業,--,--,物理學業,--,--,學測國自,--,--,學測英文,--,--
第一至七類學群,017,中國文化大學,01733,化學系,,外加,1,0,--,--,--,--,--,--,--,--,--,--,底標,5級分,--,,,,,,,,,,,,,,,,0,--,在校學業,--,--,學測自然,--,--,化學學業,--,--,生物學業,--,--,物理學業,--,--,學測國自,--,--,學測英文,--,--
第一至七類學群,017,中國文化大學,01734,地理學系,,一般,5,4,底標,7級分,--,--,--,--,--,--,--,--,--,--,--,,,,,,,,,,,,,,,,0,4,在校學業,--,42%,學測國文,--,--,學測英文,--,--,學測自然,--,--,地理學業,--,--,國語文學業,--,--,地科學業,--,--
第一至七類學群,017,中國文化大學,01734,地理學系,,外加,1,0,底標,7級分,--,--,--,--,--,--,--,--,--,--,--,,,,,,,,,,,,,,,,0,--,在校學業,--,--,學測國文,--,--,學測英文,--,--,學測自然,--,--,地理學業,--,--,國語文學業,--,--,地科學業,--,--
第一至七類學群,017,中國文化大學,01735,大氣與地質科學系,,一般,3,3,--,--,--,--,底標,3級分,底標,3級分,--,--,--,--,--,,,,,,,,,,,,,,,,2,1,在校學業,29%,29%,地科學業,--,--,數學學業,--,--,物理學業,--,--,化學學業,--,--,學測國英自,--,--,學測自然,--,--
第一至七類學群,017,中國文化大學,01735,大氣與地質科學系,,外加,1,0,--,--,--,--,底標,3級分,底標,3級分,--,--,--,--,--,,,,,,,,,,,,,,,,0,--,在校學業,--,--,地科學業,--,--,數學學業,--,--,物理學業,--,--,化學學業,--,--,學測國英自,--,--,學測自然,--,--
第一至七類學群,017,中國文化大學,01736,化學工程與材料工程學系,,一般,14,6,--,--,--,--,--,--,--,--,--,--,底標,5級分,--,,,,,,,,,,,,,,,,3,3,在校學業,29%,44%,化學學業,--,--,學測自然,--,--,學測國文,--,--,國語文學業,--,--,數學學業,--,--,學測英文,--,--
第一至七類學群,017,中國文化大學,01736,化學工程與材料工程學系,,外加,1,0,--,--,--,--,--,--,--,--,--,--,底標,5級分,--,,,,,,,,,,,,,,,,0,--,在校學業,--,--,化學學業,--,--,學測自然,--,--,學測國文,--,--,國語文學業,--,--,數學學業,--,--,學測英文,--,--
第一至七類學群,017,中國文化大學,01737,電機工程學系,,一般,11,11,--,--,--,--,底標,3級分,--,--,--,--,--,--,--,,,,,,,,,,,,,,,,8,3,在校學業,49%,34%,學測國英數A自,--,--,學測國文,--,--,學測英文,--,--,學測數A,--,--,學測自然,--,--,數學學業,--,--
第一至七類學群,017,中國文化大學,01737,電機工程學系,,外加,2,0,--,--,--,--,底標,3級分,--,--,--,--,--,--,--,,,,,,,,,,,,,,,,0,--,在校學業,--,--,學測國英數A自,--,--,學測國文,--,--,學測英文,--,--,學測數A,--,--,學測自然,--,--,數學學業,--,--
第一至七類學群,017,中國文化大學,01738,機械工程學系,,一般,3,3,--,--,--,--,底標,3級分,底標,3級分,--,--,--,--,--,,,,,,,,,,,,,,,,0,3,在校學業,--,48%,學測國英自,--,--,學測自然,--,--,學測英文,--,--,學測國文,--,--,數學學業,--,--,物理學業,--,--
第一至七類學群,017,中國文化大學,01738,機械工程學系,,外加,1,0,--,--,--,--,底標,3級分,底標,3級分,--,--,--,--,--,,,,,,,,,,,,,,,,0,--,在校學業,--,--,學測國英自,--,--,學測自然,--,--,學測英文,--,--,學測國文,--,--,數學學業,--,--,物理學業,--,--
第一至七類學群,017,中國文化大學,01739,紡織科技創新與應用工程學系,,一般,3,1,底標,7級分,--,--,--,--,--,--,--,--,--,--,--,,,,,,,,,,,,,,,,0,1,在校學業,--,37%,國語文學業,--,--,英語文學業,--,--,數學學業,--,--,學測國文,--,--,學測英文,--,--,學測國英,--,--
第一至七類學群,017,中國文化大學,01740,資訊工程學系,,一般,15,12,--,--,--,--,底標,3級分,底標,3級分,--,--,--,--,--,,,,,,,,,,,,,,,,3,9,在校學業,36%,49%,學測國英,--,--,學測國文,--,--,學測英文,--,--,資訊科技學業,--,--,數學學業,--,--,學測自然,--,--
第一至七類學群,017,中國文化大學,01740,資訊工程學系,,外加,2,0,--,--,--,--,底標,3級分,底標,3級分,--,--,--,--,--,,,,,,,,,,,,,,,,0,--,在校學業,--,--,學測國英,--,--,學測國文,--,--,學測英文,--,--,資訊科技學業,--,--,數學學業,--,--,學測自然,--,--
第一至七類學群,017,中國文化大學,01741,資訊傳播學系,,一般,4,4,底標,7級分,--,--,--,--,--,--,--,--,--,--,--,,,,,,,,,,,,,,,,0,4,在校學業,--,39%,學測國英,--,--,數學學業,--,--,學測國文,--,--,學測英文,--,--,國語文學業,--,--,英語文學業,--,--
第一至七類學群,017,中國文化大學,01741,資訊傳播學系,,外加,1,0,底標,7級分,--,--,--,--,--,--,--,--,--,--,--,,,,,,,,,,,,,,,,0,--,在校學業,--,--,學測國英,--,--,數學學業,--,--,學測國文,--,--,學測英文,--,--,國語文學業,--,--,英語文學業,--,--
第一至七類學群,017,中國文化大學,01742,建築及都市設計學系,,一般,8,7,底標,7級分,--,--,--,--,--,--,--,--,--,--,--,,,,,,,,,,,,,,,,1,6,在校學業,42%,50%,學測國文,--,--,學測英文,--,--,國語文學業,--,--,英語文學業,--,--,數學學業,--,--,資訊科技學業,--,--
第一至七類學群,017,中國文化大學,01742,建築及都市設計學系,,外加,1,0,底標,7級分,--,--,--,--,--,--,--,--,--,--,--,,,,,,,,,,,,,,,,0,--,在校學業,--,--,學測國文,--,--,學測英文,--,--,國語文學業,--,--,英語文學業,--,--,數學學業,--,--,資訊科技學業,--,--
第一至七類學群,017,中國文化大學,01743,土地資源學系,,一般,6,1,底標,7級分,--,--,--,--,--,--,--,--,--,--,--,,,,,,,,,,,,,,,,1,--,在校學業,14%,--,國語文學業,--,--,學測國英,--,--,學測國文,--,--,英語文學業,--,--,學測英文,--,--,數學學業,--,--
第一至七類學群,017,中國文化大學,01743,土地資源學系,,外加,1,0,底標,7級分,--,--,--,--,--,--,--,--,--,--,--,,,,,,,,,,,,,,,,0,--,在校學業,--,--,國語文學業,--,--,學測國英,--,--,學測國文,--,--,英語文學業,--,--,學測英文,--,--,數學學業,--,--
第一至七類學群,017,中國文化大學,01744,生命科學系,,一般,7,6,--,--,--,--,--,--,--,--,--,--,底標,5級分,--,,,,,,,,,,,,,,,,3,3,在校學業,43%,50%,學測自然,--,--,學測英文,--,--,學測國文,--,--,生物學業,--,--,英語文學業,--,--,化學學業,--,--
第一至七類學群,017,中國文化大學,01744,生命科學系,,外加,1,0,--,--,--,--,--,--,--,--,--,--,底標,5級分,--,,,,,,,,,,,,,,,,0,--,在校學業,--,--,學測自然,--,--,學測英文,--,--,學測國文,--,--,生物學業,--,--,英語文學業,--,--,化學學業,--,--
第一至七類學群,017,中國文化大學,01745,園藝暨生物技術學系,,一般,4,1,--,--,--,--,--,--,--,--,--,--,底標,5級分,--,,,,,,,,,,,,,,,,0,1,在校學業,--,25%,學測國自,--,--,學測自然,--,--,學測國文,--,--,生物學業,--,--,國語文學業,--,--,化學學業,--,--
第一至七類學群,017,中國文化大學,01745,園藝暨生物技術學系,,外加,1,0,--,--,--,--,--,--,--,--,--,--,底標,5級分,--,,,,,,,,,,,,,,,,0,--,在校學業,--,--,學測國自,--,--,學測自然,--,--,學測國文,--,--,生物學業,--,--,國語文學業,--,--,化學學業,--,--
第一至七類學群,017,中國文化大學,01746,動物科學系,,一般,9,9,--,--,--,--,--,--,--,--,--,--,底標,5級分,--,,,,,,,,,,,,,,,,3,6,在校學業,46%,47%,生物學業,--,--,學測自然,--,--,英語文學業,--,--,學測英文,--,--,化學學業,--,--,學測國英自,--,--
第一至七類學群,017,中國文化大學,01746,動物科學系,,外加,1,0,--,--,--,--,--,--,--,--,--,--,底標,5級分,--,,,,,,,,,,,,,,,,0,--,在校學業,--,--,生物學業,--,--,學測自然,--,--,英語文學業,--,--,學測英文,--,--,化學學業,--,--,學測國英自,--,--
第一至七類學群,017,中國文化大學,01747,森林暨自然保育學系,,一般,3,0,--,--,--,--,--,--,--,--,--,--,底標,5級分,--,,,,,,,,,,,,,,,,0,--,在校學業,--,--,生物學業,--,--,學測自然,--,--,學測國文,--,--,學測英文,--,--,英語文學業,--,--,地科學業,--,--
第一至七類學群,017,中國文化大學,01747,森林暨自然保育學系,,外加,1,0,--,--,--,--,--,--,--,--,--,--,底標,5級分,--,,,,,,,,,,,,,,,,0,--,在校學業,--,--,生物學業,--,--,學測自然,--,--,學測國文,--,--,學測英文,--,--,英語文學業,--,--,地科學業,--,--
第一至七類學群,017,中國文化大學,01748,保健營養學系,,一般,12,8,--,--,--,--,--,--,--,--,--,--,底標,5級分,--,,,,,,,,,,,,,,,,0,8,在校學業,--,49%,學測國自,--,--,學測英文,--,--,學測自然,--,--,化學學業,--,--,生物學業,--,--,學測國文,--,--
第一至七類學群,017,中國文化大學,01748,保健營養學系,,外加,1,0,--,--,--,--,--,--,--,--,--,--,底標,5級分,--,,,,,,,,,,,,,,,,0,--,在校學業,--,--,學測國自,--,--,學測英文,--,--,學測自然,--,--,化學學業,--,--,生物學業,--,--,學測國文,--,--
第一至七類學群,017,中國文化大學,01749,景觀學系,,一般,3,3,底標,7級分,--,--,--,--,--,--,--,--,--,--,--,,,,,,,,,,,,,,,,1,2,在校學業,27%,23%,學測國英,--,--,學測國文,--,--,學測英文,--,--,生物學業,--,--,地理學業,--,--,英語文學業,--,--
第一至七類學群,017,中國文化大學,01749,景觀學系,,外加,1,0,底標,7級分,--,--,--,--,--,--,--,--,--,--,--,,,,,,,,,,,,,,,,0,--,在校學業,--,--,學測國英,--,--,學測國文,--,--,學測英文,--,--,生物學業,--,--,地理學業,--,--,英語文學業,--,--
第一至七類學群,018,靜宜大學,01801,英國語文學系,,一般,12,12,--,--,底標,3級分,--,--,--,--,--,--,--,--,--,,,,,,,,,,,,,,,,6,6,在校學業,36%,46%,英語文學業,--,--,學測英文,--,--,學測國文,--,--,學測社會,--,--,國語文學業,--,--,公社學業,--,--
第一至七類學群,018,靜宜大學,01801,英國語文學系,,外加,1,0,--,--,底標,3級分,--,--,--,--,--,--,--,--,--,,,,,,,,,,,,,,,,0,--,在校學業,--,--,英語文學業,--,--,學測英文,--,--,學測國文,--,--,學測社會,--,--,國語文學業,--,--,公社學業,--,--
第一至七類學群,018,靜宜大學,01802,西班牙語文學系,,一般,10,10,--,--,底標,3級分,--,--,--,--,--,--,--,--,--,,,,,,,,,,,,,,,,5,5,在校學業,48%,43%,學測國英,--,--,學測英文,--,--,學測國文,--,--,學測社會,--,--,英語文學業,--,--,國語文學業,--,--
第一至七類學群,018,靜宜大學,01802,西班牙語文學系,,外加,2,0,--,--,底標,3級分,--,--,--,--,--,--,--,--,--,,,,,,,,,,,,,,,,0,--,在校學業,--,--,學測國英,--,--,學測英文,--,--,學測國文,--,--,學測社會,--,--,英語文學業,--,--,國語文學業,--,--
第一至七類學群,018,靜宜大學,01803,日本語文學系,,一般,25,25,後標,9級分,--,--,--,--,--,--,--,--,--,--,--,,,,,,,,,,,,,,,,19,6,在校學業,47%,40%,學測國文,--,--,學測社會,--,--,學測英文,--,--,學測國社,--,--,地理學業,--,--,歷史學業,--,--
第一至七類學群,018,靜宜大學,01803,日本語文學系,,外加,2,1,後標,9級分,--,--,--,--,--,--,--,--,--,--,--,,,,,,,,,,,,,,,,1,--,在校學業,39%,--,學測國文,--,--,學測社會,--,--,學測英文,--,--,學測國社,--,--,地理學業,--,--,歷史學業,--,--
第一至七類學群,018,靜宜大學,01804,中國文學系,,一般,6,3,底標,7級分,--,--,--,--,--,--,--,--,--,--,--,,,,,,,,,,,,,,,,1,2,在校學業,35%,50%,學測國文,--,--,學測社會,--,--,學測國社,--,--,國語文學業,--,--,歷史學業,--,--,地理學業,--,--
第一至七類學群,018,靜宜大學,01804,中國文學系,,外加,1,0,底標,7級分,--,--,--,--,--,--,--,--,--,--,--,,,,,,,,,,,,,,,,0,--,在校學業,--,--,學測國文,--,--,學測社會,--,--,學測國社,--,--,國語文學業,--,--,歷史學業,--,--,地理學業,--,--
第一至七類學群,018,靜宜大學,01805,社會工作與兒童少年福利學系,,一般,20,20,底標,7級分,--,--,--,--,--,--,--,--,--,--,--,,,,,,,,,,,,,,,,15,5,在校學業,49%,28%,學測國英,--,16,學測國文,--,--,學測英文,--,--,學測社會,--,--,國語文學業,--,--,英語文學業,--,--
第一至七類學群,018,靜宜大學,01805,社會工作與兒童少年福利學系,,外加,2,1,底標,7級分,--,--,--,--,--,--,--,--,--,--,--,,,,,,,,,,,,,,,,1,--,在校學業,46%,--,學測國英,--,--,學測國文,--,--,學測英文,--,--,學測社會,--,--,國語文學業,--,--,英語文學業,--,--
第一至七類學群,018,靜宜大學,01806,台灣文學系,,一般,6,3,底標,7級分,--,--,--,--,--,--,--,--,--,--,--,,,,,,,,,,,,,,,,0,3,在校學業,--,49%,學測國社,--,--,學測國文,--,--,學測社會,--,--,國語文學業,--,--,歷史學業,--,--,地理學業,--,--
第一至七類學群,018,靜宜大學,01806,台灣文學系,,外加,1,0,底標,7級分,--,--,--,--,--,--,--,--,--,--,--,,,,,,,,,,,,,,,,0,--,在校學業,--,--,學測國社,--,--,學測國文,--,--,學測社會,--,--,國語文學業,--,--,歷史學業,--,--,地理學業,--,--
第一至七類學群,018,靜宜大學,01807,法律學系,,一般,30,30,後標,9級分,--,--,--,--,--,--,後標,8級分,--,--,--,,,,,,,,,,,,,,,,22,8,在校學業,49%,37%,學測英文,--,--,學測社會,--,--,學測國英,--,--,英語文學業,--,--,國語文學業,--,--,數學學業,--,--
第一至七類學群,018,靜宜大學,01807,法律學系,,外加,2,0,後標,9級分,--,--,--,--,--,--,後標,8級分,--,--,--,,,,,,,,,,,,,,,,0,--,在校學業,--,--,學測英文,--,--,學測社會,--,--,學測國英,--,--,英語文學業,--,--,國語文學業,--,--,數學學業,--,--
第一至七類學群,018,靜宜大學,01808,生態人文學系,,一般,5,3,底標,7級分,--,--,--,--,--,--,--,--,--,--,--,,,,,,,,,,,,,,,,0,3,在校學業,--,49%,學測國文,--,--,學測英文,--,--,國語文學業,--,--,英語文學業,--,--,數學學業,--,--,生物學業,--,--
第一至七類學群,018,靜宜大學,01808,生態人文學系,,外加,2,0,底標,7級分,--,--,--,--,--,--,--,--,--,--,--,,,,,,,,,,,,,,,,0,--,在校學業,--,--,學測國文,--,--,學測英文,--,--,國語文學業,--,--,英語文學業,--,--,數學學業,--,--,生物學業,--,--
第一至七類學群,018,靜宜大學,01809,大眾傳播學系,,一般,16,16,底標,7級分,--,--,--,--,--,--,--,--,--,--,--,,,,,,,,,,,,,,,,16,--,在校學業,47%,--,學測國英,--,--,學測國文,--,--,學測英文,--,--,國語文學業,--,--,英語文學業,--,--,公社學業,--,--
第一至七類學群,018,靜宜大學,01809,大眾傳播學系,,外加,1,1,底標,7級分,--,--,--,--,--,--,--,--,--,--,--,,,,,,,,,,,,,,,,1,--,在校學業,46%,--,學測國英,--,--,學測國文,--,--,學測英文,--,--,國語文學業,--,--,英語文學業,--,--,公社學業,--,--
第一至七類學群,018,靜宜大學,01810,行銷與數位經營管理學系,,一般,14,14,底標,7級分,--,--,--,--,--,--,--,--,--,--,--,,,,,,,,,,,,,,,,6,8,在校學業,46%,35%,學測國文,--,11,學測英文,--,3,國語文學業,--,18%,英語文學業,--,--,數學學業,--,--,學測社會,--,--
第一至七類學群,018,靜宜大學,01810,行銷與數位經營管理學系,,外加,1,0,底標,7級分,--,--,--,--,--,--,--,--,--,--,--,,,,,,,,,,,,,,,,0,--,在校學業,--,--,學測國文,--,--,學測英文,--,--,國語文學業,--,--,英語文學業,--,--,數學學業,--,--,學測社會,--,--
第一至七類學群,018,靜宜大學,01811,國際企業學系,,一般,15,15,底標,7級分,--,--,--,--,--,--,--,--,--,--,--,,,,,,,,,,,,,,,,4,11,在校學業,48%,39%,學測英文,--,--,英語文學業,--,--,學測國文,--,--,學測社會,--,--,國語文學業,--,--,歷史學業,--,--
第一至七類學群,018,靜宜大學,01811,國際企業學系,,外加,1,0,底標,7級分,--,--,--,--,--,--,--,--,--,--,--,,,,,,,,,,,,,,,,0,--,在校學業,--,--,學測英文,--,--,英語文學業,--,--,學測國文,--,--,學測社會,--,--,國語文學業,--,--,歷史學業,--,--
第一至七類學群,018,靜宜大學,01812,會計學系,,一般,14,14,底標,7級分,--,--,--,--,--,--,--,--,--,--,--,,,,,,,,,,,,,,,,13,1,在校學業,50%,21%,學測國文,--,--,國語文學業,--,--,英語文學業,--,--,公社學業,--,--,歷史學業,--,--,數學學業,--,--
第一至七類學群,018,靜宜大學,01812,會計學系,,外加,1,0,底標,7級分,--,--,--,--,--,--,--,--,--,--,--,,,,,,,,,,,,,,,,0,--,在校學業,--,--,學測國文,--,--,國語文學業,--,--,英語文學業,--,--,公社學業,--,--,歷史學業,--,--,數學學業,--,--
第一至七類學群,018,靜宜大學,01813,觀光事業學系,,一般,13,13,底標,7級分,--,--,--,--,--,--,--,--,--,--,--,,,,,,,,,,,,,,,,7,6,在校學業,42%,36%,學測英文,--,--,學測國文,--,--,英語文學業,--,--,國語文學業,--,--,學測社會,--,--,數學學業,--,--
第一至七類學群,018,靜宜大學,01813,觀光事業學系,,外加,3,0,底標,7級分,--,--,--,--,--,--,--,--,--,--,--,,,,,,,,,,,,,,,,0,--,在校學業,--,--,學測英文,--,--,學測國文,--,--,英語文學業,--,--,國語文學業,--,--,學測社會,--,--,數學學業,--,--
第一至七類學群,018,靜宜大學,01814,財務金融學系,,一般,20,20,底標,7級分,--,--,--,--,--,--,--,--,--,--,--,,,,,,,,,,,,,,,,20,--,在校學業,36%,--,學測國文,--,--,數學學業,--,--,英語文學業,--,--,歷史學業,--,--,地理學業,--,--,公社學業,--,--
第一至七類學群,018,靜宜大學,01814,財務金融學系,,外加,2,1,底標,7級分,--,--,--,--,--,--,--,--,--,--,--,,,,,,,,,,,,,,,,1,--,在校學業,26%,--,學測國文,--,--,數學學業,--,--,英語文學業,--,--,歷史學業,--,--,地理學業,--,--,公社學業,--,--
第一至七類學群,018,靜宜大學,01815,資訊管理學系,,一般,22,22,底標,7級分,--,--,--,--,--,--,--,--,--,--,--,,,,,,,,,,,,,,,,6,16,在校學業,45%,47%,學測國英,--,15,學測國文,--,--,學測英文,--,--,數學學業,--,--,國語文學業,--,--,英語文學業,--,--
第一至七類學群,018,靜宜大學,01815,資訊管理學系,,外加,2,0,底標,7級分,--,--,--,--,--,--,--,--,--,--,--,,,,,,,,,,,,,,,,0,--,在校學業,--,--,學測國英,--,--,學測國文,--,--,學測英文,--,--,數學學業,--,--,國語文學業,--,--,英語文學業,--,--
第一至七類學群,018,靜宜大學,01816,寰宇管理學士學位學程,,一般,1,1,--,--,底標,3級分,--,--,--,--,--,--,--,--,--,,,,,,,,,,,,,,,,1,--,在校學業,39%,--,學測英文,--,--,學測國英,--,--,英語文學業,--,--,國語文學業,--,--,數學學業,--,--,公社學業,--,--
第一至七類學群,018,靜宜大學,01816,寰宇管理學士學位學程,,外加,1,0,--,--,底標,3級分,--,--,--,--,--,--,--,--,--,,,,,,,,,,,,,,,,0,--,在校學業,--,--,學測英文,--,--,學測國英,--,--,英語文學業,--,--,國語文學業,--,--,數學學業,--,--,公社學業,--,--
第一至七類學群,018,靜宜大學,01817,寰宇外語教育學士學位學程,,一般,2,1,--,--,底標,3級分,--,--,--,--,--,--,--,--,--,,,,,,,,,,,,,,,,0,1,在校學業,--,46%,學測英文,--,--,學測國英,--,--,英語文學業,--,--,國語文學業,--,--,歷史學業,--,--,公社學業,--,--
第一至七類學群,018,靜宜大學,01817,寰宇外語教育學士學位學程,,外加,1,0,--,--,底標,3級分,--,--,--,--,--,--,--,--,--,,,,,,,,,,,,,,,,0,--,在校學業,--,--,學測英文,--,--,學測國英,--,--,英語文學業,--,--,國語文學業,--,--,歷史學業,--,--,公社學業,--,--
第一至七類學群,018,靜宜大學,01818,智慧媒體與創新科技應用學士學位學程,,一般,3,3,--,--,底標,3級分,--,--,--,--,--,--,--,--,--,,,,,,,,,,,,,,,,1,2,在校學業,34%,47%,學測英文,--,--,學測國英,--,--,英語文學業,--,--,國語文學業,--,--,歷史學業,--,--,公社學業,--,--
第一至七類學群,018,靜宜大學,01818,智慧媒體與創新科技應用學士學位學程,,外加,1,0,--,--,底標,3級分,--,--,--,--,--,--,--,--,--,,,,,,,,,,,,,,,,0,--,在校學業,--,--,學測英文,--,--,學測國英,--,--,英語文學業,--,--,國語文學業,--,--,歷史學業,--,--,公社學業,--,--
第一至七類學群,018,靜宜大學,01819,財務工程學系,,一般,19,19,--,--,--,--,--,--,底標,3級分,--,--,--,--,--,,,,,,,,,,,,,,,,1,18,在校學業,42%,50%,學測數B,--,--,學測國文,--,--,國語文學業,--,--,數學學業,--,--,英語文學業,--,--,公社學業,--,--
第一至七類學群,018,靜宜大學,01819,財務工程學系,,外加,1,0,--,--,--,--,--,--,底標,3級分,--,--,--,--,--,,,,,,,,,,,,,,,,0,--,在校學業,--,--,學測數B,--,--,學測國文,--,--,國語文學業,--,--,數學學業,--,--,英語文學業,--,--,公社學業,--,--
第一至七類學群,018,靜宜大學,01820,應用化學系,,一般,18,18,底標,7級分,--,--,--,--,--,--,--,--,底標,5級分,--,,,,,,,,,,,,,,,,6,12,在校學業,49%,44%,學測自然,--,--,化學學業,--,--,英語文學業,--,--,數學學業,--,--,學測國文,--,--,國語文學業,--,--
第一至七類學群,018,靜宜大學,01820,應用化學系,,外加,1,0,底標,7級分,--,--,--,--,--,--,--,--,底標,5級分,--,,,,,,,,,,,,,,,,0,--,在校學業,--,--,學測自然,--,--,化學學業,--,--,英語文學業,--,--,數學學業,--,--,學測國文,--,--,國語文學業,--,--
第一至七類學群,018,靜宜大學,01821,化粧品科學系,,一般,20,20,底標,7級分,--,--,--,--,--,--,--,--,--,--,--,,,,,,,,,,,,,,,,5,15,在校學業,40%,47%,學測英文,--,--,學測國文,--,--,化學學業,--,--,生物學業,--,--,學測自然,--,--,數學學業,--,--
第一至七類學群,018,靜宜大學,01821,化粧品科學系,,外加,1,0,底標,7級分,--,--,--,--,--,--,--,--,--,--,--,,,,,,,,,,,,,,,,0,--,在校學業,--,--,學測英文,--,--,學測國文,--,--,化學學業,--,--,生物學業,--,--,學測自然,--,--,數學學業,--,--
第一至七類學群,018,靜宜大學,01822,資料科學暨大數據分析與應用學系,,一般,10,4,--,--,--,--,--,--,底標,3級分,--,--,--,--,--,,,,,,,,,,,,,,,,1,3,在校學業,29%,49%,學測數B,--,--,學測國文,--,--,數學學業,--,--,國語文學業,--,--,學測英文,--,--,英語文學業,--,--
第一至七類學群,018,靜宜大學,01822,資料科學暨大數據分析與應用學系,,外加,1,0,--,--,--,--,--,--,底標,3級分,--,--,--,--,--,,,,,,,,,,,,,,,,0,--,在校學業,--,--,學測數B,--,--,學測國文,--,--,數學學業,--,--,國語文學業,--,--,學測英文,--,--,英語文學業,--,--
第一至七類學群,018,靜宜大學,01823,永續環境與智慧科技學士學位學程,,一般,5,1,底標,7級分,--,--,--,--,--,--,--,--,--,--,--,,,,,,,,,,,,,,,,0,1,在校學業,--,49%,學測自然,--,--,英語文學業,--,--,數學學業,--,--,學測國文,--,--,國語文學業,--,--,學測國自,--,--
第一至七類學群,018,靜宜大學,01823,永續環境與智慧科技學士學位學程,,外加,1,0,底標,7級分,--,--,--,--,--,--,--,--,--,--,--,,,,,,,,,,,,,,,,0,--,在校學業,--,--,學測自然,--,--,英語文學業,--,--,數學學業,--,--,學測國文,--,--,國語文學業,--,--,學測國自,--,--
第一至七類學群,018,靜宜大學,01824,資訊工程學系,,一般,30,30,--,--,--,--,--,--,底標,3級分,--,--,--,--,--,,,,,,,,,,,,,,,,12,18,在校學業,47%,45%,學測數B,--,--,學測英文,--,--,學測自然,--,--,學測國文,--,--,數學學業,--,--,英語文學業,--,--
第一至七類學群,018,靜宜大學,01824,資訊工程學系,,外加,3,0,--,--,--,--,--,--,底標,3級分,--,--,--,--,--,,,,,,,,,,,,,,,,0,--,在校學業,--,--,學測數B,--,--,學測英文,--,--,學測自然,--,--,學測國文,--,--,數學學業,--,--,英語文學業,--,--
第一至七類學群,018,靜宜大學,01825,人工智慧應用學系,,一般,22,14,--,--,--,--,底標,3級分,底標,3級分,--,--,--,--,--,,,,,,,,,,,,,,,,1,13,在校學業,47%,50%,數學學業,--,--,學測國英,--,--,學測國文,--,--,國語文學業,--,--,學測英文,--,--,英語文學業,--,--
第一至七類學群,018,靜宜大學,01825,人工智慧應用學系,,外加,2,0,--,--,--,--,底標,3級分,底標,3級分,--,--,--,--,--,,,,,,,,,,,,,,,,0,--,在校學業,--,--,數學學業,--,--,學測國英,--,--,學測國文,--,--,國語文學業,--,--,學測英文,--,--,英語文學業,--,--
第一至七類學群,018,靜宜大學,01826,晶片設計學士學位學程,,一般,12,3,--,--,--,--,底標,3級分,--,--,--,--,--,--,--,,,,,,,,,,,,,,,,0,3,在校學業,--,48%,學測數A,--,--,學測英文,--,--,學測自然,--,--,學測國文,--,--,數學學業,--,--,英語文學業,--,--
第一至七類學群,018,靜宜大學,01826,晶片設計學士學位學程,,外加,1,0,--,--,--,--,底標,3級分,--,--,--,--,--,--,--,,,,,,,,,,,,,,,,0,--,在校學業,--,--,學測數A,--,--,學測英文,--,--,學測自然,--,--,學測國文,--,--,數學學業,--,--,英語文學業,--,--
第一至七類學群,018,靜宜大學,01827,食品營養學系,,一般,16,16,--,--,--,--,--,--,--,--,--,--,底標,5級分,--,,,,,,,,,,,,,,,,6,10,在校學業,50%,44%,學測自然,--,--,學測國文,--,--,學測英文,--,--,化學學業,--,--,國語文學業,--,--,英語文學業,--,--
第一至七類學群,018,靜宜大學,01827,食品營養學系,,外加,1,0,--,--,--,--,--,--,--,--,--,--,底標,5級分,--,,,,,,,,,,,,,,,,0,--,在校學業,--,--,學測自然,--,--,學測國文,--,--,學測英文,--,--,化學學業,--,--,國語文學業,--,--,英語文學業,--,--
第一至七類學群,019,大同大學,01901,事業與資訊經營學系,,一般,20,20,--,--,--,--,底標,3級分,底標,3級分,--,--,--,--,--,,,,,,,,,,,,,,,,11,9,在校學業,50%,46%,學測國英,--,--,學測國文,--,--,學測英文,--,--,國語文學業,--,--,英語文學業,--,--,數學學業,--,--
第一至七類學群,019,大同大學,01901,事業與資訊經營學系,,外加,1,0,--,--,--,--,底標,3級分,底標,3級分,--,--,--,--,--,,,,,,,,,,,,,,,,0,--,在校學業,--,--,學測國英,--,--,學測國文,--,--,學測英文,--,--,國語文學業,--,--,英語文學業,--,--,數學學業,--,--
第一至七類學群,019,大同大學,01902,數位媒體設計學系互動媒體設計組,,一般,7,7,--,--,後標,4級分,--,--,--,--,--,--,--,--,--,,,,,,,,,,,,,,,,5,2,在校學業,45%,32%,學測國英,--,--,學測英文,--,--,學測國文,--,--,英語文學業,--,--,數學學業,--,--,國語文學業,--,--
第一至七類學群,019,大同大學,01902,數位媒體設計學系互動媒體設計組,,外加,1,0,--,--,後標,4級分,--,--,--,--,--,--,--,--,--,,,,,,,,,,,,,,,,0,--,在校學業,--,--,學測國英,--,--,學測英文,--,--,學測國文,--,--,英語文學業,--,--,數學學業,--,--,國語文學業,--,--
第一至七類學群,019,大同大學,01903,數位媒體設計學系數位遊戲設計組,,一般,8,8,--,--,--,--,--,--,後標,4級分,--,--,--,--,--,,,,,,,,,,,,,,,,5,3,在校學業,47%,33%,學測國英數B,--,--,學測數B,--,--,學測英文,--,--,學測國文,--,--,國語文學業,--,--,英語文學業,--,--
第一至七類學群,019,大同大學,01903,數位媒體設計學系數位遊戲設計組,,外加,1,0,--,--,--,--,--,--,後標,4級分,--,--,--,--,--,,,,,,,,,,,,,,,,0,--,在校學業,--,--,學測國英數B,--,--,學測數B,--,--,學測英文,--,--,學測國文,--,--,國語文學業,--,--,英語文學業,--,--
第一至七類學群,019,大同大學,01904,應用外語學系,,一般,7,7,--,--,後標,4級分,--,--,--,--,--,--,--,--,--,,,,,,,,,,,,,,,,7,--,在校學業,36%,--,英語文學業,--,--,國語文學業,--,--,學測英文,--,--,學測國文,--,--,學測社會,--,--,歷史學業,--,--
第一至七類學群,019,大同大學,01904,應用外語學系,,外加,1,0,--,--,後標,4級分,--,--,--,--,--,--,--,--,--,,,,,,,,,,,,,,,,0,--,在校學業,--,--,英語文學業,--,--,國語文學業,--,--,學測英文,--,--,學測國文,--,--,學測社會,--,--,歷史學業,--,--
第一至七類學群,019,大同大學,01905,機械與材料工程學系,,一般,15,15,--,--,--,--,後標,4級分,後標,4級分,--,--,--,--,--,,,,,,,,,,,,,,,,13,2,在校學業,50%,25%,學測自然,--,12,學測英文,--,--,學測國文,--,--,數學學業,--,--,物理學業,--,--,化學學業,--,--
第一至七類學群,019,大同大學,01905,機械與材料工程學系,,外加,1,0,--,--,--,--,後標,4級分,後標,4級分,--,--,--,--,--,,,,,,,,,,,,,,,,0,--,在校學業,--,--,學測自然,--,--,學測英文,--,--,學測國文,--,--,數學學業,--,--,物理學業,--,--,化學學業,--,--
第一至七類學群,019,大同大學,01906,電機工程學系,,一般,21,21,後標,9級分,後標,4級分,後標,4級分,--,--,--,--,--,--,--,,,,,,,,,,,,,,,,11,10,在校學業,50%,49%,學測數A,--,--,學測英文,--,--,學測自然,--,--,數學學業,--,--,英語文學業,--,--,國語文學業,--,--
第一至七類學群,019,大同大學,01906,電機工程學系,,外加,1,0,後標,9級分,後標,4級分,後標,4級分,--,--,--,--,--,--,--,,,,,,,,,,,,,,,,0,--,在校學業,--,--,學測數A,--,--,學測英文,--,--,學測自然,--,--,數學學業,--,--,英語文學業,--,--,國語文學業,--,--
第一至七類學群,019,大同大學,01907,工業設計學系,,一般,14,14,--,--,後標,4級分,底標,3級分,底標,3級分,--,--,--,--,--,,,,,,,,,,,,,,,,6,8,在校學業,50%,42%,學測國英,--,--,學測英文,--,--,學測國文,--,--,英語文學業,--,--,國語文學業,--,--,數學學業,--,--
第一至七類學群,019,大同大學,01907,工業設計學系,,外加,1,0,--,--,後標,4級分,底標,3級分,底標,3級分,--,--,--,--,--,,,,,,,,,,,,,,,,0,--,在校學業,--,--,學測國英,--,--,學測英文,--,--,學測國文,--,--,英語文學業,--,--,國語文學業,--,--,數學學業,--,--
第一至七類學群,019,大同大學,01908,資訊工程學系,,一般,21,21,--,--,--,--,後標,4級分,後標,4級分,--,--,--,--,--,,,,,,,,,,,,,,,,19,2,在校學業,50%,25%,數學學業,--,13%,學測英文,--,--,學測國文,--,--,英語文學業,--,--,國語文學業,--,--,公社學業,--,--
第一至七類學群,019,大同大學,01908,資訊工程學系,,外加,1,0,--,--,--,--,後標,4級分,後標,4級分,--,--,--,--,--,,,,,,,,,,,,,,,,0,--,在校學業,--,--,數學學業,--,--,學測英文,--,--,學測國文,--,--,英語文學業,--,--,國語文學業,--,--,公社學業,--,--
第一至七類學群,019,大同大學,01909,工程學院學士班,,一般,8,8,--,--,後標,4級分,--,--,--,--,--,--,--,--,--,,,,,,,,,,,,,,,,5,3,在校學業,49%,29%,學測英文,--,--,學測自然,--,--,數學學業,--,--,英語文學業,--,--,物理學業,--,--,國語文學業,--,--
第一至七類學群,019,大同大學,01909,工程學院學士班,,外加,1,0,--,--,後標,4級分,--,--,--,--,--,--,--,--,--,,,,,,,,,,,,,,,,0,--,在校學業,--,--,學測英文,--,--,學測自然,--,--,數學學業,--,--,英語文學業,--,--,物理學業,--,--,國語文學業,--,--
第一至七類學群,019,大同大學,01910,化學工程與生物科技學系,,一般,15,15,--,--,後標,4級分,--,--,--,--,--,--,--,--,--,,,,,,,,,,,,,,,,4,11,在校學業,48%,40%,學測自然,--,--,學測英文,--,--,學測國文,--,--,生物學業,--,--,化學學業,--,--,英語文學業,--,--
第一至七類學群,019,大同大學,01910,化學工程與生物科技學系,,外加,1,0,--,--,後標,4級分,--,--,--,--,--,--,--,--,--,,,,,,,,,,,,,,,,0,--,在校學業,--,--,學測自然,--,--,學測英文,--,--,學測國文,--,--,生物學業,--,--,化學學業,--,--,英語文學業,--,--
第一至七類學群,020,輔仁大學,02001,中國文學系,,一般,18,18,後標,9級分,--,--,--,--,--,--,--,--,--,--,--,,,,,,,,,,,,,,,,2,16,在校學業,34%,46%,學測國文,--,--,學測社會,--,--,國語文學業,--,--,歷史學業,--,--,學測國英社,--,--,學測英文,--,--
第一至七類學群,020,輔仁大學,02001,中國文學系,,外加,2,0,後標,9級分,--,--,--,--,--,--,--,--,--,--,--,,,,,,,,,,,,,,,,0,--,在校學業,--,--,學測國文,--,--,學測社會,--,--,國語文學業,--,--,歷史學業,--,--,學測國英社,--,--,學測英文,--,--
第一至七類學群,020,輔仁大學,02002,歷史學系,,一般,13,7,--,--,--,--,--,--,--,--,底標,7級分,--,--,--,,,,,,,,,,,,,,,,0,7,在校學業,--,43%,歷史學業,--,--,國語文學業,--,--,學測社會,--,--,學測國英社,--,--,學測國文,--,--,學測英文,--,--
第一至七類學群,020,輔仁大學,02002,歷史學系,,外加,1,0,--,--,--,--,--,--,--,--,底標,7級分,--,--,--,,,,,,,,,,,,,,,,0,--,在校學業,--,--,歷史學業,--,--,國語文學業,--,--,學測社會,--,--,學測國英社,--,--,學測國文,--,--,學測英文,--,--
第一至七類學群,020,輔仁大學,02003,哲學系,,一般,9,6,底標,7級分,--,--,--,--,--,--,--,--,--,--,--,,,,,,,,,,,,,,,,1,5,在校學業,27%,35%,學測國文,--,--,學測英文,--,--,學測社會,--,--,學測國英社,--,--,國語文學業,--,--,英語文學業,--,--
第一至七類學群,020,輔仁大學,02003,哲學系,,外加,1,0,底標,7級分,--,--,--,--,--,--,--,--,--,--,--,,,,,,,,,,,,,,,,0,--,在校學業,--,--,學測國文,--,--,學測英文,--,--,學測社會,--,--,學測國英社,--,--,國語文學業,--,--,英語文學業,--,--
第一至七類學群,020,輔仁大學,02004,人文與社區創新學士學位學程,,一般,4,4,--,--,--,--,--,--,--,--,底標,7級分,--,--,--,,,,,,,,,,,,,,,,0,4,在校學業,--,41%,學測社會,--,--,學測國文,--,--,公社學業,--,--,學測英文,--,--,生活科技學業,--,--,國語文學業,--,--
第一至七類學群,020,輔仁大學,02005,景觀設計學系,,一般,9,5,後標,9級分,後標,4級分,--,--,--,--,--,--,--,--,--,,,,,,,,,,,,,,,,1,4,在校學業,49%,22%,學測國英,--,--,學測英文,--,--,學測國文,--,--,公社學業,--,--,歷史學業,--,--,地理學業,--,--
第一至七類學群,020,輔仁大學,02006,影像傳播學系,,一般,11,11,均標,10級分,--,--,--,--,--,--,--,--,--,--,--,,,,,,,,,,,,,,,,7,4,在校學業,30%,10%,學測國英,--,--,學測英文,--,--,學測國文,--,--,英語文學業,--,--,國語文學業,--,--,公社學業,--,--
第一至七類學群,020,輔仁大學,02007,新聞傳播學系,,一般,9,9,均標,10級分,--,--,--,--,--,--,--,--,--,--,--,,,,,,,,,,,,,,,,9,--,在校學業,25%,--,學測國文,--,--,學測英文,--,--,學測社會,--,--,公社學業,--,--,國語文學業,--,--,英語文學業,--,--
第一至七類學群,020,輔仁大學,02007,新聞傳播學系,,外加,1,1,均標,10級分,--,--,--,--,--,--,--,--,--,--,--,,,,,,,,,,,,,,,,1,--,在校學業,36%,--,學測國文,--,--,學測英文,--,--,學測社會,--,--,公社學業,--,--,國語文學業,--,--,英語文學業,--,--
第一至七類學群,020,輔仁大學,02008,廣告傳播學系,,一般,9,9,--,--,均標,8級分,--,--,--,--,--,--,--,--,--,,,,,,,,,,,,,,,,9,--,在校學業,15%,--,學測國英數B,--,--,學測英文,--,--,學測數B,--,--,學測國文,--,--,英語文學業,--,--,數學學業,--,--
第一至七類學群,020,輔仁大學,02009,圖書資訊學系,,一般,7,7,底標,7級分,--,--,--,--,--,--,--,--,--,--,--,,,,,,,,,,,,,,,,0,7,在校學業,--,18%,學測國英數B,--,--,學測英文,--,--,學測國文,--,--,學測數B,--,--,英語文學業,--,--,國語文學業,--,--
第一至七類學群,020,輔仁大學,02010,教育領導與科技發展學士學位學程,,一般,5,5,均標,10級分,後標,4級分,--,--,--,--,--,--,--,--,--,,,,,,,,,,,,,,,,1,4,在校學業,29%,17%,學測國英,--,--,學測英文,--,--,學測國文,--,--,學測社會,--,--,英語文學業,--,--,國語文學業,--,--
第一至七類學群,020,輔仁大學,02011,體育學系體育學組,,一般,1,0,底標,7級分,底標,3級分,--,--,--,--,--,--,--,--,--,,,,,,,,,,,,,,,,0,--,在校學業,--,--,學測英文,--,--,學測國文,--,--,英語文學業,--,--,國語文學業,--,--,生物學業,--,--,資訊科技學業,--,--
第一至七類學群,020,輔仁大學,02012,體育學系運動健康管理組,,一般,1,1,底標,7級分,底標,3級分,--,--,--,--,--,--,--,--,--,,,,,,,,,,,,,,,,1,--,在校學業,3%,--,學測英文,--,--,學測國文,--,--,英語文學業,--,--,國語文學業,--,--,生物學業,--,--,資訊科技學業,--,--
第一至七類學群,020,輔仁大學,02013,英國語文學系,,一般,9,9,均標,10級分,前標,11級分,--,--,--,--,--,--,--,--,--,,,,,,,,,,,,,,,,8,1,在校學業,27%,3%,學測英文,--,--,學測國文,--,--,學測國英社,--,--,學測社會,--,--,英語文學業,--,--,國語文學業,--,--
第一至七類學群,020,輔仁大學,02013,英國語文學系,,外加,1,0,均標,10級分,前標,11級分,--,--,--,--,--,--,--,--,--,,,,,,,,,,,,,,,,0,--,在校學業,--,--,學測英文,--,--,學測國文,--,--,學測國英社,--,--,學測社會,--,--,英語文學業,--,--,國語文學業,--,--
第一至七類學群,020,輔仁大學,02014,法國語文學系,,一般,9,9,--,--,均標,8級分,--,--,--,--,--,--,--,--,--,,,,,,,,,,,,,,,,1,8,在校學業,13%,25%,學測國英,--,--,學測英文,--,--,學測國文,--,--,英語文學業,--,--,國語文學業,--,--,歷史學業,--,--
第一至七類學群,020,輔仁大學,02014,法國語文學系,,外加,2,0,--,--,均標,8級分,--,--,--,--,--,--,--,--,--,,,,,,,,,,,,,,,,0,--,在校學業,--,--,學測國英,--,--,學測英文,--,--,學測國文,--,--,英語文學業,--,--,國語文學業,--,--,歷史學業,--,--
第一至七類學群,020,輔仁大學,02015,西班牙語文學系,,一般,9,9,--,--,均標,8級分,--,--,--,--,--,--,--,--,--,,,,,,,,,,,,,,,,4,5,在校學業,31%,20%,學測國英,--,--,學測英文,--,--,學測國文,--,--,英語文學業,--,--,國語文學業,--,--,歷史學業,--,--
第一至七類學群,020,輔仁大學,02015,西班牙語文學系,,外加,2,1,--,--,均標,8級分,--,--,--,--,--,--,--,--,--,,,,,,,,,,,,,,,,1,--,在校學業,34%,--,學測國英,--,--,學測英文,--,--,學測國文,--,--,英語文學業,--,--,國語文學業,--,--,歷史學業,--,--
第一至七類學群,020,輔仁大學,02016,日本語文學系,,一般,30,30,均標,10級分,--,--,--,--,--,--,--,--,--,--,--,,,,,,,,,,,,,,,,15,15,在校學業,43%,16%,學測英文,--,--,學測國文,--,--,英語文學業,--,--,國語文學業,--,--,歷史學業,--,--,公社學業,--,--
第一至七類學群,020,輔仁大學,02017,義大利語文學系,,一般,8,8,--,--,後標,4級分,--,--,--,--,--,--,--,--,--,,,,,,,,,,,,,,,,0,8,在校學業,--,38%,學測英文,--,--,學測國文,--,--,英語文學業,--,--,國語文學業,--,--,歷史學業,--,--,地理學業,--,--
第一至七類學群,020,輔仁大學,02017,義大利語文學系,,外加,2,2,--,--,後標,4級分,--,--,--,--,--,--,--,--,--,,,,,,,,,,,,,,,,2,--,在校學業,48%,--,學測英文,--,--,學測國文,--,--,英語文學業,--,--,國語文學業,--,--,歷史學業,--,--,地理學業,--,--
第一至七類學群,020,輔仁大學,02018,德語語文學系,,一般,9,9,後標,9級分,後標,4級分,--,--,--,--,--,--,--,--,--,,,,,,,,,,,,,,,,3,6,在校學業,23%,19%,學測國英,--,--,學測英文,--,--,學測國文,--,--,英語文學業,--,--,國語文學業,--,--,歷史學業,--,--
第一至七類學群,020,輔仁大學,02018,德語語文學系,,外加,2,0,後標,9級分,後標,4級分,--,--,--,--,--,--,--,--,--,,,,,,,,,,,,,,,,0,--,在校學業,--,--,學測國英,--,--,學測英文,--,--,學測國文,--,--,英語文學業,--,--,國語文學業,--,--,歷史學業,--,--
第一至七類學群,020,輔仁大學,02019,國際溝通與科技創新學士學位學程,,一般,4,4,均標,10級分,均標,8級分,--,--,--,--,均標,10級分,--,--,--,,,,,,,,,,,,,,,,2,2,在校學業,16%,10%,學測英文,--,11,學測國文,--,--,學測國英社,--,--,學測社會,--,--,英語文學業,--,--,國語文學業,--,--
第一至七類學群,020,輔仁大學,02020,織品服裝學系織品設計組,,一般,5,3,--,--,後標,4級分,--,--,--,--,--,--,--,--,--,,,,,,,,,,,,,,,,0,3,在校學業,--,48%,學測國英,--,--,學測英文,--,--,學測國文,--,--,英語文學業,--,--,國語文學業,--,--,生活科技學業,--,--
第一至七類學群,020,輔仁大學,02021,織品服裝學系服飾設計組,,一般,4,4,--,--,後標,4級分,--,--,--,--,--,--,--,--,--,,,,,,,,,,,,,,,,1,3,在校學業,13%,23%,學測國英,--,--,學測英文,--,--,學測國文,--,--,英語文學業,--,--,國語文學業,--,--,生活科技學業,--,--
第一至七類學群,020,輔仁大學,02022,織品服裝學系織品服飾行銷組,,一般,14,14,--,--,後標,4級分,--,--,--,--,--,--,--,--,--,,,,,,,,,,,,,,,,6,8,在校學業,27%,17%,學測國英,--,--,學測英文,--,--,學測國文,--,--,英語文學業,--,--,國語文學業,--,--,生活科技學業,--,--
第一至七類學群,020,輔仁大學,02023,餐旅管理學系,,一般,14,12,--,--,後標,4級分,--,--,--,--,--,--,--,--,--,,,,,,,,,,,,,,,,2,10,在校學業,28%,46%,英語文學業,--,--,國語文學業,--,--,學測英文,--,--,學測國文,--,--,學測國英,--,--,學測社會,--,--
第一至七類學群,020,輔仁大學,02024,兒童與家庭學系,,一般,9,9,--,--,後標,4級分,--,--,--,--,--,--,--,--,--,,,,,,,,,,,,,,,,5,4,在校學業,29%,11%,學測英文,--,--,學測國文,--,--,學測國英,--,--,國語文學業,--,--,英語文學業,--,--,數學學業,--,--
第一至七類學群,020,輔仁大學,02025,法律學系,,一般,15,15,均標,10級分,均標,8級分,--,--,--,--,均標,10級分,--,--,--,,,,,,,,,,,,,,,,15,--,在校學業,7%,--,學測國文,--,--,學測社會,--,--,學測國英社,--,--,學測英文,--,--,英語文學業,--,--,公社學業,--,--
第一至七類學群,020,輔仁大學,02025,法律學系,,外加,1,0,均標,10級分,均標,8級分,--,--,--,--,均標,10級分,--,--,--,,,,,,,,,,,,,,,,0,--,在校學業,--,--,學測國文,--,--,學測社會,--,--,學測國英社,--,--,學測英文,--,--,英語文學業,--,--,公社學業,--,--
第一至七類學群,020,輔仁大學,02026,財經法律學系,,一般,8,8,均標,10級分,均標,8級分,--,--,--,--,均標,10級分,--,--,--,,,,,,,,,,,,,,,,8,--,在校學業,9%,--,學測國文,11,--,學測社會,--,--,學測國英社,--,--,學測英文,--,--,英語文學業,--,--,公社學業,--,--
第一至七類學群,020,輔仁大學,02026,財經法律學系,,外加,1,1,均標,10級分,均標,8級分,--,--,--,--,均標,10級分,--,--,--,,,,,,,,,,,,,,,,1,--,在校學業,43%,--,學測國文,--,--,學測社會,--,--,學測國英社,--,--,學測英文,--,--,英語文學業,--,--,公社學業,--,--
第一至七類學群,020,輔仁大學,02027,企業管理學系,,一般,27,27,--,--,均標,8級分,--,--,均標,6級分,--,--,--,--,--,,,,,,,,,,,,,,,,15,12,在校學業,40%,10%,學測國英數B,--,33,學測英文,--,--,學測數B,--,--,學測國文,--,--,英語文學業,--,--,數學學業,--,--
第一至七類學群,020,輔仁大學,02027,企業管理學系,,外加,3,0,--,--,均標,8級分,--,--,均標,6級分,--,--,--,--,--,,,,,,,,,,,,,,,,0,--,在校學業,--,--,學測國英數B,--,--,學測英文,--,--,學測數B,--,--,學測國文,--,--,英語文學業,--,--,數學學業,--,--
第一至七類學群,020,輔仁大學,02028,會計學系,,一般,18,18,均標,10級分,均標,8級分,--,--,--,--,--,--,--,--,--,,,,,,,,,,,,,,,,18,--,在校學業,14%,--,學測國英數B,--,--,學測英文,--,--,學測國文,--,--,學測數B,--,--,英語文學業,--,--,國語文學業,--,--
第一至七類學群,020,輔仁大學,02029,資訊管理學系,,一般,19,19,--,--,後標,4級分,--,--,後標,4級分,--,--,--,--,--,,,,,,,,,,,,,,,,17,2,在校學業,32%,4%,學測國英數B,--,--,學測數B,--,--,學測英文,--,--,學測國文,--,--,數學學業,--,--,英語文學業,--,--
第一至七類學群,020,輔仁大學,02030,統計資訊學系,,一般,17,17,--,--,--,--,--,--,均標,6級分,--,--,--,--,--,,,,,,,,,,,,,,,,7,10,在校學業,21%,18%,學測數B,--,9,學測英文,--,--,學測國文,--,--,數學學業,--,--,英語文學業,--,--,國語文學業,--,--
第一至七類學群,020,輔仁大學,02031,金融與國際企業學系,,一般,16,16,--,--,均標,8級分,--,--,均標,6級分,--,--,--,--,--,,,,,,,,,,,,,,,,16,--,在校學業,7%,--,英語文學業,7%,--,數學學業,--,--,學測英文,--,--,學測國文,--,--,學測社會,--,--,國語文學業,--,--
第一至七類學群,020,輔仁大學,02031,金融與國際企業學系,,外加,2,2,--,--,均標,8級分,--,--,均標,6級分,--,--,--,--,--,,,,,,,,,,,,,,,,2,--,在校學業,42%,--,英語文學業,--,--,數學學業,--,--,學測英文,--,--,學測國文,--,--,學測社會,--,--,國語文學業,--,--
第一至七類學群,020,輔仁大學,02032,社會學系,,一般,10,10,--,--,--,--,--,--,--,--,均標,10級分,--,--,--,,,,,,,,,,,,,,,,3,7,在校學業,28%,29%,學測英文,--,--,學測社會,--,--,學測國文,--,--,英語文學業,--,--,公社學業,--,--,國語文學業,--,--
第一至七類學群,020,輔仁大學,02032,社會學系,,外加,1,1,--,--,--,--,--,--,--,--,均標,10級分,--,--,--,,,,,,,,,,,,,,,,1,--,在校學業,39%,--,學測英文,--,--,學測社會,--,--,學測國文,--,--,英語文學業,--,--,公社學業,--,--,國語文學業,--,--
第一至七類學群,020,輔仁大學,02033,社會工作學系,,一般,10,10,均標,10級分,--,--,--,--,--,--,--,--,--,--,--,,,,,,,,,,,,,,,,3,7,在校學業,30%,24%,學測國文,--,--,國語文學業,--,--,公社學業,--,--,英語文學業,--,--,學測社會,--,--,學測英文,--,--
第一至七類學群,020,輔仁大學,02034,經濟學系,,一般,19,19,--,--,後標,4級分,--,--,均標,6級分,--,--,--,--,--,,,,,,,,,,,,,,,,18,1,在校學業,33%,5%,學測數B,--,8,學測英文,--,--,學測社會,--,--,數學學業,--,--,英語文學業,--,--,國語文學業,--,--
第一至七類學群,020,輔仁大學,02035,宗教學系,,一般,3,0,底標,7級分,--,--,--,--,--,--,--,--,--,--,--,,,,,,,,,,,,,,,,0,--,在校學業,--,--,學測國文,--,--,學測社會,--,--,學測國社,--,--,國語文學業,--,--,公社學業,--,--,英語文學業,--,--
第一至七類學群,020,輔仁大學,02036,數學系資訊數學組,,一般,12,12,--,--,--,--,均標,6級分,--,--,--,--,--,--,--,,,,,,,,,,,,,,,,0,12,在校學業,--,36%,學測數A,--,--,學測英文,--,--,學測自然,--,--,數學學業,--,--,英語文學業,--,--,物理學業,--,--
第一至七類學群,020,輔仁大學,02037,數學系應用數學組,,一般,12,12,--,--,--,--,均標,6級分,--,--,--,--,--,--,--,,,,,,,,,,,,,,,,0,12,在校學業,--,40%,學測數A,--,--,學測英文,--,--,學測自然,--,--,數學學業,--,--,英語文學業,--,--,物理學業,--,--
第一至七類學群,020,輔仁大學,02038,化學系,,一般,27,27,--,--,--,--,--,--,--,--,--,--,均標,9級分,--,,,,,,,,,,,,,,,,9,18,在校學業,43%,21%,學測英數A自,--,--,學測自然,--,--,學測英文,--,--,學測數A,--,--,學測國文,--,--,化學學業,--,--
第一至七類學群,020,輔仁大學,02038,化學系,,外加,3,0,--,--,--,--,--,--,--,--,--,--,均標,9級分,--,,,,,,,,,,,,,,,,0,--,在校學業,--,--,學測英數A自,--,--,學測自然,--,--,學測英文,--,--,學測數A,--,--,學測國文,--,--,化學學業,--,--
第一至七類學群,020,輔仁大學,02039,資訊工程學系,,一般,22,22,--,--,後標,4級分,後標,4級分,--,--,--,--,--,--,--,,,,,,,,,,,,,,,,12,10,在校學業,35%,16%,學測國英數A,--,--,學測數A,--,--,學測英文,--,--,學測國文,--,--,數學學業,--,--,英語文學業,--,--
第一至七類學群,020,輔仁大學,02039,資訊工程學系,,外加,2,0,--,--,後標,4級分,後標,4級分,--,--,--,--,--,--,--,,,,,,,,,,,,,,,,0,--,在校學業,--,--,學測國英數A,--,--,學測數A,--,--,學測英文,--,--,學測國文,--,--,數學學業,--,--,英語文學業,--,--
第一至七類學群,020,輔仁大學,02040,物理學系電子物理組,,一般,9,9,--,--,--,--,均標,6級分,--,--,--,--,--,--,--,,,,,,,,,,,,,,,,0,9,在校學業,--,27%,學測數A,--,7,學測自然,--,--,數學學業,--,--,物理學業,--,--,英語文學業,--,--,地科學業,--,--
第一至七類學群,020,輔仁大學,02040,物理學系電子物理組,,外加,1,0,--,--,--,--,均標,6級分,--,--,--,--,--,--,--,,,,,,,,,,,,,,,,0,--,在校學業,--,--,學測數A,--,--,學測自然,--,--,數學學業,--,--,物理學業,--,--,英語文學業,--,--,地科學業,--,--
第一至七類學群,020,輔仁大學,02041,物理學系光電物理組,,一般,9,9,--,--,--,--,均標,6級分,--,--,--,--,--,--,--,,,,,,,,,,,,,,,,0,9,在校學業,--,30%,學測數A,--,--,學測自然,--,--,數學學業,--,--,物理學業,--,--,英語文學業,--,--,地科學業,--,--
第一至七類學群,020,輔仁大學,02041,物理學系光電物理組,,外加,1,0,--,--,--,--,均標,6級分,--,--,--,--,--,--,--,,,,,,,,,,,,,,,,0,--,在校學業,--,--,學測數A,--,--,學測自然,--,--,數學學業,--,--,物理學業,--,--,英語文學業,--,--,地科學業,--,--
第一至七類學群,020,輔仁大學,02042,電機工程學系,,一般,18,18,--,--,均標,8級分,均標,6級分,--,--,--,--,--,--,--,,,,,,,,,,,,,,,,3,15,在校學業,29%,23%,學測數A,--,--,學測英文,--,--,學測自然,--,--,學測英數A,--,--,英語文學業,--,--,數學學業,--,--
第一至七類學群,020,輔仁大學,02043,醫學資訊與創新應用學士學位學程,,一般,9,9,--,--,後標,4級分,後標,4級分,--,--,--,--,--,--,--,,,,,,,,,,,,,,,,2,7,在校學業,19%,27%,學測英數A,--,--,學測數A,--,--,學測英文,--,--,數學學業,--,--,英語文學業,--,--,學測國文,--,--
第一至七類學群,020,輔仁大學,02044,人工智慧與資訊安全學士學位學程,,一般,11,11,--,--,後標,4級分,後標,4級分,--,--,--,--,--,--,--,,,,,,,,,,,,,,,,0,11,在校學業,--,25%,學測英數A,--,--,學測數A,--,--,學測英文,--,--,數學學業,--,--,英語文學業,--,--,學測國文,--,--
第一至七類學群,020,輔仁大學,02045,護理學系,,一般,16,16,均標,10級分,後標,4級分,--,--,--,--,--,--,--,--,--,,,,,,,,,,,,,,,,14,2,在校學業,49%,6%,學測國英,--,18,學測英文,--,--,學測國文,--,--,學測自然,--,--,數學學業,--,--,生物學業,--,--
第一至七類學群,020,輔仁大學,02046,公共衛生學系,,一般,9,9,--,--,底標,3級分,--,--,--,--,--,--,--,--,--,,,,,,,,,,,,,,,,8,1,在校學業,41%,5%,學測英文,--,9,學測國文,--,--,學測國英,--,--,英語文學業,--,--,國語文學業,--,--,數學學業,--,--
第一至七類學群,020,輔仁大學,02046,公共衛生學系,,外加,1,1,--,--,底標,3級分,--,--,--,--,--,--,--,--,--,,,,,,,,,,,,,,,,1,--,在校學業,20%,--,學測英文,--,--,學測國文,--,--,學測國英,--,--,英語文學業,--,--,國語文學業,--,--,數學學業,--,--
第一至七類學群,020,輔仁大學,02047,臨床心理學系,,一般,9,9,--,--,均標,8級分,--,--,--,--,--,--,--,--,--,,,,,,,,,,,,,,,,9,--,在校學業,7%,--,學測國英數A,--,--,學測英文,--,--,學測國文,--,--,學測數A,--,--,生物學業,--,--,化學學業,--,--
第一至七類學群,020,輔仁大學,02047,臨床心理學系,,外加,1,1,--,--,均標,8級分,--,--,--,--,--,--,--,--,--,,,,,,,,,,,,,,,,1,--,在校學業,46%,--,學測國英數A,--,--,學測英文,--,--,學測國文,--,--,學測數A,--,--,生物學業,--,--,化學學業,--,--
第一至七類學群,020,輔仁大學,02048,職能治療學系,,一般,8,8,--,--,均標,8級分,--,--,--,--,--,--,--,--,--,,,,,,,,,,,,,,,,8,--,在校學業,7%,--,學測國英數A自,37,--,學測英文,--,--,學測國文,--,--,學測自然,--,--,學測數A,--,--,英語文學業,--,--
第一至七類學群,020,輔仁大學,02049,呼吸治療學系,,一般,6,6,--,--,後標,4級分,--,--,--,--,--,--,後標,7級分,--,,,,,,,,,,,,,,,,6,--,在校學業,12%,--,學測英文,--,--,學測自然,--,--,國語文學業,--,--,生物學業,--,--,化學學業,--,--,物理學業,--,--
第一至七類學群,020,輔仁大學,02050,生命科學系,,一般,20,20,--,--,--,--,--,--,--,--,--,--,均標,9級分,--,,,,,,,,,,,,,,,,3,17,在校學業,29%,21%,學測自然,--,--,學測英文,--,--,生物學業,--,--,化學學業,--,--,國語文學業,--,--,數學學業,--,--
第一至七類學群,020,輔仁大學,02050,生命科學系,,外加,2,0,--,--,--,--,--,--,--,--,--,--,均標,9級分,--,,,,,,,,,,,,,,,,0,--,在校學業,--,--,學測自然,--,--,學測英文,--,--,生物學業,--,--,化學學業,--,--,國語文學業,--,--,數學學業,--,--
第一至七類學群,020,輔仁大學,02051,食品科學系,,一般,9,9,--,--,--,--,--,--,--,--,--,--,均標,9級分,--,,,,,,,,,,,,,,,,1,8,在校學業,10%,13%,學測英數A自,--,--,學測自然,--,--,學測英文,--,--,學測數A,--,--,化學學業,--,--,生物學業,--,--
第一至七類學群,020,輔仁大學,02051,食品科學系,,外加,1,0,--,--,--,--,--,--,--,--,--,--,均標,9級分,--,,,,,,,,,,,,,,,,0,--,在校學業,--,--,學測英數A自,--,--,學測自然,--,--,學測英文,--,--,學測數A,--,--,化學學業,--,--,生物學業,--,--
第一至七類學群,020,輔仁大學,02052,營養科學系,,一般,9,9,--,--,後標,4級分,--,--,--,--,--,--,後標,7級分,--,,,,,,,,,,,,,,,,9,--,在校學業,18%,--,學測國英自,--,--,學測英文,--,--,學測自然,--,--,學測國文,--,--,數學學業,--,--,化學學業,--,--
第一至七類學群,020,輔仁大學,02053,心理學系,,一般,10,10,後標,9級分,後標,4級分,--,--,後標,4級分,--,--,--,--,--,,,,,,,,,,,,,,,,10,--,在校學業,9%,--,生物學業,--,--,學測英文,--,--,學測國文,--,--,數學學業,--,--,英語文學業,--,--,國語文學業,--,--
第一至七類學群,020,輔仁大學,02054,音樂學系器樂組,鋼琴,一般,2,1,底標,7級分,底標,3級分,--,--,--,--,--,--,--,--,--,主修,後標,80分,副修,--,--,樂理,--,--,視唱,--,--,聽寫,--,--,1,--,在校學業,11%,--,音樂學業,--,--,術科主修,--,--,術科聽寫,--,--,術科樂理,--,--,英語文學業,--,--,學測英文,--,--
第一至七類學群,020,輔仁大學,02054,音樂學系器樂組,鋼琴,外加,1,0,底標,7級分,底標,3級分,--,--,--,--,--,--,--,--,--,主修,後標,80分,副修,--,--,樂理,--,--,視唱,--,--,聽寫,--,--,0,--,在校學業,--,--,音樂學業,--,--,術科主修,--,--,術科聽寫,--,--,術科樂理,--,--,英語文學業,--,--,學測英文,--,--
第一至七類學群,020,輔仁大學,02055,應用美術學系,,一般,6,6,後標,9級分,後標,4級分,--,--,--,--,--,--,--,--,--,素描,--,--,彩繪技法,--,--,創意表現,--,--,水墨書畫,--,--,美術鑑賞,--,--,6,--,在校學業,24%,--,美術學業,--,--,學測英文,--,--,學測國文,--,--,英語文學業,--,--,國語文學業,--,--,學測國英,--,--
第一至七類學群,020,輔仁大學,02055,應用美術學系,,外加,1,0,後標,9級分,後標,4級分,--,--,--,--,--,--,--,--,--,素描,--,--,彩繪技法,--,--,創意表現,--,--,水墨書畫,--,--,美術鑑賞,--,--,0,--,在校學業,--,--,美術學業,--,--,學測英文,--,--,學測國文,--,--,英語文學業,--,--,國語文學業,--,--,學測國英,--,--
第一至七類學群,021,國立臺灣海洋大學,02101,航運管理學系,,一般,20,20,--,--,前標,11級分,--,--,均標,6級分,--,--,--,--,--,,,,,,,,,,,,,,,,19,1,在校學業,40%,8%,學測英文,--,--,學測數B,--,--,學測國英數B社,--,--,學測國文,--,--,英語文學業,--,--,數學學業,--,--
第一至七類學群,021,國立臺灣海洋大學,02101,航運管理學系,,外加,3,0,--,--,前標,11級分,--,--,均標,6級分,--,--,--,--,--,,,,,,,,,,,,,,,,0,--,在校學業,--,--,學測英文,--,--,學測數B,--,--,學測國英數B社,--,--,學測國文,--,--,英語文學業,--,--,數學學業,--,--
第一至七類學群,021,國立臺灣海洋大學,02102,運輸科學系A組,,一般,11,11,--,--,均標,8級分,均標,6級分,均標,6級分,--,--,--,--,--,,,,,,,,,,,,,,,,8,3,在校學業,32%,17%,學測英文,--,--,學測國文,--,--,學測社會,--,--,數學學業,--,--,英語文學業,--,--,國語文學業,--,--
第一至七類學群,021,國立臺灣海洋大學,02102,運輸科學系A組,,外加,2,1,--,--,均標,8級分,均標,6級分,均標,6級分,--,--,--,--,--,,,,,,,,,,,,,,,,1,--,在校學業,6%,--,學測英文,--,--,學測國文,--,--,學測社會,--,--,數學學業,--,--,英語文學業,--,--,國語文學業,--,--
第一至七類學群,021,國立臺灣海洋大學,02103,海洋觀光管理學士學位學程,,一般,6,6,均標,10級分,均標,8級分,--,--,均標,6級分,--,--,--,--,--,,,,,,,,,,,,,,,,3,3,在校學業,27%,23%,學測英文,--,--,學測國文,--,--,學測社會,--,--,學測數B,--,--,學測國英數B社,--,--,英語文學業,--,--
第一至七類學群,021,國立臺灣海洋大學,02103,海洋觀光管理學士學位學程,,外加,1,0,均標,10級分,均標,8級分,--,--,均標,6級分,--,--,--,--,--,,,,,,,,,,,,,,,,0,--,在校學業,--,--,學測英文,--,--,學測國文,--,--,學測社會,--,--,學測數B,--,--,學測國英數B社,--,--,英語文學業,--,--
第一至七類學群,021,國立臺灣海洋大學,02104,海洋法政學士學位學程,,一般,6,6,--,--,均標,8級分,均標,6級分,均標,6級分,--,--,--,--,--,,,,,,,,,,,,,,,,6,--,在校學業,18%,--,學測英文,--,--,學測國文,--,--,學測國英,--,--,英語文學業,--,--,國語文學業,--,--,學測社會,--,--
第一至七類學群,021,國立臺灣海洋大學,02104,海洋法政學士學位學程,,外加,1,0,--,--,均標,8級分,均標,6級分,均標,6級分,--,--,--,--,--,,,,,,,,,,,,,,,,0,--,在校學業,--,--,學測英文,--,--,學測國文,--,--,學測國英,--,--,英語文學業,--,--,國語文學業,--,--,學測社會,--,--
第一至七類學群,021,國立臺灣海洋大學,02105,海洋文創設計產業學士學位學程,,一般,7,7,均標,10級分,均標,8級分,--,--,--,--,--,--,--,--,--,,,,,,,,,,,,,,,,3,4,在校學業,30%,15%,學測國英社,--,--,學測國文,--,--,學測英文,--,--,學測社會,--,--,國語文學業,--,--,英語文學業,--,--
第一至七類學群,021,國立臺灣海洋大學,02105,海洋文創設計產業學士學位學程,,外加,1,0,均標,10級分,均標,8級分,--,--,--,--,--,--,--,--,--,,,,,,,,,,,,,,,,0,--,在校學業,--,--,學測國英社,--,--,學測國文,--,--,學測英文,--,--,學測社會,--,--,國語文學業,--,--,英語文學業,--,--
第一至七類學群,021,國立臺灣海洋大學,02106,海洋經營管理學士學位學程,,一般,10,10,--,--,均標,8級分,--,--,均標,6級分,--,--,--,--,--,,,,,,,,,,,,,,,,6,4,在校學業,30%,16%,學測英文,--,--,學測國英數B社,--,--,學測數B,--,--,學測國文,--,--,學測社會,--,--,英語文學業,--,--
第一至七類學群,021,國立臺灣海洋大學,02106,海洋經營管理學士學位學程,,外加,1,0,--,--,均標,8級分,--,--,均標,6級分,--,--,--,--,--,,,,,,,,,,,,,,,,0,--,在校學業,--,--,學測英文,--,--,學測國英數B社,--,--,學測數B,--,--,學測國文,--,--,學測社會,--,--,英語文學業,--,--
第一至七類學群,021,國立臺灣海洋大學,02107,商船學系,,一般,19,19,--,--,均標,8級分,均標,6級分,--,--,--,--,均標,9級分,--,,,,,,,,,,,,,,,,10,9,在校學業,40%,20%,學測國英數A自,--,--,學測英文,--,--,學測數A,--,--,學測自然,--,--,學測國文,--,--,物理學業,--,--
第一至七類學群,021,國立臺灣海洋大學,02107,商船學系,,外加,4,0,--,--,均標,8級分,均標,6級分,--,--,--,--,均標,9級分,--,,,,,,,,,,,,,,,,0,--,在校學業,--,--,學測國英數A自,--,--,學測英文,--,--,學測數A,--,--,學測自然,--,--,學測國文,--,--,物理學業,--,--
第一至七類學群,021,國立臺灣海洋大學,02108,運輸科學系B組,,一般,10,10,--,--,均標,8級分,均標,6級分,--,--,--,--,--,--,--,,,,,,,,,,,,,,,,8,2,在校學業,39%,12%,學測英文,--,--,學測數A,--,--,學測國文,--,--,英語文學業,--,--,數學學業,--,--,國語文學業,--,--
第一至七類學群,021,國立臺灣海洋大學,02108,運輸科學系B組,,外加,1,0,--,--,均標,8級分,均標,6級分,--,--,--,--,--,--,--,,,,,,,,,,,,,,,,0,--,在校學業,--,--,學測英文,--,--,學測數A,--,--,學測國文,--,--,英語文學業,--,--,數學學業,--,--,國語文學業,--,--
第一至七類學群,021,國立臺灣海洋大學,02109,輪機工程學系,,一般,20,20,--,--,均標,8級分,均標,6級分,--,--,--,--,均標,9級分,--,,,,,,,,,,,,,,,,13,7,在校學業,39%,12%,學測國英數A自,--,--,學測英文,--,--,學測自然,--,--,學測數A,--,--,學測國文,--,--,物理學業,--,--
第一至七類學群,021,國立臺灣海洋大學,02109,輪機工程學系,,外加,3,0,--,--,均標,8級分,均標,6級分,--,--,--,--,均標,9級分,--,,,,,,,,,,,,,,,,0,--,在校學業,--,--,學測國英數A自,--,--,學測英文,--,--,學測自然,--,--,學測數A,--,--,學測國文,--,--,物理學業,--,--
第一至七類學群,021,國立臺灣海洋大學,02110,系統工程暨造船學系,,一般,14,14,--,--,--,--,均標,6級分,--,--,--,--,後標,7級分,--,,,,,,,,,,,,,,,,13,1,在校學業,36%,7%,學測數A,--,--,學測自然,--,--,學測英文,--,--,學測數A自,--,--,國語文學業,--,--,數學學業,--,--
第一至七類學群,021,國立臺灣海洋大學,02110,系統工程暨造船學系,,外加,2,0,--,--,--,--,均標,6級分,--,--,--,--,後標,7級分,--,,,,,,,,,,,,,,,,0,--,在校學業,--,--,學測數A,--,--,學測自然,--,--,學測英文,--,--,學測數A自,--,--,國語文學業,--,--,數學學業,--,--
第一至七類學群,021,國立臺灣海洋大學,02111,河海工程學系,,一般,20,20,--,--,--,--,後標,4級分,--,--,--,--,後標,7級分,--,,,,,,,,,,,,,,,,15,5,在校學業,38%,17%,學測數A,--,--,學測自然,--,--,學測國英數A自,--,--,學測英文,--,--,學測國文,--,--,數學學業,--,--
第一至七類學群,021,國立臺灣海洋大學,02111,河海工程學系,,外加,2,0,--,--,--,--,後標,4級分,--,--,--,--,後標,7級分,--,,,,,,,,,,,,,,,,0,--,在校學業,--,--,學測數A,--,--,學測自然,--,--,學測國英數A自,--,--,學測英文,--,--,學測國文,--,--,數學學業,--,--
第一至七類學群,021,國立臺灣海洋大學,02112,機械與機電工程學系,,一般,22,22,--,--,--,--,均標,6級分,--,--,--,--,均標,9級分,--,,,,,,,,,,,,,,,,22,--,在校學業,11%,--,學測數A,9,--,學測自然,--,--,學測數A自,--,--,數學學業,--,--,物理學業,--,--,學測英文,--,--
第一至七類學群,021,國立臺灣海洋大學,02112,機械與機電工程學系,,外加,3,1,--,--,--,--,均標,6級分,--,--,--,--,均標,9級分,--,,,,,,,,,,,,,,,,1,--,在校學業,20%,--,學測數A,--,--,學測自然,--,--,學測數A自,--,--,數學學業,--,--,物理學業,--,--,學測英文,--,--
第一至七類學群,021,國立臺灣海洋大學,02113,海洋環境資訊系,,一般,11,11,--,--,--,--,均標,6級分,--,--,--,--,均標,9級分,--,,,,,,,,,,,,,,,,1,10,在校學業,27%,27%,學測數A,--,7,學測自然,--,--,學測數A自,--,--,數學學業,--,--,物理學業,--,--,學測英文,--,--
第一至七類學群,021,國立臺灣海洋大學,02113,海洋環境資訊系,,外加,2,0,--,--,--,--,均標,6級分,--,--,--,--,均標,9級分,--,,,,,,,,,,,,,,,,0,--,在校學業,--,--,學測數A,--,--,學測自然,--,--,學測數A自,--,--,數學學業,--,--,物理學業,--,--,學測英文,--,--
第一至七類學群,021,國立臺灣海洋大學,02114,電機工程學系,,一般,17,17,--,--,均標,8級分,前標,9級分,--,--,--,--,均標,9級分,--,,,,,,,,,,,,,,,,17,--,在校學業,9%,--,學測英數A自,--,--,學測數A,--,--,學測英文,--,--,學測自然,--,--,學測國文,--,--,數學學業,--,--
第一至七類學群,021,國立臺灣海洋大學,02114,電機工程學系,,外加,3,0,--,--,均標,8級分,前標,9級分,--,--,--,--,均標,9級分,--,,,,,,,,,,,,,,,,0,--,在校學業,--,--,學測英數A自,--,--,學測數A,--,--,學測英文,--,--,學測自然,--,--,學測國文,--,--,數學學業,--,--
第一至七類學群,021,國立臺灣海洋大學,02115,資訊工程學系,,一般,18,18,--,--,均標,8級分,前標,9級分,--,--,--,--,均標,9級分,--,,,,,,,,,,,,,,,,18,--,在校學業,15%,--,學測英數A自,--,--,學測數A,--,--,學測英文,--,--,數學學業,--,--,資訊科技學業,--,--,物理學業,--,--
第一至七類學群,021,國立臺灣海洋大學,02115,資訊工程學系,,外加,3,0,--,--,均標,8級分,前標,9級分,--,--,--,--,均標,9級分,--,,,,,,,,,,,,,,,,0,--,在校學業,--,--,學測英數A自,--,--,學測數A,--,--,學測英文,--,--,數學學業,--,--,資訊科技學業,--,--,物理學業,--,--
第一至七類學群,021,國立臺灣海洋大學,02116,通訊與導航工程學系,,一般,12,12,--,--,均標,8級分,前標,9級分,--,--,--,--,均標,9級分,--,,,,,,,,,,,,,,,,11,1,在校學業,32%,6%,學測國英數A自,--,--,學測數A,--,--,學測自然,--,--,學測英文,--,--,數學學業,--,--,物理學業,--,--
第一至七類學群,021,國立臺灣海洋大學,02116,通訊與導航工程學系,,外加,1,0,--,--,均標,8級分,前標,9級分,--,--,--,--,均標,9級分,--,,,,,,,,,,,,,,,,0,--,在校學業,--,--,學測國英數A自,--,--,學測數A,--,--,學測自然,--,--,學測英文,--,--,數學學業,--,--,物理學業,--,--
第一至七類學群,021,國立臺灣海洋大學,02117,光電與材料科技學系,,一般,5,5,--,--,均標,8級分,前標,9級分,--,--,--,--,均標,9級分,--,,,,,,,,,,,,,,,,5,--,在校學業,17%,--,學測國英數A自,--,--,學測數A,--,--,學測自然,--,--,學測英文,--,--,數學學業,--,--,物理學業,--,--
第一至七類學群,021,國立臺灣海洋大學,02117,光電與材料科技學系,,外加,1,0,--,--,均標,8級分,前標,9級分,--,--,--,--,均標,9級分,--,,,,,,,,,,,,,,,,0,--,在校學業,--,--,學測國英數A自,--,--,學測數A,--,--,學測自然,--,--,學測英文,--,--,數學學業,--,--,物理學業,--,--
第一至七類學群,021,國立臺灣海洋大學,02118,海洋工程科技學士學位學程,,一般,10,10,--,--,--,--,後標,4級分,--,--,--,--,後標,7級分,--,,,,,,,,,,,,,,,,8,2,在校學業,39%,16%,學測數A,--,--,學測自然,--,--,學測數A自,--,--,數學學業,--,--,學測英文,--,--,物理學業,--,--
第一至七類學群,021,國立臺灣海洋大學,02118,海洋工程科技學士學位學程,,外加,1,0,--,--,--,--,後標,4級分,--,--,--,--,後標,7級分,--,,,,,,,,,,,,,,,,0,--,在校學業,--,--,學測數A,--,--,學測自然,--,--,學測數A自,--,--,數學學業,--,--,學測英文,--,--,物理學業,--,--
第一至七類學群,021,國立臺灣海洋大學,02119,食品科學系,,一般,19,19,--,--,均標,8級分,--,--,--,--,--,--,均標,9級分,--,,,,,,,,,,,,,,,,6,13,在校學業,37%,36%,學測自然,--,11,學測英文,--,--,學測國英自,--,--,化學學業,--,--,英語文學業,--,--,生物學業,--,--
第一至七類學群,021,國立臺灣海洋大學,02119,食品科學系,,外加,4,0,--,--,均標,8級分,--,--,--,--,--,--,均標,9級分,--,,,,,,,,,,,,,,,,0,--,在校學業,--,--,學測自然,--,--,學測英文,--,--,學測國英自,--,--,化學學業,--,--,英語文學業,--,--,生物學業,--,--
第一至七類學群,021,國立臺灣海洋大學,02120,水產養殖學系,,一般,21,15,--,--,後標,4級分,--,--,--,--,--,--,均標,9級分,--,,,,,,,,,,,,,,,,2,13,在校學業,11%,35%,學測國英自,--,--,學測自然,--,--,學測英文,--,--,生物學業,--,--,英語文學業,--,--,化學學業,--,--
第一至七類學群,021,國立臺灣海洋大學,02120,水產養殖學系,,外加,3,0,--,--,後標,4級分,--,--,--,--,--,--,均標,9級分,--,,,,,,,,,,,,,,,,0,--,在校學業,--,--,學測國英自,--,--,學測自然,--,--,學測英文,--,--,生物學業,--,--,英語文學業,--,--,化學學業,--,--
第一至七類學群,021,國立臺灣海洋大學,02121,生命科學暨生物科技學系,,一般,9,9,--,--,--,--,--,--,--,--,--,--,均標,9級分,--,,,,,,,,,,,,,,,,9,--,在校學業,15%,--,學測國英自,29,--,學測英文,--,--,學測自然,--,--,生物學業,--,--,化學學業,--,--,英語文學業,--,--
第一至七類學群,021,國立臺灣海洋大學,02121,生命科學暨生物科技學系,,外加,1,0,--,--,--,--,--,--,--,--,--,--,均標,9級分,--,,,,,,,,,,,,,,,,0,--,在校學業,--,--,學測國英自,--,--,學測英文,--,--,學測自然,--,--,生物學業,--,--,化學學業,--,--,英語文學業,--,--
第一至七類學群,021,國立臺灣海洋大學,02122,環境生物與漁業科學學系,,一般,16,16,--,--,後標,4級分,後標,4級分,後標,4級分,--,--,--,--,--,,,,,,,,,,,,,,,,15,1,在校學業,35%,22%,學測英文,--,--,英語文學業,--,--,生物學業,--,--,數學學業,--,--,化學學業,--,--,學測自然,--,--
第一至七類學群,021,國立臺灣海洋大學,02122,環境生物與漁業科學學系,,外加,2,0,--,--,後標,4級分,後標,4級分,後標,4級分,--,--,--,--,--,,,,,,,,,,,,,,,,0,--,在校學業,--,--,學測英文,--,--,英語文學業,--,--,生物學業,--,--,數學學業,--,--,化學學業,--,--,學測自然,--,--
第一至七類學群,021,國立臺灣海洋大學,02123,海洋生物科技學士學位學程,,一般,10,10,--,--,均標,8級分,--,--,--,--,--,--,均標,9級分,--,,,,,,,,,,,,,,,,2,8,在校學業,16%,37%,學測英自,--,--,學測自然,--,--,學測英文,--,--,生物學業,--,--,化學學業,--,--,英語文學業,--,--
第一至七類學群,021,國立臺灣海洋大學,02123,海洋生物科技學士學位學程,,外加,1,0,--,--,均標,8級分,--,--,--,--,--,--,均標,9級分,--,,,,,,,,,,,,,,,,0,--,在校學業,--,--,學測英自,--,--,學測自然,--,--,學測英文,--,--,生物學業,--,--,化學學業,--,--,英語文學業,--,--
第一至七類學群,022,國立高雄師範大學,02201,國文學系,,一般,17,17,均標,10級分,--,--,--,--,--,--,均標,10級分,--,--,--,,,,,,,,,,,,,,,,17,--,在校學業,12%,--,學測國文,14,--,國語文學業,5%,--,學測社會,--,--,歷史學業,--,--,學測英文,--,--,英語文學業,--,--
第一至七類學群,022,國立高雄師範大學,02201,國文學系,,外加,2,1,均標,10級分,--,--,--,--,--,--,均標,10級分,--,--,--,,,,,,,,,,,,,,,,1,--,在校學業,34%,--,學測國文,--,--,國語文學業,--,--,學測社會,--,--,歷史學業,--,--,學測英文,--,--,英語文學業,--,--
第一至七類學群,022,國立高雄師範大學,02202,英語學系,,一般,17,17,均標,10級分,前標,11級分,--,--,--,--,--,--,--,--,B級,,,,,,,,,,,,,,,,17,--,在校學業,13%,--,英語文學業,8%,--,國語文學業,--,--,學測國英社,--,--,學測英文,--,--,學測國文,--,--,學測社會,--,--
第一至七類學群,022,國立高雄師範大學,02202,英語學系,,外加,2,1,均標,10級分,前標,11級分,--,--,--,--,--,--,--,--,B級,,,,,,,,,,,,,,,,1,--,在校學業,31%,--,英語文學業,--,--,國語文學業,--,--,學測國英社,--,--,學測英文,--,--,學測國文,--,--,學測社會,--,--
第一至七類學群,022,國立高雄師範大學,02203,地理學系,,一般,6,6,均標,10級分,均標,8級分,--,--,--,--,均標,10級分,--,--,--,,,,,,,,,,,,,,,,6,--,在校學業,7%,--,地理學業,6%,--,英語文學業,--,--,國語文學業,--,--,歷史學業,--,--,地科學業,--,--,生物學業,--,--
第一至七類學群,022,國立高雄師範大學,02203,地理學系,,外加,2,0,均標,10級分,均標,8級分,--,--,--,--,均標,10級分,--,--,--,,,,,,,,,,,,,,,,0,--,在校學業,--,--,地理學業,--,--,英語文學業,--,--,國語文學業,--,--,歷史學業,--,--,地科學業,--,--,生物學業,--,--
第一至七類學群,022,國立高雄師範大學,02204,教育學系,,一般,7,7,均標,10級分,均標,8級分,--,--,均標,6級分,均標,10級分,--,--,--,,,,,,,,,,,,,,,,7,--,在校學業,7%,--,學測國文,13,--,學測英文,13,--,學測數B,--,--,國語文學業,--,--,英語文學業,--,--,數學學業,--,--
第一至七類學群,022,國立高雄師範大學,02204,教育學系,,外加,3,1,均標,10級分,均標,8級分,--,--,均標,6級分,均標,10級分,--,--,--,,,,,,,,,,,,,,,,1,--,在校學業,22%,--,學測國文,--,--,學測英文,--,--,學測數B,--,--,國語文學業,--,--,英語文學業,--,--,數學學業,--,--
第一至七類學群,022,國立高雄師範大學,02205,特殊教育學系,,一般,8,8,均標,10級分,均標,8級分,--,--,均標,6級分,--,--,--,--,--,,,,,,,,,,,,,,,,8,--,在校學業,14%,--,學測國文,11,--,學測英文,9,--,學測數B,10,--,國語文學業,--,--,英語文學業,--,--,數學學業,--,--
第一至七類學群,022,國立高雄師範大學,02205,特殊教育學系,,外加,2,0,均標,10級分,均標,8級分,--,--,均標,6級分,--,--,--,--,--,,,,,,,,,,,,,,,,0,--,在校學業,--,--,學測國文,--,--,學測英文,--,--,學測數B,--,--,國語文學業,--,--,英語文學業,--,--,數學學業,--,--
第一至七類學群,022,國立高雄師範大學,02206,事業經營學系,,一般,5,5,均標,10級分,均標,8級分,--,--,均標,6級分,--,--,--,--,--,,,,,,,,,,,,,,,,5,--,在校學業,5%,--,學測英文,--,--,學測數B,--,--,學測國文,--,--,英語文學業,--,--,數學學業,--,--,國語文學業,--,--
第一至七類學群,022,國立高雄師範大學,02206,事業經營學系,,外加,2,1,均標,10級分,均標,8級分,--,--,均標,6級分,--,--,--,--,--,,,,,,,,,,,,,,,,1,--,在校學業,33%,--,學測英文,--,--,學測數B,--,--,學測國文,--,--,英語文學業,--,--,數學學業,--,--,國語文學業,--,--
第一至七類學群,022,國立高雄師範大學,02207,工業設計學系,,一般,7,7,後標,9級分,後標,4級分,--,--,--,--,--,--,--,--,--,,,,,,,,,,,,,,,,7,--,在校學業,8%,--,學測英文,--,--,英語文學業,--,--,學測國文,--,--,國語文學業,--,--,學測社會,--,--,學測自然,--,--
第一至七類學群,022,國立高雄師範大學,02207,工業設計學系,,外加,2,1,後標,9級分,後標,4級分,--,--,--,--,--,--,--,--,--,,,,,,,,,,,,,,,,1,--,在校學業,16%,--,學測英文,--,--,英語文學業,--,--,學測國文,--,--,國語文學業,--,--,學測社會,--,--,學測自然,--,--
第一至七類學群,022,國立高雄師範大學,02208,數學系數學組,,一般,7,7,均標,10級分,均標,8級分,均標,6級分,--,--,--,--,--,--,--,,,,,,,,,,,,,,,,7,--,在校學業,21%,--,學測數A,--,--,學測英文,--,--,學測國文,--,--,數學學業,--,--,英語文學業,--,--,國語文學業,--,--
第一至七類學群,022,國立高雄師範大學,02208,數學系數學組,,外加,2,0,均標,10級分,均標,8級分,均標,6級分,--,--,--,--,--,--,--,,,,,,,,,,,,,,,,0,--,在校學業,--,--,學測數A,--,--,學測英文,--,--,學測國文,--,--,數學學業,--,--,英語文學業,--,--,國語文學業,--,--
第一至七類學群,022,國立高雄師範大學,02209,數學系應用數學組,,一般,7,7,均標,10級分,均標,8級分,均標,6級分,--,--,--,--,--,--,--,,,,,,,,,,,,,,,,7,--,在校學業,25%,--,學測數A,--,--,學測英文,--,--,學測國文,--,--,數學學業,--,--,英語文學業,--,--,國語文學業,--,--
第一至七類學群,022,國立高雄師範大學,02209,數學系應用數學組,,外加,2,0,均標,10級分,均標,8級分,均標,6級分,--,--,--,--,--,--,--,,,,,,,,,,,,,,,,0,--,在校學業,--,--,學測數A,--,--,學測英文,--,--,學測國文,--,--,數學學業,--,--,英語文學業,--,--,國語文學業,--,--
第一至七類學群,022,國立高雄師範大學,02210,化學系,,一般,7,7,--,--,均標,8級分,均標,6級分,--,--,--,--,均標,9級分,--,,,,,,,,,,,,,,,,7,--,在校學業,11%,--,化學學業,--,--,學測自然,--,--,英語文學業,--,--,學測英文,--,--,數學學業,--,--,學測數A,--,--
第一至七類學群,022,國立高雄師範大學,02210,化學系,,外加,2,0,--,--,均標,8級分,均標,6級分,--,--,--,--,均標,9級分,--,,,,,,,,,,,,,,,,0,--,在校學業,--,--,化學學業,--,--,學測自然,--,--,英語文學業,--,--,學測英文,--,--,數學學業,--,--,學測數A,--,--
第一至七類學群,022,國立高雄師範大學,02211,物理學系,,一般,9,9,--,--,均標,8級分,前標,9級分,--,--,--,--,均標,9級分,--,,,,,,,,,,,,,,,,6,3,在校學業,26%,23%,學測數A,--,--,學測自然,--,--,物理學業,--,--,數學學業,--,--,學測英文,--,--,學測國文,--,--
第一至七類學群,022,國立高雄師範大學,02211,物理學系,,外加,1,0,--,--,均標,8級分,前標,9級分,--,--,--,--,均標,9級分,--,,,,,,,,,,,,,,,,0,--,在校學業,--,--,學測數A,--,--,學測自然,--,--,物理學業,--,--,數學學業,--,--,學測英文,--,--,學測國文,--,--
第一至七類學群,022,國立高雄師範大學,02212,工業科技教育學系科技教育與訓練組,,一般,4,4,--,--,--,--,均標,6級分,--,--,--,--,均標,9級分,--,,,,,,,,,,,,,,,,3,1,在校學業,34%,24%,學測數A,--,--,學測英文,--,--,學測自然,--,--,學測國文,--,--,數學學業,--,--,英語文學業,--,--
第一至七類學群,022,國立高雄師範大學,02213,工業科技教育學系能源與冷凍空調組,,一般,4,4,--,--,--,--,均標,6級分,--,--,--,--,均標,9級分,--,,,,,,,,,,,,,,,,4,--,在校學業,37%,--,學測數A,--,--,學測英文,--,--,學測自然,--,--,學測國文,--,--,英語文學業,--,--,數學學業,--,--
第一至七類學群,022,國立高雄師範大學,02213,工業科技教育學系能源與冷凍空調組,,外加,1,0,--,--,--,--,均標,6級分,--,--,--,--,均標,9級分,--,,,,,,,,,,,,,,,,0,--,在校學業,--,--,學測數A,--,--,學測英文,--,--,學測自然,--,--,學測國文,--,--,英語文學業,--,--,數學學業,--,--
第一至七類學群,022,國立高雄師範大學,02214,電機工程學系,,一般,10,10,--,--,--,--,均標,6級分,--,--,--,--,均標,9級分,--,,,,,,,,,,,,,,,,10,--,在校學業,4%,--,學測英數A自,24,--,學測數A,--,--,物理學業,--,--,數學學業,--,--,學測自然,--,--,學測英文,--,--
第一至七類學群,022,國立高雄師範大學,02214,電機工程學系,,外加,2,1,--,--,--,--,均標,6級分,--,--,--,--,均標,9級分,--,,,,,,,,,,,,,,,,1,--,在校學業,22%,--,學測英數A自,--,--,學測數A,--,--,物理學業,--,--,數學學業,--,--,學測自然,--,--,學測英文,--,--
第一至七類學群,022,國立高雄師範大學,02215,電子工程學系,,一般,9,9,--,--,--,--,均標,6級分,--,--,--,--,均標,9級分,--,,,,,,,,,,,,,,,,9,--,在校學業,4%,--,學測英數A自,32,--,學測數A,--,--,學測自然,--,--,學測英文,--,--,數學學業,--,--,物理學業,--,--
第一至七類學群,022,國立高雄師範大學,02215,電子工程學系,,外加,1,0,--,--,--,--,均標,6級分,--,--,--,--,均標,9級分,--,,,,,,,,,,,,,,,,0,--,在校學業,--,--,學測英數A自,--,--,學測數A,--,--,學測自然,--,--,學測英文,--,--,數學學業,--,--,物理學業,--,--
第一至七類學群,022,國立高雄師範大學,02216,軟體工程與管理學系,,一般,4,4,--,--,--,--,均標,6級分,--,--,--,--,--,--,--,,,,,,,,,,,,,,,,4,--,在校學業,5%,--,學測國英數A,30,--,數學學業,--,--,學測英文,--,--,英語文學業,--,--,學測國文,--,--,國語文學業,--,--
第一至七類學群,022,國立高雄師範大學,02216,軟體工程與管理學系,,外加,2,0,--,--,--,--,均標,6級分,--,--,--,--,--,--,--,,,,,,,,,,,,,,,,0,--,在校學業,--,--,學測國英數A,--,--,數學學業,--,--,學測英文,--,--,英語文學業,--,--,學測國文,--,--,國語文學業,--,--
第一至七類學群,022,國立高雄師範大學,02217,生物科技系,,一般,10,10,--,--,--,--,--,--,--,--,--,--,均標,9級分,--,,,,,,,,,,,,,,,,10,--,在校學業,12%,--,生物學業,2%,--,學測自然,--,--,英語文學業,--,--,學測英文,--,--,數學學業,--,--,學測數A,--,--
第一至七類學群,022,國立高雄師範大學,02217,生物科技系,,外加,2,0,--,--,--,--,--,--,--,--,--,--,均標,9級分,--,,,,,,,,,,,,,,,,0,--,在校學業,--,--,生物學業,--,--,學測自然,--,--,英語文學業,--,--,學測英文,--,--,數學學業,--,--,學測數A,--,--
第一至七類學群,022,國立高雄師範大學,02218,美術學系,,一般,7,7,均標,10級分,--,--,--,--,--,--,--,--,--,--,--,素描,均標,63分,彩繪技法,--,--,創意表現,均標,63分,水墨書畫,--,--,美術鑑賞,--,--,7,--,在校學業,20%,--,美術學業,--,--,術科素描,--,--,術科創意表現,--,--,國語文學業,--,--,學測國文,--,--,學測英文,--,--
第一至七類學群,022,國立高雄師範大學,02219,視覺設計學系,,一般,5,5,均標,10級分,--,--,--,--,--,--,--,--,--,--,--,素描,均標,63分,彩繪技法,--,--,創意表現,均標,63分,水墨書畫,--,--,美術鑑賞,--,--,5,--,在校學業,13%,--,術科創意表現,--,--,術科素描,--,--,學測國文,--,--,學測英文,--,--,美術學業,--,--,國語文學業,--,--
第一至七類學群,022,國立高雄師範大學,02219,視覺設計學系,,外加,2,0,均標,10級分,--,--,--,--,--,--,--,--,--,--,--,素描,均標,63分,彩繪技法,--,--,創意表現,均標,63分,水墨書畫,--,--,美術鑑賞,--,--,0,--,在校學業,--,--,術科創意表現,--,--,術科素描,--,--,學測國文,--,--,學測英文,--,--,美術學業,--,--,國語文學業,--,--
第一至七類學群,022,國立高雄師範大學,02220,體育學系,,一般,7,7,均標,10級分,底標,3級分,--,--,底標,3級分,--,--,--,--,--,體育(百分等級),底標,12分,,,,,,,,,,,,,7,--,在校學業,1%,--,學測英文,4,--,學測國文,10,--,學測自然,6,--,學測數B,6,--,術科體育,--,--,英語文學業,--,--
第一至七類學群,022,國立高雄師範大學,02220,體育學系,,外加,1,1,均標,10級分,底標,3級分,--,--,底標,3級分,--,--,--,--,--,體育(百分等級),底標,12分,,,,,,,,,,,,,1,--,在校學業,4%,--,學測英文,--,--,學測國文,--,--,學測自然,--,--,學測數B,--,--,術科體育,--,--,英語文學業,--,--
第一至七類學群,023,國立彰化師範大學,02301,輔導與諮商學系學校輔導與諮商組,,一般,10,10,前標,12級分,前標,11級分,--,--,均標,6級分,均標,10級分,--,--,--,,,,,,,,,,,,,,,,10,--,在校學業,6%,--,國語文學業,--,--,學測國英社,--,--,學測國文,--,--,學測英文,--,--,學測社會,--,--,學測數B,--,--
第一至七類學群,023,國立彰化師範大學,02301,輔導與諮商學系學校輔導與諮商組,,外加,1,0,前標,12級分,前標,11級分,--,--,均標,6級分,均標,10級分,--,--,--,,,,,,,,,,,,,,,,0,--,在校學業,--,--,國語文學業,--,--,學測國英社,--,--,學測國文,--,--,學測英文,--,--,學測社會,--,--,學測數B,--,--
第一至七類學群,023,國立彰化師範大學,02302,輔導與諮商學系社區輔導與諮商組,,一般,10,10,前標,12級分,前標,11級分,--,--,均標,6級分,均標,10級分,--,--,--,,,,,,,,,,,,,,,,10,--,在校學業,28%,--,國語文學業,--,--,學測國英社,--,--,學測國文,--,--,學測英文,--,--,學測社會,--,--,學測數B,--,--
第一至七類學群,023,國立彰化師範大學,02302,輔導與諮商學系社區輔導與諮商組,,外加,1,0,前標,12級分,前標,11級分,--,--,均標,6級分,均標,10級分,--,--,--,,,,,,,,,,,,,,,,0,--,在校學業,--,--,國語文學業,--,--,學測國英社,--,--,學測國文,--,--,學測英文,--,--,學測社會,--,--,學測數B,--,--
第一至七類學群,023,國立彰化師範大學,02303,特殊教育學系,,一般,6,6,均標,10級分,均標,8級分,--,--,均標,6級分,均標,10級分,--,--,--,,,,,,,,,,,,,,,,5,1,在校學業,12%,14%,學測國英數B社,--,39,學測國文,--,--,學測英文,--,--,學測數B,--,--,數學學業,--,--,英語文學業,--,--
第一至七類學群,023,國立彰化師範大學,02304,英語學系,,一般,9,9,均標,10級分,前標,11級分,--,--,--,--,均標,10級分,--,--,--,,,,,,,,,,,,,,,,9,--,在校學業,12%,--,學測英文,--,--,學測國文,--,--,學測社會,--,--,英語文學業,--,--,國語文學業,--,--,歷史學業,--,--
第一至七類學群,023,國立彰化師範大學,02304,英語學系,,外加,3,0,均標,10級分,前標,11級分,--,--,--,--,均標,10級分,--,--,--,,,,,,,,,,,,,,,,0,--,在校學業,--,--,學測英文,--,--,學測國文,--,--,學測社會,--,--,英語文學業,--,--,國語文學業,--,--,歷史學業,--,--
第一至七類學群,023,國立彰化師範大學,02305,國文學系,,一般,13,13,前標,12級分,均標,8級分,--,--,--,--,均標,10級分,--,--,--,,,,,,,,,,,,,,,,6,7,在校學業,29%,27%,學測國文,--,--,學測英文,--,--,學測社會,--,--,國語文學業,--,--,英語文學業,--,--,歷史學業,--,--
第一至七類學群,023,國立彰化師範大學,02305,國文學系,,外加,2,1,前標,12級分,均標,8級分,--,--,--,--,均標,10級分,--,--,--,,,,,,,,,,,,,,,,1,--,在校學業,20%,--,學測國文,--,--,學測英文,--,--,學測社會,--,--,國語文學業,--,--,英語文學業,--,--,歷史學業,--,--
第一至七類學群,023,國立彰化師範大學,02306,地理學系,,一般,6,6,--,--,均標,8級分,--,--,均標,6級分,均標,10級分,--,--,--,,,,,,,,,,,,,,,,6,--,在校學業,11%,--,學測社會,--,--,學測英文,--,--,學測數B,--,--,地理學業,--,--,地科學業,--,--,英語文學業,--,--
第一至七類學群,023,國立彰化師範大學,02306,地理學系,,外加,1,0,--,--,均標,8級分,--,--,均標,6級分,均標,10級分,--,--,--,,,,,,,,,,,,,,,,0,--,在校學業,--,--,學測社會,--,--,學測英文,--,--,學測數B,--,--,地理學業,--,--,地科學業,--,--,英語文學業,--,--
第一至七類學群,023,國立彰化師範大學,02307,企業管理學系,,一般,8,8,均標,10級分,前標,11級分,後標,4級分,均標,6級分,--,--,--,--,--,,,,,,,,,,,,,,,,8,--,在校學業,19%,--,學測國英,--,--,學測英文,--,--,學測國文,--,--,學測社會,--,--,英語文學業,--,--,公社學業,--,--
第一至七類學群,023,國立彰化師範大學,02307,企業管理學系,,外加,1,0,均標,10級分,前標,11級分,後標,4級分,均標,6級分,--,--,--,--,--,,,,,,,,,,,,,,,,0,--,在校學業,--,--,學測國英,--,--,學測英文,--,--,學測國文,--,--,學測社會,--,--,英語文學業,--,--,公社學業,--,--
第一至七類學群,023,國立彰化師範大學,02308,會計學系,,一般,13,13,均標,10級分,前標,11級分,後標,4級分,均標,6級分,--,--,--,--,--,,,,,,,,,,,,,,,,10,3,在校學業,28%,15%,學測國英,--,--,學測英文,--,--,學測國文,--,--,英語文學業,--,--,數學學業,--,--,國語文學業,--,--
第一至七類學群,023,國立彰化師範大學,02309,資訊管理學系資訊管理組,,一般,5,5,均標,10級分,均標,8級分,--,--,均標,6級分,--,--,--,--,--,,,,,,,,,,,,,,,,5,--,在校學業,5%,--,學測國英數B,--,--,學測英文,--,--,學測數B,--,--,學測國文,--,--,數學學業,--,--,英語文學業,--,--
第一至七類學群,023,國立彰化師範大學,02309,資訊管理學系資訊管理組,,外加,1,0,均標,10級分,均標,8級分,--,--,均標,6級分,--,--,--,--,--,,,,,,,,,,,,,,,,0,--,在校學業,--,--,學測國英數B,--,--,學測英文,--,--,學測數B,--,--,學測國文,--,--,數學學業,--,--,英語文學業,--,--
第一至七類學群,023,國立彰化師範大學,02310,資訊管理學系數位內容科技與管理組,,一般,4,4,均標,10級分,均標,8級分,均標,6級分,--,--,--,--,--,--,--,,,,,,,,,,,,,,,,4,--,在校學業,6%,--,學測國英數A,28,--,學測英文,--,--,學測數A,--,--,學測國文,--,--,數學學業,--,--,英語文學業,--,--
第一至七類學群,023,國立彰化師範大學,02310,資訊管理學系數位內容科技與管理組,,外加,1,0,均標,10級分,均標,8級分,均標,6級分,--,--,--,--,--,--,--,,,,,,,,,,,,,,,,0,--,在校學業,--,--,學測國英數A,--,--,學測英文,--,--,學測數A,--,--,學測國文,--,--,數學學業,--,--,英語文學業,--,--
第一至七類學群,023,國立彰化師範大學,02311,公共事務與公民教育學系公民教育組,,一般,4,4,--,--,--,--,--,--,--,--,均標,10級分,--,--,--,,,,,,,,,,,,,,,,3,1,在校學業,21%,5%,學測國英社,--,--,學測社會,--,--,學測國文,--,--,學測英文,--,--,公社學業,--,--,國語文學業,--,--
第一至七類學群,023,國立彰化師範大學,02311,公共事務與公民教育學系公民教育組,,外加,1,0,--,--,--,--,--,--,--,--,均標,10級分,--,--,--,,,,,,,,,,,,,,,,0,--,在校學業,--,--,學測國英社,--,--,學測社會,--,--,學測國文,--,--,學測英文,--,--,公社學業,--,--,國語文學業,--,--
第一至七類學群,023,國立彰化師範大學,02312,公共事務與公民教育學系公共事務組,,一般,4,4,--,--,--,--,--,--,--,--,均標,10級分,--,--,--,,,,,,,,,,,,,,,,4,--,在校學業,10%,--,學測國英社,--,--,學測社會,--,--,學測國文,--,--,學測英文,--,--,公社學業,--,--,國語文學業,--,--
第一至七類學群,023,國立彰化師範大學,02312,公共事務與公民教育學系公共事務組,,外加,1,0,--,--,--,--,--,--,--,--,均標,10級分,--,--,--,,,,,,,,,,,,,,,,0,--,在校學業,--,--,學測國英社,--,--,學測社會,--,--,學測國文,--,--,學測英文,--,--,公社學業,--,--,國語文學業,--,--
第一至七類學群,023,國立彰化師範大學,02313,數學系,,一般,13,13,均標,10級分,均標,8級分,均標,6級分,--,--,--,--,均標,9級分,--,,,,,,,,,,,,,,,,8,5,在校學業,17%,18%,學測數A,--,--,學測自然,--,--,學測英文,--,--,學測國文,--,--,數學學業,--,--,英語文學業,--,--
第一至七類學群,023,國立彰化師範大學,02313,數學系,,外加,2,0,均標,10級分,均標,8級分,均標,6級分,--,--,--,--,均標,9級分,--,,,,,,,,,,,,,,,,0,--,在校學業,--,--,學測數A,--,--,學測自然,--,--,學測英文,--,--,學測國文,--,--,數學學業,--,--,英語文學業,--,--
第一至七類學群,023,國立彰化師範大學,02314,物理學系物理組,,一般,6,6,--,--,均標,8級分,均標,6級分,--,--,--,--,均標,9級分,--,,,,,,,,,,,,,,,,6,--,在校學業,6%,--,學測數A,--,--,學測自然,--,--,學測英文,--,--,物理學業,--,--,數學學業,--,--,英語文學業,--,--
第一至七類學群,023,國立彰化師範大學,02314,物理學系物理組,,外加,1,0,--,--,均標,8級分,均標,6級分,--,--,--,--,均標,9級分,--,,,,,,,,,,,,,,,,0,--,在校學業,--,--,學測數A,--,--,學測自然,--,--,學測英文,--,--,物理學業,--,--,數學學業,--,--,英語文學業,--,--
第一至七類學群,023,國立彰化師範大學,02315,物理學系光電組,,一般,6,6,--,--,均標,8級分,均標,6級分,--,--,--,--,均標,9級分,--,,,,,,,,,,,,,,,,6,--,在校學業,4%,--,學測數A,8,--,學測自然,13,--,學測英文,--,--,物理學業,--,--,數學學業,--,--,英語文學業,--,--
第一至七類學群,023,國立彰化師範大學,02315,物理學系光電組,,外加,1,1,--,--,均標,8級分,均標,6級分,--,--,--,--,均標,9級分,--,,,,,,,,,,,,,,,,1,--,在校學業,11%,--,學測數A,--,--,學測自然,--,--,學測英文,--,--,物理學業,--,--,數學學業,--,--,英語文學業,--,--
第一至七類學群,023,國立彰化師範大學,02316,化學系,,一般,11,11,--,--,--,--,均標,6級分,--,--,--,--,均標,9級分,--,,,,,,,,,,,,,,,,11,--,在校學業,5%,--,學測自然,12,--,學測數A,--,--,化學學業,--,--,數學學業,--,--,英語文學業,--,--,物理學業,--,--
第一至七類學群,023,國立彰化師範大學,02316,化學系,,外加,1,0,--,--,--,--,均標,6級分,--,--,--,--,均標,9級分,--,,,,,,,,,,,,,,,,0,--,在校學業,--,--,學測自然,--,--,學測數A,--,--,化學學業,--,--,數學學業,--,--,英語文學業,--,--,物理學業,--,--
第一至七類學群,023,國立彰化師範大學,02317,機電工程學系,,一般,9,9,均標,10級分,均標,8級分,前標,9級分,--,--,--,--,均標,9級分,--,,,,,,,,,,,,,,,,9,--,在校學業,12%,--,學測國英數A自,43,--,學測數A,--,--,學測自然,--,--,學測英文,--,--,學測國文,--,--,數學學業,--,--
第一至七類學群,023,國立彰化師範大學,02317,機電工程學系,,外加,1,0,均標,10級分,均標,8級分,前標,9級分,--,--,--,--,均標,9級分,--,,,,,,,,,,,,,,,,0,--,在校學業,--,--,學測國英數A自,--,--,學測數A,--,--,學測自然,--,--,學測英文,--,--,學測國文,--,--,數學學業,--,--
第一至七類學群,023,國立彰化師範大學,02318,電機工程學系,,一般,10,10,--,--,均標,8級分,均標,6級分,--,--,--,--,均標,9級分,--,,,,,,,,,,,,,,,,10,--,在校學業,3%,--,學測英數A自,34,--,學測自然,--,--,學測數A,--,--,學測英文,--,--,數學學業,--,--,物理學業,--,--
第一至七類學群,023,國立彰化師範大學,02318,電機工程學系,,外加,1,1,--,--,均標,8級分,均標,6級分,--,--,--,--,均標,9級分,--,,,,,,,,,,,,,,,,1,--,在校學業,6%,--,學測英數A自,--,--,學測自然,--,--,學測數A,--,--,學測英文,--,--,數學學業,--,--,物理學業,--,--
第一至七類學群,023,國立彰化師範大學,02319,電子工程學系,,一般,8,8,均標,10級分,均標,8級分,前標,9級分,--,--,--,--,前標,12級分,--,,,,,,,,,,,,,,,,6,2,在校學業,16%,11%,學測自然,--,--,物理學業,--,--,學測數A,--,--,學測英文,--,--,數學學業,--,--,英語文學業,--,--
第一至七類學群,023,國立彰化師範大學,02319,電子工程學系,,外加,1,0,均標,10級分,均標,8級分,前標,9級分,--,--,--,--,前標,12級分,--,,,,,,,,,,,,,,,,0,--,在校學業,--,--,學測自然,--,--,物理學業,--,--,學測數A,--,--,學測英文,--,--,數學學業,--,--,英語文學業,--,--
第一至七類學群,023,國立彰化師範大學,02320,資訊工程學系,,一般,8,8,均標,10級分,均標,8級分,前標,9級分,--,--,--,--,前標,12級分,--,,,,,,,,,,,,,,,,8,--,在校學業,22%,--,學測數A,10,--,學測自然,12,--,學測英文,10,--,學測國文,--,--,數學學業,--,--,物理學業,--,--
第一至七類學群,023,國立彰化師範大學,02320,資訊工程學系,,外加,1,0,均標,10級分,均標,8級分,前標,9級分,--,--,--,--,前標,12級分,--,,,,,,,,,,,,,,,,0,--,在校學業,--,--,學測數A,--,--,學測自然,--,--,學測英文,--,--,學測國文,--,--,數學學業,--,--,物理學業,--,--
第一至七類學群,023,國立彰化師範大學,02321,生物學系,,一般,6,6,--,--,--,--,--,--,--,--,--,--,均標,9級分,--,,,,,,,,,,,,,,,,6,--,在校學業,8%,--,學測自然,--,--,學測英文,--,--,生物學業,--,--,學測國文,--,--,英語文學業,--,--,數學學業,--,--
第一至七類學群,023,國立彰化師範大學,02321,生物學系,,外加,1,0,--,--,--,--,--,--,--,--,--,--,均標,9級分,--,,,,,,,,,,,,,,,,0,--,在校學業,--,--,學測自然,--,--,學測英文,--,--,生物學業,--,--,學測國文,--,--,英語文學業,--,--,數學學業,--,--
第一至七類學群,023,國立彰化師範大學,02322,美術學系,,一般,4,2,均標,10級分,均標,8級分,--,--,--,--,均標,10級分,--,--,--,素描,--,--,彩繪技法,--,--,創意表現,--,--,水墨書畫,--,--,美術鑑賞,--,--,2,--,在校學業,21%,--,美術學業,--,--,學測國英,--,--,學測國文,--,--,學測英文,--,--,學測社會,--,--,英語文學業,--,--
第一至七類學群,023,國立彰化師範大學,02322,美術學系,,外加,1,0,均標,10級分,均標,8級分,--,--,--,--,均標,10級分,--,--,--,素描,--,--,彩繪技法,--,--,創意表現,--,--,水墨書畫,--,--,美術鑑賞,--,--,0,--,在校學業,--,--,美術學業,--,--,學測國英,--,--,學測國文,--,--,學測英文,--,--,學測社會,--,--,英語文學業,--,--
第一至七類學群,026,中山醫學大學,02601,應用外國語言學系,,一般,10,10,--,--,均標,8級分,--,--,--,--,--,--,--,--,--,,,,,,,,,,,,,,,,6,4,在校學業,30%,18%,學測英文,--,--,英語文學業,--,--,學測國文,--,--,國語文學業,--,--,學測國英,--,--,學測社會,--,--
第一至七類學群,026,中山醫學大學,02601,應用外國語言學系,,外加,1,0,--,--,均標,8級分,--,--,--,--,--,--,--,--,--,,,,,,,,,,,,,,,,0,--,在校學業,--,--,學測英文,--,--,英語文學業,--,--,學測國文,--,--,國語文學業,--,--,學測國英,--,--,學測社會,--,--
第一至七類學群,026,中山醫學大學,02602,醫學社會暨社會工作學系,,一般,8,8,均標,10級分,--,--,--,--,--,--,均標,10級分,--,--,--,,,,,,,,,,,,,,,,7,1,在校學業,50%,16%,學測社會,--,--,學測國社,--,--,學測國文,--,--,英語文學業,--,--,國語文學業,--,--,公社學業,--,--
第一至七類學群,026,中山醫學大學,02602,醫學社會暨社會工作學系,,外加,1,0,均標,10級分,--,--,--,--,--,--,均標,10級分,--,--,--,,,,,,,,,,,,,,,,0,--,在校學業,--,--,學測社會,--,--,學測國社,--,--,學測國文,--,--,英語文學業,--,--,國語文學業,--,--,公社學業,--,--
第一至七類學群,026,中山醫學大學,02603,醫療產業科技管理學系,,一般,5,5,後標,9級分,均標,8級分,--,--,後標,4級分,--,--,--,--,--,,,,,,,,,,,,,,,,2,3,在校學業,29%,22%,學測英文,--,--,學測數B,--,--,學測國文,--,--,英語文學業,--,--,數學學業,--,--,國語文學業,--,--
第一至七類學群,026,中山醫學大學,02603,醫療產業科技管理學系,,外加,1,0,後標,9級分,均標,8級分,--,--,後標,4級分,--,--,--,--,--,,,,,,,,,,,,,,,,0,--,在校學業,--,--,學測英文,--,--,學測數B,--,--,學測國文,--,--,英語文學業,--,--,數學學業,--,--,國語文學業,--,--
第一至七類學群,026,中山醫學大學,02604,醫學資訊學系,,一般,15,15,--,--,後標,4級分,後標,4級分,--,--,--,--,--,--,--,,,,,,,,,,,,,,,,13,2,在校學業,46%,22%,學測數A,--,--,學測英文,--,--,數學學業,--,--,英語文學業,--,--,學測英數A,--,--,資訊科技學業,--,--
第一至七類學群,026,中山醫學大學,02604,醫學資訊學系,,外加,1,0,--,--,後標,4級分,後標,4級分,--,--,--,--,--,--,--,,,,,,,,,,,,,,,,0,--,在校學業,--,--,學測數A,--,--,學測英文,--,--,數學學業,--,--,英語文學業,--,--,學測英數A,--,--,資訊科技學業,--,--
第一至七類學群,026,中山醫學大學,02605,物理治療學系,,一般,18,18,--,--,均標,8級分,--,--,--,--,--,--,均標,9級分,--,,,,,,,,,,,,,,,,18,--,在校學業,4%,--,學測英文,10,--,學測自然,11,--,學測國文,12,--,英語文學業,--,--,生物學業,--,--,國語文學業,--,--
第一至七類學群,026,中山醫學大學,02605,物理治療學系,,外加,2,0,--,--,均標,8級分,--,--,--,--,--,--,均標,9級分,--,,,,,,,,,,,,,,,,0,--,在校學業,--,--,學測英文,--,--,學測自然,--,--,學測國文,--,--,英語文學業,--,--,生物學業,--,--,國語文學業,--,--
第一至七類學群,026,中山醫學大學,02606,職能治療學系,,一般,11,11,均標,10級分,均標,8級分,底標,3級分,後標,4級分,--,--,均標,9級分,--,,,,,,,,,,,,,,,,11,--,在校學業,5%,--,學測英文,--,--,學測自然,--,--,學測國文,--,--,英語文學業,--,--,生物學業,--,--,國語文學業,--,--
第一至七類學群,026,中山醫學大學,02606,職能治療學系,,外加,2,0,均標,10級分,均標,8級分,底標,3級分,後標,4級分,--,--,均標,9級分,--,,,,,,,,,,,,,,,,0,--,在校學業,--,--,學測英文,--,--,學測自然,--,--,學測國文,--,--,英語文學業,--,--,生物學業,--,--,國語文學業,--,--
第一至七類學群,026,中山醫學大學,02607,語言治療與聽力學系語言治療組,,一般,6,6,均標,10級分,均標,8級分,後標,4級分,--,--,--,--,均標,9級分,--,,,,,,,,,,,,,,,,6,--,在校學業,5%,--,學測英文,12,--,學測國文,--,--,學測自然,--,--,學測數A,--,--,英語文學業,--,--,國語文學業,--,--
第一至七類學群,026,中山醫學大學,02607,語言治療與聽力學系語言治療組,,外加,1,0,均標,10級分,均標,8級分,後標,4級分,--,--,--,--,均標,9級分,--,,,,,,,,,,,,,,,,0,--,在校學業,--,--,學測英文,--,--,學測國文,--,--,學測自然,--,--,學測數A,--,--,英語文學業,--,--,國語文學業,--,--
第一至七類學群,026,中山醫學大學,02608,語言治療與聽力學系聽力組,,一般,6,6,均標,10級分,均標,8級分,後標,4級分,--,--,--,--,均標,9級分,--,,,,,,,,,,,,,,,,6,--,在校學業,8%,--,學測英文,10,--,學測自然,--,--,學測國文,--,--,學測數A,--,--,英語文學業,--,--,國語文學業,--,--
第一至七類學群,026,中山醫學大學,02608,語言治療與聽力學系聽力組,,外加,1,0,均標,10級分,均標,8級分,後標,4級分,--,--,--,--,均標,9級分,--,,,,,,,,,,,,,,,,0,--,在校學業,--,--,學測英文,--,--,學測自然,--,--,學測國文,--,--,學測數A,--,--,英語文學業,--,--,國語文學業,--,--
第一至七類學群,026,中山醫學大學,02609,生物醫學科學學系,,一般,25,25,--,--,--,--,後標,4級分,--,--,--,--,均標,9級分,--,,,,,,,,,,,,,,,,23,2,在校學業,44%,11%,學測自然,--,--,學測英文,--,--,數學學業,--,--,學測國文,--,--,英語文學業,--,--,生物學業,--,--
第一至七類學群,026,中山醫學大學,02609,生物醫學科學學系,,外加,4,0,--,--,--,--,後標,4級分,--,--,--,--,均標,9級分,--,,,,,,,,,,,,,,,,0,--,在校學業,--,--,學測自然,--,--,學測英文,--,--,數學學業,--,--,學測國文,--,--,英語文學業,--,--,生物學業,--,--
第一至七類學群,026,中山醫學大學,02610,視光學系,,一般,9,9,--,--,後標,4級分,--,--,--,--,--,--,均標,9級分,--,,,,,,,,,,,,,,,,9,--,在校學業,23%,--,學測自然,--,--,學測英文,--,--,國語文學業,--,--,生物學業,--,--,英語文學業,--,--,物理學業,--,--
第一至七類學群,026,中山醫學大學,02610,視光學系,,外加,1,0,--,--,後標,4級分,--,--,--,--,--,--,均標,9級分,--,,,,,,,,,,,,,,,,0,--,在校學業,--,--,學測自然,--,--,學測英文,--,--,國語文學業,--,--,生物學業,--,--,英語文學業,--,--,物理學業,--,--
第一至七類學群,026,中山醫學大學,02611,醫學影像暨放射科學系,,一般,11,11,--,--,均標,8級分,後標,4級分,後標,4級分,--,--,均標,9級分,--,,,,,,,,,,,,,,,,11,--,在校學業,11%,--,學測自然,12,--,學測英文,--,--,物理學業,--,--,數學學業,--,--,英語文學業,--,--,國語文學業,--,--
第一至七類學群,026,中山醫學大學,02611,醫學影像暨放射科學系,,外加,1,0,--,--,均標,8級分,後標,4級分,後標,4級分,--,--,均標,9級分,--,,,,,,,,,,,,,,,,0,--,在校學業,--,--,學測自然,--,--,學測英文,--,--,物理學業,--,--,數學學業,--,--,英語文學業,--,--,國語文學業,--,--
第一至七類學群,026,中山醫學大學,02612,心理學系,,一般,6,6,後標,9級分,均標,8級分,後標,4級分,--,--,--,--,--,--,--,,,,,,,,,,,,,,,,6,--,在校學業,7%,--,學測數A,6,--,數學學業,--,--,學測國文,--,--,國語文學業,--,--,學測英文,--,--,英語文學業,--,--
第一至七類學群,026,中山醫學大學,02612,心理學系,,外加,3,1,後標,9級分,均標,8級分,後標,4級分,--,--,--,--,--,--,--,,,,,,,,,,,,,,,,1,--,在校學業,36%,--,學測數A,--,--,數學學業,--,--,學測國文,--,--,國語文學業,--,--,學測英文,--,--,英語文學業,--,--
第一至七類學群,026,中山醫學大學,02613,營養學系(A組),,一般,31,31,--,--,後標,4級分,--,--,--,--,--,--,後標,7級分,--,,,,,,,,,,,,,,,,31,--,在校學業,18%,--,學測自然,9,--,學測英文,--,--,學測英自,--,--,生物學業,--,--,英語文學業,--,--,化學學業,--,--
第一至七類學群,026,中山醫學大學,02613,營養學系(A組),,外加,1,1,--,--,後標,4級分,--,--,--,--,--,--,後標,7級分,--,,,,,,,,,,,,,,,,1,--,在校學業,20%,--,學測自然,--,--,學測英文,--,--,學測英自,--,--,生物學業,--,--,英語文學業,--,--,化學學業,--,--
第一至七類學群,026,中山醫學大學,02614,營養學系(B組),,一般,5,5,後標,9級分,後標,4級分,--,--,--,--,--,--,--,--,--,,,,,,,,,,,,,,,,5,--,在校學業,8%,--,學測國文,--,--,學測英文,--,--,學測國英,--,--,國語文學業,--,--,英語文學業,--,--,公社學業,--,--
第一至七類學群,026,中山醫學大學,02614,營養學系(B組),,外加,1,0,後標,9級分,後標,4級分,--,--,--,--,--,--,--,--,--,,,,,,,,,,,,,,,,0,--,在校學業,--,--,學測國文,--,--,學測英文,--,--,學測國英,--,--,國語文學業,--,--,英語文學業,--,--,公社學業,--,--
第一至七類學群,026,中山醫學大學,02615,職業安全衛生學系,,一般,11,11,底標,7級分,底標,3級分,--,--,--,--,--,--,底標,5級分,--,,,,,,,,,,,,,,,,11,--,在校學業,37%,--,學測國英自,--,--,學測自然,--,--,學測英文,--,--,學測國文,--,--,英語文學業,--,--,國語文學業,--,--
第一至七類學群,026,中山醫學大學,02615,職業安全衛生學系,,外加,1,1,底標,7級分,底標,3級分,--,--,--,--,--,--,底標,5級分,--,,,,,,,,,,,,,,,,1,--,在校學業,38%,--,學測國英自,--,--,學測自然,--,--,學測英文,--,--,學測國文,--,--,英語文學業,--,--,國語文學業,--,--
第一至七類學群,026,中山醫學大學,02616,醫學應用化學系,,一般,12,12,--,--,--,--,後標,4級分,--,--,--,--,後標,7級分,--,,,,,,,,,,,,,,,,12,--,在校學業,14%,--,學測自然,--,--,化學學業,--,--,數學學業,--,--,國語文學業,--,--,學測英文,--,--,英語文學業,--,--
第一至七類學群,026,中山醫學大學,02616,醫學應用化學系,,外加,1,0,--,--,--,--,後標,4級分,--,--,--,--,後標,7級分,--,,,,,,,,,,,,,,,,0,--,在校學業,--,--,學測自然,--,--,化學學業,--,--,數學學業,--,--,國語文學業,--,--,學測英文,--,--,英語文學業,--,--
第一至七類學群,026,中山醫學大學,02617,健康產業科技管理學系,,一般,5,5,底標,7級分,底標,3級分,--,--,--,--,--,--,底標,5級分,--,,,,,,,,,,,,,,,,5,--,在校學業,40%,--,學測國英自,--,--,學測自然,--,--,學測國文,--,--,學測英文,--,--,數學學業,--,--,英語文學業,--,--
第一至七類學群,026,中山醫學大學,02617,健康產業科技管理學系,,外加,1,0,底標,7級分,底標,3級分,--,--,--,--,--,--,底標,5級分,--,,,,,,,,,,,,,,,,0,--,在校學業,--,--,學測國英自,--,--,學測自然,--,--,學測國文,--,--,學測英文,--,--,數學學業,--,--,英語文學業,--,--
第一至七類學群,026,中山醫學大學,02618,護理學系,,一般,13,13,後標,9級分,後標,4級分,--,--,--,--,--,--,後標,7級分,--,,,,,,,,,,,,,,,,13,--,在校學業,16%,--,學測英文,--,--,學測國文,--,--,學測自然,--,--,英語文學業,--,--,國語文學業,--,--,學測數A,--,--
第一至七類學群,026,中山醫學大學,02618,護理學系,,外加,1,0,後標,9級分,後標,4級分,--,--,--,--,--,--,後標,7級分,--,,,,,,,,,,,,,,,,0,--,在校學業,--,--,學測英文,--,--,學測國文,--,--,學測自然,--,--,英語文學業,--,--,國語文學業,--,--,學測數A,--,--
第一至七類學群,026,中山醫學大學,02619,醫學檢驗暨生物技術學系,,一般,19,19,--,--,均標,8級分,後標,4級分,後標,4級分,--,--,均標,9級分,--,,,,,,,,,,,,,,,,19,--,在校學業,15%,--,學測自然,13,--,學測英文,--,--,學測國文,--,--,生物學業,--,--,化學學業,--,--,國語文學業,--,--
第一至七類學群,026,中山醫學大學,02619,醫學檢驗暨生物技術學系,,外加,1,1,--,--,均標,8級分,後標,4級分,後標,4級分,--,--,均標,9級分,--,,,,,,,,,,,,,,,,1,--,在校學業,37%,--,學測自然,--,--,學測英文,--,--,學測國文,--,--,生物學業,--,--,化學學業,--,--,國語文學業,--,--
第一至七類學群,026,中山醫學大學,02620,公共衛生學系,,一般,21,21,--,--,後標,4級分,--,--,--,--,--,--,--,--,--,,,,,,,,,,,,,,,,21,--,在校學業,35%,--,學測國英,--,--,數學學業,--,--,學測國文,--,--,學測英文,--,--,學測自然,--,--,國語文學業,--,--
第一至七類學群,026,中山醫學大學,02620,公共衛生學系,,外加,4,0,--,--,後標,4級分,--,--,--,--,--,--,--,--,--,,,,,,,,,,,,,,,,0,--,在校學業,--,--,學測國英,--,--,數學學業,--,--,學測國文,--,--,學測英文,--,--,學測自然,--,--,國語文學業,--,--
第一至七類學群,027,國立中山大學,02701,中國文學系,,一般,16,16,前標,12級分,均標,8級分,--,--,--,--,均標,10級分,--,--,--,,,,,,,,,,,,,,,,12,4,在校學業,20%,8%,學測國文,--,--,學測英文,--,--,學測社會,--,--,國語文學業,--,--,英語文學業,--,--,歷史學業,--,--
第一至七類學群,027,國立中山大學,02702,外國語文學系,,一般,7,7,前標,12級分,前標,11級分,--,--,--,--,前標,12級分,--,--,--,,,,,,,,,,,,,,,,7,--,在校學業,7%,--,學測英文,--,--,學測國文,--,--,學測社會,--,--,學測國英社,--,--,英語文學業,--,--,國語文學業,--,--
第一至七類學群,027,國立中山大學,02703,劇場藝術學系,,一般,1,1,均標,10級分,均標,8級分,--,--,--,--,均標,10級分,--,--,--,,,,,,,,,,,,,,,,1,--,在校學業,7%,--,學測國英社,--,--,學測國文,--,--,學測英文,--,--,學測社會,--,--,國語文學業,--,--,英語文學業,--,--
第一至七類學群,027,國立中山大學,02704,企業管理學系,,一般,10,10,均標,10級分,均標,8級分,--,--,均標,6級分,--,--,--,--,--,,,,,,,,,,,,,,,,10,--,在校學業,3%,--,學測英文,--,--,學測數B,--,--,學測國文,--,--,英語文學業,--,--,數學學業,--,--,國語文學業,--,--
第一至七類學群,027,國立中山大學,02705,資訊管理學系,,一般,5,5,均標,10級分,均標,8級分,均標,6級分,--,--,--,--,--,--,--,,,,,,,,,,,,,,,,5,--,在校學業,5%,--,學測數A,11,--,學測英文,--,--,學測國文,--,--,數學學業,--,--,英語文學業,--,--,國語文學業,--,--
第一至七類學群,027,國立中山大學,02706,財務管理學系,,一般,7,7,均標,10級分,均標,8級分,均標,6級分,--,--,--,--,--,--,--,,,,,,,,,,,,,,,,7,--,在校學業,2%,--,學測數A,--,--,學測英文,--,--,學測國文,--,--,數學學業,--,--,英語文學業,--,--,國語文學業,--,--
第一至七類學群,027,國立中山大學,02706,財務管理學系,,外加,2,1,均標,10級分,均標,8級分,均標,6級分,--,--,--,--,--,--,--,,,,,,,,,,,,,,,,1,--,在校學業,18%,--,學測數A,--,--,學測英文,--,--,學測國文,--,--,數學學業,--,--,英語文學業,--,--,國語文學業,--,--
第一至七類學群,027,國立中山大學,02707,國際經營管理全英語學士學位學程,,一般,5,5,--,--,均標,8級分,--,--,均標,6級分,均標,10級分,--,--,--,,,,,,,,,,,,,,,,5,--,在校學業,2%,--,學測英數B社,31,--,學測英文,--,--,學測數B,--,--,學測社會,--,--,英語文學業,--,--,數學學業,--,--
第一至七類學群,027,國立中山大學,02708,政治經濟學系,,一般,6,6,--,--,均標,8級分,均標,6級分,--,--,--,--,--,--,--,,,,,,,,,,,,,,,,6,--,在校學業,9%,--,學測英文,13,--,學測數A,--,--,學測國文,--,--,學測社會,--,--,英語文學業,--,--,數學學業,--,--
第一至七類學群,027,國立中山大學,02709,社會學系,,一般,4,4,--,--,均標,8級分,均標,6級分,均標,6級分,均標,10級分,--,--,--,,,,,,,,,,,,,,,,3,1,在校學業,15%,4%,公社學業,--,--,英語文學業,--,--,學測英社,--,--,學測社會,--,--,學測英文,--,--,數學學業,--,--
第一至七類學群,027,國立中山大學,02709,社會學系,,外加,1,0,--,--,均標,8級分,均標,6級分,均標,6級分,均標,10級分,--,--,--,,,,,,,,,,,,,,,,0,--,在校學業,--,--,公社學業,--,--,英語文學業,--,--,學測英社,--,--,學測社會,--,--,學測英文,--,--,數學學業,--,--
第一至七類學群,027,國立中山大學,02710,人文暨科技跨領域學士學位學程,,一般,1,1,均標,10級分,均標,8級分,均標,6級分,前標,10級分,--,--,--,--,--,,,,,,,,,,,,,,,,1,--,在校學業,5%,--,數學學業,9%,--,學測國文,12,--,學測英文,--,--,國語文學業,--,--,英語文學業,--,--,學測國英,--,--
第一至七類學群,027,國立中山大學,02710,人文暨科技跨領域學士學位學程,,外加,1,0,均標,10級分,均標,8級分,均標,6級分,前標,10級分,--,--,--,--,--,,,,,,,,,,,,,,,,0,--,在校學業,--,--,數學學業,--,--,學測國文,--,--,學測英文,--,--,國語文學業,--,--,英語文學業,--,--,學測國英,--,--
第一至七類學群,027,國立中山大學,02711,化學系,,一般,4,4,--,--,均標,8級分,均標,6級分,--,--,--,--,前標,12級分,--,,,,,,,,,,,,,,,,4,--,在校學業,3%,--,學測自然,13,--,學測數A,--,--,化學學業,--,--,物理學業,--,--,數學學業,--,--,學測英文,--,--
第一至七類學群,027,國立中山大學,02711,化學系,,外加,1,0,--,--,均標,8級分,均標,6級分,--,--,--,--,前標,12級分,--,,,,,,,,,,,,,,,,0,--,在校學業,--,--,學測自然,--,--,學測數A,--,--,化學學業,--,--,物理學業,--,--,數學學業,--,--,學測英文,--,--
第一至七類學群,027,國立中山大學,02712,化學系英語組,,一般,4,4,--,--,前標,11級分,均標,6級分,--,--,--,--,均標,9級分,--,,,,,,,,,,,,,,,,4,--,在校學業,2%,--,學測英文,--,--,學測自然,--,--,學測數A,--,--,化學學業,--,--,物理學業,--,--,數學學業,--,--
第一至七類學群,027,國立中山大學,02713,物理學系,,一般,5,5,均標,10級分,均標,8級分,均標,6級分,--,--,--,--,均標,9級分,--,,,,,,,,,,,,,,,,5,--,在校學業,2%,--,物理學業,1%,--,數學學業,--,--,學測自然,--,--,學測數A,--,--,英語文學業,--,--,國語文學業,--,--
第一至七類學群,027,國立中山大學,02713,物理學系,,外加,1,0,均標,10級分,均標,8級分,均標,6級分,--,--,--,--,均標,9級分,--,,,,,,,,,,,,,,,,0,--,在校學業,--,--,物理學業,--,--,數學學業,--,--,學測自然,--,--,學測數A,--,--,英語文學業,--,--,國語文學業,--,--
第一至七類學群,027,國立中山大學,02714,物理學系量子科技組(全英),,一般,5,5,--,--,均標,8級分,均標,6級分,--,--,--,--,均標,9級分,B級,,,,,,,,,,,,,,,,5,--,在校學業,3%,--,英語文學業,10%,--,數學學業,--,--,物理學業,--,--,學測英文,--,--,學測數A,--,--,學測自然,--,--
第一至七類學群,027,國立中山大學,02715,應用數學系,,一般,4,4,均標,10級分,均標,8級分,前標,9級分,--,--,--,--,前標,12級分,--,,,,,,,,,,,,,,,,3,1,在校學業,18%,5%,學測數A,--,--,學測國英數A自,--,--,學測自然,--,--,學測英文,--,--,數學學業,--,--,物理學業,--,--
第一至七類學群,027,國立中山大學,02716,應用數學系英語組,,一般,4,4,均標,10級分,前標,11級分,前標,9級分,--,--,--,--,均標,9級分,--,,,,,,,,,,,,,,,,4,--,在校學業,16%,--,學測數A,--,--,學測國英數A自,--,--,學測英文,--,--,學測自然,--,--,數學學業,--,--,英語文學業,--,--
第一至七類學群,027,國立中山大學,02717,電機工程學系,,一般,18,18,--,--,前標,11級分,頂標,11級分,--,--,--,--,前標,12級分,--,,,,,,,,,,,,,,,,18,--,在校學業,6%,--,學測英數A自,37,--,學測數A,11,--,學測自然,14,--,學測英文,--,--,數學學業,--,--,英語文學業,--,--
第一至七類學群,027,國立中山大學,02717,電機工程學系,,外加,1,0,--,--,前標,11級分,頂標,11級分,--,--,--,--,前標,12級分,--,,,,,,,,,,,,,,,,0,--,在校學業,--,--,學測英數A自,--,--,學測數A,--,--,學測自然,--,--,學測英文,--,--,數學學業,--,--,英語文學業,--,--
第一至七類學群,027,國立中山大學,02718,機械與機電工程學系,,一般,10,10,--,--,--,--,前標,9級分,--,--,--,--,前標,12級分,--,,,,,,,,,,,,,,,,10,--,在校學業,7%,--,學測英數A自,36,--,學測自然,--,--,學測數A,--,--,學測英文,--,--,物理學業,--,--,數學學業,--,--
第一至七類學群,027,國立中山大學,02718,機械與機電工程學系,,外加,1,0,--,--,--,--,前標,9級分,--,--,--,--,前標,12級分,--,,,,,,,,,,,,,,,,0,--,在校學業,--,--,學測英數A自,--,--,學測自然,--,--,學測數A,--,--,學測英文,--,--,物理學業,--,--,數學學業,--,--
第一至七類學群,027,國立中山大學,02719,機械與機電工程學系全英語組,,一般,6,6,--,--,前標,11級分,前標,9級分,--,--,--,--,均標,9級分,--,,,,,,,,,,,,,,,,6,--,在校學業,5%,--,學測英數A自,--,--,學測英文,--,--,學測自然,--,--,學測數A,--,--,物理學業,--,--,數學學業,--,--
第一至七類學群,027,國立中山大學,02720,資訊工程學系,,一般,7,7,--,--,前標,11級分,頂標,11級分,--,--,--,--,頂標,13級分,--,,,,,,,,,,,,,,,,7,--,在校學業,10%,--,學測英數A自,--,--,學測數A,--,--,學測自然,--,--,學測英文,--,--,數學學業,--,--,物理學業,--,--
第一至七類學群,027,國立中山大學,02721,資訊工程學系全英語學士班,,一般,5,3,--,--,頂標,13級分,頂標,11級分,--,--,--,--,前標,12級分,--,,,,,,,,,,,,,,,,0,3,在校學業,--,13%,學測英數A自,--,--,學測數A,--,--,學測英文,--,--,學測自然,--,--,數學學業,--,--,英語文學業,--,--
第一至七類學群,027,國立中山大學,02722,光電工程學系,,一般,5,5,均標,10級分,前標,11級分,前標,9級分,--,--,--,--,前標,12級分,--,,,,,,,,,,,,,,,,5,--,在校學業,11%,--,學測英數A自,--,--,學測數A,--,--,學測自然,--,--,學測英文,--,--,物理學業,--,--,化學學業,--,--
第一至七類學群,027,國立中山大學,02722,光電工程學系,,外加,1,0,均標,10級分,前標,11級分,前標,9級分,--,--,--,--,前標,12級分,--,,,,,,,,,,,,,,,,0,--,在校學業,--,--,學測英數A自,--,--,學測數A,--,--,學測自然,--,--,學測英文,--,--,物理學業,--,--,化學學業,--,--
第一至七類學群,027,國立中山大學,02723,材料與光電科學學系,,一般,5,5,均標,10級分,均標,8級分,前標,9級分,--,--,--,--,前標,12級分,--,,,,,,,,,,,,,,,,5,--,在校學業,4%,--,學測數A,--,--,學測自然,--,--,學測英文,--,--,學測國文,--,--,數學學業,--,--,物理學業,--,--
第一至七類學群,027,國立中山大學,02723,材料與光電科學學系,,外加,1,1,均標,10級分,均標,8級分,前標,9級分,--,--,--,--,前標,12級分,--,,,,,,,,,,,,,,,,1,--,在校學業,9%,--,學測數A,--,--,學測自然,--,--,學測英文,--,--,學測國文,--,--,數學學業,--,--,物理學業,--,--
第一至七類學群,027,國立中山大學,02724,材料與光電科學學系全英語組,,一般,4,4,--,--,前標,11級分,前標,9級分,--,--,--,--,前標,12級分,--,,,,,,,,,,,,,,,,4,--,在校學業,9%,--,學測數A,--,--,學測自然,--,--,學測英文,--,--,學測國文,--,--,數學學業,--,--,物理學業,--,--
第一至七類學群,027,國立中山大學,02725,海洋環境及工程學系,,一般,10,10,--,--,均標,8級分,均標,6級分,--,--,--,--,均標,9級分,--,,,,,,,,,,,,,,,,10,--,在校學業,9%,--,學測英文,--,--,學測數A,--,--,學測自然,--,--,數學學業,--,--,物理學業,--,--,化學學業,--,--
第一至七類學群,027,國立中山大學,02725,海洋環境及工程學系,,外加,2,0,--,--,均標,8級分,均標,6級分,--,--,--,--,均標,9級分,--,,,,,,,,,,,,,,,,0,--,在校學業,--,--,學測英文,--,--,學測數A,--,--,學測自然,--,--,數學學業,--,--,物理學業,--,--,化學學業,--,--
第一至七類學群,027,國立中山大學,02726,海洋科學系,,一般,5,5,均標,10級分,均標,8級分,均標,6級分,--,--,--,--,均標,9級分,--,,,,,,,,,,,,,,,,5,--,在校學業,10%,--,學測英文,--,--,學測數A,--,--,學測自然,--,--,學測國英數A自,--,--,英語文學業,--,--,數學學業,--,--
第一至七類學群,027,國立中山大學,02726,海洋科學系,,外加,2,0,均標,10級分,均標,8級分,均標,6級分,--,--,--,--,均標,9級分,--,,,,,,,,,,,,,,,,0,--,在校學業,--,--,學測英文,--,--,學測數A,--,--,學測自然,--,--,學測國英數A自,--,--,英語文學業,--,--,數學學業,--,--
第一至七類學群,027,國立中山大學,02727,生物科學系,,一般,4,4,均標,10級分,均標,8級分,均標,6級分,--,--,--,--,前標,12級分,--,,,,,,,,,,,,,,,,4,--,在校學業,11%,--,學測自然,--,--,學測英文,--,--,學測數A,--,--,學測國文,--,--,學測國英數A自,--,--,生物學業,--,--
第一至七類學群,027,國立中山大學,02727,生物科學系,,外加,2,0,均標,10級分,均標,8級分,均標,6級分,--,--,--,--,前標,12級分,--,,,,,,,,,,,,,,,,0,--,在校學業,--,--,學測自然,--,--,學測英文,--,--,學測數A,--,--,學測國文,--,--,學測國英數A自,--,--,生物學業,--,--
第一至七類學群,027,國立中山大學,02728,生物科學系英語組,,一般,3,3,均標,10級分,均標,8級分,均標,6級分,--,--,--,--,前標,12級分,--,,,,,,,,,,,,,,,,3,--,在校學業,17%,--,學測自然,--,--,學測英文,--,--,學測數A,--,--,學測國文,--,--,學測國英數A自,--,--,生物學業,--,--
第一至七類學群,027,國立中山大學,02729,海洋生物科技暨資源學系,,一般,7,7,--,--,均標,8級分,均標,6級分,均標,6級分,--,--,均標,9級分,B級,,,,,,,,,,,,,,,,7,--,在校學業,17%,--,學測英自,--,--,學測英文,--,--,學測自然,--,--,英語文學業,--,--,生物學業,--,--,化學學業,--,--
第一至七類學群,027,國立中山大學,02729,海洋生物科技暨資源學系,,外加,2,0,--,--,均標,8級分,均標,6級分,均標,6級分,--,--,均標,9級分,B級,,,,,,,,,,,,,,,,0,--,在校學業,--,--,學測英自,--,--,學測英文,--,--,學測自然,--,--,英語文學業,--,--,生物學業,--,--,化學學業,--,--
第一至七類學群,027,國立中山大學,02730,生物醫學科技學系全英語學士班生物醫學組,,一般,1,1,均標,10級分,均標,8級分,均標,6級分,--,--,--,--,均標,9級分,--,,,,,,,,,,,,,,,,1,--,在校學業,3%,--,學測英數A自,--,--,學測自然,--,--,學測英文,--,--,學測數A,--,--,生物學業,--,--,化學學業,--,--
第一至七類學群,027,國立中山大學,02730,生物醫學科技學系全英語學士班生物醫學組,,外加,1,0,均標,10級分,均標,8級分,均標,6級分,--,--,--,--,均標,9級分,--,,,,,,,,,,,,,,,,0,--,在校學業,--,--,學測英數A自,--,--,學測自然,--,--,學測英文,--,--,學測數A,--,--,生物學業,--,--,化學學業,--,--
第一至七類學群,027,國立中山大學,02731,生物醫學科技學系全英語學士班生醫工程組,,一般,1,1,均標,10級分,均標,8級分,均標,6級分,--,--,--,--,前標,12級分,--,,,,,,,,,,,,,,,,1,--,在校學業,3%,--,學測英數A自,--,--,學測自然,--,--,學測英文,--,--,學測數A,--,--,生物學業,--,--,化學學業,--,--
第一至七類學群,027,國立中山大學,02732,護理學系,,一般,3,3,--,--,後標,4級分,後標,4級分,--,--,--,--,後標,7級分,--,,,,,,,,,,,,,,,,3,--,在校學業,11%,--,學測自然,--,--,學測英文,--,--,學測數A,--,--,學測國文,--,--,生物學業,--,--,英語文學業,--,--
第一至七類學群,027,國立中山大學,02733,音樂學系,小提琴,一般,1,0,後標,9級分,後標,4級分,--,--,--,--,--,--,--,--,--,主修,均標,84分,副修,--,--,樂理,--,--,視唱,--,--,聽寫,--,--,0,--,在校學業,--,--,術科主修,--,--,音樂學業,--,--,術科聽寫,--,--,術科樂理,--,--,學測國文,--,--,學測英文,--,--
第一至七類學群,028,國立臺北藝術大學,02801,傳統音樂學系南管樂,,一般,1,0,均標,10級分,均標,8級分,--,--,--,--,均標,10級分,--,--,--,,,,,,,,,,,,,,,,0,--,在校學業,--,--,學測國文,--,--,學測英文,--,--,學測社會,--,--,國語文學業,--,--,英語文學業,--,--,公社學業,--,--
第一至七類學群,028,國立臺北藝術大學,02802,傳統音樂學系北管樂,,一般,1,0,均標,10級分,均標,8級分,--,--,--,--,均標,10級分,--,--,--,,,,,,,,,,,,,,,,0,--,在校學業,--,--,學測國文,--,--,學測英文,--,--,學測社會,--,--,國語文學業,--,--,英語文學業,--,--,公社學業,--,--
第一至七類學群,028,國立臺北藝術大學,02803,傳統音樂學系音樂理論,,一般,1,1,均標,10級分,均標,8級分,--,--,--,--,均標,10級分,--,--,B級,,,,,,,,,,,,,,,,1,--,在校學業,10%,--,學測國文,--,--,學測英文,--,--,學測社會,--,--,國語文學業,--,--,英語文學業,--,--,公社學業,--,--
第一至七類學群,028,國立臺北藝術大學,02804,戲劇學系,,一般,4,2,頂標,13級分,前標,11級分,--,--,--,--,前標,12級分,--,--,--,,,,,,,,,,,,,,,,2,--,在校學業,19%,--,學測國文,--,--,學測英文,--,--,學測社會,--,--,學測國英社,--,--,國語文學業,--,--,英語文學業,--,--
第一至七類學群,028,國立臺北藝術大學,02805,電影創作學系,,一般,4,4,頂標,13級分,前標,11級分,--,--,--,--,均標,10級分,--,--,B級,,,,,,,,,,,,,,,,4,--,在校學業,9%,--,學測國文,--,--,學測英文,--,--,學測社會,--,--,國語文學業,--,--,英語文學業,--,--,公社學業,--,--
第一至七類學群,028,國立臺北藝術大學,02805,電影創作學系,,外加,1,0,頂標,13級分,前標,11級分,--,--,--,--,均標,10級分,--,--,B級,,,,,,,,,,,,,,,,0,--,在校學業,--,--,學測國文,--,--,學測英文,--,--,學測社會,--,--,國語文學業,--,--,英語文學業,--,--,公社學業,--,--
第一至七類學群,028,國立臺北藝術大學,02806,劇場設計學系,,一般,2,2,前標,12級分,前標,11級分,均標,6級分,前標,10級分,--,--,--,--,--,,,,,,,,,,,,,,,,1,1,在校學業,5%,6%,學測英文,--,--,學測國文,--,--,英語文學業,--,--,國語文學業,--,--,數學學業,--,--,學測自然,--,--
第一至七類學群,028,國立臺北藝術大學,02807,新媒體藝術學系,,一般,3,1,--,--,前標,11級分,前標,9級分,--,--,--,--,均標,9級分,--,,,,,,,,,,,,,,,,0,1,在校學業,--,17%,數學學業,--,--,資訊科技學業,--,--,英語文學業,--,--,生活科技學業,--,--,物理學業,--,--,學測英自,--,--
第一至七類學群,028,國立臺北藝術大學,02808,音樂學系,鋼琴,一般,1,0,均標,10級分,均標,8級分,--,--,--,--,--,--,--,--,B級,主修,頂標,87分,副修,--,--,樂理,頂標,94分,視唱,--,--,聽寫,頂標,91分,0,--,在校學業,--,--,術科主修,--,--,音樂學業,--,--,術科聽寫,--,--,術科樂理,--,--,術科視唱,--,--,學測英文,--,--
第一至七類學群,028,國立臺北藝術大學,02808,音樂學系,聲樂,一般,1,0,均標,10級分,均標,8級分,--,--,--,--,--,--,--,--,B級,主修,頂標,90分,副修,--,--,樂理,頂標,94分,視唱,--,--,聽寫,頂標,91分,0,--,在校學業,--,--,術科主修,--,--,音樂學業,--,--,術科聽寫,--,--,術科樂理,--,--,術科視唱,--,--,學測英文,--,--
第一至七類學群,028,國立臺北藝術大學,02808,音樂學系,法國號,一般,1,0,均標,10級分,均標,8級分,--,--,--,--,--,--,--,--,B級,主修,頂標,89分,副修,--,--,樂理,頂標,94分,視唱,--,--,聽寫,頂標,91分,0,--,在校學業,--,--,術科主修,--,--,音樂學業,--,--,術科聽寫,--,--,術科樂理,--,--,術科視唱,--,--,學測英文,--,--
第一至七類學群,028,國立臺北藝術大學,02808,音樂學系,理論作曲,一般,1,0,均標,10級分,均標,8級分,--,--,--,--,--,--,--,--,B級,主修,頂標,89分,副修,--,--,樂理,頂標,94分,視唱,--,--,聽寫,頂標,91分,0,--,在校學業,--,--,術科主修,--,--,音樂學業,--,--,術科聽寫,--,--,術科樂理,--,--,術科視唱,--,--,學測英文,--,--
第一至七類學群,028,國立臺北藝術大學,02809,音樂與影像跨域學士學位學程,,一般,2,2,均標,10級分,均標,8級分,--,--,--,--,--,--,--,--,B級,主修,--,--,副修,--,--,樂理,均標,80分,視唱,均標,78分,聽寫,均標,65分,2,--,在校學業,17%,--,音樂學業,--,--,術科樂理,--,--,術科聽寫,--,--,學測國文,--,--,學測英文,--,--,術科視唱,--,--
第一至七類學群,028,國立臺北藝術大學,02810,美術學系,,一般,6,6,均標,10級分,均標,8級分,--,--,--,--,--,--,--,--,B級,素描,前標,75分,彩繪技法,--,--,創意表現,--,--,水墨書畫,--,--,美術鑑賞,--,--,6,--,在校學業,4%,--,術科素描,--,--,美術學業,--,--,學測國文,--,--,學測英文,--,--,國語文學業,--,--,英語文學業,--,--
第一至七類學群,028,國立臺北藝術大學,02811,動畫學系,,一般,2,2,均標,10級分,均標,8級分,--,--,--,--,均標,10級分,--,--,B級,素描,均標,63分,彩繪技法,均標,63分,創意表現,均標,63分,水墨書畫,--,--,美術鑑賞,--,--,2,--,在校學業,1%,--,美術學業,--,--,術科素描,--,--,術科創意表現,--,--,英語文學業,--,--,國語文學業,--,--,學測社會,--,--
第一至七類學群,030,長庚大學,03001,醫務管理學系,,一般,11,11,--,--,均標,8級分,後標,4級分,均標,6級分,--,--,--,--,--,,,,,,,,,,,,,,,,3,8,在校學業,19%,22%,學測國英,--,22,學測英文,--,--,學測國文,--,--,英語文學業,--,--,國語文學業,--,--,數學學業,--,--
第一至七類學群,030,長庚大學,03001,醫務管理學系,,外加,2,0,--,--,均標,8級分,後標,4級分,均標,6級分,--,--,--,--,--,,,,,,,,,,,,,,,,0,--,在校學業,--,--,學測國英,--,--,學測英文,--,--,學測國文,--,--,英語文學業,--,--,國語文學業,--,--,數學學業,--,--
第一至七類學群,030,長庚大學,03002,工商管理學系,,一般,13,3,--,--,均標,8級分,--,--,均標,6級分,--,--,--,--,--,,,,,,,,,,,,,,,,0,3,在校學業,--,30%,學測英文,--,--,學測數B,--,--,數學學業,--,--,學測國文,--,--,英語文學業,--,--,國語文學業,--,--
第一至七類學群,030,長庚大學,03002,工商管理學系,,外加,1,0,--,--,均標,8級分,--,--,均標,6級分,--,--,--,--,--,,,,,,,,,,,,,,,,0,--,在校學業,--,--,學測英文,--,--,學測數B,--,--,數學學業,--,--,學測國文,--,--,英語文學業,--,--,國語文學業,--,--
第一至七類學群,030,長庚大學,03003,工業設計學系,,一般,8,8,--,--,均標,8級分,--,--,--,--,--,--,--,--,--,,,,,,,,,,,,,,,,2,6,在校學業,15%,26%,學測國英,--,--,學測英文,--,--,學測國文,--,--,英語文學業,--,--,國語文學業,--,--,數學學業,--,--
第一至七類學群,030,長庚大學,03003,工業設計學系,,外加,2,0,--,--,均標,8級分,--,--,--,--,--,--,--,--,--,,,,,,,,,,,,,,,,0,--,在校學業,--,--,學測國英,--,--,學測英文,--,--,學測國文,--,--,英語文學業,--,--,國語文學業,--,--,數學學業,--,--
第一至七類學群,030,長庚大學,03004,資訊管理學系,,一般,10,10,--,--,--,--,均標,6級分,均標,6級分,--,--,--,--,--,,,,,,,,,,,,,,,,7,3,在校學業,27%,18%,學測英文,--,--,學測國文,--,--,數學學業,--,--,英語文學業,--,--,國語文學業,--,--,資訊科技學業,--,--
第一至七類學群,030,長庚大學,03005,數位金融科技學系(甲組),,一般,3,3,--,--,後標,4級分,均標,6級分,--,--,--,--,--,--,--,,,,,,,,,,,,,,,,1,2,在校學業,15%,22%,學測數A,--,--,學測英文,--,--,學測國文,--,--,資訊科技學業,--,--,數學學業,--,--,英語文學業,--,--
第一至七類學群,030,長庚大學,03006,數位金融科技學系(乙組),,一般,4,4,--,--,後標,4級分,--,--,均標,6級分,--,--,--,--,--,,,,,,,,,,,,,,,,2,2,在校學業,9%,23%,學測數B,--,--,學測英文,--,--,學測國文,--,--,數學學業,--,--,英語文學業,--,--,資訊科技學業,--,--
第一至七類學群,030,長庚大學,03006,數位金融科技學系(乙組),,外加,1,0,--,--,後標,4級分,--,--,均標,6級分,--,--,--,--,--,,,,,,,,,,,,,,,,0,--,在校學業,--,--,學測數B,--,--,學測英文,--,--,學測國文,--,--,數學學業,--,--,英語文學業,--,--,資訊科技學業,--,--
第一至七類學群,030,長庚大學,03007,電機工程學系,,一般,20,20,--,--,--,--,均標,6級分,--,--,--,--,均標,9級分,--,,,,,,,,,,,,,,,,20,--,在校學業,9%,--,學測自然,11,--,學測數A,--,--,學測英文,--,--,物理學業,--,--,數學學業,--,--,英語文學業,--,--
第一至七類學群,030,長庚大學,03007,電機工程學系,,外加,2,0,--,--,--,--,均標,6級分,--,--,--,--,均標,9級分,--,,,,,,,,,,,,,,,,0,--,在校學業,--,--,學測自然,--,--,學測數A,--,--,學測英文,--,--,物理學業,--,--,數學學業,--,--,英語文學業,--,--
第一至七類學群,030,長庚大學,03008,機械工程學系,,一般,8,8,--,--,--,--,均標,6級分,--,--,--,--,--,--,--,,,,,,,,,,,,,,,,5,3,在校學業,30%,16%,學測自然,--,--,學測數A,--,--,學測英文,--,--,物理學業,--,--,數學學業,--,--,英語文學業,--,--
第一至七類學群,030,長庚大學,03009,化工與材料工程學系(化學工程組),,一般,6,6,--,--,均標,8級分,均標,6級分,--,--,--,--,均標,9級分,--,,,,,,,,,,,,,,,,3,3,在校學業,30%,13%,學測英數A自,--,--,學測數A,--,--,學測自然,--,--,學測英文,--,--,學測國文,--,--,化學學業,--,--
第一至七類學群,030,長庚大學,03010,化工與材料工程學系(材料工程組),,一般,6,6,--,--,均標,8級分,均標,6級分,--,--,--,--,均標,9級分,--,,,,,,,,,,,,,,,,6,--,在校學業,22%,--,學測英數A自,--,--,學測自然,--,--,學測數A,--,--,學測英文,--,--,學測國文,--,--,化學學業,--,--
第一至七類學群,030,長庚大學,03011,電子工程學系,,一般,15,15,--,--,--,--,--,--,--,--,--,--,均標,9級分,--,,,,,,,,,,,,,,,,15,--,在校學業,13%,--,學測數A自,--,--,學測數A,--,--,學測自然,--,--,學測英文,--,--,物理學業,--,--,英語文學業,--,--
第一至七類學群,030,長庚大學,03012,資訊工程學系,,一般,10,10,--,--,均標,8級分,均標,6級分,--,--,--,--,均標,9級分,--,,,,,,,,,,,,,,,,10,--,在校學業,21%,--,學測國英數A自,--,--,學測數A,--,--,學測自然,--,--,學測英文,--,--,學測國文,--,--,物理學業,--,--
第一至七類學群,030,長庚大學,03013,生物醫學工程學系,,一般,8,8,--,--,--,--,均標,6級分,--,--,--,--,均標,9級分,--,,,,,,,,,,,,,,,,8,--,在校學業,16%,--,學測英數A自,27,--,學測數A,--,--,學測自然,--,--,物理學業,--,--,學測英文,--,--,學測國文,--,--
第一至七類學群,030,長庚大學,03014,人工智慧學系,,一般,8,8,--,--,均標,8級分,均標,6級分,--,--,--,--,均標,9級分,--,,,,,,,,,,,,,,,,1,7,在校學業,19%,24%,學測英數A自,--,--,學測數A,--,--,學測自然,--,--,學測英文,--,--,學測國文,--,--,數學學業,--,--
第一至七類學群,030,長庚大學,03015,中醫學系,,一般,10,10,頂標,13級分,頂標,13級分,頂標,11級分,--,--,--,--,頂標,13級分,--,,,,,,,,,,,,,,,,10,--,在校學業,1%,--,學測國英數A自,--,--,學測數A,--,--,學測自然,--,--,學測國文,--,--,英語文學業,--,--,生物學業,--,--
第一至七類學群,030,長庚大學,03016,護理學系,,一般,20,20,--,--,均標,8級分,底標,3級分,後標,4級分,--,--,均標,9級分,--,,,,,,,,,,,,,,,,17,3,在校學業,27%,10%,學測國英自,--,--,學測英文,--,--,學測自然,--,--,學測國文,--,--,英語文學業,--,--,生物學業,--,--
第一至七類學群,030,長庚大學,03017,醫學生物技術暨檢驗學系,,一般,9,9,--,--,均標,8級分,均標,6級分,--,--,--,--,均標,9級分,--,,,,,,,,,,,,,,,,9,--,在校學業,5%,--,學測英數A自,32,--,化學學業,--,--,學測自然,--,--,學測英文,--,--,學測數A,--,--,生物學業,--,--
第一至七類學群,030,長庚大學,03018,醫學影像暨放射科學系,,一般,6,6,--,--,均標,8級分,均標,6級分,--,--,--,--,均標,9級分,--,,,,,,,,,,,,,,,,6,--,在校學業,8%,--,學測英數A自,--,--,學測自然,--,--,學測英文,--,--,學測數A,--,--,物理學業,--,--,英語文學業,--,--
第一至七類學群,030,長庚大學,03018,醫學影像暨放射科學系,,外加,1,0,--,--,均標,8級分,均標,6級分,--,--,--,--,均標,9級分,--,,,,,,,,,,,,,,,,0,--,在校學業,--,--,學測英數A自,--,--,學測自然,--,--,學測英文,--,--,學測數A,--,--,物理學業,--,--,英語文學業,--,--
第一至七類學群,030,長庚大學,03019,物理治療學系,,一般,8,8,均標,10級分,均標,8級分,--,--,--,--,--,--,均標,9級分,--,,,,,,,,,,,,,,,,8,--,在校學業,3%,--,學測國英自,40,--,學測英文,--,--,生物學業,--,--,學測自然,--,--,物理學業,--,--,英語文學業,--,--
第一至七類學群,030,長庚大學,03020,職能治療學系,,一般,8,8,--,--,均標,8級分,--,--,--,--,--,--,均標,9級分,--,,,,,,,,,,,,,,,,8,--,在校學業,3%,--,學測英自,21,--,學測英文,11,--,學測自然,--,--,學測國文,--,--,英語文學業,--,--,生物學業,--,--
第一至七類學群,030,長庚大學,03021,生物醫學系,,一般,16,16,--,--,均標,8級分,均標,6級分,--,--,--,--,均標,9級分,--,,,,,,,,,,,,,,,,16,--,在校學業,18%,--,學測自然,--,--,學測英文,--,--,學測數A,--,--,化學學業,--,--,生物學業,--,--,數學學業,--,--
第一至七類學群,030,長庚大學,03022,呼吸治療學系,,一般,8,8,--,--,均標,8級分,--,--,--,--,--,--,均標,9級分,--,,,,,,,,,,,,,,,,8,--,在校學業,6%,--,學測英自,24,--,學測英文,--,--,學測自然,--,--,英語文學業,--,--,生物學業,--,--,化學學業,--,--
第一至七類學群,031,國立臺中教育大學,03101,教育學系,,一般,6,6,均標,10級分,--,--,--,--,--,--,--,--,--,--,--,,,,,,,,,,,,,,,,6,--,在校學業,4%,--,學測數B,--,--,學測國文,--,--,學測英文,--,--,數學學業,--,--,國語文學業,--,--,英語文學業,--,--
第一至七類學群,031,國立臺中教育大學,03101,教育學系,,外加,2,1,均標,10級分,--,--,--,--,--,--,--,--,--,--,--,,,,,,,,,,,,,,,,1,--,在校學業,34%,--,學測數B,--,--,學測國文,--,--,學測英文,--,--,數學學業,--,--,國語文學業,--,--,英語文學業,--,--
第一至七類學群,031,國立臺中教育大學,03102,特殊教育學系,,一般,5,5,均標,10級分,均標,8級分,--,--,--,--,--,--,--,--,--,,,,,,,,,,,,,,,,5,--,在校學業,7%,--,學測國文,--,--,學測英文,--,--,國語文學業,--,--,英語文學業,--,--,學測國英,--,--,數學學業,--,--
第一至七類學群,031,國立臺中教育大學,03102,特殊教育學系,,外加,4,0,均標,10級分,均標,8級分,--,--,--,--,--,--,--,--,--,,,,,,,,,,,,,,,,0,--,在校學業,--,--,學測國文,--,--,學測英文,--,--,國語文學業,--,--,英語文學業,--,--,學測國英,--,--,數學學業,--,--
第一至七類學群,031,國立臺中教育大學,03103,幼兒教育學系,,一般,4,4,均標,10級分,均標,8級分,--,--,--,--,均標,10級分,--,--,--,,,,,,,,,,,,,,,,4,--,在校學業,8%,--,學測國文,--,--,學測社會,--,--,學測英文,--,--,國語文學業,--,--,公社學業,--,--,英語文學業,--,--
第一至七類學群,031,國立臺中教育大學,03103,幼兒教育學系,,外加,2,0,均標,10級分,均標,8級分,--,--,--,--,均標,10級分,--,--,--,,,,,,,,,,,,,,,,0,--,在校學業,--,--,學測國文,--,--,學測社會,--,--,學測英文,--,--,國語文學業,--,--,公社學業,--,--,英語文學業,--,--
第一至七類學群,031,國立臺中教育大學,03104,體育學系,,一般,6,6,後標,9級分,--,--,--,--,後標,4級分,--,--,--,--,--,,,,,,,,,,,,,,,,6,--,在校學業,27%,--,學測國文,--,--,學測數B,--,--,國語文學業,--,--,數學學業,--,--,學測國數B,--,--,英語文學業,--,--
第一至七類學群,031,國立臺中教育大學,03104,體育學系,,外加,2,0,後標,9級分,--,--,--,--,後標,4級分,--,--,--,--,--,,,,,,,,,,,,,,,,0,--,在校學業,--,--,學測國文,--,--,學測數B,--,--,國語文學業,--,--,數學學業,--,--,學測國數B,--,--,英語文學業,--,--
第一至七類學群,031,國立臺中教育大學,03105,語文教育學系,,一般,29,29,均標,10級分,--,--,底標,3級分,底標,3級分,--,--,--,--,--,,,,,,,,,,,,,,,,29,--,在校學業,18%,--,學測國英社,40,--,學測國文,--,--,學測社會,--,--,學測英文,--,--,國語文學業,--,--,英語文學業,--,--
第一至七類學群,031,國立臺中教育大學,03105,語文教育學系,,外加,3,1,均標,10級分,--,--,底標,3級分,底標,3級分,--,--,--,--,--,,,,,,,,,,,,,,,,1,--,在校學業,25%,--,學測國英社,--,--,學測國文,--,--,學測社會,--,--,學測英文,--,--,國語文學業,--,--,英語文學業,--,--
第一至七類學群,031,國立臺中教育大學,03106,區域與社會發展學系,,一般,7,7,均標,10級分,後標,4級分,--,--,--,--,均標,10級分,--,--,--,,,,,,,,,,,,,,,,7,--,在校學業,12%,--,學測社會,--,--,學測數B,--,--,學測國英數B社,--,--,學測國文,--,--,學測英文,--,--,英語文學業,--,--
第一至七類學群,031,國立臺中教育大學,03106,區域與社會發展學系,,外加,3,0,均標,10級分,後標,4級分,--,--,--,--,均標,10級分,--,--,--,,,,,,,,,,,,,,,,0,--,在校學業,--,--,學測社會,--,--,學測數B,--,--,學測國英數B社,--,--,學測國文,--,--,學測英文,--,--,英語文學業,--,--
第一至七類學群,031,國立臺中教育大學,03107,諮商與應用心理學系,,一般,7,7,均標,10級分,後標,4級分,--,--,後標,4級分,--,--,--,--,--,,,,,,,,,,,,,,,,7,--,在校學業,2%,--,學測國文,12,--,學測英文,7,--,國語文學業,--,--,英語文學業,--,--,數學學業,--,--,學測國英,--,--
第一至七類學群,031,國立臺中教育大學,03107,諮商與應用心理學系,,外加,2,2,均標,10級分,後標,4級分,--,--,後標,4級分,--,--,--,--,--,,,,,,,,,,,,,,,,2,--,在校學業,32%,--,學測國文,--,--,學測英文,--,--,國語文學業,--,--,英語文學業,--,--,數學學業,--,--,學測國英,--,--
第一至七類學群,031,國立臺中教育大學,03108,臺灣語文學系,,一般,6,6,均標,10級分,--,--,--,--,--,--,均標,10級分,--,--,--,,,,,,,,,,,,,,,,6,--,在校學業,20%,--,學測英文,--,--,學測國文,--,--,學測社會,--,--,英語文學業,--,--,國語文學業,--,--,公社學業,--,--
第一至七類學群,031,國立臺中教育大學,03108,臺灣語文學系,,外加,3,0,均標,10級分,--,--,--,--,--,--,均標,10級分,--,--,--,,,,,,,,,,,,,,,,0,--,在校學業,--,--,學測英文,--,--,學測國文,--,--,學測社會,--,--,英語文學業,--,--,國語文學業,--,--,公社學業,--,--
第一至七類學群,031,國立臺中教育大學,03109,英語學系,,一般,6,6,--,--,均標,8級分,--,--,--,--,--,--,--,--,--,,,,,,,,,,,,,,,,6,--,在校學業,7%,--,學測英文,--,--,學測國文,--,--,學測社會,--,--,英語文學業,--,--,國語文學業,--,--,公社學業,--,--
第一至七類學群,031,國立臺中教育大學,03109,英語學系,,外加,4,1,--,--,均標,8級分,--,--,--,--,--,--,--,--,--,,,,,,,,,,,,,,,,1,--,在校學業,21%,--,學測英文,--,--,學測國文,--,--,學測社會,--,--,英語文學業,--,--,國語文學業,--,--,公社學業,--,--
第一至七類學群,031,國立臺中教育大學,03110,國際企業學系,,一般,10,10,均標,10級分,均標,8級分,--,--,--,--,--,--,--,--,--,,,,,,,,,,,,,,,,10,--,在校學業,9%,--,學測國英數B,30,--,學測英文,--,--,學測國文,--,--,英語文學業,--,--,國語文學業,--,--,學測社會,--,--
第一至七類學群,031,國立臺中教育大學,03110,國際企業學系,,外加,3,0,均標,10級分,均標,8級分,--,--,--,--,--,--,--,--,--,,,,,,,,,,,,,,,,0,--,在校學業,--,--,學測國英數B,--,--,學測英文,--,--,學測國文,--,--,英語文學業,--,--,國語文學業,--,--,學測社會,--,--
第一至七類學群,031,國立臺中教育大學,03111,文化創意產業設計與營運學系,,一般,8,8,--,--,後標,4級分,--,--,--,--,--,--,--,--,--,,,,,,,,,,,,,,,,8,--,在校學業,9%,--,學測英文,8,--,學測社會,--,--,學測國文,--,--,英語文學業,--,--,公社學業,--,--,國語文學業,--,--
第一至七類學群,031,國立臺中教育大學,03111,文化創意產業設計與營運學系,,外加,4,1,--,--,後標,4級分,--,--,--,--,--,--,--,--,--,,,,,,,,,,,,,,,,1,--,在校學業,39%,--,學測英文,--,--,學測社會,--,--,學測國文,--,--,英語文學業,--,--,公社學業,--,--,國語文學業,--,--
第一至七類學群,031,國立臺中教育大學,03112,全校不分系學士學位學程,,一般,3,3,均標,10級分,--,--,--,--,--,--,--,--,--,--,--,,,,,,,,,,,,,,,,3,--,在校學業,21%,--,資訊科技學業,--,--,數學學業,--,--,生活科技學業,--,--,學測國文,--,--,學測英文,--,--,英語文學業,--,--
第一至七類學群,031,國立臺中教育大學,03112,全校不分系學士學位學程,,外加,1,0,均標,10級分,--,--,--,--,--,--,--,--,--,--,--,,,,,,,,,,,,,,,,0,--,在校學業,--,--,資訊科技學業,--,--,數學學業,--,--,生活科技學業,--,--,學測國文,--,--,學測英文,--,--,英語文學業,--,--
第一至七類學群,031,國立臺中教育大學,03113,數學教育學系,,一般,25,25,--,--,--,--,後標,4級分,--,--,--,--,--,--,--,,,,,,,,,,,,,,,,24,1,在校學業,40%,10%,數學學業,--,8%,國語文學業,--,--,英語文學業,--,--,學測數A,--,--,學測國文,--,--,學測英文,--,--
第一至七類學群,031,國立臺中教育大學,03113,數學教育學系,,外加,3,0,--,--,--,--,後標,4級分,--,--,--,--,--,--,--,,,,,,,,,,,,,,,,0,--,在校學業,--,--,數學學業,--,--,國語文學業,--,--,英語文學業,--,--,學測數A,--,--,學測國文,--,--,學測英文,--,--
第一至七類學群,031,國立臺中教育大學,03114,科學教育與應用學系,,一般,6,6,--,--,--,--,--,--,--,--,--,--,後標,7級分,--,,,,,,,,,,,,,,,,6,--,在校學業,20%,--,學測數A自,--,--,學測國文,--,--,學測英文,--,--,數學學業,--,--,化學學業,--,--,生物學業,--,--
第一至七類學群,031,國立臺中教育大學,03114,科學教育與應用學系,,外加,2,0,--,--,--,--,--,--,--,--,--,--,後標,7級分,--,,,,,,,,,,,,,,,,0,--,在校學業,--,--,學測數A自,--,--,學測國文,--,--,學測英文,--,--,數學學業,--,--,化學學業,--,--,生物學業,--,--
第一至七類學群,031,國立臺中教育大學,03115,資訊工程學系,,一般,10,10,--,--,均標,8級分,均標,6級分,--,--,--,--,--,--,--,,,,,,,,,,,,,,,,10,--,在校學業,22%,--,學測數A,--,--,學測英文,--,--,學測自然,--,--,數學學業,--,--,英語文學業,--,--,物理學業,--,--
第一至七類學群,031,國立臺中教育大學,03115,資訊工程學系,,外加,5,0,--,--,均標,8級分,均標,6級分,--,--,--,--,--,--,--,,,,,,,,,,,,,,,,0,--,在校學業,--,--,學測數A,--,--,學測英文,--,--,學測自然,--,--,數學學業,--,--,英語文學業,--,--,物理學業,--,--
第一至七類學群,031,國立臺中教育大學,03116,數位內容科技學系,,一般,12,12,--,--,後標,4級分,--,--,均標,6級分,--,--,--,--,--,,,,,,,,,,,,,,,,12,--,在校學業,38%,--,學測英數B,15,--,資訊科技學業,--,--,公社學業,--,--,學測數B,--,--,學測英文,--,--,數學學業,--,--
第一至七類學群,031,國立臺中教育大學,03116,數位內容科技學系,,外加,2,0,--,--,後標,4級分,--,--,均標,6級分,--,--,--,--,--,,,,,,,,,,,,,,,,0,--,在校學業,--,--,學測英數B,--,--,資訊科技學業,--,--,公社學業,--,--,學測數B,--,--,學測英文,--,--,數學學業,--,--
第一至七類學群,031,國立臺中教育大學,03117,美術學系,,一般,15,15,後標,9級分,--,--,--,--,--,--,--,--,--,--,--,素描,均標,63分,彩繪技法,後標,48分,創意表現,--,--,水墨書畫,--,--,美術鑑賞,--,--,15,--,在校學業,30%,--,美術學業,--,--,術科素描,--,--,術科彩繪技法,--,--,學測國文,--,--,國語文學業,--,--,英語文學業,--,--
第一至七類學群,032,國立臺北教育大學,03201,教育學系,,一般,6,6,均標,10級分,均標,8級分,--,--,均標,6級分,--,--,--,--,--,,,,,,,,,,,,,,,,6,--,在校學業,3%,--,學測英文,--,--,學測數B,--,--,學測國文,--,--,數學學業,--,--,國語文學業,--,--,英語文學業,--,--
第一至七類學群,032,國立臺北教育大學,03201,教育學系,,外加,1,0,均標,10級分,均標,8級分,--,--,均標,6級分,--,--,--,--,--,,,,,,,,,,,,,,,,0,--,在校學業,--,--,學測英文,--,--,學測數B,--,--,學測國文,--,--,數學學業,--,--,國語文學業,--,--,英語文學業,--,--
第一至七類學群,032,國立臺北教育大學,03202,教育經營與管理學系,,一般,8,8,均標,10級分,前標,11級分,--,--,均標,6級分,均標,10級分,--,--,--,,,,,,,,,,,,,,,,8,--,在校學業,10%,--,學測英文,--,--,學測數B,--,--,學測國文,--,--,英語文學業,--,--,數學學業,--,--,國語文學業,--,--
第一至七類學群,032,國立臺北教育大學,03202,教育經營與管理學系,,外加,1,0,均標,10級分,前標,11級分,--,--,均標,6級分,均標,10級分,--,--,--,,,,,,,,,,,,,,,,0,--,在校學業,--,--,學測英文,--,--,學測數B,--,--,學測國文,--,--,英語文學業,--,--,數學學業,--,--,國語文學業,--,--
第一至七類學群,032,國立臺北教育大學,03203,幼兒與家庭教育學系,,一般,6,6,均標,10級分,均標,8級分,--,--,均標,6級分,均標,10級分,--,--,--,,,,,,,,,,,,,,,,6,--,在校學業,11%,--,學測國文,--,--,學測英文,--,--,學測社會,--,--,學測數B,--,--,國語文學業,--,--,英語文學業,--,--
第一至七類學群,032,國立臺北教育大學,03203,幼兒與家庭教育學系,,外加,1,0,均標,10級分,均標,8級分,--,--,均標,6級分,均標,10級分,--,--,--,,,,,,,,,,,,,,,,0,--,在校學業,--,--,學測國文,--,--,學測英文,--,--,學測社會,--,--,學測數B,--,--,國語文學業,--,--,英語文學業,--,--
第一至七類學群,032,國立臺北教育大學,03204,特殊教育學系,,一般,6,6,均標,10級分,均標,8級分,--,--,均標,6級分,--,--,--,--,--,,,,,,,,,,,,,,,,6,--,在校學業,17%,--,學測國文,13,--,學測數B,--,--,學測英文,--,--,學測社會,--,--,公社學業,--,--,國語文學業,--,--
第一至七類學群,032,國立臺北教育大學,03204,特殊教育學系,,外加,2,0,均標,10級分,均標,8級分,--,--,均標,6級分,--,--,--,--,--,,,,,,,,,,,,,,,,0,--,在校學業,--,--,學測國文,--,--,學測數B,--,--,學測英文,--,--,學測社會,--,--,公社學業,--,--,國語文學業,--,--
第一至七類學群,032,國立臺北教育大學,03205,心理與諮商學系,,一般,6,6,均標,10級分,均標,8級分,--,--,前標,10級分,--,--,--,--,--,,,,,,,,,,,,,,,,6,--,在校學業,4%,--,學測數B,10,--,數學學業,8%,--,學測英文,--,--,英語文學業,--,--,學測國文,--,--,國語文學業,--,--
第一至七類學群,032,國立臺北教育大學,03205,心理與諮商學系,,外加,1,0,均標,10級分,均標,8級分,--,--,前標,10級分,--,--,--,--,--,,,,,,,,,,,,,,,,0,--,在校學業,--,--,學測數B,--,--,數學學業,--,--,學測英文,--,--,英語文學業,--,--,學測國文,--,--,國語文學業,--,--
第一至七類學群,032,國立臺北教育大學,03206,社會與區域發展學系,,一般,8,8,--,--,均標,8級分,--,--,均標,6級分,均標,10級分,--,--,--,,,,,,,,,,,,,,,,8,--,在校學業,8%,--,學測英文,--,--,學測社會,--,--,學測數B,--,--,英語文學業,--,--,數學學業,--,--,地理學業,--,--
第一至七類學群,032,國立臺北教育大學,03206,社會與區域發展學系,,外加,1,0,--,--,均標,8級分,--,--,均標,6級分,均標,10級分,--,--,--,,,,,,,,,,,,,,,,0,--,在校學業,--,--,學測英文,--,--,學測社會,--,--,學測數B,--,--,英語文學業,--,--,數學學業,--,--,地理學業,--,--
第一至七類學群,032,國立臺北教育大學,03207,兒童英語教育學系,,一般,6,6,均標,10級分,頂標,13級分,--,--,均標,6級分,--,--,--,--,--,,,,,,,,,,,,,,,,6,--,在校學業,13%,--,學測英文,--,--,學測國文,--,--,學測數B,--,--,英語文學業,--,--,國語文學業,--,--,數學學業,--,--
第一至七類學群,032,國立臺北教育大學,03207,兒童英語教育學系,,外加,1,0,均標,10級分,頂標,13級分,--,--,均標,6級分,--,--,--,--,--,,,,,,,,,,,,,,,,0,--,在校學業,--,--,學測英文,--,--,學測國文,--,--,學測數B,--,--,英語文學業,--,--,國語文學業,--,--,數學學業,--,--
第一至七類學群,032,國立臺北教育大學,03208,語文與創作學系語文師資組,,一般,6,6,前標,12級分,均標,8級分,--,--,均標,6級分,均標,10級分,--,--,--,,,,,,,,,,,,,,,,6,--,在校學業,12%,--,學測國文,--,--,國語文學業,--,--,學測英文,--,--,英語文學業,--,--,學測社會,--,--,學測數B,--,--
第一至七類學群,032,國立臺北教育大學,03208,語文與創作學系語文師資組,,外加,1,0,前標,12級分,均標,8級分,--,--,均標,6級分,均標,10級分,--,--,--,,,,,,,,,,,,,,,,0,--,在校學業,--,--,學測國文,--,--,國語文學業,--,--,學測英文,--,--,英語文學業,--,--,學測社會,--,--,學測數B,--,--
第一至七類學群,032,國立臺北教育大學,03209,語文與創作學系文學創作組,,一般,7,7,前標,12級分,均標,8級分,--,--,--,--,均標,10級分,--,--,--,,,,,,,,,,,,,,,,7,--,在校學業,18%,--,學測國文,--,--,國語文學業,--,--,學測英文,--,--,英語文學業,--,--,學測社會,--,--,公社學業,--,--
第一至七類學群,032,國立臺北教育大學,03210,文化創意產業經營學系,,一般,7,7,均標,10級分,均標,8級分,均標,6級分,均標,6級分,均標,10級分,--,--,--,,,,,,,,,,,,,,,,7,--,在校學業,10%,--,學測國英社,--,--,國語文學業,--,--,英語文學業,--,--,學測國文,--,--,學測英文,--,--,學測社會,--,--
第一至七類學群,032,國立臺北教育大學,03210,文化創意產業經營學系,,外加,2,0,均標,10級分,均標,8級分,均標,6級分,均標,6級分,均標,10級分,--,--,--,,,,,,,,,,,,,,,,0,--,在校學業,--,--,學測國英社,--,--,國語文學業,--,--,英語文學業,--,--,學測國文,--,--,學測英文,--,--,學測社會,--,--
第一至七類學群,032,國立臺北教育大學,03211,藝術與造形設計學系設計組,,一般,6,6,均標,10級分,均標,8級分,--,--,均標,6級分,--,--,--,--,--,,,,,,,,,,,,,,,,6,--,在校學業,14%,--,學測國英數B,--,--,學測英文,--,--,學測國文,--,--,英語文學業,--,--,國語文學業,--,--,數學學業,--,--
第一至七類學群,032,國立臺北教育大學,03212,數學暨資訊教育學系數學組,,一般,9,9,均標,10級分,--,--,均標,6級分,--,--,--,--,--,--,--,,,,,,,,,,,,,,,,6,3,在校學業,10%,11%,學測數A,--,--,學測國文,--,--,學測英文,--,--,數學學業,--,--,國語文學業,--,--,英語文學業,--,--
第一至七類學群,032,國立臺北教育大學,03212,數學暨資訊教育學系數學組,,外加,1,1,均標,10級分,--,--,均標,6級分,--,--,--,--,--,--,--,,,,,,,,,,,,,,,,1,--,在校學業,7%,--,學測數A,--,--,學測國文,--,--,學測英文,--,--,數學學業,--,--,國語文學業,--,--,英語文學業,--,--
第一至七類學群,032,國立臺北教育大學,03213,數學暨資訊教育學系人工智慧與資訊教育組,,一般,9,9,--,--,均標,8級分,均標,6級分,--,--,--,--,--,--,--,,,,,,,,,,,,,,,,9,--,在校學業,19%,--,學測數A,--,--,學測英文,--,--,學測國文,--,--,數學學業,--,--,英語文學業,--,--,國語文學業,--,--
第一至七類學群,032,國立臺北教育大學,03213,數學暨資訊教育學系人工智慧與資訊教育組,,外加,1,0,--,--,均標,8級分,均標,6級分,--,--,--,--,--,--,--,,,,,,,,,,,,,,,,0,--,在校學業,--,--,學測數A,--,--,學測英文,--,--,學測國文,--,--,數學學業,--,--,英語文學業,--,--,國語文學業,--,--
第一至七類學群,032,國立臺北教育大學,03214,自然科學教育學系,,一般,8,8,均標,10級分,--,--,均標,6級分,--,--,--,--,均標,9級分,--,,,,,,,,,,,,,,,,8,--,在校學業,22%,--,學測自然,--,--,學測數A,--,--,學測國文,--,--,學測英文,--,--,數學學業,--,--,國語文學業,--,--
第一至七類學群,032,國立臺北教育大學,03214,自然科學教育學系,,外加,1,0,均標,10級分,--,--,均標,6級分,--,--,--,--,均標,9級分,--,,,,,,,,,,,,,,,,0,--,在校學業,--,--,學測自然,--,--,學測數A,--,--,學測國文,--,--,學測英文,--,--,數學學業,--,--,國語文學業,--,--
第一至七類學群,032,國立臺北教育大學,03215,資訊科學系,,一般,6,6,均標,10級分,均標,8級分,均標,6級分,--,--,--,--,均標,9級分,--,,,,,,,,,,,,,,,,6,--,在校學業,12%,--,學測數A,--,--,學測英文,--,--,學測自然,--,--,數學學業,--,--,英語文學業,--,--,物理學業,--,--
第一至七類學群,032,國立臺北教育大學,03216,數位科技設計學系,,一般,6,6,均標,10級分,均標,8級分,--,--,均標,6級分,--,--,--,--,--,,,,,,,,,,,,,,,,6,--,在校學業,27%,--,學測國英數B,--,--,學測數B,--,--,學測英文,--,--,學測國文,--,--,英語文學業,--,--,數學學業,--,--
第一至七類學群,032,國立臺北教育大學,03217,藝術與造形設計學系藝術組,,一般,7,5,均標,10級分,後標,4級分,--,--,後標,4級分,均標,10級分,--,--,--,素描,均標,63分,彩繪技法,均標,63分,創意表現,--,--,水墨書畫,--,--,美術鑑賞,--,--,5,--,在校學業,27%,--,學測國英數B社,--,--,學測英文,--,--,學測國文,--,--,國語文學業,--,--,英語文學業,--,--,歷史學業,--,--
第一至七類學群,032,國立臺北教育大學,03217,藝術與造形設計學系藝術組,,外加,1,0,均標,10級分,後標,4級分,--,--,後標,4級分,均標,10級分,--,--,--,素描,均標,63分,彩繪技法,均標,63分,創意表現,--,--,水墨書畫,--,--,美術鑑賞,--,--,0,--,在校學業,--,--,學測國英數B社,--,--,學測英文,--,--,學測國文,--,--,國語文學業,--,--,英語文學業,--,--,歷史學業,--,--
第一至七類學群,032,國立臺北教育大學,03218,體育學系,,一般,7,7,後標,9級分,後標,4級分,--,--,底標,3級分,--,--,--,--,--,體育(百分等級),均標,50分,,,,,,,,,,,,,7,--,在校學業,1%,--,學測英文,--,--,學測數B,--,--,學測國文,--,--,術科體育,--,--,英語文學業,--,--,數學學業,--,--
第一至七類學群,032,國立臺北教育大學,03218,體育學系,,外加,1,1,後標,9級分,後標,4級分,--,--,底標,3級分,--,--,--,--,--,體育(百分等級),均標,50分,,,,,,,,,,,,,1,--,在校學業,9%,--,學測英文,--,--,學測數B,--,--,學測國文,--,--,術科體育,--,--,英語文學業,--,--,數學學業,--,--
第一至七類學群,033,國立臺南大學,03301,教育學系,,一般,12,12,後標,9級分,--,--,--,--,--,--,--,--,--,--,--,,,,,,,,,,,,,,,,12,--,在校學業,12%,--,學測英文,--,--,學測國文,--,--,學測數B,--,--,學測英數B,--,--,國語文學業,--,--,英語文學業,--,--
第一至七類學群,033,國立臺南大學,03301,教育學系,,外加,2,0,後標,9級分,--,--,--,--,--,--,--,--,--,--,--,,,,,,,,,,,,,,,,0,--,在校學業,--,--,學測英文,--,--,學測國文,--,--,學測數B,--,--,學測英數B,--,--,國語文學業,--,--,英語文學業,--,--
第一至七類學群,033,國立臺南大學,03302,諮商與輔導學系,,一般,7,7,均標,10級分,均標,8級分,--,--,均標,6級分,--,--,--,--,--,,,,,,,,,,,,,,,,7,--,在校學業,8%,--,學測英文,11,--,學測國文,--,--,學測國英數B,--,--,英語文學業,--,--,國語文學業,--,--,公社學業,--,--
第一至七類學群,033,國立臺南大學,03303,特殊教育學系,,一般,6,6,均標,10級分,--,--,--,--,--,--,--,--,--,--,--,,,,,,,,,,,,,,,,6,--,在校學業,19%,--,學測國英數B,--,--,學測國文,--,--,學測英文,--,--,學測數B,--,--,國語文學業,--,--,英語文學業,--,--
第一至七類學群,033,國立臺南大學,03303,特殊教育學系,,外加,1,1,均標,10級分,--,--,--,--,--,--,--,--,--,--,--,,,,,,,,,,,,,,,,1,--,在校學業,25%,--,學測國英數B,--,--,學測國文,--,--,學測英文,--,--,學測數B,--,--,國語文學業,--,--,英語文學業,--,--
第一至七類學群,033,國立臺南大學,03304,幼兒教育學系,,一般,6,6,均標,10級分,後標,4級分,--,--,--,--,後標,8級分,--,--,--,,,,,,,,,,,,,,,,6,--,在校學業,20%,--,學測國文,11,--,學測英文,--,--,學測社會,--,--,學測國英數B社,--,--,國語文學業,--,--,英語文學業,--,--
第一至七類學群,033,國立臺南大學,03304,幼兒教育學系,,外加,2,1,均標,10級分,後標,4級分,--,--,--,--,後標,8級分,--,--,--,,,,,,,,,,,,,,,,1,--,在校學業,3%,--,學測國文,--,--,學測英文,--,--,學測社會,--,--,學測國英數B社,--,--,國語文學業,--,--,英語文學業,--,--
第一至七類學群,033,國立臺南大學,03305,文化與自然資源學系,,一般,6,6,--,--,--,--,--,--,--,--,均標,10級分,--,--,--,,,,,,,,,,,,,,,,6,--,在校學業,22%,--,學測社會,--,--,學測英文,--,--,學測國文,--,--,歷史學業,--,--,地理學業,--,--,國語文學業,--,--
第一至七類學群,033,國立臺南大學,03305,文化與自然資源學系,,外加,1,0,--,--,--,--,--,--,--,--,均標,10級分,--,--,--,,,,,,,,,,,,,,,,0,--,在校學業,--,--,學測社會,--,--,學測英文,--,--,學測國文,--,--,歷史學業,--,--,地理學業,--,--,國語文學業,--,--
第一至七類學群,033,國立臺南大學,03306,國語文學系,,一般,14,14,均標,10級分,--,--,--,--,--,--,--,--,--,--,--,,,,,,,,,,,,,,,,11,3,在校學業,30%,16%,學測國文,--,--,學測英文,--,--,學測國英,--,--,國語文學業,--,--,英語文學業,--,--,歷史學業,--,--
第一至七類學群,033,國立臺南大學,03306,國語文學系,,外加,3,0,均標,10級分,--,--,--,--,--,--,--,--,--,--,--,,,,,,,,,,,,,,,,0,--,在校學業,--,--,學測國文,--,--,學測英文,--,--,學測國英,--,--,國語文學業,--,--,英語文學業,--,--,歷史學業,--,--
第一至七類學群,033,國立臺南大學,03307,英語學系,,一般,6,6,均標,10級分,均標,8級分,--,--,--,--,--,--,--,--,--,,,,,,,,,,,,,,,,6,--,在校學業,12%,--,學測英文,--,--,學測國文,--,--,學測國英,--,--,英語文學業,--,--,國語文學業,--,--,歷史學業,--,--
第一至七類學群,033,國立臺南大學,03307,英語學系,,外加,2,0,均標,10級分,均標,8級分,--,--,--,--,--,--,--,--,--,,,,,,,,,,,,,,,,0,--,在校學業,--,--,學測英文,--,--,學測國文,--,--,學測國英,--,--,英語文學業,--,--,國語文學業,--,--,歷史學業,--,--
第一至七類學群,033,國立臺南大學,03308,戲劇創作與應用學系,,一般,7,7,均標,10級分,均標,8級分,--,--,--,--,--,--,--,--,--,,,,,,,,,,,,,,,,4,3,在校學業,28%,20%,學測國文,--,--,學測英文,--,--,國語文學業,--,--,英語文學業,--,--,學測社會,--,--,公社學業,--,--
第一至七類學群,033,國立臺南大學,03308,戲劇創作與應用學系,,外加,1,0,均標,10級分,均標,8級分,--,--,--,--,--,--,--,--,--,,,,,,,,,,,,,,,,0,--,在校學業,--,--,學測國文,--,--,學測英文,--,--,國語文學業,--,--,英語文學業,--,--,學測社會,--,--,公社學業,--,--
第一至七類學群,033,國立臺南大學,03309,行政管理學系,,一般,6,6,均標,10級分,均標,8級分,--,--,--,--,--,--,--,--,--,,,,,,,,,,,,,,,,6,--,在校學業,14%,--,學測國文,13,--,學測英文,--,--,學測數B,--,--,學測社會,--,--,公社學業,--,--,國語文學業,--,--
第一至七類學群,033,國立臺南大學,03309,行政管理學系,,外加,1,0,均標,10級分,均標,8級分,--,--,--,--,--,--,--,--,--,,,,,,,,,,,,,,,,0,--,在校學業,--,--,學測國文,--,--,學測英文,--,--,學測數B,--,--,學測社會,--,--,公社學業,--,--,國語文學業,--,--
第一至七類學群,033,國立臺南大學,03310,經營與管理學系,,一般,7,7,--,--,均標,8級分,--,--,均標,6級分,--,--,--,--,--,,,,,,,,,,,,,,,,7,--,在校學業,13%,--,學測英文,10,--,學測數B,--,--,學測國英數B,--,--,英語文學業,--,--,數學學業,--,--,國語文學業,--,--
第一至七類學群,033,國立臺南大學,03310,經營與管理學系,,外加,2,0,--,--,均標,8級分,--,--,均標,6級分,--,--,--,--,--,,,,,,,,,,,,,,,,0,--,在校學業,--,--,學測英文,--,--,學測數B,--,--,學測國英數B,--,--,英語文學業,--,--,數學學業,--,--,國語文學業,--,--
第一至七類學群,033,國立臺南大學,03311,應用數學系,,一般,9,9,--,--,--,--,均標,6級分,--,--,--,--,--,--,--,,,,,,,,,,,,,,,,9,--,在校學業,22%,--,學測數A,--,--,學測自然,--,--,學測英文,--,--,數學學業,--,--,物理學業,--,--,英語文學業,--,--
第一至七類學群,033,國立臺南大學,03311,應用數學系,,外加,2,0,--,--,--,--,均標,6級分,--,--,--,--,--,--,--,,,,,,,,,,,,,,,,0,--,在校學業,--,--,學測數A,--,--,學測自然,--,--,學測英文,--,--,數學學業,--,--,物理學業,--,--,英語文學業,--,--
第一至七類學群,033,國立臺南大學,03312,數位學習科技學系,,一般,6,6,--,--,--,--,後標,4級分,--,--,--,--,--,--,--,,,,,,,,,,,,,,,,6,--,在校學業,12%,--,學測數A,10,--,學測英文,10,--,學測自然,13,--,數學學業,--,--,英語文學業,--,--,資訊科技學業,--,--
第一至七類學群,033,國立臺南大學,03312,數位學習科技學系,,外加,1,0,--,--,--,--,後標,4級分,--,--,--,--,--,--,--,,,,,,,,,,,,,,,,0,--,在校學業,--,--,學測數A,--,--,學測英文,--,--,學測自然,--,--,數學學業,--,--,英語文學業,--,--,資訊科技學業,--,--
第一至七類學群,033,國立臺南大學,03313,材料科學系,,一般,11,11,--,--,--,--,均標,6級分,--,--,--,--,均標,9級分,--,,,,,,,,,,,,,,,,11,--,在校學業,12%,--,學測英數A自,32,--,學測自然,13,--,學測數A,--,--,學測英文,--,--,物理學業,--,--,化學學業,--,--
第一至七類學群,033,國立臺南大學,03313,材料科學系,,外加,1,0,--,--,--,--,均標,6級分,--,--,--,--,均標,9級分,--,,,,,,,,,,,,,,,,0,--,在校學業,--,--,學測英數A自,--,--,學測自然,--,--,學測數A,--,--,學測英文,--,--,物理學業,--,--,化學學業,--,--
第一至七類學群,033,國立臺南大學,03314,資訊工程學系,,一般,10,10,--,--,均標,8級分,均標,6級分,--,--,--,--,--,--,--,,,,,,,,,,,,,,,,10,--,在校學業,10%,--,學測英數A,--,--,學測數A,--,--,學測英文,--,--,學測自然,--,--,數學學業,--,--,英語文學業,--,--
第一至七類學群,033,國立臺南大學,03315,電機工程學系,,一般,12,12,--,--,均標,8級分,均標,6級分,--,--,--,--,--,--,--,,,,,,,,,,,,,,,,12,--,在校學業,8%,--,學測英數A,18,--,學測數A,--,--,學測英文,--,--,英語文學業,--,--,數學學業,--,--,物理學業,--,--
第一至七類學群,033,國立臺南大學,03315,電機工程學系,,外加,3,0,--,--,均標,8級分,均標,6級分,--,--,--,--,--,--,--,,,,,,,,,,,,,,,,0,--,在校學業,--,--,學測英數A,--,--,學測數A,--,--,學測英文,--,--,英語文學業,--,--,數學學業,--,--,物理學業,--,--
第一至七類學群,033,國立臺南大學,03316,綠色能源科技學系,,一般,8,8,--,--,--,--,後標,4級分,--,--,--,--,--,--,--,,,,,,,,,,,,,,,,8,--,在校學業,16%,--,學測數A,8,--,數學學業,--,--,物理學業,--,--,英語文學業,--,--,化學學業,--,--,國語文學業,--,--
第一至七類學群,033,國立臺南大學,03317,生物科技學系,,一般,11,11,--,--,--,--,--,--,--,--,--,--,均標,9級分,--,,,,,,,,,,,,,,,,11,--,在校學業,30%,--,學測國英自,--,--,學測自然,--,--,生物學業,--,--,學測國文,--,--,學測英文,--,--,公社學業,--,--
第一至七類學群,033,國立臺南大學,03317,生物科技學系,,外加,1,0,--,--,--,--,--,--,--,--,--,--,均標,9級分,--,,,,,,,,,,,,,,,,0,--,在校學業,--,--,學測國英自,--,--,學測自然,--,--,生物學業,--,--,學測國文,--,--,學測英文,--,--,公社學業,--,--
第一至七類學群,033,國立臺南大學,03318,生態暨環境資源學系,,一般,6,6,--,--,--,--,--,--,--,--,--,--,底標,5級分,--,,,,,,,,,,,,,,,,4,2,在校學業,23%,25%,學測自然,--,--,學測英文,--,--,學測國文,--,--,學測國英自,--,--,生物學業,--,--,英語文學業,--,--
第一至七類學群,033,國立臺南大學,03318,生態暨環境資源學系,,外加,2,0,--,--,--,--,--,--,--,--,--,--,底標,5級分,--,,,,,,,,,,,,,,,,0,--,在校學業,--,--,學測自然,--,--,學測英文,--,--,學測國文,--,--,學測國英自,--,--,生物學業,--,--,英語文學業,--,--
第一至七類學群,033,國立臺南大學,03319,體育學系,,一般,3,3,--,--,--,--,--,--,--,--,--,--,--,--,--,體育(百分等級),後標,25分,,,,,,,,,,,,,3,--,在校學業,1%,--,學測國英數B,21,--,學測國文,--,--,學測數B,--,--,學測英文,--,--,國語文學業,--,--,數學學業,--,--
第一至七類學群,033,國立臺南大學,03319,體育學系,,外加,2,2,--,--,--,--,--,--,--,--,--,--,--,--,--,體育(百分等級),後標,25分,,,,,,,,,,,,,2,--,在校學業,16%,--,學測國英數B,--,--,學測國文,--,--,學測數B,--,--,學測英文,--,--,國語文學業,--,--,數學學業,--,--
第一至七類學群,034,國立東華大學,03401,企業管理學系管理科學組,,一般,1,0,--,--,均標,8級分,--,--,--,--,--,--,--,--,--,,,,,,,,,,,,,,,,0,--,在校學業,--,--,學測英文,--,--,學測數A,--,--,英語文學業,--,--,數學學業,--,--,學測國文,--,--,國語文學業,--,--
第一至七類學群,034,國立東華大學,03402,企業管理學系經營管理組,,一般,8,6,--,--,均標,8級分,--,--,--,--,--,--,--,--,--,,,,,,,,,,,,,,,,1,5,在校學業,8%,32%,學測英文,--,--,學測數B,--,--,英語文學業,--,--,數學學業,--,--,學測國文,--,--,國語文學業,--,--
第一至七類學群,034,國立東華大學,03403,會計學系,,一般,10,10,--,--,均標,8級分,--,--,--,--,--,--,--,--,--,,,,,,,,,,,,,,,,5,5,在校學業,29%,40%,學測國英數B,--,--,英語文學業,--,--,數學學業,--,--,學測英文,--,--,學測數B,--,--,國語文學業,--,--
第一至七類學群,034,國立東華大學,03403,會計學系,,外加,2,0,--,--,均標,8級分,--,--,--,--,--,--,--,--,--,,,,,,,,,,,,,,,,0,--,在校學業,--,--,學測國英數B,--,--,英語文學業,--,--,數學學業,--,--,學測英文,--,--,學測數B,--,--,國語文學業,--,--
第一至七類學群,034,國立東華大學,03404,資訊管理學系人工智慧與大數據組,,一般,5,5,--,--,--,--,均標,6級分,--,--,--,--,--,--,--,,,,,,,,,,,,,,,,5,--,在校學業,19%,--,學測國英數A,--,--,學測數A,--,--,學測英文,--,--,數學學業,--,--,英語文學業,--,--,資訊科技學業,--,--
第一至七類學群,034,國立東華大學,03404,資訊管理學系人工智慧與大數據組,,外加,2,0,--,--,--,--,均標,6級分,--,--,--,--,--,--,--,,,,,,,,,,,,,,,,0,--,在校學業,--,--,學測國英數A,--,--,學測數A,--,--,學測英文,--,--,數學學業,--,--,英語文學業,--,--,資訊科技學業,--,--
第一至七類學群,034,國立東華大學,03405,資訊管理學系智慧商務與知識管理組,,一般,5,5,--,--,--,--,--,--,均標,6級分,--,--,--,--,--,,,,,,,,,,,,,,,,5,--,在校學業,19%,--,學測國英數B,--,--,學測數B,--,--,學測英文,--,--,數學學業,--,--,英語文學業,--,--,資訊科技學業,--,--
第一至七類學群,034,國立東華大學,03405,資訊管理學系智慧商務與知識管理組,,外加,1,0,--,--,--,--,--,--,均標,6級分,--,--,--,--,--,,,,,,,,,,,,,,,,0,--,在校學業,--,--,學測國英數B,--,--,學測數B,--,--,學測英文,--,--,數學學業,--,--,英語文學業,--,--,資訊科技學業,--,--
第一至七類學群,034,國立東華大學,03406,國際企業學系,,一般,7,7,--,--,均標,8級分,--,--,--,--,--,--,--,--,--,,,,,,,,,,,,,,,,5,2,在校學業,35%,21%,學測英文,--,10,學測數B,--,--,學測國英數B,--,--,英語文學業,--,--,數學學業,--,--,國語文學業,--,--
第一至七類學群,034,國立東華大學,03406,國際企業學系,,外加,2,0,--,--,均標,8級分,--,--,--,--,--,--,--,--,--,,,,,,,,,,,,,,,,0,--,在校學業,--,--,學測英文,--,--,學測數B,--,--,學測國英數B,--,--,英語文學業,--,--,數學學業,--,--,國語文學業,--,--
第一至七類學群,034,國立東華大學,03407,財務金融學系,,一般,13,13,--,--,均標,8級分,--,--,--,--,--,--,--,--,--,,,,,,,,,,,,,,,,11,2,在校學業,34%,14%,學測數B,--,--,學測英文,--,--,學測國英數B,--,--,數學學業,--,--,英語文學業,--,--,國語文學業,--,--
第一至七類學群,034,國立東華大學,03407,財務金融學系,,外加,5,1,--,--,均標,8級分,--,--,--,--,--,--,--,--,--,,,,,,,,,,,,,,,,1,--,在校學業,17%,--,學測數B,--,--,學測英文,--,--,學測國英數B,--,--,數學學業,--,--,英語文學業,--,--,國語文學業,--,--
第一至七類學群,034,國立東華大學,03408,觀光暨休閒遊憩學系,,一般,8,8,--,--,--,--,--,--,--,--,均標,10級分,--,--,--,,,,,,,,,,,,,,,,3,5,在校學業,38%,39%,英語文學業,--,--,學測英文,--,--,學測國英社,--,--,學測數B,--,--,學測國文,--,--,地理學業,--,--
第一至七類學群,034,國立東華大學,03408,觀光暨休閒遊憩學系,,外加,1,1,--,--,--,--,--,--,--,--,均標,10級分,--,--,--,,,,,,,,,,,,,,,,1,--,在校學業,39%,--,英語文學業,--,--,學測英文,--,--,學測國英社,--,--,學測數B,--,--,學測國文,--,--,地理學業,--,--
第一至七類學群,034,國立東華大學,03409,管理學院管理科學與財金國際學士學位學程,,一般,4,2,--,--,均標,8級分,--,--,--,--,--,--,--,--,--,,,,,,,,,,,,,,,,2,--,在校學業,20%,--,學測英文,--,--,學測數B,--,--,學測國英數B,--,--,英語文學業,--,--,數學學業,--,--,國語文學業,--,--
第一至七類學群,034,國立東華大學,03409,管理學院管理科學與財金國際學士學位學程,,外加,2,0,--,--,均標,8級分,--,--,--,--,--,--,--,--,--,,,,,,,,,,,,,,,,0,--,在校學業,--,--,學測英文,--,--,學測數B,--,--,學測國英數B,--,--,英語文學業,--,--,數學學業,--,--,國語文學業,--,--
第一至七類學群,034,國立東華大學,03410,管理學院會計與資訊管理國際學士班智慧會計與風險管理組,,一般,3,0,--,--,均標,8級分,--,--,--,--,--,--,--,--,--,,,,,,,,,,,,,,,,0,--,在校學業,--,--,學測國英數A,--,--,學測英文,--,--,學測數A,--,--,英語文學業,--,--,數學學業,--,--,國語文學業,--,--
第一至七類學群,034,國立東華大學,03411,管理學院會計與資訊管理國際學士班會計資訊與電腦稽核組,,一般,2,0,--,--,均標,8級分,--,--,--,--,--,--,--,--,--,,,,,,,,,,,,,,,,0,--,在校學業,--,--,學測國英數B,--,--,學測英文,--,--,學測數B,--,--,英語文學業,--,--,數學學業,--,--,國語文學業,--,--
第一至七類學群,034,國立東華大學,03412,管理學院數位行銷與服務創新國際學士班,,一般,3,1,--,--,均標,8級分,--,--,--,--,--,--,--,--,--,,,,,,,,,,,,,,,,1,--,在校學業,19%,--,學測英文,--,--,學測數B,--,--,學測國英數B,--,--,英語文學業,--,--,數學學業,--,--,國語文學業,--,--
第一至七類學群,034,國立東華大學,03412,管理學院數位行銷與服務創新國際學士班,,外加,1,0,--,--,均標,8級分,--,--,--,--,--,--,--,--,--,,,,,,,,,,,,,,,,0,--,在校學業,--,--,學測英文,--,--,學測數B,--,--,學測國英數B,--,--,英語文學業,--,--,數學學業,--,--,國語文學業,--,--
第一至七類學群,034,國立東華大學,03413,華文文學系,,一般,7,7,均標,10級分,--,--,--,--,--,--,--,--,--,--,--,,,,,,,,,,,,,,,,7,--,在校學業,37%,--,學測國英社,--,--,學測國文,--,--,學測社會,--,--,國語文學業,--,--,歷史學業,--,--,英語文學業,--,--
第一至七類學群,034,國立東華大學,03413,華文文學系,,外加,2,0,均標,10級分,--,--,--,--,--,--,--,--,--,--,--,,,,,,,,,,,,,,,,0,--,在校學業,--,--,學測國英社,--,--,學測國文,--,--,學測社會,--,--,國語文學業,--,--,歷史學業,--,--,英語文學業,--,--
第一至七類學群,034,國立東華大學,03414,中國語文學系,,一般,10,10,均標,10級分,--,--,--,--,--,--,--,--,--,--,--,,,,,,,,,,,,,,,,8,2,在校學業,33%,20%,學測國文,--,12,國語文學業,--,--,學測社會,--,--,歷史學業,--,--,學測英文,--,--,英語文學業,--,--
第一至七類學群,034,國立東華大學,03415,英美語文學系,,一般,6,4,--,--,均標,8級分,--,--,--,--,--,--,--,--,--,,,,,,,,,,,,,,,,2,2,在校學業,20%,34%,學測英文,--,--,英語文學業,--,--,學測國文,--,--,國語文學業,--,--,學測社會,--,--,公社學業,--,--
第一至七類學群,034,國立東華大學,03415,英美語文學系,,外加,1,1,--,--,均標,8級分,--,--,--,--,--,--,--,--,--,,,,,,,,,,,,,,,,1,--,在校學業,18%,--,學測英文,--,--,英語文學業,--,--,學測國文,--,--,國語文學業,--,--,學測社會,--,--,公社學業,--,--
第一至七類學群,034,國立東華大學,03416,臺灣文化學系,,一般,7,7,--,--,--,--,--,--,--,--,均標,10級分,--,--,--,,,,,,,,,,,,,,,,0,7,在校學業,--,40%,學測國社,--,--,地理學業,--,--,歷史學業,--,--,學測社會,--,--,學測國文,--,--,公社學業,--,--
第一至七類學群,034,國立東華大學,03416,臺灣文化學系,,外加,2,0,--,--,--,--,--,--,--,--,均標,10級分,--,--,--,,,,,,,,,,,,,,,,0,--,在校學業,--,--,學測國社,--,--,地理學業,--,--,歷史學業,--,--,學測社會,--,--,學測國文,--,--,公社學業,--,--
第一至七類學群,034,國立東華大學,03417,歷史學系,,一般,12,12,--,--,--,--,--,--,--,--,均標,10級分,--,--,--,,,,,,,,,,,,,,,,12,--,在校學業,40%,--,歷史學業,--,--,學測社會,--,--,學測國英社,--,--,英語文學業,--,--,學測英文,--,--,國語文學業,--,--
第一至七類學群,034,國立東華大學,03417,歷史學系,,外加,1,0,--,--,--,--,--,--,--,--,均標,10級分,--,--,--,,,,,,,,,,,,,,,,0,--,在校學業,--,--,歷史學業,--,--,學測社會,--,--,學測國英社,--,--,英語文學業,--,--,學測英文,--,--,國語文學業,--,--
第一至七類學群,034,國立東華大學,03418,經濟學系,,一般,9,9,--,--,--,--,--,--,均標,6級分,--,--,--,--,--,,,,,,,,,,,,,,,,9,--,在校學業,26%,--,學測數B,--,--,數學學業,--,--,學測英文,--,--,英語文學業,--,--,國語文學業,--,--,公社學業,--,--
第一至七類學群,034,國立東華大學,03419,諮商與臨床心理學系,,一般,11,9,--,--,均標,8級分,--,--,均標,6級分,--,--,--,--,--,,,,,,,,,,,,,,,,5,4,在校學業,20%,39%,學測國文,--,--,學測英文,--,--,學測數B,--,--,英語文學業,--,--,數學學業,--,--,國語文學業,--,--
第一至七類學群,034,國立東華大學,03419,諮商與臨床心理學系,,外加,2,0,--,--,均標,8級分,--,--,均標,6級分,--,--,--,--,--,,,,,,,,,,,,,,,,0,--,在校學業,--,--,學測國文,--,--,學測英文,--,--,學測數B,--,--,英語文學業,--,--,數學學業,--,--,國語文學業,--,--
第一至七類學群,034,國立東華大學,03420,社會學系,,一般,7,7,均標,10級分,--,--,--,--,--,--,均標,10級分,--,--,--,,,,,,,,,,,,,,,,5,2,在校學業,37%,19%,學測社會,--,--,學測國文,--,--,學測英文,--,--,公社學業,--,--,國語文學業,--,--,英語文學業,--,--
第一至七類學群,034,國立東華大學,03420,社會學系,,外加,1,0,均標,10級分,--,--,--,--,--,--,均標,10級分,--,--,--,,,,,,,,,,,,,,,,0,--,在校學業,--,--,學測社會,--,--,學測國文,--,--,學測英文,--,--,公社學業,--,--,國語文學業,--,--,英語文學業,--,--
第一至七類學群,034,國立東華大學,03421,公共行政學系,,一般,6,6,--,--,--,--,--,--,--,--,均標,10級分,--,--,--,,,,,,,,,,,,,,,,6,--,在校學業,16%,--,學測社會,--,--,學測國文,--,--,學測英文,--,--,公社學業,--,--,國語文學業,--,--,英語文學業,--,--
第一至七類學群,034,國立東華大學,03421,公共行政學系,,外加,2,1,--,--,--,--,--,--,--,--,均標,10級分,--,--,--,,,,,,,,,,,,,,,,1,--,在校學業,24%,--,學測社會,--,--,學測國文,--,--,學測英文,--,--,公社學業,--,--,國語文學業,--,--,英語文學業,--,--
第一至七類學群,034,國立東華大學,03422,法律學系,,一般,5,5,--,--,--,--,--,--,--,--,均標,10級分,--,--,--,,,,,,,,,,,,,,,,5,--,在校學業,11%,--,學測英文,--,--,學測社會,--,--,學測國文,--,--,英語文學業,--,--,公社學業,--,--,國語文學業,--,--
第一至七類學群,034,國立東華大學,03422,法律學系,,外加,2,0,--,--,--,--,--,--,--,--,均標,10級分,--,--,--,,,,,,,,,,,,,,,,0,--,在校學業,--,--,學測英文,--,--,學測社會,--,--,學測國文,--,--,英語文學業,--,--,公社學業,--,--,國語文學業,--,--
第一至七類學群,034,國立東華大學,03423,教育與潛能開發學系,,一般,8,8,均標,10級分,--,--,--,--,--,--,--,--,--,--,--,,,,,,,,,,,,,,,,4,4,在校學業,37%,23%,學測國文,--,--,學測英文,--,--,學測數B,--,--,學測社會,--,--,國語文學業,--,--,公社學業,--,--
第一至七類學群,034,國立東華大學,03423,教育與潛能開發學系,,外加,2,1,均標,10級分,--,--,--,--,--,--,--,--,--,--,--,,,,,,,,,,,,,,,,1,--,在校學業,27%,--,學測國文,--,--,學測英文,--,--,學測數B,--,--,學測社會,--,--,國語文學業,--,--,公社學業,--,--
第一至七類學群,034,國立東華大學,03424,教育行政與管理學系,,一般,7,7,均標,10級分,--,--,--,--,--,--,--,--,--,--,--,,,,,,,,,,,,,,,,4,3,在校學業,28%,23%,學測國文,--,12,學測社會,--,--,國語文學業,--,--,學測英文,--,--,英語文學業,--,--,學測數B,--,--
第一至七類學群,034,國立東華大學,03425,特殊教育學系,,一般,6,6,--,--,--,--,--,--,--,--,均標,10級分,--,--,--,,,,,,,,,,,,,,,,4,2,在校學業,39%,34%,學測國社,--,--,學測國文,--,--,國語文學業,--,--,英語文學業,--,--,公社學業,--,--,生活科技學業,--,--
第一至七類學群,034,國立東華大學,03426,幼兒教育學系,,一般,6,6,--,--,--,--,--,--,--,--,均標,10級分,--,--,--,,,,,,,,,,,,,,,,6,--,在校學業,36%,--,學測國英社,--,--,學測國文,--,--,學測英文,--,--,國語文學業,--,--,英語文學業,--,--,公社學業,--,--
第一至七類學群,034,國立東華大學,03427,族群關係與文化學系,,一般,3,3,--,--,--,--,--,--,--,--,均標,10級分,--,--,--,,,,,,,,,,,,,,,,2,1,在校學業,38%,40%,學測國英社,--,--,學測社會,--,--,學測英文,--,--,公社學業,--,--,歷史學業,--,--,國語文學業,--,--
第一至七類學群,034,國立東華大學,03428,民族語言與傳播學系,,一般,5,3,均標,10級分,--,--,--,--,--,--,--,--,--,--,--,,,,,,,,,,,,,,,,1,2,在校學業,29%,40%,學測國文,--,--,學測社會,--,--,國語文學業,--,--,公社學業,--,--,歷史學業,--,--,英語文學業,--,--
第一至七類學群,034,國立東華大學,03429,民族發展與社會工作學系民族發展組,,一般,3,1,--,--,--,--,--,--,--,--,均標,10級分,--,--,--,,,,,,,,,,,,,,,,0,1,在校學業,--,27%,學測國英社,--,--,學測社會,--,--,學測國文,--,--,公社學業,--,--,歷史學業,--,--,英語文學業,--,--
第一至七類學群,034,國立東華大學,03429,民族發展與社會工作學系民族發展組,,外加,1,0,--,--,--,--,--,--,--,--,均標,10級分,--,--,--,,,,,,,,,,,,,,,,0,--,在校學業,--,--,學測國英社,--,--,學測社會,--,--,學測國文,--,--,公社學業,--,--,歷史學業,--,--,英語文學業,--,--
第一至七類學群,034,國立東華大學,03430,民族發展與社會工作學系社會工作組,,一般,4,1,--,--,--,--,--,--,--,--,均標,10級分,--,--,--,,,,,,,,,,,,,,,,0,1,在校學業,--,15%,學測國英社,--,--,學測社會,--,--,學測國文,--,--,公社學業,--,--,歷史學業,--,--,英語文學業,--,--
第一至七類學群,034,國立東華大學,03430,民族發展與社會工作學系社會工作組,,外加,1,0,--,--,--,--,--,--,--,--,均標,10級分,--,--,--,,,,,,,,,,,,,,,,0,--,在校學業,--,--,學測國英社,--,--,學測社會,--,--,學測國文,--,--,公社學業,--,--,歷史學業,--,--,英語文學業,--,--
第一至七類學群,034,國立東華大學,03431,藝術創意產業學系,,一般,6,6,均標,10級分,--,--,--,--,--,--,--,--,--,--,--,,,,,,,,,,,,,,,,3,3,在校學業,28%,31%,學測國文,--,--,學測英文,--,--,學測社會,--,--,公社學業,--,--,英語文學業,--,--,歷史學業,--,--
第一至七類學群,034,國立東華大學,03431,藝術創意產業學系,,外加,2,0,均標,10級分,--,--,--,--,--,--,--,--,--,--,--,,,,,,,,,,,,,,,,0,--,在校學業,--,--,學測國文,--,--,學測英文,--,--,學測社會,--,--,公社學業,--,--,英語文學業,--,--,歷史學業,--,--
第一至七類學群,034,國立東華大學,03432,應用數學系數學科學組,,一般,5,5,--,--,底標,3級分,--,--,--,--,--,--,--,--,--,,,,,,,,,,,,,,,,0,5,在校學業,--,40%,學測數A,--,--,學測英文,--,--,學測國文,--,--,數學學業,--,--,英語文學業,--,--,國語文學業,--,--
第一至七類學群,034,國立東華大學,03432,應用數學系數學科學組,,外加,1,0,--,--,底標,3級分,--,--,--,--,--,--,--,--,--,,,,,,,,,,,,,,,,0,--,在校學業,--,--,學測數A,--,--,學測英文,--,--,學測國文,--,--,數學學業,--,--,英語文學業,--,--,國語文學業,--,--
第一至七類學群,034,國立東華大學,03433,應用數學系統計科學組,,一般,5,5,--,--,底標,3級分,--,--,--,--,--,--,--,--,--,,,,,,,,,,,,,,,,1,4,在校學業,23%,33%,學測數A,--,--,學測英文,--,--,學測國文,--,--,數學學業,--,--,英語文學業,--,--,國語文學業,--,--
第一至七類學群,034,國立東華大學,03433,應用數學系統計科學組,,外加,1,0,--,--,底標,3級分,--,--,--,--,--,--,--,--,--,,,,,,,,,,,,,,,,0,--,在校學業,--,--,學測數A,--,--,學測英文,--,--,學測國文,--,--,數學學業,--,--,英語文學業,--,--,國語文學業,--,--
第一至七類學群,034,國立東華大學,03434,物理學系物理組,,一般,6,6,--,--,--,--,--,--,--,--,--,--,均標,9級分,--,,,,,,,,,,,,,,,,1,5,在校學業,16%,26%,學測國英數A自,--,--,學測自然,--,--,學測數A,--,--,學測英文,--,--,物理學業,--,--,化學學業,--,--
第一至七類學群,034,國立東華大學,03434,物理學系物理組,,外加,2,1,--,--,--,--,--,--,--,--,--,--,均標,9級分,--,,,,,,,,,,,,,,,,1,--,在校學業,30%,--,學測國英數A自,--,--,學測自然,--,--,學測數A,--,--,學測英文,--,--,物理學業,--,--,化學學業,--,--
第一至七類學群,034,國立東華大學,03435,物理學系奈米與光電科學組,,一般,5,5,--,--,--,--,--,--,--,--,--,--,均標,9級分,--,,,,,,,,,,,,,,,,3,2,在校學業,24%,15%,學測國英數A自,--,--,學測自然,--,--,學測數A,--,--,學測英文,--,--,物理學業,--,--,化學學業,--,--
第一至七類學群,034,國立東華大學,03435,物理學系奈米與光電科學組,,外加,1,0,--,--,--,--,--,--,--,--,--,--,均標,9級分,--,,,,,,,,,,,,,,,,0,--,在校學業,--,--,學測國英數A自,--,--,學測自然,--,--,學測數A,--,--,學測英文,--,--,物理學業,--,--,化學學業,--,--
第一至七類學群,034,國立東華大學,03436,化學系,,一般,9,9,--,--,--,--,--,--,--,--,--,--,均標,9級分,--,,,,,,,,,,,,,,,,4,5,在校學業,34%,25%,學測自然,--,--,學測數A,--,--,學測國英數A自,--,--,學測英文,--,--,化學學業,--,--,物理學業,--,--
第一至七類學群,034,國立東華大學,03437,資訊工程學系資工組,,一般,11,11,--,--,--,--,均標,6級分,--,--,--,--,--,--,--,,,,,,,,,,,,,,,,11,--,在校學業,39%,--,學測數A,--,--,學測英文,--,--,數學學業,--,--,英語文學業,--,--,學測國文,--,--,資訊科技學業,--,--
第一至七類學群,034,國立東華大學,03437,資訊工程學系資工組,,外加,2,2,--,--,--,--,均標,6級分,--,--,--,--,--,--,--,,,,,,,,,,,,,,,,2,--,在校學業,25%,--,學測數A,--,--,學測英文,--,--,數學學業,--,--,英語文學業,--,--,學測國文,--,--,資訊科技學業,--,--
第一至七類學群,034,國立東華大學,03438,資訊工程學系國際組,,一般,3,3,--,--,--,--,均標,6級分,--,--,--,--,--,--,--,,,,,,,,,,,,,,,,1,2,在校學業,23%,25%,學測英文,--,--,學測數A,--,--,英語文學業,--,--,數學學業,--,--,學測國文,--,--,資訊科技學業,--,--
第一至七類學群,034,國立東華大學,03438,資訊工程學系國際組,,外加,1,1,--,--,--,--,均標,6級分,--,--,--,--,--,--,--,,,,,,,,,,,,,,,,1,--,在校學業,30%,--,學測英文,--,--,學測數A,--,--,英語文學業,--,--,數學學業,--,--,學測國文,--,--,資訊科技學業,--,--
第一至七類學群,034,國立東華大學,03439,電機工程學系智慧系統組,,一般,8,8,--,--,--,--,均標,6級分,--,--,--,--,--,--,--,,,,,,,,,,,,,,,,8,--,在校學業,29%,--,學測英數A自,--,--,學測數A,--,--,學測自然,--,--,數學學業,--,--,物理學業,--,--,英語文學業,--,--
第一至七類學群,034,國立東華大學,03439,電機工程學系智慧系統組,,外加,3,0,--,--,--,--,均標,6級分,--,--,--,--,--,--,--,,,,,,,,,,,,,,,,0,--,在校學業,--,--,學測英數A自,--,--,學測數A,--,--,學測自然,--,--,數學學業,--,--,物理學業,--,--,英語文學業,--,--
第一至七類學群,034,國立東華大學,03440,電機工程學系半導體工程組,,一般,5,5,--,--,--,--,--,--,--,--,--,--,均標,9級分,--,,,,,,,,,,,,,,,,5,--,在校學業,6%,--,學測英數A自,27,--,學測自然,--,--,學測數A,--,--,物理學業,--,--,數學學業,--,--,英語文學業,--,--
第一至七類學群,034,國立東華大學,03440,電機工程學系半導體工程組,,外加,2,0,--,--,--,--,--,--,--,--,--,--,均標,9級分,--,,,,,,,,,,,,,,,,0,--,在校學業,--,--,學測英數A自,--,--,學測自然,--,--,學測數A,--,--,物理學業,--,--,數學學業,--,--,英語文學業,--,--
第一至七類學群,034,國立東華大學,03441,材料科學與工程學系,,一般,11,11,--,--,--,--,--,--,--,--,--,--,後標,7級分,--,,,,,,,,,,,,,,,,11,--,在校學業,20%,--,學測國英數A自,37,--,學測自然,--,--,學測英文,--,--,學測數A,--,--,物理學業,--,--,化學學業,--,--
第一至七類學群,034,國立東華大學,03441,材料科學與工程學系,,外加,1,1,--,--,--,--,--,--,--,--,--,--,後標,7級分,--,,,,,,,,,,,,,,,,1,--,在校學業,35%,--,學測國英數A自,--,--,學測自然,--,--,學測英文,--,--,學測數A,--,--,物理學業,--,--,化學學業,--,--
第一至七類學群,034,國立東華大學,03442,光電工程學系,,一般,12,12,--,--,--,--,--,--,--,--,--,--,均標,9級分,--,,,,,,,,,,,,,,,,6,6,在校學業,34%,28%,學測國英數A自,--,--,學測自然,--,--,學測數A,--,--,學測英文,--,--,物理學業,--,--,數學學業,--,--
第一至七類學群,034,國立東華大學,03442,光電工程學系,,外加,1,0,--,--,--,--,--,--,--,--,--,--,均標,9級分,--,,,,,,,,,,,,,,,,0,--,在校學業,--,--,學測國英數A自,--,--,學測自然,--,--,學測數A,--,--,學測英文,--,--,物理學業,--,--,數學學業,--,--
第一至七類學群,034,國立東華大學,03443,理工學院大數據科學國際學士班,,一般,3,3,--,--,--,--,均標,6級分,--,--,--,--,--,--,--,,,,,,,,,,,,,,,,1,2,在校學業,11%,40%,學測數A,--,--,學測英文,--,--,學測國文,--,--,數學學業,--,--,英語文學業,--,--,國語文學業,--,--
第一至七類學群,034,國立東華大學,03444,生化暨分子醫學科學系,,一般,8,4,--,--,均標,8級分,--,--,--,--,--,--,--,--,--,,,,,,,,,,,,,,,,2,2,在校學業,24%,28%,學測英文,--,--,學測數A,--,--,學測自然,--,--,學測國文,--,--,生物學業,--,--,化學學業,--,--
第一至七類學群,034,國立東華大學,03445,自然資源與環境學系,,一般,10,5,--,--,--,--,--,--,--,--,--,--,均標,9級分,--,,,,,,,,,,,,,,,,1,4,在校學業,37%,31%,學測自然,--,--,學測英文,--,--,化學學業,--,--,地科學業,--,--,地理學業,--,--,生物學業,--,--
第一至七類學群,034,國立東華大學,03445,自然資源與環境學系,,外加,2,0,--,--,--,--,--,--,--,--,--,--,均標,9級分,--,,,,,,,,,,,,,,,,0,--,在校學業,--,--,學測自然,--,--,學測英文,--,--,化學學業,--,--,地科學業,--,--,地理學業,--,--,生物學業,--,--
第一至七類學群,034,國立東華大學,03446,藝術與設計學系,,一般,4,1,--,--,--,--,--,--,--,--,--,--,--,--,--,素描,後標,48分,彩繪技法,--,--,創意表現,--,--,水墨書畫,--,--,美術鑑賞,--,--,1,--,在校學業,19%,--,美術學業,--,--,術科素描,--,--,術科創意表現,--,--,學測國社,--,--,國語文學業,--,--,英語文學業,--,--
第一至七類學群,034,國立東華大學,03446,藝術與設計學系,,外加,2,0,--,--,--,--,--,--,--,--,--,--,--,--,--,素描,後標,48分,彩繪技法,--,--,創意表現,--,--,水墨書畫,--,--,美術鑑賞,--,--,0,--,在校學業,--,--,美術學業,--,--,術科素描,--,--,術科創意表現,--,--,學測國社,--,--,國語文學業,--,--,英語文學業,--,--
第一至七類學群,034,國立東華大學,03447,體育與運動科學系,,一般,6,6,後標,9級分,--,--,--,--,--,--,--,--,--,--,--,體育(百分等級),均標,50分,,,,,,,,,,,,,6,--,在校學業,36%,--,術科體育,--,--,體育學業,--,--,學測英數B,--,--,學測國文,--,--,學測數B,--,--,英語文學業,--,--
第一至七類學群,035,臺北市立大學,03501,教育學系,,一般,12,12,均標,10級分,後標,4級分,--,--,後標,4級分,--,--,--,--,--,,,,,,,,,,,,,,,,12,--,在校學業,6%,--,學測國文,13,--,學測數B,--,--,學測英文,--,--,學測社會,--,--,國語文學業,--,--,數學學業,--,--
第一至七類學群,035,臺北市立大學,03501,教育學系,,外加,3,0,均標,10級分,後標,4級分,--,--,後標,4級分,--,--,--,--,--,,,,,,,,,,,,,,,,0,--,在校學業,--,--,學測國文,--,--,學測數B,--,--,學測英文,--,--,學測社會,--,--,國語文學業,--,--,數學學業,--,--
第一至七類學群,035,臺北市立大學,03502,特殊教育學系,,一般,9,9,均標,10級分,均標,8級分,--,--,均標,6級分,--,--,--,--,--,,,,,,,,,,,,,,,,9,--,在校學業,25%,--,學測國文,12,--,學測英文,--,--,學測數B,--,--,國語文學業,--,--,英語文學業,--,--,數學學業,--,--
第一至七類學群,035,臺北市立大學,03502,特殊教育學系,,外加,1,0,均標,10級分,均標,8級分,--,--,均標,6級分,--,--,--,--,--,,,,,,,,,,,,,,,,0,--,在校學業,--,--,學測國文,--,--,學測英文,--,--,學測數B,--,--,國語文學業,--,--,英語文學業,--,--,數學學業,--,--
第一至七類學群,035,臺北市立大學,03503,幼兒教育學系,,一般,18,18,均標,10級分,均標,8級分,--,--,--,--,均標,10級分,--,--,--,,,,,,,,,,,,,,,,17,1,在校學業,42%,11%,學測英文,--,--,學測國文,--,--,學測社會,--,--,學測國英社,--,--,英語文學業,--,--,國語文學業,--,--
第一至七類學群,035,臺北市立大學,03503,幼兒教育學系,,外加,2,0,均標,10級分,均標,8級分,--,--,--,--,均標,10級分,--,--,--,,,,,,,,,,,,,,,,0,--,在校學業,--,--,學測英文,--,--,學測國文,--,--,學測社會,--,--,學測國英社,--,--,英語文學業,--,--,國語文學業,--,--
第一至七類學群,035,臺北市立大學,03504,心理與諮商學系,,一般,15,15,均標,10級分,均標,8級分,--,--,均標,6級分,均標,10級分,--,--,--,,,,,,,,,,,,,,,,15,--,在校學業,8%,--,學測國英數B社,--,--,學測英文,--,--,學測國文,--,--,學測數B,--,--,學測社會,--,--,英語文學業,--,--
第一至七類學群,035,臺北市立大學,03504,心理與諮商學系,,外加,2,0,均標,10級分,均標,8級分,--,--,均標,6級分,均標,10級分,--,--,--,,,,,,,,,,,,,,,,0,--,在校學業,--,--,學測國英數B社,--,--,學測英文,--,--,學測國文,--,--,學測數B,--,--,學測社會,--,--,英語文學業,--,--
第一至七類學群,035,臺北市立大學,03505,學習與媒材設計學系,,一般,8,8,均標,10級分,均標,8級分,--,--,均標,6級分,均標,10級分,--,--,--,,,,,,,,,,,,,,,,8,--,在校學業,29%,--,學測國文,--,--,學測英文,--,--,學測社會,--,--,學測數B,--,--,國語文學業,--,--,英語文學業,--,--
第一至七類學群,035,臺北市立大學,03506,中國語文學系,,一般,10,10,均標,10級分,底標,3級分,--,--,--,--,均標,10級分,--,--,--,,,,,,,,,,,,,,,,10,--,在校學業,25%,--,學測國文,13,--,國語文學業,--,--,學測社會,--,--,歷史學業,--,--,學測國英,--,--,學測英文,--,--
第一至七類學群,035,臺北市立大學,03506,中國語文學系,,外加,6,2,均標,10級分,底標,3級分,--,--,--,--,均標,10級分,--,--,--,,,,,,,,,,,,,,,,2,--,在校學業,47%,--,學測國文,--,--,國語文學業,--,--,學測社會,--,--,歷史學業,--,--,學測國英,--,--,學測英文,--,--
第一至七類學群,035,臺北市立大學,03507,英語教學系,,一般,6,6,--,--,均標,8級分,--,--,--,--,--,--,--,--,B級,,,,,,,,,,,,,,,,6,--,在校學業,5%,--,學測英文,--,--,學測國文,--,--,學測國英,--,--,英語文學業,--,--,國語文學業,--,--,數學學業,--,--
第一至七類學群,035,臺北市立大學,03507,英語教學系,,外加,2,2,--,--,均標,8級分,--,--,--,--,--,--,--,--,B級,,,,,,,,,,,,,,,,2,--,在校學業,46%,--,學測英文,--,--,學測國文,--,--,學測國英,--,--,英語文學業,--,--,國語文學業,--,--,數學學業,--,--
第一至七類學群,035,臺北市立大學,03508,社會暨公共事務學系,,一般,6,6,均標,10級分,均標,8級分,--,--,--,--,均標,10級分,--,--,--,,,,,,,,,,,,,,,,6,--,在校學業,9%,--,公社學業,--,--,國語文學業,--,--,英語文學業,--,--,學測社會,--,--,學測國文,--,--,學測英文,--,--
第一至七類學群,035,臺北市立大學,03508,社會暨公共事務學系,,外加,2,0,均標,10級分,均標,8級分,--,--,--,--,均標,10級分,--,--,--,,,,,,,,,,,,,,,,0,--,在校學業,--,--,公社學業,--,--,國語文學業,--,--,英語文學業,--,--,學測社會,--,--,學測國文,--,--,學測英文,--,--
第一至七類學群,035,臺北市立大學,03509,歷史與地理學系,,一般,23,17,均標,10級分,均標,8級分,--,--,均標,6級分,均標,10級分,--,--,--,,,,,,,,,,,,,,,,5,12,在校學業,35%,38%,學測國英數B社,--,--,學測國文,--,--,學測英文,--,--,學測社會,--,--,學測數B,--,--,國語文學業,--,--
第一至七類學群,035,臺北市立大學,03509,歷史與地理學系,,外加,3,0,均標,10級分,均標,8級分,--,--,均標,6級分,均標,10級分,--,--,--,,,,,,,,,,,,,,,,0,--,在校學業,--,--,學測國英數B社,--,--,學測國文,--,--,學測英文,--,--,學測社會,--,--,學測數B,--,--,國語文學業,--,--
第一至七類學群,035,臺北市立大學,03510,城市發展學系,,一般,8,8,--,--,--,--,--,--,--,--,均標,10級分,--,--,--,,,,,,,,,,,,,,,,8,--,在校學業,15%,--,學測國文,--,--,學測英文,--,--,學測社會,--,--,國語文學業,--,--,英語文學業,--,--,地理學業,--,--
第一至七類學群,035,臺北市立大學,03511,行銷與管理學系,,一般,9,9,均標,10級分,均標,8級分,--,--,均標,6級分,--,--,--,--,--,,,,,,,,,,,,,,,,9,--,在校學業,19%,--,學測英文,--,--,學測數B,--,--,學測國文,--,--,英語文學業,--,--,數學學業,--,--,國語文學業,--,--
第一至七類學群,035,臺北市立大學,03511,行銷與管理學系,,外加,1,0,均標,10級分,均標,8級分,--,--,均標,6級分,--,--,--,--,--,,,,,,,,,,,,,,,,0,--,在校學業,--,--,學測英文,--,--,學測數B,--,--,學測國文,--,--,英語文學業,--,--,數學學業,--,--,國語文學業,--,--
第一至七類學群,035,臺北市立大學,03512,視覺藝術學系,,一般,8,8,均標,10級分,--,--,--,--,--,--,--,--,--,--,--,,,,,,,,,,,,,,,,8,--,在校學業,12%,--,學測英文,--,--,學測國文,--,--,學測社會,--,--,學測國英,--,--,英語文學業,--,--,國語文學業,--,--
第一至七類學群,035,臺北市立大學,03512,視覺藝術學系,,外加,1,1,均標,10級分,--,--,--,--,--,--,--,--,--,--,--,,,,,,,,,,,,,,,,1,--,在校學業,36%,--,學測英文,--,--,學測國文,--,--,學測社會,--,--,學測國英,--,--,英語文學業,--,--,國語文學業,--,--
第一至七類學群,035,臺北市立大學,03513,地球環境暨生物資源學系,,一般,10,8,--,--,均標,8級分,均標,6級分,--,--,--,--,均標,9級分,--,,,,,,,,,,,,,,,,2,6,在校學業,21%,28%,學測自然,--,--,生物學業,--,--,地科學業,--,--,學測英文,--,--,學測數A,--,--,學測國文,--,--
第一至七類學群,035,臺北市立大學,03513,地球環境暨生物資源學系,,外加,2,0,--,--,均標,8級分,均標,6級分,--,--,--,--,均標,9級分,--,,,,,,,,,,,,,,,,0,--,在校學業,--,--,學測自然,--,--,生物學業,--,--,地科學業,--,--,學測英文,--,--,學測數A,--,--,學測國文,--,--
第一至七類學群,035,臺北市立大學,03514,應用物理暨化學系電子物理組,,一般,3,3,--,--,均標,8級分,均標,6級分,--,--,--,--,均標,9級分,--,,,,,,,,,,,,,,,,3,--,在校學業,23%,--,學測自然,--,--,學測英文,--,--,學測數A,--,--,物理學業,--,--,化學學業,--,--,數學學業,--,--
第一至七類學群,035,臺北市立大學,03514,應用物理暨化學系電子物理組,,外加,2,0,--,--,均標,8級分,均標,6級分,--,--,--,--,均標,9級分,--,,,,,,,,,,,,,,,,0,--,在校學業,--,--,學測自然,--,--,學測英文,--,--,學測數A,--,--,物理學業,--,--,化學學業,--,--,數學學業,--,--
第一至七類學群,035,臺北市立大學,03515,應用物理暨化學系應用化學組,,一般,3,3,--,--,均標,8級分,均標,6級分,--,--,--,--,均標,9級分,--,,,,,,,,,,,,,,,,3,--,在校學業,35%,--,學測自然,--,--,學測英文,--,--,學測數A,--,--,化學學業,--,--,物理學業,--,--,數學學業,--,--
第一至七類學群,035,臺北市立大學,03515,應用物理暨化學系應用化學組,,外加,2,0,--,--,均標,8級分,均標,6級分,--,--,--,--,均標,9級分,--,,,,,,,,,,,,,,,,0,--,在校學業,--,--,學測自然,--,--,學測英文,--,--,學測數A,--,--,化學學業,--,--,物理學業,--,--,數學學業,--,--
第一至七類學群,035,臺北市立大學,03516,數學系,,一般,7,7,--,--,--,--,均標,6級分,--,--,--,--,均標,9級分,--,,,,,,,,,,,,,,,,7,--,在校學業,29%,--,學測數A,--,--,學測自然,--,--,學測英文,--,--,數學學業,--,--,物理學業,--,--,英語文學業,--,--
第一至七類學群,035,臺北市立大學,03516,數學系,,外加,5,0,--,--,--,--,均標,6級分,--,--,--,--,均標,9級分,--,,,,,,,,,,,,,,,,0,--,在校學業,--,--,學測數A,--,--,學測自然,--,--,學測英文,--,--,數學學業,--,--,物理學業,--,--,英語文學業,--,--
第一至七類學群,035,臺北市立大學,03517,資訊科學系,,一般,7,7,均標,10級分,均標,8級分,均標,6級分,--,--,--,--,--,--,--,,,,,,,,,,,,,,,,7,--,在校學業,30%,--,學測數A,--,--,學測英文,--,--,學測國文,--,--,數學學業,--,--,英語文學業,--,--,國語文學業,--,--
第一至七類學群,035,臺北市立大學,03517,資訊科學系,,外加,1,0,均標,10級分,均標,8級分,均標,6級分,--,--,--,--,--,--,--,,,,,,,,,,,,,,,,0,--,在校學業,--,--,學測數A,--,--,學測英文,--,--,學測國文,--,--,數學學業,--,--,英語文學業,--,--,國語文學業,--,--
第一至七類學群,035,臺北市立大學,03518,休閒運動管理學系,,一般,6,6,後標,9級分,--,--,--,--,--,--,後標,8級分,--,--,--,,,,,,,,,,,,,,,,6,--,在校學業,30%,--,學測國社,22,--,學測社會,--,--,學測國文,--,--,公社學業,--,--,國語文學業,--,--,學測英文,--,--
第一至七類學群,035,臺北市立大學,03518,休閒運動管理學系,,外加,2,0,後標,9級分,--,--,--,--,--,--,後標,8級分,--,--,--,,,,,,,,,,,,,,,,0,--,在校學業,--,--,學測國社,--,--,學測社會,--,--,學測國文,--,--,公社學業,--,--,國語文學業,--,--,學測英文,--,--
第一至七類學群,035,臺北市立大學,03519,運動健康科學系,,一般,13,13,--,--,後標,4級分,--,--,--,--,--,--,--,--,--,,,,,,,,,,,,,,,,13,--,在校學業,22%,--,學測國英自,--,--,學測英文,--,--,學測自然,--,--,學測國文,--,--,生物學業,--,--,英語文學業,--,--
第一至七類學群,035,臺北市立大學,03519,運動健康科學系,,外加,2,0,--,--,後標,4級分,--,--,--,--,--,--,--,--,--,,,,,,,,,,,,,,,,0,--,在校學業,--,--,學測國英自,--,--,學測英文,--,--,學測自然,--,--,學測國文,--,--,生物學業,--,--,英語文學業,--,--
第一至七類學群,035,臺北市立大學,03520,衛生福利學系,,一般,6,6,--,--,均標,8級分,均標,6級分,--,--,--,--,--,--,--,,,,,,,,,,,,,,,,1,5,在校學業,48%,27%,學測英文,--,--,學測數A,--,--,國語文學業,--,--,數學學業,--,--,生物學業,--,--,公社學業,--,--
第一至七類學群,035,臺北市立大學,03520,衛生福利學系,,外加,1,0,--,--,均標,8級分,均標,6級分,--,--,--,--,--,--,--,,,,,,,,,,,,,,,,0,--,在校學業,--,--,學測英文,--,--,學測數A,--,--,國語文學業,--,--,數學學業,--,--,生物學業,--,--,公社學業,--,--
第一至七類學群,036,國立屏東大學,03601,教育學系,,一般,15,15,均標,10級分,均標,8級分,--,--,後標,4級分,--,--,--,--,--,,,,,,,,,,,,,,,,14,1,在校學業,40%,15%,學測英文,--,--,學測國文,--,--,學測數B,--,--,英語文學業,--,--,國語文學業,--,--,數學學業,--,--
第一至七類學群,036,國立屏東大學,03602,幼兒教育學系,,一般,32,26,均標,10級分,--,--,--,--,--,--,--,--,--,--,--,,,,,,,,,,,,,,,,15,11,在校學業,35%,40%,學測國文,--,--,學測英文,--,--,學測社會,--,--,國語文學業,--,--,公社學業,--,--,生活科技學業,--,--
第一至七類學群,036,國立屏東大學,03602,幼兒教育學系,,外加,5,0,均標,10級分,--,--,--,--,--,--,--,--,--,--,--,,,,,,,,,,,,,,,,0,--,在校學業,--,--,學測國文,--,--,學測英文,--,--,學測社會,--,--,國語文學業,--,--,公社學業,--,--,生活科技學業,--,--
第一至七類學群,036,國立屏東大學,03603,特殊教育學系,,一般,6,6,後標,9級分,--,--,--,--,--,--,--,--,--,--,--,,,,,,,,,,,,,,,,6,--,在校學業,15%,--,學測國文,--,--,學測英文,--,--,學測國英,--,--,學測社會,--,--,國語文學業,--,--,英語文學業,--,--
第一至七類學群,036,國立屏東大學,03603,特殊教育學系,,外加,2,0,後標,9級分,--,--,--,--,--,--,--,--,--,--,--,,,,,,,,,,,,,,,,0,--,在校學業,--,--,學測國文,--,--,學測英文,--,--,學測國英,--,--,學測社會,--,--,國語文學業,--,--,英語文學業,--,--
第一至七類學群,036,國立屏東大學,03604,教育心理與輔導學系,,一般,12,12,均標,10級分,均標,8級分,--,--,後標,4級分,--,--,--,--,--,,,,,,,,,,,,,,,,12,--,在校學業,36%,--,學測國英數B社,--,--,學測國文,--,--,學測英文,--,--,學測數B,--,--,學測社會,--,--,數學學業,--,--
第一至七類學群,036,國立屏東大學,03604,教育心理與輔導學系,,外加,2,1,均標,10級分,均標,8級分,--,--,後標,4級分,--,--,--,--,--,,,,,,,,,,,,,,,,1,--,在校學業,33%,--,學測國英數B社,--,--,學測國文,--,--,學測英文,--,--,學測數B,--,--,學測社會,--,--,數學學業,--,--
第一至七類學群,036,國立屏東大學,03605,中國語文學系,,一般,14,14,均標,10級分,--,--,--,--,--,--,--,--,--,--,--,,,,,,,,,,,,,,,,6,8,在校學業,37%,38%,學測國文,--,--,學測社會,--,--,學測英文,--,--,國語文學業,--,--,公社學業,--,--,英語文學業,--,--
第一至七類學群,036,國立屏東大學,03605,中國語文學系,,外加,2,1,均標,10級分,--,--,--,--,--,--,--,--,--,--,--,,,,,,,,,,,,,,,,1,--,在校學業,15%,--,學測國文,--,--,學測社會,--,--,學測英文,--,--,國語文學業,--,--,公社學業,--,--,英語文學業,--,--
第一至七類學群,036,國立屏東大學,03606,文化創意產業學系,,一般,11,8,均標,10級分,後標,4級分,--,--,--,--,均標,10級分,--,--,C級,,,,,,,,,,,,,,,,3,5,在校學業,33%,27%,學測國文,--,--,學測社會,--,--,學測英文,--,--,國語文學業,--,--,英語文學業,--,--,學測國社,--,--
第一至七類學群,036,國立屏東大學,03606,文化創意產業學系,,外加,2,0,均標,10級分,後標,4級分,--,--,--,--,均標,10級分,--,--,C級,,,,,,,,,,,,,,,,0,--,在校學業,--,--,學測國文,--,--,學測社會,--,--,學測英文,--,--,國語文學業,--,--,英語文學業,--,--,學測國社,--,--
第一至七類學群,036,國立屏東大學,03607,社會發展學系,,一般,14,14,--,--,--,--,--,--,--,--,均標,10級分,--,--,--,,,,,,,,,,,,,,,,14,--,在校學業,33%,--,學測社會,--,--,學測國英社,--,--,公社學業,--,--,學測國文,--,--,學測英文,--,--,國語文學業,--,--
第一至七類學群,036,國立屏東大學,03607,社會發展學系,,外加,2,2,--,--,--,--,--,--,--,--,均標,10級分,--,--,--,,,,,,,,,,,,,,,,2,--,在校學業,32%,--,學測社會,--,--,學測國英社,--,--,公社學業,--,--,學測國文,--,--,學測英文,--,--,國語文學業,--,--
第一至七類學群,036,國立屏東大學,03608,英語學系,,一般,11,11,--,--,均標,8級分,--,--,--,--,--,--,--,--,--,,,,,,,,,,,,,,,,6,5,在校學業,31%,18%,學測英文,--,--,英語文學業,--,--,學測國文,--,--,國語文學業,--,--,學測社會,--,--,歷史學業,--,--
第一至七類學群,036,國立屏東大學,03608,英語學系,,外加,1,0,--,--,均標,8級分,--,--,--,--,--,--,--,--,--,,,,,,,,,,,,,,,,0,--,在校學業,--,--,學測英文,--,--,英語文學業,--,--,學測國文,--,--,國語文學業,--,--,學測社會,--,--,歷史學業,--,--
第一至七類學群,036,國立屏東大學,03609,應用英語學系,,一般,1,1,--,--,均標,8級分,--,--,--,--,--,--,--,--,--,,,,,,,,,,,,,,,,1,--,在校學業,15%,--,學測英文,--,--,英語文學業,--,--,學測國文,--,--,國語文學業,--,--,學測社會,--,--,公社學業,--,--
第一至七類學群,036,國立屏東大學,03609,應用英語學系,,外加,2,0,--,--,均標,8級分,--,--,--,--,--,--,--,--,--,,,,,,,,,,,,,,,,0,--,在校學業,--,--,學測英文,--,--,英語文學業,--,--,學測國文,--,--,國語文學業,--,--,學測社會,--,--,公社學業,--,--
第一至七類學群,036,國立屏東大學,03610,應用日語學系,,一般,2,2,均標,10級分,--,--,--,--,--,--,--,--,--,--,--,,,,,,,,,,,,,,,,2,--,在校學業,14%,--,學測英文,--,--,學測國文,--,--,學測社會,--,--,英語文學業,--,--,國語文學業,--,--,公社學業,--,--
第一至七類學群,036,國立屏東大學,03610,應用日語學系,,外加,2,0,均標,10級分,--,--,--,--,--,--,--,--,--,--,--,,,,,,,,,,,,,,,,0,--,在校學業,--,--,學測英文,--,--,學測國文,--,--,學測社會,--,--,英語文學業,--,--,國語文學業,--,--,公社學業,--,--
第一至七類學群,036,國立屏東大學,03611,視覺藝術學系數位媒體設計組,,一般,8,8,均標,10級分,--,--,--,--,--,--,--,--,--,--,--,,,,,,,,,,,,,,,,8,--,在校學業,22%,--,學測國文,--,--,國語文學業,--,--,學測英文,--,--,學測社會,--,--,英語文學業,--,--,公社學業,--,--
第一至七類學群,036,國立屏東大學,03611,視覺藝術學系數位媒體設計組,,外加,1,0,均標,10級分,--,--,--,--,--,--,--,--,--,--,--,,,,,,,,,,,,,,,,0,--,在校學業,--,--,學測國文,--,--,國語文學業,--,--,學測英文,--,--,學測社會,--,--,英語文學業,--,--,公社學業,--,--
第一至七類學群,036,國立屏東大學,03612,商業大數據學系,,一般,10,10,--,--,後標,4級分,--,--,--,--,--,--,--,--,--,,,,,,,,,,,,,,,,10,--,在校學業,20%,--,學測英文,8,--,學測數B,--,--,學測國英數B社,--,--,英語文學業,--,--,數學學業,--,--,國語文學業,--,--
第一至七類學群,036,國立屏東大學,03612,商業大數據學系,,外加,3,0,--,--,後標,4級分,--,--,--,--,--,--,--,--,--,,,,,,,,,,,,,,,,0,--,在校學業,--,--,學測英文,--,--,學測數B,--,--,學測國英數B社,--,--,英語文學業,--,--,數學學業,--,--,國語文學業,--,--
第一至七類學群,036,國立屏東大學,03613,行銷與流通管理學系,,一般,2,2,--,--,底標,3級分,--,--,--,--,--,--,--,--,--,,,,,,,,,,,,,,,,2,--,在校學業,8%,--,學測英文,--,--,學測數B,--,--,學測英數B,--,--,英語文學業,--,--,數學學業,--,--,國語文學業,--,--
第一至七類學群,036,國立屏東大學,03614,不動產經營學系,,一般,3,3,後標,9級分,--,--,--,--,--,--,後標,8級分,--,--,--,,,,,,,,,,,,,,,,3,--,在校學業,18%,--,學測國文,--,--,學測社會,--,--,國語文學業,--,--,公社學業,--,--,地理學業,--,--,歷史學業,--,--
第一至七類學群,036,國立屏東大學,03614,不動產經營學系,,外加,4,0,後標,9級分,--,--,--,--,--,--,後標,8級分,--,--,--,,,,,,,,,,,,,,,,0,--,在校學業,--,--,學測國文,--,--,學測社會,--,--,國語文學業,--,--,公社學業,--,--,地理學業,--,--,歷史學業,--,--
第一至七類學群,036,國立屏東大學,03615,企業管理學系,,一般,1,1,--,--,後標,4級分,--,--,--,--,--,--,--,--,--,,,,,,,,,,,,,,,,1,--,在校學業,3%,--,學測英文,--,--,學測國文,--,--,學測數B,--,--,學測社會,--,--,學測國英數B社,--,--,公社學業,--,--
第一至七類學群,036,國立屏東大學,03615,企業管理學系,,外加,2,0,--,--,後標,4級分,--,--,--,--,--,--,--,--,--,,,,,,,,,,,,,,,,0,--,在校學業,--,--,學測英文,--,--,學測國文,--,--,學測數B,--,--,學測社會,--,--,學測國英數B社,--,--,公社學業,--,--
第一至七類學群,036,國立屏東大學,03616,國際經營與貿易學系,,一般,2,2,--,--,底標,3級分,--,--,--,--,--,--,--,--,--,,,,,,,,,,,,,,,,2,--,在校學業,6%,--,學測英文,--,--,學測國文,--,--,學測數B,--,--,學測社會,--,--,學測國英數B社,--,--,公社學業,--,--
第一至七類學群,036,國立屏東大學,03616,國際經營與貿易學系,,外加,2,1,--,--,底標,3級分,--,--,--,--,--,--,--,--,--,,,,,,,,,,,,,,,,1,--,在校學業,5%,--,學測英文,--,--,學測國文,--,--,學測數B,--,--,學測社會,--,--,學測國英數B社,--,--,公社學業,--,--
第一至七類學群,036,國立屏東大學,03617,應用化學系,,一般,7,7,後標,9級分,--,--,後標,4級分,--,--,--,--,均標,9級分,--,,,,,,,,,,,,,,,,2,5,在校學業,22%,34%,學測自然,--,--,化學學業,--,--,學測英文,--,--,英語文學業,--,--,生物學業,--,--,學測數A,--,--
第一至七類學群,036,國立屏東大學,03617,應用化學系,,外加,3,0,後標,9級分,--,--,後標,4級分,--,--,--,--,均標,9級分,--,,,,,,,,,,,,,,,,0,--,在校學業,--,--,學測自然,--,--,化學學業,--,--,學測英文,--,--,英語文學業,--,--,生物學業,--,--,學測數A,--,--
第一至七類學群,036,國立屏東大學,03618,應用數學系,,一般,7,7,--,--,--,--,均標,6級分,--,--,--,--,--,--,--,,,,,,,,,,,,,,,,5,2,在校學業,37%,16%,學測數A,--,--,數學學業,--,--,學測英文,--,--,學測自然,--,--,學測國文,--,--,英語文學業,--,--
第一至七類學群,036,國立屏東大學,03618,應用數學系,,外加,2,0,--,--,--,--,均標,6級分,--,--,--,--,--,--,--,,,,,,,,,,,,,,,,0,--,在校學業,--,--,學測數A,--,--,數學學業,--,--,學測英文,--,--,學測自然,--,--,學測國文,--,--,英語文學業,--,--
第一至七類學群,036,國立屏東大學,03619,應用物理系半導體組,,一般,9,9,--,--,--,--,底標,3級分,--,--,--,--,底標,5級分,--,,,,,,,,,,,,,,,,6,3,在校學業,27%,21%,學測自然,--,--,學測數A,--,--,物理學業,--,--,數學學業,--,--,化學學業,--,--,英語文學業,--,--
第一至七類學群,036,國立屏東大學,03619,應用物理系半導體組,,外加,2,0,--,--,--,--,底標,3級分,--,--,--,--,底標,5級分,--,,,,,,,,,,,,,,,,0,--,在校學業,--,--,學測自然,--,--,學測數A,--,--,物理學業,--,--,數學學業,--,--,化學學業,--,--,英語文學業,--,--
第一至七類學群,036,國立屏東大學,03620,應用物理系光電暨材料組,,一般,9,9,--,--,--,--,底標,3級分,--,--,--,--,後標,7級分,--,,,,,,,,,,,,,,,,2,7,在校學業,34%,31%,學測自然,--,--,學測數A,--,--,物理學業,--,--,數學學業,--,--,化學學業,--,--,英語文學業,--,--
第一至七類學群,036,國立屏東大學,03620,應用物理系光電暨材料組,,外加,2,0,--,--,--,--,底標,3級分,--,--,--,--,後標,7級分,--,,,,,,,,,,,,,,,,0,--,在校學業,--,--,學測自然,--,--,學測數A,--,--,物理學業,--,--,數學學業,--,--,化學學業,--,--,英語文學業,--,--
第一至七類學群,036,國立屏東大學,03621,科學傳播學系,,一般,6,6,底標,7級分,底標,3級分,--,--,--,--,--,--,底標,5級分,C級,,,,,,,,,,,,,,,,3,3,在校學業,37%,29%,學測英自,--,--,學測自然,--,--,學測英文,--,--,學測國文,--,--,生物學業,--,--,物理學業,--,--
第一至七類學群,036,國立屏東大學,03622,電腦科學與人工智慧學系,,一般,8,8,--,--,--,--,後標,4級分,--,--,--,--,--,--,--,,,,,,,,,,,,,,,,8,--,在校學業,36%,--,學測數A,--,--,數學學業,--,--,學測英文,--,--,英語文學業,--,--,學測英數A,--,--,學測自然,--,--
第一至七類學群,036,國立屏東大學,03623,智慧機器人學系,,一般,2,2,--,--,--,--,後標,4級分,--,--,--,--,--,--,--,,,,,,,,,,,,,,,,1,1,在校學業,20%,11%,學測數A,--,--,學測自然,--,--,學測英文,--,--,數學學業,--,--,物理學業,--,--,英語文學業,--,--
第一至七類學群,036,國立屏東大學,03624,電腦與通訊學系,,一般,3,3,--,--,--,--,後標,4級分,--,--,--,--,--,--,--,,,,,,,,,,,,,,,,3,--,在校學業,13%,--,學測數A,--,--,學測英文,--,--,學測英數A,--,--,數學學業,--,--,英語文學業,--,--,學測自然,--,--
第一至七類學群,036,國立屏東大學,03624,電腦與通訊學系,,外加,5,0,--,--,--,--,後標,4級分,--,--,--,--,--,--,--,,,,,,,,,,,,,,,,0,--,在校學業,--,--,學測數A,--,--,學測英文,--,--,學測英數A,--,--,數學學業,--,--,英語文學業,--,--,學測自然,--,--
第一至七類學群,036,國立屏東大學,03625,資訊工程學系,,一般,5,5,--,--,--,--,後標,4級分,--,--,--,--,--,--,--,,,,,,,,,,,,,,,,5,--,在校學業,11%,--,學測數A,--,--,學測英文,--,--,學測英數A,--,--,數學學業,--,--,英語文學業,--,--,學測自然,--,--
第一至七類學群,036,國立屏東大學,03625,資訊工程學系,,外加,1,0,--,--,--,--,後標,4級分,--,--,--,--,--,--,--,,,,,,,,,,,,,,,,0,--,在校學業,--,--,學測數A,--,--,學測英文,--,--,學測英數A,--,--,數學學業,--,--,英語文學業,--,--,學測自然,--,--
第一至七類學群,036,國立屏東大學,03626,視覺藝術學系美術組,,一般,4,1,--,--,--,--,--,--,--,--,--,--,--,--,--,素描,均標,63分,彩繪技法,--,--,創意表現,--,--,水墨書畫,--,--,美術鑑賞,--,--,1,--,在校學業,39%,--,術科素描,--,--,術科彩繪技法,--,--,術科創意表現,--,--,學測國文,--,--,學測英文,--,--,美術學業,--,--
第一至七類學群,036,國立屏東大學,03626,視覺藝術學系美術組,,外加,1,0,--,--,--,--,--,--,--,--,--,--,--,--,--,素描,均標,63分,彩繪技法,--,--,創意表現,--,--,水墨書畫,--,--,美術鑑賞,--,--,0,--,在校學業,--,--,術科素描,--,--,術科彩繪技法,--,--,術科創意表現,--,--,學測國文,--,--,學測英文,--,--,美術學業,--,--
第一至七類學群,038,國立臺東大學,03801,全校不分系學士學位學程,,一般,3,3,底標,7級分,--,--,--,--,--,--,--,--,--,--,--,,,,,,,,,,,,,,,,3,--,在校學業,28%,--,學測國文,--,--,學測英文,--,--,學測國英,--,--,國語文學業,--,--,英語文學業,--,--,公社學業,--,--
第一至七類學群,038,國立臺東大學,03801,全校不分系學士學位學程,,外加,1,0,底標,7級分,--,--,--,--,--,--,--,--,--,--,--,,,,,,,,,,,,,,,,0,--,在校學業,--,--,學測國文,--,--,學測英文,--,--,學測國英,--,--,國語文學業,--,--,英語文學業,--,--,公社學業,--,--
第一至七類學群,038,國立臺東大學,03802,教育學系,,一般,8,8,後標,9級分,--,--,--,--,--,--,--,--,--,--,--,,,,,,,,,,,,,,,,8,--,在校學業,21%,--,學測國文,--,--,國語文學業,--,--,數學學業,--,--,公社學業,--,--,歷史學業,--,--,學測社會,--,--
第一至七類學群,038,國立臺東大學,03803,文化資源與休閒產業學系,,一般,8,8,後標,9級分,--,--,--,--,--,--,--,--,--,--,--,,,,,,,,,,,,,,,,6,2,在校學業,48%,29%,學測國文,--,--,國語文學業,--,--,公社學業,--,--,歷史學業,--,--,地理學業,--,--,英語文學業,--,--
第一至七類學群,038,國立臺東大學,03804,幼兒教育學系,,一般,6,6,均標,10級分,--,--,--,--,--,--,--,--,--,--,--,,,,,,,,,,,,,,,,6,--,在校學業,45%,--,學測國英,--,--,學測國文,--,--,學測英文,--,--,英語文學業,--,--,國語文學業,--,--,學測社會,--,--
第一至七類學群,038,國立臺東大學,03804,幼兒教育學系,,外加,2,0,均標,10級分,--,--,--,--,--,--,--,--,--,--,--,,,,,,,,,,,,,,,,0,--,在校學業,--,--,學測國英,--,--,學測國文,--,--,學測英文,--,--,英語文學業,--,--,國語文學業,--,--,學測社會,--,--
第一至七類學群,038,國立臺東大學,03805,特殊教育學系,,一般,8,8,後標,9級分,--,--,--,--,--,--,--,--,--,--,--,,,,,,,,,,,,,,,,8,--,在校學業,34%,--,學測國文,--,--,學測國英,--,--,學測英文,--,--,英語文學業,--,--,國語文學業,--,--,數學學業,--,--
第一至七類學群,038,國立臺東大學,03806,數位媒體與文教產業學系,,一般,4,4,後標,9級分,--,--,--,--,--,--,--,--,--,--,--,,,,,,,,,,,,,,,,4,--,在校學業,33%,--,學測國文,--,--,學測社會,--,--,公社學業,--,--,數學學業,--,--,歷史學業,--,--,國語文學業,--,--
第一至七類學群,038,國立臺東大學,03807,英美語文學系,,一般,12,12,--,--,後標,4級分,--,--,--,--,--,--,--,--,--,,,,,,,,,,,,,,,,9,3,在校學業,45%,33%,學測英文,--,--,英語文學業,--,--,學測國英,--,--,學測國文,--,--,國語文學業,--,--,公社學業,--,--
第一至七類學群,038,國立臺東大學,03807,英美語文學系,,外加,1,1,--,--,後標,4級分,--,--,--,--,--,--,--,--,--,,,,,,,,,,,,,,,,1,--,在校學業,21%,--,學測英文,--,--,英語文學業,--,--,學測國英,--,--,學測國文,--,--,國語文學業,--,--,公社學業,--,--
第一至七類學群,038,國立臺東大學,03808,華語文學系,,一般,11,11,後標,9級分,--,--,--,--,--,--,--,--,--,--,--,,,,,,,,,,,,,,,,9,2,在校學業,46%,17%,學測國文,--,--,國語文學業,--,--,學測社會,--,--,公社學業,--,--,歷史學業,--,--,學測英文,--,--
第一至七類學群,038,國立臺東大學,03808,華語文學系,,外加,1,0,後標,9級分,--,--,--,--,--,--,--,--,--,--,--,,,,,,,,,,,,,,,,0,--,在校學業,--,--,學測國文,--,--,國語文學業,--,--,學測社會,--,--,公社學業,--,--,歷史學業,--,--,學測英文,--,--
第一至七類學群,038,國立臺東大學,03809,公共與文化事務學系,,一般,13,13,--,--,--,--,--,--,--,--,均標,10級分,--,--,--,,,,,,,,,,,,,,,,13,--,在校學業,31%,--,學測社會,--,--,學測國文,--,--,公社學業,--,--,國語文學業,--,--,學測英文,--,--,英語文學業,--,--
第一至七類學群,038,國立臺東大學,03809,公共與文化事務學系,,外加,1,1,--,--,--,--,--,--,--,--,均標,10級分,--,--,--,,,,,,,,,,,,,,,,0,1,在校學業,--,48%,學測社會,--,--,學測國文,--,--,公社學業,--,--,國語文學業,--,--,學測英文,--,--,英語文學業,--,--
第一至七類學群,038,國立臺東大學,03810,應用數學系,,一般,13,6,--,--,--,--,後標,4級分,--,--,--,--,--,--,--,,,,,,,,,,,,,,,,4,2,在校學業,41%,42%,學測數A,--,--,學測自然,--,--,學測英文,--,--,數學學業,--,--,物理學業,--,--,英語文學業,--,--
第一至七類學群,038,國立臺東大學,03810,應用數學系,,外加,2,0,--,--,--,--,後標,4級分,--,--,--,--,--,--,--,,,,,,,,,,,,,,,,0,--,在校學業,--,--,學測數A,--,--,學測自然,--,--,學測英文,--,--,數學學業,--,--,物理學業,--,--,英語文學業,--,--
第一至七類學群,038,國立臺東大學,03811,資訊管理學系,,一般,13,13,--,--,底標,3級分,--,--,--,--,--,--,--,--,--,,,,,,,,,,,,,,,,11,2,在校學業,49%,37%,學測英文,--,--,學測數B,--,--,學測國文,--,--,英語文學業,--,--,數學學業,--,--,國語文學業,--,--
第一至七類學群,038,國立臺東大學,03811,資訊管理學系,,外加,2,0,--,--,底標,3級分,--,--,--,--,--,--,--,--,--,,,,,,,,,,,,,,,,0,--,在校學業,--,--,學測英文,--,--,學測數B,--,--,學測國文,--,--,英語文學業,--,--,數學學業,--,--,國語文學業,--,--
第一至七類學群,038,國立臺東大學,03812,應用科學系化學及奈米科學組,,一般,13,13,--,--,--,--,--,--,--,--,--,--,後標,7級分,--,,,,,,,,,,,,,,,,7,6,在校學業,48%,43%,學測自然,--,9,學測數A,--,--,學測國文,--,--,化學學業,--,--,數學學業,--,--,國語文學業,--,--
第一至七類學群,038,國立臺東大學,03812,應用科學系化學及奈米科學組,,外加,2,0,--,--,--,--,--,--,--,--,--,--,後標,7級分,--,,,,,,,,,,,,,,,,0,--,在校學業,--,--,學測自然,--,--,學測數A,--,--,學測國文,--,--,化學學業,--,--,數學學業,--,--,國語文學業,--,--
第一至七類學群,038,國立臺東大學,03813,應用科學系應用物理組,,一般,13,13,--,--,--,--,--,--,--,--,--,--,後標,7級分,--,,,,,,,,,,,,,,,,2,11,在校學業,39%,40%,學測自然,--,--,學測數A,--,--,物理學業,--,--,數學學業,--,--,學測英文,--,--,國語文學業,--,--
第一至七類學群,038,國立臺東大學,03813,應用科學系應用物理組,,外加,2,0,--,--,--,--,--,--,--,--,--,--,後標,7級分,--,,,,,,,,,,,,,,,,0,--,在校學業,--,--,學測自然,--,--,學測數A,--,--,物理學業,--,--,數學學業,--,--,學測英文,--,--,國語文學業,--,--
第一至七類學群,038,國立臺東大學,03814,資訊工程學系,,一般,30,30,--,--,--,--,底標,3級分,--,--,--,--,--,--,--,,,,,,,,,,,,,,,,29,1,在校學業,48%,16%,學測數A,--,--,數學學業,--,--,英語文學業,--,--,國語文學業,--,--,物理學業,--,--,化學學業,--,--
第一至七類學群,038,國立臺東大學,03814,資訊工程學系,,外加,5,0,--,--,--,--,底標,3級分,--,--,--,--,--,--,--,,,,,,,,,,,,,,,,0,--,在校學業,--,--,學測數A,--,--,數學學業,--,--,英語文學業,--,--,國語文學業,--,--,物理學業,--,--,化學學業,--,--
第一至七類學群,038,國立臺東大學,03815,綠能與資訊科技學系,,一般,10,10,--,--,--,--,--,--,--,--,--,--,底標,5級分,--,,,,,,,,,,,,,,,,8,2,在校學業,48%,29%,學測自然,--,--,物理學業,--,--,數學學業,--,--,學測英文,--,--,英語文學業,--,--,學測數B,--,--
第一至七類學群,038,國立臺東大學,03815,綠能與資訊科技學系,,外加,2,1,--,--,--,--,--,--,--,--,--,--,底標,5級分,--,,,,,,,,,,,,,,,,1,--,在校學業,49%,--,學測自然,--,--,物理學業,--,--,數學學業,--,--,學測英文,--,--,英語文學業,--,--,學測數B,--,--
第一至七類學群,038,國立臺東大學,03816,身心整合與運動休閒產業學系,,一般,2,2,底標,7級分,--,--,--,--,--,--,--,--,--,--,--,,,,,,,,,,,,,,,,2,--,在校學業,22%,--,學測國文,--,--,國語文學業,--,--,數學學業,--,--,公社學業,--,--,生活科技學業,--,--,資訊科技學業,--,--
第一至七類學群,038,國立臺東大學,03817,生命科學系,,一般,14,14,--,--,--,--,--,--,--,--,--,--,後標,7級分,--,,,,,,,,,,,,,,,,7,7,在校學業,49%,42%,學測自然,--,--,生物學業,--,--,化學學業,--,--,學測英文,--,--,數學學業,--,--,學測國文,--,--
第一至七類學群,038,國立臺東大學,03817,生命科學系,,外加,2,0,--,--,--,--,--,--,--,--,--,--,後標,7級分,--,,,,,,,,,,,,,,,,0,--,在校學業,--,--,學測自然,--,--,生物學業,--,--,化學學業,--,--,學測英文,--,--,數學學業,--,--,學測國文,--,--
第一至七類學群,038,國立臺東大學,03818,美術產業學系,,一般,1,1,底標,7級分,--,--,--,--,--,--,--,--,--,--,--,素描,均標,63分,彩繪技法,--,--,創意表現,--,--,水墨書畫,--,--,美術鑑賞,--,--,1,--,在校學業,42%,--,術科素描,--,--,美術學業,--,--,國語文學業,--,--,歷史學業,--,--,公社學業,--,--,地科學業,--,--
第一至七類學群,038,國立臺東大學,03819,體育學系,,一般,3,3,底標,7級分,--,--,--,--,--,--,--,--,--,--,--,體育(百分等級),--,--,,,,,,,,,,,,,3,--,在校學業,1%,--,學測國文,9,--,學測英文,4,--,國語文學業,--,--,英語文學業,--,--,體育學業,--,--,公社學業,--,--
第一至七類學群,039,國立體育大學,03901,休閒產業經營學系,,一般,13,13,後標,9級分,後標,4級分,底標,3級分,底標,3級分,--,--,--,--,--,,,,,,,,,,,,,,,,13,--,在校學業,41%,--,學測英文,--,--,學測國文,--,--,學測社會,--,--,英語文學業,--,--,數學學業,--,--,國語文學業,--,--
第一至七類學群,039,國立體育大學,03901,休閒產業經營學系,,外加,2,0,後標,9級分,後標,4級分,底標,3級分,底標,3級分,--,--,--,--,--,,,,,,,,,,,,,,,,0,--,在校學業,--,--,學測英文,--,--,學測國文,--,--,學測社會,--,--,英語文學業,--,--,數學學業,--,--,國語文學業,--,--
第一至七類學群,039,國立體育大學,03902,體育推廣學系,,一般,14,14,後標,9級分,--,--,底標,3級分,底標,3級分,--,--,--,--,--,,,,,,,,,,,,,,,,14,--,在校學業,50%,--,學測國文,11,--,學測英文,--,--,學測社會,--,--,國語文學業,--,--,英語文學業,--,--,數學學業,--,--
第一至七類學群,039,國立體育大學,03902,體育推廣學系,,外加,3,1,後標,9級分,--,--,底標,3級分,底標,3級分,--,--,--,--,--,,,,,,,,,,,,,,,,1,--,在校學業,43%,--,學測國文,--,--,學測英文,--,--,學測社會,--,--,國語文學業,--,--,英語文學業,--,--,數學學業,--,--
第一至七類學群,039,國立體育大學,03903,適應體育學系,,一般,12,12,--,--,底標,3級分,底標,3級分,底標,3級分,--,--,--,--,--,,,,,,,,,,,,,,,,12,--,在校學業,43%,--,學測國英,--,--,學測英文,--,--,學測國文,--,--,英語文學業,--,--,國語文學業,--,--,數學學業,--,--
第一至七類學群,039,國立體育大學,03903,適應體育學系,,外加,3,0,--,--,底標,3級分,底標,3級分,底標,3級分,--,--,--,--,--,,,,,,,,,,,,,,,,0,--,在校學業,--,--,學測國英,--,--,學測英文,--,--,學測國文,--,--,英語文學業,--,--,國語文學業,--,--,數學學業,--,--
第一至七類學群,039,國立體育大學,03904,運動保健學系,,一般,14,14,--,--,後標,4級分,底標,3級分,底標,3級分,--,--,--,--,--,,,,,,,,,,,,,,,,14,--,在校學業,17%,--,學測國英自,27,--,學測英文,--,--,學測自然,--,--,學測國文,--,--,英語文學業,--,--,國語文學業,--,--
第一至七類學群,039,國立體育大學,03904,運動保健學系,,外加,3,1,--,--,後標,4級分,底標,3級分,底標,3級分,--,--,--,--,--,,,,,,,,,,,,,,,,1,--,在校學業,34%,--,學測國英自,--,--,學測英文,--,--,學測自然,--,--,學測國文,--,--,英語文學業,--,--,國語文學業,--,--
第一至七類學群,040,元智大學,04001,管理學院學士班(主修：數位行銷與人力資源),,一般,14,14,--,--,--,--,--,--,--,--,後標,8級分,--,--,--,,,,,,,,,,,,,,,,4,10,在校學業,39%,30%,國語文學業,--,--,學測國文,--,--,英語文學業,--,--,學測英文,--,--,數學學業,--,--,學測數B,--,--
第一至七類學群,040,元智大學,04001,管理學院學士班(主修：數位行銷與人力資源),,外加,5,0,--,--,--,--,--,--,--,--,後標,8級分,--,--,--,,,,,,,,,,,,,,,,0,--,在校學業,--,--,國語文學業,--,--,學測國文,--,--,英語文學業,--,--,學測英文,--,--,數學學業,--,--,學測數B,--,--
第一至七類學群,040,元智大學,04002,管理學院學士班(主修：財務金融),,一般,15,15,--,--,--,--,--,--,後標,4級分,--,--,--,--,--,,,,,,,,,,,,,,,,12,3,在校學業,47%,9%,學測英文,--,--,學測數B,--,--,學測國文,--,--,英語文學業,--,--,數學學業,--,--,國語文學業,--,--
第一至七類學群,040,元智大學,04002,管理學院學士班(主修：財務金融),,外加,5,0,--,--,--,--,--,--,後標,4級分,--,--,--,--,--,,,,,,,,,,,,,,,,0,--,在校學業,--,--,學測英文,--,--,學測數B,--,--,學測國文,--,--,英語文學業,--,--,數學學業,--,--,國語文學業,--,--
第一至七類學群,040,元智大學,04003,管理學院學士班(主修：國際企業管理),,一般,14,14,--,--,後標,4級分,--,--,--,--,--,--,--,--,--,,,,,,,,,,,,,,,,6,8,在校學業,44%,16%,學測英文,--,--,英語文學業,--,--,學測國文,--,--,國語文學業,--,--,學測數B,--,--,數學學業,--,--
第一至七類學群,040,元智大學,04003,管理學院學士班(主修：國際企業管理),,外加,5,0,--,--,後標,4級分,--,--,--,--,--,--,--,--,--,,,,,,,,,,,,,,,,0,--,在校學業,--,--,學測英文,--,--,英語文學業,--,--,學測國文,--,--,國語文學業,--,--,學測數B,--,--,數學學業,--,--
第一至七類學群,040,元智大學,04004,管理學院學士班(主修：會計),,一般,9,9,--,--,--,--,--,--,--,--,後標,8級分,--,--,--,,,,,,,,,,,,,,,,6,3,在校學業,46%,20%,學測國文,--,11,國語文學業,--,16%,學測英文,--,--,英語文學業,--,--,學測數B,--,--,數學學業,--,--
第一至七類學群,040,元智大學,04004,管理學院學士班(主修：會計),,外加,5,0,--,--,--,--,--,--,--,--,後標,8級分,--,--,--,,,,,,,,,,,,,,,,0,--,在校學業,--,--,學測國文,--,--,國語文學業,--,--,學測英文,--,--,英語文學業,--,--,學測數B,--,--,數學學業,--,--
第一至七類學群,040,元智大學,04005,管理學院學士班(英語專班),,一般,6,6,--,--,後標,4級分,--,--,--,--,--,--,--,--,--,,,,,,,,,,,,,,,,0,6,在校學業,--,27%,學測英文,--,--,英語文學業,--,--,學測國文,--,--,學測數B,--,--,數學學業,--,--,學測社會,--,--
第一至七類學群,040,元智大學,04006,應用外語學系,,一般,6,6,--,--,後標,4級分,--,--,--,--,--,--,--,--,--,,,,,,,,,,,,,,,,4,2,在校學業,44%,24%,學測英文,--,9,學測國文,--,--,英語文學業,--,--,國語文學業,--,--,歷史學業,--,--,地理學業,--,--
第一至七類學群,040,元智大學,04006,應用外語學系,,外加,1,0,--,--,後標,4級分,--,--,--,--,--,--,--,--,--,,,,,,,,,,,,,,,,0,--,在校學業,--,--,學測英文,--,--,學測國文,--,--,英語文學業,--,--,國語文學業,--,--,歷史學業,--,--,地理學業,--,--
第一至七類學群,040,元智大學,04007,中國語文學系,,一般,8,8,後標,9級分,--,--,--,--,--,--,--,--,--,--,--,,,,,,,,,,,,,,,,2,6,在校學業,47%,39%,學測國文,--,--,學測社會,--,--,國語文學業,--,--,歷史學業,--,--,公社學業,--,--,學測英文,--,--
第一至七類學群,040,元智大學,04007,中國語文學系,,外加,2,0,後標,9級分,--,--,--,--,--,--,--,--,--,--,--,,,,,,,,,,,,,,,,0,--,在校學業,--,--,學測國文,--,--,學測社會,--,--,國語文學業,--,--,歷史學業,--,--,公社學業,--,--,學測英文,--,--
第一至七類學群,040,元智大學,04008,社會暨政策科學學系,,一般,8,8,--,--,--,--,--,--,--,--,後標,8級分,--,--,--,,,,,,,,,,,,,,,,1,7,在校學業,43%,38%,學測社會,--,--,國語文學業,--,--,公社學業,--,--,學測英文,--,--,學測數B,--,--,數學學業,--,--
第一至七類學群,040,元智大學,04008,社會暨政策科學學系,,外加,2,0,--,--,--,--,--,--,--,--,後標,8級分,--,--,--,,,,,,,,,,,,,,,,0,--,在校學業,--,--,學測社會,--,--,國語文學業,--,--,公社學業,--,--,學測英文,--,--,學測數B,--,--,數學學業,--,--
第一至七類學群,040,元智大學,04009,藝術與設計學系,,一般,7,7,後標,9級分,後標,4級分,--,--,--,--,--,--,--,--,--,,,,,,,,,,,,,,,,3,4,在校學業,41%,33%,數學學業,--,--,英語文學業,--,--,國語文學業,--,--,學測英文,--,--,學測國文,--,--,學測國英,--,--
第一至七類學群,040,元智大學,04009,藝術與設計學系,,外加,2,0,後標,9級分,後標,4級分,--,--,--,--,--,--,--,--,--,,,,,,,,,,,,,,,,0,--,在校學業,--,--,數學學業,--,--,英語文學業,--,--,國語文學業,--,--,學測英文,--,--,學測國文,--,--,學測國英,--,--
第一至七類學群,040,元智大學,04010,人文社會學院英語學士班,,一般,3,3,--,--,後標,4級分,--,--,--,--,--,--,--,--,--,,,,,,,,,,,,,,,,0,3,在校學業,--,31%,學測英文,--,--,英語文學業,--,--,學測國文,--,--,國語文學業,--,--,公社學業,--,--,歷史學業,--,--
第一至七類學群,040,元智大學,04011,資訊管理學系,,一般,20,20,--,--,後標,4級分,--,--,後標,4級分,--,--,--,--,--,,,,,,,,,,,,,,,,14,6,在校學業,49%,14%,學測英文,--,--,學測數B,--,--,學測國文,--,--,英語文學業,--,--,數學學業,--,--,國語文學業,--,--
第一至七類學群,040,元智大學,04011,資訊管理學系,,外加,2,0,--,--,後標,4級分,--,--,後標,4級分,--,--,--,--,--,,,,,,,,,,,,,,,,0,--,在校學業,--,--,學測英文,--,--,學測數B,--,--,學測國文,--,--,英語文學業,--,--,數學學業,--,--,國語文學業,--,--
第一至七類學群,040,元智大學,04012,資訊傳播學系(智慧科技應用組),,一般,8,8,--,--,--,--,--,--,後標,4級分,--,--,--,--,--,,,,,,,,,,,,,,,,2,6,在校學業,38%,25%,學測數B,--,9,學測英文,--,--,學測國文,--,--,數學學業,--,--,英語文學業,--,--,國語文學業,--,--
第一至七類學群,040,元智大學,04012,資訊傳播學系(智慧科技應用組),,外加,2,0,--,--,--,--,--,--,後標,4級分,--,--,--,--,--,,,,,,,,,,,,,,,,0,--,在校學業,--,--,學測數B,--,--,學測英文,--,--,學測國文,--,--,數學學業,--,--,英語文學業,--,--,國語文學業,--,--
第一至七類學群,040,元智大學,04013,資訊傳播學系(數位媒體設計組),,一般,9,9,後標,9級分,--,--,--,--,--,--,--,--,--,--,--,,,,,,,,,,,,,,,,9,--,在校學業,44%,--,學測國文,--,--,學測英文,--,--,學測數B,--,--,國語文學業,--,--,英語文學業,--,--,數學學業,--,--
第一至七類學群,040,元智大學,04013,資訊傳播學系(數位媒體設計組),,外加,2,0,後標,9級分,--,--,--,--,--,--,--,--,--,--,--,,,,,,,,,,,,,,,,0,--,在校學業,--,--,學測國文,--,--,學測英文,--,--,學測數B,--,--,國語文學業,--,--,英語文學業,--,--,數學學業,--,--
第一至七類學群,040,元智大學,04014,資訊工程學系,,一般,20,20,--,--,後標,4級分,--,--,--,--,--,--,--,--,--,,,,,,,,,,,,,,,,20,--,在校學業,11%,--,學測國英數A,29,--,學測數A,--,--,學測英文,--,--,學測國文,--,--,數學學業,--,--,英語文學業,--,--
第一至七類學群,040,元智大學,04014,資訊工程學系,,外加,3,1,--,--,後標,4級分,--,--,--,--,--,--,--,--,--,,,,,,,,,,,,,,,,1,--,在校學業,41%,--,學測國英數A,--,--,學測數A,--,--,學測英文,--,--,學測國文,--,--,數學學業,--,--,英語文學業,--,--
第一至七類學群,040,元智大學,04015,資訊學院英語學士班,,一般,4,4,--,--,均標,8級分,--,--,--,--,--,--,--,--,--,,,,,,,,,,,,,,,,4,--,在校學業,15%,--,學測國英數A,--,--,學測數A,--,--,學測英文,--,--,學測國文,--,--,數學學業,--,--,英語文學業,--,--
第一至七類學群,040,元智大學,04015,資訊學院英語學士班,,外加,1,0,--,--,均標,8級分,--,--,--,--,--,--,--,--,--,,,,,,,,,,,,,,,,0,--,在校學業,--,--,學測國英數A,--,--,學測數A,--,--,學測英文,--,--,學測國文,--,--,數學學業,--,--,英語文學業,--,--
第一至七類學群,040,元智大學,04016,機械工程學系,,一般,16,16,--,--,--,--,後標,4級分,--,--,--,--,--,--,--,,,,,,,,,,,,,,,,16,--,在校學業,21%,--,學測數A,--,--,學測英文,--,--,學測自然,--,--,數學學業,--,--,英語文學業,--,--,物理學業,--,--
第一至七類學群,040,元智大學,04016,機械工程學系,,外加,2,1,--,--,--,--,後標,4級分,--,--,--,--,--,--,--,,,,,,,,,,,,,,,,1,--,在校學業,33%,--,學測數A,--,--,學測英文,--,--,學測自然,--,--,數學學業,--,--,英語文學業,--,--,物理學業,--,--
第一至七類學群,040,元智大學,04017,化學工程與材料科學學系,,一般,17,17,--,--,後標,4級分,後標,4級分,--,--,--,--,後標,7級分,--,,,,,,,,,,,,,,,,17,--,在校學業,14%,--,學測自然,10,--,學測數A,--,--,物理學業,--,--,化學學業,--,--,數學學業,--,--,生物學業,--,--
第一至七類學群,040,元智大學,04017,化學工程與材料科學學系,,外加,3,2,--,--,後標,4級分,後標,4級分,--,--,--,--,後標,7級分,--,,,,,,,,,,,,,,,,2,--,在校學業,42%,--,學測自然,--,--,學測數A,--,--,物理學業,--,--,化學學業,--,--,數學學業,--,--,生物學業,--,--
第一至七類學群,040,元智大學,04018,工業工程與管理學系,,一般,19,19,--,--,--,--,後標,4級分,後標,4級分,--,--,--,--,--,,,,,,,,,,,,,,,,19,--,在校學業,30%,--,學測國英,--,--,學測英文,--,--,學測國文,--,--,數學學業,--,--,英語文學業,--,--,國語文學業,--,--
第一至七類學群,040,元智大學,04018,工業工程與管理學系,,外加,3,0,--,--,--,--,後標,4級分,後標,4級分,--,--,--,--,--,,,,,,,,,,,,,,,,0,--,在校學業,--,--,學測國英,--,--,學測英文,--,--,學測國文,--,--,數學學業,--,--,英語文學業,--,--,國語文學業,--,--
第一至七類學群,040,元智大學,04019,工程學院英語學士班,,一般,4,4,--,--,均標,8級分,--,--,--,--,--,--,--,--,--,,,,,,,,,,,,,,,,4,--,在校學業,29%,--,學測英文,--,--,學測數A,--,--,學測自然,--,--,學測國文,--,--,英語文學業,--,--,數學學業,--,--
第一至七類學群,040,元智大學,04019,工程學院英語學士班,,外加,2,0,--,--,均標,8級分,--,--,--,--,--,--,--,--,--,,,,,,,,,,,,,,,,0,--,在校學業,--,--,學測英文,--,--,學測數A,--,--,學測自然,--,--,學測國文,--,--,英語文學業,--,--,數學學業,--,--
第一至七類學群,040,元智大學,04020,電機工程學系(甲組),,一般,20,20,--,--,--,--,均標,6級分,--,--,--,--,--,--,--,,,,,,,,,,,,,,,,20,--,在校學業,9%,--,學測英數A自,32,--,學測數A,--,--,數學學業,--,--,學測自然,--,--,物理學業,--,--,學測英文,--,--
第一至七類學群,040,元智大學,04020,電機工程學系(甲組),,外加,3,1,--,--,--,--,均標,6級分,--,--,--,--,--,--,--,,,,,,,,,,,,,,,,1,--,在校學業,17%,--,學測英數A自,--,--,學測數A,--,--,數學學業,--,--,學測自然,--,--,物理學業,--,--,學測英文,--,--
第一至七類學群,040,元智大學,04021,電機工程學系(乙組),,一般,17,17,--,--,--,--,後標,4級分,--,--,--,--,--,--,--,,,,,,,,,,,,,,,,17,--,在校學業,12%,--,學測國英自,30,--,學測自然,--,--,學測國文,--,--,學測英文,--,--,物理學業,--,--,數學學業,--,--
第一至七類學群,040,元智大學,04021,電機工程學系(乙組),,外加,3,0,--,--,--,--,後標,4級分,--,--,--,--,--,--,--,,,,,,,,,,,,,,,,0,--,在校學業,--,--,學測國英自,--,--,學測自然,--,--,學測國文,--,--,學測英文,--,--,物理學業,--,--,數學學業,--,--
第一至七類學群,040,元智大學,04022,電機工程學系(丙組),,一般,10,10,--,--,--,--,--,--,--,--,--,--,均標,9級分,--,,,,,,,,,,,,,,,,10,--,在校學業,13%,--,學測國英數A自,36,--,學測數A,--,--,學測自然,--,--,物理學業,--,--,數學學業,--,--,學測英文,--,--
第一至七類學群,040,元智大學,04022,電機工程學系(丙組),,外加,3,0,--,--,--,--,--,--,--,--,--,--,均標,9級分,--,,,,,,,,,,,,,,,,0,--,在校學業,--,--,學測國英數A自,--,--,學測數A,--,--,學測自然,--,--,物理學業,--,--,數學學業,--,--,學測英文,--,--
第一至七類學群,040,元智大學,04023,電機通訊學院英語學士班,,一般,5,5,--,--,後標,4級分,--,--,--,--,--,--,--,--,--,,,,,,,,,,,,,,,,5,--,在校學業,21%,--,學測英自,18,--,數學學業,9%,--,學測數A,--,--,英語文學業,--,--,物理學業,--,--,學測自然,--,--
第一至七類學群,040,元智大學,04023,電機通訊學院英語學士班,,外加,1,0,--,--,後標,4級分,--,--,--,--,--,--,--,--,--,,,,,,,,,,,,,,,,0,--,在校學業,--,--,學測英自,--,--,數學學業,--,--,學測數A,--,--,英語文學業,--,--,物理學業,--,--,學測自然,--,--
第一至七類學群,040,元智大學,04024,護理學系,,一般,6,6,後標,9級分,後標,4級分,--,--,--,--,--,--,後標,7級分,--,,,,,,,,,,,,,,,,2,4,在校學業,29%,21%,學測國英,--,23,學測國文,--,--,學測英文,--,--,學測自然,--,--,生物學業,--,--,國語文學業,--,--
第一至七類學群,040,元智大學,04024,護理學系,,外加,1,0,後標,9級分,後標,4級分,--,--,--,--,--,--,後標,7級分,--,,,,,,,,,,,,,,,,0,--,在校學業,--,--,學測國英,--,--,學測國文,--,--,學測英文,--,--,學測自然,--,--,生物學業,--,--,國語文學業,--,--
第一至七類學群,041,國立中正大學,04101,中國文學系,,一般,12,12,前標,12級分,均標,8級分,--,--,--,--,均標,10級分,--,--,--,,,,,,,,,,,,,,,,3,9,在校學業,14%,18%,學測國文,--,--,國語文學業,--,--,學測英文,--,--,英語文學業,--,--,學測社會,--,--,歷史學業,--,--
第一至七類學群,041,國立中正大學,04101,中國文學系,,外加,2,0,前標,12級分,均標,8級分,--,--,--,--,均標,10級分,--,--,--,,,,,,,,,,,,,,,,0,--,在校學業,--,--,學測國文,--,--,國語文學業,--,--,學測英文,--,--,英語文學業,--,--,學測社會,--,--,歷史學業,--,--
第一至七類學群,041,國立中正大學,04102,外國語文學系,,一般,10,10,均標,10級分,前標,11級分,--,--,--,--,均標,10級分,--,--,--,,,,,,,,,,,,,,,,10,--,在校學業,7%,--,學測英文,12,--,學測國文,--,--,學測社會,--,--,學測國英社,--,--,英語文學業,--,--,國語文學業,--,--
第一至七類學群,041,國立中正大學,04102,外國語文學系,,外加,1,0,均標,10級分,前標,11級分,--,--,--,--,均標,10級分,--,--,--,,,,,,,,,,,,,,,,0,--,在校學業,--,--,學測英文,--,--,學測國文,--,--,學測社會,--,--,學測國英社,--,--,英語文學業,--,--,國語文學業,--,--
第一至七類學群,041,國立中正大學,04103,歷史學系,,一般,7,7,均標,10級分,均標,8級分,--,--,--,--,前標,12級分,--,--,--,,,,,,,,,,,,,,,,3,4,在校學業,14%,18%,學測國社,--,--,學測社會,--,--,學測國文,--,--,學測英文,--,--,歷史學業,--,--,國語文學業,--,--
第一至七類學群,041,國立中正大學,04103,歷史學系,,外加,2,1,均標,10級分,均標,8級分,--,--,--,--,前標,12級分,--,--,--,,,,,,,,,,,,,,,,1,--,在校學業,12%,--,學測國社,--,--,學測社會,--,--,學測國文,--,--,學測英文,--,--,歷史學業,--,--,國語文學業,--,--
第一至七類學群,041,國立中正大學,04104,哲學系,,一般,10,10,均標,10級分,均標,8級分,--,--,後標,4級分,--,--,--,--,--,,,,,,,,,,,,,,,,10,--,在校學業,26%,--,學測英文,--,--,學測數B,--,--,學測國文,--,--,英語文學業,--,--,數學學業,--,--,公社學業,--,--
第一至七類學群,041,國立中正大學,04104,哲學系,,外加,2,0,均標,10級分,均標,8級分,--,--,後標,4級分,--,--,--,--,--,,,,,,,,,,,,,,,,0,--,在校學業,--,--,學測英文,--,--,學測數B,--,--,學測國文,--,--,英語文學業,--,--,數學學業,--,--,公社學業,--,--
第一至七類學群,041,國立中正大學,04105,社會福利學系,,一般,6,6,均標,10級分,均標,8級分,--,--,均標,6級分,均標,10級分,--,--,--,,,,,,,,,,,,,,,,6,--,在校學業,30%,--,學測英文,--,--,學測數B,--,--,學測社會,--,--,學測國文,--,--,公社學業,--,--,英語文學業,--,--
第一至七類學群,041,國立中正大學,04105,社會福利學系,,外加,2,0,均標,10級分,均標,8級分,--,--,均標,6級分,均標,10級分,--,--,--,,,,,,,,,,,,,,,,0,--,在校學業,--,--,學測英文,--,--,學測數B,--,--,學測社會,--,--,學測國文,--,--,公社學業,--,--,英語文學業,--,--
第一至七類學群,041,國立中正大學,04106,勞工關係學系,,一般,12,12,均標,10級分,前標,11級分,--,--,均標,6級分,均標,10級分,--,--,--,,,,,,,,,,,,,,,,7,5,在校學業,10%,6%,學測英文,--,12,學測國文,--,13,學測社會,--,11,英語文學業,--,--,國語文學業,--,--,公社學業,--,--
第一至七類學群,041,國立中正大學,04107,政治學系,,一般,6,6,均標,10級分,前標,11級分,--,--,均標,6級分,前標,12級分,--,--,--,,,,,,,,,,,,,,,,4,2,在校學業,26%,4%,公社學業,--,--,學測英文,--,--,學測社會,--,--,學測數B,--,--,學測國文,--,--,學測國英數B社,--,--
第一至七類學群,041,國立中正大學,04107,政治學系,,外加,2,0,均標,10級分,前標,11級分,--,--,均標,6級分,前標,12級分,--,--,--,,,,,,,,,,,,,,,,0,--,在校學業,--,--,公社學業,--,--,學測英文,--,--,學測社會,--,--,學測數B,--,--,學測國文,--,--,學測國英數B社,--,--
第一至七類學群,041,國立中正大學,04108,傳播學系,,一般,5,5,均標,10級分,均標,8級分,--,--,--,--,均標,10級分,--,--,--,,,,,,,,,,,,,,,,5,--,在校學業,7%,--,學測國文,--,--,學測英文,--,--,學測社會,--,--,國語文學業,--,--,英語文學業,--,--,公社學業,--,--
第一至七類學群,041,國立中正大學,04108,傳播學系,,外加,2,0,均標,10級分,均標,8級分,--,--,--,--,均標,10級分,--,--,--,,,,,,,,,,,,,,,,0,--,在校學業,--,--,學測國文,--,--,學測英文,--,--,學測社會,--,--,國語文學業,--,--,英語文學業,--,--,公社學業,--,--
第一至七類學群,041,國立中正大學,04109,經濟學系,,一般,27,27,均標,10級分,均標,8級分,--,--,前標,10級分,--,--,--,--,--,,,,,,,,,,,,,,,,27,--,在校學業,22%,--,學測數B,--,--,學測英文,--,--,學測國文,--,--,數學學業,--,--,英語文學業,--,--,國語文學業,--,--
第一至七類學群,041,國立中正大學,04109,經濟學系,,外加,4,0,均標,10級分,均標,8級分,--,--,前標,10級分,--,--,--,--,--,,,,,,,,,,,,,,,,0,--,在校學業,--,--,學測數B,--,--,學測英文,--,--,學測國文,--,--,數學學業,--,--,英語文學業,--,--,國語文學業,--,--
第一至七類學群,041,國立中正大學,04110,財務金融學系,,一般,11,11,均標,10級分,前標,11級分,均標,6級分,前標,10級分,--,--,--,--,--,,,,,,,,,,,,,,,,11,--,在校學業,6%,--,學測國英,--,--,學測英文,--,--,英語文學業,--,--,數學學業,--,--,學測國文,--,--,國語文學業,--,--
第一至七類學群,041,國立中正大學,04110,財務金融學系,,外加,1,0,均標,10級分,前標,11級分,均標,6級分,前標,10級分,--,--,--,--,--,,,,,,,,,,,,,,,,0,--,在校學業,--,--,學測國英,--,--,學測英文,--,--,英語文學業,--,--,數學學業,--,--,學測國文,--,--,國語文學業,--,--
第一至七類學群,041,國立中正大學,04111,企業管理學系,,一般,13,13,均標,10級分,前標,11級分,--,--,前標,10級分,--,--,--,--,--,,,,,,,,,,,,,,,,11,2,在校學業,27%,7%,學測英文,--,11,英語文學業,--,7%,學測數B,--,--,數學學業,--,--,學測國文,--,--,國語文學業,--,--
第一至七類學群,041,國立中正大學,04112,會計與資訊科技學系,,一般,6,6,均標,10級分,前標,11級分,均標,6級分,前標,10級分,--,--,--,--,--,,,,,,,,,,,,,,,,6,--,在校學業,8%,--,學測英文,--,--,學測國英,--,--,英語文學業,--,--,數學學業,--,--,學測國文,--,--,國語文學業,--,--
第一至七類學群,041,國立中正大學,04113,法律學系法學組,,一般,10,10,頂標,13級分,前標,11級分,--,--,均標,6級分,前標,12級分,--,--,--,,,,,,,,,,,,,,,,10,--,在校學業,9%,--,學測國英數B社,--,--,學測英文,--,--,學測國文,--,--,學測社會,--,--,英語文學業,--,--,國語文學業,--,--
第一至七類學群,041,國立中正大學,04113,法律學系法學組,,外加,1,0,頂標,13級分,前標,11級分,--,--,均標,6級分,前標,12級分,--,--,--,,,,,,,,,,,,,,,,0,--,在校學業,--,--,學測國英數B社,--,--,學測英文,--,--,學測國文,--,--,學測社會,--,--,英語文學業,--,--,國語文學業,--,--
第一至七類學群,041,國立中正大學,04114,法律學系法制組,,一般,10,10,頂標,13級分,前標,11級分,--,--,均標,6級分,前標,12級分,--,--,--,,,,,,,,,,,,,,,,10,--,在校學業,18%,--,學測國英數B社,--,--,學測英文,--,--,學測國文,--,--,學測社會,--,--,英語文學業,--,--,國語文學業,--,--
第一至七類學群,041,國立中正大學,04114,法律學系法制組,,外加,1,0,頂標,13級分,前標,11級分,--,--,均標,6級分,前標,12級分,--,--,--,,,,,,,,,,,,,,,,0,--,在校學業,--,--,學測國英數B社,--,--,學測英文,--,--,學測國文,--,--,學測社會,--,--,英語文學業,--,--,國語文學業,--,--
第一至七類學群,041,國立中正大學,04115,財經法律學系,,一般,15,15,頂標,13級分,前標,11級分,--,--,均標,6級分,前標,12級分,--,--,B級,,,,,,,,,,,,,,,,13,2,在校學業,21%,4%,學測國英數B社,--,47,學測國文,--,--,學測英文,--,--,學測社會,--,--,國語文學業,--,--,英語文學業,--,--
第一至七類學群,041,國立中正大學,04115,財經法律學系,,外加,1,0,頂標,13級分,前標,11級分,--,--,均標,6級分,前標,12級分,--,--,B級,,,,,,,,,,,,,,,,0,--,在校學業,--,--,學測國英數B社,--,--,學測國文,--,--,學測英文,--,--,學測社會,--,--,國語文學業,--,--,英語文學業,--,--
第一至七類學群,041,國立中正大學,04116,成人及繼續教育學系,,一般,4,4,均標,10級分,均標,8級分,--,--,均標,6級分,均標,10級分,--,--,--,,,,,,,,,,,,,,,,3,1,在校學業,10%,7%,學測英文,--,--,學測國文,--,--,學測社會,--,--,英語文學業,--,--,學測數B,--,--,學測國英數B社,--,--
第一至七類學群,041,國立中正大學,04117,犯罪防治學系,,一般,2,2,前標,12級分,前標,11級分,--,--,均標,6級分,前標,12級分,--,--,--,,,,,,,,,,,,,,,,2,--,在校學業,3%,--,學測國英數B社,--,--,學測英文,--,--,學測國文,--,--,學測社會,--,--,公社學業,--,--,學測數B,--,--
第一至七類學群,041,國立中正大學,04118,數學系,,一般,8,6,--,--,均標,8級分,前標,9級分,--,--,--,--,前標,12級分,--,,,,,,,,,,,,,,,,0,6,在校學業,--,27%,學測數A,--,--,學測英文,--,--,學測自然,--,--,學測英數A自,--,--,數學學業,--,--,英語文學業,--,--
第一至七類學群,041,國立中正大學,04119,地球與環境科學系,,一般,7,7,均標,10級分,均標,8級分,均標,6級分,--,--,--,--,前標,12級分,--,,,,,,,,,,,,,,,,3,4,在校學業,10%,16%,學測數A,--,11,學測自然,--,--,學測英文,--,--,學測國英數A自,--,--,數學學業,--,--,地科學業,--,--
第一至七類學群,041,國立中正大學,04119,地球與環境科學系,,外加,1,0,均標,10級分,均標,8級分,均標,6級分,--,--,--,--,前標,12級分,--,,,,,,,,,,,,,,,,0,--,在校學業,--,--,學測數A,--,--,學測自然,--,--,學測英文,--,--,學測國英數A自,--,--,數學學業,--,--,地科學業,--,--
第一至七類學群,041,國立中正大學,04120,物理學系,,一般,3,3,--,--,均標,8級分,前標,9級分,--,--,--,--,前標,12級分,--,,,,,,,,,,,,,,,,2,1,在校學業,26%,10%,學測數A,--,--,學測自然,--,--,學測英文,--,--,數學學業,--,--,物理學業,--,--,英語文學業,--,--
第一至七類學群,041,國立中正大學,04121,化學暨生物化學系,,一般,18,18,均標,10級分,均標,8級分,前標,9級分,--,--,--,--,前標,12級分,--,,,,,,,,,,,,,,,,6,12,在校學業,20%,15%,學測自然,--,--,學測數A,--,--,學測英文,--,--,化學學業,--,--,物理學業,--,--,數學學業,--,--
第一至七類學群,041,國立中正大學,04121,化學暨生物化學系,,外加,2,0,均標,10級分,均標,8級分,前標,9級分,--,--,--,--,前標,12級分,--,,,,,,,,,,,,,,,,0,--,在校學業,--,--,學測自然,--,--,學測數A,--,--,學測英文,--,--,化學學業,--,--,物理學業,--,--,數學學業,--,--
第一至七類學群,041,國立中正大學,04122,資訊工程學系,,一般,6,6,--,--,前標,11級分,頂標,11級分,--,--,--,--,前標,12級分,--,,,,,,,,,,,,,,,,5,1,在校學業,13%,10%,學測英數A自,--,--,數學學業,--,--,物理學業,--,--,英語文學業,--,--,學測數A,--,--,學測自然,--,--
第一至七類學群,041,國立中正大學,04123,電機工程學系,,一般,9,9,均標,10級分,前標,11級分,頂標,11級分,--,--,--,--,前標,12級分,--,,,,,,,,,,,,,,,,9,--,在校學業,10%,--,學測數A,--,--,學測英文,--,--,學測自然,--,--,學測國文,--,--,英語文學業,--,--,數學學業,--,--
第一至七類學群,041,國立中正大學,04124,機械工程學系機械工程組,,一般,9,9,均標,10級分,均標,8級分,前標,9級分,--,--,--,--,前標,12級分,--,,,,,,,,,,,,,,,,9,--,在校學業,22%,--,學測數A,--,--,學測自然,--,--,學測英文,--,--,數學學業,--,--,物理學業,--,--,英語文學業,--,--
第一至七類學群,041,國立中正大學,04125,機械工程學系光機電整合工程組,,一般,4,4,均標,10級分,均標,8級分,前標,9級分,--,--,--,--,前標,12級分,--,,,,,,,,,,,,,,,,4,--,在校學業,12%,--,學測數A,--,--,學測自然,--,--,學測英文,--,--,數學學業,--,--,物理學業,--,--,英語文學業,--,--
第一至七類學群,041,國立中正大學,04126,化學工程學系,,一般,11,11,均標,10級分,前標,11級分,前標,9級分,--,--,--,--,前標,12級分,--,,,,,,,,,,,,,,,,11,--,在校學業,20%,--,學測國英數A自,--,--,學測數A,--,--,學測自然,--,--,學測英文,--,--,化學學業,--,--,物理學業,--,--
第一至七類學群,041,國立中正大學,04127,通訊工程學系,,一般,4,4,均標,10級分,前標,11級分,前標,9級分,--,--,--,--,前標,12級分,--,,,,,,,,,,,,,,,,4,--,在校學業,9%,--,學測數A,--,--,學測英文,--,--,學測自然,--,--,學測國文,--,--,英語文學業,--,--,數學學業,--,--
第一至七類學群,041,國立中正大學,04128,資訊管理學系,,一般,5,5,均標,10級分,前標,11級分,前標,9級分,--,--,--,--,--,--,--,,,,,,,,,,,,,,,,5,--,在校學業,7%,--,學測英文,--,--,學測數A,--,--,數學學業,--,--,英語文學業,--,--,學測自然,--,--,學測國文,--,--
第一至七類學群,041,國立中正大學,04128,資訊管理學系,,外加,1,0,均標,10級分,前標,11級分,前標,9級分,--,--,--,--,--,--,--,,,,,,,,,,,,,,,,0,--,在校學業,--,--,學測英文,--,--,學測數A,--,--,數學學業,--,--,英語文學業,--,--,學測自然,--,--,學測國文,--,--
第一至七類學群,041,國立中正大學,04129,生物醫學科學系,,一般,6,6,均標,10級分,前標,11級分,均標,6級分,--,--,--,--,前標,12級分,--,,,,,,,,,,,,,,,,2,4,在校學業,9%,14%,學測英文,--,--,學測自然,--,--,學測數A,--,--,生物學業,--,--,英語文學業,--,--,數學學業,--,--
第一至七類學群,041,國立中正大學,04129,生物醫學科學系,,外加,1,0,均標,10級分,前標,11級分,均標,6級分,--,--,--,--,前標,12級分,--,,,,,,,,,,,,,,,,0,--,在校學業,--,--,學測英文,--,--,學測自然,--,--,學測數A,--,--,生物學業,--,--,英語文學業,--,--,數學學業,--,--
第一至七類學群,041,國立中正大學,04130,心理學系,,一般,7,7,均標,10級分,均標,8級分,均標,6級分,--,--,--,--,均標,9級分,--,,,,,,,,,,,,,,,,7,--,在校學業,4%,--,學測英文,10,--,學測數A,--,--,學測自然,--,--,英語文學業,--,--,數學學業,--,--,生物學業,--,--
第一至七類學群,041,國立中正大學,04130,心理學系,,外加,2,0,均標,10級分,均標,8級分,均標,6級分,--,--,--,--,均標,9級分,--,,,,,,,,,,,,,,,,0,--,在校學業,--,--,學測英文,--,--,學測數A,--,--,學測自然,--,--,英語文學業,--,--,數學學業,--,--,生物學業,--,--
第一至七類學群,041,國立中正大學,04131,運動競技學系,,一般,2,2,底標,7級分,底標,3級分,--,--,--,--,--,--,--,--,--,體育(百分等級),--,--,,,,,,,,,,,,,2,--,在校學業,1%,--,體育學業,1%,--,學測英文,4,--,學測國文,11,--,英語文學業,--,--,國語文學業,--,--,公社學業,--,--
第一至七類學群,041,國立中正大學,04131,運動競技學系,,外加,1,1,底標,7級分,底標,3級分,--,--,--,--,--,--,--,--,--,體育(百分等級),--,--,,,,,,,,,,,,,1,--,在校學業,1%,--,體育學業,--,--,學測英文,--,--,學測國文,--,--,英語文學業,--,--,國語文學業,--,--,公社學業,--,--
第一至七類學群,042,大葉大學,04201,企業管理學系,,一般,2,1,--,--,--,--,--,--,--,--,底標,7級分,--,--,--,,,,,,,,,,,,,,,,1,--,在校學業,49%,--,學測國文,--,--,學測社會,--,--,學測國社,--,--,地理學業,--,--,公社學業,--,--,英語文學業,--,--
第一至七類學群,042,大葉大學,04201,企業管理學系,,外加,1,0,--,--,--,--,--,--,--,--,底標,7級分,--,--,--,,,,,,,,,,,,,,,,0,--,在校學業,--,--,學測國文,--,--,學測社會,--,--,學測國社,--,--,地理學業,--,--,公社學業,--,--,英語文學業,--,--
第一至七類學群,042,大葉大學,04202,會計與資訊管理學系(會計暨投資理財組),,一般,1,0,底標,7級分,--,--,--,--,--,--,--,--,--,--,--,,,,,,,,,,,,,,,,0,--,在校學業,--,--,學測國文,--,--,學測社會,--,--,學測國社,--,--,國語文學業,--,--,歷史學業,--,--,英語文學業,--,--
第一至七類學群,042,大葉大學,04203,財務金融學系,,一般,2,0,--,--,--,--,--,--,--,--,底標,7級分,--,--,--,,,,,,,,,,,,,,,,0,--,在校學業,--,--,學測國文,--,--,學測社會,--,--,學測國社,--,--,地理學業,--,--,公社學業,--,--,英語文學業,--,--
第一至七類學群,042,大葉大學,04203,財務金融學系,,外加,1,0,--,--,--,--,--,--,--,--,底標,7級分,--,--,--,,,,,,,,,,,,,,,,0,--,在校學業,--,--,學測國文,--,--,學測社會,--,--,學測國社,--,--,地理學業,--,--,公社學業,--,--,英語文學業,--,--
第一至七類學群,042,大葉大學,04204,財務金融學系(智慧投資組),,一般,1,0,底標,7級分,--,--,--,--,--,--,--,--,--,--,--,,,,,,,,,,,,,,,,0,--,在校學業,--,--,學測國文,--,--,學測社會,--,--,學測國社,--,--,地理學業,--,--,公社學業,--,--,英語文學業,--,--
第一至七類學群,042,大葉大學,04205,應用日語學系,,一般,1,1,--,--,--,--,--,--,--,--,底標,7級分,--,--,--,,,,,,,,,,,,,,,,1,--,在校學業,11%,--,學測社會,--,--,歷史學業,--,--,國語文學業,--,--,英語文學業,--,--,地理學業,--,--,公社學業,--,--
第一至七類學群,042,大葉大學,04205,應用日語學系,,外加,1,0,--,--,--,--,--,--,--,--,底標,7級分,--,--,--,,,,,,,,,,,,,,,,0,--,在校學業,--,--,學測社會,--,--,歷史學業,--,--,國語文學業,--,--,英語文學業,--,--,地理學業,--,--,公社學業,--,--
第一至七類學群,042,大葉大學,04206,應用日語學系(AI商務應用組),,一般,1,0,底標,7級分,--,--,--,--,--,--,--,--,--,--,--,,,,,,,,,,,,,,,,0,--,在校學業,--,--,學測國文,--,--,國語文學業,--,--,歷史學業,--,--,英語文學業,--,--,地理學業,--,--,公社學業,--,--
第一至七類學群,042,大葉大學,04206,應用日語學系(AI商務應用組),,外加,1,0,底標,7級分,--,--,--,--,--,--,--,--,--,--,--,,,,,,,,,,,,,,,,0,--,在校學業,--,--,學測國文,--,--,國語文學業,--,--,歷史學業,--,--,英語文學業,--,--,地理學業,--,--,公社學業,--,--
第一至七類學群,042,大葉大學,04207,觀光休閒學系,,一般,1,1,--,--,--,--,--,--,--,--,底標,7級分,--,--,--,,,,,,,,,,,,,,,,1,--,在校學業,36%,--,國語文學業,--,--,公社學業,--,--,歷史學業,--,--,地理學業,--,--,學測社會,--,--,學測國文,--,--
第一至七類學群,042,大葉大學,04207,觀光休閒學系,,外加,1,0,--,--,--,--,--,--,--,--,底標,7級分,--,--,--,,,,,,,,,,,,,,,,0,--,在校學業,--,--,國語文學業,--,--,公社學業,--,--,歷史學業,--,--,地理學業,--,--,學測社會,--,--,學測國文,--,--
第一至七類學群,042,大葉大學,04208,餐旅管理學系,,一般,2,2,底標,7級分,--,--,--,--,--,--,--,--,--,--,--,,,,,,,,,,,,,,,,1,1,在校學業,39%,27%,學測英文,--,--,學測國文,--,--,學測社會,--,--,資訊科技學業,--,--,生活科技學業,--,--,公社學業,--,--
第一至七類學群,042,大葉大學,04208,餐旅管理學系,,外加,1,0,底標,7級分,--,--,--,--,--,--,--,--,--,--,--,,,,,,,,,,,,,,,,0,--,在校學業,--,--,學測英文,--,--,學測國文,--,--,學測社會,--,--,資訊科技學業,--,--,生活科技學業,--,--,公社學業,--,--
第一至七類學群,042,大葉大學,04209,烘焙暨飲料調製學士學位學程,,一般,3,1,底標,7級分,--,--,--,--,--,--,--,--,--,--,--,,,,,,,,,,,,,,,,0,1,在校學業,--,50%,學測英文,--,--,學測國文,--,--,學測社會,--,--,資訊科技學業,--,--,生活科技學業,--,--,公社學業,--,--
第一至七類學群,042,大葉大學,04209,烘焙暨飲料調製學士學位學程,,外加,1,0,底標,7級分,--,--,--,--,--,--,--,--,--,--,--,,,,,,,,,,,,,,,,0,--,在校學業,--,--,學測英文,--,--,學測國文,--,--,學測社會,--,--,資訊科技學業,--,--,生活科技學業,--,--,公社學業,--,--
第一至七類學群,042,大葉大學,04210,設計學系,,一般,1,1,底標,7級分,--,--,--,--,--,--,--,--,--,--,--,,,,,,,,,,,,,,,,0,1,在校學業,--,37%,學測國文,--,--,公社學業,--,--,學測社會,--,--,學測國社,--,--,地理學業,--,--,英語文學業,--,--
第一至七類學群,042,大葉大學,04210,設計學系,,外加,1,0,底標,7級分,--,--,--,--,--,--,--,--,--,--,--,,,,,,,,,,,,,,,,0,--,在校學業,--,--,學測國文,--,--,公社學業,--,--,學測社會,--,--,學測國社,--,--,地理學業,--,--,英語文學業,--,--
第一至七類學群,042,大葉大學,04211,造形藝術學系,,一般,1,0,底標,7級分,--,--,--,--,--,--,--,--,--,--,--,,,,,,,,,,,,,,,,0,--,在校學業,--,--,學測國文,--,--,國語文學業,--,--,公社學業,--,--,歷史學業,--,--,英語文學業,--,--,地理學業,--,--
第一至七類學群,042,大葉大學,04211,造形藝術學系,,外加,1,0,底標,7級分,--,--,--,--,--,--,--,--,--,--,--,,,,,,,,,,,,,,,,0,--,在校學業,--,--,學測國文,--,--,國語文學業,--,--,公社學業,--,--,歷史學業,--,--,英語文學業,--,--,地理學業,--,--
第一至七類學群,042,大葉大學,04212,多媒體數位內容學士學位學程,,一般,1,1,底標,7級分,--,--,--,--,--,--,--,--,--,--,--,,,,,,,,,,,,,,,,1,--,在校學業,42%,--,學測國文,--,--,國語文學業,--,--,公社學業,--,--,地理學業,--,--,歷史學業,--,--,英語文學業,--,--
第一至七類學群,042,大葉大學,04212,多媒體數位內容學士學位學程,,外加,1,0,底標,7級分,--,--,--,--,--,--,--,--,--,--,--,,,,,,,,,,,,,,,,0,--,在校學業,--,--,學測國文,--,--,國語文學業,--,--,公社學業,--,--,地理學業,--,--,歷史學業,--,--,英語文學業,--,--
第一至七類學群,042,大葉大學,04213,空間設計學系室內設計組,,一般,1,0,底標,7級分,--,--,--,--,--,--,--,--,--,--,--,,,,,,,,,,,,,,,,0,--,在校學業,--,--,學測國文,--,--,國語文學業,--,--,歷史學業,--,--,地理學業,--,--,公社學業,--,--,英語文學業,--,--
第一至七類學群,042,大葉大學,04213,空間設計學系室內設計組,,外加,1,0,底標,7級分,--,--,--,--,--,--,--,--,--,--,--,,,,,,,,,,,,,,,,0,--,在校學業,--,--,學測國文,--,--,國語文學業,--,--,歷史學業,--,--,地理學業,--,--,公社學業,--,--,英語文學業,--,--
第一至七類學群,042,大葉大學,04214,機械與自動化工程學系,,一般,3,0,--,--,--,--,底標,3級分,--,--,--,--,--,--,--,,,,,,,,,,,,,,,,0,--,在校學業,--,--,學測數A,--,--,國語文學業,--,--,英語文學業,--,--,數學學業,--,--,物理學業,--,--,化學學業,--,--
第一至七類學群,042,大葉大學,04214,機械與自動化工程學系,,外加,1,0,--,--,--,--,底標,3級分,--,--,--,--,--,--,--,,,,,,,,,,,,,,,,0,--,在校學業,--,--,學測數A,--,--,國語文學業,--,--,英語文學業,--,--,數學學業,--,--,物理學業,--,--,化學學業,--,--
第一至七類學群,042,大葉大學,04215,電機工程學系(半導體與光電組),,一般,2,0,--,--,--,--,底標,3級分,--,--,--,--,--,--,--,,,,,,,,,,,,,,,,0,--,在校學業,--,--,學測數A,--,--,數學學業,--,--,物理學業,--,--,英語文學業,--,--,資訊科技學業,--,--,國語文學業,--,--
第一至七類學群,042,大葉大學,04215,電機工程學系(半導體與光電組),,外加,1,0,--,--,--,--,底標,3級分,--,--,--,--,--,--,--,,,,,,,,,,,,,,,,0,--,在校學業,--,--,學測數A,--,--,數學學業,--,--,物理學業,--,--,英語文學業,--,--,資訊科技學業,--,--,國語文學業,--,--
第一至七類學群,042,大葉大學,04216,電機工程學系(智慧系統組),,一般,2,1,--,--,--,--,底標,3級分,--,--,--,--,--,--,--,,,,,,,,,,,,,,,,1,--,在校學業,38%,--,學測數A,--,--,數學學業,--,--,物理學業,--,--,英語文學業,--,--,資訊科技學業,--,--,國語文學業,--,--
第一至七類學群,042,大葉大學,04217,半導體學士學位學程(半導體設備組),,一般,2,0,--,--,--,--,底標,3級分,--,--,--,--,--,--,--,,,,,,,,,,,,,,,,0,--,在校學業,--,--,學測數A,--,--,數學學業,--,--,物理學業,--,--,英語文學業,--,--,資訊科技學業,--,--,國語文學業,--,--
第一至七類學群,042,大葉大學,04217,半導體學士學位學程(半導體設備組),,外加,1,0,--,--,--,--,底標,3級分,--,--,--,--,--,--,--,,,,,,,,,,,,,,,,0,--,在校學業,--,--,學測數A,--,--,數學學業,--,--,物理學業,--,--,英語文學業,--,--,資訊科技學業,--,--,國語文學業,--,--
第一至七類學群,042,大葉大學,04218,半導體學士學位學程(半導體製程組),,一般,1,0,--,--,--,--,底標,3級分,--,--,--,--,--,--,--,,,,,,,,,,,,,,,,0,--,在校學業,--,--,學測數A,--,--,數學學業,--,--,物理學業,--,--,英語文學業,--,--,資訊科技學業,--,--,國語文學業,--,--
第一至七類學群,042,大葉大學,04219,環境與安全工程學系(永續環境組),,一般,2,0,底標,7級分,--,--,--,--,--,--,--,--,--,--,--,,,,,,,,,,,,,,,,0,--,在校學業,--,--,學測國文,--,--,國語文學業,--,--,英語文學業,--,--,數學學業,--,--,生活科技學業,--,--,資訊科技學業,--,--
第一至七類學群,042,大葉大學,04220,環境與安全工程學系(安全科技組),,一般,1,0,底標,7級分,--,--,--,--,--,--,--,--,--,--,--,,,,,,,,,,,,,,,,0,--,在校學業,--,--,學測國文,--,--,國語文學業,--,--,英語文學業,--,--,數學學業,--,--,生活科技學業,--,--,資訊科技學業,--,--
第一至七類學群,042,大葉大學,04220,環境與安全工程學系(安全科技組),,外加,1,0,底標,7級分,--,--,--,--,--,--,--,--,--,--,--,,,,,,,,,,,,,,,,0,--,在校學業,--,--,學測國文,--,--,國語文學業,--,--,英語文學業,--,--,數學學業,--,--,生活科技學業,--,--,資訊科技學業,--,--
第一至七類學群,042,大葉大學,04221,會計與資訊管理學系(人工智慧科技管理組),,一般,2,0,底標,7級分,--,--,--,--,--,--,--,--,--,--,--,,,,,,,,,,,,,,,,0,--,在校學業,--,--,學測國文,--,--,學測英文,--,--,學測國英,--,--,國語文學業,--,--,英語文學業,--,--,數學學業,--,--
第一至七類學群,042,大葉大學,04221,會計與資訊管理學系(人工智慧科技管理組),,外加,1,0,底標,7級分,--,--,--,--,--,--,--,--,--,--,--,,,,,,,,,,,,,,,,0,--,在校學業,--,--,學測國文,--,--,學測英文,--,--,學測國英,--,--,國語文學業,--,--,英語文學業,--,--,數學學業,--,--
第一至七類學群,042,大葉大學,04222,生物醫學系(檢驗醫學組),,一般,2,0,底標,7級分,--,--,--,--,--,--,--,--,--,--,--,,,,,,,,,,,,,,,,0,--,在校學業,--,--,學測國文,--,--,學測英文,--,--,學測國英,--,--,國語文學業,--,--,英語文學業,--,--,生物學業,--,--
第一至七類學群,042,大葉大學,04223,空間設計學系建築組,,一般,3,0,底標,7級分,--,--,--,--,--,--,--,--,--,--,--,,,,,,,,,,,,,,,,0,--,在校學業,--,--,學測國文,--,--,國語文學業,--,--,歷史學業,--,--,地理學業,--,--,公社學業,--,--,英語文學業,--,--
第一至七類學群,042,大葉大學,04223,空間設計學系建築組,,外加,1,0,底標,7級分,--,--,--,--,--,--,--,--,--,--,--,,,,,,,,,,,,,,,,0,--,在校學業,--,--,學測國文,--,--,國語文學業,--,--,歷史學業,--,--,地理學業,--,--,公社學業,--,--,英語文學業,--,--
第一至七類學群,042,大葉大學,04224,醫學工程學系,,一般,1,0,底標,7級分,--,--,--,--,--,--,--,--,--,--,--,,,,,,,,,,,,,,,,0,--,在校學業,--,--,學測國文,--,--,國語文學業,--,--,數學學業,--,--,英語文學業,--,--,化學學業,--,--,物理學業,--,--
第一至七類學群,042,大葉大學,04224,醫學工程學系,,外加,1,0,底標,7級分,--,--,--,--,--,--,--,--,--,--,--,,,,,,,,,,,,,,,,0,--,在校學業,--,--,學測國文,--,--,國語文學業,--,--,數學學業,--,--,英語文學業,--,--,化學學業,--,--,物理學業,--,--
第一至七類學群,042,大葉大學,04225,醫學工程學系(智慧醫療組),,一般,1,0,--,--,底標,3級分,--,--,--,--,--,--,--,--,--,,,,,,,,,,,,,,,,0,--,在校學業,--,--,學測英文,--,--,英語文學業,--,--,數學學業,--,--,國語文學業,--,--,化學學業,--,--,物理學業,--,--
第一至七類學群,042,大葉大學,04226,資訊工程學系,,一般,4,2,--,--,底標,3級分,--,--,--,--,--,--,--,--,--,,,,,,,,,,,,,,,,0,2,在校學業,--,50%,資訊科技學業,--,--,生活科技學業,--,--,學測國英,--,--,學測英文,--,--,學測國文,--,--,英語文學業,--,--
第一至七類學群,042,大葉大學,04226,資訊工程學系,,外加,1,0,--,--,底標,3級分,--,--,--,--,--,--,--,--,--,,,,,,,,,,,,,,,,0,--,在校學業,--,--,資訊科技學業,--,--,生活科技學業,--,--,學測國英,--,--,學測英文,--,--,學測國文,--,--,英語文學業,--,--
第一至七類學群,042,大葉大學,04227,生物醫學系(生物醫藥組),,一般,2,0,--,--,底標,3級分,--,--,--,--,--,--,--,--,--,,,,,,,,,,,,,,,,0,--,在校學業,--,--,學測英文,--,--,學測國文,--,--,學測國英,--,--,英語文學業,--,--,國語文學業,--,--,生物學業,--,--
第一至七類學群,042,大葉大學,04227,生物醫學系(生物醫藥組),,外加,1,0,--,--,底標,3級分,--,--,--,--,--,--,--,--,--,,,,,,,,,,,,,,,,0,--,在校學業,--,--,學測英文,--,--,學測國文,--,--,學測國英,--,--,英語文學業,--,--,國語文學業,--,--,生物學業,--,--
第一至七類學群,042,大葉大學,04228,藥用植物與食品保健學系,,一般,2,2,--,--,底標,3級分,--,--,--,--,--,--,--,--,--,,,,,,,,,,,,,,,,2,--,在校學業,49%,--,學測國文,--,--,學測英文,--,--,學測國英,--,--,生物學業,--,--,化學學業,--,--,英語文學業,--,--
第一至七類學群,042,大葉大學,04228,藥用植物與食品保健學系,,外加,1,0,--,--,底標,3級分,--,--,--,--,--,--,--,--,--,,,,,,,,,,,,,,,,0,--,在校學業,--,--,學測國文,--,--,學測英文,--,--,學測國英,--,--,生物學業,--,--,化學學業,--,--,英語文學業,--,--
第一至七類學群,042,大葉大學,04229,護理學系,,一般,5,1,--,--,底標,3級分,--,--,--,--,--,--,--,--,--,,,,,,,,,,,,,,,,1,--,在校學業,32%,--,學測國英,--,--,學測英文,--,--,學測國文,--,--,生物學業,--,--,英語文學業,--,--,國語文學業,--,--
第一至七類學群,042,大葉大學,04229,護理學系,,外加,1,0,--,--,底標,3級分,--,--,--,--,--,--,--,--,--,,,,,,,,,,,,,,,,0,--,在校學業,--,--,學測國英,--,--,學測英文,--,--,學測國文,--,--,生物學業,--,--,英語文學業,--,--,國語文學業,--,--
第一至七類學群,042,大葉大學,04230,視光學系,,一般,4,1,底標,7級分,--,--,--,--,--,--,--,--,--,--,--,,,,,,,,,,,,,,,,1,--,在校學業,29%,--,學測國文,--,--,英語文學業,--,--,國語文學業,--,--,學測英文,--,--,學測自然,--,--,物理學業,--,--
第一至七類學群,042,大葉大學,04230,視光學系,,外加,1,0,底標,7級分,--,--,--,--,--,--,--,--,--,--,--,,,,,,,,,,,,,,,,0,--,在校學業,--,--,學測國文,--,--,英語文學業,--,--,國語文學業,--,--,學測英文,--,--,學測自然,--,--,物理學業,--,--
第一至七類學群,042,大葉大學,04231,職能治療學系,,一般,4,2,--,--,底標,3級分,--,--,--,--,--,--,--,--,--,,,,,,,,,,,,,,,,0,2,在校學業,--,37%,學測英文,--,--,學測自然,--,--,學測國文,--,--,英語文學業,--,--,生物學業,--,--,國語文學業,--,--
第一至七類學群,042,大葉大學,04231,職能治療學系,,外加,1,0,--,--,底標,3級分,--,--,--,--,--,--,--,--,--,,,,,,,,,,,,,,,,0,--,在校學業,--,--,學測英文,--,--,學測自然,--,--,學測國文,--,--,英語文學業,--,--,生物學業,--,--,國語文學業,--,--
第一至七類學群,043,中華大學,04301,資訊工程學系(資訊應用組),,一般,8,0,--,--,--,--,--,--,底標,3級分,--,--,--,--,--,,,,,,,,,,,,,,,,0,--,在校學業,--,--,資訊科技學業,--,--,數學學業,--,--,學測國英數B,--,--,學測國文,--,--,學測英文,--,--,學測數B,--,--
第一至七類學群,043,中華大學,04301,資訊工程學系(資訊應用組),,外加,1,0,--,--,--,--,--,--,底標,3級分,--,--,--,--,--,,,,,,,,,,,,,,,,0,--,在校學業,--,--,資訊科技學業,--,--,數學學業,--,--,學測國英數B,--,--,學測國文,--,--,學測英文,--,--,學測數B,--,--
第一至七類學群,043,中華大學,04302,光電與材料工程學系（人工智慧應用組）,,一般,2,0,--,--,--,--,--,--,--,--,底標,7級分,--,--,--,,,,,,,,,,,,,,,,0,--,在校學業,--,--,學測社會,--,--,學測國文,--,--,學測英文,--,--,國語文學業,--,--,英語文學業,--,--,數學學業,--,--
第一至七類學群,043,中華大學,04302,光電與材料工程學系（人工智慧應用組）,,外加,1,0,--,--,--,--,--,--,--,--,底標,7級分,--,--,--,,,,,,,,,,,,,,,,0,--,在校學業,--,--,學測社會,--,--,學測國文,--,--,學測英文,--,--,國語文學業,--,--,英語文學業,--,--,數學學業,--,--
第一至七類學群,043,中華大學,04303,工業管理學系（人工智慧應用組）,,一般,2,1,--,--,--,--,--,--,--,--,底標,7級分,--,--,--,,,,,,,,,,,,,,,,1,--,在校學業,10%,--,學測社會,--,--,學測英文,--,--,學測國文,--,--,地理學業,--,--,歷史學業,--,--,公社學業,--,--
第一至七類學群,043,中華大學,04303,工業管理學系（人工智慧應用組）,,外加,1,0,--,--,--,--,--,--,--,--,底標,7級分,--,--,--,,,,,,,,,,,,,,,,0,--,在校學業,--,--,學測社會,--,--,學測英文,--,--,學測國文,--,--,地理學業,--,--,歷史學業,--,--,公社學業,--,--
第一至七類學群,043,中華大學,04304,資訊管理學系(智慧商務與資訊管理應用組),,一般,3,0,--,--,--,--,--,--,--,--,底標,7級分,--,--,--,,,,,,,,,,,,,,,,0,--,在校學業,--,--,學測國文,--,--,學測英文,--,--,學測社會,--,--,數學學業,--,--,英語文學業,--,--,國語文學業,--,--
第一至七類學群,043,中華大學,04304,資訊管理學系(智慧商務與資訊管理應用組),,外加,1,0,--,--,--,--,--,--,--,--,底標,7級分,--,--,--,,,,,,,,,,,,,,,,0,--,在校學業,--,--,學測國文,--,--,學測英文,--,--,學測社會,--,--,數學學業,--,--,英語文學業,--,--,國語文學業,--,--
第一至七類學群,043,中華大學,04305,企業管理學系企業管理組,,一般,1,0,--,--,--,--,--,--,--,--,底標,7級分,--,--,--,,,,,,,,,,,,,,,,0,--,在校學業,--,--,學測社會,--,--,學測國文,--,--,國語文學業,--,--,地理學業,--,--,公社學業,--,--,歷史學業,--,--
第一至七類學群,043,中華大學,04306,企業管理學系智慧運輸與物流組,,一般,1,0,--,--,--,--,--,--,--,--,底標,7級分,--,--,--,,,,,,,,,,,,,,,,0,--,在校學業,--,--,學測社會,--,--,學測國文,--,--,國語文學業,--,--,地理學業,--,--,公社學業,--,--,歷史學業,--,--
第一至七類學群,043,中華大學,04307,企業管理學系財務管理組,,一般,2,1,--,--,--,--,--,--,--,--,底標,7級分,--,--,--,,,,,,,,,,,,,,,,1,--,在校學業,48%,--,學測社會,--,--,學測國文,--,--,學測英文,--,--,國語文學業,--,--,公社學業,--,--,生活科技學業,--,--
第一至七類學群,043,中華大學,04308,建築與都市計畫學系（第一類組）,,一般,4,0,底標,7級分,--,--,--,--,--,--,--,--,--,--,--,,,,,,,,,,,,,,,,0,--,在校學業,--,--,學測國文,--,--,學測英文,--,--,學測社會,--,--,國語文學業,--,--,英語文學業,--,--,地理學業,--,--
第一至七類學群,043,中華大學,04308,建築與都市計畫學系（第一類組）,,外加,1,0,底標,7級分,--,--,--,--,--,--,--,--,--,--,--,,,,,,,,,,,,,,,,0,--,在校學業,--,--,學測國文,--,--,學測英文,--,--,學測社會,--,--,國語文學業,--,--,英語文學業,--,--,地理學業,--,--
第一至七類學群,043,中華大學,04309,應用日語學系,,一般,1,1,--,--,--,--,--,--,--,--,底標,7級分,--,--,--,,,,,,,,,,,,,,,,1,--,在校學業,45%,--,學測社會,--,--,學測國文,--,--,國語文學業,--,--,歷史學業,--,--,地理學業,--,--,公社學業,--,--
第一至七類學群,043,中華大學,04310,應用外語暨智慧商務學士學位學程,,一般,2,1,底標,7級分,--,--,--,--,--,--,--,--,--,--,--,,,,,,,,,,,,,,,,1,--,在校學業,47%,--,學測國文,--,--,學測社會,--,--,國語文學業,--,--,歷史學業,--,--,地理學業,--,--,公社學業,--,--
第一至七類學群,043,中華大學,04311,觀光學院學士班,,一般,1,1,底標,7級分,--,--,--,--,--,--,--,--,--,--,--,,,,,,,,,,,,,,,,1,--,在校學業,47%,--,學測國文,--,--,國語文學業,--,--,英語文學業,--,--,歷史學業,--,--,地理學業,--,--,公社學業,--,--
第一至七類學群,043,中華大學,04311,觀光學院學士班,,外加,1,0,底標,7級分,--,--,--,--,--,--,--,--,--,--,--,,,,,,,,,,,,,,,,0,--,在校學業,--,--,學測國文,--,--,國語文學業,--,--,英語文學業,--,--,歷史學業,--,--,地理學業,--,--,公社學業,--,--
第一至七類學群,043,中華大學,04312,電機工程學系,,一般,23,5,--,--,--,--,底標,3級分,底標,3級分,--,--,--,--,--,,,,,,,,,,,,,,,,5,--,在校學業,50%,--,學測自然,--,--,學測英文,--,--,學測國文,--,--,數學學業,--,--,物理學業,--,--,國語文學業,--,--
第一至七類學群,043,中華大學,04312,電機工程學系,,外加,3,0,--,--,--,--,底標,3級分,底標,3級分,--,--,--,--,--,,,,,,,,,,,,,,,,0,--,在校學業,--,--,學測自然,--,--,學測英文,--,--,學測國文,--,--,數學學業,--,--,物理學業,--,--,國語文學業,--,--
第一至七類學群,043,中華大學,04313,資訊工程學系(資訊工程組),,一般,8,1,--,--,--,--,底標,3級分,--,--,--,--,--,--,--,,,,,,,,,,,,,,,,1,--,在校學業,38%,--,資訊科技學業,--,--,數學學業,--,--,學測國英數A,--,--,學測國文,--,--,學測英文,--,--,學測數A,--,--
第一至七類學群,043,中華大學,04313,資訊工程學系(資訊工程組),,外加,1,0,--,--,--,--,底標,3級分,--,--,--,--,--,--,--,,,,,,,,,,,,,,,,0,--,在校學業,--,--,資訊科技學業,--,--,數學學業,--,--,學測國英數A,--,--,學測國文,--,--,學測英文,--,--,學測數A,--,--
第一至七類學群,043,中華大學,04314,資訊工程學系(人工智慧組),,一般,8,0,--,--,--,--,底標,3級分,--,--,--,--,--,--,--,,,,,,,,,,,,,,,,0,--,在校學業,--,--,資訊科技學業,--,--,數學學業,--,--,學測國英數A,--,--,學測國文,--,--,學測英文,--,--,學測數A,--,--
第一至七類學群,043,中華大學,04314,資訊工程學系(人工智慧組),,外加,1,0,--,--,--,--,底標,3級分,--,--,--,--,--,--,--,,,,,,,,,,,,,,,,0,--,在校學業,--,--,資訊科技學業,--,--,數學學業,--,--,學測國英數A,--,--,學測國文,--,--,學測英文,--,--,學測數A,--,--
第一至七類學群,043,中華大學,04315,光電與材料工程學系（半導體組）,,一般,5,1,--,--,--,--,--,--,--,--,--,--,底標,5級分,--,,,,,,,,,,,,,,,,0,1,在校學業,--,50%,學測自然,--,--,化學學業,--,--,物理學業,--,--,生物學業,--,--,國語文學業,--,--,英語文學業,--,--
第一至七類學群,043,中華大學,04315,光電與材料工程學系（半導體組）,,外加,1,0,--,--,--,--,--,--,--,--,--,--,底標,5級分,--,,,,,,,,,,,,,,,,0,--,在校學業,--,--,學測自然,--,--,化學學業,--,--,物理學業,--,--,生物學業,--,--,國語文學業,--,--,英語文學業,--,--
第一至七類學群,043,中華大學,04316,工業管理學系（半導體產業組）,,一般,3,0,--,--,--,--,--,--,--,--,--,--,底標,5級分,--,,,,,,,,,,,,,,,,0,--,在校學業,--,--,學測自然,--,--,學測英文,--,--,學測國文,--,--,數學學業,--,--,物理學業,--,--,化學學業,--,--
第一至七類學群,043,中華大學,04316,工業管理學系（半導體產業組）,,外加,1,0,--,--,--,--,--,--,--,--,--,--,底標,5級分,--,,,,,,,,,,,,,,,,0,--,在校學業,--,--,學測自然,--,--,學測英文,--,--,學測國文,--,--,數學學業,--,--,物理學業,--,--,化學學業,--,--
第一至七類學群,043,中華大學,04317,資訊管理學系(人工智慧應用與資訊系統設計組),,一般,3,0,--,--,--,--,--,--,--,--,--,--,底標,5級分,--,,,,,,,,,,,,,,,,0,--,在校學業,--,--,學測國文,--,--,學測英文,--,--,學測自然,--,--,數學學業,--,--,英語文學業,--,--,國語文學業,--,--
第一至七類學群,043,中華大學,04317,資訊管理學系(人工智慧應用與資訊系統設計組),,外加,1,0,--,--,--,--,--,--,--,--,--,--,底標,5級分,--,,,,,,,,,,,,,,,,0,--,在校學業,--,--,學測國文,--,--,學測英文,--,--,學測自然,--,--,數學學業,--,--,英語文學業,--,--,國語文學業,--,--
第一至七類學群,043,中華大學,04318,建築與都市計畫學系（第二類組）,,一般,5,0,--,--,--,--,底標,3級分,底標,3級分,--,--,--,--,--,,,,,,,,,,,,,,,,0,--,在校學業,--,--,學測國文,--,--,學測英文,--,--,學測自然,--,--,數學學業,--,--,英語文學業,--,--,物理學業,--,--
第一至七類學群,043,中華大學,04318,建築與都市計畫學系（第二類組）,,外加,1,0,--,--,--,--,底標,3級分,底標,3級分,--,--,--,--,--,,,,,,,,,,,,,,,,0,--,在校學業,--,--,學測國文,--,--,學測英文,--,--,學測自然,--,--,數學學業,--,--,英語文學業,--,--,物理學業,--,--
第一至七類學群,043,中華大學,04319,土木工程學系,,一般,9,2,--,--,--,--,底標,3級分,--,--,--,--,--,--,--,,,,,,,,,,,,,,,,1,1,在校學業,40%,47%,學測數A,--,--,數學學業,--,--,學測自然,--,--,物理學業,--,--,學測英文,--,--,學測國文,--,--
第一至七類學群,043,中華大學,04319,土木工程學系,,外加,2,0,--,--,--,--,底標,3級分,--,--,--,--,--,--,--,,,,,,,,,,,,,,,,0,--,在校學業,--,--,學測數A,--,--,數學學業,--,--,學測自然,--,--,物理學業,--,--,學測英文,--,--,學測國文,--,--
第一至七類學群,043,中華大學,04320,光電與材料工程學系（生醫光電組）,,一般,5,0,--,--,--,--,--,--,--,--,--,--,底標,5級分,--,,,,,,,,,,,,,,,,0,--,在校學業,--,--,生物學業,--,--,化學學業,--,--,物理學業,--,--,學測自然,--,--,數學學業,--,--,國語文學業,--,--
第一至七類學群,043,中華大學,04320,光電與材料工程學系（生醫光電組）,,外加,1,0,--,--,--,--,--,--,--,--,--,--,底標,5級分,--,,,,,,,,,,,,,,,,0,--,在校學業,--,--,生物學業,--,--,化學學業,--,--,物理學業,--,--,學測自然,--,--,數學學業,--,--,國語文學業,--,--
第一至七類學群,044,華梵大學,04401,智慧生活科技學系大數據與管理組,,一般,2,0,底標,7級分,--,--,--,--,--,--,--,--,--,--,--,,,,,,,,,,,,,,,,0,--,在校學業,--,--,學測國文,--,--,學測英文,--,--,學測社會,--,--,國語文學業,--,--,英語文學業,--,--,公社學業,--,--
第一至七類學群,044,華梵大學,04401,智慧生活科技學系大數據與管理組,,外加,1,0,底標,7級分,--,--,--,--,--,--,--,--,--,--,--,,,,,,,,,,,,,,,,0,--,在校學業,--,--,學測國文,--,--,學測英文,--,--,學測社會,--,--,國語文學業,--,--,英語文學業,--,--,公社學業,--,--
第一至七類學群,044,華梵大學,04402,智慧生活設計學系空間設計組,,一般,1,0,底標,7級分,--,--,--,--,--,--,--,--,--,--,--,,,,,,,,,,,,,,,,0,--,在校學業,--,--,學測國文,--,--,學測英文,--,--,學測社會,--,--,國語文學業,--,--,英語文學業,--,--,公社學業,--,--
第一至七類學群,044,華梵大學,04403,智慧生活設計學系創意產品與汽車設計組,,一般,1,0,底標,7級分,--,--,--,--,--,--,--,--,--,--,--,,,,,,,,,,,,,,,,0,--,在校學業,--,--,學測國文,--,--,學測英文,--,--,學測社會,--,--,國語文學業,--,--,英語文學業,--,--,公社學業,--,--
第一至七類學群,044,華梵大學,04404,攝影與VR設計學系攝影與科技藝術組,,一般,2,0,底標,7級分,--,--,--,--,--,--,--,--,--,--,--,,,,,,,,,,,,,,,,0,--,在校學業,--,--,學測國文,--,--,學測英文,--,--,學測社會,--,--,國語文學業,--,--,英語文學業,--,--,公社學業,--,--
第一至七類學群,044,華梵大學,04404,攝影與VR設計學系攝影與科技藝術組,,外加,1,0,底標,7級分,--,--,--,--,--,--,--,--,--,--,--,,,,,,,,,,,,,,,,0,--,在校學業,--,--,學測國文,--,--,學測英文,--,--,學測社會,--,--,國語文學業,--,--,英語文學業,--,--,公社學業,--,--
第一至七類學群,044,華梵大學,04405,攝影與VR設計學系VR與互動媒體組,,一般,1,1,底標,7級分,--,--,--,--,--,--,--,--,--,--,--,,,,,,,,,,,,,,,,1,--,在校學業,49%,--,學測國文,--,--,學測英文,--,--,學測社會,--,--,國語文學業,--,--,英語文學業,--,--,公社學業,--,--
第一至七類學群,044,華梵大學,04405,攝影與VR設計學系VR與互動媒體組,,外加,1,0,底標,7級分,--,--,--,--,--,--,--,--,--,--,--,,,,,,,,,,,,,,,,0,--,在校學業,--,--,學測國文,--,--,學測英文,--,--,學測社會,--,--,國語文學業,--,--,英語文學業,--,--,公社學業,--,--
第一至七類學群,044,華梵大學,04406,美術與文創學系文創設計組,,一般,2,0,底標,7級分,--,--,--,--,--,--,--,--,--,--,--,,,,,,,,,,,,,,,,0,--,在校學業,--,--,學測國文,--,--,學測英文,--,--,學測社會,--,--,國語文學業,--,--,英語文學業,--,--,公社學業,--,--
第一至七類學群,044,華梵大學,04407,智慧生活科技學系智慧產品開發組,,一般,2,0,--,--,--,--,--,--,--,--,--,--,底標,5級分,--,,,,,,,,,,,,,,,,0,--,在校學業,--,--,學測自然,--,--,學測國文,--,--,學測英文,--,--,資訊科技學業,--,--,國語文學業,--,--,英語文學業,--,--
第一至七類學群,044,華梵大學,04407,智慧生活科技學系智慧產品開發組,,外加,1,0,--,--,--,--,--,--,--,--,--,--,底標,5級分,--,,,,,,,,,,,,,,,,0,--,在校學業,--,--,學測自然,--,--,學測國文,--,--,學測英文,--,--,資訊科技學業,--,--,國語文學業,--,--,英語文學業,--,--
第一至七類學群,044,華梵大學,04408,美術與文創學系美術創作組,,一般,2,0,底標,7級分,--,--,--,--,--,--,--,--,--,--,--,素描,--,--,彩繪技法,--,--,創意表現,--,--,水墨書畫,--,--,美術鑑賞,--,--,0,--,在校學業,--,--,學測國文,--,--,學測英文,--,--,學測社會,--,--,國語文學業,--,--,英語文學業,--,--,公社學業,--,--
第一至七類學群,044,華梵大學,04408,美術與文創學系美術創作組,,外加,1,0,底標,7級分,--,--,--,--,--,--,--,--,--,--,--,素描,--,--,彩繪技法,--,--,創意表現,--,--,水墨書畫,--,--,美術鑑賞,--,--,0,--,在校學業,--,--,學測國文,--,--,學測英文,--,--,學測社會,--,--,國語文學業,--,--,英語文學業,--,--,公社學業,--,--
第一至七類學群,045,義守大學,04501,資訊管理學系,,一般,4,1,後標,9級分,--,--,--,--,--,--,--,--,--,--,--,,,,,,,,,,,,,,,,0,1,在校學業,--,48%,學測國文,--,--,學測英文,--,--,國語文學業,--,--,英語文學業,--,--,學測國英,--,--,公社學業,--,--
第一至七類學群,045,義守大學,04501,資訊管理學系,,外加,1,0,後標,9級分,--,--,--,--,--,--,--,--,--,--,--,,,,,,,,,,,,,,,,0,--,在校學業,--,--,學測國文,--,--,學測英文,--,--,國語文學業,--,--,英語文學業,--,--,學測國英,--,--,公社學業,--,--
第一至七類學群,045,義守大學,04502,企業管理學系,,一般,2,2,後標,9級分,--,--,--,--,--,--,--,--,--,--,--,,,,,,,,,,,,,,,,0,2,在校學業,--,48%,學測國文,--,--,國語文學業,--,--,學測英文,--,--,英語文學業,--,--,學測國英,--,--,公社學業,--,--
第一至七類學群,045,義守大學,04502,企業管理學系,,外加,1,0,後標,9級分,--,--,--,--,--,--,--,--,--,--,--,,,,,,,,,,,,,,,,0,--,在校學業,--,--,學測國文,--,--,國語文學業,--,--,學測英文,--,--,英語文學業,--,--,學測國英,--,--,公社學業,--,--
第一至七類學群,045,義守大學,04503,財務金融管理學系,,一般,9,6,後標,9級分,--,--,--,--,--,--,--,--,--,--,--,,,,,,,,,,,,,,,,1,5,在校學業,28%,48%,學測國英數B,--,--,數學學業,--,--,學測國文,--,--,國語文學業,--,--,公社學業,--,--,英語文學業,--,--
第一至七類學群,045,義守大學,04503,財務金融管理學系,,外加,1,0,後標,9級分,--,--,--,--,--,--,--,--,--,--,--,,,,,,,,,,,,,,,,0,--,在校學業,--,--,學測國英數B,--,--,數學學業,--,--,學測國文,--,--,國語文學業,--,--,公社學業,--,--,英語文學業,--,--
第一至七類學群,045,義守大學,04504,會計學系,,一般,6,1,後標,9級分,--,--,--,--,--,--,--,--,--,--,--,,,,,,,,,,,,,,,,1,--,在校學業,39%,--,學測國文,--,--,學測英文,--,--,學測社會,--,--,國語文學業,--,--,英語文學業,--,--,數學學業,--,--
第一至七類學群,045,義守大學,04504,會計學系,,外加,1,0,後標,9級分,--,--,--,--,--,--,--,--,--,--,--,,,,,,,,,,,,,,,,0,--,在校學業,--,--,學測國文,--,--,學測英文,--,--,學測社會,--,--,國語文學業,--,--,英語文學業,--,--,數學學業,--,--
第一至七類學群,045,義守大學,04505,國際商務學系,,一般,2,2,後標,9級分,--,--,--,--,--,--,--,--,--,--,--,,,,,,,,,,,,,,,,0,2,在校學業,--,49%,學測英文,--,--,英語文學業,--,--,學測國文,--,--,國語文學業,--,--,學測國英,--,--,公社學業,--,--
第一至七類學群,045,義守大學,04505,國際商務學系,,外加,1,0,後標,9級分,--,--,--,--,--,--,--,--,--,--,--,,,,,,,,,,,,,,,,0,--,在校學業,--,--,學測英文,--,--,英語文學業,--,--,學測國文,--,--,國語文學業,--,--,學測國英,--,--,公社學業,--,--
第一至七類學群,045,義守大學,04506,醫務管理學系,,一般,8,8,後標,9級分,--,--,--,--,--,--,--,--,--,--,--,,,,,,,,,,,,,,,,3,5,在校學業,41%,36%,國語文學業,--,--,英語文學業,--,--,公社學業,--,--,數學學業,--,--,學測國英,--,--,學測英文,--,--
第一至七類學群,045,義守大學,04506,醫務管理學系,,外加,1,0,後標,9級分,--,--,--,--,--,--,--,--,--,--,--,,,,,,,,,,,,,,,,0,--,在校學業,--,--,國語文學業,--,--,英語文學業,--,--,公社學業,--,--,數學學業,--,--,學測國英,--,--,學測英文,--,--
第一至七類學群,045,義守大學,04507,餐旅管理學系,,一般,3,3,後標,9級分,--,--,--,--,--,--,--,--,--,--,--,,,,,,,,,,,,,,,,1,2,在校學業,25%,45%,學測國文,--,--,國語文學業,--,--,學測英文,--,--,英語文學業,--,--,學測社會,--,--,學測國英,--,--
第一至七類學群,045,義守大學,04507,餐旅管理學系,,外加,1,0,後標,9級分,--,--,--,--,--,--,--,--,--,--,--,,,,,,,,,,,,,,,,0,--,在校學業,--,--,學測國文,--,--,國語文學業,--,--,學測英文,--,--,英語文學業,--,--,學測社會,--,--,學測國英,--,--
第一至七類學群,045,義守大學,04508,廚藝暨美食學學系,,一般,3,3,後標,9級分,--,--,--,--,--,--,--,--,--,--,--,,,,,,,,,,,,,,,,1,2,在校學業,30%,26%,學測國文,--,--,國語文學業,--,--,學測社會,--,--,公社學業,--,--,學測英文,--,--,英語文學業,--,--
第一至七類學群,045,義守大學,04508,廚藝暨美食學學系,,外加,1,1,後標,9級分,--,--,--,--,--,--,--,--,--,--,--,,,,,,,,,,,,,,,,1,--,在校學業,41%,--,學測國文,--,--,國語文學業,--,--,學測社會,--,--,公社學業,--,--,學測英文,--,--,英語文學業,--,--
第一至七類學群,045,義守大學,04509,國際企業經營英語學士學位學程(國際學院),,一般,1,0,--,--,均標,8級分,--,--,--,--,--,--,--,--,--,,,,,,,,,,,,,,,,0,--,在校學業,--,--,學測英文,--,--,學測國文,--,--,學測國英,--,--,英語文學業,--,--,國語文學業,--,--,數學學業,--,--
第一至七類學群,045,義守大學,04510,財務與商業分析英語學士學位學程(國際學院),,一般,1,0,--,--,均標,8級分,--,--,--,--,--,--,--,--,--,,,,,,,,,,,,,,,,0,--,在校學業,--,--,學測英文,--,--,英語文學業,--,--,數學學業,--,--,學測國英,--,--,學測國文,--,--,國語文學業,--,--
第一至七類學群,045,義守大學,04511,智慧觀光餐旅管理英語學士學位學程(國際學院),,一般,1,0,--,--,均標,8級分,--,--,--,--,--,--,--,--,--,,,,,,,,,,,,,,,,0,--,在校學業,--,--,學測英文,--,--,英語文學業,--,--,學測國文,--,--,國語文學業,--,--,學測國英,--,--,公社學業,--,--
第一至七類學群,045,義守大學,04512,國際傳媒與娛樂管理英語學士學位學程(國際學院),,一般,1,0,--,--,均標,8級分,--,--,--,--,--,--,--,--,--,,,,,,,,,,,,,,,,0,--,在校學業,--,--,學測英文,--,--,英語文學業,--,--,學測國文,--,--,國語文學業,--,--,學測國英,--,--,公社學業,--,--
第一至七類學群,045,義守大學,04513,應用日語學系,,一般,9,8,後標,9級分,--,--,--,--,--,--,--,--,--,--,--,,,,,,,,,,,,,,,,2,6,在校學業,33%,49%,學測國文,--,--,國語文學業,--,--,公社學業,--,--,學測國英,--,--,英語文學業,--,--,學測英文,--,--
第一至七類學群,045,義守大學,04513,應用日語學系,,外加,1,0,後標,9級分,--,--,--,--,--,--,--,--,--,--,--,,,,,,,,,,,,,,,,0,--,在校學業,--,--,學測國文,--,--,國語文學業,--,--,公社學業,--,--,學測國英,--,--,英語文學業,--,--,學測英文,--,--
第一至七類學群,045,義守大學,04514,大眾傳播學系,,一般,3,3,後標,9級分,--,--,--,--,--,--,--,--,--,--,--,,,,,,,,,,,,,,,,3,--,在校學業,50%,--,學測國文,--,--,國語文學業,--,--,公社學業,--,--,學測英文,--,--,英語文學業,--,--,學測國英,--,--
第一至七類學群,045,義守大學,04514,大眾傳播學系,,外加,1,0,後標,9級分,--,--,--,--,--,--,--,--,--,--,--,,,,,,,,,,,,,,,,0,--,在校學業,--,--,學測國文,--,--,國語文學業,--,--,公社學業,--,--,學測英文,--,--,英語文學業,--,--,學測國英,--,--
第一至七類學群,045,義守大學,04515,電影與電視學系,,一般,3,3,後標,9級分,--,--,--,--,--,--,--,--,--,--,--,,,,,,,,,,,,,,,,3,--,在校學業,50%,--,學測國文,--,--,國語文學業,--,--,學測英文,--,--,英語文學業,--,--,學測國英,--,--,公社學業,--,--
第一至七類學群,045,義守大學,04515,電影與電視學系,,外加,1,0,後標,9級分,--,--,--,--,--,--,--,--,--,--,--,,,,,,,,,,,,,,,,0,--,在校學業,--,--,學測國文,--,--,國語文學業,--,--,學測英文,--,--,英語文學業,--,--,學測國英,--,--,公社學業,--,--
第一至七類學群,045,義守大學,04516,視覺藝術與設計學系,,一般,1,1,後標,9級分,--,--,--,--,--,--,--,--,--,--,--,,,,,,,,,,,,,,,,0,1,在校學業,--,31%,學測國文,--,--,國語文學業,--,--,學測英文,--,--,英語文學業,--,--,學測國英,--,--,公社學業,--,--
第一至七類學群,045,義守大學,04516,視覺藝術與設計學系,,外加,1,0,後標,9級分,--,--,--,--,--,--,--,--,--,--,--,,,,,,,,,,,,,,,,0,--,在校學業,--,--,學測國文,--,--,國語文學業,--,--,學測英文,--,--,英語文學業,--,--,學測國英,--,--,公社學業,--,--
第一至七類學群,045,義守大學,04517,電機工程學系,,一般,23,23,--,--,--,--,--,--,--,--,--,--,後標,7級分,--,,,,,,,,,,,,,,,,6,17,在校學業,50%,50%,學測數A,--,4,學測自然,--,--,學測英文,--,--,數學學業,--,--,物理學業,--,--,英語文學業,--,--
第一至七類學群,045,義守大學,04517,電機工程學系,,外加,1,0,--,--,--,--,--,--,--,--,--,--,後標,7級分,--,,,,,,,,,,,,,,,,0,--,在校學業,--,--,學測數A,--,--,學測自然,--,--,學測英文,--,--,數學學業,--,--,物理學業,--,--,英語文學業,--,--
第一至七類學群,045,義守大學,04518,電子工程學系,,一般,5,3,--,--,--,--,後標,4級分,後標,4級分,--,--,--,--,--,,,,,,,,,,,,,,,,1,2,在校學業,26%,49%,學測國文,--,--,學測英文,--,--,學測自然,--,--,學測國英,--,--,國語文學業,--,--,數學學業,--,--
第一至七類學群,045,義守大學,04518,電子工程學系,,外加,1,0,--,--,--,--,後標,4級分,後標,4級分,--,--,--,--,--,,,,,,,,,,,,,,,,0,--,在校學業,--,--,學測國文,--,--,學測英文,--,--,學測自然,--,--,學測國英,--,--,國語文學業,--,--,數學學業,--,--
第一至七類學群,045,義守大學,04519,資訊工程學系,,一般,16,7,--,--,--,--,後標,4級分,後標,4級分,--,--,--,--,--,,,,,,,,,,,,,,,,3,4,在校學業,44%,47%,數學學業,--,--,學測英文,--,--,英語文學業,--,--,學測國文,--,--,國語文學業,--,--,學測自然,--,--
第一至七類學群,045,義守大學,04519,資訊工程學系,,外加,1,0,--,--,--,--,後標,4級分,後標,4級分,--,--,--,--,--,,,,,,,,,,,,,,,,0,--,在校學業,--,--,數學學業,--,--,學測英文,--,--,英語文學業,--,--,學測國文,--,--,國語文學業,--,--,學測自然,--,--
第一至七類學群,045,義守大學,04520,機械與自動化工程學系,,一般,5,0,--,--,--,--,後標,4級分,--,--,--,--,--,--,--,,,,,,,,,,,,,,,,0,--,在校學業,--,--,學測數A,--,--,學測自然,--,--,學測國文,--,--,國語文學業,--,--,英語文學業,--,--,數學學業,--,--
第一至七類學群,045,義守大學,04520,機械與自動化工程學系,,外加,1,0,--,--,--,--,後標,4級分,--,--,--,--,--,--,--,,,,,,,,,,,,,,,,0,--,在校學業,--,--,學測數A,--,--,學測自然,--,--,學測國文,--,--,國語文學業,--,--,英語文學業,--,--,數學學業,--,--
第一至七類學群,045,義守大學,04521,化學工程學系,,一般,6,3,--,--,--,--,後標,4級分,--,--,--,--,--,--,--,,,,,,,,,,,,,,,,0,3,在校學業,--,49%,學測數A,--,--,學測自然,--,--,學測數A自,--,--,學測國文,--,--,學測英文,--,--,數學學業,--,--
第一至七類學群,045,義守大學,04521,化學工程學系,,外加,1,0,--,--,--,--,後標,4級分,--,--,--,--,--,--,--,,,,,,,,,,,,,,,,0,--,在校學業,--,--,學測數A,--,--,學測自然,--,--,學測數A自,--,--,學測國文,--,--,學測英文,--,--,數學學業,--,--
第一至七類學群,045,義守大學,04522,土木工程學系,,一般,1,1,--,--,--,--,後標,4級分,--,--,--,--,--,--,--,,,,,,,,,,,,,,,,0,1,在校學業,--,46%,學測數A,--,7,學測英文,--,--,學測國文,--,--,數學學業,--,--,英語文學業,--,--,國語文學業,--,--
第一至七類學群,045,義守大學,04522,土木工程學系,,外加,1,0,--,--,--,--,後標,4級分,--,--,--,--,--,--,--,,,,,,,,,,,,,,,,0,--,在校學業,--,--,學測數A,--,--,學測英文,--,--,學測國文,--,--,數學學業,--,--,英語文學業,--,--,國語文學業,--,--
第一至七類學群,045,義守大學,04523,材料科學與工程學系,,一般,9,3,--,--,--,--,後標,4級分,--,--,--,--,--,--,--,,,,,,,,,,,,,,,,0,3,在校學業,--,33%,學測數A,--,--,化學學業,--,--,物理學業,--,--,數學學業,--,--,學測英文,--,--,學測自然,--,--
第一至七類學群,045,義守大學,04523,材料科學與工程學系,,外加,1,0,--,--,--,--,後標,4級分,--,--,--,--,--,--,--,,,,,,,,,,,,,,,,0,--,在校學業,--,--,學測數A,--,--,化學學業,--,--,物理學業,--,--,數學學業,--,--,學測英文,--,--,學測自然,--,--
第一至七類學群,045,義守大學,04524,智慧科技英語學士學位學程,,一般,1,1,--,--,後標,4級分,--,--,--,--,--,--,--,--,--,,,,,,,,,,,,,,,,0,1,在校學業,--,50%,學測英文,--,--,英語文學業,--,--,學測數A,--,--,數學學業,--,--,學測英數A,--,--,學測自然,--,--
第一至七類學群,045,義守大學,04525,半導體學士學位學程,,一般,6,2,--,--,--,--,--,--,--,--,--,--,後標,7級分,--,,,,,,,,,,,,,,,,0,2,在校學業,--,50%,學測自然,--,--,學測國文,--,--,學測英文,--,--,學測國英,--,--,國語文學業,--,--,物理學業,--,--
第一至七類學群,045,義守大學,04525,半導體學士學位學程,,外加,1,0,--,--,--,--,--,--,--,--,--,--,後標,7級分,--,,,,,,,,,,,,,,,,0,--,在校學業,--,--,學測自然,--,--,學測國文,--,--,學測英文,--,--,學測國英,--,--,國語文學業,--,--,物理學業,--,--
第一至七類學群,045,義守大學,04526,生物醫學工程學系,,一般,9,9,--,--,後標,4級分,--,--,--,--,--,--,--,--,--,,,,,,,,,,,,,,,,5,4,在校學業,46%,40%,學測國英,--,--,學測英文,--,--,英語文學業,--,--,國語文學業,--,--,學測自然,--,--,生物學業,--,--
第一至七類學群,045,義守大學,04526,生物醫學工程學系,,外加,1,0,--,--,後標,4級分,--,--,--,--,--,--,--,--,--,,,,,,,,,,,,,,,,0,--,在校學業,--,--,學測國英,--,--,學測英文,--,--,英語文學業,--,--,國語文學業,--,--,學測自然,--,--,生物學業,--,--
第一至七類學群,045,義守大學,04527,醫學科學與生物科技學系,,一般,16,2,--,--,--,--,--,--,--,--,--,--,後標,7級分,--,,,,,,,,,,,,,,,,0,2,在校學業,--,29%,學測國文,--,--,國語文學業,--,--,學測英文,--,--,英語文學業,--,--,學測國英,--,--,學測自然,--,--
第一至七類學群,045,義守大學,04527,醫學科學與生物科技學系,,外加,1,0,--,--,--,--,--,--,--,--,--,--,後標,7級分,--,,,,,,,,,,,,,,,,0,--,在校學業,--,--,學測國文,--,--,國語文學業,--,--,學測英文,--,--,英語文學業,--,--,學測國英,--,--,學測自然,--,--
第一至七類學群,045,義守大學,04528,營養學系,,一般,18,9,後標,9級分,--,--,--,--,--,--,--,--,--,--,--,,,,,,,,,,,,,,,,5,4,在校學業,46%,50%,學測自然,--,--,學測國文,--,--,學測國自,--,--,學測英文,--,--,生物學業,--,--,國語文學業,--,--
第一至七類學群,045,義守大學,04528,營養學系,,外加,1,0,後標,9級分,--,--,--,--,--,--,--,--,--,--,--,,,,,,,,,,,,,,,,0,--,在校學業,--,--,學測自然,--,--,學測國文,--,--,學測國自,--,--,學測英文,--,--,生物學業,--,--,國語文學業,--,--
第一至七類學群,045,義守大學,04529,護理學系,,一般,40,16,後標,9級分,--,--,--,--,--,--,--,--,--,--,--,,,,,,,,,,,,,,,,7,9,在校學業,44%,43%,學測自然,--,--,生物學業,--,--,學測國文,--,--,國語文學業,--,--,學測英文,--,--,英語文學業,--,--
第一至七類學群,045,義守大學,04529,護理學系,,外加,1,0,後標,9級分,--,--,--,--,--,--,--,--,--,--,--,,,,,,,,,,,,,,,,0,--,在校學業,--,--,學測自然,--,--,生物學業,--,--,學測國文,--,--,國語文學業,--,--,學測英文,--,--,英語文學業,--,--
第一至七類學群,045,義守大學,04530,醫學影像暨放射科學系,,一般,41,34,--,--,--,--,--,--,--,--,--,--,後標,7級分,--,,,,,,,,,,,,,,,,14,20,在校學業,49%,48%,學測自然,--,--,學測數A,--,--,學測英文,--,--,學測國文,--,--,學測英數A自,--,--,物理學業,--,--
第一至七類學群,045,義守大學,04530,醫學影像暨放射科學系,,外加,1,0,--,--,--,--,--,--,--,--,--,--,後標,7級分,--,,,,,,,,,,,,,,,,0,--,在校學業,--,--,學測自然,--,--,學測數A,--,--,學測英文,--,--,學測國文,--,--,學測英數A自,--,--,物理學業,--,--
第一至七類學群,045,義守大學,04531,物理治療學系,,一般,35,35,--,--,--,--,--,--,--,--,--,--,均標,9級分,--,,,,,,,,,,,,,,,,35,--,在校學業,28%,--,學測自然,--,--,學測英文,--,--,生物學業,--,--,英語文學業,--,--,學測國英數A自,--,--,國語文學業,--,--
第一至七類學群,045,義守大學,04531,物理治療學系,,外加,1,0,--,--,--,--,--,--,--,--,--,--,均標,9級分,--,,,,,,,,,,,,,,,,0,--,在校學業,--,--,學測自然,--,--,學測英文,--,--,生物學業,--,--,英語文學業,--,--,學測國英數A自,--,--,國語文學業,--,--
第一至七類學群,045,義守大學,04532,職能治療學系,,一般,43,43,--,--,--,--,--,--,--,--,--,--,後標,7級分,--,,,,,,,,,,,,,,,,41,2,在校學業,50%,14%,學測英自,--,--,英語文學業,--,--,生物學業,--,--,學測數A,--,--,數學學業,--,--,學測國文,--,--
第一至七類學群,045,義守大學,04532,職能治療學系,,外加,1,0,--,--,--,--,--,--,--,--,--,--,後標,7級分,--,,,,,,,,,,,,,,,,0,--,在校學業,--,--,學測英自,--,--,英語文學業,--,--,生物學業,--,--,學測數A,--,--,數學學業,--,--,學測國文,--,--
第一至七類學群,045,義守大學,04533,醫學檢驗技術學系,,一般,42,42,--,--,--,--,--,--,--,--,--,--,後標,7級分,--,,,,,,,,,,,,,,,,23,19,在校學業,43%,43%,學測自然,--,--,學測英文,--,--,英語文學業,--,--,生物學業,--,--,學測英自,--,--,學測國文,--,--
第一至七類學群,045,義守大學,04533,醫學檢驗技術學系,,外加,1,0,--,--,--,--,--,--,--,--,--,--,後標,7級分,--,,,,,,,,,,,,,,,,0,--,在校學業,--,--,學測自然,--,--,學測英文,--,--,英語文學業,--,--,生物學業,--,--,學測英自,--,--,學測國文,--,--
第一至七類學群,046,銘傳大學,04601,企業管理學系品牌行銷組（臺北校區）,,一般,12,9,底標,7級分,底標,3級分,--,--,--,--,底標,7級分,--,--,--,,,,,,,,,,,,,,,,1,8,在校學業,21%,47%,學測國英社,--,--,學測國文,--,--,學測英文,--,--,學測社會,--,--,國語文學業,--,--,英語文學業,--,--
第一至七類學群,046,銘傳大學,04602,企業管理學系企業管理組（臺北校區）,,一般,6,6,底標,7級分,底標,3級分,--,--,底標,3級分,底標,7級分,--,--,--,,,,,,,,,,,,,,,,5,1,在校學業,44%,17%,學測國數B社,--,--,學測國文,--,--,學測社會,--,--,學測數B,--,--,國語文學業,--,--,公社學業,--,--
第一至七類學群,046,銘傳大學,04602,企業管理學系企業管理組（臺北校區）,,外加,7,0,底標,7級分,底標,3級分,--,--,底標,3級分,底標,7級分,--,--,--,,,,,,,,,,,,,,,,0,--,在校學業,--,--,學測國數B社,--,--,學測國文,--,--,學測社會,--,--,學測數B,--,--,國語文學業,--,--,公社學業,--,--
第一至七類學群,046,銘傳大學,04603,企業管理學系數位經營組（臺北校區）,,一般,6,4,底標,7級分,--,--,--,--,底標,3級分,底標,7級分,--,--,--,,,,,,,,,,,,,,,,2,2,在校學業,40%,50%,學測國數B社,--,--,學測國文,--,--,學測社會,--,--,學測數B,--,--,國語文學業,--,--,數學學業,--,--
第一至七類學群,046,銘傳大學,04604,會計學系會計審計組（臺北校區）,,一般,14,14,底標,7級分,底標,3級分,--,--,--,--,底標,7級分,--,--,--,,,,,,,,,,,,,,,,9,5,在校學業,49%,30%,數學學業,--,--,學測英文,--,--,英語文學業,--,--,學測國文,--,--,國語文學業,--,--,學測數B,--,--
第一至七類學群,046,銘傳大學,04604,會計學系會計審計組（臺北校區）,,外加,2,0,底標,7級分,底標,3級分,--,--,--,--,底標,7級分,--,--,--,,,,,,,,,,,,,,,,0,--,在校學業,--,--,數學學業,--,--,學測英文,--,--,英語文學業,--,--,學測國文,--,--,國語文學業,--,--,學測數B,--,--
第一至七類學群,046,銘傳大學,04605,會計學系稅務規劃組（臺北校區）,,一般,12,12,底標,7級分,--,--,--,--,--,--,底標,7級分,--,--,--,,,,,,,,,,,,,,,,3,9,在校學業,39%,47%,公社學業,--,34%,學測社會,--,--,英語文學業,--,--,學測國文,--,--,國語文學業,--,--,學測英文,--,--
第一至七類學群,046,銘傳大學,04605,會計學系稅務規劃組（臺北校區）,,外加,3,0,底標,7級分,--,--,--,--,--,--,底標,7級分,--,--,--,,,,,,,,,,,,,,,,0,--,在校學業,--,--,公社學業,--,--,學測社會,--,--,英語文學業,--,--,學測國文,--,--,國語文學業,--,--,學測英文,--,--
第一至七類學群,046,銘傳大學,04606,財務金融學系（臺北校區）,,一般,28,28,底標,7級分,--,--,--,--,--,--,--,--,--,--,--,,,,,,,,,,,,,,,,28,--,在校學業,40%,--,學測國文,10,--,學測數B,--,--,學測英文,--,--,學測國英數B,--,--,公社學業,--,--,歷史學業,--,--
第一至七類學群,046,銘傳大學,04606,財務金融學系（臺北校區）,,外加,8,1,底標,7級分,--,--,--,--,--,--,--,--,--,--,--,,,,,,,,,,,,,,,,1,--,在校學業,43%,--,學測國文,--,--,學測數B,--,--,學測英文,--,--,學測國英數B,--,--,公社學業,--,--,歷史學業,--,--
第一至七類學群,046,銘傳大學,04607,資訊應用與金融保險學系金融組（臺北校區）,,一般,6,6,底標,7級分,--,--,--,--,--,--,--,--,--,--,--,,,,,,,,,,,,,,,,2,4,在校學業,48%,40%,學測英文,--,--,學測國文,--,--,學測社會,--,--,國語文學業,--,--,英語文學業,--,--,公社學業,--,--
第一至七類學群,046,銘傳大學,04607,資訊應用與金融保險學系金融組（臺北校區）,,外加,3,0,底標,7級分,--,--,--,--,--,--,--,--,--,--,--,,,,,,,,,,,,,,,,0,--,在校學業,--,--,學測英文,--,--,學測國文,--,--,學測社會,--,--,國語文學業,--,--,英語文學業,--,--,公社學業,--,--
第一至七類學群,046,銘傳大學,04608,國際企業學系跨境電商經營組（臺北校區）,,一般,11,2,底標,7級分,--,--,--,--,底標,3級分,底標,7級分,--,--,--,,,,,,,,,,,,,,,,0,2,在校學業,--,16%,學測國文,--,--,學測社會,--,--,學測英文,--,--,國語文學業,--,--,公社學業,--,--,英語文學業,--,--
第一至七類學群,046,銘傳大學,04609,國際企業學系外貿行銷管理組（臺北校區）,,一般,12,12,--,--,底標,3級分,--,--,--,--,底標,7級分,--,--,--,,,,,,,,,,,,,,,,5,7,在校學業,43%,42%,學測英文,--,--,學測國文,--,--,學測社會,--,--,國語文學業,--,--,數學學業,--,--,公社學業,--,--
第一至七類學群,046,銘傳大學,04609,國際企業學系外貿行銷管理組（臺北校區）,,外加,5,0,--,--,底標,3級分,--,--,--,--,底標,7級分,--,--,--,,,,,,,,,,,,,,,,0,--,在校學業,--,--,學測英文,--,--,學測國文,--,--,學測社會,--,--,國語文學業,--,--,數學學業,--,--,公社學業,--,--
第一至七類學群,046,銘傳大學,04610,新媒體暨傳播管理學系（臺北校區）,,一般,9,9,--,--,後標,4級分,--,--,--,--,--,--,--,--,--,,,,,,,,,,,,,,,,4,5,在校學業,43%,38%,學測國英社,--,--,學測國文,--,--,學測數B,--,--,學測英文,--,--,學測社會,--,--,數學學業,--,--
第一至七類學群,046,銘傳大學,04610,新媒體暨傳播管理學系（臺北校區）,,外加,1,0,--,--,後標,4級分,--,--,--,--,--,--,--,--,--,,,,,,,,,,,,,,,,0,--,在校學業,--,--,學測國英社,--,--,學測國文,--,--,學測數B,--,--,學測英文,--,--,學測社會,--,--,數學學業,--,--
第一至七類學群,046,銘傳大學,04611,廣播電視學系（臺北校區）,,一般,10,9,底標,7級分,--,--,--,--,--,--,--,--,--,--,--,,,,,,,,,,,,,,,,5,4,在校學業,34%,47%,學測國文,--,--,學測社會,--,--,學測英文,--,--,國語文學業,--,--,公社學業,--,--,英語文學業,--,--
第一至七類學群,046,銘傳大學,04611,廣播電視學系（臺北校區）,,外加,1,1,底標,7級分,--,--,--,--,--,--,--,--,--,--,--,,,,,,,,,,,,,,,,1,--,在校學業,25%,--,學測國文,--,--,學測社會,--,--,學測英文,--,--,國語文學業,--,--,公社學業,--,--,英語文學業,--,--
第一至七類學群,046,銘傳大學,04612,廣告暨策略行銷學系（臺北校區）,,一般,10,10,--,--,底標,3級分,--,--,--,--,--,--,--,--,--,,,,,,,,,,,,,,,,8,2,在校學業,44%,25%,學測國英社,--,--,學測國文,--,--,學測英文,--,--,學測社會,--,--,歷史學業,--,--,公社學業,--,--
第一至七類學群,046,銘傳大學,04612,廣告暨策略行銷學系（臺北校區）,,外加,2,0,--,--,底標,3級分,--,--,--,--,--,--,--,--,--,,,,,,,,,,,,,,,,0,--,在校學業,--,--,學測國英社,--,--,學測國文,--,--,學測英文,--,--,學測社會,--,--,歷史學業,--,--,公社學業,--,--
第一至七類學群,046,銘傳大學,04613,影音新聞暨社群傳播學系（臺北校區）,,一般,8,5,--,--,底標,3級分,--,--,--,--,--,--,--,--,--,,,,,,,,,,,,,,,,0,5,在校學業,--,49%,學測英文,--,--,學測國文,--,--,英語文學業,--,--,國語文學業,--,--,公社學業,--,--,歷史學業,--,--
第一至七類學群,046,銘傳大學,04613,影音新聞暨社群傳播學系（臺北校區）,,外加,2,0,--,--,底標,3級分,--,--,--,--,--,--,--,--,--,,,,,,,,,,,,,,,,0,--,在校學業,--,--,學測英文,--,--,學測國文,--,--,英語文學業,--,--,國語文學業,--,--,公社學業,--,--,歷史學業,--,--
第一至七類學群,046,銘傳大學,04614,法律學系（臺北校區）,,一般,26,26,後標,9級分,底標,3級分,--,--,--,--,後標,8級分,--,--,--,,,,,,,,,,,,,,,,26,--,在校學業,45%,--,公社學業,30%,--,國語文學業,--,--,英語文學業,--,--,學測社會,--,--,學測國文,--,--,學測英文,--,--
第一至七類學群,046,銘傳大學,04614,法律學系（臺北校區）,,外加,5,0,後標,9級分,底標,3級分,--,--,--,--,後標,8級分,--,--,--,,,,,,,,,,,,,,,,0,--,在校學業,--,--,公社學業,--,--,國語文學業,--,--,英語文學業,--,--,學測社會,--,--,學測國文,--,--,學測英文,--,--
第一至七類學群,046,銘傳大學,04615,財金法律學系（臺北校區）,,一般,15,15,後標,9級分,底標,3級分,--,--,--,--,後標,8級分,--,--,--,,,,,,,,,,,,,,,,11,4,在校學業,48%,17%,學測國文,--,--,學測英文,--,--,學測社會,--,--,國語文學業,--,--,英語文學業,--,--,公社學業,--,--
第一至七類學群,046,銘傳大學,04615,財金法律學系（臺北校區）,,外加,3,0,後標,9級分,底標,3級分,--,--,--,--,後標,8級分,--,--,--,,,,,,,,,,,,,,,,0,--,在校學業,--,--,學測國文,--,--,學測英文,--,--,學測社會,--,--,國語文學業,--,--,英語文學業,--,--,公社學業,--,--
第一至七類學群,046,銘傳大學,04616,國際企業與貿易學士學位學程（全英語授課．臺北校區）,,一般,3,3,--,--,後標,4級分,--,--,--,--,--,--,--,--,--,,,,,,,,,,,,,,,,3,--,在校學業,37%,--,學測英文,--,--,英語文學業,--,--,學測社會,--,--,公社學業,--,--,學測國文,--,--,國語文學業,--,--
第一至七類學群,046,銘傳大學,04616,國際企業與貿易學士學位學程（全英語授課．臺北校區）,,外加,1,0,--,--,後標,4級分,--,--,--,--,--,--,--,--,--,,,,,,,,,,,,,,,,0,--,在校學業,--,--,學測英文,--,--,英語文學業,--,--,學測社會,--,--,公社學業,--,--,學測國文,--,--,國語文學業,--,--
第一至七類學群,046,銘傳大學,04617,新聞與大眾傳播學士學位學程（全英語授課．臺北校區）,,一般,3,3,--,--,後標,4級分,--,--,--,--,--,--,--,--,--,,,,,,,,,,,,,,,,2,1,在校學業,45%,21%,學測英文,--,--,學測社會,--,--,英語文學業,--,--,公社學業,--,--,歷史學業,--,--,學測國文,--,--
第一至七類學群,046,銘傳大學,04617,新聞與大眾傳播學士學位學程（全英語授課．臺北校區）,,外加,1,0,--,--,後標,4級分,--,--,--,--,--,--,--,--,--,,,,,,,,,,,,,,,,0,--,在校學業,--,--,學測英文,--,--,學測社會,--,--,英語文學業,--,--,公社學業,--,--,歷史學業,--,--,學測國文,--,--
第一至七類學群,046,銘傳大學,04618,時尚與創新管理學士學位學程（全英語授課．臺北校區）,,一般,3,2,--,--,後標,4級分,--,--,--,--,--,--,--,--,--,,,,,,,,,,,,,,,,2,--,在校學業,24%,--,學測英文,--,--,英語文學業,--,--,學測社會,--,--,學測國文,--,--,公社學業,--,--,國語文學業,--,--
第一至七類學群,046,銘傳大學,04618,時尚與創新管理學士學位學程（全英語授課．臺北校區）,,外加,1,0,--,--,後標,4級分,--,--,--,--,--,--,--,--,--,,,,,,,,,,,,,,,,0,--,在校學業,--,--,學測英文,--,--,英語文學業,--,--,學測社會,--,--,學測國文,--,--,公社學業,--,--,國語文學業,--,--
第一至七類學群,046,銘傳大學,04619,國際事務與外交學士學位學程（全英語授課．桃園校區）,,一般,3,0,--,--,後標,4級分,--,--,--,--,--,--,--,--,--,,,,,,,,,,,,,,,,0,--,在校學業,--,--,學測英文,--,--,學測社會,--,--,學測國文,--,--,英語文學業,--,--,歷史學業,--,--,公社學業,--,--
第一至七類學群,046,銘傳大學,04619,國際事務與外交學士學位學程（全英語授課．桃園校區）,,外加,1,0,--,--,後標,4級分,--,--,--,--,--,--,--,--,--,,,,,,,,,,,,,,,,0,--,在校學業,--,--,學測英文,--,--,學測社會,--,--,學測國文,--,--,英語文學業,--,--,歷史學業,--,--,公社學業,--,--
第一至七類學群,046,銘傳大學,04620,應用中文與華語文教學系文教傳播組（桃園校區）,,一般,2,1,底標,7級分,--,--,--,--,--,--,--,--,--,--,--,,,,,,,,,,,,,,,,0,1,在校學業,--,35%,學測國文,--,--,國語文學業,--,--,學測社會,--,--,公社學業,--,--,歷史學業,--,--,英語文學業,--,--
第一至七類學群,046,銘傳大學,04620,應用中文與華語文教學系文教傳播組（桃園校區）,,外加,1,0,底標,7級分,--,--,--,--,--,--,--,--,--,--,--,,,,,,,,,,,,,,,,0,--,在校學業,--,--,學測國文,--,--,國語文學業,--,--,學測社會,--,--,公社學業,--,--,歷史學業,--,--,英語文學業,--,--
第一至七類學群,046,銘傳大學,04621,應用中文與華語文教學系語文創作組（桃園校區）,,一般,2,1,底標,7級分,--,--,--,--,--,--,--,--,--,--,--,,,,,,,,,,,,,,,,0,1,在校學業,--,30%,學測國文,--,--,國語文學業,--,--,學測社會,--,--,歷史學業,--,--,公社學業,--,--,英語文學業,--,--
第一至七類學群,046,銘傳大學,04622,應用英語學系（桃園校區）,,一般,10,4,--,--,後標,4級分,--,--,--,--,--,--,--,--,--,,,,,,,,,,,,,,,,3,1,在校學業,41%,23%,學測英文,--,--,學測國英社,--,--,英語文學業,--,--,國語文學業,--,--,歷史學業,--,--,地理學業,--,--
第一至七類學群,046,銘傳大學,04622,應用英語學系（桃園校區）,,外加,1,0,--,--,後標,4級分,--,--,--,--,--,--,--,--,--,,,,,,,,,,,,,,,,0,--,在校學業,--,--,學測英文,--,--,學測國英社,--,--,英語文學業,--,--,國語文學業,--,--,歷史學業,--,--,地理學業,--,--
第一至七類學群,046,銘傳大學,04623,應用日語學系（桃園校區）,,一般,15,13,底標,7級分,--,--,--,--,--,--,底標,7級分,--,--,--,,,,,,,,,,,,,,,,7,6,在校學業,45%,48%,學測國文,--,--,國語文學業,--,--,英語文學業,--,--,學測社會,--,--,歷史學業,--,--,地理學業,--,--
第一至七類學群,046,銘傳大學,04623,應用日語學系（桃園校區）,,外加,2,0,底標,7級分,--,--,--,--,--,--,底標,7級分,--,--,--,,,,,,,,,,,,,,,,0,--,在校學業,--,--,學測國文,--,--,國語文學業,--,--,英語文學業,--,--,學測社會,--,--,歷史學業,--,--,地理學業,--,--
第一至七類學群,046,銘傳大學,04624,商業設計學系（桃園校區）,,一般,15,15,底標,7級分,--,--,--,--,--,--,底標,7級分,--,--,--,,,,,,,,,,,,,,,,9,6,在校學業,48%,37%,學測國文,--,--,學測社會,--,--,學測英文,--,--,國語文學業,--,--,公社學業,--,--,英語文學業,--,--
第一至七類學群,046,銘傳大學,04624,商業設計學系（桃園校區）,,外加,1,0,底標,7級分,--,--,--,--,--,--,底標,7級分,--,--,--,,,,,,,,,,,,,,,,0,--,在校學業,--,--,學測國文,--,--,學測社會,--,--,學測英文,--,--,國語文學業,--,--,公社學業,--,--,英語文學業,--,--
第一至七類學群,046,銘傳大學,04625,商品設計學系（桃園校區）,,一般,14,9,底標,7級分,--,--,--,--,--,--,--,--,--,--,--,,,,,,,,,,,,,,,,3,6,在校學業,46%,50%,學測國文,--,--,學測英文,--,--,學測社會,--,--,國語文學業,--,--,英語文學業,--,--,公社學業,--,--
第一至七類學群,046,銘傳大學,04625,商品設計學系（桃園校區）,,外加,1,0,底標,7級分,--,--,--,--,--,--,--,--,--,--,--,,,,,,,,,,,,,,,,0,--,在校學業,--,--,學測國文,--,--,學測英文,--,--,學測社會,--,--,國語文學業,--,--,英語文學業,--,--,公社學業,--,--
第一至七類學群,046,銘傳大學,04626,數位媒體設計學系（桃園校區）,,一般,18,18,底標,7級分,--,--,--,--,--,--,底標,7級分,--,--,--,,,,,,,,,,,,,,,,13,5,在校學業,41%,22%,學測國文,--,--,學測英文,--,--,學測社會,--,--,國語文學業,--,--,英語文學業,--,--,公社學業,--,--
第一至七類學群,046,銘傳大學,04626,數位媒體設計學系（桃園校區）,,外加,1,0,底標,7級分,--,--,--,--,--,--,底標,7級分,--,--,--,,,,,,,,,,,,,,,,0,--,在校學業,--,--,學測國文,--,--,學測英文,--,--,學測社會,--,--,國語文學業,--,--,英語文學業,--,--,公社學業,--,--
第一至七類學群,046,銘傳大學,04627,建築學系（桃園校區）,,一般,8,8,後標,9級分,--,--,--,--,--,--,--,--,--,--,--,,,,,,,,,,,,,,,,6,2,在校學業,42%,41%,學測國英社,--,--,學測國文,--,--,學測英文,--,--,學測社會,--,--,學測自然,--,--,公社學業,--,--
第一至七類學群,046,銘傳大學,04627,建築學系（桃園校區）,,外加,2,1,後標,9級分,--,--,--,--,--,--,--,--,--,--,--,,,,,,,,,,,,,,,,1,--,在校學業,35%,--,學測國英社,--,--,學測國文,--,--,學測英文,--,--,學測社會,--,--,學測自然,--,--,公社學業,--,--
第一至七類學群,046,銘傳大學,04628,都市設計與永續發展學系（桃園校區）,,一般,3,3,底標,7級分,--,--,--,--,--,--,--,--,--,--,--,,,,,,,,,,,,,,,,1,2,在校學業,30%,36%,學測國文,--,--,學測社會,--,--,地理學業,--,--,國語文學業,--,--,公社學業,--,--,歷史學業,--,--
第一至七類學群,046,銘傳大學,04628,都市設計與永續發展學系（桃園校區）,,外加,1,0,底標,7級分,--,--,--,--,--,--,--,--,--,--,--,,,,,,,,,,,,,,,,0,--,在校學業,--,--,學測國文,--,--,學測社會,--,--,地理學業,--,--,國語文學業,--,--,公社學業,--,--,歷史學業,--,--
第一至七類學群,046,銘傳大學,04629,觀光事業學系（桃園校區）,,一般,7,7,--,--,--,--,--,--,--,--,底標,7級分,--,--,--,,,,,,,,,,,,,,,,3,4,在校學業,45%,47%,國語文學業,--,--,公社學業,--,--,英語文學業,--,--,學測國文,--,--,學測社會,--,--,學測英文,--,--
第一至七類學群,046,銘傳大學,04629,觀光事業學系（桃園校區）,,外加,1,0,--,--,--,--,--,--,--,--,底標,7級分,--,--,--,,,,,,,,,,,,,,,,0,--,在校學業,--,--,國語文學業,--,--,公社學業,--,--,英語文學業,--,--,學測國文,--,--,學測社會,--,--,學測英文,--,--
第一至七類學群,046,銘傳大學,04630,休閒遊憩管理學系（桃園校區）,,一般,7,3,--,--,--,--,--,--,--,--,底標,7級分,--,--,--,,,,,,,,,,,,,,,,1,2,在校學業,37%,35%,國語文學業,--,--,公社學業,--,--,地理學業,--,--,歷史學業,--,--,學測國社,--,--,學測國文,--,--
第一至七類學群,046,銘傳大學,04630,休閒遊憩管理學系（桃園校區）,,外加,1,0,--,--,--,--,--,--,--,--,底標,7級分,--,--,--,,,,,,,,,,,,,,,,0,--,在校學業,--,--,國語文學業,--,--,公社學業,--,--,地理學業,--,--,歷史學業,--,--,學測國社,--,--,學測國文,--,--
第一至七類學群,046,銘傳大學,04631,餐旅管理學系（桃園校區）,,一般,8,3,--,--,--,--,--,--,--,--,底標,7級分,--,--,--,,,,,,,,,,,,,,,,2,1,在校學業,22%,5%,國語文學業,--,--,公社學業,--,--,英語文學業,--,--,學測國文,--,--,學測社會,--,--,學測英文,--,--
第一至七類學群,046,銘傳大學,04631,餐旅管理學系（桃園校區）,,外加,1,0,--,--,--,--,--,--,--,--,底標,7級分,--,--,--,,,,,,,,,,,,,,,,0,--,在校學業,--,--,國語文學業,--,--,公社學業,--,--,英語文學業,--,--,學測國文,--,--,學測社會,--,--,學測英文,--,--
第一至七類學群,046,銘傳大學,04632,犯罪防治學系（桃園校區）,,一般,15,15,--,--,--,--,--,--,--,--,後標,8級分,--,--,--,,,,,,,,,,,,,,,,15,--,在校學業,28%,--,學測國英社,--,--,學測社會,--,--,學測國文,--,--,學測英文,--,--,公社學業,--,--,國語文學業,--,--
第一至七類學群,046,銘傳大學,04632,犯罪防治學系（桃園校區）,,外加,2,1,--,--,--,--,--,--,--,--,後標,8級分,--,--,--,,,,,,,,,,,,,,,,1,--,在校學業,50%,--,學測國英社,--,--,學測社會,--,--,學測國文,--,--,學測英文,--,--,公社學業,--,--,國語文學業,--,--
第一至七類學群,046,銘傳大學,04633,公共事務與行政管理學系（桃園校區）,,一般,7,7,--,--,--,--,--,--,--,--,後標,8級分,--,--,--,,,,,,,,,,,,,,,,5,2,在校學業,50%,19%,學測國英社,--,--,學測社會,--,--,學測國文,--,--,學測英文,--,--,公社學業,--,--,國語文學業,--,--
第一至七類學群,046,銘傳大學,04633,公共事務與行政管理學系（桃園校區）,,外加,2,0,--,--,--,--,--,--,--,--,後標,8級分,--,--,--,,,,,,,,,,,,,,,,0,--,在校學業,--,--,學測國英社,--,--,學測社會,--,--,學測國文,--,--,學測英文,--,--,公社學業,--,--,國語文學業,--,--
第一至七類學群,046,銘傳大學,04634,諮商臨床與工商心理學系（桃園校區）,,一般,13,13,--,--,--,--,底標,3級分,底標,3級分,均標,10級分,--,--,--,,,,,,,,,,,,,,,,7,6,在校學業,37%,50%,學測國英,--,--,學測英文,--,--,學測國文,--,--,學測社會,--,--,英語文學業,--,--,國語文學業,--,--
第一至七類學群,046,銘傳大學,04634,諮商臨床與工商心理學系（桃園校區）,,外加,3,0,--,--,--,--,底標,3級分,底標,3級分,均標,10級分,--,--,--,,,,,,,,,,,,,,,,0,--,在校學業,--,--,學測國英,--,--,學測英文,--,--,學測國文,--,--,學測社會,--,--,英語文學業,--,--,國語文學業,--,--
第一至七類學群,046,銘傳大學,04635,金融學系（桃園校區）,,一般,8,8,底標,7級分,--,--,--,--,--,--,底標,7級分,--,--,--,,,,,,,,,,,,,,,,8,--,在校學業,50%,--,學測國文,--,--,學測社會,--,--,國語文學業,--,--,公社學業,--,--,學測國社,--,--,學測英文,--,--
第一至七類學群,046,銘傳大學,04635,金融學系（桃園校區）,,外加,2,0,底標,7級分,--,--,--,--,--,--,底標,7級分,--,--,--,,,,,,,,,,,,,,,,0,--,在校學業,--,--,學測國文,--,--,學測社會,--,--,國語文學業,--,--,公社學業,--,--,學測國社,--,--,學測英文,--,--
第一至七類學群,046,銘傳大學,04636,金融科技應用學系（桃園校區）,,一般,7,2,底標,7級分,--,--,--,--,--,--,底標,7級分,--,--,--,,,,,,,,,,,,,,,,0,2,在校學業,--,49%,地理學業,--,--,公社學業,--,--,國語文學業,--,--,學測社會,--,--,學測國文,--,--,學測國社,--,--
第一至七類學群,046,銘傳大學,04636,金融科技應用學系（桃園校區）,,外加,1,0,底標,7級分,--,--,--,--,--,--,底標,7級分,--,--,--,,,,,,,,,,,,,,,,0,--,在校學業,--,--,地理學業,--,--,公社學業,--,--,國語文學業,--,--,學測社會,--,--,學測國文,--,--,學測國社,--,--
第一至七類學群,046,銘傳大學,04637,醫療資訊與管理學系（桃園校區）,,一般,14,8,--,--,底標,3級分,--,--,--,--,--,--,--,--,--,,,,,,,,,,,,,,,,1,7,在校學業,49%,50%,學測國英社,--,--,學測英文,--,--,學測社會,--,--,學測國文,--,--,英語文學業,--,--,公社學業,--,--
第一至七類學群,046,銘傳大學,04637,醫療資訊與管理學系（桃園校區）,,外加,1,0,--,--,底標,3級分,--,--,--,--,--,--,--,--,--,,,,,,,,,,,,,,,,0,--,在校學業,--,--,學測國英社,--,--,學測英文,--,--,學測社會,--,--,學測國文,--,--,英語文學業,--,--,公社學業,--,--
第一至七類學群,046,銘傳大學,04638,資訊應用與金融保險學系資訊組（臺北校區）,,一般,5,5,底標,7級分,--,--,--,--,--,--,--,--,--,--,--,,,,,,,,,,,,,,,,0,5,在校學業,--,31%,學測國文,--,--,學測英文,--,--,學測社會,--,--,國語文學業,--,--,英語文學業,--,--,學測數B,--,--
第一至七類學群,046,銘傳大學,04638,資訊應用與金融保險學系資訊組（臺北校區）,,外加,2,0,底標,7級分,--,--,--,--,--,--,--,--,--,--,--,,,,,,,,,,,,,,,,0,--,在校學業,--,--,學測國文,--,--,學測英文,--,--,學測社會,--,--,國語文學業,--,--,英語文學業,--,--,學測數B,--,--
第一至七類學群,046,銘傳大學,04639,資訊管理學系人工智慧應用組（桃園校區）,,一般,12,12,--,--,底標,3級分,--,--,--,--,--,--,--,--,--,,,,,,,,,,,,,,,,4,8,在校學業,47%,39%,學測國英,--,--,學測英文,--,--,學測國文,--,--,數學學業,--,--,英語文學業,--,--,國語文學業,--,--
第一至七類學群,046,銘傳大學,04639,資訊管理學系人工智慧應用組（桃園校區）,,外加,1,0,--,--,底標,3級分,--,--,--,--,--,--,--,--,--,,,,,,,,,,,,,,,,0,--,在校學業,--,--,學測國英,--,--,學測英文,--,--,學測國文,--,--,數學學業,--,--,英語文學業,--,--,國語文學業,--,--
第一至七類學群,046,銘傳大學,04640,資訊管理學系巨量資料管理組（桃園校區）,,一般,12,9,--,--,--,--,--,--,底標,3級分,--,--,--,--,--,,,,,,,,,,,,,,,,1,8,在校學業,29%,48%,學測國數B,--,--,學測數B,--,--,學測國文,--,--,英語文學業,--,--,數學學業,--,--,國語文學業,--,--
第一至七類學群,046,銘傳大學,04640,資訊管理學系巨量資料管理組（桃園校區）,,外加,1,0,--,--,--,--,--,--,底標,3級分,--,--,--,--,--,,,,,,,,,,,,,,,,0,--,在校學業,--,--,學測國數B,--,--,學測數B,--,--,學測國文,--,--,英語文學業,--,--,數學學業,--,--,國語文學業,--,--
第一至七類學群,046,銘傳大學,04641,資訊管理學系電子商務管理組（桃園校區）,,一般,10,10,底標,7級分,--,--,--,--,--,--,--,--,--,--,--,,,,,,,,,,,,,,,,2,8,在校學業,24%,46%,學測國英,--,--,學測國文,--,--,學測英文,--,--,數學學業,--,--,國語文學業,--,--,英語文學業,--,--
第一至七類學群,046,銘傳大學,04641,資訊管理學系電子商務管理組（桃園校區）,,外加,1,0,底標,7級分,--,--,--,--,--,--,--,--,--,--,--,,,,,,,,,,,,,,,,0,--,在校學業,--,--,學測國英,--,--,學測國文,--,--,學測英文,--,--,數學學業,--,--,國語文學業,--,--,英語文學業,--,--
第一至七類學群,046,銘傳大學,04642,人工智慧應用學系（桃園校區）,,一般,15,15,--,--,--,--,底標,3級分,底標,3級分,--,--,--,--,--,,,,,,,,,,,,,,,,3,12,在校學業,49%,49%,學測英文,--,--,數學學業,--,--,國語文學業,--,--,學測國英,--,--,資訊科技學業,--,--,英語文學業,--,--
第一至七類學群,046,銘傳大學,04642,人工智慧應用學系（桃園校區）,,外加,1,0,--,--,--,--,底標,3級分,底標,3級分,--,--,--,--,--,,,,,,,,,,,,,,,,0,--,在校學業,--,--,學測英文,--,--,數學學業,--,--,國語文學業,--,--,學測國英,--,--,資訊科技學業,--,--,英語文學業,--,--
第一至七類學群,046,銘傳大學,04643,資訊工程學系（桃園校區）,,一般,40,36,--,--,--,--,--,--,底標,3級分,--,--,--,--,--,,,,,,,,,,,,,,,,1,35,在校學業,35%,50%,學測國文,--,--,學測數B,--,--,物理學業,--,--,數學學業,--,--,國語文學業,--,--,學測英文,--,--
第一至七類學群,046,銘傳大學,04643,資訊工程學系（桃園校區）,,外加,2,0,--,--,--,--,--,--,底標,3級分,--,--,--,--,--,,,,,,,,,,,,,,,,0,--,在校學業,--,--,學測國文,--,--,學測數B,--,--,物理學業,--,--,數學學業,--,--,國語文學業,--,--,學測英文,--,--
第一至七類學群,046,銘傳大學,04644,電機工程學系（桃園校區）,,一般,25,25,--,--,--,--,底標,3級分,--,--,--,--,--,--,--,,,,,,,,,,,,,,,,3,22,在校學業,41%,41%,學測國文,--,8,學測數A,--,5,國語文學業,--,--,數學學業,--,--,英語文學業,--,--,資訊科技學業,--,--
第一至七類學群,046,銘傳大學,04644,電機工程學系（桃園校區）,,外加,1,0,--,--,--,--,底標,3級分,--,--,--,--,--,--,--,,,,,,,,,,,,,,,,0,--,在校學業,--,--,學測國文,--,--,學測數A,--,--,國語文學業,--,--,數學學業,--,--,英語文學業,--,--,資訊科技學業,--,--
第一至七類學群,046,銘傳大學,04645,半導體應用學士學位學程（桃園校區）,,一般,7,7,--,--,--,--,底標,3級分,--,--,--,--,--,--,--,,,,,,,,,,,,,,,,1,6,在校學業,28%,49%,學測數A,--,--,學測英文,--,--,學測國文,--,--,學測自然,--,--,數學學業,--,--,英語文學業,--,--
第一至七類學群,046,銘傳大學,04645,半導體應用學士學位學程（桃園校區）,,外加,1,0,--,--,--,--,底標,3級分,--,--,--,--,--,--,--,,,,,,,,,,,,,,,,0,--,在校學業,--,--,學測數A,--,--,學測英文,--,--,學測國文,--,--,學測自然,--,--,數學學業,--,--,英語文學業,--,--
第一至七類學群,046,銘傳大學,04646,生物科技學系（桃園校區）,,一般,13,4,--,--,--,--,--,--,--,--,--,--,底標,5級分,--,,,,,,,,,,,,,,,,1,3,在校學業,50%,34%,學測自然,--,--,學測英文,--,--,學測國文,--,--,化學學業,--,--,生物學業,--,--,地科學業,--,--
第一至七類學群,046,銘傳大學,04646,生物科技學系（桃園校區）,,外加,2,0,--,--,--,--,--,--,--,--,--,--,底標,5級分,--,,,,,,,,,,,,,,,,0,--,在校學業,--,--,學測自然,--,--,學測英文,--,--,學測國文,--,--,化學學業,--,--,生物學業,--,--,地科學業,--,--
第一至七類學群,046,銘傳大學,04647,生物醫學工程學系（桃園校區）,,一般,13,11,--,--,--,--,--,--,--,--,--,--,後標,7級分,--,,,,,,,,,,,,,,,,1,10,在校學業,15%,49%,學測自然,--,--,學測英文,--,--,學測國文,--,--,數學學業,--,--,英語文學業,--,--,學測國英自,--,--
第一至七類學群,046,銘傳大學,04647,生物醫學工程學系（桃園校區）,,外加,2,0,--,--,--,--,--,--,--,--,--,--,後標,7級分,--,,,,,,,,,,,,,,,,0,--,在校學業,--,--,學測自然,--,--,學測英文,--,--,學測國文,--,--,數學學業,--,--,英語文學業,--,--,學測國英自,--,--
第一至七類學群,046,銘傳大學,04648,資訊科技應用與管理學士學位學程（全英語授課．桃園校區）,,一般,1,0,底標,7級分,--,--,底標,3級分,底標,3級分,--,--,--,--,--,,,,,,,,,,,,,,,,0,--,在校學業,--,--,學測英文,--,--,英語文學業,--,--,學測國文,--,--,資訊科技學業,--,--,國語文學業,--,--,學測社會,--,--
第一至七類學群,047,世新大學,04701,新聞學系,,一般,24,24,後標,9級分,--,--,--,--,--,--,--,--,--,--,--,,,,,,,,,,,,,,,,16,8,在校學業,49%,40%,學測國文,--,--,學測社會,--,--,國語文學業,--,--,公社學業,--,--,學測英文,--,--,英語文學業,--,--
第一至七類學群,047,世新大學,04701,新聞學系,,外加,6,0,後標,9級分,--,--,--,--,--,--,--,--,--,--,--,,,,,,,,,,,,,,,,0,--,在校學業,--,--,學測國文,--,--,學測社會,--,--,國語文學業,--,--,公社學業,--,--,學測英文,--,--,英語文學業,--,--
第一至七類學群,047,世新大學,04702,廣播電視電影學系廣播與聲音設計組,,一般,12,12,均標,10級分,--,--,--,--,--,--,--,--,--,--,--,,,,,,,,,,,,,,,,12,--,在校學業,32%,--,學測英文,--,--,學測國文,--,--,英語文學業,--,--,國語文學業,--,--,歷史學業,--,--,公社學業,--,--
第一至七類學群,047,世新大學,04702,廣播電視電影學系廣播與聲音設計組,,外加,5,0,均標,10級分,--,--,--,--,--,--,--,--,--,--,--,,,,,,,,,,,,,,,,0,--,在校學業,--,--,學測英文,--,--,學測國文,--,--,英語文學業,--,--,國語文學業,--,--,歷史學業,--,--,公社學業,--,--
第一至七類學群,047,世新大學,04703,廣播電視電影學系電視組,,一般,30,30,均標,10級分,--,--,--,--,--,--,--,--,--,--,--,,,,,,,,,,,,,,,,30,--,在校學業,44%,--,學測英文,--,--,學測國文,--,--,英語文學業,--,--,國語文學業,--,--,歷史學業,--,--,公社學業,--,--
第一至七類學群,047,世新大學,04703,廣播電視電影學系電視組,,外加,8,2,均標,10級分,--,--,--,--,--,--,--,--,--,--,--,,,,,,,,,,,,,,,,2,--,在校學業,47%,--,學測英文,--,--,學測國文,--,--,英語文學業,--,--,國語文學業,--,--,歷史學業,--,--,公社學業,--,--
第一至七類學群,047,世新大學,04704,廣播電視電影學系電影組,,一般,19,19,均標,10級分,--,--,--,--,--,--,--,--,--,--,--,,,,,,,,,,,,,,,,19,--,在校學業,35%,--,學測英文,--,--,學測國文,--,--,英語文學業,--,--,國語文學業,--,--,歷史學業,--,--,公社學業,--,--
第一至七類學群,047,世新大學,04704,廣播電視電影學系電影組,,外加,5,1,均標,10級分,--,--,--,--,--,--,--,--,--,--,--,,,,,,,,,,,,,,,,1,--,在校學業,39%,--,學測英文,--,--,學測國文,--,--,英語文學業,--,--,國語文學業,--,--,歷史學業,--,--,公社學業,--,--
第一至七類學群,047,世新大學,04705,圖文傳播學系,,一般,24,24,底標,7級分,底標,3級分,--,--,--,--,--,--,--,--,--,,,,,,,,,,,,,,,,24,--,在校學業,41%,--,學測國文,--,--,學測英文,--,--,國語文學業,--,--,英語文學業,--,--,數學學業,--,--,公社學業,--,--
第一至七類學群,047,世新大學,04705,圖文傳播學系,,外加,6,0,底標,7級分,底標,3級分,--,--,--,--,--,--,--,--,--,,,,,,,,,,,,,,,,0,--,在校學業,--,--,學測國文,--,--,學測英文,--,--,國語文學業,--,--,英語文學業,--,--,數學學業,--,--,公社學業,--,--
第一至七類學群,047,世新大學,04706,公共關係暨廣告學系,,一般,37,37,後標,9級分,--,--,--,--,--,--,--,--,--,--,--,,,,,,,,,,,,,,,,34,3,在校學業,49%,17%,學測國英社,--,--,學測國文,--,--,學測英文,--,--,學測社會,--,--,國語文學業,--,--,英語文學業,--,--
第一至七類學群,047,世新大學,04706,公共關係暨廣告學系,,外加,9,0,後標,9級分,--,--,--,--,--,--,--,--,--,--,--,,,,,,,,,,,,,,,,0,--,在校學業,--,--,學測國英社,--,--,學測國文,--,--,學測英文,--,--,學測社會,--,--,國語文學業,--,--,英語文學業,--,--
第一至七類學群,047,世新大學,04707,口語傳播暨社群媒體學系,,一般,20,20,後標,9級分,--,--,--,--,--,--,--,--,--,--,--,,,,,,,,,,,,,,,,7,13,在校學業,47%,38%,學測國文,--,--,學測社會,--,--,公社學業,--,--,國語文學業,--,--,學測英文,--,--,英語文學業,--,--
第一至七類學群,047,世新大學,04707,口語傳播暨社群媒體學系,,外加,5,0,後標,9級分,--,--,--,--,--,--,--,--,--,--,--,,,,,,,,,,,,,,,,0,--,在校學業,--,--,學測國文,--,--,學測社會,--,--,公社學業,--,--,國語文學業,--,--,學測英文,--,--,英語文學業,--,--
第一至七類學群,047,世新大學,04708,資訊傳播學系,,一般,14,14,後標,9級分,底標,3級分,--,--,--,--,--,--,--,--,--,,,,,,,,,,,,,,,,3,11,在校學業,48%,47%,學測國文,--,--,學測英文,--,--,學測社會,--,--,國語文學業,--,--,英語文學業,--,--,數學學業,--,--
第一至七類學群,047,世新大學,04708,資訊傳播學系,,外加,4,0,後標,9級分,底標,3級分,--,--,--,--,--,--,--,--,--,,,,,,,,,,,,,,,,0,--,在校學業,--,--,學測國文,--,--,學測英文,--,--,學測社會,--,--,國語文學業,--,--,英語文學業,--,--,數學學業,--,--
第一至七類學群,047,世新大學,04709,數位多媒體設計學系,,一般,22,22,底標,7級分,--,--,--,--,--,--,--,--,--,--,--,,,,,,,,,,,,,,,,11,11,在校學業,46%,39%,學測國文,--,--,學測英文,--,--,英語文學業,--,--,國語文學業,--,--,學測社會,--,--,歷史學業,--,--
第一至七類學群,047,世新大學,04709,數位多媒體設計學系,,外加,6,1,底標,7級分,--,--,--,--,--,--,--,--,--,--,--,,,,,,,,,,,,,,,,1,--,在校學業,28%,--,學測國文,--,--,學測英文,--,--,英語文學業,--,--,國語文學業,--,--,學測社會,--,--,歷史學業,--,--
第一至七類學群,047,世新大學,04710,傳播管理學系,,一般,29,29,--,--,後標,4級分,--,--,--,--,--,--,--,--,--,,,,,,,,,,,,,,,,19,10,在校學業,49%,32%,學測英文,--,--,學測社會,--,--,學測國文,--,--,英語文學業,--,--,數學學業,--,--,國語文學業,--,--
第一至七類學群,047,世新大學,04710,傳播管理學系,,外加,7,1,--,--,後標,4級分,--,--,--,--,--,--,--,--,--,,,,,,,,,,,,,,,,1,--,在校學業,27%,--,學測英文,--,--,學測社會,--,--,學測國文,--,--,英語文學業,--,--,數學學業,--,--,國語文學業,--,--
第一至七類學群,047,世新大學,04711,資訊管理學系資訊管理組,,一般,10,9,--,--,--,--,--,--,底標,3級分,--,--,--,--,--,,,,,,,,,,,,,,,,3,6,在校學業,41%,50%,學測數B,--,--,學測國文,--,--,國語文學業,--,--,數學學業,--,--,英語文學業,--,--,公社學業,--,--
第一至七類學群,047,世新大學,04711,資訊管理學系資訊管理組,,外加,3,0,--,--,--,--,--,--,底標,3級分,--,--,--,--,--,,,,,,,,,,,,,,,,0,--,在校學業,--,--,學測數B,--,--,學測國文,--,--,國語文學業,--,--,數學學業,--,--,英語文學業,--,--,公社學業,--,--
第一至七類學群,047,世新大學,04712,資訊管理學系人工智慧暨科技傳播組,,一般,8,2,--,--,--,--,--,--,底標,3級分,--,--,--,--,--,,,,,,,,,,,,,,,,1,1,在校學業,36%,45%,學測數B,--,--,學測國文,--,--,國語文學業,--,--,數學學業,--,--,英語文學業,--,--,公社學業,--,--
第一至七類學群,047,世新大學,04712,資訊管理學系人工智慧暨科技傳播組,,外加,2,0,--,--,--,--,--,--,底標,3級分,--,--,--,--,--,,,,,,,,,,,,,,,,0,--,在校學業,--,--,學測數B,--,--,學測國文,--,--,國語文學業,--,--,數學學業,--,--,英語文學業,--,--,公社學業,--,--
第一至七類學群,047,世新大學,04713,財務金融學系,,一般,8,8,--,--,--,--,--,--,底標,3級分,--,--,--,--,--,,,,,,,,,,,,,,,,8,--,在校學業,30%,--,學測數B,--,--,學測英文,--,--,學測國文,--,--,數學學業,--,--,英語文學業,--,--,國語文學業,--,--
第一至七類學群,047,世新大學,04713,財務金融學系,,外加,2,0,--,--,--,--,--,--,底標,3級分,--,--,--,--,--,,,,,,,,,,,,,,,,0,--,在校學業,--,--,學測數B,--,--,學測英文,--,--,學測國文,--,--,數學學業,--,--,英語文學業,--,--,國語文學業,--,--
第一至七類學群,047,世新大學,04714,行政管理學系,,一般,6,6,--,--,--,--,--,--,--,--,底標,7級分,--,--,--,,,,,,,,,,,,,,,,3,3,在校學業,43%,32%,學測國文,--,--,學測社會,--,--,學測英文,--,--,國語文學業,--,--,公社學業,--,--,英語文學業,--,--
第一至七類學群,047,世新大學,04714,行政管理學系,,外加,2,0,--,--,--,--,--,--,--,--,底標,7級分,--,--,--,,,,,,,,,,,,,,,,0,--,在校學業,--,--,學測國文,--,--,學測社會,--,--,學測英文,--,--,國語文學業,--,--,公社學業,--,--,英語文學業,--,--
第一至七類學群,047,世新大學,04715,觀光學系餐旅經營管理組,,一般,5,3,--,--,--,--,--,--,--,--,底標,7級分,--,--,--,,,,,,,,,,,,,,,,1,2,在校學業,26%,49%,學測社會,--,--,地理學業,--,--,學測國文,--,--,歷史學業,--,--,學測英文,--,--,國語文學業,--,--
第一至七類學群,047,世新大學,04715,觀光學系餐旅經營管理組,,外加,2,1,--,--,--,--,--,--,--,--,底標,7級分,--,--,--,,,,,,,,,,,,,,,,1,--,在校學業,41%,--,學測社會,--,--,地理學業,--,--,學測國文,--,--,歷史學業,--,--,學測英文,--,--,國語文學業,--,--
第一至七類學群,047,世新大學,04716,觀光學系旅遊暨休閒事業管理組,,一般,5,5,--,--,--,--,--,--,--,--,底標,7級分,--,--,--,,,,,,,,,,,,,,,,1,4,在校學業,30%,48%,學測社會,--,--,地理學業,--,--,學測國文,--,--,歷史學業,--,--,學測英文,--,--,國語文學業,--,--
第一至七類學群,047,世新大學,04716,觀光學系旅遊暨休閒事業管理組,,外加,2,1,--,--,--,--,--,--,--,--,底標,7級分,--,--,--,,,,,,,,,,,,,,,,1,--,在校學業,12%,--,學測社會,--,--,地理學業,--,--,學測國文,--,--,歷史學業,--,--,學測英文,--,--,國語文學業,--,--
第一至七類學群,047,世新大學,04717,經濟學系,,一般,5,5,--,--,--,--,--,--,底標,3級分,--,--,--,--,--,,,,,,,,,,,,,,,,3,2,在校學業,39%,29%,學測國文,--,--,學測英文,--,--,學測數B,--,--,國語文學業,--,--,英語文學業,--,--,數學學業,--,--
第一至七類學群,047,世新大學,04717,經濟學系,,外加,2,0,--,--,--,--,--,--,底標,3級分,--,--,--,--,--,,,,,,,,,,,,,,,,0,--,在校學業,--,--,學測國文,--,--,學測英文,--,--,學測數B,--,--,國語文學業,--,--,英語文學業,--,--,數學學業,--,--
第一至七類學群,047,世新大學,04718,企業管理學系,,一般,7,7,底標,7級分,--,--,--,--,--,--,--,--,--,--,--,,,,,,,,,,,,,,,,6,1,在校學業,47%,8%,學測國文,--,--,學測英文,--,--,數學學業,--,--,學測社會,--,--,國語文學業,--,--,英語文學業,--,--
第一至七類學群,047,世新大學,04718,企業管理學系,,外加,2,0,底標,7級分,--,--,--,--,--,--,--,--,--,--,--,,,,,,,,,,,,,,,,0,--,在校學業,--,--,學測國文,--,--,學測英文,--,--,數學學業,--,--,學測社會,--,--,國語文學業,--,--,英語文學業,--,--
第一至七類學群,047,世新大學,04719,社會心理學系,,一般,9,9,底標,7級分,--,--,--,--,--,--,--,--,--,--,--,,,,,,,,,,,,,,,,9,--,在校學業,43%,--,學測國文,9,--,學測英文,--,--,學測社會,--,--,公社學業,--,--,歷史學業,--,--,國語文學業,--,--
第一至七類學群,047,世新大學,04719,社會心理學系,,外加,2,2,底標,7級分,--,--,--,--,--,--,--,--,--,--,--,,,,,,,,,,,,,,,,2,--,在校學業,35%,--,學測國文,--,--,學測英文,--,--,學測社會,--,--,公社學業,--,--,歷史學業,--,--,國語文學業,--,--
第一至七類學群,047,世新大學,04720,英語暨傳播應用學系,,一般,6,6,--,--,後標,4級分,--,--,--,--,--,--,--,--,--,,,,,,,,,,,,,,,,2,4,在校學業,44%,34%,學測英文,--,--,英語文學業,--,--,學測國文,--,--,國語文學業,--,--,歷史學業,--,--,公社學業,--,--
第一至七類學群,047,世新大學,04720,英語暨傳播應用學系,,外加,2,0,--,--,後標,4級分,--,--,--,--,--,--,--,--,--,,,,,,,,,,,,,,,,0,--,在校學業,--,--,學測英文,--,--,英語文學業,--,--,學測國文,--,--,國語文學業,--,--,歷史學業,--,--,公社學業,--,--
第一至七類學群,047,世新大學,04721,日本語文學系,,一般,7,7,底標,7級分,--,--,--,--,--,--,--,--,--,--,--,,,,,,,,,,,,,,,,4,3,在校學業,37%,36%,學測國文,--,--,學測社會,--,--,學測英文,--,--,國語文學業,--,--,歷史學業,--,--,英語文學業,--,--
第一至七類學群,047,世新大學,04721,日本語文學系,,外加,3,1,底標,7級分,--,--,--,--,--,--,--,--,--,--,--,,,,,,,,,,,,,,,,1,--,在校學業,44%,--,學測國文,--,--,學測社會,--,--,學測英文,--,--,國語文學業,--,--,歷史學業,--,--,英語文學業,--,--
第一至七類學群,047,世新大學,04722,法律學系,,一般,20,18,均標,10級分,--,--,--,--,--,--,--,--,--,--,--,,,,,,,,,,,,,,,,14,4,在校學業,44%,40%,學測國文,--,--,學測英文,--,--,學測社會,--,--,國語文學業,--,--,英語文學業,--,--,公社學業,--,--
第一至七類學群,047,世新大學,04722,法律學系,,外加,5,0,均標,10級分,--,--,--,--,--,--,--,--,--,--,--,,,,,,,,,,,,,,,,0,--,在校學業,--,--,學測國文,--,--,學測英文,--,--,學測社會,--,--,國語文學業,--,--,英語文學業,--,--,公社學業,--,--
第一至七類學群,050,實踐大學,05001,社會工作學系(臺北校區),,一般,29,23,底標,7級分,--,--,--,--,--,--,--,--,--,--,--,,,,,,,,,,,,,,,,11,12,在校學業,49%,47%,國語文學業,--,--,公社學業,--,--,學測國文,--,--,學測社會,--,--,學測英文,--,--,數學學業,--,--
第一至七類學群,050,實踐大學,05001,社會工作學系(臺北校區),,外加,5,2,底標,7級分,--,--,--,--,--,--,--,--,--,--,--,,,,,,,,,,,,,,,,2,--,在校學業,49%,--,國語文學業,--,--,公社學業,--,--,學測國文,--,--,學測社會,--,--,學測英文,--,--,數學學業,--,--
第一至七類學群,050,實踐大學,05002,家庭研究與兒童發展學系(臺北校區),,一般,8,8,底標,7級分,--,--,--,--,--,--,--,--,--,--,--,,,,,,,,,,,,,,,,7,1,在校學業,46%,30%,學測國社,--,--,學測國文,--,--,學測英文,--,--,學測社會,--,--,國語文學業,--,--,英語文學業,--,--
第一至七類學群,050,實踐大學,05002,家庭研究與兒童發展學系(臺北校區),,外加,2,0,底標,7級分,--,--,--,--,--,--,--,--,--,--,--,,,,,,,,,,,,,,,,0,--,在校學業,--,--,學測國社,--,--,學測國文,--,--,學測英文,--,--,學測社會,--,--,國語文學業,--,--,英語文學業,--,--
第一至七類學群,050,實踐大學,05003,餐飲管理學系(臺北校區),,一般,7,6,底標,7級分,--,--,--,--,--,--,--,--,--,--,--,,,,,,,,,,,,,,,,3,3,在校學業,41%,33%,國語文學業,--,--,英語文學業,--,--,公社學業,--,--,學測英文,--,--,學測國英,--,--,學測國文,--,--
第一至七類學群,050,實踐大學,05003,餐飲管理學系(臺北校區),,外加,2,1,底標,7級分,--,--,--,--,--,--,--,--,--,--,--,,,,,,,,,,,,,,,,0,1,在校學業,--,43%,國語文學業,--,--,英語文學業,--,--,公社學業,--,--,學測英文,--,--,學測國英,--,--,學測國文,--,--
第一至七類學群,050,實踐大學,05004,法律學系(臺北校區),,一般,10,10,後標,9級分,--,--,--,--,--,--,--,--,--,--,--,,,,,,,,,,,,,,,,6,4,在校學業,50%,33%,國語文學業,--,--,學測國文,--,--,英語文學業,--,--,學測英文,--,--,公社學業,--,--,學測社會,--,--
第一至七類學群,050,實踐大學,05004,法律學系(臺北校區),,外加,2,0,後標,9級分,--,--,--,--,--,--,--,--,--,--,--,,,,,,,,,,,,,,,,0,--,在校學業,--,--,國語文學業,--,--,學測國文,--,--,英語文學業,--,--,學測英文,--,--,公社學業,--,--,學測社會,--,--
第一至七類學群,050,實踐大學,05005,服裝設計學系(臺北校區),,一般,12,12,--,--,後標,4級分,--,--,--,--,--,--,--,--,--,,,,,,,,,,,,,,,,12,--,在校學業,20%,--,學測英文,7,--,學測國文,11,--,學測社會,--,--,英語文學業,--,--,國語文學業,--,--,學測國英社,--,--
第一至七類學群,050,實踐大學,05005,服裝設計學系(臺北校區),,外加,1,0,--,--,後標,4級分,--,--,--,--,--,--,--,--,--,,,,,,,,,,,,,,,,0,--,在校學業,--,--,學測英文,--,--,學測國文,--,--,學測社會,--,--,英語文學業,--,--,國語文學業,--,--,學測國英社,--,--
第一至七類學群,050,實踐大學,05006,媒體傳達設計學系動畫影像設計組(臺北校區),,一般,7,7,--,--,後標,4級分,--,--,--,--,--,--,--,--,--,,,,,,,,,,,,,,,,7,--,在校學業,16%,--,學測英文,10,--,英語文學業,--,--,學測國文,--,--,國語文學業,--,--,生活科技學業,--,--,資訊科技學業,--,--
第一至七類學群,050,實踐大學,05006,媒體傳達設計學系動畫影像設計組(臺北校區),,外加,1,1,--,--,後標,4級分,--,--,--,--,--,--,--,--,--,,,,,,,,,,,,,,,,1,--,在校學業,19%,--,學測英文,--,--,英語文學業,--,--,學測國文,--,--,國語文學業,--,--,生活科技學業,--,--,資訊科技學業,--,--
第一至七類學群,050,實踐大學,05007,媒體傳達設計學系創意媒體設計組(臺北校區),,一般,7,7,--,--,後標,4級分,--,--,--,--,--,--,--,--,--,,,,,,,,,,,,,,,,7,--,在校學業,19%,--,學測英文,--,--,英語文學業,--,--,學測國文,--,--,國語文學業,--,--,生活科技學業,--,--,資訊科技學業,--,--
第一至七類學群,050,實踐大學,05007,媒體傳達設計學系創意媒體設計組(臺北校區),,外加,1,0,--,--,後標,4級分,--,--,--,--,--,--,--,--,--,,,,,,,,,,,,,,,,0,--,在校學業,--,--,學測英文,--,--,英語文學業,--,--,學測國文,--,--,國語文學業,--,--,生活科技學業,--,--,資訊科技學業,--,--
第一至七類學群,050,實踐大學,05008,工業產品設計學系(臺北校區),,一般,8,8,--,--,均標,8級分,底標,3級分,底標,3級分,--,--,--,--,--,,,,,,,,,,,,,,,,8,--,在校學業,24%,--,學測國英,--,--,學測英文,--,--,學測國文,--,--,英語文學業,--,--,數學學業,--,--,公社學業,--,--
第一至七類學群,050,實踐大學,05008,工業產品設計學系(臺北校區),,外加,1,0,--,--,均標,8級分,底標,3級分,底標,3級分,--,--,--,--,--,,,,,,,,,,,,,,,,0,--,在校學業,--,--,學測國英,--,--,學測英文,--,--,學測國文,--,--,英語文學業,--,--,數學學業,--,--,公社學業,--,--
第一至七類學群,050,實踐大學,05009,建築設計學系(臺北校區),,一般,9,9,均標,10級分,--,--,--,--,--,--,--,--,--,--,--,,,,,,,,,,,,,,,,9,--,在校學業,20%,--,學測英文,--,--,學測國英社,--,--,學測國文,--,--,英語文學業,--,--,國語文學業,--,--,學測社會,--,--
第一至七類學群,050,實踐大學,05009,建築設計學系(臺北校區),,外加,1,0,均標,10級分,--,--,--,--,--,--,--,--,--,--,--,,,,,,,,,,,,,,,,0,--,在校學業,--,--,學測英文,--,--,學測國英社,--,--,學測國文,--,--,英語文學業,--,--,國語文學業,--,--,學測社會,--,--
第一至七類學群,050,實踐大學,05010,會計學系(臺北校區),,一般,19,17,--,--,--,--,--,--,--,--,底標,7級分,--,--,--,,,,,,,,,,,,,,,,8,9,在校學業,49%,50%,公社學業,--,--,國語文學業,--,--,英語文學業,--,--,學測社會,--,--,學測國文,--,--,學測英文,--,--
第一至七類學群,050,實踐大學,05010,會計學系(臺北校區),,外加,3,0,--,--,--,--,--,--,--,--,底標,7級分,--,--,--,,,,,,,,,,,,,,,,0,--,在校學業,--,--,公社學業,--,--,國語文學業,--,--,英語文學業,--,--,學測社會,--,--,學測國文,--,--,學測英文,--,--
第一至七類學群,050,實踐大學,05011,國際經營與貿易學系(臺北校區),,一般,18,18,--,--,底標,3級分,--,--,--,--,--,--,--,--,--,,,,,,,,,,,,,,,,18,--,在校學業,49%,--,公社學業,38%,--,學測國文,--,--,學測英文,--,--,學測國英,--,--,國語文學業,--,--,英語文學業,--,--
第一至七類學群,050,實踐大學,05011,國際經營與貿易學系(臺北校區),,外加,3,0,--,--,底標,3級分,--,--,--,--,--,--,--,--,--,,,,,,,,,,,,,,,,0,--,在校學業,--,--,公社學業,--,--,學測國文,--,--,學測英文,--,--,學測國英,--,--,國語文學業,--,--,英語文學業,--,--
第一至七類學群,050,實踐大學,05012,企業管理學系(臺北校區),,一般,19,17,底標,7級分,--,--,--,--,--,--,--,--,--,--,--,,,,,,,,,,,,,,,,6,11,在校學業,48%,49%,國語文學業,--,--,公社學業,--,--,英語文學業,--,--,學測社會,--,--,學測國文,--,--,學測英文,--,--
第一至七類學群,050,實踐大學,05012,企業管理學系(臺北校區),,外加,3,0,底標,7級分,--,--,--,--,--,--,--,--,--,--,--,,,,,,,,,,,,,,,,0,--,在校學業,--,--,國語文學業,--,--,公社學業,--,--,英語文學業,--,--,學測社會,--,--,學測國文,--,--,學測英文,--,--
第一至七類學群,050,實踐大學,05013,財務金融學系(臺北校區),,一般,18,18,--,--,底標,3級分,--,--,--,--,--,--,--,--,--,,,,,,,,,,,,,,,,18,--,在校學業,46%,--,英語文學業,--,--,國語文學業,--,--,數學學業,--,--,學測國英,--,--,學測英文,--,--,學測國文,--,--
第一至七類學群,050,實踐大學,05013,財務金融學系(臺北校區),,外加,3,0,--,--,底標,3級分,--,--,--,--,--,--,--,--,--,,,,,,,,,,,,,,,,0,--,在校學業,--,--,英語文學業,--,--,國語文學業,--,--,數學學業,--,--,學測國英,--,--,學測英文,--,--,學測國文,--,--
第一至七類學群,050,實踐大學,05014,風險管理與保險學系(臺北校區),,一般,10,6,--,--,--,--,--,--,--,--,底標,7級分,--,--,--,,,,,,,,,,,,,,,,2,4,在校學業,50%,47%,公社學業,--,--,國語文學業,--,--,歷史學業,--,--,學測社會,--,--,學測國文,--,--,學測英文,--,--
第一至七類學群,050,實踐大學,05014,風險管理與保險學系(臺北校區),,外加,3,0,--,--,--,--,--,--,--,--,底標,7級分,--,--,--,,,,,,,,,,,,,,,,0,--,在校學業,--,--,公社學業,--,--,國語文學業,--,--,歷史學業,--,--,學測社會,--,--,學測國文,--,--,學測英文,--,--
第一至七類學群,050,實踐大學,05015,應用外語學系(臺北校區),,一般,19,16,--,--,後標,4級分,--,--,--,--,--,--,--,--,--,,,,,,,,,,,,,,,,9,7,在校學業,50%,48%,學測英文,--,--,英語文學業,--,--,學測國文,--,--,國語文學業,--,--,學測國英,--,--,學測社會,--,--
第一至七類學群,050,實踐大學,05015,應用外語學系(臺北校區),,外加,3,0,--,--,後標,4級分,--,--,--,--,--,--,--,--,--,,,,,,,,,,,,,,,,0,--,在校學業,--,--,學測英文,--,--,英語文學業,--,--,學測國文,--,--,國語文學業,--,--,學測國英,--,--,學測社會,--,--
第一至七類學群,050,實踐大學,05016,資訊科技與管理學系(A組)(臺北校區),,一般,12,7,底標,7級分,--,--,--,--,--,--,--,--,--,--,--,,,,,,,,,,,,,,,,4,3,在校學業,40%,31%,資訊科技學業,--,--,數學學業,--,--,國語文學業,--,--,英語文學業,--,--,學測國文,--,--,學測英文,--,--
第一至七類學群,050,實踐大學,05016,資訊科技與管理學系(A組)(臺北校區),,外加,2,0,底標,7級分,--,--,--,--,--,--,--,--,--,--,--,,,,,,,,,,,,,,,,0,--,在校學業,--,--,資訊科技學業,--,--,數學學業,--,--,國語文學業,--,--,英語文學業,--,--,學測國文,--,--,學測英文,--,--
第一至七類學群,050,實踐大學,05017,國際企業英語學士學位學程(社會組)(臺北校區),,一般,3,3,--,--,--,--,--,--,--,--,底標,7級分,--,--,--,,,,,,,,,,,,,,,,2,1,在校學業,30%,18%,公社學業,--,--,英語文學業,--,--,國語文學業,--,--,學測社會,--,--,學測英文,--,--,學測國文,--,--
第一至七類學群,050,實踐大學,05017,國際企業英語學士學位學程(社會組)(臺北校區),,外加,1,0,--,--,--,--,--,--,--,--,底標,7級分,--,--,--,,,,,,,,,,,,,,,,0,--,在校學業,--,--,公社學業,--,--,英語文學業,--,--,國語文學業,--,--,學測社會,--,--,學測英文,--,--,學測國文,--,--
第一至七類學群,050,實踐大學,05018,智慧服務管理英語學士學位學程(社會組)(臺北校區),,一般,3,1,--,--,--,--,--,--,--,--,底標,7級分,--,--,--,,,,,,,,,,,,,,,,0,1,在校學業,--,38%,生活科技學業,--,--,英語文學業,--,--,國語文學業,--,--,學測社會,--,--,學測英文,--,--,學測國文,--,--
第一至七類學群,050,實踐大學,05018,智慧服務管理英語學士學位學程(社會組)(臺北校區),,外加,1,0,--,--,--,--,--,--,--,--,底標,7級分,--,--,--,,,,,,,,,,,,,,,,0,--,在校學業,--,--,生活科技學業,--,--,英語文學業,--,--,國語文學業,--,--,學測社會,--,--,學測英文,--,--,學測國文,--,--
第一至七類學群,050,實踐大學,05019,國際企業管理學系(高雄校區),,一般,5,1,--,--,--,--,--,--,--,--,底標,7級分,--,--,--,,,,,,,,,,,,,,,,0,1,在校學業,--,33%,地理學業,--,--,公社學業,--,--,歷史學業,--,--,國語文學業,--,--,英語文學業,--,--,數學學業,--,--
第一至七類學群,050,實踐大學,05020,國際企業管理學系韓國文創產業經營組(高雄校區),,一般,5,2,底標,7級分,--,--,--,--,--,--,--,--,--,--,--,,,,,,,,,,,,,,,,1,1,在校學業,42%,24%,國語文學業,--,--,英語文學業,--,--,歷史學業,--,--,地理學業,--,--,公社學業,--,--,數學學業,--,--
第一至七類學群,050,實踐大學,05020,國際企業管理學系韓國文創產業經營組(高雄校區),,外加,1,0,底標,7級分,--,--,--,--,--,--,--,--,--,--,--,,,,,,,,,,,,,,,,0,--,在校學業,--,--,國語文學業,--,--,英語文學業,--,--,歷史學業,--,--,地理學業,--,--,公社學業,--,--,數學學業,--,--
第一至七類學群,050,實踐大學,05021,金融管理學系財務金融組(高雄校區),,一般,4,4,底標,7級分,--,--,--,--,--,--,--,--,--,--,--,,,,,,,,,,,,,,,,4,--,在校學業,41%,--,國語文學業,--,--,英語文學業,--,--,歷史學業,--,--,公社學業,--,--,地理學業,--,--,數學學業,--,--
第一至七類學群,050,實踐大學,05021,金融管理學系財務金融組(高雄校區),,外加,1,0,底標,7級分,--,--,--,--,--,--,--,--,--,--,--,,,,,,,,,,,,,,,,0,--,在校學業,--,--,國語文學業,--,--,英語文學業,--,--,歷史學業,--,--,公社學業,--,--,地理學業,--,--,數學學業,--,--
第一至七類學群,050,實踐大學,05022,資訊科技與通訊學系人工智慧組(高雄校區),,一般,10,0,後標,9級分,--,--,--,--,--,--,--,--,--,--,--,,,,,,,,,,,,,,,,0,--,在校學業,--,--,國語文學業,--,--,英語文學業,--,--,數學學業,--,--,公社學業,--,--,地理學業,--,--,歷史學業,--,--
第一至七類學群,050,實踐大學,05023,數位多媒體遊戲設計學系互動遊戲設計組(高雄校區),,一般,5,2,--,--,--,--,--,--,--,--,--,--,底標,5級分,--,,,,,,,,,,,,,,,,1,1,在校學業,20%,47%,國語文學業,--,--,英語文學業,--,--,地理學業,--,--,歷史學業,--,--,公社學業,--,--,資訊科技學業,--,--
第一至七類學群,050,實踐大學,05023,數位多媒體遊戲設計學系互動遊戲設計組(高雄校區),,外加,1,0,--,--,--,--,--,--,--,--,--,--,底標,5級分,--,,,,,,,,,,,,,,,,0,--,在校學業,--,--,國語文學業,--,--,英語文學業,--,--,地理學業,--,--,歷史學業,--,--,公社學業,--,--,資訊科技學業,--,--
第一至七類學群,050,實踐大學,05024,電腦動畫學士學位學程2D3D特效通修組(高雄校區),,一般,4,4,底標,7級分,--,--,--,--,--,--,--,--,--,--,--,,,,,,,,,,,,,,,,4,--,在校學業,41%,--,國語文學業,14%,--,英語文學業,--,--,歷史學業,--,--,公社學業,--,--,地理學業,--,--,數學學業,--,--
第一至七類學群,050,實踐大學,05024,電腦動畫學士學位學程2D3D特效通修組(高雄校區),,外加,1,0,底標,7級分,--,--,--,--,--,--,--,--,--,--,--,,,,,,,,,,,,,,,,0,--,在校學業,--,--,國語文學業,--,--,英語文學業,--,--,歷史學業,--,--,公社學業,--,--,地理學業,--,--,數學學業,--,--
第一至七類學群,050,實踐大學,05025,服飾設計與經營學系(高雄校區),,一般,2,2,--,--,--,--,--,--,--,--,底標,7級分,--,--,--,,,,,,,,,,,,,,,,1,1,在校學業,47%,32%,歷史學業,--,--,地理學業,--,--,公社學業,--,--,國語文學業,--,--,英語文學業,--,--,數學學業,--,--
第一至七類學群,050,實踐大學,05025,服飾設計與經營學系(高雄校區),,外加,1,0,--,--,--,--,--,--,--,--,底標,7級分,--,--,--,,,,,,,,,,,,,,,,0,--,在校學業,--,--,歷史學業,--,--,地理學業,--,--,公社學業,--,--,國語文學業,--,--,英語文學業,--,--,數學學業,--,--
第一至七類學群,050,實踐大學,05026,時尚設計學系(高雄校區),,一般,5,5,底標,7級分,--,--,--,--,--,--,--,--,--,--,--,,,,,,,,,,,,,,,,3,2,在校學業,39%,37%,國語文學業,--,--,英語文學業,--,--,歷史學業,--,--,公社學業,--,--,地理學業,--,--,數學學業,--,--
第一至七類學群,050,實踐大學,05026,時尚設計學系(高雄校區),,外加,1,0,底標,7級分,--,--,--,--,--,--,--,--,--,--,--,,,,,,,,,,,,,,,,0,--,在校學業,--,--,國語文學業,--,--,英語文學業,--,--,歷史學業,--,--,公社學業,--,--,地理學業,--,--,數學學業,--,--
第一至七類學群,050,實踐大學,05027,觀光管理學系旅運事業組(高雄校區),,一般,3,2,底標,7級分,--,--,--,--,--,--,--,--,--,--,--,,,,,,,,,,,,,,,,2,--,在校學業,47%,--,國語文學業,--,--,英語文學業,--,--,地理學業,--,--,歷史學業,--,--,公社學業,--,--,數學學業,--,--
第一至七類學群,050,實踐大學,05027,觀光管理學系旅運事業組(高雄校區),,外加,1,0,底標,7級分,--,--,--,--,--,--,--,--,--,--,--,,,,,,,,,,,,,,,,0,--,在校學業,--,--,國語文學業,--,--,英語文學業,--,--,地理學業,--,--,歷史學業,--,--,公社學業,--,--,數學學業,--,--
第一至七類學群,050,實踐大學,05028,休閒產業管理學系休閒規劃與精品咖啡經營組(高雄校區),,一般,3,1,底標,7級分,--,--,--,--,--,--,--,--,--,--,--,,,,,,,,,,,,,,,,0,1,在校學業,--,44%,國語文學業,--,--,英語文學業,--,--,公社學業,--,--,歷史學業,--,--,地理學業,--,--,生活科技學業,--,--
第一至七類學群,050,實踐大學,05029,應用日文學系(高雄校區),,一般,8,4,--,--,--,--,--,--,--,--,底標,7級分,--,--,--,,,,,,,,,,,,,,,,0,4,在校學業,--,46%,歷史學業,--,--,地理學業,--,--,公社學業,--,--,英語文學業,--,--,國語文學業,--,--,數學學業,--,--
第一至七類學群,050,實踐大學,05029,應用日文學系(高雄校區),,外加,1,0,--,--,--,--,--,--,--,--,底標,7級分,--,--,--,,,,,,,,,,,,,,,,0,--,在校學業,--,--,歷史學業,--,--,地理學業,--,--,公社學業,--,--,英語文學業,--,--,國語文學業,--,--,數學學業,--,--
第一至七類學群,050,實踐大學,05030,建築職人學士學位學程(臺北校區),,一般,7,7,底標,7級分,--,--,--,--,--,--,--,--,--,--,--,,,,,,,,,,,,,,,,1,6,在校學業,36%,38%,國語文學業,--,--,地理學業,--,--,歷史學業,--,--,學測國文,--,--,學測社會,--,--,英語文學業,--,--
第一至七類學群,050,實踐大學,05030,建築職人學士學位學程(臺北校區),,外加,1,0,底標,7級分,--,--,--,--,--,--,--,--,--,--,--,,,,,,,,,,,,,,,,0,--,在校學業,--,--,國語文學業,--,--,地理學業,--,--,歷史學業,--,--,學測國文,--,--,學測社會,--,--,英語文學業,--,--
第一至七類學群,050,實踐大學,05031,資訊科技與管理學系(B組)(臺北校區),,一般,10,10,--,--,--,--,--,--,--,--,--,--,底標,5級分,--,,,,,,,,,,,,,,,,1,9,在校學業,30%,44%,資訊科技學業,--,--,國語文學業,--,--,數學學業,--,--,英語文學業,--,--,學測自然,--,--,學測國文,--,--
第一至七類學群,050,實踐大學,05031,資訊科技與管理學系(B組)(臺北校區),,外加,1,0,--,--,--,--,--,--,--,--,--,--,底標,5級分,--,,,,,,,,,,,,,,,,0,--,在校學業,--,--,資訊科技學業,--,--,國語文學業,--,--,數學學業,--,--,英語文學業,--,--,學測自然,--,--,學測國文,--,--
第一至七類學群,050,實踐大學,05032,國際企業英語學士學位學程(自然組)(臺北校區),,一般,2,2,底標,7級分,--,--,--,--,--,--,--,--,--,--,--,,,,,,,,,,,,,,,,0,2,在校學業,--,36%,資訊科技學業,--,--,國語文學業,--,--,英語文學業,--,--,學測自然,--,--,學測國文,--,--,學測英文,--,--
第一至七類學群,050,實踐大學,05033,智慧服務管理英語學士學位學程(自然組)(臺北校區),,一般,2,2,底標,7級分,--,--,--,--,--,--,--,--,--,--,--,,,,,,,,,,,,,,,,0,2,在校學業,--,50%,資訊科技學業,--,--,國語文學業,--,--,英語文學業,--,--,學測自然,--,--,學測國文,--,--,學測英文,--,--
第一至七類學群,050,實踐大學,05034,金融管理學系科技金融組(高雄校區),,一般,3,1,--,--,--,--,--,--,--,--,--,--,底標,5級分,--,,,,,,,,,,,,,,,,0,1,在校學業,--,45%,物理學業,--,--,化學學業,--,--,生物學業,--,--,國語文學業,--,--,英語文學業,--,--,數學學業,--,--
第一至七類學群,050,實踐大學,05035,資訊管理學系(高雄校區),,一般,18,0,--,--,--,--,--,--,--,--,--,--,底標,5級分,--,,,,,,,,,,,,,,,,0,--,在校學業,--,--,資訊科技學業,--,--,物理學業,--,--,化學學業,--,--,國語文學業,--,--,英語文學業,--,--,數學學業,--,--
第一至七類學群,050,實踐大學,05035,資訊管理學系(高雄校區),,外加,1,0,--,--,--,--,--,--,--,--,--,--,底標,5級分,--,,,,,,,,,,,,,,,,0,--,在校學業,--,--,資訊科技學業,--,--,物理學業,--,--,化學學業,--,--,國語文學業,--,--,英語文學業,--,--,數學學業,--,--
第一至七類學群,050,實踐大學,05036,資訊科技與通訊學系智慧機器人與無人機組(高雄校區),,一般,10,3,--,--,--,--,後標,4級分,後標,4級分,--,--,--,--,--,,,,,,,,,,,,,,,,1,2,在校學業,37%,50%,數學學業,--,--,地科學業,--,--,物理學業,--,--,化學學業,--,--,英語文學業,--,--,國語文學業,--,--
第一至七類學群,050,實踐大學,05036,資訊科技與通訊學系智慧機器人與無人機組(高雄校區),,外加,1,0,--,--,--,--,後標,4級分,後標,4級分,--,--,--,--,--,,,,,,,,,,,,,,,,0,--,在校學業,--,--,數學學業,--,--,地科學業,--,--,物理學業,--,--,化學學業,--,--,英語文學業,--,--,國語文學業,--,--
第一至七類學群,050,實踐大學,05037,數位多媒體遊戲設計學系數位AI應用設計組(高雄校區),,一般,3,0,底標,7級分,--,--,--,--,--,--,--,--,--,--,--,,,,,,,,,,,,,,,,0,--,在校學業,--,--,國語文學業,--,--,英語文學業,--,--,物理學業,--,--,生物學業,--,--,化學學業,--,--,地科學業,--,--
第一至七類學群,050,實踐大學,05037,數位多媒體遊戲設計學系數位AI應用設計組(高雄校區),,外加,1,0,底標,7級分,--,--,--,--,--,--,--,--,--,--,--,,,,,,,,,,,,,,,,0,--,在校學業,--,--,國語文學業,--,--,英語文學業,--,--,物理學業,--,--,生物學業,--,--,化學學業,--,--,地科學業,--,--
第一至七類學群,050,實踐大學,05038,電腦動畫學士學位學程3D特效組(高雄校區),,一般,3,0,--,--,底標,3級分,--,--,--,--,--,--,--,--,--,,,,,,,,,,,,,,,,0,--,在校學業,--,--,英語文學業,--,--,國語文學業,--,--,歷史學業,--,--,公社學業,--,--,地理學業,--,--,數學學業,--,--
第一至七類學群,050,實踐大學,05039,服飾設計與經營學系數位設計應用組(高雄校區),,一般,3,2,--,--,--,--,--,--,--,--,--,--,底標,5級分,--,,,,,,,,,,,,,,,,0,2,在校學業,--,49%,物理學業,--,--,化學學業,--,--,國語文學業,--,--,英語文學業,--,--,數學學業,--,--,資訊科技學業,--,--
第一至七類學群,050,實踐大學,05039,服飾設計與經營學系數位設計應用組(高雄校區),,外加,1,0,--,--,--,--,--,--,--,--,--,--,底標,5級分,--,,,,,,,,,,,,,,,,0,--,在校學業,--,--,物理學業,--,--,化學學業,--,--,國語文學業,--,--,英語文學業,--,--,數學學業,--,--,資訊科技學業,--,--
第一至七類學群,050,實踐大學,05040,食品營養與保健生技學系(臺北校區),,一般,16,16,--,--,--,--,--,--,--,--,--,--,底標,5級分,--,,,,,,,,,,,,,,,,9,7,在校學業,39%,24%,化學學業,--,--,生物學業,--,--,國語文學業,--,--,英語文學業,--,--,學測自然,--,--,學測國文,--,--
第一至七類學群,050,實踐大學,05040,食品營養與保健生技學系(臺北校區),,外加,3,0,--,--,--,--,--,--,--,--,--,--,底標,5級分,--,,,,,,,,,,,,,,,,0,--,在校學業,--,--,化學學業,--,--,生物學業,--,--,國語文學業,--,--,英語文學業,--,--,學測自然,--,--,學測國文,--,--
第一至七類學群,050,實踐大學,05041,食品營養與保健生技學系食品創新與科技法律組(臺北校區),,一般,2,2,底標,7級分,--,--,--,--,--,--,--,--,--,--,--,,,,,,,,,,,,,,,,0,2,在校學業,--,22%,國語文學業,--,--,化學學業,--,--,生物學業,--,--,英語文學業,--,--,學測國文,--,--,學測自然,--,--
第一至七類學群,050,實踐大學,05041,食品營養與保健生技學系食品創新與科技法律組(臺北校區),,外加,1,0,底標,7級分,--,--,--,--,--,--,--,--,--,--,--,,,,,,,,,,,,,,,,0,--,在校學業,--,--,國語文學業,--,--,化學學業,--,--,生物學業,--,--,英語文學業,--,--,學測國文,--,--,學測自然,--,--
第一至七類學群,050,實踐大學,05042,數位多媒體遊戲設計學系數位多媒體設計組(高雄校區),,一般,5,1,--,--,--,--,--,--,--,--,底標,7級分,--,--,--,素描,--,--,彩繪技法,--,--,創意表現,--,--,水墨書畫,--,--,美術鑑賞,--,--,1,--,在校學業,37%,--,歷史學業,--,--,地理學業,--,--,公社學業,--,--,國語文學業,--,--,英語文學業,--,--,生活科技學業,--,--
第一至七類學群,050,實踐大學,05043,電腦動畫學士學位學程2D組(高雄校區),,一般,4,0,底標,7級分,--,--,--,--,--,--,--,--,--,--,--,素描,--,--,彩繪技法,--,--,創意表現,--,--,水墨書畫,--,--,美術鑑賞,--,--,0,--,在校學業,--,--,國語文學業,--,--,英語文學業,--,--,歷史學業,--,--,公社學業,--,--,地理學業,--,--,數學學業,--,--
第一至七類學群,050,實踐大學,05044,服飾設計與經營學系美術組(高雄校區),,一般,1,0,底標,7級分,--,--,--,--,--,--,--,--,--,--,--,素描,--,--,彩繪技法,--,--,創意表現,--,--,水墨書畫,--,--,美術鑑賞,--,--,0,--,在校學業,--,--,國語文學業,--,--,英語文學業,--,--,公社學業,--,--,歷史學業,--,--,地理學業,--,--,數學學業,--,--
第一至七類學群,050,實踐大學,05044,服飾設計與經營學系美術組(高雄校區),,外加,1,0,底標,7級分,--,--,--,--,--,--,--,--,--,--,--,素描,--,--,彩繪技法,--,--,創意表現,--,--,水墨書畫,--,--,美術鑑賞,--,--,0,--,在校學業,--,--,國語文學業,--,--,英語文學業,--,--,公社學業,--,--,歷史學業,--,--,地理學業,--,--,數學學業,--,--
第一至七類學群,050,實踐大學,05045,時尚設計學系藝術創作組(高雄校區),,一般,3,0,底標,7級分,--,--,--,--,--,--,--,--,--,--,--,素描,--,--,彩繪技法,--,--,創意表現,--,--,水墨書畫,--,--,美術鑑賞,--,--,0,--,在校學業,--,--,國語文學業,--,--,英語文學業,--,--,歷史學業,--,--,公社學業,--,--,地理學業,--,--,數學學業,--,--
第一至七類學群,050,實踐大學,05045,時尚設計學系藝術創作組(高雄校區),,外加,1,0,底標,7級分,--,--,--,--,--,--,--,--,--,--,--,素描,--,--,彩繪技法,--,--,創意表現,--,--,水墨書畫,--,--,美術鑑賞,--,--,0,--,在校學業,--,--,國語文學業,--,--,英語文學業,--,--,歷史學業,--,--,公社學業,--,--,地理學業,--,--,數學學業,--,--
第一至七類學群,050,實踐大學,05046,時尚設計學系舞蹈組(高雄校區),,一般,1,0,底標,7級分,--,--,--,--,--,--,--,--,--,--,--,,,,,,,,,,,,,,,,0,--,在校學業,--,--,國語文學業,--,--,英語文學業,--,--,公社學業,--,--,歷史學業,--,--,地理學業,--,--,數學學業,--,--
第一至七類學群,050,實踐大學,05046,時尚設計學系舞蹈組(高雄校區),,外加,1,0,底標,7級分,--,--,--,--,--,--,--,--,--,--,--,,,,,,,,,,,,,,,,0,--,在校學業,--,--,國語文學業,--,--,英語文學業,--,--,公社學業,--,--,歷史學業,--,--,地理學業,--,--,數學學業,--,--
第一至七類學群,050,實踐大學,05047,觀光管理學系自然旅遊與運動觀光組(高雄校區),,一般,4,4,底標,7級分,--,--,--,--,--,--,--,--,--,--,--,體育(百分等級),--,--,,,,,,,,,,,,,4,--,在校學業,12%,--,國語文學業,--,--,英語文學業,--,--,歷史學業,--,--,地理學業,--,--,公社學業,--,--,數學學業,--,--
第一至七類學群,050,實踐大學,05048,休閒產業管理學系遊憩運動企劃組(高雄校區),,一般,4,4,--,--,--,--,--,--,--,--,--,--,底標,5級分,--,體育(百分等級),--,--,,,,,,,,,,,,,4,--,在校學業,32%,--,體育學業,--,--,歷史學業,--,--,公社學業,--,--,國語文學業,--,--,英語文學業,--,--,地理學業,--,--
第一至七類學群,050,實踐大學,05048,休閒產業管理學系遊憩運動企劃組(高雄校區),,外加,1,0,--,--,--,--,--,--,--,--,--,--,底標,5級分,--,體育(百分等級),--,--,,,,,,,,,,,,,0,--,在校學業,--,--,體育學業,--,--,歷史學業,--,--,公社學業,--,--,國語文學業,--,--,英語文學業,--,--,地理學業,--,--
第一至七類學群,051,長榮大學,05101,企業管理學系,,一般,7,4,底標,7級分,--,--,--,--,--,--,--,--,--,--,--,,,,,,,,,,,,,,,,1,3,在校學業,45%,46%,學測國文,--,--,學測英文,--,--,學測社會,--,--,國語文學業,--,--,英語文學業,--,--,數學學業,--,--
第一至七類學群,051,長榮大學,05101,企業管理學系,,外加,1,0,底標,7級分,--,--,--,--,--,--,--,--,--,--,--,,,,,,,,,,,,,,,,0,--,在校學業,--,--,學測國文,--,--,學測英文,--,--,學測社會,--,--,國語文學業,--,--,英語文學業,--,--,數學學業,--,--
第一至七類學群,051,長榮大學,05102,國際企業學系,,一般,4,3,底標,7級分,--,--,--,--,--,--,--,--,--,--,--,,,,,,,,,,,,,,,,1,2,在校學業,45%,46%,學測國文,--,--,學測英文,--,--,學測社會,--,--,國語文學業,--,--,英語文學業,--,--,公社學業,--,--
第一至七類學群,051,長榮大學,05102,國際企業學系,,外加,1,0,底標,7級分,--,--,--,--,--,--,--,--,--,--,--,,,,,,,,,,,,,,,,0,--,在校學業,--,--,學測國文,--,--,學測英文,--,--,學測社會,--,--,國語文學業,--,--,英語文學業,--,--,公社學業,--,--
第一至七類學群,051,長榮大學,05103,會計資訊學系稅務應用組,,一般,3,2,底標,7級分,--,--,--,--,--,--,--,--,--,--,--,,,,,,,,,,,,,,,,1,1,在校學業,45%,27%,學測國文,--,--,學測英文,--,--,學測社會,--,--,數學學業,--,--,國語文學業,--,--,英語文學業,--,--
第一至七類學群,051,長榮大學,05104,會計資訊學系產業實習組,,一般,1,0,--,--,--,--,--,--,--,--,底標,7級分,--,--,--,,,,,,,,,,,,,,,,0,--,在校學業,--,--,學測國文,--,--,學測英文,--,--,學測社會,--,--,國語文學業,--,--,英語文學業,--,--,數學學業,--,--
第一至七類學群,051,長榮大學,05104,會計資訊學系產業實習組,,外加,1,0,--,--,--,--,--,--,--,--,底標,7級分,--,--,--,,,,,,,,,,,,,,,,0,--,在校學業,--,--,學測國文,--,--,學測英文,--,--,學測社會,--,--,國語文學業,--,--,英語文學業,--,--,數學學業,--,--
第一至七類學群,051,長榮大學,05105,航運管理學系,,一般,18,18,底標,7級分,--,--,--,--,--,--,--,--,--,--,--,,,,,,,,,,,,,,,,13,5,在校學業,49%,46%,地理學業,--,--,學測國文,--,--,學測社會,--,--,英語文學業,--,--,學測英文,--,--,公社學業,--,--
第一至七類學群,051,長榮大學,05105,航運管理學系,,外加,2,0,底標,7級分,--,--,--,--,--,--,--,--,--,--,--,,,,,,,,,,,,,,,,0,--,在校學業,--,--,地理學業,--,--,學測國文,--,--,學測社會,--,--,英語文學業,--,--,學測英文,--,--,公社學業,--,--
第一至七類學群,051,長榮大學,05106,土地管理與開發學系,,一般,4,2,底標,7級分,--,--,--,--,--,--,--,--,--,--,--,,,,,,,,,,,,,,,,1,1,在校學業,33%,41%,學測國文,--,--,學測英文,--,--,學測社會,--,--,國語文學業,--,--,英語文學業,--,--,公社學業,--,--
第一至七類學群,051,長榮大學,05106,土地管理與開發學系,,外加,1,0,底標,7級分,--,--,--,--,--,--,--,--,--,--,--,,,,,,,,,,,,,,,,0,--,在校學業,--,--,學測國文,--,--,學測英文,--,--,學測社會,--,--,國語文學業,--,--,英語文學業,--,--,公社學業,--,--
第一至七類學群,051,長榮大學,05107,財務金融學系,,一般,7,7,底標,7級分,--,--,--,--,--,--,--,--,--,--,--,,,,,,,,,,,,,,,,7,--,在校學業,40%,--,學測國文,--,--,學測英文,--,--,學測社會,--,--,國語文學業,--,--,英語文學業,--,--,數學學業,--,--
第一至七類學群,051,長榮大學,05107,財務金融學系,,外加,1,0,底標,7級分,--,--,--,--,--,--,--,--,--,--,--,,,,,,,,,,,,,,,,0,--,在校學業,--,--,學測國文,--,--,學測英文,--,--,學測社會,--,--,國語文學業,--,--,英語文學業,--,--,數學學業,--,--
第一至七類學群,051,長榮大學,05108,觀光與餐飲管理學系,,一般,5,4,底標,7級分,--,--,--,--,--,--,--,--,--,--,--,,,,,,,,,,,,,,,,1,3,在校學業,42%,49%,學測國文,--,--,學測社會,--,--,國語文學業,--,--,公社學業,--,--,學測英文,--,--,英語文學業,--,--
第一至七類學群,051,長榮大學,05108,觀光與餐飲管理學系,,外加,1,1,底標,7級分,--,--,--,--,--,--,--,--,--,--,--,,,,,,,,,,,,,,,,1,--,在校學業,45%,--,學測國文,--,--,學測社會,--,--,國語文學業,--,--,公社學業,--,--,學測英文,--,--,英語文學業,--,--
第一至七類學群,051,長榮大學,05109,醫務管理學系社會組,,一般,3,1,底標,7級分,--,--,--,--,--,--,--,--,--,--,--,,,,,,,,,,,,,,,,0,1,在校學業,--,38%,學測國文,--,--,學測英文,--,--,學測社會,--,--,國語文學業,--,--,英語文學業,--,--,公社學業,--,--
第一至七類學群,051,長榮大學,05110,護理學系A組,,一般,2,1,底標,7級分,--,--,--,--,--,--,--,--,--,--,--,,,,,,,,,,,,,,,,1,--,在校學業,45%,--,學測國文,--,--,學測英文,--,--,學測社會,--,--,國語文學業,--,--,英語文學業,--,--,數學學業,--,--
第一至七類學群,051,長榮大學,05111,食品安全衛生與檢驗學士學位學程食品安全管理組,,一般,1,1,--,--,--,--,--,--,--,--,底標,7級分,--,--,--,,,,,,,,,,,,,,,,1,--,在校學業,29%,--,學測社會,--,--,學測英文,--,--,學測國文,--,--,國語文學業,--,--,公社學業,--,--,英語文學業,--,--
第一至七類學群,051,長榮大學,05112,消防安全學士學位學程消防實務管理組,,一般,1,1,--,--,--,--,--,--,--,--,底標,7級分,--,--,--,,,,,,,,,,,,,,,,1,--,在校學業,36%,--,學測國文,--,--,學測英文,--,--,學測社會,--,--,國語文學業,--,--,英語文學業,--,--,公社學業,--,--
第一至七類學群,051,長榮大學,05112,消防安全學士學位學程消防實務管理組,,外加,1,0,--,--,--,--,--,--,--,--,底標,7級分,--,--,--,,,,,,,,,,,,,,,,0,--,在校學業,--,--,學測國文,--,--,學測英文,--,--,學測社會,--,--,國語文學業,--,--,英語文學業,--,--,公社學業,--,--
第一至七類學群,051,長榮大學,05113,綠能與環境資源學系綠能產業管理組,,一般,1,1,--,--,--,--,--,--,--,--,底標,7級分,--,--,--,,,,,,,,,,,,,,,,0,1,在校學業,--,44%,學測社會,--,--,學測國文,--,--,學測自然,--,--,國語文學業,--,--,地理學業,--,--,歷史學業,--,--
第一至七類學群,051,長榮大學,05113,綠能與環境資源學系綠能產業管理組,,外加,1,0,--,--,--,--,--,--,--,--,底標,7級分,--,--,--,,,,,,,,,,,,,,,,0,--,在校學業,--,--,學測社會,--,--,學測國文,--,--,學測自然,--,--,國語文學業,--,--,地理學業,--,--,歷史學業,--,--
第一至七類學群,051,長榮大學,05114,綠能與環境資源學系綠能產業實務組,,一般,2,0,底標,7級分,--,--,--,--,--,--,--,--,--,--,--,,,,,,,,,,,,,,,,0,--,在校學業,--,--,學測國文,--,--,學測社會,--,--,學測自然,--,--,國語文學業,--,--,地理學業,--,--,公社學業,--,--
第一至七類學群,051,長榮大學,05115,大眾傳播學系,,一般,6,6,底標,7級分,--,--,--,--,--,--,--,--,--,--,--,,,,,,,,,,,,,,,,4,2,在校學業,42%,47%,學測國文,--,--,學測英文,--,--,學測社會,--,--,國語文學業,--,--,英語文學業,--,--,公社學業,--,--
第一至七類學群,051,長榮大學,05115,大眾傳播學系,,外加,1,0,底標,7級分,--,--,--,--,--,--,--,--,--,--,--,,,,,,,,,,,,,,,,0,--,在校學業,--,--,學測國文,--,--,學測英文,--,--,學測社會,--,--,國語文學業,--,--,英語文學業,--,--,公社學業,--,--
第一至七類學群,051,長榮大學,05116,翻譯學系語文教學與觀光會展實務組,,一般,1,1,--,--,底標,3級分,--,--,--,--,--,--,--,--,--,,,,,,,,,,,,,,,,1,--,在校學業,27%,--,學測英文,--,--,學測國文,--,--,學測社會,--,--,英語文學業,--,--,國語文學業,--,--,公社學業,--,--
第一至七類學群,051,長榮大學,05117,社會工作學系,,一般,5,5,底標,7級分,--,--,--,--,--,--,--,--,--,--,--,,,,,,,,,,,,,,,,5,--,在校學業,49%,--,學測國文,--,--,生活科技學業,--,--,學測社會,--,--,國語文學業,--,--,公社學業,--,--,歷史學業,--,--
第一至七類學群,051,長榮大學,05117,社會工作學系,,外加,1,0,底標,7級分,--,--,--,--,--,--,--,--,--,--,--,,,,,,,,,,,,,,,,0,--,在校學業,--,--,學測國文,--,--,生活科技學業,--,--,學測社會,--,--,國語文學業,--,--,公社學業,--,--,歷史學業,--,--
第一至七類學群,051,長榮大學,05118,應用日語學系語文翻譯組,,一般,4,4,底標,7級分,--,--,--,--,--,--,--,--,--,--,--,,,,,,,,,,,,,,,,4,--,在校學業,29%,--,學測國文,--,--,學測社會,--,--,學測英文,--,--,國語文學業,--,--,公社學業,--,--,英語文學業,--,--
第一至七類學群,051,長榮大學,05119,應用日語學系國際觀光產業組,,一般,4,4,--,--,--,--,--,--,--,--,底標,7級分,--,--,--,,,,,,,,,,,,,,,,4,--,在校學業,48%,--,學測社會,--,--,公社學業,--,--,學測國文,--,--,國語文學業,--,--,學測英文,--,--,英語文學業,--,--
第一至七類學群,051,長榮大學,05119,應用日語學系國際觀光產業組,,外加,1,0,--,--,--,--,--,--,--,--,底標,7級分,--,--,--,,,,,,,,,,,,,,,,0,--,在校學業,--,--,學測社會,--,--,公社學業,--,--,學測國文,--,--,國語文學業,--,--,學測英文,--,--,英語文學業,--,--
第一至七類學群,051,長榮大學,05120,數位媒體設計學系,,一般,8,1,底標,7級分,--,--,--,--,--,--,--,--,--,--,--,,,,,,,,,,,,,,,,1,--,在校學業,46%,--,學測國文,--,--,學測社會,--,--,學測英文,--,--,國語文學業,--,--,公社學業,--,--,英語文學業,--,--
第一至七類學群,051,長榮大學,05120,數位媒體設計學系,,外加,1,0,底標,7級分,--,--,--,--,--,--,--,--,--,--,--,,,,,,,,,,,,,,,,0,--,在校學業,--,--,學測國文,--,--,學測社會,--,--,學測英文,--,--,國語文學業,--,--,公社學業,--,--,英語文學業,--,--
第一至七類學群,051,長榮大學,05121,護理學系B組,,一般,2,2,底標,7級分,--,--,--,--,--,--,--,--,--,--,--,,,,,,,,,,,,,,,,0,2,在校學業,--,40%,學測國文,--,--,學測英文,--,--,數學學業,--,--,國語文學業,--,--,英語文學業,--,--,生物學業,--,--
第一至七類學群,051,長榮大學,05122,職業安全與衛生學系職業安全組,,一般,2,2,--,--,--,--,--,--,--,--,--,--,底標,5級分,--,,,,,,,,,,,,,,,,2,--,在校學業,48%,--,學測國文,--,--,學測自然,--,--,學測英文,--,--,國語文學業,--,--,英語文學業,--,--,數學學業,--,--
第一至七類學群,051,長榮大學,05122,職業安全與衛生學系職業安全組,,外加,1,0,--,--,--,--,--,--,--,--,--,--,底標,5級分,--,,,,,,,,,,,,,,,,0,--,在校學業,--,--,學測國文,--,--,學測自然,--,--,學測英文,--,--,國語文學業,--,--,英語文學業,--,--,數學學業,--,--
第一至七類學群,051,長榮大學,05123,食品安全衛生與檢驗學士學位學程食品科技組,,一般,1,0,底標,7級分,--,--,--,--,--,--,--,--,--,--,--,,,,,,,,,,,,,,,,0,--,在校學業,--,--,學測國文,--,--,學測英文,--,--,學測自然,--,--,國語文學業,--,--,英語文學業,--,--,公社學業,--,--
第一至七類學群,051,長榮大學,05124,消防安全學士學位學程火場鑑識組,,一般,1,0,底標,7級分,--,--,--,--,--,--,--,--,--,--,--,,,,,,,,,,,,,,,,0,--,在校學業,--,--,學測自然,--,--,學測國文,--,--,學測英文,--,--,數學學業,--,--,國語文學業,--,--,英語文學業,--,--
第一至七類學群,051,長榮大學,05125,綠能與環境資源學系綠能環境科技組,,一般,2,2,--,--,--,--,--,--,--,--,--,--,底標,5級分,--,,,,,,,,,,,,,,,,2,--,在校學業,41%,--,學測自然,--,--,學測國文,--,--,學測社會,--,--,物理學業,--,--,地科學業,--,--,國語文學業,--,--
第一至七類學群,051,長榮大學,05126,營建工程安全學士學位學程,,一般,5,3,--,--,--,--,--,--,--,--,--,--,底標,5級分,--,,,,,,,,,,,,,,,,0,3,在校學業,--,50%,學測國文,--,--,學測自然,--,--,學測英文,--,--,國語文學業,--,--,英語文學業,--,--,物理學業,--,--
第一至七類學群,051,長榮大學,05126,營建工程安全學士學位學程,,外加,1,0,--,--,--,--,--,--,--,--,--,--,底標,5級分,--,,,,,,,,,,,,,,,,0,--,在校學業,--,--,學測國文,--,--,學測自然,--,--,學測英文,--,--,國語文學業,--,--,英語文學業,--,--,物理學業,--,--
第一至七類學群,051,長榮大學,05127,翻譯學系智慧科技與經貿媒體跨域組,,一般,2,0,底標,7級分,--,--,--,--,--,--,--,--,--,--,--,,,,,,,,,,,,,,,,0,--,在校學業,--,--,學測國文,--,--,學測英文,--,--,學測社會,--,--,國語文學業,--,--,英語文學業,--,--,公社學業,--,--
第一至七類學群,051,長榮大學,05127,翻譯學系智慧科技與經貿媒體跨域組,,外加,1,0,底標,7級分,--,--,--,--,--,--,--,--,--,--,--,,,,,,,,,,,,,,,,0,--,在校學業,--,--,學測國文,--,--,學測英文,--,--,學測社會,--,--,國語文學業,--,--,英語文學業,--,--,公社學業,--,--
第一至七類學群,051,長榮大學,05128,資訊工程學系,,一般,12,2,底標,7級分,--,--,--,--,--,--,--,--,--,--,--,,,,,,,,,,,,,,,,0,2,在校學業,--,43%,學測國文,--,--,學測英文,--,--,學測數B,--,--,國語文學業,--,--,英語文學業,--,--,數學學業,--,--
第一至七類學群,051,長榮大學,05128,資訊工程學系,,外加,2,0,底標,7級分,--,--,--,--,--,--,--,--,--,--,--,,,,,,,,,,,,,,,,0,--,在校學業,--,--,學測國文,--,--,學測英文,--,--,學測數B,--,--,國語文學業,--,--,英語文學業,--,--,數學學業,--,--
第一至七類學群,051,長榮大學,05129,醫務管理學系自然組,,一般,4,4,底標,7級分,--,--,--,--,--,--,--,--,--,--,--,,,,,,,,,,,,,,,,1,3,在校學業,47%,48%,學測國文,--,--,學測英文,--,--,學測自然,--,--,國語文學業,--,--,英語文學業,--,--,生物學業,--,--
第一至七類學群,051,長榮大學,05129,醫務管理學系自然組,,外加,1,0,底標,7級分,--,--,--,--,--,--,--,--,--,--,--,,,,,,,,,,,,,,,,0,--,在校學業,--,--,學測國文,--,--,學測英文,--,--,學測自然,--,--,國語文學業,--,--,英語文學業,--,--,生物學業,--,--
第一至七類學群,051,長榮大學,05130,護理學系C組,,一般,8,8,底標,7級分,--,--,--,--,--,--,--,--,--,--,--,,,,,,,,,,,,,,,,8,--,在校學業,36%,--,學測國文,--,--,國語文學業,--,--,學測英文,--,--,英語文學業,--,--,學測自然,--,--,生物學業,--,--
第一至七類學群,051,長榮大學,05130,護理學系C組,,外加,1,0,底標,7級分,--,--,--,--,--,--,--,--,--,--,--,,,,,,,,,,,,,,,,0,--,在校學業,--,--,學測國文,--,--,國語文學業,--,--,學測英文,--,--,英語文學業,--,--,學測自然,--,--,生物學業,--,--
第一至七類學群,051,長榮大學,05131,生物科技學系,,一般,5,1,底標,7級分,--,--,--,--,--,--,--,--,--,--,--,,,,,,,,,,,,,,,,0,1,在校學業,--,35%,學測國文,--,--,學測英文,--,--,國語文學業,--,--,英語文學業,--,--,生物學業,--,--,學測自然,--,--
第一至七類學群,051,長榮大學,05131,生物科技學系,,外加,1,0,底標,7級分,--,--,--,--,--,--,--,--,--,--,--,,,,,,,,,,,,,,,,0,--,在校學業,--,--,學測國文,--,--,學測英文,--,--,國語文學業,--,--,英語文學業,--,--,生物學業,--,--,學測自然,--,--
第一至七類學群,051,長榮大學,05132,健康心理學系,,一般,7,6,底標,7級分,--,--,--,--,--,--,--,--,--,--,--,,,,,,,,,,,,,,,,2,4,在校學業,49%,43%,學測國文,--,--,學測英文,--,--,學測自然,--,--,國語文學業,--,--,英語文學業,--,--,數學學業,--,--
第一至七類學群,051,長榮大學,05132,健康心理學系,,外加,1,0,底標,7級分,--,--,--,--,--,--,--,--,--,--,--,,,,,,,,,,,,,,,,0,--,在校學業,--,--,學測國文,--,--,學測英文,--,--,學測自然,--,--,國語文學業,--,--,英語文學業,--,--,數學學業,--,--
第一至七類學群,051,長榮大學,05133,保健營養學系,,一般,8,4,底標,7級分,--,--,--,--,--,--,--,--,--,--,--,,,,,,,,,,,,,,,,3,1,在校學業,41%,44%,學測國文,--,--,學測英文,--,--,國語文學業,--,--,英語文學業,--,--,數學學業,--,--,公社學業,--,--
第一至七類學群,051,長榮大學,05133,保健營養學系,,外加,1,0,底標,7級分,--,--,--,--,--,--,--,--,--,--,--,,,,,,,,,,,,,,,,0,--,在校學業,--,--,學測國文,--,--,學測英文,--,--,國語文學業,--,--,英語文學業,--,--,數學學業,--,--,公社學業,--,--
第一至七類學群,051,長榮大學,05134,職業安全與衛生學系職業衛生組,,一般,2,0,底標,7級分,--,--,--,--,--,--,--,--,--,--,--,,,,,,,,,,,,,,,,0,--,在校學業,--,--,學測英文,--,--,學測自然,--,--,學測國文,--,--,數學學業,--,--,國語文學業,--,--,英語文學業,--,--
第一至七類學群,051,長榮大學,05134,職業安全與衛生學系職業衛生組,,外加,1,0,底標,7級分,--,--,--,--,--,--,--,--,--,--,--,,,,,,,,,,,,,,,,0,--,在校學業,--,--,學測英文,--,--,學測自然,--,--,學測國文,--,--,數學學業,--,--,國語文學業,--,--,英語文學業,--,--
第一至七類學群,051,長榮大學,05135,食品安全衛生與檢驗學士學位學程食品檢驗組,,一般,2,1,--,--,--,--,--,--,--,--,--,--,底標,5級分,--,,,,,,,,,,,,,,,,1,--,在校學業,30%,--,學測國文,--,--,學測自然,--,--,學測英文,--,--,國語文學業,--,--,英語文學業,--,--,公社學業,--,--
第一至七類學群,051,長榮大學,05135,食品安全衛生與檢驗學士學位學程食品檢驗組,,外加,1,0,--,--,--,--,--,--,--,--,--,--,底標,5級分,--,,,,,,,,,,,,,,,,0,--,在校學業,--,--,學測國文,--,--,學測自然,--,--,學測英文,--,--,國語文學業,--,--,英語文學業,--,--,公社學業,--,--
第一至七類學群,051,長榮大學,05136,美術學系,,一般,2,1,底標,7級分,--,--,--,--,--,--,--,--,--,--,--,素描,--,--,彩繪技法,--,--,創意表現,--,--,水墨書畫,--,--,美術鑑賞,--,--,1,--,在校學業,32%,--,學測國文,--,--,學測社會,--,--,國語文學業,--,--,公社學業,--,--,學測英文,--,--,英語文學業,--,--
第一至七類學群,051,長榮大學,05136,美術學系,,外加,1,0,底標,7級分,--,--,--,--,--,--,--,--,--,--,--,素描,--,--,彩繪技法,--,--,創意表現,--,--,水墨書畫,--,--,美術鑑賞,--,--,0,--,在校學業,--,--,學測國文,--,--,學測社會,--,--,國語文學業,--,--,公社學業,--,--,學測英文,--,--,英語文學業,--,--
第一至七類學群,051,長榮大學,05137,書畫藝術學系,,一般,2,1,底標,7級分,--,--,--,--,--,--,--,--,--,--,--,素描,--,--,彩繪技法,--,--,創意表現,--,--,水墨書畫,--,--,美術鑑賞,--,--,1,--,在校學業,1%,--,學測國文,--,--,學測社會,--,--,美術學業,--,--,國語文學業,--,--,公社學業,--,--,生活科技學業,--,--
第一至七類學群,051,長榮大學,05137,書畫藝術學系,,外加,1,0,底標,7級分,--,--,--,--,--,--,--,--,--,--,--,素描,--,--,彩繪技法,--,--,創意表現,--,--,水墨書畫,--,--,美術鑑賞,--,--,0,--,在校學業,--,--,學測國文,--,--,學測社會,--,--,美術學業,--,--,國語文學業,--,--,公社學業,--,--,生活科技學業,--,--
第一至七類學群,056,國立臺灣藝術大學,05601,圖文傳播藝術學系,,一般,7,7,均標,10級分,均標,8級分,--,--,--,--,均標,10級分,--,--,--,,,,,,,,,,,,,,,,7,--,在校學業,9%,--,學測國文,12,--,學測英文,--,--,學測社會,--,--,學測國英社,--,--,國語文學業,--,--,學測數B,--,--
第一至七類學群,056,國立臺灣藝術大學,05601,圖文傳播藝術學系,,外加,2,1,均標,10級分,均標,8級分,--,--,--,--,均標,10級分,--,--,--,,,,,,,,,,,,,,,,1,--,在校學業,18%,--,學測國文,--,--,學測英文,--,--,學測社會,--,--,學測國英社,--,--,國語文學業,--,--,學測數B,--,--
第一至七類學群,056,國立臺灣藝術大學,05602,廣播電視學系,,一般,7,7,均標,10級分,均標,8級分,--,--,--,--,均標,10級分,--,--,--,,,,,,,,,,,,,,,,7,--,在校學業,9%,--,學測國英社,35,--,學測國文,--,--,學測英文,--,--,學測社會,--,--,國語文學業,--,--,英語文學業,--,--
第一至七類學群,056,國立臺灣藝術大學,05602,廣播電視學系,,外加,1,0,均標,10級分,均標,8級分,--,--,--,--,均標,10級分,--,--,--,,,,,,,,,,,,,,,,0,--,在校學業,--,--,學測國英社,--,--,學測國文,--,--,學測英文,--,--,學測社會,--,--,國語文學業,--,--,英語文學業,--,--
第一至七類學群,056,國立臺灣藝術大學,05603,電影學系,,一般,6,6,均標,10級分,均標,8級分,--,--,--,--,--,--,--,--,--,,,,,,,,,,,,,,,,6,--,在校學業,8%,--,學測英文,--,--,學測國文,--,--,學測社會,--,--,英語文學業,--,--,歷史學業,--,--,國語文學業,--,--
第一至七類學群,056,國立臺灣藝術大學,05603,電影學系,,外加,1,0,均標,10級分,均標,8級分,--,--,--,--,--,--,--,--,--,,,,,,,,,,,,,,,,0,--,在校學業,--,--,學測英文,--,--,學測國文,--,--,學測社會,--,--,英語文學業,--,--,歷史學業,--,--,國語文學業,--,--
第一至七類學群,056,國立臺灣藝術大學,05604,戲劇學系,,一般,4,0,頂標,13級分,頂標,13級分,--,--,--,--,均標,10級分,--,--,B級,,,,,,,,,,,,,,,,0,--,在校學業,--,--,學測國文,--,--,學測英文,--,--,學測社會,--,--,國語文學業,--,--,英語文學業,--,--,公社學業,--,--
第一至七類學群,056,國立臺灣藝術大學,05604,戲劇學系,,外加,1,0,頂標,13級分,頂標,13級分,--,--,--,--,均標,10級分,--,--,B級,,,,,,,,,,,,,,,,0,--,在校學業,--,--,學測國文,--,--,學測英文,--,--,學測社會,--,--,國語文學業,--,--,英語文學業,--,--,公社學業,--,--
第一至七類學群,056,國立臺灣藝術大學,05605,音樂學系,中提琴,一般,1,0,底標,7級分,底標,3級分,--,--,--,--,--,--,--,--,--,主修,後標,82分,副修,--,--,樂理,--,--,視唱,--,--,聽寫,--,--,0,--,在校學業,--,--,術科主修,--,--,學測英文,--,--,術科聽寫,--,--,術科樂理,--,--,術科副修,--,--,學測國文,--,--
第一至七類學群,056,國立臺灣藝術大學,05605,音樂學系,單簧管(豎笛),一般,1,1,底標,7級分,底標,3級分,--,--,--,--,--,--,--,--,--,主修,後標,84分,副修,--,--,樂理,--,--,視唱,--,--,聽寫,--,--,1,--,在校學業,15%,--,術科主修,--,--,學測英文,--,--,術科聽寫,--,--,術科樂理,--,--,術科副修,--,--,學測國文,--,--
第一至七類學群,056,國立臺灣藝術大學,05605,音樂學系,擊樂,一般,1,1,底標,7級分,底標,3級分,--,--,--,--,--,--,--,--,--,主修,後標,85分,副修,--,--,樂理,--,--,視唱,--,--,聽寫,--,--,1,--,在校學業,1%,--,術科主修,--,--,學測英文,--,--,術科聽寫,--,--,術科樂理,--,--,術科副修,--,--,學測國文,--,--
第一至七類學群,056,國立臺灣藝術大學,05605,音樂學系,理論作曲,一般,1,0,底標,7級分,底標,3級分,--,--,--,--,--,--,--,--,--,主修,後標,79分,副修,--,--,樂理,--,--,視唱,--,--,聽寫,--,--,0,--,在校學業,--,--,術科主修,--,--,學測英文,--,--,術科聽寫,--,--,術科樂理,--,--,術科副修,--,--,學測國文,--,--
第一至七類學群,056,國立臺灣藝術大學,05605,音樂學系,理論作曲,外加,1,0,底標,7級分,底標,3級分,--,--,--,--,--,--,--,--,--,主修,後標,79分,副修,--,--,樂理,--,--,視唱,--,--,聽寫,--,--,0,--,在校學業,--,--,術科主修,--,--,學測英文,--,--,術科聽寫,--,--,術科樂理,--,--,術科副修,--,--,學測國文,--,--
第一至七類學群,056,國立臺灣藝術大學,05606,美術學系,,一般,5,5,均標,10級分,--,--,--,--,--,--,--,--,--,--,--,素描,均標,63分,彩繪技法,--,--,創意表現,--,--,水墨書畫,--,--,美術鑑賞,均標,62分,5,--,在校學業,5%,--,學測國文,--,--,學測英文,--,--,術科美術鑑賞,--,--,術科素描,--,--,術科彩繪技法,--,--,術科創意表現,--,--
第一至七類學群,056,國立臺灣藝術大學,05606,美術學系,,外加,1,1,均標,10級分,--,--,--,--,--,--,--,--,--,--,--,素描,均標,63分,彩繪技法,--,--,創意表現,--,--,水墨書畫,--,--,美術鑑賞,均標,62分,1,--,在校學業,1%,--,學測國文,--,--,學測英文,--,--,術科美術鑑賞,--,--,術科素描,--,--,術科彩繪技法,--,--,術科創意表現,--,--
第一至七類學群,056,國立臺灣藝術大學,05607,書畫藝術學系,,一般,5,3,均標,10級分,後標,4級分,--,--,--,--,均標,10級分,--,--,--,素描,後標,48分,彩繪技法,後標,48分,創意表現,--,--,水墨書畫,均標,62分,美術鑑賞,--,--,2,1,在校學業,12%,9%,術科水墨書畫,--,--,術科素描,--,--,術科彩繪技法,--,--,美術學業,--,--,學測國文,--,--,學測社會,--,--
第一至七類學群,056,國立臺灣藝術大學,05607,書畫藝術學系,,外加,1,0,均標,10級分,後標,4級分,--,--,--,--,均標,10級分,--,--,--,素描,後標,48分,彩繪技法,後標,48分,創意表現,--,--,水墨書畫,均標,62分,美術鑑賞,--,--,0,--,在校學業,--,--,術科水墨書畫,--,--,術科素描,--,--,術科彩繪技法,--,--,美術學業,--,--,學測國文,--,--,學測社會,--,--
第一至七類學群,056,國立臺灣藝術大學,05608,雕塑學系,,一般,6,6,底標,7級分,底標,3級分,--,--,--,--,底標,7級分,--,--,--,素描,均標,63分,彩繪技法,--,--,創意表現,底標,39分,水墨書畫,--,--,美術鑑賞,底標,46分,4,2,在校學業,6%,13%,術科素描,--,--,術科創意表現,--,--,術科美術鑑賞,--,--,美術學業,--,--,學測英文,--,--,學測社會,--,--
第一至七類學群,056,國立臺灣藝術大學,05608,雕塑學系,,外加,1,0,底標,7級分,底標,3級分,--,--,--,--,底標,7級分,--,--,--,素描,均標,63分,彩繪技法,--,--,創意表現,底標,39分,水墨書畫,--,--,美術鑑賞,底標,46分,0,--,在校學業,--,--,術科素描,--,--,術科創意表現,--,--,術科美術鑑賞,--,--,美術學業,--,--,學測英文,--,--,學測社會,--,--
第一至七類學群,056,國立臺灣藝術大學,05609,古蹟藝術修護學系,,一般,8,5,均標,10級分,後標,4級分,--,--,--,--,均標,10級分,--,--,--,素描,均標,63分,彩繪技法,均標,63分,創意表現,--,--,水墨書畫,均標,62分,美術鑑賞,--,--,3,2,在校學業,9%,16%,學測社會,--,--,學測國文,--,--,學測國英社,--,--,美術學業,--,--,術科水墨書畫,--,--,學測英文,--,--
第一至七類學群,056,國立臺灣藝術大學,05610,視覺傳達設計學系,,一般,6,6,均標,10級分,均標,8級分,--,--,--,--,--,--,--,--,C級,素描,均標,63分,彩繪技法,均標,63分,創意表現,均標,63分,水墨書畫,--,--,美術鑑賞,均標,62分,6,--,在校學業,4%,--,美術學業,16%,--,術科創意表現,--,--,學測國英,--,--,學測國文,--,--,學測英文,--,--,術科素描,--,--
第一至七類學群,056,國立臺灣藝術大學,05611,工藝設計學系,,一般,5,3,均標,10級分,均標,8級分,--,--,--,--,均標,10級分,--,--,--,素描,均標,63分,彩繪技法,--,--,創意表現,均標,63分,水墨書畫,--,--,美術鑑賞,均標,62分,1,2,在校學業,11%,19%,美術學業,--,--,術科創意表現,--,--,術科素描,--,--,術科美術鑑賞,--,--,學測國文,--,--,學測英文,--,--
第一至七類學群,056,國立臺灣藝術大學,05612,多媒體動畫藝術學系,,一般,5,5,均標,10級分,均標,8級分,--,--,均標,6級分,--,--,--,--,--,素描,均標,63分,彩繪技法,均標,63分,創意表現,均標,63分,水墨書畫,--,--,美術鑑賞,--,--,5,--,在校學業,8%,--,學測英文,--,--,美術學業,--,--,術科素描,--,--,術科彩繪技法,--,--,術科創意表現,--,--,學測國文,--,--
第一至七類學群,058,國立暨南國際大學,05801,中國語文學系,,一般,8,8,前標,12級分,--,--,--,--,--,--,--,--,--,--,--,,,,,,,,,,,,,,,,7,1,在校學業,31%,26%,學測國文,--,--,國語文學業,--,--,學測國社,--,--,學測社會,--,--,歷史學業,--,--,英語文學業,--,--
第一至七類學群,058,國立暨南國際大學,05801,中國語文學系,,外加,1,0,前標,12級分,--,--,--,--,--,--,--,--,--,--,--,,,,,,,,,,,,,,,,0,--,在校學業,--,--,學測國文,--,--,國語文學業,--,--,學測國社,--,--,學測社會,--,--,歷史學業,--,--,英語文學業,--,--
第一至七類學群,058,國立暨南國際大學,05802,外國語文學系,,一般,8,8,均標,10級分,均標,8級分,--,--,--,--,--,--,--,--,--,,,,,,,,,,,,,,,,6,2,在校學業,44%,15%,英語文學業,--,--,國語文學業,--,--,學測英文,--,--,學測國文,--,--,學測社會,--,--,公社學業,--,--
第一至七類學群,058,國立暨南國際大學,05802,外國語文學系,,外加,2,0,均標,10級分,均標,8級分,--,--,--,--,--,--,--,--,--,,,,,,,,,,,,,,,,0,--,在校學業,--,--,英語文學業,--,--,國語文學業,--,--,學測英文,--,--,學測國文,--,--,學測社會,--,--,公社學業,--,--
第一至七類學群,058,國立暨南國際大學,05803,社會政策與社會工作學系,,一般,9,9,--,--,均標,8級分,--,--,--,--,均標,10級分,--,--,--,,,,,,,,,,,,,,,,8,1,在校學業,27%,19%,學測社會,--,--,公社學業,--,--,國語文學業,--,--,學測英文,--,--,學測國文,--,--,生活科技學業,--,--
第一至七類學群,058,國立暨南國際大學,05804,公共行政與政策學系,,一般,9,9,均標,10級分,--,--,--,--,均標,6級分,--,--,--,--,--,,,,,,,,,,,,,,,,9,--,在校學業,14%,--,學測英文,--,--,學測社會,--,--,學測國文,--,--,英語文學業,--,--,公社學業,--,--,國語文學業,--,--
第一至七類學群,058,國立暨南國際大學,05804,公共行政與政策學系,,外加,5,0,均標,10級分,--,--,--,--,均標,6級分,--,--,--,--,--,,,,,,,,,,,,,,,,0,--,在校學業,--,--,學測英文,--,--,學測社會,--,--,學測國文,--,--,英語文學業,--,--,公社學業,--,--,國語文學業,--,--
第一至七類學群,058,國立暨南國際大學,05805,歷史學系,,一般,8,8,均標,10級分,--,--,--,--,--,--,均標,10級分,--,--,--,,,,,,,,,,,,,,,,8,--,在校學業,37%,--,學測國社,--,--,學測國文,--,--,學測社會,--,--,國語文學業,--,--,歷史學業,--,--,地理學業,--,--
第一至七類學群,058,國立暨南國際大學,05805,歷史學系,,外加,2,0,均標,10級分,--,--,--,--,--,--,均標,10級分,--,--,--,,,,,,,,,,,,,,,,0,--,在校學業,--,--,學測國社,--,--,學測國文,--,--,學測社會,--,--,國語文學業,--,--,歷史學業,--,--,地理學業,--,--
第一至七類學群,058,國立暨南國際大學,05806,東南亞學系,,一般,8,8,--,--,--,--,--,--,--,--,均標,10級分,--,--,--,,,,,,,,,,,,,,,,8,--,在校學業,36%,--,學測社會,--,--,英語文學業,--,--,地理學業,--,--,歷史學業,--,--,公社學業,--,--,學測英文,--,--
第一至七類學群,058,國立暨南國際大學,05806,東南亞學系,,外加,3,0,--,--,--,--,--,--,--,--,均標,10級分,--,--,--,,,,,,,,,,,,,,,,0,--,在校學業,--,--,學測社會,--,--,英語文學業,--,--,地理學業,--,--,歷史學業,--,--,公社學業,--,--,學測英文,--,--
第一至七類學群,058,國立暨南國際大學,05807,國際企業學系,,一般,10,10,--,--,均標,8級分,--,--,均標,6級分,--,--,--,--,--,,,,,,,,,,,,,,,,5,5,在校學業,30%,29%,學測英文,--,--,學測數B,--,--,英語文學業,--,--,數學學業,--,--,國語文學業,--,--,公社學業,--,--
第一至七類學群,058,國立暨南國際大學,05807,國際企業學系,,外加,2,1,--,--,均標,8級分,--,--,均標,6級分,--,--,--,--,--,,,,,,,,,,,,,,,,1,--,在校學業,44%,--,學測英文,--,--,學測數B,--,--,英語文學業,--,--,數學學業,--,--,國語文學業,--,--,公社學業,--,--
第一至七類學群,058,國立暨南國際大學,05808,經濟學系,,一般,11,11,--,--,--,--,後標,4級分,均標,6級分,--,--,--,--,--,,,,,,,,,,,,,,,,11,--,在校學業,23%,--,學測國英,--,--,數學學業,--,--,學測英文,--,--,英語文學業,--,--,學測國文,--,--,國語文學業,--,--
第一至七類學群,058,國立暨南國際大學,05808,經濟學系,,外加,3,0,--,--,--,--,後標,4級分,均標,6級分,--,--,--,--,--,,,,,,,,,,,,,,,,0,--,在校學業,--,--,學測國英,--,--,數學學業,--,--,學測英文,--,--,英語文學業,--,--,學測國文,--,--,國語文學業,--,--
第一至七類學群,058,國立暨南國際大學,05809,資訊管理學系,,一般,10,10,--,--,均標,8級分,--,--,均標,6級分,--,--,--,--,--,,,,,,,,,,,,,,,,10,--,在校學業,27%,--,學測英文,--,--,英語文學業,--,--,學測數B,--,--,數學學業,--,--,學測國文,--,--,學測社會,--,--
第一至七類學群,058,國立暨南國際大學,05809,資訊管理學系,,外加,2,0,--,--,均標,8級分,--,--,均標,6級分,--,--,--,--,--,,,,,,,,,,,,,,,,0,--,在校學業,--,--,學測英文,--,--,英語文學業,--,--,學測數B,--,--,數學學業,--,--,學測國文,--,--,學測社會,--,--
第一至七類學群,058,國立暨南國際大學,05810,財務金融學系,,一般,10,10,--,--,均標,8級分,--,--,均標,6級分,--,--,--,--,--,,,,,,,,,,,,,,,,10,--,在校學業,12%,--,學測數B,7,--,學測英文,10,--,學測英數B,--,--,數學學業,--,--,英語文學業,--,--,國語文學業,--,--
第一至七類學群,058,國立暨南國際大學,05811,觀光休閒與餐旅管理學系觀光休閒組,,一般,4,4,後標,9級分,--,--,--,--,--,--,--,--,--,--,--,,,,,,,,,,,,,,,,4,--,在校學業,28%,--,學測英文,--,--,英語文學業,--,--,學測國文,--,--,國語文學業,--,--,學測社會,--,--,地理學業,--,--
第一至七類學群,058,國立暨南國際大學,05811,觀光休閒與餐旅管理學系觀光休閒組,,外加,1,1,後標,9級分,--,--,--,--,--,--,--,--,--,--,--,,,,,,,,,,,,,,,,1,--,在校學業,13%,--,學測英文,--,--,英語文學業,--,--,學測國文,--,--,國語文學業,--,--,學測社會,--,--,地理學業,--,--
第一至七類學群,058,國立暨南國際大學,05812,觀光休閒與餐旅管理學系餐旅管理組,,一般,4,4,--,--,後標,4級分,--,--,--,--,--,--,--,--,--,,,,,,,,,,,,,,,,4,--,在校學業,25%,--,學測英文,--,--,英語文學業,--,--,學測國文,--,--,國語文學業,--,--,學測社會,--,--,歷史學業,--,--
第一至七類學群,058,國立暨南國際大學,05812,觀光休閒與餐旅管理學系餐旅管理組,,外加,1,0,--,--,後標,4級分,--,--,--,--,--,--,--,--,--,,,,,,,,,,,,,,,,0,--,在校學業,--,--,學測英文,--,--,英語文學業,--,--,學測國文,--,--,國語文學業,--,--,學測社會,--,--,歷史學業,--,--
第一至七類學群,058,國立暨南國際大學,05813,管理學院學士班,,一般,4,4,--,--,--,--,後標,4級分,均標,6級分,--,--,--,--,--,,,,,,,,,,,,,,,,4,--,在校學業,12%,--,數學學業,--,--,學測英文,--,--,英語文學業,--,--,學測國文,--,--,國語文學業,--,--,公社學業,--,--
第一至七類學群,058,國立暨南國際大學,05814,國際文教與比較教育學系,,一般,9,9,--,--,均標,8級分,--,--,--,--,--,--,--,--,--,,,,,,,,,,,,,,,,7,2,在校學業,50%,12%,學測英文,--,--,英語文學業,--,--,學測國文,--,--,國語文學業,--,--,學測社會,--,--,數學學業,--,--
第一至七類學群,058,國立暨南國際大學,05814,國際文教與比較教育學系,,外加,2,0,--,--,均標,8級分,--,--,--,--,--,--,--,--,--,,,,,,,,,,,,,,,,0,--,在校學業,--,--,學測英文,--,--,英語文學業,--,--,學測國文,--,--,國語文學業,--,--,學測社會,--,--,數學學業,--,--
第一至七類學群,058,國立暨南國際大學,05815,教育政策與行政學系,,一般,8,8,均標,10級分,--,--,--,--,--,--,--,--,--,--,--,,,,,,,,,,,,,,,,8,--,在校學業,17%,--,學測國文,--,--,國語文學業,--,--,學測英文,--,--,英語文學業,--,--,學測社會,--,--,公社學業,--,--
第一至七類學群,058,國立暨南國際大學,05815,教育政策與行政學系,,外加,4,0,均標,10級分,--,--,--,--,--,--,--,--,--,--,--,,,,,,,,,,,,,,,,0,--,在校學業,--,--,學測國文,--,--,國語文學業,--,--,學測英文,--,--,英語文學業,--,--,學測社會,--,--,公社學業,--,--
第一至七類學群,058,國立暨南國際大學,05816,諮商心理與人力資源發展學系諮商心理組,,一般,4,4,--,--,均標,8級分,--,--,--,--,--,--,--,--,--,,,,,,,,,,,,,,,,4,--,在校學業,10%,--,學測國英數B社,--,--,學測英文,--,--,英語文學業,--,--,學測數B,--,--,數學學業,--,--,學測國文,--,--
第一至七類學群,058,國立暨南國際大學,05817,諮商心理與人力資源發展學系終身學習與人力資源發展組,,一般,4,4,均標,10級分,均標,8級分,--,--,--,--,--,--,--,--,--,,,,,,,,,,,,,,,,2,2,在校學業,42%,18%,學測國英社,--,--,學測英文,--,--,英語文學業,--,--,學測國文,--,--,國語文學業,--,--,數學學業,--,--
第一至七類學群,058,國立暨南國際大學,05818,教育學院學士班教育科技與數位學習組,,一般,2,2,均標,10級分,--,--,--,--,後標,4級分,--,--,--,--,--,,,,,,,,,,,,,,,,2,--,在校學業,26%,--,學測國文,--,--,學測英文,--,--,學測社會,--,--,國語文學業,--,--,英語文學業,--,--,公社學業,--,--
第一至七類學群,058,國立暨南國際大學,05819,教育學院學士班教育心理與輔導組,,一般,2,2,--,--,均標,8級分,--,--,後標,4級分,--,--,--,--,--,,,,,,,,,,,,,,,,2,--,在校學業,27%,--,學測英文,--,--,學測國文,--,--,學測社會,--,--,英語文學業,--,--,國語文學業,--,--,公社學業,--,--
第一至七類學群,058,國立暨南國際大學,05820,資訊工程學系,,一般,9,9,--,--,均標,8級分,均標,6級分,--,--,--,--,--,--,--,,,,,,,,,,,,,,,,9,--,在校學業,27%,--,學測數A,--,--,學測英文,--,--,數學學業,--,--,英語文學業,--,--,資訊科技學業,--,--,生活科技學業,--,--
第一至七類學群,058,國立暨南國際大學,05821,土木工程學系,,一般,7,7,--,--,--,--,後標,4級分,--,--,--,--,均標,9級分,--,,,,,,,,,,,,,,,,4,3,在校學業,37%,17%,學測數A,--,--,學測自然,--,--,學測英文,--,--,數學學業,--,--,物理學業,--,--,學測國文,--,--
第一至七類學群,058,國立暨南國際大學,05822,電機工程學系,,一般,11,11,--,--,--,--,後標,4級分,均標,6級分,--,--,--,--,--,,,,,,,,,,,,,,,,11,--,在校學業,7%,--,學測國英自,34,--,學測自然,--,--,學測英文,--,--,學測國文,--,--,數學學業,--,--,英語文學業,--,--
第一至七類學群,058,國立暨南國際大學,05822,電機工程學系,,外加,3,0,--,--,--,--,後標,4級分,均標,6級分,--,--,--,--,--,,,,,,,,,,,,,,,,0,--,在校學業,--,--,學測國英自,--,--,學測自然,--,--,學測英文,--,--,學測國文,--,--,數學學業,--,--,英語文學業,--,--
第一至七類學群,058,國立暨南國際大學,05823,應用化學系,,一般,10,10,--,--,後標,4級分,--,--,--,--,--,--,均標,9級分,--,,,,,,,,,,,,,,,,10,--,在校學業,23%,--,學測自然,11,--,學測英文,10,--,學測數A,--,--,學測英自,--,--,學測國文,--,--,化學學業,--,--
第一至七類學群,058,國立暨南國際大學,05824,應用材料及光電工程學系,,一般,9,9,--,--,--,--,後標,4級分,--,--,--,--,均標,9級分,--,,,,,,,,,,,,,,,,9,--,在校學業,24%,--,學測數A,--,--,學測自然,--,--,學測英文,--,--,學測國英數A自,--,--,學測國文,--,--,國語文學業,--,--
第一至七類學群,058,國立暨南國際大學,05825,科技學院學士班,,一般,4,4,--,--,--,--,--,--,--,--,--,--,均標,9級分,--,,,,,,,,,,,,,,,,4,--,在校學業,25%,--,學測數A,--,--,學測自然,--,--,學測英文,--,--,數學學業,--,--,英語文學業,--,--,物理學業,--,--
第一至七類學群,058,國立暨南國際大學,05826,護理學系,,一般,11,11,--,--,--,--,--,--,--,--,--,--,後標,7級分,--,,,,,,,,,,,,,,,,7,4,在校學業,46%,20%,學測國英自,--,--,學測自然,--,--,學測英文,--,--,學測國文,--,--,生物學業,--,--,英語文學業,--,--
第一至七類學群,059,南華大學,05901,財務金融學系,,一般,11,11,底標,7級分,--,--,--,--,--,--,--,--,--,--,--,,,,,,,,,,,,,,,,9,2,在校學業,48%,46%,學測國文,--,10,學測英文,--,--,學測國英,--,--,歷史學業,--,--,國語文學業,--,--,生活科技學業,--,--
第一至七類學群,059,南華大學,05901,財務金融學系,,外加,2,0,底標,7級分,--,--,--,--,--,--,--,--,--,--,--,,,,,,,,,,,,,,,,0,--,在校學業,--,--,學測國文,--,--,學測英文,--,--,學測國英,--,--,歷史學業,--,--,國語文學業,--,--,生活科技學業,--,--
第一至七類學群,059,南華大學,05902,企業管理學系經營管理組,,一般,2,2,底標,7級分,--,--,--,--,--,--,--,--,--,--,--,,,,,,,,,,,,,,,,2,--,在校學業,37%,--,國語文學業,--,--,公社學業,--,--,歷史學業,--,--,地理學業,--,--,學測國文,--,--,學測社會,--,--
第一至七類學群,059,南華大學,05902,企業管理學系經營管理組,,外加,1,0,底標,7級分,--,--,--,--,--,--,--,--,--,--,--,,,,,,,,,,,,,,,,0,--,在校學業,--,--,國語文學業,--,--,公社學業,--,--,歷史學業,--,--,地理學業,--,--,學測國文,--,--,學測社會,--,--
第一至七類學群,059,南華大學,05903,企業管理學系行銷企劃組,,一般,2,2,底標,7級分,--,--,--,--,--,--,--,--,--,--,--,,,,,,,,,,,,,,,,1,1,在校學業,50%,45%,國語文學業,--,--,公社學業,--,--,歷史學業,--,--,地理學業,--,--,學測國文,--,--,學測社會,--,--
第一至七類學群,059,南華大學,05903,企業管理學系行銷企劃組,,外加,1,0,底標,7級分,--,--,--,--,--,--,--,--,--,--,--,,,,,,,,,,,,,,,,0,--,在校學業,--,--,國語文學業,--,--,公社學業,--,--,歷史學業,--,--,地理學業,--,--,學測國文,--,--,學測社會,--,--
第一至七類學群,059,南華大學,05904,文化創意事業管理學系,,一般,2,2,底標,7級分,--,--,--,--,--,--,--,--,--,--,--,,,,,,,,,,,,,,,,1,1,在校學業,26%,46%,學測國文,--,--,歷史學業,--,--,地理學業,--,--,公社學業,--,--,國語文學業,--,--,英語文學業,--,--
第一至七類學群,059,南華大學,05904,文化創意事業管理學系,,外加,1,0,底標,7級分,--,--,--,--,--,--,--,--,--,--,--,,,,,,,,,,,,,,,,0,--,在校學業,--,--,學測國文,--,--,歷史學業,--,--,地理學業,--,--,公社學業,--,--,國語文學業,--,--,英語文學業,--,--
第一至七類學群,059,南華大學,05905,旅遊管理學系AI智慧觀光暨餐旅組,,一般,4,4,底標,7級分,--,--,--,--,--,--,--,--,--,--,--,,,,,,,,,,,,,,,,2,2,在校學業,47%,43%,學測國文,--,--,國語文學業,--,--,地理學業,--,--,歷史學業,--,--,公社學業,--,--,英語文學業,--,--
第一至七類學群,059,南華大學,05905,旅遊管理學系AI智慧觀光暨餐旅組,,外加,1,0,底標,7級分,--,--,--,--,--,--,--,--,--,--,--,,,,,,,,,,,,,,,,0,--,在校學業,--,--,學測國文,--,--,國語文學業,--,--,地理學業,--,--,歷史學業,--,--,公社學業,--,--,英語文學業,--,--
第一至七類學群,059,南華大學,05906,管理學院國際企業學士學位學程,,一般,1,1,--,--,底標,3級分,--,--,--,--,--,--,--,--,--,,,,,,,,,,,,,,,,0,1,在校學業,--,42%,學測英文,--,--,英語文學業,--,--,學測國英,--,--,學測國文,--,--,國語文學業,--,--,公社學業,--,--
第一至七類學群,059,南華大學,05907,生死學系社會工作組,,一般,5,5,底標,7級分,--,--,--,--,--,--,--,--,--,--,--,,,,,,,,,,,,,,,,4,1,在校學業,49%,21%,學測國文,--,9,學測社會,--,--,國語文學業,--,--,公社學業,--,--,歷史學業,--,--,生活科技學業,--,--
第一至七類學群,059,南華大學,05907,生死學系社會工作組,,外加,1,0,底標,7級分,--,--,--,--,--,--,--,--,--,--,--,,,,,,,,,,,,,,,,0,--,在校學業,--,--,學測國文,--,--,學測社會,--,--,國語文學業,--,--,公社學業,--,--,歷史學業,--,--,生活科技學業,--,--
第一至七類學群,059,南華大學,05908,生死學系殯葬服務組,,一般,9,9,底標,7級分,--,--,--,--,--,--,--,--,--,--,--,,,,,,,,,,,,,,,,9,--,在校學業,30%,--,學測國文,--,--,學測社會,--,--,國語文學業,--,--,公社學業,--,--,歷史學業,--,--,生活科技學業,--,--
第一至七類學群,059,南華大學,05908,生死學系殯葬服務組,,外加,2,1,底標,7級分,--,--,--,--,--,--,--,--,--,--,--,,,,,,,,,,,,,,,,1,--,在校學業,36%,--,學測國文,--,--,學測社會,--,--,國語文學業,--,--,公社學業,--,--,歷史學業,--,--,生活科技學業,--,--
第一至七類學群,059,南華大學,05909,生死學系諮商組,,一般,7,7,底標,7級分,--,--,--,--,--,--,--,--,--,--,--,,,,,,,,,,,,,,,,3,4,在校學業,40%,41%,學測國文,--,11,學測社會,--,--,國語文學業,--,--,公社學業,--,--,歷史學業,--,--,生活科技學業,--,--
第一至七類學群,059,南華大學,05909,生死學系諮商組,,外加,1,0,底標,7級分,--,--,--,--,--,--,--,--,--,--,--,,,,,,,,,,,,,,,,0,--,在校學業,--,--,學測國文,--,--,學測社會,--,--,國語文學業,--,--,公社學業,--,--,歷史學業,--,--,生活科技學業,--,--
第一至七類學群,059,南華大學,05910,幼兒教育學系,,一般,4,4,底標,7級分,--,--,--,--,--,--,--,--,--,--,--,,,,,,,,,,,,,,,,4,--,在校學業,40%,--,學測國文,--,--,國語文學業,--,--,歷史學業,--,--,地理學業,--,--,公社學業,--,--,英語文學業,--,--
第一至七類學群,059,南華大學,05910,幼兒教育學系,,外加,1,0,底標,7級分,--,--,--,--,--,--,--,--,--,--,--,,,,,,,,,,,,,,,,0,--,在校學業,--,--,學測國文,--,--,國語文學業,--,--,歷史學業,--,--,地理學業,--,--,公社學業,--,--,英語文學業,--,--
第一至七類學群,059,南華大學,05911,文學系,,一般,3,3,底標,7級分,--,--,--,--,--,--,--,--,--,--,--,,,,,,,,,,,,,,,,1,2,在校學業,36%,43%,學測國文,--,--,國語文學業,--,--,學測社會,--,--,歷史學業,--,--,地理學業,--,--,公社學業,--,--
第一至七類學群,059,南華大學,05911,文學系,,外加,1,0,底標,7級分,--,--,--,--,--,--,--,--,--,--,--,,,,,,,,,,,,,,,,0,--,在校學業,--,--,學測國文,--,--,國語文學業,--,--,學測社會,--,--,歷史學業,--,--,地理學業,--,--,公社學業,--,--
第一至七類學群,059,南華大學,05912,外國語文學系,,一般,3,3,底標,7級分,--,--,--,--,--,--,--,--,--,--,--,,,,,,,,,,,,,,,,3,--,在校學業,43%,--,學測英文,--,--,學測國文,--,--,英語文學業,--,--,國語文學業,--,--,生活科技學業,--,--,資訊科技學業,--,--
第一至七類學群,059,南華大學,05912,外國語文學系,,外加,1,0,底標,7級分,--,--,--,--,--,--,--,--,--,--,--,,,,,,,,,,,,,,,,0,--,在校學業,--,--,學測英文,--,--,學測國文,--,--,英語文學業,--,--,國語文學業,--,--,生活科技學業,--,--,資訊科技學業,--,--
第一至七類學群,059,南華大學,05913,應用社會學系社會學組,,一般,2,2,--,--,--,--,--,--,--,--,底標,7級分,--,--,--,,,,,,,,,,,,,,,,2,--,在校學業,22%,--,學測社會,--,--,學測國文,--,--,公社學業,--,--,國語文學業,--,--,歷史學業,--,--,地理學業,--,--
第一至七類學群,059,南華大學,05913,應用社會學系社會學組,,外加,1,0,--,--,--,--,--,--,--,--,底標,7級分,--,--,--,,,,,,,,,,,,,,,,0,--,在校學業,--,--,學測社會,--,--,學測國文,--,--,公社學業,--,--,國語文學業,--,--,歷史學業,--,--,地理學業,--,--
第一至七類學群,059,南華大學,05914,應用社會學系社會工作組,,一般,5,5,--,--,--,--,--,--,--,--,底標,7級分,--,--,--,,,,,,,,,,,,,,,,5,--,在校學業,47%,--,學測社會,--,--,學測國文,--,--,公社學業,--,--,國語文學業,--,--,歷史學業,--,--,地理學業,--,--
第一至七類學群,059,南華大學,05914,應用社會學系社會工作組,,外加,1,0,--,--,--,--,--,--,--,--,底標,7級分,--,--,--,,,,,,,,,,,,,,,,0,--,在校學業,--,--,學測社會,--,--,學測國文,--,--,公社學業,--,--,國語文學業,--,--,歷史學業,--,--,地理學業,--,--
第一至七類學群,059,南華大學,05915,傳播學系廣告公關新聞組,,一般,2,2,底標,7級分,--,--,--,--,--,--,--,--,--,--,--,,,,,,,,,,,,,,,,1,1,在校學業,32%,34%,學測國文,--,--,國語文學業,--,--,歷史學業,--,--,地理學業,--,--,公社學業,--,--,資訊科技學業,--,--
第一至七類學群,059,南華大學,05915,傳播學系廣告公關新聞組,,外加,1,0,底標,7級分,--,--,--,--,--,--,--,--,--,--,--,,,,,,,,,,,,,,,,0,--,在校學業,--,--,學測國文,--,--,國語文學業,--,--,歷史學業,--,--,地理學業,--,--,公社學業,--,--,資訊科技學業,--,--
第一至七類學群,059,南華大學,05916,傳播學系影劇表演藝術組,,一般,3,3,底標,7級分,--,--,--,--,--,--,--,--,--,--,--,,,,,,,,,,,,,,,,1,2,在校學業,35%,47%,學測國文,--,--,國語文學業,--,--,歷史學業,--,--,地理學業,--,--,公社學業,--,--,資訊科技學業,--,--
第一至七類學群,059,南華大學,05916,傳播學系影劇表演藝術組,,外加,1,0,底標,7級分,--,--,--,--,--,--,--,--,--,--,--,,,,,,,,,,,,,,,,0,--,在校學業,--,--,學測國文,--,--,國語文學業,--,--,歷史學業,--,--,地理學業,--,--,公社學業,--,--,資訊科技學業,--,--
第一至七類學群,059,南華大學,05917,國際事務與企業學系,,一般,3,3,--,--,--,--,--,--,--,--,底標,7級分,--,--,--,,,,,,,,,,,,,,,,3,--,在校學業,41%,--,學測社會,--,--,國語文學業,--,--,英語文學業,--,--,公社學業,--,--,歷史學業,--,--,地理學業,--,--
第一至七類學群,059,南華大學,05917,國際事務與企業學系,,外加,1,0,--,--,--,--,--,--,--,--,底標,7級分,--,--,--,,,,,,,,,,,,,,,,0,--,在校學業,--,--,學測社會,--,--,國語文學業,--,--,英語文學業,--,--,公社學業,--,--,歷史學業,--,--,地理學業,--,--
第一至七類學群,059,南華大學,05918,國際事務與企業學系公共事務與管理A組,,一般,2,2,底標,7級分,--,--,--,--,--,--,--,--,--,--,--,,,,,,,,,,,,,,,,1,1,在校學業,48%,41%,學測國文,--,--,公社學業,--,--,國語文學業,--,--,歷史學業,--,--,英語文學業,--,--,地理學業,--,--
第一至七類學群,059,南華大學,05919,視覺藝術與設計學系繪畫文創組,,一般,1,1,底標,7級分,--,--,--,--,--,--,--,--,--,--,--,,,,,,,,,,,,,,,,1,--,在校學業,30%,--,學測國文,--,--,生活科技學業,--,--,國語文學業,--,--,歷史學業,--,--,學測英文,--,--,英語文學業,--,--
第一至七類學群,059,南華大學,05919,視覺藝術與設計學系繪畫文創組,,外加,1,0,底標,7級分,--,--,--,--,--,--,--,--,--,--,--,,,,,,,,,,,,,,,,0,--,在校學業,--,--,學測國文,--,--,生活科技學業,--,--,國語文學業,--,--,歷史學業,--,--,學測英文,--,--,英語文學業,--,--
第一至七類學群,059,南華大學,05920,視覺藝術與設計學系數位設計組,,一般,1,1,底標,7級分,--,--,--,--,--,--,--,--,--,--,--,,,,,,,,,,,,,,,,0,1,在校學業,--,19%,學測國文,--,--,生活科技學業,--,--,國語文學業,--,--,歷史學業,--,--,學測英文,--,--,英語文學業,--,--
第一至七類學群,059,南華大學,05920,視覺藝術與設計學系數位設計組,,外加,1,0,底標,7級分,--,--,--,--,--,--,--,--,--,--,--,,,,,,,,,,,,,,,,0,--,在校學業,--,--,學測國文,--,--,生活科技學業,--,--,國語文學業,--,--,歷史學業,--,--,學測英文,--,--,英語文學業,--,--
第一至七類學群,059,南華大學,05921,民族音樂學系,,一般,1,1,底標,7級分,--,--,--,--,--,--,--,--,--,--,--,,,,,,,,,,,,,,,,0,1,在校學業,--,26%,學測國文,--,--,國語文學業,--,--,學測社會,--,--,歷史學業,--,--,學測英文,--,--,公社學業,--,--
第一至七類學群,059,南華大學,05921,民族音樂學系,,外加,2,0,底標,7級分,--,--,--,--,--,--,--,--,--,--,--,,,,,,,,,,,,,,,,0,--,在校學業,--,--,學測國文,--,--,國語文學業,--,--,學測社會,--,--,歷史學業,--,--,學測英文,--,--,公社學業,--,--
第一至七類學群,059,南華大學,05922,建築學系社會組,,一般,3,3,底標,7級分,--,--,--,--,--,--,--,--,--,--,--,,,,,,,,,,,,,,,,0,3,在校學業,--,49%,國語文學業,--,44%,英語文學業,--,--,數學學業,--,--,學測國文,--,--,學測英文,--,--,學測社會,--,--
第一至七類學群,059,南華大學,05922,建築學系社會組,,外加,1,0,底標,7級分,--,--,--,--,--,--,--,--,--,--,--,,,,,,,,,,,,,,,,0,--,在校學業,--,--,國語文學業,--,--,英語文學業,--,--,數學學業,--,--,學測國文,--,--,學測英文,--,--,學測社會,--,--
第一至七類學群,059,南華大學,05923,產品與室內設計學系產品設計組,,一般,1,1,底標,7級分,--,--,--,--,--,--,--,--,--,--,--,,,,,,,,,,,,,,,,1,--,在校學業,45%,--,國語文學業,--,--,學測國文,--,--,學測英文,--,--,英語文學業,--,--,生活科技學業,--,--,資訊科技學業,--,--
第一至七類學群,059,南華大學,05923,產品與室內設計學系產品設計組,,外加,1,0,底標,7級分,--,--,--,--,--,--,--,--,--,--,--,,,,,,,,,,,,,,,,0,--,在校學業,--,--,國語文學業,--,--,學測國文,--,--,學測英文,--,--,英語文學業,--,--,生活科技學業,--,--,資訊科技學業,--,--
第一至七類學群,059,南華大學,05924,資訊管理學系大數據分析組,,一般,3,3,底標,7級分,--,--,--,--,--,--,--,--,--,--,--,,,,,,,,,,,,,,,,0,3,在校學業,--,49%,學測國文,--,10,國語文學業,--,26%,公社學業,--,--,歷史學業,--,--,地理學業,--,--,生活科技學業,--,--
第一至七類學群,059,南華大學,05924,資訊管理學系大數據分析組,,外加,1,0,底標,7級分,--,--,--,--,--,--,--,--,--,--,--,,,,,,,,,,,,,,,,0,--,在校學業,--,--,學測國文,--,--,國語文學業,--,--,公社學業,--,--,歷史學業,--,--,地理學業,--,--,生活科技學業,--,--
第一至七類學群,059,南華大學,05925,傳播學系數位影音製作組,,一般,4,4,底標,7級分,--,--,--,--,--,--,--,--,--,--,--,,,,,,,,,,,,,,,,1,3,在校學業,38%,46%,學測國文,--,--,國語文學業,--,--,歷史學業,--,--,地理學業,--,--,公社學業,--,--,資訊科技學業,--,--
第一至七類學群,059,南華大學,05925,傳播學系數位影音製作組,,外加,1,0,底標,7級分,--,--,--,--,--,--,--,--,--,--,--,,,,,,,,,,,,,,,,0,--,在校學業,--,--,學測國文,--,--,國語文學業,--,--,歷史學業,--,--,地理學業,--,--,公社學業,--,--,資訊科技學業,--,--
第一至七類學群,059,南華大學,05926,國際事務與企業學系公共事務與管理B組,,一般,1,1,底標,7級分,--,--,--,--,--,--,--,--,--,--,--,,,,,,,,,,,,,,,,1,--,在校學業,11%,--,學測國文,--,--,公社學業,--,--,國語文學業,--,--,歷史學業,--,--,英語文學業,--,--,地理學業,--,--
第一至七類學群,059,南華大學,05927,建築學系自然組,,一般,4,4,底標,7級分,--,--,--,--,--,--,--,--,--,--,--,,,,,,,,,,,,,,,,4,--,在校學業,49%,--,國語文學業,--,--,英語文學業,--,--,數學學業,--,--,學測國文,--,--,學測英文,--,--,學測自然,--,--
第一至七類學群,059,南華大學,05927,建築學系自然組,,外加,1,0,底標,7級分,--,--,--,--,--,--,--,--,--,--,--,,,,,,,,,,,,,,,,0,--,在校學業,--,--,國語文學業,--,--,英語文學業,--,--,數學學業,--,--,學測國文,--,--,學測英文,--,--,學測自然,--,--
第一至七類學群,059,南華大學,05928,產品與室內設計學系室內設計組,,一般,2,2,底標,7級分,--,--,--,--,--,--,--,--,--,--,--,,,,,,,,,,,,,,,,0,2,在校學業,--,41%,國語文學業,--,--,學測國文,--,--,學測英文,--,--,英語文學業,--,--,生活科技學業,--,--,資訊科技學業,--,--
第一至七類學群,059,南華大學,05928,產品與室內設計學系室內設計組,,外加,1,0,底標,7級分,--,--,--,--,--,--,--,--,--,--,--,,,,,,,,,,,,,,,,0,--,在校學業,--,--,國語文學業,--,--,學測國文,--,--,學測英文,--,--,英語文學業,--,--,生活科技學業,--,--,資訊科技學業,--,--
第一至七類學群,059,南華大學,05929,資訊工程學系,,一般,20,18,--,--,--,--,底標,3級分,底標,3級分,--,--,--,--,--,,,,,,,,,,,,,,,,6,12,在校學業,49%,50%,國語文學業,--,--,英語文學業,--,--,數學學業,--,--,學測國文,--,--,學測英文,--,--,學測國英,--,--
第一至七類學群,059,南華大學,05929,資訊工程學系,,外加,3,1,--,--,--,--,底標,3級分,底標,3級分,--,--,--,--,--,,,,,,,,,,,,,,,,1,--,在校學業,15%,--,國語文學業,--,--,英語文學業,--,--,數學學業,--,--,學測國文,--,--,學測英文,--,--,學測國英,--,--
第一至七類學群,059,南華大學,05930,自然生物科技學系,,一般,6,6,底標,7級分,--,--,--,--,--,--,--,--,--,--,--,,,,,,,,,,,,,,,,4,2,在校學業,49%,46%,學測國文,--,8,學測自然,--,--,生物學業,--,--,化學學業,--,--,國語文學業,--,--,學測英文,--,--
第一至七類學群,059,南華大學,05930,自然生物科技學系,,外加,1,0,底標,7級分,--,--,--,--,--,--,--,--,--,--,--,,,,,,,,,,,,,,,,0,--,在校學業,--,--,學測國文,--,--,學測自然,--,--,生物學業,--,--,化學學業,--,--,國語文學業,--,--,學測英文,--,--
第一至七類學群,059,南華大學,05931,資訊管理學系人工智慧組,,一般,3,3,底標,7級分,--,--,--,--,--,--,--,--,--,--,--,,,,,,,,,,,,,,,,0,3,在校學業,--,47%,學測國文,--,--,國語文學業,--,--,物理學業,--,--,化學學業,--,--,公社學業,--,--,資訊科技學業,--,--
第一至七類學群,059,南華大學,05931,資訊管理學系人工智慧組,,外加,1,0,底標,7級分,--,--,--,--,--,--,--,--,--,--,--,,,,,,,,,,,,,,,,0,--,在校學業,--,--,學測國文,--,--,國語文學業,--,--,物理學業,--,--,化學學業,--,--,公社學業,--,--,資訊科技學業,--,--
第一至七類學群,059,南華大學,05932,自然生物科技學系食品生技組,,一般,4,3,底標,7級分,--,--,--,--,--,--,--,--,--,--,--,,,,,,,,,,,,,,,,2,1,在校學業,46%,49%,學測國文,--,--,學測自然,--,--,生物學業,--,--,化學學業,--,--,國語文學業,--,--,學測英文,--,--
第一至七類學群,060,國立臺灣體育運動大學,06001,休閒運動學系,,一般,4,4,底標,7級分,底標,3級分,--,--,--,--,底標,7級分,--,--,--,,,,,,,,,,,,,,,,4,--,在校學業,40%,--,學測國文,--,--,學測英文,--,--,學測社會,--,--,數學學業,--,--,地理學業,--,--,歷史學業,--,--
第一至七類學群,060,國立臺灣體育運動大學,06002,運動事業管理學系,,一般,15,15,後標,9級分,後標,4級分,--,--,--,--,後標,8級分,--,--,--,,,,,,,,,,,,,,,,15,--,在校學業,33%,--,學測國文,9,--,學測英文,6,--,學測社會,--,--,國語文學業,--,--,英語文學業,--,--,歷史學業,--,--
第一至七類學群,060,國立臺灣體育運動大學,06002,運動事業管理學系,,外加,2,2,後標,9級分,後標,4級分,--,--,--,--,後標,8級分,--,--,--,,,,,,,,,,,,,,,,2,--,在校學業,43%,--,學測國文,--,--,學測英文,--,--,學測社會,--,--,國語文學業,--,--,英語文學業,--,--,歷史學業,--,--
第一至七類學群,060,國立臺灣體育運動大學,06003,運動資訊與傳播學系,,一般,20,20,後標,9級分,後標,4級分,--,--,後標,4級分,後標,8級分,--,--,--,,,,,,,,,,,,,,,,20,--,在校學業,40%,--,學測英文,8,--,學測國文,--,--,學測社會,--,--,學測數B,--,--,英語文學業,--,--,國語文學業,--,--
第一至七類學群,060,國立臺灣體育運動大學,06003,運動資訊與傳播學系,,外加,3,0,後標,9級分,後標,4級分,--,--,後標,4級分,後標,8級分,--,--,--,,,,,,,,,,,,,,,,0,--,在校學業,--,--,學測英文,--,--,學測國文,--,--,學測社會,--,--,學測數B,--,--,英語文學業,--,--,國語文學業,--,--
第一至七類學群,060,國立臺灣體育運動大學,06004,體育學系,,一般,16,16,底標,7級分,底標,3級分,--,--,--,--,--,--,--,--,--,,,,,,,,,,,,,,,,16,--,在校學業,46%,--,學測國文,--,--,學測英文,--,--,國語文學業,--,--,英語文學業,--,--,數學學業,--,--,學測社會,--,--
第一至七類學群,060,國立臺灣體育運動大學,06004,體育學系,,外加,6,1,底標,7級分,底標,3級分,--,--,--,--,--,--,--,--,--,,,,,,,,,,,,,,,,1,--,在校學業,43%,--,學測國文,--,--,學測英文,--,--,國語文學業,--,--,英語文學業,--,--,數學學業,--,--,學測社會,--,--
第一至七類學群,060,國立臺灣體育運動大學,06005,運動健康科學學系,,一般,7,7,後標,9級分,後標,4級分,--,--,--,--,--,--,後標,7級分,--,,,,,,,,,,,,,,,,7,--,在校學業,24%,--,學測自然,--,--,學測英文,--,--,學測國文,--,--,生物學業,--,--,數學學業,--,--,學測英自,--,--
第一至七類學群,060,國立臺灣體育運動大學,06005,運動健康科學學系,,外加,3,0,後標,9級分,後標,4級分,--,--,--,--,--,--,後標,7級分,--,,,,,,,,,,,,,,,,0,--,在校學業,--,--,學測自然,--,--,學測英文,--,--,學測國文,--,--,生物學業,--,--,數學學業,--,--,學測英自,--,--
第一至七類學群,063,國立臺南藝術大學,06301,藝術史學系,,一般,12,5,--,--,--,--,--,--,--,--,均標,10級分,--,--,--,,,,,,,,,,,,,,,,5,--,在校學業,30%,--,學測國文,--,--,學測社會,--,--,學測英文,--,--,國語文學業,--,--,歷史學業,--,--,英語文學業,--,--
第一至七類學群,063,國立臺南藝術大學,06301,藝術史學系,,外加,1,0,--,--,--,--,--,--,--,--,均標,10級分,--,--,--,,,,,,,,,,,,,,,,0,--,在校學業,--,--,學測國文,--,--,學測社會,--,--,學測英文,--,--,國語文學業,--,--,歷史學業,--,--,英語文學業,--,--
第一至七類學群,063,國立臺南藝術大學,06302,應用音樂學系,,一般,9,9,後標,9級分,後標,4級分,--,--,--,--,--,--,--,--,--,,,,,,,,,,,,,,,,9,--,在校學業,26%,--,學測國文,11,--,學測英文,--,--,國語文學業,--,--,英語文學業,--,--,公社學業,--,--,生活科技學業,--,--
第一至七類學群,063,國立臺南藝術大學,06302,應用音樂學系,,外加,2,0,後標,9級分,後標,4級分,--,--,--,--,--,--,--,--,--,,,,,,,,,,,,,,,,0,--,在校學業,--,--,學測國文,--,--,學測英文,--,--,國語文學業,--,--,英語文學業,--,--,公社學業,--,--,生活科技學業,--,--
第一至七類學群,063,國立臺南藝術大學,06303,材質創作與設計系,,一般,6,4,--,--,--,--,--,--,--,--,--,--,--,--,--,素描,後標,48分,彩繪技法,--,--,創意表現,後標,48分,水墨書畫,--,--,美術鑑賞,--,--,4,--,在校學業,23%,--,術科素描,--,--,術科創意表現,--,--,英語文學業,--,--,國語文學業,--,--,美術學業,--,--,生活科技學業,--,--
第一至七類學群,063,國立臺南藝術大學,06303,材質創作與設計系,,外加,2,0,--,--,--,--,--,--,--,--,--,--,--,--,--,素描,後標,48分,彩繪技法,--,--,創意表現,後標,48分,水墨書畫,--,--,美術鑑賞,--,--,0,--,在校學業,--,--,術科素描,--,--,術科創意表現,--,--,英語文學業,--,--,國語文學業,--,--,美術學業,--,--,生活科技學業,--,--
第一至七類學群,065,玄奘大學,06501,社會工作學系,,一般,2,0,--,--,--,--,--,--,--,--,底標,7級分,--,--,--,,,,,,,,,,,,,,,,0,--,在校學業,--,--,公社學業,--,--,國語文學業,--,--,學測國文,--,--,學測社會,--,--,歷史學業,--,--,地理學業,--,--
第一至七類學群,065,玄奘大學,06501,社會工作學系,,外加,1,0,--,--,--,--,--,--,--,--,底標,7級分,--,--,--,,,,,,,,,,,,,,,,0,--,在校學業,--,--,公社學業,--,--,國語文學業,--,--,學測國文,--,--,學測社會,--,--,歷史學業,--,--,地理學業,--,--
第一至七類學群,065,玄奘大學,06502,應用心理學系,,一般,3,3,底標,7級分,--,--,--,--,--,--,--,--,--,--,--,,,,,,,,,,,,,,,,3,--,在校學業,46%,--,公社學業,--,--,國語文學業,--,--,學測國文,--,--,學測社會,--,--,歷史學業,--,--,地理學業,--,--
第一至七類學群,065,玄奘大學,06502,應用心理學系,,外加,1,0,底標,7級分,--,--,--,--,--,--,--,--,--,--,--,,,,,,,,,,,,,,,,0,--,在校學業,--,--,公社學業,--,--,國語文學業,--,--,學測國文,--,--,學測社會,--,--,歷史學業,--,--,地理學業,--,--
第一至七類學群,065,玄奘大學,06503,法律學系,,一般,2,1,底標,7級分,--,--,--,--,--,--,--,--,--,--,--,,,,,,,,,,,,,,,,1,--,在校學業,21%,--,學測國文,--,--,國語文學業,--,--,公社學業,--,--,學測社會,--,--,歷史學業,--,--,地理學業,--,--
第一至七類學群,065,玄奘大學,06503,法律學系,,外加,1,0,底標,7級分,--,--,--,--,--,--,--,--,--,--,--,,,,,,,,,,,,,,,,0,--,在校學業,--,--,學測國文,--,--,國語文學業,--,--,公社學業,--,--,學測社會,--,--,歷史學業,--,--,地理學業,--,--
第一至七類學群,065,玄奘大學,06504,大眾傳播學系,,一般,2,0,底標,7級分,--,--,--,--,--,--,--,--,--,--,--,,,,,,,,,,,,,,,,0,--,在校學業,--,--,學測國文,--,--,國語文學業,--,--,學測社會,--,--,公社學業,--,--,歷史學業,--,--,地理學業,--,--
第一至七類學群,065,玄奘大學,06504,大眾傳播學系,,外加,1,0,底標,7級分,--,--,--,--,--,--,--,--,--,--,--,,,,,,,,,,,,,,,,0,--,在校學業,--,--,學測國文,--,--,國語文學業,--,--,學測社會,--,--,公社學業,--,--,歷史學業,--,--,地理學業,--,--
第一至七類學群,065,玄奘大學,06505,應用日語學系,,一般,2,0,底標,7級分,--,--,--,--,--,--,--,--,--,--,--,,,,,,,,,,,,,,,,0,--,在校學業,--,--,學測國文,--,--,國語文學業,--,--,學測社會,--,--,歷史學業,--,--,地理學業,--,--,公社學業,--,--
第一至七類學群,065,玄奘大學,06505,應用日語學系,,外加,1,0,底標,7級分,--,--,--,--,--,--,--,--,--,--,--,,,,,,,,,,,,,,,,0,--,在校學業,--,--,學測國文,--,--,國語文學業,--,--,學測社會,--,--,歷史學業,--,--,地理學業,--,--,公社學業,--,--
第一至七類學群,065,玄奘大學,06506,視覺傳達設計學系,,一般,2,0,底標,7級分,--,--,--,--,--,--,--,--,--,--,--,,,,,,,,,,,,,,,,0,--,在校學業,--,--,學測國文,--,--,國語文學業,--,--,學測社會,--,--,歷史學業,--,--,地理學業,--,--,公社學業,--,--
第一至七類學群,079,真理大學,07901,人文與資訊學系文化應用組,,一般,1,1,底標,7級分,--,--,--,--,--,--,--,--,--,--,--,,,,,,,,,,,,,,,,1,--,在校學業,43%,--,國語文學業,--,--,歷史學業,--,--,公社學業,--,--,英語文學業,--,--,學測社會,--,--,學測國文,--,--
第一至七類學群,079,真理大學,07901,人文與資訊學系文化應用組,,外加,1,0,底標,7級分,--,--,--,--,--,--,--,--,--,--,--,,,,,,,,,,,,,,,,0,--,在校學業,--,--,國語文學業,--,--,歷史學業,--,--,公社學業,--,--,英語文學業,--,--,學測社會,--,--,學測國文,--,--
第一至七類學群,079,真理大學,07902,人文與資訊學系數位應用組,,一般,2,1,--,--,--,--,--,--,--,--,底標,7級分,--,--,--,,,,,,,,,,,,,,,,0,1,在校學業,--,49%,國語文學業,--,--,公社學業,--,--,歷史學業,--,--,英語文學業,--,--,學測國文,--,--,學測社會,--,--
第一至七類學群,079,真理大學,07903,宗教文化與資訊管理學系,,一般,5,0,底標,7級分,--,--,--,--,--,--,--,--,--,--,--,,,,,,,,,,,,,,,,0,--,在校學業,--,--,學測國文,--,--,學測社會,--,--,國語文學業,--,--,歷史學業,--,--,公社學業,--,--,地理學業,--,--
第一至七類學群,079,真理大學,07903,宗教文化與資訊管理學系,,外加,1,0,底標,7級分,--,--,--,--,--,--,--,--,--,--,--,,,,,,,,,,,,,,,,0,--,在校學業,--,--,學測國文,--,--,學測社會,--,--,國語文學業,--,--,歷史學業,--,--,公社學業,--,--,地理學業,--,--
第一至七類學群,079,真理大學,07904,宗教文化與資訊管理學系生命關懷組,,一般,4,0,底標,7級分,--,--,--,--,--,--,--,--,--,--,--,,,,,,,,,,,,,,,,0,--,在校學業,--,--,學測國文,--,--,學測社會,--,--,國語文學業,--,--,歷史學業,--,--,公社學業,--,--,地理學業,--,--
第一至七類學群,079,真理大學,07905,宗教文化與資訊管理學系資訊與文創組,,一般,4,0,--,--,--,--,--,--,--,--,底標,7級分,--,--,--,,,,,,,,,,,,,,,,0,--,在校學業,--,--,學測社會,--,--,學測國文,--,--,歷史學業,--,--,國語文學業,--,--,公社學業,--,--,資訊科技學業,--,--
第一至七類學群,079,真理大學,07906,應用日語學系,,一般,4,3,底標,7級分,--,--,--,--,--,--,--,--,--,--,--,,,,,,,,,,,,,,,,2,1,在校學業,47%,50%,學測國文,--,--,學測社會,--,--,學測英文,--,--,學測國社,--,--,國語文學業,--,--,歷史學業,--,--
第一至七類學群,079,真理大學,07906,應用日語學系,,外加,1,0,底標,7級分,--,--,--,--,--,--,--,--,--,--,--,,,,,,,,,,,,,,,,0,--,在校學業,--,--,學測國文,--,--,學測社會,--,--,學測英文,--,--,學測國社,--,--,國語文學業,--,--,歷史學業,--,--
第一至七類學群,079,真理大學,07907,統計資訊與精算學系,,一般,3,0,--,--,--,--,--,--,底標,3級分,--,--,--,--,--,,,,,,,,,,,,,,,,0,--,在校學業,--,--,學測國文,--,--,學測英文,--,--,數學學業,--,--,國語文學業,--,--,英語文學業,--,--,資訊科技學業,--,--
第一至七類學群,079,真理大學,07907,統計資訊與精算學系,,外加,1,0,--,--,--,--,--,--,底標,3級分,--,--,--,--,--,,,,,,,,,,,,,,,,0,--,在校學業,--,--,學測國文,--,--,學測英文,--,--,數學學業,--,--,國語文學業,--,--,英語文學業,--,--,資訊科技學業,--,--
第一至七類學群,079,真理大學,07908,資訊工程學系多媒體遊戲設計組,,一般,2,2,--,--,底標,3級分,--,--,--,--,--,--,--,--,--,,,,,,,,,,,,,,,,2,--,在校學業,40%,--,資訊科技學業,--,--,生活科技學業,--,--,數學學業,--,--,公社學業,--,--,學測英文,--,--,學測國文,--,--
第一至七類學群,079,真理大學,07908,資訊工程學系多媒體遊戲設計組,,外加,1,0,--,--,底標,3級分,--,--,--,--,--,--,--,--,--,,,,,,,,,,,,,,,,0,--,在校學業,--,--,資訊科技學業,--,--,生活科技學業,--,--,數學學業,--,--,公社學業,--,--,學測英文,--,--,學測國文,--,--
第一至七類學群,079,真理大學,07909,法律學系財經科技法律組,,一般,4,0,--,--,--,--,--,--,--,--,底標,7級分,--,--,--,,,,,,,,,,,,,,,,0,--,在校學業,--,--,學測社會,--,--,學測國文,--,--,公社學業,--,--,國語文學業,--,--,歷史學業,--,--,英語文學業,--,--
第一至七類學群,079,真理大學,07909,法律學系財經科技法律組,,外加,1,0,--,--,--,--,--,--,--,--,底標,7級分,--,--,--,,,,,,,,,,,,,,,,0,--,在校學業,--,--,學測社會,--,--,學測國文,--,--,公社學業,--,--,國語文學業,--,--,歷史學業,--,--,英語文學業,--,--
第一至七類學群,079,真理大學,07910,法律學系法律應用實務組,,一般,4,3,底標,7級分,--,--,--,--,--,--,--,--,--,--,--,,,,,,,,,,,,,,,,3,--,在校學業,48%,--,學測國文,--,--,學測社會,--,--,國語文學業,--,--,公社學業,--,--,歷史學業,--,--,英語文學業,--,--
第一至七類學群,079,真理大學,07911,財務金融學系A組,,一般,2,0,底標,7級分,--,--,--,--,--,--,--,--,--,--,--,,,,,,,,,,,,,,,,0,--,在校學業,--,--,學測社會,--,--,學測國文,--,--,學測英文,--,--,地理學業,--,--,公社學業,--,--,歷史學業,--,--
第一至七類學群,079,真理大學,07911,財務金融學系A組,,外加,1,0,底標,7級分,--,--,--,--,--,--,--,--,--,--,--,,,,,,,,,,,,,,,,0,--,在校學業,--,--,學測社會,--,--,學測國文,--,--,學測英文,--,--,地理學業,--,--,公社學業,--,--,歷史學業,--,--
第一至七類學群,079,真理大學,07912,國際經營與貿易學系,,一般,5,2,--,--,底標,3級分,--,--,--,--,--,--,--,--,--,,,,,,,,,,,,,,,,2,--,在校學業,46%,--,學測英文,--,--,英語文學業,--,--,國語文學業,--,--,公社學業,--,--,歷史學業,--,--,地科學業,--,--
第一至七類學群,079,真理大學,07912,國際經營與貿易學系,,外加,1,0,--,--,底標,3級分,--,--,--,--,--,--,--,--,--,,,,,,,,,,,,,,,,0,--,在校學業,--,--,學測英文,--,--,英語文學業,--,--,國語文學業,--,--,公社學業,--,--,歷史學業,--,--,地科學業,--,--
第一至七類學群,079,真理大學,07913,國際經營與貿易學系會計資訊組,,一般,1,0,底標,7級分,--,--,--,--,--,--,--,--,--,--,--,,,,,,,,,,,,,,,,0,--,在校學業,--,--,學測英文,--,--,英語文學業,--,--,國語文學業,--,--,公社學業,--,--,歷史學業,--,--,地理學業,--,--
第一至七類學群,079,真理大學,07914,經濟學系,,一般,2,0,底標,7級分,--,--,--,--,--,--,--,--,--,--,--,,,,,,,,,,,,,,,,0,--,在校學業,--,--,學測國文,--,--,學測社會,--,--,學測英文,--,--,公社學業,--,--,國語文學業,--,--,英語文學業,--,--
第一至七類學群,079,真理大學,07914,經濟學系,,外加,1,0,底標,7級分,--,--,--,--,--,--,--,--,--,--,--,,,,,,,,,,,,,,,,0,--,在校學業,--,--,學測國文,--,--,學測社會,--,--,學測英文,--,--,公社學業,--,--,國語文學業,--,--,英語文學業,--,--
第一至七類學群,079,真理大學,07915,企業管理學系,,一般,5,2,底標,7級分,--,--,--,--,--,--,--,--,--,--,--,,,,,,,,,,,,,,,,1,1,在校學業,47%,45%,國語文學業,--,--,公社學業,--,--,生活科技學業,--,--,英語文學業,--,--,資訊科技學業,--,--,學測國文,--,--
第一至七類學群,079,真理大學,07915,企業管理學系,,外加,1,0,底標,7級分,--,--,--,--,--,--,--,--,--,--,--,,,,,,,,,,,,,,,,0,--,在校學業,--,--,國語文學業,--,--,公社學業,--,--,生活科技學業,--,--,英語文學業,--,--,資訊科技學業,--,--,學測國文,--,--
第一至七類學群,079,真理大學,07916,觀光事業學系,,一般,3,1,--,--,--,--,--,--,--,--,底標,7級分,--,--,--,,,,,,,,,,,,,,,,1,--,在校學業,45%,--,學測國文,--,--,學測社會,--,--,學測英文,--,--,國語文學業,--,--,歷史學業,--,--,英語文學業,--,--
第一至七類學群,079,真理大學,07916,觀光事業學系,,外加,1,0,--,--,--,--,--,--,--,--,底標,7級分,--,--,--,,,,,,,,,,,,,,,,0,--,在校學業,--,--,學測國文,--,--,學測社會,--,--,學測英文,--,--,國語文學業,--,--,歷史學業,--,--,英語文學業,--,--
第一至七類學群,079,真理大學,07917,航空事業學系,,一般,3,0,後標,9級分,底標,3級分,--,--,--,--,--,--,--,--,--,,,,,,,,,,,,,,,,0,--,在校學業,--,--,學測國英,--,--,國語文學業,--,--,英語文學業,--,--,學測國文,--,--,學測英文,--,--,學測社會,--,--
第一至七類學群,079,真理大學,07917,航空事業學系,,外加,1,0,後標,9級分,底標,3級分,--,--,--,--,--,--,--,--,--,,,,,,,,,,,,,,,,0,--,在校學業,--,--,學測國英,--,--,國語文學業,--,--,英語文學業,--,--,學測國文,--,--,學測英文,--,--,學測社會,--,--
第一至七類學群,079,真理大學,07918,財務金融學系B組,,一般,2,0,--,--,底標,3級分,--,--,--,--,--,--,--,--,--,,,,,,,,,,,,,,,,0,--,在校學業,--,--,學測自然,--,--,學測英文,--,--,學測國文,--,--,化學學業,--,--,物理學業,--,--,英語文學業,--,--
第一至七類學群,079,真理大學,07919,資訊工程學系人工智慧應用組,,一般,1,0,--,--,--,--,底標,3級分,底標,3級分,--,--,--,--,--,,,,,,,,,,,,,,,,0,--,在校學業,--,--,資訊科技學業,--,--,生活科技學業,--,--,學測國文,--,--,學測英文,--,--,歷史學業,--,--,公社學業,--,--
第一至七類學群,079,真理大學,07920,音樂應用學系-藝術行政與經紀組,,一般,2,1,底標,7級分,--,--,--,--,--,--,--,--,--,--,--,主修,--,--,副修,--,--,樂理,--,--,視唱,--,--,聽寫,--,--,1,--,在校學業,22%,--,學測國文,--,--,學測英文,--,--,音樂學業,--,--,國語文學業,--,--,英語文學業,--,--,公社學業,--,--
第一至七類學群,079,真理大學,07920,音樂應用學系-藝術行政與經紀組,,外加,1,0,底標,7級分,--,--,--,--,--,--,--,--,--,--,--,主修,--,--,副修,--,--,樂理,--,--,視唱,--,--,聽寫,--,--,0,--,在校學業,--,--,學測國文,--,--,學測英文,--,--,音樂學業,--,--,國語文學業,--,--,英語文學業,--,--,公社學業,--,--
第一至七類學群,079,真理大學,07921,音樂應用學系-音樂表演與創作組,,一般,2,0,底標,7級分,--,--,--,--,--,--,--,--,--,--,--,主修,--,--,副修,--,--,樂理,--,--,視唱,--,--,聽寫,--,--,0,--,在校學業,--,--,音樂學業,--,--,學測國文,--,--,學測英文,--,--,國語文學業,--,--,英語文學業,--,--,歷史學業,--,--
第一至七類學群,079,真理大學,07922,運動管理學系,,一般,6,6,--,--,--,--,--,--,--,--,底標,7級分,--,--,--,體育(百分等級),--,--,,,,,,,,,,,,,6,--,在校學業,34%,--,體育學業,--,--,歷史學業,--,--,生活科技學業,--,--,國語文學業,--,--,公社學業,--,--,英語文學業,--,--
第一至七類學群,079,真理大學,07922,運動管理學系,,外加,1,1,--,--,--,--,--,--,--,--,底標,7級分,--,--,--,體育(百分等級),--,--,,,,,,,,,,,,,1,--,在校學業,36%,--,體育學業,--,--,歷史學業,--,--,生活科技學業,--,--,國語文學業,--,--,公社學業,--,--,英語文學業,--,--
第一至七類學群,079,真理大學,07923,運動資訊傳播學系,,一般,3,0,--,--,--,--,--,--,--,--,底標,7級分,--,--,--,體育(百分等級),--,--,,,,,,,,,,,,,0,--,在校學業,--,--,學測社會,--,--,體育學業,--,--,學測國文,--,--,國語文學業,--,--,歷史學業,--,--,資訊科技學業,--,--
第一至七類學群,079,真理大學,07923,運動資訊傳播學系,,外加,1,0,--,--,--,--,--,--,--,--,底標,7級分,--,--,--,體育(百分等級),--,--,,,,,,,,,,,,,0,--,在校學業,--,--,學測社會,--,--,體育學業,--,--,學測國文,--,--,國語文學業,--,--,歷史學業,--,--,資訊科技學業,--,--
第一至七類學群,099,國立臺北大學,09901,法律學系法學組,,一般,9,9,頂標,13級分,頂標,13級分,--,--,前標,10級分,頂標,13級分,--,--,--,,,,,,,,,,,,,,,,8,1,在校學業,16%,3%,學測國英數B社,--,--,學測英文,--,--,學測數B,--,--,學測國文,--,--,學測社會,--,--,英語文學業,--,--
第一至七類學群,099,國立臺北大學,09901,法律學系法學組,,外加,1,0,頂標,13級分,頂標,13級分,--,--,前標,10級分,頂標,13級分,--,--,--,,,,,,,,,,,,,,,,0,--,在校學業,--,--,學測國英數B社,--,--,學測英文,--,--,學測數B,--,--,學測國文,--,--,學測社會,--,--,英語文學業,--,--
第一至七類學群,099,國立臺北大學,09902,法律學系司法組,,一般,9,9,頂標,13級分,頂標,13級分,--,--,前標,10級分,頂標,13級分,--,--,--,,,,,,,,,,,,,,,,9,--,在校學業,9%,--,學測國英數B社,--,--,學測英文,--,--,學測數B,--,--,學測國文,--,--,學測社會,--,--,英語文學業,--,--
第一至七類學群,099,國立臺北大學,09902,法律學系司法組,,外加,1,0,頂標,13級分,頂標,13級分,--,--,前標,10級分,頂標,13級分,--,--,--,,,,,,,,,,,,,,,,0,--,在校學業,--,--,學測國英數B社,--,--,學測英文,--,--,學測數B,--,--,學測國文,--,--,學測社會,--,--,英語文學業,--,--
第一至七類學群,099,國立臺北大學,09903,法律學系財經法組,,一般,9,9,頂標,13級分,頂標,13級分,--,--,前標,10級分,頂標,13級分,--,--,--,,,,,,,,,,,,,,,,9,--,在校學業,3%,--,學測國英數B社,51,--,學測英文,13,--,學測數B,11,--,學測國文,--,--,學測社會,--,--,英語文學業,--,--
第一至七類學群,099,國立臺北大學,09903,法律學系財經法組,,外加,1,0,頂標,13級分,頂標,13級分,--,--,前標,10級分,頂標,13級分,--,--,--,,,,,,,,,,,,,,,,0,--,在校學業,--,--,學測國英數B社,--,--,學測英文,--,--,學測數B,--,--,學測國文,--,--,學測社會,--,--,英語文學業,--,--
第一至七類學群,099,國立臺北大學,09904,企業管理學系,,一般,22,22,均標,10級分,前標,11級分,均標,6級分,--,--,--,--,--,--,--,,,,,,,,,,,,,,,,22,--,在校學業,8%,--,學測國英數A社,--,--,學測英文,--,--,英語文學業,--,--,學測數A,--,--,數學學業,--,--,學測國文,--,--
第一至七類學群,099,國立臺北大學,09905,金融與合作經營學系,,一般,11,11,均標,10級分,均標,8級分,均標,6級分,--,--,--,--,--,--,--,,,,,,,,,,,,,,,,11,--,在校學業,2%,--,學測國英數A社,45,--,學測數A,11,--,學測英文,--,--,學測國文,--,--,學測社會,--,--,數學學業,--,--
第一至七類學群,099,國立臺北大學,09905,金融與合作經營學系,,外加,1,1,均標,10級分,均標,8級分,均標,6級分,--,--,--,--,--,--,--,,,,,,,,,,,,,,,,1,--,在校學業,13%,--,學測國英數A社,--,--,學測數A,--,--,學測英文,--,--,學測國文,--,--,學測社會,--,--,數學學業,--,--
第一至七類學群,099,國立臺北大學,09906,會計學系,,一般,20,20,均標,10級分,前標,11級分,均標,6級分,--,--,--,--,--,--,--,,,,,,,,,,,,,,,,20,--,在校學業,6%,--,學測英文,12,--,英語文學業,5%,--,數學學業,--,--,學測數A,--,--,國語文學業,--,--,學測國文,--,--
第一至七類學群,099,國立臺北大學,09907,統計學系,,一般,10,10,均標,10級分,均標,8級分,均標,6級分,--,--,--,--,--,--,--,,,,,,,,,,,,,,,,10,--,在校學業,7%,--,學測國英數A,30,--,學測數A,--,--,學測英文,--,--,學測國文,--,--,數學學業,--,--,英語文學業,--,--
第一至七類學群,099,國立臺北大學,09908,休閒運動管理學系,,一般,7,7,--,--,均標,8級分,--,--,--,--,--,--,--,--,--,,,,,,,,,,,,,,,,7,--,在校學業,12%,--,學測國英數B社,--,--,學測英文,--,--,學測數B,--,--,學測社會,--,--,英語文學業,--,--,數學學業,--,--
第一至七類學群,099,國立臺北大學,09909,公共行政暨政策學系,,一般,18,18,均標,10級分,均標,8級分,--,--,--,--,均標,10級分,--,--,--,,,,,,,,,,,,,,,,18,--,在校學業,7%,--,學測國英數B社,--,--,學測社會,--,--,學測國文,--,--,學測英文,--,--,學測數B,--,--,公社學業,--,--
第一至七類學群,099,國立臺北大學,09909,公共行政暨政策學系,,外加,1,0,均標,10級分,均標,8級分,--,--,--,--,均標,10級分,--,--,--,,,,,,,,,,,,,,,,0,--,在校學業,--,--,學測國英數B社,--,--,學測社會,--,--,學測國文,--,--,學測英文,--,--,學測數B,--,--,公社學業,--,--
第一至七類學群,099,國立臺北大學,09910,財政學系,,一般,10,10,均標,10級分,均標,8級分,均標,6級分,--,--,均標,10級分,--,--,--,,,,,,,,,,,,,,,,10,--,在校學業,2%,--,學測國英數A社,--,--,學測數A,--,--,學測英文,--,--,數學學業,--,--,英語文學業,--,--,公社學業,--,--
第一至七類學群,099,國立臺北大學,09910,財政學系,,外加,2,0,均標,10級分,均標,8級分,均標,6級分,--,--,均標,10級分,--,--,--,,,,,,,,,,,,,,,,0,--,在校學業,--,--,學測國英數A社,--,--,學測數A,--,--,學測英文,--,--,數學學業,--,--,英語文學業,--,--,公社學業,--,--
第一至七類學群,099,國立臺北大學,09911,不動產與城鄉環境學系,,一般,31,31,前標,12級分,均標,8級分,--,--,均標,6級分,--,--,--,--,--,,,,,,,,,,,,,,,,31,--,在校學業,14%,--,學測國文,--,--,學測英文,--,--,學測數B,--,--,數學學業,--,--,地理學業,--,--,英語文學業,--,--
第一至七類學群,099,國立臺北大學,09911,不動產與城鄉環境學系,,外加,5,0,前標,12級分,均標,8級分,--,--,均標,6級分,--,--,--,--,--,,,,,,,,,,,,,,,,0,--,在校學業,--,--,學測國文,--,--,學測英文,--,--,學測數B,--,--,數學學業,--,--,地理學業,--,--,英語文學業,--,--
第一至七類學群,099,國立臺北大學,09912,經濟學系,,一般,20,20,均標,10級分,均標,8級分,均標,6級分,--,--,均標,10級分,--,--,--,,,,,,,,,,,,,,,,20,--,在校學業,8%,--,學測國英數A社,46,--,學測數A,--,--,學測英文,--,--,學測國文,--,--,學測社會,--,--,數學學業,--,--
第一至七類學群,099,國立臺北大學,09912,經濟學系,,外加,2,0,均標,10級分,均標,8級分,均標,6級分,--,--,均標,10級分,--,--,--,,,,,,,,,,,,,,,,0,--,在校學業,--,--,學測國英數A社,--,--,學測數A,--,--,學測英文,--,--,學測國文,--,--,學測社會,--,--,數學學業,--,--
第一至七類學群,099,國立臺北大學,09913,社會學系,,一般,6,6,--,--,均標,8級分,--,--,均標,6級分,--,--,--,--,--,,,,,,,,,,,,,,,,6,--,在校學業,19%,--,學測數B,8,--,學測英文,--,--,數學學業,--,--,英語文學業,--,--,國語文學業,--,--,公社學業,--,--
第一至七類學群,099,國立臺北大學,09914,社會工作學系,,一般,6,6,均標,10級分,均標,8級分,--,--,均標,6級分,--,--,--,--,--,,,,,,,,,,,,,,,,3,3,在校學業,18%,5%,學測國文,--,10,國語文學業,--,13%,學測英文,--,--,英語文學業,--,--,學測數B,--,--,數學學業,--,--
第一至七類學群,099,國立臺北大學,09915,中國文學系,,一般,7,7,前標,12級分,均標,8級分,--,--,--,--,均標,10級分,--,--,--,,,,,,,,,,,,,,,,6,1,在校學業,20%,7%,國語文學業,--,--,學測國文,--,--,學測英文,--,--,學測社會,--,--,歷史學業,--,--,英語文學業,--,--
第一至七類學群,099,國立臺北大學,09915,中國文學系,,外加,1,0,前標,12級分,均標,8級分,--,--,--,--,均標,10級分,--,--,--,,,,,,,,,,,,,,,,0,--,在校學業,--,--,國語文學業,--,--,學測國文,--,--,學測英文,--,--,學測社會,--,--,歷史學業,--,--,英語文學業,--,--
第一至七類學群,099,國立臺北大學,09916,應用外語學系,,一般,15,11,前標,12級分,前標,11級分,--,--,均標,6級分,--,--,--,--,A級,,,,,,,,,,,,,,,,4,7,在校學業,14%,20%,學測國英數B社,--,--,英語文學業,--,--,學測英文,--,--,國語文學業,--,--,學測國文,--,--,學測社會,--,--
第一至七類學群,099,國立臺北大學,09917,歷史學系,,一般,12,12,均標,10級分,均標,8級分,--,--,--,--,前標,12級分,--,--,--,,,,,,,,,,,,,,,,5,7,在校學業,12%,17%,學測國英社,--,35,歷史學業,--,--,學測社會,--,--,學測國文,--,--,學測英文,--,--,公社學業,--,--
第一至七類學群,099,國立臺北大學,09917,歷史學系,,外加,1,0,均標,10級分,均標,8級分,--,--,--,--,前標,12級分,--,--,--,,,,,,,,,,,,,,,,0,--,在校學業,--,--,學測國英社,--,--,歷史學業,--,--,學測社會,--,--,學測國文,--,--,學測英文,--,--,公社學業,--,--
第一至七類學群,099,國立臺北大學,09918,資訊工程學系,,一般,5,5,均標,10級分,前標,11級分,前標,9級分,--,--,--,--,前標,12級分,--,,,,,,,,,,,,,,,,0,5,在校學業,--,12%,學測國英數A自,--,--,學測數A,--,--,學測英文,--,--,學測自然,--,--,數學學業,--,--,英語文學業,--,--
第一至七類學群,099,國立臺北大學,09919,通訊工程學系,,一般,5,5,均標,10級分,前標,11級分,前標,9級分,--,--,--,--,前標,12級分,--,,,,,,,,,,,,,,,,0,5,在校學業,--,16%,數學學業,--,--,物理學業,--,--,英語文學業,--,--,學測數A,--,--,學測自然,--,--,學測英文,--,--
第一至七類學群,099,國立臺北大學,09920,電機工程學系,,一般,7,7,均標,10級分,前標,11級分,前標,9級分,--,--,--,--,前標,12級分,--,,,,,,,,,,,,,,,,6,1,在校學業,18%,8%,學測國英數A自,--,--,學測數A,--,--,學測英文,--,--,學測自然,--,--,數學學業,--,--,英語文學業,--,--
第一至七類學群,100,國立嘉義大學,10001,教育學系,,一般,7,7,後標,9級分,--,--,--,--,--,--,--,--,--,--,--,,,,,,,,,,,,,,,,7,--,在校學業,8%,--,學測國英數B社,--,--,學測國文,--,--,學測英文,--,--,學測數B,--,--,學測社會,--,--,國語文學業,--,--
第一至七類學群,100,國立嘉義大學,10001,教育學系,,外加,1,0,後標,9級分,--,--,--,--,--,--,--,--,--,--,--,,,,,,,,,,,,,,,,0,--,在校學業,--,--,學測國英數B社,--,--,學測國文,--,--,學測英文,--,--,學測數B,--,--,學測社會,--,--,國語文學業,--,--
第一至七類學群,100,國立嘉義大學,10002,輔導與諮商學系,,一般,8,8,均標,10級分,均標,8級分,--,--,底標,3級分,--,--,--,--,--,,,,,,,,,,,,,,,,8,--,在校學業,28%,--,學測國文,--,--,學測英文,--,--,學測數B,--,--,國語文學業,--,--,英語文學業,--,--,數學學業,--,--
第一至七類學群,100,國立嘉義大學,10002,輔導與諮商學系,,外加,3,0,均標,10級分,均標,8級分,--,--,底標,3級分,--,--,--,--,--,,,,,,,,,,,,,,,,0,--,在校學業,--,--,學測國文,--,--,學測英文,--,--,學測數B,--,--,國語文學業,--,--,英語文學業,--,--,數學學業,--,--
第一至七類學群,100,國立嘉義大學,10003,特殊教育學系,,一般,7,7,均標,10級分,--,--,--,--,--,--,--,--,--,--,--,,,,,,,,,,,,,,,,6,1,在校學業,21%,8%,學測國文,--,--,學測英文,--,--,學測社會,--,--,國語文學業,--,--,英語文學業,--,--,學測國英社,--,--
第一至七類學群,100,國立嘉義大學,10003,特殊教育學系,,外加,1,0,均標,10級分,--,--,--,--,--,--,--,--,--,--,--,,,,,,,,,,,,,,,,0,--,在校學業,--,--,學測國文,--,--,學測英文,--,--,學測社會,--,--,國語文學業,--,--,英語文學業,--,--,學測國英社,--,--
第一至七類學群,100,國立嘉義大學,10004,幼兒教育學系,,一般,5,5,均標,10級分,--,--,--,--,--,--,--,--,--,--,--,,,,,,,,,,,,,,,,4,1,在校學業,21%,9%,學測國英數B社,--,--,學測國文,--,--,學測英文,--,--,學測數B,--,--,學測社會,--,--,國語文學業,--,--
第一至七類學群,100,國立嘉義大學,10004,幼兒教育學系,,外加,1,0,均標,10級分,--,--,--,--,--,--,--,--,--,--,--,,,,,,,,,,,,,,,,0,--,在校學業,--,--,學測國英數B社,--,--,學測國文,--,--,學測英文,--,--,學測數B,--,--,學測社會,--,--,國語文學業,--,--
第一至七類學群,100,國立嘉義大學,10005,數位學習設計與管理學系,,一般,7,7,後標,9級分,--,--,--,--,--,--,--,--,--,--,--,,,,,,,,,,,,,,,,7,--,在校學業,24%,--,學測國文,--,--,學測英文,--,--,國語文學業,--,--,英語文學業,--,--,數學學業,--,--,學測社會,--,--
第一至七類學群,100,國立嘉義大學,10005,數位學習設計與管理學系,,外加,2,0,後標,9級分,--,--,--,--,--,--,--,--,--,--,--,,,,,,,,,,,,,,,,0,--,在校學業,--,--,學測國文,--,--,學測英文,--,--,國語文學業,--,--,英語文學業,--,--,數學學業,--,--,學測社會,--,--
第一至七類學群,100,國立嘉義大學,10006,中國文學系,,一般,9,9,均標,10級分,--,--,--,--,--,--,底標,7級分,--,--,--,,,,,,,,,,,,,,,,2,7,在校學業,24%,16%,學測國文,--,--,學測社會,--,--,學測國社,--,--,國語文學業,--,--,公社學業,--,--,歷史學業,--,--
第一至七類學群,100,國立嘉義大學,10006,中國文學系,,外加,2,0,均標,10級分,--,--,--,--,--,--,底標,7級分,--,--,--,,,,,,,,,,,,,,,,0,--,在校學業,--,--,學測國文,--,--,學測社會,--,--,學測國社,--,--,國語文學業,--,--,公社學業,--,--,歷史學業,--,--
第一至七類學群,100,國立嘉義大學,10007,應用歷史學系,,一般,10,10,均標,10級分,--,--,--,--,--,--,均標,10級分,--,--,--,,,,,,,,,,,,,,,,2,8,在校學業,16%,30%,學測社會,--,--,學測國社,--,--,學測國文,--,--,歷史學業,--,--,國語文學業,--,--,英語文學業,--,--
第一至七類學群,100,國立嘉義大學,10007,應用歷史學系,,外加,1,0,均標,10級分,--,--,--,--,--,--,均標,10級分,--,--,--,,,,,,,,,,,,,,,,0,--,在校學業,--,--,學測社會,--,--,學測國社,--,--,學測國文,--,--,歷史學業,--,--,國語文學業,--,--,英語文學業,--,--
第一至七類學群,100,國立嘉義大學,10008,外國語言學系英語教學組,,一般,8,8,均標,10級分,均標,8級分,--,--,--,--,--,--,--,--,--,,,,,,,,,,,,,,,,1,7,在校學業,15%,21%,學測英文,--,--,學測國文,--,--,英語文學業,--,--,國語文學業,--,--,學測國英,--,--,歷史學業,--,--
第一至七類學群,100,國立嘉義大學,10008,外國語言學系英語教學組,,外加,1,0,均標,10級分,均標,8級分,--,--,--,--,--,--,--,--,--,,,,,,,,,,,,,,,,0,--,在校學業,--,--,學測英文,--,--,學測國文,--,--,英語文學業,--,--,國語文學業,--,--,學測國英,--,--,歷史學業,--,--
第一至七類學群,100,國立嘉義大學,10009,外國語言學系應用外語組,,一般,8,8,均標,10級分,均標,8級分,--,--,--,--,--,--,--,--,--,,,,,,,,,,,,,,,,3,5,在校學業,18%,15%,學測英文,--,11,學測國文,--,--,英語文學業,--,--,國語文學業,--,--,學測國英,--,--,歷史學業,--,--
第一至七類學群,100,國立嘉義大學,10009,外國語言學系應用外語組,,外加,1,0,均標,10級分,均標,8級分,--,--,--,--,--,--,--,--,--,,,,,,,,,,,,,,,,0,--,在校學業,--,--,學測英文,--,--,學測國文,--,--,英語文學業,--,--,國語文學業,--,--,學測國英,--,--,歷史學業,--,--
第一至七類學群,100,國立嘉義大學,10010,企業管理學系,,一般,8,8,後標,9級分,均標,8級分,--,--,後標,4級分,--,--,--,--,--,,,,,,,,,,,,,,,,8,--,在校學業,13%,--,學測英文,--,--,學測國文,--,--,學測數B,--,--,學測社會,--,--,英語文學業,--,--,國語文學業,--,--
第一至七類學群,100,國立嘉義大學,10010,企業管理學系,,外加,1,0,後標,9級分,均標,8級分,--,--,後標,4級分,--,--,--,--,--,,,,,,,,,,,,,,,,0,--,在校學業,--,--,學測英文,--,--,學測國文,--,--,學測數B,--,--,學測社會,--,--,英語文學業,--,--,國語文學業,--,--
第一至七類學群,100,國立嘉義大學,10011,應用經濟學系,,一般,8,8,後標,9級分,後標,4級分,--,--,均標,6級分,--,--,--,--,--,,,,,,,,,,,,,,,,8,--,在校學業,9%,--,學測數B,--,--,學測英文,--,--,數學學業,--,--,英語文學業,--,--,學測國文,--,--,國語文學業,--,--
第一至七類學群,100,國立嘉義大學,10011,應用經濟學系,,外加,1,0,後標,9級分,後標,4級分,--,--,均標,6級分,--,--,--,--,--,,,,,,,,,,,,,,,,0,--,在校學業,--,--,學測數B,--,--,學測英文,--,--,數學學業,--,--,英語文學業,--,--,學測國文,--,--,國語文學業,--,--
第一至七類學群,100,國立嘉義大學,10012,科技管理學系,,一般,12,12,--,--,後標,4級分,--,--,--,--,--,--,--,--,--,,,,,,,,,,,,,,,,12,--,在校學業,23%,--,學測國英數B,--,--,學測英文,--,--,學測數B,--,--,學測國文,--,--,英語文學業,--,--,數學學業,--,--
第一至七類學群,100,國立嘉義大學,10012,科技管理學系,,外加,2,0,--,--,後標,4級分,--,--,--,--,--,--,--,--,--,,,,,,,,,,,,,,,,0,--,在校學業,--,--,學測國英數B,--,--,學測英文,--,--,學測數B,--,--,學測國文,--,--,英語文學業,--,--,數學學業,--,--
第一至七類學群,100,國立嘉義大學,10013,行銷與觀光管理學系,,一般,7,7,--,--,均標,8級分,--,--,--,--,--,--,--,--,--,,,,,,,,,,,,,,,,5,2,在校學業,20%,8%,學測英文,--,--,學測國文,--,--,學測數B,--,--,英語文學業,--,--,國語文學業,--,--,數學學業,--,--
第一至七類學群,100,國立嘉義大學,10013,行銷與觀光管理學系,,外加,1,0,--,--,均標,8級分,--,--,--,--,--,--,--,--,--,,,,,,,,,,,,,,,,0,--,在校學業,--,--,學測英文,--,--,學測國文,--,--,學測數B,--,--,英語文學業,--,--,國語文學業,--,--,數學學業,--,--
第一至七類學群,100,國立嘉義大學,10014,財務金融學系,,一般,8,8,--,--,均標,8級分,--,--,均標,6級分,--,--,--,--,--,,,,,,,,,,,,,,,,8,--,在校學業,6%,--,學測數B,9,--,學測英文,10,--,學測國文,12,--,數學學業,--,--,英語文學業,--,--,國語文學業,--,--
第一至七類學群,100,國立嘉義大學,10014,財務金融學系,,外加,2,0,--,--,均標,8級分,--,--,均標,6級分,--,--,--,--,--,,,,,,,,,,,,,,,,0,--,在校學業,--,--,學測數B,--,--,學測英文,--,--,學測國文,--,--,數學學業,--,--,英語文學業,--,--,國語文學業,--,--
第一至七類學群,100,國立嘉義大學,10015,資訊管理學系,,一般,8,8,--,--,均標,8級分,--,--,均標,6級分,--,--,--,--,--,,,,,,,,,,,,,,,,8,--,在校學業,26%,--,學測數B,--,--,學測英文,--,--,學測國文,--,--,數學學業,--,--,英語文學業,--,--,國語文學業,--,--
第一至七類學群,100,國立嘉義大學,10016,電子物理學系,,一般,10,10,--,--,均標,8級分,均標,6級分,--,--,--,--,均標,9級分,--,,,,,,,,,,,,,,,,9,1,在校學業,29%,11%,學測自然,--,9,學測數A,--,8,物理學業,--,--,學測英文,--,--,數學學業,--,--,學測國文,--,--
第一至七類學群,100,國立嘉義大學,10016,電子物理學系,,外加,1,0,--,--,均標,8級分,均標,6級分,--,--,--,--,均標,9級分,--,,,,,,,,,,,,,,,,0,--,在校學業,--,--,學測自然,--,--,學測數A,--,--,物理學業,--,--,學測英文,--,--,數學學業,--,--,學測國文,--,--
第一至七類學群,100,國立嘉義大學,10017,應用化學系,,一般,8,8,--,--,均標,8級分,--,--,--,--,--,--,均標,9級分,--,,,,,,,,,,,,,,,,5,3,在校學業,8%,14%,學測英自,--,--,學測自然,--,--,學測英文,--,--,化學學業,--,--,英語文學業,--,--,學測數A,--,--
第一至七類學群,100,國立嘉義大學,10017,應用化學系,,外加,1,0,--,--,均標,8級分,--,--,--,--,--,--,均標,9級分,--,,,,,,,,,,,,,,,,0,--,在校學業,--,--,學測英自,--,--,學測自然,--,--,學測英文,--,--,化學學業,--,--,英語文學業,--,--,學測數A,--,--
第一至七類學群,100,國立嘉義大學,10018,應用數學系,,一般,10,10,--,--,--,--,均標,6級分,--,--,--,--,--,--,--,,,,,,,,,,,,,,,,5,5,在校學業,28%,16%,學測數A,--,13,數學學業,--,--,學測自然,--,--,物理學業,--,--,學測英文,--,--,英語文學業,--,--
第一至七類學群,100,國立嘉義大學,10018,應用數學系,,外加,1,0,--,--,--,--,均標,6級分,--,--,--,--,--,--,--,,,,,,,,,,,,,,,,0,--,在校學業,--,--,學測數A,--,--,數學學業,--,--,學測自然,--,--,物理學業,--,--,學測英文,--,--,英語文學業,--,--
第一至七類學群,100,國立嘉義大學,10019,資訊工程學系,,一般,15,15,--,--,--,--,均標,6級分,--,--,--,--,--,--,--,,,,,,,,,,,,,,,,15,--,在校學業,12%,--,學測國英數A,30,--,學測數A,--,--,學測英文,--,--,學測國文,--,--,數學學業,--,--,英語文學業,--,--
第一至七類學群,100,國立嘉義大學,10019,資訊工程學系,,外加,1,0,--,--,--,--,均標,6級分,--,--,--,--,--,--,--,,,,,,,,,,,,,,,,0,--,在校學業,--,--,學測國英數A,--,--,學測數A,--,--,學測英文,--,--,學測國文,--,--,數學學業,--,--,英語文學業,--,--
第一至七類學群,100,國立嘉義大學,10020,生物機電工程學系,,一般,8,8,--,--,均標,8級分,--,--,--,--,--,--,均標,9級分,--,,,,,,,,,,,,,,,,3,5,在校學業,22%,19%,學測自然,--,12,學測數A,--,--,學測英文,--,--,物理學業,--,--,數學學業,--,--,英語文學業,--,--
第一至七類學群,100,國立嘉義大學,10021,土木與水資源工程學系,,一般,10,10,--,--,--,--,--,--,--,--,--,--,後標,7級分,--,,,,,,,,,,,,,,,,10,--,在校學業,24%,--,學測自然,--,--,學測數A,--,--,學測英文,--,--,學測數A自,--,--,數學學業,--,--,物理學業,--,--
第一至七類學群,100,國立嘉義大學,10021,土木與水資源工程學系,,外加,1,0,--,--,--,--,--,--,--,--,--,--,後標,7級分,--,,,,,,,,,,,,,,,,0,--,在校學業,--,--,學測自然,--,--,學測數A,--,--,學測英文,--,--,學測數A自,--,--,數學學業,--,--,物理學業,--,--
第一至七類學群,100,國立嘉義大學,10022,電機工程學系,,一般,8,8,後標,9級分,均標,8級分,均標,6級分,--,--,--,--,均標,9級分,--,,,,,,,,,,,,,,,,8,--,在校學業,9%,--,學測英數A自,31,--,學測數A,--,--,學測英文,--,--,學測自然,--,--,數學學業,--,--,物理學業,--,--
第一至七類學群,100,國立嘉義大學,10022,電機工程學系,,外加,1,0,後標,9級分,均標,8級分,均標,6級分,--,--,--,--,均標,9級分,--,,,,,,,,,,,,,,,,0,--,在校學業,--,--,學測英數A自,--,--,學測數A,--,--,學測英文,--,--,學測自然,--,--,數學學業,--,--,物理學業,--,--
第一至七類學群,100,國立嘉義大學,10023,機械與能源工程學系,,一般,8,8,--,--,--,--,--,--,--,--,--,--,均標,9級分,--,,,,,,,,,,,,,,,,8,--,在校學業,17%,--,學測自然,--,--,學測數A,--,--,學測英文,--,--,物理學業,--,--,數學學業,--,--,英語文學業,--,--
第一至七類學群,100,國立嘉義大學,10023,機械與能源工程學系,,外加,2,1,--,--,--,--,--,--,--,--,--,--,均標,9級分,--,,,,,,,,,,,,,,,,1,--,在校學業,21%,--,學測自然,--,--,學測數A,--,--,學測英文,--,--,物理學業,--,--,數學學業,--,--,英語文學業,--,--
第一至七類學群,100,國立嘉義大學,10024,農藝學系,,一般,8,8,--,--,--,--,--,--,--,--,--,--,底標,5級分,--,,,,,,,,,,,,,,,,2,6,在校學業,26%,26%,學測自然,--,--,學測國文,--,--,學測英文,--,--,數學學業,--,--,生物學業,--,--,英語文學業,--,--
第一至七類學群,100,國立嘉義大學,10024,農藝學系,,外加,1,0,--,--,--,--,--,--,--,--,--,--,底標,5級分,--,,,,,,,,,,,,,,,,0,--,在校學業,--,--,學測自然,--,--,學測國文,--,--,學測英文,--,--,數學學業,--,--,生物學業,--,--,英語文學業,--,--
第一至七類學群,100,國立嘉義大學,10025,園藝學系,,一般,8,8,--,--,底標,3級分,--,--,--,--,--,--,底標,5級分,--,,,,,,,,,,,,,,,,1,7,在校學業,19%,21%,學測英文,--,--,學測自然,--,--,學測數A,--,--,國語文學業,--,--,化學學業,--,--,生物學業,--,--
第一至七類學群,100,國立嘉義大學,10025,園藝學系,,外加,2,0,--,--,底標,3級分,--,--,--,--,--,--,底標,5級分,--,,,,,,,,,,,,,,,,0,--,在校學業,--,--,學測英文,--,--,學測自然,--,--,學測數A,--,--,國語文學業,--,--,化學學業,--,--,生物學業,--,--
第一至七類學群,100,國立嘉義大學,10026,森林暨自然資源學系,,一般,7,7,--,--,後標,4級分,--,--,--,--,--,--,後標,7級分,--,,,,,,,,,,,,,,,,1,6,在校學業,13%,23%,學測自然,--,--,學測英文,--,--,學測國文,--,--,學測英自,--,--,生物學業,--,--,英語文學業,--,--
第一至七類學群,100,國立嘉義大學,10026,森林暨自然資源學系,,外加,3,1,--,--,後標,4級分,--,--,--,--,--,--,後標,7級分,--,,,,,,,,,,,,,,,,1,--,在校學業,15%,--,學測自然,--,--,學測英文,--,--,學測國文,--,--,學測英自,--,--,生物學業,--,--,英語文學業,--,--
第一至七類學群,100,國立嘉義大學,10027,木質材料與設計學系,,一般,10,10,--,--,後標,4級分,--,--,--,--,--,--,後標,7級分,--,,,,,,,,,,,,,,,,0,10,在校學業,--,27%,學測自然,--,--,學測英文,--,--,化學學業,--,--,生物學業,--,--,物理學業,--,--,學測國文,--,--
第一至七類學群,100,國立嘉義大學,10027,木質材料與設計學系,,外加,2,0,--,--,後標,4級分,--,--,--,--,--,--,後標,7級分,--,,,,,,,,,,,,,,,,0,--,在校學業,--,--,學測自然,--,--,學測英文,--,--,化學學業,--,--,生物學業,--,--,物理學業,--,--,學測國文,--,--
第一至七類學群,100,國立嘉義大學,10028,動物科學系,,一般,8,8,均標,10級分,均標,8級分,均標,6級分,--,--,--,--,均標,9級分,--,,,,,,,,,,,,,,,,7,1,在校學業,29%,12%,學測國英數A自,--,--,學測自然,--,--,學測英文,--,--,學測國文,--,--,學測數A,--,--,化學學業,--,--
第一至七類學群,100,國立嘉義大學,10028,動物科學系,,外加,2,0,均標,10級分,均標,8級分,均標,6級分,--,--,--,--,均標,9級分,--,,,,,,,,,,,,,,,,0,--,在校學業,--,--,學測國英數A自,--,--,學測自然,--,--,學測英文,--,--,學測國文,--,--,學測數A,--,--,化學學業,--,--
第一至七類學群,100,國立嘉義大學,10029,農業生物科技學系,,一般,12,12,--,--,後標,4級分,--,--,--,--,--,--,均標,9級分,--,,,,,,,,,,,,,,,,2,10,在校學業,19%,25%,學測自然,--,--,學測英文,--,--,學測國文,--,--,化學學業,--,--,英語文學業,--,--,國語文學業,--,--
第一至七類學群,100,國立嘉義大學,10029,農業生物科技學系,,外加,2,0,--,--,後標,4級分,--,--,--,--,--,--,均標,9級分,--,,,,,,,,,,,,,,,,0,--,在校學業,--,--,學測自然,--,--,學測英文,--,--,學測國文,--,--,化學學業,--,--,英語文學業,--,--,國語文學業,--,--
第一至七類學群,100,國立嘉義大學,10030,景觀學系,,一般,8,1,均標,10級分,均標,8級分,--,--,--,--,--,--,--,--,--,,,,,,,,,,,,,,,,0,1,在校學業,--,13%,學測國英社自,--,--,學測國文,--,--,學測自然,--,--,學測社會,--,--,國語文學業,--,--,英語文學業,--,--
第一至七類學群,100,國立嘉義大學,10030,景觀學系,,外加,2,0,均標,10級分,均標,8級分,--,--,--,--,--,--,--,--,--,,,,,,,,,,,,,,,,0,--,在校學業,--,--,學測國英社自,--,--,學測國文,--,--,學測自然,--,--,學測社會,--,--,國語文學業,--,--,英語文學業,--,--
第一至七類學群,100,國立嘉義大學,10031,植物醫學系,,一般,8,8,--,--,--,--,--,--,--,--,--,--,底標,5級分,--,,,,,,,,,,,,,,,,5,3,在校學業,26%,12%,學測國英自,--,--,學測自然,--,--,學測英文,--,--,生物學業,--,--,英語文學業,--,--,化學學業,--,--
第一至七類學群,100,國立嘉義大學,10031,植物醫學系,,外加,2,0,--,--,--,--,--,--,--,--,--,--,底標,5級分,--,,,,,,,,,,,,,,,,0,--,在校學業,--,--,學測國英自,--,--,學測自然,--,--,學測英文,--,--,生物學業,--,--,英語文學業,--,--,化學學業,--,--
第一至七類學群,100,國立嘉義大學,10032,食品科學系,,一般,8,8,--,--,--,--,--,--,--,--,--,--,後標,7級分,--,,,,,,,,,,,,,,,,7,1,在校學業,29%,10%,化學學業,--,--,學測自然,--,--,英語文學業,--,--,學測英文,--,--,生物學業,--,--,數學學業,--,--
第一至七類學群,100,國立嘉義大學,10032,食品科學系,,外加,2,0,--,--,--,--,--,--,--,--,--,--,後標,7級分,--,,,,,,,,,,,,,,,,0,--,在校學業,--,--,化學學業,--,--,學測自然,--,--,英語文學業,--,--,學測英文,--,--,生物學業,--,--,數學學業,--,--
第一至七類學群,100,國立嘉義大學,10033,水生生物科學系,,一般,8,8,--,--,--,--,--,--,--,--,--,--,均標,9級分,--,,,,,,,,,,,,,,,,1,7,在校學業,16%,26%,學測英文,--,--,學測自然,--,--,英語文學業,--,--,生物學業,--,--,化學學業,--,--,國語文學業,--,--
第一至七類學群,100,國立嘉義大學,10033,水生生物科學系,,外加,2,0,--,--,--,--,--,--,--,--,--,--,均標,9級分,--,,,,,,,,,,,,,,,,0,--,在校學業,--,--,學測英文,--,--,學測自然,--,--,英語文學業,--,--,生物學業,--,--,化學學業,--,--,國語文學業,--,--
第一至七類學群,100,國立嘉義大學,10034,生物資源學系,,一般,8,8,--,--,後標,4級分,--,--,--,--,--,--,均標,9級分,--,,,,,,,,,,,,,,,,6,2,在校學業,22%,13%,學測自然,--,--,學測英自,--,--,學測英文,--,--,生物學業,--,--,英語文學業,--,--,國語文學業,--,--
第一至七類學群,100,國立嘉義大學,10034,生物資源學系,,外加,2,0,--,--,後標,4級分,--,--,--,--,--,--,均標,9級分,--,,,,,,,,,,,,,,,,0,--,在校學業,--,--,學測自然,--,--,學測英自,--,--,學測英文,--,--,生物學業,--,--,英語文學業,--,--,國語文學業,--,--
第一至七類學群,100,國立嘉義大學,10035,生化科技學系,,一般,8,8,底標,7級分,底標,3級分,--,--,--,--,--,--,後標,7級分,--,,,,,,,,,,,,,,,,8,--,在校學業,20%,--,學測自然,--,--,學測英文,--,--,學測英自,--,--,化學學業,--,--,生物學業,--,--,學測國文,--,--
第一至七類學群,100,國立嘉義大學,10035,生化科技學系,,外加,2,0,底標,7級分,底標,3級分,--,--,--,--,--,--,後標,7級分,--,,,,,,,,,,,,,,,,0,--,在校學業,--,--,學測自然,--,--,學測英文,--,--,學測英自,--,--,化學學業,--,--,生物學業,--,--,學測國文,--,--
第一至七類學群,100,國立嘉義大學,10036,微生物免疫與生物藥學系,,一般,8,8,後標,9級分,後標,4級分,--,--,--,--,--,--,均標,9級分,--,,,,,,,,,,,,,,,,8,--,在校學業,13%,--,學測英自,--,--,學測自然,--,--,學測英文,--,--,化學學業,--,--,生物學業,--,--,英語文學業,--,--
第一至七類學群,100,國立嘉義大學,10036,微生物免疫與生物藥學系,,外加,1,0,後標,9級分,後標,4級分,--,--,--,--,--,--,均標,9級分,--,,,,,,,,,,,,,,,,0,--,在校學業,--,--,學測英自,--,--,學測自然,--,--,學測英文,--,--,化學學業,--,--,生物學業,--,--,英語文學業,--,--
第一至七類學群,100,國立嘉義大學,10037,獸醫學系,,一般,8,8,均標,10級分,前標,11級分,前標,9級分,--,--,--,--,前標,12級分,--,,,,,,,,,,,,,,,,8,--,在校學業,9%,--,學測自然,--,--,學測英文,--,--,學測數A,--,--,生物學業,--,--,英語文學業,--,--,化學學業,--,--
第一至七類學群,100,國立嘉義大學,10037,獸醫學系,,外加,3,0,均標,10級分,前標,11級分,前標,9級分,--,--,--,--,前標,12級分,--,,,,,,,,,,,,,,,,0,--,在校學業,--,--,學測自然,--,--,學測英文,--,--,學測數A,--,--,生物學業,--,--,英語文學業,--,--,化學學業,--,--
第一至七類學群,100,國立嘉義大學,10038,視覺藝術學系,,一般,5,5,後標,9級分,底標,3級分,--,--,--,--,--,--,--,--,--,素描,後標,48分,彩繪技法,--,--,創意表現,--,--,水墨書畫,--,--,美術鑑賞,--,--,5,--,在校學業,18%,--,美術學業,--,--,術科素描,--,--,術科彩繪技法,--,--,術科創意表現,--,--,學測國文,--,--,學測英文,--,--
第一至七類學群,101,國立高雄大學,10101,西洋語文學系,,一般,10,10,--,--,均標,8級分,--,--,--,--,--,--,--,--,--,,,,,,,,,,,,,,,,10,--,在校學業,19%,--,學測英文,--,--,英語文學業,--,--,學測國文,--,--,國語文學業,--,--,學測社會,--,--,公社學業,--,--
第一至七類學群,101,國立高雄大學,10101,西洋語文學系,,外加,2,0,--,--,均標,8級分,--,--,--,--,--,--,--,--,--,,,,,,,,,,,,,,,,0,--,在校學業,--,--,學測英文,--,--,英語文學業,--,--,學測國文,--,--,國語文學業,--,--,學測社會,--,--,公社學業,--,--
第一至七類學群,101,國立高雄大學,10102,運動健康與休閒學系,,一般,8,8,後標,9級分,後標,4級分,--,--,--,--,--,--,--,--,--,,,,,,,,,,,,,,,,8,--,在校學業,22%,--,學測國英,--,--,學測英文,--,--,學測國文,--,--,英語文學業,--,--,國語文學業,--,--,學測社會,--,--
第一至七類學群,101,國立高雄大學,10103,東亞語文學系日語組,,一般,2,2,均標,10級分,均標,8級分,--,--,--,--,均標,10級分,--,--,--,,,,,,,,,,,,,,,,2,--,在校學業,10%,--,學測英文,--,--,英語文學業,--,--,學測國文,--,--,國語文學業,--,--,學測社會,--,--,公社學業,--,--
第一至七類學群,101,國立高雄大學,10103,東亞語文學系日語組,,外加,1,0,均標,10級分,均標,8級分,--,--,--,--,均標,10級分,--,--,--,,,,,,,,,,,,,,,,0,--,在校學業,--,--,學測英文,--,--,英語文學業,--,--,學測國文,--,--,國語文學業,--,--,學測社會,--,--,公社學業,--,--
第一至七類學群,101,國立高雄大學,10104,東亞語文學系韓語組,,一般,2,2,均標,10級分,均標,8級分,--,--,--,--,均標,10級分,--,--,--,,,,,,,,,,,,,,,,2,--,在校學業,7%,--,學測英文,--,--,英語文學業,--,--,學測國文,--,--,國語文學業,--,--,學測社會,--,--,公社學業,--,--
第一至七類學群,101,國立高雄大學,10104,東亞語文學系韓語組,,外加,1,0,均標,10級分,均標,8級分,--,--,--,--,均標,10級分,--,--,--,,,,,,,,,,,,,,,,0,--,在校學業,--,--,學測英文,--,--,英語文學業,--,--,學測國文,--,--,國語文學業,--,--,學測社會,--,--,公社學業,--,--
第一至七類學群,101,國立高雄大學,10105,東亞語文學系越語組,,一般,2,2,均標,10級分,均標,8級分,--,--,--,--,均標,10級分,--,--,--,,,,,,,,,,,,,,,,0,2,在校學業,--,21%,學測英文,--,--,英語文學業,--,--,學測國文,--,--,國語文學業,--,--,學測社會,--,--,公社學業,--,--
第一至七類學群,101,國立高雄大學,10105,東亞語文學系越語組,,外加,1,0,均標,10級分,均標,8級分,--,--,--,--,均標,10級分,--,--,--,,,,,,,,,,,,,,,,0,--,在校學業,--,--,學測英文,--,--,英語文學業,--,--,學測國文,--,--,國語文學業,--,--,學測社會,--,--,公社學業,--,--
第一至七類學群,101,國立高雄大學,10106,法律學系,,一般,8,8,均標,10級分,均標,8級分,--,--,--,--,均標,10級分,--,--,--,,,,,,,,,,,,,,,,8,--,在校學業,4%,--,學測國文,11,--,學測英文,10,--,學測社會,--,--,國語文學業,--,--,英語文學業,--,--,公社學業,--,--
第一至七類學群,101,國立高雄大學,10107,政治法律學系,,一般,10,10,均標,10級分,均標,8級分,--,--,--,--,均標,10級分,--,--,--,,,,,,,,,,,,,,,,10,--,在校學業,9%,--,學測國英社,32,--,學測英文,--,--,學測國文,--,--,學測社會,--,--,公社學業,--,--,國語文學業,--,--
第一至七類學群,101,國立高雄大學,10107,政治法律學系,,外加,2,2,均標,10級分,均標,8級分,--,--,--,--,均標,10級分,--,--,--,,,,,,,,,,,,,,,,2,--,在校學業,26%,--,學測國英社,--,--,學測英文,--,--,學測國文,--,--,學測社會,--,--,公社學業,--,--,國語文學業,--,--
第一至七類學群,101,國立高雄大學,10108,財經法律學系,,一般,8,8,前標,12級分,均標,8級分,--,--,均標,6級分,均標,10級分,--,--,--,,,,,,,,,,,,,,,,8,--,在校學業,16%,--,學測國文,--,--,學測英文,--,--,學測數B,--,--,學測社會,--,--,國語文學業,--,--,英語文學業,--,--
第一至七類學群,101,國立高雄大學,10108,財經法律學系,,外加,1,0,前標,12級分,均標,8級分,--,--,均標,6級分,均標,10級分,--,--,--,,,,,,,,,,,,,,,,0,--,在校學業,--,--,學測國文,--,--,學測英文,--,--,學測數B,--,--,學測社會,--,--,國語文學業,--,--,英語文學業,--,--
第一至七類學群,101,國立高雄大學,10109,應用經濟學系,,一般,9,9,均標,10級分,均標,8級分,均標,6級分,前標,10級分,--,--,--,--,--,,,,,,,,,,,,,,,,7,2,在校學業,29%,10%,學測國英,--,--,數學學業,--,--,學測英文,--,--,學測國文,--,--,英語文學業,--,--,國語文學業,--,--
第一至七類學群,101,國立高雄大學,10109,應用經濟學系,,外加,1,0,均標,10級分,均標,8級分,均標,6級分,前標,10級分,--,--,--,--,--,,,,,,,,,,,,,,,,0,--,在校學業,--,--,學測國英,--,--,數學學業,--,--,學測英文,--,--,學測國文,--,--,英語文學業,--,--,國語文學業,--,--
第一至七類學群,101,國立高雄大學,10110,亞太工商管理學系企業管理組,,一般,8,8,均標,10級分,均標,8級分,--,--,--,--,--,--,--,--,--,,,,,,,,,,,,,,,,8,--,在校學業,13%,--,學測國英數B,--,--,學測英文,--,--,學測數B,--,--,英語文學業,--,--,數學學業,--,--,國語文學業,--,--
第一至七類學群,101,國立高雄大學,10110,亞太工商管理學系企業管理組,,外加,1,0,均標,10級分,均標,8級分,--,--,--,--,--,--,--,--,--,,,,,,,,,,,,,,,,0,--,在校學業,--,--,學測國英數B,--,--,學測英文,--,--,學測數B,--,--,英語文學業,--,--,數學學業,--,--,國語文學業,--,--
第一至七類學群,101,國立高雄大學,10111,資訊管理學系,,一般,13,13,均標,10級分,均標,8級分,均標,6級分,均標,6級分,--,--,--,--,--,,,,,,,,,,,,,,,,13,--,在校學業,17%,--,學測英文,--,--,學測國文,--,--,學測國英,--,--,英語文學業,--,--,數學學業,--,--,國語文學業,--,--
第一至七類學群,101,國立高雄大學,10111,資訊管理學系,,外加,3,0,均標,10級分,均標,8級分,均標,6級分,均標,6級分,--,--,--,--,--,,,,,,,,,,,,,,,,0,--,在校學業,--,--,學測英文,--,--,學測國文,--,--,學測國英,--,--,英語文學業,--,--,數學學業,--,--,國語文學業,--,--
第一至七類學群,101,國立高雄大學,10112,財務金融學系,,一般,9,9,均標,10級分,均標,8級分,--,--,均標,6級分,均標,10級分,--,--,--,,,,,,,,,,,,,,,,9,--,在校學業,9%,--,學測英文,--,--,學測數B,--,--,學測國文,--,--,英語文學業,--,--,數學學業,--,--,國語文學業,--,--
第一至七類學群,101,國立高雄大學,10112,財務金融學系,,外加,2,0,均標,10級分,均標,8級分,--,--,均標,6級分,均標,10級分,--,--,--,,,,,,,,,,,,,,,,0,--,在校學業,--,--,學測英文,--,--,學測數B,--,--,學測國文,--,--,英語文學業,--,--,數學學業,--,--,國語文學業,--,--
第一至七類學群,101,國立高雄大學,10113,工藝與創意設計學系,,一般,8,8,後標,9級分,後標,4級分,--,--,--,--,後標,8級分,--,--,--,,,,,,,,,,,,,,,,8,--,在校學業,21%,--,學測國文,15,--,學測社會,--,--,學測英文,--,--,公社學業,--,--,歷史學業,--,--,地科學業,--,--
第一至七類學群,101,國立高雄大學,10113,工藝與創意設計學系,,外加,1,1,後標,9級分,後標,4級分,--,--,--,--,後標,8級分,--,--,--,,,,,,,,,,,,,,,,1,--,在校學業,12%,--,學測國文,--,--,學測社會,--,--,學測英文,--,--,公社學業,--,--,歷史學業,--,--,地科學業,--,--
第一至七類學群,101,國立高雄大學,10114,亞太工商管理學系工業管理組,,一般,8,8,均標,10級分,--,--,--,--,--,--,--,--,--,--,--,,,,,,,,,,,,,,,,4,4,在校學業,19%,14%,學測國英數A,--,31,學測數A,--,--,學測英文,--,--,數學學業,--,--,英語文學業,--,--,國語文學業,--,--
第一至七類學群,101,國立高雄大學,10114,亞太工商管理學系工業管理組,,外加,1,0,均標,10級分,--,--,--,--,--,--,--,--,--,--,--,,,,,,,,,,,,,,,,0,--,在校學業,--,--,學測國英數A,--,--,學測數A,--,--,學測英文,--,--,數學學業,--,--,英語文學業,--,--,國語文學業,--,--
第一至七類學群,101,國立高雄大學,10115,應用數學系,,一般,9,9,均標,10級分,--,--,均標,6級分,--,--,--,--,均標,9級分,--,,,,,,,,,,,,,,,,9,--,在校學業,25%,--,學測數A,--,--,學測自然,--,--,學測國文,--,--,數學學業,--,--,物理學業,--,--,學測英文,--,--
第一至七類學群,101,國立高雄大學,10116,應用化學系,,一般,8,8,--,--,均標,8級分,均標,6級分,--,--,--,--,均標,9級分,--,,,,,,,,,,,,,,,,8,--,在校學業,7%,--,學測英數A自,--,--,學測自然,--,--,學測數A,--,--,學測英文,--,--,化學學業,--,--,物理學業,--,--
第一至七類學群,101,國立高雄大學,10117,應用物理學系,,一般,10,10,--,--,均標,8級分,均標,6級分,--,--,--,--,均標,9級分,--,,,,,,,,,,,,,,,,10,--,在校學業,17%,--,學測自然,--,--,學測數A,--,--,學測英文,--,--,物理學業,--,--,數學學業,--,--,學測英數A自,--,--
第一至七類學群,101,國立高雄大學,10117,應用物理學系,,外加,2,0,--,--,均標,8級分,均標,6級分,--,--,--,--,均標,9級分,--,,,,,,,,,,,,,,,,0,--,在校學業,--,--,學測自然,--,--,學測數A,--,--,學測英文,--,--,物理學業,--,--,數學學業,--,--,學測英數A自,--,--
第一至七類學群,101,國立高雄大學,10118,電機工程學系,,一般,19,19,--,--,均標,8級分,均標,6級分,--,--,--,--,均標,9級分,--,,,,,,,,,,,,,,,,19,--,在校學業,4%,--,學測數A,6,--,學測自然,11,--,學測英文,--,--,數學學業,--,--,物理學業,--,--,英語文學業,--,--
第一至七類學群,101,國立高雄大學,10118,電機工程學系,,外加,5,0,--,--,均標,8級分,均標,6級分,--,--,--,--,均標,9級分,--,,,,,,,,,,,,,,,,0,--,在校學業,--,--,學測數A,--,--,學測自然,--,--,學測英文,--,--,數學學業,--,--,物理學業,--,--,英語文學業,--,--
第一至七類學群,101,國立高雄大學,10119,土木與環境工程學系土木工程組,,一般,4,4,均標,10級分,--,--,均標,6級分,--,--,--,--,均標,9級分,--,,,,,,,,,,,,,,,,4,--,在校學業,8%,--,學測國數A自,--,--,英語文學業,--,--,地科學業,--,--,學測自然,--,--,學測數A,--,--,學測英文,--,--
第一至七類學群,101,國立高雄大學,10119,土木與環境工程學系土木工程組,,外加,1,0,均標,10級分,--,--,均標,6級分,--,--,--,--,均標,9級分,--,,,,,,,,,,,,,,,,0,--,在校學業,--,--,學測國數A自,--,--,英語文學業,--,--,地科學業,--,--,學測自然,--,--,學測數A,--,--,學測英文,--,--
第一至七類學群,101,國立高雄大學,10120,土木與環境工程學系環境工程組,,一般,5,5,均標,10級分,--,--,均標,6級分,--,--,--,--,均標,9級分,--,,,,,,,,,,,,,,,,5,--,在校學業,17%,--,學測國數A自,--,--,英語文學業,--,--,地科學業,--,--,學測自然,--,--,學測數A,--,--,學測英文,--,--
第一至七類學群,101,國立高雄大學,10121,化學工程及材料工程學系,,一般,10,10,均標,10級分,均標,8級分,均標,6級分,--,--,--,--,均標,9級分,--,,,,,,,,,,,,,,,,10,--,在校學業,5%,--,學測自然,13,--,學測數A,--,--,學測英文,--,--,國語文學業,--,--,化學學業,--,--,數學學業,--,--
第一至七類學群,101,國立高雄大學,10121,化學工程及材料工程學系,,外加,1,0,均標,10級分,均標,8級分,均標,6級分,--,--,--,--,均標,9級分,--,,,,,,,,,,,,,,,,0,--,在校學業,--,--,學測自然,--,--,學測數A,--,--,學測英文,--,--,國語文學業,--,--,化學學業,--,--,數學學業,--,--
第一至七類學群,101,國立高雄大學,10122,資訊工程學系,,一般,9,9,--,--,均標,8級分,均標,6級分,--,--,--,--,均標,9級分,--,,,,,,,,,,,,,,,,9,--,在校學業,5%,--,數學學業,11%,--,物理學業,--,--,英語文學業,--,--,學測數A,--,--,學測自然,--,--,學測英文,--,--
第一至七類學群,101,國立高雄大學,10123,建築學系,,一般,6,6,均標,10級分,均標,8級分,底標,3級分,--,--,--,--,--,--,--,,,,,,,,,,,,,,,,6,--,在校學業,26%,--,學測國文,11,--,學測英文,--,--,學測數A,--,--,國語文學業,--,--,英語文學業,--,--,數學學業,--,--
第一至七類學群,101,國立高雄大學,10123,建築學系,,外加,1,0,均標,10級分,均標,8級分,底標,3級分,--,--,--,--,--,--,--,,,,,,,,,,,,,,,,0,--,在校學業,--,--,學測國文,--,--,學測英文,--,--,學測數A,--,--,國語文學業,--,--,英語文學業,--,--,數學學業,--,--
第一至七類學群,101,國立高雄大學,10124,生命科學系,,一般,8,8,--,--,後標,4級分,後標,4級分,--,--,--,--,均標,9級分,--,,,,,,,,,,,,,,,,4,4,在校學業,26%,25%,學測自然,--,12,學測英文,--,--,學測數A,--,--,生物學業,--,--,化學學業,--,--,英語文學業,--,--
第一至七類學群,101,國立高雄大學,10124,生命科學系,,外加,1,0,--,--,後標,4級分,後標,4級分,--,--,--,--,均標,9級分,--,,,,,,,,,,,,,,,,0,--,在校學業,--,--,學測自然,--,--,學測英文,--,--,學測數A,--,--,生物學業,--,--,化學學業,--,--,英語文學業,--,--
第一至七類學群,108,慈濟大學,10801,傳播學系,,一般,3,0,底標,7級分,--,--,--,--,--,--,--,--,--,--,--,,,,,,,,,,,,,,,,0,--,在校學業,--,--,學測國文,--,--,國語文學業,--,--,公社學業,--,--,歷史學業,--,--,英語文學業,--,--,地理學業,--,--
第一至七類學群,108,慈濟大學,10802,兒童發展與家庭教育學系,,一般,4,1,底標,7級分,--,--,--,--,--,--,--,--,--,--,--,,,,,,,,,,,,,,,,1,--,在校學業,39%,--,學測國文,--,--,國語文學業,--,--,公社學業,--,--,地理學業,--,--,歷史學業,--,--,英語文學業,--,--
第一至七類學群,108,慈濟大學,10802,兒童發展與家庭教育學系,,外加,1,0,底標,7級分,--,--,--,--,--,--,--,--,--,--,--,,,,,,,,,,,,,,,,0,--,在校學業,--,--,學測國文,--,--,國語文學業,--,--,公社學業,--,--,地理學業,--,--,歷史學業,--,--,英語文學業,--,--
第一至七類學群,108,慈濟大學,10803,社會工作學系,,一般,6,1,底標,7級分,--,--,--,--,--,--,--,--,--,--,--,,,,,,,,,,,,,,,,1,--,在校學業,30%,--,學測國文,--,--,國語文學業,--,--,英語文學業,--,--,公社學業,--,--,歷史學業,--,--,地理學業,--,--
第一至七類學群,108,慈濟大學,10803,社會工作學系,,外加,1,0,底標,7級分,--,--,--,--,--,--,--,--,--,--,--,,,,,,,,,,,,,,,,0,--,在校學業,--,--,學測國文,--,--,國語文學業,--,--,英語文學業,--,--,公社學業,--,--,歷史學業,--,--,地理學業,--,--
第一至七類學群,108,慈濟大學,10804,人類發展與心理學系,,一般,7,7,底標,7級分,--,--,--,--,--,--,--,--,--,--,--,,,,,,,,,,,,,,,,5,2,在校學業,49%,47%,學測國文,--,--,國語文學業,--,--,英語文學業,--,--,公社學業,--,--,歷史學業,--,--,地理學業,--,--
第一至七類學群,108,慈濟大學,10805,國際服務產業管理學士學位學程,,一般,1,0,--,--,底標,3級分,--,--,--,--,--,--,--,--,--,,,,,,,,,,,,,,,,0,--,在校學業,--,--,學測英文,--,--,英語文學業,--,--,國語文學業,--,--,公社學業,--,--,歷史學業,--,--,地理學業,--,--
第一至七類學群,108,慈濟大學,10806,醫學資訊學系,,一般,4,0,--,--,底標,3級分,--,--,--,--,--,--,底標,5級分,--,,,,,,,,,,,,,,,,0,--,在校學業,--,--,學測英文,--,--,學測自然,--,--,學測國文,--,--,數學學業,--,--,資訊科技學業,--,--,生活科技學業,--,--
第一至七類學群,108,慈濟大學,10806,醫學資訊學系,,外加,1,0,--,--,底標,3級分,--,--,--,--,--,--,底標,5級分,--,,,,,,,,,,,,,,,,0,--,在校學業,--,--,學測英文,--,--,學測自然,--,--,學測國文,--,--,數學學業,--,--,資訊科技學業,--,--,生活科技學業,--,--
第一至七類學群,108,慈濟大學,10807,生物醫學暨工程學系,,一般,8,7,--,--,--,--,--,--,--,--,--,--,底標,5級分,--,,,,,,,,,,,,,,,,4,3,在校學業,39%,49%,學測自然,--,--,數學學業,--,--,物理學業,--,--,化學學業,--,--,英語文學業,--,--,生物學業,--,--
第一至七類學群,108,慈濟大學,10807,生物醫學暨工程學系,,外加,1,0,--,--,--,--,--,--,--,--,--,--,底標,5級分,--,,,,,,,,,,,,,,,,0,--,在校學業,--,--,學測自然,--,--,數學學業,--,--,物理學業,--,--,化學學業,--,--,英語文學業,--,--,生物學業,--,--
第一至七類學群,108,慈濟大學,10808,醫學檢驗生物技術學系,,一般,10,10,--,--,後標,4級分,--,--,--,--,--,--,後標,7級分,--,,,,,,,,,,,,,,,,10,--,在校學業,31%,--,學測英自,--,--,學測英文,--,--,學測自然,--,--,英語文學業,--,--,生物學業,--,--,化學學業,--,--
第一至七類學群,108,慈濟大學,10808,醫學檢驗生物技術學系,,外加,1,1,--,--,後標,4級分,--,--,--,--,--,--,後標,7級分,--,,,,,,,,,,,,,,,,1,--,在校學業,14%,--,學測英自,--,--,學測英文,--,--,學測自然,--,--,英語文學業,--,--,生物學業,--,--,化學學業,--,--
第一至七類學群,108,慈濟大學,10809,公共衛生學系,,一般,5,5,--,--,底標,3級分,--,--,--,--,--,--,--,--,--,,,,,,,,,,,,,,,,3,2,在校學業,41%,47%,學測國文,--,--,學測英文,--,--,數學學業,--,--,英語文學業,--,--,化學學業,--,--,學測國自,--,--
第一至七類學群,108,慈濟大學,10809,公共衛生學系,,外加,1,0,--,--,底標,3級分,--,--,--,--,--,--,--,--,--,,,,,,,,,,,,,,,,0,--,在校學業,--,--,學測國文,--,--,學測英文,--,--,數學學業,--,--,英語文學業,--,--,化學學業,--,--,學測國自,--,--
第一至七類學群,108,慈濟大學,10810,護理學系,,一般,30,24,--,--,底標,3級分,--,--,--,--,--,--,--,--,--,,,,,,,,,,,,,,,,19,5,在校學業,50%,49%,學測英文,--,--,英語文學業,--,--,國語文學業,--,--,生物學業,--,--,數學學業,--,--,公社學業,--,--
第一至七類學群,108,慈濟大學,10810,護理學系,,外加,1,1,--,--,底標,3級分,--,--,--,--,--,--,--,--,--,,,,,,,,,,,,,,,,1,--,在校學業,50%,--,學測英文,--,--,英語文學業,--,--,國語文學業,--,--,生物學業,--,--,數學學業,--,--,公社學業,--,--
第一至七類學群,108,慈濟大學,10811,物理治療學系,,一般,10,10,--,--,後標,4級分,--,--,--,--,--,--,後標,7級分,--,,,,,,,,,,,,,,,,10,--,在校學業,10%,--,學測英文,--,--,學測自然,--,--,英語文學業,--,--,生物學業,--,--,學測英自,--,--,數學學業,--,--
第一至七類學群,108,慈濟大學,10811,物理治療學系,,外加,1,0,--,--,後標,4級分,--,--,--,--,--,--,後標,7級分,--,,,,,,,,,,,,,,,,0,--,在校學業,--,--,學測英文,--,--,學測自然,--,--,英語文學業,--,--,生物學業,--,--,學測英自,--,--,數學學業,--,--
第一至七類學群,108,慈濟大學,10812,分子生物暨人類遺傳學系,,一般,6,3,--,--,--,--,--,--,--,--,--,--,底標,5級分,--,,,,,,,,,,,,,,,,3,--,在校學業,49%,--,學測自然,--,--,生物學業,--,--,英語文學業,--,--,化學學業,--,--,國語文學業,--,--,數學學業,--,--
第一至七類學群,108,慈濟大學,10812,分子生物暨人類遺傳學系,,外加,1,0,--,--,--,--,--,--,--,--,--,--,底標,5級分,--,,,,,,,,,,,,,,,,0,--,在校學業,--,--,學測自然,--,--,生物學業,--,--,英語文學業,--,--,化學學業,--,--,國語文學業,--,--,數學學業,--,--
第一至七類學群,108,慈濟大學,10813,藥學系,,一般,8,8,均標,10級分,均標,8級分,均標,6級分,--,--,--,--,均標,9級分,--,,,,,,,,,,,,,,,,8,--,在校學業,3%,--,學測國英數A自,46,--,學測自然,--,--,學測英文,--,--,學測數A,--,--,學測國文,--,--,化學學業,--,--
第一至七類學群,108,慈濟大學,10814,醫學影像暨放射科學系,,一般,8,8,--,--,--,--,--,--,--,--,--,--,後標,7級分,--,,,,,,,,,,,,,,,,8,--,在校學業,38%,--,學測自然,--,--,學測國文,--,--,學測英文,--,--,物理學業,--,--,生物學業,--,--,英語文學業,--,--
第一至七類學群,108,慈濟大學,10814,醫學影像暨放射科學系,,外加,1,0,--,--,--,--,--,--,--,--,--,--,後標,7級分,--,,,,,,,,,,,,,,,,0,--,在校學業,--,--,學測自然,--,--,學測國文,--,--,學測英文,--,--,物理學業,--,--,生物學業,--,--,英語文學業,--,--
第一至七類學群,109,臺北醫學大學,10901,醫務管理學系,,一般,11,11,均標,10級分,均標,8級分,--,--,均標,6級分,--,--,--,--,--,,,,,,,,,,,,,,,,7,4,在校學業,28%,17%,學測國英數B,--,--,學測英文,--,--,學測數B,--,--,學測國文,--,--,英語文學業,--,--,國語文學業,--,--
第一至七類學群,109,臺北醫學大學,10901,醫務管理學系,,外加,3,0,均標,10級分,均標,8級分,--,--,均標,6級分,--,--,--,--,--,,,,,,,,,,,,,,,,0,--,在校學業,--,--,學測國英數B,--,--,學測英文,--,--,學測數B,--,--,學測國文,--,--,英語文學業,--,--,國語文學業,--,--
第一至七類學群,109,臺北醫學大學,10902,藥學系藥學組,,一般,16,16,--,--,前標,11級分,均標,6級分,--,--,--,--,均標,9級分,A級,,,,,,,,,,,,,,,,16,--,在校學業,2%,--,學測國英數A自,51,--,學測自然,--,--,學測英文,--,--,學測數A,--,--,學測國文,--,--,生物學業,--,--
第一至七類學群,109,臺北醫學大學,10902,藥學系藥學組,,外加,1,1,--,--,前標,11級分,均標,6級分,--,--,--,--,均標,9級分,A級,,,,,,,,,,,,,,,,1,--,在校學業,7%,--,學測國英數A自,--,--,學測自然,--,--,學測英文,--,--,學測數A,--,--,學測國文,--,--,生物學業,--,--
第一至七類學群,109,臺北醫學大學,10903,藥學系藥學組(英語組),,一般,4,4,--,--,頂標,13級分,均標,6級分,--,--,--,--,均標,9級分,A級,,,,,,,,,,,,,,,,4,--,在校學業,2%,--,學測英數A自,38,--,學測英文,--,--,學測自然,--,--,學測數A,--,--,學測國文,--,--,生物學業,--,--
第一至七類學群,109,臺北醫學大學,10904,藥學系臨床藥學組,,一般,9,9,--,--,前標,11級分,均標,6級分,--,--,--,--,均標,9級分,A級,,,,,,,,,,,,,,,,9,--,在校學業,2%,--,學測國英數A自,51,--,學測英文,--,--,學測自然,--,--,學測數A,--,--,學測國文,--,--,生物學業,--,--
第一至七類學群,109,臺北醫學大學,10905,醫學檢驗暨生物技術學系,,一般,11,11,均標,10級分,均標,8級分,均標,6級分,--,--,--,--,均標,9級分,--,,,,,,,,,,,,,,,,11,--,在校學業,3%,--,學測國英數A自,39,--,學測英文,--,--,學測自然,--,--,英語文學業,--,--,化學學業,--,--,生物學業,--,--
第一至七類學群,109,臺北醫學大學,10906,護理學系,,一般,9,9,--,--,均標,8級分,--,--,--,--,--,--,均標,9級分,--,,,,,,,,,,,,,,,,9,--,在校學業,6%,--,學測自然,--,--,學測英文,--,--,學測數A,--,--,學測國文,--,--,生物學業,--,--,數學學業,--,--
第一至七類學群,109,臺北醫學大學,10907,保健營養學系,,一般,7,7,均標,10級分,均標,8級分,均標,6級分,--,--,--,--,均標,9級分,--,,,,,,,,,,,,,,,,7,--,在校學業,5%,--,學測自然,13,--,學測英文,--,--,學測數A,--,--,學測國文,--,--,化學學業,--,--,生物學業,--,--
第一至七類學群,109,臺北醫學大學,10907,保健營養學系,,外加,1,0,均標,10級分,均標,8級分,均標,6級分,--,--,--,--,均標,9級分,--,,,,,,,,,,,,,,,,0,--,在校學業,--,--,學測自然,--,--,學測英文,--,--,學測數A,--,--,學測國文,--,--,化學學業,--,--,生物學業,--,--
第一至七類學群,109,臺北醫學大學,10908,公共衛生學系,,一般,10,10,均標,10級分,均標,8級分,均標,6級分,--,--,--,--,均標,9級分,--,,,,,,,,,,,,,,,,10,--,在校學業,10%,--,學測數A,--,--,學測英文,--,--,學測自然,--,--,學測國文,--,--,化學學業,--,--,數學學業,--,--
第一至七類學群,109,臺北醫學大學,10908,公共衛生學系,,外加,1,0,均標,10級分,均標,8級分,均標,6級分,--,--,--,--,均標,9級分,--,,,,,,,,,,,,,,,,0,--,在校學業,--,--,學測數A,--,--,學測英文,--,--,學測自然,--,--,學測國文,--,--,化學學業,--,--,數學學業,--,--
第一至七類學群,109,臺北醫學大學,10909,呼吸治療學系,,一般,8,8,均標,10級分,均標,8級分,均標,6級分,--,--,--,--,均標,9級分,--,,,,,,,,,,,,,,,,8,--,在校學業,4%,--,學測國英數A自,46,--,學測自然,--,--,學測英文,--,--,學測數A,--,--,學測國文,--,--,生物學業,--,--
第一至七類學群,109,臺北醫學大學,10909,呼吸治療學系,,外加,1,0,均標,10級分,均標,8級分,均標,6級分,--,--,--,--,均標,9級分,--,,,,,,,,,,,,,,,,0,--,在校學業,--,--,學測國英數A自,--,--,學測自然,--,--,學測英文,--,--,學測數A,--,--,學測國文,--,--,生物學業,--,--
第一至七類學群,109,臺北醫學大學,10910,高齡健康暨長期照護學系,,一般,10,10,--,--,均標,8級分,後標,4級分,均標,6級分,--,--,--,--,--,,,,,,,,,,,,,,,,10,--,在校學業,19%,--,學測英自,24,--,學測英文,--,--,學測自然,--,--,英語文學業,--,--,生物學業,--,--,學測國文,--,--
第一至七類學群,109,臺北醫學大學,10911,牙體技術學系,,一般,4,4,--,--,均標,8級分,--,--,均標,6級分,--,--,均標,9級分,--,,,,,,,,,,,,,,,,4,--,在校學業,3%,--,學測國英數B自,--,--,學測自然,--,--,學測英文,--,--,學測國文,--,--,化學學業,--,--,生物學業,--,--
第一至七類學群,109,臺北醫學大學,10911,牙體技術學系,,外加,1,0,--,--,均標,8級分,--,--,均標,6級分,--,--,均標,9級分,--,,,,,,,,,,,,,,,,0,--,在校學業,--,--,學測國英數B自,--,--,學測自然,--,--,學測英文,--,--,學測國文,--,--,化學學業,--,--,生物學業,--,--
第一至七類學群,109,臺北醫學大學,10912,口腔衛生學系,,一般,7,7,--,--,均標,8級分,均標,6級分,均標,6級分,--,--,--,--,B級,,,,,,,,,,,,,,,,7,--,在校學業,12%,--,學測英自,23,--,學測英文,--,--,學測自然,--,--,英語文學業,--,--,生物學業,--,--,數學學業,--,--
第一至七類學群,109,臺北醫學大學,10912,口腔衛生學系,,外加,2,0,--,--,均標,8級分,均標,6級分,均標,6級分,--,--,--,--,B級,,,,,,,,,,,,,,,,0,--,在校學業,--,--,學測英自,--,--,學測英文,--,--,學測自然,--,--,英語文學業,--,--,生物學業,--,--,數學學業,--,--
第一至七類學群,109,臺北醫學大學,10913,生物醫學工程學系,,一般,5,5,--,--,均標,8級分,均標,6級分,--,--,--,--,均標,9級分,--,,,,,,,,,,,,,,,,5,--,在校學業,2%,--,學測自然,--,--,學測英文,--,--,學測數A,--,--,生物學業,--,--,物理學業,--,--,數學學業,--,--
第一至七類學群,109,臺北醫學大學,10913,生物醫學工程學系,,外加,2,1,--,--,均標,8級分,均標,6級分,--,--,--,--,均標,9級分,--,,,,,,,,,,,,,,,,1,--,在校學業,21%,--,學測自然,--,--,學測英文,--,--,學測數A,--,--,生物學業,--,--,物理學業,--,--,數學學業,--,--
第一至七類學群,109,臺北醫學大學,10914,食品安全學系,,一般,6,6,均標,10級分,均標,8級分,均標,6級分,--,--,--,--,均標,9級分,--,,,,,,,,,,,,,,,,6,--,在校學業,6%,--,學測英數A自,--,--,學測自然,--,--,學測數A,--,--,學測英文,--,--,化學學業,--,--,生物學業,--,--
第一至七類學群,109,臺北醫學大學,10914,食品安全學系,,外加,1,0,均標,10級分,均標,8級分,均標,6級分,--,--,--,--,均標,9級分,--,,,,,,,,,,,,,,,,0,--,在校學業,--,--,學測英數A自,--,--,學測自然,--,--,學測數A,--,--,學測英文,--,--,化學學業,--,--,生物學業,--,--
第一至七類學群,110,開南大學,11001,企業與創業管理學系,,一般,2,0,--,--,--,--,--,--,--,--,底標,7級分,--,--,--,,,,,,,,,,,,,,,,0,--,在校學業,--,--,學測社會,--,--,公社學業,--,--,歷史學業,--,--,地理學業,--,--,學測國文,--,--,國語文學業,--,--
第一至七類學群,110,開南大學,11001,企業與創業管理學系,,外加,1,0,--,--,--,--,--,--,--,--,底標,7級分,--,--,--,,,,,,,,,,,,,,,,0,--,在校學業,--,--,學測社會,--,--,公社學業,--,--,歷史學業,--,--,地理學業,--,--,學測國文,--,--,國語文學業,--,--
第一至七類學群,110,開南大學,11002,國際企業學系,,一般,2,0,底標,7級分,--,--,--,--,--,--,--,--,--,--,--,,,,,,,,,,,,,,,,0,--,在校學業,--,--,學測國文,--,--,國語文學業,--,--,學測社會,--,--,公社學業,--,--,地理學業,--,--,歷史學業,--,--
第一至七類學群,110,開南大學,11002,國際企業學系,,外加,1,0,底標,7級分,--,--,--,--,--,--,--,--,--,--,--,,,,,,,,,,,,,,,,0,--,在校學業,--,--,學測國文,--,--,國語文學業,--,--,學測社會,--,--,公社學業,--,--,地理學業,--,--,歷史學業,--,--
第一至七類學群,110,開南大學,11003,商學院國際榮譽學士學位學程,,一般,2,0,--,--,均標,8級分,--,--,--,--,--,--,--,--,--,,,,,,,,,,,,,,,,0,--,在校學業,--,--,學測英文,--,--,英語文學業,--,--,學測社會,--,--,公社學業,--,--,學測國文,--,--,國語文學業,--,--
第一至七類學群,110,開南大學,11003,商學院國際榮譽學士學位學程,,外加,1,0,--,--,均標,8級分,--,--,--,--,--,--,--,--,--,,,,,,,,,,,,,,,,0,--,在校學業,--,--,學測英文,--,--,英語文學業,--,--,學測社會,--,--,公社學業,--,--,學測國文,--,--,國語文學業,--,--
第一至七類學群,110,開南大學,11004,國際物流與運輸管理學系,,一般,2,0,--,--,--,--,--,--,--,--,底標,7級分,--,--,--,,,,,,,,,,,,,,,,0,--,在校學業,--,--,學測英文,--,--,英語文學業,--,--,學測社會,--,--,公社學業,--,--,學測國文,--,--,國語文學業,--,--
第一至七類學群,110,開南大學,11004,國際物流與運輸管理學系,,外加,1,0,--,--,--,--,--,--,--,--,底標,7級分,--,--,--,,,,,,,,,,,,,,,,0,--,在校學業,--,--,學測英文,--,--,英語文學業,--,--,學測社會,--,--,公社學業,--,--,學測國文,--,--,國語文學業,--,--
第一至七類學群,110,開南大學,11005,空運管理學系,,一般,2,1,--,--,底標,3級分,--,--,--,--,--,--,--,--,--,,,,,,,,,,,,,,,,1,--,在校學業,29%,--,學測英文,--,--,英語文學業,--,--,學測社會,--,--,公社學業,--,--,數學學業,--,--,生活科技學業,--,--
第一至七類學群,110,開南大學,11005,空運管理學系,,外加,1,0,--,--,底標,3級分,--,--,--,--,--,--,--,--,--,,,,,,,,,,,,,,,,0,--,在校學業,--,--,學測英文,--,--,英語文學業,--,--,學測社會,--,--,公社學業,--,--,數學學業,--,--,生活科技學業,--,--
第一至七類學群,110,開南大學,11006,觀光與餐飲旅館學系,,一般,2,2,底標,7級分,--,--,--,--,--,--,--,--,--,--,--,,,,,,,,,,,,,,,,2,--,在校學業,49%,--,學測國文,--,--,國語文學業,--,--,學測英文,--,--,英語文學業,--,--,學測社會,--,--,公社學業,--,--
第一至七類學群,110,開南大學,11006,觀光與餐飲旅館學系,,外加,1,0,底標,7級分,--,--,--,--,--,--,--,--,--,--,--,,,,,,,,,,,,,,,,0,--,在校學業,--,--,學測國文,--,--,國語文學業,--,--,學測英文,--,--,英語文學業,--,--,學測社會,--,--,公社學業,--,--
第一至七類學群,110,開南大學,11007,休閒事業管理學系,,一般,2,0,--,--,--,--,--,--,--,--,底標,7級分,--,--,--,,,,,,,,,,,,,,,,0,--,在校學業,--,--,地理學業,--,--,歷史學業,--,--,公社學業,--,--,國語文學業,--,--,學測社會,--,--,學測國文,--,--
第一至七類學群,110,開南大學,11007,休閒事業管理學系,,外加,1,0,--,--,--,--,--,--,--,--,底標,7級分,--,--,--,,,,,,,,,,,,,,,,0,--,在校學業,--,--,地理學業,--,--,歷史學業,--,--,公社學業,--,--,國語文學業,--,--,學測社會,--,--,學測國文,--,--
第一至七類學群,110,開南大學,11008,資訊管理學系,,一般,2,0,--,--,--,--,--,--,--,--,底標,7級分,--,--,--,,,,,,,,,,,,,,,,0,--,在校學業,--,--,學測社會,--,--,學測國文,--,--,學測英文,--,--,資訊科技學業,--,--,國語文學業,--,--,英語文學業,--,--
第一至七類學群,110,開南大學,11008,資訊管理學系,,外加,1,0,--,--,--,--,--,--,--,--,底標,7級分,--,--,--,,,,,,,,,,,,,,,,0,--,在校學業,--,--,學測社會,--,--,學測國文,--,--,學測英文,--,--,資訊科技學業,--,--,國語文學業,--,--,英語文學業,--,--
第一至七類學群,110,開南大學,11009,資訊傳播學系,,一般,2,1,--,--,--,--,--,--,--,--,底標,7級分,--,--,--,,,,,,,,,,,,,,,,1,--,在校學業,49%,--,學測社會,--,--,學測國文,--,--,歷史學業,--,--,地理學業,--,--,地科學業,--,--,生物學業,--,--
第一至七類學群,110,開南大學,11009,資訊傳播學系,,外加,1,0,--,--,--,--,--,--,--,--,底標,7級分,--,--,--,,,,,,,,,,,,,,,,0,--,在校學業,--,--,學測社會,--,--,學測國文,--,--,歷史學業,--,--,地理學業,--,--,地科學業,--,--,生物學業,--,--
第一至七類學群,110,開南大學,11010,電影與創意媒體學系,,一般,2,2,--,--,--,--,--,--,--,--,底標,7級分,--,--,--,,,,,,,,,,,,,,,,2,--,在校學業,41%,--,學測社會,--,--,學測國文,--,--,學測英文,--,--,歷史學業,--,--,國語文學業,--,--,生活科技學業,--,--
第一至七類學群,110,開南大學,11010,電影與創意媒體學系,,外加,1,0,--,--,--,--,--,--,--,--,底標,7級分,--,--,--,,,,,,,,,,,,,,,,0,--,在校學業,--,--,學測社會,--,--,學測國文,--,--,學測英文,--,--,歷史學業,--,--,國語文學業,--,--,生活科技學業,--,--
第一至七類學群,110,開南大學,11011,法律學系,,一般,2,1,--,--,--,--,--,--,--,--,底標,7級分,--,--,--,,,,,,,,,,,,,,,,1,--,在校學業,34%,--,學測社會,--,--,學測國文,--,--,公社學業,--,--,國語文學業,--,--,歷史學業,--,--,地理學業,--,--
第一至七類學群,110,開南大學,11011,法律學系,,外加,1,0,--,--,--,--,--,--,--,--,底標,7級分,--,--,--,,,,,,,,,,,,,,,,0,--,在校學業,--,--,學測社會,--,--,學測國文,--,--,公社學業,--,--,國語文學業,--,--,歷史學業,--,--,地理學業,--,--
第一至七類學群,110,開南大學,11012,應用日語學系,,一般,2,1,--,--,底標,3級分,--,--,--,--,--,--,--,--,--,,,,,,,,,,,,,,,,1,--,在校學業,47%,--,學測英文,--,--,學測國文,--,--,學測社會,--,--,英語文學業,--,--,國語文學業,--,--,公社學業,--,--
第一至七類學群,110,開南大學,11012,應用日語學系,,外加,1,0,--,--,底標,3級分,--,--,--,--,--,--,--,--,--,,,,,,,,,,,,,,,,0,--,在校學業,--,--,學測英文,--,--,學測國文,--,--,學測社會,--,--,英語文學業,--,--,國語文學業,--,--,公社學業,--,--
第一至七類學群,110,開南大學,11013,應用英語學系,,一般,2,0,--,--,底標,3級分,--,--,--,--,--,--,--,--,--,,,,,,,,,,,,,,,,0,--,在校學業,--,--,學測英文,--,--,學測國文,--,--,學測社會,--,--,英語文學業,--,--,國語文學業,--,--,公社學業,--,--
第一至七類學群,110,開南大學,11013,應用英語學系,,外加,1,0,--,--,底標,3級分,--,--,--,--,--,--,--,--,--,,,,,,,,,,,,,,,,0,--,在校學業,--,--,學測英文,--,--,學測國文,--,--,學測社會,--,--,英語文學業,--,--,國語文學業,--,--,公社學業,--,--
第一至七類學群,110,開南大學,11014,健康產業管理學系,,一般,2,0,--,--,底標,3級分,--,--,--,--,--,--,--,--,--,,,,,,,,,,,,,,,,0,--,在校學業,--,--,國語文學業,--,--,英語文學業,--,--,數學學業,--,--,物理學業,--,--,生物學業,--,--,地科學業,--,--
第一至七類學群,110,開南大學,11014,健康產業管理學系,,外加,1,0,--,--,底標,3級分,--,--,--,--,--,--,--,--,--,,,,,,,,,,,,,,,,0,--,在校學業,--,--,國語文學業,--,--,英語文學業,--,--,數學學業,--,--,物理學業,--,--,生物學業,--,--,地科學業,--,--
第一至七類學群,110,開南大學,11015,AI科技與創新設計學士學位學程,,一般,2,0,--,--,底標,3級分,--,--,--,--,--,--,--,--,--,,,,,,,,,,,,,,,,0,--,在校學業,--,--,學測國文,--,--,資訊科技學業,--,--,生活科技學業,--,--,學測英文,--,--,學測社會,--,--,數學學業,--,--
第一至七類學群,110,開南大學,11015,AI科技與創新設計學士學位學程,,外加,1,0,--,--,底標,3級分,--,--,--,--,--,--,--,--,--,,,,,,,,,,,,,,,,0,--,在校學業,--,--,學測國文,--,--,資訊科技學業,--,--,生活科技學業,--,--,學測英文,--,--,學測社會,--,--,數學學業,--,--
第一至七類學群,110,開南大學,11016,保健營養學系,,一般,2,0,--,--,--,--,--,--,--,--,--,--,底標,5級分,--,,,,,,,,,,,,,,,,0,--,在校學業,--,--,學測自然,--,--,學測英文,--,--,學測國文,--,--,化學學業,--,--,生物學業,--,--,生活科技學業,--,--
第一至七類學群,110,開南大學,11016,保健營養學系,,外加,1,0,--,--,--,--,--,--,--,--,--,--,底標,5級分,--,,,,,,,,,,,,,,,,0,--,在校學業,--,--,學測自然,--,--,學測英文,--,--,學測國文,--,--,化學學業,--,--,生物學業,--,--,生活科技學業,--,--
第一至七類學群,112,康寧大學,11201,嬰幼兒保育學系(台北校區),,一般,5,0,底標,7級分,--,--,--,--,--,--,--,--,--,--,--,,,,,,,,,,,,,,,,0,--,在校學業,--,--,國語文學業,--,--,歷史學業,--,--,地理學業,--,--,公社學業,--,--,生活科技學業,--,--,資訊科技學業,--,--
第一至七類學群,112,康寧大學,11201,嬰幼兒保育學系(台北校區),,外加,1,0,底標,7級分,--,--,--,--,--,--,--,--,--,--,--,,,,,,,,,,,,,,,,0,--,在校學業,--,--,國語文學業,--,--,歷史學業,--,--,地理學業,--,--,公社學業,--,--,生活科技學業,--,--,資訊科技學業,--,--
第一至七類學群,112,康寧大學,11202,長期照護學系(台北校區),,一般,4,2,底標,7級分,--,--,--,--,--,--,--,--,--,--,--,,,,,,,,,,,,,,,,2,--,在校學業,42%,--,國語文學業,--,--,歷史學業,--,--,地理學業,--,--,公社學業,--,--,生活科技學業,--,--,資訊科技學業,--,--
第一至七類學群,113,中信金融管理學院,11301,財務金融學系,,一般,8,8,--,--,--,--,均標,6級分,均標,6級分,--,--,--,--,--,,,,,,,,,,,,,,,,8,--,在校學業,36%,--,學測國文,--,--,學測英文,--,--,學測社會,--,--,國語文學業,--,--,英語文學業,--,--,數學學業,--,--
第一至七類學群,113,中信金融管理學院,11301,財務金融學系,,外加,1,0,--,--,--,--,均標,6級分,均標,6級分,--,--,--,--,--,,,,,,,,,,,,,,,,0,--,在校學業,--,--,學測國文,--,--,學測英文,--,--,學測社會,--,--,國語文學業,--,--,英語文學業,--,--,數學學業,--,--
第一至七類學群,113,中信金融管理學院,11302,財經法律學系,,一般,7,7,均標,10級分,--,--,--,--,--,--,--,--,--,--,--,,,,,,,,,,,,,,,,7,--,在校學業,44%,--,學測國文,--,--,學測英文,--,--,學測社會,--,--,國語文學業,--,--,英語文學業,--,--,數學學業,--,--
第一至七類學群,113,中信金融管理學院,11302,財經法律學系,,外加,1,0,均標,10級分,--,--,--,--,--,--,--,--,--,--,--,,,,,,,,,,,,,,,,0,--,在校學業,--,--,學測國文,--,--,學測英文,--,--,學測社會,--,--,國語文學業,--,--,英語文學業,--,--,數學學業,--,--
第一至七類學群,113,中信金融管理學院,11303,企業管理學系,,一般,7,2,均標,10級分,--,--,--,--,--,--,--,--,--,--,--,,,,,,,,,,,,,,,,1,1,在校學業,47%,46%,學測國文,--,--,學測英文,--,--,學測社會,--,--,國語文學業,--,--,英語文學業,--,--,數學學業,--,--
第一至七類學群,113,中信金融管理學院,11303,企業管理學系,,外加,1,0,均標,10級分,--,--,--,--,--,--,--,--,--,--,--,,,,,,,,,,,,,,,,0,--,在校學業,--,--,學測國文,--,--,學測英文,--,--,學測社會,--,--,國語文學業,--,--,英語文學業,--,--,數學學業,--,--
第一至七類學群,113,中信金融管理學院,11304,金融管理學院學士班,,一般,6,4,均標,10級分,--,--,--,--,--,--,--,--,--,--,--,,,,,,,,,,,,,,,,2,2,在校學業,37%,38%,學測國文,--,--,學測英文,--,--,學測社會,--,--,國語文學業,--,--,英語文學業,--,--,數學學業,--,--
第一至七類學群,113,中信金融管理學院,11304,金融管理學院學士班,,外加,1,0,均標,10級分,--,--,--,--,--,--,--,--,--,--,--,,,,,,,,,,,,,,,,0,--,在校學業,--,--,學測國文,--,--,學測英文,--,--,學測社會,--,--,國語文學業,--,--,英語文學業,--,--,數學學業,--,--
第一至七類學群,113,中信金融管理學院,11305,科技金融學系,,一般,5,4,--,--,--,--,均標,6級分,均標,6級分,--,--,--,--,--,,,,,,,,,,,,,,,,4,--,在校學業,50%,--,學測國文,--,--,學測英文,--,--,學測社會,--,--,國語文學業,--,--,英語文學業,--,--,數學學業,--,--
第一至七類學群,113,中信金融管理學院,11305,科技金融學系,,外加,1,0,--,--,--,--,均標,6級分,均標,6級分,--,--,--,--,--,,,,,,,,,,,,,,,,0,--,在校學業,--,--,學測國文,--,--,學測英文,--,--,學測社會,--,--,國語文學業,--,--,英語文學業,--,--,數學學業,--,--
第一至七類學群,113,中信金融管理學院,11306,運動產業管理學士學位學程,,一般,5,1,後標,9級分,--,--,--,--,--,--,--,--,--,--,--,,,,,,,,,,,,,,,,1,--,在校學業,48%,--,學測國文,--,--,學測英文,--,--,學測社會,--,--,國語文學業,--,--,英語文學業,--,--,數學學業,--,--
第一至七類學群,113,中信金融管理學院,11306,運動產業管理學士學位學程,,外加,1,0,後標,9級分,--,--,--,--,--,--,--,--,--,--,--,,,,,,,,,,,,,,,,0,--,在校學業,--,--,學測國文,--,--,學測英文,--,--,學測社會,--,--,國語文學業,--,--,英語文學業,--,--,數學學業,--,--
第一至七類學群,130,佛光大學,13001,建築環境設計學士學位學程(社會組),,一般,1,0,底標,7級分,--,--,--,--,--,--,--,--,--,--,--,,,,,,,,,,,,,,,,0,--,在校學業,--,--,學測國文,--,--,學測社會,--,--,學測國社,--,--,國語文學業,--,--,歷史學業,--,--,學測英文,--,--
第一至七類學群,130,佛光大學,13002,傳播學系(數位媒體與智能創作組),,一般,3,0,底標,7級分,--,--,--,--,--,--,--,--,--,--,--,,,,,,,,,,,,,,,,0,--,在校學業,--,--,學測國文,--,--,學測社會,--,--,學測英文,--,--,國語文學業,--,--,歷史學業,--,--,公社學業,--,--
第一至七類學群,130,佛光大學,13003,傳播學系(廣告公關與精準行銷組),,一般,3,2,--,--,--,--,--,--,--,--,底標,7級分,--,--,--,,,,,,,,,,,,,,,,1,1,在校學業,41%,48%,學測社會,--,--,學測國文,--,--,學測英文,--,--,國語文學業,--,--,歷史學業,--,--,公社學業,--,--
第一至七類學群,130,佛光大學,13004,傳播學系(流行音樂傳播與策展組),,一般,3,0,底標,7級分,--,--,--,--,--,--,--,--,--,--,--,,,,,,,,,,,,,,,,0,--,在校學業,--,--,學測國文,--,--,學測社會,--,--,學測英文,--,--,國語文學業,--,--,歷史學業,--,--,公社學業,--,--
第一至七類學群,130,佛光大學,13005,產品與媒體設計學系(智慧產品設計組),,一般,2,1,--,--,--,--,--,--,--,--,底標,7級分,--,--,--,,,,,,,,,,,,,,,,0,1,在校學業,--,40%,學測社會,--,--,學測國文,--,--,學測國社,--,--,國語文學業,--,--,公社學業,--,--,英語文學業,--,--
第一至七類學群,130,佛光大學,13006,產品與媒體設計學系(視覺媒體設計組),,一般,2,0,--,--,--,--,--,--,--,--,底標,7級分,--,--,--,,,,,,,,,,,,,,,,0,--,在校學業,--,--,學測社會,--,--,學測國文,--,--,學測國社,--,--,國語文學業,--,--,公社學業,--,--,英語文學業,--,--
第一至七類學群,130,佛光大學,13007,資訊應用學系(動畫與視覺特效組),,一般,1,0,--,--,--,--,--,--,--,--,底標,7級分,--,--,--,,,,,,,,,,,,,,,,0,--,在校學業,--,--,學測國文,--,--,學測社會,--,--,學測英文,--,--,國語文學業,--,--,資訊科技學業,--,--,歷史學業,--,--
第一至七類學群,130,佛光大學,13008,資訊應用學系(虛擬製作與互動科技組),,一般,1,0,--,--,--,--,--,--,--,--,底標,7級分,--,--,--,,,,,,,,,,,,,,,,0,--,在校學業,--,--,學測國文,--,--,學測社會,--,--,學測英文,--,--,國語文學業,--,--,資訊科技學業,--,--,歷史學業,--,--
第一至七類學群,130,佛光大學,13009,語文學系(應用英日語組),,一般,3,2,--,--,底標,3級分,--,--,--,--,--,--,--,--,--,,,,,,,,,,,,,,,,1,1,在校學業,43%,46%,學測英文,--,--,學測國文,--,--,學測社會,--,--,學測國英,--,--,英語文學業,--,--,國語文學業,--,--
第一至七類學群,130,佛光大學,13010,語文學系(應用英韓語組),,一般,3,1,--,--,底標,3級分,--,--,--,--,--,--,--,--,--,,,,,,,,,,,,,,,,0,1,在校學業,--,41%,學測英文,--,--,學測國文,--,--,學測社會,--,--,學測國英,--,--,英語文學業,--,--,國語文學業,--,--
第一至七類學群,130,佛光大學,13011,歷史學系,,一般,1,1,--,--,--,--,--,--,--,--,底標,7級分,--,--,--,,,,,,,,,,,,,,,,1,--,在校學業,44%,--,歷史學業,--,--,國語文學業,--,--,地理學業,--,--,公社學業,--,--,學測社會,--,--,學測國文,--,--
第一至七類學群,130,佛光大學,13012,社會學暨社會工作學系(A組),,一般,3,1,底標,7級分,--,--,--,--,--,--,--,--,--,--,--,,,,,,,,,,,,,,,,1,--,在校學業,27%,--,學測國文,--,--,國語文學業,--,--,學測社會,--,--,公社學業,--,--,學測國英,--,--,英語文學業,--,--
第一至七類學群,130,佛光大學,13012,社會學暨社會工作學系(A組),,外加,1,0,底標,7級分,--,--,--,--,--,--,--,--,--,--,--,,,,,,,,,,,,,,,,0,--,在校學業,--,--,學測國文,--,--,國語文學業,--,--,學測社會,--,--,公社學業,--,--,學測國英,--,--,英語文學業,--,--
第一至七類學群,130,佛光大學,13013,社會學暨社會工作學系(B組),,一般,2,0,--,--,--,--,--,--,--,--,底標,7級分,--,--,--,,,,,,,,,,,,,,,,0,--,在校學業,--,--,學測社會,--,--,公社學業,--,--,學測國文,--,--,國語文學業,--,--,學測國英,--,--,英語文學業,--,--
第一至七類學群,130,佛光大學,13014,心理學系,,一般,8,6,--,--,--,--,--,--,底標,3級分,--,--,--,--,--,,,,,,,,,,,,,,,,5,1,在校學業,48%,36%,學測國英,--,--,學測英文,--,--,學測國文,--,--,學測社會,--,--,數學學業,--,--,英語文學業,--,--
第一至七類學群,130,佛光大學,13015,公共行政與國際事務學系(國際與兩岸事務組),,一般,1,0,--,--,--,--,--,--,--,--,底標,7級分,--,--,--,,,,,,,,,,,,,,,,0,--,在校學業,--,--,學測社會,--,--,學測國文,--,--,學測英文,--,--,國語文學業,--,--,公社學業,--,--,歷史學業,--,--
第一至七類學群,130,佛光大學,13016,公共行政與國際事務學系(行政管理組),,一般,1,1,--,--,--,--,--,--,--,--,底標,7級分,--,--,--,,,,,,,,,,,,,,,,1,--,在校學業,37%,--,學測國文,--,--,學測社會,--,--,學測英文,--,--,公社學業,--,--,歷史學業,--,--,國語文學業,--,--
第一至七類學群,130,佛光大學,13016,公共行政與國際事務學系(行政管理組),,外加,1,0,--,--,--,--,--,--,--,--,底標,7級分,--,--,--,,,,,,,,,,,,,,,,0,--,在校學業,--,--,學測國文,--,--,學測社會,--,--,學測英文,--,--,公社學業,--,--,歷史學業,--,--,國語文學業,--,--
第一至七類學群,130,佛光大學,13017,公共行政與國際事務學系(科技應用與地方創生組),,一般,1,0,--,--,--,--,--,--,--,--,底標,7級分,--,--,--,,,,,,,,,,,,,,,,0,--,在校學業,--,--,公社學業,--,--,學測社會,--,--,學測國文,--,--,學測英文,--,--,國語文學業,--,--,歷史學業,--,--
第一至七類學群,130,佛光大學,13018,公共行政與國際事務學系(宗教事務組),,一般,1,0,--,--,--,--,--,--,--,--,底標,7級分,--,--,--,,,,,,,,,,,,,,,,0,--,在校學業,--,--,歷史學業,--,--,學測社會,--,--,學測國文,--,--,學測英文,--,--,公社學業,--,--,國語文學業,--,--
第一至七類學群,130,佛光大學,13019,運動與健康促進管理學士學位學程,,一般,6,0,底標,7級分,--,--,--,--,--,--,--,--,--,--,--,,,,,,,,,,,,,,,,0,--,在校學業,--,--,學測社會,--,--,學測國文,--,--,歷史學業,--,--,地理學業,--,--,公社學業,--,--,國語文學業,--,--
第一至七類學群,130,佛光大學,13020,管理學系,,一般,1,0,底標,7級分,--,--,--,--,--,--,--,--,--,--,--,,,,,,,,,,,,,,,,0,--,在校學業,--,--,學測國文,--,--,學測社會,--,--,國語文學業,--,--,歷史學業,--,--,地理學業,--,--,公社學業,--,--
第一至七類學群,130,佛光大學,13021,應用經濟學系(財務金融組),,一般,2,0,--,--,--,--,--,--,--,--,底標,7級分,--,--,--,,,,,,,,,,,,,,,,0,--,在校學業,--,--,學測社會,--,--,公社學業,--,--,歷史學業,--,--,學測國文,--,--,地理學業,--,--,學測英文,--,--
第一至七類學群,130,佛光大學,13022,應用經濟學系(國際商務組),,一般,2,0,--,--,--,--,--,--,--,--,底標,7級分,--,--,--,,,,,,,,,,,,,,,,0,--,在校學業,--,--,學測社會,--,--,公社學業,--,--,歷史學業,--,--,學測國文,--,--,地理學業,--,--,學測英文,--,--
第一至七類學群,130,佛光大學,13023,樂活產業學系(永續生活組),,一般,1,0,--,--,--,--,--,--,--,--,底標,7級分,--,--,--,,,,,,,,,,,,,,,,0,--,在校學業,--,--,學測社會,--,--,學測國文,--,--,國語文學業,--,--,公社學業,--,--,歷史學業,--,--,地理學業,--,--
第一至七類學群,130,佛光大學,13024,健康與創意蔬食產業學系,,一般,2,1,底標,7級分,--,--,--,--,--,--,--,--,--,--,--,,,,,,,,,,,,,,,,1,--,在校學業,4%,--,學測國文,--,--,學測社會,--,--,國語文學業,--,--,歷史學業,--,--,地理學業,--,--,公社學業,--,--
第一至七類學群,130,佛光大學,13025,建築環境設計學士學位學程(自然組),,一般,1,1,底標,7級分,--,--,--,--,--,--,--,--,--,--,--,,,,,,,,,,,,,,,,1,--,在校學業,41%,--,學測國文,--,--,學測自然,--,--,學測國自,--,--,國語文學業,--,--,數學學業,--,--,學測英文,--,--
第一至七類學群,130,佛光大學,13026,資訊應用學系(資訊系統與AI應用組),,一般,2,1,底標,7級分,--,--,--,--,--,--,--,--,--,--,--,,,,,,,,,,,,,,,,1,--,在校學業,41%,--,學測國文,--,--,學測自然,--,--,學測英文,--,--,國語文學業,--,--,資訊科技學業,--,--,英語文學業,--,--
第一至七類學群,130,佛光大學,13027,資訊應用學系(數位遊戲開發組),,一般,1,0,底標,7級分,--,--,--,--,--,--,--,--,--,--,--,,,,,,,,,,,,,,,,0,--,在校學業,--,--,學測國文,--,--,學測自然,--,--,學測英文,--,--,國語文學業,--,--,資訊科技學業,--,--,英語文學業,--,--
第一至七類學群,130,佛光大學,13028,產品與媒體設計學系(智慧產品設計組)(二),,一般,2,0,底標,7級分,--,--,--,--,--,--,--,--,--,--,--,,,,,,,,,,,,,,,,0,--,在校學業,--,--,學測國文,--,--,學測社會,--,--,學測國社,--,--,國語文學業,--,--,公社學業,--,--,英語文學業,--,--
第一至七類學群,130,佛光大學,13029,產品與媒體設計學系(視覺媒體設計組)(二),,一般,2,0,底標,7級分,--,--,--,--,--,--,--,--,--,--,--,,,,,,,,,,,,,,,,0,--,在校學業,--,--,學測國文,--,--,學測社會,--,--,學測國社,--,--,國語文學業,--,--,公社學業,--,--,英語文學業,--,--
第一至七類學群,130,佛光大學,13030,心理學系(自然組),,一般,2,2,--,--,--,--,--,--,底標,3級分,--,--,--,--,--,,,,,,,,,,,,,,,,2,--,在校學業,24%,--,學測國英,--,--,學測英文,--,--,學測國文,--,--,學測自然,--,--,數學學業,--,--,英語文學業,--,--
第一至七類學群,130,佛光大學,13031,樂活產業學系(輔助療法組),,一般,1,0,底標,7級分,--,--,--,--,--,--,--,--,--,--,--,,,,,,,,,,,,,,,,0,--,在校學業,--,--,學測國文,--,--,學測自然,--,--,生物學業,--,--,地科學業,--,--,學測社會,--,--,國語文學業,--,--
第一至七類學群,134,亞洲大學,13401,健康產業管理學系醫療機構管理組,,一般,8,8,底標,7級分,--,--,--,--,--,--,--,--,--,--,--,,,,,,,,,,,,,,,,1,7,在校學業,38%,35%,學測國文,--,--,國語文學業,--,--,公社學業,--,--,生活科技學業,--,--,資訊科技學業,--,--,數學學業,--,--
第一至七類學群,134,亞洲大學,13401,健康產業管理學系醫療機構管理組,,外加,1,0,底標,7級分,--,--,--,--,--,--,--,--,--,--,--,,,,,,,,,,,,,,,,0,--,在校學業,--,--,學測國文,--,--,國語文學業,--,--,公社學業,--,--,生活科技學業,--,--,資訊科技學業,--,--,數學學業,--,--
第一至七類學群,134,亞洲大學,13402,心理學系工商與社會心理組,,一般,10,10,--,--,底標,3級分,--,--,--,--,底標,7級分,--,--,--,,,,,,,,,,,,,,,,10,--,在校學業,47%,--,學測英社,--,--,學測英文,--,--,學測社會,--,--,英語文學業,--,--,地理學業,--,--,國語文學業,--,--
第一至七類學群,134,亞洲大學,13402,心理學系工商與社會心理組,,外加,1,0,--,--,底標,3級分,--,--,--,--,底標,7級分,--,--,--,,,,,,,,,,,,,,,,0,--,在校學業,--,--,學測英社,--,--,學測英文,--,--,學測社會,--,--,英語文學業,--,--,地理學業,--,--,國語文學業,--,--
第一至七類學群,134,亞洲大學,13403,資訊傳播學系,,一般,9,9,底標,7級分,--,--,--,--,--,--,--,--,--,--,--,,,,,,,,,,,,,,,,1,8,在校學業,43%,48%,學測國文,--,--,國語文學業,--,--,學測社會,--,--,公社學業,--,--,學測英文,--,--,英語文學業,--,--
第一至七類學群,134,亞洲大學,13403,資訊傳播學系,,外加,2,0,底標,7級分,--,--,--,--,--,--,--,--,--,--,--,,,,,,,,,,,,,,,,0,--,在校學業,--,--,學測國文,--,--,國語文學業,--,--,學測社會,--,--,公社學業,--,--,學測英文,--,--,英語文學業,--,--
第一至七類學群,134,亞洲大學,13404,經營管理學系行銷與企業管理組,,一般,11,11,底標,7級分,--,--,--,--,--,--,--,--,--,--,--,,,,,,,,,,,,,,,,4,7,在校學業,42%,41%,學測國文,--,--,國語文學業,--,--,學測社會,--,--,公社學業,--,--,學測英文,--,--,英語文學業,--,--
第一至七類學群,134,亞洲大學,13404,經營管理學系行銷與企業管理組,,外加,2,0,底標,7級分,--,--,--,--,--,--,--,--,--,--,--,,,,,,,,,,,,,,,,0,--,在校學業,--,--,學測國文,--,--,國語文學業,--,--,學測社會,--,--,公社學業,--,--,學測英文,--,--,英語文學業,--,--
第一至七類學群,134,亞洲大學,13405,經營管理學系休閒遊憩管理組,,一般,7,7,--,--,--,--,--,--,--,--,底標,7級分,--,--,--,,,,,,,,,,,,,,,,2,5,在校學業,38%,46%,學測社會,--,12,公社學業,--,--,學測國文,--,--,國語文學業,--,--,學測英文,--,--,英語文學業,--,--
第一至七類學群,134,亞洲大學,13405,經營管理學系休閒遊憩管理組,,外加,1,0,--,--,--,--,--,--,--,--,底標,7級分,--,--,--,,,,,,,,,,,,,,,,0,--,在校學業,--,--,學測社會,--,--,公社學業,--,--,學測國文,--,--,國語文學業,--,--,學測英文,--,--,英語文學業,--,--
第一至七類學群,134,亞洲大學,13406,會計與資訊學系,,一般,8,8,底標,7級分,--,--,--,--,--,--,--,--,--,--,--,,,,,,,,,,,,,,,,5,3,在校學業,41%,26%,學測國文,--,--,學測社會,--,--,學測國社,--,--,學測英文,--,--,國語文學業,--,--,英語文學業,--,--
第一至七類學群,134,亞洲大學,13406,會計與資訊學系,,外加,2,0,底標,7級分,--,--,--,--,--,--,--,--,--,--,--,,,,,,,,,,,,,,,,0,--,在校學業,--,--,學測國文,--,--,學測社會,--,--,學測國社,--,--,學測英文,--,--,國語文學業,--,--,英語文學業,--,--
第一至七類學群,134,亞洲大學,13407,財務金融學系智能投資組,,一般,9,9,底標,7級分,--,--,--,--,--,--,底標,7級分,--,--,--,,,,,,,,,,,,,,,,2,7,在校學業,43%,39%,學測國社,--,21,學測國文,--,11,學測社會,--,--,國語文學業,--,--,公社學業,--,--,英語文學業,--,--
第一至七類學群,134,亞洲大學,13407,財務金融學系智能投資組,,外加,1,0,底標,7級分,--,--,--,--,--,--,底標,7級分,--,--,--,,,,,,,,,,,,,,,,0,--,在校學業,--,--,學測國社,--,--,學測國文,--,--,學測社會,--,--,國語文學業,--,--,公社學業,--,--,英語文學業,--,--
第一至七類學群,134,亞洲大學,13408,財務金融學系金融科技組,,一般,10,10,底標,7級分,--,--,--,--,底標,3級分,--,--,--,--,--,,,,,,,,,,,,,,,,0,10,在校學業,--,41%,學測國數B,--,14,學測國文,--,--,學測數B,--,--,國語文學業,--,--,數學學業,--,--,英語文學業,--,--
第一至七類學群,134,亞洲大學,13408,財務金融學系金融科技組,,外加,1,0,底標,7級分,--,--,--,--,底標,3級分,--,--,--,--,--,,,,,,,,,,,,,,,,0,--,在校學業,--,--,學測國數B,--,--,學測國文,--,--,學測數B,--,--,國語文學業,--,--,數學學業,--,--,英語文學業,--,--
第一至七類學群,134,亞洲大學,13409,財經法律學系,,一般,18,18,底標,7級分,--,--,--,--,--,--,--,--,--,--,--,,,,,,,,,,,,,,,,4,14,在校學業,48%,45%,學測國文,--,10,學測社會,--,--,學測英文,--,--,國語文學業,--,--,公社學業,--,--,英語文學業,--,--
第一至七類學群,134,亞洲大學,13409,財經法律學系,,外加,2,0,底標,7級分,--,--,--,--,--,--,--,--,--,--,--,,,,,,,,,,,,,,,,0,--,在校學業,--,--,學測國文,--,--,學測社會,--,--,學測英文,--,--,國語文學業,--,--,公社學業,--,--,英語文學業,--,--
第一至七類學群,134,亞洲大學,13410,社會工作學系兒少與家庭社工組,,一般,7,7,--,--,--,--,--,--,--,--,底標,7級分,--,--,--,,,,,,,,,,,,,,,,3,4,在校學業,40%,31%,學測國文,--,--,學測社會,--,--,學測國社,--,--,公社學業,--,--,地理學業,--,--,歷史學業,--,--
第一至七類學群,134,亞洲大學,13410,社會工作學系兒少與家庭社工組,,外加,2,0,--,--,--,--,--,--,--,--,底標,7級分,--,--,--,,,,,,,,,,,,,,,,0,--,在校學業,--,--,學測國文,--,--,學測社會,--,--,學測國社,--,--,公社學業,--,--,地理學業,--,--,歷史學業,--,--
第一至七類學群,134,亞洲大學,13411,社會工作學系醫務與心衛社工組,,一般,8,8,底標,7級分,--,--,--,--,--,--,--,--,--,--,--,,,,,,,,,,,,,,,,2,6,在校學業,50%,36%,學測國文,--,--,學測英文,--,--,學測國英,--,--,國語文學業,--,--,英語文學業,--,--,公社學業,--,--
第一至七類學群,134,亞洲大學,13411,社會工作學系醫務與心衛社工組,,外加,2,0,底標,7級分,--,--,--,--,--,--,--,--,--,--,--,,,,,,,,,,,,,,,,0,--,在校學業,--,--,學測國文,--,--,學測英文,--,--,學測國英,--,--,國語文學業,--,--,英語文學業,--,--,公社學業,--,--
第一至七類學群,134,亞洲大學,13412,幼兒教育學系,,一般,9,9,底標,7級分,--,--,--,--,--,--,--,--,--,--,--,,,,,,,,,,,,,,,,3,6,在校學業,41%,39%,學測國文,--,--,學測社會,--,--,學測英文,--,--,國語文學業,--,--,歷史學業,--,--,英語文學業,--,--
第一至七類學群,134,亞洲大學,13412,幼兒教育學系,,外加,2,0,底標,7級分,--,--,--,--,--,--,--,--,--,--,--,,,,,,,,,,,,,,,,0,--,在校學業,--,--,學測國文,--,--,學測社會,--,--,學測英文,--,--,國語文學業,--,--,歷史學業,--,--,英語文學業,--,--
第一至七類學群,134,亞洲大學,13413,數位媒體設計學系動漫遊戲組,,一般,8,8,底標,7級分,--,--,--,--,--,--,--,--,--,--,--,,,,,,,,,,,,,,,,5,3,在校學業,46%,26%,學測國文,--,--,學測社會,--,--,學測英文,--,--,國語文學業,--,--,公社學業,--,--,英語文學業,--,--
第一至七類學群,134,亞洲大學,13413,數位媒體設計學系動漫遊戲組,,外加,1,0,底標,7級分,--,--,--,--,--,--,--,--,--,--,--,,,,,,,,,,,,,,,,0,--,在校學業,--,--,學測國文,--,--,學測社會,--,--,學測英文,--,--,國語文學業,--,--,公社學業,--,--,英語文學業,--,--
第一至七類學群,134,亞洲大學,13414,數位媒體設計學系視覺傳達組,,一般,7,7,底標,7級分,--,--,--,--,--,--,--,--,--,--,--,,,,,,,,,,,,,,,,1,6,在校學業,19%,42%,學測國文,--,--,學測社會,--,--,學測英文,--,--,國語文學業,--,--,公社學業,--,--,英語文學業,--,--
第一至七類學群,134,亞洲大學,13414,數位媒體設計學系視覺傳達組,,外加,1,0,底標,7級分,--,--,--,--,--,--,--,--,--,--,--,,,,,,,,,,,,,,,,0,--,在校學業,--,--,學測國文,--,--,學測社會,--,--,學測英文,--,--,國語文學業,--,--,公社學業,--,--,英語文學業,--,--
第一至七類學群,134,亞洲大學,13415,創意商品設計學系,,一般,4,4,底標,7級分,--,--,--,--,--,--,--,--,--,--,--,,,,,,,,,,,,,,,,2,2,在校學業,50%,36%,學測國文,--,--,國語文學業,--,--,學測英文,--,--,英語文學業,--,--,學測社會,--,--,公社學業,--,--
第一至七類學群,134,亞洲大學,13415,創意商品設計學系,,外加,2,0,底標,7級分,--,--,--,--,--,--,--,--,--,--,--,,,,,,,,,,,,,,,,0,--,在校學業,--,--,學測國文,--,--,國語文學業,--,--,學測英文,--,--,英語文學業,--,--,學測社會,--,--,公社學業,--,--
第一至七類學群,134,亞洲大學,13416,時尚設計學系,,一般,4,4,底標,7級分,--,--,--,--,--,--,--,--,--,--,--,,,,,,,,,,,,,,,,2,2,在校學業,45%,26%,學測國文,--,--,學測社會,--,--,學測英文,--,--,國語文學業,--,--,英語文學業,--,--,公社學業,--,--
第一至七類學群,134,亞洲大學,13416,時尚設計學系,,外加,2,0,底標,7級分,--,--,--,--,--,--,--,--,--,--,--,,,,,,,,,,,,,,,,0,--,在校學業,--,--,學測國文,--,--,學測社會,--,--,學測英文,--,--,國語文學業,--,--,英語文學業,--,--,公社學業,--,--
第一至七類學群,134,亞洲大學,13417,室內設計學系商業空間組,,一般,2,2,底標,7級分,--,--,--,--,--,--,--,--,--,--,--,,,,,,,,,,,,,,,,1,1,在校學業,30%,20%,學測國文,--,--,學測英文,--,--,學測社會,--,--,國語文學業,--,--,歷史學業,--,--,數學學業,--,--
第一至七類學群,134,亞洲大學,13418,室內設計學系住宅空間組,,一般,2,2,底標,7級分,--,--,--,--,--,--,--,--,--,--,--,,,,,,,,,,,,,,,,2,--,在校學業,49%,--,學測國文,--,--,學測英文,--,--,學測社會,--,--,國語文學業,--,--,歷史學業,--,--,數學學業,--,--
第一至七類學群,134,亞洲大學,13418,室內設計學系住宅空間組,,外加,1,1,底標,7級分,--,--,--,--,--,--,--,--,--,--,--,,,,,,,,,,,,,,,,0,1,在校學業,--,47%,學測國文,--,--,學測英文,--,--,學測社會,--,--,國語文學業,--,--,歷史學業,--,--,數學學業,--,--
第一至七類學群,134,亞洲大學,13419,生物資訊與醫學工程學系,,一般,10,10,底標,7級分,--,--,--,--,--,--,--,--,--,--,--,,,,,,,,,,,,,,,,6,4,在校學業,47%,27%,數學學業,--,--,生物學業,--,--,資訊科技學業,--,--,化學學業,--,--,物理學業,--,--,英語文學業,--,--
第一至七類學群,134,亞洲大學,13419,生物資訊與醫學工程學系,,外加,1,0,底標,7級分,--,--,--,--,--,--,--,--,--,--,--,,,,,,,,,,,,,,,,0,--,在校學業,--,--,數學學業,--,--,生物學業,--,--,資訊科技學業,--,--,化學學業,--,--,物理學業,--,--,英語文學業,--,--
第一至七類學群,134,亞洲大學,13420,資訊工程學系人工智慧與機器人組,,一般,8,8,底標,7級分,--,--,--,--,--,--,--,--,--,--,--,,,,,,,,,,,,,,,,3,5,在校學業,45%,31%,學測國文,--,--,學測英文,--,--,學測數A,--,--,國語文學業,--,--,英語文學業,--,--,數學學業,--,--
第一至七類學群,134,亞洲大學,13420,資訊工程學系人工智慧與機器人組,,外加,2,0,底標,7級分,--,--,--,--,--,--,--,--,--,--,--,,,,,,,,,,,,,,,,0,--,在校學業,--,--,學測國文,--,--,學測英文,--,--,學測數A,--,--,國語文學業,--,--,英語文學業,--,--,數學學業,--,--
第一至七類學群,134,亞洲大學,13421,資訊工程學系半導體資訊組,,一般,8,8,--,--,底標,3級分,--,--,--,--,--,--,--,--,--,,,,,,,,,,,,,,,,5,3,在校學業,38%,27%,學測英文,--,--,學測數A,--,--,學測國文,--,--,英語文學業,--,--,數學學業,--,--,國語文學業,--,--
第一至七類學群,134,亞洲大學,13421,資訊工程學系半導體資訊組,,外加,1,0,--,--,底標,3級分,--,--,--,--,--,--,--,--,--,,,,,,,,,,,,,,,,0,--,在校學業,--,--,學測英文,--,--,學測數A,--,--,學測國文,--,--,英語文學業,--,--,數學學業,--,--,國語文學業,--,--
第一至七類學群,134,亞洲大學,13422,人工智慧學系,,一般,8,8,底標,7級分,--,--,--,--,--,--,底標,7級分,--,--,--,,,,,,,,,,,,,,,,0,8,在校學業,--,37%,學測國文,--,--,學測社會,--,--,國語文學業,--,--,歷史學業,--,--,地理學業,--,--,公社學業,--,--
第一至七類學群,134,亞洲大學,13422,人工智慧學系,,外加,2,0,底標,7級分,--,--,--,--,--,--,底標,7級分,--,--,--,,,,,,,,,,,,,,,,0,--,在校學業,--,--,學測國文,--,--,學測社會,--,--,國語文學業,--,--,歷史學業,--,--,地理學業,--,--,公社學業,--,--
第一至七類學群,134,亞洲大學,13423,健康產業管理學系跨領域高齡智慧照顧組,,一般,8,8,底標,7級分,--,--,--,--,--,--,--,--,--,--,--,,,,,,,,,,,,,,,,2,6,在校學業,49%,45%,學測國文,--,--,國語文學業,--,--,生活科技學業,--,--,資訊科技學業,--,--,學測英文,--,--,數學學業,--,--
第一至七類學群,134,亞洲大學,13423,健康產業管理學系跨領域高齡智慧照顧組,,外加,1,0,底標,7級分,--,--,--,--,--,--,--,--,--,--,--,,,,,,,,,,,,,,,,0,--,在校學業,--,--,學測國文,--,--,國語文學業,--,--,生活科技學業,--,--,資訊科技學業,--,--,學測英文,--,--,數學學業,--,--
第一至七類學群,134,亞洲大學,13424,食品營養與保健生技學系食品營養組,,一般,10,10,底標,7級分,--,--,--,--,--,--,--,--,--,--,--,,,,,,,,,,,,,,,,10,--,在校學業,34%,--,學測國文,--,--,學測英文,--,--,學測國英,--,--,國語文學業,--,--,英語文學業,--,--,數學學業,--,--
第一至七類學群,134,亞洲大學,13424,食品營養與保健生技學系食品營養組,,外加,1,0,底標,7級分,--,--,--,--,--,--,--,--,--,--,--,,,,,,,,,,,,,,,,0,--,在校學業,--,--,學測國文,--,--,學測英文,--,--,學測國英,--,--,國語文學業,--,--,英語文學業,--,--,數學學業,--,--
第一至七類學群,134,亞洲大學,13425,食品營養與保健生技學系藥用化粧品醫美組,,一般,6,6,底標,7級分,--,--,--,--,--,--,--,--,--,--,--,,,,,,,,,,,,,,,,6,--,在校學業,42%,--,學測國文,--,--,學測英文,--,--,學測國英,--,--,國語文學業,--,--,英語文學業,--,--,數學學業,--,--
第一至七類學群,134,亞洲大學,13425,食品營養與保健生技學系藥用化粧品醫美組,,外加,1,0,底標,7級分,--,--,--,--,--,--,--,--,--,--,--,,,,,,,,,,,,,,,,0,--,在校學業,--,--,學測國文,--,--,學測英文,--,--,學測國英,--,--,國語文學業,--,--,英語文學業,--,--,數學學業,--,--
第一至七類學群,134,亞洲大學,13426,醫學檢驗暨生物技術學系醫事檢驗組,,一般,10,10,--,--,後標,4級分,--,--,--,--,--,--,後標,7級分,--,,,,,,,,,,,,,,,,10,--,在校學業,15%,--,學測英自,--,--,學測自然,--,--,學測英文,--,--,學測國文,--,--,生物學業,--,--,化學學業,--,--
第一至七類學群,134,亞洲大學,13426,醫學檢驗暨生物技術學系醫事檢驗組,,外加,2,1,--,--,後標,4級分,--,--,--,--,--,--,後標,7級分,--,,,,,,,,,,,,,,,,0,1,在校學業,--,34%,學測英自,--,--,學測自然,--,--,學測英文,--,--,學測國文,--,--,生物學業,--,--,化學學業,--,--
第一至七類學群,134,亞洲大學,13427,醫學檢驗暨生物技術學系生物技術組,,一般,9,9,--,--,後標,4級分,--,--,--,--,--,--,後標,7級分,--,,,,,,,,,,,,,,,,9,--,在校學業,28%,--,學測國英自,33,--,學測自然,--,--,學測英文,--,--,學測國文,--,--,生物學業,--,--,化學學業,--,--
第一至七類學群,134,亞洲大學,13427,醫學檢驗暨生物技術學系生物技術組,,外加,1,0,--,--,後標,4級分,--,--,--,--,--,--,後標,7級分,--,,,,,,,,,,,,,,,,0,--,在校學業,--,--,學測國英自,--,--,學測自然,--,--,學測英文,--,--,學測國文,--,--,生物學業,--,--,化學學業,--,--
第一至七類學群,134,亞洲大學,13428,心理學系心理師研修組,,一般,4,4,--,--,底標,3級分,--,--,--,--,--,--,底標,5級分,--,,,,,,,,,,,,,,,,4,--,在校學業,46%,--,學測英自,15,--,學測英文,--,--,學測自然,--,--,英語文學業,--,--,生物學業,--,--,國語文學業,--,--
第一至七類學群,134,亞洲大學,13429,心理學系諮商與臨床心理組,,一般,10,10,底標,7級分,底標,3級分,--,--,--,--,--,--,--,--,--,,,,,,,,,,,,,,,,10,--,在校學業,41%,--,學測國英,--,--,學測英文,--,--,學測國文,--,--,英語文學業,--,--,國語文學業,--,--,公社學業,--,--
第一至七類學群,134,亞洲大學,13429,心理學系諮商與臨床心理組,,外加,1,0,底標,7級分,底標,3級分,--,--,--,--,--,--,--,--,--,,,,,,,,,,,,,,,,0,--,在校學業,--,--,學測國英,--,--,學測英文,--,--,學測國文,--,--,英語文學業,--,--,國語文學業,--,--,公社學業,--,--
第一至七類學群,134,亞洲大學,13430,視光學系,,一般,21,21,底標,7級分,底標,3級分,--,--,--,--,--,--,--,--,--,,,,,,,,,,,,,,,,21,--,在校學業,44%,--,學測英文,--,--,學測國文,--,--,數學學業,--,--,英語文學業,--,--,學測自然,--,--,生物學業,--,--
第一至七類學群,134,亞洲大學,13430,視光學系,,外加,2,2,底標,7級分,底標,3級分,--,--,--,--,--,--,--,--,--,,,,,,,,,,,,,,,,2,--,在校學業,27%,--,學測英文,--,--,學測國文,--,--,數學學業,--,--,英語文學業,--,--,學測自然,--,--,生物學業,--,--
第一至七類學群,134,亞洲大學,13431,聽力暨語言治療學系,,一般,17,17,--,--,底標,3級分,--,--,--,--,--,--,底標,5級分,--,,,,,,,,,,,,,,,,17,--,在校學業,11%,--,學測英自,15,--,學測自然,--,--,學測英文,--,--,數學學業,--,--,生物學業,--,--,英語文學業,--,--
第一至七類學群,134,亞洲大學,13431,聽力暨語言治療學系,,外加,3,0,--,--,底標,3級分,--,--,--,--,--,--,底標,5級分,--,,,,,,,,,,,,,,,,0,--,在校學業,--,--,學測英自,--,--,學測自然,--,--,學測英文,--,--,數學學業,--,--,生物學業,--,--,英語文學業,--,--
第一至七類學群,134,亞洲大學,13432,職能治療學系,,一般,18,18,底標,7級分,底標,3級分,--,--,--,--,--,--,--,--,--,,,,,,,,,,,,,,,,18,--,在校學業,18%,--,英語文學業,17%,--,學測英文,--,--,學測國英,--,--,國語文學業,--,--,學測國文,--,--,數學學業,--,--
第一至七類學群,134,亞洲大學,13432,職能治療學系,,外加,3,0,底標,7級分,底標,3級分,--,--,--,--,--,--,--,--,--,,,,,,,,,,,,,,,,0,--,在校學業,--,--,英語文學業,--,--,學測英文,--,--,學測國英,--,--,國語文學業,--,--,學測國文,--,--,數學學業,--,--
第一至七類學群,134,亞洲大學,13433,物理治療學系,,一般,15,15,--,--,底標,3級分,--,--,--,--,--,--,底標,5級分,--,,,,,,,,,,,,,,,,15,--,在校學業,8%,--,學測國英自,--,--,學測英文,--,--,學測自然,--,--,學測國文,--,--,英語文學業,--,--,生物學業,--,--
第一至七類學群,134,亞洲大學,13433,物理治療學系,,外加,2,2,--,--,底標,3級分,--,--,--,--,--,--,底標,5級分,--,,,,,,,,,,,,,,,,2,--,在校學業,26%,--,學測國英自,--,--,學測英文,--,--,學測自然,--,--,學測國文,--,--,英語文學業,--,--,生物學業,--,--
第一至七類學群,134,亞洲大學,13434,護理學系國際護理組,,一般,13,13,--,--,底標,3級分,--,--,--,--,--,--,--,--,--,,,,,,,,,,,,,,,,8,5,在校學業,49%,23%,學測國英,--,--,學測英文,--,--,學測國文,--,--,英語文學業,--,--,國語文學業,--,--,數學學業,--,--
第一至七類學群,134,亞洲大學,13434,護理學系國際護理組,,外加,1,0,--,--,底標,3級分,--,--,--,--,--,--,--,--,--,,,,,,,,,,,,,,,,0,--,在校學業,--,--,學測國英,--,--,學測英文,--,--,學測國文,--,--,英語文學業,--,--,國語文學業,--,--,數學學業,--,--
第一至七類學群,134,亞洲大學,13435,護理學系智慧護理組,,一般,6,6,--,--,底標,3級分,--,--,--,--,--,--,--,--,--,,,,,,,,,,,,,,,,2,4,在校學業,36%,47%,學測國英,--,--,學測英文,--,--,學測國文,--,--,英語文學業,--,--,國語文學業,--,--,數學學業,--,--
第一至七類學群,134,亞洲大學,13435,護理學系智慧護理組,,外加,1,0,--,--,底標,3級分,--,--,--,--,--,--,--,--,--,,,,,,,,,,,,,,,,0,--,在校學業,--,--,學測國英,--,--,學測英文,--,--,學測國文,--,--,英語文學業,--,--,國語文學業,--,--,數學學業,--,--
第一至七類學群,134,亞洲大學,13436,護理學系臨床照護組,,一般,19,19,--,--,底標,3級分,--,--,--,--,--,--,--,--,--,,,,,,,,,,,,,,,,9,10,在校學業,43%,49%,學測國英,--,--,學測英文,--,--,學測國文,--,--,英語文學業,--,--,國語文學業,--,--,數學學業,--,--
第一至七類學群,134,亞洲大學,13436,護理學系臨床照護組,,外加,1,0,--,--,底標,3級分,--,--,--,--,--,--,--,--,--,,,,,,,,,,,,,,,,0,--,在校學業,--,--,學測國英,--,--,學測英文,--,--,學測國文,--,--,英語文學業,--,--,國語文學業,--,--,數學學業,--,--
第一至七類學群,134,亞洲大學,13437,長期照護學系,,一般,4,4,底標,7級分,--,--,--,--,--,--,--,--,--,--,--,,,,,,,,,,,,,,,,0,4,在校學業,--,49%,學測國文,--,--,國語文學業,--,--,學測國英,--,--,英語文學業,--,--,學測英文,--,--,數學學業,--,--
第一至七類學群,134,亞洲大學,13437,長期照護學系,,外加,1,0,底標,7級分,--,--,--,--,--,--,--,--,--,--,--,,,,,,,,,,,,,,,,0,--,在校學業,--,--,學測國文,--,--,國語文學業,--,--,學測國英,--,--,英語文學業,--,--,學測英文,--,--,數學學業,--,--
第一至七類學群,150,國立宜蘭大學,15001,外國語文學系,,一般,18,18,--,--,均標,8級分,--,--,--,--,--,--,--,--,--,,,,,,,,,,,,,,,,6,12,在校學業,39%,33%,學測英文,--,--,英語文學業,--,--,學測國文,--,--,學測社會,--,--,國語文學業,--,--,公社學業,--,--
第一至七類學群,150,國立宜蘭大學,15001,外國語文學系,,外加,2,0,--,--,均標,8級分,--,--,--,--,--,--,--,--,--,,,,,,,,,,,,,,,,0,--,在校學業,--,--,學測英文,--,--,英語文學業,--,--,學測國文,--,--,學測社會,--,--,國語文學業,--,--,公社學業,--,--
第一至七類學群,150,國立宜蘭大學,15002,應用經濟與管理學系,,一般,15,15,--,--,均標,8級分,--,--,--,--,--,--,--,--,--,,,,,,,,,,,,,,,,7,8,在校學業,32%,41%,學測社會,--,--,學測數B,--,--,數學學業,--,--,學測英文,--,--,英語文學業,--,--,學測國文,--,--
第一至七類學群,150,國立宜蘭大學,15002,應用經濟與管理學系,,外加,6,0,--,--,均標,8級分,--,--,--,--,--,--,--,--,--,,,,,,,,,,,,,,,,0,--,在校學業,--,--,學測社會,--,--,學測數B,--,--,數學學業,--,--,學測英文,--,--,英語文學業,--,--,學測國文,--,--
第一至七類學群,150,國立宜蘭大學,15003,休閒產業與健康促進學系,,一般,17,17,--,--,後標,4級分,--,--,--,--,--,--,--,--,--,,,,,,,,,,,,,,,,10,7,在校學業,41%,25%,學測國文,--,--,學測國英社,--,--,英語文學業,--,--,學測英文,--,--,國語文學業,--,--,學測社會,--,--
第一至七類學群,150,國立宜蘭大學,15003,休閒產業與健康促進學系,,外加,2,0,--,--,後標,4級分,--,--,--,--,--,--,--,--,--,,,,,,,,,,,,,,,,0,--,在校學業,--,--,學測國文,--,--,學測國英社,--,--,英語文學業,--,--,學測英文,--,--,國語文學業,--,--,學測社會,--,--
第一至七類學群,150,國立宜蘭大學,15004,土木工程學系,,一般,39,39,--,--,--,--,後標,4級分,--,--,--,--,--,--,--,,,,,,,,,,,,,,,,10,29,在校學業,48%,46%,學測自然,--,--,物理學業,--,--,學測數A,--,--,數學學業,--,--,學測英文,--,--,英語文學業,--,--
第一至七類學群,150,國立宜蘭大學,15004,土木工程學系,,外加,4,1,--,--,--,--,後標,4級分,--,--,--,--,--,--,--,,,,,,,,,,,,,,,,1,--,在校學業,24%,--,學測自然,--,--,物理學業,--,--,學測數A,--,--,數學學業,--,--,學測英文,--,--,英語文學業,--,--
第一至七類學群,150,國立宜蘭大學,15005,機械與機電工程學系,,一般,26,26,--,--,--,--,後標,4級分,--,--,--,--,--,--,--,,,,,,,,,,,,,,,,22,4,在校學業,48%,20%,學測自然,--,10,物理學業,--,--,學測數A,--,--,數學學業,--,--,學測英文,--,--,英語文學業,--,--
第一至七類學群,150,國立宜蘭大學,15005,機械與機電工程學系,,外加,1,0,--,--,--,--,後標,4級分,--,--,--,--,--,--,--,,,,,,,,,,,,,,,,0,--,在校學業,--,--,學測自然,--,--,物理學業,--,--,學測數A,--,--,數學學業,--,--,學測英文,--,--,英語文學業,--,--
第一至七類學群,150,國立宜蘭大學,15006,化學工程與材料工程學系,,一般,32,32,--,--,--,--,後標,4級分,--,--,--,--,--,--,--,,,,,,,,,,,,,,,,29,3,在校學業,46%,11%,學測數A,--,--,學測國英數A自,--,--,化學學業,--,--,學測自然,--,--,物理學業,--,--,數學學業,--,--
第一至七類學群,150,國立宜蘭大學,15006,化學工程與材料工程學系,,外加,1,0,--,--,--,--,後標,4級分,--,--,--,--,--,--,--,,,,,,,,,,,,,,,,0,--,在校學業,--,--,學測數A,--,--,學測國英數A自,--,--,化學學業,--,--,學測自然,--,--,物理學業,--,--,數學學業,--,--
第一至七類學群,150,國立宜蘭大學,15007,環境工程學系,,一般,19,19,--,--,--,--,後標,4級分,--,--,--,--,--,--,--,,,,,,,,,,,,,,,,6,13,在校學業,38%,35%,學測國英數A自,--,--,數學學業,--,--,學測數A,--,--,化學學業,--,--,英語文學業,--,--,學測自然,--,--
第一至七類學群,150,國立宜蘭大學,15007,環境工程學系,,外加,1,0,--,--,--,--,後標,4級分,--,--,--,--,--,--,--,,,,,,,,,,,,,,,,0,--,在校學業,--,--,學測國英數A自,--,--,數學學業,--,--,學測數A,--,--,化學學業,--,--,英語文學業,--,--,學測自然,--,--
第一至七類學群,150,國立宜蘭大學,15008,生物機電工程學系,,一般,14,14,--,--,--,--,後標,4級分,--,--,--,--,--,--,--,,,,,,,,,,,,,,,,6,8,在校學業,36%,25%,學測數A,--,--,學測自然,--,--,數學學業,--,--,物理學業,--,--,學測英文,--,--,學測國文,--,--
第一至七類學群,150,國立宜蘭大學,15008,生物機電工程學系,,外加,1,0,--,--,--,--,後標,4級分,--,--,--,--,--,--,--,,,,,,,,,,,,,,,,0,--,在校學業,--,--,學測數A,--,--,學測自然,--,--,數學學業,--,--,物理學業,--,--,學測英文,--,--,學測國文,--,--
第一至七類學群,150,國立宜蘭大學,15009,電機工程學系,,一般,22,22,--,--,--,--,均標,6級分,--,--,--,--,--,--,--,,,,,,,,,,,,,,,,22,--,在校學業,22%,--,學測數A,8,--,數學學業,--,--,物理學業,--,--,生活科技學業,--,--,資訊科技學業,--,--,學測英文,--,--
第一至七類學群,150,國立宜蘭大學,15009,電機工程學系,,外加,4,0,--,--,--,--,均標,6級分,--,--,--,--,--,--,--,,,,,,,,,,,,,,,,0,--,在校學業,--,--,學測數A,--,--,數學學業,--,--,物理學業,--,--,生活科技學業,--,--,資訊科技學業,--,--,學測英文,--,--
第一至七類學群,150,國立宜蘭大學,15010,電子工程學系,,一般,25,25,--,--,--,--,後標,4級分,--,--,--,--,--,--,--,,,,,,,,,,,,,,,,25,--,在校學業,30%,--,學測數A,8,--,數學學業,5%,--,學測英文,--,--,英語文學業,--,--,學測自然,--,--,物理學業,--,--
第一至七類學群,150,國立宜蘭大學,15010,電子工程學系,,外加,4,1,--,--,--,--,後標,4級分,--,--,--,--,--,--,--,,,,,,,,,,,,,,,,1,--,在校學業,26%,--,學測數A,--,--,數學學業,--,--,學測英文,--,--,英語文學業,--,--,學測自然,--,--,物理學業,--,--
第一至七類學群,150,國立宜蘭大學,15011,資訊工程學系,,一般,12,12,--,--,--,--,後標,4級分,--,--,--,--,--,--,--,,,,,,,,,,,,,,,,12,--,在校學業,18%,--,學測數A,--,--,學測國英數A自,--,--,數學學業,--,--,物理學業,--,--,學測英文,--,--,資訊科技學業,--,--
第一至七類學群,150,國立宜蘭大學,15011,資訊工程學系,,外加,2,0,--,--,--,--,後標,4級分,--,--,--,--,--,--,--,,,,,,,,,,,,,,,,0,--,在校學業,--,--,學測數A,--,--,學測國英數A自,--,--,數學學業,--,--,物理學業,--,--,學測英文,--,--,資訊科技學業,--,--
第一至七類學群,150,國立宜蘭大學,15012,食品科學系,,一般,39,39,--,--,--,--,--,--,--,--,--,--,後標,7級分,--,,,,,,,,,,,,,,,,10,29,在校學業,36%,39%,學測自然,--,8,化學學業,--,--,生物學業,--,--,學測英文,--,--,數學學業,--,--,英語文學業,--,--
第一至七類學群,150,國立宜蘭大學,15012,食品科學系,,外加,1,0,--,--,--,--,--,--,--,--,--,--,後標,7級分,--,,,,,,,,,,,,,,,,0,--,在校學業,--,--,學測自然,--,--,化學學業,--,--,生物學業,--,--,學測英文,--,--,數學學業,--,--,英語文學業,--,--
第一至七類學群,150,國立宜蘭大學,15013,生物技術與動物科學系,,一般,30,30,--,--,--,--,--,--,--,--,--,--,後標,7級分,--,,,,,,,,,,,,,,,,19,11,在校學業,50%,27%,學測英文,--,6,生物學業,--,--,化學學業,--,--,學測自然,--,--,學測國英自,--,--,學測國文,--,--
第一至七類學群,150,國立宜蘭大學,15013,生物技術與動物科學系,,外加,3,0,--,--,--,--,--,--,--,--,--,--,後標,7級分,--,,,,,,,,,,,,,,,,0,--,在校學業,--,--,學測英文,--,--,生物學業,--,--,化學學業,--,--,學測自然,--,--,學測國英自,--,--,學測國文,--,--
第一至七類學群,150,國立宜蘭大學,15014,森林暨自然資源學系,,一般,15,15,--,--,--,--,--,--,--,--,--,--,後標,7級分,--,,,,,,,,,,,,,,,,3,12,在校學業,45%,41%,生物學業,--,--,學測自然,--,--,學測國英,--,--,學測英文,--,--,生活科技學業,--,--,資訊科技學業,--,--
第一至七類學群,150,國立宜蘭大學,15014,森林暨自然資源學系,,外加,2,0,--,--,--,--,--,--,--,--,--,--,後標,7級分,--,,,,,,,,,,,,,,,,0,--,在校學業,--,--,生物學業,--,--,學測自然,--,--,學測國英,--,--,學測英文,--,--,生活科技學業,--,--,資訊科技學業,--,--
第一至七類學群,150,國立宜蘭大學,15015,園藝學系,,一般,15,12,--,--,--,--,--,--,--,--,--,--,後標,7級分,--,,,,,,,,,,,,,,,,2,10,在校學業,21%,45%,學測自然,--,--,生物學業,--,--,學測國文,--,--,學測國英自,--,--,化學學業,--,--,學測英文,--,--
第一至七類學群,150,國立宜蘭大學,15015,園藝學系,,外加,1,0,--,--,--,--,--,--,--,--,--,--,後標,7級分,--,,,,,,,,,,,,,,,,0,--,在校學業,--,--,學測自然,--,--,生物學業,--,--,學測國文,--,--,學測國英自,--,--,化學學業,--,--,學測英文,--,--
第一至七類學群,151,國立聯合大學,15101,工業設計學系,,一般,12,12,--,--,後標,4級分,--,--,--,--,--,--,--,--,--,,,,,,,,,,,,,,,,12,--,在校學業,39%,--,學測英文,--,--,學測數B,--,--,學測國文,--,--,英語文學業,--,--,數學學業,--,--,國語文學業,--,--
第一至七類學群,151,國立聯合大學,15101,工業設計學系,,外加,2,0,--,--,後標,4級分,--,--,--,--,--,--,--,--,--,,,,,,,,,,,,,,,,0,--,在校學業,--,--,學測英文,--,--,學測數B,--,--,學測國文,--,--,英語文學業,--,--,數學學業,--,--,國語文學業,--,--
第一至七類學群,151,國立聯合大學,15102,經營管理學系,,一般,30,30,後標,9級分,--,--,--,--,--,--,--,--,--,--,--,,,,,,,,,,,,,,,,16,14,在校學業,49%,30%,學測數B,--,--,學測英文,--,--,數學學業,--,--,英語文學業,--,--,學測國文,--,--,學測國英數B,--,--
第一至七類學群,151,國立聯合大學,15102,經營管理學系,,外加,5,0,後標,9級分,--,--,--,--,--,--,--,--,--,--,--,,,,,,,,,,,,,,,,0,--,在校學業,--,--,學測數B,--,--,學測英文,--,--,數學學業,--,--,英語文學業,--,--,學測國文,--,--,學測國英數B,--,--
第一至七類學群,151,國立聯合大學,15103,資訊管理學系,,一般,14,14,均標,10級分,--,--,--,--,--,--,--,--,--,--,--,,,,,,,,,,,,,,,,13,1,在校學業,48%,25%,學測國英數B,--,--,學測數B,--,--,學測英文,--,--,學測國文,--,--,數學學業,--,--,英語文學業,--,--
第一至七類學群,151,國立聯合大學,15103,資訊管理學系,,外加,4,0,均標,10級分,--,--,--,--,--,--,--,--,--,--,--,,,,,,,,,,,,,,,,0,--,在校學業,--,--,學測國英數B,--,--,學測數B,--,--,學測英文,--,--,學測國文,--,--,數學學業,--,--,英語文學業,--,--
第一至七類學群,151,國立聯合大學,15104,財務金融學系,,一般,10,10,--,--,後標,4級分,--,--,--,--,--,--,--,--,--,,,,,,,,,,,,,,,,10,--,在校學業,17%,--,學測國英數B社,--,--,學測英文,--,--,英語文學業,--,--,學測數B,--,--,數學學業,--,--,學測國文,--,--
第一至七類學群,151,國立聯合大學,15105,臺灣語文與傳播學系,,一般,8,8,後標,9級分,--,--,--,--,--,--,--,--,--,--,--,,,,,,,,,,,,,,,,2,6,在校學業,41%,48%,國語文學業,--,--,學測國文,--,--,學測國英,--,--,英語文學業,--,--,學測英文,--,--,歷史學業,--,--
第一至七類學群,151,國立聯合大學,15105,臺灣語文與傳播學系,,外加,2,0,後標,9級分,--,--,--,--,--,--,--,--,--,--,--,,,,,,,,,,,,,,,,0,--,在校學業,--,--,國語文學業,--,--,學測國文,--,--,學測國英,--,--,英語文學業,--,--,學測英文,--,--,歷史學業,--,--
第一至七類學群,151,國立聯合大學,15106,華語文學系,,一般,12,12,後標,9級分,--,--,--,--,--,--,--,--,--,--,--,,,,,,,,,,,,,,,,6,6,在校學業,48%,39%,學測國文,--,10,國語文學業,--,--,學測英社,--,--,學測社會,--,--,歷史學業,--,--,公社學業,--,--
第一至七類學群,151,國立聯合大學,15106,華語文學系,,外加,2,0,後標,9級分,--,--,--,--,--,--,--,--,--,--,--,,,,,,,,,,,,,,,,0,--,在校學業,--,--,學測國文,--,--,國語文學業,--,--,學測英社,--,--,學測社會,--,--,歷史學業,--,--,公社學業,--,--
第一至七類學群,151,國立聯合大學,15107,文化觀光產業學系,,一般,4,4,後標,9級分,--,--,--,--,--,--,--,--,--,--,--,,,,,,,,,,,,,,,,1,3,在校學業,11%,38%,學測國文,--,--,學測英文,--,--,學測社會,--,--,學測國英社,--,--,地理學業,--,--,歷史學業,--,--
第一至七類學群,151,國立聯合大學,15107,文化觀光產業學系,,外加,1,0,後標,9級分,--,--,--,--,--,--,--,--,--,--,--,,,,,,,,,,,,,,,,0,--,在校學業,--,--,學測國文,--,--,學測英文,--,--,學測社會,--,--,學測國英社,--,--,地理學業,--,--,歷史學業,--,--
第一至七類學群,151,國立聯合大學,15108,文化創意與數位行銷學系,,一般,14,14,後標,9級分,--,--,--,--,--,--,--,--,--,--,--,,,,,,,,,,,,,,,,6,8,在校學業,38%,38%,學測國文,--,--,學測英文,--,--,學測社會,--,--,公社學業,--,--,歷史學業,--,--,國語文學業,--,--
第一至七類學群,151,國立聯合大學,15108,文化創意與數位行銷學系,,外加,2,0,後標,9級分,--,--,--,--,--,--,--,--,--,--,--,,,,,,,,,,,,,,,,0,--,在校學業,--,--,學測國文,--,--,學測英文,--,--,學測社會,--,--,公社學業,--,--,歷史學業,--,--,國語文學業,--,--
第一至七類學群,151,國立聯合大學,15109,機械工程學系,,一般,40,40,--,--,--,--,--,--,--,--,--,--,後標,7級分,--,,,,,,,,,,,,,,,,19,21,在校學業,49%,33%,學測自然,--,--,學測數A,--,--,學測英文,--,--,學測國文,--,--,物理學業,--,--,數學學業,--,--
第一至七類學群,151,國立聯合大學,15109,機械工程學系,,外加,8,0,--,--,--,--,--,--,--,--,--,--,後標,7級分,--,,,,,,,,,,,,,,,,0,--,在校學業,--,--,學測自然,--,--,學測數A,--,--,學測英文,--,--,學測國文,--,--,物理學業,--,--,數學學業,--,--
第一至七類學群,151,國立聯合大學,15110,化學工程學系,,一般,25,25,--,--,--,--,後標,4級分,--,--,--,--,--,--,--,,,,,,,,,,,,,,,,25,--,在校學業,40%,--,學測數A,5,--,學測自然,9,--,學測國文,11,--,學測英文,--,--,化學學業,--,--,物理學業,--,--
第一至七類學群,151,國立聯合大學,15110,化學工程學系,,外加,5,0,--,--,--,--,後標,4級分,--,--,--,--,--,--,--,,,,,,,,,,,,,,,,0,--,在校學業,--,--,學測數A,--,--,學測自然,--,--,學測國文,--,--,學測英文,--,--,化學學業,--,--,物理學業,--,--
第一至七類學群,151,國立聯合大學,15111,土木與防災工程學系,,一般,9,9,--,--,--,--,後標,4級分,--,--,--,--,--,--,--,,,,,,,,,,,,,,,,4,5,在校學業,49%,35%,學測數A,--,--,學測自然,--,--,學測國文,--,--,物理學業,--,--,數學學業,--,--,學測英文,--,--
第一至七類學群,151,國立聯合大學,15111,土木與防災工程學系,,外加,2,0,--,--,--,--,後標,4級分,--,--,--,--,--,--,--,,,,,,,,,,,,,,,,0,--,在校學業,--,--,學測數A,--,--,學測自然,--,--,學測國文,--,--,物理學業,--,--,數學學業,--,--,學測英文,--,--
第一至七類學群,151,國立聯合大學,15112,材料科學工程學系,,一般,16,16,--,--,--,--,--,--,--,--,--,--,後標,7級分,--,,,,,,,,,,,,,,,,16,--,在校學業,29%,--,學測自然,--,--,學測數A,--,--,學測英文,--,--,學測國文,--,--,物理學業,--,--,數學學業,--,--
第一至七類學群,151,國立聯合大學,15112,材料科學工程學系,,外加,2,0,--,--,--,--,--,--,--,--,--,--,後標,7級分,--,,,,,,,,,,,,,,,,0,--,在校學業,--,--,學測自然,--,--,學測數A,--,--,學測英文,--,--,學測國文,--,--,物理學業,--,--,數學學業,--,--
第一至七類學群,151,國立聯合大學,15113,環境與安全衛生工程學系,,一般,12,12,--,--,--,--,後標,4級分,--,--,--,--,後標,7級分,--,,,,,,,,,,,,,,,,1,11,在校學業,15%,40%,學測自然,--,--,學測數A,--,--,學測英文,--,--,學測國文,--,--,化學學業,--,--,數學學業,--,--
第一至七類學群,151,國立聯合大學,15113,環境與安全衛生工程學系,,外加,5,0,--,--,--,--,後標,4級分,--,--,--,--,後標,7級分,--,,,,,,,,,,,,,,,,0,--,在校學業,--,--,學測自然,--,--,學測數A,--,--,學測英文,--,--,學測國文,--,--,化學學業,--,--,數學學業,--,--
第一至七類學群,151,國立聯合大學,15114,能源工程學系,,一般,3,3,--,--,--,--,均標,6級分,--,--,--,--,--,--,--,,,,,,,,,,,,,,,,0,3,在校學業,--,35%,學測數A,--,--,學測自然,--,--,學測英文,--,--,學測國文,--,--,數學學業,--,--,物理學業,--,--
第一至七類學群,151,國立聯合大學,15114,能源工程學系,,外加,2,0,--,--,--,--,均標,6級分,--,--,--,--,--,--,--,,,,,,,,,,,,,,,,0,--,在校學業,--,--,學測數A,--,--,學測自然,--,--,學測英文,--,--,學測國文,--,--,數學學業,--,--,物理學業,--,--
第一至七類學群,151,國立聯合大學,15115,建築學系,,一般,6,6,--,--,--,--,後標,4級分,後標,4級分,--,--,--,--,--,,,,,,,,,,,,,,,,6,--,在校學業,30%,--,學測國文,--,--,學測英文,--,--,學測國英,--,--,國語文學業,--,--,英語文學業,--,--,數學學業,--,--
第一至七類學群,151,國立聯合大學,15115,建築學系,,外加,1,0,--,--,--,--,後標,4級分,後標,4級分,--,--,--,--,--,,,,,,,,,,,,,,,,0,--,在校學業,--,--,學測國文,--,--,學測英文,--,--,學測國英,--,--,國語文學業,--,--,英語文學業,--,--,數學學業,--,--
第一至七類學群,151,國立聯合大學,15116,電機工程學系,,一般,29,29,--,--,--,--,均標,6級分,--,--,--,--,--,--,--,,,,,,,,,,,,,,,,29,--,在校學業,33%,--,學測數A,--,--,學測自然,--,--,學測英文,--,--,學測國文,--,--,數學學業,--,--,物理學業,--,--
第一至七類學群,151,國立聯合大學,15116,電機工程學系,,外加,1,1,--,--,--,--,均標,6級分,--,--,--,--,--,--,--,,,,,,,,,,,,,,,,1,--,在校學業,46%,--,學測數A,--,--,學測自然,--,--,學測英文,--,--,學測國文,--,--,數學學業,--,--,物理學業,--,--
第一至七類學群,151,國立聯合大學,15117,電子工程學系,,一般,25,25,--,--,--,--,均標,6級分,--,--,--,--,--,--,--,,,,,,,,,,,,,,,,11,14,在校學業,49%,32%,學測數A,--,--,學測英文,--,--,學測自然,--,--,學測國文,--,--,數學學業,--,--,物理學業,--,--
第一至七類學群,151,國立聯合大學,15117,電子工程學系,,外加,9,0,--,--,--,--,均標,6級分,--,--,--,--,--,--,--,,,,,,,,,,,,,,,,0,--,在校學業,--,--,學測數A,--,--,學測英文,--,--,學測自然,--,--,學測國文,--,--,數學學業,--,--,物理學業,--,--
第一至七類學群,151,國立聯合大學,15118,光電工程學系,,一般,11,11,--,--,--,--,後標,4級分,--,--,--,--,--,--,--,,,,,,,,,,,,,,,,11,--,在校學業,44%,--,學測數A自,--,--,學測英文,--,--,學測自然,--,--,學測國文,--,--,數學學業,--,--,物理學業,--,--
第一至七類學群,151,國立聯合大學,15118,光電工程學系,,外加,2,0,--,--,--,--,後標,4級分,--,--,--,--,--,--,--,,,,,,,,,,,,,,,,0,--,在校學業,--,--,學測數A自,--,--,學測英文,--,--,學測自然,--,--,學測國文,--,--,數學學業,--,--,物理學業,--,--
第一至七類學群,151,國立聯合大學,15119,資訊工程學系,,一般,7,7,--,--,後標,4級分,均標,6級分,--,--,--,--,--,--,--,,,,,,,,,,,,,,,,7,--,在校學業,25%,--,學測數A,8,--,學測英文,--,--,學測國文,--,--,學測自然,--,--,數學學業,--,--,資訊科技學業,--,--
第一至七類學群,151,國立聯合大學,15119,資訊工程學系,,外加,2,0,--,--,後標,4級分,均標,6級分,--,--,--,--,--,--,--,,,,,,,,,,,,,,,,0,--,在校學業,--,--,學測數A,--,--,學測英文,--,--,學測國文,--,--,學測自然,--,--,數學學業,--,--,資訊科技學業,--,--
第一至七類學群,152,馬偕醫學院,15201,護理學系,,一般,11,11,--,--,--,--,--,--,--,--,--,--,後標,7級分,--,,,,,,,,,,,,,,,,11,--,在校學業,16%,--,學測國英自,--,--,學測自然,--,--,學測英文,--,--,學測國文,--,--,生物學業,--,--,數學學業,--,--
第一至七類學群,152,馬偕醫學院,15201,護理學系,,外加,2,0,--,--,--,--,--,--,--,--,--,--,後標,7級分,--,,,,,,,,,,,,,,,,0,--,在校學業,--,--,學測國英自,--,--,學測自然,--,--,學測英文,--,--,學測國文,--,--,生物學業,--,--,數學學業,--,--
第一至七類學群,152,馬偕醫學院,15202,聽力暨語言治療學系聽力組,,一般,5,5,均標,10級分,均標,8級分,--,--,--,--,--,--,均標,9級分,--,,,,,,,,,,,,,,,,5,--,在校學業,17%,--,學測國英數A自,--,--,學測英文,--,--,學測自然,--,--,學測國文,--,--,英語文學業,--,--,國語文學業,--,--
第一至七類學群,152,馬偕醫學院,15203,聽力暨語言治療學系語言組,,一般,4,4,均標,10級分,均標,8級分,--,--,--,--,--,--,均標,9級分,--,,,,,,,,,,,,,,,,4,--,在校學業,8%,--,學測國英數A自,--,--,學測英文,--,--,學測國文,--,--,學測自然,--,--,英語文學業,--,--,國語文學業,--,--
第一至七類學群,152,馬偕醫學院,15204,視光學系,,一般,6,6,--,--,--,--,--,--,--,--,--,--,均標,9級分,--,,,,,,,,,,,,,,,,6,--,在校學業,16%,--,學測自然,--,--,學測英文,--,--,物理學業,--,--,生物學業,--,--,國語文學業,--,--,數學學業,--,--
第一至七類學群,152,馬偕醫學院,15204,視光學系,,外加,1,0,--,--,--,--,--,--,--,--,--,--,均標,9級分,--,,,,,,,,,,,,,,,,0,--,在校學業,--,--,學測自然,--,--,學測英文,--,--,物理學業,--,--,生物學業,--,--,國語文學業,--,--,數學學業,--,--
第一至七類學群,152,馬偕醫學院,15205,醫學檢驗暨再生醫學學系,,一般,7,7,--,--,--,--,--,--,--,--,--,--,均標,9級分,--,,,,,,,,,,,,,,,,7,--,在校學業,5%,--,學測自然,--,--,學測英文,--,--,生物學業,--,--,化學學業,--,--,英語文學業,--,--,國語文學業,--,--
第一至七類學群,152,馬偕醫學院,15205,醫學檢驗暨再生醫學學系,,外加,1,0,--,--,--,--,--,--,--,--,--,--,均標,9級分,--,,,,,,,,,,,,,,,,0,--,在校學業,--,--,學測自然,--,--,學測英文,--,--,生物學業,--,--,化學學業,--,--,英語文學業,--,--,國語文學業,--,--
第一至七類學群,153,國立金門大學,15301,應用英語學系,,一般,7,7,--,--,底標,3級分,--,--,--,--,--,--,--,--,--,,,,,,,,,,,,,,,,7,--,在校學業,47%,--,英語文學業,7%,--,學測英文,--,--,學測國文,--,--,國語文學業,--,--,學測社會,--,--,學測國英社,--,--
第一至七類學群,153,國立金門大學,15301,應用英語學系,,外加,1,0,--,--,底標,3級分,--,--,--,--,--,--,--,--,--,,,,,,,,,,,,,,,,0,--,在校學業,--,--,英語文學業,--,--,學測英文,--,--,學測國文,--,--,國語文學業,--,--,學測社會,--,--,學測國英社,--,--
第一至七類學群,153,國立金門大學,15302,運動與休閒學系,,一般,8,8,底標,7級分,--,--,--,--,--,--,--,--,--,--,--,,,,,,,,,,,,,,,,7,1,在校學業,47%,25%,學測國文,--,--,學測社會,--,--,學測國社,--,--,國語文學業,--,--,歷史學業,--,--,公社學業,--,--
第一至七類學群,153,國立金門大學,15302,運動與休閒學系,,外加,2,1,底標,7級分,--,--,--,--,--,--,--,--,--,--,--,,,,,,,,,,,,,,,,1,--,在校學業,44%,--,學測國文,--,--,學測社會,--,--,學測國社,--,--,國語文學業,--,--,歷史學業,--,--,公社學業,--,--
第一至七類學群,153,國立金門大學,15303,企業管理學系,,一般,11,11,後標,9級分,--,--,--,--,--,--,--,--,--,--,--,,,,,,,,,,,,,,,,7,4,在校學業,39%,42%,學測英文,--,--,學測社會,--,--,學測國文,--,--,英語文學業,--,--,數學學業,--,--,學測數B,--,--
第一至七類學群,153,國立金門大學,15303,企業管理學系,,外加,4,0,後標,9級分,--,--,--,--,--,--,--,--,--,--,--,,,,,,,,,,,,,,,,0,--,在校學業,--,--,學測英文,--,--,學測社會,--,--,學測國文,--,--,英語文學業,--,--,數學學業,--,--,學測數B,--,--
第一至七類學群,153,國立金門大學,15304,觀光管理學系,,一般,10,10,底標,7級分,--,--,--,--,--,--,--,--,--,--,--,,,,,,,,,,,,,,,,4,6,在校學業,40%,46%,學測國英社,--,24,學測國文,--,--,學測英文,--,--,學測社會,--,--,國語文學業,--,--,英語文學業,--,--
第一至七類學群,153,國立金門大學,15304,觀光管理學系,,外加,2,0,底標,7級分,--,--,--,--,--,--,--,--,--,--,--,,,,,,,,,,,,,,,,0,--,在校學業,--,--,學測國英社,--,--,學測國文,--,--,學測英文,--,--,學測社會,--,--,國語文學業,--,--,英語文學業,--,--
第一至七類學群,153,國立金門大學,15305,國際暨大陸事務學系,,一般,8,8,後標,9級分,--,--,--,--,--,--,--,--,--,--,--,,,,,,,,,,,,,,,,6,2,在校學業,48%,35%,學測國文,--,9,學測社會,--,11,學測英文,--,--,國語文學業,--,--,歷史學業,--,--,英語文學業,--,--
第一至七類學群,153,國立金門大學,15305,國際暨大陸事務學系,,外加,1,0,後標,9級分,--,--,--,--,--,--,--,--,--,--,--,,,,,,,,,,,,,,,,0,--,在校學業,--,--,學測國文,--,--,學測社會,--,--,學測英文,--,--,國語文學業,--,--,歷史學業,--,--,英語文學業,--,--
第一至七類學群,153,國立金門大學,15306,華語文學系,,一般,5,5,底標,7級分,--,--,--,--,--,--,--,--,--,--,--,,,,,,,,,,,,,,,,2,3,在校學業,48%,48%,學測國文,--,--,國語文學業,--,--,歷史學業,--,--,公社學業,--,--,生活科技學業,--,--,英語文學業,--,--
第一至七類學群,153,國立金門大學,15306,華語文學系,,外加,1,0,底標,7級分,--,--,--,--,--,--,--,--,--,--,--,,,,,,,,,,,,,,,,0,--,在校學業,--,--,學測國文,--,--,國語文學業,--,--,歷史學業,--,--,公社學業,--,--,生活科技學業,--,--,英語文學業,--,--
第一至七類學群,153,國立金門大學,15307,海洋與邊境管理學系,,一般,9,9,後標,9級分,--,--,--,--,--,--,--,--,--,--,--,,,,,,,,,,,,,,,,8,1,在校學業,43%,30%,學測社會,--,--,學測國文,--,--,公社學業,--,--,國語文學業,--,--,學測英文,--,--,英語文學業,--,--
第一至七類學群,153,國立金門大學,15307,海洋與邊境管理學系,,外加,2,0,後標,9級分,--,--,--,--,--,--,--,--,--,--,--,,,,,,,,,,,,,,,,0,--,在校學業,--,--,學測社會,--,--,學測國文,--,--,公社學業,--,--,國語文學業,--,--,學測英文,--,--,英語文學業,--,--
第一至七類學群,153,國立金門大學,15308,工業工程與管理學系,,一般,13,9,後標,9級分,--,--,底標,3級分,底標,3級分,--,--,--,--,--,,,,,,,,,,,,,,,,7,2,在校學業,44%,34%,學測國文,--,--,國語文學業,--,--,學測英文,--,--,英語文學業,--,--,數學學業,--,--,資訊科技學業,--,--
第一至七類學群,153,國立金門大學,15308,工業工程與管理學系,,外加,2,0,後標,9級分,--,--,底標,3級分,底標,3級分,--,--,--,--,--,,,,,,,,,,,,,,,,0,--,在校學業,--,--,學測國文,--,--,國語文學業,--,--,學測英文,--,--,英語文學業,--,--,數學學業,--,--,資訊科技學業,--,--
第一至七類學群,153,國立金門大學,15309,長期照護學系,,一般,9,7,後標,9級分,--,--,--,--,--,--,--,--,--,--,--,,,,,,,,,,,,,,,,6,1,在校學業,45%,30%,學測國文,--,--,學測社會,--,--,國語文學業,--,--,公社學業,--,--,歷史學業,--,--,英語文學業,--,--
第一至七類學群,153,國立金門大學,15309,長期照護學系,,外加,1,1,後標,9級分,--,--,--,--,--,--,--,--,--,--,--,,,,,,,,,,,,,,,,0,1,在校學業,--,49%,學測國文,--,--,學測社會,--,--,國語文學業,--,--,公社學業,--,--,歷史學業,--,--,英語文學業,--,--
第一至七類學群,153,國立金門大學,15310,社會工作學系,,一般,10,7,後標,9級分,--,--,--,--,--,--,--,--,--,--,--,,,,,,,,,,,,,,,,5,2,在校學業,48%,50%,學測國文,--,--,學測國英社,--,--,學測社會,--,--,公社學業,--,--,歷史學業,--,--,地理學業,--,--
第一至七類學群,153,國立金門大學,15310,社會工作學系,,外加,1,0,後標,9級分,--,--,--,--,--,--,--,--,--,--,--,,,,,,,,,,,,,,,,0,--,在校學業,--,--,學測國文,--,--,學測國英社,--,--,學測社會,--,--,公社學業,--,--,歷史學業,--,--,地理學業,--,--
第一至七類學群,153,國立金門大學,15311,都市計畫與景觀學系,,一般,10,6,後標,9級分,--,--,--,--,--,--,--,--,--,--,--,,,,,,,,,,,,,,,,4,2,在校學業,37%,49%,學測國文,--,--,學測社會,--,--,國語文學業,--,--,地理學業,--,--,歷史學業,--,--,公社學業,--,--
第一至七類學群,153,國立金門大學,15311,都市計畫與景觀學系,,外加,2,0,後標,9級分,--,--,--,--,--,--,--,--,--,--,--,,,,,,,,,,,,,,,,0,--,在校學業,--,--,學測國文,--,--,學測社會,--,--,國語文學業,--,--,地理學業,--,--,歷史學業,--,--,公社學業,--,--
第一至七類學群,153,國立金門大學,15312,電機工程學系,,一般,13,13,--,--,--,--,--,--,--,--,--,--,後標,7級分,--,,,,,,,,,,,,,,,,10,3,在校學業,49%,36%,學測自然,--,--,學測國文,--,--,學測英文,--,--,數學學業,--,--,國語文學業,--,--,英語文學業,--,--
第一至七類學群,153,國立金門大學,15312,電機工程學系,,外加,4,0,--,--,--,--,--,--,--,--,--,--,後標,7級分,--,,,,,,,,,,,,,,,,0,--,在校學業,--,--,學測自然,--,--,學測國文,--,--,學測英文,--,--,數學學業,--,--,國語文學業,--,--,英語文學業,--,--
第一至七類學群,153,國立金門大學,15313,食品科學系,,一般,12,4,--,--,--,--,底標,3級分,底標,3級分,--,--,後標,7級分,--,,,,,,,,,,,,,,,,2,2,在校學業,43%,48%,學測自然,--,--,學測英文,--,--,生物學業,--,--,化學學業,--,--,數學學業,--,--,英語文學業,--,--
第一至七類學群,153,國立金門大學,15313,食品科學系,,外加,2,0,--,--,--,--,底標,3級分,底標,3級分,--,--,後標,7級分,--,,,,,,,,,,,,,,,,0,--,在校學業,--,--,學測自然,--,--,學測英文,--,--,生物學業,--,--,化學學業,--,--,數學學業,--,--,英語文學業,--,--
第一至七類學群,153,國立金門大學,15314,土木與工程管理學系,,一般,9,2,後標,9級分,--,--,--,--,--,--,--,--,--,--,--,,,,,,,,,,,,,,,,1,1,在校學業,48%,35%,學測國文,--,--,數學學業,--,--,國語文學業,--,--,物理學業,--,--,學測自然,--,--,英語文學業,--,--
第一至七類學群,153,國立金門大學,15314,土木與工程管理學系,,外加,2,0,後標,9級分,--,--,--,--,--,--,--,--,--,--,--,,,,,,,,,,,,,,,,0,--,在校學業,--,--,學測國文,--,--,數學學業,--,--,國語文學業,--,--,物理學業,--,--,學測自然,--,--,英語文學業,--,--
第一至七類學群,153,國立金門大學,15315,資訊工程學系,,一般,13,10,--,--,--,--,後標,4級分,--,--,--,--,--,--,--,,,,,,,,,,,,,,,,5,5,在校學業,41%,46%,學測數A,--,--,學測自然,--,--,學測英文,--,--,學測國文,--,--,數學學業,--,--,英語文學業,--,--
第一至七類學群,153,國立金門大學,15315,資訊工程學系,,外加,2,0,--,--,--,--,後標,4級分,--,--,--,--,--,--,--,,,,,,,,,,,,,,,,0,--,在校學業,--,--,學測數A,--,--,學測自然,--,--,學測英文,--,--,學測國文,--,--,數學學業,--,--,英語文學業,--,--
第一至七類學群,153,國立金門大學,15316,建築學系,,一般,13,11,後標,9級分,--,--,--,--,--,--,--,--,--,--,--,,,,,,,,,,,,,,,,9,2,在校學業,41%,39%,學測國文,--,--,學測英文,--,--,學測國英,--,--,國語文學業,--,--,英語文學業,--,--,數學學業,--,--
第一至七類學群,153,國立金門大學,15316,建築學系,,外加,2,0,後標,9級分,--,--,--,--,--,--,--,--,--,--,--,,,,,,,,,,,,,,,,0,--,在校學業,--,--,學測國文,--,--,學測英文,--,--,學測國英,--,--,國語文學業,--,--,英語文學業,--,--,數學學業,--,--
第一至七類學群,153,國立金門大學,15317,護理學系,,一般,10,10,後標,9級分,--,--,--,--,--,--,--,--,--,--,--,,,,,,,,,,,,,,,,10,--,在校學業,33%,--,學測國文,11,--,學測國英自,--,--,學測自然,--,--,國語文學業,--,--,生物學業,--,--,公社學業,--,--
第一至七類學群,153,國立金門大學,15317,護理學系,,外加,2,0,後標,9級分,--,--,--,--,--,--,--,--,--,--,--,,,,,,,,,,,,,,,,0,--,在校學業,--,--,學測國文,--,--,學測國英自,--,--,學測自然,--,--,國語文學業,--,--,生物學業,--,--,公社學業,--,--
第八類學群,001,國立臺灣大學,00161,醫學系,,一般,16,24,頂標,13級分,頂標,13級分,頂標,11級分,--,--,--,--,頂標,13級分,--,,,,,,,,,,,,,,,,24,--,在校學業,1%,--,學測國英數A自,59,--,生物學業,--,--,化學學業,--,--,英語文學業,--,--,物理學業,--,--,數學學業,--,--
第八類學群,001,國立臺灣大學,00162,牙醫學系,,一般,2,4,頂標,13級分,頂標,13級分,頂標,11級分,--,--,--,--,頂標,13級分,--,,,,,,,,,,,,,,,,4,--,在校學業,3%,--,學測國英數A自,--,--,生物學業,--,--,化學學業,--,--,物理學業,--,--,英語文學業,--,--,數學學業,--,--
第八類學群,004,國立成功大學,00444,醫學系,,一般,10,20,頂標,13級分,頂標,13級分,頂標,11級分,--,--,--,--,頂標,13級分,--,,,,,,,,,,,,,,,,20,--,在校學業,3%,--,學測自然,15,--,學測國英數A自,56,--,公社學業,4%,--,生物學業,--,--,英語文學業,--,--,數學學業,--,--
第八類學群,004,國立成功大學,00445,牙醫學系,,一般,2,6,頂標,13級分,頂標,13級分,頂標,11級分,--,--,--,--,頂標,13級分,--,,,,,,,,,,,,,,,,6,--,在校學業,4%,--,學測國英數A自,--,--,學測自然,--,--,學測數A,--,--,生物學業,--,--,化學學業,--,--,英語文學業,--,--
第八類學群,007,高雄醫學大學,00719,醫學系,,一般,29,45,前標,12級分,頂標,13級分,前標,9級分,--,--,--,--,前標,12級分,--,,,,,,,,,,,,,,,,45,--,在校學業,4%,--,學測自然,15,--,學測英文,--,--,學測數A,--,--,學測國文,--,--,英語文學業,--,--,生物學業,--,--
第八類學群,007,高雄醫學大學,00720,牙醫學系,,一般,12,18,前標,12級分,頂標,13級分,前標,9級分,--,--,--,--,頂標,13級分,--,,,,,,,,,,,,,,,,18,--,在校學業,3%,--,學測自然,14,--,學測英文,15,--,學測國文,--,--,學測數A,--,--,學測英自,--,--,生物學業,--,--
第八類學群,012,中國醫藥大學,01216,牙醫學系,,一般,8,12,前標,12級分,--,--,前標,9級分,--,--,前標,12級分,前標,12級分,--,,,,,,,,,,,,,,,,12,--,在校學業,2%,--,學測國數A社自,--,--,學測自然,--,--,學測數A,--,--,學測國文,--,--,學測社會,--,--,物理學業,--,--
第八類學群,012,中國醫藥大學,01217,醫學系,,一般,16,21,前標,12級分,--,--,頂標,11級分,--,--,前標,12級分,頂標,13級分,A級,,,,,,,,,,,,,,,,21,--,在校學業,3%,--,學測國數A社自,53,--,學測自然,--,--,學測數A,--,--,學測國文,--,--,學測社會,--,--,化學學業,--,--
第八類學群,013,國立陽明交通大學,01335,牙醫學系,,一般,2,6,頂標,13級分,頂標,13級分,頂標,11級分,--,--,--,--,頂標,13級分,A級,,,,,,,,,,,,,,,,5,1,在校學業,6%,1%,學測國英數A自,--,--,生物學業,--,--,數學學業,--,--,化學學業,--,--,英語文學業,--,--,物理學業,--,--
第八類學群,013,國立陽明交通大學,01336,醫學系,,一般,29,44,頂標,13級分,頂標,13級分,頂標,11級分,--,--,--,--,頂標,13級分,--,,,,,,,,,,,,,,,,44,--,在校學業,4%,--,學測國英數A自,56,--,生物學業,--,--,數學學業,--,--,英語文學業,--,--,物理學業,--,--,化學學業,--,--
第八類學群,020,輔仁大學,02056,醫學系,,一般,12,24,--,--,頂標,13級分,前標,9級分,--,--,前標,12級分,頂標,13級分,--,,,,,,,,,,,,,,,,24,--,在校學業,6%,--,學測英數A社自,52,--,學測自然,--,--,學測英文,--,--,學測數A,--,--,生物學業,--,--,化學學業,--,--
第八類學群,026,中山醫學大學,02621,醫學系,,一般,17,24,頂標,13級分,頂標,13級分,頂標,11級分,--,--,--,--,頂標,13級分,--,,,,,,,,,,,,,,,,24,--,在校學業,4%,--,學測國英數A自,56,--,學測自然,--,--,學測數A,--,--,學測英文,--,--,生物學業,--,--,化學學業,--,--
第八類學群,026,中山醫學大學,02622,牙醫學系,,一般,4,8,頂標,13級分,頂標,13級分,頂標,11級分,--,--,--,--,頂標,13級分,--,,,,,,,,,,,,,,,,8,--,在校學業,7%,--,學測國英數A自,55,--,學測自然,--,--,學測英文,--,--,學測數A,--,--,生物學業,--,--,化學學業,--,--
第八類學群,030,長庚大學,03023,醫學系,,一般,19,26,頂標,13級分,頂標,13級分,頂標,11級分,--,--,--,--,頂標,13級分,--,,,,,,,,,,,,,,,,26,--,在校學業,3%,--,學測國英數A自,58,--,學測自然,--,--,學測英文,--,--,學測數A,--,--,公社學業,--,--,歷史學業,--,--
第八類學群,108,慈濟大學,10815,醫學系,,一般,9,18,頂標,13級分,頂標,13級分,頂標,11級分,--,--,--,--,頂標,13級分,--,,,,,,,,,,,,,,,,18,--,在校學業,7%,--,學測國英數A自,55,--,生物學業,--,--,英語文學業,--,--,化學學業,--,--,數學學業,--,--,物理學業,--,--
第八類學群,109,臺北醫學大學,10915,醫學系,,一般,31,45,前標,12級分,頂標,13級分,頂標,11級分,--,--,--,--,頂標,13級分,--,,,,,,,,,,,,,,,,45,--,在校學業,6%,--,學測國英數A自,56,--,學測自然,--,--,學測英文,--,--,學測數A,--,--,學測國文,--,--,化學學業,--,--
第八類學群,109,臺北醫學大學,10916,牙醫學系,,一般,6,12,頂標,13級分,頂標,13級分,頂標,11級分,--,--,--,--,頂標,13級分,--,,,,,,,,,,,,,,,,12,--,在校學業,4%,--,學測國英數A自,--,--,學測英文,--,--,學測自然,--,--,學測國文,--,--,英語文學業,--,--,數學學業,--,--
第八類學群,152,馬偕醫學院,15206,醫學系,,一般,10,25,--,--,頂標,13級分,頂標,11級分,--,--,前標,12級分,頂標,13級分,--,,,,,,,,,,,,,,,,25,--,在校學業,7%,--,學測英數A社自,56,--,學測社會,--,--,生物學業,--,--,化學學業,--,--,英語文學業,--,--,數學學業,--,--
第八類學群,152,馬偕醫學院,15206,醫學系,,外加,1,0,--,--,頂標,13級分,頂標,11級分,--,--,前標,12級分,頂標,13級分,--,,,,,,,,,,,,,,,,0,--,在校學業,--,--,學測英數A社自,--,--,學測社會,--,--,生物學業,--,--,化學學業,--,--,英語文學業,--,--,數學學業,--,--
