系組代碼,校名,系組名,採計科目1,加權1,採計科目2,加權2,採計科目3,加權3,採計科目4,加權4,採計科目5,加權5,錄取人數(含外加),普通生錄取分數,普通生同分參酌科目,普通生同分參酌分數,原住民錄取分數,退伍軍人錄取分數,僑生錄取分數,蒙藏生錄取分數,派外子女錄取分數,頁碼
0001,國立臺灣大學,中國文學系,國文(學測),1.50,英文(學測),1.25,歷史(分科),1.25,地理(分科),1.00,,,19,265.50,國文(學測),50,,,,,,1
0002,國立臺灣大學,外國語文學系,英文(學測),2.00,國文(學測),1.25,歷史(分科),1.00,地理(分科),1.00,數學乙(分科),1.00,57,323.00,英文(學測),54,363.70,,,,,1
0003,國立臺灣大學,歷史學系,歷史(分科),1.00,國文(學測),1.00,英文(學測),1.00,地理(分科),1.00,公民與社會(分科),1.00,24,262.00,歷史(分科),60,,,,,,1
0004,國立臺灣大學,哲學系,英文(學測),1.00,國文(學測),1.00,公民與社會(分科),1.00,歷史(分科),1.00,,,16,205.00,,,,,,,,1
0005,國立臺灣大學,人類學系,英文(學測),1.50,歷史(分科),1.00,國文(學測),1.00,地理(分科),1.00,公民與社會(分科),1.00,17,288.50,,,291.05,,,,,1
0006,國立臺灣大學,圖書資訊學系,國文(學測),1.25,英文(學測),1.25,數學乙(分科),1.00,公民與社會(分科),1.00,歷史(分科),1.00,14,282.25,,,,,,,,1
0007,國立臺灣大學,日本語文學系,英文(學測),1.50,國文(學測),1.50,歷史(分科),1.00,地理(分科),1.00,公民與社會(分科),1.00,27,313.00,英文(學測),55,319.00,,,,,1
0010,國立臺灣大學,戲劇學系(男),英文(學測),1.50,國文(學測),1.50,數學B(學測),1.00,歷史(分科),1.00,地理(分科),1.00,7,281.00,,,,,,,,1
0011,國立臺灣大學,戲劇學系(女),英文(學測),1.50,國文(學測),1.50,數學B(學測),1.00,歷史(分科),1.00,地理(分科),1.00,7,296.00,英文(學測),51,,,,,,1
0012,國立臺灣大學,數學系,數學A(學測),1.50,數學甲(分科),1.50,物理(分科),1.00,化學(分科),1.00,英文(學測),1.00,16,295.00,數學A(學測),55,,,,,,1
0013,國立臺灣大學,物理學系,物理(分科),1.50,數學甲(分科),1.50,英文(學測),1.00,化學(分科),1.00,,,15,271.00,,,,,,,,1
0014,國立臺灣大學,化學系,化學(分科),1.00,英文(學測),1.00,數學甲(分科),1.00,物理(分科),1.00,國文(學測),1.00,35,248.00,化學(分科),57,259.60,,,,,1
0015,國立臺灣大學,地質科學系,數學甲(分科),1.00,英文(學測),1.00,化學(分科),1.00,物理(分科),1.00,國文(學測),1.00,12,229.00,,,,,,,,1
0016,國立臺灣大學,心理學系,數學甲(分科),1.00,英文(學測),1.00,國文(學測),1.00,生物(分科),1.00,化學(分科),1.00,36,249.00,數學甲(分科),34,290.25,,,,,1
0017,國立臺灣大學,地理環境資源學系A組,數學甲(分科),1.00,物理(分科),1.00,化學(分科),1.00,,,,,8,137.00,,,,,,,,1
0020,國立臺灣大學,地理環境資源學系B組,地理(分科),1.25,公民與社會(分科),1.00,數學乙(分科),1.00,,,,,9,178.50,地理(分科),58,191.60,,,,,1
0021,國立臺灣大學,大氣科學系,數學甲(分科),1.25,物理(分科),1.25,化學(分科),1.25,英文(學測),1.00,國文(學測),1.00,12,266.25,數學甲(分科),44,,,,,,1
0022,國立臺灣大學,政治學系政治理論組,英文(學測),1.25,國文(學測),1.25,社會(學測),1.00,歷史(分科),1.00,地理(分科),1.00,30,294.00,,,,,,,,1
0023,國立臺灣大學,政治學系國際關係組,英文(學測),1.25,國文(學測),1.25,社會(學測),1.00,歷史(分科),1.00,地理(分科),1.00,27,301.50,英文(學測),56,355.45,,,,,1
0024,國立臺灣大學,政治學系公共行政組,英文(學測),1.25,國文(學測),1.25,社會(學測),1.00,歷史(分科),1.00,地理(分科),1.00,26,295.25,,,,,,,,1
0025,國立臺灣大學,經濟學系A組,數學甲(分科),2.00,英文(學測),1.50,物理(分科),1.00,,,,,28,219.00,數學甲(分科),51,,,,,,1
0026,國立臺灣大學,經濟學系B組,數學乙(分科),2.00,英文(學測),1.50,公民與社會(分科),1.00,地理(分科),1.00,歷史(分科),1.00,12,361.00,,,402.25,,,,,1
0027,國立臺灣大學,社會學系,英文(學測),1.00,數學A(學測),1.00,公民與社會(分科),1.00,地理(分科),1.00,歷史(分科),1.00,18,251.00,英文(學測),47,,,,,,1
0030,國立臺灣大學,社會工作學系,英文(學測),1.25,國文(學測),1.25,數學B(學測),1.00,公民與社會(分科),1.00,歷史(分科),1.00,33,264.25,英文(學測),51,281.00,,,,,1
0031,國立臺灣大學,醫學系(自費),生物(分科),1.00,化學(分科),1.00,數學甲(分科),1.00,物理(分科),1.00,,,47,228.00,,,292.95,,,,,1
0032,國立臺灣大學,醫學系(公費),生物(分科),1.00,化學(分科),1.00,數學甲(分科),1.00,物理(分科),1.00,,,4,210.00,生物(分科),51,,,,,,1
0033,國立臺灣大學,牙醫學系,生物(分科),1.00,化學(分科),1.00,數學甲(分科),1.00,物理(分科),1.00,英文(學測),1.00,17,280.00,,,328.05,,,,,1
0034,國立臺灣大學,藥學系,數學甲(分科),1.00,物理(分科),1.00,化學(分科),2.00,生物(分科),2.00,英文(學測),1.00,21,368.00,數學甲(分科),40,,,,,,1
0035,國立臺灣大學,醫學檢驗暨生物技術學系,化學(分科),1.00,生物(分科),1.00,英文(學測),1.00,數學甲(分科),1.00,國文(學測),1.00,17,247.00,化學(分科),43,,,,,,1
0036,國立臺灣大學,護理學系,英文(學測),1.00,生物(分科),1.00,化學(分科),1.00,數學甲(分科),1.00,國文(學測),1.00,21,227.00,英文(學測),48,238.95,,,,,1
0037,國立臺灣大學,物理治療學系,生物(分科),1.00,英文(學測),1.00,數學甲(分科),1.00,物理(分科),1.00,化學(分科),1.00,21,252.00,生物(分科),52,255.15,,,,,1
0040,國立臺灣大學,職能治療學系,英文(學測),1.50,國文(學測),1.25,生物(分科),1.00,數學甲(分科),1.00,,,29,241.75,,,253.85,,,,,2
0041,國立臺灣大學,土木工程學系,數學甲(分科),1.00,物理(分科),1.00,英文(學測),1.00,國文(學測),1.00,化學(分科),1.00,45,234.00,數學甲(分科),53,241.65,,,,,2
0042,國立臺灣大學,機械工程學系,物理(分科),1.00,數學甲(分科),1.00,化學(分科),1.00,英文(學測),1.00,國文(學測),1.00,41,252.00,物理(分科),56,303.75,,,,,2
0043,國立臺灣大學,化學工程學系,化學(分科),1.50,物理(分科),1.50,數學甲(分科),1.25,英文(學測),1.00,,,28,271.75,,,,,,,,2
0044,國立臺灣大學,工程科學及海洋工程學系,數學甲(分科),2.00,物理(分科),2.00,英文(學測),1.00,化學(分科),1.00,,,15,301.00,,,,,,,,2
0045,國立臺灣大學,材料科學與工程學系,數學甲(分科),1.00,物理(分科),1.00,化學(分科),1.00,英文(學測),1.00,國文(學測),1.00,13,269.00,,,297.00,,,,,2
0046,國立臺灣大學,醫學工程學系,數學甲(分科),1.00,物理(分科),1.00,化學(分科),1.00,英文(學測),1.00,國文(學測),1.00,13,248.00,數學甲(分科),36,255.15,,,,,2
0047,國立臺灣大學,農藝學系,生物(分科),1.25,化學(分科),1.25,英文(學測),1.00,數學A(學測),1.00,國文(學測),1.00,14,261.25,生物(分科),57,,,,,,2
0050,國立臺灣大學,生物環境系統工程學系,數學甲(分科),1.00,物理(分科),1.00,化學(分科),1.00,英文(學測),1.00,國文(學測),1.00,12,233.00,數學甲(分科),37,,,,,,2
0051,國立臺灣大學,農業化學系,化學(分科),1.50,生物(分科),1.50,英文(學測),1.00,數學A(學測),1.00,物理(分科),1.00,12,290.50,,,,,,,,2
0052,國立臺灣大學,森林環境暨資源學系,生物(分科),2.00,數學甲(分科),1.00,化學(分科),1.50,物理(分科),1.50,,,18,268.00,生物(分科),50,,,,,,2
0053,國立臺灣大學,動物科學技術學系,生物(分科),1.00,化學(分科),1.00,英文(學測),1.00,數學甲(分科),1.00,,,15,185.00,生物(分科),54,,,,,,2
0054,國立臺灣大學,農業經濟學系A組,數學甲(分科),2.00,英文(學測),2.00,自然(學測),1.00,,,,,18,237.00,,,,,,,,2
0055,國立臺灣大學,農業經濟學系B組,數學乙(分科),2.00,英文(學測),2.00,社會(學測),1.00,,,,,4,271.00,,,,,,,,2
0056,國立臺灣大學,園藝暨景觀學系,英文(學測),1.00,生物(分科),1.50,國文(學測),1.00,化學(分科),1.00,數學A(學測),1.00,33,256.50,,,263.85,,,,,2
0057,國立臺灣大學,獸醫學系,英文(學測),1.00,生物(分科),1.00,化學(分科),1.00,國文(學測),1.00,數學甲(分科),1.00,25,258.00,英文(學測),58,341.55,,,,,2
0060,國立臺灣大學,生物產業傳播暨發展學系,英文(學測),1.50,國文(學測),1.50,數學A(學測),1.50,地理(分科),1.00,歷史(分科),1.00,26,319.50,英文(學測),49,,,,,,2
0061,國立臺灣大學,生物機電工程學系,數學甲(分科),1.00,物理(分科),1.00,化學(分科),1.00,英文(學測),1.00,國文(學測),1.00,18,244.00,,,288.90,,,,,2
0062,國立臺灣大學,昆蟲學系,生物(分科),2.00,化學(分科),1.50,英文(學測),1.00,數學甲(分科),1.00,物理(分科),1.00,15,285.50,,,,,,,,2
0063,國立臺灣大學,植物病理與微生物學系,生物(分科),1.00,化學(分科),1.00,數學甲(分科),1.00,英文(學測),1.00,國文(學測),1.00,16,235.00,生物(分科),48,,,,,,2
0064,國立臺灣大學,工商管理學系企業管理組,數學乙(分科),1.00,英文(學測),1.00,國文(學測),1.00,地理(分科),1.00,歷史(分科),1.00,24,275.00,數學乙(分科),52,286.20,,301.25,,,2
0065,國立臺灣大學,工商管理學系科技管理組,數學甲(分科),1.00,英文(學測),1.00,國文(學測),1.00,物理(分科),1.00,化學(分科),1.00,14,243.00,數學甲(分科),49,,,,,,2
0066,國立臺灣大學,會計學系A組,數學乙(分科),1.50,英文(學測),1.50,國文(學測),1.00,,,,,14,223.00,,,226.90,,,,,2
0067,國立臺灣大學,會計學系B組,英文(學測),1.50,國文(學測),1.25,數學乙(分科),1.25,公民與社會(分科),1.00,地理(分科),1.00,54,320.75,英文(學測),54,,,,,,2
0070,國立臺灣大學,財務金融學系,國文(學測),1.00,英文(學測),1.50,數學乙(分科),2.00,,,,,47,256.00,國文(學測),54,282.85,,,,,2
0071,國立臺灣大學,國際企業學系A組,英文(學測),2.00,數學甲(分科),1.00,公民與社會(分科),1.00,,,,,8,206.00,,,,,,,,2
0072,國立臺灣大學,國際企業學系B組,英文(學測),2.00,數學乙(分科),1.00,地理(分科),1.00,歷史(分科),1.00,公民與社會(分科),1.00,25,333.00,,,382.20,,,,,2
0073,國立臺灣大學,資訊管理學系,數學甲(分科),1.50,英文(學測),1.00,物理(分科),1.00,化學(分科),1.00,,,16,228.50,,,235.05,,,,,2
0074,國立臺灣大學,公共衛生學系A組,數學甲(分科),1.25,英文(學測),1.25,化學(分科),1.00,生物(分科),1.00,物理(分科),1.00,10,257.25,,,,,,,,2
0075,國立臺灣大學,公共衛生學系B組,數學A(學測),1.25,英文(學測),1.25,公民與社會(分科),1.25,國文(學測),1.00,,,6,232.25,,,,,,,,2
0076,國立臺灣大學,電機工程學系,數學甲(分科),1.00,物理(分科),1.00,化學(分科),1.00,英文(學測),1.00,,,48,228.00,數學甲(分科),60,238.95,,,,,2
0077,國立臺灣大學,資訊工程學系,數學甲(分科),1.25,物理(分科),1.00,化學(分科),1.00,英文(學測),1.00,,,35,228.50,,,248.10,,,,,2
0100,國立臺灣大學,法律學系法學組,英文(學測),1.00,國文(學測),1.00,數學乙(分科),1.00,公民與社會(分科),1.25,歷史(分科),1.00,32,285.25,,,,,,,,2
0101,國立臺灣大學,法律學系司法組,英文(學測),1.00,國文(學測),1.00,數學乙(分科),1.00,公民與社會(分科),1.25,歷史(分科),1.00,26,290.00,,,,,,,,3
0102,國立臺灣大學,法律學系財經法學組,英文(學測),1.00,國文(學測),1.00,數學乙(分科),1.00,公民與社會(分科),1.25,歷史(分科),1.00,25,295.00,,,306.25,,,,,3
0103,國立臺灣大學,生命科學系,生物(分科),1.00,英文(學測),1.00,化學(分科),1.00,數學甲(分科),1.00,物理(分科),1.00,17,234.00,,,,,,,,3
0104,國立臺灣大學,生化科技學系,化學(分科),1.00,數學甲(分科),1.00,物理(分科),1.00,生物(分科),1.00,英文(學測),1.00,14,241.00,化學(分科),47,,,,,,3
0105,國立臺灣大學,國際體育運動事務學士學位學程,英文(學測),2.00,國文(學測),1.25,數學B(學測),1.00,公民與社會(分科),1.00,,,2,261.00,,,,,,,,3
0106,國立臺灣師範大學,教育學系,英文(學測),1.50,國文(學測),1.50,歷史(分科),1.00,地理(分科),1.00,數學B(學測),1.00,24,270.00,,,272.90,,,,,3
0107,國立臺灣師範大學,教育心理與輔導學系,英文(學測),1.25,數學B(學測),1.25,國文(學測),1.00,公民與社會(分科),1.00,歷史(分科),1.00,7,277.50,,,328.90,,,,,3
0110,國立臺灣師範大學,社會教育學系,公民與社會(分科),1.50,國文(學測),1.50,英文(學測),1.50,歷史(分科),1.00,地理(分科),1.00,21,309.00,,,,319.60,,,,3
0111,國立臺灣師範大學,健康促進與衛生教育學系,英文(學測),1.50,生物(分科),1.50,數學甲(分科),1.00,國文(學測),1.00,,,15,204.00,,,,,,,,3
0112,國立臺灣師範大學,幼兒與家庭科學學系家庭生活與教育組,英文(學測),2.00,數學B(學測),2.00,國文(學測),1.75,公民與社會(分科),1.00,,,8,278.00,英文(學測),37,,,,,,3
0113,國立臺灣師範大學,幼兒與家庭科學學系幼兒發展與教育組,英文(學測),2.00,國文(學測),2.00,數學B(學測),1.75,公民與社會(分科),1.00,,,9,281.25,,,,,,,,3
0114,國立臺灣師範大學,公民教育與活動領導學系,公民與社會(分科),2.00,國文(學測),1.25,英文(學測),1.25,數學B(學測),1.00,,,28,246.25,,,,,,,,3
0115,國立臺灣師範大學,特殊教育學系,國文(學測),1.25,英文(學測),1.25,公民與社會(分科),1.00,,,,,13,167.00,,,,,,,,3
0116,國立臺灣師範大學,學習科學學士學位學程,數學甲(分科),2.00,國文(學測),1.50,英文(學測),1.50,,,,,4,211.00,,,,,,,,3
0117,國立臺灣師範大學,教育學院學士班,英文(學測),1.50,國文(學測),1.00,公民與社會(分科),1.00,,,,,3,169.50,,,,,,,,3
0120,國立臺灣師範大學,國文學系,國文(學測),2.00,英文(學測),1.50,歷史(分科),1.00,地理(分科),1.00,,,43,263.00,國文(學測),53,276.45,,,,,3
0121,國立臺灣師範大學,英語學系,英文(學測),2.00,國文(學測),1.50,數學B(學測),1.00,歷史(分科),1.00,地理(分科),1.00,22,298.50,,,343.90,,,,,3
0122,國立臺灣師範大學,歷史學系,歷史(分科),1.50,國文(學測),1.25,英文(學測),1.25,地理(分科),1.00,數學B(學測),1.00,35,268.50,,,339.60,,,,,3
0123,國立臺灣師範大學,地理學系,地理(分科),1.50,英文(學測),1.25,數學B(學測),1.00,國文(學測),1.00,,,26,213.50,,,237.40,,,,,3
0124,國立臺灣師範大學,臺灣語文學系,英文(學測),1.50,公民與社會(分科),1.50,國文(學測),1.00,歷史(分科),1.50,地理(分科),1.00,8,310.50,,,327.70,,,,,3
0125,國立臺灣師範大學,數學系,數學甲(分科),2.00,英文(學測),1.00,物理(分科),1.00,,,,,30,159.00,數學甲(分科),42,,,,,,3
0126,國立臺灣師範大學,物理學系,物理(分科),1.50,數學甲(分科),1.25,英文(學測),1.00,,,,,10,167.25,,,,,,,,3
0127,國立臺灣師範大學,物理學系國際組,物理(分科),1.50,數學甲(分科),1.25,英文(學測),1.25,,,,,4,179.25,,,,,,,,3
0130,國立臺灣師範大學,化學系,化學(分科),1.75,物理(分科),1.50,數學甲(分科),1.25,英文(學測),1.00,,,35,233.50,,,,,,,,3
0131,國立臺灣師範大學,生命科學系,生物(分科),1.50,化學(分科),1.25,英文(學測),1.25,數學A(學測),1.00,國文(學測),1.00,31,264.00,,,,,,,,3
0132,國立臺灣師範大學,地球科學系,數學甲(分科),2.00,物理(分科),2.00,化學(分科),1.50,英文(學測),1.00,,,8,255.50,,,,,,,,3
0133,國立臺灣師範大學,資訊工程學系,數學甲(分科),1.50,英文(學測),1.50,物理(分科),1.00,國文(學測),1.00,化學(分科),1.00,16,266.50,,,270.60,,,,,3
0134,國立臺灣師範大學,營養科學學士學位學程,化學(分科),1.50,生物(分科),1.50,英文(學測),1.50,數學A(學測),1.00,國文(學測),1.00,17,279.50,化學(分科),42,281.85,,,,,3
0135,國立臺灣師範大學,科技應用與人力資源發展學系,數學甲(分科),1.25,英文(學測),1.25,物理(分科),1.00,化學(分科),1.00,國文(學測),1.00,12,223.25,,,,,,,,3
0136,國立臺灣師範大學,圖文傳播學系,英文(學測),1.25,國文(學測),1.25,數學甲(分科),1.00,,,,,15,147.25,,,160.95,,,,,3
0137,國立臺灣師範大學,機電工程學系,數學甲(分科),2.00,物理(分科),2.00,英文(學測),1.50,化學(分科),1.00,國文(學測),1.00,13,319.50,數學甲(分科),43,,,,,,3
0140,國立臺灣師範大學,電機工程學系,數學甲(分科),1.00,物理(分科),1.00,英文(學測),1.00,化學(分科),1.00,國文(學測),1.00,15,232.00,數學甲(分科),43,,,,,,3
0141,國立臺灣師範大學,車輛與能源工程學士學位學程,數學甲(分科),1.50,物理(分科),1.50,英文(學測),1.00,國文(學測),1.00,,,4,208.00,,,,,,,,3
0142,國立臺灣師範大學,光電工程學士學位學程,物理(分科),2.00,數學甲(分科),2.00,化學(分科),1.50,英文(學測),1.00,國文(學測),1.00,17,320.00,物理(分科),48,,,,,,4
0143,國立臺灣師範大學,華語文教學系應用華語文學組,英文(學測),1.50,國文(學測),1.50,歷史(分科),1.00,,,,,15,191.50,,,,,,,,4
0144,國立臺灣師範大學,東亞學系,英文(學測),2.00,國文(學測),1.50,數學B(學測),1.00,公民與社會(分科),1.00,歷史(分科),1.00,10,291.00,英文(學測),46,,,,,,4
0145,國立臺灣師範大學,企業管理學系,英文(學測),2.00,數學乙(分科),1.50,國文(學測),1.00,,,,,24,213.00,,,,,,,,4
0146,國立臺灣師範大學,設計學系產品設計組,英文(學測),2.00,國文(學測),2.00,數學乙(分科),1.75,,,,,10,262.75,英文(學測),43,,,,,,4
0147,國立臺灣師範大學,音樂學系,音樂(術科),2.00,英文(學測),1.00,國文(學測),1.00,歷史(分科),1.00,,,3,295.34,,,,,,,,4
0150,國立臺灣師範大學,表演藝術學系,國文(學測),1.75,歷史(分科),1.50,英文(學測),1.25,,,,,2,215.00,,,,,,,,4
0151,國立臺灣師範大學,設計學系視覺設計組,美術(術科),2.00,英文(學測),1.75,國文(學測),1.75,歷史(分科),1.00,,,5,346.05,,,,,,,,4
0152,國立臺灣師範大學,美術學系繪畫組,美術(術科),1.50,國文(學測),1.00,英文(學測),1.00,歷史(分科),1.00,,,4,246.68,,,,,,,,4
0153,國立臺灣師範大學,美術學系水墨畫組,美術(術科),1.50,國文(學測),1.00,英文(學測),1.00,歷史(分科),1.00,,,4,238.25,,,,,,,,4
0154,國立臺灣師範大學,體育與運動科學系,英文(學測),2.00,生物(分科),1.50,國文(學測),1.50,數學B(學測),1.00,,,5,254.50,,,,,,,,4
0155,國立中興大學,中國文學系,國文(學測),2.00,英文(學測),1.50,歷史(分科),1.25,,,,,32,216.00,,,220.90,,,,,4
0156,國立中興大學,外國語文學系,英文(學測),2.00,國文(學測),1.00,歷史(分科),1.00,,,,,30,190.00,英文(學測),48,192.40,,,,,4
0157,國立中興大學,歷史學系,歷史(分科),1.50,國文(學測),1.00,英文(學測),1.00,地理(分科),1.00,,,26,213.00,歷史(分科),58,,,,,,4
0160,國立中興大學,台灣人文創新學士學位學程,國文(學測),2.00,歷史(分科),1.50,英文(學測),1.00,地理(分科),1.50,,,6,289.00,,,298.60,,,,,4
0161,國立中興大學,財務金融學系,英文(學測),2.00,數學乙(分科),2.00,國文(學測),1.00,,,,,32,239.00,,,,,,,,4
0162,國立中興大學,企業管理學系,英文(學測),2.00,數學乙(分科),2.00,國文(學測),1.00,公民與社會(分科),1.00,,,22,268.00,英文(學測),41,,,,,,4
0163,國立中興大學,資訊管理學系,數學甲(分科),2.00,英文(學測),2.00,國文(學測),1.00,,,,,20,212.00,數學甲(分科),34,,,,,,4
0164,國立中興大學,會計學系,數學A(學測),2.00,英文(學測),2.00,國文(學測),1.00,公民與社會(分科),1.00,,,23,256.00,數學A(學測),35,,,,,,4
0165,國立中興大學,行銷學系,數學乙(分科),2.00,英文(學測),2.00,國文(學測),1.00,,,,,25,223.00,數學乙(分科),42,,,,,,4
0166,國立中興大學,應用經濟學系,英文(學測),2.00,數學甲(分科),1.50,國文(學測),1.00,,,,,35,186.00,,,,,,,,4
0167,國立中興大學,法律學系,國文(學測),1.50,英文(學測),1.00,數學B(學測),1.00,公民與社會(分科),1.50,歷史(分科),1.00,19,282.00,國文(學測),51,,,,,,4
0170,國立中興大學,化學系,化學(分科),2.00,數學甲(分科),2.00,英文(學測),1.50,物理(分科),1.00,國文(學測),1.00,25,319.50,化學(分科),43,,,,,,4
0171,國立中興大學,物理學系一般物理組,物理(分科),1.50,數學甲(分科),1.50,英文(學測),1.50,化學(分科),1.00,國文(學測),1.00,14,279.00,,,,,,,,4
0172,國立中興大學,物理學系光電物理組,物理(分科),1.50,數學甲(分科),1.50,英文(學測),1.50,化學(分科),1.00,國文(學測),1.00,11,287.00,,,,,,,,4
0173,國立中興大學,應用數學系應用數學組,數學甲(分科),2.00,英文(學測),1.50,物理(分科),1.50,國文(學測),1.00,化學(分科),1.00,17,275.50,數學甲(分科),35,,,,,,4
0174,國立中興大學,應用數學系數據科學與計算組,數學甲(分科),2.00,英文(學測),1.50,物理(分科),1.50,國文(學測),1.00,化學(分科),1.00,17,279.50,,,,,,,,4
0175,國立中興大學,機械工程學系甲組,數學甲(分科),2.00,物理(分科),2.00,英文(學測),1.50,化學(分科),1.00,國文(學測),1.00,45,313.00,數學甲(分科),50,,,,,,4
0176,國立中興大學,機械工程學系乙組,數學A(學測),2.00,物理(分科),2.00,英文(學測),1.50,化學(分科),1.00,國文(學測),1.00,5,341.00,,,,,,,,4
0177,國立中興大學,土木工程學系,數學甲(分科),2.00,物理(分科),2.00,英文(學測),1.50,國文(學測),1.00,,,41,256.00,數學甲(分科),35,,,,,,4
0200,國立中興大學,環境工程學系,化學(分科),1.50,數學甲(分科),1.50,物理(分科),1.50,英文(學測),1.00,國文(學測),1.00,14,263.00,,,,,,,,4
0201,國立中興大學,化學工程學系,物理(分科),1.00,化學(分科),1.00,數學甲(分科),1.00,英文(學測),1.00,國文(學測),1.00,32,221.00,,,,,,,,4
0202,國立中興大學,材料科學與工程學系,物理(分科),1.00,化學(分科),1.00,英文(學測),1.00,數學甲(分科),1.00,國文(學測),1.00,21,226.00,物理(分科),46,,,,,,5
0203,國立中興大學,智慧創意工程學士學位學程,數學甲(分科),1.50,英文(學測),1.00,物理(分科),1.00,國文(學測),1.00,化學(分科),1.00,4,230.50,,,,,,,,5
0204,國立中興大學,電機工程學系甲組,數學甲(分科),1.00,物理(分科),1.00,英文(學測),1.00,化學(分科),1.00,國文(學測),1.00,3,246.00,數學甲(分科),44,,,,,,5
0205,國立中興大學,電機工程學系乙組,數學甲(分科),1.00,物理(分科),1.00,英文(學測),1.25,化學(分科),1.00,國文(學測),1.00,23,251.25,,,,,,,,5
0206,國立中興大學,資訊工程學系,數學甲(分科),1.00,物理(分科),1.00,英文(學測),1.00,化學(分科),1.00,,,19,178.00,數學甲(分科),43,,,,,,5
0207,國立中興大學,電機資訊學院學士班,數學甲(分科),1.00,物理(分科),1.00,英文(學測),1.00,化學(分科),1.00,國文(學測),1.00,9,233.00,,,,,,,,5
0210,國立中興大學,生物產業機電工程學系,數學甲(分科),1.00,物理(分科),1.00,化學(分科),1.00,英文(學測),1.00,國文(學測),1.00,28,205.00,數學甲(分科),31,,,,,,5
0211,國立中興大學,水土保持學系,數學甲(分科),2.00,物理(分科),2.00,自然(學測),1.50,英文(學測),1.00,國文(學測),1.00,22,295.00,,,,,,,,5
0212,國立中興大學,食品暨應用生物科技學系,英文(學測),1.50,化學(分科),1.50,生物(分科),1.50,國文(學測),1.00,,,23,232.00,,,,,,,,5
0213,國立中興大學,農藝學系,英文(學測),1.50,生物(分科),1.50,化學(分科),1.50,國文(學測),1.00,,,16,217.50,,,,,,,,5
0214,國立中興大學,園藝學系,生物(分科),2.00,化學(分科),1.50,英文(學測),1.50,數學B(學測),1.00,國文(學測),1.00,14,273.50,,,,,,,,5
0215,國立中興大學,森林學系林學組,英文(學測),1.50,生物(分科),1.50,化學(分科),1.00,物理(分科),1.00,數學B(學測),1.00,12,220.00,,,,,,,,5
0216,國立中興大學,森林學系木材科學組,英文(學測),1.50,化學(分科),1.50,物理(分科),1.25,生物(分科),1.00,數學B(學測),1.00,11,221.00,,,,,,,,5
0217,國立中興大學,植物病理學系,生物(分科),1.50,化學(分科),1.50,英文(學測),1.00,國文(學測),1.00,,,23,202.50,,,,,,,,5
0220,國立中興大學,昆蟲學系,生物(分科),1.50,化學(分科),1.50,英文(學測),1.50,國文(學測),1.00,,,27,212.50,,,,,,,,5
0221,國立中興大學,動物科學系,生物(分科),1.50,化學(分科),1.50,英文(學測),1.50,數學A(學測),1.00,國文(學測),1.00,19,284.50,,,,,,,,5
0222,國立中興大學,土壤環境科學系,英文(學測),2.00,化學(分科),2.00,生物(分科),2.00,物理(分科),1.00,,,18,255.00,,,,,,,,5
0223,國立中興大學,生物科技學士學位學程,英文(學測),1.50,化學(分科),1.50,生物(分科),1.50,國文(學測),1.00,,,11,250.00,,,269.10,,,,,5
0224,國立中興大學,景觀與遊憩學士學位學程,英文(學測),1.50,國文(學測),1.00,物理(分科),1.00,,,,,7,152.00,,,,,,,,5
0225,國立中興大學,國際農企業學士學位學程,英文(學測),2.00,生物(分科),1.50,國文(學測),1.00,,,,,7,210.00,,,,,,,,5
0226,國立中興大學,生命科學系,生物(分科),1.75,化學(分科),1.75,英文(學測),1.00,,,,,36,194.00,生物(分科),49,,,,,,5
0227,國立中興大學,獸醫學系,英文(學測),1.50,化學(分科),1.25,生物(分科),1.50,數學A(學測),1.00,,,36,268.25,英文(學測),51,277.65,,,,,5
0230,國立成功大學,中國文學系,國文(學測),1.50,英文(學測),1.00,歷史(分科),1.00,,,,,44,168.50,,,168.65,,,,,5
0231,國立成功大學,外國語文學系,英文(學測),2.00,國文(學測),1.50,歷史(分科),1.00,地理(分科),1.00,數學B(學測),1.00,35,294.50,英文(學測),47,,,,,,5
0232,國立成功大學,歷史學系,歷史(分科),1.50,國文(學測),1.25,地理(分科),1.25,英文(學測),1.00,數學B(學測),1.00,33,271.50,,,273.45,,,,,5
0233,國立成功大學,台灣文學系,國文(學測),1.50,英文(學測),1.50,歷史(分科),1.00,數學B(學測),1.00,地理(分科),1.00,25,259.00,國文(學測),49,,,,,,5
0234,國立成功大學,數學系,數學甲(分科),2.00,物理(分科),1.50,英文(學測),1.50,化學(分科),1.00,,,18,264.50,,,278.10,,,,,5
0235,國立成功大學,物理學系,物理(分科),1.50,數學甲(分科),1.50,英文(學測),1.00,,,,,13,195.50,,,,,,,,5
0236,國立成功大學,化學系,化學(分科),1.50,物理(分科),1.25,數學甲(分科),1.25,英文(學測),1.00,國文(學測),1.00,21,280.50,化學(分科),48,,,,,,5
0237,國立成功大學,地球科學系,數學甲(分科),1.00,物理(分科),1.00,化學(分科),1.00,英文(學測),1.00,國文(學測),1.00,18,216.00,數學甲(分科),33,222.75,221.95,,,,5
0240,國立成功大學,光電科學與工程學系,物理(分科),1.00,數學甲(分科),1.00,英文(學測),1.00,化學(分科),1.00,國文(學測),1.00,30,239.00,物理(分科),50,287.55,,,,,5
0241,國立成功大學,機械工程學系,數學甲(分科),2.00,物理(分科),2.00,英文(學測),1.00,,,,,70,230.00,數學甲(分科),44,,,,,,5
0242,國立成功大學,機械工程學系(普渡雙聯組),數學甲(分科),1.00,物理(分科),1.00,英文(學測),1.00,,,,,1,156.00,,,,,,,,5
0243,國立成功大學,化學工程學系,數學甲(分科),1.25,化學(分科),1.25,物理(分科),1.25,英文(學測),1.00,,,98,222.75,數學甲(分科),43,224.80,,,,,6
0244,國立成功大學,材料科學及工程學系,物理(分科),1.50,化學(分科),1.50,數學甲(分科),1.00,英文(學測),1.00,國文(學測),1.00,45,294.00,物理(分科),50,,,,,,6
0245,國立成功大學,資源工程學系,數學甲(分科),1.00,物理(分科),1.00,英文(學測),1.00,化學(分科),1.00,國文(學測),1.00,22,224.00,數學甲(分科),39,,,,,,6
0246,國立成功大學,土木工程學系,數學A(學測),1.00,物理(分科),1.00,英文(學測),1.00,國文(學測),1.00,,,67,185.00,數學A(學測),44,190.35,,,,,6
0247,國立成功大學,水利及海洋工程學系,數學甲(分科),1.75,物理(分科),1.50,英文(學測),1.25,國文(學測),1.00,,,21,236.00,數學甲(分科),39,,,,,,6
0250,國立成功大學,工程科學系,數學甲(分科),1.00,物理(分科),1.00,英文(學測),1.00,化學(分科),1.00,國文(學測),1.00,22,240.00,數學甲(分科),49,241.65,,,,,6
0251,國立成功大學,系統及船舶機電工程學系,數學甲(分科),1.00,物理(分科),1.00,英文(學測),1.00,化學(分科),1.00,國文(學測),1.00,17,228.00,數學甲(分科),39,,,,,,6
0252,國立成功大學,航空太空工程學系,數學甲(分科),1.00,物理(分科),1.00,英文(學測),1.00,國文(學測),1.00,,,22,189.00,數學甲(分科),50,,,,,,6
0253,國立成功大學,能源工程國際學士學位學程,數學甲(分科),1.00,化學(分科),1.00,英文(學測),1.00,國文(學測),1.00,,,7,187.00,數學甲(分科),34,,,,,,6
0254,國立成功大學,環境工程學系,數學甲(分科),1.00,物理(分科),1.00,化學(分科),1.00,英文(學測),1.00,國文(學測),1.00,29,219.00,數學甲(分科),36,,,,,,6
0255,國立成功大學,測量及空間資訊學系,數學甲(分科),2.00,物理(分科),2.00,英文(學測),2.00,國文(學測),1.00,,,26,300.00,,,,,,,,6
0256,國立成功大學,生物醫學工程學系,數學甲(分科),1.00,物理(分科),1.00,英文(學測),1.00,化學(分科),1.00,國文(學測),1.00,14,230.00,數學甲(分科),50,,,,,,6
0257,國立成功大學,工業與資訊管理學系,數學甲(分科),1.25,數學A(學測),1.00,英文(學測),1.25,國文(學測),1.00,物理(分科),1.00,16,249.50,數學甲(分科),35,,,,,,6
0260,國立成功大學,交通管理科學系,數學甲(分科),1.25,英文(學測),1.25,國文(學測),1.00,物理(分科),1.00,,,25,192.25,,,,,,,,6
0261,國立成功大學,統計與資料科學學系,數學甲(分科),1.50,英文(學測),1.50,國文(學測),1.00,,,,,28,182.00,數學甲(分科),41,,,,,,6
0262,國立成功大學,會計學系,英文(學測),2.00,數學乙(分科),2.00,國文(學測),1.00,,,,,32,246.00,英文(學測),55,249.40,,,,,6
0263,國立成功大學,企業管理學系,英文(學測),2.00,數學乙(分科),2.00,國文(學測),1.00,公民與社會(分科),1.00,,,32,289.00,英文(學測),48,,,,,,6
0264,國立成功大學,醫學系(自費),數學甲(分科),1.00,物理(分科),1.00,化學(分科),1.00,生物(分科),1.00,英文(學測),1.00,22,276.00,數學甲(分科),56,360.45,,,,,6
0265,國立成功大學,醫學系(公費),數學甲(分科),1.00,物理(分科),1.00,化學(分科),1.00,生物(分科),1.00,英文(學測),1.00,3,258.00,數學甲(分科),50,,,,,,6
0266,國立成功大學,牙醫學系,數學甲(分科),1.00,英文(學測),1.00,生物(分科),1.00,化學(分科),1.00,物理(分科),1.00,18,270.00,數學甲(分科),51,309.15,,,,,6
0267,國立成功大學,醫學檢驗生物技術學系,英文(學測),1.25,化學(分科),1.25,生物(分科),1.25,數學甲(分科),1.00,國文(學測),1.00,22,267.75,英文(學測),55,,,,,,6
0270,國立成功大學,護理學系,生物(分科),1.50,英文(學測),1.50,化學(分科),1.00,國文(學測),1.00,,,22,234.00,,,,246.40,,,,6
0271,國立成功大學,物理治療學系,英文(學測),1.25,生物(分科),1.00,數學甲(分科),1.00,物理(分科),1.00,國文(學測),1.00,16,256.25,,,,,,,,6
0272,國立成功大學,職能治療學系,英文(學測),1.00,生物(分科),1.00,數學甲(分科),1.00,國文(學測),1.00,,,18,196.00,英文(學測),53,198.45,,,,,6
0273,國立成功大學,藥學系,化學(分科),1.25,生物(分科),1.00,國文(學測),1.00,英文(學測),1.00,數學甲(分科),1.00,12,272.50,,,,,,,,6
0274,國立成功大學,政治學系,英文(學測),1.25,國文(學測),1.00,公民與社會(分科),1.00,歷史(分科),1.00,,,34,205.25,英文(學測),45,232.35,,,,,6
0275,國立成功大學,經濟學系,數學乙(分科),2.00,英文(學測),2.00,國文(學測),1.50,,,,,35,271.00,數學乙(分科),49,,,,,,6
0276,國立成功大學,法律學系,公民與社會(分科),1.50,國文(學測),1.50,英文(學測),1.00,歷史(分科),1.00,數學B(學測),1.00,48,288.00,公民與社會(分科),60,305.55,,,,,6
0277,國立成功大學,心理學系,英文(學測),1.50,數學甲(分科),1.50,生物(分科),1.00,化學(分科),1.00,國文(學測),1.00,36,270.00,英文(學測),57,,,,,,6
0300,國立成功大學,電機工程學系(甲組),數學甲(分科),1.00,物理(分科),1.00,英文(學測),1.00,化學(分科),1.00,,,23,214.00,數學甲(分科),57,229.50,,,,,6
0301,國立成功大學,電機工程學系(乙組),數學甲(分科),1.00,物理(分科),1.00,英文(學測),1.00,化學(分科),1.00,,,61,207.00,數學甲(分科),56,214.65,,,,,6
0302,國立成功大學,電機工程學系(普渡雙聯組),數學甲(分科),1.00,物理(分科),1.00,英文(學測),1.00,化學(分科),1.00,,,2,219.00,數學甲(分科),59,,,,,,6
0303,國立成功大學,資訊工程學系,數學甲(分科),1.00,物理(分科),1.00,英文(學測),1.00,化學(分科),1.00,國文(學測),1.00,63,242.00,數學甲(分科),49,243.10,,,,,6
0304,國立成功大學,資訊工程學系(普渡雙聯組),數學甲(分科),1.00,英文(學測),1.00,物理(分科),1.00,化學(分科),1.00,國文(學測),1.00,1,253.00,,,,,,,,7
0305,國立成功大學,建築學系,數學甲(分科),1.25,物理(分科),1.25,英文(學測),1.00,化學(分科),1.00,國文(學測),1.25,19,258.50,,,259.40,,,,,7
0306,國立成功大學,都市計劃學系(自然組),數學甲(分科),1.50,英文(學測),1.50,國文(學測),1.50,物理(分科),1.00,化學(分科),1.00,11,279.00,數學甲(分科),32,,,,,,7
0307,國立成功大學,都市計劃學系(社會組),數學乙(分科),1.50,英文(學測),1.50,國文(學測),1.50,地理(分科),1.00,歷史(分科),1.00,5,320.50,,,,,,,,7
0310,國立成功大學,工業設計學系,英文(學測),1.50,物理(分科),1.50,數學甲(分科),1.00,國文(學測),1.00,化學(分科),1.00,20,264.00,英文(學測),53,267.00,,,,,7
0311,國立成功大學,生命科學系,生物(分科),1.50,化學(分科),1.50,英文(學測),1.25,數學甲(分科),1.00,物理(分科),1.00,28,265.25,,,,,,,,7
0312,國立成功大學,生物科技與產業科學系,生物(分科),1.50,化學(分科),1.50,英文(學測),1.50,物理(分科),1.00,,,12,254.50,,,,,,,,7
0313,國立成功大學,全校不分系學士學位學程,數學甲(分科),1.00,英文(學測),1.00,國文(學測),1.00,,,,,5,148.00,,,,,,,,7
0314,東吳大學,中國文學系,國文(學測),2.00,英文(學測),1.00,歷史(分科),1.00,,,,,76,138.00,國文(學測),42,,,,,,7
0315,東吳大學,歷史學系,歷史(分科),2.00,國文(學測),1.00,社會(學測),1.00,,,,,34,178.00,歷史(分科),44,,,,,,7
0316,東吳大學,哲學系,英文(學測),2.00,國文(學測),2.00,公民與社會(分科),1.00,,,,,33,153.00,英文(學測),20,158.25,,,,,7
0317,東吳大學,政治學系,公民與社會(分科),2.00,國文(學測),1.50,英文(學測),1.50,社會(學測),1.00,,,43,256.00,公民與社會(分科),53,,,,,,7
0320,東吳大學,社會學系,公民與社會(分科),1.50,英文(學測),1.50,數學B(學測),1.00,國文(學測),1.50,,,69,172.00,,,210.00,,,,,7
0321,東吳大學,社會工作學系,國文(學測),1.50,英文(學測),1.00,公民與社會(分科),2.00,,,,,56,150.50,國文(學測),35,160.95,,,,,7
0322,東吳大學,音樂學系,音樂(術科),2.00,國文(學測),1.00,英文(學測),1.00,歷史(分科),1.00,,,19,193.92,,,,,,,,7
0323,東吳大學,英文學系,英文(學測),2.00,國文(學測),1.50,歷史(分科),1.00,,,,,57,160.50,,,181.95,,,,,7
0324,東吳大學,日本語文學系,英文(學測),1.50,國文(學測),1.50,歷史(分科),1.00,地理(分科),1.00,,,67,188.50,,,189.70,,,,,7
0325,東吳大學,德國文化學系A組,英文(學測),2.00,國文(學測),1.50,歷史(分科),1.50,,,,,23,173.50,,,,,,,,7
0326,東吳大學,德國文化學系B組,英文(學測),2.00,國文(學測),1.50,數學乙(分科),1.50,,,,,2,164.00,,,,,,,,7
0327,東吳大學,數學系,數學甲(分科),2.00,英文(學測),1.50,國文(學測),1.50,,,,,21,142.00,,,,,,,,7
0330,東吳大學,物理學系,物理(分科),2.00,數學甲(分科),1.50,英文(學測),1.00,,,,,15,130.50,物理(分科),29,,,,,,7
0331,東吳大學,化學系,化學(分科),2.00,數學甲(分科),1.50,英文(學測),1.00,,,,,28,123.50,化學(分科),32,,,,,,7
0332,東吳大學,微生物學系,自然(學測),1.50,生物(分科),2.00,英文(學測),1.00,,,,,15,152.00,,,,,,,,7
0333,東吳大學,心理學系,數學甲(分科),1.50,英文(學測),2.00,國文(學測),1.00,,,,,12,166.00,數學甲(分科),34,,,,,,7
0334,東吳大學,法律學系,英文(學測),2.00,國文(學測),2.00,公民與社會(分科),1.50,歷史(分科),1.00,,,59,317.00,英文(學測),46,,,,,,7
0335,東吳大學,經濟學系,數學乙(分科),2.00,英文(學測),1.50,國文(學測),1.00,,,,,65,156.50,數學乙(分科),32,,,,,,7
0336,東吳大學,會計學系,英文(學測),1.00,數學乙(分科),1.25,國文(學測),1.00,,,,,92,123.75,,,,,,,,7
0337,東吳大學,企業管理學系,公民與社會(分科),2.00,英文(學測),1.00,數學B(學測),1.00,國文(學測),1.00,,,100,178.00,公民與社會(分科),50,212.45,,,,,7
0340,東吳大學,國際經營與貿易學系,英文(學測),2.00,國文(學測),1.00,數學乙(分科),1.00,,,,,51,149.00,英文(學測),47,,,,,,7
0341,東吳大學,財務工程與精算數學系,數學乙(分科),2.00,英文(學測),2.00,國文(學測),1.50,,,,,63,182.50,數學乙(分科),44,186.80,,,,,7
0342,東吳大學,資訊管理學系,數學乙(分科),1.25,英文(學測),1.25,國文(學測),1.00,,,,,35,118.75,,,,,,,,7
0343,東吳大學,資料科學系,數學乙(分科),1.50,公民與社會(分科),1.00,國文(學測),1.00,,,,,63,110.00,,,,,,,,7
0344,國立政治大學,中國文學系,國文(學測),1.50,英文(學測),1.25,歷史(分科),1.00,地理(分科),1.00,,,41,234.75,國文(學測),50,257.10,,,,,7
0345,國立政治大學,歷史學系,國文(學測),1.00,英文(學測),1.00,歷史(分科),1.50,社會(學測),1.00,地理(分科),1.00,23,285.50,國文(學測),48,286.50,,,,,8
0346,國立政治大學,哲學系,國文(學測),1.25,英文(學測),1.25,公民與社會(分科),1.25,歷史(分科),1.00,,,13,238.75,,,,,,,,8
0347,國立政治大學,教育學系,英文(學測),2.00,公民與社會(分科),2.00,國文(學測),1.00,社會(學測),1.00,數學B(學測),1.00,16,328.00,英文(學測),46,,,,,,8
0350,國立政治大學,政治學系,公民與社會(分科),2.00,國文(學測),1.75,英文(學測),1.75,歷史(分科),1.00,,,19,335.75,,,,,,,,8
0351,國立政治大學,社會學系,英文(學測),2.00,公民與社會(分科),2.00,國文(學測),1.00,,,,,19,250.00,英文(學測),49,,,,,,8
0352,國立政治大學,財政學系,數學乙(分科),1.50,英文(學測),1.50,國文(學測),1.00,,,,,33,201.50,數學乙(分科),55,,,,,,8
0353,國立政治大學,公共行政學系,英文(學測),2.00,公民與社會(分科),2.00,國文(學測),1.00,,,,,32,251.00,英文(學測),50,,,,,,8
0354,國立政治大學,地政學系土地資源規劃組,國文(學測),1.50,英文(學測),1.50,數學乙(分科),1.50,地理(分科),1.00,公民與社會(分科),1.00,15,321.50,國文(學測),47,,,,,,8
0355,國立政治大學,地政學系土地管理組,國文(學測),1.50,英文(學測),1.50,數學乙(分科),1.50,地理(分科),1.00,公民與社會(分科),1.00,16,326.00,,,,,,,,8
0356,國立政治大學,地政學系土地測量與資訊組,國文(學測),1.25,英文(學測),1.50,數學甲(分科),2.00,物理(分科),1.00,化學(分科),1.00,17,271.50,,,,,,,,8
0357,國立政治大學,經濟學系(A組),數學乙(分科),2.00,英文(學測),1.50,社會(學測),1.00,,,,,15,235.50,,,,,,,,8
0360,國立政治大學,經濟學系(B組),數學乙(分科),2.00,英文(學測),1.50,自然(學測),1.00,,,,,15,229.50,數學乙(分科),57,,,,,,8
0361,國立政治大學,民族學系,公民與社會(分科),1.50,國文(學測),1.00,英文(學測),1.00,歷史(分科),1.25,地理(分科),1.25,17,293.25,公民與社會(分科),58,,,,,,8
0362,國立政治大學,外交學系,英文(學測),1.75,國文(學測),1.50,歷史(分科),1.00,地理(分科),1.00,公民與社會(分科),1.00,35,325.00,,,,,,336.25,,8
0363,國立政治大學,國際經營與貿易學系,英文(學測),2.00,數學乙(分科),2.00,國文(學測),1.50,,,,,38,284.50,英文(學測),56,,,,,,8
0364,國立政治大學,金融學系(A組),數學乙(分科),2.00,英文(學測),2.00,國文(學測),1.00,,,,,14,268.00,數學乙(分科),55,,274.05,,,,8
0365,國立政治大學,金融學系(B組),數學甲(分科),2.00,英文(學測),1.50,國文(學測),1.00,,,,,12,217.00,數學甲(分科),44,,,,,,8
0366,國立政治大學,會計學系,數學乙(分科),2.00,英文(學測),2.00,國文(學測),1.50,公民與社會(分科),1.00,,,48,328.00,數學乙(分科),53,,,,,,8
0367,國立政治大學,統計學系(A組),數學乙(分科),2.00,英文(學測),1.50,國文(學測),1.50,歷史(分科),1.00,地理(分科),1.00,17,356.50,,,,,,,,8
0370,國立政治大學,統計學系(B組),數學甲(分科),2.00,英文(學測),1.50,國文(學測),1.50,物理(分科),1.00,化學(分科),1.00,8,302.50,,,,,,,,8
0371,國立政治大學,企業管理學系,數學乙(分科),2.00,英文(學測),1.00,國文(學測),1.00,,,,,32,204.00,數學乙(分科),54,218.15,,,,,8
0372,國立政治大學,資訊管理學系(A組),數學乙(分科),2.00,英文(學測),2.00,國文(學測),1.00,,,,,21,259.00,數學乙(分科),57,,,,,,8
0373,國立政治大學,資訊管理學系(B組),數學甲(分科),2.00,英文(學測),2.00,國文(學測),1.00,,,,,22,225.00,數學甲(分科),38,,,,,,8
0374,國立政治大學,財務管理學系,數學乙(分科),2.00,英文(學測),1.50,國文(學測),1.00,,,,,27,244.00,數學乙(分科),60,,,,,,8
0375,國立政治大學,風險管理與保險學系,英文(學測),1.50,數學乙(分科),1.50,國文(學測),1.00,,,,,32,201.50,英文(學測),52,,,,,,8
0376,國立政治大學,傳播學院大一大二不分系(社會組),國文(學測),1.50,英文(學測),1.50,歷史(分科),1.00,數學乙(分科),1.00,公民與社會(分科),1.00,53,293.50,國文(學測),49,308.45,,,,,8
0377,國立政治大學,傳播學院大一大二不分系(自然組),數學A(學測),1.50,英文(學測),1.50,國文(學測),1.00,物理(分科),1.00,,,5,230.50,,,,,,,,8
0400,國立政治大學,英國語文學系,英文(學測),2.00,國文(學測),1.50,歷史(分科),1.00,地理(分科),1.00,數學B(學測),1.00,39,308.00,,,,,,,,8
0401,國立政治大學,阿拉伯語文學系,英文(學測),1.50,國文(學測),1.50,歷史(分科),1.25,地理(分科),1.00,,,24,256.50,,,269.80,,,,,8
0402,國立政治大學,斯拉夫語文學系,英文(學測),1.50,國文(學測),1.50,歷史(分科),1.00,地理(分科),1.00,,,22,246.00,英文(學測),49,,,,,,8
0403,國立政治大學,日本語文學系,國文(學測),1.50,英文(學測),1.50,歷史(分科),1.00,公民與社會(分科),1.00,,,14,254.50,,,,,,,,8
0404,國立政治大學,韓國語文學系,國文(學測),1.50,英文(學測),1.50,歷史(分科),1.00,地理(分科),1.00,數學B(學測),1.00,19,280.00,國文(學測),51,338.45,,,,,8
0405,國立政治大學,土耳其語文學系,英文(學測),2.00,國文(學測),2.00,歷史(分科),1.50,地理(分科),1.00,,,13,315.00,英文(學測),50,,,,,,9
0406,國立政治大學,歐洲語文學系法文組,英文(學測),1.50,國文(學測),1.50,歷史(分科),1.00,地理(分科),1.00,數學B(學測),1.00,7,284.50,,,,,,,,9
0407,國立政治大學,歐洲語文學系德文組,英文(學測),1.50,國文(學測),1.50,歷史(分科),1.00,地理(分科),1.00,數學B(學測),1.00,7,282.50,英文(學測),45,,,,,,9
0410,國立政治大學,歐洲語文學系西班牙文組,英文(學測),1.50,國文(學測),1.50,歷史(分科),1.00,地理(分科),1.00,數學B(學測),1.00,7,285.50,,,,,,,,9
0411,國立政治大學,東南亞語文學系越文組,英文(學測),1.50,國文(學測),1.50,歷史(分科),1.00,公民與社會(分科),1.00,地理(分科),1.00,5,296.50,英文(學測),50,,,,,,9
0412,國立政治大學,東南亞語文學系泰文組,英文(學測),1.50,國文(學測),1.50,歷史(分科),1.00,公民與社會(分科),1.00,地理(分科),1.00,5,298.50,英文(學測),45,,,,,,9
0413,國立政治大學,東南亞語文學系印尼文組,英文(學測),1.50,國文(學測),1.50,歷史(分科),1.00,公民與社會(分科),1.00,地理(分科),1.00,5,294.00,,,,,,,,9
0414,國立政治大學,法律學系,英文(學測),2.00,公民與社會(分科),1.00,國文(學測),1.00,歷史(分科),1.00,數學B(學測),1.00,75,306.00,,,326.10,,,,,9
0415,國立政治大學,應用數學系,數學甲(分科),2.00,英文(學測),1.00,物理(分科),1.00,化學(分科),1.00,,,21,204.00,數學甲(分科),40,,,,,,9
0416,國立政治大學,心理學系,英文(學測),1.50,數學甲(分科),1.50,國文(學測),1.00,生物(分科),1.00,,,25,228.00,,,257.60,,,,,9
0417,國立政治大學,資訊科學系,數學甲(分科),1.25,英文(學測),1.25,物理(分科),1.25,化學(分科),1.00,國文(學測),1.00,23,253.00,,,,,,,,9
0420,國立政治大學,創新國際學院學士班,英文(學測),2.00,數學B(學測),1.50,公民與社會(分科),1.50,國文(學測),1.00,,,11,285.00,英文(學測),54,,,,,,9
0421,高雄醫學大學,醫學系,生物(分科),1.00,英文(學測),1.00,化學(分科),1.00,物理(分科),1.00,數學甲(分科),1.00,30,266.00,生物(分科),57,319.95,,,,,9
0422,高雄醫學大學,運動醫學系,英文(學測),1.50,生物(分科),1.50,物理(分科),1.00,,,,,19,154.00,,,158.35,,,,,9
0423,高雄醫學大學,呼吸治療學系,英文(學測),1.50,生物(分科),1.25,化學(分科),1.25,,,,,21,159.75,,,170.65,,,,,9
0424,高雄醫學大學,牙醫學系,英文(學測),1.00,生物(分科),1.00,化學(分科),1.00,物理(分科),1.00,數學甲(分科),1.00,22,267.00,英文(學測),55,294.30,,,,,9
0425,高雄醫學大學,口腔衛生學系,生物(分科),1.50,國文(學測),1.50,英文(學測),1.00,數學A(學測),1.00,,,34,180.50,,,220.25,,,,,9
0426,高雄醫學大學,藥學系,英文(學測),1.00,化學(分科),1.25,生物(分科),1.25,國文(學測),1.00,物理(分科),1.00,51,280.50,英文(學測),55,295.80,,,,,9
0427,高雄醫學大學,香粧品學系,化學(分科),1.00,生物(分科),1.00,英文(學測),1.00,國文(學測),1.00,,,22,140.00,,,,,,,,9
0430,高雄醫學大學,護理學系,生物(分科),2.00,英文(學測),1.00,國文(學測),1.00,,,,,31,159.00,生物(分科),45,173.75,,,,,9
0431,高雄醫學大學,公共衛生學系,數學甲(分科),1.00,化學(分科),1.00,生物(分科),1.00,國文(學測),1.00,英文(學測),1.25,20,169.00,,,,,,,,9
0432,高雄醫學大學,醫學檢驗生物技術學系,英文(學測),2.00,生物(分科),2.00,化學(分科),1.50,國文(學測),1.00,,,19,296.50,,,299.20,,,,,9
0433,高雄醫學大學,醫學影像暨放射科學系,物理(分科),1.50,化學(分科),1.25,生物(分科),1.25,數學甲(分科),1.00,英文(學測),1.00,27,212.75,,,,,,,,9
0434,高雄醫學大學,職能治療學系,英文(學測),2.00,國文(學測),1.50,生物(分科),1.50,,,,,24,244.50,英文(學測),51,245.85,,,,,9
0435,高雄醫學大學,物理治療學系,英文(學測),2.00,數學甲(分科),1.50,生物(分科),1.50,物理(分科),1.00,國文(學測),1.00,30,312.50,英文(學測),49,,,,,,9
0436,高雄醫學大學,醫務管理暨醫療資訊學系,物理(分科),1.50,英文(學測),2.00,國文(學測),1.50,,,,,31,164.00,,,,,,,,9
0437,高雄醫學大學,醫藥暨應用化學系應用化學組,化學(分科),1.50,數學甲(分科),1.50,英文(學測),1.50,物理(分科),1.00,,,15,192.50,,,,,,,,9
0440,高雄醫學大學,醫藥暨應用化學系醫藥化學組,化學(分科),1.50,數學甲(分科),1.50,英文(學測),1.50,生物(分科),1.00,,,28,188.00,,,,,,,,9
0441,高雄醫學大學,生物醫學暨環境生物學系,生物(分科),1.50,英文(學測),1.50,國文(學測),1.00,化學(分科),1.25,數學乙(分科),1.00,15,207.75,生物(分科),30,,,,,,9
0442,高雄醫學大學,生物科技學系,生物(分科),1.50,英文(學測),1.25,化學(分科),1.25,國文(學測),1.00,,,24,193.25,,,203.30,,,,,9
0443,高雄醫學大學,生命科學院學士班(英語組),英文(學測),1.50,化學(分科),1.00,生物(分科),1.00,,,,,5,128.50,,,,,,,,9
0444,高雄醫學大學,心理學系,英文(學測),2.00,生物(分科),1.00,國文(學測),1.00,,,,,18,191.00,,,,,,,,9
0445,高雄醫學大學,醫學社會學與社會工作學系,國文(學測),2.00,英文(學測),2.00,公民與社會(分科),1.00,歷史(分科),1.00,,,19,218.00,國文(學測),42,228.30,,,,,9
0446,中原大學,應用數學系,數學甲(分科),2.00,國文(學測),1.25,英文(學測),1.00,,,,,13,145.50,,,,,,,,10
0447,中原大學,物理學系物理組,物理(分科),2.00,數學甲(分科),1.50,英文(學測),1.00,,,,,6,169.50,,,,,,,,10
0450,中原大學,物理學系光電與材料科學組,物理(分科),2.00,數學甲(分科),1.50,英文(學測),1.00,,,,,7,174.00,,,,,,,,10
0451,中原大學,化學系化學組,化學(分科),2.00,數學甲(分科),1.00,英文(學測),1.00,物理(分科),1.00,,,7,185.00,化學(分科),43,,,,,,10
0452,中原大學,化學系材料化學組,化學(分科),2.00,英文(學測),1.00,數學甲(分科),1.00,物理(分科),1.00,,,7,192.00,,,,,,,,10
0453,中原大學,心理學系,英文(學測),2.00,數學甲(分科),2.00,國文(學測),1.50,,,,,15,191.50,英文(學測),47,,,,,,10
0454,中原大學,生物科技學系,生物(分科),2.00,化學(分科),1.50,英文(學測),1.50,,,,,15,162.00,,,,,,,,10
0455,中原大學,化學工程學系綠能製程組,物理(分科),1.00,數學甲(分科),1.00,英文(學測),1.00,化學(分科),1.00,國文(學測),1.00,6,188.00,物理(分科),39,,,,,,10
0456,中原大學,化學工程學系生化工程組,物理(分科),1.00,數學甲(分科),1.00,英文(學測),1.00,化學(分科),1.00,國文(學測),1.00,5,193.00,,,,,,,,10
0457,中原大學,化學工程學系材料工程組,物理(分科),1.00,數學甲(分科),1.00,英文(學測),1.00,化學(分科),1.00,國文(學測),1.00,9,200.00,物理(分科),35,,,,,,10
0460,中原大學,土木工程學系,國文(學測),2.00,物理(分科),2.00,數學A(學測),1.50,,,,,23,203.00,,,,,,,,10
0461,中原大學,機械工程學系,數學甲(分科),1.00,物理(分科),1.00,國文(學測),2.00,,,,,25,152.00,,,,,,,,10
0462,中原大學,生物醫學工程學系,國文(學測),2.00,數學甲(分科),1.00,物理(分科),1.00,化學(分科),1.00,,,15,178.00,,,,,,,,10
0463,中原大學,環境工程學系,化學(分科),2.00,國文(學測),2.00,英文(學測),1.00,,,,,7,204.00,,,,,,,,10
0464,中原大學,電機資訊學院學士班,數學甲(分科),1.00,英文(學測),2.00,國文(學測),2.00,,,,,8,222.00,,,,,,,,10
0465,中原大學,工業與系統工程學系工程組,英文(學測),2.00,數學A(學測),1.00,國文(學測),2.00,物理(分科),1.00,,,12,240.00,,,,,,,,10
0466,中原大學,工業與系統工程學系管理組,英文(學測),2.00,國文(學測),2.00,公民與社會(分科),1.00,,,,,7,205.00,,,,,,,,10
0467,中原大學,電子工程學系,物理(分科),1.00,數學甲(分科),1.00,英文(學測),1.00,國文(學測),1.00,,,17,161.00,物理(分科),39,,,,,,10
0470,中原大學,資訊工程學系,數學甲(分科),1.00,英文(學測),2.00,國文(學測),2.00,,,,,15,212.00,數學甲(分科),28,220.40,,,,,10
0471,中原大學,電機工程學系,數學甲(分科),1.00,英文(學測),1.00,物理(分科),1.00,國文(學測),1.00,,,15,167.00,數學甲(分科),28,,,,,,10
0472,中原大學,電機資訊學院智慧運算與大數據學士班,數學甲(分科),1.00,英文(學測),1.00,國文(學測),1.00,,,,,8,118.00,數學甲(分科),36,,,,,,10
0473,中原大學,企業管理學系服務業管理組,國文(學測),2.00,歷史(分科),2.00,英文(學測),1.00,,,,,13,196.00,,,,,,,,10
0474,中原大學,企業管理學系高科技業管理組,國文(學測),2.00,歷史(分科),2.00,英文(學測),1.00,,,,,16,204.00,,,,,,,,10
0475,中原大學,企業管理學系工商管理組,國文(學測),2.00,公民與社會(分科),2.00,英文(學測),1.00,,,,,22,190.00,國文(學測),44,,,,,,10
0476,中原大學,國際經營與貿易學系,英文(學測),2.00,國文(學測),1.75,公民與社會(分科),1.00,,,,,39,169.50,,,,,,,,10
0477,中原大學,會計學系,國文(學測),1.50,公民與社會(分科),1.25,歷史(分科),1.50,數學乙(分科),1.00,,,26,195.25,國文(學測),41,,,,,,10
0500,中原大學,資訊管理學系,國文(學測),1.50,英文(學測),1.50,公民與社會(分科),1.00,,,,,19,155.50,國文(學測),41,156.20,,,,,10
0501,中原大學,財務金融學系,英文(學測),2.00,數學B(學測),2.00,國文(學測),1.75,公民與社會(分科),1.00,,,29,228.75,,,238.30,,,,,10
0502,中原大學,財經法律學系財貿法組,英文(學測),1.50,國文(學測),1.50,公民與社會(分科),1.50,歷史(分科),1.00,,,24,234.50,,,266.95,,,,,10
0503,中原大學,財經法律學系科技法組,英文(學測),1.50,國文(學測),1.50,公民與社會(分科),1.50,歷史(分科),1.00,,,17,233.50,,,,,,,,10
0504,中原大學,建築學系,數學A(學測),1.00,英文(學測),2.00,國文(學測),2.00,物理(分科),1.00,,,13,242.00,數學A(學測),38,265.20,,,,,10
0505,中原大學,室內設計學系,國文(學測),2.00,歷史(分科),2.00,地理(分科),1.50,英文(學測),1.00,,,7,284.50,,,,,,,,10
0506,中原大學,商業設計學系商業設計組,國文(學測),2.00,英文(學測),2.00,歷史(分科),1.50,地理(分科),1.00,,,18,241.00,,,,,,,,11
0507,中原大學,商業設計學系產品設計組甲類,美術(術科),2.00,英文(學測),1.50,公民與社會(分科),1.00,,,,,1,202.60,,,,,,,,11
0510,中原大學,商業設計學系產品設計組乙類,物理(分科),2.00,英文(學測),1.50,國文(學測),1.00,,,,,2,162.50,,,,,,,,11
0511,中原大學,地景建築學系,地理(分科),2.00,歷史(分科),2.00,公民與社會(分科),1.00,,,,,7,225.00,,,225.80,,,,,11
0512,中原大學,特殊教育學系,國文(學測),1.50,英文(學測),1.50,公民與社會(分科),1.00,,,,,10,123.00,國文(學測),40,,,,,,11
0513,中原大學,應用外國語文學系,英文(學測),2.00,國文(學測),1.50,歷史(分科),1.00,,,,,26,159.00,英文(學測),42,,,,,,11
0514,中原大學,應用華語文學系,國文(學測),2.00,英文(學測),1.75,歷史(分科),1.25,,,,,19,161.00,,,,,,,,11
0515,中原大學,半導體產業學士學位學程,物理(分科),1.00,數學甲(分科),1.00,英文(學測),1.00,國文(學測),1.00,,,7,155.00,物理(分科),36,,,,,,11
0516,東海大學,中國文學系,國文(學測),2.00,歷史(分科),1.00,公民與社會(分科),1.00,,,,,26,147.00,,,,,,,,11
0517,東海大學,外國語文學系,英文(學測),2.00,國文(學測),1.00,歷史(分科),1.00,,,,,43,128.00,,,,,,,,11
0520,東海大學,歷史學系,歷史(分科),2.00,社會(學測),2.00,國文(學測),1.00,,,,,15,228.00,,,,,,,,11
0521,東海大學,日本語言文化學系,英文(學測),1.50,國文(學測),1.50,公民與社會(分科),1.75,,,,,39,148.25,,,,,,,,11
0522,東海大學,哲學系,公民與社會(分科),1.50,歷史(分科),1.50,國文(學測),1.00,,,,,17,147.00,,,,,,,,11
0523,東海大學,應用物理學系(A組),數學甲(分科),1.00,英文(學測),1.00,國文(學測),1.00,,,,,10,103.00,,,,,,,,11
0524,東海大學,應用物理學系(B組),數學乙(分科),1.00,英文(學測),1.00,國文(學測),1.00,,,,,3,108.00,數學乙(分科),41,,,,,,11
0525,東海大學,化學系化學組,化學(分科),2.00,英文(學測),1.00,國文(學測),1.00,,,,,9,155.00,,,,,,,,11
0526,東海大學,化學系化學生物組,化學(分科),2.00,英文(學測),1.00,自然(學測),1.00,,,,,9,143.00,,,,,,,,11
0527,東海大學,生命科學系(生物醫學組),生物(分科),2.00,英文(學測),2.00,化學(分科),1.50,,,,,10,172.50,,,,,,,,11
0530,東海大學,生命科學系(生態暨生物多樣性組),生物(分科),2.00,英文(學測),2.00,國文(學測),1.75,,,,,20,190.50,,,,,,,,11
0531,東海大學,智慧計算暨應用數學系(A組),數學甲(分科),2.00,國文(學測),2.00,英文(學測),1.00,,,,,4,166.00,,,,,,,,11
0532,東海大學,智慧計算暨應用數學系(B組),數學乙(分科),2.00,國文(學測),2.00,英文(學測),1.00,,,,,4,181.00,,,,,,,,11
0533,東海大學,化學工程與材料工程學系,化學(分科),2.00,數學甲(分科),2.00,物理(分科),1.00,,,,,29,151.00,化學(分科),38,,,,,,11
0534,東海大學,工業工程與經營資訊學系(智慧設計與生產組),數學甲(分科),2.00,英文(學測),1.50,國文(學測),1.00,,,,,6,141.50,,,,,,,,11
0535,東海大學,工業工程與經營資訊學系(智慧經營與管理組),英文(學測),2.00,數學乙(分科),1.50,國文(學測),1.00,,,,,11,156.00,,,,,,,,11
0536,東海大學,環境科學與工程學系,化學(分科),2.00,英文(學測),1.50,國文(學測),1.50,,,,,31,160.50,化學(分科),33,166.05,,,,,11
0537,東海大學,資訊工程學系,數學甲(分科),2.00,英文(學測),2.00,國文(學測),1.50,,,,,33,178.00,,,,,,,,11
0540,東海大學,電機工程學系,數學甲(分科),1.50,國文(學測),2.00,英文(學測),1.00,,,,,19,166.50,數學甲(分科),25,,,,,,11
0541,東海大學,企業管理學系,社會(學測),2.00,國文(學測),1.50,公民與社會(分科),1.50,,,,,58,198.00,社會(學測),45,199.65,,,,,11
0542,東海大學,國際經營與貿易學系,公民與社會(分科),2.00,英文(學測),1.50,國文(學測),1.50,,,,,36,175.50,,,,,,,,11
0543,東海大學,會計學系,公民與社會(分科),2.00,英文(學測),1.00,數學B(學測),1.00,國文(學測),1.00,,,32,157.00,公民與社會(分科),44,,,,,,11
0544,東海大學,財務金融學系,英文(學測),1.50,數學乙(分科),1.00,國文(學測),1.00,,,,,72,104.00,英文(學測),24,105.35,,,,,11
0545,東海大學,統計學系(巨量資料管理組),數學甲(分科),2.00,國文(學測),1.75,英文(學測),1.00,,,,,12,143.25,,,,,,,,11
0546,東海大學,統計學系(決策管理組),數學乙(分科),2.00,國文(學測),1.75,英文(學測),1.00,,,,,12,144.75,,,,,,,,12
0547,東海大學,資訊管理學系,英文(學測),1.00,公民與社會(分科),2.00,國文(學測),2.00,,,,,22,181.00,英文(學測),31,,,,,,12
0550,東海大學,經濟學系,國文(學測),2.00,數學乙(分科),2.00,英文(學測),1.00,,,,,24,151.00,國文(學測),33,155.85,,,,,12
0551,東海大學,政治學系,英文(學測),2.00,公民與社會(分科),2.00,國文(學測),1.75,,,,,31,210.50,,,,,,,,12
0552,東海大學,行政管理暨政策學系,公民與社會(分科),1.50,社會(學測),2.00,國文(學測),1.00,,,,,23,190.50,,,213.85,,,,,12
0553,東海大學,社會學系,公民與社會(分科),2.00,社會(學測),2.00,國文(學測),1.75,,,,,45,219.50,,,224.90,,,,,12
0554,東海大學,社會工作學系,公民與社會(分科),2.00,國文(學測),1.50,社會(學測),1.00,,,,,43,164.00,公民與社會(分科),41,169.25,,,,,12
0555,東海大學,畜產與生物科技學系,生物(分科),2.00,英文(學測),1.00,國文(學測),1.00,,,,,25,122.00,,,,,,,,12
0556,東海大學,食品科學系,自然(學測),2.00,化學(分科),1.00,國文(學測),1.50,,,,,18,163.00,,,,,,,,12
0557,東海大學,餐旅管理學系,公民與社會(分科),1.50,社會(學測),1.25,英文(學測),1.00,,,,,17,119.75,,,148.00,,,,,12
0560,東海大學,高齡健康與運動科學學士學位學程,英文(學測),1.50,國文(學測),1.25,數學乙(分科),1.00,,,,,11,103.50,,,,,,,,12
0561,東海大學,美術學系,美術(術科),2.00,國文(學測),2.00,英文(學測),1.00,公民與社會(分科),1.00,,,10,217.00,,,,,,,,12
0562,東海大學,音樂學系,英文(學測),1.50,國文(學測),1.50,歷史(分科),1.00,,,,,2,144.00,,,,,,,,12
0563,東海大學,建築學系(A組),數學A(學測),1.50,物理(分科),1.50,英文(學測),1.50,化學(分科),1.00,,,11,219.00,,,,,,,,12
0564,東海大學,建築學系(B組),數學B(學測),1.50,歷史(分科),1.50,英文(學測),1.50,國文(學測),1.00,,,7,221.00,,,,,,,,12
0565,東海大學,工業設計學系(A組),國文(學測),2.00,英文(學測),2.00,物理(分科),1.00,,,,,10,185.00,,,189.20,,,,,12
0566,東海大學,工業設計學系(B組),國文(學測),2.00,英文(學測),2.00,公民與社會(分科),1.00,,,,,8,200.00,,,,,,,,12
0567,東海大學,景觀學系,英文(學測),1.50,國文(學測),1.00,公民與社會(分科),1.00,,,,,25,105.00,英文(學測),22,,,,,,12
0570,東海大學,法律學系,國文(學測),1.50,英文(學測),1.50,公民與社會(分科),1.50,歷史(分科),1.00,,,66,239.50,,,240.85,,,,,12
0571,東海大學,國際學院國際經營管理學位學程,英文(學測),2.00,國文(學測),1.00,公民與社會(分科),1.00,,,,,12,128.00,,,,,,,,12
0572,東海大學,永續科學與管理學士學位學程,英文(學測),2.00,國文(學測),1.00,化學(分科),1.00,,,,,10,128.00,,,,,,,,12
0573,國立清華大學,中國文學系甲組(一般組),國文(學測),1.50,英文(學測),1.25,數學B(學測),1.00,歷史(分科),1.00,地理(分科),1.00,13,260.25,,,261.30,,,,,12
0574,國立清華大學,中國文學系乙組(華語文教學組),國文(學測),1.50,英文(學測),1.50,數學B(學測),1.00,歷史(分科),1.00,地理(分科),1.00,10,269.50,,,,,,,,12
0575,國立清華大學,外國語文學系,英文(學測),2.00,國文(學測),1.50,歷史(分科),1.00,地理(分科),1.00,數學B(學測),1.00,12,307.00,英文(學測),56,342.75,,,,,12
0576,國立清華大學,人文社會學院學士班,英文(學測),1.50,數學乙(分科),1.50,國文(學測),1.50,歷史(分科),1.00,公民與社會(分科),1.00,16,309.50,英文(學測),47,,,,,,12
0577,國立清華大學,教育與學習科技學系,國文(學測),2.00,英文(學測),2.00,數學B(學測),1.00,歷史(分科),1.00,,,8,274.00,,,,,,,,12
0600,國立清華大學,幼兒教育學系,英文(學測),2.00,國文(學測),2.00,歷史(分科),1.50,地理(分科),1.00,公民與社會(分科),1.00,8,355.50,英文(學測),51,,,,,,12
0601,國立清華大學,特殊教育學系,國文(學測),2.00,英文(學測),2.00,歷史(分科),1.00,公民與社會(分科),1.00,,,16,282.00,,,283.80,,,,,12
0602,國立清華大學,教育心理與諮商學系甲組,英文(學測),2.00,國文(學測),1.50,數學B(學測),1.50,公民與社會(分科),1.00,,,8,284.50,,,,,,,,12
0603,國立清華大學,教育心理與諮商學系乙組,英文(學測),2.00,國文(學測),1.50,數學乙(分科),1.50,生物(分科),1.00,,,7,297.50,,,,,,,,12
0604,國立清華大學,英語教學系,英文(學測),2.00,國文(學測),1.50,歷史(分科),1.00,數學B(學測),1.00,地理(分科),1.00,11,292.50,,,,,316.75,,,12
0605,國立清華大學,運動科學系,英文(學測),2.00,數學甲(分科),1.25,國文(學測),1.25,,,,,2,209.50,,,,,,,,12
0606,國立清華大學,竹師教育學院學士班,英文(學測),2.00,國文(學測),1.00,生物(分科),1.50,,,,,5,228.00,,,,,,,,12
0607,國立清華大學,環境與文化資源學系,公民與社會(分科),1.75,地理(分科),1.50,英文(學測),2.00,國文(學測),1.00,數學B(學測),1.00,8,339.25,,,,,,,,13
0610,國立清華大學,經濟學系第1組,英文(學測),2.00,數學甲(分科),2.00,國文(學測),1.00,,,,,21,232.00,,,,,,,,13
0611,國立清華大學,經濟學系第2組,英文(學測),2.00,數學A(學測),2.00,國文(學測),1.00,歷史(分科),1.00,地理(分科),1.00,21,336.00,,,,,,,,13
0612,國立清華大學,科技管理學院學士班,數學甲(分科),1.00,英文(學測),1.00,物理(分科),1.00,化學(分科),1.00,,,12,184.00,數學甲(分科),52,,,,,,13
0613,國立清華大學,計量財務金融學系甲組,數學甲(分科),1.50,英文(學測),1.50,國文(學測),1.00,,,,,8,198.50,,,,,,,,13
0614,國立清華大學,計量財務金融學系乙組,數學乙(分科),1.50,英文(學測),1.50,國文(學測),1.00,,,,,7,216.50,,,,,,,,13
0615,國立清華大學,數學系甲組(數學組),數學甲(分科),2.00,物理(分科),1.50,英文(學測),1.50,化學(分科),1.00,,,14,269.00,,,,,,,,13
0616,國立清華大學,數學系乙組(應用數學組),數學甲(分科),2.00,物理(分科),1.50,英文(學測),1.50,化學(分科),1.00,,,13,271.00,,,,,,,,13
0617,國立清華大學,物理學系物理組(甲組一般組),物理(分科),1.50,數學甲(分科),1.50,英文(學測),1.00,化學(分科),1.00,國文(學測),1.00,11,290.00,物理(分科),47,,,,,,13
0620,國立清華大學,物理學系物理組(乙組天文物理組),物理(分科),1.50,數學甲(分科),1.50,英文(學測),1.00,化學(分科),1.00,國文(學測),1.00,1,299.50,,,,,,,,13
0621,國立清華大學,物理學系光電物理組,物理(分科),1.50,數學甲(分科),1.50,英文(學測),1.00,化學(分科),1.00,國文(學測),1.00,5,300.00,,,302.40,,,,,13
0622,國立清華大學,化學系,化學(分科),1.00,物理(分科),1.00,數學甲(分科),1.00,英文(學測),1.00,國文(學測),1.00,24,241.00,化學(分科),51,241.65,,,,,13
0623,國立清華大學,理學院學士班,數學甲(分科),1.50,物理(分科),1.25,化學(分科),1.00,英文(學測),1.00,國文(學測),1.00,10,278.25,,,,,,,,13
0624,國立清華大學,生醫工程與環境科學系,英文(學測),1.00,數學甲(分科),1.00,物理(分科),1.00,化學(分科),1.00,國文(學測),1.00,12,232.00,英文(學測),56,,,,,,13
0625,國立清華大學,工程與系統科學系甲組(低碳綠能組),英文(學測),1.00,物理(分科),1.00,數學甲(分科),1.00,化學(分科),1.00,國文(學測),1.00,6,244.00,,,,,,,,13
0626,國立清華大學,工程與系統科學系乙組(智慧奈米系統組),英文(學測),1.00,物理(分科),1.00,數學甲(分科),1.00,化學(分科),1.00,國文(學測),1.00,6,247.00,,,251.10,,,,,13
0627,國立清華大學,原子科學院學士班,英文(學測),1.00,數學甲(分科),1.00,物理(分科),1.00,化學(分科),1.00,國文(學測),1.00,6,242.00,英文(學測),58,,,,,,13
0630,國立清華大學,化學工程學系,數學甲(分科),1.00,物理(分科),1.00,化學(分科),1.00,英文(學測),1.00,國文(學測),1.00,12,248.00,,,,,,,,13
0631,國立清華大學,動力機械工程學系甲組,數學甲(分科),1.00,物理(分科),1.00,英文(學測),1.00,化學(分科),1.00,國文(學測),1.00,3,251.00,,,,,,,,13
0632,國立清華大學,動力機械工程學系乙組,數學甲(分科),1.00,物理(分科),1.00,英文(學測),1.00,化學(分科),1.00,國文(學測),1.00,23,243.00,數學甲(分科),49,244.35,,,,,13
0633,國立清華大學,材料科學工程學系甲組,物理(分科),1.00,化學(分科),1.00,英文(學測),1.00,數學甲(分科),1.00,,,3,217.00,,,,,,,,13
0634,國立清華大學,材料科學工程學系乙組,物理(分科),1.00,化學(分科),1.00,英文(學測),1.00,數學甲(分科),1.00,,,19,204.00,物理(分科),50,,,,,,13
0635,國立清華大學,工業工程與工程管理學系,數學甲(分科),1.50,英文(學測),1.50,物理(分科),1.00,國文(學測),1.00,,,19,238.00,數學甲(分科),37,,,,,,13
0636,國立清華大學,工學院學士班,數學甲(分科),1.00,物理(分科),1.00,化學(分科),1.00,英文(學測),1.00,國文(學測),1.00,8,250.00,,,,,,,,13
0637,國立清華大學,電機工程學系甲組,英文(學測),1.00,數學甲(分科),2.00,物理(分科),2.00,化學(分科),2.00,,,4,398.00,英文(學測),54,,,,,,13
0640,國立清華大學,電機工程學系乙組,數學甲(分科),1.00,物理(分科),2.00,化學(分科),1.00,,,,,14,221.00,數學甲(分科),49,,,,,,13
0641,國立清華大學,資訊工程學系甲組(電子資訊組),數學甲(分科),1.00,物理(分科),1.00,英文(學測),1.00,國文(學測),1.00,化學(分科),1.00,5,260.00,,,,,,,,13
0642,國立清華大學,資訊工程學系乙組(資訊工程組),數學甲(分科),1.00,物理(分科),1.00,英文(學測),1.00,國文(學測),1.00,化學(分科),1.00,14,254.00,,,255.15,,,,,13
0643,國立清華大學,資訊工程學系丙組(人工智慧組),數學甲(分科),1.00,物理(分科),1.00,英文(學測),1.00,國文(學測),1.00,化學(分科),1.00,7,252.00,數學甲(分科),51,,,,,,13
0644,國立清華大學,電機資訊學院學士班,數學甲(分科),1.00,英文(學測),1.00,物理(分科),1.00,化學(分科),1.00,國文(學測),1.00,15,263.00,數學甲(分科),58,272.70,,,,,13
0645,國立清華大學,生命科學系,生物(分科),1.25,英文(學測),1.25,化學(分科),1.25,數學甲(分科),1.00,物理(分科),1.00,11,254.75,,,,,,,,13
0646,國立清華大學,醫學科學系,生物(分科),1.50,化學(分科),1.50,英文(學測),1.50,數學甲(分科),1.00,物理(分科),1.00,9,309.00,,,,,,,,13
0647,國立清華大學,生命科學暨醫學院學士班,生物(分科),1.00,化學(分科),1.00,物理(分科),1.00,數學甲(分科),1.00,,,6,180.00,生物(分科),56,,,,,,14
0650,國立清華大學,藝術與設計學系創作組,美術(術科),2.00,國文(學測),1.50,英文(學測),1.00,歷史(分科),1.50,,,8,301.94,,,,,,,,14
0651,國立清華大學,藝術與設計學系設計組,國文(學測),1.50,英文(學測),1.00,歷史(分科),1.50,,,,,13,194.00,,,,,,,,14
0652,國立清華大學,藝術學院學士班,英文(學測),1.50,國文(學測),1.50,數學乙(分科),1.00,,,,,6,195.50,,,,,,,,14
0653,中國醫藥大學,牙醫學系,國文(學測),1.00,生物(分科),1.25,化學(分科),1.00,物理(分科),1.00,數學甲(分科),1.00,25,278.50,,,286.45 物理44,,,,,14
0654,中國醫藥大學,醫學系,物理(分科),1.00,化學(分科),1.00,生物(分科),1.00,數學甲(分科),1.00,國文(學測),1.00,43,265.00,物理(分科),50,279.45,,,,,14
0655,中國醫藥大學,中醫學系甲組,國文(學測),1.25,生物(分科),1.00,社會(學測),1.00,化學(分科),1.00,數學甲(分科),1.25,19,287.50,國文(學測),57,305.35,,,,,14
0656,中國醫藥大學,中醫學系乙組,國文(學測),1.25,生物(分科),1.00,社會(學測),1.00,化學(分科),1.00,數學甲(分科),1.25,9,286.75,國文(學測),53,,,,,,14
0657,中國醫藥大學,藥學系,化學(分科),1.00,英文(學測),1.00,生物(分科),1.00,數學A(學測),1.00,國文(學測),1.00,60,256.00,化學(分科),49,,,,,,14
0660,中國醫藥大學,護理學系,生物(分科),1.00,英文(學測),1.00,國文(學測),1.00,,,,,15,128.00,,,147.15,,,,,14
0661,中國醫藥大學,醫學檢驗生物技術學系,化學(分科),1.25,生物(分科),1.25,英文(學測),1.00,,,,,20,159.50,,,,,,,,14
0662,中國醫藥大學,營養學系,英文(學測),1.50,生物(分科),1.50,國文(學測),1.00,,,,,18,170.00,英文(學測),44,188.05,,,,,14
0663,中國醫藥大學,物理治療學系,英文(學測),1.50,生物(分科),1.25,物理(分科),1.00,,,,,8,184.25,,,,,,,,14
0664,中國醫藥大學,生物科技學系,英文(學測),1.25,國文(學測),1.25,生物(分科),1.50,,,,,16,178.00,英文(學測),37,,,,,,14
0665,中國醫藥大學,運動醫學系,英文(學測),2.00,生物(分科),2.00,國文(學測),1.00,,,,,9,218.00,,,,,,,,14
0666,中國醫藥大學,中國藥學暨中藥資源學系,國文(學測),1.50,英文(學測),1.50,化學(分科),1.00,,,,,5,202.00,,,,,,,,14
0667,中國醫藥大學,藥用化妝品學系,化學(分科),1.00,生物(分科),1.00,英文(學測),1.00,,,,,18,108.00,,,,,,132.50,,14
0670,中國醫藥大學,生物醫學影像暨放射科學學系,生物(分科),1.00,英文(學測),1.00,國文(學測),1.00,,,,,9,143.00,生物(分科),52,151.20,,,,,14
0671,中國醫藥大學,公共衛生學院大一不分系,生物(分科),2.00,國文(學測),2.00,英文(學測),1.50,,,,,19,228.50,生物(分科),43,,,,,,14
0672,中國醫藥大學,生物醫學工程學系,國文(學測),1.50,英文(學測),1.50,生物(分科),1.00,,,,,8,190.00,國文(學測),46,196.30,,,,,14
0673,中國醫藥大學,醫療資訊學系,生物(分科),1.25,英文(學測),1.25,數學甲(分科),1.00,,,,,8,122.75,,,146.65,,,,,14
0674,國立陽明交通大學,電機工程學系甲組(電資國際組),數學甲(分科),1.00,物理(分科),1.00,化學(分科),1.00,英文(學測),2.00,,,4,287.00,,,,,,,,14
0675,國立陽明交通大學,電機工程學系乙組(電機工程組),數學甲(分科),1.50,物理(分科),1.50,化學(分科),1.00,,,,,25,223.50,數學甲(分科),56,,,,,,14
0676,國立陽明交通大學,電機工程學系丙組(醫學電資組),物理(分科),1.50,化學(分科),1.00,數學甲(分科),1.00,,,,,3,193.50,,,,,,,,14
0677,國立陽明交通大學,光電工程學系,物理(分科),1.50,化學(分科),1.50,數學甲(分科),1.00,英文(學測),2.00,,,6,309.50,,,,,,,,14
0700,國立陽明交通大學,資訊工程學系甲組,數學甲(分科),1.00,英文(學測),1.00,物理(分科),1.00,化學(分科),1.00,,,5,213.00,數學甲(分科),53,,,,,,14
0701,國立陽明交通大學,資訊工程學系乙組,數學甲(分科),1.00,英文(學測),1.00,物理(分科),1.00,化學(分科),1.00,,,31,203.00,數學甲(分科),50,,,,,,14
0702,國立陽明交通大學,半導體工程學系固態電子組,數學甲(分科),1.50,物理(分科),1.50,化學(分科),1.00,英文(學測),1.00,,,27,254.50,,,,,,,,14
0703,國立陽明交通大學,半導體工程學系奈米科學組,數學甲(分科),1.50,物理(分科),1.50,化學(分科),1.00,英文(學測),1.00,,,3,254.00,數學甲(分科),47,,,,,,14
0704,國立陽明交通大學,材料科學與工程學系-伊利諾雙聯組,物理(分科),1.00,化學(分科),1.00,數學甲(分科),1.00,自然(學測),1.00,英文(學測),1.00,4,262.00,,,271.35,,,,,14
0705,國立陽明交通大學,材料科學與工程學系,物理(分科),1.00,化學(分科),1.00,數學甲(分科),1.00,自然(學測),1.00,英文(學測),1.00,10,257.00,物理(分科),54,,,,,,14
0706,國立陽明交通大學,機械工程學系,數學甲(分科),1.00,物理(分科),1.00,英文(學測),1.00,化學(分科),1.00,,,36,192.00,數學甲(分科),43,,,,,,14
0707,國立陽明交通大學,土木工程學系(科技暨基礎建設永續發展組),數學甲(分科),1.00,物理(分科),1.00,英文(學測),1.00,化學(分科),1.00,,,39,176.00,數學甲(分科),34,,,,,,15
0710,國立陽明交通大學,理學院科學學士學位學程甲組,物理(分科),1.00,數學甲(分科),1.00,化學(分科),1.00,英文(學測),1.00,,,8,198.00,,,,,,,,15
0711,國立陽明交通大學,電子物理學系光電與奈米科學組,物理(分科),1.50,數學甲(分科),1.00,化學(分科),1.00,英文(學測),1.00,,,4,229.00,物理(分科),54,,,,,,15
0712,國立陽明交通大學,電子物理學系電子物理組,物理(分科),1.00,數學甲(分科),1.00,化學(分科),1.00,英文(學測),1.00,,,15,203.00,物理(分科),55,207.90,,,,,15
0713,國立陽明交通大學,應用化學系,化學(分科),1.50,物理(分科),1.00,數學甲(分科),1.00,英文(學測),1.00,國文(學測),1.00,24,264.00,化學(分科),52,,,,,,15
0714,國立陽明交通大學,應用數學系,數學甲(分科),2.00,物理(分科),1.50,化學(分科),1.00,英文(學測),1.50,,,20,270.00,,,,,,312.50,,15
0715,國立陽明交通大學,生物科技學系甲組,生物(分科),1.50,化學(分科),1.25,英文(學測),1.25,數學甲(分科),1.00,物理(分科),1.00,15,269.00,,,,,,,,15
0716,國立陽明交通大學,生物科技學系乙組,數學甲(分科),1.25,化學(分科),1.25,物理(分科),1.25,英文(學測),1.00,,,6,212.00,,,,,,,,15
0717,國立陽明交通大學,資訊管理與財務金融學系資訊管理組,數學甲(分科),2.00,英文(學測),1.50,國文(學測),1.00,,,,,4,225.50,,,,,,,,15
0720,國立陽明交通大學,資訊管理與財務金融學系財務金融組,數學乙(分科),2.00,英文(學測),2.00,國文(學測),1.00,,,,,6,274.00,數學乙(分科),60,,,,,,15
0721,國立陽明交通大學,管理科學系(自然組),數學甲(分科),2.00,英文(學測),1.50,國文(學測),1.00,,,,,7,215.50,,,,,,,,15
0722,國立陽明交通大學,管理科學系(社會組),數學乙(分科),2.00,英文(學測),2.00,國文(學測),1.00,,,,,22,256.00,數學乙(分科),57,,,,,,15
0723,國立陽明交通大學,運輸與物流管理學系,數學甲(分科),1.50,英文(學測),1.50,國文(學測),1.00,物理(分科),1.00,,,17,223.00,數學甲(分科),41,,,,,,15
0724,國立陽明交通大學,工業工程與管理學系甲組,數學甲(分科),1.00,英文(學測),1.00,國文(學測),1.00,物理(分科),1.00,,,7,191.00,數學甲(分科),45,191.70,,,,,15
0725,國立陽明交通大學,工業工程與管理學系乙組,數學乙(分科),1.00,英文(學測),1.00,國文(學測),1.00,,,,,2,162.00,數學乙(分科),54,,,,,,15
0726,國立陽明交通大學,外國語文學系,英文(學測),2.00,國文(學測),1.50,地理(分科),1.00,歷史(分科),1.00,,,17,278.00,,,281.70,,,,,15
0727,國立陽明交通大學,傳播與科技學系,國文(學測),1.50,英文(學測),1.50,數學乙(分科),1.00,歷史(分科),1.00,地理(分科),1.00,17,289.00,,,,,,,,15
0730,國立陽明交通大學,人文社會學系,國文(學測),1.00,英文(學測),1.00,公民與社會(分科),1.00,歷史(分科),1.00,地理(分科),1.00,27,242.00,國文(學測),52,247.05,,,,,15
0731,國立陽明交通大學,醫學系(自費),英文(學測),1.00,生物(分科),1.00,化學(分科),1.00,數學甲(分科),1.00,物理(分科),1.00,37,279.00,英文(學測),56,352.35,,,,,15
0732,國立陽明交通大學,醫學系(公費),英文(學測),1.00,生物(分科),1.00,化學(分科),1.00,數學甲(分科),1.00,物理(分科),1.00,3,260.00,,,,,,,,15
0733,國立陽明交通大學,牙醫學系,生物(分科),1.00,化學(分科),1.00,英文(學測),1.00,數學甲(分科),1.00,物理(分科),1.00,19,276.00,生物(分科),58,307.80,,,,,15
0734,國立陽明交通大學,醫學生物技術暨檢驗學系,化學(分科),2.00,英文(學測),1.75,生物(分科),1.75,國文(學測),1.00,,,21,324.00,化學(分科),52,,,,,,15
0735,國立陽明交通大學,生物醫學影像暨放射科學系,數學甲(分科),1.25,化學(分科),1.25,物理(分科),1.25,英文(學測),1.00,生物(分科),1.00,18,250.25,,,,,,,,15
0736,國立陽明交通大學,物理治療暨輔助科技學系,生物(分科),1.00,英文(學測),1.00,物理(分科),1.00,數學甲(分科),1.00,化學(分科),1.00,32,235.00,生物(分科),57,237.60,,,,,15
0737,國立陽明交通大學,護理學系,英文(學測),1.50,生物(分科),1.00,化學(分科),1.00,國文(學測),1.00,,,12,215.50,,,,,,,,15
0740,國立陽明交通大學,生命科學系暨基因體科學研究所,生物(分科),1.50,化學(分科),1.25,數學甲(分科),1.00,物理(分科),1.00,英文(學測),1.00,15,257.50,生物(分科),58,267.70,,,,,15
0741,國立陽明交通大學,生物醫學工程學系,數學甲(分科),1.00,物理(分科),1.25,化學(分科),1.25,英文(學測),1.00,,,17,209.00,數學甲(分科),45,,,,,,15
0742,國立陽明交通大學,學士班大一大二不分系,生物(分科),1.50,物理(分科),1.00,化學(分科),1.00,數學甲(分科),1.00,英文(學測),1.00,3,277.50,,,,,,,,15
0743,國立陽明交通大學,藥學系,化學(分科),1.00,數學甲(分科),1.00,英文(學測),1.00,生物(分科),1.00,物理(分科),1.00,8,257.00,,,,,,,,15
0744,國立陽明交通大學,中醫學系,生物(分科),1.00,英文(學測),1.00,化學(分科),1.00,數學甲(分科),1.00,國文(學測),1.00,16,264.00,生物(分科),57,276.75,,,,,15
0745,淡江大學,中國文學學系,國文(學測),2.00,歷史(分科),1.50,英文(學測),1.00,,,,,33,138.00,國文(學測),36,,,,,,15
0746,淡江大學,歷史學系,歷史(分科),2.00,國文(學測),1.50,英文(學測),1.00,,,,,44,145.50,歷史(分科),40,153.00,,,,,15
0747,淡江大學,資訊與圖書館學系,英文(學測),1.00,國文(學測),2.00,公民與社會(分科),1.00,,,,,61,113.00,英文(學測),19,,,,,,16
0750,淡江大學,大眾傳播學系,英文(學測),1.00,國文(學測),1.00,公民與社會(分科),1.00,,,,,62,83.00,英文(學測),19,84.70,,,,,16
0751,淡江大學,資訊傳播學系,國文(學測),2.00,英文(學測),1.00,公民與社會(分科),1.00,,,,,35,126.00,國文(學測),36,,,,,,16
0752,淡江大學,教育科技學系,公民與社會(分科),2.00,國文(學測),2.00,英文(學測),1.00,,,,,26,146.00,公民與社會(分科),31,,,,,,16
0753,淡江大學,教育與未來設計學系,公民與社會(分科),2.00,國文(學測),2.00,英文(學測),1.00,,,,,20,146.00,,,,,,,,16
0754,淡江大學,英文學系,英文(學測),2.00,國文(學測),1.00,歷史(分科),1.00,,,,,70,109.00,英文(學測),24,,,,,,16
0755,淡江大學,英文學系全英語學士班,英文(學測),2.00,國文(學測),1.00,地理(分科),1.00,,,,,18,86.00,,,90.90,,,,,16
0756,淡江大學,歐洲語文學系法文組,英文(學測),1.00,國文(學測),1.00,歷史(分科),1.00,,,,,42,76.00,英文(學測),11,,,,,,16
0757,淡江大學,歐洲語文學系德文組,英文(學測),1.00,國文(學測),1.00,地理(分科),1.00,,,,,26,79.00,,,,,,,,16
0760,淡江大學,歐洲語文學系西文組,英文(學測),1.00,國文(學測),1.00,歷史(分科),1.00,,,,,38,84.00,英文(學測),20,,,,,,16
0761,淡江大學,歐洲語文學系俄文組,英文(學測),1.00,國文(學測),1.00,歷史(分科),1.00,,,,,21,71.00,英文(學測),21,,,,,,16
0762,淡江大學,日本語文學系,國文(學測),2.00,英文(學測),1.00,歷史(分科),1.00,,,,,56,135.00,,,154.80,,,,,16
0763,淡江大學,財務金融學系,數學B(學測),2.00,國文(學測),1.00,公民與社會(分科),1.00,,,,,82,122.00,數學B(學測),28,,,,,,16
0764,淡江大學,財務金融學系全球財務管理全英語學士班,英文(學測),2.00,公民與社會(分科),1.50,數學B(學測),1.00,,,,,18,106.00,,,,,,,,16
0765,淡江大學,國際企業學系經貿管理組,英文(學測),1.00,國文(學測),1.00,公民與社會(分科),1.00,,,,,50,98.00,英文(學測),25,,,,,,16
0766,淡江大學,國際企業學系國際商學全英語組,英文(學測),2.00,國文(學測),1.00,公民與社會(分科),1.00,,,,,22,105.00,英文(學測),22,,,,,,16
0767,淡江大學,風險管理與保險學系,國文(學測),1.00,公民與社會(分科),1.00,數學B(學測),1.00,,,,,39,85.00,,,,,,,,16
0770,淡江大學,經濟學系,數學B(學測),2.00,國文(學測),1.00,公民與社會(分科),1.00,,,,,85,108.00,數學B(學測),20,113.60,,,,,16
0771,淡江大學,會計學系,公民與社會(分科),1.50,國文(學測),1.50,英文(學測),1.00,,,,,112,122.00,公民與社會(分科),33,128.10,,,,,16
0772,淡江大學,企業管理學系,國文(學測),1.50,歷史(分科),1.50,英文(學測),1.00,,,,,87,133.50,國文(學測),39,150.95,,,,,16
0773,淡江大學,企業管理學系全英語學士班,英文(學測),2.00,國文(學測),1.50,歷史(分科),1.50,,,,,38,119.00,英文(學測),16,,,,,,16
0774,淡江大學,統計與資料科學學系,數學B(學測),1.50,地理(分科),1.50,國文(學測),1.00,,,,,23,124.00,數學B(學測),20,,,,,,16
0775,淡江大學,資訊管理學系,數學B(學測),1.00,英文(學測),2.00,公民與社會(分科),1.50,,,,,85,113.00,,,,114.75,,,,16
0776,淡江大學,運輸管理學系,國文(學測),2.00,地理(分科),1.50,數學B(學測),1.00,,,,,37,148.50,,,,,,,,16
0777,淡江大學,公共行政暨法律學系,國文(學測),1.50,公民與社會(分科),1.00,歷史(分科),1.00,,,,,55,128.50,,,138.00,,,,,16
1000,淡江大學,管理科學學系,國文(學測),1.00,數學B(學測),1.00,公民與社會(分科),1.00,,,,,18,87.00,國文(學測),37,,,,,,16
1001,淡江大學,外交與國際關係學系全英語學士班,英文(學測),1.50,歷史(分科),1.00,國文(學測),1.00,,,,,19,93.50,,,94.25,,,,,16
1002,淡江大學,國際觀光管理學系全英語學士班,英文(學測),1.25,國文(學測),1.00,地理(分科),1.00,,,,,12,83.50,,,86.10,,,,,16
1003,淡江大學,全球政治經濟學系全英語學士班,英文(學測),2.00,國文(學測),1.00,公民與社會(分科),1.00,,,,,11,96.00,英文(學測),17,,,,,,16
1004,淡江大學,應用數學與數據科學學系,數學甲(分科),2.00,英文(學測),1.50,國文(學測),1.50,,,,,36,139.00,數學甲(分科),29,,,,,,16
1005,淡江大學,化學學系,化學(分科),2.00,自然(學測),2.00,英文(學測),1.00,,,,,32,179.00,,,,,,,,16
1006,淡江大學,物理學系(量子材料組),物理(分科),2.00,數學A(學測),1.50,英文(學測),1.00,,,,,29,140.50,物理(分科),30,,,,,,16
1007,淡江大學,物理學系(天文與基礎物理組),數學A(學測),2.00,物理(分科),1.50,英文(學測),1.00,國文(學測),1.00,,,12,181.50,,,,,,,,17
1010,淡江大學,建築學系,英文(學測),2.00,國文(學測),2.00,物理(分科),1.50,,,,,22,189.00,英文(學測),37,,,,,,17
1011,淡江大學,土木工程學系,物理(分科),1.25,數學甲(分科),1.00,國文(學測),2.00,,,,,28,133.50,,,,,,,,17
1012,淡江大學,資訊工程學系,數學甲(分科),2.00,英文(學測),2.00,國文(學測),1.50,,,,,36,182.00,數學甲(分科),29,,,,,,17
1013,淡江大學,資訊工程學系全英語學士班,英文(學測),2.00,數學B(學測),2.00,歷史(分科),1.50,,,,,13,153.50,,,,,,,,17
1014,淡江大學,機械與機電工程學系,物理(分科),1.00,數學A(學測),1.00,國文(學測),2.00,,,,,35,146.00,,,,,,,,17
1015,淡江大學,電機工程學系(電機資訊組),數學甲(分科),1.50,英文(學測),1.00,國文(學測),1.00,,,,,29,123.00,數學甲(分科),28,,,,,,17
1016,淡江大學,電機工程學系(電機通訊組),數學甲(分科),1.50,自然(學測),1.00,國文(學測),1.00,,,,,19,125.50,數學甲(分科),31,,,,,,17
1017,淡江大學,電機工程學系(電機與系統組),數學甲(分科),1.50,英文(學測),1.00,自然(學測),1.00,,,,,15,125.00,數學甲(分科),26,,,,,,17
1020,淡江大學,化學工程與材料工程學系,化學(分科),1.50,數學甲(分科),1.00,國文(學測),1.00,,,,,25,118.50,化學(分科),35,,,,,,17
1021,淡江大學,航空太空工程學系,物理(分科),2.00,英文(學測),2.00,國文(學測),1.00,,,,,37,166.00,,,,,,,,17
1022,淡江大學,水資源及環境工程學系,國文(學測),2.00,英文(學測),1.00,數學甲(分科),1.00,,,,,13,132.00,國文(學測),44,,,,,,17
1023,淡江大學,人工智慧學系,英文(學測),2.00,物理(分科),2.00,國文(學測),1.00,,,,,40,154.00,,,,,,,,17
1024,逢甲大學,機械與電腦輔助工程學系,國文(學測),2.00,數學A(學測),1.50,物理(分科),1.25,,,,,20,182.50,,,,,,,,17
1025,逢甲大學,纖維與複合材料學系,數學甲(分科),2.00,化學(分科),2.00,英文(學測),1.00,國文(學測),2.00,,,7,240.00,,,,,,,,17
1026,逢甲大學,工業工程與系統管理學系A組,國文(學測),2.00,英文(學測),2.00,數學甲(分科),1.00,,,,,8,192.00,國文(學測),48,,,,,,17
1027,逢甲大學,工業工程與系統管理學系B組,國文(學測),2.00,英文(學測),2.00,數學乙(分科),1.00,,,,,8,192.00,,,,,,,,17
1030,逢甲大學,化學工程學系,化學(分科),2.00,數學甲(分科),1.00,英文(學測),1.00,物理(分科),2.00,國文(學測),2.00,27,290.00,,,,,,,,17
1031,逢甲大學,航太與系統工程學系,數學A(學測),1.50,物理(分科),1.75,英文(學測),1.00,國文(學測),2.00,,,13,241.00,,,,,,,,17
1032,逢甲大學,精密系統設計學士學位學程,物理(分科),1.50,數學甲(分科),2.00,國文(學測),2.00,英文(學測),1.00,,,10,216.50,物理(分科),33,,,,,,17
1033,逢甲大學,應用數學系A組,數學甲(分科),2.00,英文(學測),1.50,國文(學測),2.00,,,,,10,188.00,,,,,,,,17
1034,逢甲大學,應用數學系B組,數學乙(分科),2.00,英文(學測),1.50,國文(學測),2.00,,,,,7,197.50,,,,,,,,17
1035,逢甲大學,材料科學與工程學系,化學(分科),2.00,英文(學測),2.00,數學甲(分科),1.00,物理(分科),1.50,國文(學測),1.00,24,281.50,,,,,,,,17
1036,逢甲大學,環境工程與科學學系,數學甲(分科),1.75,化學(分科),2.00,國文(學測),2.00,英文(學測),1.00,,,20,221.50,,,,,,,,17
1037,逢甲大學,光電科學與工程學系,數學甲(分科),1.50,英文(學測),1.50,國文(學測),2.00,,,,,30,185.50,,,,,,,,17
1040,逢甲大學,會計學系,英文(學測),1.50,國文(學測),1.50,數學乙(分科),1.25,公民與社會(分科),1.00,,,40,152.00,英文(學測),28,,,,,,17
1041,逢甲大學,國際經營與貿易學系,英文(學測),2.00,地理(分科),1.00,國文(學測),1.00,數學乙(分科),1.00,,,23,158.00,,,185.25,,,,,17
1042,逢甲大學,國際企業管理全英語學士學位學程,英文(學測),2.00,數學乙(分科),1.50,國文(學測),1.50,,,,,7,157.00,,,,,,,,17
1043,逢甲大學,財稅學系,英文(學測),1.50,數學乙(分科),1.50,國文(學測),1.25,歷史(分科),1.00,,,14,161.00,,,,,,,,17
1044,逢甲大學,合作經濟暨社會事業經營學系,英文(學測),2.00,國文(學測),1.50,歷史(分科),1.00,數學乙(分科),1.00,,,13,157.50,,,,,,,,17
1045,逢甲大學,統計學系商業大數據組,數學乙(分科),2.00,英文(學測),1.50,國文(學測),1.00,地理(分科),1.00,,,7,168.50,,,,,,,,17
1046,逢甲大學,統計學系大數據分析與市場決策組,數學乙(分科),2.00,英文(學測),1.50,地理(分科),1.00,,,,,7,133.00,,,,,,,,17
1047,逢甲大學,經濟學系,數學乙(分科),1.50,英文(學測),1.50,國文(學測),1.00,,,,,19,130.50,,,,,,,,17
1050,逢甲大學,企業管理學系,英文(學測),2.00,國文(學測),1.50,數學乙(分科),1.00,歷史(分科),1.50,,,47,180.00,英文(學測),23,,,,,,18
1051,逢甲大學,行銷學系,國文(學測),2.00,英文(學測),2.00,公民與社會(分科),1.00,,,,,13,175.00,國文(學測),42,,,,,,18
1052,逢甲大學,中國文學系,國文(學測),2.00,歷史(分科),2.00,英文(學測),1.25,,,,,27,169.00,,,169.35,,,,,18
1053,逢甲大學,外國語文學系,英文(學測),2.00,國文(學測),1.75,歷史(分科),1.50,,,,,32,166.50,,,,,,,,18
1054,逢甲大學,資訊工程學系甲組,數學甲(分科),1.50,英文(學測),1.50,國文(學測),1.00,,,,,16,148.00,數學甲(分科),27,,,,,,18
1055,逢甲大學,資訊工程學系乙組,數學乙(分科),1.50,英文(學測),1.50,國文(學測),1.00,,,,,13,162.00,,,,,,,,18
1056,逢甲大學,電子工程學系,數學甲(分科),1.75,英文(學測),1.00,國文(學測),1.00,,,,,21,138.50,數學甲(分科),26,,,,,,18
1057,逢甲大學,電機工程學系,數學甲(分科),1.25,物理(分科),1.25,國文(學測),1.50,英文(學測),1.00,,,41,192.00,,,,,,,,18
1060,逢甲大學,自動控制工程學系,數學甲(分科),2.00,英文(學測),1.50,國文(學測),1.25,,,,,20,162.75,,,,,,,,18
1061,逢甲大學,資訊電機學院學士班,數學甲(分科),1.50,國文(學測),1.50,英文(學測),1.00,,,,,25,150.00,數學甲(分科),29,156.90,,,,,18
1062,逢甲大學,通訊工程學系甲組,數學甲(分科),2.00,國文(學測),1.75,英文(學測),1.50,,,,,10,188.50,數學甲(分科),33,,,,,,18
1063,逢甲大學,通訊工程學系乙組,數學乙(分科),2.00,國文(學測),1.75,英文(學測),1.50,,,,,8,220.50,,,,,,,,18
1064,逢甲大學,土木工程學系,國文(學測),2.00,數學甲(分科),1.50,物理(分科),2.00,英文(學測),1.00,,,18,212.00,,,,,,,,18
1065,逢甲大學,水利工程與資源保育學系,數學甲(分科),1.00,英文(學測),2.00,國文(學測),2.00,,,,,15,172.00,數學甲(分科),26,,,,,,18
1066,逢甲大學,都市計畫與空間資訊學系,國文(學測),2.00,地理(分科),2.00,英文(學測),1.00,數學B(學測),1.00,,,23,198.00,國文(學測),42,217.80,,,,,18
1067,逢甲大學,運輸與物流學系,英文(學測),2.00,國文(學測),2.00,數學B(學測),1.75,公民與社會(分科),1.00,,,13,193.50,,,,,,,,18
1070,逢甲大學,土地管理學系,國文(學測),2.00,公民與社會(分科),1.75,英文(學測),1.00,數學B(學測),1.00,,,12,192.75,,,228.75,,,,,18
1071,逢甲大學,財務金融學系,英文(學測),1.50,數學B(學測),1.00,國文(學測),1.00,公民與社會(分科),1.00,,,19,155.50,英文(學測),29,186.80,,,,,18
1072,逢甲大學,風險管理與保險學系,國文(學測),1.50,地理(分科),1.50,英文(學測),1.00,數學B(學測),1.00,,,12,158.00,,,,,,,,18
1073,逢甲大學,財務工程與精算學士學位學程,數學B(學測),2.00,英文(學測),1.50,地理(分科),1.25,國文(學測),1.00,,,10,186.75,,,,,,,,18
1074,逢甲大學,金融學院學士班,英文(學測),1.50,數學B(學測),1.50,國文(學測),1.00,公民與社會(分科),1.00,,,11,157.50,英文(學測),31,,,,,,18
1075,逢甲大學,建築專業學院學士班,國文(學測),2.00,英文(學測),2.00,數學A(學測),1.75,物理(分科),1.00,,,11,236.25,,,,,,,,18
1076,逢甲大學,室內設計學士學位學程,國文(學測),1.00,英文(學測),1.50,歷史(分科),1.50,數學B(學測),1.00,,,19,154.00,,,,,,,,18
1077,逢甲大學,人工智慧技術與應用學士學位學程,數學甲(分科),1.50,英文(學測),1.25,國文(學測),1.00,,,,,9,127.75,,,,,,,,18
1100,國立中央大學,中國文學系,國文(學測),2.00,英文(學測),1.50,歷史(分科),1.50,地理(分科),1.00,,,31,275.50,國文(學測),49,277.65,,,,,18
1101,國立中央大學,英美語文學系,英文(學測),2.00,國文(學測),1.50,歷史(分科),1.25,地理(分科),1.00,,,17,274.75,英文(學測),48,,,,,,18
1102,國立中央大學,法國語文學系,英文(學測),2.00,國文(學測),1.50,歷史(分科),1.25,公民與社會(分科),1.00,地理(分科),1.00,27,312.00,,,,,,,,18
1103,國立中央大學,文學院學士班,英文(學測),1.00,歷史(分科),1.25,公民與社會(分科),1.25,國文(學測),1.00,數學B(學測),1.00,12,233.25,,,,,,,,18
1104,國立中央大學,數學系計算與資料科學組,數學甲(分科),1.50,英文(學測),1.50,物理(分科),1.25,國文(學測),1.00,,,9,225.50,,,,,,,,18
1105,國立中央大學,數學系數學科學組,數學甲(分科),1.50,英文(學測),1.50,物理(分科),1.25,國文(學測),1.00,,,13,217.75,,,,,,,,18
1106,國立中央大學,物理學系,物理(分科),1.50,數學甲(分科),1.50,英文(學測),1.00,國文(學測),1.00,,,12,227.50,,,,,,,,18
1107,國立中央大學,化學學系,化學(分科),1.00,英文(學測),1.00,數學甲(分科),1.00,物理(分科),1.00,國文(學測),1.00,20,224.00,化學(分科),42,,,,,,18
1110,國立中央大學,光電科學與工程學系,數學甲(分科),1.00,物理(分科),1.00,英文(學測),1.00,化學(分科),1.00,國文(學測),1.00,15,228.00,數學甲(分科),43,,,,,,19
1111,國立中央大學,理學院學士班,數學甲(分科),1.50,物理(分科),1.50,化學(分科),1.50,英文(學測),1.00,國文(學測),1.00,6,291.00,,,,,,,,19
1112,國立中央大學,土木工程學系,數學甲(分科),2.00,物理(分科),2.00,英文(學測),1.50,國文(學測),1.00,化學(分科),1.00,52,299.00,數學甲(分科),37,,,,,,19
1113,國立中央大學,機械工程學系先進材料與精密製造組,物理(分科),1.00,數學甲(分科),1.00,自然(學測),1.00,國文(學測),1.00,,,11,185.00,,,,,,,,19
1114,國立中央大學,機械工程學系光機電工程組,物理(分科),1.00,數學甲(分科),1.00,自然(學測),1.00,國文(學測),1.00,,,15,184.00,,,,,,,,19
1115,國立中央大學,機械工程學系智慧系統與永續能源組,物理(分科),1.00,數學甲(分科),1.00,自然(學測),1.00,國文(學測),1.00,,,13,179.00,物理(分科),50,180.90,,,,,19
1116,國立中央大學,機械工程學系前瞻半導體國際組,物理(分科),1.00,數學甲(分科),1.00,自然(學測),1.00,英文(學測),1.00,,,4,187.00,,,,,,,,19
1117,國立中央大學,化學工程與材料工程學系,數學甲(分科),1.00,英文(學測),1.00,物理(分科),1.00,化學(分科),1.00,國文(學測),1.00,16,230.00,數學甲(分科),43,,,,,,19
1120,國立中央大學,工學院學士班,英文(學測),1.00,物理(分科),1.00,化學(分科),1.00,自然(學測),1.50,,,6,224.00,,,,,,,,19
1121,國立中央大學,企業管理學系,英文(學測),2.00,數學乙(分科),2.00,國文(學測),1.50,公民與社會(分科),1.00,,,58,293.50,英文(學測),41,,,,,,19
1122,國立中央大學,資訊管理學系,數學甲(分科),2.00,英文(學測),2.00,國文(學測),1.50,,,,,50,239.00,數學甲(分科),41,,,,,,19
1123,國立中央大學,經濟學系,數學B(學測),2.00,英文(學測),2.00,國文(學測),1.25,公民與社會(分科),1.00,,,15,280.50,,,,,,,,19
1124,國立中央大學,財務金融學系,英文(學測),1.50,數學乙(分科),1.50,國文(學測),1.00,公民與社會(分科),1.00,,,18,240.00,,,,,,,,19
1125,國立中央大學,電機工程學系,數學甲(分科),1.00,物理(分科),1.00,英文(學測),1.00,化學(分科),1.00,,,30,196.00,數學甲(分科),46,,,,,,19
1126,國立中央大學,資訊工程學系,數學甲(分科),1.00,物理(分科),1.00,英文(學測),1.00,化學(分科),1.00,,,33,180.00,數學甲(分科),49,,,,,,19
1127,國立中央大學,通訊工程學系,數學甲(分科),1.50,物理(分科),1.50,英文(學測),1.00,化學(分科),1.00,,,15,229.50,,,,,,,,19
1130,國立中央大學,資訊電機學院學士班,數學甲(分科),1.00,英文(學測),1.00,物理(分科),1.00,化學(分科),1.00,,,6,194.00,數學甲(分科),48,,,,,,19
1131,國立中央大學,大氣科學學系,物理(分科),2.00,數學甲(分科),2.00,英文(學測),1.00,化學(分科),1.00,國文(學測),1.00,12,281.00,物理(分科),41,,,,,,19
1132,國立中央大學,太空科學與工程學系,物理(分科),2.00,數學甲(分科),2.00,英文(學測),1.00,化學(分科),1.00,國文(學測),1.00,16,299.00,,,,,,,,19
1133,國立中央大學,地球科學學系,物理(分科),2.00,數學甲(分科),2.00,英文(學測),1.50,化學(分科),1.00,,,15,252.50,物理(分科),43,,,,,,19
1134,國立中央大學,地球科學學院學士班,物理(分科),2.00,數學甲(分科),2.00,化學(分科),1.00,,,,,4,201.00,,,,,,,,19
1135,國立中央大學,客家語文暨社會科學學系客家語文及傳播組,國文(學測),1.50,公民與社會(分科),1.50,英文(學測),1.00,數學B(學測),1.00,歷史(分科),1.00,10,241.50,國文(學測),50,,,,,,19
1136,國立中央大學,客家語文暨社會科學學系客家社會及政策組,國文(學測),1.50,公民與社會(分科),1.50,英文(學測),1.00,數學B(學測),1.00,歷史(分科),1.00,5,246.50,,,,,,,,19
1137,國立中央大學,法律與政府學系,國文(學測),1.50,英文(學測),1.50,公民與社會(分科),1.25,數學乙(分科),1.00,歷史(分科),1.00,15,285.75,國文(學測),48,286.60,,,,,19
1140,國立中央大學,生命科學系,生物(分科),1.50,化學(分科),1.25,英文(學測),1.00,數學甲(分科),1.00,國文(學測),1.00,27,239.25,,,,,,,,19
1141,國立中央大學,生醫科學與工程學系,物理(分科),1.25,化學(分科),1.25,數學甲(分科),1.00,英文(學測),1.00,,,10,195.50,,,,,,,,19
1142,中國文化大學,哲學與歷史學系(哲學組),國文(學測),2.00,社會(學測),2.00,公民與社會(分科),1.00,,,,,10,147.00,,,,,,,,19
1143,中國文化大學,哲學與歷史學系(史學組),歷史(分科),2.00,社會(學測),2.00,國文(學測),1.00,,,,,14,113.00,,,,,,,,19
1144,中國文化大學,中國文學系,國文(學測),1.25,社會(學測),1.00,歷史(分科),1.00,,,,,25,69.75,,,,,,,,19
1145,中國文化大學,日本語文學系,公民與社會(分科),1.50,社會(學測),1.50,國文(學測),2.00,,,,,41,119.00,,,130.25,122.00,,,,19
1146,中國文化大學,韓國語文學系,國文(學測),2.00,公民與社會(分科),2.00,英文(學測),1.00,,,,,41,117.00,,,,,,,,19
1147,中國文化大學,歐美語文學系,英文(學測),1.50,公民與社會(分科),1.00,國文(學測),1.00,,,,,27,57.50,英文(學測),15,,,,,,19
1150,中國文化大學,全球商務學士學位學程,英文(學測),2.00,國文(學測),1.00,公民與社會(分科),1.00,,,,,9,73.00,,,,,,,,20
1151,中國文化大學,應用數學系,數學甲(分科),2.00,國文(學測),2.00,英文(學測),1.50,,,,,38,112.50,,,,,,,,20
1152,中國文化大學,光電物理學系,物理(分科),2.00,數學A(學測),1.50,自然(學測),2.00,英文(學測),1.00,國文(學測),1.00,35,192.00,,,,,,,,20
1153,中國文化大學,化學系,化學(分科),2.00,自然(學測),2.00,國文(學測),1.50,,,,,37,149.50,,,,,,,,20
1154,中國文化大學,地理學系A組,物理(分科),2.00,自然(學測),1.50,國文(學測),1.00,,,,,12,78.00,,,,,,,,20
1155,中國文化大學,地理學系B組,地理(分科),2.00,社會(學測),1.50,國文(學測),1.00,,,,,9,79.00,,,,,,,,20
1156,中國文化大學,大氣與地質科學系,自然(學測),1.50,物理(分科),1.50,國文(學測),1.00,,,,,23,88.50,,,,,,,,20
1157,中國文化大學,生命科學系,生物(分科),2.00,英文(學測),1.00,國文(學測),1.00,,,,,22,98.00,,,,,,,,20
1160,中國文化大學,化學工程與材料工程學系(程序工程組),化學(分科),2.00,國文(學測),2.00,數學甲(分科),1.00,,,,,10,136.00,,,,,,,,20
1161,中國文化大學,化學工程與材料工程學系(材料工程組),物理(分科),2.00,國文(學測),2.00,英文(學測),1.00,,,,,15,142.00,物理(分科),24,,,,,,20
1162,中國文化大學,化學工程與材料工程學系(生化工程組),生物(分科),2.00,國文(學測),2.00,英文(學測),1.00,,,,,10,143.00,,,,,,,,20
1163,中國文化大學,電機工程學系A組,國文(學測),2.00,數學A(學測),2.00,物理(分科),1.00,,,,,5,176.00,,,,,,,,20
1164,中國文化大學,電機工程學系B組,國文(學測),2.00,英文(學測),1.00,數學A(學測),1.00,物理(分科),1.00,,,28,150.00,國文(學測),45,,,,,,20
1165,中國文化大學,機械工程學系,物理(分科),2.00,國文(學測),1.00,英文(學測),1.00,數學甲(分科),1.00,,,76,95.00,,,,,,,,20
1166,中國文化大學,紡織科技創新與應用工程學系,國文(學測),2.00,英文(學測),1.00,化學(分科),1.00,,,,,15,80.00,國文(學測),28,,,,,,20
1167,中國文化大學,資訊工程學系A組,數學A(學測),2.00,物理(分科),2.00,國文(學測),2.00,英文(學測),1.00,,,70,152.00,數學A(學測),25,,,,,,20
1170,中國文化大學,資訊工程學系B組,數學B(學測),2.00,國文(學測),2.00,歷史(分科),2.00,英文(學測),1.00,,,20,140.00,,,,,,,,20
1171,中國文化大學,法律學系,公民與社會(分科),1.00,國文(學測),1.00,歷史(分科),1.00,,,,,79,93.00,,,121.50,,,,,20
1172,中國文化大學,政治與經濟學系,國文(學測),1.50,公民與社會(分科),2.00,社會(學測),1.50,,,,,16,107.50,,,,,,,,20
1173,中國文化大學,勞動暨人力資源學系,公民與社會(分科),1.50,社會(學測),1.00,國文(學測),1.00,,,,,9,76.50,,,,,,,,20
1174,中國文化大學,社會福利學系,國文(學測),1.50,社會(學測),2.00,公民與社會(分科),2.00,,,,,20,126.00,,,,,,,,20
1175,中國文化大學,行政管理學系,國文(學測),2.00,公民與社會(分科),1.50,社會(學測),1.50,,,,,17,124.00,,,,,,,,20
1176,中國文化大學,動物科學保健暨園藝科技學系(園藝科技組),自然(學測),2.00,國文(學測),2.00,化學(分科),1.50,,,,,4,106.50,,,,,,,,20
1177,中國文化大學,動物科學保健暨園藝科技學系(動物科學組),國文(學測),1.50,自然(學測),1.00,生物(分科),1.00,,,,,16,60.50,,,,,,,,20
1200,中國文化大學,森林暨自然保育學系(A組),公民與社會(分科),2.00,國文(學測),1.00,社會(學測),1.00,,,,,3,110.00,,,,,,,,20
1201,中國文化大學,森林暨自然保育學系(B組),生物(分科),2.00,自然(學測),1.00,國文(學測),1.00,,,,,7,67.00,,,,,,,,20
1202,中國文化大學,土地資源學系科技應用組,化學(分科),2.00,國文(學測),1.25,自然(學測),1.00,,,,,10,68.25,,,,,,,,20
1203,中國文化大學,土地資源學系土地管理組,地理(分科),1.75,公民與社會(分科),1.50,國文(學測),1.25,,,,,8,94.00,,,,,,,,20
1204,中國文化大學,家庭科學系,國文(學測),2.00,歷史(分科),1.50,公民與社會(分科),1.50,,,,,12,106.50,,,,,,,,20
1205,中國文化大學,都市計劃與開發管理學系(智慧城市與都市更新組),國文(學測),2.00,社會(學測),1.75,地理(分科),1.75,,,,,2,131.50,,,,,,,,20
1206,中國文化大學,都市計劃與開發管理學系(不動產投資與估價組),社會(學測),1.75,國文(學測),2.00,公民與社會(分科),1.75,,,,,4,130.25,,,,,,,,20
1207,中國文化大學,建築及都市設計學系建築及室內設計組,國文(學測),2.00,英文(學測),1.00,地理(分科),1.00,,,,,11,111.00,國文(學測),35,138.30,,,,,21
1210,中國文化大學,建築及都市設計學系建築及都市設計組,國文(學測),2.00,英文(學測),1.00,物理(分科),1.00,,,,,11,101.00,,,,,,,,21
1211,中國文化大學,景觀學系A組,國文(學測),2.00,英文(學測),2.00,地理(分科),1.00,,,,,6,83.00,,,,,,,,21
1212,中國文化大學,景觀學系B組,國文(學測),2.00,英文(學測),1.00,生物(分科),2.00,,,,,7,88.00,,,,,,,,21
1213,中國文化大學,國際貿易學系,社會(學測),1.00,國文(學測),1.00,公民與社會(分科),1.00,,,,,27,68.00,社會(學測),24,,,,,,21
1214,中國文化大學,國際企業管理學系,國文(學測),1.00,社會(學測),1.00,公民與社會(分科),2.00,,,,,17,99.00,國文(學測),34,,,,,,21
1215,中國文化大學,會計學系,公民與社會(分科),1.75,國文(學測),1.00,社會(學測),1.00,,,,,13,94.00,,,,,,,,21
1216,中國文化大學,觀光事業學系,國文(學測),1.50,英文(學測),1.00,歷史(分科),1.50,,,,,23,80.00,國文(學測),29,,,,,,21
1217,中國文化大學,資訊管理學系(智慧商務科技組),公民與社會(分科),2.00,國文(學測),1.00,英文(學測),1.00,,,,,13,86.00,,,,,,,,21
1220,中國文化大學,資訊管理學系(人工智慧組),物理(分科),2.00,國文(學測),1.00,數學B(學測),1.00,,,,,35,68.00,,,,,,,,21
1221,中國文化大學,財務金融學系金融行銷組,公民與社會(分科),2.00,歷史(分科),2.00,國文(學測),1.50,,,,,24,133.00,,,,,,,,21
1222,中國文化大學,財務金融學系財務金融組,公民與社會(分科),2.00,國文(學測),1.50,社會(學測),1.00,,,,,31,110.00,公民與社會(分科),22,,,,,,21
1223,中國文化大學,財務金融學系數位金融組,公民與社會(分科),2.00,歷史(分科),1.75,國文(學測),1.50,,,,,13,132.50,,,,,,,,21
1224,中國文化大學,行銷學士學位學程,國文(學測),1.00,歷史(分科),2.00,公民與社會(分科),2.00,英文(學測),1.00,,,7,137.00,,,,,,,,21
1225,中國文化大學,新聞學系,公民與社會(分科),2.00,國文(學測),2.00,英文(學測),1.75,,,,,24,102.25,,,,,,,,21
1226,中國文化大學,廣告學系A組,國文(學測),2.00,英文(學測),2.00,公民與社會(分科),1.00,,,,,14,101.00,,,,,,,,21
1227,中國文化大學,廣告學系B組,美術(術科),1.00,國文(學測),1.00,公民與社會(分科),1.00,,,,,0,,,,,,,,,21
1230,中國文化大學,資訊傳播學系,國文(學測),2.00,英文(學測),1.00,公民與社會(分科),1.75,,,,,15,107.50,,,,,,,,21
1231,中國文化大學,大眾傳播學系,英文(學測),1.50,社會(學測),1.50,公民與社會(分科),1.00,,,,,76,67.00,,,,,,,,21
1232,中國文化大學,美術學系,美術(術科),2.00,國文(學測),1.00,歷史(分科),1.00,,,,,8,99.00,,,,,,,,21
1233,中國文化大學,音樂學系西樂組,音樂(術科),2.00,國文(學測),1.00,英文(學測),1.00,歷史(分科),1.00,,,1,212.22,,,,,,,,21
1234,中國文化大學,音樂學系應用組,國文(學測),2.00,英文(學測),1.00,歷史(分科),1.00,,,,,6,81.00,,,,,,,,21
1235,中國文化大學,音樂學系國樂組,音樂(術科),2.00,國文(學測),1.00,英文(學測),1.00,歷史(分科),1.00,,,0,,,,,,,,,21
1236,中國文化大學,戲劇學系,國文(學測),1.50,英文(學測),1.00,歷史(分科),1.00,,,,,12,80.00,,,,,,,,21
1237,中國文化大學,教育與學習科技學系,公民與社會(分科),2.00,國文(學測),1.50,英文(學測),1.00,,,,,11,78.00,,,,,,,,21
1240,中國文化大學,心理輔導學系,國文(學測),1.50,英文(學測),1.00,公民與社會(分科),2.00,,,,,34,117.50,,,123.90,,,,,21
1241,中國文化大學,保健營養學系,化學(分科),2.00,自然(學測),1.00,國文(學測),2.00,,,,,25,110.00,,,,,,,,21
1242,靜宜大學,英國語文學系,英文(學測),2.00,國文(學測),1.50,公民與社會(分科),1.00,,,,,24,101.00,,,,,,,,21
1243,靜宜大學,西班牙語文學系,國文(學測),2.00,英文(學測),1.25,公民與社會(分科),1.25,,,,,23,105.50,,,115.85,,,,,21
1244,靜宜大學,日本語文學系,國文(學測),2.00,英文(學測),1.00,歷史(分科),1.50,,,,,47,120.50,國文(學測),25,,,,,,21
1245,靜宜大學,中國文學系,國文(學測),2.00,社會(學測),2.00,公民與社會(分科),1.00,,,,,16,146.00,國文(學測),29,148.85,,,,,21
1246,靜宜大學,社會工作與兒童少年福利學系,國文(學測),2.00,公民與社會(分科),2.00,社會(學測),1.00,,,,,29,153.00,,,182.20,,,,,21
1247,靜宜大學,台灣文學系,國文(學測),2.00,社會(學測),2.00,歷史(分科),1.25,,,,,15,157.25,,,,,,,,21
1250,靜宜大學,法律學系,國文(學測),2.00,公民與社會(分科),2.00,歷史(分科),1.00,,,,,48,172.00,,,174.20,,,,,22
1251,靜宜大學,生態人文學系(自然組),生物(分科),2.00,國文(學測),1.00,英文(學測),1.00,,,,,7,94.00,,,,,,,,22
1252,靜宜大學,生態人文學系(人文組),公民與社會(分科),2.00,國文(學測),1.00,英文(學測),1.00,,,,,2,118.00,,,,,,,,22
1253,靜宜大學,大眾傳播學系,國文(學測),2.00,英文(學測),2.00,歷史(分科),1.75,,,,,30,136.50,,,,,,,,22
1254,靜宜大學,財務工程學系(智慧金融組),數學乙(分科),2.00,國文(學測),2.00,社會(學測),1.00,,,,,7,137.00,,,,,,,,22
1255,靜宜大學,財務工程學系(數位金融組),數學乙(分科),2.00,國文(學測),2.00,自然(學測),1.00,,,,,7,130.00,,,,,,,,22
1256,靜宜大學,應用化學系,化學(分科),2.00,自然(學測),2.00,國文(學測),1.75,,,,,19,195.50,,,,,,,,22
1257,靜宜大學,食品營養學系,自然(學測),2.00,國文(學測),2.00,化學(分科),1.00,,,,,48,135.00,自然(學測),33,,,,,,22
1260,靜宜大學,化粧品科學系(化粧品化學組),化學(分科),2.00,國文(學測),2.00,英文(學測),1.00,,,,,14,138.00,化學(分科),23,,,,,,22
1261,靜宜大學,化粧品科學系(生醫科學組),生物(分科),2.00,國文(學測),2.00,英文(學測),1.00,,,,,7,149.00,生物(分科),30,,,,,,22
1262,靜宜大學,永續環境與智慧科技學士學位學程,自然(學測),2.00,國文(學測),2.00,化學(分科),1.00,,,,,10,154.00,,,157.20,,,,,22
1263,靜宜大學,行銷與數位經營管理學系,國文(學測),2.00,英文(學測),1.00,歷史(分科),1.50,,,,,33,125.50,國文(學測),30,,,,,,22
1264,靜宜大學,國際企業學系(國際經營與行銷組),英文(學測),1.50,國文(學測),1.50,公民與社會(分科),1.00,,,,,16,106.50,,,,,,,,22
1265,靜宜大學,國際企業學系(全球企業與品牌組),英文(學測),1.50,國文(學測),1.50,歷史(分科),1.00,,,,,15,102.00,,,,,,,,22
1266,靜宜大學,會計學系,國文(學測),1.00,英文(學測),1.00,公民與社會(分科),2.00,,,,,18,109.00,國文(學測),32,,,,,,22
1267,靜宜大學,觀光事業學系,國文(學測),1.00,地理(分科),1.00,歷史(分科),1.00,,,,,11,98.00,國文(學測),28,,,,,,22
1270,靜宜大學,財務金融學系(智慧金融與銀行組),國文(學測),2.00,英文(學測),1.50,歷史(分科),2.00,,,,,7,170.00,國文(學測),36,,,,,,22
1271,靜宜大學,財務金融學系(智能投資與理財組),國文(學測),2.00,英文(學測),1.50,地理(分科),2.00,,,,,7,173.00,,,,,,,,22
1272,靜宜大學,資訊管理學系(人工智慧應用組),英文(學測),1.75,國文(學測),2.00,數學甲(分科),1.50,,,,,10,145.75,,,,,,,,22
1273,靜宜大學,資訊管理學系(巨量資料管理組),英文(學測),1.50,國文(學測),2.00,數學乙(分科),1.75,,,,,10,125.75,,,,,,,,22
1274,靜宜大學,資訊管理學系(智慧商務應用組),英文(學測),1.00,國文(學測),2.00,公民與社會(分科),1.75,,,,,8,146.75,,,,,,,,22
1275,靜宜大學,資訊工程學系(智慧電子與IC設計組),物理(分科),2.00,數學A(學測),1.00,英文(學測),1.00,,,,,6,110.00,,,,,,,,22
1276,靜宜大學,資訊工程學系(智慧晶片與機器人組),數學A(學測),1.50,英文(學測),1.00,化學(分科),1.00,,,,,6,97.00,,,,,,,,22
1277,靜宜大學,資訊工程學系(物聯網與大數據組),數學B(學測),1.50,國文(學測),2.00,地理(分科),1.50,,,,,6,151.00,,,,,,,,22
1300,靜宜大學,人工智慧應用學系,國文(學測),2.00,物理(分科),2.00,英文(學測),1.00,,,,,27,129.00,國文(學測),33,,,,,,22
1301,靜宜大學,晶片設計學士學位學程,數學A(學測),1.50,國文(學測),2.00,物理(分科),1.00,,,,,22,138.00,,,,,,,,22
1302,靜宜大學,資料科學暨大數據分析與應用學系(人工智慧應用組),數學乙(分科),2.00,國文(學測),1.50,物理(分科),1.00,,,,,15,87.00,,,,,,,,22
1303,靜宜大學,資料科學暨大數據分析與應用學系(大數據應用組),數學乙(分科),2.00,國文(學測),1.50,英文(學測),1.00,,,,,7,97.00,數學乙(分科),21,,,,,,22
1304,靜宜大學,寰宇管理學士學位學程,英文(學測),2.00,國文(學測),1.50,公民與社會(分科),1.00,,,,,5,113.00,,,,,,,,22
1305,靜宜大學,寰宇外語教育學士學位學程,英文(學測),2.00,國文(學測),1.75,公民與社會(分科),1.50,,,,,5,123.75,,,,,,,,22
1306,靜宜大學,智慧媒體與創新科技應用學士學位學程,英文(學測),2.00,國文(學測),1.50,公民與社會(分科),1.00,,,,,13,98.50,,,,,,,,22
1307,大同大學,機械與材料工程學系,數學甲(分科),2.00,英文(學測),1.75,國文(學測),2.00,,,,,26,160.00,,,,,,,,22
1310,大同大學,化學工程與生物科技學系(化學工程組),化學(分科),2.00,英文(學測),1.75,國文(學測),2.00,,,,,11,189.25,,,,,,,,23
1311,大同大學,化學工程與生物科技學系(生物科技組),生物(分科),2.00,英文(學測),1.75,國文(學測),2.00,,,,,11,180.50,,,,,,,,23
1312,大同大學,工程學院學士班(A組),物理(分科),2.00,英文(學測),1.75,國文(學測),2.00,數學A(學測),1.00,,,10,204.25,,,,,,,,23
1313,大同大學,工程學院學士班(B組),物理(分科),2.00,英文(學測),1.75,國文(學測),2.00,數學B(學測),1.00,,,3,203.75,,,,,,,,23
1314,大同大學,電機工程學系(甲組),數學甲(分科),1.25,英文(學測),1.00,國文(學測),1.00,,,,,12,105.75,,,,,,,,23
1315,大同大學,電機工程學系(乙組),物理(分科),1.00,英文(學測),1.00,數學A(學測),1.00,國文(學測),1.00,,,14,130.00,物理(分科),25,,,,,,23
1316,大同大學,資訊工程學系(甲組),數學甲(分科),2.00,英文(學測),1.50,國文(學測),1.00,,,,,16,124.00,,,,,,,,23
1317,大同大學,資訊工程學系(乙組),數學乙(分科),2.00,英文(學測),1.50,國文(學測),1.00,,,,,15,128.50,,,,,,,,23
1320,大同大學,事業與資訊經營學系(甲組),國文(學測),1.00,英文(學測),1.00,公民與社會(分科),1.00,,,,,14,71.00,,,,,,,,23
1321,大同大學,事業與資訊經營學系(乙組),國文(學測),1.00,英文(學測),1.00,物理(分科),1.00,,,,,14,78.00,國文(學測),39,,,,,,23
1322,大同大學,事業與資訊經營學系(丙組),國文(學測),1.00,英文(學測),1.00,歷史(分科),1.00,,,,,9,74.00,國文(學測),26,,,,,,23
1323,大同大學,工業設計學系(自然一組),英文(學測),2.00,數學甲(分科),1.00,國文(學測),2.00,,,,,2,161.00,,,,,,,,23
1324,大同大學,工業設計學系(自然二組),英文(學測),1.75,物理(分科),2.00,國文(學測),1.00,,,,,2,159.00,,,,,,,,23
1325,大同大學,工業設計學系(社會一組),英文(學測),2.00,歷史(分科),2.00,數學B(學測),1.00,,,,,7,125.00,,,,,,,,23
1326,大同大學,工業設計學系(社會二組),國文(學測),2.00,歷史(分科),2.00,地理(分科),1.75,,,,,9,196.50,,,,,,,,23
1327,大同大學,數位媒體設計學系(自然組),國文(學測),1.00,英文(學測),1.00,數學乙(分科),2.00,,,,,16,87.00,,,,,,,,23
1330,大同大學,數位媒體設計學系(社會組),國文(學測),1.00,英文(學測),1.00,歷史(分科),2.00,,,,,14,114.00,,,,,,,,23
1331,大同大學,應用外語學系,英文(學測),2.00,國文(學測),2.00,歷史(分科),1.75,,,,,15,133.25,,,,,,,,23
1332,輔仁大學,中國文學系,國文(學測),2.00,歷史(分科),1.00,英文(學測),1.00,,,,,49,150.00,國文(學測),45,174.00,,,,,23
1333,輔仁大學,歷史學系,歷史(分科),2.00,國文(學測),2.00,英文(學測),1.00,,,,,49,198.00,歷史(分科),49,,,,,,23
1334,輔仁大學,哲學系,國文(學測),2.00,公民與社會(分科),2.00,英文(學測),1.00,,,,,58,178.00,國文(學測),38,180.05,,,,,23
1335,輔仁大學,人文與社區創新學士學位學程,公民與社會(分科),2.00,社會(學測),1.50,國文(學測),1.50,,,,,14,209.50,,,237.60,,,,,23
1336,輔仁大學,音樂學系,國文(學測),1.00,英文(學測),1.00,歷史(分科),1.00,,,,,4,108.00,,,,,,,,23
1337,輔仁大學,應用美術學系,國文(學測),2.00,英文(學測),2.00,歷史(分科),1.50,,,,,5,242.00,,,,,,,,23
1340,輔仁大學,景觀設計學系(社會組),英文(學測),1.50,國文(學測),1.50,地理(分科),1.00,歷史(分科),1.00,,,28,183.00,英文(學測),23,202.50,,,193.50,,23
1341,輔仁大學,景觀設計學系(自然組),英文(學測),1.50,國文(學測),1.50,生物(分科),1.00,,,,,8,130.00,,,,,,,,23
1342,輔仁大學,影像傳播學系,社會(學測),2.00,公民與社會(分科),1.50,國文(學測),1.50,,,,,15,233.00,社會(學測),49,,,,,,23
1343,輔仁大學,新聞傳播學系,公民與社會(分科),2.00,國文(學測),2.00,英文(學測),1.00,,,,,32,209.00,公民與社會(分科),44,215.40,,,,,23
1344,輔仁大學,廣告傳播學系,英文(學測),2.00,國文(學測),1.50,數學B(學測),1.00,公民與社會(分科),1.00,,,18,216.50,英文(學測),47,229.25,,,,,23
1345,輔仁大學,圖書資訊學系,英文(學測),1.00,國文(學測),2.00,數學乙(分科),2.00,,,,,19,172.00,,,,,,,,23
1346,輔仁大學,體育學系體育學組,英文(學測),2.00,國文(學測),2.00,生物(分科),1.00,,,,,1,195.00,,,,,,,,23
1347,輔仁大學,體育學系運動健康管理組,英文(學測),2.00,國文(學測),2.00,生物(分科),1.00,,,,,1,199.00,,,,,,,,23
1350,輔仁大學,教育領導與科技發展學士學位學程,公民與社會(分科),1.00,國文(學測),2.00,英文(學測),2.00,,,,,19,184.00,,,187.95,,,,,23
1351,輔仁大學,護理學系,生物(分科),1.50,英文(學測),1.50,國文(學測),1.00,,,,,65,136.50,,,,,,,,24
1352,輔仁大學,公共衛生學系,英文(學測),1.50,國文(學測),1.50,化學(分科),1.00,,,,,20,140.00,,,,,,,,24
1353,輔仁大學,醫學系(自費),生物(分科),1.00,化學(分科),1.00,英文(學測),1.00,數學甲(分科),1.00,物理(分科),1.00,19,265.00,生物(分科),55,311.85,,,,,24
1354,輔仁大學,醫學系(公費),生物(分科),1.25,化學(分科),1.00,英文(學測),1.25,數學甲(分科),1.00,物理(分科),1.00,1,286.25,,,,,,,,24
1355,輔仁大學,臨床心理學系,英文(學測),2.00,國文(學測),1.25,數學甲(分科),1.00,,,,,17,181.25,,,,,,,,24
1356,輔仁大學,職能治療學系,生物(分科),2.00,英文(學測),2.00,國文(學測),1.25,,,,,25,241.75,,,,,,,,24
1357,輔仁大學,呼吸治療學系,英文(學測),1.25,生物(分科),1.25,化學(分科),1.00,,,,,23,133.25,,,136.35,,,,,24
1360,輔仁大學,數學系資訊數學組,數學甲(分科),2.00,英文(學測),1.25,國文(學測),1.25,,,,,16,141.75,數學甲(分科),24,,,,,,24
1361,輔仁大學,數學系應用數學組,數學甲(分科),2.00,英文(學測),1.25,國文(學測),1.25,,,,,13,140.25,,,,,,,,24
1362,輔仁大學,化學系,化學(分科),2.00,英文(學測),1.50,數學甲(分科),1.50,,,,,35,157.00,,,,,,,,24
1363,輔仁大學,資訊工程學系,數學甲(分科),1.00,英文(學測),1.00,國文(學測),1.50,,,,,48,126.50,數學甲(分科),18,133.40,,,,,24
1364,輔仁大學,生命科學系,生物(分科),2.00,英文(學測),1.00,化學(分科),1.50,,,,,34,140.00,,,150.60,,,,,24
1365,輔仁大學,物理學系電子物理組,數學甲(分科),1.50,物理(分科),2.00,國文(學測),1.00,英文(學測),1.00,,,25,182.00,,,,,,,,24
1366,輔仁大學,物理學系光電物理組,數學甲(分科),1.50,物理(分科),2.00,國文(學測),1.00,英文(學測),1.00,,,21,177.50,,,,,,,,24
1367,輔仁大學,電機工程學系,數學甲(分科),1.00,英文(學測),1.00,物理(分科),1.00,國文(學測),1.00,,,38,147.00,數學甲(分科),37,150.70,,,,,24
1370,輔仁大學,醫學資訊與創新應用學士學位學程,數學甲(分科),1.00,英文(學測),1.00,國文(學測),1.00,,,,,23,95.00,數學甲(分科),22,,,,,,24
1371,輔仁大學,人工智慧與資訊安全學士學位學程,數學甲(分科),1.00,英文(學測),1.00,國文(學測),1.00,,,,,20,100.00,數學甲(分科),29,,,,,,24
1372,輔仁大學,英國語文學系,英文(學測),2.00,國文(學測),1.50,歷史(分科),1.00,,,,,16,203.50,,,,,,,,24
1373,輔仁大學,法國語文學系,英文(學測),2.00,國文(學測),2.00,歷史(分科),1.00,,,,,25,200.00,,,,,,,,24
1374,輔仁大學,西班牙語文學系,英文(學測),2.00,國文(學測),2.00,歷史(分科),1.00,,,,,35,202.00,,,236.30,,,,,24
1375,輔仁大學,日本語文學系,國文(學測),1.50,英文(學測),1.50,歷史(分科),1.00,公民與社會(分科),1.00,,,16,206.00,,,,,,,,24
1376,輔仁大學,義大利語文學系,英文(學測),2.00,國文(學測),2.00,歷史(分科),1.00,,,,,13,193.00,英文(學測),35,,,,,,24
1377,輔仁大學,德語語文學系,國文(學測),1.50,英文(學測),1.50,歷史(分科),1.25,,,,,24,163.25,,,167.75,,,,,24
1400,輔仁大學,國際溝通與科技創新學士學位學程,英文(學測),2.00,國文(學測),2.00,歷史(分科),1.00,,,,,9,221.00,英文(學測),39,,,,,,24
1401,輔仁大學,織品服裝學系織品設計組,英文(學測),2.00,國文(學測),1.50,歷史(分科),1.00,,,,,14,161.00,,,,,,,,24
1402,輔仁大學,織品服裝學系服飾設計組,英文(學測),2.00,國文(學測),1.50,歷史(分科),1.00,,,,,13,169.00,英文(學測),47,,,,,,24
1403,輔仁大學,織品服裝學系織品服飾行銷組,英文(學測),2.00,國文(學測),1.50,歷史(分科),1.00,,,,,16,171.50,,,,,,,,24
1404,輔仁大學,餐旅管理學系,英文(學測),2.00,國文(學測),2.00,公民與社會(分科),1.50,,,,,27,185.50,,,,,,,,24
1405,輔仁大學,兒童與家庭學系,國文(學測),2.00,英文(學測),2.00,公民與社會(分科),1.50,,,,,11,206.00,,,,,,,,24
1406,輔仁大學,食品科學系,化學(分科),2.00,英文(學測),1.00,國文(學測),1.00,,,,,10,138.00,化學(分科),37,,,,,,24
1407,輔仁大學,營養科學系,英文(學測),2.00,化學(分科),2.00,生物(分科),2.00,國文(學測),1.00,,,15,264.00,,,,,,,,24
1410,輔仁大學,法律學系,國文(學測),1.00,公民與社會(分科),1.00,英文(學測),1.00,歷史(分科),1.00,,,49,191.00,國文(學測),47,206.55,,,,,24
1411,輔仁大學,財經法律學系,國文(學測),1.00,公民與社會(分科),1.00,英文(學測),1.00,歷史(分科),1.00,,,33,189.00,國文(學測),46,190.30,,,,,24
1412,輔仁大學,企業管理學系,數學乙(分科),2.00,英文(學測),2.00,公民與社會(分科),1.00,國文(學測),1.00,,,52,222.00,數學乙(分科),40,,,,,,25
1413,輔仁大學,會計學系,國文(學測),1.00,英文(學測),1.25,數學乙(分科),1.50,,,,,57,132.25,,,,,,,,25
1414,輔仁大學,資訊管理學系,數學乙(分科),2.00,英文(學測),2.00,國文(學測),1.00,,,,,17,201.00,,,,,,,,25
1415,輔仁大學,統計資訊學系,數學乙(分科),2.00,英文(學測),2.00,國文(學測),1.00,,,,,21,179.00,數學乙(分科),43,,,,,,25
1416,輔仁大學,金融與國際企業學系,英文(學測),2.00,數學乙(分科),2.00,國文(學測),1.00,,,,,20,216.00,英文(學測),54,242.60,,,,,25
1417,輔仁大學,社會學系,公民與社會(分科),2.00,英文(學測),2.00,國文(學測),1.00,,,,,17,200.00,,,,,,,,25
1420,輔仁大學,社會工作學系,公民與社會(分科),2.00,國文(學測),1.50,英文(學測),1.00,,,,,38,166.50,,,178.70,,,,,25
1421,輔仁大學,經濟學系,數學B(學測),2.00,英文(學測),2.00,公民與社會(分科),1.00,,,,,64,164.00,,,,,,,,25
1422,輔仁大學,宗教學系,國文(學測),2.00,歷史(分科),1.00,英文(學測),1.00,,,,,5,144.00,國文(學測),45,,,,,,25
1423,輔仁大學,心理學系(社會組),公民與社會(分科),2.00,英文(學測),1.00,國文(學測),1.00,數學B(學測),1.00,,,7,217.00,,,,,,,,25
1424,輔仁大學,心理學系(自然組),數學甲(分科),2.00,英文(學測),1.00,國文(學測),1.00,,,,,10,150.00,數學甲(分科),33,,,,,,25
1425,輔仁大學,跨領域全英語學士學位學程,英文(學測),2.00,國文(學測),1.00,公民與社會(分科),1.00,,,,,6,170.00,,,,,,,,25
1426,國立臺灣海洋大學,商船學系,英文(學測),2.00,數學A(學測),1.50,物理(分科),1.50,國文(學測),1.00,,,18,220.50,,,,,,,,25
1427,國立臺灣海洋大學,航運管理學系,英文(學測),2.00,數學乙(分科),1.50,國文(學測),1.00,地理(分科),1.00,,,19,216.50,英文(學測),36,,,,,,25
1430,國立臺灣海洋大學,運輸科學系A組,英文(學測),2.00,數學乙(分科),2.00,國文(學測),1.00,,,,,8,195.00,,,,,,,,25
1431,國立臺灣海洋大學,運輸科學系B組,英文(學測),2.00,數學甲(分科),2.00,國文(學測),1.00,,,,,16,160.00,,,,,,,,25
1432,國立臺灣海洋大學,輪機工程學系,英文(學測),1.50,物理(分科),1.50,數學甲(分科),1.50,化學(分科),1.00,國文(學測),1.00,32,218.50,,,235.45,,,,,25
1433,國立臺灣海洋大學,海洋觀光管理學士學位學程,英文(學測),2.00,國文(學測),1.50,數學乙(分科),1.00,地理(分科),1.00,,,13,174.50,英文(學測),23,,,,,,25
1434,國立臺灣海洋大學,海洋經營管理學士學位學程,英文(學測),2.00,數學乙(分科),1.00,國文(學測),1.00,歷史(分科),1.00,,,5,191.00,英文(學測),44,,,,,,25
1435,國立臺灣海洋大學,食品科學系,化學(分科),2.00,英文(學測),2.00,生物(分科),2.00,自然(學測),1.00,國文(學測),1.00,28,244.00,化學(分科),31,,,,,,25
1436,國立臺灣海洋大學,水產養殖學系,生物(分科),2.00,英文(學測),1.50,化學(分科),1.50,國文(學測),1.00,,,15,173.00,生物(分科),42,,,,,,25
1437,國立臺灣海洋大學,生命科學暨生物科技學系,生物(分科),2.00,英文(學測),1.00,化學(分科),1.00,國文(學測),1.50,,,30,192.00,生物(分科),35,204.40,,,,,25
1440,國立臺灣海洋大學,海洋生物科技學士學位學程,生物(分科),1.50,英文(學測),1.50,化學(分科),1.50,國文(學測),1.00,,,7,186.50,,,,,,,,25
1441,國立臺灣海洋大學,環境生物與漁業科學學系,英文(學測),2.00,生物(分科),1.50,國文(學測),1.00,,,,,16,141.00,英文(學測),39,,,,,,25
1442,國立臺灣海洋大學,海洋環境資訊系,英文(學測),1.50,數學甲(分科),1.50,物理(分科),1.50,化學(分科),1.00,國文(學測),1.00,13,208.00,,,,,,,,25
1443,國立臺灣海洋大學,機械與機電工程學系,數學甲(分科),1.50,物理(分科),1.50,英文(學測),1.50,化學(分科),1.00,國文(學測),1.00,46,241.50,數學甲(分科),34,,,,,,25
1444,國立臺灣海洋大學,系統工程暨造船學系,數學甲(分科),1.75,物理(分科),1.50,英文(學測),1.00,,,,,18,134.75,,,,,,,,25
1445,國立臺灣海洋大學,河海工程學系,數學甲(分科),1.50,物理(分科),1.25,英文(學測),1.00,化學(分科),1.00,國文(學測),1.00,16,182.00,,,,,,,,25
1446,國立臺灣海洋大學,海洋工程科技學士學位學程,數學甲(分科),1.50,物理(分科),1.50,英文(學測),1.50,國文(學測),1.00,,,8,192.50,數學甲(分科),33,,,,,,25
1447,國立臺灣海洋大學,電機工程學系,數學甲(分科),1.00,英文(學測),1.00,物理(分科),1.00,國文(學測),1.00,化學(分科),1.00,38,207.00,數學甲(分科),38,,,,,,25
1450,國立臺灣海洋大學,資訊工程學系,數學甲(分科),1.00,英文(學測),1.00,物理(分科),1.00,國文(學測),1.00,,,49,155.00,數學甲(分科),40,,,,,,25
1451,國立臺灣海洋大學,通訊與導航工程學系,數學A(學測),1.50,物理(分科),1.50,英文(學測),1.00,,,,,16,166.50,,,,,,,,25
1452,國立臺灣海洋大學,光電與材料科技學系,數學甲(分科),1.50,物理(分科),1.50,英文(學測),1.25,化學(分科),1.00,,,22,203.25,數學甲(分科),41,,,,,,25
1453,國立臺灣海洋大學,海洋法政學士學位學程,英文(學測),2.00,國文(學測),1.50,公民與社會(分科),1.00,,,,,9,184.00,,,,,,,,26
1454,國立臺灣海洋大學,海洋文創設計產業學士學位學程,國文(學測),1.00,公民與社會(分科),1.00,英文(學測),1.00,,,,,16,100.00,國文(學測),48,103.95,,,,,26
1455,國立高雄師範大學,國文學系,國文(學測),2.00,英文(學測),1.25,歷史(分科),1.25,,,,,46,189.50,,,205.80,,,,,26
1456,國立高雄師範大學,英語學系,英文(學測),2.00,國文(學測),1.75,歷史(分科),1.50,,,,,48,214.25,,,,,,,,26
1457,國立高雄師範大學,地理學系,地理(分科),1.50,英文(學測),1.50,社會(學測),1.00,國文(學測),1.00,,,16,224.50,,,,,,,,26
1460,國立高雄師範大學,數學系數學組,數學甲(分科),2.00,數學A(學測),2.00,英文(學測),1.25,物理(分科),1.00,,,18,206.25,,,,,,,,26
1461,國立高雄師範大學,數學系應用數學組,數學甲(分科),2.00,數學A(學測),2.00,英文(學測),1.25,物理(分科),1.00,,,24,211.00,,,,,,,,26
1462,國立高雄師範大學,化學系,化學(分科),1.00,英文(學測),1.00,數學甲(分科),1.00,,,,,21,113.00,,,,,,,,26
1463,國立高雄師範大學,物理學系,物理(分科),1.00,數學甲(分科),1.00,英文(學測),1.00,化學(分科),1.00,國文(學測),1.00,17,189.00,物理(分科),33,,,,,,26
1464,國立高雄師範大學,生物科技系,生物(分科),1.50,英文(學測),1.25,國文(學測),1.25,,,,,24,158.50,生物(分科),44,160.50,,,,,26
1465,國立高雄師範大學,教育學系,國文(學測),1.50,英文(學測),1.75,數學B(學測),1.75,公民與社會(分科),1.00,,,15,215.75,,,,,,,,26
1466,國立高雄師範大學,特殊教育學系,國文(學測),1.25,英文(學測),1.25,公民與社會(分科),1.00,,,,,12,144.00,,,145.50,,,,,26
1467,國立高雄師範大學,體育學系,英文(學測),2.00,國文(學測),2.00,生物(分科),2.00,體育(術科),1.00,數學B(學測),1.00,13,240.14,,,,,,,,26
1470,國立高雄師範大學,事業經營學系,英文(學測),2.00,數學B(學測),1.75,國文(學測),1.50,公民與社會(分科),1.00,,,20,213.00,,,252.15,,,,,26
1471,國立高雄師範大學,工業科技教育學系科技教育與訓練組,數學甲(分科),1.25,物理(分科),1.25,英文(學測),1.25,國文(學測),1.00,,,6,163.00,,,,,,,,26
1472,國立高雄師範大學,工業科技教育學系能源與冷凍空調組,數學甲(分科),1.00,物理(分科),1.00,英文(學測),1.00,,,,,5,96.00,,,,,,,,26
1473,國立高雄師範大學,工業設計學系(自然組),英文(學測),2.00,國文(學測),2.00,數學甲(分科),1.00,,,,,4,200.00,英文(學測),43,,,,,,26
1474,國立高雄師範大學,工業設計學系(社會組),歷史(分科),2.00,英文(學測),2.00,數學B(學測),1.00,,,,,6,190.00,,,230.30,,,,,26
1475,國立高雄師範大學,電子工程學系,英文(學測),2.00,物理(分科),1.25,數學甲(分科),1.25,國文(學測),1.00,,,22,218.75,,,,,,,,26
1476,國立高雄師範大學,軟體工程與管理學系,數學甲(分科),1.00,英文(學測),1.00,國文(學測),1.00,,,,,13,117.00,數學甲(分科),25,,,,,,26
1477,國立高雄師範大學,電機工程學系,數學甲(分科),1.00,物理(分科),1.00,英文(學測),1.00,,,,,27,115.00,數學甲(分科),33,,,,,,26
1500,國立高雄師範大學,美術學系,美術(術科),2.00,國文(學測),1.00,英文(學測),1.00,歷史(分科),1.00,,,15,226.72,,,,,,,,26
1501,國立高雄師範大學,音樂學系,音樂(術科),2.00,英文(學測),1.00,國文(學測),1.00,歷史(分科),1.00,,,8,227.82,,,,,,,,26
1502,國立高雄師範大學,視覺設計學系,美術(術科),2.00,國文(學測),1.00,英文(學測),1.00,歷史(分科),1.00,,,16,246.00,,,277.88,,,,,26
1503,國立彰化師範大學,輔導與諮商學系學校輔導與諮商組,國文(學測),2.00,英文(學測),2.00,公民與社會(分科),1.00,社會(學測),1.00,歷史(分科),1.00,15,321.00,國文(學測),52,,,,,,26
1504,國立彰化師範大學,輔導與諮商學系社區輔導與諮商組,國文(學測),2.00,英文(學測),2.00,公民與社會(分科),1.50,社會(學測),1.00,歷史(分科),1.00,14,342.00,,,,,,,,26
1505,國立彰化師範大學,特殊教育學系,國文(學測),1.25,英文(學測),1.25,公民與社會(分科),1.00,,,,,19,145.50,國文(學測),45,164.50,,,,,26
1506,國立彰化師範大學,數學系,數學甲(分科),2.00,英文(學測),1.00,自然(學測),1.00,,,,,32,141.00,,,,,,,,26
1507,國立彰化師範大學,物理學系物理組,物理(分科),2.00,數學A(學測),1.50,英文(學測),1.00,,,,,16,183.00,物理(分科),46,,,,,,26
1510,國立彰化師範大學,物理學系光電組,物理(分科),2.00,數學A(學測),1.50,英文(學測),1.00,,,,,18,187.50,物理(分科),44,,,,,,26
1511,國立彰化師範大學,生物學系,生物(分科),2.00,英文(學測),1.00,化學(分科),1.00,,,,,25,149.00,生物(分科),40,,,,,,26
1512,國立彰化師範大學,化學系,化學(分科),2.00,物理(分科),1.25,數學A(學測),1.25,英文(學測),1.00,,,28,220.75,,,,,,,,26
1513,國立彰化師範大學,智慧車輛工程學系,物理(分科),1.50,英文(學測),1.50,數學甲(分科),1.50,國文(學測),1.00,,,6,205.00,,,,,,,,26
1514,國立彰化師範大學,英語學系,英文(學測),1.50,國文(學測),1.00,歷史(分科),1.00,,,,,35,154.00,英文(學測),46,,,,,,27
1515,國立彰化師範大學,國文學系,國文(學測),1.50,歷史(分科),1.00,英文(學測),1.00,,,,,39,147.50,國文(學測),49,150.80,,,,,27
1516,國立彰化師範大學,地理學系,地理(分科),1.75,英文(學測),1.25,數學B(學測),1.00,公民與社會(分科),1.25,,,15,220.50,,,,,,,,27
1517,國立彰化師範大學,美術學系,美術(術科),2.00,國文(學測),1.00,英文(學測),1.00,歷史(分科),1.00,,,23,214.52,,,,,,,,27
1520,國立彰化師範大學,機電工程學系,數學甲(分科),2.00,物理(分科),2.00,英文(學測),2.00,化學(分科),1.00,國文(學測),1.00,22,305.00,數學甲(分科),32,,,,,,27
1521,國立彰化師範大學,電機工程學系,數學甲(分科),2.00,物理(分科),2.00,英文(學測),1.00,,,,,30,196.00,數學甲(分科),33,,,,,,27
1522,國立彰化師範大學,電子工程學系,物理(分科),2.00,數學甲(分科),2.00,英文(學測),2.00,化學(分科),1.00,國文(學測),1.00,27,319.00,,,,,,,,27
1523,國立彰化師範大學,資訊工程學系,數學甲(分科),2.00,英文(學測),1.50,物理(分科),1.50,,,,,33,180.00,數學甲(分科),30,,,,,,27
1524,國立彰化師範大學,企業管理學系,英文(學測),2.00,國文(學測),1.00,公民與社會(分科),1.00,,,,,30,155.00,,,,,,,,27
1525,國立彰化師範大學,會計學系,英文(學測),2.00,國文(學測),1.00,公民與社會(分科),1.00,,,,,54,149.00,英文(學測),34,,,,,,27
1526,國立彰化師範大學,資訊管理學系資訊管理組,英文(學測),2.00,數學B(學測),2.00,國文(學測),1.00,公民與社會(分科),1.00,,,11,210.00,,,,,,,,27
1527,國立彰化師範大學,資訊管理學系數位內容科技與管理組,英文(學測),2.00,數學B(學測),2.00,國文(學測),1.00,公民與社會(分科),1.00,,,13,208.00,英文(學測),48,,,,,,27
1530,國立彰化師範大學,運動學系,英文(學測),2.00,國文(學測),2.00,生物(分科),1.00,體育(術科),1.00,,,4,216.68,,,,,,,,27
1531,國立彰化師範大學,公共事務與公民教育學系公民教育組,公民與社會(分科),2.00,國文(學測),1.25,英文(學測),1.25,歷史(分科),1.00,,,11,248.50,,,,,,,,27
1532,國立彰化師範大學,公共事務與公民教育學系公共事務組,公民與社會(分科),2.00,國文(學測),1.25,英文(學測),1.25,歷史(分科),1.00,,,6,250.00,,,,,,,,27
1533,中山醫學大學,醫學系,生物(分科),1.00,化學(分科),1.00,英文(學測),1.00,數學甲(分科),1.00,物理(分科),1.00,82,260.00,生物(分科),54,287.55,,,,,27
1534,中山醫學大學,醫學社會暨社會工作學系,國文(學測),1.50,英文(學測),1.00,公民與社會(分科),2.00,,,,,55,150.50,,,160.65,,,,,27
1535,中山醫學大學,護理學系,生物(分科),1.00,化學(分科),1.00,英文(學測),1.00,國文(學測),1.00,,,88,122.00,生物(分科),36,133.65,,,,,27
1536,中山醫學大學,牙醫學系,生物(分科),1.25,化學(分科),1.00,數學甲(分科),1.00,物理(分科),1.00,英文(學測),1.00,58,272.75,生物(分科),59,312.70,,,,,27
1537,中山醫學大學,醫學檢驗暨生物技術學系,生物(分科),1.00,化學(分科),1.00,英文(學測),1.00,,,,,64,123.00,生物(分科),45,125.55,,,,,27
1540,中山醫學大學,物理治療學系,英文(學測),1.50,生物(分科),1.50,國文(學測),1.50,物理(分科),1.00,,,28,264.00,,,,,,,,27
1541,中山醫學大學,職能治療學系,英文(學測),1.50,國文(學測),1.25,生物(分科),1.00,,,,,22,179.25,英文(學測),46,,,,,,27
1542,中山醫學大學,語言治療與聽力學系語言治療組,英文(學測),2.00,生物(分科),1.50,國文(學測),1.50,物理(分科),1.00,,,28,264.00,,,,,,,,27
1543,中山醫學大學,語言治療與聽力學系聽力組,英文(學測),2.00,物理(分科),1.50,國文(學測),1.50,生物(分科),1.00,,,35,224.00,英文(學測),40,226.70,,,,,27
1544,中山醫學大學,生物醫學科學學系,生物(分科),2.00,英文(學測),1.00,化學(分科),1.00,數學甲(分科),1.00,,,45,159.00,生物(分科),46,,,,,,27
1545,中山醫學大學,視光學系,生物(分科),1.50,英文(學測),1.00,物理(分科),1.00,國文(學測),1.00,,,19,158.50,生物(分科),39,,,,,,27
1546,中山醫學大學,醫學影像暨放射科學系,物理(分科),2.00,生物(分科),1.50,國文(學測),1.00,,,,,43,162.50,,,,,,,,27
1547,中山醫學大學,心理學系,英文(學測),2.00,國文(學測),1.50,數學甲(分科),1.00,,,,,42,183.00,英文(學測),52,186.80,,,,,27
1550,中山醫學大學,營養學系,生物(分科),2.00,化學(分科),2.00,國文(學測),1.75,,,,,36,215.50,,,,,,,,27
1551,中山醫學大學,公共衛生學系(A組),國文(學測),2.00,英文(學測),2.00,化學(分科),1.00,,,,,16,192.00,國文(學測),42,,,,,,27
1552,中山醫學大學,公共衛生學系(B組),歷史(分科),1.00,國文(學測),2.00,英文(學測),2.00,,,,,11,191.00,歷史(分科),55,,,,,,27
1553,中山醫學大學,醫療產業科技管理學系,英文(學測),1.50,國文(學測),1.00,數學乙(分科),1.00,地理(分科),1.00,,,28,133.50,英文(學測),33,,,,,,27
1554,中山醫學大學,職業安全衛生學系,化學(分科),1.00,國文(學測),1.00,英文(學測),1.00,,,,,20,104.00,,,,,,,,28
1555,中山醫學大學,醫學應用化學系,化學(分科),2.00,數學甲(分科),1.00,國文(學測),1.00,,,,,14,149.00,化學(分科),40,,,,,,28
1556,中山醫學大學,健康產業科技管理學系,化學(分科),1.00,國文(學測),1.00,英文(學測),1.00,,,,,20,98.00,化學(分科),26,,,,,,28
1557,中山醫學大學,醫學資訊學系,數學甲(分科),2.00,英文(學測),2.00,國文(學測),1.00,,,,,28,162.00,數學甲(分科),33,,,,,,28
1560,中山醫學大學,應用外國語言學系,英文(學測),1.50,國文(學測),1.00,歷史(分科),1.00,,,,,36,111.50,英文(學測),29,111.90,,,,,28
1561,國立中山大學,中國文學系,國文(學測),2.00,歷史(分科),1.00,英文(學測),1.00,地理(分科),1.00,,,19,230.00,國文(學測),48,235.45,,,,,28
1562,國立中山大學,外國語文學系,英文(學測),2.00,國文(學測),1.00,歷史(分科),1.00,地理(分科),1.00,,,15,236.00,英文(學測),51,,,,,,28
1563,國立中山大學,音樂學系,音樂(術科),2.00,英文(學測),1.00,國文(學測),1.00,歷史(分科),1.00,,,8,223.32,,,,,,,,28
1564,國立中山大學,劇場藝術學系(男),國文(學測),2.00,英文(學測),2.00,歷史(分科),1.00,,,,,4,207.00,國文(學測),39,,,,,,28
1565,國立中山大學,劇場藝術學系(女),國文(學測),2.00,英文(學測),2.00,歷史(分科),1.00,,,,,3,222.00,,,,,,,,28
1566,國立中山大學,生物科學系,生物(分科),1.50,化學(分科),1.25,英文(學測),1.25,數學甲(分科),1.00,國文(學測),1.00,4,251.50,,,,,,,,28
1567,國立中山大學,生物科學系英語組,生物(分科),1.50,化學(分科),1.25,英文(學測),1.50,數學甲(分科),1.00,國文(學測),1.00,6,254.25,,,,,,,,28
1570,國立中山大學,化學系,化學(分科),2.00,物理(分科),1.00,數學甲(分科),1.00,英文(學測),1.25,國文(學測),1.00,10,275.50,,,,,,,,28
1571,國立中山大學,化學系英語組,化學(分科),1.25,物理(分科),1.00,數學甲(分科),1.00,英文(學測),2.00,國文(學測),1.00,10,272.00,化學(分科),44,,,,,,28
1572,國立中山大學,物理學系,物理(分科),1.50,數學甲(分科),1.75,英文(學測),1.75,化學(分科),1.00,國文(學測),1.00,10,301.50,,,,,,,,28
1573,國立中山大學,物理學系量子科技組(全英),物理(分科),1.50,數學甲(分科),1.75,英文(學測),2.00,化學(分科),1.00,國文(學測),1.00,11,309.00,,,,,,,,28
1574,國立中山大學,應用數學系,數學甲(分科),2.00,英文(學測),1.00,物理(分科),1.50,,,,,13,179.00,,,,,,,,28
1575,國立中山大學,應用數學系英語組,數學甲(分科),2.00,英文(學測),1.50,物理(分科),1.00,,,,,13,176.00,數學甲(分科),42,,,,,,28
1576,國立中山大學,電機工程學系,數學甲(分科),1.00,英文(學測),1.00,物理(分科),1.00,化學(分科),1.00,,,14,195.00,,,,,,,,28
1577,國立中山大學,電機工程學系英語組,數學甲(分科),1.00,英文(學測),1.00,物理(分科),1.00,化學(分科),1.00,,,27,187.00,數學甲(分科),34,,,,,,28
1600,國立中山大學,機械與機電工程學系,物理(分科),2.00,數學甲(分科),1.50,國文(學測),1.00,,,,,27,195.50,,,,,,,,28
1601,國立中山大學,機械與機電工程學系全英語組,物理(分科),2.00,數學甲(分科),1.50,英文(學測),2.00,,,,,12,242.00,,,,,,,,28
1602,國立中山大學,資訊工程學系,數學甲(分科),2.00,英文(學測),1.00,物理(分科),1.50,國文(學測),1.00,,,15,244.00,數學甲(分科),38,,,,,,28
1603,國立中山大學,資訊工程學系全英語學士班,數學甲(分科),2.00,英文(學測),2.00,物理(分科),1.50,,,,,16,244.50,,,,,,,,28
1604,國立中山大學,光電工程學系,數學甲(分科),2.00,物理(分科),2.00,英文(學測),1.00,化學(分科),1.00,,,13,266.00,,,,,,,,28
1605,國立中山大學,光電工程學系全英語組,數學甲(分科),2.00,物理(分科),2.00,英文(學測),1.50,化學(分科),1.00,,,7,284.50,數學甲(分科),39,,,,,,28
1606,國立中山大學,材料與光電科學學系甲組,物理(分科),2.00,化學(分科),2.00,數學甲(分科),1.00,,,,,4,243.00,物理(分科),55,,,,,,28
1607,國立中山大學,材料與光電科學學系乙組,數學甲(分科),2.00,物理(分科),2.00,國文(學測),1.00,,,,,3,236.00,,,,,,,,28
1610,國立中山大學,材料與光電科學學系全英語組,數學甲(分科),2.00,化學(分科),2.00,英文(學測),1.00,,,,,7,226.00,數學甲(分科),42,,,,,,28
1611,國立中山大學,企業管理學系(A組),英文(學測),2.00,數學乙(分科),2.00,國文(學測),1.00,,,,,9,236.00,,,,,,,,28
1612,國立中山大學,企業管理學系(B組),英文(學測),2.00,數學乙(分科),2.00,公民與社會(分科),1.00,,,,,12,227.00,,,,,,,,28
1613,國立中山大學,資訊管理學系,數學甲(分科),2.00,英文(學測),2.00,國文(學測),1.50,,,,,15,236.50,數學甲(分科),36,,,,,,28
1614,國立中山大學,財務管理學系,數學乙(分科),2.00,英文(學測),1.00,國文(學測),1.00,,,,,12,196.00,數學乙(分科),52,,,,,,29
1615,國立中山大學,國際經營管理全英語學士學位學程,英文(學測),2.00,公民與社會(分科),1.50,數學B(學測),1.00,,,,,10,201.00,英文(學測),49,,,,,,29
1616,國立中山大學,海洋生物科技暨資源學系,英文(學測),1.00,生物(分科),1.00,化學(分科),1.00,,,,,14,118.00,,,,,,,,29
1617,國立中山大學,海洋環境及工程學系,英文(學測),1.25,物理(分科),1.50,化學(分科),1.00,數學甲(分科),1.50,,,12,204.25,,,,,,,,29
1620,國立中山大學,海洋科學系,英文(學測),1.25,數學甲(分科),1.25,化學(分科),1.00,國文(學測),1.00,,,8,181.75,,,,,,,,29
1621,國立中山大學,政治經濟學系,英文(學測),1.50,數學乙(分科),1.50,國文(學測),1.00,公民與社會(分科),1.00,,,22,222.50,英文(學測),45,,,,,,29
1622,國立中山大學,社會學系,公民與社會(分科),2.00,英文(學測),2.00,地理(分科),1.00,,,,,21,230.00,,,,,,,,29
1623,國立中山大學,人文暨科技跨領域學系,英文(學測),1.00,國文(學測),1.00,物理(分科),1.00,,,,,11,129.00,英文(學測),54,,,,,,29
1624,國立中山大學,生物醫學科技學系全英語學士班生物醫學組,生物(分科),2.00,英文(學測),1.50,化學(分科),1.50,數學甲(分科),1.00,,,9,250.00,,,,,,,,29
1625,國立中山大學,生物醫學科技學系全英語學士班生醫工程組,數學甲(分科),1.50,物理(分科),1.50,英文(學測),1.50,化學(分科),1.00,生物(分科),1.00,9,252.00,,,,,,,,29
1626,國立中山大學,護理學系,生物(分科),2.00,英文(學測),1.50,國文(學測),1.25,數學甲(分科),1.00,,,28,213.75,,,224.10,,,,,29
1627,長庚大學,醫學系,生物(分科),1.00,英文(學測),1.00,化學(分科),1.00,數學甲(分科),1.00,物理(分科),1.00,43,269.00,生物(分科),57,314.55,,,,,29
1630,長庚大學,中醫學系,生物(分科),1.00,英文(學測),1.00,化學(分科),1.00,數學甲(分科),1.00,國文(學測),1.00,21,266.00,生物(分科),56,286.20,272.40,,,,29
1631,長庚大學,護理學系,英文(學測),1.50,國文(學測),1.50,化學(分科),1.00,,,,,29,153.50,,,,,,,,29
1632,長庚大學,醫學生物技術暨檢驗學系,生物(分科),1.50,化學(分科),1.50,英文(學測),1.00,,,,,17,179.50,,,,,,,,29
1633,長庚大學,醫學影像暨放射科學系,物理(分科),1.25,英文(學測),1.25,數學甲(分科),1.25,生物(分科),1.00,化學(分科),1.00,16,213.25,,,,,,,,29
1634,長庚大學,物理治療學系,英文(學測),1.50,生物(分科),1.25,物理(分科),1.25,國文(學測),1.00,,,16,243.75,英文(學測),53,,,,,,29
1635,長庚大學,職能治療學系,英文(學測),1.50,生物(分科),1.50,國文(學測),1.25,,,,,20,209.75,,,,,,,,29
1636,長庚大學,生物醫學系,化學(分科),2.00,生物(分科),2.00,英文(學測),2.00,數學甲(分科),1.00,物理(分科),1.00,21,289.00,,,,,,,,29
1637,長庚大學,呼吸治療學系,生物(分科),1.50,英文(學測),1.00,化學(分科),1.00,,,,,24,144.00,生物(分科),42,,,,,,29
1640,長庚大學,電機工程學系,物理(分科),1.00,數學甲(分科),1.00,英文(學測),1.00,國文(學測),1.00,,,27,163.00,,,,,,,,29
1641,長庚大學,機械工程學系,物理(分科),1.00,數學甲(分科),1.00,國文(學測),1.00,,,,,18,107.00,物理(分科),38,,,,,,29
1642,長庚大學,化工與材料工程學系(化學工程組),數學甲(分科),1.00,英文(學測),1.00,化學(分科),1.00,物理(分科),1.00,國文(學測),1.00,15,187.00,數學甲(分科),25,,,,,,29
1643,長庚大學,化工與材料工程學系(材料工程組),數學甲(分科),1.00,英文(學測),1.00,化學(分科),1.00,物理(分科),1.00,國文(學測),1.00,13,191.00,數學甲(分科),37,,,,,,29
1644,長庚大學,電子工程學系,物理(分科),1.00,數學甲(分科),1.00,化學(分科),1.00,英文(學測),1.00,,,40,146.00,物理(分科),34,,,,,,29
1645,長庚大學,資訊工程學系,數學甲(分科),1.00,物理(分科),1.00,英文(學測),1.00,國文(學測),1.00,,,19,151.00,,,,,,,,29
1646,長庚大學,生物醫學工程學系,數學甲(分科),1.25,物理(分科),1.00,化學(分科),1.00,英文(學測),1.00,,,18,146.25,,,,,,,,29
1647,長庚大學,生物醫學工程學系(國際雙聯組),英文(學測),1.00,數學甲(分科),1.00,自然(學測),1.00,,,,,1,146.00,,,,,,,,29
1650,長庚大學,人工智慧學系,數學甲(分科),1.00,英文(學測),1.00,國文(學測),1.00,,,,,13,112.00,數學甲(分科),31,,,,,,29
1651,長庚大學,醫務管理學系,英文(學測),1.50,國文(學測),1.00,公民與社會(分科),1.00,,,,,19,120.00,英文(學測),30,,,,,,29
1652,長庚大學,工商管理學系,英文(學測),2.00,數學乙(分科),1.00,國文(學測),1.00,,,,,18,110.00,英文(學測),36,,,,,,29
1653,長庚大學,工業設計學系,英文(學測),2.00,國文(學測),1.00,公民與社會(分科),1.00,,,,,15,127.00,,,,,,,,30
1654,長庚大學,資訊管理學系,數學乙(分科),2.00,英文(學測),1.50,國文(學測),1.00,,,,,17,165.00,,,,,,,,30
1655,長庚大學,數位金融科技學系,數學乙(分科),2.00,英文(學測),2.00,國文(學測),1.00,,,,,22,149.00,,,,,,,,30
1656,國立臺中教育大學,全校不分系學士學位學程,英文(學測),1.25,國文(學測),1.00,數學乙(分科),1.00,,,,,16,112.75,,,116.35,,,,,30
1657,國立臺中教育大學,教育學系,國文(學測),1.50,數學乙(分科),1.50,英文(學測),1.00,,,,,13,146.00,,,,,,,,30
1660,國立臺中教育大學,特殊教育學系,國文(學測),1.50,英文(學測),1.50,公民與社會(分科),1.00,,,,,24,148.00,國文(學測),42,,,,,,30
1661,國立臺中教育大學,幼兒教育學系,國文(學測),2.00,英文(學測),1.50,公民與社會(分科),1.00,,,,,17,168.50,,,,,,,,30
1662,國立臺中教育大學,體育學系,體育(術科),2.00,國文(學測),2.00,生物(分科),1.00,數學B(學測),1.00,,,4,278.18,,,,,,,,30
1663,國立臺中教育大學,語文教育學系,國文(學測),2.00,歷史(分科),1.00,英文(學測),1.00,,,,,7,168.00,國文(學測),51,,,,,,30
1664,國立臺中教育大學,區域與社會發展學系,歷史(分科),2.00,地理(分科),2.00,公民與社會(分科),2.00,英文(學測),1.00,,,26,298.00,,,,,,,,30
1665,國立臺中教育大學,諮商與應用心理學系,國文(學測),2.00,英文(學測),2.00,公民與社會(分科),1.00,,,,,28,217.00,國文(學測),47,,,,,,30
1666,國立臺中教育大學,美術學系,美術(術科),2.00,國文(學測),1.00,歷史(分科),1.00,,,,,15,191.12,,,,,,,,30
1667,國立臺中教育大學,音樂學系,英文(學測),1.00,國文(學測),1.00,歷史(分科),1.00,,,,,5,87.00,,,,,,,,30
1670,國立臺中教育大學,臺灣語文學系,國文(學測),1.00,歷史(分科),1.00,地理(分科),1.00,,,,,29,120.00,國文(學測),39,,,,,,30
1671,國立臺中教育大學,英語學系,英文(學測),2.00,國文(學測),1.00,歷史(分科),1.00,,,,,29,155.00,英文(學測),39,164.30,,,,,30
1672,國立臺中教育大學,數學教育學系,數學A(學測),1.00,國文(學測),1.00,英文(學測),1.00,物理(分科),1.00,,,9,136.00,,,,,,,,30
1673,國立臺中教育大學,科學教育與應用學系,化學(分科),2.00,物理(分科),2.00,數學甲(分科),1.00,,,,,26,129.00,化學(分科),24,,,,,,30
1674,國立臺中教育大學,資訊工程學系,數學甲(分科),1.25,英文(學測),1.25,國文(學測),1.00,,,,,12,128.00,,,,,,,,30
1675,國立臺中教育大學,數位內容科技學系,英文(學測),1.00,國文(學測),1.00,物理(分科),1.00,,,,,18,97.00,,,116.10,,,,,30
1676,國立臺中教育大學,國際企業學系,英文(學測),1.50,國文(學測),1.25,公民與社會(分科),1.00,,,,,27,139.75,,,,,,,,30
1677,國立臺中教育大學,文化創意產業設計與營運學系,英文(學測),2.00,公民與社會(分科),2.00,國文(學測),1.00,,,,,26,169.00,,,,,,,,30
1700,國立臺北教育大學,教育學系,國文(學測),1.50,英文(學測),1.50,數學B(學測),1.25,歷史(分科),1.00,公民與社會(分科),1.00,20,251.25,國文(學測),49,252.35,,,,,30
1701,國立臺北教育大學,教育經營與管理學系,英文(學測),1.50,數學B(學測),1.50,國文(學測),1.00,公民與社會(分科),1.00,,,25,184.50,,,185.60,,,,,30
1702,國立臺北教育大學,幼兒與家庭教育學系,國文(學測),1.50,英文(學測),1.50,數學B(學測),1.00,歷史(分科),1.00,,,25,183.50,,,191.15,,,,,30
1703,國立臺北教育大學,特殊教育學系(文組),英文(學測),2.00,國文(學測),1.50,地理(分科),1.50,數學B(學測),1.00,,,10,241.00,,,,,,,,30
1704,國立臺北教育大學,特殊教育學系(理組),英文(學測),2.00,國文(學測),1.50,物理(分科),1.50,數學B(學測),1.00,,,10,189.50,,,,,,,,30
1705,國立臺北教育大學,心理與諮商學系,數學B(學測),1.50,英文(學測),1.25,國文(學測),1.25,公民與社會(分科),1.00,歷史(分科),1.00,26,254.75,,,,,,,,30
1706,國立臺北教育大學,社會與區域發展學系,數學乙(分科),1.00,地理(分科),1.50,歷史(分科),1.50,,,,,35,172.00,,,,,,,,30
1707,國立臺北教育大學,兒童英語教育學系,英文(學測),2.00,國文(學測),1.00,數學B(學測),1.00,歷史(分科),1.00,,,14,198.00,英文(學測),49,,,,,,30
1710,國立臺北教育大學,語文與創作學系語文師資組,國文(學測),2.00,英文(學測),1.25,歷史(分科),1.00,數學B(學測),1.00,,,21,202.25,國文(學測),49,210.50,,,,,30
1711,國立臺北教育大學,語文與創作學系文學創作組,國文(學測),2.00,英文(學測),1.25,歷史(分科),1.00,,,,,29,179.50,,,,,,,,30
1712,國立臺北教育大學,文化創意產業經營學系,社會(學測),1.50,英文(學測),1.50,國文(學測),1.50,地理(分科),1.00,歷史(分科),1.00,20,272.00,,,,,,,,30
1713,國立臺北教育大學,藝術與造形設計學系設計組,英文(學測),1.50,數學B(學測),2.00,國文(學測),1.25,歷史(分科),1.00,,,23,189.75,,,,,,,,30
1714,國立臺北教育大學,藝術與造形設計學系藝術組,國文(學測),1.50,英文(學測),1.50,歷史(分科),1.00,數學B(學測),1.00,,,30,172.50,國文(學測),40,174.90,,,,,31
1715,國立臺北教育大學,台灣語言與文化學系,國文(學測),1.00,英文(學測),1.00,歷史(分科),1.00,,,,,13,122.00,國文(學測),44,,,,,,31
1716,國立臺北教育大學,數學暨資訊教育學系數學組,數學甲(分科),2.00,國文(學測),1.00,英文(學測),1.00,,,,,8,140.00,,,,,,,,31
1717,國立臺北教育大學,數學暨資訊教育學系人工智慧與資訊教育組,數學甲(分科),2.00,英文(學測),1.00,國文(學測),1.00,,,,,8,143.00,,,,,,,,31
1720,國立臺北教育大學,自然科學教育學系,物理(分科),2.00,化學(分科),2.00,數學甲(分科),1.00,英文(學測),1.00,,,15,207.00,,,,,,,,31
1721,國立臺北教育大學,數位科技設計學系(創意設計組),英文(學測),1.00,國文(學測),1.00,公民與社會(分科),1.00,,,,,6,134.00,,,,,,,,31
1722,國立臺北教育大學,數位科技設計學系(資訊應用組),數學甲(分科),1.50,英文(學測),1.50,國文(學測),1.00,,,,,7,149.00,數學甲(分科),28,,,,,,31
1723,國立臺北教育大學,資訊科學系,數學甲(分科),2.00,英文(學測),2.00,物理(分科),1.00,國文(學測),1.00,,,19,220.00,,,231.40,,,,,31
1724,國立臺北教育大學,體育學系(男),生物(分科),2.00,公民與社會(分科),2.00,國文(學測),1.00,體育(術科),1.00,,,10,215.88,,,,,,,,31
1725,國立臺北教育大學,體育學系(女),生物(分科),2.00,公民與社會(分科),2.00,國文(學測),1.00,體育(術科),1.00,,,7,190.71,,,217.00,,,,,31
1726,國立臺南大學,教育學系,公民與社會(分科),2.00,國文(學測),1.50,英文(學測),1.00,,,,,38,170.50,,,,,,,,31
1727,國立臺南大學,諮商與輔導學系,國文(學測),1.50,英文(學測),1.50,數學B(學測),1.50,公民與社會(分科),1.00,,,16,202.00,,,,,,,,31
1730,國立臺南大學,特殊教育學系,國文(學測),1.50,英文(學測),1.00,數學B(學測),1.00,公民與社會(分科),2.00,,,21,175.50,國文(學測),43,,,,,,31
1731,國立臺南大學,幼兒教育學系,國文(學測),2.00,英文(學測),1.50,公民與社會(分科),1.00,,,,,28,152.00,,,,,,,,31
1732,國立臺南大學,體育學系,體育(術科),2.00,國文(學測),1.00,數學B(學測),1.00,英文(學測),1.00,生物(分科),1.00,4,264.84,,,265.10,,,,,31
1733,國立臺南大學,文化與自然資源學系,歷史(分科),2.00,地理(分科),2.00,國文(學測),1.00,,,,,22,225.00,,,,,,,,31
1734,國立臺南大學,國語文學系,國文(學測),2.00,歷史(分科),1.00,英文(學測),1.00,,,,,46,152.00,國文(學測),46,,,,,,31
1735,國立臺南大學,英語學系,英文(學測),2.00,國文(學測),1.25,歷史(分科),1.00,,,,,38,151.50,,,,,,,,31
1736,國立臺南大學,應用數學系,數學甲(分科),2.00,自然(學測),1.50,英文(學測),1.00,,,,,19,149.50,,,150.60,,,,,31
1737,國立臺南大學,數位學習科技學系(數位學習系統組),數學乙(分科),1.00,英文(學測),2.00,國文(學測),2.00,,,,,12,163.00,,,163.70,,,,,31
1740,國立臺南大學,數位學習科技學系(數位學習內容組),英文(學測),1.00,國文(學測),2.00,數學B(學測),1.00,地理(分科),2.00,,,11,210.00,,,,,,,,31
1741,國立臺南大學,材料科學系,物理(分科),1.50,化學(分科),1.50,數學甲(分科),1.00,英文(學測),1.00,國文(學測),1.00,22,224.00,物理(分科),32,,,,,,31
1742,國立臺南大學,資訊工程學系,數學甲(分科),1.50,英文(學測),1.25,國文(學測),1.00,,,,,13,142.25,,,,,,,,31
1743,國立臺南大學,電機工程學系,數學甲(分科),1.00,英文(學測),1.50,物理(分科),1.00,國文(學測),1.00,,,26,177.00,,,190.45,,,,,31
1744,國立臺南大學,綠色能源科技學系,數學甲(分科),1.50,物理(分科),1.50,英文(學測),1.00,,,,,11,122.50,數學甲(分科),31,,,,,,31
1745,國立臺南大學,生物科技學系,生物(分科),2.00,國文(學測),2.00,化學(分科),1.00,,,,,14,193.00,,,,,,,,31
1746,國立臺南大學,生態暨環境資源學系,地理(分科),1.00,國文(學測),1.00,英文(學測),1.00,,,,,13,108.00,,,112.05,,,,,31
1747,國立臺南大學,音樂學系,英文(學測),1.00,國文(學測),1.00,歷史(分科),1.00,,,,,5,89.00,,,,,,,,31
1750,國立臺南大學,視覺藝術與設計學系,美術(術科),2.00,國文(學測),2.00,英文(學測),1.00,歷史(分科),1.00,,,15,249.60,,,,,,,,31
1751,國立臺南大學,戲劇創作與應用學系(男),國文(學測),2.00,英文(學測),2.00,歷史(分科),1.00,,,,,5,156.00,,,,,,,,31
1752,國立臺南大學,戲劇創作與應用學系(女),國文(學測),2.00,英文(學測),2.00,歷史(分科),1.00,,,,,7,169.00,,,,,,,,31
1753,國立臺南大學,行政管理學系,國文(學測),1.50,英文(學測),1.50,數學B(學測),1.00,公民與社會(分科),1.00,,,33,162.50,,,171.40,,,,,31
1754,國立臺南大學,經營與管理學系,英文(學測),2.00,數學B(學測),1.50,公民與社會(分科),1.50,國文(學測),1.00,,,28,189.00,英文(學測),28,,,,,,32
1755,國立東華大學,應用數學系數學科學組,數學甲(分科),2.00,英文(學測),1.00,國文(學測),1.00,,,,,12,107.00,,,,,,,,32
1756,國立東華大學,應用數學系統計科學組,數學甲(分科),2.00,英文(學測),1.00,國文(學測),1.00,,,,,16,103.00,,,106.15,,,,,32
1757,國立東華大學,物理學系物理組,物理(分科),1.00,數學甲(分科),1.00,英文(學測),1.00,化學(分科),1.00,國文(學測),1.00,12,145.00,,,,,,,,32
1760,國立東華大學,物理學系奈米與光電科學組,物理(分科),1.00,數學甲(分科),1.00,英文(學測),1.00,化學(分科),1.00,國文(學測),1.00,9,144.00,物理(分科),25,,,,,,32
1761,國立東華大學,化學系,化學(分科),2.00,英文(學測),1.00,數學甲(分科),1.00,物理(分科),1.00,,,25,131.00,,,,,,,,32
1762,國立東華大學,生化暨分子醫學科學系,生物(分科),1.75,化學(分科),1.50,英文(學測),1.75,國文(學測),1.00,,,23,170.25,,,184.85,,,,,32
1763,國立東華大學,資訊工程學系資工組,數學甲(分科),1.50,英文(學測),1.25,國文(學測),1.00,,,,,24,114.25,,,,,,,,32
1764,國立東華大學,資訊工程學系國際組,英文(學測),1.50,數學甲(分科),1.25,國文(學測),1.00,,,,,13,113.25,英文(學測),32,,,,,,32
1765,國立東華大學,電機工程學系智慧系統組,數學甲(分科),1.00,英文(學測),1.00,國文(學測),1.00,,,,,13,107.00,,,109.35,,,,,32
1766,國立東華大學,電機工程學系半導體組,物理(分科),1.00,數學甲(分科),1.00,英文(學測),1.00,國文(學測),1.00,,,8,146.00,,,,,,,,32
1767,國立東華大學,材料科學與工程學系,物理(分科),1.00,化學(分科),1.00,英文(學測),1.00,數學甲(分科),1.00,,,22,112.00,物理(分科),19,,,,,,32
1770,國立東華大學,光電工程學系,物理(分科),1.50,數學甲(分科),1.00,英文(學測),1.00,化學(分科),1.00,國文(學測),1.00,27,156.00,,,,,,,,32
1771,國立東華大學,理工學院大數據科學國際學士班,數學甲(分科),1.50,英文(學測),1.50,國文(學測),1.00,,,,,13,111.00,,,,,,,,32
1772,國立東華大學,企業管理學系,英文(學測),1.50,國文(學測),1.00,公民與社會(分科),1.00,,,,,21,75.50,,,,,,,,32
1773,國立東華大學,會計學系,英文(學測),2.00,數學B(學測),1.50,國文(學測),1.00,公民與社會(分科),1.00,,,32,101.00,,,,,,,,32
1774,國立東華大學,資訊管理學系,英文(學測),2.00,國文(學測),2.00,公民與社會(分科),1.00,,,,,18,145.00,,,,,,,,32
1775,國立東華大學,國際企業學系,英文(學測),2.00,國文(學測),1.50,公民與社會(分科),1.00,,,,,15,111.50,,,,,,,,32
1776,國立東華大學,財務金融學系,國文(學測),1.00,數學B(學測),1.00,英文(學測),1.00,公民與社會(分科),1.00,,,22,108.00,,,125.55,,,,,32
1777,國立東華大學,觀光暨休閒遊憩學系,英文(學測),2.00,國文(學測),1.50,地理(分科),1.50,數學B(學測),1.00,,,24,101.50,,,118.85,,,,,32
2000,國立東華大學,管理學院管理科學與財金國際學士學位學程,英文(學測),2.00,數學乙(分科),1.00,公民與社會(分科),1.00,國文(學測),1.00,,,4,113.00,,,,,,,,32
2001,國立東華大學,管理學院會計與資訊管理國際學士班智慧會計與風險管理組,英文(學測),2.00,數學A(學測),1.75,國文(學測),1.50,公民與社會(分科),1.00,,,5,126.75,,,,,,,,32
2002,國立東華大學,管理學院會計與資訊管理國際學士班會計資訊與電腦稽核組,英文(學測),2.00,國文(學測),1.50,數學B(學測),1.75,公民與社會(分科),1.00,,,5,127.25,,,,,,,,32
2003,國立東華大學,管理學院數位行銷與服務創新國際學士班,英文(學測),2.00,國文(學測),1.75,公民與社會(分科),1.00,,,,,5,92.25,,,,,,,,32
2004,國立東華大學,華文文學與創作學系,國文(學測),2.00,歷史(分科),1.50,社會(學測),1.00,,,,,9,125.50,,,,,,,,32
2005,國立東華大學,中國語文學系,國文(學測),2.00,歷史(分科),1.50,社會(學測),1.00,,,,,21,128.50,,,,,,,,32
2006,國立東華大學,英美語文學系,英文(學測),2.00,國文(學測),1.25,公民與社會(分科),1.00,,,,,15,73.75,,,,,,,,32
2007,國立東華大學,臺灣文化學系,社會(學測),2.00,地理(分科),2.00,歷史(分科),1.50,,,,,15,103.50,,,,,,,,32
2010,國立東華大學,歷史學系,歷史(分科),2.00,社會(學測),1.50,國文(學測),1.00,,,,,24,151.00,,,,,,,,32
2011,國立東華大學,經濟學系,數學B(學測),1.00,英文(學測),1.00,國文(學測),1.00,公民與社會(分科),1.00,,,32,71.00,,,,,,,,32
2012,國立東華大學,諮商與臨床心理學系(自然組),英文(學測),1.50,數學甲(分科),1.50,國文(學測),1.00,,,,,17,103.00,,,126.15,,,,,32
2013,國立東華大學,諮商與臨床心理學系(社會組),英文(學測),1.50,數學B(學測),1.50,國文(學測),1.00,公民與社會(分科),1.00,,,3,166.50,,,,,,,,33
2014,國立東華大學,社會學系,社會(學測),1.00,英文(學測),1.00,國文(學測),1.50,公民與社會(分科),2.00,,,13,165.50,,,,,,,,33
2015,國立東華大學,公共行政學系,公民與社會(分科),1.50,社會(學測),2.00,國文(學測),1.00,,,,,21,156.00,,,,,,,,33
2016,國立東華大學,法律學系,英文(學測),1.00,公民與社會(分科),1.50,國文(學測),2.00,,,,,20,185.00,英文(學測),33,185.60,,,,,33
2017,國立東華大學,體育與運動科學系,國文(學測),1.00,英文(學測),1.00,生物(分科),1.00,,,,,6,92.00,國文(學測),42,,,,,,33
2020,國立東華大學,教育與潛能開發學系,國文(學測),2.00,公民與社會(分科),1.00,英文(學測),1.00,,,,,9,110.00,,,,,,,,33
2021,國立東華大學,教育行政與管理學系,國文(學測),2.00,英文(學測),2.00,數學B(學測),1.50,公民與社會(分科),1.00,歷史(分科),1.00,13,167.00,,,,,,,,33
2022,國立東華大學,特殊教育學系,公民與社會(分科),2.00,歷史(分科),1.00,國文(學測),1.00,,,,,18,101.00,,,,,,,,33
2023,國立東華大學,幼兒教育學系,國文(學測),2.00,公民與社會(分科),1.75,歷史(分科),1.75,,,,,15,136.25,,,140.45,,,,,33
2024,國立東華大學,族群關係與文化學系,公民與社會(分科),2.00,國文(學測),1.50,社會(學測),1.00,,,,,3,92.00,,,,,,,,33
2025,國立東華大學,民族語言與傳播學系,社會(學測),1.00,公民與社會(分科),1.00,國文(學測),1.00,,,,,4,68.00,,,,,,,,33
2026,國立東華大學,民族發展與社會工作學系民族發展組,社會(學測),2.00,公民與社會(分科),1.50,國文(學測),1.00,,,,,2,102.00,,,,,,,,33
2027,國立東華大學,民族發展與社會工作學系社會工作組,公民與社會(分科),2.00,社會(學測),1.50,國文(學測),1.00,,,,,9,138.00,,,,,,,,33
2030,國立東華大學,原住民族樂舞與藝術學士學位學程,國文(學測),2.00,公民與社會(分科),2.00,歷史(分科),1.00,,,,,0,,,,,,,,,33
2031,國立東華大學,自然資源與環境學系環境管理與環境教育組,地理(分科),2.00,英文(學測),1.00,國文(學測),2.00,,,,,10,147.00,,,,,,,,33
2032,國立東華大學,自然資源與環境學系生態與保育組,生物(分科),2.00,國文(學測),2.00,英文(學測),1.00,,,,,10,144.00,,,,,,,,33
2033,國立東華大學,自然資源與環境學系地球科學組,化學(分科),2.00,國文(學測),2.00,英文(學測),1.00,,,,,9,154.00,,,,,,,,33
2034,國立東華大學,縱谷跨域書院學士學位學程,社會(學測),2.00,國文(學測),1.00,公民與社會(分科),1.00,,,,,2,160.00,,,,,,,,33
2035,國立東華大學,音樂學系,音樂(術科),2.00,英文(學測),1.00,國文(學測),1.00,歷史(分科),1.00,,,0,,,,,,,,,33
2036,國立東華大學,藝術與設計學系,國文(學測),2.00,英文(學測),1.00,歷史(分科),1.00,,,,,20,105.00,,,120.10,,,,,33
2037,國立東華大學,藝術創意產業學系,國文(學測),2.00,歷史(分科),2.00,公民與社會(分科),1.00,,,,,11,144.00,,,,,,,,33
2040,臺北市立大學,教育學系,國文(學測),2.00,英文(學測),2.00,數學B(學測),2.00,歷史(分科),1.00,地理(分科),1.00,23,285.00,國文(學測),41,,,,,,33
2041,臺北市立大學,特殊教育學系,國文(學測),2.00,數學B(學測),1.50,英文(學測),1.50,公民與社會(分科),1.00,,,19,204.00,,,208.10,,,,,33
2042,臺北市立大學,幼兒教育學系,英文(學測),2.00,國文(學測),2.00,歷史(分科),1.00,地理(分科),1.00,,,15,230.00,,,,,,,,33
2043,臺北市立大學,心理與諮商學系,英文(學測),2.00,國文(學測),1.50,數學B(學測),1.50,公民與社會(分科),1.00,,,19,235.00,英文(學測),38,,,,,,33
2044,臺北市立大學,學習與媒材設計學系,國文(學測),2.00,數學B(學測),1.50,英文(學測),2.00,歷史(分科),1.00,地理(分科),1.00,18,257.00,,,277.50,,,,,33
2045,臺北市立大學,中國語文學系,國文(學測),2.00,歷史(分科),1.00,英文(學測),1.00,,,,,30,164.00,國文(學測),43,,,,,,33
2046,臺北市立大學,歷史與地理學系,國文(學測),1.50,歷史(分科),1.50,地理(分科),1.50,英文(學測),1.00,,,14,244.00,,,,,,,,33
2047,臺北市立大學,英語教學系,英文(學測),2.00,國文(學測),1.25,公民與社會(分科),1.00,,,,,18,177.50,,,,,,,,33
2050,臺北市立大學,公共事務學系,公民與社會(分科),2.00,國文(學測),1.50,英文(學測),1.50,,,,,10,223.50,,,,,,,,33
2051,臺北市立大學,音樂學系,音樂(術科),2.00,英文(學測),1.00,國文(學測),1.00,歷史(分科),1.00,,,5,288.94,,,,,,,,33
2052,臺北市立大學,視覺藝術學系,美術(術科),2.00,國文(學測),2.00,英文(學測),1.00,歷史(分科),1.00,,,27,260.00,,,,,,,,33
2053,臺北市立大學,應用物理暨化學系電子物理組,物理(分科),1.50,化學(分科),1.50,英文(學測),1.25,數學甲(分科),1.00,國文(學測),1.00,8,241.50,,,,,,,,34
2054,臺北市立大學,應用物理暨化學系應用化學組,化學(分科),1.50,物理(分科),1.50,英文(學測),1.25,數學甲(分科),1.00,國文(學測),1.00,6,243.75,,,,,,,,34
2055,臺北市立大學,地球環境暨生物資源學系,數學甲(分科),1.00,國文(學測),1.00,物理(分科),1.00,化學(分科),1.50,,,18,143.50,,,,,,,,34
2056,臺北市立大學,數據科學與數學系,數學甲(分科),2.00,物理(分科),1.00,英文(學測),1.00,,,,,21,126.00,數學甲(分科),28,,,,,,34
2057,臺北市立大學,資訊科學系,數學甲(分科),2.00,英文(學測),2.00,物理(分科),1.00,,,,,24,172.00,,,,,,,,34
2060,臺北市立大學,體育學系,英文(學測),2.00,體育(術科),1.50,國文(學測),1.00,生物(分科),1.00,,,4,239.74,,,261.02,,,,,34
2061,臺北市立大學,休閒運動管理學系,英文(學測),1.25,公民與社會(分科),1.00,國文(學測),1.00,,,,,8,130.00,,,,,,,,34
2062,臺北市立大學,運動健康科學系,英文(學測),1.50,生物(分科),1.00,國文(學測),1.00,,,,,2,160.00,,,,,,,,34
2063,臺北市立大學,城市發展學系,地理(分科),2.00,英文(學測),2.00,國文(學測),1.00,,,,,10,210.00,,,,,,,,34
2064,臺北市立大學,行銷與管理學系,英文(學測),2.00,數學乙(分科),2.00,國文(學測),1.00,,,,,3,214.00,,,,,,,,34
2065,臺北市立大學,衛生福利學系,國文(學測),1.50,數學甲(分科),1.00,英文(學測),1.50,生物(分科),1.50,,,14,170.00,國文(學測),36,,,,,,34
2066,國立屏東大學,教育學系,國文(學測),2.00,英文(學測),1.50,公民與社會(分科),1.00,,,,,20,143.50,,,167.85,,,,,34
2067,國立屏東大學,幼兒教育學系,國文(學測),2.00,公民與社會(分科),2.00,英文(學測),1.00,,,,,21,162.00,國文(學測),46,,,,,,34
2070,國立屏東大學,特殊教育學系,國文(學測),2.00,英文(學測),1.00,公民與社會(分科),1.00,,,,,16,130.00,,,,,,,,34
2071,國立屏東大學,教育心理與輔導學系,國文(學測),1.25,英文(學測),1.25,公民與社會(分科),1.00,數學B(學測),1.00,,,24,134.75,國文(學測),43,141.95,,,,,34
2072,國立屏東大學,中國語文學系,國文(學測),2.00,歷史(分科),1.25,英文(學測),1.00,,,,,23,141.00,,,,,,,,34
2073,國立屏東大學,英語學系,英文(學測),2.00,國文(學測),1.00,歷史(分科),1.00,,,,,14,116.00,,,,,,,,34
2074,國立屏東大學,文化創意產業學系,國文(學測),2.00,英文(學測),1.00,歷史(分科),1.00,,,,,18,133.00,國文(學測),38,,,,,,34
2075,國立屏東大學,社會發展學系,公民與社會(分科),1.00,國文(學測),1.00,英文(學測),1.00,,,,,17,92.00,公民與社會(分科),34,98.55,,,,,34
2076,國立屏東大學,應用英語學系,英文(學測),2.00,國文(學測),1.00,公民與社會(分科),1.00,,,,,2,144.00,,,,,,,,34
2077,國立屏東大學,應用日語學系,英文(學測),2.00,國文(學測),2.00,公民與社會(分科),1.00,,,,,3,183.00,,,,,,,,34
2100,國立屏東大學,視覺藝術學系數位媒體設計組,國文(學測),2.00,英文(學測),1.50,歷史(分科),1.50,,,,,5,173.50,,,,,,,,34
2101,國立屏東大學,商業大數據學系,英文(學測),1.00,數學B(學測),1.00,公民與社會(分科),1.00,國文(學測),1.00,,,12,108.00,英文(學測),18,,,,,,34
2102,國立屏東大學,行銷與流通管理學系,英文(學測),2.00,數學B(學測),2.00,國文(學測),1.00,公民與社會(分科),1.00,,,7,148.00,英文(學測),20,,,,,,34
2103,國立屏東大學,休閒事業經營學系,英文(學測),1.50,國文(學測),1.50,公民與社會(分科),1.00,數學B(學測),1.00,,,2,162.50,,,,,,,,34
2104,國立屏東大學,不動產經營學系,英文(學測),1.00,國文(學測),1.00,公民與社會(分科),1.00,,,,,10,100.00,英文(學測),26,,,,,,34
2105,國立屏東大學,企業管理學系,英文(學測),1.50,數學B(學測),1.50,國文(學測),1.00,公民與社會(分科),1.00,,,14,132.00,,,,,,,,34
2106,國立屏東大學,國際經營與貿易學系,英文(學測),1.00,數學B(學測),1.00,公民與社會(分科),1.00,國文(學測),1.00,,,4,120.00,,,,,,,,34
2107,國立屏東大學,財務金融學系,數學B(學測),1.00,英文(學測),1.00,國文(學測),1.00,公民與社會(分科),1.00,,,16,132.00,,,,,,,,34
2110,國立屏東大學,會計學系,英文(學測),2.00,國文(學測),2.00,數學B(學測),1.50,公民與社會(分科),1.00,,,6,191.00,,,,,,,,34
2111,國立屏東大學,應用化學系,化學(分科),2.00,英文(學測),1.50,數學甲(分科),1.50,,,,,22,143.50,,,,,,,,34
2112,國立屏東大學,應用數學系,數學甲(分科),2.00,國文(學測),1.00,英文(學測),1.00,,,,,8,117.00,,,123.20,,,,,34
2113,國立屏東大學,應用物理系半導體組,物理(分科),2.00,數學甲(分科),1.75,英文(學測),1.00,,,,,13,142.25,物理(分科),38,,,,,,35
2114,國立屏東大學,應用物理系光電暨材料組,物理(分科),2.00,數學甲(分科),1.75,英文(學測),1.00,化學(分科),1.00,,,12,169.25,,,,,,,,35
2115,國立屏東大學,科學傳播學系,國文(學測),1.50,自然(學測),1.25,英文(學測),1.00,公民與社會(分科),1.00,,,5,141.50,,,,,,,,35
2116,國立屏東大學,智慧機器人學系,數學A(學測),2.00,物理(分科),2.00,英文(學測),1.00,,,,,5,154.00,數學A(學測),39,,,,,,35
2117,國立屏東大學,電腦與通訊學系,數學A(學測),2.00,英文(學測),2.00,國文(學測),1.00,物理(分科),1.00,,,2,203.00,,,,,,,,35
2120,國立屏東大學,資訊工程學系,數學A(學測),2.00,英文(學測),2.00,國文(學測),1.00,物理(分科),1.00,,,18,204.00,數學A(學測),30,,,,,,35
2121,國立屏東大學,電腦科學與人工智慧學系,數學甲(分科),2.00,英文(學測),2.00,國文(學測),1.00,,,,,14,150.00,數學甲(分科),22,,,,,,35
2122,國立屏東大學,資訊管理學系,英文(學測),2.00,數學B(學測),2.00,國文(學測),1.00,公民與社會(分科),1.00,,,2,198.00,,,,,,,,35
2123,國立屏東大學,音樂學系,英文(學測),1.00,國文(學測),1.00,歷史(分科),1.00,,,,,4,84.00,英文(學測),15,,,,,,35
2124,國立屏東大學,視覺藝術學系美術組,美術(術科),2.00,國文(學測),1.50,英文(學測),1.50,歷史(分科),1.00,,,6,96.50,,,,,,,,35
2125,國立屏東大學,體育學系,體育(術科),2.00,數學B(學測),1.00,生物(分科),1.00,,,,,3,220.02,,,230.03,,,,,35
2126,國立臺東大學,全校不分系學士學位學程,國文(學測),1.50,英文(學測),1.00,公民與社會(分科),1.00,,,,,4,110.00,,,,,,,,35
2127,國立臺東大學,教育學系,國文(學測),1.50,英文(學測),1.00,公民與社會(分科),1.00,,,,,20,92.00,,,117.60,,,,,35
2130,國立臺東大學,體育學系,國文(學測),2.00,英文(學測),1.50,公民與社會(分科),1.00,,,,,8,113.00,,,,,,,,35
2131,國立臺東大學,幼兒教育學系,國文(學測),2.00,英文(學測),2.00,公民與社會(分科),1.00,,,,,23,80.00,,,,,,,,35
2132,國立臺東大學,特殊教育學系,國文(學測),2.00,英文(學測),1.00,公民與社會(分科),1.00,,,,,15,85.00,,,,,,,,35
2133,國立臺東大學,文化資源與休閒產業學系,國文(學測),1.50,英文(學測),1.00,公民與社會(分科),1.00,,,,,9,61.00,,,,,,,,35
2134,國立臺東大學,數位媒體與文教產業學系,國文(學測),2.00,英文(學測),1.00,公民與社會(分科),1.00,,,,,14,79.00,,,,,,,,35
2135,國立臺東大學,公共與文化事務學系,社會(學測),2.00,公民與社會(分科),1.50,歷史(分科),1.00,,,,,17,89.50,,,,,,,,35
2136,國立臺東大學,身心整合與運動休閒產業學系,國文(學測),1.50,英文(學測),1.00,公民與社會(分科),1.00,,,,,12,74.00,,,,,,,,35
2137,國立臺東大學,英美語文學系,英文(學測),2.00,國文(學測),2.00,公民與社會(分科),1.00,,,,,9,89.00,,,,,,,,35
2140,國立臺東大學,華語文學系,國文(學測),2.00,歷史(分科),1.50,公民與社會(分科),1.00,,,,,2,128.50,,,,,,,,35
2141,國立臺東大學,美術產業學系,國文(學測),1.00,歷史(分科),1.00,公民與社會(分科),1.00,,,,,5,62.00,,,,,,,,35
2142,國立臺東大學,音樂學系,國文(學測),2.00,英文(學測),1.50,歷史(分科),1.00,,,,,2,98.00,,,,,,,,35
2143,國立臺東大學,生命科學系,生物(分科),2.00,化學(分科),1.50,國文(學測),1.00,,,,,12,122.00,,,,,,,,35
2144,國立臺東大學,資訊工程學系,數學甲(分科),2.00,英文(學測),2.00,國文(學測),1.50,,,,,22,150.00,數學甲(分科),26,,,,,,35
2145,國立臺東大學,資訊管理學系,英文(學測),2.00,數學B(學測),2.00,公民與社會(分科),1.75,國文(學測),1.00,,,8,159.25,,,,,,,,35
2146,國立臺東大學,應用數學系,數學甲(分科),2.00,國文(學測),1.00,英文(學測),1.00,,,,,21,99.00,,,101.40,,,,,35
2147,國立臺東大學,應用科學系化學及奈米科學組,化學(分科),2.00,數學A(學測),1.00,物理(分科),1.00,,,,,8,106.00,,,,,,,,35
2150,國立臺東大學,應用科學系物理暨光電科學組,物理(分科),2.00,數學A(學測),1.00,化學(分科),1.00,,,,,13,105.00,物理(分科),29,,,,,,35
2151,國立臺東大學,綠能與資訊科技學系,物理(分科),2.00,國文(學測),1.00,數學B(學測),1.00,,,,,10,104.00,,,,,,,,35
2152,國立臺東大學,護理學系,生物(分科),2.00,國文(學測),1.50,英文(學測),1.00,,,,,5,133.00,,,,,,,,35
2153,國立體育大學,體育推廣學系A,英文(學測),2.00,國文(學測),2.00,公民與社會(分科),1.00,,,,,11,157.00,英文(學測),30,179.45,,,,,35
2154,國立體育大學,體育推廣學系B,英文(學測),1.00,國文(學測),2.00,體育(術科),2.00,公民與社會(分科),1.00,,,11,281.20,,,284.86,,,,,36
2155,國立體育大學,運動保健學系A,英文(學測),2.00,生物(分科),1.75,國文(學測),2.00,自然(學測),1.00,,,8,263.00,,,,,,,,36
2156,國立體育大學,運動保健學系B,英文(學測),2.00,生物(分科),1.75,體育(術科),1.00,國文(學測),2.00,自然(學測),1.00,9,262.10,,,,,,,,36
2157,國立體育大學,休閒產業經營學系,地理(分科),2.00,英文(學測),1.00,國文(學測),1.00,,,,,19,140.00,,,169.25,,,,,36
2160,國立體育大學,適應體育學系A,英文(學測),2.00,國文(學測),2.00,生物(分科),1.75,,,,,2,208.25,,,,,,,,36
2161,國立體育大學,適應體育學系B,英文(學測),2.00,國文(學測),2.00,公民與社會(分科),1.75,,,,,6,186.25,英文(學測),28,193.00,,,,,36
2162,元智大學,護理學系,生物(分科),1.00,國文(學測),1.00,英文(學測),1.00,,,,,31,78.00,,,,,,,,36
2163,元智大學,管理學院學士班(主修：數位行銷與人力資源),國文(學測),2.00,社會(學測),1.75,公民與社會(分科),1.00,,,,,15,186.00,,,,,,,,36
2164,元智大學,管理學院學士班(主修：財務金融A組),公民與社會(分科),1.50,國文(學測),2.00,英文(學測),1.00,,,,,9,166.00,公民與社會(分科),38,,,,,,36
2165,元智大學,管理學院學士班(主修：財務金融B組),歷史(分科),1.50,國文(學測),2.00,英文(學測),1.00,,,,,9,167.50,,,,,,,,36
2166,元智大學,管理學院學士班(主修：財務金融C組),地理(分科),1.50,國文(學測),2.00,英文(學測),1.00,,,,,10,162.50,,,170.60,,,,,36
2167,元智大學,管理學院學士班(主修：國際企業管理),公民與社會(分科),2.00,英文(學測),1.00,國文(學測),1.50,,,,,16,157.00,,,,,,,,36
2170,元智大學,管理學院學士班(主修：會計),國文(學測),2.00,公民與社會(分科),1.50,歷史(分科),1.00,,,,,13,166.00,,,,,,,,36
2171,元智大學,管理學院學士班(英語專班),英文(學測),2.00,公民與社會(分科),1.50,國文(學測),1.00,,,,,3,155.50,,,,,,,,36
2172,元智大學,應用外語學系,英文(學測),1.50,國文(學測),1.00,歷史(分科),1.00,,,,,25,106.00,,,,,,,,36
2173,元智大學,中國語文學系,國文(學測),2.00,歷史(分科),1.00,英文(學測),1.00,,,,,16,122.00,,,,,,,,36
2174,元智大學,社會暨政策科學學系,公民與社會(分科),2.00,社會(學測),2.00,國文(學測),1.00,,,,,12,188.00,,,,,,,,36
2175,元智大學,藝術與設計學系,英文(學測),1.00,國文(學測),1.00,公民與社會(分科),1.00,,,,,17,81.00,英文(學測),26,86.40,,,,,36
2176,元智大學,人文社會學院英語學士班,國文(學測),2.00,英文(學測),1.50,公民與社會(分科),1.00,,,,,5,136.00,,,,,,,,36
2177,元智大學,資訊管理學系(社會組),英文(學測),2.00,數學B(學測),1.50,國文(學測),1.00,公民與社會(分科),1.50,,,15,189.00,,,,,,,,36
2200,元智大學,資訊管理學系(自然組),英文(學測),2.00,數學甲(分科),1.50,國文(學測),1.50,,,,,11,180.00,英文(學測),45,203.30,,,,,36
2201,元智大學,資訊傳播學系(智慧科技應用組),國文(學測),1.50,英文(學測),1.00,數學B(學測),1.00,公民與社會(分科),1.00,,,14,133.00,,,,,,,,36
2202,元智大學,資訊傳播學系(數位媒體設計-創作組),國文(學測),1.50,英文(學測),1.00,公民與社會(分科),1.00,,,,,12,115.50,,,,,,,,36
2203,元智大學,資訊傳播學系(數位媒體設計-美術組),美術(術科),2.00,國文(學測),1.00,英文(學測),1.00,公民與社會(分科),1.00,,,3,142.00,,,,,,,,36
2204,元智大學,資訊工程學系(資訊工程組),數學甲(分科),1.00,英文(學測),1.00,國文(學測),1.00,,,,,35,114.00,,,,,,,,36
2205,元智大學,資訊工程學系(資訊應用組),數學乙(分科),1.00,英文(學測),1.00,國文(學測),1.00,,,,,15,124.00,數學乙(分科),40,,,,,,36
2206,元智大學,資訊學院英語學士班,數學A(學測),1.00,英文(學測),1.00,國文(學測),1.50,物理(分科),1.00,,,10,176.50,,,,,,,,36
2207,元智大學,機械工程學系,數學甲(分科),1.00,物理(分科),1.00,自然(學測),1.00,國文(學測),1.00,,,25,146.00,數學甲(分科),27,153.90,,,,,36
2210,元智大學,化學工程與材料科學學系,數學甲(分科),1.00,物理(分科),1.00,化學(分科),1.00,國文(學測),1.00,,,30,143.00,,,,,,,,36
2211,元智大學,工業工程與管理學系(A組),數學甲(分科),1.25,英文(學測),1.00,國文(學測),1.00,,,,,12,113.00,,,,,,,,36
2212,元智大學,工業工程與管理學系(B組),數學乙(分科),1.00,英文(學測),1.00,國文(學測),1.25,,,,,14,121.50,,,,,,,,36
2213,元智大學,工程學院英語學士班,數學甲(分科),1.00,英文(學測),1.00,國文(學測),1.00,,,,,5,116.00,,,,,,,,36
2214,元智大學,電機工程學系(甲組),數學甲(分科),1.00,英文(學測),1.00,國文(學測),1.00,,,,,35,123.00,數學甲(分科),47,,,,,,37
2215,元智大學,電機工程學系(乙組)(A組),數學甲(分科),1.00,自然(學測),1.00,國文(學測),2.00,,,,,16,172.00,,,,,,,,37
2216,元智大學,電機工程學系(乙組)(B組),物理(分科),1.00,自然(學測),1.00,國文(學測),2.00,,,,,7,180.00,物理(分科),50,,,,,,37
2217,元智大學,電機工程學系(丙組),數學甲(分科),1.00,英文(學測),1.00,國文(學測),2.00,,,,,16,169.00,數學甲(分科),34,,,,,,37
2220,元智大學,電機通訊學院英語學士班,英文(學測),1.75,物理(分科),1.00,國文(學測),1.25,,,,,10,172.75,,,,,,,,37
2221,國立中正大學,中國文學系,國文(學測),2.00,英文(學測),1.25,歷史(分科),1.00,地理(分科),1.00,,,22,235.25,,,237.00,,,,,37
2222,國立中正大學,外國語文學系,英文(學測),2.00,國文(學測),1.00,歷史(分科),1.00,地理(分科),1.00,,,24,230.00,英文(學測),52,,,,,,37
2223,國立中正大學,歷史學系,歷史(分科),2.00,國文(學測),1.50,英文(學測),1.50,地理(分科),1.00,,,19,274.00,歷史(分科),49,274.10,,,,,37
2224,國立中正大學,哲學系,英文(學測),2.00,國文(學測),1.50,公民與社會(分科),1.00,,,,,15,191.00,,,,,,,,37
2225,國立中正大學,社會福利學系,英文(學測),1.50,數學乙(分科),1.50,公民與社會(分科),1.50,國文(學測),1.00,,,22,215.50,,,,,,,,37
2226,國立中正大學,勞工關係學系,英文(學測),2.00,公民與社會(分科),1.50,國文(學測),1.50,數學乙(分科),1.00,,,13,251.00,,,,,,,,37
2227,國立中正大學,政治學系,英文(學測),2.00,社會(學測),1.00,國文(學測),1.00,公民與社會(分科),1.00,數學乙(分科),1.00,17,253.00,,,,,,,,37
2230,國立中正大學,傳播學系,公民與社會(分科),1.00,歷史(分科),1.00,國文(學測),1.00,英文(學測),1.00,,,21,181.00,公民與社會(分科),44,,,193.75,,,37
2231,國立中正大學,經濟學系,數學乙(分科),2.00,英文(學測),2.00,公民與社會(分科),1.50,國文(學測),1.00,,,26,288.00,數學乙(分科),41,,,,,,37
2232,國立中正大學,財務金融學系,數學乙(分科),2.00,英文(學測),1.50,國文(學測),1.00,,,,,35,204.50,數學乙(分科),46,,,,,,37
2233,國立中正大學,企業管理學系,英文(學測),2.00,國文(學測),1.50,地理(分科),1.00,數學乙(分科),2.00,,,57,273.50,英文(學測),40,,,,,,37
2234,國立中正大學,會計與資訊科技學系甲組,英文(學測),2.00,數學A(學測),2.00,國文(學測),1.50,物理(分科),1.00,,,2,291.50,,,,,,,,37
2235,國立中正大學,會計與資訊科技學系乙組,英文(學測),2.00,數學B(學測),2.00,國文(學測),1.50,公民與社會(分科),1.00,,,25,267.00,,,276.05,,,,,37
2236,國立中正大學,法律學系法學組,英文(學測),1.50,國文(學測),1.50,公民與社會(分科),1.00,歷史(分科),1.00,數學乙(分科),1.00,19,274.50,英文(學測),42,,,,,,37
2237,國立中正大學,法律學系法制組,英文(學測),1.50,國文(學測),1.50,公民與社會(分科),1.00,歷史(分科),1.00,數學乙(分科),1.00,12,273.00,英文(學測),53,,,,,,37
2240,國立中正大學,財經法律學系,國文(學測),1.50,英文(學測),1.50,公民與社會(分科),1.00,歷史(分科),1.00,數學乙(分科),1.00,24,275.50,,,,,,,,37
2241,國立中正大學,成人及繼續教育學系,公民與社會(分科),1.50,英文(學測),1.50,國文(學測),1.00,數學B(學測),1.00,,,15,193.50,,,,,,,,37
2242,國立中正大學,犯罪防治學系,英文(學測),1.50,國文(學測),1.25,公民與社會(分科),1.50,數學乙(分科),1.00,,,25,229.00,,,,,,,,37
2243,國立中正大學,紫荊不分系學士學位學程甲組,地理(分科),1.50,國文(學測),1.00,英文(學測),1.00,,,,,6,168.00,,,,,,,,37
2244,國立中正大學,紫荊不分系學士學位學程乙組,數學乙(分科),1.50,國文(學測),1.00,英文(學測),1.00,,,,,5,165.50,,,,,,,,37
2245,國立中正大學,數學系,數學甲(分科),2.00,英文(學測),1.25,物理(分科),1.00,,,,,14,161.50,數學甲(分科),36,,,,,,37
2246,國立中正大學,物理學系,物理(分科),1.50,數學甲(分科),1.50,英文(學測),1.25,化學(分科),1.00,國文(學測),1.00,18,261.25,物理(分科),47,,,,,,37
2247,國立中正大學,化學暨生物化學系,化學(分科),2.00,物理(分科),1.00,數學甲(分科),1.25,英文(學測),1.25,國文(學測),1.00,20,272.00,,,,,,,,37
2250,國立中正大學,地球與環境科學系,數學甲(分科),1.50,物理(分科),1.50,化學(分科),1.50,英文(學測),1.00,國文(學測),1.00,18,245.00,,,,,,,,37
2251,國立中正大學,資訊工程學系,數學甲(分科),1.25,英文(學測),1.50,物理(分科),1.00,化學(分科),1.00,國文(學測),1.00,58,243.00,數學甲(分科),34,,,,,,37
2252,國立中正大學,電機工程學系甲組,數學甲(分科),1.00,物理(分科),1.00,英文(學測),1.00,化學(分科),1.00,國文(學測),1.00,3,239.00,數學甲(分科),42,,,,,,37
2253,國立中正大學,電機工程學系乙組,數學甲(分科),1.00,物理(分科),1.00,英文(學測),1.00,化學(分科),1.00,國文(學測),1.00,37,229.00,數學甲(分科),43,231.00,,,,,37
2254,國立中正大學,機械工程學系機械工程組,物理(分科),2.00,數學甲(分科),2.00,英文(學測),1.00,,,,,24,202.00,,,,,,,,37
2255,國立中正大學,機械工程學系光機電整合工程組,物理(分科),2.00,數學甲(分科),2.00,英文(學測),1.00,,,,,16,205.00,物理(分科),43,,,,,,38
2256,國立中正大學,機械工程國際學士學位學程,物理(分科),2.00,數學甲(分科),1.50,英文(學測),2.00,,,,,10,234.50,,,,,,,,38
2257,國立中正大學,化學工程學系,數學甲(分科),1.50,物理(分科),1.50,化學(分科),1.25,英文(學測),1.00,國文(學測),1.00,34,264.00,數學甲(分科),30,,,,,,38
2260,國立中正大學,通訊工程學系,數學甲(分科),1.00,物理(分科),1.00,英文(學測),1.00,化學(分科),1.00,國文(學測),1.00,21,221.00,數學甲(分科),52,,,,,,38
2261,國立中正大學,資訊管理學系,數學甲(分科),2.00,英文(學測),2.00,國文(學測),1.00,物理(分科),1.00,化學(分科),1.00,24,279.00,數學甲(分科),28,,,,,,38
2262,國立中正大學,心理學系,英文(學測),1.50,數學甲(分科),1.50,生物(分科),1.25,國文(學測),1.00,,,25,219.25,,,227.00,,,,,38
2263,國立中正大學,生物醫學科學系,英文(學測),1.25,化學(分科),1.50,生物(分科),1.50,國文(學測),1.00,數學甲(分科),1.00,19,246.00,,,,,,,,38
2264,國立中正大學,運動競技學系,英文(學測),2.00,國文(學測),2.00,生物(分科),1.50,,,,,5,216.00,英文(學測),43,,,,,,38
2265,大葉大學,機械與自動化工程學系,數學甲(分科),1.75,國文(學測),2.00,英文(學測),2.00,,,,,17,95.25,,,,,,,,38
2266,大葉大學,電機工程學系(半導體與光電組),數學甲(分科),2.00,物理(分科),2.00,英文(學測),1.75,,,,,11,101.75,,,,,,,,38
2267,大葉大學,電機工程學系(智慧系統組),數學甲(分科),2.00,物理(分科),2.00,國文(學測),1.75,,,,,12,107.00,,,,,,,,38
2270,大葉大學,半導體學士學位學程,數學甲(分科),2.00,物理(分科),2.00,英文(學測),1.75,,,,,25,60.75,,,,,,,,38
2271,大葉大學,資訊工程學系,數學甲(分科),1.75,國文(學測),2.00,英文(學測),2.00,,,,,16,101.25,數學甲(分科),11,,,,,,38
2272,大葉大學,環境與安全工程學系,國文(學測),2.00,英文(學測),2.00,化學(分科),1.75,,,,,10,88.75,,,,,,,,38
2273,大葉大學,會計與資訊管理學系(人工智慧科技管理組),英文(學測),2.00,國文(學測),2.00,物理(分科),1.75,,,,,4,95.50,,,,,,,,38
2274,大葉大學,會計與資訊管理學系(會計暨投資理財組),國文(學測),2.00,英文(學測),2.00,公民與社會(分科),1.75,,,,,2,130.00,,,,,,,,38
2275,大葉大學,財務金融學系(智慧投資組),國文(學測),2.00,公民與社會(分科),2.00,英文(學測),1.00,,,,,2,119.00,,,,,,,,38
2276,大葉大學,財務金融學系(AI金融組),國文(學測),2.00,英文(學測),2.00,物理(分科),1.75,,,,,1,105.75,,,,,,,,38
2277,大葉大學,設計學系,國文(學測),2.00,歷史(分科),2.00,英文(學測),1.00,,,,,0,,,,,,,,,38
2300,大葉大學,多媒體數位內容學士學位學程(動畫與影視特效組),國文(學測),2.00,歷史(分科),1.75,地理(分科),2.00,,,,,2,135.50,,,,,,,,38
2301,大葉大學,多媒體數位內容學士學位學程(遊戲與人工智慧應用組),英文(學測),2.00,地理(分科),1.75,歷史(分科),2.00,,,,,6,88.75,,,,,,,,38
2302,大葉大學,多媒體數位內容學士學位學程(動漫美術與模型製作組),國文(學測),2.00,英文(學測),1.75,歷史(分科),2.00,,,,,4,116.25,,,,,,,,38
2303,大葉大學,多媒體數位內容學士學位學程(漫畫創作組),國文(學測),2.00,英文(學測),1.75,地理(分科),2.00,,,,,2,119.75,,,,,,,,38
2304,大葉大學,AI創新設計學士學位學程(商業視覺設計組),國文(學測),2.00,歷史(分科),1.75,地理(分科),2.00,,,,,0,,,,,,,,,38
2305,大葉大學,AI創新設計學士學位學程(創新數位媒體組),國文(學測),2.00,英文(學測),1.75,地理(分科),2.00,,,,,1,159.75,,,,,,,,38
2306,大葉大學,空間設計學系(建築組),英文(學測),1.00,國文(學測),2.00,地理(分科),2.00,歷史(分科),2.00,,,2,143.00,,,,,,,,38
2307,大葉大學,空間設計學系(室內設計組),英文(學測),1.00,國文(學測),2.00,地理(分科),2.00,歷史(分科),2.00,,,5,140.00,,,,,,,,38
2310,大葉大學,應用日語學系,國文(學測),2.00,公民與社會(分科),2.00,英文(學測),1.75,,,,,1,138.00,,,,,,,,38
2311,大葉大學,生物醫學系(檢驗醫學組),化學(分科),1.75,國文(學測),2.00,英文(學測),2.00,,,,,4,116.50,,,,,,,,39
2312,大葉大學,生物醫學系(生物醫藥組),生物(分科),1.75,國文(學測),2.00,英文(學測),2.00,,,,,3,158.75,,,,,,,,39
2313,大葉大學,藥用植物與食品保健學系(藥粧保健組),生物(分科),2.00,國文(學測),1.75,英文(學測),2.00,,,,,4,110.25,,,,,,,,39
2314,大葉大學,藥用植物與食品保健學系(食藥生技組),化學(分科),1.75,國文(學測),2.00,英文(學測),1.75,,,,,0,,,,,,,,,39
2315,大葉大學,餐旅管理學系,國文(學測),2.00,地理(分科),2.00,英文(學測),1.75,,,,,1,98.50,,,,,,,,39
2316,大葉大學,觀光休閒學系,國文(學測),2.00,公民與社會(分科),2.00,歷史(分科),1.75,,,,,3,118.75,,,,,,,,39
2317,大葉大學,烘焙暨飲料調製學士學位學程,國文(學測),2.00,地理(分科),2.00,英文(學測),1.75,,,,,3,109.00,,,,,,,,39
2320,大葉大學,護理學系,英文(學測),2.00,國文(學測),2.00,生物(分科),1.75,,,,,5,95.50,,,,,,,,39
2321,大葉大學,運動健康管理學系,國文(學測),2.00,公民與社會(分科),2.00,英文(學測),1.75,,,,,4,110.50,,,,,,,,39
2322,大葉大學,視光學系,英文(學測),2.00,國文(學測),2.00,數學甲(分科),1.75,,,,,5,86.50,,,,,,,,39
2323,大葉大學,職能治療學系A組,英文(學測),2.00,國文(學測),2.00,生物(分科),1.75,,,,,4,198.50,,,,,,,,39
2324,大葉大學,職能治療學系B組,英文(學測),2.00,國文(學測),2.00,公民與社會(分科),1.75,,,,,2,166.50,,,,,,,,39
2325,義守大學,電機工程學系,數學甲(分科),2.00,國文(學測),2.00,英文(學測),1.75,,,,,49,154.75,,,,,,,,39
2326,義守大學,電子工程學系,數學甲(分科),2.00,國文(學測),2.00,英文(學測),1.75,,,,,22,135.00,,,,,,,,39
2327,義守大學,資訊工程學系資訊工程組,數學甲(分科),2.00,國文(學測),2.00,英文(學測),1.75,,,,,44,120.75,,,,,,,,39
2330,義守大學,資訊工程學系資訊應用組,英文(學測),2.00,國文(學測),2.00,數學乙(分科),1.75,,,,,15,113.00,,,,,,,,39
2331,義守大學,機械與自動化工程學系,物理(分科),2.00,國文(學測),2.00,英文(學測),1.75,,,,,29,134.50,,,,,,,,39
2332,義守大學,化學工程學系甲組,化學(分科),2.00,國文(學測),2.00,英文(學測),1.75,,,,,32,144.50,,,,,,,,39
2333,義守大學,化學工程學系乙組,生物(分科),2.00,國文(學測),2.00,英文(學測),1.75,,,,,5,166.00,,,,,,,,39
2334,義守大學,土木工程學系,物理(分科),2.00,國文(學測),2.00,數學甲(分科),1.75,,,,,15,131.50,,,,,,,,39
2335,義守大學,材料科學與工程學系,英文(學測),2.00,國文(學測),2.00,數學甲(分科),1.75,,,,,22,136.00,,,,,,,,39
2336,義守大學,智慧科技英語學士學位學程,英文(學測),2.00,國文(學測),2.00,物理(分科),1.75,,,,,9,113.75,,,,,,,,39
2337,義守大學,半導體學士學位學程,物理(分科),2.00,國文(學測),1.50,英文(學測),1.50,,,,,21,118.50,物理(分科),15,,,,,,39
2340,義守大學,資訊管理學系人工智慧技術與應用組,國文(學測),2.00,物理(分科),2.00,英文(學測),1.75,,,,,15,117.25,,,,,,,,39
2341,義守大學,資訊管理學系智慧商務與物聯網組,國文(學測),2.00,公民與社會(分科),2.00,英文(學測),1.75,,,,,8,127.50,,,,,,,,39
2342,義守大學,企業管理學系,國文(學測),2.00,歷史(分科),2.00,英文(學測),1.00,,,,,23,119.00,國文(學測),27,,,,,,39
2343,義守大學,財務金融管理學系,國文(學測),1.50,歷史(分科),1.25,數學B(學測),1.00,英文(學測),1.00,,,24,102.25,,,,,,,,39
2344,義守大學,會計學系,國文(學測),2.00,地理(分科),2.00,歷史(分科),1.00,,,,,15,125.00,,,,,,,,39
2345,義守大學,醫務管理學系,國文(學測),2.00,公民與社會(分科),2.00,英文(學測),1.50,,,,,31,114.00,,,,,,,,39
2346,義守大學,餐旅管理學系,國文(學測),2.00,社會(學測),2.00,歷史(分科),1.75,,,,,14,124.75,,,,,,,,39
2347,義守大學,廚藝暨美食學學系,國文(學測),2.00,社會(學測),2.00,歷史(分科),1.75,,,,,6,135.75,,,,,,,,39
2350,義守大學,國際企業經營英語學士學位學程(國際學院),英文(學測),2.00,國文(學測),2.00,歷史(分科),1.00,,,,,4,110.00,,,,,,,,39
2351,義守大學,應用日語學系,國文(學測),2.00,歷史(分科),2.00,英文(學測),1.00,,,,,18,106.00,,,,,,,,40
2352,義守大學,大眾傳播學系,國文(學測),2.00,社會(學測),2.00,公民與社會(分科),1.75,,,,,11,146.50,,,,,,,,40
2353,義守大學,電影與電視學系,國文(學測),2.00,社會(學測),2.00,公民與社會(分科),1.75,,,,,14,129.50,,,,,,,,40
2354,義守大學,視覺藝術與設計學系,國文(學測),2.00,社會(學測),2.00,公民與社會(分科),1.75,,,,,4,173.25,,,,,,,,40
2355,義守大學,營養學系,生物(分科),2.00,國文(學測),2.00,英文(學測),1.00,,,,,16,147.00,生物(分科),37,,,,,,40
2356,義守大學,生物醫學工程學系,國文(學測),2.00,化學(分科),2.00,物理(分科),1.75,,,,,39,117.50,,,138.00,,,,,40
2357,義守大學,醫學科學與生物科技學系醫藥組,國文(學測),2.00,化學(分科),2.00,英文(學測),1.75,,,,,9,162.00,,,165.95,,,,,40
2360,義守大學,醫學科學與生物科技學系生技組,國文(學測),2.00,生物(分科),2.00,英文(學測),1.50,,,,,10,162.50,,,170.30,,,,,40
2361,義守大學,護理學系,國文(學測),2.00,生物(分科),2.00,英文(學測),1.75,,,,,48,109.00,,,111.40,,,,,40
2362,義守大學,醫學影像暨放射科學系,自然(學測),2.00,生物(分科),2.00,國文(學測),2.00,數學甲(分科),1.00,,,17,235.00,,,,,,,,40
2363,義守大學,物理治療學系,生物(分科),2.00,英文(學測),2.00,國文(學測),1.50,物理(分科),1.00,數學A(學測),1.00,12,323.00,,,,,,,,40
2364,義守大學,職能治療學系,英文(學測),2.00,生物(分科),2.00,國文(學測),1.75,,,,,12,240.25,,,,,,,,40
2365,義守大學,醫學檢驗技術學系,生物(分科),2.00,化學(分科),2.00,英文(學測),2.00,國文(學測),1.00,,,29,210.00,,,246.65,,,,,40
2366,義守大學,醫學系(公費生),英文(學測),1.50,生物(分科),1.50,化學(分科),1.00,物理(分科),1.00,數學甲(分科),1.00,5,311.00,,,,,,,,40
2367,銘傳大學,企業管理學系品牌行銷組(台北校區),國文(學測),2.00,英文(學測),1.00,歷史(分科),2.00,,,,,20,157.00,國文(學測),33,,,,,,40
2370,銘傳大學,企業管理學系企業管理組(台北校區),國文(學測),2.00,英文(學測),1.00,公民與社會(分科),2.00,,,,,18,153.00,,,,,,,,40
2371,銘傳大學,企業管理學系數位經營組(台北校區),國文(學測),1.00,數學B(學測),1.00,公民與社會(分科),1.00,,,,,5,86.00,,,,,,,,40
2372,銘傳大學,企業管理學系人工智慧應用組(台北校區),國文(學測),2.00,英文(學測),1.00,物理(分科),1.00,,,,,3,122.00,,,,,,,,40
2373,銘傳大學,會計學系會計審計組(台北校區),公民與社會(分科),2.00,國文(學測),1.00,社會(學測),1.00,,,,,28,123.00,公民與社會(分科),31,,,,,,40
2374,銘傳大學,會計學系稅務規劃組(台北校區),公民與社會(分科),2.00,國文(學測),1.00,歷史(分科),1.00,,,,,29,117.00,公民與社會(分科),28,,,,,,40
2375,銘傳大學,會計學系智慧永續組(台北校區),化學(分科),1.00,國文(學測),1.50,英文(學測),1.00,,,,,5,103.50,,,,,,,,40
2376,銘傳大學,財務金融學系A組(台北校區),數學B(學測),2.00,國文(學測),1.00,公民與社會(分科),1.00,,,,,8,118.00,數學B(學測),24,,,,,,40
2377,銘傳大學,財務金融學系B組(台北校區),國文(學測),2.00,英文(學測),1.00,公民與社會(分科),1.00,,,,,6,139.00,國文(學測),43,,,,,,40
2400,銘傳大學,財務金融學系C組(台北校區),公民與社會(分科),1.00,國文(學測),2.00,社會(學測),1.00,,,,,4,162.00,公民與社會(分科),40,,,,,,40
2401,銘傳大學,財務金融學系D組(台北校區),物理(分科),1.00,國文(學測),2.00,英文(學測),1.00,,,,,2,124.00,,,,,,,,40
2402,銘傳大學,資訊應用與金融保險學系金融組(台北校區),國文(學測),2.00,公民與社會(分科),1.25,社會(學測),1.00,,,,,26,142.00,,,,,,,,40
2403,銘傳大學,資訊應用與金融保險學系資訊組(台北校區),物理(分科),1.50,國文(學測),2.00,英文(學測),1.00,,,,,12,119.00,,,,,,,,40
2404,銘傳大學,國際企業學系跨境電商經營組(台北校區),公民與社會(分科),1.50,歷史(分科),1.25,英文(學測),1.00,,,,,10,108.75,,,125.20,,,,,40
2405,銘傳大學,國際企業學系外貿行銷管理組(台北校區),英文(學測),1.25,國文(學測),1.00,歷史(分科),1.00,,,,,11,96.50,,,,,,,,40
2406,銘傳大學,國際企業學系智慧管理組(台北校區),國文(學測),1.50,英文(學測),1.00,物理(分科),1.00,,,,,5,97.50,,,,,,,,40
2407,銘傳大學,人工智慧應用暨管理學士學位學程經營管理組(台北校區),國文(學測),1.50,公民與社會(分科),1.25,數學B(學測),1.00,,,,,4,102.50,,,105.45,,,,,41
2410,銘傳大學,人工智慧應用暨管理學士學位學程應用發展組(台北校區),國文(學測),1.50,英文(學測),1.25,數學甲(分科),1.00,,,,,3,112.25,,,,,,,,41
2411,銘傳大學,新媒體暨傳播管理學系(台北校區),國文(學測),2.00,公民與社會(分科),2.00,社會(學測),1.00,,,,,22,154.00,國文(學測),33,,,,,,41
2412,銘傳大學,廣播電視學系廣播電視電影組(台北校區),國文(學測),1.00,社會(學測),1.00,歷史(分科),1.00,,,,,25,101.00,,,112.05,,,,,41
2413,銘傳大學,廣播電視學系智慧科技影音製作組(台北校區),國文(學測),1.00,自然(學測),2.00,化學(分科),2.00,,,,,9,110.00,,,,,,,,41
2414,銘傳大學,廣告暨策略行銷學系(台北校區),國文(學測),1.00,歷史(分科),2.00,公民與社會(分科),2.00,,,,,24,155.00,,,,,,,,41
2415,銘傳大學,影音新聞暨社群傳播學系(台北校區),國文(學測),2.00,公民與社會(分科),1.50,歷史(分科),1.00,,,,,14,138.50,,,,,,,,41
2416,銘傳大學,傳播學院全媒體大一不分系學士班社會組(台北校區),國文(學測),1.00,歷史(分科),2.00,公民與社會(分科),2.00,,,,,5,158.00,國文(學測),36,,,,,,41
2417,銘傳大學,傳播學院全媒體大一不分系學士班自然組(台北校區),國文(學測),1.00,物理(分科),2.00,自然(學測),2.00,,,,,3,116.00,,,,,,,,41
2420,銘傳大學,法律學系(台北校區),公民與社會(分科),2.00,國文(學測),1.25,英文(學測),1.00,,,,,71,131.25,公民與社會(分科),33,,,,,,41
2421,銘傳大學,財金法律學系(台北校區),國文(學測),2.00,英文(學測),2.00,公民與社會(分科),1.50,,,,,63,150.50,國文(學測),39,,,,,,41
2422,銘傳大學,國際企業與貿易學士學位學程(全英語授課．台北校區),英文(學測),2.00,公民與社會(分科),1.00,地理(分科),1.00,,,,,11,82.00,,,,,,,,41
2423,銘傳大學,新聞與大眾傳播學士學位學程(全英語授課．台北校區),英文(學測),2.00,公民與社會(分科),1.50,歷史(分科),1.00,,,,,8,99.00,,,,,,,,41
2424,銘傳大學,時尚與創新管理學士學位學程(全英語授課．台北校區),國文(學測),1.00,英文(學測),2.00,公民與社會(分科),1.00,,,,,8,96.00,,,,,,,,41
2425,銘傳大學,國際事務與外交學士學位學程(全英語授課．台北校區),英文(學測),2.00,公民與社會(分科),1.00,歷史(分科),1.00,,,,,7,77.00,,,,,,,,41
2426,銘傳大學,資訊科技應用與管理學士學位學程(全英語授課．桃園校區),物理(分科),1.25,英文(學測),1.75,國文(學測),1.00,,,,,2,125.50,,,,,,,,41
2427,銘傳大學,應用中文與華語文教學系文教傳播組(桃園校區),國文(學測),1.50,歷史(分科),1.00,公民與社會(分科),1.00,,,,,11,96.00,,,,,,,,41
2430,銘傳大學,應用中文與華語文教學系語文創作組(桃園校區),國文(學測),1.50,歷史(分科),1.00,地理(分科),1.00,,,,,4,104.00,,,,,,,,41
2431,銘傳大學,應用英語學系(桃園校區),英文(學測),1.00,國文(學測),1.00,地理(分科),1.00,,,,,16,70.00,英文(學測),13,,,,,,41
2432,銘傳大學,應用日語學系(桃園校區),歷史(分科),1.50,公民與社會(分科),1.50,國文(學測),1.00,,,,,29,117.00,歷史(分科),35,,,,,,41
2433,銘傳大學,商業設計學系視覺傳達與品牌創新組(桃園校區),公民與社會(分科),2.00,社會(學測),2.00,國文(學測),1.00,,,,,21,135.00,公民與社會(分科),24,137.60,,,,,41
2434,銘傳大學,商業設計學系AI應用與智慧設計組(桃園校區),公民與社會(分科),2.00,社會(學測),2.00,英文(學測),1.00,,,,,21,109.00,,,,,,,,41
2435,銘傳大學,商品設計學系人工智慧應用組(桃園校區),國文(學測),2.00,社會(學測),1.00,歷史(分科),1.00,,,,,14,118.00,,,,,,,,41
2436,銘傳大學,商品設計學系福祉生活設計組(桃園校區),國文(學測),2.00,社會(學測),1.00,公民與社會(分科),1.00,,,,,9,105.00,國文(學測),31,,,,,,42
2437,銘傳大學,商品設計學系產品互動設計組(桃園校區),國文(學測),2.00,社會(學測),1.00,地理(分科),1.00,,,,,11,99.00,,,,,,,,42
2440,銘傳大學,數位媒體設計學系遊戲互動與AI應用組(桃園校區),國文(學測),2.00,社會(學測),1.00,地理(分科),1.00,,,,,16,115.00,國文(學測),29,,,,,,42
2441,銘傳大學,數位媒體設計學系動畫文創組(桃園校區),國文(學測),2.00,社會(學測),1.00,歷史(分科),1.00,,,,,16,137.00,,,,,,,,42
2442,銘傳大學,數位媒體設計學系影視特效與AI創意組(桃園校區),國文(學測),2.00,歷史(分科),1.00,地理(分科),1.00,,,,,16,109.00,,,,,,,,42
2443,銘傳大學,建築學系(桃園校區),國文(學測),2.00,社會(學測),1.00,公民與社會(分科),1.00,,,,,24,133.00,,,,,,,,42
2444,銘傳大學,都市設計與永續發展學系(桃園校區),公民與社會(分科),2.00,國文(學測),1.50,英文(學測),1.00,,,,,16,120.50,,,,,,,,42
2445,銘傳大學,觀光事業學系(桃園校區),國文(學測),1.00,地理(分科),1.00,社會(學測),1.00,,,,,28,89.00,,,,,,,,42
2446,銘傳大學,休閒遊憩管理學系(桃園校區),公民與社會(分科),1.25,國文(學測),1.00,英文(學測),1.00,,,,,28,74.00,,,94.10,,,,,42
2447,銘傳大學,餐旅管理學系(桃園校區),公民與社會(分科),1.00,歷史(分科),1.00,國文(學測),1.00,,,,,17,82.00,,,,,,,,42
2450,銘傳大學,犯罪防治學系(桃園校區),公民與社會(分科),2.00,國文(學測),2.00,英文(學測),1.00,,,,,69,145.00,,,,,,,,42
2451,銘傳大學,公共事務與行政管理學系(桃園校區),公民與社會(分科),2.00,國文(學測),1.00,歷史(分科),1.00,,,,,29,109.00,公民與社會(分科),23,127.30,,,,,42
2452,銘傳大學,諮商臨床與工商心理學系(桃園校區),英文(學測),2.00,公民與社會(分科),2.00,數學乙(分科),1.00,國文(學測),1.00,,,54,127.00,,,,,,,,42
2453,銘傳大學,金融學系(桃園校區),公民與社會(分科),1.50,國文(學測),1.00,英文(學測),1.00,,,,,21,97.00,公民與社會(分科),30,,,,,,42
2454,銘傳大學,金融科技應用學系(桃園校區),物理(分科),2.00,社會(學測),1.50,國文(學測),1.50,,,,,17,134.50,物理(分科),14,,,,,,42
2455,銘傳大學,資訊管理學系人工智慧應用組(桃園校區),英文(學測),1.75,國文(學測),2.00,公民與社會(分科),1.75,,,,,23,153.25,,,,,,,,42
2456,銘傳大學,資訊管理學系巨量資料管理組(桃園校區),數學B(學測),1.75,國文(學測),2.00,公民與社會(分科),1.75,,,,,11,139.75,,,,,,,,42
2457,銘傳大學,資訊管理學系電子商務管理組(桃園校區),英文(學測),1.75,國文(學測),2.00,歷史(分科),1.75,,,,,10,150.00,,,,,,,,42
2460,銘傳大學,人工智慧應用學系(桃園校區),國文(學測),2.00,英文(學測),1.00,數學乙(分科),1.50,,,,,58,96.00,,,,,,,101.70,42
2461,銘傳大學,資訊工程學系(桃園校區),數學乙(分科),1.00,物理(分科),1.00,國文(學測),1.00,,,,,43,72.00,數學乙(分科),22,,,,,,42
2462,銘傳大學,電機工程學系(桃園校區),數學甲(分科),2.00,國文(學測),2.00,英文(學測),1.50,,,,,31,160.50,,,,,,,,42
2463,銘傳大學,半導體應用學士學位學程(桃園校區),數學甲(分科),1.00,國文(學測),1.00,物理(分科),1.00,,,,,9,87.00,數學甲(分科),29,,,,,,42
2464,銘傳大學,智慧醫療與永續管理學系(桃園校區),物理(分科),2.00,社會(學測),1.50,國文(學測),1.50,,,,,19,123.00,,,,,,,,42
2465,銘傳大學,生物科技學系智慧應用生技組(桃園校區),生物(分科),2.00,英文(學測),2.00,國文(學測),1.50,,,,,14,144.50,,,,,,,,42
2466,銘傳大學,生物科技學系食品生技組(桃園校區),化學(分科),2.00,英文(學測),2.00,國文(學測),1.50,,,,,20,135.50,化學(分科),23,,,,,,42
2467,銘傳大學,生物醫學工程學系生醫光電組(桃園校區),國文(學測),1.25,英文(學測),1.25,物理(分科),1.00,,,,,5,112.50,,,,,,,,42
2470,銘傳大學,生物醫學工程學系人工智慧醫療組(桃園校區),國文(學測),1.50,英文(學測),1.25,化學(分科),1.00,,,,,5,120.75,,,,,,,,43
2471,世新大學,新聞學系,國文(學測),2.00,公民與社會(分科),2.00,歷史(分科),1.00,,,,,43,156.00,,,,,,,,43
2472,世新大學,廣播電視電影學系廣播與聲音設計組,英文(學測),2.00,國文(學測),2.00,歷史(分科),1.00,公民與社會(分科),1.00,,,39,172.00,英文(學測),19,206.25,,,,,43
2473,世新大學,廣播電視電影學系電視組,英文(學測),2.00,國文(學測),2.00,歷史(分科),1.00,公民與社會(分科),1.00,,,49,181.00,英文(學測),14,,,,,,43
2474,世新大學,廣播電視電影學系電影組,英文(學測),2.00,國文(學測),2.00,歷史(分科),1.00,公民與社會(分科),1.00,,,39,192.00,英文(學測),28,,,,,,43
2475,世新大學,圖文傳播學系,英文(學測),1.50,國文(學測),2.00,公民與社會(分科),2.00,,,,,37,155.50,英文(學測),21,,,,,,43
2476,世新大學,公共關係暨廣告學系,國文(學測),2.00,歷史(分科),2.00,公民與社會(分科),1.75,,,,,51,192.50,,,,,,,,43
2477,世新大學,口語傳播暨社群媒體學系,國文(學測),1.00,社會(學測),1.00,公民與社會(分科),1.00,,,,,39,93.00,,,101.20,,,,,43
2500,世新大學,資訊傳播學系,國文(學測),1.50,英文(學測),1.00,公民與社會(分科),2.00,,,,,38,120.50,,,127.75,,,,,43
2501,世新大學,數位多媒體設計學系,國文(學測),2.00,英文(學測),1.50,公民與社會(分科),1.00,,,,,51,121.50,國文(學測),35,,,,,,43
2502,世新大學,傳播管理學系,國文(學測),2.00,歷史(分科),2.00,公民與社會(分科),1.00,,,,,57,162.00,,,176.40,,,,,43
2503,世新大學,資訊管理學系智慧商務暨數據傳播組,國文(學測),1.75,公民與社會(分科),2.00,英文(學測),1.50,,,,,30,124.25,,,,,,,,43
2504,世新大學,資訊管理學系人工智慧暨科技傳播組,國文(學測),1.75,公民與社會(分科),2.00,英文(學測),1.50,,,,,38,124.25,國文(學測),33,,,,,,43
2505,世新大學,財務金融學系,國文(學測),2.00,公民與社會(分科),2.00,英文(學測),1.00,,,,,17,151.00,國文(學測),37,,,,,,43
2506,世新大學,行政管理學系,公民與社會(分科),2.00,社會(學測),1.50,歷史(分科),1.00,,,,,17,143.50,公民與社會(分科),32,146.10,,,,,43
2507,世新大學,觀光學系餐旅經營管理組,公民與社會(分科),2.00,國文(學測),1.00,英文(學測),1.00,,,,,30,93.00,公民與社會(分科),23,,,,,,43
2510,世新大學,觀光學系旅遊暨休閒事業管理組,公民與社會(分科),2.00,國文(學測),1.00,英文(學測),1.00,,,,,25,99.00,,,,,,,,43
2511,世新大學,經濟學系,國文(學測),1.00,公民與社會(分科),1.50,社會(學測),1.00,,,,,32,106.50,,,,,,,,43
2512,世新大學,企業管理學系,公民與社會(分科),2.00,國文(學測),1.00,英文(學測),1.00,,,,,30,110.00,公民與社會(分科),33,113.90,,,,,43
2513,世新大學,社會心理學系,國文(學測),2.00,英文(學測),2.00,公民與社會(分科),1.50,,,,,32,171.00,,,,,,,,43
2514,世新大學,英語暨傳播應用學系,英文(學測),2.00,國文(學測),1.50,歷史(分科),1.00,,,,,36,106.00,,,,,,,,43
2515,世新大學,日本語文學系,國文(學測),2.00,歷史(分科),1.00,英文(學測),1.50,,,,,30,129.00,,,,,,,,43
2516,世新大學,法律學系,國文(學測),1.00,英文(學測),1.00,公民與社會(分科),1.00,歷史(分科),1.00,,,63,140.00,,,141.90,,,,,43
2517,實踐大學,食品營養與保健生技學系(臺北校區),自然(學測),2.00,國文(學測),2.00,化學(分科),1.50,,,,,14,166.00,,,,,,,,43
2520,實踐大學,食品營養與保健生技學系食品創新與科技法律組(臺北校區),國文(學測),2.00,化學(分科),2.00,英文(學測),1.50,,,,,9,138.50,,,,,,,,43
2521,實踐大學,社會工作學系(臺北校區),公民與社會(分科),2.00,歷史(分科),2.00,國文(學測),1.00,,,,,26,148.00,公民與社會(分科),30,,,,,,43
2522,實踐大學,家庭研究與兒童發展學系(臺北校區),國文(學測),2.00,公民與社會(分科),2.00,社會(學測),1.50,,,,,15,179.00,,,183.40,,,,,43
2523,實踐大學,餐飲管理學系(臺北校區),國文(學測),1.00,英文(學測),1.00,歷史(分科),1.00,,,,,12,82.00,,,,,,,,43
2524,實踐大學,音樂學系(臺北校區),音樂(術科),2.00,國文(學測),1.00,歷史(分科),1.00,,,,,1,175.78,,,,,,,,43
2525,實踐大學,音樂學系B組(臺北校區),國文(學測),1.00,英文(學測),1.00,歷史(分科),1.00,,,,,4,69.00,國文(學測),37,,,,,,43
2526,實踐大學,法律學系(臺北校區),國文(學測),1.50,公民與社會(分科),1.00,英文(學測),1.00,,,,,23,104.00,國文(學測),36,106.80,,,,,43
2527,實踐大學,服裝設計學系(臺北校區),英文(學測),2.00,國文(學測),2.00,歷史(分科),1.00,,,,,22,160.00,,,,,,,,44
2530,實踐大學,工業產品設計學系(臺北校區),英文(學測),2.00,國文(學測),1.00,歷史(分科),1.00,,,,,11,122.00,英文(學測),27,,,,,,44
2531,實踐大學,媒體傳達設計學系動畫影像設計組(臺北校區),英文(學測),2.00,國文(學測),1.00,歷史(分科),1.00,,,,,12,141.00,,,,,,,,44
2532,實踐大學,媒體傳達設計學系創意媒體設計組(臺北校區),英文(學測),2.00,國文(學測),1.00,歷史(分科),1.00,,,,,10,134.00,英文(學測),28,,,,,,44
2533,實踐大學,建築設計學系(臺北校區),英文(學測),2.00,國文(學測),2.00,歷史(分科),1.00,,,,,10,166.00,,,,,,,,44
2534,實踐大學,建築職人學士學位學程(臺北校區),國文(學測),2.00,社會(學測),1.00,地理(分科),1.00,,,,,25,117.00,國文(學測),29,,,,,,44
2535,實踐大學,會計學系(臺北校區),國文(學測),1.50,公民與社會(分科),1.50,英文(學測),1.00,,,,,35,99.00,國文(學測),38,,,,,,44
2536,實踐大學,國際經營與貿易學系國際貿易組(臺北校區),國文(學測),1.00,地理(分科),1.00,英文(學測),1.00,,,,,11,84.00,,,,,,,,44
2537,實踐大學,國際經營與貿易學系國際企業組(臺北校區),國文(學測),1.00,公民與社會(分科),1.00,英文(學測),1.00,,,,,11,79.00,,,,,,,,44
2540,實踐大學,企業管理學系社會組(臺北校區),國文(學測),1.00,社會(學測),1.00,公民與社會(分科),1.00,,,,,13,91.00,國文(學測),40,97.20,,,,,44
2541,實踐大學,企業管理學系自然組(臺北校區),國文(學測),1.00,自然(學測),1.00,化學(分科),1.00,,,,,10,78.00,國文(學測),29,,,,,,44
2542,實踐大學,財務金融學系(臺北校區),英文(學測),1.00,國文(學測),1.00,公民與社會(分科),1.00,,,,,12,88.00,,,,,,,,44
2543,實踐大學,財務金融學系數位行銷設計組(臺北校區),英文(學測),1.00,國文(學測),1.00,歷史(分科),1.00,數學B(學測),1.00,,,10,92.00,,,,,,,,44
2544,實踐大學,風險管理與保險學系(臺北校區),公民與社會(分科),1.50,國文(學測),1.00,社會(學測),1.00,,,,,29,101.00,,,103.50,,,,,44
2545,實踐大學,應用外語學系(臺北校區),英文(學測),2.00,國文(學測),1.50,歷史(分科),1.00,,,,,33,108.00,,,110.60,,,,,44
2546,實踐大學,資訊科技與管理學系人工智慧與大數據組(臺北校區),國文(學測),1.00,自然(學測),1.00,物理(分科),1.00,,,,,15,84.00,,,,,,,,44
2547,實踐大學,資訊科技與管理學系數位媒體設計組(臺北校區),國文(學測),1.00,社會(學測),1.00,公民與社會(分科),1.00,,,,,6,95.00,國文(學測),32,,,,,,44
2550,實踐大學,資訊科技與管理學系雲端運算與物聯網組(臺北校區),國文(學測),1.00,自然(學測),1.00,化學(分科),1.00,,,,,11,80.00,,,82.35,,,,,44
2551,實踐大學,國際企業英語學士學位學程(臺北校區),公民與社會(分科),2.00,國文(學測),1.50,英文(學測),1.00,,,,,13,105.00,,,,,,,,44
2552,實踐大學,智慧服務管理英語學士學位學程A組(臺北校區),英文(學測),1.00,公民與社會(分科),1.00,國文(學測),1.00,,,,,8,67.00,英文(學測),8,,,,,,44
2553,實踐大學,智慧服務管理英語學士學位學程B組(臺北校區),英文(學測),1.00,自然(學測),1.00,物理(分科),1.00,,,,,6,55.00,,,,,,,,44
2554,實踐大學,國際企業管理學系(高雄校區),國文(學測),1.50,社會(學測),1.00,歷史(分科),1.00,,,,,19,84.50,,,,,,,,44
2555,實踐大學,金融管理學系財務金融組(高雄校區),公民與社會(分科),1.00,國文(學測),1.00,英文(學測),1.00,,,,,10,58.00,,,,,,,,44
2556,實踐大學,金融管理學系金融理財組(高雄校區),地理(分科),1.00,國文(學測),1.00,英文(學測),1.00,,,,,1,72.00,,,,,,,,44
2557,實踐大學,金融管理學系金融實務組(高雄校區),歷史(分科),1.00,國文(學測),1.00,英文(學測),1.00,,,,,1,88.00,,,,,,,,44
2560,實踐大學,資訊管理學系人工智慧與雲端應用組(高雄校區),自然(學測),1.75,物理(分科),1.50,國文(學測),1.00,,,,,17,71.25,,,,,,,,44
2561,實踐大學,資訊管理學系物聯網應用組(高雄校區),自然(學測),1.75,化學(分科),1.50,國文(學測),1.00,,,,,8,86.00,,,,,,,,44
2562,實踐大學,資訊科技與通訊學系智慧機器人與無人機組(高雄校區),國文(學測),1.25,物理(分科),1.25,英文(學測),1.00,,,,,13,61.00,,,,,,,,45
2563,實踐大學,資訊科技與通訊學系人工智慧物聯網組(高雄校區),國文(學測),1.25,化學(分科),1.25,英文(學測),1.00,,,,,10,54.50,,,,,,,,45
2564,實踐大學,觀光管理學系文化與自然旅遊經營組(高雄校區),歷史(分科),1.25,國文(學測),1.00,社會(學測),1.00,,,,,2,84.25,,,,,,,,45
2565,實踐大學,觀光管理學系旅運暨運動觀光事業組(高雄校區),地理(分科),1.25,國文(學測),1.00,社會(學測),1.00,,,,,6,68.75,,,,,,,,45
2566,實踐大學,休閒產業管理學系環境教育與休閒規劃設計組(高雄校區),國文(學測),1.50,自然(學測),2.00,物理(分科),1.00,,,,,6,84.50,,,,,,,,45
2567,實踐大學,休閒產業管理學系遊憩運動企劃組(高雄校區),國文(學測),2.00,自然(學測),1.50,化學(分科),1.00,,,,,4,86.00,,,,,,,,45
2570,實踐大學,休閒產業管理學系精品咖啡烘培經營組(高雄校區),國文(學測),2.00,社會(學測),1.50,歷史(分科),1.00,,,,,2,123.50,,,,,,,,45
2571,實踐大學,應用日文學系(高雄校區),國文(學測),2.00,英文(學測),2.00,公民與社會(分科),1.00,,,,,16,83.00,,,,,,,,45
2572,長榮大學,企業管理學系,英文(學測),1.00,歷史(分科),2.00,國文(學測),2.00,,,,,12,106.00,,,,,,,,45
2573,長榮大學,國際企業學系,公民與社會(分科),2.00,國文(學測),2.00,英文(學測),1.00,,,,,9,101.00,,,,,,,,45
2574,長榮大學,會計資訊學系(社會組),公民與社會(分科),2.00,國文(學測),1.50,英文(學測),1.00,,,,,6,83.50,,,,,,,,45
2575,長榮大學,會計資訊學系(自然組),國文(學測),2.00,生物(分科),1.75,英文(學測),1.00,,,,,1,102.00,,,,,,,,45
2576,長榮大學,航運管理學系,國文(學測),2.00,地理(分科),1.75,英文(學測),1.00,,,,,30,94.50,,,,,,,,45
2577,長榮大學,財務金融學系,國文(學測),2.00,公民與社會(分科),2.00,英文(學測),1.00,,,,,14,120.00,,,137.10,,,,,45
2600,長榮大學,觀光與餐飲管理學系,公民與社會(分科),2.00,國文(學測),2.00,英文(學測),1.00,,,,,6,98.00,,,,,,,,45
2601,長榮大學,醫務管理學系(社會組),公民與社會(分科),2.00,英文(學測),1.50,國文(學測),2.00,,,,,6,121.00,,,,,,,,45
2602,長榮大學,醫務管理學系(自然組),生物(分科),2.00,英文(學測),1.50,國文(學測),2.00,,,,,6,129.00,,,,,,,,45
2603,長榮大學,生物科技學系,生物(分科),2.00,國文(學測),2.00,英文(學測),1.00,,,,,14,116.00,,,,,,,,45
2604,長榮大學,健康心理學系(自然組),英文(學測),2.00,生物(分科),2.00,國文(學測),1.50,,,,,13,116.00,,,,,,,,45
2605,長榮大學,健康心理學系(社會組),英文(學測),2.00,公民與社會(分科),2.00,國文(學測),1.50,,,,,13,120.00,,,,,,,,45
2606,長榮大學,保健營養學系,生物(分科),2.00,化學(分科),1.50,國文(學測),2.00,,,,,16,98.50,,,,,,,,45
2607,長榮大學,護理學系,英文(學測),2.00,生物(分科),2.00,國文(學測),1.50,,,,,11,84.50,,,,,,,,45
2610,長榮大學,職業安全與衛生學系(自然組),國文(學測),2.00,英文(學測),1.50,化學(分科),2.00,,,,,11,83.00,,,,,,,,45
2611,長榮大學,職業安全與衛生學系(社會組),國文(學測),2.00,英文(學測),1.50,歷史(分科),2.00,,,,,4,102.50,,,,,,,,45
2612,長榮大學,食品安全衛生與檢驗學士學位學程(食品安全管理組),國文(學測),2.00,英文(學測),1.00,歷史(分科),2.00,,,,,1,124.00,,,,,,,,45
2613,長榮大學,食品安全衛生與檢驗學士學位學程(食品科技組),國文(學測),2.00,英文(學測),1.00,化學(分科),2.00,,,,,3,111.00,,,,,,,,45
2614,長榮大學,食品安全衛生與檢驗學士學位學程(食品檢驗組),國文(學測),2.00,英文(學測),1.00,生物(分科),2.00,,,,,1,82.00,,,,,,,,45
2615,長榮大學,消防安全學士學位學程(自然組),國文(學測),2.00,自然(學測),2.00,化學(分科),1.50,,,,,6,95.00,,,,,,,,46
2616,長榮大學,消防安全學士學位學程(社會組),國文(學測),2.00,社會(學測),2.00,公民與社會(分科),1.50,,,,,6,132.50,,,,,,,,46
2617,長榮大學,綠能與環境資源學系(自然組),國文(學測),1.00,自然(學測),2.00,物理(分科),2.00,,,,,11,102.00,,,,,,,,46
2620,長榮大學,綠能與環境資源學系(社會組),國文(學測),1.00,社會(學測),2.00,地理(分科),2.00,,,,,4,112.00,,,,,,,,46
2621,長榮大學,營建工程安全學士學位學程,國文(學測),2.00,英文(學測),1.00,物理(分科),2.00,,,,,16,81.00,,,,,,,,46
2622,長榮大學,大眾傳播學系,國文(學測),1.00,公民與社會(分科),2.00,歷史(分科),1.00,,,,,13,79.00,,,,,,,,46
2623,長榮大學,翻譯學系,英文(學測),2.00,國文(學測),2.00,公民與社會(分科),1.00,,,,,4,93.00,,,,,,,,46
2624,長榮大學,社會工作學系(A組),公民與社會(分科),2.00,國文(學測),2.00,英文(學測),1.00,,,,,3,108.00,,,,,,,,46
2625,長榮大學,社會工作學系(B組),公民與社會(分科),2.00,社會(學測),2.00,國文(學測),1.50,,,,,6,122.00,,,,,,,,46
2626,長榮大學,應用日語學系,國文(學測),2.00,英文(學測),2.00,歷史(分科),1.00,,,,,12,89.00,,,,,,,,46
2627,長榮大學,運動競技學系,國文(學測),2.00,歷史(分科),2.00,英文(學測),1.00,,,,,10,116.00,,,116.20,,,,,46
2630,長榮大學,數位媒體設計學系數位媒體設計組,國文(學測),2.00,英文(學測),2.00,歷史(分科),1.00,,,,,7,77.00,,,,,,,,46
2631,長榮大學,數位媒體設計學系互動設計組,國文(學測),2.00,英文(學測),2.00,公民與社會(分科),1.00,,,,,6,82.00,,,86.20,,,,,46
2632,長榮大學,資訊工程學系,數學B(學測),1.00,國文(學測),2.00,物理(分科),2.00,,,,,35,98.00,,,,,,,,46
2633,國立臺灣藝術大學,美術學系,美術(術科),2.00,英文(學測),2.00,國文(學測),2.00,歷史(分科),1.00,地理(分科),1.00,15,339.60,,,,,,,,46
2634,國立臺灣藝術大學,書畫藝術學系,美術(術科),2.00,國文(學測),1.00,英文(學測),1.00,歷史(分科),1.00,,,11,227.50,,,,,,,,46
2635,國立臺灣藝術大學,雕塑學系(男),美術(術科),2.00,國文(學測),2.00,英文(學測),1.50,歷史(分科),1.00,,,7,290.30,,,,,,,,46
2636,國立臺灣藝術大學,雕塑學系(女),美術(術科),2.00,國文(學測),2.00,英文(學測),1.50,歷史(分科),1.00,,,8,295.10,,,,,,,,46
2637,國立臺灣藝術大學,古蹟藝術修護學系,國文(學測),2.00,美術(術科),1.75,歷史(分科),1.50,英文(學測),1.00,,,29,259.27,,,,,,,,46
2640,國立臺灣藝術大學,視覺傳達設計學系,美術(術科),1.00,國文(學測),2.00,英文(學測),2.00,歷史(分科),1.00,,,18,255.50,,,,,,,,46
2641,國立臺灣藝術大學,工藝設計學系,國文(學測),2.00,英文(學測),2.00,歷史(分科),1.00,,,,,14,222.00,國文(學測),48,229.20,,,,,46
2642,國立臺灣藝術大學,多媒體動畫藝術學系,美術(術科),2.00,國文(學測),2.00,英文(學測),2.00,歷史(分科),1.00,,,13,372.00,,,,,,,,46
2643,國立臺灣藝術大學,圖文傳播藝術學系,國文(學測),1.00,英文(學測),1.00,公民與社會(分科),1.00,數學B(學測),1.00,,,19,153.00,,,176.85,,,,,46
2644,國立臺灣藝術大學,廣播電視學系,國文(學測),1.50,英文(學測),1.50,公民與社會(分科),1.00,歷史(分科),1.00,,,16,224.50,,,232.80,,,,,46
2645,國立臺灣藝術大學,電影學系,國文(學測),2.00,英文(學測),2.00,歷史(分科),1.00,公民與社會(分科),1.00,,,22,261.00,國文(學測),49,,,,,,46
2646,國立臺灣藝術大學,戲劇學系(男),國文(學測),2.00,英文(學測),2.00,歷史(分科),1.00,地理(分科),1.00,,,8,227.00,,,,,,,,46
2647,國立臺灣藝術大學,戲劇學系(女),國文(學測),2.00,英文(學測),2.00,歷史(分科),1.00,地理(分科),1.00,,,9,254.00,,,,,,,,46
2650,國立臺灣藝術大學,音樂學系,音樂(術科),2.00,英文(學測),1.00,國文(學測),1.00,歷史(分科),1.00,,,10,249.60,,,,,,,,46
2651,國立暨南國際大學,中國語文學系,國文(學測),2.00,歷史(分科),1.75,社會(學測),1.00,,,,,17,163.50,,,,,,,,46
2652,國立暨南國際大學,外國語文學系,英文(學測),2.00,國文(學測),1.50,歷史(分科),1.00,,,,,22,121.00,,,,,,,,46
2653,國立暨南國際大學,社會政策與社會工作學系,國文(學測),1.25,社會(學測),1.50,英文(學測),1.00,公民與社會(分科),1.00,,,17,153.75,,,197.25,,,,,46
2654,國立暨南國際大學,公共行政與政策學系,公民與社會(分科),1.50,國文(學測),1.50,歷史(分科),1.00,,,,,18,166.50,,,,,,,,46
2655,國立暨南國際大學,歷史學系,歷史(分科),2.00,國文(學測),1.00,英文(學測),1.25,,,,,19,137.75,,,,,,,,46
2656,國立暨南國際大學,東南亞學系,英文(學測),1.00,歷史(分科),1.00,公民與社會(分科),1.00,,,,,18,75.00,,,,,,,,47
2657,國立暨南國際大學,國際企業學系,英文(學測),1.50,數學乙(分科),1.50,國文(學測),1.00,,,,,17,102.50,,,,,,,,47
2660,國立暨南國際大學,經濟學系,英文(學測),1.50,數學乙(分科),1.50,國文(學測),1.00,,,,,17,99.50,,,,,,,,47
2661,國立暨南國際大學,資訊管理學系,數學乙(分科),2.00,英文(學測),2.00,國文(學測),1.50,,,,,19,165.00,,,,,,,,47
2662,國立暨南國際大學,財務金融學系,數學乙(分科),2.00,英文(學測),2.00,國文(學測),1.00,公民與社會(分科),1.00,,,23,174.00,,,,,,,,47
2663,國立暨南國際大學,觀光休閒與餐旅管理學系觀光休閒組,國文(學測),2.00,英文(學測),2.00,公民與社會(分科),1.50,,,,,7,150.00,,,,,,,,47
2664,國立暨南國際大學,觀光休閒與餐旅管理學系餐旅管理組,國文(學測),2.00,英文(學測),2.00,歷史(分科),1.50,,,,,6,164.00,國文(學測),39,,,,,,47
2665,國立暨南國際大學,管理學院學士班,國文(學測),2.00,數學B(學測),1.50,公民與社會(分科),1.00,,,,,3,152.00,,,,,,,,47
2666,國立暨南國際大學,國際文教與比較教育學系,英文(學測),2.00,國文(學測),1.00,公民與社會(分科),1.00,,,,,8,105.00,,,,,,,,47
2667,國立暨南國際大學,教育政策與行政學系,國文(學測),2.00,社會(學測),1.00,公民與社會(分科),1.50,,,,,11,162.00,,,,,,,,47
2670,國立暨南國際大學,諮商心理與人力資源發展學系諮商心理組,英文(學測),1.50,數學B(學測),1.00,國文(學測),1.50,公民與社會(分科),1.00,,,9,160.00,,,,,,,,47
2671,國立暨南國際大學,諮商心理與人力資源發展學系終身學習與人力資源發展組,英文(學測),1.50,國文(學測),1.50,公民與社會(分科),1.00,,,,,4,142.00,英文(學測),35,,,,,,47
2672,國立暨南國際大學,教育學院學士班教育科技與資訊組,國文(學測),2.00,公民與社會(分科),2.00,數學B(學測),1.00,,,,,2,170.00,,,,,,,,47
2673,國立暨南國際大學,教育學院學士班教育心理與輔導組,國文(學測),2.00,公民與社會(分科),2.00,數學B(學測),1.00,,,,,3,163.00,,,,,,,,47
2674,國立暨南國際大學,資訊工程學系,數學甲(分科),1.25,英文(學測),1.00,國文(學測),1.00,,,,,19,111.50,,,117.50,,,,,47
2675,國立暨南國際大學,土木工程學系,數學A(學測),2.00,物理(分科),2.00,自然(學測),1.75,英文(學測),1.00,,,12,213.25,,,,,,,,47
2676,國立暨南國際大學,電機工程學系甲組,物理(分科),1.00,化學(分科),1.00,英文(學測),1.00,數學甲(分科),1.00,,,9,146.00,,,,,,,,47
2677,國立暨南國際大學,電機工程學系乙組,物理(分科),2.00,數學A(學測),1.00,化學(分科),1.00,英文(學測),1.00,國文(學測),1.00,9,234.00,物理(分科),42,,,,,,47
2700,國立暨南國際大學,電機工程學系丙組,英文(學測),2.00,物理(分科),1.00,化學(分科),1.00,國文(學測),1.00,,,9,201.00,,,,,,,,47
2701,國立暨南國際大學,應用化學系,英文(學測),2.00,化學(分科),2.00,數學A(學測),1.00,數學甲(分科),1.00,,,19,187.00,英文(學測),30,,,,,,47
2702,國立暨南國際大學,應用材料及光電工程學系,數學A(學測),1.00,物理(分科),2.00,英文(學測),2.00,數學甲(分科),1.00,,,26,188.00,數學A(學測),37,228.05,,,,,47
2703,國立暨南國際大學,科技學院學士班,數學A(學測),2.00,物理(分科),2.00,自然(學測),1.75,英文(學測),1.00,,,7,227.50,,,,,,,,47
2704,國立暨南國際大學,護理學系,生物(分科),1.00,英文(學測),1.50,國文(學測),1.50,,,,,23,99.50,,,,,,,,47
2705,南華大學,財務金融學系,國文(學測),2.00,英文(學測),1.75,歷史(分科),2.00,,,,,9,117.50,,,,,,,,47
2706,南華大學,企業管理學系,國文(學測),2.00,英文(學測),2.00,公民與社會(分科),1.75,,,,,10,97.50,,,,,,,,47
2707,南華大學,旅遊管理學系,國文(學測),2.00,社會(學測),2.00,公民與社會(分科),1.75,,,,,1,194.50,,,,,,,,47
2710,南華大學,管理學院國際企業學士學位學程,英文(學測),2.00,國文(學測),2.00,公民與社會(分科),1.75,,,,,0,,,,,,,,,47
2711,南華大學,生死學系殯葬服務組,國文(學測),2.00,社會(學測),2.00,公民與社會(分科),1.75,,,,,6,122.25,,,,,,,,47
2712,南華大學,生死學系諮商組,國文(學測),2.00,社會(學測),2.00,公民與社會(分科),1.75,,,,,11,124.50,,,,,,,,47
2713,南華大學,幼兒教育學系,國文(學測),2.00,社會(學測),2.00,公民與社會(分科),1.00,,,,,4,145.00,,,,,,,,47
2714,南華大學,文學系,國文(學測),2.00,歷史(分科),2.00,公民與社會(分科),1.75,,,,,0,,,,,,,,,47
2715,南華大學,外國語文學系,英文(學測),2.00,國文(學測),2.00,歷史(分科),1.75,,,,,2,121.00,,,,,,,,47
2716,南華大學,社會工作學系,國文(學測),2.00,歷史(分科),1.75,英文(學測),1.00,,,,,5,104.50,,,,,,,,48
2717,南華大學,傳播學系,國文(學測),2.00,社會(學測),2.00,歷史(分科),1.75,,,,,5,128.75,,,,,,,,48
2720,南華大學,國際事務與企業學系人工智慧與公共治理組,公民與社會(分科),2.00,國文(學測),1.75,歷史(分科),1.50,,,,,0,,,,,,,,,48
2721,南華大學,音樂跨域設計與藝術管理學士學位學程,國文(學測),1.50,社會(學測),1.00,公民與社會(分科),1.50,,,,,2,93.50,,,,,,,,48
2722,南華大學,建築學系社會組,國文(學測),2.00,英文(學測),2.00,地理(分科),1.75,,,,,4,105.75,,,,,,,,48
2723,南華大學,建築學系自然組,國文(學測),2.00,英文(學測),2.00,物理(分科),1.75,,,,,4,158.25,,,,,,,,48
2724,南華大學,資訊工程學系,自然(學測),2.00,國文(學測),1.50,物理(分科),1.00,,,,,27,96.50,,,,,,,,48
2725,南華大學,自然生物科技學系,生物(分科),2.00,自然(學測),2.00,國文(學測),1.75,,,,,8,126.75,,,,,,,,48
2726,南華大學,資訊管理學系,物理(分科),2.00,自然(學測),2.00,國文(學測),1.75,,,,,13,93.50,,,,,,,,48
2727,南華大學,半導體應用學士學位學程,數學甲(分科),1.75,英文(學測),2.00,國文(學測),2.00,,,,,14,107.00,,,,,,,,48
2730,國立臺灣體育運動大學,體育學系,體育(術科),2.00,生物(分科),2.00,英文(學測),1.00,化學(分科),1.00,,,19,242.76,,,,,,,,48
2731,國立臺灣體育運動大學,休閒運動學系,國文(學測),2.00,英文(學測),2.00,地理(分科),1.00,,,,,7,162.00,國文(學測),38,175.80,,,,,48
2732,國立臺灣體育運動大學,運動事業管理學系,國文(學測),2.00,英文(學測),2.00,歷史(分科),1.00,地理(分科),1.00,,,20,185.00,國文(學測),40,193.20,,,,,48
2733,國立臺灣體育運動大學,運動健康科學學系,生物(分科),2.00,化學(分科),1.50,英文(學測),2.00,,,,,13,156.50,,,,,,,,48
2734,國立臺灣體育運動大學,運動資訊與傳播學系,英文(學測),2.00,國文(學測),2.00,歷史(分科),1.75,地理(分科),1.00,,,6,242.25,,,,,,,,48
2735,國立臺南藝術大學,藝術史與文化資產學系,歷史(分科),1.50,地理(分科),1.50,國文(學測),1.25,英文(學測),1.00,,,19,158.50,,,190.85,,,,,48
2736,國立臺南藝術大學,應用音樂學系,英文(學測),1.50,國文(學測),1.50,歷史(分科),1.00,地理(分科),1.00,,,15,86.50,,,,,,,,48
2737,國立臺南藝術大學,材質創作與設計系,英文(學測),1.50,美術(術科),2.00,國文(學測),1.50,歷史(分科),1.00,,,23,153.60,,,,,,,,48
2740,玄奘大學,社會工作學系,國文(學測),2.00,公民與社會(分科),2.00,歷史(分科),1.75,,,,,2,123.25,,,,,,,,48
2741,玄奘大學,應用心理學系,國文(學測),2.00,歷史(分科),2.00,地理(分科),1.75,,,,,4,123.00,,,,,,,,48
2742,玄奘大學,法律學系,國文(學測),2.00,公民與社會(分科),2.00,歷史(分科),1.75,,,,,6,130.75,,,,,,,,48
2743,玄奘大學,大眾傳播學系,國文(學測),2.00,歷史(分科),2.00,公民與社會(分科),1.75,,,,,0,,,,,,,,,48
2744,玄奘大學,視覺傳達設計學系,國文(學測),2.00,地理(分科),1.75,歷史(分科),1.50,,,,,4,108.75,,,,,,,,48
2745,玄奘大學,應用日語學系,國文(學測),2.00,歷史(分科),2.00,地理(分科),1.75,,,,,1,116.00,,,,,,,,48
2746,玄奘大學,餐旅管理學系,國文(學測),2.00,社會(學測),2.00,公民與社會(分科),1.75,,,,,3,120.00,,,,,,,,48
2747,真理大學,企業管理學系,國文(學測),1.50,公民與社會(分科),1.75,英文(學測),1.00,,,,,6,87.75,國文(學測),30,,,,,,48
2750,真理大學,法律學系,歷史(分科),2.00,公民與社會(分科),2.00,國文(學測),1.50,,,,,11,142.00,,,,,,,,48
2751,真理大學,財務金融學系,公民與社會(分科),1.50,社會(學測),2.00,國文(學測),1.00,,,,,10,108.00,,,,,,,,48
2752,真理大學,國際經營與貿易學系,國文(學測),2.00,英文(學測),2.00,地理(分科),1.75,,,,,5,111.00,,,,,,,,48
2753,真理大學,經濟學系,歷史(分科),2.00,社會(學測),1.75,國文(學測),1.75,,,,,3,123.50,,,,,,,,48
2754,真理大學,觀光事業學系,地理(分科),2.00,國文(學測),1.00,英文(學測),1.00,,,,,8,79.00,地理(分科),23,,,,,,48
2755,真理大學,運動管理學系,社會(學測),2.00,英文(學測),1.00,國文(學測),1.00,歷史(分科),1.00,,,3,118.00,,,,,,,,48
2756,真理大學,運動資訊傳播學系,國文(學測),2.00,社會(學測),1.75,歷史(分科),1.50,,,,,2,133.25,,,,,,,,49
2757,真理大學,人文與資訊學系,社會(學測),2.00,國文(學測),1.75,歷史(分科),1.50,公民與社會(分科),1.00,,,3,147.00,,,,,,,,49
2760,真理大學,應用日語學系,國文(學測),2.00,英文(學測),1.50,歷史(分科),1.50,,,,,14,94.00,,,,,,,,49
2761,真理大學,音樂應用學系,英文(學測),1.50,國文(學測),2.00,歷史(分科),1.00,,,,,1,125.50,,,,,,,,49
2762,真理大學,資訊工程學系人工智慧應用組,國文(學測),1.00,英文(學測),1.00,物理(分科),2.00,,,,,8,89.00,國文(學測),35,92.60,,,,,49
2763,真理大學,資訊工程學系多媒體遊戲設計組,國文(學測),2.00,社會(學測),1.00,公民與社會(分科),1.00,,,,,8,89.00,,,,,,,,49
2764,真理大學,航空事業學系,英文(學測),2.00,國文(學測),1.50,地理(分科),2.00,,,,,8,100.00,,,,,,,,49
2765,國立臺北大學,法律學系法學組,國文(學測),1.50,英文(學測),1.50,數學B(學測),1.50,公民與社會(分科),1.00,歷史(分科),1.00,24,307.50,國文(學測),47,,,,,,49
2766,國立臺北大學,法律學系司法組,國文(學測),1.50,英文(學測),1.50,數學B(學測),1.50,公民與社會(分科),1.00,歷史(分科),1.00,28,309.00,國文(學測),60,,,,,,49
2767,國立臺北大學,法律學系財經法組,國文(學測),1.50,英文(學測),1.50,數學B(學測),1.50,公民與社會(分科),1.00,歷史(分科),1.00,35,314.50,國文(學測),53,,,,,,49
2770,國立臺北大學,企業管理學系,英文(學測),2.00,數學乙(分科),2.00,國文(學測),1.50,公民與社會(分科),1.00,,,40,301.50,,,,,,,,49
2771,國立臺北大學,金融與合作經營學系,英文(學測),2.00,數學乙(分科),2.00,國文(學測),1.50,公民與社會(分科),1.00,,,25,317.50,英文(學測),52,,,,,,49
2772,國立臺北大學,會計學系,數學乙(分科),2.00,英文(學測),2.00,公民與社會(分科),1.00,國文(學測),1.00,,,38,280.00,數學乙(分科),43,,,,,,49
2773,國立臺北大學,統計學系,數學乙(分科),2.00,英文(學測),1.75,國文(學測),1.50,,,,,36,245.00,數學乙(分科),51,,,,,,49
2774,國立臺北大學,休閒運動管理學系,英文(學測),2.00,數學B(學測),2.00,國文(學測),1.50,公民與社會(分科),1.00,,,13,266.50,,,,,,,,49
2775,國立臺北大學,公共行政暨政策學系,公民與社會(分科),2.00,社會(學測),1.50,國文(學測),1.50,英文(學測),1.00,數學B(學測),1.00,74,317.50,,,323.60,,,,,49
2776,國立臺北大學,財政學系,數學乙(分科),1.25,英文(學測),1.25,公民與社會(分科),1.00,地理(分科),1.00,,,26,215.75,,,,,,,,49
2777,國立臺北大學,不動產與城鄉環境學系,英文(學測),1.50,數學B(學測),1.50,地理(分科),1.00,國文(學測),1.00,,,26,215.50,英文(學測),46,219.55,,,,,49
3000,國立臺北大學,經濟學系,數學A(學測),2.00,英文(學測),1.50,國文(學測),1.00,公民與社會(分科),1.00,,,51,237.00,數學A(學測),38,240.50,,,,,49
3001,國立臺北大學,社會學系,英文(學測),1.50,數學B(學測),1.00,國文(學測),1.00,公民與社會(分科),1.00,,,20,192.00,英文(學測),42,,,,,,49
3002,國立臺北大學,社會工作學系,國文(學測),1.50,英文(學測),1.25,數學B(學測),1.00,公民與社會(分科),1.25,歷史(分科),1.00,30,253.75,國文(學測),46,269.75,,,,,49
3003,國立臺北大學,中國文學系,國文(學測),2.00,英文(學測),1.50,歷史(分科),1.25,地理(分科),1.00,,,27,268.00,,,,,,,,49
3004,國立臺北大學,應用外語學系,英文(學測),2.00,國文(學測),1.50,歷史(分科),1.00,地理(分科),1.00,,,19,263.50,,,,,,,,49
3005,國立臺北大學,歷史學系,歷史(分科),1.50,國文(學測),1.25,英文(學測),1.25,地理(分科),1.00,公民與社會(分科),1.00,17,284.00,歷史(分科),55,,,,,,49
3006,國立臺北大學,資訊工程學系,數學甲(分科),1.50,英文(學測),1.50,物理(分科),1.00,國文(學測),1.00,,,21,208.00,數學甲(分科),36,,,,,,49
3007,國立臺北大學,通訊工程學系,數學甲(分科),1.00,物理(分科),1.00,英文(學測),1.00,,,,,14,128.00,,,130.95,,,,,49
3010,國立臺北大學,電機工程學系,數學A(學測),1.00,物理(分科),1.00,英文(學測),1.00,化學(分科),1.00,國文(學測),1.00,18,229.00,數學A(學測),47,,,,,,49
3011,國立嘉義大學,教育學系,國文(學測),1.50,英文(學測),1.50,數學B(學測),1.50,歷史(分科),1.00,公民與社會(分科),1.00,29,197.50,,,213.00,,,,,49
3012,國立嘉義大學,輔導與諮商學系,英文(學測),1.50,國文(學測),1.50,數學B(學測),1.50,公民與社會(分科),1.00,,,25,185.00,,,,,,,,49
3013,國立嘉義大學,體育與健康休閒學系,國文(學測),1.00,英文(學測),1.00,公民與社會(分科),1.00,,,,,19,87.00,國文(學測),40,87.75,,,,,49
3014,國立嘉義大學,特殊教育學系,國文(學測),2.00,公民與社會(分科),2.00,地理(分科),1.00,,,,,15,186.00,,,,,,,,49
3015,國立嘉義大學,幼兒教育學系,國文(學測),1.50,英文(學測),1.50,數學B(學測),1.00,公民與社會(分科),1.00,,,29,129.50,國文(學測),37,155.80,,,,,49
3016,國立嘉義大學,數位學習設計與管理學系(媒體互動設計組),國文(學測),1.50,英文(學測),1.50,公民與社會(分科),1.00,,,,,15,123.50,,,,,,,,50
3017,國立嘉義大學,數位學習設計與管理學系(資訊科技與管理組),國文(學測),1.50,英文(學測),1.50,數學乙(分科),1.00,,,,,14,115.50,,,,,,,,50
3020,國立嘉義大學,中國文學系,國文(學測),2.00,歷史(分科),1.50,地理(分科),1.00,,,,,35,170.50,國文(學測),42,182.35,,,,,50
3021,國立嘉義大學,視覺藝術學系,美術(術科),2.00,國文(學測),2.00,英文(學測),1.00,歷史(分科),1.00,,,17,163.00,,,,,,,,50
3022,國立嘉義大學,應用歷史學系,歷史(分科),1.50,國文(學測),1.25,地理(分科),1.25,,,,,35,153.50,,,,,,,,50
3023,國立嘉義大學,外國語言學系英語教學組,英文(學測),2.00,國文(學測),1.25,歷史(分科),1.00,,,,,31,110.50,,,,,,,,50
3024,國立嘉義大學,外國語言學系應用外語組,英文(學測),2.00,國文(學測),1.50,歷史(分科),1.00,,,,,35,130.50,,,,,,,,50
3025,國立嘉義大學,音樂學系,音樂(術科),2.00,國文(學測),1.00,英文(學測),1.00,歷史(分科),1.00,,,6,205.58,,,,,,,,50
3026,國立嘉義大學,企業管理學系,英文(學測),2.00,數學乙(分科),1.00,國文(學測),1.00,公民與社會(分科),1.00,,,38,137.00,,,,,,,,50
3027,國立嘉義大學,應用經濟學系,數學B(學測),2.00,英文(學測),2.00,國文(學測),1.50,公民與社會(分科),1.00,,,38,181.50,,,,,,,,50
3030,國立嘉義大學,科技管理學系,英文(學測),2.00,數學B(學測),1.50,國文(學測),1.50,公民與社會(分科),1.00,,,20,159.50,英文(學測),21,,,,,,50
3031,國立嘉義大學,資訊管理學系(自然組),數學甲(分科),2.00,英文(學測),2.00,國文(學測),1.00,,,,,17,161.00,數學甲(分科),21,,,,,,50
3032,國立嘉義大學,資訊管理學系(社會組),數學乙(分科),2.00,英文(學測),2.00,國文(學測),1.00,,,,,16,167.00,,,,,,,,50
3033,國立嘉義大學,行銷與觀光管理學系,英文(學測),2.00,國文(學測),1.00,公民與社會(分科),2.00,數學乙(分科),1.00,,,19,165.00,,,,,,,,50
3034,國立嘉義大學,財務金融學系,數學乙(分科),2.00,英文(學測),2.00,國文(學測),1.50,公民與社會(分科),1.00,,,35,221.00,,,,,,,,50
3035,國立嘉義大學,農藝學系,生物(分科),2.00,英文(學測),1.50,國文(學測),1.00,,,,,19,117.50,,,,,,,,50
3036,國立嘉義大學,園藝學系,生物(分科),2.00,英文(學測),1.50,國文(學測),1.00,,,,,16,115.50,,,,,,,,50
3037,國立嘉義大學,森林暨自然資源學系,生物(分科),2.00,英文(學測),1.50,國文(學測),1.00,,,,,28,115.00,,,,,,,,50
3040,國立嘉義大學,木質材料與設計學系,物理(分科),1.50,化學(分科),2.00,英文(學測),1.50,,,,,26,123.00,,,,,,,,50
3041,國立嘉義大學,動物科學系,生物(分科),1.50,化學(分科),1.50,英文(學測),1.50,數學A(學測),1.00,國文(學測),1.00,30,226.00,,,,,,,,50
3042,國立嘉義大學,農業生物科技學系,生物(分科),1.50,英文(學測),1.50,化學(分科),1.50,國文(學測),1.00,,,20,145.00,,,,,,,,50
3043,國立嘉義大學,景觀學系(社會組),地理(分科),1.50,國文(學測),1.00,英文(學測),1.00,,,,,12,120.50,,,,,,,,50
3044,國立嘉義大學,景觀學系(自然組),生物(分科),1.50,國文(學測),1.00,英文(學測),1.00,,,,,12,94.00,生物(分科),32,,,,,,50
3045,國立嘉義大學,植物醫學系,生物(分科),1.50,化學(分科),1.50,英文(學測),1.50,國文(學測),1.00,,,21,157.00,,,181.80,,,,,50
3046,國立嘉義大學,電子物理學系,物理(分科),1.00,數學A(學測),1.00,英文(學測),1.00,,,,,34,107.00,物理(分科),36,,,,,,50
3047,國立嘉義大學,應用化學系,化學(分科),1.50,英文(學測),1.00,數學甲(分科),1.00,國文(學測),1.00,,,31,157.50,,,,,,,,50
3050,國立嘉義大學,應用數學系,數學甲(分科),2.00,物理(分科),1.00,英文(學測),1.00,,,,,24,109.00,,,,,,,,50
3051,國立嘉義大學,資訊工程學系,數學A(學測),1.00,英文(學測),1.00,物理(分科),1.00,國文(學測),1.00,,,20,151.00,數學A(學測),43,,,,,,50
3052,國立嘉義大學,生物機電工程學系,數學A(學測),1.00,物理(分科),1.50,英文(學測),1.25,國文(學測),1.00,,,26,161.00,,,,,,,,50
3053,國立嘉義大學,土木與水資源工程學系,物理(分科),1.00,英文(學測),1.00,國文(學測),1.00,,,,,23,98.00,物理(分科),32,106.70,,,,,50
3054,國立嘉義大學,電機工程學系,數學A(學測),1.00,物理(分科),1.00,英文(學測),1.00,國文(學測),1.00,,,33,157.00,數學A(學測),44,,,,,,50
3055,國立嘉義大學,機械與能源工程學系,物理(分科),2.00,數學A(學測),1.00,英文(學測),1.00,國文(學測),1.00,,,26,175.00,物理(分科),33,,,,,,50
3056,國立嘉義大學,食品科學系,化學(分科),1.50,生物(分科),1.50,英文(學測),1.50,國文(學測),1.00,,,22,156.00,化學(分科),29,,,,,,51
3057,國立嘉義大學,水生生物科學系,生物(分科),2.00,化學(分科),1.50,英文(學測),2.00,國文(學測),1.00,,,20,160.00,,,,,,,,51
3060,國立嘉義大學,生物資源學系,生物(分科),2.00,英文(學測),1.50,國文(學測),1.00,,,,,26,138.00,生物(分科),30,,,,,,51
3061,國立嘉義大學,生化科技學系,生物(分科),1.50,化學(分科),1.50,英文(學測),1.50,國文(學測),1.00,,,26,173.50,,,217.30,,,,,51
3062,國立嘉義大學,微生物免疫與生物藥學系,生物(分科),1.75,化學(分科),1.75,英文(學測),1.50,國文(學測),1.00,,,33,190.75,生物(分科),37,,,,,,51
3063,國立嘉義大學,獸醫學系,英文(學測),1.25,生物(分科),1.25,化學(分科),1.25,國文(學測),1.00,,,29,240.00,,,,,,,,51
3064,國立高雄大學,西洋語文學系,英文(學測),2.00,國文(學測),1.00,歷史(分科),1.00,,,,,20,159.00,,,,,,,,51
3065,國立高雄大學,運動健康與休閒學系,國文(學測),2.00,英文(學測),1.00,公民與社會(分科),1.00,,,,,33,140.00,國文(學測),41,,,,,,51
3066,國立高雄大學,東亞語文學系日語組,國文(學測),2.00,英文(學測),2.00,歷史(分科),1.00,地理(分科),1.00,,,8,253.00,,,,,,,,51
3067,國立高雄大學,東亞語文學系韓語組,國文(學測),2.00,英文(學測),2.00,歷史(分科),1.00,地理(分科),1.00,,,5,251.00,,,,,,,,51
3070,國立高雄大學,東亞語文學系越語組,國文(學測),2.00,英文(學測),2.00,歷史(分科),1.00,地理(分科),1.00,,,6,236.00,,,,,,,,51
3071,國立高雄大學,工藝與創意設計學系,國文(學測),2.00,英文(學測),1.50,歷史(分科),2.00,,,,,12,218.00,國文(學測),49,225.00,,,,,51
3072,國立高雄大學,建築學系,國文(學測),2.00,英文(學測),2.00,數學甲(分科),1.50,物理(分科),1.00,,,18,233.50,,,,,,,,51
3073,國立高雄大學,法律學系,國文(學測),1.25,英文(學測),1.25,歷史(分科),1.00,公民與社會(分科),1.00,,,41,206.75,,,,,,,,51
3074,國立高雄大學,政治法律學系,英文(學測),1.50,國文(學測),1.25,公民與社會(分科),1.00,歷史(分科),1.00,,,33,212.00,英文(學測),38,,,,,,51
3075,國立高雄大學,財經法律學系,國文(學測),1.25,英文(學測),1.25,公民與社會(分科),1.00,,,,,26,155.75,國文(學測),44,,,,,,51
3076,國立高雄大學,應用經濟學系,數學乙(分科),2.00,英文(學測),2.00,國文(學測),1.50,,,,,31,211.00,,,,,,,,51
3077,國立高雄大學,亞太工商管理學系企業管理組,英文(學測),1.25,數學B(學測),1.25,公民與社會(分科),1.00,,,,,17,121.00,,,,,,,,51
3100,國立高雄大學,亞太工商管理學系工業管理組,英文(學測),1.25,數學A(學測),1.25,物理(分科),1.00,,,,,9,122.00,,,,,,,,51
3101,國立高雄大學,資訊管理學系,英文(學測),1.50,數學乙(分科),1.50,國文(學測),1.00,,,,,28,149.00,英文(學測),42,,,,,,51
3102,國立高雄大學,財務金融學系,英文(學測),1.50,數學乙(分科),1.50,國文(學測),1.00,公民與社會(分科),1.00,,,24,207.00,,,,,,,,51
3103,國立高雄大學,應用數學系,數學甲(分科),2.00,國文(學測),1.50,英文(學測),1.00,,,,,23,159.50,,,,,,,,51
3104,國立高雄大學,應用化學系,化學(分科),2.00,數學A(學測),1.00,物理(分科),1.00,,,,,19,160.00,,,,,,,,51
3105,國立高雄大學,應用物理學系,物理(分科),2.00,數學甲(分科),1.25,英文(學測),1.00,國文(學測),1.00,,,23,199.75,,,,,,,,51
3106,國立高雄大學,生命科學系,生物(分科),1.50,化學(分科),1.50,英文(學測),1.25,,,,,31,137.25,,,,,,,,51
3107,國立高雄大學,電機工程學系,數學甲(分科),1.50,物理(分科),1.50,英文(學測),1.50,化學(分科),1.00,國文(學測),1.00,46,256.50,數學甲(分科),30,,,,,,51
3110,國立高雄大學,土木與環境工程學系,數學甲(分科),2.00,物理(分科),1.50,化學(分科),1.50,英文(學測),1.00,國文(學測),1.00,26,234.00,,,,,,,,51
3111,國立高雄大學,化學工程及材料工程學系,化學(分科),1.50,物理(分科),1.25,英文(學測),1.25,數學A(學測),1.00,國文(學測),1.00,17,250.00,,,,,,,,51
3112,國立高雄大學,資訊工程學系,數學甲(分科),2.00,英文(學測),2.00,物理(分科),1.00,國文(學測),1.00,,,12,235.00,,,,,,,,51
3113,慈濟大學,醫學系(自費),生物(分科),1.00,英文(學測),1.00,化學(分科),1.00,數學甲(分科),1.00,物理(分科),1.00,16,259.00,生物(分科),54,271.35,,,,,51
3114,慈濟大學,醫學系(公費),生物(分科),1.00,英文(學測),1.00,化學(分科),1.00,數學甲(分科),1.00,物理(分科),1.00,4,257.85,生物(分科),52,,,,,,51
3115,慈濟大學,藥學系,化學(分科),1.25,生物(分科),1.25,英文(學測),1.00,國文(學測),1.00,數學甲(分科),1.00,20,273.75,,,,,,,,51
3116,慈濟大學,醫學檢驗生物技術學系,生物(分科),1.50,化學(分科),1.50,英文(學測),1.00,,,,,11,132.00,,,,,,,,51
3117,慈濟大學,物理治療學系,英文(學測),2.00,生物(分科),1.00,自然(學測),1.00,,,,,10,193.00,,,,,,,,52
3120,慈濟大學,公共衛生學系,化學(分科),1.00,英文(學測),1.00,國文(學測),1.00,,,,,9,73.00,,,87.75,,,,,52
3121,慈濟大學,分子生物暨人類遺傳學系,生物(分科),2.00,英文(學測),2.00,國文(學測),1.00,,,,,8,101.00,,,,,,,,52
3122,慈濟大學,醫學影像暨放射科學系,生物(分科),1.00,國文(學測),1.00,英文(學測),1.00,,,,,9,114.00,,,,,,,,52
3123,慈濟大學,護理學系,生物(分科),2.00,國文(學測),2.00,英文(學測),1.00,,,,,22,83.00,,,,,,,,52
3124,慈濟大學,資訊工程學系,數學甲(分科),2.00,英文(學測),1.50,國文(學測),1.00,,,,,24,56.00,,,,,,,,52
3125,慈濟大學,生物醫學暨工程學系,化學(分科),2.00,物理(分科),1.75,英文(學測),1.00,,,,,13,74.50,,,,,,,,52
3126,慈濟大學,傳播學系,國文(學測),2.00,英文(學測),1.00,公民與社會(分科),1.00,,,,,1,92.00,,,,,,,,52
3127,慈濟大學,兒童發展與家庭教育學系,國文(學測),2.00,公民與社會(分科),2.00,英文(學測),1.50,,,,,2,125.50,,,,,,,,52
3130,慈濟大學,社會工作學系,社會(學測),1.50,公民與社會(分科),2.00,國文(學測),1.00,,,,,6,96.00,,,,,,,,52
3131,慈濟大學,人類發展與心理學系,國文(學測),2.00,英文(學測),1.50,公民與社會(分科),1.50,,,,,3,138.00,,,,,,,,52
3132,慈濟大學,外語暨新興科技應用學系,英文(學測),2.00,國文(學測),1.50,公民與社會(分科),1.00,,,,,0,,,,,,,,,52
3133,慈濟大學,資訊科技與管理學系,國文(學測),2.00,自然(學測),1.00,物理(分科),1.00,,,,,3,137.00,,,,,,,,52
3134,慈濟大學,醫務暨健康管理學系,國文(學測),1.00,公民與社會(分科),1.00,歷史(分科),1.00,,,,,2,61.00,,,,,,,,52
3135,慈濟大學,經營管理學系,國文(學測),2.00,社會(學測),1.00,公民與社會(分科),1.00,,,,,0,,,,,,,,,52
3136,臺北醫學大學,醫學系,英文(學測),1.00,生物(分科),1.00,化學(分科),1.00,數學甲(分科),1.00,物理(分科),1.00,49,271.00,英文(學測),55,342.90,,,,,52
3137,臺北醫學大學,牙醫學系,英文(學測),1.00,生物(分科),1.00,化學(分科),1.00,物理(分科),1.00,數學甲(分科),1.00,18,273.00,英文(學測),60,322.65,,,,,52
3140,臺北醫學大學,藥學系藥學組,化學(分科),1.25,英文(學測),1.75,生物(分科),2.00,數學甲(分科),1.00,國文(學測),1.00,29,364.50,化學(分科),52,,,,,,52
3141,臺北醫學大學,藥學系臨床藥學組,英文(學測),1.75,化學(分科),1.25,生物(分科),2.00,數學甲(分科),1.00,國文(學測),1.00,12,369.00,,,,,,,,52
3142,臺北醫學大學,醫學檢驗暨生物技術學系,生物(分科),1.50,英文(學測),1.50,化學(分科),1.50,國文(學測),1.00,,,31,264.50,,,,,,,,52
3143,臺北醫學大學,護理學系,生物(分科),1.50,英文(學測),1.50,國文(學測),1.00,,,,,17,187.00,,,203.85,,,,,52
3144,臺北醫學大學,保健營養學系,化學(分科),2.00,生物(分科),1.50,英文(學測),2.00,數學甲(分科),1.00,,,12,274.50,,,,,,,,52
3145,臺北醫學大學,公共衛生學系,數學甲(分科),1.00,生物(分科),1.00,國文(學測),1.00,英文(學測),1.25,,,15,176.50,,,,,,,,52
3146,臺北醫學大學,醫務管理學系,英文(學測),1.50,國文(學測),1.25,數學B(學測),1.25,公民與社會(分科),1.00,,,18,200.75,英文(學測),49,,,,,,52
3147,臺北醫學大學,呼吸治療學系,英文(學測),1.50,生物(分科),1.25,化學(分科),1.25,,,,,18,182.00,,,,,,,,52
3150,臺北醫學大學,高齡健康暨長期照護學系,英文(學測),1.00,生物(分科),1.00,國文(學測),1.00,,,,,10,132.00,,,,,,,,52
3151,臺北醫學大學,牙體技術學系,英文(學測),1.50,生物(分科),1.25,化學(分科),1.25,國文(學測),1.00,,,6,241.50,,,,,,,,52
3152,臺北醫學大學,口腔衛生學系,英文(學測),1.00,國文(學測),1.00,生物(分科),1.00,,,,,8,139.00,英文(學測),52,,,,,,52
3153,臺北醫學大學,生物醫學工程學系,生物(分科),2.00,數學A(學測),1.00,英文(學測),1.00,,,,,12,190.00,生物(分科),55,,,,,,52
3154,臺北醫學大學,食品安全學系,英文(學測),1.50,化學(分科),1.50,數學A(學測),1.00,生物(分科),1.50,國文(學測),1.00,16,266.50,,,,,,,,52
3155,康寧大學,嬰幼兒保育學系(台北校區),公民與社會(分科),2.00,歷史(分科),1.00,地理(分科),1.00,,,,,8,105.00,,,119.55,,,,,52
3156,康寧大學,長期照護學系(台北校區),公民與社會(分科),2.00,歷史(分科),1.00,地理(分科),1.00,,,,,7,105.00,,,,,,,,52
3157,佛光大學,建築環境設計學士學位學程(社會組),國文(學測),2.00,公民與社會(分科),2.00,歷史(分科),1.75,,,,,1,130.00,,,,,,,,53
3160,佛光大學,建築環境設計學士學位學程(自然組),國文(學測),2.00,英文(學測),2.00,物理(分科),1.75,,,,,2,135.75,,,,,,,,53
3161,佛光大學,傳播學系(數位媒體與智能創作組),國文(學測),2.00,物理(分科),2.00,化學(分科),1.00,,,,,1,120.00,,,,,,,,53
3162,佛光大學,傳播學系(廣告公關與精準行銷組),公民與社會(分科),2.00,歷史(分科),2.00,國文(學測),1.75,,,,,4,128.50,,,,,,,,53
3163,佛光大學,傳播學系(流行音樂傳播與策展組),公民與社會(分科),2.00,歷史(分科),2.00,地理(分科),1.75,,,,,2,210.50,,,,,,,,53
3164,佛光大學,資訊應用學系(資訊系統開發組),國文(學測),2.00,英文(學測),1.00,物理(分科),2.00,,,,,3,106.00,,,,,,,,53
3165,佛光大學,資訊應用學系(動畫與視覺特效組),歷史(分科),2.00,地理(分科),1.75,公民與社會(分科),2.00,,,,,1,267.25,,,,,,,,53
3166,佛光大學,資訊應用學系(數位遊戲開發組),國文(學測),2.00,化學(分科),1.00,物理(分科),2.00,,,,,4,109.00,,,,,,,,53
3167,佛光大學,人工智慧技術與應用學士學位學程,國文(學測),2.00,英文(學測),1.00,數學甲(分科),2.00,,,,,11,68.00,,,,,,,,53
3170,佛光大學,語文學系(應用英日語組),英文(學測),2.00,國文(學測),2.00,歷史(分科),1.75,,,,,1,120.75,,,,,,,,53
3171,佛光大學,語文學系(應用英韓語組),英文(學測),2.00,國文(學測),2.00,公民與社會(分科),1.75,,,,,1,116.75,,,,,,,,53
3172,佛光大學,歷史學系,歷史(分科),2.00,地理(分科),2.00,社會(學測),1.00,,,,,0,,,,,,,,,53
3173,佛光大學,社會工作學系(兒少家庭社工組),國文(學測),2.00,公民與社會(分科),2.00,歷史(分科),1.75,,,,,2,173.25,,,,,,,,53
3174,佛光大學,社會工作學系(醫務心衛社工組),國文(學測),2.00,化學(分科),2.00,物理(分科),1.75,,,,,1,99.50,,,,,,,,53
3175,佛光大學,心理學系,英文(學測),2.00,數學乙(分科),1.75,國文(學測),2.00,,,,,5,124.75,,,,,,,,53
3176,佛光大學,公共行政與國際事務學系,社會(學測),2.00,公民與社會(分科),2.00,歷史(分科),1.75,,,,,1,204.50,,,,,,,,53
3177,佛光大學,應用經濟學系(財務金融組),公民與社會(分科),2.00,歷史(分科),2.00,地理(分科),1.75,,,,,1,244.75,,,,,,,,53
3200,佛光大學,應用經濟學系(國際商務組),公民與社會(分科),2.00,歷史(分科),2.00,英文(學測),1.75,,,,,1,114.25,,,,,,,,53
3201,佛光大學,健康與創意蔬食產業學系,國文(學測),2.00,公民與社會(分科),2.00,歷史(分科),1.75,,,,,4,126.75,,,,,,,,53
3202,亞洲大學,健康產業管理學系(跨領域高齡智慧照顧組),國文(學測),2.00,公民與社會(分科),2.00,歷史(分科),1.00,,,,,12,143.00,,,,,,,,53
3203,亞洲大學,健康產業管理學系(醫療機構管理組),國文(學測),2.00,歷史(分科),2.00,英文(學測),1.00,,,,,13,139.00,,,,,,,,53
3204,亞洲大學,食品營養與保健生技學系(食品營養組),生物(分科),2.00,英文(學測),2.00,國文(學測),1.00,,,,,8,151.00,,,,,,,,53
3205,亞洲大學,食品營養與保健生技學系(藥用化粧品醫美組),英文(學測),2.00,國文(學測),2.00,化學(分科),1.00,,,,,14,147.00,,,,,,,,53
3206,亞洲大學,醫學檢驗暨生物技術學系(醫事檢驗組),生物(分科),2.00,英文(學測),1.00,化學(分科),2.00,國文(學測),1.00,,,15,213.00,生物(分科),40,,,,,,53
3207,亞洲大學,醫學檢驗暨生物技術學系(生物技術組),生物(分科),2.00,英文(學測),2.00,國文(學測),1.50,,,,,8,207.50,,,,,,,,53
3210,亞洲大學,心理學系(心理師研修組),英文(學測),2.00,國文(學測),2.00,生物(分科),1.00,,,,,14,171.00,,,,,,,,53
3211,亞洲大學,心理學系(諮商與臨床心理組),英文(學測),2.00,國文(學測),2.00,公民與社會(分科),1.00,,,,,9,172.00,英文(學測),23,,,,,,53
3212,亞洲大學,心理學系(工商與社會心理組),英文(學測),2.00,國文(學測),2.00,歷史(分科),1.00,,,,,5,164.00,,,,,,,,53
3213,亞洲大學,視光學系,英文(學測),1.50,生物(分科),1.50,國文(學測),2.00,,,,,19,161.00,,,,,,,,53
3214,亞洲大學,聽力暨語言治療學系,生物(分科),2.00,英文(學測),2.00,國文(學測),1.00,,,,,8,209.00,生物(分科),41,,,,,,53
3215,亞洲大學,職能治療學系,英文(學測),2.00,生物(分科),2.00,國文(學測),1.00,,,,,8,224.00,,,,,,,,53
3216,亞洲大學,物理治療學系,英文(學測),2.00,生物(分科),2.00,國文(學測),1.00,,,,,8,246.00,,,,,252.00,,,53
3217,亞洲大學,護理學系(國際護理組),英文(學測),2.00,國文(學測),2.00,數學乙(分科),1.50,,,,,12,119.00,,,,,,,,54
3220,亞洲大學,護理學系(智慧護理組),英文(學測),1.50,國文(學測),2.00,公民與社會(分科),2.00,,,,,6,173.00,,,,,,,,54
3221,亞洲大學,護理學系(臨床照護組),英文(學測),1.50,國文(學測),2.00,化學(分科),2.00,,,,,23,126.00,,,,,,,,54
3222,亞洲大學,長期照護學系,國文(學測),2.00,公民與社會(分科),2.00,歷史(分科),1.00,,,,,7,140.00,,,,,,,,54
3223,亞洲大學,生物資訊與醫學工程學系(生醫資訊組),英文(學測),1.00,化學(分科),2.00,國文(學測),2.00,,,,,6,154.00,英文(學測),20,,,,,,54
3224,亞洲大學,生物資訊與醫學工程學系(醫學工程組),英文(學測),1.00,物理(分科),2.00,國文(學測),2.00,,,,,9,147.00,英文(學測),23,,,,,,54
3225,亞洲大學,資訊工程學系(人工智慧與機器人組),國文(學測),2.00,英文(學測),1.00,物理(分科),1.00,,,,,12,133.00,國文(學測),40,,,,,,54
3226,亞洲大學,資訊工程學系(半導體資訊組),英文(學測),1.00,國文(學測),2.00,化學(分科),2.00,,,,,15,153.00,英文(學測),29,154.20,,,,,54
3227,亞洲大學,人工智慧學系,英文(學測),1.00,國文(學測),2.00,歷史(分科),2.00,,,,,19,153.00,,,,,,,,54
3230,亞洲大學,資訊傳播學系,國文(學測),2.00,英文(學測),1.00,歷史(分科),2.00,,,,,28,135.00,國文(學測),33,,,,,,54
3231,亞洲大學,半導體學士學位學程,物理(分科),2.00,國文(學測),1.50,英文(學測),1.50,,,,,3,170.00,,,,,,,,54
3232,亞洲大學,經營管理學系,國文(學測),2.00,英文(學測),1.00,公民與社會(分科),2.00,,,,,6,152.00,,,,,,,,54
3233,亞洲大學,會計與資訊學系,國文(學測),2.00,公民與社會(分科),1.00,歷史(分科),1.00,,,,,12,126.00,,,,,,,,54
3234,亞洲大學,財務金融學系(智能投資組),國文(學測),2.00,社會(學測),1.00,公民與社會(分科),1.00,,,,,13,136.00,,,,,,,,54
3235,亞洲大學,財務金融學系(金融科技組),國文(學測),2.00,英文(學測),1.00,公民與社會(分科),1.00,,,,,12,114.00,,,,,,,,54
3236,亞洲大學,財經法律學系,公民與社會(分科),2.00,國文(學測),2.00,歷史(分科),1.00,,,,,9,173.00,,,,,,,,54
3237,亞洲大學,社會工作學系(家庭與司法保護社工組),國文(學測),2.00,公民與社會(分科),2.00,英文(學測),1.00,,,,,3,149.00,,,,,,,,54
3240,亞洲大學,社會工作學系(醫務與心衛社工組),國文(學測),2.00,歷史(分科),2.00,英文(學測),1.00,,,,,7,150.00,,,,,,,,54
3241,亞洲大學,幼兒教育學系(師資培育學系),國文(學測),2.00,公民與社會(分科),2.00,英文(學測),1.00,,,,,19,129.00,,,,,,,,54
3242,亞洲大學,數位媒體設計學系,國文(學測),2.00,英文(學測),1.00,公民與社會(分科),2.00,,,,,6,139.00,,,,,,,,54
3243,亞洲大學,創意商品設計學系,國文(學測),2.00,英文(學測),1.00,地理(分科),2.00,,,,,14,136.00,國文(學測),29,,,,,,54
3244,亞洲大學,時尚設計學系,國文(學測),2.00,英文(學測),1.00,公民與社會(分科),2.00,,,,,16,125.00,國文(學測),33,,,,,,54
3245,亞洲大學,室內設計學系(商業空間組),歷史(分科),2.00,英文(學測),1.50,地理(分科),1.00,,,,,3,142.00,,,,,,,,54
3246,亞洲大學,室內設計學系(住宅空間組),歷史(分科),2.00,英文(學測),1.50,國文(學測),1.00,,,,,7,142.50,,,158.75,,,,,54
3247,國立宜蘭大學,外國語文學系,英文(學測),2.00,國文(學測),1.50,歷史(分科),1.00,,,,,4,140.00,,,,,,,,54
3250,國立宜蘭大學,應用經濟與管理學系,公民與社會(分科),2.00,國文(學測),1.00,數學B(學測),1.00,,,,,9,132.00,公民與社會(分科),42,,,,,,54
3251,國立宜蘭大學,休閒產業與健康促進學系,英文(學測),1.50,國文(學測),1.00,地理(分科),2.00,,,,,16,132.50,,,,,,,,54
3252,國立宜蘭大學,土木工程學系,物理(分科),2.00,數學甲(分科),1.50,國文(學測),1.50,,,,,13,145.50,,,,,,,,54
3253,國立宜蘭大學,機械與機電工程學系,數學甲(分科),1.00,物理(分科),1.50,英文(學測),1.00,國文(學測),1.00,,,7,140.50,,,,,,,,54
3254,國立宜蘭大學,化學工程與材料工程學系,數學甲(分科),1.50,化學(分科),1.50,物理(分科),1.50,英文(學測),1.00,,,11,160.50,,,,,,,,54
3255,國立宜蘭大學,環境工程學系,數學甲(分科),1.00,國文(學測),2.00,英文(學測),1.00,化學(分科),2.00,,,7,188.00,,,,,,,,54
3256,國立宜蘭大學,生物機電工程學系,數學甲(分科),1.00,物理(分科),1.00,英文(學測),1.00,國文(學測),1.00,,,11,122.00,數學甲(分科),18,,,,,,54
3257,國立宜蘭大學,食品科學系,化學(分科),2.00,自然(學測),2.00,英文(學測),1.00,國文(學測),1.00,,,17,183.00,化學(分科),27,,,,,,54
3260,國立宜蘭大學,生物技術與動物科學系,生物(分科),2.00,英文(學測),1.00,化學(分科),1.00,國文(學測),1.00,,,21,140.00,,,,,,,,55
3261,國立宜蘭大學,森林暨自然資源學系,生物(分科),1.50,化學(分科),1.00,國文(學測),1.50,,,,,17,112.00,,,117.30,,,,,55
3262,國立宜蘭大學,園藝學系,化學(分科),2.00,自然(學測),1.00,國文(學測),1.00,,,,,12,110.00,,,,,,,,55
3263,國立宜蘭大學,電機工程學系,數學甲(分科),2.00,物理(分科),1.00,英文(學測),1.00,國文(學測),1.00,,,17,166.00,數學甲(分科),33,,,,,,55
3264,國立宜蘭大學,電子工程學系,數學甲(分科),1.50,物理(分科),1.50,英文(學測),1.00,國文(學測),1.00,,,13,158.00,數學甲(分科),25,,,,,,55
3265,國立宜蘭大學,資訊工程學系,數學甲(分科),1.00,物理(分科),1.00,英文(學測),1.50,國文(學測),1.00,,,5,151.00,,,,,,,,55
3266,國立聯合大學,機械工程學系,數學A(學測),2.00,物理(分科),2.00,國文(學測),1.00,,,,,28,156.00,數學A(學測),31,,,,,,55
3267,國立聯合大學,化學工程學系,數學A(學測),2.00,化學(分科),2.00,物理(分科),2.00,國文(學測),1.00,,,12,213.00,數學A(學測),37,,,,,,55
3270,國立聯合大學,材料科學工程學系,物理(分科),1.00,化學(分科),1.00,數學A(學測),1.00,英文(學測),1.00,國文(學測),1.00,11,159.00,,,,,,,,55
3271,國立聯合大學,環境與安全衛生工程學系,化學(分科),1.50,國文(學測),1.00,數學A(學測),1.00,,,,,41,101.00,化學(分科),26,,,,,,55
3272,國立聯合大學,土木與防災工程學系,數學A(學測),1.50,物理(分科),1.50,國文(學測),1.00,,,,,9,124.00,,,,,,,,55
3273,國立聯合大學,能源工程學系,數學A(學測),1.00,物理(分科),1.00,化學(分科),1.00,,,,,14,81.00,,,,,,,,55
3274,國立聯合大學,建築學系,國文(學測),2.00,英文(學測),1.50,物理(分科),1.00,,,,,16,142.00,國文(學測),36,142.70,,,,,55
3275,國立聯合大學,工業設計學系,國文(學測),2.00,英文(學測),2.00,數學B(學測),1.00,公民與社會(分科),1.00,,,11,149.00,國文(學測),37,,,,,,55
3276,國立聯合大學,電機工程學系,數學甲(分科),1.25,物理(分科),1.25,英文(學測),1.00,國文(學測),1.50,,,50,154.50,,,,,,,,55
3277,國立聯合大學,電子工程學系(甲組),數學A(學測),2.00,英文(學測),1.00,物理(分科),1.50,國文(學測),1.50,,,23,194.00,,,,,,,,55
3300,國立聯合大學,電子工程學系(乙組),數學A(學測),2.00,英文(學測),1.00,化學(分科),1.50,國文(學測),1.50,,,23,191.50,,,,,,,,55
3301,國立聯合大學,光電工程學系A組(光電半導體組),物理(分科),2.00,數學甲(分科),1.50,化學(分科),1.00,英文(學測),1.00,,,22,143.50,,,,,,,,55
3302,國立聯合大學,光電工程學系B組(智慧光電應用組),數學甲(分科),2.00,物理(分科),1.50,國文(學測),1.00,英文(學測),1.00,,,11,150.50,,,,,,,,55
3303,國立聯合大學,資訊工程學系,數學甲(分科),2.00,英文(學測),2.00,國文(學測),1.75,,,,,21,176.50,數學甲(分科),21,,,,,,55
3304,國立聯合大學,經營管理學系,英文(學測),1.00,國文(學測),1.50,公民與社會(分科),1.50,數學乙(分科),1.00,,,41,114.00,,,,,,,,55
3305,國立聯合大學,財務金融學系,英文(學測),1.50,數學B(學測),1.50,國文(學測),1.00,公民與社會(分科),1.00,,,24,121.00,,,,,,,,55
3306,國立聯合大學,資訊管理學系,數學乙(分科),2.00,國文(學測),2.00,英文(學測),1.75,,,,,49,134.50,,,,,,,,55
3307,國立聯合大學,臺灣語文與傳播學系,國文(學測),2.00,英文(學測),2.00,歷史(分科),1.50,,,,,9,136.50,,,,,,,,55
3310,國立聯合大學,華語文學系,國文(學測),2.00,公民與社會(分科),1.00,社會(學測),1.00,,,,,16,113.00,國文(學測),29,,,,,,55
3311,國立聯合大學,文化觀光產業學系,國文(學測),2.00,英文(學測),2.00,歷史(分科),1.00,,,,,14,127.00,國文(學測),33,135.10,,,,,55
3312,國立聯合大學,文化創意與數位行銷學系,國文(學測),2.00,英文(學測),1.00,歷史(分科),2.00,,,,,6,162.00,,,,,,,,55
3313,馬偕醫學大學,醫學系,生物(分科),1.00,化學(分科),1.00,物理(分科),1.00,英文(學測),1.00,數學甲(分科),1.00,15,264.00,,,276.75,,,,,55
3314,馬偕醫學大學,護理學系,英文(學測),1.50,國文(學測),1.50,生物(分科),1.50,化學(分科),1.00,,,58,137.50,,,161.35,,,,,55
3315,馬偕醫學大學,聽力暨語言治療學系聽力組,英文(學測),1.50,物理(分科),1.50,生物(分科),1.50,國文(學測),1.00,,,21,182.50,,,190.20,,,,,55
3316,馬偕醫學大學,聽力暨語言治療學系語言組,英文(學測),1.25,國文(學測),1.25,生物(分科),1.50,物理(分科),1.00,,,26,192.50,,,208.20,,,,,55
3317,馬偕醫學大學,視光學系,生物(分科),1.50,物理(分科),1.25,英文(學測),1.50,國文(學測),1.00,,,26,154.75,,,,,,,,55
3320,馬偕醫學大學,醫學檢驗暨再生醫學學系,生物(分科),1.50,化學(分科),1.50,英文(學測),1.00,國文(學測),1.00,,,8,215.50,,,219.45,,,,,55
3321,國立金門大學,應用英語學系,英文(學測),2.00,國文(學測),2.00,歷史(分科),1.00,,,,,3,138.00,,,,,,,,56
3322,國立金門大學,運動與休閒學系,國文(學測),2.00,歷史(分科),2.00,社會(學測),1.50,,,,,6,132.00,,,,,,,,56
3323,國立金門大學,企業管理學系,國文(學測),2.00,歷史(分科),1.00,公民與社會(分科),1.50,,,,,20,93.50,,,,,,,,56
3324,國立金門大學,電機工程學系,物理(分科),2.00,國文(學測),2.00,化學(分科),1.00,,,,,22,144.00,,,147.10,,,,,56
3325,國立金門大學,食品科學系(A組),化學(分科),1.00,生物(分科),1.00,國文(學測),2.00,,,,,12,80.00,,,,,,,,56
3326,國立金門大學,食品科學系(B組),化學(分科),1.00,自然(學測),1.00,國文(學測),2.00,,,,,9,103.00,,,,,,,,56
3327,國立金門大學,土木與工程管理學系,物理(分科),2.00,國文(學測),2.00,英文(學測),1.00,,,,,11,129.00,物理(分科),20,,,,,,56
3330,國立金門大學,觀光管理學系,國文(學測),1.25,社會(學測),1.25,歷史(分科),1.00,,,,,6,80.50,,,,,,,,56
3331,國立金門大學,資訊工程學系,數學甲(分科),2.00,自然(學測),2.00,國文(學測),1.00,,,,,24,122.00,,,,,,,,56
3332,國立金門大學,建築學系,國文(學測),2.00,社會(學測),2.00,歷史(分科),1.75,,,,,9,128.75,,,,,,,,56
3333,國立金門大學,國際暨大陸事務學系,公民與社會(分科),2.00,國文(學測),2.00,社會(學測),1.00,,,,,7,116.00,,,,,,,,56
3334,國立金門大學,華語文學系,國文(學測),2.00,歷史(分科),1.00,英文(學測),1.00,,,,,3,83.00,,,,,,,,56
3335,國立金門大學,海洋與邊境管理學系,公民與社會(分科),2.00,社會(學測),1.00,國文(學測),2.00,,,,,13,100.00,,,,,,,,56
3336,國立金門大學,工業工程與管理學系(管理科學組),國文(學測),2.00,英文(學測),1.00,公民與社會(分科),1.00,,,,,3,114.00,,,,,,,,56
3337,國立金門大學,工業工程與管理學系(智慧製造組),國文(學測),2.00,英文(學測),1.00,物理(分科),1.00,,,,,10,112.00,,,,,,,,56
3340,國立金門大學,都市計畫與景觀學系,國文(學測),1.00,社會(學測),1.00,地理(分科),1.50,,,,,2,77.50,,,,,,,,56
3341,國立金門大學,社會工作學系,公民與社會(分科),2.00,國文(學測),1.50,社會(學測),1.00,,,,,6,122.00,,,,,,,,56
3342,國立金門大學,長期照護學系,國文(學測),2.00,社會(學測),1.75,公民與社會(分科),1.50,,,,,5,124.00,,,,,,,,56
3343,國立金門大學,護理學系(A組),國文(學測),2.00,生物(分科),1.50,英文(學測),1.00,,,,,6,94.00,,,,,,,,56
3344,國立金門大學,護理學系(B組),國文(學測),2.00,公民與社會(分科),1.50,英文(學測),1.00,,,,,8,84.00,,,,,,,,56
