志願代碼,學校代碼,學校,區位,該校可選填系組數,系組名稱,招生名額,預計複試人數,第二階段複試費,國文權重,英文權重,數學A權重,數學B權重,社會權重,自然權重,書面資料審查,到校評分項目,同分參酌1,同分參酌1佔總成績比例,同分參酌2,同分參酌2佔總成績比例,同分參酌3,同分參酌3佔總成績比例,同分參酌4,同分參酌4佔總成績比例,同分參酌5,同分參酌5佔總成績比例,同分參酌6,同分參酌6佔總成績比例,同分參酌7,同分參酌7佔總成績比例,APCS超額篩選人數,APCS資格標準級分,公告第二階段複試通知,資料上傳及繳費截止,第二階段複試日期,公告總成績日期,成績複查截止,公告錄取名單日期,網址,備註
101001,101,國立臺灣科技大學,北區,1,材料科學與工程系,46,276,800,,1.00,1.00,,,1.00,學習歷程備審資料審查,,學科能力測驗加權平均成績,70,英文學科能力測驗成績,,數學A學科能力測驗成績,,自然學科能力測驗成績,,學習歷程備審資料審查,30,,,,,,,詳見「複試說明」,115.5.4,,115.5.22,115.5.25,115.5.29,https://mse.ntust.edu.tw/,"1.本系大學部學生來自普通及技術型高中人數各佔1/2，課程規劃及內容與普通大學頂尖材料系極相似，部分課程採英語授課。
2.符合資格者，可在5年內獲得「美國伊利諾大學材料碩士」及「臺科大材料學士」雙學位。
3.本系研究領域廣泛，含電子與光電材料、奈米及複合材料、薄膜與半導體材料、先進陶瓷材料與元件、生醫材料、綠能材料及功能性高分子材料。
4.近年畢業生超過半數錄取世界排名更前端之國內外頂尖研究所與擁有極佳深造及就業機會，歡迎具良好數學及自然領域基礎者申請。
5.工程學院學生入學後均須參加工程學院舉辦之初階數學能力測驗。"
101002,101,國立臺灣科技大學,北區,1,營建工程系,20,100,800,1.00,2.00,2.00,,,2.00,學習歷程備審資料審查,,數學A學科能力測驗成績,,英文學科能力測驗成績,,自然學科能力測驗成績,,國文學科能力測驗成績,,學科能力測驗加權平均成績,70,學習歷程備審資料審查,30,,,,,詳見「複試說明」,115.5.4,,115.5.22,115.5.25,115.5.29,https://www.ct.ntust.edu.tw/ct/,"1.本校不另寄複試通知，通過一階篩選學生請至本校首頁「招生資訊」／「大學部招生」／「高中生申請入學」查詢第二階段複試須知及相關資訊。
2.第二階段複試採學習歷程備審資料審查，申請生不必到校。
3.工程學院學生入學後均須參加工程學院舉辦之初階數學能力測驗，成績未達及格標準者，須修習初階數學（一）0學分課程。惟依大學入學考試中心公告，當學年度學科能力測驗，數學成績達前標（含）以上者，不須參加工程學院所舉辦之初階數學能力測驗。
4.本校積極推動全英語授課學程，部分課程採英語授課，以提升學生國際移動力，培育具專業素養、全球化競爭優勢人才。"
101003,101,國立臺灣科技大學,北區,1,化學工程系,21,105,800,,2.00,2.00,,,2.00,學習歷程備審資料審查,,學科能力測驗加權平均成績,50,學習歷程備審資料審查,50,數學A學科能力測驗成績,,英文學科能力測驗成績,,自然學科能力測驗成績,,,,,,,,詳見「複試說明」,115.5.4,,115.5.22,115.5.25,115.5.29,https://ch2.ntust.edu.tw/home.php,"1.本校工程學院學生入學後均須參加工程學院舉辦之初階數學能力測驗，成績未達及格標準者，必須修習初階數學（一）0學分課程。惟依大學入學考試中心公告，當學年度學科能力測驗，數學成績達前標（含）以上者，不須參加工程學院所舉辦之初階數學能力測驗。
2.本校積極推動全英語授課學程，部分課程採英語授課，以提升學生國際移動力，培育具專業素養、全球化競爭優勢之人才。"
101004,101,國立臺灣科技大學,北區,1,工業管理系,41,205,800,1.00,1.00,1.00,,,,學習歷程備審資料審查,,學科能力測驗加權平均成績,70,學習歷程備審資料審查,30,英文學科能力測驗成績,,數學A學科能力測驗成績,,國文學科能力測驗成績,,,,,,,,詳見「複試說明」,115.5.4,,115.5.22,115.5.25,115.5.29,https://www.im.ntust.edu.tw,本校積極推動全英語授課學程，部分課程採英語授課，以提升學生國際移動力，培育具專業素養、全球化競爭優勢之人才。
101005,101,國立臺灣科技大學,北區,1,資訊管理系,3,50,800,1.00,2.00,2.00,,,,學習歷程備審資料審查,,學科能力測驗加權平均成績,60,學習歷程備審資料審查,40,數學A學科能力測驗成績,,英文學科能力測驗成績,,國文學科能力測驗成績,,,,,,5,,詳見「複試說明」,115.5.4,,115.5.22,115.5.25,115.5.29,https://www.cs.ntust.edu.tw/,本校積極推動全英語授課學程，部分課程採英語授課，以提升學生國際移動力，培育具專業素養、全球化競爭優勢之人才。
101006,101,國立臺灣科技大學,北區,1,建築系,24,132,800,,1.00,1.00,,,1.00,學習歷程備審資料審查,,學習歷程備審資料審查,50,英文學科能力測驗成績,,數學A學科能力測驗成績,,自然學科能力測驗成績,,學科能力測驗加權平均成績,50,,,,,,,詳見「複試說明」,115.5.4,,115.5.22,115.5.25,115.5.29,https://www.ad.ntust.edu.tw/,本校積極推動全英語授課學程，部分課程採英語授課，以提升學生國際移動力，培育具專業素養、全球化競爭優勢之人才。
101007,101,國立臺灣科技大學,北區,1,工程學士班,49,294,800,1.00,2.00,2.00,,,2.00,學習歷程備審資料審查,,學習歷程備審資料審查,25,學科能力測驗加權平均成績,75,英文學科能力測驗成績,,數學A學科能力測驗成績,,自然學科能力測驗成績,,國文學科能力測驗成績,,,,,,詳見「複試說明」,115.5.4,,115.5.22,115.5.25,115.5.29,https://www.ce.ntust.edu.tw/p/412-1024-41.php?Lang=zh-tw,"1.本班學生於一年級下學期選定主修系別，二年級起分流各系。分流時學生可依個人之專長興趣，選定本院所屬之機械工程系、材料科學與工程系、營建工程系、化學工程系等任一系為主修。
2.本校工程學院學生入學後均須參加工程學院舉辦之初階數學能力測驗，成績未達及格標準者，必須修習初階數學（一）0學分課程。惟依大學入學考試中心公告，當學年度學科能力測驗，數學成績達前標（含）以上者，不須參加工程學院所舉辦之初階數學能力測驗。
3.本校積極推動全英語授課學程，部分課程採英語授課，以提升學生國際移動力，培育具專業素養、全球化競爭優勢之人才。"
101008,101,國立臺灣科技大學,北區,1,電資學士班,23,138,800,1.00,1.00,1.00,,,1.00,學習歷程備審資料審查,,學習歷程備審資料審查,30,學科能力測驗加權平均成績,70,英文學科能力測驗成績,,數學A學科能力測驗成績,,自然學科能力測驗成績,,國文學科能力測驗成績,,,,,,詳見「複試說明」,115.5.4,,115.5.22,115.5.25,115.5.29,https://www.ceecs.ntust.edu.tw/,"1.本班學生於一年級下學期選定主修系別，二年級起分流各系。分流時學生可依個人之專長興趣，選定本院所屬之資訊工程系、電機工程系、電子工程系等任一系為主修。分流後本班同學的權利義務與原主修系學生相同。
2.臺科大榮獲教育部「大專校院學生雙語化學習計畫」核准為「重點培育學校」，將篩選適當科目導入全英語教學，並漸進開設選修及進階課程，逐步營造學習氛圍。"
101009,101,國立臺灣科技大學,北區,1,管理學士班,40,240,800,1.00,1.00,1.00,,,,學習歷程備審資料審查,,學習歷程備審資料審查,40,學科能力測驗加權平均成績,60,數學A學科能力測驗成績,,英文學科能力測驗成績,,國文學科能力測驗成績,,,,,,,,詳見「複試說明」,115.5.4,,115.5.22,115.5.25,115.5.29,https://www.mup.ntust.edu.tw/,"1.本班課程以「財務金融」及「科技管理」為雙核心領域，旨在培養跨領域專業人才。可申請管院內各系為雙主修或輔系。
2.畢業證書將註明「財務金融及科技管理領域」，強調學習專業背景。
3.本校積極推動全英語授課學程，部分課程（含必修課程）採英語授課，以提升學生國際移動力，培育具專業素養、全球化競爭優勢之人才。"
101010,101,國立臺灣科技大學,北區,1,設計系工業設計組,20,100,800,1.00,2.00,1.00,,,1.00,學習歷程備審資料審查,,英文學科能力測驗成績,,學習歷程備審資料審查,50,學科能力測驗加權平均成績,50,數學A學科能力測驗成績,,國文學科能力測驗成績,,自然學科能力測驗成績,,,,,,詳見「複試說明」,115.5.4,,115.5.22,115.5.25,115.5.29,https://www.dt.ntust.edu.tw/,本校積極推動全英語授課學程，部分課程採英語授課，以提升學生國際移動力，培育具專業素養、全球化競爭優勢之人才。
101011,101,國立臺灣科技大學,北區,1,設計系商業設計組,21,105,800,2.00,2.00,,1.00,,,學習歷程備審資料審查,,學習歷程備審資料審查,50,學科能力測驗加權平均成績,50,國文學科能力測驗成績,,英文學科能力測驗成績,,數學B學科能力測驗成績,,,,,,,,詳見「複試說明」,115.5.4,,115.5.22,115.5.25,115.5.29,https://www.dt.ntust.edu.tw/,本校積極推動全英語授課學程，部分課程採英語授課，以提升學生國際移動力，培育具專業素養、全球化競爭優勢之人才。
101012,101,國立臺灣科技大學,北區,1,全球發展工程學士學位學程機械工程組,8,60,800,1.00,2.00,2.00,,,2.00,學習歷程備審資料審查,,學習歷程備審資料審查,25,學科能力測驗加權平均成績,75,英文學科能力測驗成績,,數學A學科能力測驗成績,,自然學科能力測驗成績,,國文學科能力測驗成績,,,,,,詳見「複試說明」,115.5.4,,115.5.22,115.5.25,115.5.29,https://gdep.ntust.edu.tw/,"1.學生得經甄選赴國際一流大學進行交換或專題製作。
2.本校積極推動全英語授課學程，部分課程採英語授課，以提升學生國際移動力，培育具專業素養、全球化競爭優勢之人才。"
101013,101,國立臺灣科技大學,北區,1,全球發展工程學士學位學程材料工程組,8,60,800,1.00,2.00,2.00,,,2.00,學習歷程備審資料審查,,數學A學科能力測驗成績,,自然學科能力測驗成績,,英文學科能力測驗成績,,國文學科能力測驗成績,,學科能力測驗加權平均成績,75,學習歷程備審資料審查,25,,,,,詳見「複試說明」,115.5.4,,115.5.22,115.5.25,115.5.29,https://gdep.ntust.edu.tw,"1.學生得經甄選赴國際一流大學進行交換或專題製作。
2.本校積極推動全英語授課學程，部分課程採英語授課，以提升學生國際移動力，培育具專業素養、全球化競爭優勢之人才。"
101014,101,國立臺灣科技大學,北區,1,電子工程系,11,66,800,1.00,1.50,2.00,,,2.00,學習歷程備審資料審查,,數學A學科能力測驗成績,,自然學科能力測驗成績,,英文學科能力測驗成績,,學習歷程備審資料審查,35,學科能力測驗加權平均成績,65,,,,,7,,詳見「複試說明」,115.5.4,,115.5.22,115.5.25,115.5.29,https://ece.ntust.edu.tw/,電資學院獲選為教育部雙語化學習計畫重點培育學院，積極推動英語授課課程，部分課程以英語授課，進而培育具專業素養、全球化競爭優勢之電資人才。
101015,101,國立臺灣科技大學,北區,1,資訊工程系,7,60,800,1.00,1.50,1.50,,,,學習歷程備審資料審查,,學習歷程備審資料審查,25,學科能力測驗加權平均成績,75,數學A學科能力測驗成績,,英文學科能力測驗成績,,國文學科能力測驗成績,,,,,,6,,詳見「複試說明」,115.5.4,,115.5.22,115.5.25,115.5.29,https://www.csie.ntust.edu.tw/,電資學院獲選為教育部雙語化學習計畫重點培育學院，積極推動英語授課課程，部分課程以英語授課，進而培育具專業素養、全球化競爭優勢之電資人才。
101016,101,國立臺灣科技大學,北區,1,不分系學士班（A組）,40,200,800,,1.00,1.00,,,1.00,學習歷程備審資料審查,,學科能力測驗加權平均成績,70,英文學科能力測驗成績,,數學A學科能力測驗成績,,自然學科能力測驗成績,,學習歷程備審資料審查,30,,,,,,,詳見「複試說明」,115.5.4,,115.5.22,115.5.25,115.5.29,https://jc.ntust.edu.tw,"1.學習歷程備審資料D-3選繳。
2.D-2學習歷程自述原則600字。另本系特色為延後分流、多元學習，故 D-2 學習歷程自述中的未來學習計畫審查重點為錄取本系後第一年的學習規劃。
3.本班學生第一年的學籍在本班（一年級下學期選定主修系別），二年級起根據個人之志趣分流各系。分流時學生自工程、電資、管理、設計、人文社會等五個學院中的13個系（唯設計系須通過5門指定課程）、應用科技學士學位學程及其它開放之學位學程（需經甄選），選擇1個主修系，沒有名額限制。分流後同學的權利義務與畢業證書授予學位同於分流後主修系學生。
4.本校為全國EMI重點培育學校之一，部分課程採英語授課以培養學生國際移動力。"
101017,101,國立臺灣科技大學,北區,1,不分系學士班（B組）,10,50,800,,1.00,,1.50,1.00,,學習歷程備審資料審查,,學科能力測驗加權平均成績,70,英文學科能力測驗成績,,數學B學科能力測驗成績,,社會學科能力測驗成績,,學習歷程備審資料審查,30,,,,,,,詳見「複試說明」,115.5.4,,115.5.22,115.5.25,115.5.29,https://jc.ntust.edu.tw,"1.學習歷程備審資料D-3選繳。
2.D-2學習歷程自述原則600字。另本系特色為延後分流、多元學習，故 D-2 學習歷程自述中的未來學習計畫審查重點為錄取本系後第一年的學習規劃。
3.本班學生第一年的學籍在本班（一年級下學期選定主修系別），二年級起根據個人之志趣分流各系。分流時學生自工程、電資、管理、設計、人文社會等五個學院中的13個系（唯設計系須通過5門指定課程）、應用科技學士學位學程及其它開放之學位學程（需經甄選），選擇1個主修系，沒有名額限制。分流後同學的權利義務與畢業證書授予學位同於分流後主修系學生。
4.本校為全國EMI重點培育學校之一，部分課程採英語授課以培養學生國際移動力。"
101018,101,國立臺灣科技大學,北區,1,資通科技國際學士學位學程,20,120,800,,2.00,2.00,,,1.00,學習歷程備審資料審查,,英文學科能力測驗成績,,數學A學科能力測驗成績,,自然學科能力測驗成績,,學習歷程備審資料審查,40,學科能力測驗加權平均成績,60,,,,,,,詳見「複試說明」,115.5.4,,115.5.22,115.5.25,115.5.29,https://iict.ntust.edu.tw/,"1.本校為全國EMI重點培育學校之一，為了培養具有國際競爭力的專業人才，本學程規定修習專業學分中至少有50%為英語授課。
2.本學程提供多元輔導機制，協助學生適應並同步提升英語能力。"
102001,102,國立雲林科技大學,中區,1,工程學院學士班,60,360,800,1.00,,1.00,,,,學習歷程備審資料審查,,學科能力測驗加權平均成績,30,學習歷程備審資料審查,70,數學A學科能力測驗成績,,自然學科能力測驗成績,,英文學科能力測驗成績,,國文學科能力測驗成績,,,,36,,詳見「複試說明」,115.5.4,,115.5.22,115.5.23,115.5.29,https://cen.yuntech.edu.tw/index.php/2025-06-11-06-18-12/2021-08-18-03-08-22,"1.本班適合各類組考生申請。
2.本班大一不分系，大二分流至工程學院各系，分流辦法依本校及工程學院相關規定辦理；各系分流人數設限，以本班分流當學期註冊人數40%為上限。
3.分流後部分科系課程內容包含程式設計、數位邏輯設計...等，故本班符合大學程式設計先修檢測（APCS）第一階段成績超額篩選。
4.所有申請文件概不退還。
5.「第二階段複試報名作業流程及注意事項」、「總成績公告」、「正備取生名單公告」及「正備取、不錄取通知單」，於本校招生資訊網提供查詢，不另寄發紙本。"
102002,102,國立雲林科技大學,中區,1,機械工程系,6,60,800,1.00,,1.00,,,1.00,學習歷程備審資料審查,,學習歷程備審資料審查,40,學科能力測驗加權平均成績,60,數學A學科能力測驗成績,,自然學科能力測驗成績,,,,,,,,,,詳見「複試說明」,115.5.4,,115.5.22,115.5.23,115.5.29,https://me.yuntech.edu.tw/,"1.所有申請文件概不退還。
2.「第二階段複試報名作業流程及注意事項」、「總成績公告」、「正備取生名單公告」及「正備取、不錄取通知單」，於本校招生資訊網提供查詢，不另寄發紙本。"
102003,102,國立雲林科技大學,中區,1,環境與安全衛生工程系,28,168,800,1.00,,1.00,,,,學習歷程備審資料審查,,學科能力測驗加權平均成績,30,學習歷程備審資料審查,70,數學A學科能力測驗成績,,國文學科能力測驗成績,,,,,,,,,,詳見「複試說明」,115.5.4,,115.5.22,115.5.23,115.5.29,https://ues.yuntech.edu.tw,"1.所有申請文件概不退還。
2.「第二階段複試報名作業流程及注意事項」、「總成績公告」、「正備取生名單公告」及「正備取、不錄取通知單」，於本校招生資訊網提供查詢，不另寄發紙本。"
102004,102,國立雲林科技大學,中區,1,營建工程系,5,60,800,1.00,,1.00,,,1.00,學習歷程備審資料審查,,學科能力測驗加權平均成績,60,學習歷程備審資料審查,40,數學A學科能力測驗成績,,自然學科能力測驗成績,,英文學科能力測驗成績,,,,,,,,詳見「複試說明」,115.5.4,,115.5.22,115.5.23,115.5.29,https://ce.yuntech.edu.tw,"1.所有申請文件概不退還。
2.「第二階段複試報名作業流程及注意事項」、「總成績公告」、「正備取生名單公告」及「正備取、不錄取通知單」，於本校招生資訊網提供查詢，不另寄發紙本。"
102005,102,國立雲林科技大學,中區,1,資訊工程系,5,60,1000,1.00,,1.00,,,,學習歷程備審資料審查,面試,學習歷程備審資料審查,40,面試,30,學科能力測驗加權平均成績,30,數學A學科能力測驗成績,,英文學科能力測驗成績,,,,,,6,,詳見「複試說明」,115.5.4,115.5.16,115.5.22,115.5.23,115.5.29,https://www.csie.yuntech.edu.tw/,"1.所有申請文件概不退還。
2.「第二階段複試報名作業流程及注意事項」、「總成績公告」、「正備取生名單公告」及「正備取、不錄取通知單」，於本校招生資訊網提供查詢，不另寄發紙本。"
102006,102,國立雲林科技大學,中區,1,工業工程與管理系,14,84,800,5.00,,,,,,學習歷程備審資料審查,,數學A學科能力測驗成績,,英文學科能力測驗成績,,學科能力測驗加權平均成績,30,學習歷程備審資料審查,70,,,,,,,,,詳見「複試說明」,115.5.4,,115.5.22,115.5.23,115.5.29,https://www.iem.yuntech.edu.tw,"1.所有申請文件概不退還。
2.部分課程可參加海內、外研習或工作實習。
3.「第二階段複試報名作業流程及注意事項」、「總成績公告」、「正備取生名單公告」及「正備取、不錄取通知單」，於本校招生資訊網提供查詢，不另寄發紙本。"
102007,102,國立雲林科技大學,中區,1,國際管理學士學位學程,4,60,800,,1.00,,,1.00,,學習歷程備審資料審查,,學習歷程備審資料審查,80,學科能力測驗加權平均成績,20,英文學科能力測驗成績,,社會學科能力測驗成績,,,,,,,,,,詳見「複試說明」,115.5.4,,115.5.22,115.5.23,115.5.29,https://ipm.yuntech.edu.tw,"1.本學位學程適合各類組考生申請。
2.所有文件請自行留底，恕不退還。
3.課程以英語授課，學生於畢業前須完成出國研習、交換或實習之任一項海外活動。
4.本學程入學無英語檢定測驗門檻。
5.「第二階段複試報名作業流程及注意事項」、「總成績公告」、「正備取生名單公告」及「正備取、不錄取通知單」，於本校招生資訊網提供查詢，不另寄發紙本。"
102008,102,國立雲林科技大學,中區,1,工業設計系,5,60,1000,1.00,1.00,,,,,學習歷程備審資料審查,面試,面試,30,學科能力測驗加權平均成績,30,學習歷程備審資料審查,40,國文學科能力測驗成績,,英文學科能力測驗成績,,,,,,,,詳見「複試說明」,115.5.4,115.5.16,115.5.22,115.5.23,115.5.29,https://www.id.yuntech.edu.tw,"1.本系課程內容包含理論及實作，須具有相當之視覺功能、辨別顏色能力，以辨識圖像或影像。
2.所有申請文件概不退還。
3.面試報到時間、地點及注意事項，另公告於本校招生資訊網/最新訊息，考生如有面試時間問題，須於面試公告前與各系辦公室聯繫。
4.「第二階段複試報名作業流程及注意事項」、「總成績公告」、「正備取生名單公告」及「正備取、不錄取通知單」，於本校招生資訊網提供查詢，不另寄發紙本。"
102009,102,國立雲林科技大學,中區,1,視覺傳達設計系,2,60,800,3.00,1.00,,,,,學習歷程備審資料審查,,學科能力測驗加權平均成績,50,學習歷程備審資料審查,50,國文學科能力測驗成績,,英文學科能力測驗成績,,,,,,,,,,詳見「複試說明」,115.5.4,,115.5.22,115.5.23,115.5.29,https://vc.yuntech.edu.tw/,"1.本系課程內容包含理論及實作，須具有相當之視覺功能、辨別顏色能力，以辨識圖像或影像。
2.所有申請文件概不退還。
3.「第二階段複試報名作業流程及注意事項」、「總成績公告」、「正備取生名單公告」及「正備取、不錄取通知單」，於本校招生資訊網提供查詢，不另寄發紙本。"
102010,102,國立雲林科技大學,中區,1,建築與室內設計系建築組,2,50,800,1.00,1.00,,,,,學習歷程備審資料審查,,學習歷程備審資料審查,55,學科能力測驗加權平均成績,45,英文學科能力測驗成績,,社會學科能力測驗成績,,,,,,,,,,詳見「複試說明」,115.5.4,,115.5.22,115.5.23,115.5.29,https://aid.yuntech.edu.tw,"1.本系課程內容包含理論及實作，須具有相當之視覺功能、辨別顏色能力，以辨識圖像或影像。
2.所有申請文件概不退還。
3.「第二階段複試報名作業流程及注意事項」、「總成績公告」、「正備取生名單公告」及「正備取、不錄取通知單」，於本校招生資訊網提供查詢，不另寄發紙本。"
102011,102,國立雲林科技大學,中區,1,建築與室內設計系室內組,4,50,800,1.00,1.00,,,,,學習歷程備審資料審查,,學習歷程備審資料審查,55,學科能力測驗加權平均成績,45,英文學科能力測驗成績,,社會學科能力測驗成績,,,,,,,,,,詳見「複試說明」,115.5.4,,115.5.22,115.5.23,115.5.29,https://aid.yuntech.edu.tw,"1.本系課程內容包含理論及實作，須具有相當之視覺功能、辨別顏色能力，以辨識圖像或影像。
2.所有申請文件概不退還。
3.「第二階段複試報名作業流程及注意事項」、「總成績公告」、「正備取生名單公告」及「正備取、不錄取通知單」，於本校招生資訊網提供查詢，不另寄發紙本。"
102012,102,國立雲林科技大學,中區,1,數位媒體設計系,10,50,1000,1.00,,,1.00,,,學習歷程備審資料審查,面試,面試,40,學科能力測驗加權平均成績,20,學習歷程備審資料審查,40,國文學科能力測驗成績,,數學B學科能力測驗成績,,,,,,,,詳見「複試說明」,115.5.4,115.5.16,115.5.22,115.5.23,115.5.29,https://www.gcd.yuntech.edu.tw.,"1.面試含描繪測驗，請攜帶鉛筆、橡皮擦等簡單繪圖器具。
2.本系課程內容包含理論及實作，須具有相當之視覺功能、辨別顏色能力，以辨識圖像或影像。
3.所有申請文件概不退還。
4.面試報到時間、地點及注意事項，另公告於本校招生資訊網/最新訊息，考生如有面試時間問題，須於面試公告前與各系辦公室聯繫。
5.「第二階段複試報名作業流程及注意事項」、「總成績公告」、「正備取生名單公告」及「正備取、不錄取通知單」，於本校招生資訊網提供查詢，不另寄發紙本。"
102013,102,國立雲林科技大學,中區,1,創意生活設計系,25,150,1000,2.00,2.00,,,,,學習歷程備審資料審查,面試,面試,30,學科能力測驗加權平均成績,30,學習歷程備審資料審查,40,英文學科能力測驗成績,,國文學科能力測驗成績,,,,,,,,詳見「複試說明」,115.5.4,115.5.16,115.5.22,115.5.23,115.5.29,https://www.cd.yuntech.edu.tw,"1.複試為面試，將分為上、下午場次，由本系系網另行公告，本系保有場次最終決定之權利。
2.面試含描繪測驗（創意、表達），自備繪圖工具。
3.本系課程內容包含理論及實作，須具有相當之視覺功能、辨別顏色能力，以辨識圖像或影像。
4.所有申請文件概不退還。
5.面試報到時間、地點及注意事項，另公告於本校招生資訊網/最新訊息，考生如有面試時間問題，須於面試公告前與各系辦公室聯繫。
6.「第二階段複試報名作業流程及注意事項」、「總成績公告」、「正備取生名單公告」及「正備取、不錄取通知單」，於本校招生資訊網提供查詢，不另寄發紙本。"
102014,102,國立雲林科技大學,中區,1,文化資產維護系,27,162,800,2.00,1.00,,,,,學習歷程備審資料審查,,學科能力測驗加權平均成績,40,學習歷程備審資料審查,60,國文學科能力測驗成績,,英文學科能力測驗成績,,,,,,,,,,詳見「複試說明」,115.5.4,,115.5.22,115.5.23,115.5.29,https://culture.yuntech.edu.tw/chc/,"1.所有申請文件概不退還。
2.「第二階段複試報名作業流程及注意事項」、「總成績公告」、「正備取生名單公告」及「正備取、不錄取通知單」，於本校招生資訊網提供查詢，不另寄發紙本。"
102015,102,國立雲林科技大學,中區,1,智慧機器人學士學位學程,10,60,1000,1.00,1.00,1.00,,,,學習歷程備審資料審查,面試,面試,40,學習歷程備審資料審查,30,學科能力測驗加權平均成績,30,數學A學科能力測驗成績,,英文學科能力測驗成績,,,,,,,,詳見「複試說明」,115.5.4,115.5.16,115.5.22,115.5.23,115.5.29,https://irobot.yuntech.edu.tw/,"1.所有申請文件概不退還。
2.「第二階段複試報名作業流程及注意事項」、「總成績公告」、「正備取生名單公告」及「正備取、不錄取通知單」，於本校招生資訊網提供查詢，不另寄發紙本。"
103001,103,國立屏東科技大學,南區,1,農園生產系,10,60,1000,1.00,,,,,1.00,學習歷程備審資料審查,面試,面試,30,學科能力測驗加權平均成績,40,學習歷程備審資料審查,30,國文學科能力測驗成績,,自然學科能力測驗成績,,,,,,,,詳見「複試說明」,115.5.5,115.5.16,115.5.21,115.5.22,115.5.28,https://www.npust.edu.tw或agriculture10.npust.edu..edu.tw,"1.須至業界實習，無法配合者，宜慎重考慮報考本系。
2.就學期間需使用顯微鏡及具備辨識植物栽種各期生長色調與性狀之能力﹔以及實習課程，需具備在非平整土地及叢密田林間行走移動之能力。多數實習操作課程都在戶外空曠環境，聽覺障礙者，如於配戴調頻助聽系統後，可以聽到課程操作說明，即適宜報考。"
103002,103,國立屏東科技大學,南區,1,森林系,7,60,1000,1.00,,,,,1.00,學習歷程備審資料審查,面試,面試,50,學習歷程備審資料審查,40,學科能力測驗加權平均成績,10,國文學科能力測驗成績,,自然學科能力測驗成績,,,,,,,,詳見「複試說明」,115.5.5,115.5.16,115.5.21,115.5.22,115.5.28,https://agriculture8.npust.edu.tw/或140.127.11.120/,"1.須至業界實習一學期，且部分課程將安排於暑期授課，無法配合者，宜慎重考慮報考本系。
2.本系部分學習課程，需具顏色辦別能力、良好體能及移動能力，報考時請謹慎評估。"
103003,103,國立屏東科技大學,南區,1,水產養殖系,8,60,1000,1.00,,,1.00,,2.00,學習歷程備審資料審查,面試,面試,30,學習歷程備審資料審查,40,學科能力測驗加權平均成績,30,自然學科能力測驗成績,,國文學科能力測驗成績,,,,,,,,詳見「複試說明」,115.5.5,115.5.16,115.5.21,115.5.22,115.5.28,https://www.npust.edu.tw或agriculturel.npust.edu.tw/index.php,本系為培育水產養殖實務人才，課程安排有顯微鏡、儀器設備操作、養殖場、飼料廠等相關實務工作，須具有良好之體能、移動能力、視覺、聽覺、口語表達能力、辨色力及人際互動溝通協調能力等、且能控管自身情緒。
103004,103,國立屏東科技大學,南區,1,動物科學與畜產系,15,90,1000,2.00,,,,,2.00,學習歷程備審資料審查,面試,面試,40,學習歷程備審資料審查,30,學科能力測驗加權平均成績,30,自然學科能力測驗成績,,,,,,,,,,詳見「複試說明」,115.5.5,115.5.16,115.5.21,115.5.22,115.5.28,https://www.npust.edu.tw,"1.本系有必修實習課程，於牧場實習系列課程需與大型動物直接互動，需操作大型機具，操作時具有一定危險性，需有能力即時移動身驅遠離危險。
2.就學期間需使用顯微鏡，需能準確、分辨、判斷、觀察動物之型態、構造、組成。
3.基於牧場生物安全，需防範人畜共通傳病之交叉感染。
4.畢業前須至業界實習，無法配合者，宜慎重考慮報考本系。"
103005,103,國立屏東科技大學,南區,1,植物醫學系,7,60,1000,,,,,,1.00,學習歷程備審資料審查,面試,面試,60,學科能力測驗加權平均成績,20,學習歷程備審資料審查,20,英文學科能力測驗成績,,,,,,,,,,詳見「複試說明」,115.5.5,115.5.16,115.5.21,115.5.22,115.5.28,https://pm.npust.edu.tw/,本系部分學習課程，需具顏色辦別能力、良好體能及移動能力，報考時請謹慎評估。
103006,103,國立屏東科技大學,南區,1,木材科學與設計系,6,60,1000,,1.00,,,,,學習歷程備審資料審查,面試,面試,50,學習歷程備審資料審查,30,學科能力測驗加權平均成績,20,國文學科能力測驗成績,,,,,,,,,,詳見「複試說明」,115.5.5,115.5.16,115.5.21,115.5.22,115.5.28,https://www.npust.edu.tw或wsd.npust.edu.tw/bin/home.php?Lang=zh-tw,"本系部分學習課程需具顏色辦別能力、良好體能及移動能力；部分課程規劃將安排於暑期授課；
本系所有同學畢業前實務專題課程必須將學習成果展示於校內展及校外展各展演一次並參與當年度
實務專題競賽，如無法配合者，報考時請審慎評估。"
103007,103,國立屏東科技大學,南區,1,食品科學系,1,60,800,,1.00,,,,1.00,學習歷程備審資料審查,,學習歷程備審資料審查,60,學科能力測驗加權平均成績,40,自然學科能力測驗成績,,英文學科能力測驗成績,,,,,,,,,,詳見「複試說明」,115.5.5,,115.5.21,115.5.22,115.5.28,https:// fose.npust.edu.tw,操作實驗為本系學習重點，具有一定危險性，須有能力自行遠離危險。
103008,103,國立屏東科技大學,南區,1,生物科技系,2,60,800,,,,,,1.00,學習歷程備審資料審查,,學科能力測驗加權平均成績,20,學習歷程備審資料審查,80,國文學科能力測驗成績,,英文學科能力測驗成績,,,,,,,,,,詳見「複試說明」,115.5.5,,115.5.21,115.5.22,115.5.28,https://biotech.npust.edu.tw/,實驗課程為本系學習重點，部分實驗須透過色彩判定實驗結果。
103009,103,國立屏東科技大學,南區,1,材料工程系,20,120,1000,,,,,,1.00,學習歷程備審資料審查,面試,面試,40,學科能力測驗加權平均成績,40,學習歷程備審資料審查,20,英文學科能力測驗成績,,,,,,,,,,詳見「複試說明」,115.5.5,115.5.16,115.5.21,115.5.22,115.5.28,https://materials.npust.edu.tw/,畢業前須至業界實習，無法配合者，宜慎重考慮報考本系。
103010,103,國立屏東科技大學,南區,1,水土保持系,7,60,800,1.00,,1.00,,,,學習歷程備審資料審查,,學習歷程備審資料審查,70,學科能力測驗加權平均成績,30,數學A學科能力測驗成績,,國文學科能力測驗成績,,,,,,,,,,詳見「複試說明」,115.5.5,,115.5.21,115.5.22,115.5.28,https://swc.npust.edu.tw/,
103011,103,國立屏東科技大學,南區,1,土木工程系,2,60,800,1.00,,1.00,,,,學習歷程備審資料審查,,學習歷程備審資料審查,90,學科能力測驗加權平均成績,10,數學A學科能力測驗成績,,國文學科能力測驗成績,,,,,,,,,,詳見「複試說明」,115.5.5,,115.5.21,115.5.22,115.5.28,https://ce.npust.edu.tw/,"1.畢業前須修習實習課程。
2.本系學生於畢業前，應取得具公信力之語言測驗機構舉辦之外語能力測驗，其通過之標準請參閱本校外語實務課程實施要點。"
103012,103,國立屏東科技大學,南區,1,農企業管理系,3,60,800,,1.00,,1.00,,1.00,學習歷程備審資料審查,,學習歷程備審資料審查,70,學科能力測驗加權平均成績,30,自然學科能力測驗成績,,數學B學科能力測驗成績,,英文學科能力測驗成績,,,,,,,,詳見「複試說明」,115.5.5,,115.5.21,115.5.22,115.5.28,https://www.npust.edu.tw及abm.npust.edu.tw,
103013,103,國立屏東科技大學,南區,1,財務金融國際學士學位學程,3,60,800,,1.00,,,,,學習歷程備審資料審查,,學科能力測驗加權平均成績,60,學習歷程備審資料審查,40,數學B學科能力測驗成績,,國文學科能力測驗成績,,,,,,,,,,詳見「複試說明」,115.5.5,,115.5.21,115.5.22,115.5.28,https://ibf.npust.edu.tw/bin/home.php,本學程以全英文授課為主，並訂有英文與金融證照之畢業門檻。
103014,103,國立屏東科技大學,南區,1,熱帶農業暨國際合作系,14,84,800,1.00,3.00,,,,1.00,學習歷程備審資料審查,,學習歷程備審資料審查,60,學科能力測驗加權平均成績,40,英文學科能力測驗成績,,自然學科能力測驗成績,,,,,,,,,,詳見「複試說明」,115.5.5,,115.5.21,115.5.22,115.5.28,https://www.npust.edu.tw或dtaic.npust.edu.tw/bin/home.php?Lang=zh-tw,"1.本系課程皆以英文授課。
2.畢業資格：於畢業前須通過全民英檢中級檢定或其他同等級之相關英文檢定考試並取得證書者。"
103015,103,國立屏東科技大學,南區,1,獸醫學系,30,180,800,1.00,2.00,1.00,,,1.00,學習歷程備審資料審查,,學習歷程備審資料審查,50,學科能力測驗加權平均成績,50,英文學科能力測驗成績,,自然學科能力測驗成績,,數學A學科能力測驗成績,,國文學科能力測驗成績,,,,,,詳見「複試說明」,115.5.5,,115.5.21,115.5.22,115.5.28,https://www.npust.edu.tw或newdept.npust.edu.tw/Dept_VM/site/index.aspx,特別聲明：1.未修畢大四（含）前之必選修課程者，不得修大五之必修課程。2..大五須至業界實習一學期，且大四升大五的暑假亦須校外實習二個月，無法配合者，宜慎重考慮報考本系。3.本系為醫療相關學系，學生須具備醫學專業知識、醫療技能與人文素養。因課程學習需要，學生於學期間需使用顯微鏡、色彩判定、病症判定、大體解剖、巡房、與病患及醫療團隊溝通、建立醫生畜主關係等，為判定動物患病，各項感官皆需較為敏銳；因此，必須具有相當之視覺、聽覺功能、具口語表達、溝通能力，需久站、運用肢體操作儀器、能迅速移動，具人際互動溝通協調能力、能控管自身情緒，相當之抗壓能力；學生畢業後將進入醫院治療及照顧病患。
104001,104,國立臺北科技大學,北區,1,能源與冷凍空調工程系,10,60,1000,1.00,,1.00,,,1.00,學習歷程備審資料審查,面試,學科能力測驗加權平均成績,40,面試,40,學習歷程備審資料審查,20,數學A學科能力測驗成績,,國文學科能力測驗成績,,自然學科能力測驗成績,,,,,,詳見「複試說明」,115.5.5,115.5.16,115.5.27,115.5.28,115.5.29,https://erac.ntut.edu.tw,"1.面試評分：專業領域50%；基本綜合問答50%。
2.通過全民英檢者，資料審查總成績：初級加3分、中級加5分、中高級加10分、高級（含）以上加20分，至100分為止。其他各項語文能力檢定加分，參考「歐洲語言學習、教學、評量共同參考架構（CEF）」之等級認定。
3.本系較適合大學指定考試第二類組考生申請。
4.本校學生應修畢取得跨領域學習之微學程、一般學程、第二專長、輔系或雙主修任一課程畢業條件。
5.配合本校邁向國際優質科技大學之目標，本系部分必、選修課程採全英語授課。
6.學生可提供有利審查之相關資料或是證明來自經濟或文化不利之族群，本系會據以綜合評量。"
104002,104,國立臺北科技大學,北區,1,車輛工程系,10,60,800,1.00,2.00,2.00,,,2.00,學習歷程備審資料審查,,學科能力測驗加權平均成績,70,學習歷程備審資料審查,30,數學A學科能力測驗成績,,英文學科能力測驗成績,,自然學科能力測驗成績,,國文學科能力測驗成績,,,,,,詳見「複試說明」,115.5.5,,115.5.27,115.5.28,115.5.29,https://ve.ntut.edu.tw,"1.本系較適合大學指定考試第二類組考生申請。
2.本校學生應修畢取得跨領域學習之微學程、一般學程、第二專長、輔系或雙主修任一課程畢業條件。
3.配合本校邁向國際優質科技大學之目標，本系部分必、選修課程採全英語授課。
4.學生可提供有利審查之相關資料或是證明來自經濟或文化不利之族群，本系會據以綜合評量。"
104003,104,國立臺北科技大學,北區,1,土木工程系,23,138,1000,1.00,2.00,2.00,,,2.00,學習歷程備審資料審查,面試,學科能力測驗加權平均成績,40,面試,30,學習歷程備審資料審查,30,數學A學科能力測驗成績,,自然學科能力測驗成績,,英文學科能力測驗成績,,國文學科能力測驗成績,,,,詳見「複試說明」,115.5.5,115.5.16,115.5.27,115.5.28,115.5.29,https://ce.ntut.edu.tw,"1.第二階段採書面資料審查、面試（認識本系及個別面談）。
2.面試（認識本系及個別面談）：系上老師為考生及家長提供詳盡介紹，所有考生必須參加系所簡介及座談會，未參加者不予錄取。
3.本校學生應修畢取得跨領域學習之微學程、一般學程、第二專長、輔系或雙主修任一課程畢業條件。
4.配合本校邁向國際優質科技大學之目標，本系部分必、選修課程採全英語授課。
5.學生可提供有利審查之相關資料或是證明來自經濟或文化不利之族群，本系會據以綜合評量。"
104004,104,國立臺北科技大學,北區,1,分子科學與工程系,24,144,800,,1.00,1.00,,,1.00,學習歷程備審資料審查,,學科能力測驗加權平均成績,50,學習歷程備審資料審查,50,自然學科能力測驗成績,,數學A學科能力測驗成績,,英文學科能力測驗成績,,,,,,,,詳見「複試說明」,115.5.5,,115.5.27,115.5.28,115.5.29,https://mse.ntut.edu.tw/,"1.本校及本系提供獎學金供學生申請。
2.本系簡介：結合「半導體分子材料」、「光電、綠能元件」、「有機分子材料」、「高分子材料」與「纖維材料與紡織科技」等多項核心課程於課程及教學內涵，著重基礎理論與實務教學，培養分子科學之專長。
3.本校學生應修畢取得跨領域學習之微學程、一般學程、第二專長、輔系或雙主修任一課程畢業條件。
4.配合本校邁向國際優質科技大學之目標，本系部分必、選修課程採全英語授課。
5.學生可提供有利審查之相關資料或是證明來自經濟或文化不利之族群，本系會據以綜合評量。"
104005,104,國立臺北科技大學,北區,1,材料及資源工程系材料組,23,138,800,,1.00,1.00,,,2.00,學習歷程備審資料審查,,學科能力測驗加權平均成績,50,學習歷程備審資料審查,50,數學A學科能力測驗成績,,自然學科能力測驗成績,,,,,,,,,,詳見「複試說明」,115.5.5,,115.5.27,115.5.28,115.5.29,https://mmre.ntut.edu.tw,"1.本校學生應修畢取得跨領域學習之微學程、一般學程、第二專長、輔系或雙主修任一課程畢業條件。
2.配合本校邁向國際優質科技大學之目標，本系部分必、選修課程採全英語授課。
3.學生可提供有利審查之相關資料或是證明來自經濟或文化不利之族群，本系會據以綜合評量。"
104006,104,國立臺北科技大學,北區,1,材料及資源工程系資源組,23,138,800,,1.00,1.00,,,2.00,學習歷程備審資料審查,,學科能力測驗加權平均成績,60,學習歷程備審資料審查,40,數學A學科能力測驗成績,,自然學科能力測驗成績,,,,,,,,,,詳見「複試說明」,115.5.5,,115.5.27,115.5.28,115.5.29,https://mmre.ntut.edu.tw,"1.本校學生應修畢取得跨領域學習之微學程、一般學程、第二專長、輔系或雙主修任一課程畢業條件。
2.配合本校邁向國際優質科技大學之目標，本系部分必、選修課程採全英語授課。
3.學生可提供有利審查之相關資料或是證明來自經濟或文化不利之族群，本系會據以綜合評量。"
104007,104,國立臺北科技大學,北區,1,工業工程與管理系,8,60,800,1.00,2.00,2.00,,,,學習歷程備審資料審查,,學科能力測驗加權平均成績,50,學習歷程備審資料審查,50,英文學科能力測驗成績,,數學A學科能力測驗成績,,國文學科能力測驗成績,,,,,,,,詳見「複試說明」,115.5.5,,115.5.27,115.5.28,115.5.29,https://iem.ntut.edu.tw,"1.本校學生應修畢取得跨領域學習之微學程、一般學程、第二專長、輔系或雙主修任一課程畢業條件。
2.配合本校邁向國際優質科技大學之目標，本系部分必、選修課程採全英語授課。
3.學生可提供有利審查之相關資料或是證明來自經濟或文化不利之族群，本系會據以綜合評量。"
104008,104,國立臺北科技大學,北區,1,機電學士班,40,240,800,,1.00,2.00,,,1.00,學習歷程備審資料審查,,學科能力測驗加權平均成績,50,學習歷程備審資料審查,50,數學A學科能力測驗成績,,自然學科能力測驗成績,,英文學科能力測驗成績,,國文學科能力測驗成績,,,,,,詳見「複試說明」,115.5.5,,115.5.27,115.5.28,115.5.29,https://cmee.ntut.edu.tw,"1.本班學生大一、大二不分主修，大三起由學生依興趣選定機械工程、車輛工程、能源與冷凍空調工程等任一領域為主修。
2.本校學生應修畢取得跨領域學習之微學程、一般學程、第二專長、輔系或雙主修任一課程畢業條件。
3.配合本校邁向國際優質科技大學之目標，本系部分必、選修課程採全英語授課。
4.學生可提供有利審查之相關資料或是證明來自經濟或文化不利之族群，本系會據以綜合評量。"
104009,104,國立臺北科技大學,北區,1,電資學士班,47,282,800,1.00,,1.00,,,,學習歷程備審資料審查,,學習歷程備審資料審查,70,學科能力測驗加權平均成績,30,數學A學科能力測驗成績,,國文學科能力測驗成績,,,,,,,,29,,詳見「複試說明」,115.5.5,,115.5.27,115.5.28,115.5.29,https://eecs.ntut.edu.tw,"1.資料審查，綜合評估100%。
2.本班學生大一、大二不分主修。大三選定電機工程、電子工程、資訊工程、光電工程任一領域為主修。
3.本班適合各類組學生申請。
4.本校學生應修畢取得跨領域學習之微學程、一般學程、第二專長、輔系或雙主修任一課程畢業條件。
5.配合本校邁向國際優質科技大學之目標，本系部分必、選修課程採全英語授課。
6.學生可提供有利審查之相關資料或是證明來自經濟或文化不利之族群，本系會據以綜合評量。"
104010,104,國立臺北科技大學,北區,1,工程科技學士班,59,354,800,,2.00,1.00,,,2.00,學習歷程備審資料審查,,學科能力測驗加權平均成績,60,學習歷程備審資料審查,40,數學A學科能力測驗成績,,自然學科能力測驗成績,,英文學科能力測驗成績,,,,,,,,詳見「複試說明」,115.5.5,,115.5.27,115.5.28,115.5.29,https://coeng.ntut.edu.tw/,"1. 本班採大一不分系，大二起學生依興趣選定工程學院所屬之土木工程系、分子科學與工程系、化學工程與生物科技系、材料及資源工程系等任一系為主修。
2.本校學生應修畢取得跨領域學習之微學程、一般學程、第二專長、輔系或雙主修任一課程畢業條件。
3.配合本校邁向國際優質科技大學之目標，本班部分必、選修課程採全英語授課。
4.學生可提供有利審查之相關資料或是證明來自經濟或文化不利之族群，本系會據以綜合評量。"
104011,104,國立臺北科技大學,北區,1,創意設計學士班,22,132,800,1.00,1.00,,1.00,,,學習歷程備審資料審查,,學科能力測驗加權平均成績,30,學習歷程備審資料審查,70,英文學科能力測驗成績,,數學B學科能力測驗成績,,國文學科能力測驗成績,,,,,,14,,詳見「複試說明」,115.5.5,,115.5.27,115.5.28,115.5.29,https://dc.ntut.edu.tw,"1.本班採大一不分系，大二起學生依專業志趣選定設計學院所屬之建築系、工業設計系產品設計組、工業設計系家具與室內設計組、互動設計系視覺傳達設計組、互動設計系媒體設計組等任一系組為主修。
2.擬選讀主修建築系者，為符合建築師國家考試之建築專業學分要求，需依序取得建築系大一~大四建築設計等相關課程學分，建議及早於入學時確認主修志趣，俾利個人修課時序安排。
3.本校學生應修畢取得跨領域學習之微學程、一般學程、第二專長、輔系或雙主修任一課程畢業條件。
4.配合本校邁向國際優質科技大學之目標，部分必、選修課程採全英語授課。
5.學生可提供有利審查相關資料或證明來自經濟或文化不利之族群，本班會據以綜合評量。"
104012,104,國立臺北科技大學,北區,1,資訊與財金管理系,3,60,1000,1.00,1.50,2.00,,,,學習歷程備審資料審查,面試,面試,40,學科能力測驗加權平均成績,40,學習歷程備審資料審查,20,數學B學科能力測驗成績,,國文學科能力測驗成績,,英文學科能力測驗成績,,,,6,,詳見「複試說明」,115.5.5,115.5.15,115.5.27,115.5.28,115.5.29,https://ifm.ntut.edu.tw,"1. 面試評分：表達能力40%、反應能力30%、組織能力30%。
2.本校學生應修畢取得跨領域學習之微學程、一般學程、第二專長、輔系或雙主修任一課程畢業條件。
3.配合本校邁向國際優質科技大學之目標，本系部分必、選修課程採全英語授課。
4.學生可提供有利審查之相關資料或是證明來自經濟或文化不利之族群，本系會據以綜合評量。"
104013,104,國立臺北科技大學,北區,1,資訊工程系,5,60,800,1.00,1.00,1.00,,,,學習歷程備審資料審查,,學習歷程備審資料審查,70,學科能力測驗加權平均成績,30,數學A學科能力測驗成績,,英文學科能力測驗成績,,國文學科能力測驗成績,,,,,,6,,詳見「複試說明」,115.5.5,,115.5.27,115.5.28,115.5.29,https://csie.ntut.edu.tw/,"1.本校學生應修畢取得跨領域學習之微學程、一般學程、第二專長、輔系或雙主修任一課程畢業條件。
2.配合本校邁向國際優質科技大學之目標，本系部分必、選修課程採全英語授課。
3.學生可提供有利審查之相關資料或是證明來自經濟或文化不利之族群，本系會據以綜合評量。"
104014,104,國立臺北科技大學,北區,1,光電工程系,8,60,800,1.00,1.00,1.00,,,,學習歷程備審資料審查,,學習歷程備審資料審查,50,學科能力測驗加權平均成績,50,數學A學科能力測驗成績,,英文學科能力測驗成績,,國文學科能力測驗成績,,,,,,6,,詳見「複試說明」,115.5.5,,115.5.27,115.5.28,115.5.29,https://eo.ntut.edu.tw/,"1.本校學生應修畢取得跨領域學習之微學程、一般學程、第二專長、輔系或雙主修任一課程畢業條件。
2.配合本校邁向國際優質科技大學之目標，本系部分必、選修課程採全英語授課。
3.若有多元表現資料可補充於D-3其他有利審查資料中。
4.學生可提供有利審查之相關資料或是證明來自經濟或文化不利之族群，本系會據以綜合評量。"
104015,104,國立臺北科技大學,北區,1,電子工程系,7,60,800,1.00,1.00,1.00,,,,學習歷程備審資料審查,,學習歷程備審資料審查,50,學科能力測驗加權平均成績,50,數學A學科能力測驗成績,,英文學科能力測驗成績,,國文學科能力測驗成績,,,,,,6,,詳見「複試說明」,115.5.5,,115.5.27,115.5.28,115.5.29,https://ece.ntut.edu.tw/,"1.本校學生應修畢取得跨領域學習之微學程、一般學程、第二專長、輔系或雙主修任一課程畢業條件。
2.配合本校邁向國際優質科技大學之目標，本系部分必、選修課程採全英語授課。
3.學生可提供有利審查之相關資料或是證明來自經濟或文化不利之族群，本系會據以綜合評量。"
105001,105,國立高雄科技大學,南區,1,化學工程與材料工程系,23,138,1000,,,,,,3.00,學習歷程備審資料審查,面試,面試,30,學習歷程備審資料審查,40,學科能力測驗加權平均成績,30,國文學科能力測驗成績,,,,,,,,,,詳見「複試說明」,115.5.5,115.5.17,115.5.26,115.5.27,115.5.29,https://www.che.nkust.edu.tw/,"1.本系學生於＜建工＞校區上課。
2.如有未盡事宜，依照招生簡章及本校相關規定事項辦理。"
105002,105,國立高雄科技大學,南區,1,土木工程系,23,138,800,1.00,,,,,,學習歷程備審資料審查,,學科能力測驗加權平均成績,20,學習歷程備審資料審查,80,數學A學科能力測驗成績,,自然學科能力測驗成績,,,,,,,,,,詳見「複試說明」,115.5.5,,115.5.26,115.5.27,115.5.29,https://www.ce.nkust.edu.tw/,"1.本系學生於＜建工＞校區上課。
2.如有未盡事宜，依照招生簡章及本校相關規定事項辦理。"
105003,105,國立高雄科技大學,南區,1,工業工程與管理系,1,60,800,1.00,1.00,,,,,學習歷程備審資料審查,,學習歷程備審資料審查,80,學科能力測驗加權平均成績,20,數學A學科能力測驗成績,,英文學科能力測驗成績,,自然學科能力測驗成績,,國文學科能力測驗成績,,,,,,詳見「複試說明」,115.5.5,,115.5.26,115.5.27,115.5.29,https://www.iem2021.nkust.edu.tw/,"1.本系學生於＜建工＞校區上課。
2.如有未盡事宜，依照招生簡章及本校相關規定事項辦理。"
105004,105,國立高雄科技大學,南區,1,營建工程系,3,60,800,1.00,,,,,1.00,學習歷程備審資料審查,,學科能力測驗加權平均成績,60,學習歷程備審資料審查,40,自然學科能力測驗成績,,國文學科能力測驗成績,,,,,,,,,,詳見「複試說明」,115.5.5,,115.5.26,115.5.27,115.5.29,https://ce1.nkust.edu.tw/,"1.本系學生於＜第一＞校區上課。
2.如有未盡事宜，依照招生簡章及本校相關規定事項辦理。"
105005,105,國立高雄科技大學,南區,1,環境與安全衛生工程系,50,300,1000,1.00,,,,,1.00,學習歷程備審資料審查,面試,面試,30,學習歷程備審資料審查,30,學科能力測驗加權平均成績,40,自然學科能力測驗成績,,國文學科能力測驗成績,,,,,,,,詳見「複試說明」,115.5.5,115.5.16,115.5.26,115.5.27,115.5.29,https://she.nkust.edu.tw/,"1.本系學生於＜第一＞校區上課。
2.如有未盡事宜，依照招生簡章及本校相關規定事項辦理。"
105006,105,國立高雄科技大學,南區,1,機械工程系,2,60,800,,,1.00,,,2.00,學習歷程備審資料審查,,學科能力測驗加權平均成績,30,學習歷程備審資料審查,70,數學A學科能力測驗成績,,自然學科能力測驗成績,,,,,,,,,,詳見「複試說明」,115.5.5,,115.5.26,115.5.27,115.5.29,https://me.nkust.edu.tw/,"1.本系學生於＜建工＞校區上課。
2.如有未盡事宜，依照招生簡章及本校相關規定事項辦理。"
105007,105,國立高雄科技大學,南區,1,機械工程系智能系統與控制組,5,60,800,,,1.00,,,2.00,學習歷程備審資料審查,,學科能力測驗加權平均成績,30,學習歷程備審資料審查,70,數學A學科能力測驗成績,,自然學科能力測驗成績,,,,,,,,,,詳見「複試說明」,115.5.5,,115.5.26,115.5.27,115.5.29,https://me.nkust.edu.tw/,"1.本系學生於＜建工＞校區上課。
2.如有未盡事宜，依照招生簡章及本校相關規定事項辦理。"
105008,105,國立高雄科技大學,南區,1,機械工程系微奈米技術組,5,60,800,,,1.00,,,2.00,學習歷程備審資料審查,,學科能力測驗加權平均成績,30,學習歷程備審資料審查,70,數學A學科能力測驗成績,,自然學科能力測驗成績,,,,,,,,,,詳見「複試說明」,115.5.5,,115.5.26,115.5.27,115.5.29,https://me.nkust.edu.tw,"1.本系學生於＜建工＞校區上課。
2.如有未盡事宜，依照招生簡章及本校相關規定事項辦理。"
105009,105,國立高雄科技大學,南區,1,模具工程系,6,60,800,,,,,,1.00,學習歷程備審資料審查,,學科能力測驗加權平均成績,30,學習歷程備審資料審查,70,數學A學科能力測驗成績,,英文學科能力測驗成績,,,,,,,,,,詳見「複試說明」,115.5.5,,115.5.26,115.5.27,115.5.29,https://mde.nkust.edu.tw/,"1.本系學生於＜建工＞校區上課。
2.如有未盡事宜，依照招生簡章及本校相關規定事項辦理。"
105010,105,國立高雄科技大學,南區,1,模具工程系光電模具組,6,60,800,,,,,,1.00,學習歷程備審資料審查,,學科能力測驗加權平均成績,30,學習歷程備審資料審查,70,數學A學科能力測驗成績,,英文學科能力測驗成績,,,,,,,,,,詳見「複試說明」,115.5.5,,115.5.26,115.5.27,115.5.29,https://mde.nkust.edu.tw/,"1.本系學生於＜建工＞校區上課。
2.如有未盡事宜，依照招生簡章及本校相關規定事項辦理。"
105011,105,國立高雄科技大學,南區,1,模具工程系精微模具組,6,60,800,,,,,,1.00,學習歷程備審資料審查,,學科能力測驗加權平均成績,30,學習歷程備審資料審查,70,數學A學科能力測驗成績,,英文學科能力測驗成績,,,,,,,,,,詳見「複試說明」,115.5.5,,115.5.26,115.5.27,115.5.29,https://mde.nkust.edu.tw/,"1.本系學生於＜建工＞校區上課。
2.如有未盡事宜，依照招生簡章及本校相關規定事項辦理。"
105012,105,國立高雄科技大學,南區,1,機電工程系精密機械組,3,60,800,,1.00,1.00,,,,學習歷程備審資料審查,,學科能力測驗加權平均成績,50,學習歷程備審資料審查,50,英文學科能力測驗成績,,數學A學科能力測驗成績,,自然學科能力測驗成績,,,,,,,,詳見「複試說明」,115.5.5,,115.5.26,115.5.27,115.5.29,https://mae.nkust.edu.tw/,"1.本系學生於＜第一＞校區上課。
2.如有未盡事宜，依照招生簡章及本校相關規定事項辦理。"
105013,105,國立高雄科技大學,南區,1,機電工程系智慧自動化組,3,60,800,,1.00,1.00,,,,學習歷程備審資料審查,,學科能力測驗加權平均成績,50,學習歷程備審資料審查,50,英文學科能力測驗成績,,數學A學科能力測驗成績,,自然學科能力測驗成績,,,,,,,,詳見「複試說明」,115.5.5,,115.5.26,115.5.27,115.5.29,https://mae.nkust.edu.tw/,"1.本系學生於＜第一＞校區上課。
2.如有未盡事宜，依照招生簡章及本校相關規定事項辦理。"
105014,105,國立高雄科技大學,南區,1,能源與冷凍空調工程系,6,60,800,,,1.50,,,1.00,學習歷程備審資料審查,,學習歷程備審資料審查,50,學科能力測驗加權平均成績,50,數學A學科能力測驗成績,,自然學科能力測驗成績,,英文學科能力測驗成績,,,,,,,,詳見「複試說明」,115.5.5,,115.5.26,115.5.27,115.5.29,https://derae.nkust.edu.tw/,"1.本系學生於〈燕巢〉或〈其他〉校區上課。
2.如有未盡事宜，依照招生簡章及本校相關規定事項辦理。"
105015,105,國立高雄科技大學,南區,1,車輛工程系,5,60,800,,,1.00,,,1.50,學習歷程備審資料審查,,學科能力測驗加權平均成績,30,學習歷程備審資料審查,70,數學A學科能力測驗成績,,自然學科能力測驗成績,,,,,,,,,,詳見「複試說明」,115.5.5,,115.5.26,115.5.27,115.5.29,https://ve.nkust.edu.tw/,"1.本系學生於＜燕巢或東方＞校區上課。
2.如有未盡事宜，依照招生簡章及本校相關規定事項辦理。"
105016,105,國立高雄科技大學,南區,1,電機工程系,4,60,800,,,,,,3.00,學習歷程備審資料審查,,學科能力測驗加權平均成績,20,學習歷程備審資料審查,80,數學A學科能力測驗成績,,英文學科能力測驗成績,,,,,,,,6,,詳見「複試說明」,115.5.5,,115.5.26,115.5.27,115.5.29,https://ee.nkust.edu.tw/,"1.本系由原高雄工專改制而成。本系之課程規劃適合高中生修讀，課程資料請參考電機系網頁。
2.本系學生於＜建工＞校區上課。
3.如有未盡事宜，依照招生簡章及本校相關規定事項辦理。"
105017,105,國立高雄科技大學,南區,1,電子工程系電子組（建工校區）,5,60,800,1.00,,2.00,,,2.00,學習歷程備審資料審查,,學習歷程備審資料審查,70,學科能力測驗加權平均成績,30,數學A學科能力測驗成績,,自然學科能力測驗成績,,英文學科能力測驗成績,,國文學科能力測驗成績,,,,,,詳見「複試說明」,115.5.5,,115.5.26,115.5.27,115.5.29,https://www.ec.nkust.edu.tw/,"1.本系學生於＜建工＞校區上課。
2.如有未盡事宜，依照招生簡章及本校相關規定事項辦理。"
105018,105,國立高雄科技大學,南區,1,電子工程系電信與系統組（建工校區）,13,78,800,1.00,1.00,2.00,,,2.00,學習歷程備審資料審查,,學習歷程備審資料審查,70,學科能力測驗加權平均成績,30,數學A學科能力測驗成績,,自然學科能力測驗成績,,英文學科能力測驗成績,,國文學科能力測驗成績,,,,,,詳見「複試說明」,115.5.5,,115.5.26,115.5.27,115.5.29,https://www.ec.nkust.edu.tw/,"1.本系學生於＜建工＞校區上課。
2.如有未盡事宜，依照招生簡章及本校相關規定事項辦理。"
105019,105,國立高雄科技大學,南區,1,電子工程系資訊與數位IC設計組（建工校區）,9,60,800,1.00,1.00,2.00,,,2.00,學習歷程備審資料審查,,學習歷程備審資料審查,70,學科能力測驗加權平均成績,30,數學A學科能力測驗成績,,自然學科能力測驗成績,,英文學科能力測驗成績,,國文學科能力測驗成績,,,,,,詳見「複試說明」,115.5.5,,115.5.26,115.5.27,115.5.29,https://www.ec.nkust.edu.tw/,"1.本組原為資訊組，學生於＜建工＞校區上課。
2.如有未盡事宜，依照招生簡章及本校相關規定事項辦理。"
105020,105,國立高雄科技大學,南區,1,資訊工程系,6,60,800,,,1.00,,,,學習歷程備審資料審查,,學科能力測驗加權平均成績,50,學習歷程備審資料審查,50,英文學科能力測驗成績,,國文學科能力測驗成績,,,,,,,,6,,詳見「複試說明」,115.5.5,,115.5.26,115.5.27,115.5.29,https://www.csie.nkust.edu.tw/,"1.本系學生於＜建工＞校區上課。
2.如有未盡事宜，依照招生簡章及本校相關規定事項辦理。"
105021,105,國立高雄科技大學,南區,1,電子工程系（第一校區）,7,60,800,,,1.00,,,1.00,學習歷程備審資料審查,,學習歷程備審資料審查,50,學科能力測驗加權平均成績,50,數學A學科能力測驗成績,,自然學科能力測驗成績,,,,,,,,6,,詳見「複試說明」,115.5.5,,115.5.26,115.5.27,115.5.29,https://eecs.nkust.edu.tw/,"1.本系於＜第一＞校區上課。
2.如有未盡事宜，依照招生簡章及本校相關規定事項辦理。"
105022,105,國立高雄科技大學,南區,1,電腦與通訊工程系,8,60,800,,,0.50,,,3.00,學習歷程備審資料審查,,學科能力測驗加權平均成績,20,學習歷程備審資料審查,80,自然學科能力測驗成績,,數學A學科能力測驗成績,,,,,,,,6,,詳見「複試說明」,115.5.5,,115.5.26,115.5.27,115.5.29,https://ccee.nkust.edu.tw/,"1.本系學生於＜第一＞校區上課。
2.如有未盡事宜，依照招生簡章及本校相關規定事項辦理。"
105023,105,國立高雄科技大學,南區,1,半導體工程系,2,60,800,,1.00,2.00,,,1.50,學習歷程備審資料審查,,學科能力測驗加權平均成績,30,學習歷程備審資料審查,70,自然學科能力測驗成績,,數學A學科能力測驗成績,,英文學科能力測驗成績,,國文學科能力測驗成績,,,,6,,詳見「複試說明」,115.5.5,,115.5.26,115.5.27,115.5.29,https://mee.nkust.edu.tw/,"1.本系於＜楠梓＞校區上課。
2.如有未盡事宜，依照招生簡章及本校相關規定事項辦理。"
105024,105,國立高雄科技大學,南區,1,國際企業系,1,60,800,2.00,1.00,,,,,學習歷程備審資料審查,,學科能力測驗加權平均成績,20,學習歷程備審資料審查,80,英文學科能力測驗成績,,數學B學科能力測驗成績,,,,,,,,,,詳見「複試說明」,115.5.5,,115.5.26,115.5.27,115.5.29,https://itrade.nkust.edu.tw/,"1.本系學生於＜燕巢＞校區上課。
2.如有未盡事宜，依照招生簡章及本校相關規定事項辦理。"
105025,105,國立高雄科技大學,南區,1,企業管理系,1,60,800,3.00,1.00,,,3.00,,學習歷程備審資料審查,,學科能力測驗加權平均成績,30,學習歷程備審資料審查,70,國文學科能力測驗成績,,社會學科能力測驗成績,,,,,,,,,,詳見「複試說明」,115.5.5,,115.5.26,115.5.27,115.5.29,https://dba.nkust.edu.tw/,"1.本系學生於＜燕巢＞校區上課。
2.如有未盡事宜，依照招生簡章及本校相關規定事項辦理。"
105026,105,國立高雄科技大學,南區,1,資訊管理系,2,50,800,,1.00,,,,,學習歷程備審資料審查,,學科能力測驗加權平均成績,40,學習歷程備審資料審查,60,數學B學科能力測驗成績,,國文學科能力測驗成績,,社會學科能力測驗成績,,,,,,,,詳見「複試說明」,115.5.5,,115.5.26,115.5.27,115.5.29,https://mis.nkust.edu.tw/,"1.本系學生於＜第一＞校區上課。
2.如有未盡事宜，依照招生簡章及本校相關規定事項辦理。"
105027,105,國立高雄科技大學,南區,1,運籌管理系,2,50,800,1.00,1.00,,,,,學習歷程備審資料審查,,學科能力測驗加權平均成績,80,學習歷程備審資料審查,20,英文學科能力測驗成績,,數學B學科能力測驗成績,,,,,,,,,,詳見「複試說明」,115.5.5,,115.5.26,115.5.27,115.5.29,https://logistics.nkust.edu.tw/,"1.本系學生於＜第一＞校區上課。
2.如有未盡事宜，依照招生簡章及本校相關規定事項辦理。"
105028,105,國立高雄科技大學,南區,1,風險管理與保險系,2,60,800,1.00,,,,,,學習歷程備審資料審查,,學習歷程備審資料審查,80,學科能力測驗加權平均成績,20,數學B學科能力測驗成績,,英文學科能力測驗成績,,,,,,,,,,詳見「複試說明」,115.5.5,,115.5.26,115.5.27,115.5.29,https://rmi.nkust.edu.tw/,"1.本系學生於＜第一＞校區上課。
2.如有未盡事宜，依照招生簡章及本校相關規定事項辦理。"
105029,105,國立高雄科技大學,南區,1,金融系,2,60,800,1.00,,,,,,學習歷程備審資料審查,,學習歷程備審資料審查,90,學科能力測驗加權平均成績,10,英文學科能力測驗成績,,數學B學科能力測驗成績,,,,,,,,,,詳見「複試說明」,115.5.5,,115.5.26,115.5.27,115.5.29,https://banking.nkust.edu.tw/,"1.本系學生於＜第一＞校區上課。
2.如有未盡事宜，依照招生簡章及本校相關規定事項辦理。"
105030,105,國立高雄科技大學,南區,1,財務管理系,1,30,800,,1.00,0.10,,,,學習歷程備審資料審查,,學習歷程備審資料審查,60,學科能力測驗加權平均成績,40,社會學科能力測驗成績,,數學A學科能力測驗成績,,,,,,,,,,詳見「複試說明」,115.5.5,,115.5.26,115.5.27,115.5.29,https://finance.nkust.edu.tw/,"1.本系學生於＜第一＞校區上課。
2.如有未盡事宜，依照招生簡章及本校相關規定事項辦理。"
105031,105,國立高雄科技大學,南區,1,人力資源發展系,1,60,800,1.00,1.00,,,1.00,,學習歷程備審資料審查,,學科能力測驗加權平均成績,20,學習歷程備審資料審查,80,英文學科能力測驗成績,,國文學科能力測驗成績,,數學B學科能力測驗成績,,社會學科能力測驗成績,,,,,,詳見「複試說明」,115.5.5,,115.5.26,115.5.27,115.5.29,https://hrd.nkust.edu.tw/,"1.本系學生於＜燕巢＞校區上課。
2.如有未盡事宜，依照招生簡章及本校相關規定事項辦理。"
105032,105,國立高雄科技大學,南區,1,會計資訊系,2,60,800,1.00,,,1.00,1.00,,學習歷程備審資料審查,,學科能力測驗加權平均成績,20,學習歷程備審資料審查,80,社會學科能力測驗成績,,國文學科能力測驗成績,,,,,,,,,,詳見「複試說明」,115.5.5,,115.5.26,115.5.27,115.5.29,https://acc.nkust.edu.tw/,"1.本系於＜燕巢＞校區上課。
2.如有未盡事宜，依照招生簡章及本校相關規定事項辦理。"
105033,105,國立高雄科技大學,南區,1,金融資訊系,1,60,800,1.00,,,1.00,,,學習歷程備審資料審查,,學科能力測驗加權平均成績,20,學習歷程備審資料審查,80,社會學科能力測驗成績,,國文學科能力測驗成績,,,,,,,,6,,詳見「複試說明」,115.5.5,,115.5.26,115.5.27,115.5.29,https://fin.nkust.edu.tw/,"1.本系學生於＜燕巢＞校區上課。
2.如有未盡事宜，依照招生簡章及本校相關規定事項辦理。"
105034,105,國立高雄科技大學,南區,1,財政稅務系,1,60,800,,1.00,,1.00,1.00,,學習歷程備審資料審查,,學科能力測驗加權平均成績,40,學習歷程備審資料審查,60,英文學科能力測驗成績,,數學B學科能力測驗成績,,社會學科能力測驗成績,,,,,,,,詳見「複試說明」,115.5.5,,115.5.26,115.5.27,115.5.29,https://pft.nkust.edu.tw/,"1.本系生於＜燕巢＞校區上課。
2.如有未盡事宜，依照招生簡章及本校相關規定事項辦理。"
105035,105,國立高雄科技大學,南區,1,觀光管理系,2,60,800,2.00,1.00,,,,,學習歷程備審資料審查,,學科能力測驗加權平均成績,20,學習歷程備審資料審查,80,英文學科能力測驗成績,,國文學科能力測驗成績,,數學B學科能力測驗成績,,,,,,,,詳見「複試說明」,115.5.5,,115.5.26,115.5.27,115.5.29,https://tm.kuas.edu.tw/,"1.本系學生於＜燕巢＞校區上課。
2.如有未盡事宜，依照招生簡章及本校相關規定事項辦理。"
105036,105,國立高雄科技大學,南區,1,智慧商務系,2,60,800,1.50,1.00,,,,,學習歷程備審資料審查,,學科能力測驗加權平均成績,30,學習歷程備審資料審查,70,英文學科能力測驗成績,,國文學科能力測驗成績,,,,,,,,6,,詳見「複試說明」,115.5.5,,115.5.26,115.5.27,115.5.29,https://ic.nkust.edu.tw/,"1.本系學生於＜燕巢＞校區上課，。
2.如有未盡事宜，依照招生簡章及本校相關規定事項辦理。"
105037,105,國立高雄科技大學,南區,1,航運管理系,2,60,800,1.00,2.00,,,,,學習歷程備審資料審查,,學習歷程備審資料審查,60,學科能力測驗加權平均成績,40,英文學科能力測驗成績,,國文學科能力測驗成績,,數學B學科能力測驗成績,,,,,,,,詳見「複試說明」,115.5.5,,115.5.26,115.5.27,115.5.29,https://www.stm.nkust.edu.tw/,"1.本系學生於＜楠梓＞校區上課。
2.如有未盡事宜，依照招生簡章及本校相關規定事項辦理。"
105038,105,國立高雄科技大學,南區,1,商務資訊應用系,1,60,800,1.00,1.50,2.00,,,,學習歷程備審資料審查,,學科能力測驗加權平均成績,40,學習歷程備審資料審查,60,英文學科能力測驗成績,,數學A學科能力測驗成績,,國文學科能力測驗成績,,,,,,,,詳見「複試說明」,115.5.5,,115.5.26,115.5.27,115.5.29,https://bc.nkust.edu.tw/,"1.本系學生於＜楠梓＞校區上課。
2.如有未盡事宜，依照招生簡章及本校相關規定事項辦理。"
105039,105,國立高雄科技大學,南區,1,供應鏈管理系,1,60,800,1.00,2.00,,,,,學習歷程備審資料審查,,學科能力測驗加權平均成績,50,學習歷程備審資料審查,50,英文學科能力測驗成績,,國文學科能力測驗成績,,數學B學科能力測驗成績,,,,,,,,詳見「複試說明」,115.5.5,,115.5.26,115.5.27,115.5.29,https://scm.nkust.edu.tw/,"1.本系學生於＜楠梓＞校區上課。
2.如有未盡事宜，依照招生簡章及本校相關規定事項辦理。"
105040,105,國立高雄科技大學,南區,1,海洋休閒管理系,4,50,800,,2.00,,,,,學習歷程備審資料審查,,學習歷程備審資料審查,70,學科能力測驗加權平均成績,30,國文學科能力測驗成績,,社會學科能力測驗成績,,,,,,,,,,詳見「複試說明」,115.5.5,,115.5.26,115.5.27,115.5.29,https://dmlm.nkust.edu.tw/,"1.本系學生於＜楠梓＞校區上課。
2.大學部學生實施英語畢業門檻、外語學分數及本系另訂畢業門檻之規定。
3.本系實務課程因課程屬性，有校外教學之需求，相關費用請依各課程規定辦理。
4.本系經由各多元入學管道（如申請入學、甄選入學、技優甄審、繁星計畫、運動績優等）入學之學生大一及大二不得轉系，惟情況特殊經系務會議通過者不在此限。
5.如有未盡事宜，依照招生簡章及本校相關規定事項辦理。"
105041,105,國立高雄科技大學,南區,1,應用德語系,16,96,800,2.00,2.00,,,,,學習歷程備審資料審查,,學科能力測驗加權平均成績,50,學習歷程備審資料審查,50,英文學科能力測驗成績,,國文學科能力測驗成績,,,,,,,,,,詳見「複試說明」,115.5.5,,115.5.26,115.5.27,115.5.29,https://ifad.nkust.edu.tw/,"1.本系學生於＜第一＞校區上課。
2.本系申請入學生不列入不得轉系之規定。
3.如有未盡事宜，依照招生簡章及本校相關規定事項辦理。"
105042,105,國立高雄科技大學,南區,1,文化創意產業系,1,30,800,2.00,1.00,,,2.00,,學習歷程備審資料審查,,學科能力測驗加權平均成績,40,學習歷程備審資料審查,60,英文學科能力測驗成績,,國文學科能力測驗成績,,社會學科能力測驗成績,,,,,,,,詳見「複試說明」,115.5.5,,115.5.26,115.5.27,115.5.29,https://cci.nkust.edu.tw/,"1.本系學生於＜燕巢＞校區上課。
2.如有未盡事宜，依照招生簡章及本校相關規定事項辦理。"
105043,105,國立高雄科技大學,南區,1,工業設計系,2,60,800,1.00,1.00,,,,,學習歷程備審資料審查,,學科能力測驗加權平均成績,40,學習歷程備審資料審查,60,英文學科能力測驗成績,,國文學科能力測驗成績,,,,,,,,,,詳見「複試說明」,115.5.5,,115.5.26,115.5.27,115.5.29,https://id.nkust.edu.tw/,"1.本系學生於＜第一＞校區上課。
2.本系學生申請轉系依本校及本系學生轉系相關規定辦理。
3.如有未盡事宜，依照招生簡章及本校相關規定事項辦理。"
105044,105,國立高雄科技大學,南區,1,漁業科技與管理系,14,84,800,1.00,,,,,,學習歷程備審資料審查,,學習歷程備審資料審查,70,學科能力測驗加權平均成績,30,自然學科能力測驗成績,,英文學科能力測驗成績,,數學B學科能力測驗成績,,,,,,,,詳見「複試說明」,115.5.5,,115.5.26,115.5.27,115.5.29,https://dftm.nkust.edu.tw/,"1.本系學生於＜楠梓＞校區上課。
2.如有未盡事宜，依照招生簡章及本校相關規定事項辦理。
3.經申請入學管道入學者，不得申請轉系，惟情況特殊經系務會議通過者不在此限。"
105045,105,國立高雄科技大學,南區,1,水產食品科學系,10,60,1000,1.00,1.00,,,,1.00,學習歷程備審資料審查,面試,面試,40,學習歷程備審資料審查,40,學科能力測驗加權平均成績,20,自然學科能力測驗成績,,英文學科能力測驗成績,,國文學科能力測驗成績,,,,,,詳見「複試說明」,115.5.5,115.5.18,115.5.26,115.5.27,115.5.29,https://dsfs.nkust.edu.tw/,"1.本系學生於＜楠梓＞校區上課。
2.如有未盡事宜，依照招生簡章及本校相關規定事項辦理。"
105046,105,國立高雄科技大學,南區,1,水產養殖系,17,102,800,1.00,,,,,1.50,學習歷程備審資料審查,,學習歷程備審資料審查,80,學科能力測驗加權平均成績,20,自然學科能力測驗成績,,國文學科能力測驗成績,,英文學科能力測驗成績,,,,,,,,詳見「複試說明」,115.5.5,,115.5.26,115.5.27,115.5.29,https://aqua.nkust.edu.tw/,"1.本系學生於＜楠梓＞校區上課。
2.如有未盡事宜，依照招生簡章及本校相關規定事項辦理。"
105047,105,國立高雄科技大學,南區,1,海洋生物技術系,4,60,800,1.00,,,,,1.50,學習歷程備審資料審查,,學科能力測驗加權平均成績,50,學習歷程備審資料審查,50,英文學科能力測驗成績,,自然學科能力測驗成績,,國文學科能力測驗成績,,,,,,,,詳見「複試說明」,115.5.5,,115.5.26,115.5.27,115.5.29,https://dmb.nkust.edu.tw/,"1.本系學生於＜楠梓＞校區上課。
2.如有未盡事宜，依照招生簡章及本校相關規定事項辦理。"
105048,105,國立高雄科技大學,南區,1,海洋環境工程系,11,66,800,,,,,,1.00,學習歷程備審資料審查,,學科能力測驗加權平均成績,40,學習歷程備審資料審查,60,英文學科能力測驗成績,,數學A學科能力測驗成績,,,,,,,,,,詳見「複試說明」,115.5.5,,115.5.26,115.5.27,115.5.29,https://nkustmee.nkust.edu.tw/,"1.本系學生於＜楠梓＞校區上課。
2.如有未盡事宜，依照招生簡章及本校相關規定事項辦理。"
105049,105,國立高雄科技大學,南區,1,電訊工程系,3,60,800,,1.00,1.00,,,1.50,學習歷程備審資料審查,,學習歷程備審資料審查,60,學科能力測驗加權平均成績,40,數學A學科能力測驗成績,,英文學科能力測驗成績,,,,,,,,,,詳見「複試說明」,115.5.5,,115.5.26,115.5.27,115.5.29,https://te.nkust.edu.tw/,"1.本系學生於＜楠梓＞校區上課。
2.不得申請轉相關科系（入學管道為電機類、資電類）。
3.如有未盡事宜，依照招生簡章及本校相關規定事項辦理。"
105050,105,國立高雄科技大學,南區,1,造船及海洋工程系,7,60,800,1.00,1.50,1.50,,,1.00,學習歷程備審資料審查,,學習歷程備審資料審查,60,學科能力測驗加權平均成績,40,數學A學科能力測驗成績,,英文學科能力測驗成績,,國文學科能力測驗成績,,自然學科能力測驗成績,,,,,,詳見「複試說明」,115.5.5,,115.5.26,115.5.27,115.5.29,https://dnaoe.nkust.edu.tw/,"1.本系學生於＜楠梓＞校區上課。
2.如有未盡事宜，依照招生簡章及本校相關規定事項辦理。"
105051,105,國立高雄科技大學,南區,1,航運技術系,19,114,800,,1.00,0.50,,,,學習歷程備審資料審查,,學科能力測驗加權平均成績,40,學習歷程備審資料審查,60,英文學科能力測驗成績,,數學A學科能力測驗成績,,國文學科能力測驗成績,,自然學科能力測驗成績,,,,,,詳見「複試說明」,115.5.5,,115.5.26,115.5.27,115.5.29,https://st.nkust.edu.tw/,"1.本系學生於＜旗津＞校區上課，本系學生畢業後如欲上船服務，須符合航海人員體檢標準，建議航海人員視力經矯正後須達0.5。
2.在學期間須修畢「航海人員國際公約核發課程」學分證明表所列課程，方能取得交通部航港局辦理之一等船副航海人員考試資格。
3.如有未盡事宜，依照招生簡章及本校相關規定事項辦理。
4.入學後學生須參與及修習本系安排之船上實習/體驗學習活動。"
105052,105,國立高雄科技大學,南區,1,輪機工程系,22,132,1000,1.00,2.00,,,,1.50,學習歷程備審資料審查,面試,學科能力測驗加權平均成績,40,面試,10,學習歷程備審資料審查,50,數學A學科能力測驗成績,,英文學科能力測驗成績,,自然學科能力測驗成績,,國文學科能力測驗成績,,,,詳見「複試說明」,115.5.5,115.5.15,115.5.26,115.5.27,115.5.29,https://dme.nkust.edu.tw/,"1.其他有利審查資料（三等親（含）以內親屬任職於航輪海勤工作者）
2.本系學生於＜旗津＞校區上課，畢業後如欲從事海勤工作，須符合航海人員體檢標準，建議輪機人員視力經矯正後須達0.4。
3.經由各多元入學管道（如申請入學、甄選入學、技優甄審、繁星計畫及特殊選才等）入學之學生不得轉系，惟情況特殊授權系主任通過者不在此限。
4.入學後學生須參與及修習本系安排之船上實習/體驗學習活動。
5.如有未盡事宜，依照招生簡章及本校相關規定事項辦理。"
105053,105,國立高雄科技大學,南區,1,海事資訊科技系,4,60,800,,,1.00,,,1.00,學習歷程備審資料審查,,學科能力測驗加權平均成績,40,學習歷程備審資料審查,60,英文學科能力測驗成績,,數學A學科能力測驗成績,,自然學科能力測驗成績,,,,,,6,,詳見「複試說明」,115.5.5,,115.5.26,115.5.27,115.5.29,https://mit.nkust.edu.tw/,"1.本系學生於＜旗津＞校區上課。
2.經由各多元入學管道（如申請入學、甄選入學、技優甄審、繁星計畫、特殊選才、運動績優等），包含轉學考入學之學生不得轉系，但情況特殊經系務會議通過者不在此限。
3.如有未盡事宜，依照招生簡章及本校相關規定事項辦理。"
105054,105,國立高雄科技大學,南區,1,高瞻科技不分系學士學位學程,20,120,1000,,1.50,,,,,學習歷程備審資料審查,面試,面試,40,學科能力測驗加權平均成績,30,學習歷程備審資料審查,30,數學A學科能力測驗成績,,,,,,,,,,詳見「複試說明」,115.5.5,115.5.16,115.5.26,115.5.27,115.5.29,https://ccet.nkust.edu.tw/,"1.本系學生於＜楠梓＞校區上課。
2.如有未盡事宜，依照招生簡章及本校相關規定事項辦理。
3.本學程未來將選送優秀學生出國進修。"
107001,107,國立虎尾科技大學,中區,1,機械與電腦輔助工程系,3,60,800,2.00,,1.00,,,2.00,學習歷程備審資料審查,,學科能力測驗加權平均成績,50,學習歷程備審資料審查,50,數學A學科能力測驗成績,,自然學科能力測驗成績,,,,,,,,,,詳見「複試說明」,115.5.4,,115.5.19,115.5.21,115.5.27,https://mcae.nfu.edu.tw,"1.複試報名費請由網路報名系統直接列印繳費單，再至臺灣銀行各地分行臨櫃繳費或自動櫃員機（ATM）轉帳或行動支付（台灣Pay）（請選擇任一種方式繳費，繳費收據請自存備查）。
2.應屆畢業生學歷證件請繳交學生證並必須蓋有「114學年度第2學期」註冊章戳，若無法蓋註冊章戳者，需開立「在學證明」或於學生證影本空白處加蓋註冊單位章戳。
3.本系第二階段複試僅採學習歷程備審資料審查，不另舉行面試，申請生不用到校。
4.申請成績複查者請先行傳真，並以電話確認傳真結果，再將複查申請表與成績單及複查費於規定期限內寄達本校，逾期或未依上述規定辦理者，概不受理。
5.如有未盡事宜依照招生簡章及本校相關規定事項辦理。"
107002,107,國立虎尾科技大學,中區,1,材料科學與工程系,3,60,800,1.00,,1.00,,,,學習歷程備審資料審查,,學習歷程備審資料審查,80,學科能力測驗加權平均成績,20,自然學科能力測驗成績,,英文學科能力測驗成績,,數學A學科能力測驗成績,,,,,,,,詳見「複試說明」,115.5.4,,115.5.19,115.5.21,115.5.27,https://mse.nfu.edu.tw/,"1.複試報名費請由網路報名系統直接列印繳費單，再至臺灣銀行各地分行臨櫃繳費或自動櫃員機（ATM）轉帳或行動支付（台灣Pay）（請選擇任一種方式繳費，繳費收據請自存備查）。
2.應屆畢業生學歷證件請繳交學生證並必須蓋有「114學年度第2學期」註冊章戳，若無法蓋註冊章戳者，需開立「在學證明」或於學生證影本空白處加蓋註冊單位章戳。
3.本系第二階段複試僅採學習歷程備審資料審查，不另舉行面試，申請生不用到校。
4.申請成績複查者請先行傳真，並以電話確認傳真結果，再將複查申請表與成績單及複查費於規定期限內寄達本校，逾期或未依上述規定辦理者，概不受理。
5.如有未盡事宜依照招生簡章及本校相關規定事項辦理。"
107003,107,國立虎尾科技大學,中區,1,機械設計工程系,3,60,800,,,1.00,,,2.00,學習歷程備審資料審查,,學科能力測驗加權平均成績,30,自然學科能力測驗成績,,數學A學科能力測驗成績,,學習歷程備審資料審查,70,,,,,,,,,詳見「複試說明」,115.5.4,,115.5.19,115.5.21,115.5.27,https://nfumde.nfu.edu.tw,"1.複試報名費請由網路報名系統直接列印繳費單，再至臺灣銀行各地分行臨櫃繳費或自動櫃員機（ATM）轉帳或行動支付（台灣Pay）（請選擇任一種方式繳費，繳費收據請自存備查）。
2.應屆畢業生學歷證件請繳交學生證並必須蓋有「114學年度第2學期」註冊章戳，若無法蓋註冊章戳者，需開立「在學證明」或於學生證影本空白處加蓋註冊單位章戳。
3.本系第二階段複試僅採學習歷程備審資料審查，不另舉行面試，申請生不用到校。
4.申請成績複查者請先行傳真，並以電話確認傳真結果，再將複查申請表與成績單及複查費於規定期限內寄達本校，逾期或未依上述規定辦理者，概不受理。
5.如有未盡事宜依照招生簡章及本校相關規定事項辦理。"
107004,107,國立虎尾科技大學,中區,1,動力機械工程系,3,60,800,1.00,,1.00,,,,學習歷程備審資料審查,,學科能力測驗加權平均成績,40,學習歷程備審資料審查,60,數學A學科能力測驗成績,,國文學科能力測驗成績,,,,,,,,,,詳見「複試說明」,115.5.4,,115.5.19,115.5.21,115.5.27,https://nfupme.nfu.edu.tw/,"1.複試報名費請由網路報名系統直接列印繳費單，再至臺灣銀行各地分行臨櫃繳費或自動櫃員機（ATM）轉帳或行動支付（台灣Pay）（請選擇任一種方式繳費，繳費收據請自存備查）。
2.應屆畢業生學歷證件請繳交學生證並必須蓋有「114學年度第2學期」註冊章戳，若無法蓋註冊章戳者，需開立「在學證明」或於學生證影本空白處加蓋註冊單位章戳。
3.本系第二階段複試僅採學習歷程備審資料審查，不另舉行面試，申請生不用到校。
4.申請成績複查者請先行傳真，並以電話確認傳真結果，再將複查申請表與成績單及複查費於規定期限內寄達本校，逾期或未依上述規定辦理者，概不受理。
5.如有未盡事宜依照招生簡章及本校相關規定事項辦理。"
107005,107,國立虎尾科技大學,中區,1,自動化工程系,50,300,1000,,,2.00,,,,學習歷程備審資料審查,面試,面試,45,學習歷程備審資料審查,45,學科能力測驗加權平均成績,10,自然學科能力測驗成績,,,,,,,,,,詳見「複試說明」,115.5.4,115.5.16,115.5.19,115.5.21,115.5.27,https://autoweb.nfu.edu.tw/,"1.複試報名費請由網路報名系統直接列印繳費單，再至臺灣銀行各地分行臨櫃繳費或自動櫃員機（ATM）轉帳或行動支付（台灣Pay）（請選擇任一種方式繳費，繳費收據請自存備查）。
2.應屆畢業生學歷證件請繳交學生證並必須蓋有「114學年度第2學期」註冊章戳，若無法蓋註冊章戳者，需開立「在學證明」或於學生證影本空白處加蓋註冊單位章戳。
3.本系第二階段面試報到時間、地點及注意事項等資訊請至本校（系）網站查詢之。
4.申請成績複查者請先行傳真，並以電話確認傳真結果，再將複查申請表與成績單及複查費於規定期限內寄達本校，逾期或未依上述規定辦理者，概不受理。
5.如有未盡事宜依照招生簡章及本校相關規定事項辦理。"
107006,107,國立虎尾科技大學,中區,1,車輛工程系,3,60,800,,,1.00,,,,學習歷程備審資料審查,,學科能力測驗加權平均成績,40,學習歷程備審資料審查,60,英文學科能力測驗成績,,自然學科能力測驗成績,,,,,,,,,,詳見「複試說明」,115.5.4,,115.5.19,115.5.21,115.5.27,https://dve.nfu.edu.tw/bin/home.php,"1.複試報名費請由網路報名系統直接列印繳費單，再至臺灣銀行各地分行臨櫃繳費或自動櫃員機（ATM）轉帳或行動支付（台灣Pay）（請選擇任一種方式繳費，繳費收據請自存備查）。
2.應屆畢業生學歷證件請繳交學生證並必須蓋有「114學年度第2學期」註冊章戳，若無法蓋註冊章戳者，需開立「在學證明」或於學生證影本空白處加蓋註冊單位章戳。
3.本系第二階段複試僅採學習歷程備審資料審查，不另舉行面試，申請生不用到校。
4.申請成績複查者請先行傳真，並以電話確認傳真結果，再將複查申請表與成績單及複查費於規定期限內寄達本校，逾期或未依上述規定辦理者，概不受理。
5.如有未盡事宜依照招生簡章及本校相關規定事項辦理。"
107007,107,國立虎尾科技大學,中區,1,飛機工程系機械組,5,60,800,,1.00,1.00,,,2.00,學習歷程備審資料審查,,學習歷程備審資料審查,60,學科能力測驗加權平均成績,40,英文學科能力測驗成績,,自然學科能力測驗成績,,,,,,,,,,詳見「複試說明」,115.5.4,,115.5.19,115.5.21,115.5.27,https://nfuae.nfu.edu.tw,"1.複試報名費請由網路報名系統直接列印繳費單，再至臺灣銀行各地分行臨櫃繳費或自動櫃員機（ATM）轉帳或行動支付（台灣Pay）（請選擇任一種方式繳費，繳費收據請自存備查）。
2.應屆畢業生學歷證件請繳交學生證並必須蓋有「114學年度第2學期」註冊章戳，若無法蓋註冊章戳者，需開立「在學證明」或於學生證影本空白處加蓋註冊單位章戳。
3.本系第二階段複試僅採學習歷程備審資料審查，不另舉行面試，申請生不用到校。
4.申請成績複查者請先行傳真，並以電話確認傳真結果，再將複查申請表與成績單及複查費於規定期限內寄達本校，逾期或未依上述規定辦理者，概不受理。
5.如有未盡事宜依照招生簡章及本校相關規定事項辦理。"
107008,107,國立虎尾科技大學,中區,1,飛機工程系航空電子組,6,60,800,,1.00,1.00,,,2.00,學習歷程備審資料審查,,學習歷程備審資料審查,60,學科能力測驗加權平均成績,40,英文學科能力測驗成績,,自然學科能力測驗成績,,,,,,,,,,詳見「複試說明」,115.5.4,,115.5.19,115.5.21,115.5.27,https://nfuae.nfu.edu.tw,"1.複試報名費請由網路報名系統直接列印繳費單，再至臺灣銀行各地分行臨櫃繳費或自動櫃員機（ATM）轉帳或行動支付（台灣Pay）（請選擇任一種方式繳費，繳費收據請自存備查）。
2.應屆畢業生學歷證件請繳交學生證並必須蓋有「114學年度第2學期」註冊章戳，若無法蓋註冊章戳者，需開立「在學證明」或於學生證影本空白處加蓋註冊單位章戳。
3.本系第二階段複試僅採學習歷程備審資料審查，不另舉行面試，申請生不用到校。
4.申請成績複查者請先行傳真，並以電話確認傳真結果，再將複查申請表與成績單及複查費於規定期限內寄達本校，逾期或未依上述規定辦理者，概不受理。
5.如有未盡事宜依照招生簡章及本校相關規定事項辦理。"
107009,107,國立虎尾科技大學,中區,1,資訊工程系,1,60,800,1.00,1.00,1.00,,,,學習歷程備審資料審查,,數學A學科能力測驗成績,,學科能力測驗加權平均成績,50,學習歷程備審資料審查,50,英文學科能力測驗成績,,自然學科能力測驗成績,,,,,,6,,詳見「複試說明」,115.5.4,,115.5.19,115.5.21,115.5.27,https://csie.nfu.edu.tw/,"1.複試報名費請由網路報名系統直接列印繳費單，再至臺灣銀行各地分行臨櫃繳費或自動櫃員機（ATM）轉帳或行動支付（台灣Pay）（請選擇任一種方式繳費，繳費收據請自存備查）。
2.應屆畢業生學歷證件請繳交學生證並必須蓋有「114學年度第2學期」註冊章戳，若無法蓋註冊章戳者，需開立「在學證明」或於學生證影本空白處加蓋註冊單位章戳。
3.本系第二階段複試僅採學習歷程備審資料審查，不另舉行面試，申請生不用到校。
4.申請成績複查者請先行傳真，並以電話確認傳真結果，再將複查申請表與成績單及複查費於規定期限內寄達本校，逾期或未依上述規定辦理者，概不受理。
5.如有未盡事宜依照招生簡章及本校相關規定事項辦理。"
107010,107,國立虎尾科技大學,中區,1,光電工程系,1,60,800,,,1.00,,,1.00,學習歷程備審資料審查,,學習歷程備審資料審查,50,數學A學科能力測驗成績,,自然學科能力測驗成績,,學科能力測驗加權平均成績,50,,,,,,,,,詳見「複試說明」,115.5.4,,115.5.19,115.5.21,115.5.27,https://nfueo.nfu.edu.tw/bin/home.php,"1.複試報名費請由網路報名系統直接列印繳費單，再至臺灣銀行各地分行臨櫃繳費或自動櫃員機（ATM）轉帳或行動支付（台灣Pay）（請選擇任一種方式繳費，繳費收據請自存備查）。
2.應屆畢業生學歷證件請繳交學生證並必須蓋有「114學年度第2學期」註冊章戳，若無法蓋註冊章戳者，需開立「在學證明」或於學生證影本空白處加蓋註冊單位章戳。
3.本系第二階段複試僅採學習歷程備審資料審查，不另舉行面試，申請生不用到校。
4.申請成績複查者請先行傳真，並以電話確認傳真結果，再將複查申請表與成績單及複查費於規定期限內寄達本校，逾期或未依上述規定辦理者，概不受理。
5.如有未盡事宜依照招生簡章及本校相關規定事項辦理。"
107011,107,國立虎尾科技大學,中區,1,電子工程系,1,60,800,,,2.00,,,2.00,學習歷程備審資料審查,,學習歷程備審資料審查,60,學科能力測驗加權平均成績,40,數學A學科能力測驗成績,,自然學科能力測驗成績,,英文學科能力測驗成績,,,,,,,,詳見「複試說明」,115.5.4,,115.5.19,115.5.21,115.5.27,https://nfuee.nfu.edu.tw/,"1.複試報名費請由網路報名系統直接列印繳費單，再至臺灣銀行各地分行臨櫃繳費或自動櫃員機（ATM）轉帳或行動支付（台灣Pay）（請選擇任一種方式繳費，繳費收據請自存備查）。
2.應屆畢業生學歷證件請繳交學生證並必須蓋有「114學年度第2學期」註冊章戳，若無法蓋註冊章戳者，需開立「在學證明」或於學生證影本空白處加蓋註冊單位章戳。
3.本系第二階段複試僅採學習歷程備審資料審查，不另舉行面試，申請生不用到校。
4.申請成績複查者請先行傳真，並以電話確認傳真結果，再將複查申請表與成績單及複查費於規定期限內寄達本校，逾期或未依上述規定辦理者，概不受理。
5.如有未盡事宜依照招生簡章及本校相關規定事項辦理。"
107012,107,國立虎尾科技大學,中區,1,電機工程系,46,276,1000,,,1.00,,,,學習歷程備審資料審查,面試,面試,45,學習歷程備審資料審查,45,英文學科能力測驗成績,,自然學科能力測驗成績,,學科能力測驗加權平均成績,10,,,,,28,,詳見「複試說明」,115.5.4,115.5.16,115.5.19,115.5.21,115.5.27,https://nfuee.nfu.edu.tw/,"1.複試報名費請由網路報名系統直接列印繳費單，再至臺灣銀行各地分行臨櫃繳費或自動櫃員機（ATM）轉帳或行動支付（台灣Pay）（請選擇任一種方式繳費，繳費收據請自存備查）。
2.應屆畢業生學歷證件請繳交學生證並必須蓋有「114學年度第2學期」註冊章戳，若無法蓋註冊章戳者，需開立「在學證明」或於學生證影本空白處加蓋註冊單位章戳。
3.本系第二階段面試報到時間、地點及注意事項等資訊請至本校（系）網站查詢之。
4.申請成績複查者請先行傳真，並以電話確認傳真結果，再將複查申請表與成績單及複查費於規定期限內寄達本校，逾期或未依上述規定辦理者，概不受理。
5.如有未盡事宜依照招生簡章及本校相關規定事項辦理。"
107013,107,國立虎尾科技大學,中區,1,環境科學與生物科技系,3,60,800,,,,,,2.00,學習歷程備審資料審查,,學科能力測驗加權平均成績,20,學習歷程備審資料審查,80,英文學科能力測驗成績,,國文學科能力測驗成績,,,,,,,,,,詳見「複試說明」,115.5.4,,115.5.19,115.5.21,115.5.27,https://biotech2.nfu.edu.tw/,"1.複試報名費請由網路報名系統直接列印繳費單，再至臺灣銀行各地分行臨櫃繳費或自動櫃員機（ATM）轉帳或行動支付（台灣Pay）（請選擇任一種方式繳費，繳費收據請自存備查）。
2.應屆畢業生學歷證件請繳交學生證並必須蓋有「114學年度第2學期」註冊章戳，若無法蓋註冊章戳者，需開立「在學證明」或於學生證影本空白處加蓋註冊單位章戳。
3.本系第二階段複試僅採學習歷程備審資料審查，不另舉行面試，申請生不用到校。
4.申請成績複查者請先行傳真，並以電話確認傳真結果，再將複查申請表與成績單及複查費於規定期限內寄達本校，逾期或未依上述規定辦理者，概不受理。
5.如有未盡事宜依照招生簡章及本校相關規定事項辦理。"
107014,107,國立虎尾科技大學,中區,1,農業科技系,3,60,800,,,,,,2.00,學習歷程備審資料審查,,學習歷程備審資料審查,60,學科能力測驗加權平均成績,40,英文學科能力測驗成績,,國文學科能力測驗成績,,,,,,,,,,詳見「複試說明」,115.5.4,,115.5.19,115.5.21,115.5.27,https://agritech.nfu.edu.tw/,"1.複試報名費請由網路報名系統直接列印繳費單，再至臺灣銀行各地分行臨櫃繳費或自動櫃員機（ATM）轉帳或行動支付（台灣Pay）（請選擇任一種方式繳費，繳費收據請自存備查）。
2.應屆畢業生學歷證件請繳交學生證並必須蓋有「114學年度第2學期」註冊章戳，若無法蓋註冊章戳者，需開立「在學證明」或於學生證影本空白處加蓋註冊單位章戳。
3.本系第二階段複試僅採學習歷程備審資料審查，不另舉行面試，申請生不用到校。
4.申請成績複查者請先行傳真，並以電話確認傳真結果，再將複查申請表與成績單及複查費於規定期限內寄達本校，逾期或未依上述規定辦理者，概不受理。
5.如有未盡事宜依照招生簡章及本校相關規定事項辦理。"
109001,109,國立澎湖科技大學,離島,3,水產養殖系,5,30,800,1.00,,,,,3.00,學習歷程備審資料審查,,學習歷程備審資料審查,70,學科能力測驗加權平均成績,30,自然學科能力測驗成績,,國文學科能力測驗成績,,英文學科能力測驗成績,,數學A學科能力測驗成績,,,,,,詳見「複試說明」,115.5.6,,115.5.15,115.5.16,115.5.18,https://aqc.npu.edu.tw/home.aspx,"1.繳費方式採郵政匯票、抬頭：國立澎湖科技大學。
2.所有申請資料概不退還，請申請學生自留備份。"
109002,109,國立澎湖科技大學,離島,3,電信工程系,8,48,800,1.00,,,,,3.00,學習歷程備審資料審查,,學科能力測驗加權平均成績,50,學習歷程備審資料審查,50,數學A學科能力測驗成績,,英文學科能力測驗成績,,自然學科能力測驗成績,,國文學科能力測驗成績,,,,5,,詳見「複試說明」,115.5.6,,115.5.15,115.5.16,115.5.18,https://ce.npu.edu.tw,"1.繳費方式採郵政匯票，抬頭：國立澎湖科技大學。
2.所有申請資料概不退還，請申請學生自留備份。"
109003,109,國立澎湖科技大學,離島,3,資訊工程系,8,48,800,1.00,,2.00,,,,學習歷程備審資料審查,,學科能力測驗加權平均成績,50,學習歷程備審資料審查,50,數學A學科能力測驗成績,,自然學科能力測驗成績,,英文學科能力測驗成績,,國文學科能力測驗成績,,,,5,,詳見「複試說明」,115.5.6,,115.5.15,115.5.16,115.5.18,https://csie.npu.edu.tw,"1.繳費方式採郵政匯票，抬頭：國立澎湖科技大學。
2.所有申請資料概不退還，請申請學生自留備份。"
110001,110,國立勤益科技大學,中區,1,冷凍空調與能源系,48,288,800,,,1.00,,,,學習歷程備審資料審查,,學習歷程備審資料審查,50,學科能力測驗加權平均成績,50,自然學科能力測驗成績,,國文學科能力測驗成績,,,,,,,,,,115.4.24,115.5.6,,115.5.21,115.5.22,115.5.27,https://rac3.ncut.edu.tw/,1.申請生成績：將於115.5.21（四）於本校【招生訊息】https://apply.ncut.edu.tw/#/main 供查詢，本校不另寄通知，申請成績複查將於115.5.22（五）中午12:00止（傳真申請）。
110002,110,國立勤益科技大學,中區,1,智慧自動化工程系,57,342,1000,1.00,,,,,,學習歷程備審資料審查,面試,學習歷程備審資料審查,40,面試,40,學科能力測驗加權平均成績,20,數學A學科能力測驗成績,,,,,,,,,,115.4.24,115.5.6,115.5.16,115.5.21,115.5.22,115.5.27,https://iae.ncut.edu.tw/,1.申請生成績：將於115.5.21（四）於本校【招生訊息】https://apply.ncut.edu.tw/#/main 供查詢，本校不另寄通知，申請成績複查將於115.5.22（五）中午12:00止（傳真申請）。
110003,110,國立勤益科技大學,中區,1,工業工程與管理系,15,90,800,1.00,,,,,,學習歷程備審資料審查,,學習歷程備審資料審查,60,學科能力測驗加權平均成績,40,數學A學科能力測驗成績,,英文學科能力測驗成績,,,,,,,,,,115.4.24,115.5.6,,115.5.21,115.5.22,115.5.27,https://www.ie.ncut.edu.tw,1.申請生成績：將於115.5.21（四）於本校【招生訊息】https://apply.ncut.edu.tw/#/main 供查詢，本校不另寄通知，申請成績複查將於115.5.22（五）中午12:00止（傳真申請）。
110004,110,國立勤益科技大學,中區,1,人工智慧應用工程系,1,60,800,1.00,,,,,,學習歷程備審資料審查,,學習歷程備審資料審查,50,學科能力測驗加權平均成績,50,英文學科能力測驗成績,,數學A學科能力測驗成績,,,,,,,,,,115.4.24,115.5.6,,115.5.21,115.5.22,115.5.27,https://ai.ncut.edu.tw/index.php?Lang=zh-tw,1.申請生成績：將於115.5.21（四）於本校【招生訊息】https://apply.ncut.edu.tw/#/main 供查詢，本校不另寄通知，申請成績複查將於115.5.22（五）中午12:00止（傳真申請）。
111001,111,國立臺北護理健康大學,北區,1,護理系,132,792,1000,1.00,2.00,1.00,,,1.00,學習歷程備審資料審查,面試,學科能力測驗加權平均成績,55,面試,25,學習歷程備審資料審查,20,國文學科能力測驗成績,,英文學科能力測驗成績,,自然學科能力測驗成績,,數學A學科能力測驗成績,,,,詳見「複試說明」,115.5.4,115.5.17,115.5.22,115.5.25,115.5.27,https://nursing.ntunhs.edu.tw/,"1.面試評分標準：（1）態度與禮儀 （2）口語溝通（邏輯性、組織性、內容切題性）。
2.學習歷程備審資料：若為團體（小組）作品或學習成果，請具體明述個人於該作品或學習成果之工作項目及貢獻程度。
3.學生來自各類弱勢、偏鄉、原住民、離島等經濟或文化不利之族群，可提供相關資料或說明，本系將據以綜合評量。"
111002,111,國立臺北護理健康大學,北區,1,高齡健康照護系,2,60,1000,1.00,2.00,,,1.00,,學習歷程備審資料審查,面試,面試,50,學習歷程備審資料審查,20,學科能力測驗加權平均成績,30,英文學科能力測驗成績,,國文學科能力測驗成績,,社會學科能力測驗成績,,自然學科能力測驗成績,,,,詳見「複試說明」,115.5.4,115.5.17,115.5.22,115.5.25,115.5.27,https://dghc.ntunhs.edu.tw/,"1.面試評分標準：（1）態度與禮儀 （2）口語溝通（邏輯性、組織性、內容切題性）。
2.學習歷程備審資料：若為團體（小組）作品或學習成果，請具體明述個人於該作品或學習成果之工作項目及貢獻程度。
3.學生來自各類弱勢、偏鄉、原住民、離島等經濟或文化不利之族群，可提供相關資料或說明，本系將據以綜合評量。"
111003,111,國立臺北護理健康大學,北區,1,健康事業管理系,3,60,1000,1.00,3.00,,2.00,,,學習歷程備審資料審查,面試,學科能力測驗加權平均成績,50,面試,30,學習歷程備審資料審查,20,英文學科能力測驗成績,,數學B學科能力測驗成績,,國文學科能力測驗成績,,,,,,詳見「複試說明」,115.5.4,115.5.17,115.5.22,115.5.25,115.5.27,https://dohcm.ntunhs.edu.tw/index.aspx?id_board=1,"1.面試評分標準：（1）表達及反應能力（2）潛能及就讀動機（3）興趣與熱忱。
2.學習歷程備審資料：若為團體（小組）作品或學習成果，請具體明述個人於該作品或學習成果之工作項目及貢獻程度
3.學生來自各類弱勢、偏鄉、原住民、離島等經濟或文化不利之族群，可提供相關資料或說明，本系將據以綜合評量。"
111004,111,國立臺北護理健康大學,北區,1,資訊管理系,4,60,1000,1.00,1.00,,,,,學習歷程備審資料審查,面試,學科能力測驗加權平均成績,50,面試,30,學習歷程備審資料審查,20,英文學科能力測驗成績,,,,,,,,6,,詳見「複試說明」,115.5.4,115.5.17,115.5.22,115.5.25,115.5.27,https://im.ntunhs.edu.tw/,"1.面試評分標準：（1）表達及溝通（邏輯性、組織性、內容切題性）（2）潛能及就讀動機 （3）興趣與熱忱。
2.學習歷程備審資料：若為團體（小組）作品或學習成果，請具體明述個人於該作品或學習成果之工作項目及貢獻程度。
3.學生來自各類弱勢、偏鄉、原住民、離島等經濟或文化不利之族群，可提供相關資料或說明，本系將據以綜合評量。"
111005,111,國立臺北護理健康大學,北區,1,休閒產業與健康促進系,2,60,1000,1.00,2.00,,,2.00,,學習歷程備審資料審查,面試,面試,30,學習歷程備審資料審查,40,英文學科能力測驗成績,,國文學科能力測驗成績,,社會學科能力測驗成績,,學科能力測驗加權平均成績,30,,,,,詳見「複試說明」,115.5.4,115.5.17,115.5.22,115.5.25,115.5.27,https://leisure.ntunhs.edu.tw,"1.面試評分標準：（1）表達及反應能力（邏輯性、組織性、內容切題性）（2）潛能及就讀動機（3）服裝儀容與態度禮儀。
2.本系不含旅館管理及餐飲廚藝專業，主要培養具健康促進與危機處理能力的休閒旅遊專業人才，就業領域為觀光旅行業、綠色休閒產業與特殊休閒觀光產業。
3.學習歷程備審資料：若為團體（小組）作品或學習成果，請具體明述個人於該作品或學習成果之工作項目及貢獻程度。
4.學生來自各類弱勢、偏鄉、原住民、離島等經濟或文化不利之族群，可提供相關資料或說明，本系將據以綜合評量。"
111006,111,國立臺北護理健康大學,北區,1,語言治療與聽力學系,2,60,1000,1.00,3.00,,2.00,,1.00,學習歷程備審資料審查,面試,學科能力測驗加權平均成績,50,面試,30,學習歷程備審資料審查,20,數學B學科能力測驗成績,,,,,,,,,,詳見「複試說明」,115.5.4,115.5.17,115.5.22,115.5.25,115.5.27,https://audslp.ntunhs.edu.tw/,"1.面試評分標準：（1）表達及溝通（邏輯性、組織性、內容切題性）（2）潛能及就讀動機 （3）興趣與熱忱。
2.學習歷程備審資料：若為團體（小組）作品或學習成果，請具體明述個人於該作品或學習成果之工作項目及貢獻程度。
3.學生來自各類弱勢、偏鄉、原住民、離島等經濟或文化不利之族群，可提供相關資料或說明，本系將據以綜合評量。"
111007,111,國立臺北護理健康大學,北區,1,嬰幼兒保育系,3,60,1000,1.00,1.00,,1.00,1.00,,學習歷程備審資料審查,面試,面試,40,學習歷程備審資料審查,20,學科能力測驗加權平均成績,40,國文學科能力測驗成績,,英文學科能力測驗成績,,社會學科能力測驗成績,,數學B學科能力測驗成績,,,,詳見「複試說明」,115.5.4,115.5.17,115.5.22,115.5.25,115.5.27,https://edoca31icc.ntunhs.edu.tw/,"1.面試評分標準：（1）表達及反應能力（2）潛能及就讀動機（3）幼保興趣與熱忱。
2.本系經教育部審認通過為「培育幼兒園教保員」系科，畢業後得予報考公私立幼兒園教保員甄試。
3.學習歷程備審資料：若為團體（小組）作品或學習成果，請具體明述個人於該作品或學習成果之工作項目及貢獻程度。
4.學生來自各類弱勢、偏鄉、原住民、離島等經濟或文化不利之族群，可提供相關資料或說明，本系將據以綜合評量。"
111008,111,國立臺北護理健康大學,北區,1,運動保健系,3,60,1000,,2.00,,1.00,,2.00,學習歷程備審資料審查,面試,學科能力測驗加權平均成績,40,面試,35,學習歷程備審資料審查,25,英文學科能力測驗成績,,自然學科能力測驗成績,,,,,,,,詳見「複試說明」,115.5.4,115.5.17,115.5.22,115.5.25,115.5.27,https://dehs.ntunhs.edu.tw/,"1.面試評分標準：（1）態度與禮儀（2）語言表達能力（3）邏輯思考能力（4）機智反應能力。
2.學習歷程備審資料：若為團體（小組）作品或學習成果，請具體明述個人於該作品或學習成果之工作項目及貢獻程度。
3.學生來自各類弱勢、偏鄉、原住民、離島等經濟或文化不利之族群，可提供相關資料或說明，本系將據以綜合評量。"
111009,111,國立臺北護理健康大學,北區,1,生死與健康心理諮商系,3,60,1000,2.00,3.00,,,2.00,,學習歷程備審資料審查,面試,面試,32,學科能力測驗加權平均成績,28,學習歷程備審資料審查,40,英文學科能力測驗成績,,國文學科能力測驗成績,,社會學科能力測驗成績,,,,,,詳見「複試說明」,115.5.4,115.5.17,115.5.22,115.5.25,115.5.27,https://dthc.ntunhs.edu.tw/,"1.學習歷程備審資料D-2之學習歷程反思，須包含成長歷程反思。
2.面試評分標準：（1）溝通表達（邏輯性、組織性、內容切題性）（2）輔導實務工作（3）科系興趣之確認（4）學習動機、態度及能力（5）人格特質評估。
3.學習歷程備審資料：若為團體（小組）作品或學習成果，請具體明述個人於該作品或學習成果之工作項目及貢獻程度。
4.學生來自各類弱勢、偏鄉、原住民、離島等經濟或文化不利之族群，可提供相關資料或說明，本系將據以綜合評量。"
112001,112,國立高雄餐旅大學,南區,3,旅館管理系,1,20,800,1.00,2.00,,1.00,,,學習歷程備審資料審查,,學習歷程備審資料審查,50,學科能力測驗加權平均成績,50,英文學科能力測驗成績,,國文學科能力測驗成績,,數學B學科能力測驗成績,,社會學科能力測驗成績,,,,,,115.4.24,115.5.4,,115.5.15,115.5.19,115.5.25,https://hotel.nkuht.edu.tw,"1.本系「海外參訪」課程為選修，參訪費用與地點於當學期授課時討論決定。
2.本系部分院訂及系訂必修課程為雙語授課。
3.於修業年限內，須修滿本系畢業學分數外，且須通過語文證照及系訂專業證照之畢業條件。
4.倘因自行提供之學習歷程備審資料不齊全無法進行審查者，後果請考生自負，敬請見諒。
5.如有學習歷程備審資料繳交相關疑問，請電洽本系電話（07）806-0505轉20202。"
112002,112,國立高雄餐旅大學,南區,3,西餐廚藝系,1,50,800,,1.00,,,1.00,,學習歷程備審資料審查,,學習歷程備審資料審查,30,學科能力測驗加權平均成績,70,英文學科能力測驗成績,,社會學科能力測驗成績,,,,,,,,,,115.4.24,115.5.4,,115.5.15,115.5.19,115.5.25,https://wca.nkuht.edu.tw,1.本系相關資訊，可至https://wca.nkuht.edu.tw 查詢；如有相關問題，請電洽本系電話：（07）806-0505轉22301。2.本系設有「畢業門檻」，取得後方可畢業。3.倘因自行提供之學習歷程備審資料不齊全無法進行審查者，後果請考生自負，敬請見諒。
112003,112,國立高雄餐旅大學,南區,3,烘焙管理系,1,10,800,1.00,1.00,,,,,學習歷程備審資料審查,,學習歷程備審資料審查,40,學科能力測驗加權平均成績,60,英文學科能力測驗成績,,國文學科能力測驗成績,,,,,,,,,,115.4.24,115.5.4,,115.5.15,115.5.19,115.5.25,https://bakingnkuht.nkuht.edu.tw,1.如有相關問題，請電洽本系電話：（07）806-0505轉22403。2.本系設有「畢業門檻」，取得後方可畢業。3.本系校外參訪研習課程為選修，參訪費用與地點於當學期授課時討論決定。4.倘因自行提供之學習歷程備審資料不齊全無法進行審查者，後果請考生自負，敬請見諒。
113001,113,國立臺中科技大學,中區,1,智慧生產工程系,27,162,800,1.00,,,,,,學習歷程備審資料審查,,學習歷程備審資料審查,70,學科能力測驗加權平均成績,30,自然學科能力測驗成績,,英文學科能力測驗成績,,,,,,,,17,,115.4.24,115.5.4,,115.5.20,115.5.21,115.5.28,https://ipe.nutc.edu.tw,"1.本校實施學生英文能力畢業門檻，各系之標準以新生入學年度，本校語言中心公告為主。
2.本系實施專業能力畢業門檻，辦法詳該系網公告並以當學年度入學為主。
3.本系複試採「學習歷程備審資料」審查，申請生不必到本校。"
113002,113,國立臺中科技大學,中區,1,資訊工程系,2,60,800,1.00,2.00,0.50,,,,學習歷程備審資料審查,,學科能力測驗加權平均成績,60,學習歷程備審資料審查,40,數學A學科能力測驗成績,,英文學科能力測驗成績,,國文學科能力測驗成績,,,,,,6,,115.4.24,115.5.4,,115.5.20,115.5.21,115.5.28,https://csie.nutc.edu.tw,"1.本校實施學生英文能力畢業門檻，各系之標準以新生入學年度，本校語言中心公告為主。
2.本系畢業規定：須有「英檢證照」及專業能力證明，詳見本系網頁公告。（https://csie.nutc.edu.tw）
3.本系複試採「學習歷程備審資料」審查，申請生不必到本校。"
113003,113,國立臺中科技大學,中區,1,人工智慧應用工程學士學位學程,3,60,800,2.00,2.00,,1.00,,,學習歷程備審資料審查,,學科能力測驗加權平均成績,40,學習歷程備審資料審查,60,數學B學科能力測驗成績,,國文學科能力測驗成績,,英文學科能力測驗成績,,自然學科能力測驗成績,,,,6,,115.4.24,115.5.4,,115.5.20,115.5.21,115.5.28,https://ai.nutc.edu.tw,"1.本校實施學生英文能力畢業門檻，各系之標準以新生入學年度，本校語言中心公告為主。
2.系訂畢業門檻等相關資訊請參考本學位學程網頁（https://ai.nutc.edu.tw）。
3.本系複試採「學習歷程備審資料」審查，申請生不必到本校。"
114001,114,國立臺北商業大學,北區,1,數位多媒體設計系（桃園校區）,1,60,800,1.00,,,,,,學習歷程備審資料審查,,學習歷程備審資料審查,80,學科能力測驗加權平均成績,20,英文學科能力測驗成績,,數學B學科能力測驗成績,,,,,,,,,,詳見「複試說明」,115.5.2,,115.5.18,115.5.19,115.5.25,https://dmd.ntub.edu.tw/,"1.本系課程內容包含理論及實作，須具備繪圖設計及辨別顏色能力。
2.本校實施學生英語能力畢業門檻及專業能力畢業門檻。"
201001,201,朝陽科技大學,中區,1,企業管理系,2,60,800,1.00,,,,,,學習歷程備審資料審查,,學科能力測驗加權平均成績,30,學習歷程備審資料審查,70,英文學科能力測驗成績,,數學B學科能力測驗成績,,,,,,,,,,詳見「複試說明」,115.5.6,,115.5.19,115.5.21,115.5.25,https://www.ba.cyut.edu.tw,"1.本系修課規定及畢業條件等相關資訊請參閱本系網頁，聯絡電話（04）2332-3000轉分機7063。
2.本校總成績單及錄取結果不另寄發紙本通知，請至本校官網首頁「招生資訊」/「高中生申請入學」項下查詢及列印。"
201002,201,朝陽科技大學,中區,1,保險金融管理系,5,60,800,,,,,1.00,,學習歷程備審資料審查,,學習歷程備審資料審查,90,學科能力測驗加權平均成績,10,國文學科能力測驗成績,,英文學科能力測驗成績,,,,,,,,,,詳見「複試說明」,115.5.6,,115.5.19,115.5.21,115.5.25,https://ins.cyut.edu.tw/,"1.本系修課規定及畢業條件等相關資訊請參閱本系網頁，聯絡電話（04）2332-3000轉分機7302、7306。
2.本校總成績單及錄取結果不另寄發紙本通知，請至本校官網首頁「招生資訊」/「高中生申請入學」項下查詢及列印。"
201003,201,朝陽科技大學,中區,1,銀髮產業管理系,10,60,800,1.00,,,,,,學習歷程備審資料審查,,學科能力測驗加權平均成績,30,學習歷程備審資料審查,70,英文學科能力測驗成績,,數學B學科能力測驗成績,,,,,,,,,,詳見「複試說明」,115.5.6,,115.5.19,115.5.21,115.5.25,https://gaim.cyut.edu.tw,"1.本系修課規定及畢業條件等相關資訊請參閱本系網頁，聯絡電話（04）2332-3000轉分機7643。
2.本校總成績單及錄取結果不另寄發紙本通知，請至本校官網首頁「招生資訊」/「高中生申請入學」項下查詢及列印。"
201004,201,朝陽科技大學,中區,1,營建工程系,25,150,800,,,1.00,,,,學習歷程備審資料審查,,學科能力測驗加權平均成績,30,學習歷程備審資料審查,70,國文學科能力測驗成績,,英文學科能力測驗成績,,,,,,,,,,詳見「複試說明」,115.5.6,,115.5.19,115.5.21,115.5.25,https://ce.cyut.edu.tw,"1.本系修課規定及畢業條件等相關資訊請參閱本系網頁，聯絡電話（04）2332-3000轉分機7002。
2.本校總成績單及錄取結果不另寄發紙本通知，請至本校官網首頁「招生資訊」/「高中生申請入學」項下查詢及列印。"
201005,201,朝陽科技大學,中區,1,工業工程與管理系,12,72,800,1.00,,,,,,學習歷程備審資料審查,,學科能力測驗加權平均成績,30,學習歷程備審資料審查,70,數學A學科能力測驗成績,,英文學科能力測驗成績,,,,,,,,,,詳見「複試說明」,115.5.6,,115.5.19,115.5.21,115.5.25,https://iem.cyut.edu.tw,"1.本系修課規定及畢業條件等相關資訊請參閱本系網頁，聯絡電話（04）2332-3000轉分機7033。
2.本校總成績單及錄取結果不另寄發紙本通知，請至本校官網首頁「招生資訊」/「高中生申請入學」項下查詢及列印。"
201006,201,朝陽科技大學,中區,1,應用化學系,15,90,800,1.00,,,,,,學習歷程備審資料審查,,學科能力測驗加權平均成績,30,學習歷程備審資料審查,70,數學A學科能力測驗成績,,自然學科能力測驗成績,,,,,,,,,,詳見「複試說明」,115.5.6,,115.5.19,115.5.21,115.5.25,https://applchem.cyut.edu.tw,"1.本系修課規定及畢業條件等相關資訊請參閱本系網頁，聯絡電話（04）2332-3000轉分機7272。
2.本校總成績單及錄取結果不另寄發紙本通知，請至本校官網首頁「招生資訊」/「高中生申請入學」項下查詢及列印。"
201007,201,朝陽科技大學,中區,1,環境工程與管理系,10,60,800,,,1.00,,,,學習歷程備審資料審查,,學科能力測驗加權平均成績,30,學習歷程備審資料審查,70,國文學科能力測驗成績,,英文學科能力測驗成績,,,,,,,,,,詳見「複試說明」,115.5.6,,115.5.19,115.5.21,115.5.25,https://dem.cyut.edu.tw,"1.本系修課規定及畢業條件等相關資訊請參閱本系網頁，聯絡電話（04）2332-3000轉分機7489。
2.本校總成績單及錄取結果不另寄發紙本通知，請至本校官網首頁「招生資訊」/「高中生申請入學」項下查詢及列印。"
201008,201,朝陽科技大學,中區,1,建築系建築組,12,72,800,1.00,,,,,,學習歷程備審資料審查,,學科能力測驗加權平均成績,30,學習歷程備審資料審查,70,英文學科能力測驗成績,,數學B學科能力測驗成績,,,,,,,,,,詳見「複試說明」,115.5.6,,115.5.19,115.5.21,115.5.25,https://arch.cyut.edu.tw,"1.本系修課規定及畢業條件等相關資訊請參閱本系網頁，聯絡電話（04）2332-3000轉分機7153。
2.本校總成績單及錄取結果不另寄發紙本通知，請至本校官網首頁「招生資訊」/「高中生申請入學」項下查詢及列印。"
201009,201,朝陽科技大學,中區,1,建築系室內設計組,11,66,800,1.00,,,,,,學習歷程備審資料審查,,學科能力測驗加權平均成績,30,學習歷程備審資料審查,70,英文學科能力測驗成績,,數學B學科能力測驗成績,,,,,,,,,,詳見「複試說明」,115.5.6,,115.5.19,115.5.21,115.5.25,https://arch.cyut.edu.tw,"1.本系修課規定及畢業條件等相關資訊請參閱本系網頁，聯絡電話（04）2332-3000轉分機7153。
2.本校總成績單及錄取結果不另寄發紙本通知，請至本校官網首頁「招生資訊」/「高中生申請入學」項下查詢及列印。"
201010,201,朝陽科技大學,中區,1,工業設計系,16,96,800,,1.00,,,,,學習歷程備審資料審查,,學科能力測驗加權平均成績,30,學習歷程備審資料審查,70,國文學科能力測驗成績,,數學B學科能力測驗成績,,,,,,,,,,詳見「複試說明」,115.5.6,,115.5.19,115.5.21,115.5.25,https://id.cyut.edu.tw,"1.本系修課規定及畢業條件等相關資訊請參閱本系網頁，聯絡電話（04）2332-3000轉分機7213。
2.本校總成績單及錄取結果不另寄發紙本通知，請至本校官網首頁「招生資訊」/「高中生申請入學」項下查詢及列印。"
201011,201,朝陽科技大學,中區,1,景觀及都市設計系,13,78,800,1.00,,,,,,學習歷程備審資料審查,,學科能力測驗加權平均成績,30,學習歷程備審資料審查,70,英文學科能力測驗成績,,數學B學科能力測驗成績,,,,,,,,,,詳見「複試說明」,115.5.6,,115.5.19,115.5.21,115.5.25,https://upla.cyut.edu.tw,"1.本系修課規定及畢業條件等相關資訊請參閱本系網頁，聯絡電話（04）2332-3000轉分機7662。
2.本校總成績單及錄取結果不另寄發紙本通知，請至本校官網首頁「招生資訊」/「高中生申請入學」項下查詢及列印。"
201012,201,朝陽科技大學,中區,1,傳播藝術系,5,60,800,1.00,,,,,,學習歷程備審資料審查,,學科能力測驗加權平均成績,30,學習歷程備審資料審查,70,英文學科能力測驗成績,,數學B學科能力測驗成績,,,,,,,,,,詳見「複試說明」,115.5.6,,115.5.19,115.5.21,115.5.25,https://ft.cyut.edu.tw,"1.本系修課規定及畢業條件等相關資訊請參閱本系網頁，聯絡電話（04）2332-3000轉分機7333。
2.本校總成績單及錄取結果不另寄發紙本通知，請至本校官網首頁「招生資訊」/「高中生申請入學」項下查詢及列印。"
201013,201,朝陽科技大學,中區,1,幼兒保育系,8,60,800,1.00,,,,,,學習歷程備審資料審查,,學科能力測驗加權平均成績,30,學習歷程備審資料審查,70,數學B學科能力測驗成績,,英文學科能力測驗成績,,,,,,,,,,詳見「複試說明」,115.5.6,,115.5.19,115.5.21,115.5.25,https://ecde.cyut.edu.tw/,"1.本系修課規定及畢業條件等相關資訊請參閱本系網頁，聯絡電話（04）2332-3000轉分機7395。
2.本校總成績單及錄取結果不另寄發紙本通知，請至本校官網首頁「招生資訊」/「高中生申請入學」項下查詢及列印。"
201014,201,朝陽科技大學,中區,1,社會工作系,2,60,800,1.00,,,,,,學習歷程備審資料審查,,學科能力測驗加權平均成績,30,學習歷程備審資料審查,70,數學B學科能力測驗成績,,英文學科能力測驗成績,,,,,,,,,,詳見「複試說明」,115.5.6,,115.5.19,115.5.21,115.5.25,https://swdept.cyut.edu.tw,"1.本系修課規定及畢業條件等相關資訊請參閱本系網頁，聯絡電話（04）2332-3000轉分機7693。
2.本校總成績單及錄取結果不另寄發紙本通知，請至本校官網首頁「招生資訊」/「高中生申請入學」項下查詢及列印。"
201015,201,朝陽科技大學,中區,1,應用英語系,2,60,800,,1.00,,,,,學習歷程備審資料審查,,學科能力測驗加權平均成績,30,學習歷程備審資料審查,70,國文學科能力測驗成績,,數學B學科能力測驗成績,,,,,,,,,,詳見「複試說明」,115.5.6,,115.5.19,115.5.21,115.5.25,https://aecyut.cyut.edu.tw,"1.本系修課規定及畢業條件等相關資訊請參閱本系網頁，聯絡電話（04）2332-3000轉分機7363。
2.本校總成績單及錄取結果不另寄發紙本通知，請至本校官網首頁「招生資訊」/「高中生申請入學」項下查詢及列印。"
201016,201,朝陽科技大學,中區,1,資訊管理系資訊管理組,7,60,800,,,,1.00,,,學習歷程備審資料審查,,學科能力測驗加權平均成績,30,學習歷程備審資料審查,70,英文學科能力測驗成績,,國文學科能力測驗成績,,,,,,,,6,,詳見「複試說明」,115.5.6,,115.5.19,115.5.21,115.5.25,https://webim.cyut.edu.tw,"1.本系修課規定及畢業條件等相關資訊請參閱本系網頁，聯絡電話（04）2332-3000轉分機7123。
2.本校總成績單及錄取結果不另寄發紙本通知，請至本校官網首頁「招生資訊」/「高中生申請入學」項下查詢及列印。"
201017,201,朝陽科技大學,中區,1,資訊管理系數位多媒體組,7,60,800,,1.00,,,,,學習歷程備審資料審查,,學科能力測驗加權平均成績,30,學習歷程備審資料審查,70,數學B學科能力測驗成績,,國文學科能力測驗成績,,,,,,,,6,,詳見「複試說明」,115.5.6,,115.5.19,115.5.21,115.5.25,https://webim.cyut.edu.tw,"1.本系修課規定及畢業條件等相關資訊請參閱本系網頁，聯絡電話（04）2332-3000轉分機7123。
2.本校總成績單及錄取結果不另寄發紙本通知，請至本校官網首頁「招生資訊」/「高中生申請入學」項下查詢及列印。"
201018,201,朝陽科技大學,中區,1,資訊工程系人工智慧組,8,60,800,,,1.00,,,,學習歷程備審資料審查,,學科能力測驗加權平均成績,30,學習歷程備審資料審查,70,英文學科能力測驗成績,,國文學科能力測驗成績,,,,,,,,6,,詳見「複試說明」,115.5.6,,115.5.19,115.5.21,115.5.25,https://www.csie.cyut.edu.tw,"1.本系修課規定及畢業條件等相關資訊請參閱本系網頁，聯絡電話（04）2332-3000轉分機7633。
2.本校總成績單及錄取結果不另寄發紙本通知，請至本校官網首頁「招生資訊」/「高中生申請入學」項下查詢及列印。"
201019,201,朝陽科技大學,中區,1,資訊與通訊系,8,60,800,,,1.00,,,,學習歷程備審資料審查,,學科能力測驗加權平均成績,30,學習歷程備審資料審查,70,英文學科能力測驗成績,,國文學科能力測驗成績,,,,,,,,6,,詳見「複試說明」,115.5.6,,115.5.19,115.5.21,115.5.25,https://ice.cyut.edu.tw,"1.本系修課規定及畢業條件等相關資訊請參閱本系網頁，聯絡電話（04）2332-3000轉分機7243。
2.本校總成績單及錄取結果不另寄發紙本通知，請至本校官網首頁「招生資訊」/「高中生申請入學」項下查詢及列印。"
201020,201,朝陽科技大學,中區,1,航空機械系,12,72,1000,,1.00,,,,,學習歷程備審資料審查,面試,學科能力測驗加權平均成績,30,面試,30,學習歷程備審資料審查,40,數學A學科能力測驗成績,,,,,,,,,,詳見「複試說明」,115.5.6,115.5.16,115.5.19,115.5.21,115.5.25,https://ame.cyut.edu.tw/,"1.面試評分標準：服裝儀容20%、表達能力40%、學習態度與發展潛力40%。
2.本系錄取生大一至大四需住宿本校，並須參加暑期及平日晚間之英文課程及其他專業課程。
3.本系常需進行實作、搬運器材、使用手工具，且須具備辨色能力。
4.本系修課規定及畢業條件等相關資訊請參閱本系網頁，聯絡電話（04）2332-3000轉分機7883。
5.本校總成績單、面試通知單及錄取結果不另寄發紙本通知，請至本校官網首頁「招生資訊」/「高中生申請入學」項下查詢及列印。"
201021,201,朝陽科技大學,中區,1,飛行與民航人員技術系,65,390,1000,,1.00,,,,,學習歷程備審資料審查,面試,面試,70,學科能力測驗加權平均成績,20,學習歷程備審資料審查,10,國文學科能力測驗成績,,,,,,,,,,詳見「複試說明」,115.5.6,115.5.16,115.5.19,115.5.21,115.5.25,https://flight.cyut.edu.tw/,"1.錄取學生統一住宿為原則，且經本系評估有必要者，應配合本系要求參與英語加強課程。
2.本系修課規定及畢業條件等相關資訊請參閱本系網頁，聯絡電話（04）2332-3000轉分機7953。
3.面試評分標準：儀態表現30%、表達及語言能力30%、專業能力40%。
4.本校總成績單、面試通知單及錄取結果不另寄發紙本通知，請至本校官網首頁「招生資訊」/「高中生申請入學」項下查詢及列印。"
201022,201,朝陽科技大學,中區,1,航空運務系,9,60,800,,1.00,,,,,學習歷程備審資料審查,,學科能力測驗加權平均成績,30,學習歷程備審資料審查,70,國文學科能力測驗成績,,社會學科能力測驗成績,,,,,,,,,,詳見「複試說明」,115.5.6,,115.5.19,115.5.21,115.5.25,https://datm.cyut.edu.tw/,"1.錄取學生依規定統一住宿與參加空運系英語輔導課程。
3.本系修課規定及畢業條件等相關資訊請參閱本系網頁，聯絡電話（04）2332-3000轉分機7893。
4.本校總成績單、面試通知單及錄取結果不另寄發紙本通知，請至本校官網首頁「招生資訊」/「高中生申請入學」項下查詢及列印。"
202001,202,南臺科技大學,南區,2,電機工程系控制與晶片組,50,300,800,,,1.00,,,,學習歷程備審資料審查,,學習歷程備審資料審查,60,學科能力測驗加權平均成績,40,自然學科能力測驗成績,,國文學科能力測驗成績,,英文學科能力測驗成績,,,,,,30,,詳見「複試說明」,115.5.6,,115.5.21,115.5.22,115.5.26,https://ee.stust.edu.tw/,"1.本校第二階段複試報名繳費單列印或繳費帳號查詢，請至本校網路報名系統：https://webap.stust.edu.tw/JCTVStud/。
2.申請生成績將於115年5月21日（星期四）上午10:00於技專校院聯合招生委員會報名系統開放考生自行查詢，不另郵寄紙本成績單。"
202002,202,南臺科技大學,南區,2,半導體與光電工程系,15,90,800,,,1.00,,,,學習歷程備審資料審查,,學習歷程備審資料審查,60,學科能力測驗加權平均成績,40,英文學科能力測驗成績,,自然學科能力測驗成績,,國文學科能力測驗成績,,,,,,9,,詳見「複試說明」,115.5.6,,115.5.21,115.5.22,115.5.26,https://oe.stust.edu.tw/,"1.本校第二階段複試報名繳費單列印或繳費帳號查詢，請至本校網路報名系統：https://webap.stust.edu.tw/JCTVStud/。
2.申請生成績將於115年5月21日（星期四）上午10:00於技專校院聯合招生委員會報名系統開放考生自行查詢，不另郵寄紙本成績單。"
202003,202,南臺科技大學,南區,2,電子工程系,10,60,800,,,1.00,,,,學習歷程備審資料審查,,學習歷程備審資料審查,60,學科能力測驗加權平均成績,40,英文學科能力測驗成績,,自然學科能力測驗成績,,國文學科能力測驗成績,,,,,,,,詳見「複試說明」,115.5.6,,115.5.21,115.5.22,115.5.26,https://eecs.stust.edu.tw/,"1.本校第二階段複試報名繳費單列印或繳費帳號查詢，請至本校網路報名系統：https://webap.stust.edu.tw/JCTVStud/。
2.申請生成績將於115年5月21日（星期四）上午10:00於技專校院聯合招生委員會報名系統開放考生自行查詢，不另郵寄紙本成績單。"
202004,202,南臺科技大學,南區,2,資訊工程系,5,60,800,,,1.00,,,,學習歷程備審資料審查,,學習歷程備審資料審查,60,學科能力測驗加權平均成績,40,英文學科能力測驗成績,,自然學科能力測驗成績,,國文學科能力測驗成績,,,,,,,,詳見「複試說明」,115.5.6,,115.5.21,115.5.22,115.5.26,https://eecs.stust.edu.tw/,"1.本校第二階段複試報名繳費單列印或繳費帳號查詢，請至本校網路報名系統：https://webap.stust.edu.tw/JCTVStud/。
2.申請生成績將於115年5月21日（星期四）上午10:00於技專校院聯合招生委員會報名系統開放考生自行查詢，不另郵寄紙本成績單。"
202005,202,南臺科技大學,南區,2,化學工程與材料工程系,40,240,1000,,,1.00,,,,學習歷程備審資料審查,面試,面試,40,學習歷程備審資料審查,30,學科能力測驗加權平均成績,30,自然學科能力測驗成績,,英文學科能力測驗成績,,國文學科能力測驗成績,,,,,,詳見「複試說明」,115.5.6,115.5.17,115.5.21,115.5.22,115.5.26,https://chem.stust.edu.tw/,"1.本校第二階段複試報名繳費單列印或繳費帳號查詢，請至本校網路報名系統：https://webap.stust.edu.tw/JCTVStud/。
2.申請生成績將於115年5月21日（星期四）上午10:00於技專校院聯合招生委員會報名系統開放考生自行查詢，不另郵寄紙本成績單。
3本系課程含實驗操作，基於考量實驗操作危險性與結果判斷之需要，學生須具備獨立操作能力及個人安全維護能力。"
202006,202,南臺科技大學,南區,2,工業管理與資訊系,30,180,800,,,,1.00,,,學習歷程備審資料審查,,學科能力測驗加權平均成績,40,學習歷程備審資料審查,60,英文學科能力測驗成績,,國文學科能力測驗成績,,,,,,,,,,詳見「複試說明」,115.5.6,,115.5.21,115.5.22,115.5.26,https://imi.stust.edu.tw/,"1.第二階段複試報名繳費單補印或繳費帳號查詢，請至本校網路報名系統：https://webap.stust.edu.tw/JCTVStud/。
2.申請生成績將於115年5月21日（星期四）上午10:00於技專校院聯合招生委員會報名系統開放考生自行查詢，不另郵寄紙本成績單。"
202007,202,南臺科技大學,南區,2,資訊管理系,8,60,800,,,,1.00,,,學習歷程備審資料審查,,學科能力測驗加權平均成績,40,學習歷程備審資料審查,60,英文學科能力測驗成績,,國文學科能力測驗成績,,社會學科能力測驗成績,,,,,,6,,詳見「複試說明」,115.5.6,,115.5.21,115.5.22,115.5.26,https://mis.stust.edu.tw/,"1.第二階段複試報名繳費單補印或繳費帳號查詢，請至本校網路報名系統：https://webap.stust.edu.tw/JCTVStud/。
2.申請生成績將於115年5月21日（星期四）上午10:00於技專校院聯合招生委員會報名系統開放考生自行查詢，不另郵寄紙本成績單。"
202008,202,南臺科技大學,南區,2,行銷與流通管理系,5,60,800,,,,1.00,,,學習歷程備審資料審查,,學科能力測驗加權平均成績,40,學習歷程備審資料審查,60,英文學科能力測驗成績,,國文學科能力測驗成績,,社會學科能力測驗成績,,,,,,,,詳見「複試說明」,115.5.6,,115.5.21,115.5.22,115.5.26,https://imi.stust.edu.tw/,"1.第二階段複試報名繳費單補印或繳費帳號查詢，請至本校網路報名系統：https://webap.stust.edu.tw/JCTVStud/。
2.申請生成績將於115年5月21日（星期四）上午10:00於技專校院聯合招生委員會報名系統開放考生自行查詢，不另郵寄紙本成績單。"
202009,202,南臺科技大學,南區,2,國際企業系,4,60,800,,1.00,,,,,學習歷程備審資料審查,,學科能力測驗加權平均成績,40,學習歷程備審資料審查,60,數學B學科能力測驗成績,,國文學科能力測驗成績,,社會學科能力測驗成績,,,,,,,,詳見「複試說明」,115.5.6,,115.5.21,115.5.22,115.5.26,https://ib.stust.edu.tw/,"1.第二階段複試報名繳費單補印或繳費帳號查詢，請至本校網路報名系統：https://webap.stust.edu.tw/JCTVStud/。
2.申請生成績將於115年5月21日（星期四）上午10:00於技專校院聯合招生委員會報名系統開放考生自行查詢，不另郵寄紙本成績單。"
202010,202,南臺科技大學,南區,2,財務金融系,5,60,800,,,,1.00,,,學習歷程備審資料審查,,學科能力測驗加權平均成績,40,學習歷程備審資料審查,60,英文學科能力測驗成績,,國文學科能力測驗成績,,社會學科能力測驗成績,,,,,,,,詳見「複試說明」,115.5.6,,115.5.21,115.5.22,115.5.26,https://fin.stust.edu.tw/,"1.第二階段複試報名繳費單補印或繳費帳號查詢，請至本校網路報名系統：https://webap.stust.edu.tw/JCTVStud/。
2.申請生成績將於115年5月21日（星期四）上午10:00於技專校院聯合招生委員會報名系統開放考生自行查詢，不另郵寄紙本成績單。"
202011,202,南臺科技大學,南區,2,資訊傳播系,10,60,800,1.00,,,,,,學習歷程備審資料審查,,學習歷程備審資料審查,60,學科能力測驗加權平均成績,40,社會學科能力測驗成績,,英文學科能力測驗成績,,數學B學科能力測驗成績,,,,,,6,,詳見「複試說明」,115.5.6,,115.5.21,115.5.22,115.5.26,https://ic.stust.edu.tw/,"1.本校第二階段複試報名繳費單補印或繳費帳號查詢，請至本校網路報名系統：https://webap.stust.edu.tw/JCTVStud/。
2.申請生成績將於115年5月21日（星期四）上午10:00於技專校院聯合招生委員會報名系統開放考生自行查詢，不另郵寄紙本成績單。
3.本系課程內容包含理論及實作，須具備繪圖設計/辨別顏色能力/視覺設計/色彩判定能力。"
202012,202,南臺科技大學,南區,2,多媒體與電腦娛樂科學系,30,180,1000,1.00,,,,,,學習歷程備審資料審查,面試,面試,40,學習歷程備審資料審查,40,學科能力測驗加權平均成績,20,英文學科能力測驗成績,,數學B學科能力測驗成績,,,,,,18,,詳見「複試說明」,115.5.6,115.5.17,115.5.21,115.5.22,115.5.26,https://mes.stust.edu.tw/,"1.本校第二階段複試報名繳費單補印或繳費帳號查詢，請至本校網路報名系統：https://webap.stust.edu.tw/JCTVStud/。
2.申請生成績將於115年5月21日（星期四）上午10:00於技專校院聯合招生委員會報名系統開放考生自行查詢，不另郵寄紙本成績單。
3.本系課程內容包含理論及實作（遊戲設計專題、畢業專題與畢業製作），須具備繪圖設計/辨別顏色能力/視覺設計/色彩判定能力。"
202013,202,南臺科技大學,南區,2,創新產品設計系,5,60,800,1.00,,,,,,學習歷程備審資料審查,,學習歷程備審資料審查,60,學科能力測驗加權平均成績,40,英文學科能力測驗成績,,數學B學科能力測驗成績,,社會學科能力測驗成績,,,,,,,,詳見「複試說明」,115.5.6,,115.5.21,115.5.22,115.5.26,https://cpd.stust.edu.tw/,"1.本校第二階段複試報名繳費單補印或繳費帳號查詢，請至本校網路報名系統：https://webap.stust.edu.tw/JCTVStud/。
2.申請生成績將於115年5月21日（星期四）上午10:00於技專校院聯合招生委員會報名系統開放考生自行查詢，不另郵寄紙本成績單。
3.本系課程內容包含理論及實作，須具備繪圖設計/辨別顏色能力/視覺設計/色彩判定能力。"
202014,202,南臺科技大學,南區,2,流行音樂產業系,40,240,1000,1.00,,,,,,學習歷程備審資料審查,面試,面試,60,學習歷程備審資料審查,30,學科能力測驗加權平均成績,10,英文學科能力測驗成績,,社會學科能力測驗成績,,,,,,,,詳見「複試說明」,115.5.6,115.5.17,115.5.21,115.5.22,115.5.26,https://pmi.stust.edu.tw/,"1.第二階段複試報名繳費單列印或繳費帳號查詢，請至本校網路報名系統: https://webap.stust.edu.tw/JCTVStud。
2.考場備有keyboard、爵士鼓（鼓棒自備）、麥克風、音箱，其餘樂器請自備，不得攜帶效果器。
3.成績115年5月21日（星期四）上午10:00於技專校院聯合招生委員會報名系統自行查詢，不另郵寄紙本成績單。
4.面試科目即為入學後之專修科目；有修專修科目者，每學期除學雜費外，須另繳納專修指導費新台幣11,200元（2-5人小班教學，人數由任課老師訂定）。"
202015,202,南臺科技大學,南區,2,應用日語系,6,60,800,,1.00,,,,,學習歷程備審資料審查,,學科能力測驗加權平均成績,30,學習歷程備審資料審查,70,國文學科能力測驗成績,,社會學科能力測驗成績,,,,,,,,,,詳見「複試說明」,115.5.6,,115.5.21,115.5.22,115.5.26,https://japan.stust.edu.tw/,"1.第二階段複試報名繳費單補印或繳費帳號查詢，請至本校網路報名系統：https://webap.stust.edu.tw/JCTVStud/。
2.申請生成績將於115年5月21日（星期四）上午10:00於技專校院聯合招生委員會報名系統開放考生自行查詢，不另郵寄紙本成績單。"
202016,202,南臺科技大學,南區,2,幼兒保育系,7,60,800,1.00,,,,,,學習歷程備審資料審查,,學科能力測驗加權平均成績,30,學習歷程備審資料審查,70,英文學科能力測驗成績,,社會學科能力測驗成績,,,,,,,,,,詳見「複試說明」,115.5.6,,115.5.21,115.5.22,115.5.26,https://childcare.stust.edu.tw/,"1.第二階段複試報名繳費單列印或繳費帳號查詢，請至本校網路報名系統：https://webap.stust.edu.tw/JCTVStud/。
2.申請生成績將於115年5月21日（星期四）上午10:00於技專校院聯合招生委員會報名系統開放考生自行查詢，不另郵寄紙本成績單。"
202017,202,南臺科技大學,南區,2,生物與食品科技系,30,180,1000,,,,,,1.00,學習歷程備審資料審查,面試,面試,50,學習歷程備審資料審查,30,學科能力測驗加權平均成績,20,國文學科能力測驗成績,,數學A學科能力測驗成績,,英文學科能力測驗成績,,,,,,詳見「複試說明」,115.5.6,115.5.17,115.5.21,115.5.22,115.5.26,https://bio.stust.edu.tw/,"1.第二階段複試報名繳費單列印或繳費帳號查詢，請至本校網路報名系統：https://webap.stust.edu.tw/JCTVStud/。
2.申請生成績將於115年5月21日（星期四）上午10:00於技專校院聯合招生委員會報名系統開放考生自行查詢，不另郵寄紙本成績單。
3.本系因課程需要, 學生就學期間須具備並學習操作儀器、配置藥劑、使用顯微鏡、色彩判定、移動身軀遠離危險之能力。
4.本系安排品性優良且具有學習熱忱學生至企業實習。"
202018,202,南臺科技大學,南區,2,高齡福祉服務系,5,60,800,1.00,,,,,,學習歷程備審資料審查,,學科能力測驗加權平均成績,30,學習歷程備審資料審查,70,英文學科能力測驗成績,,社會學科能力測驗成績,,,,,,,,,,詳見「複試說明」,115.5.6,,115.5.21,115.5.22,115.5.26,https://ss.stust.edu.tw/,"1.第二階段複試報名繳費單補印或繳費帳號查詢，請至本校網路報名系統：https://webap.stust.edu.tw/JCTVStud/。
2.申請生成績將於115年5月21日（星期四）上午10:00於技專校院聯合招生委員會報名系統開放考生自行查詢，不另郵寄紙本成績單。"
203001,203,崑山科技大學,南區,2,機械工程系,11,66,800,1.00,1.00,,,,,學習歷程備審資料審查,,學習歷程備審資料審查,90,學科能力測驗加權平均成績,10,英文學科能力測驗成績,,國文學科能力測驗成績,,,,,,,,,,詳見「複試說明」,115.5.6,,115.5.20,115.5.21,115.5.22,https://web.ksu.edu.tw/DTCEMED/page/,"1.詳細招生訊息可至本校招生資訊服務網參閱，學校網址：https://recruit.ksu.edu.tw/。
2.如有未盡事宜，依照招生簡章及本校相關規定事項辦理。"
203002,203,崑山科技大學,南區,2,機械工程系智慧製造組,4,60,800,1.00,1.00,,,,,學習歷程備審資料審查,,學習歷程備審資料審查,90,學科能力測驗加權平均成績,10,英文學科能力測驗成績,,國文學科能力測驗成績,,,,,,,,,,詳見「複試說明」,115.5.6,,115.5.20,115.5.21,115.5.22,https://web.ksu.edu.tw/DTCEMED/page/,"1.詳細招生訊息可至本校招生資訊服務網參閱，學校網址：https://recruit.ksu.edu.tw/。
2.如有未盡事宜，依照招生簡章及本校相關規定事項辦理。"
203003,203,崑山科技大學,南區,2,機械工程系智慧車輛組,17,102,800,1.00,1.00,,,,,學習歷程備審資料審查,,學習歷程備審資料審查,90,學科能力測驗加權平均成績,10,英文學科能力測驗成績,,國文學科能力測驗成績,,,,,,,,,,詳見「複試說明」,115.5.6,,115.5.20,115.5.21,115.5.22,https://web.ksu.edu.tw/DTCEMED/page/,"1.詳細招生訊息可至本校招生資訊服務網參閱，學校網址：https://recruit.ksu.edu.tw/。
2.如有未盡事宜，依照招生簡章及本校相關規定事項辦理。"
203004,203,崑山科技大學,南區,2,電機工程系,14,84,800,2.00,,,,,2.00,學習歷程備審資料審查,,學習歷程備審資料審查,80,學科能力測驗加權平均成績,10,國文學科能力測驗成績,6,自然學科能力測驗成績,4,,,,,,,,,詳見「複試說明」,115.5.6,,115.5.20,115.5.21,115.5.22,https://www.ksu.edu.tw/cht/unit/D/T/CE/ELD/,"1.詳細招生訊息可至本校招生資訊服務網參閱，學校網址：https://recruit.ksu.edu.tw/。
2.如有未盡事宜，依照招生簡章及本校相關規定事項辦理。"
203005,203,崑山科技大學,南區,2,電動車暨智慧電子工程系,11,66,800,1.00,,,,,,學習歷程備審資料審查,,學習歷程備審資料審查,90,學科能力測驗加權平均成績,10,自然學科能力測驗成績,,數學A學科能力測驗成績,,,,,,,,,,詳見「複試說明」,115.5.6,,115.5.20,115.5.21,115.5.22,https://web.ksu.edu.tw/DTCEEED/page/,"1.詳細招生訊息可至本校招生資訊服務網參閱，學校網址：https://recruit.ksu.edu.tw/。
2.如有未盡事宜，依照招生簡章及本校相關規定事項辦理。"
203006,203,崑山科技大學,南區,2,環境工程系,8,60,800,1.00,,,,,,學習歷程備審資料審查,,學習歷程備審資料審查,90,學科能力測驗加權平均成績,10,英文學科能力測驗成績,,自然學科能力測驗成績,,,,,,,,,,詳見「複試說明」,115.5.6,,115.5.20,115.5.21,115.5.22,https://web.ksu.edu.tw/DTCEEND/page/,"1.詳細招生訊息可至本校招生資訊服務網參閱，學校網址：https://recruit.ksu.edu.tw/。
2.如有未盡事宜，依照招生簡章及本校相關規定事項辦理。"
203007,203,崑山科技大學,南區,2,環境工程系綠色科技與管理組,7,60,800,1.00,,,,,,學習歷程備審資料審查,,學習歷程備審資料審查,90,學科能力測驗加權平均成績,10,英文學科能力測驗成績,,社會學科能力測驗成績,,,,,,,,,,詳見「複試說明」,115.5.6,,115.5.20,115.5.21,115.5.22,https://web.ksu.edu.tw/DTCEEND/page/,"1.詳細招生訊息可至本校招生資訊服務網參閱，學校網址：https://recruit.ksu.edu.tw/。
2.如有未盡事宜，依照招生簡章及本校相關規定事項辦理。"
203008,203,崑山科技大學,南區,2,先進應用材料工程系,9,60,800,1.00,,1.00,,,,學習歷程備審資料審查,,學習歷程備審資料審查,90,學科能力測驗加權平均成績,10,國文學科能力測驗成績,,數學A學科能力測驗成績,,,,,,,,,,詳見「複試說明」,115.5.6,,115.5.20,115.5.21,115.5.22,https://eip.ksu.edu.tw/cht/unit/D/T/CE/PMD/,"1.詳細招生訊息可至本校招生資訊服務網參閱，學校網址：https://recruit.ksu.edu.tw/。
2.如有未盡事宜，依照招生簡章及本校相關規定事項辦理。"
203009,203,崑山科技大學,南區,2,資訊工程系,9,60,800,2.00,,,1.00,,,學習歷程備審資料審查,,學習歷程備審資料審查,90,學科能力測驗加權平均成績,10,數學B學科能力測驗成績,,國文學科能力測驗成績,,,,,,,,,,詳見「複試說明」,115.5.6,,115.5.20,115.5.21,115.5.22,https://web.ksu.edu.tw/DTCEIED/page/,"1.詳細招生訊息可至本校招生資訊服務網參閱，學校網址：https://recruit.ksu.edu.tw/。
2.如有未盡事宜，依照招生簡章及本校相關規定事項辦理。"
203010,203,崑山科技大學,南區,2,智慧機器人工程系,15,90,800,1.00,,,,,,學習歷程備審資料審查,,學習歷程備審資料審查,90,學科能力測驗加權平均成績,10,英文學科能力測驗成績,,自然學科能力測驗成績,,,,,,,,,,詳見「複試說明」,115.5.6,,115.5.20,115.5.21,115.5.22,https://web.ksu.edu.tw/DTCEIRE/page/,"1.詳細招生訊息可至本校招生資訊服務網參閱，學校網址：https://recruit.ksu.edu.tw/。
2.如有未盡事宜，依照招生簡章及本校相關規定事項辦理。"
203011,203,崑山科技大學,南區,2,企業管理系,5,60,800,2.00,,,1.00,,,學習歷程備審資料審查,,學習歷程備審資料審查,80,學科能力測驗加權平均成績,20,國文學科能力測驗成績,,數學B學科能力測驗成績,,社會學科能力測驗成績,,,,,,,,詳見「複試說明」,115.5.6,,115.5.20,115.5.21,115.5.22,https://web.ksu.edu.tw/DTMABAD/page/,"1.詳細招生訊息可至本校招生資訊服務網參閱，學校網址：https://recruit.ksu.edu.tw/。
2.如有未盡事宜，依照招生簡章及本校相關規定事項辦理。"
203012,203,崑山科技大學,南區,2,房地產開發與管理系,6,60,800,1.00,,,,,,學習歷程備審資料審查,,學習歷程備審資料審查,80,學科能力測驗加權平均成績,20,英文學科能力測驗成績,,社會學科能力測驗成績,,,,,,,,,,詳見「複試說明」,115.5.6,,115.5.20,115.5.21,115.5.22,https://web.ksu.edu.tw/DTMARMD/page/,"1.詳細招生訊息可至本校招生資訊服務網參閱，學校網址：https://recruit.ksu.edu.tw/。
2.如有未盡事宜，依照招生簡章及本校相關規定事項辦理。"
203013,203,崑山科技大學,南區,2,資訊管理系,4,60,800,1.00,,,,,,學習歷程備審資料審查,,學習歷程備審資料審查,80,學科能力測驗加權平均成績,20,英文學科能力測驗成績,,社會學科能力測驗成績,,,,,,,,,,詳見「複試說明」,115.5.6,,115.5.20,115.5.21,115.5.22,https://web.ksu.edu.tw/DTMAIMD/page/,"1.詳細招生訊息可至本校招生資訊服務網參閱，學校網址：https://recruit.ksu.edu.tw/。
2.如有未盡事宜，依照招生簡章及本校相關規定事項辦理。"
203014,203,崑山科技大學,南區,2,視覺傳達設計系,7,60,1000,1.00,,,,,,學習歷程備審資料審查,面試,面試,90,學習歷程備審資料審查,5,學科能力測驗加權平均成績,5,英文學科能力測驗成績,,,,,,,,,,詳見「複試說明」,115.5.6,115.5.16,115.5.20,115.5.21,115.5.22,https://www.vcd.ksu.edu.tw/,"1.詳細招生訊息可至本校招生資訊服務網參閱，學校網址：https://recruit.ksu.edu.tw/。
2.如有未盡事宜，依照招生簡章及本校相關規定事項辦理。"
203015,203,崑山科技大學,南區,2,空間設計系,27,162,800,1.00,,,,1.00,,學習歷程備審資料審查,,學習歷程備審資料審查,90,國文學科能力測驗成績,5,社會學科能力測驗成績,3,學科能力測驗加權平均成績,2,,,,,,,,,詳見「複試說明」,115.5.6,,115.5.20,115.5.21,115.5.22,https://web.ksu.edu.tw/DTCRSDD/page/51494,"1.詳細招生訊息可至本校招生資訊服務網參閱，學校網址：https://recruit.ksu.edu.tw/。
2.如有未盡事宜，依照招生簡章及本校相關規定事項辦理。"
203016,203,崑山科技大學,南區,2,公共關係暨廣告系,10,60,800,1.00,,,,,,學習歷程備審資料審查,,學習歷程備審資料審查,85,學科能力測驗加權平均成績,15,社會學科能力測驗成績,,自然學科能力測驗成績,,,,,,,,,,詳見「複試說明」,115.5.6,,115.5.20,115.5.21,115.5.22,https://eip.ksu.edu.tw/cht/unit/D/T/CR/PAD/,"1.詳細招生訊息可至本校招生資訊服務網參閱，學校網址：https://recruit.ksu.edu.tw/。
2.如有未盡事宜，依照招生簡章及本校相關規定事項辦理。"
203017,203,崑山科技大學,南區,2,視訊傳播設計系,24,144,1000,1.00,,,,,,學習歷程備審資料審查,面試,面試,80,學習歷程備審資料審查,15,學科能力測驗加權平均成績,5,英文學科能力測驗成績,,,,,,,,,,詳見「複試說明」,115.5.6,115.5.16,115.5.20,115.5.21,115.5.22,https://mpv.ksu.edu.tw/,"1.詳細招生訊息可至本校招生資訊服務網參閱，學校網址：https://recruit.ksu.edu.tw/。
2.如有未盡事宜，依照招生簡章及本校相關規定事項辦理。"
203018,203,崑山科技大學,南區,2,互動媒體與數位娛樂系,14,84,800,1.00,,,,,,學習歷程備審資料審查,,學習歷程備審資料審查,80,學科能力測驗加權平均成績,20,社會學科能力測驗成績,,自然學科能力測驗成績,,,,,,,,,,詳見「複試說明」,115.5.6,,115.5.20,115.5.21,115.5.22,https://web.ksu.edu.tw/DTCRIME/page/,"1.詳細招生訊息可至本校招生資訊服務網參閱，學校網址：https://recruit.ksu.edu.tw/。
2.如有未盡事宜，依照招生簡章及本校相關規定事項辦理。"
203019,203,崑山科技大學,南區,2,休閒旅遊與運動管理系,12,72,800,1.00,,,,,,學習歷程備審資料審查,,學習歷程備審資料審查,80,學科能力測驗加權平均成績,20,社會學科能力測驗成績,,英文學科能力測驗成績,,,,,,,,,,詳見「複試說明」,115.5.6,,115.5.20,115.5.21,115.5.22,https://web.ksu.edu.tw/DTCHRTS/bulletin/,"1.詳細招生訊息可至本校招生資訊服務網參閱，學校網址：https://recruit.ksu.edu.tw/。
2.如有未盡事宜，依照招生簡章及本校相關規定事項辦理。"
203020,203,崑山科技大學,南區,2,餐飲管理及廚藝系,27,162,800,1.00,,,,,,學習歷程備審資料審查,,學習歷程備審資料審查,80,學科能力測驗加權平均成績,20,英文學科能力測驗成績,,社會學科能力測驗成績,,,,,,,,,,詳見「複試說明」,115.5.6,,115.5.20,115.5.21,115.5.22,https://www.ksu.edu.tw/cht/unit/D/T/CH/CMD/,"1.詳細招生訊息可至本校招生資訊服務網參閱，學校網址：https://recruit.ksu.edu.tw/。
2.如有未盡事宜，依照招生簡章及本校相關規定事項辦理。"
203021,203,崑山科技大學,南區,2,時尚展演事業系,5,60,800,1.00,1.00,,,,,學習歷程備審資料審查,,學習歷程備審資料審查,70,學科能力測驗加權平均成績,20,國文學科能力測驗成績,10,英文學科能力測驗成績,,,,,,,,,,詳見「複試說明」,115.5.6,,115.5.20,115.5.21,115.5.22,https://web.ksu.edu.tw/DTCHFMC/page/,"1.詳細招生訊息可至本校招生資訊服務網參閱，學校網址：https://recruit.ksu.edu.tw/。
2.如有未盡事宜，依照招生簡章及本校相關規定事項辦理。"
203022,203,崑山科技大學,南區,2,幼兒保育系,5,60,800,1.00,,,,,,學習歷程備審資料審查,,學習歷程備審資料審查,80,學科能力測驗加權平均成績,20,英文學科能力測驗成績,,社會學科能力測驗成績,,,,,,,,,,詳見「複試說明」,115.5.6,,115.5.20,115.5.21,115.5.22,https://web.ksu.edu.tw/DTCHCED/page/,"1.詳細招生訊息可至本校招生資訊服務網參閱，學校網址：https://recruit.ksu.edu.tw/。
2.如有未盡事宜，依照招生簡章及本校相關規定事項辦理。"
204001,204,嘉藥學校財團法人嘉南藥理大學,南區,1,藥學系,200,1200,1000,,1.00,1.00,,,1.00,學習歷程備審資料審查,化學筆試/生物筆試,化學筆試,20,生物筆試,20,學科能力測驗加權平均成績,30,學習歷程備審資料審查,30,,,,,,,,,詳見「複試說明」,115.5.6,115.5.16,115.5.21,115.5.22,115.5.25,https://pharm.cnu.edu.tw/,"1.本系聯絡電話：（06）2664911分機2200或2201;網址： https://pharm.cnu.edu.tw/。 
2.第二階段複相關事項公告於本校網站，115年5月16日（星期六）進行複試,請申請生依公告之複試規定時間、地點準時報到，不再另函通知。
3.筆試攜帶物：須於規定考試時間攜帶有相片的身分證明文件（學生證、身分證、護照或駕照），文具用品（2B鉛筆）。
4.申請生成績將於115年5月21日（星期四）中午12:00起於本校首頁查詢，不另郵寄紙本成績單。
5.如有未盡事宜，請依本校簡訊通知及網站公告為準。"
204002,204,嘉藥學校財團法人嘉南藥理大學,南區,1,食藥產業暨檢測科技系,8,60,800,1.00,,,,,,學習歷程備審資料審查,,學習歷程備審資料審查,80,學科能力測驗加權平均成績,20,自然學科能力測驗成績,,英文學科能力測驗成績,,,,,,,,,,詳見「複試說明」,115.5.6,,115.5.21,115.5.22,115.5.25,https://fdii.cnu.edu.tw/,"1.凡通過第一階段篩選之考生，完成第二階段報名及匯款後，請記得上傳備審資料，以供審查。
2.本系聯絡電話：（06）2664911分機2300,網址https://fdii.cnu.edu.tw。
3.申請生成績將於115年5月21日（星期四）中午12:00於本校首頁查詢，不另郵寄紙本成績單。
4.如有第二階段複試相關問題，請與本校招生處聯絡（06-2664911分機1803,1805~1807）。
5.如有未盡事宜，請依本校通知及網站公告為準。"
204003,204,嘉藥學校財團法人嘉南藥理大學,南區,1,食品科技系,6,60,800,1.00,1.00,,,,,學習歷程備審資料審查,,學習歷程備審資料審查,90,學科能力測驗加權平均成績,10,英文學科能力測驗成績,,自然學科能力測驗成績,,,,,,,,,,詳見「複試說明」,115.5.6,,115.5.21,115.5.22,115.5.25,https://food.cnu.edu.tw/,"1.凡通過第一階段篩選之考生，完成第二階段報名及匯款後，請記得上傳備審資料，以供審查。
2.本系聯絡電話：（06）2664911分機3200,網址：https://food.cnu.edu.tw/。
3.申請生成績將於115年5月21日（星期四）中午12:00於本校首頁查詢，不另郵寄紙本成績單。
4.如有第二階段複試相關問題，請與本校招生處聯絡（06-2664911分機1803,1805~1807）。
5.如有未盡事宜，請依本校通知及網站公告為準。"
204004,204,嘉藥學校財團法人嘉南藥理大學,南區,1,化粧品應用與管理系,27,162,1000,1.00,1.00,,,,,學習歷程備審資料審查,面試,面試,45,學習歷程備審資料審查,45,學科能力測驗加權平均成績,10,國文學科能力測驗成績,,,,,,,,,,詳見「複試說明」,115.5.6,115.5.16,115.5.21,115.5.22,115.5.25,https://cs.cnu.edu.tw/,"1.本校第二階段複試面試時段採網路登記，凡通過第一階段篩選之考生，完成第二階段報名及匯款繳費後，得至本校網站登錄面試時段，請考生依所登錄之面試時段至本校進行面試，如未上網登錄面試時段者，由本校統一安排，考生不得有異議。 
2.本系聯絡電話：（06）2664911分機2400，網址:https://cs.cnu.edu.tw。
3.申請生成績將於115年5月21日（星期四）中午12:00於本校首頁查詢，不另郵寄紙本成績單。
4.如有第二階段複試相關問題，請與本校聯絡（06-2664911分機1803,1805~1807）。
5.如有未盡事宜，請依本校通知及網站公告為準。"
204005,204,嘉藥學校財團法人嘉南藥理大學,南區,1,保健營養系,10,60,800,1.00,,,,,,學習歷程備審資料審查,,學習歷程備審資料審查,80,學科能力測驗加權平均成績,20,自然學科能力測驗成績,,英文學科能力測驗成績,,,,,,,,,,詳見「複試說明」,115.5.6,,115.5.21,115.5.22,115.5.25,https://nutrition.cnu.edu.tw/,"1.凡通過第一階段篩選之考生，完成第二階段報名及匯款後，請記得上傳備審資料，以供審查。
2.本系聯絡電話：（06）2664911分機3400，網址： https://nutrition.cnu.edu.tw/。
3.申請生成績將於115年5月21日（星期四）中午12:00於本校首頁查詢，不另郵寄紙本成績單。
4.如有第二階段複試相關問題，請與本校招生處聯絡（06-2664911分機1803,1805~1807）。
5.如有未盡事宜，請依本校通知及網站公告為準。"
204006,204,嘉藥學校財團法人嘉南藥理大學,南區,1,藥粧生技產業系,4,60,800,1.00,1.00,,,,,學習歷程備審資料審查,,學習歷程備審資料審查,90,學科能力測驗加權平均成績,10,英文學科能力測驗成績,,國文學科能力測驗成績,,,,,,,,,,詳見「複試說明」,115.5.6,,115.5.21,115.5.22,115.5.25,https://mcbio.cnu.edu.tw/,"1.凡通過第一階段篩選之考生，完成第二階段報名及匯款後，請記得上傳備審資料，以供審查。
2.本系聯絡電話：（06）2664911分機2700,網址：https://mcbio.cnu.edu.tw/。
3.申請生成績將於115年5月21日（星期四）中午12:00於本校首頁查詢，不另郵寄紙本成績單。
4.如有第二階段複試相關問題，請與本校招生處聯絡（06-2664911分機1803,1805~1807）。
5.如有未盡事宜，請依本校通知及網站公告為準。"
204007,204,嘉藥學校財團法人嘉南藥理大學,南區,1,醫務管理系,9,60,800,1.00,,,,,,學習歷程備審資料審查,,學習歷程備審資料審查,95,學科能力測驗加權平均成績,5,英文學科能力測驗成績,,自然學科能力測驗成績,,,,,,,,,,詳見「複試說明」,115.5.6,,115.5.21,115.5.22,115.5.25,https://ha.cnu.edu.tw/,"1.凡通過第一階段篩選之考生，完成第二階段報名及匯款後，請記得上傳備審資料，以供審查。
2.本系聯絡電話：（06）2664911分機5200,網址https://ha.cnu.edu.tw/。
3.申請生成績將於115年5月21日（星期四）中午12:00於本校首頁查詢，不另郵寄紙本成績單。
4.如有第二階段複試相關問題，請與本校招生處聯絡（06-2664911分機1803,1805~1807）。
5.如有未盡事宜，請依本校通知及網站公告為準。"
204008,204,嘉藥學校財團法人嘉南藥理大學,南區,1,嬰幼兒保育系,10,60,1000,1.00,,,,,,學習歷程備審資料審查,面試,面試,50,學習歷程備審資料審查,40,學科能力測驗加權平均成績,10,社會學科能力測驗成績,,,,,,,,,,詳見「複試說明」,115.5.6,115.5.16,115.5.21,115.5.22,115.5.25,https://depch.cnu.edu.tw/,"1.本校第二階段複試面試時段採網路登記，凡通過第一階段篩選之考生，完成第二階段報名及匯款繳費後，得至本校網站登錄面試時段，請考生依所登錄之面試時段至本校進行面試，如未上網登錄面試時段者，由本校統一安排，考生不得有異議。 
2.本系聯絡電話：（06）2664911分機3300，網址：https://depch.cnu.edu.tw/。
3.申請生成績將於115年5月21日（星期四）中午12:00於本校首頁查詢，不另郵寄紙本成績單。
4.如有第二階段複試相關問題，請與本校聯絡（06-2664911分機1803,1805~1807）。
5.如有未盡事宜，請依本校通知及網站公告為準。"
204009,204,嘉藥學校財團法人嘉南藥理大學,南區,1,資訊管理系,7,60,800,1.00,,,,,,學習歷程備審資料審查,,學習歷程備審資料審查,90,學科能力測驗加權平均成績,10,社會學科能力測驗成績,,自然學科能力測驗成績,,,,,,,,,,詳見「複試說明」,115.5.6,,115.5.21,115.5.22,115.5.25,https://mis.cnu.edu.tw/,"1.凡通過第一階段篩選之考生，完成第二階段報名及匯款後，請記得上傳備審資料，以供審查。
2.本系聯絡電話：（06）2664911分機5300,網址https://mis.cnu.edu.tw/。
3.申請生成績將於115年5月21日（星期四）中午12:00於本校首頁查詢，不另郵寄紙本成績單。
4.如有第二階段複試相關問題，請與本校招生處聯絡（06-2664911分機1803,1805~1807）。
5.如有未盡事宜，請依本校通知及網站公告為準。"
204010,204,嘉藥學校財團法人嘉南藥理大學,南區,1,社會工作系,40,240,1000,1.00,,,,,,學習歷程備審資料審查,面試,面試,40,學習歷程備審資料審查,40,學科能力測驗加權平均成績,20,社會學科能力測驗成績,,,,,,,,,,詳見「複試說明」,115.5.6,115.5.16,115.5.21,115.5.22,115.5.25,https://sw.cnu.edu.tw/,"1.本校第二階段複試面試時段採網路登記，凡通過第一階段篩選之考生，完成第二階段報名及匯款繳費後，得至本校網站登錄面試時段，請考生依所登錄之面試時段至本校進行面試，如未上網登錄面試時段者，由本校統一安排，考生不得有異議。 
2.本系聯絡電話：（06）2664911分機5500，網址：https://sw.cnu.edu.tw/。
3.申請生成績將於115年5月21日（星期四）中午12:00於本校首頁查詢，不另郵寄紙本成績單。
4.如有第二階段複試相關問題，請與本校聯絡（06-2664911分機1803,1805~1807）。
5.如有未盡事宜，請依本校通知及網站公告為準。"
204011,204,嘉藥學校財團法人嘉南藥理大學,南區,1,生活保健科技系,5,60,800,1.00,,,,,,學習歷程備審資料審查,,學習歷程備審資料審查,80,學科能力測驗加權平均成績,20,英文學科能力測驗成績,,自然學科能力測驗成績,,,,,,,,,,詳見「複試說明」,115.5.6,,115.5.21,115.5.22,115.5.25,https://life.cnu.edu.tw/,"1.凡通過第一階段篩選之考生，完成第二階段報名及匯款後，請記得上傳備審資料，以供審查。
2.本系聯絡電話：（06）2664911分機3500，網址：https://life.cnu.edu.tw/。
3.申請生成績將於115年5月21日（星期四）中午12:00於本校首頁查詢，不另郵寄紙本成績單。
4.如有第二階段複試相關問題，請與本校招生處聯絡（06-2664911分機1803,1805~1807）。
5.如有未盡事宜，請依本校通知及網站公告為準。"
204012,204,嘉藥學校財團法人嘉南藥理大學,南區,1,餐旅管理系,2,60,800,1.00,,,,,,學習歷程備審資料審查,,學習歷程備審資料審查,80,學科能力測驗加權平均成績,20,英文學科能力測驗成績,,社會學科能力測驗成績,,,,,,,,,,詳見「複試說明」,115.5.6,,115.5.21,115.5.22,115.5.25,https://dhrm.cnu.edu.tw/,"1.凡通過第一階段篩選之考生，完成第二階段報名及匯款後，請記得上傳備審資料，以供審查。
2.本系聯絡電話：（06）2664911分3600,網址https://dhrm.cnu.edu.tw/。
3.申請生成績將於115年5月21日（星期四）中午12:00於本校首頁查詢，不另郵寄紙本成績單。
4.如有第二階段複試相關問題，請與本校招生處聯絡（06-2664911分機1803,1805~1807）。
5.如有未盡事宜，請依本校通知及網站公告為準"
204013,204,嘉藥學校財團法人嘉南藥理大學,南區,1,高齡福祉養生管理系,4,60,800,1.00,,,,,,學習歷程備審資料審查,,學習歷程備審資料審查,90,學科能力測驗加權平均成績,10,英文學科能力測驗成績,,社會學科能力測驗成績,,,,,,,,,,詳見「複試說明」,115.5.6,,115.5.21,115.5.22,115.5.25,https://scsm.cnu.edu.tw/,"1.凡通過第一階段篩選之考生，完成第二階段報名及匯款後，請記得上傳備審資料，以供審查。
2.本系聯絡電話：（06）2664911分機3700,網址https://scsm.cnu.edu.tw/。
3.申請生成績將於115年5月21日（星期四）中午12:00於本校首頁查詢，不另郵寄紙本成績單。
4.如有第二階段複試相關問題，請與本校招生處聯絡（06-2664911分機1803,1805~1807）。
5.如有未盡事宜，請依本校通知及網站公告為準。"
204014,204,嘉藥學校財團法人嘉南藥理大學,南區,1,多媒體與遊戲發展系,5,60,800,1.00,,,,,,學習歷程備審資料審查,,學習歷程備審資料審查,95,學科能力測驗加權平均成績,5,社會學科能力測驗成績,,自然學科能力測驗成績,,,,,,,,,,詳見「複試說明」,115.5.6,,115.5.21,115.5.22,115.5.25,https://media.cnu.edu.tw,"1.本校第二階段複試面試時段採網路登記，凡通過第一階段篩選之考生，完成第二階段報名及匯款繳費後，得至本校網站登錄面試時段，請考生依所登錄之面試時段至本校進行面試，如未上網登錄面試時段者，由本校統一安排，考生不得有異議。 
2.本系聯絡電話：（06）2664911分機5700，網址：https://media.cnu.edu.tw/。
3.申請生成績將於115年5月21日（星期四）中午12:00於本校首頁查詢，不另郵寄紙本成績單。
4.如有第二階段複試相關問題，請與本校聯絡（06-2664911分機1803,1805~1807）。
5.如有未盡事宜，請依本校通知及網站公告為準。"
204015,204,嘉藥學校財團法人嘉南藥理大學,南區,1,職業安全衛生系,12,72,1000,1.00,,,,,,學習歷程備審資料審查,面試,面試,50,學習歷程備審資料審查,40,學科能力測驗加權平均成績,10,自然學科能力測驗成績,,,,,,,,,,詳見「複試說明」,115.5.6,115.5.16,115.5.21,115.5.22,115.5.25,https://osh.cnu.edu.tw/,"1.本校第二階段複試面試時段採網路登記，凡通過第一階段篩選之考生，完成第二階段報名及匯款繳費後，得至本校網站登錄面試時段，請考生依所登錄之面試時段至本校進行面試，如未上網登錄面試時段者，由本校統一安排，考生不得有異議。 
2.本系聯絡電話：（06）2664911轉6200，網址:https://osh.cnu.edu.tw/。
3.申請生成績將於115年5月21日（星期四）中午12:00於本校首頁查詢，不另郵寄紙本成績單。
4.如有第二階段複試相關問題，請與本校聯絡（06-2664911分機1803,1805~1807）。
5.如有未盡事宜，請依本校通知及網站公告為準。"
204016,204,嘉藥學校財團法人嘉南藥理大學,南區,1,環境工程與科學系,48,288,1000,1.00,,,,,1.00,學習歷程備審資料審查,面試,面試,50,學習歷程備審資料審查,40,學科能力測驗加權平均成績,10,社會學科能力測驗成績,,,,,,,,,,詳見「複試說明」,115.5.6,115.5.16,115.5.21,115.5.22,115.5.25,https://ev.cnu.edu.tw/,"1.凡通過第一階段篩選之考生，完成第二階段報名及匯款後，請記得上傳備審資料，以供審查。
2.本系聯絡電話：（06）2664911分機6300,網址https://ev.cnu.edu.tw/。
3.申請生成績將於114年5月21日（星期四）中午12:00於本校首頁查詢，不另郵寄紙本成績單。
4.如有第二階段複試相關問題，請與本校聯絡（06-2664911分機1803,1805~1807）。
5.如有未盡事宜，請依本校通知及網站公告為準。"
204017,204,嘉藥學校財團法人嘉南藥理大學,南區,1,休閒遊憩與保健管理系,29,174,1000,1.00,,,,,,學習歷程備審資料審查,面試,面試,50,學習歷程備審資料審查,40,學科能力測驗加權平均成績,10,英文學科能力測驗成績,,,,,,,,,,詳見「複試說明」,115.5.6,115.5.16,115.5.21,115.5.22,115.5.25,https://rec.cnu.edu.tw/,"1.本校第二階段複試面試時段採網路登記，凡通過第一階段篩選之考生，完成第二階段報名及匯款繳費後，得至本校網站登錄面試時段，請考生依所登錄之面試時段至本校進行面試，如未上網登錄面試時段者，由本校統一安排，考生不得有異議。 
2.本系聯絡電話：（06）2664911轉6500，網址: https://rec.cnu.edu.tw/。
3.申請生成績將於115年5月21日（星期四）中午12:00於本校首頁查詢，不另郵寄紙本成績單。
4.如有第二階段複試相關問題，請與本校聯絡（06-2664911分機1803,1805~1807）。
5.如有未盡事宜，請依本校通知及網站公告為準。"
204018,204,嘉藥學校財團法人嘉南藥理大學,南區,1,環境資源管理系,12,72,1000,1.00,,,,,,學習歷程備審資料審查,面試,面試,40,學習歷程備審資料審查,40,學科能力測驗加權平均成績,20,自然學科能力測驗成績,,,,,,,,,,詳見「複試說明」,115.5.6,115.5.16,115.5.21,115.5.22,115.5.25,https://erm.cnu.edu.tw/,"1.本校第二階段複試面試時段採網路登記，凡通過第一階段篩選之考生，完成第二階段報名及匯款繳費後，得至本校網站登錄面試時段，請考生依所登錄之面試時段至本校進行面試，如未上網登錄面試時段者，由本校統一安排，考生不得有異議。 
2.本系聯絡電話：（06）2664911分機6400，網址：https://erm.cnu.edu.tw/。
3.申請生成績將於115年5月21日（星期四）中午12:00於本校首頁查詢，不另郵寄紙本成績單。
4.如有第二階段複試相關問題，請與本校聯絡（06-2664911分機1803,1805~1807）。
5.如有未盡事宜，請依本校通知及網站公告為準。"
204019,204,嘉藥學校財團法人嘉南藥理大學,南區,1,運動管理系,7,60,800,1.00,,,,,,學習歷程備審資料審查,,學習歷程備審資料審查,70,學科能力測驗加權平均成績,30,英文學科能力測驗成績,,社會學科能力測驗成績,,,,,,,,,,詳見「複試說明」,115.5.6,,115.5.21,115.5.22,115.5.25,https://sports.cnu.edu.tw/,"1.凡通過第一階段篩選之考生，完成第二階段報名及匯款後，請記得上傳備審資料，以供審查。
2.本系聯絡電話：（06）2664911分機6700，網址: https://sports.cnu.edu.tw/
3.申請生成績將於115年5月21日（星期四）中午12:00於本校首頁查詢，不另郵寄紙本成績單。
4.如有第二階段複試相關問題，請與本校招生處聯絡（06-2664911分機1803,1805~1807）。
5.如有未盡事宜，請依本校通知及網站公告為準。"
204020,204,嘉藥學校財團法人嘉南藥理大學,南區,1,公共安全及消防系,30,180,1000,1.00,,,,,,學習歷程備審資料審查,面試,面試,50,學習歷程備審資料審查,40,學科能力測驗加權平均成績,10,英文學科能力測驗成績,,,,,,,,,,詳見「複試說明」,115.5.6,115.5.16,115.5.21,115.5.22,115.5.25,https://psfs.cnu.edu.tw/,"1.本校第二階段複試面試時段採網路登記，凡通過第一階段篩選之考生，完成第二階段報名及匯款繳費後，得至本校網站登錄面試時段，請考生依所登錄之面試時段至本校進行面試，如未上網登錄面試時段者，由本校統一安排，考生不得有異議。 
2.本系聯絡電話：（06）2664911分機6900 ，網址：https://psfs.cnu.edu.tw/。
3.申請生成績將於115年5月21日（星期四）中午12:00於本校首頁查詢，不另郵寄紙本成績單。
4.如有第二階段複試相關問題，請與本校聯絡（06-2664911分機1803,1805~1807）。
5.如有未盡事宜，請依本校通知及網站公告為準。"
205001,205,樹德科技大學,南區,6,資訊管理系,3,60,800,2.00,,,,1.00,,學習歷程備審資料審查,,學習歷程備審資料審查,90,學科能力測驗加權平均成績,10,國文學科能力測驗成績,,社會學科能力測驗成績,,,,,,,,6,,詳見「複試說明」,115.5.6,,115.5.21,115.5.22,115.5.25,https://www.mis.stu.edu.tw,"1.不另寄複試通知，通過第一階段篩選學生，請於115年4月24日（五）10:00至本校招生考試服務網（https://reg.aca.stu.edu.tw/），查詢第二階段複試相關公告及規定。
2.各項作業，均可在前項網址或請至本校首頁/「招生資訊」/「招生考試服務網」查詢。
3.如有未盡事宜，依招生簡章及本校相關規定辦理。"
205002,205,樹德科技大學,南區,6,資訊工程系,12,72,800,2.00,1.00,,,,,學習歷程備審資料審查,,學習歷程備審資料審查,90,學科能力測驗加權平均成績,10,國文學科能力測驗成績,,英文學科能力測驗成績,,,,,,,,8,,詳見「複試說明」,115.5.6,,115.5.21,115.5.22,115.5.25,https://www.csie.stu.edu.tw,"1.不另寄複試通知，通過第一階段篩選學生，請於115年4月24日（五）10:00至本校招生考試服務網（https://reg.aca.stu.edu.tw/），查詢第二階段複試相關公告及規定。
2.各項作業，均可在前項網址或請至本校首頁/「招生資訊」/「招生考試服務網」查詢。
3.如有未盡事宜，依招生簡章及本校相關規定辦理。"
205003,205,樹德科技大學,南區,6,電腦與通訊系,8,60,800,2.00,1.00,,,,,學習歷程備審資料審查,,學習歷程備審資料審查,90,學科能力測驗加權平均成績,10,國文學科能力測驗成績,,英文學科能力測驗成績,,,,,,,,6,,詳見「複試說明」,115.5.6,,115.5.21,115.5.22,115.5.25,https://www.comd.stu.edu.tw,"1.不另寄複試通知，通過第一階段篩選學生，請於115年4月24日（五）10:00至本校招生考試服務網（https://reg.aca.stu.edu.tw/），查詢第二階段複試相關公告及規定。
2.各項作業，均可在前項網址或請至本校首頁/「招生資訊」/「招生考試服務網」查詢。
3.如有未盡事宜，依招生簡章及本校相關規定辦理。"
205004,205,樹德科技大學,南區,6,生活產品設計系,9,60,800,1.00,,,,,,學習歷程備審資料審查,,學習歷程備審資料審查,95,學科能力測驗加權平均成績,5,社會學科能力測驗成績,,英文學科能力測驗成績,,,,,,,,,,詳見「複試說明」,115.5.6,,115.5.21,115.5.22,115.5.25,https://www.pdd.stu.edu.tw/,"1.不另寄複試通知，通過第一階段篩選學生，請於115年4月24日（五）10:00至本校招生考試服務網（https://reg.aca.stu.edu.tw/），查詢第二階段複試相關公告及規定。
2.各項作業，均可在前項網址或請至本校首頁/「招生資訊」/「招生考試服務網」查詢。
3.如有未盡事宜，依招生簡章及本校相關規定辦理。"
205005,205,樹德科技大學,南區,6,動畫與遊戲設計系,11,66,800,1.00,,,,,,學習歷程備審資料審查,,學習歷程備審資料審查,80,學科能力測驗加權平均成績,20,社會學科能力測驗成績,,英文學科能力測驗成績,,,,,,,,,,詳見「複試說明」,115.5.6,,115.5.21,115.5.22,115.5.25,https://www.dgd.stu.edu.tw,"1.不另寄複試通知，通過第一階段篩選學生，請於115年4月24日（五）10:00至本校招生考試服務網（https://reg.aca.stu.edu.tw/），查詢第二階段複試相關公告及規定。
2.各項作業，均可在前項網址或請至本校首頁/「招生資訊」/「招生考試服務網」查詢。
3.如有未盡事宜，依招生簡章及本校相關規定辦理。"
205006,205,樹德科技大學,南區,6,表演藝術系,8,60,800,1.00,,,,,,學習歷程備審資料審查,,學習歷程備審資料審查,90,學科能力測驗加權平均成績,10,社會學科能力測驗成績,,英文學科能力測驗成績,,,,,,,,,,詳見「複試說明」,115.5.6,,115.5.21,115.5.22,115.5.25,https://www.pad.stu.edu.tw,"1.不另寄複試通知，通過第一階段篩選學生，請於115年4月24日（五）10:00至本校招生考試服務網（https://reg.aca.stu.edu.tw/），查詢第二階段複試相關公告及規定。
2.各項作業，均可在前項網址或請至本校首頁/「招生資訊」/「招生考試服務網」查詢。
3.如有未盡事宜，依招生簡章及本校相關規定辦理。"
205007,205,樹德科技大學,南區,6,美髮設計與經營系,15,90,800,1.00,,,,,,學習歷程備審資料審查,,學習歷程備審資料審查,80,學科能力測驗加權平均成績,20,社會學科能力測驗成績,,英文學科能力測驗成績,,,,,,,,,,詳見「複試說明」,115.5.6,,115.5.21,115.5.22,115.5.25,https://www.hssm.stu.edu.tw/,"1.不另寄複試通知，通過第一階段篩選學生，請於115年4月24日（五）10:00至本校招生考試服務網（https://reg.aca.stu.edu.tw/），查詢第二階段複試相關公告及規定。
2.各項作業，均可在前項網址或請至本校首頁/「招生資訊」/「招生考試服務網」查詢。
3.如有未盡事宜，依招生簡章及本校相關規定辦理。"
205008,205,樹德科技大學,南區,6,企業管理系,8,60,800,1.00,,,,,,學習歷程備審資料審查,,學習歷程備審資料審查,80,學科能力測驗加權平均成績,20,社會學科能力測驗成績,,英文學科能力測驗成績,,,,,,,,,,詳見「複試說明」,115.5.6,,115.5.21,115.5.22,115.5.25,https://www.ba.stu.edu.tw/,"1.不另寄複試通知，通過第一階段篩選學生，請於115年4月24日（五）10:00至本校招生考試服務網（https://reg.aca.stu.edu.tw/），查詢第二階段複試相關公告及規定。
2.各項作業，均可在前項網址或請至本校首頁/「招生資訊」/「招生考試服務網」查詢。
3.如有未盡事宜，依招生簡章及本校相關規定辦理。"
205009,205,樹德科技大學,南區,6,金融管理系,21,126,1000,1.00,,,,,,學習歷程備審資料審查,面試,面試,60,學習歷程備審資料審查,30,社會學科能力測驗成績,,學科能力測驗加權平均成績,10,,,,,,,,,詳見「複試說明」,115.5.6,115.5.16,115.5.21,115.5.22,115.5.25,https://www.rsd.stu.edu.tw,"1.不另寄複試通知，通過第一階段篩選學生，請於115年4月24日（五）10:00至本校招生考試服務網（https://reg.aca.stu.edu.tw/），查詢第二階段複試相關公告及規定。
2.各項作業，均可在前項網址或請至本校首頁/「招生資訊」/「招生考試服務網」查詢。
3.如有未盡事宜，依招生簡章及本校相關規定辦理。"
205010,205,樹德科技大學,南區,6,流通管理系,6,60,1000,1.00,,,,,,學習歷程備審資料審查,面試,面試,50,學習歷程備審資料審查,40,學科能力測驗加權平均成績,10,社會學科能力測驗成績,,,,,,,,,,詳見「複試說明」,115.5.6,115.5.16,115.5.21,115.5.22,115.5.25,https://www.dm.stu.edu.tw,"1.不另寄複試通知，通過第一階段篩選學生，請於115年4月24日（五）10:00至本校招生考試服務網（https://reg.aca.stu.edu.tw/），查詢第二階段複試相關公告及規定。
2.各項作業，均可在前項網址或請至本校首頁/「招生資訊」/「招生考試服務網」查詢。
3.如有未盡事宜，依招生簡章及本校相關規定辦理。"
205011,205,樹德科技大學,南區,6,行銷管理系,7,60,1000,1.00,,,,,,學習歷程備審資料審查,面試,學習歷程備審資料審查,10,面試,80,學科能力測驗加權平均成績,10,英文學科能力測驗成績,,,,,,,,,,詳見「複試說明」,115.5.6,115.5.16,115.5.21,115.5.22,115.5.25,https://www.mm.stu.edu.tw,"1.不另寄複試通知，通過第一階段篩選學生，請於115年4月24日（五）10:00至本校招生考試服務網（https://reg.aca.stu.edu.tw/），查詢第二階段複試相關公告及規定。
2.各項作業，均可在前項網址或請至本校首頁/「招生資訊」/「招生考試服務網」查詢。
3.如有未盡事宜，依招生簡章及本校相關規定辦理。"
205012,205,樹德科技大學,南區,6,兒童與家庭服務系,7,60,800,1.00,,,,,,學習歷程備審資料審查,,學習歷程備審資料審查,80,學科能力測驗加權平均成績,20,社會學科能力測驗成績,,英文學科能力測驗成績,,,,,,,,,,詳見「複試說明」,115.5.6,,115.5.21,115.5.22,115.5.25,https://www.stu.ccd.edu.tw,"1.不另寄複試通知，通過第一階段篩選學生，請於115年4月24日（五）10:00至本校招生考試服務網（https://reg.aca.stu.edu.tw/），查詢第二階段複試相關公告及規定。
2.各項作業，均可在前項網址或請至本校首頁/「招生資訊」/「招生考試服務網」查詢。
3.如有未盡事宜，依招生簡章及本校相關規定辦理。"
205013,205,樹德科技大學,南區,6,社會工作系,6,60,800,1.00,,,,,,學習歷程備審資料審查,,學習歷程備審資料審查,80,學科能力測驗加權平均成績,20,社會學科能力測驗成績,,英文學科能力測驗成績,,,,,,,,,,詳見「複試說明」,115.5.6,,115.5.21,115.5.22,115.5.25,https://www.sw.stu.edu.tw,"1.不另寄複試通知，通過第一階段篩選學生，請於115年4月24日（五）10:00至本校招生考試服務網（https://reg.aca.stu.edu.tw/），查詢第二階段複試相關公告及規定。
2.各項作業，均可在前項網址或請至本校首頁/「招生資訊」/「招生考試服務網」查詢。
3.如有未盡事宜，依招生簡章及本校相關規定辦理。"
206001,206,龍華科技大學,北區,1,機械工程系,8,60,800,1.00,,,,,,學習歷程備審資料審查,,學習歷程備審資料審查,70,學科能力測驗加權平均成績,30,自然學科能力測驗成績,,英文學科能力測驗成績,,數學A學科能力測驗成績,,,,,,,,詳見「複試說明」,115.5.6,,115.5.22,115.5.23,115.5.25,https://me.lhu.edu.tw/,"第二階段報名流程（115.5.1 AM10:00~115.5.6 PM21:00）：
1.請務必於本校網站完成第二階段報名、列印繳費單並完成繳費（報名費用一般生800元；中低收入戶320元；低收入戶免繳費） ，報名網址如下：https://sys.lhu.edu.tw/OApx/NRecruit/Apply4/Apply4_PayIn/CheckIn_Login.aspx
2.請於技專校院招生委員會聯合會系統上傳及勾選學習歷程備審資料等相關資料。
3.更名者務請檢附戶籍謄本PDF檔於聯合會系統「學歷證件」項目上傳。
4.前項1及2項目均務須完成即完成第二階段報名手續。"
206002,206,龍華科技大學,北區,1,半導體工程系,24,144,800,1.00,,,,,,學習歷程備審資料審查,,學習歷程備審資料審查,70,學科能力測驗加權平均成績,30,自然學科能力測驗成績,,英文學科能力測驗成績,,數學A學科能力測驗成績,,,,,,,,詳見「複試說明」,115.5.6,,115.5.22,115.5.23,115.5.25,https://se.lhu.edu.tw/,"第二階段報名流程（115.5.1 AM10:00~115.5.6 PM21:00）：
1.請務必於本校網站完成第二階段報名、列印繳費單並完成繳費（報名費用一般生800元；中低收入戶320元；低收入戶免繳費） ，報名網址如下：https://sys.lhu.edu.tw/OApx/NRecruit/Apply4/Apply4_PayIn/CheckIn_Login.aspx
2.請於技專校院招生委員會聯合會系統上傳及勾選學習歷程備審資料等相關資料。
3.更名者務請檢附戶籍謄本PDF檔於聯合會系統「學歷證件」項目上傳。
4.前項1及2項目均務須完成即完成第二階段報名手續。"
206003,206,龍華科技大學,北區,1,電機工程系,18,108,800,,,,,,1.00,學習歷程備審資料審查,,學習歷程備審資料審查,70,學科能力測驗加權平均成績,30,國文學科能力測驗成績,,英文學科能力測驗成績,,數學A學科能力測驗成績,,,,,,11,,詳見「複試說明」,115.5.6,,115.5.22,115.5.23,115.5.25,https://eee.lhu.edu.tw/,"第二階段報名流程（115.5.1 AM10:00~115.5.6 PM21:00）：
1.請務必於本校網站完成第二階段報名、列印繳費單並完成繳費（報名費用一般生800元；中低收入戶320元；低收入戶免繳費） ，報名網址如下：https://sys.lhu.edu.tw/OApx/NRecruit/Apply4/Apply4_PayIn/CheckIn_Login.aspx
2.請於技專校院招生委員會聯合會系統上傳及勾選學習歷程備審資料等相關資料。
3.更名者務請檢附戶籍謄本PDF檔於聯合會系統「學歷證件」項目上傳。
4.前項1及2項目均務須完成即完成第二階段報名手續。"
206004,206,龍華科技大學,北區,1,電子工程系,19,114,800,1.00,,,,,,學習歷程備審資料審查,,學習歷程備審資料審查,70,學科能力測驗加權平均成績,30,自然學科能力測驗成績,,英文學科能力測驗成績,,數學A學科能力測驗成績,,,,,,12,,詳見「複試說明」,115.5.6,,115.5.22,115.5.23,115.5.25,https://el.lhu.edu.tw/,"第二階段報名流程（115.5.1 AM10:00~115.5.6 PM21:00）：
1.請務必於本校網站完成第二階段報名、列印繳費單並完成繳費（報名費用一般生800元；中低收入戶320元；低收入戶免繳費） ，報名網址如下：https://sys.lhu.edu.tw/OApx/NRecruit/Apply4/Apply4_PayIn/CheckIn_Login.aspx
2.請於技專校院招生委員會聯合會系統上傳及勾選學習歷程備審資料等相關資料。
3.更名者務請檢附戶籍謄本PDF檔於聯合會系統「學歷證件」項目上傳。
4.前項1及2項目均務須完成即完成第二階段報名手續。"
206005,206,龍華科技大學,北區,1,資訊工程系,17,102,800,1.00,,,,,,學習歷程備審資料審查,,學習歷程備審資料審查,70,學科能力測驗加權平均成績,30,自然學科能力測驗成績,,英文學科能力測驗成績,,數學A學科能力測驗成績,,,,,,11,,詳見「複試說明」,115.5.6,,115.5.22,115.5.23,115.5.25,https://cin.lhu.edu.tw/,"第二階段報名流程（115.5.1 AM10:00~115.5.6 PM21:00）：
1.請務必於本校網站完成第二階段報名、列印繳費單並完成繳費（報名費用一般生800元；中低收入戶320元；低收入戶免繳費） ，報名網址如下：https://sys.lhu.edu.tw/OApx/NRecruit/Apply4/Apply4_PayIn/CheckIn_Login.aspx
2.請於技專校院招生委員會聯合會系統上傳及勾選學習歷程備審資料等相關資料。
3.更名者務請檢附戶籍謄本PDF檔於聯合會系統「學歷證件」項目上傳。
4.前項1及2項目均務須完成即完成第二階段報名手續。"
206006,206,龍華科技大學,北區,1,數位行銷暨跨境商務系,8,60,800,1.00,,,,,,學習歷程備審資料審查,,學習歷程備審資料審查,70,學科能力測驗加權平均成績,30,自然學科能力測驗成績,,英文學科能力測驗成績,,數學A學科能力測驗成績,,,,,,,,詳見「複試說明」,115.5.6,,115.5.22,115.5.23,115.5.25,https://dmcc.lhu.edu.tw/,"第二階段報名流程（115.5.1 AM10:00~115.5.6 PM21:00）：
1.請務必於本校網站完成第二階段報名、列印繳費單並完成繳費（報名費用一般生800元；中低收入戶320元；低收入戶免繳費） ，報名網址如下：https://sys.lhu.edu.tw/OApx/NRecruit/Apply4/Apply4_PayIn/CheckIn_Login.aspx
2.請於技專校院招生委員會聯合會系統上傳及勾選學習歷程備審資料等相關資料。
3.更名者務請檢附戶籍謄本PDF檔於聯合會系統「學歷證件」項目上傳。
4.前項1及2項目均務須完成即完成第二階段報名手續。"
206007,206,龍華科技大學,北區,1,財務金融系,6,60,800,1.00,,,,,,學習歷程備審資料審查,,學習歷程備審資料審查,70,學科能力測驗加權平均成績,30,社會學科能力測驗成績,,英文學科能力測驗成績,,數學A學科能力測驗成績,,,,,,,,詳見「複試說明」,115.5.6,,115.5.22,115.5.23,115.5.25,https://fn.lhu.edu.tw/,"第二階段報名流程（115.5.1 AM10:00~115.5.6 PM21:00）：
1.請務必於本校網站完成第二階段報名、列印繳費單並完成繳費（報名費用一般生800元；中低收入戶320元；低收入戶免繳費） ，報名網址如下：https://sys.lhu.edu.tw/OApx/NRecruit/Apply4/Apply4_PayIn/CheckIn_Login.aspx
2.請於技專校院招生委員會聯合會系統上傳及勾選學習歷程備審資料等相關資料。
3.更名者務請檢附戶籍謄本PDF檔於聯合會系統「學歷證件」項目上傳。
4.前項1及2項目均務須完成即完成第二階段報名手續。"
206008,206,龍華科技大學,北區,1,企業管理系,4,60,800,1.00,,,,,,學習歷程備審資料審查,,學習歷程備審資料審查,70,學科能力測驗加權平均成績,30,自然學科能力測驗成績,,英文學科能力測驗成績,,數學A學科能力測驗成績,,,,,,,,詳見「複試說明」,115.5.6,,115.5.22,115.5.23,115.5.25,https://dba.lhu.edu.tw/,"第二階段報名流程（115.5.1 AM10:00~115.5.6 PM21:00）：
1.請務必於本校網站完成第二階段報名、列印繳費單並完成繳費（報名費用一般生800元；中低收入戶320元；低收入戶免繳費） ，報名網址如下：https://sys.lhu.edu.tw/OApx/NRecruit/Apply4/Apply4_PayIn/CheckIn_Login.aspx
2.請於技專校院招生委員會聯合會系統上傳及勾選學習歷程備審資料等相關資料。
3.更名者務請檢附戶籍謄本PDF檔於聯合會系統「學歷證件」項目上傳。
4.前項1及2項目均務須完成即完成第二階段報名手續。"
206009,206,龍華科技大學,北區,1,資訊管理系,18,108,800,1.00,,,,,,學習歷程備審資料審查,,學習歷程備審資料審查,70,學科能力測驗加權平均成績,30,社會學科能力測驗成績,,英文學科能力測驗成績,,數學A學科能力測驗成績,,,,,,11,,詳見「複試說明」,115.5.6,,115.5.22,115.5.23,115.5.25,https://im.lhu.edu.tw/,"第二階段報名流程（115.5.1 AM10:00~115.5.6 PM21:00）：
1.請務必於本校網站完成第二階段報名、列印繳費單並完成繳費（報名費用一般生800元；中低收入戶320元；低收入戶免繳費） ，報名網址如下：https://sys.lhu.edu.tw/OApx/NRecruit/Apply4/Apply4_PayIn/CheckIn_Login.aspx
2.請於技專校院招生委員會聯合會系統上傳及勾選學習歷程備審資料等相關資料。
3.更名者務請檢附戶籍謄本PDF檔於聯合會系統「學歷證件」項目上傳。
4.前項1及2項目均務須完成即完成第二階段報名手續。"
206010,206,龍華科技大學,北區,1,工業管理系,5,60,800,1.00,,,,,,學習歷程備審資料審查,,學習歷程備審資料審查,70,學科能力測驗加權平均成績,30,社會學科能力測驗成績,,英文學科能力測驗成績,,數學A學科能力測驗成績,,,,,,,,詳見「複試說明」,115.5.6,,115.5.22,115.5.23,115.5.25,https://dim.lhu.edu.tw,"第二階段報名流程（115.5.1 AM10:00~115.5.6 PM21:00）：
1.請務必於本校網站完成第二階段報名、列印繳費單並完成繳費（報名費用一般生800元；中低收入戶320元；低收入戶免繳費） ，報名網址如下：https://sys.lhu.edu.tw/OApx/NRecruit/Apply4/Apply4_PayIn/CheckIn_Login.aspx
2.請於技專校院招生委員會聯合會系統上傳及勾選學習歷程備審資料等相關資料。
3.更名者務請檢附戶籍謄本PDF檔於聯合會系統「學歷證件」項目上傳。
4.前項1及2項目均務須完成即完成第二階段報名手續。"
206011,206,龍華科技大學,北區,1,應用外語系,3,60,800,,1.00,,,,,學習歷程備審資料審查,,學習歷程備審資料審查,70,學科能力測驗加權平均成績,30,國文學科能力測驗成績,,自然學科能力測驗成績,,數學A學科能力測驗成績,,,,,,,,詳見「複試說明」,115.5.6,,115.5.22,115.5.23,115.5.25,https://afl.lhu.edu.tw/,"第二階段報名流程（115.5.1 AM10:00~115.5.6 PM21:00）：
1.請務必於本校網站完成第二階段報名、列印繳費單並完成繳費（報名費用一般生800元；中低收入戶320元；低收入戶免繳費） ，報名網址如下：https://sys.lhu.edu.tw/OApx/NRecruit/Apply4/Apply4_PayIn/CheckIn_Login.aspx
2.請於技專校院招生委員會聯合會系統上傳及勾選學習歷程備審資料等相關資料。
3.更名者務請檢附戶籍謄本PDF檔於聯合會系統「學歷證件」項目上傳。
4.前項1及2項目均務須完成即完成第二階段報名手續。"
206012,206,龍華科技大學,北區,1,多媒體與遊戲發展科學系,16,96,800,1.00,,,,,,學習歷程備審資料審查,,學習歷程備審資料審查,70,學科能力測驗加權平均成績,30,自然學科能力測驗成績,,英文學科能力測驗成績,,數學A學科能力測驗成績,,,,,,10,,詳見「複試說明」,115.5.6,,115.5.22,115.5.23,115.5.25,https://mg.lhu.edu.tw,"第二階段報名流程（115.5.1 AM10:00~115.5.6 PM21:00）：
1.請務必於本校網站完成第二階段報名、列印繳費單並完成繳費（報名費用一般生800元；中低收入戶320元；低收入戶免繳費） ，報名網址如下：https://sys.lhu.edu.tw/OApx/NRecruit/Apply4/Apply4_PayIn/CheckIn_Login.aspx
2.請於技專校院招生委員會聯合會系統上傳及勾選學習歷程備審資料等相關資料。
3.更名者務請檢附戶籍謄本PDF檔於聯合會系統「學歷證件」項目上傳。
4.前項1及2項目均務須完成即完成第二階段報名手續。"
206013,206,龍華科技大學,北區,1,文化創意與數位媒體設計系,17,102,800,1.00,,,,,,學習歷程備審資料審查,,學習歷程備審資料審查,70,學科能力測驗加權平均成績,30,社會學科能力測驗成績,,英文學科能力測驗成績,,數學A學科能力測驗成績,,,,,,,,詳見「複試說明」,115.5.6,,115.5.22,115.5.23,115.5.25,https://ccd.lhu.edu.tw,"第二階段報名流程（115.5.1 AM10:00~115.5.6 PM21:00）：
1.請務必於本校網站完成第二階段報名、列印繳費單並完成繳費（報名費用一般生800元；中低收入戶320元；低收入戶免繳費） ，報名網址如下：https://sys.lhu.edu.tw/OApx/NRecruit/Apply4/Apply4_PayIn/CheckIn_Login.aspx
2.請於技專校院招生委員會聯合會系統上傳及勾選學習歷程備審資料等相關資料。
3.更名者務請檢附戶籍謄本PDF檔於聯合會系統「學歷證件」項目上傳。
4.前項1及2項目均務須完成即完成第二階段報名手續。"
207001,207,輔英科技大學,南區,6,護理系,132,792,1000,1.00,,,,,,學習歷程備審資料審查,面試,面試,50,學習歷程備審資料審查,40,學科能力測驗加權平均成績,10,英文學科能力測驗成績,,,,,,,,,,詳見「複試說明」,115.5.6,115.5.16,115.5.21,115.5.22,115.5.23,https://ens.fy.edu.tw/,"1.本系教育宗旨為：「培育稱職、受個案信任的基層護理專業人才」
2.本校招生資訊網頁：輔英科技大學/招生資訊/
3.系諮詢聯絡電話： （07）7811151轉7327。"
207002,207,輔英科技大學,南區,6,健康事業管理系,14,84,1000,3.00,,,,,,學習歷程備審資料審查,面試,面試,70,學習歷程備審資料審查,25,學科能力測驗加權平均成績,5,英文學科能力測驗成績,,,,,,,,,,詳見「複試說明」,115.5.6,115.5.16,115.5.21,115.5.22,115.5.23,https://ehba.fy.edu.tw/,"1.本系以培植醫院等健康產業之行政管理傑出人才的搖籃為發展特色
2.本校招生資訊網頁：輔英科技大學/招生資訊/
3.系諮詢聯絡電話： （07）7811151轉6120。"
207003,207,輔英科技大學,南區,6,物理治療系,15,90,1000,3.00,,,,,,學習歷程備審資料審查,面試,面試,70,學習歷程備審資料審查,20,學科能力測驗加權平均成績,10,英文學科能力測驗成績,,,,,,,,,,詳見「複試說明」,115.5.6,115.5.16,115.5.21,115.5.22,115.5.23,https://edpt.fy.edu.tw/,"1.本系培育學生成為以專業為本、人文關懷、多元發展以及理論與實務兼備之物理治療人才。
2.本校招生資訊網頁：輔英科技大學/招生資訊/
3.系諮詢聯絡電話： （07）7811151轉6220。"
207004,207,輔英科技大學,南區,6,健康美容系,8,60,1000,3.00,,,,,,學習歷程備審資料審查,面試,面試,70,學習歷程備審資料審查,25,學科能力測驗加權平均成績,5,英文學科能力測驗成績,,,,,,,,,,詳見「複試說明」,115.5.6,115.5.16,115.5.21,115.5.22,115.5.23,https://ehb.fy.edu.tw/,"1.本系以培養「醫學美容與中醫美容｣、「經絡美體與芳療紓壓｣與「時尚美妝產業微型創業人才｣為發展特色。
2.本校招生資訊網頁：輔英科技大學/招生資訊/
3.系諮詢聯絡電話： （07）7811151轉6240。"
207005,207,輔英科技大學,南區,6,環境工程與科學系,17,102,1000,3.00,,,,,,學習歷程備審資料審查,面試,面試,70,學習歷程備審資料審查,25,學科能力測驗加權平均成績,5,英文學科能力測驗成績,,,,,,,,,,詳見「複試說明」,115.5.6,115.5.16,115.5.21,115.5.22,115.5.23,https://eenv.fy.edu.tw/index.php,"1.本系為落實做中學之教學理念，也有規劃產業實習相關課程，讓同學可於課餘時間到本系合作之優質企業實習，詳情請洽系辦公室聯絡分機6311。
2.本校招生資訊網頁：輔英科技大學/招生資訊/
3.系諮詢聯絡電話： （07）7811151轉6311。"
207006,207,輔英科技大學,南區,6,應用化學及材料科學系,21,126,1000,3.00,,,,,,學習歷程備審資料審查,面試,面試,70,學習歷程備審資料審查,25,學科能力測驗加權平均成績,5,英文學科能力測驗成績,,,,,,,,,,詳見「複試說明」,115.5.6,115.5.16,115.5.21,115.5.22,115.5.23,https://ecm.fy.edu.tw/,"1.本系以培育「IEET國際認證專業化學材料工程師」、「國家證照級檢驗品管技師」與「民生綠色產業之餐飲創業人才」為發展特色。
2.本校招生資訊網頁：輔英科技大學/招生資訊/
3.系諮詢聯絡電話： （07）7811151轉6330。"
207007,207,輔英科技大學,南區,6,生物科技與綠色產業系,15,90,1000,3.00,,,,,,學習歷程備審資料審查,面試,面試,70,學習歷程備審資料審查,25,學科能力測驗加權平均成績,5,英文學科能力測驗成績,,,,,,,,,,詳見「複試說明」,115.5.6,115.5.16,115.5.21,115.5.22,115.5.23,https://edbt.fy.edu.tw/index.php,"1.本系以生技產業「製造製程」及「檢驗分析」兩大人才需求為主軸，培育學生發展製造製程、產品創新開發/研發、檢驗分析品管/品保、產品行銷四大專業能力。
2.本校招生資訊網頁：輔英科技大學/招生資訊/
3.系諮詢聯絡電話： （07）7811151轉6340。"
207008,207,輔英科技大學,南區,6,幼兒保育暨產業系,7,60,1000,3.00,,,,,,學習歷程備審資料審查,面試,面試,70,學習歷程備審資料審查,25,學科能力測驗加權平均成績,5,英文學科能力測驗成績,,,,,,,,,,詳見「複試說明」,115.5.6,115.5.16,115.5.21,115.5.22,115.5.23,https://echildcare.fy.edu.tw/,"1.本系培育具有教保專業知能之人才，重視技能操作及實務訓練，有大量接觸幼兒的機會，需具相當之視覺、聽覺功能及口語表達、具人際互動溝通協調能力、能控管自身情緒、能迅速移動、具相當之抗壓能力。
2.本校招生資訊網頁：輔英科技大學/招生資訊/
3.系諮詢聯絡電話： （07）7811151轉6430。"
208001,208,明新科技大學,北區,3,電機工程系,20,120,800,1.00,1.00,1.00,,,,學習歷程備審資料審查,,學科能力測驗加權平均成績,30,學習歷程備審資料審查,70,數學A學科能力測驗成績,,國文學科能力測驗成績,,,,,,,,,,115.4.24,115.5.6,,115.5.20,115.5.21,115.5.22,https://acade.must.edu.tw/index.aspx?UnitID=37,"1.本校相關通知以手機簡訊或電話通知，請考生務必留下個人正確聯繫電話，為保護考生個人權利，報名、報到…等時程，請注意簡訊通知及招生網站公告。
2.如有相關問題請電話洽詢本校招生專線（03）5593142#2832
3. [入學服務]招生網站，網址：https://admission.must.edu.tw/index.aspx"
208002,208,明新科技大學,北區,3,電子工程系,20,120,800,1.00,,1.00,,,,學習歷程備審資料審查,,學科能力測驗加權平均成績,30,學習歷程備審資料審查,70,數學A學科能力測驗成績,,國文學科能力測驗成績,,,,,,,,,,115.4.24,115.5.6,,115.5.20,115.5.21,115.5.22,https://eed.must.edu.tw/,"1.本校相關通知以手機簡訊或電話通知，請考生務必留下個人正確聯繫電話，為保護考生個人權利，報名、報到…等時程，請注意簡訊通知及招生網站公告。
2.如有相關問題請電話洽詢本校招生專線（03）5593142#2832
3. [入學服務]招生網站，網址：https://admission.must.edu.tw/index.aspx"
208003,208,明新科技大學,北區,3,半導體工程與材料系,20,120,800,1.00,,1.00,,,,學習歷程備審資料審查,,學習歷程備審資料審查,70,學科能力測驗加權平均成績,30,數學A學科能力測驗成績,,國文學科能力測驗成績,,,,,,,,,,115.4.24,115.5.6,,115.5.20,115.5.21,115.5.22,https://acade.must.edu.tw/index.aspx?UnitID=39,"1.本校相關通知以手機簡訊或電話通知，請考生務必留下個人正確聯繫電話，為保護考生個人權利，報名、報到…等時程，請注意簡訊通知及招生網站公告。
2.如有相關問題請電話洽詢本校招生專線（03）5593142#2832
3. [入學服務]招生網站，網址：https://admission.must.edu.tw/index.aspx"
208004,208,明新科技大學,北區,3,半導體與光電科技系,20,120,800,1.00,,1.00,,,,學習歷程備審資料審查,,學習歷程備審資料審查,70,學科能力測驗加權平均成績,30,數學A學科能力測驗成績,,國文學科能力測驗成績,,,,,,,,,,115.4.24,115.5.6,,115.5.20,115.5.21,115.5.22,https://acade.must.edu.tw/index.aspx?UnitID=40,"1.本校相關通知以手機簡訊或電話通知，請考生務必留下個人正確聯繫電話，為保護考生個人權利，報名、報到…等時程，請注意簡訊通知及招生網站公告。
2.如有相關問題請電話洽詢本校招生專線（03）5593142#2832
3. [入學服務]招生網站，網址：https://admission.must.edu.tw/index.aspx"
208005,208,明新科技大學,北區,3,機械工程系,10,60,800,1.00,,,,,2.00,學習歷程備審資料審查,,學習歷程備審資料審查,70,學科能力測驗加權平均成績,30,國文學科能力測驗成績,,英文學科能力測驗成績,,數學A學科能力測驗成績,,,,,,,,115.4.24,115.5.6,,115.5.20,115.5.21,115.5.22,https://meu.must.edu.tw/,"1.本校相關通知以手機簡訊或電話通知，請考生務必留下個人正確聯繫電話，為保護考生個人權利，報名、報到…等時程，請注意簡訊通知及招生網站公告。
2.如有相關問題請電話洽詢本校招生專線（03）5593142#2832
3. [入學服務]招生網站，網址：https://admission.must.edu.tw/index.aspx
4.相關獎學金資訊請至機械系系網站[下載及徵才]→[獎學金專區]查詢。"
208006,208,明新科技大學,北區,3,土木工程與環境資源管理系,10,60,800,1.00,,,1.00,,,學習歷程備審資料審查,,學習歷程備審資料審查,70,學科能力測驗加權平均成績,30,國文學科能力測驗成績,,數學B學科能力測驗成績,,,,,,,,,,115.4.24,115.5.6,,115.5.20,115.5.21,115.5.22,https://webc2.must.edu.tw/jtmust004/,"1.本校相關通知以手機簡訊或電話通知，請考生務必留下個人正確聯繫電話，為保護考生個人權利，報名、報到…等時程，請注意簡訊通知及招生網站公告。
2.如有相關問題請電話洽詢本校招生專線（03）5593142#2832
3. [入學服務]招生網站，網址：https://admission.must.edu.tw/index.aspx"
208007,208,明新科技大學,北區,3,資訊工程系,5,60,800,1.00,,,,,1.00,學習歷程備審資料審查,,學習歷程備審資料審查,70,學科能力測驗加權平均成績,30,數學A學科能力測驗成績,,國文學科能力測驗成績,,,,,,,,,,115.4.24,115.5.6,,115.5.20,115.5.21,115.5.22,https://acade.must.edu.tw/index.aspx?UnitID=44,"1.本校相關通知以手機簡訊或電話通知，請考生務必留下個人正確聯繫電話，為保護考生個人權利，報名、報到…等時程，請注意簡訊通知及招生網站公告。
2.如有相關問題請電話洽詢本校招生專線（03）5593142#2832
3. [入學服務]招生網站，網址：https://admission.must.edu.tw/index.aspx"
208008,208,明新科技大學,北區,3,財務金融系智慧理財組,8,60,800,2.50,,,1.00,,,學習歷程備審資料審查,,學習歷程備審資料審查,80,學科能力測驗加權平均成績,20,國文學科能力測驗成績,,數學B學科能力測驗成績,,,,,,,,,,115.4.24,115.5.6,,115.5.20,115.5.21,115.5.22,https://acade.must.edu.tw/index.aspx?UnitID=50,"1.本校相關通知以手機簡訊或電話通知，請考生務必留下個人正確聯繫電話，為保護考生個人權利，報名、報到…等時程，請注意簡訊通知及招生網站公告。
2.如有相關問題請電話洽詢本校招生專線（03）5593142#2832
3. [入學服務]招生網站，網址：https://admission.must.edu.tw/index.aspx"
209001,209,弘光科技大學,中區,2,護理系,121,726,800,5.00,1.00,,,,,學習歷程備審資料審查,,學習歷程備審資料審查,80,學科能力測驗加權平均成績,20,英文學科能力測驗成績,,國文學科能力測驗成績,,,,,,,,,,詳見「複試說明」,115.5.6,,115.5.20,115.5.25,115.5.27,https://nur.hk.edu.tw/,"1.心理、精神狀況、視覺、辨色、言語、聽力等異常或行動障礙，足以妨礙醫療工作者，請審慎考量。
2.審查資料內容以高中就讀期間表現為主。
3.所有申請文件概不退還。
※本系諮詢電話04-26318652轉3016
※本系網址：http://nur.hk.edu.tw/"
209002,209,弘光科技大學,中區,2,物理治療系,19,114,1000,1.00,,,,,2.00,學習歷程備審資料審查,面試,面試,40,學科能力測驗加權平均成績,30,學習歷程備審資料審查,30,自然學科能力測驗成績,,國文學科能力測驗成績,,,,,,,,115.4.24,115.5.6,115.5.16,115.5.20,115.5.25,115.5.27,https://pht.hk.edu.tw/,"本系學生必須有獨立評估與衛教之能力，能夠聆聽病患及家屬關於病情之闡述以及具備有效聽、說雙向溝通技巧，完成臨床醫療院所實習，方能畢業。
※本系相關諮詢電話：04-26318652轉3301
※本系網址：http://pht.hk.edu.tw/
※備審資料概不退還，請自行備份留存。"
209003,209,弘光科技大學,中區,2,語言治療與聽力學系,5,60,800,1.00,,,,,,學習歷程備審資料審查,,學習歷程備審資料審查,80,學科能力測驗加權平均成績,20,英文學科能力測驗成績,,自然學科能力測驗成績,,,,,,,,,,詳見「複試說明」,115.5.6,,115.5.20,115.5.25,115.5.27,https://pht.hk.edu.tw/,"心理、精神狀況、視覺、辨色異常、言語、聽力及行動有嚴重障礙以致影響臨床實習與從事醫療工作者，請審慎考慮。
※本系相關諮詢電話：04-26318652轉7500
※本系網址：https://stat.hk.edu.tw/"
209004,209,弘光科技大學,中區,2,醫療器材發展與應用系,4,60,800,1.00,1.00,,,,,學習歷程備審資料審查,,學習歷程備審資料審查,90,學科能力測驗加權平均成績,10,國文學科能力測驗成績,,英文學科能力測驗成績,,,,,,,,,,詳見「複試說明」,115.5.6,,115.5.20,115.5.25,115.5.27,https://bme.hk.edu.tw/,"※本系諮詢電話04-2631-8652 轉4301
※本系網址：http://bme.hk.edu.tw/"
209005,209,弘光科技大學,中區,2,美髮造型設計系,38,228,800,1.00,1.00,,,,,學習歷程備審資料審查,,學習歷程備審資料審查,90,學科能力測驗加權平均成績,10,國文學科能力測驗成績,,英文學科能力測驗成績,,,,,,,,,,詳見「複試說明」,115.5.6,,115.5.20,115.5.25,115.5.27,https://hair.hk.edu.tw/,"※本系相關諮詢請電洽04-26318652轉7201~7203
※本系相關網址：http://hair.hk.edu.tw/
※本系學生入學後實作課程部分，學生需自費購買實習服、工具袋與相關材料工具"
209006,209,弘光科技大學,中區,2,運動休閒系,26,156,800,1.00,,,,,,學習歷程備審資料審查,,學習歷程備審資料審查,90,學科能力測驗加權平均成績,10,英文學科能力測驗成績,,社會學科能力測驗成績,,,,,,,,,,詳見「複試說明」,115.5.6,,115.5.20,115.5.25,115.5.27,https://dsl.hk.edu.tw/,"※本系諮詢電話04-2631-8652 轉7011
※本系網址：http://dsl.hk.edu.tw/"
209007,209,弘光科技大學,中區,2,餐旅管理系,19,114,1000,3.00,,,,,,學習歷程備審資料審查,面試,面試,80,學習歷程備審資料審查,10,學科能力測驗加權平均成績,10,英文學科能力測驗成績,,,,,,,,,,115.4.24,115.5.6,115.5.14,115.5.20,115.5.25,115.5.27,https://rhm.hk.edu.tw/,"※本系學生入學後須購買外場服及廚師服各一套。
※入學後在大學四上、四下時需至校外實習12個月（必修課程），身障生報考時請審慎考慮。
※本系相關諮詢請電洽04-26318652轉5101~5104
※本系網址：http://rhm.hk.edu.tw/"
209008,209,弘光科技大學,中區,2,環境與安全衛生工程系職業安全衛生組,4,60,800,1.00,1.00,,,,,學習歷程備審資料審查,,學習歷程備審資料審查,90,學科能力測驗加權平均成績,10,英文學科能力測驗成績,,國文學科能力測驗成績,,,,,,,,,,詳見「複試說明」,115.5.6,,115.5.20,115.5.25,115.5.27,https://she.hk.edu.tw/,"※本系諮詢電話04-2631-8652 轉4002
※本系網址：https://she.hk.edu.tw/"
210001,210,健行科技大學,北區,6,土木工程系,10,60,800,3.00,,,,,,學習歷程備審資料審查,,學習歷程備審資料審查,90,學科能力測驗加權平均成績,10,自然學科能力測驗成績,,英文學科能力測驗成績,,,,,,,,,,詳見「複試說明」,115.5.6,,115.5.19,115.5.20,115.5.22,https://www.uch.edu.tw,"1.本校相關通知以手機簡訊通知，請考生務必留下個人正確聯繫電話與E-mail帳號，為保護考生個人權利，報名、報到…等時程，請注意簡訊通知。
2.如有相關問題請加入官方LINE詢問，有專人解答。 LINE  ID：@gogouch
3.新生註冊入學完成即享獎學金5000元。
4.高中申請入學系統，網址：https://enter.uch.edu.tw/firstapply/Default.aspx"
210002,210,健行科技大學,北區,6,車輛工程系,10,60,800,2.00,2.00,,,,,學習歷程備審資料審查,,學習歷程備審資料審查,80,學科能力測驗加權平均成績,20,國文學科能力測驗成績,,英文學科能力測驗成績,,,,,,,,,,詳見「複試說明」,115.5.6,,115.5.19,115.5.20,115.5.22,https://www.uch.edu.tw,"1.本校相關通知以手機簡訊通知，請考生務必留下個人正確聯繫電話與E-mail帳號，為保護考生個人權利，報名、報到…等時程，請注意簡訊通知。
2.如有相關問題請加入官方LINE詢問，有專人解答。 LINE  ID：@gogouch
3.新生註冊入學完成即享獎學金5000元。
4.高中申請入學系統，網址：https://enter.uch.edu.tw/firstapply/Default.aspx"
210003,210,健行科技大學,北區,6,機械工程系,10,60,800,5.00,,,,,,學習歷程備審資料審查,,學習歷程備審資料審查,90,學科能力測驗加權平均成績,10,英文學科能力測驗成績,,自然學科能力測驗成績,,,,,,,,,,詳見「複試說明」,115.5.6,,115.5.19,115.5.20,115.5.22,https://www.uch.edu.tw,"1.本校相關通知以手機簡訊通知，請考生務必留下個人正確聯繫電話與E-mail帳號，為保護考生個人權利，報名、報到…等時程，請注意簡訊通知。
2.如有相關問題請加入官方LINE詢問，有專人解答。 LINE  ID：@gogouch
3.新生註冊入學完成即享獎學金5000元。
4.高中申請入學系統，網址：https://enter.uch.edu.tw/firstapply/Default.aspx"
210004,210,健行科技大學,北區,6,室內設計與管理系,5,60,800,1.00,,,,1.00,,學習歷程備審資料審查,,學習歷程備審資料審查,90,學科能力測驗加權平均成績,10,國文學科能力測驗成績,,社會學科能力測驗成績,,,,,,,,,,詳見「複試說明」,115.5.6,,115.5.19,115.5.20,115.5.22,https://www.uch.edu.tw,"1.本校相關通知以手機簡訊通知，請考生務必留下個人正確聯繫電話與E-mail帳號，為保護考生個人權利，報名、報到…等時程，請注意簡訊通知。
2.如有相關問題請加入官方LINE詢問，有專人解答。 LINE  ID：@gogouch
3.新生註冊入學完成即享獎學金5000元。
4.高中申請入學系統，網址：https://enter.uch.edu.tw/firstapply/Default.aspx"
210005,210,健行科技大學,北區,6,國際企業經營系航空行銷組,1,60,800,1.00,,,,,,學習歷程備審資料審查,,學習歷程備審資料審查,90,學科能力測驗加權平均成績,10,英文學科能力測驗成績,,社會學科能力測驗成績,,,,,,,,,,詳見「複試說明」,115.5.6,,115.5.19,115.5.20,115.5.22,https://www.ib.uch.edu.tw/,"1.本校相關通知以手機簡訊通知，請考生務必留下個人正確聯繫電話與E-mail帳號，為保護考生個人權利，報名、報到…等時程，請注意簡訊通知。
2.如有相關問題請加入官方LINE詢問，有專人解答。 LINE  ID：@gogouch
3.新生註冊入學完成即享獎學金5000元。
4.高中申請入學系統，網址：https://enter.uch.edu.tw/firstapply/Default.aspx"
210006,210,健行科技大學,北區,6,國際企業經營系觀光休閒組,1,60,800,1.00,,,,,,學習歷程備審資料審查,,學習歷程備審資料審查,90,學科能力測驗加權平均成績,10,英文學科能力測驗成績,,社會學科能力測驗成績,,,,,,,,,,詳見「複試說明」,115.5.6,,115.5.19,115.5.20,115.5.22,https://www.ib.uch.edu.tw/,"1.本校相關通知以手機簡訊通知，請考生務必留下個人正確聯繫電話與E-mail帳號，為保護考生個人權利，報名、報到…等時程，請注意簡訊通知。
2.如有相關問題請加入官方LINE詢問，有專人解答。 LINE  ID：@gogouch
3.新生註冊入學完成即享獎學金5000元。
4.高中申請入學系統，網址：https://enter.uch.edu.tw/firstapply/Default.aspx"
210007,210,健行科技大學,北區,6,數位多媒體設計系,2,60,800,1.00,,,,1.00,,學習歷程備審資料審查,,學習歷程備審資料審查,90,學科能力測驗加權平均成績,10,國文學科能力測驗成績,,社會學科能力測驗成績,,,,,,,,,,詳見「複試說明」,115.5.6,,115.5.19,115.5.20,115.5.22,https://www.uch.edu.tw,"1.本校相關通知以手機簡訊通知，請考生務必留下個人正確聯繫電話與E-mail帳號，為保護考生個人權利，報名、報到…等時程，請注意簡訊通知。
2.如有相關問題請加入官方LINE詢問，有專人解答。 LINE  ID：@gogouch
3.新生註冊入學完成即享獎學金5000元。
4.高中申請入學系統，網址：https://enter.uch.edu.tw/firstapply/Default.aspx"
210008,210,健行科技大學,北區,6,餐旅管理系,4,60,800,3.00,6.00,,,,,學習歷程備審資料審查,,學習歷程備審資料審查,90,學科能力測驗加權平均成績,10,國文學科能力測驗成績,,英文學科能力測驗成績,,,,,,,,,,詳見「複試說明」,115.5.6,,115.5.19,115.5.20,115.5.22,https://www.uch.edu.tw,"1.本校相關通知以手機簡訊通知，請考生務必留下個人正確聯繫電話與E-mail帳號，為保護考生個人權利，報名、報到…等時程，請注意簡訊通知。
2.如有相關問題請加入官方LINE詢問，有專人解答。 LINE  ID：@gogouch
3.新生註冊入學完成即享獎學金5000元。
4.高中申請入學系統，網址：https://enter.uch.edu.tw/firstapply/Default.aspx"
210009,210,健行科技大學,北區,6,應用外語系日韓語組,1,60,800,3.00,,,,,,學習歷程備審資料審查,,學習歷程備審資料審查,90,學科能力測驗加權平均成績,10,英文學科能力測驗成績,,社會學科能力測驗成績,,,,,,,,,,詳見「複試說明」,115.5.6,,115.5.19,115.5.20,115.5.22,https://www.afl.uch.edu.tw/,"1.本校相關通知以手機簡訊通知，請考生務必留下個人正確聯繫電話與E-mail帳號，為保護考生個人權利，報名、報到…等時程，請注意簡訊通知。
2.如有相關問題請加入官方LINE詢問，有專人解答。 LINE  ID：@gogouch
3.新生註冊入學完成即享獎學金5000元。
4.高中申請入學系統，網址：https://enter.uch.edu.tw/firstapply/Default.aspx"
210010,210,健行科技大學,北區,6,工業管理系,1,60,800,1.00,1.00,,,,,學習歷程備審資料審查,,學習歷程備審資料審查,80,學科能力測驗加權平均成績,20,國文學科能力測驗成績,,英文學科能力測驗成績,,,,,,,,,,詳見「複試說明」,115.5.6,,115.5.19,115.5.20,115.5.22,https://www.ie.uch.edu.tw/,"1.本校相關通知以手機簡訊通知，請考生務必留下個人正確聯繫電話與E-mail帳號，為保護考生個人權利，報名、報到…等時程，請注意簡訊通知。
2.如有相關問題請加入官方LINE詢問，有專人解答。 LINE  ID：@gogouch
3.新生註冊入學完成即享獎學金5000元。
4.高中申請入學系統，網址：https://enter.uch.edu.tw/firstapply/Default.aspx"
210011,210,健行科技大學,北區,6,企業管理系,6,60,800,,,,,1.00,,學習歷程備審資料審查,,學習歷程備審資料審查,95,學科能力測驗加權平均成績,5,國文學科能力測驗成績,,英文學科能力測驗成績,,,,,,,,,,詳見「複試說明」,115.5.6,,115.5.19,115.5.20,115.5.22,https://www.ba.uch.edu.tw/,"1.本校相關通知以手機簡訊通知，請考生務必留下個人正確聯繫電話與E-mail帳號，為保護考生個人權利，報名、報到…等時程，請注意簡訊通知。
2.如有相關問題請加入官方LINE詢問，有專人解答。 LINE  ID：@gogouch
3.新生註冊入學完成即享獎學金5000元。
4.高中申請入學系統，網址：https://enter.uch.edu.tw/firstapply/Default.aspx"
210012,210,健行科技大學,北區,6,行銷與流通管理系,4,60,800,,,,,1.00,,學習歷程備審資料審查,,學習歷程備審資料審查,95,學科能力測驗加權平均成績,5,英文學科能力測驗成績,,國文學科能力測驗成績,,,,,,,,,,詳見「複試說明」,115.5.6,,115.5.19,115.5.20,115.5.22,https://www.uch.edu.tw,"1.本校相關通知以手機簡訊通知，請考生務必留下個人正確聯繫電話與E-mail帳號，為保護考生個人權利，報名、報到…等時程，請注意簡訊通知。
2.如有相關問題請加入官方LINE詢問，有專人解答。 LINE  ID：@gogouch
3.新生註冊入學完成即享獎學金5000元。
4.高中申請入學系統，網址：https://enter.uch.edu.tw/firstapply/Default.aspx"
210013,210,健行科技大學,北區,6,行銷與流通管理系運動行銷組,2,60,800,,,,,1.00,,學習歷程備審資料審查,,學習歷程備審資料審查,95,學科能力測驗加權平均成績,5,英文學科能力測驗成績,,國文學科能力測驗成績,,,,,,,,,,詳見「複試說明」,115.5.6,,115.5.19,115.5.20,115.5.22,https://www.uch.edu.tw,"1.本校相關通知以手機簡訊通知，請考生務必留下個人正確聯繫電話與E-mail帳號，為保護考生個人權利，報名、報到…等時程，請注意簡訊通知。
2.如有相關問題請加入官方LINE詢問，有專人解答。 LINE  ID：@gogouch
3.新生註冊入學完成即享獎學金5000元。
4.高中申請入學系統，網址：https://enter.uch.edu.tw/firstapply/Default.aspx"
210014,210,健行科技大學,北區,6,財務金融系投資理財組,4,60,800,1.00,,,,,,學習歷程備審資料審查,,學習歷程備審資料審查,90,學科能力測驗加權平均成績,10,英文學科能力測驗成績,,社會學科能力測驗成績,,,,,,,,,,詳見「複試說明」,115.5.6,,115.5.19,115.5.20,115.5.22,https://www.uch.edu.tw,"1.本校相關通知以手機簡訊通知，請考生務必留下個人正確聯繫電話與E-mail帳號，為保護考生個人權利，報名、報到…等時程，請注意簡訊通知。
2.如有相關問題請加入官方LINE詢問，有專人解答。 LINE  ID：@gogouch
3.新生註冊入學完成即享獎學金5000元。
4.高中申請入學系統，網址：https://enter.uch.edu.tw/firstapply/Default.aspx"
210015,210,健行科技大學,北區,6,財務金融系金融管理組,4,60,800,1.00,,,,,,學習歷程備審資料審查,,學習歷程備審資料審查,90,學科能力測驗加權平均成績,10,英文學科能力測驗成績,,社會學科能力測驗成績,,,,,,,,,,詳見「複試說明」,115.5.6,,115.5.19,115.5.20,115.5.22,https://www.uch.edu.tw,"1.本校相關通知以手機簡訊通知，請考生務必留下個人正確聯繫電話與E-mail帳號，為保護考生個人權利，報名、報到…等時程，請注意簡訊通知。
2.如有相關問題請加入官方LINE詢問，有專人解答。 LINE  ID：@gogouch
3.新生註冊入學完成即享獎學金5000元。
4.高中申請入學系統，網址：https://enter.uch.edu.tw/firstapply/Default.aspx"
210016,210,健行科技大學,北區,6,資訊管理系,4,60,800,1.00,,,,,,學習歷程備審資料審查,,學習歷程備審資料審查,90,學科能力測驗加權平均成績,10,英文學科能力測驗成績,,社會學科能力測驗成績,,,,,,,,,,詳見「複試說明」,115.5.6,,115.5.19,115.5.20,115.5.22,https://www.im.uch.edu.tw/,"1.本校相關通知以手機簡訊通知，請考生務必留下個人正確聯繫電話與E-mail帳號，為保護考生個人權利，報名、報到…等時程，請注意簡訊通知。
2.如有相關問題請加入官方LINE詢問，有專人解答。 LINE  ID：@gogouch
3.新生註冊入學完成即享獎學金5000元。
4.高中申請入學系統，網址：https://enter.uch.edu.tw/firstapply/Default.aspx"
210017,210,健行科技大學,北區,6,資訊工程系,14,84,800,1.00,1.00,,,,,學習歷程備審資料審查,,學習歷程備審資料審查,90,學科能力測驗加權平均成績,10,國文學科能力測驗成績,,英文學科能力測驗成績,,,,,,,,9,,詳見「複試說明」,115.5.6,,115.5.19,115.5.20,115.5.22,https://www.uch.edu.tw,"1.本校相關通知以手機簡訊通知，請考生務必留下個人正確聯繫電話與E-mail帳號，為保護考生個人權利，報名、報到…等時程，請注意簡訊通知。
2.如有相關問題請加入官方LINE詢問，有專人解答。 LINE  ID：@gogouch
3.新生註冊入學完成即享獎學金5000元。
4.高中申請入學系統，網址：https://enter.uch.edu.tw/firstapply/Default.aspx"
210018,210,健行科技大學,北區,6,電機工程系,10,60,800,1.00,,,,,1.00,學習歷程備審資料審查,,學習歷程備審資料審查,90,學科能力測驗加權平均成績,10,國文學科能力測驗成績,,自然學科能力測驗成績,,,,,,,,6,,詳見「複試說明」,115.5.6,,115.5.19,115.5.20,115.5.22,https://www.uch.edu.tw,"1.本校相關通知以手機簡訊通知，請考生務必留下個人正確聯繫電話與E-mail帳號，為保護考生個人權利，報名、報到…等時程，請注意簡訊通知。
2.如有相關問題請加入官方LINE詢問，有專人解答。 LINE  ID：@gogouch
3.新生註冊入學完成即享獎學金5000元。
4.高中申請入學系統，網址：https://enter.uch.edu.tw/firstapply/Default.aspx"
211001,211,正修科技大學,南區,6,土木與空間資訊系,25,150,800,3.00,1.00,,,,,學習歷程備審資料審查,,學習歷程備審資料審查,80,學科能力測驗加權平均成績,20,國文學科能力測驗成績,,英文學科能力測驗成績,,,,,,,,15,,詳見「複試說明」,115.5.6,,115.5.19,115.5.20,115.5.21,https://civil.csu.edu.tw/,"1.提供申請入學獎學金正取生1萬元，限錄取當學年度第一年（2學期）平均發給，第二學期起，須前一學期學業成績平均達75分（含）以上始與發給，未達者取消該學期之獎助學金；正取生與備取生皆可依規定申請千萬海外見習體驗計畫全額補助。凡具學雜費減免資格可再申請勵學金8,000元；另於開學前規劃免費證照課程，輔導考取專業證照，請參閱本校日間部四技新生入學獎勵辦法。
2.本校提供5000萬元獎助學金及安心就學工讀機會，請參閱本校獎助學金實施辦法。"
211002,211,正修科技大學,南區,6,電子工程系,26,156,800,1.00,1.00,,,,,學習歷程備審資料審查,,學習歷程備審資料審查,80,學科能力測驗加權平均成績,20,英文學科能力測驗成績,,國文學科能力測驗成績,,,,,,,,16,,詳見「複試說明」,115.5.6,,115.5.19,115.5.20,115.5.21,https://www.ee.csu.edu.tw,"1.提供申請入學獎學金正取生1萬元，限錄取當學年度第一年（2學期）平均發給，第二學期起，須前一學期學業成績平均達75分（含）以上始與發給，未達者取消該學期之獎助學金；正取生與備取生皆可依規定申請千萬海外見習體驗計畫全額補助。凡具學雜費減免資格可再申請勵學金8,000元；另於開學前規劃免費證照課程，輔導考取專業證照，請參閱本校日間部四技新生入學獎勵辦法。
2.本校提供5000萬元獎助學金及安心就學工讀機會，請參閱本校獎助學金實施辦法。
3.培育半導體與人工智慧（AI）人才之首選。
4.與上市（櫃）公司合作，畢業即就業。"
211003,211,正修科技大學,南區,6,機械工程系,7,60,800,3.00,2.00,,,,,學習歷程備審資料審查,,學習歷程備審資料審查,80,學科能力測驗加權平均成績,20,國文學科能力測驗成績,,英文學科能力測驗成績,,,,,,,,,,詳見「複試說明」,115.5.6,,115.5.19,115.5.20,115.5.21,https://me.csu.edu.tw,"1.提供獎學金正取生1萬元，限錄取當學年度第一年（2學期）平均發給，第二學期起，須前一學期學業成績平均達75分（含）以上始與發給，未達者取消該學期之獎助學金；正取生與備取生皆可依規定申請千萬海外見習體驗計畫全額補助。凡具學雜費減免資格可再申請勵學金8,000元；另於開學前規劃免費證照課程，輔導考取專業證照，請參閱本校新生入學獎勵辦法。
2.本校提供5000萬元獎助學金及安心就學工讀機會，請參閱本校獎助學金實施辦法。
3.配合國家重點產業發展方向：「智慧製造與工業4.0」及「國防及半導體製程設備產業」，建置全國唯一「五軸切削技術人才培育基地」，培育先進材料複合製程技術與自動化製程能力的人才。"
211004,211,正修科技大學,南區,6,電機工程系,7,60,800,3.00,2.00,,,,,學習歷程備審資料審查,,學習歷程備審資料審查,80,學科能力測驗加權平均成績,20,國文學科能力測驗成績,,英文學科能力測驗成績,,,,,,,,6,,詳見「複試說明」,115.5.6,,115.5.19,115.5.20,115.5.21,https://electrical.csu.edu.tw/wSite/mp?mp=542201,"1.提供申請入學獎學金正取生1萬元，限錄取當學年度第一年（2學期）平均發給，第二學期起，須前一學期學業成績平均達75分（含）以上始與發給，未達者取消該學期之獎助學金；正取生與備取生皆可依規定申請千萬海外見習體驗計畫全額補助。凡具學雜費減免資格可再申請勵學金8,000元；另於開學前規劃免費證照課程，輔導考取專業證照，請參閱本校日間部四技新生入學獎勵辦法。
2.本校提供5000萬元獎助學金及安心就學工讀機會，請參閱本校獎助學金實施辦法。
3.本系程式設計相關課程有計算機概論、程式語言、可程式控制及實習、單晶片應用及實習等。"
211005,211,正修科技大學,南區,6,工業工程與管理系,20,120,800,3.00,2.00,,,,,學習歷程備審資料審查,,學習歷程備審資料審查,80,學科能力測驗加權平均成績,20,國文學科能力測驗成績,,英文學科能力測驗成績,,,,,,,,,,詳見「複試說明」,115.5.6,,115.5.19,115.5.20,115.5.21,https://iem.csu.edu.tw,"1.提供申請入學獎學金正取生1萬元，限錄取當學年度第一年（2學期）平均發給；正取生與備取生皆可依規定申請千萬海外見習體驗計畫全額補助。凡具學雜費減免資格可再申請勵學金8,000元；另於開學前規劃免費證照課程，輔導考取專業證照，請參閱本校四技新生入學獎勵辦法。
2.本校提供7000萬元獎助學金及安心就學工讀機會。
3.本系擁有中小企業必備之企業資源規劃軟體（ERP）培訓同學獲取證照。
4.本系設立智慧機器人競賽團隊參加教育部比賽獲獎無數。
5.配合工業4.0設置智慧製造系統強化學生就業競爭力。
6.本系連續12年通過行政院勞動部勞動力發展署就業學程計畫以提升學生實務能力，畢業就業無煩惱。"
211006,211,正修科技大學,南區,6,建築與室內設計系建築設計組,28,168,800,2.00,1.00,,,,,學習歷程備審資料審查,,學習歷程備審資料審查,80,學科能力測驗加權平均成績,20,國文學科能力測驗成績,,英文學科能力測驗成績,,,,,,,,,,詳見「複試說明」,115.5.6,,115.5.19,115.5.20,115.5.21,https://archi.csu.edu.tw/,"1.提供申請入學獎學金正取生1萬元，限錄取當學年度第一年（2學期）平均發給，第二學期起，須前一學期學業成績平均達75分（含）以上始與發給，未達者取消該學期之獎助學金；正取生與備取生皆可依規定申請千萬海外見習體驗計畫全額補助。凡具學雜費減免資格可再申請勵學金8,000元；另於開學前規劃免費證照課程，輔導考取專業證照，請參閱本校日間部四技新生入學獎勵辦法。
2.本校提供5000萬元獎助學金及安心就學工讀機會，請參閱本校獎助學金實施辦法。"
211007,211,正修科技大學,南區,6,建築與室內設計系室內設計組,7,60,800,2.00,1.00,,,,,學習歷程備審資料審查,,學習歷程備審資料審查,80,學科能力測驗加權平均成績,20,國文學科能力測驗成績,,英文學科能力測驗成績,,,,,,,,,,詳見「複試說明」,115.5.6,,115.5.19,115.5.20,115.5.21,https://archi.csu.edu.tw/,"1.提供申請入學獎學金正取生1萬元，限錄取當學年度第一年（2學期）平均發給，第二學期起，須前一學期學業成績平均達75分（含）以上始與發給，未達者取消該學期之獎助學金；正取生與備取生皆可依規定申請千萬海外見習體驗計畫全額補助。凡具學雜費減免資格可再申請勵學金8,000元；另於開學前規劃免費證照課程，輔導考取專業證照，請參閱本校日間部四技新生入學獎勵辦法。
2.本校提供5000萬元獎助學金及安心就學工讀機會，請參閱本校獎助學金實施辦法。"
211008,211,正修科技大學,南區,6,資訊工程系,15,90,800,1.00,1.00,,,,,學習歷程備審資料審查,,學習歷程備審資料審查,80,學科能力測驗加權平均成績,20,英文學科能力測驗成績,,國文學科能力測驗成績,,,,,,,,9,,詳見「複試說明」,115.5.6,,115.5.19,115.5.20,115.5.21,https://csie.csu.edu.tw/,"1.提供申請入學獎學金正取生1萬元，限錄取當學年度第一年（2學期）平均發給，第二學期起，須前一學期學業成績平均達75分（含）以上始與發給，未達者取消該學期之獎助學金；正取生與備取生皆可依規定申請千萬海外見習體驗計畫全額補助。凡具學雜費減免資格可再申請勵學金8,000元；另於開學前規劃免費證照課程，輔導考取專業證照，請參閱本校日間部四技新生入學獎勵辦法。
2.本校提供5000萬元獎助學金及安心就學工讀機會，請參閱本校獎助學金實施辦法。
3.培育AI加值、XR應用、資安科技之半導體與IC科技產業專業人才之首選。
4.與上市（櫃）公司合作，畢業即就業。"
211009,211,正修科技大學,南區,6,電競科技系,7,60,800,2.00,1.00,,,,,學習歷程備審資料審查,,學習歷程備審資料審查,80,學科能力測驗加權平均成績,20,國文學科能力測驗成績,,英文學科能力測驗成績,,,,,,,,,,詳見「複試說明」,115.5.6,,115.5.19,115.5.20,115.5.21,https://estm.csu.edu.tw/,"1.提供申請入學獎學金正取生1萬元，限錄取當學年度第一年（2學期）平均發給，第二學期起，須前一學期學業成績平均達75分（含）以上始與發給，未達者取消該學期之獎助學金；正取生與備取生皆可依規定申請千萬海外見習體驗計畫全額補助。凡具學雜費減免資格可再申請勵學金8,000元；另於開學前規劃免費證照課程，輔導考取專業證照，請參閱本校日間部四技新生入學獎勵辦法。
2.本校提供5000萬元獎助學金及安心就學工讀機會，請參閱本校獎助學金實施辦法。"
211010,211,正修科技大學,南區,6,企業管理系,7,60,800,1.00,1.00,,,,,學習歷程備審資料審查,,學習歷程備審資料審查,80,學科能力測驗加權平均成績,20,國文學科能力測驗成績,,英文學科能力測驗成績,,數學B學科能力測驗成績,,,,,,,,詳見「複試說明」,115.5.6,,115.5.19,115.5.20,115.5.21,https://ba.csu.edu.tw/,"1.提供申請入學獎學金正取生1萬元，限錄取當學年度第一年（2學期）平均發給，第二學期起，須前一學期學業成績平均達75分（含）以上始與發給，未達者取消該學期之獎助學金；正取生與備取生皆可依規定申請千萬海外見習體驗計畫全額補助。凡具學雜費減免資格可再申請勵學金8,000元；另於開學前規劃免費證照課程，輔導考取專業證照，請參閱本校日間部四技新生入學獎勵辦法。
2.本校提供5000萬元獎助學金及安心就學工讀機會，請參閱本校獎助學金實施辦法。"
211011,211,正修科技大學,南區,6,資訊管理系,7,60,800,2.00,1.00,,,,,學習歷程備審資料審查,,學習歷程備審資料審查,80,學科能力測驗加權平均成績,20,國文學科能力測驗成績,,英文學科能力測驗成績,,數學B學科能力測驗成績,,,,,,6,,詳見「複試說明」,115.5.6,,115.5.19,115.5.20,115.5.21,https://mis.csu.edu.tw,"1.提供申請入學獎學金正取生1萬元，限錄取當學年度第一年（2學期）平均發給，第二學期起，須前一學期學業成績平均達75分（含）以上始與發給，未達者取消該學期之獎助學金；正取生與備取生皆可依規定申請千萬海外見習體驗計畫全額補助。凡具學雜費減免資格可再申請勵學金8,000元；另於開學前規劃免費證照課程，輔導考取專業證照，請參閱本校日間部四技新生入學獎勵辦法。
2.本校提供5000萬元獎助學金及安心就學工讀機會，請參閱本校獎助學金實施辦法。"
211012,211,正修科技大學,南區,6,金融管理系,7,60,800,1.00,1.00,,,,,學習歷程備審資料審查,,學習歷程備審資料審查,80,學科能力測驗加權平均成績,20,國文學科能力測驗成績,,英文學科能力測驗成績,,數學B學科能力測驗成績,,,,,,,,詳見「複試說明」,115.5.6,,115.5.19,115.5.20,115.5.21,https://fb.csu.edu.tw,"1.提供申請入學獎學金正取生1萬元，限錄取當學年度第一年（2學期）平均發給，第二學期起，須前一學期學業成績平均達75分（含）以上始與發給，未達者取消該學期之獎助學金；正取生與備取生皆可依規定申請千萬海外見習體驗計畫全額補助。凡具學雜費減免資格可再申請勵學金8,000元；另於開學前規劃免費證照課程，輔導考取專業證照，請參閱本校日間部四技新生入學獎勵辦法。
2.本校提供5000萬元獎助學金及安心就學工讀機會，請參閱本校獎助學金實施辦法。"
211013,211,正修科技大學,南區,6,化妝品與時尚彩妝系,20,120,800,1.00,1.00,,,,,學習歷程備審資料審查,,學習歷程備審資料審查,80,學科能力測驗加權平均成績,20,國文學科能力測驗成績,,英文學科能力測驗成績,,,,,,,,,,詳見「複試說明」,115.5.6,,115.5.19,115.5.20,115.5.21,https://cosmetic.csu.edu.tw,"1.提供申請入學獎學金正取生1萬元，限錄取當學年度第一年（2學期）平均發給，第二學期起，須前一學期學業成績平均達75分（含）以上始與發給，未達者取消該學期之獎助學金；正取生與備取生皆可依規定申請千萬海外見習體驗計畫全額補助。凡具學雜費減免資格可再申請勵學金8,000元；另於開學前規劃免費證照課程，輔導考取專業證照，請參閱本校日間部四技新生入學獎勵辦法。
2.本校提供5000萬元獎助學金及安心就學工讀機會，請參閱本校獎助學金實施辦法。"
211014,211,正修科技大學,南區,6,幼兒保育系托育教學組,7,60,800,1.00,,,,1.00,,學習歷程備審資料審查,,學習歷程備審資料審查,80,學科能力測驗加權平均成績,20,社會學科能力測驗成績,,國文學科能力測驗成績,,,,,,,,,,詳見「複試說明」,115.5.6,,115.5.19,115.5.20,115.5.21,https://ecce.csu.edu.tw/,"1.提供申請入學獎學金正取生1萬元，限錄取當學年度第一年（2學期）平均發給，第二學期起，須前一學期學業成績平均達75分（含）以上始與發給，未達者取消該學期之獎助學金；正取生與備取生皆可依規定申請千萬海外見習體驗計畫全額補助。凡具學雜費減免資格可再申請勵學金8,000元；另於開學前規劃免費證照課程，輔導考取專業證照，請參閱本校日間部四技新生入學獎勵辦法。
2.本校提供5000萬元獎助學金及安心就學工讀機會，請參閱本校獎助學金實施辦法。"
211015,211,正修科技大學,南區,6,幼兒保育系家庭社工組,12,72,800,1.00,,,,1.00,,學習歷程備審資料審查,,學習歷程備審資料審查,80,學科能力測驗加權平均成績,20,社會學科能力測驗成績,,國文學科能力測驗成績,,,,,,,,,,詳見「複試說明」,115.5.6,,115.5.19,115.5.20,115.5.21,https://ecce.csu.edu.tw/,"1.提供申請入學獎學金正取生1萬元，限錄取當學年度第一年（2學期）平均發給，第二學期起，須前一學期學業成績平均達75分（含）以上始與發給，未達者取消該學期之獎助學金；正取生與備取生皆可依規定申請千萬海外見習體驗計畫全額補助。凡具學雜費減免資格可再申請勵學金8,000元；另於開學前規劃免費證照課程，輔導考取專業證照，請參閱本校日間部四技新生入學獎勵辦法。
2.本校提供5000萬元獎助學金及安心就學工讀機會，請參閱本校獎助學金實施辦法。"
211016,211,正修科技大學,南區,6,休閒與運動管理系,15,90,800,2.00,2.00,,,,,學習歷程備審資料審查,,學習歷程備審資料審查,80,學科能力測驗加權平均成績,20,國文學科能力測驗成績,,英文學科能力測驗成績,,,,,,,,,,詳見「複試說明」,115.5.6,,115.5.19,115.5.20,115.5.21,https://csulsm.csu.edu.tw/,"1.提供申請入學獎學金正取生1萬元，限錄取當學年度第一年（2學期）平均發給，第二學期起，須前一學期學業成績平均達75分（含）以上始與發給，未達者取消該學期之獎助學金；正取生與備取生皆可依規定申請千萬海外見習體驗計畫全額補助。凡具學雜費減免資格可再申請勵學金8,000元；另於開學前規劃免費證照課程，輔導考取專業證照，請參閱本校日間部四技新生入學獎勵辦法。
2.本校提供5000萬元獎助學金及安心就學工讀機會，請參閱本校獎助學金實施辦法。"
211017,211,正修科技大學,南區,6,觀光遊憩系,4,60,800,,,,,2.00,2.00,學習歷程備審資料審查,,學習歷程備審資料審查,80,學科能力測驗加權平均成績,20,社會學科能力測驗成績,,自然學科能力測驗成績,,,,,,,,,,詳見「複試說明」,115.5.6,,115.5.19,115.5.20,115.5.21,https://tourism.csu.edu.tw,"1.提供申請入學獎學金正取生1萬元，限錄取當學年度第一年（2學期）平均發給，第二學期起，須前一學期學業成績平均達75分（含）以上始與發給，未達者取消該學期之獎助學金；正取生與備取生皆可依規定申請千萬海外見習體驗計畫全額補助。凡具學雜費減免資格可再申請勵學金8,000元；另於開學前規劃免費證照課程，輔導考取專業證照，請參閱本校日間部四技新生入學獎勵辦法。
2.本校提供5000萬元獎助學金及安心就學工讀機會，請參閱本校獎助學金實施辦法。
3.本系課程規劃海內外6+6個月校外實習（彈性選修），惟考生需具備良好的移動能力。"
211018,211,正修科技大學,南區,6,數位多媒體設計系,7,60,800,2.00,1.00,,,,,學習歷程備審資料審查,,學習歷程備審資料審查,80,學科能力測驗加權平均成績,20,國文學科能力測驗成績,,英文學科能力測驗成績,,,,,,,,6,,詳見「複試說明」,115.5.6,,115.5.19,115.5.20,115.5.21,https://media.csu.edu.tw,"1.提供獎學金正取生1萬元，限錄取當年度分二學期平均發給，第二學期起，須前一學期學業成績平均達75分（含）以上始與發給，未達者取消該學期之獎助學金；正取生與備取生皆可依規定申請千萬海外見習體驗計畫全額補助。凡具學雜費減免資格可再申請勵學金8,000元；另於開學前規劃免費證照課程，輔導考取專業證照，請參閱本校日間部新生入學獎勵辦法。
2.本校提供5000萬元獎助學金及安心就學工讀機會，請參閱本校獎助學金實施辦法。
3.本系程式設計相關課程有「運算思維與創意程式」、「程式設計」、「人機互動設計」、「遊戲程式設計」、「行動遊戲程式設計」、「遊戲人工智慧」、「虛擬實境」、「人工智慧與設計應用」等。"
211019,211,正修科技大學,南區,6,視覺傳達設計系,7,60,800,2.00,1.00,,,,,學習歷程備審資料審查,,學習歷程備審資料審查,80,學科能力測驗加權平均成績,20,國文學科能力測驗成績,,英文學科能力測驗成績,,,,,,,,,,詳見「複試說明」,115.5.6,,115.5.19,115.5.20,115.5.21,https://vcd.csu.edu.tw/,"1.提供申請入學獎學金正取生1萬元，限錄取當學年度第一年（2學期）平均發給，第二學期起，須前一學期學業成績平均達75分（含）以上始與發給，未達者取消該學期之獎助學金；正取生與備取生皆可依規定申請千萬海外見習體驗計畫全額補助。凡具學雜費減免資格可再申請勵學金8,000元；另於開學前規劃免費證照課程，輔導考取專業證照，請參閱本校日間部四技新生入學獎勵辦法。
2.本校提供5000萬元獎助學金及安心就學工讀機會，請參閱本校獎助學金實施辦法。"
211020,211,正修科技大學,南區,6,餐飲管理系,4,60,800,2.00,1.00,,,,,學習歷程備審資料審查,,學習歷程備審資料審查,80,學科能力測驗加權平均成績,20,國文學科能力測驗成績,,英文學科能力測驗成績,,,,,,,,,,詳見「複試說明」,115.5.6,,115.5.19,115.5.20,115.5.21,https://fbm.csu.edu.tw/,"1.提供申請入學獎學金正取生1萬元，限錄取當學年度第一年（2學期）平均發給，第二學期起，須前一學期學業成績平均達75分（含）以上始與發給，未達者取消該學期之獎助學金；正取生與備取生皆可依規定申請千萬海外見習體驗計畫全額補助。凡具學雜費減免資格可再申請勵學金8,000元；另於開學前規劃免費證照課程，輔導考取專業證照，請參閱本校日間部四技新生入學獎勵辦法。
2.本校提供5000萬元獎助學金及安心就學工讀機會，請參閱本校獎助學金實施辦法。"
211021,211,正修科技大學,南區,6,護理系,22,132,800,2.00,1.00,,,,1.00,學習歷程備審資料審查,,學習歷程備審資料審查,80,學科能力測驗加權平均成績,20,國文學科能力測驗成績,,英文學科能力測驗成績,,,,,,,,,,詳見「複試說明」,115.5.6,,115.5.19,115.5.20,115.5.21,https://nursing.csu.edu.tw/wSite/mp?mp=00338,"1.提供申請入學獎學金正取生1萬元，限錄取當學年度第一年（2學期）平均發給，第二學期起，須前一學期學業成績平均達75分（含）以上始與發給，未達者取消該學期之獎助學金；正取生與備取生皆可依規定申請千萬海外見習體驗計畫全額補助。凡具學雜費減免資格可再申請勵學金8,000元；另於開學前規劃免費證照課程，輔導考取專業證照，請參閱本校日間部四技新生入學獎勵辦法。
2.本校提供5000萬元獎助學金及安心就學工讀機會，請參閱本校獎助學金實施辦法。"
212001,212,萬能科技大學,北區,1,室內設計與營建科技系室內設計與管理組,15,90,1000,2.00,,,,,,學習歷程備審資料審查,中文面試,中文面試,45,學習歷程備審資料審查,35,學科能力測驗加權平均成績,20,英文學科能力測驗成績,,,,,,,,,,詳見「複試說明」,115.5.6,115.5.15,115.5.20,115.5.21,115.5.22,https://www.ce.vnu.edu.tw,"1.新生敦品勵學獎助學金：
（1）115/06/30前填寫預約報名系統者，具敦品獎助學金申請資格。
（2）獎助學金發放標準與方式依本校相關辦法為準詳細內容請上本校招生處網頁查詢。
2.在學獎助學金：提供校外競賽、證照取得、學業優異、運動績優等傑出表現暨協助清寒、弱勢、急難同學安心就讀等獎助學金、留學獎助學金（提供赴美、日、韓國海外研修姊妹校一年學雜費全免之獎助學金），獎助學金發放標準與方式依本校相關辦法為準。
3.招生處專線（03）4515811分機20700、20707、21505，專人輔導Line ID： vnulion。"
212002,212,萬能科技大學,北區,1,室內設計與營建科技系營建與空間設計組,6,60,1000,2.00,,,,,,學習歷程備審資料審查,中文面試,中文面試,45,學習歷程備審資料審查,35,學科能力測驗加權平均成績,20,英文學科能力測驗成績,,,,,,,,,,詳見「複試說明」,115.5.6,115.5.15,115.5.20,115.5.21,115.5.22,https://www.ce.vnu.edu.tw/,"1.新生敦品勵學獎助學金：
（1）115/06/30前填寫預約報名系統者，具敦品獎助學金申請資格。
（2）獎助學金發放標準與方式依本校相關辦法為準詳細內容請上本校招生處網頁查詢。
2.在學獎助學金：提供校外競賽、證照取得、學業優異、運動績優等傑出表現暨協助清寒、弱勢、急難同學安心就讀等獎助學金、留學獎助學金（提供赴美、日、韓國海外研修姊妹校一年學雜費全免之獎助學金），獎助學金發放標準與方式依本校相關辦法為準。
3.招生處專線（03）4515811分機20700、20707、21505，專人輔導Line ID： vnulion。"
212003,212,萬能科技大學,北區,1,資訊工程系,10,60,800,2.00,,,,,,學習歷程備審資料審查,,學習歷程備審資料審查,80,學科能力測驗加權平均成績,20,英文學科能力測驗成績,,數學B學科能力測驗成績,,自然學科能力測驗成績,,,,,,6,,詳見「複試說明」,115.5.6,,115.5.20,115.5.21,115.5.22,https://www.csie.vnu.edu.tw,"1.新生敦品勵學獎助學金：
（1）115/06/30前填寫預約報名系統者，具敦品獎助學金申請資格。
（2）獎助學金發放標準與方式依本校相關辦法為準詳細內容請上本校招生處網頁查詢。
2.在學獎助學金：提供校外競賽、證照取得、學業優異、運動績優等傑出表現暨協助清寒、弱勢、急難同學安心就讀等獎助學金、留學獎助學金（提供赴美、日、韓國海外研修姊妹校一年學雜費全免之獎助學金），獎助學金發放標準與方式依本校相關辦法為準。
3.招生處專線（03）4515811分機20700、20707、21505，專人輔導Line ID： vnulion。"
212004,212,萬能科技大學,北區,1,航空光機電系,15,90,800,2.00,,,,,,學習歷程備審資料審查,,學習歷程備審資料審查,80,學科能力測驗加權平均成績,20,英文學科能力測驗成績,,自然學科能力測驗成績,,,,,,,,,,詳見「複試說明」,115.5.6,,115.5.20,115.5.21,115.5.22,https://www.aom.vnu.edu.tw,"1.新生敦品勵學獎助學金：
（1）115/06/30前填寫預約報名系統者，具敦品獎助學金申請資格。
（2）獎助學金發放標準與方式依本校相關辦法為準詳細內容請上本校招生處網頁查詢。
2.在學獎助學金：提供校外競賽、證照取得、學業優異、運動績優等傑出表現暨協助清寒、弱勢、急難同學安心就讀等獎助學金、留學獎助學金（提供赴美、日、韓國海外研修姊妹校一年學雜費全免之獎助學金），獎助學金發放標準與方式依本校相關辦法為準。
3.招生處專線（03）4515811分機20700、20707、21505，專人輔導Line ID： vnulion。"
212005,212,萬能科技大學,北區,1,電機工程系,12,72,800,2.00,,,,,,學習歷程備審資料審查,,學習歷程備審資料審查,80,學科能力測驗加權平均成績,20,英文學科能力測驗成績,,自然學科能力測驗成績,,,,,,,,,,詳見「複試說明」,115.5.6,,115.5.20,115.5.21,115.5.22,https://www.ee.vnu.edu.tw,"1.新生敦品勵學獎助學金：
（1）115/06/30前填寫預約報名系統者，具敦品獎助學金申請資格。
（2）獎助學金發放標準與方式依本校相關辦法為準詳細內容請上本校招生處網頁查詢。
2.在學獎助學金：提供校外競賽、證照取得、學業優異、運動績優等傑出表現暨協助清寒、弱勢、急難同學安心就讀等獎助學金、留學獎助學金（提供赴美、日、韓國海外研修姊妹校一年學雜費全免之獎助學金），獎助學金發放標準與方式依本校相關辦法為準。
3.招生處專線（03）4515811分機20700、20707、21505，專人輔導Line ID： vnulion。"
212006,212,萬能科技大學,北區,1,化妝品應用與管理系,10,60,1000,2.00,,,,,,學習歷程備審資料審查,中文面試,中文面試,50,學習歷程備審資料審查,30,學科能力測驗加權平均成績,20,社會學科能力測驗成績,,,,,,,,,,詳見「複試說明」,115.5.6,115.5.15,115.5.20,115.5.21,115.5.22,https://www.cm.vnu.edu.tw,"1.新生敦品勵學獎助學金：
（1）115/06/30前填寫預約報名系統者，具敦品獎助學金申請資格。
（2）獎助學金發放標準與方式依本校相關辦法為準詳細內容請上本校招生處網頁查詢。
2.在學獎助學金：提供校外競賽、證照取得、學業優異、運動績優等傑出表現暨協助清寒、弱勢、急難同學安心就讀等獎助學金、留學獎助學金（提供赴美、日、韓國海外研修姊妹校一年學雜費全免之獎助學金），獎助學金發放標準與方式依本校相關辦法為準。
3.招生處專線（03）4515811分機20700、20707、21505，專人輔導Line ID： vnulion。"
212007,212,萬能科技大學,北區,1,時尚造型設計暨表演藝術系時尚造型設計組,10,60,1000,,,,,2.00,,學習歷程備審資料審查,中文面試,中文面試,50,學習歷程備審資料審查,40,學科能力測驗加權平均成績,10,國文學科能力測驗成績,,,,,,,,,,詳見「複試說明」,115.5.6,115.5.15,115.5.20,115.5.21,115.5.22,https://www.fsd.vnu.edu.tw/,"1.新生敦品勵學獎助學金：
（1）115/06/30前填寫預約報名系統者，具敦品獎助學金申請資格。
（2）獎助學金發放標準與方式依本校相關辦法為準詳細內容請上本校招生處網頁查詢。
2.在學獎助學金：提供校外競賽、證照取得、學業優異、運動績優等傑出表現暨協助清寒、弱勢、急難同學安心就讀等獎助學金、留學獎助學金（提供赴美、日、韓國海外研修姊妹校一年學雜費全免之獎助學金），獎助學金發放標準與方式依本校相關辦法為準。
3.招生處專線（03）4515811分機20700、20707、21505，專人輔導Line ID： vnulion。"
212008,212,萬能科技大學,北區,1,時尚造型設計暨表演藝術系時尚表演藝術組,8,60,1000,,,,,2.00,,學習歷程備審資料審查,中文面試,中文面試,50,學習歷程備審資料審查,40,學科能力測驗加權平均成績,10,國文學科能力測驗成績,,,,,,,,,,詳見「複試說明」,115.5.6,115.5.15,115.5.20,115.5.21,115.5.22,https://www.fsd.vnu.edu.tw/,"1.新生敦品勵學獎助學金：
（1）115/06/30前填寫預約報名系統者，具敦品獎助學金申請資格。
（2）獎助學金發放標準與方式依本校相關辦法為準詳細內容請上本校招生處網頁查詢。
2.在學獎助學金：提供校外競賽、證照取得、學業優異、運動績優等傑出表現暨協助清寒、弱勢、急難同學安心就讀等獎助學金、留學獎助學金（提供赴美、日、韓國海外研修姊妹校一年學雜費全免之獎助學金），獎助學金發放標準與方式依本校相關辦法為準。
3.招生處專線（03）4515811分機20700、20707、21505，專人輔導Line ID： vnulion。"
212009,212,萬能科技大學,北區,1,商業設計系,8,60,1000,,,,,2.00,,學習歷程備審資料審查,中文面試,中文面試,50,學習歷程備審資料審查,40,學科能力測驗加權平均成績,10,國文學科能力測驗成績,,,,,,,,,,詳見「複試說明」,115.5.6,115.5.15,115.5.20,115.5.21,115.5.22,https://www.cd.vnu.edu.tw/zh,"1.新生敦品勵學獎助學金：
（1）115/06/30前填寫預約報名系統者，具敦品獎助學金申請資格。
（2）獎助學金發放標準與方式依本校相關辦法為準詳細內容請上本校招生處網頁查詢。
2.在學獎助學金：提供校外競賽、證照取得、學業優異、運動績優等傑出表現暨協助清寒、弱勢、急難同學安心就讀等獎助學金、留學獎助學金（提供赴美、日、韓國海外研修姊妹校一年學雜費全免之獎助學金），獎助學金發放標準與方式依本校相關辦法為準。
3.招生處專線（03）4515811分機20700、20707、21505，專人輔導Line ID： vnulion。"
212010,212,萬能科技大學,北區,1,觀光與休閒事業管理系,13,78,1000,1.00,,,,1.00,,學習歷程備審資料審查,中文面試,中文面試,60,學習歷程備審資料審查,30,學科能力測驗加權平均成績,5,國文學科能力測驗成績,5,,,,,,,,,詳見「複試說明」,115.5.6,115.5.15,115.5.20,115.5.21,115.5.22,https://www.tl.vnu.edu.tw/,"1.新生敦品勵學獎助學金：
（1）115/06/30前填寫預約報名系統者，具敦品獎助學金申請資格。
（2）獎助學金發放標準與方式依本校相關辦法為準詳細內容請上本校招生處網頁查詢。
2.在學獎助學金：提供校外競賽、證照取得、學業優異、運動績優等傑出表現暨協助清寒、弱勢、急難同學安心就讀等獎助學金、留學獎助學金（提供赴美、日、韓國海外研修姊妹校一年學雜費全免之獎助學金），獎助學金發放標準與方式依本校相關辦法為準。
3.招生處專線（03）4515811分機20700、20707、21505，專人輔導Line ID： vnulion。"
212011,212,萬能科技大學,北區,1,餐飲管理系,20,120,1000,,,,,2.00,,學習歷程備審資料審查,中文面試,中文面試,70,學習歷程備審資料審查,20,學科能力測驗加權平均成績,10,國文學科能力測驗成績,,,,,,,,,,詳見「複試說明」,115.5.6,115.5.15,115.5.20,115.5.21,115.5.22,https://www.fb.vnu.edu.tw/,"1.新生敦品勵學獎助學金：
（1）115/06/30前填寫預約報名系統者，具敦品獎助學金申請資格。
（2）獎助學金發放標準與方式依本校相關辦法為準詳細內容請上本校招生處網頁查詢。
2.在學獎助學金：提供校外競賽、證照取得、學業優異、運動績優等傑出表現暨協助清寒、弱勢、急難同學安心就讀等獎助學金、留學獎助學金（提供赴美、日、韓國海外研修姊妹校一年學雜費全免之獎助學金），獎助學金發放標準與方式依本校相關辦法為準。
3.招生處專線（03）4515811分機20700、20707、21505，專人輔導Line ID： vnulion。"
212012,212,萬能科技大學,北區,1,航空暨運輸服務管理系,15,90,800,2.00,,,,,,學習歷程備審資料審查,,學習歷程備審資料審查,80,學科能力測驗加權平均成績,20,英文學科能力測驗成績,,社會學科能力測驗成績,,,,,,,,,,詳見「複試說明」,115.5.6,,115.5.20,115.5.21,115.5.22,https://www.atsm.vnu.edu.tw/,"1.新生敦品勵學獎助學金：
（1）115/06/30前填寫預約報名系統者，具敦品獎助學金申請資格。
（2）獎助學金發放標準與方式依本校相關辦法為準詳細內容請上本校招生處網頁查詢。
2.在學獎助學金：提供校外競賽、證照取得、學業優異、運動績優等傑出表現暨協助清寒、弱勢、急難同學安心就讀等獎助學金、留學獎助學金（提供赴美、日、韓國海外研修姊妹校一年學雜費全免之獎助學金），獎助學金發放標準與方式依本校相關辦法為準。
3.招生處專線（03）4515811分機20700、20707、21505，專人輔導Line ID： vnulion。"
212013,212,萬能科技大學,北區,1,企業管理系,10,60,800,2.00,,,,,,學習歷程備審資料審查,,學習歷程備審資料審查,80,學科能力測驗加權平均成績,20,英文學科能力測驗成績,,社會學科能力測驗成績,,,,,,,,,,詳見「複試說明」,115.5.6,,115.5.20,115.5.21,115.5.22,https://www.atsm.vnu.edu.tw/,"1.新生敦品勵學獎助學金：
（1）115/06/30前填寫預約報名系統者，具敦品獎助學金申請資格。
（2）獎助學金發放標準與方式依本校相關辦法為準詳細內容請上本校招生處網頁查詢。
2.在學獎助學金：提供校外競賽、證照取得、學業優異、運動績優等傑出表現暨協助清寒、弱勢、急難同學安心就讀等獎助學金、留學獎助學金（提供赴美、日、韓國海外研修姊妹校一年學雜費全免之獎助學金），獎助學金發放標準與方式依本校相關辦法為準。
3.招生處專線（03）4515811分機20700、20707、21505，專人輔導Line ID： vnulion。"
213001,213,建國科技大學,中區,6,機械工程系,5,60,1000,1.00,,1.00,,,,學習歷程備審資料審查,面試,面試,60,學習歷程備審資料審查,20,學科能力測驗加權平均成績,10,國文學科能力測驗成績,10,,,,,,,,,115.4.24,115.5.6,115.5.16,115.5.19,115.5.21,115.5.22,https://met.ctu.edu.tw,"1.第二階段複試日期為5月16日，報到時間及地點以網路公告為準。
2.考生針對複試資訊若有任何疑問，請與系辦公室聯繫，分機：3127。"
213002,213,建國科技大學,中區,6,機械工程系先進車輛組,3,60,1000,1.00,,1.00,,,,學習歷程備審資料審查,面試,面試,60,學習歷程備審資料審查,20,學科能力測驗加權平均成績,10,國文學科能力測驗成績,10,,,,,,,,,115.4.24,115.5.6,115.5.16,115.5.19,115.5.21,115.5.22,https://met.ctu.edu.tw,"1.複試日期為5月16日，報到時間及地點以網路公告為準。
2.考生針對複試資訊若有任何疑問，請與系辦公室聯繫，分機：3102。"
213003,213,建國科技大學,中區,6,電機工程系,10,60,1000,1.00,,,,,,學習歷程備審資料審查,面試,面試,70,學習歷程備審資料審查,20,學科能力測驗加權平均成績,5,英文學科能力測驗成績,5,,,,,,,6,,115.4.24,115.5.6,115.5.16,115.5.19,115.5.21,115.5.22,https://eec.ctu.edu.tw,"1.複試日期為5月16日，報到時間及地點以網路公告為準。
2.考生針對複試資訊若有任何疑問，請與系辦公室聯繫，分機：3212。"
213004,213,建國科技大學,中區,6,電子工程系,5,60,1000,1.00,,,,,,學習歷程備審資料審查,面試,面試,70,學習歷程備審資料審查,20,學科能力測驗加權平均成績,5,英文學科能力測驗成績,5,,,,,,,6,,115.4.24,115.5.6,115.5.16,115.5.19,115.5.21,115.5.22,https://een.ctu.edu.tw,"1.複試日期為5月16日，報到時間及地點以網路公告為準。
2.考生針對複試資訊若有任何疑問，請與系辦公室聯繫，分機：3301。"
213005,213,建國科技大學,中區,6,土木工程系,3,60,1000,1.00,,,,,,學習歷程備審資料審查,面試,面試,60,學習歷程備審資料審查,25,學科能力測驗加權平均成績,10,英文學科能力測驗成績,5,,,,,,,,,115.4.24,115.5.6,115.5.16,115.5.19,115.5.21,115.5.22,https://cet.ctu.edu.tw,"1.複試日期為5月16日，報到時間及地點以網路公告為準。
2.考生針對複試資訊若有任何疑問，請與系辦公室聯繫，分機：3403。"
213006,213,建國科技大學,中區,6,運動健康與休閒系,2,60,1000,1.00,,,,,,學習歷程備審資料審查,面試,面試,70,學習歷程備審資料審查,20,學科能力測驗加權平均成績,10,社會學科能力測驗成績,,,,,,,,,,115.4.24,115.5.6,115.5.16,115.5.19,115.5.21,115.5.22,https://khls.ctu.edu.tw,"1.複試日期為5月16日，報到時間及地點以網路公告為準。
2.考生針對複試資訊若有任何疑問，請與系辦公室聯繫，分機：2052。"
213007,213,建國科技大學,中區,6,美容系,5,60,1000,1.00,,,,,,學習歷程備審資料審查,面試,面試,70,學習歷程備審資料審查,25,學科能力測驗加權平均成績,5,社會學科能力測驗成績,,,,,,,,,,115.4.24,115.5.6,115.5.16,115.5.19,115.5.21,115.5.22,https://bs.ctu.edu.tw/,"1.複試日期為5月16日，報到時間及地點以網路公告為準。
2.考生針對複試資訊若有任何疑問，請與系辦公室聯繫，分機：2603。"
213008,213,建國科技大學,中區,6,觀光系,2,60,1000,1.00,,,,1.00,,學習歷程備審資料審查,面試,面試,60,學習歷程備審資料審查,30,學科能力測驗加權平均成績,10,國文學科能力測驗成績,,社會學科能力測驗成績,,,,,,,,115.4.24,115.5.6,115.5.16,115.5.19,115.5.21,115.5.22,https://tourism.ctu.edu.tw/,"1.複試日期為5月16日，報到時間及地點以網路公告為準。
2.考生針對複試資訊若有任何疑問，請與系辦公室聯繫，分機：3002。"
213009,213,建國科技大學,中區,6,經營管理系,7,60,1000,1.00,,,,,,學習歷程備審資料審查,面試,面試,80,學習歷程備審資料審查,10,學科能力測驗加權平均成績,10,英文學科能力測驗成績,,,,,,,,,,115.4.24,115.5.6,115.5.16,115.5.19,115.5.21,115.5.22,https://bm.ctu.edu.tw/,"1.複試日期為5月16日，報到時間及地點以網路公告為準。
2.考生針對複試資訊若有任何疑問，請與系辦公室聯繫，分機：3901。"
213010,213,建國科技大學,中區,6,商品與遊戲設計系,2,60,1000,1.00,,,,,,學習歷程備審資料審查,面試,面試,60,學習歷程備審資料審查,20,學科能力測驗加權平均成績,10,英文學科能力測驗成績,10,,,,,,,,,115.4.24,115.5.6,115.5.16,115.5.19,115.5.21,115.5.22,https://gpd.ctu.edu.tw,"1.複試日期為5月16日，報到時間及地點以網路公告為準。
2.考生針對複試資訊若有任何疑問，請與系辦公室聯繫，分機：2352。"
214001,214,明志科技大學,北區,1,機械工程系精密機械組,5,60,1000,1.00,2.00,1.50,,,1.50,學習歷程備審資料審查,面試,英文學科能力測驗成績,,數學A學科能力測驗成績,,自然學科能力測驗成績,,學科能力測驗加權平均成績,50,面試,30,學習歷程備審資料審查,20,,,,,詳見「複試說明」,115.5.6,115.5.18,115.5.21,115.5.22,115.5.26,https://me.mcut.edu.tw,"1.複試時間、地點公告於本校首頁（https://www.mcut.edu.tw）/校內公告/招生公告。
2.本系較適合大學指定考試第2、3類考生申請。
3.本校提供入學獎助學金，詳閱招生資訊網：https://adm.mcut.edu.tw/index.php?lang=zh-tw
4.原住民生持有「原住民文化學習成果」，檢附於備審資料-其他有利審查文件，或於面試時展現「原住民文化學習成果」，則參酌計分。"
214002,214,明志科技大學,北區,1,機械工程系光機電組,5,60,1000,1.00,2.00,1.50,,,1.50,學習歷程備審資料審查,面試,英文學科能力測驗成績,,數學A學科能力測驗成績,,自然學科能力測驗成績,,學科能力測驗加權平均成績,50,面試,30,學習歷程備審資料審查,20,,,,,詳見「複試說明」,115.5.6,115.5.18,115.5.21,115.5.22,115.5.26,https://me.mcut.edu.tw,"1.複試時間、地點公告於本校首頁（https://www.mcut.edu.tw）/校內公告/招生公告。
2.本系較適合大學指定考試第2、3類考生申請。
3.本校提供入學獎助學金，詳閱招生資訊網：https://adm.mcut.edu.tw/index.php?lang=zh-tw
4.原住民生持有「原住民文化學習成果」，檢附於備審資料-其他有利審查文件，或於面試時展現「原住民文化學習成果」，則參酌計分。"
214003,214,明志科技大學,北區,1,機械工程系車輛組,5,60,1000,1.00,2.00,1.50,,,1.50,學習歷程備審資料審查,面試,英文學科能力測驗成績,,數學A學科能力測驗成績,,自然學科能力測驗成績,,學科能力測驗加權平均成績,50,面試,30,學習歷程備審資料審查,20,,,,,詳見「複試說明」,115.5.6,115.5.18,115.5.21,115.5.22,115.5.26,https://me.mcut.edu.tw,"1.複試時間、地點公告於本校首頁（https://www.mcut.edu.tw）/校內公告/招生公告。
2.本系較適合大學指定考試第2類考生申請。
3.本校提供入學獎助學金，詳閱招生資訊網：https://adm.mcut.edu.tw/index.php?lang=zh-tw
4.原住民生持有「原住民文化學習成果」，檢附於備審資料-其他有利審查文件，或於面試時展現「原住民文化學習成果」，則參酌計分。"
214004,214,明志科技大學,北區,1,電子工程系,2,60,1000,,1.00,1.00,,,1.00,學習歷程備審資料審查,面試,數學A學科能力測驗成績,,自然學科能力測驗成績,,面試,40,學科能力測驗加權平均成績,40,學習歷程備審資料審查,20,英文學科能力測驗成績,,,,6,,詳見「複試說明」,115.5.6,115.5.18,115.5.21,115.5.22,115.5.26,https://en.mcut.edu.tw,"1.複試時間、地點公告於本校首頁（https://www.mcut.edu.tw）/校內公告/招生公告。
2.本系較適合大學指定考試第2、3類考生申請。
3.本校提供入學獎助學金，詳閱招生資訊網：https://adm.mcut.edu.tw/index.php?lang=zh-tw
4.原住民生持有「原住民文化學習成果」，檢附於備審資料-其他有利審查文件，或於面試時展現「原住民文化學習成果」，則參酌計分。"
214005,214,明志科技大學,北區,1,化學工程系,35,210,1000,1.00,2.00,2.00,,,2.00,學習歷程備審資料審查,面試,學科能力測驗加權平均成績,50,國文學科能力測驗成績,,面試,30,學習歷程備審資料審查,20,英文學科能力測驗成績,,,,,,,,詳見「複試說明」,115.5.6,115.5.18,115.5.21,115.5.22,115.5.26,https://ce.mcut.edu.tw,"1.複試時間、地點公告於本校首頁（https://www.mcut.edu.tw）/校內公告/招生公告。
2.本系較適合大學指定考試第2、3類考生申請。
3.本校提供入學獎助學金，詳閱招生資訊網：https://adm.mcut.edu.tw/index.php?lang=zh-tw
4.原住民生持有「原住民文化學習成果」，檢附於備審資料-其他有利審查文件，或於面試時展現「原住民文化學習成果」，則參酌計分。"
214006,214,明志科技大學,北區,1,環境與安全衛生工程系,7,60,1000,1.00,1.00,,,,1.00,學習歷程備審資料審查,面試,自然學科能力測驗成績,,面試,40,學習歷程備審資料審查,30,英文學科能力測驗成績,,學科能力測驗加權平均成績,30,,,,,,,詳見「複試說明」,115.5.6,115.5.18,115.5.21,115.5.22,115.5.26,https://she.mcut.edu.tw,"1.複試時間、地點公告於本校首頁（https://www.mcut.edu.tw）/校內公告/招生公告。
2.本系較適合大學指定考試第2、3類考生申請。
3.本校提供入學獎助學金，詳閱招生資訊網：https://adm.mcut.edu.tw/index.php?lang=zh-tw
4.原住民生持有「原住民文化學習成果」，檢附於備審資料-其他有利審查文件，或於面試時展現「原住民文化學習成果」，則參酌計分。"
214007,214,明志科技大學,北區,1,材料工程系,8,60,1000,1.00,2.00,2.00,,,2.00,學習歷程備審資料審查,面試,面試,50,英文學科能力測驗成績,,學習歷程備審資料審查,30,自然學科能力測驗成績,,學科能力測驗加權平均成績,20,,,,,,,詳見「複試說明」,115.5.6,115.5.18,115.5.21,115.5.22,115.5.26,https://mse.mcut.edu.tw,"1.複試時間、地點公告於本校首頁（https://www.mcut.edu.tw）/校內公告/招生公告。
2.本系較適合大學指定考試第2、3類考生申請。
3.本校提供入學獎助學金，詳閱招生資訊網：https://adm.mcut.edu.tw/index.php?lang=zh-tw
4.原住民生持有「原住民文化學習成果」，檢附於備審資料-其他有利審查文件，或於面試時展現「原住民文化學習成果」，則參酌計分。"
214008,214,明志科技大學,北區,1,半導體材料與製程學士學位學程,5,60,1000,1.00,1.00,,,,1.50,學習歷程備審資料審查,面試,面試,40,學習歷程備審資料審查,30,學科能力測驗加權平均成績,30,英文學科能力測驗成績,,,,,,,,,,詳見「複試說明」,115.5.6,115.5.18,115.5.21,115.5.22,115.5.26,https://scmf.mcut.edu.tw/?Lang=zh-tw,"1.複試時間、地點公告於本校首頁（https://www.mcut.edu.tw）/校內公告/招生公告。
2.本系較適合大學指定考試第2、3類考生申請。
3.本校提供入學獎助學金，詳閱招生資訊網：https://adm.mcut.edu.tw/index.php?lang=zh-tw
4.原住民生持有「原住民文化學習成果」，檢附於備審資料-其他有利審查文件，或於面試時展現「原住民文化學習成果」，則參酌計分。"
214009,214,明志科技大學,北區,1,工業工程與管理系,8,60,1000,1.00,2.00,,,,,學習歷程備審資料審查,面試,面試,40,學科能力測驗加權平均成績,30,英文學科能力測驗成績,,數學A學科能力測驗成績,,國文學科能力測驗成績,,學習歷程備審資料審查,30,,,,,詳見「複試說明」,115.5.6,115.5.18,115.5.21,115.5.22,115.5.26,https://iem.mcut.edu.tw,"1.複試時間、地點公告於本校首頁（https://www.mcut.edu.tw）/校內公告/招生公告。
2.本校提供入學獎助學金，詳閱招生資訊網：https://adm.mcut.edu.tw/index.php?lang=zh-tw
3.原住民生持有「原住民文化學習成果」，檢附於備審資料-其他有利審查文件，或於面試時展現「原住民文化學習成果」，則參酌計分。"
214010,214,明志科技大學,北區,1,工業設計系,4,60,1000,1.00,2.00,,,,1.00,學習歷程備審資料審查,面試/創意繪圖,面試,40,學習歷程備審資料審查,20,學科能力測驗加權平均成績,10,創意繪圖,30,國文學科能力測驗成績,,英文學科能力測驗成績,,,,,,詳見「複試說明」,115.5.6,115.5.18,115.5.21,115.5.22,115.5.26,https://id.mcut.edu.tw,"1.複試時間、地點公告於本校首頁（https://www.mcut.edu.tw）/校內公告/招生公告。
2.本校提供入學獎助學金，詳閱招生資訊網：https://adm.mcut.edu.tw/index.php?lang=zh-tw
3.原住民生持有「原住民文化學習成果」，檢附於備審資料-其他有利審查文件，或於面試時展現「原住民文化學習成果」，則參酌計分。"
214011,214,明志科技大學,北區,1,視覺傳達設計系,3,60,1000,1.00,2.00,,,1.00,,學習歷程備審資料審查,面試/快速設計素描,面試,40,快速設計素描,30,學習歷程備審資料審查,20,學科能力測驗加權平均成績,10,英文學科能力測驗成績,,國文學科能力測驗成績,,社會學科能力測驗成績,,,,詳見「複試說明」,115.5.6,115.5.18,115.5.21,115.5.22,115.5.26,https://vcd.mcut.edu.tw,"1.複試時間、地點公告於本校首頁（https://www.mcut.edu.tw）/校內公告/招生公告。
2.本校提供入學獎助學金，詳閱招生資訊網：https://adm.mcut.edu.tw/index.php?lang=zh-tw
3.原住民生持有「原住民文化學習成果」，檢附於備審資料-其他有利審查文件，或於面試時展現「原住民文化學習成果」，則參酌計分。"
214012,214,明志科技大學,北區,1,數位行銷設計學士學位學程,4,60,1000,1.00,2.00,,,1.00,,學習歷程備審資料審查,面試,學科能力測驗加權平均成績,30,面試,40,學習歷程備審資料審查,30,英文學科能力測驗成績,,,,,,,,,,詳見「複試說明」,115.5.6,115.5.18,115.5.21,115.5.22,115.5.26,https://dmd.mcut.edu.tw,"1.複試時間、地點公告於本校首頁（https://www.mcut.edu.tw）/校內公告/招生公告。
2.本系較適合大學指定考試第1類考生申請。
3.本校提供入學獎助學金，詳閱招生資訊網：https://adm.mcut.edu.tw/index.php?lang=zh-tw
4.原住民生持有「原住民文化學習成果」，檢附於備審資料-其他有利審查文件，或於面試時展現「原住民文化學習成果」，則參酌計分。"
214013,214,明志科技大學,北區,1,工業人工智慧學士學位學程,5,60,1000,,1.00,3.00,,,,學習歷程備審資料審查,面試,面試,40,數學A學科能力測驗成績,,英文學科能力測驗成績,,學科能力測驗加權平均成績,40,學習歷程備審資料審查,20,自然學科能力測驗成績,,,,,,詳見「複試說明」,115.5.6,115.5.18,115.5.21,115.5.22,115.5.26,https://iai.mcut.edu.tw/,"1.複試時間、地點公告於本校首頁（https://www.mcut.edu.tw）/校內公告/招生公告。
2.本系較適合大學指定考試第2、3類考生申請。
3.本校提供入學獎助學金，詳閱招生資訊網：https://adm.mcut.edu.tw/index.php?lang=zh-tw
4.原住民生持有「原住民文化學習成果」，檢附於備審資料-其他有利審查文件，或於面試時展現「原住民文化學習成果」，則參酌計分。"
215001,215,台鋼科技大學,南區,5,電機工程系,10,60,800,1.00,,,,,,學習歷程備審資料審查,,學習歷程備審資料審查,90,學科能力測驗加權平均成績,10,社會學科能力測驗成績,,英文學科能力測驗成績,,,,,,,,6,,詳見「複試說明」,115.5.6,,115.5.20,115.5.21,115.5.22,https://el.tsust.edu.tw/,"1.台鋼繁鷹計畫（四技日間部）入學新生優惠，中低收入戶、特殊境遇生及原住民4年免學雜費、1年免住宿費、生活助學金最高還可領到16萬2千元；一般生4年國立大學收費。畢業後可優先保障就業。
2.申請生成績請於年5月20日至本校教務處成績查詢系統（https://reurl.cc/VMbMrQ）查詢，不另郵寄紙本成績單。
3.成績複查採傳真方式辦理，請於5月21日12:00前，傳真成績複查申請表（傳真：07-6077765）並以電話確認收到（電話：07-6077759）。
4.原住民考生得提供對自身族群事務參與等相關證明文件，供本系審酌計分。
5.如有未盡事宜依招生簡章及本校相關規定事項辦理。"
215002,215,台鋼科技大學,南區,5,機械與自動化工程系,8,48,800,1.00,,,,,,學習歷程備審資料審查,,學習歷程備審資料審查,90,學科能力測驗加權平均成績,10,英文學科能力測驗成績,,社會學科能力測驗成績,,,,,,,,,,詳見「複試說明」,115.5.6,,115.5.20,115.5.21,115.5.22,https://auto.tsust.edu.tw/,"1.台鋼繁鷹計畫（四技日間部）入學新生優惠，中低收入戶、特殊境遇生及原住民4年免學雜費、1年免住宿費、生活助學金最高還可領到16萬2千元；一般生4年國立大學收費。畢業後可優先保障就業。
2.申請生成績請於年5月20日至本校教務處成績查詢系統（https://reurl.cc/VMbMrQ）查詢，不另郵寄紙本成績單。
3.成績複查採傳真方式辦理，請於5月21日12:00前，傳真成績複查申請表（傳真：07-6077765）並以電話確認收到（電話：07-6077759）。
4.原住民考生得提供對自身族群事務參與等相關證明文件，供本系審酌計分。
5.如有未盡事宜依招生簡章及本校相關規定事項辦理。"
215003,215,台鋼科技大學,南區,5,智慧科技應用系,12,72,800,1.00,,,,,,學習歷程備審資料審查,,學習歷程備審資料審查,90,學科能力測驗加權平均成績,10,社會學科能力測驗成績,,英文學科能力測驗成績,,,,,,,,,,詳見「複試說明」,115.5.6,,115.5.20,115.5.21,115.5.22,https://ista.tsust.edu.tw/,"1.台鋼繁鷹計畫（四技日間部）入學新生優惠，中低收入戶、特殊境遇生及原住民4年免學雜費、1年免住宿費、生活助學金最高還可領到16萬2千元；一般生4年國立大學收費。畢業後可優先保障就業。
2.申請生成績請於年5月20日至本校教務處成績查詢系統（https://reurl.cc/VMbMrQ）查詢，不另郵寄紙本成績單。
3.成績複查採傳真方式辦理，請於5月21日12:00前，傳真成績複查申請表（傳真：07-6077765）並以電話確認收到（電話：07-6077759）。
4.原住民考生得提供對自身族群事務參與等相關證明文件，供本系審酌計分。
5.如有未盡事宜依招生簡章及本校相關規定事項辦理。"
215004,215,台鋼科技大學,南區,5,建築系,10,60,800,1.00,,,,,,學習歷程備審資料審查,,學習歷程備審資料審查,90,學科能力測驗加權平均成績,10,社會學科能力測驗成績,,英文學科能力測驗成績,,,,,,,,,,詳見「複試說明」,115.5.6,,115.5.20,115.5.21,115.5.22,https://arch.tsust.edu.tw/,"1.台鋼繁鷹計畫（四技日間部）入學新生優惠，中低收入戶、特殊境遇生及原住民4年免學雜費、1年免住宿費、生活助學金最高還可領到16萬2千元；一般生4年國立大學收費。畢業後可優先保障就業。
2.申請生成績請於年5月20日至本校教務處成績查詢系統（https://reurl.cc/VMbMrQ）查詢，不另郵寄紙本成績單。
3.成績複查採傳真方式辦理，請於5月21日12:00前，傳真成績複查申請表（傳真：07-6077765）並以電話確認收到（電話：07-6077759）。
4.原住民考生得提供對自身族群事務參與等相關證明文件，供本系審酌計分。
5.如有未盡事宜依招生簡章及本校相關規定事項辦理。"
215005,215,台鋼科技大學,南區,5,職業運動與管理系,2,12,800,1.00,,,,,,學習歷程備審資料審查,,學習歷程備審資料審查,90,學科能力測驗加權平均成績,10,社會學科能力測驗成績,,英文學科能力測驗成績,,,,,,,,,,詳見「複試說明」,115.5.6,,115.5.20,115.5.21,115.5.22,https://rsm.tsust.edu.tw/,"1.台鋼繁鷹計畫（四技日間部）入學新生優惠，中低收入戶、特殊境遇生及原住民4年免學雜費、1年免住宿費、生活助學金最高還可領到16萬2千元；一般生4年國立大學收費。畢業後可優先保障就業。
2.申請生成績請於年5月20日至本校教務處成績查詢系統（https://reurl.cc/VMbMrQ）查詢，不另郵寄紙本成績單。
3.成績複查採傳真方式辦理，請於5月21日12:00前，傳真成績複查申請表（傳真：07-6077765）並以電話確認收到（電話：07-6077759）。
4.原住民考生得提供對自身族群事務參與等相關證明文件，供本系審酌計分。
5.如有未盡事宜依招生簡章及本校相關規定事項辦理。"
216001,216,大仁科技大學,南區,1,藥學系藥學組,75,450,800,1.00,1.00,1.00,,,1.00,學習歷程備審資料審查,,學科能力測驗加權平均成績,50,學習歷程備審資料審查,50,自然學科能力測驗成績,,英文學科能力測驗成績,,數學A學科能力測驗成績,,國文學科能力測驗成績,,,,,,詳見「複試說明」,115.5.6,,115.5.25,115.5.26,115.5.28,https://u01.tajen.edu.tw/index.php?Lang=zh-tw,"1.本系實務學習為本系學習重點，學生必需具有相當之視覺、聽覺功能，運用肢體操作及能迅速移動等能力。
2.本校提供各類校內外獎學金、校內工讀機會、學雜費減免及就學貸款等，皆可供學生申請。
3.如有未盡事宜，可洽本校藥學系辦（08）7624002轉3011（書審、課程）、（08）8108220就學輔導中心（或就學輔導中心網站公告：https://a15.tajen.edu.tw/，查詢）"
216002,216,大仁科技大學,南區,1,藥學系臨床藥學組,33,198,800,1.00,1.00,1.00,,,1.00,學習歷程備審資料審查,,學科能力測驗加權平均成績,50,學習歷程備審資料審查,50,自然學科能力測驗成績,,英文學科能力測驗成績,,數學A學科能力測驗成績,,國文學科能力測驗成績,,,,,,詳見「複試說明」,115.5.6,,115.5.25,115.5.26,115.5.28,https://u01.tajen.edu.tw/index.php?Lang=zh-tw,"1.本系實務學習為本系學習重點，學生必需具有相當之視覺、聽覺功能，運用肢體操作及能迅速移動等能力。
2.本校提供各類校內外獎學金、校內工讀機會、學雜費減免及就學貸款等，皆可供學生申請。
3.如有未盡事宜，可洽本校藥學系辦（08）7624002轉3011（書審、課程）、（08）8108220就學輔導中心（或就學輔導中心網站公告：https://a15.tajen.edu.tw/，查詢）"
216003,216,大仁科技大學,南區,1,環境與職業安全衛生系,4,60,800,5.00,,,,,,學習歷程備審資料審查,,學習歷程備審資料審查,90,學科能力測驗加權平均成績,10,自然學科能力測驗成績,,英文學科能力測驗成績,,,,,,,,,,詳見「複試說明」,115.5.6,,115.5.25,115.5.26,115.5.28,https://u02.tajen.edu.tw/index.php?Lang=zh-tw,"1.本系實習及操作實驗為本系學習重點，學生必需具有相當之視覺、聽覺功能，運用肢體操作及能迅速移動等能力。
2.本校提供各類校內外獎學金、校內工讀機會、學雜費減免及就學貸款等，皆可供學生申請。
3.如有未盡事宜，可洽本校環安系辦（08）7624002轉3041（課程）、（08）8108220就學輔導中心（或就學輔導中心網站公告：https://a15.tajen.edu.tw/，查詢）"
216004,216,大仁科技大學,南區,1,寵物照護暨美容系,8,60,800,1.00,,,,,,學習歷程備審資料審查,,學習歷程備審資料審查,90,學科能力測驗加權平均成績,10,自然學科能力測驗成績,,社會學科能力測驗成績,,,,,,,,,,詳見「複試說明」,115.5.6,,115.5.25,115.5.26,115.5.28,https://u07.tajen.edu.tw/index.php?Lang=zh-tw,"1.本系教學以動物照護相關為主，會時常接觸狗、貓、觀賞魚類及特殊動物須配合必選修課程，平日或假日與同學分組輪值照顧動物及清潔動物住所環境。
2.本校提供各類校內外獎學金、校內工讀機會、學雜費減免及就學貸款等，皆可供學生申請。
3.如有未盡事宜，可洽本校寵美系系辦（08）7624002轉3031（課程）、（08）8108220就學輔導中心（或就學輔導中心網站公告：https://a15.tajen.edu.tw/，查詢）"
216005,216,大仁科技大學,南區,1,護理系,55,330,800,2.00,1.00,,,,,學習歷程備審資料審查,,學科能力測驗加權平均成績,30,學習歷程備審資料審查,70,自然學科能力測驗成績,,社會學科能力測驗成績,,,,,,,,,,詳見「複試說明」,115.5.6,,115.5.25,115.5.26,115.5.28,https://u05.tajen.edu.tw/index.php?Lang=zh-tw,"1.本系教學以培養護理師專業技能為主，四年課程包含各項必選修，並配合校外醫院實習，課程包含解剖、病理、病患照護、抽血檢驗、換給藥等專業課程，學生須具備相當之視覺、聽覺、肢體操作等功能，並能配合實習期間長時間站立，及緊急狀況時能迅速移動。
2.本校提供各類校內外獎學金、校內工讀機會、學雜費減免及就學貸款等，皆可供學生申請。
3.如有未盡事宜，可洽本校護理系辦（08）7624002轉3061（課程）、（08）8108220就學輔導中心（或就學輔導中心網站公告：https://a15.tajen.edu.tw/，查詢）。"
216006,216,大仁科技大學,南區,1,休閒運動管理系,8,60,800,5.00,,,,,,學習歷程備審資料審查,,學習歷程備審資料審查,60,學科能力測驗加權平均成績,40,自然學科能力測驗成績,,數學B學科能力測驗成績,,,,,,,,,,詳見「複試說明」,115.5.6,,115.5.25,115.5.26,115.5.28,https://q01.tajen.edu.tw/index.php?Lang=zh-tw,"1.本系休閒運動相關之實習及操作為本系學習重點，學生必需具有相當之視覺、聽覺功能，運用肢體操作及能跑跳、迅速移動等能力。
2.本校提供各類校內外獎學金、校內工讀機會、學雜費減免及就學貸款等，皆可供學生申請。
3.如有未盡事宜，可洽本校休運系系辦（08）7624002轉3612（課程）、（08）8108220就學輔導中心（或就學輔導中心網站公告：https://a15.tajen.edu.tw/，查詢）"
216007,216,大仁科技大學,南區,1,餐旅管理系,2,60,800,1.00,,,,,,學習歷程備審資料審查,,學習歷程備審資料審查,90,學科能力測驗加權平均成績,10,英文學科能力測驗成績,,社會學科能力測驗成績,,,,,,,,,,詳見「複試說明」,115.5.6,,115.5.25,115.5.26,115.5.28,https://q04.tajen.edu.tw/index.php?Lang=zh-tw,"1.本系設有一學期企業實習課程，提供符合勞基法規範之企業供學生選擇實習單位。
2.本系設有畢業門檻，如需了解可參考本系網頁，或來電諮詢。
3.考量畢業後就業因素，如四肢行動不便者，宜審慎評估。
4.本校提供各類校內外獎學金、校內工讀機會、學雜費減免及就學貸款等，皆可供學生申請。
5.如有未盡事宜，可洽本校餐旅系系辦（08）7624002轉3801（系所課程）、（08）8108220就學輔導中心（或就學輔導中心網站公告：https://a15.tajen.edu.tw/，查詢）"
216008,216,大仁科技大學,南區,1,社會工作系,6,60,800,5.00,,,,,,學習歷程備審資料審查,,學習歷程備審資料審查,90,學科能力測驗加權平均成績,10,社會學科能力測驗成績,,英文學科能力測驗成績,,,,,,,,,,詳見「複試說明」,115.5.6,,115.5.25,115.5.26,115.5.28,https://r03.tajen.edu.tw/index.php?Lang=zh-tw,"1.申辦就業學程：辦理勞動部「長期照顧服務就業學程」培育照顧服務人才，結訓後擔任照顧服務員，畢業後更是居家服務督導員。
2.執行多項教育部及政府委託計畫，強調跨領域學習，重視知識整合與實踐，培育學生多元就業能力。
3.與公私立100多家機構合作，將於在學期間提供學生社工實習，免費輔導特考、社工師證照班 。課程與實務接軌，畢業即可就業。
4.本校提供申請校內外獎學金、工讀機會、學雜費減免及就學貸款等。
5.如有未盡事宜，可洽本校社工系系辦（08）7624002轉4201、（08）8108220就學輔導中心（就學輔導中心網站公告：https://a15.tajen.edu.tw/，查詢）"
217001,217,聖約翰科技大學,北區,4,電機工程系,2,60,800,1.00,,1.00,,,,學習歷程備審資料審查,,學習歷程備審資料審查,80,學科能力測驗加權平均成績,20,國文學科能力測驗成績,,數學A學科能力測驗成績,,,,,,,,6,,115.4.24,115.5.6,,115.5.20,115.5.21,115.5.22,https://dept.sju.edu.tw/index.html?d_no=61&u_id=61,"1.申請生成績將於本校網站提供查詢，不另郵寄紙本成績單。
2.成績複查採傳真方式辦理（FAX:02-28013620），傳真後請電話確認（TEL:02-28013131分機6143），複查結果於本校網頁公告。
3.有相關問題可撥本校招生專線0800-880586，有專人解答。"
217002,217,聖約翰科技大學,北區,4,智慧營建工程系,1,60,800,1.00,,1.00,,,,學習歷程備審資料審查,,學習歷程備審資料審查,80,學科能力測驗加權平均成績,20,國文學科能力測驗成績,,數學A學科能力測驗成績,,,,,,,,,,115.4.24,115.5.6,,115.5.20,115.5.21,115.5.22,https://dept.sju.edu.tw/question.html?d_no=93&u_id=93,"1.申請生成績將於本校網站提供查詢，不另郵寄紙本成績單。
2.成績複查採傳真方式辦理（FAX:02-28013620），傳真後請電話確認（TEL:02-28013131分機6143），複查結果於本校網頁公告。
3.有相關問題可撥本校招生專線0800-880586，有專人解答。"
217003,217,聖約翰科技大學,北區,4,多媒體設計系,2,60,800,1.00,,,,,,學習歷程備審資料審查,,學習歷程備審資料審查,80,學科能力測驗加權平均成績,20,社會學科能力測驗成績,,英文學科能力測驗成績,,,,,,,,6,,115.4.24,115.5.6,,115.5.20,115.5.21,115.5.22,https://www.md.sju.edu.tw/,"1.申請生成績將於本校網站提供查詢，不另郵寄紙本成績單。
2.成績複查採傳真方式辦理（FAX:02-28013620），傳真後請電話確認（TEL:02-28013131分機6143），複查結果於本校網頁公告。
3.有相關問題可撥本校招生專線0800-880586，有專人解答。"
217004,217,聖約翰科技大學,北區,4,樂齡福祉與健康促進系,2,60,800,1.00,,,,,,學習歷程備審資料審查,,學習歷程備審資料審查,80,學科能力測驗加權平均成績,20,社會學科能力測驗成績,,英文學科能力測驗成績,,,,,,,,,,115.4.24,115.5.6,,115.5.20,115.5.21,115.5.22,https://www.scsb.sju.edu.tw,"1.申請生成績將於本校網站提供查詢，不另郵寄紙本成績單。
2.成績複查採傳真方式辦理（FAX:02-28013620），傳真後請電話確認（TEL:02-28013131分機6143），複查結果於本校網頁公告。
3.有相關問題可撥本校招生專線0800-880586，有專人解答。"
218001,218,嶺東科技大學,中區,1,數位媒體設計系,72,432,1000,1.00,,,,,,學習歷程備審資料審查,面試,面試,60,學習歷程備審資料審查,35,學科能力測驗加權平均成績,5,英文學科能力測驗成績,,,,,,,,,,115.4.29,115.5.6,115.5.16,115.5.26,115.5.27,115.5.28,https://dcd.ltu.edu.tw/index.php,"1.第二階段複試繳費：
（1）第二階段複試報名及繳費單列印請至本校報名系統（http://utc.ltu.edu.tw）登錄並下載繳費單，依指示至ATM（含網路 ATM）完成繳費，並妥善保管繳費收據。
（2）繳費完成後恕不退費，請考生於報名前務必審慎評估相關事項。
2.辦理第二階段成績複查之同學，請於114年5月27日（三）16:00前，填妥簡章附錄申覆表後，以傳真方式辦理，傳真電話：04-23845208，確認電話：04-23892088#1621。"
218002,218,嶺東科技大學,中區,1,服飾設計系,24,144,1000,1.00,1.00,,,,,學習歷程備審資料審查,面試,面試,60,學習歷程備審資料審查,35,學科能力測驗加權平均成績,5,國文學科能力測驗成績,,英文學科能力測驗成績,,,,,,,,115.4.29,115.5.6,115.5.16,115.5.26,115.5.27,115.5.28,https://fad.ltu.edu.tw/,"1.第二階段複試繳費：
（1）第二階段複試報名及繳費單列印請至本校報名系統（http://utc.ltu.edu.tw）登錄並下載繳費單，依指示至ATM（含網路 ATM）完成繳費，並妥善保管繳費收據。
（2）繳費完成後恕不退費，請考生於報名前務必審慎評估相關事項。
2.辦理第二階段成績複查之同學，請於114年5月27日（三）16:00前，填妥簡章附錄申覆表後，以傳真方式辦理，傳真電話：04-23845208，確認電話：04-23892088#1621。"
218003,218,嶺東科技大學,中區,1,時尚經營系,10,60,1000,2.00,,,,1.00,,學習歷程備審資料審查,面試,面試,60,學習歷程備審資料審查,30,國文學科能力測驗成績,,學科能力測驗加權平均成績,10,,,,,,,,,115.4.29,115.5.6,115.5.16,115.5.26,115.5.27,115.5.28,https://fbm.ltu.edu.tw/,"1.第二階段複試繳費：
（1）第二階段複試報名及繳費單列印請至本校報名系統（http://utc.ltu.edu.tw）登錄並下載繳費單，依指示至ATM（含網路 ATM）完成繳費，並妥善保管繳費收據。
（2）繳費完成後恕不退費，請考生於報名前務必審慎評估相關事項。
2.辦理第二階段成績複查之同學，請於114年5月27日（三）16:00前，填妥簡章附錄申覆表後，以傳真方式辦理，傳真電話：04-23845208，確認電話：04-23892088#1621。"
218004,218,嶺東科技大學,中區,1,人工智慧應用科技系,7,30,1000,1.00,,,,,,學習歷程備審資料審查,面試,面試,60,學習歷程備審資料審查,35,學科能力測驗加權平均成績,5,自然學科能力測驗成績,,,,,,,,,,115.4.29,115.5.6,115.5.16,115.5.26,115.5.27,115.5.28,https://ai.ltu.edu.tw/,"1.第二階段複試繳費：
（1）第二階段複試報名及繳費單列印請至本校報名系統（http://utc.ltu.edu.tw）登錄並下載繳費單，依指示至ATM（含網路 ATM）完成繳費，並妥善保管繳費收據。
（2）繳費完成後恕不退費，請考生於報名前務必審慎評估相關事項。
2.辦理第二階段成績複查之同學，請於114年5月27日（三）16:00前，填妥簡章附錄申覆表後，以傳真方式辦理，傳真電話：04-23845208，確認電話：04-23892088#1621。"
218005,218,嶺東科技大學,中區,1,智慧製造科技系,4,24,1000,1.00,,,,,,學習歷程備審資料審查,面試,面試,50,學習歷程備審資料審查,40,學科能力測驗加權平均成績,10,數學A學科能力測驗成績,,,,,,,,,,115.4.29,115.5.6,115.5.16,115.5.26,115.5.27,115.5.28,https://imt.ltu.edu.tw/,"1.第二階段複試繳費：
（1）第二階段複試報名及繳費單列印請至本校報名系統（http://utc.ltu.edu.tw）登錄並下載繳費單，依指示至ATM（含網路 ATM）完成繳費，並妥善保管繳費收據。
（2）繳費完成後恕不退費，請考生於報名前務必審慎評估相關事項。
2.辦理第二階段成績複查之同學，請於114年5月27日（三）16:00前，填妥簡章附錄申覆表後，以傳真方式辦理，傳真電話：04-23845208，確認電話：04-23892088#1621。"
218006,218,嶺東科技大學,中區,1,國際企業系,1,6,800,1.00,1.00,,,,,學習歷程備審資料審查,,學習歷程備審資料審查,50,學科能力測驗加權平均成績,50,國文學科能力測驗成績,,社會學科能力測驗成績,,英文學科能力測驗成績,,,,,,,,115.4.29,115.5.6,,115.5.26,115.5.27,115.5.28,https://ib.ltu.edu.tw/,"1.第二階段複試繳費：
（1）第二階段複試報名及繳費單列印請至本校報名系統（http://utc.ltu.edu.tw）登錄並下載繳費單，依指示至ATM（含網路 ATM）完成繳費，並妥善保管繳費收據。
（2）繳費完成後恕不退費，請考生於報名前務必審慎評估相關事項。
2.辦理第二階段成績複查之同學，請於114年5月27日（三）16:00前，填妥簡章附錄申覆表後，以傳真方式辦理，傳真電話：04-23845208，確認電話：04-23892088#1621。"
219001,219,中國科技大學,北區,6,建築系 （臺北校區）,5,60,800,1.00,,,,,,學習歷程備審資料審查,,學習歷程備審資料審查,90,學科能力測驗加權平均成績,5,英文學科能力測驗成績,3,自然學科能力測驗成績,2,,,,,,,,,詳見「複試說明」,115.5.6,,115.5.18,115.5.19,115.5.20,https://arch.gm.cute.edu.tw/,"1.上述繳交資料概不退還。
2.完成繳費後，不得以任何理由要求退費。"
219002,219,中國科技大學,北區,6,營建智慧永續學士學位學程（臺北校區）,4,60,800,1.00,,,,,,學習歷程備審資料審查,,學習歷程備審資料審查,90,學科能力測驗加權平均成績,5,英文學科能力測驗成績,3,自然學科能力測驗成績,2,,,,,,,,,詳見「複試說明」,115.5.6,,115.5.18,115.5.19,115.5.20,https://arch.gm.cute.edu.tw/,"1.上述繳交資料概不退還。
2.本校設有畢業門檻，未通過者須加修相關輔導課程。"
219003,219,中國科技大學,北區,6,土木與防災系（臺北校區）,7,60,800,1.00,,,,,,學習歷程備審資料審查,,學習歷程備審資料審查,80,學科能力測驗加權平均成績,10,自然學科能力測驗成績,5,英文學科能力測驗成績,5,,,,,,,,,詳見「複試說明」,115.5.6,,115.5.18,115.5.19,115.5.20,https://dcivil.gm.cute.edu.tw/,"1.上述繳交資料概不退還。
2.完成繳費後，不得以任何理由要求退費。
3.申請學生請盡量展現對土木建築工程興趣及就讀本系的動機和願景，提供多元表現能力之證明文件，並展現對土木建築工程議題的關注瞭解。"
219004,219,中國科技大學,北區,6,室內設計系（臺北校區）,7,60,800,1.00,,,,,,學習歷程備審資料審查,,學習歷程備審資料審查,90,學科能力測驗加權平均成績,5,英文學科能力測驗成績,3,社會學科能力測驗成績,2,,,,,,,,,詳見「複試說明」,115.5.6,,115.5.18,115.5.19,115.5.20,https://dinte.gm.cute.edu.tw/,"1.上述繳交資料概不退還。
2.完成繳費後，不得以任何理由要求退費。
3.考生應具備空間規劃專業知識、邏輯思維、獨立思考及執行能力，並具有敬業態度及團隊合作之精神，以培育具有「國際化」、「專業化」、「即用化」、「全人化」的優質室內設計人才。"
219005,219,中國科技大學,北區,6,視覺傳達設計系（臺北校區）,7,60,800,1.00,,,,,,學習歷程備審資料審查,,學習歷程備審資料審查,90,學科能力測驗加權平均成績,5,英文學科能力測驗成績,3,社會學科能力測驗成績,2,,,,,,,,,詳見「複試說明」,115.5.6,,115.5.18,115.5.19,115.5.20,https://web.cute.edu.tw/dvcd/,"1.上述繳交資料概不退還。
2.完成繳費後，不得以任何理由要求退費。
3.本系以「視覺企劃設計」、「數位影像設計」及「跨界文創設計」為三大培育特色，系上教師皆有業界實務經驗與豐富學養，學生於德國紅點設計獎、金點新秀設計獎、全國技專校院實務專題製作競賽...等國內外設計競賽皆屢屢獲獎，備受業界肯定。選才方向以對設計企畫、文創發展、工藝手創...等方面有興趣，並願意接受專業培訓之學生。"
219006,219,中國科技大學,北區,6,數位多媒體設計系（臺北校區）,5,60,800,1.00,,,,,,學習歷程備審資料審查,,學習歷程備審資料審查,90,學科能力測驗加權平均成績,5,英文學科能力測驗成績,3,社會學科能力測驗成績,2,,,,,,,,,詳見「複試說明」,115.5.6,,115.5.18,115.5.19,115.5.20,https://dmd.cute.edu.tw/,"1.上述繳交資料概不退還。
2.完成繳費後，不得以任何理由要求退費。
3.本系為培育新媒體跨域創作之優質創意人才，具備有文化創意、藝術設計、程式邏輯思維等潛力之學生均歡迎報名。本系亦重視團隊合作之協調、溝通與執行能力，以成為未來文化創新跨域創作人才。"
219007,219,中國科技大學,北區,6,影視設計系（臺北校區）,5,60,800,1.00,,,,,,學習歷程備審資料審查,,學習歷程備審資料審查,90,學科能力測驗加權平均成績,5,英文學科能力測驗成績,3,社會學科能力測驗成績,2,,,,,,,,,詳見「複試說明」,115.5.6,,115.5.18,115.5.19,115.5.20,https://dfvp.cute.edu.tw/,"1.上述繳交資料概不退還。
2.完成繳費後，不得以任何理由要求退費。
3.本系欲招收對影音創作或影音欣賞有興趣之學生，同時擁有積極互動、溝通協調與團隊合作的態度。"
219008,219,中國科技大學,北區,6,企業管理系（臺北校區）,5,60,800,1.00,,,,,,學習歷程備審資料審查,,學習歷程備審資料審查,90,學科能力測驗加權平均成績,5,社會學科能力測驗成績,3,英文學科能力測驗成績,2,,,,,,,,,詳見「複試說明」,115.5.6,,115.5.18,115.5.19,115.5.20,https://dba.gm.cute.edu.tw/,"1.上述繳交資料概不退還。
2.完成繳費後，不得以任何理由要求退費。
3.本系教學特色為聚焦理論與實務操作的結合、注重創意、創新與創業能力的培養、重視團隊合作與職場倫理的養成、強化國際視野與多元發展的開拓，歡迎對商管專業知識有興趣、熱衷參與活動，服務人群，善於溝通與表達的同學報考。"
219009,219,中國科技大學,北區,6,財務金融系（臺北校區）,5,60,800,1.00,,,0.50,,,學習歷程備審資料審查,,學習歷程備審資料審查,90,學科能力測驗加權平均成績,5,英文學科能力測驗成績,3,社會學科能力測驗成績,2,,,,,,,,,詳見「複試說明」,115.5.6,,115.5.18,115.5.19,115.5.20,https://dfin.gm.cute.edu.tw/,"1.上述繳交資料概不退還。
2.完成繳費後，不得以任何理由要求退費。
3.本系重視創造力與投資理財素養，強調正確的學習態度與多元的學習歷程。希望可以透過學生課業之外的多元表現，可以適性揚才，讓適合財務金融領域的多元能力，可以被看見。"
219010,219,中國科技大學,北區,6,行銷與流通管理系（臺北校區）,5,60,800,1.00,,,,,,學習歷程備審資料審查,,學習歷程備審資料審查,90,學科能力測驗加權平均成績,5,英文學科能力測驗成績,3,社會學科能力測驗成績,2,,,,,,,,,詳見「複試說明」,115.5.6,,115.5.18,115.5.19,115.5.20,https://dml.gm.cute.edu.tw/index,"1.上述繳交資料概不退還。
2.完成繳費後，不得以任何理由要求退費。"
219011,219,中國科技大學,北區,6,資訊管理系（臺北校區）,6,60,800,1.00,,,,,,學習歷程備審資料審查,,學習歷程備審資料審查,90,學科能力測驗加權平均成績,5,英文學科能力測驗成績,3,社會學科能力測驗成績,2,,,,,,,,,詳見「複試說明」,115.5.6,,115.5.18,115.5.19,115.5.20,https://mis.cute.edu.tw/,"1.上述繳交資料概不退還。
2.完成繳費後，不得以任何理由要求退費。"
219012,219,中國科技大學,北區,6,資訊工程系（臺北校區）,8,60,800,1.00,,,,,,學習歷程備審資料審查,,學習歷程備審資料審查,90,學科能力測驗加權平均成績,5,數學A學科能力測驗成績,3,自然學科能力測驗成績,2,,,,,,,,,詳見「複試說明」,115.5.6,,115.5.18,115.5.19,115.5.20,https://dcsie.gm.cute.edu.tw/,"1.上述繳交資料概不退還。
2.完成繳費後，不得以任何理由要求退費。
3.本系重視創新想像力與科技創意素養，培育符合AIoT資通訊產業需求人才為目標。"
219013,219,中國科技大學,北區,6,視覺傳達設計系（新竹校區）,3,60,800,1.00,,,,,,學習歷程備審資料審查,,學習歷程備審資料審查,90,學科能力測驗加權平均成績,5,英文學科能力測驗成績,3,社會學科能力測驗成績,2,,,,,,,,,詳見「複試說明」,115.5.6,,115.5.18,115.5.19,115.5.20,https://dvcd.cute.edu.tw/,"1.上述繳交資料概不退還。
2.完成繳費後，不得以任何理由要求退費。
3.本系以「視覺企劃設計」、「數位影像設計」及「跨界文創設計」為三大培育特色，系上教師皆有業界實務經驗與豐富學養，學生於德國紅點設計獎、金點新秀設計獎、全國技專校院實務專題製作競賽...等國內外設計競賽皆屢屢獲獎，備受業界肯定。選才方向以對設計企畫、文創發展、工藝手創...等方面有興趣，並願意接受專業培訓之學生。"
219014,219,中國科技大學,北區,6,數位多媒體設計系（新竹校區）,2,60,800,1.00,,,,,,學習歷程備審資料審查,,學習歷程備審資料審查,90,學科能力測驗加權平均成績,5,英文學科能力測驗成績,3,社會學科能力測驗成績,2,,,,,,,,,詳見「複試說明」,115.5.6,,115.5.18,115.5.19,115.5.20,https://dmd.cute.edu.tw/,"1.上述繳交資料概不退還。
2.完成繳費後，不得以任何理由要求退費。
3.本系為培育新媒體跨域創作之優質創意人才，具備有文化創意、藝術設計、程式邏輯思維等潛力之學生均歡迎報名。本系亦重視團隊合作之協調、溝通與執行能力，以成為未來文化創新跨域創作人才。"
220001,220,中臺科技大學,中區,2,護理系,39,234,800,8.00,,,,,,學習歷程備審資料審查,,學習歷程備審資料審查,80,學科能力測驗加權平均成績,20,自然學科能力測驗成績,,英文學科能力測驗成績,,,,,,,,,,詳見「複試說明」,115.5.6,,115.5.18,115.5.19,115.5.20,https://nurse.ctust.edu.tw/,"1.相關資訊皆公告於本校招生資訊網（https://oaic.ctust.edu.tw/），本校招生處聯絡電話：04-22391647分機8812、招生處官方line ID為 @450fnabt（或 https://line.me/R/ti/p/@450fnabt ）。
2.本系學生有醫療及健康產業機構實習課程，須配合實習機構要求，並完成實務操作。"
220002,220,中臺科技大學,中區,2,醫學檢驗生物技術系,11,66,800,8.00,,,,,,學習歷程備審資料審查,,學習歷程備審資料審查,80,學科能力測驗加權平均成績,20,英文學科能力測驗成績,,數學A學科能力測驗成績,,,,,,,,,,詳見「複試說明」,115.5.6,,115.5.18,115.5.19,115.5.20,https://mt.ctust.edu.tw/,"1.相關資訊皆公告於本校招生資訊網（https://oaic.ctust.edu.tw/），本校招生處聯絡電話：04-22391647分機8812、招生處官方line ID為 @450fnabt（或 https://line.me/R/ti/p/@450fnabt ）。
2.本系學生有醫療及健康產業機構實習課程，須配合實習機構要求，並完成實務操作。"
220003,220,中臺科技大學,中區,2,醫學影像暨放射科學系,6,60,800,1.00,1.00,,,,,學習歷程備審資料審查,,學習歷程備審資料審查,80,學科能力測驗加權平均成績,20,英文學科能力測驗成績,,國文學科能力測驗成績,,,,,,,,,,詳見「複試說明」,115.5.6,,115.5.18,115.5.19,115.5.20,https://rad.ctust.edu.tw/,"1.相關資訊皆公告於本校招生資訊網（https://oaic.ctust.edu.tw/），本校招生處聯絡電話：04-22391647分機8812、招生處官方line ID為 @450fnabt（或 https://line.me/R/ti/p/@450fnabt ）。
2.本系學生有醫療及健康產業機構實習課程，須配合實習機構要求，並完成實務操作。"
220004,220,中臺科技大學,中區,2,牙體技術暨材料系,9,60,800,4.00,1.00,,,,,學習歷程備審資料審查,,學科能力測驗加權平均成績,30,學習歷程備審資料審查,70,國文學科能力測驗成績,,英文學科能力測驗成績,,,,,,,,,,詳見「複試說明」,115.5.6,,115.5.18,115.5.19,115.5.20,https://op.ctust.edu.tw/,"1.相關資訊皆公告於本校招生資訊網（https://oaic.ctust.edu.tw/），本校招生處聯絡電話：04-22391647分機8812、招生處官方line ID為 @450fnabt（或 https://line.me/R/ti/p/@450fnabt ）。
2.本系學生有醫療及健康產業機構實習課程，須配合實習機構要求，並完成實務操作。"
220005,220,中臺科技大學,中區,2,視光系,9,60,800,8.00,,,,,,學習歷程備審資料審查,,學習歷程備審資料審查,80,學科能力測驗加權平均成績,20,自然學科能力測驗成績,,英文學科能力測驗成績,,,,,,,,,,詳見「複試說明」,115.5.6,,115.5.18,115.5.19,115.5.20,https://op.ctust.edu.tw/,"1.相關資訊皆公告於本校招生資訊網（https://oaic.ctust.edu.tw/），本校招生處聯絡電話：04-22391647分機8812、招生處官方line ID為 @450fnabt（或 https://line.me/R/ti/p/@450fnabt ）。
2.本系學生有醫療及健康產業機構實習課程，須配合實習機構要求，並完成實務操作。"
221001,221,台南應用科技大學,南區,2,服飾設計管理系,10,60,800,1.00,,,,,,學習歷程備審資料審查,,學習歷程備審資料審查,90,學科能力測驗加權平均成績,10,英文學科能力測驗成績,,社會學科能力測驗成績,,自然學科能力測驗成績,,,,,,,,詳見「複試說明」,115.5.6,,115.5.21,115.5.22,115.5.25,https://fdm.tut.edu.tw,"1.甄試總成績請至本校首頁/「招生資訊」/「日間部招生」/「四技申請入學」查詢【不另寄紙本成績】。
2.須具備辨色能力。
3.本系參與紡拓會等三大法人就業輔導，可選修全學期帶薪實習，協助媒合就業。辦理國際交換學生活動，拓展學生國際視野。"
221002,221,台南應用科技大學,南區,2,美容造型設計系,32,192,800,1.00,,,,,,學習歷程備審資料審查,,學習歷程備審資料審查,90,學科能力測驗加權平均成績,10,英文學科能力測驗成績,,社會學科能力測驗成績,,自然學科能力測驗成績,,,,,,,,詳見「複試說明」,115.5.6,,115.5.21,115.5.22,115.5.25,https://stycos.tut.edu.tw,"1.甄試總成績請至本校首頁/「招生資訊」/「日間部招生」/「四技申請入學」查詢【不另寄紙本成績】。
2.學生須具備辨色能力。
3.設有師資培育中心，開設中教及幼教教育學程，鼓勵將來有意當老師的在校學生，報考修讀。
4.本系積極推動學生取得專業證照，力求達成百分之百通過率，並與國內外廠商合作，提供校內外實習輔導，結合語文訓練，全方位強化就業競爭力與媒合成效。"
221003,221,台南應用科技大學,南區,2,運動休閒與健康管理系,5,60,800,1.00,,,,,,學習歷程備審資料審查,,學習歷程備審資料審查,90,學科能力測驗加權平均成績,10,社會學科能力測驗成績,,英文學科能力測驗成績,,自然學科能力測驗成績,,,,,,,,詳見「複試說明」,115.5.6,,115.5.21,115.5.22,115.5.25,https://drhm.tut.edu.tw,"1.甄試總成績請至本校首頁/「招生資訊」/「日間部招生」/「四技申請入學」查詢【不另寄紙本成績】。
2.本系與國內知名健身俱樂部、休閒渡假村、旅遊公司、行銷公司實施為期1年的校外實習，能有效提高就業競爭力。"
221004,221,台南應用科技大學,南區,2,旅館管理系,15,90,800,1.00,,,,,,學習歷程備審資料審查,,學習歷程備審資料審查,90,學科能力測驗加權平均成績,10,英文學科能力測驗成績,,社會學科能力測驗成績,,自然學科能力測驗成績,,,,,,,,詳見「複試說明」,115.5.6,,115.5.21,115.5.22,115.5.25,https://tuthm.tut.edu.tw,"1.甄試總成績請至本校首頁/「招生資訊」/「日間部招生」/「四技申請入學」查詢【不另寄紙本成績】。
2.學生須訂製或自備正式服裝及廚藝制服，並須完成至業界實習之課程。
3.旅管系與國內外知名旅館集團合作，大四帶薪校外實習，並搭配海外參訪選修課程，拓展學生國際視野，提升專業職能。"
221005,221,台南應用科技大學,南區,2,室內設計系,6,60,800,1.00,,,,,,學習歷程備審資料審查,,學習歷程備審資料審查,90,學科能力測驗加權平均成績,10,英文學科能力測驗成績,,社會學科能力測驗成績,,自然學科能力測驗成績,,,,,,,,詳見「複試說明」,115.5.6,,115.5.21,115.5.22,115.5.25,https://id.tut.edu.tw,"1.甄試總成績請至本校首頁/「招生資訊」/「日間部招生」/「四技申請入學」查詢【不另寄紙本成績】。
2.須具備辨色能力。
3.本系持續辦理國際交換學生、國際大師研習工作營，拓展學生國際視野，並在每個年級配有業師協同教學。"
221006,221,台南應用科技大學,南區,2,多媒體動畫系,5,60,800,1.00,,,,,,學習歷程備審資料審查,,學習歷程備審資料審查,90,學科能力測驗加權平均成績,10,英文學科能力測驗成績,,社會學科能力測驗成績,,自然學科能力測驗成績,,,,,,,,詳見「複試說明」,115.5.6,,115.5.21,115.5.22,115.5.25,https://dma.tut.edu.tw/,"1.甄試總成績請至本校首頁/「招生資訊」/「日間部招生」/「四技申請入學」查詢【不另寄紙本成績】。
2.須具備辨色能力。
3.本系培育動畫創作與多媒體整合應用之文創人才。鼓勵學生國內外實習，帶領學生參與國際競賽影展創造優勢競爭力。"
221007,221,台南應用科技大學,南區,2,美術系,15,90,800,1.00,,,,,,學習歷程備審資料審查,,學習歷程備審資料審查,90,學科能力測驗加權平均成績,10,英文學科能力測驗成績,,社會學科能力測驗成績,,自然學科能力測驗成績,,,,,,,,詳見「複試說明」,115.5.6,,115.5.21,115.5.22,115.5.25,https://art.tut.edu.tw,"1.甄試總成績請至本校首頁/「招生資訊」/「日間部招生」/「四技申請入學」查詢【不另寄紙本成績】。
2.須具備辨色能力。"
221008,221,台南應用科技大學,南區,2,舞蹈系,2,60,800,1.00,,,,,,學習歷程備審資料審查,,學習歷程備審資料審查,90,學科能力測驗加權平均成績,10,英文學科能力測驗成績,,社會學科能力測驗成績,,自然學科能力測驗成績,,,,,,,,詳見「複試說明」,115.5.6,,115.5.21,115.5.22,115.5.25,https://dance.tut.edu.tw/,1.甄試總成績請至本校首頁/「招生資訊」/「日間部招生」/「四技申請入學」查詢【不另寄紙本成績】。
221009,221,台南應用科技大學,南區,2,流行音樂系,6,60,1000,1.00,,,,,,學習歷程備審資料審查,面試,面試,70,學習歷程備審資料審查,20,學科能力測驗加權平均成績,10,英文學科能力測驗成績,,社會學科能力測驗成績,,自然學科能力測驗成績,,,,,,詳見「複試說明」,115.5.6,115.5.16,115.5.21,115.5.22,115.5.25,https://popmusic.tut.edu.tw,"1.甄試總成績請至本校首頁/「招生資訊」/「日間部招生」/「四技申請入學」查詢【不另寄紙本成績】。
2.每學期依選修課程另繳13,580元個別指導費。"
221010,221,台南應用科技大學,南區,2,漫畫系,45,270,800,1.00,,,,,,學習歷程備審資料審查,,學習歷程備審資料審查,90,學科能力測驗加權平均成績,10,英文學科能力測驗成績,,社會學科能力測驗成績,,自然學科能力測驗成績,,,,,,,,詳見「複試說明」,115.5.6,,115.5.21,115.5.22,115.5.25,https://comic.tut.edu.tw,"1.甄試總成績請至本校本校首頁/「招生資訊」/「日間部招生」/「四技申請入學」查詢【不另寄紙本成績】。
2.須具備辨色能力。"
222001,222,中信科技大學,南區,3,機械工程系,12,72,800,1.00,,,,,1.00,學習歷程備審資料審查,,學習歷程備審資料審查,80,學科能力測驗加權平均成績,10,國文學科能力測驗成績,10,自然學科能力測驗成績,,,,,,,,,,115.4.24,115.5.6,,115.5.15,115.5.16,115.5.19,https://me.ctbctech.edu.tw/,"1.本校提供各類校內外獎學金、學雜費減免、就學貸款及校內工讀機會，可供學生申請。
2.如有本校申請入學相關問題，歡迎電洽06-5979566＃7512機械系辦。"
222002,222,中信科技大學,南區,3,半導體工程系,25,150,800,1.00,,1.00,,,,學習歷程備審資料審查,,學習歷程備審資料審查,80,學科能力測驗加權平均成績,10,國文學科能力測驗成績,10,數學A學科能力測驗成績,,,,,,,,,,115.4.24,115.5.6,,115.5.15,115.5.16,115.5.19,https://se.ctbctech.edu.tw,"1.本校提供各類校內外獎學金、學雜費減免、就學貸款及校內工讀機會，可供學生申請。
2.如有本校申請入學相關問題，歡迎電洽06-5979566＃7541半導體系辦。"
222003,222,中信科技大學,南區,3,冷凍空調與能源系,15,90,800,1.00,,,,,,學習歷程備審資料審查,,學習歷程備審資料審查,70,學科能力測驗加權平均成績,30,數學A學科能力測驗成績,,自然學科能力測驗成績,,,,,,,,,,115.4.24,115.5.6,,115.5.15,115.5.16,115.5.19,https://race.ctbctech.edu.tw/,"1.本校提供各類校內外獎學金、學雜費減免、就學貸款及校內工讀機會，可供學生申請。
2.如有本校申請入學相關問題，歡迎電洽06-5979566＃7585冷源系辦。"
222004,222,中信科技大學,南區,3,企業管理系,4,60,800,1.00,,,,1.00,,學習歷程備審資料審查,,學習歷程備審資料審查,80,學科能力測驗加權平均成績,10,國文學科能力測驗成績,10,社會學科能力測驗成績,,,,,,,,,,115.4.24,115.5.6,,115.5.15,115.5.16,115.5.19,https://ba.ctbctech.edu.tw/,"1.本校提供各類校內外獎學金、學雜費減免、就學貸款及校內工讀機會，可供學生申請。
2.如有本校申請入學相關問題，歡迎電洽06-5979566＃7690企管系辦。"
222005,222,中信科技大學,南區,3,餐飲與健康養生系,2,60,800,2.00,,,,1.00,,學習歷程備審資料審查,,學習歷程備審資料審查,80,學科能力測驗加權平均成績,10,國文學科能力測驗成績,10,社會學科能力測驗成績,,,,,,,,,,115.4.24,115.5.6,,115.5.15,115.5.16,115.5.19,https://fbm.ctbctech.edu.tw/,"1. 本校提供各類校內外獎學金、學雜費減免、就學貸款及校內工讀機會，可供學生申請。
2.如有本校申請入學相關問題，歡迎電洽06-5979566＃7652 餐飲與健康養生系辦公室。"
223001,223,元培醫事科技大學,北區,1,醫學影像暨放射技術系,24,144,800,1.00,1.00,,,,,學習歷程備審資料審查,,學科能力測驗加權平均成績,30,學習歷程備審資料審查,70,英文學科能力測驗成績,,國文學科能力測驗成績,,,,,,,,,,115.4.24,115.5.6,,115.5.22,115.5.25,115.5.26,https://rad.ypu.edu.tw,"1.本校相關訊息以手機簡訊通知，請申請生務必留下個人正確聯繫電話。
2.複試報名費請由本校網路系統報名取得『繳費帳號』，再至第一銀行各地分行或自動櫃員機以『繳費』方式轉帳（收據自存）。
3.本系網址https://rad.ypu.edu.tw/，連絡電話03-6102306。"
223002,223,元培醫事科技大學,北區,1,醫務管理系,20,120,800,1.00,1.00,,,,,學習歷程備審資料審查,,學習歷程備審資料審查,80,學科能力測驗加權平均成績,20,國文學科能力測驗成績,,英文學科能力測驗成績,,,,,,,,,,115.4.24,115.5.6,,115.5.22,115.5.25,115.5.26,https://hm.ypu.edu.tw,"1.本校相關訊息以手機簡訊通知，請申請生務必留下個人正確聯繫電話。
2.複試報名費請由本校網路系統報名取得『繳費帳號』，再至第一銀行各地分行或自動櫃員機以『繳費』方式轉帳（收據自存）。
3.本系網址https://hm.ypu.edu.tw/，連絡電話03-6102321。"
223003,223,元培醫事科技大學,北區,1,高齡健康照護系,12,72,800,3.00,1.00,,,,,學習歷程備審資料審查,,學習歷程備審資料審查,80,學科能力測驗加權平均成績,20,國文學科能力測驗成績,,英文學科能力測驗成績,,,,,,,,,,115.4.24,115.5.6,,115.5.22,115.5.25,115.5.26,https://healthcare.ypu.edu.tw/,"1.本校相關訊息以手機簡訊通知，請申請生務必留下個人正確聯繫電話。
2.複試報名費請由本校網路系統報名取得『繳費帳號』，再至第一銀行各地分行或自動櫃員機以『繳費』方式轉帳（收據自存）。
3.本系網址https://www.ypu.edu.tw/，連絡電話03-6102309。"
223004,223,元培醫事科技大學,北區,1,醫學檢驗生物技術系,22,132,800,1.00,1.00,,,,,學習歷程備審資料審查,,學習歷程備審資料審查,70,學科能力測驗加權平均成績,30,國文學科能力測驗成績,,英文學科能力測驗成績,,,,,,,,,,115.4.24,115.5.6,,115.5.22,115.5.25,115.5.26,https://dmt.ypu.edu.tw,"1.本校相關訊息以手機簡訊通知，請申請生務必留下個人正確聯繫電話。
2.複試報名費請由本校網路系統報名取得『繳費帳號』，再至第一銀行各地分行或自動櫃員機以『繳費』方式轉帳（收據自存）。
3.本系網址https://dmt.ypu.edu.tw/，連絡電話03-6102326。"
223005,223,元培醫事科技大學,北區,1,護理系,48,288,800,1.00,1.00,,,,,學習歷程備審資料審查,,學科能力測驗加權平均成績,30,學習歷程備審資料審查,70,國文學科能力測驗成績,,英文學科能力測驗成績,,,,,,,,,,115.4.24,115.5.6,,115.5.22,115.5.25,115.5.26,https://nurse.ypu.edu.tw,"1.本校相關訊息以手機簡訊通知，請申請生務必留下個人正確聯繫電話。
2.複試報名費請由本校網路系統報名取得『繳費帳號』，再至第一銀行各地分行或自動櫃員機以『繳費』方式轉帳（收據自存）。
3.本系網址https://nurse.ypu.edu.tw/，連絡電話03-6102333。"
223006,223,元培醫事科技大學,北區,1,視光系,14,84,800,1.00,1.00,,,,,學習歷程備審資料審查,,學習歷程備審資料審查,70,學科能力測驗加權平均成績,30,國文學科能力測驗成績,,英文學科能力測驗成績,,,,,,,,,,115.4.24,115.5.6,,115.5.22,115.5.25,115.5.26,https://op.ypu.edu.tw/,"1.本校相關訊息以手機簡訊通知，請申請生務必留下個人正確聯繫電話。
2.複試報名費請由本校網路系統報名取得『繳費帳號』，再至第一銀行各地分行或自動櫃員機以『繳費』方式轉帳（收據自存）。
3.本系網址https://op.ypu.edu.tw/，連絡電話03-6102319。"
223007,223,元培醫事科技大學,北區,1,寵物保健系,12,72,800,1.00,1.00,,,,,學習歷程備審資料審查,,學習歷程備審資料審查,70,學科能力測驗加權平均成績,30,國文學科能力測驗成績,,英文學科能力測驗成績,,,,,,,,,,115.4.24,115.5.6,,115.5.22,115.5.25,115.5.26,https://pet.ypu.edu.tw,"1.本校相關訊息以手機簡訊通知，請申請生務必留下個人正確聯繫電話。
2.複試報名費請由本校網路系統報名取得『繳費帳號』，再至第一銀行各地分行或自動櫃員機以『繳費』方式轉帳（收據自存）。
3.本系網址https://pet.ypu.edu.tw/，連絡電話03-6102417。"
223008,223,元培醫事科技大學,北區,1,環境工程衛生系,10,60,800,1.00,,,,,1.00,學習歷程備審資料審查,,學科能力測驗加權平均成績,20,學習歷程備審資料審查,80,國文學科能力測驗成績,,自然學科能力測驗成績,,,,,,,,,,115.4.24,115.5.6,,115.5.22,115.5.25,115.5.26,https://ent.ypu.edu.tw,"1.本校相關訊息以手機簡訊通知，請申請生務必留下個人正確聯繫電話。
2.複試報名費請由本校網路系統報名取得『繳費帳號』，再至第一銀行各地分行或自動櫃員機以『繳費』方式轉帳（收據自存）。
3.本系網址https://ent.ypu.edu.tw/，連絡電話03-6102336。"
223009,223,元培醫事科技大學,北區,1,食品科學系,6,60,800,2.00,1.00,,,,,學習歷程備審資料審查,,學習歷程備審資料審查,70,學科能力測驗加權平均成績,30,國文學科能力測驗成績,,英文學科能力測驗成績,,,,,,,,,,115.4.24,115.5.6,,115.5.22,115.5.25,115.5.26,https://ypfood.ypu.edu.tw,"1.本校相關訊息以手機簡訊通知，請申請生務必留下個人正確聯繫電話。
2.複試報名費請由本校網路系統報名取得『繳費帳號』，再至第一銀行各地分行或自動櫃員機以『繳費』方式轉帳（收據自存）。
3.本系網址https://ypfood.ypu.edu.tw/，連絡電話03-6102341。"
223010,223,元培醫事科技大學,北區,1,生物科技暨製藥技術系,24,144,800,1.00,,,,,1.00,學習歷程備審資料審查,,學習歷程備審資料審查,80,學科能力測驗加權平均成績,20,國文學科能力測驗成績,,自然學科能力測驗成績,,,,,,,,,,115.4.24,115.5.6,,115.5.22,115.5.25,115.5.26,https://biotech.ypu.edu.tw,"1.本校相關訊息以手機簡訊通知，請申請生務必留下個人正確聯繫電話。
2.複試報名費請由本校網路系統報名取得『繳費帳號』，再至第一銀行各地分行或自動櫃員機以『繳費』方式轉帳（收據自存）。
3.本系網址https://biotech.ypu.edu.tw/，連絡電話03-6102311。"
223011,223,元培醫事科技大學,北區,1,資訊管理系,5,60,800,3.00,1.00,,,,,學習歷程備審資料審查,,學習歷程備審資料審查,90,學科能力測驗加權平均成績,10,國文學科能力測驗成績,,英文學科能力測驗成績,,,,,,,,6,,115.4.24,115.5.6,,115.5.22,115.5.25,115.5.26,https://im.ypu.edu.tw,"1.本校相關訊息以手機簡訊通知，請申請生務必留下個人正確聯繫電話。
2.複試報名費請由本校網路系統報名取得『繳費帳號』，再至第一銀行各地分行或自動櫃員機以『繳費』方式轉帳（收據自存）。
3.本系網址https://im.ypu.edu.tw/，連絡電話03-6102361。"
223012,223,元培醫事科技大學,北區,1,企業管理系,5,60,800,2.00,1.00,,,,,學習歷程備審資料審查,,學習歷程備審資料審查,90,學科能力測驗加權平均成績,10,國文學科能力測驗成績,,英文學科能力測驗成績,,,,,,,,,,115.4.24,115.5.6,,115.5.22,115.5.25,115.5.26,https://dba.ypu.edu.tw/,"1.本校相關訊息以手機簡訊通知，請申請生務必留下個人正確聯繫電話。
2.複試報名費請由本校網路系統報名取得『繳費帳號』，再至第一銀行各地分行或自動櫃員機以『繳費』方式轉帳（收據自存）。
3.本系網址https://dba.ypu.edu.tw/，連絡電話03-6102316。"
223013,223,元培醫事科技大學,北區,1,健康休閒管理系健康保健組,6,60,800,2.00,1.00,,,,,學習歷程備審資料審查,,學習歷程備審資料審查,90,學科能力測驗加權平均成績,10,國文學科能力測驗成績,,英文學科能力測驗成績,,,,,,,,,,115.4.24,115.5.6,,115.5.22,115.5.25,115.5.26,https://hl.ypu.edu.tw,"1.本校相關訊息以手機簡訊通知，請申請生務必留下個人正確聯繫電話。
2.複試報名費請由本校網路系統報名取得『繳費帳號』，再至第一銀行各地分行或自動櫃員機以『繳費』方式轉帳（收據自存）。
3.本系網址https://hl.ypu.edu.tw/，連絡電話03-6102344。"
223014,223,元培醫事科技大學,北區,1,健康休閒管理系運動休閒組,5,60,800,2.00,1.00,,,,,學習歷程備審資料審查,,學習歷程備審資料審查,90,學科能力測驗加權平均成績,10,國文學科能力測驗成績,,英文學科能力測驗成績,,,,,,,,,,115.4.24,115.5.6,,115.5.22,115.5.25,115.5.26,https://hl.ypu.edu.tw,"1.本校相關訊息以手機簡訊通知，請申請生務必留下個人正確聯繫電話。
2.複試報名費請由本校網路系統報名取得『繳費帳號』，再至第一銀行各地分行或自動櫃員機以『繳費』方式轉帳（收據自存）。
3.本系網址https://hl.ypu.edu.tw/，連絡電話03-6102344。"
224001,224,景文科技大學,北區,1,資訊與通訊系,12,72,800,1.00,,,,,,學習歷程備審資料審查,,學習歷程備審資料審查,95,學科能力測驗加權平均成績,5,英文學科能力測驗成績,,自然學科能力測驗成績,,,,,,,,8,,詳見「複試說明」,115.5.6,,115.5.15,115.5.18,115.5.19,https://cc.just.edu.tw/,"1、實習課程為本系選修學分，學生於實習期間並無需支付除學雜費外之額外實習費用。
2、本系畢業條件依本校及本系相關辦法辦理。"
224002,224,景文科技大學,北區,1,行銷與流通管理系,2,60,800,1.00,,,,,,學習歷程備審資料審查,,學習歷程備審資料審查,95,學科能力測驗加權平均成績,5,社會學科能力測驗成績,,英文學科能力測驗成績,,,,,,,,,,詳見「複試說明」,115.5.6,,115.5.15,115.5.18,115.5.19,https://mlm.just.edu.tw/,"1.本系實施國內校外實習課程，學生於實習期間並無需支付除學雜費外之額外實習費用。
2.本系畢業條件依本校及本系相關辦法辦理。"
224003,224,景文科技大學,北區,1,企業管理系,2,60,800,1.00,,,,,,學習歷程備審資料審查,,學習歷程備審資料審查,95,學科能力測驗加權平均成績,5,社會學科能力測驗成績,,英文學科能力測驗成績,,,,,,,,,,詳見「複試說明」,115.5.6,,115.5.15,115.5.18,115.5.19,https://ba.just.edu.tw/bin/home.php,本系畢業條件依本校及本系相關辦法辦理。
224004,224,景文科技大學,北區,1,應用外語系,10,60,800,1.00,,,,,,學習歷程備審資料審查,,學習歷程備審資料審查,95,學科能力測驗加權平均成績,5,社會學科能力測驗成績,,英文學科能力測驗成績,,,,,,,,,,詳見「複試說明」,115.5.6,,115.5.15,115.5.18,115.5.19,https://afl.just.edu.tw/bin/home.php,"1.本系畢業條件依本校學則規範。
2.本系與日本別府大學、尾道市立大學、東北文教大學、韓國順天鄉大學等簽訂短期留學合約；與英國密德薩斯大學、美國漢佛萊斯大學簽訂雙聯學制合約並互訂學分抵免辦法。
3.本系輔導學生進行海外實習。"
224005,224,景文科技大學,北區,1,視覺傳達設計系視覺設計組,2,60,800,1.00,,,,,,學習歷程備審資料審查,,學習歷程備審資料審查,95,學科能力測驗加權平均成績,5,社會學科能力測驗成績,,英文學科能力測驗成績,,,,,,,,,,詳見「複試說明」,115.5.6,,115.5.15,115.5.18,115.5.19,https://vcd.just.edu.tw/,"1.本系部份實作課程、專題製作時學生須具備獨立操作操作儀器能力、個人安全維護能力、視覺色彩判定能力、繪圖設計、構想能力，本系畢業生須參加畢業設計展所需費用約新台幣12,000元。
2.本系畢業條件依本校學則規範，畢業前應通過本系畢業條件標準。"
224006,224,景文科技大學,北區,1,視覺傳達設計系時尚工藝組,2,60,800,1.00,,,,,,學習歷程備審資料審查,,學習歷程備審資料審查,95,學科能力測驗加權平均成績,5,社會學科能力測驗成績,,英文學科能力測驗成績,,,,,,,,,,詳見「複試說明」,115.5.6,,115.5.15,115.5.18,115.5.19,https://vcd.just.edu.tw/,"1.本系部份實作課程、專題製作時學生須具備獨立操作操作儀器能力、個人安全維護能力、視覺色彩判定能力、繪圖設計、構想能力，本系畢業生須參加畢業設計展所需費用約新台幣12,000元。
2.本系畢業條件依本校學則規範，畢業前應通過本系畢業條件標準。"
225001,225,中華醫事科技大學,南區,3,護理系,70,420,800,5.00,1.00,,,,,學習歷程備審資料審查,,學習歷程備審資料審查,80,學科能力測驗加權平均成績,20,國文學科能力測驗成績,,英文學科能力測驗成績,,,,,,,,,,詳見「複試說明」,115.5.6,,115.5.20,115.5.21,115.5.25,https://www.hwai.edu.tw/nursing,"1.本系聯絡電話：（06）2674567分機501；網址;https://www.hwai.edu.tw。
2.身心障礙者請審慎考慮。"
225002,225,中華醫事科技大學,南區,3,醫學檢驗生物技術系,8,60,800,1.00,,,,,,學習歷程備審資料審查,,學習歷程備審資料審查,80,學科能力測驗加權平均成績,20,英文學科能力測驗成績,,自然學科能力測驗成績,,,,,,,,,,詳見「複試說明」,115.5.6,,115.5.20,115.5.21,115.5.25,https://www.hwai.edu.tw,本系聯絡電話：（06）2674567分機450；網址https://www.hwai.edu.tw。
225003,225,中華醫事科技大學,南區,3,視光系,24,144,800,1.00,,,,,,學習歷程備審資料審查,,學科能力測驗加權平均成績,10,學習歷程備審資料審查,90,英文學科能力測驗成績,,社會學科能力測驗成績,,,,,,,,,,詳見「複試說明」,115.5.6,,115.5.20,115.5.21,115.5.25,https://www.hwai.edu.tw/opt/pub/LIT_10.asp,"1.本系聯絡電話：（06）2674567分機370；網址https://opt.hwai.edu.tw。
2.本系必修實習課程需至眼科醫院/診所及眼鏡門市/驗光所完成實習學分，身心障礙者請審慎考慮。
3.驗光人員法已通過，從事眼科或驗光所驗光配鏡工作皆須領有衛福部頒發驗光人員執照方能執業，本系學生歷年通過驗光人員
考照率、人數及比率均大幅優於全國平均，且為技職科大第一（113年驗光師高考應屆畢業生榮獲全國雙榜首），成績優異，大量
線上模擬試題與開設國考輔導班全面輔導考取驗光人員執照。"
225004,225,中華醫事科技大學,南區,3,環境與安全衛生工程系,25,150,800,1.00,,,,,,學習歷程備審資料審查,,學科能力測驗加權平均成績,20,學習歷程備審資料審查,80,英文學科能力測驗成績,,社會學科能力測驗成績,,,,,,,,,,詳見「複試說明」,115.5.6,,115.5.20,115.5.21,115.5.25,https://www.hwai.edu.tw,"1.本系為雲嘉南與高屏地區整合環境工程與職業安全衛生教育之唯一私立科技大學。
2.升學與就業雙向發展，輔導考取環境工程與職業安全衛生兩類專業證照。
3.本系聯絡電話：（06）2674567分機.800、801；網址:https://www.hwai.edu.tw。"
225005,225,中華醫事科技大學,南區,3,寵物照護與美容系,6,60,800,1.00,,,,,,學習歷程備審資料審查,,學習歷程備審資料審查,70,學科能力測驗加權平均成績,30,社會學科能力測驗成績,,英文學科能力測驗成績,,,,,,,,,,詳見「複試說明」,115.5.6,,115.5.20,115.5.21,115.5.25,https://www.hwai.edu.tw,本系聯絡電話：（06）2674567分機951；網址https://www.hwai.edu.tw。
226001,226,東南科技大學,北區,3,工程與電資學院專班,46,276,800,1.00,1.00,,,,,學習歷程備審資料審查,,學習歷程備審資料審查,80,學科能力測驗加權平均成績,20,國文學科能力測驗成績,,英文學科能力測驗成績,,,,,,,,28,,115.4.24,115.5.6,,115.5.21,115.5.25,115.5.27,https://ce.tnu.edu.tw/,"1.錄取後依學生志向分發至工程與電資學院所屬之機械工程系、機械工程系車輛組、電機工程系就讀，不另訂篩選門檻。
2.本院各系實施學期或學年制專業實務實習，日間部各系均須依照課程規劃於大三或大四時，參與校外（內）實習課程，協助學生在校即獲取工作經驗及年資。
3.連絡電話：（02）8662-5828~9；網址：https://ac.tnu.edu.tw/"
226002,226,東南科技大學,北區,3,觀餐休閒與管理學院專班,26,156,800,1.00,1.00,,,,,學習歷程備審資料審查,,學習歷程備審資料審查,80,學科能力測驗加權平均成績,20,國文學科能力測驗成績,,英文學科能力測驗成績,,,,,,,,,,115.4.24,115.5.6,,115.5.21,115.5.25,115.5.27,https://chl.tnu.edu.tw/,"1.錄取後依學生志向分發至觀餐休閒與管理學院所屬之表演藝術系、休閒事業管理系、餐旅管理系就讀，不另訂篩選門檻。
2.本院各系實施學期或學年制專業實務實習，日間部各系均須依照課程規劃於大三或大四時，參與校外（內）實習課程，協助學生在校即獲取工作經驗及年資。
3.連絡電話：（02）8662-5828~9；網址：https://ac.tnu.edu.tw/"
226003,226,東南科技大學,北區,3,創新設計學院專班,12,72,800,1.00,1.00,,,,,學習歷程備審資料審查,,學習歷程備審資料審查,80,學科能力測驗加權平均成績,20,國文學科能力測驗成績,,英文學科能力測驗成績,,,,,,,,,,115.4.24,115.5.6,,115.5.21,115.5.25,115.5.27,https://cid.tnu.edu.tw,"1.錄取後依學生志向分發至創新設計學院所屬之數位媒體設計系、室內設計系就讀，不另訂篩選門檻。
2.本院各系實施暑期或學期專業實務實習，須依照課程規劃參與校外（內）實習課程，協助學生在校即獲取工作經驗及年資。
3.本院各系皆訂有競賽及畢業展等相關規定，輔導學生於畢業前擁有自我創作作品並公開展演。
4.連絡電話：（02）8662-5828~9；網址：https://ac.tnu.edu.tw/"
227001,227,德明財經科技大學,北區,1,會計資訊系,5,60,800,1.00,,,,,,學習歷程備審資料審查,,學習歷程備審資料審查,90,學科能力測驗加權平均成績,10,社會學科能力測驗成績,,英文學科能力測驗成績,,,,,,,,6,,詳見「複試說明」,115.5.6,,115.5.21,115.5.22,115.5.29,https://accinfo.takming.edu.tw,"1.本校設有：多樣新生入學獎學金、圓夢獎學金、急難救助金、優良學生獎學金、及AB級證照獎學金等。
2.本系專屬獎學金有：證照考試獎助金、家長獎學金、孝悌楷模獎學金、高氏清寒獎學金、鄭謝明和女士紀念獎助學金、嘉美聯合會計師事務所獎助學金等。
3.本校訂於4月辦理申請入學說明會，請留意簡訊通知。
4.大四全校一年實習，畢業後優先留任。"
227002,227,德明財經科技大學,北區,1,財政稅務系,9,60,800,1.00,,,,,,學習歷程備審資料審查,,學習歷程備審資料審查,90,學科能力測驗加權平均成績,10,英文學科能力測驗成績,,社會學科能力測驗成績,,,,,,,,,,詳見「複試說明」,115.5.6,,115.5.21,115.5.22,115.5.29,https://ft.takming.edu.tw/,"1.本校設有深德明心新生入學獎學金:校友子女、手足或2人同時讀德明，獲學期學雜費15％金額，須扣除「拉近公私立學校學雜費差距及配套措施方案之定額減免私立大專學雜費」金額，請詳參本校招生資訊。
2.本校訂於4月辦理申請入學說明會，請留意簡訊通知。
3.大四全校一年實習，畢業後優先留任。"
227003,227,德明財經科技大學,北區,1,財務金融系,6,60,800,1.00,,,,,,學習歷程備審資料審查,,學習歷程備審資料審查,90,學科能力測驗加權平均成績,10,英文學科能力測驗成績,,數學B學科能力測驗成績,,,,,,,,,,詳見「複試說明」,115.5.6,,115.5.21,115.5.22,115.5.29,https://fddep.takming.edu.tw/,"1.本系致力於培育百萬年薪的金融菁英，學生大四可至上市櫃金控旗下之銀行、證券、投信、投顧、期貨及保險公司實習一年，許多學生實習期間即轉正職，畢業後留任，順利邁向百萬年薪目標。
2.本校為CFP®國際認證高級理財規劃顧問之授權教育訓練機構，本系學生修畢相關課程可取得報考資格，奠定獲得認證之基礎。
3.本校設有深德明心新生入學獎學金:校友子女、手足或2人同時讀德明，學雜費15％獎學金，須扣除「拉近公私立學校學雜費差距及配套措施方案之定額減免私立大專學雜費」金額，請詳參本校招生資訊。
4.本校訂於4月辦理申請入學說明會，請留意簡訊通知。
5.大四全校一年實習，畢業後優先留任。"
227004,227,德明財經科技大學,北區,1,風險管理與財富規劃系,9,60,800,1.00,,,,,,學習歷程備審資料審查,,學習歷程備審資料審查,90,學科能力測驗加權平均成績,10,英文學科能力測驗成績,,數學A學科能力測驗成績,,,,,,,,,,詳見「複試說明」,115.5.6,,115.5.21,115.5.22,115.5.29,https://biddep.takming.edu.tw/,"1.本校設有深德明心新生入學獎學金:校友子女、手足或2人同時讀德明，獲學期學雜費15％金額，須扣除「拉近公私立學校學雜費差距及配套措施方案之定額減免私立大專學雜費」金額，請詳參本校招生資訊。
2.本系設有：未來之星（高中申請入學）獎學金獎勵標準：申請進入本系就讀之新生，每名發給獎學金新台幣6,000元。
3.本校訂於4月辦理申請入學說明會，請留意簡訊通知。
4.大四全校一年實習，畢業後優先留任。"
227005,227,德明財經科技大學,北區,1,企業管理系時尚經營管理組,10,60,800,1.00,,,,,,學習歷程備審資料審查,,學習歷程備審資料審查,90,學科能力測驗加權平均成績,10,英文學科能力測驗成績,,數學A學科能力測驗成績,,,,,,,,,,詳見「複試說明」,115.5.6,,115.5.21,115.5.22,115.5.29,https://baddep.takming.edu.tw,"1.本校設有深德明心新生入學獎學金:校友子女、手足或2人同時讀德明，獲學期學雜費15％金額，須扣除「拉近公私立學校學雜費差距及配套措施方案之定額減免私立大專學雜費」金額，請詳參本校招生資訊。
2.本校訂於4月辦理申請入學說明會，請留意簡訊通知。
3.大四全校一年實習，畢業後優先留任。"
227006,227,德明財經科技大學,北區,1,流通管理系,2,60,800,1.00,,,,,,學習歷程備審資料審查,,學習歷程備審資料審查,90,學科能力測驗加權平均成績,10,英文學科能力測驗成績,,數學B學科能力測驗成績,,,,,,,,,,詳見「複試說明」,115.5.6,,115.5.21,115.5.22,115.5.29,https://dm.takming.edu.tw/p/412-1018-1839.php,"1.本校設有深德明心新生入學獎學金:校友子女、手足或2人同時讀德明，獲學期學雜費15％金額，須扣除「拉近公私立學校學雜費差距及配套措施方案之定額減免私立大專學雜費」金額，請詳參本校招生資訊。
2.本校訂於4月辦理申請入學說明會，請留意簡訊通知。
3.大四全校一年實習，畢業後優先留任。"
227007,227,德明財經科技大學,北區,1,行銷管理系,3,60,800,1.00,,,,,,學習歷程備審資料審查,,學習歷程備審資料審查,90,學科能力測驗加權平均成績,10,社會學科能力測驗成績,,英文學科能力測驗成績,,,,,,,,,,詳見「複試說明」,115.5.6,,115.5.21,115.5.22,115.5.29,https://mmdep.takming.edu.tw/index.php,"1.本校設有深德明心新生入學獎學金:校友子女、手足或2人同時讀德明，獲學期學雜費15％金額，須扣除「拉近公私立學校學雜費差距及配套措施方案之定額減免私立大專學雜費」金額，請詳參本校招生資訊。
2.本校訂於4月辦理申請入學說明會，請留意簡訊通知。
3.大四全校一年實習，畢業後優先留任。"
227008,227,德明財經科技大學,北區,1,國際貿易系,4,60,800,1.00,,,,,,學習歷程備審資料審查,,學習歷程備審資料審查,90,學科能力測驗加權平均成績,10,英文學科能力測驗成績,,數學B學科能力測驗成績,,,,,,,,,,詳見「複試說明」,115.5.6,,115.5.21,115.5.22,115.5.29,https://itddep.takming.edu.tw/,"1.本校設有深德明心新生入學獎學金:校友子女、手足或2人同時讀德明，獲學期學雜費15％金額，須扣除「拉近公私立學校學雜費差距及配套措施方案之定額減免私立大專學雜費」金額，請詳參本校招生資訊。
2.本校訂於4月辦理申請入學說明會，請留意簡訊通知。
3.大四全校一年實習，畢業後優先留任。"
227009,227,德明財經科技大學,北區,1,應用外語系,3,60,800,,1.00,,,,,學習歷程備審資料審查,,學習歷程備審資料審查,90,學科能力測驗加權平均成績,10,國文學科能力測驗成績,,社會學科能力測驗成績,,,,,,,,,,詳見「複試說明」,115.5.6,,115.5.21,115.5.22,115.5.29,https://afldep.takming.edu.tw/,"1.本校設有深德明心新生入學獎學金:校友子女、手足或2人同時讀德明，獲學期學雜費15％金額，須扣除「拉近公私立學校學雜費差距及配套措施方案之定額減免私立大專學雜費」金額，請詳參本校招生資訊。
2.本校訂於4月辦理申請入學說明會，請留意簡訊通知。
3.大四全校一年實習，畢業後優先留任。"
227010,227,德明財經科技大學,北區,1,應用外語系日文組,4,60,800,1.00,,,,,,學習歷程備審資料審查,,學習歷程備審資料審查,90,學科能力測驗加權平均成績,10,社會學科能力測驗成績,,英文學科能力測驗成績,,,,,,,,,,詳見「複試說明」,115.5.6,,115.5.21,115.5.22,115.5.29,https://afldep.takming.edu.tw/,"1.本校設有深德明心新生入學獎學金:校友子女、手足或2人同時讀德明，獲學期學雜費15％金額，須扣除「拉近公私立學校學雜費差距及配套措施方案之定額減免私立大專學雜費」金額，請詳參本校招生資訊。
2.本校訂於4月辦理申請入學說明會，請留意簡訊通知。
3.大四全校一年實習，畢業後優先留任。"
227011,227,德明財經科技大學,北區,1,運動產業經營學士學位學程,5,60,800,1.00,,,,,,學習歷程備審資料審查,,學習歷程備審資料審查,90,學科能力測驗加權平均成績,5,社會學科能力測驗成績,5,英文學科能力測驗成績,,,,,,,,,,詳見「複試說明」,115.5.6,,115.5.21,115.5.22,115.5.29,https://sim.takming.edu.tw/index.php,"1.本校設有深德明心新生入學獎學金:校友子女、手足或2人同時讀德明，獲學期學雜費15％金額，須扣除「拉近公私立學校學雜費差距及配套措施方案之定額減免私立大專學雜費」金額，請詳參本校招生資訊。
2.本校訂於4月辦理申請入學說明會，請留意簡訊通知。
3.大四全校一年實習，畢業後優先留任。"
227012,227,德明財經科技大學,北區,1,資訊管理系,10,60,800,1.00,,,,,,學習歷程備審資料審查,,學習歷程備審資料審查,80,學科能力測驗加權平均成績,20,英文學科能力測驗成績,,社會學科能力測驗成績,,,,,,,,6,,詳見「複試說明」,115.5.6,,115.5.21,115.5.22,115.5.29,https://misweb.takming.edu.tw/,"1.本校設有深德明心新生入學獎學金:校友子女、手足或2人同時讀德明，獲學期學雜費15％金額，須扣除「拉近公私立學校學雜費差距及配套措施方案之定額減免私立大專學雜費」金額，請詳參本校招生資訊。
2.四年級安排至科學園區實習一年（年薪約40萬），實習表現優異即優先留任（畢業後免投履歷表）
3.本校訂於4月辦理申請入學說明會，請留意簡訊通知。
4.大四全校一年實習，畢業後優先留任。"
227013,227,德明財經科技大學,北區,1,資訊科技系,10,60,800,1.00,,,,,,學習歷程備審資料審查,,學習歷程備審資料審查,90,學科能力測驗加權平均成績,10,英文學科能力測驗成績,,數學B學科能力測驗成績,,,,,,,,6,,詳見「複試說明」,115.5.6,,115.5.21,115.5.22,115.5.29,https://itweb.takming.edu.tw/,"1.本校設有深德明心新生入學獎學金:校友子女、手足或2人同時讀德明，獲學期學雜費15％金額，須扣除「拉近公私立學校學雜費差距及配套措施方案之定額減免私立大專學雜費」金額，請詳參本校招生資訊。
2.本校訂於4月辦理申請入學說明會，請留意簡訊通知。
3.大四全校一年實習，畢業後優先留任。"
227014,227,德明財經科技大學,北區,1,多媒體設計系,5,60,800,1.00,,,,,,學習歷程備審資料審查,,學習歷程備審資料審查,90,學科能力測驗加權平均成績,10,英文學科能力測驗成績,,數學B學科能力測驗成績,,,,,,,,6,,詳見「複試說明」,115.5.6,,115.5.21,115.5.22,115.5.29,https://www.md.takming.edu.tw/,"1.本校設有深德明心新生入學獎學金:校友子女、手足或2人同時讀德明，獲學期學雜費15％金額，須扣除「拉近公私立學校學雜費差距及配套措施方案之定額減免私立大專學雜費」金額，請詳參本校招生資訊。
2.本校訂於4月辦理申請入學說明會，請留意簡訊通知。
3.大四全校一年實習，畢業後優先留任。"
228001,228,南開科技大學,中區,6,自動化工程系,8,60,800,1.00,,,,,,學習歷程備審資料審查,,學習歷程備審資料審查,80,學科能力測驗加權平均成績,20,自然學科能力測驗成績,,社會學科能力測驗成績,,,,,,,,,,115.4.24,115.5.6,,115.5.20,115.5.21,115.5.22,https://nkae.nkut.edu.tw/,"1.第二階段成績複查程序：請於請於115年5月21日（星期四）16:00前傳真成績複查申請表（傳真號碼：049-2567424），並以電話確認收件（聯絡電話：049-2563489分機1305）。
2.本校各項作業，均可在招生資訊專區查詢，網址：https://nkrc.nkut.edu.tw/
3.本系聯絡電話（049）2563489分機2803；網址：https://nkae.nkut.edu.tw/"
228002,228,南開科技大學,中區,6,車輛工程系,12,72,800,1.00,,,,,,學習歷程備審資料審查,,學習歷程備審資料審查,70,學科能力測驗加權平均成績,30,自然學科能力測驗成績,,社會學科能力測驗成績,,,,,,,,,,115.4.24,115.5.6,,115.5.20,115.5.21,115.5.22,https://nkve.nkut.edu.tw/,"1.第二階段成績複查程序：請於請於115年5月21日（星期四）16:00前傳真成績複查申請表（傳真號碼：049-2567424），並以電話確認收件（聯絡電話：049-2563489分機1305）。
2.本校各項作業，均可在招生資訊專區查詢，網址：https://nkrc.nkut.edu.tw/
3.本系聯絡電話（049）2563489分機3102；網址：https://nkve.nkut.edu.tw/"
228003,228,南開科技大學,中區,6,電機與資訊技術系,12,72,800,1.00,,1.00,,,,學習歷程備審資料審查,,學科能力測驗加權平均成績,30,學習歷程備審資料審查,70,國文學科能力測驗成績,,數學A學科能力測驗成績,,,,,,,,8,,115.4.24,115.5.6,,115.5.20,115.5.21,115.5.22,https://nkei.nkut.edu.tw/,"1.第二階段成績複查程序：請於請於115年5月21日（星期四）16:00前傳真成績複查申請表（傳真號碼：049-2567424），並以電話確認收件（聯絡電話：049-2563489分機1305）。
2.本校各項作業，均可在招生資訊專區查詢，網址：https://nkrc.nkut.edu.tw/
3.本系聯絡電話（049）2563489分機2822；網址：https://nkei.nkut.edu.tw/"
228004,228,南開科技大學,中區,6,行銷與流通管理系,3,60,800,1.00,,,,,,學習歷程備審資料審查,,學科能力測驗加權平均成績,30,學習歷程備審資料審查,70,社會學科能力測驗成績,,英文學科能力測驗成績,,,,,,,,,,115.4.24,115.5.6,,115.5.20,115.5.21,115.5.22,https://nkmlm.nkut.edu.tw/,"1.第二階段成績複查程序：請於請於115年5月21日（星期四）16:00前傳真成績複查申請表（傳真號碼：049-2567424），並以電話確認收件（聯絡電話：049-2563489分機1305）。
2.本校各項作業，均可在招生資訊專區查詢，網址：https://nkrc.nkut.edu.tw/
3.本系聯絡電話（049）2563489分機2952；網址：https://nkmlm.nkut.edu.tw/"
228005,228,南開科技大學,中區,6,休閒事業管理系,2,60,800,1.00,,,,,,學習歷程備審資料審查,,學習歷程備審資料審查,80,學科能力測驗加權平均成績,20,英文學科能力測驗成績,,社會學科能力測驗成績,,自然學科能力測驗成績,,,,,,,,115.4.24,115.5.6,,115.5.20,115.5.21,115.5.22,https://nklrm.nkut.edu.tw/,"1.第二階段成績複查程序：請於請於115年5月21日（星期四）16:00前傳真成績複查申請表（傳真號碼：049-2567424），並以電話確認收件（聯絡電話：049-2563489分機1305）。
2.本校各項作業，均可在招生資訊專區查詢，網址：https://nkrc.nkut.edu.tw/
3.本系聯絡電話（049）2563489分機2913；網址：https://nklrm.nkut.edu.tw/"
228006,228,南開科技大學,中區,6,餐飲管理系,4,60,800,1.00,,,,1.00,,學習歷程備審資料審查,,學習歷程備審資料審查,80,國文學科能力測驗成績,,社會學科能力測驗成績,,學科能力測驗加權平均成績,20,,,,,,,,,115.4.24,115.5.6,,115.5.20,115.5.21,115.5.22,https://nkfbmt.nkut.edu.tw/,"1.第二階段成績複查程序：請於115年5月21日（星期四）16:00前傳真成績複查申請表（傳真號碼：049-2567424），並以電話確認收件（聯絡電話：049-2563489分機1305）。
2.本校各項作業，均可在招生資訊專區查詢，網址：https://nkrc.nkut.edu.tw/
3.本系聯絡電話（049）2563489分機2923；網址：https://nkfbmt.nkut.edu.tw/"
228007,228,南開科技大學,中區,6,長期照顧與管理系,3,60,800,2.00,,,1.00,2.00,,學習歷程備審資料審查,,學習歷程備審資料審查,50,學科能力測驗加權平均成績,50,國文學科能力測驗成績,,英文學科能力測驗成績,,,,,,,,,,115.4.24,115.5.6,,115.5.20,115.5.21,115.5.22,https://nkltcm.nkut.edu.tw/,"1.第二階段成績複查程序：請於115年5月21日（星期四）16:00前傳真成績複查申請表（傳真號碼：049-2567424），並以電話確認收件（聯絡電話：049-2563489分機1305）。
2.本校各項作業，均可在招生資訊專區查詢，網址：https://nkrc.nkut.edu.tw/
3.本系聯絡電話（049）2563489分機1731~1734；網址：https://nkltcm.nkut.edu.tw/"
229001,229,中華科技大學,北區,6,電機與資訊工程系,25,150,800,1.00,,,,,,學習歷程備審資料審查,,學習歷程備審資料審查,80,學科能力測驗加權平均成績,20,數學A學科能力測驗成績,,英文學科能力測驗成績,,,,,,,,,,詳見「複試說明」,115.5.6,,115.5.15,115.5.16,115.5.18,https://me.cust.edu.tw/ele/,"1.本校所有申請文件本校概不退還。
2.各項作業均可在本校校園公告查詢。
3.畢業條件包含「校外實習」。"
229002,229,中華科技大學,北區,6,建築系,10,60,800,2.00,1.00,,,,,學習歷程備審資料審查,,學習歷程備審資料審查,80,學科能力測驗加權平均成績,20,國文學科能力測驗成績,,英文學科能力測驗成績,,社會學科能力測驗成績,,,,,,,,詳見「複試說明」,115.5.6,,115.5.15,115.5.16,115.5.18,https://arc.cust.edu.tw/,"1.本校所有申請文件概不退還。
2.各項作業均可在本校校園公告查詢。
3.畢業條件包含「校外實習」。"
229003,229,中華科技大學,北區,6,行銷與流通管理系,5,60,800,,1.00,,,,,學習歷程備審資料審查,,學習歷程備審資料審查,80,學科能力測驗加權平均成績,20,數學B學科能力測驗成績,,國文學科能力測驗成績,,,,,,,,,,詳見「複試說明」,115.5.6,,115.5.15,115.5.16,115.5.18,https://ib.cust.edu.tw/,"1.本校所有申請文件概不退還。
2.各項作業均可在本校校園公告查詢。
3.畢業條件包含「校外實習」。"
229004,229,中華科技大學,北區,6,企業資訊與管理系,6,60,800,1.00,1.00,,,,,學習歷程備審資料審查,,學習歷程備審資料審查,80,學科能力測驗加權平均成績,20,國文學科能力測驗成績,,英文學科能力測驗成績,,,,,,,,,,詳見「複試說明」,115.5.6,,115.5.15,115.5.16,115.5.18,https://eim110.cust.edu.tw/,"1.本校所有申請文件概不退還。
2.各項作業均可在本校校園公告查詢。
3.畢業條件包含「校外實習」。"
229005,229,中華科技大學,北區,6,生物科技系化妝品生技組,6,60,800,,1.00,,,,,學習歷程備審資料審查,,學習歷程備審資料審查,80,學科能力測驗加權平均成績,20,數學A學科能力測驗成績,,國文學科能力測驗成績,,,,,,,,,,詳見「複試說明」,115.5.6,,115.5.15,115.5.16,115.5.18,https://dbt.cust.edu.tw/,"1.本校所有申請文件概不退還。
2.各項作業均可在本校校園公告查詢。
3.畢業條件包含「校外實習」。"
229006,229,中華科技大學,北區,6,餐旅管理系,3,60,800,1.00,,,,,,學習歷程備審資料審查,,學習歷程備審資料審查,80,學科能力測驗加權平均成績,20,英文學科能力測驗成績,,數學A學科能力測驗成績,,,,,,,,,,詳見「複試說明」,115.5.6,,115.5.15,115.5.16,115.5.18,https://dfbm.cust.edu.tw,"1.本校所有申請文件概不退還。
2.各項作業均可在本校校園公告查詢。
3.畢業條件包含「校外實習」。"
229007,229,中華科技大學,北區,6,航空機械系航空維修組,20,120,800,1.00,2.00,,,,,學習歷程備審資料審查,,學習歷程備審資料審查,80,學科能力測驗加權平均成績,20,英文學科能力測驗成績,,國文學科能力測驗成績,,,,,,,,,,詳見「複試說明」,115.5.6,,115.5.15,115.5.16,115.5.18,https://am.hc.cust.edu.tw/,"1.本校所有申請文件概不退還。
2.各項作業均可在本校校園公告查詢。
3.畢業條件包含「校外實習」。"
229008,229,中華科技大學,北區,6,航空機械系精密機械組,15,90,800,1.00,,,,,,學習歷程備審資料審查,,學習歷程備審資料審查,80,學科能力測驗加權平均成績,20,英文學科能力測驗成績,,數學A學科能力測驗成績,,,,,,,,,,詳見「複試說明」,115.5.6,,115.5.15,115.5.16,115.5.18,https://mech.cust.edu.tw/,"1.本校所有申請文件概不退還。
2.各項作業均可在本校校園公告查詢。
3.畢業條件包含「校外實習」。"
230001,230,僑光科技大學,中區,1,財經法律系,95,570,800,1.00,,,,,,學習歷程備審資料審查,,學習歷程備審資料審查,80,學科能力測驗加權平均成績,20,社會學科能力測驗成績,,英文學科能力測驗成績,,,,,,,,,,115.4.24,115.5.6,,115.5.15,115.5.16,115.5.20,https://fel.ocu.edu.tw/,"1.考生第二階段複試費只要完成繳費，均不得以任何理由要求退費，請考生審慎評估。
2.本系修課規定、畢業條件、校外實習等相關資訊，請參閱本系網址：https://fel.ocu.edu.tw/。"
230002,230,僑光科技大學,中區,1,資訊科技系,7,60,800,1.00,,,,,,學習歷程備審資料審查,,學習歷程備審資料審查,90,學科能力測驗加權平均成績,10,英文學科能力測驗成績,,自然學科能力測驗成績,,,,,,,,6,,115.4.24,115.5.6,,115.5.15,115.5.16,115.5.20,https://imtech.ocu.edu.tw/,"1.考生第二階段複試費只要完成繳費，均不得以任何理由要求退費，請考生審慎評估。
2.本系修課規定、畢業條件、校外實習等相關資訊，請參閱本系網址：https://imtech.ocu.edu.tw/。"
231001,231,育達科技大學,中區,3,幼兒保育系,9,60,800,1.00,,,,,,學習歷程備審資料審查,,學習歷程備審資料審查,80,學科能力測驗加權平均成績,20,社會學科能力測驗成績,,英文學科能力測驗成績,,,,,,,,,,詳見「複試說明」,115.5.6,,115.5.21,115.5.22,115.5.23,https://www.chd.ydu.edu.tw/,"1.本校提供新生入學獎助學金，核發原則詳細內容可至本校招生處網站查詢。
2.本校特色：學生繳交1份學費，可培養2項以上專業能力，考取3張以上專業證照。
3. 考生可提供有利審查之相關資料或說明來自各類弱勢、偏鄉、原住民、離島等經濟或文化不利之族群，本系會依其所提供之資料據以綜合評量。"
231002,231,育達科技大學,中區,3,觀光休閒管理系,1,60,800,1.00,,,,1.00,,學習歷程備審資料審查,,學習歷程備審資料審查,80,學科能力測驗加權平均成績,20,國文學科能力測驗成績,,社會學科能力測驗成績,,,,,,,,,,詳見「複試說明」,115.5.6,,115.5.21,115.5.22,115.5.23,https://www.re.ydu.edu.tw/,"1.本校提供新生入學獎助學金，核發原則詳細內容可至本校招生處網站查詢。
2.本校特色：學生繳交1份學費，可培養2項以上專業能力，考取3張以上專業證照。
3. 考生可提供有利審查之相關資料或說明來自各類弱勢、偏鄉、原住民、離島等經濟或文化不利之族群，本系會依其所提供之資料據以綜合評量。"
231003,231,育達科技大學,中區,3,餐旅經營系,1,60,800,1.00,,,,,,學習歷程備審資料審查,,學習歷程備審資料審查,80,學科能力測驗加權平均成績,20,英文學科能力測驗成績,,社會學科能力測驗成績,,,,,,,,,,詳見「複試說明」,115.5.6,,115.5.21,115.5.22,115.5.23,https://www.hm.ydu.edu.tw/,"1.本校提供新生入學獎助學金，核發原則詳細內容可至本校招生處網站查詢。
2.本校特色：學生繳交1份學費，可培養2項以上專業能力，考取3張以上專業證照。
3. 考生可提供有利審查之相關資料或說明來自各類弱勢、偏鄉、原住民、離島等經濟或文化不利之族群，本系會依其所提供之資料據以綜合評量。"
232001,232,美和科技大學,南區,6,護理系,23,138,800,5.00,1.00,,,,,學習歷程備審資料審查,,學習歷程備審資料審查,90,學科能力測驗加權平均成績,10,國文學科能力測驗成績,,英文學科能力測驗成績,,,,,,,,,,詳見「複試說明」,115.5.6,,115.5.19,115.5.20,115.5.21,https://chn.meiho.edu.tw/,"1.本系為醫護相關科系，有各科護理技能和實習課程，學生畢業後將從事臨床照護工作，報考時請依個人身心狀況審慎考量。
2.本系培育日後將進入醫院照護病患之優質護理人員。課程要求需具有與人直接互動之特性，且有相當之視、聽覺，並能靈活運用肢體操作儀器且需久站。同時兼具良好人際互動、溝通協調、控制自身情緒之能力及抗壓性。
3.本校提供各項獎學金，詳細內容可電洽本校招生中心查詢。"
232002,232,美和科技大學,南區,6,美容系保健造型設計組,5,60,800,1.00,,,,,1.00,學習歷程備審資料審查,,學習歷程備審資料審查,70,學科能力測驗加權平均成績,30,國文學科能力測驗成績,,自然學科能力測驗成績,,,,,,,,,,詳見「複試說明」,115.5.6,,115.5.19,115.5.20,115.5.21,https://dbs.meiho.edu.tw/,"1.本系修課規定及畢業條件等相關規定請參閱本系網址 https://dbs.meiho.edu.tw/。
2.本校提供各項獎學金，詳細內容可電洽本校招生中心查詢。"
232003,232,美和科技大學,南區,6,美容系寵物美容設計組,5,60,800,1.00,1.00,,,,,學習歷程備審資料審查,,學習歷程備審資料審查,70,學科能力測驗加權平均成績,30,國文學科能力測驗成績,,英文學科能力測驗成績,,,,,,,,,,詳見「複試說明」,115.5.6,,115.5.19,115.5.20,115.5.21,https://dbs.meiho.edu.tw/,"1.本系為寵物美容及照護相關科系，需靈活運用肢體操作有寵物相關技能和實習課程，學生畢業後將從事寵物美容及照護工作。
2.本系修課規定及畢業條件等相關規定請參閱本系網址 https://dbs.meiho.edu.tw/。
3.本校提供各項獎學金，詳細內容可電洽本校招生中心查詢。"
232004,232,美和科技大學,南區,6,食品營養系,7,60,800,1.00,1.00,,,,,學習歷程備審資料審查,,學科能力測驗加權平均成績,30,學習歷程備審資料審查,70,國文學科能力測驗成績,,英文學科能力測驗成績,,,,,,,,,,詳見「複試說明」,115.5.6,,115.5.19,115.5.20,115.5.21,https://fsn.meiho.edu.tw/,1.本校提供各項獎學金，詳細內容可電洽本校招生中心查詢。
232005,232,美和科技大學,南區,6,企業管理系,5,60,800,1.00,1.00,,,1.00,,學習歷程備審資料審查,,學習歷程備審資料審查,80,學科能力測驗加權平均成績,20,社會學科能力測驗成績,,國文學科能力測驗成績,,,,,,,,,,詳見「複試說明」,115.5.6,,115.5.19,115.5.20,115.5.21,https://bba.meiho.edu.tw/,1.本校提供各項獎學金，詳細內容可電洽本校招生中心查詢。
232006,232,美和科技大學,南區,6,運動與休閒管理系,8,60,800,1.00,1.00,,,,,學習歷程備審資料審查,,學習歷程備審資料審查,80,學科能力測驗加權平均成績,20,國文學科能力測驗成績,,英文學科能力測驗成績,,,,,,,,,,詳見「複試說明」,115.5.6,,115.5.19,115.5.20,115.5.21,https://sport.meiho.edu.tw/,1.本校提供各項獎學金，詳細內容可電洽本校招生中心查詢。
232007,232,美和科技大學,南區,6,社會工作系,5,60,800,1.00,,,,1.00,,學習歷程備審資料審查,,學習歷程備審資料審查,80,學科能力測驗加權平均成績,20,國文學科能力測驗成績,,社會學科能力測驗成績,,,,,,,,,,詳見「複試說明」,115.5.6,,115.5.19,115.5.20,115.5.21,https://swd.meiho.edu.tw/,1.本校提供各項獎學金，詳細內容可電洽本校招生中心查詢。
232008,232,美和科技大學,南區,6,餐旅管理系,5,60,800,1.00,1.00,,,,,學習歷程備審資料審查,,學習歷程備審資料審查,70,學科能力測驗加權平均成績,30,國文學科能力測驗成績,,英文學科能力測驗成績,,,,,,,,,,詳見「複試說明」,115.5.6,,115.5.19,115.5.20,115.5.21,https://hm.meiho.edu.tw/,"1.本系有必修校外實習課程，如旅館房務、餐廳服務接待、餐廳廚房服務等，需具有良好肢體、應對溝通、表達能力及辨色力。
2.本校提供各項獎學金，詳細內容可電洽本校招生中心查詢。"
232009,232,美和科技大學,南區,6,觀光系,5,60,800,,1.00,,,,,學習歷程備審資料審查,,學習歷程備審資料審查,70,學科能力測驗加權平均成績,30,國文學科能力測驗成績,,自然學科能力測驗成績,,,,,,,,,,詳見「複試說明」,115.5.6,,115.5.19,115.5.20,115.5.21,https://tourism.meiho.edu.tw/,1.本校提供各項獎學金，詳細內容可電洽本校招生中心查詢。
233001,233,吳鳳科技大學,南區,6,人工智慧無人機科技系,11,66,800,1.00,1.00,1.00,,,1.00,學習歷程備審資料審查,,學習歷程備審資料審查,90,學科能力測驗加權平均成績,10,數學A學科能力測驗成績,,自然學科能力測驗成績,,國文學科能力測驗成績,,英文學科能力測驗成績,,,,,,詳見「複試說明」,115.5.6,,115.5.19,115.5.21,115.5.28,https://aiut.wfu.edu.tw/,"1.本系發展人工智慧及無人機應用與維修二大領域，並著重實務操作與應用能力。
2.如有任何問題，逕洽05-2267125分機72202詢問。"
233002,233,吳鳳科技大學,南區,6,機械與智慧製造工程系,7,60,800,2.50,,1.00,,1.00,1.50,學習歷程備審資料審查,,學習歷程備審資料審查,90,學科能力測驗加權平均成績,10,數學A學科能力測驗成績,,自然學科能力測驗成績,,,,,,,,,,詳見「複試說明」,115.5.6,,115.5.19,115.5.21,115.5.28,https://me.wfu.edu.tw/,"1.本系發展「電腦輔助繪圖與製造」、「創意機構設計」二領域，並著重創意發明及實務製作能力。
2.如有任何問題，逕洽05-2267125分機71204詢問。"
233003,233,吳鳳科技大學,南區,6,電機工程系,12,72,800,1.00,,1.00,,,,學習歷程備審資料審查,,學習歷程備審資料審查,90,學科能力測驗加權平均成績,10,數學A學科能力測驗成績,,國文學科能力測驗成績,,自然學科能力測驗成績,,英文學科能力測驗成績,,,,,,詳見「複試說明」,115.5.6,,115.5.19,115.5.21,115.5.28,https://ee.wfu.edu.tw/,"1.本系以「綠色能源科技」、「智動化技術」為發展方向；並推動證照培訓、校外實習與創意開發。
2.如有任何問題，請逕洽05-2267125分機71114詢問。"
233004,233,吳鳳科技大學,南區,6,消防系,25,150,800,3.00,,,,1.00,1.00,學習歷程備審資料審查,,學習歷程備審資料審查,90,學科能力測驗加權平均成績,10,國文學科能力測驗成績,,數學A學科能力測驗成績,,,,,,,,,,詳見「複試說明」,115.5.6,,115.5.19,115.5.21,115.5.28,https://fs.wfu.edu.tw/,"1.本系以培養優秀之消防工程設計人才為目的，提供國內消防安全、保險、災害搶救、保全、公共安全等業界所需專業人力。
2.如有任何問題，逕洽05-2267125分機71402詢問。"
233005,233,吳鳳科技大學,南區,6,餐旅管理系,1,60,800,1.00,1.00,,1.00,,,學習歷程備審資料審查,,學習歷程備審資料審查,90,學科能力測驗加權平均成績,10,國文學科能力測驗成績,,英文學科能力測驗成績,,,,,,,,,,詳見「複試說明」,115.5.6,,115.5.19,115.5.21,115.5.28,https://hm.wfu.edu.tw/,"1.本系課程以「專業實務」為導向，採「三明治教學」模式，依學生職涯規劃分「餐旅管理」與「廚藝創作」兩大模組，理論與實務並重，旨在培養「專業」、「創意」、「優質」、「服務」、「國際觀」之餐旅人才。
2.如有任何問題，逕洽05-2267125分機51602詢問。"
233006,233,吳鳳科技大學,南區,6,幼兒保育系,1,60,800,2.00,1.00,,,,,學習歷程備審資料審查,,學習歷程備審資料審查,90,學科能力測驗加權平均成績,10,國文學科能力測驗成績,,英文學科能力測驗成績,,,,,,,,,,詳見「複試說明」,115.5.6,,115.5.19,115.5.21,115.5.28,https://www2.wfu.edu.tw/wp/dltc,"1、本系以培養優秀幼兒教保機構、托育機構人才為目的，提供幼兒教育、托育之專業人力。
2、如有任何問題，逕洽05-2267125 # 61402 詢問"
237001,237,長庚學校財團法人長庚科技大學,北區,1,護理系（林口校區）,323,1615,800,1.00,1.00,,,,,學習歷程備審資料審查,,學科能力測驗加權平均成績,50,學習歷程備審資料審查,50,英文學科能力測驗成績,,國文學科能力測驗成績,,,,,,,,,,詳見「複試說明」,115.5.4,,115.5.26,115.5.27,115.5.28,https://ns.cgust.edu.tw/bin/home.php,"1.設於林口校區，具博碩士專業師資，高註冊率、高執照考通過率、高就業率。
2.在學期間保證住宿，四人一室套房，全校免費上網，節省支出。
3.豐厚校內工讀與生活助學金及獎助金，以供學生專心向學。
4.與多所醫學中心及醫療體系合作，提供優渥獎助學金。
5.推動「國際交流」，辦理海外實（見）習及國外學校簽立姊妹校，拓展視野。
6.學生畢業後將從事健康照護相關工作，為考慮就業與被服務者權益，報考時請依個人身心狀況，審慎考量就讀合適性。
7.本校提供優秀新生獎學金，成績優異且符合資格者得申請，詳細資訊請見：https://recruit.cgust.edu.tw/p/412-1044-3557.php"
237002,237,長庚學校財團法人長庚科技大學,北區,1,護理系（嘉義校區）,70,350,800,1.00,0.50,,,,,學習歷程備審資料審查,,學科能力測驗加權平均成績,40,學習歷程備審資料審查,60,國文學科能力測驗成績,,英文學科能力測驗成績,,,,,,,,,,詳見「複試說明」,115.5.4,,115.5.26,115.5.27,115.5.28,https://cyns.cgust.edu.tw/,"1.設於嘉義校區，具博碩士專業師資，高註冊率、高執照考通過率、高就業率。
2.在學期間保證住宿，四人一室套房，全校免費上網，節省支出。
3.豐厚校內工讀、生活助學金及獎助金，以供學生專心向學。
4.與多所醫學中心及醫療體系合作，提供優渥獎助學金。
5.推動「國際交流」，辦理海外實（見）習及國外學校簽立姊妹校，拓展視野。
6.學生畢業後將從事健康照護相關工作，為考慮就業與被服務者權益，報考時請依個人身心狀況，審慎考量就讀合適性。
7.本校提供優秀新生獎學金，成績優異且符合資格者得申請，詳細資訊請見：https://recruit.cgust.edu.tw/p/412-1044-3557.php"
237003,237,長庚學校財團法人長庚科技大學,北區,1,化妝品應用系（林口校區）,3,50,800,1.00,1.00,,,,1.00,學習歷程備審資料審查,,學科能力測驗加權平均成績,40,學習歷程備審資料審查,60,英文學科能力測驗成績,,自然學科能力測驗成績,,國文學科能力測驗成績,,,,,,,,詳見「複試說明」,115.5.4,,115.5.26,115.5.27,115.5.28,https://ns.cgust.edu.tw/bin/home.php,"1.美容保健、皮膚照護及人體形象造型為教學主軸，積極推展優質美容醫學專業人才培育。
2.100%職場實習，結合台塑生醫、長庚醫療體系美容醫學中心、各大醫美診所及知名企業合作實習。
3.成立人體形象重建基地並與陽光基金會合作，協助顏面損傷、皮膚痕瘢者重建形象，善盡社會之責。
4.選派優秀學生海外學習，拓展國際視野。
5.本校提供優秀新生獎學金，成績優異且符合資格者得申請，詳細資訊請見：https://recruit.cgust.edu.tw/p/412-1044-3557.php"
237004,237,長庚學校財團法人長庚科技大學,北區,1,幼兒保育系（林口校區）,6,50,800,1.00,,,,1.00,,學習歷程備審資料審查,,學習歷程備審資料審查,60,學科能力測驗加權平均成績,40,國文學科能力測驗成績,,社會學科能力測驗成績,,,,,,,,,,詳見「複試說明」,115.5.4,,115.5.26,115.5.27,115.5.28,https://cc.cgust.edu.tw/,"1.畢業後具備合格教保員資格。
2.建構學生優質教保專業知能，安排教師駐園落實學生幼兒教保實習，另設模組課程強化就業競爭力。
3.本校有附設實驗幼兒園，及教師承辦提升新北市、桃園市托育品質相關服務，提供學生實習與就業優質場所。
4.輔導學生參與托育人員單一級證照、基本救命術考照等，強化從事托育工作之就業力。
5.畢業生相關就業職場包括托嬰中心、幼兒園、課後照顧服務中心、親子館、早療及社會福利機構，或幼教圖書、幼兒故事等相關產業。
6.本校提供優秀新生獎學金，成績優異且符合資格者得申請，詳細資訊請見：https://recruit.cgust.edu.tw/p/412-1044-3557.php"
237005,237,長庚學校財團法人長庚科技大學,北區,1,保健營養系（林口校區）,3,50,800,1.00,1.00,,,,1.00,學習歷程備審資料審查,,學科能力測驗加權平均成績,40,學習歷程備審資料審查,60,英文學科能力測驗成績,,自然學科能力測驗成績,,國文學科能力測驗成績,,,,,,,,詳見「複試說明」,115.5.4,,115.5.26,115.5.27,115.5.28,https://nu.cgust.edu.tw/,"1.本系設於林口校區,課程多元化與豐富,具備專業的師資,培養學生的基本能力、專業知能及實用技能。
2.系上課程之安排,符合報考營養師及食品技師等國家考試之資格,本系網址https://nu.cgust.edu.tw/。
3.在學期間保證住宿,提供優質住宿環境,四人一室全套衛浴,教學與住宿區免費無線上網,節省就學期間支出。
4.本校提供優秀新生獎學金，成績優異且符合資格者得申請，詳細資訊請見：https://recruit.cgust.edu.tw/p/412-1044-3557.php"
237006,237,長庚學校財團法人長庚科技大學,北區,1,呼吸照護系（嘉義校區）,24,120,800,1.00,1.00,,,,,學習歷程備審資料審查,,學科能力測驗加權平均成績,50,學習歷程備審資料審查,50,國文學科能力測驗成績,,英文學科能力測驗成績,,,,,,,,,,詳見「複試說明」,115.5.4,,115.5.26,115.5.27,115.5.28,https://rt.cgust.edu.tw/,"1.敦聘專業呼吸治療師及胸腔科醫師任教，師資教學實務經驗豐富。
2.建置成人及小兒模擬加護病房、多功能數位示範教室，落實情境模擬與多元創新數位教學。
3.與長庚醫療體系及全台超過30間醫療院所合作，增進學生臨床實務技能。
4.提供國際交流機會，辦理海外學習及專題講座，拓展國際視野。
5.學生畢業後將從事健康照護相關工作，為考慮就業與被服務者權益，報考時請依個人身心狀況，審慎考量就讀合適性。
6.本校有優秀新生獎學金，成績優異且符合資格者得申請，請參：https://recruit.cgust.edu.tw/p/412-1044-3557.php"
238001,238,敏實科技大學,北區,2,智慧車輛與能源系,1,6,800,1.00,2.00,2.00,,,1.00,學習歷程備審資料審查,,學習歷程備審資料審查,70,學科能力測驗加權平均成績,30,數學A學科能力測驗成績,,英文學科能力測驗成績,,國文學科能力測驗成績,,,,,,,,詳見「複試說明」,115.5.6,,115.5.27,115.5.28,115.5.29,https://ive.mitust.edu.tw/,有關本系相關資訊請上官網https://ive.mitust.edu.tw/查詢或電（03）5927700#3001、3002洽詢。
238002,238,敏實科技大學,北區,2,智慧製造工程系,3,18,800,1.00,2.00,2.00,,,1.00,學習歷程備審資料審查,,學習歷程備審資料審查,70,學科能力測驗加權平均成績,30,數學A學科能力測驗成績,,英文學科能力測驗成績,,國文學科能力測驗成績,,,,,,,,詳見「複試說明」,115.5.6,,115.5.27,115.5.28,115.5.29,https://ime.mitust.edu.tw/,有關本系相關資訊請上官網https://ime.mitust.edu.tw/查詢或電（03）5927700#2650、2651洽詢。
239001,239,臺北城市科技大學,北區,1,機械工程系,8,60,800,1.00,1.00,1.00,,,,學習歷程備審資料審查,,學習歷程備審資料審查,80,學科能力測驗加權平均成績,20,國文學科能力測驗成績,,英文學科能力測驗成績,,,,,,,,,,115.4.24,115.5.6,,115.5.21,115.5.22,115.5.25,https://mei.tpcu.edu.tw/,"1.各項資訊公告、通知皆以本校網站「招生資訊」（https://join.tpcu.edu.tw）公告為準，簡訊通知為輔（如二階報名提醒、錄取報到通知）；為避免權益受損，考生須依規定時間自行上網查詢確認。
2.如有招生問題可撥電話02-28927154分機8011 詢問。
3.本系課程規劃及畢業條件等相關資訊，請至本校系網頁（https://mei.tpcu.edu.tw/）查詢。"
239002,239,臺北城市科技大學,北區,1,機械工程系車輛組,12,72,800,1.00,1.00,1.00,,,,學習歷程備審資料審查,,學習歷程備審資料審查,80,學科能力測驗加權平均成績,20,國文學科能力測驗成績,,英文學科能力測驗成績,,,,,,,,,,115.4.24,115.5.6,,115.5.21,115.5.22,115.5.25,https://mei.tpcu.edu.tw/,"1.各項資訊公告、通知皆以本校網站「招生資訊」（https://join.tpcu.edu.tw）公告為準，簡訊通知為輔（如二階報名提醒、錄取報到通知）；為避免權益受損，考生須依規定時間自行上網查詢確認。
2.如有招生問題可撥電話02-28927154分機8011 詢問。
3.本系課程規劃及畢業條件等相關資訊，請至本校系網頁（https://mei.tpcu.edu.tw/）查詢。"
239003,239,臺北城市科技大學,北區,1,電機工程系,9,60,800,1.00,1.00,1.00,,,,學習歷程備審資料審查,,學習歷程備審資料審查,80,學科能力測驗加權平均成績,20,國文學科能力測驗成績,,英文學科能力測驗成績,,數學A學科能力測驗成績,,,,,,6,,115.4.24,115.5.6,,115.5.21,115.5.22,115.5.25,https://eeg.tpcu.edu.tw/,"1.各項資訊公告、通知皆以本校網站「招生資訊」（https://join.tpcu.edu.tw）公告為準，簡訊通知為輔（如二階報名提醒、錄取報到通知）；為避免權益受損，考生須依規定時間自行上網查詢確認。
2.如有招生問題可撥電話02-28927154分機8021 詢問。
3.本系課程規劃及畢業條件等相關資訊，請至本校系網頁（https://eeg.tpcu.edu.tw/）查詢。"
239004,239,臺北城市科技大學,北區,1,資訊工程系,9,60,800,1.00,1.00,,,,,學習歷程備審資料審查,,學習歷程備審資料審查,80,學科能力測驗加權平均成績,20,國文學科能力測驗成績,,英文學科能力測驗成績,,,,,,,,6,,115.4.24,115.5.6,,115.5.21,115.5.22,115.5.25,https://sites.google.com/view/tpcucsie,"1.各項資訊公告、通知皆以本校網站「招生資訊」（https://join.tpcu.edu.tw）公告為準，簡訊通知為輔（如二階報名提醒、錄取報到通知）；為避免權益受損，考生須依規定時間自行上網查詢確認。
2.如有招生問題可撥電話02-28927154分機8031 詢問。
3.本系課程規劃及畢業條件等相關資訊，請至本校系網頁查詢。"
239005,239,臺北城市科技大學,北區,1,電腦與通訊工程系,15,90,800,1.00,1.00,,,,,學習歷程備審資料審查,,學習歷程備審資料審查,80,學科能力測驗加權平均成績,20,國文學科能力測驗成績,,英文學科能力測驗成績,,,,,,,,9,,115.4.24,115.5.6,,115.5.21,115.5.22,115.5.25,https://cce.tpcu.edu.tw/,"1.各項資訊公告、通知皆以本校網站「招生資訊」（https://join.tpcu.edu.tw）公告為準，簡訊通知為輔（如二階報名提醒、錄取報到通知）；為避免權益受損，考生須依規定時間自行上網查詢確認。
2.如有招生問題可撥電話02-28927154分機8738 詢問。
3.本系課程規劃及畢業條件等相關資訊，請至本校系網頁（https://cce.tpcu.edu.tw/）查詢。"
239006,239,臺北城市科技大學,北區,1,應用外語系,1,60,800,1.00,1.00,,1.00,,,學習歷程備審資料審查,,學習歷程備審資料審查,80,學科能力測驗加權平均成績,20,英文學科能力測驗成績,,國文學科能力測驗成績,,社會學科能力測驗成績,,,,,,,,115.4.24,115.5.6,,115.5.21,115.5.22,115.5.25,https://afl.tpcu.edu.tw/,"1.各項資訊公告、通知皆以本校網站「招生資訊」（https://join.tpcu.edu.tw）公告為準，簡訊通知為輔（如二階報名提醒、錄取報到通知）；為避免權益受損，考生須依規定時間自行上網查詢確認。
2.如有招生問題可撥電話02-28927154分機7302 詢問。
3.本系課程規劃及畢業條件等相關資訊，請至本校系網頁（https://afl.tpcu.edu.tw/）查詢。
4.本系實施校外實習或交換留學為畢業條件之一。"
239007,239,臺北城市科技大學,北區,1,企業管理系,2,60,800,1.00,,,,1.00,,學習歷程備審資料審查,,學習歷程備審資料審查,80,學科能力測驗加權平均成績,20,國文學科能力測驗成績,,社會學科能力測驗成績,,,,,,,,,,115.4.24,115.5.6,,115.5.21,115.5.22,115.5.25,https://ba.tpcu.edu.tw/,"1.各項資訊公告、通知皆以本校網站「招生資訊」（https://join.tpcu.edu.tw）公告為準，簡訊通知為輔（如二階報名提醒、錄取報到通知）；為避免權益受損，考生須依規定時間自行上網查詢確認。
2.如有招生問題可撥電話02-28927154分機7601 詢問。
3.本系課程規劃及畢業條件等相關資訊，請至本校系網頁（https://ba.tpcu.edu.tw/）查詢。
4.本系實施校外實習為必修。"
239008,239,臺北城市科技大學,北區,1,數位多媒體設計系,1,20,800,1.00,1.00,,,1.00,,學習歷程備審資料審查,,學習歷程備審資料審查,80,學科能力測驗加權平均成績,20,英文學科能力測驗成績,,國文學科能力測驗成績,,社會學科能力測驗成績,,,,,,,,115.4.24,115.5.6,,115.5.21,115.5.22,115.5.25,https://dmd.tpcu.edu.tw/,"1.各項資訊公告、通知皆以本校網站「招生資訊」（https://join.tpcu.edu.tw）公告為準，簡訊通知為輔（如二階報名提醒、錄取報到通知）；為避免權益受損，考生須依規定時間自行上網查詢確認。
2.如有招生問題可撥電話02-28927154分機8733 詢問。
3.本系課程規劃及畢業條件等相關資訊，請至本校系網頁（https://dmd.tpcu.edu.tw/）查詢。"
239009,239,臺北城市科技大學,北區,1,演藝事業系,10,60,1000,1.00,1.00,,,,,學習歷程備審資料審查,現場呈現,現場呈現,80,學習歷程備審資料審查,10,學科能力測驗加權平均成績,10,國文學科能力測驗成績,,英文學科能力測驗成績,,,,,,,,115.4.24,115.5.6,115.5.16,115.5.21,115.5.22,115.5.25,https://pa.tpcu.edu.tw/,"1.複試通知及相關資料採網路公告，請於115年4月24日（星期五）至本校網站「招生資訊」查詢。
2.考生複試報到時間、地點於115年5月12日（星期二）起公告於本校網站與「招生資訊」，請考生務必上網查看，並依公告時間至本校參加第二階段複試。
3.各項資訊公告、通知皆以本校網站「招生資訊」公告為準，簡訊通知為輔（如二階報名提醒、錄取報到通知）；為避免權益受損，考生須依規定時間自行上網查詢確認。
4.如有招生問題可撥電話02-28927154分機8884 詢問。
5.本系課程規劃及畢業條件等相關資訊，請至本校系網頁（https://pa.tpcu.edu.tw/）查。。"
239010,239,臺北城市科技大學,北區,1,烘焙創意與經營管理學士學位學程,6,60,800,1.00,1.00,,,1.00,,學習歷程備審資料審查,,學習歷程備審資料審查,80,學科能力測驗加權平均成績,20,國文學科能力測驗成績,,英文學科能力測驗成績,,社會學科能力測驗成績,,,,,,,,115.4.24,115.5.6,,115.5.21,115.5.22,115.5.25,https://pb.tpcu.edu.tw/,"1.各項資訊公告、通知皆以本校網站「招生資訊」（https://join.tpcu.edu.tw）公告為準，簡訊通知為輔（如二階報名提醒、錄取報到通知）；為避免權益受損，考生須依規定時間自行上網查詢確認。
2.如有招生問題可撥電話02-28927154分機8885 詢問。
3.本系課程規劃及畢業條件等相關資訊，請至本校系網頁（https://pb.tpcu.edu.tw/）查詢。
4.本學程實施校外實習為必修。"
239011,239,臺北城市科技大學,北區,1,流行音樂事業系,25,150,1000,1.00,1.00,,,,,學習歷程備審資料審查,現場表演,現場表演,80,學習歷程備審資料審查,10,學科能力測驗加權平均成績,10,英文學科能力測驗成績,,國文學科能力測驗成績,,,,,,,,115.4.24,115.5.6,115.5.16,115.5.21,115.5.22,115.5.25,https://pm.tpcu.edu.tw/,"1.考生複試報到時間、地點於115年5月12日（星期二）起公告於本校網站與「招生資訊」，請考生務必上網查看，並依公告時間至本校參加第二階段複試。
2.各項資訊公告、通知皆以本校網站「招生資訊」公告為準，簡訊通知為輔（如二階報名提醒、錄取報到通知）；為避免權益受損，考生須依規定時間自行上網查詢確認。。
3.如有招生問題可撥電話02-28927154分機8900 詢問。
4.本系課程規劃及畢業條件等相關資訊，請至本校系網頁（https://pm.tpcu.edu.tw/）查詢。"
240001,240,醒吾科技大學,北區,2,表演藝術系,7,60,800,1.00,,,,,,學習歷程備審資料審查,,學習歷程備審資料審查,80,學科能力測驗加權平均成績,20,英文學科能力測驗成績,,社會學科能力測驗成績,,,,,,,,,,詳見「複試說明」,115.5.6,,115.5.21,115.5.22,115.5.25,https://dpa.hwu.edu.tw/,"本校設有【鼓勵入學獎學金】、【安心助學金】及各種校內獎學金提供申請，詳閱本校網站：首頁→行政單位→招生處→﹝鼓勵入學獎學金〕及﹝助學/減免/救助〕。

※若有申請入學諮詢問題，請洽電話（02）2601-5310分機#1202，蔡老師。"
240002,240,醒吾科技大學,北區,2,流行音樂創作系,9,60,800,1.00,,,,,,學習歷程備審資料審查,,學習歷程備審資料審查,80,學科能力測驗加權平均成績,20,英文學科能力測驗成績,,社會學科能力測驗成績,,,,,,,,,,詳見「複試說明」,115.5.6,,115.5.21,115.5.22,115.5.25,https://c016.hwu.edu.tw/,"本校設有【鼓勵入學獎學金】、【安心助學金】及各種校內獎學金提供申請，詳閱本校網站：首頁→行政單位→招生處→﹝鼓勵入學獎學金〕及﹝助學/減免/救助〕。

※若有申請入學諮詢問題，請洽電話（02）2601-5310分機#1202，蔡老師。"
241001,241,文藻外語大學,南區,1,英國語文系,5,60,800,,1.00,,,,,學習歷程備審資料審查,,學習歷程備審資料審查,80,學科能力測驗加權平均成績,20,國文學科能力測驗成績,,社會學科能力測驗成績,,,,,,,,,,詳見「複試說明」,115.5.6,,115.5.19,115.5.20,115.5.21,https://c021.wzu.edu.tw/,"1. 報告或作品成果可附上超連結與QR-CODE，但請確認該連結有效。
2.「多元表現」未列資料，可置於其他有利審查資料，但不得與「多元表現」項目重複認列。
3. 全英語授課環境，強化學生英語能力。
4. 本系鼓勵學生出國交換與實習，參加海外交換學生、實習與雙聯學位。本校有逾340所國外大學合作姐妹校，歡迎報名加入英國語文系！"
241002,241,文藻外語大學,南區,1,法國語文系,17,102,800,,1.00,,,,,學習歷程備審資料審查,,學習歷程備審資料審查,90,學科能力測驗加權平均成績,10,國文學科能力測驗成績,,社會學科能力測驗成績,,,,,,,,,,詳見「複試說明」,115.5.6,,115.5.19,115.5.20,115.5.21,https://c022.wzu.edu.tw/,"1.本系為全國唯一結合專科部、大學部、碩士班（歐洲研究）之系所，學生可依程度、興趣跨部選修專業課程。
2.本校提供歐洲、日韓、東南亞學術資源培育外交、國安與政務之專業人才。
3.法文系課程規劃著重藝文影音、精品商務、觀光餐飲與外交行政等專業領域。
4.學生得前往世界各大學修讀雙聯學位與國際交換。
5.提供海內外實習機會：法國羅亞爾河區工藝商會、法國各高中華語助教、高餐藍帶學院等。
6.「多元表現」未列資料，可置於其他有利審查資料，不得重複認列。"
241003,241,文藻外語大學,南區,1,德國語文系,11,66,800,1.00,,,,,,學習歷程備審資料審查,,學習歷程備審資料審查,90,學科能力測驗加權平均成績,10,英文學科能力測驗成績,,社會學科能力測驗成績,,,,,,,,,,詳見「複試說明」,115.5.6,,115.5.19,115.5.20,115.5.21,https://c023.wzu.edu.tw/,"1.本系為全國第一所與德國大學建立雙聯學制合作的德文系，修畢課程學分後，能同時取得台灣和德國的雙學士學位。並與8所德語區大學及3所德國高中合作交換計畫，提供學生移地學習德語及體驗德語區國家文化之機會。
2.師資陣容強大，教師具多元專長背景，提供優質的雙外語學習環境，課程強調與業界接軌，與國內知名企業共同開課並提供實習與就業機會。"
241004,241,文藻外語大學,南區,1,西班牙語文系,11,66,800,1.00,,,,,,學習歷程備審資料審查,,學習歷程備審資料審查,70,學科能力測驗加權平均成績,30,英文學科能力測驗成績,,社會學科能力測驗成績,,,,,,,,,,詳見「複試說明」,115.5.6,,115.5.19,115.5.20,115.5.21,https://c024.wzu.edu.tw/,"1.本系為全國技職體系唯一的西班牙語文系，課程與職場接軌，並提供國內知名企業及海外的實習機會。
2.本系提供與西班牙知名大學的國際交流機會，如暑期研修、公費交換及取得雙聯學位之機會。
3.本系致力於培養具備多元知識背景與跨域整合能力的西班牙語專業人才。除強化語文技能，亦重視學生的文化素養、國際視野，以及觀察力、邏輯思維、責任感與職業倫理的全面養成，期許學生在全球化環境中脫穎而出。
4.未列入「多元表現」之資料，可置於「其他有利審查資料」，例如西語檢定成績單（DELE或SFLPT）A1、A2或「高級中學學生預修大學第二外語課程專班」西語修習及格證明等（不同級數證明或修習證明，擇優採計）。"
241005,241,文藻外語大學,南區,1,日本語文系,23,138,800,1.00,,,,,,學習歷程備審資料審查,,學科能力測驗加權平均成績,15,學習歷程備審資料審查,85,英文學科能力測驗成績,,社會學科能力測驗成績,,,,,,,,,,詳見「複試說明」,115.5.6,,115.5.19,115.5.20,115.5.21,https://c025.wzu.edu.tw/,"本系亮點：
1.結合日、英語與跨領域知能：邀請高科技產業、國際飯店人才開設飯店及半導體高科技實務課程。
2.豐富的海內外實習機會。
3.赴日交換及雙聯學制等多樣留學模式。
4.完善的外語教學及學習環境。
5.日、英文皆依程度分班上課。"
241006,241,文藻外語大學,南區,1,應用華語文系,15,90,1000,1.00,,,,,,學習歷程備審資料審查,中文面試,學科能力測驗加權平均成績,20,中文面試,70,學習歷程備審資料審查,10,英文學科能力測驗成績,,,,,,,,,,詳見「複試說明」,115.5.6,115.5.16,115.5.19,115.5.20,115.5.21,https://c026.wzu.edu.tw/,"1.本系出國實習機會多，包括：美國、法國、日本、中南美洲、越南、泰國等。
2.本系課程兼顧語言涵養與實用技能，包括：AI融入華語教學、語言應用訓練、數位影音製作、現代文學、古典文學、課程設計、跨文化溝通等，並可選修多國語言，將來就業選擇比一般華語教學系更廣。
3.本校學生可報考校內教育學程，取得國小教師證；並可預修華語文教學碩士班課程。
4.本校除提供美歐日韓東南亞等多國交換生機會，同時設有雙聯學制，更提供高科技產業人才培訓課程，文科生也能進半導體產業。"
241007,241,文藻外語大學,南區,1,外語教學系,17,102,800,,1.00,,,,,學習歷程備審資料審查,,學習歷程備審資料審查,85,學科能力測驗加權平均成績,15,國文學科能力測驗成績,,社會學科能力測驗成績,,,,,,,,,,詳見「複試說明」,115.5.6,,115.5.19,115.5.20,115.5.21,https://c036.wzu.edu.tw/,"1.「多元表現」未列資料，可置於其他有利審查資料，但不得與「多元表現」項目重複認列。例如：可提供其他任何能展現對語言、教育或相關跨領域興趣或熱忱的資料。
2.本系特色：1. 本系為全國唯一外語教學系；2. 符應雙語政策，本系培育具雙語／全英語授課、AI科技輔助語言學習及創意活動規劃能力之專業人才，實作及實習機會多；3. 國際交流機會：提供雙聯學位、國際交換、海外實習等，學生得以培養國際移動力。
3.總成績請至聯合會網站查詢，報到相關訊息請至本校招生處網頁查詢，以上資料不另寄發紙本。
4.本校提供豐富獎學金，相關細節詳見本校招生處網頁。"
241008,241,文藻外語大學,南區,1,翻譯系,7,60,800,1.00,,,,,,學習歷程備審資料審查,,學習歷程備審資料審查,90,學科能力測驗加權平均成績,10,英文學科能力測驗成績,,社會學科能力測驗成績,,,,,,,,,,詳見「複試說明」,115.5.6,,115.5.19,115.5.20,115.5.21,https://c033.wzu.edu.tw/,"1.「多元表現」未列資料，可置於其他有利審查資料，能展現個人能力、經驗或興趣的資料尤佳。如：英語檢定成績單、各類競賽成果、社團或語言相關活動參與和特殊表現證明等。
2.本系國際水準專業設備，提供口筆譯、電玩翻譯、生成式AI與翻譯、科技輔助翻譯、影視翻譯及會展策劃實作，就業機會多，更提供高科技產業人才培訓課程，文科生也能進半導體產業。"
241009,241,文藻外語大學,南區,1,國際事務系,25,150,1000,,2.00,,,,,學習歷程備審資料審查,英文面試,英文面試,40,學習歷程備審資料審查,50,學科能力測驗加權平均成績,10,國文學科能力測驗成績,,,,,,,,,,詳見「複試說明」,115.5.6,115.5.16,115.5.19,115.5.20,115.5.21,https://c030.wzu.edu.tw/,"1.「多元表現」未列資料，可置於其他有利審查資料，但不得與「多元表現」項目重複認列。例如：可提供其他任何相關學習表現，能讓大學教授更認識你的資料文件。
2.本系提供超過四十門全英專業課程，講授經濟、政治及文化之相關科目。歷來全系四分之一學生來自三十五國共百名外籍生，構成一個跨國學習的本土國際環境。"
241010,241,文藻外語大學,南區,1,數位內容應用與管理系,8,60,800,1.00,,,,,,學習歷程備審資料審查,,學習歷程備審資料審查,90,學科能力測驗加權平均成績,10,社會學科能力測驗成績,,自然學科能力測驗成績,,,,,,,,6,,詳見「複試說明」,115.5.6,,115.5.19,115.5.20,115.5.21,https://c028.wzu.edu.tw,"*本系特色：
1.課程融合AI與數位內容應用，培育能運用AI進行設計、數據分析與精準行銷的跨域人才。
2.設有元宇宙暨動作捕捉實驗室，強化學生在VR/AR/MR體感科技、3D動畫及影視特效的實作能力。
3.專題採師徒制培訓，結合AI、設計與行銷專業，指導學生參與全國競賽屢獲佳績，並與業界知名企業合作，透過實習強化職場實戰力。
4.畢業生可投身AI應用、互動多媒體、數位行銷與跨境電商等熱門職場，亦有眾多學生錄取國內外公私立研究所，升學與就業表現俱佳。
*總成績請至聯合會網站查詢，報到相關訊息請至本校招生處網頁查詢，以上資料不另發紙本。 
*本校提供豐富獎學金，相關細節請至本校招生處網頁查詢。"
241011,241,文藻外語大學,南區,1,傳播藝術系,8,60,800,1.00,1.00,,,,,學習歷程備審資料審查,,學習歷程備審資料審查,80,學科能力測驗加權平均成績,20,國文學科能力測驗成績,,英文學科能力測驗成績,,,,,,,,,,詳見「複試說明」,115.5.6,,115.5.19,115.5.20,115.5.21,https://c032.wzu.edu.tw/,"1.本系提供多元之人文與藝術課程，結合影音傳播與文創行銷之專業模組課程，致力於培育具藝術涵養之影音傳播人才。
2.課程以影音實作為主，輔以參加各項專業競賽及技能實習，並與業界進行產學合作提供學生做中學之實務場域，提早與業界接軌。"
241012,241,文藻外語大學,南區,1,東南亞學系,16,96,800,2.00,,,,,,學習歷程備審資料審查,,學習歷程備審資料審查,95,學科能力測驗加權平均成績,5,英文學科能力測驗成績,,社會學科能力測驗成績,,,,,,,,,,詳見「複試說明」,115.5.6,,115.5.19,115.5.20,115.5.21,https://c051.wzu.edu.tw/,"1.「多元表現」未列資料，可置於其他有利審查資料，但不得與「多元表現」項目重複認列。例如：具東南亞語言相關檢定或曾修習東南亞語言相關修業或學分證明者，或自我介紹及就讀動機影音檔。
2.本系外籍師資超過六成、發展對應國家新南向政策及全球產業向東南亞遷移趨勢，海外實習、參訪及就業機會多。"
245001,245,致理科技大學,北區,1,企業管理系,10,60,800,1.00,,,,,,學習歷程備審資料審查,,學習歷程備審資料審查,90,學科能力測驗加權平均成績,10,英文學科能力測驗成績,,數學B學科能力測驗成績,,,,,,,,,,115.4.24,115.5.6,,115.5.21,115.5.22,115.5.26,https://ba100.chihlee.edu.tw/,"1.英文、經濟學及會計學採能力分班教學。
2.如有招生問題，歡迎來電詢問招生事務中心（02）2257-6167分機1279、（02）2258-9016或加入官方LINE ID：@580qtugg。"
245002,245,致理科技大學,北區,1,財務金融系,7,60,800,1.00,,,,,,學習歷程備審資料審查,,學習歷程備審資料審查,80,學科能力測驗加權平均成績,20,英文學科能力測驗成績,,數學B學科能力測驗成績,,,,,,,,,,115.4.24,115.5.6,,115.5.21,115.5.22,115.5.26,https://fd100.chihlee.edu.tw/,"1.英文、經濟學及程式課程採能力分班教學。
2.如有招生問題，歡迎來電詢問招生事務中心（02）2257-6167分機1279、（02）2258-9016或加入官方LINE ID：@580qtugg。"
245003,245,致理科技大學,北區,1,會計資訊系,7,60,800,1.00,,,,,,學習歷程備審資料審查,,學習歷程備審資料審查,80,學科能力測驗加權平均成績,20,數學B學科能力測驗成績,,英文學科能力測驗成績,,,,,,,,6,,115.4.24,115.5.6,,115.5.21,115.5.22,115.5.26,https://ai100.chihlee.edu.tw/,"1.英文、經濟學及大一會計學採能力分班教學。
2.如有招生問題，歡迎來電詢問招生事務中心（02）2257-6167分機1279、（02）2258-9016或加入官方LINE ID：@580qtugg。"
245004,245,致理科技大學,北區,1,行銷與流通管理系,15,90,800,1.00,,,,,,學習歷程備審資料審查,,學習歷程備審資料審查,80,數學B學科能力測驗成績,,學科能力測驗加權平均成績,20,英文學科能力測驗成績,,,,,,,,,,115.4.24,115.5.6,,115.5.21,115.5.22,115.5.26,https://ml100.chihlee.edu.tw/,"1.英文及經濟學採能力分班教學。
2.如有招生問題，歡迎來電詢問招生事務中心（02）2257-6167分機1279、（02）2258-9016或加入官方LINE ID：@580qtugg。"
245005,245,致理科技大學,北區,1,休閒遊憩管理系,4,60,800,1.00,,,,,,學習歷程備審資料審查,,學習歷程備審資料審查,80,英文學科能力測驗成績,,學科能力測驗加權平均成績,20,數學B學科能力測驗成績,,,,,,,,,,115.4.24,115.5.6,,115.5.21,115.5.22,115.5.26,https://sh100.chihlee.edu.tw/,"1.英文及經濟學採能力分班教學。
2.如有招生問題，歡迎來電詢問招生事務中心（02）2257-6167分機1279、（02）2258-9016或加入官方LINE ID：@580qtugg。"
245006,245,致理科技大學,北區,1,國際貿易系,7,60,800,1.00,,,,,,學習歷程備審資料審查,,學習歷程備審資料審查,90,學科能力測驗加權平均成績,10,英文學科能力測驗成績,,數學B學科能力測驗成績,,,,,,,,,,115.4.24,115.5.6,,115.5.21,115.5.22,115.5.26,https://it100.chihlee.edu.tw/,"1.英文採能力分班教學。
2.如有招生問題，歡迎來電詢問招生事務中心（02）2257-6167分機1279、（02）2258-9016或加入官方LINE ID：@580qtugg。"
245007,245,致理科技大學,北區,1,應用英語系,5,60,800,1.00,,,,,,學習歷程備審資料審查,,學習歷程備審資料審查,90,學科能力測驗加權平均成績,10,英文學科能力測驗成績,,社會學科能力測驗成績,,,,,,,,,,115.4.24,115.5.6,,115.5.21,115.5.22,115.5.26,https://ae100.chihlee.edu.tw/,"1.英文採能力分班教學。
2.如有招生問題，歡迎來電詢問招生事務中心（02）2257-6167分機1279、（02）2258-9016或加入官方LINE ID：@580qtugg。"
245008,245,致理科技大學,北區,1,應用日語系,9,60,800,1.00,,,,,,學習歷程備審資料審查,,學習歷程備審資料審查,80,學科能力測驗加權平均成績,20,英文學科能力測驗成績,,社會學科能力測驗成績,,,,,,,,,,115.4.24,115.5.6,,115.5.21,115.5.22,115.5.26,https://jp100.chihlee.edu.tw/,"1.英文及日語課程採能力分班教學。
2.如有招生問題，歡迎來電詢問招生事務中心（02）2257-6167分機1279、（02）2258-9016或加入官方LINE ID：@580qtugg。"
245009,245,致理科技大學,北區,1,資訊管理系,10,60,800,1.00,,,,,,學習歷程備審資料審查,,學習歷程備審資料審查,80,學科能力測驗加權平均成績,20,數學B學科能力測驗成績,,英文學科能力測驗成績,,,,,,,,6,,115.4.24,115.5.6,,115.5.21,115.5.22,115.5.26,https://im100.chihlee.edu.tw/,"1.英文及程式設計採能力分班教學。
2.如有招生問題，歡迎來電詢問招生事務中心（02）2257-6167分機1279、（02）2258-9016或加入官方LINE ID：@580qtugg。"
245010,245,致理科技大學,北區,1,商務科技應用系,17,102,800,1.00,,,,,,學習歷程備審資料審查,,學習歷程備審資料審查,80,學科能力測驗加權平均成績,20,英文學科能力測驗成績,,數學B學科能力測驗成績,,,,,,,,11,,115.4.24,115.5.6,,115.5.21,115.5.22,115.5.26,https://ca100.chihlee.edu.tw/,"1.英文採能力分班教學。
2.如有招生問題，歡迎來電詢問招生事務中心（02）2257-6167分機1279、（02）2258-9016或加入官方LINE ID：@580qtugg。"
245011,245,致理科技大學,北區,1,多媒體設計系,3,60,800,1.00,,,,,,學習歷程備審資料審查,,學習歷程備審資料審查,90,學科能力測驗加權平均成績,10,英文學科能力測驗成績,,社會學科能力測驗成績,,,,,,,,6,,115.4.24,115.5.6,,115.5.21,115.5.22,115.5.26,https://mm100.chihlee.edu.tw/,"1.英文及設計素描採能力分班教學。
2.如有招生問題，歡迎來電詢問招生事務中心（02）2257-6167分機1279、（02）2258-9016或加入官方LINE ID：@580qtugg。"
246001,246,宏國德霖科技大學,北區,3,土木工程系,3,60,800,1.00,1.00,,,,,學習歷程備審資料審查,,學習歷程備審資料審查,80,學科能力測驗加權平均成績,20,國文學科能力測驗成績,,英文學科能力測驗成績,,,,,,,,,,詳見「複試說明」,115.5.6,,115.5.21,115.5.22,115.5.25,https://ce.hdut.edu.tw/bin/,"1.本校第二階段複試僅採學習歷程備審資料，不另舉行面試等其他方式，申請生不必到校。
2.本系課程規劃及畢業條件等相關資訊，請至本校系網頁查詢。
3.本校提供多項招生入學獎學金，請參閱本校網站（https://r011.hdut.edu.tw/p/404-1011-5852.php）。"
246002,246,宏國德霖科技大學,北區,3,機械工程系,6,60,800,1.00,1.00,,,,1.00,學習歷程備審資料審查,,學習歷程備審資料審查,80,學科能力測驗加權平均成績,20,國文學科能力測驗成績,,英文學科能力測驗成績,,自然學科能力測驗成績,,,,,,,,詳見「複試說明」,115.5.6,,115.5.21,115.5.22,115.5.25,https://me.hdut.edu.tw/,"1.本校第二階段複試僅採學習歷程備審資料，不另舉行面試等其他方式，申請生不必到校。
2.本系課程規劃及畢業條件等相關資訊，請至本校系網頁查詢。
3.本校提供多項招生入學獎學金，請參閱本校網站（https://r011.hdut.edu.tw/p/404-1011-5852.php）。"
246003,246,宏國德霖科技大學,北區,3,資訊工程系,7,60,800,1.00,1.00,1.00,,,,學習歷程備審資料審查,,學習歷程備審資料審查,70,學科能力測驗加權平均成績,30,國文學科能力測驗成績,,英文學科能力測驗成績,,數學A學科能力測驗成績,,,,,,6,,詳見「複試說明」,115.5.6,,115.5.21,115.5.22,115.5.25,https://cse.hdut.edu.tw/,"1.本校第二階段複試僅採學習歷程備審資料，不另舉行面試等其他方式，申請生不必到校。
2.本系課程規劃及畢業條件等相關資訊，請至本校系網頁查詢。
3.本校提供多項招生入學獎學金，請參閱本校網站（https://r011.hdut.edu.tw/p/404-1011-5852.php）。"
246004,246,宏國德霖科技大學,北區,3,室內設計系,5,60,800,1.00,1.00,,,,,學習歷程備審資料審查,,學習歷程備審資料審查,80,學科能力測驗加權平均成績,20,國文學科能力測驗成績,,英文學科能力測驗成績,,,,,,,,,,詳見「複試說明」,115.5.6,,115.5.21,115.5.22,115.5.25,https://id.hdut.edu.tw/,"1.本校第二階段複試僅採學習歷程備審資料，不另舉行面試等其他方式，申請生不必到校。
2.本系課程規劃及畢業條件等相關資訊，請至本校系網頁查詢。
3.本校提供多項招生入學獎學金，請參閱本校網站（https://r011.hdut.edu.tw/p/404-1011-5852.php）。"
246005,246,宏國德霖科技大學,北區,3,餐旅管理系,1,60,800,1.00,1.00,,,1.00,,學習歷程備審資料審查,,學習歷程備審資料審查,70,學科能力測驗加權平均成績,30,英文學科能力測驗成績,,國文學科能力測驗成績,,,,,,,,,,詳見「複試說明」,115.5.6,,115.5.21,115.5.22,115.5.25,https://hm.hdut.edu.tw,"1.本校第二階段複試僅採學習歷程備審資料，不另舉行面試等其他方式，申請生不必到校。
2.本系課程規劃及畢業條件等相關資訊，請至本校系網頁查詢。
3.新生入學後須購買正式系制服一套。
4.本系四年級赴校外實習1年。
5.本系著重實務操作及實習課程，基於產業特性，學生須具備獨立操作能力及個人安全維護能力。
6.本校提供多項招生入學獎學金，請參閱本校網站（https://r011.hdut.edu.tw/p/404-1011-5852.php）。"
246006,246,宏國德霖科技大學,北區,3,餐飲廚藝系,2,60,800,1.00,1.00,,,1.00,,學習歷程備審資料審查,,學習歷程備審資料審查,70,學科能力測驗加權平均成績,30,國文學科能力測驗成績,,英文學科能力測驗成績,,,,,,,,,,詳見「複試說明」,115.5.6,,115.5.21,115.5.22,115.5.25,https://ca.hdut.edu.tw/,"1.本校第二階段複試僅採學習歷程備審資料，不另舉行面試等其他方式，申請生不必到校。
2.本系課程規劃及畢業條件等相關資訊，請至本校系網頁查詢。
3.新生入學後應統一購置標準廚師作業服一套（含廚服、圍裙）。
4.本系於四年級赴校外實習1年為必修學分。
5.本系課程含實務操作，基於考量實務操作危險性與結果判斷之需要，學生須具備獨立操作能力及個人安全維護能力。
6.本校提供多項招生入學獎學金，請參閱本校網站，（https://r011.hdut.edu.tw/p/404-1011-5852.php）。"
246007,246,宏國德霖科技大學,北區,3,休閒事業管理系,2,60,800,2.00,2.00,,,,,學習歷程備審資料審查,,學習歷程備審資料審查,70,學科能力測驗加權平均成績,30,國文學科能力測驗成績,,英文學科能力測驗成績,,,,,,,,,,詳見「複試說明」,115.5.6,,115.5.21,115.5.22,115.5.25,https://lbm.hdut.edu.tw/,"1.本校第二階段複試僅採學習歷程備審資料，不另舉行面試等其他方式，申請生不必到校。
2.本系課程規劃及畢業條件等相關資訊，請至本校系網頁查詢。
3.本校提供多項招生入學獎學金，請參閱本校網站（https://r011.hdut.edu.tw/p/404-1011-5852.php）。"
246008,246,宏國德霖科技大學,北區,3,園藝系,5,60,800,1.00,1.00,,,1.00,1.50,學習歷程備審資料審查,,學習歷程備審資料審查,70,學科能力測驗加權平均成績,30,國文學科能力測驗成績,,英文學科能力測驗成績,,,,,,,,,,詳見「複試說明」,115.5.6,,115.5.21,115.5.22,115.5.25,https://hort.hdut.edu.tw/,"1.本校第二階段複試僅採學習歷程備審資料，不另舉行面試等其他方式，申請生不必到校。
2.本系課程規劃及畢業條件等相關資訊，請至本校系網頁查詢。
3.本校提供多項招生入學獎學金，請參閱本校網站（https://r011.hdut.edu.tw/p/404-1011-5852.php）。"
248001,248,崇右影藝科技大學,北區,4,表演藝術系,37,185,1000,1.00,,,,,,學習歷程備審資料審查,面試,面試,90,學科能力測驗加權平均成績,5,學習歷程備審資料審查,5,英文學科能力測驗成績,,,,,,,,,,115.4.29,115.5.6,115.5.16,115.5.18,115.5.20,115.5.22,https://www.cufa.edu.tw,"1.本系以培育專業流行舞蹈人才為方向，課程有兩大主軸：「街舞」及「K-POP舞蹈」，培養專業流行娛樂產業的人才。
2.本系於四技申請入學第二階段複試，另採以面試方式瞭解考生志向興趣與基本表達能力，面試項目含肢體律動、才藝表演等，自由選考。
3.對於不同群體（如經濟文化不利、原住民族、身心障礙）學生，將考量相對不利環境學習表現，酌予加分。
4.本系看重考生「學習態度」及「抗壓性反應」，考生所有繳交資料係以「綜合參採」方式進行綜整評量。
5.專人輔導：YOYO主任   （最帥的帥主任）    電話：0958222320     LINE ID：ipyoyosun"
248002,248,崇右影藝科技大學,北區,4,演藝事業系,4,50,1000,1.00,,,,,,學習歷程備審資料審查,面試,面試,90,學習歷程備審資料審查,5,學科能力測驗加權平均成績,5,英文學科能力測驗成績,,,,,,,,,,115.4.29,115.5.6,115.5.16,115.5.18,115.5.20,115.5.22,https://www.cufa.edu.tw,"1..本系著重於培育跨領域表演藝術人才（包括藝人造星培訓、戲劇表演、流行音樂創作、歌唱技巧、劇場技術及演出製作管理）。諸如學生的各項藝術表現、文字寫作、口語能力、肢體表現、情感表達、領導管理、創作整力等皆為本系選才方向。
2.對於不同群體（如經濟文化不利、原住民族、身心障礙）學生，將考量相對不利環境學習表現，酌予加分。
3.本系看重考生「學習態度」、「抗壓性」與「反應力」，考生所有繳交資料係以「綜合參採」方式進行綜整評量。 
4.專人輔導:洗米主任  電話:0921303479    LINE ID:simi1201     ig:dppa.cufa"
248003,248,崇右影藝科技大學,北區,4,影視傳播系,1,50,1000,1.00,,,,,,學習歷程備審資料審查,面試,面試,90,學習歷程備審資料審查,5,學科能力測驗加權平均成績,5,英文學科能力測驗成績,,,,,,,,,,115.4.29,115.5.6,115.5.16,115.5.18,115.5.20,115.5.22,https://www.cufa.edu.tw,"1.產製多螢跨屏之互動高品質戲劇影音內容，AI生成工具、AI影片製作、短影音節目、短戲劇、微短劇等跨屏影音製作，只要你有興趣有熱 誠，竭誠歡迎你的加入。
2.對於不同群體（如經濟文化不利、原住民族、身心障礙）學生，將考量相對不利環境學習表現，酌予加分。
3.本系看重考生「學習態度」及「抗壓性反應」，考生所有繳交資料係以「綜合參採」方式進行綜整評量。
4.專人輔導：02-24237785#650"
248004,248,崇右影藝科技大學,北區,4,時尚造型設計系,1,50,1000,1.00,,,,,,學習歷程備審資料審查,面試,面試,90,學習歷程備審資料審查,5,學科能力測驗加權平均成績,5,英文學科能力測驗成績,,,,,,,,,,115.4.29,115.5.6,115.5.16,115.5.18,115.5.20,115.5.22,https://www.cufa.edu.tw,"1.本系以培養影藝造型及特效化妝人才為主，選才以預備投入影藝造型（電影彩妝、演唱會造型、廣告造型、戲劇造型）及特效化妝（老妝、傷妝、假肢、特效造型道具設計、角色造型）為志向的學生考量。
2.面試項目：口試（瞭解考生志向及表達能力）、美容設計圖（畫紙圖）。
3.對於不同群體（如經濟文化不利、原住民族、身心障礙）學生，將考量相對不利環境學習表現，酌予加分。
4.本系看重考生「學習態度」與「抗壓性反應」，考生所有繳交資料係以「綜合參採」方式進行綜合評量。
5.專人輔導：劉老師，電話：0956768688、Line ID：0956768688、IG：chungyu205。"
249001,249,台北海洋科技大學,北區,6,航海與航運管理系（士林校區）,3,18,800,1.00,1.00,,,,,學習歷程備審資料審查,,學習歷程備審資料審查,80,學科能力測驗加權平均成績,20,英文學科能力測驗成績,,國文學科能力測驗成績,,,,,,,,,,詳見「複試說明」,115.5.6,,115.5.20,115.5.21,115.5.27,https://dnlm.tumt.edu.tw,"1.所有申請資料概不退還，請自留備份。
2.如有未盡事宜請依本校通知及網站公告為準。
3.本校複試僅採學習歷程備審資料審查，不另舉行面試，申請生不必到校。"
249002,249,台北海洋科技大學,北區,6,輪機工程系（士林校區）,2,12,800,1.00,1.00,,,,,學習歷程備審資料審查,,學習歷程備審資料審查,80,學科能力測驗加權平均成績,20,國文學科能力測驗成績,,英文學科能力測驗成績,,,,,,,,,,詳見「複試說明」,115.5.6,,115.5.20,115.5.21,115.5.27,https://me.tumt.edu.tw,"1.所有申請資料概不退還，請自留備份。
2.如有未盡事宜請依本校通知及網站公告為準。
3.本校複試僅採學習歷程備審資料審查，不另舉行面試，申請生不必到校。"
249003,249,台北海洋科技大學,北區,6,海洋運動休閒與觀光管理系海洋運動休閒組（士林校區）,1,6,800,1.00,,,,1.00,,學習歷程備審資料審查,,學習歷程備審資料審查,80,學科能力測驗加權平均成績,20,國文學科能力測驗成績,,社會學科能力測驗成績,,,,,,,,,,詳見「複試說明」,115.5.6,,115.5.20,115.5.21,115.5.27,https://sport.tumt.edu.tw/bin/home.php,"1.所有申請資料概不退還，請自留備份。
2.如有未盡事宜請依本校通知及網站公告為準。
3.本校複試僅採學習歷程備審資料審查，不另舉行面試，申請生不必到校。"
249004,249,台北海洋科技大學,北區,6,餐飲管理系烘焙食品組（士林校區）,1,6,800,1.00,1.00,,,,,學習歷程備審資料審查,,學習歷程備審資料審查,80,學科能力測驗加權平均成績,20,國文學科能力測驗成績,,英文學科能力測驗成績,,社會學科能力測驗成績,,,,,,,,詳見「複試說明」,115.5.6,,115.5.20,115.5.21,115.5.27,https://fbm.tumt.edu.tw,"1.所有申請資料概不退還，請自留備份。
2.如有未盡事宜請依本校通知及網站公告為準。
3.本校複試僅採書面資料審查，不另舉行面試，申請生不必到校。"
249005,249,台北海洋科技大學,北區,6,健康促進與銀髮保健系（淡水校區）,1,6,800,1.00,1.00,,,,,學習歷程備審資料審查,,學習歷程備審資料審查,80,學科能力測驗加權平均成績,20,國文學科能力測驗成績,,英文學科能力測驗成績,,,,,,,,,,詳見「複試說明」,115.5.6,,115.5.20,115.5.21,115.5.27,https://hpgc.tumt.edu.tw,"1.所有申請資料概不退還，請自留備份。
2.如有未盡事宜請依本校通知及網站公告為準。
3.本校複試僅採書面資料審查，不另舉行面試，申請生不必到校。"
249006,249,台北海洋科技大學,北區,6,電競數位遊戲與動畫設計系（淡水校區）,1,6,800,1.00,1.00,,,,,學習歷程備審資料審查,,學習歷程備審資料審查,80,學科能力測驗加權平均成績,20,國文學科能力測驗成績,,英文學科能力測驗成績,,,,,,,,,,詳見「複試說明」,115.5.6,,115.5.20,115.5.21,115.5.27,https://dgad.tumt.edu.tw,"1.所有申請資料概不退還，請自留備份。
2.如有未盡事宜請依本校通知及網站公告為準。"
249007,249,台北海洋科技大學,北區,6,寵物業經營管理系（淡水校區）,2,12,800,1.00,0.10,,,0.10,0.10,學習歷程備審資料審查,,學習歷程備審資料審查,80,學科能力測驗加權平均成績,20,自然學科能力測驗成績,,國文學科能力測驗成績,,英文學科能力測驗成績,,社會學科能力測驗成績,,,,,,詳見「複試說明」,115.5.6,,115.5.20,115.5.21,115.5.27,https://fsm.tumt.edu.tw/bin/home.php,"1.所有申請資料概不退還。
2.如有未盡事宜請依本校通知及網站公告為準。
3.本校複試僅採學習歷程備審資料審查，不另舉行面試，申請生不必到校。"
250001,250,亞東科技大學,北區,1,材料織品服裝系材料應用科技組,4,60,800,1.00,,,,,,學習歷程備審資料審查,,學習歷程備審資料審查,90,學科能力測驗加權平均成績,10,英文學科能力測驗成績,,自然學科能力測驗成績,,,,,,,,,,詳見「複試說明」,115.5.6,,115.5.21,115.5.22,115.5.26,https://mt.aeust.edu.tw/,"1.可於四年級參加支薪校外實習一年，強化實務與就業經驗。
2.高中申請入學之新生，完成報到及註冊程序者，發給獎學金2.5萬元。"
250002,250,亞東科技大學,北區,1,材料織品服裝系織品服裝設計組,5,60,800,1.00,,,,,,學習歷程備審資料審查,,學習歷程備審資料審查,90,學科能力測驗加權平均成績,10,英文學科能力測驗成績,,社會學科能力測驗成績,,,,,,,,,,詳見「複試說明」,115.5.6,,115.5.21,115.5.22,115.5.26,https://mt.aeust.edu.tw/,"1.可於四年級參加支薪校外實習一年，強化實務與就業經驗。
2.高中申請入學之新生，完成報到及註冊程序者，發給獎學金2.5萬元。"
250003,250,亞東科技大學,北區,1,機械工程系,5,60,800,1.00,,,,,,學習歷程備審資料審查,,學習歷程備審資料審查,80,學科能力測驗加權平均成績,20,英文學科能力測驗成績,,自然學科能力測驗成績,,,,,,,,,,詳見「複試說明」,115.5.6,,115.5.21,115.5.22,115.5.26,https://me.aeust.edu.tw,"1.可於四年級參加支薪校外實習一年，強化實務與就業經驗。
2.高中申請入學之新生，完成報到及註冊程序者，發給獎學金2.5萬元。"
250004,250,亞東科技大學,北區,1,機械工程系汽車組,6,60,800,1.00,,,,,,學習歷程備審資料審查,,學習歷程備審資料審查,80,學科能力測驗加權平均成績,20,英文學科能力測驗成績,,自然學科能力測驗成績,,,,,,,,,,詳見「複試說明」,115.5.6,,115.5.21,115.5.22,115.5.26,https://me.aeust.edu.tw,"1.可於四年級參加支薪校外實習一年，強化實務與就業經驗。
2.高中申請入學之新生，完成報到及註冊程序者，發給獎學金2.5萬元。"
250005,250,亞東科技大學,北區,1,電機工程系,8,60,800,1.00,,,,,,學習歷程備審資料審查,,學習歷程備審資料審查,80,學科能力測驗加權平均成績,20,英文學科能力測驗成績,,自然學科能力測驗成績,,,,,,,,6,,詳見「複試說明」,115.5.6,,115.5.21,115.5.22,115.5.26,https://ee.aeust.edu.tw,"1.可於四年級參加支薪校外實習一年，強化實務與就業經驗。
2.高中申請入學之新生，完成報到及註冊程序者，發給獎學金2.5萬元。"
250006,250,亞東科技大學,北區,1,電子工程系,10,60,800,1.00,,,,,,學習歷程備審資料審查,,學習歷程備審資料審查,80,學科能力測驗加權平均成績,20,英文學科能力測驗成績,,自然學科能力測驗成績,,,,,,,,6,,詳見「複試說明」,115.5.6,,115.5.21,115.5.22,115.5.26,https://en.aeust.edu.tw,"1.可於四年級參加支薪校外實習一年，強化實務與就業經驗。
2.本系歷年實習廠商，包含遠東集團相關企業及多家上市上櫃科技大廠。
3.高中申請入學之新生，完成報到及註冊程序者，發給獎學金2.5萬元。"
250007,250,亞東科技大學,北區,1,工業管理系,3,60,800,1.00,,,,,,學習歷程備審資料審查,,學習歷程備審資料審查,90,學科能力測驗加權平均成績,10,英文學科能力測驗成績,,社會學科能力測驗成績,,,,,,,,,,詳見「複試說明」,115.5.6,,115.5.21,115.5.22,115.5.26,https://im.aeust.edu.tw,"1.可於四年級參加支薪校外實習一年，強化實務與就業經驗。
2.高中申請入學之新生，完成報到及註冊程序者，發給獎學金2.5萬元。"
250008,250,亞東科技大學,北區,1,工商業設計系,4,60,800,1.00,,,,,,學習歷程備審資料審查,,學習歷程備審資料審查,80,學科能力測驗加權平均成績,20,英文學科能力測驗成績,,自然學科能力測驗成績,,,,,,,,,,詳見「複試說明」,115.5.6,,115.5.21,115.5.22,115.5.26,https://icd.aeust.edu.tw,"1.可於四年級參加支薪校外實習一年，強化實務與就業經驗。
2.高中申請入學之新生，完成報到及註冊程序者，發給獎學金2.5萬元。"
250009,250,亞東科技大學,北區,1,護理系,3,60,800,1.00,,,,,,學習歷程備審資料審查,,學習歷程備審資料審查,80,學科能力測驗加權平均成績,20,英文學科能力測驗成績,,數學A學科能力測驗成績,,,,,,,,,,詳見「複試說明」,115.5.6,,115.5.21,115.5.22,115.5.26,https://nr.aeust.edu.tw/bin/home.php,"1.鄰近亞東醫院，本系學生擁有實習、就業等優先安排。
2.亞東醫院提供畢業每年12萬元就業獎助學金方案。
3.高中申請入學之新生，完成報到及註冊程序者，發給獎學金2.5萬元。
4.可於四年級參加支薪校外實習一年，強化實務與就業經驗。"
250010,250,亞東科技大學,北區,1,通訊工程系,13,78,800,1.00,,,,,,學習歷程備審資料審查,,學習歷程備審資料審查,85,學科能力測驗加權平均成績,15,自然學科能力測驗成績,,英文學科能力測驗成績,,,,,,,,8,,詳見「複試說明」,115.5.6,,115.5.21,115.5.22,115.5.26,https://ce.aeust.edu.tw,"1.可於四年級參加支薪校外實習一年，強化實務與就業經驗。
2.高中申請入學之新生，完成報到及註冊程序者，發給獎學金2.5萬元。"
250011,250,亞東科技大學,北區,1,醫務管理系,3,60,800,1.00,,,,,,學習歷程備審資料審查,,學習歷程備審資料審查,90,學科能力測驗加權平均成績,10,社會學科能力測驗成績,,英文學科能力測驗成績,,,,,,,,,,詳見「複試說明」,115.5.6,,115.5.21,115.5.22,115.5.26,https://ha.aeust.edu.tw,"1.可於四年級參加支薪校外實習一年，強化實務與就業經驗。
2.高中申請入學之新生，完成報到及註冊程序者，發給獎學金2.5萬元。"
250012,250,亞東科技大學,北區,1,資訊管理系,3,60,800,1.00,,,,,,學習歷程備審資料審查,,學習歷程備審資料審查,80,學科能力測驗加權平均成績,20,英文學科能力測驗成績,,數學B學科能力測驗成績,,,,,,,,6,,詳見「複試說明」,115.5.6,,115.5.21,115.5.22,115.5.26,https://mi.aeust.edu.tw,"1.可於四年級參加支薪校外實習一年，強化實務與就業經驗。
2.高中申請入學之新生，完成報到及註冊程序者，發給獎學金2.5萬元。"
250013,250,亞東科技大學,北區,1,行銷與流通管理系,4,60,800,1.00,,,,,,學習歷程備審資料審查,,學習歷程備審資料審查,80,學科能力測驗加權平均成績,20,英文學科能力測驗成績,,自然學科能力測驗成績,,,,,,,,,,詳見「複試說明」,115.5.6,,115.5.21,115.5.22,115.5.26,https://mdw.aeust.edu.tw/,"1.可於四年級參加支薪校外實習一年，強化實務與就業經驗。
2.高中申請入學之新生，完成報到及註冊程序者，發給獎學金2.5萬元。"
411001,411,南亞技術學院,北區,1,機械工程系,9,50,800,1.00,,1.00,,,,學習歷程備審資料審查,,學習歷程備審資料審查,80,學科能力測驗加權平均成績,20,數學A學科能力測驗成績,,國文學科能力測驗成績,,自然學科能力測驗成績,,,,,,,,詳見「複試說明」,115.5.6,,115.5.27,115.5.28,115.5.29,https://www.nanya.edu.tw,1.第二階段複試採學習歷程備審資料審查，申請生不必到校。
411002,411,南亞技術學院,北區,1,機械工程系車輛工程組,8,50,800,1.00,,1.00,,,,學習歷程備審資料審查,,學習歷程備審資料審查,80,學科能力測驗加權平均成績,20,數學A學科能力測驗成績,,國文學科能力測驗成績,,,,,,,,,,詳見「複試說明」,115.5.6,,115.5.27,115.5.28,115.5.29,https://www.nanya.edu.tw,1.第二階段複試採學習歷程備審資料審查，申請生不必到校。
411003,411,南亞技術學院,北區,1,資訊工程系系統與網路工程組,5,50,800,1.00,,1.00,,,,學習歷程備審資料審查,,學習歷程備審資料審查,80,學科能力測驗加權平均成績,20,數學A學科能力測驗成績,,國文學科能力測驗成績,,,,,,,,,,詳見「複試說明」,115.5.6,,115.5.27,115.5.28,115.5.29,https://www.nanya.edu.tw,1.第二階段複試採學習歷程備審資料審查，申請生不必到校。
411004,411,南亞技術學院,北區,1,資訊工程系智慧科技應用組,12,50,800,1.00,,,1.00,,,學習歷程備審資料審查,,學習歷程備審資料審查,80,學科能力測驗加權平均成績,20,數學B學科能力測驗成績,,國文學科能力測驗成績,,,,,,,,,,詳見「複試說明」,115.5.6,,115.5.27,115.5.28,115.5.29,https://www.nanya.edu.tw,1.第二階段複試採學習歷程備審資料審查，申請生不必到校。
411005,411,南亞技術學院,北區,1,幼兒保育系,2,50,800,1.00,1.00,,,,,學習歷程備審資料審查,,學習歷程備審資料審查,80,學科能力測驗加權平均成績,20,國文學科能力測驗成績,,英文學科能力測驗成績,,社會學科能力測驗成績,,,,,,,,詳見「複試說明」,115.5.6,,115.5.27,115.5.28,115.5.29,https://www.nanya.edu.tw,1.第二階段複試採學習歷程備審資料審查，申請生不必到校。
411006,411,南亞技術學院,北區,1,休閒與餐旅管理系,6,50,800,1.00,,,,1.00,,學習歷程備審資料審查,,學習歷程備審資料審查,80,學科能力測驗加權平均成績,20,國文學科能力測驗成績,,社會學科能力測驗成績,,,,,,,,,,詳見「複試說明」,115.5.6,,115.5.27,115.5.28,115.5.29,https://www.nanya.edu.tw,1.第二階段複試採學習歷程備審資料審查，申請生不必到校。
411007,411,南亞技術學院,北區,1,室內設計系,2,50,800,1.00,,,,1.00,,學習歷程備審資料審查,,學習歷程備審資料審查,80,學科能力測驗加權平均成績,20,國文學科能力測驗成績,,社會學科能力測驗成績,,,,,,,,,,詳見「複試說明」,115.5.6,,115.5.27,115.5.28,115.5.29,https://www.nanya.edu.tw,1.第二階段複試採學習歷程備審資料審查，申請生不必到校。
415001,415,黎明技術學院,北區,6,電機工程系,1,6,1000,1.00,,,,,1.00,學習歷程備審資料審查,面試,面試,70,學習歷程備審資料審查,20,學科能力測驗加權平均成績,10,英文學科能力測驗成績,,國文學科能力測驗成績,,,,,,,,115.4.27,115.5.6,115.5.23,115.5.26,115.5.27,115.5.28,https://dee.lit.edu.tw/,"1.請申請生於規定期限內，完成網路上傳書面審查資料（分項製作成PDF格式檔案並逐一上傳），未依規定期限及方式完成網路上傳書面審查資料，而致第二階段複試項目成績零分者，不予錄取。
2.第二階段複試繳費證明上傳外，郵政匯票正本請另外郵寄至本校招生中心，抬頭請開立「黎明技術學院」。"
415002,415,黎明技術學院,北區,6,智慧製造工程系,1,6,1000,5.00,,0.10,,,,學習歷程備審資料審查,面試,面試,70,學習歷程備審資料審查,20,學科能力測驗加權平均成績,10,自然學科能力測驗成績,,數學A學科能力測驗成績,,,,,,,,115.4.27,115.5.6,115.5.23,115.5.26,115.5.27,115.5.28,https://me.lit.edu.tw/,"1.請申請生於規定期限內，完成網路上傳書面審查資料（分項製作成PDF格式檔案並逐一上傳），未依規定期限及方式完成網路上傳書面審查資料，而致第二階段複試項目成績零分者，不予錄取。
2.第二階段複試繳費證明上傳外，郵政匯票正本請另外郵寄至本校招生中心，抬頭請開立「黎明技術學院」。"
415003,415,黎明技術學院,北區,6,車輛工程系,12,72,1000,1.00,,,,,,學習歷程備審資料審查,面試,面試,70,學習歷程備審資料審查,20,學科能力測驗加權平均成績,10,自然學科能力測驗成績,,數學A學科能力測驗成績,,,,,,,,115.4.27,115.5.6,115.5.23,115.5.26,115.5.27,115.5.28,https://dve.lit.edu.tw/,"1.請申請生於規定期限內，完成網路上傳書面審查資料（分項製作成PDF格式檔案並逐一上傳），未依規定期限及
方式完成網路上傳書面審查資料，而致第二階段複試項目成績零分者，不予錄取。
2.第二階段複試繳費證明上傳外，郵政匯票正本請另外郵寄至本校招生中心，抬頭請開立「黎明技術學院」。"
415004,415,黎明技術學院,北區,6,數位多媒體系,1,6,1000,3.00,,,,0.10,,學習歷程備審資料審查,面試,面試,70,學習歷程備審資料審查,20,學科能力測驗加權平均成績,10,國文學科能力測驗成績,,社會學科能力測驗成績,,,,,,,,115.4.27,115.5.6,115.5.23,115.5.26,115.5.27,115.5.28,https://ddm.lit.edu.tw/,"1.請申請生於規定期限內，完成網路上傳書面審查資料（分項製作成PDF格式檔案並逐一上傳），未依規定期限及方式完成網路上傳書面審查資料，而致第二階段複試項目成績零分者，不予錄取。
2.第二階段複試繳費證明上傳外，郵政匯票正本請另外郵寄至本校招生中心，抬頭請開立「黎明技術學院」。"
415005,415,黎明技術學院,北區,6,化妝品應用系,1,6,1000,1.00,,,,,,學習歷程備審資料審查,面試,面試,70,學習歷程備審資料審查,20,學科能力測驗加權平均成績,10,社會學科能力測驗成績,,自然學科能力測驗成績,,,,,,,,115.4.27,115.5.6,115.5.23,115.5.26,115.5.27,115.5.28,https://doac.lit.edu.tw/,"1.請申請生於規定期限內，完成網路上傳書面審查資料（分項製作成PDF格式檔案並逐一上傳），未依規定期限及
方式完成網路上傳書面審查資料，而致第二階段複試項目成績零分者，不予錄取。
2.第二階段複試繳費證明上傳外，郵政匯票正本請另外郵寄至本校招生中心，抬頭請開立「黎明技術學院」。"
415006,415,黎明技術學院,北區,6,服飾設計系,10,60,1000,1.00,,,,,,學習歷程備審資料審查,面試,面試,70,學習歷程備審資料審查,20,學科能力測驗加權平均成績,10,社會學科能力測驗成績,,自然學科能力測驗成績,,,,,,,,115.4.27,115.5.6,115.5.23,115.5.26,115.5.27,115.5.28,https://dcd.lit.edu.tw/,"1.請申請生於規定期限內，完成網路上傳書面審查資料（分項製作成PDF格式檔案並逐一上傳），未依規定期限及方式完成網路上傳書面審查資料，而致第二階段複試項目成績零分者，不予錄取。
2.第二階段複試繳費證明上傳外，郵政匯票正本請另外郵寄至本校招生中心，抬頭請開立「黎明技術學院」。"
415007,415,黎明技術學院,北區,6,數位行銷管理系,1,6,1000,2.00,,,,,,學習歷程備審資料審查,面試,學習歷程備審資料審查,70,面試,20,學科能力測驗加權平均成績,10,社會學科能力測驗成績,,自然學科能力測驗成績,,,,,,,,115.4.27,115.5.6,115.5.23,115.5.26,115.5.27,115.5.28,https://ddmm.lit.edu.tw/,"1.請申請生於規定期限內，完成網路上傳書面審查資料（分項製作成PDF格式檔案並逐一上傳），未依規定期限及
方式完成網路上傳書面審查資料，而致第二階段複試項目成績零分者，不予錄取。
2.第二階段複試繳費證明上傳外，郵政匯票正本請另外郵寄至本校招生中心，抬頭請開立「黎明技術學院」。"
415008,415,黎明技術學院,北區,6,表演藝術系,23,138,1000,1.00,,,,,,學習歷程備審資料審查,面試,面試,70,學習歷程備審資料審查,20,學科能力測驗加權平均成績,10,社會學科能力測驗成績,,自然學科能力測驗成績,,,,,,,,115.4.27,115.5.6,115.5.23,115.5.26,115.5.27,115.5.28,https://dpa.lit.edu.tw/,"1.請申請生於規定期限內，完成網路上傳書面審查資料（分項製作成PDF格式檔案並逐一上傳），未依規定期限及方式完成網路上傳書面審查資料，而致第二階段複試項目成績零分者，不予錄取。
2.第二階段複試繳費證明上傳外，郵政匯票正本請另外郵寄至本校招生中心，抬頭請開立「黎明技術學院」。"
415009,415,黎明技術學院,北區,6,影視傳播系,3,18,1000,1.00,,,,,,學習歷程備審資料審查,面試,面試,70,學習歷程備審資料審查,20,學科能力測驗加權平均成績,10,社會學科能力測驗成績,,自然學科能力測驗成績,,,,,,,,115.4.27,115.5.6,115.5.23,115.5.26,115.5.27,115.5.28,https://filmtv.lit.edu.tw/,"1.請申請生於規定期限內，完成網路上傳書面審查資料（分項製作成PDF格式檔案並逐一上傳），未依規定期限及方式完成網路上傳書面審查資料，而致第二階段複試項目成績零分者，不予錄取。
2.第二階段複試繳費證明上傳外，郵政匯票正本請另外郵寄至本校招生中心，抬頭請開立「黎明技術學院」。"
415010,415,黎明技術學院,北區,6,戲劇系,10,60,1000,1.00,,,,,,學習歷程備審資料審查,面試,面試,70,學習歷程備審資料審查,20,學科能力測驗加權平均成績,10,社會學科能力測驗成績,,自然學科能力測驗成績,,,,,,,,115.4.27,115.5.6,115.5.23,115.5.26,115.5.27,115.5.28,https://drama.lit.edu.tw/,"1.請申請生於規定期限內，完成網路上傳書面審查資料（分項製作成PDF格式檔案並逐一上傳），未依規定期限及方式完成網路上傳書面審查資料，而致第二階段複試項目成績零分者，不予錄取。
2.第二階段複試繳費證明上傳外，郵政匯票正本請另外郵寄至本校招生中心，抬頭請開立「黎明技術學院」。"
417001,417,德育學校財團法人德育護理健康學院,北區,5,護理系,45,270,800,2.00,1.00,,,,,學習歷程備審資料審查,,學習歷程備審資料審查,80,學科能力測驗加權平均成績,20,英文學科能力測驗成績,,國文學科能力測驗成績,,,,,,,,,,詳見「複試說明」,115.5.6,,115.5.18,115.5.19,115.5.21,https://nur.dyhu.edu.tw/bin/home.php,"1. 護理系辦學符合國家政策和社會脈動需求；期望招收對護理有興趣、喜歡與人互動、情緒穩定具服務特質的學生；從學生的多元表現等資料，了解學生的特質作為選才方針。
2. 審查重點: 能展現護理學習動機、能力及發展護理潛能之相關文件，本系會依學生所提供之各項資料綜合參採。"
417002,417,德育學校財團法人德育護理健康學院,北區,5,幼兒保育系,14,84,800,2.00,1.00,,,,,學習歷程備審資料審查,,學習歷程備審資料審查,80,學科能力測驗加權平均成績,20,國文學科能力測驗成績,,英文學科能力測驗成績,,,,,,,,,,詳見「複試說明」,115.5.6,,115.5.18,115.5.19,115.5.21,https://child.dyhu.edu.tw/bin/home.php,"1. 本系以「培育兼具教保專業知能、倫理實踐、持續專業成長及人文關懷素養之幼兒教保人才」為總培育目標。
2. 審查重點: 能展現學習能力及發展潛能之相關文件，本系會依學生所提供之各項資料綜合參採。"
417003,417,德育學校財團法人德育護理健康學院,北區,5,觀光休閒與健康系,3,60,800,2.00,1.00,,,,,學習歷程備審資料審查,,學習歷程備審資料審查,80,學科能力測驗加權平均成績,20,國文學科能力測驗成績,,英文學科能力測驗成績,,,,,,,,,,詳見「複試說明」,115.5.6,,115.5.18,115.5.19,115.5.21,https://ath.dyhu.edu.tw/bin/home.php,1.審查重點: 能展現學習能力及發展潛能之相關文件，本系會依學生所提供之各項資料綜合參採。
417004,417,德育學校財團法人德育護理健康學院,北區,5,高齡照顧福祉系,14,84,800,2.00,2.00,,,,,學習歷程備審資料審查,,學習歷程備審資料審查,80,學科能力測驗加權平均成績,20,國文學科能力測驗成績,,英文學科能力測驗成績,,,,,,,,,,詳見「複試說明」,115.5.6,,115.5.18,115.5.19,115.5.21,https://elder.dyhu.edu.tw/bin/home.php,"1. 因應高齡少子化的社會人口結構改變，高齡照顧福祉系辦學符合國家政策和社會脈動需求；期望招收對高齡照顧福祉有興趣、喜歡與長者互動、情緒穩定具服務特質的學生；從學生的學習歷程自述等資料，了解學生的特質作為選才方針。
2. 審查重點: 能展現學習能力及發展潛能之相關文件，本系會依學生所提供之各項資料綜合參採。"
417005,417,德育學校財團法人德育護理健康學院,北區,5,餐旅廚藝管理系,8,60,800,1.00,1.00,,,,,學習歷程備審資料審查,,學習歷程備審資料審查,70,學科能力測驗加權平均成績,30,英文學科能力測驗成績,,國文學科能力測驗成績,,數學A學科能力測驗成績,,,,,,,,詳見「複試說明」,115.5.6,,115.5.18,115.5.19,115.5.21,https://hotel.dyhu.edu.tw/,"1.歡迎各類組同學報考。
2.本系著重實務操作課程包括廚藝烹調、餐飲服務操作、房務實務等。
3.畢業前需至業界校外實習（一年）及完成海外參訪必修課程。
4.本系學生學業成績優良者，得申請修讀本校其他系為雙主修。
5.審查重點: 能展現學習能力及發展潛能之相關文件，本系會依學生所提供之各項資料綜合參採。"
