學校代碼,學校,校系代碼,性別要求,校系名稱,主修,招生名額,表格類別,檢定_國文,檢定_英文,檢定_數學A,檢定_數學B,檢定_社會,檢定_自然,檢定_英聽,倍率_國文,倍率_英文,倍率_數學A,倍率_數學B,倍率_社會,倍率_自然,倍率_學測科目組合,術科或APCS篩選,篩選順序1,篩選順序2,篩選順序3,篩選順序4,篩選順序5,篩選順序6,篩選順序7,篩選順序8,篩選順序9,篩選順序10,篩選順序11,同級分超額篩選
001,國立臺灣大學,001012,無,中國文學系,,23,一般,前標,均標,均標,均標,均標,--,--,3,6,--,--,8,--,--,--,社會10,英文10,國文15,--,--,--,--,--,--,--,--,*
001,國立臺灣大學,001022,無,外國語文學系,,43,一般,前標,頂標,均標,均標,前標,--,A級,--,2.5,--,--,--,--,--,--,英文15,--,--,--,--,--,--,--,--,--,--,*
001,國立臺灣大學,001032,無,歷史學系,,23,一般,前標,前標,均標,均標,前標,--,--,6,4,--,--,3,--,--,--,國文13,英文13,社會15,--,--,--,--,--,--,--,--,*
001,國立臺灣大學,001042,無,哲學系,,20,一般,前標,前標,前標,前標,--,--,--,6,3,--,--,--,--,--,--,國文12,英文14,--,--,--,--,--,--,--,--,--,*
001,國立臺灣大學,001052,無,人類學系,,11,一般,--,均標,--,--,均標,--,--,--,5,--,--,--,--,國英數B社×3,--,英文14,國英數B社52,--,--,--,--,--,--,--,--,--,*
001,國立臺灣大學,001062,無,圖書資訊學系,,23,一般,前標,前標,均標,均標,均標,--,--,5,3,--,--,--,--,國英社×6,--,國英社37,國文13,英文14,--,--,--,--,--,--,--,--,*
001,國立臺灣大學,001072,無,日本語文學系,,25,一般,前標,前標,均標,均標,前標,--,--,3,3,--,--,4,--,國英社×5,--,國英社38,社會14,(國文+英文)27,--,--,--,--,--,--,--,--,*
001,國立臺灣大學,001082,男,戲劇學系,,8,一般,前標,前標,--,均標,均標,--,--,5,3,--,10,15,--,國英數B社×8,--,社會10,數學B6,國英數B社43,國文12,英文13,--,--,--,--,--,--,*
001,國立臺灣大學,001082,女,戲劇學系,,9,一般,前標,前標,--,均標,均標,--,--,5,3,--,10,15,--,國英數B社×8,--,社會10,數學B6,國英數B社45,國文13,英文14,--,--,--,--,--,--,--
001,國立臺灣大學,001092,無,數學系,,14,一般,--,前標,頂標,--,--,頂標,--,--,--,3,--,--,10,--,--,自然13,數學A14,--,--,--,--,--,--,--,--,--,*
001,國立臺灣大學,001102,無,物理學系,,27,一般,均標,均標,前標,--,--,前標,--,--,--,3,--,--,6,--,--,自然14,數學A15,--,--,--,--,--,--,--,--,--,*
001,國立臺灣大學,001112,無,化學系,,24,一般,均標,均標,均標,--,--,均標,--,--,3,5.5,--,--,4,--,--,數學A12,自然14,英文14,--,--,--,--,--,--,--,--,*
001,國立臺灣大學,001122,無,地質科學系,,25,一般,均標,均標,均標,--,--,均標,--,--,--,4,--,--,3,國英數A自×6,--,國英數A自46,數學A11,自然13,--,--,--,--,--,--,--,--,*
001,國立臺灣大學,001132,無,心理學系,,22,一般,均標,均標,均標,--,--,均標,--,--,2.5,2.5,--,--,2.5,--,--,(英文+數學A+自然)41,--,--,--,--,--,--,--,--,--,--,*
001,國立臺灣大學,001142,無,地理環境資源學系,,15,一般,--,均標,均標,--,均標,--,--,--,3,5,--,6,--,英數A社×7,--,英數A社37,社會14,數學A10,英文13,--,--,--,--,--,--,--,*
001,國立臺灣大學,001152,無,大氣科學系,,20,一般,均標,均標,均標,--,--,均標,--,--,--,3,--,--,3,國英數A自×6,--,國英數A自46,(數學A+自然)25,--,--,--,--,--,--,--,--,--,*
001,國立臺灣大學,001162,無,政治學系政治理論組,,17,一般,前標,前標,均標,前標,前標,--,--,5,2.5,--,--,5,--,--,--,(國文+社會)28,英文14,--,--,--,--,--,--,--,--,--,*
001,國立臺灣大學,001172,無,政治學系國際關係組,,18,一般,前標,前標,均標,前標,前標,--,--,5,2.5,--,--,5,--,--,--,(國文+社會)28,英文15,--,--,--,--,--,--,--,--,--,*
001,國立臺灣大學,001182,無,政治學系公共行政組,,18,一般,前標,前標,均標,前標,前標,--,--,5,2.5,--,--,5,--,--,--,(國文+社會)28,英文14,--,--,--,--,--,--,--,--,--,*
001,國立臺灣大學,001192,無,經濟學系A組,,20,一般,--,前標,前標,--,--,--,--,--,--,3,--,6,6,--,--,(社會+自然)23,數學A12,--,--,--,--,--,--,--,--,--,*
001,國立臺灣大學,001202,無,經濟學系B組,,12,一般,--,前標,前標,--,--,--,--,--,8,4,--,--,--,--,--,英文13,數學A14,--,--,--,--,--,--,--,--,--,--
001,國立臺灣大學,001212,無,經濟學系C組,,27,一般,--,前標,前標,--,--,--,--,--,--,3,--,7,--,--,--,社會14,數學A12,--,--,--,--,--,--,--,--,--,*
001,國立臺灣大學,001222,無,社會學系,,22,一般,前標,前標,均標,--,前標,--,--,3,3,5,--,3,--,--,--,數學A9,(國文+英文+社會)42,--,--,--,--,--,--,--,--,--,*
001,國立臺灣大學,001232,無,社會工作學系,,16,一般,均標,均標,--,均標,均標,--,--,5,3,--,5,5,--,--,--,(國文+數學B+社會)37,英文13,--,--,--,--,--,--,--,--,--,*
001,國立臺灣大學,001242,無,醫學系,,51,一般,頂標,--,頂標,--,頂標,頂標,--,6,--,3,--,3,3,國數A社自×2,--,國文13,(數學A+社會+自然)43,國數A社自58,--,--,--,--,--,--,--,--,*
001,國立臺灣大學,001252,無,醫學系(公費生),,1,一般,頂標,--,頂標,--,頂標,頂標,--,6,--,3,--,3,3,國數A社自×2,--,國文15,(數學A+社會+自然)42,國數A社自57,--,--,--,--,--,--,--,--,*
001,國立臺灣大學,001262,無,牙醫學系,,11,一般,前標,頂標,頂標,--,--,頂標,--,--,2.5,2.5,--,--,2.5,國英數A自×3,--,國英數A自59,(英文+數學A+自然)44,--,--,--,--,--,--,--,--,--,*
001,國立臺灣大學,001272,無,藥學系,,23,一般,均標,均標,--,--,--,--,--,--,--,3,--,--,3,國英×2.5,--,(數學A+自然)28,國英27,--,--,--,--,--,--,--,--,--,*
001,國立臺灣大學,001282,無,醫學檢驗暨生物技術學系,,20,一般,均標,前標,均標,--,--,前標,--,--,--,--,--,--,3,--,--,自然14,--,--,--,--,--,--,--,--,--,--,*
001,國立臺灣大學,001292,無,護理學系,,25,一般,均標,均標,均標,--,--,均標,--,--,6,--,--,--,3,--,--,英文11,自然13,--,--,--,--,--,--,--,--,--,*
001,國立臺灣大學,001302,無,物理治療學系,,16,一般,均標,均標,均標,--,--,均標,--,--,3,3,--,--,3,--,--,(英文+數學A+自然)41,--,--,--,--,--,--,--,--,--,--,*
001,國立臺灣大學,001312,無,職能治療學系,,21,一般,前標,前標,前標,--,--,前標,--,5,6,3,--,--,3,--,--,英文13,國文14,(數學A+自然)25,--,--,--,--,--,--,--,--,*
001,國立臺灣大學,001322,無,土木工程學系,,57,一般,均標,均標,均標,--,--,均標,--,3,3,3,--,--,3,--,--,(國文+英文+數學A+自然)52,--,--,--,--,--,--,--,--,--,--,*
001,國立臺灣大學,001332,無,機械工程學系,,82,一般,--,均標,前標,--,--,前標,--,--,3,3,--,--,3,--,--,(英文+數學A+自然)41,--,--,--,--,--,--,--,--,--,--,*
001,國立臺灣大學,001342,無,化學工程學系,,63,一般,--,前標,前標,--,--,前標,--,--,6,3,--,--,3,--,--,英文13,(數學A+自然)28,--,--,--,--,--,--,--,--,--,*
001,國立臺灣大學,001352,無,工程科學及海洋工程學系,,28,一般,--,均標,均標,--,--,均標,--,--,--,3,--,--,6,英數A自×10,--,英數A自37,自然13,數學A14,--,--,--,--,--,--,--,--,*
001,國立臺灣大學,001362,無,材料科學與工程學系,,33,一般,--,前標,前標,--,--,前標,--,--,8,5,--,--,3,--,--,英文13,數學A13,自然15,--,--,--,--,--,--,--,--,*
001,國立臺灣大學,001372,無,醫學工程學系,,12,一般,前標,前標,前標,--,--,前標,--,4,4,4,--,--,4,--,--,(國文+英文+數學A+自然)55,--,--,--,--,--,--,--,--,--,--,*
001,國立臺灣大學,001382,無,農藝學系,,15,一般,--,均標,均標,--,--,--,--,--,3,3,--,--,5,國英數A自×10,--,國英數A自47,自然12,(英文+數學A)25,--,--,--,--,--,--,--,--,*
001,國立臺灣大學,001392,無,生物環境系統工程學系,,28,一般,均標,均標,均標,--,--,均標,--,--,--,6,--,--,3,--,--,數學A11,自然13,--,--,--,--,--,--,--,--,--,*
001,國立臺灣大學,001402,無,農業化學系,,28,一般,均標,均標,均標,--,--,均標,--,--,--,5,--,--,3,國英數A自×10,--,國英數A自39,數學A10,自然14,--,--,--,--,--,--,--,--,*
001,國立臺灣大學,001412,無,森林環境暨資源學系,,42,一般,--,均標,均標,--,--,均標,--,--,--,--,--,--,3,--,--,自然13,--,--,--,--,--,--,--,--,--,--,*
001,國立臺灣大學,001422,無,動物科學技術學系,,17,一般,均標,均標,均標,--,--,均標,--,--,--,--,--,--,3,國英數A自×6,--,國英數A自46,自然14,--,--,--,--,--,--,--,--,--,*
001,國立臺灣大學,001432,無,農業經濟學系,,19,一般,前標,前標,前標,--,--,--,--,--,4,3,--,--,--,--,--,英文14,數學A11,--,--,--,--,--,--,--,--,--,*
001,國立臺灣大學,001442,無,園藝暨景觀學系,,24,一般,均標,均標,均標,--,--,均標,--,--,5,--,--,--,2.5,--,--,英文8,自然12,--,--,--,--,--,--,--,--,--,*
001,國立臺灣大學,001452,無,獸醫學系,,29,一般,均標,前標,均標,--,--,前標,--,3,4,3,--,--,2.5,國英數A自×5,--,國英數A自53,英文14,(國文+數學A)26,自然14,--,--,--,--,--,--,--,*
001,國立臺灣大學,001462,無,生物產業傳播暨發展學系,,20,一般,前標,前標,均標,--,前標,--,--,3,3,3,--,3,--,--,--,(國文+英文+數學A+社會)51,--,--,--,--,--,--,--,--,--,--,*
001,國立臺灣大學,001472,無,生物機電工程學系,,20,一般,--,均標,均標,--,--,均標,--,--,6,3,--,--,3,英數A自×10,--,英數A自37,英文13,(數學A+自然)27,--,--,--,--,--,--,--,--,*
001,國立臺灣大學,001482,無,昆蟲學系,,17,一般,均標,均標,均標,--,--,均標,--,--,--,--,--,--,3,英數A自×4.5,--,英數A自35,自然13,--,--,--,--,--,--,--,--,--,*
001,國立臺灣大學,001492,無,植物病理與微生物學系,,17,一般,均標,均標,均標,--,--,均標,--,--,5,--,--,--,3,英數A自×8,--,英數A自26,英文8,自然11,--,--,--,--,--,--,--,--,*
001,國立臺灣大學,001502,無,工商管理學系企業管理組,,28,一般,--,頂標,前標,--,--,--,--,--,--,3,--,--,--,國英數A社×4,--,國英數A社54,數學A12,--,--,--,--,--,--,--,--,--,*
001,國立臺灣大學,001512,無,工商管理學系科技管理組,,24,一般,--,頂標,前標,--,--,--,--,--,--,3,--,--,--,國英數A自×4,--,國英數A自52,數學A12,--,--,--,--,--,--,--,--,--,*
001,國立臺灣大學,001522,無,會計學系,,42,一般,頂標,頂標,頂標,--,--,--,--,--,3,3,--,--,--,國英數A×4,--,國英數A39,(英文+數學A)27,--,--,--,--,--,--,--,--,--,*
001,國立臺灣大學,001532,無,財務金融學系,,50,一般,頂標,頂標,頂標,--,--,--,--,--,2,3,--,--,--,國英數A×4,--,國英數A40,數學A13,英文14,--,--,--,--,--,--,--,--,*
001,國立臺灣大學,001542,無,國際企業學系,,48,一般,--,頂標,前標,--,--,--,--,--,2.5,--,--,--,--,國英數A社×3.5,--,國英數A社53,英文15,--,--,--,--,--,--,--,--,--,*
001,國立臺灣大學,001552,無,資訊管理學系,,35,一般,--,頂標,頂標,--,--,--,--,--,3,3,--,--,--,國英數A自×5,--,國英數A自49,(英文+數學A)27,--,--,--,--,--,--,--,--,--,*
001,國立臺灣大學,001562,無,公共衛生學系,,26,一般,--,前標,前標,--,--,均標,--,--,--,--,--,--,--,英數A自×3,--,英數A自39,--,--,--,--,--,--,--,--,--,--,*
001,國立臺灣大學,001572,無,電機工程學系,,94,一般,--,頂標,頂標,--,--,頂標,--,--,2.5,2.5,--,--,2.5,--,--,(英文+數學A+自然)44,--,--,--,--,--,--,--,--,--,--,*
001,國立臺灣大學,001582,無,資訊工程學系,,57,一般,--,頂標,頂標,--,--,頂標,--,--,10,2.5,--,--,10,--,--,(英文+自然)26,數學A15,--,--,--,--,--,--,--,--,--,*
001,國立臺灣大學,001602,無,法律學系法學組,,18,一般,頂標,頂標,--,前標,頂標,--,--,3,3,--,--,--,--,--,--,(國文+英文)30,--,--,--,--,--,--,--,--,--,--,*
001,國立臺灣大學,001612,無,法律學系司法組,,18,一般,頂標,頂標,--,前標,頂標,--,--,3,3,--,--,--,--,--,--,(國文+英文)30,--,--,--,--,--,--,--,--,--,--,*
001,國立臺灣大學,001622,無,法律學系財經法學組,,18,一般,頂標,頂標,--,前標,頂標,--,--,3,3,--,--,--,--,--,--,(國文+英文)30,--,--,--,--,--,--,--,--,--,--,*
001,國立臺灣大學,001632,無,生命科學系,,32,一般,前標,--,前標,--,--,--,--,--,3,--,--,--,3,國英數A自×5,--,國英數A自49,(英文+自然)27,--,--,--,--,--,--,--,--,--,*
001,國立臺灣大學,001642,無,生化科技學系,,29,一般,均標,均標,均標,--,--,均標,--,--,6,10,--,--,3,--,--,數學A8,英文13,自然14,--,--,--,--,--,--,--,--,*
001,國立臺灣大學,001652,無,國際體育運動事務學士學位學程,,5,一般,均標,均標,--,均標,均標,--,--,8,5,--,--,--,--,--,--,國文13,英文13,--,--,--,--,--,--,--,--,--,*
001,國立臺灣大學,001662,無,希望組甲組(文社法),,14,一般,前標,前標,--,均標,均標,--,--,3.5,3.5,--,--,3.5,--,國英數B社×6,--,國英數B社39,(國文+英文+社會)34,--,--,--,--,--,--,--,--,--,--
001,國立臺灣大學,001672,無,希望組乙組(地理及生傳),,2,一般,--,前標,均標,--,均標,--,--,--,4,4,--,4,--,--,--,(英文+數學A+社會)32,--,--,--,--,--,--,--,--,--,--,--
001,國立臺灣大學,001682,無,希望組丙組(理),,6,一般,均標,均標,前標,--,--,前標,--,--,4,4,--,--,4,國英數A自×6,--,國英數A自42,(英文+數學A+自然)33,--,--,--,--,--,--,--,--,--,--
001,國立臺灣大學,001692,無,希望組丁組(生醫),,8,一般,前標,前標,前標,--,--,前標,--,--,4,4,--,--,4,國英數A自×6,--,國英數A自47,(英文+數學A+自然)35,--,--,--,--,--,--,--,--,--,--
001,國立臺灣大學,001702,無,希望組戊組(工電資),,14,一般,均標,均標,前標,--,--,前標,--,--,3.5,3.5,--,--,3.5,國英數A自×6,--,國英數A自45,(英文+數學A+自然)33,--,--,--,--,--,--,--,--,--,--
001,國立臺灣大學,001712,無,希望組己組(經管),,5,一般,前標,前標,前標,--,均標,--,--,--,3,3,--,--,--,國英數A社×5,--,國英數A社45,(英文+數學A)21,--,--,--,--,--,--,--,--,--,--
001,國立臺灣大學,001722,無,希望組庚組(生農),,9,一般,均標,均標,均標,--,--,均標,--,--,4,4,--,--,4,國英數A自×6,--,國英數A自40,(英文+數學A+自然)28,--,--,--,--,--,--,--,--,--,--
001,國立臺灣大學,001732,無,希望組辛組(醫牙),,2,一般,頂標,--,頂標,--,頂標,頂標,--,6,--,3,--,3,3,國數A社自×2,--,國文13,(數學A+社會+自然)40,國數A社自55,--,--,--,--,--,--,--,--,--
001,國立臺灣大學,001592,無,資訊工程學系(APCS組),,4,APCS,--,前標,前標,--,--,前標,--,--,--,10,--,--,--,--,程式識讀(檢定4級、倍率--)；程式實作(檢定4級、倍率5),數學A11,APCS實作4,--,--,--,--,--,--,--,--,--,*
002,國立臺灣師範大學,002012,無,教育學系,,26,一般,前標,前標,--,均標,均標,--,--,--,--,--,--,--,--,國英數B社×2.5,--,國英數B社46,--,--,--,--,--,--,--,--,--,--,*
002,國立臺灣師範大學,002022,無,教育心理與輔導學系,,16,一般,前標,前標,--,均標,均標,--,--,--,--,--,--,--,--,國英數B社×3,--,國英數B社53,--,--,--,--,--,--,--,--,--,--,--
002,國立臺灣師範大學,002032,無,社會教育學系,,24,一般,前標,前標,--,均標,前標,--,--,3,5,--,5,3,--,--,--,(英文+數學B)17,(國文+社會)25,--,--,--,--,--,--,--,--,--,*
002,國立臺灣師範大學,002042,無,社會教育學系(青年儲蓄帳戶組),,1,一般,前標,前標,--,--,--,--,--,--,--,--,--,--,--,--,--,--,--,--,--,--,--,--,--,--,--,--,--
002,國立臺灣師範大學,002052,無,健康促進與衛生教育學系,,19,一般,均標,均標,--,--,--,--,--,2.5,2.5,--,--,--,--,--,--,(國文+英文)25,--,--,--,--,--,--,--,--,--,--,*
002,國立臺灣師範大學,002062,無,幼兒與家庭科學學系家庭生活與教育組,,14,一般,均標,均標,--,均標,均標,--,--,--,--,--,--,--,--,國英數B社×3,--,國英數B社46,--,--,--,--,--,--,--,--,--,--,*
002,國立臺灣師範大學,002072,無,幼兒與家庭科學學系幼兒發展與教育組,,15,一般,均標,均標,--,--,--,--,--,--,3,--,4,--,--,國英數B社×5,--,國英數B社33,數學B6,英文11,--,--,--,--,--,--,--,--,*
002,國立臺灣師範大學,002082,無,公民教育與活動領導學系,,30,一般,均標,均標,--,均標,前標,--,--,--,--,--,--,3,--,國英數B社×4,--,國英數B社41,社會14,--,--,--,--,--,--,--,--,--,--
002,國立臺灣師範大學,002092,無,公民教育與活動領導學系(公費生A組),,1,一般,均標,均標,--,均標,前標,--,--,--,--,--,--,3,--,國英數B社×4,--,國英數B社44,社會13,--,--,--,--,--,--,--,--,--,--
002,國立臺灣師範大學,002102,無,公民教育與活動領導學系(公費生B組),,1,一般,均標,均標,--,均標,前標,--,--,--,--,--,--,3,--,國英數B社×4,--,國英數B社44,社會14,--,--,--,--,--,--,--,--,--,--
002,國立臺灣師範大學,002112,無,特殊教育學系,,15,一般,均標,均標,--,--,--,--,--,3,4,--,--,--,--,國英×5,--,國英25,英文12,國文13,--,--,--,--,--,--,--,--,*
002,國立臺灣師範大學,002122,無,特殊教育學系(公費生),,1,一般,均標,均標,--,--,--,--,--,8,9,--,--,--,--,國英×10,--,國英25,英文12,國文12,--,--,--,--,--,--,--,--,--
002,國立臺灣師範大學,002132,無,學習科學學士學位學程,,5,一般,均標,均標,均標,--,--,--,--,8,--,4,--,--,--,--,--,國文12,數學A11,--,--,--,--,--,--,--,--,--,*
002,國立臺灣師範大學,002142,無,學習科學學士學位學程(青年儲蓄帳戶組),,1,一般,均標,均標,--,--,--,--,--,--,--,--,--,--,--,--,--,--,--,--,--,--,--,--,--,--,--,--,--
002,國立臺灣師範大學,002152,無,教育學院學士班,,9,一般,均標,前標,均標,均標,均標,--,--,--,4,--,--,--,--,國英×5,--,國英26,英文13,--,--,--,--,--,--,--,--,--,*
002,國立臺灣師範大學,002162,無,教育學院學士班(青年儲蓄帳戶組),,1,一般,均標,均標,--,--,--,--,--,--,--,--,--,--,--,--,--,--,--,--,--,--,--,--,--,--,--,--,--
002,國立臺灣師範大學,002172,無,國文學系,,36,一般,前標,前標,--,--,前標,--,--,3,--,--,--,--,--,國英社×4,--,國英社37,國文14,--,--,--,--,--,--,--,--,--,*
002,國立臺灣師範大學,002182,無,國文學系(公費生),,1,一般,前標,前標,--,--,前標,--,--,3,--,--,--,--,--,國英社×4,--,國英社39,國文14,--,--,--,--,--,--,--,--,--,--
002,國立臺灣師範大學,002192,無,英語學系,,40,一般,--,頂標,--,--,--,--,--,--,3,--,--,--,--,--,--,英文14,--,--,--,--,--,--,--,--,--,--,*
002,國立臺灣師範大學,002202,無,歷史學系,,25,一般,前標,前標,--,--,前標,--,--,5,4,--,--,3,--,國英社×6,--,國英社35,國文12,英文11,社會14,--,--,--,--,--,--,--,*
002,國立臺灣師範大學,002212,無,地理學系,,35,一般,前標,均標,--,均標,均標,--,--,--,4,--,3,5,--,--,--,社會13,英文10,數學B8,--,--,--,--,--,--,--,--,*
002,國立臺灣師範大學,002222,無,地理學系(青年儲蓄帳戶組),,1,一般,均標,均標,--,--,--,--,--,--,--,--,--,--,--,--,--,--,--,--,--,--,--,--,--,--,--,--,--
002,國立臺灣師範大學,002232,無,臺灣語文學系,,8,一般,前標,均標,--,--,前標,--,--,7,5,--,--,4,--,--,--,國文12,英文10,社會13,--,--,--,--,--,--,--,--,*
002,國立臺灣師範大學,002242,無,數學系,,44,一般,--,均標,前標,--,--,均標,--,--,--,3,--,--,--,英數A自×5,--,英數A自32,數學A12,--,--,--,--,--,--,--,--,--,*
002,國立臺灣師範大學,002252,無,物理學系,,18,一般,--,--,--,--,--,均標,--,--,--,3,--,--,5,--,--,自然13,數學A13,--,--,--,--,--,--,--,--,--,--
002,國立臺灣師範大學,002262,無,物理學系國際組,,17,一般,--,均標,--,--,--,均標,--,--,--,3,--,--,5,--,--,自然13,數學A10,--,--,--,--,--,--,--,--,--,*
002,國立臺灣師範大學,002272,無,物理學系(公費生),,1,一般,--,--,--,--,--,均標,--,--,--,10,--,--,12,--,--,自然9,數學A8,--,--,--,--,--,--,--,--,--,--
002,國立臺灣師範大學,002282,無,化學系,,37,一般,--,均標,均標,--,--,均標,--,--,5,4,--,--,3,--,--,英文12,數學A10,自然13,--,--,--,--,--,--,--,--,*
002,國立臺灣師範大學,002292,無,化學系(公費生),,1,一般,--,均標,均標,--,--,均標,--,--,7,6,--,--,5,--,--,英文10,數學A8,自然12,--,--,--,--,--,--,--,--,*
002,國立臺灣師範大學,002302,無,生命科學系,,21,一般,均標,均標,均標,--,--,--,--,--,--,--,--,--,3,國英數A自×10,--,國英數A自35,自然13,--,--,--,--,--,--,--,--,--,*
002,國立臺灣師範大學,002312,無,生命科學系(青年儲蓄帳戶組),,1,一般,均標,均標,--,--,--,均標,--,--,--,--,--,--,--,--,--,--,--,--,--,--,--,--,--,--,--,--,--
002,國立臺灣師範大學,002322,無,地球科學系,,13,一般,--,--,均標,--,--,均標,--,--,--,12,--,--,3.5,--,--,數學A10,自然13,--,--,--,--,--,--,--,--,--,*
002,國立臺灣師範大學,002332,無,資訊工程學系,,23,一般,均標,均標,前標,--,--,前標,--,--,8,3,--,--,--,--,--,英文9,數學A12,--,--,--,--,--,--,--,--,--,*
002,國立臺灣師範大學,002362,無,營養科學學士學位學程,,13,一般,--,均標,--,--,--,均標,--,--,--,--,--,--,3,國英數A自×10,--,國英數A自32,自然13,--,--,--,--,--,--,--,--,--,*
002,國立臺灣師範大學,002372,無,科技應用與人力資源發展學系,,39,一般,--,均標,均標,--,--,均標,--,--,3,4,--,--,5,--,--,自然11,數學A9,英文11,--,--,--,--,--,--,--,--,*
002,國立臺灣師範大學,002382,無,圖文傳播學系,,10,一般,均標,均標,均標,--,--,--,--,7,5,8,--,--,--,--,--,數學A9,國文12,英文12,--,--,--,--,--,--,--,--,*
002,國立臺灣師範大學,002392,無,機電工程學系,,14,一般,均標,均標,前標,--,--,均標,--,--,10,5,--,--,8,國英數A自×3.5,--,英文8,自然9,數學A10,國英數A自48,--,--,--,--,--,--,--,*
002,國立臺灣師範大學,002402,無,電機工程學系,,29,一般,均標,前標,前標,--,--,前標,--,--,5,3,--,--,5,--,--,(英文+自然)25,數學A12,--,--,--,--,--,--,--,--,--,*
002,國立臺灣師範大學,002412,無,光電工程學士學位學程,,15,一般,均標,前標,前標,--,--,前標,--,--,8,8,--,--,2.5,--,--,(英文+數學A)22,自然13,--,--,--,--,--,--,--,--,--,*
002,國立臺灣師範大學,002422,無,光電工程學士學位學程(青年儲蓄帳戶組),,1,一般,--,均標,--,--,--,均標,--,--,--,--,--,--,--,--,--,--,--,--,--,--,--,--,--,--,--,--,--
002,國立臺灣師範大學,002432,無,華語文教學系應用華語文學組,,18,一般,均標,均標,--,--,--,--,--,5,3,--,--,--,--,--,--,國文12,英文12,--,--,--,--,--,--,--,--,--,*
002,國立臺灣師範大學,002442,無,東亞學系,,20,一般,均標,前標,--,均標,均標,--,--,4,5,--,3,--,--,--,--,英文11,國文12,數學B7,--,--,--,--,--,--,--,--,*
002,國立臺灣師範大學,002452,無,企業管理學系,,17,一般,均標,均標,均標,前標,--,--,--,5,3,--,--,--,--,--,--,國文12,英文13,--,--,--,--,--,--,--,--,--,*
002,國立臺灣師範大學,002462,無,設計學系產品設計組,,10,一般,均標,均標,--,均標,--,--,--,--,--,--,--,--,--,國英數B×5,--,國英數B35,--,--,--,--,--,--,--,--,--,--,*
002,國立臺灣師範大學,002472,無,晨光招生(學習科學學士學位學程),,3,一般,後標,均標,均標,--,--,--,--,8,--,5,--,--,--,--,--,國文9,數學A8,--,--,--,--,--,--,--,--,--,--
002,國立臺灣師範大學,002482,無,晨光招生(生命科學系),,3,一般,均標,均標,後標,後標,--,--,--,--,--,--,--,--,7,--,--,自然11,--,--,--,--,--,--,--,--,--,--,--
002,國立臺灣師範大學,002492,無,晨光招生(光電工程學士學位學程),,2,一般,後標,後標,均標,--,--,均標,--,--,--,20,--,--,10,--,--,數學A8,自然12,--,--,--,--,--,--,--,--,--,*
002,國立臺灣師範大學,002502,無,晨光招生(企業管理學系),,2,一般,均標,均標,均標,前標,--,--,--,15,10,--,--,--,--,--,--,國文11,英文8,--,--,--,--,--,--,--,--,--,--
002,國立臺灣師範大學,002512,無,晨光招生(表演藝術學系),,2,一般,均標,底標,--,--,--,--,--,10,--,--,--,--,--,--,--,國文10,--,--,--,--,--,--,--,--,--,--,*
002,國立臺灣師範大學,002522,無,體育與運動科學系(青年儲蓄帳戶組),,1,一般,均標,後標,--,--,--,--,--,--,--,--,--,--,--,--,--,--,--,--,--,--,--,--,--,--,--,--,--
002,國立臺灣師範大學,002342,無,資訊工程學系(APCS組),,5,APCS,均標,均標,前標,--,--,--,--,--,10,9,--,--,--,--,程式識讀(檢定4級、倍率5)；程式實作(檢定3級、倍率5),英文8,數學A10,(APCS識讀+APCS實作)7,--,--,--,--,--,--,--,--,*
002,國立臺灣師範大學,002352,無,資訊工程學系(資安組),,3,APCS,均標,均標,前標,--,--,--,--,--,10,3,--,--,--,--,程式識讀(檢定3級、倍率5)；程式實作(檢定3級、倍率5),英文8,(APCS識讀+APCS實作)6,數學A10,--,--,--,--,--,--,--,--,--
002,國立臺灣師範大學,002532,無,音樂學系,鋼琴,19,音樂,後標,後標,--,--,--,--,--,--,--,--,--,--,--,--,主修(檢定均標、倍率--)；副修(檢定--、倍率--)；樂理(檢定--、倍率--)；視唱(檢定--、倍率--)；聽寫(檢定--、倍率--),主修84.36,--,--,--,--,--,--,--,--,--,--,--
002,國立臺灣師範大學,002532,無,音樂學系,聲樂,8,音樂,後標,後標,--,--,--,--,--,--,--,--,--,--,--,--,主修(檢定均標、倍率--)；副修(檢定--、倍率--)；樂理(檢定--、倍率--)；視唱(檢定--、倍率--)；聽寫(檢定--、倍率--),主修88.14,--,--,--,--,--,--,--,--,--,--,--
002,國立臺灣師範大學,002532,無,音樂學系,小提琴,8,音樂,後標,後標,--,--,--,--,--,--,--,--,--,--,--,--,主修(檢定均標、倍率--)；副修(檢定--、倍率--)；樂理(檢定--、倍率--)；視唱(檢定--、倍率--)；聽寫(檢定--、倍率--),主修85.36,--,--,--,--,--,--,--,--,--,--,--
002,國立臺灣師範大學,002532,無,音樂學系,中提琴,3,音樂,後標,後標,--,--,--,--,--,--,--,--,--,--,--,--,主修(檢定均標、倍率--)；副修(檢定--、倍率--)；樂理(檢定--、倍率--)；視唱(檢定--、倍率--)；聽寫(檢定--、倍率--),主修86.07,--,--,--,--,--,--,--,--,--,--,--
002,國立臺灣師範大學,002532,無,音樂學系,大提琴,4,音樂,後標,後標,--,--,--,--,--,--,--,--,--,--,--,--,主修(檢定均標、倍率--)；副修(檢定--、倍率--)；樂理(檢定--、倍率--)；視唱(檢定--、倍率--)；聽寫(檢定--、倍率--),主修87.14,--,--,--,--,--,--,--,--,--,--,--
002,國立臺灣師範大學,002532,無,音樂學系,低音提琴,2,音樂,後標,後標,--,--,--,--,--,--,--,--,--,--,--,--,主修(檢定均標、倍率--)；副修(檢定--、倍率--)；樂理(檢定--、倍率--)；視唱(檢定--、倍率--)；聽寫(檢定--、倍率--),主修86.07,--,--,--,--,--,--,--,--,--,--,--
002,國立臺灣師範大學,002532,無,音樂學系,鋼琴,1,音樂,後標,後標,--,--,--,--,--,--,--,--,--,--,--,--,主修(檢定均標、倍率--)；副修(檢定--、倍率--)；樂理(檢定--、倍率--)；視唱(檢定--、倍率--)；聽寫(檢定--、倍率--),主修90.8,--,--,--,--,--,--,--,--,--,--,--
002,國立臺灣師範大學,002532,無,音樂學系,長號,1,音樂,後標,後標,--,--,--,--,--,--,--,--,--,--,--,--,主修(檢定均標、倍率--)；副修(檢定--、倍率--)；樂理(檢定--、倍率--)；視唱(檢定--、倍率--)；聽寫(檢定--、倍率--),主修86,--,--,--,--,--,--,--,--,--,--,--
002,國立臺灣師範大學,002532,無,音樂學系,小號,1,音樂,後標,後標,--,--,--,--,--,--,--,--,--,--,--,--,主修(檢定均標、倍率--)；副修(檢定--、倍率--)；樂理(檢定--、倍率--)；視唱(檢定--、倍率--)；聽寫(檢定--、倍率--),主修85.78,--,--,--,--,--,--,--,--,--,--,--
002,國立臺灣師範大學,002532,無,音樂學系,法國號,1,音樂,後標,後標,--,--,--,--,--,--,--,--,--,--,--,--,主修(檢定均標、倍率--)；副修(檢定--、倍率--)；樂理(檢定--、倍率--)；視唱(檢定--、倍率--)；聽寫(檢定--、倍率--),主修87.33,--,--,--,--,--,--,--,--,--,--,--
002,國立臺灣師範大學,002532,無,音樂學系,長笛,2,音樂,後標,後標,--,--,--,--,--,--,--,--,--,--,--,--,主修(檢定均標、倍率--)；副修(檢定--、倍率--)；樂理(檢定--、倍率--)；視唱(檢定--、倍率--)；聽寫(檢定--、倍率--),主修87.33,--,--,--,--,--,--,--,--,--,--,--
002,國立臺灣師範大學,002532,無,音樂學系,單簧管(豎笛),1,音樂,後標,後標,--,--,--,--,--,--,--,--,--,--,--,--,主修(檢定均標、倍率--)；副修(檢定--、倍率--)；樂理(檢定--、倍率--)；視唱(檢定--、倍率--)；聽寫(檢定--、倍率--),主修87.33,--,--,--,--,--,--,--,--,--,--,--
002,國立臺灣師範大學,002532,無,音樂學系,雙簧管,1,音樂,後標,後標,--,--,--,--,--,--,--,--,--,--,--,--,主修(檢定均標、倍率--)；副修(檢定--、倍率--)；樂理(檢定--、倍率--)；視唱(檢定--、倍率--)；聽寫(檢定--、倍率--),主修85.33,--,--,--,--,--,--,--,--,--,--,--
002,國立臺灣師範大學,002532,無,音樂學系,低音管,1,音樂,後標,後標,--,--,--,--,--,--,--,--,--,--,--,--,主修(檢定均標、倍率--)；副修(檢定--、倍率--)；樂理(檢定--、倍率--)；視唱(檢定--、倍率--)；聽寫(檢定--、倍率--),主修85.89,--,--,--,--,--,--,--,--,--,--,--
002,國立臺灣師範大學,002532,無,音樂學系,聲樂,2,音樂,後標,後標,--,--,--,--,--,--,--,--,--,--,--,--,主修(檢定均標、倍率--)；副修(檢定--、倍率--)；樂理(檢定--、倍率--)；視唱(檢定--、倍率--)；聽寫(檢定--、倍率--),主修87.6,--,--,--,--,--,--,--,--,--,--,--
002,國立臺灣師範大學,002532,無,音樂學系,理論作曲,6,音樂,後標,後標,--,--,--,--,--,--,--,--,--,--,--,--,主修(檢定均標、倍率--)；副修(檢定--、倍率--)；樂理(檢定--、倍率--)；視唱(檢定--、倍率--)；聽寫(檢定--、倍率--),主修84.12,--,--,--,--,--,--,--,--,--,--,--
002,國立臺灣師範大學,002532,無,音樂學系,琵琶,1,音樂,後標,後標,--,--,--,--,--,--,--,--,--,--,--,--,主修(檢定均標、倍率--)；副修(檢定--、倍率--)；樂理(檢定--、倍率--)；視唱(檢定--、倍率--)；聽寫(檢定--、倍率--),主修87.2,--,--,--,--,--,--,--,--,--,--,--
002,國立臺灣師範大學,002532,無,音樂學系,箏,1,音樂,後標,後標,--,--,--,--,--,--,--,--,--,--,--,--,主修(檢定均標、倍率--)；副修(檢定--、倍率--)；樂理(檢定--、倍率--)；視唱(檢定--、倍率--)；聽寫(檢定--、倍率--),主修91.2,--,--,--,--,--,--,--,--,--,--,--
002,國立臺灣師範大學,002542,無,表演藝術學系,,6,術科(美術/體育/音樂),均標,均標,--,--,--,--,--,6,6,--,--,--,--,--,--,(國文+英文)23,--,--,--,--,--,--,--,--,--,--,*
002,國立臺灣師範大學,002552,無,設計學系視覺設計組,,10,術科(美術/體育/音樂),--,--,--,--,--,--,--,--,--,--,--,--,--,國英社×7,素描(檢定--、倍率5)；彩繪技法(檢定--、倍率5)；創意表現(檢定--、倍率5),國英社34,(素描+彩繪技法+創意表現)201,--,--,--,--,--,--,--,--,--,*
002,國立臺灣師範大學,002562,無,美術學系繪畫組,,13,術科(美術/體育/音樂),--,後標,--,--,--,--,--,--,--,--,--,--,--,國英社×6,素描(檢定--、倍率4)；彩繪技法(檢定--、倍率5)；水墨書畫(檢定--、倍率--),國英社30,彩繪技法75,素描81,--,--,--,--,--,--,--,--,*
002,國立臺灣師範大學,002572,無,美術學系水墨畫組,,13,術科(美術/體育/音樂),--,後標,--,--,--,--,--,--,--,--,--,--,--,國英社×6,素描(檢定--、倍率5)；彩繪技法(檢定--、倍率5.5)；水墨書畫(檢定--、倍率4),國英社21,彩繪技法57,素描45,水墨書書77.7,--,--,--,--,--,--,--,--
002,國立臺灣師範大學,002582,無,體育與運動科學系,,24,術科(美術/體育/音樂),均標,後標,--,--,後標,後標,--,--,--,--,--,--,--,國英社自×3,體育(百分等級)(檢定前標、倍率20),體育百分等級75.22,國英社自31,--,--,--,--,--,--,--,--,--,--
003,國立中興大學,003012,無,中國文學系,,26,一般,均標,均標,--,--,--,--,--,3,6,--,--,--,--,--,--,英文10,國文13,--,--,--,--,--,--,--,--,--,*
003,國立中興大學,003022,無,外國語文學系,,20,一般,均標,前標,--,--,均標,--,--,8,3,--,--,--,--,--,--,國文11,英文14,--,--,--,--,--,--,--,--,--,*
003,國立中興大學,003032,無,歷史學系,,23,一般,均標,均標,--,--,前標,--,--,6,6,--,--,3,--,--,--,(國文+英文)19,社會14,--,--,--,--,--,--,--,--,--,*
003,國立中興大學,003042,無,台灣人文創新學士學位學程,,7,一般,均標,均標,--,--,均標,--,--,7,10,--,--,12,--,--,--,社會13,英文9,國文13,--,--,--,--,--,--,--,--,*
003,國立中興大學,003052,無,財務金融學系,,26,一般,均標,前標,均標,--,--,--,--,--,3,8,--,--,--,國英數A社×10,--,國英數A社44,數學A9,英文14,--,--,--,--,--,--,--,--,*
003,國立中興大學,003062,無,企業管理學系,,21,一般,--,前標,均標,前標,--,--,--,3,8,--,--,3,--,--,--,英文11,(國文+社會)26,--,--,--,--,--,--,--,--,--,*
003,國立中興大學,003072,無,資訊管理學系,,14,一般,均標,前標,前標,--,--,均標,--,10,10,3.5,--,--,10,--,--,(國文+英文+自然)32,數學A12,--,--,--,--,--,--,--,--,--,*
003,國立中興大學,003092,無,會計學系,,19,一般,均標,均標,均標,--,均標,--,--,--,3,--,--,5,--,國英數A社×10,--,國英數A社43,社會13,英文12,--,--,--,--,--,--,--,--,*
003,國立中興大學,003102,無,行銷學系,,22,一般,前標,前標,均標,前標,--,--,B級,3,5,--,--,--,--,--,--,英文12,國文13,--,--,--,--,--,--,--,--,--,*
003,國立中興大學,003112,無,應用經濟學系,,18,一般,均標,均標,均標,--,--,--,--,--,3,7,--,--,--,國英數A×10,--,國英數A34,數學A10,英文13,--,--,--,--,--,--,--,--,*
003,國立中興大學,003122,無,法律學系,,16,一般,均標,均標,--,均標,前標,--,--,6,8,--,--,3,--,--,--,英文12,國文13,社會14,--,--,--,--,--,--,--,--,*
003,國立中興大學,003132,無,化學系,,21,一般,--,均標,均標,--,--,均標,--,--,10,5,--,--,3,--,--,英文10,數學A11,自然13,--,--,--,--,--,--,--,--,*
003,國立中興大學,003142,無,物理學系一般物理組,,16,一般,--,均標,均標,--,--,均標,--,--,3,6,--,--,--,--,--,數學A11,英文13,--,--,--,--,--,--,--,--,--,*
003,國立中興大學,003152,無,物理學系光電物理組,,12,一般,--,均標,均標,--,--,均標,--,--,4,6,--,--,--,--,--,數學A11,英文13,--,--,--,--,--,--,--,--,--,*
003,國立中興大學,003162,無,應用數學系應用數學組,,19,一般,--,--,均標,--,--,--,--,--,3,6,--,--,5,--,--,數學A11,自然10,英文11,--,--,--,--,--,--,--,--,*
003,國立中興大學,003172,無,應用數學系數據科學與計算組,,20,一般,--,--,均標,--,--,--,--,--,3,6,--,--,5,--,--,數學A11,自然11,英文12,--,--,--,--,--,--,--,--,*
003,國立中興大學,003182,無,應用數學系數據科學與計算組(資安組),,3,一般,--,--,均標,--,--,--,--,--,3,6,--,--,--,英數A自×4,--,數學A12,英數A自34,英文10,--,--,--,--,--,--,--,--,*
003,國立中興大學,003192,無,機械工程學系,,45,一般,--,均標,均標,--,--,均標,--,--,6.5,3,--,--,3,--,--,英文12,(數學A+自然)24,--,--,--,--,--,--,--,--,--,*
003,國立中興大學,003202,無,土木工程學系,,45,一般,--,均標,均標,--,--,均標,--,--,--,6,--,--,6,英數A自×3,--,(數學A+自然)22,英數A自35,--,--,--,--,--,--,--,--,--,*
003,國立中興大學,003212,無,環境工程學系,,14,一般,--,均標,均標,--,--,均標,--,--,9,3,--,--,3,--,--,英文10,(數學A+自然)24,--,--,--,--,--,--,--,--,--,*
003,國立中興大學,003222,無,化學工程學系,,9,一般,--,均標,均標,--,--,均標,--,--,9,5.5,--,--,5.5,--,--,英文13,(數學A+自然)25,--,--,--,--,--,--,--,--,--,*
003,國立中興大學,003232,無,材料科學與工程學系,,10,一般,--,均標,均標,--,--,均標,--,--,7,5,--,--,5,--,--,英文14,(數學A+自然)25,--,--,--,--,--,--,--,--,--,--
003,國立中興大學,003242,無,智慧創意工程學士學位學程,,8,一般,--,均標,均標,--,--,均標,--,--,6,6,--,--,8,--,--,自然12,(英文+數學A)23,--,--,--,--,--,--,--,--,--,*
003,國立中興大學,003252,無,電機工程學系,,25,一般,--,--,均標,--,--,均標,--,--,3,3,--,--,3,--,--,(英文+數學A+自然)41,--,--,--,--,--,--,--,--,--,--,*
003,國立中興大學,003262,無,資訊工程學系,,10,一般,均標,均標,均標,--,--,--,--,--,8,5,--,--,8,英數A自×10,--,英數A自35,(英文+自然)24,數學A13,--,--,--,--,--,--,--,--,*
003,國立中興大學,003292,無,電機資訊學院學士班,,16,一般,--,均標,均標,--,--,均標,--,--,8,3,--,--,3,--,--,英文12,(數學A+自然)26,--,--,--,--,--,--,--,--,--,*
003,國立中興大學,003302,無,生物產業機電工程學系,,21,一般,--,均標,均標,--,--,均標,B級,--,10,3,--,--,10,--,--,(英文+自然)21,數學A12,--,--,--,--,--,--,--,--,--,*
003,國立中興大學,003312,無,水土保持學系,,29,一般,--,均標,均標,--,--,均標,--,--,6,3,--,--,5,--,--,英文8,自然9,數學A10,--,--,--,--,--,--,--,--,--
003,國立中興大學,003322,無,食品暨應用生物科技學系,,23,一般,均標,均標,均標,均標,--,均標,--,10,3,--,--,--,3,--,--,國文10,(英文+自然)24,--,--,--,--,--,--,--,--,--,*
003,國立中興大學,003332,無,農藝學系,,21,一般,均標,均標,均標,均標,--,均標,--,6,--,--,--,--,3,國英自×8,--,國英自27,國文10,自然11,--,--,--,--,--,--,--,--,*
003,國立中興大學,003342,無,園藝學系,,16,一般,均標,均標,--,均標,--,均標,--,--,6,--,--,--,3,--,--,英文8,自然11,--,--,--,--,--,--,--,--,--,*
003,國立中興大學,003352,無,森林學系林學組,,14,一般,均標,均標,--,均標,--,均標,--,--,--,--,--,--,3.5,--,--,自然12,--,--,--,--,--,--,--,--,--,--,*
003,國立中興大學,003362,無,森林學系木材科學組,,14,一般,均標,均標,--,均標,--,均標,--,--,--,--,--,--,3.5,--,--,自然12,--,--,--,--,--,--,--,--,--,--,*
003,國立中興大學,003372,無,植物病理學系,,21,一般,均標,均標,--,--,--,均標,--,5,3,--,--,--,3,--,--,國文12,(英文+自然)23,--,--,--,--,--,--,--,--,--,*
003,國立中興大學,003382,無,昆蟲學系,,24,一般,均標,均標,均標,均標,--,前標,--,5,4,--,--,--,3,--,--,國文10,英文8,自然12,--,--,--,--,--,--,--,--,--
003,國立中興大學,003392,無,動物科學系,,17,一般,均標,均標,均標,--,--,均標,B級,6,6,6,--,--,3,--,--,(國文+英文+數學A)34,自然12,--,--,--,--,--,--,--,--,--,*
003,國立中興大學,003402,無,土壤環境科學系,,24,一般,--,均標,均標,均標,--,均標,--,--,5,--,--,--,3,--,--,英文8,自然11,--,--,--,--,--,--,--,--,--,*
003,國立中興大學,003412,無,生物科技學士學位學程,,15,一般,均標,均標,均標,均標,--,前標,--,--,10,--,--,--,7,國英自×3,--,英文9,自然12,國英自38,--,--,--,--,--,--,--,--,*
003,國立中興大學,003422,無,景觀與遊憩學士學位學程,,9,一般,均標,均標,均標,均標,--,--,--,10,7,--,--,--,--,國英×5.5,--,國文12,英文11,國英24,--,--,--,--,--,--,--,--,*
003,國立中興大學,003432,無,國際農企業學士學位學程,,5,一般,--,前標,均標,均標,--,均標,--,--,15,--,--,--,10,--,--,英文11,自然9,--,--,--,--,--,--,--,--,--,*
003,國立中興大學,003442,無,生命科學系,,46,一般,--,均標,--,--,--,前標,--,--,8,--,--,--,3,--,--,英文8,自然13,--,--,--,--,--,--,--,--,--,*
003,國立中興大學,003452,無,獸醫學系,,36,一般,均標,前標,均標,--,--,均標,B級,--,10,--,--,--,--,英數A自×3,--,英文12,英數A自40,--,--,--,--,--,--,--,--,--,*
003,國立中興大學,003462,無,興翼招生A組(商學管理),,9,一般,均標,均標,均標,均標,--,--,--,5.5,5.5,--,--,--,--,--,--,(國文+英文)20,--,--,--,--,--,--,--,--,--,--,*
003,國立中興大學,003472,無,興翼招生B組(文史法律),,6,一般,均標,均標,--,--,均標,--,--,8,8,--,--,8,--,--,--,(國文+英文+社會)32,--,--,--,--,--,--,--,--,--,--,--
003,國立中興大學,003482,無,興翼招生C組(化學數學),,4,一般,--,均標,均標,--,--,均標,--,--,10,10,--,--,10,--,--,(英文+數學A+自然)26,--,--,--,--,--,--,--,--,--,--,--
003,國立中興大學,003492,無,興翼招生D組(化材電資暨工程),,19,一般,--,均標,均標,--,--,均標,--,--,3,3,--,--,3,--,--,(英文+數學A+自然)29,--,--,--,--,--,--,--,--,--,--,*
003,國立中興大學,003502,無,興翼招生E組(生物資源暨農業科技),,10,一般,--,均標,均標,均標,--,均標,--,--,5,--,--,--,5,--,--,(英文+自然)19,--,--,--,--,--,--,--,--,--,--,--
003,國立中興大學,003512,無,興翼招生F組(生物科技暨獸醫),,9,一般,--,均標,均標,--,--,均標,--,--,5.5,5.5,--,--,5.5,--,--,(英文+數學A+自然)25,--,--,--,--,--,--,--,--,--,--,--
003,國立中興大學,003082,無,資訊管理學系(APCS組),,3,APCS,均標,前標,前標,--,--,均標,--,--,12,4,--,--,12,--,程式識讀(檢定3級、倍率10)；程式實作(檢定3級、倍率10),(英文+自然)22,(APCS識讀+APCS實作)6,數學A10,--,--,--,--,--,--,--,--,--
003,國立中興大學,003272,無,資訊工程學系(APCS組),,3,APCS,均標,均標,均標,--,--,--,--,--,5,8,--,--,5,英數A自×4.5,程式識讀(檢定4級、倍率4)；程式實作(檢定3級、倍率4),數學A11,(英文+自然)25,英數A自37,(APCS識讀+APCS實作)7,--,--,--,--,--,--,--,*
003,國立中興大學,003282,無,資訊工程學系(資安組),,3,APCS,均標,均標,均標,--,--,--,--,--,10,5,--,--,10,英數A自×8,程式識讀(檢定2級、倍率--)；程式實作(檢定3級、倍率--),(英文+自然)22,英數A自33,數學A11,--,--,--,--,--,--,--,--,--
004,國立成功大學,004012,無,中國文學系,,8,一般,頂標,均標,--,--,前標,--,--,6,10,--,--,10,--,--,--,(英文+社會)24,國文14,--,--,--,--,--,--,--,--,--,*
004,國立成功大學,004022,無,外國語文學系,,13,一般,前標,頂標,--,--,均標,--,A級,5,3.5,--,--,6,--,國英社×8,--,國英社36,社會12,國文13,英文14,--,--,--,--,--,--,--,*
004,國立成功大學,004032,無,歷史學系,,14,一般,前標,前標,--,--,前標,--,--,6,5,--,--,3.5,--,--,--,國文12,英文11,社會13,--,--,--,--,--,--,--,--,*
004,國立成功大學,004042,無,台灣文學系,,17,一般,前標,前標,--,均標,前標,--,--,2.5,8,--,--,10,--,--,--,社會12,英文11,國文13,--,--,--,--,--,--,--,--,*
004,國立成功大學,004052,無,數學系,,28,一般,--,均標,前標,--,--,均標,--,--,7,3,--,--,7,英數A自×5,--,(英文+自然)21,英數A自35,數學A13,--,--,--,--,--,--,--,--,*
004,國立成功大學,004062,無,物理學系,,22,一般,均標,均標,均標,--,--,均標,--,--,6,3,--,--,3,--,--,英文13,(數學A+自然)26,--,--,--,--,--,--,--,--,--,*
004,國立成功大學,004072,無,化學系,,28,一般,--,前標,前標,--,--,前標,--,--,--,--,--,--,3,--,--,自然14,--,--,--,--,--,--,--,--,--,--,*
004,國立成功大學,004082,無,地球科學系,,26,一般,--,均標,均標,--,--,均標,--,--,--,3,--,--,5,--,--,自然12,數學A12,--,--,--,--,--,--,--,--,--,*
004,國立成功大學,004092,無,光電科學與工程學系,,14,一般,均標,均標,前標,--,--,前標,--,--,--,3.5,--,--,3.5,國英數A自×15,--,國英數A自42,(數學A+自然)28,--,--,--,--,--,--,--,--,--,*
004,國立成功大學,004102,無,機械工程學系,,69,一般,均標,均標,前標,--,--,前標,--,--,5,5,--,--,5,國英數A自×3,--,(英文+數學A+自然)38,國英數A自51,--,--,--,--,--,--,--,--,--,*
004,國立成功大學,004112,無,機械工程學系(普渡雙聯組),,5,一般,均標,頂標,前標,--,--,前標,A級,--,5,5,--,--,5,國英數A自×3,--,(英文+數學A+自然)40,國英數A自53,--,--,--,--,--,--,--,--,--,*
004,國立成功大學,004122,無,化學工程學系,,51,一般,--,前標,前標,--,--,前標,--,--,3,3,--,--,3,--,--,(英文+數學A+自然)40,--,--,--,--,--,--,--,--,--,--,*
004,國立成功大學,004132,無,材料科學及工程學系,,35,一般,--,前標,前標,--,--,前標,--,--,--,--,--,--,--,國英數A自×3,--,國英數A自54,--,--,--,--,--,--,--,--,--,--,*
004,國立成功大學,004142,無,資源工程學系,,24,一般,均標,均標,均標,--,--,均標,--,10,8,4,--,--,6,國英數A自×3,--,國文12,英文12,自然12,數學A11,國英數A自49,--,--,--,--,--,--,*
004,國立成功大學,004152,無,土木工程學系,,43,一般,均標,均標,均標,--,--,均標,--,6,6,5,--,--,5,國英數A自×3,--,(國文+英文)24,(數學A+自然)23,國英數A自50,--,--,--,--,--,--,--,--,*
004,國立成功大學,004162,無,土木工程學系(普渡雙聯組),,2,一般,均標,前標,均標,--,--,均標,--,6,6,5,--,--,5,國英數A自×4.5,--,(國文+英文)27,(數學A+自然)22,國英數A自49,--,--,--,--,--,--,--,--,*
004,國立成功大學,004172,無,水利及海洋工程學系,,24,一般,均標,均標,前標,--,--,前標,--,6,8,3,--,--,4,--,--,英文10,國文11,自然12,數學A12,--,--,--,--,--,--,--,*
004,國立成功大學,004182,無,水利及海洋工程學系(普渡雙聯組),,2,一般,均標,前標,前標,--,--,前標,--,--,8,8,--,--,8,--,--,(英文+數學A+自然)34,--,--,--,--,--,--,--,--,--,--,--
004,國立成功大學,004192,無,工程科學系,,27,一般,--,前標,前標,--,--,前標,--,--,--,6,--,--,3,國英數A自×12,--,國英數A自43,數學A12,自然14,--,--,--,--,--,--,--,--,*
004,國立成功大學,004202,無,系統及船舶機電工程學系,,29,一般,均標,前標,前標,--,--,前標,--,--,--,5,--,--,4,國英自×3,--,數學A11,自然13,國英自38,--,--,--,--,--,--,--,--,*
004,國立成功大學,004212,無,航空太空工程學系,,24,一般,--,均標,前標,--,--,前標,--,--,10,5,--,--,5,國英數A自×3,--,英文8,(數學A+自然)25,國英數A自52,--,--,--,--,--,--,--,--,*
004,國立成功大學,004222,無,能源工程國際學士學位學程,,14,一般,--,前標,前標,--,--,前標,--,--,10,5,--,--,5,國英數A自×3,--,英文11,(數學A+自然)24,國英數A自50,--,--,--,--,--,--,--,--,*
004,國立成功大學,004232,無,環境工程學系,,23,一般,均標,前標,前標,--,--,前標,--,--,3,3,--,--,3,國英數A自×6,--,國英數A自49,(英文+數學A+自然)37,--,--,--,--,--,--,--,--,--,*
004,國立成功大學,004242,無,環境工程學系(普渡雙聯組),,2,一般,均標,頂標,前標,--,--,前標,--,--,5,5,--,--,5,國英數A自×4.5,--,(英文+數學A+自然)37,國英數A自49,--,--,--,--,--,--,--,--,--,--
004,國立成功大學,004252,無,測量及空間資訊學系,,26,一般,均標,均標,均標,--,--,均標,--,--,--,--,--,--,--,國英數A自×3,--,國英數A自49,--,--,--,--,--,--,--,--,--,--,*
004,國立成功大學,004262,無,測量及空間資訊學系(普渡雙聯組),,2,一般,均標,前標,均標,--,--,均標,--,--,8,8,--,--,8,國英數A自×5,--,(英文+數學A+自然)35,國英數A自48,--,--,--,--,--,--,--,--,--,*
004,國立成功大學,004272,無,生物醫學工程學系,,14,一般,--,前標,前標,--,--,前標,--,--,--,--,--,--,--,英數A自×3.5,--,英數A自39,--,--,--,--,--,--,--,--,--,--,*
004,國立成功大學,004282,無,工業與資訊管理學系,,33,一般,前標,前標,前標,--,--,--,--,--,8,5,--,--,--,國英數A×3,--,英文11,數學A10,國英數A38,--,--,--,--,--,--,--,--,*
004,國立成功大學,004292,無,交通管理科學系,,24,一般,均標,前標,前標,--,--,均標,--,5,2.5,3,--,--,5,--,--,(國文+自然)22,數學A11,英文13,--,--,--,--,--,--,--,--,*
004,國立成功大學,004302,無,統計與資料科學學系,,18,一般,均標,前標,前標,--,--,--,--,--,5,3,--,--,--,--,--,英文12,數學A13,--,--,--,--,--,--,--,--,--,*
004,國立成功大學,004312,無,會計學系,,19,一般,均標,前標,均標,--,均標,--,--,--,3,5,--,--,--,國英數A社×10,--,國英數A社46,數學A10,英文13,--,--,--,--,--,--,--,--,*
004,國立成功大學,004322,無,企業管理學系,,15,一般,均標,前標,--,均標,--,--,--,--,3,--,3,--,--,--,--,(英文+數學B)27,--,--,--,--,--,--,--,--,--,--,*
004,國立成功大學,004332,無,醫學系,,39,一般,頂標,頂標,頂標,--,--,頂標,--,6,5,3.5,--,--,3.5,國英數A自×3,--,國文14,英文14,(數學A+自然)29,國英數A自58,--,--,--,--,--,--,--,*
004,國立成功大學,004342,無,醫學系(公費生),,4,一般,頂標,頂標,頂標,--,--,頂標,--,6,5,3.5,--,--,3.5,國英數A自×3,--,國文15,英文13,(數學A+自然)27,國英數A自56,--,--,--,--,--,--,--,*
004,國立成功大學,004352,無,牙醫學系,,9,一般,頂標,頂標,頂標,--,--,頂標,--,5,5,4,--,--,4,國英數A自×3,--,(國文+英文)29,(數學A+自然)29,國英數A自59,--,--,--,--,--,--,--,--,*
004,國立成功大學,004362,無,醫學檢驗生物技術學系,,15,一般,均標,均標,均標,--,--,均標,--,--,4,--,--,--,3,國英數A自×10,--,國英數A自40,英文14,自然13,--,--,--,--,--,--,--,--,*
004,國立成功大學,004372,無,護理學系,,20,一般,均標,均標,--,--,--,均標,--,8,3,--,--,--,6,--,--,國文10,自然10,英文13,--,--,--,--,--,--,--,--,*
004,國立成功大學,004382,無,物理治療學系,,13,一般,--,均標,--,--,--,均標,--,--,7,--,--,--,--,國英數A自×3.5,--,英文14,國英數A自52,--,--,--,--,--,--,--,--,--,*
004,國立成功大學,004392,無,職能治療學系,,13,一般,均標,前標,--,--,--,均標,--,--,3.5,--,--,--,6,國英數A自×8,--,國英數A自45,自然12,英文14,--,--,--,--,--,--,--,--,*
004,國立成功大學,004402,無,藥學系,,15,一般,均標,均標,均標,--,--,均標,--,3,--,--,--,--,4,國英數A自×3.5,--,自然14,國英數A自54,國文14,--,--,--,--,--,--,--,--,*
004,國立成功大學,004412,無,政治學系,,18,一般,均標,均標,均標,均標,均標,--,--,--,3,--,--,8,--,--,--,社會13,英文13,--,--,--,--,--,--,--,--,--,*
004,國立成功大學,004422,無,經濟學系,,21,一般,均標,均標,均標,--,--,--,--,8,5,3,--,--,--,--,--,國文12,英文13,數學A10,--,--,--,--,--,--,--,--,*
004,國立成功大學,004432,無,法律學系,,15,一般,前標,前標,--,均標,前標,--,--,4,5,--,--,3,--,--,--,英文14,國文13,社會14,--,--,--,--,--,--,--,--,*
004,國立成功大學,004442,無,法律學系(青年儲蓄帳戶組),,2,一般,前標,前標,--,--,前標,--,--,--,--,--,--,--,--,--,--,--,--,--,--,--,--,--,--,--,--,--,--
004,國立成功大學,004452,無,心理學系,,21,一般,--,均標,均標,--,--,均標,--,--,3,3,--,--,3,--,--,(英文+數學A+自然)38,--,--,--,--,--,--,--,--,--,--,*
004,國立成功大學,004462,無,電機工程學系(甲組),,20,一般,--,均標,前標,--,--,前標,--,--,3,3,--,--,3,--,--,(英文+數學A+自然)44,--,--,--,--,--,--,--,--,--,--,*
004,國立成功大學,004472,無,電機工程學系(乙組),,45,一般,--,--,前標,--,--,前標,--,--,3,3,--,--,3,--,--,(英文+數學A+自然)43,--,--,--,--,--,--,--,--,--,--,*
004,國立成功大學,004482,無,電機工程學系(普渡雙聯組),,6,一般,--,前標,前標,--,--,前標,--,--,8,8,--,--,8,--,--,(英文+數學A+自然)42,--,--,--,--,--,--,--,--,--,--,*
004,國立成功大學,004492,無,資訊工程學系,,29,一般,--,均標,前標,--,--,前標,--,--,3,3,--,--,3,--,--,(英文+數學A+自然)42,--,--,--,--,--,--,--,--,--,--,*
004,國立成功大學,004502,無,資訊工程學系(智慧系統組),,10,一般,--,均標,前標,--,--,--,--,--,5,5,--,--,--,--,--,(英文+數學A)27,--,--,--,--,--,--,--,--,--,--,*
004,國立成功大學,004512,無,資訊工程學系(普渡雙聯組),,6,一般,--,前標,前標,--,--,前標,A級,--,8,8,--,--,8,--,--,(英文+數學A+自然)40,--,--,--,--,--,--,--,--,--,--,*
004,國立成功大學,004522,無,建築學系,,30,一般,均標,均標,均標,--,--,--,--,--,--,--,--,--,--,國英數A自×3,--,國英數A自50,--,--,--,--,--,--,--,--,--,--,*
004,國立成功大學,004532,無,都市計劃學系,,27,一般,均標,均標,前標,--,--,--,--,5,5,3,--,--,--,--,--,(國文+英文)24,數學A11,--,--,--,--,--,--,--,--,--,*
004,國立成功大學,004542,無,工業設計學系,,18,一般,均標,均標,均標,--,--,均標,--,--,--,--,--,--,--,國英數A自×3,--,國英數A自50,--,--,--,--,--,--,--,--,--,--,*
004,國立成功大學,004552,無,生命科學系,,23,一般,均標,均標,均標,--,--,前標,--,--,5,4,--,--,3,--,--,英文12,數學A10,自然13,--,--,--,--,--,--,--,--,*
004,國立成功大學,004562,無,生物科技與產業科學系,,12,一般,均標,均標,--,--,--,前標,--,12,8,--,--,--,4,--,--,國文12,英文12,自然13,--,--,--,--,--,--,--,--,*
004,國立成功大學,004572,無,生物科技與產業科學系(青年儲蓄帳戶組),,2,一般,--,均標,--,--,--,前標,--,--,--,--,--,--,--,--,--,--,--,--,--,--,--,--,--,--,--,--,--
004,國立成功大學,004592,無,全校不分系學士學位學程,,11,一般,前標,前標,頂標,--,--,前標,--,12,12,4.5,--,--,9,--,--,(國文+英文)24,自然13,數學A13,--,--,--,--,--,--,--,--,*
004,國立成功大學,004602,無,全校不分系學士學位學程(運動科學組),,1,一般,均標,均標,均標,--,--,均標,--,12,12,8,--,--,9,--,--,(國文+英文)26,自然11,數學A10,--,--,--,--,--,--,--,--,--
004,國立成功大學,004612,無,成星招生甲組(文社),,12,一般,均標,均標,--,--,均標,--,--,4,6,--,--,8,--,--,--,社會10,英文8,國文11,--,--,--,--,--,--,--,--,*
004,國立成功大學,004622,無,成星招生乙組(管理),,12,一般,均標,均標,--,均標,--,--,--,--,8,--,4,--,--,--,--,英文8,數學B5,--,--,--,--,--,--,--,--,--,*
004,國立成功大學,004632,無,成星招生丙組(理),,10,一般,--,均標,均標,--,--,均標,--,--,--,5,--,--,8,--,--,自然9,數學A8,--,--,--,--,--,--,--,--,--,--
004,國立成功大學,004642,無,成星招生丁組(工),,37,一般,--,均標,均標,--,--,均標,--,--,--,3,--,--,4,--,--,自然9,數學A8,--,--,--,--,--,--,--,--,--,--
004,國立成功大學,004652,無,成星招生戊組(生醫),,16,一般,--,均標,均標,--,--,均標,--,--,8,5,--,--,3,--,--,英文8,數學A8,自然9,--,--,--,--,--,--,--,--,--
004,國立成功大學,004582,無,生物科技與產業科學系(APCS組),均棵均棵均棵3,2,APCS,均標,均標,均標,--,--,前標,--,12,8,8,--,--,5,--,程式識讀(檢定3級、倍率10)；程式實作(檢定2級、倍率10),國文10,(APCS識讀+APCS實作)5,(英文+數學A)17,自然12,--,--,--,--,--,--,--,*
005,東吳大學,005012,無,中國文學系,,58,一般,後標,--,--,--,後標,--,--,4,--,--,--,--,--,國社×3,--,國文12,國社23,--,--,--,--,--,--,--,--,--,*
005,東吳大學,005022,無,歷史學系,,27,一般,底標,底標,--,--,底標,--,--,5,--,--,--,3,--,--,--,國文11,社會12,--,--,--,--,--,--,--,--,--,*
005,東吳大學,005032,無,哲學系,,36,一般,後標,後標,--,--,--,--,--,5,3,--,--,--,--,--,--,國文10,英文8,--,--,--,--,--,--,--,--,--,*
005,東吳大學,005042,無,政治學系,,69,一般,均標,後標,後標,後標,後標,--,--,--,--,--,--,--,--,國英社×3,--,國英社33,--,--,--,--,--,--,--,--,--,--,*
005,東吳大學,005052,無,社會學系,,59,一般,--,--,--,--,均標,--,--,--,--,--,--,3,--,--,--,社會12,--,--,--,--,--,--,--,--,--,--,*
005,東吳大學,005062,無,社會工作學系,,59,一般,--,--,--,--,後標,--,--,5,--,--,--,--,--,國英社×3,--,國文10,國英社29,--,--,--,--,--,--,--,--,--,*
005,東吳大學,005072,無,英文學系,,63,一般,均標,均標,--,--,--,--,--,--,--,--,--,--,--,國英×3,--,國英22,--,--,--,--,--,--,--,--,--,--,*
005,東吳大學,005082,無,日本語文學系,,86,一般,均標,--,--,--,--,--,--,--,--,--,--,--,--,國英社×3,--,國英社32,--,--,--,--,--,--,--,--,--,--,*
005,東吳大學,005092,無,德國文化學系,,25,一般,--,後標,--,--,--,--,--,--,5,--,--,--,--,國英×3,--,英文9,國英21,--,--,--,--,--,--,--,--,--,*
005,東吳大學,005102,無,數學系,,25,一般,--,--,後標,--,--,--,--,--,--,3,--,--,--,--,--,數學A10,--,--,--,--,--,--,--,--,--,--,*
005,東吳大學,005112,無,物理學系,,38,一般,--,--,底標,--,--,--,--,--,--,3,--,--,--,英數A×5,--,英數A14,數學A8,--,--,--,--,--,--,--,--,--,*
005,東吳大學,005122,無,化學系,,34,一般,--,--,--,--,--,後標,--,--,--,--,--,--,3,--,--,自然10,--,--,--,--,--,--,--,--,--,--,*
005,東吳大學,005132,無,微生物學系,,32,一般,--,後標,--,--,--,--,--,--,--,--,--,--,3,--,--,自然9,--,--,--,--,--,--,--,--,--,--,*
005,東吳大學,005142,無,心理學系,,33,一般,後標,後標,後標,--,--,--,--,--,--,--,--,--,--,國英數A×3,--,國英數A32,--,--,--,--,--,--,--,--,--,--,*
005,東吳大學,005152,無,法律學系,,131,一般,前標,前標,均標,均標,均標,--,B級,--,--,--,--,--,--,國英×3,--,國英25,--,--,--,--,--,--,--,--,--,--,*
005,東吳大學,005162,無,經濟學系,,91,一般,--,--,--,均標,--,--,--,--,--,--,3,--,--,--,--,數學B9,--,--,--,--,--,--,--,--,--,--,*
005,東吳大學,005172,無,會計學系,,144,一般,均標,均標,--,均標,--,--,--,--,--,--,--,--,--,國英數B×3,--,國英數B28,--,--,--,--,--,--,--,--,--,--,*
005,東吳大學,005182,無,企業管理學系,,125,一般,--,均標,--,後標,--,--,--,--,--,--,--,--,--,國英數B×3,--,國英數B29,--,--,--,--,--,--,--,--,--,--,*
005,東吳大學,005192,無,國際經營與貿易學系,,60,一般,均標,均標,後標,後標,--,--,--,--,--,--,--,--,--,國英×3,--,國英24,--,--,--,--,--,--,--,--,--,--,*
005,東吳大學,005202,無,財務工程與精算數學系,,116,一般,--,後標,均標,均標,--,--,--,--,--,--,--,--,--,國英×3,--,國英19,--,--,--,--,--,--,--,--,--,--,*
005,東吳大學,005212,無,資訊管理學系(資訊管理組),,32,一般,--,後標,後標,均標,--,--,--,--,--,--,--,--,--,國英×3,--,國英21,--,--,--,--,--,--,--,--,--,--,*
005,東吳大學,005222,無,資訊管理學系(人工智慧組),,60,一般,後標,--,後標,均標,--,--,--,--,--,--,--,--,--,國英×3,--,國英19,--,--,--,--,--,--,--,--,--,--,*
005,東吳大學,005242,無,資料科學系,,90,一般,--,後標,後標,後標,--,--,--,--,3,--,--,--,--,--,--,英文5,--,--,--,--,--,--,--,--,--,--,--
005,東吳大學,005232,無,資訊管理學系(APCS組),後棵…2,4,APCS,--,後標,--,後標,--,--,--,--,--,--,--,--,--,英數B×5,程式識讀(檢定2級、倍率10)；程式實作(檢定2級、倍率10),(APCS識讀+APCS實作)4,英數B11,--,--,--,--,--,--,--,--,--,--
005,東吳大學,005252,無,音樂學系,鋼琴,5,音樂,底標,底標,--,--,--,--,--,--,--,--,--,--,--,--,主修(檢定後標、倍率--)；樂理(檢定--、倍率--)；視唱(檢定--、倍率--)；聽寫(檢定--、倍率--),主修81.71,--,--,--,--,--,--,--,--,--,--,--
005,東吳大學,005252,無,音樂學系,聲樂,5,音樂,底標,底標,--,--,--,--,--,--,--,--,--,--,--,--,主修(檢定後標、倍率--)；樂理(檢定--、倍率--)；視唱(檢定--、倍率--)；聽寫(檢定--、倍率--),主修86,--,--,--,--,--,--,--,--,--,--,--
005,東吳大學,005252,無,音樂學系,小提琴,7,音樂,底標,底標,--,--,--,--,--,--,--,--,--,--,--,--,主修(檢定後標、倍率--)；樂理(檢定--、倍率--)；視唱(檢定--、倍率--)；聽寫(檢定--、倍率--),主修82.64,--,--,--,--,--,--,--,--,--,--,--
005,東吳大學,005252,無,音樂學系,中提琴,3,音樂,底標,底標,--,--,--,--,--,--,--,--,--,--,--,--,主修(檢定後標、倍率--)；樂理(檢定--、倍率--)；視唱(檢定--、倍率--)；聽寫(檢定--、倍率--),主修82.71,--,--,--,--,--,--,--,--,--,--,--
005,東吳大學,005252,無,音樂學系,大提琴,5,音樂,底標,底標,--,--,--,--,--,--,--,--,--,--,--,--,主修(檢定後標、倍率--)；樂理(檢定--、倍率--)；視唱(檢定--、倍率--)；聽寫(檢定--、倍率--),主修82.14,--,--,--,--,--,--,--,--,--,--,--
005,東吳大學,005252,無,音樂學系,低音提琴,1,音樂,底標,底標,--,--,--,--,--,--,--,--,--,--,--,--,主修(檢定後標、倍率--)；樂理(檢定--、倍率--)；視唱(檢定--、倍率--)；聽寫(檢定--、倍率--),主修82.86,--,--,--,--,--,--,--,--,--,--,--
005,東吳大學,005252,無,音樂學系,長號,1,音樂,底標,底標,--,--,--,--,--,--,--,--,--,--,--,--,主修(檢定後標、倍率--)；樂理(檢定--、倍率--)；視唱(檢定--、倍率--)；聽寫(檢定--、倍率--),主修83.56,--,--,--,--,--,--,--,--,--,--,--
005,東吳大學,005252,無,音樂學系,小號,1,音樂,底標,底標,--,--,--,--,--,--,--,--,--,--,--,--,主修(檢定後標、倍率--)；樂理(檢定--、倍率--)；視唱(檢定--、倍率--)；聽寫(檢定--、倍率--),主修83.33,--,--,--,--,--,--,--,--,--,--,--
005,東吳大學,005252,無,音樂學系,法國號,2,音樂,底標,底標,--,--,--,--,--,--,--,--,--,--,--,--,主修(檢定後標、倍率--)；樂理(檢定--、倍率--)；視唱(檢定--、倍率--)；聽寫(檢定--、倍率--),主修83.67,--,--,--,--,--,--,--,--,--,--,--
005,東吳大學,005252,無,音樂學系,上低音號,1,音樂,底標,底標,--,--,--,--,--,--,--,--,--,--,--,--,主修(檢定後標、倍率--)；樂理(檢定--、倍率--)；視唱(檢定--、倍率--)；聽寫(檢定--、倍率--),主修84.89,--,--,--,--,--,--,--,--,--,--,--
005,東吳大學,005252,無,音樂學系,低音號,1,音樂,底標,底標,--,--,--,--,--,--,--,--,--,--,--,--,主修(檢定後標、倍率--)；樂理(檢定--、倍率--)；視唱(檢定--、倍率--)；聽寫(檢定--、倍率--),主修85.78,--,--,--,--,--,--,--,--,--,--,--
005,東吳大學,005252,無,音樂學系,薩克斯管,1,音樂,底標,底標,--,--,--,--,--,--,--,--,--,--,--,--,主修(檢定後標、倍率--)；樂理(檢定--、倍率--)；視唱(檢定--、倍率--)；聽寫(檢定--、倍率--),主修83.56,--,--,--,--,--,--,--,--,--,--,--
005,東吳大學,005252,無,音樂學系,長笛,2,音樂,底標,底標,--,--,--,--,--,--,--,--,--,--,--,--,主修(檢定後標、倍率--)；樂理(檢定--、倍率--)；視唱(檢定--、倍率--)；聽寫(檢定--、倍率--),主修83.67,--,--,--,--,--,--,--,--,--,--,--
005,東吳大學,005252,無,音樂學系,單簧管(豎笛),2,音樂,底標,底標,--,--,--,--,--,--,--,--,--,--,--,--,主修(檢定後標、倍率--)；樂理(檢定--、倍率--)；視唱(檢定--、倍率--)；聽寫(檢定--、倍率--),主修83.78,--,--,--,--,--,--,--,--,--,--,--
005,東吳大學,005252,無,音樂學系,雙簧管,1,音樂,底標,底標,--,--,--,--,--,--,--,--,--,--,--,--,主修(檢定後標、倍率--)；樂理(檢定--、倍率--)；視唱(檢定--、倍率--)；聽寫(檢定--、倍率--),主修83.78,--,--,--,--,--,--,--,--,--,--,--
005,東吳大學,005252,無,音樂學系,低音管,1,音樂,底標,底標,--,--,--,--,--,--,--,--,--,--,--,--,主修(檢定後標、倍率--)；樂理(檢定--、倍率--)；視唱(檢定--、倍率--)；聽寫(檢定--、倍率--),主修85.89,--,--,--,--,--,--,--,--,--,--,--
005,東吳大學,005252,無,音樂學系,聲樂,2,音樂,底標,底標,--,--,--,--,--,--,--,--,--,--,--,--,主修(檢定後標、倍率--)；樂理(檢定--、倍率--)；視唱(檢定--、倍率--)；聽寫(檢定--、倍率--),主修84.2,--,--,--,--,--,--,--,--,--,--,--
005,東吳大學,005252,無,音樂學系,理論作曲,2,音樂,底標,底標,--,--,--,--,--,--,--,--,--,--,--,--,主修(檢定後標、倍率--)；樂理(檢定--、倍率--)；視唱(檢定--、倍率--)；聽寫(檢定--、倍率--),主修75.08,--,--,--,--,--,--,--,--,--,--,--
006,國立政治大學,006012,無,中國文學系,,35,一般,前標,前標,--,--,前標,--,--,3,5,--,--,8,--,--,--,社會12,英文11,國文14,--,--,--,--,--,--,--,--,*
006,國立政治大學,006022,無,歷史學系,,19,一般,前標,前標,--,--,前標,--,--,3,3,--,--,6,--,國英社×10,--,國英社35,社會14,(國文+英文)26,--,--,--,--,--,--,--,--,*
006,國立政治大學,006032,無,哲學系,,23,一般,前標,前標,--,--,--,--,--,4,3,--,--,--,--,國英社×5,--,國英社37,國文13,英文12,--,--,--,--,--,--,--,--,*
006,國立政治大學,006042,無,教育學系,,23,一般,均標,前標,--,--,--,--,--,--,--,--,--,3,--,國英數B×4,--,國英數B27,社會12,--,--,--,--,--,--,--,--,--,*
006,國立政治大學,006052,無,政治學系,,18,一般,--,均標,均標,均標,均標,--,--,--,8,--,--,3,--,英社×10,--,英社25,英文13,社會15,--,--,--,--,--,--,--,--,*
006,國立政治大學,006062,無,社會學系,,21,一般,--,均標,均標,均標,均標,--,--,--,6,--,--,3,--,英社×10,--,英社25,英文13,社會14,--,--,--,--,--,--,--,--,*
006,國立政治大學,006072,無,財政學系,,31,一般,前標,前標,前標,--,--,--,--,5,4,3,--,--,--,國英數A×6,--,國英數A34,國文13,英文13,數學A10,--,--,--,--,--,--,--,*
006,國立政治大學,006082,無,公共行政學系,,15,一般,前標,前標,均標,前標,前標,--,--,4,3,--,--,5,--,--,--,社會14,國文13,英文13,--,--,--,--,--,--,--,--,*
006,國立政治大學,006092,無,地政學系土地資源規劃組,,20,一般,前標,前標,前標,--,前標,--,--,4,3.5,3.5,--,--,--,國英數A社×3,--,國文13,(英文+數學A)22,國英數A社49,--,--,--,--,--,--,--,--,--
006,國立政治大學,006102,無,地政學系土地管理組,,20,一般,前標,前標,前標,--,前標,--,--,4,4,3.5,--,--,--,國英數A社×3,--,(國文+英文)25,數學A10,國英數A社49,--,--,--,--,--,--,--,--,*
006,國立政治大學,006112,無,地政學系土地測量與資訊組,,17,一般,前標,前標,前標,--,--,前標,--,4,3.5,3.5,--,--,--,國英數A自×3,--,國文12,(英文+數學A)21,國英數A自46,--,--,--,--,--,--,--,--,*
006,國立政治大學,006122,無,經濟學系,,41,一般,--,前標,前標,--,--,--,--,--,3,--,--,--,--,數A社×6,--,數A社23,英文13,--,--,--,--,--,--,--,--,--,*
006,國立政治大學,006132,無,民族學系,,17,一般,前標,前標,--,--,前標,--,--,6,6,--,--,3,--,國英數B社×10,--,國英數B社37,(國文+英文)24,社會13,--,--,--,--,--,--,--,--,*
006,國立政治大學,006142,無,外交學系,,21,一般,前標,前標,後標,均標,前標,--,--,3,--,--,--,--,--,--,--,國文15,--,--,--,--,--,--,--,--,--,--,*
006,國立政治大學,006152,無,國際經營與貿易學系,,30,一般,前標,前標,前標,--,前標,--,--,4,4,3,--,--,--,國英數A社×6,--,國英數A社50,(國文+英文)27,數學A11,--,--,--,--,--,--,--,--,*
006,國立政治大學,006162,無,金融學系,,26,一般,前標,前標,前標,--,--,--,--,--,3,6,--,--,--,--,--,數學A11,英文14,--,--,--,--,--,--,--,--,--,*
006,國立政治大學,006172,無,會計學系,,33,一般,前標,前標,前標,--,前標,--,--,--,5,5,--,--,--,國英數A社×3,--,(英文+數學A)23,國英數A社51,--,--,--,--,--,--,--,--,--,*
006,國立政治大學,006182,無,統計學系(甲組),,13,一般,前標,前標,前標,--,--,--,--,--,5,6,--,--,--,國英數A社×3.5,--,數學A11,英文12,國英數A社50,--,--,--,--,--,--,--,--,*
006,國立政治大學,006192,無,統計學系(乙組),,6,一般,前標,前標,前標,--,--,--,--,--,5,6,--,--,--,國英數A自×3.5,--,數學A12,英文12,國英數A自49,--,--,--,--,--,--,--,--,*
006,國立政治大學,006202,無,企業管理學系,,35,一般,前標,前標,前標,頂標,--,--,--,4,3,--,--,4,--,--,--,(國文+社會)27,英文13,--,--,--,--,--,--,--,--,--,*
006,國立政治大學,006212,無,資訊管理學系,,26,一般,前標,前標,前標,--,--,--,--,5,4,3,--,--,--,--,--,國文13,英文13,數學A11,--,--,--,--,--,--,--,--,*
006,國立政治大學,006222,無,財務管理學系,,22,一般,前標,前標,前標,--,--,--,--,3,4,4,--,--,--,國英數A×6,--,國英數A38,(英文+數學A)26,國文14,--,--,--,--,--,--,--,--,*
006,國立政治大學,006232,無,風險管理與保險學系,,15,一般,前標,前標,前標,--,--,--,--,3,3,3,--,--,--,國英數A社×4,--,國英數A社51,(國文+英文+數學A)38,--,--,--,--,--,--,--,--,--,*
006,國立政治大學,006242,無,傳播學院大一大二不分系(社會組),,59,一般,前標,前標,--,--,--,--,--,4,4,--,--,--,--,國英數B社×3,--,(國文+英文)25,國英數B社49,--,--,--,--,--,--,--,--,--,*
006,國立政治大學,006252,無,傳播學院大一大二不分系(自然組),,11,一般,--,前標,前標,--,--,--,--,--,4,4,--,--,--,國英數A自×3.5,--,(英文+數學A)24,國英數A自47,--,--,--,--,--,--,--,--,--,*
006,國立政治大學,006262,無,英國語文學系,,23,一般,前標,頂標,--,--,--,--,A級,--,3,--,--,--,--,國英數B社×8,--,國英數B社45,英文15,--,--,--,--,--,--,--,--,--,*
006,國立政治大學,006272,無,阿拉伯語文學系,,17,一般,前標,頂標,--,--,--,--,--,4,3,--,--,5,--,--,--,社會9,國文12,英文13,--,--,--,--,--,--,--,--,*
006,國立政治大學,006282,無,斯拉夫語文學系,,20,一般,前標,前標,--,--,前標,--,--,4,3,--,--,5,--,--,--,社會12,國文12,英文12,--,--,--,--,--,--,--,--,*
006,國立政治大學,006292,無,日本語文學系,,12,一般,前標,前標,--,--,前標,--,--,5,4,--,--,5,--,--,--,(國文+社會)26,英文13,--,--,--,--,--,--,--,--,--,*
006,國立政治大學,006302,無,韓國語文學系,,11,一般,前標,前標,--,--,前標,--,--,3,5,--,--,5,--,--,--,(英文+社會)26,國文13,--,--,--,--,--,--,--,--,--,*
006,國立政治大學,006312,無,土耳其語文學系,,11,一般,前標,前標,--,--,均標,--,--,5,3.5,--,--,6,--,--,--,社會10,國文12,英文11,--,--,--,--,--,--,--,--,*
006,國立政治大學,006322,無,歐洲語文學系法文組,,8,一般,前標,前標,--,--,前標,--,--,7,5,--,--,9,--,--,--,社會13,國文13,英文13,--,--,--,--,--,--,--,--,*
006,國立政治大學,006332,無,歐洲語文學系德文組,,8,一般,前標,前標,--,--,前標,--,--,7,5,--,--,9,--,--,--,社會12,國文12,英文11,--,--,--,--,--,--,--,--,--
006,國立政治大學,006342,無,歐洲語文學系西班牙文組,,8,一般,前標,前標,--,--,前標,--,--,7,5,--,--,9,--,--,--,社會12,國文12,英文13,--,--,--,--,--,--,--,--,*
006,國立政治大學,006352,無,東南亞語文學系越文組,,6,一般,前標,前標,--,--,均標,--,--,5,5,--,--,10,--,--,--,社會12,(國文+英文)25,--,--,--,--,--,--,--,--,--,*
006,國立政治大學,006362,無,東南亞語文學系泰文組,,6,一般,前標,前標,--,--,均標,--,--,5,5,--,--,10,--,--,--,社會12,(國文+英文)25,--,--,--,--,--,--,--,--,--,*
006,國立政治大學,006372,無,東南亞語文學系印尼文組,,6,一般,前標,前標,--,--,均標,--,--,5,5,--,--,10,--,--,--,社會10,(國文+英文)24,--,--,--,--,--,--,--,--,--,*
006,國立政治大學,006382,無,法律學系,,63,一般,均標,前標,--,均標,前標,--,--,5,3.5,--,--,3.5,--,國英數B社×3,--,國文13,(英文+社會)28,國英數B社53,--,--,--,--,--,--,--,--,*
006,國立政治大學,006392,無,應用數學系,,15,一般,--,均標,前標,--,--,均標,--,--,3,8,--,--,--,--,--,數學A10,英文11,--,--,--,--,--,--,--,--,--,*
006,國立政治大學,006402,無,心理學系,,13,一般,均標,均標,均標,--,--,均標,--,6,5,3.5,--,--,--,--,--,國文14,英文13,數學A11,--,--,--,--,--,--,--,--,*
006,國立政治大學,006412,無,資訊科學系,,9,一般,--,均標,前標,--,--,均標,--,--,--,10,--,--,--,國英數A自×5.5,--,數學A10,國英數A自50,--,--,--,--,--,--,--,--,--,*
006,國立政治大學,006422,無,資訊科學系(跨領域組),,2,一般,--,均標,前標,--,均標,--,--,--,--,10,--,--,--,國英數A社×7.5,--,數學A12,國英數A社47,--,--,--,--,--,--,--,--,--,--
006,國立政治大學,006442,無,資訊科學系(資安組),,4,一般,--,均標,前標,--,--,--,--,--,--,10,--,--,--,國英數A自×12,--,國英數A自48,數學A11,--,--,--,--,--,--,--,--,--,*
006,國立政治大學,006452,無,創新國際學院學士班,,12,一般,均標,頂標,--,均標,前標,--,A級,--,--,--,4,4,--,--,--,(數學B+社會)24,--,--,--,--,--,--,--,--,--,--,*
006,國立政治大學,006462,無,政星招生(甲組),,53,一般,均標,均標,--,--,均標,--,--,3,3,--,--,3,--,--,--,(國文+英文+社會)28,--,--,--,--,--,--,--,--,--,--,--
006,國立政治大學,006472,無,政星招生(乙組),,34,一般,均標,均標,均標,--,--,--,--,3,3,3,--,--,--,--,--,(國文+英文+數學A)28,--,--,--,--,--,--,--,--,--,--,--
006,國立政治大學,006432,無,資訊科學系(APCS組),,3,APCS,--,均標,前標,--,--,均標,--,--,--,10,--,--,10,--,程式識讀(檢定4級、倍率--)；程式實作(檢定3級、倍率5),(數學A+自然)23,APCS實作3,--,--,--,--,--,--,--,--,--,*
007,高雄醫學大學,007012,無,醫學系,,78,一般,前標,頂標,頂標,--,--,頂標,--,9,4,8,--,--,4,國英數A自×3,--,國文13,數學A12,(英文+自然)29,國英數A自57,--,--,--,--,--,--,--,*
007,高雄醫學大學,007022,無,運動醫學系,,29,一般,--,均標,--,--,--,--,--,--,--,--,--,--,--,英自×3,--,英自23,--,--,--,--,--,--,--,--,--,--,*
007,高雄醫學大學,007032,無,呼吸治療學系,,26,一般,均標,均標,後標,--,--,均標,--,10,8,--,--,--,3,--,--,國文10,英文8,自然12,--,--,--,--,--,--,--,--,*
007,高雄醫學大學,007042,無,牙醫學系,,48,一般,前標,前標,前標,--,--,前標,--,6,6,6,--,--,3,--,--,(國文+英文+數學A)41,自然15,--,--,--,--,--,--,--,--,--,*
007,高雄醫學大學,007052,無,口腔衛生學系,,21,一般,均標,後標,--,--,--,均標,--,7,3,--,--,--,10,--,--,自然9,國文10,英文10,--,--,--,--,--,--,--,--,*
007,高雄醫學大學,007062,無,口腔衛生學系(英語組),,5,一般,均標,均標,--,--,--,均標,--,7,3,--,--,--,10,--,--,自然9,國文11,英文12,--,--,--,--,--,--,--,--,--
007,高雄醫學大學,007072,無,藥學系,,78,一般,均標,均標,均標,--,--,前標,--,--,6,--,--,--,3,--,--,英文13,自然14,--,--,--,--,--,--,--,--,--,*
007,高雄醫學大學,007082,無,香粧品學系,,41,一般,--,後標,--,--,--,後標,--,--,--,--,--,--,--,國英數A自×3,--,國英數A自40,--,--,--,--,--,--,--,--,--,--,*
007,高雄醫學大學,007092,無,護理學系,,42,一般,--,底標,底標,底標,--,底標,--,--,3,--,--,--,8,--,--,自然9,英文10,--,--,--,--,--,--,--,--,--,*
007,高雄醫學大學,007102,無,公共衛生學系,,27,一般,--,均標,均標,--,--,--,--,--,10,3,--,--,--,--,--,英文8,數學A10,--,--,--,--,--,--,--,--,--,*
007,高雄醫學大學,007112,無,醫學檢驗生物技術學系,,20,一般,均標,均標,--,--,--,均標,--,8,8,--,--,--,8,英自×3,--,(國文+英文+自然)28,英自24,--,--,--,--,--,--,--,--,--,*
007,高雄醫學大學,007122,無,醫學影像暨放射科學系,,21,一般,--,均標,均標,--,--,後標,--,--,3,4,--,--,6,--,--,自然11,數學A10,英文12,--,--,--,--,--,--,--,--,*
007,高雄醫學大學,007132,無,職能治療學系,,23,一般,均標,均標,--,--,--,均標,--,3,3,--,--,--,--,--,--,(國文+英文)27,--,--,--,--,--,--,--,--,--,--,*
007,高雄醫學大學,007142,無,物理治療學系,,21,一般,--,均標,均標,--,--,均標,--,--,8,10,--,--,3,--,--,數學A10,英文12,自然13,--,--,--,--,--,--,--,--,*
007,高雄醫學大學,007152,無,醫務管理暨醫療資訊學系,,21,一般,--,--,底標,底標,--,--,--,--,--,--,--,--,--,國英×3,--,國英23,--,--,--,--,--,--,--,--,--,--,*
007,高雄醫學大學,007172,無,醫藥暨應用化學系應用化學組,,24,一般,--,--,--,--,--,均標,--,--,5,--,--,--,3,--,--,英文11,自然11,--,--,--,--,--,--,--,--,--,*
007,高雄醫學大學,007182,無,醫藥暨應用化學系醫藥化學組,,24,一般,--,--,--,--,--,均標,--,--,5,--,--,--,3,--,--,英文11,自然12,--,--,--,--,--,--,--,--,--,*
007,高雄醫學大學,007192,無,生物醫學暨環境生物學系,,24,一般,後標,均標,後標,--,--,均標,--,--,8,--,--,--,3,--,--,英文8,自然11,--,--,--,--,--,--,--,--,--,*
007,高雄醫學大學,007202,無,生物科技學系,,21,一般,後標,均標,後標,--,--,均標,--,--,8,--,--,--,3,--,--,英文8,自然11,--,--,--,--,--,--,--,--,--,*
007,高雄醫學大學,007212,無,生命科學院學士班(英語組),,7,一般,--,均標,--,--,--,均標,B級,--,8,--,--,--,4,--,--,英文8,自然9,--,--,--,--,--,--,--,--,--,--
007,高雄醫學大學,007222,無,心理學系,,28,一般,--,均標,後標,後標,--,--,--,--,3,--,--,--,--,--,--,英文13,--,--,--,--,--,--,--,--,--,--,*
007,高雄醫學大學,007232,無,醫學社會學與社會工作學系,,37,一般,均標,後標,--,--,--,--,--,10,3,--,--,--,--,--,--,國文10,英文9,--,--,--,--,--,--,--,--,--,*
007,高雄醫學大學,007242,無,薪火招生(醫學系),,1,一般,前標,前標,前標,--,--,前標,--,12,12,9,--,--,6,--,--,(國文+英文)27,數學A12,自然14,--,--,--,--,--,--,--,--,*
007,高雄醫學大學,007252,無,薪火招生(牙醫學系),,1,一般,均標,前標,前標,--,--,前標,--,--,12,9,--,--,6,--,--,英文11,數學A11,自然14,--,--,--,--,--,--,--,--,--
007,高雄醫學大學,007262,無,薪火招生(藥學系),,1,一般,均標,前標,均標,--,--,前標,--,--,12,9,--,--,6,--,--,英文13,數學A8,自然12,--,--,--,--,--,--,--,--,*
007,高雄醫學大學,007272,無,薪火招生(運動醫學系),,2,一般,--,--,--,--,--,均標,--,3,--,--,--,--,3,--,--,(國文+自然)21,--,--,--,--,--,--,--,--,--,--,*
007,高雄醫學大學,007282,無,薪火招生B組(醫事證照類),,11,一般,均標,--,--,--,--,均標,--,3,--,--,--,--,3,--,--,(國文+自然)20,--,--,--,--,--,--,--,--,--,--,--
007,高雄醫學大學,007292,無,薪火招生C組(應化、醫化與香粧品學系),,6,一般,--,--,--,--,--,均標,--,3,--,--,--,--,3,--,--,(國文+自然)20,--,--,--,--,--,--,--,--,--,--,*
007,高雄醫學大學,007302,無,薪火招生D組(人文社會科學類),,4,一般,--,均標,--,--,--,--,--,3,2,--,--,--,--,--,--,國文9,英文9,--,--,--,--,--,--,--,--,--,--
007,高雄醫學大學,007312,無,薪火招生E組(生命科學類),,4,一般,--,--,--,--,--,後標,--,3,--,--,--,--,2,--,--,國文10,自然10,--,--,--,--,--,--,--,--,--,*
007,高雄醫學大學,007322,無,薪火招生F組(口衛、公衛與醫管資學系),,5,一般,--,--,後標,均標,--,後標,--,3,--,--,--,--,--,--,--,國文9,--,--,--,--,--,--,--,--,--,--,--
007,高雄醫學大學,007162,無,醫務管理暨醫療資訊學系(APCS組),,4,APCS,--,--,底標,後標,--,--,--,--,--,--,--,--,--,國英×3,程式識讀(檢定2級、倍率--)；程式實作(檢定2級、倍率--),國英14,--,--,--,--,--,--,--,--,--,--,*
008,中原大學,008012,無,應用數學系,,70,一般,--,--,後標,--,--,--,--,--,--,3,--,--,--,--,--,數學A10,--,--,--,--,--,--,--,--,--,--,*
008,中原大學,008022,無,物理學系物理組,,33,一般,--,--,後標,--,--,後標,--,--,--,3,--,--,6,--,--,自然10,數學A10,--,--,--,--,--,--,--,--,--,*
008,中原大學,008032,無,物理學系光電與材料科學組,,38,一般,--,--,後標,--,--,後標,--,--,--,3,--,--,6,--,--,自然11,數學A10,--,--,--,--,--,--,--,--,--,*
008,中原大學,008042,無,化學系化學組,,38,一般,--,--,後標,--,--,後標,--,--,6,6,--,--,3,--,--,(英文+數學A)17,自然11,--,--,--,--,--,--,--,--,--,*
008,中原大學,008052,無,化學系材料化學組,,35,一般,--,--,後標,--,--,後標,--,--,6,6,--,--,3,--,--,(英文+數學A)17,自然12,--,--,--,--,--,--,--,--,--,*
008,中原大學,008062,無,心理學系,,74,一般,--,後標,後標,--,--,--,--,--,--,3,--,--,--,國英數A×4,--,國英數A28,數學A8,--,--,--,--,--,--,--,--,--,*
008,中原大學,008072,無,生物科技學系,,68,一般,--,--,--,--,--,後標,--,--,3,--,--,--,6,--,--,自然9,英文9,--,--,--,--,--,--,--,--,--,*
008,中原大學,008082,無,化學工程學系綠能製程組,,37,一般,--,後標,--,--,--,後標,--,--,--,--,--,--,--,英數A自×3,--,英數A自30,--,--,--,--,--,--,--,--,--,--,*
008,中原大學,008092,無,化學工程學系生化工程組,,37,一般,--,後標,--,--,--,後標,--,--,--,--,--,--,--,英數A自×3,--,英數A自30,--,--,--,--,--,--,--,--,--,--,*
008,中原大學,008102,無,化學工程學系材料工程組,,37,一般,--,後標,--,--,--,後標,--,--,--,--,--,--,--,英數A自×3,--,英數A自33,--,--,--,--,--,--,--,--,--,--,*
008,中原大學,008112,無,土木工程學系,,108,一般,--,--,後標,--,--,--,--,3,--,3,--,--,--,--,--,(國文+數學A)19,--,--,--,--,--,--,--,--,--,--,*
008,中原大學,008122,無,機械工程學系,,108,一般,--,--,--,--,--,後標,--,--,--,4,--,--,--,國數A自×3,--,數學A10,國數A自31,--,--,--,--,--,--,--,--,--,*
008,中原大學,008132,無,生物醫學工程學系,,76,一般,--,--,底標,--,--,--,--,--,--,--,--,--,3,--,--,自然11,--,--,--,--,--,--,--,--,--,--,*
008,中原大學,008142,無,環境工程學系,,37,一般,--,--,後標,後標,--,後標,--,--,--,--,--,--,5,國英自×3,--,自然10,國英自31,--,--,--,--,--,--,--,--,--,*
008,中原大學,008152,無,電機資訊學院學士班,,27,一般,--,後標,後標,--,--,--,--,--,--,3,--,--,--,--,--,數學A11,--,--,--,--,--,--,--,--,--,--,*
008,中原大學,008162,無,工業與系統工程學系工程組,,60,一般,後標,--,--,--,--,--,--,3,--,3,--,--,--,--,--,(國文+數學A)20,--,--,--,--,--,--,--,--,--,--,*
008,中原大學,008172,無,工業與系統工程學系管理組,,25,一般,後標,--,底標,底標,--,--,--,3,3,--,--,--,--,--,--,(國文+英文)22,--,--,--,--,--,--,--,--,--,--,*
008,中原大學,008182,無,電子工程學系,,101,一般,--,--,--,--,--,後標,--,--,3,--,--,--,--,--,--,英文12,--,--,--,--,--,--,--,--,--,--,*
008,中原大學,008192,無,資訊工程學系,,65,一般,--,後標,--,--,--,--,--,--,3,--,--,--,--,--,--,英文12,--,--,--,--,--,--,--,--,--,--,*
008,中原大學,008202,無,電機工程學系,,76,一般,後標,--,--,--,--,--,--,--,3,3,--,--,--,--,--,(英文+數學A)22,--,--,--,--,--,--,--,--,--,--,*
008,中原大學,008212,無,中原大學美國威大密爾瓦基分校電機與資訊工程雙學士學位學程,,20,一般,--,後標,後標,--,--,--,--,--,3,3,--,--,--,--,--,(英文+數學A)20,--,--,--,--,--,--,--,--,--,--,--
008,中原大學,008222,無,電機資訊學院智慧運算與大數據學士班,,31,一般,--,--,後標,--,--,--,--,--,3,3,--,--,--,--,--,(英文+數學A)19,--,--,--,--,--,--,--,--,--,--,*
008,中原大學,008232,無,企業管理學系服務業管理組,,28,一般,後標,--,--,--,--,--,--,3,--,--,--,3,--,--,--,(國文+社會)22,--,--,--,--,--,--,--,--,--,--,*
008,中原大學,008242,無,企業管理學系高科技業管理組,,32,一般,後標,--,--,--,--,--,--,3,--,--,--,3,--,--,--,(國文+社會)23,--,--,--,--,--,--,--,--,--,--,*
008,中原大學,008252,無,企業管理學系工商管理組,,60,一般,後標,--,--,--,--,--,--,3,--,--,--,3,--,--,--,(國文+社會)23,--,--,--,--,--,--,--,--,--,--,*
008,中原大學,008262,無,國際經營與貿易學系,,48,一般,--,--,--,--,後標,--,--,5,3,--,--,5,--,--,--,(國文+社會)21,英文9,--,--,--,--,--,--,--,--,--,*
008,中原大學,008272,無,會計學系,,85,一般,--,--,--,後標,--,--,--,--,3,--,--,3,--,--,--,(英文+社會)19,--,--,--,--,--,--,--,--,--,--,*
008,中原大學,008282,無,資訊管理學系,,54,一般,--,--,底標,底標,--,--,--,3,--,--,--,--,--,--,--,國文12,--,--,--,--,--,--,--,--,--,--,*
008,中原大學,008292,無,財務金融學系,,66,一般,後標,--,--,--,--,--,--,5,--,--,--,3,--,--,--,國文11,社會12,--,--,--,--,--,--,--,--,--,*
008,中原大學,008302,無,中原大學與美國天普大學商學管理雙學士學位學程,,12,一般,--,後標,後標,後標,--,--,--,5,4,--,--,--,--,--,--,國文10,英文8,--,--,--,--,--,--,--,--,--,*
008,中原大學,008312,無,財經法律學系財貿法組,,34,一般,後標,後標,--,--,--,--,--,4,3,--,--,--,--,--,--,國文12,英文9,--,--,--,--,--,--,--,--,--,*
008,中原大學,008322,無,財經法律學系科技法組,,34,一般,後標,後標,--,--,--,--,--,4,3,--,--,--,--,--,--,國文11,英文10,--,--,--,--,--,--,--,--,--,*
008,中原大學,008332,無,建築學系,,36,一般,--,後標,--,--,--,--,--,--,--,--,--,--,--,國英數A×3,--,國英數A32,--,--,--,--,--,--,--,--,--,--,*
008,中原大學,008342,無,室內設計學系,,33,一般,後標,後標,--,--,--,--,--,4,--,--,--,--,--,國英×3,--,國文11,國英21,--,--,--,--,--,--,--,--,--,*
008,中原大學,008352,無,商業設計學系商業設計組,,32,一般,--,後標,--,--,--,--,--,--,--,--,--,--,--,國英×3,--,國英21,--,--,--,--,--,--,--,--,--,--,*
008,中原大學,008362,無,商業設計學系產品設計組乙類,,5,一般,--,--,--,--,--,後標,--,--,--,--,--,--,--,國英自×5,--,國英自29,--,--,--,--,--,--,--,--,--,--,*
008,中原大學,008372,無,地景建築學系,,36,一般,--,後標,後標,後標,--,--,--,3,--,--,--,--,--,--,--,國文11,--,--,--,--,--,--,--,--,--,--,*
008,中原大學,008382,無,英國牛津布魯克斯大學建築及都市設計雙學士學位學程,,12,一般,--,後標,--,--,--,--,--,--,4,--,--,--,--,--,--,英文10,--,--,--,--,--,--,--,--,--,--,*
008,中原大學,008392,無,特殊教育學系,,28,一般,後標,--,--,--,--,--,--,3,4,--,--,--,--,--,--,英文4,國文10,--,--,--,--,--,--,--,--,--,*
008,中原大學,008402,無,應用外國語文學系,,59,一般,--,後標,--,--,--,--,--,4,3,--,--,--,--,--,--,國文10,英文10,--,--,--,--,--,--,--,--,--,*
008,中原大學,008412,無,應用華語文學系,,68,一般,後標,--,--,--,--,--,--,3,4,--,--,--,--,--,--,英文3,國文10,--,--,--,--,--,--,--,--,--,*
008,中原大學,008422,無,半導體產業學士學位學程,,30,一般,--,--,--,--,--,後標,--,--,3,--,--,--,--,--,--,英文11,--,--,--,--,--,--,--,--,--,--,*
008,中原大學,008432,無,商業設計學系產品設計組甲類,,14,術科(美術/體育/音樂),--,--,--,--,--,--,--,--,--,--,--,--,--,--,彩繪技法(檢定--、倍率5)；創意表現(檢定--、倍率3),彩繪技法69,創意表现75,--,--,--,--,--,--,--,--,--,--
009,東海大學,009012,無,中國文學系,,59,一般,後標,--,--,--,--,--,--,5,--,--,--,--,--,國社×3,--,國文10,國社22,--,--,--,--,--,--,--,--,--,*
009,東海大學,009022,無,外國語文學系,,50,一般,--,後標,--,--,--,--,--,--,3,--,--,--,--,--,--,英文11,--,--,--,--,--,--,--,--,--,--,*
009,東海大學,009032,無,歷史學系,,36,一般,--,--,--,--,均標,--,--,--,--,--,--,3,--,--,--,社會12,--,--,--,--,--,--,--,--,--,--,*
009,東海大學,009042,無,日本語言文化學系,,58,一般,--,後標,--,--,--,--,--,3,5,--,--,--,--,--,--,英文6,國文11,--,--,--,--,--,--,--,--,--,*
009,東海大學,009052,無,哲學系,,34,一般,--,底標,--,--,--,--,--,3,--,--,--,5,--,--,--,社會9,國文10,--,--,--,--,--,--,--,--,--,*
009,東海大學,009062,無,應用物理學系,,37,一般,--,--,底標,--,--,--,--,--,--,3,--,--,--,--,--,數學A9,--,--,--,--,--,--,--,--,--,--,*
009,東海大學,009072,無,化學系化學組,,26,一般,--,後標,--,--,--,後標,--,--,--,--,--,--,--,英自×3,--,英自20,--,--,--,--,--,--,--,--,--,--,*
009,東海大學,009082,無,化學系化學生物組,,29,一般,--,後標,--,--,--,後標,--,--,--,--,--,--,--,英自×3,--,英自19,--,--,--,--,--,--,--,--,--,--,*
009,東海大學,009092,無,生命科學系(生物醫學組),,28,一般,--,--,--,--,--,均標,--,--,--,--,--,--,--,英自×3,--,英自19,--,--,--,--,--,--,--,--,--,--,*
009,東海大學,009102,無,生命科學系(生態暨生物多樣性組),,28,一般,--,--,--,--,--,後標,--,--,--,--,--,--,--,國英自×3,--,國英自28,--,--,--,--,--,--,--,--,--,--,*
009,東海大學,009112,無,智慧計算暨應用數學系(A組),,17,一般,--,--,後標,--,--,--,--,--,--,3,--,--,--,國數A×8,--,國數A11,數學A9,--,--,--,--,--,--,--,--,--,*
009,東海大學,009122,無,智慧計算暨應用數學系(B組),,14,一般,--,--,--,後標,--,--,--,--,--,--,3.5,--,--,國數B×8,--,國數B6,數學B10,--,--,--,--,--,--,--,--,--,*
009,東海大學,009132,無,化學工程與材料工程學系,,48,一般,--,--,--,--,--,後標,--,--,--,--,--,--,--,國自×3,--,國自22,--,--,--,--,--,--,--,--,--,--,*
009,東海大學,009142,無,工業工程與經營資訊學系(智慧設計與生產組),,25,一般,--,--,後標,--,--,--,--,5,--,3,--,--,--,--,--,國文10,數學A8,--,--,--,--,--,--,--,--,--,*
009,東海大學,009152,無,工業工程與經營資訊學系(智慧經營與管理組),,32,一般,--,後標,--,--,--,--,--,5,3,--,--,--,--,--,--,國文9,英文9,--,--,--,--,--,--,--,--,--,*
009,東海大學,009162,無,環境科學與工程學系,,50,一般,--,--,底標,底標,--,後標,--,--,--,--,--,--,5,國英自×3,--,自然10,國英自27,--,--,--,--,--,--,--,--,--,*
009,東海大學,009172,無,資訊工程學系,,56,一般,--,--,後標,--,--,--,--,--,--,--,--,--,--,英數A自×3,--,英數A自28,--,--,--,--,--,--,--,--,--,--,*
009,東海大學,009192,無,電機工程學系,,43,一般,--,--,底標,底標,--,--,--,3,--,--,--,--,--,--,--,國文12,--,--,--,--,--,--,--,--,--,--,*
009,東海大學,009202,無,企業管理學系,,88,一般,後標,--,--,--,--,--,--,3,6,--,--,--,--,--,--,英文6,國文11,--,--,--,--,--,--,--,--,--,*
009,東海大學,009212,無,國際經營與貿易學系,,59,一般,--,後標,--,--,--,--,--,3,3,--,--,--,--,--,--,(國文+英文)20,--,--,--,--,--,--,--,--,--,--,*
009,東海大學,009222,無,會計學系,,63,一般,後標,--,--,--,後標,--,--,6,--,--,--,3,--,--,--,國文9,社會12,--,--,--,--,--,--,--,--,--,*
009,東海大學,009232,無,財務金融學系,,64,一般,--,後標,--,--,--,--,--,--,--,--,--,--,--,國英數B×3,--,國英數B28,--,--,--,--,--,--,--,--,--,--,*
009,東海大學,009242,無,統計學系(巨量資料管理組),,31,一般,--,--,後標,--,--,--,--,--,--,5,--,--,--,國數A×3,--,數學A6,國數A18,--,--,--,--,--,--,--,--,--,*
009,東海大學,009252,無,統計學系(決策管理組),,31,一般,--,--,--,後標,--,--,--,--,--,--,5,--,--,國數B×3,--,數學B8,國數B18,--,--,--,--,--,--,--,--,--,*
009,東海大學,009262,無,資訊管理學系,,34,一般,後標,後標,後標,後標,--,--,--,6,3,--,--,--,--,--,--,國文10,英文9,--,--,--,--,--,--,--,--,--,*
009,東海大學,009272,無,經濟學系,,78,一般,--,底標,--,--,--,--,--,--,--,--,3,--,--,--,--,數學B5,--,--,--,--,--,--,--,--,--,--,*
009,東海大學,009282,無,政治學系,,49,一般,--,--,--,--,底標,--,--,6,--,--,--,6,--,國英×3,--,(國文+社會)14,國英19,--,--,--,--,--,--,--,--,--,*
009,東海大學,009292,無,行政管理暨政策學系,,41,一般,--,--,--,--,後標,--,--,--,--,--,--,--,--,國社×3,--,國社23,--,--,--,--,--,--,--,--,--,--,*
009,東海大學,009302,無,社會學系,,50,一般,--,--,--,--,底標,--,--,3,--,--,--,6,--,--,--,社會10,國文11,--,--,--,--,--,--,--,--,--,*
009,東海大學,009312,無,社會工作學系,,70,一般,--,--,--,--,底標,--,--,3,--,--,--,3,--,--,--,(國文+社會)22,--,--,--,--,--,--,--,--,--,--,*
009,東海大學,009322,無,畜產與生物科技學系,,65,一般,--,--,--,--,--,後標,--,--,--,--,--,--,--,國英自×3,--,國英自26,--,--,--,--,--,--,--,--,--,--,*
009,東海大學,009332,無,食品科學系,,59,一般,--,--,--,--,--,後標,--,--,--,--,--,--,--,英自×3,--,英自16,--,--,--,--,--,--,--,--,--,--,*
009,東海大學,009342,無,餐旅管理學系,,30,一般,--,底標,--,--,--,--,--,--,--,--,--,3,--,--,--,社會11,--,--,--,--,--,--,--,--,--,--,*
009,東海大學,009352,無,高齡健康與運動科學學士學位學程,,23,一般,底標,底標,--,--,--,--,--,3,3,--,--,--,--,--,--,(國文+英文)18,--,--,--,--,--,--,--,--,--,--,*
009,東海大學,009362,無,建築學系,,31,一般,--,--,均標,均標,--,--,--,--,--,--,--,--,--,國英×3,--,國英24,--,--,--,--,--,--,--,--,--,--,*
009,東海大學,009372,無,工業設計學系(A組),,10,一般,--,均標,--,--,--,--,--,5,5,--,--,--,5,--,--,(國文+英文+自然)31,--,--,--,--,--,--,--,--,--,--,*
009,東海大學,009382,無,工業設計學系(B組),,10,一般,--,均標,--,--,--,--,--,5,5,--,--,5,--,--,--,(國文+英文+社會)33,--,--,--,--,--,--,--,--,--,--,--
009,東海大學,009392,無,景觀學系,,31,一般,後標,--,--,--,--,--,--,3,3,--,--,--,--,--,--,(國文+英文)20,--,--,--,--,--,--,--,--,--,--,*
009,東海大學,009402,無,法律學系,,56,一般,均標,均標,後標,後標,--,--,--,3,4,--,--,--,--,--,--,英文10,國文12,--,--,--,--,--,--,--,--,--,*
009,東海大學,009412,無,國際學院國際經營管理學位學程,,28,一般,--,後標,--,--,--,--,--,--,3,--,--,--,--,--,--,英文10,--,--,--,--,--,--,--,--,--,--,*
009,東海大學,009422,無,永續科學與管理學士學位學程,,15,一般,--,後標,--,--,--,--,--,--,3,--,--,--,--,--,--,英文8,--,--,--,--,--,--,--,--,--,--,*
009,東海大學,009182,無,資訊工程學系(APCS組),,6,APCS,--,--,後標,--,--,--,--,--,--,--,--,--,--,英數A自×4,程式識讀(檢定2級、倍率10)；程式實作(檢定2級、倍率10),(APCS識讀+APCS實作)4,英數A自24,--,--,--,--,--,--,--,--,--,--
009,東海大學,009432,無,音樂學系(演奏唱組),鋼琴,3,音樂,--,--,--,--,--,--,--,--,--,--,--,--,--,--,主修(檢定--、倍率--),主修62.93,--,--,--,--,--,--,--,--,--,--,--
009,東海大學,009432,無,音樂學系(演奏唱組),聲樂,3,音樂,--,--,--,--,--,--,--,--,--,--,--,--,--,--,主修(檢定--、倍率--),主修77.71,--,--,--,--,--,--,--,--,--,--,--
009,東海大學,009432,無,音樂學系(演奏唱組),小提琴,2,音樂,--,--,--,--,--,--,--,--,--,--,--,--,--,--,主修(檢定--、倍率--),主修72.21,--,--,--,--,--,--,--,--,--,--,--
009,東海大學,009432,無,音樂學系(演奏唱組),中提琴,1,音樂,--,--,--,--,--,--,--,--,--,--,--,--,--,--,主修(檢定--、倍率--),主修79,--,--,--,--,--,--,--,--,--,--,--
009,東海大學,009432,無,音樂學系(演奏唱組),大提琴,2,音樂,--,--,--,--,--,--,--,--,--,--,--,--,--,--,主修(檢定--、倍率--),主修80.36,--,--,--,--,--,--,--,--,--,--,--
009,東海大學,009432,無,音樂學系(演奏唱組),低音提琴,1,音樂,--,--,--,--,--,--,--,--,--,--,--,--,--,--,主修(檢定--、倍率--),主修81.64,--,--,--,--,--,--,--,--,--,--,--
009,東海大學,009432,無,音樂學系(演奏唱組),小號,2,音樂,--,--,--,--,--,--,--,--,--,--,--,--,--,--,主修(檢定--、倍率--),主修76.22,--,--,--,--,--,--,--,--,--,--,--
009,東海大學,009432,無,音樂學系(演奏唱組),法國號,1,音樂,--,--,--,--,--,--,--,--,--,--,--,--,--,--,主修(檢定--、倍率--),主修82.33,--,--,--,--,--,--,--,--,--,--,--
009,東海大學,009432,無,音樂學系(演奏唱組),低音號,1,音樂,--,--,--,--,--,--,--,--,--,--,--,--,--,--,主修(檢定--、倍率--),主修82,--,--,--,--,--,--,--,--,--,--,--
009,東海大學,009432,無,音樂學系(演奏唱組),薩克斯管,1,音樂,--,--,--,--,--,--,--,--,--,--,--,--,--,--,主修(檢定--、倍率--),主修81.56,--,--,--,--,--,--,--,--,--,--,--
009,東海大學,009432,無,音樂學系(演奏唱組),長笛,2,音樂,--,--,--,--,--,--,--,--,--,--,--,--,--,--,主修(檢定--、倍率--),主修77.78,--,--,--,--,--,--,--,--,--,--,--
009,東海大學,009432,無,音樂學系(演奏唱組),單簧管(豎笛),2,音樂,--,--,--,--,--,--,--,--,--,--,--,--,--,--,主修(檢定--、倍率--),主修78.11,--,--,--,--,--,--,--,--,--,--,--
009,東海大學,009432,無,音樂學系(演奏唱組),聲樂,2,音樂,--,--,--,--,--,--,--,--,--,--,--,--,--,--,主修(檢定--、倍率--),主修79.6,--,--,--,--,--,--,--,--,--,--,--
009,東海大學,009442,無,音樂學系(音樂治療組),,7,術科(美術/體育/音樂),底標,底標,--,--,--,--,--,7,7,--,--,--,--,--,--,(國文+英文)15,--,--,--,--,--,--,--,--,--,--,*
009,東海大學,009452,無,美術學系,,29,術科(美術/體育/音樂),後標,--,--,--,--,--,--,3,--,--,--,--,--,--,素描(檢定--、倍率--)；彩繪技法(檢定--、倍率--)；創意表現(檢定--、倍率--),國文11,--,--,--,--,--,--,--,--,--,--,*
011,國立清華大學,011012,無,中國文學系甲組(一般組),,18,一般,前標,前標,--,均標,前標,--,--,3,3,--,--,8,--,--,--,社會12,(國文+英文)25,--,--,--,--,--,--,--,--,--,*
011,國立清華大學,011022,無,中國文學系乙組(華語文教學組),,7,一般,前標,前標,--,均標,均標,--,--,3,3,--,12,8,--,--,--,數學B5,社會10,(國文+英文)26,--,--,--,--,--,--,--,--,--
011,國立清華大學,011032,無,外國語文學系,,24,一般,前標,前標,--,均標,均標,--,A級,3,3,--,--,--,--,--,--,(國文+英文)27,--,--,--,--,--,--,--,--,--,--,*
011,國立清華大學,011042,無,人文社會學院學士班,,47,一般,前標,前標,--,均標,前標,--,--,--,--,--,--,--,--,國英數B社×3,--,國英數B社48,--,--,--,--,--,--,--,--,--,--,*
011,國立清華大學,011052,無,教育與學習科技學系,,25,一般,前標,前標,--,均標,前標,--,--,3,5,--,--,6,--,--,--,社會12,英文11,國文13,--,--,--,--,--,--,--,--,*
011,國立清華大學,011062,無,教育與學習科技學系(公費生),,1,一般,頂標,頂標,--,前標,頂標,--,--,6,10,--,--,15,--,--,--,社會15,英文14,國文14,--,--,--,--,--,--,--,--,--
011,國立清華大學,011072,無,幼兒教育學系,,25,一般,前標,前標,--,--,前標,--,--,4,3,--,--,5,--,--,--,社會12,國文12,英文11,--,--,--,--,--,--,--,--,*
011,國立清華大學,011082,無,教育心理與諮商學系,,14,一般,均標,前標,--,均標,--,--,--,--,3.5,--,--,--,--,國英數B×6,--,國英數B36,英文14,--,--,--,--,--,--,--,--,--,*
011,國立清華大學,011092,無,教育心理與諮商學系(公費生),,1,一般,前標,頂標,--,均標,--,--,--,--,6,--,--,--,--,--,--,英文13,--,--,--,--,--,--,--,--,--,--,*
011,國立清華大學,011102,無,特殊教育學系,,20,一般,前標,前標,--,--,前標,--,--,3,3,--,--,3,--,--,--,(國文+英文+社會)38,--,--,--,--,--,--,--,--,--,--,*
011,國立清華大學,011112,無,英語教學系,,22,一般,前標,頂標,--,均標,均標,--,A級,5,3,--,5,--,--,--,--,(國文+數學B)17,英文13,--,--,--,--,--,--,--,--,--,*
011,國立清華大學,011122,無,竹師教育學院學士班,,16,一般,均標,前標,均標,前標,--,--,--,5,3,--,--,--,--,--,--,國文11,英文12,--,--,--,--,--,--,--,--,--,*
011,國立清華大學,011132,無,環境與文化資源學系,,16,一般,前標,前標,--,均標,前標,--,--,5,4,--,3,4,--,--,--,國文12,(英文+社會)24,數學B10,--,--,--,--,--,--,--,--,*
011,國立清華大學,011142,無,經濟學系,,44,一般,前標,前標,前標,--,--,--,B級,3,3,3,--,--,--,--,--,(國文+英文+數學A)38,--,--,--,--,--,--,--,--,--,--,*
011,國立清華大學,011152,無,科技管理學院學士班,,22,一般,前標,前標,前標,--,--,--,B級,3,3,3,--,--,--,--,--,(國文+英文+數學A)39,--,--,--,--,--,--,--,--,--,--,*
011,國立清華大學,011162,無,計量財務金融學系,,28,一般,前標,前標,前標,--,--,--,--,3,3,3,--,--,--,--,--,(國文+英文+數學A)39,--,--,--,--,--,--,--,--,--,--,*
011,國立清華大學,011172,無,數學系甲組(數學組),,18,一般,--,均標,前標,--,--,前標,--,--,--,5,--,--,5,英數A自×3,--,(數學A+自然)25,英數A自38,--,--,--,--,--,--,--,--,--,*
011,國立清華大學,011182,無,數學系乙組(應用數學組),,16,一般,--,均標,前標,--,--,均標,--,--,5,5,--,--,--,英數A自×3,--,(英文+數學A)25,英數A自39,--,--,--,--,--,--,--,--,--,*
011,國立清華大學,011192,無,物理學系物理組(甲組一般組),,24,一般,均標,前標,前標,--,--,前標,--,--,--,5,--,--,--,數A自×3,--,數學A13,數A自28,--,--,--,--,--,--,--,--,--,*
011,國立清華大學,011202,無,物理學系物理組(乙組天文物理組),,5,一般,均標,前標,前標,--,--,--,--,--,--,10,--,--,--,數A自×5,--,數學A12,數A自27,--,--,--,--,--,--,--,--,--,*
011,國立清華大學,011212,無,物理學系光電物理組,,10,一般,均標,前標,前標,--,--,--,--,--,--,10,--,--,--,數A自×5,--,數學A14,數A自28,--,--,--,--,--,--,--,--,--,*
011,國立清華大學,011222,無,化學系,,29,一般,--,前標,前標,--,--,前標,--,--,10,3,--,--,7,--,--,英文12,自然13,數學A13,--,--,--,--,--,--,--,--,*
011,國立清華大學,011232,無,理學院學士班,,24,一般,均標,均標,--,--,--,--,--,--,10,--,--,--,--,數A自×3,--,英文10,數A自27,--,--,--,--,--,--,--,--,--,*
011,國立清華大學,011242,無,生醫工程與環境科學系,,25,一般,均標,前標,均標,--,--,前標,--,5,3,5,--,--,3,--,--,(國文+數學A)24,(英文+自然)26,--,--,--,--,--,--,--,--,--,*
011,國立清華大學,011252,無,工程與系統科學系甲組(低碳綠能組),,40,一般,均標,前標,前標,--,--,前標,--,--,--,--,--,--,--,國英數A自×3,--,國英數A自53,--,--,--,--,--,--,--,--,--,--,*
011,國立清華大學,011262,無,工程與系統科學系乙組(智慧奈米系統組),,37,一般,--,前標,前標,--,--,前標,--,--,--,--,--,--,--,國英數A自×3,--,國英數A自53,--,--,--,--,--,--,--,--,--,--,*
011,國立清華大學,011272,無,原子科學院學士班,,16,一般,前標,前標,前標,--,--,前標,--,3,3,3,--,--,3,--,--,(國文+英文+數學A+自然)53,--,--,--,--,--,--,--,--,--,--,*
011,國立清華大學,011282,無,化學工程學系,,35,一般,--,前標,前標,--,--,前標,--,--,--,--,--,--,--,英數A自×3,--,英數A自41,--,--,--,--,--,--,--,--,--,--,*
011,國立清華大學,011292,無,動力機械工程學系,,69,一般,均標,前標,前標,--,--,前標,--,--,7,7,--,--,7,國英數A自×3,--,(英文+數學A+自然)35,國英數A自53,--,--,--,--,--,--,--,--,--,*
011,國立清華大學,011302,無,材料科學工程學系,,57,一般,--,頂標,前標,--,--,前標,--,--,3,5,--,--,4,--,--,數學A12,自然14,英文14,--,--,--,--,--,--,--,--,*
011,國立清華大學,011312,無,工業工程與工程管理學系,,43,一般,均標,前標,前標,--,--,前標,--,--,3,3,--,--,5,--,--,自然13,(英文+數學A)26,--,--,--,--,--,--,--,--,--,*
011,國立清華大學,011322,無,工學院學士班,,27,一般,前標,頂標,前標,--,--,頂標,--,--,--,--,--,--,--,國英數A自×3,--,國英數A自54,--,--,--,--,--,--,--,--,--,--,*
011,國立清華大學,011332,無,電機工程學系甲組,,5,一般,--,頂標,頂標,--,--,頂標,--,--,12,10,--,--,12,--,--,(英文+自然)29,數學A14,--,--,--,--,--,--,--,--,--,*
011,國立清華大學,011342,無,電機工程學系乙組,,55,一般,--,均標,頂標,--,--,頂標,--,--,3,3,--,--,10,--,--,自然13,(英文+數學A)29,--,--,--,--,--,--,--,--,--,*
011,國立清華大學,011352,無,資訊工程學系甲組(電子資訊組),,5,一般,前標,前標,前標,--,--,前標,--,10,10,10,--,--,10,--,--,(國文+英文+數學A+自然)55,--,--,--,--,--,--,--,--,--,--,*
011,國立清華大學,011362,無,資訊工程學系乙組(資訊工程組),,44,一般,均標,均標,頂標,--,--,前標,--,10,10,3,--,--,10,--,--,(國文+英文+自然)32,數學A14,--,--,--,--,--,--,--,--,--,*
011,國立清華大學,011372,無,資訊工程學系丙組(人工智慧組),,10,一般,--,前標,前標,--,--,前標,--,--,5,5,--,--,5,--,--,(英文+數學A+自然)42,--,--,--,--,--,--,--,--,--,--,*
011,國立清華大學,011402,無,電機資訊學院學士班,,12,一般,--,前標,前標,--,--,前標,--,--,10,10,--,--,3.5,--,--,(英文+數學A)27,自然15,--,--,--,--,--,--,--,--,--,*
011,國立清華大學,011412,無,生命科學系,,29,一般,--,前標,前標,--,--,前標,--,--,5,3,--,--,--,--,--,英文11,數學A12,--,--,--,--,--,--,--,--,--,*
011,國立清華大學,011422,無,醫學科學系,,18,一般,均標,前標,均標,--,--,前標,--,--,10,--,--,--,5,國英數A自×3,--,英文11,自然13,國英數A自51,--,--,--,--,--,--,--,--,*
011,國立清華大學,011432,無,生命科學暨醫學院學士班,,19,一般,均標,前標,前標,--,--,前標,--,--,--,--,--,--,--,國英數A自×3,--,國英數A自51,--,--,--,--,--,--,--,--,--,--,*
011,國立清華大學,011442,無,清華學院學士班甲組(不分系招生–創新設計),,10,一般,均標,前標,均標,--,--,均標,--,--,5,--,--,--,--,英數A×6,--,英數A24,英文14,--,--,--,--,--,--,--,--,--,*
011,國立清華大學,011452,無,清華學院學士班乙組(青年儲蓄帳戶組),,2,一般,前標,前標,--,--,--,前標,--,--,--,--,--,--,--,--,--,--,--,--,--,--,--,--,--,--,--,--,--
011,國立清華大學,011462,無,旭日招生甲組(人文、教育),,11,一般,均標,均標,--,--,均標,--,--,--,--,--,--,--,--,國英社×3,--,國英社32,--,--,--,--,--,--,--,--,--,--,*
011,國立清華大學,011472,無,旭日招生乙組(科管),,4,一般,均標,均標,均標,均標,--,--,--,--,--,--,--,--,--,國英×4.5,--,國英23,--,--,--,--,--,--,--,--,--,--,*
011,國立清華大學,011482,無,旭日招生丙組(理工、原科、生科),,18,一般,--,均標,前標,--,--,均標,--,--,--,--,--,--,--,英數A自×3,--,英數A自30,--,--,--,--,--,--,--,--,--,--,*
011,國立清華大學,011492,無,旭日招生丁組(電資院),,6,一般,--,前標,前標,--,--,前標,--,--,--,--,--,--,--,英數A自×3,--,英數A自36,--,--,--,--,--,--,--,--,--,--,--
011,國立清華大學,011502,無,運動科學系,,12,一般,均標,均標,均標,--,--,--,--,6,4,4,--,--,--,--,--,國文12,(英文+數學A)22,--,--,--,--,--,--,--,--,--,*
011,國立清華大學,011512,無,運動科學系(公費生),,1,一般,均標,均標,均標,--,--,--,--,--,6,--,--,--,--,--,--,英文10,--,--,--,--,--,--,--,--,--,--,--
011,國立清華大學,011522,無,藝術學院學士班(科技藝術組),,17,一般,--,前標,均標,均標,--,--,--,6,3,--,--,--,--,--,--,國文9,英文12,--,--,--,--,--,--,--,--,--,*
011,國立清華大學,011532,無,藝術學院學士班(音樂組),,5,一般,均標,前標,均標,均標,--,--,--,10,6,--,--,--,--,--,--,國文10,英文11,--,--,--,--,--,--,--,--,--,--
011,國立清華大學,011542,無,藝術學院學士班(創意媒體實踐組),,6,一般,均標,均標,均標,均標,--,--,--,10,5,--,--,--,--,--,--,國文11,英文12,--,--,--,--,--,--,--,--,--,*
011,國立清華大學,011382,無,資訊工程學系(APCS組),,3,APCS,--,--,前標,--,--,--,--,--,--,10,--,--,--,--,程式識讀(檢定4級、倍率--)；程式實作(檢定4級、倍率20),APCS實作4,數學A10,--,--,--,--,--,--,--,--,--,--
011,國立清華大學,011392,無,資訊工程學系(資安組),,4,APCS,--,--,前標,--,--,--,--,--,--,10,--,--,--,--,程式識讀(檢定3級、倍率--)；程式實作(檢定3級、倍率20),APCS實作3,數學A12,--,--,--,--,--,--,--,--,--,--
011,國立清華大學,011552,無,音樂學系,鋼琴,6,音樂,--,--,--,--,--,--,--,--,--,--,--,--,--,--,主修(檢定--、倍率--)；樂理(檢定--、倍率--)；聽寫(檢定--、倍率--),主修60.43,--,--,--,--,--,--,--,--,--,--,--
011,國立清華大學,011552,無,音樂學系,聲樂,6,音樂,--,--,--,--,--,--,--,--,--,--,--,--,--,--,主修(檢定--、倍率--)；樂理(檢定--、倍率--)；聽寫(檢定--、倍率--),主修85.71,--,--,--,--,--,--,--,--,--,--,--
011,國立清華大學,011552,無,音樂學系,小提琴,5,音樂,--,--,--,--,--,--,--,--,--,--,--,--,--,--,主修(檢定--、倍率--)；樂理(檢定--、倍率--)；聽寫(檢定--、倍率--),主修82.86,--,--,--,--,--,--,--,--,--,--,--
011,國立清華大學,011552,無,音樂學系,中提琴,2,音樂,--,--,--,--,--,--,--,--,--,--,--,--,--,--,主修(檢定--、倍率--)；樂理(檢定--、倍率--)；聽寫(檢定--、倍率--),主修79,--,--,--,--,--,--,--,--,--,--,--
011,國立清華大學,011552,無,音樂學系,大提琴,2,音樂,--,--,--,--,--,--,--,--,--,--,--,--,--,--,主修(檢定--、倍率--)；樂理(檢定--、倍率--)；聽寫(檢定--、倍率--),主修85.07,--,--,--,--,--,--,--,--,--,--,--
011,國立清華大學,011552,無,音樂學系,低音提琴,1,音樂,--,--,--,--,--,--,--,--,--,--,--,--,--,--,主修(檢定--、倍率--)；樂理(檢定--、倍率--)；聽寫(檢定--、倍率--),主修81.64,--,--,--,--,--,--,--,--,--,--,--
011,國立清華大學,011552,無,音樂學系,長號,1,音樂,--,--,--,--,--,--,--,--,--,--,--,--,--,--,主修(檢定--、倍率--)；樂理(檢定--、倍率--)；聽寫(檢定--、倍率--),主修81.89,--,--,--,--,--,--,--,--,--,--,--
011,國立清華大學,011552,無,音樂學系,小號,1,音樂,--,--,--,--,--,--,--,--,--,--,--,--,--,--,主修(檢定--、倍率--)；樂理(檢定--、倍率--)；聽寫(檢定--、倍率--),主修83.33,--,--,--,--,--,--,--,--,--,--,--
011,國立清華大學,011552,無,音樂學系,法國號,2,音樂,--,--,--,--,--,--,--,--,--,--,--,--,--,--,主修(檢定--、倍率--)；樂理(檢定--、倍率--)；聽寫(檢定--、倍率--),主修82.33,--,--,--,--,--,--,--,--,--,--,--
011,國立清華大學,011552,無,音樂學系,上低音號,1,音樂,--,--,--,--,--,--,--,--,--,--,--,--,--,--,主修(檢定--、倍率--)；樂理(檢定--、倍率--)；聽寫(檢定--、倍率--),主修84.89,--,--,--,--,--,--,--,--,--,--,--
011,國立清華大學,011552,無,音樂學系,薩克斯管,1,音樂,--,--,--,--,--,--,--,--,--,--,--,--,--,--,主修(檢定--、倍率--)；樂理(檢定--、倍率--)；聽寫(檢定--、倍率--),主修84.89,--,--,--,--,--,--,--,--,--,--,--
011,國立清華大學,011552,無,音樂學系,長笛,1,音樂,--,--,--,--,--,--,--,--,--,--,--,--,--,--,主修(檢定--、倍率--)；樂理(檢定--、倍率--)；聽寫(檢定--、倍率--),主修87.22,--,--,--,--,--,--,--,--,--,--,--
011,國立清華大學,011552,無,音樂學系,單簧管(豎笛),2,音樂,--,--,--,--,--,--,--,--,--,--,--,--,--,--,主修(檢定--、倍率--)；樂理(檢定--、倍率--)；聽寫(檢定--、倍率--),主修83.33,--,--,--,--,--,--,--,--,--,--,--
011,國立清華大學,011552,無,音樂學系,雙簧管,1,音樂,--,--,--,--,--,--,--,--,--,--,--,--,--,--,主修(檢定--、倍率--)；樂理(檢定--、倍率--)；聽寫(檢定--、倍率--),主修83.78,--,--,--,--,--,--,--,--,--,--,--
011,國立清華大學,011552,無,音樂學系,直笛,3,音樂,--,--,--,--,--,--,--,--,--,--,--,--,--,--,主修(檢定--、倍率--)；樂理(檢定--、倍率--)；聽寫(檢定--、倍率--),主修86,--,--,--,--,--,--,--,--,--,--,--
011,國立清華大學,011552,無,音樂學系,聲樂,2,音樂,--,--,--,--,--,--,--,--,--,--,--,--,--,--,主修(檢定--、倍率--)；樂理(檢定--、倍率--)；聽寫(檢定--、倍率--),主修82.2,--,--,--,--,--,--,--,--,--,--,--
011,國立清華大學,011552,無,音樂學系,理論作曲,1,音樂,--,--,--,--,--,--,--,--,--,--,--,--,--,--,主修(檢定--、倍率--)；樂理(檢定--、倍率--)；聽寫(檢定--、倍率--),主修68.4,--,--,--,--,--,--,--,--,--,--,--
011,國立清華大學,011562,無,藝術與設計學系創作組,,23,術科(美術/體育/音樂),--,--,--,--,--,--,--,--,--,--,--,--,--,--,素描(檢定--、倍率4.5)；彩繪技法(檢定--、倍率9)；創意表現(檢定--、倍率--)；水墨書畫(檢定--、倍率--)；美術鑑賞(檢定--、倍率--),彩繪技法72,素描87,--,--,--,--,--,--,--,--,--,*
011,國立清華大學,011572,無,藝術與設計學系設計組,,23,術科(美術/體育/音樂),均標,前標,--,--,--,--,--,6,4.5,--,--,--,--,--,--,國文12,英文12,--,--,--,--,--,--,--,--,--,*
012,中國醫藥大學,012012,無,牙醫學系,,30,一般,前標,--,前標,--,前標,前標,--,20,--,5,--,20,5,國數A社自×3,--,(國文+社會)24,(數學A+自然)28,國數A社自57,--,--,--,--,--,--,--,--,*
012,中國醫藥大學,012022,無,醫學系,,85,一般,前標,--,頂標,--,前標,頂標,A級,5,--,4,--,5,4,國數A社自×3,--,(國文+社會)27,(數學A+自然)28,國數A社自57,--,--,--,--,--,--,--,--,*
012,中國醫藥大學,012032,無,中醫學系甲組,,39,一般,前標,--,頂標,--,前標,頂標,--,6,--,5,--,5,3,--,--,國文13,(數學A+社會)26,自然14,--,--,--,--,--,--,--,--,*
012,中國醫藥大學,012042,無,中醫學系乙組,,42,一般,前標,--,頂標,--,前標,頂標,--,6,--,5,--,5,3,--,--,國文13,(數學A+社會)26,自然14,--,--,--,--,--,--,--,--,*
012,中國醫藥大學,012052,無,藥學系,,157,一般,--,均標,均標,--,--,均標,B級,--,--,3,--,--,5,--,--,自然13,數學A12,--,--,--,--,--,--,--,--,--,*
012,中國醫藥大學,012062,無,護理學系,,58,一般,後標,後標,--,--,--,後標,--,--,3,--,--,--,3,國英自×10,--,國英自21,(英文+自然)18,--,--,--,--,--,--,--,--,--,*
012,中國醫藥大學,012072,無,醫學檢驗生物技術學系,,33,一般,--,後標,--,--,--,後標,--,--,15,--,--,--,3,--,--,英文5,自然13,--,--,--,--,--,--,--,--,--,*
012,中國醫藥大學,012082,無,營養學系,,43,一般,--,後標,--,--,--,後標,--,--,20,--,--,--,3,--,--,英文5,自然11,--,--,--,--,--,--,--,--,--,*
012,中國醫藥大學,012092,無,物理治療學系,,31,一般,--,後標,--,--,--,後標,--,--,8,--,--,--,3,--,--,英文13,自然13,--,--,--,--,--,--,--,--,--,*
012,中國醫藥大學,012102,無,生物科技學系,,23,一般,--,後標,--,--,--,後標,--,--,3,--,--,--,10,--,--,自然7,英文12,--,--,--,--,--,--,--,--,--,*
012,中國醫藥大學,012112,無,運動醫學系,,23,一般,--,後標,--,--,--,後標,--,--,20,--,--,--,3,--,--,英文5,自然12,--,--,--,--,--,--,--,--,--,*
012,中國醫藥大學,012122,無,中國藥學暨中藥資源學系,,11,一般,後標,--,--,--,--,--,--,4.5,--,--,--,--,--,--,--,國文13,--,--,--,--,--,--,--,--,--,--,*
012,中國醫藥大學,012132,無,藥用化妝品學系,,26,一般,--,後標,--,--,--,後標,--,--,10,--,--,--,3,--,--,英文7,自然11,--,--,--,--,--,--,--,--,--,*
012,中國醫藥大學,012142,無,生物醫學影像暨放射科學學系,,41,一般,--,後標,--,--,--,--,--,--,3,--,--,--,--,--,--,英文13,--,--,--,--,--,--,--,--,--,--,*
012,中國醫藥大學,012152,無,公共衛生學院大一不分系,,84,一般,後標,後標,--,--,--,--,--,3,20,--,--,--,--,--,--,英文5,國文12,--,--,--,--,--,--,--,--,--,*
012,中國醫藥大學,012162,無,生物醫學工程學系,,27,一般,--,後標,--,--,--,後標,--,--,12,--,--,--,3,--,--,英文5,自然12,--,--,--,--,--,--,--,--,--,*
012,中國醫藥大學,012172,無,醫療資訊學系,,35,一般,--,後標,--,--,--,後標,--,--,12,--,--,--,3,--,--,英文5,自然11,--,--,--,--,--,--,--,--,--,*
013,國立陽明交通大學,013012,無,電機工程學系甲組(電資國際組),,7,一般,--,頂標,頂標,--,--,頂標,--,--,7,7,--,--,7,--,--,(英文+數學A+自然)45,--,--,--,--,--,--,--,--,--,--,*
013,國立陽明交通大學,013022,無,電機工程學系乙組(電機工程組),,117,一般,--,前標,前標,--,--,前標,--,--,3,3,--,--,5,--,--,自然14,(英文+數學A)28,--,--,--,--,--,--,--,--,--,*
013,國立陽明交通大學,013032,無,電機工程學系丙組(醫學電資組),,7,一般,--,頂標,前標,--,--,頂標,--,--,7,10,--,--,7,--,--,數學A14,(英文+自然)28,--,--,--,--,--,--,--,--,--,*
013,國立陽明交通大學,013042,無,光電工程學系甲組(智慧系統組),,9,一般,--,前標,前標,--,--,前標,--,--,5.5,--,--,--,6,國英自×8,--,國英自42,自然14,英文14,--,--,--,--,--,--,--,--,*
013,國立陽明交通大學,013052,無,光電工程學系乙組(半導體光電組),,10,一般,--,前標,前標,--,--,前標,--,--,5,8,--,--,8,--,--,(數學A+自然)27,英文14,--,--,--,--,--,--,--,--,--,*
013,國立陽明交通大學,013062,無,資訊工程學系(甲組),,5,一般,均標,前標,頂標,--,--,頂標,--,--,20,10,--,--,20,--,--,(英文+自然)25,數學A13,--,--,--,--,--,--,--,--,--,--
013,國立陽明交通大學,013072,無,資訊工程學系(乙組),,93,一般,均標,前標,頂標,--,--,前標,--,--,5,3,--,--,5,--,--,(英文+自然)23,數學A12,--,--,--,--,--,--,--,--,--,*
013,國立陽明交通大學,013102,無,半導體工程學系固態電子組,,26,一般,--,前標,前標,--,--,前標,--,--,12,10,--,--,12,英數A自×3,--,(英文+自然)23,數學A10,英數A自43,--,--,--,--,--,--,--,--,*
013,國立陽明交通大學,013112,無,半導體工程學系奈米科學組,,14,一般,--,前標,前標,--,--,前標,--,--,12,10,--,--,12,英數A自×3,--,(英文+自然)27,數學A13,英數A自41,--,--,--,--,--,--,--,--,*
013,國立陽明交通大學,013122,無,材料科學與工程學系,,24,一般,--,前標,--,--,--,前標,--,--,3,--,--,--,3,國英自×5,--,國英自43,(英文+自然)29,--,--,--,--,--,--,--,--,--,*
013,國立陽明交通大學,013132,無,機械工程學系,,55,一般,均標,均標,前標,--,--,前標,--,--,8,8,--,--,8,國英數A自×3,--,(英文+數學A+自然)37,國英數A自52,--,--,--,--,--,--,--,--,--,*
013,國立陽明交通大學,013142,無,土木工程學系甲組(科技暨基礎建設永續發展組),,17,一般,均標,均標,前標,--,--,均標,--,--,3,5,--,--,3,--,--,數學A12,(英文+自然)25,--,--,--,--,--,--,--,--,--,*
013,國立陽明交通大學,013152,無,土木工程學系乙組(科技暨基礎建設永續發展國際組),,33,一般,均標,前標,前標,--,--,均標,B級,--,4,5,--,--,3,--,--,數學A10,英文12,自然12,--,--,--,--,--,--,--,--,*
013,國立陽明交通大學,013162,無,理學院科學學士學位學程(乙組),,4,一般,均標,前標,前標,--,--,前標,--,--,7,7,--,--,7,--,--,(英文+數學A+自然)39,--,--,--,--,--,--,--,--,--,--,--
013,國立陽明交通大學,013172,無,理學院科學學士學位學程(丙組),,4,一般,--,前標,前標,--,--,前標,--,--,7,7,--,--,7,--,--,(英文+數學A+自然)39,--,--,--,--,--,--,--,--,--,--,*
013,國立陽明交通大學,013182,無,電子物理學系光電與奈米科學組,,13,一般,前標,前標,前標,--,--,前標,--,--,--,3.5,--,--,3.5,--,--,(數學A+自然)28,--,--,--,--,--,--,--,--,--,--,*
013,國立陽明交通大學,013192,無,電子物理學系電子物理組,,12,一般,--,前標,前標,--,--,前標,--,--,4,4,--,--,4,--,--,(英文+數學A+自然)43,--,--,--,--,--,--,--,--,--,--,*
013,國立陽明交通大學,013202,無,應用化學系,,21,一般,均標,均標,均標,--,--,前標,--,--,8,8,--,--,8,國英數A自×3,--,(英文+數學A+自然)39,國英數A自54,--,--,--,--,--,--,--,--,--,*
013,國立陽明交通大學,013212,無,應用數學系,,28,一般,--,均標,頂標,--,--,均標,--,--,8,3,--,--,8,--,--,(英文+自然)21,數學A14,--,--,--,--,--,--,--,--,--,*
013,國立陽明交通大學,013222,無,生物科技學系(甲組),,34,一般,--,--,--,--,--,前標,--,--,5,4,--,--,3,--,--,英文13,數學A9,自然13,--,--,--,--,--,--,--,--,*
013,國立陽明交通大學,013232,無,生物科技學系(乙組),,12,一般,--,--,前標,--,--,--,--,--,--,3,--,--,4,英數A自×5,--,英數A自35,自然12,數學A12,--,--,--,--,--,--,--,--,*
013,國立陽明交通大學,013242,無,資訊管理與財務金融學系資訊管理組,,12,一般,--,前標,前標,--,--,前標,--,--,4,4,--,--,--,--,--,(英文+數學A)27,--,--,--,--,--,--,--,--,--,--,*
013,國立陽明交通大學,013252,無,資訊管理與財務金融學系財務金融組,,12,一般,前標,前標,前標,--,--,--,--,--,4,4,--,--,--,--,--,(英文+數學A)27,--,--,--,--,--,--,--,--,--,--,*
013,國立陽明交通大學,013262,無,管理科學系,,22,一般,前標,前標,前標,--,--,--,--,3,3,3,--,--,--,--,--,(國文+英文+數學A)39,--,--,--,--,--,--,--,--,--,--,*
013,國立陽明交通大學,013272,無,運輸與物流管理學系,,27,一般,均標,前標,前標,--,--,均標,--,3,3,3,--,--,3,--,--,(國文+英文+數學A+自然)49,--,--,--,--,--,--,--,--,--,--,*
013,國立陽明交通大學,013282,無,工業工程與管理學系,,35,一般,--,均標,前標,--,--,均標,--,--,5,3,--,--,5,--,--,(英文+自然)25,數學A13,--,--,--,--,--,--,--,--,--,*
013,國立陽明交通大學,013292,無,外國語文學系甲組(跨域人文組),,17,一般,前標,頂標,--,--,--,--,--,--,3,--,--,--,--,--,--,英文15,--,--,--,--,--,--,--,--,--,--,*
013,國立陽明交通大學,013302,無,外國語文學系乙組(語言科學組),,11,一般,均標,前標,--,均標,--,--,--,--,--,--,4.5,--,--,--,--,數學B12,--,--,--,--,--,--,--,--,--,--,*
013,國立陽明交通大學,013312,無,傳播與科技學系,,19,一般,前標,前標,--,--,前標,--,--,3,3,--,--,3,--,--,--,(國文+英文+社會)39,--,--,--,--,--,--,--,--,--,--,*
013,國立陽明交通大學,013322,無,人文社會學系,,20,一般,均標,前標,--,--,均標,--,--,5,3,--,--,4,--,--,--,國文12,社會12,英文12,--,--,--,--,--,--,--,--,*
013,國立陽明交通大學,013332,無,屯蒙-電機資訊組,,27,一般,均標,均標,前標,--,--,前標,--,--,--,3,--,--,3,--,--,(數學A+自然)23,--,--,--,--,--,--,--,--,--,--,--
013,國立陽明交通大學,013342,無,屯蒙-工程組,,12,一般,--,均標,前標,--,--,前標,--,--,3.5,3.5,--,--,--,--,--,(英文+數學A)22,--,--,--,--,--,--,--,--,--,--,--
013,國立陽明交通大學,013352,無,屯蒙-理學生物科技組,,13,一般,--,均標,均標,--,--,均標,--,--,3.5,3.5,--,--,3.5,--,--,(英文+數學A+自然)30,--,--,--,--,--,--,--,--,--,--,--
013,國立陽明交通大學,013362,無,屯蒙-管理組,,9,一般,均標,均標,均標,--,--,--,--,5.5,5.5,5.5,--,--,--,--,--,(國文+英文+數學A)30,--,--,--,--,--,--,--,--,--,--,--
013,國立陽明交通大學,013372,無,屯蒙-人文社會組,,6,一般,均標,均標,--,--,均標,--,--,4,4,--,--,4,--,--,--,(國文+英文+社會)35,--,--,--,--,--,--,--,--,--,--,*
013,國立陽明交通大學,013382,無,屯蒙-醫學組,,2,一般,--,前標,前標,--,--,前標,--,--,--,--,--,--,5,英數A自×7,--,英數A自38,自然14,--,--,--,--,--,--,--,--,--,*
013,國立陽明交通大學,013392,無,屯蒙-牙醫組,,2,一般,--,前標,前標,--,--,前標,--,--,--,--,--,--,5,英數A自×7,--,英數A自37,自然14,--,--,--,--,--,--,--,--,--,*
013,國立陽明交通大學,013402,無,屯蒙-醫事證照組,,5,一般,--,均標,均標,--,--,均標,--,--,--,--,--,--,5,英數A自×7,--,英數A自29,自然12,--,--,--,--,--,--,--,--,--,*
013,國立陽明交通大學,013412,無,屯蒙-生醫科學組,,3,一般,--,均標,均標,--,--,均標,--,--,--,--,--,--,5,英數A自×7,--,英數A自30,自然11,--,--,--,--,--,--,--,--,--,*
013,國立陽明交通大學,013422,無,醫學系醫師組,,42,一般,頂標,頂標,頂標,--,--,頂標,--,3.5,2.5,2.5,--,--,2.5,國英數A自×3,--,國文15,國英數A自58,(英文+數學A+自然)44,--,--,--,--,--,--,--,--,*
013,國立陽明交通大學,013432,無,醫學系醫師科學家組,,12,一般,--,頂標,前標,--,--,頂標,--,--,3,3,--,--,3,國英數A自×3.5,--,國英數A自57,(英文+數學A+自然)43,--,--,--,--,--,--,--,--,--,*
013,國立陽明交通大學,013442,無,醫學系醫師工程師組,,12,一般,前標,頂標,--,--,--,頂標,--,4,4,3,--,--,3,國英數A自×3.5,--,(國文+英文)28,國英數A自55,(數學A+自然)28,--,--,--,--,--,--,--,--,*
013,國立陽明交通大學,013452,無,醫學系(公費生),,4,一般,頂標,頂標,頂標,--,--,頂標,--,5,3.5,3,--,--,3,國英數A自×4,--,國文15,國英數A自55,英文14,(數學A+自然)26,--,--,--,--,--,--,--,*
013,國立陽明交通大學,013462,無,牙醫學系,,18,一般,前標,頂標,前標,--,--,頂標,A級,10,6,8,--,--,4,國英數A自×3,--,國文12,數學A11,英文14,自然15,國英數A自58,--,--,--,--,--,--,*
013,國立陽明交通大學,013472,無,醫學生物技術暨檢驗學系(生技及檢驗醫學組),,12,一般,--,均標,均標,--,--,均標,--,4,4,--,--,--,4,--,--,(國文+英文+自然)40,--,--,--,--,--,--,--,--,--,--,*
013,國立陽明交通大學,013482,無,醫學生物技術暨檢驗學系(資訊及精準醫學組),,7,一般,--,均標,均標,--,--,--,--,--,7,7,--,--,7,--,--,(英文+數學A+自然)38,--,--,--,--,--,--,--,--,--,--,*
013,國立陽明交通大學,013492,無,生物醫學影像暨放射科學系,,20,一般,--,均標,均標,--,--,均標,--,--,6,3,--,--,8,--,--,自然11,英文12,數學A12,--,--,--,--,--,--,--,--,*
013,國立陽明交通大學,013502,無,護理學系,,27,一般,--,均標,--,--,--,均標,--,--,3,--,--,--,8,--,--,自然10,英文13,--,--,--,--,--,--,--,--,--,*
013,國立陽明交通大學,013512,無,物理治療暨輔助科技學系,,12,一般,均標,前標,均標,--,--,均標,--,--,--,--,--,--,--,國數A自×4,--,國數A自40,--,--,--,--,--,--,--,--,--,--,*
013,國立陽明交通大學,013522,無,生命科學系暨基因體科學研究所(生物醫學科學組),,14,一般,--,均標,--,--,--,均標,--,--,--,--,--,--,3.5,英數A自×10,--,英數A自34,自然14,--,--,--,--,--,--,--,--,--,*
013,國立陽明交通大學,013532,無,生命科學系暨基因體科學研究所(生醫光電與資訊組),,6,一般,--,均標,均標,--,--,均標,--,--,--,6,--,--,6,英數A自×10,--,英數A自37,(數學A+自然)25,--,--,--,--,--,--,--,--,--,*
013,國立陽明交通大學,013542,無,生物醫學工程學系,,14,一般,--,--,均標,--,--,均標,--,--,3.5,3.5,--,--,3.5,--,--,(英文+數學A+自然)40,--,--,--,--,--,--,--,--,--,--,*
013,國立陽明交通大學,013552,無,藥學系,,19,一般,均標,均標,均標,--,--,均標,--,--,6,--,--,--,6,國英數A自×3,--,(英文+自然)28,國英數A自55,--,--,--,--,--,--,--,--,--,*
013,國立陽明交通大學,013562,無,學士班大一大二不分系,,5,一般,--,均標,均標,--,--,均標,--,--,--,--,--,--,10,英數A自×12,--,英數A自36,自然13,--,--,--,--,--,--,--,--,--,*
013,國立陽明交通大學,013572,無,中醫學系,,10,一般,前標,前標,前標,--,--,前標,--,10,5,5,--,--,5,--,--,國文15,(英文+數學A+自然)41,--,--,--,--,--,--,--,--,--,*
013,國立陽明交通大學,013082,無,資訊工程學系(APCS組),,5,APCS,--,--,前標,--,--,均標,--,--,--,20,--,--,--,--,程式識讀(檢定4級、倍率--)；程式實作(檢定4級、倍率10),數學A10,APCS實作4,--,--,--,--,--,--,--,--,--,--
013,國立陽明交通大學,013092,無,資訊工程學系(資安組),,5,APCS,--,--,前標,--,--,均標,--,--,--,20,--,--,--,--,程式識讀(檢定4級、倍率--)；程式實作(檢定4級、倍率9),數學A11,APCS實作4,--,--,--,--,--,--,--,--,--,--
014,淡江大學,014012,無,中國文學學系,,33,一般,後標,--,--,--,--,--,--,3,--,--,--,5,--,--,--,社會10,國文11,--,--,--,--,--,--,--,--,--,*
014,淡江大學,014022,無,歷史學系,,37,一般,--,--,--,--,後標,--,--,5,--,--,--,3,--,--,--,國文9,社會12,--,--,--,--,--,--,--,--,--,*
014,淡江大學,014032,無,資訊與圖書館學系,,60,一般,--,後標,--,--,--,--,--,3,--,--,--,--,--,--,--,國文10,--,--,--,--,--,--,--,--,--,--,*
014,淡江大學,014042,無,大眾傳播學系,,52,一般,後標,--,--,--,--,--,--,9,--,--,--,7,--,國社×3,--,國文10,社會10,國社23,--,--,--,--,--,--,--,--,*
014,淡江大學,014052,無,資訊傳播學系,,35,一般,後標,--,--,--,--,--,--,3,6,--,--,--,--,--,--,英文6,國文11,--,--,--,--,--,--,--,--,--,*
014,淡江大學,014062,無,教育科技學系,,63,一般,後標,--,--,--,--,--,--,10,--,--,--,--,--,國英×3,--,國文9,國英13,--,--,--,--,--,--,--,--,--,*
014,淡江大學,014072,無,教育與未來設計學系,,28,一般,後標,--,--,--,--,--,--,3,--,--,--,3,--,--,--,(國文+社會)22,--,--,--,--,--,--,--,--,--,--,*
014,淡江大學,014082,無,英文學系,,50,一般,--,底標,--,--,--,--,--,5,6,--,--,--,--,國英×3,--,英文7,國文9,國英20,--,--,--,--,--,--,--,--,*
014,淡江大學,014092,無,英文學系全英語學士班,,31,一般,--,底標,--,--,--,--,--,--,6,--,--,5,--,英社×3,--,英文3,--,英社16,--,--,--,--,--,--,--,--,*
014,淡江大學,014102,無,歐洲語文學系法文組,,33,一般,--,後標,--,--,--,--,--,5,3,--,--,--,--,--,--,國文8,英文9,--,--,--,--,--,--,--,--,--,*
014,淡江大學,014112,無,歐洲語文學系德文組,,23,一般,--,後標,--,--,--,--,--,3,6,--,--,--,--,--,--,英文7,國文10,--,--,--,--,--,--,--,--,--,*
014,淡江大學,014122,無,歐洲語文學系西文組,,36,一般,--,後標,--,--,--,--,--,6,3,--,--,--,--,--,--,國文7,英文10,--,--,--,--,--,--,--,--,--,*
014,淡江大學,014132,無,歐洲語文學系俄文組,,26,一般,--,--,--,--,後標,--,--,--,3,--,--,6,--,--,--,社會8,英文6,--,--,--,--,--,--,--,--,--,*
014,淡江大學,014142,無,日本語文學系,,105,一般,後標,--,--,--,--,--,--,3,--,--,--,6,--,--,--,社會8,國文11,--,--,--,--,--,--,--,--,--,*
014,淡江大學,014152,無,財務金融學系,,60,一般,--,--,--,底標,--,--,--,3,4,--,5,--,--,--,--,數學B6,英文8,國文11,--,--,--,--,--,--,--,--,*
014,淡江大學,014162,無,財務金融學系全球財務管理全英語學士班,,30,一般,--,後標,--,--,--,--,--,4,3,--,5,--,--,--,--,數學B5,國文9,英文7,--,--,--,--,--,--,--,--,*
014,淡江大學,014172,無,國際企業學系經貿管理組,,44,一般,--,後標,--,--,--,--,--,9,6,--,--,15,--,國英社×3,--,--,國文7,英文8,國英社31,--,--,--,--,--,--,--,*
014,淡江大學,014182,無,國際企業學系國際商學全英語組,,36,一般,--,均標,--,--,--,--,--,9,6,--,--,15,--,國英社×3,--,社會3,國文4,英文8,國英社27,--,--,--,--,--,--,--,*
014,淡江大學,014192,無,風險管理與保險學系,,57,一般,底標,--,--,--,--,--,--,3,--,--,5,--,--,--,--,數學B5,國文10,--,--,--,--,--,--,--,--,--,*
014,淡江大學,014202,無,經濟學系,,72,一般,後標,--,--,--,--,--,--,8,6,--,3,--,--,--,--,國文9,英文4,數學B7,--,--,--,--,--,--,--,--,*
014,淡江大學,014212,無,會計學系,,92,一般,後標,--,--,--,--,--,--,9,5,--,--,6,--,國英社×3,--,國文9,--,英文2,國英社27,--,--,--,--,--,--,--,*
014,淡江大學,014222,無,企業管理學系,,60,一般,後標,--,--,--,--,--,--,4,3,--,--,3,--,--,--,國文11,(英文+社會)18,--,--,--,--,--,--,--,--,--,*
014,淡江大學,014232,無,企業管理學系全英語學士班,,25,一般,--,均標,--,--,--,--,--,5,3,--,--,--,--,--,--,國文8,英文10,--,--,--,--,--,--,--,--,--,*
014,淡江大學,014242,無,統計與資料科學學系,,88,一般,--,--,--,底標,--,--,--,--,--,--,6,--,--,國數B×3,--,數學B5,國數B16,--,--,--,--,--,--,--,--,--,*
014,淡江大學,014252,無,資訊管理學系,,68,一般,--,--,--,後標,--,--,--,5,4,--,3,--,--,--,--,國文10,英文7,數學B7,--,--,--,--,--,--,--,--,*
014,淡江大學,014262,無,運輸管理學系,,79,一般,--,--,--,底標,--,--,--,3,3,--,3,--,--,--,--,(國文+英文+數學B)23,--,--,--,--,--,--,--,--,--,--,*
014,淡江大學,014272,無,公共行政暨法律學系,,40,一般,--,--,--,--,後標,--,--,3,--,--,--,3,--,--,--,(國文+社會)24,--,--,--,--,--,--,--,--,--,--,*
014,淡江大學,014282,無,管理科學學系,,38,一般,底標,--,--,--,--,--,--,5,3,--,4,--,--,--,--,國文8,數學B4,英文5,--,--,--,--,--,--,--,--,*
014,淡江大學,014292,無,外交與國際關係學系全英語學士班,,30,一般,--,均標,--,--,--,--,--,7,3,--,--,6,--,--,--,國文2,--,英文9,--,--,--,--,--,--,--,--,*
014,淡江大學,014302,無,國際觀光管理學系全英語學士班,,48,一般,--,後標,--,--,--,--,--,--,3,--,--,--,--,--,--,英文8,--,--,--,--,--,--,--,--,--,--,*
014,淡江大學,014312,無,全球政治經濟學系全英語學士班,,28,一般,--,後標,--,--,--,--,--,--,3,--,--,--,--,--,--,英文8,--,--,--,--,--,--,--,--,--,--,*
014,淡江大學,014322,無,應用數學與數據科學學系,,33,一般,--,--,底標,--,--,--,--,--,--,3,--,--,--,--,--,數學A9,--,--,--,--,--,--,--,--,--,--,*
014,淡江大學,014332,無,化學學系,,55,一般,--,--,--,--,--,後標,--,--,6,--,--,--,3,--,--,英文6,自然10,--,--,--,--,--,--,--,--,--,*
014,淡江大學,014342,無,物理學系(量子材料組),,43,一般,--,--,後標,--,--,--,--,--,--,6,--,--,3,--,--,數學A7,自然10,--,--,--,--,--,--,--,--,--,*
014,淡江大學,014352,無,物理學系(天文與基礎物理組),,12,一般,--,--,後標,--,--,後標,--,--,--,6,--,--,3,--,--,數學A8,自然10,--,--,--,--,--,--,--,--,--,*
014,淡江大學,014362,無,建築學系,,27,一般,後標,後標,後標,後標,--,--,--,3,6,--,--,--,--,--,--,英文8,國文12,--,--,--,--,--,--,--,--,--,*
014,淡江大學,014372,無,土木工程學系,,63,一般,--,後標,--,--,--,--,--,--,3,--,--,--,3,--,--,(英文+自然)17,--,--,--,--,--,--,--,--,--,--,*
014,淡江大學,014382,無,資訊工程學系A組,,67,一般,--,--,後標,--,--,--,--,--,--,3,--,--,--,--,--,數學A10,--,--,--,--,--,--,--,--,--,--,*
014,淡江大學,014392,無,資訊工程學系B組,,20,一般,--,後標,後標,--,--,--,--,--,6,6,--,--,--,英數A×3,--,(英文+數學A)12,英數A17,--,--,--,--,--,--,--,--,--,*
014,淡江大學,014402,無,資訊工程學系全英語學士班,,29,一般,--,--,--,後標,--,--,--,--,3,--,5,--,--,--,--,數學B3,英文8,--,--,--,--,--,--,--,--,--,--
014,淡江大學,014412,無,機械與機電工程學系,,62,一般,--,--,底標,--,--,--,--,7,6,5,--,--,5,國英數A自×3,--,國文3,英文4,(數學A+自然)14,國英數A自35,--,--,--,--,--,--,--,*
014,淡江大學,014422,無,電機工程學系(電機資訊組),,50,一般,--,--,後標,--,--,--,--,6,6,--,--,--,3,--,--,(國文+英文)18,自然11,--,--,--,--,--,--,--,--,--,*
014,淡江大學,014432,無,電機工程學系(電機通訊組),,36,一般,--,--,後標,--,--,--,--,6,--,--,--,--,3,--,--,國文11,自然10,--,--,--,--,--,--,--,--,--,*
014,淡江大學,014442,無,電機工程學系(電機與系統組),,36,一般,--,--,後標,--,--,--,--,--,6,--,--,--,3,--,--,英文9,自然11,--,--,--,--,--,--,--,--,--,*
014,淡江大學,014452,無,化學工程與材料工程學系,,40,一般,--,--,--,--,--,後標,--,--,--,3,--,--,3,--,--,(數學A+自然)20,--,--,--,--,--,--,--,--,--,--,*
014,淡江大學,014462,無,航空太空工程學系,,105,一般,--,--,後標,均標,--,後標,--,--,6,--,--,--,3,--,--,英文6,自然10,--,--,--,--,--,--,--,--,--,*
014,淡江大學,014472,無,水資源及環境工程學系,,45,一般,--,--,後標,--,--,後標,--,4,--,--,--,--,--,國數A自×3,--,國文10,國數A自26,--,--,--,--,--,--,--,--,--,*
014,淡江大學,014482,無,人工智慧學系,,107,一般,--,--,後標,均標,--,--,--,4,--,--,--,--,--,國英自×3,--,國文10,國英自26,--,--,--,--,--,--,--,--,--,*
014,淡江大學,014532,無,教育與未來設計學系(青年儲蓄帳戶組),,1,一般,後標,--,--,--,--,--,--,--,--,--,--,--,--,--,--,--,--,--,--,--,--,--,--,--,--,--,--
014,淡江大學,014542,無,會計學系(青年儲蓄帳戶組),,3,一般,後標,後標,--,--,--,--,--,--,--,--,--,--,--,--,--,--,--,--,--,--,--,--,--,--,--,--,--
014,淡江大學,014552,無,管理科學學系(青年儲蓄帳戶組),,1,一般,底標,--,--,--,--,--,--,--,--,--,--,--,--,--,--,--,--,--,--,--,--,--,--,--,--,--,--
014,淡江大學,014562,無,建築學系(青年儲蓄帳戶組),,1,一般,後標,後標,--,--,--,--,--,--,--,--,--,--,--,--,--,--,--,--,--,--,--,--,--,--,--,--,--
014,淡江大學,014492,無,資訊工程學系(APCS組),,10,APCS,--,--,後標,--,--,--,--,--,15,--,--,--,--,--,程式識讀(檢定2級、倍率5)；程式實作(檢定2級、倍率5),英文2,(APCS讀+APCS實作)5,--,--,--,--,--,--,--,--,--,*
014,淡江大學,014502,無,電機工程學系(APCS組),,6,APCS,--,--,後標,--,--,--,--,--,8,--,--,--,--,--,程式識讀(檢定2級、倍率15)；程式實作(檢定2級、倍率15),(APCS識讀+APCS實作)4,英文3,--,--,--,--,--,--,--,--,--,--
014,淡江大學,014512,無,人工智慧學系(APCS組),,3,APCS,--,--,後標,均標,--,--,--,16,--,--,--,--,--,--,程式識讀(檢定2級、倍率10)；程式實作(檢定2級、倍率10),國文8,(APCS讀+APCS實作)4,--,--,--,--,--,--,--,--,--,--
014,淡江大學,014522,無,資訊管理學系(APCS組),,6,APCS,--,--,--,後標,--,--,--,--,--,--,8,--,--,--,程式識讀(檢定2級、倍率15)；程式實作(檢定2級、倍率15),(APCS識讀+APCS實作)4,數學B3,--,--,--,--,--,--,--,--,--,--
015,逢甲大學,015012,無,機械與電腦輔助工程學系,,64,一般,--,--,--,--,--,後標,--,--,--,--,--,--,--,國數A自×3,--,國數A自30,--,--,--,--,--,--,--,--,--,--,*
015,逢甲大學,015022,無,纖維與複合材料學系,,31,一般,--,--,--,--,--,後標,--,--,--,--,--,--,--,國數A自×3,--,國數A自29,--,--,--,--,--,--,--,--,--,--,*
015,逢甲大學,015032,無,工業工程與系統管理學系A組,,30,一般,--,--,後標,--,--,--,--,--,--,--,--,--,--,國英數A×3,--,國英數A28,--,--,--,--,--,--,--,--,--,--,*
015,逢甲大學,015042,無,工業工程與系統管理學系B組,,47,一般,--,--,--,後標,--,--,--,--,--,--,--,--,--,國英數B×3,--,國英數B27,--,--,--,--,--,--,--,--,--,--,*
015,逢甲大學,015052,無,化學工程學系,,62,一般,--,後標,--,--,--,後標,--,--,--,--,--,--,--,國英數A自×3,--,國英數A自41,--,--,--,--,--,--,--,--,--,--,*
015,逢甲大學,015062,無,航太與系統工程學系,,74,一般,--,--,--,--,--,後標,--,--,--,--,--,--,--,國英數A自×3,--,國英數A自39,--,--,--,--,--,--,--,--,--,--,*
015,逢甲大學,015072,無,精密系統設計學士學位學程,,28,一般,--,後標,--,--,--,--,--,--,--,--,--,--,--,國英數A×3,--,國英數A27,--,--,--,--,--,--,--,--,--,--,*
015,逢甲大學,015082,無,應用數學系A組,,43,一般,--,--,後標,--,--,--,--,--,--,--,--,--,--,國英數A×3,--,國英數A26,--,--,--,--,--,--,--,--,--,--,*
015,逢甲大學,015092,無,應用數學系B組,,22,一般,--,--,--,後標,--,--,--,--,--,--,--,--,--,國英數B×3,--,國英數B23,--,--,--,--,--,--,--,--,--,--,*
015,逢甲大學,015102,無,材料科學與工程學系,,70,一般,--,後標,--,--,--,後標,--,--,--,--,--,--,--,國英數A自×3,--,國英數A自42,--,--,--,--,--,--,--,--,--,--,*
015,逢甲大學,015112,無,環境工程與科學學系,,71,一般,--,--,--,--,--,後標,--,--,--,--,--,--,--,國數A自×3,--,國數A自29,--,--,--,--,--,--,--,--,--,--,*
015,逢甲大學,015122,無,光電科學與工程學系,,72,一般,--,後標,後標,--,--,--,--,--,--,--,--,--,--,國英數A自×3,--,國英數A自40,--,--,--,--,--,--,--,--,--,--,*
015,逢甲大學,015132,無,會計學系,,85,一般,--,後標,--,--,後標,--,--,--,3,--,--,4,--,--,--,社會10,英文7,--,--,--,--,--,--,--,--,--,*
015,逢甲大學,015142,無,國際經營與貿易學系,,88,一般,--,後標,--,後標,--,--,--,--,--,--,--,--,--,國英數B社×3,--,國英數B社35,--,--,--,--,--,--,--,--,--,--,*
015,逢甲大學,015152,無,國際企業管理全英語學士學位學程,,30,一般,--,後標,--,--,--,--,--,--,3,--,--,--,--,國英數B×4,--,國英數B22,英文10,--,--,--,--,--,--,--,--,--,*
015,逢甲大學,015162,無,財稅學系,,63,一般,--,後標,--,--,後標,--,--,--,--,--,--,3,--,--,--,社會11,--,--,--,--,--,--,--,--,--,--,*
015,逢甲大學,015172,無,合作經濟暨社會事業經營學系,,12,一般,--,後標,--,--,後標,--,--,--,4,--,--,--,--,國英數B社×6,--,國英數B社31,英文8,--,--,--,--,--,--,--,--,--,*
015,逢甲大學,015182,無,統計學系商業大數據組,,34,一般,--,--,--,後標,--,--,--,--,--,--,--,--,--,國英數B×3,--,國英數B23,--,--,--,--,--,--,--,--,--,--,*
015,逢甲大學,015192,無,統計學系大數據分析與市場決策組,,34,一般,後標,--,--,後標,--,--,--,--,--,--,3,--,--,國英數B×5,--,國英數B21,數學B8,--,--,--,--,--,--,--,--,--,*
015,逢甲大學,015202,無,經濟學系,,66,一般,--,後標,--,後標,--,--,--,--,--,--,5,3,--,--,--,數學B3,社會10,--,--,--,--,--,--,--,--,--,*
015,逢甲大學,015212,無,企業管理學系,,56,一般,後標,後標,--,--,--,--,--,--,--,--,--,--,--,國英社×3,--,國英社30,--,--,--,--,--,--,--,--,--,--,*
015,逢甲大學,015222,無,行銷學系,,81,一般,後標,後標,--,--,--,--,--,3,3,--,--,--,--,--,--,(國文+英文)19,--,--,--,--,--,--,--,--,--,--,*
015,逢甲大學,015232,無,中國文學系,,30,一般,均標,後標,--,--,--,--,--,3,--,--,--,4,--,--,--,社會9,國文10,--,--,--,--,--,--,--,--,--,*
015,逢甲大學,015242,無,外國語文學系,,50,一般,--,均標,--,--,--,--,--,--,3,--,--,--,--,國英社×5,--,國英社26,英文10,--,--,--,--,--,--,--,--,--,*
015,逢甲大學,015252,無,資訊工程學系,,99,一般,--,後標,後標,--,--,--,--,--,--,5,--,--,--,國英數A×3,--,數學A8,國英數A30,--,--,--,--,--,--,--,--,--,*
015,逢甲大學,015282,無,電子工程學系,,76,一般,--,後標,後標,--,--,--,--,--,--,--,--,--,--,國英數A自×3,--,國英數A自42,--,--,--,--,--,--,--,--,--,--,*
015,逢甲大學,015292,無,電機工程學系,,70,一般,--,後標,後標,--,--,--,--,--,--,--,--,--,--,國英數A自×3,--,國英數A自45,--,--,--,--,--,--,--,--,--,--,*
015,逢甲大學,015302,無,自動控制工程學系,,79,一般,--,後標,後標,--,--,--,--,--,--,--,--,--,--,國英數A×3,--,國英數A28,--,--,--,--,--,--,--,--,--,--,*
015,逢甲大學,015312,無,資訊電機學院學士班,,80,一般,--,後標,後標,--,--,--,--,--,--,--,--,--,--,國英數A×3,--,國英數A30,--,--,--,--,--,--,--,--,--,--,*
015,逢甲大學,015322,無,通訊工程學系,,77,一般,--,後標,後標,--,--,--,--,--,--,--,--,--,--,國英數A×3,--,國英數A28,--,--,--,--,--,--,--,--,--,--,*
015,逢甲大學,015332,無,土木工程學系,,59,一般,--,後標,後標,--,--,--,--,--,--,--,--,--,--,國英數A自×3,--,國英數A自37,--,--,--,--,--,--,--,--,--,--,*
015,逢甲大學,015342,無,水利工程與資源保育學系,,59,一般,--,後標,後標,--,--,--,--,--,--,--,--,--,--,國英數A×3,--,國英數A21,--,--,--,--,--,--,--,--,--,--,*
015,逢甲大學,015352,無,都市計畫與空間資訊學系,,68,一般,後標,後標,--,--,後標,--,--,--,--,--,--,--,--,國英社×3,--,國英社28,--,--,--,--,--,--,--,--,--,--,*
015,逢甲大學,015362,無,運輸與物流學系,,73,一般,後標,後標,--,後標,--,--,--,--,5,--,4,--,--,國英數B×3,--,英文5,數學B4,國英數B22,--,--,--,--,--,--,--,--,*
015,逢甲大學,015372,無,土地管理學系,,69,一般,後標,後標,--,--,後標,--,--,--,--,--,--,--,--,國英數B社×3,--,國英數B社31,--,--,--,--,--,--,--,--,--,--,*
015,逢甲大學,015382,無,財務金融學系,,100,一般,--,後標,--,後標,--,--,--,--,--,--,--,--,--,國英數B×3,--,國英數B27,--,--,--,--,--,--,--,--,--,--,*
015,逢甲大學,015392,無,風險管理與保險學系,,68,一般,後標,後標,--,--,--,--,--,--,--,--,--,--,--,國英數B×3,--,國英數B22,--,--,--,--,--,--,--,--,--,--,*
015,逢甲大學,015402,無,財務工程與精算學士學位學程,,34,一般,--,後標,--,後標,--,--,--,--,--,--,--,--,--,國英數B×3,--,國英數B24,--,--,--,--,--,--,--,--,--,--,*
015,逢甲大學,015412,無,金融學院學士班,,24,一般,--,後標,--,後標,--,--,--,--,--,--,--,--,--,國英數B×3,--,國英數B25,--,--,--,--,--,--,--,--,--,--,*
015,逢甲大學,015422,無,室內設計學士學位學程,,21,一般,均標,後標,--,--,--,--,--,3,3,--,--,--,--,--,--,(國文+英文)20,--,--,--,--,--,--,--,--,--,--,*
015,逢甲大學,015432,無,建築專業學院學士班,,61,一般,均標,後標,--,--,--,--,--,3,3,3,--,--,--,--,--,(國文+英文+數學A)26,--,--,--,--,--,--,--,--,--,--,*
015,逢甲大學,015442,無,澳洲墨爾本皇家理工大學商學與創新雙學士學位學程,,15,一般,--,均標,--,後標,--,--,--,--,3,--,--,--,--,英數B×5,--,英數B12,英文9,--,--,--,--,--,--,--,--,--,*
015,逢甲大學,015452,無,澳洲昆士蘭大學商學雙學士學位學程,,11,一般,--,均標,--,均標,--,--,--,--,4,--,--,--,--,英數B×5,--,英數B15,英文9,--,--,--,--,--,--,--,--,--,*
015,逢甲大學,015462,無,澳洲新南威爾斯大學設計雙學士學位學程,,8,一般,--,均標,--,--,--,--,--,--,5,--,--,--,--,--,--,英文9,--,--,--,--,--,--,--,--,--,--,*
015,逢甲大學,015472,無,澳洲昆士蘭大學電機工程雙學士學位學程,,10,一般,--,均標,均標,--,--,--,--,--,--,3,--,--,--,英數A×4,--,英數A19,數學A9,--,--,--,--,--,--,--,--,--,*
015,逢甲大學,015482,無,澳洲蒙納許大學資訊工程雙學士學位學程,,13,一般,--,均標,後標,--,--,--,--,--,--,3,--,--,--,英數A×4,--,英數A13,數學A6,--,--,--,--,--,--,--,--,--,*
015,逢甲大學,015492,無,美國加州聖荷西州立大學商學大數據分析雙學士學位學程,,12,一般,--,均標,--,後標,--,--,--,--,3,--,--,--,--,英數B×4,--,英數B13,英文9,--,--,--,--,--,--,--,--,--,*
015,逢甲大學,015502,無,美國加州聖荷西州立大學電機工程雙學士學位學程,,13,一般,--,均標,後標,--,--,--,--,--,--,3,--,--,--,英數A×4,--,英數A19,數學A9,--,--,--,--,--,--,--,--,--,--
015,逢甲大學,015512,無,美國加州舊金山州立大學資訊工程雙學士學位學程,,8,一般,--,均標,後標,--,--,--,--,--,--,3,--,--,--,英數A×4,--,英數A16,數學A7,--,--,--,--,--,--,--,--,--,*
015,逢甲大學,015522,無,人工智慧技術與應用學士學位學程,,39,一般,--,後標,後標,--,--,--,--,--,--,3,--,--,--,國英數A×5,--,國英數A25,數學A9,--,--,--,--,--,--,--,--,--,*
015,逢甲大學,015532,無,人工智慧技術與應用學士學位學程(資安組),,5,一般,--,後標,後標,--,--,--,--,--,--,5,--,--,--,國英數A×8,--,國英數A17,數學A6,--,--,--,--,--,--,--,--,--,*
015,逢甲大學,015262,無,資訊工程學系(APCS組),,5,APCS,--,後標,後標,--,--,--,--,--,--,8,--,--,--,國英數A×5,程式識讀(檢定2級、倍率10)；程式實作(檢定2級、倍率10),(APCS識讀+APCS實作)5,數學A7,國英數A26,--,--,--,--,--,--,--,--,*
015,逢甲大學,015272,無,資訊工程學系(資安組),,5,APCS,--,後標,後標,--,--,--,--,--,--,8,--,--,--,國英數A×5,程式識讀(檢定2級、倍率10)；程式實作(檢定2級、倍率10),(APCS識讀+APCS實作)4,數學A6,國英數A25,--,--,--,--,--,--,--,--,--
016,國立中央大學,016012,無,中國文學系,,21,一般,前標,均標,--,--,均標,--,--,3,5,--,--,--,--,--,--,英文9,國文14,--,--,--,--,--,--,--,--,--,*
016,國立中央大學,016022,無,英美語文學系,,13,一般,均標,前標,--,--,均標,--,--,8,3.5,--,--,--,--,--,--,國文11,英文14,--,--,--,--,--,--,--,--,--,*
016,國立中央大學,016032,無,法國語文學系,,16,一般,前標,前標,--,--,前標,--,--,6,3,--,--,10,--,--,--,社會12,國文12,英文12,--,--,--,--,--,--,--,--,--
016,國立中央大學,016042,無,文學院學士班,,8,一般,前標,前標,--,--,均標,--,--,4,3,--,--,5,--,國英數B社×6,--,國英數B社41,社會11,國文12,英文13,--,--,--,--,--,--,--,*
016,國立中央大學,016052,無,數學系數學科學組,,19,一般,--,均標,前標,--,--,均標,--,--,8,3,--,--,8,--,--,(英文+自然)22,數學A12,--,--,--,--,--,--,--,--,--,*
016,國立中央大學,016062,無,數學系計算與資料科學組,,19,一般,--,均標,前標,--,--,均標,--,--,8,3,--,--,8,--,--,(英文+自然)21,數學A13,--,--,--,--,--,--,--,--,--,*
016,國立中央大學,016072,無,物理學系,,26,一般,--,均標,均標,--,--,均標,--,--,--,6,--,--,3,--,--,數學A12,自然13,--,--,--,--,--,--,--,--,--,*
016,國立中央大學,016082,無,化學學系,,19,一般,均標,均標,均標,--,--,均標,--,--,3,3,--,--,3,--,--,(英文+數學A+自然)38,--,--,--,--,--,--,--,--,--,--,*
016,國立中央大學,016092,無,光電科學與工程學系,,17,一般,均標,均標,均標,--,--,均標,--,--,4,3,--,--,5,--,--,自然13,英文13,數學A11,--,--,--,--,--,--,--,--,*
016,國立中央大學,016102,無,理學院學士班,,8,一般,均標,均標,均標,--,--,均標,--,--,--,--,--,--,4,數A自×8,--,數A自24,自然14,--,--,--,--,--,--,--,--,--,*
016,國立中央大學,016112,無,土木工程學系,,41,一般,均標,均標,均標,--,--,均標,--,--,--,--,--,--,--,英數A自×3,--,英數A自35,--,--,--,--,--,--,--,--,--,--,*
016,國立中央大學,016122,無,機械工程學系先進材料與精密製造組,,19,一般,--,均標,均標,--,--,均標,--,--,--,3,--,--,3,國英數A自×10,--,國英數A自46,(數學A+自然)26,--,--,--,--,--,--,--,--,--,*
016,國立中央大學,016132,無,機械工程學系光機電工程組,,19,一般,--,均標,均標,--,--,均標,--,--,--,3,--,--,3,國英數A自×10,--,國英數A自47,(數學A+自然)26,--,--,--,--,--,--,--,--,--,*
016,國立中央大學,016142,無,機械工程學系智慧系統與永續能源組,,19,一般,--,均標,均標,--,--,均標,--,--,--,3,--,--,3,國英數A自×10,--,國英數A自44,(數學A+自然)25,--,--,--,--,--,--,--,--,--,*
016,國立中央大學,016152,無,機械工程學系前瞻半導體國際組,,6,一般,--,均標,均標,--,--,均標,--,--,--,3,--,--,3,國英數A自×10,--,國英數A自47,(數學A+自然)25,--,--,--,--,--,--,--,--,--,*
016,國立中央大學,016162,無,化學工程與材料工程學系,,27,一般,--,均標,均標,--,--,頂標,--,--,--,3,--,--,--,--,--,數學A13,--,--,--,--,--,--,--,--,--,--,*
016,國立中央大學,016172,無,工學院學士班,,12,一般,--,--,--,--,均標,均標,--,--,--,--,--,3.5,3.5,--,--,(社會+自然)27,--,--,--,--,--,--,--,--,--,--,*
016,國立中央大學,016182,無,企業管理學系,,47,一般,前標,前標,--,前標,--,--,--,10,10,--,10,--,--,數B社×3,--,(國文+英文+數學B)32,數B社23,--,--,--,--,--,--,--,--,--,*
016,國立中央大學,016192,無,資訊管理學系,,34,一般,均標,均標,均標,--,--,--,--,--,3,4,--,--,10,--,--,--,數學A10,英文13,--,--,--,--,--,--,--,--,*
016,國立中央大學,016212,無,經濟學系,,24,一般,均標,均標,--,前標,--,--,--,10,10,--,3,--,--,--,--,(國文+英文)23,數學B13,--,--,--,--,--,--,--,--,--,*
016,國立中央大學,016222,無,財務金融學系,,25,一般,前標,前標,--,前標,均標,--,--,10,10,--,10,8,--,英數B社×3,--,(國文+英文+數學B)35,社會12,英數B社38,--,--,--,--,--,--,--,--,*
016,國立中央大學,016232,無,電機工程學系,,58,一般,均標,前標,前標,--,--,前標,--,--,3,3,--,--,3,--,--,(英文+數學A+自然)40,--,--,--,--,--,--,--,--,--,--,*
016,國立中央大學,016242,無,資訊工程學系,,50,一般,均標,前標,前標,--,--,前標,--,--,10,5,--,--,10,英數A自×3,--,(英文+自然)23,數學A10,英數A自39,--,--,--,--,--,--,--,--,*
016,國立中央大學,016272,無,通訊工程學系,,19,一般,均標,前標,前標,--,--,前標,--,5,3,3,--,--,5,國英數A自×3.5,--,(國文+自然)26,國英數A自51,(英文+數學A)25,--,--,--,--,--,--,--,--,*
016,國立中央大學,016282,無,資訊電機學院學士班,,9,一般,均標,前標,前標,--,--,前標,--,12,5,5,--,--,5,--,--,國文10,(英文+數學A+自然)39,--,--,--,--,--,--,--,--,--,*
016,國立中央大學,016292,無,大氣科學學系,,14,一般,均標,均標,前標,--,--,前標,--,--,--,6,--,--,6,英數A自×3.5,--,(數學A+自然)22,英數A自34,--,--,--,--,--,--,--,--,--,*
016,國立中央大學,016302,無,太空科學與工程學系,,13,一般,均標,均標,前標,--,--,前標,--,--,--,6,--,--,6,英數A自×3.5,--,(數學A+自然)23,英數A自37,--,--,--,--,--,--,--,--,--,*
016,國立中央大學,016312,無,地球科學學系,,34,一般,均標,均標,前標,--,--,前標,--,--,--,--,--,--,--,英數A自×3,--,英數A自34,--,--,--,--,--,--,--,--,--,--,--
016,國立中央大學,016322,無,地球科學學院學士班,,9,一般,均標,均標,前標,--,--,前標,--,--,5,5,--,--,5,數A自×4,--,(英文+數學A+自然)31,數A自23,--,--,--,--,--,--,--,--,--,--
016,國立中央大學,016332,無,客家語文暨社會科學學系客家語文及傳播組,,9,一般,前標,均標,--,--,前標,--,--,4,--,--,--,4,--,--,--,(國文+社會)24,--,--,--,--,--,--,--,--,--,--,--
016,國立中央大學,016342,無,客家語文暨社會科學學系客家社會及政策組,,12,一般,前標,均標,--,--,前標,--,--,4,--,--,--,4,--,--,--,(國文+社會)24,--,--,--,--,--,--,--,--,--,--,--
016,國立中央大學,016352,無,法律與政府學系,,8,一般,前標,前標,--,均標,前標,--,--,3,3,--,--,3,--,--,--,(國文+英文+社會)40,--,--,--,--,--,--,--,--,--,--,*
016,國立中央大學,016362,無,生命科學系,,12,一般,--,均標,均標,--,--,前標,--,--,--,8,--,--,3,--,--,數學A8,自然13,--,--,--,--,--,--,--,--,--,*
016,國立中央大學,016372,無,生醫科學與工程學系,,14,一般,--,前標,前標,--,--,前標,--,--,4,3,--,--,3,--,--,英文13,(數學A+自然)24,--,--,--,--,--,--,--,--,--,*
016,國立中央大學,016382,無,向日葵聯合招生甲組(電資),,3,一般,均標,均標,均標,--,--,均標,--,--,6,6,--,--,--,國英數A自×7,--,國英數A自46,(英文+數學A)22,--,--,--,--,--,--,--,--,--,*
016,國立中央大學,016392,無,向日葵聯合招生乙組(商管),,5,一般,均標,均標,--,均標,均標,--,--,--,5,--,5,--,--,國英數B社×6,--,國英數B社41,(英文+數學B)19,--,--,--,--,--,--,--,--,--,*
016,國立中央大學,016402,無,向日葵聯合招生丙組(理學),,11,一般,均標,均標,均標,--,--,均標,--,--,--,3.5,--,--,3.5,國英數A自×5,--,國英數A自40,(數學A+自然)20,--,--,--,--,--,--,--,--,--,*
016,國立中央大學,016412,無,向日葵聯合招生丁組(工程),,10,一般,均標,均標,均標,--,--,均標,--,--,--,5,--,--,5,國英數A自×6,--,國英數A自41,(數學A+自然)21,--,--,--,--,--,--,--,--,--,*
016,國立中央大學,016422,無,向日葵聯合招生戊組(人社),,9,一般,均標,均標,--,--,均標,--,--,5.5,5.5,--,--,--,--,國英社×7,--,國英社28,(國文+英文)18,--,--,--,--,--,--,--,--,--,--
016,國立中央大學,016202,無,資訊管理學系(APCS組),,3,APCS,均標,前標,前標,--,--,均標,--,--,10,12,--,--,--,--,程式識讀(檢定3級、倍率9)；程式實作(檢定3級、倍率9),數學A10,英文11,(APCS識讀+APCS實作)6,--,--,--,--,--,--,--,--,--
016,國立中央大學,016252,無,資訊工程學系(APCS組),,3,APCS,--,均標,前標,--,--,前標,--,--,7,5,--,--,8.5,英數A自×9,程式識讀(檢定4級、倍率10)；程式實作(檢定4級、倍率10),(APCS識讀+APCS實作)8,英數A自34,自然12,英文10,數學A11,--,--,--,--,--,--,--
016,國立中央大學,016262,無,資訊工程學系(資安組),,3,APCS,--,均標,前標,--,--,前標,--,--,8,20,--,--,7,--,程式識讀(檢定4級、倍率10)；程式實作(檢定4級、倍率10),數學A12,(APCS識讀+APCS實作)8,英文13,自然15,--,--,--,--,--,--,--,--
017,中國文化大學,017012,無,哲學與歷史學系(哲學組),,11,一般,底標,--,--,--,--,--,--,4.5,--,--,--,--,--,--,--,國文8,--,--,--,--,--,--,--,--,--,--,*
017,中國文化大學,017022,無,哲學與歷史學系(史學組),,11,一般,--,--,--,--,底標,--,--,--,--,--,--,4.5,--,國社×10,--,國社16,社會11,--,--,--,--,--,--,--,--,--,*
017,中國文化大學,017032,無,中國文學系,,11,一般,底標,--,--,--,--,--,--,5,--,--,--,10,--,國社×4.5,--,社會8,國文10,國社20,--,--,--,--,--,--,--,--,*
017,中國文化大學,017042,無,日本語文學系,,18,一般,底標,--,--,--,--,--,--,3,--,--,--,--,--,--,--,國文11,--,--,--,--,--,--,--,--,--,--,*
017,中國文化大學,017052,無,韓國語文學系,,64,一般,底標,--,--,--,--,--,--,3,3,--,--,--,--,--,--,(國文+英文)15,--,--,--,--,--,--,--,--,--,--,*
017,中國文化大學,017062,無,歐美語文學系,,12,一般,底標,--,--,--,--,--,--,4,6,--,--,--,--,--,--,英文7,國文9,--,--,--,--,--,--,--,--,--,*
017,中國文化大學,017072,無,全球商務學士學位學程,,11,一般,--,底標,--,--,--,--,--,--,4.5,--,--,--,--,--,--,英文7,--,--,--,--,--,--,--,--,--,--,*
017,中國文化大學,017082,無,應用數學系,,20,一般,--,--,底標,--,--,--,--,--,--,3,--,--,--,--,--,數學A7,--,--,--,--,--,--,--,--,--,--,*
017,中國文化大學,017092,無,光電物理學系,,26,一般,--,--,--,--,--,底標,--,--,--,--,--,--,3,--,--,自然5,--,--,--,--,--,--,--,--,--,--,--
017,中國文化大學,017102,無,化學系,,26,一般,--,--,--,--,--,底標,--,3,--,--,--,--,3,--,--,(國文+自然)18,--,--,--,--,--,--,--,--,--,--,*
017,中國文化大學,017112,無,地理學系,,14,一般,底標,--,--,--,--,--,--,6,--,--,--,3.5,--,--,--,國文7,社會10,--,--,--,--,--,--,--,--,--,*
017,中國文化大學,017122,無,大氣與地質科學系,,25,一般,--,--,底標,底標,--,--,--,3,--,--,--,--,--,--,--,國文9,--,--,--,--,--,--,--,--,--,--,*
017,中國文化大學,017132,無,生命科學系,,25,一般,底標,--,--,--,--,--,--,3,--,--,--,--,--,--,--,國文10,--,--,--,--,--,--,--,--,--,--,*
017,中國文化大學,017142,無,化學工程與材料工程學系,,65,一般,--,--,底標,--,--,底標,--,3,3,3,--,--,3,--,--,(國文+英文+數學A+自然)24,--,--,--,--,--,--,--,--,--,--,*
017,中國文化大學,017152,無,電機工程學系,,72,一般,--,--,底標,--,--,--,--,--,--,3,--,--,--,--,--,數學A7,--,--,--,--,--,--,--,--,--,--,*
017,中國文化大學,017162,無,機械工程學系,,36,一般,--,--,底標,底標,--,--,--,3,3,--,--,--,3,--,--,(國文+英文+自然)24,--,--,--,--,--,--,--,--,--,--,*
017,中國文化大學,017172,無,紡織科技創新與應用工程學系,,23,一般,底標,--,--,--,--,--,--,3,--,--,--,--,--,--,--,國文8,--,--,--,--,--,--,--,--,--,--,*
017,中國文化大學,017182,無,資訊工程學系,,36,一般,--,--,底標,底標,--,--,--,3,--,--,--,--,--,--,--,國文10,--,--,--,--,--,--,--,--,--,--,*
017,中國文化大學,017192,無,法律學系,,110,一般,底標,--,--,--,--,--,--,3,--,--,--,5,--,--,--,社會8,國文10,--,--,--,--,--,--,--,--,--,*
017,中國文化大學,017202,無,政治與經濟學系,,25,一般,底標,--,--,--,--,--,--,3,--,--,--,--,--,--,--,國文7,--,--,--,--,--,--,--,--,--,--,*
017,中國文化大學,017212,無,勞動暨人力資源學系,,11,一般,底標,--,--,--,--,--,--,4.5,--,--,--,--,--,--,--,國文9,--,--,--,--,--,--,--,--,--,--,*
017,中國文化大學,017222,無,社會福利學系,,9,一般,底標,--,--,--,--,--,--,10,--,--,--,5.5,--,--,--,國文8,社會10,--,--,--,--,--,--,--,--,--,*
017,中國文化大學,017232,無,行政管理學系,,12,一般,底標,--,--,--,--,--,--,4,--,--,--,--,--,--,--,國文10,--,--,--,--,--,--,--,--,--,--,*
017,中國文化大學,017242,無,動物科學保健暨園藝科技學系(園藝科技組),,14,一般,底標,--,--,--,--,--,--,3.5,--,--,--,--,--,--,--,國文7,--,--,--,--,--,--,--,--,--,--,*
017,中國文化大學,017252,無,動物科學保健暨園藝科技學系(動物科學組),,16,一般,底標,--,--,--,--,--,--,3,--,--,--,--,--,--,--,國文10,--,--,--,--,--,--,--,--,--,--,*
017,中國文化大學,017262,無,森林暨自然保育學系,,21,一般,--,--,--,--,--,底標,--,6,--,--,--,--,3,--,--,國文4,自然7,--,--,--,--,--,--,--,--,--,*
017,中國文化大學,017272,無,土地資源學系,,11,一般,底標,--,--,--,--,--,--,--,--,--,--,--,--,國英×4.5,--,國英14,--,--,--,--,--,--,--,--,--,--,*
017,中國文化大學,017282,無,家庭科學系,,17,一般,底標,--,--,--,--,--,--,3,--,--,--,--,--,--,--,國文9,--,--,--,--,--,--,--,--,--,--,*
017,中國文化大學,017292,無,都市計劃與開發管理學系(智慧城市與都市更新組),,11,一般,底標,--,--,--,--,--,--,4.5,--,--,--,--,9,--,--,--,國文7,--,--,--,--,--,--,--,--,--,--
017,中國文化大學,017302,無,都市計劃與開發管理學系(不動產投資與估價組),,12,一般,底標,--,--,--,--,--,--,4,--,--,--,9,--,--,--,社會4,國文8,--,--,--,--,--,--,--,--,--,*
017,中國文化大學,017312,無,建築及都市設計學系,,29,一般,底標,--,--,--,--,--,--,6,3,--,--,--,--,--,--,國文9,英文6,--,--,--,--,--,--,--,--,--,*
017,中國文化大學,017322,無,景觀學系,,16,一般,底標,--,--,--,--,--,--,3,3,--,--,--,--,--,--,(國文+英文)15,--,--,--,--,--,--,--,--,--,--,*
017,中國文化大學,017332,無,國際貿易學系,,31,一般,--,--,--,--,底標,--,--,--,--,--,--,3,--,--,--,社會10,--,--,--,--,--,--,--,--,--,--,*
017,中國文化大學,017342,無,國際企業管理學系,,30,一般,底標,--,--,--,--,--,--,3,--,--,--,--,--,--,--,國文10,--,--,--,--,--,--,--,--,--,--,*
017,中國文化大學,017352,無,會計學系,,26,一般,底標,--,--,--,--,--,--,3,--,--,--,--,--,--,--,國文9,--,--,--,--,--,--,--,--,--,--,*
017,中國文化大學,017362,無,觀光事業學系,,15,一般,底標,--,--,--,--,--,--,5,3,--,--,--,--,--,--,國文9,英文5,--,--,--,--,--,--,--,--,--,*
017,中國文化大學,017372,無,資訊管理學系(智慧商務科技組),,45,一般,底標,--,--,--,--,--,--,3,--,--,--,--,--,--,--,國文8,--,--,--,--,--,--,--,--,--,--,*
017,中國文化大學,017382,無,資訊管理學系(人工智慧組),,20,一般,--,--,--,底標,--,--,--,--,--,--,3,--,--,--,--,數學B6,--,--,--,--,--,--,--,--,--,--,*
017,中國文化大學,017392,無,財務金融學系金融行銷組,,16,一般,底標,--,--,--,--,--,--,--,--,--,--,3,--,--,--,社會11,--,--,--,--,--,--,--,--,--,--,*
017,中國文化大學,017402,無,財務金融學系財務金融組,,22,一般,底標,--,--,--,--,--,--,3,8,--,--,--,--,--,--,英文4,國文9,--,--,--,--,--,--,--,--,--,*
017,中國文化大學,017412,無,財務金融學系數位金融組,,14,一般,底標,--,--,--,--,--,--,3.5,--,--,--,6,--,--,--,社會10,國文9,--,--,--,--,--,--,--,--,--,*
017,中國文化大學,017422,無,行銷學士學位學程,,20,一般,--,--,--,--,底標,--,--,--,--,--,--,3,--,--,--,社會8,--,--,--,--,--,--,--,--,--,--,*
017,中國文化大學,017432,無,新聞學系,,17,一般,底標,--,--,--,--,--,--,3,--,--,--,--,--,--,--,國文11,--,--,--,--,--,--,--,--,--,--,*
017,中國文化大學,017442,無,廣告學系,,30,一般,底標,--,--,--,--,--,--,3,--,--,--,--,--,--,--,國文10,--,--,--,--,--,--,--,--,--,--,*
017,中國文化大學,017452,無,資訊傳播學系,,25,一般,底標,--,--,--,--,--,--,3,--,--,--,--,--,--,--,國文10,--,--,--,--,--,--,--,--,--,--,*
017,中國文化大學,017462,無,大眾傳播學系,,20,一般,--,--,--,--,底標,--,--,--,--,--,--,3,--,--,--,社會11,--,--,--,--,--,--,--,--,--,--,*
017,中國文化大學,017472,無,教育與學習科技學系,,18,一般,底標,--,--,--,--,--,--,3,--,--,--,--,--,--,--,國文9,--,--,--,--,--,--,--,--,--,--,*
017,中國文化大學,017482,無,心理輔導學系,,42,一般,--,底標,--,--,--,--,--,--,--,--,--,--,--,國英社×3,--,國英社28,--,--,--,--,--,--,--,--,--,--,*
017,中國文化大學,017492,無,保健營養學系,,14,一般,--,--,--,--,--,底標,--,--,--,--,--,--,--,國自×3.5,--,國自18,--,--,--,--,--,--,--,--,--,--,*
017,中國文化大學,017502,無,戲劇學系,,82,一般,底標,--,--,--,--,--,--,5,5,--,--,--,--,--,--,(國文+英文)11,--,--,--,--,--,--,--,--,--,--,*
017,中國文化大學,017512,無,音樂學系(西樂組),,8,術科(美術/體育/音樂),--,--,--,--,--,--,--,12,--,--,--,--,--,--,--,國文1,--,--,--,--,--,--,--,--,--,--,--
017,中國文化大學,017522,無,音樂學系(國樂組),,18,術科(美術/體育/音樂),--,--,--,--,--,--,--,7,--,--,--,--,--,--,--,國文1,--,--,--,--,--,--,--,--,--,--,--
017,中國文化大學,017532,無,音樂學系(應用組),,9,術科(美術/體育/音樂),--,--,--,--,--,--,--,12,--,--,--,--,--,--,--,國文3,--,--,--,--,--,--,--,--,--,--,--
017,中國文化大學,017542,無,美術學系,,51,術科(美術/體育/音樂),--,--,--,--,--,--,--,--,--,--,--,--,--,--,素描(檢定--、倍率8)；彩繪技法(檢定--、倍率8),(素描+彩繪技法)51,--,--,--,--,--,--,--,--,--,--,--
018,靜宜大學,018012,無,英國語文學系,,18,一般,--,底標,--,--,--,--,--,--,3,--,--,--,--,--,--,英文9,--,--,--,--,--,--,--,--,--,--,*
018,靜宜大學,018022,無,西班牙語文學系,,23,一般,底標,--,--,--,--,--,--,--,--,--,--,3,--,--,--,社會9,--,--,--,--,--,--,--,--,--,--,*
018,靜宜大學,018032,無,日本語文學系,,50,一般,後標,--,--,--,--,--,--,--,--,--,--,--,--,國社×3,--,國社20,--,--,--,--,--,--,--,--,--,--,*
018,靜宜大學,018042,無,中國文學系,,21,一般,底標,--,--,--,--,--,--,8,--,--,--,3,--,--,--,國文8,社會10,--,--,--,--,--,--,--,--,--,*
018,靜宜大學,018052,無,社會工作與兒童少年福利學系,,63,一般,底標,--,--,--,--,--,--,3,--,--,--,3,--,--,--,(國文+社會)20,--,--,--,--,--,--,--,--,--,--,*
018,靜宜大學,018062,無,台灣文學系,,26,一般,底標,--,--,--,--,--,--,3,--,--,--,3,--,--,--,(國文+社會)19,--,--,--,--,--,--,--,--,--,--,*
018,靜宜大學,018072,無,法律學系,,95,一般,後標,--,--,--,--,--,--,3,--,--,--,3,--,--,--,(國文+社會)21,--,--,--,--,--,--,--,--,--,--,*
018,靜宜大學,018082,無,生態人文學系,,35,一般,底標,--,--,--,--,--,--,3,--,--,--,--,--,--,--,國文8,--,--,--,--,--,--,--,--,--,--,*
018,靜宜大學,018092,無,生態人文學系(青年儲蓄帳戶組),,1,一般,底標,--,--,--,--,--,--,--,--,--,--,--,--,--,--,--,--,--,--,--,--,--,--,--,--,--,--
018,靜宜大學,018102,無,大眾傳播學系,,45,一般,底標,--,--,--,--,--,--,--,--,--,--,--,--,國英×3,--,國英16,--,--,--,--,--,--,--,--,--,--,*
018,靜宜大學,018112,無,財務工程學系,,72,一般,--,--,--,底標,--,--,--,5,--,--,3,--,--,--,--,國文3,數學B5,--,--,--,--,--,--,--,--,--,*
018,靜宜大學,018122,無,應用化學系,,80,一般,--,--,--,--,--,底標,--,5,--,--,--,--,3,--,--,國文3,自然8,--,--,--,--,--,--,--,--,--,*
018,靜宜大學,018132,無,食品營養學系,,66,一般,--,--,--,--,--,底標,--,--,--,--,--,--,--,國英自×3,--,國英自24,--,--,--,--,--,--,--,--,--,--,*
018,靜宜大學,018142,無,化粧品科學系,,68,一般,底標,--,--,--,--,--,--,--,--,--,--,--,--,國英自×3,--,國英自22,--,--,--,--,--,--,--,--,--,--,*
018,靜宜大學,018152,無,永續環境與智慧科技學士學位學程,,25,一般,底標,--,--,--,--,--,--,6,--,--,--,--,3,--,--,國文8,自然6,--,--,--,--,--,--,--,--,--,*
018,靜宜大學,018162,無,行銷與數位經營管理學系,,62,一般,底標,--,--,--,--,--,--,3,--,--,--,--,--,--,--,國文10,--,--,--,--,--,--,--,--,--,--,*
018,靜宜大學,018172,無,國際企業學系,,76,一般,底標,--,--,--,--,--,--,3,--,--,--,--,--,--,--,國文10,--,--,--,--,--,--,--,--,--,--,*
018,靜宜大學,018182,無,會計學系,,48,一般,底標,--,--,--,--,--,--,3,--,--,--,--,--,--,--,國文9,--,--,--,--,--,--,--,--,--,--,*
018,靜宜大學,018192,無,觀光事業學系,,65,一般,底標,--,--,--,--,--,--,3,3,--,--,--,--,--,--,(國文+英文)13,--,--,--,--,--,--,--,--,--,--,*
018,靜宜大學,018202,無,財務金融學系,,71,一般,底標,--,--,--,--,--,--,3,--,--,--,--,--,--,--,國文10,--,--,--,--,--,--,--,--,--,--,*
018,靜宜大學,018212,無,資訊管理學系(人工智慧應用組),,33,一般,--,--,底標,底標,--,--,--,6,3,--,--,--,--,--,--,國文8,英文6,--,--,--,--,--,--,--,--,--,*
018,靜宜大學,018222,無,資訊管理學系(智慧商務與大數據應用組),,32,一般,--,--,底標,底標,--,--,--,3,6,--,--,--,--,--,--,英文2,國文3,--,--,--,--,--,--,--,--,--,--
018,靜宜大學,018242,無,資訊管理學系(資安組),,3,一般,--,--,底標,底標,--,--,--,16,--,--,--,--,--,--,--,國文9,--,--,--,--,--,--,--,--,--,--,*
018,靜宜大學,018252,無,資訊工程學系,,67,一般,--,--,底標,底標,--,--,--,3,--,--,--,--,--,--,--,國文10,--,--,--,--,--,--,--,--,--,--,*
018,靜宜大學,018272,無,資訊工程學系(資安組),,3,一般,--,--,底標,底標,--,--,--,10,--,--,--,--,--,--,--,國文9,--,--,--,--,--,--,--,--,--,--,*
018,靜宜大學,018282,無,資訊工程學系(青年儲蓄帳戶組),,1,一般,底標,--,--,--,--,--,--,--,--,--,--,--,--,--,--,--,--,--,--,--,--,--,--,--,--,--,--
018,靜宜大學,018292,無,人工智慧應用學系,,71,一般,--,--,底標,底標,--,--,--,3,--,--,--,--,--,--,--,國文9,--,--,--,--,--,--,--,--,--,--,*
018,靜宜大學,018312,無,人工智慧應用學系(資安組),,4,一般,--,--,底標,底標,--,--,--,10,--,--,--,--,--,--,--,國文8,--,--,--,--,--,--,--,--,--,--,*
018,靜宜大學,018322,無,晶片設計學士學位學程,,68,一般,--,--,底標,--,--,--,--,--,--,3,--,--,--,--,--,數學A6,--,--,--,--,--,--,--,--,--,--,*
018,靜宜大學,018332,無,晶片設計學士學位學程(資安組),,3,一般,--,--,底標,--,--,--,--,--,--,10,--,--,--,--,--,數學A4,--,--,--,--,--,--,--,--,--,--,--
018,靜宜大學,018342,無,資料科學暨大數據分析與應用學系,,77,一般,--,--,--,底標,--,--,--,3,--,--,3,--,--,--,--,(國文+數學B)12,--,--,--,--,--,--,--,--,--,--,*
018,靜宜大學,018352,無,寰宇管理學士學位學程,,18,一般,--,底標,--,--,--,--,--,5,--,--,--,--,--,國英×3,--,國文5,國英14,--,--,--,--,--,--,--,--,--,*
018,靜宜大學,018362,無,寰宇外語教育學士學位學程,,18,一般,--,底標,--,--,--,--,--,5,3,--,--,--,--,--,--,國文7,英文7,--,--,--,--,--,--,--,--,--,*
018,靜宜大學,018372,無,智慧媒體與創新科技應用學士學位學程,,16,一般,--,底標,--,--,--,--,--,5,3,--,--,--,--,--,--,國文8,英文5,--,--,--,--,--,--,--,--,--,*
018,靜宜大學,018232,無,資訊管理學系(APCS組),,4,APCS,--,--,底標,底標,--,--,--,12.5,--,--,--,--,--,--,程式識讀(檢定2級、倍率20)；程式實作(檢定--、倍率--),APCS識讀2,國文6,--,--,--,--,--,--,--,--,--,--
018,靜宜大學,018262,無,資訊工程學系(APCS組),,5,APCS,--,--,底標,底標,--,--,--,--,10,--,--,--,--,--,程式識讀(檢定2級、倍率20)；程式實作(檢定--、倍率--),APCS識讀2,英文3,--,--,--,--,--,--,--,--,--,--
018,靜宜大學,018302,無,人工智慧應用學系(APCS組),,2,APCS,--,--,底標,底標,--,--,--,15,--,--,--,--,--,--,程式識讀(檢定2級、倍率20)；程式實作(檢定--、倍率--),APCS識讀2,國文8,--,--,--,--,--,--,--,--,--,--
019,大同大學,019012,無,機械與材料工程學系,,47,一般,--,--,底標,底標,--,--,--,--,--,--,--,--,--,國英自×3,--,國英自25,--,--,--,--,--,--,--,--,--,--,*
019,大同大學,019022,無,化學工程與生物科技學系,,48,一般,--,後標,底標,底標,--,--,--,--,--,--,--,--,3,--,--,自然8,--,--,--,--,--,--,--,--,--,--,*
019,大同大學,019032,無,工程學院學士班,,27,一般,--,--,底標,底標,--,--,--,--,--,--,--,--,--,國英自×3,--,國英自24,--,--,--,--,--,--,--,--,--,--,*
019,大同大學,019042,無,電機工程學系,,76,一般,--,後標,--,--,--,--,--,--,--,3,--,--,3,--,--,(數學A+自然)16,--,--,--,--,--,--,--,--,--,--,*
019,大同大學,019052,無,資訊工程學系,,68,一般,--,--,後標,後標,--,--,--,--,3,--,--,--,--,--,--,英文7,--,--,--,--,--,--,--,--,--,--,*
019,大同大學,019062,無,事業與資訊經營學系,,63,一般,--,--,底標,底標,--,--,--,--,--,--,--,--,--,國英×3,--,國英14,--,--,--,--,--,--,--,--,--,--,*
019,大同大學,019072,無,應用外語學系,,24,一般,--,底標,--,--,--,--,--,--,--,--,--,--,--,國社×3,--,國社19,--,--,--,--,--,--,--,--,--,--,*
019,大同大學,019082,無,工業設計學系,,59,一般,--,後標,--,--,--,--,--,--,4.5,--,--,--,--,國英×3,--,英文5,國英15,--,--,--,--,--,--,--,--,--,*
019,大同大學,019092,無,數位媒體設計學系,,45,一般,--,底標,--,--,--,--,--,--,--,--,--,--,--,國英×3,--,國英15,--,--,--,--,--,--,--,--,--,--,*
019,大同大學,019102,無,電機工程學系(青年儲蓄帳戶組),,1,一般,--,底標,--,--,--,--,--,--,--,--,--,--,--,--,--,--,--,--,--,--,--,--,--,--,--,--,--
019,大同大學,019112,無,應用外語學系(青年儲蓄帳戶組),,2,一般,--,底標,--,--,--,--,--,--,--,--,--,--,--,--,--,--,--,--,--,--,--,--,--,--,--,--,--
020,輔仁大學,020012,無,中國文學系,,53,一般,後標,--,--,--,底標,--,--,3,--,--,--,--,--,--,--,國文12,--,--,--,--,--,--,--,--,--,--,*
020,輔仁大學,020022,無,歷史學系,,48,一般,--,--,--,--,底標,--,--,--,--,--,--,3,--,--,--,社會13,--,--,--,--,--,--,--,--,--,--,*
020,輔仁大學,020032,無,哲學系,,44,一般,後標,--,--,--,--,--,--,8,--,--,--,3,--,--,--,國文9,社會12,--,--,--,--,--,--,--,--,--,*
020,輔仁大學,020042,無,人文與社區創新學士學位學程,,19,一般,--,--,--,--,底標,--,--,--,--,--,--,3,--,--,--,社會12,--,--,--,--,--,--,--,--,--,--,*
020,輔仁大學,020052,無,景觀設計學系,,22,一般,後標,後標,--,--,--,--,--,--,--,--,--,--,--,國英×3,--,國英21,--,--,--,--,--,--,--,--,--,--,*
020,輔仁大學,020062,無,景觀設計學系(青年儲蓄帳戶組),,1,一般,--,後標,--,--,--,--,--,--,--,--,--,--,--,--,--,--,--,--,--,--,--,--,--,--,--,--,--
020,輔仁大學,020072,無,影像傳播學系,,26,一般,均標,--,--,--,均標,--,--,5,--,--,--,4,--,國社×3,--,國文12,社會12,國社25,--,--,--,--,--,--,--,--,*
020,輔仁大學,020082,無,新聞傳播學系,,29,一般,均標,--,--,--,--,--,--,3,3,--,--,3,--,--,--,(國文+英文+社會)35,--,--,--,--,--,--,--,--,--,--,*
020,輔仁大學,020092,無,廣告傳播學系,,30,一般,--,均標,--,--,--,--,--,4,3,--,4,5,--,--,--,社會11,(國文+數學B)18,英文10,--,--,--,--,--,--,--,--,*
020,輔仁大學,020102,無,圖書資訊學系,,31,一般,底標,--,--,--,--,--,--,--,--,--,--,--,--,國英數B×3,--,國英數B26,--,--,--,--,--,--,--,--,--,--,*
020,輔仁大學,020112,無,教育領導與科技發展學士學位學程,,18,一般,後標,--,--,--,後標,--,--,--,--,--,--,--,--,國英社×3,--,國英社32,--,--,--,--,--,--,--,--,--,--,*
020,輔仁大學,020122,無,護理學系,,46,一般,--,底標,--,--,--,後標,--,--,3,--,--,--,8,--,--,自然7,英文10,--,--,--,--,--,--,--,--,--,*
020,輔仁大學,020132,無,公共衛生學系,,26,一般,--,底標,--,--,--,--,--,--,--,--,--,--,--,國英×3,--,國英22,--,--,--,--,--,--,--,--,--,--,*
020,輔仁大學,020142,無,公共衛生學系(青年儲蓄帳戶組),,1,一般,--,底標,--,--,--,--,--,--,--,--,--,--,--,--,--,--,--,--,--,--,--,--,--,--,--,--,--
020,輔仁大學,020152,無,醫學系,,15,一般,--,頂標,前標,--,前標,頂標,--,--,3,8,--,3,8,--,--,(數學A+自然)28,(英文+社會)29,--,--,--,--,--,--,--,--,--,*
020,輔仁大學,020162,無,醫學系(公費生),,4,一般,--,頂標,前標,--,前標,頂標,--,--,3,8,--,3,8,--,--,(數學A+自然)26,(英文+社會)28,--,--,--,--,--,--,--,--,--,*
020,輔仁大學,020172,無,臨床心理學系,,36,一般,後標,均標,後標,--,--,--,--,--,--,--,--,--,--,國英數A×3,--,國英數A34,--,--,--,--,--,--,--,--,--,--,*
020,輔仁大學,020182,無,職能治療學系,,30,一般,--,後標,--,--,--,--,--,--,6,--,--,--,3,--,--,英文10,自然12,--,--,--,--,--,--,--,--,--,*
020,輔仁大學,020192,無,呼吸治療學系,,23,一般,後標,後標,--,--,--,後標,--,--,8,--,--,--,3,--,--,英文9,自然11,--,--,--,--,--,--,--,--,--,*
020,輔仁大學,020202,無,數學系資訊數學組,,28,一般,--,--,後標,--,--,--,--,--,--,3,--,--,--,--,--,數學A10,--,--,--,--,--,--,--,--,--,--,*
020,輔仁大學,020212,無,數學系應用數學組,,29,一般,--,--,後標,--,--,--,--,--,--,3,--,--,--,--,--,數學A10,--,--,--,--,--,--,--,--,--,--,*
020,輔仁大學,020222,無,化學系,,57,一般,--,--,--,--,--,後標,--,--,--,--,--,--,--,英自×3,--,英自20,--,--,--,--,--,--,--,--,--,--,*
020,輔仁大學,020232,無,資訊工程學系,,52,一般,--,--,後標,--,--,--,--,--,--,--,--,--,--,英數A×3,--,英數A20,--,--,--,--,--,--,--,--,--,--,*
020,輔仁大學,020252,無,生命科學系,,66,一般,--,--,--,--,--,均標,--,--,--,--,--,--,3,--,--,自然11,--,--,--,--,--,--,--,--,--,--,*
020,輔仁大學,020262,無,物理學系電子物理組,,22,一般,--,--,後標,--,--,--,--,--,--,5,--,--,3,--,--,數學A8,自然11,--,--,--,--,--,--,--,--,--,*
020,輔仁大學,020272,無,物理學系光電物理組,,35,一般,--,--,後標,--,--,--,--,--,--,5,--,--,3,--,--,數學A9,自然10,--,--,--,--,--,--,--,--,--,*
020,輔仁大學,020282,無,電機工程學系,,55,一般,--,--,後標,--,--,--,--,--,--,--,--,--,--,英數A自×3,--,英數A自32,--,--,--,--,--,--,--,--,--,--,*
020,輔仁大學,020302,無,醫學資訊與創新應用學士學位學程,,30,一般,--,--,後標,--,--,--,--,--,--,--,--,--,--,英數A×3,--,英數A18,--,--,--,--,--,--,--,--,--,--,*
020,輔仁大學,020322,無,醫學資訊與創新應用學士學位學程(資安組),,3,一般,--,--,後標,--,--,--,--,--,--,--,--,--,--,英數A×8,--,英數A14,--,--,--,--,--,--,--,--,--,--,*
020,輔仁大學,020332,無,人工智慧與資訊安全學士學位學程,,30,一般,--,--,後標,--,--,--,--,--,--,--,--,--,--,英數A×3,--,英數A19,--,--,--,--,--,--,--,--,--,--,*
020,輔仁大學,020352,無,人工智慧與資訊安全學士學位學程(資安組),,3,一般,--,--,後標,--,--,--,--,--,--,--,--,--,--,英數A×8,--,英數A17,--,--,--,--,--,--,--,--,--,--,*
020,輔仁大學,020362,無,英國語文學系,,29,一般,均標,前標,--,--,--,--,--,5,3,--,--,--,--,--,--,國文10,英文13,--,--,--,--,--,--,--,--,--,*
020,輔仁大學,020372,無,法國語文學系,,34,一般,--,均標,--,--,--,--,--,5,3,--,--,--,--,--,--,國文9,英文11,--,--,--,--,--,--,--,--,--,*
020,輔仁大學,020382,無,西班牙語文學系,,27,一般,--,後標,--,--,--,--,--,5,3,--,--,--,--,--,--,國文11,英文12,--,--,--,--,--,--,--,--,--,*
020,輔仁大學,020392,無,日本語文學系,,59,一般,均標,--,--,--,--,--,--,3,4,--,--,--,--,--,--,英文9,國文11,--,--,--,--,--,--,--,--,--,*
020,輔仁大學,020402,無,義大利語文學系,,35,一般,--,後標,--,--,--,--,--,5,3,--,--,--,--,--,--,國文10,英文10,--,--,--,--,--,--,--,--,--,*
020,輔仁大學,020412,無,德語語文學系,,37,一般,後標,後標,--,--,--,--,--,3,6,--,--,--,--,--,--,英文8,國文11,--,--,--,--,--,--,--,--,--,*
020,輔仁大學,020422,無,國際溝通與科技創新學士學位學程,,16,一般,--,均標,--,--,--,--,--,5,3,--,--,--,--,--,--,國文11,英文12,--,--,--,--,--,--,--,--,--,*
020,輔仁大學,020432,無,織品服裝學系織品設計組,,40,一般,--,後標,--,--,--,--,--,--,3,--,--,--,--,國英×5,--,國英18,英文8,--,--,--,--,--,--,--,--,--,*
020,輔仁大學,020442,無,織品服裝學系服飾設計組,,33,一般,--,後標,--,--,--,--,--,--,3,--,--,--,--,國英×5,--,國英18,英文9,--,--,--,--,--,--,--,--,--,*
020,輔仁大學,020452,無,織品服裝學系織品服飾行銷組,,80,一般,--,後標,--,--,--,--,--,--,3,--,--,--,--,--,--,英文8,--,--,--,--,--,--,--,--,--,--,*
020,輔仁大學,020462,無,餐旅管理學系,,75,一般,--,後標,--,--,--,--,--,--,3,--,--,--,--,--,--,英文9,--,--,--,--,--,--,--,--,--,--,*
020,輔仁大學,020472,無,兒童與家庭學系,,37,一般,--,後標,--,--,--,--,--,3,3,--,--,--,--,--,--,(國文+英文)20,--,--,--,--,--,--,--,--,--,--,*
020,輔仁大學,020482,無,食品科學系,,36,一般,--,--,--,--,--,後標,--,--,--,--,--,--,3,--,--,自然10,--,--,--,--,--,--,--,--,--,--,*
020,輔仁大學,020492,無,營養科學系,,30,一般,--,後標,--,--,--,底標,--,--,8,--,--,--,3,--,--,英文7,自然11,--,--,--,--,--,--,--,--,--,*
020,輔仁大學,020502,無,法律學系,,67,一般,均標,均標,--,--,--,--,--,--,3,--,--,--,--,國英社×4,--,國英社36,英文12,--,--,--,--,--,--,--,--,--,*
020,輔仁大學,020512,無,財經法律學系,,32,一般,均標,均標,--,--,--,--,--,--,3,--,--,--,--,國英社×4,--,國英社36,英文12,--,--,--,--,--,--,--,--,--,*
020,輔仁大學,020522,無,企業管理學系,,90,一般,--,均標,--,後標,--,--,--,--,--,--,5,--,--,英數B×3,--,數學B6,英數B18,--,--,--,--,--,--,--,--,--,*
020,輔仁大學,020532,無,會計學系,,50,一般,均標,--,--,--,--,--,--,--,--,--,3,--,--,英社×10,--,英社7,數學B9,--,--,--,--,--,--,--,--,--,*
020,輔仁大學,020542,無,資訊管理學系,,70,一般,--,後標,--,後標,--,--,--,10,--,--,5,--,--,英數B×3,--,國文3,數學B8,英數B18,--,--,--,--,--,--,--,--,*
020,輔仁大學,020562,無,統計資訊學系,,72,一般,--,--,--,均標,--,--,--,--,--,--,--,--,--,英數B×3,--,英數B17,--,--,--,--,--,--,--,--,--,--,*
020,輔仁大學,020572,無,金融與國際企業學系,,66,一般,均標,--,--,--,--,--,--,10,--,--,--,--,--,英數B×3,--,國文10,英數B20,--,--,--,--,--,--,--,--,--,*
020,輔仁大學,020582,無,社會學系,,30,一般,--,均標,--,--,均標,--,--,--,--,--,--,--,--,英社×3,--,英社22,--,--,--,--,--,--,--,--,--,--,*
020,輔仁大學,020592,無,社會工作學系,,26,一般,--,--,--,--,後標,--,--,3,--,--,--,5,--,--,--,社會12,國文12,--,--,--,--,--,--,--,--,--,*
020,輔仁大學,020602,無,經濟學系,,56,一般,--,後標,--,--,--,--,--,--,6,--,3,--,--,--,--,英文6,數學B9,--,--,--,--,--,--,--,--,--,*
020,輔仁大學,020612,無,宗教學系,,51,一般,底標,--,--,--,--,--,--,--,--,--,--,--,--,國社×3,--,國社19,--,--,--,--,--,--,--,--,--,--,*
020,輔仁大學,020622,無,心理學系(社會組),,17,一般,後標,後標,--,後標,--,--,--,--,--,--,--,--,--,國英數B×3,--,國英數B34,--,--,--,--,--,--,--,--,--,--,--
020,輔仁大學,020632,無,心理學系(自然組),,17,一般,後標,後標,後標,--,--,--,--,--,--,--,--,--,--,國英數A×3,--,國英數A34,--,--,--,--,--,--,--,--,--,--,*
020,輔仁大學,020642,無,天主教研修學士學位學程,,11,一般,底標,--,--,--,--,--,--,4,--,--,--,--,--,--,--,國文9,--,--,--,--,--,--,--,--,--,--,*
020,輔仁大學,020652,無,跨領域全英語學士學位學程,,9,一般,--,均標,--,--,--,--,--,--,5,--,--,--,--,國英×8,--,國英20,英文12,--,--,--,--,--,--,--,--,--,*
020,輔仁大學,020242,無,資訊工程學系(APCS組),,2,APCS,--,--,後標,--,--,--,--,--,--,--,--,--,--,英數A×3,程式識讀(檢定2級、倍率5)；程式實作(檢定2級、倍率5),(APCS識讀+APCS實作)7,英數A17,--,--,--,--,--,--,--,--,--,*
020,輔仁大學,020292,無,電機工程學系(APCS組),,5,APCS,--,--,後標,--,--,--,--,--,--,--,--,--,--,英數A自×3,程式識讀(檢定2級、倍率5)；程式實作(檢定2級、倍率5),(APCS識讀+APCS實作)4,英數A自26,--,--,--,--,--,--,--,--,--,--
020,輔仁大學,020312,無,醫學資訊與創新應用學士學位學程(APCS組),,3,APCS,--,--,後標,--,--,--,--,--,--,--,--,--,--,英數A×8,程式識讀(檢定2級、倍率10)；程式實作(檢定--、倍率--),APCS識讀3,英數A12,--,--,--,--,--,--,--,--,--,--
020,輔仁大學,020342,無,人工智慧與資訊安全學士學位學程(APCS組),,3,APCS,--,--,後標,--,--,--,--,--,--,--,--,--,--,英數A×8,程式識讀(檢定2級、倍率10)；程式實作(檢定--、倍率--),APCS識讀2,英數A10,--,--,--,--,--,--,--,--,--,--
020,輔仁大學,020552,無,資訊管理學系(APCS組),,4,APCS,--,後標,--,後標,--,--,--,10,--,--,--,--,--,英數B×3,程式識讀(檢定2級、倍率5)；程式實作(檢定2級、倍率5),國文8,(APCS識讀+APCS實作)4,英數B15,--,--,--,--,--,--,--,--,*
020,輔仁大學,020662,無,音樂學系應用音樂組,,2,術科(美術/體育/音樂),--,--,--,--,--,--,--,15,15,--,--,--,--,--,--,(國文+英文)17,--,--,--,--,--,--,--,--,--,--,*
020,輔仁大學,020672,無,音樂學系器樂組,鋼琴,5,音樂,--,--,--,--,--,--,--,--,--,--,--,--,--,--,主修(檢定--、倍率--)；樂理(檢定--、倍率--)；聽寫(檢定--、倍率--),主修60.43,--,--,--,--,--,--,--,--,--,--,--
020,輔仁大學,020672,無,音樂學系器樂組,聲樂,2,音樂,--,--,--,--,--,--,--,--,--,--,--,--,--,--,主修(檢定--、倍率--)；樂理(檢定--、倍率--)；聽寫(檢定--、倍率--),主修84.43,--,--,--,--,--,--,--,--,--,--,--
020,輔仁大學,020672,無,音樂學系器樂組,小提琴,4,音樂,--,--,--,--,--,--,--,--,--,--,--,--,--,--,主修(檢定--、倍率--)；樂理(檢定--、倍率--)；聽寫(檢定--、倍率--),主修72.86,--,--,--,--,--,--,--,--,--,--,--
020,輔仁大學,020672,無,音樂學系器樂組,中提琴,2,音樂,--,--,--,--,--,--,--,--,--,--,--,--,--,--,主修(檢定--、倍率--)；樂理(檢定--、倍率--)；聽寫(檢定--、倍率--),主修81.64,--,--,--,--,--,--,--,--,--,--,--
020,輔仁大學,020672,無,音樂學系器樂組,大提琴,1,音樂,--,--,--,--,--,--,--,--,--,--,--,--,--,--,主修(檢定--、倍率--)；樂理(檢定--、倍率--)；聽寫(檢定--、倍率--),主修83.36,--,--,--,--,--,--,--,--,--,--,--
020,輔仁大學,020672,無,音樂學系器樂組,低音提琴,1,音樂,--,--,--,--,--,--,--,--,--,--,--,--,--,--,主修(檢定--、倍率--)；樂理(檢定--、倍率--)；聽寫(檢定--、倍率--),主修79.36,--,--,--,--,--,--,--,--,--,--,--
020,輔仁大學,020672,無,音樂學系器樂組,長號,1,音樂,--,--,--,--,--,--,--,--,--,--,--,--,--,--,主修(檢定--、倍率--)；樂理(檢定--、倍率--)；聽寫(檢定--、倍率--),主修76.33,--,--,--,--,--,--,--,--,--,--,--
020,輔仁大學,020672,無,音樂學系器樂組,小號,1,音樂,--,--,--,--,--,--,--,--,--,--,--,--,--,--,主修(檢定--、倍率--)；樂理(檢定--、倍率--)；聽寫(檢定--、倍率--),主修77.67,--,--,--,--,--,--,--,--,--,--,--
020,輔仁大學,020672,無,音樂學系器樂組,法國號,1,音樂,--,--,--,--,--,--,--,--,--,--,--,--,--,--,主修(檢定--、倍率--)；樂理(檢定--、倍率--)；聽寫(檢定--、倍率--),主修82.33,--,--,--,--,--,--,--,--,--,--,--
020,輔仁大學,020672,無,音樂學系器樂組,低音號,1,音樂,--,--,--,--,--,--,--,--,--,--,--,--,--,--,主修(檢定--、倍率--)；樂理(檢定--、倍率--)；聽寫(檢定--、倍率--),主修83.56,--,--,--,--,--,--,--,--,--,--,--
020,輔仁大學,020672,無,音樂學系器樂組,薩克斯管,1,音樂,--,--,--,--,--,--,--,--,--,--,--,--,--,--,主修(檢定--、倍率--)；樂理(檢定--、倍率--)；聽寫(檢定--、倍率--),主修81.56,--,--,--,--,--,--,--,--,--,--,--
020,輔仁大學,020672,無,音樂學系器樂組,長笛,2,音樂,--,--,--,--,--,--,--,--,--,--,--,--,--,--,主修(檢定--、倍率--)；樂理(檢定--、倍率--)；聽寫(檢定--、倍率--),主修80.44,--,--,--,--,--,--,--,--,--,--,--
020,輔仁大學,020672,無,音樂學系器樂組,單簧管(豎笛),1,音樂,--,--,--,--,--,--,--,--,--,--,--,--,--,--,主修(檢定--、倍率--)；樂理(檢定--、倍率--)；聽寫(檢定--、倍率--),主修83.78,--,--,--,--,--,--,--,--,--,--,--
020,輔仁大學,020672,無,音樂學系器樂組,聲樂,1,音樂,--,--,--,--,--,--,--,--,--,--,--,--,--,--,主修(檢定--、倍率--)；樂理(檢定--、倍率--)；聽寫(檢定--、倍率--),主修84.2,--,--,--,--,--,--,--,--,--,--,--
020,輔仁大學,020672,無,音樂學系器樂組,理論作曲,1,音樂,--,--,--,--,--,--,--,--,--,--,--,--,--,--,主修(檢定--、倍率--)；樂理(檢定--、倍率--)；聽寫(檢定--、倍率--),主修68.4,--,--,--,--,--,--,--,--,--,--,--
020,輔仁大學,020682,無,音樂學系爵士音樂組,,2,術科(美術/體育/音樂),--,--,--,--,--,--,--,15,15,--,--,--,--,--,--,(國文+英文)9,--,--,--,--,--,--,--,--,--,--,--
020,輔仁大學,020692,無,音樂學系音樂治療組,,3,術科(美術/體育/音樂),底標,底標,--,--,--,--,--,15,15,--,--,--,--,--,--,(國文+英文)18,--,--,--,--,--,--,--,--,--,--,*
020,輔仁大學,020702,無,應用美術學系,,45,術科(美術/體育/音樂),--,--,--,--,--,--,--,--,6,--,--,--,--,--,素描(檢定後標、倍率20)；創意表現(檢定後標、倍率10),素描48,創意表现51,英文5,--,--,--,--,--,--,--,--,*
020,輔仁大學,020712,無,體育學系體育學組,,21,術科(美術/體育/音樂),--,--,--,--,--,--,--,4.5,4.5,--,--,--,--,--,--,(國文+英文)16,--,--,--,--,--,--,--,--,--,--,*
020,輔仁大學,020722,無,體育學系運動健康管理組,,33,術科(美術/體育/音樂),--,--,--,--,--,--,--,4.5,4.5,--,--,--,--,--,--,(國文+英文)18,--,--,--,--,--,--,--,--,--,--,*
021,國立臺灣海洋大學,021012,無,商船學系,,57,一般,--,均標,均標,--,--,--,--,--,6,3,--,--,--,--,--,英文8,數學A8,--,--,--,--,--,--,--,--,--,*
021,國立臺灣海洋大學,021022,無,航運管理學系,,51,一般,--,均標,--,均標,--,--,--,--,3,--,5,--,--,國英數B社×6,--,國英數B社35,數學B6,英文11,--,--,--,--,--,--,--,--,*
021,國立臺灣海洋大學,021032,無,運輸科學系A組,,24,一般,--,均標,均標,均標,--,--,--,--,3,--,--,--,--,--,--,英文11,--,--,--,--,--,--,--,--,--,--,*
021,國立臺灣海洋大學,021042,無,運輸科學系B組,,24,一般,--,均標,均標,--,--,--,--,--,3,5,--,--,--,--,--,數學A8,英文9,--,--,--,--,--,--,--,--,--,*
021,國立臺灣海洋大學,021052,無,輪機工程學系,,40,一般,--,均標,均標,--,--,均標,--,--,4,3,--,--,6,--,--,自然9,英文9,數學A8,--,--,--,--,--,--,--,--,*
021,國立臺灣海洋大學,021062,無,海洋觀光管理學士學位學程,,14,一般,均標,後標,--,後標,後標,--,--,5,3,--,6,5.5,--,--,--,數學B3,社會10,國文10,英文9,--,--,--,--,--,--,--,*
021,國立臺灣海洋大學,021072,無,海洋觀光管理學士學位學程(青年儲蓄帳戶組),,1,一般,後標,後標,--,--,後標,--,--,--,--,--,--,--,--,--,--,--,--,--,--,--,--,--,--,--,--,--,--
021,國立臺灣海洋大學,021082,無,海洋經營管理學士學位學程,,12,一般,--,均標,--,--,後標,--,--,--,4,--,8,6,--,--,--,數學B3,社會10,英文10,--,--,--,--,--,--,--,--,*
021,國立臺灣海洋大學,021092,無,食品科學系,,43,一般,--,均標,--,--,--,均標,--,--,3,--,--,--,10,--,--,自然9,英文9,--,--,--,--,--,--,--,--,--,*
021,國立臺灣海洋大學,021102,無,水產養殖學系,,41,一般,--,--,--,--,--,均標,--,--,--,--,--,--,3,--,--,自然10,--,--,--,--,--,--,--,--,--,--,*
021,國立臺灣海洋大學,021112,無,生命科學暨生物科技學系,,20,一般,--,--,--,--,--,均標,--,--,--,--,--,--,3,國英自×8,--,國英自26,自然12,--,--,--,--,--,--,--,--,--,*
021,國立臺灣海洋大學,021122,無,海洋生物科技學士學位學程,,14,一般,--,後標,--,--,--,後標,--,--,7,--,--,--,3,--,--,英文5,自然11,--,--,--,--,--,--,--,--,--,*
021,國立臺灣海洋大學,021132,無,環境生物與漁業科學學系,,19,一般,--,後標,後標,後標,--,--,--,--,3,--,--,--,6,--,--,自然4,英文9,--,--,--,--,--,--,--,--,--,*
021,國立臺灣海洋大學,021142,無,環境生物與漁業科學學系(青年儲蓄帳戶組),,1,一般,--,後標,--,--,--,後標,--,--,--,--,--,--,--,--,--,--,--,--,--,--,--,--,--,--,--,--,--
021,國立臺灣海洋大學,021152,無,海洋環境資訊系,,29,一般,--,--,均標,--,--,後標,--,--,--,3,--,--,5,--,--,自然9,數學A9,--,--,--,--,--,--,--,--,--,*
021,國立臺灣海洋大學,021162,無,機械與機電工程學系,,42,一般,--,--,均標,--,--,均標,--,--,3,5.5,--,--,6,數A自×4.5,--,自然11,數學A9,數A自21,英文11,--,--,--,--,--,--,--,*
021,國立臺灣海洋大學,021172,無,系統工程暨造船學系,,31,一般,--,--,均標,--,--,後標,--,--,--,4,--,--,3,--,--,數學A8,自然11,--,--,--,--,--,--,--,--,--,*
021,國立臺灣海洋大學,021182,無,河海工程學系,,51,一般,--,--,後標,--,--,--,--,--,--,3,--,--,--,--,--,數學A9,--,--,--,--,--,--,--,--,--,--,*
021,國立臺灣海洋大學,021192,無,海洋工程科技學士學位學程,,13,一般,--,--,後標,--,--,均標,--,--,--,3.5,--,--,4.5,數A自×5,--,數A自18,自然10,數學A9,--,--,--,--,--,--,--,--,--
021,國立臺灣海洋大學,021202,無,電機工程學系,,46,一般,均標,均標,前標,--,--,均標,--,--,--,3,--,--,--,英數A自×3.5,--,英數A自35,數學A12,--,--,--,--,--,--,--,--,--,*
021,國立臺灣海洋大學,021212,無,電機工程學系(青年儲蓄帳戶組),,1,一般,--,均標,--,--,--,均標,--,--,--,--,--,--,--,--,--,--,--,--,--,--,--,--,--,--,--,--,--
021,國立臺灣海洋大學,021222,無,資訊工程學系,,44,一般,--,均標,均標,--,--,均標,--,--,--,6,--,--,--,英數A自×3,--,數學A9,英數A自34,--,--,--,--,--,--,--,--,--,*
021,國立臺灣海洋大學,021242,無,資訊工程學系(資安組),,3,一般,--,均標,均標,--,--,--,--,--,--,6,--,--,--,--,--,數學A11,--,--,--,--,--,--,--,--,--,--,*
021,國立臺灣海洋大學,021252,無,通訊與導航工程學系,,21,一般,--,均標,均標,--,--,均標,--,--,6,3,--,--,5.5,國英數A自×5,--,英文10,自然10,國英數A自42,數學A10,--,--,--,--,--,--,--,*
021,國立臺灣海洋大學,021262,無,光電與材料科技學系,,15,一般,--,均標,均標,--,--,均標,--,--,--,3,--,--,--,英數A自×5,--,英數A自34,數學A11,--,--,--,--,--,--,--,--,--,*
021,國立臺灣海洋大學,021272,無,海洋文創設計產業學士學位學程,,15,一般,均標,--,--,--,--,--,--,3,--,--,--,--,--,--,--,國文12,--,--,--,--,--,--,--,--,--,--,*
021,國立臺灣海洋大學,021282,無,海洋文創設計產業學士學位學程(青年儲蓄帳戶組),,2,一般,均標,--,--,--,--,--,--,--,--,--,--,--,--,--,--,--,--,--,--,--,--,--,--,--,--,--,--
021,國立臺灣海洋大學,021292,無,海洋法政學士學位學程,,16,一般,--,均標,均標,均標,--,--,--,6,3,--,--,--,--,--,--,國文9,英文10,--,--,--,--,--,--,--,--,--,*
021,國立臺灣海洋大學,021302,無,海洋法政學士學位學程(青年儲蓄帳戶組),,1,一般,--,均標,--,--,--,--,--,--,--,--,--,--,--,--,--,--,--,--,--,--,--,--,--,--,--,--,--
021,國立臺灣海洋大學,021232,無,資訊工程學系(APCS組),,3,APCS,--,均標,均標,--,--,--,--,--,--,6,--,--,--,--,程式識讀(檢定3級、倍率--)；程式實作(檢定3級、倍率--),數學A10,--,--,--,--,--,--,--,--,--,--,--
022,國立高雄師範大學,022012,無,國文學系,,35,一般,均標,--,--,--,均標,--,--,3,--,--,--,10,--,--,--,社會11,國文13,--,--,--,--,--,--,--,--,--,*
022,國立高雄師範大學,022022,無,英語學系,,26,一般,--,均標,--,--,--,--,B級,5,10,--,--,3,--,--,--,英文8,國文11,社會11,--,--,--,--,--,--,--,--,*
022,國立高雄師範大學,022032,無,地理學系,,17,一般,均標,--,--,--,均標,--,--,6,12,--,--,3,--,--,--,英文6,國文12,社會13,--,--,--,--,--,--,--,--,*
022,國立高雄師範大學,022042,無,數學系數學組,,18,一般,--,--,前標,--,--,--,--,--,3,3,--,--,3,--,--,(英文+數學A+自然)29,--,--,--,--,--,--,--,--,--,--,--
022,國立高雄師範大學,022052,無,數學系應用數學組,,15,一般,--,--,前標,--,--,--,--,--,3,3,--,--,3,--,--,(英文+數學A+自然)31,--,--,--,--,--,--,--,--,--,--,*
022,國立高雄師範大學,022062,無,化學系,,20,一般,--,底標,--,--,--,--,--,--,3,5,--,--,10,--,--,自然6,數學A9,英文12,--,--,--,--,--,--,--,--,--
022,國立高雄師範大學,022072,無,物理學系,,18,一般,--,--,均標,--,--,--,--,--,--,6,--,--,3,--,--,數學A10,自然12,--,--,--,--,--,--,--,--,--,*
022,國立高雄師範大學,022082,無,生物科技系,,19,一般,--,--,--,--,--,均標,--,--,--,--,--,--,--,國英自×3,--,國英自34,--,--,--,--,--,--,--,--,--,--,*
022,國立高雄師範大學,022092,無,教育學系,,14,一般,--,均標,--,--,--,--,--,10,5,--,3.5,--,--,--,--,國文10,英文10,數學B9,--,--,--,--,--,--,--,--,*
022,國立高雄師範大學,022102,無,特殊教育學系,,17,一般,均標,--,--,--,--,--,--,5,--,--,3,--,--,--,--,國文11,數學B6,--,--,--,--,--,--,--,--,--,*
022,國立高雄師範大學,022112,無,事業經營學系,,14,一般,--,均標,--,均標,--,--,--,--,3.5,--,4.5,--,--,--,--,數學B9,英文9,--,--,--,--,--,--,--,--,--,*
022,國立高雄師範大學,022122,無,工業科技教育學系科技教育與訓練組,,11,一般,--,--,後標,--,--,均標,--,--,4.5,4.5,--,--,4.5,--,--,(英文+數學A+自然)27,--,--,--,--,--,--,--,--,--,--,*
022,國立高雄師範大學,022132,無,工業科技教育學系能源與冷凍空調組,,7,一般,--,--,後標,--,--,均標,--,--,6,6,--,--,6,--,--,(英文+數學A+自然)28,--,--,--,--,--,--,--,--,--,--,*
022,國立高雄師範大學,022142,無,工業設計學系(A組),,8,一般,--,均標,底標,底標,均標,--,--,6,6,--,--,6,--,--,--,(國文+英文+社會)34,--,--,--,--,--,--,--,--,--,--,*
022,國立高雄師範大學,022152,無,工業設計學系(B組),,7,一般,--,均標,底標,底標,--,均標,--,7,7,--,--,--,7,--,--,(國文+英文+自然)32,--,--,--,--,--,--,--,--,--,--,*
022,國立高雄師範大學,022162,無,電機工程學系,,17,一般,--,--,均標,--,--,--,--,--,--,--,--,--,--,英數A×3,--,英數A23,--,--,--,--,--,--,--,--,--,--,*
022,國立高雄師範大學,022172,無,電子工程學系,,20,一般,--,--,--,--,--,均標,--,--,--,--,--,--,--,國英數A自×3,--,國英數A自45,--,--,--,--,--,--,--,--,--,--,*
022,國立高雄師範大學,022182,無,軟體工程與管理學系,,10,一般,--,--,後標,--,--,--,--,--,5,5,--,--,--,--,--,(英文+數學A)22,--,--,--,--,--,--,--,--,--,--,*
022,國立高雄師範大學,022202,無,軟體工程與管理學系(資安組),,3,一般,--,--,後標,--,--,--,--,16.5,16.5,16.5,--,--,--,--,--,(國文+英文+數學A)24,--,--,--,--,--,--,--,--,--,--,--
022,國立高雄師範大學,022192,無,軟體工程與管理學系(APCS組),,3,APCS,--,--,後標,--,--,--,--,16,16,16,--,--,--,--,程式識讀(檢定3級、倍率--)；程式實作(檢定2級、倍率--),(國文+英文+數學A)20,--,--,--,--,--,--,--,--,--,--,*
022,國立高雄師範大學,022212,無,音樂學系,鋼琴,4,音樂,--,--,--,--,--,--,--,--,--,--,--,--,--,--,主修(檢定--、倍率--)；副修(檢定--、倍率--)；樂理(檢定--、倍率--)；視唱(檢定--、倍率--)；聽寫(檢定--、倍率--),主修78.57,--,--,--,--,--,--,--,--,--,--,--
022,國立高雄師範大學,022212,無,音樂學系,聲樂,3,音樂,--,--,--,--,--,--,--,--,--,--,--,--,--,--,主修(檢定--、倍率--)；副修(檢定--、倍率--)；樂理(檢定--、倍率--)；視唱(檢定--、倍率--)；聽寫(檢定--、倍率--),主修85.14,--,--,--,--,--,--,--,--,--,--,--
022,國立高雄師範大學,022212,無,音樂學系,小提琴,4,音樂,--,--,--,--,--,--,--,--,--,--,--,--,--,--,主修(檢定--、倍率--)；副修(檢定--、倍率--)；樂理(檢定--、倍率--)；視唱(檢定--、倍率--)；聽寫(檢定--、倍率--),主修82.93,--,--,--,--,--,--,--,--,--,--,--
022,國立高雄師範大學,022212,無,音樂學系,中提琴,2,音樂,--,--,--,--,--,--,--,--,--,--,--,--,--,--,主修(檢定--、倍率--)；副修(檢定--、倍率--)；樂理(檢定--、倍率--)；視唱(檢定--、倍率--)；聽寫(檢定--、倍率--),主修82.36,--,--,--,--,--,--,--,--,--,--,--
022,國立高雄師範大學,022212,無,音樂學系,大提琴,2,音樂,--,--,--,--,--,--,--,--,--,--,--,--,--,--,主修(檢定--、倍率--)；副修(檢定--、倍率--)；樂理(檢定--、倍率--)；視唱(檢定--、倍率--)；聽寫(檢定--、倍率--),主修82.21,--,--,--,--,--,--,--,--,--,--,--
022,國立高雄師範大學,022212,無,音樂學系,低音提琴,1,音樂,--,--,--,--,--,--,--,--,--,--,--,--,--,--,主修(檢定--、倍率--)；副修(檢定--、倍率--)；樂理(檢定--、倍率--)；視唱(檢定--、倍率--)；聽寫(檢定--、倍率--),主修82.71,--,--,--,--,--,--,--,--,--,--,--
022,國立高雄師範大學,022212,無,音樂學系,長號,1,音樂,--,--,--,--,--,--,--,--,--,--,--,--,--,--,主修(檢定--、倍率--)；副修(檢定--、倍率--)；樂理(檢定--、倍率--)；視唱(檢定--、倍率--)；聽寫(檢定--、倍率--),主修81.89,--,--,--,--,--,--,--,--,--,--,--
022,國立高雄師範大學,022212,無,音樂學系,小號,1,音樂,--,--,--,--,--,--,--,--,--,--,--,--,--,--,主修(檢定--、倍率--)；副修(檢定--、倍率--)；樂理(檢定--、倍率--)；視唱(檢定--、倍率--)；聽寫(檢定--、倍率--),主修76.22,--,--,--,--,--,--,--,--,--,--,--
022,國立高雄師範大學,022212,無,音樂學系,法國號,1,音樂,--,--,--,--,--,--,--,--,--,--,--,--,--,--,主修(檢定--、倍率--)；副修(檢定--、倍率--)；樂理(檢定--、倍率--)；視唱(檢定--、倍率--)；聽寫(檢定--、倍率--),主修84.89,--,--,--,--,--,--,--,--,--,--,--
022,國立高雄師範大學,022212,無,音樂學系,上低音號,1,音樂,--,--,--,--,--,--,--,--,--,--,--,--,--,--,主修(檢定--、倍率--)；副修(檢定--、倍率--)；樂理(檢定--、倍率--)；視唱(檢定--、倍率--)；聽寫(檢定--、倍率--),主修84.89,--,--,--,--,--,--,--,--,--,--,--
022,國立高雄師範大學,022212,無,音樂學系,低音號,1,音樂,--,--,--,--,--,--,--,--,--,--,--,--,--,--,主修(檢定--、倍率--)；副修(檢定--、倍率--)；樂理(檢定--、倍率--)；視唱(檢定--、倍率--)；聽寫(檢定--、倍率--),主修85.22,--,--,--,--,--,--,--,--,--,--,--
022,國立高雄師範大學,022212,無,音樂學系,薩克斯管,1,音樂,--,--,--,--,--,--,--,--,--,--,--,--,--,--,主修(檢定--、倍率--)；副修(檢定--、倍率--)；樂理(檢定--、倍率--)；視唱(檢定--、倍率--)；聽寫(檢定--、倍率--),主修83.33,--,--,--,--,--,--,--,--,--,--,--
022,國立高雄師範大學,022212,無,音樂學系,長笛,1,音樂,--,--,--,--,--,--,--,--,--,--,--,--,--,--,主修(檢定--、倍率--)；副修(檢定--、倍率--)；樂理(檢定--、倍率--)；視唱(檢定--、倍率--)；聽寫(檢定--、倍率--),主修85.67,--,--,--,--,--,--,--,--,--,--,*
022,國立高雄師範大學,022212,無,音樂學系,單簧管(豎笛),1,音樂,--,--,--,--,--,--,--,--,--,--,--,--,--,--,主修(檢定--、倍率--)；副修(檢定--、倍率--)；樂理(檢定--、倍率--)；視唱(檢定--、倍率--)；聽寫(檢定--、倍率--),主修84.78,--,--,--,--,--,--,--,--,--,--,--
022,國立高雄師範大學,022212,無,音樂學系,雙簧管,1,音樂,--,--,--,--,--,--,--,--,--,--,--,--,--,--,主修(檢定--、倍率--)；副修(檢定--、倍率--)；樂理(檢定--、倍率--)；視唱(檢定--、倍率--)；聽寫(檢定--、倍率--),主修83.78,--,--,--,--,--,--,--,--,--,--,--
022,國立高雄師範大學,022212,無,音樂學系,低音管,1,音樂,--,--,--,--,--,--,--,--,--,--,--,--,--,--,主修(檢定--、倍率--)；副修(檢定--、倍率--)；樂理(檢定--、倍率--)；視唱(檢定--、倍率--)；聽寫(檢定--、倍率--),主修85.89,--,--,--,--,--,--,--,--,--,--,--
022,國立高雄師範大學,022212,無,音樂學系,聲樂,1,音樂,--,--,--,--,--,--,--,--,--,--,--,--,--,--,主修(檢定--、倍率--)；副修(檢定--、倍率--)；樂理(檢定--、倍率--)；視唱(檢定--、倍率--)；聽寫(檢定--、倍率--),主修86.8,--,--,--,--,--,--,--,--,--,--,--
022,國立高雄師範大學,022212,無,音樂學系,理論作曲,1,音樂,--,--,--,--,--,--,--,--,--,--,--,--,--,--,主修(檢定--、倍率--)；副修(檢定--、倍率--)；樂理(檢定--、倍率--)；視唱(檢定--、倍率--)；聽寫(檢定--、倍率--),主修84.12,--,--,--,--,--,--,--,--,--,--,--
022,國立高雄師範大學,022222,無,美術學系,,17,術科(美術/體育/音樂),--,--,--,--,--,--,--,--,--,--,--,--,--,國英×5,素描(檢定--、倍率15)；彩繪技法(檢定--、倍率--)；創意表現(檢定--、倍率--)；水墨書畫(檢定--、倍率--),素描39,國英18,--,--,--,--,--,--,--,--,--,*
022,國立高雄師範大學,022232,無,視覺設計學系,,15,術科(美術/體育/音樂),--,--,--,--,--,--,--,--,--,--,--,--,--,國英×7,素描(檢定--、倍率6)；彩繪技法(檢定--、倍率6)；創意表現(檢定--、倍率6),國英19,(素描+彩繪技法+創意表现)174,--,--,--,--,--,--,--,--,--,*
022,國立高雄師範大學,022242,無,體育學系,,9,術科(美術/體育/音樂),均標,--,--,--,--,--,--,6,6,--,6,--,--,--,體育(百分等級)(檢定底標、倍率15),體育百分等級14.19,(國文+英文+數學B)21,--,--,--,--,--,--,--,--,--,*
023,國立彰化師範大學,023012,無,輔導與諮商學系學校輔導與諮商組,,16,一般,前標,前標,--,均標,均標,--,--,3,--,--,--,--,--,國英數B社×5,--,國英數B社43,國文13,--,--,--,--,--,--,--,--,--,*
023,國立彰化師範大學,023022,無,輔導與諮商學系社區輔導與諮商組,,13,一般,前標,前標,--,均標,均標,--,--,3,--,--,--,--,--,國英數B社×5,--,國英數B社42,國文13,--,--,--,--,--,--,--,--,--,*
023,國立彰化師範大學,023032,無,特殊教育學系,,14,一般,均標,--,--,--,--,--,--,3,5,--,--,--,--,--,--,英文10,國文13,--,--,--,--,--,--,--,--,--,*
023,國立彰化師範大學,023042,無,數學系,,35,一般,--,--,前標,--,--,--,--,--,8,3,--,--,--,國英數A自×10,--,國英數A自27,英文3,數學A12,--,--,--,--,--,--,--,--,--
023,國立彰化師範大學,023052,無,物理學系物理組,,19,一般,--,--,均標,--,--,均標,--,--,--,3,--,--,5,--,--,自然12,數學A11,--,--,--,--,--,--,--,--,--,*
023,國立彰化師範大學,023062,無,物理學系光電組,,19,一般,--,--,均標,--,--,均標,--,--,--,3,--,--,5,--,--,自然11,數學A12,--,--,--,--,--,--,--,--,--,*
023,國立彰化師範大學,023072,無,生物學系,,18,一般,--,均標,--,--,--,均標,--,--,3,--,--,--,5,--,--,自然10,英文11,--,--,--,--,--,--,--,--,--,*
023,國立彰化師範大學,023082,無,化學系,,21,一般,--,均標,均標,--,--,均標,--,--,--,--,--,--,--,英數A自×3,--,英數A自35,--,--,--,--,--,--,--,--,--,--,*
023,國立彰化師範大學,023092,無,智慧車輛工程學系,,5,一般,--,均標,均標,--,--,均標,--,--,7,8,--,--,6,國英數A自×10,--,國英數A自37,數學A8,英文8,自然9,--,--,--,--,--,--,--,--
023,國立彰化師範大學,023102,無,英語學系,,19,一般,--,均標,--,--,--,--,--,8,3,--,--,8,--,--,--,(國文+社會)19,英文13,--,--,--,--,--,--,--,--,--,*
023,國立彰化師範大學,023112,無,國文學系,,28,一般,均標,--,--,--,均標,--,--,3,--,--,--,6,--,--,--,社會12,國文13,--,--,--,--,--,--,--,--,--,*
023,國立彰化師範大學,023122,無,地理學系,,19,一般,--,均標,--,均標,均標,--,--,--,8,--,10,3,--,--,--,數學B5,英文8,社會13,--,--,--,--,--,--,--,--,*
023,國立彰化師範大學,023132,無,機電工程學系,,18,一般,均標,均標,均標,--,--,均標,--,--,--,6,--,--,3,--,--,數學A10,自然12,--,--,--,--,--,--,--,--,--,*
023,國立彰化師範大學,023142,無,電機工程學系,,17,一般,--,均標,均標,--,--,均標,--,--,8,5,--,--,7,英數A×3,--,英文12,自然12,數學A10,英數A23,--,--,--,--,--,--,--,*
023,國立彰化師範大學,023152,無,電子工程學系,,21,一般,--,均標,均標,--,--,均標,--,--,3,3,--,--,3,國英數A自×5,--,國英數A自47,(英文+數學A+自然)36,--,--,--,--,--,--,--,--,--,*
023,國立彰化師範大學,023162,無,資訊工程學系,,13,一般,--,--,均標,--,--,--,--,--,3.5,3.5,--,--,3.5,--,--,(英文+數學A+自然)35,--,--,--,--,--,--,--,--,--,--,*
023,國立彰化師範大學,023182,無,企業管理學系,,21,一般,均標,均標,後標,均標,--,--,--,3,8,--,--,--,--,--,--,英文8,國文13,--,--,--,--,--,--,--,--,--,*
023,國立彰化師範大學,023192,無,會計學系,,27,一般,均標,均標,後標,均標,--,--,--,6,3,--,--,--,--,--,--,國文11,英文11,--,--,--,--,--,--,--,--,--,*
023,國立彰化師範大學,023202,無,資訊管理學系資訊管理組,,11,一般,--,均標,--,均標,--,--,--,--,4,--,5,--,--,國英數B×7,--,國英數B24,數學B6,英文8,--,--,--,--,--,--,--,--,--
023,國立彰化師範大學,023212,無,資訊管理學系數位內容科技與管理組,,9,一般,--,均標,--,均標,--,--,--,--,4,--,5,--,--,國英數B×7,--,國英數B29,數學B9,英文11,--,--,--,--,--,--,--,--,*
023,國立彰化師範大學,023222,無,公共事務與公民教育學系公民教育組,,9,一般,--,--,--,--,均標,--,--,--,6,--,--,5,--,國英社×8,--,國英社35,英文10,社會13,--,--,--,--,--,--,--,--,*
023,國立彰化師範大學,023232,無,公共事務與公民教育學系公共事務組,,9,一般,--,--,--,--,均標,--,--,--,6,--,--,5,--,國英社×8,--,國英社29,英文10,社會12,--,--,--,--,--,--,--,--,*
023,國立彰化師範大學,023242,無,揚鷹招生A組(教社),,3,一般,均標,--,--,--,--,--,--,10,--,--,--,--,--,國英×12,--,國英16,國文10,--,--,--,--,--,--,--,--,--,*
023,國立彰化師範大學,023252,無,揚鷹招生B組(文),,3,一般,--,--,--,--,均標,--,--,--,--,--,--,--,--,國英×10,--,國英10,--,--,--,--,--,--,--,--,--,--,--
023,國立彰化師範大學,023262,無,揚鷹招生C組(管理),,3,一般,--,均標,--,--,--,--,--,--,10,--,12,--,--,--,--,--,英文9,--,--,--,--,--,--,--,--,--,--
023,國立彰化師範大學,023272,無,揚鷹招生D組(理),,4,一般,--,--,--,--,--,均標,--,--,--,10,--,--,12,英數A自×15,--,英數A自17,自然9,數學A5,--,--,--,--,--,--,--,--,--
023,國立彰化師範大學,023282,無,揚鷹招生E組(工),,8,一般,--,--,均標,--,--,--,--,--,--,5,--,--,8,英數A自×10,--,英數A自17,自然8,數學A8,--,--,--,--,--,--,--,--,*
023,國立彰化師範大學,023172,無,資訊工程學系(APCS組),-…均棵4,1,APCS,--,--,均標,--,--,--,--,--,10,10,--,--,--,--,程式識讀(檢定4級、倍率20)；程式實作(檢定3級、倍率20),(APCS識讀+APCS實作)7,(英文+數學A)20,--,--,--,--,--,--,--,--,--,--
023,國立彰化師範大學,023292,無,美術學系,,21,術科(美術/體育/音樂),--,--,--,--,--,--,--,--,--,--,--,--,--,國英社×4,素描(檢定--、倍率6)；彩繪技法(檢定--、倍率6)；創意表現(檢定--、倍率6),(素描+彩繪技法+創意表現)231,國英社25,--,--,--,--,--,--,--,--,--,*
023,國立彰化師範大學,023302,無,運動學系(競技運動與表演藝術組),,34,術科(美術/體育/音樂),--,--,--,--,--,--,--,--,--,--,--,--,--,國英×10,--,國英5,--,--,--,--,--,--,--,--,--,--,*
023,國立彰化師範大學,023312,無,運動學系(運動健康組),,8,術科(美術/體育/音樂),--,--,--,--,--,--,B級,--,6,--,--,--,--,國英×7,體育(百分等級)(檢定--、倍率--),國英15,英文6,--,--,--,--,--,--,--,--,--,*
026,中山醫學大學,026012,無,醫學系,,70,一般,頂標,頂標,頂標,--,--,頂標,--,3,3,8,--,--,8,--,--,(數學A+自然)26,(國文+英文)29,--,--,--,--,--,--,--,--,--,*
026,中山醫學大學,026022,無,牙醫學系,,27,一般,前標,前標,前標,--,--,前標,--,10,3,8,--,--,5,--,--,國文14,數學A12,自然14,英文15,--,--,--,--,--,--,--,*
026,中山醫學大學,026032,無,物理治療學系,,14,一般,--,均標,--,--,--,均標,--,--,3,--,--,--,5,--,--,自然13,英文13,--,--,--,--,--,--,--,--,--,*
026,中山醫學大學,026042,無,職能治療學系(A組),,10,一般,--,均標,底標,底標,--,均標,--,--,5,--,--,--,10,--,--,自然11,英文13,--,--,--,--,--,--,--,--,--,*
026,中山醫學大學,026052,無,職能治療學系(B組),,8,一般,--,均標,底標,底標,均標,--,--,--,5,--,--,10,--,--,--,社會12,英文12,--,--,--,--,--,--,--,--,--,*
026,中山醫學大學,026062,無,語言治療與聽力學系語言治療組,,25,一般,--,--,--,--,--,後標,--,3,3,3,--,--,3,--,--,(國文+英文+數學A+自然)48,--,--,--,--,--,--,--,--,--,--,*
026,中山醫學大學,026072,無,語言治療與聽力學系聽力組,,25,一般,--,--,--,--,--,後標,--,3,3,3,--,--,3,--,--,(國文+英文+數學A+自然)45,--,--,--,--,--,--,--,--,--,--,*
026,中山醫學大學,026082,無,生物醫學科學學系,,34,一般,--,--,後標,--,--,後標,--,--,--,--,--,--,3,國英×10,--,國英12,自然12,--,--,--,--,--,--,--,--,--,*
026,中山醫學大學,026092,無,視光學系,,32,一般,後標,後標,--,--,--,--,--,6,3,--,--,--,--,--,--,國文11,英文11,--,--,--,--,--,--,--,--,--,*
026,中山醫學大學,026102,無,醫學影像暨放射科學系,,38,一般,--,--,後標,後標,--,後標,--,--,5,--,--,--,3,--,--,英文11,自然12,--,--,--,--,--,--,--,--,--,*
026,中山醫學大學,026112,無,心理學系,,24,一般,--,後標,--,--,--,--,--,--,--,--,--,--,--,國英×3,--,國英26,--,--,--,--,--,--,--,--,--,--,*
026,中山醫學大學,026122,無,營養學系(A組),,18,一般,--,--,--,--,--,後標,--,--,3,--,--,--,3,--,--,(英文+自然)23,--,--,--,--,--,--,--,--,--,--,*
026,中山醫學大學,026132,無,營養學系(B組),,16,一般,後標,--,--,--,--,--,--,3,3,--,--,3,--,--,--,(國文+英文+社會)35,--,--,--,--,--,--,--,--,--,--,*
026,中山醫學大學,026142,無,職業安全衛生學系,,30,一般,底標,底標,--,--,--,底標,--,--,--,--,--,--,--,國英自×3,--,國英自31,--,--,--,--,--,--,--,--,--,--,*
026,中山醫學大學,026152,無,醫學應用化學系(A組),,12,一般,--,--,--,--,--,均標,--,--,--,--,--,--,--,國數A自×4,--,國數A自34,--,--,--,--,--,--,--,--,--,--,*
026,中山醫學大學,026162,無,醫學應用化學系(B組),,10,一般,--,--,--,--,--,均標,--,--,--,--,--,--,--,國自×5,--,國自24,--,--,--,--,--,--,--,--,--,--,*
026,中山醫學大學,026172,無,健康產業科技管理學系,,31,一般,--,底標,--,--,--,--,--,3,--,--,--,--,--,--,--,國文12,--,--,--,--,--,--,--,--,--,--,*
026,中山醫學大學,026182,無,護理學系,,57,一般,--,--,--,--,--,底標,--,--,3,--,--,--,--,國英自×10,--,國英自10,英文10,--,--,--,--,--,--,--,--,--,*
026,中山醫學大學,026192,無,醫學檢驗暨生物技術學系,,38,一般,--,均標,--,--,--,均標,--,--,10,--,--,--,3,--,--,英文10,自然12,--,--,--,--,--,--,--,--,--,*
026,中山醫學大學,026202,無,應用外國語言學系,,26,一般,--,均標,--,--,--,--,--,3,3,--,--,3,--,--,--,(國文+英文+社會)32,--,--,--,--,--,--,--,--,--,--,*
026,中山醫學大學,026212,無,公共衛生學系(A組),,18,一般,底標,--,--,--,--,--,--,--,--,--,--,--,--,國自×3,--,國自23,--,--,--,--,--,--,--,--,--,--,*
026,中山醫學大學,026222,無,公共衛生學系(B組),,18,一般,底標,--,--,--,--,--,--,10,--,--,--,3,--,--,--,國文10,社會13,--,--,--,--,--,--,--,--,--,*
026,中山醫學大學,026232,無,醫學社會暨社會工作學系,,55,一般,--,--,--,--,後標,--,--,3,--,--,--,3,--,--,--,(國文+社會)22,--,--,--,--,--,--,--,--,--,--,*
026,中山醫學大學,026242,無,醫學資訊學系,,22,一般,--,後標,後標,--,--,--,--,--,5,3,--,--,--,--,--,英文8,數學A9,--,--,--,--,--,--,--,--,--,*
026,中山醫學大學,026262,無,醫療產業科技管理學系,,19,一般,--,後標,--,後標,--,--,--,--,6,--,3,--,--,--,--,英文7,數學B9,--,--,--,--,--,--,--,--,--,*
026,中山醫學大學,026252,無,醫學資訊學系(APCS組),,3,APCS,--,底標,後標,--,--,--,--,--,5,5,--,--,--,--,程式識讀(檢定2級、倍率10)；程式實作(檢定2級、倍率10),(APCS識讀+APCS實作)4,(英文+數學A)12,--,--,--,--,--,--,--,--,--,*
027,國立中山大學,027012,無,中國文學系,,15,一般,前標,--,--,--,--,--,--,3,--,--,--,--,--,國英社×10,--,國英社32,國文14,--,--,--,--,--,--,--,--,--,*
027,國立中山大學,027022,無,外國語文學系,,24,一般,均標,前標,--,--,均標,--,--,8,3,--,--,8,--,--,--,(國文+社會)20,英文13,--,--,--,--,--,--,--,--,--,*
027,國立中山大學,027032,男,劇場藝術學系,,10,一般,均標,後標,--,--,--,--,--,8,6,--,--,--,--,--,--,國文10,英文5,--,--,--,--,--,--,--,--,--,--
027,國立中山大學,027032,女,劇場藝術學系,,20,一般,均標,後標,--,--,--,--,--,8,6,--,--,--,--,--,--,國文10,英文7,--,--,--,--,--,--,--,--,--,*
027,國立中山大學,027042,無,生物科學系,,12,一般,--,均標,均標,--,--,前標,--,--,20,10,--,--,4,--,--,英文8,數學A8,自然12,--,--,--,--,--,--,--,--,*
027,國立中山大學,027052,無,生物科學系英語組,,11,一般,均標,均標,均標,--,--,前標,--,--,10,10,--,--,4,--,--,(英文+數學A)17,自然12,--,--,--,--,--,--,--,--,--,*
027,國立中山大學,027062,無,化學系,,9,一般,--,--,均標,--,--,均標,--,--,10,--,--,--,--,國數A自×5.5,--,英文12,國數A自37,--,--,--,--,--,--,--,--,--,*
027,國立中山大學,027072,無,化學系英語組,,8,一般,--,前標,均標,--,--,均標,A級,--,--,--,--,--,--,國英數A自×6,--,國英數A自47,--,--,--,--,--,--,--,--,--,--,*
027,國立中山大學,027082,無,物理學系,,12,一般,均標,均標,均標,--,--,均標,--,--,4,4,--,--,4,--,--,(英文+數學A+自然)37,--,--,--,--,--,--,--,--,--,--,*
027,國立中山大學,027092,無,物理學系量子科技組(全英),,11,一般,--,均標,均標,--,--,均標,--,--,4.5,4.5,--,--,4.5,--,--,(英文+數學A+自然)36,--,--,--,--,--,--,--,--,--,--,*
027,國立中山大學,027102,無,應用數學系,,14,一般,--,均標,均標,--,--,均標,--,--,--,3.5,--,--,--,國英數A自×5,--,國英數A自45,數學A12,--,--,--,--,--,--,--,--,--,*
027,國立中山大學,027112,無,應用數學系英語組,,16,一般,--,均標,均標,--,--,--,--,--,5,3,--,--,--,國英數A自×7,--,國英數A自43,英文12,數學A10,--,--,--,--,--,--,--,--,*
027,國立中山大學,027122,無,電機工程學系,,25,一般,--,均標,前標,--,--,均標,--,--,--,--,--,--,--,英數A自×3,--,英數A自40,--,--,--,--,--,--,--,--,--,--,*
027,國立中山大學,027132,無,電機工程學系英語組,,27,一般,--,前標,均標,--,--,均標,--,--,--,--,--,--,--,英數A自×3,--,英數A自39,--,--,--,--,--,--,--,--,--,--,*
027,國立中山大學,027152,無,機械與機電工程學系,,38,一般,--,--,均標,--,--,均標,--,--,--,6,--,--,3,英數A自×10,--,英數A自34,數學A11,自然13,--,--,--,--,--,--,--,--,*
027,國立中山大學,027162,無,機械與機電工程學系全英語組,,27,一般,--,均標,均標,--,--,均標,--,--,--,5,--,--,3,英數A自×8,--,英數A自30,數學A9,自然13,--,--,--,--,--,--,--,--,*
027,國立中山大學,027172,無,資訊工程學系,,25,一般,均標,均標,前標,--,--,前標,--,10,3,3,--,--,6,國英數A自×4,--,國文10,自然12,國英數A自42,(英文+數學A)23,--,--,--,--,--,--,--,--
027,國立中山大學,027182,無,資訊工程學系全英語學士班,,16,一般,均標,前標,前標,--,--,均標,--,--,--,3,--,--,5,國英數A自×8,--,國英數A自45,自然12,數學A12,--,--,--,--,--,--,--,--,*
027,國立中山大學,027192,無,光電工程學系,,12,一般,--,均標,均標,--,--,均標,--,--,--,3,--,--,4,--,--,自然13,數學A13,--,--,--,--,--,--,--,--,--,*
027,國立中山大學,027202,無,光電工程學系全英語組,,16,一般,--,前標,均標,--,--,均標,--,--,--,3,--,--,4,--,--,自然13,數學A10,--,--,--,--,--,--,--,--,--,*
027,國立中山大學,027212,無,材料與光電科學學系,,14,一般,均標,均標,前標,--,--,前標,--,5,5,3.5,--,--,3.5,--,--,(國文+英文)24,(數學A+自然)25,--,--,--,--,--,--,--,--,--,*
027,國立中山大學,027222,無,材料與光電科學學系全英語組,,13,一般,--,均標,前標,--,--,前標,--,--,5,3.5,--,--,3.5,--,--,英文13,(數學A+自然)23,--,--,--,--,--,--,--,--,--,*
027,國立中山大學,027232,無,企業管理學系,,38,一般,--,均標,--,均標,--,--,--,--,8,--,3,--,--,--,--,英文10,數學B12,--,--,--,--,--,--,--,--,--,*
027,國立中山大學,027242,無,資訊管理學系,,26,一般,--,均標,均標,--,--,--,--,3,3,3,--,--,--,--,--,(國文+英文+數學A)36,--,--,--,--,--,--,--,--,--,--,*
027,國立中山大學,027252,無,財務管理學系,,26,一般,均標,均標,均標,--,--,--,--,--,3,8,--,--,--,--,--,數學A9,英文13,--,--,--,--,--,--,--,--,--,*
027,國立中山大學,027262,無,國際經營管理全英語學士學位學程,,14,一般,--,均標,--,均標,均標,--,--,--,3.5,--,8,--,--,--,--,數學B8,英文13,--,--,--,--,--,--,--,--,--,*
027,國立中山大學,027272,無,海洋生物科技暨資源學系,,19,一般,--,均標,均標,均標,--,均標,B級,--,3,--,--,--,4,--,--,自然11,英文11,--,--,--,--,--,--,--,--,--,*
027,國立中山大學,027282,無,海洋環境及工程學系,,26,一般,--,均標,均標,--,--,均標,--,--,--,3,--,--,3,--,--,(數學A+自然)22,--,--,--,--,--,--,--,--,--,--,*
027,國立中山大學,027292,無,海洋科學系,,20,一般,--,均標,均標,--,--,均標,--,--,5,3,--,--,6,--,--,自然10,英文10,數學A10,--,--,--,--,--,--,--,--,*
027,國立中山大學,027302,無,政治經濟學系,,28,一般,--,均標,均標,均標,--,--,--,--,3,--,--,--,--,國英×5,--,國英24,英文12,--,--,--,--,--,--,--,--,--,*
027,國立中山大學,027312,無,社會學系,,14,一般,--,前標,均標,均標,均標,--,--,--,--,--,--,3.5,--,--,--,社會13,--,--,--,--,--,--,--,--,--,--,*
027,國立中山大學,027322,無,人文暨科技跨領域學系,,17,一般,均標,均標,均標,前標,--,--,--,3,3,--,--,--,--,--,--,(國文+英文)23,--,--,--,--,--,--,--,--,--,--,--
027,國立中山大學,027332,無,生物醫學科技學系全英語學士班生物醫學組,,8,一般,--,均標,均標,--,--,均標,--,--,10,5,--,--,10,--,--,(英文+自然)23,數學A10,--,--,--,--,--,--,--,--,--,*
027,國立中山大學,027342,無,生物醫學科技學系全英語學士班生醫工程組,,9,一般,均標,均標,均標,--,--,均標,--,--,10,5,--,--,10,--,--,(英文+自然)23,數學A10,--,--,--,--,--,--,--,--,--,*
027,國立中山大學,027352,無,護理學系,,29,一般,--,均標,後標,--,--,均標,--,--,8,--,--,--,3,--,--,英文8,自然11,--,--,--,--,--,--,--,--,--,*
027,國立中山大學,027362,無,西灣南星A組(文),,2,一般,均標,均標,--,--,均標,--,--,5,5,--,--,5,--,--,--,(國文+英文+社會)35,--,--,--,--,--,--,--,--,--,--,--
027,國立中山大學,027372,無,西灣南星B組(管),,5,一般,均標,均標,--,均標,--,--,--,5,5,--,5,--,--,--,--,(國文+英文+數學B)27,--,--,--,--,--,--,--,--,--,--,*
027,國立中山大學,027382,無,西灣南星C組(理),,4,一般,--,均標,均標,--,--,均標,--,--,5,5,--,--,5,--,--,(英文+數學A+自然)27,--,--,--,--,--,--,--,--,--,--,*
027,國立中山大學,027392,無,西灣南星D組(工),,7,一般,--,均標,均標,--,--,均標,--,--,5,5,--,--,5,--,--,(英文+數學A+自然)27,--,--,--,--,--,--,--,--,--,--,*
027,國立中山大學,027402,無,西灣南星E組(海),,4,一般,--,均標,均標,--,--,均標,--,--,5,5,--,--,5,--,--,(英文+數學A+自然)29,--,--,--,--,--,--,--,--,--,--,--
027,國立中山大學,027412,無,西灣南星F組(社),,2,一般,均標,均標,均標,均標,均標,--,--,5,5,--,--,5,--,--,--,(國文+英文+社會)31,--,--,--,--,--,--,--,--,--,--,--
027,國立中山大學,027422,無,西灣南星G組(西灣),,1,一般,均標,均標,均標,前標,--,--,--,5,5,--,--,--,--,--,--,(國文+英文)22,--,--,--,--,--,--,--,--,--,--,--
027,國立中山大學,027432,無,西灣南星H組(醫),,2,一般,--,均標,均標,--,--,均標,--,--,12,9,--,--,6,--,--,--,--,--,--,--,--,--,--,--,--,--,--
027,國立中山大學,027142,無,電機工程學系(APCS組),,3,APCS,--,均標,前標,--,--,均標,--,--,--,--,--,--,--,英數A自×6,程式識讀(檢定4級、倍率5)；程式實作(檢定3級、倍率5),英數A自37,(APCS識讀+APCS實作)7,--,--,--,--,--,--,--,--,--,*
027,國立中山大學,027442,無,音樂學系,鋼琴,3,音樂,--,--,--,--,--,--,--,--,--,--,--,--,--,--,主修(檢定--、倍率--)；樂理(檢定--、倍率--)；聽寫(檢定--、倍率--),主修72.64,--,--,--,--,--,--,--,--,--,--,--
027,國立中山大學,027442,無,音樂學系,聲樂,1,音樂,--,--,--,--,--,--,--,--,--,--,--,--,--,--,主修(檢定--、倍率--)；樂理(檢定--、倍率--)；聽寫(檢定--、倍率--),主修86,--,--,--,--,--,--,--,--,--,--,--
027,國立中山大學,027442,無,音樂學系,小提琴,2,音樂,--,--,--,--,--,--,--,--,--,--,--,--,--,--,主修(檢定--、倍率--)；樂理(檢定--、倍率--)；聽寫(檢定--、倍率--),主修84,--,--,--,--,--,--,--,--,--,--,--
027,國立中山大學,027442,無,音樂學系,中提琴,1,音樂,--,--,--,--,--,--,--,--,--,--,--,--,--,--,主修(檢定--、倍率--)；樂理(檢定--、倍率--)；聽寫(檢定--、倍率--),主修80.57,--,--,--,--,--,--,--,--,--,--,--
027,國立中山大學,027442,無,音樂學系,大提琴,1,音樂,--,--,--,--,--,--,--,--,--,--,--,--,--,--,主修(檢定--、倍率--)；樂理(檢定--、倍率--)；聽寫(檢定--、倍率--),主修80.36,--,--,--,--,--,--,--,--,--,--,--
027,國立中山大學,027442,無,音樂學系,低音提琴,1,音樂,--,--,--,--,--,--,--,--,--,--,--,--,--,--,主修(檢定--、倍率--)；樂理(檢定--、倍率--)；聽寫(檢定--、倍率--),主修81.64,--,--,--,--,--,--,--,--,--,--,--
027,國立中山大學,027442,無,音樂學系,法國號,1,音樂,--,--,--,--,--,--,--,--,--,--,--,--,--,--,主修(檢定--、倍率--)；樂理(檢定--、倍率--)；聽寫(檢定--、倍率--),主修82.33,--,--,--,--,--,--,--,--,--,--,--
027,國立中山大學,027442,無,音樂學系,薩克斯管,1,音樂,--,--,--,--,--,--,--,--,--,--,--,--,--,--,主修(檢定--、倍率--)；樂理(檢定--、倍率--)；聽寫(檢定--、倍率--),主修83.33,--,--,--,--,--,--,--,--,--,--,--
027,國立中山大學,027442,無,音樂學系,長笛,1,音樂,--,--,--,--,--,--,--,--,--,--,--,--,--,--,主修(檢定--、倍率--)；樂理(檢定--、倍率--)；聽寫(檢定--、倍率--),主修84.56,--,--,--,--,--,--,--,--,--,--,--
027,國立中山大學,027442,無,音樂學系,單簧管(豎笛),1,音樂,--,--,--,--,--,--,--,--,--,--,--,--,--,--,主修(檢定--、倍率--)；樂理(檢定--、倍率--)；聽寫(檢定--、倍率--),主修78.11,--,--,--,--,--,--,--,--,--,--,--
027,國立中山大學,027442,無,音樂學系,雙簧管,1,音樂,--,--,--,--,--,--,--,--,--,--,--,--,--,--,主修(檢定--、倍率--)；樂理(檢定--、倍率--)；聽寫(檢定--、倍率--),主修84.56,--,--,--,--,--,--,--,--,--,--,--
027,國立中山大學,027442,無,音樂學系,低音管,1,音樂,--,--,--,--,--,--,--,--,--,--,--,--,--,--,主修(檢定--、倍率--)；樂理(檢定--、倍率--)；聽寫(檢定--、倍率--),主修85.89,--,--,--,--,--,--,--,--,--,--,--
027,國立中山大學,027442,無,音樂學系,聲樂,1,音樂,--,--,--,--,--,--,--,--,--,--,--,--,--,--,主修(檢定--、倍率--)；樂理(檢定--、倍率--)；聽寫(檢定--、倍率--),主修85.2,--,--,--,--,--,--,--,--,--,--,--
027,國立中山大學,027452,無,音樂學系創作與應用組,,4,術科(美術/體育/音樂),--,--,--,--,--,--,--,--,--,--,--,--,--,--,樂理(檢定--、倍率8)；聽寫(檢定--、倍率--),樂理24,--,--,--,--,--,--,--,--,--,--,--
028,國立臺北藝術大學,028012,無,音樂與影像跨域學士學位學程,,4,術科(美術/體育/音樂),均標,均標,--,--,--,--,B級,13,15,--,--,--,--,--,--,英文9,國文11,--,--,--,--,--,--,--,--,--,*
028,國立臺北藝術大學,028022,無,劇場設計學系,,11,術科(美術/體育/音樂),均標,均標,--,--,--,--,--,9,10,--,--,--,--,--,--,英文9,國文11,--,--,--,--,--,--,--,--,--,*
028,國立臺北藝術大學,028032,無,新媒體藝術學系,,16,術科(美術/體育/音樂),--,後標,後標,--,--,均標,--,--,8,12,--,--,10,--,--,數學A5,自然9,英文5,--,--,--,--,--,--,--,--,--
028,國立臺北藝術大學,028042,無,新媒體藝術學系(青年儲蓄帳戶組),,1,術科(美術/體育/音樂),前標,前標,--,--,--,前標,--,--,--,--,--,--,--,--,--,--,--,--,--,--,--,--,--,--,--,--,--
030,長庚大學,030012,無,醫學系,,59,一般,前標,前標,前標,--,--,前標,--,3,3,3,--,--,3,--,--,(國文+英文+數學A+自然)58,--,--,--,--,--,--,--,--,--,--,*
030,長庚大學,030022,無,中醫學系,,31,一般,前標,頂標,頂標,--,--,頂標,--,--,6,6,--,--,3,--,--,(英文+數學A)27,自然15,--,--,--,--,--,--,--,--,--,*
030,長庚大學,030032,無,護理學系,,52,一般,--,均標,底標,後標,--,均標,--,--,3,--,--,--,3,--,--,(英文+自然)21,--,--,--,--,--,--,--,--,--,--,*
030,長庚大學,030042,無,醫學生物技術暨檢驗學系,,26,一般,--,均標,--,--,--,均標,--,--,3,--,--,--,3,--,--,(英文+自然)25,--,--,--,--,--,--,--,--,--,--,*
030,長庚大學,030052,無,醫學影像暨放射科學系,,19,一般,--,均標,均標,--,--,均標,--,--,3,3,--,--,3,--,--,(英文+數學A+自然)35,--,--,--,--,--,--,--,--,--,--,*
030,長庚大學,030062,無,物理治療學系,,22,一般,均標,均標,--,--,--,均標,--,3,3,--,--,--,3,--,--,(國文+英文+自然)40,--,--,--,--,--,--,--,--,--,--,*
030,長庚大學,030072,無,職能治療學系,,21,一般,--,均標,--,--,--,均標,--,--,3,--,--,--,3,--,--,(英文+自然)26,--,--,--,--,--,--,--,--,--,--,*
030,長庚大學,030082,無,生物醫學系,,54,一般,--,均標,均標,--,--,均標,--,--,3,--,--,--,3,英數A自×5,--,英數A自26,(英文+自然)22,--,--,--,--,--,--,--,--,--,*
030,長庚大學,030092,無,呼吸治療學系,,22,一般,--,--,--,--,--,後標,--,--,3,--,--,--,3,--,--,(英文+自然)24,--,--,--,--,--,--,--,--,--,--,*
030,長庚大學,030102,無,電機工程學系,,52,一般,--,--,均標,--,--,--,--,--,--,3,--,--,3,英數A自×5,--,英數A自32,(數學A+自然)23,--,--,--,--,--,--,--,--,--,*
030,長庚大學,030112,無,機械工程學系,,17,一般,--,--,後標,--,--,--,--,3,--,3,--,--,3,--,--,(國文+數學A+自然)33,--,--,--,--,--,--,--,--,--,--,*
030,長庚大學,030122,無,化工與材料工程學系(化學工程組),,15,一般,--,--,後標,--,--,--,--,--,3,3,--,--,3,--,--,(英文+數學A+自然)32,--,--,--,--,--,--,--,--,--,--,*
030,長庚大學,030132,無,化工與材料工程學系(材料工程組),,21,一般,--,--,--,--,--,均標,--,--,3,3,--,--,3,--,--,(英文+數學A+自然)34,--,--,--,--,--,--,--,--,--,--,*
030,長庚大學,030142,無,電子工程學系,,35,一般,--,--,--,--,--,均標,--,--,3,3,--,--,3,--,--,(英文+數學A+自然)32,--,--,--,--,--,--,--,--,--,--,*
030,長庚大學,030152,無,資訊工程學系,,28,一般,--,均標,--,--,--,--,--,--,3,3,--,--,--,--,--,(英文+數學A)20,--,--,--,--,--,--,--,--,--,--,*
030,長庚大學,030162,無,資訊工程學系(資安組),,3,一般,--,後標,--,--,--,--,--,--,6,6,--,--,--,--,--,(英文+數學A)15,--,--,--,--,--,--,--,--,--,--,*
030,長庚大學,030172,無,生物醫學工程學系,,16,一般,--,--,均標,--,--,--,--,--,3,3,--,--,3,--,--,(英文+數學A+自然)35,--,--,--,--,--,--,--,--,--,--,*
030,長庚大學,030182,無,生物醫學工程學系(國際雙聯學位組),,2,一般,--,前標,--,--,--,--,--,--,--,6,--,--,--,--,--,數學A10,--,--,--,--,--,--,--,--,--,--,*
030,長庚大學,030192,無,人工智慧學系,,20,一般,--,均標,--,--,--,--,--,--,3,3,--,--,3,--,--,(英文+數學A+自然)30,--,--,--,--,--,--,--,--,--,--,*
030,長庚大學,030202,無,人工智慧學系(資安組),,4,一般,--,均標,均標,--,--,後標,--,--,5,5,--,--,5,--,--,(英文+數學A+自然)26,--,--,--,--,--,--,--,--,--,--,--
030,長庚大學,030212,無,醫務管理學系,,27,一般,--,均標,後標,均標,--,--,--,3,3,--,--,--,--,--,--,(國文+英文)22,--,--,--,--,--,--,--,--,--,--,*
030,長庚大學,030222,無,工商管理學系,,18,一般,--,--,--,後標,--,--,--,--,3,--,--,--,--,--,--,英文9,--,--,--,--,--,--,--,--,--,--,*
030,長庚大學,030232,無,工商管理學系(雙聯學位組）,,17,一般,--,後標,--,--,--,--,--,--,3,--,3,--,--,--,--,(英文+數學B)12,--,--,--,--,--,--,--,--,--,--,*
030,長庚大學,030242,無,工商管理學系(青年儲蓄帳戶組),,1,一般,--,前標,--,--,--,--,--,--,--,--,--,--,--,--,--,--,--,--,--,--,--,--,--,--,--,--,--
030,長庚大學,030252,無,工業設計學系,,20,一般,--,後標,--,--,--,--,--,3,3,--,--,--,--,--,--,(國文+英文)20,--,--,--,--,--,--,--,--,--,--,*
030,長庚大學,030262,無,工業設計學系(青年儲蓄帳戶組),,2,一般,--,後標,--,--,--,--,--,--,--,--,--,--,--,--,--,--,--,--,--,--,--,--,--,--,--,--,--
030,長庚大學,030272,無,資訊管理學系,,26,一般,--,--,--,均標,--,--,--,3,3,--,3,--,--,--,--,(國文+英文+數學B)29,--,--,--,--,--,--,--,--,--,--,*
030,長庚大學,030282,無,資訊管理學系(資安組),,3,一般,--,--,--,均標,--,--,--,8,8,--,8,--,--,--,--,(國文+英文+數學B)19,--,--,--,--,--,--,--,--,--,--,--
030,長庚大學,030292,無,數位金融科技學系(甲組),,12,一般,--,--,後標,--,--,--,--,--,4,4,--,--,--,--,--,(英文+數學A)18,--,--,--,--,--,--,--,--,--,--,--
030,長庚大學,030302,無,數位金融科技學系(乙組),,14,一般,--,--,--,均標,--,--,--,--,3.5,--,3.5,--,--,--,--,(英文+數學B)16,--,--,--,--,--,--,--,--,--,--,*
031,國立臺中教育大學,031012,無,全校不分系學士學位學程,,12,一般,均標,--,--,--,--,--,--,--,4,--,--,--,--,國英×10,--,國英21,英文11,--,--,--,--,--,--,--,--,--,*
031,國立臺中教育大學,031022,無,教育學系,,20,一般,均標,--,--,--,--,--,--,5,3,--,4,--,--,--,--,國文12,數學B6,英文9,--,--,--,--,--,--,--,--,*
031,國立臺中教育大學,031032,無,特殊教育學系,,19,一般,均標,--,--,--,--,--,--,--,--,--,--,--,--,國英×3,--,國英23,--,--,--,--,--,--,--,--,--,--,*
031,國立臺中教育大學,031042,無,幼兒教育學系,,22,一般,均標,--,--,--,--,--,--,3,--,--,--,--,--,國英社×5,--,國英社31,國文12,--,--,--,--,--,--,--,--,--,*
031,國立臺中教育大學,031052,無,柳川招生組,,6,一般,均標,--,--,--,--,--,--,8,10,--,--,--,--,--,--,英文3,國文10,--,--,--,--,--,--,--,--,--,--
031,國立臺中教育大學,031062,無,體育學系非運動專長組,,7,一般,--,--,--,後標,--,--,--,--,--,--,7,--,--,--,--,數學B7,--,--,--,--,--,--,--,--,--,--,*
031,國立臺中教育大學,031072,無,語文教育學系,,6,一般,均標,--,底標,底標,--,--,--,6,--,--,--,--,--,國英社×8,--,國英社33,國文13,--,--,--,--,--,--,--,--,--,*
031,國立臺中教育大學,031082,無,區域與社會發展學系,,13,一般,--,--,--,--,均標,--,--,--,--,--,--,3,--,--,--,社會13,--,--,--,--,--,--,--,--,--,--,*
031,國立臺中教育大學,031092,無,諮商與應用心理學系,,20,一般,均標,後標,--,後標,--,--,--,4,3,--,--,--,--,--,--,國文13,英文11,--,--,--,--,--,--,--,--,--,*
031,國立臺中教育大學,031102,無,諮商與應用心理學系(公費生A組),,3,一般,均標,均標,--,均標,--,--,--,6,12,--,--,--,--,--,--,英文8,國文12,--,--,--,--,--,--,--,--,--,--
031,國立臺中教育大學,031112,無,諮商與應用心理學系(公費生B組),,1,一般,均標,均標,--,均標,--,--,--,6,12,--,--,--,--,--,--,英文11,國文13,--,--,--,--,--,--,--,--,--,*
031,國立臺中教育大學,031122,無,臺灣語文學系,,21,一般,均標,--,--,--,均標,--,--,3,--,--,--,10,--,--,--,社會10,國文12,--,--,--,--,--,--,--,--,--,*
031,國立臺中教育大學,031132,無,臺灣語文學系（青年儲蓄帳戶組),,1,一般,均標,--,--,--,均標,--,--,--,--,--,--,--,--,--,--,--,--,--,--,--,--,--,--,--,--,--,--
031,國立臺中教育大學,031142,無,英語學系,,16,一般,--,均標,--,--,--,--,--,3,3,--,--,3,--,--,--,(國文+英文+社會)35,--,--,--,--,--,--,--,--,--,--,*
031,國立臺中教育大學,031152,無,數學教育學系,,12,一般,--,--,均標,--,--,--,--,--,--,4,--,--,--,--,--,數學A10,--,--,--,--,--,--,--,--,--,--,*
031,國立臺中教育大學,031162,無,科學教育與應用學系,,21,一般,--,--,--,--,--,後標,--,--,--,--,--,--,--,國英數A自×3,--,國英數A自39,--,--,--,--,--,--,--,--,--,--,*
031,國立臺中教育大學,031172,無,資訊工程學系,,26,一般,--,--,均標,--,--,--,--,--,--,--,--,--,--,國英數A×3,--,國英數A31,--,--,--,--,--,--,--,--,--,--,*
031,國立臺中教育大學,031182,無,數位內容科技學系,,24,一般,--,後標,--,均標,--,--,--,--,--,--,--,--,--,國英數B×3,--,國英數B28,--,--,--,--,--,--,--,--,--,--,*
031,國立臺中教育大學,031192,無,數位內容科技學系（青年儲蓄帳戶組),,1,一般,--,後標,--,--,--,--,--,--,--,--,--,--,--,--,--,--,--,--,--,--,--,--,--,--,--,--,--
031,國立臺中教育大學,031202,無,國際企業學系,,10,一般,--,均標,--,--,--,--,--,8,5,--,--,--,--,國英數B×10,--,國英數B24,國文11,英文11,--,--,--,--,--,--,--,--,*
031,國立臺中教育大學,031212,無,文化創意產業設計與營運學系,,16,一般,--,後標,--,--,--,--,--,10,5,--,--,6,--,英社×3,--,國文10,社會11,英文8,英社22,--,--,--,--,--,--,--,*
031,國立臺中教育大學,031222,無,音樂學系（A組）,鋼琴,2,音樂,--,--,--,--,--,--,--,--,--,--,--,--,--,--,主修(檢定--、倍率--),主修79.79,--,--,--,--,--,--,--,--,--,--,--
031,國立臺中教育大學,031222,無,音樂學系（A組）,聲樂,2,音樂,--,--,--,--,--,--,--,--,--,--,--,--,--,--,主修(檢定--、倍率--),主修85.71,--,--,--,--,--,--,--,--,--,--,--
031,國立臺中教育大學,031222,無,音樂學系（A組）,小提琴,4,音樂,--,--,--,--,--,--,--,--,--,--,--,--,--,--,主修(檢定--、倍率--),主修76.36,--,--,--,--,--,--,--,--,--,--,--
031,國立臺中教育大學,031222,無,音樂學系（A組）,中提琴,1,音樂,--,--,--,--,--,--,--,--,--,--,--,--,--,--,主修(檢定--、倍率--),主修80.5,--,--,--,--,--,--,--,--,--,--,--
031,國立臺中教育大學,031222,無,音樂學系（A組）,大提琴,1,音樂,--,--,--,--,--,--,--,--,--,--,--,--,--,--,主修(檢定--、倍率--),主修81.93,--,--,--,--,--,--,--,--,--,--,--
031,國立臺中教育大學,031222,無,音樂學系（A組）,低音提琴,1,音樂,--,--,--,--,--,--,--,--,--,--,--,--,--,--,主修(檢定--、倍率--),主修74.14,--,--,--,--,--,--,--,--,--,--,--
031,國立臺中教育大學,031222,無,音樂學系（A組）,長號,1,音樂,--,--,--,--,--,--,--,--,--,--,--,--,--,--,主修(檢定--、倍率--),主修82.44,--,--,--,--,--,--,--,--,--,--,--
031,國立臺中教育大學,031222,無,音樂學系（A組）,小號,1,音樂,--,--,--,--,--,--,--,--,--,--,--,--,--,--,主修(檢定--、倍率--),主修76.22,--,--,--,--,--,--,--,--,--,--,--
031,國立臺中教育大學,031222,無,音樂學系（A組）,法國號,1,音樂,--,--,--,--,--,--,--,--,--,--,--,--,--,--,主修(檢定--、倍率--),主修83.89,--,--,--,--,--,--,--,--,--,--,--
031,國立臺中教育大學,031222,無,音樂學系（A組）,低音號,1,音樂,--,--,--,--,--,--,--,--,--,--,--,--,--,--,主修(檢定--、倍率--),主修85.22,--,--,--,--,--,--,--,--,--,--,--
031,國立臺中教育大學,031222,無,音樂學系（A組）,薩克斯管,1,音樂,--,--,--,--,--,--,--,--,--,--,--,--,--,--,主修(檢定--、倍率--),主修83.33,--,--,--,--,--,--,--,--,--,--,--
031,國立臺中教育大學,031222,無,音樂學系（A組）,長笛,1,音樂,--,--,--,--,--,--,--,--,--,--,--,--,--,--,主修(檢定--、倍率--),主修85.56,--,--,--,--,--,--,--,--,--,--,--
031,國立臺中教育大學,031222,無,音樂學系（A組）,單簧管(豎笛),1,音樂,--,--,--,--,--,--,--,--,--,--,--,--,--,--,主修(檢定--、倍率--),主修78.11,--,--,--,--,--,--,--,--,--,--,--
031,國立臺中教育大學,031222,無,音樂學系（A組）,聲樂,1,音樂,--,--,--,--,--,--,--,--,--,--,--,--,--,--,主修(檢定--、倍率--),主修79.6,--,--,--,--,--,--,--,--,--,--,--
031,國立臺中教育大學,031232,無,音樂學系（B組）,,10,術科(美術/體育/音樂),--,--,--,--,--,--,--,15,--,--,--,--,--,--,--,國文4,--,--,--,--,--,--,--,--,--,--,--
031,國立臺中教育大學,031242,無,美術學系,,15,術科(美術/體育/音樂),後標,--,--,--,--,--,--,15,--,--,--,--,--,--,素描(檢定底標、倍率5)；彩繪技法(檢定底標、倍率--)；創意表現(檢定--、倍率--)；水墨書畫(檢定--、倍率--),國文9,素描84,--,--,--,--,--,--,--,--,--,*
031,國立臺中教育大學,031252,男,體育學系運動專長組,,14,術科(美術/體育/音樂),--,--,--,--,--,--,--,15,--,--,14,--,--,--,--,國文2,--,--,--,--,--,--,--,--,--,--,--
031,國立臺中教育大學,031252,女,體育學系運動專長組,,14,術科(美術/體育/音樂),--,--,--,--,--,--,--,15,--,--,14,--,--,--,--,國文3,數學B1,--,--,--,--,--,--,--,--,--,--
032,國立臺北教育大學,032012,無,教育學系,,24,一般,均標,--,--,均標,--,--,--,8,--,--,--,--,--,國數B×3,--,國文12,國數B22,--,--,--,--,--,--,--,--,--,*
032,國立臺北教育大學,032022,無,教育學系（芝山組）,,2,一般,均標,--,--,--,--,--,--,--,--,--,--,--,--,國數B×6,--,國數B19,--,--,--,--,--,--,--,--,--,--,*
032,國立臺北教育大學,032032,無,教育學系（公費生）,,1,一般,均標,--,--,均標,--,均標,--,--,--,--,--,--,--,數B自×6,--,數B自23,--,--,--,--,--,--,--,--,--,--,--
032,國立臺北教育大學,032042,無,教育經營與管理學系,,19,一般,均標,均標,--,均標,--,--,--,5,3,--,3,--,--,--,--,國文11,(英文+數學B)18,--,--,--,--,--,--,--,--,--,*
032,國立臺北教育大學,032052,無,教育經營與管理學系（芝山組）,,2,一般,均標,均標,--,均標,--,--,--,6,7,--,5,--,--,--,--,英文9,國文11,數學B5,--,--,--,--,--,--,--,--,--
032,國立臺北教育大學,032062,無,幼兒與家庭教育學系,,16,一般,均標,均標,--,均標,均標,--,--,5,3,--,--,--,--,--,--,國文11,英文11,--,--,--,--,--,--,--,--,--,*
032,國立臺北教育大學,032072,無,幼兒與家庭教育學系（芝山組）,,2,一般,均標,均標,--,均標,均標,--,--,5,3,--,--,--,--,--,--,國文10,英文8,--,--,--,--,--,--,--,--,--,--
032,國立臺北教育大學,032082,無,幼兒與家庭教育學系（公費生）,,1,一般,均標,均標,--,均標,均標,--,--,5,3,--,--,--,--,--,--,國文12,英文10,--,--,--,--,--,--,--,--,--,*
032,國立臺北教育大學,032092,無,特殊教育學系,,22,一般,均標,--,--,--,--,--,--,--,--,--,--,--,--,國英數B×3,--,國英數B29,--,--,--,--,--,--,--,--,--,--,*
032,國立臺北教育大學,032102,無,特殊教育學系（芝山組）,,3,一般,均標,--,--,--,--,--,--,--,--,--,--,--,--,國英數B×3,--,國英數B25,--,--,--,--,--,--,--,--,--,--,*
032,國立臺北教育大學,032112,無,心理與諮商學系,,13,一般,均標,均標,--,均標,--,--,--,6,5,--,3.5,--,--,--,--,國文13,英文11,數學B9,--,--,--,--,--,--,--,--,*
032,國立臺北教育大學,032122,無,心理與諮商學系（芝山組）,,6,一般,均標,均標,--,後標,--,--,--,6,5,--,4,--,--,--,--,國文10,英文8,數學B4,--,--,--,--,--,--,--,--,--
032,國立臺北教育大學,032132,無,社會與區域發展學系,,20,一般,--,均標,--,--,均標,--,--,--,--,--,--,--,--,英社×3,--,英社24,--,--,--,--,--,--,--,--,--,--,*
032,國立臺北教育大學,032142,無,社會與區域發展學系(青年儲蓄帳戶組),,1,一般,--,均標,--,--,均標,--,--,--,--,--,--,--,--,--,--,--,--,--,--,--,--,--,--,--,--,--,--
032,國立臺北教育大學,032152,無,兒童英語教育學系,,24,一般,均標,前標,--,均標,--,--,--,--,3,--,--,--,--,--,--,英文11,--,--,--,--,--,--,--,--,--,--,--
032,國立臺北教育大學,032162,無,兒童英語教育學系（公費生）,,1,一般,均標,前標,--,均標,--,--,--,--,6,--,--,--,--,--,--,英文12,--,--,--,--,--,--,--,--,--,--,--
032,國立臺北教育大學,032172,無,語文與創作學系語文師資組,,16,一般,前標,均標,--,均標,均標,--,--,3,5,--,--,--,--,國英數B社×6,--,國英數B社36,英文8,國文13,--,--,--,--,--,--,--,--,*
032,國立臺北教育大學,032182,無,語文與創作學系文學創作組,,18,一般,前標,均標,--,--,均標,--,--,3,5,--,--,--,--,國英社×6,--,國英社31,英文8,國文13,--,--,--,--,--,--,--,--,*
032,國立臺北教育大學,032192,無,文化創意產業經營學系,,28,一般,均標,均標,均標,均標,均標,--,--,--,--,--,--,--,--,國英社×3,--,國英社35,--,--,--,--,--,--,--,--,--,--,*
032,國立臺北教育大學,032202,無,文化創意產業經營學系(青年儲蓄帳戶組),,2,一般,均標,均標,--,--,均標,--,--,--,--,--,--,--,--,--,--,--,--,--,--,--,--,--,--,--,--,--,--
032,國立臺北教育大學,032212,無,台灣語言與文化學系,,12,一般,均標,--,--,--,均標,--,--,10,--,--,--,4,--,--,--,國文11,社會12,--,--,--,--,--,--,--,--,--,*
032,國立臺北教育大學,032222,無,數學暨資訊教育學系數學組,,14,一般,--,--,均標,--,--,--,--,15,--,3.5,--,--,--,--,--,國文7,數學A11,--,--,--,--,--,--,--,--,--,*
032,國立臺北教育大學,032232,無,數學暨資訊教育學系人工智慧與資訊教育組,,14,一般,--,--,均標,--,--,--,--,--,3.5,3.5,--,--,--,--,--,(英文+數學A)20,--,--,--,--,--,--,--,--,--,--,*
032,國立臺北教育大學,032252,無,數學暨資訊教育學系人工智慧與資訊教育組（公費生）,,1,一般,前標,前標,前標,--,--,--,--,4,5,3,--,--,--,--,--,英文15,國文12,數學A10,--,--,--,--,--,--,--,--,--
032,國立臺北教育大學,032262,無,自然科學教育學系,,29,一般,均標,均標,均標,--,--,均標,--,--,--,5,--,--,3,--,--,數學A8,自然11,--,--,--,--,--,--,--,--,--,*
032,國立臺北教育大學,032272,無,自然科學教育學系（芝山組）,,2,一般,--,--,均標,--,--,均標,--,--,--,--,--,--,--,數A自×5,--,數A自18,--,--,--,--,--,--,--,--,--,--,--
032,國立臺北教育大學,032282,無,自然科學教育學系（公費生A組),,1,一般,均標,前標,前標,--,--,前標,--,--,--,10,--,--,6,--,--,數學A10,自然12,--,--,--,--,--,--,--,--,--,--
032,國立臺北教育大學,032292,無,自然科學教育學系（公費生B組),,1,一般,均標,前標,前標,--,--,前標,--,--,--,10,--,--,6,--,--,數學A11,自然12,--,--,--,--,--,--,--,--,--,--
032,國立臺北教育大學,032302,無,資訊科學系,,26,一般,--,均標,均標,--,--,--,--,--,--,--,--,--,--,英數A自×3,--,英數A自32,--,--,--,--,--,--,--,--,--,--,*
032,國立臺北教育大學,032312,無,數位科技設計學系,,20,一般,均標,均標,--,均標,--,--,--,--,4,--,3,--,--,國英數B×5,--,國英數B24,英文8,數學B7,--,--,--,--,--,--,--,--,*
032,國立臺北教育大學,032332,無,藝術與造形設計學系設計組,,20,一般,均標,均標,--,均標,--,--,--,--,--,--,--,--,--,國英數B×3,--,國英數B29,--,--,--,--,--,--,--,--,--,--,*
032,國立臺北教育大學,032242,無,數學暨資訊教育學系人工智慧與資訊教育組(APCS組),-…均棵3,2,APCS,--,--,均標,--,--,--,--,--,--,10,--,--,--,--,程式識讀(檢定3級、倍率5)；程式實作(檢定2級、倍率5),數學A9,(APCS識讀+APCS實作)6,--,--,--,--,--,--,--,--,--,--
032,國立臺北教育大學,032322,無,數位科技設計學系(APCS組),…均棵…3,3,APCS,--,均標,--,均標,--,--,--,--,10,--,10,--,--,--,程式識讀(檢定3級、倍率5)；程式實作(檢定2級、倍率5),(英文+數學B)15,(APCS識讀+APCS實作)5,--,--,--,--,--,--,--,--,--,--
032,國立臺北教育大學,032342,無,藝術與造形設計學系藝術組,,21,術科(美術/體育/音樂),均標,後標,--,後標,均標,--,--,--,--,--,--,--,--,國英數B社×3,素描(檢定均標、倍率30)；彩繪技法(檢定均標、倍率30)；創意表現(檢定均標、倍率30),(素描+彩繪技法+創意表現)198,國英數B社30,--,--,--,--,--,--,--,--,--,--
032,國立臺北教育大學,032352,無,體育學系,,10,術科(美術/體育/音樂),--,--,後標,後標,--,--,--,--,--,--,--,10,--,英社×4,體育(百分等級)(檢定均標、倍率--),社會6,英社16,--,--,--,--,--,--,--,--,--,--
032,國立臺北教育大學,032362,無,體育學系（雙語教學組）,,8,術科(美術/體育/音樂),--,均標,底標,後標,--,--,--,--,5,--,--,--,--,--,體育(百分等級)(檢定底標、倍率--),英文8,--,--,--,--,--,--,--,--,--,--,--
033,國立臺南大學,033012,無,教育學系,,51,一般,後標,--,--,--,--,--,--,4,5,--,--,--,--,國英×3,--,英文9,國文10,國英21,--,--,--,--,--,--,--,--,*
033,國立臺南大學,033022,無,教育學系(公費生),,1,一般,均標,均標,--,--,--,--,--,12,15,--,12,--,--,國英數B×10,--,英文10,(國文+數學B)21,國英數B35,--,--,--,--,--,--,--,--,--
033,國立臺南大學,033032,無,諮商與輔導學系,,20,一般,均標,均標,--,均標,--,--,--,--,--,--,--,--,--,國英數B×3,--,國英數B31,--,--,--,--,--,--,--,--,--,--,*
033,國立臺南大學,033042,無,特殊教育學系,,18,一般,後標,--,--,--,--,--,--,3,3,--,3,--,--,--,--,(國文+英文+數學B)27,--,--,--,--,--,--,--,--,--,--,*
033,國立臺南大學,033052,無,特殊教育學系(青年儲蓄帳戶組),,1,一般,均標,--,--,--,--,--,--,--,--,--,--,--,--,--,--,--,--,--,--,--,--,--,--,--,--,--,--
033,國立臺南大學,033062,無,幼兒教育學系,,17,一般,均標,後標,--,--,--,--,--,3,--,--,--,--,--,國英×4,--,國英20,國文12,--,--,--,--,--,--,--,--,--,*
033,國立臺南大學,033072,無,文化與自然資源學系,,17,一般,均標,後標,--,--,均標,--,--,--,--,--,--,--,--,國英社×3,--,國英社32,--,--,--,--,--,--,--,--,--,--,*
033,國立臺南大學,033082,無,國語文學系,,35,一般,均標,--,--,--,--,--,--,3,--,--,--,--,--,國英社×5,--,國英社29,國文12,--,--,--,--,--,--,--,--,--,*
033,國立臺南大學,033092,無,英語學系,,14,一般,均標,均標,--,--,--,--,--,--,3,--,--,--,--,--,--,英文12,--,--,--,--,--,--,--,--,--,--,*
033,國立臺南大學,033102,無,英語學系(公費生),,2,一般,前標,頂標,--,--,--,--,--,--,4,--,--,--,--,--,--,英文13,--,--,--,--,--,--,--,--,--,--,--
033,國立臺南大學,033112,無,應用數學系,,16,一般,--,--,均標,--,--,--,--,--,--,3,--,--,--,--,--,數學A11,--,--,--,--,--,--,--,--,--,--,*
033,國立臺南大學,033122,無,數位學習科技學系,,25,一般,--,--,--,後標,--,--,--,--,3,--,5,--,--,--,--,數學B6,英文9,--,--,--,--,--,--,--,--,--,*
033,國立臺南大學,033132,無,數位學習科技學系(公費生),,1,一般,--,前標,--,前標,--,--,--,--,5,--,4,--,--,--,--,英文13,數學B10,--,--,--,--,--,--,--,--,--,--
033,國立臺南大學,033142,無,數位學習科技學系(資安組),,2,一般,--,--,--,均標,--,--,--,--,--,--,6,--,--,--,--,數學B9,--,--,--,--,--,--,--,--,--,--,*
033,國立臺南大學,033152,無,材料科學系,,16,一般,--,均標,均標,--,--,均標,--,--,--,--,--,--,--,英數A自×3,--,英數A自34,--,--,--,--,--,--,--,--,--,--,*
033,國立臺南大學,033162,無,資訊工程學系,,16,一般,--,--,均標,--,--,--,--,--,--,--,--,--,--,國英數A×3,--,國英數A33,--,--,--,--,--,--,--,--,--,--,*
033,國立臺南大學,033182,無,電機工程學系,,22,一般,--,--,均標,--,--,--,--,--,3,3,--,--,--,--,--,(英文+數學A)23,--,--,--,--,--,--,--,--,--,--,*
033,國立臺南大學,033192,無,綠色能源科技學系,,27,一般,--,--,後標,--,--,--,--,7,5,3,--,--,--,--,--,國文8,英文7,數學A9,--,--,--,--,--,--,--,--,*
033,國立臺南大學,033202,無,生物科技學系,,14,一般,--,--,--,--,--,底標,--,7,--,--,--,--,3,--,--,國文11,自然11,--,--,--,--,--,--,--,--,--,*
033,國立臺南大學,033212,無,生態暨環境資源學系,,17,一般,底標,--,--,--,--,--,--,--,--,--,--,--,--,國英×3,--,國英21,--,--,--,--,--,--,--,--,--,--,*
033,國立臺南大學,033222,男,戲劇創作與應用學系,,5,一般,均標,底標,--,--,--,--,--,--,--,--,--,--,--,國英×5.5,--,國英15,--,--,--,--,--,--,--,--,--,--,*
033,國立臺南大學,033222,女,戲劇創作與應用學系,,17,一般,均標,底標,--,--,--,--,--,--,--,--,--,--,--,國英×5.5,--,國英16,--,--,--,--,--,--,--,--,--,--,*
033,國立臺南大學,033232,無,行政管理學系,,20,一般,後標,均標,--,--,--,--,--,--,--,--,--,--,--,國英數B社×3,--,國英數B社41,--,--,--,--,--,--,--,--,--,--,--
033,國立臺南大學,033242,無,經營與管理學系,,15,一般,--,均標,--,--,--,--,--,--,3,--,--,--,--,國英數B×6,--,國英數B19,英文11,--,--,--,--,--,--,--,--,--,*
033,國立臺南大學,033172,無,資訊工程學系(APCS組),…均棵3,3,APCS,--,--,均標,--,--,--,--,--,--,--,--,--,--,國英數A×3,程式識讀(檢定3級、倍率20)；程式實作(檢定2級、倍率20),(APCS識讀+APCS實作)5,國英數A29,--,--,--,--,--,--,--,--,--,*
033,國立臺南大學,033252,無,音樂學系(A組),鋼琴,4,音樂,--,--,--,--,--,--,--,16,16,--,--,--,--,--,主修(檢定--、倍率--),(國文+英文)7,主修62.93,--,--,--,--,--,--,--,--,--,--
033,國立臺南大學,033252,無,音樂學系(A組),聲樂,3,音樂,--,--,--,--,--,--,--,16,16,--,--,--,--,--,主修(檢定--、倍率--),(國文+英文)7,主修85.14,--,--,--,--,--,--,--,--,--,--
033,國立臺南大學,033252,無,音樂學系(A組),小提琴,3,音樂,--,--,--,--,--,--,--,16,16,--,--,--,--,--,主修(檢定--、倍率--),(國文+英文)7,主修72.86,--,--,--,--,--,--,--,--,--,--
033,國立臺南大學,033252,無,音樂學系(A組),小號,1,音樂,--,--,--,--,--,--,--,16,16,--,--,--,--,--,主修(檢定--、倍率--),(國文+英文)7,主修76.22,--,--,--,--,--,--,--,--,--,--
033,國立臺南大學,033252,無,音樂學系(A組),法國號,1,音樂,--,--,--,--,--,--,--,16,16,--,--,--,--,--,主修(檢定--、倍率--),(國文+英文)7,主修86.67,--,--,--,--,--,--,--,--,--,--
033,國立臺南大學,033252,無,音樂學系(A組),聲樂,1,音樂,--,--,--,--,--,--,--,16,16,--,--,--,--,--,主修(檢定--、倍率--),(國文+英文)7,主修79.6,--,--,--,--,--,--,--,--,--,--
033,國立臺南大學,033252,無,音樂學系(A組),理論作曲,1,音樂,--,--,--,--,--,--,--,16,16,--,--,--,--,--,主修(檢定--、倍率--),(國文+英文)7,--,--,--,--,--,--,--,--,--,--,--
033,國立臺南大學,033262,無,音樂學系(B組),,14,術科(美術/體育/音樂),--,--,--,--,--,--,--,7,7,--,--,--,--,--,--,(國文+英文)11,--,--,--,--,--,--,--,--,--,--,*
033,國立臺南大學,033272,無,視覺藝術與設計學系,,27,術科(美術/體育/音樂),--,--,--,--,--,--,--,12,12,--,--,--,--,--,素描(檢定--、倍率8)；彩繪技法(檢定--、倍率10)；創意表現(檢定--、倍率10),(國文+英文)11,(彩繪技法+創意表现)111,素描63,--,--,--,--,--,--,--,--,*
033,國立臺南大學,033282,無,體育學系,,16,術科(美術/體育/音樂),--,--,--,--,--,--,--,--,--,--,--,--,--,國英數B×5,體育(百分等級)(檢定後標、倍率--),國英數B18,--,--,--,--,--,--,--,--,--,--,*
034,國立東華大學,034012,無,應用數學系數學科學組,,15,一般,--,底標,--,--,--,--,--,--,--,3,--,--,--,--,--,數學A8,--,--,--,--,--,--,--,--,--,--,--
034,國立東華大學,034022,無,應用數學系統計科學組,,16,一般,--,底標,--,--,--,--,--,--,--,3,--,--,--,--,--,數學A8,--,--,--,--,--,--,--,--,--,--,*
034,國立東華大學,034032,無,物理學系物理組,,18,一般,--,--,--,--,--,均標,--,--,--,--,--,--,3,--,--,自然10,--,--,--,--,--,--,--,--,--,--,*
034,國立東華大學,034042,無,物理學系奈米與光電科學組,,14,一般,--,--,--,--,--,均標,--,--,--,--,--,--,3.5,--,--,自然10,--,--,--,--,--,--,--,--,--,--,*
034,國立東華大學,034052,無,化學系,,26,一般,--,--,--,--,--,均標,--,--,--,6,--,--,3,--,--,數學A3,自然10,--,--,--,--,--,--,--,--,--,*
034,國立東華大學,034062,無,生化暨分子醫學科學系,,20,一般,--,後標,--,--,--,--,--,--,3,--,--,--,3,--,--,(英文+自然)18,--,--,--,--,--,--,--,--,--,--,*
034,國立東華大學,034072,無,資訊工程學系資工組,,26,一般,--,--,均標,--,--,--,--,--,6,3,--,--,--,--,--,英文6,數學A9,--,--,--,--,--,--,--,--,--,*
034,國立東華大學,034092,無,資訊工程學系資工組(資安組),,4,一般,--,--,均標,--,--,--,--,--,10,6,--,--,--,--,--,英文4,數學A8,--,--,--,--,--,--,--,--,--,--
034,國立東華大學,034102,無,資訊工程學系國際組,,10,一般,--,--,均標,--,--,--,--,--,5,8,--,--,--,--,--,數學A8,英文8,--,--,--,--,--,--,--,--,--,--
034,國立東華大學,034112,無,資訊工程學系國際組(資安組),,1,一般,--,--,均標,--,--,--,--,--,10,14,--,--,--,--,--,數學A8,英文8,--,--,--,--,--,--,--,--,--,--
034,國立東華大學,034122,無,電機工程學系智慧系統組,,23,一般,--,--,均標,--,--,--,--,--,--,3,--,--,--,英數A自×4,--,英數A自25,數學A10,--,--,--,--,--,--,--,--,--,*
034,國立東華大學,034132,無,電機工程學系半導體組,,13,一般,--,--,--,--,--,均標,--,--,--,--,--,--,3.5,英數A自×5,--,英數A自30,自然11,--,--,--,--,--,--,--,--,--,*
034,國立東華大學,034142,無,材料科學與工程學系,,28,一般,--,--,--,--,--,後標,--,--,--,--,--,--,--,國英數A自×3,--,國英數A自39,--,--,--,--,--,--,--,--,--,--,*
034,國立東華大學,034152,無,光電工程學系,,25,一般,--,--,--,--,--,後標,--,--,--,--,--,--,3,國英數A自×4,--,國英數A自20,自然8,--,--,--,--,--,--,--,--,--,*
034,國立東華大學,034162,無,理工學院大數據科學國際學士班,,9,一般,--,--,均標,--,--,--,--,--,6,5,--,--,--,--,--,英文6,數學A8,--,--,--,--,--,--,--,--,--,--
034,國立東華大學,034172,無,企業管理學系管理科學組,,5,一般,--,後標,--,--,--,--,--,--,--,6,--,--,--,--,--,--,--,--,--,--,--,--,--,--,--,--,--
034,國立東華大學,034182,無,企業管理學系經營管理組,,18,一般,--,後標,--,--,--,--,--,--,--,--,3,--,--,--,--,數學B5,--,--,--,--,--,--,--,--,--,--,*
034,國立東華大學,034192,無,會計學系,,26,一般,--,後標,--,--,--,--,--,--,3,--,--,--,--,--,--,英文5,--,--,--,--,--,--,--,--,--,--,*
034,國立東華大學,034202,無,資訊管理學系人工智慧與大數據組,,18,一般,均標,--,--,--,--,--,--,--,--,--,--,--,--,國英數A×3,--,國英數A21,--,--,--,--,--,--,--,--,--,--,--
034,國立東華大學,034212,無,資訊管理學系人工智慧與商務組,,18,一般,均標,--,--,--,--,--,--,--,--,--,--,--,--,國英數B×3,--,國英數B18,--,--,--,--,--,--,--,--,--,--,--
034,國立東華大學,034222,無,資訊管理學系(資安組),,3,一般,均標,--,--,--,--,--,--,--,--,--,--,--,--,國英數A×6,--,國英數A24,--,--,--,--,--,--,--,--,--,--,*
034,國立東華大學,034232,無,國際企業學系,,20,一般,--,後標,--,--,--,--,--,--,--,--,--,--,--,國英×3,--,國英18,--,--,--,--,--,--,--,--,--,--,*
034,國立東華大學,034242,無,財務金融學系,,22,一般,--,後標,--,後標,--,--,--,--,3,--,8,--,--,--,--,數學B3,英文7,--,--,--,--,--,--,--,--,--,*
034,國立東華大學,034252,無,觀光暨休閒遊憩學系,,22,一般,後標,--,--,--,--,--,--,--,--,--,--,--,--,英社×3,--,英社14,--,--,--,--,--,--,--,--,--,--,*
034,國立東華大學,034262,無,管理學院管理科學與財金國際學士學位學程,,7,一般,--,--,--,--,底標,--,--,--,--,--,--,--,--,英數B社×7,--,英數B社12,--,--,--,--,--,--,--,--,--,--,--
034,國立東華大學,034272,無,管理學院會計與資訊管理國際學士班智慧會計與風險管理組,,5,一般,--,後標,--,--,--,--,--,--,--,--,--,--,--,國英數A×6,--,國英數A21,--,--,--,--,--,--,--,--,--,--,*
034,國立東華大學,034282,無,管理學院會計與資訊管理國際學士班會計資訊與電腦稽核組,,5,一般,--,後標,--,--,--,--,--,--,--,--,--,--,--,國英數B×6,--,國英數B26,--,--,--,--,--,--,--,--,--,--,--
034,國立東華大學,034292,無,管理學院數位行銷與服務創新國際學士班,,2,一般,均標,--,--,--,--,--,--,--,10,--,--,--,--,--,--,英文8,--,--,--,--,--,--,--,--,--,--,--
034,國立東華大學,034302,無,華文文學與創作學系,,19,一般,後標,--,--,--,--,--,--,3,--,--,--,--,--,--,--,國文9,--,--,--,--,--,--,--,--,--,--,*
034,國立東華大學,034312,無,中國語文學系,,18,一般,後標,--,--,--,後標,--,--,3,--,--,--,6,--,--,--,社會11,國文12,--,--,--,--,--,--,--,--,--,--
034,國立東華大學,034322,無,英美語文學系,,17,一般,--,後標,--,--,--,--,--,--,3,--,--,--,--,--,--,英文10,--,--,--,--,--,--,--,--,--,--,*
034,國立東華大學,034332,無,臺灣文化學系,,22,一般,--,--,--,--,後標,--,--,--,--,--,--,3,--,--,--,社會11,--,--,--,--,--,--,--,--,--,--,*
034,國立東華大學,034342,無,歷史學系,,23,一般,--,--,--,--,均標,--,--,--,--,--,--,3,--,--,--,社會12,--,--,--,--,--,--,--,--,--,--,*
034,國立東華大學,034352,無,經濟學系,,24,一般,--,--,--,--,後標,--,--,--,--,--,--,--,--,英數B×3,--,英數B11,--,--,--,--,--,--,--,--,--,--,*
034,國立東華大學,034362,無,諮商與臨床心理學系,,28,一般,--,均標,--,均標,--,--,--,--,6,--,3,--,--,--,--,英文8,數學B6,--,--,--,--,--,--,--,--,--,*
034,國立東華大學,034372,無,社會學系,,17,一般,--,--,--,--,均標,--,--,--,--,--,--,3,--,國社×10,--,國社16,社會11,--,--,--,--,--,--,--,--,--,*
034,國立東華大學,034382,無,公共行政學系,,15,一般,--,--,--,--,後標,--,--,3,--,--,--,6,--,--,--,社會11,國文12,--,--,--,--,--,--,--,--,--,*
034,國立東華大學,034392,無,法律學系,,11,一般,--,--,--,--,均標,--,--,6,--,--,--,--,--,國英社×4.5,--,國文11,國英社32,--,--,--,--,--,--,--,--,--,--
034,國立東華大學,034402,無,教育與潛能開發學系,,20,一般,後標,--,--,--,--,--,--,5,3,--,--,--,--,--,--,國文10,英文6,--,--,--,--,--,--,--,--,--,*
034,國立東華大學,034412,無,教育行政與管理學系,,18,一般,後標,--,--,--,--,--,--,6,--,--,--,3,--,--,--,國文9,社會11,--,--,--,--,--,--,--,--,--,*
034,國立東華大學,034422,無,特殊教育學系,,18,一般,後標,--,--,--,--,--,--,6,--,--,--,3,--,--,--,國文9,社會6,--,--,--,--,--,--,--,--,--,--
034,國立東華大學,034432,無,幼兒教育學系,,18,一般,後標,--,--,--,--,--,--,6,--,--,--,3,--,--,--,國文9,社會10,--,--,--,--,--,--,--,--,--,*
034,國立東華大學,034442,無,族群關係與文化學系,,14,一般,--,--,--,--,後標,--,--,--,--,--,--,--,--,國英社×3.5,--,國英社17,--,--,--,--,--,--,--,--,--,--,--
034,國立東華大學,034452,無,民族語言與傳播學系,,8,一般,--,--,--,--,後標,--,--,6,--,--,--,9,--,--,--,社會8,國文6,--,--,--,--,--,--,--,--,--,--
034,國立東華大學,034462,無,民族發展與社會工作學系民族發展組,,5,一般,--,--,--,--,後標,--,--,12,--,--,--,10,--,--,--,國文6,社會8,--,--,--,--,--,--,--,--,--,--
034,國立東華大學,034472,無,民族發展與社會工作學系社會工作組,,6,一般,--,--,--,--,後標,--,--,12,--,--,--,8,--,--,--,國文9,社會10,--,--,--,--,--,--,--,--,--,*
034,國立東華大學,034482,無,自然資源與環境學系,,29,一般,--,--,--,--,--,均標,--,--,6,--,--,--,3,--,--,英文2,自然9,--,--,--,--,--,--,--,--,--,--
034,國立東華大學,034492,無,縱谷跨域書院學士學位學程,,12,一般,--,--,--,--,均標,--,--,4,--,--,--,6,--,--,--,社會10,國文8,--,--,--,--,--,--,--,--,--,--
034,國立東華大學,034082,無,資訊工程學系資工組(APCS組),,3,APCS,--,--,均標,--,--,--,--,--,--,10,--,--,--,--,程式識讀(檢定3級、倍率6)；程式實作(檢定2級、倍率6),數學A8,(APCS識讀+APCS實作)5,--,--,--,--,--,--,--,--,--,--
034,國立東華大學,034502,無,音樂學系,,12,術科(美術/體育/音樂),--,--,--,--,--,--,--,--,10,--,--,--,--,--,--,英文2,--,--,--,--,--,--,--,--,--,--,--
034,國立東華大學,034512,無,藝術與設計學系,,24,術科(美術/體育/音樂),--,--,--,--,--,--,--,15,--,--,--,20,--,--,素描(檢定--、倍率6)；創意表現(檢定--、倍率5),--,國文4,素描51,創意表現48,--,--,--,--,--,--,--,*
034,國立東華大學,034522,無,藝術創意產業學系,,27,術科(美術/體育/音樂),--,--,--,--,--,--,--,5,--,--,--,--,--,--,--,國文9,--,--,--,--,--,--,--,--,--,--,*
034,國立東華大學,034532,無,體育與運動科學系,,15,術科(美術/體育/音樂),--,--,--,--,--,--,--,8,5,--,6,--,--,--,體育(百分等級)(檢定後標、倍率--),國文5,數學B2,英文3,--,--,--,--,--,--,--,--,*
035,臺北市立大學,035012,無,教育學系,,36,一般,均標,均標,--,底標,--,--,--,3,--,--,--,--,--,--,--,國文13,--,--,--,--,--,--,--,--,--,--,*
035,臺北市立大學,035022,無,特殊教育學系,,20,一般,均標,後標,--,後標,--,--,--,3,5,--,6,--,--,--,--,數學B3,英文5,國文12,--,--,--,--,--,--,--,--,*
035,臺北市立大學,035032,無,幼兒教育學系,,48,一般,均標,--,--,--,--,--,--,3,4,--,--,5,--,--,--,社會10,英文7,國文11,--,--,--,--,--,--,--,--,*
035,臺北市立大學,035042,無,心理與諮商學系,,17,一般,均標,均標,--,後標,--,--,--,--,--,--,--,--,--,國英數B×3,--,國英數B34,--,--,--,--,--,--,--,--,--,--,*
035,臺北市立大學,035052,無,學習與媒材設計學系,,18,一般,均標,均標,--,底標,--,--,--,3,--,--,--,--,--,--,--,國文12,--,--,--,--,--,--,--,--,--,--,*
035,臺北市立大學,035062,無,中國語文學系,,28,一般,均標,底標,--,--,均標,--,--,3,--,--,--,--,--,--,--,國文13,--,--,--,--,--,--,--,--,--,--,*
035,臺北市立大學,035072,無,英語教學系,,23,一般,--,均標,--,--,--,--,--,--,3,--,--,--,--,--,--,英文13,--,--,--,--,--,--,--,--,--,--,*
035,臺北市立大學,035082,無,公共事務學系,,16,一般,均標,均標,--,--,均標,--,--,3,--,--,--,--,--,--,--,國文13,--,--,--,--,--,--,--,--,--,--,*
035,臺北市立大學,035092,無,歷史與地理學系,,12,一般,均標,均標,--,--,均標,--,--,8,12,--,--,4,--,--,--,英文8,國文10,社會12,--,--,--,--,--,--,--,--,*
035,臺北市立大學,035102,無,地球環境暨生物資源學系,,22,一般,--,--,--,--,--,均標,--,--,--,--,--,--,3,國英自×8,--,國英自23,自然11,--,--,--,--,--,--,--,--,--,*
035,臺北市立大學,035112,無,地球環境暨生物資源學系（青年儲蓄帳戶組）,,1,一般,均標,--,--,--,--,--,--,--,--,--,--,--,--,--,--,--,--,--,--,--,--,--,--,--,--,--,--
035,臺北市立大學,035122,無,應用物理暨化學系電子物理組,,9,一般,--,均標,均標,--,--,均標,--,--,8,5.5,--,--,10,--,--,自然10,英文9,數學A10,--,--,--,--,--,--,--,--,--
035,臺北市立大學,035132,無,應用物理暨化學系應用化學組,,9,一般,--,均標,均標,--,--,均標,--,--,8,5.5,--,--,10,--,--,自然9,英文8,數學A9,--,--,--,--,--,--,--,--,*
035,臺北市立大學,035142,無,應用物理暨化學系應用化學組（青年儲蓄帳戶組）,,1,一般,--,均標,--,--,--,均標,--,--,--,--,--,--,--,--,--,--,--,--,--,--,--,--,--,--,--,--,--
035,臺北市立大學,035152,無,數據科學與數學系,,18,一般,--,--,均標,--,--,--,--,--,--,3,--,--,--,--,--,數學A11,--,--,--,--,--,--,--,--,--,--,*
035,臺北市立大學,035162,無,資訊科學系,,22,一般,--,均標,均標,--,--,--,--,--,--,3,--,--,--,英數A自×5,--,英數A自29,數學A10,--,--,--,--,--,--,--,--,--,*
035,臺北市立大學,035182,無,資訊科學系（資安組）,,3,一般,--,均標,均標,--,--,--,--,--,--,7,--,--,--,英數A×10,--,英數A18,數學A9,--,--,--,--,--,--,--,--,--,*
035,臺北市立大學,035192,無,城市發展學系,,14,一般,均標,--,--,--,--,--,--,--,5,--,--,3.5,--,--,--,英文9,社會12,--,--,--,--,--,--,--,--,--,*
035,臺北市立大學,035202,無,行銷與管理學系(數位行銷組),,8,一般,均標,--,--,--,--,--,--,10,--,--,6,--,--,--,--,國文12,數學B8,--,--,--,--,--,--,--,--,--,*
035,臺北市立大學,035212,無,行銷與管理學系(創新管理組),,7,一般,均標,--,--,--,--,--,--,--,7,--,10,--,--,--,--,數學B6,英文10,--,--,--,--,--,--,--,--,--,*
035,臺北市立大學,035222,無,衛生福利學系,,13,一般,--,--,後標,--,--,--,--,--,--,3.5,--,--,--,--,--,數學A9,--,--,--,--,--,--,--,--,--,--,*
035,臺北市立大學,035232,無,衛生福利學系（青年儲蓄帳戶組）,,1,一般,--,後標,--,--,--,--,--,--,--,--,--,--,--,--,--,--,--,--,--,--,--,--,--,--,--,--,--
035,臺北市立大學,035172,無,資訊科學系（APCS組）,-均棵均棵3,3,APCS,--,均標,均標,--,--,--,--,--,--,7,--,--,--,英數A×10,程式識讀(檢定3級、倍率5)；程式實作(檢定2級、倍率5),英數A16,數學A8,(APCS識讀+APCS實作)6,--,--,--,--,--,--,--,--,*
035,臺北市立大學,035242,無,音樂學系,鋼琴,12,音樂,--,--,--,--,--,--,--,--,--,--,--,--,--,--,主修(檢定--、倍率--)；副修(檢定--、倍率--)；樂理(檢定--、倍率--)；視唱(檢定--、倍率--)；聽寫(檢定--、倍率--),主修76.86,--,--,--,--,--,--,--,--,--,--,--
035,臺北市立大學,035242,無,音樂學系,聲樂,6,音樂,--,--,--,--,--,--,--,--,--,--,--,--,--,--,主修(檢定--、倍率--)；副修(檢定--、倍率--)；樂理(檢定--、倍率--)；視唱(檢定--、倍率--)；聽寫(檢定--、倍率--),主修85.14,--,--,--,--,--,--,--,--,--,--,--
035,臺北市立大學,035242,無,音樂學系,小提琴,5,音樂,--,--,--,--,--,--,--,--,--,--,--,--,--,--,主修(檢定--、倍率--)；副修(檢定--、倍率--)；樂理(檢定--、倍率--)；視唱(檢定--、倍率--)；聽寫(檢定--、倍率--),主修72.86,--,--,--,--,--,--,--,--,--,--,--
035,臺北市立大學,035242,無,音樂學系,中提琴,2,音樂,--,--,--,--,--,--,--,--,--,--,--,--,--,--,主修(檢定--、倍率--)；副修(檢定--、倍率--)；樂理(檢定--、倍率--)；視唱(檢定--、倍率--)；聽寫(檢定--、倍率--),主修84.29,--,--,--,--,--,--,--,--,--,--,--
035,臺北市立大學,035242,無,音樂學系,大提琴,3,音樂,--,--,--,--,--,--,--,--,--,--,--,--,--,--,主修(檢定--、倍率--)；副修(檢定--、倍率--)；樂理(檢定--、倍率--)；視唱(檢定--、倍率--)；聽寫(檢定--、倍率--),主修80.71,--,--,--,--,--,--,--,--,--,--,--
035,臺北市立大學,035242,無,音樂學系,低音提琴,1,音樂,--,--,--,--,--,--,--,--,--,--,--,--,--,--,主修(檢定--、倍率--)；副修(檢定--、倍率--)；樂理(檢定--、倍率--)；視唱(檢定--、倍率--)；聽寫(檢定--、倍率--),主修85.21,--,--,--,--,--,--,--,--,--,--,--
035,臺北市立大學,035242,無,音樂學系,長號,1,音樂,--,--,--,--,--,--,--,--,--,--,--,--,--,--,主修(檢定--、倍率--)；副修(檢定--、倍率--)；樂理(檢定--、倍率--)；視唱(檢定--、倍率--)；聽寫(檢定--、倍率--),主修83.56,--,--,--,--,--,--,--,--,--,--,--
035,臺北市立大學,035242,無,音樂學系,小號,2,音樂,--,--,--,--,--,--,--,--,--,--,--,--,--,--,主修(檢定--、倍率--)；副修(檢定--、倍率--)；樂理(檢定--、倍率--)；視唱(檢定--、倍率--)；聽寫(檢定--、倍率--),主修83.33,--,--,--,--,--,--,--,--,--,--,--
035,臺北市立大學,035242,無,音樂學系,法國號,1,音樂,--,--,--,--,--,--,--,--,--,--,--,--,--,--,主修(檢定--、倍率--)；副修(檢定--、倍率--)；樂理(檢定--、倍率--)；視唱(檢定--、倍率--)；聽寫(檢定--、倍率--),主修83.89,--,--,--,--,--,--,--,--,--,--,--
035,臺北市立大學,035242,無,音樂學系,薩克斯管,1,音樂,--,--,--,--,--,--,--,--,--,--,--,--,--,--,主修(檢定--、倍率--)；副修(檢定--、倍率--)；樂理(檢定--、倍率--)；視唱(檢定--、倍率--)；聽寫(檢定--、倍率--),主修81.56,--,--,--,--,--,--,--,--,--,--,--
035,臺北市立大學,035242,無,音樂學系,長笛,2,音樂,--,--,--,--,--,--,--,--,--,--,--,--,--,--,主修(檢定--、倍率--)；副修(檢定--、倍率--)；樂理(檢定--、倍率--)；視唱(檢定--、倍率--)；聽寫(檢定--、倍率--),主修77.78,--,--,--,--,--,--,--,--,--,--,--
035,臺北市立大學,035242,無,音樂學系,單簧管(豎笛),2,音樂,--,--,--,--,--,--,--,--,--,--,--,--,--,--,主修(檢定--、倍率--)；副修(檢定--、倍率--)；樂理(檢定--、倍率--)；視唱(檢定--、倍率--)；聽寫(檢定--、倍率--),主修83.56,--,--,--,--,--,--,--,--,--,--,--
035,臺北市立大學,035242,無,音樂學系,雙簧管,1,音樂,--,--,--,--,--,--,--,--,--,--,--,--,--,--,主修(檢定--、倍率--)；副修(檢定--、倍率--)；樂理(檢定--、倍率--)；視唱(檢定--、倍率--)；聽寫(檢定--、倍率--),主修83.78,--,--,--,--,--,--,--,--,--,--,--
035,臺北市立大學,035242,無,音樂學系,低音管,1,音樂,--,--,--,--,--,--,--,--,--,--,--,--,--,--,主修(檢定--、倍率--)；副修(檢定--、倍率--)；樂理(檢定--、倍率--)；視唱(檢定--、倍率--)；聽寫(檢定--、倍率--),主修76.22,--,--,--,--,--,--,--,--,--,--,--
035,臺北市立大學,035242,無,音樂學系,聲樂,1,音樂,--,--,--,--,--,--,--,--,--,--,--,--,--,--,主修(檢定--、倍率--)；副修(檢定--、倍率--)；樂理(檢定--、倍率--)；視唱(檢定--、倍率--)；聽寫(檢定--、倍率--),主修87.4,--,--,--,--,--,--,--,--,--,--,--
035,臺北市立大學,035242,無,音樂學系,理論作曲,3,音樂,--,--,--,--,--,--,--,--,--,--,--,--,--,--,主修(檢定--、倍率--)；副修(檢定--、倍率--)；樂理(檢定--、倍率--)；視唱(檢定--、倍率--)；聽寫(檢定--、倍率--),主修68.4,--,--,--,--,--,--,--,--,--,--,--
035,臺北市立大學,035252,無,視覺藝術學系,,18,術科(美術/體育/音樂),後標,--,--,--,--,--,--,6,5,--,--,--,--,--,素描(檢定均標、倍率4)；彩繪技法(檢定均標、倍率4)；創意表現(檢定均標、倍率4),國文10,英文5,(素描+彩繪技法+創意表現)222,--,--,--,--,--,--,--,--,*
035,臺北市立大學,035262,無,體育學系,,12,術科(美術/體育/音樂),--,--,--,--,--,--,--,--,--,--,--,--,--,國英×20,體育(百分等級)(檢定均標、倍率15),國英10,體育百分等级73.08,--,--,--,--,--,--,--,--,--,--
035,臺北市立大學,035272,無,體育學系(公費生),,1,術科(美術/體育/音樂),均標,頂標,均標,均標,--,--,--,--,--,--,--,--,--,國英×15,--,國英28,--,--,--,--,--,--,--,--,--,--,--
035,臺北市立大學,035282,無,休閒運動管理學系,,28,術科(美術/體育/音樂),--,--,--,--,--,--,--,--,--,--,--,--,--,國社×9,--,國社21,--,--,--,--,--,--,--,--,--,--,*
035,臺北市立大學,035292,無,運動健康科學系,,27,術科(美術/體育/音樂),--,--,--,--,--,--,--,--,--,--,--,--,--,國英自×10,--,國英自25,--,--,--,--,--,--,--,--,--,--,*
035,臺北市立大學,035302,無,運動健康科學系（青年儲蓄帳戶組）,,1,術科(美術/體育/音樂),後標,後標,--,--,--,後標,--,--,--,--,--,--,--,--,--,--,--,--,--,--,--,--,--,--,--,--,--
036,國立屏東大學,036012,無,教育學系,,39,一般,均標,--,--,--,--,--,--,5,3,--,--,--,--,--,--,國文10,英文7,--,--,--,--,--,--,--,--,--,*
036,國立屏東大學,036022,無,幼兒教育學系,,40,一般,均標,--,--,--,--,--,--,3,4,--,--,5,--,--,--,社會9,英文5,國文10,--,--,--,--,--,--,--,--,*
036,國立屏東大學,036032,無,特殊教育學系,,29,一般,後標,--,--,--,--,--,--,3,--,--,--,--,--,--,--,國文11,--,--,--,--,--,--,--,--,--,--,*
036,國立屏東大學,036042,無,特殊教育學系(公費生),,1,一般,均標,後標,--,--,--,--,--,15,--,--,--,--,--,--,--,國文10,--,--,--,--,--,--,--,--,--,--,--
036,國立屏東大學,036052,無,教育心理與輔導學系,,15,一般,均標,均標,--,--,--,--,--,--,--,--,--,--,--,國英數B社×3,--,國英數B社39,--,--,--,--,--,--,--,--,--,--,--
036,國立屏東大學,036062,無,教育心理與輔導學系(公費生),,1,一般,均標,均標,--,--,--,--,--,--,--,--,--,--,--,國英數B社×15,--,國英數B社41,--,--,--,--,--,--,--,--,--,--,--
036,國立屏東大學,036072,無,中國語文學系,,20,一般,均標,--,--,--,--,--,--,4,--,--,--,--,--,國英社×3,--,國文11,國英社29,--,--,--,--,--,--,--,--,--,*
036,國立屏東大學,036082,無,中國語文學系(青年儲蓄帳戶組),,1,一般,後標,--,--,--,--,--,--,--,--,--,--,--,--,--,--,--,--,--,--,--,--,--,--,--,--,--,--
036,國立屏東大學,036092,無,文化創意產業學系,,21,一般,均標,後標,--,--,均標,--,--,6,--,--,--,3,--,--,--,國文10,社會10,--,--,--,--,--,--,--,--,--,*
036,國立屏東大學,036102,無,社會發展學系,,20,一般,--,--,--,--,均標,--,--,--,--,--,--,--,--,國英社×3,--,國英社29,--,--,--,--,--,--,--,--,--,--,*
036,國立屏東大學,036112,無,英語學系,,16,一般,--,均標,--,--,--,--,--,--,3,--,--,--,--,--,--,英文11,--,--,--,--,--,--,--,--,--,--,--
036,國立屏東大學,036122,無,英語學系(公費生),,1,一般,均標,前標,--,--,--,--,--,--,15,--,--,--,--,--,--,英文12,--,--,--,--,--,--,--,--,--,--,--
036,國立屏東大學,036132,無,應用英語學系,,7,一般,--,後標,--,--,--,--,--,--,7,--,--,--,--,--,--,英文10,--,--,--,--,--,--,--,--,--,--,*
036,國立屏東大學,036142,無,應用日語學系,,9,一般,均標,--,--,--,--,--,--,5.5,--,--,--,--,--,--,--,國文12,--,--,--,--,--,--,--,--,--,--,*
036,國立屏東大學,036152,無,商業大數據學系,,30,一般,--,底標,--,--,--,--,--,--,3,--,--,--,--,--,--,英文8,--,--,--,--,--,--,--,--,--,--,*
036,國立屏東大學,036162,無,行銷與流通管理學系,,17,一般,--,底標,--,--,--,--,--,--,--,--,--,--,--,國英數B×3,--,國英數B21,--,--,--,--,--,--,--,--,--,--,*
036,國立屏東大學,036172,無,企業管理學系,,14,一般,--,底標,--,--,--,--,--,--,3.5,--,--,--,--,--,--,英文10,--,--,--,--,--,--,--,--,--,--,*
036,國立屏東大學,036182,無,財務金融學系,,19,一般,--,後標,--,後標,--,--,--,--,--,--,--,--,--,國英數B×3,--,國英數B28,--,--,--,--,--,--,--,--,--,--,--
036,國立屏東大學,036192,無,休閒事業經營學系,,11,一般,--,後標,--,--,--,--,--,--,--,--,--,--,--,英數B×4.5,--,英數B8,--,--,--,--,--,--,--,--,--,--,*
036,國立屏東大學,036202,無,不動產經營學系,,14,一般,後標,--,--,--,後標,--,--,4.5,--,--,--,3.5,--,--,--,國文11,社會11,--,--,--,--,--,--,--,--,--,*
036,國立屏東大學,036212,無,國際經營與貿易學系,,10,一般,--,底標,--,--,--,--,--,--,--,--,--,--,--,國英數B社×5,--,國英數B社23,--,--,--,--,--,--,--,--,--,--,*
036,國立屏東大學,036222,無,會計學系,,33,一般,--,後標,--,--,--,--,--,--,10,--,3,--,--,--,--,英文5,數學B2,--,--,--,--,--,--,--,--,--,--
036,國立屏東大學,036232,無,應用化學系,,28,一般,--,--,後標,--,--,均標,--,--,--,3,--,--,5,--,--,自然9,數學A8,--,--,--,--,--,--,--,--,--,*
036,國立屏東大學,036242,無,應用數學系,,25,一般,--,--,後標,--,--,--,--,--,--,3,--,--,--,--,--,數學A9,--,--,--,--,--,--,--,--,--,--,*
036,國立屏東大學,036252,無,應用物理系半導體組,,17,一般,--,--,底標,--,--,底標,--,--,--,3,--,--,5,--,--,自然10,數學A9,--,--,--,--,--,--,--,--,--,*
036,國立屏東大學,036262,無,應用物理系光電暨材料組,,17,一般,--,--,底標,--,--,後標,--,--,--,3,--,--,5,--,--,自然10,數學A9,--,--,--,--,--,--,--,--,--,*
036,國立屏東大學,036272,無,科學傳播學系,,17,一般,--,底標,--,--,--,底標,--,--,--,--,--,--,--,英自×3,--,英自14,--,--,--,--,--,--,--,--,--,--,*
036,國立屏東大學,036282,無,科學傳播學系(青年儲蓄帳戶組),,1,一般,--,底標,--,--,--,底標,--,--,--,--,--,--,--,--,--,--,--,--,--,--,--,--,--,--,--,--,--
036,國立屏東大學,036292,無,電腦科學與人工智慧學系,,23,一般,--,--,後標,--,--,--,--,--,--,3,--,--,--,--,--,數學A9,--,--,--,--,--,--,--,--,--,--,*
036,國立屏東大學,036302,無,電腦科學與人工智慧學系(公費生),,1,一般,--,--,均標,--,--,--,--,--,--,15,--,--,--,--,--,數學A8,--,--,--,--,--,--,--,--,--,--,--
036,國立屏東大學,036312,無,電腦科學與人工智慧學系(資安組),,2,一般,--,--,均標,--,--,--,--,--,--,6,--,--,--,--,--,數學A8,--,--,--,--,--,--,--,--,--,--,*
036,國立屏東大學,036322,無,智慧機器人學系,,17,一般,--,--,後標,--,--,--,--,--,--,--,--,--,3,--,--,自然10,--,--,--,--,--,--,--,--,--,--,*
036,國立屏東大學,036332,無,資訊工程學系,,14,一般,--,--,後標,--,--,--,--,--,--,3,--,--,--,--,--,數學A10,--,--,--,--,--,--,--,--,--,--,*
036,國立屏東大學,036342,無,電腦與通訊學系,,6,一般,--,--,後標,--,--,--,--,8,15,15,--,--,--,國英數A×25,--,國英數A21,(英文+數學A)13,國文11,--,--,--,--,--,--,--,--,*
036,國立屏東大學,036352,無,資訊管理學系,,10,一般,--,後標,--,後標,--,--,--,15,15,--,5,--,--,--,--,(國文+英文)11,數學B8,--,--,--,--,--,--,--,--,--,*
036,國立屏東大學,036362,無,音樂學系A組,鋼琴,1,音樂,--,--,--,--,--,--,--,--,--,--,--,--,--,--,主修(檢定--、倍率--),主修62.93,--,--,--,--,--,--,--,--,--,--,--
036,國立屏東大學,036362,無,音樂學系A組,小提琴,1,音樂,--,--,--,--,--,--,--,--,--,--,--,--,--,--,主修(檢定--、倍率--),主修72.86,--,--,--,--,--,--,--,--,--,--,--
036,國立屏東大學,036362,無,音樂學系A組,大提琴,1,音樂,--,--,--,--,--,--,--,--,--,--,--,--,--,--,主修(檢定--、倍率--),主修79.36,--,--,--,--,--,--,--,--,--,--,--
036,國立屏東大學,036362,無,音樂學系A組,長笛,1,音樂,--,--,--,--,--,--,--,--,--,--,--,--,--,--,主修(檢定--、倍率--),主修80.44,--,--,--,--,--,--,--,--,--,--,--
036,國立屏東大學,036372,無,音樂學系B組,,13,術科(美術/體育/音樂),--,--,--,--,--,--,--,15,15,--,--,--,--,--,--,(國文+英文)7,--,--,--,--,--,--,--,--,--,--,--
036,國立屏東大學,036382,無,視覺藝術學系美術組,,8,術科(美術/體育/音樂),後標,--,--,--,--,--,--,17,16.5,--,--,--,--,--,素描(檢定均標、倍率15)；彩繪技法(檢定均標、倍率15),國文9,英文2,(素描+彩繪技法)126,--,--,--,--,--,--,--,--,--
036,國立屏東大學,036392,無,視覺藝術學系數位媒體設計組,,4,術科(美術/體育/音樂),均標,--,--,--,--,--,--,30,15,--,--,--,--,--,--,國文10,英文6,--,--,--,--,--,--,--,--,--,*
036,國立屏東大學,036402,無,體育學系,,18,術科(美術/體育/音樂),--,--,--,--,--,--,--,--,--,--,--,--,--,國英數B自×7,--,國英數B自22,--,--,--,--,--,--,--,--,--,--,*
038,國立臺東大學,038012,無,全校不分系學士學位學程,,10,一般,底標,--,--,--,--,--,--,15,5,--,--,--,--,--,--,國文9,英文6,--,--,--,--,--,--,--,--,--,*
038,國立臺東大學,038022,無,教育學系,,30,一般,後標,--,--,--,--,--,--,3,--,--,--,--,--,--,--,國文10,--,--,--,--,--,--,--,--,--,--,*
038,國立臺東大學,038032,無,幼兒教育學系,,29,一般,後標,--,--,--,--,--,--,3,4,--,--,--,--,--,--,英文4,國文10,--,--,--,--,--,--,--,--,--,*
038,國立臺東大學,038042,無,特殊教育學系,,29,一般,底標,--,--,--,--,--,--,3,--,--,--,--,--,--,--,國文10,--,--,--,--,--,--,--,--,--,--,*
038,國立臺東大學,038052,無,文化資源與休閒產業學系,,26,一般,底標,--,--,--,--,--,--,3,--,--,--,--,--,--,--,國文9,--,--,--,--,--,--,--,--,--,--,*
038,國立臺東大學,038062,無,數位媒體與文教產業學系(設計組),,24,一般,底標,--,--,--,--,--,--,3,--,--,--,--,--,--,--,國文8,--,--,--,--,--,--,--,--,--,--,*
038,國立臺東大學,038072,無,公共與文化事務學系,,25,一般,後標,--,--,--,--,--,--,3,--,--,--,--,--,--,--,國文10,--,--,--,--,--,--,--,--,--,--,*
038,國立臺東大學,038082,無,身心整合與運動休閒產業學系,,19,一般,底標,--,--,--,--,--,--,3,--,--,--,--,--,--,--,國文10,--,--,--,--,--,--,--,--,--,--,*
038,國立臺東大學,038092,無,英美語文學系,,24,一般,--,底標,--,--,--,--,--,6,3,--,--,--,--,--,--,國文8,英文7,--,--,--,--,--,--,--,--,--,--
038,國立臺東大學,038102,無,華語文學系,,17,一般,後標,--,--,--,--,--,--,3,--,--,--,4,--,--,--,社會9,國文10,--,--,--,--,--,--,--,--,--,*
038,國立臺東大學,038112,無,生命科學系,,24,一般,--,--,--,--,--,後標,--,--,--,--,--,--,3,--,--,自然9,--,--,--,--,--,--,--,--,--,--,*
038,國立臺東大學,038122,無,資訊工程學系,,49,一般,--,--,底標,--,--,--,--,--,5,4,--,--,--,英數A×3,--,英文5,數學A6,英數A13,--,--,--,--,--,--,--,--,*
038,國立臺東大學,038132,無,資訊管理學系,,22,一般,--,底標,--,--,--,--,--,--,--,--,--,--,--,國英數B×3,--,國英數B9,--,--,--,--,--,--,--,--,--,--,--
038,國立臺東大學,038142,無,應用數學系,,25,一般,--,--,底標,--,--,--,--,--,--,3,--,--,--,--,--,數學A6,--,--,--,--,--,--,--,--,--,--,--
038,國立臺東大學,038152,無,應用科學系化學及奈米科學組,,26,一般,--,--,--,--,--,底標,--,--,--,--,--,--,3,--,--,自然9,--,--,--,--,--,--,--,--,--,--,*
038,國立臺東大學,038162,無,應用科學系物理暨光電科學組,,23,一般,--,--,--,--,--,底標,--,--,--,--,--,--,3,--,--,自然9,--,--,--,--,--,--,--,--,--,--,*
038,國立臺東大學,038172,無,綠能與資訊科技學系,,20,一般,--,--,--,--,--,底標,--,--,--,--,--,--,3,--,--,自然5,--,--,--,--,--,--,--,--,--,--,--
038,國立臺東大學,038182,無,護理學系,,20,一般,後標,--,--,--,--,--,--,8,--,--,--,--,3,--,--,國文9,自然6,--,--,--,--,--,--,--,--,--,*
038,國立臺東大學,038192,無,音樂學系(A組),鋼琴,1,音樂,--,--,--,--,--,--,--,30,--,--,--,--,--,--,主修(檢定--、倍率--),國文9,主修75.64,--,--,--,--,--,--,--,--,--,--
038,國立臺東大學,038202,無,音樂學系(B組),,20,術科(美術/體育/音樂),--,--,--,--,--,--,--,15,--,--,--,--,--,--,--,國文1,--,--,--,--,--,--,--,--,--,--,--
038,國立臺東大學,038212,無,數位媒體與文教產業學系(創作組),,2,術科(美術/體育/音樂),--,底標,--,--,--,--,--,--,15,--,--,--,--,--,--,英文3,--,--,--,--,--,--,--,--,--,--,*
038,國立臺東大學,038222,無,美術產業學系,,34,術科(美術/體育/音樂),--,--,--,--,--,--,--,7,--,--,--,--,--,--,素描(檢定--、倍率6)；創意表現(檢定--、倍率6),國文3,(素描+創意表现)60,--,--,--,--,--,--,--,--,--,--
038,國立臺東大學,038232,無,體育學系,,23,術科(美術/體育/音樂),--,--,--,--,--,--,--,10,--,--,--,--,--,--,--,國文6,--,--,--,--,--,--,--,--,--,--,*
039,國立體育大學,039012,無,休閒產業經營學系,,12,一般,底標,底標,--,--,--,--,--,--,--,--,--,--,--,國英社×3,--,國英社30,--,--,--,--,--,--,--,--,--,--,*
039,國立體育大學,039022,無,運動保健學系(一般組),,20,一般,--,後標,底標,底標,--,--,--,--,--,--,--,--,--,國英自×3,--,國英自30,--,--,--,--,--,--,--,--,--,--,*
039,國立體育大學,039032,無,休閒產業經營學系(青年儲蓄帳戶組),,1,一般,底標,底標,--,--,--,--,--,--,--,--,--,--,--,--,--,--,--,--,--,--,--,--,--,--,--,--,--
039,國立體育大學,039042,無,運動保健學系(青年儲蓄帳戶組),,1,一般,--,後標,--,--,--,--,--,--,--,--,--,--,--,--,--,--,--,--,--,--,--,--,--,--,--,--,--
039,國立體育大學,039052,無,體育推廣學系(青年儲蓄帳戶組),,1,一般,後標,--,--,--,--,--,--,--,--,--,--,--,--,--,--,--,--,--,--,--,--,--,--,--,--,--,--
039,國立體育大學,039062,無,適應體育學系(青年儲蓄帳戶組),,1,一般,底標,底標,--,--,--,--,--,--,--,--,--,--,--,--,--,--,--,--,--,--,--,--,--,--,--,--,--
039,國立體育大學,039072,無,體育推廣學系,,12,術科(美術/體育/音樂),後標,--,--,--,--,--,--,--,--,--,--,--,--,國英社×4,--,國英社28,--,--,--,--,--,--,--,--,--,--,*
039,國立體育大學,039082,無,適應體育學系,,22,術科(美術/體育/音樂),底標,底標,--,--,--,--,--,5,4,--,--,--,--,國英×6,--,國英15,國文9,英文6,--,--,--,--,--,--,--,--,*
039,國立體育大學,039092,無,運動保健學系(體育術科組),,6,術科(美術/體育/音樂),--,底標,底標,底標,--,--,--,--,--,--,--,--,--,國英自×8,體育(百分等級)(檢定後標、倍率--),國英自24,--,--,--,--,--,--,--,--,--,--,--
040,元智大學,040012,無,護理學系,,31,一般,--,後標,--,--,--,--,--,--,--,--,--,--,--,國英自×3,--,國英自27,--,--,--,--,--,--,--,--,--,--,*
040,元智大學,040022,無,管理學院學士班(主修：數位行銷與人力資源),,54,一般,後標,--,--,--,--,--,--,3,--,--,--,5,--,--,--,社會9,國文10,--,--,--,--,--,--,--,--,--,*
040,元智大學,040032,無,管理學院學士班(主修：財務金融),,60,一般,--,--,--,後標,--,--,--,3,3,--,3,--,--,--,--,(國文+英文+數學B)24,--,--,--,--,--,--,--,--,--,--,*
040,元智大學,040042,無,管理學院學士班(主修：國際企業管理),,54,一般,後標,--,--,--,--,--,--,5,3,--,--,--,--,--,--,國文9,英文7,--,--,--,--,--,--,--,--,--,*
040,元智大學,040052,無,管理學院學士班(主修：會計),,40,一般,--,--,--,--,後標,--,--,3,3,--,--,--,--,--,--,(國文+英文)16,--,--,--,--,--,--,--,--,--,--,*
040,元智大學,040062,無,管理學院學士班(英語專班),,34,一般,--,後標,--,--,--,--,--,--,3,--,--,--,--,國英×5,--,國英13,英文8,--,--,--,--,--,--,--,--,--,*
040,元智大學,040072,無,應用外語學系,,26,一般,--,後標,--,--,--,--,--,--,6,--,--,--,--,國英×3,--,英文6,國英20,--,--,--,--,--,--,--,--,--,*
040,元智大學,040082,無,中國語文學系,,23,一般,後標,--,--,--,--,--,--,3,--,--,--,--,--,--,--,國文11,--,--,--,--,--,--,--,--,--,--,*
040,元智大學,040092,無,社會暨政策科學學系,,29,一般,--,--,--,--,後標,--,--,5,--,--,--,--,--,國社×3,--,國文9,國社20,--,--,--,--,--,--,--,--,--,*
040,元智大學,040102,無,藝術與設計學系(AI創新組),,5,一般,後標,--,--,--,--,--,--,10,10,--,--,--,--,--,--,(國文+英文)14,--,--,--,--,--,--,--,--,--,--,*
040,元智大學,040112,無,人文社會學院英語學士班,,6,一般,--,後標,--,--,--,--,--,--,--,--,--,--,--,國英×4,--,國英18,--,--,--,--,--,--,--,--,--,--,--
040,元智大學,040122,無,資訊管理學系,,75,一般,--,後標,--,--,--,--,--,3,3,--,3,--,--,--,--,(國文+英文+數學B)27,--,--,--,--,--,--,--,--,--,--,*
040,元智大學,040132,無,資訊管理學系(資安組),,3,一般,--,--,--,後標,--,--,--,--,7,--,7,--,--,--,--,(英文+數學B)17,--,--,--,--,--,--,--,--,--,--,--
040,元智大學,040142,無,資訊傳播學系(智慧科技應用組),,34,一般,後標,--,--,--,--,--,--,3,6,--,6,--,--,--,--,(英文+數學B)5,國文10,--,--,--,--,--,--,--,--,--,*
040,元智大學,040152,無,資訊傳播學系(數位媒體設計_創作組),,27,一般,後標,--,--,--,--,--,--,3,6,--,--,--,--,--,--,英文5,國文11,--,--,--,--,--,--,--,--,--,*
040,元智大學,040162,無,資訊工程學系,,90,一般,--,後標,--,--,--,--,--,--,--,--,--,--,--,國英數A×3,--,國英數A31,--,--,--,--,--,--,--,--,--,--,*
040,元智大學,040172,無,資訊工程學系(資安組),,3,一般,--,後標,--,--,--,--,--,--,--,--,--,--,--,國英數A×7,--,國英數A29,--,--,--,--,--,--,--,--,--,--,*
040,元智大學,040192,無,資訊學院英語學士班,,20,一般,--,後標,--,--,--,--,--,3,3,3,--,--,--,--,--,(國文+英文+數學A)27,--,--,--,--,--,--,--,--,--,--,*
040,元智大學,040202,無,機械工程學系,,69,一般,--,--,後標,--,--,--,--,--,--,--,--,--,--,國自×3,--,國自22,--,--,--,--,--,--,--,--,--,--,*
040,元智大學,040212,無,化學工程與材料科學學系,,74,一般,--,--,--,--,--,後標,--,--,--,--,--,--,--,國自×3,--,國自23,--,--,--,--,--,--,--,--,--,--,*
040,元智大學,040222,無,工業工程與管理學系,,76,一般,--,--,後標,後標,--,--,--,3,3,--,--,--,--,--,--,(國文+英文)20,--,--,--,--,--,--,--,--,--,--,*
040,元智大學,040232,無,工程學院英語學士班,,16,一般,--,後標,--,--,--,--,--,--,--,--,--,--,--,英自×3,--,英自20,--,--,--,--,--,--,--,--,--,--,*
040,元智大學,040242,無,電機工程學系(甲組),,73,一般,--,後標,--,--,--,--,--,--,--,--,--,--,--,英數A自×3,--,英數A自34,--,--,--,--,--,--,--,--,--,--,*
040,元智大學,040262,無,電機工程學系(乙組),,69,一般,--,後標,後標,前標,--,--,--,--,--,--,--,--,--,國自×3,--,國自23,--,--,--,--,--,--,--,--,--,--,*
040,元智大學,040272,無,電機工程學系(丙組),,39,一般,--,--,後標,--,--,--,--,--,--,--,--,--,--,國英數A×3,--,國英數A33,--,--,--,--,--,--,--,--,--,--,*
040,元智大學,040282,無,電機通訊學院英語學士班,,26,一般,--,--,後標,前標,--,--,--,--,--,--,--,--,--,英自×3,--,英自22,--,--,--,--,--,--,--,--,--,--,*
040,元智大學,040182,無,資訊工程學系(APCS組),,5,APCS,--,後標,--,--,--,--,--,--,--,--,--,--,--,英數A×7,程式識讀(檢定2級、倍率12)；程式實作(檢定2級、倍率10),APCS識讀2,APCS實作2,英數A16,--,--,--,--,--,--,--,--,--
040,元智大學,040252,無,電機工程學系(甲組)(APCS組),,5,APCS,--,後標,--,--,--,--,--,--,--,10,--,--,--,--,程式識讀(檢定2級、倍率12)；程式實作(檢定2級、倍率12),(APCS識讀+APCS實作)5,數學A7,--,--,--,--,--,--,--,--,--,*
040,元智大學,040292,無,藝術與設計學系(藝術與設計組),,21,術科(美術/體育/音樂),--,--,--,--,--,--,--,20,20,--,--,--,--,--,素描(檢定--、倍率7)；創意表現(檢定--、倍率7),(國文+英文)6,(素描+創意表現)105,--,--,--,--,--,--,--,--,--,--
040,元智大學,040302,無,資訊傳播學系(數位媒體設計_美術組),,7,術科(美術/體育/音樂),後標,--,--,--,--,--,--,9,10,--,--,--,--,--,素描(檢定--、倍率8)；創意表現(檢定--、倍率8),英文2,國文9,(素描+創意表現)72,--,--,--,--,--,--,--,--,--
041,國立中正大學,041012,無,中國文學系,,19,一般,均標,--,--,--,--,--,--,3,10,--,--,8,--,--,--,英文6,社會11,國文13,--,--,--,--,--,--,--,--,*
041,國立中正大學,041022,無,外國語文學系,,14,一般,均標,前標,--,--,--,--,--,--,3.5,--,--,--,--,--,--,英文13,--,--,--,--,--,--,--,--,--,--,*
041,國立中正大學,041032,無,歷史學系,,22,一般,均標,均標,--,--,--,--,--,8,10,--,--,3,--,--,--,英文8,國文10,社會13,--,--,--,--,--,--,--,--,*
041,國立中正大學,041042,無,哲學系,,23,一般,均標,均標,後標,後標,--,--,--,--,3,--,--,--,--,--,--,英文11,--,--,--,--,--,--,--,--,--,--,*
041,國立中正大學,041052,無,數學系,,19,一般,--,後標,--,--,--,--,--,--,10,3,--,--,8,--,--,英文7,自然10,數學A12,--,--,--,--,--,--,--,--,*
041,國立中正大學,041062,無,地球與環境科學系,,24,一般,--,均標,均標,--,--,均標,--,--,15,8,--,--,3,--,--,英文8,數學A8,自然12,--,--,--,--,--,--,--,--,*
041,國立中正大學,041072,無,物理學系,,33,一般,--,均標,均標,--,--,均標,--,--,10,3,--,--,6,--,--,英文9,自然12,數學A11,--,--,--,--,--,--,--,--,*
041,國立中正大學,041082,無,化學暨生物化學系,,20,一般,均標,均標,均標,--,--,均標,--,--,5,3,--,--,5,--,--,(英文+自然)24,數學A10,--,--,--,--,--,--,--,--,--,*
041,國立中正大學,041092,無,生物醫學科學系,,15,一般,均標,均標,均標,--,--,均標,--,--,8,--,--,--,6,國英數A自×3,--,英文9,自然10,國英數A自46,--,--,--,--,--,--,--,--,*
041,國立中正大學,041102,無,社會福利學系,,20,一般,--,--,--,--,均標,--,--,--,--,--,3,10,--,國英×6,--,社會10,國英17,數學B8,--,--,--,--,--,--,--,--,*
041,國立中正大學,041112,無,心理學系,,21,一般,均標,均標,均標,--,--,均標,--,--,3,3,--,--,8,--,--,自然11,(英文+數學A)23,--,--,--,--,--,--,--,--,--,*
041,國立中正大學,041122,無,勞工關係學系,,21,一般,均標,--,--,--,--,--,--,--,3,--,8,6,--,--,--,數學B5,社會12,英文10,--,--,--,--,--,--,--,--,*
041,國立中正大學,041132,無,政治學系,,23,一般,--,均標,--,--,--,--,--,--,3,--,8,5,--,--,--,數學B5,社會12,英文12,--,--,--,--,--,--,--,--,*
041,國立中正大學,041142,無,傳播學系,,22,一般,均標,均標,--,--,--,--,--,3,6,--,--,8,--,--,--,社會11,英文10,國文13,--,--,--,--,--,--,--,--,*
041,國立中正大學,041152,無,資訊工程學系,,63,一般,--,均標,均標,--,--,均標,--,--,--,--,--,--,--,英數A自×3,--,英數A自37,--,--,--,--,--,--,--,--,--,--,*
041,國立中正大學,041162,無,電機工程學系,,53,一般,--,--,均標,--,--,均標,--,--,--,10,--,--,--,國英數A自×3,--,數學A8,國英數A自51,--,--,--,--,--,--,--,--,--,*
041,國立中正大學,041172,無,機械工程學系機械工程組,,32,一般,--,均標,均標,--,--,均標,--,--,--,--,--,--,--,國英數A自×3,--,國英數A自48,--,--,--,--,--,--,--,--,--,--,*
041,國立中正大學,041182,無,機械工程學系光機電整合工程組,,16,一般,--,均標,均標,--,--,均標,--,--,--,--,--,--,--,國英數A自×3,--,國英數A自49,--,--,--,--,--,--,--,--,--,--,*
041,國立中正大學,041192,無,機械工程國際學士學位學程,,10,一般,--,均標,均標,--,--,均標,--,--,--,--,--,--,--,國英數A自×5,--,國英數A自47,--,--,--,--,--,--,--,--,--,--,*
041,國立中正大學,041202,無,化學工程學系,,20,一般,--,--,均標,--,--,均標,--,--,--,12,--,--,6,數A自×3,--,數學A10,自然13,數A自26,--,--,--,--,--,--,--,--,*
041,國立中正大學,041212,無,通訊工程學系,,31,一般,--,--,均標,--,--,均標,--,--,--,--,--,--,--,國英數A自×3,--,國英數A自50,--,--,--,--,--,--,--,--,--,--,*
041,國立中正大學,041222,無,經濟學系,,41,一般,均標,均標,--,前標,--,--,--,5,4,--,3,--,--,--,--,國文12,英文10,數學B10,--,--,--,--,--,--,--,--,*
041,國立中正大學,041232,無,財務金融學系,,29,一般,--,前標,--,均標,--,--,--,--,3,--,4,--,--,國英數B×8,--,國英數B33,數學B10,英文13,--,--,--,--,--,--,--,--,*
041,國立中正大學,041242,無,企業管理學系,,42,一般,均標,前標,--,均標,--,--,--,12,3,--,5,--,--,--,--,國文10,數學B8,英文12,--,--,--,--,--,--,--,--,*
041,國立中正大學,041252,無,會計與資訊科技學系,,24,一般,均標,前標,均標,均標,--,--,--,12,3,--,--,--,--,--,--,國文11,英文13,--,--,--,--,--,--,--,--,--,*
041,國立中正大學,041262,無,資訊管理學系,,13,一般,均標,前標,均標,--,--,--,--,--,3.5,10,--,--,--,--,--,數學A8,英文14,--,--,--,--,--,--,--,--,--,*
041,國立中正大學,041282,無,法律學系法學組,,13,一般,前標,前標,--,均標,前標,--,--,5,8,--,--,3.5,--,--,--,英文12,國文13,社會13,--,--,--,--,--,--,--,--,*
041,國立中正大學,041292,無,法律學系法制組,,14,一般,前標,前標,--,均標,前標,--,--,5,8,--,--,3.5,--,--,--,英文11,國文13,社會13,--,--,--,--,--,--,--,--,*
041,國立中正大學,041302,無,財經法律學系,,20,一般,前標,前標,--,均標,前標,--,--,4,4,--,--,8,--,國英數B社×3,--,社會12,(國文+英文)23,國英數B社47,--,--,--,--,--,--,--,--,--
041,國立中正大學,041312,無,成人及繼續教育學系,,15,一般,--,--,--,--,均標,--,--,6,3,--,--,10,--,--,--,社會12,國文12,英文10,--,--,--,--,--,--,--,--,*
041,國立中正大學,041322,無,犯罪防治學系,,13,一般,前標,前標,--,均標,均標,--,--,3.5,3.5,--,10,8,--,--,--,數學B6,社會12,(國文+英文)26,--,--,--,--,--,--,--,--,*
041,國立中正大學,041332,無,紫荊不分系學士學位學程,,18,一般,均標,均標,--,--,--,--,--,3,8,--,--,--,--,--,--,英文10,國文13,--,--,--,--,--,--,--,--,--,*
041,國立中正大學,041342,無,嘉星招生甲組(工),,13,一般,--,--,均標,--,--,均標,--,--,--,--,--,--,--,國英數A自×3.5,--,國英數A自38,--,--,--,--,--,--,--,--,--,--,*
041,國立中正大學,041352,無,嘉星招生乙組(管),,13,一般,後標,均標,--,均標,--,--,--,7,6,--,3.5,--,--,--,--,國文9,英文8,數學B5,--,--,--,--,--,--,--,--,--
041,國立中正大學,041362,無,嘉星招生丙組(法),,6,一般,均標,均標,--,後標,--,--,--,12,12,--,15,--,--,國英數B社×8,--,數學B3,(國文+英文)19,國英數B社34,--,--,--,--,--,--,--,--,--
041,國立中正大學,041372,無,嘉星招生丁組(文),,9,一般,均標,均標,--,--,--,--,--,5,5,--,--,8,--,--,--,社會9,(國文+英文)18,--,--,--,--,--,--,--,--,--,--
041,國立中正大學,041382,無,嘉星招生戊組(理),,7,一般,--,均標,--,--,--,均標,--,--,7,--,--,--,7,--,--,(英文+自然)17,--,--,--,--,--,--,--,--,--,--,--
041,國立中正大學,041392,無,嘉星招生己組(社),,5,一般,底標,均標,--,均標,--,--,--,6,5,--,8,--,--,--,--,數學B5,國文7,英文8,--,--,--,--,--,--,--,--,--
041,國立中正大學,041402,無,嘉星招生庚組(教),,3,一般,均標,均標,--,--,--,--,--,12,12,--,--,15,--,國英數B社×10,--,社會10,(國文+英文)21,國英數B社38,--,--,--,--,--,--,--,--,--
041,國立中正大學,041412,無,嘉星招生辛組(心),,1,一般,--,後標,均標,--,--,均標,--,--,10,5,--,--,5,--,--,英文6,(數學A+自然)20,--,--,--,--,--,--,--,--,--,--
041,國立中正大學,041272,無,資訊管理學系(APCS組),均棵前棵均棵3,3,APCS,均標,前標,均標,--,--,均標,--,--,10,12,--,--,--,--,程式識讀(檢定3級、倍率9)；程式實作(檢定3級、倍率9),數學A8,英文11,(APCS讀+APCS實作)6,--,--,--,--,--,--,--,--,--
042,大葉大學,042012,無,機械與自動化工程學系(智慧車輛與綠能科技組),,9,一般,--,--,底標,--,--,--,--,5.5,--,5.5,--,--,--,--,--,(國文+數學A)11,--,--,--,--,--,--,--,--,--,--,*
042,大葉大學,042022,無,機械與自動化工程學系(AI機械與機器人科技組),,9,一般,--,--,底標,--,--,--,--,--,5.5,5.5,--,--,--,--,--,(英文+數學A)7,--,--,--,--,--,--,--,--,--,--,--
042,大葉大學,042032,無,電機工程學系(半導體與光電組),,10,一般,--,--,--,--,--,底標,--,--,--,--,--,--,5,--,--,自然8,--,--,--,--,--,--,--,--,--,--,*
042,大葉大學,042042,無,電機工程學系(智慧系統組),,11,一般,--,--,底標,--,--,--,--,--,--,4.5,--,--,--,--,--,數學A6,--,--,--,--,--,--,--,--,--,--,*
042,大葉大學,042062,無,半導體學士學位學程,,22,一般,--,--,底標,--,--,--,--,--,--,3,--,--,--,--,--,數學A4,--,--,--,--,--,--,--,--,--,--,--
042,大葉大學,042072,無,資訊工程學系(資訊工程組),,7,一般,--,--,底標,--,--,--,--,7,--,8,--,--,--,--,--,數學A5,國文7,--,--,--,--,--,--,--,--,--,--
042,大葉大學,042082,無,資訊工程學系(人工智慧組),,8,一般,--,底標,--,--,--,--,--,6,8,--,--,--,--,--,--,英文4,國文7,--,--,--,--,--,--,--,--,--,*
042,大葉大學,042102,無,環境與安全工程學系(環境永續組),,8,一般,--,底標,--,--,--,--,--,6,6,--,--,--,--,--,--,(國文+英文)10,--,--,--,--,--,--,--,--,--,--,*
042,大葉大學,042112,無,環境與安全工程學系(安全科技組),,7,一般,底標,--,--,--,--,--,--,7,7,--,--,--,--,--,--,(國文+英文)10,--,--,--,--,--,--,--,--,--,--,--
042,大葉大學,042122,無,環境與安全工程學系(青年儲蓄帳戶組),,1,一般,底標,--,--,--,--,--,--,--,--,--,--,--,--,--,--,--,--,--,--,--,--,--,--,--,--,--,--
042,大葉大學,042132,無,會計與資訊管理學系(人工智慧科技管理組),,5,一般,--,底標,--,--,--,--,--,10,10,--,--,--,--,--,--,(國文+英文)7,--,--,--,--,--,--,--,--,--,--,--
042,大葉大學,042142,無,會計與資訊管理學系(會計暨投資理財組),,5,一般,底標,--,--,--,--,--,--,10,10,--,--,--,--,--,--,(國文+英文)9,--,--,--,--,--,--,--,--,--,--,--
042,大葉大學,042152,無,會計與資訊管理學系(青年儲蓄帳戶組),,1,一般,--,底標,--,--,--,--,--,--,--,--,--,--,--,--,--,--,--,--,--,--,--,--,--,--,--,--,--
042,大葉大學,042162,無,財務金融學系(銀行專業組),,4,一般,--,--,--,--,底標,--,--,20,--,--,--,12.5,--,--,--,國文3,社會7,--,--,--,--,--,--,--,--,--,*
042,大葉大學,042172,無,財務金融學系(智慧投資組),,4,一般,--,--,--,--,底標,--,--,--,20,--,--,12.5,--,--,--,--,社會7,--,--,--,--,--,--,--,--,--,--
042,大葉大學,042182,無,財務金融學系(公司財務組),,4,一般,--,--,--,--,底標,--,--,--,--,--,--,12.5,--,--,--,社會7,--,--,--,--,--,--,--,--,--,--,--
042,大葉大學,042192,無,財務金融學系(青年儲蓄帳戶組),,1,一般,底標,--,--,--,--,--,--,--,--,--,--,--,--,--,--,--,--,--,--,--,--,--,--,--,--,--,--
042,大葉大學,042202,無,應用日語學系(AI商務應用組),,5,一般,--,底標,--,--,--,--,--,--,10,--,--,--,--,--,--,英文3,--,--,--,--,--,--,--,--,--,--,--
042,大葉大學,042212,無,應用日語學系(觀光旅遊組),,5,一般,--,--,--,--,底標,--,--,--,--,--,--,10,--,--,--,社會8,--,--,--,--,--,--,--,--,--,--,*
042,大葉大學,042222,無,生物醫學系(生物醫藥組),,7,一般,--,底標,--,--,--,--,--,--,7,--,--,--,--,--,--,英文4,--,--,--,--,--,--,--,--,--,--,*
042,大葉大學,042232,無,生物醫學系(檢驗醫學組),,7,一般,底標,--,--,--,--,--,--,7,--,--,--,--,--,--,--,國文9,--,--,--,--,--,--,--,--,--,--,*
042,大葉大學,042242,無,藥用植物與食品保健學系(藥粧保健組),,4,一般,--,底標,--,--,--,--,--,--,12.5,--,--,--,--,--,--,英文3,--,--,--,--,--,--,--,--,--,--,*
042,大葉大學,042252,無,藥用植物與食品保健學系(食藥生技組),,4,一般,底標,--,--,--,--,--,--,12.5,--,--,--,--,--,--,--,國文7,--,--,--,--,--,--,--,--,--,--,--
042,大葉大學,042262,無,觀光休閒學系,,7,一般,底標,--,--,--,--,--,--,7,--,--,--,--,--,--,--,國文7,--,--,--,--,--,--,--,--,--,--,*
042,大葉大學,042272,無,觀光休閒學系(青年儲蓄帳戶組),,1,一般,底標,--,--,--,--,--,--,--,--,--,--,--,--,--,--,--,--,--,--,--,--,--,--,--,--,--,--
042,大葉大學,042282,無,餐旅管理學系,,6,一般,底標,--,--,--,--,--,--,20,--,--,--,15,--,國社×8,--,國文7,--,國社15,--,--,--,--,--,--,--,--,*
042,大葉大學,042292,無,餐旅管理學系(青年儲蓄帳戶組),,1,一般,底標,--,--,--,--,--,--,--,--,--,--,--,--,--,--,--,--,--,--,--,--,--,--,--,--,--,--
042,大葉大學,042302,無,烘焙暨飲料調製學士學位學程,,4,一般,--,--,--,--,底標,--,--,12,--,--,--,12,--,--,--,(國文+社會)13,--,--,--,--,--,--,--,--,--,--,*
042,大葉大學,042312,無,烘焙暨飲料調製學士學位學程(青年儲蓄帳戶組),,1,一般,--,--,--,--,底標,--,--,--,--,--,--,--,--,--,--,--,--,--,--,--,--,--,--,--,--,--,--
042,大葉大學,042322,無,護理學系,,16,一般,--,底標,--,--,--,--,--,--,3,--,--,--,--,--,--,英文5,--,--,--,--,--,--,--,--,--,--,*
042,大葉大學,042332,無,視光學系(國際組),,10,一般,--,底標,--,--,--,--,--,--,5,--,--,--,--,--,--,英文3,--,--,--,--,--,--,--,--,--,--,--
042,大葉大學,042342,無,視光學系(臨床組),,12,一般,底標,--,--,--,--,--,--,4,--,--,--,--,--,--,--,國文8,--,--,--,--,--,--,--,--,--,--,*
042,大葉大學,042352,無,職能治療學系(A組),,16,一般,--,底標,--,--,--,--,--,--,3,--,--,--,3,--,--,(英文+自然)14,--,--,--,--,--,--,--,--,--,--,*
042,大葉大學,042362,無,職能治療學系(B組),,9,一般,--,底標,--,--,--,--,--,--,5.5,--,--,5.5,--,--,--,(英文+社會)13,--,--,--,--,--,--,--,--,--,--,*
042,大葉大學,042052,無,電機工程學系(APCS組),,1,APCS,--,--,底標,--,--,--,--,--,--,9,--,--,--,--,程式識讀(檢定2級、倍率10)；程式實作(檢定--、倍率--),APCS識讀2,數學A6,--,--,--,--,--,--,--,--,--,--
042,大葉大學,042092,無,資訊工程學系(APCS組),,1,APCS,--,--,底標,--,--,--,--,--,--,10,--,--,--,--,程式識讀(檢定2級、倍率15)；程式實作(檢定--、倍率--),--,--,--,--,--,--,--,--,--,--,--,--
042,大葉大學,042372,無,設計學系(工業設計組),,4,術科(美術/體育/音樂),--,--,--,--,--,--,--,15,--,--,--,--,--,--,--,國文3,--,--,--,--,--,--,--,--,--,--,--
042,大葉大學,042382,無,設計學系(視覺傳達設計組),,4,術科(美術/體育/音樂),--,--,--,--,--,--,--,15,--,--,--,--,--,--,--,國文4,--,--,--,--,--,--,--,--,--,--,--
042,大葉大學,042392,無,多媒體數位內容學士學位學程(動畫與影視特效組),,18,術科(美術/體育/音樂),--,--,--,--,--,--,--,8,--,--,--,--,--,--,--,國文3,--,--,--,--,--,--,--,--,--,--,--
042,大葉大學,042402,無,多媒體數位內容學士學位學程(遊戲與人工智慧應用組),,15,術科(美術/體育/音樂),--,--,--,--,--,--,--,12,--,--,--,--,--,--,--,國文2,--,--,--,--,--,--,--,--,--,--,--
042,大葉大學,042412,無,多媒體數位內容學士學位學程(動漫美術與模型製作組),,15,術科(美術/體育/音樂),--,--,--,--,--,--,--,10,--,--,--,--,--,--,--,國文2,--,--,--,--,--,--,--,--,--,--,--
042,大葉大學,042422,無,多媒體數位內容學士學位學程(漫畫創作組),,8,術科(美術/體育/音樂),--,--,--,--,--,--,--,14,--,--,--,--,--,--,--,國文3,--,--,--,--,--,--,--,--,--,--,--
042,大葉大學,042432,無,AI創新設計學士學位學程(商業視覺設計組),,15,術科(美術/體育/音樂),--,--,--,--,--,--,--,10,--,--,--,--,--,--,--,國文3,--,--,--,--,--,--,--,--,--,--,--
042,大葉大學,042442,無,AI創新設計學士學位學程(創新數位媒體組),,7,術科(美術/體育/音樂),--,--,--,--,--,--,--,12,--,--,--,--,--,--,--,國文3,--,--,--,--,--,--,--,--,--,--,--
042,大葉大學,042452,無,空間設計學系建築組,,7,術科(美術/體育/音樂),--,--,--,--,--,--,--,10,--,--,--,12,--,--,--,--,國文2,--,--,--,--,--,--,--,--,--,--
042,大葉大學,042462,無,空間設計學系建築組(青年儲蓄帳戶組),,1,術科(美術/體育/音樂),底標,--,--,--,--,--,--,--,--,--,--,--,--,--,--,--,--,--,--,--,--,--,--,--,--,--,--
042,大葉大學,042472,無,空間設計學系室內設計組,,20,術科(美術/體育/音樂),--,--,--,--,--,--,--,10,--,--,--,12,--,--,--,--,國文2,--,--,--,--,--,--,--,--,--,--
042,大葉大學,042482,無,空間設計學系室內設計組(青年儲蓄帳戶組),,1,術科(美術/體育/音樂),底標,--,--,--,--,--,--,--,--,--,--,--,--,--,--,--,--,--,--,--,--,--,--,--,--,--,--
042,大葉大學,042492,無,運動健康管理學系,,25,術科(美術/體育/音樂),--,--,--,--,--,--,--,12,--,--,--,--,--,--,--,國文1,--,--,--,--,--,--,--,--,--,--,--
044,華梵大學,044012,無,智慧生活科技學系大數據與管理組,,5,一般,--,--,底標,底標,--,--,--,10,--,--,--,--,--,--,--,國文4,--,--,--,--,--,--,--,--,--,--,--
044,華梵大學,044022,無,智慧生活科技學系智慧產品開發組,,5,一般,--,--,底標,底標,--,--,--,--,--,--,--,--,10,--,--,--,--,--,--,--,--,--,--,--,--,--,--
044,華梵大學,044032,無,智慧生活設計學系空間設計組,,7,一般,底標,--,--,--,--,--,--,7,--,--,--,--,--,--,--,國文7,--,--,--,--,--,--,--,--,--,--,--
044,華梵大學,044042,無,智慧生活設計學系空間設計組(青年儲蓄帳戶組),,1,一般,底標,--,--,--,--,--,--,--,--,--,--,--,--,--,--,--,--,--,--,--,--,--,--,--,--,--,--
044,華梵大學,044052,無,智慧生活設計學系創意產品與汽車設計組,,6,一般,底標,--,--,--,--,--,--,8,--,--,--,--,--,--,--,國文7,--,--,--,--,--,--,--,--,--,--,--
044,華梵大學,044062,無,攝影與VR設計學系攝影與科技藝術組,,5,一般,底標,--,--,--,--,--,--,10,--,--,--,--,--,--,--,國文7,--,--,--,--,--,--,--,--,--,--,--
044,華梵大學,044072,無,攝影與VR設計學系VR與互動媒體組,,5,一般,底標,--,--,--,--,--,--,10,--,--,--,--,--,--,--,國文7,--,--,--,--,--,--,--,--,--,--,--
044,華梵大學,044082,無,佛教藝術學系佛學組,,2,一般,底標,--,--,--,底標,--,--,25,--,--,--,--,--,--,--,國文10,--,--,--,--,--,--,--,--,--,--,--
044,華梵大學,044092,無,佛教藝術學系藝術組,,2,一般,底標,--,--,--,底標,--,--,25,--,--,--,--,--,--,--,國文8,--,--,--,--,--,--,--,--,--,--,--
044,華梵大學,044102,無,美術與文創學系文創設計組,,6,術科(美術/體育/音樂),底標,--,--,--,--,--,--,8,--,--,--,--,--,--,--,國文7,--,--,--,--,--,--,--,--,--,--,*
044,華梵大學,044112,無,美術與文創學系美術創作組,,12,術科(美術/體育/音樂),底標,--,--,--,--,--,--,--,--,--,--,--,--,--,素描(檢定底標、倍率15),素描39,--,--,--,--,--,--,--,--,--,--,--
045,義守大學,045012,無,電機工程學系,,134,一般,--,--,後標,--,--,--,--,3,--,3,--,--,--,--,--,(國文+數學A)15,--,--,--,--,--,--,--,--,--,--,*
045,義守大學,045022,無,電子工程學系,,82,一般,--,--,後標,--,--,--,--,3,3,--,--,--,--,--,--,(國文+英文)11,--,--,--,--,--,--,--,--,--,--,*
045,義守大學,045032,無,資訊工程學系資訊工程組,,107,一般,--,--,後標,--,--,--,--,--,4,3,--,--,--,--,--,英文2,數學A5,--,--,--,--,--,--,--,--,--,--
045,義守大學,045042,無,資訊工程學系資訊應用組,,16,一般,--,--,--,後標,--,--,--,--,6,--,3,--,--,--,--,英文3,數學B6,--,--,--,--,--,--,--,--,--,--
045,義守大學,045062,無,資訊工程學系(資安組),,3,一般,--,--,後標,--,--,--,--,--,17,16,--,--,--,--,--,英文2,數學A5,--,--,--,--,--,--,--,--,--,--
045,義守大學,045072,無,機械與自動化工程學系,,76,一般,--,--,後標,--,--,--,--,--,--,3,--,--,--,--,--,數學A5,--,--,--,--,--,--,--,--,--,--,*
045,義守大學,045082,無,化學工程學系,,67,一般,--,--,底標,--,--,--,--,--,--,3,--,--,--,--,--,數學A5,--,--,--,--,--,--,--,--,--,--,*
045,義守大學,045092,無,土木工程學系,,42,一般,--,--,底標,--,--,--,--,3,--,--,--,--,--,--,--,國文8,--,--,--,--,--,--,--,--,--,--,*
045,義守大學,045102,無,材料科學與工程學系,,92,一般,--,--,後標,--,--,--,--,--,--,3,--,--,--,--,--,數學A5,--,--,--,--,--,--,--,--,--,--,*
045,義守大學,045112,無,生物醫學工程學系,,73,一般,--,後標,--,--,--,--,--,--,3,--,--,--,--,--,--,英文5,--,--,--,--,--,--,--,--,--,--,*
045,義守大學,045122,無,智慧科技英語學士學位學程,,8,一般,--,--,底標,--,--,--,--,--,7,6,--,--,--,--,--,英文2,數學A4,--,--,--,--,--,--,--,--,--,--
045,義守大學,045132,無,半導體學士學位學程,,55,一般,--,後標,--,--,--,--,--,3,3,--,--,--,--,--,--,(國文+英文)13,--,--,--,--,--,--,--,--,--,--,*
045,義守大學,045142,無,資訊管理學系人工智慧技術與應用組,,21,一般,--,底標,--,--,--,--,--,3,--,--,--,--,--,--,--,國文8,--,--,--,--,--,--,--,--,--,--,*
045,義守大學,045152,無,資訊管理學系智慧商務與物聯網組,,21,一般,底標,--,--,--,--,--,--,3,--,--,--,--,--,--,--,國文7,--,--,--,--,--,--,--,--,--,--,--
045,義守大學,045162,無,企業管理學系,,20,一般,--,底標,--,--,--,--,--,3,6,--,--,--,--,--,--,英文4,國文9,--,--,--,--,--,--,--,--,--,*
045,義守大學,045172,無,財務金融管理學系,,38,一般,底標,--,--,--,--,--,--,3,5,--,--,--,--,--,--,英文3,國文9,--,--,--,--,--,--,--,--,--,*
045,義守大學,045182,無,會計學系,,24,一般,底標,--,--,--,--,--,--,3,--,--,--,--,--,--,--,國文9,--,--,--,--,--,--,--,--,--,--,*
045,義守大學,045192,無,醫務管理學系,,52,一般,底標,--,--,--,--,--,--,5,3,--,--,--,--,--,--,國文8,英文4,--,--,--,--,--,--,--,--,--,*
045,義守大學,045202,無,餐旅管理學系,,21,一般,底標,--,--,--,--,--,--,3,--,--,--,--,--,--,--,國文9,--,--,--,--,--,--,--,--,--,--,*
045,義守大學,045212,無,廚藝暨美食學學系,,9,一般,底標,--,--,--,--,--,--,5.5,--,--,--,--,--,--,--,國文9,--,--,--,--,--,--,--,--,--,--,*
045,義守大學,045222,無,國際企業經營英語學士學位學程(國際學院),,8,一般,--,後標,--,--,--,--,--,--,6,--,--,--,--,--,--,英文5,--,--,--,--,--,--,--,--,--,--,--
045,義守大學,045232,無,應用日語學系,,18,一般,底標,--,--,--,--,--,--,3,--,--,--,--,--,--,--,國文9,--,--,--,--,--,--,--,--,--,--,*
045,義守大學,045242,無,大眾傳播學系,,19,一般,底標,--,--,--,--,--,--,3,--,--,--,5,--,--,--,社會8,國文9,--,--,--,--,--,--,--,--,--,*
045,義守大學,045252,無,電影與電視學系,,14,一般,底標,--,--,--,--,--,--,5,3.5,--,--,--,--,--,--,國文9,英文4,--,--,--,--,--,--,--,--,--,*
045,義守大學,045262,無,醫學科學與生物科技學系醫藥組,,20,一般,--,--,--,--,--,後標,--,--,5,--,--,--,3,--,--,英文6,自然8,--,--,--,--,--,--,--,--,--,*
045,義守大學,045272,無,醫學科學與生物科技學系生技組,,23,一般,後標,--,--,--,--,--,--,3,--,--,--,--,5,--,--,自然4,國文10,--,--,--,--,--,--,--,--,--,*
045,義守大學,045282,無,營養學系,,49,一般,後標,--,--,--,--,--,--,--,--,--,--,--,3,--,--,自然7,--,--,--,--,--,--,--,--,--,--,*
045,義守大學,045292,無,護理學系,,66,一般,底標,--,--,--,--,--,--,5,--,--,--,--,3,--,--,國文7,自然8,--,--,--,--,--,--,--,--,--,*
045,義守大學,045302,無,醫學影像暨放射科學系,,56,一般,--,--,--,--,--,後標,--,--,5,6,--,--,3,--,--,數學A5,英文5,自然9,--,--,--,--,--,--,--,--,*
045,義守大學,045312,無,物理治療學系,,36,一般,--,--,--,--,--,均標,--,--,6,--,--,--,3,--,--,英文10,自然12,--,--,--,--,--,--,--,--,--,*
045,義守大學,045322,無,職能治療學系,,45,一般,--,--,--,--,--,均標,--,--,3,--,--,--,7,--,--,自然9,英文10,--,--,--,--,--,--,--,--,--,*
045,義守大學,045332,無,醫學檢驗技術學系,,46,一般,--,--,--,--,--,後標,--,--,5,--,--,--,3,--,--,英文6,自然9,--,--,--,--,--,--,--,--,--,*
045,義守大學,045342,無,醫學系(公費生),,27,一般,前標,前標,前標,--,--,前標,--,10,3,--,--,--,10,--,--,(國文+自然)24,英文14,--,--,--,--,--,--,--,--,--,*
045,義守大學,045052,無,資訊工程學系(APCS組),,3,APCS,--,--,後標,--,--,--,--,--,--,15,--,--,--,--,程式識讀(檢定1級、倍率5)；程式實作(檢定--、倍率--),數學A5,APCS識讀1,--,--,--,--,--,--,--,--,--,--
045,義守大學,045352,無,視覺藝術與設計學系,,17,術科(美術/體育/音樂),--,--,--,--,--,--,--,15,--,--,--,--,--,--,--,國文2,--,--,--,--,--,--,--,--,--,--,--
046,銘傳大學,046012,無,企業管理學系品牌行銷組（臺北校區）,,50,一般,--,--,--,--,底標,--,--,--,--,--,--,3,--,--,--,社會11,--,--,--,--,--,--,--,--,--,--,*
046,銘傳大學,046022,無,企業管理學系企業管理組（臺北校區）,,49,一般,底標,--,--,--,--,--,--,3,--,--,--,--,--,--,--,國文10,--,--,--,--,--,--,--,--,--,--,*
046,銘傳大學,046032,無,會計學系會計審計組（臺北校區）,,51,一般,--,--,--,--,底標,--,--,3,--,--,--,3,--,--,--,(國文+社會)20,--,--,--,--,--,--,--,--,--,--,*
046,銘傳大學,046042,無,會計學系稅務規劃組（臺北校區）,,51,一般,--,--,--,--,底標,--,--,3,--,--,--,3,--,--,--,(國文+社會)19,--,--,--,--,--,--,--,--,--,--,*
046,銘傳大學,046052,無,財務金融學系（臺北校區）,,101,一般,--,--,--,底標,--,--,--,--,--,--,3,--,--,--,--,數學B7,--,--,--,--,--,--,--,--,--,--,*
046,銘傳大學,046062,無,資訊應用與金融保險學系金融組（臺北校區）,,42,一般,底標,--,--,--,--,--,--,10,--,--,--,3,--,--,--,國文9,社會10,--,--,--,--,--,--,--,--,--,*
046,銘傳大學,046072,無,資訊應用與金融保險學系資訊組（臺北校區）,,30,一般,--,--,底標,底標,--,--,--,3,--,--,--,--,--,--,--,國文10,--,--,--,--,--,--,--,--,--,--,*
046,銘傳大學,046082,無,國際企業學系跨境電商經營組（臺北校區）,,50,一般,底標,--,--,--,--,--,--,3,--,--,--,--,--,--,--,國文10,--,--,--,--,--,--,--,--,--,--,*
046,銘傳大學,046092,無,國際企業學系外貿行銷管理組（臺北校區）,,48,一般,--,--,--,--,底標,--,--,--,--,--,--,3,--,--,--,社會11,--,--,--,--,--,--,--,--,--,--,*
046,銘傳大學,046102,無,人工智慧應用暨管理學士學位學程（臺北校區）,,35,一般,底標,--,底標,底標,--,--,--,3,--,--,--,--,--,--,--,國文9,--,--,--,--,--,--,--,--,--,--,*
046,銘傳大學,046112,無,新媒體暨傳播管理學系（臺北校區）,,30,一般,後標,底標,--,--,--,--,--,4,5,--,3,--,--,--,--,英文6,國文10,數學B4,--,--,--,--,--,--,--,--,*
046,銘傳大學,046122,無,廣播電視學系（臺北校區）,,29,一般,底標,--,--,--,底標,--,--,5,--,--,--,3,--,--,--,國文11,社會11,--,--,--,--,--,--,--,--,--,*
046,銘傳大學,046132,無,廣告暨策略行銷學系（臺北校區）,,28,一般,--,底標,--,--,--,--,--,--,--,--,--,--,--,國數B×3,--,國數B15,--,--,--,--,--,--,--,--,--,--,*
046,銘傳大學,046142,無,影音新聞暨社群傳播學系（臺北校區）,,15,一般,底標,--,--,--,--,--,--,3,--,--,--,--,--,--,--,國文11,--,--,--,--,--,--,--,--,--,--,*
046,銘傳大學,046152,無,傳播學院全媒體大一不分系學士班（臺北校區）,,10,一般,底標,--,--,--,--,--,--,5,--,--,--,--,--,國自×10,--,國自12,國文10,--,--,--,--,--,--,--,--,--,*
046,銘傳大學,046162,無,法律學系（臺北校區）,,47,一般,--,--,--,--,後標,--,--,6,--,--,--,3,--,--,--,國文10,社會12,--,--,--,--,--,--,--,--,--,*
046,銘傳大學,046172,無,財金法律學系（臺北校區）,,47,一般,後標,--,--,--,--,--,--,3,--,--,--,--,--,--,--,國文10,--,--,--,--,--,--,--,--,--,--,*
046,銘傳大學,046182,無,國際企業與貿易學士學位學程（全英語授課．臺北校區）,,15,一般,--,後標,--,--,--,--,--,--,3,--,--,8,--,--,--,--,英文9,--,--,--,--,--,--,--,--,--,*
046,銘傳大學,046192,無,新聞與大眾傳播學士學位學程（全英語授課．臺北校區）,,13,一般,--,後標,--,--,--,--,--,--,3,--,--,--,--,--,--,英文9,--,--,--,--,--,--,--,--,--,--,*
046,銘傳大學,046202,無,時尚與創新管理學士學位學程（全英語授課．臺北校區）,,11,一般,--,後標,--,--,--,--,--,5,4,--,--,--,--,--,--,國文8,英文8,--,--,--,--,--,--,--,--,--,*
046,銘傳大學,046212,無,國際事務與外交學士學位學程（全英語授課．臺北校區）,,10,一般,--,底標,--,--,--,--,--,8,5,--,--,8,--,--,--,(國文+社會)5,英文7,--,--,--,--,--,--,--,--,--,*
046,銘傳大學,046222,無,資訊科技應用與管理學士學位學程（全英語授課．桃園校區）,,7,一般,--,底標,底標,底標,--,--,--,4,3,--,--,--,--,--,--,國文9,英文6,--,--,--,--,--,--,--,--,--,*
046,銘傳大學,046232,無,應用中文與華語文教學系文教傳播組（桃園校區）,,10,一般,底標,--,--,--,--,--,--,5,--,--,--,--,--,--,--,國文10,--,--,--,--,--,--,--,--,--,--,*
046,銘傳大學,046242,無,應用中文與華語文教學系語文創作組（桃園校區）,,10,一般,底標,--,--,--,--,--,--,5,--,--,--,--,--,--,--,國文10,--,--,--,--,--,--,--,--,--,--,*
046,銘傳大學,046252,無,應用英語學系（桃園校區）,,10,一般,--,底標,--,--,--,--,--,--,--,--,--,--,--,國英社×5,--,國英社27,--,--,--,--,--,--,--,--,--,--,*
046,銘傳大學,046262,無,應用日語學系（桃園校區）,,79,一般,底標,--,--,--,--,--,--,3,--,--,--,6,--,--,--,社會6,國文10,--,--,--,--,--,--,--,--,--,*
046,銘傳大學,046272,無,商業設計學系（桃園校區）,,57,一般,底標,--,--,--,底標,--,--,3,--,--,--,5,--,--,--,社會8,國文10,--,--,--,--,--,--,--,--,--,*
046,銘傳大學,046282,無,商品設計學系（桃園校區）,,64,一般,底標,--,--,--,--,--,--,5,--,--,--,3,--,--,--,國文8,社會9,--,--,--,--,--,--,--,--,--,*
046,銘傳大學,046292,無,數位媒體設計學系（桃園校區）,,65,一般,底標,--,--,--,--,--,--,7,--,--,--,3,--,--,--,國文8,社會10,--,--,--,--,--,--,--,--,--,*
046,銘傳大學,046302,無,建築學系（桃園校區）,,36,一般,底標,底標,--,--,--,--,--,3,3,--,--,3,--,--,--,(國文+英文+社會)27,--,--,--,--,--,--,--,--,--,--,*
046,銘傳大學,046312,無,都市設計與永續發展學系智慧城市與無人機應用組（桃園校區）,,16,一般,底標,--,--,--,--,--,--,3,--,--,--,--,--,--,--,國文10,--,--,--,--,--,--,--,--,--,--,*
046,銘傳大學,046322,無,都市設計與永續發展學系都市更新與土地開發組（桃園校區）,,10,一般,--,--,--,--,底標,--,--,--,--,--,--,5,--,--,--,社會10,--,--,--,--,--,--,--,--,--,--,*
046,銘傳大學,046332,無,觀光事業學系（桃園校區）,,41,一般,--,--,--,--,底標,--,--,5,8,--,--,3,--,--,--,英文4,國文9,社會9,--,--,--,--,--,--,--,--,*
046,銘傳大學,046342,無,休閒遊憩管理學系（桃園校區）,,38,一般,底標,--,--,--,--,--,--,3,--,--,--,--,--,國英×10,--,國英11,國文10,--,--,--,--,--,--,--,--,--,*
046,銘傳大學,046352,無,餐旅管理學系（桃園校區）,,41,一般,--,--,--,--,底標,--,--,--,--,--,--,3,--,國英×8,--,國英3,社會8,--,--,--,--,--,--,--,--,--,*
046,銘傳大學,046362,無,犯罪防治學系（桃園校區）,,65,一般,--,--,--,--,底標,--,--,--,--,--,--,7,--,國社×3,--,社會8,國社22,--,--,--,--,--,--,--,--,--,*
046,銘傳大學,046372,無,公共事務與行政管理學系（桃園校區）,,32,一般,--,--,--,--,底標,--,--,7,--,--,--,--,--,國社×3,--,--,國社21,--,--,--,--,--,--,--,--,--,*
046,銘傳大學,046382,無,諮商臨床與工商心理學系（桃園校區）,,62,一般,--,--,底標,底標,後標,--,--,--,--,--,--,--,--,國英社×3,--,國英社28,--,--,--,--,--,--,--,--,--,--,*
046,銘傳大學,046392,無,金融學系（桃園校區）,,75,一般,底標,--,--,--,--,--,--,3,--,--,--,3,--,--,--,(國文+社會)18,--,--,--,--,--,--,--,--,--,--,*
046,銘傳大學,046402,無,金融科技應用學系（桃園校區）,,35,一般,底標,--,--,--,底標,--,--,3,--,--,--,3,--,--,--,(國文+社會)20,--,--,--,--,--,--,--,--,--,--,*
046,銘傳大學,046412,無,資訊管理學系人工智慧應用組（桃園校區）,,40,一般,--,底標,--,--,--,--,--,--,3,--,--,--,--,國英×5,--,國英14,英文8,--,--,--,--,--,--,--,--,--,*
046,銘傳大學,046422,無,資訊管理學系巨量資料管理組（桃園校區）,,40,一般,--,--,--,底標,--,--,--,--,--,--,3,--,--,國數B×5,--,國數B4,數學B6,--,--,--,--,--,--,--,--,--,*
046,銘傳大學,046432,無,資訊管理學系電子商務管理組（桃園校區）,,45,一般,--,--,--,--,底標,--,--,--,--,--,--,3,--,國社×5,--,國社14,社會9,--,--,--,--,--,--,--,--,--,*
046,銘傳大學,046442,無,人工智慧應用學系（桃園校區）,,107,一般,底標,--,底標,底標,--,--,--,3,--,--,--,--,--,--,--,國文9,--,--,--,--,--,--,--,--,--,--,*
046,銘傳大學,046452,無,資訊工程學系甲組（桃園校區）,,65,一般,--,--,--,底標,--,底標,--,--,--,--,3,--,3,--,--,(數學B+自然)10,--,--,--,--,--,--,--,--,--,--,*
046,銘傳大學,046462,無,資訊工程學系乙組（桃園校區）,,103,一般,底標,--,--,底標,--,--,--,3,--,--,3,--,--,--,--,(國文+數學B)9,--,--,--,--,--,--,--,--,--,--,--
046,銘傳大學,046472,無,電機工程學系（桃園校區）,,118,一般,底標,--,底標,--,--,--,--,3,--,3,--,--,--,--,--,(國文+數學A)17,--,--,--,--,--,--,--,--,--,--,*
046,銘傳大學,046482,無,半導體應用學士學位學程（桃園校區）,,29,一般,底標,--,底標,--,--,--,--,--,--,--,--,--,--,國數A×3,--,國數A17,--,--,--,--,--,--,--,--,--,--,*
046,銘傳大學,046492,無,智慧醫療與永續管理學系健康永續管理組（桃園校區）,,15,一般,--,--,--,--,底標,--,--,--,--,--,--,3,--,國社×8,--,國社11,社會8,--,--,--,--,--,--,--,--,--,*
046,銘傳大學,046502,無,智慧醫療與永續管理學系智慧醫療產業組（桃園校區）,,17,一般,--,--,--,--,--,底標,--,--,--,--,--,--,3,國自×8,--,國自9,自然5,--,--,--,--,--,--,--,--,--,--
046,銘傳大學,046512,無,生物科技學系智慧應用生技組（桃園校區）,,22,一般,--,--,--,--,--,底標,--,--,--,--,--,--,3,國自×8,--,國自11,自然7,--,--,--,--,--,--,--,--,--,*
046,銘傳大學,046522,無,生物科技學系食品生技組（桃園校區）,,45,一般,--,--,--,--,--,底標,--,--,--,--,--,--,3,國英自×8,--,國英自14,自然8,--,--,--,--,--,--,--,--,--,*
046,銘傳大學,046532,無,生物醫學工程學系生醫光電組（桃園校區）,,15,一般,--,底標,--,--,--,--,--,--,--,--,--,--,3,英自×8,--,英自7,自然7,--,--,--,--,--,--,--,--,--,*
046,銘傳大學,046542,無,生物醫學工程學系人工智慧醫療組（桃園校區）,,18,一般,底標,--,--,--,--,--,--,--,--,--,--,--,3,國自×8,--,國自11,自然9,--,--,--,--,--,--,--,--,--,*
046,銘傳大學,046552,無,資訊應用與金融保險學系（青年儲蓄帳戶組．臺北校區）,,1,一般,底標,--,--,--,--,--,--,--,--,--,--,--,--,--,--,--,--,--,--,--,--,--,--,--,--,--,--
046,銘傳大學,046562,無,影音新聞暨社群傳播學系（青年儲蓄帳戶組．臺北校區）,,1,一般,底標,--,--,--,--,--,--,--,--,--,--,--,--,--,--,--,--,--,--,--,--,--,--,--,--,--,--
046,銘傳大學,046572,無,金融科技應用學系（青年儲蓄帳戶組．桃園校區）,,1,一般,底標,--,--,--,--,--,--,--,--,--,--,--,--,--,--,--,--,--,--,--,--,--,--,--,--,--,--
046,銘傳大學,046582,無,智慧醫療與永續管理學系（青年儲蓄帳戶組．桃園校區）,,1,一般,底標,--,--,--,底標,底標,--,--,--,--,--,--,--,--,--,--,--,--,--,--,--,--,--,--,--,--,--
047,世新大學,047012,無,新聞學系,,85,一般,底標,--,--,--,--,--,--,3,3,--,--,--,--,--,--,(國文+英文)16,--,--,--,--,--,--,--,--,--,--,*
047,世新大學,047022,無,廣播電視電影學系廣播與聲音設計組,,79,一般,後標,--,--,--,--,--,--,5,3,--,--,3,--,--,--,國文10,(英文+社會)14,--,--,--,--,--,--,--,--,--,*
047,世新大學,047032,無,廣播電視電影學系電視組,,114,一般,後標,--,--,--,--,--,--,5,3,--,--,3,--,--,--,國文9,(英文+社會)8,--,--,--,--,--,--,--,--,--,--
047,世新大學,047042,無,廣播電視電影學系電影組,,62,一般,後標,--,--,--,--,--,--,5,3,--,--,3,--,--,--,國文10,(英文+社會)17,--,--,--,--,--,--,--,--,--,*
047,世新大學,047052,無,圖文傳播學系,,66,一般,底標,--,--,--,--,--,--,3,--,--,--,--,--,--,--,國文10,--,--,--,--,--,--,--,--,--,--,*
047,世新大學,047062,無,公共關係暨廣告學系,,122,一般,底標,--,--,--,--,--,--,5,3,--,--,3,--,--,--,國文7,(英文+社會)13,--,--,--,--,--,--,--,--,--,*
047,世新大學,047072,無,口語傳播暨社群媒體學系,,78,一般,底標,--,--,--,--,--,--,3,--,--,--,3,--,--,--,(國文+社會)8,--,--,--,--,--,--,--,--,--,--,--
047,世新大學,047082,無,資訊傳播學系,,22,一般,底標,--,--,--,--,--,--,5,3,--,--,--,--,--,--,國文9,英文8,--,--,--,--,--,--,--,--,--,*
047,世新大學,047092,無,數位多媒體設計學系,,52,一般,底標,--,--,--,--,--,--,3,--,--,--,--,--,--,--,國文11,--,--,--,--,--,--,--,--,--,--,*
047,世新大學,047102,無,傳播管理學系,,87,一般,底標,--,--,--,--,--,--,--,--,--,--,--,--,國英×3,--,國英12,--,--,--,--,--,--,--,--,--,--,*
047,世新大學,047112,無,資訊管理學系智慧商務暨數據傳播組,,46,一般,--,底標,--,--,--,--,--,--,3,--,--,--,--,英數B×5,--,英數B3,英文3,--,--,--,--,--,--,--,--,--,--
047,世新大學,047122,無,資訊管理學系智慧商務暨數據傳播組(資安組),,3,一般,--,--,--,底標,--,--,--,--,--,--,16.5,--,--,--,--,數學B2,--,--,--,--,--,--,--,--,--,--,--
047,世新大學,047132,無,資訊管理學系人工智慧暨科技傳播組,,27,一般,--,--,--,底標,--,--,--,--,--,--,3,--,--,英數B×5,--,英數B9,數學B6,--,--,--,--,--,--,--,--,--,*
047,世新大學,047142,無,資訊管理學系人工智慧暨科技傳播組(資安組),,3,一般,--,--,--,底標,--,--,--,--,--,--,16.5,--,--,--,--,數學B6,--,--,--,--,--,--,--,--,--,--,*
047,世新大學,047152,無,財務金融學系,,34,一般,--,--,--,底標,--,--,--,--,--,--,3,3,--,--,--,(數學B+社會)17,--,--,--,--,--,--,--,--,--,--,*
047,世新大學,047162,無,行政管理學系行政與法律組,,5,一般,--,--,--,--,底標,--,--,10,--,--,--,--,--,--,--,國文10,--,--,--,--,--,--,--,--,--,--,*
047,世新大學,047172,無,行政管理學系政策與傳播組,,5,一般,底標,--,--,--,--,--,--,10,--,--,--,10,--,--,--,(國文+社會)18,--,--,--,--,--,--,--,--,--,--,*
047,世新大學,047182,無,觀光學系餐旅經營管理組,,18,一般,底標,--,--,--,--,--,--,5,3,--,--,--,--,--,--,國文7,英文4,--,--,--,--,--,--,--,--,--,*
047,世新大學,047192,無,觀光學系旅遊暨休閒事業管理組,,18,一般,底標,--,--,--,--,--,--,5,3,--,--,--,--,--,--,國文8,英文4,--,--,--,--,--,--,--,--,--,*
047,世新大學,047202,無,經濟學系產業經濟組,,7,一般,--,--,--,--,後標,--,--,--,--,--,10,7,--,--,--,數學B4,社會8,--,--,--,--,--,--,--,--,--,--
047,世新大學,047212,無,經濟學系總體金融組,,7,一般,--,--,--,--,底標,--,--,--,--,--,10,7,--,--,--,--,社會7,--,--,--,--,--,--,--,--,--,--
047,世新大學,047222,無,經濟學系AI與商業分析組,,4,一般,--,--,--,底標,--,--,--,--,--,--,15,12.5,--,--,--,數學B2,--,--,--,--,--,--,--,--,--,--,--
047,世新大學,047232,無,企業管理學系人工智慧管理組,,10,一般,底標,--,--,--,--,--,--,5,5,--,--,5,--,--,--,(國文+英文+社會)15,--,--,--,--,--,--,--,--,--,--,--
047,世新大學,047242,無,企業管理學系跨域創新組,,8,一般,底標,--,--,--,--,--,--,6,--,--,--,6,--,--,--,(國文+社會)19,--,--,--,--,--,--,--,--,--,--,*
047,世新大學,047252,無,社會心理學系,,18,一般,底標,--,--,--,--,--,--,3,--,--,--,3,--,--,--,(國文+社會)23,--,--,--,--,--,--,--,--,--,--,*
047,世新大學,047262,無,英語暨傳播應用學系,,18,一般,--,後標,--,--,--,--,--,--,3,--,--,--,--,--,--,英文9,--,--,--,--,--,--,--,--,--,--,*
047,世新大學,047272,無,日本語文學系,,18,一般,底標,--,--,--,--,--,--,3,--,--,--,3,--,--,--,(國文+社會)22,--,--,--,--,--,--,--,--,--,--,*
047,世新大學,047282,無,法律學系,,43,一般,後標,--,--,--,--,--,--,3,--,--,--,--,--,--,--,國文11,--,--,--,--,--,--,--,--,--,--,*
050,實踐大學,050012,無,食品營養與保健生技學系(臺北校區),,42,一般,--,--,--,--,--,底標,--,--,--,--,--,--,--,國自×3,--,國自18,--,--,--,--,--,--,--,--,--,--,*
050,實踐大學,050022,無,食品營養與保健生技學系食品創新與科技法律組(臺北校區),,10,一般,底標,--,--,--,--,--,--,--,--,--,--,--,--,國自×5,--,國自17,--,--,--,--,--,--,--,--,--,--,*
050,實踐大學,050032,無,食品營養與保健生技學系(青年儲蓄帳戶組)(臺北校區),,1,一般,--,--,--,--,--,底標,--,--,--,--,--,--,--,--,--,--,--,--,--,--,--,--,--,--,--,--,--
050,實踐大學,050042,無,社會工作學系兒少、家庭與司法組(臺北校區),,25,一般,底標,--,--,--,--,--,--,3,--,--,--,--,--,--,--,國文11,--,--,--,--,--,--,--,--,--,--,*
050,實踐大學,050052,無,社會工作學系老人、長照與身障組(臺北校區),,11,一般,底標,--,--,--,--,--,--,--,--,--,--,--,--,國社×4.5,--,國社20,--,--,--,--,--,--,--,--,--,--,*
050,實踐大學,050062,無,社會工作學系心理衛生與醫務組(臺北校區),,14,一般,--,--,--,--,底標,--,--,--,--,--,--,3.5,--,--,--,社會11,--,--,--,--,--,--,--,--,--,--,*
050,實踐大學,050072,無,家庭研究與兒童發展學系幼兒教保組(臺北校區),,14,一般,底標,--,--,--,--,--,--,3.5,--,--,--,10,--,--,--,社會6,國文10,--,--,--,--,--,--,--,--,--,*
050,實踐大學,050082,無,家庭研究與兒童發展學系家庭教育與輔導組(臺北校區),,10,一般,--,--,--,--,底標,--,--,--,10,--,--,5,--,--,--,英文6,社會10,--,--,--,--,--,--,--,--,--,*
050,實踐大學,050092,無,餐飲管理學系廚藝組(臺北校區),,11,一般,底標,--,--,--,--,--,--,4.5,4.5,--,--,--,--,--,--,(國文+英文)15,--,--,--,--,--,--,--,--,--,--,*
050,實踐大學,050102,無,餐飲管理學系餐旅組(臺北校區),,11,一般,--,底標,--,--,--,--,--,4.5,4.5,--,--,--,--,--,--,(國文+英文)16,--,--,--,--,--,--,--,--,--,--,*
050,實踐大學,050112,無,法律學系(臺北校區),,23,一般,後標,後標,--,--,--,--,--,--,--,--,--,3,--,--,--,社會10,--,--,--,--,--,--,--,--,--,--,*
050,實踐大學,050122,無,服裝設計學系(臺北校區),,67,一般,--,後標,--,--,--,--,--,--,--,--,--,--,--,國英社×3,--,國英社23,--,--,--,--,--,--,--,--,--,--,*
050,實踐大學,050132,無,媒體傳達設計學系動畫影像設計組(臺北校區),,21,一般,底標,後標,--,--,--,--,--,--,3,--,--,--,--,--,--,英文10,--,--,--,--,--,--,--,--,--,--,--
050,實踐大學,050142,無,媒體傳達設計學系創意媒體設計組(臺北校區),,21,一般,底標,後標,--,--,--,--,--,--,3,--,--,--,--,--,--,英文9,--,--,--,--,--,--,--,--,--,--,*
050,實踐大學,050152,無,工業產品設計學系(臺北校區),,37,一般,--,後標,底標,底標,--,--,--,--,3,--,--,--,--,國英×5,--,國英15,英文7,--,--,--,--,--,--,--,--,--,*
050,實踐大學,050162,無,建築設計學系人文藝術組(臺北校區),,8,一般,後標,--,--,--,--,--,--,--,--,--,--,--,--,國英社×6,--,國英社28,--,--,--,--,--,--,--,--,--,--,*
050,實踐大學,050172,無,建築設計學系創意科技組(臺北校區),,17,一般,--,--,--,--,--,後標,--,--,--,--,--,--,3,國英自×9,--,國英自17,自然8,--,--,--,--,--,--,--,--,--,*
050,實踐大學,050182,無,建築職人學士學位學程(臺北校區),,15,一般,底標,--,--,--,--,--,--,3,--,--,--,--,--,--,--,國文11,--,--,--,--,--,--,--,--,--,--,--
050,實踐大學,050192,無,會計學系會計審計組(臺北校區),,27,一般,底標,--,--,--,--,--,--,3,--,--,--,--,--,--,--,國文10,--,--,--,--,--,--,--,--,--,--,*
050,實踐大學,050202,無,會計學系永續會計組(臺北校區),,14,一般,--,--,--,--,底標,--,--,3.5,--,--,--,3.5,--,--,--,(國文+社會)19,--,--,--,--,--,--,--,--,--,--,*
050,實踐大學,050212,無,國際經營與貿易學系經貿管理組(臺北校區),,10,一般,--,--,--,--,底標,--,--,12,--,--,--,5,--,--,--,國文6,社會10,--,--,--,--,--,--,--,--,--,*
050,實踐大學,050222,無,國際經營與貿易學系跨境行銷組(臺北校區),,11,一般,--,底標,--,--,--,--,--,4.5,12,--,--,--,--,--,--,英文3,國文10,--,--,--,--,--,--,--,--,--,--
050,實踐大學,050232,無,國際經營與貿易學系國際金融組(臺北校區),,11,一般,底標,--,--,--,--,--,--,12,--,--,--,4.5,--,--,--,國文7,社會10,--,--,--,--,--,--,--,--,--,*
050,實踐大學,050242,無,國際經營與貿易學系智慧物流組(臺北校區),,11,一般,底標,--,--,--,--,--,--,4.5,--,--,--,--,--,國英社×12,--,國英社13,國文7,--,--,--,--,--,--,--,--,--,--
050,實踐大學,050252,無,企業管理學系策略管理組(臺北校區),,10,一般,底標,--,--,--,--,--,--,--,--,--,--,--,--,國社×5,--,國社20,--,--,--,--,--,--,--,--,--,--,*
050,實踐大學,050262,無,企業管理學系ＡＩ行銷組(臺北校區),,12,一般,底標,--,--,--,--,--,--,12,--,--,--,--,4,--,--,國文9,自然6,--,--,--,--,--,--,--,--,--,*
050,實踐大學,050272,無,企業管理學系綠色永續組(臺北校區),,13,一般,--,--,--,--,底標,--,--,12,--,--,--,3.5,--,--,--,國文9,社會10,--,--,--,--,--,--,--,--,--,*
050,實踐大學,050282,無,企業管理學系創新創業組(臺北校區),,10,一般,底標,--,--,--,--,--,--,12,5,--,--,--,--,--,--,國文10,英文6,--,--,--,--,--,--,--,--,--,*
050,實踐大學,050292,無,企業管理學系(青年儲蓄帳戶組)(臺北校區),,1,一般,底標,--,--,--,--,--,--,--,--,--,--,--,--,--,--,--,--,--,--,--,--,--,--,--,--,--,--
050,實踐大學,050302,無,財務金融學系(臺北校區),,37,一般,--,底標,--,--,--,--,--,--,--,--,--,3,--,--,--,社會10,--,--,--,--,--,--,--,--,--,--,*
050,實踐大學,050312,無,財務金融學系數位行銷設計組(臺北校區),,11,一般,底標,--,--,--,--,--,--,4.5,--,--,--,--,--,--,--,國文10,--,--,--,--,--,--,--,--,--,--,*
050,實踐大學,050322,無,風險管理與保險學系(臺北校區),,48,一般,--,--,--,--,底標,--,--,--,3,--,--,3,--,--,--,(英文+社會)14,--,--,--,--,--,--,--,--,--,--,*
050,實踐大學,050332,無,應用外語學系(臺北校區),,28,一般,--,後標,--,--,--,--,--,3,3,--,--,--,--,--,--,(國文+英文)19,--,--,--,--,--,--,--,--,--,--,*
050,實踐大學,050342,無,應用外語學系數位應用組(臺北校區),,12,一般,底標,後標,--,--,--,--,--,4,4,--,--,--,--,--,--,(國文+英文)17,--,--,--,--,--,--,--,--,--,--,*
050,實踐大學,050352,無,資訊科技與管理學系人工智慧與大數據組(臺北校區),,29,一般,底標,--,--,--,--,--,--,--,--,--,--,--,--,國自×3,--,國自17,--,--,--,--,--,--,--,--,--,--,*
050,實踐大學,050362,無,資訊科技與管理學系雲端運算與物聯網組(臺北校區),,12,一般,--,--,--,--,--,底標,--,--,--,--,--,--,4,--,--,自然8,--,--,--,--,--,--,--,--,--,--,*
050,實踐大學,050372,無,資訊科技與管理學系數位媒體設計組(臺北校區),,11,一般,底標,--,--,--,--,--,--,--,--,--,--,--,--,國社×4.5,--,國社20,--,--,--,--,--,--,--,--,--,--,*
050,實踐大學,050392,無,資訊科技與管理學系(資安組)(臺北校區),,3,一般,--,--,--,--,--,底標,--,--,--,--,--,--,16.5,--,--,自然7,--,--,--,--,--,--,--,--,--,--,*
050,實踐大學,050402,無,資訊科技與管理學系(青年儲蓄帳戶組)(臺北校區),,1,一般,底標,--,--,--,--,--,--,--,--,--,--,--,--,--,--,--,--,--,--,--,--,--,--,--,--,--,--
050,實踐大學,050412,無,國際企業英語學士學位學程(社會組)(臺北校區),,14,一般,底標,--,--,--,--,--,--,3.5,--,--,--,--,--,--,--,國文9,--,--,--,--,--,--,--,--,--,--,*
050,實踐大學,050422,無,國際企業英語學士學位學程(自然組)(臺北校區),,11,一般,--,底標,--,--,--,--,--,--,4.5,--,--,--,--,--,--,英文7,--,--,--,--,--,--,--,--,--,--,*
050,實踐大學,050432,無,智慧服務管理英語學士學位學程(社會組)(臺北校區),,9,一般,底標,--,--,--,--,--,--,5.5,--,--,--,--,--,--,--,國文8,--,--,--,--,--,--,--,--,--,--,*
050,實踐大學,050442,無,智慧服務管理英語學士學位學程(自然組)(臺北校區),,12,一般,--,底標,--,--,--,--,--,--,4,--,--,--,--,--,--,英文6,--,--,--,--,--,--,--,--,--,--,*
050,實踐大學,050452,無,國際企業管理學系公司理財投資組(高雄校區),,9,一般,--,底標,--,--,--,--,--,--,5.5,--,--,--,--,--,--,英文3,--,--,--,--,--,--,--,--,--,--,*
050,實踐大學,050462,無,國際企業管理學系外匯數位金融組(高雄校區),,9,一般,--,--,--,--,底標,--,--,15,--,--,--,5.5,--,--,--,國文2,社會9,--,--,--,--,--,--,--,--,--,*
050,實踐大學,050472,無,國際企業管理學系品牌行銷企劃組(高雄校區),,9,一般,--,--,--,--,底標,--,--,--,--,--,--,5.5,--,--,--,社會8,--,--,--,--,--,--,--,--,--,--,*
050,實踐大學,050482,無,國際企業管理學系日韓商務與貿易組(高雄校區),,9,一般,底標,--,--,--,--,--,--,5.5,--,--,--,--,--,--,--,國文9,--,--,--,--,--,--,--,--,--,--,*
050,實踐大學,050492,無,金融管理學系金融實務組(高雄校區),,8,一般,底標,--,--,--,--,--,--,6,--,--,--,--,--,--,--,國文9,--,--,--,--,--,--,--,--,--,--,*
050,實踐大學,050502,無,金融管理學系數位金融組(高雄校區),,8,一般,--,底標,--,--,--,--,--,--,6,--,--,--,--,--,--,英文4,--,--,--,--,--,--,--,--,--,--,*
050,實踐大學,050512,無,金融管理學系金融商品組(高雄校區),,8,一般,--,--,--,--,底標,--,--,--,--,--,--,6,--,--,--,社會9,--,--,--,--,--,--,--,--,--,--,*
050,實踐大學,050522,無,金融管理學系產業實習組(高雄校區),,8,一般,--,--,--,--,底標,--,--,6,--,--,--,--,--,--,--,國文6,--,--,--,--,--,--,--,--,--,--,--
050,實踐大學,050532,無,金融管理學系財務金融組(高雄校區),,8,一般,--,--,--,底標,--,--,--,--,--,--,6,--,--,--,--,數學B4,--,--,--,--,--,--,--,--,--,--,*
050,實踐大學,050542,無,資訊管理學系物聯網應用組(高雄校區),,12,一般,--,--,底標,底標,--,底標,--,--,--,--,--,--,4,--,--,自然6,--,--,--,--,--,--,--,--,--,--,*
050,實踐大學,050552,無,資訊管理學系人工智慧與雲端應用組(高雄校區),,11,一般,--,--,底標,底標,--,--,--,--,--,--,--,--,4.5,--,--,--,--,--,--,--,--,--,--,--,--,--,--
050,實踐大學,050562,無,資訊管理學系資訊科技組(高雄校區),,10,一般,--,--,--,--,--,底標,--,--,--,--,--,--,5,--,--,自然5,--,--,--,--,--,--,--,--,--,--,*
050,實踐大學,050572,無,資訊科技與通訊學系智慧機器人組(高雄校區),,9,一般,--,--,底標,底標,--,--,--,--,--,--,--,--,5.5,--,--,自然6,--,--,--,--,--,--,--,--,--,--,*
050,實踐大學,050582,無,資訊科技與通訊學系人工智慧組(高雄校區),,9,一般,底標,--,底標,底標,--,--,--,5.5,--,--,--,--,--,--,--,國文7,--,--,--,--,--,--,--,--,--,--,--
050,實踐大學,050592,無,資訊科技與通訊學系無人機組(高雄校區),,8,一般,--,--,底標,底標,--,--,--,6,--,--,--,--,--,--,--,國文8,--,--,--,--,--,--,--,--,--,--,*
050,實踐大學,050602,無,資訊科技與通訊學系App設計組(高雄校區),,7,一般,--,--,底標,底標,--,--,--,--,7,--,--,--,--,--,--,英文2,--,--,--,--,--,--,--,--,--,--,--
050,實踐大學,050612,無,資訊科技與通訊學系(青年儲蓄帳戶組)(高雄校區),,1,一般,底標,--,--,--,--,--,--,--,--,--,--,--,--,--,--,--,--,--,--,--,--,--,--,--,--,--,--
050,實踐大學,050622,無,數位多媒體遊戲設計學系互動遊戲設計組(高雄校區),,12,一般,底標,--,--,--,--,--,--,4,--,--,--,--,--,--,--,國文10,--,--,--,--,--,--,--,--,--,--,*
050,實踐大學,050632,無,數位多媒體遊戲設計學系(青年儲蓄帳戶組)(高雄校區),,1,一般,底標,--,--,--,--,--,--,--,--,--,--,--,--,--,--,--,--,--,--,--,--,--,--,--,--,--,--
050,實踐大學,050642,無,電腦動畫學士學位學程3D動畫製作及視覺特效組(高雄校區),,5,一般,--,底標,--,--,--,--,--,--,10,--,--,--,--,--,--,英文3,--,--,--,--,--,--,--,--,--,--,*
050,實踐大學,050652,無,電腦動畫學士學位學程2D3D動畫通修組(高雄校區),,12,一般,底標,--,--,--,--,--,--,4,--,--,--,--,--,--,--,國文9,--,--,--,--,--,--,--,--,--,--,*
050,實踐大學,050662,無,觀光管理學系文化與自然旅遊經營組(高雄校區),,17,一般,--,--,--,--,底標,--,--,--,--,--,--,3,--,--,--,社會8,--,--,--,--,--,--,--,--,--,--,--
050,實踐大學,050672,無,休閒產業管理學系環境教育與休閒規劃設計組(高雄校區),,11,一般,底標,--,--,--,--,--,--,4.5,--,--,--,--,--,--,--,國文8,--,--,--,--,--,--,--,--,--,--,*
050,實踐大學,050682,無,休閒產業管理學系精品咖啡烘焙經營組(高雄校區),,11,一般,--,--,--,--,底標,--,--,--,--,--,--,4.5,--,--,--,社會8,--,--,--,--,--,--,--,--,--,--,*
050,實踐大學,050692,無,休閒產業管理學系(青年儲蓄帳戶組)(高雄校區),,1,一般,底標,--,--,--,--,--,--,--,--,--,--,--,--,--,--,--,--,--,--,--,--,--,--,--,--,--,--
050,實踐大學,050702,無,應用日文學系(高雄校區),,8,一般,--,底標,--,--,--,--,--,--,--,--,--,6,--,--,--,社會10,--,--,--,--,--,--,--,--,--,--,*
050,實踐大學,050712,無,應用日文學系商務組(高雄校區),,10,一般,--,--,--,--,底標,--,--,--,--,--,--,5,--,--,--,社會9,--,--,--,--,--,--,--,--,--,--,*
050,實踐大學,050722,無,應用日文學系翻譯組(高雄校區),,10,一般,--,--,--,--,底標,--,--,15,--,--,--,5,--,--,--,國文4,社會8,--,--,--,--,--,--,--,--,--,--
050,實踐大學,050732,無,應用日文學系實習組(高雄校區),,10,一般,底標,--,--,--,--,--,--,15,--,--,--,5,--,--,--,國文7,社會8,--,--,--,--,--,--,--,--,--,*
050,實踐大學,050742,無,應用日文學系(青年儲蓄帳戶組)(高雄校區),,3,一般,--,--,--,--,底標,--,--,--,--,--,--,--,--,--,--,--,--,--,--,--,--,--,--,--,--,--,--
050,實踐大學,050382,無,資訊科技與管理學系(APCS組)(臺北校區),,3,APCS,底標,--,--,--,--,--,--,--,--,--,--,--,--,國英×16.5,程式識讀(檢定2級、倍率10)；程式實作(檢定--、倍率--),國英12,APCS識讀2,--,--,--,--,--,--,--,--,--,--
050,實踐大學,050752,無,音樂學系(臺北校區),鋼琴,4,音樂,--,--,--,--,--,--,--,--,--,--,--,--,--,--,主修(檢定--、倍率--)；樂理(檢定--、倍率--)；聽寫(檢定--、倍率--),主修60.43,--,--,--,--,--,--,--,--,--,--,--
050,實踐大學,050752,無,音樂學系(臺北校區),聲樂,3,音樂,--,--,--,--,--,--,--,--,--,--,--,--,--,--,主修(檢定--、倍率--)；樂理(檢定--、倍率--)；聽寫(檢定--、倍率--),主修77.71,--,--,--,--,--,--,--,--,--,--,--
050,實踐大學,050752,無,音樂學系(臺北校區),小提琴,7,音樂,--,--,--,--,--,--,--,--,--,--,--,--,--,--,主修(檢定--、倍率--)；樂理(檢定--、倍率--)；聽寫(檢定--、倍率--),主修72.21,--,--,--,--,--,--,--,--,--,--,--
050,實踐大學,050752,無,音樂學系(臺北校區),中提琴,2,音樂,--,--,--,--,--,--,--,--,--,--,--,--,--,--,主修(檢定--、倍率--)；樂理(檢定--、倍率--)；聽寫(檢定--、倍率--),主修80.5,--,--,--,--,--,--,--,--,--,--,--
050,實踐大學,050752,無,音樂學系(臺北校區),大提琴,2,音樂,--,--,--,--,--,--,--,--,--,--,--,--,--,--,主修(檢定--、倍率--)；樂理(檢定--、倍率--)；聽寫(檢定--、倍率--),主修71.43,--,--,--,--,--,--,--,--,--,--,--
050,實踐大學,050752,無,音樂學系(臺北校區),長號,1,音樂,--,--,--,--,--,--,--,--,--,--,--,--,--,--,主修(檢定--、倍率--)；樂理(檢定--、倍率--)；聽寫(檢定--、倍率--),主修82.44,--,--,--,--,--,--,--,--,--,--,--
050,實踐大學,050752,無,音樂學系(臺北校區),小號,1,音樂,--,--,--,--,--,--,--,--,--,--,--,--,--,--,主修(檢定--、倍率--)；樂理(檢定--、倍率--)；聽寫(檢定--、倍率--),主修82.11,--,--,--,--,--,--,--,--,--,--,--
050,實踐大學,050752,無,音樂學系(臺北校區),上低音號,1,音樂,--,--,--,--,--,--,--,--,--,--,--,--,--,--,主修(檢定--、倍率--)；樂理(檢定--、倍率--)；聽寫(檢定--、倍率--),主修84.89,--,--,--,--,--,--,--,--,--,--,--
050,實踐大學,050752,無,音樂學系(臺北校區),低音號,1,音樂,--,--,--,--,--,--,--,--,--,--,--,--,--,--,主修(檢定--、倍率--)；樂理(檢定--、倍率--)；聽寫(檢定--、倍率--),主修82,--,--,--,--,--,--,--,--,--,--,--
050,實踐大學,050752,無,音樂學系(臺北校區),薩克斯管,3,音樂,--,--,--,--,--,--,--,--,--,--,--,--,--,--,主修(檢定--、倍率--)；樂理(檢定--、倍率--)；聽寫(檢定--、倍率--),主修81.56,--,--,--,--,--,--,--,--,--,--,--
050,實踐大學,050752,無,音樂學系(臺北校區),長笛,2,音樂,--,--,--,--,--,--,--,--,--,--,--,--,--,--,主修(檢定--、倍率--)；樂理(檢定--、倍率--)；聽寫(檢定--、倍率--),主修80.44,--,--,--,--,--,--,--,--,--,--,--
050,實踐大學,050752,無,音樂學系(臺北校區),單簧管(豎笛),2,音樂,--,--,--,--,--,--,--,--,--,--,--,--,--,--,主修(檢定--、倍率--)；樂理(檢定--、倍率--)；聽寫(檢定--、倍率--),主修82.56,--,--,--,--,--,--,--,--,--,--,--
050,實踐大學,050752,無,音樂學系(臺北校區),聲樂,2,音樂,--,--,--,--,--,--,--,--,--,--,--,--,--,--,主修(檢定--、倍率--)；樂理(檢定--、倍率--)；聽寫(檢定--、倍率--),主修79.6,--,--,--,--,--,--,--,--,--,--,--
050,實踐大學,050762,無,音樂學系Ｂ組(臺北校區),,1,術科(美術/體育/音樂),底標,--,--,--,--,--,--,15,--,--,--,--,--,--,--,國文9,--,--,--,--,--,--,--,--,--,--,*
050,實踐大學,050772,無,數位多媒體遊戲設計學系數位多媒體與AI應用設計組(高雄校區),,8,術科(美術/體育/音樂),--,--,--,--,--,--,--,15,--,--,--,--,--,--,--,國文3,--,--,--,--,--,--,--,--,--,--,--
050,實踐大學,050782,無,數位多媒體遊戲設計學系3D多媒體遊戲美術設計組(高雄校區),,5,術科(美術/體育/音樂),--,--,--,--,--,--,--,15,--,--,--,--,--,--,--,國文3,--,--,--,--,--,--,--,--,--,--,--
050,實踐大學,050792,無,數位多媒體遊戲設計學系遊戲美術設計組(高雄校區),,12,術科(美術/體育/音樂),--,--,--,--,--,--,--,15,--,--,--,--,--,--,--,國文4,--,--,--,--,--,--,--,--,--,--,*
050,實踐大學,050802,無,電腦動畫學士學位學程2D動畫創作製作組(高雄校區),,10,術科(美術/體育/音樂),--,--,--,--,--,--,--,15,--,--,--,--,--,--,--,國文3,--,--,--,--,--,--,--,--,--,--,--
050,實踐大學,050812,無,電腦動畫學士學位學程2D動畫美術設計組(高雄校區),,10,術科(美術/體育/音樂),--,--,--,--,--,--,--,15,--,--,--,--,--,--,--,國文3,--,--,--,--,--,--,--,--,--,--,--
050,實踐大學,050822,無,服飾設計與經營學系品牌經營與行銷組(高雄校區),,10,術科(美術/體育/音樂),--,--,--,--,--,--,--,15,--,--,--,--,--,--,--,國文2,--,--,--,--,--,--,--,--,--,--,--
050,實踐大學,050832,無,服飾設計與經營學系服飾設計與數位應用組(高雄校區),,14,術科(美術/體育/音樂),--,--,--,--,--,--,--,15,--,--,--,--,--,--,--,國文2,--,--,--,--,--,--,--,--,--,--,--
050,實踐大學,050842,無,時尚設計學系媒傳影像設計組(高雄校區),,18,術科(美術/體育/音樂),--,--,--,--,--,--,--,15,--,--,--,--,--,--,--,國文2,--,--,--,--,--,--,--,--,--,--,--
050,實踐大學,050852,無,時尚設計學系髮妝造型設計組(高雄校區),,10,術科(美術/體育/音樂),--,--,--,--,--,--,--,15,--,--,--,--,--,--,--,國文2,--,--,--,--,--,--,--,--,--,--,--
050,實踐大學,050862,無,時尚設計學系服裝造型設計組(高雄校區),,20,術科(美術/體育/音樂),--,--,--,--,--,--,--,15,--,--,--,--,--,--,--,國文4,--,--,--,--,--,--,--,--,--,--,--
050,實踐大學,050872,無,觀光管理學系旅運暨運動觀光事業組(高雄校區),,16,術科(美術/體育/音樂),--,--,--,--,--,--,--,15,--,--,--,--,--,--,--,國文2,--,--,--,--,--,--,--,--,--,--,--
050,實踐大學,050882,無,休閒產業管理學系遊憩運動企劃組(高雄校區),,11,術科(美術/體育/音樂),--,--,底標,底標,--,--,--,15,--,--,--,--,--,--,--,國文3,--,--,--,--,--,--,--,--,--,--,--
051,長榮大學,051012,無,企業管理學系行銷組,,7,一般,底標,--,--,--,--,--,--,15,--,--,--,7,--,--,--,國文8,社會9,--,--,--,--,--,--,--,--,--,*
051,長榮大學,051022,無,企業管理學系數位經營組,,7,一般,--,--,--,--,底標,--,--,15,--,--,--,7,--,--,--,國文4,社會8,--,--,--,--,--,--,--,--,--,*
051,長榮大學,051032,無,企業管理學系企業永續發展組,,3,一般,底標,--,--,--,--,--,--,16.5,--,--,--,--,--,--,--,國文8,--,--,--,--,--,--,--,--,--,--,*
051,長榮大學,051042,無,企業管理學系創新應用組,,6,一般,--,--,--,--,底標,--,--,--,--,--,--,8,--,--,--,社會7,--,--,--,--,--,--,--,--,--,--,--
051,長榮大學,051052,無,企業管理學系(青年儲蓄帳戶組),,1,一般,底標,--,--,--,--,--,--,--,--,--,--,--,--,--,--,--,--,--,--,--,--,--,--,--,--,--,--
051,長榮大學,051062,無,國際企業學系國際經營管理組,,4,一般,底標,--,--,--,--,--,--,12.5,--,--,--,--,--,--,--,國文7,--,--,--,--,--,--,--,--,--,--,--
051,長榮大學,051072,無,國際企業學系金融貿易組,,6,一般,--,--,--,--,底標,--,--,15,--,--,--,8,--,--,--,國文4,社會9,--,--,--,--,--,--,--,--,--,*
051,長榮大學,051082,無,國際企業學系航運物流組,,6,一般,--,--,--,--,底標,--,--,--,--,--,--,8,--,--,--,社會9,--,--,--,--,--,--,--,--,--,--,*
051,長榮大學,051092,無,會計資訊學系財務應用組,,6,一般,底標,--,--,--,--,--,--,9,--,--,--,8,--,--,--,國文8,社會7,--,--,--,--,--,--,--,--,--,*
051,長榮大學,051102,無,會計資訊學系稅務應用組,,6,一般,底標,--,--,--,--,--,--,8,--,--,--,--,--,--,--,國文8,--,--,--,--,--,--,--,--,--,--,*
051,長榮大學,051112,無,會計資訊學系產業實習組,,6,一般,--,--,--,--,底標,--,--,--,--,--,--,8,--,--,--,社會7,--,--,--,--,--,--,--,--,--,--,--
051,長榮大學,051122,無,航運管理學系,,55,一般,底標,--,--,--,--,--,--,3,--,--,--,--,--,--,--,國文9,--,--,--,--,--,--,--,--,--,--,*
051,長榮大學,051132,無,財務金融學系金融科技組,,7,一般,--,--,--,--,底標,--,--,--,--,--,--,7,--,--,--,社會9,--,--,--,--,--,--,--,--,--,--,*
051,長榮大學,051142,無,財務金融學系投資理財組,,7,一般,底標,--,--,--,--,--,--,7,--,--,--,--,--,--,--,國文9,--,--,--,--,--,--,--,--,--,--,*
051,長榮大學,051152,無,財務金融學系金融實務組,,7,一般,底標,--,--,--,--,--,--,7,--,--,--,10,--,--,--,--,國文7,--,--,--,--,--,--,--,--,--,--
051,長榮大學,051162,無,財務金融學系產業實習組,,10,一般,--,--,--,--,底標,--,--,5,--,--,--,10,--,--,--,社會7,國文4,--,--,--,--,--,--,--,--,--,--
051,長榮大學,051172,無,財務金融學系(青年儲蓄帳戶組),,2,一般,底標,--,--,--,--,--,--,--,--,--,--,--,--,--,--,--,--,--,--,--,--,--,--,--,--,--,--
051,長榮大學,051182,無,觀光與餐飲管理學系專業技術組,,5,一般,底標,--,--,--,--,--,--,15,--,--,--,10,--,--,--,國文7,社會7,--,--,--,--,--,--,--,--,--,*
051,長榮大學,051192,無,觀光與餐飲管理學系日韓交流組,,5,一般,底標,--,--,--,--,--,--,10,--,--,--,--,--,--,--,國文7,--,--,--,--,--,--,--,--,--,--,*
051,長榮大學,051202,無,觀光與餐飲管理學系國際雙聯組,,5,一般,--,底標,--,--,--,--,--,--,10,--,--,--,--,--,--,英文4,--,--,--,--,--,--,--,--,--,--,*
051,長榮大學,051212,無,觀光與餐飲管理學系(青年儲蓄帳戶組),,1,一般,底標,--,--,--,--,--,--,--,--,--,--,--,--,--,--,--,--,--,--,--,--,--,--,--,--,--,--
051,長榮大學,051222,無,醫務管理學系,,13,一般,底標,--,--,--,--,--,--,8,3.5,--,--,--,--,--,--,國文7,英文5,--,--,--,--,--,--,--,--,--,*
051,長榮大學,051232,無,生物科技學系生技醫學組,,9,一般,底標,--,--,--,--,--,--,5.5,--,--,--,--,--,--,--,國文10,--,--,--,--,--,--,--,--,--,--,*
051,長榮大學,051242,無,生物科技學系生物檢測組,,9,一般,底標,--,--,--,--,--,--,8,5.5,--,--,--,--,--,--,國文8,英文5,--,--,--,--,--,--,--,--,--,*
051,長榮大學,051252,無,健康心理學系,,20,一般,底標,--,--,--,--,--,--,3,--,--,--,--,--,--,--,國文11,--,--,--,--,--,--,--,--,--,--,*
051,長榮大學,051262,無,保健營養學系,,12,一般,底標,--,--,--,--,--,--,5,--,--,--,--,4,--,--,國文9,自然7,--,--,--,--,--,--,--,--,--,*
051,長榮大學,051272,無,護理學系,,23,一般,底標,--,--,--,--,--,--,3,--,--,--,--,--,--,--,國文10,--,--,--,--,--,--,--,--,--,--,*
051,長榮大學,051282,無,職業安全與衛生學系職業安全衛生管理組,,8,一般,--,--,--,--,底標,--,--,--,--,--,--,6,--,--,--,社會7,--,--,--,--,--,--,--,--,--,--,--
051,長榮大學,051292,無,職業安全與衛生學系安全衛生AI科技組,,4,一般,--,底標,--,--,--,--,--,12.5,--,--,--,--,--,--,--,國文7,--,--,--,--,--,--,--,--,--,--,*
051,長榮大學,051302,無,職業安全與衛生學系職業安全組,,10,一般,--,--,--,--,--,底標,--,5,--,--,--,--,--,--,--,國文7,--,--,--,--,--,--,--,--,--,--,*
051,長榮大學,051312,無,職業安全與衛生學系職業衛生組,,6,一般,底標,--,--,--,--,--,--,8,--,--,--,--,--,--,--,國文8,--,--,--,--,--,--,--,--,--,--,*
051,長榮大學,051322,無,職業安全與衛生學系(青年儲蓄帳戶組),,2,一般,底標,--,--,--,--,--,--,--,--,--,--,--,--,--,--,--,--,--,--,--,--,--,--,--,--,--,--
051,長榮大學,051332,無,食品安全衛生與檢驗學士學位學程食品安全管理組,,3,一般,--,--,--,--,底標,--,--,--,--,--,--,16.5,--,--,--,社會7,--,--,--,--,--,--,--,--,--,--,*
051,長榮大學,051342,無,食品安全衛生與檢驗學士學位學程食品科技組,,3,一般,底標,--,--,--,--,--,--,16.5,--,--,--,--,--,--,--,國文7,--,--,--,--,--,--,--,--,--,--,*
051,長榮大學,051352,無,食品安全衛生與檢驗學士學位學程食品檢驗組,,10,一般,--,--,--,--,--,底標,--,--,--,--,--,--,5,--,--,自然7,--,--,--,--,--,--,--,--,--,--,*
051,長榮大學,051362,無,消防安全學士學位學程消防實務管理組,,7,一般,--,--,--,--,底標,--,--,--,--,--,--,7,--,--,--,社會7,--,--,--,--,--,--,--,--,--,--,*
051,長榮大學,051372,無,消防安全學士學位學程火場鑑識組,,10,一般,--,--,--,--,--,底標,--,--,--,--,--,--,5,--,--,自然5,--,--,--,--,--,--,--,--,--,--,--
051,長榮大學,051382,無,消防安全學士學位學程消防防災技術組,,4,一般,底標,--,--,--,--,--,--,12.5,--,--,--,--,--,--,--,國文8,--,--,--,--,--,--,--,--,--,--,*
051,長榮大學,051392,無,消防安全學士學位學程(青年儲蓄帳戶組),,2,一般,底標,--,--,--,--,--,--,--,--,--,--,--,--,--,--,--,--,--,--,--,--,--,--,--,--,--,--
051,長榮大學,051402,無,綠能與環境資源學系綠能產業管理組,,10,一般,--,--,--,--,底標,--,--,--,--,--,--,5,--,--,--,社會7,--,--,--,--,--,--,--,--,--,--,--
051,長榮大學,051412,無,綠能與環境資源學系綠能產業實務組,,5,一般,底標,--,--,--,--,--,--,10,--,--,--,--,--,--,--,國文7,--,--,--,--,--,--,--,--,--,--,--
051,長榮大學,051422,無,綠能與環境資源學系綠能環境科技組,,8,一般,--,--,--,--,--,底標,--,--,--,--,--,--,6,--,--,自然5,--,--,--,--,--,--,--,--,--,--,--
051,長榮大學,051432,無,營建工程安全學士學位學程,,12,一般,--,--,--,--,--,底標,--,4,--,--,--,--,--,--,--,國文6,--,--,--,--,--,--,--,--,--,--,*
051,長榮大學,051442,無,大眾傳播學系,,23,一般,底標,--,--,--,--,--,--,3,--,--,--,--,--,--,--,國文10,--,--,--,--,--,--,--,--,--,--,*
051,長榮大學,051452,無,翻譯學系智慧科技與經貿媒體跨域組,,5,一般,底標,--,--,--,--,--,--,10,--,--,--,--,--,--,--,國文7,--,--,--,--,--,--,--,--,--,--,--
051,長榮大學,051462,無,翻譯學系語文教學與觀光會展實務組,,8,一般,--,--,--,--,底標,--,--,--,--,--,--,6,--,--,--,社會7,--,--,--,--,--,--,--,--,--,--,--
051,長榮大學,051472,無,社會工作學系A組,,10,一般,底標,--,--,--,--,--,--,5,--,--,--,--,--,--,--,國文9,--,--,--,--,--,--,--,--,--,--,*
051,長榮大學,051482,無,社會工作學系B組,,15,一般,--,--,--,--,底標,--,--,--,--,--,--,3,--,--,--,社會9,--,--,--,--,--,--,--,--,--,--,*
051,長榮大學,051492,無,社會工作學系(青年儲蓄帳戶組),,2,一般,--,--,--,--,底標,--,--,--,--,--,--,--,--,--,--,--,--,--,--,--,--,--,--,--,--,--,--
051,長榮大學,051502,無,應用日語學系語文翻譯組,,10,一般,底標,--,--,--,--,--,--,5,--,--,--,--,--,--,--,國文9,--,--,--,--,--,--,--,--,--,--,*
051,長榮大學,051512,無,應用日語學系觀光產業組,,10,一般,--,--,--,--,底標,--,--,5,--,--,--,6,--,--,--,社會9,國文8,--,--,--,--,--,--,--,--,--,*
051,長榮大學,051522,無,數位媒體設計學系數位媒體設計組,,10,一般,--,--,--,--,底標,--,--,5,--,--,--,--,--,--,--,國文9,--,--,--,--,--,--,--,--,--,--,*
051,長榮大學,051532,無,數位媒體設計學系互動設計組,,11,一般,--,底標,--,--,--,--,--,4.5,--,--,--,--,--,--,--,國文8,--,--,--,--,--,--,--,--,--,--,*
051,長榮大學,051542,無,資訊工程學系,,21,一般,--,底標,--,--,--,--,--,3,--,--,--,--,--,--,--,國文9,--,--,--,--,--,--,--,--,--,--,*
051,長榮大學,051552,無,資訊工程學系(APCS組),,1,APCS,--,底標,--,--,--,--,--,10,--,--,--,--,--,--,程式識讀(檢定2級、倍率5)；程式實作(檢定--、倍率--),國文6,APCS識讀2,--,--,--,--,--,--,--,--,--,--
051,長榮大學,051562,無,美術學系藝術創作組,,9,術科(美術/體育/音樂),--,--,--,--,--,--,--,12,--,--,--,--,--,--,--,國文4,--,--,--,--,--,--,--,--,--,--,*
051,長榮大學,051572,無,美術學系應用藝術組,,3,術科(美術/體育/音樂),--,--,--,--,--,--,--,25,--,--,--,--,--,--,素描(檢定--、倍率15),國文4,素描39,--,--,--,--,--,--,--,--,--,--
051,長榮大學,051582,無,書畫藝術學系甲組,,3,術科(美術/體育/音樂),--,--,--,--,--,--,--,25,--,--,--,--,--,--,素描(檢定--、倍率15),國文5,素描45,--,--,--,--,--,--,--,--,--,--
051,長榮大學,051592,無,書畫藝術學系乙組,,3,術科(美術/體育/音樂),--,--,--,--,--,--,--,15,--,--,--,--,--,--,--,國文3,--,--,--,--,--,--,--,--,--,--,--
051,長榮大學,051602,無,運動競技學系,,8,術科(美術/體育/音樂),--,--,--,--,--,--,--,18,--,--,--,15,--,--,--,國文3,社會5,--,--,--,--,--,--,--,--,--,*
056,國立臺灣藝術大學,056012,無,圖文傳播藝術學系,,14,一般,均標,均標,--,--,--,--,--,--,--,--,--,--,--,國英×3.5,--,國英24,--,--,--,--,--,--,--,--,--,--,*
056,國立臺灣藝術大學,056022,無,廣播電視學系,,14,一般,均標,均標,--,--,均標,--,--,--,--,--,--,--,--,國英社×3,--,國英社35,--,--,--,--,--,--,--,--,--,--,*
056,國立臺灣藝術大學,056032,無,電影學系,,14,一般,均標,均標,--,--,--,--,--,3,3,--,--,--,--,--,--,(國文+英文)24,--,--,--,--,--,--,--,--,--,--,*
056,國立臺灣藝術大學,056042,男,戲劇學系,,10,一般,後標,後標,--,--,後標,--,B級,9,9,--,--,9,--,--,--,(國文+英文+社會)23,--,--,--,--,--,--,--,--,--,--,--
056,國立臺灣藝術大學,056042,女,戲劇學系,,10,一般,後標,後標,--,--,後標,--,B級,9,9,--,--,9,--,--,--,(國文+英文+社會)30,--,--,--,--,--,--,--,--,--,--,--
056,國立臺灣藝術大學,056052,無,音樂學系,鋼琴,10,音樂,--,--,--,--,--,--,--,--,--,--,--,--,--,--,主修(檢定--、倍率--)；樂理(檢定--、倍率--)；視唱(檢定--、倍率--)；聽寫(檢定--、倍率--),主修60.43,--,--,--,--,--,--,--,--,--,--,--
056,國立臺灣藝術大學,056052,無,音樂學系,聲樂,7,音樂,--,--,--,--,--,--,--,--,--,--,--,--,--,--,主修(檢定--、倍率--)；樂理(檢定--、倍率--)；視唱(檢定--、倍率--)；聽寫(檢定--、倍率--),主修84.43,--,--,--,--,--,--,--,--,--,--,--
056,國立臺灣藝術大學,056052,無,音樂學系,小提琴,7,音樂,--,--,--,--,--,--,--,--,--,--,--,--,--,--,主修(檢定--、倍率--)；樂理(檢定--、倍率--)；視唱(檢定--、倍率--)；聽寫(檢定--、倍率--),主修72.86,--,--,--,--,--,--,--,--,--,--,--
056,國立臺灣藝術大學,056052,無,音樂學系,中提琴,2,音樂,--,--,--,--,--,--,--,--,--,--,--,--,--,--,主修(檢定--、倍率--)；樂理(檢定--、倍率--)；視唱(檢定--、倍率--)；聽寫(檢定--、倍率--),主修80.5,--,--,--,--,--,--,--,--,--,--,--
056,國立臺灣藝術大學,056052,無,音樂學系,大提琴,2,音樂,--,--,--,--,--,--,--,--,--,--,--,--,--,--,主修(檢定--、倍率--)；樂理(檢定--、倍率--)；視唱(檢定--、倍率--)；聽寫(檢定--、倍率--),主修84.57,--,--,--,--,--,--,--,--,--,--,--
056,國立臺灣藝術大學,056052,無,音樂學系,低音提琴,1,音樂,--,--,--,--,--,--,--,--,--,--,--,--,--,--,主修(檢定--、倍率--)；樂理(檢定--、倍率--)；視唱(檢定--、倍率--)；聽寫(檢定--、倍率--),主修83.07,--,--,--,--,--,--,--,--,--,--,--
056,國立臺灣藝術大學,056052,無,音樂學系,鋼琴,1,音樂,--,--,--,--,--,--,--,--,--,--,--,--,--,--,主修(檢定--、倍率--)；樂理(檢定--、倍率--)；視唱(檢定--、倍率--)；聽寫(檢定--、倍率--),主修87.8,--,--,--,--,--,--,--,--,--,--,--
056,國立臺灣藝術大學,056052,無,音樂學系,古典吉他,1,音樂,--,--,--,--,--,--,--,--,--,--,--,--,--,--,主修(檢定--、倍率--)；樂理(檢定--、倍率--)；視唱(檢定--、倍率--)；聽寫(檢定--、倍率--),主修86.8,--,--,--,--,--,--,--,--,--,--,--
056,國立臺灣藝術大學,056052,無,音樂學系,長號,1,音樂,--,--,--,--,--,--,--,--,--,--,--,--,--,--,主修(檢定--、倍率--)；樂理(檢定--、倍率--)；視唱(檢定--、倍率--)；聽寫(檢定--、倍率--),主修81.89,--,--,--,--,--,--,--,--,--,--,--
056,國立臺灣藝術大學,056052,無,音樂學系,小號,1,音樂,--,--,--,--,--,--,--,--,--,--,--,--,--,--,主修(檢定--、倍率--)；樂理(檢定--、倍率--)；視唱(檢定--、倍率--)；聽寫(檢定--、倍率--),主修76.22,--,--,--,--,--,--,--,--,--,--,--
056,國立臺灣藝術大學,056052,無,音樂學系,法國號,2,音樂,--,--,--,--,--,--,--,--,--,--,--,--,--,--,主修(檢定--、倍率--)；樂理(檢定--、倍率--)；視唱(檢定--、倍率--)；聽寫(檢定--、倍率--),主修83.89,--,--,--,--,--,--,--,--,--,--,--
056,國立臺灣藝術大學,056052,無,音樂學系,上低音號,1,音樂,--,--,--,--,--,--,--,--,--,--,--,--,--,--,主修(檢定--、倍率--)；樂理(檢定--、倍率--)；視唱(檢定--、倍率--)；聽寫(檢定--、倍率--),主修86,--,--,--,--,--,--,--,--,--,--,--
056,國立臺灣藝術大學,056052,無,音樂學系,低音號,1,音樂,--,--,--,--,--,--,--,--,--,--,--,--,--,--,主修(檢定--、倍率--)；樂理(檢定--、倍率--)；視唱(檢定--、倍率--)；聽寫(檢定--、倍率--),主修85.78,--,--,--,--,--,--,--,--,--,--,--
056,國立臺灣藝術大學,056052,無,音樂學系,薩克斯管,1,音樂,--,--,--,--,--,--,--,--,--,--,--,--,--,--,主修(檢定--、倍率--)；樂理(檢定--、倍率--)；視唱(檢定--、倍率--)；聽寫(檢定--、倍率--),主修81.56,--,--,--,--,--,--,--,--,--,--,--
056,國立臺灣藝術大學,056052,無,音樂學系,長笛,1,音樂,--,--,--,--,--,--,--,--,--,--,--,--,--,--,主修(檢定--、倍率--)；樂理(檢定--、倍率--)；視唱(檢定--、倍率--)；聽寫(檢定--、倍率--),主修86.56,--,--,--,--,--,--,--,--,--,--,*
056,國立臺灣藝術大學,056052,無,音樂學系,單簧管(豎笛),2,音樂,--,--,--,--,--,--,--,--,--,--,--,--,--,--,主修(檢定--、倍率--)；樂理(檢定--、倍率--)；視唱(檢定--、倍率--)；聽寫(檢定--、倍率--),主修83.56,--,--,--,--,--,--,--,--,--,--,--
056,國立臺灣藝術大學,056052,無,音樂學系,雙簧管,1,音樂,--,--,--,--,--,--,--,--,--,--,--,--,--,--,主修(檢定--、倍率--)；樂理(檢定--、倍率--)；視唱(檢定--、倍率--)；聽寫(檢定--、倍率--),主修83.78,--,--,--,--,--,--,--,--,--,--,--
056,國立臺灣藝術大學,056052,無,音樂學系,低音管,1,音樂,--,--,--,--,--,--,--,--,--,--,--,--,--,--,主修(檢定--、倍率--)；樂理(檢定--、倍率--)；視唱(檢定--、倍率--)；聽寫(檢定--、倍率--),主修76.22,--,--,--,--,--,--,--,--,--,--,--
056,國立臺灣藝術大學,056052,無,音樂學系,聲樂,2,音樂,--,--,--,--,--,--,--,--,--,--,--,--,--,--,主修(檢定--、倍率--)；樂理(檢定--、倍率--)；視唱(檢定--、倍率--)；聽寫(檢定--、倍率--),主修85,--,--,--,--,--,--,--,--,--,--,--
056,國立臺灣藝術大學,056052,無,音樂學系,理論作曲,2,音樂,--,--,--,--,--,--,--,--,--,--,--,--,--,--,主修(檢定--、倍率--)；樂理(檢定--、倍率--)；視唱(檢定--、倍率--)；聽寫(檢定--、倍率--),主修68.4,--,--,--,--,--,--,--,--,--,--,--
056,國立臺灣藝術大學,056062,無,中國音樂學系作曲組,,1,術科(美術/體育/音樂),--,--,--,--,--,--,--,--,--,--,--,--,--,--,副修(檢定--、倍率15)；樂理(檢定--、倍率15)；視唱(檢定--、倍率15)；聽寫(檢定--、倍率15),--,--,--,--,--,--,--,--,--,--,--,--
056,國立臺灣藝術大學,056072,無,中國音樂學系聲樂組,,1,術科(美術/體育/音樂),--,--,--,--,--,--,--,--,--,--,--,--,--,--,副修(檢定--、倍率15)；樂理(檢定--、倍率15)；視唱(檢定--、倍率15)；聽寫(檢定--、倍率15),(副修+樂理+視唱+寫)196.91,--,--,--,--,--,--,--,--,--,--,--
056,國立臺灣藝術大學,056082,無,中國音樂學系管樂組,,5,術科(美術/體育/音樂),--,--,--,--,--,--,--,--,--,--,--,--,--,--,副修(檢定--、倍率15)；樂理(檢定--、倍率15)；視唱(檢定--、倍率15)；聽寫(檢定--、倍率15),(副修+樂理+視唱+寫)202.91,--,--,--,--,--,--,--,--,--,--,--
056,國立臺灣藝術大學,056092,無,中國音樂學系彈弦組,,5,術科(美術/體育/音樂),--,--,--,--,--,--,--,--,--,--,--,--,--,--,副修(檢定--、倍率15)；樂理(檢定--、倍率15)；視唱(檢定--、倍率15)；聽寫(檢定--、倍率15),(副修+樂理+視唱+寫)160.23,--,--,--,--,--,--,--,--,--,--,--
056,國立臺灣藝術大學,056102,無,中國音樂學系撥弦組,,5,術科(美術/體育/音樂),--,--,--,--,--,--,--,--,--,--,--,--,--,--,副修(檢定--、倍率15)；樂理(檢定--、倍率15)；視唱(檢定--、倍率15)；聽寫(檢定--、倍率15),(副修+樂理+視唱+寫)144.29,--,--,--,--,--,--,--,--,--,--,--
056,國立臺灣藝術大學,056112,無,中國音樂學系擦弦組（一）–胡琴,,8,術科(美術/體育/音樂),--,--,--,--,--,--,--,--,--,--,--,--,--,--,副修(檢定--、倍率15)；樂理(檢定--、倍率15)；視唱(檢定--、倍率15)；聽寫(檢定--、倍率15),(副修+樂理+視唱+寫)164.49,--,--,--,--,--,--,--,--,--,--,--
056,國立臺灣藝術大學,056122,無,中國音樂學系擦弦組（二）–低音擦弦,,3,術科(美術/體育/音樂),--,--,--,--,--,--,--,--,--,--,--,--,--,--,副修(檢定--、倍率15)；樂理(檢定--、倍率15)；視唱(檢定--、倍率15)；聽寫(檢定--、倍率15),(副修+樂理+視唱+寫)222.74,--,--,--,--,--,--,--,--,--,--,--
056,國立臺灣藝術大學,056132,無,中國音樂學系擊樂組,,2,術科(美術/體育/音樂),--,--,--,--,--,--,--,--,--,--,--,--,--,--,副修(檢定--、倍率15)；樂理(檢定--、倍率15)；視唱(檢定--、倍率15)；聽寫(檢定--、倍率15),(副修+樂理+視唱+寫)244.37,--,--,--,--,--,--,--,--,--,--,--
056,國立臺灣藝術大學,056142,無,美術學系,,11,術科(美術/體育/音樂),--,--,--,--,--,--,--,5,5,--,--,--,--,--,素描(檢定均標、倍率6)；彩繪技法(檢定均標、倍率6)；創意表現(檢定--、倍率--)；水墨書畫(檢定--、倍率--)；美術鑑賞(檢定均標、倍率6),(素描+彩繪技法+美術赏)239,(國文+英文)15,--,--,--,--,--,--,--,--,--,*
056,國立臺灣藝術大學,056152,無,書畫藝術學系,,14,術科(美術/體育/音樂),後標,底標,--,--,後標,--,--,--,--,--,--,--,--,--,素描(檢定後標、倍率--)；彩繪技法(檢定後標、倍率--)；水墨書畫(檢定均標、倍率4.5),水墨書78,--,--,--,--,--,--,--,--,--,--,--
056,國立臺灣藝術大學,056162,男,雕塑學系,,7,術科(美術/體育/音樂),--,--,--,--,--,--,--,--,--,--,--,--,--,--,素描(檢定均標、倍率3)；創意表現(檢定底標、倍率15)；美術鑑賞(檢定底標、倍率30),美術40,創意表现45,素描87,--,--,--,--,--,--,--,--,--
056,國立臺灣藝術大學,056162,女,雕塑學系,,6,術科(美術/體育/音樂),--,--,--,--,--,--,--,--,--,--,--,--,--,--,素描(檢定均標、倍率3)；創意表現(檢定底標、倍率15)；美術鑑賞(檢定底標、倍率30),美術40,創意表现45,素描93,--,--,--,--,--,--,--,--,*
056,國立臺灣藝術大學,056172,無,古蹟藝術修護學系,,21,術科(美術/體育/音樂),後標,底標,--,--,均標,--,--,--,--,--,--,--,--,--,素描(檢定均標、倍率6)；彩繪技法(檢定均標、倍率6)；水墨書畫(檢定均標、倍率6),(素描+彩繪技法+水墨書畫)198.6,--,--,--,--,--,--,--,--,--,--,--
056,國立臺灣藝術大學,056182,無,視覺傳達設計學系,,11,術科(美術/體育/音樂),均標,均標,--,--,--,--,--,4,4,--,--,--,--,--,素描(檢定--、倍率5)；彩繪技法(檢定--、倍率5)；創意表現(檢定--、倍率5)；美術鑑賞(檢定--、倍率5),(素描+彩繪技法+創意表現+美術赏)267,(國文+英文)21,--,--,--,--,--,--,--,--,--,*
056,國立臺灣藝術大學,056192,無,工藝設計學系,,12,術科(美術/體育/音樂),均標,均標,--,--,--,--,--,4,4,--,--,--,--,--,素描(檢定--、倍率3.5)；創意表現(檢定--、倍率5)；美術鑑賞(檢定--、倍率5),(創意表現+美術锰赏)87,(國文+英文)19,素描66,--,--,--,--,--,--,--,--,--
056,國立臺灣藝術大學,056202,無,多媒體動畫藝術學系,,10,術科(美術/體育/音樂),後標,後標,--,--,--,--,--,3,3,--,--,--,--,--,素描(檢定--、倍率6)；創意表現(檢定--、倍率6),(素描+創意表现)159,(國文+英文)21,--,--,--,--,--,--,--,--,--,*
056,國立臺灣藝術大學,056212,無,舞蹈學系,,35,術科(美術/體育/音樂),--,--,--,--,--,--,--,8,8,--,--,--,--,--,--,(國文+英文)3,--,--,--,--,--,--,--,--,--,--,--
058,國立暨南國際大學,058012,無,中國語文學系,,23,一般,均標,--,--,--,後標,--,--,3,--,--,--,6,--,--,--,社會8,國文12,--,--,--,--,--,--,--,--,--,*
058,國立暨南國際大學,058022,無,外國語文學系,,17,一般,--,均標,--,--,--,--,--,--,3,--,--,--,--,--,--,英文11,--,--,--,--,--,--,--,--,--,--,*
058,國立暨南國際大學,058032,無,社會政策與社會工作學系,,22,一般,--,--,--,--,均標,--,--,--,--,--,--,3,--,國英×8,--,國英15,社會12,--,--,--,--,--,--,--,--,--,*
058,國立暨南國際大學,058042,無,公共行政與政策學系,,24,一般,--,--,--,--,均標,--,--,5,3,--,--,--,--,--,--,國文11,英文8,--,--,--,--,--,--,--,--,--,*
058,國立暨南國際大學,058052,無,歷史學系,,19,一般,--,--,--,--,均標,--,--,7,--,--,--,3,--,--,--,國文7,社會12,--,--,--,--,--,--,--,--,--,*
058,國立暨南國際大學,058062,無,東南亞學系,,17,一般,--,--,--,--,均標,--,--,--,6,--,--,3,--,--,--,英文3,社會11,--,--,--,--,--,--,--,--,--,*
058,國立暨南國際大學,058072,無,國際企業學系,,23,一般,--,--,--,後標,--,--,--,--,--,--,--,--,--,國英×3,--,國英20,--,--,--,--,--,--,--,--,--,--,*
058,國立暨南國際大學,058082,無,經濟學系,,26,一般,--,--,後標,均標,--,--,--,--,--,--,--,--,--,國英×3,--,國英18,--,--,--,--,--,--,--,--,--,--,*
058,國立暨南國際大學,058092,無,資訊管理學系,,27,一般,--,--,後標,均標,--,--,--,--,3,--,--,--,--,國英×7,--,國英12,英文9,--,--,--,--,--,--,--,--,--,*
058,國立暨南國際大學,058112,無,財務金融學系,,28,一般,--,--,--,均標,--,--,--,--,--,--,--,--,--,英數B×3,--,英數B16,--,--,--,--,--,--,--,--,--,--,*
058,國立暨南國際大學,058122,無,觀光休閒與餐旅管理學系觀光休閒組,,10,一般,後標,--,--,--,--,--,--,5,--,--,--,--,--,--,--,國文11,--,--,--,--,--,--,--,--,--,--,*
058,國立暨南國際大學,058132,無,觀光休閒與餐旅管理學系餐旅管理組,,10,一般,--,後標,--,--,--,--,--,--,5,--,--,--,--,--,--,英文8,--,--,--,--,--,--,--,--,--,--,*
058,國立暨南國際大學,058142,無,管理學院學士班,,7,一般,--,--,後標,後標,--,--,--,--,6,--,--,--,--,--,--,英文8,--,--,--,--,--,--,--,--,--,--,*
058,國立暨南國際大學,058152,無,國際文教與比較教育學系,,21,一般,均標,--,--,--,--,--,--,--,3,--,--,--,--,--,--,英文5,--,--,--,--,--,--,--,--,--,--,--
058,國立暨南國際大學,058162,無,教育政策與行政學系,,21,一般,均標,--,--,--,--,--,--,3,--,--,--,6,--,--,--,社會9,國文10,--,--,--,--,--,--,--,--,--,--
058,國立暨南國際大學,058172,無,諮商心理與人力資源發展學系諮商心理組,,11,一般,--,均標,--,--,--,--,--,--,--,--,--,--,--,英數B社×4.5,--,英數B社27,--,--,--,--,--,--,--,--,--,--,*
058,國立暨南國際大學,058182,無,諮商心理與人力資源發展學系終身學習與人力資源發展組,,12,一般,均標,--,--,--,--,--,--,--,--,--,--,--,--,國英×4,--,國英18,--,--,--,--,--,--,--,--,--,--,*
058,國立暨南國際大學,058192,無,教育學院學士班教育科技與資訊組,,4,一般,均標,--,--,後標,--,--,--,4,--,--,4,4,--,--,--,(國文+數學B+社會)27,--,--,--,--,--,--,--,--,--,--,*
058,國立暨南國際大學,058202,無,教育學院學士班教育心理與輔導組,,5,一般,--,均標,--,--,--,--,--,4,4,--,4,--,--,--,--,(國文+英文+數學B)27,--,--,--,--,--,--,--,--,--,--,*
058,國立暨南國際大學,058212,無,資訊工程學系,,21,一般,--,--,均標,--,--,--,--,--,5,3,--,--,--,--,--,英文8,數學A10,--,--,--,--,--,--,--,--,--,*
058,國立暨南國際大學,058232,無,資訊工程學系(資安組),,3,一般,--,--,均標,--,--,--,--,--,15,7,--,--,--,--,--,英文3,數學A9,--,--,--,--,--,--,--,--,--,*
058,國立暨南國際大學,058242,無,土木工程學系,,21,一般,--,--,後標,--,--,--,--,--,--,7,--,--,3,--,--,數學A5,自然10,--,--,--,--,--,--,--,--,--,*
058,國立暨南國際大學,058252,無,電機工程學系,,27,一般,--,--,--,--,--,均標,--,--,3,--,--,--,3,國英自×6,--,國英自29,(英文+自然)23,--,--,--,--,--,--,--,--,--,*
058,國立暨南國際大學,058262,無,應用化學系,,25,一般,--,--,--,--,--,均標,--,--,--,6,--,--,3,--,--,數學A7,自然11,--,--,--,--,--,--,--,--,--,*
058,國立暨南國際大學,058272,無,應用材料及光電工程學系,,23,一般,--,--,--,--,--,均標,--,--,--,3,--,--,7,--,--,自然10,數學A10,--,--,--,--,--,--,--,--,--,*
058,國立暨南國際大學,058282,無,科技學院學士班,,10,一般,--,--,--,--,--,均標,--,--,--,5,--,--,7,--,--,自然9,數學A8,--,--,--,--,--,--,--,--,--,*
058,國立暨南國際大學,058292,無,科技學院學士班(資安組),,3,一般,--,--,--,--,--,均標,--,--,--,15,--,--,15,--,--,(數學A+自然)16,--,--,--,--,--,--,--,--,--,--,--
058,國立暨南國際大學,058302,無,護理學系,,25,一般,後標,--,--,--,--,--,--,--,--,--,--,--,--,國英×3,--,國英19,--,--,--,--,--,--,--,--,--,--,*
058,國立暨南國際大學,058102,無,資訊管理學系(資安組),,3,APCS,--,--,後標,後標,--,--,--,--,--,--,--,--,--,國英×7,程式識讀(檢定3級、倍率10)；程式實作(檢定2級、倍率10),(APCS識讀+APCS實作)5,國英17,--,--,--,--,--,--,--,--,--,--
058,國立暨南國際大學,058222,無,資訊工程學系(APCS組),,3,APCS,--,--,均標,--,--,--,--,--,15,15,--,--,--,--,程式識讀(檢定3級、倍率7)；程式實作(檢定2級、倍率7),(英文+數學A)12,(APCS識讀+APCS實作)5,--,--,--,--,--,--,--,--,--,--
059,南華大學,059012,無,財務金融學系,,10,一般,底標,--,--,--,--,--,--,5,--,--,--,--,--,--,--,國文9,--,--,--,--,--,--,--,--,--,--,*
059,南華大學,059022,無,財務金融學系證券投資組,,11,一般,--,--,--,--,底標,--,--,--,--,--,--,4.5,--,--,--,社會7,--,--,--,--,--,--,--,--,--,--,--
059,南華大學,059032,無,財務金融學系AI智慧理財組,,11,一般,--,--,--,--,底標,--,--,--,--,--,--,--,--,國社×4.5,--,國社16,--,--,--,--,--,--,--,--,--,--,*
059,南華大學,059042,無,企業管理學系經營管理組,,10,一般,底標,--,--,--,--,--,--,5,--,--,--,--,--,--,--,國文7,--,--,--,--,--,--,--,--,--,--,--
059,南華大學,059052,無,企業管理學系行銷企劃組,,10,一般,底標,--,--,--,--,--,--,--,--,--,--,--,--,國社×5,--,國社16,--,--,--,--,--,--,--,--,--,--,*
059,南華大學,059062,無,企業管理學系創新創業組,,10,一般,--,--,--,--,底標,--,--,--,--,--,--,--,--,國社×5,--,國社15,--,--,--,--,--,--,--,--,--,--,*
059,南華大學,059072,無,企業管理學系文創管理組,,9,一般,--,--,--,--,底標,--,--,--,--,--,--,5.5,--,--,--,社會7,--,--,--,--,--,--,--,--,--,--,--
059,南華大學,059082,無,旅遊管理學系觀光旅遊經營組,,8,一般,底標,--,--,--,--,--,--,6,--,--,--,--,--,--,--,國文7,--,--,--,--,--,--,--,--,--,--,--
059,南華大學,059092,無,旅遊管理學系觀光導覽組,,7,一般,底標,--,--,--,--,--,--,--,--,--,--,7,--,--,--,社會7,--,--,--,--,--,--,--,--,--,--,--
059,南華大學,059102,無,旅遊管理學系旅館管理組,,7,一般,--,--,--,--,底標,--,--,7,--,--,--,--,--,--,--,國文3,--,--,--,--,--,--,--,--,--,--,--
059,南華大學,059112,無,旅遊管理學系餐宴廚藝組,,9,一般,--,--,--,--,底標,--,--,--,--,--,--,5.5,--,--,--,社會7,--,--,--,--,--,--,--,--,--,--,--
059,南華大學,059122,無,管理學院國際企業學士學位學程,,6,一般,底標,--,--,--,--,--,--,--,--,--,--,--,--,國英×8,--,國英10,--,--,--,--,--,--,--,--,--,--,--
059,南華大學,059132,無,管理學院國際企業學士學位學程國際數位行銷組,,11,一般,--,底標,--,--,--,--,--,--,--,--,--,--,--,國英×4.5,--,國英5,--,--,--,--,--,--,--,--,--,--,--
059,南華大學,059142,無,生死學系殯葬服務組,,34,一般,底標,--,--,--,--,--,--,3,--,--,--,--,--,--,--,國文8,--,--,--,--,--,--,--,--,--,--,*
059,南華大學,059152,無,生死學系諮商組,,32,一般,底標,--,--,--,--,--,--,3,--,--,--,--,--,--,--,國文8,--,--,--,--,--,--,--,--,--,--,*
059,南華大學,059162,無,幼兒教育學系幼兒教保組,,11,一般,底標,--,--,--,--,--,--,4.5,--,--,--,--,--,--,--,國文8,--,--,--,--,--,--,--,--,--,--,*
059,南華大學,059172,無,幼兒教育學系多元創新組,,10,一般,--,--,--,--,底標,--,--,--,--,--,--,5,--,--,--,社會7,--,--,--,--,--,--,--,--,--,--,--
059,南華大學,059182,無,文學系,,18,一般,底標,--,--,--,--,--,--,--,--,--,--,3,--,--,--,社會5,--,--,--,--,--,--,--,--,--,--,*
059,南華大學,059192,無,文學系藝文創作組,,18,一般,底標,--,--,--,--,--,--,3,--,--,--,--,--,--,--,國文7,--,--,--,--,--,--,--,--,--,--,--
059,南華大學,059202,無,外國語文學系應用英語組,,25,一般,--,底標,--,--,--,--,--,--,3,--,--,--,--,--,--,英文4,--,--,--,--,--,--,--,--,--,--,*
059,南華大學,059212,無,外國語文學系英日組,,11,一般,--,--,--,--,底標,--,--,--,--,--,--,4.5,--,--,--,社會8,--,--,--,--,--,--,--,--,--,--,*
059,南華大學,059222,無,社會工作學系,,8,一般,--,--,--,--,底標,--,--,--,--,--,--,--,--,國社×6,--,國社17,--,--,--,--,--,--,--,--,--,--,*
059,南華大學,059232,無,社會工作學系長期照顧管理組,,8,一般,底標,--,--,--,--,--,--,6,--,--,--,--,--,--,--,國文8,--,--,--,--,--,--,--,--,--,--,*
059,南華大學,059242,無,社會工作學系家庭社會工作組,,8,一般,底標,--,--,--,--,--,--,--,--,--,--,--,--,國社×6,--,國社15,--,--,--,--,--,--,--,--,--,--,*
059,南華大學,059252,無,社會工作學系兒少社會工作組,,8,一般,--,--,--,--,底標,--,--,--,--,--,--,6,--,--,--,社會7,--,--,--,--,--,--,--,--,--,--,*
059,南華大學,059262,無,社會工作學系醫務社會工作組,,6,一般,--,--,--,--,底標,--,--,--,--,--,--,--,--,國英社×8,--,國英社11,--,--,--,--,--,--,--,--,--,--,--
059,南華大學,059272,無,傳播學系廣告公關新聞組,,10,一般,底標,--,--,--,--,--,--,5,--,--,--,--,--,--,--,國文8,--,--,--,--,--,--,--,--,--,--,*
059,南華大學,059282,無,傳播學系數位影音製作組,,15,一般,--,--,--,--,底標,--,--,--,--,--,--,3,--,--,--,社會9,--,--,--,--,--,--,--,--,--,--,*
059,南華大學,059292,無,傳播學系影劇表演藝術組,,9,一般,底標,--,--,--,--,--,--,--,--,--,--,--,--,國社×5.5,--,國社14,--,--,--,--,--,--,--,--,--,--,--
059,南華大學,059302,無,國際事務與企業學系,,10,一般,--,--,--,--,底標,--,--,--,--,--,--,5,--,--,--,社會7,--,--,--,--,--,--,--,--,--,--,--
059,南華大學,059312,無,國際事務與企業學系國際政經與貿易組,,6,一般,底標,--,--,--,--,--,--,8,--,--,--,--,--,--,--,國文7,--,--,--,--,--,--,--,--,--,--,--
059,南華大學,059322,無,國際事務與企業學系公共事務與管理組,,9,一般,底標,--,--,--,--,--,--,5.5,--,--,--,--,--,--,--,國文7,--,--,--,--,--,--,--,--,--,--,--
059,南華大學,059332,無,視覺藝術與設計學系繪畫文創組,,6,一般,底標,--,--,--,--,--,--,8,--,--,--,--,--,--,--,國文8,--,--,--,--,--,--,--,--,--,--,*
059,南華大學,059342,無,視覺藝術與設計學系數位設計組,,6,一般,--,--,--,--,底標,--,--,--,--,--,--,8,--,--,--,社會9,--,--,--,--,--,--,--,--,--,--,*
059,南華大學,059352,無,音樂跨域設計與藝術管理學士學位學程展演創作組,,7,一般,底標,--,--,--,--,--,--,7,--,--,--,--,--,--,--,國文7,--,--,--,--,--,--,--,--,--,--,--
059,南華大學,059362,無,音樂跨域設計與藝術管理學士學位學程藝術管理組,,9,一般,--,--,--,--,底標,--,--,--,--,--,--,5.5,--,--,--,社會7,--,--,--,--,--,--,--,--,--,--,--
059,南華大學,059372,無,建築學系,,10,一般,底標,--,--,--,--,--,--,5,--,--,--,--,--,--,--,國文9,--,--,--,--,--,--,--,--,--,--,*
059,南華大學,059382,無,建築學系社會組,,7,一般,底標,--,--,--,--,--,--,--,--,--,--,--,--,國社×7,--,國社9,--,--,--,--,--,--,--,--,--,--,--
059,南華大學,059392,無,建築學系自然組,,14,一般,底標,--,--,--,--,--,--,--,--,--,--,--,--,國自×3.5,--,國自11,--,--,--,--,--,--,--,--,--,--,--
059,南華大學,059402,無,產品與室內設計學系,,10,一般,底標,--,--,--,--,--,--,5,--,--,--,--,--,--,--,國文8,--,--,--,--,--,--,--,--,--,--,*
059,南華大學,059412,無,產品與室內設計學系(青年儲蓄帳戶組),,1,一般,底標,--,--,--,--,--,--,--,--,--,--,--,--,--,--,--,--,--,--,--,--,--,--,--,--,--,--
059,南華大學,059422,無,資訊工程學系,,13,一般,--,--,底標,底標,--,--,--,3.5,--,--,--,--,--,--,--,國文9,--,--,--,--,--,--,--,--,--,--,*
059,南華大學,059432,無,資訊工程學系人工智慧科技組,,12,一般,--,--,底標,底標,--,--,--,--,--,--,--,--,4,--,--,--,--,--,--,--,--,--,--,--,--,--,--
059,南華大學,059442,無,資訊工程學系資訊電子組,,11,一般,--,--,底標,底標,--,--,--,--,--,--,--,--,--,國自×4.5,--,國自13,--,--,--,--,--,--,--,--,--,--,*
059,南華大學,059452,無,資訊工程學系互動遊戲設計組,,13,一般,--,--,底標,底標,--,--,--,--,--,--,--,--,--,國英×3.5,--,國英11,--,--,--,--,--,--,--,--,--,--,--
059,南華大學,059462,無,自然生物科技學系,,12,一般,--,--,--,--,--,底標,--,--,--,--,--,--,4,--,--,自然7,--,--,--,--,--,--,--,--,--,--,*
059,南華大學,059472,無,自然生物科技學系生技療癒組,,11,一般,--,--,--,--,底標,--,--,--,--,--,--,4.5,--,--,--,社會7,--,--,--,--,--,--,--,--,--,--,--
059,南華大學,059482,無,自然生物科技學系食品生技組,,12,一般,底標,--,--,--,--,--,--,4,--,--,--,--,--,--,--,國文8,--,--,--,--,--,--,--,--,--,--,*
059,南華大學,059492,無,資訊管理學系,,10,一般,底標,--,--,--,--,--,--,5,--,--,--,--,--,--,--,國文8,--,--,--,--,--,--,--,--,--,--,*
059,南華大學,059502,無,資訊管理學系人工智慧應用組,,9,一般,--,--,--,--,--,底標,--,--,--,--,--,--,--,國自×5.5,--,國自8,--,--,--,--,--,--,--,--,--,--,--
059,南華大學,059512,無,資訊管理學系大數據分析組,,10,一般,--,--,--,--,--,底標,--,--,--,--,--,--,5,--,--,自然5,--,--,--,--,--,--,--,--,--,--,--
059,南華大學,059522,無,半導體應用學士學位學程IC設計組,,10,一般,--,--,--,--,--,底標,--,--,--,--,--,--,5,--,--,自然5,--,--,--,--,--,--,--,--,--,--,--
059,南華大學,059532,無,半導體應用學士學位學程IC製程組,,9,一般,--,--,底標,底標,--,--,--,5.5,--,--,--,--,--,--,--,國文5,--,--,--,--,--,--,--,--,--,--,--
059,南華大學,059542,無,半導體應用學士學位學程封裝與材料組,,9,一般,--,底標,--,--,--,--,--,--,5.5,--,--,--,--,--,--,英文3,--,--,--,--,--,--,--,--,--,--,--
060,國立臺灣體育運動大學,060012,無,體育學系(一般組),,37,一般,--,底標,--,--,--,--,--,3,3,--,--,--,--,--,--,(國文+英文)16,--,--,--,--,--,--,--,--,--,--,*
060,國立臺灣體育運動大學,060022,無,體育學系(青年儲蓄帳戶組),,1,一般,底標,--,--,--,--,--,--,--,--,--,--,--,--,--,--,--,--,--,--,--,--,--,--,--,--,--,--
060,國立臺灣體育運動大學,060032,無,休閒運動學系,,15,一般,底標,底標,--,--,--,--,--,3,3,--,--,--,--,--,--,(國文+英文)16,--,--,--,--,--,--,--,--,--,--,*
060,國立臺灣體育運動大學,060042,無,運動事業管理學系,,20,一般,後標,後標,--,--,後標,--,--,3,3,--,--,--,--,--,--,(國文+英文)16,--,--,--,--,--,--,--,--,--,--,*
060,國立臺灣體育運動大學,060052,無,運動健康科學學系,,29,一般,後標,後標,--,--,--,後標,--,3,3,--,--,--,3,--,--,(國文+英文+自然)28,--,--,--,--,--,--,--,--,--,--,*
060,國立臺灣體育運動大學,060062,無,運動資訊與傳播學系,,10,一般,後標,後標,--,後標,後標,--,--,4,4,--,4,4,--,--,--,(國文+英文+數學B+社會)35,--,--,--,--,--,--,--,--,--,--,*
060,國立臺灣體育運動大學,060072,無,體育學系(運動專長組),,31,術科(美術/體育/音樂),--,--,--,--,--,--,--,--,--,--,--,--,--,國英×10,--,國英3,--,--,--,--,--,--,--,--,--,--,--
063,國立臺南藝術大學,063012,無,藝術史與文化資產學系,,15,一般,--,--,--,--,均標,--,--,10,--,--,--,3,--,--,--,國文5,社會12,--,--,--,--,--,--,--,--,--,*
063,國立臺南藝術大學,063022,無,應用音樂學系,,27,術科(美術/體育/音樂),後標,後標,--,--,--,--,--,13,6,--,--,--,--,--,--,國文9,英文5,--,--,--,--,--,--,--,--,--,--
063,國立臺南藝術大學,063032,無,材質創作與設計系,,21,術科(美術/體育/音樂),--,--,--,--,--,--,--,--,--,--,--,--,--,--,素描(檢定後標、倍率6)；創意表現(檢定後標、倍率8),創意表现66,素描66,--,--,--,--,--,--,--,--,--,*
063,國立臺南藝術大學,063042,無,材質創作與設計系(青年儲蓄帳戶組),,1,術科(美術/體育/音樂),均標,均標,--,--,--,--,--,--,--,--,--,--,--,--,--,--,--,--,--,--,--,--,--,--,--,--,--
065,玄奘大學,065012,無,社會工作學系,,2,一般,底標,--,--,--,--,--,--,25,--,--,--,--,--,--,--,國文7,--,--,--,--,--,--,--,--,--,--,--
065,玄奘大學,065022,無,應用心理學系,,28,一般,底標,--,--,--,--,--,--,3,--,--,--,--,--,--,--,國文9,--,--,--,--,--,--,--,--,--,--,*
065,玄奘大學,065032,無,法律學系,,17,一般,底標,--,--,--,--,--,--,3,--,--,--,--,--,--,--,國文8,--,--,--,--,--,--,--,--,--,--,*
065,玄奘大學,065042,無,大眾傳播學系,,13,一般,底標,--,--,--,--,--,--,3.5,--,--,--,--,--,--,--,國文8,--,--,--,--,--,--,--,--,--,--,*
065,玄奘大學,065052,無,應用日語學系,,11,一般,底標,--,--,--,--,--,--,4.5,--,--,--,--,--,--,--,國文7,--,--,--,--,--,--,--,--,--,--,*
065,玄奘大學,065062,無,餐旅管理學系,,5,一般,底標,--,--,--,--,--,--,10,--,--,--,--,--,--,--,國文7,--,--,--,--,--,--,--,--,--,--,--
065,玄奘大學,065072,無,視覺傳達設計學系,,20,術科(美術/體育/音樂),--,--,--,--,--,--,--,5,--,--,--,--,--,--,--,國文3,--,--,--,--,--,--,--,--,--,--,--
065,玄奘大學,065082,無,藝術與創意設計學系,,14,術科(美術/體育/音樂),--,--,--,--,--,--,--,5,--,--,--,--,--,--,--,國文6,--,--,--,--,--,--,--,--,--,--,*
079,真理大學,079012,無,人文與資訊學系,,5,一般,--,--,--,--,底標,--,--,--,--,--,--,10,--,--,--,社會7,--,--,--,--,--,--,--,--,--,--,--
079,真理大學,079022,無,宗教文化與資訊管理學系,,2,一般,底標,--,--,--,--,--,--,25,--,--,--,--,--,--,--,國文7,--,--,--,--,--,--,--,--,--,--,--
079,真理大學,079032,無,宗教文化與資訊管理學系生命關懷組,,2,一般,底標,--,--,--,--,--,--,25,--,--,--,25,--,--,--,(國文+社會)12,--,--,--,--,--,--,--,--,--,--,--
079,真理大學,079042,無,宗教文化與資訊管理學系資訊與文創組,,3,一般,--,--,--,--,底標,--,--,16,--,--,--,25,--,--,--,社會7,國文3,--,--,--,--,--,--,--,--,--,--
079,真理大學,079052,無,應用日語學系,,12,一般,底標,--,--,--,--,--,--,5,5,--,--,4,--,--,--,(國文+英文)13,社會9,--,--,--,--,--,--,--,--,--,*
079,真理大學,079062,無,應用日語學系(青年儲蓄帳戶組),,1,一般,底標,--,--,--,--,--,--,--,--,--,--,--,--,--,--,--,--,--,--,--,--,--,--,--,--,--,--
079,真理大學,079072,無,資訊工程學系人工智慧應用組,,6,一般,底標,--,--,--,--,--,--,--,8,--,--,--,--,--,--,英文5,--,--,--,--,--,--,--,--,--,--,*
079,真理大學,079082,無,資訊工程學系多媒體遊戲設計組,,5,一般,底標,--,--,--,--,--,--,10,--,--,--,--,--,--,--,國文8,--,--,--,--,--,--,--,--,--,--,*
079,真理大學,079102,無,資訊工程學系(青年儲蓄帳戶組),,1,一般,底標,--,--,--,--,--,--,--,--,--,--,--,--,--,--,--,--,--,--,--,--,--,--,--,--,--,--
079,真理大學,079112,無,法律學系財經科技法律組,,4,一般,底標,--,--,--,--,--,--,--,--,--,--,12.5,--,--,--,社會8,--,--,--,--,--,--,--,--,--,--,*
079,真理大學,079122,無,法律學系法律應用實務組,,9,一般,底標,--,--,--,--,--,--,5.5,--,--,--,--,--,--,--,國文9,--,--,--,--,--,--,--,--,--,--,*
079,真理大學,079132,無,財務金融學系,,13,一般,--,--,--,--,底標,--,--,--,--,--,--,3.5,--,--,--,社會8,--,--,--,--,--,--,--,--,--,--,*
079,真理大學,079142,無,財務金融學系(青年儲蓄帳戶組),,1,一般,--,--,--,--,底標,--,--,--,--,--,--,--,--,--,--,--,--,--,--,--,--,--,--,--,--,--,--
079,真理大學,079152,無,國際經營與貿易學系,,5,一般,底標,--,--,--,--,--,--,10,--,--,--,--,--,--,--,國文8,--,--,--,--,--,--,--,--,--,--,*
079,真理大學,079162,無,國際經營與貿易學系(青年儲蓄帳戶組),,1,一般,底標,--,--,--,--,--,--,--,--,--,--,--,--,--,--,--,--,--,--,--,--,--,--,--,--,--,--
079,真理大學,079172,無,經濟學系,,6,一般,--,--,--,--,底標,--,--,--,--,--,--,8,--,--,--,社會9,--,--,--,--,--,--,--,--,--,--,*
079,真理大學,079182,無,企業管理學系,,6,一般,--,--,--,--,底標,--,--,--,--,--,--,8,--,--,--,社會9,--,--,--,--,--,--,--,--,--,--,*
079,真理大學,079192,無,運動管理學系,,4,一般,--,--,--,--,底標,--,--,--,--,--,--,12,--,--,--,社會9,--,--,--,--,--,--,--,--,--,--,*
079,真理大學,079202,無,運動資訊傳播學系,,3,一般,底標,--,--,--,--,--,--,16.5,--,--,--,--,--,--,--,國文7,--,--,--,--,--,--,--,--,--,--,*
079,真理大學,079212,無,運動資訊傳播學系(青年儲蓄帳戶組),,1,一般,底標,--,--,--,--,--,--,--,--,--,--,--,--,--,--,--,--,--,--,--,--,--,--,--,--,--,--
079,真理大學,079222,無,觀光事業學系,,10,一般,底標,--,--,--,--,--,--,5,--,--,--,--,--,--,--,國文8,--,--,--,--,--,--,--,--,--,--,*
079,真理大學,079232,無,航空事業學系,,6,一般,底標,--,--,--,--,--,--,8,9,--,--,--,--,--,--,英文2,國文7,--,--,--,--,--,--,--,--,--,--
079,真理大學,079092,無,資訊工程學系(APCS組),,3,APCS,底標,--,--,--,--,--,--,20,--,--,--,--,--,--,程式識讀(檢定--、倍率15)；程式實作(檢定--、倍率15),國文7,--,--,--,--,--,--,--,--,--,--,--
079,真理大學,079242,無,音樂應用學系-跨域應用組,,5,術科(美術/體育/音樂),底標,--,--,--,--,--,--,15,--,--,--,--,--,--,--,國文7,--,--,--,--,--,--,--,--,--,--,--
079,真理大學,079252,無,音樂應用學系-音樂表演組,,2,術科(美術/體育/音樂),底標,--,--,--,--,--,--,15,--,--,--,--,--,--,--,國文7,--,--,--,--,--,--,--,--,--,--,--
099,國立臺北大學,099012,無,法律學系法學組,,26,一般,前標,前標,--,均標,前標,--,--,--,--,--,--,--,--,國英數B社×3,--,國英數B社50,--,--,--,--,--,--,--,--,--,--,*
099,國立臺北大學,099022,無,法律學系法學組(飛鳶組),,1,一般,前標,前標,--,均標,前標,--,--,--,--,--,--,--,--,國英數B社×3,--,國英數B社45,--,--,--,--,--,--,--,--,--,--,--
099,國立臺北大學,099032,無,法律學系司法組,,26,一般,前標,前標,--,均標,前標,--,--,--,--,--,--,--,--,國英數B社×3,--,國英數B社51,--,--,--,--,--,--,--,--,--,--,*
099,國立臺北大學,099042,無,法律學系司法組(飛鳶組),,1,一般,前標,前標,--,均標,前標,--,--,--,--,--,--,--,--,國英數B社×3,--,國英數B社49,--,--,--,--,--,--,--,--,--,--,--
099,國立臺北大學,099052,無,法律學系財經法組,,26,一般,前標,前標,--,均標,前標,--,--,--,--,--,--,--,--,國英數B社×3,--,國英數B社50,--,--,--,--,--,--,--,--,--,--,*
099,國立臺北大學,099062,無,法律學系財經法組(飛鳶組),,1,一般,前標,前標,--,均標,前標,--,--,--,--,--,--,--,--,國英數B社×3,--,國英數B社47,--,--,--,--,--,--,--,--,--,--,--
099,國立臺北大學,099072,無,企業管理學系,,54,一般,均標,均標,均標,--,--,--,--,--,--,--,--,--,--,國英數A×3,--,國英數A35,--,--,--,--,--,--,--,--,--,--,*
099,國立臺北大學,099082,無,企業管理學系(飛鳶組),,2,一般,均標,均標,均標,--,--,--,--,--,10,--,--,--,--,國英數A×5,--,英文8,國英數A29,--,--,--,--,--,--,--,--,--,--
099,國立臺北大學,099092,無,金融與合作經營學系,,29,一般,均標,均標,均標,--,--,--,--,--,--,--,--,--,--,國英數A×3,--,國英數A37,--,--,--,--,--,--,--,--,--,--,*
099,國立臺北大學,099102,無,金融與合作經營學系(飛鳶組),,2,一般,均標,均標,均標,--,--,--,--,--,--,--,--,--,--,國英數A×3,--,國英數A30,--,--,--,--,--,--,--,--,--,--,--
099,國立臺北大學,099112,無,會計學系,,64,一般,均標,均標,均標,--,均標,--,--,--,3,6,--,--,--,國英數A社×8,--,國英數A社39,數學A8,英文12,--,--,--,--,--,--,--,--,*
099,國立臺北大學,099122,無,會計學系(飛鳶組),,1,一般,均標,均標,均標,--,均標,--,--,--,5,6,--,--,--,國英數A社×10,--,國英數A社43,數學A8,英文9,--,--,--,--,--,--,--,--,--
099,國立臺北大學,099132,無,統計學系,,29,一般,均標,均標,均標,--,--,--,--,--,--,--,--,--,--,國英數A×3,--,國英數A36,--,--,--,--,--,--,--,--,--,--,*
099,國立臺北大學,099142,無,統計學系(飛鳶組),,1,一般,均標,均標,均標,--,--,--,--,--,--,--,--,--,--,國英數A×3,--,國英數A31,--,--,--,--,--,--,--,--,--,--,--
099,國立臺北大學,099152,無,休閒運動管理學系,,25,一般,--,均標,--,--,--,--,--,--,3,--,10,--,--,--,--,數學B2,英文12,--,--,--,--,--,--,--,--,--,*
099,國立臺北大學,099162,無,休閒運動管理學系(飛鳶組),,1,一般,--,均標,--,--,--,--,--,--,5,--,10,--,--,--,--,數學B4,英文8,--,--,--,--,--,--,--,--,--,--
099,國立臺北大學,099172,無,公共行政暨政策學系,,46,一般,均標,均標,--,--,均標,--,--,5,7,--,--,3,--,--,--,英文11,國文12,社會13,--,--,--,--,--,--,--,--,*
099,國立臺北大學,099182,無,公共行政暨政策學系(飛鳶組),,2,一般,均標,均標,--,--,均標,--,--,6,7,--,--,5,--,--,--,英文9,國文11,社會12,--,--,--,--,--,--,--,--,--
099,國立臺北大學,099192,無,財政學系,,29,一般,均標,均標,均標,--,均標,--,--,--,3,4,--,--,--,國英數A社×5,--,國英數A社47,數學A9,英文12,--,--,--,--,--,--,--,--,*
099,國立臺北大學,099202,無,財政學系(飛鳶組),,1,一般,均標,均標,均標,--,均標,--,--,--,5,6,--,--,--,國英數A社×7,--,--,--,--,--,--,--,--,--,--,--,--,--
099,國立臺北大學,099212,無,不動產與城鄉環境學系甲組,,31,一般,前標,均標,均標,--,--,--,--,--,--,--,--,--,--,國英數A×3,--,國英數A34,--,--,--,--,--,--,--,--,--,--,*
099,國立臺北大學,099222,無,不動產與城鄉環境學系乙組,,31,一般,--,均標,--,均標,前標,--,--,--,--,--,--,--,--,英數B社×3,--,英數B社34,--,--,--,--,--,--,--,--,--,--,*
099,國立臺北大學,099232,無,不動產與城鄉環境學系(飛鳶組),,2,一般,均標,均標,--,均標,--,--,--,--,6,--,7,--,--,--,--,數學B8,英文10,--,--,--,--,--,--,--,--,--,--
099,國立臺北大學,099242,無,經濟學系,,53,一般,均標,均標,均標,--,均標,--,--,3,--,10,--,--,--,--,--,數學A9,國文13,--,--,--,--,--,--,--,--,--,*
099,國立臺北大學,099252,無,經濟學系(飛鳶組),,2,一般,均標,均標,均標,--,均標,--,--,3,--,10,--,--,--,--,--,數學A8,國文11,--,--,--,--,--,--,--,--,--,--
099,國立臺北大學,099262,無,社會學系,,28,一般,--,均標,--,均標,均標,--,--,--,3,--,10,10,--,--,--,(數學B+社會)15,英文11,--,--,--,--,--,--,--,--,--,*
099,國立臺北大學,099272,無,社會學系(飛鳶組),,1,一般,--,均標,--,均標,均標,--,--,--,3,--,10,10,--,--,--,(數學B+社會)17,英文9,--,--,--,--,--,--,--,--,--,--
099,國立臺北大學,099282,無,社會工作學系,,25,一般,均標,均標,--,均標,--,--,--,--,--,--,--,--,--,國英×3,--,國英24,--,--,--,--,--,--,--,--,--,--,*
099,國立臺北大學,099292,無,社會工作學系(飛鳶組),,1,一般,均標,均標,--,均標,--,--,--,6,6,--,6,--,--,--,--,(國文+英文+數學B)26,--,--,--,--,--,--,--,--,--,--,--
099,國立臺北大學,099302,無,中國文學系,,24,一般,均標,--,--,--,均標,--,--,--,--,--,--,--,--,國社×3,--,國社27,--,--,--,--,--,--,--,--,--,--,--
099,國立臺北大學,099312,無,中國文學系(飛鳶組),,2,一般,前標,均標,--,--,均標,--,--,4,8,--,--,10,--,--,--,社會10,英文8,國文12,--,--,--,--,--,--,--,--,--
099,國立臺北大學,099322,無,應用外語學系,,23,一般,均標,均標,--,--,--,--,--,3,--,--,--,--,--,--,--,國文13,--,--,--,--,--,--,--,--,--,--,*
099,國立臺北大學,099332,無,應用外語學系(飛鳶組),,2,一般,均標,均標,--,均標,--,--,--,3,4,--,--,--,--,--,--,英文11,國文11,--,--,--,--,--,--,--,--,--,--
099,國立臺北大學,099342,無,歷史學系,,14,一般,均標,--,--,--,均標,--,--,--,--,--,--,--,--,國社×3.5,--,國社27,--,--,--,--,--,--,--,--,--,--,*
099,國立臺北大學,099352,無,歷史學系(飛鳶組),,3,一般,均標,--,--,--,均標,--,--,7,--,--,--,4,--,--,--,國文10,社會12,--,--,--,--,--,--,--,--,--,*
099,國立臺北大學,099362,無,資訊工程學系,,32,一般,--,均標,均標,--,--,均標,--,--,6,3,--,--,6,--,--,(英文+自然)23,數學A12,--,--,--,--,--,--,--,--,--,*
099,國立臺北大學,099382,無,資訊工程學系(飛鳶組),,1,一般,--,均標,均標,--,--,--,--,--,6,6,--,--,--,--,--,(英文+數學A)21,--,--,--,--,--,--,--,--,--,--,*
099,國立臺北大學,099392,無,通訊工程學系,,25,一般,--,均標,均標,--,--,均標,--,--,--,--,--,--,--,英數A自×3,--,英數A自36,--,--,--,--,--,--,--,--,--,--,*
099,國立臺北大學,099402,無,通訊工程學系(飛鳶組),,1,一般,--,均標,均標,--,--,均標,--,--,--,--,--,--,--,英數A自×3,--,英數A自29,--,--,--,--,--,--,--,--,--,--,--
099,國立臺北大學,099412,無,電機工程學系,,22,一般,--,均標,均標,--,--,均標,--,--,--,--,--,--,--,英數A自×3,--,英數A自38,--,--,--,--,--,--,--,--,--,--,*
099,國立臺北大學,099422,無,電機工程學系(飛鳶組),,2,一般,--,均標,均標,--,--,均標,--,--,--,--,--,--,--,英數A自×3,--,英數A自32,--,--,--,--,--,--,--,--,--,--,*
099,國立臺北大學,099372,無,資訊工程學系(APCS組),-均棵均棵4,2,APCS,--,均標,均標,--,--,--,--,--,10,10,--,--,--,--,程式識讀(檢定4級、倍率6)；程式實作(檢定3級、倍率6),(英文+數學A)20,(APCS識讀+APCS實作)7,--,--,--,--,--,--,--,--,--,*
100,國立嘉義大學,100012,無,教育學系,,20,一般,後標,--,--,--,--,--,--,3,--,--,10,--,--,--,--,數學B4,國文12,--,--,--,--,--,--,--,--,--,*
100,國立嘉義大學,100022,無,教育學系(公費生A組),,1,一般,前標,頂標,--,均標,均標,--,--,--,6,--,--,--,--,--,--,英文13,--,--,--,--,--,--,--,--,--,--,--
100,國立嘉義大學,100032,無,教育學系(公費生B組),,1,一般,前標,頂標,--,均標,均標,--,--,--,6,--,--,--,--,--,--,英文13,--,--,--,--,--,--,--,--,--,--,--
100,國立嘉義大學,100042,無,輔導與諮商學系,,22,一般,均標,均標,--,底標,--,--,--,3,8,--,--,--,--,--,--,英文8,國文13,--,--,--,--,--,--,--,--,--,*
100,國立嘉義大學,100052,無,特殊教育學系,,19,一般,後標,--,--,--,--,--,--,3,6,--,--,--,--,--,--,英文2,國文11,--,--,--,--,--,--,--,--,--,*
100,國立嘉義大學,100062,無,幼兒教育學系,,25,一般,均標,--,--,--,均標,--,--,4,--,--,--,3,--,--,--,國文10,社會11,--,--,--,--,--,--,--,--,--,*
100,國立嘉義大學,100072,無,數位學習設計與管理學系,,20,一般,後標,--,--,--,--,--,--,10,--,--,--,--,--,國英×3,--,國文9,國英21,--,--,--,--,--,--,--,--,--,*
100,國立嘉義大學,100082,無,中國文學系,,21,一般,均標,--,--,--,底標,--,--,3,--,--,--,9,--,--,--,社會7,國文13,--,--,--,--,--,--,--,--,--,*
100,國立嘉義大學,100092,無,應用歷史學系,,20,一般,均標,--,--,--,均標,--,--,6,--,--,--,3,--,國社×8,--,國社21,國文10,社會13,--,--,--,--,--,--,--,--,*
100,國立嘉義大學,100102,無,外國語言學系英語教學組,,29,一般,--,均標,--,--,--,--,--,--,3,--,--,--,--,--,--,英文10,--,--,--,--,--,--,--,--,--,--,*
100,國立嘉義大學,100112,無,外國語言學系應用外語組,,29,一般,--,均標,--,--,--,--,--,--,3,--,--,--,--,--,--,英文9,--,--,--,--,--,--,--,--,--,--,*
100,國立嘉義大學,100122,無,企業管理學系,,22,一般,後標,均標,--,後標,--,--,--,12,3,--,8,--,--,--,--,國文9,數學B3,英文10,--,--,--,--,--,--,--,--,*
100,國立嘉義大學,100132,無,應用經濟學系,,21,一般,後標,後標,--,均標,--,--,--,10,3,--,15,--,--,--,--,數學B5,國文9,英文10,--,--,--,--,--,--,--,--,*
100,國立嘉義大學,100142,無,科技管理學系,,23,一般,--,後標,--,--,--,--,--,--,--,--,--,--,--,國英數B×3,--,國英數B27,--,--,--,--,--,--,--,--,--,--,*
100,國立嘉義大學,100152,無,資訊管理學系,,25,一般,--,--,--,均標,--,--,--,8,3,--,5,--,--,--,--,國文4,數學B6,英文9,--,--,--,--,--,--,--,--,*
100,國立嘉義大學,100162,無,資訊管理學系(資安組),,3,一般,--,--,--,均標,--,--,--,8,3,--,5,--,--,--,--,國文6,數學B6,英文9,--,--,--,--,--,--,--,--,*
100,國立嘉義大學,100172,無,行銷與觀光管理學系,,20,一般,--,後標,--,--,--,--,--,--,--,--,--,--,--,國英社×3,--,國英社31,--,--,--,--,--,--,--,--,--,--,*
100,國立嘉義大學,100182,無,行銷與觀光管理學系(青年儲蓄帳戶組),,3,一般,後標,均標,--,--,後標,--,--,--,--,--,--,--,--,--,--,--,--,--,--,--,--,--,--,--,--,--,--
100,國立嘉義大學,100192,無,財務金融學系,,22,一般,--,--,--,均標,--,--,--,10,3,--,3,--,--,--,--,國文5,(英文+數學B)19,--,--,--,--,--,--,--,--,--,*
100,國立嘉義大學,100202,無,財務金融學系(青年儲蓄帳戶組),,1,一般,--,均標,--,--,--,--,--,--,--,--,--,--,--,--,--,--,--,--,--,--,--,--,--,--,--,--,--
100,國立嘉義大學,100212,無,農藝學系,,20,一般,--,--,--,--,--,底標,--,--,--,--,--,--,3,--,--,自然10,--,--,--,--,--,--,--,--,--,--,--
100,國立嘉義大學,100222,無,園藝學系,,20,一般,底標,--,--,--,--,--,--,--,--,--,--,--,3,--,--,自然10,--,--,--,--,--,--,--,--,--,--,*
100,國立嘉義大學,100232,無,森林暨自然資源學系,,22,一般,--,--,--,--,--,底標,--,8,6,--,--,--,3,--,--,國文9,英文6,自然10,--,--,--,--,--,--,--,--,*
100,國立嘉義大學,100242,無,木質材料與設計學系,,18,一般,--,底標,--,--,--,底標,--,--,--,--,--,--,3,--,--,自然9,--,--,--,--,--,--,--,--,--,--,*
100,國立嘉義大學,100252,無,動物科學系,,24,一般,--,後標,--,--,--,後標,--,--,--,--,--,--,--,英數A自×3,--,英數A自31,--,--,--,--,--,--,--,--,--,--,*
100,國立嘉義大學,100262,無,農業生物科技學系,,19,一般,--,底標,--,--,--,底標,--,--,--,--,--,--,5,國英×3,--,自然10,國英18,--,--,--,--,--,--,--,--,--,*
100,國立嘉義大學,100272,無,景觀學系,,20,一般,底標,--,--,--,--,--,--,3,3,--,--,3,3,--,--,(國文+英文+社會+自然)34,--,--,--,--,--,--,--,--,--,--,*
100,國立嘉義大學,100282,無,植物醫學系,,18,一般,--,--,--,--,--,底標,--,--,5,--,--,--,3,--,--,英文7,自然10,--,--,--,--,--,--,--,--,--,*
100,國立嘉義大學,100292,無,電子物理學系,,19,一般,--,--,均標,--,--,均標,--,--,--,3,--,--,8,--,--,自然9,數學A11,--,--,--,--,--,--,--,--,--,*
100,國立嘉義大學,100302,無,應用化學系,,17,一般,--,--,--,--,--,均標,--,--,--,--,--,--,3,--,--,自然12,--,--,--,--,--,--,--,--,--,--,*
100,國立嘉義大學,100312,無,應用數學系,,23,一般,--,--,均標,--,--,--,--,--,--,3,--,--,--,--,--,數學A10,--,--,--,--,--,--,--,--,--,--,*
100,國立嘉義大學,100322,無,資訊工程學系,,16,一般,--,--,均標,--,--,--,--,--,--,--,--,--,--,國英數A×3,--,國英數A32,--,--,--,--,--,--,--,--,--,--,*
100,國立嘉義大學,100342,無,生物機電工程學系,,20,一般,--,均標,--,--,--,均標,--,--,5,8,--,--,3,--,--,數學A5,英文9,自然11,--,--,--,--,--,--,--,--,*
100,國立嘉義大學,100352,無,生物機電工程學系(青年儲蓄帳戶組),,1,一般,--,均標,--,--,--,均標,--,--,--,--,--,--,--,--,--,--,--,--,--,--,--,--,--,--,--,--,--
100,國立嘉義大學,100362,無,土木與水資源工程學系,,23,一般,--,--,--,--,--,後標,--,--,--,--,--,--,3,--,--,自然11,--,--,--,--,--,--,--,--,--,--,*
100,國立嘉義大學,100372,無,電機工程學系,,23,一般,--,均標,均標,--,--,均標,--,--,--,--,--,--,--,英數A自×3,--,英數A自33,--,--,--,--,--,--,--,--,--,--,*
100,國立嘉義大學,100382,無,機械與能源工程學系,,21,一般,--,--,--,--,--,均標,--,--,--,--,--,--,--,數A自×3,--,數A自21,--,--,--,--,--,--,--,--,--,--,*
100,國立嘉義大學,100392,無,食品科學系,,18,一般,--,--,--,--,--,後標,--,--,--,--,--,--,3,--,--,自然11,--,--,--,--,--,--,--,--,--,--,*
100,國立嘉義大學,100402,無,水生生物科學系,,22,一般,--,後標,--,--,--,後標,--,--,3,--,--,--,5,--,--,自然7,英文7,--,--,--,--,--,--,--,--,--,*
100,國立嘉義大學,100412,無,生物資源學系,,22,一般,--,--,--,--,--,後標,--,--,8,--,--,--,3,--,--,英文2,自然10,--,--,--,--,--,--,--,--,--,*
100,國立嘉義大學,100422,無,生化科技學系,,22,一般,--,--,--,--,--,底標,--,8,6,--,--,--,3,--,--,國文5,英文4,自然11,--,--,--,--,--,--,--,--,*
100,國立嘉義大學,100432,無,微生物免疫與生物藥學系,,17,一般,--,後標,--,--,--,均標,--,6,4,--,--,--,5,國自×3,--,國文9,自然9,英文9,國自22,--,--,--,--,--,--,--,*
100,國立嘉義大學,100442,無,獸醫學系,,23,一般,--,均標,--,--,--,均標,--,--,4,--,--,--,3,國英數A自×5,--,國英數A自50,英文13,自然13,--,--,--,--,--,--,--,--,*
100,國立嘉義大學,100332,無,資訊工程學系(APCS組),,5,APCS,--,--,均標,--,--,--,--,--,--,--,--,--,--,英數A×12,程式識讀(檢定3級、倍率10)；程式實作(檢定2級、倍率8),英數A12,APCS識讀3,APCS實作2,--,--,--,--,--,--,--,--,--
100,國立嘉義大學,100452,無,音樂學系(A組),鋼琴,3,音樂,--,--,--,--,--,--,--,--,--,--,--,--,--,--,主修(檢定--、倍率--),主修62.93,--,--,--,--,--,--,--,--,--,--,--
100,國立嘉義大學,100452,無,音樂學系(A組),聲樂,1,音樂,--,--,--,--,--,--,--,--,--,--,--,--,--,--,主修(檢定--、倍率--),主修86.29,--,--,--,--,--,--,--,--,--,--,--
100,國立嘉義大學,100452,無,音樂學系(A組),小提琴,3,音樂,--,--,--,--,--,--,--,--,--,--,--,--,--,--,主修(檢定--、倍率--),主修72.86,--,--,--,--,--,--,--,--,--,--,--
100,國立嘉義大學,100452,無,音樂學系(A組),中提琴,1,音樂,--,--,--,--,--,--,--,--,--,--,--,--,--,--,主修(檢定--、倍率--),主修82.36,--,--,--,--,--,--,--,--,--,--,--
100,國立嘉義大學,100452,無,音樂學系(A組),大提琴,2,音樂,--,--,--,--,--,--,--,--,--,--,--,--,--,--,主修(檢定--、倍率--),主修80.36,--,--,--,--,--,--,--,--,--,--,--
100,國立嘉義大學,100452,無,音樂學系(A組),長號,1,音樂,--,--,--,--,--,--,--,--,--,--,--,--,--,--,主修(檢定--、倍率--),主修76.33,--,--,--,--,--,--,--,--,--,--,--
100,國立嘉義大學,100452,無,音樂學系(A組),小號,1,音樂,--,--,--,--,--,--,--,--,--,--,--,--,--,--,主修(檢定--、倍率--),主修76.22,--,--,--,--,--,--,--,--,--,--,--
100,國立嘉義大學,100452,無,音樂學系(A組),法國號,1,音樂,--,--,--,--,--,--,--,--,--,--,--,--,--,--,主修(檢定--、倍率--),主修79.22,--,--,--,--,--,--,--,--,--,--,--
100,國立嘉義大學,100452,無,音樂學系(A組),薩克斯管,1,音樂,--,--,--,--,--,--,--,--,--,--,--,--,--,--,主修(檢定--、倍率--),主修83.33,--,--,--,--,--,--,--,--,--,--,--
100,國立嘉義大學,100452,無,音樂學系(A組),長笛,1,音樂,--,--,--,--,--,--,--,--,--,--,--,--,--,--,主修(檢定--、倍率--),主修80.44,--,--,--,--,--,--,--,--,--,--,--
100,國立嘉義大學,100452,無,音樂學系(A組),單簧管(豎笛),1,音樂,--,--,--,--,--,--,--,--,--,--,--,--,--,--,主修(檢定--、倍率--),主修78.11,--,--,--,--,--,--,--,--,--,--,--
100,國立嘉義大學,100452,無,音樂學系(A組),雙簧管,1,音樂,--,--,--,--,--,--,--,--,--,--,--,--,--,--,主修(檢定--、倍率--),主修84.56,--,--,--,--,--,--,--,--,--,--,--
100,國立嘉義大學,100452,無,音樂學系(A組),聲樂,1,音樂,--,--,--,--,--,--,--,--,--,--,--,--,--,--,主修(檢定--、倍率--),主修84.6,--,--,--,--,--,--,--,--,--,--,--
100,國立嘉義大學,100452,無,音樂學系(A組),理論作曲,1,音樂,--,--,--,--,--,--,--,--,--,--,--,--,--,--,主修(檢定--、倍率--),--,--,--,--,--,--,--,--,--,--,--,--
100,國立嘉義大學,100462,無,音樂學系(B組),,6,術科(美術/體育/音樂),--,--,--,--,--,--,--,15,15,--,--,--,--,--,--,(國文+英文)6,--,--,--,--,--,--,--,--,--,--,--
100,國立嘉義大學,100472,無,視覺藝術學系,,21,術科(美術/體育/音樂),後標,--,--,--,--,--,--,15,--,--,--,--,--,--,素描(檢定底標、倍率10)；彩繪技法(檢定底標、倍率3.5),國文9,素描39,彩繪技法69,--,--,--,--,--,--,--,--,*
100,國立嘉義大學,100482,無,視覺藝術學系(青年儲蓄帳戶組),,1,術科(美術/體育/音樂),底標,--,--,--,--,--,--,--,--,--,--,--,--,--,--,--,--,--,--,--,--,--,--,--,--,--,--
100,國立嘉義大學,100492,無,體育與健康休閒學系,,20,術科(美術/體育/音樂),後標,後標,--,--,--,--,--,6,10,--,--,--,--,國英×3,--,英文5,國文9,國英18,--,--,--,--,--,--,--,--,*
101,國立高雄大學,101012,無,西洋語文學系,,23,一般,--,均標,--,--,--,--,--,--,3,--,--,--,--,--,--,英文12,--,--,--,--,--,--,--,--,--,--,*
101,國立高雄大學,101022,無,運動健康與休閒學系,,31,一般,後標,後標,--,--,--,--,--,3,3,--,--,--,--,--,--,(國文+英文)20,--,--,--,--,--,--,--,--,--,--,*
101,國立高雄大學,101032,無,東亞語文學系日語組,,7,一般,均標,均標,--,--,均標,--,--,8,4,--,--,5,--,--,--,國文11,社會12,英文10,--,--,--,--,--,--,--,--,*
101,國立高雄大學,101042,無,東亞語文學系韓語組,,8,一般,均標,均標,--,--,均標,--,--,8,4,--,--,5,--,--,--,國文10,社會10,英文9,--,--,--,--,--,--,--,--,*
101,國立高雄大學,101052,無,東亞語文學系越語組,,7,一般,均標,均標,--,--,均標,--,--,8,4,--,--,5,--,--,--,國文10,社會10,英文8,--,--,--,--,--,--,--,--,--
101,國立高雄大學,101062,無,法律學系,,19,一般,均標,均標,--,--,均標,--,--,--,--,--,--,--,--,國英社×3,--,國英社38,--,--,--,--,--,--,--,--,--,--,*
101,國立高雄大學,101072,無,政治法律學系,,22,一般,均標,均標,--,--,均標,--,--,3.5,3,--,--,3.5,--,國英社×4,--,國英社37,(國文+社會)25,英文11,--,--,--,--,--,--,--,--,--
101,國立高雄大學,101082,無,財經法律學系,,20,一般,均標,均標,--,均標,--,--,--,3,5,--,5,--,--,--,--,(英文+數學B)19,國文12,--,--,--,--,--,--,--,--,--,*
101,國立高雄大學,101092,無,應用經濟學系,,25,一般,均標,均標,均標,均標,--,--,--,--,3,--,--,--,--,--,--,英文12,--,--,--,--,--,--,--,--,--,--,*
101,國立高雄大學,101102,無,亞太工商管理學系企業管理組,,15,一般,均標,--,--,--,--,--,--,--,--,--,--,--,--,國英數B×3,--,國英數B30,--,--,--,--,--,--,--,--,--,--,*
101,國立高雄大學,101112,無,亞太工商管理學系工業管理組,,15,一般,均標,--,--,--,--,--,--,--,--,--,--,--,--,國英數A×3,--,國英數A30,--,--,--,--,--,--,--,--,--,--,*
101,國立高雄大學,101122,無,資訊管理學系,,14,一般,均標,均標,均標,均標,--,--,--,3,3,--,--,--,--,--,--,(國文+英文)24,--,--,--,--,--,--,--,--,--,--,*
101,國立高雄大學,101142,無,財務金融學系,,20,一般,均標,均標,--,均標,均標,--,--,--,3,--,3,--,--,--,--,(英文+數學B)21,--,--,--,--,--,--,--,--,--,--,*
101,國立高雄大學,101152,無,應用數學系,,29,一般,--,--,均標,--,--,--,--,--,--,3,--,--,--,國數A×8,--,國數A17,數學A11,--,--,--,--,--,--,--,--,--,*
101,國立高雄大學,101162,無,應用化學系,,21,一般,--,--,--,--,--,均標,--,--,--,3,--,--,3,--,--,(數學A+自然)23,--,--,--,--,--,--,--,--,--,--,*
101,國立高雄大學,101172,無,應用物理學系,,21,一般,--,--,均標,--,--,均標,--,--,--,8,--,--,3,--,--,數學A9,自然12,--,--,--,--,--,--,--,--,--,*
101,國立高雄大學,101182,無,生命科學系,,23,一般,--,均標,均標,--,--,均標,--,--,--,--,--,--,3,--,--,自然10,--,--,--,--,--,--,--,--,--,--,*
101,國立高雄大學,101192,無,電機工程學系,,46,一般,--,均標,均標,--,--,均標,--,--,3,3,--,--,3,--,--,(英文+數學A+自然)35,--,--,--,--,--,--,--,--,--,--,*
101,國立高雄大學,101202,無,電機工程學系(青年儲蓄帳戶組),,1,一般,--,均標,--,--,--,均標,--,--,--,--,--,--,--,--,--,--,--,--,--,--,--,--,--,--,--,--,--
101,國立高雄大學,101212,無,土木與環境工程學系土木工程組,,14,一般,均標,--,均標,--,--,均標,--,--,--,--,--,--,--,國數A自×3,--,國數A自34,--,--,--,--,--,--,--,--,--,--,--
101,國立高雄大學,101222,無,土木與環境工程學系環境工程組,,13,一般,均標,--,均標,--,--,均標,--,--,--,--,--,--,--,國數A自×3,--,國數A自33,--,--,--,--,--,--,--,--,--,--,*
101,國立高雄大學,101232,無,化學工程及材料工程學系,,18,一般,--,均標,均標,--,--,均標,--,--,3,3,--,--,3,--,--,(英文+數學A+自然)35,--,--,--,--,--,--,--,--,--,--,*
101,國立高雄大學,101242,無,資訊工程學系,,20,一般,--,均標,均標,--,--,均標,--,--,6,3,--,--,--,--,--,英文8,數學A10,--,--,--,--,--,--,--,--,--,*
101,國立高雄大學,101252,無,資訊工程學系(資安組),,3,一般,--,均標,均標,--,--,均標,--,--,6,3,--,--,--,--,--,英文10,數學A11,--,--,--,--,--,--,--,--,--,--
101,國立高雄大學,101262,無,建築學系,,17,一般,均標,均標,底標,--,--,--,--,8,5,3,--,--,--,--,--,國文11,英文10,數學A8,--,--,--,--,--,--,--,--,*
101,國立高雄大學,101132,無,資訊管理學系(資安組),均棵均棵均棵3,3,APCS,均標,均標,均標,均標,--,--,--,3,3,--,--,--,--,--,程式識讀(檢定3級、倍率5)；程式實作(檢定3級、倍率5),(APCS識讀+APCS實作)6,(國文+英文)21,--,--,--,--,--,--,--,--,--,--
101,國立高雄大學,101272,無,工藝與創意設計學系,,24,術科(美術/體育/音樂),底標,底標,--,--,底標,--,--,8,8,--,--,8,--,--,--,(國文+英文+社會)27,--,--,--,--,--,--,--,--,--,--,*
108,慈濟大學,108012,無,醫學系,,30,一般,頂標,頂標,頂標,--,--,頂標,--,4,4,8,--,--,6,英數A自×3,--,數學A13,自然14,(國文+英文)28,英數A自42,--,--,--,--,--,--,--,*
108,慈濟大學,108022,無,醫學系(公費生),,8,一般,頂標,頂標,頂標,--,--,頂標,--,4,4,8,--,--,6,英數A自×3,--,數學A13,自然14,(國文+英文)27,英數A自41,--,--,--,--,--,--,--,*
108,慈濟大學,108032,無,藥學系,,16,一般,均標,均標,均標,--,--,均標,--,--,--,5,--,--,3,國英數A自×4,--,數學A12,國英數A自52,自然13,--,--,--,--,--,--,--,--,*
108,慈濟大學,108042,無,醫學檢驗生物技術學系,,43,一般,--,後標,--,--,--,後標,--,--,12,--,--,--,3,--,--,英文5,自然9,--,--,--,--,--,--,--,--,--,*
108,慈濟大學,108052,無,物理治療學系,,23,一般,--,後標,後標,--,--,後標,--,--,3,9,--,--,6,--,--,數學A7,自然10,英文12,--,--,--,--,--,--,--,--,*
108,慈濟大學,108062,無,公共衛生學系,,21,一般,--,底標,--,--,--,--,--,--,3,--,--,--,--,--,--,英文5,--,--,--,--,--,--,--,--,--,--,*
108,慈濟大學,108072,無,分子生物暨人類遺傳學系,,20,一般,--,--,--,--,--,底標,--,--,--,--,--,--,3,--,--,自然7,--,--,--,--,--,--,--,--,--,--,*
108,慈濟大學,108082,無,醫學影像暨放射科學系,,22,一般,--,後標,--,--,--,--,--,--,3,--,--,--,--,--,--,英文9,--,--,--,--,--,--,--,--,--,--,*
108,慈濟大學,108092,無,護理學系,,63,一般,--,底標,--,--,--,--,--,--,3,--,--,--,--,--,--,英文5,--,--,--,--,--,--,--,--,--,--,*
108,慈濟大學,108102,無,資訊工程學系,,25,一般,--,--,底標,--,--,--,--,--,--,3,--,--,--,--,--,數學A4,--,--,--,--,--,--,--,--,--,--,--
108,慈濟大學,108112,無,生物醫學暨工程學系,,27,一般,--,--,--,--,--,底標,--,--,3,--,--,--,12,--,--,自然5,英文2,--,--,--,--,--,--,--,--,--,--
108,慈濟大學,108122,無,傳播學系,,11,一般,底標,--,--,--,--,--,--,4,--,--,--,--,--,--,--,國文8,--,--,--,--,--,--,--,--,--,--,*
108,慈濟大學,108132,無,兒童發展與家庭教育學系,,16,一般,底標,--,--,--,--,--,--,3,--,--,--,--,--,--,--,國文8,--,--,--,--,--,--,--,--,--,--,*
108,慈濟大學,108142,無,社會工作學系,,19,一般,底標,--,--,--,--,--,--,3,--,--,--,--,--,--,--,國文9,--,--,--,--,--,--,--,--,--,--,*
108,慈濟大學,108152,無,人類發展與心理學系,,19,一般,底標,--,--,--,--,--,--,3,--,--,--,--,--,--,--,國文9,--,--,--,--,--,--,--,--,--,--,*
108,慈濟大學,108162,無,外語暨新興科技應用學系,,2,一般,--,底標,--,--,--,--,--,--,25,--,--,--,--,--,--,英文3,--,--,--,--,--,--,--,--,--,--,--
108,慈濟大學,108172,無,資訊科技與管理學系,,11,一般,底標,--,--,--,--,--,--,4,--,--,--,--,--,--,--,國文7,--,--,--,--,--,--,--,--,--,--,--
108,慈濟大學,108182,無,醫務暨健康管理學系,,10,一般,底標,--,--,--,--,--,--,5,--,--,--,--,--,--,--,國文9,--,--,--,--,--,--,--,--,--,--,*
108,慈濟大學,108192,無,經營管理學系,,9,一般,底標,--,--,--,--,--,--,5.5,--,--,--,--,--,--,--,國文7,--,--,--,--,--,--,--,--,--,--,--
108,慈濟大學,108202,無,翔飛A組(醫技系、物治系),,2,一般,--,--,--,--,--,後標,--,--,--,--,--,--,25,--,--,自然7,--,--,--,--,--,--,--,--,--,--,--
108,慈濟大學,108212,無,翔飛B組(藥學系),,1,一般,均標,均標,均標,--,--,均標,--,--,--,12,--,--,8,--,--,數學A8,自然9,--,--,--,--,--,--,--,--,--,--
108,慈濟大學,108222,無,翔飛C組(護理學系),,2,一般,--,底標,--,--,--,--,--,--,3,--,--,--,--,--,--,英文4,--,--,--,--,--,--,--,--,--,--,--
108,慈濟大學,108232,無,資訊工程學系(APCS組),,2,APCS,--,--,底標,--,--,--,--,--,--,4,--,--,--,--,程式識讀(檢定2級、倍率3)；程式實作(檢定--、倍率--),數學A5,APCS識讀2,--,--,--,--,--,--,--,--,--,--
109,臺北醫學大學,109012,無,醫學系,,84,一般,頂標,頂標,頂標,--,--,頂標,--,3,3,3,--,--,4,國英數A自×5,--,國英數A自57,自然15,(國文+英文+數學A)43,--,--,--,--,--,--,--,--,*
109,臺北醫學大學,109022,無,牙醫學系,,57,一般,前標,前標,前標,--,--,前標,--,10,3,7,--,--,5,--,--,國文12,數學A12,自然14,英文15,--,--,--,--,--,--,--,*
109,臺北醫學大學,109032,無,藥學系藥學組,,61,一般,--,均標,--,--,--,--,--,--,8,10,--,--,3,--,--,數學A10,英文13,自然14,--,--,--,--,--,--,--,--,*
109,臺北醫學大學,109042,無,藥學系藥學組(英語組),,41,一般,--,頂標,--,--,--,--,A級,3,3,3,--,--,3,--,--,(國文+英文+數學A+自然)53,--,--,--,--,--,--,--,--,--,--,*
109,臺北醫學大學,109052,無,藥學系臨床藥學組,,41,一般,--,均標,--,--,--,--,--,--,--,10,--,--,--,英數A自×3,--,數學A11,英數A自40,--,--,--,--,--,--,--,--,--,*
109,臺北醫學大學,109062,無,醫學檢驗暨生物技術學系,,33,一般,--,--,--,--,--,均標,--,5,10,--,--,--,10,國英數A自×3,--,(英文+自然)20,國文13,國英數A自48,--,--,--,--,--,--,--,--,*
109,臺北醫學大學,109072,無,護理學系,,43,一般,--,均標,均標,均標,--,--,--,--,3,--,--,--,8,--,--,--,英文12,--,--,--,--,--,--,--,--,--,*
109,臺北醫學大學,109082,無,保健營養學系,,39,一般,--,--,均標,均標,--,--,--,--,10,--,--,--,3,--,--,英文3,自然12,--,--,--,--,--,--,--,--,--,*
109,臺北醫學大學,109092,無,公共衛生學系,,24,一般,--,均標,--,--,--,--,--,--,20,3,--,--,3,--,--,英文8,(數學A+自然)21,--,--,--,--,--,--,--,--,--,*
109,臺北醫學大學,109102,無,醫務管理學系,,29,一般,--,均標,--,均標,--,--,--,4,8,--,3,3,--,--,--,英文8,國文11,(數學B+社會)21,--,--,--,--,--,--,--,--,*
109,臺北醫學大學,109112,無,呼吸治療學系,,26,一般,--,--,--,--,--,均標,--,3,3,--,--,--,3,--,--,(國文+英文+自然)37,--,--,--,--,--,--,--,--,--,--,*
109,臺北醫學大學,109122,無,高齡健康暨長期照護學系,,27,一般,--,均標,後標,均標,--,--,--,--,3,--,--,--,--,--,--,英文11,--,--,--,--,--,--,--,--,--,--,*
109,臺北醫學大學,109132,無,牙體技術學系,,25,一般,均標,均標,--,--,--,均標,--,10,7,--,--,--,3,--,--,國文11,英文10,自然11,--,--,--,--,--,--,--,--,*
109,臺北醫學大學,109142,無,口腔衛生學系,,20,一般,--,後標,--,--,--,--,--,--,3,--,--,3,--,--,--,(英文+社會)22,--,--,--,--,--,--,--,--,--,--,*
109,臺北醫學大學,109152,無,生物醫學工程學系,,19,一般,--,--,--,--,--,均標,--,10,--,--,--,--,10,國數A自×3,--,(國文+自然)24,國數A自37,--,--,--,--,--,--,--,--,--,*
109,臺北醫學大學,109162,無,食品安全學系,,22,一般,--,均標,--,--,--,--,--,3,8,10,--,--,8,--,--,數學A7,(英文+自然)20,國文13,--,--,--,--,--,--,--,--,*
109,臺北醫學大學,109172,無,醫學系（展翅A組）,,3,一般,前標,前標,前標,--,--,前標,--,6,6,6,--,--,7,國英數A自×8,--,國英數A自49,自然13,(國文+英文+數學A)37,--,--,--,--,--,--,--,--,--
109,臺北醫學大學,109182,無,牙醫學系（展翅B組）,,2,一般,均標,前標,均標,--,--,前標,--,--,5,--,--,--,5,國英數A自×4,--,(英文+自然)27,國英數A自52,--,--,--,--,--,--,--,--,--,--
109,臺北醫學大學,109192,無,展翅C組,,7,一般,--,均標,後標,--,--,後標,--,--,10,--,--,--,10,英數A自×6,--,(英文+自然)18,英數A自25,--,--,--,--,--,--,--,--,--,--
109,臺北醫學大學,109202,無,展翅D組,,6,一般,--,底標,--,--,--,--,--,12,8,--,--,--,--,--,--,國文8,英文5,--,--,--,--,--,--,--,--,--,*
109,臺北醫學大學,109212,無,展翅E組,,4,一般,--,底標,--,--,--,--,--,--,10,--,--,--,15,--,--,--,英文3,--,--,--,--,--,--,--,--,--,--
110,開南大學,110012,無,企業與創業管理學系,,15,一般,--,--,--,--,底標,--,--,--,--,--,--,3,--,--,--,社會8,--,--,--,--,--,--,--,--,--,--,*
110,開南大學,110022,無,企業與創業管理學系(青年儲蓄帳戶組),,1,一般,--,--,--,--,底標,--,--,--,--,--,--,--,--,--,--,--,--,--,--,--,--,--,--,--,--,--,--
110,開南大學,110032,無,國際企業學系,,16,一般,底標,--,--,--,--,--,--,3,--,--,--,--,--,--,--,國文8,--,--,--,--,--,--,--,--,--,--,*
110,開南大學,110042,無,商學院國際榮譽學士學位學程,,8,一般,--,均標,--,--,--,--,--,--,6,--,--,--,--,--,--,英文8,--,--,--,--,--,--,--,--,--,--,--
110,開南大學,110052,無,國際物流與運輸管理學系,,18,一般,--,--,--,--,底標,--,--,--,--,--,--,3,--,--,--,社會8,--,--,--,--,--,--,--,--,--,--,*
110,開南大學,110062,無,空運管理學系,,29,一般,--,底標,--,--,--,--,--,--,3,--,--,--,--,--,--,英文4,--,--,--,--,--,--,--,--,--,--,*
110,開南大學,110072,無,觀光與餐飲旅館學系,,28,一般,底標,--,--,--,--,--,--,3,--,--,--,--,--,--,--,國文8,--,--,--,--,--,--,--,--,--,--,*
110,開南大學,110082,無,休閒與運動管理學系,,13,一般,--,--,--,--,底標,--,--,--,--,--,--,3.5,--,--,--,社會7,--,--,--,--,--,--,--,--,--,--,*
110,開南大學,110092,無,資訊管理學系,,18,一般,底標,--,--,--,--,--,--,3,--,--,--,--,--,--,--,國文7,--,--,--,--,--,--,--,--,--,--,*
110,開南大學,110102,無,資訊傳播學系,,18,一般,--,--,--,--,底標,--,--,--,--,--,--,3,--,--,--,社會8,--,--,--,--,--,--,--,--,--,--,*
110,開南大學,110112,無,電影與創意媒體學系,,24,一般,底標,--,--,--,--,--,--,3,--,--,--,--,--,--,--,國文7,--,--,--,--,--,--,--,--,--,--,*
110,開南大學,110122,無,法律學系,,36,一般,--,--,--,--,底標,--,--,--,--,--,--,3,--,--,--,社會8,--,--,--,--,--,--,--,--,--,--,*
110,開南大學,110132,無,應用日語學系,,38,一般,--,底標,--,--,--,--,--,--,3,--,--,--,--,--,--,英文4,--,--,--,--,--,--,--,--,--,--,*
110,開南大學,110142,無,應用日語學系(青年儲蓄帳戶組),,1,一般,--,底標,--,--,--,--,--,--,--,--,--,--,--,--,--,--,--,--,--,--,--,--,--,--,--,--,--
110,開南大學,110152,無,應用英語學系,,16,一般,--,底標,--,--,--,--,--,--,3,--,--,--,--,--,--,英文5,--,--,--,--,--,--,--,--,--,--,*
110,開南大學,110162,無,應用英語學系(青年儲蓄帳戶組),,1,一般,--,底標,--,--,--,--,--,--,--,--,--,--,--,--,--,--,--,--,--,--,--,--,--,--,--,--,--
110,開南大學,110172,無,保健營養學系,,17,一般,底標,--,--,--,--,--,--,3,--,--,--,--,--,--,--,國文8,--,--,--,--,--,--,--,--,--,--,*
110,開南大學,110182,無,健康產業管理學系,,17,一般,--,--,--,--,底標,--,--,--,--,--,--,3,--,--,--,社會7,--,--,--,--,--,--,--,--,--,--,--
110,開南大學,110192,無,AI科技與創新設計學士學位學程,,13,一般,底標,--,--,--,--,--,--,3.5,--,--,--,--,--,--,--,國文7,--,--,--,--,--,--,--,--,--,--,--
112,康寧大學,112012,無,嬰幼兒保育學系(台北校區),,6,一般,底標,--,--,--,--,--,--,--,--,--,--,--,--,國英社×8,--,國英社19,--,--,--,--,--,--,--,--,--,--,*
112,康寧大學,112022,無,長期照護學系(台北校區),,3,一般,底標,--,--,--,--,--,--,--,--,--,--,--,--,國英社×16,--,國英社17,--,--,--,--,--,--,--,--,--,--,*
113,中信金融管理學院,113012,無,財務金融學系,,16,一般,--,--,均標,均標,--,--,--,3,--,--,--,--,--,--,--,國文9,--,--,--,--,--,--,--,--,--,--,*
113,中信金融管理學院,113022,無,財經法律學系,,15,一般,均標,--,--,--,--,--,--,3,--,--,--,--,--,--,--,國文10,--,--,--,--,--,--,--,--,--,--,*
113,中信金融管理學院,113032,無,企業管理學系,,10,一般,均標,--,--,--,--,--,--,3,--,--,--,--,--,--,--,國文10,--,--,--,--,--,--,--,--,--,--,--
113,中信金融管理學院,113042,無,金融管理學院學士班,,10,一般,均標,--,--,--,--,--,--,3,--,--,--,--,--,--,--,國文10,--,--,--,--,--,--,--,--,--,--,--
113,中信金融管理學院,113052,無,科技金融學系,,15,一般,--,--,均標,均標,--,--,--,3,--,--,--,--,--,--,--,國文8,--,--,--,--,--,--,--,--,--,--,*
113,中信金融管理學院,113062,無,運動產業管理學士學位學程,,15,一般,後標,--,--,--,--,--,--,3,--,--,--,--,--,--,--,國文9,--,--,--,--,--,--,--,--,--,--,--
113,中信金融管理學院,113072,無,財務金融學系(青年儲蓄帳戶組),,1,一般,均標,--,--,--,--,--,--,--,--,--,--,--,--,--,--,--,--,--,--,--,--,--,--,--,--,--,--
130,佛光大學,130012,無,建築環境設計學士學位學程(社會組),,3,一般,--,--,--,--,底標,--,--,--,--,--,--,16.5,--,--,--,社會7,--,--,--,--,--,--,--,--,--,--,--
130,佛光大學,130022,無,建築環境設計學士學位學程(自然組),,8,一般,--,--,--,--,--,底標,--,--,--,--,--,--,6,--,--,自然5,--,--,--,--,--,--,--,--,--,--,--
130,佛光大學,130032,無,傳播學系(數位媒體與智能創作組),,8,一般,--,--,--,--,底標,--,--,--,--,--,--,--,--,國社×6,--,國社15,--,--,--,--,--,--,--,--,--,--,*
130,佛光大學,130042,無,傳播學系(廣告公關與精準行銷組),,7,一般,底標,--,--,--,--,--,--,7,--,--,--,--,--,--,--,國文7,--,--,--,--,--,--,--,--,--,--,--
130,佛光大學,130052,無,傳播學系(流行音樂傳播與策展組),,9,一般,--,--,--,--,底標,--,--,--,--,--,--,5.5,--,--,--,社會7,--,--,--,--,--,--,--,--,--,--,--
130,佛光大學,130062,無,資訊應用學系(資訊系統開發組),,5,一般,--,--,--,--,--,底標,--,--,--,--,--,--,10,--,--,自然5,--,--,--,--,--,--,--,--,--,--,--
130,佛光大學,130072,無,資訊應用學系(動畫與視覺特效組),,12,一般,--,--,--,--,底標,--,--,--,--,--,--,--,--,國社×4,--,國社12,--,--,--,--,--,--,--,--,--,--,--
130,佛光大學,130082,無,資訊應用學系(數位遊戲開發組),,5,一般,--,--,--,--,--,底標,--,--,--,--,--,--,--,國自×10,--,國自9,--,--,--,--,--,--,--,--,--,--,--
130,佛光大學,130092,無,人工智慧技術與應用學士學位學程,,18,一般,--,--,底標,底標,--,--,--,3,--,--,--,--,--,--,--,國文3,--,--,--,--,--,--,--,--,--,--,--
130,佛光大學,130102,無,語文學系(華語文創組),,3,一般,底標,--,--,--,--,--,--,16.5,--,--,--,--,--,--,--,國文7,--,--,--,--,--,--,--,--,--,--,--
130,佛光大學,130112,無,語文學系(應用英日語組),,6,一般,--,底標,--,--,--,--,--,--,--,--,--,--,--,國英×8,--,國英10,--,--,--,--,--,--,--,--,--,--,*
130,佛光大學,130122,無,語文學系(應用英韓語組),,6,一般,--,底標,--,--,--,--,--,--,8,--,--,--,--,--,--,英文4,--,--,--,--,--,--,--,--,--,--,*
130,佛光大學,130132,無,歷史學系,,7,一般,--,--,--,--,底標,--,--,--,--,--,--,7,--,--,--,社會9,--,--,--,--,--,--,--,--,--,--,*
130,佛光大學,130142,無,社會工作學系(A組),,9,一般,底標,--,--,--,--,--,--,5.5,--,--,--,--,--,--,--,國文7,--,--,--,--,--,--,--,--,--,--,*
130,佛光大學,130152,無,社會工作學系(B組),,8,一般,--,--,--,--,底標,--,--,--,--,--,--,--,--,國社×6,--,國社14,--,--,--,--,--,--,--,--,--,--,*
130,佛光大學,130162,無,心理學系,,32,一般,--,--,--,底標,--,--,--,--,--,--,--,--,--,國英×3,--,國英14,--,--,--,--,--,--,--,--,--,--,*
130,佛光大學,130172,無,公共行政與國際事務學系,,8,一般,--,--,--,--,底標,--,--,--,--,--,--,6,--,--,--,社會7,--,--,--,--,--,--,--,--,--,--,--
130,佛光大學,130182,無,運動與健康促進管理學士學位學程,,45,一般,底標,--,--,--,--,--,--,3,--,--,--,--,--,--,--,國文7,--,--,--,--,--,--,--,--,--,--,--
130,佛光大學,130192,無,應用經濟學系(財務金融組),,10,一般,--,--,--,--,底標,--,--,9,--,--,--,5,--,--,--,國文4,社會8,--,--,--,--,--,--,--,--,--,*
130,佛光大學,130202,無,應用經濟學系(國際商務組),,7,一般,--,底標,--,--,--,--,--,--,--,--,--,7,--,--,--,--,--,--,--,--,--,--,--,--,--,--,--
130,佛光大學,130212,無,產品與媒體設計學系（智慧產品設計組）,,26,術科(美術/體育/音樂),底標,--,--,--,--,--,--,5,--,--,--,10,--,--,--,社會5,國文7,--,--,--,--,--,--,--,--,--,--
130,佛光大學,130222,無,產品與媒體設計學系（視覺媒體設計組）,,25,術科(美術/體育/音樂),底標,--,--,--,--,--,--,10,--,--,--,--,--,--,--,國文7,--,--,--,--,--,--,--,--,--,--,--
134,亞洲大學,134012,無,健康產業管理學系跨領域高齡智慧照顧組,,30,一般,底標,--,--,--,--,--,--,3,--,--,--,--,--,--,--,國文9,--,--,--,--,--,--,--,--,--,--,*
134,亞洲大學,134022,無,健康產業管理學系醫療機構管理組,,37,一般,底標,底標,--,--,--,--,--,--,--,--,--,--,--,國英×3,--,國英16,--,--,--,--,--,--,--,--,--,--,*
134,亞洲大學,134032,無,食品營養與保健生技學系食品營養組,,33,一般,底標,--,--,--,--,底標,--,8,--,--,--,--,3,--,--,國文7,自然9,--,--,--,--,--,--,--,--,--,*
134,亞洲大學,134042,無,食品營養與保健生技學系藥用化粧品醫美組,,31,一般,底標,底標,--,--,--,--,--,8,3,--,--,--,--,--,--,國文8,英文7,--,--,--,--,--,--,--,--,--,*
134,亞洲大學,134052,無,醫學檢驗暨生物技術學系醫事檢驗組,,34,一般,後標,後標,--,--,--,後標,--,10,8,--,--,--,7,國英自×3,--,國文9,英文5,自然7,國英自31,--,--,--,--,--,--,--,*
134,亞洲大學,134062,無,醫學檢驗暨生物技術學系生物技術組,,33,一般,--,後標,--,--,--,後標,--,--,10,--,--,--,8,國英自×3,--,英文5,自然7,國英自29,--,--,--,--,--,--,--,--,*
134,亞洲大學,134072,無,心理學系心理師研修組,,12,一般,--,--,--,--,--,底標,--,--,15,--,--,--,13,英自×4,--,英文5,自然7,英自17,--,--,--,--,--,--,--,--,*
134,亞洲大學,134082,無,心理學系諮商與臨床心理組,,32,一般,--,底標,--,--,--,--,--,--,--,--,--,--,--,國英×3,--,國英20,--,--,--,--,--,--,--,--,--,--,*
134,亞洲大學,134092,無,心理學系工商與社會心理組,,33,一般,--,--,--,--,底標,--,--,--,--,--,--,--,--,英社×3,--,英社18,--,--,--,--,--,--,--,--,--,--,*
134,亞洲大學,134102,無,視光學系,,73,一般,底標,底標,--,--,--,--,--,--,--,--,--,--,--,國英×3,--,國英19,--,--,--,--,--,--,--,--,--,--,*
134,亞洲大學,134112,無,聽力暨語言治療學系,,62,一般,底標,底標,--,--,--,底標,--,8,5,--,--,--,3,--,--,國文9,英文9,自然10,--,--,--,--,--,--,--,--,*
134,亞洲大學,134122,無,職能治療學系,,75,一般,--,底標,--,--,--,底標,--,--,3,--,--,--,--,--,--,英文10,--,--,--,--,--,--,--,--,--,--,*
134,亞洲大學,134132,無,物理治療學系,,30,一般,後標,後標,--,--,--,後標,--,5,3,--,--,--,4,--,--,國文12,自然12,英文11,--,--,--,--,--,--,--,--,*
134,亞洲大學,134142,無,護理學系國際護理組,,38,一般,--,底標,--,--,--,--,--,--,3,--,--,--,--,--,--,英文9,--,--,--,--,--,--,--,--,--,--,*
134,亞洲大學,134152,無,護理學系智慧護理組,,40,一般,--,--,--,--,--,底標,--,--,--,--,--,--,3,--,--,自然9,--,--,--,--,--,--,--,--,--,--,*
134,亞洲大學,134162,無,護理學系臨床照護組,,43,一般,底標,--,--,--,--,--,--,3,--,--,--,--,--,--,--,國文11,--,--,--,--,--,--,--,--,--,--,*
134,亞洲大學,134172,無,長期照護學系,,38,一般,底標,--,--,--,--,--,--,3,--,--,--,--,--,--,--,國文9,--,--,--,--,--,--,--,--,--,--,*
134,亞洲大學,134182,無,生物資訊與醫學工程學系生醫資訊組,,35,一般,--,底標,--,--,--,--,--,8,3,--,--,--,--,--,--,國文8,英文6,--,--,--,--,--,--,--,--,--,*
134,亞洲大學,134192,無,生物資訊與醫學工程學系醫學工程組,,34,一般,--,--,--,--,--,底標,--,8,3,--,--,--,--,--,--,國文8,英文7,--,--,--,--,--,--,--,--,--,*
134,亞洲大學,134202,無,資訊工程學系人工智慧與機器人組,,37,一般,底標,--,底標,底標,--,--,--,3,--,--,--,--,--,--,--,國文10,--,--,--,--,--,--,--,--,--,--,*
134,亞洲大學,134212,無,資訊工程學系半導體資訊組,,37,一般,--,--,底標,底標,--,--,--,--,3,--,--,--,--,--,--,英文7,--,--,--,--,--,--,--,--,--,--,*
134,亞洲大學,134222,無,資訊工程學系(資安組),,3,一般,--,--,底標,底標,--,--,--,16,--,--,--,--,--,--,--,國文9,--,--,--,--,--,--,--,--,--,--,*
134,亞洲大學,134232,無,人工智慧學系,,73,一般,底標,--,--,--,底標,--,--,--,--,--,--,--,--,國社×3,--,國社19,--,--,--,--,--,--,--,--,--,--,*
134,亞洲大學,134242,無,人工智慧學系(資安組),,3,一般,底標,--,--,--,底標,--,--,--,--,--,--,--,--,國社×10,--,國社15,--,--,--,--,--,--,--,--,--,--,*
134,亞洲大學,134252,無,資訊傳播學系,,45,一般,底標,--,--,--,--,--,--,3,--,--,--,--,--,--,--,國文10,--,--,--,--,--,--,--,--,--,--,*
134,亞洲大學,134262,無,半導體學士學位學程,,37,一般,--,--,底標,底標,--,--,--,3,--,--,--,--,--,--,--,國文9,--,--,--,--,--,--,--,--,--,--,*
134,亞洲大學,134272,無,經營管理學系,,65,一般,底標,--,--,--,--,--,--,3,--,--,--,--,--,--,--,國文9,--,--,--,--,--,--,--,--,--,--,*
134,亞洲大學,134282,無,會計與資訊學系,,29,一般,底標,--,--,--,--,--,--,--,--,--,--,3,--,--,--,社會10,--,--,--,--,--,--,--,--,--,--,*
134,亞洲大學,134292,無,財務金融學系智能投資組,,28,一般,底標,--,--,--,--,--,--,3,--,--,--,--,--,--,--,國文10,--,--,--,--,--,--,--,--,--,--,*
134,亞洲大學,134302,無,財務金融學系金融科技組,,28,一般,底標,--,--,--,底標,--,--,3,--,--,--,3,--,--,--,(國文+社會)20,--,--,--,--,--,--,--,--,--,--,*
134,亞洲大學,134312,無,財經法律學系,,71,一般,底標,--,--,--,--,--,--,3,--,--,--,--,--,--,--,國文10,--,--,--,--,--,--,--,--,--,--,*
134,亞洲大學,134322,無,社會工作學系家庭與司法保護社工組,,27,一般,--,--,--,--,底標,--,--,--,--,--,--,3,--,--,--,社會10,--,--,--,--,--,--,--,--,--,--,*
134,亞洲大學,134332,無,社會工作學系醫務與心衛社工組,,27,一般,底標,--,--,--,--,--,--,3,--,--,--,--,--,--,--,國文10,--,--,--,--,--,--,--,--,--,--,*
134,亞洲大學,134342,無,幼兒教育學系,,60,一般,底標,--,--,--,底標,--,--,--,--,--,--,--,--,國社×3,--,國社18,--,--,--,--,--,--,--,--,--,--,*
134,亞洲大學,134352,無,數位媒體設計學系,,60,一般,底標,--,--,--,底標,--,--,3,--,--,--,3,--,--,--,(國文+社會)19,--,--,--,--,--,--,--,--,--,--,*
134,亞洲大學,134362,無,創意商品設計學系,,21,一般,底標,--,--,--,--,--,--,3,--,--,--,--,--,--,--,國文10,--,--,--,--,--,--,--,--,--,--,*
134,亞洲大學,134372,無,時尚設計學系,,26,一般,底標,--,--,--,--,--,--,3,--,--,--,--,--,--,--,國文10,--,--,--,--,--,--,--,--,--,--,*
134,亞洲大學,134382,無,室內設計學系,,22,一般,底標,--,--,--,底標,--,--,3,--,--,--,3,--,--,--,(國文+社會)20,--,--,--,--,--,--,--,--,--,--,*
150,國立宜蘭大學,150012,無,外國語文學系,,10,一般,--,後標,--,--,--,--,--,--,5,--,--,--,--,國英社×8,--,國英社27,英文10,--,--,--,--,--,--,--,--,--,--
150,國立宜蘭大學,150022,無,應用經濟與管理學系,,39,一般,後標,--,--,--,--,--,--,6,3,--,--,--,--,--,--,國文9,英文6,--,--,--,--,--,--,--,--,--,*
150,國立宜蘭大學,150032,無,休閒產業與健康促進學系,,18,一般,後標,--,--,--,--,--,--,--,3,--,--,--,--,國英社×4,--,國英社25,英文7,--,--,--,--,--,--,--,--,--,*
150,國立宜蘭大學,150042,無,土木工程學系,,42,一般,--,--,--,--,--,後標,--,--,--,8,--,--,3,--,--,數學A2,自然9,--,--,--,--,--,--,--,--,--,*
150,國立宜蘭大學,150052,無,機械與機電工程學系,,32,一般,--,--,後標,--,--,--,--,8,--,3,--,--,5,--,--,國文10,自然9,數學A8,--,--,--,--,--,--,--,--,*
150,國立宜蘭大學,150062,無,化學工程與材料工程學系,,48,一般,--,--,後標,--,--,後標,--,--,--,5,--,--,3,--,--,數學A7,自然10,--,--,--,--,--,--,--,--,--,*
150,國立宜蘭大學,150072,無,環境工程學系,,21,一般,--,--,--,--,--,後標,--,6,--,5,--,--,3,--,--,國文10,數學A7,自然9,--,--,--,--,--,--,--,--,*
150,國立宜蘭大學,150082,無,生物機電工程學系,,21,一般,--,--,--,--,--,後標,--,4.5,--,--,--,--,3,--,--,國文9,自然9,--,--,--,--,--,--,--,--,--,*
150,國立宜蘭大學,150092,無,食品科學系,,31,一般,--,--,--,--,--,後標,--,--,5,--,--,--,3,--,--,英文5,自然9,--,--,--,--,--,--,--,--,--,*
150,國立宜蘭大學,150102,無,生物技術與動物科學系,,26,一般,--,--,--,--,--,後標,--,--,4,--,--,--,3,--,--,英文7,自然9,--,--,--,--,--,--,--,--,--,*
150,國立宜蘭大學,150112,無,森林暨自然資源學系,,15,一般,--,--,--,--,--,後標,--,--,--,--,--,--,3,國英×6,--,國英13,自然9,--,--,--,--,--,--,--,--,--,*
150,國立宜蘭大學,150122,無,園藝學系,,14,一般,後標,--,--,--,--,--,--,8,--,--,--,--,3.5,--,--,國文9,自然8,--,--,--,--,--,--,--,--,--,*
150,國立宜蘭大學,150132,無,電機工程學系,,44,一般,--,--,均標,--,--,--,--,--,--,3,--,--,5,--,--,自然10,數學A10,--,--,--,--,--,--,--,--,--,*
150,國立宜蘭大學,150142,無,電子工程學系,,39,一般,--,--,後標,--,--,--,--,--,--,3,--,--,5,--,--,自然9,數學A9,--,--,--,--,--,--,--,--,--,*
150,國立宜蘭大學,150162,無,資訊工程學系,,16,一般,--,--,後標,--,--,--,--,--,6,3,--,--,--,--,--,英文2,數學A7,--,--,--,--,--,--,--,--,--,*
150,國立宜蘭大學,150152,無,電子工程學系(APCS組),,4,APCS,--,--,後標,--,--,--,--,--,--,5,--,--,--,--,程式識讀(檢定3級、倍率10)；程式實作(檢定2級、倍率10),(APCS識讀+APCS實作)5,數學A5,--,--,--,--,--,--,--,--,--,--
150,國立宜蘭大學,150172,無,資訊工程學系(APCS組),,3,APCS,--,--,後標,--,--,--,--,--,6,5,--,--,--,--,程式識讀(檢定3級、倍率10)；程式實作(檢定2級、倍率10),(APCS識讀+APCS實作)5,英文5,數學A7,--,--,--,--,--,--,--,--,*
150,國立宜蘭大學,150182,無,資訊工程學系(資安組),,3,APCS,--,--,後標,--,--,--,--,--,6,5,--,--,--,--,程式識讀(檢定2級、倍率10)；程式實作(檢定2級、倍率10),(APCS識讀+APCS實作)4,英文6,數學A7,--,--,--,--,--,--,--,--,--
151,國立聯合大學,151012,無,機械工程學系,,30,一般,--,--,後標,--,--,--,--,--,--,--,--,--,--,國數A×3,--,國數A19,--,--,--,--,--,--,--,--,--,--,*
151,國立聯合大學,151022,無,化學工程學系,,46,一般,--,--,後標,--,--,--,--,--,--,3,--,--,--,--,--,數學A9,--,--,--,--,--,--,--,--,--,--,*
151,國立聯合大學,151032,無,土木與防災工程學系,,28,一般,--,--,後標,--,--,--,--,--,--,3,--,--,--,--,--,數學A7,--,--,--,--,--,--,--,--,--,--,*
151,國立聯合大學,151042,無,材料科學工程學系,,22,一般,--,--,--,--,--,後標,--,--,--,--,--,--,--,數A自×3,--,數A自19,--,--,--,--,--,--,--,--,--,--,*
151,國立聯合大學,151052,無,環境與安全衛生工程學系,,37,一般,--,--,--,--,--,後標,--,--,--,--,--,--,--,數A自×3,--,數A自16,--,--,--,--,--,--,--,--,--,--,*
151,國立聯合大學,151062,無,能源工程學系,,32,一般,--,--,--,--,--,後標,--,--,5,--,--,--,3,--,--,英文6,自然9,--,--,--,--,--,--,--,--,--,*
151,國立聯合大學,151072,無,建築學系,,24,一般,--,--,後標,後標,--,--,--,6,3,--,--,--,--,--,--,國文9,英文8,--,--,--,--,--,--,--,--,--,*
151,國立聯合大學,151082,無,工業設計學系,,19,一般,後標,--,--,--,--,--,--,3,3,--,--,--,--,--,--,(國文+英文)16,--,--,--,--,--,--,--,--,--,--,*
151,國立聯合大學,151092,無,電機工程學系(A組),,47,一般,--,--,後標,--,--,--,--,--,--,--,--,--,--,數A自×3,--,數A自20,--,--,--,--,--,--,--,--,--,--,*
151,國立聯合大學,151102,無,電機工程學系(B組),,18,一般,--,--,後標,--,--,--,--,--,--,--,--,--,--,國數A×3,--,國數A19,--,--,--,--,--,--,--,--,--,--,*
151,國立聯合大學,151112,無,電子工程學系(A組),,47,一般,--,--,後標,--,--,--,--,--,--,--,--,--,--,國數A自×3,--,國數A自28,--,--,--,--,--,--,--,--,--,--,*
151,國立聯合大學,151122,無,電子工程學系(B組),,35,一般,--,--,後標,--,--,--,--,--,--,--,--,--,--,數A自×3,--,數A自19,--,--,--,--,--,--,--,--,--,--,--
151,國立聯合大學,151132,無,光電工程學系A組(光電半導體組),,14,一般,--,--,--,--,--,後標,--,--,--,--,--,--,5,國數A自×3,--,自然10,國數A自28,--,--,--,--,--,--,--,--,--,*
151,國立聯合大學,151142,無,光電工程學系B組(智慧光電應用組),,10,一般,--,--,後標,--,--,--,--,--,--,5,--,--,--,國數A自×3,--,數學A6,國數A自24,--,--,--,--,--,--,--,--,--,*
151,國立聯合大學,151152,無,資訊工程學系,,17,一般,--,--,後標,--,--,--,--,3,--,3,--,--,--,--,--,(國文+數學A)20,--,--,--,--,--,--,--,--,--,--,*
151,國立聯合大學,151162,無,經營管理學系,,47,一般,後標,--,--,--,--,--,--,--,3,--,3,--,--,--,--,(英文+數學B)3,--,--,--,--,--,--,--,--,--,--,--
151,國立聯合大學,151172,無,資訊管理學系,,30,一般,後標,--,--,--,--,--,--,--,--,--,--,--,--,國英數B×3,--,國英數B24,--,--,--,--,--,--,--,--,--,--,*
151,國立聯合大學,151192,無,財務金融學系,,32,一般,後標,--,--,--,--,--,--,--,--,--,--,--,--,國數B社×3,--,國數B社27,--,--,--,--,--,--,--,--,--,--,*
151,國立聯合大學,151202,無,臺灣語文與傳播學系,,21,一般,底標,--,--,--,--,--,--,3,--,--,--,--,--,--,--,國文10,--,--,--,--,--,--,--,--,--,--,*
151,國立聯合大學,151212,無,華語文學系,,28,一般,後標,--,--,--,--,--,--,3,--,--,--,--,--,--,--,國文10,--,--,--,--,--,--,--,--,--,--,*
151,國立聯合大學,151222,無,文化觀光產業學系,,32,一般,後標,--,--,--,--,--,--,3,--,--,--,--,--,--,--,國文9,--,--,--,--,--,--,--,--,--,--,--
151,國立聯合大學,151232,無,文化創意與數位行銷學系,,22,一般,底標,--,--,--,--,--,--,8,--,--,--,3,--,--,--,國文7,社會11,--,--,--,--,--,--,--,--,--,*
151,國立聯合大學,151182,無,資訊管理學系(APCS組),,2,APCS,後標,--,--,--,--,--,--,--,--,--,--,--,--,國英數B×4,程式識讀(檢定2級、倍率10)；程式實作(檢定2級、倍率10),(APCS識讀+APCS實作)4,國英數B21,--,--,--,--,--,--,--,--,--,--
152,馬偕醫學大學,152012,無,醫學系,,20,一般,--,頂標,頂標,--,前標,頂標,--,--,8,8,--,5,5,英數A社自×3,--,(英文+數學A)27,(社會+自然)28,英數A社自57,--,--,--,--,--,--,--,--,*
152,馬偕醫學大學,152022,無,護理學系,,48,一般,後標,後標,--,--,--,後標,--,--,3,--,--,--,8,--,--,自然7,英文9,--,--,--,--,--,--,--,--,--,*
152,馬偕醫學大學,152032,無,聽力暨語言治療學系聽力組,,22,一般,後標,後標,--,--,--,後標,--,--,--,--,--,--,--,國英數A自×3,--,國英數A自42,--,--,--,--,--,--,--,--,--,--,*
152,馬偕醫學大學,152042,無,聽力暨語言治療學系語言組,,24,一般,後標,後標,後標,後標,--,後標,--,4,3,--,--,--,3,--,--,國文13,(英文+自然)22,--,--,--,--,--,--,--,--,--,*
152,馬偕醫學大學,152052,無,視光學系,,21,一般,--,--,--,--,--,均標,--,--,6,--,--,--,3,--,--,英文7,自然10,--,--,--,--,--,--,--,--,--,*
152,馬偕醫學大學,152062,無,醫學檢驗暨再生醫學學系,,24,一般,--,均標,--,--,--,均標,--,--,10,--,--,--,3,--,--,英文8,自然11,--,--,--,--,--,--,--,--,--,*
152,馬偕醫學大學,152072,無,醫學系(薪傳組),,1,一般,--,均標,前標,--,前標,前標,--,--,8,8,--,6,6,英數A社自×5,--,(英文+數學A)25,(社會+自然)26,英數A社自53,--,--,--,--,--,--,--,--,--
152,馬偕醫學大學,152082,無,護理學系(薪傳組),,2,一般,--,後標,--,--,--,後標,--,--,3,--,--,--,8,--,--,自然7,英文5,--,--,--,--,--,--,--,--,--,--
152,馬偕醫學大學,152092,無,聽力暨語言治療學系聽力組(薪傳組),,1,一般,--,後標,--,--,--,後標,--,--,--,--,--,--,--,國英數A自×3,--,國英數A自37,--,--,--,--,--,--,--,--,--,--,*
152,馬偕醫學大學,152102,無,視光學系(薪傳組),,1,一般,--,--,--,--,--,後標,--,--,8,--,--,--,3,--,--,英文6,自然9,--,--,--,--,--,--,--,--,--,*
152,馬偕醫學大學,152112,無,醫學檢驗暨再生醫學學系(薪傳組),,1,一般,--,--,--,--,--,均標,--,--,8,--,--,--,3,--,--,英文5,自然10,--,--,--,--,--,--,--,--,--,*
152,馬偕醫學大學,152122,無,護理學系(青年儲蓄帳戶組),,1,一般,後標,後標,--,--,--,後標,--,--,--,--,--,--,--,--,--,--,--,--,--,--,--,--,--,--,--,--,--
153,國立金門大學,153012,無,應用英語學系,,12,一般,--,底標,--,--,--,--,--,--,4,--,--,--,--,--,--,英文8,--,--,--,--,--,--,--,--,--,--,--
153,國立金門大學,153022,無,運動與休閒學系,,21,一般,底標,--,--,--,--,--,--,5,--,--,--,3,--,--,--,國文8,社會8,--,--,--,--,--,--,--,--,--,*
153,國立金門大學,153032,無,運動與休閒學系(青年儲蓄帳戶組),,1,一般,底標,--,--,--,--,--,--,--,--,--,--,--,--,--,--,--,--,--,--,--,--,--,--,--,--,--,--
153,國立金門大學,153042,無,企業管理學系,,23,一般,底標,--,--,--,--,--,--,3,--,--,--,3,--,--,--,(國文+社會)19,--,--,--,--,--,--,--,--,--,--,*
153,國立金門大學,153052,無,電機工程學系,,24,一般,--,--,--,--,--,後標,--,3,--,--,--,--,--,--,--,國文10,--,--,--,--,--,--,--,--,--,--,*
153,國立金門大學,153072,無,食品科學系,,24,一般,--,--,底標,底標,--,底標,--,--,--,--,--,--,3,--,--,自然7,--,--,--,--,--,--,--,--,--,--,*
153,國立金門大學,153082,無,食品科學系(青年儲蓄帳戶組),,1,一般,--,--,--,--,--,底標,--,--,--,--,--,--,--,--,--,--,--,--,--,--,--,--,--,--,--,--,--
153,國立金門大學,153092,無,土木與工程管理學系,,16,一般,--,--,--,--,--,後標,--,--,--,--,--,--,--,國自×3,--,國自17,--,--,--,--,--,--,--,--,--,--,*
153,國立金門大學,153102,無,觀光管理學系,,21,一般,底標,--,--,--,--,--,--,3,--,--,--,--,--,--,--,國文9,--,--,--,--,--,--,--,--,--,--,--
153,國立金門大學,153112,無,觀光管理學系(青年儲蓄帳戶組),,1,一般,底標,--,--,--,--,--,--,--,--,--,--,--,--,--,--,--,--,--,--,--,--,--,--,--,--,--,--
153,國立金門大學,153122,無,資訊工程學系,,22,一般,--,--,後標,--,--,--,--,5,--,3,--,--,--,--,--,國文5,數學A6,--,--,--,--,--,--,--,--,--,*
153,國立金門大學,153142,無,資訊工程學系(青年儲蓄帳戶組),,1,一般,均標,--,--,--,--,--,--,--,--,--,--,--,--,--,--,--,--,--,--,--,--,--,--,--,--,--,--
153,國立金門大學,153152,無,建築學系,,27,一般,後標,底標,--,--,--,--,--,3,3,--,--,--,--,--,--,(國文+英文)15,--,--,--,--,--,--,--,--,--,--,*
153,國立金門大學,153162,無,國際暨大陸事務學系,,21,一般,底標,--,--,--,--,--,--,3,--,--,--,--,--,--,--,國文10,--,--,--,--,--,--,--,--,--,--,*
153,國立金門大學,153172,無,華語文學系,,12,一般,底標,--,--,--,--,--,--,4,--,--,--,--,--,--,--,國文10,--,--,--,--,--,--,--,--,--,--,*
153,國立金門大學,153182,無,海洋與邊境管理學系,,23,一般,底標,--,--,--,--,--,--,3,--,--,--,--,--,--,--,國文10,--,--,--,--,--,--,--,--,--,--,*
153,國立金門大學,153192,無,海洋與邊境管理學系(青年儲蓄帳戶組),,1,一般,底標,--,--,--,--,--,--,--,--,--,--,--,--,--,--,--,--,--,--,--,--,--,--,--,--,--,--
153,國立金門大學,153202,無,工業工程與管理學系,,20,一般,底標,--,--,--,--,--,--,3,--,--,--,--,--,--,--,國文9,--,--,--,--,--,--,--,--,--,--,*
153,國立金門大學,153212,無,護理學系(A組),,11,一般,後標,--,--,--,--,--,--,6,--,--,--,--,4.5,--,--,國文9,--,--,--,--,--,--,--,--,--,--,--
153,國立金門大學,153222,無,護理學系(B組),,9,一般,後標,--,--,--,--,--,--,6,--,--,--,5.5,--,--,--,國文9,社會8,--,--,--,--,--,--,--,--,--,*
153,國立金門大學,153232,無,長期照護學系,,22,一般,底標,--,--,--,--,--,--,3,--,--,--,--,--,--,--,國文9,--,--,--,--,--,--,--,--,--,--,*
153,國立金門大學,153242,無,社會工作學系,,18,一般,底標,--,--,--,--,--,--,3,--,--,--,--,--,--,--,國文9,--,--,--,--,--,--,--,--,--,--,*
153,國立金門大學,153252,無,都市計畫與景觀學系,,21,一般,底標,--,--,--,--,--,--,5,--,--,--,3,--,--,--,國文7,社會9,--,--,--,--,--,--,--,--,--,*
153,國立金門大學,153062,無,電機工程學系(APCS組),,3,APCS,--,--,--,--,--,後標,--,15,--,--,--,--,--,--,程式識讀(檢定2級、倍率12)；程式實作(檢定--、倍率--),國文8,APCS識讀2,--,--,--,--,--,--,--,--,--,--
153,國立金門大學,153132,無,資訊工程學系(APCS組),,3,APCS,--,--,後標,--,--,--,--,15,--,14,--,--,--,--,程式識讀(檢定2級、倍率10)；程式實作(檢定2級、倍率10),國文7,數學A7,(APCS識讀+APCS實作)5,--,--,--,--,--,--,--,--,--
