學校代碼,學校,校系代碼,學系(組)名稱,名額類別,術科項目別,性別限制,分發最低標準
001,國立臺灣大學,001012,中國文學系,招生,--,無,備3
001,國立臺灣大學,001012,中國文學系,離島(連江縣),--,無,無
001,國立臺灣大學,001022,外國語文學系,招生,--,無,正取
001,國立臺灣大學,001032,歷史學系,招生,--,無,正取
001,國立臺灣大學,001042,哲學系,招生,--,無,備8
001,國立臺灣大學,001052,人類學系,招生,--,無,正取
001,國立臺灣大學,001052,人類學系,原住民,--,無,正取
001,國立臺灣大學,001062,圖書資訊學系,招生,--,無,備4
001,國立臺灣大學,001062,圖書資訊學系,離島(澎湖縣),--,無,無
001,國立臺灣大學,001072,日本語文學系,招生,--,無,備2
001,國立臺灣大學,001082,戲劇學系,招生,--,男,備2
001,國立臺灣大學,001082,戲劇學系,招生,--,女,正取
001,國立臺灣大學,001082,戲劇學系,原住民,--,無,備1
001,國立臺灣大學,001092,數學系,招生,--,無,備3
001,國立臺灣大學,001102,物理學系,招生,--,無,備1
001,國立臺灣大學,001112,化學系,招生,--,無,備12
001,國立臺灣大學,001112,化學系,原住民,--,無,無
001,國立臺灣大學,001122,地質科學系,招生,--,無,備4
001,國立臺灣大學,001122,地質科學系,原住民,--,無,無
001,國立臺灣大學,001132,心理學系,招生,--,無,備4
001,國立臺灣大學,001142,地理環境資源學系,招生,--,無,正取
001,國立臺灣大學,001142,地理環境資源學系,原住民,--,無,正取
001,國立臺灣大學,001152,大氣科學系,招生,--,無,備5
001,國立臺灣大學,001152,大氣科學系,原住民,--,無,無
001,國立臺灣大學,001162,政治學系政治理論組,招生,--,無,正取
001,國立臺灣大學,001172,政治學系國際關係組,招生,--,無,正取
001,國立臺灣大學,001182,政治學系公共行政組,招生,--,無,正取
001,國立臺灣大學,001192,經濟學系A組,招生,--,無,備2
001,國立臺灣大學,001202,經濟學系B組,招生,--,無,備3
001,國立臺灣大學,001212,經濟學系C組,招生,--,無,正取
001,國立臺灣大學,001222,社會學系,招生,--,無,備5
001,國立臺灣大學,001222,社會學系,原住民,--,無,正取
001,國立臺灣大學,001232,社會工作學系,招生,--,無,正取
001,國立臺灣大學,001232,社會工作學系,原住民,--,無,正取
001,國立臺灣大學,001232,社會工作學系,離島(澎湖縣),--,無,無
001,國立臺灣大學,001242,醫學系,招生,--,無,正取
001,國立臺灣大學,001252,醫學系(公費生),招生,--,無,正取
001,國立臺灣大學,001262,牙醫學系,招生,--,無,正取
001,國立臺灣大學,001262,牙醫學系,離島(澎湖縣),--,無,正取
001,國立臺灣大學,001262,牙醫學系,離島(金門縣),--,無,正取
001,國立臺灣大學,001272,藥學系,招生,--,無,正取
001,國立臺灣大學,001282,醫學檢驗暨生物技術學系,招生,--,無,備8
001,國立臺灣大學,001282,醫學檢驗暨生物技術學系,離島(金門縣),--,無,備2
001,國立臺灣大學,001292,護理學系,招生,--,無,備10
001,國立臺灣大學,001292,護理學系,原住民,--,無,正取
001,國立臺灣大學,001302,物理治療學系,招生,--,無,備5
001,國立臺灣大學,001302,物理治療學系,原住民,--,無,無
001,國立臺灣大學,001312,職能治療學系,招生,--,無,備8
001,國立臺灣大學,001322,土木工程學系,招生,--,無,備22
001,國立臺灣大學,001322,土木工程學系,原住民,--,無,正取
001,國立臺灣大學,001322,土木工程學系,離島(金門縣),--,無,正取
001,國立臺灣大學,001332,機械工程學系,招生,--,無,備39
001,國立臺灣大學,001342,化學工程學系,招生,--,無,備26
001,國立臺灣大學,001342,化學工程學系,離島(金門縣),--,無,正取
001,國立臺灣大學,001342,化學工程學系,離島(連江縣),--,無,正取
001,國立臺灣大學,001352,工程科學及海洋工程學系,招生,--,無,備12
001,國立臺灣大學,001362,材料科學與工程學系,招生,--,無,備7
001,國立臺灣大學,001362,材料科學與工程學系,離島(金門縣),--,無,正取
001,國立臺灣大學,001372,醫學工程學系,招生,--,無,備5
001,國立臺灣大學,001382,農藝學系,招生,--,無,備5
001,國立臺灣大學,001382,農藝學系,原住民,--,無,正取
001,國立臺灣大學,001392,生物環境系統工程學系,招生,--,無,備21
001,國立臺灣大學,001392,生物環境系統工程學系,原住民,--,無,正取
001,國立臺灣大學,001402,農業化學系,招生,--,無,備9
001,國立臺灣大學,001412,森林環境暨資源學系,招生,--,無,備4
001,國立臺灣大學,001412,森林環境暨資源學系,原住民,--,無,正取
001,國立臺灣大學,001422,動物科學技術學系,招生,--,無,備8
001,國立臺灣大學,001432,農業經濟學系,招生,--,無,備5
001,國立臺灣大學,001432,農業經濟學系,原住民,--,無,正取
001,國立臺灣大學,001442,園藝暨景觀學系,招生,--,無,備2
001,國立臺灣大學,001442,園藝暨景觀學系,原住民,--,無,正取
001,國立臺灣大學,001452,獸醫學系,招生,--,無,備11
001,國立臺灣大學,001452,獸醫學系,離島(澎湖縣),--,無,無
001,國立臺灣大學,001452,獸醫學系,離島(金門縣),--,無,正取
001,國立臺灣大學,001462,生物產業傳播暨發展學系,招生,--,無,正取
001,國立臺灣大學,001462,生物產業傳播暨發展學系,原住民,--,無,正取
001,國立臺灣大學,001472,生物機電工程學系,招生,--,無,備7
001,國立臺灣大學,001482,昆蟲學系,招生,--,無,備4
001,國立臺灣大學,001482,昆蟲學系,原住民,--,無,無
001,國立臺灣大學,001492,植物病理與微生物學系,招生,--,無,備3
001,國立臺灣大學,001492,植物病理與微生物學系,原住民,--,無,正取
001,國立臺灣大學,001502,工商管理學系企業管理組,招生,--,無,正取
001,國立臺灣大學,001512,工商管理學系科技管理組,招生,--,無,備12
001,國立臺灣大學,001522,會計學系,招生,--,無,正取
001,國立臺灣大學,001532,財務金融學系,招生,--,無,備6
001,國立臺灣大學,001532,財務金融學系,離島(澎湖縣),--,無,正取
001,國立臺灣大學,001532,財務金融學系,離島(金門縣),--,無,正取
001,國立臺灣大學,001542,國際企業學系,招生,--,無,備4
001,國立臺灣大學,001542,國際企業學系,離島(金門縣),--,無,正取
001,國立臺灣大學,001552,資訊管理學系,招生,--,無,備15
001,國立臺灣大學,001562,公共衛生學系,招生,--,無,備12
001,國立臺灣大學,001562,公共衛生學系,原住民,--,無,無
001,國立臺灣大學,001572,電機工程學系,招生,--,無,備6
001,國立臺灣大學,001572,電機工程學系,離島(金門縣),--,無,無
001,國立臺灣大學,001582,資訊工程學系,招生,--,無,備22
001,國立臺灣大學,001582,資訊工程學系,離島(澎湖縣),--,無,正取
001,國立臺灣大學,001582,資訊工程學系,離島(金門縣),--,無,正取
001,國立臺灣大學,001592,資訊工程學系(APCS組),招生,--,無,正取
001,國立臺灣大學,001602,法律學系法學組,招生,--,無,正取
001,國立臺灣大學,001602,法律學系法學組,原住民,--,無,正取
001,國立臺灣大學,001612,法律學系司法組,招生,--,無,備2
001,國立臺灣大學,001612,法律學系司法組,原住民,--,無,正取
001,國立臺灣大學,001612,法律學系司法組,離島(澎湖縣),--,無,正取
001,國立臺灣大學,001612,法律學系司法組,離島(金門縣),--,無,正取
001,國立臺灣大學,001622,法律學系財經法學組,招生,--,無,備2
001,國立臺灣大學,001622,法律學系財經法學組,原住民,--,無,正取
001,國立臺灣大學,001622,法律學系財經法學組,離島(澎湖縣),--,無,正取
001,國立臺灣大學,001622,法律學系財經法學組,離島(金門縣),--,無,正取
001,國立臺灣大學,001632,生命科學系,招生,--,無,備9
001,國立臺灣大學,001642,生化科技學系,招生,--,無,備21
001,國立臺灣大學,001642,生化科技學系,原住民,--,無,備1
001,國立臺灣大學,001652,國際體育運動事務學士學位學程,招生,--,無,正取
001,國立臺灣大學,001652,國際體育運動事務學士學位學程,原住民,--,無,正取
001,國立臺灣大學,001662,希望組甲組(文社法),招生,--,無,備13
001,國立臺灣大學,001672,希望組乙組(地理及生傳),招生,--,無,正取
001,國立臺灣大學,001682,希望組丙組(理),招生,--,無,正取
001,國立臺灣大學,001692,希望組丁組(生醫),招生,--,無,正取
001,國立臺灣大學,001702,希望組戊組(工電資),招生,--,無,備6
001,國立臺灣大學,001712,希望組己組(經管),招生,--,無,正取
001,國立臺灣大學,001722,希望組庚組(生農),招生,--,無,備9
001,國立臺灣大學,001732,希望組辛組(醫牙),招生,--,無,無
002,國立臺灣師範大學,002012,教育學系,招生,--,無,備20
002,國立臺灣師範大學,002012,教育學系,原住民,--,無,備3
002,國立臺灣師範大學,002012,教育學系,離島(澎湖縣),--,無,無
002,國立臺灣師範大學,002012,教育學系,離島(金門縣),--,無,備1
002,國立臺灣師範大學,002012,教育學系,離島(連江縣),--,無,正取
002,國立臺灣師範大學,002022,教育心理與輔導學系,招生,--,無,備19
002,國立臺灣師範大學,002022,教育心理與輔導學系,離島(澎湖縣),--,無,備1
002,國立臺灣師範大學,002022,教育心理與輔導學系,離島(金門縣),--,無,備4
002,國立臺灣師範大學,002022,教育心理與輔導學系,離島(連江縣),--,無,備1
002,國立臺灣師範大學,002032,社會教育學系,招生,--,無,備26
002,國立臺灣師範大學,002032,社會教育學系,原住民,--,無,無
002,國立臺灣師範大學,002042,社會教育學系(青年儲蓄帳戶組),招生,--,無,無
002,國立臺灣師範大學,002052,健康促進與衛生教育學系,招生,--,無,備9
002,國立臺灣師範大學,002052,健康促進與衛生教育學系,原住民,--,無,無
002,國立臺灣師範大學,002062,幼兒與家庭科學學系家庭生活與教育組,招生,--,無,備13
002,國立臺灣師範大學,002062,幼兒與家庭科學學系家庭生活與教育組,原住民,--,無,備1
002,國立臺灣師範大學,002072,幼兒與家庭科學學系幼兒發展與教育組,招生,--,無,備21
002,國立臺灣師範大學,002072,幼兒與家庭科學學系幼兒發展與教育組,原住民,--,無,備3
002,國立臺灣師範大學,002072,幼兒與家庭科學學系幼兒發展與教育組,離島(澎湖縣),--,無,備1
002,國立臺灣師範大學,002082,公民教育與活動領導學系,招生,--,無,備31
002,國立臺灣師範大學,002082,公民教育與活動領導學系,原住民,--,無,正取
002,國立臺灣師範大學,002092,公民教育與活動領導學系(公費生A組),招生,--,無,正取
002,國立臺灣師範大學,002102,公民教育與活動領導學系(公費生B組),招生,--,無,無
002,國立臺灣師範大學,002112,特殊教育學系,招生,--,無,備10
002,國立臺灣師範大學,002112,特殊教育學系,原住民,--,無,備1
002,國立臺灣師範大學,002122,特殊教育學系(公費生),招生,--,無,無
002,國立臺灣師範大學,002132,學習科學學士學位學程,招生,--,無,備2
002,國立臺灣師範大學,002142,學習科學學士學位學程(青年儲蓄帳戶組),招生,--,無,無
002,國立臺灣師範大學,002152,教育學院學士班,招生,--,無,備3
002,國立臺灣師範大學,002152,教育學院學士班,原住民,--,無,無
002,國立臺灣師範大學,002162,教育學院學士班(青年儲蓄帳戶組),招生,--,無,無
002,國立臺灣師範大學,002172,國文學系,招生,--,無,備40
002,國立臺灣師範大學,002182,國文學系(公費生),招生,--,無,無
002,國立臺灣師範大學,002192,英語學系,招生,--,無,備44
002,國立臺灣師範大學,002192,英語學系,離島(澎湖縣),--,無,備2
002,國立臺灣師範大學,002192,英語學系,離島(連江縣),--,無,無
002,國立臺灣師範大學,002192,英語學系,離島(臺東縣),--,無,無
002,國立臺灣師範大學,002202,歷史學系,招生,--,無,備28
002,國立臺灣師範大學,002212,地理學系,招生,--,無,備28
002,國立臺灣師範大學,002212,地理學系,原住民,--,無,正取
002,國立臺灣師範大學,002222,地理學系(青年儲蓄帳戶組),招生,--,無,無
002,國立臺灣師範大學,002232,臺灣語文學系,招生,--,無,備7
002,國立臺灣師範大學,002232,臺灣語文學系,原住民,--,無,無
002,國立臺灣師範大學,002242,數學系,招生,--,無,備54
002,國立臺灣師範大學,002242,數學系,原住民,--,無,正取
002,國立臺灣師範大學,002242,數學系,離島(金門縣),--,無,無
002,國立臺灣師範大學,002252,物理學系,招生,--,無,備16
002,國立臺灣師範大學,002252,物理學系,原住民,--,無,正取
002,國立臺灣師範大學,002262,物理學系國際組,招生,--,無,備7
002,國立臺灣師範大學,002272,物理學系(公費生),招生,--,無,正取
002,國立臺灣師範大學,002282,化學系,招生,--,無,備26
002,國立臺灣師範大學,002282,化學系,離島(金門縣),--,無,正取
002,國立臺灣師範大學,002292,化學系(公費生),招生,--,無,正取
002,國立臺灣師範大學,002302,生命科學系,招生,--,無,備21
002,國立臺灣師範大學,002302,生命科學系,原住民,--,無,無
002,國立臺灣師範大學,002302,生命科學系,離島(澎湖縣),--,無,正取
002,國立臺灣師範大學,002312,生命科學系(青年儲蓄帳戶組),招生,--,無,無
002,國立臺灣師範大學,002322,地球科學系,招生,--,無,備23
002,國立臺灣師範大學,002322,地球科學系,離島(金門縣),--,無,正取
002,國立臺灣師範大學,002332,資訊工程學系,招生,--,無,備27
002,國立臺灣師範大學,002332,資訊工程學系,離島(金門縣),--,無,備2
002,國立臺灣師範大學,002342,資訊工程學系(APCS組),招生,--,無,備4
002,國立臺灣師範大學,002352,資訊工程學系(資安組),招生,--,無,正取
002,國立臺灣師範大學,002362,營養科學學士學位學程,招生,--,無,備22
002,國立臺灣師範大學,002362,營養科學學士學位學程,原住民,--,無,備2
002,國立臺灣師範大學,002372,科技應用與人力資源發展學系,招生,--,無,備25
002,國立臺灣師範大學,002372,科技應用與人力資源發展學系,原住民,--,無,無
002,國立臺灣師範大學,002382,圖文傳播學系,招生,--,無,備16
002,國立臺灣師範大學,002392,機電工程學系,招生,--,無,備26
002,國立臺灣師範大學,002392,機電工程學系,原住民,--,無,無
002,國立臺灣師範大學,002402,電機工程學系,招生,--,無,備27
002,國立臺灣師範大學,002412,光電工程學士學位學程,招生,--,無,備11
002,國立臺灣師範大學,002422,光電工程學士學位學程(青年儲蓄帳戶組),招生,--,無,無
002,國立臺灣師範大學,002432,華語文教學系應用華語文學組,招生,--,無,備16
002,國立臺灣師範大學,002432,華語文教學系應用華語文學組,原住民,--,無,無
002,國立臺灣師範大學,002442,東亞學系,招生,--,無,備15
002,國立臺灣師範大學,002442,東亞學系,原住民,--,無,無
002,國立臺灣師範大學,002452,企業管理學系,招生,--,無,備13
002,國立臺灣師範大學,002452,企業管理學系,原住民,--,無,正取
002,國立臺灣師範大學,002462,設計學系產品設計組,招生,--,無,備19
002,國立臺灣師範大學,002462,設計學系產品設計組,離島(金門縣),--,無,無
002,國立臺灣師範大學,002472,晨光招生(學習科學學士學位學程),招生,--,無,備2
002,國立臺灣師範大學,002482,晨光招生(生命科學系),招生,--,無,備4
002,國立臺灣師範大學,002492,晨光招生(光電工程學士學位學程),招生,--,無,備4
002,國立臺灣師範大學,002502,晨光招生(企業管理學系),招生,--,無,備1
002,國立臺灣師範大學,002512,晨光招生(表演藝術學系),招生,--,無,備1
002,國立臺灣師範大學,002522,體育與運動科學系(青年儲蓄帳戶組),招生,--,無,無
002,國立臺灣師範大學,002532,音樂學系,招生,鋼琴,無,備5
002,國立臺灣師範大學,002532,音樂學系,招生,聲樂,無,備4
002,國立臺灣師範大學,002532,音樂學系,招生,小提琴,無,備1
002,國立臺灣師範大學,002532,音樂學系,招生,中提琴,無,備2
002,國立臺灣師範大學,002532,音樂學系,招生,大提琴,無,備1
002,國立臺灣師範大學,002532,音樂學系,招生,低音提琴,無,備1
002,國立臺灣師範大學,002532,音樂學系,招生,豎琴,無,正取
002,國立臺灣師範大學,002532,音樂學系,招生,長號,無,正取
002,國立臺灣師範大學,002532,音樂學系,招生,小號,無,正取
002,國立臺灣師範大學,002532,音樂學系,招生,法國號,無,正取
002,國立臺灣師範大學,002532,音樂學系,招生,長笛,無,正取
002,國立臺灣師範大學,002532,音樂學系,招生,單簧管(豎笛),無,備2
002,國立臺灣師範大學,002532,音樂學系,招生,雙簧管,無,正取
002,國立臺灣師範大學,002532,音樂學系,招生,低音管,無,正取
002,國立臺灣師範大學,002532,音樂學系,招生,擊樂,無,備1
002,國立臺灣師範大學,002532,音樂學系,招生,理論作曲,無,正取
002,國立臺灣師範大學,002532,音樂學系,招生,琵琶,無,備2
002,國立臺灣師範大學,002532,音樂學系,招生,箏,無,正取
002,國立臺灣師範大學,002532,音樂學系,原住民,--,無,正取
002,國立臺灣師範大學,002532,音樂學系,離島(澎湖縣),--,無,正取
002,國立臺灣師範大學,002532,音樂學系,離島(金門縣),--,無,正取
002,國立臺灣師範大學,002542,表演藝術學系,招生,--,無,備3
002,國立臺灣師範大學,002542,表演藝術學系,原住民,--,無,無
002,國立臺灣師範大學,002552,設計學系視覺設計組,招生,--,無,備14
002,國立臺灣師範大學,002562,美術學系繪畫組,招生,--,無,備7
002,國立臺灣師範大學,002562,美術學系繪畫組,原住民,--,無,正取
002,國立臺灣師範大學,002562,美術學系繪畫組,離島(金門縣),--,無,無
002,國立臺灣師範大學,002572,美術學系水墨畫組,招生,--,無,備3
002,國立臺灣師範大學,002572,美術學系水墨畫組,原住民,--,無,無
002,國立臺灣師範大學,002582,體育與運動科學系,招生,--,無,備3
002,國立臺灣師範大學,002582,體育與運動科學系,原住民,--,無,正取
002,國立臺灣師範大學,002582,體育與運動科學系,離島(金門縣),--,無,正取
003,國立中興大學,003012,中國文學系,招生,--,無,備19
003,國立中興大學,003012,中國文學系,原住民,--,無,備2
003,國立中興大學,003022,外國語文學系,招生,--,無,備17
003,國立中興大學,003022,外國語文學系,原住民,--,無,無
003,國立中興大學,003022,外國語文學系,離島(澎湖縣),--,無,正取
003,國立中興大學,003032,歷史學系,招生,--,無,備17
003,國立中興大學,003032,歷史學系,原住民,--,無,備1
003,國立中興大學,003042,台灣人文創新學士學位學程,招生,--,無,備8
003,國立中興大學,003042,台灣人文創新學士學位學程,原住民,--,無,無
003,國立中興大學,003052,財務金融學系,招生,--,無,備33
003,國立中興大學,003052,財務金融學系,原住民,--,無,無
003,國立中興大學,003052,財務金融學系,離島(澎湖縣),--,無,正取
003,國立中興大學,003052,財務金融學系,離島(金門縣),--,無,無
003,國立中興大學,003062,企業管理學系,招生,--,無,備16
003,國立中興大學,003062,企業管理學系,原住民,--,無,無
003,國立中興大學,003072,資訊管理學系,招生,--,無,備32
003,國立中興大學,003072,資訊管理學系,原住民,--,無,正取
003,國立中興大學,003082,資訊管理學系(APCS組),招生,--,無,備6
003,國立中興大學,003092,會計學系,招生,--,無,備21
003,國立中興大學,003092,會計學系,原住民,--,無,備2
003,國立中興大學,003102,行銷學系,招生,--,無,備21
003,國立中興大學,003102,行銷學系,原住民,--,無,備1
003,國立中興大學,003102,行銷學系,離島(澎湖縣),--,無,正取
003,國立中興大學,003112,應用經濟學系,招生,--,無,備27
003,國立中興大學,003112,應用經濟學系,原住民,--,無,無
003,國立中興大學,003122,法律學系,招生,--,無,備20
003,國立中興大學,003122,法律學系,原住民,--,無,備6
003,國立中興大學,003122,法律學系,離島(金門縣),--,無,備2
003,國立中興大學,003122,法律學系,離島(屏東縣),--,無,無
003,國立中興大學,003132,化學系,招生,--,無,備18
003,國立中興大學,003132,化學系,原住民,--,無,正取
003,國立中興大學,003142,物理學系一般物理組,招生,--,無,備14
003,國立中興大學,003142,物理學系一般物理組,原住民,--,無,無
003,國立中興大學,003152,物理學系光電物理組,招生,--,無,備14
003,國立中興大學,003152,物理學系光電物理組,原住民,--,無,無
003,國立中興大學,003162,應用數學系應用數學組,招生,--,無,備25
003,國立中興大學,003162,應用數學系應用數學組,原住民,--,無,無
003,國立中興大學,003172,應用數學系數據科學與計算組,招生,--,無,備36
003,國立中興大學,003172,應用數學系數據科學與計算組,原住民,--,無,無
003,國立中興大學,003182,應用數學系數據科學與計算組(資安組),招生,--,無,備4
003,國立中興大學,003192,機械工程學系,招生,--,無,備73
003,國立中興大學,003192,機械工程學系,原住民,--,無,備4
003,國立中興大學,003202,土木工程學系,招生,--,無,備91
003,國立中興大學,003202,土木工程學系,原住民,--,無,備1
003,國立中興大學,003212,環境工程學系,招生,--,無,備19
003,國立中興大學,003212,環境工程學系,原住民,--,無,正取
003,國立中興大學,003222,化學工程學系,招生,--,無,備24
003,國立中興大學,003222,化學工程學系,原住民,--,無,正取
003,國立中興大學,003232,材料科學與工程學系,招生,--,無,備31
003,國立中興大學,003232,材料科學與工程學系,原住民,--,無,正取
003,國立中興大學,003232,材料科學與工程學系,離島(金門縣),--,無,備3
003,國立中興大學,003242,智慧創意工程學士學位學程,招生,--,無,備8
003,國立中興大學,003242,智慧創意工程學士學位學程,原住民,--,無,無
003,國立中興大學,003252,電機工程學系,招生,--,無,備52
003,國立中興大學,003252,電機工程學系,原住民,--,無,備2
003,國立中興大學,003262,資訊工程學系,招生,--,無,備24
003,國立中興大學,003262,資訊工程學系,原住民,--,無,備1
003,國立中興大學,003272,資訊工程學系(APCS組),招生,--,無,備5
003,國立中興大學,003282,資訊工程學系(資安組),招生,--,無,備2
003,國立中興大學,003292,電機資訊學院學士班,招生,--,無,備32
003,國立中興大學,003292,電機資訊學院學士班,原住民,--,無,正取
003,國立中興大學,003302,生物產業機電工程學系,招生,--,無,備39
003,國立中興大學,003302,生物產業機電工程學系,原住民,--,無,無
003,國立中興大學,003312,水土保持學系,招生,--,無,備25
003,國立中興大學,003312,水土保持學系,原住民,--,無,無
003,國立中興大學,003322,食品暨應用生物科技學系,招生,--,無,備27
003,國立中興大學,003322,食品暨應用生物科技學系,原住民,--,無,正取
003,國立中興大學,003332,農藝學系,招生,--,無,備26
003,國立中興大學,003332,農藝學系,原住民,--,無,無
003,國立中興大學,003342,園藝學系,招生,--,無,備17
003,國立中興大學,003342,園藝學系,原住民,--,無,無
003,國立中興大學,003352,森林學系林學組,招生,--,無,備25
003,國立中興大學,003352,森林學系林學組,原住民,--,無,備1
003,國立中興大學,003362,森林學系木材科學組,招生,--,無,備23
003,國立中興大學,003362,森林學系木材科學組,原住民,--,無,無
003,國立中興大學,003372,植物病理學系,招生,--,無,備27
003,國立中興大學,003372,植物病理學系,原住民,--,無,正取
003,國立中興大學,003382,昆蟲學系,招生,--,無,備7
003,國立中興大學,003382,昆蟲學系,原住民,--,無,正取
003,國立中興大學,003392,動物科學系,招生,--,無,備17
003,國立中興大學,003392,動物科學系,原住民,--,無,備2
003,國立中興大學,003402,土壤環境科學系,招生,--,無,備18
003,國立中興大學,003402,土壤環境科學系,原住民,--,無,無
003,國立中興大學,003412,生物科技學士學位學程,招生,--,無,備17
003,國立中興大學,003412,生物科技學士學位學程,原住民,--,無,無
003,國立中興大學,003422,景觀與遊憩學士學位學程,招生,--,無,備22
003,國立中興大學,003422,景觀與遊憩學士學位學程,原住民,--,無,無
003,國立中興大學,003432,國際農企業學士學位學程,招生,--,無,備2
003,國立中興大學,003432,國際農企業學士學位學程,原住民,--,無,無
003,國立中興大學,003442,生命科學系,招生,--,無,備76
003,國立中興大學,003442,生命科學系,原住民,--,無,正取
003,國立中興大學,003452,獸醫學系,招生,--,無,備31
003,國立中興大學,003452,獸醫學系,原住民,--,無,備1
003,國立中興大學,003452,獸醫學系,離島(澎湖縣),--,無,正取
003,國立中興大學,003452,獸醫學系,離島(金門縣),--,無,備1
003,國立中興大學,003452,獸醫學系,離島(連江縣),--,無,正取
003,國立中興大學,003462,興翼招生A組(商學管理),招生,--,無,備33
003,國立中興大學,003472,興翼招生B組(文史法律),招生,--,無,備25
003,國立中興大學,003482,興翼招生C組(化學數學),招生,--,無,備7
003,國立中興大學,003492,興翼招生D組(化材電資暨工程),招生,--,無,備33
003,國立中興大學,003502,興翼招生E組(生物資源暨農業科技),招生,--,無,正取
003,國立中興大學,003512,興翼招生F組(生物科技暨獸醫),招生,--,無,備15
004,國立成功大學,004012,中國文學系,招生,--,無,備9
004,國立成功大學,004022,外國語文學系,招生,--,無,備8
004,國立成功大學,004032,歷史學系,招生,--,無,備16
004,國立成功大學,004032,歷史學系,原住民,--,無,備1
004,國立成功大學,004042,台灣文學系,招生,--,無,備8
004,國立成功大學,004042,台灣文學系,原住民,--,無,正取
004,國立成功大學,004052,數學系,招生,--,無,備37
004,國立成功大學,004052,數學系,原住民,--,無,無
004,國立成功大學,004062,物理學系,招生,--,無,備26
004,國立成功大學,004062,物理學系,原住民,--,無,正取
004,國立成功大學,004072,化學系,招生,--,無,備40
004,國立成功大學,004072,化學系,原住民,--,無,正取
004,國立成功大學,004082,地球科學系,招生,--,無,備11
004,國立成功大學,004082,地球科學系,原住民,--,無,無
004,國立成功大學,004092,光電科學與工程學系,招生,--,無,備34
004,國立成功大學,004092,光電科學與工程學系,原住民,--,無,備3
004,國立成功大學,004102,機械工程學系,招生,--,無,備46
004,國立成功大學,004102,機械工程學系,原住民,--,無,正取
004,國立成功大學,004102,機械工程學系,離島(澎湖縣),--,無,無
004,國立成功大學,004112,機械工程學系(普渡雙聯組),招生,--,無,備10
004,國立成功大學,004122,化學工程學系,招生,--,無,備91
004,國立成功大學,004122,化學工程學系,離島(澎湖縣),--,無,備1
004,國立成功大學,004132,材料科學及工程學系,招生,--,無,備41
004,國立成功大學,004142,資源工程學系,招生,--,無,備10
004,國立成功大學,004142,資源工程學系,原住民,--,無,正取
004,國立成功大學,004152,土木工程學系,招生,--,無,備53
004,國立成功大學,004152,土木工程學系,原住民,--,無,正取
004,國立成功大學,004152,土木工程學系,離島(澎湖縣),--,無,正取
004,國立成功大學,004152,土木工程學系,離島(金門縣),--,無,正取
004,國立成功大學,004162,土木工程學系(普渡雙聯組),招生,--,無,備1
004,國立成功大學,004172,水利及海洋工程學系,招生,--,無,備23
004,國立成功大學,004172,水利及海洋工程學系,原住民,--,無,無
004,國立成功大學,004172,水利及海洋工程學系,離島(澎湖縣),--,無,無
004,國立成功大學,004182,水利及海洋工程學系(普渡雙聯組),招生,--,無,正取
004,國立成功大學,004192,工程科學系,招生,--,無,備42
004,國立成功大學,004192,工程科學系,原住民,--,無,備2
004,國立成功大學,004202,系統及船舶機電工程學系,招生,--,無,備47
004,國立成功大學,004202,系統及船舶機電工程學系,原住民,--,無,正取
004,國立成功大學,004212,航空太空工程學系,招生,--,無,備43
004,國立成功大學,004222,能源工程國際學士學位學程,招生,--,無,備30
004,國立成功大學,004232,環境工程學系,招生,--,無,備30
004,國立成功大學,004232,環境工程學系,原住民,--,無,正取
004,國立成功大學,004242,環境工程學系(普渡雙聯組),招生,--,無,備2
004,國立成功大學,004252,測量及空間資訊學系,招生,--,無,備39
004,國立成功大學,004252,測量及空間資訊學系,原住民,--,無,無
004,國立成功大學,004262,測量及空間資訊學系(普渡雙聯組),招生,--,無,備1
004,國立成功大學,004272,生物醫學工程學系,招生,--,無,備27
004,國立成功大學,004282,工業與資訊管理學系,招生,--,無,備39
004,國立成功大學,004282,工業與資訊管理學系,原住民,--,無,無
004,國立成功大學,004292,交通管理科學系,招生,--,無,備18
004,國立成功大學,004292,交通管理科學系,離島(金門縣),--,無,無
004,國立成功大學,004302,統計與資料科學學系,招生,--,無,備18
004,國立成功大學,004312,會計學系,招生,--,無,備21
004,國立成功大學,004312,會計學系,原住民,--,無,正取
004,國立成功大學,004312,會計學系,離島(金門縣),--,無,備2
004,國立成功大學,004322,企業管理學系,招生,--,無,備19
004,國立成功大學,004322,企業管理學系,離島(澎湖縣),--,無,備2
004,國立成功大學,004322,企業管理學系,離島(金門縣),--,無,無
004,國立成功大學,004332,醫學系,招生,--,無,備18
004,國立成功大學,004342,醫學系(公費生),招生,--,無,備1
004,國立成功大學,004352,牙醫學系,招生,--,無,正取
004,國立成功大學,004352,牙醫學系,離島(澎湖縣),--,無,備2
004,國立成功大學,004352,牙醫學系,離島(金門縣),--,無,備1
004,國立成功大學,004362,醫學檢驗生物技術學系,招生,--,無,備9
004,國立成功大學,004362,醫學檢驗生物技術學系,原住民,--,無,無
004,國立成功大學,004372,護理學系,招生,--,無,備16
004,國立成功大學,004382,物理治療學系,招生,--,無,備17
004,國立成功大學,004382,物理治療學系,原住民,--,無,正取
004,國立成功大學,004382,物理治療學系,離島(澎湖縣),--,無,正取
004,國立成功大學,004392,職能治療學系,招生,--,無,備15
004,國立成功大學,004392,職能治療學系,離島(金門縣),--,無,無
004,國立成功大學,004402,藥學系,招生,--,無,備16
004,國立成功大學,004402,藥學系,離島(澎湖縣),--,無,備9
004,國立成功大學,004402,藥學系,離島(屏東縣),--,無,無
004,國立成功大學,004412,政治學系,招生,--,無,備19
004,國立成功大學,004412,政治學系,原住民,--,無,正取
004,國立成功大學,004422,經濟學系,招生,--,無,備24
004,國立成功大學,004422,經濟學系,原住民,--,無,備1
004,國立成功大學,004432,法律學系,招生,--,無,正取
004,國立成功大學,004432,法律學系,原住民,--,無,備1
004,國立成功大學,004432,法律學系,離島(澎湖縣),--,無,備2
004,國立成功大學,004432,法律學系,離島(金門縣),--,無,無
004,國立成功大學,004442,法律學系(青年儲蓄帳戶組),招生,--,無,無
004,國立成功大學,004452,心理學系,招生,--,無,備25
004,國立成功大學,004452,心理學系,原住民,--,無,正取
004,國立成功大學,004462,電機工程學系(甲組),招生,--,無,備67
004,國立成功大學,004462,電機工程學系(甲組),離島(金門縣),--,無,無
004,國立成功大學,004472,電機工程學系(乙組),招生,--,無,備183
004,國立成功大學,004472,電機工程學系(乙組),離島(澎湖縣),--,無,無
004,國立成功大學,004482,電機工程學系(普渡雙聯組),招生,--,無,備13
004,國立成功大學,004492,資訊工程學系,招生,--,無,備49
004,國立成功大學,004492,資訊工程學系,原住民,--,無,備1
004,國立成功大學,004492,資訊工程學系,離島(澎湖縣),--,無,無
004,國立成功大學,004502,資訊工程學系(智慧系統組),招生,--,無,備8
004,國立成功大學,004512,資訊工程學系(普渡雙聯組),招生,--,無,備9
004,國立成功大學,004522,建築學系,招生,--,無,備17
004,國立成功大學,004522,建築學系,原住民,--,無,備1
004,國立成功大學,004522,建築學系,離島(澎湖縣),--,無,備1
004,國立成功大學,004522,建築學系,離島(金門縣),--,無,正取
004,國立成功大學,004522,建築學系,離島(連江縣),--,無,備1
004,國立成功大學,004532,都市計劃學系,招生,--,無,備24
004,國立成功大學,004532,都市計劃學系,原住民,--,無,無
004,國立成功大學,004542,工業設計學系,招生,--,無,備17
004,國立成功大學,004552,生命科學系,招生,--,無,備36
004,國立成功大學,004552,生命科學系,原住民,--,無,正取
004,國立成功大學,004562,生物科技與產業科學系,招生,--,無,備23
004,國立成功大學,004562,生物科技與產業科學系,原住民,--,無,無
004,國立成功大學,004572,生物科技與產業科學系(青年儲蓄帳戶組),招生,--,無,無
004,國立成功大學,004582,生物科技與產業科學系(APCS組),招生,--,無,正取
004,國立成功大學,004592,全校不分系學士學位學程,招生,--,無,備21
004,國立成功大學,004592,全校不分系學士學位學程,原住民,--,無,正取
004,國立成功大學,004602,全校不分系學士學位學程(運動科學組),招生,--,無,正取
004,國立成功大學,004612,成星招生甲組(文社),招生,--,無,備19
004,國立成功大學,004622,成星招生乙組(管理),招生,--,無,備27
004,國立成功大學,004632,成星招生丙組(理),招生,--,無,備3
004,國立成功大學,004642,成星招生丁組(工),招生,--,無,備35
004,國立成功大學,004652,成星招生戊組(生醫),招生,--,無,備14
005,東吳大學,005012,中國文學系,招生,--,無,備38
005,東吳大學,005012,中國文學系,原住民,--,無,無
005,東吳大學,005022,歷史學系,招生,--,無,備15
005,東吳大學,005022,歷史學系,原住民,--,無,正取
005,東吳大學,005032,哲學系,招生,--,無,備17
005,東吳大學,005032,哲學系,原住民,--,無,無
005,東吳大學,005042,政治學系,招生,--,無,備54
005,東吳大學,005042,政治學系,原住民,--,無,備1
005,東吳大學,005052,社會學系,招生,--,無,備40
005,東吳大學,005052,社會學系,原住民,--,無,無
005,東吳大學,005062,社會工作學系,招生,--,無,備69
005,東吳大學,005062,社會工作學系,原住民,--,無,備9
005,東吳大學,005072,英文學系,招生,--,無,備77
005,東吳大學,005072,英文學系,原住民,--,無,備1
005,東吳大學,005082,日本語文學系,招生,--,無,備98
005,東吳大學,005082,日本語文學系,原住民,--,無,備1
005,東吳大學,005082,日本語文學系,離島(金門縣),--,無,備1
005,東吳大學,005092,德國文化學系,招生,--,無,備29
005,東吳大學,005092,德國文化學系,原住民,--,無,備1
005,東吳大學,005102,數學系,招生,--,無,備26
005,東吳大學,005102,數學系,原住民,--,無,無
005,東吳大學,005112,物理學系,招生,--,無,備37
005,東吳大學,005122,化學系,招生,--,無,備26
005,東吳大學,005122,化學系,原住民,--,無,無
005,東吳大學,005132,微生物學系,招生,--,無,備41
005,東吳大學,005132,微生物學系,原住民,--,無,無
005,東吳大學,005142,心理學系,招生,--,無,備54
005,東吳大學,005142,心理學系,原住民,--,無,備5
005,東吳大學,005142,心理學系,離島(金門縣),--,無,備1
005,東吳大學,005152,法律學系,招生,--,無,備122
005,東吳大學,005152,法律學系,原住民,--,無,備9
005,東吳大學,005152,法律學系,離島(金門縣),--,無,備1
005,東吳大學,005162,經濟學系,招生,--,無,備127
005,東吳大學,005162,經濟學系,原住民,--,無,正取
005,東吳大學,005172,會計學系,招生,--,無,備171
005,東吳大學,005172,會計學系,離島(澎湖縣),--,無,正取
005,東吳大學,005172,會計學系,離島(金門縣),--,無,無
005,東吳大學,005182,企業管理學系,招生,--,無,備159
005,東吳大學,005192,國際經營與貿易學系,招生,--,無,備61
005,東吳大學,005192,國際經營與貿易學系,原住民,--,無,無
005,東吳大學,005202,財務工程與精算數學系,招生,--,無,備153
005,東吳大學,005212,資訊管理學系(資訊管理組),招生,--,無,備40
005,東吳大學,005222,資訊管理學系(人工智慧組),招生,--,無,備74
005,東吳大學,005232,資訊管理學系(APCS組),招生,--,無,備1
005,東吳大學,005242,資料科學系,招生,--,無,備43
005,東吳大學,005242,資料科學系,原住民,--,無,正取
005,東吳大學,005252,音樂學系,招生,鋼琴,無,備22
005,東吳大學,005252,音樂學系,招生,聲樂,無,備6
005,東吳大學,005252,音樂學系,招生,小提琴,無,備17
005,東吳大學,005252,音樂學系,招生,中提琴,無,備12
005,東吳大學,005252,音樂學系,招生,大提琴,無,備7
005,東吳大學,005252,音樂學系,招生,低音提琴,無,備5
005,東吳大學,005252,音樂學系,招生,長號,無,無
005,東吳大學,005252,音樂學系,招生,小號,無,備2
005,東吳大學,005252,音樂學系,招生,法國號,無,備1
005,東吳大學,005252,音樂學系,招生,上低音號,無,正取
005,東吳大學,005252,音樂學系,招生,低音號,無,無
005,東吳大學,005252,音樂學系,招生,薩克斯管,無,無
005,東吳大學,005252,音樂學系,招生,長笛,無,備5
005,東吳大學,005252,音樂學系,招生,單簧管(豎笛),無,備4
005,東吳大學,005252,音樂學系,招生,雙簧管,無,無
005,東吳大學,005252,音樂學系,招生,低音管,無,備3
005,東吳大學,005252,音樂學系,招生,擊樂,無,備8
005,東吳大學,005252,音樂學系,招生,理論作曲,無,無
006,國立政治大學,006012,中國文學系,招生,--,無,備30
006,國立政治大學,006012,中國文學系,原住民,--,無,備1
006,國立政治大學,006022,歷史學系,招生,--,無,備22
006,國立政治大學,006022,歷史學系,原住民,--,無,無
006,國立政治大學,006032,哲學系,招生,--,無,備16
006,國立政治大學,006042,教育學系,招生,--,無,備15
006,國立政治大學,006042,教育學系,原住民,--,無,正取
006,國立政治大學,006052,政治學系,招生,--,無,備18
006,國立政治大學,006052,政治學系,原住民,--,無,備1
006,國立政治大學,006062,社會學系,招生,--,無,備24
006,國立政治大學,006062,社會學系,原住民,--,無,備3
006,國立政治大學,006062,社會學系,離島(金門縣),--,無,備1
006,國立政治大學,006072,財政學系,招生,--,無,備26
006,國立政治大學,006072,財政學系,原住民,--,無,備3
006,國立政治大學,006082,公共行政學系,招生,--,無,正取
006,國立政治大學,006082,公共行政學系,原住民,--,無,無
006,國立政治大學,006092,地政學系土地資源規劃組,招生,--,無,備23
006,國立政治大學,006102,地政學系土地管理組,招生,--,無,備27
006,國立政治大學,006112,地政學系土地測量與資訊組,招生,--,無,備14
006,國立政治大學,006122,經濟學系,招生,--,無,備41
006,國立政治大學,006132,民族學系,招生,--,無,備12
006,國立政治大學,006132,民族學系,原住民,--,無,備1
006,國立政治大學,006142,外交學系,招生,--,無,備19
006,國立政治大學,006142,外交學系,原住民,--,無,正取
006,國立政治大學,006152,國際經營與貿易學系,招生,--,無,備36
006,國立政治大學,006152,國際經營與貿易學系,離島(金門縣),--,無,備1
006,國立政治大學,006162,金融學系,招生,--,無,備39
006,國立政治大學,006162,金融學系,離島(澎湖縣),--,無,無
006,國立政治大學,006172,會計學系,招生,--,無,備16
006,國立政治大學,006172,會計學系,原住民,--,無,無
006,國立政治大學,006182,統計學系(甲組),招生,--,無,備14
006,國立政治大學,006192,統計學系(乙組),招生,--,無,備2
006,國立政治大學,006202,企業管理學系,招生,--,無,備40
006,國立政治大學,006202,企業管理學系,離島(澎湖縣),--,無,無
006,國立政治大學,006212,資訊管理學系,招生,--,無,備41
006,國立政治大學,006212,資訊管理學系,原住民,--,無,正取
006,國立政治大學,006212,資訊管理學系,離島(澎湖縣),--,無,正取
006,國立政治大學,006222,財務管理學系,招生,--,無,備47
006,國立政治大學,006222,財務管理學系,離島(金門縣),--,無,備1
006,國立政治大學,006232,風險管理與保險學系,招生,--,無,備18
006,國立政治大學,006232,風險管理與保險學系,原住民,--,無,正取
006,國立政治大學,006242,傳播學院大一大二不分系(社會組),招生,--,無,備51
006,國立政治大學,006242,傳播學院大一大二不分系(社會組),原住民,--,無,備2
006,國立政治大學,006242,傳播學院大一大二不分系(社會組),離島(金門縣),--,無,備1
006,國立政治大學,006252,傳播學院大一大二不分系(自然組),招生,--,無,備9
006,國立政治大學,006262,英國語文學系,招生,--,無,備22
006,國立政治大學,006262,英國語文學系,原住民,--,無,正取
006,國立政治大學,006272,阿拉伯語文學系,招生,--,無,備2
006,國立政治大學,006282,斯拉夫語文學系,招生,--,無,備7
006,國立政治大學,006282,斯拉夫語文學系,原住民,--,無,無
006,國立政治大學,006292,日本語文學系,招生,--,無,備21
006,國立政治大學,006292,日本語文學系,原住民,--,無,備1
006,國立政治大學,006302,韓國語文學系,招生,--,無,備2
006,國立政治大學,006302,韓國語文學系,原住民,--,無,正取
006,國立政治大學,006302,韓國語文學系,離島(澎湖縣),--,無,無
006,國立政治大學,006312,土耳其語文學系,招生,--,無,備3
006,國立政治大學,006312,土耳其語文學系,原住民,--,無,無
006,國立政治大學,006322,歐洲語文學系法文組,招生,--,無,備4
006,國立政治大學,006322,歐洲語文學系法文組,原住民,--,無,正取
006,國立政治大學,006332,歐洲語文學系德文組,招生,--,無,備11
006,國立政治大學,006332,歐洲語文學系德文組,原住民,--,無,正取
006,國立政治大學,006342,歐洲語文學系西班牙文組,招生,--,無,備12
006,國立政治大學,006342,歐洲語文學系西班牙文組,原住民,--,無,備2
006,國立政治大學,006352,東南亞語文學系越文組,招生,--,無,正取
006,國立政治大學,006362,東南亞語文學系泰文組,招生,--,無,正取
006,國立政治大學,006372,東南亞語文學系印尼文組,招生,--,無,備1
006,國立政治大學,006382,法律學系,招生,--,無,備54
006,國立政治大學,006382,法律學系,原住民,--,無,備3
006,國立政治大學,006382,法律學系,離島(澎湖縣),--,無,備1
006,國立政治大學,006382,法律學系,離島(金門縣),--,無,備4
006,國立政治大學,006392,應用數學系,招生,--,無,備14
006,國立政治大學,006392,應用數學系,原住民,--,無,無
006,國立政治大學,006402,心理學系,招生,--,無,備17
006,國立政治大學,006412,資訊科學系,招生,--,無,備24
006,國立政治大學,006412,資訊科學系,原住民,--,無,無
006,國立政治大學,006422,資訊科學系(跨領域組),招生,--,無,備6
006,國立政治大學,006432,資訊科學系(APCS組),招生,--,無,備2
006,國立政治大學,006442,資訊科學系(資安組),招生,--,無,備1
006,國立政治大學,006452,創新國際學院學士班,招生,--,無,備9
006,國立政治大學,006452,創新國際學院學士班,原住民,--,無,無
006,國立政治大學,006462,政星招生(甲組),招生,--,無,備26
006,國立政治大學,006472,政星招生(乙組),招生,--,無,備5
007,高雄醫學大學,007012,醫學系,招生,--,無,備175
007,高雄醫學大學,007022,運動醫學系,招生,--,無,備30
007,高雄醫學大學,007032,呼吸治療學系,招生,--,無,備34
007,高雄醫學大學,007042,牙醫學系,招生,--,無,備53
007,高雄醫學大學,007042,牙醫學系,離島(澎湖縣),--,無,正取
007,高雄醫學大學,007042,牙醫學系,離島(金門縣),--,無,備3
007,高雄醫學大學,007042,牙醫學系,離島(連江縣),--,無,備3
007,高雄醫學大學,007052,口腔衛生學系,招生,--,無,備15
007,高雄醫學大學,007062,口腔衛生學系(英語組),招生,--,無,無
007,高雄醫學大學,007072,藥學系,招生,--,無,備84
007,高雄醫學大學,007072,藥學系,離島(澎湖縣),--,無,備2
007,高雄醫學大學,007082,香粧品學系,招生,--,無,備65
007,高雄醫學大學,007082,香粧品學系,原住民,--,無,無
007,高雄醫學大學,007092,護理學系,招生,--,無,備51
007,高雄醫學大學,007102,公共衛生學系,招生,--,無,備29
007,高雄醫學大學,007102,公共衛生學系,原住民,--,無,無
007,高雄醫學大學,007112,醫學檢驗生物技術學系,招生,--,無,備17
007,高雄醫學大學,007112,醫學檢驗生物技術學系,原住民,--,無,備1
007,高雄醫學大學,007112,醫學檢驗生物技術學系,離島(澎湖縣),--,無,備1
007,高雄醫學大學,007122,醫學影像暨放射科學系,招生,--,無,備26
007,高雄醫學大學,007122,醫學影像暨放射科學系,原住民,--,無,正取
007,高雄醫學大學,007132,職能治療學系,招生,--,無,備22
007,高雄醫學大學,007132,職能治療學系,原住民,--,無,正取
007,高雄醫學大學,007132,職能治療學系,離島(澎湖縣),--,無,備2
007,高雄醫學大學,007142,物理治療學系,招生,--,無,備14
007,高雄醫學大學,007142,物理治療學系,原住民,--,無,備3
007,高雄醫學大學,007142,物理治療學系,離島(澎湖縣),--,無,備3
007,高雄醫學大學,007142,物理治療學系,離島(金門縣),--,無,正取
007,高雄醫學大學,007152,醫務管理暨醫療資訊學系,招生,--,無,備10
007,高雄醫學大學,007152,醫務管理暨醫療資訊學系,原住民,--,無,備1
007,高雄醫學大學,007162,醫務管理暨醫療資訊學系(APCS組),招生,--,無,正取
007,高雄醫學大學,007172,醫藥暨應用化學系應用化學組,招生,--,無,備18
007,高雄醫學大學,007172,醫藥暨應用化學系應用化學組,原住民,--,無,無
007,高雄醫學大學,007182,醫藥暨應用化學系醫藥化學組,招生,--,無,備12
007,高雄醫學大學,007182,醫藥暨應用化學系醫藥化學組,原住民,--,無,無
007,高雄醫學大學,007192,生物醫學暨環境生物學系,招生,--,無,備27
007,高雄醫學大學,007192,生物醫學暨環境生物學系,原住民,--,無,無
007,高雄醫學大學,007202,生物科技學系,招生,--,無,備26
007,高雄醫學大學,007202,生物科技學系,原住民,--,無,無
007,高雄醫學大學,007212,生命科學院學士班(英語組),招生,--,無,備2
007,高雄醫學大學,007222,心理學系,招生,--,無,備67
007,高雄醫學大學,007222,心理學系,原住民,--,無,備1
007,高雄醫學大學,007232,醫學社會學與社會工作學系,招生,--,無,備32
007,高雄醫學大學,007232,醫學社會學與社會工作學系,原住民,--,無,備3
007,高雄醫學大學,007242,薪火招生(醫學系),招生,--,無,正取
007,高雄醫學大學,007252,薪火招生(牙醫學系),招生,--,無,備1
007,高雄醫學大學,007262,薪火招生(藥學系),招生,--,無,正取
007,高雄醫學大學,007272,薪火招生(運動醫學系),招生,--,無,備1
007,高雄醫學大學,007282,薪火招生B組(醫事證照類),招生,--,無,備9
007,高雄醫學大學,007292,薪火招生C組(應化、醫化與香粧品學系),招生,--,無,備2
007,高雄醫學大學,007302,薪火招生D組(人文社會科學類),招生,--,無,備3
007,高雄醫學大學,007312,薪火招生E組(生命科學類),招生,--,無,備3
007,高雄醫學大學,007322,薪火招生F組(口衛、公衛與醫管資學系),招生,--,無,正取
008,中原大學,008012,應用數學系,招生,--,無,備76
008,中原大學,008012,應用數學系,原住民,--,無,無
008,中原大學,008022,物理學系物理組,招生,--,無,備32
008,中原大學,008022,物理學系物理組,原住民,--,無,備1
008,中原大學,008032,物理學系光電與材料科學組,招生,--,無,備31
008,中原大學,008032,物理學系光電與材料科學組,原住民,--,無,正取
008,中原大學,008042,化學系化學組,招生,--,無,備38
008,中原大學,008042,化學系化學組,原住民,--,無,無
008,中原大學,008052,化學系材料化學組,招生,--,無,備50
008,中原大學,008052,化學系材料化學組,原住民,--,無,備1
008,中原大學,008062,心理學系,招生,--,無,備84
008,中原大學,008062,心理學系,原住民,--,無,備2
008,中原大學,008072,生物科技學系,招生,--,無,備84
008,中原大學,008082,化學工程學系綠能製程組,招生,--,無,備32
008,中原大學,008092,化學工程學系生化工程組,招生,--,無,備34
008,中原大學,008102,化學工程學系材料工程組,招生,--,無,備42
008,中原大學,008112,土木工程學系,招生,--,無,備98
008,中原大學,008112,土木工程學系,離島(澎湖縣),--,無,正取
008,中原大學,008122,機械工程學系,招生,--,無,備110
008,中原大學,008122,機械工程學系,原住民,--,無,備2
008,中原大學,008132,生物醫學工程學系,招生,--,無,備93
008,中原大學,008132,生物醫學工程學系,原住民,--,無,備4
008,中原大學,008142,環境工程學系,招生,--,無,備53
008,中原大學,008152,電機資訊學院學士班,招生,--,無,備24
008,中原大學,008162,工業與系統工程學系工程組,招生,--,無,備61
008,中原大學,008172,工業與系統工程學系管理組,招生,--,無,備29
008,中原大學,008182,電子工程學系,招生,--,無,備94
008,中原大學,008182,電子工程學系,原住民,--,無,備5
008,中原大學,008192,資訊工程學系,招生,--,無,備64
008,中原大學,008192,資訊工程學系,原住民,--,無,備1
008,中原大學,008202,電機工程學系,招生,--,無,備86
008,中原大學,008202,電機工程學系,原住民,--,無,正取
008,中原大學,008202,電機工程學系,離島(金門縣),--,無,正取
008,中原大學,008212,中原大學美國威大密爾瓦基分校電機與資訊工程雙學士學位學程,招生,--,無,備19
008,中原大學,008222,電機資訊學院智慧運算與大數據學士班,招生,--,無,備38
008,中原大學,008232,企業管理學系服務業管理組,招生,--,無,備23
008,中原大學,008242,企業管理學系高科技業管理組,招生,--,無,備31
008,中原大學,008252,企業管理學系工商管理組,招生,--,無,備62
008,中原大學,008262,國際經營與貿易學系,招生,--,無,備51
008,中原大學,008272,會計學系,招生,--,無,備94
008,中原大學,008282,資訊管理學系,招生,--,無,備79
008,中原大學,008282,資訊管理學系,原住民,--,無,備1
008,中原大學,008292,財務金融學系,招生,--,無,備70
008,中原大學,008292,財務金融學系,原住民,--,無,備2
008,中原大學,008292,財務金融學系,離島(金門縣),--,無,備1
008,中原大學,008302,中原大學與美國天普大學商學管理雙學士學位學程,招生,--,無,備10
008,中原大學,008312,財經法律學系財貿法組,招生,--,無,備27
008,中原大學,008322,財經法律學系科技法組,招生,--,無,備24
008,中原大學,008332,建築學系,招生,--,無,備45
008,中原大學,008332,建築學系,離島(金門縣),--,無,正取
008,中原大學,008342,室內設計學系,招生,--,無,備30
008,中原大學,008342,室內設計學系,原住民,--,無,備1
008,中原大學,008352,商業設計學系商業設計組,招生,--,無,備42
008,中原大學,008362,商業設計學系產品設計組乙類,招生,--,無,備6
008,中原大學,008372,地景建築學系,招生,--,無,備31
008,中原大學,008372,地景建築學系,原住民,--,無,備1
008,中原大學,008382,英國牛津布魯克斯大學建築及都市設計雙學士學位學程,招生,--,無,備8
008,中原大學,008392,特殊教育學系,招生,--,無,備34
008,中原大學,008402,應用外國語文學系,招生,--,無,備57
008,中原大學,008412,應用華語文學系,招生,--,無,備62
008,中原大學,008412,應用華語文學系,原住民,--,無,正取
008,中原大學,008422,半導體產業學士學位學程,招生,--,無,備28
008,中原大學,008432,商業設計學系產品設計組甲類,招生,--,無,備12
009,東海大學,009012,中國文學系,招生,--,無,備51
009,東海大學,009012,中國文學系,原住民,--,無,備1
009,東海大學,009022,外國語文學系,招生,--,無,備37
009,東海大學,009022,外國語文學系,原住民,--,無,無
009,東海大學,009032,歷史學系,招生,--,無,備19
009,東海大學,009032,歷史學系,原住民,--,無,備2
009,東海大學,009042,日本語言文化學系,招生,--,無,備56
009,東海大學,009042,日本語言文化學系,原住民,--,無,正取
009,東海大學,009052,哲學系,招生,--,無,備24
009,東海大學,009052,哲學系,原住民,--,無,備1
009,東海大學,009062,應用物理學系,招生,--,無,備27
009,東海大學,009062,應用物理學系,原住民,--,無,無
009,東海大學,009072,化學系化學組,招生,--,無,備35
009,東海大學,009072,化學系化學組,原住民,--,無,無
009,東海大學,009082,化學系化學生物組,招生,--,無,備38
009,東海大學,009082,化學系化學生物組,原住民,--,無,無
009,東海大學,009092,生命科學系(生物醫學組),招生,--,無,備47
009,東海大學,009092,生命科學系(生物醫學組),原住民,--,無,無
009,東海大學,009102,生命科學系(生態暨生物多樣性組),招生,--,無,備22
009,東海大學,009102,生命科學系(生態暨生物多樣性組),原住民,--,無,無
009,東海大學,009112,智慧計算暨應用數學系(A組),招生,--,無,備14
009,東海大學,009112,智慧計算暨應用數學系(A組),原住民,--,無,無
009,東海大學,009122,智慧計算暨應用數學系(B組),招生,--,無,備18
009,東海大學,009132,化學工程與材料工程學系,招生,--,無,備62
009,東海大學,009132,化學工程與材料工程學系,原住民,--,無,無
009,東海大學,009142,工業工程與經營資訊學系(智慧設計與生產組),招生,--,無,備26
009,東海大學,009142,工業工程與經營資訊學系(智慧設計與生產組),原住民,--,無,無
009,東海大學,009152,工業工程與經營資訊學系(智慧經營與管理組),招生,--,無,備30
009,東海大學,009152,工業工程與經營資訊學系(智慧經營與管理組),原住民,--,無,無
009,東海大學,009162,環境科學與工程學系,招生,--,無,備69
009,東海大學,009162,環境科學與工程學系,原住民,--,無,無
009,東海大學,009172,資訊工程學系,招生,--,無,備101
009,東海大學,009172,資訊工程學系,原住民,--,無,正取
009,東海大學,009182,資訊工程學系(APCS組),招生,--,無,備2
009,東海大學,009192,電機工程學系,招生,--,無,備37
009,東海大學,009192,電機工程學系,原住民,--,無,正取
009,東海大學,009202,企業管理學系,招生,--,無,備114
009,東海大學,009202,企業管理學系,原住民,--,無,備3
009,東海大學,009212,國際經營與貿易學系,招生,--,無,備54
009,東海大學,009222,會計學系,招生,--,無,備78
009,東海大學,009222,會計學系,原住民,--,無,備1
009,東海大學,009232,財務金融學系,招生,--,無,備68
009,東海大學,009232,財務金融學系,原住民,--,無,無
009,東海大學,009242,統計學系(巨量資料管理組),招生,--,無,備39
009,東海大學,009242,統計學系(巨量資料管理組),原住民,--,無,無
009,東海大學,009252,統計學系(決策管理組),招生,--,無,備57
009,東海大學,009252,統計學系(決策管理組),原住民,--,無,無
009,東海大學,009262,資訊管理學系,招生,--,無,備57
009,東海大學,009262,資訊管理學系,原住民,--,無,無
009,東海大學,009272,經濟學系,招生,--,無,備97
009,東海大學,009282,政治學系,招生,--,無,備31
009,東海大學,009282,政治學系,原住民,--,無,備1
009,東海大學,009292,行政管理暨政策學系,招生,--,無,備43
009,東海大學,009292,行政管理暨政策學系,原住民,--,無,正取
009,東海大學,009302,社會學系,招生,--,無,備49
009,東海大學,009302,社會學系,原住民,--,無,備3
009,東海大學,009312,社會工作學系,招生,--,無,備86
009,東海大學,009312,社會工作學系,原住民,--,無,備4
009,東海大學,009322,畜產與生物科技學系,招生,--,無,備62
009,東海大學,009322,畜產與生物科技學系,原住民,--,無,無
009,東海大學,009332,食品科學系,招生,--,無,備65
009,東海大學,009332,食品科學系,原住民,--,無,正取
009,東海大學,009342,餐旅管理學系,招生,--,無,備28
009,東海大學,009342,餐旅管理學系,原住民,--,無,正取
009,東海大學,009352,高齡健康與運動科學學士學位學程,招生,--,無,備21
009,東海大學,009352,高齡健康與運動科學學士學位學程,原住民,--,無,正取
009,東海大學,009362,建築學系,招生,--,無,備31
009,東海大學,009372,工業設計學系(A組),招生,--,無,備12
009,東海大學,009372,工業設計學系(A組),原住民,--,無,無
009,東海大學,009382,工業設計學系(B組),招生,--,無,備7
009,東海大學,009382,工業設計學系(B組),原住民,--,無,正取
009,東海大學,009392,景觀學系,招生,--,無,備29
009,東海大學,009392,景觀學系,原住民,--,無,正取
009,東海大學,009402,法律學系,招生,--,無,備43
009,東海大學,009402,法律學系,原住民,--,無,備1
009,東海大學,009412,國際學院國際經營管理學位學程,招生,--,無,備35
009,東海大學,009422,永續科學與管理學士學位學程,招生,--,無,備7
009,東海大學,009422,永續科學與管理學士學位學程,原住民,--,無,正取
009,東海大學,009432,音樂學系(演奏唱組),招生,鋼琴,無,備13
009,東海大學,009432,音樂學系(演奏唱組),招生,聲樂,無,備12
009,東海大學,009432,音樂學系(演奏唱組),招生,小提琴,無,備2
009,東海大學,009432,音樂學系(演奏唱組),招生,中提琴,無,備2
009,東海大學,009432,音樂學系(演奏唱組),招生,大提琴,無,備1
009,東海大學,009432,音樂學系(演奏唱組),招生,低音提琴,無,備3
009,東海大學,009432,音樂學系(演奏唱組),招生,小號,無,備4
009,東海大學,009432,音樂學系(演奏唱組),招生,法國號,無,備4
009,東海大學,009432,音樂學系(演奏唱組),招生,低音號,無,備2
009,東海大學,009432,音樂學系(演奏唱組),招生,薩克斯管,無,正取
009,東海大學,009432,音樂學系(演奏唱組),招生,長笛,無,備2
009,東海大學,009432,音樂學系(演奏唱組),招生,單簧管(豎笛),無,備2
009,東海大學,009432,音樂學系(演奏唱組),招生,擊樂,無,備1
009,東海大學,009432,音樂學系(演奏唱組),原住民,--,無,備2
009,東海大學,009442,音樂學系(音樂治療組),招生,--,無,備4
009,東海大學,009442,音樂學系(音樂治療組),原住民,--,無,無
009,東海大學,009452,美術學系,招生,--,無,備29
011,國立清華大學,011012,中國文學系甲組(一般組),招生,--,無,備14
011,國立清華大學,011022,中國文學系乙組(華語文教學組),招生,--,無,正取
011,國立清華大學,011032,外國語文學系,招生,--,無,備18
011,國立清華大學,011032,外國語文學系,原住民,--,無,正取
011,國立清華大學,011042,人文社會學院學士班,招生,--,無,備57
011,國立清華大學,011042,人文社會學院學士班,原住民,--,無,備1
011,國立清華大學,011052,教育與學習科技學系,招生,--,無,備21
011,國立清華大學,011052,教育與學習科技學系,原住民,--,無,無
011,國立清華大學,011062,教育與學習科技學系(公費生),招生,--,無,無
011,國立清華大學,011072,幼兒教育學系,招生,--,無,備14
011,國立清華大學,011072,幼兒教育學系,原住民,--,無,正取
011,國立清華大學,011082,教育心理與諮商學系,招生,--,無,備15
011,國立清華大學,011082,教育心理與諮商學系,原住民,--,無,正取
011,國立清華大學,011092,教育心理與諮商學系(公費生),招生,--,無,無
011,國立清華大學,011102,特殊教育學系,招生,--,無,備8
011,國立清華大學,011102,特殊教育學系,原住民,--,無,無
011,國立清華大學,011112,英語教學系,招生,--,無,備12
011,國立清華大學,011122,竹師教育學院學士班,招生,--,無,備8
011,國立清華大學,011132,環境與文化資源學系,招生,--,無,備11
011,國立清華大學,011132,環境與文化資源學系,原住民,--,無,正取
011,國立清華大學,011142,經濟學系,招生,--,無,備73
011,國立清華大學,011152,科技管理學院學士班,招生,--,無,備29
011,國立清華大學,011152,科技管理學院學士班,原住民,--,無,無
011,國立清華大學,011162,計量財務金融學系,招生,--,無,備60
011,國立清華大學,011172,數學系甲組(數學組),招生,--,無,備9
011,國立清華大學,011182,數學系乙組(應用數學組),招生,--,無,備10
011,國立清華大學,011192,物理學系物理組(甲組一般組),招生,--,無,備23
011,國立清華大學,011192,物理學系物理組(甲組一般組),原住民,--,無,無
011,國立清華大學,011202,物理學系物理組(乙組天文物理組),招生,--,無,備1
011,國立清華大學,011212,物理學系光電物理組,招生,--,無,備7
011,國立清華大學,011212,物理學系光電物理組,原住民,--,無,無
011,國立清華大學,011222,化學系,招生,--,無,備16
011,國立清華大學,011232,理學院學士班,招生,--,無,備22
011,國立清華大學,011242,生醫工程與環境科學系,招生,--,無,備22
011,國立清華大學,011252,工程與系統科學系甲組(低碳綠能組),招生,--,無,備38
011,國立清華大學,011252,工程與系統科學系甲組(低碳綠能組),原住民,--,無,無
011,國立清華大學,011262,工程與系統科學系乙組(智慧奈米系統組),招生,--,無,備25
011,國立清華大學,011262,工程與系統科學系乙組(智慧奈米系統組),原住民,--,無,無
011,國立清華大學,011272,原子科學院學士班,招生,--,無,備20
011,國立清華大學,011282,化學工程學系,招生,--,無,備21
011,國立清華大學,011282,化學工程學系,原住民,--,無,無
011,國立清華大學,011292,動力機械工程學系,招生,--,無,備46
011,國立清華大學,011292,動力機械工程學系,原住民,--,無,備1
011,國立清華大學,011302,材料科學工程學系,招生,--,無,備87
011,國立清華大學,011312,工業工程與工程管理學系,招生,--,無,備54
011,國立清華大學,011312,工業工程與工程管理學系,原住民,--,無,無
011,國立清華大學,011322,工學院學士班,招生,--,無,備23
011,國立清華大學,011322,工學院學士班,原住民,--,無,正取
011,國立清華大學,011332,電機工程學系甲組,招生,--,無,備4
011,國立清華大學,011342,電機工程學系乙組,招生,--,無,備73
011,國立清華大學,011352,資訊工程學系甲組(電子資訊組),招生,--,無,備5
011,國立清華大學,011362,資訊工程學系乙組(資訊工程組),招生,--,無,備26
011,國立清華大學,011372,資訊工程學系丙組(人工智慧組),招生,--,無,備6
011,國立清華大學,011382,資訊工程學系(APCS組),招生,--,無,備3
011,國立清華大學,011392,資訊工程學系(資安組),招生,--,無,備3
011,國立清華大學,011402,電機資訊學院學士班,招生,--,無,備24
011,國立清華大學,011412,生命科學系,招生,--,無,備29
011,國立清華大學,011422,醫學科學系,招生,--,無,備36
011,國立清華大學,011432,生命科學暨醫學院學士班,招生,--,無,備32
011,國立清華大學,011432,生命科學暨醫學院學士班,原住民,--,無,無
011,國立清華大學,011442,清華學院學士班甲組(不分系招生–創新設計),招生,--,無,備1
011,國立清華大學,011452,清華學院學士班乙組(青年儲蓄帳戶組),招生,--,無,無
011,國立清華大學,011462,旭日招生甲組(人文、教育),招生,--,無,備14
011,國立清華大學,011472,旭日招生乙組(科管),招生,--,無,備3
011,國立清華大學,011472,旭日招生乙組(科管),原住民,--,無,正取
011,國立清華大學,011482,旭日招生丙組(理工、原科、生科),招生,--,無,備26
011,國立清華大學,011482,旭日招生丙組(理工、原科、生科),原住民,--,無,無
011,國立清華大學,011492,旭日招生丁組(電資院),招生,--,無,備3
011,國立清華大學,011492,旭日招生丁組(電資院),原住民,--,無,無
011,國立清華大學,011502,運動科學系,招生,--,無,備16
011,國立清華大學,011502,運動科學系,原住民,--,無,備2
011,國立清華大學,011512,運動科學系(公費生),招生,--,無,正取
011,國立清華大學,011522,藝術學院學士班(科技藝術組),招生,--,無,備6
011,國立清華大學,011532,藝術學院學士班(音樂組),招生,--,無,備3
011,國立清華大學,011542,藝術學院學士班(創意媒體實踐組),招生,--,無,備4
011,國立清華大學,011552,音樂學系,招生,鋼琴,無,備40
011,國立清華大學,011552,音樂學系,招生,聲樂,無,備11
011,國立清華大學,011552,音樂學系,招生,小提琴,無,備26
011,國立清華大學,011552,音樂學系,招生,中提琴,無,備2
011,國立清華大學,011552,音樂學系,招生,大提琴,無,備5
011,國立清華大學,011552,音樂學系,招生,低音提琴,無,備3
011,國立清華大學,011552,音樂學系,招生,長號,無,備1
011,國立清華大學,011552,音樂學系,招生,小號,無,備2
011,國立清華大學,011552,音樂學系,招生,法國號,無,備3
011,國立清華大學,011552,音樂學系,招生,上低音號,無,備2
011,國立清華大學,011552,音樂學系,招生,薩克斯管,無,備3
011,國立清華大學,011552,音樂學系,招生,長笛,無,備1
011,國立清華大學,011552,音樂學系,招生,單簧管(豎笛),無,備5
011,國立清華大學,011552,音樂學系,招生,雙簧管,無,備2
011,國立清華大學,011552,音樂學系,招生,直笛,無,正取
011,國立清華大學,011552,音樂學系,招生,擊樂,無,備5
011,國立清華大學,011552,音樂學系,招生,理論作曲,無,無
011,國立清華大學,011552,音樂學系,原住民,--,無,備5
011,國立清華大學,011562,藝術與設計學系創作組,招生,--,無,備28
011,國立清華大學,011562,藝術與設計學系創作組,原住民,--,無,正取
011,國立清華大學,011572,藝術與設計學系設計組,招生,--,無,備13
011,國立清華大學,011572,藝術與設計學系設計組,原住民,--,無,無
012,中國醫藥大學,012012,牙醫學系,招生,--,無,備52
012,中國醫藥大學,012012,牙醫學系,離島(澎湖縣),--,無,備2
012,中國醫藥大學,012012,牙醫學系,離島(金門縣),--,無,備1
012,中國醫藥大學,012012,牙醫學系,離島(連江縣),--,無,正取
012,中國醫藥大學,012022,醫學系,招生,--,無,備129
012,中國醫藥大學,012032,中醫學系甲組,招生,--,無,備53
012,中國醫藥大學,012042,中醫學系乙組,招生,--,無,備71
012,中國醫藥大學,012042,中醫學系乙組,離島(澎湖縣),--,無,備1
012,中國醫藥大學,012042,中醫學系乙組,離島(金門縣),--,無,備3
012,中國醫藥大學,012042,中醫學系乙組,離島(連江縣),--,無,無
012,中國醫藥大學,012042,中醫學系乙組,離島(屏東縣),--,無,正取
012,中國醫藥大學,012052,藥學系,招生,--,無,備186
012,中國醫藥大學,012052,藥學系,原住民,--,無,備17
012,中國醫藥大學,012052,藥學系,離島(金門縣),--,無,正取
012,中國醫藥大學,012062,護理學系,招生,--,無,備47
012,中國醫藥大學,012062,護理學系,原住民,--,無,備2
012,中國醫藥大學,012072,醫學檢驗生物技術學系,招生,--,無,備39
012,中國醫藥大學,012072,醫學檢驗生物技術學系,原住民,--,無,備1
012,中國醫藥大學,012082,營養學系,招生,--,無,備37
012,中國醫藥大學,012082,營養學系,原住民,--,無,備4
012,中國醫藥大學,012092,物理治療學系,招生,--,無,備42
012,中國醫藥大學,012092,物理治療學系,原住民,--,無,備5
012,中國醫藥大學,012102,生物科技學系,招生,--,無,備16
012,中國醫藥大學,012102,生物科技學系,原住民,--,無,正取
012,中國醫藥大學,012112,運動醫學系,招生,--,無,備23
012,中國醫藥大學,012112,運動醫學系,原住民,--,無,備1
012,中國醫藥大學,012122,中國藥學暨中藥資源學系,招生,--,無,備12
012,中國醫藥大學,012122,中國藥學暨中藥資源學系,原住民,--,無,備2
012,中國醫藥大學,012132,藥用化妝品學系,招生,--,無,備18
012,中國醫藥大學,012132,藥用化妝品學系,原住民,--,無,正取
012,中國醫藥大學,012142,生物醫學影像暨放射科學學系,招生,--,無,備48
012,中國醫藥大學,012142,生物醫學影像暨放射科學學系,原住民,--,無,備6
012,中國醫藥大學,012152,公共衛生學院大一不分系,招生,--,無,備85
012,中國醫藥大學,012152,公共衛生學院大一不分系,原住民,--,無,無
012,中國醫藥大學,012162,生物醫學工程學系,招生,--,無,備33
012,中國醫藥大學,012162,生物醫學工程學系,原住民,--,無,無
012,中國醫藥大學,012172,醫療資訊學系,招生,--,無,備34
012,中國醫藥大學,012172,醫療資訊學系,原住民,--,無,無
013,國立陽明交通大學,013012,電機工程學系甲組(電資國際組),招生,--,無,備17
013,國立陽明交通大學,013022,電機工程學系乙組(電機工程組),招生,--,無,備151
013,國立陽明交通大學,013022,電機工程學系乙組(電機工程組),原住民,--,無,無
013,國立陽明交通大學,013022,電機工程學系乙組(電機工程組),離島(金門縣),--,無,無
013,國立陽明交通大學,013022,電機工程學系乙組(電機工程組),離島(連江縣),--,無,無
013,國立陽明交通大學,013032,電機工程學系丙組(醫學電資組),招生,--,無,備23
013,國立陽明交通大學,013042,光電工程學系甲組(智慧系統組),招生,--,無,備4
013,國立陽明交通大學,013052,光電工程學系乙組(半導體光電組),招生,--,無,備35
013,國立陽明交通大學,013052,光電工程學系乙組(半導體光電組),原住民,--,無,正取
013,國立陽明交通大學,013062,資訊工程學系(甲組),招生,--,無,備14
013,國立陽明交通大學,013072,資訊工程學系(乙組),招生,--,無,備88
013,國立陽明交通大學,013072,資訊工程學系(乙組),離島(澎湖縣),--,無,正取
013,國立陽明交通大學,013072,資訊工程學系(乙組),離島(金門縣),--,無,備1
013,國立陽明交通大學,013082,資訊工程學系(APCS組),招生,--,無,備5
013,國立陽明交通大學,013092,資訊工程學系(資安組),招生,--,無,正取
013,國立陽明交通大學,013102,半導體工程學系固態電子組,招生,--,無,備16
013,國立陽明交通大學,013102,半導體工程學系固態電子組,原住民,--,無,正取
013,國立陽明交通大學,013112,半導體工程學系奈米科學組,招生,--,無,備18
013,國立陽明交通大學,013112,半導體工程學系奈米科學組,原住民,--,無,無
013,國立陽明交通大學,013122,材料科學與工程學系,招生,--,無,備43
013,國立陽明交通大學,013122,材料科學與工程學系,原住民,--,無,無
013,國立陽明交通大學,013122,材料科學與工程學系,離島(澎湖縣),--,無,正取
013,國立陽明交通大學,013132,機械工程學系,招生,--,無,備27
013,國立陽明交通大學,013142,土木工程學系甲組(科技暨基礎建設永續發展組),招生,--,無,備17
013,國立陽明交通大學,013142,土木工程學系甲組(科技暨基礎建設永續發展組),原住民,--,無,無
013,國立陽明交通大學,013152,土木工程學系乙組(科技暨基礎建設永續發展國際組),招生,--,無,備34
013,國立陽明交通大學,013162,理學院科學學士學位學程(乙組),招生,--,無,備12
013,國立陽明交通大學,013172,理學院科學學士學位學程(丙組),招生,--,無,備3
013,國立陽明交通大學,013182,電子物理學系光電與奈米科學組,招生,--,無,備20
013,國立陽明交通大學,013192,電子物理學系電子物理組,招生,--,無,備33
013,國立陽明交通大學,013202,應用化學系,招生,--,無,備21
013,國立陽明交通大學,013202,應用化學系,原住民,--,無,無
013,國立陽明交通大學,013212,應用數學系,招生,--,無,備38
013,國立陽明交通大學,013212,應用數學系,原住民,--,無,無
013,國立陽明交通大學,013222,生物科技學系(甲組),招生,--,無,備35
013,國立陽明交通大學,013232,生物科技學系(乙組),招生,--,無,備16
013,國立陽明交通大學,013242,資訊管理與財務金融學系資訊管理組,招生,--,無,備38
013,國立陽明交通大學,013252,資訊管理與財務金融學系財務金融組,招生,--,無,備31
013,國立陽明交通大學,013262,管理科學系,招生,--,無,備36
013,國立陽明交通大學,013272,運輸與物流管理學系,招生,--,無,備42
013,國立陽明交通大學,013282,工業工程與管理學系,招生,--,無,備48
013,國立陽明交通大學,013282,工業工程與管理學系,原住民,--,無,無
013,國立陽明交通大學,013282,工業工程與管理學系,離島(金門縣),--,無,無
013,國立陽明交通大學,013292,外國語文學系甲組(跨域人文組),招生,--,無,備18
013,國立陽明交通大學,013302,外國語文學系乙組(語言科學組),招生,--,無,備1
013,國立陽明交通大學,013312,傳播與科技學系,招生,--,無,備18
013,國立陽明交通大學,013312,傳播與科技學系,原住民,--,無,無
013,國立陽明交通大學,013322,人文社會學系,招生,--,無,備15
013,國立陽明交通大學,013322,人文社會學系,原住民,--,無,正取
013,國立陽明交通大學,013332,屯蒙-電機資訊組,招生,--,無,備10
013,國立陽明交通大學,013342,屯蒙-工程組,招生,--,無,備9
013,國立陽明交通大學,013352,屯蒙-理學生物科技組,招生,--,無,備22
013,國立陽明交通大學,013362,屯蒙-管理組,招生,--,無,備6
013,國立陽明交通大學,013372,屯蒙-人文社會組,招生,--,無,備11
013,國立陽明交通大學,013382,屯蒙-醫學組,招生,--,無,正取
013,國立陽明交通大學,013392,屯蒙-牙醫組,招生,--,無,無
013,國立陽明交通大學,013402,屯蒙-醫事證照組,招生,--,無,備11
013,國立陽明交通大學,013412,屯蒙-生醫科學組,招生,--,無,備5
013,國立陽明交通大學,013422,醫學系醫師組,招生,--,無,備8
013,國立陽明交通大學,013432,醫學系醫師科學家組,招生,--,無,正取
013,國立陽明交通大學,013442,醫學系醫師工程師組,招生,--,無,備3
013,國立陽明交通大學,013452,醫學系(公費生),招生,--,無,備1
013,國立陽明交通大學,013462,牙醫學系,招生,--,無,備21
013,國立陽明交通大學,013472,醫學生物技術暨檢驗學系(生技及檢驗醫學組),招生,--,無,備22
013,國立陽明交通大學,013482,醫學生物技術暨檢驗學系(資訊及精準醫學組),招生,--,無,備18
013,國立陽明交通大學,013492,生物醫學影像暨放射科學系,招生,--,無,備8
013,國立陽明交通大學,013492,生物醫學影像暨放射科學系,原住民,--,無,正取
013,國立陽明交通大學,013502,護理學系,招生,--,無,備23
013,國立陽明交通大學,013512,物理治療暨輔助科技學系,招生,--,無,備12
013,國立陽明交通大學,013512,物理治療暨輔助科技學系,離島(連江縣),--,無,無
013,國立陽明交通大學,013522,生命科學系暨基因體科學研究所(生物醫學科學組),招生,--,無,備35
013,國立陽明交通大學,013522,生命科學系暨基因體科學研究所(生物醫學科學組),原住民,--,無,無
013,國立陽明交通大學,013532,生命科學系暨基因體科學研究所(生醫光電與資訊組),招生,--,無,備22
013,國立陽明交通大學,013542,生物醫學工程學系,招生,--,無,備33
013,國立陽明交通大學,013552,藥學系,招生,--,無,備16
013,國立陽明交通大學,013552,藥學系,原住民,--,無,備1
013,國立陽明交通大學,013562,學士班大一大二不分系,招生,--,無,備4
013,國立陽明交通大學,013562,學士班大一大二不分系,原住民,--,無,無
013,國立陽明交通大學,013572,中醫學系,招生,--,無,備6
013,國立陽明交通大學,013572,中醫學系,離島(屏東縣),--,無,無
014,淡江大學,014012,中國文學學系,招生,--,無,備27
014,淡江大學,014012,中國文學學系,原住民,--,無,正取
014,淡江大學,014022,歷史學系,招生,--,無,備42
014,淡江大學,014022,歷史學系,原住民,--,無,正取
014,淡江大學,014032,資訊與圖書館學系,招生,--,無,備40
014,淡江大學,014032,資訊與圖書館學系,原住民,--,無,無
014,淡江大學,014042,大眾傳播學系,招生,--,無,備64
014,淡江大學,014042,大眾傳播學系,原住民,--,無,無
014,淡江大學,014042,大眾傳播學系,離島(金門縣),--,無,正取
014,淡江大學,014052,資訊傳播學系,招生,--,無,備32
014,淡江大學,014052,資訊傳播學系,原住民,--,無,無
014,淡江大學,014062,教育科技學系,招生,--,無,備33
014,淡江大學,014062,教育科技學系,原住民,--,無,無
014,淡江大學,014072,教育與未來設計學系,招生,--,無,備24
014,淡江大學,014072,教育與未來設計學系,原住民,--,無,正取
014,淡江大學,014082,英文學系,招生,--,無,備53
014,淡江大學,014082,英文學系,原住民,--,無,備2
014,淡江大學,014092,英文學系全英語學士班,招生,--,無,備34
014,淡江大學,014102,歐洲語文學系法文組,招生,--,無,備16
014,淡江大學,014102,歐洲語文學系法文組,原住民,--,無,正取
014,淡江大學,014112,歐洲語文學系德文組,招生,--,無,備21
014,淡江大學,014112,歐洲語文學系德文組,原住民,--,無,備4
014,淡江大學,014122,歐洲語文學系西文組,招生,--,無,備7
014,淡江大學,014122,歐洲語文學系西文組,原住民,--,無,正取
014,淡江大學,014132,歐洲語文學系俄文組,招生,--,無,備15
014,淡江大學,014132,歐洲語文學系俄文組,原住民,--,無,無
014,淡江大學,014142,日本語文學系,招生,--,無,備114
014,淡江大學,014142,日本語文學系,原住民,--,無,備2
014,淡江大學,014152,財務金融學系,招生,--,無,備60
014,淡江大學,014152,財務金融學系,原住民,--,無,備9
014,淡江大學,014152,財務金融學系,離島(金門縣),--,無,正取
014,淡江大學,014162,財務金融學系全球財務管理全英語學士班,招生,--,無,備24
014,淡江大學,014162,財務金融學系全球財務管理全英語學士班,原住民,--,無,正取
014,淡江大學,014172,國際企業學系經貿管理組,招生,--,無,備39
014,淡江大學,014172,國際企業學系經貿管理組,原住民,--,無,正取
014,淡江大學,014182,國際企業學系國際商學全英語組,招生,--,無,備33
014,淡江大學,014182,國際企業學系國際商學全英語組,原住民,--,無,正取
014,淡江大學,014192,風險管理與保險學系,招生,--,無,備66
014,淡江大學,014192,風險管理與保險學系,原住民,--,無,正取
014,淡江大學,014202,經濟學系,招生,--,無,備81
014,淡江大學,014202,經濟學系,原住民,--,無,備1
014,淡江大學,014212,會計學系,招生,--,無,備111
014,淡江大學,014212,會計學系,原住民,--,無,無
014,淡江大學,014222,企業管理學系,招生,--,無,備84
014,淡江大學,014222,企業管理學系,原住民,--,無,正取
014,淡江大學,014222,企業管理學系,離島(金門縣),--,無,備1
014,淡江大學,014232,企業管理學系全英語學士班,招生,--,無,備30
014,淡江大學,014242,統計與資料科學學系,招生,--,無,備80
014,淡江大學,014242,統計與資料科學學系,原住民,--,無,正取
014,淡江大學,014252,資訊管理學系,招生,--,無,備98
014,淡江大學,014252,資訊管理學系,原住民,--,無,備3
014,淡江大學,014262,運輸管理學系,招生,--,無,備92
014,淡江大學,014262,運輸管理學系,原住民,--,無,正取
014,淡江大學,014262,運輸管理學系,離島(金門縣),--,無,備1
014,淡江大學,014272,公共行政暨法律學系,招生,--,無,備49
014,淡江大學,014272,公共行政暨法律學系,原住民,--,無,備10
014,淡江大學,014282,管理科學學系,招生,--,無,備32
014,淡江大學,014282,管理科學學系,原住民,--,無,無
014,淡江大學,014292,外交與國際關係學系全英語學士班,招生,--,無,備31
014,淡江大學,014292,外交與國際關係學系全英語學士班,原住民,--,無,無
014,淡江大學,014302,國際觀光管理學系全英語學士班,招生,--,無,備41
014,淡江大學,014312,全球政治經濟學系全英語學士班,招生,--,無,備18
014,淡江大學,014312,全球政治經濟學系全英語學士班,原住民,--,無,無
014,淡江大學,014322,應用數學與數據科學學系,招生,--,無,備47
014,淡江大學,014322,應用數學與數據科學學系,原住民,--,無,無
014,淡江大學,014332,化學學系,招生,--,無,備82
014,淡江大學,014332,化學學系,原住民,--,無,無
014,淡江大學,014342,物理學系(量子材料組),招生,--,無,備57
014,淡江大學,014342,物理學系(量子材料組),原住民,--,無,無
014,淡江大學,014352,物理學系(天文與基礎物理組),招生,--,無,備19
014,淡江大學,014352,物理學系(天文與基礎物理組),原住民,--,無,無
014,淡江大學,014362,建築學系,招生,--,無,備38
014,淡江大學,014362,建築學系,原住民,--,無,正取
014,淡江大學,014372,土木工程學系,招生,--,無,備81
014,淡江大學,014372,土木工程學系,原住民,--,無,備4
014,淡江大學,014382,資訊工程學系A組,招生,--,無,備99
014,淡江大學,014382,資訊工程學系A組,原住民,--,無,備2
014,淡江大學,014382,資訊工程學系A組,離島(金門縣),--,無,備3
014,淡江大學,014392,資訊工程學系B組,招生,--,無,備21
014,淡江大學,014402,資訊工程學系全英語學士班,招生,--,無,備26
014,淡江大學,014412,機械與機電工程學系,招生,--,無,備83
014,淡江大學,014412,機械與機電工程學系,原住民,--,無,無
014,淡江大學,014422,電機工程學系(電機資訊組),招生,--,無,備55
014,淡江大學,014422,電機工程學系(電機資訊組),原住民,--,無,正取
014,淡江大學,014432,電機工程學系(電機通訊組),招生,--,無,備25
014,淡江大學,014432,電機工程學系(電機通訊組),原住民,--,無,無
014,淡江大學,014442,電機工程學系(電機與系統組),招生,--,無,備47
014,淡江大學,014442,電機工程學系(電機與系統組),原住民,--,無,無
014,淡江大學,014452,化學工程與材料工程學系,招生,--,無,備69
014,淡江大學,014452,化學工程與材料工程學系,原住民,--,無,無
014,淡江大學,014462,航空太空工程學系,招生,--,無,備81
014,淡江大學,014462,航空太空工程學系,原住民,--,無,正取
014,淡江大學,014472,水資源及環境工程學系,招生,--,無,備44
014,淡江大學,014472,水資源及環境工程學系,原住民,--,無,正取
014,淡江大學,014482,人工智慧學系,招生,--,無,備127
014,淡江大學,014482,人工智慧學系,原住民,--,無,正取
014,淡江大學,014492,資訊工程學系(APCS組),招生,--,無,備11
014,淡江大學,014502,電機工程學系(APCS組),招生,--,無,備3
014,淡江大學,014512,人工智慧學系(APCS組),招生,--,無,備1
014,淡江大學,014522,資訊管理學系(APCS組),招生,--,無,備1
014,淡江大學,014532,教育與未來設計學系(青年儲蓄帳戶組),招生,--,無,無
014,淡江大學,014542,會計學系(青年儲蓄帳戶組),招生,--,無,無
014,淡江大學,014552,管理科學學系(青年儲蓄帳戶組),招生,--,無,無
014,淡江大學,014562,建築學系(青年儲蓄帳戶組),招生,--,無,無
015,逢甲大學,015012,機械與電腦輔助工程學系,招生,--,無,備96
015,逢甲大學,015012,機械與電腦輔助工程學系,原住民,--,無,正取
015,逢甲大學,015022,纖維與複合材料學系,招生,--,無,備26
015,逢甲大學,015022,纖維與複合材料學系,原住民,--,無,正取
015,逢甲大學,015032,工業工程與系統管理學系A組,招生,--,無,備54
015,逢甲大學,015042,工業工程與系統管理學系B組,招生,--,無,備60
015,逢甲大學,015042,工業工程與系統管理學系B組,原住民,--,無,無
015,逢甲大學,015052,化學工程學系,招生,--,無,備96
015,逢甲大學,015052,化學工程學系,原住民,--,無,備2
015,逢甲大學,015062,航太與系統工程學系,招生,--,無,備82
015,逢甲大學,015062,航太與系統工程學系,原住民,--,無,備3
015,逢甲大學,015072,精密系統設計學士學位學程,招生,--,無,備20
015,逢甲大學,015072,精密系統設計學士學位學程,原住民,--,無,無
015,逢甲大學,015082,應用數學系A組,招生,--,無,備65
015,逢甲大學,015092,應用數學系B組,招生,--,無,備22
015,逢甲大學,015092,應用數學系B組,原住民,--,無,無
015,逢甲大學,015102,材料科學與工程學系,招生,--,無,備72
015,逢甲大學,015102,材料科學與工程學系,原住民,--,無,正取
015,逢甲大學,015112,環境工程與科學學系,招生,--,無,備86
015,逢甲大學,015112,環境工程與科學學系,原住民,--,無,無
015,逢甲大學,015122,光電科學與工程學系,招生,--,無,備88
015,逢甲大學,015122,光電科學與工程學系,原住民,--,無,無
015,逢甲大學,015132,會計學系,招生,--,無,備98
015,逢甲大學,015132,會計學系,原住民,--,無,備3
015,逢甲大學,015142,國際經營與貿易學系,招生,--,無,備122
015,逢甲大學,015142,國際經營與貿易學系,原住民,--,無,備2
015,逢甲大學,015152,國際企業管理全英語學士學位學程,招生,--,無,備32
015,逢甲大學,015152,國際企業管理全英語學士學位學程,原住民,--,無,無
015,逢甲大學,015162,財稅學系,招生,--,無,備51
015,逢甲大學,015162,財稅學系,原住民,--,無,無
015,逢甲大學,015172,合作經濟暨社會事業經營學系,招生,--,無,備17
015,逢甲大學,015172,合作經濟暨社會事業經營學系,原住民,--,無,正取
015,逢甲大學,015182,統計學系商業大數據組,招生,--,無,備42
015,逢甲大學,015182,統計學系商業大數據組,原住民,--,無,無
015,逢甲大學,015192,統計學系大數據分析與市場決策組,招生,--,無,備39
015,逢甲大學,015192,統計學系大數據分析與市場決策組,原住民,--,無,備1
015,逢甲大學,015202,經濟學系,招生,--,無,備52
015,逢甲大學,015202,經濟學系,原住民,--,無,備1
015,逢甲大學,015212,企業管理學系,招生,--,無,備64
015,逢甲大學,015212,企業管理學系,原住民,--,無,備1
015,逢甲大學,015222,行銷學系,招生,--,無,備96
015,逢甲大學,015222,行銷學系,原住民,--,無,備1
015,逢甲大學,015232,中國文學系,招生,--,無,備14
015,逢甲大學,015232,中國文學系,原住民,--,無,正取
015,逢甲大學,015242,外國語文學系,招生,--,無,備41
015,逢甲大學,015242,外國語文學系,原住民,--,無,正取
015,逢甲大學,015252,資訊工程學系,招生,--,無,備164
015,逢甲大學,015252,資訊工程學系,原住民,--,無,備1
015,逢甲大學,015262,資訊工程學系(APCS組),招生,--,無,備4
015,逢甲大學,015272,資訊工程學系(資安組),招生,--,無,正取
015,逢甲大學,015282,電子工程學系,招生,--,無,備103
015,逢甲大學,015282,電子工程學系,原住民,--,無,無
015,逢甲大學,015292,電機工程學系,招生,--,無,備104
015,逢甲大學,015292,電機工程學系,原住民,--,無,正取
015,逢甲大學,015302,自動控制工程學系,招生,--,無,備51
015,逢甲大學,015302,自動控制工程學系,原住民,--,無,無
015,逢甲大學,015312,資訊電機學院學士班,招生,--,無,備52
015,逢甲大學,015312,資訊電機學院學士班,原住民,--,無,無
015,逢甲大學,015322,通訊工程學系,招生,--,無,備58
015,逢甲大學,015322,通訊工程學系,原住民,--,無,無
015,逢甲大學,015332,土木工程學系,招生,--,無,備43
015,逢甲大學,015332,土木工程學系,原住民,--,無,備3
015,逢甲大學,015342,水利工程與資源保育學系,招生,--,無,備23
015,逢甲大學,015342,水利工程與資源保育學系,原住民,--,無,無
015,逢甲大學,015352,都市計畫與空間資訊學系,招生,--,無,備81
015,逢甲大學,015352,都市計畫與空間資訊學系,原住民,--,無,備1
015,逢甲大學,015362,運輸與物流學系,招生,--,無,備56
015,逢甲大學,015362,運輸與物流學系,原住民,--,無,無
015,逢甲大學,015372,土地管理學系,招生,--,無,備77
015,逢甲大學,015372,土地管理學系,原住民,--,無,正取
015,逢甲大學,015382,財務金融學系,招生,--,無,備147
015,逢甲大學,015382,財務金融學系,原住民,--,無,備1
015,逢甲大學,015392,風險管理與保險學系,招生,--,無,備57
015,逢甲大學,015392,風險管理與保險學系,原住民,--,無,無
015,逢甲大學,015402,財務工程與精算學士學位學程,招生,--,無,備52
015,逢甲大學,015402,財務工程與精算學士學位學程,原住民,--,無,無
015,逢甲大學,015412,金融學院學士班,招生,--,無,備25
015,逢甲大學,015412,金融學院學士班,原住民,--,無,無
015,逢甲大學,015422,室內設計學士學位學程,招生,--,無,備25
015,逢甲大學,015422,室內設計學士學位學程,原住民,--,無,備1
015,逢甲大學,015432,建築專業學院學士班,招生,--,無,備51
015,逢甲大學,015432,建築專業學院學士班,原住民,--,無,無
015,逢甲大學,015442,澳洲墨爾本皇家理工大學商學與創新雙學士學位學程,招生,--,無,備9
015,逢甲大學,015452,澳洲昆士蘭大學商學雙學士學位學程,招生,--,無,備6
015,逢甲大學,015462,澳洲新南威爾斯大學設計雙學士學位學程,招生,--,無,備8
015,逢甲大學,015472,澳洲昆士蘭大學電機工程雙學士學位學程,招生,--,無,備4
015,逢甲大學,015482,澳洲蒙納許大學資訊工程雙學士學位學程,招生,--,無,備11
015,逢甲大學,015492,美國加州聖荷西州立大學商學大數據分析雙學士學位學程,招生,--,無,備18
015,逢甲大學,015502,美國加州聖荷西州立大學電機工程雙學士學位學程,招生,--,無,備11
015,逢甲大學,015512,美國加州舊金山州立大學資訊工程雙學士學位學程,招生,--,無,正取
015,逢甲大學,015522,人工智慧技術與應用學士學位學程,招生,--,無,備33
015,逢甲大學,015522,人工智慧技術與應用學士學位學程,原住民,--,無,備1
015,逢甲大學,015532,人工智慧技術與應用學士學位學程(資安組),招生,--,無,備2
016,國立中央大學,016012,中國文學系,招生,--,無,備12
016,國立中央大學,016012,中國文學系,原住民,--,無,正取
016,國立中央大學,016022,英美語文學系,招生,--,無,備16
016,國立中央大學,016022,英美語文學系,原住民,--,無,無
016,國立中央大學,016032,法國語文學系,招生,--,無,備7
016,國立中央大學,016032,法國語文學系,原住民,--,無,正取
016,國立中央大學,016042,文學院學士班,招生,--,無,備1
016,國立中央大學,016042,文學院學士班,原住民,--,無,正取
016,國立中央大學,016052,數學系數學科學組,招生,--,無,備22
016,國立中央大學,016052,數學系數學科學組,原住民,--,無,正取
016,國立中央大學,016062,數學系計算與資料科學組,招生,--,無,備39
016,國立中央大學,016062,數學系計算與資料科學組,原住民,--,無,無
016,國立中央大學,016072,物理學系,招生,--,無,備38
016,國立中央大學,016072,物理學系,原住民,--,無,正取
016,國立中央大學,016082,化學學系,招生,--,無,備24
016,國立中央大學,016082,化學學系,原住民,--,無,正取
016,國立中央大學,016092,光電科學與工程學系,招生,--,無,備30
016,國立中央大學,016092,光電科學與工程學系,原住民,--,無,備4
016,國立中央大學,016092,光電科學與工程學系,離島(金門縣),--,無,無
016,國立中央大學,016102,理學院學士班,招生,--,無,備14
016,國立中央大學,016102,理學院學士班,原住民,--,無,無
016,國立中央大學,016112,土木工程學系,招生,--,無,備45
016,國立中央大學,016112,土木工程學系,原住民,--,無,備1
016,國立中央大學,016112,土木工程學系,離島(金門縣),--,無,備2
016,國立中央大學,016122,機械工程學系先進材料與精密製造組,招生,--,無,備31
016,國立中央大學,016122,機械工程學系先進材料與精密製造組,原住民,--,無,無
016,國立中央大學,016132,機械工程學系光機電工程組,招生,--,無,備33
016,國立中央大學,016132,機械工程學系光機電工程組,原住民,--,無,無
016,國立中央大學,016142,機械工程學系智慧系統與永續能源組,招生,--,無,備13
016,國立中央大學,016142,機械工程學系智慧系統與永續能源組,原住民,--,無,無
016,國立中央大學,016152,機械工程學系前瞻半導體國際組,招生,--,無,備4
016,國立中央大學,016162,化學工程與材料工程學系,招生,--,無,備43
016,國立中央大學,016162,化學工程與材料工程學系,原住民,--,無,無
016,國立中央大學,016162,化學工程與材料工程學系,離島(澎湖縣),--,無,無
016,國立中央大學,016162,化學工程與材料工程學系,離島(金門縣),--,無,無
016,國立中央大學,016172,工學院學士班,招生,--,無,備11
016,國立中央大學,016172,工學院學士班,原住民,--,無,正取
016,國立中央大學,016182,企業管理學系,招生,--,無,備41
016,國立中央大學,016182,企業管理學系,原住民,--,無,正取
016,國立中央大學,016192,資訊管理學系,招生,--,無,備52
016,國立中央大學,016192,資訊管理學系,原住民,--,無,正取
016,國立中央大學,016192,資訊管理學系,離島(澎湖縣),--,無,備2
016,國立中央大學,016202,資訊管理學系(APCS組),招生,--,無,備5
016,國立中央大學,016212,經濟學系,招生,--,無,備27
016,國立中央大學,016212,經濟學系,原住民,--,無,無
016,國立中央大學,016212,經濟學系,離島(澎湖縣),--,無,無
016,國立中央大學,016212,經濟學系,離島(金門縣),--,無,無
016,國立中央大學,016222,財務金融學系,招生,--,無,備33
016,國立中央大學,016222,財務金融學系,原住民,--,無,無
016,國立中央大學,016222,財務金融學系,離島(金門縣),--,無,備2
016,國立中央大學,016232,電機工程學系,招生,--,無,備80
016,國立中央大學,016232,電機工程學系,原住民,--,無,正取
016,國立中央大學,016232,電機工程學系,離島(金門縣),--,無,正取
016,國立中央大學,016242,資訊工程學系,招生,--,無,備78
016,國立中央大學,016242,資訊工程學系,原住民,--,無,正取
016,國立中央大學,016242,資訊工程學系,離島(澎湖縣),--,無,備1
016,國立中央大學,016242,資訊工程學系,離島(金門縣),--,無,無
016,國立中央大學,016252,資訊工程學系(APCS組),招生,--,無,備3
016,國立中央大學,016262,資訊工程學系(資安組),招生,--,無,無
016,國立中央大學,016272,通訊工程學系,招生,--,無,備23
016,國立中央大學,016272,通訊工程學系,原住民,--,無,無
016,國立中央大學,016282,資訊電機學院學士班,招生,--,無,備25
016,國立中央大學,016282,資訊電機學院學士班,原住民,--,無,正取
016,國立中央大學,016292,大氣科學學系,招生,--,無,備17
016,國立中央大學,016292,大氣科學學系,原住民,--,無,無
016,國立中央大學,016302,太空科學與工程學系,招生,--,無,備26
016,國立中央大學,016302,太空科學與工程學系,原住民,--,無,無
016,國立中央大學,016312,地球科學學系,招生,--,無,備41
016,國立中央大學,016312,地球科學學系,原住民,--,無,無
016,國立中央大學,016312,地球科學學系,離島(金門縣),--,無,備1
016,國立中央大學,016322,地球科學學院學士班,招生,--,無,備11
016,國立中央大學,016322,地球科學學院學士班,原住民,--,無,無
016,國立中央大學,016332,客家語文暨社會科學學系客家語文及傳播組,招生,--,無,正取
016,國立中央大學,016332,客家語文暨社會科學學系客家語文及傳播組,原住民,--,無,無
016,國立中央大學,016342,客家語文暨社會科學學系客家社會及政策組,招生,--,無,正取
016,國立中央大學,016342,客家語文暨社會科學學系客家社會及政策組,原住民,--,無,無
016,國立中央大學,016352,法律與政府學系,招生,--,無,無
016,國立中央大學,016352,法律與政府學系,原住民,--,無,無
016,國立中央大學,016362,生命科學系,招生,--,無,備6
016,國立中央大學,016362,生命科學系,原住民,--,無,無
016,國立中央大學,016372,生醫科學與工程學系,招生,--,無,備25
016,國立中央大學,016372,生醫科學與工程學系,原住民,--,無,備1
016,國立中央大學,016382,向日葵聯合招生甲組(電資),招生,--,無,備12
016,國立中央大學,016392,向日葵聯合招生乙組(商管),招生,--,無,備1
016,國立中央大學,016402,向日葵聯合招生丙組(理學),招生,--,無,備12
016,國立中央大學,016412,向日葵聯合招生丁組(工程),招生,--,無,備22
016,國立中央大學,016422,向日葵聯合招生戊組(人社),招生,--,無,備17
017,中國文化大學,017012,哲學與歷史學系(哲學組),招生,--,無,備15
017,中國文化大學,017022,哲學與歷史學系(史學組),招生,--,無,備13
017,中國文化大學,017022,哲學與歷史學系(史學組),原住民,--,無,正取
017,中國文化大學,017032,中國文學系,招生,--,無,備6
017,中國文化大學,017032,中國文學系,原住民,--,無,無
017,中國文化大學,017042,日本語文學系,招生,--,無,備14
017,中國文化大學,017042,日本語文學系,原住民,--,無,正取
017,中國文化大學,017052,韓國語文學系,招生,--,無,備42
017,中國文化大學,017052,韓國語文學系,原住民,--,無,備2
017,中國文化大學,017062,歐美語文學系,招生,--,無,備4
017,中國文化大學,017062,歐美語文學系,原住民,--,無,無
017,中國文化大學,017072,全球商務學士學位學程,招生,--,無,備16
017,中國文化大學,017072,全球商務學士學位學程,原住民,--,無,無
017,中國文化大學,017082,應用數學系,招生,--,無,備17
017,中國文化大學,017082,應用數學系,原住民,--,無,無
017,中國文化大學,017092,光電物理學系,招生,--,無,備17
017,中國文化大學,017092,光電物理學系,原住民,--,無,無
017,中國文化大學,017102,化學系,招生,--,無,備32
017,中國文化大學,017102,化學系,原住民,--,無,無
017,中國文化大學,017112,地理學系,招生,--,無,備8
017,中國文化大學,017112,地理學系,原住民,--,無,正取
017,中國文化大學,017122,大氣與地質科學系,招生,--,無,備23
017,中國文化大學,017122,大氣與地質科學系,原住民,--,無,無
017,中國文化大學,017132,生命科學系,招生,--,無,備26
017,中國文化大學,017132,生命科學系,原住民,--,無,正取
017,中國文化大學,017142,化學工程與材料工程學系,招生,--,無,備76
017,中國文化大學,017142,化學工程與材料工程學系,原住民,--,無,無
017,中國文化大學,017152,電機工程學系,招生,--,無,備66
017,中國文化大學,017152,電機工程學系,原住民,--,無,正取
017,中國文化大學,017162,機械工程學系,招生,--,無,備28
017,中國文化大學,017162,機械工程學系,原住民,--,無,無
017,中國文化大學,017172,紡織科技創新與應用工程學系,招生,--,無,備5
017,中國文化大學,017172,紡織科技創新與應用工程學系,原住民,--,無,無
017,中國文化大學,017182,資訊工程學系,招生,--,無,備38
017,中國文化大學,017182,資訊工程學系,原住民,--,無,無
017,中國文化大學,017192,法律學系,招生,--,無,備87
017,中國文化大學,017192,法律學系,原住民,--,無,備1
017,中國文化大學,017202,政治與經濟學系,招生,--,無,備11
017,中國文化大學,017202,政治與經濟學系,原住民,--,無,無
017,中國文化大學,017212,勞動暨人力資源學系,招生,--,無,備22
017,中國文化大學,017212,勞動暨人力資源學系,原住民,--,無,無
017,中國文化大學,017222,社會福利學系,招生,--,無,備14
017,中國文化大學,017222,社會福利學系,原住民,--,無,無
017,中國文化大學,017232,行政管理學系,招生,--,無,備22
017,中國文化大學,017232,行政管理學系,原住民,--,無,無
017,中國文化大學,017242,動物科學保健暨園藝科技學系(園藝科技組),招生,--,無,備13
017,中國文化大學,017242,動物科學保健暨園藝科技學系(園藝科技組),原住民,--,無,無
017,中國文化大學,017252,動物科學保健暨園藝科技學系(動物科學組),招生,--,無,備6
017,中國文化大學,017252,動物科學保健暨園藝科技學系(動物科學組),原住民,--,無,無
017,中國文化大學,017262,森林暨自然保育學系,招生,--,無,備18
017,中國文化大學,017262,森林暨自然保育學系,原住民,--,無,正取
017,中國文化大學,017272,土地資源學系,招生,--,無,備13
017,中國文化大學,017272,土地資源學系,原住民,--,無,無
017,中國文化大學,017282,家庭科學系,招生,--,無,備8
017,中國文化大學,017282,家庭科學系,原住民,--,無,無
017,中國文化大學,017292,都市計劃與開發管理學系(智慧城市與都市更新組),招生,--,無,備2
017,中國文化大學,017292,都市計劃與開發管理學系(智慧城市與都市更新組),原住民,--,無,無
017,中國文化大學,017302,都市計劃與開發管理學系(不動產投資與估價組),招生,--,無,備4
017,中國文化大學,017302,都市計劃與開發管理學系(不動產投資與估價組),原住民,--,無,無
017,中國文化大學,017312,建築及都市設計學系,招生,--,無,備20
017,中國文化大學,017312,建築及都市設計學系,原住民,--,無,備3
017,中國文化大學,017322,景觀學系,招生,--,無,備13
017,中國文化大學,017322,景觀學系,原住民,--,無,無
017,中國文化大學,017332,國際貿易學系,招生,--,無,備33
017,中國文化大學,017332,國際貿易學系,原住民,--,無,無
017,中國文化大學,017342,國際企業管理學系,招生,--,無,備32
017,中國文化大學,017342,國際企業管理學系,原住民,--,無,無
017,中國文化大學,017352,會計學系,招生,--,無,備35
017,中國文化大學,017352,會計學系,原住民,--,無,無
017,中國文化大學,017362,觀光事業學系,招生,--,無,備4
017,中國文化大學,017362,觀光事業學系,原住民,--,無,無
017,中國文化大學,017372,資訊管理學系(智慧商務科技組),招生,--,無,備44
017,中國文化大學,017372,資訊管理學系(智慧商務科技組),原住民,--,無,無
017,中國文化大學,017382,資訊管理學系(人工智慧組),招生,--,無,備20
017,中國文化大學,017382,資訊管理學系(人工智慧組),原住民,--,無,無
017,中國文化大學,017392,財務金融學系金融行銷組,招生,--,無,備9
017,中國文化大學,017392,財務金融學系金融行銷組,原住民,--,無,無
017,中國文化大學,017402,財務金融學系財務金融組,招生,--,無,備14
017,中國文化大學,017402,財務金融學系財務金融組,原住民,--,無,正取
017,中國文化大學,017412,財務金融學系數位金融組,招生,--,無,備24
017,中國文化大學,017412,財務金融學系數位金融組,原住民,--,無,無
017,中國文化大學,017422,行銷學士學位學程,招生,--,無,備10
017,中國文化大學,017422,行銷學士學位學程,原住民,--,無,無
017,中國文化大學,017432,新聞學系,招生,--,無,備5
017,中國文化大學,017432,新聞學系,原住民,--,無,正取
017,中國文化大學,017442,廣告學系,招生,--,無,備39
017,中國文化大學,017442,廣告學系,原住民,--,無,無
017,中國文化大學,017452,資訊傳播學系,招生,--,無,備50
017,中國文化大學,017452,資訊傳播學系,原住民,--,無,正取
017,中國文化大學,017462,大眾傳播學系,招生,--,無,備6
017,中國文化大學,017462,大眾傳播學系,原住民,--,無,正取
017,中國文化大學,017472,教育與學習科技學系,招生,--,無,備20
017,中國文化大學,017472,教育與學習科技學系,原住民,--,無,無
017,中國文化大學,017482,心理輔導學系,招生,--,無,備30
017,中國文化大學,017482,心理輔導學系,原住民,--,無,備2
017,中國文化大學,017492,保健營養學系,招生,--,無,備16
017,中國文化大學,017492,保健營養學系,原住民,--,無,正取
017,中國文化大學,017502,戲劇學系,招生,--,無,備48
017,中國文化大學,017502,戲劇學系,原住民,--,無,備2
017,中國文化大學,017512,音樂學系(西樂組),招生,--,無,備19
017,中國文化大學,017522,音樂學系(國樂組),招生,--,無,備5
017,中國文化大學,017522,音樂學系(國樂組),原住民,--,無,無
017,中國文化大學,017532,音樂學系(應用組),招生,--,無,備5
017,中國文化大學,017532,音樂學系(應用組),原住民,--,無,無
017,中國文化大學,017542,美術學系,招生,--,無,備27
017,中國文化大學,017542,美術學系,原住民,--,無,正取
018,靜宜大學,018012,英國語文學系,招生,--,無,備15
018,靜宜大學,018012,英國語文學系,原住民,--,無,備1
018,靜宜大學,018022,西班牙語文學系,招生,--,無,備17
018,靜宜大學,018022,西班牙語文學系,原住民,--,無,無
018,靜宜大學,018032,日本語文學系,招生,--,無,備29
018,靜宜大學,018032,日本語文學系,原住民,--,無,正取
018,靜宜大學,018042,中國文學系,招生,--,無,備14
018,靜宜大學,018042,中國文學系,原住民,--,無,無
018,靜宜大學,018052,社會工作與兒童少年福利學系,招生,--,無,備61
018,靜宜大學,018052,社會工作與兒童少年福利學系,原住民,--,無,備2
018,靜宜大學,018062,台灣文學系,招生,--,無,備17
018,靜宜大學,018062,台灣文學系,原住民,--,無,無
018,靜宜大學,018072,法律學系,招生,--,無,備79
018,靜宜大學,018072,法律學系,原住民,--,無,正取
018,靜宜大學,018082,生態人文學系,招生,--,無,備14
018,靜宜大學,018082,生態人文學系,原住民,--,無,無
018,靜宜大學,018092,生態人文學系(青年儲蓄帳戶組),招生,--,無,無
018,靜宜大學,018102,大眾傳播學系,招生,--,無,備48
018,靜宜大學,018102,大眾傳播學系,原住民,--,無,正取
018,靜宜大學,018112,財務工程學系,招生,--,無,備54
018,靜宜大學,018112,財務工程學系,原住民,--,無,無
018,靜宜大學,018122,應用化學系,招生,--,無,備60
018,靜宜大學,018132,食品營養學系,招生,--,無,備64
018,靜宜大學,018132,食品營養學系,原住民,--,無,無
018,靜宜大學,018142,化粧品科學系,招生,--,無,備65
018,靜宜大學,018152,永續環境與智慧科技學士學位學程,招生,--,無,備13
018,靜宜大學,018152,永續環境與智慧科技學士學位學程,原住民,--,無,無
018,靜宜大學,018162,行銷與數位經營管理學系,招生,--,無,備64
018,靜宜大學,018162,行銷與數位經營管理學系,原住民,--,無,正取
018,靜宜大學,018172,國際企業學系,招生,--,無,備109
018,靜宜大學,018172,國際企業學系,原住民,--,無,無
018,靜宜大學,018182,會計學系,招生,--,無,備61
018,靜宜大學,018182,會計學系,原住民,--,無,無
018,靜宜大學,018192,觀光事業學系,招生,--,無,備55
018,靜宜大學,018192,觀光事業學系,原住民,--,無,正取
018,靜宜大學,018202,財務金融學系,招生,--,無,備74
018,靜宜大學,018202,財務金融學系,原住民,--,無,正取
018,靜宜大學,018212,資訊管理學系(人工智慧應用組),招生,--,無,備34
018,靜宜大學,018212,資訊管理學系(人工智慧應用組),原住民,--,無,無
018,靜宜大學,018222,資訊管理學系(智慧商務與大數據應用組),招生,--,無,備11
018,靜宜大學,018222,資訊管理學系(智慧商務與大數據應用組),原住民,--,無,無
018,靜宜大學,018232,資訊管理學系(APCS組),招生,--,無,備1
018,靜宜大學,018242,資訊管理學系(資安組),招生,--,無,正取
018,靜宜大學,018252,資訊工程學系,招生,--,無,備51
018,靜宜大學,018252,資訊工程學系,原住民,--,無,正取
018,靜宜大學,018262,資訊工程學系(APCS組),招生,--,無,備6
018,靜宜大學,018272,資訊工程學系(資安組),招生,--,無,正取
018,靜宜大學,018282,資訊工程學系(青年儲蓄帳戶組),招生,--,無,無
018,靜宜大學,018292,人工智慧應用學系,招生,--,無,備64
018,靜宜大學,018292,人工智慧應用學系,原住民,--,無,無
018,靜宜大學,018302,人工智慧應用學系(APCS組),招生,--,無,正取
018,靜宜大學,018312,人工智慧應用學系(資安組),招生,--,無,備2
018,靜宜大學,018322,晶片設計學士學位學程,招生,--,無,備34
018,靜宜大學,018322,晶片設計學士學位學程,原住民,--,無,無
018,靜宜大學,018332,晶片設計學士學位學程(資安組),招生,--,無,正取
018,靜宜大學,018342,資料科學暨大數據分析與應用學系,招生,--,無,備58
018,靜宜大學,018352,寰宇管理學士學位學程,招生,--,無,備9
018,靜宜大學,018352,寰宇管理學士學位學程,原住民,--,無,無
018,靜宜大學,018362,寰宇外語教育學士學位學程,招生,--,無,備16
018,靜宜大學,018362,寰宇外語教育學士學位學程,原住民,--,無,無
018,靜宜大學,018372,智慧媒體與創新科技應用學士學位學程,招生,--,無,備8
018,靜宜大學,018372,智慧媒體與創新科技應用學士學位學程,原住民,--,無,無
019,大同大學,019012,機械與材料工程學系,招生,--,無,備60
019,大同大學,019012,機械與材料工程學系,原住民,--,無,無
019,大同大學,019022,化學工程與生物科技學系,招生,--,無,備51
019,大同大學,019022,化學工程與生物科技學系,原住民,--,無,無
019,大同大學,019032,工程學院學士班,招生,--,無,備24
019,大同大學,019032,工程學院學士班,原住民,--,無,正取
019,大同大學,019042,電機工程學系,招生,--,無,備70
019,大同大學,019042,電機工程學系,原住民,--,無,無
019,大同大學,019052,資訊工程學系,招生,--,無,備84
019,大同大學,019052,資訊工程學系,原住民,--,無,正取
019,大同大學,019062,事業與資訊經營學系,招生,--,無,備78
019,大同大學,019062,事業與資訊經營學系,原住民,--,無,正取
019,大同大學,019072,應用外語學系,招生,--,無,備10
019,大同大學,019072,應用外語學系,原住民,--,無,正取
019,大同大學,019082,工業設計學系,招生,--,無,備92
019,大同大學,019082,工業設計學系,原住民,--,無,無
019,大同大學,019092,數位媒體設計學系,招生,--,無,備55
019,大同大學,019092,數位媒體設計學系,原住民,--,無,無
019,大同大學,019102,電機工程學系(青年儲蓄帳戶組),招生,--,無,無
019,大同大學,019112,應用外語學系(青年儲蓄帳戶組),招生,--,無,無
020,輔仁大學,020012,中國文學系,招生,--,無,備43
020,輔仁大學,020022,歷史學系,招生,--,無,備36
020,輔仁大學,020022,歷史學系,原住民,--,無,備2
020,輔仁大學,020032,哲學系,招生,--,無,備25
020,輔仁大學,020032,哲學系,原住民,--,無,正取
020,輔仁大學,020042,人文與社區創新學士學位學程,招生,--,無,備18
020,輔仁大學,020052,景觀設計學系,招生,--,無,備30
020,輔仁大學,020052,景觀設計學系,原住民,--,無,正取
020,輔仁大學,020062,景觀設計學系(青年儲蓄帳戶組),招生,--,無,無
020,輔仁大學,020072,影像傳播學系,招生,--,無,備34
020,輔仁大學,020072,影像傳播學系,原住民,--,無,無
020,輔仁大學,020072,影像傳播學系,離島(金門縣),--,無,正取
020,輔仁大學,020082,新聞傳播學系,招生,--,無,備26
020,輔仁大學,020082,新聞傳播學系,原住民,--,無,備1
020,輔仁大學,020092,廣告傳播學系,招生,--,無,備32
020,輔仁大學,020092,廣告傳播學系,原住民,--,無,正取
020,輔仁大學,020102,圖書資訊學系,招生,--,無,備61
020,輔仁大學,020112,教育領導與科技發展學士學位學程,招生,--,無,備19
020,輔仁大學,020122,護理學系,招生,--,無,備68
020,輔仁大學,020122,護理學系,離島(金門縣),--,無,備2
020,輔仁大學,020132,公共衛生學系,招生,--,無,備34
020,輔仁大學,020132,公共衛生學系,原住民,--,無,無
020,輔仁大學,020132,公共衛生學系,離島(澎湖縣),--,無,正取
020,輔仁大學,020142,公共衛生學系(青年儲蓄帳戶組),招生,--,無,無
020,輔仁大學,020152,醫學系,招生,--,無,備11
020,輔仁大學,020162,醫學系(公費生),招生,--,無,備4
020,輔仁大學,020172,臨床心理學系,招生,--,無,備45
020,輔仁大學,020172,臨床心理學系,原住民,--,無,備4
020,輔仁大學,020172,臨床心理學系,離島(金門縣),--,無,備2
020,輔仁大學,020182,職能治療學系,招生,--,無,備29
020,輔仁大學,020192,呼吸治療學系,招生,--,無,備27
020,輔仁大學,020202,數學系資訊數學組,招生,--,無,備33
020,輔仁大學,020202,數學系資訊數學組,原住民,--,無,無
020,輔仁大學,020212,數學系應用數學組,招生,--,無,備22
020,輔仁大學,020212,數學系應用數學組,原住民,--,無,無
020,輔仁大學,020222,化學系,招生,--,無,備67
020,輔仁大學,020222,化學系,原住民,--,無,正取
020,輔仁大學,020232,資訊工程學系,招生,--,無,備121
020,輔仁大學,020232,資訊工程學系,離島(金門縣),--,無,備2
020,輔仁大學,020242,資訊工程學系(APCS組),招生,--,無,正取
020,輔仁大學,020252,生命科學系,招生,--,無,備107
020,輔仁大學,020252,生命科學系,原住民,--,無,無
020,輔仁大學,020262,物理學系電子物理組,招生,--,無,備25
020,輔仁大學,020262,物理學系電子物理組,原住民,--,無,無
020,輔仁大學,020272,物理學系光電物理組,招生,--,無,備53
020,輔仁大學,020272,物理學系光電物理組,原住民,--,無,無
020,輔仁大學,020282,電機工程學系,招生,--,無,備105
020,輔仁大學,020292,電機工程學系(APCS組),招生,--,無,備3
020,輔仁大學,020302,醫學資訊與創新應用學士學位學程,招生,--,無,備29
020,輔仁大學,020312,醫學資訊與創新應用學士學位學程(APCS組),招生,--,無,無
020,輔仁大學,020322,醫學資訊與創新應用學士學位學程(資安組),招生,--,無,備1
020,輔仁大學,020332,人工智慧與資訊安全學士學位學程,招生,--,無,備45
020,輔仁大學,020342,人工智慧與資訊安全學士學位學程(APCS組),招生,--,無,備3
020,輔仁大學,020352,人工智慧與資訊安全學士學位學程(資安組),招生,--,無,備1
020,輔仁大學,020362,英國語文學系,招生,--,無,備25
020,輔仁大學,020362,英國語文學系,原住民,--,無,無
020,輔仁大學,020362,英國語文學系,離島(金門縣),--,無,備2
020,輔仁大學,020372,法國語文學系,招生,--,無,備30
020,輔仁大學,020372,法國語文學系,原住民,--,無,正取
020,輔仁大學,020382,西班牙語文學系,招生,--,無,備23
020,輔仁大學,020382,西班牙語文學系,原住民,--,無,備2
020,輔仁大學,020392,日本語文學系,招生,--,無,備59
020,輔仁大學,020392,日本語文學系,原住民,--,無,無
020,輔仁大學,020392,日本語文學系,離島(澎湖縣),--,無,正取
020,輔仁大學,020392,日本語文學系,離島(金門縣),--,無,正取
020,輔仁大學,020402,義大利語文學系,招生,--,無,備33
020,輔仁大學,020402,義大利語文學系,原住民,--,無,正取
020,輔仁大學,020412,德語語文學系,招生,--,無,備45
020,輔仁大學,020412,德語語文學系,原住民,--,無,備2
020,輔仁大學,020422,國際溝通與科技創新學士學位學程,招生,--,無,備22
020,輔仁大學,020432,織品服裝學系織品設計組,招生,--,無,備41
020,輔仁大學,020432,織品服裝學系織品設計組,原住民,--,無,正取
020,輔仁大學,020442,織品服裝學系服飾設計組,招生,--,無,備35
020,輔仁大學,020442,織品服裝學系服飾設計組,原住民,--,無,備1
020,輔仁大學,020452,織品服裝學系織品服飾行銷組,招生,--,無,備41
020,輔仁大學,020452,織品服裝學系織品服飾行銷組,原住民,--,無,正取
020,輔仁大學,020462,餐旅管理學系,招生,--,無,備82
020,輔仁大學,020472,兒童與家庭學系,招生,--,無,備40
020,輔仁大學,020472,兒童與家庭學系,原住民,--,無,正取
020,輔仁大學,020472,兒童與家庭學系,離島(金門縣),--,無,備2
020,輔仁大學,020482,食品科學系,招生,--,無,備51
020,輔仁大學,020482,食品科學系,原住民,--,無,備1
020,輔仁大學,020482,食品科學系,離島(金門縣),--,無,正取
020,輔仁大學,020492,營養科學系,招生,--,無,備46
020,輔仁大學,020502,法律學系,招生,--,無,備99
020,輔仁大學,020502,法律學系,原住民,--,無,備4
020,輔仁大學,020502,法律學系,離島(金門縣),--,無,正取
020,輔仁大學,020512,財經法律學系,招生,--,無,備48
020,輔仁大學,020512,財經法律學系,原住民,--,無,備1
020,輔仁大學,020522,企業管理學系,招生,--,無,備104
020,輔仁大學,020522,企業管理學系,原住民,--,無,備3
020,輔仁大學,020522,企業管理學系,離島(澎湖縣),--,無,正取
020,輔仁大學,020522,企業管理學系,離島(金門縣),--,無,正取
020,輔仁大學,020532,會計學系,招生,--,無,備76
020,輔仁大學,020532,會計學系,原住民,--,無,正取
020,輔仁大學,020542,資訊管理學系,招生,--,無,備77
020,輔仁大學,020542,資訊管理學系,原住民,--,無,備1
020,輔仁大學,020542,資訊管理學系,離島(金門縣),--,無,正取
020,輔仁大學,020552,資訊管理學系(APCS組),招生,--,無,備2
020,輔仁大學,020562,統計資訊學系,招生,--,無,備74
020,輔仁大學,020572,金融與國際企業學系,招生,--,無,備81
020,輔仁大學,020572,金融與國際企業學系,原住民,--,無,正取
020,輔仁大學,020572,金融與國際企業學系,離島(金門縣),--,無,正取
020,輔仁大學,020582,社會學系,招生,--,無,備31
020,輔仁大學,020592,社會工作學系,招生,--,無,備27
020,輔仁大學,020592,社會工作學系,原住民,--,無,備6
020,輔仁大學,020592,社會工作學系,離島(金門縣),--,無,備3
020,輔仁大學,020602,經濟學系,招生,--,無,備66
020,輔仁大學,020612,宗教學系,招生,--,無,備26
020,輔仁大學,020612,宗教學系,原住民,--,無,正取
020,輔仁大學,020622,心理學系(社會組),招生,--,無,備26
020,輔仁大學,020622,心理學系(社會組),原住民,--,無,備2
020,輔仁大學,020622,心理學系(社會組),離島(金門縣),--,無,備2
020,輔仁大學,020632,心理學系(自然組),招生,--,無,備30
020,輔仁大學,020632,心理學系(自然組),原住民,--,無,無
020,輔仁大學,020642,天主教研修學士學位學程,招生,--,無,備5
020,輔仁大學,020652,跨領域全英語學士學位學程,招生,--,無,備14
020,輔仁大學,020662,音樂學系應用音樂組,招生,--,無,正取
020,輔仁大學,020662,音樂學系應用音樂組,原住民,--,無,正取
020,輔仁大學,020672,音樂學系器樂組,招生,鋼琴,無,備14
020,輔仁大學,020672,音樂學系器樂組,招生,聲樂,無,備14
020,輔仁大學,020672,音樂學系器樂組,招生,小提琴,無,備8
020,輔仁大學,020672,音樂學系器樂組,招生,中提琴,無,備8
020,輔仁大學,020672,音樂學系器樂組,招生,大提琴,無,備3
020,輔仁大學,020672,音樂學系器樂組,招生,低音提琴,無,備1
020,輔仁大學,020672,音樂學系器樂組,招生,長號,無,備2
020,輔仁大學,020672,音樂學系器樂組,招生,小號,無,備2
020,輔仁大學,020672,音樂學系器樂組,招生,法國號,無,備1
020,輔仁大學,020672,音樂學系器樂組,招生,低音號,無,備2
020,輔仁大學,020672,音樂學系器樂組,招生,薩克斯管,無,無
020,輔仁大學,020672,音樂學系器樂組,招生,長笛,無,備1
020,輔仁大學,020672,音樂學系器樂組,招生,單簧管(豎笛),無,正取
020,輔仁大學,020672,音樂學系器樂組,招生,擊樂,無,備6
020,輔仁大學,020672,音樂學系器樂組,招生,理論作曲,無,備1
020,輔仁大學,020672,音樂學系器樂組,原住民,--,無,備3
020,輔仁大學,020682,音樂學系爵士音樂組,招生,--,無,正取
020,輔仁大學,020682,音樂學系爵士音樂組,原住民,--,無,無
020,輔仁大學,020692,音樂學系音樂治療組,招生,--,無,正取
020,輔仁大學,020702,應用美術學系,招生,--,無,備46
020,輔仁大學,020702,應用美術學系,原住民,--,無,正取
020,輔仁大學,020702,應用美術學系,離島(金門縣),--,無,無
020,輔仁大學,020712,體育學系體育學組,招生,--,無,備21
020,輔仁大學,020712,體育學系體育學組,原住民,--,無,備3
020,輔仁大學,020722,體育學系運動健康管理組,招生,--,無,備35
020,輔仁大學,020722,體育學系運動健康管理組,原住民,--,無,備3
020,輔仁大學,020722,體育學系運動健康管理組,離島(金門縣),--,無,備1
021,國立臺灣海洋大學,021012,商船學系,招生,--,無,備59
021,國立臺灣海洋大學,021012,商船學系,原住民,--,無,正取
021,國立臺灣海洋大學,021012,商船學系,願景計畫,--,無,無
021,國立臺灣海洋大學,021022,航運管理學系,招生,--,無,備61
021,國立臺灣海洋大學,021022,航運管理學系,願景計畫,--,無,無
021,國立臺灣海洋大學,021032,運輸科學系A組,招生,--,無,備36
021,國立臺灣海洋大學,021032,運輸科學系A組,原住民,--,無,正取
021,國立臺灣海洋大學,021032,運輸科學系A組,願景計畫,--,無,無
021,國立臺灣海洋大學,021042,運輸科學系B組,招生,--,無,備32
021,國立臺灣海洋大學,021042,運輸科學系B組,原住民,--,無,無
021,國立臺灣海洋大學,021042,運輸科學系B組,願景計畫,--,無,無
021,國立臺灣海洋大學,021052,輪機工程學系,招生,--,無,備37
021,國立臺灣海洋大學,021052,輪機工程學系,原住民,--,無,正取
021,國立臺灣海洋大學,021052,輪機工程學系,願景計畫,--,無,無
021,國立臺灣海洋大學,021062,海洋觀光管理學士學位學程,招生,--,無,備13
021,國立臺灣海洋大學,021062,海洋觀光管理學士學位學程,原住民,--,無,無
021,國立臺灣海洋大學,021072,海洋觀光管理學士學位學程(青年儲蓄帳戶組),招生,--,無,正取
021,國立臺灣海洋大學,021082,海洋經營管理學士學位學程,招生,--,無,備2
021,國立臺灣海洋大學,021082,海洋經營管理學士學位學程,原住民,--,無,無
021,國立臺灣海洋大學,021082,海洋經營管理學士學位學程,願景計畫,--,無,無
021,國立臺灣海洋大學,021092,食品科學系,招生,--,無,備58
021,國立臺灣海洋大學,021092,食品科學系,願景計畫,--,無,無
021,國立臺灣海洋大學,021102,水產養殖學系,招生,--,無,備58
021,國立臺灣海洋大學,021102,水產養殖學系,原住民,--,無,無
021,國立臺灣海洋大學,021102,水產養殖學系,願景計畫,--,無,無
021,國立臺灣海洋大學,021112,生命科學暨生物科技學系,招生,--,無,備21
021,國立臺灣海洋大學,021112,生命科學暨生物科技學系,原住民,--,無,無
021,國立臺灣海洋大學,021112,生命科學暨生物科技學系,願景計畫,--,無,無
021,國立臺灣海洋大學,021122,海洋生物科技學士學位學程,招生,--,無,備14
021,國立臺灣海洋大學,021122,海洋生物科技學士學位學程,原住民,--,無,無
021,國立臺灣海洋大學,021122,海洋生物科技學士學位學程,願景計畫,--,無,無
021,國立臺灣海洋大學,021132,環境生物與漁業科學學系,招生,--,無,備19
021,國立臺灣海洋大學,021132,環境生物與漁業科學學系,原住民,--,無,無
021,國立臺灣海洋大學,021132,環境生物與漁業科學學系,願景計畫,--,無,無
021,國立臺灣海洋大學,021142,環境生物與漁業科學學系(青年儲蓄帳戶組),招生,--,無,無
021,國立臺灣海洋大學,021152,海洋環境資訊系,招生,--,無,備41
021,國立臺灣海洋大學,021152,海洋環境資訊系,原住民,--,無,無
021,國立臺灣海洋大學,021152,海洋環境資訊系,願景計畫,--,無,無
021,國立臺灣海洋大學,021162,機械與機電工程學系,招生,--,無,備62
021,國立臺灣海洋大學,021162,機械與機電工程學系,原住民,--,無,正取
021,國立臺灣海洋大學,021162,機械與機電工程學系,願景計畫,--,無,正取
021,國立臺灣海洋大學,021172,系統工程暨造船學系,招生,--,無,備44
021,國立臺灣海洋大學,021172,系統工程暨造船學系,原住民,--,無,無
021,國立臺灣海洋大學,021172,系統工程暨造船學系,願景計畫,--,無,無
021,國立臺灣海洋大學,021182,河海工程學系,招生,--,無,備55
021,國立臺灣海洋大學,021182,河海工程學系,原住民,--,無,正取
021,國立臺灣海洋大學,021182,河海工程學系,願景計畫,--,無,備1
021,國立臺灣海洋大學,021192,海洋工程科技學士學位學程,招生,--,無,備27
021,國立臺灣海洋大學,021192,海洋工程科技學士學位學程,原住民,--,無,無
021,國立臺灣海洋大學,021192,海洋工程科技學士學位學程,願景計畫,--,無,無
021,國立臺灣海洋大學,021202,電機工程學系,招生,--,無,備69
021,國立臺灣海洋大學,021202,電機工程學系,原住民,--,無,正取
021,國立臺灣海洋大學,021202,電機工程學系,願景計畫,--,無,無
021,國立臺灣海洋大學,021212,電機工程學系(青年儲蓄帳戶組),招生,--,無,無
021,國立臺灣海洋大學,021222,資訊工程學系,招生,--,無,備56
021,國立臺灣海洋大學,021222,資訊工程學系,原住民,--,無,正取
021,國立臺灣海洋大學,021222,資訊工程學系,願景計畫,--,無,正取
021,國立臺灣海洋大學,021232,資訊工程學系(APCS組),招生,--,無,備4
021,國立臺灣海洋大學,021242,資訊工程學系(資安組),招生,--,無,正取
021,國立臺灣海洋大學,021252,通訊與導航工程學系,招生,--,無,備15
021,國立臺灣海洋大學,021252,通訊與導航工程學系,原住民,--,無,正取
021,國立臺灣海洋大學,021252,通訊與導航工程學系,願景計畫,--,無,正取
021,國立臺灣海洋大學,021262,光電與材料科技學系,招生,--,無,備22
021,國立臺灣海洋大學,021262,光電與材料科技學系,原住民,--,無,無
021,國立臺灣海洋大學,021262,光電與材料科技學系,願景計畫,--,無,無
021,國立臺灣海洋大學,021272,海洋文創設計產業學士學位學程,招生,--,無,備11
021,國立臺灣海洋大學,021272,海洋文創設計產業學士學位學程,原住民,--,無,無
021,國立臺灣海洋大學,021272,海洋文創設計產業學士學位學程,願景計畫,--,無,無
021,國立臺灣海洋大學,021282,海洋文創設計產業學士學位學程(青年儲蓄帳戶組),招生,--,無,無
021,國立臺灣海洋大學,021292,海洋法政學士學位學程,招生,--,無,備12
021,國立臺灣海洋大學,021292,海洋法政學士學位學程,原住民,--,無,正取
021,國立臺灣海洋大學,021292,海洋法政學士學位學程,願景計畫,--,無,無
021,國立臺灣海洋大學,021302,海洋法政學士學位學程(青年儲蓄帳戶組),招生,--,無,無
022,國立高雄師範大學,022012,國文學系,招生,--,無,備37
022,國立高雄師範大學,022012,國文學系,原住民,--,無,備2
022,國立高雄師範大學,022012,國文學系,離島(澎湖縣),--,無,備1
022,國立高雄師範大學,022012,國文學系,離島(金門縣),--,無,備2
022,國立高雄師範大學,022022,英語學系,招生,--,無,備18
022,國立高雄師範大學,022022,英語學系,原住民,--,無,備1
022,國立高雄師範大學,022032,地理學系,招生,--,無,備24
022,國立高雄師範大學,022032,地理學系,原住民,--,無,備1
022,國立高雄師範大學,022042,數學系數學組,招生,--,無,備20
022,國立高雄師範大學,022042,數學系數學組,原住民,--,無,無
022,國立高雄師範大學,022052,數學系應用數學組,招生,--,無,備27
022,國立高雄師範大學,022052,數學系應用數學組,原住民,--,無,無
022,國立高雄師範大學,022062,化學系,招生,--,無,備22
022,國立高雄師範大學,022062,化學系,原住民,--,無,正取
022,國立高雄師範大學,022062,化學系,離島(澎湖縣),--,無,無
022,國立高雄師範大學,022072,物理學系,招生,--,無,備23
022,國立高雄師範大學,022072,物理學系,原住民,--,無,無
022,國立高雄師範大學,022082,生物科技系,招生,--,無,備29
022,國立高雄師範大學,022082,生物科技系,原住民,--,無,無
022,國立高雄師範大學,022082,生物科技系,離島(金門縣),--,無,正取
022,國立高雄師範大學,022092,教育學系,招生,--,無,備22
022,國立高雄師範大學,022092,教育學系,原住民,--,無,備3
022,國立高雄師範大學,022102,特殊教育學系,招生,--,無,備15
022,國立高雄師範大學,022102,特殊教育學系,原住民,--,無,備4
022,國立高雄師範大學,022112,事業經營學系,招生,--,無,備21
022,國立高雄師範大學,022112,事業經營學系,原住民,--,無,無
022,國立高雄師範大學,022122,工業科技教育學系科技教育與訓練組,招生,--,無,備11
022,國立高雄師範大學,022122,工業科技教育學系科技教育與訓練組,原住民,--,無,無
022,國立高雄師範大學,022132,工業科技教育學系能源與冷凍空調組,招生,--,無,備7
022,國立高雄師範大學,022132,工業科技教育學系能源與冷凍空調組,原住民,--,無,無
022,國立高雄師範大學,022142,工業設計學系(A組),招生,--,無,備17
022,國立高雄師範大學,022142,工業設計學系(A組),原住民,--,無,正取
022,國立高雄師範大學,022152,工業設計學系(B組),招生,--,無,備15
022,國立高雄師範大學,022152,工業設計學系(B組),原住民,--,無,正取
022,國立高雄師範大學,022162,電機工程學系,招生,--,無,備18
022,國立高雄師範大學,022162,電機工程學系,原住民,--,無,正取
022,國立高雄師範大學,022172,電子工程學系,招生,--,無,備33
022,國立高雄師範大學,022172,電子工程學系,原住民,--,無,無
022,國立高雄師範大學,022182,軟體工程與管理學系,招生,--,無,備31
022,國立高雄師範大學,022182,軟體工程與管理學系,原住民,--,無,備2
022,國立高雄師範大學,022192,軟體工程與管理學系(APCS組),招生,--,無,備4
022,國立高雄師範大學,022202,軟體工程與管理學系(資安組),招生,--,無,備2
022,國立高雄師範大學,022212,音樂學系,招生,鋼琴,無,備29
022,國立高雄師範大學,022212,音樂學系,招生,聲樂,無,備14
022,國立高雄師範大學,022212,音樂學系,招生,小提琴,無,備23
022,國立高雄師範大學,022212,音樂學系,招生,中提琴,無,備10
022,國立高雄師範大學,022212,音樂學系,招生,大提琴,無,備11
022,國立高雄師範大學,022212,音樂學系,招生,低音提琴,無,備2
022,國立高雄師範大學,022212,音樂學系,招生,長號,無,備4
022,國立高雄師範大學,022212,音樂學系,招生,小號,無,無
022,國立高雄師範大學,022212,音樂學系,招生,法國號,無,備6
022,國立高雄師範大學,022212,音樂學系,招生,上低音號,無,備4
022,國立高雄師範大學,022212,音樂學系,招生,低音號,無,備1
022,國立高雄師範大學,022212,音樂學系,招生,薩克斯管,無,備2
022,國立高雄師範大學,022212,音樂學系,招生,長笛,無,備7
022,國立高雄師範大學,022212,音樂學系,招生,單簧管(豎笛),無,無
022,國立高雄師範大學,022212,音樂學系,招生,雙簧管,無,備1
022,國立高雄師範大學,022212,音樂學系,招生,低音管,無,無
022,國立高雄師範大學,022212,音樂學系,招生,擊樂,無,備8
022,國立高雄師範大學,022212,音樂學系,招生,理論作曲,無,無
022,國立高雄師範大學,022212,音樂學系,原住民,--,無,備10
022,國立高雄師範大學,022222,美術學系,招生,--,無,備28
022,國立高雄師範大學,022222,美術學系,原住民,--,無,備1
022,國立高雄師範大學,022232,視覺設計學系,招生,--,無,備50
022,國立高雄師範大學,022232,視覺設計學系,原住民,--,無,無
022,國立高雄師範大學,022232,視覺設計學系,離島(臺東縣),--,無,無
022,國立高雄師範大學,022242,體育學系,招生,--,無,備11
022,國立高雄師範大學,022242,體育學系,原住民,--,無,備1
022,國立高雄師範大學,022242,體育學系,離島(澎湖縣),--,無,正取
022,國立高雄師範大學,022242,體育學系,離島(金門縣),--,無,備1
023,國立彰化師範大學,023012,輔導與諮商學系學校輔導與諮商組,招生,--,無,備5
023,國立彰化師範大學,023012,輔導與諮商學系學校輔導與諮商組,原住民,--,無,備1
023,國立彰化師範大學,023022,輔導與諮商學系社區輔導與諮商組,招生,--,無,備6
023,國立彰化師範大學,023022,輔導與諮商學系社區輔導與諮商組,原住民,--,無,正取
023,國立彰化師範大學,023032,特殊教育學系,招生,--,無,備14
023,國立彰化師範大學,023042,數學系,招生,--,無,備43
023,國立彰化師範大學,023042,數學系,原住民,--,無,正取
023,國立彰化師範大學,023052,物理學系物理組,招生,--,無,備29
023,國立彰化師範大學,023052,物理學系物理組,原住民,--,無,正取
023,國立彰化師範大學,023062,物理學系光電組,招生,--,無,備20
023,國立彰化師範大學,023062,物理學系光電組,原住民,--,無,正取
023,國立彰化師範大學,023072,生物學系,招生,--,無,備23
023,國立彰化師範大學,023072,生物學系,原住民,--,無,正取
023,國立彰化師範大學,023082,化學系,招生,--,無,備28
023,國立彰化師範大學,023082,化學系,原住民,--,無,無
023,國立彰化師範大學,023092,智慧車輛工程學系,招生,--,無,備4
023,國立彰化師範大學,023092,智慧車輛工程學系,原住民,--,無,正取
023,國立彰化師範大學,023102,英語學系,招生,--,無,備15
023,國立彰化師範大學,023102,英語學系,原住民,--,無,備2
023,國立彰化師範大學,023112,國文學系,招生,--,無,備25
023,國立彰化師範大學,023112,國文學系,原住民,--,無,正取
023,國立彰化師範大學,023122,地理學系,招生,--,無,備15
023,國立彰化師範大學,023122,地理學系,原住民,--,無,無
023,國立彰化師範大學,023132,機電工程學系,招生,--,無,備27
023,國立彰化師範大學,023132,機電工程學系,原住民,--,無,正取
023,國立彰化師範大學,023142,電機工程學系,招生,--,無,備20
023,國立彰化師範大學,023142,電機工程學系,原住民,--,無,正取
023,國立彰化師範大學,023152,電子工程學系,招生,--,無,備36
023,國立彰化師範大學,023152,電子工程學系,原住民,--,無,正取
023,國立彰化師範大學,023162,資訊工程學系,招生,--,無,備37
023,國立彰化師範大學,023162,資訊工程學系,原住民,--,無,正取
023,國立彰化師範大學,023172,資訊工程學系(APCS組),招生,--,無,備1
023,國立彰化師範大學,023182,企業管理學系,招生,--,無,備12
023,國立彰化師範大學,023182,企業管理學系,原住民,--,無,正取
023,國立彰化師範大學,023192,會計學系,招生,--,無,備22
023,國立彰化師範大學,023192,會計學系,原住民,--,無,正取
023,國立彰化師範大學,023202,資訊管理學系資訊管理組,招生,--,無,備17
023,國立彰化師範大學,023202,資訊管理學系資訊管理組,原住民,--,無,無
023,國立彰化師範大學,023212,資訊管理學系數位內容科技與管理組,招生,--,無,備16
023,國立彰化師範大學,023212,資訊管理學系數位內容科技與管理組,原住民,--,無,無
023,國立彰化師範大學,023222,公共事務與公民教育學系公民教育組,招生,--,無,備21
023,國立彰化師範大學,023222,公共事務與公民教育學系公民教育組,原住民,--,無,備1
023,國立彰化師範大學,023232,公共事務與公民教育學系公共事務組,招生,--,無,備17
023,國立彰化師範大學,023232,公共事務與公民教育學系公共事務組,原住民,--,無,備1
023,國立彰化師範大學,023242,揚鷹招生A組(教社),招生,--,無,備3
023,國立彰化師範大學,023252,揚鷹招生B組(文),招生,--,無,備8
023,國立彰化師範大學,023262,揚鷹招生C組(管理),招生,--,無,無
023,國立彰化師範大學,023272,揚鷹招生D組(理),招生,--,無,備2
023,國立彰化師範大學,023282,揚鷹招生E組(工),招生,--,無,備20
023,國立彰化師範大學,023292,美術學系,招生,--,無,備16
023,國立彰化師範大學,023292,美術學系,原住民,--,無,備3
023,國立彰化師範大學,023302,運動學系(競技運動與表演藝術組),招生,--,無,備1
023,國立彰化師範大學,023302,運動學系(競技運動與表演藝術組),原住民,--,無,備1
023,國立彰化師範大學,023312,運動學系(運動健康組),招生,--,無,備15
023,國立彰化師範大學,023312,運動學系(運動健康組),原住民,--,無,正取
026,中山醫學大學,026012,醫學系,招生,--,無,備97
026,中山醫學大學,026022,牙醫學系,招生,--,無,備61
026,中山醫學大學,026022,牙醫學系,離島(金門縣),--,無,備3
026,中山醫學大學,026022,牙醫學系,離島(連江縣),--,無,備2
026,中山醫學大學,026022,牙醫學系,離島(屏東縣),--,無,正取
026,中山醫學大學,026032,物理治療學系,招生,--,無,備13
026,中山醫學大學,026032,物理治療學系,原住民,--,無,備3
026,中山醫學大學,026042,職能治療學系(A組),招生,--,無,備23
026,中山醫學大學,026042,職能治療學系(A組),原住民,--,無,備3
026,中山醫學大學,026052,職能治療學系(B組),招生,--,無,備16
026,中山醫學大學,026052,職能治療學系(B組),原住民,--,無,備2
026,中山醫學大學,026062,語言治療與聽力學系語言治療組,招生,--,無,備38
026,中山醫學大學,026062,語言治療與聽力學系語言治療組,原住民,--,無,備1
026,中山醫學大學,026062,語言治療與聽力學系語言治療組,離島(澎湖縣),--,無,備3
026,中山醫學大學,026062,語言治療與聽力學系語言治療組,離島(金門縣),--,無,備2
026,中山醫學大學,026072,語言治療與聽力學系聽力組,招生,--,無,備26
026,中山醫學大學,026072,語言治療與聽力學系聽力組,原住民,--,無,備1
026,中山醫學大學,026082,生物醫學科學學系,招生,--,無,備36
026,中山醫學大學,026082,生物醫學科學學系,原住民,--,無,正取
026,中山醫學大學,026092,視光學系,招生,--,無,備36
026,中山醫學大學,026092,視光學系,原住民,--,無,正取
026,中山醫學大學,026102,醫學影像暨放射科學系,招生,--,無,備50
026,中山醫學大學,026102,醫學影像暨放射科學系,原住民,--,無,備2
026,中山醫學大學,026112,心理學系,招生,--,無,備18
026,中山醫學大學,026112,心理學系,原住民,--,無,備3
026,中山醫學大學,026122,營養學系(A組),招生,--,無,備20
026,中山醫學大學,026122,營養學系(A組),原住民,--,無,備2
026,中山醫學大學,026132,營養學系(B組),招生,--,無,備14
026,中山醫學大學,026132,營養學系(B組),原住民,--,無,正取
026,中山醫學大學,026142,職業安全衛生學系,招生,--,無,備48
026,中山醫學大學,026142,職業安全衛生學系,原住民,--,無,無
026,中山醫學大學,026152,醫學應用化學系(A組),招生,--,無,備14
026,中山醫學大學,026152,醫學應用化學系(A組),原住民,--,無,無
026,中山醫學大學,026162,醫學應用化學系(B組),招生,--,無,備31
026,中山醫學大學,026162,醫學應用化學系(B組),原住民,--,無,無
026,中山醫學大學,026172,健康產業科技管理學系,招生,--,無,備43
026,中山醫學大學,026172,健康產業科技管理學系,原住民,--,無,正取
026,中山醫學大學,026182,護理學系,招生,--,無,備75
026,中山醫學大學,026182,護理學系,原住民,--,無,備5
026,中山醫學大學,026192,醫學檢驗暨生物技術學系,招生,--,無,備48
026,中山醫學大學,026192,醫學檢驗暨生物技術學系,原住民,--,無,備2
026,中山醫學大學,026202,應用外國語言學系,招生,--,無,備24
026,中山醫學大學,026202,應用外國語言學系,原住民,--,無,無
026,中山醫學大學,026212,公共衛生學系(A組),招生,--,無,備25
026,中山醫學大學,026212,公共衛生學系(A組),原住民,--,無,備1
026,中山醫學大學,026222,公共衛生學系(B組),招生,--,無,備15
026,中山醫學大學,026222,公共衛生學系(B組),原住民,--,無,備1
026,中山醫學大學,026232,醫學社會暨社會工作學系,招生,--,無,備60
026,中山醫學大學,026232,醫學社會暨社會工作學系,原住民,--,無,正取
026,中山醫學大學,026242,醫學資訊學系,招生,--,無,備18
026,中山醫學大學,026242,醫學資訊學系,原住民,--,無,無
026,中山醫學大學,026252,醫學資訊學系(APCS組),招生,--,無,備7
026,中山醫學大學,026262,醫療產業科技管理學系,招生,--,無,備24
026,中山醫學大學,026262,醫療產業科技管理學系,原住民,--,無,正取
027,國立中山大學,027012,中國文學系,招生,--,無,備11
027,國立中山大學,027012,中國文學系,原住民,--,無,無
027,國立中山大學,027022,外國語文學系,招生,--,無,備23
027,國立中山大學,027022,外國語文學系,原住民,--,無,無
027,國立中山大學,027032,劇場藝術學系,招生,--,男,備2
027,國立中山大學,027032,劇場藝術學系,招生,--,女,備15
027,國立中山大學,027032,劇場藝術學系,原住民,--,無,正取
027,國立中山大學,027042,生物科學系,招生,--,無,備16
027,國立中山大學,027042,生物科學系,原住民,--,無,無
027,國立中山大學,027052,生物科學系英語組,招生,--,無,備15
027,國立中山大學,027062,化學系,招生,--,無,備28
027,國立中山大學,027062,化學系,原住民,--,無,正取
027,國立中山大學,027072,化學系英語組,招生,--,無,備7
027,國立中山大學,027082,物理學系,招生,--,無,備19
027,國立中山大學,027082,物理學系,原住民,--,無,無
027,國立中山大學,027092,物理學系量子科技組(全英),招生,--,無,備8
027,國立中山大學,027092,物理學系量子科技組(全英),原住民,--,無,無
027,國立中山大學,027102,應用數學系,招生,--,無,備23
027,國立中山大學,027102,應用數學系,原住民,--,無,無
027,國立中山大學,027112,應用數學系英語組,招生,--,無,備21
027,國立中山大學,027112,應用數學系英語組,原住民,--,無,無
027,國立中山大學,027122,電機工程學系,招生,--,無,備49
027,國立中山大學,027122,電機工程學系,原住民,--,無,無
027,國立中山大學,027122,電機工程學系,離島(澎湖縣),--,無,備3
027,國立中山大學,027132,電機工程學系英語組,招生,--,無,備42
027,國立中山大學,027142,電機工程學系(APCS組),招生,--,無,備6
027,國立中山大學,027152,機械與機電工程學系,招生,--,無,備71
027,國立中山大學,027152,機械與機電工程學系,原住民,--,無,正取
027,國立中山大學,027162,機械與機電工程學系全英語組,招生,--,無,備25
027,國立中山大學,027172,資訊工程學系,招生,--,無,備22
027,國立中山大學,027172,資訊工程學系,原住民,--,無,正取
027,國立中山大學,027172,資訊工程學系,離島(澎湖縣),--,無,備3
027,國立中山大學,027172,資訊工程學系,離島(金門縣),--,無,正取
027,國立中山大學,027182,資訊工程學系全英語學士班,招生,--,無,備19
027,國立中山大學,027192,光電工程學系,招生,--,無,備13
027,國立中山大學,027192,光電工程學系,原住民,--,無,正取
027,國立中山大學,027202,光電工程學系全英語組,招生,--,無,備20
027,國立中山大學,027212,材料與光電科學學系,招生,--,無,備21
027,國立中山大學,027212,材料與光電科學學系,離島(澎湖縣),--,無,備1
027,國立中山大學,027222,材料與光電科學學系全英語組,招生,--,無,備9
027,國立中山大學,027232,企業管理學系,招生,--,無,備43
027,國立中山大學,027232,企業管理學系,離島(澎湖縣),--,無,正取
027,國立中山大學,027242,資訊管理學系,招生,--,無,備34
027,國立中山大學,027242,資訊管理學系,離島(澎湖縣),--,無,無
027,國立中山大學,027252,財務管理學系,招生,--,無,備33
027,國立中山大學,027252,財務管理學系,原住民,--,無,備2
027,國立中山大學,027252,財務管理學系,離島(澎湖縣),--,無,正取
027,國立中山大學,027252,財務管理學系,離島(金門縣),--,無,無
027,國立中山大學,027262,國際經營管理全英語學士學位學程,招生,--,無,備9
027,國立中山大學,027272,海洋生物科技暨資源學系,招生,--,無,備16
027,國立中山大學,027272,海洋生物科技暨資源學系,原住民,--,無,正取
027,國立中山大學,027282,海洋環境及工程學系,招生,--,無,備12
027,國立中山大學,027282,海洋環境及工程學系,原住民,--,無,正取
027,國立中山大學,027282,海洋環境及工程學系,離島(屏東縣),--,無,正取
027,國立中山大學,027292,海洋科學系,招生,--,無,備7
027,國立中山大學,027292,海洋科學系,原住民,--,無,無
027,國立中山大學,027302,政治經濟學系,招生,--,無,備24
027,國立中山大學,027312,社會學系,招生,--,無,備13
027,國立中山大學,027312,社會學系,原住民,--,無,正取
027,國立中山大學,027322,人文暨科技跨領域學系,招生,--,無,備12
027,國立中山大學,027322,人文暨科技跨領域學系,原住民,--,無,無
027,國立中山大學,027332,生物醫學科技學系全英語學士班生物醫學組,招生,--,無,備16
027,國立中山大學,027342,生物醫學科技學系全英語學士班生醫工程組,招生,--,無,備13
027,國立中山大學,027342,生物醫學科技學系全英語學士班生醫工程組,原住民,--,無,無
027,國立中山大學,027352,護理學系,招生,--,無,備13
027,國立中山大學,027362,西灣南星A組(文),招生,--,無,無
027,國立中山大學,027372,西灣南星B組(管),招生,--,無,備7
027,國立中山大學,027382,西灣南星C組(理),招生,--,無,備10
027,國立中山大學,027392,西灣南星D組(工),招生,--,無,備14
027,國立中山大學,027402,西灣南星E組(海),招生,--,無,無
027,國立中山大學,027412,西灣南星F組(社),招生,--,無,無
027,國立中山大學,027422,西灣南星G組(西灣),招生,--,無,正取
027,國立中山大學,027432,西灣南星H組(醫),招生,--,無,無
027,國立中山大學,027442,音樂學系,招生,鋼琴,無,備14
027,國立中山大學,027442,音樂學系,招生,聲樂,無,備4
027,國立中山大學,027442,音樂學系,招生,小提琴,無,備7
027,國立中山大學,027442,音樂學系,招生,中提琴,無,備2
027,國立中山大學,027442,音樂學系,招生,大提琴,無,備1
027,國立中山大學,027442,音樂學系,招生,低音提琴,無,備4
027,國立中山大學,027442,音樂學系,招生,法國號,無,備8
027,國立中山大學,027442,音樂學系,招生,薩克斯管,無,備3
027,國立中山大學,027442,音樂學系,招生,長笛,無,備1
027,國立中山大學,027442,音樂學系,招生,單簧管(豎笛),無,備7
027,國立中山大學,027442,音樂學系,招生,雙簧管,無,無
027,國立中山大學,027442,音樂學系,招生,低音管,無,無
027,國立中山大學,027442,音樂學系,招生,擊樂,無,正取
027,國立中山大學,027452,音樂學系創作與應用組,招生,--,無,備2
028,國立臺北藝術大學,028012,音樂與影像跨域學士學位學程,招生,--,無,備1
028,國立臺北藝術大學,028022,劇場設計學系,招生,--,無,備4
028,國立臺北藝術大學,028032,新媒體藝術學系,招生,--,無,備3
028,國立臺北藝術大學,028032,新媒體藝術學系,離島(澎湖縣),--,無,正取
028,國立臺北藝術大學,028042,新媒體藝術學系(青年儲蓄帳戶組),招生,--,無,無
030,長庚大學,030012,醫學系,招生,--,無,備198
030,長庚大學,030022,中醫學系,招生,--,無,備69
030,長庚大學,030022,中醫學系,離島(澎湖縣),--,無,無
030,長庚大學,030022,中醫學系,離島(金門縣),--,無,正取
030,長庚大學,030032,護理學系,招生,--,無,備59
030,長庚大學,030032,護理學系,原住民,--,無,正取
030,長庚大學,030042,醫學生物技術暨檢驗學系,招生,--,無,備40
030,長庚大學,030042,醫學生物技術暨檢驗學系,原住民,--,無,無
030,長庚大學,030052,醫學影像暨放射科學系,招生,--,無,備26
030,長庚大學,030052,醫學影像暨放射科學系,原住民,--,無,無
030,長庚大學,030062,物理治療學系,招生,--,無,備35
030,長庚大學,030062,物理治療學系,原住民,--,無,無
030,長庚大學,030072,職能治療學系,招生,--,無,備19
030,長庚大學,030072,職能治療學系,原住民,--,無,無
030,長庚大學,030072,職能治療學系,離島(金門縣),--,無,無
030,長庚大學,030082,生物醫學系,招生,--,無,備56
030,長庚大學,030082,生物醫學系,原住民,--,無,無
030,長庚大學,030092,呼吸治療學系,招生,--,無,備37
030,長庚大學,030092,呼吸治療學系,原住民,--,無,正取
030,長庚大學,030102,電機工程學系,招生,--,無,備55
030,長庚大學,030102,電機工程學系,原住民,--,無,無
030,長庚大學,030112,機械工程學系,招生,--,無,備27
030,長庚大學,030112,機械工程學系,原住民,--,無,無
030,長庚大學,030122,化工與材料工程學系(化學工程組),招生,--,無,備24
030,長庚大學,030122,化工與材料工程學系(化學工程組),原住民,--,無,無
030,長庚大學,030132,化工與材料工程學系(材料工程組),招生,--,無,備17
030,長庚大學,030142,電子工程學系,招生,--,無,備56
030,長庚大學,030142,電子工程學系,原住民,--,無,無
030,長庚大學,030152,資訊工程學系,招生,--,無,備50
030,長庚大學,030152,資訊工程學系,原住民,--,無,無
030,長庚大學,030152,資訊工程學系,離島(金門縣),--,無,正取
030,長庚大學,030162,資訊工程學系(資安組),招生,--,無,備1
030,長庚大學,030172,生物醫學工程學系,招生,--,無,備27
030,長庚大學,030172,生物醫學工程學系,原住民,--,無,無
030,長庚大學,030182,生物醫學工程學系(國際雙聯學位組),招生,--,無,備2
030,長庚大學,030192,人工智慧學系,招生,--,無,備26
030,長庚大學,030192,人工智慧學系,原住民,--,無,無
030,長庚大學,030202,人工智慧學系(資安組),招生,--,無,正取
030,長庚大學,030212,醫務管理學系,招生,--,無,備61
030,長庚大學,030212,醫務管理學系,原住民,--,無,正取
030,長庚大學,030222,工商管理學系,招生,--,無,備18
030,長庚大學,030222,工商管理學系,原住民,--,無,無
030,長庚大學,030232,工商管理學系(雙聯學位組）,招生,--,無,備22
030,長庚大學,030242,工商管理學系(青年儲蓄帳戶組),招生,--,無,無
030,長庚大學,030252,工業設計學系,招生,--,無,備28
030,長庚大學,030252,工業設計學系,原住民,--,無,無
030,長庚大學,030262,工業設計學系(青年儲蓄帳戶組),招生,--,無,無
030,長庚大學,030272,資訊管理學系,招生,--,無,備40
030,長庚大學,030272,資訊管理學系,原住民,--,無,無
030,長庚大學,030282,資訊管理學系(資安組),招生,--,無,備3
030,長庚大學,030292,數位金融科技學系(甲組),招生,--,無,備21
030,長庚大學,030292,數位金融科技學系(甲組),原住民,--,無,無
030,長庚大學,030302,數位金融科技學系(乙組),招生,--,無,備24
031,國立臺中教育大學,031012,全校不分系學士學位學程,招生,--,無,備21
031,國立臺中教育大學,031012,全校不分系學士學位學程,原住民,--,無,無
031,國立臺中教育大學,031022,教育學系,招生,--,無,備19
031,國立臺中教育大學,031022,教育學系,原住民,--,無,備2
031,國立臺中教育大學,031032,特殊教育學系,招生,--,無,備22
031,國立臺中教育大學,031042,幼兒教育學系,招生,--,無,備22
031,國立臺中教育大學,031042,幼兒教育學系,原住民,--,無,備1
031,國立臺中教育大學,031052,柳川招生組,招生,--,無,備10
031,國立臺中教育大學,031062,體育學系非運動專長組,招生,--,無,備7
031,國立臺中教育大學,031072,語文教育學系,招生,--,無,備13
031,國立臺中教育大學,031072,語文教育學系,原住民,--,無,正取
031,國立臺中教育大學,031082,區域與社會發展學系,招生,--,無,備15
031,國立臺中教育大學,031082,區域與社會發展學系,原住民,--,無,備2
031,國立臺中教育大學,031082,區域與社會發展學系,離島(金門縣),--,無,備1
031,國立臺中教育大學,031092,諮商與應用心理學系,招生,--,無,備14
031,國立臺中教育大學,031092,諮商與應用心理學系,原住民,--,無,備5
031,國立臺中教育大學,031092,諮商與應用心理學系,離島(金門縣),--,無,備1
031,國立臺中教育大學,031102,諮商與應用心理學系(公費生A組),招生,--,無,備2
031,國立臺中教育大學,031112,諮商與應用心理學系(公費生B組),招生,--,無,備1
031,國立臺中教育大學,031122,臺灣語文學系,招生,--,無,備12
031,國立臺中教育大學,031122,臺灣語文學系,原住民,--,無,無
031,國立臺中教育大學,031132,臺灣語文學系（青年儲蓄帳戶組),招生,--,無,無
031,國立臺中教育大學,031142,英語學系,招生,--,無,備3
031,國立臺中教育大學,031142,英語學系,原住民,--,無,正取
031,國立臺中教育大學,031142,英語學系,離島(金門縣),--,無,正取
031,國立臺中教育大學,031152,數學教育學系,招生,--,無,備19
031,國立臺中教育大學,031152,數學教育學系,原住民,--,無,無
031,國立臺中教育大學,031162,科學教育與應用學系,招生,--,無,備19
031,國立臺中教育大學,031162,科學教育與應用學系,原住民,--,無,無
031,國立臺中教育大學,031172,資訊工程學系,招生,--,無,備47
031,國立臺中教育大學,031182,數位內容科技學系,招生,--,無,備35
031,國立臺中教育大學,031182,數位內容科技學系,原住民,--,無,正取
031,國立臺中教育大學,031192,數位內容科技學系（青年儲蓄帳戶組),招生,--,無,無
031,國立臺中教育大學,031202,國際企業學系,招生,--,無,備10
031,國立臺中教育大學,031202,國際企業學系,原住民,--,無,無
031,國立臺中教育大學,031202,國際企業學系,離島(金門縣),--,無,備5
031,國立臺中教育大學,031212,文化創意產業設計與營運學系,招生,--,無,備6
031,國立臺中教育大學,031212,文化創意產業設計與營運學系,原住民,--,無,備1
031,國立臺中教育大學,031222,音樂學系（A組）,招生,鋼琴,無,備11
031,國立臺中教育大學,031222,音樂學系（A組）,招生,聲樂,無,備11
031,國立臺中教育大學,031222,音樂學系（A組）,招生,小提琴,無,備13
031,國立臺中教育大學,031222,音樂學系（A組）,招生,中提琴,無,正取
031,國立臺中教育大學,031222,音樂學系（A組）,招生,大提琴,無,備2
031,國立臺中教育大學,031222,音樂學系（A組）,招生,低音提琴,無,備1
031,國立臺中教育大學,031222,音樂學系（A組）,招生,長號,無,正取
031,國立臺中教育大學,031222,音樂學系（A組）,招生,小號,無,備3
031,國立臺中教育大學,031222,音樂學系（A組）,招生,法國號,無,備5
031,國立臺中教育大學,031222,音樂學系（A組）,招生,低音號,無,無
031,國立臺中教育大學,031222,音樂學系（A組）,招生,薩克斯管,無,備2
031,國立臺中教育大學,031222,音樂學系（A組）,招生,長笛,無,備4
031,國立臺中教育大學,031222,音樂學系（A組）,招生,單簧管(豎笛),無,備8
031,國立臺中教育大學,031222,音樂學系（A組）,招生,擊樂,無,備4
031,國立臺中教育大學,031222,音樂學系（A組）,原住民,--,無,無
031,國立臺中教育大學,031232,音樂學系（B組）,招生,--,無,備11
031,國立臺中教育大學,031242,美術學系,招生,--,無,備31
031,國立臺中教育大學,031242,美術學系,原住民,--,無,備1
031,國立臺中教育大學,031252,體育學系運動專長組,招生,籃球,男,正取
031,國立臺中教育大學,031252,體育學系運動專長組,招生,排球,女,備2
031,國立臺中教育大學,031252,體育學系運動專長組,招生,網球,女,無
031,國立臺中教育大學,031252,體育學系運動專長組,招生,軟式網球,男,正取
031,國立臺中教育大學,031252,體育學系運動專長組,招生,軟式網球,女,正取
031,國立臺中教育大學,031252,體育學系運動專長組,招生,羽球,男,正取
031,國立臺中教育大學,031252,體育學系運動專長組,招生,羽球,女,正取
031,國立臺中教育大學,031252,體育學系運動專長組,招生,桌球,男,正取
031,國立臺中教育大學,031252,體育學系運動專長組,招生,桌球,女,正取
031,國立臺中教育大學,031252,體育學系運動專長組,招生,手球,女,正取
031,國立臺中教育大學,031252,體育學系運動專長組,招生,競技游泳,男,正取
031,國立臺中教育大學,031252,體育學系運動專長組,招生,競技游泳,女,無
031,國立臺中教育大學,031252,體育學系運動專長組,招生,輕艇,男,正取
031,國立臺中教育大學,031252,體育學系運動專長組,招生,田徑,男,正取
031,國立臺中教育大學,031252,體育學系運動專長組,招生,田徑,女,正取
031,國立臺中教育大學,031252,體育學系運動專長組,招生,自由車,男,備1
031,國立臺中教育大學,031252,體育學系運動專長組,招生,自由車,女,正取
031,國立臺中教育大學,031252,體育學系運動專長組,招生,民俗體育,男,正取
031,國立臺中教育大學,031252,體育學系運動專長組,招生,民俗體育,女,正取
031,國立臺中教育大學,031252,體育學系運動專長組,招生,巧固球,男,無
031,國立臺中教育大學,031252,體育學系運動專長組,原住民,--,無,正取
032,國立臺北教育大學,032012,教育學系,招生,--,無,備26
032,國立臺北教育大學,032012,教育學系,原住民,--,無,備3
032,國立臺北教育大學,032012,教育學系,離島(澎湖縣),--,無,備4
032,國立臺北教育大學,032012,教育學系,離島(金門縣),--,無,備4
032,國立臺北教育大學,032022,教育學系（芝山組）,招生,--,無,備5
032,國立臺北教育大學,032032,教育學系（公費生）,招生,--,無,正取
032,國立臺北教育大學,032042,教育經營與管理學系,招生,--,無,備10
032,國立臺北教育大學,032042,教育經營與管理學系,原住民,--,無,正取
032,國立臺北教育大學,032052,教育經營與管理學系（芝山組）,招生,--,無,備1
032,國立臺北教育大學,032062,幼兒與家庭教育學系,招生,--,無,備6
032,國立臺北教育大學,032062,幼兒與家庭教育學系,原住民,--,無,正取
032,國立臺北教育大學,032072,幼兒與家庭教育學系（芝山組）,招生,--,無,備2
032,國立臺北教育大學,032082,幼兒與家庭教育學系（公費生）,招生,--,無,正取
032,國立臺北教育大學,032092,特殊教育學系,招生,--,無,備7
032,國立臺北教育大學,032092,特殊教育學系,原住民,--,無,備1
032,國立臺北教育大學,032102,特殊教育學系（芝山組）,招生,--,無,備3
032,國立臺北教育大學,032112,心理與諮商學系,招生,--,無,備4
032,國立臺北教育大學,032112,心理與諮商學系,原住民,--,無,正取
032,國立臺北教育大學,032112,心理與諮商學系,離島(澎湖縣),--,無,正取
032,國立臺北教育大學,032112,心理與諮商學系,離島(金門縣),--,無,備2
032,國立臺北教育大學,032122,心理與諮商學系（芝山組）,招生,--,無,正取
032,國立臺北教育大學,032132,社會與區域發展學系,招生,--,無,備16
032,國立臺北教育大學,032132,社會與區域發展學系,原住民,--,無,備5
032,國立臺北教育大學,032142,社會與區域發展學系(青年儲蓄帳戶組),招生,--,無,無
032,國立臺北教育大學,032152,兒童英語教育學系,招生,--,無,備13
032,國立臺北教育大學,032152,兒童英語教育學系,原住民,--,無,無
032,國立臺北教育大學,032162,兒童英語教育學系（公費生）,招生,--,無,備1
032,國立臺北教育大學,032172,語文與創作學系語文師資組,招生,--,無,備9
032,國立臺北教育大學,032172,語文與創作學系語文師資組,原住民,--,無,無
032,國立臺北教育大學,032182,語文與創作學系文學創作組,招生,--,無,備10
032,國立臺北教育大學,032182,語文與創作學系文學創作組,原住民,--,無,無
032,國立臺北教育大學,032192,文化創意產業經營學系,招生,--,無,備18
032,國立臺北教育大學,032192,文化創意產業經營學系,原住民,--,無,無
032,國立臺北教育大學,032202,文化創意產業經營學系(青年儲蓄帳戶組),招生,--,無,無
032,國立臺北教育大學,032212,台灣語言與文化學系,招生,--,無,備8
032,國立臺北教育大學,032212,台灣語言與文化學系,原住民,--,無,備1
032,國立臺北教育大學,032222,數學暨資訊教育學系數學組,招生,--,無,備22
032,國立臺北教育大學,032222,數學暨資訊教育學系數學組,原住民,--,無,正取
032,國立臺北教育大學,032232,數學暨資訊教育學系人工智慧與資訊教育組,招生,--,無,備10
032,國立臺北教育大學,032232,數學暨資訊教育學系人工智慧與資訊教育組,原住民,--,無,無
032,國立臺北教育大學,032242,數學暨資訊教育學系人工智慧與資訊教育組(APCS組),招生,--,無,備1
032,國立臺北教育大學,032252,數學暨資訊教育學系人工智慧與資訊教育組（公費生）,招生,--,無,無
032,國立臺北教育大學,032262,自然科學教育學系,招生,--,無,備32
032,國立臺北教育大學,032262,自然科學教育學系,原住民,--,無,無
032,國立臺北教育大學,032262,自然科學教育學系,離島(金門縣),--,無,備2
032,國立臺北教育大學,032272,自然科學教育學系（芝山組）,招生,--,無,備2
032,國立臺北教育大學,032272,自然科學教育學系（芝山組）,原住民,--,無,無
032,國立臺北教育大學,032282,自然科學教育學系（公費生A組),招生,--,無,正取
032,國立臺北教育大學,032292,自然科學教育學系（公費生B組),招生,--,無,正取
032,國立臺北教育大學,032302,資訊科學系,招生,--,無,備34
032,國立臺北教育大學,032302,資訊科學系,原住民,--,無,無
032,國立臺北教育大學,032312,數位科技設計學系,招生,--,無,備20
032,國立臺北教育大學,032322,數位科技設計學系(APCS組),招生,--,無,正取
032,國立臺北教育大學,032332,藝術與造形設計學系設計組,招生,--,無,備14
032,國立臺北教育大學,032342,藝術與造形設計學系藝術組,招生,--,無,備7
032,國立臺北教育大學,032342,藝術與造形設計學系藝術組,原住民,--,無,無
032,國立臺北教育大學,032352,體育學系,招生,--,無,備10
032,國立臺北教育大學,032352,體育學系,原住民,--,無,備3
032,國立臺北教育大學,032362,體育學系（雙語教學組）,招生,--,無,備4
033,國立臺南大學,033012,教育學系,招生,--,無,備73
033,國立臺南大學,033012,教育學系,原住民,--,無,正取
033,國立臺南大學,033022,教育學系(公費生),招生,--,無,正取
033,國立臺南大學,033032,諮商與輔導學系,招生,--,無,備29
033,國立臺南大學,033032,諮商與輔導學系,原住民,--,無,正取
033,國立臺南大學,033032,諮商與輔導學系,離島(澎湖縣),--,無,備2
033,國立臺南大學,033032,諮商與輔導學系,離島(金門縣),--,無,備1
033,國立臺南大學,033042,特殊教育學系,招生,--,無,備21
033,國立臺南大學,033052,特殊教育學系(青年儲蓄帳戶組),招生,--,無,無
033,國立臺南大學,033062,幼兒教育學系,招生,--,無,備7
033,國立臺南大學,033062,幼兒教育學系,原住民,--,無,正取
033,國立臺南大學,033072,文化與自然資源學系,招生,--,無,備21
033,國立臺南大學,033072,文化與自然資源學系,原住民,--,無,正取
033,國立臺南大學,033072,文化與自然資源學系,願景計畫,--,無,正取
033,國立臺南大學,033082,國語文學系,招生,--,無,備29
033,國立臺南大學,033082,國語文學系,原住民,--,無,正取
033,國立臺南大學,033082,國語文學系,離島(澎湖縣),--,無,正取
033,國立臺南大學,033092,英語學系,招生,--,無,備2
033,國立臺南大學,033092,英語學系,原住民,--,無,無
033,國立臺南大學,033092,英語學系,願景計畫,--,無,正取
033,國立臺南大學,033102,英語學系(公費生),招生,--,無,正取
033,國立臺南大學,033112,應用數學系,招生,--,無,備17
033,國立臺南大學,033112,應用數學系,原住民,--,無,無
033,國立臺南大學,033112,應用數學系,願景計畫,--,無,正取
033,國立臺南大學,033122,數位學習科技學系,招生,--,無,備23
033,國立臺南大學,033122,數位學習科技學系,原住民,--,無,無
033,國立臺南大學,033122,數位學習科技學系,願景計畫,--,無,備4
033,國立臺南大學,033132,數位學習科技學系(公費生),招生,--,無,正取
033,國立臺南大學,033142,數位學習科技學系(資安組),招生,--,無,備1
033,國立臺南大學,033152,材料科學系,招生,--,無,備41
033,國立臺南大學,033152,材料科學系,原住民,--,無,備2
033,國立臺南大學,033152,材料科學系,願景計畫,--,無,備6
033,國立臺南大學,033162,資訊工程學系,招生,--,無,備24
033,國立臺南大學,033172,資訊工程學系(APCS組),招生,--,無,備3
033,國立臺南大學,033182,電機工程學系,招生,--,無,備37
033,國立臺南大學,033182,電機工程學系,原住民,--,無,無
033,國立臺南大學,033192,綠色能源科技學系,招生,--,無,備28
033,國立臺南大學,033192,綠色能源科技學系,原住民,--,無,無
033,國立臺南大學,033192,綠色能源科技學系,願景計畫,--,無,正取
033,國立臺南大學,033202,生物科技學系,招生,--,無,備15
033,國立臺南大學,033202,生物科技學系,原住民,--,無,正取
033,國立臺南大學,033202,生物科技學系,願景計畫,--,無,備1
033,國立臺南大學,033212,生態暨環境資源學系,招生,--,無,備19
033,國立臺南大學,033212,生態暨環境資源學系,原住民,--,無,正取
033,國立臺南大學,033212,生態暨環境資源學系,願景計畫,--,無,正取
033,國立臺南大學,033222,戲劇創作與應用學系,招生,--,男,備1
033,國立臺南大學,033222,戲劇創作與應用學系,招生,--,女,備16
033,國立臺南大學,033222,戲劇創作與應用學系,原住民,--,無,無
033,國立臺南大學,033222,戲劇創作與應用學系,願景計畫,--,無,備1
033,國立臺南大學,033232,行政管理學系,招生,--,無,備13
033,國立臺南大學,033232,行政管理學系,原住民,--,無,無
033,國立臺南大學,033232,行政管理學系,願景計畫,--,無,備1
033,國立臺南大學,033242,經營與管理學系,招生,--,無,備10
033,國立臺南大學,033242,經營與管理學系,原住民,--,無,無
033,國立臺南大學,033242,經營與管理學系,離島(臺東縣),--,無,無
033,國立臺南大學,033242,經營與管理學系,願景計畫,--,無,無
033,國立臺南大學,033252,音樂學系(A組),招生,鋼琴,無,備14
033,國立臺南大學,033252,音樂學系(A組),招生,聲樂,無,備3
033,國立臺南大學,033252,音樂學系(A組),招生,小提琴,無,備5
033,國立臺南大學,033252,音樂學系(A組),招生,小號,無,正取
033,國立臺南大學,033252,音樂學系(A組),招生,法國號,無,無
033,國立臺南大學,033252,音樂學系(A組),招生,擊樂,無,正取
033,國立臺南大學,033252,音樂學系(A組),招生,理論作曲,無,無
033,國立臺南大學,033252,音樂學系(A組),離島(澎湖縣),--,無,無
033,國立臺南大學,033262,音樂學系(B組),招生,--,無,備8
033,國立臺南大學,033262,音樂學系(B組),原住民,--,無,正取
033,國立臺南大學,033262,音樂學系(B組),願景計畫,--,無,無
033,國立臺南大學,033272,視覺藝術與設計學系,招生,--,無,備61
033,國立臺南大學,033272,視覺藝術與設計學系,原住民,--,無,備3
033,國立臺南大學,033272,視覺藝術與設計學系,願景計畫,--,無,無
033,國立臺南大學,033282,體育學系,招生,--,無,備17
033,國立臺南大學,033282,體育學系,原住民,--,無,備4
033,國立臺南大學,033282,體育學系,願景計畫,--,無,無
034,國立東華大學,034012,應用數學系數學科學組,招生,--,無,備13
034,國立東華大學,034012,應用數學系數學科學組,原住民,--,無,正取
034,國立東華大學,034022,應用數學系統計科學組,招生,--,無,備13
034,國立東華大學,034022,應用數學系統計科學組,原住民,--,無,正取
034,國立東華大學,034032,物理學系物理組,招生,--,無,備15
034,國立東華大學,034032,物理學系物理組,原住民,--,無,無
034,國立東華大學,034042,物理學系奈米與光電科學組,招生,--,無,備10
034,國立東華大學,034042,物理學系奈米與光電科學組,原住民,--,無,無
034,國立東華大學,034052,化學系,招生,--,無,備36
034,國立東華大學,034052,化學系,原住民,--,無,正取
034,國立東華大學,034052,化學系,願景計畫,--,無,正取
034,國立東華大學,034062,生化暨分子醫學科學系,招生,--,無,備16
034,國立東華大學,034062,生化暨分子醫學科學系,原住民,--,無,無
034,國立東華大學,034072,資訊工程學系資工組,招生,--,無,備38
034,國立東華大學,034072,資訊工程學系資工組,原住民,--,無,備1
034,國立東華大學,034072,資訊工程學系資工組,願景計畫,--,無,無
034,國立東華大學,034082,資訊工程學系資工組(APCS組),招生,--,無,備5
034,國立東華大學,034092,資訊工程學系資工組(資安組),招生,--,無,備4
034,國立東華大學,034102,資訊工程學系國際組,招生,--,無,正取
034,國立東華大學,034102,資訊工程學系國際組,原住民,--,無,無
034,國立東華大學,034112,資訊工程學系國際組(資安組),招生,--,無,無
034,國立東華大學,034122,電機工程學系智慧系統組,招生,--,無,備18
034,國立東華大學,034122,電機工程學系智慧系統組,原住民,--,無,無
034,國立東華大學,034122,電機工程學系智慧系統組,願景計畫,--,無,無
034,國立東華大學,034132,電機工程學系半導體組,招生,--,無,備25
034,國立東華大學,034132,電機工程學系半導體組,原住民,--,無,正取
034,國立東華大學,034132,電機工程學系半導體組,願景計畫,--,無,備1
034,國立東華大學,034142,材料科學與工程學系,招生,--,無,備34
034,國立東華大學,034142,材料科學與工程學系,原住民,--,無,正取
034,國立東華大學,034142,材料科學與工程學系,願景計畫,--,無,正取
034,國立東華大學,034152,光電工程學系,招生,--,無,備27
034,國立東華大學,034152,光電工程學系,原住民,--,無,無
034,國立東華大學,034152,光電工程學系,願景計畫,--,無,無
034,國立東華大學,034162,理工學院大數據科學國際學士班,招生,--,無,正取
034,國立東華大學,034172,企業管理學系管理科學組,招生,--,無,備1
034,國立東華大學,034182,企業管理學系經營管理組,招生,--,無,備18
034,國立東華大學,034182,企業管理學系經營管理組,原住民,--,無,備1
034,國立東華大學,034182,企業管理學系經營管理組,願景計畫,--,無,正取
034,國立東華大學,034192,會計學系,招生,--,無,備13
034,國立東華大學,034192,會計學系,原住民,--,無,無
034,國立東華大學,034202,資訊管理學系人工智慧與大數據組,招生,--,無,備10
034,國立東華大學,034202,資訊管理學系人工智慧與大數據組,原住民,--,無,無
034,國立東華大學,034202,資訊管理學系人工智慧與大數據組,願景計畫,--,無,無
034,國立東華大學,034212,資訊管理學系人工智慧與商務組,招生,--,無,備21
034,國立東華大學,034212,資訊管理學系人工智慧與商務組,原住民,--,無,無
034,國立東華大學,034212,資訊管理學系人工智慧與商務組,願景計畫,--,無,無
034,國立東華大學,034222,資訊管理學系(資安組),招生,--,無,備5
034,國立東華大學,034232,國際企業學系,招生,--,無,備16
034,國立東華大學,034232,國際企業學系,原住民,--,無,正取
034,國立東華大學,034232,國際企業學系,願景計畫,--,無,無
034,國立東華大學,034242,財務金融學系,招生,--,無,備20
034,國立東華大學,034242,財務金融學系,願景計畫,--,無,無
034,國立東華大學,034252,觀光暨休閒遊憩學系,招生,--,無,備9
034,國立東華大學,034252,觀光暨休閒遊憩學系,原住民,--,無,備2
034,國立東華大學,034262,管理學院管理科學與財金國際學士學位學程,招生,--,無,備4
034,國立東華大學,034272,管理學院會計與資訊管理國際學士班智慧會計與風險管理組,招生,--,無,備3
034,國立東華大學,034282,管理學院會計與資訊管理國際學士班會計資訊與電腦稽核組,招生,--,無,無
034,國立東華大學,034292,管理學院數位行銷與服務創新國際學士班,招生,--,無,正取
034,國立東華大學,034302,華文文學與創作學系,招生,--,無,備14
034,國立東華大學,034302,華文文學與創作學系,原住民,--,無,無
034,國立東華大學,034312,中國語文學系,招生,--,無,備13
034,國立東華大學,034312,中國語文學系,原住民,--,無,無
034,國立東華大學,034322,英美語文學系,招生,--,無,備10
034,國立東華大學,034322,英美語文學系,原住民,--,無,正取
034,國立東華大學,034332,臺灣文化學系,招生,--,無,備13
034,國立東華大學,034332,臺灣文化學系,原住民,--,無,無
034,國立東華大學,034342,歷史學系,招生,--,無,備12
034,國立東華大學,034342,歷史學系,原住民,--,無,無
034,國立東華大學,034352,經濟學系,招生,--,無,備19
034,國立東華大學,034352,經濟學系,原住民,--,無,無
034,國立東華大學,034362,諮商與臨床心理學系,招生,--,無,備32
034,國立東華大學,034372,社會學系,招生,--,無,備7
034,國立東華大學,034372,社會學系,原住民,--,無,正取
034,國立東華大學,034382,公共行政學系,招生,--,無,備9
034,國立東華大學,034382,公共行政學系,原住民,--,無,無
034,國立東華大學,034392,法律學系,招生,--,無,備10
034,國立東華大學,034392,法律學系,原住民,--,無,無
034,國立東華大學,034402,教育與潛能開發學系,招生,--,無,備21
034,國立東華大學,034402,教育與潛能開發學系,原住民,--,無,備2
034,國立東華大學,034412,教育行政與管理學系,招生,--,無,備11
034,國立東華大學,034422,特殊教育學系,招生,--,無,備10
034,國立東華大學,034422,特殊教育學系,原住民,--,無,無
034,國立東華大學,034432,幼兒教育學系,招生,--,無,備14
034,國立東華大學,034432,幼兒教育學系,原住民,--,無,備4
034,國立東華大學,034442,族群關係與文化學系,招生,--,無,備1
034,國立東華大學,034442,族群關係與文化學系,原住民,--,無,無
034,國立東華大學,034452,民族語言與傳播學系,招生,--,無,備4
034,國立東華大學,034452,民族語言與傳播學系,原住民,--,無,正取
034,國立東華大學,034462,民族發展與社會工作學系民族發展組,招生,--,無,備3
034,國立東華大學,034462,民族發展與社會工作學系民族發展組,原住民,--,無,無
034,國立東華大學,034472,民族發展與社會工作學系社會工作組,招生,--,無,備13
034,國立東華大學,034472,民族發展與社會工作學系社會工作組,原住民,--,無,備2
034,國立東華大學,034482,自然資源與環境學系,招生,--,無,備20
034,國立東華大學,034482,自然資源與環境學系,願景計畫,--,無,正取
034,國立東華大學,034492,縱谷跨域書院學士學位學程,招生,--,無,備10
034,國立東華大學,034492,縱谷跨域書院學士學位學程,原住民,--,無,無
034,國立東華大學,034492,縱谷跨域書院學士學位學程,願景計畫,--,無,無
034,國立東華大學,034502,音樂學系,招生,--,無,備2
034,國立東華大學,034502,音樂學系,原住民,--,無,無
034,國立東華大學,034512,藝術與設計學系,招生,--,無,備27
034,國立東華大學,034512,藝術與設計學系,原住民,--,無,無
034,國立東華大學,034522,藝術創意產業學系,招生,--,無,備30
034,國立東華大學,034522,藝術創意產業學系,原住民,--,無,無
034,國立東華大學,034532,體育與運動科學系,招生,--,無,備7
034,國立東華大學,034532,體育與運動科學系,原住民,--,無,備2
035,臺北市立大學,035012,教育學系,招生,--,無,備30
035,臺北市立大學,035012,教育學系,原住民,--,無,備6
035,臺北市立大學,035022,特殊教育學系,招生,--,無,備20
035,臺北市立大學,035032,幼兒教育學系,招生,--,無,備44
035,臺北市立大學,035032,幼兒教育學系,原住民,--,無,備5
035,臺北市立大學,035042,心理與諮商學系,招生,--,無,備11
035,臺北市立大學,035042,心理與諮商學系,原住民,--,無,備1
035,臺北市立大學,035052,學習與媒材設計學系,招生,--,無,備23
035,臺北市立大學,035052,學習與媒材設計學系,原住民,--,無,正取
035,臺北市立大學,035052,學習與媒材設計學系,離島(金門縣),--,無,備1
035,臺北市立大學,035062,中國語文學系,招生,--,無,備20
035,臺北市立大學,035072,英語教學系,招生,--,無,備19
035,臺北市立大學,035072,英語教學系,原住民,--,無,正取
035,臺北市立大學,035082,公共事務學系,招生,--,無,備12
035,臺北市立大學,035082,公共事務學系,原住民,--,無,備4
035,臺北市立大學,035092,歷史與地理學系,招生,--,無,備13
035,臺北市立大學,035092,歷史與地理學系,原住民,--,無,正取
035,臺北市立大學,035102,地球環境暨生物資源學系,招生,--,無,備26
035,臺北市立大學,035102,地球環境暨生物資源學系,原住民,--,無,正取
035,臺北市立大學,035112,地球環境暨生物資源學系（青年儲蓄帳戶組）,招生,--,無,無
035,臺北市立大學,035122,應用物理暨化學系電子物理組,招生,--,無,備12
035,臺北市立大學,035132,應用物理暨化學系應用化學組,招生,--,無,備19
035,臺北市立大學,035142,應用物理暨化學系應用化學組（青年儲蓄帳戶組）,招生,--,無,無
035,臺北市立大學,035152,數據科學與數學系,招生,--,無,備16
035,臺北市立大學,035162,資訊科學系,招生,--,無,備30
035,臺北市立大學,035162,資訊科學系,原住民,--,無,正取
035,臺北市立大學,035172,資訊科學系（APCS組）,招生,--,無,備5
035,臺北市立大學,035182,資訊科學系（資安組）,招生,--,無,備5
035,臺北市立大學,035192,城市發展學系,招生,--,無,備13
035,臺北市立大學,035192,城市發展學系,原住民,--,無,備1
035,臺北市立大學,035202,行銷與管理學系(數位行銷組),招生,--,無,備15
035,臺北市立大學,035202,行銷與管理學系(數位行銷組),原住民,--,無,備1
035,臺北市立大學,035212,行銷與管理學系(創新管理組),招生,--,無,備18
035,臺北市立大學,035212,行銷與管理學系(創新管理組),原住民,--,無,正取
035,臺北市立大學,035222,衛生福利學系,招生,--,無,備9
035,臺北市立大學,035222,衛生福利學系,原住民,--,無,備1
035,臺北市立大學,035232,衛生福利學系（青年儲蓄帳戶組）,招生,--,無,無
035,臺北市立大學,035242,音樂學系,招生,鋼琴,無,備38
035,臺北市立大學,035242,音樂學系,招生,聲樂,無,備18
035,臺北市立大學,035242,音樂學系,招生,小提琴,無,備16
035,臺北市立大學,035242,音樂學系,招生,中提琴,無,備5
035,臺北市立大學,035242,音樂學系,招生,大提琴,無,備4
035,臺北市立大學,035242,音樂學系,招生,低音提琴,無,無
035,臺北市立大學,035242,音樂學系,招生,長號,無,備1
035,臺北市立大學,035242,音樂學系,招生,小號,無,備3
035,臺北市立大學,035242,音樂學系,招生,法國號,無,備2
035,臺北市立大學,035242,音樂學系,招生,薩克斯管,無,備1
035,臺北市立大學,035242,音樂學系,招生,長笛,無,備2
035,臺北市立大學,035242,音樂學系,招生,單簧管(豎笛),無,備2
035,臺北市立大學,035242,音樂學系,招生,雙簧管,無,備4
035,臺北市立大學,035242,音樂學系,招生,低音管,無,備3
035,臺北市立大學,035242,音樂學系,招生,擊樂,無,備10
035,臺北市立大學,035242,音樂學系,招生,理論作曲,無,備1
035,臺北市立大學,035242,音樂學系,原住民,--,無,備4
035,臺北市立大學,035242,音樂學系,離島(金門縣),--,無,無
035,臺北市立大學,035252,視覺藝術學系,招生,--,無,備15
035,臺北市立大學,035252,視覺藝術學系,原住民,--,無,無
035,臺北市立大學,035262,體育學系,招生,--,無,備13
035,臺北市立大學,035262,體育學系,原住民,--,無,備4
035,臺北市立大學,035262,體育學系,離島(金門縣),--,無,正取
035,臺北市立大學,035272,體育學系(公費生),招生,--,無,正取
035,臺北市立大學,035282,休閒運動管理學系,招生,--,無,備30
035,臺北市立大學,035282,休閒運動管理學系,原住民,--,無,備2
035,臺北市立大學,035282,休閒運動管理學系,離島(金門縣),--,無,正取
035,臺北市立大學,035292,運動健康科學系,招生,--,無,備51
035,臺北市立大學,035292,運動健康科學系,原住民,--,無,備2
035,臺北市立大學,035302,運動健康科學系（青年儲蓄帳戶組）,招生,--,無,無
036,國立屏東大學,036012,教育學系,招生,--,無,備45
036,國立屏東大學,036012,教育學系,原住民,--,無,備1
036,國立屏東大學,036022,幼兒教育學系,招生,--,無,備39
036,國立屏東大學,036022,幼兒教育學系,原住民,--,無,備2
036,國立屏東大學,036032,特殊教育學系,招生,--,無,備31
036,國立屏東大學,036032,特殊教育學系,原住民,--,無,正取
036,國立屏東大學,036042,特殊教育學系(公費生),招生,--,無,備3
036,國立屏東大學,036052,教育心理與輔導學系,招生,--,無,備12
036,國立屏東大學,036052,教育心理與輔導學系,原住民,--,無,備7
036,國立屏東大學,036062,教育心理與輔導學系(公費生),招生,--,無,備4
036,國立屏東大學,036072,中國語文學系,招生,--,無,備2
036,國立屏東大學,036072,中國語文學系,原住民,--,無,無
036,國立屏東大學,036082,中國語文學系(青年儲蓄帳戶組),招生,--,無,無
036,國立屏東大學,036092,文化創意產業學系,招生,--,無,備23
036,國立屏東大學,036092,文化創意產業學系,原住民,--,無,正取
036,國立屏東大學,036102,社會發展學系,招生,--,無,備20
036,國立屏東大學,036102,社會發展學系,原住民,--,無,正取
036,國立屏東大學,036112,英語學系,招生,--,無,備16
036,國立屏東大學,036112,英語學系,原住民,--,無,無
036,國立屏東大學,036112,英語學系,願景計畫,--,無,無
036,國立屏東大學,036122,英語學系(公費生),招生,--,無,正取
036,國立屏東大學,036132,應用英語學系,招生,--,無,備22
036,國立屏東大學,036132,應用英語學系,原住民,--,無,正取
036,國立屏東大學,036132,應用英語學系,願景計畫,--,無,無
036,國立屏東大學,036142,應用日語學系,招生,--,無,備27
036,國立屏東大學,036142,應用日語學系,原住民,--,無,正取
036,國立屏東大學,036152,商業大數據學系,招生,--,無,備21
036,國立屏東大學,036152,商業大數據學系,原住民,--,無,正取
036,國立屏東大學,036152,商業大數據學系,願景計畫,--,無,正取
036,國立屏東大學,036162,行銷與流通管理學系,招生,--,無,備21
036,國立屏東大學,036162,行銷與流通管理學系,原住民,--,無,正取
036,國立屏東大學,036162,行銷與流通管理學系,願景計畫,--,無,正取
036,國立屏東大學,036172,企業管理學系,招生,--,無,備13
036,國立屏東大學,036172,企業管理學系,原住民,--,無,備2
036,國立屏東大學,036172,企業管理學系,願景計畫,--,無,備9
036,國立屏東大學,036182,財務金融學系,招生,--,無,備15
036,國立屏東大學,036182,財務金融學系,願景計畫,--,無,備4
036,國立屏東大學,036192,休閒事業經營學系,招生,--,無,備3
036,國立屏東大學,036202,不動產經營學系,招生,--,無,備18
036,國立屏東大學,036202,不動產經營學系,原住民,--,無,正取
036,國立屏東大學,036212,國際經營與貿易學系,招生,--,無,備17
036,國立屏東大學,036212,國際經營與貿易學系,原住民,--,無,無
036,國立屏東大學,036222,會計學系,招生,--,無,備38
036,國立屏東大學,036222,會計學系,原住民,--,無,無
036,國立屏東大學,036232,應用化學系,招生,--,無,備37
036,國立屏東大學,036232,應用化學系,原住民,--,無,無
036,國立屏東大學,036232,應用化學系,願景計畫,--,無,正取
036,國立屏東大學,036242,應用數學系,招生,--,無,備28
036,國立屏東大學,036242,應用數學系,原住民,--,無,無
036,國立屏東大學,036252,應用物理系半導體組,招生,--,無,備27
036,國立屏東大學,036252,應用物理系半導體組,原住民,--,無,備2
036,國立屏東大學,036252,應用物理系半導體組,願景計畫,--,無,正取
036,國立屏東大學,036262,應用物理系光電暨材料組,招生,--,無,備22
036,國立屏東大學,036262,應用物理系光電暨材料組,原住民,--,無,正取
036,國立屏東大學,036262,應用物理系光電暨材料組,願景計畫,--,無,無
036,國立屏東大學,036272,科學傳播學系,招生,--,無,備23
036,國立屏東大學,036282,科學傳播學系(青年儲蓄帳戶組),招生,--,無,無
036,國立屏東大學,036292,電腦科學與人工智慧學系,招生,--,無,備25
036,國立屏東大學,036292,電腦科學與人工智慧學系,願景計畫,--,無,備2
036,國立屏東大學,036302,電腦科學與人工智慧學系(公費生),招生,--,無,正取
036,國立屏東大學,036312,電腦科學與人工智慧學系(資安組),招生,--,無,正取
036,國立屏東大學,036322,智慧機器人學系,招生,--,無,備25
036,國立屏東大學,036322,智慧機器人學系,願景計畫,--,無,無
036,國立屏東大學,036332,資訊工程學系,招生,--,無,備21
036,國立屏東大學,036332,資訊工程學系,原住民,--,無,備3
036,國立屏東大學,036332,資訊工程學系,願景計畫,--,無,備7
036,國立屏東大學,036342,電腦與通訊學系,招生,--,無,備11
036,國立屏東大學,036342,電腦與通訊學系,願景計畫,--,無,備3
036,國立屏東大學,036352,資訊管理學系,招生,--,無,備16
036,國立屏東大學,036352,資訊管理學系,原住民,--,無,無
036,國立屏東大學,036362,音樂學系A組,招生,鋼琴,無,無
036,國立屏東大學,036362,音樂學系A組,招生,小提琴,無,正取
036,國立屏東大學,036362,音樂學系A組,招生,大提琴,無,正取
036,國立屏東大學,036362,音樂學系A組,招生,長笛,無,無
036,國立屏東大學,036362,音樂學系A組,原住民,--,無,無
036,國立屏東大學,036372,音樂學系B組,招生,--,無,備14
036,國立屏東大學,036372,音樂學系B組,原住民,--,無,無
036,國立屏東大學,036382,視覺藝術學系美術組,招生,--,無,備7
036,國立屏東大學,036382,視覺藝術學系美術組,原住民,--,無,無
036,國立屏東大學,036392,視覺藝術學系數位媒體設計組,招生,--,無,備24
036,國立屏東大學,036392,視覺藝術學系數位媒體設計組,原住民,--,無,備1
036,國立屏東大學,036402,體育學系,招生,--,無,備18
038,國立臺東大學,038012,全校不分系學士學位學程,招生,--,無,備9
038,國立臺東大學,038012,全校不分系學士學位學程,原住民,--,無,正取
038,國立臺東大學,038012,全校不分系學士學位學程,願景計畫,--,無,備2
038,國立臺東大學,038022,教育學系,招生,--,無,備28
038,國立臺東大學,038022,教育學系,原住民,--,無,正取
038,國立臺東大學,038032,幼兒教育學系,招生,--,無,備24
038,國立臺東大學,038032,幼兒教育學系,原住民,--,無,正取
038,國立臺東大學,038032,幼兒教育學系,願景計畫,--,無,備1
038,國立臺東大學,038042,特殊教育學系,招生,--,無,備24
038,國立臺東大學,038042,特殊教育學系,原住民,--,無,正取
038,國立臺東大學,038052,文化資源與休閒產業學系,招生,--,無,備13
038,國立臺東大學,038052,文化資源與休閒產業學系,原住民,--,無,正取
038,國立臺東大學,038062,數位媒體與文教產業學系(設計組),招生,--,無,備23
038,國立臺東大學,038062,數位媒體與文教產業學系(設計組),原住民,--,無,正取
038,國立臺東大學,038062,數位媒體與文教產業學系(設計組),願景計畫,--,無,無
038,國立臺東大學,038072,公共與文化事務學系,招生,--,無,備9
038,國立臺東大學,038072,公共與文化事務學系,原住民,--,無,正取
038,國立臺東大學,038072,公共與文化事務學系,願景計畫,--,無,無
038,國立臺東大學,038082,身心整合與運動休閒產業學系,招生,--,無,備13
038,國立臺東大學,038082,身心整合與運動休閒產業學系,原住民,--,無,正取
038,國立臺東大學,038082,身心整合與運動休閒產業學系,願景計畫,--,無,無
038,國立臺東大學,038092,英美語文學系,招生,--,無,備3
038,國立臺東大學,038092,英美語文學系,原住民,--,無,正取
038,國立臺東大學,038092,英美語文學系,願景計畫,--,無,無
038,國立臺東大學,038102,華語文學系,招生,--,無,備12
038,國立臺東大學,038102,華語文學系,原住民,--,無,無
038,國立臺東大學,038102,華語文學系,願景計畫,--,無,無
038,國立臺東大學,038112,生命科學系,招生,--,無,備21
038,國立臺東大學,038112,生命科學系,原住民,--,無,無
038,國立臺東大學,038112,生命科學系,願景計畫,--,無,無
038,國立臺東大學,038122,資訊工程學系,招生,--,無,備56
038,國立臺東大學,038122,資訊工程學系,原住民,--,無,無
038,國立臺東大學,038132,資訊管理學系,招生,--,無,備19
038,國立臺東大學,038132,資訊管理學系,原住民,--,無,無
038,國立臺東大學,038132,資訊管理學系,願景計畫,--,無,正取
038,國立臺東大學,038142,應用數學系,招生,--,無,備21
038,國立臺東大學,038142,應用數學系,原住民,--,無,無
038,國立臺東大學,038142,應用數學系,願景計畫,--,無,無
038,國立臺東大學,038152,應用科學系化學及奈米科學組,招生,--,無,備29
038,國立臺東大學,038152,應用科學系化學及奈米科學組,原住民,--,無,正取
038,國立臺東大學,038152,應用科學系化學及奈米科學組,願景計畫,--,無,無
038,國立臺東大學,038162,應用科學系物理暨光電科學組,招生,--,無,備23
038,國立臺東大學,038162,應用科學系物理暨光電科學組,原住民,--,無,無
038,國立臺東大學,038172,綠能與資訊科技學系,招生,--,無,備10
038,國立臺東大學,038172,綠能與資訊科技學系,原住民,--,無,無
038,國立臺東大學,038172,綠能與資訊科技學系,願景計畫,--,無,無
038,國立臺東大學,038182,護理學系,招生,--,無,備19
038,國立臺東大學,038192,音樂學系(A組),招生,鋼琴,無,正取
038,國立臺東大學,038202,音樂學系(B組),招生,--,無,備14
038,國立臺東大學,038202,音樂學系(B組),原住民,--,無,正取
038,國立臺東大學,038202,音樂學系(B組),願景計畫,--,無,正取
038,國立臺東大學,038212,數位媒體與文教產業學系(創作組),招生,--,無,備2
038,國立臺東大學,038222,美術產業學系,招生,--,無,備22
038,國立臺東大學,038222,美術產業學系,原住民,--,無,正取
038,國立臺東大學,038222,美術產業學系,願景計畫,--,無,無
038,國立臺東大學,038232,體育學系,招生,--,無,備13
038,國立臺東大學,038232,體育學系,願景計畫,--,無,無
039,國立體育大學,039012,休閒產業經營學系,招生,--,無,備9
039,國立體育大學,039012,休閒產業經營學系,原住民,--,無,備3
039,國立體育大學,039022,運動保健學系(一般組),招生,--,無,備16
039,國立體育大學,039022,運動保健學系(一般組),原住民,--,無,正取
039,國立體育大學,039032,休閒產業經營學系(青年儲蓄帳戶組),招生,--,無,無
039,國立體育大學,039042,運動保健學系(青年儲蓄帳戶組),招生,--,無,正取
039,國立體育大學,039052,體育推廣學系(青年儲蓄帳戶組),招生,--,無,無
039,國立體育大學,039062,適應體育學系(青年儲蓄帳戶組),招生,--,無,無
039,國立體育大學,039072,體育推廣學系,招生,--,無,備13
039,國立體育大學,039072,體育推廣學系,原住民,--,無,正取
039,國立體育大學,039072,體育推廣學系,離島(金門縣),--,無,備1
039,國立體育大學,039082,適應體育學系,招生,--,無,備27
039,國立體育大學,039082,適應體育學系,原住民,--,無,備1
039,國立體育大學,039092,運動保健學系(體育術科組),招生,--,無,備6
039,國立體育大學,039092,運動保健學系(體育術科組),原住民,--,無,無
039,國立體育大學,039092,運動保健學系(體育術科組),離島(澎湖縣),--,無,正取
040,元智大學,040012,護理學系,招生,--,無,備25
040,元智大學,040012,護理學系,原住民,--,無,正取
040,元智大學,040022,管理學院學士班(主修：數位行銷與人力資源),招生,--,無,備55
040,元智大學,040022,管理學院學士班(主修：數位行銷與人力資源),原住民,--,無,無
040,元智大學,040032,管理學院學士班(主修：財務金融),招生,--,無,備100
040,元智大學,040032,管理學院學士班(主修：財務金融),原住民,--,無,無
040,元智大學,040042,管理學院學士班(主修：國際企業管理),招生,--,無,備70
040,元智大學,040042,管理學院學士班(主修：國際企業管理),原住民,--,無,無
040,元智大學,040052,管理學院學士班(主修：會計),招生,--,無,備55
040,元智大學,040052,管理學院學士班(主修：會計),原住民,--,無,正取
040,元智大學,040062,管理學院學士班(英語專班),招生,--,無,備33
040,元智大學,040072,應用外語學系,招生,--,無,備30
040,元智大學,040072,應用外語學系,原住民,--,無,正取
040,元智大學,040082,中國語文學系,招生,--,無,備25
040,元智大學,040092,社會暨政策科學學系,招生,--,無,備22
040,元智大學,040102,藝術與設計學系(AI創新組),招生,--,無,備7
040,元智大學,040102,藝術與設計學系(AI創新組),原住民,--,無,無
040,元智大學,040112,人文社會學院英語學士班,招生,--,無,備4
040,元智大學,040122,資訊管理學系,招生,--,無,備120
040,元智大學,040122,資訊管理學系,原住民,--,無,無
040,元智大學,040132,資訊管理學系(資安組),招生,--,無,備5
040,元智大學,040142,資訊傳播學系(智慧科技應用組),招生,--,無,備20
040,元智大學,040142,資訊傳播學系(智慧科技應用組),原住民,--,無,無
040,元智大學,040152,資訊傳播學系(數位媒體設計_創作組),招生,--,無,備20
040,元智大學,040152,資訊傳播學系(數位媒體設計_創作組),原住民,--,無,無
040,元智大學,040162,資訊工程學系,招生,--,無,備163
040,元智大學,040162,資訊工程學系,原住民,--,無,備2
040,元智大學,040162,資訊工程學系,離島(金門縣),--,無,備2
040,元智大學,040172,資訊工程學系(資安組),招生,--,無,備14
040,元智大學,040182,資訊工程學系(APCS組),招生,--,無,備5
040,元智大學,040192,資訊學院英語學士班,招生,--,無,備31
040,元智大學,040192,資訊學院英語學士班,原住民,--,無,無
040,元智大學,040202,機械工程學系,招生,--,無,備108
040,元智大學,040202,機械工程學系,原住民,--,無,正取
040,元智大學,040212,化學工程與材料科學學系,招生,--,無,備87
040,元智大學,040212,化學工程與材料科學學系,原住民,--,無,正取
040,元智大學,040222,工業工程與管理學系,招生,--,無,備76
040,元智大學,040222,工業工程與管理學系,原住民,--,無,正取
040,元智大學,040232,工程學院英語學士班,招生,--,無,備15
040,元智大學,040232,工程學院英語學士班,原住民,--,無,無
040,元智大學,040242,電機工程學系(甲組),招生,--,無,備115
040,元智大學,040242,電機工程學系(甲組),原住民,--,無,正取
040,元智大學,040252,電機工程學系(甲組)(APCS組),招生,--,無,備3
040,元智大學,040262,電機工程學系(乙組),招生,--,無,備76
040,元智大學,040262,電機工程學系(乙組),原住民,--,無,正取
040,元智大學,040272,電機工程學系(丙組),招生,--,無,備67
040,元智大學,040272,電機工程學系(丙組),原住民,--,無,正取
040,元智大學,040282,電機通訊學院英語學士班,招生,--,無,備23
040,元智大學,040282,電機通訊學院英語學士班,原住民,--,無,無
040,元智大學,040292,藝術與設計學系(藝術與設計組),招生,--,無,備21
040,元智大學,040292,藝術與設計學系(藝術與設計組),原住民,--,無,正取
040,元智大學,040302,資訊傳播學系(數位媒體設計_美術組),招生,--,無,備9
041,國立中正大學,041012,中國文學系,招生,--,無,備12
041,國立中正大學,041012,中國文學系,原住民,--,無,正取
041,國立中正大學,041022,外國語文學系,招生,--,無,備10
041,國立中正大學,041022,外國語文學系,原住民,--,無,無
041,國立中正大學,041032,歷史學系,招生,--,無,備18
041,國立中正大學,041032,歷史學系,原住民,--,無,無
041,國立中正大學,041032,歷史學系,離島(澎湖縣),--,無,正取
041,國立中正大學,041042,哲學系,招生,--,無,備14
041,國立中正大學,041042,哲學系,原住民,--,無,無
041,國立中正大學,041052,數學系,招生,--,無,備24
041,國立中正大學,041052,數學系,原住民,--,無,無
041,國立中正大學,041062,地球與環境科學系,招生,--,無,備26
041,國立中正大學,041062,地球與環境科學系,原住民,--,無,無
041,國立中正大學,041072,物理學系,招生,--,無,備43
041,國立中正大學,041072,物理學系,原住民,--,無,無
041,國立中正大學,041082,化學暨生物化學系,招生,--,無,備22
041,國立中正大學,041082,化學暨生物化學系,原住民,--,無,正取
041,國立中正大學,041092,生物醫學科學系,招生,--,無,備23
041,國立中正大學,041092,生物醫學科學系,原住民,--,無,正取
041,國立中正大學,041102,社會福利學系,招生,--,無,備19
041,國立中正大學,041102,社會福利學系,原住民,--,無,備3
041,國立中正大學,041112,心理學系,招生,--,無,備31
041,國立中正大學,041112,心理學系,原住民,--,無,無
041,國立中正大學,041112,心理學系,離島(金門縣),--,無,無
041,國立中正大學,041122,勞工關係學系,招生,--,無,備15
041,國立中正大學,041122,勞工關係學系,原住民,--,無,正取
041,國立中正大學,041132,政治學系,招生,--,無,備15
041,國立中正大學,041132,政治學系,原住民,--,無,備5
041,國立中正大學,041142,傳播學系,招生,--,無,備20
041,國立中正大學,041142,傳播學系,原住民,--,無,備3
041,國立中正大學,041142,傳播學系,離島(澎湖縣),--,無,正取
041,國立中正大學,041152,資訊工程學系,招生,--,無,備100
041,國立中正大學,041152,資訊工程學系,原住民,--,無,無
041,國立中正大學,041152,資訊工程學系,離島(屏東縣),--,無,正取
041,國立中正大學,041162,電機工程學系,招生,--,無,備89
041,國立中正大學,041162,電機工程學系,原住民,--,無,正取
041,國立中正大學,041172,機械工程學系機械工程組,招生,--,無,備76
041,國立中正大學,041172,機械工程學系機械工程組,原住民,--,無,無
041,國立中正大學,041182,機械工程學系光機電整合工程組,招生,--,無,備45
041,國立中正大學,041182,機械工程學系光機電整合工程組,原住民,--,無,正取
041,國立中正大學,041192,機械工程國際學士學位學程,招生,--,無,備25
041,國立中正大學,041192,機械工程國際學士學位學程,原住民,--,無,無
041,國立中正大學,041202,化學工程學系,招生,--,無,備38
041,國立中正大學,041202,化學工程學系,原住民,--,無,無
041,國立中正大學,041212,通訊工程學系,招生,--,無,備52
041,國立中正大學,041212,通訊工程學系,原住民,--,無,備1
041,國立中正大學,041222,經濟學系,招生,--,無,備44
041,國立中正大學,041222,經濟學系,原住民,--,無,無
041,國立中正大學,041232,財務金融學系,招生,--,無,備31
041,國立中正大學,041232,財務金融學系,原住民,--,無,備1
041,國立中正大學,041242,企業管理學系,招生,--,無,備38
041,國立中正大學,041242,企業管理學系,原住民,--,無,無
041,國立中正大學,041252,會計與資訊科技學系,招生,--,無,備39
041,國立中正大學,041252,會計與資訊科技學系,原住民,--,無,無
041,國立中正大學,041262,資訊管理學系,招生,--,無,備18
041,國立中正大學,041262,資訊管理學系,原住民,--,無,備1
041,國立中正大學,041272,資訊管理學系(APCS組),招生,--,無,備2
041,國立中正大學,041282,法律學系法學組,招生,--,無,備20
041,國立中正大學,041282,法律學系法學組,原住民,--,無,正取
041,國立中正大學,041292,法律學系法制組,招生,--,無,備23
041,國立中正大學,041292,法律學系法制組,原住民,--,無,備1
041,國立中正大學,041302,財經法律學系,招生,--,無,備13
041,國立中正大學,041302,財經法律學系,原住民,--,無,無
041,國立中正大學,041312,成人及繼續教育學系,招生,--,無,備18
041,國立中正大學,041312,成人及繼續教育學系,原住民,--,無,備1
041,國立中正大學,041322,犯罪防治學系,招生,--,無,備20
041,國立中正大學,041322,犯罪防治學系,原住民,--,無,正取
041,國立中正大學,041322,犯罪防治學系,離島(澎湖縣),--,無,備4
041,國立中正大學,041322,犯罪防治學系,離島(金門縣),--,無,備3
041,國立中正大學,041332,紫荊不分系學士學位學程,招生,--,無,備29
041,國立中正大學,041332,紫荊不分系學士學位學程,原住民,--,無,無
041,國立中正大學,041342,嘉星招生甲組(工),招生,--,無,備32
041,國立中正大學,041352,嘉星招生乙組(管),招生,--,無,備11
041,國立中正大學,041362,嘉星招生丙組(法),招生,--,無,備4
041,國立中正大學,041372,嘉星招生丁組(文),招生,--,無,備3
041,國立中正大學,041382,嘉星招生戊組(理),招生,--,無,備9
041,國立中正大學,041392,嘉星招生己組(社),招生,--,無,正取
041,國立中正大學,041402,嘉星招生庚組(教),招生,--,無,正取
041,國立中正大學,041412,嘉星招生辛組(心),招生,--,無,正取
042,大葉大學,042012,機械與自動化工程學系(智慧車輛與綠能科技組),招生,--,無,備15
042,大葉大學,042012,機械與自動化工程學系(智慧車輛與綠能科技組),原住民,--,無,無
042,大葉大學,042022,機械與自動化工程學系(AI機械與機器人科技組),招生,--,無,備10
042,大葉大學,042022,機械與自動化工程學系(AI機械與機器人科技組),原住民,--,無,無
042,大葉大學,042032,電機工程學系(半導體與光電組),招生,--,無,備10
042,大葉大學,042032,電機工程學系(半導體與光電組),原住民,--,無,無
042,大葉大學,042042,電機工程學系(智慧系統組),招生,--,無,備10
042,大葉大學,042042,電機工程學系(智慧系統組),原住民,--,無,無
042,大葉大學,042052,電機工程學系(APCS組),招生,--,無,無
042,大葉大學,042062,半導體學士學位學程,招生,--,無,正取
042,大葉大學,042062,半導體學士學位學程,原住民,--,無,無
042,大葉大學,042072,資訊工程學系(資訊工程組),招生,--,無,備11
042,大葉大學,042072,資訊工程學系(資訊工程組),原住民,--,無,無
042,大葉大學,042082,資訊工程學系(人工智慧組),招生,--,無,備8
042,大葉大學,042082,資訊工程學系(人工智慧組),原住民,--,無,無
042,大葉大學,042092,資訊工程學系(APCS組),招生,--,無,無
042,大葉大學,042102,環境與安全工程學系(環境永續組),招生,--,無,備2
042,大葉大學,042102,環境與安全工程學系(環境永續組),原住民,--,無,無
042,大葉大學,042112,環境與安全工程學系(安全科技組),招生,--,無,備3
042,大葉大學,042122,環境與安全工程學系(青年儲蓄帳戶組),招生,--,無,無
042,大葉大學,042132,會計與資訊管理學系(人工智慧科技管理組),招生,--,無,備1
042,大葉大學,042132,會計與資訊管理學系(人工智慧科技管理組),原住民,--,無,無
042,大葉大學,042142,會計與資訊管理學系(會計暨投資理財組),招生,--,無,備1
042,大葉大學,042152,會計與資訊管理學系(青年儲蓄帳戶組),招生,--,無,正取
042,大葉大學,042162,財務金融學系(銀行專業組),招生,--,無,備2
042,大葉大學,042162,財務金融學系(銀行專業組),原住民,--,無,無
042,大葉大學,042172,財務金融學系(智慧投資組),招生,--,無,備1
042,大葉大學,042182,財務金融學系(公司財務組),招生,--,無,備4
042,大葉大學,042192,財務金融學系(青年儲蓄帳戶組),招生,--,無,無
042,大葉大學,042202,應用日語學系(AI商務應用組),招生,--,無,備3
042,大葉大學,042212,應用日語學系(觀光旅遊組),招生,--,無,備5
042,大葉大學,042212,應用日語學系(觀光旅遊組),原住民,--,無,無
042,大葉大學,042222,生物醫學系(生物醫藥組),招生,--,無,備5
042,大葉大學,042222,生物醫學系(生物醫藥組),原住民,--,無,無
042,大葉大學,042232,生物醫學系(檢驗醫學組),招生,--,無,備13
042,大葉大學,042242,藥用植物與食品保健學系(藥粧保健組),招生,--,無,備4
042,大葉大學,042242,藥用植物與食品保健學系(藥粧保健組),原住民,--,無,無
042,大葉大學,042252,藥用植物與食品保健學系(食藥生技組),招生,--,無,備1
042,大葉大學,042262,觀光休閒學系,招生,--,無,備2
042,大葉大學,042262,觀光休閒學系,原住民,--,無,無
042,大葉大學,042272,觀光休閒學系(青年儲蓄帳戶組),招生,--,無,無
042,大葉大學,042282,餐旅管理學系,招生,--,無,備3
042,大葉大學,042292,餐旅管理學系(青年儲蓄帳戶組),招生,--,無,無
042,大葉大學,042302,烘焙暨飲料調製學士學位學程,招生,--,無,備6
042,大葉大學,042312,烘焙暨飲料調製學士學位學程(青年儲蓄帳戶組),招生,--,無,無
042,大葉大學,042322,護理學系,招生,--,無,備4
042,大葉大學,042322,護理學系,原住民,--,無,無
042,大葉大學,042332,視光學系(國際組),招生,--,無,正取
042,大葉大學,042332,視光學系(國際組),原住民,--,無,無
042,大葉大學,042342,視光學系(臨床組),招生,--,無,備12
042,大葉大學,042342,視光學系(臨床組),原住民,--,無,無
042,大葉大學,042352,職能治療學系(A組),招生,--,無,備22
042,大葉大學,042352,職能治療學系(A組),原住民,--,無,無
042,大葉大學,042362,職能治療學系(B組),招生,--,無,備5
042,大葉大學,042362,職能治療學系(B組),原住民,--,無,正取
042,大葉大學,042372,設計學系(工業設計組),招生,--,無,正取
042,大葉大學,042382,設計學系(視覺傳達設計組),招生,--,無,備6
042,大葉大學,042392,多媒體數位內容學士學位學程(動畫與影視特效組),招生,--,無,備2
042,大葉大學,042392,多媒體數位內容學士學位學程(動畫與影視特效組),原住民,--,無,無
042,大葉大學,042402,多媒體數位內容學士學位學程(遊戲與人工智慧應用組),招生,--,無,備8
042,大葉大學,042402,多媒體數位內容學士學位學程(遊戲與人工智慧應用組),原住民,--,無,無
042,大葉大學,042412,多媒體數位內容學士學位學程(動漫美術與模型製作組),招生,--,無,備3
042,大葉大學,042412,多媒體數位內容學士學位學程(動漫美術與模型製作組),原住民,--,無,無
042,大葉大學,042422,多媒體數位內容學士學位學程(漫畫創作組),招生,--,無,備6
042,大葉大學,042432,AI創新設計學士學位學程(商業視覺設計組),招生,--,無,無
042,大葉大學,042432,AI創新設計學士學位學程(商業視覺設計組),原住民,--,無,無
042,大葉大學,042442,AI創新設計學士學位學程(創新數位媒體組),招生,--,無,正取
042,大葉大學,042442,AI創新設計學士學位學程(創新數位媒體組),原住民,--,無,無
042,大葉大學,042452,空間設計學系建築組,招生,--,無,正取
042,大葉大學,042462,空間設計學系建築組(青年儲蓄帳戶組),招生,--,無,無
042,大葉大學,042472,空間設計學系室內設計組,招生,--,無,備9
042,大葉大學,042472,空間設計學系室內設計組,原住民,--,無,無
042,大葉大學,042482,空間設計學系室內設計組(青年儲蓄帳戶組),招生,--,無,無
042,大葉大學,042492,運動健康管理學系,招生,--,無,備7
042,大葉大學,042492,運動健康管理學系,原住民,--,無,正取
044,華梵大學,044012,智慧生活科技學系大數據與管理組,招生,--,無,無
044,華梵大學,044022,智慧生活科技學系智慧產品開發組,招生,--,無,備1
044,華梵大學,044032,智慧生活設計學系空間設計組,招生,--,無,備2
044,華梵大學,044042,智慧生活設計學系空間設計組(青年儲蓄帳戶組),招生,--,無,無
044,華梵大學,044052,智慧生活設計學系創意產品與汽車設計組,招生,--,無,正取
044,華梵大學,044062,攝影與VR設計學系攝影與科技藝術組,招生,--,無,正取
044,華梵大學,044062,攝影與VR設計學系攝影與科技藝術組,原住民,--,無,無
044,華梵大學,044072,攝影與VR設計學系VR與互動媒體組,招生,--,無,備3
044,華梵大學,044072,攝影與VR設計學系VR與互動媒體組,原住民,--,無,無
044,華梵大學,044082,佛教藝術學系佛學組,招生,--,無,無
044,華梵大學,044092,佛教藝術學系藝術組,招生,--,無,正取
044,華梵大學,044092,佛教藝術學系藝術組,原住民,--,無,無
044,華梵大學,044102,美術與文創學系文創設計組,招生,--,無,備18
044,華梵大學,044102,美術與文創學系文創設計組,原住民,--,無,無
044,華梵大學,044112,美術與文創學系美術創作組,招生,--,無,備4
044,華梵大學,044112,美術與文創學系美術創作組,原住民,--,無,無
045,義守大學,045012,電機工程學系,招生,--,無,備85
045,義守大學,045012,電機工程學系,原住民,--,無,正取
045,義守大學,045022,電子工程學系,招生,--,無,備69
045,義守大學,045022,電子工程學系,原住民,--,無,無
045,義守大學,045032,資訊工程學系資訊工程組,招生,--,無,備68
045,義守大學,045032,資訊工程學系資訊工程組,原住民,--,無,無
045,義守大學,045042,資訊工程學系資訊應用組,招生,--,無,備11
045,義守大學,045042,資訊工程學系資訊應用組,原住民,--,無,無
045,義守大學,045052,資訊工程學系(APCS組),招生,--,無,備4
045,義守大學,045062,資訊工程學系(資安組),招生,--,無,備4
045,義守大學,045072,機械與自動化工程學系,招生,--,無,備69
045,義守大學,045072,機械與自動化工程學系,原住民,--,無,無
045,義守大學,045082,化學工程學系,招生,--,無,備67
045,義守大學,045082,化學工程學系,原住民,--,無,正取
045,義守大學,045092,土木工程學系,招生,--,無,備35
045,義守大學,045092,土木工程學系,原住民,--,無,無
045,義守大學,045102,材料科學與工程學系,招生,--,無,備75
045,義守大學,045102,材料科學與工程學系,原住民,--,無,無
045,義守大學,045112,生物醫學工程學系,招生,--,無,備61
045,義守大學,045112,生物醫學工程學系,原住民,--,無,正取
045,義守大學,045122,智慧科技英語學士學位學程,招生,--,無,無
045,義守大學,045122,智慧科技英語學士學位學程,原住民,--,無,無
045,義守大學,045132,半導體學士學位學程,招生,--,無,備49
045,義守大學,045132,半導體學士學位學程,原住民,--,無,無
045,義守大學,045142,資訊管理學系人工智慧技術與應用組,招生,--,無,備19
045,義守大學,045142,資訊管理學系人工智慧技術與應用組,原住民,--,無,無
045,義守大學,045152,資訊管理學系智慧商務與物聯網組,招生,--,無,正取
045,義守大學,045152,資訊管理學系智慧商務與物聯網組,原住民,--,無,無
045,義守大學,045162,企業管理學系,招生,--,無,備7
045,義守大學,045162,企業管理學系,原住民,--,無,無
045,義守大學,045172,財務金融管理學系,招生,--,無,備3
045,義守大學,045172,財務金融管理學系,原住民,--,無,無
045,義守大學,045182,會計學系,招生,--,無,備10
045,義守大學,045182,會計學系,原住民,--,無,無
045,義守大學,045192,醫務管理學系,招生,--,無,備47
045,義守大學,045192,醫務管理學系,原住民,--,無,正取
045,義守大學,045202,餐旅管理學系,招生,--,無,備3
045,義守大學,045202,餐旅管理學系,原住民,--,無,無
045,義守大學,045212,廚藝暨美食學學系,招生,--,無,備10
045,義守大學,045212,廚藝暨美食學學系,原住民,--,無,無
045,義守大學,045222,國際企業經營英語學士學位學程(國際學院),招生,--,無,備1
045,義守大學,045222,國際企業經營英語學士學位學程(國際學院),原住民,--,無,正取
045,義守大學,045232,應用日語學系,招生,--,無,備13
045,義守大學,045232,應用日語學系,原住民,--,無,無
045,義守大學,045242,大眾傳播學系,招生,--,無,備6
045,義守大學,045242,大眾傳播學系,原住民,--,無,正取
045,義守大學,045252,電影與電視學系,招生,--,無,備4
045,義守大學,045252,電影與電視學系,原住民,--,無,正取
045,義守大學,045262,醫學科學與生物科技學系醫藥組,招生,--,無,備25
045,義守大學,045262,醫學科學與生物科技學系醫藥組,原住民,--,無,無
045,義守大學,045272,醫學科學與生物科技學系生技組,招生,--,無,備26
045,義守大學,045272,醫學科學與生物科技學系生技組,原住民,--,無,無
045,義守大學,045282,營養學系,招生,--,無,備64
045,義守大學,045282,營養學系,原住民,--,無,無
045,義守大學,045292,護理學系,招生,--,無,備60
045,義守大學,045292,護理學系,原住民,--,無,正取
045,義守大學,045302,醫學影像暨放射科學系,招生,--,無,備49
045,義守大學,045302,醫學影像暨放射科學系,原住民,--,無,正取
045,義守大學,045312,物理治療學系,招生,--,無,備36
045,義守大學,045312,物理治療學系,原住民,--,無,備5
045,義守大學,045322,職能治療學系,招生,--,無,備55
045,義守大學,045322,職能治療學系,原住民,--,無,正取
045,義守大學,045332,醫學檢驗技術學系,招生,--,無,備56
045,義守大學,045332,醫學檢驗技術學系,原住民,--,無,正取
045,義守大學,045342,醫學系(公費生),招生,--,無,備18
045,義守大學,045352,視覺藝術與設計學系,招生,--,無,備6
045,義守大學,045352,視覺藝術與設計學系,原住民,--,無,無
046,銘傳大學,046012,企業管理學系品牌行銷組（臺北校區）,招生,--,無,備85
046,銘傳大學,046022,企業管理學系企業管理組（臺北校區）,招生,--,無,備39
046,銘傳大學,046022,企業管理學系企業管理組（臺北校區）,原住民,--,無,正取
046,銘傳大學,046032,會計學系會計審計組（臺北校區）,招生,--,無,備39
046,銘傳大學,046032,會計學系會計審計組（臺北校區）,原住民,--,無,無
046,銘傳大學,046042,會計學系稅務規劃組（臺北校區）,招生,--,無,備53
046,銘傳大學,046042,會計學系稅務規劃組（臺北校區）,原住民,--,無,無
046,銘傳大學,046052,財務金融學系（臺北校區）,招生,--,無,備135
046,銘傳大學,046052,財務金融學系（臺北校區）,原住民,--,無,備1
046,銘傳大學,046062,資訊應用與金融保險學系金融組（臺北校區）,招生,--,無,備31
046,銘傳大學,046062,資訊應用與金融保險學系金融組（臺北校區）,原住民,--,無,正取
046,銘傳大學,046072,資訊應用與金融保險學系資訊組（臺北校區）,招生,--,無,備47
046,銘傳大學,046072,資訊應用與金融保險學系資訊組（臺北校區）,原住民,--,無,無
046,銘傳大學,046082,國際企業學系跨境電商經營組（臺北校區）,招生,--,無,備23
046,銘傳大學,046082,國際企業學系跨境電商經營組（臺北校區）,原住民,--,無,正取
046,銘傳大學,046092,國際企業學系外貿行銷管理組（臺北校區）,招生,--,無,備66
046,銘傳大學,046102,人工智慧應用暨管理學士學位學程（臺北校區）,招生,--,無,備30
046,銘傳大學,046102,人工智慧應用暨管理學士學位學程（臺北校區）,原住民,--,無,無
046,銘傳大學,046112,新媒體暨傳播管理學系（臺北校區）,招生,--,無,備27
046,銘傳大學,046112,新媒體暨傳播管理學系（臺北校區）,原住民,--,無,備3
046,銘傳大學,046122,廣播電視學系（臺北校區）,招生,--,無,備19
046,銘傳大學,046122,廣播電視學系（臺北校區）,原住民,--,無,備2
046,銘傳大學,046132,廣告暨策略行銷學系（臺北校區）,招生,--,無,備20
046,銘傳大學,046132,廣告暨策略行銷學系（臺北校區）,原住民,--,無,正取
046,銘傳大學,046142,影音新聞暨社群傳播學系（臺北校區）,招生,--,無,備48
046,銘傳大學,046142,影音新聞暨社群傳播學系（臺北校區）,原住民,--,無,正取
046,銘傳大學,046152,傳播學院全媒體大一不分系學士班（臺北校區）,招生,--,無,備2
046,銘傳大學,046162,法律學系（臺北校區）,招生,--,無,備37
046,銘傳大學,046162,法律學系（臺北校區）,原住民,--,無,無
046,銘傳大學,046172,財金法律學系（臺北校區）,招生,--,無,備30
046,銘傳大學,046172,財金法律學系（臺北校區）,原住民,--,無,無
046,銘傳大學,046182,國際企業與貿易學士學位學程（全英語授課．臺北校區）,招生,--,無,備12
046,銘傳大學,046182,國際企業與貿易學士學位學程（全英語授課．臺北校區）,原住民,--,無,無
046,銘傳大學,046192,新聞與大眾傳播學士學位學程（全英語授課．臺北校區）,招生,--,無,備10
046,銘傳大學,046192,新聞與大眾傳播學士學位學程（全英語授課．臺北校區）,原住民,--,無,無
046,銘傳大學,046202,時尚與創新管理學士學位學程（全英語授課．臺北校區）,招生,--,無,備15
046,銘傳大學,046202,時尚與創新管理學士學位學程（全英語授課．臺北校區）,原住民,--,無,無
046,銘傳大學,046212,國際事務與外交學士學位學程（全英語授課．臺北校區）,招生,--,無,備19
046,銘傳大學,046222,資訊科技應用與管理學士學位學程（全英語授課．桃園校區）,招生,--,無,備4
046,銘傳大學,046222,資訊科技應用與管理學士學位學程（全英語授課．桃園校區）,原住民,--,無,無
046,銘傳大學,046232,應用中文與華語文教學系文教傳播組（桃園校區）,招生,--,無,備13
046,銘傳大學,046242,應用中文與華語文教學系語文創作組（桃園校區）,招生,--,無,備11
046,銘傳大學,046242,應用中文與華語文教學系語文創作組（桃園校區）,原住民,--,無,無
046,銘傳大學,046252,應用英語學系（桃園校區）,招生,--,無,備14
046,銘傳大學,046252,應用英語學系（桃園校區）,原住民,--,無,無
046,銘傳大學,046262,應用日語學系（桃園校區）,招生,--,無,備77
046,銘傳大學,046262,應用日語學系（桃園校區）,原住民,--,無,備3
046,銘傳大學,046272,商業設計學系（桃園校區）,招生,--,無,備48
046,銘傳大學,046272,商業設計學系（桃園校區）,原住民,--,無,正取
046,銘傳大學,046282,商品設計學系（桃園校區）,招生,--,無,備56
046,銘傳大學,046282,商品設計學系（桃園校區）,原住民,--,無,正取
046,銘傳大學,046292,數位媒體設計學系（桃園校區）,招生,--,無,備53
046,銘傳大學,046292,數位媒體設計學系（桃園校區）,原住民,--,無,備1
046,銘傳大學,046302,建築學系（桃園校區）,招生,--,無,備31
046,銘傳大學,046302,建築學系（桃園校區）,原住民,--,無,正取
046,銘傳大學,046312,都市設計與永續發展學系智慧城市與無人機應用組（桃園校區）,招生,--,無,備6
046,銘傳大學,046312,都市設計與永續發展學系智慧城市與無人機應用組（桃園校區）,原住民,--,無,無
046,銘傳大學,046322,都市設計與永續發展學系都市更新與土地開發組（桃園校區）,招生,--,無,備8
046,銘傳大學,046322,都市設計與永續發展學系都市更新與土地開發組（桃園校區）,原住民,--,無,備1
046,銘傳大學,046332,觀光事業學系（桃園校區）,招生,--,無,備35
046,銘傳大學,046332,觀光事業學系（桃園校區）,原住民,--,無,無
046,銘傳大學,046342,休閒遊憩管理學系（桃園校區）,招生,--,無,備7
046,銘傳大學,046342,休閒遊憩管理學系（桃園校區）,原住民,--,無,正取
046,銘傳大學,046352,餐旅管理學系（桃園校區）,招生,--,無,備15
046,銘傳大學,046352,餐旅管理學系（桃園校區）,原住民,--,無,正取
046,銘傳大學,046362,犯罪防治學系（桃園校區）,招生,--,無,備45
046,銘傳大學,046362,犯罪防治學系（桃園校區）,原住民,--,無,正取
046,銘傳大學,046372,公共事務與行政管理學系（桃園校區）,招生,--,無,備25
046,銘傳大學,046372,公共事務與行政管理學系（桃園校區）,原住民,--,無,正取
046,銘傳大學,046382,諮商臨床與工商心理學系（桃園校區）,招生,--,無,備49
046,銘傳大學,046382,諮商臨床與工商心理學系（桃園校區）,原住民,--,無,無
046,銘傳大學,046392,金融學系（桃園校區）,招生,--,無,備71
046,銘傳大學,046392,金融學系（桃園校區）,原住民,--,無,無
046,銘傳大學,046402,金融科技應用學系（桃園校區）,招生,--,無,備59
046,銘傳大學,046402,金融科技應用學系（桃園校區）,原住民,--,無,無
046,銘傳大學,046412,資訊管理學系人工智慧應用組（桃園校區）,招生,--,無,備42
046,銘傳大學,046412,資訊管理學系人工智慧應用組（桃園校區）,原住民,--,無,無
046,銘傳大學,046422,資訊管理學系巨量資料管理組（桃園校區）,招生,--,無,備43
046,銘傳大學,046422,資訊管理學系巨量資料管理組（桃園校區）,原住民,--,無,無
046,銘傳大學,046432,資訊管理學系電子商務管理組（桃園校區）,招生,--,無,備48
046,銘傳大學,046432,資訊管理學系電子商務管理組（桃園校區）,原住民,--,無,無
046,銘傳大學,046442,人工智慧應用學系（桃園校區）,招生,--,無,備93
046,銘傳大學,046442,人工智慧應用學系（桃園校區）,原住民,--,無,無
046,銘傳大學,046452,資訊工程學系甲組（桃園校區）,招生,--,無,備58
046,銘傳大學,046452,資訊工程學系甲組（桃園校區）,原住民,--,無,正取
046,銘傳大學,046462,資訊工程學系乙組（桃園校區）,招生,--,無,備77
046,銘傳大學,046462,資訊工程學系乙組（桃園校區）,原住民,--,無,無
046,銘傳大學,046472,電機工程學系（桃園校區）,招生,--,無,備115
046,銘傳大學,046472,電機工程學系（桃園校區）,原住民,--,無,備3
046,銘傳大學,046482,半導體應用學士學位學程（桃園校區）,招生,--,無,備42
046,銘傳大學,046482,半導體應用學士學位學程（桃園校區）,原住民,--,無,無
046,銘傳大學,046492,智慧醫療與永續管理學系健康永續管理組（桃園校區）,招生,--,無,備8
046,銘傳大學,046492,智慧醫療與永續管理學系健康永續管理組（桃園校區）,原住民,--,無,無
046,銘傳大學,046502,智慧醫療與永續管理學系智慧醫療產業組（桃園校區）,招生,--,無,正取
046,銘傳大學,046502,智慧醫療與永續管理學系智慧醫療產業組（桃園校區）,原住民,--,無,無
046,銘傳大學,046512,生物科技學系智慧應用生技組（桃園校區）,招生,--,無,備23
046,銘傳大學,046512,生物科技學系智慧應用生技組（桃園校區）,原住民,--,無,無
046,銘傳大學,046522,生物科技學系食品生技組（桃園校區）,招生,--,無,備58
046,銘傳大學,046522,生物科技學系食品生技組（桃園校區）,原住民,--,無,無
046,銘傳大學,046532,生物醫學工程學系生醫光電組（桃園校區）,招生,--,無,備11
046,銘傳大學,046542,生物醫學工程學系人工智慧醫療組（桃園校區）,招生,--,無,備24
046,銘傳大學,046542,生物醫學工程學系人工智慧醫療組（桃園校區）,原住民,--,無,無
046,銘傳大學,046552,資訊應用與金融保險學系（青年儲蓄帳戶組．臺北校區）,招生,--,無,無
046,銘傳大學,046562,影音新聞暨社群傳播學系（青年儲蓄帳戶組．臺北校區）,招生,--,無,無
046,銘傳大學,046572,金融科技應用學系（青年儲蓄帳戶組．桃園校區）,招生,--,無,無
046,銘傳大學,046582,智慧醫療與永續管理學系（青年儲蓄帳戶組．桃園校區）,招生,--,無,無
047,世新大學,047012,新聞學系,招生,--,無,備59
047,世新大學,047012,新聞學系,原住民,--,無,正取
047,世新大學,047022,廣播電視電影學系廣播與聲音設計組,招生,--,無,備5
047,世新大學,047032,廣播電視電影學系電視組,招生,--,無,備19
047,世新大學,047032,廣播電視電影學系電視組,原住民,--,無,正取
047,世新大學,047042,廣播電視電影學系電影組,招生,--,無,備47
047,世新大學,047052,圖文傳播學系,招生,--,無,備52
047,世新大學,047052,圖文傳播學系,原住民,--,無,正取
047,世新大學,047052,圖文傳播學系,離島(金門縣),--,無,正取
047,世新大學,047062,公共關係暨廣告學系,招生,--,無,備11
047,世新大學,047062,公共關係暨廣告學系,原住民,--,無,正取
047,世新大學,047072,口語傳播暨社群媒體學系,招生,--,無,備9
047,世新大學,047072,口語傳播暨社群媒體學系,原住民,--,無,無
047,世新大學,047082,資訊傳播學系,招生,--,無,備25
047,世新大學,047082,資訊傳播學系,原住民,--,無,無
047,世新大學,047082,資訊傳播學系,離島(金門縣),--,無,正取
047,世新大學,047092,數位多媒體設計學系,招生,--,無,備38
047,世新大學,047092,數位多媒體設計學系,原住民,--,無,正取
047,世新大學,047102,傳播管理學系,招生,--,無,備23
047,世新大學,047102,傳播管理學系,原住民,--,無,正取
047,世新大學,047102,傳播管理學系,離島(澎湖縣),--,無,備1
047,世新大學,047112,資訊管理學系智慧商務暨數據傳播組,招生,--,無,備6
047,世新大學,047112,資訊管理學系智慧商務暨數據傳播組,原住民,--,無,無
047,世新大學,047122,資訊管理學系智慧商務暨數據傳播組(資安組),招生,--,無,正取
047,世新大學,047132,資訊管理學系人工智慧暨科技傳播組,招生,--,無,備13
047,世新大學,047132,資訊管理學系人工智慧暨科技傳播組,原住民,--,無,正取
047,世新大學,047142,資訊管理學系人工智慧暨科技傳播組(資安組),招生,--,無,備1
047,世新大學,047152,財務金融學系,招生,--,無,備60
047,世新大學,047152,財務金融學系,原住民,--,無,備2
047,世新大學,047162,行政管理學系行政與法律組,招生,--,無,備6
047,世新大學,047162,行政管理學系行政與法律組,原住民,--,無,正取
047,世新大學,047172,行政管理學系政策與傳播組,招生,--,無,備3
047,世新大學,047172,行政管理學系政策與傳播組,原住民,--,無,無
047,世新大學,047182,觀光學系餐旅經營管理組,招生,--,無,備11
047,世新大學,047182,觀光學系餐旅經營管理組,原住民,--,無,正取
047,世新大學,047192,觀光學系旅遊暨休閒事業管理組,招生,--,無,備6
047,世新大學,047192,觀光學系旅遊暨休閒事業管理組,原住民,--,無,正取
047,世新大學,047202,經濟學系產業經濟組,招生,--,無,正取
047,世新大學,047202,經濟學系產業經濟組,原住民,--,無,無
047,世新大學,047212,經濟學系總體金融組,招生,--,無,備4
047,世新大學,047212,經濟學系總體金融組,原住民,--,無,無
047,世新大學,047222,經濟學系AI與商業分析組,招生,--,無,正取
047,世新大學,047222,經濟學系AI與商業分析組,原住民,--,無,無
047,世新大學,047232,企業管理學系人工智慧管理組,招生,--,無,備2
047,世新大學,047232,企業管理學系人工智慧管理組,原住民,--,無,無
047,世新大學,047242,企業管理學系跨域創新組,招生,--,無,備9
047,世新大學,047242,企業管理學系跨域創新組,原住民,--,無,正取
047,世新大學,047252,社會心理學系,招生,--,無,備20
047,世新大學,047252,社會心理學系,原住民,--,無,正取
047,世新大學,047252,社會心理學系,離島(金門縣),--,無,正取
047,世新大學,047262,英語暨傳播應用學系,招生,--,無,備5
047,世新大學,047262,英語暨傳播應用學系,原住民,--,無,無
047,世新大學,047272,日本語文學系,招生,--,無,備15
047,世新大學,047272,日本語文學系,原住民,--,無,正取
047,世新大學,047282,法律學系,招生,--,無,備30
047,世新大學,047282,法律學系,原住民,--,無,正取
050,實踐大學,050012,食品營養與保健生技學系(臺北校區),招生,--,無,備59
050,實踐大學,050012,食品營養與保健生技學系(臺北校區),原住民,--,無,無
050,實踐大學,050022,食品營養與保健生技學系食品創新與科技法律組(臺北校區),招生,--,無,備11
050,實踐大學,050022,食品營養與保健生技學系食品創新與科技法律組(臺北校區),原住民,--,無,無
050,實踐大學,050032,食品營養與保健生技學系(青年儲蓄帳戶組)(臺北校區),招生,--,無,無
050,實踐大學,050042,社會工作學系兒少、家庭與司法組(臺北校區),招生,--,無,備15
050,實踐大學,050042,社會工作學系兒少、家庭與司法組(臺北校區),原住民,--,無,無
050,實踐大學,050052,社會工作學系老人、長照與身障組(臺北校區),招生,--,無,備9
050,實踐大學,050052,社會工作學系老人、長照與身障組(臺北校區),原住民,--,無,無
050,實踐大學,050062,社會工作學系心理衛生與醫務組(臺北校區),招生,--,無,備7
050,實踐大學,050062,社會工作學系心理衛生與醫務組(臺北校區),原住民,--,無,正取
050,實踐大學,050072,家庭研究與兒童發展學系幼兒教保組(臺北校區),招生,--,無,備20
050,實踐大學,050072,家庭研究與兒童發展學系幼兒教保組(臺北校區),原住民,--,無,備4
050,實踐大學,050082,家庭研究與兒童發展學系家庭教育與輔導組(臺北校區),招生,--,無,備13
050,實踐大學,050092,餐飲管理學系廚藝組(臺北校區),招生,--,無,備15
050,實踐大學,050092,餐飲管理學系廚藝組(臺北校區),原住民,--,無,無
050,實踐大學,050102,餐飲管理學系餐旅組(臺北校區),招生,--,無,備5
050,實踐大學,050102,餐飲管理學系餐旅組(臺北校區),原住民,--,無,正取
050,實踐大學,050112,法律學系(臺北校區),招生,--,無,備15
050,實踐大學,050112,法律學系(臺北校區),原住民,--,無,無
050,實踐大學,050122,服裝設計學系(臺北校區),招生,--,無,備21
050,實踐大學,050122,服裝設計學系(臺北校區),原住民,--,無,正取
050,實踐大學,050132,媒體傳達設計學系動畫影像設計組(臺北校區),招生,--,無,備6
050,實踐大學,050132,媒體傳達設計學系動畫影像設計組(臺北校區),原住民,--,無,無
050,實踐大學,050142,媒體傳達設計學系創意媒體設計組(臺北校區),招生,--,無,備3
050,實踐大學,050142,媒體傳達設計學系創意媒體設計組(臺北校區),原住民,--,無,無
050,實踐大學,050152,工業產品設計學系(臺北校區),招生,--,無,備27
050,實踐大學,050152,工業產品設計學系(臺北校區),原住民,--,無,無
050,實踐大學,050162,建築設計學系人文藝術組(臺北校區),招生,--,無,備7
050,實踐大學,050172,建築設計學系創意科技組(臺北校區),招生,--,無,備6
050,實踐大學,050172,建築設計學系創意科技組(臺北校區),原住民,--,無,無
050,實踐大學,050182,建築職人學士學位學程(臺北校區),招生,--,無,正取
050,實踐大學,050182,建築職人學士學位學程(臺北校區),原住民,--,無,正取
050,實踐大學,050192,會計學系會計審計組(臺北校區),招生,--,無,備29
050,實踐大學,050192,會計學系會計審計組(臺北校區),原住民,--,無,無
050,實踐大學,050202,會計學系永續會計組(臺北校區),招生,--,無,備34
050,實踐大學,050202,會計學系永續會計組(臺北校區),原住民,--,無,無
050,實踐大學,050212,國際經營與貿易學系經貿管理組(臺北校區),招生,--,無,備22
050,實踐大學,050222,國際經營與貿易學系跨境行銷組(臺北校區),招生,--,無,備5
050,實踐大學,050222,國際經營與貿易學系跨境行銷組(臺北校區),原住民,--,無,正取
050,實踐大學,050232,國際經營與貿易學系國際金融組(臺北校區),招生,--,無,正取
050,實踐大學,050242,國際經營與貿易學系智慧物流組(臺北校區),招生,--,無,備5
050,實踐大學,050242,國際經營與貿易學系智慧物流組(臺北校區),原住民,--,無,無
050,實踐大學,050252,企業管理學系策略管理組(臺北校區),招生,--,無,備32
050,實踐大學,050262,企業管理學系ＡＩ行銷組(臺北校區),招生,--,無,備4
050,實踐大學,050262,企業管理學系ＡＩ行銷組(臺北校區),原住民,--,無,備1
050,實踐大學,050272,企業管理學系綠色永續組(臺北校區),招生,--,無,備11
050,實踐大學,050272,企業管理學系綠色永續組(臺北校區),原住民,--,無,備1
050,實踐大學,050282,企業管理學系創新創業組(臺北校區),招生,--,無,備3
050,實踐大學,050282,企業管理學系創新創業組(臺北校區),原住民,--,無,正取
050,實踐大學,050292,企業管理學系(青年儲蓄帳戶組)(臺北校區),招生,--,無,無
050,實踐大學,050302,財務金融學系(臺北校區),招生,--,無,備39
050,實踐大學,050302,財務金融學系(臺北校區),原住民,--,無,無
050,實踐大學,050312,財務金融學系數位行銷設計組(臺北校區),招生,--,無,備19
050,實踐大學,050312,財務金融學系數位行銷設計組(臺北校區),原住民,--,無,無
050,實踐大學,050322,風險管理與保險學系(臺北校區),招生,--,無,備50
050,實踐大學,050322,風險管理與保險學系(臺北校區),原住民,--,無,無
050,實踐大學,050332,應用外語學系(臺北校區),招生,--,無,備15
050,實踐大學,050332,應用外語學系(臺北校區),原住民,--,無,無
050,實踐大學,050342,應用外語學系數位應用組(臺北校區),招生,--,無,備15
050,實踐大學,050342,應用外語學系數位應用組(臺北校區),原住民,--,無,無
050,實踐大學,050352,資訊科技與管理學系人工智慧與大數據組(臺北校區),招生,--,無,備37
050,實踐大學,050352,資訊科技與管理學系人工智慧與大數據組(臺北校區),原住民,--,無,無
050,實踐大學,050362,資訊科技與管理學系雲端運算與物聯網組(臺北校區),招生,--,無,備2
050,實踐大學,050362,資訊科技與管理學系雲端運算與物聯網組(臺北校區),原住民,--,無,正取
050,實踐大學,050372,資訊科技與管理學系數位媒體設計組(臺北校區),招生,--,無,備20
050,實踐大學,050382,資訊科技與管理學系(APCS組)(臺北校區),招生,--,無,無
050,實踐大學,050392,資訊科技與管理學系(資安組)(臺北校區),招生,--,無,備2
050,實踐大學,050402,資訊科技與管理學系(青年儲蓄帳戶組)(臺北校區),招生,--,無,無
050,實踐大學,050412,國際企業英語學士學位學程(社會組)(臺北校區),招生,--,無,備5
050,實踐大學,050412,國際企業英語學士學位學程(社會組)(臺北校區),原住民,--,無,無
050,實踐大學,050422,國際企業英語學士學位學程(自然組)(臺北校區),招生,--,無,備12
050,實踐大學,050422,國際企業英語學士學位學程(自然組)(臺北校區),原住民,--,無,無
050,實踐大學,050432,智慧服務管理英語學士學位學程(社會組)(臺北校區),招生,--,無,正取
050,實踐大學,050432,智慧服務管理英語學士學位學程(社會組)(臺北校區),原住民,--,無,無
050,實踐大學,050442,智慧服務管理英語學士學位學程(自然組)(臺北校區),招生,--,無,備3
050,實踐大學,050452,國際企業管理學系公司理財投資組(高雄校區),招生,--,無,備4
050,實踐大學,050452,國際企業管理學系公司理財投資組(高雄校區),原住民,--,無,無
050,實踐大學,050462,國際企業管理學系外匯數位金融組(高雄校區),招生,--,無,備5
050,實踐大學,050462,國際企業管理學系外匯數位金融組(高雄校區),原住民,--,無,無
050,實踐大學,050472,國際企業管理學系品牌行銷企劃組(高雄校區),招生,--,無,備2
050,實踐大學,050472,國際企業管理學系品牌行銷企劃組(高雄校區),原住民,--,無,無
050,實踐大學,050482,國際企業管理學系日韓商務與貿易組(高雄校區),招生,--,無,備13
050,實踐大學,050492,金融管理學系金融實務組(高雄校區),招生,--,無,備6
050,實踐大學,050492,金融管理學系金融實務組(高雄校區),原住民,--,無,無
050,實踐大學,050502,金融管理學系數位金融組(高雄校區),招生,--,無,備2
050,實踐大學,050502,金融管理學系數位金融組(高雄校區),原住民,--,無,無
050,實踐大學,050512,金融管理學系金融商品組(高雄校區),招生,--,無,備6
050,實踐大學,050512,金融管理學系金融商品組(高雄校區),原住民,--,無,無
050,實踐大學,050522,金融管理學系產業實習組(高雄校區),招生,--,無,備2
050,實踐大學,050532,金融管理學系財務金融組(高雄校區),招生,--,無,正取
050,實踐大學,050542,資訊管理學系物聯網應用組(高雄校區),招生,--,無,正取
050,實踐大學,050542,資訊管理學系物聯網應用組(高雄校區),原住民,--,無,無
050,實踐大學,050552,資訊管理學系人工智慧與雲端應用組(高雄校區),招生,--,無,備5
050,實踐大學,050552,資訊管理學系人工智慧與雲端應用組(高雄校區),原住民,--,無,無
050,實踐大學,050562,資訊管理學系資訊科技組(高雄校區),招生,--,無,正取
050,實踐大學,050562,資訊管理學系資訊科技組(高雄校區),原住民,--,無,無
050,實踐大學,050572,資訊科技與通訊學系智慧機器人組(高雄校區),招生,--,無,備9
050,實踐大學,050582,資訊科技與通訊學系人工智慧組(高雄校區),招生,--,無,備4
050,實踐大學,050582,資訊科技與通訊學系人工智慧組(高雄校區),原住民,--,無,無
050,實踐大學,050592,資訊科技與通訊學系無人機組(高雄校區),招生,--,無,備3
050,實踐大學,050592,資訊科技與通訊學系無人機組(高雄校區),原住民,--,無,無
050,實踐大學,050602,資訊科技與通訊學系App設計組(高雄校區),招生,--,無,備1
050,實踐大學,050602,資訊科技與通訊學系App設計組(高雄校區),原住民,--,無,無
050,實踐大學,050612,資訊科技與通訊學系(青年儲蓄帳戶組)(高雄校區),招生,--,無,無
050,實踐大學,050622,數位多媒體遊戲設計學系互動遊戲設計組(高雄校區),招生,--,無,備15
050,實踐大學,050622,數位多媒體遊戲設計學系互動遊戲設計組(高雄校區),原住民,--,無,正取
050,實踐大學,050632,數位多媒體遊戲設計學系(青年儲蓄帳戶組)(高雄校區),招生,--,無,無
050,實踐大學,050642,電腦動畫學士學位學程3D動畫製作及視覺特效組(高雄校區),招生,--,無,備1
050,實踐大學,050642,電腦動畫學士學位學程3D動畫製作及視覺特效組(高雄校區),原住民,--,無,無
050,實踐大學,050652,電腦動畫學士學位學程2D3D動畫通修組(高雄校區),招生,--,無,備11
050,實踐大學,050652,電腦動畫學士學位學程2D3D動畫通修組(高雄校區),原住民,--,無,備1
050,實踐大學,050662,觀光管理學系文化與自然旅遊經營組(高雄校區),招生,--,無,備2
050,實踐大學,050672,休閒產業管理學系環境教育與休閒規劃設計組(高雄校區),招生,--,無,正取
050,實踐大學,050672,休閒產業管理學系環境教育與休閒規劃設計組(高雄校區),原住民,--,無,正取
050,實踐大學,050682,休閒產業管理學系精品咖啡烘焙經營組(高雄校區),招生,--,無,備4
050,實踐大學,050692,休閒產業管理學系(青年儲蓄帳戶組)(高雄校區),招生,--,無,無
050,實踐大學,050702,應用日文學系(高雄校區),招生,--,無,備1
050,實踐大學,050712,應用日文學系商務組(高雄校區),招生,--,無,備2
050,實踐大學,050712,應用日文學系商務組(高雄校區),原住民,--,無,無
050,實踐大學,050722,應用日文學系翻譯組(高雄校區),招生,--,無,正取
050,實踐大學,050722,應用日文學系翻譯組(高雄校區),原住民,--,無,無
050,實踐大學,050732,應用日文學系實習組(高雄校區),招生,--,無,正取
050,實踐大學,050732,應用日文學系實習組(高雄校區),原住民,--,無,無
050,實踐大學,050742,應用日文學系(青年儲蓄帳戶組)(高雄校區),招生,--,無,正取
050,實踐大學,050752,音樂學系(臺北校區),招生,鋼琴,無,備4
050,實踐大學,050752,音樂學系(臺北校區),招生,聲樂,無,備3
050,實踐大學,050752,音樂學系(臺北校區),招生,小提琴,無,備3
050,實踐大學,050752,音樂學系(臺北校區),招生,中提琴,無,正取
050,實踐大學,050752,音樂學系(臺北校區),招生,大提琴,無,正取
050,實踐大學,050752,音樂學系(臺北校區),招生,長號,無,備1
050,實踐大學,050752,音樂學系(臺北校區),招生,小號,無,正取
050,實踐大學,050752,音樂學系(臺北校區),招生,上低音號,無,無
050,實踐大學,050752,音樂學系(臺北校區),招生,低音號,無,備2
050,實踐大學,050752,音樂學系(臺北校區),招生,薩克斯管,無,正取
050,實踐大學,050752,音樂學系(臺北校區),招生,長笛,無,備1
050,實踐大學,050752,音樂學系(臺北校區),招生,單簧管(豎笛),無,備1
050,實踐大學,050752,音樂學系(臺北校區),招生,擊樂,無,備1
050,實踐大學,050752,音樂學系(臺北校區),原住民,--,無,正取
050,實踐大學,050762,音樂學系Ｂ組(臺北校區),招生,--,無,備1
050,實踐大學,050772,數位多媒體遊戲設計學系數位多媒體與AI應用設計組(高雄校區),招生,--,無,備2
050,實踐大學,050772,數位多媒體遊戲設計學系數位多媒體與AI應用設計組(高雄校區),原住民,--,無,無
050,實踐大學,050782,數位多媒體遊戲設計學系3D多媒體遊戲美術設計組(高雄校區),招生,--,無,備2
050,實踐大學,050782,數位多媒體遊戲設計學系3D多媒體遊戲美術設計組(高雄校區),原住民,--,無,正取
050,實踐大學,050792,數位多媒體遊戲設計學系遊戲美術設計組(高雄校區),招生,--,無,備6
050,實踐大學,050792,數位多媒體遊戲設計學系遊戲美術設計組(高雄校區),原住民,--,無,正取
050,實踐大學,050802,電腦動畫學士學位學程2D動畫創作製作組(高雄校區),招生,--,無,備2
050,實踐大學,050802,電腦動畫學士學位學程2D動畫創作製作組(高雄校區),原住民,--,無,備1
050,實踐大學,050812,電腦動畫學士學位學程2D動畫美術設計組(高雄校區),招生,--,無,備13
050,實踐大學,050812,電腦動畫學士學位學程2D動畫美術設計組(高雄校區),原住民,--,無,正取
050,實踐大學,050822,服飾設計與經營學系品牌經營與行銷組(高雄校區),招生,--,無,備2
050,實踐大學,050822,服飾設計與經營學系品牌經營與行銷組(高雄校區),原住民,--,無,無
050,實踐大學,050832,服飾設計與經營學系服飾設計與數位應用組(高雄校區),招生,--,無,備2
050,實踐大學,050832,服飾設計與經營學系服飾設計與數位應用組(高雄校區),原住民,--,無,無
050,實踐大學,050842,時尚設計學系媒傳影像設計組(高雄校區),招生,--,無,備12
050,實踐大學,050842,時尚設計學系媒傳影像設計組(高雄校區),原住民,--,無,無
050,實踐大學,050852,時尚設計學系髮妝造型設計組(高雄校區),招生,--,無,備4
050,實踐大學,050852,時尚設計學系髮妝造型設計組(高雄校區),原住民,--,無,無
050,實踐大學,050862,時尚設計學系服裝造型設計組(高雄校區),招生,--,無,備4
050,實踐大學,050862,時尚設計學系服裝造型設計組(高雄校區),原住民,--,無,無
050,實踐大學,050872,觀光管理學系旅運暨運動觀光事業組(高雄校區),招生,--,無,備5
050,實踐大學,050872,觀光管理學系旅運暨運動觀光事業組(高雄校區),原住民,--,無,無
050,實踐大學,050882,休閒產業管理學系遊憩運動企劃組(高雄校區),招生,--,無,正取
050,實踐大學,050882,休閒產業管理學系遊憩運動企劃組(高雄校區),原住民,--,無,正取
051,長榮大學,051012,企業管理學系行銷組,招生,--,無,備17
051,長榮大學,051012,企業管理學系行銷組,原住民,--,無,無
051,長榮大學,051022,企業管理學系數位經營組,招生,--,無,備12
051,長榮大學,051022,企業管理學系數位經營組,原住民,--,無,無
051,長榮大學,051032,企業管理學系企業永續發展組,招生,--,無,備2
051,長榮大學,051042,企業管理學系創新應用組,招生,--,無,備4
051,長榮大學,051042,企業管理學系創新應用組,原住民,--,無,無
051,長榮大學,051052,企業管理學系(青年儲蓄帳戶組),招生,--,無,無
051,長榮大學,051062,國際企業學系國際經營管理組,招生,--,無,備1
051,長榮大學,051072,國際企業學系金融貿易組,招生,--,無,備4
051,長榮大學,051072,國際企業學系金融貿易組,原住民,--,無,無
051,長榮大學,051082,國際企業學系航運物流組,招生,--,無,備1
051,長榮大學,051082,國際企業學系航運物流組,原住民,--,無,正取
051,長榮大學,051092,會計資訊學系財務應用組,招生,--,無,備7
051,長榮大學,051092,會計資訊學系財務應用組,原住民,--,無,無
051,長榮大學,051102,會計資訊學系稅務應用組,招生,--,無,備9
051,長榮大學,051102,會計資訊學系稅務應用組,原住民,--,無,無
051,長榮大學,051112,會計資訊學系產業實習組,招生,--,無,備1
051,長榮大學,051122,航運管理學系,招生,--,無,備43
051,長榮大學,051122,航運管理學系,原住民,--,無,正取
051,長榮大學,051132,財務金融學系金融科技組,招生,--,無,正取
051,長榮大學,051132,財務金融學系金融科技組,原住民,--,無,無
051,長榮大學,051142,財務金融學系投資理財組,招生,--,無,備1
051,長榮大學,051142,財務金融學系投資理財組,原住民,--,無,無
051,長榮大學,051152,財務金融學系金融實務組,招生,--,無,備8
051,長榮大學,051152,財務金融學系金融實務組,原住民,--,無,無
051,長榮大學,051162,財務金融學系產業實習組,招生,--,無,正取
051,長榮大學,051162,財務金融學系產業實習組,原住民,--,無,無
051,長榮大學,051172,財務金融學系(青年儲蓄帳戶組),招生,--,無,無
051,長榮大學,051182,觀光與餐飲管理學系專業技術組,招生,--,無,備6
051,長榮大學,051182,觀光與餐飲管理學系專業技術組,原住民,--,無,無
051,長榮大學,051192,觀光與餐飲管理學系日韓交流組,招生,--,無,備1
051,長榮大學,051192,觀光與餐飲管理學系日韓交流組,原住民,--,無,無
051,長榮大學,051202,觀光與餐飲管理學系國際雙聯組,招生,--,無,正取
051,長榮大學,051212,觀光與餐飲管理學系(青年儲蓄帳戶組),招生,--,無,無
051,長榮大學,051222,醫務管理學系,招生,--,無,備17
051,長榮大學,051222,醫務管理學系,原住民,--,無,無
051,長榮大學,051232,生物科技學系生技醫學組,招生,--,無,備12
051,長榮大學,051232,生物科技學系生技醫學組,原住民,--,無,無
051,長榮大學,051242,生物科技學系生物檢測組,招生,--,無,備15
051,長榮大學,051242,生物科技學系生物檢測組,原住民,--,無,無
051,長榮大學,051252,健康心理學系,招生,--,無,備17
051,長榮大學,051252,健康心理學系,原住民,--,無,正取
051,長榮大學,051262,保健營養學系,招生,--,無,備18
051,長榮大學,051262,保健營養學系,原住民,--,無,無
051,長榮大學,051272,護理學系,招生,--,無,備5
051,長榮大學,051272,護理學系,原住民,--,無,正取
051,長榮大學,051282,職業安全與衛生學系職業安全衛生管理組,招生,--,無,備7
051,長榮大學,051282,職業安全與衛生學系職業安全衛生管理組,原住民,--,無,無
051,長榮大學,051292,職業安全與衛生學系安全衛生AI科技組,招生,--,無,備6
051,長榮大學,051302,職業安全與衛生學系職業安全組,招生,--,無,備7
051,長榮大學,051302,職業安全與衛生學系職業安全組,原住民,--,無,無
051,長榮大學,051312,職業安全與衛生學系職業衛生組,招生,--,無,備3
051,長榮大學,051312,職業安全與衛生學系職業衛生組,原住民,--,無,無
051,長榮大學,051322,職業安全與衛生學系(青年儲蓄帳戶組),招生,--,無,無
051,長榮大學,051332,食品安全衛生與檢驗學士學位學程食品安全管理組,招生,--,無,正取
051,長榮大學,051342,食品安全衛生與檢驗學士學位學程食品科技組,招生,--,無,正取
051,長榮大學,051342,食品安全衛生與檢驗學士學位學程食品科技組,原住民,--,無,無
051,長榮大學,051352,食品安全衛生與檢驗學士學位學程食品檢驗組,招生,--,無,備15
051,長榮大學,051352,食品安全衛生與檢驗學士學位學程食品檢驗組,原住民,--,無,無
051,長榮大學,051362,消防安全學士學位學程消防實務管理組,招生,--,無,備2
051,長榮大學,051362,消防安全學士學位學程消防實務管理組,原住民,--,無,備1
051,長榮大學,051372,消防安全學士學位學程火場鑑識組,招生,--,無,備12
051,長榮大學,051372,消防安全學士學位學程火場鑑識組,原住民,--,無,無
051,長榮大學,051382,消防安全學士學位學程消防防災技術組,招生,--,無,正取
051,長榮大學,051392,消防安全學士學位學程(青年儲蓄帳戶組),招生,--,無,無
051,長榮大學,051402,綠能與環境資源學系綠能產業管理組,招生,--,無,備11
051,長榮大學,051402,綠能與環境資源學系綠能產業管理組,原住民,--,無,無
051,長榮大學,051412,綠能與環境資源學系綠能產業實務組,招生,--,無,備3
051,長榮大學,051412,綠能與環境資源學系綠能產業實務組,原住民,--,無,無
051,長榮大學,051422,綠能與環境資源學系綠能環境科技組,招生,--,無,備4
051,長榮大學,051422,綠能與環境資源學系綠能環境科技組,原住民,--,無,無
051,長榮大學,051432,營建工程安全學士學位學程,招生,--,無,備7
051,長榮大學,051432,營建工程安全學士學位學程,原住民,--,無,無
051,長榮大學,051442,大眾傳播學系,招生,--,無,備2
051,長榮大學,051442,大眾傳播學系,原住民,--,無,正取
051,長榮大學,051452,翻譯學系智慧科技與經貿媒體跨域組,招生,--,無,備2
051,長榮大學,051462,翻譯學系語文教學與觀光會展實務組,招生,--,無,正取
051,長榮大學,051462,翻譯學系語文教學與觀光會展實務組,原住民,--,無,無
051,長榮大學,051472,社會工作學系A組,招生,--,無,備7
051,長榮大學,051472,社會工作學系A組,原住民,--,無,無
051,長榮大學,051482,社會工作學系B組,招生,--,無,備10
051,長榮大學,051482,社會工作學系B組,原住民,--,無,無
051,長榮大學,051492,社會工作學系(青年儲蓄帳戶組),招生,--,無,無
051,長榮大學,051502,應用日語學系語文翻譯組,招生,--,無,備6
051,長榮大學,051502,應用日語學系語文翻譯組,原住民,--,無,無
051,長榮大學,051512,應用日語學系觀光產業組,招生,--,無,備17
051,長榮大學,051512,應用日語學系觀光產業組,原住民,--,無,無
051,長榮大學,051522,數位媒體設計學系數位媒體設計組,招生,--,無,備1
051,長榮大學,051522,數位媒體設計學系數位媒體設計組,原住民,--,無,無
051,長榮大學,051532,數位媒體設計學系互動設計組,招生,--,無,備16
051,長榮大學,051532,數位媒體設計學系互動設計組,原住民,--,無,無
051,長榮大學,051542,資訊工程學系,招生,--,無,備12
051,長榮大學,051542,資訊工程學系,原住民,--,無,無
051,長榮大學,051552,資訊工程學系(APCS組),招生,--,無,備1
051,長榮大學,051562,美術學系藝術創作組,招生,--,無,備16
051,長榮大學,051562,美術學系藝術創作組,原住民,--,無,無
051,長榮大學,051572,美術學系應用藝術組,招生,--,無,備2
051,長榮大學,051582,書畫藝術學系甲組,招生,--,無,正取
051,長榮大學,051592,書畫藝術學系乙組,招生,--,無,正取
051,長榮大學,051592,書畫藝術學系乙組,原住民,--,無,無
051,長榮大學,051602,運動競技學系,招生,--,無,備3
051,長榮大學,051602,運動競技學系,原住民,--,無,備1
056,國立臺灣藝術大學,056012,圖文傳播藝術學系,招生,--,無,備18
056,國立臺灣藝術大學,056012,圖文傳播藝術學系,原住民,--,無,正取
056,國立臺灣藝術大學,056022,廣播電視學系,招生,--,無,備5
056,國立臺灣藝術大學,056022,廣播電視學系,原住民,--,無,備1
056,國立臺灣藝術大學,056022,廣播電視學系,離島(澎湖縣),--,無,備2
056,國立臺灣藝術大學,056032,電影學系,招生,--,無,備6
056,國立臺灣藝術大學,056032,電影學系,原住民,--,無,備1
056,國立臺灣藝術大學,056032,電影學系,離島(澎湖縣),--,無,備1
056,國立臺灣藝術大學,056032,電影學系,離島(金門縣),--,無,備2
056,國立臺灣藝術大學,056042,戲劇學系,招生,--,男,備3
056,國立臺灣藝術大學,056042,戲劇學系,招生,--,女,備6
056,國立臺灣藝術大學,056042,戲劇學系,原住民,--,無,正取
056,國立臺灣藝術大學,056042,戲劇學系,離島(金門縣),--,無,正取
056,國立臺灣藝術大學,056052,音樂學系,招生,鋼琴,無,備42
056,國立臺灣藝術大學,056052,音樂學系,招生,聲樂,無,備18
056,國立臺灣藝術大學,056052,音樂學系,招生,小提琴,無,備20
056,國立臺灣藝術大學,056052,音樂學系,招生,中提琴,無,備8
056,國立臺灣藝術大學,056052,音樂學系,招生,大提琴,無,備8
056,國立臺灣藝術大學,056052,音樂學系,招生,低音提琴,無,備1
056,國立臺灣藝術大學,056052,音樂學系,招生,豎琴,無,無
056,國立臺灣藝術大學,056052,音樂學系,招生,古典吉他,無,正取
056,國立臺灣藝術大學,056052,音樂學系,招生,長號,無,備3
056,國立臺灣藝術大學,056052,音樂學系,招生,小號,無,正取
056,國立臺灣藝術大學,056052,音樂學系,招生,法國號,無,備5
056,國立臺灣藝術大學,056052,音樂學系,招生,上低音號,無,正取
056,國立臺灣藝術大學,056052,音樂學系,招生,低音號,無,備1
056,國立臺灣藝術大學,056052,音樂學系,招生,薩克斯管,無,備4
056,國立臺灣藝術大學,056052,音樂學系,招生,長笛,無,正取
056,國立臺灣藝術大學,056052,音樂學系,招生,單簧管(豎笛),無,備9
056,國立臺灣藝術大學,056052,音樂學系,招生,雙簧管,無,無
056,國立臺灣藝術大學,056052,音樂學系,招生,低音管,無,正取
056,國立臺灣藝術大學,056052,音樂學系,招生,擊樂,無,備6
056,國立臺灣藝術大學,056052,音樂學系,招生,理論作曲,無,無
056,國立臺灣藝術大學,056052,音樂學系,原住民,--,無,備9
056,國立臺灣藝術大學,056052,音樂學系,離島(澎湖縣),--,無,備3
056,國立臺灣藝術大學,056062,中國音樂學系作曲組,招生,--,無,無
056,國立臺灣藝術大學,056072,中國音樂學系聲樂組,招生,--,無,正取
056,國立臺灣藝術大學,056082,中國音樂學系管樂組,招生,--,無,備1
056,國立臺灣藝術大學,056082,中國音樂學系管樂組,原住民,--,無,無
056,國立臺灣藝術大學,056092,中國音樂學系彈弦組,招生,--,無,正取
056,國立臺灣藝術大學,056092,中國音樂學系彈弦組,原住民,--,無,無
056,國立臺灣藝術大學,056102,中國音樂學系撥弦組,招生,--,無,備2
056,國立臺灣藝術大學,056102,中國音樂學系撥弦組,原住民,--,無,無
056,國立臺灣藝術大學,056112,中國音樂學系擦弦組（一）–胡琴,招生,--,無,備1
056,國立臺灣藝術大學,056122,中國音樂學系擦弦組（二）–低音擦弦,招生,--,無,備1
056,國立臺灣藝術大學,056132,中國音樂學系擊樂組,招生,--,無,正取
056,國立臺灣藝術大學,056142,美術學系,招生,--,無,備9
056,國立臺灣藝術大學,056142,美術學系,原住民,--,無,正取
056,國立臺灣藝術大學,056142,美術學系,離島(澎湖縣),--,無,無
056,國立臺灣藝術大學,056152,書畫藝術學系,招生,--,無,備19
056,國立臺灣藝術大學,056152,書畫藝術學系,原住民,--,無,無
056,國立臺灣藝術大學,056162,雕塑學系,招生,--,男,備6
056,國立臺灣藝術大學,056162,雕塑學系,招生,--,女,備6
056,國立臺灣藝術大學,056162,雕塑學系,原住民,--,無,無
056,國立臺灣藝術大學,056162,雕塑學系,離島(澎湖縣),--,無,無
056,國立臺灣藝術大學,056172,古蹟藝術修護學系,招生,--,無,備12
056,國立臺灣藝術大學,056172,古蹟藝術修護學系,原住民,--,無,無
056,國立臺灣藝術大學,056172,古蹟藝術修護學系,離島(金門縣),--,無,無
056,國立臺灣藝術大學,056182,視覺傳達設計學系,招生,--,無,備9
056,國立臺灣藝術大學,056182,視覺傳達設計學系,原住民,--,無,正取
056,國立臺灣藝術大學,056182,視覺傳達設計學系,離島(澎湖縣),--,無,正取
056,國立臺灣藝術大學,056192,工藝設計學系,招生,--,無,備5
056,國立臺灣藝術大學,056192,工藝設計學系,原住民,--,無,備1
056,國立臺灣藝術大學,056192,工藝設計學系,離島(澎湖縣),--,無,正取
056,國立臺灣藝術大學,056202,多媒體動畫藝術學系,招生,--,無,正取
056,國立臺灣藝術大學,056202,多媒體動畫藝術學系,原住民,--,無,正取
056,國立臺灣藝術大學,056202,多媒體動畫藝術學系,離島(澎湖縣),--,無,無
056,國立臺灣藝術大學,056212,舞蹈學系,招生,--,無,備9
056,國立臺灣藝術大學,056212,舞蹈學系,原住民,--,無,無
058,國立暨南國際大學,058012,中國語文學系,招生,--,無,備22
058,國立暨南國際大學,058012,中國語文學系,原住民,--,無,無
058,國立暨南國際大學,058022,外國語文學系,招生,--,無,備10
058,國立暨南國際大學,058022,外國語文學系,原住民,--,無,無
058,國立暨南國際大學,058032,社會政策與社會工作學系,招生,--,無,備18
058,國立暨南國際大學,058032,社會政策與社會工作學系,原住民,--,無,無
058,國立暨南國際大學,058032,社會政策與社會工作學系,願景計畫,--,無,正取
058,國立暨南國際大學,058042,公共行政與政策學系,招生,--,無,備13
058,國立暨南國際大學,058042,公共行政與政策學系,願景計畫,--,無,備2
058,國立暨南國際大學,058052,歷史學系,招生,--,無,備17
058,國立暨南國際大學,058052,歷史學系,原住民,--,無,無
058,國立暨南國際大學,058062,東南亞學系,招生,--,無,備15
058,國立暨南國際大學,058062,東南亞學系,原住民,--,無,正取
058,國立暨南國際大學,058072,國際企業學系,招生,--,無,備22
058,國立暨南國際大學,058072,國際企業學系,原住民,--,無,無
058,國立暨南國際大學,058082,經濟學系,招生,--,無,備24
058,國立暨南國際大學,058082,經濟學系,原住民,--,無,無
058,國立暨南國際大學,058092,資訊管理學系,招生,--,無,備33
058,國立暨南國際大學,058092,資訊管理學系,原住民,--,無,無
058,國立暨南國際大學,058102,資訊管理學系(資安組),招生,--,無,正取
058,國立暨南國際大學,058112,財務金融學系,招生,--,無,備31
058,國立暨南國際大學,058112,財務金融學系,原住民,--,無,正取
058,國立暨南國際大學,058112,財務金融學系,願景計畫,--,無,正取
058,國立暨南國際大學,058122,觀光休閒與餐旅管理學系觀光休閒組,招生,--,無,備5
058,國立暨南國際大學,058122,觀光休閒與餐旅管理學系觀光休閒組,原住民,--,無,正取
058,國立暨南國際大學,058132,觀光休閒與餐旅管理學系餐旅管理組,招生,--,無,備13
058,國立暨南國際大學,058132,觀光休閒與餐旅管理學系餐旅管理組,原住民,--,無,無
058,國立暨南國際大學,058142,管理學院學士班,招生,--,無,備6
058,國立暨南國際大學,058142,管理學院學士班,原住民,--,無,無
058,國立暨南國際大學,058142,管理學院學士班,願景計畫,--,無,正取
058,國立暨南國際大學,058152,國際文教與比較教育學系,招生,--,無,備16
058,國立暨南國際大學,058152,國際文教與比較教育學系,原住民,--,無,無
058,國立暨南國際大學,058162,教育政策與行政學系,招生,--,無,備17
058,國立暨南國際大學,058172,諮商心理與人力資源發展學系諮商心理組,招生,--,無,備17
058,國立暨南國際大學,058172,諮商心理與人力資源發展學系諮商心理組,原住民,--,無,無
058,國立暨南國際大學,058182,諮商心理與人力資源發展學系終身學習與人力資源發展組,招生,--,無,備17
058,國立暨南國際大學,058182,諮商心理與人力資源發展學系終身學習與人力資源發展組,原住民,--,無,無
058,國立暨南國際大學,058192,教育學院學士班教育科技與資訊組,招生,--,無,備3
058,國立暨南國際大學,058192,教育學院學士班教育科技與資訊組,原住民,--,無,無
058,國立暨南國際大學,058202,教育學院學士班教育心理與輔導組,招生,--,無,備11
058,國立暨南國際大學,058212,資訊工程學系,招生,--,無,備33
058,國立暨南國際大學,058222,資訊工程學系(APCS組),招生,--,無,備4
058,國立暨南國際大學,058232,資訊工程學系(資安組),招生,--,無,正取
058,國立暨南國際大學,058242,土木工程學系,招生,--,無,備20
058,國立暨南國際大學,058242,土木工程學系,願景計畫,--,無,無
058,國立暨南國際大學,058252,電機工程學系,招生,--,無,備50
058,國立暨南國際大學,058252,電機工程學系,原住民,--,無,正取
058,國立暨南國際大學,058252,電機工程學系,願景計畫,--,無,正取
058,國立暨南國際大學,058262,應用化學系,招生,--,無,備49
058,國立暨南國際大學,058262,應用化學系,願景計畫,--,無,無
058,國立暨南國際大學,058272,應用材料及光電工程學系,招生,--,無,備39
058,國立暨南國際大學,058272,應用材料及光電工程學系,原住民,--,無,無
058,國立暨南國際大學,058272,應用材料及光電工程學系,願景計畫,--,無,無
058,國立暨南國際大學,058282,科技學院學士班,招生,--,無,備27
058,國立暨南國際大學,058282,科技學院學士班,原住民,--,無,無
058,國立暨南國際大學,058282,科技學院學士班,願景計畫,--,無,無
058,國立暨南國際大學,058292,科技學院學士班(資安組),招生,--,無,備7
058,國立暨南國際大學,058302,護理學系,招生,--,無,備39
058,國立暨南國際大學,058302,護理學系,原住民,--,無,正取
058,國立暨南國際大學,058302,護理學系,願景計畫,--,無,正取
059,南華大學,059012,財務金融學系,招生,--,無,備3
059,南華大學,059012,財務金融學系,原住民,--,無,無
059,南華大學,059022,財務金融學系證券投資組,招生,--,無,備1
059,南華大學,059022,財務金融學系證券投資組,原住民,--,無,無
059,南華大學,059032,財務金融學系AI智慧理財組,招生,--,無,備1
059,南華大學,059032,財務金融學系AI智慧理財組,原住民,--,無,無
059,南華大學,059042,企業管理學系經營管理組,招生,--,無,備3
059,南華大學,059042,企業管理學系經營管理組,原住民,--,無,無
059,南華大學,059052,企業管理學系行銷企劃組,招生,--,無,備2
059,南華大學,059052,企業管理學系行銷企劃組,原住民,--,無,無
059,南華大學,059062,企業管理學系創新創業組,招生,--,無,備6
059,南華大學,059072,企業管理學系文創管理組,招生,--,無,正取
059,南華大學,059072,企業管理學系文創管理組,原住民,--,無,無
059,南華大學,059082,旅遊管理學系觀光旅遊經營組,招生,--,無,正取
059,南華大學,059082,旅遊管理學系觀光旅遊經營組,原住民,--,無,無
059,南華大學,059092,旅遊管理學系觀光導覽組,招生,--,無,正取
059,南華大學,059102,旅遊管理學系旅館管理組,招生,--,無,正取
059,南華大學,059112,旅遊管理學系餐宴廚藝組,招生,--,無,正取
059,南華大學,059112,旅遊管理學系餐宴廚藝組,原住民,--,無,無
059,南華大學,059122,管理學院國際企業學士學位學程,招生,--,無,正取
059,南華大學,059132,管理學院國際企業學士學位學程國際數位行銷組,招生,--,無,備4
059,南華大學,059142,生死學系殯葬服務組,招生,--,無,備8
059,南華大學,059142,生死學系殯葬服務組,原住民,--,無,正取
059,南華大學,059152,生死學系諮商組,招生,--,無,備6
059,南華大學,059152,生死學系諮商組,原住民,--,無,無
059,南華大學,059162,幼兒教育學系幼兒教保組,招生,--,無,備6
059,南華大學,059162,幼兒教育學系幼兒教保組,原住民,--,無,無
059,南華大學,059172,幼兒教育學系多元創新組,招生,--,無,正取
059,南華大學,059182,文學系,招生,--,無,備14
059,南華大學,059182,文學系,原住民,--,無,無
059,南華大學,059192,文學系藝文創作組,招生,--,無,正取
059,南華大學,059192,文學系藝文創作組,原住民,--,無,無
059,南華大學,059202,外國語文學系應用英語組,招生,--,無,備8
059,南華大學,059202,外國語文學系應用英語組,原住民,--,無,無
059,南華大學,059212,外國語文學系英日組,招生,--,無,備3
059,南華大學,059212,外國語文學系英日組,原住民,--,無,無
059,南華大學,059222,社會工作學系,招生,--,無,備9
059,南華大學,059222,社會工作學系,原住民,--,無,無
059,南華大學,059232,社會工作學系長期照顧管理組,招生,--,無,備6
059,南華大學,059232,社會工作學系長期照顧管理組,原住民,--,無,無
059,南華大學,059242,社會工作學系家庭社會工作組,招生,--,無,備5
059,南華大學,059242,社會工作學系家庭社會工作組,原住民,--,無,正取
059,南華大學,059252,社會工作學系兒少社會工作組,招生,--,無,備2
059,南華大學,059262,社會工作學系醫務社會工作組,招生,--,無,備1
059,南華大學,059262,社會工作學系醫務社會工作組,原住民,--,無,無
059,南華大學,059272,傳播學系廣告公關新聞組,招生,--,無,備1
059,南華大學,059272,傳播學系廣告公關新聞組,原住民,--,無,無
059,南華大學,059282,傳播學系數位影音製作組,招生,--,無,備14
059,南華大學,059282,傳播學系數位影音製作組,原住民,--,無,無
059,南華大學,059292,傳播學系影劇表演藝術組,招生,--,無,備4
059,南華大學,059292,傳播學系影劇表演藝術組,原住民,--,無,無
059,南華大學,059302,國際事務與企業學系,招生,--,無,備1
059,南華大學,059302,國際事務與企業學系,原住民,--,無,無
059,南華大學,059312,國際事務與企業學系國際政經與貿易組,招生,--,無,正取
059,南華大學,059312,國際事務與企業學系國際政經與貿易組,原住民,--,無,無
059,南華大學,059322,國際事務與企業學系公共事務與管理組,招生,--,無,備2
059,南華大學,059322,國際事務與企業學系公共事務與管理組,原住民,--,無,無
059,南華大學,059332,視覺藝術與設計學系繪畫文創組,招生,--,無,備2
059,南華大學,059332,視覺藝術與設計學系繪畫文創組,原住民,--,無,無
059,南華大學,059342,視覺藝術與設計學系數位設計組,招生,--,無,正取
059,南華大學,059342,視覺藝術與設計學系數位設計組,原住民,--,無,無
059,南華大學,059352,音樂跨域設計與藝術管理學士學位學程展演創作組,招生,--,無,備1
059,南華大學,059352,音樂跨域設計與藝術管理學士學位學程展演創作組,原住民,--,無,無
059,南華大學,059362,音樂跨域設計與藝術管理學士學位學程藝術管理組,招生,--,無,正取
059,南華大學,059372,建築學系,招生,--,無,備1
059,南華大學,059372,建築學系,原住民,--,無,正取
059,南華大學,059382,建築學系社會組,招生,--,無,備2
059,南華大學,059382,建築學系社會組,原住民,--,無,無
059,南華大學,059392,建築學系自然組,招生,--,無,備8
059,南華大學,059392,建築學系自然組,原住民,--,無,無
059,南華大學,059402,產品與室內設計學系,招生,--,無,備1
059,南華大學,059402,產品與室內設計學系,原住民,--,無,無
059,南華大學,059412,產品與室內設計學系(青年儲蓄帳戶組),招生,--,無,無
059,南華大學,059422,資訊工程學系,招生,--,無,備21
059,南華大學,059422,資訊工程學系,原住民,--,無,無
059,南華大學,059432,資訊工程學系人工智慧科技組,招生,--,無,備10
059,南華大學,059432,資訊工程學系人工智慧科技組,原住民,--,無,無
059,南華大學,059442,資訊工程學系資訊電子組,招生,--,無,備15
059,南華大學,059442,資訊工程學系資訊電子組,原住民,--,無,無
059,南華大學,059452,資訊工程學系互動遊戲設計組,招生,--,無,備8
059,南華大學,059452,資訊工程學系互動遊戲設計組,原住民,--,無,無
059,南華大學,059462,自然生物科技學系,招生,--,無,備9
059,南華大學,059462,自然生物科技學系,原住民,--,無,無
059,南華大學,059472,自然生物科技學系生技療癒組,招生,--,無,備2
059,南華大學,059472,自然生物科技學系生技療癒組,原住民,--,無,無
059,南華大學,059482,自然生物科技學系食品生技組,招生,--,無,備12
059,南華大學,059482,自然生物科技學系食品生技組,原住民,--,無,無
059,南華大學,059492,資訊管理學系,招生,--,無,備4
059,南華大學,059492,資訊管理學系,原住民,--,無,無
059,南華大學,059502,資訊管理學系人工智慧應用組,招生,--,無,備2
059,南華大學,059502,資訊管理學系人工智慧應用組,原住民,--,無,無
059,南華大學,059512,資訊管理學系大數據分析組,招生,--,無,正取
059,南華大學,059512,資訊管理學系大數據分析組,原住民,--,無,無
059,南華大學,059522,半導體應用學士學位學程IC設計組,招生,--,無,正取
059,南華大學,059522,半導體應用學士學位學程IC設計組,原住民,--,無,無
059,南華大學,059532,半導體應用學士學位學程IC製程組,招生,--,無,備1
059,南華大學,059532,半導體應用學士學位學程IC製程組,原住民,--,無,無
059,南華大學,059542,半導體應用學士學位學程封裝與材料組,招生,--,無,備5
059,南華大學,059542,半導體應用學士學位學程封裝與材料組,原住民,--,無,無
060,國立臺灣體育運動大學,060012,體育學系(一般組),招生,--,無,備30
060,國立臺灣體育運動大學,060012,體育學系(一般組),原住民,--,無,備8
060,國立臺灣體育運動大學,060022,體育學系(青年儲蓄帳戶組),招生,--,無,無
060,國立臺灣體育運動大學,060032,休閒運動學系,招生,--,無,備10
060,國立臺灣體育運動大學,060032,休閒運動學系,原住民,--,無,正取
060,國立臺灣體育運動大學,060042,運動事業管理學系,招生,--,無,備17
060,國立臺灣體育運動大學,060042,運動事業管理學系,原住民,--,無,正取
060,國立臺灣體育運動大學,060052,運動健康科學學系,招生,--,無,備34
060,國立臺灣體育運動大學,060052,運動健康科學學系,原住民,--,無,正取
060,國立臺灣體育運動大學,060062,運動資訊與傳播學系,招生,--,無,備9
060,國立臺灣體育運動大學,060062,運動資訊與傳播學系,原住民,--,無,正取
060,國立臺灣體育運動大學,060072,體育學系(運動專長組),招生,籃球,無,正取
060,國立臺灣體育運動大學,060072,體育學系(運動專長組),招生,排球,無,備2
060,國立臺灣體育運動大學,060072,體育學系(運動專長組),招生,足球,無,備1
060,國立臺灣體育運動大學,060072,體育學系(運動專長組),招生,體操,無,正取
060,國立臺灣體育運動大學,060072,體育學系(運動專長組),招生,滾球,無,正取
060,國立臺灣體育運動大學,060072,體育學系(運動專長組),招生,國術與龍獅運動,無,正取
063,國立臺南藝術大學,063012,藝術史與文化資產學系,招生,--,無,備10
063,國立臺南藝術大學,063012,藝術史與文化資產學系,原住民,--,無,無
063,國立臺南藝術大學,063022,應用音樂學系,招生,--,無,備10
063,國立臺南藝術大學,063022,應用音樂學系,原住民,--,無,無
063,國立臺南藝術大學,063032,材質創作與設計系,招生,--,無,備35
063,國立臺南藝術大學,063032,材質創作與設計系,原住民,--,無,備2
063,國立臺南藝術大學,063042,材質創作與設計系(青年儲蓄帳戶組),招生,--,無,無
065,玄奘大學,065012,社會工作學系,招生,--,無,正取
065,玄奘大學,065012,社會工作學系,原住民,--,無,正取
065,玄奘大學,065022,應用心理學系,招生,--,無,備14
065,玄奘大學,065022,應用心理學系,原住民,--,無,無
065,玄奘大學,065032,法律學系,招生,--,無,備2
065,玄奘大學,065032,法律學系,原住民,--,無,無
065,玄奘大學,065042,大眾傳播學系,招生,--,無,正取
065,玄奘大學,065042,大眾傳播學系,原住民,--,無,無
065,玄奘大學,065052,應用日語學系,招生,--,無,備6
065,玄奘大學,065052,應用日語學系,原住民,--,無,無
065,玄奘大學,065062,餐旅管理學系,招生,--,無,正取
065,玄奘大學,065072,視覺傳達設計學系,招生,--,無,備8
065,玄奘大學,065072,視覺傳達設計學系,原住民,--,無,無
065,玄奘大學,065082,藝術與創意設計學系,招生,--,無,備11
065,玄奘大學,065082,藝術與創意設計學系,原住民,--,無,無
079,真理大學,079012,人文與資訊學系,招生,--,無,備3
079,真理大學,079022,宗教文化與資訊管理學系,招生,--,無,正取
079,真理大學,079022,宗教文化與資訊管理學系,原住民,--,無,無
079,真理大學,079032,宗教文化與資訊管理學系生命關懷組,招生,--,無,備1
079,真理大學,079042,宗教文化與資訊管理學系資訊與文創組,招生,--,無,正取
079,真理大學,079052,應用日語學系,招生,--,無,備8
079,真理大學,079052,應用日語學系,原住民,--,無,正取
079,真理大學,079062,應用日語學系(青年儲蓄帳戶組),招生,--,無,無
079,真理大學,079072,資訊工程學系人工智慧應用組,招生,--,無,備7
079,真理大學,079072,資訊工程學系人工智慧應用組,原住民,--,無,無
079,真理大學,079082,資訊工程學系多媒體遊戲設計組,招生,--,無,備10
079,真理大學,079092,資訊工程學系(APCS組),招生,--,無,無
079,真理大學,079102,資訊工程學系(青年儲蓄帳戶組),招生,--,無,無
079,真理大學,079112,法律學系財經科技法律組,招生,--,無,正取
079,真理大學,079122,法律學系法律應用實務組,招生,--,無,備4
079,真理大學,079122,法律學系法律應用實務組,原住民,--,無,備2
079,真理大學,079132,財務金融學系,招生,--,無,備22
079,真理大學,079132,財務金融學系,原住民,--,無,無
079,真理大學,079142,財務金融學系(青年儲蓄帳戶組),招生,--,無,無
079,真理大學,079152,國際經營與貿易學系,招生,--,無,備5
079,真理大學,079152,國際經營與貿易學系,原住民,--,無,無
079,真理大學,079162,國際經營與貿易學系(青年儲蓄帳戶組),招生,--,無,無
079,真理大學,079172,經濟學系,招生,--,無,備8
079,真理大學,079172,經濟學系,原住民,--,無,無
079,真理大學,079182,企業管理學系,招生,--,無,備6
079,真理大學,079182,企業管理學系,原住民,--,無,無
079,真理大學,079192,運動管理學系,招生,--,無,備5
079,真理大學,079192,運動管理學系,原住民,--,無,備1
079,真理大學,079202,運動資訊傳播學系,招生,--,無,正取
079,真理大學,079202,運動資訊傳播學系,原住民,--,無,正取
079,真理大學,079212,運動資訊傳播學系(青年儲蓄帳戶組),招生,--,無,無
079,真理大學,079222,觀光事業學系,招生,--,無,備9
079,真理大學,079222,觀光事業學系,原住民,--,無,無
079,真理大學,079232,航空事業學系,招生,--,無,備4
079,真理大學,079242,音樂應用學系-跨域應用組,招生,--,無,正取
079,真理大學,079242,音樂應用學系-跨域應用組,原住民,--,無,無
079,真理大學,079252,音樂應用學系-音樂表演組,招生,--,無,備1
099,國立臺北大學,099012,法律學系法學組,招生,--,無,備10
099,國立臺北大學,099012,法律學系法學組,原住民,--,無,正取
099,國立臺北大學,099022,法律學系法學組(飛鳶組),招生,--,無,備1
099,國立臺北大學,099032,法律學系司法組,招生,--,無,備33
099,國立臺北大學,099032,法律學系司法組,原住民,--,無,備4
099,國立臺北大學,099032,法律學系司法組,離島(金門縣),--,無,備2
099,國立臺北大學,099042,法律學系司法組(飛鳶組),招生,--,無,無
099,國立臺北大學,099052,法律學系財經法組,招生,--,無,備17
099,國立臺北大學,099052,法律學系財經法組,原住民,--,無,正取
099,國立臺北大學,099062,法律學系財經法組(飛鳶組),招生,--,無,備1
099,國立臺北大學,099072,企業管理學系,招生,--,無,備99
099,國立臺北大學,099072,企業管理學系,原住民,--,無,正取
099,國立臺北大學,099072,企業管理學系,離島(金門縣),--,無,正取
099,國立臺北大學,099082,企業管理學系(飛鳶組),招生,--,無,無
099,國立臺北大學,099092,金融與合作經營學系,招生,--,無,備58
099,國立臺北大學,099092,金融與合作經營學系,原住民,--,無,正取
099,國立臺北大學,099092,金融與合作經營學系,離島(金門縣),--,無,備4
099,國立臺北大學,099102,金融與合作經營學系(飛鳶組),招生,--,無,無
099,國立臺北大學,099112,會計學系,招生,--,無,備55
099,國立臺北大學,099112,會計學系,原住民,--,無,正取
099,國立臺北大學,099112,會計學系,離島(澎湖縣),--,無,備1
099,國立臺北大學,099122,會計學系(飛鳶組),招生,--,無,無
099,國立臺北大學,099132,統計學系,招生,--,無,備54
099,國立臺北大學,099132,統計學系,原住民,--,無,無
099,國立臺北大學,099142,統計學系(飛鳶組),招生,--,無,無
099,國立臺北大學,099152,休閒運動管理學系,招生,--,無,備19
099,國立臺北大學,099152,休閒運動管理學系,原住民,--,無,正取
099,國立臺北大學,099162,休閒運動管理學系(飛鳶組),招生,--,無,無
099,國立臺北大學,099172,公共行政暨政策學系,招生,--,無,備41
099,國立臺北大學,099172,公共行政暨政策學系,原住民,--,無,備6
099,國立臺北大學,099182,公共行政暨政策學系(飛鳶組),招生,--,無,備2
099,國立臺北大學,099192,財政學系,招生,--,無,備30
099,國立臺北大學,099192,財政學系,原住民,--,無,正取
099,國立臺北大學,099202,財政學系(飛鳶組),招生,--,無,無
099,國立臺北大學,099212,不動產與城鄉環境學系甲組,招生,--,無,備37
099,國立臺北大學,099212,不動產與城鄉環境學系甲組,原住民,--,無,無
099,國立臺北大學,099222,不動產與城鄉環境學系乙組,招生,--,無,備21
099,國立臺北大學,099222,不動產與城鄉環境學系乙組,原住民,--,無,正取
099,國立臺北大學,099232,不動產與城鄉環境學系(飛鳶組),招生,--,無,正取
099,國立臺北大學,099242,經濟學系,招生,--,無,備70
099,國立臺北大學,099242,經濟學系,原住民,--,無,備5
099,國立臺北大學,099252,經濟學系(飛鳶組),招生,--,無,無
099,國立臺北大學,099262,社會學系,招生,--,無,備29
099,國立臺北大學,099262,社會學系,原住民,--,無,備1
099,國立臺北大學,099272,社會學系(飛鳶組),招生,--,無,備1
099,國立臺北大學,099282,社會工作學系,招生,--,無,備9
099,國立臺北大學,099282,社會工作學系,原住民,--,無,備4
099,國立臺北大學,099282,社會工作學系,離島(金門縣),--,無,正取
099,國立臺北大學,099292,社會工作學系(飛鳶組),招生,--,無,無
099,國立臺北大學,099302,中國文學系,招生,--,無,備8
099,國立臺北大學,099302,中國文學系,原住民,--,無,正取
099,國立臺北大學,099312,中國文學系(飛鳶組),招生,--,無,無
099,國立臺北大學,099322,應用外語學系,招生,--,無,備15
099,國立臺北大學,099322,應用外語學系,原住民,--,無,正取
099,國立臺北大學,099332,應用外語學系(飛鳶組),招生,--,無,正取
099,國立臺北大學,099342,歷史學系,招生,--,無,備7
099,國立臺北大學,099342,歷史學系,原住民,--,無,正取
099,國立臺北大學,099342,歷史學系,離島(金門縣),--,無,正取
099,國立臺北大學,099352,歷史學系(飛鳶組),招生,--,無,備1
099,國立臺北大學,099362,資訊工程學系,招生,--,無,備50
099,國立臺北大學,099362,資訊工程學系,原住民,--,無,無
099,國立臺北大學,099372,資訊工程學系(APCS組),招生,--,無,備2
099,國立臺北大學,099382,資訊工程學系(飛鳶組),招生,--,無,備1
099,國立臺北大學,099392,通訊工程學系,招生,--,無,備57
099,國立臺北大學,099392,通訊工程學系,原住民,--,無,無
099,國立臺北大學,099402,通訊工程學系(飛鳶組),招生,--,無,無
099,國立臺北大學,099412,電機工程學系,招生,--,無,備53
099,國立臺北大學,099412,電機工程學系,原住民,--,無,備1
099,國立臺北大學,099422,電機工程學系(飛鳶組),招生,--,無,無
100,國立嘉義大學,100012,教育學系,招生,--,無,備18
100,國立嘉義大學,100012,教育學系,原住民,--,無,備1
100,國立嘉義大學,100022,教育學系(公費生A組),招生,--,無,正取
100,國立嘉義大學,100032,教育學系(公費生B組),招生,--,無,正取
100,國立嘉義大學,100042,輔導與諮商學系,招生,--,無,備22
100,國立嘉義大學,100042,輔導與諮商學系,原住民,--,無,備2
100,國立嘉義大學,100052,特殊教育學系,招生,--,無,備16
100,國立嘉義大學,100062,幼兒教育學系,招生,--,無,備29
100,國立嘉義大學,100062,幼兒教育學系,原住民,--,無,正取
100,國立嘉義大學,100072,數位學習設計與管理學系,招生,--,無,備27
100,國立嘉義大學,100072,數位學習設計與管理學系,原住民,--,無,無
100,國立嘉義大學,100082,中國文學系,招生,--,無,備23
100,國立嘉義大學,100082,中國文學系,原住民,--,無,無
100,國立嘉義大學,100092,應用歷史學系,招生,--,無,備31
100,國立嘉義大學,100102,外國語言學系英語教學組,招生,--,無,備35
100,國立嘉義大學,100102,外國語言學系英語教學組,願景計畫,--,無,無
100,國立嘉義大學,100112,外國語言學系應用外語組,招生,--,無,備27
100,國立嘉義大學,100112,外國語言學系應用外語組,願景計畫,--,無,無
100,國立嘉義大學,100122,企業管理學系,招生,--,無,備6
100,國立嘉義大學,100122,企業管理學系,原住民,--,無,備2
100,國立嘉義大學,100122,企業管理學系,願景計畫,--,無,正取
100,國立嘉義大學,100132,應用經濟學系,招生,--,無,備13
100,國立嘉義大學,100132,應用經濟學系,原住民,--,無,正取
100,國立嘉義大學,100142,科技管理學系,招生,--,無,備49
100,國立嘉義大學,100142,科技管理學系,原住民,--,無,無
100,國立嘉義大學,100142,科技管理學系,願景計畫,--,無,正取
100,國立嘉義大學,100152,資訊管理學系,招生,--,無,備30
100,國立嘉義大學,100152,資訊管理學系,原住民,--,無,正取
100,國立嘉義大學,100152,資訊管理學系,願景計畫,--,無,正取
100,國立嘉義大學,100162,資訊管理學系(資安組),招生,--,無,無
100,國立嘉義大學,100172,行銷與觀光管理學系,招生,--,無,備27
100,國立嘉義大學,100172,行銷與觀光管理學系,原住民,--,無,無
100,國立嘉義大學,100182,行銷與觀光管理學系(青年儲蓄帳戶組),招生,--,無,無
100,國立嘉義大學,100192,財務金融學系,招生,--,無,備28
100,國立嘉義大學,100192,財務金融學系,原住民,--,無,備1
100,國立嘉義大學,100192,財務金融學系,願景計畫,--,無,備4
100,國立嘉義大學,100202,財務金融學系(青年儲蓄帳戶組),招生,--,無,無
100,國立嘉義大學,100212,農藝學系,招生,--,無,備30
100,國立嘉義大學,100212,農藝學系,原住民,--,無,無
100,國立嘉義大學,100212,農藝學系,願景計畫,--,無,無
100,國立嘉義大學,100222,園藝學系,招生,--,無,備23
100,國立嘉義大學,100222,園藝學系,原住民,--,無,無
100,國立嘉義大學,100222,園藝學系,願景計畫,--,無,無
100,國立嘉義大學,100232,森林暨自然資源學系,招生,--,無,備26
100,國立嘉義大學,100232,森林暨自然資源學系,原住民,--,無,備2
100,國立嘉義大學,100242,木質材料與設計學系,招生,--,無,備24
100,國立嘉義大學,100242,木質材料與設計學系,原住民,--,無,無
100,國立嘉義大學,100252,動物科學系,招生,--,無,備22
100,國立嘉義大學,100252,動物科學系,原住民,--,無,備2
100,國立嘉義大學,100262,農業生物科技學系,招生,--,無,備20
100,國立嘉義大學,100262,農業生物科技學系,原住民,--,無,備2
100,國立嘉義大學,100262,農業生物科技學系,願景計畫,--,無,備2
100,國立嘉義大學,100272,景觀學系,招生,--,無,備17
100,國立嘉義大學,100272,景觀學系,原住民,--,無,正取
100,國立嘉義大學,100282,植物醫學系,招生,--,無,備18
100,國立嘉義大學,100282,植物醫學系,原住民,--,無,無
100,國立嘉義大學,100292,電子物理學系,招生,--,無,備31
100,國立嘉義大學,100292,電子物理學系,原住民,--,無,無
100,國立嘉義大學,100302,應用化學系,招生,--,無,備16
100,國立嘉義大學,100302,應用化學系,願景計畫,--,無,無
100,國立嘉義大學,100312,應用數學系,招生,--,無,備23
100,國立嘉義大學,100312,應用數學系,原住民,--,無,無
100,國立嘉義大學,100322,資訊工程學系,招生,--,無,備22
100,國立嘉義大學,100322,資訊工程學系,願景計畫,--,無,無
100,國立嘉義大學,100332,資訊工程學系(APCS組),招生,--,無,備7
100,國立嘉義大學,100342,生物機電工程學系,招生,--,無,備33
100,國立嘉義大學,100342,生物機電工程學系,原住民,--,無,無
100,國立嘉義大學,100342,生物機電工程學系,願景計畫,--,無,無
100,國立嘉義大學,100352,生物機電工程學系(青年儲蓄帳戶組),招生,--,無,無
100,國立嘉義大學,100362,土木與水資源工程學系,招生,--,無,備36
100,國立嘉義大學,100372,電機工程學系,招生,--,無,備24
100,國立嘉義大學,100372,電機工程學系,原住民,--,無,無
100,國立嘉義大學,100372,電機工程學系,願景計畫,--,無,正取
100,國立嘉義大學,100382,機械與能源工程學系,招生,--,無,備27
100,國立嘉義大學,100382,機械與能源工程學系,原住民,--,無,無
100,國立嘉義大學,100382,機械與能源工程學系,願景計畫,--,無,正取
100,國立嘉義大學,100392,食品科學系,招生,--,無,備32
100,國立嘉義大學,100392,食品科學系,原住民,--,無,無
100,國立嘉義大學,100392,食品科學系,願景計畫,--,無,無
100,國立嘉義大學,100402,水生生物科學系,招生,--,無,備28
100,國立嘉義大學,100402,水生生物科學系,原住民,--,無,無
100,國立嘉義大學,100402,水生生物科學系,願景計畫,--,無,無
100,國立嘉義大學,100412,生物資源學系,招生,--,無,備34
100,國立嘉義大學,100412,生物資源學系,原住民,--,無,無
100,國立嘉義大學,100412,生物資源學系,願景計畫,--,無,無
100,國立嘉義大學,100422,生化科技學系,招生,--,無,備22
100,國立嘉義大學,100422,生化科技學系,原住民,--,無,正取
100,國立嘉義大學,100422,生化科技學系,願景計畫,--,無,無
100,國立嘉義大學,100432,微生物免疫與生物藥學系,招生,--,無,備16
100,國立嘉義大學,100432,微生物免疫與生物藥學系,原住民,--,無,無
100,國立嘉義大學,100432,微生物免疫與生物藥學系,願景計畫,--,無,正取
100,國立嘉義大學,100442,獸醫學系,招生,--,無,備19
100,國立嘉義大學,100442,獸醫學系,原住民,--,無,備2
100,國立嘉義大學,100442,獸醫學系,離島(金門縣),--,無,正取
100,國立嘉義大學,100452,音樂學系(A組),招生,鋼琴,無,備12
100,國立嘉義大學,100452,音樂學系(A組),招生,聲樂,無,無
100,國立嘉義大學,100452,音樂學系(A組),招生,小提琴,無,備11
100,國立嘉義大學,100452,音樂學系(A組),招生,中提琴,無,無
100,國立嘉義大學,100452,音樂學系(A組),招生,大提琴,無,正取
100,國立嘉義大學,100452,音樂學系(A組),招生,長號,無,備1
100,國立嘉義大學,100452,音樂學系(A組),招生,小號,無,無
100,國立嘉義大學,100452,音樂學系(A組),招生,法國號,無,正取
100,國立嘉義大學,100452,音樂學系(A組),招生,薩克斯管,無,無
100,國立嘉義大學,100452,音樂學系(A組),招生,長笛,無,備1
100,國立嘉義大學,100452,音樂學系(A組),招生,單簧管(豎笛),無,無
100,國立嘉義大學,100452,音樂學系(A組),招生,雙簧管,無,無
100,國立嘉義大學,100452,音樂學系(A組),招生,擊樂,無,無
100,國立嘉義大學,100452,音樂學系(A組),招生,理論作曲,無,無
100,國立嘉義大學,100452,音樂學系(A組),原住民,--,無,正取
100,國立嘉義大學,100462,音樂學系(B組),招生,--,無,備8
100,國立嘉義大學,100472,視覺藝術學系,招生,--,無,備19
100,國立嘉義大學,100472,視覺藝術學系,原住民,--,無,正取
100,國立嘉義大學,100482,視覺藝術學系(青年儲蓄帳戶組),招生,--,無,無
100,國立嘉義大學,100492,體育與健康休閒學系,招生,--,無,備24
100,國立嘉義大學,100492,體育與健康休閒學系,原住民,--,無,無
101,國立高雄大學,101012,西洋語文學系,招生,--,無,備21
101,國立高雄大學,101012,西洋語文學系,原住民,--,無,正取
101,國立高雄大學,101012,西洋語文學系,願景計畫,--,無,備1
101,國立高雄大學,101022,運動健康與休閒學系,招生,--,無,備23
101,國立高雄大學,101022,運動健康與休閒學系,原住民,--,無,備1
101,國立高雄大學,101022,運動健康與休閒學系,離島(澎湖縣),--,無,備1
101,國立高雄大學,101032,東亞語文學系日語組,招生,--,無,備8
101,國立高雄大學,101042,東亞語文學系韓語組,招生,--,無,備7
101,國立高雄大學,101052,東亞語文學系越語組,招生,--,無,備1
101,國立高雄大學,101062,法律學系,招生,--,無,備16
101,國立高雄大學,101072,政治法律學系,招生,--,無,備18
101,國立高雄大學,101072,政治法律學系,原住民,--,無,備2
101,國立高雄大學,101082,財經法律學系,招生,--,無,備12
101,國立高雄大學,101082,財經法律學系,原住民,--,無,正取
101,國立高雄大學,101092,應用經濟學系,招生,--,無,備20
101,國立高雄大學,101092,應用經濟學系,原住民,--,無,無
101,國立高雄大學,101102,亞太工商管理學系企業管理組,招生,--,無,備8
101,國立高雄大學,101102,亞太工商管理學系企業管理組,原住民,--,無,備2
101,國立高雄大學,101112,亞太工商管理學系工業管理組,招生,--,無,備14
101,國立高雄大學,101112,亞太工商管理學系工業管理組,原住民,--,無,無
101,國立高雄大學,101122,資訊管理學系,招生,--,無,備2
101,國立高雄大學,101122,資訊管理學系,願景計畫,--,無,正取
101,國立高雄大學,101132,資訊管理學系(資安組),招生,--,無,無
101,國立高雄大學,101142,財務金融學系,招生,--,無,備17
101,國立高雄大學,101142,財務金融學系,原住民,--,無,正取
101,國立高雄大學,101142,財務金融學系,離島(金門縣),--,無,備3
101,國立高雄大學,101142,財務金融學系,願景計畫,--,無,正取
101,國立高雄大學,101152,應用數學系,招生,--,無,備37
101,國立高雄大學,101152,應用數學系,原住民,--,無,正取
101,國立高雄大學,101162,應用化學系,招生,--,無,備24
101,國立高雄大學,101162,應用化學系,願景計畫,--,無,正取
101,國立高雄大學,101172,應用物理學系,招生,--,無,備30
101,國立高雄大學,101172,應用物理學系,原住民,--,無,無
101,國立高雄大學,101172,應用物理學系,願景計畫,--,無,無
101,國立高雄大學,101182,生命科學系,招生,--,無,備25
101,國立高雄大學,101182,生命科學系,原住民,--,無,無
101,國立高雄大學,101182,生命科學系,願景計畫,--,無,正取
101,國立高雄大學,101192,電機工程學系,招生,--,無,備76
101,國立高雄大學,101192,電機工程學系,原住民,--,無,正取
101,國立高雄大學,101192,電機工程學系,願景計畫,--,無,正取
101,國立高雄大學,101202,電機工程學系(青年儲蓄帳戶組),招生,--,無,無
101,國立高雄大學,101212,土木與環境工程學系土木工程組,招生,--,無,備13
101,國立高雄大學,101212,土木與環境工程學系土木工程組,離島(澎湖縣),--,無,備1
101,國立高雄大學,101212,土木與環境工程學系土木工程組,願景計畫,--,無,備2
101,國立高雄大學,101222,土木與環境工程學系環境工程組,招生,--,無,備19
101,國立高雄大學,101222,土木與環境工程學系環境工程組,原住民,--,無,正取
101,國立高雄大學,101222,土木與環境工程學系環境工程組,願景計畫,--,無,無
101,國立高雄大學,101232,化學工程及材料工程學系,招生,--,無,備21
101,國立高雄大學,101232,化學工程及材料工程學系,原住民,--,無,正取
101,國立高雄大學,101232,化學工程及材料工程學系,願景計畫,--,無,正取
101,國立高雄大學,101242,資訊工程學系,招生,--,無,備27
101,國立高雄大學,101252,資訊工程學系(資安組),招生,--,無,備2
101,國立高雄大學,101262,建築學系,招生,--,無,備15
101,國立高雄大學,101262,建築學系,原住民,--,無,無
101,國立高雄大學,101262,建築學系,願景計畫,--,無,無
101,國立高雄大學,101272,工藝與創意設計學系,招生,--,無,備20
101,國立高雄大學,101272,工藝與創意設計學系,原住民,--,無,備2
108,慈濟大學,108012,醫學系,招生,--,無,備20
108,慈濟大學,108022,醫學系(公費生),招生,--,無,備5
108,慈濟大學,108032,藥學系,招生,--,無,無
108,慈濟大學,108032,藥學系,原住民,--,無,備6
108,慈濟大學,108042,醫學檢驗生物技術學系,招生,--,無,備50
108,慈濟大學,108042,醫學檢驗生物技術學系,原住民,--,無,備1
108,慈濟大學,108052,物理治療學系,招生,--,無,備19
108,慈濟大學,108052,物理治療學系,原住民,--,無,正取
108,慈濟大學,108062,公共衛生學系,招生,--,無,備22
108,慈濟大學,108062,公共衛生學系,原住民,--,無,無
108,慈濟大學,108072,分子生物暨人類遺傳學系,招生,--,無,備20
108,慈濟大學,108072,分子生物暨人類遺傳學系,原住民,--,無,無
108,慈濟大學,108082,醫學影像暨放射科學系,招生,--,無,備21
108,慈濟大學,108082,醫學影像暨放射科學系,原住民,--,無,無
108,慈濟大學,108092,護理學系,招生,--,無,備64
108,慈濟大學,108092,護理學系,原住民,--,無,無
108,慈濟大學,108102,資訊工程學系,招生,--,無,備7
108,慈濟大學,108102,資訊工程學系,原住民,--,無,無
108,慈濟大學,108112,生物醫學暨工程學系,招生,--,無,備24
108,慈濟大學,108112,生物醫學暨工程學系,原住民,--,無,無
108,慈濟大學,108122,傳播學系,招生,--,無,備8
108,慈濟大學,108122,傳播學系,原住民,--,無,無
108,慈濟大學,108132,兒童發展與家庭教育學系,招生,--,無,備12
108,慈濟大學,108132,兒童發展與家庭教育學系,原住民,--,無,備2
108,慈濟大學,108142,社會工作學系,招生,--,無,備6
108,慈濟大學,108142,社會工作學系,原住民,--,無,備2
108,慈濟大學,108152,人類發展與心理學系,招生,--,無,備23
108,慈濟大學,108152,人類發展與心理學系,原住民,--,無,備1
108,慈濟大學,108162,外語暨新興科技應用學系,招生,--,無,備1
108,慈濟大學,108162,外語暨新興科技應用學系,原住民,--,無,無
108,慈濟大學,108172,資訊科技與管理學系,招生,--,無,備4
108,慈濟大學,108172,資訊科技與管理學系,原住民,--,無,無
108,慈濟大學,108182,醫務暨健康管理學系,招生,--,無,備20
108,慈濟大學,108182,醫務暨健康管理學系,原住民,--,無,無
108,慈濟大學,108192,經營管理學系,招生,--,無,備8
108,慈濟大學,108192,經營管理學系,原住民,--,無,無
108,慈濟大學,108202,翔飛A組(醫技系、物治系),招生,--,無,正取
108,慈濟大學,108212,翔飛B組(藥學系),招生,--,無,正取
108,慈濟大學,108222,翔飛C組(護理學系),招生,--,無,無
108,慈濟大學,108232,資訊工程學系(APCS組),招生,--,無,正取
109,臺北醫學大學,109012,醫學系,招生,--,無,備192
109,臺北醫學大學,109012,醫學系,原住民,--,無,正取
109,臺北醫學大學,109022,牙醫學系,招生,--,無,備48
109,臺北醫學大學,109022,牙醫學系,離島(澎湖縣),--,無,正取
109,臺北醫學大學,109022,牙醫學系,離島(金門縣),--,無,備5
109,臺北醫學大學,109022,牙醫學系,離島(連江縣),--,無,正取
109,臺北醫學大學,109032,藥學系藥學組,招生,--,無,備108
109,臺北醫學大學,109032,藥學系藥學組,原住民,--,無,備6
109,臺北醫學大學,109032,藥學系藥學組,離島(澎湖縣),--,無,正取
109,臺北醫學大學,109032,藥學系藥學組,離島(金門縣),--,無,備2
109,臺北醫學大學,109042,藥學系藥學組(英語組),招生,--,無,備55
109,臺北醫學大學,109052,藥學系臨床藥學組,招生,--,無,備109
109,臺北醫學大學,109052,藥學系臨床藥學組,離島(澎湖縣),--,無,備3
109,臺北醫學大學,109052,藥學系臨床藥學組,離島(金門縣),--,無,正取
109,臺北醫學大學,109062,醫學檢驗暨生物技術學系,招生,--,無,備51
109,臺北醫學大學,109062,醫學檢驗暨生物技術學系,原住民,--,無,備3
109,臺北醫學大學,109062,醫學檢驗暨生物技術學系,離島(澎湖縣),--,無,正取
109,臺北醫學大學,109072,護理學系,招生,--,無,備36
109,臺北醫學大學,109082,保健營養學系,招生,--,無,備48
109,臺北醫學大學,109092,公共衛生學系,招生,--,無,備22
109,臺北醫學大學,109092,公共衛生學系,原住民,--,無,無
109,臺北醫學大學,109102,醫務管理學系,招生,--,無,備33
109,臺北醫學大學,109102,醫務管理學系,原住民,--,無,正取
109,臺北醫學大學,109112,呼吸治療學系,招生,--,無,備31
109,臺北醫學大學,109122,高齡健康暨長期照護學系,招生,--,無,備50
109,臺北醫學大學,109122,高齡健康暨長期照護學系,原住民,--,無,無
109,臺北醫學大學,109132,牙體技術學系,招生,--,無,備22
109,臺北醫學大學,109142,口腔衛生學系,招生,--,無,備22
109,臺北醫學大學,109142,口腔衛生學系,原住民,--,無,備1
109,臺北醫學大學,109152,生物醫學工程學系,招生,--,無,備35
109,臺北醫學大學,109152,生物醫學工程學系,原住民,--,無,備3
109,臺北醫學大學,109162,食品安全學系,招生,--,無,備28
109,臺北醫學大學,109162,食品安全學系,原住民,--,無,無
109,臺北醫學大學,109172,醫學系（展翅A組）,招生,--,無,正取
109,臺北醫學大學,109182,牙醫學系（展翅B組）,招生,--,無,正取
109,臺北醫學大學,109192,展翅C組,招生,--,無,備7
109,臺北醫學大學,109202,展翅D組,招生,--,無,備4
109,臺北醫學大學,109212,展翅E組,招生,--,無,備8
110,開南大學,110012,企業與創業管理學系,招生,--,無,正取
110,開南大學,110012,企業與創業管理學系,原住民,--,無,無
110,開南大學,110022,企業與創業管理學系(青年儲蓄帳戶組),招生,--,無,無
110,開南大學,110032,國際企業學系,招生,--,無,備1
110,開南大學,110032,國際企業學系,原住民,--,無,無
110,開南大學,110042,商學院國際榮譽學士學位學程,招生,--,無,無
110,開南大學,110042,商學院國際榮譽學士學位學程,原住民,--,無,無
110,開南大學,110052,國際物流與運輸管理學系,招生,--,無,正取
110,開南大學,110052,國際物流與運輸管理學系,原住民,--,無,無
110,開南大學,110062,空運管理學系,招生,--,無,備20
110,開南大學,110062,空運管理學系,原住民,--,無,正取
110,開南大學,110072,觀光與餐飲旅館學系,招生,--,無,正取
110,開南大學,110072,觀光與餐飲旅館學系,原住民,--,無,正取
110,開南大學,110082,休閒與運動管理學系,招生,--,無,正取
110,開南大學,110082,休閒與運動管理學系,原住民,--,無,無
110,開南大學,110092,資訊管理學系,招生,--,無,備4
110,開南大學,110092,資訊管理學系,原住民,--,無,無
110,開南大學,110102,資訊傳播學系,招生,--,無,備14
110,開南大學,110102,資訊傳播學系,原住民,--,無,無
110,開南大學,110112,電影與創意媒體學系,招生,--,無,備3
110,開南大學,110112,電影與創意媒體學系,原住民,--,無,無
110,開南大學,110122,法律學系,招生,--,無,備13
110,開南大學,110122,法律學系,原住民,--,無,無
110,開南大學,110132,應用日語學系,招生,--,無,備12
110,開南大學,110132,應用日語學系,原住民,--,無,正取
110,開南大學,110142,應用日語學系(青年儲蓄帳戶組),招生,--,無,無
110,開南大學,110152,應用英語學系,招生,--,無,備4
110,開南大學,110152,應用英語學系,原住民,--,無,無
110,開南大學,110162,應用英語學系(青年儲蓄帳戶組),招生,--,無,無
110,開南大學,110172,保健營養學系,招生,--,無,備2
110,開南大學,110172,保健營養學系,原住民,--,無,無
110,開南大學,110182,健康產業管理學系,招生,--,無,正取
110,開南大學,110182,健康產業管理學系,原住民,--,無,無
110,開南大學,110192,AI科技與創新設計學士學位學程,招生,--,無,正取
110,開南大學,110192,AI科技與創新設計學士學位學程,原住民,--,無,無
112,康寧大學,112012,嬰幼兒保育學系(台北校區),招生,--,無,備10
112,康寧大學,112012,嬰幼兒保育學系(台北校區),原住民,--,無,正取
112,康寧大學,112022,長期照護學系(台北校區),招生,--,無,正取
112,康寧大學,112022,長期照護學系(台北校區),原住民,--,無,正取
113,中信金融管理學院,113012,財務金融學系,招生,--,無,備5
113,中信金融管理學院,113012,財務金融學系,原住民,--,無,正取
113,中信金融管理學院,113022,財經法律學系,招生,--,無,備15
113,中信金融管理學院,113022,財經法律學系,原住民,--,無,無
113,中信金融管理學院,113032,企業管理學系,招生,--,無,備7
113,中信金融管理學院,113032,企業管理學系,原住民,--,無,無
113,中信金融管理學院,113042,金融管理學院學士班,招生,--,無,正取
113,中信金融管理學院,113042,金融管理學院學士班,原住民,--,無,無
113,中信金融管理學院,113052,科技金融學系,招生,--,無,備13
113,中信金融管理學院,113052,科技金融學系,原住民,--,無,無
113,中信金融管理學院,113062,運動產業管理學士學位學程,招生,--,無,正取
113,中信金融管理學院,113062,運動產業管理學士學位學程,原住民,--,無,無
113,中信金融管理學院,113072,財務金融學系(青年儲蓄帳戶組),招生,--,無,無
130,佛光大學,130012,建築環境設計學士學位學程(社會組),招生,--,無,備3
130,佛光大學,130012,建築環境設計學士學位學程(社會組),原住民,--,無,無
130,佛光大學,130022,建築環境設計學士學位學程(自然組),招生,--,無,正取
130,佛光大學,130022,建築環境設計學士學位學程(自然組),原住民,--,無,無
130,佛光大學,130032,傳播學系(數位媒體與智能創作組),招生,--,無,正取
130,佛光大學,130032,傳播學系(數位媒體與智能創作組),原住民,--,無,無
130,佛光大學,130042,傳播學系(廣告公關與精準行銷組),招生,--,無,備1
130,佛光大學,130042,傳播學系(廣告公關與精準行銷組),原住民,--,無,無
130,佛光大學,130052,傳播學系(流行音樂傳播與策展組),招生,--,無,正取
130,佛光大學,130052,傳播學系(流行音樂傳播與策展組),原住民,--,無,無
130,佛光大學,130062,資訊應用學系(資訊系統開發組),招生,--,無,備4
130,佛光大學,130062,資訊應用學系(資訊系統開發組),原住民,--,無,無
130,佛光大學,130072,資訊應用學系(動畫與視覺特效組),招生,--,無,備8
130,佛光大學,130072,資訊應用學系(動畫與視覺特效組),原住民,--,無,無
130,佛光大學,130082,資訊應用學系(數位遊戲開發組),招生,--,無,正取
130,佛光大學,130082,資訊應用學系(數位遊戲開發組),原住民,--,無,無
130,佛光大學,130092,人工智慧技術與應用學士學位學程,招生,--,無,正取
130,佛光大學,130092,人工智慧技術與應用學士學位學程,原住民,--,無,無
130,佛光大學,130102,語文學系(華語文創組),招生,--,無,正取
130,佛光大學,130112,語文學系(應用英日語組),招生,--,無,備1
130,佛光大學,130112,語文學系(應用英日語組),原住民,--,無,正取
130,佛光大學,130122,語文學系(應用英韓語組),招生,--,無,備1
130,佛光大學,130122,語文學系(應用英韓語組),原住民,--,無,正取
130,佛光大學,130132,歷史學系,招生,--,無,備4
130,佛光大學,130132,歷史學系,原住民,--,無,無
130,佛光大學,130142,社會工作學系(A組),招生,--,無,備1
130,佛光大學,130142,社會工作學系(A組),原住民,--,無,無
130,佛光大學,130152,社會工作學系(B組),招生,--,無,正取
130,佛光大學,130152,社會工作學系(B組),原住民,--,無,無
130,佛光大學,130162,心理學系,招生,--,無,備27
130,佛光大學,130162,心理學系,原住民,--,無,正取
130,佛光大學,130172,公共行政與國際事務學系,招生,--,無,備1
130,佛光大學,130172,公共行政與國際事務學系,原住民,--,無,正取
130,佛光大學,130182,運動與健康促進管理學士學位學程,招生,--,無,正取
130,佛光大學,130182,運動與健康促進管理學士學位學程,原住民,--,無,無
130,佛光大學,130192,應用經濟學系(財務金融組),招生,--,無,備1
130,佛光大學,130192,應用經濟學系(財務金融組),原住民,--,無,無
130,佛光大學,130202,應用經濟學系(國際商務組),招生,--,無,正取
130,佛光大學,130202,應用經濟學系(國際商務組),原住民,--,無,無
130,佛光大學,130212,產品與媒體設計學系（智慧產品設計組）,招生,--,無,正取
130,佛光大學,130212,產品與媒體設計學系（智慧產品設計組）,原住民,--,無,無
130,佛光大學,130222,產品與媒體設計學系（視覺媒體設計組）,招生,--,無,正取
130,佛光大學,130222,產品與媒體設計學系（視覺媒體設計組）,原住民,--,無,無
134,亞洲大學,134012,健康產業管理學系跨領域高齡智慧照顧組,招生,--,無,備16
134,亞洲大學,134012,健康產業管理學系跨領域高齡智慧照顧組,原住民,--,無,無
134,亞洲大學,134022,健康產業管理學系醫療機構管理組,招生,--,無,備32
134,亞洲大學,134022,健康產業管理學系醫療機構管理組,原住民,--,無,無
134,亞洲大學,134032,食品營養與保健生技學系食品營養組,招生,--,無,備9
134,亞洲大學,134032,食品營養與保健生技學系食品營養組,原住民,--,無,無
134,亞洲大學,134042,食品營養與保健生技學系藥用化粧品醫美組,招生,--,無,備31
134,亞洲大學,134042,食品營養與保健生技學系藥用化粧品醫美組,原住民,--,無,無
134,亞洲大學,134052,醫學檢驗暨生物技術學系醫事檢驗組,招生,--,無,備45
134,亞洲大學,134052,醫學檢驗暨生物技術學系醫事檢驗組,原住民,--,無,正取
134,亞洲大學,134062,醫學檢驗暨生物技術學系生物技術組,招生,--,無,備43
134,亞洲大學,134062,醫學檢驗暨生物技術學系生物技術組,原住民,--,無,無
134,亞洲大學,134072,心理學系心理師研修組,招生,--,無,備13
134,亞洲大學,134082,心理學系諮商與臨床心理組,招生,--,無,備48
134,亞洲大學,134082,心理學系諮商與臨床心理組,原住民,--,無,備3
134,亞洲大學,134092,心理學系工商與社會心理組,招生,--,無,備25
134,亞洲大學,134092,心理學系工商與社會心理組,原住民,--,無,正取
134,亞洲大學,134102,視光學系,招生,--,無,備84
134,亞洲大學,134102,視光學系,原住民,--,無,無
134,亞洲大學,134112,聽力暨語言治療學系,招生,--,無,備101
134,亞洲大學,134112,聽力暨語言治療學系,原住民,--,無,無
134,亞洲大學,134122,職能治療學系,招生,--,無,備19
134,亞洲大學,134122,職能治療學系,原住民,--,無,正取
134,亞洲大學,134132,物理治療學系,招生,--,無,備32
134,亞洲大學,134132,物理治療學系,原住民,--,無,備1
134,亞洲大學,134142,護理學系國際護理組,招生,--,無,備54
134,亞洲大學,134142,護理學系國際護理組,原住民,--,無,正取
134,亞洲大學,134152,護理學系智慧護理組,招生,--,無,備21
134,亞洲大學,134152,護理學系智慧護理組,原住民,--,無,正取
134,亞洲大學,134162,護理學系臨床照護組,招生,--,無,備42
134,亞洲大學,134162,護理學系臨床照護組,原住民,--,無,正取
134,亞洲大學,134172,長期照護學系,招生,--,無,備20
134,亞洲大學,134172,長期照護學系,原住民,--,無,無
134,亞洲大學,134182,生物資訊與醫學工程學系生醫資訊組,招生,--,無,備30
134,亞洲大學,134192,生物資訊與醫學工程學系醫學工程組,招生,--,無,備13
134,亞洲大學,134202,資訊工程學系人工智慧與機器人組,招生,--,無,備23
134,亞洲大學,134202,資訊工程學系人工智慧與機器人組,原住民,--,無,無
134,亞洲大學,134212,資訊工程學系半導體資訊組,招生,--,無,備32
134,亞洲大學,134212,資訊工程學系半導體資訊組,原住民,--,無,無
134,亞洲大學,134222,資訊工程學系(資安組),招生,--,無,備1
134,亞洲大學,134232,人工智慧學系,招生,--,無,備69
134,亞洲大學,134232,人工智慧學系,原住民,--,無,正取
134,亞洲大學,134242,人工智慧學系(資安組),招生,--,無,正取
134,亞洲大學,134252,資訊傳播學系,招生,--,無,備49
134,亞洲大學,134252,資訊傳播學系,原住民,--,無,正取
134,亞洲大學,134262,半導體學士學位學程,招生,--,無,備7
134,亞洲大學,134262,半導體學士學位學程,原住民,--,無,無
134,亞洲大學,134272,經營管理學系,招生,--,無,備19
134,亞洲大學,134272,經營管理學系,原住民,--,無,無
134,亞洲大學,134282,會計與資訊學系,招生,--,無,備25
134,亞洲大學,134282,會計與資訊學系,原住民,--,無,無
134,亞洲大學,134292,財務金融學系智能投資組,招生,--,無,備37
134,亞洲大學,134292,財務金融學系智能投資組,原住民,--,無,正取
134,亞洲大學,134302,財務金融學系金融科技組,招生,--,無,備27
134,亞洲大學,134302,財務金融學系金融科技組,原住民,--,無,無
134,亞洲大學,134312,財經法律學系,招生,--,無,備107
134,亞洲大學,134312,財經法律學系,原住民,--,無,正取
134,亞洲大學,134322,社會工作學系家庭與司法保護社工組,招生,--,無,備44
134,亞洲大學,134322,社會工作學系家庭與司法保護社工組,原住民,--,無,正取
134,亞洲大學,134332,社會工作學系醫務與心衛社工組,招生,--,無,備23
134,亞洲大學,134332,社會工作學系醫務與心衛社工組,原住民,--,無,無
134,亞洲大學,134342,幼兒教育學系,招生,--,無,備45
134,亞洲大學,134342,幼兒教育學系,原住民,--,無,正取
134,亞洲大學,134342,幼兒教育學系,離島(金門縣),--,無,備2
134,亞洲大學,134352,數位媒體設計學系,招生,--,無,備39
134,亞洲大學,134352,數位媒體設計學系,原住民,--,無,正取
134,亞洲大學,134362,創意商品設計學系,招生,--,無,備23
134,亞洲大學,134362,創意商品設計學系,原住民,--,無,正取
134,亞洲大學,134372,時尚設計學系,招生,--,無,備31
134,亞洲大學,134372,時尚設計學系,原住民,--,無,正取
134,亞洲大學,134382,室內設計學系,招生,--,無,備13
134,亞洲大學,134382,室內設計學系,原住民,--,無,正取
150,國立宜蘭大學,150012,外國語文學系,招生,--,無,備9
150,國立宜蘭大學,150012,外國語文學系,原住民,--,無,正取
150,國立宜蘭大學,150012,外國語文學系,願景計畫,--,無,無
150,國立宜蘭大學,150022,應用經濟與管理學系,招生,--,無,備34
150,國立宜蘭大學,150022,應用經濟與管理學系,原住民,--,無,正取
150,國立宜蘭大學,150022,應用經濟與管理學系,願景計畫,--,無,無
150,國立宜蘭大學,150032,休閒產業與健康促進學系,招生,--,無,備11
150,國立宜蘭大學,150032,休閒產業與健康促進學系,原住民,--,無,無
150,國立宜蘭大學,150042,土木工程學系,招生,--,無,備25
150,國立宜蘭大學,150042,土木工程學系,原住民,--,無,正取
150,國立宜蘭大學,150042,土木工程學系,願景計畫,--,無,正取
150,國立宜蘭大學,150052,機械與機電工程學系,招生,--,無,備37
150,國立宜蘭大學,150052,機械與機電工程學系,原住民,--,無,備1
150,國立宜蘭大學,150052,機械與機電工程學系,願景計畫,--,無,無
150,國立宜蘭大學,150062,化學工程與材料工程學系,招生,--,無,備78
150,國立宜蘭大學,150062,化學工程與材料工程學系,原住民,--,無,無
150,國立宜蘭大學,150062,化學工程與材料工程學系,願景計畫,--,無,正取
150,國立宜蘭大學,150072,環境工程學系,招生,--,無,備22
150,國立宜蘭大學,150072,環境工程學系,原住民,--,無,備1
150,國立宜蘭大學,150072,環境工程學系,願景計畫,--,無,無
150,國立宜蘭大學,150082,生物機電工程學系,招生,--,無,備22
150,國立宜蘭大學,150082,生物機電工程學系,原住民,--,無,無
150,國立宜蘭大學,150082,生物機電工程學系,願景計畫,--,無,無
150,國立宜蘭大學,150092,食品科學系,招生,--,無,備39
150,國立宜蘭大學,150092,食品科學系,原住民,--,無,無
150,國立宜蘭大學,150092,食品科學系,願景計畫,--,無,無
150,國立宜蘭大學,150102,生物技術與動物科學系,招生,--,無,備29
150,國立宜蘭大學,150102,生物技術與動物科學系,原住民,--,無,無
150,國立宜蘭大學,150102,生物技術與動物科學系,願景計畫,--,無,正取
150,國立宜蘭大學,150112,森林暨自然資源學系,招生,--,無,備14
150,國立宜蘭大學,150112,森林暨自然資源學系,原住民,--,無,無
150,國立宜蘭大學,150112,森林暨自然資源學系,願景計畫,--,無,無
150,國立宜蘭大學,150122,園藝學系,招生,--,無,備12
150,國立宜蘭大學,150122,園藝學系,原住民,--,無,正取
150,國立宜蘭大學,150122,園藝學系,願景計畫,--,無,無
150,國立宜蘭大學,150132,電機工程學系,招生,--,無,備58
150,國立宜蘭大學,150132,電機工程學系,原住民,--,無,正取
150,國立宜蘭大學,150132,電機工程學系,願景計畫,--,無,正取
150,國立宜蘭大學,150142,電子工程學系,招生,--,無,備58
150,國立宜蘭大學,150142,電子工程學系,原住民,--,無,無
150,國立宜蘭大學,150142,電子工程學系,願景計畫,--,無,無
150,國立宜蘭大學,150152,電子工程學系(APCS組),招生,--,無,備2
150,國立宜蘭大學,150162,資訊工程學系,招生,--,無,備13
150,國立宜蘭大學,150162,資訊工程學系,原住民,--,無,無
150,國立宜蘭大學,150162,資訊工程學系,願景計畫,--,無,無
150,國立宜蘭大學,150172,資訊工程學系(APCS組),招生,--,無,備3
150,國立宜蘭大學,150182,資訊工程學系(資安組),招生,--,無,無
151,國立聯合大學,151012,機械工程學系,招生,--,無,備32
151,國立聯合大學,151012,機械工程學系,原住民,--,無,無
151,國立聯合大學,151012,機械工程學系,願景計畫,--,無,正取
151,國立聯合大學,151022,化學工程學系,招生,--,無,備44
151,國立聯合大學,151022,化學工程學系,原住民,--,無,無
151,國立聯合大學,151032,土木與防災工程學系,招生,--,無,備29
151,國立聯合大學,151032,土木與防災工程學系,原住民,--,無,無
151,國立聯合大學,151042,材料科學工程學系,招生,--,無,備40
151,國立聯合大學,151042,材料科學工程學系,原住民,--,無,無
151,國立聯合大學,151052,環境與安全衛生工程學系,招生,--,無,備52
151,國立聯合大學,151052,環境與安全衛生工程學系,原住民,--,無,無
151,國立聯合大學,151052,環境與安全衛生工程學系,願景計畫,--,無,正取
151,國立聯合大學,151062,能源工程學系,招生,--,無,備37
151,國立聯合大學,151062,能源工程學系,原住民,--,無,無
151,國立聯合大學,151072,建築學系,招生,--,無,備22
151,國立聯合大學,151072,建築學系,原住民,--,無,正取
151,國立聯合大學,151072,建築學系,願景計畫,--,無,正取
151,國立聯合大學,151082,工業設計學系,招生,--,無,備17
151,國立聯合大學,151082,工業設計學系,原住民,--,無,無
151,國立聯合大學,151092,電機工程學系(A組),招生,--,無,備74
151,國立聯合大學,151092,電機工程學系(A組),原住民,--,無,正取
151,國立聯合大學,151092,電機工程學系(A組),願景計畫,--,無,備2
151,國立聯合大學,151102,電機工程學系(B組),招生,--,無,備17
151,國立聯合大學,151102,電機工程學系(B組),原住民,--,無,無
151,國立聯合大學,151102,電機工程學系(B組),願景計畫,--,無,正取
151,國立聯合大學,151112,電子工程學系(A組),招生,--,無,備62
151,國立聯合大學,151112,電子工程學系(A組),原住民,--,無,無
151,國立聯合大學,151112,電子工程學系(A組),願景計畫,--,無,正取
151,國立聯合大學,151122,電子工程學系(B組),招生,--,無,備60
151,國立聯合大學,151122,電子工程學系(B組),原住民,--,無,正取
151,國立聯合大學,151122,電子工程學系(B組),願景計畫,--,無,正取
151,國立聯合大學,151132,光電工程學系A組(光電半導體組),招生,--,無,備11
151,國立聯合大學,151132,光電工程學系A組(光電半導體組),原住民,--,無,無
151,國立聯合大學,151142,光電工程學系B組(智慧光電應用組),招生,--,無,備10
151,國立聯合大學,151142,光電工程學系B組(智慧光電應用組),原住民,--,無,無
151,國立聯合大學,151152,資訊工程學系,招生,--,無,備23
151,國立聯合大學,151152,資訊工程學系,原住民,--,無,正取
151,國立聯合大學,151162,經營管理學系,招生,--,無,備34
151,國立聯合大學,151162,經營管理學系,原住民,--,無,無
151,國立聯合大學,151172,資訊管理學系,招生,--,無,備49
151,國立聯合大學,151172,資訊管理學系,原住民,--,無,備2
151,國立聯合大學,151182,資訊管理學系(APCS組),招生,--,無,正取
151,國立聯合大學,151192,財務金融學系,招生,--,無,備30
151,國立聯合大學,151192,財務金融學系,原住民,--,無,無
151,國立聯合大學,151202,臺灣語文與傳播學系,招生,--,無,備32
151,國立聯合大學,151202,臺灣語文與傳播學系,原住民,--,無,無
151,國立聯合大學,151202,臺灣語文與傳播學系,願景計畫,--,無,無
151,國立聯合大學,151212,華語文學系,招生,--,無,備24
151,國立聯合大學,151212,華語文學系,原住民,--,無,無
151,國立聯合大學,151222,文化觀光產業學系,招生,--,無,備16
151,國立聯合大學,151222,文化觀光產業學系,原住民,--,無,無
151,國立聯合大學,151232,文化創意與數位行銷學系,招生,--,無,備19
151,國立聯合大學,151232,文化創意與數位行銷學系,原住民,--,無,正取
152,馬偕醫學大學,152012,醫學系,招生,--,無,備9
152,馬偕醫學大學,152012,醫學系,原住民,--,無,備1
152,馬偕醫學大學,152022,護理學系,招生,--,無,備34
152,馬偕醫學大學,152022,護理學系,原住民,--,無,備1
152,馬偕醫學大學,152032,聽力暨語言治療學系聽力組,招生,--,無,備21
152,馬偕醫學大學,152032,聽力暨語言治療學系聽力組,原住民,--,無,無
152,馬偕醫學大學,152042,聽力暨語言治療學系語言組,招生,--,無,備19
152,馬偕醫學大學,152042,聽力暨語言治療學系語言組,原住民,--,無,正取
152,馬偕醫學大學,152052,視光學系,招生,--,無,備18
152,馬偕醫學大學,152052,視光學系,原住民,--,無,無
152,馬偕醫學大學,152062,醫學檢驗暨再生醫學學系,招生,--,無,備24
152,馬偕醫學大學,152062,醫學檢驗暨再生醫學學系,原住民,--,無,無
152,馬偕醫學大學,152072,醫學系(薪傳組),招生,--,無,無
152,馬偕醫學大學,152082,護理學系(薪傳組),招生,--,無,備1
152,馬偕醫學大學,152092,聽力暨語言治療學系聽力組(薪傳組),招生,--,無,無
152,馬偕醫學大學,152102,視光學系(薪傳組),招生,--,無,無
152,馬偕醫學大學,152112,醫學檢驗暨再生醫學學系(薪傳組),招生,--,無,無
152,馬偕醫學大學,152122,護理學系(青年儲蓄帳戶組),招生,--,無,無
153,國立金門大學,153012,應用英語學系,招生,--,無,備11
153,國立金門大學,153012,應用英語學系,原住民,--,無,無
153,國立金門大學,153012,應用英語學系,願景計畫,--,無,無
153,國立金門大學,153022,運動與休閒學系,招生,--,無,備17
153,國立金門大學,153022,運動與休閒學系,原住民,--,無,正取
153,國立金門大學,153032,運動與休閒學系(青年儲蓄帳戶組),招生,--,無,無
153,國立金門大學,153042,企業管理學系,招生,--,無,備26
153,國立金門大學,153042,企業管理學系,原住民,--,無,正取
153,國立金門大學,153042,企業管理學系,願景計畫,--,無,無
153,國立金門大學,153052,電機工程學系,招生,--,無,備23
153,國立金門大學,153052,電機工程學系,原住民,--,無,無
153,國立金門大學,153052,電機工程學系,願景計畫,--,無,正取
153,國立金門大學,153062,電機工程學系(APCS組),招生,--,無,備5
153,國立金門大學,153072,食品科學系,招生,--,無,備26
153,國立金門大學,153072,食品科學系,原住民,--,無,無
153,國立金門大學,153072,食品科學系,願景計畫,--,無,無
153,國立金門大學,153082,食品科學系(青年儲蓄帳戶組),招生,--,無,無
153,國立金門大學,153092,土木與工程管理學系,招生,--,無,備12
153,國立金門大學,153092,土木與工程管理學系,原住民,--,無,無
153,國立金門大學,153092,土木與工程管理學系,願景計畫,--,無,無
153,國立金門大學,153102,觀光管理學系,招生,--,無,備19
153,國立金門大學,153102,觀光管理學系,原住民,--,無,無
153,國立金門大學,153112,觀光管理學系(青年儲蓄帳戶組),招生,--,無,無
153,國立金門大學,153122,資訊工程學系,招生,--,無,備20
153,國立金門大學,153122,資訊工程學系,原住民,--,無,無
153,國立金門大學,153122,資訊工程學系,願景計畫,--,無,無
153,國立金門大學,153132,資訊工程學系(APCS組),招生,--,無,無
153,國立金門大學,153142,資訊工程學系(青年儲蓄帳戶組),招生,--,無,無
153,國立金門大學,153152,建築學系,招生,--,無,備38
153,國立金門大學,153152,建築學系,原住民,--,無,無
153,國立金門大學,153152,建築學系,願景計畫,--,無,無
153,國立金門大學,153162,國際暨大陸事務學系,招生,--,無,備13
153,國立金門大學,153162,國際暨大陸事務學系,原住民,--,無,無
153,國立金門大學,153162,國際暨大陸事務學系,願景計畫,--,無,無
153,國立金門大學,153172,華語文學系,招生,--,無,備15
153,國立金門大學,153172,華語文學系,原住民,--,無,無
153,國立金門大學,153172,華語文學系,願景計畫,--,無,無
153,國立金門大學,153182,海洋與邊境管理學系,招生,--,無,備22
153,國立金門大學,153182,海洋與邊境管理學系,原住民,--,無,正取
153,國立金門大學,153182,海洋與邊境管理學系,願景計畫,--,無,無
153,國立金門大學,153192,海洋與邊境管理學系(青年儲蓄帳戶組),招生,--,無,無
153,國立金門大學,153202,工業工程與管理學系,招生,--,無,備8
153,國立金門大學,153202,工業工程與管理學系,原住民,--,無,無
153,國立金門大學,153202,工業工程與管理學系,願景計畫,--,無,正取
153,國立金門大學,153212,護理學系(A組),招生,--,無,備17
153,國立金門大學,153212,護理學系(A組),原住民,--,無,無
153,國立金門大學,153212,護理學系(A組),願景計畫,--,無,無
153,國立金門大學,153222,護理學系(B組),招生,--,無,備22
153,國立金門大學,153222,護理學系(B組),原住民,--,無,無
153,國立金門大學,153222,護理學系(B組),願景計畫,--,無,無
153,國立金門大學,153232,長期照護學系,招生,--,無,備26
153,國立金門大學,153232,長期照護學系,原住民,--,無,無
153,國立金門大學,153232,長期照護學系,願景計畫,--,無,無
153,國立金門大學,153242,社會工作學系,招生,--,無,備21
153,國立金門大學,153242,社會工作學系,原住民,--,無,無
153,國立金門大學,153242,社會工作學系,願景計畫,--,無,無
153,國立金門大學,153252,都市計畫與景觀學系,招生,--,無,備16
153,國立金門大學,153252,都市計畫與景觀學系,原住民,--,無,無
153,國立金門大學,153252,都市計畫與景觀學系,願景計畫,--,無,無
