校系代碼,學校,系組名稱,學群類別,招生名額,招生名額可填志願數,外加名額,外加名額可填志願數,國文_標準,英文_標準,數學A_標準,數學B_標準,社會_標準,自然_標準,英聽_標準,分發比序1,分發比序2,分發比序3,分發比序4,分發比序5,分發比序6,分發比序7,分發比序項目(彙整),術科檢定,依主修樂器招生名額,醫牙_指定項目,醫牙_指定項目佔比,醫牙_預計甄試人數,醫牙_甄試費,備註
00101,國立臺灣大學,中國文學系,第一類學群,6,12,0,0,頂標,前標,均標,均標,前標,0,0,在校學業成績全校排名百分比,學測國文級分,學測英文級分,國語文學業成績總平均全校排名百分比,英語文學業成績總平均全校排名百分比,學測社會級分,歷史學業成績總平均全校排名百分比,1、在校學業成績全校排名百分比 2、學測國文級分 3、學測英文級分 4、國語文學業成績總平均全校排名百分比 5、英語文學業成績總平均全校排名百分比 6、學測社會級分 7、歷史學業成績總平均全校排名百分比,,,,,,,"1.本系教育目標在厚植學生人文能力，以「語文表達能力」為主，「經典詮釋能力」為輔。開設課程強調文獻解讀的紮實訓練，進而啟發學生之感性體悟、理性認知及創作或研究興趣。適合對中國文學、語言與學術思想具廣泛興趣的學生。
2.聯絡電話：（02）33664003
3.本系網址：http://www.cl.ntu.edu.tw"
00102,國立臺灣大學,外國語文學系,第一類學群,15,12,0,0,前標,頂標,均標,均標,前標,0,A級,在校學業成績全校排名百分比,學測英文級分,學測國文級分,英語文學業成績總平均全校排名百分比,國語文學業成績總平均全校排名百分比,學測社會級分,歷史學業成績總平均全校排名百分比,1、在校學業成績全校排名百分比 2、學測英文級分 3、學測國文級分 4、英語文學業成績總平均全校排名百分比 5、國語文學業成績總平均全校排名百分比 6、學測社會級分 7、歷史學業成績總平均全校排名百分比,,,,,,,"1.聯絡電話：(02)33663215
2.E-mail: forex@ntu.edu.tw
3.本系網址：https://www.forex.ntu.edu.tw/"
00103,國立臺灣大學,歷史學系,第一類學群,6,12,0,0,前標,前標,均標,均標,前標,0,0,在校學業成績全校排名百分比,學測國文、英文、社會之級分總和,學測英文級分,學測社會級分,學測國文級分,歷史學業成績總平均全校排名百分比,國語文學業成績總平均全校排名百分比,1、在校學業成績全校排名百分比 2、學測國文、英文、社會之級分總和 3、學測英文級分 4、學測社會級分 5、學測國文級分 6、歷史學業成績總平均全校排名百分比 7、國語文學業成績總平均全校排名百分比,,,,,,,"1.聯絡電話：(02)33664704
2.本系網址：https://homepage.ntu.edu.tw/~history/Default.html"
00104,國立臺灣大學,哲學系,第一類學群,4,12,0,0,前標,前標,前標,前標,均標,0,0,在校學業成績全校排名百分比,學測國文、英文、社會之級分總和,學測英文級分,學測國文級分,學測社會級分,英語文學業成績總平均全校排名百分比,數學學業成績總平均全校排名百分比,1、在校學業成績全校排名百分比 2、學測國文、英文、社會之級分總和 3、學測英文級分 4、學測國文級分 5、學測社會級分 6、英語文學業成績總平均全校排名百分比 7、數學學業成績總平均全校排名百分比,,,,,,,"1.聯絡電話：(02)33663399
2.E-mail：philo@ntu.edu.tw
3.本系網址：https://philo.ntu.edu.tw/home.jsp?lang=tw"
00105,國立臺灣大學,人類學系,第一類學群,8,12,1,3,前標,前標,0,均標,前標,0,B級,在校學業成績全校排名百分比,學測英文級分,學測社會級分,學測國文、英文、數學B、社會之級分總和,英語文學業成績總平均全校排名百分比,學測國文級分,歷史學業成績總平均全校排名百分比,1、在校學業成績全校排名百分比 2、學測英文級分 3、學測社會級分 4、學測國文、英文、數學B、社會之級分總和 5、英語文學業成績總平均全校排名百分比 6、學測國文級分 7、歷史學業成績總平均全校排名百分比,,,,,,,"1.聯絡電話：(02)33664730
2.E-mail：anthro@ntu.edu.tw
3.本系網址：anthro.ntu.edu.tw"
00106,國立臺灣大學,圖書資訊學系,第一類學群,7,12,0,0,前標,前標,均標,均標,均標,0,0,在校學業成績全校排名百分比,國語文學業成績總平均全校排名百分比,英語文學業成績總平均全校排名百分比,學測國文、英文、社會之級分總和,學測國文級分,學測英文級分,數學學業成績總平均全校排名百分比,1、在校學業成績全校排名百分比 2、國語文學業成績總平均全校排名百分比 3、英語文學業成績總平均全校排名百分比 4、學測國文、英文、社會之級分總和 5、學測國文級分 6、學測英文級分 7、數學學業成績總平均全校排名百分比,,,,,,,"1.聯絡電話：(02)33662952 學士班招生承辦助教
2.E-mail：lis@ntu.edu.tw
3.本系網址：http://www.lis.ntu.edu.tw"
00107,國立臺灣大學,日本語文學系,第一類學群,7,12,0,0,前標,前標,均標,均標,前標,0,0,在校學業成績全校排名百分比,學測英文級分,學測國文級分,學測社會級分,學測國文、英文、社會之級分總和,英語文學業成績總平均全校排名百分比,國語文學業成績總平均全校排名百分比,1、在校學業成績全校排名百分比 2、學測英文級分 3、學測國文級分 4、學測社會級分 5、學測國文、英文、社會之級分總和 6、英語文學業成績總平均全校排名百分比 7、國語文學業成績總平均全校排名百分比,,,,,,,"1.聯絡電話: (02)3366-2789
2.E-mail: japanese@ntu.edu.tw
3.本系網址: https://japan.ntu.edu.tw/"
00108,國立臺灣大學,戲劇學系,第一類學群,4,12,0,0,前標,前標,0,均標,均標,0,0,在校學業成績全校排名百分比,學測英文級分,學測國文級分,學測國文、英文、數學B、社會之級分總和,學測數學B級分,英語文學業成績總平均全校排名百分比,國語文學業成績總平均全校排名百分比,1、在校學業成績全校排名百分比 2、學測英文級分 3、學測國文級分 4、學測國文、英文、數學B、社會之級分總和 5、學測數學B級分 6、英語文學業成績總平均全校排名百分比 7、國語文學業成績總平均全校排名百分比,,,,,,,本系網址：https://theatre.ntu.edu.tw/
00109,國立臺灣大學,地理環境資源學系,第一類學群,5,12,0,0,0,前標,頂標,0,前標,0,0,在校學業成績全校排名百分比,學測英文、數學A、社會之級分總和,學測英文級分,學測數學A級分,學測社會級分,地理學業成績總平均全校排名百分比,英語文學業成績總平均全校排名百分比,1、在校學業成績全校排名百分比 2、學測英文、數學A、社會之級分總和 3、學測英文級分 4、學測數學A級分 5、學測社會級分 6、地理學業成績總平均全校排名百分比 7、英語文學業成績總平均全校排名百分比,,,,,,,本系網址：https://www.geog.ntu.edu.tw
00110,國立臺灣大學,政治學系政治理論組,第一類學群,8,12,0,0,前標,前標,均標,前標,前標,0,0,在校學業成績全校排名百分比,學測國文、英文、社會之級分總和,學測英文級分,學測國文級分,學測社會級分,英語文學業成績總平均全校排名百分比,國語文學業成績總平均全校排名百分比,1、在校學業成績全校排名百分比 2、學測國文、英文、社會之級分總和 3、學測英文級分 4、學測國文級分 5、學測社會級分 6、英語文學業成績總平均全校排名百分比 7、國語文學業成績總平均全校排名百分比,,,,,,,
00111,國立臺灣大學,政治學系國際關係組,第一類學群,8,12,0,0,前標,前標,均標,前標,前標,0,0,在校學業成績全校排名百分比,學測國文、英文、社會之級分總和,學測英文級分,學測國文級分,學測社會級分,英語文學業成績總平均全校排名百分比,國語文學業成績總平均全校排名百分比,1、在校學業成績全校排名百分比 2、學測國文、英文、社會之級分總和 3、學測英文級分 4、學測國文級分 5、學測社會級分 6、英語文學業成績總平均全校排名百分比 7、國語文學業成績總平均全校排名百分比,,,,,,,
00112,國立臺灣大學,政治學系公共行政組,第一類學群,8,12,0,0,前標,前標,均標,前標,前標,0,0,在校學業成績全校排名百分比,學測國文、英文、社會之級分總和,學測英文級分,學測國文級分,學測社會級分,英語文學業成績總平均全校排名百分比,國語文學業成績總平均全校排名百分比,1、在校學業成績全校排名百分比 2、學測國文、英文、社會之級分總和 3、學測英文級分 4、學測國文級分 5、學測社會級分 6、英語文學業成績總平均全校排名百分比 7、國語文學業成績總平均全校排名百分比,,,,,,,
00113,國立臺灣大學,經濟學系A組,第一類學群,11,12,0,0,0,前標,頂標,0,前標,0,0,在校學業成績全校排名百分比,學測英文、數學A、社會之級分總和,學測數學A級分,數學學業成績總平均全校排名百分比,學測英文級分,英語文學業成績總平均全校排名百分比,學測社會級分,1、在校學業成績全校排名百分比 2、學測英文、數學A、社會之級分總和 3、學測數學A級分 4、數學學業成績總平均全校排名百分比 5、學測英文級分 6、英語文學業成績總平均全校排名百分比 7、學測社會級分,,,,,,,
00114,國立臺灣大學,社會學系,第一類學群,6,12,0,0,前標,前標,均標,0,前標,0,0,在校學業成績全校排名百分比,學測國文、英文、社會之級分總和,學測數學A級分,學測英文級分,英語文學業成績總平均全校排名百分比,數學學業成績總平均全校排名百分比,公民與社會學業成績總平均全校排名百分比,1、在校學業成績全校排名百分比 2、學測國文、英文、社會之級分總和 3、學測數學A級分 4、學測英文級分 5、英語文學業成績總平均全校排名百分比 6、數學學業成績總平均全校排名百分比 7、公民與社會學業成績總平均全校排名百分比,,,,,,,
00115,國立臺灣大學,社會工作學系,第一類學群,4,12,0,0,前標,前標,0,均標,均標,0,0,在校學業成績全校排名百分比,學測英文級分,學測國文級分,學測社會級分,學測數學B級分,英語文學業成績總平均全校排名百分比,國語文學業成績總平均全校排名百分比,1、在校學業成績全校排名百分比 2、學測英文級分 3、學測國文級分 4、學測社會級分 5、學測數學B級分 6、英語文學業成績總平均全校排名百分比 7、國語文學業成績總平均全校排名百分比,,,,,,,
00116,國立臺灣大學,生物產業傳播暨發展學系,第一類學群,5,12,0,0,前標,前標,均標,0,前標,0,0,在校學業成績全校排名百分比,學測英文級分,學測國文級分,學測數學A級分,英語文學業成績總平均全校排名百分比,國語文學業成績總平均全校排名百分比,數學學業成績總平均全校排名百分比,1、在校學業成績全校排名百分比 2、學測英文級分 3、學測國文級分 4、學測數學A級分 5、英語文學業成績總平均全校排名百分比 6、國語文學業成績總平均全校排名百分比 7、數學學業成績總平均全校排名百分比,,,,,,,生傳系的學術領域具有跨領域科技整合之特性，關切生物產業中之農業生產、人類生活與社會永續發展等多元面向，並著重於行銷傳播相關理論與方法，以及整體社會發展等學術研究重點。專業課程特色在於讓學生瞭解整體社會變遷、農業發展趨勢及全球脈動，訓練學生具備生農產業認知與視野，整體而言希望能培養產業行銷傳播專業人才，投入相關產業，達到改善社會環境，提升生活品質與永續社會發展的終極目標。
00117,國立臺灣大學,工商管理學系企業管理組,第一類學群,7,12,0,0,頂標,頂標,前標,0,前標,0,0,在校學業成績全校排名百分比,學測國文、英文、數學A、社會之級分總和,學測數學A級分,學測英文級分,學測國文級分,數學學業成績總平均全校排名百分比,英語文學業成績總平均全校排名百分比,1、在校學業成績全校排名百分比 2、學測國文、英文、數學A、社會之級分總和 3、學測數學A級分 4、學測英文級分 5、學測國文級分 6、數學學業成績總平均全校排名百分比 7、英語文學業成績總平均全校排名百分比,,,,,,,本系網址：https://management.ntu.edu.tw/BA
00118,國立臺灣大學,會計學系,第一類學群,10,12,0,0,頂標,頂標,頂標,0,前標,0,0,在校學業成績全校排名百分比,學測國文、英文、數學A、社會之級分總和,學測英文級分,英語文學業成績總平均全校排名百分比,學測數學A級分,數學學業成績總平均全校排名百分比,學測國文級分,1、在校學業成績全校排名百分比 2、學測國文、英文、數學A、社會之級分總和 3、學測英文級分 4、英語文學業成績總平均全校排名百分比 5、學測數學A級分 6、數學學業成績總平均全校排名百分比 7、學測國文級分,,,,,,,
00119,國立臺灣大學,財務金融學系,第一類學群,16,12,1,3,頂標,頂標,頂標,0,0,0,0,在校學業成績全校排名百分比,學測國文、英文、數學A之級分總和,學測數學A級分,學測英文級分,學測國文級分,數學學業成績總平均全校排名百分比,英語文學業成績總平均全校排名百分比,1、在校學業成績全校排名百分比 2、學測國文、英文、數學A之級分總和 3、學測數學A級分 4、學測英文級分 5、學測國文級分 6、數學學業成績總平均全校排名百分比 7、英語文學業成績總平均全校排名百分比,,,,,,,
00120,國立臺灣大學,國際企業學系,第一類學群,8,12,0,0,頂標,頂標,前標,0,前標,0,0,在校學業成績全校排名百分比,學測國文、英文、數學A、社會之級分總和,學測數學A級分,學測英文級分,學測國文級分,數學學業成績總平均全校排名百分比,英語文學業成績總平均全校排名百分比,1、在校學業成績全校排名百分比 2、學測國文、英文、數學A、社會之級分總和 3、學測數學A級分 4、學測英文級分 5、學測國文級分 6、數學學業成績總平均全校排名百分比 7、英語文學業成績總平均全校排名百分比,,,,,,,
00121,國立臺灣大學,法律學系法學組,第一類學群,9,12,1,3,頂標,頂標,0,前標,頂標,0,0,在校學業成績全校排名百分比,學測國文、英文、數學B、社會之級分總和,英語文學業成績總平均全校排名百分比,國語文學業成績總平均全校排名百分比,數學學業成績總平均全校排名百分比,學測數學B級分,學測社會級分,1、在校學業成績全校排名百分比 2、學測國文、英文、數學B、社會之級分總和 3、英語文學業成績總平均全校排名百分比 4、國語文學業成績總平均全校排名百分比 5、數學學業成績總平均全校排名百分比 6、學測數學B級分 7、學測社會級分,,,,,,,
00122,國立臺灣大學,法律學系司法組,第一類學群,9,12,1,3,頂標,頂標,0,前標,頂標,0,0,在校學業成績全校排名百分比,學測國文、英文、數學B、社會之級分總和,英語文學業成績總平均全校排名百分比,國語文學業成績總平均全校排名百分比,數學學業成績總平均全校排名百分比,學測數學B級分,學測社會級分,1、在校學業成績全校排名百分比 2、學測國文、英文、數學B、社會之級分總和 3、英語文學業成績總平均全校排名百分比 4、國語文學業成績總平均全校排名百分比 5、數學學業成績總平均全校排名百分比 6、學測數學B級分 7、學測社會級分,,,,,,,
00123,國立臺灣大學,法律學系財經法學組,第一類學群,9,12,1,3,頂標,頂標,0,前標,頂標,0,0,在校學業成績全校排名百分比,學測國文、英文、數學B、社會之級分總和,英語文學業成績總平均全校排名百分比,國語文學業成績總平均全校排名百分比,數學學業成績總平均全校排名百分比,學測數學B級分,學測社會級分,1、在校學業成績全校排名百分比 2、學測國文、英文、數學B、社會之級分總和 3、英語文學業成績總平均全校排名百分比 4、國語文學業成績總平均全校排名百分比 5、數學學業成績總平均全校排名百分比 6、學測數學B級分 7、學測社會級分,,,,,,,
00124,國立臺灣大學,數學系,第二類學群,5,9,0,0,0,頂標,頂標,0,0,頂標,0,在校學業成績全校排名百分比,學測數學A級分,學測自然級分,數學學業成績總平均全校排名百分比,物理學業成績總平均全校排名百分比,學測英文級分,學測英文、數學A、自然之級分總和,1、在校學業成績全校排名百分比 2、學測數學A級分 3、學測自然級分 4、數學學業成績總平均全校排名百分比 5、物理學業成績總平均全校排名百分比 6、學測英文級分 7、學測英文、數學A、自然之級分總和,,,,,,,
00125,國立臺灣大學,物理學系,第二類學群,4,9,0,0,頂標,頂標,頂標,0,0,頂標,0,在校學業成績全校排名百分比,學測自然級分,物理學業成績總平均全校排名百分比,學測數學A級分,數學學業成績總平均全校排名百分比,學測英文級分,英語文學業成績總平均全校排名百分比,1、在校學業成績全校排名百分比 2、學測自然級分 3、物理學業成績總平均全校排名百分比 4、學測數學A級分 5、數學學業成績總平均全校排名百分比 6、學測英文級分 7、英語文學業成績總平均全校排名百分比,,,,,,,"1.本系除開設基礎和高等物理與實驗課程外，提供學生參與教授研究的機會，使學生們能瞭解目前物理上重要的
熱門課題，幫助同學選擇畢業後合適的方向。歷年來本系畢業生在科學領域、工商和教育方面多有建樹，培育了
許多人才。
2.相關資訊請參閱本系網址：https://www.phys.ntu.edu.tw/Default.html"
00126,國立臺灣大學,化學系,第二類學群,5,9,1,1,前標,頂標,頂標,0,0,頂標,0,在校學業成績全校排名百分比,學測自然級分,學測數學A級分,學測英文級分,學測國文級分,學測國文、英文、數學A、自然之級分總和,化學學業成績總平均全校排名百分比,1、在校學業成績全校排名百分比 2、學測自然級分 3、學測數學A級分 4、學測英文級分 5、學測國文級分 6、學測國文、英文、數學A、自然之級分總和 7、化學學業成績總平均全校排名百分比,,,,,,,"1.能親自組裝器材、量取藥品、操作儀器以進行實驗為本系訓練學習之重點。部分實驗結果之判別需要辨色能力。實驗室環境亦需要在意外狀況下，能迅速離開之行動能力。
2.教學目標與特色：課業研究訓練並重，課程實驗相輔相成，培育基礎化學專業及相關工業與跨領域高科技科學人才。
3.聯絡電話：(02)33661143
4.本系網址：http://www.ch.ntu.edu.tw/"
00127,國立臺灣大學,地質科學系,第二類學群,2,9,0,0,0,均標,均標,0,0,頂標,0,在校學業成績全校排名百分比,學測自然級分,學測數學A級分,學測英文級分,地球科學學業成績總平均全校排名百分比,物理學業成績總平均全校排名百分比,化學學業成績總平均全校排名百分比,1、在校學業成績全校排名百分比 2、學測自然級分 3、學測數學A級分 4、學測英文級分 5、地球科學學業成績總平均全校排名百分比 6、物理學業成績總平均全校排名百分比 7、化學學業成績總平均全校排名百分比,,,,,,,"1.本系野外實習課程均須親自參與，基於考量野外實習之危險性與成果判定之需要，學生需具備獨立操作能力及
個人安全維護能力。
2.聯絡電話：（02)33669475
3.本系網址：http://web.gl.ntu.edu.tw"
00128,國立臺灣大學,大氣科學系,第二類學群,3,9,0,0,0,前標,頂標,0,0,頂標,0,在校學業成績全校排名百分比,學測國文、英文、數學A、自然之級分總和,學測自然級分,學測數學A級分,學測英文級分,地球科學學業成績總平均全校排名百分比,物理學業成績總平均全校排名百分比,1、在校學業成績全校排名百分比 2、學測國文、英文、數學A、自然之級分總和 3、學測自然級分 4、學測數學A級分 5、學測英文級分 6、地球科學學業成績總平均全校排名百分比 7、物理學業成績總平均全校排名百分比,,,,,,,"1.本系課程包含大氣觀測及天氣圖判讀等，需具有相當之視覺功能，以進行觀測及辨識影像。
2.本系培育學生核心能力包括：(1)具備認識天氣、氣候、大氣環境等之基礎診斷分析能力、(2)跨地球科學及理工科（數學、物理、化學、電腦）方面的基礎能力、(3)建立基礎科學的紮實根基及開創性探討能力。
3.聯絡電話：(02)33663923
4.本系網址：https://www.as.ntu.edu.tw/"
00129,國立臺灣大學,經濟學系B組,第二類學群,5,9,0,0,0,前標,頂標,0,0,前標,0,在校學業成績全校排名百分比,學測英文、數學A、自然之級分總和,學測數學A級分,數學學業成績總平均全校排名百分比,學測英文級分,英語文學業成績總平均全校排名百分比,學測自然級分,1、在校學業成績全校排名百分比 2、學測英文、數學A、自然之級分總和 3、學測數學A級分 4、數學學業成績總平均全校排名百分比 5、學測英文級分 6、英語文學業成績總平均全校排名百分比 7、學測自然級分,,,,,,,
00130,國立臺灣大學,土木工程學系,第二類學群,10,9,0,0,前標,前標,頂標,0,0,頂標,0,在校學業成績全校排名百分比,學測數學A級分,學測英文級分,學測自然級分,學測國文級分,學測國文、英文、數學A、自然之級分總和,物理學業成績總平均全校排名百分比,1、在校學業成績全校排名百分比 2、學測數學A級分 3、學測英文級分 4、學測自然級分 5、學測國文級分 6、學測國文、英文、數學A、自然之級分總和 7、物理學業成績總平均全校排名百分比,,,,,,,"1.本系大學部課程內容與實務並重，一、二年級以基本科學之訓練為主，其目的在建立土木工程師所需之基本知識；三、四年級則著重各領域專業知識之傳授，並提供多種選修課程，學生可依興趣選擇適當之領域，建立自己的專才。本系已培育許多優秀工程人才，參與多項重大國家建設。展望未來，期望繼續藉由優秀人才之網羅以及教學的精進，達到培育具充分的專業知識、適當的人文素養、良好的管理能力、以及寬闊的國際視野之工程領導人才。
2.本系聯絡電話：02-33664286。網址：http://www.ce.ntu.edu.tw。"
00131,國立臺灣大學,機械工程學系,第二類學群,16,9,0,0,0,前標,前標,0,0,前標,0,在校學業成績全校排名百分比,學測數學A級分,學測自然級分,學測英文級分,物理學業成績總平均全校排名百分比,數學學業成績總平均全校排名百分比,化學學業成績總平均全校排名百分比,1、在校學業成績全校排名百分比 2、學測數學A級分 3、學測自然級分 4、學測英文級分 5、物理學業成績總平均全校排名百分比 6、數學學業成績總平均全校排名百分比 7、化學學業成績總平均全校排名百分比,,,,,,,本系網址：http://www.me.ntu.edu.tw/main.php
00132,國立臺灣大學,化學工程學系,第二類學群,16,9,0,0,0,前標,前標,0,0,前標,0,在校學業成績全校排名百分比,學測自然級分,學測數學A級分,學測英文級分,化學學業成績總平均全校排名百分比,物理學業成績總平均全校排名百分比,數學學業成績總平均全校排名百分比,1、在校學業成績全校排名百分比 2、學測自然級分 3、學測數學A級分 4、學測英文級分 5、化學學業成績總平均全校排名百分比 6、物理學業成績總平均全校排名百分比 7、數學學業成績總平均全校排名百分比,,,,,,,"1.本系有近40位專任教師，從事化工與半導體製程、材料、生醫、能源永續等尖端研究。課程涵蓋數學、物理、化學、工程等學科，完善的必修與選修規劃，為學生後續就業或升學打下良好基礎。校友分佈國內外化工、半導體、醫藥與生技產業，出路廣泛。定期舉辦校友活動，強化師生與校友連結。
2.本系網址:https://www.che.ntu.edu.tw"
00133,國立臺灣大學,工程科學及海洋工程學系,第二類學群,5,9,0,0,前標,頂標,頂標,0,0,頂標,0,在校學業成績全校排名百分比,學測數學A級分,學測自然級分,數學學業成績總平均全校排名百分比,物理學業成績總平均全校排名百分比,學測英文級分,學測國文級分,1、在校學業成績全校排名百分比 2、學測數學A級分 3、學測自然級分 4、數學學業成績總平均全校排名百分比 5、物理學業成績總平均全校排名百分比 6、學測英文級分 7、學測國文級分,,,,,,,本系網址：https://www.esoe.ntu.edu.tw
00134,國立臺灣大學,材料科學與工程學系,第二類學群,4,9,0,0,前標,頂標,頂標,0,0,頂標,0,在校學業成績全校排名百分比,學測數學A級分,學測自然級分,學測英文級分,物理學業成績總平均全校排名百分比,數學學業成績總平均全校排名百分比,化學學業成績總平均全校排名百分比,1、在校學業成績全校排名百分比 2、學測數學A級分 3、學測自然級分 4、學測英文級分 5、物理學業成績總平均全校排名百分比 6、數學學業成績總平均全校排名百分比 7、化學學業成績總平均全校排名百分比,,,,,,,"材料系核心知識為：1.材料之物理結構為何？如何形成？與性質之關係？2.材料之化學結構為何？如何形成？與性質之關係？3.如何應用1與2的知識，設計並製備符合應用需求的材料？
本系提供涵蓋各大材料領域之專業師資，並設計豐富且深入之理論與實做課程，將本系學生訓練為材料領域最尖端之專業人才。
本系網址：http://mse.ntu.edu.tw"
00135,國立臺灣大學,醫學工程學系,第二類學群,2,9,0,0,前標,前標,前標,0,0,前標,0,在校學業成績全校排名百分比,學測數學A級分,學測自然級分,學測英文級分,學測國文級分,物理學業成績總平均全校排名百分比,化學學業成績總平均全校排名百分比,1、在校學業成績全校排名百分比 2、學測數學A級分 3、學測自然級分 4、學測英文級分 5、學測國文級分 6、物理學業成績總平均全校排名百分比 7、化學學業成績總平均全校排名百分比,,,,,,,"1.本系係結合醫學、工程科技與基礎科學等知識，應用於疾病的診斷與防治、及醫療器材研發的專門學科。旨在培養學生實作及解決問題的能力，期許學生畢業後能應用所學於醫療與工程整合、創新科技、產品研發，以促進健康照護、提昇醫療照護與生活品質。
2.本系網址：https://bme.ntu.edu.tw"
00136,國立臺灣大學,生物環境系統工程學系,第二類學群,4,9,0,0,前標,前標,頂標,0,0,頂標,0,在校學業成績全校排名百分比,學測數學A級分,學測自然級分,學測英文級分,學測國文級分,學測國文、英文、數學A、自然之級分總和,數學學業成績總平均全校排名百分比,1、在校學業成績全校排名百分比 2、學測數學A級分 3、學測自然級分 4、學測英文級分 5、學測國文級分 6、學測國文、英文、數學A、自然之級分總和 7、數學學業成績總平均全校排名百分比,,,,,,,
00137,國立臺灣大學,生物機電工程學系,第二類學群,4,9,0,0,0,前標,前標,0,0,頂標,0,在校學業成績全校排名百分比,學測國文、英文、數學A、自然之級分總和,學測數學A級分,學測自然級分,學測英文級分,學測國文級分,物理學業成績總平均全校排名百分比,1、在校學業成績全校排名百分比 2、學測國文、英文、數學A、自然之級分總和 3、學測數學A級分 4、學測自然級分 5、學測英文級分 6、學測國文級分 7、物理學業成績總平均全校排名百分比,,,,,,,
00138,國立臺灣大學,工商管理學系科技管理組,第二類學群,5,9,0,0,頂標,頂標,前標,0,0,前標,0,在校學業成績全校排名百分比,學測國文、英文、數學A、自然之級分總和,學測數學A級分,學測英文級分,學測國文級分,數學學業成績總平均全校排名百分比,英語文學業成績總平均全校排名百分比,1、在校學業成績全校排名百分比 2、學測國文、英文、數學A、自然之級分總和 3、學測數學A級分 4、學測英文級分 5、學測國文級分 6、數學學業成績總平均全校排名百分比 7、英語文學業成績總平均全校排名百分比,,,,,,,本系網址：https://management.ntu.edu.tw/BA
00139,國立臺灣大學,資訊管理學系,第二類學群,3,9,0,0,頂標,頂標,頂標,0,0,頂標,0,在校學業成績全校排名百分比,學測國文、英文、數學A、自然之級分總和,學測數學A級分,學測英文級分,學測國文級分,學測自然級分,數學學業成績總平均全校排名百分比,1、在校學業成績全校排名百分比 2、學測國文、英文、數學A、自然之級分總和 3、學測數學A級分 4、學測英文級分 5、學測國文級分 6、學測自然級分 7、數學學業成績總平均全校排名百分比,,,,,,,"一、本系學士班之教育目標為使學生具備：1.紮實的資訊科技基礎、2.熟練的專業管理素養、3.寬廣的綜覽全局視
野、4.關懷社會的全人品格。
二、本系網址：https://management.ntu.edu.tw/IM"
00140,國立臺灣大學,電機工程學系,第二類學群,18,9,0,0,頂標,頂標,頂標,0,0,頂標,0,在校學業成績全校排名百分比,學測國文、英文、數學A、自然之級分總和,學測數學A級分,學測自然級分,學測英文級分,學測國文級分,數學學業成績總平均全校排名百分比,1、在校學業成績全校排名百分比 2、學測國文、英文、數學A、自然之級分總和 3、學測數學A級分 4、學測自然級分 5、學測英文級分 6、學測國文級分 7、數學學業成績總平均全校排名百分比,,,,,,,
00141,國立臺灣大學,資訊工程學系,第二類學群,10,9,0,0,前標,頂標,頂標,0,0,頂標,0,在校學業成績全校排名百分比,學測數學A級分,學測自然級分,學測英文級分,學測國文級分,數學學業成績總平均全校排名百分比,物理學業成績總平均全校排名百分比,1、在校學業成績全校排名百分比 2、學測數學A級分 3、學測自然級分 4、學測英文級分 5、學測國文級分 6、數學學業成績總平均全校排名百分比 7、物理學業成績總平均全校排名百分比,,,,,,,本系網址:https://csie.ntu.edu.tw/
00142,國立臺灣大學,心理學系,第三類學群,10,10,0,0,前標,前標,前標,0,0,前標,0,在校學業成績全校排名百分比,學測數學A級分,學測英文級分,學測國文級分,學測自然級分,生物學業成績總平均全校排名百分比,化學學業成績總平均全校排名百分比,1、在校學業成績全校排名百分比 2、學測數學A級分 3、學測英文級分 4、學測國文級分 5、學測自然級分 6、生物學業成績總平均全校排名百分比 7、化學學業成績總平均全校排名百分比,,,,,,,"1.本系網址：http://www.psy.ntu.edu.tw
2.E-mail：psych@ntu.edu.tw"
00143,國立臺灣大學,經濟學系C組,第三類學群,10,10,0,0,0,前標,頂標,0,0,前標,0,在校學業成績全校排名百分比,學測英文、數學A、自然之級分總和,學測數學A級分,數學學業成績總平均全校排名百分比,學測英文級分,英語文學業成績總平均全校排名百分比,學測自然級分,1、在校學業成績全校排名百分比 2、學測英文、數學A、自然之級分總和 3、學測數學A級分 4、數學學業成績總平均全校排名百分比 5、學測英文級分 6、英語文學業成績總平均全校排名百分比 7、學測自然級分,,,,,,,
00144,國立臺灣大學,藥學系,第三類學群,9,10,0,0,均標,均標,頂標,0,0,頂標,0,在校學業成績全校排名百分比,學測自然級分,學測數學A級分,學測國文、英文、數學A、自然之級分總和,學測英文級分,學測國文級分,化學學業成績總平均全校排名百分比,1、在校學業成績全校排名百分比 2、學測自然級分 3、學測數學A級分 4、學測國文、英文、數學A、自然之級分總和 5、學測英文級分 6、學測國文級分 7、化學學業成績總平均全校排名百分比,,,,,,,"1.修業年限六年。
2.本系部份課程如調劑學暨臨床藥學等，必須具備色彩觀察及辨識能力。部分課程以小組討論進行，宜具有人際
互動、溝通協調之能力。部分臨床課程須久站以照顧病人、具備抗壓能力、與醫療團隊溝通、建立醫病關係等，
必需具備適當之視覺、聽覺、口語表達、溝通以及個人安全維護的能力。
3.本系網址：https://rx.mc.ntu.edu.tw"
00145,國立臺灣大學,醫學檢驗暨生物技術學系,第三類學群,6,10,0,0,前標,前標,前標,0,0,頂標,0,在校學業成績全校排名百分比,學測國文、英文、數學A、自然之級分總和,學測自然級分,學測英文級分,學測數學A級分,化學學業成績總平均全校排名百分比,生物學業成績總平均全校排名百分比,1、在校學業成績全校排名百分比 2、學測國文、英文、數學A、自然之級分總和 3、學測自然級分 4、學測英文級分 5、學測數學A級分 6、化學學業成績總平均全校排名百分比 7、生物學業成績總平均全校排名百分比,,,,,,,"1.本系的實驗課程、實習課程與未來證照考試上都須具備有色彩觀察與辨識能力。
2.本系主修醫學檢驗與生物技術，畢業後可以報考醫事檢驗師高考取得專業證書，也可往生物技術領域發展。"
00146,國立臺灣大學,護理學系,第三類學群,6,10,0,0,0,均標,均標,0,0,均標,0,在校學業成績全校排名百分比,學測英文級分,學測數學A級分,學測自然級分,英語文學業成績總平均全校排名百分比,數學學業成績總平均全校排名百分比,生物學業成績總平均全校排名百分比,1、在校學業成績全校排名百分比 2、學測英文級分 3、學測數學A級分 4、學測自然級分 5、英語文學業成績總平均全校排名百分比 6、數學學業成績總平均全校排名百分比 7、生物學業成績總平均全校排名百分比,,,,,,,課程含實驗數據之判別，宜具備色彩觀察與辨識能力；臨床實習著重實作、小組討論、與病人溝通，須具備獨立行動、溝通及情緒管理能力，以維護自身與他人安全。
00147,國立臺灣大學,物理治療學系,第三類學群,7,10,0,0,前標,頂標,前標,0,0,頂標,0,在校學業成績全校排名百分比,英語文學業成績總平均全校排名百分比,學測英文級分,學測數學A級分,國語文學業成績總平均全校排名百分比,數學學業成績總平均全校排名百分比,生物學業成績總平均全校排名百分比,1、在校學業成績全校排名百分比 2、英語文學業成績總平均全校排名百分比 3、學測英文級分 4、學測數學A級分 5、國語文學業成績總平均全校排名百分比 6、數學學業成績總平均全校排名百分比 7、生物學業成績總平均全校排名百分比,,,,,,,"1.修業年限六年。
2.課程具有與人互動的特性，須具備醫學專業知識、醫療技能與人文素養，須學習鑑別病患之症狀、大體解剖、與病患及醫療團隊溝通、建立醫病關係、須具有視覺、聽覺、久站、運用肢體操作儀器、迅速移動、控管情緒、具抗壓能力。畢業後將進入醫療、健康促進等相關產業。
3.聯絡電話：(02)33668125
4.本系網址：https://www.mc.ntu.edu.tw/ntupt/"
00148,國立臺灣大學,職能治療學系,第三類學群,2,10,0,0,前標,前標,前標,0,0,前標,0,在校學業成績全校排名百分比,學測英文級分,學測國文級分,學測自然級分,學測數學A級分,英語文學業成績總平均全校排名百分比,數學學業成績總平均全校排名百分比,1、在校學業成績全校排名百分比 2、學測英文級分 3、學測國文級分 4、學測自然級分 5、學測數學A級分 6、英語文學業成績總平均全校排名百分比 7、數學學業成績總平均全校排名百分比,,,,,,,本系為醫療相關學系，課程具有與人直接互動的特性。學生於就學期間須與病患、照顧者及醫療團隊溝通、協助病患運用肢體、移行、建立醫病關係等。因此，學生必須具有良好之視覺、聽覺、口語表達、互動溝通能力，須能運用肢體協助病患，能迅速移動，具人際協調能力、能控管自身情緒並具相當之抗壓能力。
00149,國立臺灣大學,農藝學系,第三類學群,5,10,0,0,0,前標,前標,0,0,前標,0,在校學業成績全校排名百分比,學測國文、英文、數學A、自然之級分總和,學測自然級分,學測數學A級分,學測英文級分,生物學業成績總平均全校排名百分比,化學學業成績總平均全校排名百分比,1、在校學業成績全校排名百分比 2、學測國文、英文、數學A、自然之級分總和 3、學測自然級分 4、學測數學A級分 5、學測英文級分 6、生物學業成績總平均全校排名百分比 7、化學學業成績總平均全校排名百分比,,,,,,,"1.本系根據國際作物科學現況及前瞻發展，規劃學習方向，精心安排多種專攻領域課程，包含：作物科技栽培、作物生理與生物技術、作物基因體、作物育種學、應用生物統計、統計遺傳學、試驗設計學等。
2.本系必修課程包含植物辨識及病蟲害判讀等，需具有相當之視覺功能，以觀測、辨識圖像或影像。
3.本系網址: https://agron.ntu.edu.tw/Default.html"
00150,國立臺灣大學,農業化學系,第三類學群,4,10,0,0,前標,前標,前標,0,0,前標,0,在校學業成績全校排名百分比,學測國文、英文、數學A、自然之級分總和,學測自然級分,學測數學A級分,學測英文級分,化學學業成績總平均全校排名百分比,生物學業成績總平均全校排名百分比,1、在校學業成績全校排名百分比 2、學測國文、英文、數學A、自然之級分總和 3、學測自然級分 4、學測數學A級分 5、學測英文級分 6、化學學業成績總平均全校排名百分比 7、生物學業成績總平均全校排名百分比,,,,,,,"1.能親自組裝器材、量取藥品及操作儀器以進行實驗為本系訓練學習之重點。部分實驗結果之判別需要辨色能力
。實驗室環境亦需要在意外狀況下，能迅速離開之行動能力。
2.本系網址：https://ac.ntu.edu.tw/"
00151,國立臺灣大學,森林環境暨資源學系,第三類學群,7,10,2,2,0,均標,前標,0,0,前標,0,在校學業成績全校排名百分比,學測英文、數學A、自然之級分總和,學測自然級分,學測英文級分,學測數學A級分,生物學業成績總平均全校排名百分比,英語文學業成績總平均全校排名百分比,1、在校學業成績全校排名百分比 2、學測英文、數學A、自然之級分總和 3、學測自然級分 4、學測英文級分 5、學測數學A級分 6、生物學業成績總平均全校排名百分比 7、英語文學業成績總平均全校排名百分比,,,,,,,"1.本校系另招收原住民外加名額2名。
2.本系網址：  http://www.fo.ntu.edu.tw  。"
00152,國立臺灣大學,動物科學技術學系,第三類學群,8,10,0,0,前標,前標,均標,0,0,前標,0,在校學業成績全校排名百分比,學測自然級分,學測英文級分,學測國文級分,學測數學A級分,生物學業成績總平均全校排名百分比,英語文學業成績總平均全校排名百分比,1、在校學業成績全校排名百分比 2、學測自然級分 3、學測英文級分 4、學測國文級分 5、學測數學A級分 6、生物學業成績總平均全校排名百分比 7、英語文學業成績總平均全校排名百分比,,,,,,,本系有多門化學實驗課程，以及動物解剖學、動物個論 (乳牛學、豬學、家禽學)、乳品學、肉品學等多門接觸動物及工廠操作課程。必需具有相當之視覺、聽覺功能，良好之人際互動溝通協調能力，能控管自身情緒並有相當之抗壓能力，得運用肢體操作儀器設備、能迅速移動身體，具備維護自身安全之能力。（本系網址：http://www.ansc.ntu.edu.tw/Default.html）
00153,國立臺灣大學,農業經濟學系,第三類學群,8,10,1,2,均標,均標,均標,0,0,0,0,在校學業成績全校排名百分比,數學學業成績總平均全校排名百分比,英語文學業成績總平均全校排名百分比,國語文學業成績總平均全校排名百分比,學測國文、英文、數學A之級分總和,學測數學A級分,學測英文級分,1、在校學業成績全校排名百分比 2、數學學業成績總平均全校排名百分比 3、英語文學業成績總平均全校排名百分比 4、國語文學業成績總平均全校排名百分比 5、學測國文、英文、數學A之級分總和 6、學測數學A級分 7、學測英文級分,,,,,,,農經系以培養我國高級農業經濟人才為宗旨，配合國家現代化農業建設，並以追求世界一流之教學與研究水準，提升農業經濟學術地位為目標。大學部課程著重於經濟、會計、統計、農業與環境資源、農產運銷及農業政策等基礎知識的培養，並強化學生閱讀與吸收新知的能力，使其能快速掌握社會各部門的專業需求。歷屆系友除服務於政府部門外，亦廣泛投入農工商及金融界，學以致用，對國家與社會發展均有卓著貢獻。
00154,國立臺灣大學,園藝暨景觀學系,第三類學群,7,10,0,0,前標,前標,前標,0,0,前標,0,在校學業成績全校排名百分比,學測國文、英文、數學A、自然之級分總和,學測數學A級分,學測自然級分,學測國文級分,學測英文級分,英語文學業成績總平均全校排名百分比,1、在校學業成績全校排名百分比 2、學測國文、英文、數學A、自然之級分總和 3、學測數學A級分 4、學測自然級分 5、學測國文級分 6、學測英文級分 7、英語文學業成績總平均全校排名百分比,,,,,,,本系網址：http://www.hort.ntu.edu.tw
00155,國立臺灣大學,獸醫學系,第三類學群,5,10,0,0,前標,前標,前標,0,0,前標,0,在校學業成績全校排名百分比,學測國文級分,化學學業成績總平均全校排名百分比,學測數學A級分,學測英文級分,學測國文、英文、數學A、自然之級分總和,物理學業成績總平均全校排名百分比,1、在校學業成績全校排名百分比 2、學測國文級分 3、化學學業成績總平均全校排名百分比 4、學測數學A級分 5、學測英文級分 6、學測國文、英文、數學A、自然之級分總和 7、物理學業成績總平均全校排名百分比,,,,,,,診療實習含動物保定、聽觸診、影像及實驗檢測色彩判讀、與畜主溝通、病理解剖診斷等，皆需親自參與，需具有良好肢體、感官及溝通能力，且以分組合作與討論進行，需具有人際互動、溝通協調與控管情緒之能力，為從事獸醫師工作必需。
00156,國立臺灣大學,昆蟲學系,第三類學群,3,10,0,0,前標,前標,前標,0,0,前標,0,在校學業成績全校排名百分比,學測國文、英文、數學A、自然之級分總和,學測自然級分,學測英文級分,學測數學A級分,生物學業成績總平均全校排名百分比,化學學業成績總平均全校排名百分比,1、在校學業成績全校排名百分比 2、學測國文、英文、數學A、自然之級分總和 3、學測自然級分 4、學測英文級分 5、學測數學A級分 6、生物學業成績總平均全校排名百分比 7、化學學業成績總平均全校排名百分比,,,,,,,"1.因本系必修課程需透過顯微鏡來觀察昆蟲之形態與組織，需具有相當之視覺功能，以辨識圖像或影像，還有必修之野外實習課程，如步入森林、溪谷等地形，需具有良好體能、移動能力，申請者請斟酌考量。
2.本系提供優渥校、系級獎學金（如傅鐘、周敬亭、郭祝渝、高菊媛及中西化學獎學金）供符合資格之學生申請，請見本系網頁https://entomol.ntu.edu.tw/scholarships.html
3.聯絡電話：(02)33665582"
00157,國立臺灣大學,植物病理與微生物學系,第三類學群,2,10,1,2,前標,前標,前標,0,0,頂標,0,在校學業成績全校排名百分比,學測國文、英文、數學A、自然之級分總和,學測自然級分,學測英文級分,學測數學A級分,學測國文級分,生物學業成績總平均全校排名百分比,1、在校學業成績全校排名百分比 2、學測國文、英文、數學A、自然之級分總和 3、學測自然級分 4、學測英文級分 5、學測數學A級分 6、學測國文級分 7、生物學業成績總平均全校排名百分比,,,,,,,本系部分學習內容須透過顯微鏡來觀察植物之形態、組織及病徵，須具備有色彩觀察及辨識能力。
00158,國立臺灣大學,公共衛生學系,第三類學群,6,10,0,0,0,前標,前標,0,均標,前標,0,在校學業成績全校排名百分比,學測英文、數學A、社會、自然之級分總和,學測數學A級分,學測英文級分,學測自然級分,學測社會級分,英語文學業成績總平均全校排名百分比,1、在校學業成績全校排名百分比 2、學測英文、數學A、社會、自然之級分總和 3、學測數學A級分 4、學測英文級分 5、學測自然級分 6、學測社會級分 7、英語文學業成績總平均全校排名百分比,,,,,,,"本系必修課程包括生物、化學、生理學、微生物學及免疫學等，均有實驗室操作，學生須具備獨立操作、觀察
及顏色辨識能力。"
00159,國立臺灣大學,生命科學系,第三類學群,6,10,0,0,前標,頂標,前標,0,0,頂標,0,在校學業成績全校排名百分比,學測國文、英文、數學A、自然之級分總和,學測自然級分,學測英文級分,學測數學A級分,學測國文級分,生物學業成績總平均全校排名百分比,1、在校學業成績全校排名百分比 2、學測國文、英文、數學A、自然之級分總和 3、學測自然級分 4、學測英文級分 5、學測數學A級分 6、學測國文級分 7、生物學業成績總平均全校排名百分比,,,,,,,"1.本系著重基礎生物科學的研究，均衡發展現代生物學各重要領域，如分子細胞與發育生物學、微生物與免疫學、神經生物學、植物科學、系統生物學、遺傳與基因體學、演化生物學與生態學等。本系目標為培養一流生物科學研究與生技產業人才。
2.本系必修課程包含生物樣本影像判讀，考生宜具備彩色影像判讀能力。
3.聯絡電話：(02)33662495
4.本系網址：https://homepage.ntu.edu.tw/~deptlifesci/"
00160,國立臺灣大學,生化科技學系,第三類學群,4,10,0,0,前標,前標,頂標,0,0,頂標,0,在校學業成績全校排名百分比,學測國文、英文、數學A、自然之級分總和,學測自然級分,學測數學A級分,學測英文級分,學測國文級分,生物學業成績總平均全校排名百分比,1、在校學業成績全校排名百分比 2、學測國文、英文、數學A、自然之級分總和 3、學測自然級分 4、學測數學A級分 5、學測英文級分 6、學測國文級分 7、生物學業成績總平均全校排名百分比,,,,,,,"1.聯絡電話：(02)33662280
2.本系網址：https://bst.ntu.edu.tw
3.本系著重生物化學為核心的教學與研究，培養具基礎與應用能力的人才。
4.本系部分實驗課教學結果之判讀需要具備色彩觀察及辨識能力。"
00161,國立臺灣大學,醫學系,第八類學群,16,1,0,0,頂標,0,頂標,0,頂標,頂標,0,在校學業成績全校排名百分比,學測國文、數學A、社會、自然之級分總和,生物學業成績總平均全校排名百分比,化學學業成績總平均全校排名百分比,英語文學業成績總平均全校排名百分比,物理學業成績總平均全校排名百分比,數學學業成績總平均全校排名百分比,1、在校學業成績全校排名百分比 2、學測國文、數學A、社會、自然之級分總和 3、生物學業成績總平均全校排名百分比 4、化學學業成績總平均全校排名百分比 5、英語文學業成績總平均全校排名百分比 6、物理學業成績總平均全校排名百分比 7、數學學業成績總平均全校排名百分比,,,面試,100%,24,800,1.修業年限六年。2.部分課程須長時間操作顯微鏡、進行小組討論、久站照顧病人、或與醫療團隊和病人及家屬溝通、解釋病情，必須具備適當之色彩觀察及辨識能力、聽覺、口語表達、人際互動與溝通協調之能力、抗壓能力、以及維護個人安全能力。3.聯絡電話：(02)23123456轉288561。
00162,國立臺灣大學,牙醫學系,第八類學群,2,1,0,0,頂標,頂標,頂標,0,0,頂標,0,在校學業成績全校排名百分比,學測國文、英文、數學A、自然之級分總和,生物學業成績總平均全校排名百分比,化學學業成績總平均全校排名百分比,物理學業成績總平均全校排名百分比,英語文學業成績總平均全校排名百分比,數學學業成績總平均全校排名百分比,1、在校學業成績全校排名百分比 2、學測國文、英文、數學A、自然之級分總和 3、生物學業成績總平均全校排名百分比 4、化學學業成績總平均全校排名百分比 5、物理學業成績總平均全校排名百分比 6、英語文學業成績總平均全校排名百分比 7、數學學業成績總平均全校排名百分比,,,面試,100%,4,800,1.聯絡電話：02-23123456轉267718。2.部份課程透過顯微鏡判讀進行，必須具備色彩觀察及辨識能力。部分課程以小組討論進行，宜具有人際互動、溝通協調之能力。部分臨床課程須久站以照顧病患、具備抗壓能力、與醫療團隊溝通、建立醫病關係等，必需具備適當之視覺、聽覺、口語表達、溝通以及個人安全維護的能力。3.修業年限六年。
00201,國立臺灣師範大學,教育學系,第一類學群,8,9,2,9,前標,前標,0,0,均標,0,0,在校學業成績全校排名百分比,學測國文、英文、數學B、社會之級分總和,學測國文級分,學測英文級分,學測社會級分,學測數學B級分,國語文學業成績總平均全校排名百分比,1、在校學業成績全校排名百分比 2、學測國文、英文、數學B、社會之級分總和 3、學測國文級分 4、學測英文級分 5、學測社會級分 6、學測數學B級分 7、國語文學業成績總平均全校排名百分比,,,,,,,學系網址：https://www.ed.ntnu.edu.tw/；聯絡電話：(02)7749-3885齊助教。
00202,國立臺灣師範大學,教育心理與輔導學系,第一類學群,8,9,3,9,均標,前標,0,均標,均標,0,0,在校學業成績全校排名百分比,學測英文級分,學測國文級分,學測數學B級分,英語文學業成績總平均全校排名百分比,國語文學業成績總平均全校排名百分比,數學學業成績總平均全校排名百分比,1、在校學業成績全校排名百分比 2、學測英文級分 3、學測國文級分 4、學測數學B級分 5、英語文學業成績總平均全校排名百分比 6、國語文學業成績總平均全校排名百分比 7、數學學業成績總平均全校排名百分比,,,,,,,"1.本系課程包括教育心理、輔導與諮商、測驗與評量、實習等，畢業後出路可擔任中等學校輔導科老師或高中生涯規劃科老師、至輔導相關機構任職、或通過高考成為少年調查官、少年保護官、心理測驗員、心理輔導員。亦可繼續進修成為心理師、人力資源管理師、職涯發展諮詢師、運動心理教練，或從事專業研究等。
2.學系網址：https://www.epc.ntnu.edu.tw；黃芃瑜行政專員，聯絡電話：(02)7749-3758。"
00203,國立臺灣師範大學,社會教育學系,第一類學群,6,9,2,9,均標,均標,0,均標,均標,0,0,在校學業成績全校排名百分比,學測社會級分,學測國文級分,國語文學業成績總平均全校排名百分比,學測英文級分,英語文學業成績總平均全校排名百分比,學測數學B級分,1、在校學業成績全校排名百分比 2、學測社會級分 3、學測國文級分 4、國語文學業成績總平均全校排名百分比 5、學測英文級分 6、英語文學業成績總平均全校排名百分比 7、學測數學B級分,,,,,,,"1.本系以社會教育為主軸，培養文化傳播、文化行銷、文化事業及社會教育事業與社會教育產業所需經營、規劃、設計與推動跨領域專業人才。
2.本系自99學年度起奉教育部核定為非中等學校師資培育學系。
3.本系網站:http://www.ace.ntnu.edu.tw；承辦人：林柏辰助教；連絡電話：(02)7749-3806。"
00204,國立臺灣師範大學,幼兒與家庭科學學系家庭生活與教育組,第一類學群,7,9,0,0,均標,均標,0,0,0,0,0,在校學業成績全校排名百分比,學測國文、英文、數學B之級分總和,學測英文級分,學測國文級分,英語文學業成績總平均全校排名百分比,國語文學業成績總平均全校排名百分比,數學學業成績總平均全校排名百分比,1、在校學業成績全校排名百分比 2、學測國文、英文、數學B之級分總和 3、學測英文級分 4、學測國文級分 5、英語文學業成績總平均全校排名百分比 6、國語文學業成績總平均全校排名百分比 7、數學學業成績總平均全校排名百分比,,,,,,,"1.學系網址：https://www.cfs.ntnu.edu.tw，承辦人林亞寧，聯絡電話：(02)7749-1416。
2.本系(原人類發展與家庭學系)是國內唯一設有家庭相關專業博、碩、學士班之學系。本組之教育目標為培養學生推展家庭生活教育知能、尊重及關懷家庭素養。畢業後依相關規定可擔任國中、高中、高職教師，家庭生活教育專業人員，家庭相關產業之企畫執行專業人員。中五學制學生應依規定補修學分。如有意擔任中學教師者得依規定加修相關課程。"
00205,國立臺灣師範大學,幼兒與家庭科學學系幼兒發展與教育組,第一類學群,7,9,0,0,均標,均標,0,0,0,0,0,在校學業成績全校排名百分比,學測國文、英文、數學B之級分總和,學測英文級分,學測國文級分,英語文學業成績總平均全校排名百分比,國語文學業成績總平均全校排名百分比,數學學業成績總平均全校排名百分比,1、在校學業成績全校排名百分比 2、學測國文、英文、數學B之級分總和 3、學測英文級分 4、學測國文級分 5、英語文學業成績總平均全校排名百分比 6、國語文學業成績總平均全校排名百分比 7、數學學業成績總平均全校排名百分比,,,,,,,"1.學系網址：https://www.cfs.ntnu.edu.tw，承辦人林亞寧，聯絡電話：(02)7749-1416。
2.本組自109學年度起培育幼兒園教師，學士班新生得依規定參加甄選，通過後取得修習資格。
3.本系(原人類發展與家庭學系)是國內唯一設有幼兒發展與教育博、碩、學士班之學系。本組教育目標為培養學生具幼兒發展與教育之專業知能，尊重及關懷家庭幼兒之素養及研究創新之能力。畢業後依相關規定可擔任高職教師、幼教師、教保員、研究人員及教保相關產業專業人員。中五學制學生應依規定補修學分。如有意擔任中學教師者得依規定加修相關課程。"
00206,國立臺灣師範大學,公民教育與活動領導學系,第一類學群,12,9,3,9,前標,均標,0,均標,前標,0,0,在校學業成績全校排名百分比,學測國文、英文、數學B、社會之級分總和,學測社會級分,學測國文級分,學測英文級分,公民與社會學業成績總平均全校排名百分比,英語文學業成績總平均全校排名百分比,1、在校學業成績全校排名百分比 2、學測國文、英文、數學B、社會之級分總和 3、學測社會級分 4、學測國文級分 5、學測英文級分 6、公民與社會學業成績總平均全校排名百分比 7、英語文學業成績總平均全校排名百分比,,,,,,,"1.學系網址：http://cve.ntnu.edu.tw/
2.系聯絡電話：02-7749-1868 陳翊芸助教"
00207,國立臺灣師範大學,特殊教育學系,第一類學群,6,9,0,0,均標,均標,0,0,0,0,0,在校學業成績全校排名百分比,學測國文、英文之級分總和,學測國文級分,學測英文級分,國語文學業成績總平均全校排名百分比,英語文學業成績總平均全校排名百分比,公民與社會學業成績總平均全校排名百分比,1、在校學業成績全校排名百分比 2、學測國文、英文之級分總和 3、學測國文級分 4、學測英文級分 5、國語文學業成績總平均全校排名百分比 6、英語文學業成績總平均全校排名百分比 7、公民與社會學業成績總平均全校排名百分比,,,,,,,"1.學系網址：https://www.spe.ntnu.edu.tw/；聯絡電話：(02)77495024 周佩蓉助教。
2.本系為全師培系所，任務與目標在於培育具專業素養之特殊教育人才、深化特殊教育學術研究、引導特殊教育全面發展及促進社會關懷與融合。"
00208,國立臺灣師範大學,教育學院學士班,第一類學群,7,9,1,9,均標,前標,均標,均標,均標,0,0,在校學業成績全校排名百分比,學測英文級分,英語文學業成績總平均全校排名百分比,學測國文、英文之級分總和,學測國文級分,國語文學業成績總平均全校排名百分比,學測社會級分,1、在校學業成績全校排名百分比 2、學測英文級分 3、英語文學業成績總平均全校排名百分比 4、學測國文、英文之級分總和 5、學測國文級分 6、國語文學業成績總平均全校排名百分比 7、學測社會級分,,,,,,,"1. 學士班網址：http://www.tpicoe.ntnu.edu.tw/；聯絡電話:02-77496996 汪微萍助教
2. 本班發展主軸為「跨領域X跨地域」，為四年制全英語授課，以培育國際教育領導創新人才為目標，同時兼具3領域之第二專長培養：數位與文教創新、健康與樂活以及人力資源與職涯規劃。學生在學期間，除具修習國際教育領導創新人才之專長領域，應選擇一個或以上之第二領域專長。本班學生除跨領域學習外，同時將藉由跨地域之學習（如海外師資共同授課、海外參訪交流等活動）增進國際足跡以及全球化之國際思維。"
00209,國立臺灣師範大學,國文學系,第一類學群,25,9,1,9,前標,前標,0,0,前標,0,0,在校學業成績全校排名百分比,學測國文級分,國語文學業成績總平均全校排名百分比,學測英文級分,英語文學業成績總平均全校排名百分比,學測社會級分,歷史學業成績總平均全校排名百分比,1、在校學業成績全校排名百分比 2、學測國文級分 3、國語文學業成績總平均全校排名百分比 4、學測英文級分 5、英語文學業成績總平均全校排名百分比 6、學測社會級分 7、歷史學業成績總平均全校排名百分比,,,,,,,學系網址：https://ch.ntnu.edu.tw；聯絡電話：(02)77491603蔡助教
00210,國立臺灣師範大學,英語學系,第一類學群,9,9,0,0,前標,頂標,0,0,0,0,0,在校學業成績全校排名百分比,學測英文級分,英語文學業成績總平均全校排名百分比,學測國文、英文、數學B、社會之級分總和,國語文學業成績總平均全校排名百分比,學測國文級分,數學學業成績總平均全校排名百分比,1、在校學業成績全校排名百分比 2、學測英文級分 3、英語文學業成績總平均全校排名百分比 4、學測國文、英文、數學B、社會之級分總和 5、國語文學業成績總平均全校排名百分比 6、學測國文級分 7、數學學業成績總平均全校排名百分比,,,,,,,"1. 聯絡電話(02)7749-1802 王助教。
2. 本系網址：https://www.eng.ntnu.edu.tw/
3. 本系學生畢業前須通過全民英檢中高級複試檢定（或等同之國際標準化測驗），始得畢業。
4. 招生目標：招收對文學、語言學、英語教學有興趣、有能力，並有志於從事以上三大領域研究或教學相關工作的學生。"
00211,國立臺灣師範大學,歷史學系,第一類學群,7,9,0,0,前標,前標,0,均標,前標,0,0,在校學業成績全校排名百分比,歷史學業成績總平均全校排名百分比,學測國文、英文、社會之級分總和,學測社會級分,學測國文級分,學測英文級分,國語文學業成績總平均全校排名百分比,1、在校學業成績全校排名百分比 2、歷史學業成績總平均全校排名百分比 3、學測國文、英文、社會之級分總和 4、學測社會級分 5、學測國文級分 6、學測英文級分 7、國語文學業成績總平均全校排名百分比,,,,,,,"1.	本系網址：https://www.his.ntnu.edu.tw；聯絡電話：(02)7749-1502王助教。
2.	本系為師培與非師培並行學系。本系旨在培育優秀的歷史專業人才，招收對歷史研究具有特殊性向及潛力之高中畢業學生。
3.	錄取本系者，其「英文能力畢業標準」依本系修業規定辦理。"
00212,國立臺灣師範大學,地理學系,第一類學群,10,9,1,9,前標,前標,0,均標,前標,0,0,在校學業成績全校排名百分比,學測數學B級分,學測社會級分,學測國文級分,學測英文級分,地理學業成績總平均全校排名百分比,地球科學學業成績總平均全校排名百分比,1、在校學業成績全校排名百分比 2、學測數學B級分 3、學測社會級分 4、學測國文級分 5、學測英文級分 6、地理學業成績總平均全校排名百分比 7、地球科學學業成績總平均全校排名百分比,,,,,,,"1.學系網址:https://www.geo.ntnu.edu.tw/；連絡電話：(02)7749-1652李宜梅助教。
2.本系必修及選修課程經常有野外實察及圖像處理，需具有良好體能、移動能力，並具有相當之視覺功能，以觀測、辨識圖像或影像。
3.本系部分為中等學校師資培育，亦提供環境監測與防災、區域與觀光規劃、空間資訊等專才培育。"
00213,國立臺灣師範大學,臺灣語文學系,第一類學群,3,9,0,0,前標,前標,0,0,前標,0,0,在校學業成績全校排名百分比,學測社會級分,學測英文級分,學測國文級分,學測國文、英文、社會之級分總和,歷史學業成績總平均全校排名百分比,英語文學業成績總平均全校排名百分比,1、在校學業成績全校排名百分比 2、學測社會級分 3、學測英文級分 4、學測國文級分 5、學測國文、英文、社會之級分總和 6、歷史學業成績總平均全校排名百分比 7、英語文學業成績總平均全校排名百分比,,,,,,,"台文系網址：http://www.tcll.ntnu.edu.tw/
連絡電話：( 02 ) 7749 - 5516 吳佩臻行政專員
連絡傳真：( 02 ) 3365 - 2549
課程涵蓋文學、語言學、社會學、歷史學、人類學、傳播學等，以跨領域的課程設計，培養多元化人才。"
00214,國立臺灣師範大學,華語文教學系應用華語文學組,第一類學群,8,9,1,9,均標,均標,0,0,0,0,0,在校學業成績全校排名百分比,學測國文、英文之級分總和,學測英文級分,學測國文級分,英語文學業成績總平均全校排名百分比,國語文學業成績總平均全校排名百分比,歷史學業成績總平均全校排名百分比,1、在校學業成績全校排名百分比 2、學測國文、英文之級分總和 3、學測英文級分 4、學測國文級分 5、英語文學業成績總平均全校排名百分比 6、國語文學業成績總平均全校排名百分比 7、歷史學業成績總平均全校排名百分比,,,,,,,"1.本系旨在培育以華語作為第二語言之教學師資、教材開發與編輯、國際文化事務行政、學術研究等具備跨域整合能力及跨文化之專業人才。課程含語言、文化、教學等領域。學生畢業後可投入華語文教育產業或從事華語文相關學術研究。
2.錄取之學生須通過本系規定之外語能力畢業門檻方可畢業。
3.學系網址：https://www.tcsl.ntnu.edu.tw/；電話：(02)7749-3632(袁助教)。"
00215,國立臺灣師範大學,東亞學系,第一類學群,10,9,1,9,均標,前標,0,均標,均標,0,0,在校學業成績全校排名百分比,學測國文、英文、數學B、社會之級分總和,學測英文級分,學測國文級分,學測數學B級分,學測社會級分,英語文學業成績總平均全校排名百分比,1、在校學業成績全校排名百分比 2、學測國文、英文、數學B、社會之級分總和 3、學測英文級分 4、學測國文級分 5、學測數學B級分 6、學測社會級分 7、英語文學業成績總平均全校排名百分比,,,,,,,"1. 本系為跨領域之專業科系，培育區域研究及其應用能力之跨領域人才，課程規劃有「文化與應用領域」、「政經與區域發展領域」兩大領域，並開設有第二外語課程（日、韓、越）課程，積極鼓勵學生赴東亞或歐美國家等姊妹校交換。
2.本系網址：http://www.deas.ntnu.edu.tw/，聯絡電話:02-7749-5413（謝助教）。
3. 本系上課地點在臺北市和平校區（台北市和平東路），錄取之學生須通過外語能力畢業門檻方可畢業。"
00216,國立臺灣師範大學,企業管理學系,第一類學群,8,9,0,0,均標,均標,均標,前標,0,0,0,在校學業成績全校排名百分比,學測英文級分,學測國文級分,英語文學業成績總平均全校排名百分比,數學學業成績總平均全校排名百分比,國語文學業成績總平均全校排名百分比,學測國文、英文之級分總和,1、在校學業成績全校排名百分比 2、學測英文級分 3、學測國文級分 4、英語文學業成績總平均全校排名百分比 5、數學學業成績總平均全校排名百分比 6、國語文學業成績總平均全校排名百分比 7、學測國文、英文之級分總和,,,,,,,"1.本學系以培養具人文素養的專業管理領導人才為教育宗旨。學系特色：(1)多國學生合班上課，並可至國外一流大學攻讀3+1.5學碩雙聯(如美國天普大學、新加坡管理大學MITB)或交換學生(如賓州州立大學、英屬哥倫比亞大學)(2)企業實習課程融合理論與實務，結合本校豐沛人文教育資源，提升學生就業競爭力及職場即戰力(3)國立臺灣大學系統提供學生至臺大及臺科大跨校系選課。網址：http://www.ba.ntnu.edu.tw/電話:(02)77493297洪小姐。
2.本學系為非師資培育學系，上課地點為臺北市和平校區。錄取之新生須於畢業前通過本系規定之外語能力畢業資格檢定標準，始符合畢業資格。"
00217,國立臺灣師範大學,學習科學學士學位學程,第二類學群,4,8,0,0,均標,均標,均標,0,0,0,0,在校學業成績全校排名百分比,學測數學A級分,數學學業成績總平均全校排名百分比,學測國文級分,國語文學業成績總平均全校排名百分比,學測英文級分,英語文學業成績總平均全校排名百分比,1、在校學業成績全校排名百分比 2、學測數學A級分 3、數學學業成績總平均全校排名百分比 4、學測國文級分 5、國語文學業成績總平均全校排名百分比 6、學測英文級分 7、英語文學業成績總平均全校排名百分比,,,,,,,"1.本學程師資除了整合校內重要相關之資源，亦網羅了校內許多優秀的師資支援開授相關課程，其中不乏得過國內諸多重要獎項之學者，如教育部國家講座、教育部學術獎、國科會吳大猷先生紀念獎等；本學程以培育學習科學專業人才為目標，畢業後可從事資料科學、數位學習及圖書資訊服務相關工作。
2.學系網址:https://www.upls.ntnu.edu.tw/；聯絡電話:(02)7749-5622侯小姐；地址:106臺北市大安區和平東路一段129號(和平校區Ⅱ 教育學院大樓一樓)"
00218,國立臺灣師範大學,數學系,第二類學群,14,8,0,0,0,均標,前標,0,0,均標,0,在校學業成績全校排名百分比,學測數學A級分,數學學業成績總平均全校排名百分比,學測英文級分,英語文學業成績總平均全校排名百分比,學測自然級分,物理學業成績總平均全校排名百分比,1、在校學業成績全校排名百分比 2、學測數學A級分 3、數學學業成績總平均全校排名百分比 4、學測英文級分 5、英語文學業成績總平均全校排名百分比 6、學測自然級分 7、物理學業成績總平均全校排名百分比,,,,,,,"1.招生目標：招收對數學有能力、有興趣，並有志於從事數學教學或數學研究工作的學生。
2.學系網址：https://www.math.ntnu.edu.tw/
3.學系地址：116 臺北市文山區汀州路四段88號 師大公館校區 數學館。
4.聯絡電話：(02)7749-6580 郭小姐。"
00219,國立臺灣師範大學,物理學系,第二類學群,6,8,0,0,0,均標,前標,0,0,均標,0,在校學業成績全校排名百分比,學測數學A級分,學測自然級分,學測英文級分,物理學業成績總平均全校排名百分比,數學學業成績總平均全校排名百分比,英語文學業成績總平均全校排名百分比,1、在校學業成績全校排名百分比 2、學測數學A級分 3、學測自然級分 4、學測英文級分 5、物理學業成績總平均全校排名百分比 6、數學學業成績總平均全校排名百分比 7、英語文學業成績總平均全校排名百分比,,,,,,,"1.本系以半導體、光電物理、奈米材料、量子計算、天文宇宙學、高能物理、生物物理為發展特色，課程兼顧理論應用、實驗技術與人工智慧，培養解決實務問題之能力。
2.學系網址：https://www2.phy.ntnu.edu.tw/ 聯絡電話：(02)77496004 高助教"
00220,國立臺灣師範大學,物理學系國際組,第二類學群,6,8,0,0,0,均標,均標,0,0,均標,0,在校學業成績全校排名百分比,學測英文級分,學測數學A級分,學測自然級分,物理學業成績總平均全校排名百分比,數學學業成績總平均全校排名百分比,英語文學業成績總平均全校排名百分比,1、在校學業成績全校排名百分比 2、學測英文級分 3、學測數學A級分 4、學測自然級分 5、物理學業成績總平均全校排名百分比 6、數學學業成績總平均全校排名百分比 7、英語文學業成績總平均全校排名百分比,,,,,,,"1.本系以半導體、光電物理、奈米材料、量子計算、天文宇宙學、高能物理、生物物理為發展特色，課程兼顧理論應用、實驗技術與人工智慧，培養解決實務問題之能力。
2.本組學生須修習本系開授必選及選修課程達本校全英語授課等級認證基準E3等級(64學分)。
3.本系將提供海外實習、研究交流資源，以銜接國際雙聯碩、博士學位或雙語教師為目標。
4.學系網址：https://www2.phy.ntnu.edu.tw/ 聯絡電話：(02)77496004 高助教"
00221,國立臺灣師範大學,化學系,第二類學群,12,8,0,0,均標,均標,前標,0,0,頂標,0,在校學業成績全校排名百分比,學測自然級分,學測數學A級分,學測英文級分,化學學業成績總平均全校排名百分比,數學學業成績總平均全校排名百分比,英語文學業成績總平均全校排名百分比,1、在校學業成績全校排名百分比 2、學測自然級分 3、學測數學A級分 4、學測英文級分 5、化學學業成績總平均全校排名百分比 6、數學學業成績總平均全校排名百分比 7、英語文學業成績總平均全校排名百分比,,,,,,,"1.本系課程涵蓋物化、有機、無機、分析四大核心，並擴及生化醫學、奈米材料、能源永續、AI、化學教育等新興領域。我們提供國際雙聯學位、海外交換、產業實習等多元機會，旨在培養具備前瞻視野的專業人才。本系設備完善，重視實驗能力與實作經驗。化學實驗具一定危險性，需具備靈活的判斷與反應能力。
2.學系網址：http://www.chem.ntnu.edu.tw
3.聯絡電話：(02)7749-6109林彥慧助教。"
00222,國立臺灣師範大學,地球科學系,第二類學群,16,8,2,4,0,均標,均標,0,0,均標,0,在校學業成績全校排名百分比,學測國文、英文、數學A、自然之級分總和,學測自然級分,學測數學A級分,地球科學學業成績總平均全校排名百分比,學測國文級分,學測英文級分,1、在校學業成績全校排名百分比 2、學測國文、英文、數學A、自然之級分總和 3、學測自然級分 4、學測數學A級分 5、地球科學學業成績總平均全校排名百分比 6、學測國文級分 7、學測英文級分,,,,,,,"1.面對氣候變遷，尋求永續發展，是全人類必須共同具備的知能。在國內地球科學各相關系所中，本系是師資專業唯一同時涵蓋天文、大氣、地質、地球物理及海洋等地球科學五大學術領域之學系，並完整囊括地球系統科學各面向之教研與師資培育體系。本系提供充分地科教學知能和教育專業知識，培育健全之中學地球科學師資。本系旨在培養熱愛自然、具永續發展、系統性跨領域思維、及解決問題能力之專業人才，讓畢業生得以從容面對多變的世界，進入產、官、學等多元職場，因應未來的挑戰。
2.地科系網址:https://www.es.ntnu.edu.tw/，系所承辦人：林純綿助教，電話：02-7749-6375。"
00223,國立臺灣師範大學,資訊工程學系,第二類學群,7,8,0,0,均標,前標,前標,0,0,前標,0,在校學業成績全校排名百分比,學測數學A級分,學測英文級分,學測自然級分,數學學業成績總平均全校排名百分比,英語文學業成績總平均全校排名百分比,資訊科技學業成績總平均全校排名百分比,1、在校學業成績全校排名百分比 2、學測數學A級分 3、學測英文級分 4、學測自然級分 5、數學學業成績總平均全校排名百分比 6、英語文學業成績總平均全校排名百分比 7、資訊科技學業成績總平均全校排名百分比,,,,,,,"1.本系提供五年一貫修讀機會，學生可於五年完成學士及碩士學位。
2.本系鼓勵產學合作及國際交流，每年提供交換生名額至世界名校瑞典Uppsala University。
3.本系網址：https://www.csie.ntnu.edu.tw
4.連絡電話：(02)7749-6655陳姿婷小姐。"
00224,國立臺灣師範大學,科技應用與人力資源發展學系,第二類學群,11,8,1,4,0,均標,前標,0,0,均標,0,在校學業成績全校排名百分比,學測英文、數學A、自然之級分總和,學測數學A級分,學測自然級分,學測英文級分,英語文學業成績總平均全校排名百分比,數學學業成績總平均全校排名百分比,1、在校學業成績全校排名百分比 2、學測英文、數學A、自然之級分總和 3、學測數學A級分 4、學測自然級分 5、學測英文級分 6、英語文學業成績總平均全校排名百分比 7、數學學業成績總平均全校排名百分比,,,,,,,"1.學系網址:https://www.tahrd.ntnu.edu.tw/
2.連絡電話:02-7749-3434林助教"
00225,國立臺灣師範大學,圖文傳播學系,第二類學群,5,8,0,0,均標,均標,均標,0,0,0,0,在校學業成績全校排名百分比,學測英文級分,英語文學業成績總平均全校排名百分比,學測國文級分,國語文學業成績總平均全校排名百分比,學測數學A級分,數學學業成績總平均全校排名百分比,1、在校學業成績全校排名百分比 2、學測英文級分 3、英語文學業成績總平均全校排名百分比 4、學測國文級分 5、國語文學業成績總平均全校排名百分比 6、學測數學A級分 7、數學學業成績總平均全校排名百分比,,,,,,,"1.招生目標:本系以培育多媒體影像與印刷出版科技人才為宗旨。
2.學系網址:https://www.gac.ntnu.edu.tw/
3.聯絡電話:(02)7749-3594沈助教。
4.學系地址:台北市大安區和平東路1段162號。"
00226,國立臺灣師範大學,機電工程學系,第二類學群,6,8,2,4,均標,均標,前標,0,0,均標,0,在校學業成績全校排名百分比,學測國文、英文、數學A、自然之級分總和,學測數學A級分,學測英文級分,數學學業成績總平均全校排名百分比,學測自然級分,學測國文級分,1、在校學業成績全校排名百分比 2、學測國文、英文、數學A、自然之級分總和 3、學測數學A級分 4、學測英文級分 5、數學學業成績總平均全校排名百分比 6、學測自然級分 7、學測國文級分,,,,,,,"1.本系著重機電設計與整合的重點技術，強調技術及實務應用，有別於純工程學術領域。以機電工程為起點，朝向智慧型自動化系統、光機電整合系統、精密量測與感測技術及微/奈米機電系統等方向發展。學生亦可甄選修習教育學程，成為技術型高中教師，出路多元。
2.本系提供學、碩士五年一貫修讀機會，學生可於五年內完成學、碩士學位。
3.學生須通過本系規定之外語能力畢業資格檢定標準，始符合畢業資格。
4.學系網址：http://www.me.ntnu.edu.tw/；聯絡電話：02-77493501 陳助教。"
00227,國立臺灣師範大學,電機工程學系,第二類學群,6,8,0,0,0,均標,前標,0,0,前標,0,在校學業成績全校排名百分比,學測數學A級分,學測自然級分,學測英文級分,數學學業成績總平均全校排名百分比,物理學業成績總平均全校排名百分比,英語文學業成績總平均全校排名百分比,1、在校學業成績全校排名百分比 2、學測數學A級分 3、學測自然級分 4、學測英文級分 5、數學學業成績總平均全校排名百分比 6、物理學業成績總平均全校排名百分比 7、英語文學業成績總平均全校排名百分比,,,,,,,"1.本系成立宗旨在於整合電子、電機、資訊、控制等學門之工程技術，以培養跨領域具系統整合能力之電機與電子科技人才為目標。教學方向強調理論與實務並重之訓練，使學生具備就業競爭力。學生亦可甄選修習教育學程成為高職教師，出路多元。
2.因本系課程需操作儀器設備，學生需具備色彩辨識，獨立操作與安全維護能力。
3.學系網址：https://www.ee.ntnu.edu.tw/; 連絡電話：(02)7749-3531鄭助教。"
00228,國立臺灣師範大學,車輛與能源工程學士學位學程,第二類學群,1,8,0,0,均標,均標,均標,0,0,前標,0,在校學業成績全校排名百分比,學測英文、數學A、自然之級分總和,學測數學A級分,學測自然級分,學測英文級分,學測國文級分,數學學業成績總平均全校排名百分比,1、在校學業成績全校排名百分比 2、學測英文、數學A、自然之級分總和 3、學測數學A級分 4、學測自然級分 5、學測英文級分 6、學測國文級分 7、數學學業成績總平均全校排名百分比,,,,,,,"1.本學位學程旨在培育車輛與能源應用專業領域人才，核心課程涵蓋車輛、能源、機電整合、學術與技術導向等專業課程，培養具備車輛與能源相關理論分析與實作之能力，以期學生畢業後能投入車輛工程與技術及能源工程與技術等相關產業，相關說明請參見本學位學程網頁。
2.本學位學程實驗課程包含大量儀器及設備操作，學生需具備獨立操作能力及個人安全維護能力。
3.聯絡電話：02-7749-6494 承辦人：王素菁助教
4.學程網址：https://en.vee.ntnu.edu.tw/"
00229,國立臺灣師範大學,光電工程學士學位學程,第二類學群,3,8,2,4,均標,前標,前標,0,0,前標,0,在校學業成績全校排名百分比,學測自然級分,學測數學A級分,學測英文級分,物理學業成績總平均全校排名百分比,數學學業成績總平均全校排名百分比,化學學業成績總平均全校排名百分比,1、在校學業成績全校排名百分比 2、學測自然級分 3、學測數學A級分 4、學測英文級分 5、物理學業成績總平均全校排名百分比 6、數學學業成績總平均全校排名百分比 7、化學學業成績總平均全校排名百分比,,,,,,,"1.本學程強調跨領域學習，旨在培養學生獨立思考與自我學習；短期以精進學術專業，中長期目標則在強化產學合作，以實現學界協助國內產業發展；積極鼓勵同學五年取得學、碩士學位，並輔導相關就業和出國進修。
2.詳細說明及介紹，請參見本學位學程網頁：http://www.ieo.ntnu.edu.tw/
3.系所聯絡資訊：電話：(02)7749-6730、E-mail:ieo@ntnu.edu.tw;upeoe@ntnu.edu.tw 周助教"
00230,國立臺灣師範大學,設計學系產品設計組,第二類學群,3,8,0,0,均標,均標,0,均標,0,0,0,在校學業成績全校排名百分比,學測國文、英文、數學B之級分總和,學測英文級分,學測國文級分,學測數學B級分,英語文學業成績總平均全校排名百分比,國語文學業成績總平均全校排名百分比,1、在校學業成績全校排名百分比 2、學測國文、英文、數學B之級分總和 3、學測英文級分 4、學測國文級分 5、學測數學B級分 6、英語文學業成績總平均全校排名百分比 7、國語文學業成績總平均全校排名百分比,,,,,,,"本系以培育跨領域設計專業人才為招生目標，分為「視覺設計」及「產品設計」兩項設計專業，並設有「室內設計學分學程」及科技藝術課程，提供有興趣的學生選讀。
本系課程需具色彩辨識、親自操作及個人安全維護能力。
學系網址：https://www.design.ntnu.edu.tw/；聯絡電話：02-77495584 羅小姐"
00231,國立臺灣師範大學,健康促進與衛生教育學系,第三類學群,12,2,1,2,均標,均標,均標,0,0,均標,0,在校學業成績全校排名百分比,學測國文、英文、數學A、自然之級分總和,學測英文級分,學測自然級分,學測數學A級分,學測國文級分,英語文學業成績總平均全校排名百分比,1、在校學業成績全校排名百分比 2、學測國文、英文、數學A、自然之級分總和 3、學測英文級分 4、學測自然級分 5、學測數學A級分 6、學測國文級分 7、英語文學業成績總平均全校排名百分比,,,,,,,"1.本系連絡電話(02)7749-1718 劉助教
2.本學系網址:https://www.he.ntnu.edu.tw/
3.招生目標(1)培養高級中等以下學校健康教育師資(2)造就健康促進與衛生教育專業人才"
00232,國立臺灣師範大學,營養科學學士學位學程,第三類學群,7,2,1,2,均標,均標,均標,0,0,均標,0,在校學業成績全校排名百分比,學測國文、英文、數學A、自然之級分總和,學測自然級分,學測英文級分,學測數學A級分,化學學業成績總平均全校排名百分比,英語文學業成績總平均全校排名百分比,1、在校學業成績全校排名百分比 2、學測國文、英文、數學A、自然之級分總和 3、學測自然級分 4、學測英文級分 5、學測數學A級分 6、化學學業成績總平均全校排名百分比 7、英語文學業成績總平均全校排名百分比,,,,,,,"1.營養科學學士學位學程網站：http://www.nutrition.ntnu.edu.tw/ 聯絡電話：（02）7749-6275張小姐。
2.本學位學程旨在培育營養專業領域人才，核心課程包括食品、營養、生理、生化、臨床營養、社區營養與團體膳食管理等。畢業後依相關規定可擔任營養師、食品及餐飲相關專業人員。"
00233,國立臺灣師範大學,生命科學系,第三類學群,9,2,0,0,0,前標,前標,0,0,前標,0,在校學業成績全校排名百分比,學測自然級分,生物學業成績總平均全校排名百分比,學測英文級分,英語文學業成績總平均全校排名百分比,學測數學A級分,學測英文、數學A、自然之級分總和,1、在校學業成績全校排名百分比 2、學測自然級分 3、生物學業成績總平均全校排名百分比 4、學測英文級分 5、英語文學業成績總平均全校排名百分比 6、學測數學A級分 7、學測英文、數學A、自然之級分總和,,,,,,,"1.招生目標：對生命科學具特殊性向與才能者，期能培育優秀的生命科學人才。
2.本系必修課包含實驗儀器操作，需具親自操作及個人安全維護能力。
3.學系網址：http://www.biol.ntnu.edu.tw/；聯絡電話(02)7749-6291翁小姐。"
00234,國立臺灣師範大學,設計學系視覺設計組,第五類學群,2,2,0,0,均標,均標,0,0,0,0,0,在校學業成績全校排名百分比,美術學業成績總平均全校排名百分比,學測國文、英文之級分總和,學測英文級分,學測國文級分,術科考試素描分數,術科考試創意表現分數,1、在校學業成績全校排名百分比 2、美術學業成績總平均全校排名百分比 3、學測國文、英文之級分總和 4、學測英文級分 5、學測國文級分 6、術科考試素描分數 7、術科考試創意表現分數,素描:前標；彩繪技法:前標；創意表現:前標；水墨書畫:--；美術鑑賞:--,,,,,,"本系以培育跨領域設計專業人才為招生目標，分為「視覺設計」及「產品設計」兩項設計專業，並設有「室內設計學分學程」及科技藝術課程，提供有興趣的學生選讀。
本系課程需具色彩辨識、親自操作及個人安全維護能力。
學系網址：https://www.design.ntnu.edu.tw/；聯絡電話：02-77495584 羅小姐"
00235,國立臺灣師範大學,美術學系繪畫組,第五類學群,2,2,0,0,前標,前標,0,0,0,0,0,在校學業成績全校排名百分比,學測國文級分,學測英文級分,術科考試素描分數,術科考試彩繪技法分數,美術學業成績總平均全校排名百分比,學測社會級分,1、在校學業成績全校排名百分比 2、學測國文級分 3、學測英文級分 4、術科考試素描分數 5、術科考試彩繪技法分數 6、美術學業成績總平均全校排名百分比 7、學測社會級分,素描:頂標；彩繪技法:頂標；創意表現:--；水墨書畫:--；美術鑑賞:--,,,,,,"本系學習重點包括色彩辨認，需具有相當程度之視覺功能，以辨識圖像與色彩。
本系組為師培與非師培並行系組。
網址:http://www.art.ntnu.edu.tw/
連絡電話:02-7749-3021 曾助教"
00236,國立臺灣師範大學,美術學系水墨畫組,第五類學群,2,2,0,0,前標,前標,0,0,0,0,0,在校學業成績全校排名百分比,學測國文級分,學測英文級分,術科考試水墨書畫分數,術科考試素描分數,美術學業成績總平均全校排名百分比,學測社會級分,1、在校學業成績全校排名百分比 2、學測國文級分 3、學測英文級分 4、術科考試水墨書畫分數 5、術科考試素描分數 6、美術學業成績總平均全校排名百分比 7、學測社會級分,素描:前標；彩繪技法:--；創意表現:--；水墨書畫:前標；美術鑑賞:--,,,,,,"本系學習重點包括色彩辨認，需具有相當程度之視覺功能，以辨識圖像或色彩。
本系組為師培與非師培並行系組。
網址:http://www.art.ntnu.edu.tw/
連絡電話:02-7749-3021 曾助教"
00237,國立臺灣師範大學,體育與運動科學系,第七類學群,3,1,0,0,後標,後標,0,0,後標,後標,0,在校學業成績全校排名百分比,術科考試體育(百分等級),學測英文級分,學測國文級分,學測自然級分,學測社會級分,體育學業成績總平均全校排名百分比,1、在校學業成績全校排名百分比 2、術科考試體育(百分等級) 3、學測英文級分 4、學測國文級分 5、學測自然級分 6、學測社會級分 7、體育學業成績總平均全校排名百分比,體育(百分等級):均標,,,,,,"1.本系除師資培育外，同時也培養體育運動產業、體育運動學術研究及體育運動行政管理人才。
2.本系網址：https://www.pe.ntnu.edu.tw/
3.聯絡電話：(02)7749-3192，陳曉曈 行政專員"
00301,國立中興大學,中國文學系,第一類學群,4,10,2,10,前標,均標,0,0,均標,0,0,在校學業成績全校排名百分比,學測國文級分,學測英文級分,學測社會級分,學測國文、英文、社會之級分總和,國語文學業成績總平均全校排名百分比,英語文學業成績總平均全校排名百分比,1、在校學業成績全校排名百分比 2、學測國文級分 3、學測英文級分 4、學測社會級分 5、學測國文、英文、社會之級分總和 6、國語文學業成績總平均全校排名百分比 7、英語文學業成績總平均全校排名百分比,,,,,,,"本系旨在培養文學創作、教學、研究等項之人才，俾能會通古典與現代之學術，具備文學閱讀、詮釋與鑒賞之專業知能。
本系網址為：https://chinese.nchu.edu.tw/index.php。"
00302,國立中興大學,外國語文學系,第一類學群,13,10,2,10,均標,前標,0,0,均標,0,0,在校學業成績全校排名百分比,學測國文、英文、社會之級分總和,學測英文級分,英語文學業成績總平均全校排名百分比,學測國文級分,國語文學業成績總平均全校排名百分比,學測社會級分,1、在校學業成績全校排名百分比 2、學測國文、英文、社會之級分總和 3、學測英文級分 4、英語文學業成績總平均全校排名百分比 5、學測國文級分 6、國語文學業成績總平均全校排名百分比 7、學測社會級分,,,,,,,"一、本系以培養具國際觀的優秀外文(尤其英文)人才為教育目標，課程內容多元化，涵蓋英美文學、語言學、英語教學及口筆譯等領域。基礎語文課程實施小班教學，並提供四種第二外語(日德西法)。另有教育學程及交換學生進修辦法。本系網址：https://dfll.nchu.edu.tw/，聯絡電話(04)22840322轉777。
二、本系學生均應在畢業前通過全民英檢中高級初、複試或同級之其他各類英語檢定考試始得畢業。"
00303,國立中興大學,歷史學系,第一類學群,10,10,2,10,前標,0,0,0,前標,0,0,在校學業成績全校排名百分比,學測社會級分,歷史學業成績總平均全校排名百分比,學測國文級分,國語文學業成績總平均全校排名百分比,學測英文級分,英語文學業成績總平均全校排名百分比,1、在校學業成績全校排名百分比 2、學測社會級分 3、歷史學業成績總平均全校排名百分比 4、學測國文級分 5、國語文學業成績總平均全校排名百分比 6、學測英文級分 7、英語文學業成績總平均全校排名百分比,,,,,,,"一、招生目標：本系教育要旨在於提供學生從事研究、教學與文化傳播事業所需之歷史知識，歡迎對歷史有興趣的年輕人加入我們的行列。
二、本系網址為：https://www.history.nchu.edu.tw/，聯絡電話： (04)2285-0214、 (04)2285-3453。"
00304,國立中興大學,台灣人文創新學士學位學程,第一類學群,3,10,1,10,前標,均標,0,0,均標,0,0,在校學業成績全校排名百分比,學測國文級分,學測英文級分,學測社會級分,國語文學業成績總平均全校排名百分比,英語文學業成績總平均全校排名百分比,歷史學業成績總平均全校排名百分比,1、在校學業成績全校排名百分比 2、學測國文級分 3、學測英文級分 4、學測社會級分 5、國語文學業成績總平均全校排名百分比 6、英語文學業成績總平均全校排名百分比 7、歷史學業成績總平均全校排名百分比,,,,,,,"一、本學程旨在以台灣人文知識為核心，開展跨文化視野，因應全球知識傳播與文化產業型態的轉變，透過跨學科、跨領域、跨媒介的課程模組，希望培養未來能夠投入台灣文化相關產業並進行深度思考與創新實作能力之人才｡
二、本系網址：https://creativity.nchu.edu.tw/，聯絡電話：04-22850930。"
00305,國立中興大學,財務金融學系,第一類學群,10,10,2,10,均標,前標,前標,0,0,0,0,在校學業成績全校排名百分比,學測英文級分,英語文學業成績總平均全校排名百分比,學測數學A級分,數學學業成績總平均全校排名百分比,學測國文級分,國語文學業成績總平均全校排名百分比,1、在校學業成績全校排名百分比 2、學測英文級分 3、英語文學業成績總平均全校排名百分比 4、學測數學A級分 5、數學學業成績總平均全校排名百分比 6、學測國文級分 7、國語文學業成績總平均全校排名百分比,,,,,,,"一、本系主要在於培養學生兼具理論分析與實務操作的能力，使學生具宏觀視野、國際觀、全方位財務金融專業管理人才。本系課程安排強調符合世界經濟發展及變遷，以因應國際化之發展趨勢。依照財金專業知識之需求，依序規劃出各年級必修之專業科目與相關選修課程，課程具多元化並同時兼具理論性與實務性。
二、本系網址為：https://www.fin.nchu.edu.tw/，聯絡電話為：04-22871014。"
00306,國立中興大學,企業管理學系,第一類學群,16,10,2,10,均標,前標,均標,前標,0,0,0,在校學業成績全校排名百分比,學測英文級分,英語文學業成績總平均全校排名百分比,數學學業成績總平均全校排名百分比,學測國文級分,國語文學業成績總平均全校排名百分比,學測國文、英文之級分總和,1、在校學業成績全校排名百分比 2、學測英文級分 3、英語文學業成績總平均全校排名百分比 4、數學學業成績總平均全校排名百分比 5、學測國文級分 6、國語文學業成績總平均全校排名百分比 7、學測國文、英文之級分總和,,,,,,,"一、數學A、數學B，考生僅通過其中一科檢定標準即可。
二、本系大學部大一及大二的課程主要為通才及專業基礎教育，大三及大四則提供學生多元化的學習選擇，以培養學生成為具全方位管理知識、國際觀、企業倫理以及團隊合作的專業人才。
三、本系網址https://ba.nchu.edu.tw/，聯絡電話：(04)2284-0571轉630。"
00307,國立中興大學,會計學系,第一類學群,10,10,2,10,均標,前標,均標,0,0,0,0,在校學業成績全校排名百分比,學測數學A級分,學測英文級分,學測國文級分,數學學業成績總平均全校排名百分比,英語文學業成績總平均全校排名百分比,國語文學業成績總平均全校排名百分比,1、在校學業成績全校排名百分比 2、學測數學A級分 3、學測英文級分 4、學測國文級分 5、數學學業成績總平均全校排名百分比 6、英語文學業成績總平均全校排名百分比 7、國語文學業成績總平均全校排名百分比,,,,,,,"一、本學系以培養高階會計人才為目標(如：會計師、財務長…等)，課程安排兼具理論與實務應用，並符合全球會計發展趨勢。
二、在選才方面，本系希望招收的學生為：(一)具備優異的基礎學科能力及積極進取的學習態度。(二)具備卓越的主動探索與自主學習能力。(三)具備國際觀及傑出的外語溝通表達能力。
三、本系網址為https://gia.nchu.edu.tw/，聯絡電話:(04)2284-0828轉641。"
00308,國立中興大學,行銷學系,第一類學群,7,10,2,10,前標,前標,均標,前標,0,0,B級,在校學業成績全校排名百分比,學測國文級分,學測英文級分,數學學業成績總平均全校排名百分比,國語文學業成績總平均全校排名百分比,英語文學業成績總平均全校排名百分比,資訊科技學業成績總平均全校排名百分比,1、在校學業成績全校排名百分比 2、學測國文級分 3、學測英文級分 4、數學學業成績總平均全校排名百分比 5、國語文學業成績總平均全校排名百分比 6、英語文學業成績總平均全校排名百分比 7、資訊科技學業成績總平均全校排名百分比,,,,,,,"一、數學A、數學B，考生僅通過其中一科檢定標準即可。
二、本系以培育行銷相關領域人才為目標。歡迎具有創新、獨立思考、溝通表達能力與積極進取的同學申請。
三、本系網址：https://marketing.nchu.edu.tw/，聯絡電話：(04)22840392轉792。"
00309,國立中興大學,應用經濟學系,第一類學群,10,10,2,10,均標,均標,均標,0,0,0,0,在校學業成績全校排名百分比,學測英文級分,學測數學A級分,英語文學業成績總平均全校排名百分比,數學學業成績總平均全校排名百分比,學測國文級分,國語文學業成績總平均全校排名百分比,1、在校學業成績全校排名百分比 2、學測英文級分 3、學測數學A級分 4、英語文學業成績總平均全校排名百分比 5、數學學業成績總平均全校排名百分比 6、學測國文級分 7、國語文學業成績總平均全校排名百分比,,,,,,,"一、本系設立宗旨在配合國家社會經濟之發展，以優良師資與研究設備，培養優秀的經濟應用專業人才及大專師資，以因應社會各階層之需要。本系教學研究領域包含農業經濟、資源與環境經濟、產業經濟等三大領域。
二、本系網站：https://nchuae.nchu.edu.tw/，聯絡電話：(04)2284-0350轉224。"
00310,國立中興大學,法律學系,第一類學群,6,10,1,10,前標,均標,0,均標,前標,0,0,在校學業成績全校排名百分比,學測國文、英文、數學B、社會之級分總和,學測英文級分,學測國文級分,學測社會級分,學測數學B級分,公民與社會學業成績總平均全校排名百分比,1、在校學業成績全校排名百分比 2、學測國文、英文、數學B、社會之級分總和 3、學測英文級分 4、學測國文級分 5、學測社會級分 6、學測數學B級分 7、公民與社會學業成績總平均全校排名百分比,,,,,,,本系主要培養符合社會需求與時代發展的專業法律人才。除了專業法律課程之外，亦注重財經與科技法律之教學。本系網址：http://law.nchu.edu.tw/。聯絡電話：(04)22840880轉796黃小姐。
00311,國立中興大學,資訊管理學系,第二類學群,1,17,1,15,均標,前標,前標,0,0,均標,0,在校學業成績全校排名百分比,學測國文、英文、數學A、自然之級分總和,學測數學A級分,學測英文級分,學測自然級分,學測國文級分,數學學業成績總平均全校排名百分比,1、在校學業成績全校排名百分比 2、學測國文、英文、數學A、自然之級分總和 3、學測數學A級分 4、學測英文級分 5、學測自然級分 6、學測國文級分 7、數學學業成績總平均全校排名百分比,,,,,,,"一、本系教育宗旨在培養學生成為具有資訊科技應用與管理資訊系統開發整合能力之跨領域人才。
二、本系網址為：https://mis.nchu.edu.tw/，聯絡電話：(04)2284-0864轉643。"
00312,國立中興大學,化學系,第二類學群,8,17,2,15,前標,前標,前標,0,0,前標,0,在校學業成績全校排名百分比,學測自然級分,學測數學A級分,學測英文級分,化學學業成績總平均全校排名百分比,數學學業成績總平均全校排名百分比,物理學業成績總平均全校排名百分比,1、在校學業成績全校排名百分比 2、學測自然級分 3、學測數學A級分 4、學測英文級分 5、化學學業成績總平均全校排名百分比 6、數學學業成績總平均全校排名百分比 7、物理學業成績總平均全校排名百分比,,,,,,,"一、本系網址為：https://www.nchu.edu.tw/chem/。
二、本系歡迎對化學有興趣且具潛能的學生。
三、本系實驗課程極為重要，基於考量實驗操作危險性與結果(色彩)判定之需要，學生須具備獨立操作能力及個人安全維護能力。"
00313,國立中興大學,物理學系一般物理組,第二類學群,4,17,1,15,0,均標,前標,0,0,前標,0,在校學業成績全校排名百分比,學測數學A級分,學測英文級分,學測自然級分,物理學業成績總平均全校排名百分比,數學學業成績總平均全校排名百分比,英語文學業成績總平均全校排名百分比,1、在校學業成績全校排名百分比 2、學測數學A級分 3、學測英文級分 4、學測自然級分 5、物理學業成績總平均全校排名百分比 6、數學學業成績總平均全校排名百分比 7、英語文學業成績總平均全校排名百分比,,,,,,,本系一般物理組設有國內最具彈性的課程，除基本物理科學的訓練外，尚分成三大學程專業選修課，包括:物理主修、工程物理及生物物理。課程設計兼顧學生之興趣及科學最新之發展。本系網址：https://www.phys.nchu.ed u.tw/，聯絡電話：04-22840427轉622。
00314,國立中興大學,物理學系光電物理組,第二類學群,3,17,1,15,0,均標,前標,0,0,前標,0,在校學業成績全校排名百分比,學測數學A級分,學測英文級分,學測自然級分,物理學業成績總平均全校排名百分比,數學學業成績總平均全校排名百分比,英語文學業成績總平均全校排名百分比,1、在校學業成績全校排名百分比 2、學測數學A級分 3、學測英文級分 4、學測自然級分 5、物理學業成績總平均全校排名百分比 6、數學學業成績總平均全校排名百分比 7、英語文學業成績總平均全校排名百分比,,,,,,,本系光電物理組除了紮實的物理訓練外，特別著重光電科技之養成教育，包括近代光學、奈米光電、顯示器科學及太陽光電等領域。本系網址：https://www.phys.nchu.edu.tw/，聯絡電話：04-22840427轉622。
00315,國立中興大學,應用數學系應用數學組,第二類學群,4,17,2,15,均標,均標,前標,0,0,前標,0,在校學業成績全校排名百分比,學測數學A級分,數學學業成績總平均全校排名百分比,學測英文級分,英語文學業成績總平均全校排名百分比,學測自然級分,物理學業成績總平均全校排名百分比,1、在校學業成績全校排名百分比 2、學測數學A級分 3、數學學業成績總平均全校排名百分比 4、學測英文級分 5、英語文學業成績總平均全校排名百分比 6、學測自然級分 7、物理學業成績總平均全校排名百分比,,,,,,,"一、本組課程規劃涵蓋一般應用數學領域，內含數學分析、數值方法、應用力學與資訊科學等諸多方向。以紮實基礎數學課程為根基，強調應用數學模型之建立與解析，配合計算機應用，培養理論與應用能力兼備之數學人才。
二、本系網址：https://www.amath.nchu.edu.tw/，聯絡電話：(04)2284-0424轉402。
三、部份課程全英語上課。"
00316,國立中興大學,應用數學系數據科學與計算組,第二類學群,4,17,2,15,均標,均標,前標,0,0,前標,0,在校學業成績全校排名百分比,學測數學A級分,數學學業成績總平均全校排名百分比,學測英文級分,英語文學業成績總平均全校排名百分比,學測自然級分,物理學業成績總平均全校排名百分比,1、在校學業成績全校排名百分比 2、學測數學A級分 3、數學學業成績總平均全校排名百分比 4、學測英文級分 5、英語文學業成績總平均全校排名百分比 6、學測自然級分 7、物理學業成績總平均全校排名百分比,,,,,,,"一、本組課程規劃涵蓋數據科學與計算領域，內含數據分析、統計方法、計算科學與建模等方向。除基礎數學課程外，聚焦數據分析方法及模型之建立與分析，配合雲端計算、資訊軟體與程式設計等訓練。
二、本系網址：https://www.amath.nchu.edu.tw/，聯絡電話：(04)2284-0424轉402。
三、部份課程全英語上課。"
00317,國立中興大學,機械工程學系,第二類學群,14,17,2,15,均標,均標,前標,0,0,前標,0,在校學業成績全校排名百分比,學測英文級分,學測數學A級分,學測自然級分,學測國文級分,英語文學業成績總平均全校排名百分比,國語文學業成績總平均全校排名百分比,1、在校學業成績全校排名百分比 2、學測英文級分 3、學測數學A級分 4、學測自然級分 5、學測國文級分 6、英語文學業成績總平均全校排名百分比 7、國語文學業成績總平均全校排名百分比,,,,,,,"一、本系以培養跨領域工程人才為目標，兼備理論與實務的基礎，並積極投入半導體、電動車、無人載具、綠色能源、生技醫療和智慧製造等相關研究，期許畢業學生具備投入創新產業的基本能力。詳細教學及研究特色請參考https://www.me.nchu.edu.tw/。
二、本系提供多家企業獎學金與暑期實習機會，亦積極培養學生外語能力，參與國際交流及修習雙聯學位。
三、本系部分課程為英語授課，以強化學生國際競爭力。"
00318,國立中興大學,土木工程學系,第二類學群,19,17,2,15,均標,均標,前標,0,0,前標,0,在校學業成績全校排名百分比,學測數學A級分,學測自然級分,學測英文級分,數學學業成績總平均全校排名百分比,物理學業成績總平均全校排名百分比,化學學業成績總平均全校排名百分比,1、在校學業成績全校排名百分比 2、學測數學A級分 3、學測自然級分 4、學測英文級分 5、數學學業成績總平均全校排名百分比 6、物理學業成績總平均全校排名百分比 7、化學學業成績總平均全校排名百分比,,,,,,,"一、本系著重基礎學科(如微積分、力學等)的培育與工程應用科學(結構工程、水利工程、大地工程、測量資訊、營建管理等)的訓練。申請同學宜具備適量的數理基礎，較能勝任學習。
二、本系與美國加州大學戴維斯分校(UCD)及德州大學阿靈頓分校(UTA)簽署協議，大三申請赴UTA進修2年或大四申請赴UCD進修1年，均可取得本校學士及美國碩士學位。
三、本系部分課程為英語授課，以強化學生國際競爭力。
四、本系網址：https://www.ce.nchu.edu.tw/，電話：(04)2284-0438分機221廖小姐。"
00319,國立中興大學,環境工程學系,第二類學群,20,17,2,15,均標,均標,均標,0,0,前標,0,在校學業成績全校排名百分比,學測數學A級分,學測自然級分,學測英文級分,學測國文級分,數學學業成績總平均全校排名百分比,化學學業成績總平均全校排名百分比,1、在校學業成績全校排名百分比 2、學測數學A級分 3、學測自然級分 4、學測英文級分 5、學測國文級分 6、數學學業成績總平均全校排名百分比 7、化學學業成績總平均全校排名百分比,,,,,,,"一、本系以培育環境永續發展及污染防治專業人才為宗旨，著重基礎學科(如數學、物理、化學、生物等)的培育及工程應用學科(含水資源、空氣資源管理、再生能資源、土壤與地下水、環境管理與監測、綠能科技等領域)的訓練。申請同學宜具備適當的數理基礎，較能勝任學習。
二、實驗課程需具相當之視覺及辨色能力、聽覺功能以及運用肢體操作儀器並隨時能移動遠離危險。
三、本系部分課程為英語授課，以強化學生國際競爭力。
四、本系網址https://www.ev.nchu.edu.tw/，連絡電話：(04)22840441轉512。"
00320,國立中興大學,化學工程學系,第二類學群,8,17,1,15,均標,前標,前標,0,0,前標,0,在校學業成績全校排名百分比,學測自然級分,學測數學A級分,學測英文級分,化學學業成績總平均全校排名百分比,數學學業成績總平均全校排名百分比,英語文學業成績總平均全校排名百分比,1、在校學業成績全校排名百分比 2、學測自然級分 3、學測數學A級分 4、學測英文級分 5、化學學業成績總平均全校排名百分比 6、數學學業成績總平均全校排名百分比 7、英語文學業成績總平均全校排名百分比,,,,,,,"一、本系研究領域及教學課程著重尖端材料與精密製程、生醫與生化工程、高分子與奈米科技之發展與應用，培育符合綠色科技趨勢之人才。
二、本系畢業生就業領域甚廣，包含半導體、光電、能源、循環經濟、奈米科技、高分子材料、醫藥、生物科技、及民生化工等產業。
三、本系部分課程為英語授課，以強化學生國際競爭力。
四、本系網址為：https://www.che.nchu.edu.tw/，聯絡電話：04-22840510轉111。"
00321,國立中興大學,材料科學與工程學系,第二類學群,12,17,2,15,前標,前標,前標,0,0,前標,0,在校學業成績全校排名百分比,學測自然級分,學測數學A級分,學測英文級分,化學學業成績總平均全校排名百分比,物理學業成績總平均全校排名百分比,數學學業成績總平均全校排名百分比,1、在校學業成績全校排名百分比 2、學測自然級分 3、學測數學A級分 4、學測英文級分 5、化學學業成績總平均全校排名百分比 6、物理學業成績總平均全校排名百分比 7、數學學業成績總平均全校排名百分比,,,,,,,"一、本系是國立大學材料系第一個通過IEET工程及科學教育認證者，系上師資多元且完整，畢業同學遍及光電、半導體、能源、金屬、機械、化工、生醫等產業，除繼續深造者外，同學的就業率幾達100%。未來無論在促進傳統產業升級，或發展高科技產業，材料科技人才在台灣之重要性更有增無減，歡迎你(妳)加入頂尖大學接受材料與跨領域知識的養成教育。
二、本系部分課程為英語授課，以強化學生國際競爭力。
三、本系網址：https://www.mse.nchu.edu.tw/，聯絡電話：(04)2284-0500轉114李助教。"
00322,國立中興大學,智慧創意工程學士學位學程,第二類學群,2,17,0,0,均標,前標,前標,0,0,均標,0,在校學業成績全校排名百分比,學測數學A級分,學測英文級分,學測自然級分,學測國文級分,數學學業成績總平均全校排名百分比,英語文學業成績總平均全校排名百分比,1、在校學業成績全校排名百分比 2、學測數學A級分 3、學測英文級分 4、學測自然級分 5、學測國文級分 6、數學學業成績總平均全校排名百分比 7、英語文學業成績總平均全校排名百分比,,,,,,,"一、本學程開設以培養智慧創意工程人才為主，課程之設計與方向朝人工智慧、實作課程、創意激盪、程式設計、跨領域課程、提供與社會責任連結之產業實習等，並採與工程相關產業密切配合方式。
二、專業工程領域課程，包括智慧製造、智慧城鄉、智慧材料三類。
三、本系部分課程為英語授課，以強化學生國際競爭力。
四、網址：https://upice.nchu.edu.tw/，連絡電話：(04)22840430轉716王小姐。"
00323,國立中興大學,電機工程學系,第二類學群,15,17,2,15,均標,前標,前標,0,0,前標,0,在校學業成績全校排名百分比,學測數學A級分,學測自然級分,學測英文級分,學測國文、英文、數學A、自然之級分總和,數學學業成績總平均全校排名百分比,英語文學業成績總平均全校排名百分比,1、在校學業成績全校排名百分比 2、學測數學A級分 3、學測自然級分 4、學測英文級分 5、學測國文、英文、數學A、自然之級分總和 6、數學學業成績總平均全校排名百分比 7、英語文學業成績總平均全校排名百分比,,,,,,,"一、本系特色：資訊與通訊、人工智慧、控制、綠能、IC設計、光電與半導體，學生可依個人興趣選修專業學程。教學特色：一流師資、齊全的研究設備、與中科高科技產業緊密的產學合作。本系參與美國加州大學戴維斯分校和辛辛那提大學「3+X學碩計畫」，通過甄審之學生，可申請本校相關獎學金。
二、本系網址為：https://www.ee.nchu.edu.tw/，聯絡電話：04-22851549轉415洪小姐。"
00324,國立中興大學,資訊工程學系,第二類學群,8,17,1,15,前標,前標,前標,0,0,前標,0,在校學業成績全校排名百分比,學測英文、數學A、自然之級分總和,學測數學A級分,數學學業成績總平均全校排名百分比,學測英文級分,英語文學業成績總平均全校排名百分比,學測自然級分,1、在校學業成績全校排名百分比 2、學測英文、數學A、自然之級分總和 3、學測數學A級分 4、數學學業成績總平均全校排名百分比 5、學測英文級分 6、英語文學業成績總平均全校排名百分比 7、學測自然級分,,,,,,,"一、本系隸屬於電機資訊學院，為中部唯一頂尖大學的資工系所，以培養具備資訊理論、硬體、軟體與資訊應用之全方位資訊人才為目標，本系的課程規劃與研究方向以「人工智慧」為主軸，包含「智慧型系統」、「網路多媒體」、「嵌入式系統」、「物聯網與雲端運算」與「資訊安全」五大領域。課程的設計以落實學生核心能力為基礎，並秉持「理論與應用」並重，「深度與廣度」相輔之精神，奠定學生在資訊領域的理論基礎與實務能力。
二、本管道入學之新生學科能力測驗成績，或APCS程式設計表現優秀者可獲系獎學金，詳細辦法請至本系網站查詢https://www.cs.nchu.edu.tw/，聯絡電話：（04）2284-0497轉801。"
00325,國立中興大學,電機資訊學院學士班,第二類學群,7,17,0,0,均標,前標,前標,0,0,前標,0,在校學業成績全校排名百分比,學測英文、數學A、自然之級分總和,學測數學A級分,學測自然級分,學測英文級分,數學學業成績總平均全校排名百分比,物理學業成績總平均全校排名百分比,1、在校學業成績全校排名百分比 2、學測英文、數學A、自然之級分總和 3、學測數學A級分 4、學測自然級分 5、學測英文級分 6、數學學業成績總平均全校排名百分比 7、物理學業成績總平均全校排名百分比,,,,,,,"一、本學士班之宗旨為整合電機、資訊、通訊、網路等領域之資源，培育具備理論基礎、實際操作、自我挑戰、終身學習能力之全方位人才；本班學生採院進院出，不分科系，其教學以智慧系統的設計與研發為主軸，建構智慧物聯網專長領域之課程，深入機器學習領域。
二、本班網址：https://bpeecs.nchu.edu.tw/，聯絡電話：04-22840120轉3304。"
00326,國立中興大學,生物產業機電工程學系,第二類學群,9,17,2,15,均標,均標,均標,0,0,均標,B級,在校學業成績全校排名百分比,學測數學A級分,學測自然級分,學測英文級分,學測國文級分,數學學業成績總平均全校排名百分比,物理學業成績總平均全校排名百分比,1、在校學業成績全校排名百分比 2、學測數學A級分 3、學測自然級分 4、學測英文級分 5、學測國文級分 6、數學學業成績總平均全校排名百分比 7、物理學業成績總平均全校排名百分比,,,,,,,"一、本系隸屬於本校農業暨自然資源學院。本系之教學目標及任務為培養生物科技產業發展所需之各類工程人才，以促進生物科技產業之快速發展，學生畢業後授予工學士學位。
二、本系網址為：https://bimewww.nchu.edu.tw，聯絡電話：(04)22857514。"
00327,國立中興大學,水土保持學系,第二類學群,9,17,2,15,均標,均標,均標,0,0,均標,0,在校學業成績全校排名百分比,學測數學A級分,學測自然級分,學測英文級分,數學學業成績總平均全校排名百分比,物理學業成績總平均全校排名百分比,英語文學業成績總平均全校排名百分比,1、在校學業成績全校排名百分比 2、學測數學A級分 3、學測自然級分 4、學測英文級分 5、數學學業成績總平均全校排名百分比 6、物理學業成績總平均全校排名百分比 7、英語文學業成績總平均全校排名百分比,,,,,,,"一、本系以培養水土保持學術研究與技術實務之專業人才為宗旨，著重水土資源保育、水源涵養、災害防治、生態復育、土地合理利用等，以期改善人類生活環境，達到永續發展為目標。
二、本系網址：https://swcdis.nchu.edu.tw/，電話：(04)2284-0381。"
00328,國立中興大學,食品暨應用生物科技學系,第三類學群,10,14,2,13,均標,前標,前標,前標,0,前標,0,在校學業成績全校排名百分比,學測英文級分,化學學業成績總平均全校排名百分比,生物學業成績總平均全校排名百分比,學測自然級分,數學學業成績總平均全校排名百分比,物理學業成績總平均全校排名百分比,1、在校學業成績全校排名百分比 2、學測英文級分 3、化學學業成績總平均全校排名百分比 4、生物學業成績總平均全校排名百分比 5、學測自然級分 6、數學學業成績總平均全校排名百分比 7、物理學業成績總平均全校排名百分比,,,,,,,"一、數學A、數學B，考生僅通過其中一科檢定標準即可。
二、本系希望招收對食品科學及生物科技領域具有興趣，且本身對生物、化學等自然科學已有基礎之高中生。三、本系全部各級教師均具有博士學位，其中包含有數位講座及特聘教授，師資設備完善。四、本系學術表現傑出，每年均有教師獲得國際學術獎項殊榮。五、本系需進行許多化學實習課程，需具有相當之視覺（含色彩判定）、聽覺、口語表達及溝通能力，或需久站及運用肢體操作儀器以奠定專業實驗技能，如無法負荷需審慎考量。六、本系網址為：https://foodsci.nchu.edu.tw/，聯絡電話：(04)22840385#2002。"
00329,國立中興大學,農藝學系,第三類學群,8,14,2,13,均標,均標,均標,均標,0,均標,0,在校學業成績全校排名百分比,學測英文級分,學測自然級分,數學學業成績總平均全校排名百分比,學測國文級分,生物學業成績總平均全校排名百分比,英語文學業成績總平均全校排名百分比,1、在校學業成績全校排名百分比 2、學測英文級分 3、學測自然級分 4、數學學業成績總平均全校排名百分比 5、學測國文級分 6、生物學業成績總平均全校排名百分比 7、英語文學業成績總平均全校排名百分比,,,,,,,"一、數學A、數學B，考生僅通過其中一科檢定標準即可。
二、本系主要培養創新農耕與品種研發人才、傳授學生智慧農業、大數據分析、生物資訊、分子育種及低碳耕作等專業知識。
三、本系網址為：https://agro.nchu.edu.tw，聯絡電話：(04)2284-0777轉112。"
00330,國立中興大學,園藝學系,第三類學群,8,14,2,13,均標,均標,0,均標,0,均標,0,在校學業成績全校排名百分比,學測自然級分,學測英文級分,學測國文級分,學測國文、英文、自然之級分總和,英語文學業成績總平均全校排名百分比,生物學業成績總平均全校排名百分比,1、在校學業成績全校排名百分比 2、學測自然級分 3、學測英文級分 4、學測國文級分 5、學測國文、英文、自然之級分總和 6、英語文學業成績總平均全校排名百分比 7、生物學業成績總平均全校排名百分比,,,,,,,一、本系主要研究果樹、蔬菜、花卉作物之育種、栽培、生理、生物技術、採後保鮮技術，也涵括樹醫生及景觀規劃、園藝治療等領域。講授園藝學專業知識、訓練具備園藝植物現代化智能生產管理及園藝企業經營能力，更以培育具跨領域整合園藝技能應用於身、心、靈園藝活動之人才為目的。課程兼顧理論與實務，並著重國際農業交流，接軌就業市場。二、本系必修課程包含植物巨、微觀型態觀察及顏色辨識能力，並有顯微操作、藥劑配置等實驗室內及田間實務操作之內容，須具備獨立操作及個人安全維護之能力。三、竭誠歡迎對自然科學專業知識勇於實踐、創新與突破的學生加入學習行列。四、本系網址：https://hort.nchu.edu.tw/，連絡電話:(04)2284-0340轉210。
00331,國立中興大學,森林學系林學組,第三類學群,10,14,1,13,均標,均標,0,均標,0,均標,0,在校學業成績全校排名百分比,學測自然級分,學測數學B級分,學測英文級分,學測國文級分,英語文學業成績總平均全校排名百分比,國語文學業成績總平均全校排名百分比,1、在校學業成績全校排名百分比 2、學測自然級分 3、學測數學B級分 4、學測英文級分 5、學測國文級分 6、英語文學業成績總平均全校排名百分比 7、國語文學業成績總平均全校排名百分比,,,,,,,"一、本系設立之宗旨乃在培養國家森林經營管理及森林生物與保育所需之高級人才。
二、本系網址為：https://for.nchu.edu.tw/，聯絡電話為：(04)2284-0345轉112林小姐。"
00332,國立中興大學,森林學系木材科學組,第三類學群,10,14,1,13,均標,均標,0,均標,0,均標,0,在校學業成績全校排名百分比,學測自然級分,學測數學B級分,學測英文級分,學測國文級分,英語文學業成績總平均全校排名百分比,國語文學業成績總平均全校排名百分比,1、在校學業成績全校排名百分比 2、學測自然級分 3、學測數學B級分 4、學測英文級分 5、學測國文級分 6、英語文學業成績總平均全校排名百分比 7、國語文學業成績總平均全校排名百分比,,,,,,,"一、本系木材科學組設立之宗旨乃在培養林產物與生物材料利用暨研究發展所需之高級人才。
二、本系網址為：https://for.nchu.edu.tw/，聯絡電話為：(04)2284-0345轉112林小姐。"
00333,國立中興大學,植物病理學系,第三類學群,8,14,2,13,均標,前標,均標,0,0,前標,0,在校學業成績全校排名百分比,學測自然級分,學測英文級分,生物學業成績總平均全校排名百分比,學測國文、英文、自然之級分總和,化學學業成績總平均全校排名百分比,學測國文級分,1、在校學業成績全校排名百分比 2、學測自然級分 3、學測英文級分 4、生物學業成績總平均全校排名百分比 5、學測國文、英文、自然之級分總和 6、化學學業成績總平均全校排名百分比 7、學測國文級分,,,,,,,"一、本系擬招收對生物、化學、農業科學及環境自然資源保育學領域有濃厚興趣且成績優異之同學，期能培育生命科學領域及植物醫學之專才，俾於學成後能從事生物科技研究、植物保護、教學或社會服務之工作。
二、本系網址為：https://www.pp.nchu.edu.tw/，聯絡電話為：(04)2284-0780轉323。"
00334,國立中興大學,昆蟲學系,第三類學群,5,14,2,13,均標,均標,均標,均標,0,均標,0,在校學業成績全校排名百分比,學測自然級分,學測英文級分,學測國文級分,生物學業成績總平均全校排名百分比,英語文學業成績總平均全校排名百分比,國語文學業成績總平均全校排名百分比,1、在校學業成績全校排名百分比 2、學測自然級分 3、學測英文級分 4、學測國文級分 5、生物學業成績總平均全校排名百分比 6、英語文學業成績總平均全校排名百分比 7、國語文學業成績總平均全校排名百分比,,,,,,,"一、數學A、數學B，考生僅通過其中一科檢定標準即可。
二、本系以昆蟲學、生命科學、農業科學及生態學為基礎，培育具昆蟲學、生命科學、農學、植物防疫及檢疫、病媒與環境衛生昆蟲以及生物多樣性、生態保育等學識之科學研究與實務能力之專業高階人才。
三、本系網址：https://www.entomol.nchu.edu.tw/，聯絡電話：(04)2284-0361轉520。"
00335,國立中興大學,動物科學系,第三類學群,15,14,2,13,均標,均標,均標,0,0,前標,B級,在校學業成績全校排名百分比,學測國文、英文、數學A、自然之級分總和,學測英文級分,學測自然級分,學測數學A級分,生物學業成績總平均全校排名百分比,化學學業成績總平均全校排名百分比,1、在校學業成績全校排名百分比 2、學測國文、英文、數學A、自然之級分總和 3、學測英文級分 4、學測自然級分 5、學測數學A級分 6、生物學業成績總平均全校排名百分比 7、化學學業成績總平均全校排名百分比,,,,,,,"一、本系以培育出具有理論基礎與實用技術的動物科技人才為目標。課程主要包括基礎課程、專業課程及應用課程，主要分為動物解剖、生理、動物營養、遺傳、育種、分子生物、動物飼養管理、動物產品加工、動物行為，以及動物資源經營。課程活潑、生動、多元。
二、本系網站：https://www.as.nchu.edu.tw/，聯絡電話：(04)2284-0365轉208。"
00336,國立中興大學,土壤環境科學系,第三類學群,7,14,2,13,0,均標,均標,均標,0,均標,0,在校學業成績全校排名百分比,學測英文級分,學測自然級分,英語文學業成績總平均全校排名百分比,化學學業成績總平均全校排名百分比,生物學業成績總平均全校排名百分比,數學學業成績總平均全校排名百分比,1、在校學業成績全校排名百分比 2、學測英文級分 3、學測自然級分 4、英語文學業成績總平均全校排名百分比 5、化學學業成績總平均全校排名百分比 6、生物學業成績總平均全校排名百分比 7、數學學業成績總平均全校排名百分比,,,,,,,"一、數學A、數學B，考生僅通過其中一科檢定標準即可。
二、本系為自然環境生態資源之應用、開發及保育性學系，以培養永續農業經營、土壤環境污染防治、土壤碳匯、資源利用規劃等方面之學生為目標。對學生入學資格要求，強調需具有熱愛大自然生態環境及對人類糧食生產有使命感之特質的學生。
三、本系網址為：https://soil.nchu.edu.tw/，聯絡電話：(04)2284-0373轉3301。"
00337,國立中興大學,生物科技學士學位學程,第三類學群,4,14,1,13,均標,前標,均標,均標,0,前標,0,在校學業成績全校排名百分比,學測自然級分,學測英文級分,化學學業成績總平均全校排名百分比,生物學業成績總平均全校排名百分比,英語文學業成績總平均全校排名百分比,國語文學業成績總平均全校排名百分比,1、在校學業成績全校排名百分比 2、學測自然級分 3、學測英文級分 4、化學學業成績總平均全校排名百分比 5、生物學業成績總平均全校排名百分比 6、英語文學業成績總平均全校排名百分比 7、國語文學業成績總平均全校排名百分比,,,,,,,"一、數學A、數學B，考生僅通過其中一科檢定標準即可。
二、本學程教育宗旨為培育能自我學習及能對農業、環境、醫藥、工業等領域進行科際整合的生物科技人才。課程涵蓋植物生技、動物生技、微生物生技、生物資訊暨生醫機電、智財暨行銷管理等跨領域課程。
三、本學程網址:http://bpbiot.nchu.edu.tw/聯絡電話：(04)22840811轉536。"
00338,國立中興大學,景觀與遊憩學士學位學程,第三類學群,3,14,1,13,均標,均標,均標,均標,0,均標,0,在校學業成績全校排名百分比,學測英文級分,學測國文級分,學測自然級分,數學學業成績總平均全校排名百分比,英語文學業成績總平均全校排名百分比,生物學業成績總平均全校排名百分比,1、在校學業成績全校排名百分比 2、學測英文級分 3、學測國文級分 4、學測自然級分 5、數學學業成績總平均全校排名百分比 6、英語文學業成績總平均全校排名百分比 7、生物學業成績總平均全校排名百分比,,,,,,,"一、數學A、數學B，考生僅通過其中一科檢定標準即可。
二、本學程主要在培養景觀與遊憩規劃之專門人才。
三、本學程特色：培養具有景觀設計核心專業能力，且可應用於遊憩規劃領域，並整合多元能力之人才。
四、本學程網址：https://plr.nchu.edu.tw/，聯絡電話：(04)2284-0513。"
00339,國立中興大學,國際農企業學士學位學程,第三類學群,1,14,1,13,0,前標,均標,均標,0,均標,0,在校學業成績全校排名百分比,學測英文、自然之級分總和,學測英文級分,英語文學業成績總平均全校排名百分比,數學學業成績總平均全校排名百分比,學測自然級分,生物學業成績總平均全校排名百分比,1、在校學業成績全校排名百分比 2、學測英文、自然之級分總和 3、學測英文級分 4、英語文學業成績總平均全校排名百分比 5、數學學業成績總平均全校排名百分比 6、學測自然級分 7、生物學業成績總平均全校排名百分比,,,,,,,"一、數學A、數學B，考生僅通過其中一科檢定標準即可。
二、本學程招收學業成績具有一定基礎、英語文程度在一般水準之上、有外向性格、敢於探索新事物之青年學生。三、本學程為四年制全英語學士班，培養具農業技能、永續觀念、農企業管理能力與國際視野的跨域T型人才。四、本校另有設立全英語授課之國際農學碩士學位學程(IMPA)，100年接受教育部委託高教評鑑中心訪視考核，獲得「極力推薦」之最高等級評價。IMPA與本學程IBPA互為犄角，積極推動本校國際化進程。五、本學程網址為：https://nchuibpa.simplesite.com/，位址：校本部臺中市南區興大路145號，電話：04-22840849轉526。"
00340,國立中興大學,生命科學系,第三類學群,20,14,3,13,0,前標,均標,0,0,前標,0,在校學業成績全校排名百分比,學測自然級分,生物學業成績總平均全校排名百分比,學測英文級分,英語文學業成績總平均全校排名百分比,學測數學A級分,數學學業成績總平均全校排名百分比,1、在校學業成績全校排名百分比 2、學測自然級分 3、生物學業成績總平均全校排名百分比 4、學測英文級分 5、英語文學業成績總平均全校排名百分比 6、學測數學A級分 7、數學學業成績總平均全校排名百分比,,,,,,,"一、本系具有極優質的學習、研究環境與師資陣容，包含了生態、演化、生理、分子生物、基礎醫學、尖端生物科技等主要生命科學領域，以及病毒、微生物、植物、動物等所有生物類群。本系提供全方位具有彈性的課程和學習環境，讓有志於生態保育、研究教學或生物技術產業等基礎研究和應用科技的年輕人，能獲得最完整之教育訓練。
二、本系網址https://lifes.nchu.edu.tw/，聯絡電話：(04)2284-0416轉302。
三、本系實驗課須親自操作實驗，學生須具備相當之視覺、顏色判斷功能，具獨立操作及個人安全維護能力。
四、本系學士班部分課程採用全英語授課(EMI)。"
00341,國立中興大學,獸醫學系,第三類學群,9,14,0,0,均標,前標,均標,0,0,前標,B級,在校學業成績全校排名百分比,學測英文級分,學測自然級分,學測數學A級分,英語文學業成績總平均全校排名百分比,化學學業成績總平均全校排名百分比,生物學業成績總平均全校排名百分比,1、在校學業成績全校排名百分比 2、學測英文級分 3、學測自然級分 4、學測數學A級分 5、英語文學業成績總平均全校排名百分比 6、化學學業成績總平均全校排名百分比 7、生物學業成績總平均全校排名百分比,,,,,,,"一、修業年限五年，大四前需修畢必修科目，方能修習大五臨床討論及診療實習。臨床討論至少一次須以英文報告。
二、實習含動物保定、聽觸診、影像及實驗檢測色彩判讀、與畜主溝通等，皆須親自參與，需具有良好肢體、感官及溝通能力。從事獸醫師工作必需具有人際互動、溝通協調與控管情緒之能力。
三、本系網址為：http://www.vm.nchu.edu.tw/，聯絡電話：(04)22840834~837轉351。"
00401,國立成功大學,中國文學系,第一類學群,8,5,0,0,頂標,均標,0,0,前標,0,0,在校學業成績全校排名百分比,學測國文級分,學測社會級分,學測英文級分,學測國文、英文、社會之級分總和,國語文學業成績總平均全校排名百分比,英語文學業成績總平均全校排名百分比,1、在校學業成績全校排名百分比 2、學測國文級分 3、學測社會級分 4、學測英文級分 5、學測國文、英文、社會之級分總和 6、國語文學業成績總平均全校排名百分比 7、英語文學業成績總平均全校排名百分比,,,,,,,"本系地址：臺南市大學路一號國立成功大學中國文學系
本系電括：06-2757575-52100
本系傳真：06-2766473
本系網址：https://chinese.ncku.edu.tw/"
00402,國立成功大學,外國語文學系,第一類學群,7,5,0,0,前標,頂標,0,0,均標,0,A級,在校學業成績全校排名百分比,學測英文級分,英語文學業成績總平均全校排名百分比,學測國文級分,國語文學業成績總平均全校排名百分比,學測社會級分,學測數學B級分,1、在校學業成績全校排名百分比 2、學測英文級分 3、英語文學業成績總平均全校排名百分比 4、學測國文級分 5、國語文學業成績總平均全校排名百分比 6、學測社會級分 7、學測數學B級分,,,,,,,"系網頁：https://flld.ncku.edu.tw/
連絡電話：(06)2757575分機52253
本系落實英語及第二外語(日法德西語，四擇一)之語言訓練，同時厚植西洋文學與文化素養，灌輸語言學/教學之理論與知識，亦鼓勵學生修習跨領域課程多方探索，以培養增強個人能力、職場競爭力，並發展多元專長。"
00403,國立成功大學,歷史學系,第一類學群,8,5,1,2,前標,前標,0,0,前標,0,0,在校學業成績全校排名百分比,學測社會級分,學測國文級分,學測英文級分,歷史學業成績總平均全校排名百分比,學測國文、英文、數學B、社會之級分總和,學測數學B級分,1、在校學業成績全校排名百分比 2、學測社會級分 3、學測國文級分 4、學測英文級分 5、歷史學業成績總平均全校排名百分比 6、學測國文、英文、數學B、社會之級分總和 7、學測數學B級分,,,,,,,"本系教育目標，旨在培養歷史意識及文人素養、歷史知識與歷史方法運用、獨立思考及啟發個人潛力和在地關懷與全球視野。
本系網址http://his.ncku.edu.tw 聯絡電話(06)2757575#52340
EMAIL:z9308006@email.ncku.edu.tw"
00404,國立成功大學,台灣文學系,第一類學群,8,5,0,0,前標,前標,0,均標,前標,0,0,在校學業成績全校排名百分比,歷史學業成績總平均全校排名百分比,地理學業成績總平均全校排名百分比,學測社會級分,學測數學B級分,學測英文級分,學測國文、英文、數學B、社會之級分總和,1、在校學業成績全校排名百分比 2、歷史學業成績總平均全校排名百分比 3、地理學業成績總平均全校排名百分比 4、學測社會級分 5、學測數學B級分 6、學測英文級分 7、學測國文、英文、數學B、社會之級分總和,,,,,,,"本系為全國最資深、學制最完整、師資最多元的台灣文學系。本系秉持著永續台灣、放眼世界的精神，落實釘根台灣母語的台灣學教育以促進台灣語文及台灣文學之永續發展。本系領導台灣及東南亞雙向交流與比較研究，將台灣文化推廣到全世界。
本系網址：https://twl.ncku.edu.tw
信箱：em52600@email.ncku.edu.tw
電話：(06)2757575轉52600"
00405,國立成功大學,企業管理學系,第一類學群,10,5,0,0,均標,前標,0,均標,0,0,0,在校學業成績全校排名百分比,學測國文、英文、數學B之級分總和,學測英文級分,學測數學B級分,學測國文級分,英語文學業成績總平均全校排名百分比,數學學業成績總平均全校排名百分比,1、在校學業成績全校排名百分比 2、學測國文、英文、數學B之級分總和 3、學測英文級分 4、學測數學B級分 5、學測國文級分 6、英語文學業成績總平均全校排名百分比 7、數學學業成績總平均全校排名百分比,,,,,,,"本系旨在培養具備創新與整合特長、誠信務實、國際視野素養之優秀領導人才。多元化教學外兼顧理論與
實務，強化學生英語溝通能力，培養學生國際視野以及國際經驗。
聯絡電話：06-2757575轉53305
網址https://ba.ncku.edu.tw/"
00406,國立成功大學,會計學系,第一類學群,8,5,1,2,均標,前標,均標,0,均標,0,0,在校學業成績全校排名百分比,學測國文、英文、數學A、社會之級分總和,學測英文級分,學測數學A級分,英語文學業成績總平均全校排名百分比,數學學業成績總平均全校排名百分比,學測國文級分,1、在校學業成績全校排名百分比 2、學測國文、英文、數學A、社會之級分總和 3、學測英文級分 4、學測數學A級分 5、英語文學業成績總平均全校排名百分比 6、數學學業成績總平均全校排名百分比 7、學測國文級分,,,,,,,"本系以精研會計學術及培育會計專業人才為宗旨，在教學方面兼顧理論與實務，藉由課程提升學生會計理論之知識，並提供學生接觸會計實務之機會，幫助其了解會計實務，同時重視學生企業倫理及社會責任觀念之養成，期望未來秉持誠信正直之精神成為企業界領導人才。
聯絡電話：06-2757575轉53433
學系網址：https://www.acc.ncku.edu.tw"
00407,國立成功大學,政治學系,第一類學群,9,5,0,0,均標,均標,均標,均標,均標,0,0,在校學業成績全校排名百分比,學測英文級分,學測國文級分,學測社會級分,學測國文、英文、社會之級分總和,英語文學業成績總平均全校排名百分比,數學學業成績總平均全校排名百分比,1、在校學業成績全校排名百分比 2、學測英文級分 3、學測國文級分 4、學測社會級分 5、學測國文、英文、社會之級分總和 6、英語文學業成績總平均全校排名百分比 7、數學學業成績總平均全校排名百分比,,,,,,,"本系依照自我屬性，配合本校教育方針，訂定通才教育、周延訓練、國際視野及社會關懷四大目標，並透過本系「政治理論與方法」、「公共行政」、「比較政治」及「國際關係」四大課程領域，培育具備開創、溝通及整合能力的政治學人才，歡迎有志青年報考。
本系聯絡電話：06-2757575轉分機50255
本系網址：https://www.polsci.ncku.edu.tw/"
00408,國立成功大學,經濟學系,第一類學群,12,5,1,2,前標,均標,前標,0,均標,0,0,在校學業成績全校排名百分比,學測數學A級分,學測英文級分,學測國文級分,學測社會級分,數學學業成績總平均全校排名百分比,英語文學業成績總平均全校排名百分比,1、在校學業成績全校排名百分比 2、學測數學A級分 3、學測英文級分 4、學測國文級分 5、學測社會級分 6、數學學業成績總平均全校排名百分比 7、英語文學業成績總平均全校排名百分比,,,,,,,"招生目標：歡迎對經濟學相關之社會行為、財務金融、國家財政、央行貨幣、開放貿易之等議題有興趣者，並有志於從事解決資源限制對社會之影響，期許能增進人類福祉、消弭社會貧富差距的優秀高中畢業生加入。
*系聯絡電話及網址：(06)2757575轉56300；https://www.econ.ncku.edu.tw/"
00409,國立成功大學,法律學系,第一類學群,7,5,2,2,頂標,頂標,0,均標,均標,0,0,在校學業成績全校排名百分比,公民與社會學業成績總平均全校排名百分比,學測社會級分,學測國文級分,學測英文級分,學測數學B級分,學測國文、英文、數學B、社會之級分總和,1、在校學業成績全校排名百分比 2、公民與社會學業成績總平均全校排名百分比 3、學測社會級分 4、學測國文級分 5、學測英文級分 6、學測數學B級分 7、學測國文、英文、數學B、社會之級分總和,,,,,,,"本系除著重必要共通基礎法學之養成訓練外，更將結合本校豐沛之學系資源，培育當前國內與國際政經社科文環境變遷所需之全方位法律人。有志從事法學研究與司法實務工作者，均歡迎報考。
本系網址：https://www.law.ncku.edu.tw/
E-mail：em66100@email.ncku.edu.tw
電話：06-2757575轉56105、56100"
00410,國立成功大學,數學系,第二類學群,8,14,0,0,0,均標,前標,0,0,均標,0,在校學業成績全校排名百分比,學測英文、數學A、自然之級分總和,學測數學A級分,學測自然級分,學測英文級分,數學學業成績總平均全校排名百分比,物理學業成績總平均全校排名百分比,1、在校學業成績全校排名百分比 2、學測英文、數學A、自然之級分總和 3、學測數學A級分 4、學測自然級分 5、學測英文級分 6、數學學業成績總平均全校排名百分比 7、物理學業成績總平均全校排名百分比,,,,,,,"數學作為一切自然科學、工程科學、社會科學、管理科學的基礎，也擁有一套自有完整的理論體系。成大數學系除了提供必修課程的基礎訓練，也讓學生有相當大的選課自由來探索自己的興趣。學生可以接續本系的選修課程來深入探討數學理論，也可以接觸其他科系並認識數學的廣泛應用。未來除了成為數學研究者或是教師，也可以將數學結合其他領域如資訊或金融，繼續深造或就業。
系聯絡電話：06-2757575轉65105；本系網址：https://math.ncku.edu.tw"
00411,國立成功大學,物理學系,第二類學群,6,14,1,6,均標,均標,均標,0,0,均標,0,在校學業成績全校排名百分比,學測國文、英文、數學A、自然之級分總和,學測數學A級分,學測自然級分,學測英文級分,數學學業成績總平均全校排名百分比,物理學業成績總平均全校排名百分比,1、在校學業成績全校排名百分比 2、學測國文、英文、數學A、自然之級分總和 3、學測數學A級分 4、學測自然級分 5、學測英文級分 6、數學學業成績總平均全校排名百分比 7、物理學業成績總平均全校排名百分比,,,,,,,"網址:https://www.phys.ncku.edu.tw
電話:06-275-7575 #65257
Email:em65200@email.ncku.edu.tw"
00412,國立成功大學,化學系,第二類學群,8,14,1,6,均標,前標,前標,0,0,前標,0,在校學業成績全校排名百分比,學測國文、英文、數學A、自然之級分總和,學測自然級分,學測數學A級分,學測英文級分,學測國文級分,化學學業成績總平均全校排名百分比,1、在校學業成績全校排名百分比 2、學測國文、英文、數學A、自然之級分總和 3、學測自然級分 4、學測數學A級分 5、學測英文級分 6、學測國文級分 7、化學學業成績總平均全校排名百分比,,,,,,,"1.期望經由甄選來發掘對化學具有潛力與興趣之學生，以培育化學相關領域專業人才。
2.考量實驗操作與實驗結果判定之需要，須有辨色能力。
3.系聯絡電話及網址:(06)2757575轉65300，https://www.ch.ncku.edu.tw/"
00413,國立成功大學,地球科學系,第二類學群,9,14,1,6,均標,均標,均標,0,0,前標,0,在校學業成績全校排名百分比,學測數學A級分,學測自然級分,學測英文級分,學測國文級分,地球科學學業成績總平均全校排名百分比,數學學業成績總平均全校排名百分比,1、在校學業成績全校排名百分比 2、學測數學A級分 3、學測自然級分 4、學測英文級分 5、學測國文級分 6、地球科學學業成績總平均全校排名百分比 7、數學學業成績總平均全校排名百分比,,,,,,,"本系必修課程包含野外地質調查、顯微鏡觀察及化學分析等作業。野外調查需具有良好體能、移動能力及聽覺功能，又因採團體行動，故需適應團體生活，與人互動，並具情緒控管與抗壓能力；顯微鏡觀察則需具相當之視覺功能與辨色能力。本系致力於培育探究地球自然現象、防治地質災害，開發礦物材料、地質調查及資源探勘等人才，課程含岩礦地化，地球物理，應用地質等領域。
地科系網址：https://earth.ncku.edu.tw，連絡電話：06-2757575轉65400或65406"
00414,國立成功大學,光電科學與工程學系,第二類學群,10,14,2,6,均標,前標,前標,0,0,前標,0,在校學業成績全校排名百分比,學測自然級分,學測數學A級分,學測國文、英文、數學A、自然之級分總和,學測英文級分,物理學業成績總平均全校排名百分比,數學學業成績總平均全校排名百分比,1、在校學業成績全校排名百分比 2、學測自然級分 3、學測數學A級分 4、學測國文、英文、數學A、自然之級分總和 5、學測英文級分 6、物理學業成績總平均全校排名百分比 7、數學學業成績總平均全校排名百分比,,,,,,,"網址: https://dps.ncku.edu.tw/
電話: 06-2757575#63900"
00415,國立成功大學,機械工程學系,第二類學群,24,14,1,6,均標,均標,前標,0,0,前標,0,在校學業成績全校排名百分比,學測數學A級分,學測自然級分,學測國文、英文、數學A、自然之級分總和,學測英文級分,數學學業成績總平均全校排名百分比,物理學業成績總平均全校排名百分比,1、在校學業成績全校排名百分比 2、學測數學A級分 3、學測自然級分 4、學測國文、英文、數學A、自然之級分總和 5、學測英文級分 6、數學學業成績總平均全校排名百分比 7、物理學業成績總平均全校排名百分比,,,,,,,"本系教育宗旨為培育優秀之機械工程專業人才，課程涵蓋基礎之機械學科，包括機械設計、力學分析、熱流科學、製造與材料、自動控制等，與相關之新興工程領域與尖端科技。教學內容強調理論與實務並重，培養學生分析與解決工程問題的能力，兼具創新思維、科技研發、與國際事業的特質。
連絡電話:(06)-2757575#62260
本系網址:https://www.me.ncku.edu.tw/"
00416,國立成功大學,化學工程學系,第二類學群,19,14,0,0,0,前標,前標,0,0,前標,0,在校學業成績全校排名百分比,學測英文、數學A、自然之級分總和,學測自然級分,學測數學A級分,學測英文級分,學測國文級分,化學學業成績總平均全校排名百分比,1、在校學業成績全校排名百分比 2、學測英文、數學A、自然之級分總和 3、學測自然級分 4、學測數學A級分 5、學測英文級分 6、學測國文級分 7、化學學業成績總平均全校排名百分比,,,,,,,"1.招收對自然科學(包括化學、物理、材料、生化等方面)及相關工程有廣泛興趣的高中生，藉以培養優秀的化工專業人才。
2.本系課程涵蓋眾多實驗，須進行自主操作。
3.本系除一般化工課程外，另設有生物科技與工程、半導體材料與工程、高分子材料與工程、能源技術與程序系統工程四個學程供學生自由選修。
4.系聯絡電話:(06)2757575-62605，網址 https://che.ncku.edu.tw/"
00417,國立成功大學,材料科學及工程學系,第二類學群,17,14,0,0,前標,前標,前標,0,0,前標,0,在校學業成績全校排名百分比,學測國文、英文、數學A、自然之級分總和,學測自然級分,學測數學A級分,學測英文級分,物理學業成績總平均全校排名百分比,化學學業成績總平均全校排名百分比,1、在校學業成績全校排名百分比 2、學測國文、英文、數學A、自然之級分總和 3、學測自然級分 4、學測數學A級分 5、學測英文級分 6、物理學業成績總平均全校排名百分比 7、化學學業成績總平均全校排名百分比,,,,,,,本系專精於奈米、金屬、陶瓷、高分子材料與功能性材料，如:半導體、光電、複合、超導、能源及生醫材料之教學與研究。本系網址:http://www.mse.ncku.edu.tw/
00418,國立成功大學,資源工程學系,第二類學群,8,14,2,6,均標,前標,前標,0,0,前標,0,在校學業成績全校排名百分比,學測國文、英文、數學A、自然之級分總和,學測數學A級分,學測自然級分,地球科學學業成績總平均全校排名百分比,學測英文級分,學測國文級分,1、在校學業成績全校排名百分比 2、學測國文、英文、數學A、自然之級分總和 3、學測數學A級分 4、學測自然級分 5、地球科學學業成績總平均全校排名百分比 6、學測英文級分 7、學測國文級分,,,,,,,"本系為獨特之跨院與跨系領域整合科系。教學及研究兼具專業與多元化（含資源開發與保育工程、地熱及二氧化碳地質封存工程、礦物及陶瓷科學工程、資源再生工程、循環經濟、以及資源經濟及管理等）。近年碳中和已是全球議題，而碳中和與本系關聯性密切。能源轉型規劃、替代能源生產、循環經濟、核能、二氧化碳地質封存等均為本系長期研究課題，且已有耀眼研究成果。系友在大地工程、石油工程、陶瓷工程、半導體行業均有優異的表現。本系轉出者須修完本系大一及大二所有專業必修課程(課程碼以E4開頭)，方可申請轉系。
網址https://mp.ncku.edu.tw/ 聯絡電話（06）2757575轉62806"
00419,國立成功大學,土木工程學系,第二類學群,13,14,0,0,0,前標,前標,0,0,前標,0,在校學業成績全校排名百分比,學測國文、英文、數學A、自然之級分總和,學測數學A級分,學測自然級分,學測英文級分,學測國文級分,物理學業成績總平均全校排名百分比,1、在校學業成績全校排名百分比 2、學測國文、英文、數學A、自然之級分總和 3、學測數學A級分 4、學測自然級分 5、學測英文級分 6、學測國文級分 7、物理學業成績總平均全校排名百分比,,,,,,,"培養具備土木工程學識、規劃分析及設計能力之土木工程師。
本系網址:https://www.civil.ncku.edu.tw/
連絡電話:(06)2757575轉63107
傳真:(06)2358542"
00420,國立成功大學,水利及海洋工程學系,第二類學群,9,14,2,6,均標,均標,前標,0,0,前標,0,在校學業成績全校排名百分比,學測國文、英文、數學A、自然之級分總和,學測數學A級分,學測自然級分,學測英文級分,數學學業成績總平均全校排名百分比,物理學業成績總平均全校排名百分比,1、在校學業成績全校排名百分比 2、學測國文、英文、數學A、自然之級分總和 3、學測數學A級分 4、學測自然級分 5、學測英文級分 6、數學學業成績總平均全校排名百分比 7、物理學業成績總平均全校排名百分比,,,,,,,"1.歡迎有志從事水資源工程、海洋海岸工程、水海災害防治、水科技研究、水海環境保育、水資訊應用及海洋能源等志業之同學參加甄選。
2.轉出需修完大一專業必修及必選課程並取得合格成績，或經招生小組審核通過。
3.學系網址：http://www.hyd.ncku.edu.tw
4.學系連絡電話：06-2757575分機63205 廖小姐。"
00421,國立成功大學,工程科學系,第二類學群,8,14,1,6,均標,均標,前標,0,0,前標,0,在校學業成績全校排名百分比,學測數學A級分,數學學業成績總平均全校排名百分比,學測自然級分,物理學業成績總平均全校排名百分比,學測英文級分,學測國文、英文、數學A、自然之級分總和,1、在校學業成績全校排名百分比 2、學測數學A級分 3、數學學業成績總平均全校排名百分比 4、學測自然級分 5、物理學業成績總平均全校排名百分比 6、學測英文級分 7、學測國文、英文、數學A、自然之級分總和,,,,,,,"本系為一創立最早歷史悠久之科技系統整合學系，領域涵蓋資訊、電機電子、機械、奈米生醫及量子科技等方面，尤其著重跨領域系統整合之專長，要求畢業學生必須具備人工智慧資訊工程、電機控制工程、智慧機器、奈米生醫及量子科技等多元之專業基礎知識，以成為尖科技之系統整合人才。
網址:https://www.es.ncku.edu.tw ;聯絡電話:(06)2757575轉63340 ;傳真:(06)2766549"
00422,國立成功大學,系統及船舶機電工程學系,第二類學群,6,14,0,0,均標,前標,前標,0,0,前標,0,在校學業成績全校排名百分比,學測國文、英文、數學A、自然之級分總和,學測數學A級分,學測自然級分,學測英文級分,學測國文級分,物理學業成績總平均全校排名百分比,1、在校學業成績全校排名百分比 2、學測國文、英文、數學A、自然之級分總和 3、學測數學A級分 4、學測自然級分 5、學測英文級分 6、學測國文級分 7、物理學業成績總平均全校排名百分比,,,,,,,"本系以甄選對機電控制及船舶科技等系統應用方面有興趣之學生，以培養跨領域的科技人才，從事科技與系統整合相關研究。
本系網址：https://sname.ncku.edu.tw/
連絡電話：(06)2757575#63509 陳小姐
Email：z10905003@email.ncku.edu.tw"
00423,國立成功大學,航空太空工程學系,第二類學群,8,14,0,0,0,前標,前標,0,0,前標,0,在校學業成績全校排名百分比,學測數學A、自然之級分總和,學測數學A級分,學測自然級分,學測英文級分,數學學業成績總平均全校排名百分比,物理學業成績總平均全校排名百分比,1、在校學業成績全校排名百分比 2、學測數學A、自然之級分總和 3、學測數學A級分 4、學測自然級分 5、學測英文級分 6、數學學業成績總平均全校排名百分比 7、物理學業成績總平均全校排名百分比,,,,,,,"1. 本系網址：https://iaa.ncku.edu.tw/
2. 聯絡電話：06-275-7575轉63637(任先生)
3. 聯絡信箱：z10704030@email.ncku.edu.tw"
00424,國立成功大學,環境工程學系,第二類學群,8,14,1,6,均標,均標,前標,0,0,前標,0,在校學業成績全校排名百分比,學測數學A級分,學測英文級分,學測自然級分,學測國文、英文、數學A、自然之級分總和,學測國文級分,數學學業成績總平均全校排名百分比,1、在校學業成績全校排名百分比 2、學測數學A級分 3、學測英文級分 4、學測自然級分 5、學測國文、英文、數學A、自然之級分總和 6、學測國文級分 7、數學學業成績總平均全校排名百分比,,,,,,,"1.本系涵蓋環境關切物質預防控制及整治、環境管理與系統分析、資源循環、淨零碳排及氣候變遷因應等，國內成立最早且學制完整，通過工程認證培育具理論、實作及設計能力的整合人才。系網頁：https://ev.ncku.edu.tw 聯絡電話：(06)2757575 轉65806 。
2.轉出需修完本系大一上下學期及大二上學期所有必修、必選課程並取得合格成績，或經轉系審查小組審核通過後，方可申請轉系。"
00425,國立成功大學,測量及空間資訊學系,第二類學群,10,14,0,0,均標,均標,均標,0,0,均標,0,在校學業成績全校排名百分比,學測國文、英文、數學A、自然之級分總和,學測數學A級分,學測英文級分,學測自然級分,學測國文級分,數學學業成績總平均全校排名百分比,1、在校學業成績全校排名百分比 2、學測國文、英文、數學A、自然之級分總和 3、學測數學A級分 4、學測英文級分 5、學測自然級分 6、學測國文級分 7、數學學業成績總平均全校排名百分比,,,,,,,"本系提供空間資訊工程教育為宗旨，以數位地球的概念為遠景，規劃完整的空間資訊科學與工程學習課程，以培育測量及空間資訊工程專業人才。
本系網頁：https://www.geomatics.ncku.edu.tw(網頁內容含本系教學、研究、就業方面的完整資訊)
本系轉入需符合原學系轉系規定且經本系學術委員會同意；轉出申請者須在就讀期間完成大一及大二所有專業必修及專業選修課程(課程碼以F6開頭)，方可申請轉系。
聯絡電話：06-2757575轉63801(鄭小姐)"
00426,國立成功大學,生物醫學工程學系,第二類學群,4,14,0,0,0,前標,前標,0,0,前標,0,在校學業成績全校排名百分比,學測英文、數學A、自然之級分總和,學測自然級分,學測數學A級分,物理學業成績總平均全校排名百分比,生物學業成績總平均全校排名百分比,化學學業成績總平均全校排名百分比,1、在校學業成績全校排名百分比 2、學測英文、數學A、自然之級分總和 3、學測自然級分 4、學測數學A級分 5、物理學業成績總平均全校排名百分比 6、生物學業成績總平均全校排名百分比 7、化學學業成績總平均全校排名百分比,,,,,,,"本系研究涵蓋生物力學、生醫材料、醫學電子、醫學影像、醫療器材創新設計、AI智慧醫療生醫資訊、生醫晶片等領域；以培育結合工程及醫學領域之跨領域人才為目標。
本系網頁：bme.ncku.edu.tw
聯絡電話：（06）2757575＃63400"
00427,國立成功大學,工業與資訊管理學系,第二類學群,9,14,1,6,前標,前標,前標,0,0,前標,0,在校學業成績全校排名百分比,學測國文、英文、數學A、自然之級分總和,學測數學A級分,學測英文級分,學測自然級分,學測國文級分,數學學業成績總平均全校排名百分比,1、在校學業成績全校排名百分比 2、學測國文、英文、數學A、自然之級分總和 3、學測數學A級分 4、學測英文級分 5、學測自然級分 6、學測國文級分 7、數學學業成績總平均全校排名百分比,,,,,,,"本系整合工業管理與資訊管理之訓練，旨在培養擁有生產作業管理及資訊科技相關的優秀人才。教學以數量方法與資訊科技為重心，強調產業管理與資訊運用，注重專業課程及實習操作，並在學程中安排專題研究，培育學生應有的管理能力與專業知識。
連絡電話：06-2757575轉53100，網址:https://iim.ncku.edu.tw/"
00428,國立成功大學,交通管理科學系,第二類學群,8,14,0,0,均標,前標,前標,0,0,均標,0,在校學業成績全校排名百分比,學測國文、英文、數學A、自然之級分總和,學測英文級分,學測數學A級分,學測國文級分,學測自然級分,英語文學業成績總平均全校排名百分比,1、在校學業成績全校排名百分比 2、學測國文、英文、數學A、自然之級分總和 3、學測英文級分 4、學測數學A級分 5、學測國文級分 6、學測自然級分 7、英語文學業成績總平均全校排名百分比,,,,,,,"展望智慧城市與智慧運輸、高速鐵路、捷運系統、全球運籌、航空與海運國際化、政府交通規劃與治理、資通訊服務與傳播科技使用、資通訊科技數位匯流等發展趨勢，本系旨在培育未來交通運輸、數位發展與通訊傳播之科技與管理人才。
網址：https://tcm.ncku.edu.tw/
電話：06-2757575轉53237"
00429,國立成功大學,統計與資料科學學系,第二類學群,8,14,2,6,均標,前標,前標,0,0,前標,0,在校學業成績全校排名百分比,學測數學A級分,學測自然級分,學測英文級分,學測國文級分,學測國文、英文、數學A、自然之級分總和,數學學業成績總平均全校排名百分比,1、在校學業成績全校排名百分比 2、學測數學A級分 3、學測自然級分 4、學測英文級分 5、學測國文級分 6、學測國文、英文、數學A、自然之級分總和 7、數學學業成績總平均全校排名百分比,,,,,,,"本系以統計思維為核心，結合數學、電腦科學與資料分析，培養學生跨域的資料處理與解讀能力。透過多元研究與實作環境，學生在畢業前即可累積實務經驗，兼顧理論與應用，展現本系特色。
網  址：https://www.stat.ncku.edu.tw
電  話：06-2757575轉53606"
00430,國立成功大學,電機工程學系(甲組),第二類學群,5,14,0,0,0,前標,頂標,0,0,頂標,0,在校學業成績全校排名百分比,學測英文、數學A、自然之級分總和,學測數學A級分,學測自然級分,學測英文級分,數學學業成績總平均全校排名百分比,物理學業成績總平均全校排名百分比,1、在校學業成績全校排名百分比 2、學測英文、數學A、自然之級分總和 3、學測數學A級分 4、學測自然級分 5、學測英文級分 6、數學學業成績總平均全校排名百分比 7、物理學業成績總平均全校排名百分比,,,,,,,"本組保證提供入學獎學金，完成指定選修學分獎學金，優先推薦國外與國內實習，及出國交換之獎學金，期望優秀同學能經由此管道進入本系深造，激發潛能成為世界一流的高科技人才。
聯絡電話: (06)275-7575轉62313 網址: https://www.ee.ncku.edu.tw"
00431,國立成功大學,電機工程學系(乙組),第二類學群,23,14,0,0,0,均標,頂標,0,0,頂標,0,在校學業成績全校排名百分比,學測英文、數學A、自然之級分總和,學測數學A級分,學測自然級分,學測英文級分,數學學業成績總平均全校排名百分比,物理學業成績總平均全校排名百分比,1、在校學業成績全校排名百分比 2、學測英文、數學A、自然之級分總和 3、學測數學A級分 4、學測自然級分 5、學測英文級分 6、數學學業成績總平均全校排名百分比 7、物理學業成績總平均全校排名百分比,,,,,,,"甄選對半導體、晶片設計、人工智慧、光電、控制、電力電子、電力系統與能源、通訊、電腦與網路、資訊、電子材料及儀器系統等電機資訊領域有興趣之高中生。有五年學碩士及學士畢業直攻博士等管道，期望優秀同學能經由此管道進入本系深造，激發潛能成為世界一流的高科技人才。
聯絡電話:(06)275-7575轉62313 網址:https://www.ee.ncku.edu.tw"
00432,國立成功大學,資訊工程學系,第二類學群,12,14,0,0,0,前標,前標,0,0,前標,0,在校學業成績全校排名百分比,學測英文、數學A、自然之級分總和,學測數學A級分,學測英文級分,學測自然級分,數學學業成績總平均全校排名百分比,資訊科技學業成績總平均全校排名百分比,1、在校學業成績全校排名百分比 2、學測英文、數學A、自然之級分總和 3、學測數學A級分 4、學測英文級分 5、學測自然級分 6、數學學業成績總平均全校排名百分比 7、資訊科技學業成績總平均全校排名百分比,,,,,,,"資訊與網路安全、大數據與雲端、平行與分散式高速計算、5G與智慧校園/城市、IC與嵌入式系統、多媒體與訊號處理、醫學影像/醫學資訊應用等相關技術，結合國內產學研究的各項資源，並與國際接軌，提供優秀高中生獎學金及逕讀博士班管道相關辦法。
系聯絡電話：(06)2757575轉62500#21 Email: ylchao@mail.ncku.edu.tw
網址：https://www.csie.ncku.edu.tw/zh-hant/"
00433,國立成功大學,建築學系,第二類學群,8,14,0,0,均標,前標,前標,0,0,前標,0,在校學業成績全校排名百分比,學測國文、英文、數學A、自然之級分總和,學測數學A級分,學測自然級分,學測英文級分,學測國文級分,數學學業成績總平均全校排名百分比,1、在校學業成績全校排名百分比 2、學測國文、英文、數學A、自然之級分總和 3、學測數學A級分 4、學測自然級分 5、學測英文級分 6、學測國文級分 7、數學學業成績總平均全校排名百分比,,,,,,,"1.本系創立於民國33年，是國內大學建築相關科系中歷史最悠久者，擁有完整的大學與研究所建築教育學程。本
系系友遍佈建築、營建之產官學各相關領域，皆有卓越貢獻。
2.本系分為建築設計組(5年制)及建築工程組(4年制)，入學不分組，大三則依「分轉組作業準則」分組。
3.本系學習內容包含設計與繪圖，需具備色彩、圖像與辨識能力。
4.本系連絡電話:06-2757575轉54108。
5.本系網址:https://www.arch.ncku.edu.tw/"
00434,國立成功大學,都市計劃學系,第二類學群,8,14,0,0,均標,前標,前標,0,0,0,0,在校學業成績全校排名百分比,學測國文、英文、數學A之級分總和,學測數學A級分,學測英文級分,學測國文級分,數學學業成績總平均全校排名百分比,英語文學業成績總平均全校排名百分比,1、在校學業成績全校排名百分比 2、學測國文、英文、數學A之級分總和 3、學測數學A級分 4、學測英文級分 5、學測國文級分 6、數學學業成績總平均全校排名百分比 7、英語文學業成績總平均全校排名百分比,,,,,,,"1.本系為國內第一所都市計劃學系，提供學、碩、博士完整學程，教學兼重理論與實務，培養學生邏輯思考、大數據分析與空間資訊應用、跨域創新整合能力，兼具人文關懷、美學與國際觀之空間規劃設計專才，厚植生涯發展競爭力。歡迎各學群具關心公共事務、多元學習興趣者申請就讀。
2.學習內容包含設計與書圖製作、田野調查，需具備色彩、圖像辨識能力。
3.本系轉入須經審查通過；申請轉出須修完大一專業必修課程。
4.聯絡電話：(06)2757575轉54237 電子信箱：ta.upncku@gmail.com 網址：https://up.ncku.edu.tw/"
00435,國立成功大學,工業設計學系,第二類學群,7,14,0,0,均標,前標,前標,0,0,前標,0,在校學業成績全校排名百分比,學測國文、英文、數學A、自然之級分總和,學測英文級分,學測自然級分,學測數學A級分,學測國文級分,英語文學業成績總平均全校排名百分比,1、在校學業成績全校排名百分比 2、學測國文、英文、數學A、自然之級分總和 3、學測英文級分 4、學測自然級分 5、學測數學A級分 6、學測國文級分 7、英語文學業成績總平均全校排名百分比,,,,,,,"1.招生目標：旨在培養未來世代具有智慧科技、環境永續與人文關懷素養之高階設計及創新專業人才。
2.學生須以公開設計展形式完成專題設計之畢業條件。
3.本系聯絡電話06-2757575轉54343。本系相關資訊請參閱本系網站：http://ide.ncku.edu.tw"
00436,國立成功大學,全校不分系學士學位學程,第二類學群,2,14,0,0,均標,前標,前標,0,0,0,0,在校學業成績全校排名百分比,學測國文、英文、數學A之級分總和,學測數學A級分,學測英文級分,學測國文級分,數學學業成績總平均全校排名百分比,英語文學業成績總平均全校排名百分比,1、在校學業成績全校排名百分比 2、學測國文、英文、數學A之級分總和 3、學測數學A級分 4、學測英文級分 5、學測國文級分 6、數學學業成績總平均全校排名百分比 7、英語文學業成績總平均全校排名百分比,,,,,,,"1.培育全方位菁英領袖及跨域人才，學生得依「國立成功大學不分系學士班選系分發要點」進行分發。
2.本系網址：https://ccep.ctld.ncku.edu.tw/；本系電話：06-2757575分機61120-23。"
00437,國立成功大學,醫學檢驗生物技術學系,第三類學群,6,4,0,0,均標,前標,前標,0,0,前標,0,在校學業成績全校排名百分比,學測國文、英文、數學A、自然之級分總和,學測英文級分,學測自然級分,學測數學A級分,化學學業成績總平均全校排名百分比,生物學業成績總平均全校排名百分比,1、在校學業成績全校排名百分比 2、學測國文、英文、數學A、自然之級分總和 3、學測英文級分 4、學測自然級分 5、學測數學A級分 6、化學學業成績總平均全校排名百分比 7、生物學業成績總平均全校排名百分比,,,,,,,"1.本系為醫療相關料系，學生須透過親自操作儀器奠定醫學檢驗專業知識與實驗技能，課程中須透過顯微鏡辨識細微物質及病理切片染色判定；生化實驗具一定危險性，須有能力及時移動身軀遠離危險現場。
2本系主修醫學檢驗生物技術，畢業後可報考醫事檢驗師高考取得專業證照，亦可往生物技術領域發展。
3.本系網址：https://mt.ncku.edu.tw
4.聯絡電話：06-2353535#5781"
00438,國立成功大學,護理學系,第三類學群,7,4,0,0,均標,前標,均標,0,0,均標,0,在校學業成績全校排名百分比,學測英文級分,學測自然級分,學測國文級分,學測數學A級分,英語文學業成績總平均全校排名百分比,生物學業成績總平均全校排名百分比,1、在校學業成績全校排名百分比 2、學測英文級分 3、學測自然級分 4、學測國文級分 5、學測數學A級分 6、英語文學業成績總平均全校排名百分比 7、生物學業成績總平均全校排名百分比,,,,,,,"本系秉持「同感、尊重、敬業、愛人」理念，培育以人為中心之護理專業人才，強調運用護理科學解決健康問題，養成領導、關懷、倫理決策、溝通、自主學習及抗壓應變等能力，並培育具國際觀、人文素養和優質全人照護信念的專業護理人員。
連絡電話：06-2353535#5827
網址：https://nursing.ncku.edu.tw"
00439,國立成功大學,物理治療學系,第三類學群,6,4,0,0,均標,前標,均標,0,0,均標,0,在校學業成績全校排名百分比,學測國文、英文、數學A、自然之級分總和,學測英文級分,學測自然級分,學測國文級分,學測數學A級分,英語文學業成績總平均全校排名百分比,1、在校學業成績全校排名百分比 2、學測國文、英文、數學A、自然之級分總和 3、學測英文級分 4、學測自然級分 5、學測國文級分 6、學測數學A級分 7、英語文學業成績總平均全校排名百分比,,,,,,,"1.本系為醫療照護相關學系，學習課程具有與人直接互動之特性，且需完成物理治療臨床實習。課程學習需要，學生於就學期間須大體解剖、與病患及醫療團隊溝通、建立醫病關係等，為判定病患病因，各項感官皆須較為敏銳；未來學習過程與就業場域可能會操作光電熱治療儀器、保護病患接受物理治療安全；因此，須具有相當之視覺、聽覺功能，具良好口語表達、溝通能力，需久站、運用肢體操作儀器、能迅速移動，具人際互動溝通協調能力、能控管自身情緒、具相當之抗壓能力。2.特別歡迎具有醫療照顧相關之活動經驗者就讀。
3.本系聯絡電話：06-2353535轉5027，網址：https://pt.ncku.edu.tw/"
00440,國立成功大學,職能治療學系,第三類學群,5,4,0,0,0,前標,前標,0,0,前標,0,在校學業成績全校排名百分比,學測國文、英文、數學A、自然之級分總和,學測英文級分,學測自然級分,學測數學A級分,學測國文級分,英語文學業成績總平均全校排名百分比,1、在校學業成績全校排名百分比 2、學測國文、英文、數學A、自然之級分總和 3、學測英文級分 4、學測自然級分 5、學測數學A級分 6、學測國文級分 7、英語文學業成績總平均全校排名百分比,,,,,,,"本系旨在培養職能治療專業人員，其為利用目的化活動協助個案恢復身心功能、發展調適技巧、促使回歸社會之醫療專業，歡迎有愛心、耐心及創造力的同學申請報名本系。
課程中需與人直接互動的特性。不論是在校課程，或職場上，學生都須進行形貌、角度的判定以利病症的判定、與病患及醫療團隊溝通、建立醫病關係等；因此，必需具有相當之視覺、聽覺功能，口語表達、人際互動溝通協調能力、體能〈需久站、移動病患肢體進行治療〉，且能控管自身情緒、具相當之抗壓能力。
本系聯絡電話：06-2353535轉5025，網址：ot.ncku.edu.tw"
00441,國立成功大學,藥學系,第三類學群,5,4,0,0,均標,均標,均標,0,0,均標,0,在校學業成績全校排名百分比,學測國文、英文、數學A、自然之級分總和,學測自然級分,學測國文級分,學測英文級分,學測數學A級分,化學學業成績總平均全校排名百分比,1、在校學業成績全校排名百分比 2、學測國文、英文、數學A、自然之級分總和 3、學測自然級分 4、學測國文級分 5、學測英文級分 6、學測數學A級分 7、化學學業成績總平均全校排名百分比,,,,,,,"1. 本系招收六年制學生。
2. 藥學必修之實驗、學習及臨床實習，需具良好之視覺、聽覺功能及口語表達、辨別顏色能力；需久站、運用肢體操作儀器。醫藥專業工作有病人安全之顧慮，需有良好的人際互動溝通協調能力、能控管自身情緒、具相當之抗壓能力。
3. 本系網址：https://pharmacy.ncku.edu.tw
4. 聯絡電話：(06)2353535轉6800"
00442,國立成功大學,心理學系,第三類學群,8,4,1,2,均標,均標,均標,0,0,均標,0,在校學業成績全校排名百分比,學測英文級分,學測數學A級分,學測自然級分,英語文學業成績總平均全校排名百分比,數學學業成績總平均全校排名百分比,生物學業成績總平均全校排名百分比,1、在校學業成績全校排名百分比 2、學測英文級分 3、學測數學A級分 4、學測自然級分 5、英語文學業成績總平均全校排名百分比 6、數學學業成績總平均全校排名百分比 7、生物學業成績總平均全校排名百分比,,,,,,,"本系網址：https://psychology.ncku.edu.tw/
聯絡電話：06-2757575#56500"
00443,國立成功大學,生命科學系,第三類學群,8,4,1,2,0,前標,前標,0,0,前標,0,在校學業成績全校排名百分比,學測自然級分,生物學業成績總平均全校排名百分比,學測英文、數學A、自然之級分總和,學測英文級分,化學學業成績總平均全校排名百分比,英語文學業成績總平均全校排名百分比,1、在校學業成績全校排名百分比 2、學測自然級分 3、生物學業成績總平均全校排名百分比 4、學測英文、數學A、自然之級分總和 5、學測英文級分 6、化學學業成績總平均全校排名百分比 7、英語文學業成績總平均全校排名百分比,,,,,,,"1.本系旨在培養具備整體生命科學知能及生活基本知識和涵養的現代公民，課程上亦積極推動與產業界相互之連結，歡迎對探討生命科學奧秘有興趣之青年申請。
2.本系之具體核心課程中，學生須學習操作儀器、配置藥劑、使用顯微鏡、色彩判定、田野調查、團隊溝通、並具備移動身軀遠離危險、能控管自身情緒、具相當之抗壓能力。
3.聯絡資訊：06-2757575轉58100 https://www.bio.ncku.edu.tw/"
00444,國立成功大學,生物科技與產業科學系,第三類學群,6,4,2,2,前標,前標,0,0,0,前標,0,在校學業成績全校排名百分比,學測國文、英文、自然之級分總和,學測自然級分,生物學業成績總平均全校排名百分比,學測英文級分,學測國文級分,化學學業成績總平均全校排名百分比,1、在校學業成績全校排名百分比 2、學測國文、英文、自然之級分總和 3、學測自然級分 4、生物學業成績總平均全校排名百分比 5、學測英文級分 6、學測國文級分 7、化學學業成績總平均全校排名百分比,,,,,,,"1.本系教育使命：生物技術已成跨領域Bio-X學門，學產轉譯擴及生醫、漁農及民生產業。本系乃「立基於產學轉譯，以實務執行為重點」，著眼於生科產業國際發展趨勢，結合基礎、創新與實務，進而推動此重要知識經濟產業。
2.因課程學習所需，學生於就學期間須學習樣本採集、色彩判定、結果分辨與檢測判讀等，因此需具有相當之視覺及辨色能力。
3.系所聯絡電話及網址：（06）2757575分機58200、https://dbbs.ncku.edu.tw/"
00445,國立成功大學,醫學系,第八類學群,10,1,0,0,頂標,頂標,頂標,0,0,頂標,0,在校學業成績全校排名百分比,學測自然級分,學測國文、英文、數學A、自然之級分總和,公民與社會學業成績總平均全校排名百分比,生物學業成績總平均全校排名百分比,英語文學業成績總平均全校排名百分比,數學學業成績總平均全校排名百分比,1、在校學業成績全校排名百分比 2、學測自然級分 3、學測國文、英文、數學A、自然之級分總和 4、公民與社會學業成績總平均全校排名百分比 5、生物學業成績總平均全校排名百分比 6、英語文學業成績總平均全校排名百分比 7、數學學業成績總平均全校排名百分比,,,面試,100%,20,1000,1.本系教育目標及課程資訊請見網頁https://medicine.ncku.edu.tw/ 2.本系連絡電話：06-2353535*6229 3.本系部份課程透過顯微鏡判讀進行，必須具備色彩觀察及辨識能力。部分臨床課程須久站以照顧病患、具備抗壓能力、與醫療團隊溝通、建立醫病關係等，必需具備適當之視覺、聽覺、口語表達、溝通以及個人安全維護的能力。
00446,國立成功大學,牙醫學系,第八類學群,2,1,0,0,頂標,頂標,頂標,0,0,頂標,0,在校學業成績全校排名百分比,學測國文、英文、數學A、自然之級分總和,學測自然級分,學測數學A級分,生物學業成績總平均全校排名百分比,化學學業成績總平均全校排名百分比,英語文學業成績總平均全校排名百分比,1、在校學業成績全校排名百分比 2、學測國文、英文、數學A、自然之級分總和 3、學測自然級分 4、學測數學A級分 5、生物學業成績總平均全校排名百分比 6、化學學業成績總平均全校排名百分比 7、英語文學業成績總平均全校排名百分比,,,面試,100%,6,1000,"1.本系教學目標及課程規劃請參牙醫系網頁，連絡電話:06-2757575#60012、60013
2.本系部分課程需顯微鏡判讀，應具備色彩觀察及辨識力。部分課程會小組討論，需具有人際互動、溝通協調能力，部分臨床課程須久站以照顧病患、具備抗壓能力、與醫療團隊溝通、建立醫病關係等，需具備適當視覺、聽覺、表達、溝通及個人安全維護能力"
00501,東吳大學,中國文學系,第一類學群,17,18,1,11,均標,0,0,0,0,0,0,在校學業成績全校排名百分比,學測國文級分,國語文學業成績總平均全校排名百分比,英語文學業成績總平均全校排名百分比,學測社會級分,公民與社會學業成績總平均全校排名百分比,學測英文級分,1、在校學業成績全校排名百分比 2、學測國文級分 3、國語文學業成績總平均全校排名百分比 4、英語文學業成績總平均全校排名百分比 5、學測社會級分 6、公民與社會學業成績總平均全校排名百分比 7、學測英文級分,,,,,,,"1.本系以培育專精知識的社會中堅人才為目的，訓練學生在中國文學知識領域中以「文學為體，文創為用」作為發展目標。依個人性向並配合社會脈動，選擇修習多元課程，以期未來發揮所長。
2.本系網址：https://www.scu.edu.tw/chinese；聯絡電話：(02)2881-9471轉6132。"
00502,東吳大學,歷史學系,第一類學群,20,18,2,11,0,0,0,0,均標,0,0,在校學業成績全校排名百分比,歷史學業成績總平均全校排名百分比,學測國文、社會之級分總和,學測社會級分,學測國文級分,學測英文級分,國語文學業成績總平均全校排名百分比,1、在校學業成績全校排名百分比 2、歷史學業成績總平均全校排名百分比 3、學測國文、社會之級分總和 4、學測社會級分 5、學測國文級分 6、學測英文級分 7、國語文學業成績總平均全校排名百分比,,,,,,,"1.本系著重歷史學之思維與探究之訓練。除開設各式歷史專業課程，以培養學生歷史研究之能力外，亦配合應用歷史於現實之必要，提供具有「公眾歷史」性質的專題研習與實習。
2.本系網址：https://www.scu.edu.tw/history；聯絡電話：(02)2881-9471轉6172。"
00503,東吳大學,哲學系,第一類學群,10,18,1,11,0,後標,0,0,0,0,0,在校學業成績全校排名百分比,英語文學業成績總平均全校排名百分比,學測英文級分,國語文學業成績總平均全校排名百分比,學測國文級分,公民與社會學業成績總平均全校排名百分比,數學學業成績總平均全校排名百分比,1、在校學業成績全校排名百分比 2、英語文學業成績總平均全校排名百分比 3、學測英文級分 4、國語文學業成績總平均全校排名百分比 5、學測國文級分 6、公民與社會學業成績總平均全校排名百分比 7、數學學業成績總平均全校排名百分比,,,,,,,"1.本系歡迎對哲學思維與哲學研究有興趣的學生，以及關心文化與社會公共議題的學生進入本系就讀。在學士班，本系開放全校最高37個系外選修的自由學分，期許學生以此規劃雙主修、專業學程與第二專長的培養，從而增進就業競爭力。另外，本系開放部分碩士班專業課程讓學士班同學選修，讓有志於研究哲學的同學可以提早開始專業的學術養成與訓練。
2.本系網址：https://www.scu.edu.tw/philos；聯絡電話：(02)2881-9471轉6212。"
00504,東吳大學,政治學系,第一類學群,19,18,1,11,均標,均標,後標,後標,後標,0,0,在校學業成績全校排名百分比,學測國文級分,學測英文級分,學測社會級分,英語文學業成績總平均全校排名百分比,國語文學業成績總平均全校排名百分比,公民與社會學業成績總平均全校排名百分比,1、在校學業成績全校排名百分比 2、學測國文級分 3、學測英文級分 4、學測社會級分 5、英語文學業成績總平均全校排名百分比 6、國語文學業成績總平均全校排名百分比 7、公民與社會學業成績總平均全校排名百分比,,,,,,,"1.學測檢定科目數學A或數學B，考生具備其中一科即可。
2.基於全球政治局勢演變及臺灣本土民主化的發展，本系招收兼具理論探究精神與社會關懷的學生，凡對政治學相關主題，如政治思想、比較政治、公共行政與國際關係等有興趣的同學，皆在歡迎之列。
3.本系網址：https://scups.ppo.scu.edu.tw/；聯絡電話：(02)2881-9471轉6252。"
00505,東吳大學,社會學系,第一類學群,15,18,3,11,0,0,0,0,均標,0,0,在校學業成績全校排名百分比,學測社會級分,公民與社會學業成績總平均全校排名百分比,學測英文級分,學測數學B級分,歷史學業成績總平均全校排名百分比,地理學業成績總平均全校排名百分比,1、在校學業成績全校排名百分比 2、學測社會級分 3、公民與社會學業成績總平均全校排名百分比 4、學測英文級分 5、學測數學B級分 6、歷史學業成績總平均全校排名百分比 7、地理學業成績總平均全校排名百分比,,,,,,,"1.本系以培養「了解社會、服務社會」之人才為目標，歡迎具有關懷社會的熱情，喜愛從事思考及探究社會現象，並有志於社會實踐的學生加入。
2.本系網址：https://scusoc.pso.scu.edu.tw；聯絡電話：(02)2881-9471轉6293。"
00506,東吳大學,社會工作學系,第一類學群,22,18,6,11,後標,0,0,0,0,0,0,在校學業成績全校排名百分比,學測社會級分,學測國文級分,公民與社會學業成績總平均全校排名百分比,地理學業成績總平均全校排名百分比,歷史學業成績總平均全校排名百分比,數學學業成績總平均全校排名百分比,1、在校學業成績全校排名百分比 2、學測社會級分 3、學測國文級分 4、公民與社會學業成績總平均全校排名百分比 5、地理學業成績總平均全校排名百分比 6、歷史學業成績總平均全校排名百分比 7、數學學業成績總平均全校排名百分比,,,,,,,"1.本系以培養社會工作專業人才為目標，歡迎關心社會弱勢、具有強烈助人及促進社會變革志向，並擁有服務熱忱的妳／你，共同參與社會工作的行列。
2.本系網址：https://www.scu.edu.tw/sw；聯絡電話：(02)2881-9471轉6332。"
00507,東吳大學,英文學系,第一類學群,25,18,2,11,0,均標,0,0,0,0,0,在校學業成績全校排名百分比,學測英文級分,學測國文級分,英語文學業成績總平均全校排名百分比,國語文學業成績總平均全校排名百分比,歷史學業成績總平均全校排名百分比,學測社會級分,1、在校學業成績全校排名百分比 2、學測英文級分 3、學測國文級分 4、英語文學業成績總平均全校排名百分比 5、國語文學業成績總平均全校排名百分比 6、歷史學業成績總平均全校排名百分比 7、學測社會級分,,,,,,,"1.本系致力培育專業優秀之英語人才，使學生具備優質之英語聽說讀寫譯能力、人文素養、跨文化溝通能力及宏觀國際視野。教師於各領域學有專精，課程豐富多元，提供國外交換、雙聯學位、移地教學、國內實習、產學合作等機會，口譯教室設備新穎專業，注重養成學生第二專長、跨領域能力及使用AI人工智慧工具之智識。
2.本系網址：https://www.scu.edu.tw/english；聯絡電話：(02)2881-9471轉6486。"
00508,東吳大學,日本語文學系,第一類學群,31,18,0,0,均標,均標,0,0,0,0,0,在校學業成績全校排名百分比,學測英文級分,學測國文級分,英語文學業成績總平均全校排名百分比,國語文學業成績總平均全校排名百分比,學測國文、英文之級分總和,學測社會級分,1、在校學業成績全校排名百分比 2、學測英文級分 3、學測國文級分 4、英語文學業成績總平均全校排名百分比 5、國語文學業成績總平均全校排名百分比 6、學測國文、英文之級分總和 7、學測社會級分,,,,,,,"1.本系設有碩博士班，為體系完整之日語教學研究機構。持有N2以上（或同等級別）證照者，可免修初級日語等3科目。本系也提供國際交流、交換留學、移地教學、企業參訪實習等活動。另開設全英語課程，同時著重日語科技能力，如機器翻譯、文字探勘、AR/VR互動科技等，以利學生培養第二專長，提高競爭力。
2.本系網址：https://www.scu.edu.tw/japanese；聯絡電話：(02)2881-9471轉6522。"
00509,東吳大學,德國文化學系,第一類學群,20,18,2,11,後標,後標,0,0,0,0,0,在校學業成績全校排名百分比,英語文學業成績總平均全校排名百分比,學測英文級分,學測國文、英文之級分總和,國語文學業成績總平均全校排名百分比,學測國文級分,歷史學業成績總平均全校排名百分比,1、在校學業成績全校排名百分比 2、英語文學業成績總平均全校排名百分比 3、學測英文級分 4、學測國文、英文之級分總和 5、國語文學業成績總平均全校排名百分比 6、學測國文級分 7、歷史學業成績總平均全校排名百分比,,,,,,,"1.本系旨在招收學習外語能力較強或對德國文化具有強烈學習動機之學生。
2.本系網址：https://www.scu.edu.tw/deutsch；聯絡電話：(02)2881-9471轉6562~3。"
00510,東吳大學,法律學系,第一類學群,40,18,0,0,前標,前標,均標,均標,均標,0,0,在校學業成績全校排名百分比,學測英文級分,學測國文級分,學測社會級分,英語文學業成績總平均全校排名百分比,國語文學業成績總平均全校排名百分比,公民與社會學業成績總平均全校排名百分比,1、在校學業成績全校排名百分比 2、學測英文級分 3、學測國文級分 4、學測社會級分 5、英語文學業成績總平均全校排名百分比 6、國語文學業成績總平均全校排名百分比 7、公民與社會學業成績總平均全校排名百分比,,,,,,,"1.學測檢定科目數學A或數學B，考生符合其中一科檢定標準即可。
2.本學系特色為著重英美法教學之五年法學教育，在學期間須修滿五科必修英美法課程始可畢業。有心向學之同學需有相當之準備，並建議預先加強英文能力。
3.本學系將另安排「迷你課程」，提供錄取並確定就讀本學系之新生免費參加，俾利銜接大學生涯。
4.本系網址：https://www.scu.edu.tw/law；聯絡電話：(02)2311-1531轉2511。"
00511,東吳大學,經濟學系,第一類學群,27,18,1,11,0,均標,0,均標,0,0,0,在校學業成績全校排名百分比,學測數學B級分,學測英文級分,學測國文級分,數學學業成績總平均全校排名百分比,英語文學業成績總平均全校排名百分比,國語文學業成績總平均全校排名百分比,1、在校學業成績全校排名百分比 2、學測數學B級分 3、學測英文級分 4、學測國文級分 5、數學學業成績總平均全校排名百分比 6、英語文學業成績總平均全校排名百分比 7、國語文學業成績總平均全校排名百分比,,,,,,,"1.在資源有限、慾望無窮的生活中，如何才能作出最適合的選擇？經濟學以嚴謹的邏輯思考、科學的資料分析來研究個人與社會應該如何作決定。歡迎有興趣的同學和我們一起學習、思考這些問題。
2.本系網址：https://www.scu.edu.tw/econ；聯絡電話：(02)2311-1531轉2661。"
00512,東吳大學,會計學系,第一類學群,21,18,0,0,均標,前標,0,均標,0,0,0,在校學業成績全校排名百分比,學測數學B級分,學測英文級分,學測國文級分,數學學業成績總平均全校排名百分比,英語文學業成績總平均全校排名百分比,國語文學業成績總平均全校排名百分比,1、在校學業成績全校排名百分比 2、學測數學B級分 3、學測英文級分 4、學測國文級分 5、數學學業成績總平均全校排名百分比 6、英語文學業成績總平均全校排名百分比 7、國語文學業成績總平均全校排名百分比,,,,,,,"1.歡迎五育兼備並有志於未來成為一流會計專業人才之優秀同學。
2.歷屆畢業校友1萬5仟餘人遍布於產、官、學界，傑出表現為本系建立良好口碑，為國內歷史最悠久、造就會計專業人才最多之會計學府。
3.本系網址：https://www.acc.scu.edu.tw；聯絡電話：(02)2311-1531轉2591。"
00513,東吳大學,企業管理學系,第一類學群,60,18,0,0,0,均標,0,均標,0,0,0,在校學業成績全校排名百分比,學測英文級分,學測數學B級分,英語文學業成績總平均全校排名百分比,數學學業成績總平均全校排名百分比,學測國文級分,國語文學業成績總平均全校排名百分比,1、在校學業成績全校排名百分比 2、學測英文級分 3、學測數學B級分 4、英語文學業成績總平均全校排名百分比 5、數學學業成績總平均全校排名百分比 6、學測國文級分 7、國語文學業成績總平均全校排名百分比,,,,,,,"1.「東吳企管，學習不只在課堂」。本系以培養專業管理人才為目標，推動實務產學課程，建構五大商管學程、學士生先修碩士班課程及專業英語課程等特色。
2.學系特色：近百位專兼任師資，近年積極禮聘多位實務界專業人士擔任講座。透過堅強師資陣容，藉以提升理論與實務的結合教學，豐富學生接觸國際視野的機會。此外，超過15,000位優秀系友，更為同學未來職場人脈基礎。
3.本系網址：https://www.scu.edu.tw/ba；聯絡電話：(02)2311-1531轉2601。"
00514,東吳大學,國際經營與貿易學系,第一類學群,17,18,3,11,均標,均標,均標,均標,0,0,0,在校學業成績全校排名百分比,學測英文級分,英語文學業成績總平均全校排名百分比,學測國文級分,國語文學業成績總平均全校排名百分比,數學學業成績總平均全校排名百分比,公民與社會學業成績總平均全校排名百分比,1、在校學業成績全校排名百分比 2、學測英文級分 3、英語文學業成績總平均全校排名百分比 4、學測國文級分 5、國語文學業成績總平均全校排名百分比 6、數學學業成績總平均全校排名百分比 7、公民與社會學業成績總平均全校排名百分比,,,,,,,"1.學測檢定科目數學A或數學B，考生符合其中一科檢定標準即可。
2.本系為因應全球經貿活動與國際企業經營趨勢，以「培養具國際觀、人文素養之經貿與商管人才」為宗旨。為增進國際競爭力，學生需通過外文能力標準才能畢業。
3.本系網址：https://www.scu.edu.tw/ibsu；聯絡電話：(02)2311-1531轉2710~2712。"
00515,東吳大學,財務工程與精算數學系,第一類學群,15,18,0,0,0,0,均標,前標,0,0,0,在校學業成績全校排名百分比,數學學業成績總平均全校排名百分比,學測英文級分,學測國文級分,英語文學業成績總平均全校排名百分比,國語文學業成績總平均全校排名百分比,公民與社會學業成績總平均全校排名百分比,1、在校學業成績全校排名百分比 2、數學學業成績總平均全校排名百分比 3、學測英文級分 4、學測國文級分 5、英語文學業成績總平均全校排名百分比 6、國語文學業成績總平均全校排名百分比 7、公民與社會學業成績總平均全校排名百分比,,,,,,,"1.學測檢定科目數學A或數學B，考生符合其中一科檢定標準即可。
2.本系原名「商用數學系」，本於數學為體、商學為用的精神，課程設計以財務工程與保險精算為核心，內容涵蓋財務金融、投資理財、大數據分析、人工智慧、金融科技及保險精算等領域，重點在於培養學生具備處理金融與保險相關議題所需的專業知識與實務能力。本系亦成立精算大數據中心，整合跨領域及產官學研之豐富經驗，是全國唯一致力於培育兼具應用統計、資訊與商學整合專業人才，以及最多精算師之學系。
3.本系網址：https://www.feam.scu.edu.tw；聯絡電話：(02)2311-1531轉2621。"
00516,東吳大學,資訊管理學系(資訊管理組),第一類學群,27,18,0,0,0,均標,後標,均標,0,0,0,在校學業成績全校排名百分比,數學學業成績總平均全校排名百分比,學測英文級分,學測國文級分,英語文學業成績總平均全校排名百分比,國語文學業成績總平均全校排名百分比,資訊科技學業成績總平均全校排名百分比,1、在校學業成績全校排名百分比 2、數學學業成績總平均全校排名百分比 3、學測英文級分 4、學測國文級分 5、英語文學業成績總平均全校排名百分比 6、國語文學業成績總平均全校排名百分比 7、資訊科技學業成績總平均全校排名百分比,,,,,,,"1.學測檢定科目數學A或數學B，考生符合其中一科檢定標準即可。
2.本組著重培養資訊管理人才，訓練學生資訊應用與商學管理的養成。資訊科技類與商學管理類課程並重；課程內容涵蓋資訊技術、資訊管理、人工智慧、資訊安全、資料分析、網路管理等相關領域。高年級之專題實驗課程，強調產業合作，結合理論與實務，能提升學生職場競爭力。
3.本系網址 https://www.csim.scu.edu.tw/；連絡電話：(02)23111531轉2801。"
00517,東吳大學,資訊管理學系(人工智慧組),第一類學群,5,18,0,0,後標,均標,後標,均標,0,0,0,在校學業成績全校排名百分比,數學學業成績總平均全校排名百分比,學測英文級分,學測國文級分,英語文學業成績總平均全校排名百分比,國語文學業成績總平均全校排名百分比,資訊科技學業成績總平均全校排名百分比,1、在校學業成績全校排名百分比 2、數學學業成績總平均全校排名百分比 3、學測英文級分 4、學測國文級分 5、英語文學業成績總平均全校排名百分比 6、國語文學業成績總平均全校排名百分比 7、資訊科技學業成績總平均全校排名百分比,,,,,,,"1.學測檢定科目數學A或數學B，考生符合其中一科檢定標準即可。
2.本組以人工智慧為核心結合商學管理知識與技能，著重於軟體機器人應用服務開發。課程內容涵蓋智慧化軟體機器人、人工智慧代理人、人機互動與智慧服務等相關領域。高年級之專題實驗課程，強調產業合作，結合理論與實務，提升學生職場競爭力。
3.本系網址 https://www.csim.scu.edu.tw/；連絡電話：(02)23111531轉2801。"
00518,東吳大學,資料科學系,第一類學群,13,18,2,11,0,後標,後標,後標,0,0,0,在校學業成績全校排名百分比,數學學業成績總平均全校排名百分比,學測英文級分,學測國文級分,資訊科技學業成績總平均全校排名百分比,英語文學業成績總平均全校排名百分比,國語文學業成績總平均全校排名百分比,1、在校學業成績全校排名百分比 2、數學學業成績總平均全校排名百分比 3、學測英文級分 4、學測國文級分 5、資訊科技學業成績總平均全校排名百分比 6、英語文學業成績總平均全校排名百分比 7、國語文學業成績總平均全校排名百分比,,,,,,,"1.學測檢定科目數學A或數學B，考生符合其中一科檢定標準即可。
2.獨步亞洲首創巨量資料管理學院之資料科學系，設計出結合機器學習、人工智慧(AI)、物聯網、數理統計、金融科技、社會心理、商業應用等跨領域課程。本系課程著重於資料科學跨域應用，強調理論學習與實作，引進業界專家師資群，以更切合實務的課程設計，提供學生未來的應變與競爭力，致力培育未來的數據科學家。
3.本系網址：https://bigdata.scu.edu.tw；聯絡電話：(02)2881-9471轉5935。"
00519,東吳大學,數學系,第二類學群,23,3,2,2,0,0,後標,0,0,0,0,在校學業成績全校排名百分比,學測數學A級分,數學學業成績總平均全校排名百分比,學測英文級分,英語文學業成績總平均全校排名百分比,學測國文級分,國語文學業成績總平均全校排名百分比,1、在校學業成績全校排名百分比 2、學測數學A級分 3、數學學業成績總平均全校排名百分比 4、學測英文級分 5、英語文學業成績總平均全校排名百分比 6、學測國文級分 7、國語文學業成績總平均全校排名百分比,,,,,,,"1.本系著重數學基礎的養成訓練，課程兼重理論與應用，歡迎對邏輯思考、分析推理、統計應用、程式設計、金融工程、資訊安全、數據處理與人工智慧應用、訊號及影像處理有興趣的同學來報考。
2.本系網址：http://www.math.scu.edu.tw；聯絡電話：(02)28819471轉6682。"
00520,東吳大學,物理學系,第二類學群,17,3,0,0,0,0,後標,0,0,0,0,在校學業成績全校排名百分比,物理學業成績總平均全校排名百分比,數學學業成績總平均全校排名百分比,學測數學A級分,學測自然級分,學測英文級分,英語文學業成績總平均全校排名百分比,1、在校學業成績全校排名百分比 2、物理學業成績總平均全校排名百分比 3、數學學業成績總平均全校排名百分比 4、學測數學A級分 5、學測自然級分 6、學測英文級分 7、英語文學業成績總平均全校排名百分比,,,,,,,"1.本系與半導體上市公司合作，在符合特定條件下，大三起每月獲獎助學金且畢業後保證就業。
2.針對家庭經濟困難且符合相關條件規定之住宿學生，除可獲得校級定額住宿補助外，本系將另提供助學金。
3.詳見本系網頁：https://www.scu.edu.tw/physics，或聯絡電話：(02)2881-9471轉6732。"
00521,東吳大學,化學系,第二類學群,24,3,2,2,0,0,0,0,0,後標,0,在校學業成績全校排名百分比,學測自然級分,化學學業成績總平均全校排名百分比,學測英文級分,英語文學業成績總平均全校排名百分比,學測數學A級分,數學學業成績總平均全校排名百分比,1、在校學業成績全校排名百分比 2、學測自然級分 3、化學學業成績總平均全校排名百分比 4、學測英文級分 5、英語文學業成績總平均全校排名百分比 6、學測數學A級分 7、數學學業成績總平均全校排名百分比,,,,,,,"1.本系於民國59年復系，歷史悠久、課程內容多元、系友資源豐富、就業管道寬廣，涵蓋半導體、醫藥、傳統等相關製程產業。2.重視學生實作能力，實驗課程具有專任助教小班教學，以訓練學生具備紮實的化學理論和實驗操作基礎。依個人志向，配合產業脈動，選修專題研究及書報討論課程，可訓練學生具備問題的解決能力、邏輯思考能力、獨立思考能力及口頭報告能力。3.本系課程含實驗操作，基於考量危險性與結果判斷之需要，學生須具備獨立操作能力及個人安全維護能力。
4.本系網址：https://web-ch.scu.edu.tw/index.php/chem；聯絡電話：(02)2881-9471轉6782。"
00522,東吳大學,微生物學系,第三類學群,14,2,2,1,0,0,0,0,0,後標,0,在校學業成績全校排名百分比,生物學業成績總平均全校排名百分比,化學學業成績總平均全校排名百分比,英語文學業成績總平均全校排名百分比,學測英文級分,學測國文級分,國語文學業成績總平均全校排名百分比,1、在校學業成績全校排名百分比 2、生物學業成績總平均全校排名百分比 3、化學學業成績總平均全校排名百分比 4、英語文學業成績總平均全校排名百分比 5、學測英文級分 6、學測國文級分 7、國語文學業成績總平均全校排名百分比,,,,,,,"1.課程以微生物學及基礎生命科學為主軸，以生物醫學、食品、發酵工業和環境生態方向，提供解決問題、自主學習、獨立思考和團隊合作實際經驗，培養拓展學術領域或到企業界發展的人才。實驗課施行小班教學，學生需使用顯微鏡、透過色彩判定實驗結果，並藉由雙手操作奠定實驗技能。
2.本系網址https://microbiology.scu.edu.tw；聯絡電話：(02)2881-9471轉6832或6842。"
00523,東吳大學,心理學系,第三類學群,15,2,0,0,均標,均標,均標,0,0,0,0,在校學業成績全校排名百分比,學測英文級分,學測數學A級分,學測國文級分,英語文學業成績總平均全校排名百分比,數學學業成績總平均全校排名百分比,國語文學業成績總平均全校排名百分比,1、在校學業成績全校排名百分比 2、學測英文級分 3、學測數學A級分 4、學測國文級分 5、英語文學業成績總平均全校排名百分比 6、數學學業成績總平均全校排名百分比 7、國語文學業成績總平均全校排名百分比,,,,,,,"1.本系經由專業領域之學習、訓練及實習等課程，培育心理學學術與應用人才（含諮商、輔導、臨床、工商心理學等領域）。
2.本系網址：https://www.scu.edu.tw/psy；聯絡電話：(02)2881-9471轉6892。"
00601,國立政治大學,中國文學系,第一類學群,14,18,1,11,頂標,0,0,0,前標,0,0,在校學業成績全校排名百分比,國語文學業成績總平均全校排名百分比,英語文學業成績總平均全校排名百分比,歷史學業成績總平均全校排名百分比,地理學業成績總平均全校排名百分比,學測國文級分,學測社會級分,1、在校學業成績全校排名百分比 2、國語文學業成績總平均全校排名百分比 3、英語文學業成績總平均全校排名百分比 4、歷史學業成績總平均全校排名百分比 5、地理學業成績總平均全校排名百分比 6、學測國文級分 7、學測社會級分,,,,,,,本系課程包含「古典⽂學與近現代⽂學」、「古代學術與近現代思潮」、「傳統⼩學與現代語⾔學」三⼤領域，培養學⽣紮實的核⼼素養與研究能⼒。為提升職場競爭⼒，另開設「應⽤中⽂學分學程」，⿎勵學⽣修讀跨領域多元課程，增進編輯出版、⽂創等專業能⼒；「⽂學創作坊」延聘知名作家指導培訓，強化學⽣⽂藝寫作與創造能⼒；同學亦可修習本校「師資培育」課程，成為中學教師⽣⼒軍。同時本校提供國際交換計畫申請機會，以擴展國際視野。1.本系網址：https://chinese.nccu.edu.tw/ 2.聯絡電話:(02)29393091分機62303 袁助教
00602,國立政治大學,歷史學系,第一類學群,7,18,1,11,前標,前標,0,0,前標,0,0,在校學業成績全校排名百分比,歷史學業成績總平均全校排名百分比,國語文學業成績總平均全校排名百分比,英語文學業成績總平均全校排名百分比,地理學業成績總平均全校排名百分比,學測社會級分,學測國文級分,1、在校學業成績全校排名百分比 2、歷史學業成績總平均全校排名百分比 3、國語文學業成績總平均全校排名百分比 4、英語文學業成績總平均全校排名百分比 5、地理學業成績總平均全校排名百分比 6、學測社會級分 7、學測國文級分,,,,,,,"1.本系以培養文史工作、歷史教學與史學研究人才為主。
2.本系相關資訊參閱本系網站：https://history.nccu.edu.tw/"
00603,國立政治大學,哲學系,第一類學群,8,18,1,11,前標,均標,0,0,均標,0,0,在校學業成績全校排名百分比,學測國文、英文、社會之級分總和,學測國文級分,學測英文級分,公民與社會學業成績總平均全校排名百分比,英語文學業成績總平均全校排名百分比,國語文學業成績總平均全校排名百分比,1、在校學業成績全校排名百分比 2、學測國文、英文、社會之級分總和 3、學測國文級分 4、學測英文級分 5、公民與社會學業成績總平均全校排名百分比 6、英語文學業成績總平均全校排名百分比 7、國語文學業成績總平均全校排名百分比,,,,,,,"1.本學系之相關資訊，請參考政大哲學系系網：https://thinker.nccu.edu.tw/
2.經繁星推薦管道入學者，若日後提出轉系申請，需修習該年級及以前所有哲學系必修課程(有修習即可，且不得有棄修紀錄)，並經本系系務會議通過後，始得同意轉出。"
00604,國立政治大學,教育學系,第一類學群,8,18,0,0,0,前標,0,0,0,0,0,在校學業成績全校排名百分比,學測英文級分,學測國文、英文、數學B、社會之級分總和,學測國文級分,學測數學B級分,英語文學業成績總平均全校排名百分比,國語文學業成績總平均全校排名百分比,1、在校學業成績全校排名百分比 2、學測英文級分 3、學測國文、英文、數學B、社會之級分總和 4、學測國文級分 5、學測數學B級分 6、英語文學業成績總平均全校排名百分比 7、國語文學業成績總平均全校排名百分比,,,,,,,"1.本系以培育優質教育行政人員、中等學校優良教師、輔導與諮商專業人才、數位學習跨領域人才及有志從事教育學術研究人才為宗旨。
2.本系為師培學系，師資生得參與公費生甄試。
3.繁星推薦入學者，若日後提出轉系申請須經系務會議通過後始同意轉出。
4.教育專業工作特殊，必須具有中、外語溝通及人際互動協調能力，能控管自身情緒，具相當之抗壓能力。
5.本系網址：https://edu.nccu.edu.tw/。"
00605,國立政治大學,政治學系,第一類學群,7,18,3,11,0,均標,後標,均標,均標,0,0,在校學業成績全校排名百分比,學測英文級分,學測社會級分,學測英文、社會之級分總和,英語文學業成績總平均全校排名百分比,公民與社會學業成績總平均全校排名百分比,數學學業成績總平均全校排名百分比,1、在校學業成績全校排名百分比 2、學測英文級分 3、學測社會級分 4、學測英文、社會之級分總和 5、英語文學業成績總平均全校排名百分比 6、公民與社會學業成績總平均全校排名百分比 7、數學學業成績總平均全校排名百分比,,,,,,,"1.本系旨在培養對公眾事務有興趣之領袖人才，歡迎有志於服務大眾之學生報考，以習得對公共事務綜合分析與判斷能力。
2.學測檢定數學A或數學B，具備其中一科即可。
3.本系網址:http://politics.nccu.edu.tw。聯絡電話及承辦人:(02)29387057張助教。"
00606,國立政治大學,社會學系,第一類學群,7,18,1,11,0,前標,均標,均標,均標,0,0,在校學業成績全校排名百分比,數學學業成績總平均全校排名百分比,英語文學業成績總平均全校排名百分比,國語文學業成績總平均全校排名百分比,公民與社會學業成績總平均全校排名百分比,學測英文級分,學測社會級分,1、在校學業成績全校排名百分比 2、數學學業成績總平均全校排名百分比 3、英語文學業成績總平均全校排名百分比 4、國語文學業成績總平均全校排名百分比 5、公民與社會學業成績總平均全校排名百分比 6、學測英文級分 7、學測社會級分,,,,,,,"1. 學測數學科檢定部分：數A或數B備一即可。
2. 本系網址：https://sociology.nccu.edu.tw，聯絡電話：(02)29387061張助教
3. 學生申請轉出本系，需修習申請時年級及以前所有年級社會學系必修課程並取得分數，且經系主任同意後始得轉出。"
00607,國立政治大學,財政學系,第一類學群,14,18,0,0,均標,均標,前標,0,0,0,0,在校學業成績全校排名百分比,學測國文、英文、數學A之級分總和,學測數學A級分,學測英文級分,學測國文級分,數學學業成績總平均全校排名百分比,英語文學業成績總平均全校排名百分比,1、在校學業成績全校排名百分比 2、學測國文、英文、數學A之級分總和 3、學測數學A級分 4、學測英文級分 5、學測國文級分 6、數學學業成績總平均全校排名百分比 7、英語文學業成績總平均全校排名百分比,,,,,,,本系相關資訊，請參考政大財政系系網：https://pf.nccu.edu.tw/
00608,國立政治大學,公共行政學系,第一類學群,7,18,3,11,均標,前標,均標,前標,均標,0,0,在校學業成績全校排名百分比,學測英文級分,學測社會級分,學測國文級分,英語文學業成績總平均全校排名百分比,公民與社會學業成績總平均全校排名百分比,國語文學業成績總平均全校排名百分比,1、在校學業成績全校排名百分比 2、學測英文級分 3、學測社會級分 4、學測國文級分 5、英語文學業成績總平均全校排名百分比 6、公民與社會學業成績總平均全校排名百分比 7、國語文學業成績總平均全校排名百分比,,,,,,,"1、學測數學科檢定數學A或數學B，具備其中一科即可。
2、本系課程設計包含行政組織與管理、公共政策與分析、第三部門、數位與資料治理、政府人事財政及創新管理等領域，旨在為政府、第三部門及智庫培育具備公共事務專業知能、實務管理及政策分析之學術研究人才。相關訊息請參閱本系網站https://pa.nccu.edu.tw/。"
00609,國立政治大學,地政學系土地資源規劃組,第一類學群,7,18,1,11,前標,前標,均標,0,0,0,0,在校學業成績全校排名百分比,學測國文、英文、數學A、社會之級分總和,學測國文級分,學測英文級分,學測數學A級分,學測社會級分,國語文學業成績總平均全校排名百分比,1、在校學業成績全校排名百分比 2、學測國文、英文、數學A、社會之級分總和 3、學測國文級分 4、學測英文級分 5、學測數學A級分 6、學測社會級分 7、國語文學業成績總平均全校排名百分比,,,,,,,"1.地政系為結合人文社會與理工科技之學系，本組較著重於土地資源之規劃與利用，且特別注重規劃實務的訓練 ，以培育公私部門具有國土規劃、區域計畫、都市規劃與不動產開發規劃等專業之人才。
2.本系學科經常要到室外操作測量儀器、校外及野外資料蒐集與調查。
3.本系網址https://landeconomics.nccu.edu.tw。"
00610,國立政治大學,地政學系土地管理組,第一類學群,7,18,1,11,前標,前標,均標,0,0,0,0,在校學業成績全校排名百分比,學測國文、英文、數學A、社會之級分總和,學測國文級分,學測英文級分,學測數學A級分,學測社會級分,國語文學業成績總平均全校排名百分比,1、在校學業成績全校排名百分比 2、學測國文、英文、數學A、社會之級分總和 3、學測國文級分 4、學測英文級分 5、學測數學A級分 6、學測社會級分 7、國語文學業成績總平均全校排名百分比,,,,,,,"1.地政系為結合人文社會與理工科技之學系，本組較著重於土地政策與法制、不動產投資與經營、土地測量、土地估價與土地金融等土地管理之教學，以培育公私部門具有土地行政、不動產投資與經營、估價與不動產開發等專業之人才。
2.本系學科經常要到室外操作測量儀器、校外及野外資料蒐集與調查。
3.本系網址https://landeconomics.nccu.edu.tw。"
00611,國立政治大學,經濟學系(甲組),第一類學群,6,18,1,11,0,前標,前標,0,前標,0,0,在校學業成績全校排名百分比,學測英文、數學A、社會之級分總和,學測數學A級分,學測英文級分,學測社會級分,數學學業成績總平均全校排名百分比,英語文學業成績總平均全校排名百分比,1、在校學業成績全校排名百分比 2、學測英文、數學A、社會之級分總和 3、學測數學A級分 4、學測英文級分 5、學測社會級分 6、數學學業成績總平均全校排名百分比 7、英語文學業成績總平均全校排名百分比,,,,,,,"1.甲組與乙組學生混合編班上課，修課內容相同。
2.本系相關資訊請參閱本系網站：https://econo.nccu.edu.tw/。"
00612,國立政治大學,民族學系,第一類學群,5,18,1,11,均標,均標,0,0,前標,0,0,在校學業成績全校排名百分比,公民與社會學業成績總平均全校排名百分比,歷史學業成績總平均全校排名百分比,地理學業成績總平均全校排名百分比,學測國文級分,學測英文級分,學測數學B級分,1、在校學業成績全校排名百分比 2、公民與社會學業成績總平均全校排名百分比 3、歷史學業成績總平均全校排名百分比 4、地理學業成績總平均全校排名百分比 5、學測國文級分 6、學測英文級分 7、學測數學B級分,,,,,,,"1.民族議題為國際及國內公共事務焦點所在，本系以民族為研究範圍，遴選志在民族文化事務，而廣涉社會、文學、語言、教育、歷史、新聞、政治、外交與生態各領域，歡迎有志青年報考。
2.本系亦鼓勵具多元文化背景的學生報考，如原住民族、客家、新住民與其他族裔學生報考。
3.本系有田野實習課程，培養學生將學術理論與社會現象對照之能力。
4.經繁星推薦管道入學者，若日後提出轉系申請，本系將從嚴審核，請學生審慎思考。
5.本系網址：http://ethnos.nccu.edu.tw；聯絡電話：(02)29387107。"
00613,國立政治大學,外交學系,第一類學群,9,18,0,0,前標,頂標,0,0,前標,0,A級,在校學業成績全校排名百分比,學測國文、英文、社會之級分總和,學測英文級分,學測國文級分,學測社會級分,英語文學業成績總平均全校排名百分比,國語文學業成績總平均全校排名百分比,1、在校學業成績全校排名百分比 2、學測國文、英文、社會之級分總和 3、學測英文級分 4、學測國文級分 5、學測社會級分 6、英語文學業成績總平均全校排名百分比 7、國語文學業成績總平均全校排名百分比,,,,,,,"本學系教育目標以培養國際研究與涉外事務領導人才為本，培養學生具有因應多變世界的能力。本學系以多面向
通才教育為主，涵蓋政治、經濟、歷史、法律、決策、談判、語言等課程，擴展學生相關知識的廣度，並提供豐
富資源如學生赴外進修、第二外語及第二專長培養等。系友遍佈各行各業且均有傑出發展。
詳細資訊請參考本系網站https://diplomacy.nccu.edu.tw。"
00614,國立政治大學,國際經營與貿易學系,第一類學群,12,18,1,11,前標,前標,前標,0,前標,0,0,在校學業成績全校排名百分比,學測數學A級分,學測英文級分,學測國文、英文、數學A、社會之級分總和,學測國文級分,數學學業成績總平均全校排名百分比,英語文學業成績總平均全校排名百分比,1、在校學業成績全校排名百分比 2、學測數學A級分 3、學測英文級分 4、學測國文、英文、數學A、社會之級分總和 5、學測國文級分 6、數學學業成績總平均全校排名百分比 7、英語文學業成績總平均全校排名百分比,,,,,,,"1.本系之教育目標在於培育國際企業經營管理以及國際貿易之專業人才。
2.詳細資訊請參閱本系網站：https://ib.nccu.edu.tw"
00615,國立政治大學,金融學系(甲組),第一類學群,4,18,0,0,0,前標,前標,0,0,0,0,在校學業成績全校排名百分比,學測英文、數學A之級分總和,學測數學A級分,學測英文級分,數學學業成績總平均全校排名百分比,英語文學業成績總平均全校排名百分比,國語文學業成績總平均全校排名百分比,1、在校學業成績全校排名百分比 2、學測英文、數學A之級分總和 3、學測數學A級分 4、學測英文級分 5、數學學業成績總平均全校排名百分比 6、英語文學業成績總平均全校排名百分比 7、國語文學業成績總平均全校排名百分比,,,,,,,"1.教學目標為培育具有國際觀的金融專業人才，歡迎五育兼備之青年學子加入本系的行列，並接受專業的培育。
2.甲組與乙組混合編班，相同的課程安排。
3.本系網站 https://banking.nccu.edu.tw/
4.聯絡電話02-29393091分機87142蔡助教"
00616,國立政治大學,會計學系,第一類學群,14,18,0,0,前標,前標,前標,0,前標,0,0,在校學業成績全校排名百分比,學測國文、英文、數學A之級分總和,學測數學A級分,學測英文級分,學測國文級分,學測社會級分,數學學業成績總平均全校排名百分比,1、在校學業成績全校排名百分比 2、學測國文、英文、數學A之級分總和 3、學測數學A級分 4、學測英文級分 5、學測國文級分 6、學測社會級分 7、數學學業成績總平均全校排名百分比,,,,,,,相關資訊歡迎至本系網站查詢：https://acct.nccu.edu.tw
00617,國立政治大學,統計學系(甲組),第一類學群,5,18,1,11,均標,均標,均標,0,均標,0,0,在校學業成績全校排名百分比,學測數學A級分,學測英文級分,學測國文、英文、數學A、社會之級分總和,數學學業成績總平均全校排名百分比,歷史學業成績總平均全校排名百分比,地理學業成績總平均全校排名百分比,1、在校學業成績全校排名百分比 2、學測數學A級分 3、學測英文級分 4、學測國文、英文、數學A、社會之級分總和 5、數學學業成績總平均全校排名百分比 6、歷史學業成績總平均全校排名百分比 7、地理學業成績總平均全校排名百分比,,,,,,,"1.甲組與乙組學生混合編班，修課內容相同。有關本系修業規定及課程資料，請參照本系網站(https://stat.nccu.edu.tw/)；聯絡電話：(02)29387116許助教。
2.本系提供五年一貫修讀機會，學生可於五年內完成學士及碩士學位。亦提供各種成績優良及清寒獎助學金可供申請。
3.本系承辦「數理財務學分學程」、「巨量資料分析學程」之修讀申請與證書核發。
4.本校商學院為全台灣第一所，也是唯一擁有EQUIS、AACSB兩項國際認證，及PIM會員的大學。"
00618,國立政治大學,企業管理學系,第一類學群,13,18,1,11,前標,前標,前標,頂標,前標,0,0,在校學業成績全校排名百分比,學測英文級分,學測國文級分,學測國文、英文、社會之級分總和,數學學業成績總平均全校排名百分比,英語文學業成績總平均全校排名百分比,國語文學業成績總平均全校排名百分比,1、在校學業成績全校排名百分比 2、學測英文級分 3、學測國文級分 4、學測國文、英文、社會之級分總和 5、數學學業成績總平均全校排名百分比 6、英語文學業成績總平均全校排名百分比 7、國語文學業成績總平均全校排名百分比,,,,,,,"1.本系課程開設與安排的目標在於培養「管理通才中的專才，管理專才中的通才」，著重理論與實務的配合。
2.可於Facebook搜尋「政大企管系」，提供本系相關資訊，亦可於粉絲頁提問。
3.聯絡電話：02-29393091分機87064江助教。"
00619,國立政治大學,資訊管理學系(甲組),第一類學群,8,18,0,0,前標,前標,前標,0,0,0,0,在校學業成績全校排名百分比,學測國文、英文、數學A、社會之級分總和,學測數學A級分,學測英文級分,學測國文級分,數學學業成績總平均全校排名百分比,英語文學業成績總平均全校排名百分比,1、在校學業成績全校排名百分比 2、學測國文、英文、數學A、社會之級分總和 3、學測數學A級分 4、學測英文級分 5、學測國文級分 6、數學學業成績總平均全校排名百分比 7、英語文學業成績總平均全校排名百分比,,,,,,,"1. 本系以培養資訊科技與管理專業兼備之數位時代菁英為目標，入學後社會組與自然組學生混合編班，修課內容相同。
2. 本系設有清寒學生助學金、出國交換獎助、參加校內外競賽獎勵與企業實習機會，相關資訊請至本系網站查詢。
3. 低收入戶同學若學業表現優異，本系將補助大學四年學雜費。
4. 本系網址：https://mis2. nccu .edu.tw；聯絡電話：（02)29393091分機89057謝助教。"
00620,國立政治大學,財務管理學系,第一類學群,7,18,1,11,前標,前標,前標,0,0,0,0,在校學業成績全校排名百分比,學測國文、英文、數學A之級分總和,學測數學A級分,學測英文級分,學測國文級分,數學學業成績總平均全校排名百分比,英語文學業成績總平均全校排名百分比,1、在校學業成績全校排名百分比 2、學測國文、英文、數學A之級分總和 3、學測數學A級分 4、學測英文級分 5、學測國文級分 6、數學學業成績總平均全校排名百分比 7、英語文學業成績總平均全校排名百分比,,,,,,,"1.本系部分課程採英語授課。
2.本系培育財務金融領域之專業人才，同時奠立學生為企業領導人之堅實基礎。
3.本系設有CFA核心學程、不動產財務與管理核心學程，本系相關資訊請參閱本系網站:https://finance.nccu.edu.tw"
00621,國立政治大學,風險管理與保險學系,第一類學群,9,18,0,0,0,前標,前標,0,0,0,0,在校學業成績全校排名百分比,學測國文、英文、數學A、社會之級分總和,學測英文級分,學測數學A級分,學測國文級分,學測社會級分,數學學業成績總平均全校排名百分比,1、在校學業成績全校排名百分比 2、學測國文、英文、數學A、社會之級分總和 3、學測英文級分 4、學測數學A級分 5、學測國文級分 6、學測社會級分 7、數學學業成績總平均全校排名百分比,,,,,,,本系以培育保險專業人才與從事保險學術研究為宗旨。系上許多課程以保險相關科目為主軸培養「風險管理與保險之專業人才」，並輔以精算、法律等其他方向培養專業人才。本系網址:http://rmi.nccu.edu.tw；本系連絡電話:(02)29393091分機89071，張助教。
00622,國立政治大學,傳播學院大一大二不分系(社會組),第一類學群,26,18,1,11,前標,均標,0,均標,均標,0,0,在校學業成績全校排名百分比,學測國文、英文、數學B、社會之級分總和,學測國文級分,學測英文級分,學測社會級分,學測數學B級分,國語文學業成績總平均全校排名百分比,1、在校學業成績全校排名百分比 2、學測國文、英文、數學B、社會之級分總和 3、學測國文級分 4、學測英文級分 5、學測社會級分 6、學測數學B級分 7、國語文學業成績總平均全校排名百分比,,,,,,,"1.社會組與自然組學生混合編班，修課內容相同。
2.為因應數位匯流，引進多元知識背景，促成跨領域學習，採大一大二不分系招生與修課。大三依篩選結果分流至專業主修，進入新聞學系、廣告學系、廣播電視學系，以完成學位，最低畢業學分數128學分。
3.本系網址：https://umicc.nccu.edu.tw/；聯絡電話：(02)29387078。"
00623,國立政治大學,英國語文學系,第一類學群,9,18,0,0,前標,頂標,0,均標,均標,0,A級,在校學業成績全校排名百分比,學測英文級分,學測國文級分,學測社會級分,學測數學B級分,學測國文、英文、數學B、社會之級分總和,英語文學業成績總平均全校排名百分比,1、在校學業成績全校排名百分比 2、學測英文級分 3、學測國文級分 4、學測社會級分 5、學測數學B級分 6、學測國文、英文、數學B、社會之級分總和 7、英語文學業成績總平均全校排名百分比,,,,,,,1.本系教學目標為：強化英文專業知識及能力；厚植人文學養與批判創造力；培養語文與科技結合之跨領域能力；提升多元文化素養與拓展國際視野。2.課程以英文專業能力為基礎，文學、語言學與英語教學為主軸，提供師資培育、交換、實習機會，並鼓勵修習多語及跨領域多元課程。3.畢業生職涯發展包括：教職與公職、學術研究、創意與藝文產業、國際貿易與跨國企業、外交國際事務、資訊傳媒、翻譯出版事業、人文科技創新產業等。4. 本系網頁：https://english.nccu.edu.tw/；TEL(02)29387072。
00624,國立政治大學,阿拉伯語文學系,第一類學群,7,18,1,11,前標,前標,0,0,均標,0,0,在校學業成績全校排名百分比,學測英文級分,英語文學業成績總平均全校排名百分比,學測國文級分,國語文學業成績總平均全校排名百分比,學測社會級分,歷史學業成績總平均全校排名百分比,1、在校學業成績全校排名百分比 2、學測英文級分 3、英語文學業成績總平均全校排名百分比 4、學測國文級分 5、國語文學業成績總平均全校排名百分比 6、學測社會級分 7、歷史學業成績總平均全校排名百分比,,,,,,,"1.本系藉此管道招收對阿拉伯語言及文化具備濃厚興趣者，以培植阿拉伯語言及相關領域之專業人才。除卻語言習得，本系也重視阿拉伯相關學科之訓練。語言課程(以聽、說、讀、寫為訓練重點)為系上一年級至四年級必修課目(共51學分)，不得緩休且有擋修規定。
2.本系網頁https://arabic.nccu.edu.tw/。聯絡電話02-29393091分機63401魏助教。"
00625,國立政治大學,斯拉夫語文學系,第一類學群,9,18,1,11,前標,前標,0,0,前標,0,0,在校學業成績全校排名百分比,學測國文、英文、社會之級分總和,學測英文級分,學測國文級分,學測社會級分,英語文學業成績總平均全校排名百分比,國語文學業成績總平均全校排名百分比,1、在校學業成績全校排名百分比 2、學測國文、英文、社會之級分總和 3、學測英文級分 4、學測國文級分 5、學測社會級分 6、英語文學業成績總平均全校排名百分比 7、國語文學業成績總平均全校排名百分比,,,,,,,"1.本系以培育精通俄國暨斯拉夫國家語言、文化之專業人才為目標，主修為俄語課程，可副修捷克語文學程或波蘭語文學程，歡迎對俄國暨斯拉夫國家人文、史地、政經有濃厚興趣的學生申請。
2.本系網址：https://slavic.nccu.edu.tw，聯絡電話：(02)29393091分機63753。"
00626,國立政治大學,日本語文學系,第一類學群,5,18,1,11,前標,前標,0,0,前標,0,0,在校學業成績全校排名百分比,學測英文級分,學測國文級分,英語文學業成績總平均全校排名百分比,國語文學業成績總平均全校排名百分比,學測社會級分,歷史學業成績總平均全校排名百分比,1、在校學業成績全校排名百分比 2、學測英文級分 3、學測國文級分 4、英語文學業成績總平均全校排名百分比 5、國語文學業成績總平均全校排名百分比 6、學測社會級分 7、歷史學業成績總平均全校排名百分比,,,,,,,"1.本系培養全方位知識的知日通才。訓練聽、說、讀、寫、譯等五種基本語言能力，結合日本相關之語言、文學
、歷史文化等專業知識課程，逐步培養學生成為社會所需之人才。
2.本系網址：https://japanese.nccu.edu.tw，聯絡電話：(02)29393091分機62167"
00627,國立政治大學,韓國語文學系,第一類學群,5,18,0,0,前標,前標,0,0,前標,0,0,在校學業成績全校排名百分比,學測國文級分,學測英文級分,學測社會級分,國語文學業成績總平均全校排名百分比,公民與社會學業成績總平均全校排名百分比,學測數學B級分,1、在校學業成績全校排名百分比 2、學測國文級分 3、學測英文級分 4、學測社會級分 5、國語文學業成績總平均全校排名百分比 6、公民與社會學業成績總平均全校排名百分比 7、學測數學B級分,,,,,,,"1. 本系以學習韓國語言、文學、文化為主，目標培育具備專業韓語能力之東北亞區域事務人才。
2. 語言課程包括聼、說、讀、寫、譯等訓練，適合具有良好人際互動溝通協調能力者。
3. 本系網址：https://korean.nccu.edu.tw。"
00628,國立政治大學,土耳其語文學系,第一類學群,5,18,0,0,前標,前標,0,0,均標,0,0,在校學業成績全校排名百分比,學測英文級分,學測國文級分,英語文學業成績總平均全校排名百分比,國語文學業成績總平均全校排名百分比,學測社會級分,公民與社會學業成績總平均全校排名百分比,1、在校學業成績全校排名百分比 2、學測英文級分 3、學測國文級分 4、英語文學業成績總平均全校排名百分比 5、國語文學業成績總平均全校排名百分比 6、學測社會級分 7、公民與社會學業成績總平均全校排名百分比,,,,,,,"1.本系以學習土耳其語為主，瞭解土耳其文化為輔，積極培養土耳其語及中東、中亞事務的專才。
2.語言課程包含聽、說、讀、寫、譯等外語基本能力之訓練，為本系培養學生之重點。
3.本系網址：https://turkish.nccu.edu.tw，聯絡電話：(02)29393091分機62312。"
00629,國立政治大學,歐洲語文學系法文組,第一類學群,3,18,0,0,前標,前標,0,0,前標,0,0,在校學業成績全校排名百分比,學測英文級分,英語文學業成績總平均全校排名百分比,學測國文級分,國語文學業成績總平均全校排名百分比,學測社會級分,學測數學B級分,1、在校學業成績全校排名百分比 2、學測英文級分 3、英語文學業成績總平均全校排名百分比 4、學測國文級分 5、國語文學業成績總平均全校排名百分比 6、學測社會級分 7、學測數學B級分,,,,,,,"1.本系以培育歐洲語文人才及促進與歐洲文教交流為宗旨，分法、德、西班牙文三語組招生，各語組分班上課。
2.本系法文組以學習法文相關課程為主，包括聽、說、讀、寫、譯等訓練，適合具有良好人際互動溝通協調能力者。
3.本系網址：https://european.nccu.edu.tw/，聯絡電話：（02）29393091分機63036。"
00630,國立政治大學,歐洲語文學系德文組,第一類學群,3,18,0,0,前標,前標,0,0,前標,0,0,在校學業成績全校排名百分比,學測英文級分,英語文學業成績總平均全校排名百分比,學測國文級分,國語文學業成績總平均全校排名百分比,學測社會級分,學測數學B級分,1、在校學業成績全校排名百分比 2、學測英文級分 3、英語文學業成績總平均全校排名百分比 4、學測國文級分 5、國語文學業成績總平均全校排名百分比 6、學測社會級分 7、學測數學B級分,,,,,,,"1.本系以培育歐洲語文人才及促進與歐洲文教交流為宗旨，分法、德、西班牙文三語組招生，各語組分班上課。
2.本系德文組以學習德文相關課程為主，包括聽、說、讀、寫、譯等訓練，適合具有良好人際互動溝通協調能力者。
3.本系網址：https://european.nccu.edu.tw/，聯絡電話：（02）29393091分機63036。"
00631,國立政治大學,歐洲語文學系西班牙文組,第一類學群,3,18,0,0,前標,前標,0,0,前標,0,0,在校學業成績全校排名百分比,學測英文級分,英語文學業成績總平均全校排名百分比,學測國文級分,國語文學業成績總平均全校排名百分比,學測社會級分,學測數學B級分,1、在校學業成績全校排名百分比 2、學測英文級分 3、英語文學業成績總平均全校排名百分比 4、學測國文級分 5、國語文學業成績總平均全校排名百分比 6、學測社會級分 7、學測數學B級分,,,,,,,"1.本系以培育歐洲語文人才及促進與歐洲文教交流為宗旨，分法、德、西班牙文三語組招生，各語組分班上課。
2.本系西文組以學習西文相關課程為主，包括聽、說、讀、寫、譯等訓練，適合具有良好人際互動溝通協調能力者。
3.本系網址：https://european.nccu.edu.tw/，聯絡電話：（02）29393091分機63036。"
00632,國立政治大學,東南亞語文學系越文組,第一類學群,3,18,1,11,前標,前標,0,0,均標,0,A級,在校學業成績全校排名百分比,學測國文、英文、社會之級分總和,學測英文級分,學測國文級分,英語文學業成績總平均全校排名百分比,國語文學業成績總平均全校排名百分比,公民與社會學業成績總平均全校排名百分比,1、在校學業成績全校排名百分比 2、學測國文、英文、社會之級分總和 3、學測英文級分 4、學測國文級分 5、英語文學業成績總平均全校排名百分比 6、國語文學業成績總平均全校排名百分比 7、公民與社會學業成績總平均全校排名百分比,,,,,,,"1.以培育東南亞語文⼈才及促進與東南亞文經交流為宗旨，分越文、泰文、印尼文三組招⽣，依主修語⾔分班上課。
2.本組以學習越南文為主，輔以東南亞⼈文與社會科學訓練，另須修讀第⼆⾨東南亞語⾔（泰語或印尼語）。
3.語⾔課程包含聽、說、讀、寫、譯等訓練，適合具有良好⼈際互動、溝通協調能⼒者。
4.本系網頁https://sealc.nccu.edu.tw/；聯絡電話：(02)29393091分機62745。"
00633,國立政治大學,東南亞語文學系泰文組,第一類學群,3,18,1,11,前標,前標,0,0,均標,0,A級,在校學業成績全校排名百分比,學測國文、英文、社會之級分總和,學測英文級分,學測國文級分,英語文學業成績總平均全校排名百分比,國語文學業成績總平均全校排名百分比,公民與社會學業成績總平均全校排名百分比,1、在校學業成績全校排名百分比 2、學測國文、英文、社會之級分總和 3、學測英文級分 4、學測國文級分 5、英語文學業成績總平均全校排名百分比 6、國語文學業成績總平均全校排名百分比 7、公民與社會學業成績總平均全校排名百分比,,,,,,,"1.以培育東南亞語文⼈才及促進與東南亞文經交流為宗旨，分越文、泰文、印尼文三組招⽣，依主修語⾔分班上課。
2.本組以學習泰文為主，輔以東南亞⼈文與社會科學訓練，另須修讀第⼆⾨東南亞語⾔（越南語或印尼語）。
3.語⾔課程包含聽、說、讀、寫、譯等訓練，適合具有良好⼈際互動、溝通協調能⼒者。
4.本系網頁https://sealc.nccu.edu.tw/；聯絡電話：(02)29393091分機62745。"
00634,國立政治大學,東南亞語文學系印尼文組,第一類學群,3,18,1,11,前標,前標,0,0,均標,0,A級,在校學業成績全校排名百分比,學測國文、英文、社會之級分總和,學測英文級分,學測國文級分,英語文學業成績總平均全校排名百分比,國語文學業成績總平均全校排名百分比,公民與社會學業成績總平均全校排名百分比,1、在校學業成績全校排名百分比 2、學測國文、英文、社會之級分總和 3、學測英文級分 4、學測國文級分 5、英語文學業成績總平均全校排名百分比 6、國語文學業成績總平均全校排名百分比 7、公民與社會學業成績總平均全校排名百分比,,,,,,,"1.以培育東南亞語文⼈才及促進與東南亞文經交流為宗旨，分越文、泰文、印尼文三組招⽣，依主修語⾔分班上課。
2.本組以學習印尼文為主，輔以東南亞⼈文與社會科學訓練，另須修讀第⼆⾨東南亞語⾔（越南語或泰語）。
3.語⾔課程包含聽、說、讀、寫、譯等訓練，適合具有良好⼈際互動、溝通協調能⼒者。
4.本系網頁https://sealc.nccu.edu.tw/；聯絡電話：(02)29393091分機62745。"
00635,國立政治大學,法律學系,第一類學群,24,18,0,0,均標,前標,0,均標,前標,0,0,在校學業成績全校排名百分比,學測英文級分,學測社會級分,學測國文級分,英語文學業成績總平均全校排名百分比,公民與社會學業成績總平均全校排名百分比,國語文學業成績總平均全校排名百分比,1、在校學業成績全校排名百分比 2、學測英文級分 3、學測社會級分 4、學測國文級分 5、英語文學業成績總平均全校排名百分比 6、公民與社會學業成績總平均全校排名百分比 7、國語文學業成績總平均全校排名百分比,,,,,,,"1.依本校學則第41條規定，新生須有特殊事故，始得辦理休學。
2.法律系網頁：http://www.law.nccu.edu.tw。
3.聯絡人：（02）29393091分機82703蘇助教。"
00636,國立政治大學,創新國際學院學士班,第一類學群,3,18,1,11,前標,頂標,0,前標,前標,0,A級,在校學業成績全校排名百分比,學測英文級分,學測數學B級分,學測社會級分,學測國文級分,英語文學業成績總平均全校排名百分比,學測國文、英文、數學B、社會之級分總和,1、在校學業成績全校排名百分比 2、學測英文級分 3、學測數學B級分 4、學測社會級分 5、學測國文級分 6、英語文學業成績總平均全校排名百分比 7、學測國文、英文、數學B、社會之級分總和,,,,,,,"創新國際學院為台灣第一個以全球研究前瞻策略為中心的學院，本院學士班為全英語授課，並提供多語學習環境，以及問題解決導向與跨領域整合型訓練。課程設計秉持「跨領域學習」、「資訊處理能力」、「永續發展與公民權」的核心理念，整合社會科學、法律研究、資訊與資料科學等領域進行規劃，為培養青年學子參與國際事務的熱忱與解決問題之創新能力而努力。
1.本院網址：https://www.ici.nccu.edu.tw
2.聯絡電話：(02)2939-3091 分機67757 周助教"
00637,國立政治大學,地政學系土地測量與資訊組,第二類學群,6,5,1,2,均標,前標,前標,0,0,0,0,在校學業成績全校排名百分比,學測國文、英文、數學A、自然之級分總和,學測數學A級分,學測英文級分,學測國文級分,學測自然級分,數學學業成績總平均全校排名百分比,1、在校學業成績全校排名百分比 2、學測國文、英文、數學A、自然之級分總和 3、學測數學A級分 4、學測英文級分 5、學測國文級分 6、學測自然級分 7、數學學業成績總平均全校排名百分比,,,,,,,"1.地政系為結合人文社會與理工科技之學系，本組較著重於遙感探測、全球定位系統、地理資訊科學等測量理論與技術，以及測量資訊科學與土地管理及規劃結合之教學，並注重實務訓練，以培育公私部門具有土地測量與土地資訊等專業之人才。
2.本系學科經常要到室外操作測量儀器、校外及野外資料蒐集與調查。
3.本系網址https://landeconomics.nccu.edu.tw。"
00638,國立政治大學,經濟學系(乙組),第二類學群,6,5,0,0,0,前標,前標,0,0,均標,0,在校學業成績全校排名百分比,學測英文、數學A、自然之級分總和,學測數學A級分,學測英文級分,學測自然級分,數學學業成績總平均全校排名百分比,英語文學業成績總平均全校排名百分比,1、在校學業成績全校排名百分比 2、學測英文、數學A、自然之級分總和 3、學測數學A級分 4、學測英文級分 5、學測自然級分 6、數學學業成績總平均全校排名百分比 7、英語文學業成績總平均全校排名百分比,,,,,,,"1.甲組與乙組學生混合編班上課，修課內容相同。
2.本系相關資訊請參閱本系網站：https://econo.nccu.edu.tw/。"
00639,國立政治大學,金融學系(乙組),第二類學群,4,5,1,2,0,前標,前標,0,0,0,0,在校學業成績全校排名百分比,學測英文、數學A之級分總和,學測數學A級分,學測英文級分,數學學業成績總平均全校排名百分比,英語文學業成績總平均全校排名百分比,國語文學業成績總平均全校排名百分比,1、在校學業成績全校排名百分比 2、學測英文、數學A之級分總和 3、學測數學A級分 4、學測英文級分 5、數學學業成績總平均全校排名百分比 6、英語文學業成績總平均全校排名百分比 7、國語文學業成績總平均全校排名百分比,,,,,,,"1.教學目標為培育具有國際觀的金融專業人才，歡迎五育兼備之青年學子加入本系的行列，並接受專業的培育。
2.甲組與乙組混合編班，相同的課程安排。
3.本系網站 https://banking.nccu.edu.tw/
4.聯絡電話02-29393091分機87142蔡助教"
00640,國立政治大學,統計學系(乙組),第二類學群,3,5,0,0,均標,均標,均標,0,0,均標,0,在校學業成績全校排名百分比,學測數學A級分,學測英文級分,學測國文、英文、數學A、自然之級分總和,數學學業成績總平均全校排名百分比,物理學業成績總平均全校排名百分比,化學學業成績總平均全校排名百分比,1、在校學業成績全校排名百分比 2、學測數學A級分 3、學測英文級分 4、學測國文、英文、數學A、自然之級分總和 5、數學學業成績總平均全校排名百分比 6、物理學業成績總平均全校排名百分比 7、化學學業成績總平均全校排名百分比,,,,,,,"1.甲組與乙組學生混合編班，修課內容相同。有關本系修業規定及課程資料，請參照本系網站(https://stat.nccu.edu.tw/)；聯絡電話：(02)29387116許助教。
2.本系提供五年一貫修讀機會，學生可於五年內完成學士及碩士學位。亦提供各種成績優良及清寒獎助學金可供申請。
3.本系承辦「數理財務學分學程」、「巨量資料分析學程」之修讀申請與證書核發。
4.本校商學院為全台灣第一所，也是唯一擁有EQUIS、AACSB兩項國際認證，及PIM會員的大學。"
00641,國立政治大學,資訊管理學系(乙組),第二類學群,5,5,0,0,前標,前標,前標,0,0,0,0,在校學業成績全校排名百分比,學測國文、英文、數學A、自然之級分總和,學測數學A級分,學測英文級分,學測國文級分,數學學業成績總平均全校排名百分比,英語文學業成績總平均全校排名百分比,1、在校學業成績全校排名百分比 2、學測國文、英文、數學A、自然之級分總和 3、學測數學A級分 4、學測英文級分 5、學測國文級分 6、數學學業成績總平均全校排名百分比 7、英語文學業成績總平均全校排名百分比,,,,,,,"1. 本系以培養資訊科技與管理專業兼備之數位時代菁英為目標，入學後社會組與自然組學生混合編班，修課內容相同。
2. 本系設有清寒學生助學金、出國交換獎助、參加校內外競賽獎勵與企業實習機會，相關資訊請至本系網站查詢。
3. 低收入戶同學若學業表現優異，本系將補助大學四年學雜費。
4. 本系網址：https://mis2. nccu .edu.tw ；聯絡電話：（02)29393091分機89057謝助教。"
00642,國立政治大學,傳播學院大一大二不分系(自然組),第二類學群,5,5,0,0,均標,均標,前標,0,0,均標,0,在校學業成績全校排名百分比,學測國文、英文、數學A、自然之級分總和,學測數學A級分,學測英文級分,學測自然級分,學測國文級分,數學學業成績總平均全校排名百分比,1、在校學業成績全校排名百分比 2、學測國文、英文、數學A、自然之級分總和 3、學測數學A級分 4、學測英文級分 5、學測自然級分 6、學測國文級分 7、數學學業成績總平均全校排名百分比,,,,,,,"1.自然組與社會組學生混合編班，修課內容相同。
2.為因應數位匯流，引進多元知識背景，促成跨領域學習，採大一大二不分系招生與修課。大三依篩選結果分流至專業主修，進入新聞學系、廣告學系、廣播電視學系，以完成學位，最低畢業學分數128學分。
3.系網址：https://umicc.nccu.edu.tw/；聯絡電話：(02)29387078。"
00643,國立政治大學,應用數學系,第二類學群,7,5,0,0,0,均標,頂標,0,0,0,0,在校學業成績全校排名百分比,學測數學A級分,數學學業成績總平均全校排名百分比,學測英文級分,英語文學業成績總平均全校排名百分比,學測自然級分,物理學業成績總平均全校排名百分比,1、在校學業成績全校排名百分比 2、學測數學A級分 3、數學學業成績總平均全校排名百分比 4、學測英文級分 5、英語文學業成績總平均全校排名百分比 6、學測自然級分 7、物理學業成績總平均全校排名百分比,,,,,,,"1.招生目標:招收對數學與應用數學有興趣且具優異數學能力之學生。
2.由本系畢業生考上研究所的優良成果可印證本系前景的多元與寬廣。
3.本系與商學院合作「數理財務」學程、與資科系合作「數理資訊」學程，連結財務、金融、資訊發展的機會。
4.學生亦可依志趣修習諸如「精算統計」、「巨量資料」、「教育」等其他學程。
5.由繁星推薦管道進入應數系之學生，若申請轉系，本系將從嚴審核，請學生審慎思考。
6.本系網址:https://ms.nccu.edu.tw；聯絡電話:(02)29387047。"
00644,國立政治大學,心理學系,第二類學群,7,5,2,2,前標,前標,均標,0,0,均標,0,在校學業成績全校排名百分比,學測數學A級分,數學學業成績總平均全校排名百分比,學測自然級分,英語文學業成績總平均全校排名百分比,學測英文級分,學測國文級分,1、在校學業成績全校排名百分比 2、學測數學A級分 3、數學學業成績總平均全校排名百分比 4、學測自然級分 5、英語文學業成績總平均全校排名百分比 6、學測英文級分 7、學測國文級分,,,,,,,"1.本系網址：https://psy.nccu.edu.tw
2.聯絡電話：(02)29393091分機62981 陳助教"
00645,國立政治大學,資訊科學系,第二類學群,6,5,1,2,0,均標,頂標,0,0,均標,0,在校學業成績全校排名百分比,學測數學A級分,數學學業成績總平均全校排名百分比,學測英文級分,學測自然級分,英語文學業成績總平均全校排名百分比,資訊科技學業成績總平均全校排名百分比,1、在校學業成績全校排名百分比 2、學測數學A級分 3、數學學業成績總平均全校排名百分比 4、學測英文級分 5、學測自然級分 6、英語文學業成績總平均全校排名百分比 7、資訊科技學業成績總平均全校排名百分比,,,,,,,"1.本系高中生專區：https://www.cs.nccu.edu.tw/web/nccu.hs/index.html
2.連絡電話：(02)2939-3091 分機：62275"
00701,高雄醫學大學,心理學系,第一類學群,9,2,1,1,0,均標,後標,後標,0,後標,0,在校學業成績全校排名百分比,學測英文級分,數學學業成績總平均全校排名百分比,學測自然級分,英語文學業成績總平均全校排名百分比,生物學業成績總平均全校排名百分比,物理學業成績總平均全校排名百分比,1、在校學業成績全校排名百分比 2、學測英文級分 3、數學學業成績總平均全校排名百分比 4、學測自然級分 5、英語文學業成績總平均全校排名百分比 6、生物學業成績總平均全校排名百分比 7、物理學業成績總平均全校排名百分比,,,,,,,"(1).網址：https://psychology.kmu.edu.tw。
(2).電話：07-3215422轉 820。
(3).信箱：yihui@mail.psy.kmu.edu.tw。
(4).粉絲專頁：https://www.facebook.com/kmupsy。"
00702,高雄醫學大學,醫學社會學與社會工作學系,第一類學群,6,2,0,0,均標,後標,0,0,0,0,0,在校學業成績全校排名百分比,學測國文級分,學測英文級分,國語文學業成績總平均全校排名百分比,英語文學業成績總平均全校排名百分比,公民與社會學業成績總平均全校排名百分比,數學學業成績總平均全校排名百分比,1、在校學業成績全校排名百分比 2、學測國文級分 3、學測英文級分 4、國語文學業成績總平均全校排名百分比 5、英語文學業成績總平均全校排名百分比 6、公民與社會學業成績總平均全校排名百分比 7、數學學業成績總平均全校排名百分比,,,,,,,"(1).網址：https://ms.kmu.edu.tw。
(2).電話：07-3121101轉2195再轉800。
(3).信箱：ms@kmu.edu.tw。"
00703,高雄醫學大學,醫務管理暨醫療資訊學系,第二類學群,14,4,2,3,0,底標,底標,底標,0,0,0,在校學業成績全校排名百分比,數學學業成績總平均全校排名百分比,學測英文級分,學測國文級分,英語文學業成績總平均全校排名百分比,國語文學業成績總平均全校排名百分比,資訊科技學業成績總平均全校排名百分比,1、在校學業成績全校排名百分比 2、數學學業成績總平均全校排名百分比 3、學測英文級分 4、學測國文級分 5、英語文學業成績總平均全校排名百分比 6、國語文學業成績總平均全校排名百分比 7、資訊科技學業成績總平均全校排名百分比,,,,,,,"(1).網址：https://hami.kmu.edu.tw。
(2).電話：07-3121101轉 2648 。
(3).信箱：hami@kmu.edu.tw。"
00704,高雄醫學大學,醫藥暨應用化學系應用化學組,第二類學群,11,4,0,0,0,均標,均標,0,0,均標,0,在校學業成績全校排名百分比,學測自然級分,化學學業成績總平均全校排名百分比,數學學業成績總平均全校排名百分比,學測數學A級分,英語文學業成績總平均全校排名百分比,學測英文級分,1、在校學業成績全校排名百分比 2、學測自然級分 3、化學學業成績總平均全校排名百分比 4、數學學業成績總平均全校排名百分比 5、學測數學A級分 6、英語文學業成績總平均全校排名百分比 7、學測英文級分,,,,,,,"(1).網址：https://chem.kmu.edu.tw。
(2).電話：(07)312-1101轉2198。
(3).信箱：wtli@kmu.edu.tw。
(4).本學系為台灣唯一以化學方法研究醫藥科技領域的系所。著重在「應用化學」領域中的基礎理論紮根與實驗研究，並訓練具有研發之能力。畢業生將兼具材料化學、儀器分析及尖端奈米化學之相關知識以及實驗能力，未來就業的出路更加廣泛。"
00705,高雄醫學大學,醫藥暨應用化學系醫藥化學組,第二類學群,11,4,1,3,0,均標,均標,0,0,均標,0,在校學業成績全校排名百分比,學測自然級分,化學學業成績總平均全校排名百分比,數學學業成績總平均全校排名百分比,學測數學A級分,英語文學業成績總平均全校排名百分比,學測英文級分,1、在校學業成績全校排名百分比 2、學測自然級分 3、化學學業成績總平均全校排名百分比 4、數學學業成績總平均全校排名百分比 5、學測數學A級分 6、英語文學業成績總平均全校排名百分比 7、學測英文級分,,,,,,,"(1).網址：https://chem.kmu.edu.tw。
(2).電話：(07)312-1101轉2198。
(3).信箱：wtli@kmu.edu.tw。
(4).本學系為台灣唯一以化學方法研究醫藥科技領域的系所。著重在「醫藥化學」領域中的基礎理論紮根與實驗研究，並訓練具有研發之能力。畢業生將兼具醫藥化學、藥物合成及開發之相關知識以及實驗能力，未來就業的出路更加廣泛。"
00706,高雄醫學大學,生物科技學系,第二類學群,10,4,1,3,0,後標,0,0,0,後標,0,在校學業成績全校排名百分比,生物學業成績總平均全校排名百分比,學測自然級分,學測英文級分,化學學業成績總平均全校排名百分比,英語文學業成績總平均全校排名百分比,學測數學A級分,1、在校學業成績全校排名百分比 2、生物學業成績總平均全校排名百分比 3、學測自然級分 4、學測英文級分 5、化學學業成績總平均全校排名百分比 6、英語文學業成績總平均全校排名百分比 7、學測數學A級分,,,,,,,"(1).網址：https://biotech.kmu.edu.tw。
(2).電話：07-3121101轉 2709。
(3).信箱：sevian@kmu.edu.tw。
(4).傳真：07-3125339。"
00707,高雄醫學大學,運動醫學系,第三類學群,6,8,0,0,0,均標,0,0,0,均標,0,在校學業成績全校排名百分比,學測自然級分,學測英文級分,學測國文級分,英語文學業成績總平均全校排名百分比,生物學業成績總平均全校排名百分比,數學學業成績總平均全校排名百分比,1、在校學業成績全校排名百分比 2、學測自然級分 3、學測英文級分 4、學測國文級分 5、英語文學業成績總平均全校排名百分比 6、生物學業成績總平均全校排名百分比 7、數學學業成績總平均全校排名百分比,,,,,,,"(1).網址：https://sportsmed.kmu.edu.tw。
(2).電話：(07)312-1101轉2646再轉612。
(3).信箱：sportsmed@kmu.edu.tw。
(4).本學系培育具專業運動醫學、運動防護及健康保健人才，因應國內對體適能指導員及運動防護員需求，歡迎對運動醫學有濃厚興趣者報考。"
00708,高雄醫學大學,呼吸治療學系,第三類學群,8,8,2,8,均標,均標,後標,0,0,均標,0,在校學業成績全校排名百分比,學測英文級分,學測自然級分,生物學業成績總平均全校排名百分比,英語文學業成績總平均全校排名百分比,化學學業成績總平均全校排名百分比,學測國文級分,1、在校學業成績全校排名百分比 2、學測英文級分 3、學測自然級分 4、生物學業成績總平均全校排名百分比 5、英語文學業成績總平均全校排名百分比 6、化學學業成績總平均全校排名百分比 7、學測國文級分,,,,,,,"(1).網址：https://respcare.kmu.edu.tw。
(2).電話：07-3121101轉2137再轉72。
(3).信箱：resp@kmu.edu.tw。"
00709,高雄醫學大學,口腔衛生學系,第三類學群,9,8,2,8,均標,後標,0,0,0,均標,0,在校學業成績全校排名百分比,學測自然級分,學測數學A級分,學測英文級分,學測國文級分,英語文學業成績總平均全校排名百分比,生物學業成績總平均全校排名百分比,1、在校學業成績全校排名百分比 2、學測自然級分 3、學測數學A級分 4、學測英文級分 5、學測國文級分 6、英語文學業成績總平均全校排名百分比 7、生物學業成績總平均全校排名百分比,,,,,,,"(1).網址：https://dhygiene.kmu.edu.tw。
(2).電話：07-3121101轉2209再轉31。
(3).信箱：ihcheng@kmu.edu.tw。"
00710,高雄醫學大學,藥學系,第三類學群,12,8,3,8,前標,前標,均標,0,0,前標,0,在校學業成績全校排名百分比,學測英文級分,學測自然級分,化學學業成績總平均全校排名百分比,生物學業成績總平均全校排名百分比,學測國文級分,學測數學A級分,1、在校學業成績全校排名百分比 2、學測英文級分 3、學測自然級分 4、化學學業成績總平均全校排名百分比 5、生物學業成績總平均全校排名百分比 6、學測國文級分 7、學測數學A級分,,,,,,,"(1).網址：https://pharm.kmu.edu.tw。
(2).電話：07-3121101轉 2160。
(3).信箱：hchunya@kmu.edu.tw。
(4).其他：本學系為國內歷史最悠久的私立醫學大學藥學系，培養學生具備各種醫藥相關之專業知識與技能。為五年學制，畢業生可參加國家藥師檢定考試，未來出路廣，可從事藥學及相關領域之專業服務。除藥學核心課程外，另設有臨床藥學、工業藥學、創新醫藥、經營管理四大模組課程，加強各領域之專長。"
00711,高雄醫學大學,香粧品學系,第三類學群,9,8,1,8,0,後標,0,0,0,後標,0,在校學業成績全校排名百分比,學測自然級分,學測英文級分,學測數學A級分,學測國文級分,化學學業成績總平均全校排名百分比,生物學業成績總平均全校排名百分比,1、在校學業成績全校排名百分比 2、學測自然級分 3、學測英文級分 4、學測數學A級分 5、學測國文級分 6、化學學業成績總平均全校排名百分比 7、生物學業成績總平均全校排名百分比,,,,,,,"(1).網址：https://cosmetics.kmu.edu.tw。
(2).電話：07-3121101轉2649。
(3).信箱：cassyhsu@kmu.edu.tw。
(4).其他：本學系隸屬於藥學院之系所，以培育專業香粧品研發、製造、行銷管理等跨領域專業人才為教育目標。為加強學生專業能力及與業界接軌之實務能力，本學系與國內、外知名化粧品廠商建立實習合作關係，提供學生至化粧品工廠觀摩及海內、外化粧品相關產業之實習機會。"
00712,高雄醫學大學,護理學系,第三類學群,12,8,1,8,0,後標,後標,後標,0,後標,0,在校學業成績全校排名百分比,學測自然級分,學測英文級分,學測國文級分,生物學業成績總平均全校排名百分比,英語文學業成績總平均全校排名百分比,數學學業成績總平均全校排名百分比,1、在校學業成績全校排名百分比 2、學測自然級分 3、學測英文級分 4、學測國文級分 5、生物學業成績總平均全校排名百分比 6、英語文學業成績總平均全校排名百分比 7、數學學業成績總平均全校排名百分比,,,,,,,"(1).網址：https://fonursing.kmu.edu.tw。
(2).電話：(07)312-1101分機2167。
(3).信箱：ponyyen@kmu.edu.tw。
(4).其他：本學系學制齊全，附屬醫療機構提供充裕的實習資源和就業管道，與姊妹校的國際交流熱絡，提供學生全方位關懷，符合學生個人成長和生涯發展需求。"
00713,高雄醫學大學,醫學檢驗生物技術學系,第三類學群,6,8,1,8,均標,均標,0,0,0,均標,0,在校學業成績全校排名百分比,學測自然級分,化學學業成績總平均全校排名百分比,生物學業成績總平均全校排名百分比,學測英文級分,英語文學業成績總平均全校排名百分比,學測國文級分,1、在校學業成績全校排名百分比 2、學測自然級分 3、化學學業成績總平均全校排名百分比 4、生物學業成績總平均全校排名百分比 5、學測英文級分 6、英語文學業成績總平均全校排名百分比 7、學測國文級分,,,,,,,"(1).網址：https://mlsb.kmu.edu.tw。
(2).電話：07-3121101轉2199。
(3).信箱：mt@kmu.edu.tw。"
00714,高雄醫學大學,醫學影像暨放射科學系,第三類學群,7,8,2,8,0,均標,均標,0,0,前標,0,在校學業成績全校排名百分比,學測英文級分,學測自然級分,學測數學A級分,學測國文級分,英語文學業成績總平均全校排名百分比,數學學業成績總平均全校排名百分比,1、在校學業成績全校排名百分比 2、學測英文級分 3、學測自然級分 4、學測數學A級分 5、學測國文級分 6、英語文學業成績總平均全校排名百分比 7、數學學業成績總平均全校排名百分比,,,,,,,"(1).網址：https://mrt.kmu.edu.tw。
(2).電話：07-3121101轉2250。
(3).信箱：mrt@kmu.edu.tw。
(4).其他：本學系招生目標為爭取有志從事醫學影像放射線診斷、放射治療及核子醫學之技術工作或相關領域之學術研究者加入。學生畢業後通過國家檢定考試可取得醫事放射師資格。"
00715,高雄醫學大學,公共衛生學系,第三類學群,10,8,2,8,0,後標,後標,0,0,0,0,在校學業成績全校排名百分比,學測數學A級分,學測自然級分,學測國文級分,學測英文級分,生物學業成績總平均全校排名百分比,化學學業成績總平均全校排名百分比,1、在校學業成績全校排名百分比 2、學測數學A級分 3、學測自然級分 4、學測國文級分 5、學測英文級分 6、生物學業成績總平均全校排名百分比 7、化學學業成績總平均全校排名百分比,,,,,,,"(1).網址：https://ph.kmu.edu.tw。
(2).電話：07-3121101轉2141。
(3).信箱：ph@kmu.edu.tw。"
00716,高雄醫學大學,職能治療學系,第三類學群,9,8,2,8,均標,均標,0,0,0,均標,0,在校學業成績全校排名百分比,學測英文級分,學測國文級分,學測自然級分,英語文學業成績總平均全校排名百分比,國語文學業成績總平均全校排名百分比,生物學業成績總平均全校排名百分比,1、在校學業成績全校排名百分比 2、學測英文級分 3、學測國文級分 4、學測自然級分 5、英語文學業成績總平均全校排名百分比 6、國語文學業成績總平均全校排名百分比 7、生物學業成績總平均全校排名百分比,,,,,,,"(1).網址：https://ot.kmu.edu.tw。
(2).電話：07-3121101轉 2119。
(3).信箱：ot@kmu.edu.tw。
(4).其他：本學系設有全民英檢中級聽、讀、說、寫四項能力達CEFR之B1等級或同等級之英文畢業門檻。"
00717,高雄醫學大學,物理治療學系,第三類學群,7,8,1,8,0,均標,均標,0,0,均標,0,在校學業成績全校排名百分比,學測數學A級分,學測英文級分,學測英文、數學A、自然之級分總和,學測自然級分,國語文學業成績總平均全校排名百分比,生物學業成績總平均全校排名百分比,1、在校學業成績全校排名百分比 2、學測數學A級分 3、學測英文級分 4、學測英文、數學A、自然之級分總和 5、學測自然級分 6、國語文學業成績總平均全校排名百分比 7、生物學業成績總平均全校排名百分比,,,,,,,"(1).網址：https://pt.kmu.edu.tw。
(2).電話：07-3121101轉 2210。
(3).信箱：pt@kmu.edu.tw。
(4).其他：本學系學生畢業並經國家考試取得物理治療師執照後，可任職於醫療、長期照護、社福、各級學校特殊教育系統等機構擔任物理治療師，亦可從事輔具科技產品研發、運動訓練與運動防護，另可進一步開辦物理治療所、復健科技產品創新公司。"
00718,高雄醫學大學,生物醫學暨環境生物學系,第三類學群,11,8,2,8,後標,均標,後標,0,0,均標,0,在校學業成績全校排名百分比,生物學業成績總平均全校排名百分比,學測自然級分,學測英文級分,學測數學A級分,化學學業成績總平均全校排名百分比,學測國文級分,1、在校學業成績全校排名百分比 2、生物學業成績總平均全校排名百分比 3、學測自然級分 4、學測英文級分 5、學測數學A級分 6、化學學業成績總平均全校排名百分比 7、學測國文級分,,,,,,,(1).網址：https://biology.kmu.edu.tw。(2).電話：07-3121101轉 2147。(3).信箱：tchungg@kmu.edu.tw。(4).其他：「生物醫學」與「環境生物學」是生命科學領域中重要研究課題，本學系擁有豐富醫學資源為後盾，加上南部地區特有的生物多樣性，得以全力發展此兩項研究方向，而學生可依興趣擇一做發展。本學系教學同時強調基礎生物學理論及現代生物科技的運用，並注重學術訓練與科技產業的配合，使學生能成為現代化之生命科學工作者。
00719,高雄醫學大學,醫學系,第八類學群,29,1,0,0,前標,頂標,頂標,0,0,頂標,0,在校學業成績全校排名百分比,學測自然級分,學測英文級分,學測數學A級分,學測國文級分,英語文學業成績總平均全校排名百分比,生物學業成績總平均全校排名百分比,1、在校學業成績全校排名百分比 2、學測自然級分 3、學測英文級分 4、學測數學A級分 5、學測國文級分 6、英語文學業成績總平均全校排名百分比 7、生物學業成績總平均全校排名百分比,,,面試,100%,45,1500,"(1).網址：https://smed.kmu.edu.tw。
(2).電話：(07)312-1101轉2137再轉415或416。
(3).信箱：med@kmu.edu.tw。"
00720,高雄醫學大學,牙醫學系,第八類學群,12,1,0,0,頂標,頂標,頂標,0,0,頂標,0,在校學業成績全校排名百分比,學測自然級分,學測英文級分,學測國文級分,學測數學A級分,學測英文、自然之級分總和,生物學業成績總平均全校排名百分比,1、在校學業成績全校排名百分比 2、學測自然級分 3、學測英文級分 4、學測國文級分 5、學測數學A級分 6、學測英文、自然之級分總和 7、生物學業成績總平均全校排名百分比,,,面試,100%,18,1200,(1)甄試通知不寄送，請上系網查詢。(2)部分課程透過顯微鏡判讀進行，須具備色彩觀察及辨識能力；部分課程以小組討論進行，宜具有人際互動、溝通協調之能力；部分臨床課程須久站以照顧病患，具備抗壓能力、與醫療團隊溝通、建立醫病關係等，須具備適當之視覺、聽覺、口語表達、溝通以及個人安全維護的能力。
00801,中原大學,工業與系統工程學系管理組,第一類學群,8,15,0,0,0,後標,底標,底標,0,0,0,在校學業成績全校排名百分比,學測國文、英文之級分總和,學測國文級分,學測英文級分,數學學業成績總平均全校排名百分比,英語文學業成績總平均全校排名百分比,國語文學業成績總平均全校排名百分比,1、在校學業成績全校排名百分比 2、學測國文、英文之級分總和 3、學測國文級分 4、學測英文級分 5、數學學業成績總平均全校排名百分比 6、英語文學業成績總平均全校排名百分比 7、國語文學業成績總平均全校排名百分比,,,,,,,"1.工業系管理組包含永續策略管理、人因管理、智慧管理、高科技管理、專案管理、半導體製程管理、資訊管理等。
2.本學系創系於53年，是全國第一所通過IEET工程教育認證並唯一隸屬電資學院之工業系，傑出系友已破萬名。
3.為跨接工程技術與經營管理領域的學系，學制完整，含學士、碩士、碩專、博士及國際碩士班。
4.中原工業與系統工程學系網址：https://ise.cycu.edu.tw。"
00802,中原大學,企業管理學系服務業管理組,第一類學群,10,15,1,6,後標,0,0,0,0,0,0,在校學業成績全校排名百分比,學測國文級分,學測英文級分,學測社會級分,國語文學業成績總平均全校排名百分比,英語文學業成績總平均全校排名百分比,公民與社會學業成績總平均全校排名百分比,1、在校學業成績全校排名百分比 2、學測國文級分 3、學測英文級分 4、學測社會級分 5、國語文學業成績總平均全校排名百分比 6、英語文學業成績總平均全校排名百分比 7、公民與社會學業成績總平均全校排名百分比,,,,,,,"服務業管理組是將管理知能應用於服務業情境的專業領域。現今競爭環境下服務重要性提升，其課程設計滿足對服務業及製造業之服務部門有興趣之學生。本學系與知名集團全聯實業、全家便利商店、台灣宅配通、洪福通運及祥寶尊榮集團合作就業學程，鏈結產業學用合一，目標為服務產業培養更多專業經理人。
中原企管系官方網址：https://ba.cycu.edu.tw/"
00803,中原大學,企業管理學系高科技業管理組,第一類學群,10,15,1,6,後標,0,0,0,0,0,0,在校學業成績全校排名百分比,學測國文級分,學測英文級分,學測社會級分,國語文學業成績總平均全校排名百分比,英語文學業成績總平均全校排名百分比,公民與社會學業成績總平均全校排名百分比,1、在校學業成績全校排名百分比 2、學測國文級分 3、學測英文級分 4、學測社會級分 5、國語文學業成績總平均全校排名百分比 6、英語文學業成績總平均全校排名百分比 7、公民與社會學業成績總平均全校排名百分比,,,,,,,"高科技業管理組是將管理與科技整合的領域，其課程設計用以培育高科技產業之技術/行銷/採購管理者以及創投之產業分析師。透過實習、實務講座等課程與產業實務連結，瞭解高科技產業的最新趨勢與實務。培養兼具專業知識、技能與品格的管理專業人才，目標在於為高科技產業培養更多專業經理人。
中原企管系官方網址：https://ba.cycu.edu.tw/"
00804,中原大學,企業管理學系工商管理組,第一類學群,16,15,2,6,0,0,0,0,後標,0,0,在校學業成績全校排名百分比,學測社會級分,學測英文級分,學測國文級分,國語文學業成績總平均全校排名百分比,英語文學業成績總平均全校排名百分比,公民與社會學業成績總平均全校排名百分比,1、在校學業成績全校排名百分比 2、學測社會級分 3、學測英文級分 4、學測國文級分 5、國語文學業成績總平均全校排名百分比 6、英語文學業成績總平均全校排名百分比 7、公民與社會學業成績總平均全校排名百分比,,,,,,,"工商管理組掌握國際永續發展趨勢，整合企業管理各項功能(行銷管理、財務管理、人力資源管理、大數據資訊管理等)，結合校內外各領域管理與永續發展專業師資，透過跨域多元課程設計，兼具理論與實務，接軌國際永續趨勢，培養具企業永續發展與領導力之專業經理人。
中原企管系官方網址：https://ba.cycu.edu.tw/"
00805,中原大學,國際經營與貿易學系,第一類學群,16,15,0,0,0,後標,0,0,0,0,0,在校學業成績全校排名百分比,學測英文級分,英語文學業成績總平均全校排名百分比,學測國文級分,國語文學業成績總平均全校排名百分比,學測社會級分,公民與社會學業成績總平均全校排名百分比,1、在校學業成績全校排名百分比 2、學測英文級分 3、英語文學業成績總平均全校排名百分比 4、學測國文級分 5、國語文學業成績總平均全校排名百分比 6、學測社會級分 7、公民與社會學業成績總平均全校排名百分比,,,,,,,"本學系致力於培養「具有國際觀，能解析國際經貿情勢，熟諳國際經營與管理，並具有環境觀之優秀經貿管理人才」。學生有許多出國交換機會，且本系在校生有20%為僑外生，在校時就可認識許多來自不同國家的外籍生。本學系專業課程分流為國際經貿與實務、經濟計量與預測、國際金融與財務、國際經營與管理四個學程。在校生有出國交換機會，畢業可從事工作包含國際企業經營經理人、貿易及物流人員、金融保險業、財務與採購、行銷企劃、財經相關公務員、關務人員等。
中原國貿系官方網址：https://ib.cycu.edu.tw/"
00806,中原大學,會計學系,第一類學群,25,15,0,0,後標,0,0,0,0,0,0,在校學業成績全校排名百分比,學測國文、英文、數學B、社會之級分總和,學測英文級分,學測數學B級分,學測國文級分,學測社會級分,英語文學業成績總平均全校排名百分比,1、在校學業成績全校排名百分比 2、學測國文、英文、數學B、社會之級分總和 3、學測英文級分 4、學測數學B級分 5、學測國文級分 6、學測社會級分 7、英語文學業成績總平均全校排名百分比,,,,,,,"◎ 本系重視學生獨立思考與解決問題能力，強調會計與永續治理、會計與商業智慧之跨領域學習，開設Python 、大數據、電腦審計、人工智慧等課程，專業課程多與會計師合作，結合實務採個案情境式教學。
◎ 系上設有「國際會計師事務所就業學程」與「永續治理、商業智慧、管理及財金、稅務及法律、政府及非營利」五大專業學程。於每年辦理四大會計師事務所校園徵才，並提供會計師事務所、銀行與國稅局等公私立單位之實習機會。學生畢業可擔任會計師、財務分析師、永續管理師、內部稽核師、會審財稅人員，或至金融專業機構或企業永續發展部門等任職。你的未來學涯、職涯地圖，從這裡開始：https://ac.cycu.edu.tw/"
00807,中原大學,資訊管理學系,第一類學群,16,15,0,0,0,0,底標,底標,0,0,0,在校學業成績全校排名百分比,學測國文級分,學測英文級分,國語文學業成績總平均全校排名百分比,英語文學業成績總平均全校排名百分比,數學學業成績總平均全校排名百分比,資訊科技學業成績總平均全校排名百分比,1、在校學業成績全校排名百分比 2、學測國文級分 3、學測英文級分 4、國語文學業成績總平均全校排名百分比 5、英語文學業成績總平均全校排名百分比 6、數學學業成績總平均全校排名百分比 7、資訊科技學業成績總平均全校排名百分比,,,,,,,本學系旨在培養為企業創造競爭優勢的資訊人才，設有資訊系統開發學程、電子商務學程、商業智慧學程，另有學習護照、程式實作課程與創客基地，學生於全國競賽屢獲佳績，畢業生任職百大企業，傑出校友遍佈知名企業，詳情可參閱本系網址：https://im.cycu.edu.tw/
00808,中原大學,財務金融學系,第一類學群,23,15,2,6,後標,0,0,0,0,0,0,在校學業成績全校排名百分比,學測英文級分,學測數學B級分,學測國文級分,英語文學業成績總平均全校排名百分比,數學學業成績總平均全校排名百分比,國語文學業成績總平均全校排名百分比,1、在校學業成績全校排名百分比 2、學測英文級分 3、學測數學B級分 4、學測國文級分 5、英語文學業成績總平均全校排名百分比 6、數學學業成績總平均全校排名百分比 7、國語文學業成績總平均全校排名百分比,,,,,,,"面對嶄新金融科技(Fintech)的時代，多元金融商品的創新和資金的籌措等，需精確掌握各項資訊進行分析與投資決策，所以本系對於人才之培育同時著重兩大方向，其一為傳統『財務金融組』、其二為新興『金融科技組』。綜合來說，本系同時也落實資訊化、國際化與實務性教學，強調財務金融理論與實務並重之專業人才，並重視學生宏觀國際視野與競爭力的提昇，為學生日後就業或升學提供多元的選擇與發展機會。掌握趨勢脈動，引領財金潮流，加入中原財金，是你(妳)最佳的選擇。
本系網址：https://fa.cycu.edu.tw/"
00809,中原大學,財經法律學系財貿法組,第一類學群,11,15,0,0,後標,後標,0,0,0,0,0,在校學業成績全校排名百分比,學測國文級分,學測英文級分,學測社會級分,國語文學業成績總平均全校排名百分比,英語文學業成績總平均全校排名百分比,公民與社會學業成績總平均全校排名百分比,1、在校學業成績全校排名百分比 2、學測國文級分 3、學測英文級分 4、學測社會級分 5、國語文學業成績總平均全校排名百分比 6、英語文學業成績總平均全校排名百分比 7、公民與社會學業成績總平均全校排名百分比,,,,,,,"財經法律學系修業年限為四年，授予法律學學士學位。
大一至大二修習基礎法律專業；大三至大四修習強化金融法、國際經貿法、信託法或公平交易法等專業知識，並提供實習課程。除培養參與律師、司法官等國家考試應具備能力，同時擁有時代所需之經貿金融法律專業，使同學具備從事銀行業、金融機構、稅務機關、貿易公司、會計師事務所或財務顧問公司等法律工作所需的專業。本系與美國大學法學院設有雙聯學位(學士3年+美國碩士1年)，使同學取得參加美國律師的考試資格；同時持續擴大與其他國家法學院合作，提供多元交換學習機會。本系網址：https://fel.cycu.edu.tw/"
00810,中原大學,財經法律學系科技法組,第一類學群,11,15,0,0,後標,後標,0,0,0,0,0,在校學業成績全校排名百分比,學測英文級分,學測國文級分,學測社會級分,英語文學業成績總平均全校排名百分比,國語文學業成績總平均全校排名百分比,公民與社會學業成績總平均全校排名百分比,1、在校學業成績全校排名百分比 2、學測英文級分 3、學測國文級分 4、學測社會級分 5、英語文學業成績總平均全校排名百分比 6、國語文學業成績總平均全校排名百分比 7、公民與社會學業成績總平均全校排名百分比,,,,,,,"財經法律學系修業年限為四年，授予法律學學士學位。
大一至大二修習基礎法律專業；大三至大四修習科技法領域專業，如醫療法、通訊傳播法、智慧財產權法、氣候變遷政策與環境法，並有實習課程。除培養參與律師、司法官等國家考試應具備能力，同時擁有國內政策發展相符的專業知識，使同學可從事高科技業、建築業、傳播媒體業、能源顧問公司等法律工作。本系與美國大學法學院設有雙聯學位(學士3年+美國碩士1年)，使同學取得參加美國律師的考試資格；同時持續擴大與其他國家法學院合作，提供多元交換學習機會。本系網址：https://fel.cycu.edu.tw/"
00811,中原大學,室內設計學系,第一類學群,5,15,0,0,後標,0,0,0,0,0,0,在校學業成績全校排名百分比,學測國文、英文、社會之級分總和,學測英文級分,學測國文級分,學測社會級分,英語文學業成績總平均全校排名百分比,國語文學業成績總平均全校排名百分比,1、在校學業成績全校排名百分比 2、學測國文、英文、社會之級分總和 3、學測英文級分 4、學測國文級分 5、學測社會級分 6、英語文學業成績總平均全校排名百分比 7、國語文學業成績總平均全校排名百分比,,,,,,,"1.課程內容含理論及實作(設計理論、設計素描、平面製圖、立體造型、電腦繪圖等)，須具備繪圖設計及辨別顏色能力。
2.教學採分組討論，著重實務及實習操作，強調動手實作與整合表現。
3.畢業生就業機會多元，可擔任室內設計、家具設計、展示設計、美術設計等工作。
4.學系網址：https://cyid.cycu.edu.tw/，連絡方式：03-2656201。"
00812,中原大學,商業設計學系商業設計組乙類,第一類學群,3,15,1,6,0,後標,0,0,0,0,0,在校學業成績全校排名百分比,學測國文級分,學測英文級分,學測社會級分,學測國文、英文、社會之級分總和,英語文學業成績總平均全校排名百分比,國語文學業成績總平均全校排名百分比,1、在校學業成績全校排名百分比 2、學測國文級分 3、學測英文級分 4、學測社會級分 5、學測國文、英文、社會之級分總和 6、英語文學業成績總平均全校排名百分比 7、國語文學業成績總平均全校排名百分比,,,,,,,"本學系創立於1984年，為第一所於大學成立的商業設計學系。本學系致力於「設計、商業、工業、人文、科技」之整合，落實跨領域、國際化之實務教學。商業設計組培養學生兼具設計創作、策略思考、團隊合作、與行銷企劃之能力。培育一流之品牌視覺設計、編輯設計、廣告設計、包裝設計、插畫、文創設計、UI/UX設計、攝影、影片製作、展示設計、和專案管理等人才。
學系網址：https://cycd.cycu.edu.tw"
00813,中原大學,特殊教育學系,第一類學群,8,15,0,0,後標,後標,0,0,0,0,0,在校學業成績全校排名百分比,學測國文級分,學測英文級分,學測社會級分,數學學業成績總平均全校排名百分比,英語文學業成績總平均全校排名百分比,國語文學業成績總平均全校排名百分比,1、在校學業成績全校排名百分比 2、學測國文級分 3、學測英文級分 4、學測社會級分 5、數學學業成績總平均全校排名百分比 6、英語文學業成績總平均全校排名百分比 7、國語文學業成績總平均全校排名百分比,,,,,,,"本系為全師培學系，各類入學管道均可取得特教師資生名額。畢業生教師檢定通過達九成以上，教師甄試表現優異，歷次教育部評鑑皆獲佳績。師資生可選擇的證照階段多元，涵蓋學前、小學、中等、身心障礙、資賦優異等多項學程。並設有聽覺口語就業學程且與機構合作關係良好，非師資生職涯進路寬廣多元，課程設計理論與實務並重。設置有智慧教室，設備新穎充足且空間規劃良好。
學系網站：https://special.cycu.edu.tw/"
00814,中原大學,應用外國語文學系,第一類學群,16,15,0,0,0,後標,0,0,0,0,0,在校學業成績全校排名百分比,學測英文級分,學測國文級分,學測國文、英文之級分總和,英語文學業成績總平均全校排名百分比,國語文學業成績總平均全校排名百分比,學測社會級分,1、在校學業成績全校排名百分比 2、學測英文級分 3、學測國文級分 4、學測國文、英文之級分總和 5、英語文學業成績總平均全校排名百分比 6、國語文學業成績總平均全校排名百分比 7、學測社會級分,,,,,,,"本系旨在培育具國際觀及流利外語能力的專業菁英，在外語教學、口筆譯、語言學、多媒體資訊科技及AI智慧等領域，以英語授課方式培養紮實聽、說、讀、寫、譯之英語能力，重視理論與實務並重。本系亦提供系統化之德日法西語四套第二外語必修課程(擇一)，並設有完善的外語能力檢定機制，另提供學生申請國際交換生及學碩雙聯機會，以及國內知名企業實習機會，積極培育具有國際觀的跨域外語人才。
學系網址：https://alls.cycu.edu.tw"
00815,中原大學,應用華語文學系,第一類學群,15,15,2,6,後標,0,0,0,0,0,0,在校學業成績全校排名百分比,學測國文、英文之級分總和,學測國文級分,學測英文級分,學測社會級分,國語文學業成績總平均全校排名百分比,英語文學業成績總平均全校排名百分比,1、在校學業成績全校排名百分比 2、學測國文、英文之級分總和 3、學測國文級分 4、學測英文級分 5、學測社會級分 6、國語文學業成績總平均全校排名百分比 7、英語文學業成績總平均全校排名百分比,,,,,,,"1.全國首創：第一個專業培育華語師資之科系，也是首所學碩兼備系所。2.課程亮點：厚植中文素養，發展外語(7種語言)，結合AI與數位工具。3.跨域實力：三大學程─商務華語、教育、數位編輯與華語，理論與實務並重。4.專業設備：智慧教室＋Meta-Display 教室，搭配數位資源，引領未來趨勢。5.海外與實習優勢：橫跨 20+國海外實習，與中原華語中心緊密結合，打造「實習即培訓、畢業即就業」，全面拓展國際經驗與職涯競爭力。6.多元出路與競爭力：從華語、國文教師到國際企業與數位產業，結合語言 x AI × 全球視野，培養最受青睞的跨域人才。
應華系網址：https://deptweb.cycu.edu.tw/tcsl/"
00816,中原大學,應用數學系,第二類學群,17,22,1,11,0,0,後標,0,0,0,0,在校學業成績全校排名百分比,學測數學A級分,數學學業成績總平均全校排名百分比,學測英文級分,英語文學業成績總平均全校排名百分比,學測自然級分,學測國文級分,1、在校學業成績全校排名百分比 2、學測數學A級分 3、數學學業成績總平均全校排名百分比 4、學測英文級分 5、英語文學業成績總平均全校排名百分比 6、學測自然級分 7、學測國文級分,,,,,,,"中原應數系有別一般傳統應用數學系，除了數學理論發展外，也著重於將數學知識應用於數據科學、AI人工智慧、財務數學、生物資訊與醫學統計。本系師生透過實作參與各項競賽，曾獲國際「TAAI 電腦對局競賽」金牌、銀牌與「金象盃大數據」競賽第一名等各項競賽殊榮，未來將致力於大數據分析、AI人工智慧、資訊統計與跨域整合量子計算等智慧運算。整個學制下設有數學與科學計算學程、統計與大數據學程及資訊與AI人工智慧學程，整合跨域學習與創新實作。
本系網址：https://mathwww.cycu.edu.tw/"
00817,中原大學,物理學系物理組,第二類學群,9,22,1,11,0,0,後標,0,0,後標,0,在校學業成績全校排名百分比,學測數學A級分,學測自然級分,學測英文級分,學測國文級分,數學學業成績總平均全校排名百分比,物理學業成績總平均全校排名百分比,1、在校學業成績全校排名百分比 2、學測數學A級分 3、學測自然級分 4、學測英文級分 5、學測國文級分 6、數學學業成績總平均全校排名百分比 7、物理學業成績總平均全校排名百分比,,,,,,,"本學系提供紮實完整的物理訓練，理論及實驗並重，開設多門量子、光電、半導體相關課程，並設有晶彩、佰鴻、尖端半導體材料合晶科技就業學程以及先進量子計算與資訊科學專精學程。身為中原大學創校學系之一，七十年來，中原物理系友遍及產官學界，累積了豐沛人脈，並提供優渥獎學金及就業實習機會。本系致力於培育具獨立思考及創造力之學術與科技專業人才，畢業後可往物理、光電、材料、電子、電機等相關領域發展。歡迎對物理有興趣的同學報考。
學系網址：https://phys.cycu.edu.tw/"
00818,中原大學,物理學系光電與材料科學組,第二類學群,11,22,1,11,0,0,後標,0,0,後標,0,在校學業成績全校排名百分比,學測自然級分,學測數學A級分,學測英文級分,學測國文級分,數學學業成績總平均全校排名百分比,物理學業成績總平均全校排名百分比,1、在校學業成績全校排名百分比 2、學測自然級分 3、學測數學A級分 4、學測英文級分 5、學測國文級分 6、數學學業成績總平均全校排名百分比 7、物理學業成績總平均全校排名百分比,,,,,,,"本學系近年重點發展量子運算與新穎半導體材料研究，除了相關課程外，並設有晶彩、佰鴻、尖端半導體材料合晶科技就業學程以及先進量子計算與資訊科學專精學程。身為中原大學創校學系之一，歷來教學、研究口碑均優 ，並獲得企業肯定提供優渥獎學金及就業實習機會。七十年來，系友遍及產官學界，多年來致力於培育具物理紮實基礎訓練，並具獨立思考及創造力之學術與科技專業人才，畢業後可往物理、光電、材料、電子、電機等相關領域發展。歡迎對光電、材料物理有興趣的同學報考。
學系網址：https://phys.cycu.edu.tw/"
00819,中原大學,化學系化學組,第二類學群,14,22,2,11,0,後標,後標,0,0,後標,0,在校學業成績全校排名百分比,學測自然級分,學測數學A級分,化學學業成績總平均全校排名百分比,數學學業成績總平均全校排名百分比,學測數學A、自然之級分總和,學測英文級分,1、在校學業成績全校排名百分比 2、學測自然級分 3、學測數學A級分 4、化學學業成績總平均全校排名百分比 5、數學學業成績總平均全校排名百分比 6、學測數學A、自然之級分總和 7、學測英文級分,,,,,,,本系成立於民國44年，於88年分為化學組與材料化學組。化學組教學以基礎化學為核心，重視動手實作的實驗課程，並提供跨領域學程（如奈米科技）之彈性選修，專題研究課程為必選修，以培養學生自學、實驗及解決問題之能力。本系設有多項獎助學金，以鼓勵課業與研究表現優秀者，並協助經濟弱勢學生。畢業生約六成續讀碩士班，就業範圍涵蓋半導體、生技製藥、石化及傳產等產業，眾多系友更擔任國內各大企業高階主管。(詳見系網頁https://chemistry.cycu.edu.tw/)
00820,中原大學,化學系材料化學組,第二類學群,14,22,2,11,0,後標,後標,0,0,後標,0,在校學業成績全校排名百分比,學測自然級分,學測英文級分,化學學業成績總平均全校排名百分比,英語文學業成績總平均全校排名百分比,學測英文、自然之級分總和,學測數學A級分,1、在校學業成績全校排名百分比 2、學測自然級分 3、學測英文級分 4、化學學業成績總平均全校排名百分比 5、英語文學業成績總平均全校排名百分比 6、學測英文、自然之級分總和 7、學測數學A級分,,,,,,,本系成立於民國44年，於88年分為化學組與材料化學組。材料化學組教學由基礎化學延伸至材料化學，涵蓋材料化學實驗課程，並提供修習奈米科技等跨領域學程之彈性，專題研究課程為必選修，以培養學生自學、實驗及解決問題能力。本系設有多項獎助學金，以鼓勵課業與研究表現優秀者，並協助經濟弱勢學生。畢業生約六成續讀碩士班，就業範圍涵蓋半導體、生技製藥、石化及傳產等產業，眾多系友更擔任國內各大企業高階主管。(詳見系網頁https://chemistry.cycu.edu.tw/)
00821,中原大學,化學工程學系綠能製程組,第二類學群,8,22,0,0,0,後標,0,0,0,後標,0,在校學業成績全校排名百分比,學測數學A級分,學測自然級分,學測英文級分,物理學業成績總平均全校排名百分比,數學學業成績總平均全校排名百分比,化學學業成績總平均全校排名百分比,1、在校學業成績全校排名百分比 2、學測數學A級分 3、學測自然級分 4、學測英文級分 5、物理學業成績總平均全校排名百分比 6、數學學業成績總平均全校排名百分比 7、化學學業成績總平均全校排名百分比,,,,,,,"本學系創系悠久，為全國首所通過IEET工程及科技教育認證之學系，在「U.S. News & World Report」和「ARWU」等世界大學排名評比中，在化工領域名列全國前1、2名，研究計劃獲政府高額經費補助，同時與產業鏈結緊密。本學系畢業生在學校可受到完整而堅實的教育訓練，在畢業後又有廣大系友的提攜，未來發展之前景無可限量，本系「綠能製程組」著重在化工製程的設計與改良，以及尖端能源的開發，培育具備鋰電池技術、生質能源以及碳捕捉與再利用等專業知識的人才。
學系網址：https://che.cycu.edu.tw"
00822,中原大學,化學工程學系生化工程組,第二類學群,8,22,0,0,0,後標,0,0,0,後標,0,在校學業成績全校排名百分比,學測數學A級分,學測自然級分,學測英文級分,物理學業成績總平均全校排名百分比,數學學業成績總平均全校排名百分比,化學學業成績總平均全校排名百分比,1、在校學業成績全校排名百分比 2、學測數學A級分 3、學測自然級分 4、學測英文級分 5、物理學業成績總平均全校排名百分比 6、數學學業成績總平均全校排名百分比 7、化學學業成績總平均全校排名百分比,,,,,,,"本學系創系悠久，為全國首所通過IEET工程及科技教育認證之學系，在「U.S. News & World Report」和「ARWU」等世界大學排名評比中，在化工領域名列全國前1、2名，研究計劃獲政府高額經費補助，同時與產業鏈結緊密。本學系畢業生在學校可受到完整而堅實的教育訓練，在畢業後又有廣大系友的提攜，未來發展之前景無可限量，本系「生化工程組」結合化工技術和生物醫學科技，培育生醫材料、食品與製藥工程、生物感測以及微生物工程等領域的人才。
學系網址：https://che.cycu.edu.tw"
00823,中原大學,化學工程學系材料工程組,第二類學群,8,22,0,0,0,後標,0,0,0,後標,0,在校學業成績全校排名百分比,學測數學A級分,學測自然級分,學測英文級分,物理學業成績總平均全校排名百分比,數學學業成績總平均全校排名百分比,化學學業成績總平均全校排名百分比,1、在校學業成績全校排名百分比 2、學測數學A級分 3、學測自然級分 4、學測英文級分 5、物理學業成績總平均全校排名百分比 6、數學學業成績總平均全校排名百分比 7、化學學業成績總平均全校排名百分比,,,,,,,"本學系創系悠久，為全國首所通過IEET工程及科技教育認證之學系，在「U.S. News & World Report」和「ARWU」等世界大學排名評比中，在化工領域名列全國前1、2名，研究計劃獲政府高額經費補助，同時與產業鏈結緊密。本學系畢業生在學校可受到完整而堅實的教育訓練，在畢業後又有廣大系友的提攜，未來發展之前景無可限量，本系「材料工程組」著重於各式材料的開發、製備與應用，培育光電半導體材料、奈米材料、高分子複合材料、能源材料等方面的人才。
學系網址：https://che.cycu.edu.tw"
00824,中原大學,土木工程學系,第二類學群,27,22,2,11,0,0,後標,0,0,0,0,在校學業成績全校排名百分比,學測國文、數學A之級分總和,學測數學A級分,學測自然級分,學測國文級分,數學學業成績總平均全校排名百分比,物理學業成績總平均全校排名百分比,1、在校學業成績全校排名百分比 2、學測國文、數學A之級分總和 3、學測數學A級分 4、學測自然級分 5、學測國文級分 6、數學學業成績總平均全校排名百分比 7、物理學業成績總平均全校排名百分比,,,,,,,本系自1955年成立以來，致力於培養兼具專業素養與實務能力的土木工程人才。大學部核心能力包括：1.具備土木工程專業知識；2.具備應用資訊科技，分析工程數據之能力；3.具備持續自學工程新知與技術的能力；4.具備清楚溝通表達、團隊合作、計劃管理的能力；5.具備土木專業倫理與環境保護、永續發展素養。歷年來，系友遍布國內外工程界，許多人通過國家考試，成為土木、結構、大地、水利、交通等技師，並活躍於工程顧問公司、營造廠、政府部門及國際組織，為重大建設與社會永續發展貢獻卓著。堅實的校友網絡，更是本系最有力的支持。詳細資訊請詳閱本系網頁https://ce.cycu.edu.tw
00825,中原大學,機械工程學系,第二類學群,27,22,0,0,0,0,0,0,0,後標,0,在校學業成績全校排名百分比,學測國文、英文、數學A、自然之級分總和,學測自然級分,學測國文級分,學測數學A級分,學測英文級分,物理學業成績總平均全校排名百分比,1、在校學業成績全校排名百分比 2、學測國文、英文、數學A、自然之級分總和 3、學測自然級分 4、學測國文級分 5、學測數學A級分 6、學測英文級分 7、物理學業成績總平均全校排名百分比,,,,,,,本學系設立於1964年，歷史悠久、學風鼎盛，師資陣容堅強、產研成果豐碩。教學強調理論與實務並重，開設基礎且重要的理論課程、多元且實用的實務課程；課程內容也因應產業與科技發展與時俱進，推動多元特色學程，規劃校外產業參訪及暑期產業實習，加強與產業鏈結，落實學用合一；並提供國際學程及全英語課程與世界接軌，本系為全國第一所通過「中華工程教育學會」(IEET)國際工程與科技教育認證之機械系，學歷與世界接軌且受各國認可。本系簡稱CYME，富創造力(Creative)、熱情活力(Young)、跨多領域(Multidisciplinary)、富實踐力(Effective)就是本系學生的特質。詳細資訊請詳閱本系網頁：https://me.cycu.edu.tw
00826,中原大學,生物醫學工程學系,第二類學群,20,22,1,11,0,0,後標,0,0,後標,0,在校學業成績全校排名百分比,學測自然級分,學測數學A級分,學測英文級分,學測國文、英文、數學A、自然之級分總和,數學學業成績總平均全校排名百分比,物理學業成績總平均全校排名百分比,1、在校學業成績全校排名百分比 2、學測自然級分 3、學測數學A級分 4、學測英文級分 5、學測國文、英文、數學A、自然之級分總和 6、數學學業成績總平均全校排名百分比 7、物理學業成績總平均全校排名百分比,,,,,,,"本系成立於1972年，為臺灣首創醫工系，也是全國第一所通過IEET國際認證工程科技教育之學系。目的為培育兼具工程及生物醫學跨領域知識與實作經驗之醫學工程師。課程著重課程設計及實驗訓練，並透過專題，促進學生自主學習與團隊整合，亦提供醫院與醫療器材產業實習機會，提早為就業準備。畢業生除在醫院擔任醫工師或醫療器材工程師外，也可在醫療器材產業擔任研發、維修工程師等。本系培養眾多優秀系友，如科林儀器公司(眼科)董事長、杏昌生技公司董事長、信強儀器公司總經理、飛利浦臺灣醫療事業群總經理，系友人數眾多近5,500位，成為就業與創業的堅強後盾！更多資訊請參考本系網址：https://be.cycu.edu.tw"
00827,中原大學,環境工程學系,第二類學群,9,22,0,0,0,後標,後標,後標,0,0,0,在校學業成績全校排名百分比,學測國文、英文、自然之級分總和,學測自然級分,學測國文級分,數學學業成績總平均全校排名百分比,化學學業成績總平均全校排名百分比,英語文學業成績總平均全校排名百分比,1、在校學業成績全校排名百分比 2、學測國文、英文、自然之級分總和 3、學測自然級分 4、學測國文級分 5、數學學業成績總平均全校排名百分比 6、化學學業成績總平均全校排名百分比 7、英語文學業成績總平均全校排名百分比,,,,,,,1.教育特色：本學系為全國前三名之環境工程學系，提供理論及實務兼具之訓練。2.課程規劃：契合聯合國永續發展、氣候治理、減碳與負碳科技及循環經濟等方向，強調綠色科技、智慧永續，使學生具備能跳脫傳統環工就業框架。3.獎助學金補助：本學系提供多項獎助學金，並提供低收入戶校友獎學金至少每學期每人三萬元。4.職涯出路：本學系畢業生約2/3可考取國內外研究所。畢業後就業選擇多元，如科技業工程師、環保專業（研究）人員、政府機關人員、教育訓練人員等；畢業即具備環工技師考試資格，求職二個月內就業率接近100%。5.本學系網頁：https://bee.cycu.edu.tw。
00828,中原大學,電機資訊學院學士班,第二類學群,8,22,0,0,0,後標,後標,0,0,0,0,在校學業成績全校排名百分比,學測國文、英文、數學A、自然之級分總和,學測數學A級分,學測自然級分,學測英文級分,數學學業成績總平均全校排名百分比,物理學業成績總平均全校排名百分比,1、在校學業成績全校排名百分比 2、學測國文、英文、數學A、自然之級分總和 3、學測數學A級分 4、學測自然級分 5、學測英文級分 6、數學學業成績總平均全校排名百分比 7、物理學業成績總平均全校排名百分比,,,,,,,"1.本學系課程結構針對電資學院之工業、電子、資工、電機四系專業發展領域規劃相關學程。學生可依自身興趣
跨系跨領域修習，既能適性發展又能充分發揮個人潛力。
2.本學系培育多元化專業人才，利於升學及職涯發展。
3.電機資訊學院學士班網址：https://bseecs.cycu.edu.tw/。"
00829,中原大學,工業與系統工程學系工程組,第二類學群,20,22,0,0,0,後標,0,0,0,0,0,在校學業成績全校排名百分比,學測國文、英文、數學A、自然之級分總和,學測數學A級分,學測國文級分,學測英文級分,學測自然級分,數學學業成績總平均全校排名百分比,1、在校學業成績全校排名百分比 2、學測國文、英文、數學A、自然之級分總和 3、學測數學A級分 4、學測國文級分 5、學測英文級分 6、學測自然級分 7、數學學業成績總平均全校排名百分比,,,,,,,"1.工業系工程組包含永續工程、人因工程、智慧製造工程、職業安全衛生工程、感性工程、半導體製程等。
2.本學系創系於53年，是全國第一所通過IEET工程教育認證並唯一隸屬電資學院之工業系，傑出系友已破萬名。
3.為跨接工程技術與經營管理領域的學系，學制完整，含學士、碩士、碩專、博士及國際碩士班。
4.中原工業與系統工程學系網址：https://ise.cycu.edu.tw。"
00830,中原大學,電子工程學系,第二類學群,25,22,4,11,0,後標,0,0,0,0,0,在校學業成績全校排名百分比,學測數學A級分,學測英文級分,英語文學業成績總平均全校排名百分比,學測自然級分,國語文學業成績總平均全校排名百分比,學測國文級分,1、在校學業成績全校排名百分比 2、學測數學A級分 3、學測英文級分 4、英語文學業成績總平均全校排名百分比 5、學測自然級分 6、國語文學業成績總平均全校排名百分比 7、學測國文級分,,,,,,,"本系成立屆滿60週年，是臺灣最早成立的電子系所之一。內容涵蓋電子產業最新趨勢，並符合工程科技教育認證規範。主要發展為：半導體、晶片設計、通訊系統與人工智慧四組。本系尤其重視學生實作及各項競賽培育，強調學理與實務並重，為全球光電元件、半導體、積體電路、生醫感測、通訊系統等科技領域，提供所需人才，系友遍佈海內外。本系提供多項系友獎助學金、實習機會、就業學程、海外交換及國際雙聯學位管道，創造就讀本系之學(職)涯最大及最多元的可能性。
電子工程學系網址：https://el.cycu.edu.tw"
00831,中原大學,資訊工程學系,第二類學群,25,22,2,11,0,後標,0,0,0,0,0,在校學業成績全校排名百分比,學測數學A級分,學測英文級分,學測國文、英文、數學A、自然之級分總和,數學學業成績總平均全校排名百分比,英語文學業成績總平均全校排名百分比,資訊科技學業成績總平均全校排名百分比,1、在校學業成績全校排名百分比 2、學測數學A級分 3、學測英文級分 4、學測國文、英文、數學A、自然之級分總和 5、數學學業成績總平均全校排名百分比 6、英語文學業成績總平均全校排名百分比 7、資訊科技學業成績總平均全校排名百分比,,,,,,,"本系設立宗旨，在於培育優秀資訊專業人才，著重學理與實作的整合。課程結構涵蓋資訊工程相關領域，由基本課程到各項資訊軟硬體必修課程。專業選修課程包含網路、軟體、硬體、多媒體、人工智慧、資訊安全等領域，使學生的學習與資訊科技發展同步。此外更提供「資通安全」、「系統晶片設計」、「物聯網」、「智慧運算」等四個跨領域學分學程。本系成立於70年，為全國最先完成IEET中華工程教育國際認證之資訊系所，系友遍佈國內外。提供獎助學金、企業實習、就業學程、國際交流計畫，並有五年完成學士及碩士之修業管道。
網址：https://iceweb.cycu.edu.tw。"
00832,中原大學,電機工程學系,第二類學群,18,22,1,11,0,0,後標,0,0,0,0,在校學業成績全校排名百分比,學測數學A級分,學測英文級分,學測自然級分,學測國文、英文、數學A、自然之級分總和,數學學業成績總平均全校排名百分比,物理學業成績總平均全校排名百分比,1、在校學業成績全校排名百分比 2、學測數學A級分 3、學測英文級分 4、學測自然級分 5、學測國文、英文、數學A、自然之級分總和 6、數學學業成績總平均全校排名百分比 7、物理學業成績總平均全校排名百分比,,,,,,,"本系培養理論與實務兼備的頂尖電機專才。教學與研究聚焦於電力能源、智慧控制、網路通訊及人工智慧等前瞻領域，緊扣全球產業脈動。為拓展學生的國際視野，與歐、美、日及東南亞多所知名大學緊密合作，每年提供眾多海外交換與實習的機會。本系更鏈結國內頂尖科技產業，提供豐富的實習機會，使畢業生不僅屢獲「企業最愛校系」殊榮，就業率更長年位居私立大學前茅，展現卓越的職場競爭力。
本系網址：https://eeweb.cycu.edu.tw"
00833,中原大學,電機資訊學院智慧運算與大數據學士班,第二類學群,11,22,0,0,0,0,後標,0,0,0,0,在校學業成績全校排名百分比,學測數學A級分,學測英文級分,學測自然級分,資訊科技學業成績總平均全校排名百分比,數學學業成績總平均全校排名百分比,物理學業成績總平均全校排名百分比,1、在校學業成績全校排名百分比 2、學測數學A級分 3、學測英文級分 4、學測自然級分 5、資訊科技學業成績總平均全校排名百分比 6、數學學業成績總平均全校排名百分比 7、物理學業成績總平均全校排名百分比,,,,,,,"本學系是國內率先結合智慧運算與量子計算的學系，具有高度的科技前瞻性。以培育跨域整合之智慧運算與大數據人才，除厚植人工智慧、大數據分析及量子計算專業技術的訓練，更兼顧系統整合之全方位能力培養，讓學生可以學習先進技能，並應用所學於解決實際問題。
智慧運算大數據學系網址：https://icbd.cycu.edu.tw/"
00834,中原大學,建築學系,第二類學群,5,22,1,11,0,後標,0,0,0,0,0,在校學業成績全校排名百分比,學測國文、英文、數學A之級分總和,學測英文級分,學測數學A級分,學測國文級分,英語文學業成績總平均全校排名百分比,數學學業成績總平均全校排名百分比,1、在校學業成績全校排名百分比 2、學測國文、英文、數學A之級分總和 3、學測英文級分 4、學測數學A級分 5、學測國文級分 6、英語文學業成績總平均全校排名百分比 7、數學學業成績總平均全校排名百分比,,,,,,,1.教育目標：創於1960年，為全國第1所五年制建築學系。教育目標是培育「兼具改革理想、創新思維、整合能力的國際化建築專業人才」。2.教育特色：結合專任教師與業界教師，提供理論與實務兼具的訓練。建築設計課採小班制分組教學，著重師生一對一的師徒制訓練。每年提供海外移地教學及赴國外大學交換生的機會。3.課程規劃：課程包括「建築設計」、「都市環境」、「科學技術」、「歷史理論」、「專業通識」等領域。4.榮譽：在校生與系友作品得獎無數，屢被媒體評選為國內建築名校。5.就業出路：建築師、室內設計師、結構技師、景觀設計師、建設公司、營造廠、土地開發、顧問公司、公務員、學術研究。6.學系網址：https://arch.cycu.edu.tw/
00835,中原大學,商業設計學系產品設計組乙類,第二類學群,2,22,0,0,0,0,0,0,0,後標,0,在校學業成績全校排名百分比,學測國文、英文、自然之級分總和,學測自然級分,物理學業成績總平均全校排名百分比,學測英文級分,學測國文級分,數學學業成績總平均全校排名百分比,1、在校學業成績全校排名百分比 2、學測國文、英文、自然之級分總和 3、學測自然級分 4、物理學業成績總平均全校排名百分比 5、學測英文級分 6、學測國文級分 7、數學學業成績總平均全校排名百分比,,,,,,,中原大學商業設計學系創立於1984年，復於2019年新增設產品設計組；產設組秉持中原大學「全人教育」治校理念，師法世界設計教育巨擘德國包浩斯（Bauhaus）百年創新職志，強調理論與實務並重，並以師徒制、做中學、兼備設計人格養成，信守堅持辦好設計教育的創設初衷。產設組四年學程涵括「學理與實務交互驗證的核心課程群組」、「人文美藝與當代設計思潮」、「創新思考與方法學理」、「工學技術與科技新知」、「數位技法與視覺傳達表現」等專業面向共同組成，強調啟發式教學、完善同學適才、適性、適所、以人為本的創作天賦發揮空間。學系網址：https://cycd.cycu.edu.tw
00836,中原大學,地景建築學系,第二類學群,5,22,0,0,後標,0,後標,後標,0,0,0,在校學業成績全校排名百分比,學測國文、自然之級分總和,學測國文級分,學測自然級分,國語文學業成績總平均全校排名百分比,數學學業成績總平均全校排名百分比,學測英文級分,1、在校學業成績全校排名百分比 2、學測國文、自然之級分總和 3、學測國文級分 4、學測自然級分 5、國語文學業成績總平均全校排名百分比 6、數學學業成績總平均全校排名百分比 7、學測英文級分,,,,,,,"1.本系著重本土及全球社會與自然環境的關懷，目的在培養具備：都市設計與永續環境、社區營造與民眾參與、文化地景、地方創生、人本城市、植栽設計、地景生態、構築實作等知能的地景建築(Landscape Architecture)專業人才。強調在地實作與全球視野，包含環境體驗及全球研習等實作課程。詳細說明請參閱本學系網站：
https://cycula.cycu.edu.tw/。
2.原學系名稱「景觀學系」，110學年度起更名為「地景建築學系」。"
00837,中原大學,半導體產業學士學位學程,第二類學群,6,22,0,0,0,後標,0,0,0,0,0,在校學業成績全校排名百分比,學測數學A級分,學測英文級分,英語文學業成績總平均全校排名百分比,學測自然級分,國語文學業成績總平均全校排名百分比,學測國文級分,1、在校學業成績全校排名百分比 2、學測數學A級分 3、學測英文級分 4、英語文學業成績總平均全校排名百分比 5、學測自然級分 6、國語文學業成績總平均全校排名百分比 7、學測國文級分,,,,,,,"全新成立的半導體學院學士班，專為培養下一世代半導體人才而設。課程內容緊扣產業脈動，涵蓋半導體製程、晶片設計領域，並符合工程科技教育認證規範，確保與國際接軌。本學院開拓最廣的學習與職涯可能，未來畢業生將在半導體、光電、積體電路等前瞻領域發揮所長。
半導體學士學位學程網址：https://deptweb.cycu.edu.tw/bpse"
00838,中原大學,心理學系,第三類學群,26,2,2,2,0,後標,後標,0,0,0,0,在校學業成績全校排名百分比,學測數學A級分,學測英文級分,學測自然級分,學測國文級分,學測國文、英文、數學A、自然之級分總和,數學學業成績總平均全校排名百分比,1、在校學業成績全校排名百分比 2、學測數學A級分 3、學測英文級分 4、學測自然級分 5、學測國文級分 6、學測國文、英文、數學A、自然之級分總和 7、數學學業成績總平均全校排名百分比,,,,,,,本系為培養具有心理學知識、人文素養、人格健全之人才，課程設計以理論與實務並重，兼顧研究與應用的訓練，規劃六大學習領域：心理計量心理學、實驗及認知心理學、發展心理學、社會與人格心理學、工商心理學、臨床與諮商輔導。同時，為強化升學與就業知能，與中央大學認知所合作設立認知神經科學跨領域學程、與財法系合作設立法律與心理跨領域學程、與PSA和心路兩個基金會合作設立PSA就業學程。並與本校師培中心合作，藉由輔導類科教程，培養擔任國、高中輔導教師之能力。歡迎對人類心理、思考、性格、行為有興趣的同學加入我們。系網址：https://psy.cycu.edu.tw/
00839,中原大學,生物科技學系,第三類學群,18,2,1,2,0,後標,0,0,0,後標,0,在校學業成績全校排名百分比,學測國文、英文、自然之級分總和,學測自然級分,學測英文級分,生物學業成績總平均全校排名百分比,英語文學業成績總平均全校排名百分比,化學學業成績總平均全校排名百分比,1、在校學業成績全校排名百分比 2、學測國文、英文、自然之級分總和 3、學測自然級分 4、學測英文級分 5、生物學業成績總平均全校排名百分比 6、英語文學業成績總平均全校排名百分比 7、化學學業成績總平均全校排名百分比,,,,,,,"1.本系旨在培育精準創新健康永續的生技人才，強化生物資訊、精準醫療分子檢測與生技智財法規等專業領域之發展，並促進生技保健食品產業市場行銷及其商業模式與產業佈局的能力。2.課程規劃分為生醫科技與保健科技二大方向。3.設有生醫研發學程、生技產業實務學程、智慧生醫學程、生技保健食品跨領域學分學程及葡萄王就業學程，提供多樣性課程。4.注重實務學習，提供葡萄王生技、中研院、台美檢驗、生展生技、永昕生物醫藥、高端疫苗、佳格食品及勝昌製藥廠等公司實習。
學系網址：https://bioscience.cycu.edu.tw"
00840,中原大學,商業設計學系商業設計組甲類,第五類學群,2,2,0,0,0,後標,0,0,0,0,0,在校學業成績全校排名百分比,術科考試素描分數,學測國文級分,學測英文級分,學測社會級分,術科考試創意表現分數,美術學業成績總平均全校排名百分比,1、在校學業成績全校排名百分比 2、術科考試素描分數 3、學測國文級分 4、學測英文級分 5、學測社會級分 6、術科考試創意表現分數 7、美術學業成績總平均全校排名百分比,素描:後標；彩繪技法:--；創意表現:--；水墨書畫:--；美術鑑賞:--,,,,,,"本學系創立於1984年，為第一所於大學成立的商業設計學系。本學系致力於「設計、商業、工業、人文、科技」之整合，落實跨領域、國際化之實務教學。商業設計組培養學生兼具設計創作、策略思考、團隊合作、與行銷企劃之能力。培育一流之品牌視覺設計、編輯設計、廣告設計、包裝設計、插畫、文創設計、UI/UX設計、攝影、影片製作、展示設計、和專案管理等人才。
學系網址：https://cycd.cycu.edu.tw"
00841,中原大學,商業設計學系產品設計組甲類,第五類學群,2,2,0,0,0,0,0,0,0,0,0,在校學業成績全校排名百分比,術科考試創意表現分數,術科考試彩繪技法分數,美術學業成績總平均全校排名百分比,學測國文、英文之級分總和,學測英文級分,數學學業成績總平均全校排名百分比,1、在校學業成績全校排名百分比 2、術科考試創意表現分數 3、術科考試彩繪技法分數 4、美術學業成績總平均全校排名百分比 5、學測國文、英文之級分總和 6、學測英文級分 7、數學學業成績總平均全校排名百分比,素描:--；彩繪技法:--；創意表現:後標；水墨書畫:--；美術鑑賞:--,,,,,,中原大學商業設計學系創立於1984年，復於2019年新增設產品設計組；產設組秉持中原大學「全人教育」治校理念，師法世界設計教育巨擘德國包浩斯（Bauhaus）百年創新職志，強調理論與實務並重，並以師徒制、做中學、兼備設計人格養成，信守堅持辦好設計教育的創設初衷。產設組四年學程涵括「學理與實務交互驗證的核心課程群組」、「人文美藝與當代設計思潮」、「創新思考與方法學理」、「工學技術與科技新知」、「數位技法與視覺傳達表現」等專業面向共同組成，強調啟發式教學、完善同學適才、適性、適所、以人為本的創作天賦發揮空間。學系網址：https://cycd.cycu.edu.tw
00901,東海大學,中國文學系,第一類學群,13,21,2,15,後標,0,0,0,0,0,0,在校學業成績全校排名百分比,學測國文級分,國語文學業成績總平均全校排名百分比,歷史學業成績總平均全校排名百分比,公民與社會學業成績總平均全校排名百分比,地理學業成績總平均全校排名百分比,英語文學業成績總平均全校排名百分比,1、在校學業成績全校排名百分比 2、學測國文級分 3、國語文學業成績總平均全校排名百分比 4、歷史學業成績總平均全校排名百分比 5、公民與社會學業成績總平均全校排名百分比 6、地理學業成績總平均全校排名百分比 7、英語文學業成績總平均全校排名百分比,,,,,,,1.東海中文以厚植學生人文底蘊，建立文學專業能力，栽培學術研究、藝術創作、文化產業、新聞傳播、國語文教學及華語文師資等各方面人才為教育目標。2.本系古典文學與現代文學並重，並開設多種文學創作與應用課程，培養學生將文學應用於當代的實踐能力。同時提供跨域、實作與實習課程，整合專業知識與實踐能力，令學生得以在大學求學過程裡同時能探索未來的志業與方向，儲備所需專業知識與技能。3.提供雙主修、輔系、碩士班先修課程、跨校修習課程與海外交換生計畫，並協助生涯與職涯的規劃，輔導學生在大學階段拓展學習向度，建立長期人生目標。
00902,東海大學,外國語文學系,第一類學群,10,21,1,15,0,後標,0,0,0,0,0,在校學業成績全校排名百分比,學測英文級分,英語文學業成績總平均全校排名百分比,學測國文級分,國語文學業成績總平均全校排名百分比,學測社會級分,歷史學業成績總平均全校排名百分比,1、在校學業成績全校排名百分比 2、學測英文級分 3、英語文學業成績總平均全校排名百分比 4、學測國文級分 5、國語文學業成績總平均全校排名百分比 6、學測社會級分 7、歷史學業成績總平均全校排名百分比,,,,,,,"1.語言課程一貫以小班教學 2.系內課程均為全英語授課 3.英語能力以聽、說、讀、寫、譯五技並重
4.專任教師九成以上為歐美博士，外師比例高 5.設有歐洲語言、亞洲語言、口筆譯等學分學程
6.輔導規劃雙主修或輔系課程以提升就業力 7.多種就業相關之微學分課程增廣視野
8.國內外實習與交換、補助赴劍橋大學暑期研習 9.提供多項優厚獎助學金歡迎申請
10.碩士先修課程直攻碩士學位"
00903,東海大學,歷史學系,第一類學群,7,21,0,0,0,0,0,0,均標,0,0,在校學業成績全校排名百分比,歷史學業成績總平均全校排名百分比,學測社會級分,地理學業成績總平均全校排名百分比,公民與社會學業成績總平均全校排名百分比,學測國文級分,學測英文級分,1、在校學業成績全校排名百分比 2、歷史學業成績總平均全校排名百分比 3、學測社會級分 4、地理學業成績總平均全校排名百分比 5、公民與社會學業成績總平均全校排名百分比 6、學測國文級分 7、學測英文級分,,,,,,,"一、本系課程設計多元，強調歷史學與其他學科之科際整合，發展數位人文及史學應用相關領域。
二、提供碩士班先修課程、跨校修習課程與國外大學交換生計畫，輔導學生雙主修獲取雙學位。
三、本系教育目標旨在：1.培育學生歷史思考與意識。2.培育歷史教育人才。3.培育史學專業研究人才。
四、本系聯絡電話04-23590121轉31300，本系網址http://history.thu.edu.tw"
00904,東海大學,日本語言文化學系,第一類學群,13,21,1,15,0,後標,0,0,0,0,0,在校學業成績全校排名百分比,學測英文級分,學測國文級分,學測國文、英文之級分總和,英語文學業成績總平均全校排名百分比,國語文學業成績總平均全校排名百分比,歷史學業成績總平均全校排名百分比,1、在校學業成績全校排名百分比 2、學測英文級分 3、學測國文級分 4、學測國文、英文之級分總和 5、英語文學業成績總平均全校排名百分比 6、國語文學業成績總平均全校排名百分比 7、歷史學業成績總平均全校排名百分比,,,,,,,"1. 本系日籍教師比例全國最高(57%)，並有多元且豐富的國際交流。除了遍及北海道至沖繩之44所日本姊妹校的交換留學機會之外，亦常在課程內、外與日本大學師生進行跨台灣・日本兩地的學習，以「社區議題導向」、「協力共事」等模式進行實體場域的國際交流。
2. 導入自律學習體制。從語言學習至多元文化之交流實踐皆注重培育學生終身自主學習的觀念與習慣。
3. 本系網址：http://japan.thu.edu.tw，聯絡電話：04-23590121#31702"
00905,東海大學,哲學系,第一類學群,4,21,1,15,後標,0,0,0,0,0,0,在校學業成績全校排名百分比,學測國文級分,英語文學業成績總平均全校排名百分比,國語文學業成績總平均全校排名百分比,學測英文級分,學測社會級分,數學學業成績總平均全校排名百分比,1、在校學業成績全校排名百分比 2、學測國文級分 3、英語文學業成績總平均全校排名百分比 4、國語文學業成績總平均全校排名百分比 5、學測英文級分 6、學測社會級分 7、數學學業成績總平均全校排名百分比,,,,,,,1.本系在哲學專業學習上，強調中、西哲學並重，並著重對「人」的教育，使學生在知、情、意三方面皆有所培養，成為對自我人生意義及價值有反省能力的人。2.本系強調哲學理論與現實生活的結合。透過模組課程與其Capstone課程的設計，以及哲學實踐相關課程的開設，為學生未來職涯發展做準備。本系鼓勵跨域學習，在課程設計上有利於本系學生修讀輔系或雙主修；設有碩士班先修課程，提供獎學金，鼓勵成績優異同學繼續在本系深造。3.本系設有專業圖書室，中西文圖書藏書豐富，有助學生學習。為拓展學生的國際觀，提供有國際交換學習的機會。定期舉辦學術研討會或工作坊，邀請國內外學者來系訪問或講學，提供多元且國際化的學習機會。
00906,東海大學,工業工程與經營資訊學系(智慧經營與管理A組),第一類學群,4,21,1,15,0,後標,0,0,0,0,0,在校學業成績全校排名百分比,學測英文級分,英語文學業成績總平均全校排名百分比,學測國文級分,國語文學業成績總平均全校排名百分比,學測數學B級分,數學學業成績總平均全校排名百分比,1、在校學業成績全校排名百分比 2、學測英文級分 3、英語文學業成績總平均全校排名百分比 4、學測國文級分 5、國語文學業成績總平均全校排名百分比 6、學測數學B級分 7、數學學業成績總平均全校排名百分比,,,,,,,"一、本系建立國際學習環境，經由短期國際交換、國際產學合作企業實習、國際雙聯學制等機制，開展學生國際觀。
二、智慧經營與管理組以工業工程知識為基礎，培育高科技與服務產業所需之分析與決策的管理與資訊跨界人才。
三、本系提供碩士班先修課程。
四、本系網址：www.ie.thu.edu.tw聯絡電話：(04)23594319轉113"
00907,東海大學,企業管理學系,第一類學群,27,21,3,15,後標,0,0,0,0,0,0,在校學業成績全校排名百分比,國語文學業成績總平均全校排名百分比,公民與社會學業成績總平均全校排名百分比,數學學業成績總平均全校排名百分比,學測國文級分,學測英文級分,學測國文、英文之級分總和,1、在校學業成績全校排名百分比 2、國語文學業成績總平均全校排名百分比 3、公民與社會學業成績總平均全校排名百分比 4、數學學業成績總平均全校排名百分比 5、學測國文級分 6、學測英文級分 7、學測國文、英文之級分總和,,,,,,,"1.本系規劃有專業課程模組(行銷與數位經營、服務創新與創業),培養未來世代所需之T型跨域領導人才。
2.掌握產業實務與前瞻趨勢,與國內外知名企業合作開設產業特色學程(新經濟、雲技術、行銷科技、永續ESG)。
3.最具國際觀的課程規劃,可申請國際菁英組及多所海外名校雙聯學程,並專享全英核心課程與豐富學習資源。
4.超過一萬名優秀系友,系友會活動力強凝聚力高,可提供產業實習機會並優先錄用,奠定職場人脈基礎。
5.提供本系專屬及多元體驗之高額獎助學金,包括清寒、學業、競賽、海外交流、企業實習等類別。"
00908,東海大學,國際經營與貿易學系,第一類學群,18,21,0,0,0,後標,0,0,0,0,0,在校學業成績全校排名百分比,學測英文級分,學測國文級分,學測國文、英文、數學B之級分總和,英語文學業成績總平均全校排名百分比,國語文學業成績總平均全校排名百分比,數學學業成績總平均全校排名百分比,1、在校學業成績全校排名百分比 2、學測英文級分 3、學測國文級分 4、學測國文、英文、數學B之級分總和 5、英語文學業成績總平均全校排名百分比 6、國語文學業成績總平均全校排名百分比 7、數學學業成績總平均全校排名百分比,,,,,,,1. 「國際移動力」：聘有專任外籍教授，以課程、活動、輔導等多元方式強化學生的外語溝通能力，並鼓勵學生參與國際交換生計畫及海外實習計畫。2. 「跨域整合力」：以「國際貿易與金融」及「國際經營與行銷」領域作為課程設計主軸，培養與永續發展、人工智慧等全球趨勢同步的專業學識及跨領域整合能力。3.  「關鍵就業力」：提供完整實習輔導機制，並提升學生的資訊應用力、溝通表達力及職場英文力，無縫接軌就業職場。4.  「豐富學習資源」：提供本系學生專屬獎學金，完整涵蓋學業優秀、清寒、海外交換、海外實習、證照考試、英語檢定等多項獎助學金。並可申請管院國際菁英組，專享全英核心專業課程、推薦選讀海外名校雙聯學位。
00909,東海大學,會計學系,第一類學群,17,21,0,0,0,後標,0,0,0,0,0,在校學業成績全校排名百分比,學測英文級分,學測國文級分,學測數學B級分,公民與社會學業成績總平均全校排名百分比,英語文學業成績總平均全校排名百分比,國語文學業成績總平均全校排名百分比,1、在校學業成績全校排名百分比 2、學測英文級分 3、學測國文級分 4、學測數學B級分 5、公民與社會學業成績總平均全校排名百分比 6、英語文學業成績總平均全校排名百分比 7、國語文學業成績總平均全校排名百分比,,,,,,,"本系延攬國內外知名學者加入本系師資，擴展同學國際視野。除了傳統會計領域課程，我們亦開設資訊、鑑識
及永續相關課程，以打造跨領域的會計專業人才。本系特色課程包括：會計程式設計、鑑識會計、企業永續發
展研討。
本系特色：1.提供國內外知名企業實習(含國際型會計師務所)；2.提供碩士班先修課程升研究所機會；3.全校會
計學會考及完整線上及實體課業輔導；4.鼓勵大三、大四同學修習碩士班課程；5.可申請國際菁英組，享受全
英核心專業課程並推薦選讀全球雙聯學位(https://ithu.tw/9gc)。"
00910,東海大學,財務金融學系,第一類學群,19,21,1,15,0,後標,0,0,0,0,0,在校學業成績全校排名百分比,學測英文級分,學測數學B級分,學測國文級分,學測國文、英文之級分總和,英語文學業成績總平均全校排名百分比,數學學業成績總平均全校排名百分比,1、在校學業成績全校排名百分比 2、學測英文級分 3、學測數學B級分 4、學測國文級分 5、學測國文、英文之級分總和 6、英語文學業成績總平均全校排名百分比 7、數學學業成績總平均全校排名百分比,,,,,,,"1. 雙語化專業教學：結合財金國際專業學程，部分必修課程全英語授課。2. 國際化人才培育：加入管理學院國際菁英組，強化金融專業英語溝通能力，並可選擇攻讀全球頂尖商管學院雙聯學位。3. 全球名校與台灣頂大博士級教學團隊。4. 整合理論與實務趨勢的未來大學課程。5. 國內外知名金融機構及企業職場實習。6. 全球金融數據資料庫與資訊分析系統。詳細資訊請參閱本系網頁http://fin.thu.edu.tw/或電洽
財金系04-23590121#35800。"
00911,東海大學,統計學系(決策管理組),第一類學群,10,21,1,15,0,0,0,後標,0,0,0,在校學業成績全校排名百分比,學測數學B級分,數學學業成績總平均全校排名百分比,學測國文級分,國語文學業成績總平均全校排名百分比,學測英文級分,英語文學業成績總平均全校排名百分比,1、在校學業成績全校排名百分比 2、學測數學B級分 3、數學學業成績總平均全校排名百分比 4、學測國文級分 5、國語文學業成績總平均全校排名百分比 6、學測英文級分 7、英語文學業成績總平均全校排名百分比,,,,,,,本系必選修課程之規劃與學生未來發展方向可分為：1.統計理論：以繼續深造、從事研究工作為目標。2.管理科學統計：偏向工商管理包括精算師之培育。3.工業統計：培養品管、研發人才。4.生物統計：包括臨床試驗、生物科技和公共衛生的應用。5.大數據統計:培養資料採礦與程式上應用，朝向資料科學人才之培養。學生可選擇其中的一種或數種方向，配合相關科系課程，依個人興趣和能力發展。可申請管院國際菁英組https://ithu.tw/9gc，專享全英核心專業課程、推薦選讀全球雙聯學位。統計系聯絡電話:04-23590206。統計系網址:stat.thu.edu.tw
00912,東海大學,資訊管理學系,第一類學群,10,21,1,15,0,0,後標,後標,0,0,0,在校學業成績全校排名百分比,學測英文級分,學測國文級分,學測國文、英文之級分總和,數學學業成績總平均全校排名百分比,英語文學業成績總平均全校排名百分比,資訊科技學業成績總平均全校排名百分比,1、在校學業成績全校排名百分比 2、學測英文級分 3、學測國文級分 4、學測國文、英文之級分總和 5、數學學業成績總平均全校排名百分比 6、英語文學業成績總平均全校排名百分比 7、資訊科技學業成績總平均全校排名百分比,,,,,,,1、本系以「大數據與人工智慧應用」及「數位行銷與電子商務應用」為發展主軸，前者提供人工智慧、雲端計算、資料探勘、大數據、物聯網、生成式AI應用等最新資訊技術應用課程，後者發展企業智慧、社群行銷與行動商務，輔以大數據、公開資料等應用分析，培育新世代資訊管理應用的高階人才。課程採『做中學』的教學方式，需具相當之視覺、聽覺、口語表達基本能力。2、本系提供獎助學金、國際交流、企業實習及碩士班先修機會。3、可申請本校管理學院國際菁英組，有機會取得美、歐及澳洲雙聯學位或至姊妹校交換。4、本系聯絡電話04-23504886，網址https://im.thu.edu.tw/。
00913,東海大學,經濟學系,第一類學群,21,21,0,0,0,0,0,後標,0,0,0,在校學業成績全校排名百分比,學測英文級分,學測國文級分,數學學業成績總平均全校排名百分比,英語文學業成績總平均全校排名百分比,國語文學業成績總平均全校排名百分比,公民與社會學業成績總平均全校排名百分比,1、在校學業成績全校排名百分比 2、學測英文級分 3、學測國文級分 4、數學學業成績總平均全校排名百分比 5、英語文學業成績總平均全校排名百分比 6、國語文學業成績總平均全校排名百分比 7、公民與社會學業成績總平均全校排名百分比,,,,,,,"經濟學系課程主要是以理論訓練、實務應用與業界接軌之特色課程為主軸，搭配資料科學家人才培育的學分學程-大數據與經濟學分學程、以培養全人通才作為系所發展的特色，課程設計聚焦於金融實務領域以及產業分析領域。
經濟學系網址：https://economic.thu.edu.tw/聯絡電話：04-23590255"
00914,東海大學,政治學系,第一類學群,18,21,4,15,0,後標,0,0,0,0,0,在校學業成績全校排名百分比,學測英文級分,學測社會級分,數學學業成績總平均全校排名百分比,英語文學業成績總平均全校排名百分比,公民與社會學業成績總平均全校排名百分比,學測國文、英文、社會之級分總和,1、在校學業成績全校排名百分比 2、學測英文級分 3、學測社會級分 4、數學學業成績總平均全校排名百分比 5、英語文學業成績總平均全校排名百分比 6、公民與社會學業成績總平均全校排名百分比 7、學測國文、英文、社會之級分總和,,,,,,,"本系歡迎對公職、政府相關機構及國際事務研究有興趣，並關懷公眾事務或全球議題的同學報考。
未來發展方向有：教育人員、政治事務、外交官與其他公職、傳播媒體、議會助理、政治公關、非營利組織、出版從業人員與民間企業、數據分析師等。本系聯絡電話：04-23590121#36200，網址：http://politics.thu.edu.tw"
00915,東海大學,行政管理暨政策學系,第一類學群,15,21,4,15,0,0,0,0,均標,0,0,在校學業成績全校排名百分比,學測社會級分,學測國文級分,學測國文、社會之級分總和,公民與社會學業成績總平均全校排名百分比,國語文學業成績總平均全校排名百分比,歷史學業成績總平均全校排名百分比,1、在校學業成績全校排名百分比 2、學測社會級分 3、學測國文級分 4、學測國文、社會之級分總和 5、公民與社會學業成績總平均全校排名百分比 6、國語文學業成績總平均全校排名百分比 7、歷史學業成績總平均全校排名百分比,,,,,,,本系為培養公務員之重點學系，系友遍及中央政府、縣市政府及國營事業，展現卓越表現。因應政府與民間合作趨勢，本系規劃三大學群：專業文官育成、行政管理創新、非營利組織，協助學生在公共治理、政策分析與組織管理等領域養成專業與競爭力。另提供碩士班先修課程與多元獎學金，支持學生持續深造發展。本系兼顧理論與實務，除課程規劃外，亦重視實習與社會參與，期許學生未來無論投入公部門、企業或非營利組織，都能展現專業素養與社會責任。更多資訊請參閱本系官網或電洽丁助教04-23590121轉36702，亦可於Instagram搜尋thupmp洽詢。
00916,東海大學,社會學系,第一類學群,13,21,4,15,0,0,0,0,底標,0,0,在校學業成績全校排名百分比,學測社會級分,公民與社會學業成績總平均全校排名百分比,學測國文級分,國語文學業成績總平均全校排名百分比,學測英文級分,英語文學業成績總平均全校排名百分比,1、在校學業成績全校排名百分比 2、學測社會級分 3、公民與社會學業成績總平均全校排名百分比 4、學測國文級分 5、國語文學業成績總平均全校排名百分比 6、學測英文級分 7、英語文學業成績總平均全校排名百分比,,,,,,,本系讓學習成為知識探險、實作體驗。匯集美、英、德、法、台的名校師資，透過親切與活潑的課堂氛圍，訓練社會觀察力、理論與思想洞察力、質性與數據分析力、跨域整合力。從「文藝、展示與社會」、「永續社會與不平等」、「西歐社會理論與思想」到「中台灣社會調查」等特色課群，搭配近15項的豐厚獎學金，茁壯學生。本系積極鼓勵同學投入雙主修、國際交換、國科會大專生研究計畫、各界實習、社會調查師，累積跨域能量與國際視野。以超過5000位系友為典範與後盾，本系畢業生在組織管理、企劃行銷、人力資源、文化藝文、市場調查、教育行政、公共事務與社會服務有亮眼的表現。聯絡電話：04-23590121轉36302。其他資訊https://soc.thu.edu.tw
00917,東海大學,社會工作學系,第一類學群,13,21,1,15,0,0,0,0,後標,0,0,在校學業成績全校排名百分比,學測國文級分,學測社會級分,學測英文級分,學測國文、英文、社會之級分總和,國語文學業成績總平均全校排名百分比,英語文學業成績總平均全校排名百分比,1、在校學業成績全校排名百分比 2、學測國文級分 3、學測社會級分 4、學測英文級分 5、學測國文、英文、社會之級分總和 6、國語文學業成績總平均全校排名百分比 7、英語文學業成績總平均全校排名百分比,,,,,,,"本系的教育目標為培育關懷人群、運用社會工作知識與技巧來實踐社會正義的人才，希望學生能具備瞭解人、社會環境、福利制度與政策的能力，並能夠具有專業精神及行動能力。
師生互動頻繁、強調實務經驗、積極輔導社工專業證照考試、累積近50年5000名系友，就業市場更顯優勢。此外，積極參與各項社會服務。歡迎有志青年加入本系行列。相關規定請參閱本系網頁(http://sociwork.thu.edu.tw) 。"
00918,東海大學,餐旅管理學系,第一類學群,7,21,0,0,0,後標,0,0,0,0,0,在校學業成績全校排名百分比,學測英文級分,學測社會級分,學測國文級分,英語文學業成績總平均全校排名百分比,公民與社會學業成績總平均全校排名百分比,國語文學業成績總平均全校排名百分比,1、在校學業成績全校排名百分比 2、學測英文級分 3、學測社會級分 4、學測國文級分 5、英語文學業成績總平均全校排名百分比 6、公民與社會學業成績總平均全校排名百分比 7、國語文學業成績總平均全校排名百分比,,,,,,,本系以培養餐旅管理專業人才為目標，有理論與實務經驗兼具的教學團隊，並有設備完整的教學空間(實習廚房、廚藝教室、飲務教室、旅館專業教室、學生討論室)供學生學習。在現代感的專業設施中，深度就業導向式的學習下，東海餐旅系將為積極具親和力的你準備好將來進入餐旅產業所需的核心能力。
00919,東海大學,工業設計學系(B組),第一類學群,2,21,1,15,0,均標,0,0,0,0,0,在校學業成績全校排名百分比,學測國文級分,學測英文級分,學測社會級分,國語文學業成績總平均全校排名百分比,英語文學業成績總平均全校排名百分比,公民與社會學業成績總平均全校排名百分比,1、在校學業成績全校排名百分比 2、學測國文級分 3、學測英文級分 4、學測社會級分 5、國語文學業成績總平均全校排名百分比 6、英語文學業成績總平均全校排名百分比 7、公民與社會學業成績總平均全校排名百分比,,,,,,,1.本系採小班制一對一教學，專業師資與業師共授。2.本系是獨立系館擁有數值化、傳統加工工廠，能深化產品製造知能與開發相關實務設計。具有全方位電腦元宇宙軟硬體輔助設計，包括2D設計、3D設計、3D模型實務、元宇宙虚擬設計。3.教師具備設計實務、研究能力與跨域產學合作能力，在實務研究課程中協助學生思考廣度與深度，與業師共同開課，帶領學生新材料、新科技、多元視野、跨領域整合產品創新設計思維與設計研究能力。4.重視國際交流，與日本、義大利海外交換學生及實習，創造實務與國際視野，製造產業與工廠資源提供的企業實習、跨域工作營、菁英培訓工作坊及產學合作設計實務融合。5.本系網址：http://id.thu.edu.tw/
00920,東海大學,法律學系,第一類學群,19,21,6,15,均標,均標,後標,後標,0,0,0,在校學業成績全校排名百分比,學測國文級分,學測英文級分,學測國文、英文之級分總和,國語文學業成績總平均全校排名百分比,英語文學業成績總平均全校排名百分比,數學學業成績總平均全校排名百分比,1、在校學業成績全校排名百分比 2、學測國文級分 3、學測英文級分 4、學測國文、英文之級分總和 5、國語文學業成績總平均全校排名百分比 6、英語文學業成績總平均全校排名百分比 7、數學學業成績總平均全校排名百分比,,,,,,,"本系以培育具法律專業智能、獨立思辨、人文社會關懷、科技整合能力及具奉獻利他精神之法律人才為宗旨。
本系連絡電話：04-23590229，本系網址：http://law.thu.edu.tw/"
00921,東海大學,國際學院國際經營管理學位學程,第一類學群,7,21,0,0,0,後標,0,0,0,0,0,在校學業成績全校排名百分比,學測英文級分,英語文學業成績總平均全校排名百分比,數學學業成績總平均全校排名百分比,學測國文、英文、社會之級分總和,學測國文級分,國語文學業成績總平均全校排名百分比,1、在校學業成績全校排名百分比 2、學測英文級分 3、英語文學業成績總平均全校排名百分比 4、數學學業成績總平均全校排名百分比 5、學測國文、英文、社會之級分總和 6、學測國文級分 7、國語文學業成績總平均全校排名百分比,,,,,,,"1.本學程全英語授課，提供獨立全英語通識博雅教育課程自我探索。
2.台灣唯一美國mentor學習輔導機制，全英語環境全天學習。
3.海外交換學生、英美澳雙聯學位及國內外實習，提供學生大學修業中自由規劃出國研修。
4.採用歐美Gap year概念，規劃學程內課程安排，學生學習時間更加彈性，雙主修或輔修之規劃。
5.招收對國際視野及斜桿青年國際商業管理有高度興趣的學生。
6.聯絡電話：04-23590121轉39100，網址：https://iba.thu.edu.tw"
00922,東海大學,應用物理學系,第二類學群,11,15,1,14,0,0,底標,0,0,0,0,在校學業成績全校排名百分比,學測數學A級分,學測英文級分,學測自然級分,數學學業成績總平均全校排名百分比,物理學業成績總平均全校排名百分比,英語文學業成績總平均全校排名百分比,1、在校學業成績全校排名百分比 2、學測數學A級分 3、學測英文級分 4、學測自然級分 5、數學學業成績總平均全校排名百分比 6、物理學業成績總平均全校排名百分比 7、英語文學業成績總平均全校排名百分比,,,,,,,"(1)專業課程著重在半導體、光電科技及人工智慧，並輔導至企業實習，無縫接軌高科技產業。
(2)提供高額獎學金，就學負擔低於國立大學。
(3)提供高額獎助，前往國內外學術機構實習/交換。
(4)小班課輔制，提升學習力。只要肯學，就可學好。
(5)進階從事專題研究，助力推甄上國立大學研究所。"
00923,東海大學,化學系化學組,第二類學群,11,15,1,14,0,0,0,0,0,後標,0,在校學業成績全校排名百分比,學測自然級分,化學學業成績總平均全校排名百分比,學測英文級分,英語文學業成績總平均全校排名百分比,數學學業成績總平均全校排名百分比,物理學業成績總平均全校排名百分比,1、在校學業成績全校排名百分比 2、學測自然級分 3、化學學業成績總平均全校排名百分比 4、學測英文級分 5、英語文學業成績總平均全校排名百分比 6、數學學業成績總平均全校排名百分比 7、物理學業成績總平均全校排名百分比,,,,,,,"1.本系課程含實驗操作，基於考量危險性與結果判斷之需要，學生須具備獨立操作能力及個人安全維護能力。
2.選修課程涵蓋領域廣泛，除有機、無機、分析、物化、生化領域相關進階課程外，另有表面化學、有機材料、太陽能電池與實作、生物感測、有機分析等應用領域課程，選擇性佳。
3.重視學術及企業交流，每年均有學生前往中央研究院、永信藥品、興農公司等產業實習。
4.每位老師皆具獨立研究室，儀器設備充實，並可使用國家同步幅射中心及科技部貴儀中心之設備與資源。"
00924,東海大學,化學系化學生物組,第二類學群,12,15,1,14,0,0,0,0,0,後標,0,在校學業成績全校排名百分比,學測自然級分,化學學業成績總平均全校排名百分比,生物學業成績總平均全校排名百分比,學測英文級分,英語文學業成績總平均全校排名百分比,數學學業成績總平均全校排名百分比,1、在校學業成績全校排名百分比 2、學測自然級分 3、化學學業成績總平均全校排名百分比 4、生物學業成績總平均全校排名百分比 5、學測英文級分 6、英語文學業成績總平均全校排名百分比 7、數學學業成績總平均全校排名百分比,,,,,,,"1.本系課程含實驗操作，基於考量危險性與結果判斷之需要，學生須具備獨立操作能力及個人安全維護能力。
2.選修課程涵蓋領域廣泛，除有機、無機、分析、物化、生化領域相關進階課程外，另有功能性胜肽之開發、生物訊息傳遞、醫藥化學、藥物化學、生醫質譜、生技製藥的研發等應用領域課程，選擇性佳。
3.重視學術及企業交流，每年均有學生前往肽湛生技、國光生技、朗齊生醫等相關生物科技產業實習。
4.每位老師皆具獨立研究室，另設立專業 P2 級生化實驗室及生化科技實驗室。
5.本系多位教授長期與台大醫學院、馬偕醫學院、國家衛生研究院及台中榮總實質合作。"
00925,東海大學,智慧計算暨應用數學系,第二類學群,9,15,1,14,0,0,後標,後標,0,0,0,在校學業成績全校排名百分比,數學學業成績總平均全校排名百分比,學測國文級分,國語文學業成績總平均全校排名百分比,學測英文級分,英語文學業成績總平均全校排名百分比,學測國文、英文之級分總和,1、在校學業成績全校排名百分比 2、數學學業成績總平均全校排名百分比 3、學測國文級分 4、國語文學業成績總平均全校排名百分比 5、學測英文級分 6、英語文學業成績總平均全校排名百分比 7、學測國文、英文之級分總和,,,,,,,如果您對數學充滿熱情，渴望兼具理論深度與應用廣度，本系將是您的理想選擇。我們致力於培養具嚴謹邏輯與跨域解題能力的人才。課程涵蓋圖論、代數、微分方程、微分幾何等理論領域，並延伸至機器學習、科學計算、生醫數據分析與精密機械控制等前沿應用。系上設有專屬電腦教室、七千餘冊圖書室、3D列印與機械手臂實驗室，以及 Hilbert space 多功能教室，提供實作與創新的環境。系友遍布資訊、半導體、金融保險、自動控制等產業，助力職涯發展。此外，另有新生獎學金、學術成果獎及助教、研究助理機會，支持您的學習旅程。歡迎將本系填為第一志願。本系網址：https://www.math.thu.edu.tw/
00926,東海大學,化學工程與材料工程學系,第二類學群,28,15,2,14,0,0,底標,0,0,底標,0,在校學業成績全校排名百分比,學測自然級分,學測數學A級分,學測英文級分,數學學業成績總平均全校排名百分比,英語文學業成績總平均全校排名百分比,化學學業成績總平均全校排名百分比,1、在校學業成績全校排名百分比 2、學測自然級分 3、學測數學A級分 4、學測英文級分 5、數學學業成績總平均全校排名百分比 6、英語文學業成績總平均全校排名百分比 7、化學學業成績總平均全校排名百分比,,,,,,,"一、招收對化學工程與材料相關科學有興趣之學生，藉以培養在化工、半導體、電池、生醫產業的化工與材料專
業人才，本系選修課程分為製程、材料及生化3組，學生可依興趣選修。
二、本系有完整企業導師制度，提供學生實習與就業訓練，畢業即就業無縫接軌。
三、與國際知名大學簽訂雙聯學位，提供學生出國機會。
四、本系設有多項獎助學金，協助學生安心學習。
五、本系網頁http://chemeng.thu.edu.tw/、聯絡電話04-23590121轉33100。"
00927,東海大學,工業工程與經營資訊學系(智慧設計與生產組),第二類學群,5,15,1,14,0,0,後標,0,0,0,0,在校學業成績全校排名百分比,學測數學A級分,數學學業成績總平均全校排名百分比,學測英文級分,英語文學業成績總平均全校排名百分比,學測國文級分,國語文學業成績總平均全校排名百分比,1、在校學業成績全校排名百分比 2、學測數學A級分 3、數學學業成績總平均全校排名百分比 4、學測英文級分 5、英語文學業成績總平均全校排名百分比 6、學測國文級分 7、國語文學業成績總平均全校排名百分比,,,,,,,"一、本系建立國際學習環境，經由短期國際交換、國際產學合作企業實習、國際雙聯學制等機制，開展學生國際觀。
二、智慧設計與生產組以工業工程知識為基礎，培育高科技與服務產業所需之設計與規劃的工業與資訊跨界人才。
三、本系提供碩士班先修課程。
四、本系網址：www.ie.thu.edu.tw聯絡電話：(04)23594319轉113"
00928,東海大學,工業工程與經營資訊學系(智慧經營與管理B組),第二類學群,6,15,1,14,0,後標,0,0,0,0,0,在校學業成績全校排名百分比,學測英文級分,英語文學業成績總平均全校排名百分比,學測數學B級分,數學學業成績總平均全校排名百分比,學測國文級分,國語文學業成績總平均全校排名百分比,1、在校學業成績全校排名百分比 2、學測英文級分 3、英語文學業成績總平均全校排名百分比 4、學測數學B級分 5、數學學業成績總平均全校排名百分比 6、學測國文級分 7、國語文學業成績總平均全校排名百分比,,,,,,,"一、本系建立國際學習環境，經由短期國際交換、國際產學合作企業實習、國際雙聯學制等機制，開展學生國際觀。
二、智慧經營與管理組以工業工程知識為基礎，培育高科技與服務產業所需之分析與決策的管理與資訊跨界人才。
三、本系提供碩士班先修課程。
四、本系網址：www.ie.thu.edu.tw聯絡電話：(04)23594319轉113"
00929,東海大學,環境科學與工程學系,第二類學群,10,15,2,14,0,0,底標,底標,0,後標,0,在校學業成績全校排名百分比,學測自然級分,化學學業成績總平均全校排名百分比,生物學業成績總平均全校排名百分比,數學學業成績總平均全校排名百分比,學測英文級分,學測國文級分,1、在校學業成績全校排名百分比 2、學測自然級分 3、化學學業成績總平均全校排名百分比 4、生物學業成績總平均全校排名百分比 5、數學學業成績總平均全校排名百分比 6、學測英文級分 7、學測國文級分,,,,,,,"本系網址https://envsci.thu.edu.tw, 電話：0423590202。教學方向為環境永續科技(微生物產能、淨零減碳、廢水再生、廢棄物資源再利用)、環境工程(污染防治技術、環境污染物檢驗分析、環境規劃與管理)與人工智慧應用技術研發。希冀培養學生除了由書本中學習到環境科學與工程之專業知識外，還具有現場調查、採樣與數據分析、污染防治規劃設計等的實作技術能力。
本系提供碩士班先修課程。"
00930,東海大學,資訊工程學系,第二類學群,32,15,3,14,0,0,後標,0,0,0,0,在校學業成績全校排名百分比,學測數學A級分,學測英文級分,學測國文級分,數學學業成績總平均全校排名百分比,英語文學業成績總平均全校排名百分比,國語文學業成績總平均全校排名百分比,1、在校學業成績全校排名百分比 2、學測數學A級分 3、學測英文級分 4、學測國文級分 5、數學學業成績總平均全校排名百分比 6、英語文學業成績總平均全校排名百分比 7、國語文學業成績總平均全校排名百分比,,,,,,,"1.本系與國內產業界互動頻繁，有多項產學合作計畫，並提供學生至業界實習的機會。
2.本系提供碩士先修課程。
3.其他詳細資訊請參考本系網頁，網址：http://www.cs.thu.edu.tw
本系聯絡電話04-23590121轉33800～1"
00931,東海大學,電機工程學系,第二類學群,20,15,2,14,0,0,後標,後標,0,0,0,在校學業成績全校排名百分比,數學學業成績總平均全校排名百分比,學測國文、英文之級分總和,學測自然級分,學測英文級分,學測國文級分,英語文學業成績總平均全校排名百分比,1、在校學業成績全校排名百分比 2、數學學業成績總平均全校排名百分比 3、學測國文、英文之級分總和 4、學測自然級分 5、學測英文級分 6、學測國文級分 7、英語文學業成績總平均全校排名百分比,,,,,,,"1.本系以培育通訊及網路、積體電路設計、半導體工程、智慧機器人等跨領域高科技人才為主，提供產學合作實習以印證所學理論，多領域學習後，可將所學貢獻於人工智慧應用之各相關產業。
2.提供多種獎助學金、碩士班先修課程資格及多元碩士學位學程計畫。
3.提供海外雙聯學制計畫，即同時取得本國及海外大學之學、碩士學位。
4.本系設備新穎、學習空間完善，歡迎蒞校參觀或查詢本系網頁http://ee.thu.edu.tw。連絡電話(04)23590121#33900、33915。Email：ee@thu.edu.tw"
00932,東海大學,統計學系(巨量資料管理組),第二類學群,9,15,1,14,0,0,後標,0,0,0,0,在校學業成績全校排名百分比,學測數學A級分,數學學業成績總平均全校排名百分比,學測國文級分,國語文學業成績總平均全校排名百分比,學測英文級分,英語文學業成績總平均全校排名百分比,1、在校學業成績全校排名百分比 2、學測數學A級分 3、數學學業成績總平均全校排名百分比 4、學測國文級分 5、國語文學業成績總平均全校排名百分比 6、學測英文級分 7、英語文學業成績總平均全校排名百分比,,,,,,,本系必選修課程之規劃與學生未來發展方向可分為：1.統計理論：以繼續深造、從事研究工作為目標。2.管理科學統計：偏向工商管理包括精算師之培育。3.工業統計：培養品管、研發人才。4.生物統計：包括臨床試驗、生物科技和公共衛生的應用。5.大數據統計:培養資料採礦與程式上應用，朝向資料科學人才之培養。學生可選擇其中的一種或數種方向，配合相關科系課程，依個人興趣和能力發展。可申請管院國際菁英組https://ithu.tw/9gc，專享全英核心專業課程、推薦選讀全球雙聯學位。統計系聯絡電話:04-23590206。統計系網址:stat.thu.edu.tw
00933,東海大學,建築學系,第二類學群,1,15,0,0,0,前標,前標,前標,0,0,0,在校學業成績全校排名百分比,學測國文、英文之級分總和,學測英文級分,學測國文級分,數學學業成績總平均全校排名百分比,英語文學業成績總平均全校排名百分比,國語文學業成績總平均全校排名百分比,1、在校學業成績全校排名百分比 2、學測國文、英文之級分總和 3、學測英文級分 4、學測國文級分 5、數學學業成績總平均全校排名百分比 6、英語文學業成績總平均全校排名百分比 7、國語文學業成績總平均全校排名百分比,,,,,,,"1.本系旨在培養優秀建築專業人才，在教學上著重人文、歷史、科技技術等之統合能力，並要求將其具體展現於設計之中。故應考者無需拘泥於繪畫或其他藝術創作表現上是否有實績或有天分與否；對都市、社區校園或居家空間有意見、且有看法者尤歡迎之。
2.本系為理論與實務並行的科系，實作課程占比高，需要良好體能、肢體及細微動作的操作能力、辨識顏色與形狀等視覺功能，具溝通協調能力與情緒控管之抗壓能力，以對抗學習過程中沉重的作業壓力。
3.修業相關規定請見本系官網_在校學生，錄取名單公告後，將於本系官網公告重要資訊。"
00934,東海大學,工業設計學系(A組),第二類學群,2,15,1,14,0,均標,0,0,0,0,0,在校學業成績全校排名百分比,學測國文級分,學測英文級分,學測自然級分,國語文學業成績總平均全校排名百分比,英語文學業成績總平均全校排名百分比,物理學業成績總平均全校排名百分比,1、在校學業成績全校排名百分比 2、學測國文級分 3、學測英文級分 4、學測自然級分 5、國語文學業成績總平均全校排名百分比 6、英語文學業成績總平均全校排名百分比 7、物理學業成績總平均全校排名百分比,,,,,,,1.本系採小班制一對一教學，專業師資與業師共授。2.本系是獨立系館擁有數值化、傳統加工工廠，能深化產品製造知能與開發相關實務設計。具有全方位電腦元宇宙軟硬體輔助設計，包括2D設計、3D設計、3D模型實務、元宇宙虚擬設計。3.教師具備設計實務、研究能力與跨域產學合作能力，在實務研究課程中協助學生思考廣度與深度，與業師共同開課，帶領學生新材料、新科技、多元視野、跨領域整合產品創新設計思維與設計研究能力。4.重視國際交流，與日本、義大利海外交換學生及實習，創造實務與國際視野，製造產業與工廠資源提供的企業實習、跨域工作營、菁英培訓工作坊及產學合作設計實務融合。5.本系網址：http://id.thu.edu.tw/
00935,東海大學,景觀學系,第二類學群,9,15,1,14,後標,0,0,0,0,0,0,在校學業成績全校排名百分比,學測國文級分,國語文學業成績總平均全校排名百分比,英語文學業成績總平均全校排名百分比,數學學業成績總平均全校排名百分比,生物學業成績總平均全校排名百分比,地球科學學業成績總平均全校排名百分比,1、在校學業成績全校排名百分比 2、學測國文級分 3、國語文學業成績總平均全校排名百分比 4、英語文學業成績總平均全校排名百分比 5、數學學業成績總平均全校排名百分比 6、生物學業成績總平均全校排名百分比 7、地球科學學業成績總平均全校排名百分比,,,,,,,1.以創新多元教學發展6大亮點課程-低碳淨零永續景觀設計、AI數位景觀設計、環境景觀規劃、地方創生、景觀營造與養護、景觀資材，培育多樣化景觀專業人才，除景觀設計師/規劃師外，還有ESG低碳淨零景觀設計師、AI景觀設計師、社區規劃師、景觀營造業者或景觀資材業者。2.畢業順利銜接土木建築-景觀科高普考，或進行跨領域證照考照。相關證照包括綠領人才證照(如ISO14064-1:2018溫室氣體盤查標準主導查證員、ESG永續管理師、ESG碳管理師）、都市計畫技師(國考)、社區規劃師或樹木保護專業人員。3.每年舉辦公司徵才擂台賽協助學生找實習與正職。4.創新教學含氣候變遷適應、韌性景觀、都市造林、AI景觀設計、碳匯、ESG績效景觀、自然解方、地方創生。
00936,東海大學,永續科學與管理學士學位學程,第二類學群,1,15,1,14,0,後標,0,0,0,0,0,在校學業成績全校排名百分比,學測英文級分,學測自然級分,英語文學業成績總平均全校排名百分比,生物學業成績總平均全校排名百分比,地球科學學業成績總平均全校排名百分比,公民與社會學業成績總平均全校排名百分比,1、在校學業成績全校排名百分比 2、學測英文級分 3、學測自然級分 4、英語文學業成績總平均全校排名百分比 5、生物學業成績總平均全校排名百分比 6、地球科學學業成績總平均全校排名百分比 7、公民與社會學業成績總平均全校排名百分比,,,,,,,"1. 本學程採全英語授課，鼓勵具有中等以上英文能力學生申請。
2. 課程內容以全球觀點探討永續領域廣泛主題，包括環境永續、能源永續、循環經濟、能源技術與工程、社會責任、道德商業實踐等。
3. 學程規劃國外大學交換學生及雙聯學位資源，支持學生申請並取得學位。
4. 積極輔導學生參與企業實習與校外學術競賽，協助完成畢業專題。
5. 詳細資訊請參考網址https://ic.thu.edu.tw/，連絡電話：(04)23590121分機39200"
00937,東海大學,生命科學系(生物醫學組),第三類學群,7,5,1,5,0,均標,0,0,0,0,0,在校學業成績全校排名百分比,學測英文級分,學測自然級分,生物學業成績總平均全校排名百分比,化學學業成績總平均全校排名百分比,英語文學業成績總平均全校排名百分比,數學學業成績總平均全校排名百分比,1、在校學業成績全校排名百分比 2、學測英文級分 3、學測自然級分 4、生物學業成績總平均全校排名百分比 5、化學學業成績總平均全校排名百分比 6、英語文學業成績總平均全校排名百分比 7、數學學業成績總平均全校排名百分比,,,,,,,1.獎勵優秀學生入學，設有歐保羅教授獎學金及生命科學系優秀新生獎學金，詳見系網「招生資訊」及「獎學金」。2.本系自創系以來，以強調生物醫學實驗操作為教學特色，是全國最注重實驗課的質與量、最早進行大學部畢業專題論文的生命科學系。生物醫學組成立的宗旨為培養生物醫學研究、教學與產業人才；建構基礎醫學及生物學專業理論與知識，並整合基礎與臨床醫學研究。3.研究重點含發育生物學與再生醫學、癌症生物學、心血管疾病、神經科學、遺傳疾病、精神醫學與轉譯醫學等。4.修習課程及操作實驗需具視覺、辨色能力及聽覺功能。
00938,東海大學,生命科學系(生態暨生物多樣性組),第三類學群,6,5,1,5,0,0,0,0,0,後標,0,在校學業成績全校排名百分比,學測自然級分,學測英文級分,生物學業成績總平均全校排名百分比,化學學業成績總平均全校排名百分比,英語文學業成績總平均全校排名百分比,數學學業成績總平均全校排名百分比,1、在校學業成績全校排名百分比 2、學測自然級分 3、學測英文級分 4、生物學業成績總平均全校排名百分比 5、化學學業成績總平均全校排名百分比 6、英語文學業成績總平均全校排名百分比 7、數學學業成績總平均全校排名百分比,,,,,,,1.獎勵優秀學生入學，設有歐保羅教授獎學金及生命科學系優秀新生獎學金，詳見系網「招生資訊」及「獎學金」。2.本系自創系以來，以強調實作為教學特色，是全國最注重實驗課的質與量、最早進行大學部畢業專題論文的生命科學系。生態組著重台灣本土生物與生態保育之教學與研究，致力於基礎生物與生態環境之資料調查與分析。3.研究重點包括各類群生物之分子生態、行為生態、生理生態、保育生態、族群生態、生態系生態、熱帶生態及親緣系統、生物多樣性等。為國內生態學領域最完整的學習環境。4.修習課程、操作實驗需具視覺及聽覺功能；學習各類環境之田野技術需具體能。
00939,東海大學,畜產與生物科技學系,第三類學群,12,5,1,5,0,0,0,0,0,後標,0,在校學業成績全校排名百分比,生物學業成績總平均全校排名百分比,化學學業成績總平均全校排名百分比,學測英文級分,學測自然級分,地球科學學業成績總平均全校排名百分比,學測英文、自然之級分總和,1、在校學業成績全校排名百分比 2、生物學業成績總平均全校排名百分比 3、化學學業成績總平均全校排名百分比 4、學測英文級分 5、學測自然級分 6、地球科學學業成績總平均全校排名百分比 7、學測英文、自然之級分總和,,,,,,,本系期望招收對畜牧生產、加工或生物科技有濃厚興趣之學生，有志從事畜產工作者請優先推薦。本系除教授畜牧生產及畜產加工知識外，亦開授生物科技相關課程，積極整合應用生物科技於畜產領域，以培訓優秀畜產人才加入畜產行列，共同為提升畜產品品質與產量貢獻心力。本系提供碩士班先修課程攻讀學、碩士學位。本系專業學習重點除課堂教學之外，亦著重實驗室試驗及實習現場養殖，需親自操作，適合具有相當之視覺功能及能運用肢體操作儀器設備者。本系聯絡電話：04-23590121轉37110，本系網址：http://animal.thu.edu.tw。
00940,東海大學,食品科學系,第三類學群,14,5,1,5,0,0,0,0,0,後標,0,在校學業成績全校排名百分比,學測自然級分,生物學業成績總平均全校排名百分比,化學學業成績總平均全校排名百分比,英語文學業成績總平均全校排名百分比,數學學業成績總平均全校排名百分比,國語文學業成績總平均全校排名百分比,1、在校學業成績全校排名百分比 2、學測自然級分 3、生物學業成績總平均全校排名百分比 4、化學學業成績總平均全校排名百分比 5、英語文學業成績總平均全校排名百分比 6、數學學業成績總平均全校排名百分比 7、國語文學業成績總平均全校排名百分比,,,,,,,1.本系是國內唯一兼具食品科技與管理領域，跨域整合食品各領域之技術與產業經營管理，非常注重實務教學，包括有實務講座、暑期實習、企業橋接實習、智慧食品鏈AI專題講座及食品創新實務等課程。2.依學生興趣進行適性分流，以實習與專題研究方式進行。實習主要透過暑期及企業橋接實習，以利與職場接軌；專題研究則進入老師研究室，以利研究所銜接。3.鼓勵學生參與海外交換學習及移地教學，使其具國際視野及移動力。未來將逐步納入人工智慧課程，強化學生跨域整合能力。
00941,東海大學,高齡健康與運動科學學士學位學程,第三類學群,3,5,1,5,底標,底標,0,0,0,0,0,在校學業成績全校排名百分比,學測國文、英文之級分總和,學測英文級分,學測國文級分,英語文學業成績總平均全校排名百分比,國語文學業成績總平均全校排名百分比,數學學業成績總平均全校排名百分比,1、在校學業成績全校排名百分比 2、學測國文、英文之級分總和 3、學測英文級分 4、學測國文級分 5、英語文學業成績總平均全校排名百分比 6、國語文學業成績總平均全校排名百分比 7、數學學業成績總平均全校排名百分比,,,,,,,"本學程結合高齡醫學與運動科學，涵蓋運動傷害防護、緊急救護技術、照顧服務及輔具開發等跨領域專業，並提供完整的業界實習機會，以培育預防醫學之人才。
連絡電話：04-23590121 分機37501-37502
學程網址：http://swss.thu.edu.tw/"
00942,東海大學,美術學系,第五類學群,1,1,0,0,均標,0,0,0,0,0,0,在校學業成績全校排名百分比,美術學業成績總平均全校排名百分比,學測國文級分,學測社會級分,國語文學業成績總平均全校排名百分比,歷史學業成績總平均全校排名百分比,學測英文級分,1、在校學業成績全校排名百分比 2、美術學業成績總平均全校排名百分比 3、學測國文級分 4、學測社會級分 5、國語文學業成績總平均全校排名百分比 6、歷史學業成績總平均全校排名百分比 7、學測英文級分,素描:--；彩繪技法:--；創意表現:--；水墨書畫:--；美術鑑賞:--,,,,,,"本系藝術人才培育除以藝術創作為主軸外，全人教育方針培養出的學生勝任其他人文領域的工作，歷年來本系畢
業校友除持續創作並成為當今藝壇新秀而廣受矚目外，於各級學校任教或於設計、出版業、傳播界及藝術行政工
作等領域皆卓然有成。
本系聯絡電話：04-23590447，本系網址：https://fineart.thu.edu.tw/"
01101,國立清華大學,中國文學系甲組(一般組),第一類學群,5,13,0,0,頂標,前標,0,均標,前標,0,0,在校學業成績全校排名百分比,學測國文、英文、數學B、社會之級分總和,學測國文級分,學測英文級分,國語文學業成績總平均全校排名百分比,英語文學業成績總平均全校排名百分比,學測社會級分,1、在校學業成績全校排名百分比 2、學測國文、英文、數學B、社會之級分總和 3、學測國文級分 4、學測英文級分 5、國語文學業成績總平均全校排名百分比 6、英語文學業成績總平均全校排名百分比 7、學測社會級分,,,,,,,本系課程特色在於多元發展，領域涵蓋古典文學、學術思想、近現代文學、文化研究、文學理論、語文學以及專業寫作等。一方面提供基礎訓練，培育中國文學專業人才，另方面提供中文系專長延伸之實用課程，培植職場競爭力，亦鼓勵跨領域修課，培養多元學習能力，建立多專長。本系每年均有同學獲得獎助，參與國際交換學生計畫，出國研習二個月至一年，國際交換十分密切。本系與圖書館人社分館同位於人社院館內，館藏豐富多元的人文社會科學書籍與國內外期刊，擁有台北地區之外最豐富的人文社會藏書，本系師生可就近使用，極為方便。
01102,國立清華大學,中國文學系乙組(華語文教學組),第一類學群,3,13,0,0,頂標,前標,0,均標,前標,0,0,在校學業成績全校排名百分比,學測國文、英文、數學B、社會之級分總和,學測國文級分,學測英文級分,國語文學業成績總平均全校排名百分比,英語文學業成績總平均全校排名百分比,學測社會級分,1、在校學業成績全校排名百分比 2、學測國文、英文、數學B、社會之級分總和 3、學測國文級分 4、學測英文級分 5、國語文學業成績總平均全校排名百分比 6、英語文學業成績總平均全校排名百分比 7、學測社會級分,,,,,,,本系課程特色在於多元發展，領域涵蓋古典文學、學術思想、近現代文學、文化研究、文學理論、語文學以及專業寫作等。一方面提供基礎訓練，培育中國文學專業人才，另方面提供華語文教學課程，培植職場競爭力，亦鼓勵跨領域修課，培養多元學習能力，建立多專長。本系每年均有同學獲得獎助，參與國際交換學生計畫，出國研習二個月至一年，國際交換十分密切。本系與圖書館人社分館同位於人社院館內，館藏豐富多元的人文社會科學書籍與國內外期刊，擁有台北地區之外最豐富的人文社會藏書，本系師生可就近使用，極為方便。
01103,國立清華大學,外國語文學系,第一類學群,8,13,1,9,前標,頂標,0,均標,前標,0,A級,在校學業成績全校排名百分比,學測國文、英文、數學B、社會之級分總和,學測英文級分,學測國文級分,學測社會級分,英語文學業成績總平均全校排名百分比,學測數學B級分,1、在校學業成績全校排名百分比 2、學測國文、英文、數學B、社會之級分總和 3、學測英文級分 4、學測國文級分 5、學測社會級分 6、英語文學業成績總平均全校排名百分比 7、學測數學B級分,,,,,,,"1.本系學士班教學目標包括(1)嫻熟英語文之溝通與應用，並能對第二外語有基本之掌握(2)透過文學、語言學及應用語言學之專業訓練，培養獨立思考與深度分析之能力(3)培養國際視野。2.學術專業必修課程分基礎英文、各種第二外語課程與文學、語言學之相關專業課程, 另提供多種實務英文課程供學生選修。3.畢業生生涯發展有豐富的可能性，從事工作包括國內外跨國企業、研究、教育、公職、外交事務、資訊傳媒、行政總務、出版編輯、藝文相關事務、翻譯以及與科技人才共同合作創業等等。4.本系網頁(https://fl.site.nthu.edu.tw/)。"
01104,國立清華大學,人文社會學院學士班,第一類學群,12,13,1,9,前標,前標,0,均標,前標,0,0,在校學業成績全校排名百分比,國語文學業成績總平均全校排名百分比,英語文學業成績總平均全校排名百分比,學測國文級分,學測英文級分,學測數學B級分,學測社會級分,1、在校學業成績全校排名百分比 2、國語文學業成績總平均全校排名百分比 3、英語文學業成績總平均全校排名百分比 4、學測國文級分 5、學測英文級分 6、學測數學B級分 7、學測社會級分,,,,,,,人社院學士班是國內領先提供人文與社會科學跨領域教育的單位，透過多元、開放、專業、創意與前瞻性並重的學程規劃，培育新世紀的學術與文化人才。我們的課程一方面強調整合性的基礎教育，厚植學生的知識與素養，培養跨領域的對話與思辯能力；另一方面重視專業的訓練，精心規劃歷史學、哲學、人類學、社會學、文學與創作、語言學、性別研究、文化研究與自主學習等專業學程，提供同學作主、副修的選擇。
01105,國立清華大學,教育與學習科技學系,第一類學群,6,13,1,9,前標,前標,0,均標,前標,0,0,在校學業成績全校排名百分比,學測國文級分,學測英文級分,學測社會級分,國語文學業成績總平均全校排名百分比,英語文學業成績總平均全校排名百分比,歷史學業成績總平均全校排名百分比,1、在校學業成績全校排名百分比 2、學測國文級分 3、學測英文級分 4、學測社會級分 5、國語文學業成績總平均全校排名百分比 6、英語文學業成績總平均全校排名百分比 7、歷史學業成績總平均全校排名百分比,,,,,,,"1.本系旨在培養小學教師、學習科技及文教事業人才，歡迎具有良好表達及組織能力，富教育熱忱者報考。
2.參與本系繁星推薦入學錄取學生皆為國民小學類科師資生(外加名額除外)，英語能力符合條件者亦可申請修習雙語教學次專長課程。此外，可經甄選修習中等教育學程，另需具備相關學系(所)輔系或雙主修資格，且修畢任教專門課程，成為國、高中教師。"
01106,國立清華大學,幼兒教育學系,第一類學群,6,13,1,9,前標,前標,0,0,前標,0,0,在校學業成績全校排名百分比,學測英文級分,學測國文級分,學測社會級分,英語文學業成績總平均全校排名百分比,國語文學業成績總平均全校排名百分比,歷史學業成績總平均全校排名百分比,1、在校學業成績全校排名百分比 2、學測英文級分 3、學測國文級分 4、學測社會級分 5、英語文學業成績總平均全校排名百分比 6、國語文學業成績總平均全校排名百分比 7、歷史學業成績總平均全校排名百分比,,,,,,,本系課程以師資培育為本，讓學生掌握重要幼兒教育原則及知識。立基於教師充沛研究能量及社會影響，本系發展多語與文化、幼兒STEAM、幼兒藝術、發展科學等特色領域，同時關注嬰幼兒保育、學前特教、幼兒行政等面向。本系提供產業連結、國際交流、跨領域學習及社會責任等學習資源，提升學生領導、研究、創新及社會關懷等能力。學生可運用幼教專長，擔任國內外幼兒園教師，或投身兒童產業、公部門、兒童社福機構、學術研究，及創造各種跨域工作的可能性。本管道入學者皆具幼教師資生資格（外加名額除外），並可申請修習雙語教學次專長課程。
01107,國立清華大學,教育心理與諮商學系,第一類學群,7,13,1,9,前標,前標,0,前標,0,0,0,在校學業成績全校排名百分比,學測英文級分,學測數學B級分,學測國文級分,英語文學業成績總平均全校排名百分比,數學學業成績總平均全校排名百分比,國語文學業成績總平均全校排名百分比,1、在校學業成績全校排名百分比 2、學測英文級分 3、學測數學B級分 4、學測國文級分 5、英語文學業成績總平均全校排名百分比 6、數學學業成績總平均全校排名百分比 7、國語文學業成績總平均全校排名百分比,,,,,,,本系旨在培養各級學校、社區、組織企業等場域之心理專業人才，課程涵蓋各心理學領域的探究、輔導諮商、工商組織心理等專業知能，為一兼具理論研究與實務應用之專業心理學系所，歡迎對心理學與人群服務有興趣之高中學生報考。
01108,國立清華大學,特殊教育學系,第一類學群,6,13,1,9,前標,前標,0,0,前標,0,0,在校學業成績全校排名百分比,學測國文、英文、社會之級分總和,學測國文級分,學測英文級分,學測社會級分,國語文學業成績總平均全校排名百分比,英語文學業成績總平均全校排名百分比,1、在校學業成績全校排名百分比 2、學測國文、英文、社會之級分總和 3、學測國文級分 4、學測英文級分 5、學測社會級分 6、國語文學業成績總平均全校排名百分比 7、英語文學業成績總平均全校排名百分比,,,,,,,"1.本系為培育學前與國小階段特殊教育教師及其他特教相關之專業人員，開設學前身障組、國小身障組及國小資優組3種不同階段類別專業課程。
2.可申請之獎學金：師資培育獎學金、身心障礙服務獎助學金(詳見系網：http://www.dse.nthu.edu.tw/)。
3.本管道錄取新生除外加名額外皆為師資生。外加名額可於入學後依相關規定向教育部申請，經核准取得外加師資生資格。"
01109,國立清華大學,英語教學系,第一類學群,4,13,0,0,前標,頂標,0,均標,均標,0,A級,在校學業成績全校排名百分比,學測英文級分,英語文學業成績總平均全校排名百分比,學測國文級分,學測數學B級分,學測社會級分,學測英文、社會之級分總和,1、在校學業成績全校排名百分比 2、學測英文級分 3、英語文學業成績總平均全校排名百分比 4、學測國文級分 5、學測數學B級分 6、學測社會級分 7、學測英文、社會之級分總和,,,,,,,本系以培育英語文相關文化教育人員為目標。學生需通過相當於全民英檢中高級檢定始得畢業。
01110,國立清華大學,竹師教育學院學士班,第一類學群,4,13,0,0,前標,前標,均標,前標,0,0,0,在校學業成績全校排名百分比,英語文學業成績總平均全校排名百分比,數學學業成績總平均全校排名百分比,學測國文、英文之級分總和,學測英文級分,學測國文級分,國語文學業成績總平均全校排名百分比,1、在校學業成績全校排名百分比 2、英語文學業成績總平均全校排名百分比 3、數學學業成績總平均全校排名百分比 4、學測國文、英文之級分總和 5、學測英文級分 6、學測國文級分 7、國語文學業成績總平均全校排名百分比,,,,,,,1.因應教育與學習環境快速變化，本班旨在培育學生具備跨領域學習能力，採雙專長修課模式，可選本班「心智、大腦與學習」專長或本院任一學系提供之第一專長學程，並另選本校任一學系提供之第二專長學程，以獲得雙專長跨領域能力。2.本班學生須跨領域學習，除教育與心智科學研究之外，學院提供多元學習方向可供選擇，如教育與學習科技、教保專業知能、特殊教育、心理學、人力資源管理、英語教學、永續發展、運動科學等跨領域議題，以接軌國際發展趨勢與產業脈動。3.詳細資訊請參閱本班網站https://ipedu.site.nthu.edu.tw。
01111,國立清華大學,環境與文化資源學系,第一類學群,3,13,1,9,前標,前標,0,前標,頂標,0,0,在校學業成績全校排名百分比,學測英文、社會之級分總和,學測數學B級分,學測英文級分,學測國文級分,數學學業成績總平均全校排名百分比,英語文學業成績總平均全校排名百分比,1、在校學業成績全校排名百分比 2、學測英文、社會之級分總和 3、學測數學B級分 4、學測英文級分 5、學測國文級分 6、數學學業成績總平均全校排名百分比 7、英語文學業成績總平均全校排名百分比,,,,,,,1.114學年度起原竹師教育學院學士班乙組(永續發展教育組)由環境與文化資源學系招生。2.本系強調環境生態永續、社會文化永續、經濟資源永續、政策治理永續等四面向，運用核心理論，建立分析、規劃、管理、治理之專業知識，結合空間資訊科技，提供學生在環境與文化資源統整知識的學習，以培養新世代綠領人才。3.如欲取得師培生資格須於入學後，參加本校師培生甄選。4.經修課學生之適當修習課程配置，可依據環境教育法與環境教育人員認證及管理辦法，申請環境教育人員認證。
01112,國立清華大學,經濟學系,第一類學群,15,13,1,9,前標,前標,前標,0,前標,0,B級,在校學業成績全校排名百分比,學測數學A級分,學測英文級分,學測國文級分,學測社會級分,學測英文、數學A之級分總和,數學學業成績總平均全校排名百分比,1、在校學業成績全校排名百分比 2、學測數學A級分 3、學測英文級分 4、學測國文級分 5、學測社會級分 6、學測英文、數學A之級分總和 7、數學學業成績總平均全校排名百分比,,,,,,,"本系教育目標在訓練學生分析與解決經濟問題的能力，除經濟學基礎課程和進階的專精領域課程外，亦提供學生
多元的選修課程，包括會計、財務金融、企業管理等系列課程。2005年本系轉隸科技管理學院後，目前更朝多元
化方向發展，課程結合科技、管理、財務金融、財經法律等知識，強化學生對整體社會脈動之掌握和領導能力。
多年來畢業的系友，廣佈於各行各業，除了熱心提供職場經驗外，並成立系友獎學金，獎助在學同學。此外，本
系每年均有多位同學獲得參與國際交流的機會。"
01113,國立清華大學,科技管理學院學士班,第一類學群,7,13,1,9,前標,頂標,前標,0,0,0,B級,在校學業成績全校排名百分比,學測國文、英文、數學A之級分總和,學測數學A級分,學測英文級分,學測國文級分,數學學業成績總平均全校排名百分比,英語文學業成績總平均全校排名百分比,1、在校學業成績全校排名百分比 2、學測國文、英文、數學A之級分總和 3、學測數學A級分 4、學測英文級分 5、學測國文級分 6、數學學業成績總平均全校排名百分比 7、英語文學業成績總平均全校排名百分比,,,,,,,科管院學士班培育兼具財經、管理、法律與理工的雙專長人才，學生可依志趣選擇第一專長與第二專長。第一專長可自科管院之計財、經濟、法律、管理四個學程中擇一，第二專長可自全校逾四十個學程中擇一修讀，畢業時授予管理學士學位，並登載第一、二專長學程名稱；若第一專長選擇法律，且修畢法律學位列表之所有課程，搭配第二專長，畢業時授予法律學士學位，並同樣登載第一、二專長學程名稱。清華大學提供多元國際交流機會，協助學生拓展全球視野；科管院亦設有業師計畫，提供實務學習與職涯諮詢資源。
01114,國立清華大學,計量財務金融學系,第二類學群,9,21,2,11,前標,前標,頂標,0,0,0,0,在校學業成績全校排名百分比,學測數學A級分,學測英文級分,學測國文級分,數學學業成績總平均全校排名百分比,英語文學業成績總平均全校排名百分比,國語文學業成績總平均全校排名百分比,1、在校學業成績全校排名百分比 2、學測數學A級分 3、學測英文級分 4、學測國文級分 5、數學學業成績總平均全校排名百分比 6、英語文學業成績總平均全校排名百分比 7、國語文學業成績總平均全校排名百分比,,,,,,,計量財務金融學系發展方向係以培養具數學、統計、資訊及經濟分析能力之財務金融人才為目標，有別於一般財務金融學系，本系特別強調數學、統計、資訊及經濟理論面的基礎訓練，以期培養出來的畢業生，有較深厚的財務與經濟理論基礎，以及資訊應用的知識。
01115,國立清華大學,數學系甲組(數學組),第二類學群,5,21,1,11,0,均標,頂標,0,0,前標,0,在校學業成績全校排名百分比,學測數學A級分,學測英文、數學A、自然之級分總和,學測自然級分,學測英文級分,數學學業成績總平均全校排名百分比,英語文學業成績總平均全校排名百分比,1、在校學業成績全校排名百分比 2、學測數學A級分 3、學測英文、數學A、自然之級分總和 4、學測自然級分 5、學測英文級分 6、數學學業成績總平均全校排名百分比 7、英語文學業成績總平均全校排名百分比,,,,,,,"1.本系對基礎數學訓練和其科學應用並重。數學組強調數學的核心領域如分析、幾何與拓樸、代數與數論等，培養數理能力，以造就數學研究和教育的學術人才，及跨足資訊、金融、保險等高科技產業的專業人士。
2.本系網址為http://www.math.nthu.edu.tw/，聯絡電話：03-5713784。"
01116,國立清華大學,數學系乙組(應用數學組),第二類學群,5,21,1,11,0,均標,頂標,0,0,前標,0,在校學業成績全校排名百分比,學測數學A級分,學測英文、數學A、自然之級分總和,學測自然級分,學測英文級分,數學學業成績總平均全校排名百分比,英語文學業成績總平均全校排名百分比,1、在校學業成績全校排名百分比 2、學測數學A級分 3、學測英文、數學A、自然之級分總和 4、學測自然級分 5、學測英文級分 6、數學學業成績總平均全校排名百分比 7、英語文學業成績總平均全校排名百分比,,,,,,,"1.本系對基礎數學訓練和其科學應用並重，應用數學組提供方程、動態系統、科學計算、機率等跨領域的訓練，培養數學科學的應用能力，以造就數學研究和教育的學術人才，及跨足資訊、金融、保險等高科技產業的人士。
2.本系網址為http://www.math.nthu.edu.tw/，聯絡電話：03-5713784。"
01117,國立清華大學,物理學系物理組(甲組一般組),第二類學群,5,21,1,11,前標,前標,頂標,0,0,前標,0,在校學業成績全校排名百分比,學測國文、英文、數學A、自然之級分總和,學測數學A級分,學測自然級分,學測英文級分,學測國文級分,物理學業成績總平均全校排名百分比,1、在校學業成績全校排名百分比 2、學測國文、英文、數學A、自然之級分總和 3、學測數學A級分 4、學測自然級分 5、學測英文級分 6、學測國文級分 7、物理學業成績總平均全校排名百分比,,,,,,,"1.本系自成立以來，一直是教學與研究並重，希望培養出具有批判性思考及獨立解決物理相關問題的各類研發人才。目前在國際高等教育資訊機構QS物理及天文學科排名已進入世界前百大。畢業生除了繼續從事學術研究工作，在光電、半導體、IC設計等科技產業的研發製造也有很好的發展。
2.本系提供各類獎學金，細則請參閱本系網頁。
3.本系提供「五年學碩士學位」及「學士班應屆畢業生逕行修讀博士學位」直升管道，細則請參閱本系網頁。"
01118,國立清華大學,物理學系物理組(乙組天文物理組),第二類學群,2,21,0,0,前標,前標,頂標,0,0,前標,0,在校學業成績全校排名百分比,學測國文、英文、數學A、自然之級分總和,學測數學A級分,學測自然級分,學測英文級分,學測國文級分,物理學業成績總平均全校排名百分比,1、在校學業成績全校排名百分比 2、學測國文、英文、數學A、自然之級分總和 3、學測數學A級分 4、學測自然級分 5、學測英文級分 6、學測國文級分 7、物理學業成績總平均全校排名百分比,,,,,,,"1.本組為招生分組，非學籍分組，其名額係由「物理組」提供。
2.本系自成立以來，一直是教學與研究並重，希望培養出具有批判性思考及獨立解決物理相關問題的各類研發人才。目前在國際高等教育資訊機構QS物理及天文學科排名已進入世界前百大。畢業生除了繼續從事學術研究工作，在光電、半導體、IC設計等科技產業的研發製造也有很好的發展。
3.本系提供各類獎學金，細則請參閱本系網頁。
4.本系提供「五年學碩士學位」及「學士班應屆畢業生逕行修讀博士學位」直升管道，細則請參閱本系網頁。"
01119,國立清華大學,物理學系光電物理組,第二類學群,4,21,1,11,前標,前標,頂標,0,0,前標,0,在校學業成績全校排名百分比,學測國文、英文、數學A、自然之級分總和,學測數學A級分,學測自然級分,學測英文級分,學測國文級分,物理學業成績總平均全校排名百分比,1、在校學業成績全校排名百分比 2、學測國文、英文、數學A、自然之級分總和 3、學測數學A級分 4、學測自然級分 5、學測英文級分 6、學測國文級分 7、物理學業成績總平均全校排名百分比,,,,,,,"1.本系自成立以來，一直是教學與研究並重，希望培養出具有批判性思考及獨立解決物理相關問題的各類研發人才。目前在國際高等教育資訊機構QS物理及天文學科排名已進入世界前百大。畢業生除了繼續從事學術研究工作，在光電、半導體、IC設計等科技產業的研發製造也有很好的發展。
2.本系提供各類獎學金，細則請參閱本系網頁。
3.本系提供「五年學碩士學位」及「學士班應屆畢業生逕行修讀博士學位」直升管道，細則請參閱本系網頁。"
01120,國立清華大學,化學系,第二類學群,10,21,0,0,0,前標,前標,0,0,前標,0,在校學業成績全校排名百分比,學測英文、數學A、自然之級分總和,學測自然級分,學測數學A級分,學測英文級分,化學學業成績總平均全校排名百分比,物理學業成績總平均全校排名百分比,1、在校學業成績全校排名百分比 2、學測英文、數學A、自然之級分總和 3、學測自然級分 4、學測數學A級分 5、學測英文級分 6、化學學業成績總平均全校排名百分比 7、物理學業成績總平均全校排名百分比,,,,,,,招生目標在於甄選出對基礎化學、生化科技及先進化學材料有興趣及潛力之考生，加以培植訓練，成為科技人才。
01121,國立清華大學,理學院學士班,第二類學群,7,21,0,0,0,前標,前標,0,0,前標,0,在校學業成績全校排名百分比,數學學業成績總平均全校排名百分比,物理學業成績總平均全校排名百分比,化學學業成績總平均全校排名百分比,學測自然級分,學測數學A級分,學測英文級分,1、在校學業成績全校排名百分比 2、數學學業成績總平均全校排名百分比 3、物理學業成績總平均全校排名百分比 4、化學學業成績總平均全校排名百分比 5、學測自然級分 6、學測數學A級分 7、學測英文級分,,,,,,,"1.請參考本班網址https://scidm.site.nthu.edu.tw/app/home.php。
2.本班為跨領域雙專長院招生菁英班，學生可根據自己的性向及志趣任選數學、物理、化學、數據科學、前瞻材料之一為第一專長，奠定紮實基礎後，可任選其他學系(如：電機、生科、材料、資工、經濟等)為第二專長，在128畢業學分下，即能擁有跨領域知識與雙專長能力。"
01122,國立清華大學,生醫工程與環境科學系,第二類學群,6,21,1,11,0,前標,前標,0,0,前標,0,在校學業成績全校排名百分比,學測英文、數學A、自然之級分總和,化學學業成績總平均全校排名百分比,物理學業成績總平均全校排名百分比,數學學業成績總平均全校排名百分比,學測自然級分,學測數學A級分,1、在校學業成績全校排名百分比 2、學測英文、數學A、自然之級分總和 3、化學學業成績總平均全校排名百分比 4、物理學業成績總平均全校排名百分比 5、數學學業成績總平均全校排名百分比 6、學測自然級分 7、學測數學A級分,,,,,,,招生目標：本系為培育智慧生醫工程人才，提供「分子生醫工程與材料」及「生醫影像工程」基礎與進階課程，整合生醫工程所學相關知識，應用於臨床醫學之重要前瞻性議題。本系發展領域為生醫光電感測、生醫材料、醫藥化學、藥物傳輸與釋放、癌症治療、組織工程與晶片、精準醫療、人工智慧(AI)、生醫影像、光聲成像、生醫電子等。本系設有五年一貫學碩士、逕行修讀博士學位、產學博士班、國外大學交換學生機會，並與醫院、科技園區、生醫園區等業界實質合作及實習機會，歡迎對於生物醫學工程領域有興趣之學子們報考。
01123,國立清華大學,工程與系統科學系甲組(低碳綠能組),第二類學群,5,21,1,11,前標,前標,前標,0,0,前標,0,在校學業成績全校排名百分比,學測國文、英文、數學A、自然之級分總和,學測英文級分,學測自然級分,學測數學A級分,學測國文級分,英語文學業成績總平均全校排名百分比,1、在校學業成績全校排名百分比 2、學測國文、英文、數學A、自然之級分總和 3、學測英文級分 4、學測自然級分 5、學測數學A級分 6、學測國文級分 7、英語文學業成績總平均全校排名百分比,,,,,,,本組聚焦低碳綠能、儲能系統、輻射應用與醫學物理，課程涵蓋電子、機械、材料與物理等核心領域，培養學生專業與跨領域整合能力。與加州大學柏克萊分校合作「3+1+X計畫」，學生可在本系學習3年，大四赴柏克萊進修，具攻讀柏克萊碩士或逕讀博士之優勢。全國唯一提供完整核工課程，修畢指定科目可申請台電獎學金。並與多所國外大學合作，提供交換留學與獎學金機會。學測成績前2%或審查優異者，最高可獲四年20萬元獎學金，詳見本系網頁。
01124,國立清華大學,工程與系統科學系乙組(智慧奈米系統組),第二類學群,5,21,1,11,前標,前標,前標,0,0,前標,0,在校學業成績全校排名百分比,學測國文、英文、數學A、自然之級分總和,學測英文級分,學測自然級分,學測數學A級分,學測國文級分,英語文學業成績總平均全校排名百分比,1、在校學業成績全校排名百分比 2、學測國文、英文、數學A、自然之級分總和 3、學測英文級分 4、學測自然級分 5、學測數學A級分 6、學測國文級分 7、英語文學業成績總平均全校排名百分比,,,,,,,本組教學特色為整合電子、機械、材料與物理等學科之核心課程，涵蓋智慧奈米系統所需的設計(材料計算、電路模擬、感知運算)、製程(薄膜工程、電漿技術、奈米元件、光電元件、微機電感測)與檢測(同步輻射、X光、雷射、中子散射、電子顯微鏡、電化學腐蝕)等領域。為強化學生半導體相關之專業技術能力，本系與台積電共同開設全校性「元件/整合學程」，培育下世代半導體技術開發人才。本系與國外多所大學合作，提供多元獎學金與交換留學機會。學測成績累計前2%或審查成績優異者，提供四年最高20萬元獎學金，詳見本系網頁。
01125,國立清華大學,原子科學院學士班,第二類學群,6,21,0,0,前標,前標,前標,0,0,前標,0,在校學業成績全校排名百分比,學測國文、英文、數學A、自然之級分總和,學測英文級分,學測自然級分,學測數學A級分,學測國文級分,英語文學業成績總平均全校排名百分比,1、在校學業成績全校排名百分比 2、學測國文、英文、數學A、自然之級分總和 3、學測英文級分 4、學測自然級分 5、學測數學A級分 6、學測國文級分 7、英語文學業成績總平均全校排名百分比,,,,,,,本班為跨領域雙專長院招生菁英班，以「能源與環境」為第一專長。我國缺乏自產能源，加上地狹人稠，更突顯能源與環境教育對永續產業發展的重要。學生可依志趣，自由選擇本校任一學系如電機、材料、化工、經濟甚至音樂等為第二專長，提供先學習基礎課程再選擇專長領域的彈性。透過創新思維與多元環境，培養跨領域整合且具有國際視野的博雅科技菁英。在學期間提供眾多獎學金、校外實習及出國機會。畢業生擁有雙專長之訓練，升學就業表現與傳統科系相比，具備更加出色之職場競爭力，歡迎有志於成為跨領域高階人才的學生加入！
01126,國立清華大學,化學工程學系,第二類學群,9,21,1,11,0,前標,頂標,0,0,頂標,0,在校學業成績全校排名百分比,學測數學A級分,學測自然級分,學測英文級分,化學學業成績總平均全校排名百分比,物理學業成績總平均全校排名百分比,學測國文級分,1、在校學業成績全校排名百分比 2、學測數學A級分 3、學測自然級分 4、學測英文級分 5、化學學業成績總平均全校排名百分比 6、物理學業成績總平均全校排名百分比 7、學測國文級分,,,,,,,本系以「培育引領科技產業發展人才」及「發展具實用價值之國際一流學術研究」為使命，大學部的訓練採取精兵主義，每一年級僅有一班，擁有全國最佳的教授/學生比例；採小班制教學，必修課程開2班由不同教師授課，並提供高比例英語教學。本系與UC Berkeley簽訂「學碩計畫」，共同培育世界頂尖人才，本系研究領域廣泛，涵蓋人工智慧與數位化工、高分子及軟物質科學與工程、創新材料與製程、生物與生醫工程、能源與淨零永續工程等前瞻領域。歡迎具優異數理基礎者申請，在學期間有眾多獎學金及出國機會，相關資訊請參考本系網頁。
01127,國立清華大學,動力機械工程學系,第二類學群,15,21,1,11,0,前標,頂標,0,0,頂標,0,在校學業成績全校排名百分比,學測英文、數學A、自然之級分總和,學測數學A級分,學測自然級分,學測英文級分,物理學業成績總平均全校排名百分比,數學學業成績總平均全校排名百分比,1、在校學業成績全校排名百分比 2、學測英文、數學A、自然之級分總和 3、學測數學A級分 4、學測自然級分 5、學測英文級分 6、物理學業成績總平均全校排名百分比 7、數學學業成績總平均全校排名百分比,,,,,,,1.本系旨在培養機械與電機工程整合應用之科技人才，近年更結合人工智慧與資訊技術，邁向AI光機電整合。歡迎具優異數理基礎且有興趣於機電整合、能源與動力系統、電機控制、微奈米機電系統、精密機械與智慧製造、AI機電資訊、光機電系統、先進半導體製程及生醫工程等領域的學生就讀。2.本系歷史悠久，為全球首創AI光機電整合科系，眾多畢業系友在高科技產業擔任卓越領導者。3.本系學生可申請美國加州大學柏克萊分校3+1+X學生交流計畫、美國加州大學聖地牙哥分校3+2學位計畫或香港科技大學雙聯學位，前往國際名校進行研修。
01128,國立清華大學,材料科學工程學系,第二類學群,19,21,0,0,0,頂標,頂標,0,0,頂標,0,在校學業成績全校排名百分比,學測英文、數學A、自然之級分總和,學測英文級分,學測自然級分,學測數學A級分,物理學業成績總平均全校排名百分比,化學學業成績總平均全校排名百分比,1、在校學業成績全校排名百分比 2、學測英文、數學A、自然之級分總和 3、學測英文級分 4、學測自然級分 5、學測數學A級分 6、物理學業成績總平均全校排名百分比 7、化學學業成績總平均全校排名百分比,,,,,,,1.學測英文、數學A、自然三科加總達45級分且將本系選填第一志願者可領獎學金10萬元。2.本系「領袖材子計畫」每年甄選5-10位學生提供5-20萬獎學金進行海外學習或創業。3.本系與UC Berkeley、UCLA等世界頂尖大學簽訂共同培育學生計畫，提供學生出國交流機會與獎學金。4.本系首創「業界導師」制度，邀請事業有成、學有專精之系友擔任導師，分享業界實務，提供多元學習資源。5.聯絡資訊：03-5718530。
01129,國立清華大學,工業工程與工程管理學系,第二類學群,10,21,0,0,前標,前標,頂標,0,0,前標,0,在校學業成績全校排名百分比,學測數學A級分,學測英文級分,學測自然級分,學測國文級分,數學學業成績總平均全校排名百分比,英語文學業成績總平均全校排名百分比,1、在校學業成績全校排名百分比 2、學測數學A級分 3、學測英文級分 4、學測自然級分 5、學測國文級分 6、數學學業成績總平均全校排名百分比 7、英語文學業成績總平均全校排名百分比,,,,,,,"1.歡迎對工工/工管有興趣的同學加入我們的行列，優秀同學可申請各項獎學金，包括出國研修獎學金，前往歐、美、亞、澳洲等大學進修交流訪問。
2.詳細內容請參閱本系網頁_高中生專區；聯絡電話：03-5717654。
3.基於專長需求，本系專業課程以團隊合作、實習及操作進行，建議具備良好的人際溝通、情緒控管及抗壓、肢體、視覺等能力。"
01130,國立清華大學,工學院學士班,第二類學群,5,21,0,0,前標,頂標,前標,0,0,頂標,0,在校學業成績全校排名百分比,學測國文、英文、數學A、自然之級分總和,學測英文級分,學測數學A級分,學測自然級分,學測國文級分,英語文學業成績總平均全校排名百分比,1、在校學業成績全校排名百分比 2、學測國文、英文、數學A、自然之級分總和 3、學測英文級分 4、學測數學A級分 5、學測自然級分 6、學測國文級分 7、英語文學業成績總平均全校排名百分比,,,,,,,入學一年後可選兩個專長就讀，以本院學系擇一為第一個專長，本校10大學院44個領域擇一為第二專長。修畢所規範的128學分，即可領到雙專長畢業證書，因而得以獲得相關升學求職或公職考試資格，增加競爭優勢。本班雙專長共44個領域可選擇，請自行斟酌各領域學習重點及具備之相關能力（如部分學系著重實驗操作，有些須色彩辨識否則容易有危險...等）。各領域相關資訊可透過本班網頁連結參考。
01131,國立清華大學,電機工程學系甲組,第二類學群,1,21,0,0,0,前標,前標,0,0,前標,0,在校學業成績全校排名百分比,學測英文、數學A、自然之級分總和,數學學業成績總平均全校排名百分比,物理學業成績總平均全校排名百分比,學測數學A級分,學測自然級分,學測英文級分,1、在校學業成績全校排名百分比 2、學測英文、數學A、自然之級分總和 3、數學學業成績總平均全校排名百分比 4、物理學業成績總平均全校排名百分比 5、學測數學A級分 6、學測自然級分 7、學測英文級分,,,,,,,教育目標：培養人文素養與科學精神兼備，具自我學習、獨立思考與創造知識的世界級電機科技菁英。本系基本訓練紮實、兼顧理論與實務。必修實作專題，著重研究方法訓練與工程直覺啟發。提供大量英語教學課程，培養專業英語能力和國際社群互動能力。本系提供五年學、碩士雙學位、學士直攻博士，以及國外名校雙聯學位之管道。本組特色：學生入學後滿足成績要求者，可獲四年學雜費獎學金、國際名校暑期學習補助，及國際交換生獎學金；亦輔導學生暑期至科學園區業界實習，並提供學界、業界雙導師制度。
01132,國立清華大學,電機工程學系乙組,第二類學群,29,21,0,0,0,前標,前標,0,0,前標,0,在校學業成績全校排名百分比,學測英文、數學A、自然之級分總和,數學學業成績總平均全校排名百分比,物理學業成績總平均全校排名百分比,學測數學A級分,學測自然級分,學測英文級分,1、在校學業成績全校排名百分比 2、學測英文、數學A、自然之級分總和 3、數學學業成績總平均全校排名百分比 4、物理學業成績總平均全校排名百分比 5、學測數學A級分 6、學測自然級分 7、學測英文級分,,,,,,,教育目標：培養人文素養與科學精神兼備，具有自我學習、獨立思考與創造知識的世界級電機科技菁英。專業知識：注重紮實基本訓練、兼顧理論與實務，並培養學生跨領域合作能力；必修實作專題課程；著重研究方法的訓練與工程直覺的啟發，並提供國內一流科技廠商暑期實習計畫；大量英語教學課程；培養專業英語能力和國際社群互動能力。豐富多元之校內外獎學金：成績優秀學生可獲國際交換生獎學金機會，並與國外著名大學合作授予雙聯學位，提供同學多元出國學習機會。本系亦提供五年取得學、碩士雙學位與學士直攻博士管道。
01133,國立清華大學,資訊工程學系,第二類學群,25,21,1,11,前標,頂標,頂標,0,0,頂標,0,在校學業成績全校排名百分比,學測國文、英文、數學A、自然之級分總和,學測數學A級分,學測自然級分,學測英文級分,學測國文級分,數學學業成績總平均全校排名百分比,1、在校學業成績全校排名百分比 2、學測國文、英文、數學A、自然之級分總和 3、學測數學A級分 4、學測自然級分 5、學測英文級分 6、學測國文級分 7、數學學業成績總平均全校排名百分比,,,,,,,"1.入學後為本系乙組(資訊工程組)學生。
2.「資訊工程組」：本組培養前瞻資訊工程與應用之人才。師資及課程規劃強調跨領域整合、理論與實務兼備，並能與國際接軌。大一、大二安排紮實的基礎課程訓練，大三以上配合資訊、電子產業需求，規劃各種專業領域，包含人工智慧、雲端計算、多媒體系統、網路、嵌入式系統、量子計算、AI晶片設計、資訊安全等領域。成績優秀學生可獲國際交換生交換獎學金機會。本系提供五年學碩士雙學位及學士直攻博士學位管道。"
01134,國立清華大學,電機資訊學院學士班,第二類學群,11,21,0,0,前標,前標,頂標,0,0,頂標,0,在校學業成績全校排名百分比,學測國文、英文、數學A、自然之級分總和,學測自然級分,學測數學A級分,學測英文級分,學測國文級分,數學學業成績總平均全校排名百分比,1、在校學業成績全校排名百分比 2、學測國文、英文、數學A、自然之級分總和 3、學測自然級分 4、學測數學A級分 5、學測英文級分 6、學測國文級分 7、數學學業成績總平均全校排名百分比,,,,,,,1.本學士班培養電機資訊跨領域專長，強調系統軟硬體整合之能力。大一大二著重紮實基礎課程，大三大四彈性規劃電機資訊專業學程。加強英語教學，培養國際視野；提供「實作專題」訓練學生獨立思考、團隊合作與創新能力。2.滿足成績及學科條件者，提供國外知名大學(電機資訊學院方案或清華大學姐妹校)交換學習與獎學金，增進國際觀與文化涵養。3.辦理頂尖企業或研究單位暑期實習說明會，強化理論與實務結合能力，啟發學習熱忱，進而探索未來適合發展的專攻領域。4.提供五年雙學位、學士直攻博士及國外名校雙聯學位管道。
01135,國立清華大學,生命科學系,第三類學群,10,3,0,0,0,前標,前標,0,0,前標,0,在校學業成績全校排名百分比,學測自然級分,學測英文級分,學測數學A級分,生物學業成績總平均全校排名百分比,化學學業成績總平均全校排名百分比,物理學業成績總平均全校排名百分比,1、在校學業成績全校排名百分比 2、學測自然級分 3、學測英文級分 4、學測數學A級分 5、生物學業成績總平均全校排名百分比 6、化學學業成績總平均全校排名百分比 7、物理學業成績總平均全校排名百分比,,,,,,,本系培育學生具備紮實的生命科學知識與技能，提供豐富的專業與跨領域課程讓學生修讀，課程內容兼具基礎研究與產業應用來厚植學生就業能力，也藉此培養具有獨立思考、國際視野的生物科技與生物醫學領導人才。歡迎對生命科學與生技、生醫產業有熱忱與創新的同學加入。
01136,國立清華大學,醫學科學系,第三類學群,9,3,0,0,前標,前標,前標,0,0,前標,0,在校學業成績全校排名百分比,學測國文、英文、數學A、自然之級分總和,生物學業成績總平均全校排名百分比,學測自然級分,學測數學A級分,學測英文級分,學測國文級分,1、在校學業成績全校排名百分比 2、學測國文、英文、數學A、自然之級分總和 3、生物學業成績總平均全校排名百分比 4、學測自然級分 5、學測數學A級分 6、學測英文級分 7、學測國文級分,,,,,,,醫學科學系為全國首創以「人的科學」為中心的前瞻科系，以基礎科學為本，跨領域醫學應用為體，用以培育優秀醫學科學研究人才；本系注重將尖端生醫關鍵技術轉化於輔助醫學診斷與治療的應用，以增進人類福祉為治學宗旨。醫學科學將科學引入醫學，您將會接觸最先進的生醫新知與研究，並且深入了解疾病機制、藥物設計與輔助醫療診斷技術。藉由跨領域科學研究，轉而應用於臨床疾病預防與治療上；您將會由各個層面認識人的科學，從分子、細胞、人體器官系統，深入探索人類疾病的起因與進程。由此，您會發現科學將如何開拓醫學的全新展望。
01137,國立清華大學,生命科學暨醫學院學士班,第三類學群,9,3,0,0,前標,前標,前標,0,0,前標,0,在校學業成績全校排名百分比,學測國文、英文、數學A、自然之級分總和,學測自然級分,學測英文級分,生物學業成績總平均全校排名百分比,學測數學A級分,學測國文級分,1、在校學業成績全校排名百分比 2、學測國文、英文、數學A、自然之級分總和 3、學測自然級分 4、學測英文級分 5、生物學業成績總平均全校排名百分比 6、學測數學A級分 7、學測國文級分,,,,,,,入學學生可依據性向及志趣選擇「生命科學」或「醫學科學」為第一專長，再修習其他學院學系第二專長核心課程，以具備跨領域、雙專長能力；本班目標是培育具有紥實生命科學背景，並且具有國際觀的跨領域科技人才。
01138,國立清華大學,藝術與設計學系創作組,第五類學群,3,2,0,0,均標,均標,0,0,0,0,0,在校學業成績全校排名百分比,美術學業成績總平均全校排名百分比,術科考試素描分數,學測國文級分,學測英文級分,術科考試彩繪技法分數,術科考試創意表現分數,1、在校學業成績全校排名百分比 2、美術學業成績總平均全校排名百分比 3、術科考試素描分數 4、學測國文級分 5、學測英文級分 6、術科考試彩繪技法分數 7、術科考試創意表現分數,素描:均標；彩繪技法:均標；創意表現:均標；水墨書畫:均標；美術鑑賞:均標,,,,,,本系創作組強調具人文素養之專業能力訓練，創作實踐與理論研究並重。創作教學兼重繪畫、水墨、複合媒材裝置、影像與跨域等多元形式表現，並藉史論類課程引導學生獨立思考，透過實作、實習，養成策展、藝術評論能力。學生在各類比賽表現傑出，並積極參訪國際展覽與交流。聯絡電話:03-5715131轉72903。
01139,國立清華大學,藝術與設計學系設計組,第五類學群,3,2,0,0,均標,均標,0,0,0,0,0,在校學業成績全校排名百分比,術科考試創意表現分數,美術學業成績總平均全校排名百分比,學測國文級分,學測英文級分,術科考試素描分數,國語文學業成績總平均全校排名百分比,1、在校學業成績全校排名百分比 2、術科考試創意表現分數 3、美術學業成績總平均全校排名百分比 4、學測國文級分 5、學測英文級分 6、術科考試素描分數 7、國語文學業成績總平均全校排名百分比,素描:均標；彩繪技法:--；創意表現:均標；水墨書畫:--；美術鑑賞:--,,,,,,因應未來趨勢，本系設計組整合智能科技與數位應用於設計專業，注重跨領域學習與國際交流，輔導學生進入產業實習，以培育符合社會需求之設計人才。聯繫電話：03-5715131分機72901。
01201,中國醫藥大學,中醫學系甲組,第三類學群,11,15,0,0,前標,0,頂標,0,前標,頂標,0,在校學業成績全校排名百分比,學測國文、數學A、社會、自然之級分總和,學測國文級分,學測數學A級分,學測自然級分,學測社會級分,數學學業成績總平均全校排名百分比,1、在校學業成績全校排名百分比 2、學測國文、數學A、社會、自然之級分總和 3、學測國文級分 4、學測數學A級分 5、學測自然級分 6、學測社會級分 7、數學學業成績總平均全校排名百分比,,,,,,,1.本學系希望甄選有責任心、樂觀進取、開朗，具有廣泛知識及對中西醫結合有使命感之優秀高中生做為醫學生及未來優秀醫師。2.得申請加修醫學系為雙主修，其資格依本校中醫學系學生修讀醫學系雙主修辦法之規定辦理，修業年限七年(含中醫實習一年)。3.本系為醫療專業學系，學生須具備醫學專業知識與技能。課程學習須運用肢體操作、使用顯微鏡、色彩判定、病症判斷，與人直接互動的特性。4.有關本學系詳細資料請參考網頁https://chmed.cmu.edu.tw。5.本系聯絡電話:04-22053366#3101
01202,中國醫藥大學,中醫學系乙組,第三類學群,11,15,0,0,前標,0,頂標,0,前標,頂標,0,在校學業成績全校排名百分比,學測國文、數學A、社會、自然之級分總和,學測國文級分,學測數學A級分,學測自然級分,學測社會級分,數學學業成績總平均全校排名百分比,1、在校學業成績全校排名百分比 2、學測國文、數學A、社會、自然之級分總和 3、學測國文級分 4、學測數學A級分 5、學測自然級分 6、學測社會級分 7、數學學業成績總平均全校排名百分比,,,,,,,1.本學系希望甄選有責任心、樂觀進取、開朗，具有廣泛知識及對現代化中醫有使命感之優秀高中生做為醫學生及未來優秀醫師。2.修業年限七年(含中醫實習一年)。3.不得申請加修醫學系為雙主修。4.本系為醫療專業學系，學生須具備醫學專業知識與技能。課程學習須運用肢體操作、使用顯微鏡、色彩判定、病症判斷，與人直接互動的特性。5.有關本學系詳細資料請參考網頁https://chmed.cmu.edu.tw。6.本系聯絡電話:04-22053366#3101
01203,中國醫藥大學,藥學系,第三類學群,58,15,10,13,0,均標,均標,0,0,均標,C級,在校學業成績全校排名百分比,學測國文、英文、數學A、自然之級分總和,學測自然級分,學測英文級分,學測數學A級分,學測國文級分,化學學業成績總平均全校排名百分比,1、在校學業成績全校排名百分比 2、學測國文、英文、數學A、自然之級分總和 3、學測自然級分 4、學測英文級分 5、學測數學A級分 6、學測國文級分 7、化學學業成績總平均全校排名百分比,,,,,,,"1.本系為醫療相關學系，學生須具備醫學專業知識與技能。課程學習須運用肢體操作、使用顯微鏡、色彩判定、病症判斷，與人直接互動的特性。
2.學生入學後可依個人意願及本系甄選辦法，選擇就讀藥學學制或臨床藥學學制。
3.本系聯絡電話:04-22053366#5101"
01204,中國醫藥大學,護理學系,第三類學群,16,15,4,13,0,底標,0,0,0,底標,0,在校學業成績全校排名百分比,英語文學業成績總平均全校排名百分比,生物學業成績總平均全校排名百分比,學測英文級分,學測自然級分,學測英文、自然之級分總和,數學學業成績總平均全校排名百分比,1、在校學業成績全校排名百分比 2、英語文學業成績總平均全校排名百分比 3、生物學業成績總平均全校排名百分比 4、學測英文級分 5、學測自然級分 6、學測英文、自然之級分總和 7、數學學業成績總平均全校排名百分比,,,,,,,"1.本系為醫療相關學系，學生須具備醫學專業知識與技能。課程學習須運用肢體操作、使用顯微鏡、色彩判定、病症判斷，與人直接互動的特性。
2.本系聯絡電話:04-22053366#7101網址:https://cmunur.cmu.edu.tw/內有本系師資、課程規劃及其他相關介紹，歡迎點閱。"
01205,中國醫藥大學,醫學檢驗生物技術學系,第三類學群,16,15,3,13,0,底標,0,0,0,底標,0,在校學業成績全校排名百分比,學測英文、自然之級分總和,學測自然級分,學測英文級分,生物學業成績總平均全校排名百分比,化學學業成績總平均全校排名百分比,數學學業成績總平均全校排名百分比,1、在校學業成績全校排名百分比 2、學測英文、自然之級分總和 3、學測自然級分 4、學測英文級分 5、生物學業成績總平均全校排名百分比 6、化學學業成績總平均全校排名百分比 7、數學學業成績總平均全校排名百分比,,,,,,,"1.本系為醫療相關學系，學生須具備醫學專業知識與技能。課程學習須運用肢體操作、使用顯微鏡、色彩判定、病症判斷，與人直接互動的特性。
2.在學期間於本校附設醫院檢驗醫學部實習，畢業後具醫檢師證照者，可優先錄取擔任醫檢師工作。
3.本系聯絡電話:04-22053366#7201網址: https://cmumt.cmu.edu.tw/內有本系師資、課程規劃及其他相關介紹，歡迎點閱。"
01206,中國醫藥大學,營養學系,第三類學群,14,15,3,13,0,底標,0,0,0,底標,0,在校學業成績全校排名百分比,學測自然級分,學測英文級分,學測國文級分,化學學業成績總平均全校排名百分比,生物學業成績總平均全校排名百分比,英語文學業成績總平均全校排名百分比,1、在校學業成績全校排名百分比 2、學測自然級分 3、學測英文級分 4、學測國文級分 5、化學學業成績總平均全校排名百分比 6、生物學業成績總平均全校排名百分比 7、英語文學業成績總平均全校排名百分比,,,,,,,"1.本系為醫療相關學系，學生須具備醫學專業知識與技能。課程學習須運用肢體操作、使用顯微鏡、色彩判定、病症判斷，與人直接互動的特性。
2.本系聯絡電話:04-22053366#7501
3.網址:https://cmuntt.cmu.edu.tw/內有本系師資、課程規劃及其他相關介紹，歡迎點閱。"
01207,中國醫藥大學,物理治療學系,第三類學群,12,15,2,13,0,底標,0,0,0,0,0,在校學業成績全校排名百分比,學測英文、自然之級分總和,學測英文級分,學測自然級分,數學學業成績總平均全校排名百分比,生物學業成績總平均全校排名百分比,物理學業成績總平均全校排名百分比,1、在校學業成績全校排名百分比 2、學測英文、自然之級分總和 3、學測英文級分 4、學測自然級分 5、數學學業成績總平均全校排名百分比 6、生物學業成績總平均全校排名百分比 7、物理學業成績總平均全校排名百分比,,,,,,,"1.本系為醫療相關學系，學生須具備醫學專業知識與技能。課程學習須運用肢體操作、使用顯微鏡、色彩判定、病症判斷，與人直接互動的特性。
2.本系聯絡電話:04-22053366#7301 網址:https://cmupt.cmu.edu.tw/內有本系師資、課程規劃及其他相關介紹，歡迎點閱。"
01208,中國醫藥大學,生物科技學系,第三類學群,12,15,2,13,0,底標,0,0,0,底標,0,在校學業成績全校排名百分比,學測英文級分,學測自然級分,學測國文級分,生物學業成績總平均全校排名百分比,英語文學業成績總平均全校排名百分比,國語文學業成績總平均全校排名百分比,1、在校學業成績全校排名百分比 2、學測英文級分 3、學測自然級分 4、學測國文級分 5、生物學業成績總平均全校排名百分比 6、英語文學業成績總平均全校排名百分比 7、國語文學業成績總平均全校排名百分比,,,,,,,"1.本系聯絡電話:04-22053366#2501
2.網址:https://bst.cmu.edu.tw/內有本系師資、課程規劃及其他相關介紹，歡迎點閱。"
01209,中國醫藥大學,運動醫學系,第三類學群,5,15,2,13,0,底標,0,0,0,底標,0,在校學業成績全校排名百分比,學測自然級分,學測英文級分,學測國文級分,英語文學業成績總平均全校排名百分比,生物學業成績總平均全校排名百分比,國語文學業成績總平均全校排名百分比,1、在校學業成績全校排名百分比 2、學測自然級分 3、學測英文級分 4、學測國文級分 5、英語文學業成績總平均全校排名百分比 6、生物學業成績總平均全校排名百分比 7、國語文學業成績總平均全校排名百分比,,,,,,,"1本系為醫療相關學系，學生須具備醫學專業知識與技能。課程學習須運用肢體操作、色彩判定、病症判斷，與人直接互動的特性。
2.本系分三大發展方向(運動傷害防護領域、健康體適能與運動休閒領域、運動科學領域)，入學後至少須修習一個領域規定之選修課程學分。
3.本系聯絡電話：04-22053366#7601網址：https://cmussm.cmu.edu.tw/內有本系師資、課程規劃及其他相關介紹，歡迎點閱。"
01210,中國醫藥大學,中國藥學暨中藥資源學系,第三類學群,11,15,1,13,底標,底標,0,0,0,0,0,在校學業成績全校排名百分比,學測英文級分,學測國文級分,數學學業成績總平均全校排名百分比,化學學業成績總平均全校排名百分比,生物學業成績總平均全校排名百分比,英語文學業成績總平均全校排名百分比,1、在校學業成績全校排名百分比 2、學測英文級分 3、學測國文級分 4、數學學業成績總平均全校排名百分比 5、化學學業成績總平均全校排名百分比 6、生物學業成績總平均全校排名百分比 7、英語文學業成績總平均全校排名百分比,,,,,,,1.本系為國內第一個也是唯一以中藥為主的大學系所，同時也是台灣第一個專門培育以中藥專業與生物科技等跨領域專業知能人才為主的系所。2.本學系畢業生具「高考三級生藥中藥基原鑑定、關務特考三等藥事特考」考試資格；畢業後並完成專任中藥相關實務歷練一年以上之訓練，得登記並具有「中藥販賣業藥商」資格。3.本系聯絡電話:04-22053366#5201 網址: https://cmuscmr.cmu.edu.tw/內有本系師資、課程規劃及其他相關介紹，歡迎點閱。
01211,中國醫藥大學,藥用化妝品學系,第三類學群,14,15,2,13,0,底標,0,0,0,底標,0,在校學業成績全校排名百分比,學測英文、自然之級分總和,學測英文級分,學測自然級分,化學學業成績總平均全校排名百分比,生物學業成績總平均全校排名百分比,英語文學業成績總平均全校排名百分比,1、在校學業成績全校排名百分比 2、學測英文、自然之級分總和 3、學測英文級分 4、學測自然級分 5、化學學業成績總平均全校排名百分比 6、生物學業成績總平均全校排名百分比 7、英語文學業成績總平均全校排名百分比,,,,,,,"1.本系除了涵蓋一般化妝品科技外亦包括藥用化妝品科技且融入醫藥、中草藥暨生物科技課程，以及企劃行銷管理美學課程，培育具化妝品研發、製造、檢驗、企劃行銷及安全評估之專業人才。
2.本系聯絡電話：04-22053366#5301 網址：https://cmuscc.cmu.edu.tw/內有本系師資、課程規劃及其他相關介紹，歡迎點閱。"
01212,中國醫藥大學,生物醫學影像暨放射科學學系,第三類學群,10,15,3,13,0,底標,0,0,0,0,0,在校學業成績全校排名百分比,學測英文、自然之級分總和,數學學業成績總平均全校排名百分比,學測自然級分,學測英文級分,學測國文級分,物理學業成績總平均全校排名百分比,1、在校學業成績全校排名百分比 2、學測英文、自然之級分總和 3、數學學業成績總平均全校排名百分比 4、學測自然級分 5、學測英文級分 6、學測國文級分 7、物理學業成績總平均全校排名百分比,,,,,,,"1.招收對於醫學知識、生物資訊、影像處理、醫學工程有興趣之畢業生。
2.本系聯絡電話：04-22053366#7815，網址:https://mrt.cmu.edu.tw/內有本系師資、課程規劃及其他相關介紹，歡迎點閱。"
01213,中國醫藥大學,公共衛生學院大一不分系,第三類學群,37,15,5,13,底標,底標,0,0,0,0,0,在校學業成績全校排名百分比,學測英文級分,學測國文級分,學測國文、英文之級分總和,英語文學業成績總平均全校排名百分比,國語文學業成績總平均全校排名百分比,生物學業成績總平均全校排名百分比,1、在校學業成績全校排名百分比 2、學測英文級分 3、學測國文級分 4、學測國文、英文之級分總和 5、英語文學業成績總平均全校排名百分比 6、國語文學業成績總平均全校排名百分比 7、生物學業成績總平均全校排名百分比,,,,,,,"1.本院採大一不分系招生，大二分流。升大二時填志願選擇本院公共衛生學系或醫務管理學系或職業安全與衛生學系就讀。相關規定請至本院網頁查詢。
2.本院聯絡電話：04-22053366#6001
3.網址：https://cph.cmu.edu.tw/內有本院師資、課程規劃及其他相關介紹，歡迎點閱。"
01214,中國醫藥大學,生物醫學工程學系,第三類學群,11,15,2,13,0,底標,0,0,0,底標,0,在校學業成績全校排名百分比,學測英文級分,生物學業成績總平均全校排名百分比,物理學業成績總平均全校排名百分比,英語文學業成績總平均全校排名百分比,數學學業成績總平均全校排名百分比,國語文學業成績總平均全校排名百分比,1、在校學業成績全校排名百分比 2、學測英文級分 3、生物學業成績總平均全校排名百分比 4、物理學業成績總平均全校排名百分比 5、英語文學業成績總平均全校排名百分比 6、數學學業成績總平均全校排名百分比 7、國語文學業成績總平均全校排名百分比,,,,,,,"1.本系設立宗旨為培育生物醫學與工程跨領域專業知能之優秀人才。課程著重於建構生物(細胞生物、生物化學)、醫學(生理、解剖)及工程(資訊、力學、電子、材料)跨領域的專業知識。中、高年級有AI輔助醫療、智慧醫療照護及3D列印醫材等特色課程。奠定基石朝向醫療健康照護的產、官、學、研單位發展。
2.修業四年(含實習課程)。
3.學系網址https://bme.cmu.edu.tw/，連絡電話04-22053366#1690"
01215,中國醫藥大學,醫療資訊學系,第三類學群,12,15,2,13,0,底標,0,0,0,底標,0,在校學業成績全校排名百分比,學測英文、自然之級分總和,學測自然級分,學測英文級分,生物學業成績總平均全校排名百分比,物理學業成績總平均全校排名百分比,資訊科技學業成績總平均全校排名百分比,1、在校學業成績全校排名百分比 2、學測英文、自然之級分總和 3、學測自然級分 4、學測英文級分 5、生物學業成績總平均全校排名百分比 6、物理學業成績總平均全校排名百分比 7、資訊科技學業成績總平均全校排名百分比,,,,,,,"1.本系設立宗旨為培育跨領域的生物醫療資訊應用專才，招收對醫療臨床知識、健康大數據、人工智慧應用有興趣之學生，主題涵蓋精準醫療、智慧長照與數位治療、醫事資訊管理等。
2.本系連絡電話：04-22053366#1339，網址：https://dbmi.cmu.edu.tw/ 內有本系師資、課程規劃及其他相關介紹，歡迎點閱。"
01216,中國醫藥大學,牙醫學系,第八類學群,8,2,0,0,前標,0,前標,0,前標,前標,0,在校學業成績全校排名百分比,學測國文、數學A、社會、自然之級分總和,學測自然級分,學測數學A級分,學測國文級分,學測社會級分,物理學業成績總平均全校排名百分比,1、在校學業成績全校排名百分比 2、學測國文、數學A、社會、自然之級分總和 3、學測自然級分 4、學測數學A級分 5、學測國文級分 6、學測社會級分 7、物理學業成績總平均全校排名百分比,,,面試,100%,12,1100,"1.本系為醫療專業學系，學生須具備醫學專業知識與技能。課程學習須運用肢體操作、使用顯微鏡、色彩判定、病症判斷，與人直接互動的特性。
2.入學後就讀期間需自備部分牙科專業器材。"
01217,中國醫藥大學,醫學系,第八類學群,16,2,0,0,前標,0,頂標,0,前標,頂標,A級,在校學業成績全校排名百分比,學測國文、數學A、社會、自然之級分總和,學測自然級分,學測數學A級分,學測國文級分,學測社會級分,化學學業成績總平均全校排名百分比,1、在校學業成績全校排名百分比 2、學測國文、數學A、社會、自然之級分總和 3、學測自然級分 4、學測數學A級分 5、學測國文級分 6、學測社會級分 7、化學學業成績總平均全校排名百分比,,,面試,100%,21,1100,1.本系為醫療專業學系，學生須具備醫學專業知識與技能。課程學習需運用肢體操作、使用顯微鏡、色彩判定、病症判斷，與人直接互動的特性。2.修業年限六年。3.醫學院為本校「大專校院雙語化學習計畫」之重點培育學院，本系學生應依EMI修課規定修習全英課程。4.錄取生可選擇於六月報名「醫師科學家MD/PD人才培育計畫」甄選。
01301,國立陽明交通大學,資訊管理與財務金融學系財務金融組,第一類學群,3,5,1,4,前標,前標,前標,0,0,0,0,在校學業成績全校排名百分比,學測國文、英文、數學A之級分總和,學測數學A級分,學測英文級分,學測國文級分,數學學業成績總平均全校排名百分比,英語文學業成績總平均全校排名百分比,1、在校學業成績全校排名百分比 2、學測國文、英文、數學A之級分總和 3、學測數學A級分 4、學測英文級分 5、學測國文級分 6、數學學業成績總平均全校排名百分比 7、英語文學業成績總平均全校排名百分比,,,,,,,資財系財務金融組以堅強師資培養未來金融市場的領袖人才，提供財務金融領域的學習環境，包括公司財管、證券投資、衍生性商品、財務工程、風險管理、金融機構管理等方向。同學並可透過選修資訊相關課程，整合資訊技術應用於財金知識的絕佳競爭力。電話：03-5131358，網址：https://imf.nycu.edu.tw。
01302,國立陽明交通大學,管理科學系,第一類學群,6,5,0,0,前標,前標,前標,0,0,0,0,在校學業成績全校排名百分比,學測數學A級分,學測英文級分,學測國文級分,學測國文、英文、數學A之級分總和,數學學業成績總平均全校排名百分比,英語文學業成績總平均全校排名百分比,1、在校學業成績全校排名百分比 2、學測數學A級分 3、學測英文級分 4、學測國文級分 5、學測國文、英文、數學A之級分總和 6、數學學業成績總平均全校排名百分比 7、英語文學業成績總平均全校排名百分比,,,,,,,"管理科學系以培養未來企業專業經理人及領袖人才為目標，提供一般管理包含行銷學、財務管理、管理資訊系統、智慧生產與供應鏈管理及人力資源管理等課程訓練，並可透過選修，選讀專門管理科目，發展專業管理專長。
學系電話：(03)571-2121分機57153；E-mail：klt@nycu.edu.tw；學系網址：https://ms.nycu.edu.tw/"
01303,國立陽明交通大學,傳播與科技學系,第一類學群,5,5,1,4,頂標,頂標,0,均標,前標,0,0,在校學業成績全校排名百分比,學測英文級分,學測國文級分,學測社會級分,英語文學業成績總平均全校排名百分比,國語文學業成績總平均全校排名百分比,學測數學B級分,1、在校學業成績全校排名百分比 2、學測英文級分 3、學測國文級分 4、學測社會級分 5、英語文學業成績總平均全校排名百分比 6、國語文學業成績總平均全校排名百分比 7、學測數學B級分,,,,,,,"本系是全國唯一的傳播與科技學系，以培養傑出的傳播產業創新者與領導者為目標。我們擁有優秀的師資、獨立完整的系館空間、先進豐富的教學與研究設備。大學部課程設計打破「理論」與「實務」區別，代之以「問題與解決導向」的課程理念，並根據最新傳播產業趨勢規劃「媒體創作」、「策略傳播」、「數位設計」等三大專長模組。
電話：03-5131513；傳真：03-5509658
信箱：eating.hk11@nycu.edu.tw；網址：https://dcat.nycu.edu.tw/"
01304,國立陽明交通大學,外國語文學系,第一類學群,7,5,1,4,前標,頂標,0,均標,前標,0,0,在校學業成績全校排名百分比,學測英文級分,學測國文級分,學測數學B級分,學測社會級分,學測國文、英文、數學B、社會之級分總和,英語文學業成績總平均全校排名百分比,1、在校學業成績全校排名百分比 2、學測英文級分 3、學測國文級分 4、學測數學B級分 5、學測社會級分 6、學測國文、英文、數學B、社會之級分總和 7、英語文學業成績總平均全校排名百分比,,,,,,,"電話：03-5731661或分機31661
Email:nycufloffice@gmail.com
網址：http://fl.nycu.edu.tw/"
01305,國立陽明交通大學,人文社會學系,第一類學群,8,5,1,4,前標,前標,0,0,前標,0,0,在校學業成績全校排名百分比,學測國文級分,學測社會級分,學測英文級分,國語文學業成績總平均全校排名百分比,公民與社會學業成績總平均全校排名百分比,英語文學業成績總平均全校排名百分比,1、在校學業成績全校排名百分比 2、學測國文級分 3、學測社會級分 4、學測英文級分 5、國語文學業成績總平均全校排名百分比 6、公民與社會學業成績總平均全校排名百分比 7、英語文學業成績總平均全校排名百分比,,,,,,,人文社會學系強調學生的跨領域學習，首先以人文(humanities)與社會科學(social sciences)的專業知識為基礎，培養學生獨立思考及實踐參與的態度與能力；其次，鼓勵學生進一步學習各類應用學科為專長領域，甚至進一步探索人文與科技之對話與整合。我們相信在這一跨領域學習的風氣中，學生將能充分領悟在地文化的獨特性與價值，並在全球化潮流中，展露精采。電話:03-5131394 ; 傳真:03-6580677 ; E-mail:ypteng@nycu.edu.tw; 網址:http://hs.nycu.edu.tw
01306,國立陽明交通大學,半導體工程學系固態電子組,第二類學群,6,20,0,0,0,前標,頂標,0,0,前標,0,在校學業成績全校排名百分比,學測自然級分,學測數學A級分,學測英文級分,數學學業成績總平均全校排名百分比,物理學業成績總平均全校排名百分比,英語文學業成績總平均全校排名百分比,1、在校學業成績全校排名百分比 2、學測自然級分 3、學測數學A級分 4、學測英文級分 5、數學學業成績總平均全校排名百分比 6、物理學業成績總平均全校排名百分比 7、英語文學業成績總平均全校排名百分比,,,,,,,1.「固態電子組」修習領域包括：量子物理、IC製程、元件開發以及晶片設計。大一至大二修習核心基礎必修課程，大三起針對半導體與積體電路領域修習專業課程並進行相關實驗操作，培訓實做能力。目標為培養具出眾專業素養、領袖氣質及廣闊國際視野之半導體領域人才。2.提供出國獎學金赴一流名校進修半年到一年，或至國內外世界級企業(如台積電)暑期實習機會及名校3+2雙聯學位機會(如UIUC電機所雙聯)。3.畢業將成為半導體領域業界競相爭取的對象，成為薪資優渥之高階科技業人才。4.本系網站: https://mee.nycu.edu.tw/；聯絡電話: 03-5731654。
01307,國立陽明交通大學,半導體工程學系奈米科學組,第二類學群,3,20,0,0,0,前標,前標,0,0,頂標,0,在校學業成績全校排名百分比,學測數學A級分,學測自然級分,學測英文級分,數學學業成績總平均全校排名百分比,物理學業成績總平均全校排名百分比,英語文學業成績總平均全校排名百分比,1、在校學業成績全校排名百分比 2、學測數學A級分 3、學測自然級分 4、學測英文級分 5、數學學業成績總平均全校排名百分比 6、物理學業成績總平均全校排名百分比 7、英語文學業成績總平均全校排名百分比,,,,,,,1.「奈米科學組」以培育跨領域人才為主軸，大一至大二修習核心基礎必修課程如物理、化學、電子、材料、生科、程式與數學等學科，大三起依興趣選擇奈米電子、奈米光電、奈米材料及奈米生科等四領域擇二為主專長，精進專業知識深度。2.提供出國獎學金赴一流名校進修半年到一年，或至國內外世界級企業(如台積電)暑期實習機會及名校3+2雙聯學位機會(如UIUC電機所雙聯)。3.畢業將成為半導體領域業界競相爭取的對象，成為薪資優渥之高階科技業人才。4.本系網站: https://mee.nycu.edu.tw/；聯絡電話: 03-5731654。
01308,國立陽明交通大學,理學院科學學士學位學程(乙組),第二類學群,1,20,0,0,均標,前標,前標,0,0,前標,0,在校學業成績全校排名百分比,學測數學A級分,學測自然級分,學測英文級分,學測國文、英文、數學A、自然之級分總和,數學學業成績總平均全校排名百分比,英語文學業成績總平均全校排名百分比,1、在校學業成績全校排名百分比 2、學測數學A級分 3、學測自然級分 4、學測英文級分 5、學測國文、英文、數學A、自然之級分總和 6、數學學業成績總平均全校排名百分比 7、英語文學業成績總平均全校排名百分比,,,,,,,"跨領域雙學位『科學學士學位學程』提供跨領域基礎科學之訓練，進而培養科學研發及高科技單位之跨領域人才為目標。本學程（乙組）之學生必須選定「應用數學系」為主修學系，滿足修業規定可獲雙學位。本學程精心安排跨領域(如基礎科學、大數據及AI、智慧生醫)課程，並由雙導師積極提供生活輔導及學習諮詢。成績符合規定者，可獲獎學金於寒暑假參與國內外短期研習及大三、大四時赴國外交換學生(一學期或一學年)，鼓勵成績優秀者逕讀碩、博士。
學位學程辦公室電話:03-5131452(或03-5712121轉分機31452)；網址:https://isdp.web.nycu.edu.tw/。"
01309,國立陽明交通大學,理學院科學學士學位學程(丙組),第二類學群,1,20,0,0,均標,前標,前標,0,0,前標,0,在校學業成績全校排名百分比,學測自然級分,學測數學A級分,學測英文級分,學測國文、英文、數學A、自然之級分總和,化學學業成績總平均全校排名百分比,英語文學業成績總平均全校排名百分比,1、在校學業成績全校排名百分比 2、學測自然級分 3、學測數學A級分 4、學測英文級分 5、學測國文、英文、數學A、自然之級分總和 6、化學學業成績總平均全校排名百分比 7、英語文學業成績總平均全校排名百分比,,,,,,,"跨領域雙學位『科學學士學位學程』提供跨領域基礎科學之訓練，進而培養科學研發及高科技單位之跨領域人才為目標。本學程（丙組）之學生必須選定「應用化學系」為主修學系，滿足修業規定可獲雙學位。本學程精心安排跨領域(如基礎科學、大數據及AI、智慧生醫)課程，並由雙導師積極提供生活輔導及學習諮詢。成績符合規定者，可獲獎學金於寒暑假參與國內外短期研習及大三、大四時赴國外交換學生(一學期或一學年)，鼓勵成績優秀者逕讀碩、博士。
學位學程辦公室電話:03-5131452(或03-5712121轉分機31452)；網址:https://isdp.web.nycu.edu.tw/。"
01310,國立陽明交通大學,電機工程學系甲組(電資國際組),第二類學群,9,20,0,0,0,頂標,頂標,0,0,頂標,0,在校學業成績全校排名百分比,數學學業成績總平均全校排名百分比,學測自然級分,學測數學A級分,學測英文、數學A、自然之級分總和,學測英文級分,物理學業成績總平均全校排名百分比,1、在校學業成績全校排名百分比 2、數學學業成績總平均全校排名百分比 3、學測自然級分 4、學測數學A級分 5、學測英文、數學A、自然之級分總和 6、學測英文級分 7、物理學業成績總平均全校排名百分比,,,,,,,"特色：本系整合十五大電機資訊學程，並在 AI、半導體晶片、生醫電子、尖端通訊、人形機器人等核心領域展現深厚研究能量與國際領先地位，致力於培養具跨域整合與前瞻創新能力的菁英。課程規劃強調實作導向，透過完整的實驗訓練，引導學生培養獨立解決複雜工程問題的能力。甲組課程以全英文授課，強化國際專業溝通與學術接軌能力。表現優異者，將可獲得獎學金，前往全球一流大學進修半年至一年，並提供國際雙聯學位管道。此外，學生亦可申請五年學碩士雙學位計畫，或獲得支持創新創業的多元資源，以拓展研究與實踐的新局。
陽明交大電機專線：03-5166336　陽明交大電機網站：https://dee.nycu.edu.tw/"
01311,國立陽明交通大學,電機工程學系乙組(電機工程組),第二類學群,35,20,2,4,0,前標,頂標,0,0,頂標,0,在校學業成績全校排名百分比,數學學業成績總平均全校排名百分比,學測自然級分,學測數學A級分,學測英文、數學A、自然之級分總和,學測英文級分,物理學業成績總平均全校排名百分比,1、在校學業成績全校排名百分比 2、數學學業成績總平均全校排名百分比 3、學測自然級分 4、學測數學A級分 5、學測英文、數學A、自然之級分總和 6、學測英文級分 7、物理學業成績總平均全校排名百分比,,,,,,,"特色：本系整合十五大電機資訊學程，在 AI、半導體晶片、生醫電子、尖端通訊、人形機器人等關鍵領域具備深厚研究能量與國際領先地位，致力於培養兼具跨域整合與前瞻創新能力的菁英人才。課程設計強調實作與應用，透過紮實的實驗訓練，培養學生獨立分析與解決複雜工程問題的能力。在校成績優異者，可申請出國獎學金，前往世界一流名校進修，拓展國際視野並建立國際接軌能力。此外，學生亦可選擇五年學碩士雙學位途徑，或獲得支持創新創業的獎助資源，以實現學術研究與實務應用的多元發展。
陽明交大電機專線：03-5166336　陽明交大電機網站：https://dee.nycu.edu.tw/"
01312,國立陽明交通大學,電機工程學系丙組(醫學電資組),第二類學群,1,20,0,0,0,前標,頂標,0,0,頂標,0,在校學業成績全校排名百分比,數學學業成績總平均全校排名百分比,學測自然級分,學測數學A級分,學測英文、數學A、自然之級分總和,物理學業成績總平均全校排名百分比,學測英文級分,1、在校學業成績全校排名百分比 2、數學學業成績總平均全校排名百分比 3、學測自然級分 4、學測數學A級分 5、學測英文、數學A、自然之級分總和 6、物理學業成績總平均全校排名百分比 7、學測英文級分,,,,,,,"特色：丙組採「醫師×工程師」跨域培育模式，接受完整電機訓練並與醫學系合班完成醫學基礎課程，培養具醫學素養與電機專長的複合型人才。課程設計強調實驗與專題實作，聚焦於生醫電子，培養學生解決跨域問題的能力。畢業後除可報考學士後醫科外，亦能投入生醫電子、智慧醫療或其他電機前瞻領域，出路廣泛且多元。新生入學可獲獎學金支持，在學期間成績優異者可申請出國獎學金，赴世界頂尖名校進修，拓展國際視野並強化國際接軌能力，學生亦可申請五年學碩士雙學位或創新創業的多元資源。
陽明交大電機系專線：03-5166336　陽明交大電機網站：https://dee.nycu.edu.tw/"
01313,國立陽明交通大學,光電工程學系,第二類學群,9,20,1,4,均標,前標,頂標,0,0,前標,0,在校學業成績全校排名百分比,學測英文、數學A、自然之級分總和,學測數學A級分,學測自然級分,學測英文級分,學測國文級分,物理學業成績總平均全校排名百分比,1、在校學業成績全校排名百分比 2、學測英文、數學A、自然之級分總和 3、學測數學A級分 4、學測自然級分 5、學測英文級分 6、學測國文級分 7、物理學業成績總平均全校排名百分比,,,,,,,1.本系為國內第一所創立的光電系，旨在提供先進光電專業技術及多元跨領域應用等課程。更規劃智慧光電課程模組，教授光電科技在人工智慧、半導體、電路晶片設計、物聯網、新材料、生醫、太空航太、綠能、光通訊及矽光子學中扮演之重要角色。2.本系培育之畢業生為國內外各科技業及研究單位爭相延攬的專業人才，如資訊電子、光電、半導體、晶片設計、系統整合等產業領域。3.首創三一學程，橫跨電機學院、工學院、理學院三大學院的模組課程設計。4.具跨領域特色，歡迎各學群報考。5.經濟弱勢學生獎助學金。6.本系千惠出國交換獎學金。7.五年學碩士、大學逕讀博士計畫。8.網頁:https://dop.nycu.edu.tw，電話:03-5731935。
01314,國立陽明交通大學,資訊工程學系,第二類學群,26,20,0,0,前標,前標,頂標,0,0,頂標,0,在校學業成績全校排名百分比,數學學業成績總平均全校排名百分比,學測數學A級分,學測自然級分,學測英文級分,學測國文級分,英語文學業成績總平均全校排名百分比,1、在校學業成績全校排名百分比 2、數學學業成績總平均全校排名百分比 3、學測數學A級分 4、學測自然級分 5、學測英文級分 6、學測國文級分 7、英語文學業成績總平均全校排名百分比,,,,,,,"一、本系特色：1.全國成立最早、規模最大之資工系。2.畢業系友最多。3.就業薪資高。4.課程設計完整。5.提供逕讀博士之修業管道。6.提供優秀學生赴國外一流大學修讀雙聯學位機會。
二、聯絡方式：電話03-5715900、傳真：03-5721490、網址：https://www.cs.nycu.edu.tw/、EMAIL：office@cs.nycu.edu.tw。"
01315,國立陽明交通大學,材料科學與工程學系,第二類學群,9,20,0,0,均標,均標,均標,0,0,均標,0,在校學業成績全校排名百分比,學測自然級分,學測數學A級分,學測英文級分,物理學業成績總平均全校排名百分比,化學學業成績總平均全校排名百分比,英語文學業成績總平均全校排名百分比,1、在校學業成績全校排名百分比 2、學測自然級分 3、學測數學A級分 4、學測英文級分 5、物理學業成績總平均全校排名百分比 6、化學學業成績總平均全校排名百分比 7、英語文學業成績總平均全校排名百分比,,,,,,,"電話：03-5712121 ext.55301
傳真：03-5724727
網址：http://mse.nycu.edu.tw/
Email：chhsu0909@nycu.edu.tw"
01316,國立陽明交通大學,機械工程學系,第二類學群,12,20,0,0,前標,前標,頂標,0,0,前標,0,在校學業成績全校排名百分比,學測數學A級分,學測自然級分,學測英文級分,數學學業成績總平均全校排名百分比,物理學業成績總平均全校排名百分比,國語文學業成績總平均全校排名百分比,1、在校學業成績全校排名百分比 2、學測數學A級分 3、學測自然級分 4、學測英文級分 5、數學學業成績總平均全校排名百分比 6、物理學業成績總平均全校排名百分比 7、國語文學業成績總平均全校排名百分比,,,,,,,本系教師學術研究領域廣泛，在教學與研究同時兼具「理論研究」與「實作驗證」、「傳統+傳承」與「創新+創意」「元件製程」與「系統整合」、「機械基礎廣度」與「專業領域」等四方面發展特色。歡迎對精密機械、設計製造、機電系統、熱流能源、生物力學有興趣的同學報考。本系教學強調理論與實務結合，並有豐富的選課資源，大三開始機械實作科目，經由親自操作，訓練學生從機械元件的設計分析到機電與動力系統的整合。另提供學生機械智慧創新實作、參與專題研究、赴國外一流大學交換。詳見本系網站/高中生專區(http://me.nycu.edu.tw)。聯絡電話: 03-5712121分機31477。E-mail:meisun@nycu.edu.tw
01317,國立陽明交通大學,土木工程學系(科技暨基礎建設永續發展組),第二類學群,12,20,0,0,前標,前標,前標,0,0,前標,0,在校學業成績全校排名百分比,學測數學A級分,學測自然級分,學測英文級分,學測國文級分,數學學業成績總平均全校排名百分比,物理學業成績總平均全校排名百分比,1、在校學業成績全校排名百分比 2、學測數學A級分 3、學測自然級分 4、學測英文級分 5、學測國文級分 6、數學學業成績總平均全校排名百分比 7、物理學業成績總平均全校排名百分比,,,,,,,本系通過中華工程教育學會(IEET)之國際工程教育認證，課程設計強調理論與實務並重，除力學基礎課程、實驗及設計應用等課程，亦含括土木、水利與建築工程技術、空間資訊及管理技術之結合，並提供專題研究與跨領域學程。畢業後就業單位寬廣，包含政府部門、國營事業、工程顧問公司、建築及營造公司等，及透過技師證照(土木、結構、大地、水利、測量、水土保持等技師)之取得自行開業。電話：03-6126512；傳真：03-5716257；E-mail：ipchow@nycu.edu.tw；網址：https://ce.nycu.edu.tw/
01318,國立陽明交通大學,電子物理學系光電與奈米科學組,第二類學群,3,20,0,0,前標,前標,頂標,0,0,前標,0,在校學業成績全校排名百分比,學測數學A級分,學測英文級分,學測自然級分,學測國文級分,學測國文、英文、數學A、自然之級分總和,物理學業成績總平均全校排名百分比,1、在校學業成績全校排名百分比 2、學測數學A級分 3、學測英文級分 4、學測自然級分 5、學測國文級分 6、學測國文、英文、數學A、自然之級分總和 7、物理學業成績總平均全校排名百分比,,,,,,,為了發展次世代科技人才，本系致力培養物理、電子、光電、材料、半導體以及奈米科學等跨領域人才，畢業生均為園區熱門產業首選。本系提供專業以及跨域專長學程等多樣選擇，針對不同學生適性教學，並藉以結合逕讀等直升方案，縮短碩、博士修業時程。鼓勵參與各教授實驗室專題，累積研究能力，以及參加各種跨國學習及研究方案，提升國際視野，厚植學生未來生涯規劃各項實力。另外提供入學、成績優異與出國獎學金之各項獎學金，總額可達七十八萬元，相關辦法請詳見網頁(http://ep.nycu.edu.tw/)。
01319,國立陽明交通大學,電子物理學系電子物理組,第二類學群,4,20,0,0,前標,前標,頂標,0,0,前標,0,在校學業成績全校排名百分比,學測數學A級分,學測英文級分,學測自然級分,學測國文級分,學測國文、英文、數學A、自然之級分總和,物理學業成績總平均全校排名百分比,1、在校學業成績全校排名百分比 2、學測數學A級分 3、學測英文級分 4、學測自然級分 5、學測國文級分 6、學測國文、英文、數學A、自然之級分總和 7、物理學業成績總平均全校排名百分比,,,,,,,"為了發展次世代科技人才，本系致力培養物理、電子、材料、半導體以及量子科學等跨領域人才，畢業生均為園
區熱門產業首選。本系提供專業以及跨域專長學程等多樣選擇，針對不同學生適性教學，並藉以結合逕讀等直升
方案，縮短碩、博士修業時程。鼓勵參與各教授實驗室專題，累積研究能力，以及參加各種跨國學習及研究方案
，提升國際視野，厚植學生未來生涯規劃各項實力。另外提供入學、成績優異與出國獎學金之各項獎學金，總額
可達七十八萬元，相關辦法請詳見網頁(http://ep.nycu.edu.tw/)。"
01320,國立陽明交通大學,應用化學系,第二類學群,8,20,0,0,均標,頂標,均標,0,0,頂標,0,在校學業成績全校排名百分比,學測國文、英文、數學A、自然之級分總和,學測自然級分,學測數學A級分,學測英文級分,學測國文級分,化學學業成績總平均全校排名百分比,1、在校學業成績全校排名百分比 2、學測國文、英文、數學A、自然之級分總和 3、學測自然級分 4、學測數學A級分 5、學測英文級分 6、學測國文級分 7、化學學業成績總平均全校排名百分比,,,,,,,"本系以培養跨領域科技人才，發展方向為分子科學、材料化學、高分子化學及生物分析化學，課程兼具純化學與應用化學之特色。
電話：(03)571-2121(分機：56501)
傳真：(03)572-3764
網址：https://dac.nycu.edu.tw"
01321,國立陽明交通大學,應用數學系,第二類學群,7,20,1,4,均標,前標,頂標,0,0,前標,0,在校學業成績全校排名百分比,學測國文、英文、數學A、自然之級分總和,學測數學A級分,學測英文級分,學測自然級分,學測國文級分,數學學業成績總平均全校排名百分比,1、在校學業成績全校排名百分比 2、學測國文、英文、數學A、自然之級分總和 3、學測數學A級分 4、學測英文級分 5、學測自然級分 6、學測國文級分 7、數學學業成績總平均全校排名百分比,,,,,,,"電話：03-5722088
電子郵件：Hycheng@nycu.edu.tw
網址：https://www.math.nycu.edu.tw/"
01322,國立陽明交通大學,資訊管理與財務金融學系資訊管理組,第二類學群,3,20,1,4,0,前標,前標,0,0,前標,0,在校學業成績全校排名百分比,學測英文、數學A、自然之級分總和,學測數學A級分,學測英文級分,學測自然級分,數學學業成績總平均全校排名百分比,英語文學業成績總平均全校排名百分比,1、在校學業成績全校排名百分比 2、學測英文、數學A、自然之級分總和 3、學測數學A級分 4、學測英文級分 5、學測自然級分 6、數學學業成績總平均全校排名百分比 7、英語文學業成績總平均全校排名百分比,,,,,,,資財系資訊管理組以陽明交大在資訊方面的優勢結合管理的學習環境，訓練學生有效整合資訊技術與管理的知識與能力，並以培育金融等數位經濟企業的資訊服務創新與知識價值創造之領袖人才為宗旨。電話：03-5131358，網址：https://imf.nycu.edu.tw。
01323,國立陽明交通大學,運輸與物流管理學系,第二類學群,7,20,0,0,均標,前標,前標,0,0,前標,0,在校學業成績全校排名百分比,學測數學A級分,學測英文級分,學測自然級分,學測國文級分,數學學業成績總平均全校排名百分比,英語文學業成績總平均全校排名百分比,1、在校學業成績全校排名百分比 2、學測數學A級分 3、學測英文級分 4、學測自然級分 5、學測國文級分 6、數學學業成績總平均全校排名百分比 7、英語文學業成績總平均全校排名百分比,,,,,,,"本系為國內運輸與物流管理領域排名第一之學系，涵蓋管理、資訊與數量分析相關基礎課程、運輸與物流專業基礎課程、交通控制與智慧型運輸領域、運輸政策與規劃領域及物流管理領域專業課程。就業管道多元，含：交通運輸相關公職、顧問公司工程師/顧問、運輸產業經理人及高階主管、交通運輸相關應用資通訊產業工程師/顧問、全球運籌管理專業經理人、採購規劃師、供應鏈管理經理人。
電話：03-5712121轉57202 傳真：03-5720844 網址：https://tlm.nycu.edu.tw E-mail：jeanwang@nycu.edu.tw"
01324,國立陽明交通大學,工業工程與管理學系,第二類學群,8,20,0,0,0,前標,前標,0,0,前標,0,在校學業成績全校排名百分比,學測數學A級分,數學學業成績總平均全校排名百分比,學測英文級分,學測自然級分,學測數學A、自然之級分總和,學測國文級分,1、在校學業成績全校排名百分比 2、學測數學A級分 3、數學學業成績總平均全校排名百分比 4、學測英文級分 5、學測自然級分 6、學測數學A、自然之級分總和 7、學測國文級分,,,,,,,"電話：03-5131328
傳真：03-5729101
網址：https://iem.nycu.edu.tw/
E-mail：chunjulin@nycu.edu.tw"
01325,國立陽明交通大學,生物醫學工程學系,第二類學群,3,20,0,0,均標,前標,前標,0,0,前標,0,在校學業成績全校排名百分比,學測英文、數學A、自然之級分總和,學測自然級分,學測數學A級分,學測英文級分,物理學業成績總平均全校排名百分比,數學學業成績總平均全校排名百分比,1、在校學業成績全校排名百分比 2、學測英文、數學A、自然之級分總和 3、學測自然級分 4、學測數學A級分 5、學測英文級分 6、物理學業成績總平均全校排名百分比 7、數學學業成績總平均全校排名百分比,,,,,,,本系為橋接工程與醫學之跨領域學系，為國立大學第一個醫學工程學系及研究所，校友廣佈產官學研醫各界擔任重要職位。本系鄰近大型建教合作醫院（北榮、振興、亞東…等醫院）與生醫產業聚落（竹北與南港等國家級生醫園區）形成特有健康福祉科研與產業育成環境。訓練具備電子資訊/機械力學/材料化工/基礎醫學整合能力的優秀學子，畢業後能與臨床醫師及其他專業人士共同為保健/預防/診斷/治療/照護/復健/輔具提出最佳解決方案。順應國內外頂尖科研機構與大型企業之前瞻趨勢，培養優秀人才投身並引領尖端創新之健康福祉科技與事業之發展。學校與學院提供跨域教學與國際化教研環境資源，學系提供學碩五年一貫學制及學士逕升博士入學管道。
01326,國立陽明交通大學,生物科技學系(甲組),第三類學群,8,5,0,0,0,前標,0,0,0,前標,0,在校學業成績全校排名百分比,數學學業成績總平均全校排名百分比,生物學業成績總平均全校排名百分比,化學學業成績總平均全校排名百分比,學測英文、數學A、自然之級分總和,學測自然級分,學測英文級分,1、在校學業成績全校排名百分比 2、數學學業成績總平均全校排名百分比 3、生物學業成績總平均全校排名百分比 4、化學學業成績總平均全校排名百分比 5、學測英文、數學A、自然之級分總和 6、學測自然級分 7、學測英文級分,,,,,,,1.生物科技組以「工程生物」為核心，著重培養將生物科學與相關技術跨領域應用於生醫製藥、精準醫療、能源發展、智慧農業等各式轉譯工程領域的能力。2.規劃五大專業領域課程：[1] 計算生物與生物資訊 (含遺傳與基因體子領域)；[2] 化學生物與生物物理；[3] 神經生物；[4] 腫瘤免疫與癌症生物；[5] 生物工程 (含生物儀器技術、基因工程與合成生物學兩個子領域)3.本校提供獎學金鼓勵學生參加出國交換計畫及參與國際學術交流活動。4.提供大學直升博士班機會。5.本系網頁：https://ceb.nycu.edu.tw/dbt；電話:03-5712121轉分機56930;Email:g0630@nycu.edu.tw
01327,國立陽明交通大學,生物科技學系(乙組),第三類學群,3,5,0,0,0,0,前標,0,0,前標,0,在校學業成績全校排名百分比,英語文學業成績總平均全校排名百分比,數學學業成績總平均全校排名百分比,化學學業成績總平均全校排名百分比,學測英文、數學A、自然之級分總和,學測數學A級分,學測自然級分,1、在校學業成績全校排名百分比 2、英語文學業成績總平均全校排名百分比 3、數學學業成績總平均全校排名百分比 4、化學學業成績總平均全校排名百分比 5、學測英文、數學A、自然之級分總和 6、學測數學A級分 7、學測自然級分,,,,,,,1.工程與計算生物科學組為整合化學、物理、工程、資訊與計算科學能力，致力於新一代精準醫療、智慧農業、永續發展、人工智慧、巨量資料等跨領域科技與工程人才。2.以「工程生物」為核心，不同傳統生物相關科系，重點培養同學從工程科學、數理邏輯分析、資訊計算的角度，學習與研究生物科學相關問題的能力。3.本校提供獎學金鼓勵學生參加出國交換計畫及國際學術交流活動。4.本系提供大學直升博士班機會。5.本系網頁：https://ceb.nycu.edu.tw/dbt;電話:03-5712121轉分機56930;Email:g0630@nycu.edu.tw
01328,國立陽明交通大學,醫學生物技術暨檢驗學系,第三類學群,7,5,0,0,均標,前標,均標,0,0,前標,0,在校學業成績全校排名百分比,學測英文級分,學測自然級分,學測英文、自然之級分總和,學測國文級分,學測數學A級分,化學學業成績總平均全校排名百分比,1、在校學業成績全校排名百分比 2、學測英文級分 3、學測自然級分 4、學測英文、自然之級分總和 5、學測國文級分 6、學測數學A級分 7、化學學業成績總平均全校排名百分比,,,,,,,"一、招生目標:對檢驗醫學有興趣，成為醫檢師等專業人才的學生。以及對生物科技產業有興趣，願成為生技公司研發等專業人才的學生。
二、本系為臨床相關科系，因課程需要，須具有相當之視覺、聽覺功能，且具有相當之辨色能力以判斷實驗結果，及具口語表達、人際互動協調溝通能力，靈活運用肢體操作儀器，能控管自身情緒、具相當之抗壓能力。
三、大一上學期至新竹光復校區與博愛校區參與共學；本系聯絡電話:(02)2826-7000分機65319；網址: https://dmt.nycu.edu.tw/"
01329,國立陽明交通大學,生物醫學影像暨放射科學系,第三類學群,5,5,1,1,均標,前標,前標,0,0,前標,0,在校學業成績全校排名百分比,學測數學A級分,學測英文級分,學測自然級分,學測國文級分,數學學業成績總平均全校排名百分比,化學學業成績總平均全校排名百分比,1、在校學業成績全校排名百分比 2、學測數學A級分 3、學測英文級分 4、學測自然級分 5、學測國文級分 6、數學學業成績總平均全校排名百分比 7、化學學業成績總平均全校排名百分比,,,,,,,"本系屬醫藥衛生學群，為四年制之醫療專業養成學系，培養兼具醫學影像及分子科學之臨床專業人才。課程主要著重於儀器操作、影像品質管理、與醫療團隊溝通等學習。適合具備關懷⼼、⼝語表達、人際互動、邏輯思考及解決問題等能⼒者。本學系重視申請者之就讀動機、⾃我特質與學系連結性、具體學習成果及成 潛⼒，在選才方面，重視申請者之多元表現、求學動機與具體學習成果。本系培養具專業能力之優秀醫事放射師，適合有志於醫學領域、科學領域、服務人群之同學。
本學系網址：https://birs.nycu.edu.tw/; 聯絡電話：((02) 28267000 #65859"
01330,國立陽明交通大學,護理學系,第三類學群,5,5,0,0,0,均標,均標,0,0,均標,0,在校學業成績全校排名百分比,學測英文、自然之級分總和,生物學業成績總平均全校排名百分比,英語文學業成績總平均全校排名百分比,數學學業成績總平均全校排名百分比,學測自然級分,學測英文級分,1、在校學業成績全校排名百分比 2、學測英文、自然之級分總和 3、生物學業成績總平均全校排名百分比 4、英語文學業成績總平均全校排名百分比 5、數學學業成績總平均全校排名百分比 6、學測自然級分 7、學測英文級分,,,,,,,"1.本系鼓勵學生進行跨領域學習，並與資工系、醫學系合開：智慧健康照護跨域學程。
2.本系新生入學第二學期，鼓勵至新竹光復校區參與跨領域共學。
3.以人為本，涵蓋身體、心理、靈性及社會各層次。"
01331,國立陽明交通大學,物理治療暨輔助科技學系,第三類學群,5,5,0,0,均標,前標,均標,0,0,前標,0,在校學業成績全校排名百分比,學測國文、英文、數學A、自然之級分總和,學測自然級分,學測英文級分,學測數學A級分,學測國文級分,英語文學業成績總平均全校排名百分比,1、在校學業成績全校排名百分比 2、學測國文、英文、數學A、自然之級分總和 3、學測自然級分 4、學測英文級分 5、學測數學A級分 6、學測國文級分 7、英語文學業成績總平均全校排名百分比,,,,,,,"▲本學系為六年制課程之醫療相關學系，培養兼具物理治療及輔助科技應用之醫學及工程跨領域臨床專業人才。於學期間須使用顯微鏡、色彩判定、症狀判定、大體解剖、與病患及醫療團隊溝通等學習，故須具備敏銳之視覺與聽覺、口語表達與人際互動、情緒控管與抗壓性等。
▲為拓展學習視野，本學系學生於大一下學期前往新竹光復校區與博愛校區，參與跨校區移地共學。
▲本學系位於台北陽明校區，地址：台北市北投區立農街2段155號 生醫工程館。
▲本學系網址：https://ptat.nycu.edu.tw/；聯絡電話：(02)2821-0271 王小姐。"
01332,國立陽明交通大學,生命科學系暨基因體科學研究所,第三類學群,4,5,0,0,均標,前標,均標,0,0,前標,0,在校學業成績全校排名百分比,學測自然級分,學測英文級分,學測數學A級分,生物學業成績總平均全校排名百分比,英語文學業成績總平均全校排名百分比,化學學業成績總平均全校排名百分比,1、在校學業成績全校排名百分比 2、學測自然級分 3、學測英文級分 4、學測數學A級分 5、生物學業成績總平均全校排名百分比 6、英語文學業成績總平均全校排名百分比 7、化學學業成績總平均全校排名百分比,,,,,,,"1.招生目標：
未來生命科學領域的高階人才需要具備跨領域專長，特別是資訊能力。本系的大一二學習範圍包含了基礎科學整
合課程、生物醫學基礎課程及數位能力培養課程，因此歡迎具生物、數理及資訊專長興趣的高中同學報考。此外
本系的必修課程少於70學分，大三以後有充裕時間進行多元化學習，歡迎有意願選讀雙主修，輔系、學分學程，
國外交換學生及跨校區選課的同學來就讀。
2.本系聯絡電話：(02)28267000轉65131，網址:http://dls.nycu.edu.tw/。"
01333,國立陽明交通大學,藥學系,第三類學群,3,5,0,0,均標,前標,均標,0,0,前標,0,在校學業成績全校排名百分比,學測國文、英文、數學A、自然之級分總和,學測英文級分,學測自然級分,學測數學A級分,英語文學業成績總平均全校排名百分比,化學學業成績總平均全校排名百分比,1、在校學業成績全校排名百分比 2、學測國文、英文、數學A、自然之級分總和 3、學測英文級分 4、學測自然級分 5、學測數學A級分 6、英語文學業成績總平均全校排名百分比 7、化學學業成績總平均全校排名百分比,,,,,,,"1.六年制藥學系，培養具有國際觀之優良藥學專業人才。
2.需具備敏銳之視覺、聽覺、口語表達與人際互動、溝通協調能力，能控管自身情緒、具相當之抗壓性等。
3.新生入學第二學期將至新竹光復校區參與跨領域共學，其餘學期皆在臺北陽明校區學習。
4.本系聯絡電話：（02）2826-7000 分機 66583"
01334,國立陽明交通大學,學士班大一大二不分系,第三類學群,3,5,0,0,0,前標,前標,0,0,前標,0,在校學業成績全校排名百分比,學測自然級分,學測數學A級分,學測英文級分,生物學業成績總平均全校排名百分比,化學學業成績總平均全校排名百分比,英語文學業成績總平均全校排名百分比,1、在校學業成績全校排名百分比 2、學測自然級分 3、學測數學A級分 4、學測英文級分 5、生物學業成績總平均全校排名百分比 6、化學學業成績總平均全校排名百分比 7、英語文學業成績總平均全校排名百分比,,,,,,,"本系旨在培育出結合生醫科學暨臨床醫學之跨領域人才。學生前兩年接受整合型生醫科學培訓，大三前依興趣志願、學習狀況等考量，可選擇分流至生科系基科所、醫工系、數位醫療學程、醫放系、護理系(以上各有五名額)、物治系、醫技系(以上各有三名額)、藥學系(僅一名)就讀，畢業時取得分流學系之畢業証書或專業証照。
*本系學制有利學生嘗試多專長學位加值，且備有高額獎學金鼓勵擇優就讀；復學生得依原入學年度未分配名額辦理分流。詳情請參考本系網頁https://ipu.nycu.edu.tw/index.html"
01335,國立陽明交通大學,中醫學系,第三類學群,5,5,0,0,前標,前標,前標,0,0,前標,0,在校學業成績全校排名百分比,學測國文、英文、數學A、自然之級分總和,學測自然級分,學測數學A級分,學測國文級分,學測英文級分,數學學業成績總平均全校排名百分比,1、在校學業成績全校排名百分比 2、學測國文、英文、數學A、自然之級分總和 3、學測自然級分 4、學測數學A級分 5、學測國文級分 6、學測英文級分 7、數學學業成績總平均全校排名百分比,,,,,,,"1.本學系招收有責任心且對現代化中醫有使命感之人才。
2.修業七年(含中醫實習一年)，不得申請加修醫學系為雙主修。
3.本系為醫療專業領域。學生需進行肢體操作、進行色彩鑑定和病症診斷並與他人直接進行互動。
4.為拓展學習廣度，本系學生將於入學後，參與一學期跨校區移地共學計畫，共學安排將依課程規劃並公告。"
01336,國立陽明交通大學,牙醫學系,第八類學群,2,1,0,0,頂標,頂標,頂標,0,0,頂標,A級,在校學業成績全校排名百分比,學測國文、英文、數學A、自然之級分總和,生物學業成績總平均全校排名百分比,數學學業成績總平均全校排名百分比,化學學業成績總平均全校排名百分比,英語文學業成績總平均全校排名百分比,物理學業成績總平均全校排名百分比,1、在校學業成績全校排名百分比 2、學測國文、英文、數學A、自然之級分總和 3、生物學業成績總平均全校排名百分比 4、數學學業成績總平均全校排名百分比 5、化學學業成績總平均全校排名百分比 6、英語文學業成績總平均全校排名百分比 7、物理學業成績總平均全校排名百分比,,,面試,100%,6,1500,"修業六年，第一學期至新竹光復校區參與跨領域共學，第二學期至實習前則在陽明校區
招生目標:以PBL混和教學為導向，培養自動自發、具領導力、全人照護之牙醫師
教育目標:推動牙醫教改與實證牙醫訓練，建立卓越口腔醫學研究及術德兼優之口腔醫學專業人才
業務承辦人電話:02-2826-7000轉65195; 系網址:https://dod.nycu.edu.tw/"
01337,國立陽明交通大學,醫學系,第八類學群,27,1,0,0,頂標,頂標,頂標,0,0,頂標,0,在校學業成績全校排名百分比,學測國文、英文、數學A、自然之級分總和,生物學業成績總平均全校排名百分比,數學學業成績總平均全校排名百分比,英語文學業成績總平均全校排名百分比,物理學業成績總平均全校排名百分比,化學學業成績總平均全校排名百分比,1、在校學業成績全校排名百分比 2、學測國文、英文、數學A、自然之級分總和 3、生物學業成績總平均全校排名百分比 4、數學學業成績總平均全校排名百分比 5、英語文學業成績總平均全校排名百分比 6、物理學業成績總平均全校排名百分比 7、化學學業成績總平均全校排名百分比,,,面試,100%,41,1500,"1.本系培育具仁心仁術、終身學習、視野寬廣、關懷社會及多元發展潛力之醫師。
2.修業年限六年，課程內容依醫學系修業辦法之規定辦理。
3.鼓勵學生修讀跨域學程。
4.招生業務承辦人聯絡電話：(02)2826-7000#65342;本系網頁: https://med.nycu.edu.tw/"
01401,淡江大學,中國文學學系,第一類學群,5,31,2,27,後標,0,0,0,0,0,0,在校學業成績全校排名百分比,學測國文級分,學測社會級分,國語文學業成績總平均全校排名百分比,歷史學業成績總平均全校排名百分比,地理學業成績總平均全校排名百分比,公民與社會學業成績總平均全校排名百分比,1、在校學業成績全校排名百分比 2、學測國文級分 3、學測社會級分 4、國語文學業成績總平均全校排名百分比 5、歷史學業成績總平均全校排名百分比 6、地理學業成績總平均全校排名百分比 7、公民與社會學業成績總平均全校排名百分比,,,,,,,"1.本系課程以實務學習強化專業素養，以學術研究、語文教學、創作編採三大學群引導學生興趣與智能，配合儒學、女性文學、兒童文學、田野調查、圖像漫畫、編採與出版等專業研究室，培育學術研究、語文教育與創作編採相關領域人才。
2.聯絡電話：(02)26215656 分機2330
3.網址：http://www.tacx.tku.edu.tw/"
01402,淡江大學,歷史學系,第一類學群,1,31,2,27,0,0,0,0,後標,0,0,在校學業成績全校排名百分比,學測國文級分,學測社會級分,學測英文級分,歷史學業成績總平均全校排名百分比,國語文學業成績總平均全校排名百分比,公民與社會學業成績總平均全校排名百分比,1、在校學業成績全校排名百分比 2、學測國文級分 3、學測社會級分 4、學測英文級分 5、歷史學業成績總平均全校排名百分比 6、國語文學業成績總平均全校排名百分比 7、公民與社會學業成績總平均全校排名百分比,,,,,,,"1.本系課程採歷史知識與史學理論並重之原則，以培養史學研究及應用人才為宗旨，教育目標重於以養成明辨是非、獨立判斷之歷史思維，培養史學研究及應用之人才及培育各級公教人員、文化產業與地方文史工作人才。
2.聯絡電話： (02)26215656 分機2328
3.網址：http://www.history.tku.edu.tw/"
01403,淡江大學,資訊與圖書館學系,第一類學群,5,31,2,27,後標,後標,0,0,0,0,0,在校學業成績全校排名百分比,學測英文級分,學測國文級分,英語文學業成績總平均全校排名百分比,國語文學業成績總平均全校排名百分比,數學學業成績總平均全校排名百分比,學測社會級分,1、在校學業成績全校排名百分比 2、學測英文級分 3、學測國文級分 4、英語文學業成績總平均全校排名百分比 5、國語文學業成績總平均全校排名百分比 6、數學學業成績總平均全校排名百分比 7、學測社會級分,,,,,,,1.本系培育文科的資訊人，課程結合人文與AI，畢業後可任職於公私立圖書館、博物館、檔案館，可從事更多與資訊及資料相關的專業工作。舉凡與資訊/資料的生產、知識管理、程式與資訊檢索、多媒體與數位資源、網路與網頁管理、人工智慧、出版業等，均可發揮資圖系畢業生的長才。2.提供國內外實習機會，鼓勵參與國際/全國競賽，訓練學生實作能力，並提供各項獎學金。3.鼓勵學生培養第二專長，可選擇輔修、輔系、雙主修、學分學程等。4.鼓勵並提供學生補助參與產學合作與國際交流。5.聯絡電話及網址：(02)26215656分機2335/ https://www.dils.tku.edu.tw/
01404,淡江大學,大眾傳播學系,第一類學群,15,31,1,27,後標,0,0,0,0,0,0,在校學業成績全校排名百分比,學測英文級分,學測國文級分,學測社會級分,國語文學業成績總平均全校排名百分比,英語文學業成績總平均全校排名百分比,公民與社會學業成績總平均全校排名百分比,1、在校學業成績全校排名百分比 2、學測英文級分 3、學測國文級分 4、學測社會級分 5、國語文學業成績總平均全校排名百分比 6、英語文學業成績總平均全校排名百分比 7、公民與社會學業成績總平均全校排名百分比,,,,,,,"1.本系學習內容包含視覺、聽覺相關課程，且須大量動手實作，學生須具備視覺設計、色彩判定、獨立操作及個人安全維護等能力。
2.聯絡電話：(02)26215656 分機2556
3.網址：http://www.tamx.tku.edu.tw/"
01405,淡江大學,資訊傳播學系,第一類學群,5,31,1,27,後標,0,0,0,0,0,0,在校學業成績全校排名百分比,學測國文級分,學測英文級分,學測社會級分,國語文學業成績總平均全校排名百分比,英語文學業成績總平均全校排名百分比,數學學業成績總平均全校排名百分比,1、在校學業成績全校排名百分比 2、學測國文級分 3、學測英文級分 4、學測社會級分 5、國語文學業成績總平均全校排名百分比 6、英語文學業成績總平均全校排名百分比 7、數學學業成績總平均全校排名百分比,,,,,,,"1.本系課程內容著重影音圖文的綜整訓練，故須具備視覺辨識、聽力與人際溝通之協調能力。
2.聯絡電話：(02)26215656 分機2266
3.網址：http://www.ic.tku.edu.tw/"
01406,淡江大學,教育科技學系,第一類學群,2,31,5,27,後標,0,0,0,0,0,0,在校學業成績全校排名百分比,學測國文級分,學測英文級分,學測社會級分,國語文學業成績總平均全校排名百分比,英語文學業成績總平均全校排名百分比,地理學業成績總平均全校排名百分比,1、在校學業成績全校排名百分比 2、學測國文級分 3、學測英文級分 4、學測社會級分 5、國語文學業成績總平均全校排名百分比 6、英語文學業成績總平均全校排名百分比 7、地理學業成績總平均全校排名百分比,,,,,,,"1.本系學士班之目標在培養數位學習教材製作與專案開發之人才。專業必選修課程分為四大類（基礎課程、數位學習教材與製作、人力資源發展、統整性課程），分屬於三大領域（教育科技原理與方法、數位內容開發、專案開發與應用）。
2.本系必修課程包含影像、聲音處理，需具備相當之視覺與聽覺功能，以編輯圖像與聲音。
3.聯絡電話：(02)26215656 分機2535
4.網址：http://www.et.tku.edu.tw/"
01407,淡江大學,教育與未來設計學系,第一類學群,2,31,1,27,後標,0,0,0,0,0,0,在校學業成績全校排名百分比,學測英文級分,學測國文級分,英語文學業成績總平均全校排名百分比,國語文學業成績總平均全校排名百分比,學測社會級分,公民與社會學業成績總平均全校排名百分比,1、在校學業成績全校排名百分比 2、學測英文級分 3、學測國文級分 4、英語文學業成績總平均全校排名百分比 5、國語文學業成績總平均全校排名百分比 6、學測社會級分 7、公民與社會學業成績總平均全校排名百分比,,,,,,,"1.本系為一強調教育與社會創新的學系，培養具學習設計、社會設計，方案設計與管理的專業人才。從大一到大四逐步進階的「專題」課程為本系一項特色，培養學生具理論涵養、教育與社會洞察力、跨域斜槓思維，及專業實作能力。本系學生擁有多元跨國學習機會。
2.聯絡電話：(02)26215656 分機3001
3.網址： www.edfd.tku.edu.tw"
01408,淡江大學,英文學系,第一類學群,15,31,1,27,0,後標,0,0,0,0,0,在校學業成績全校排名百分比,學測英文級分,學測國文級分,學測社會級分,英語文學業成績總平均全校排名百分比,國語文學業成績總平均全校排名百分比,公民與社會學業成績總平均全校排名百分比,1、在校學業成績全校排名百分比 2、學測英文級分 3、學測國文級分 4、學測社會級分 5、英語文學業成績總平均全校排名百分比 6、國語文學業成績總平均全校排名百分比 7、公民與社會學業成績總平均全校排名百分比,,,,,,,"1.本系旨在培養學生英美語言、翻譯及文學領域的專業能力。課程兼具多樣性與實用性，並融合多元教學方法。本系開設碩博士班，取得先修碩士班課程資格學生可於5年內完成學、碩士學位。
2.實施大三出國制度，經甄選後可赴本系簽訂的姐妹校留學一年，學生得以深入體驗異國文化，拓展國際視野。
3.畢業前需通過全民英檢中高級(初試)相對等級(含)以上。
4.本系聯絡電話：(02)26215656分機2343；網址：https://www.tflx.tku.edu.tw/"
01409,淡江大學,英文學系全英語學士班,第一類學群,2,31,0,0,0,後標,0,0,0,0,0,在校學業成績全校排名百分比,學測英文級分,學測國文級分,學測社會級分,英語文學業成績總平均全校排名百分比,國語文學業成績總平均全校排名百分比,公民與社會學業成績總平均全校排名百分比,1、在校學業成績全校排名百分比 2、學測英文級分 3、學測國文級分 4、學測社會級分 5、英語文學業成績總平均全校排名百分比 6、國語文學業成績總平均全校排名百分比 7、公民與社會學業成績總平均全校排名百分比,,,,,,,"1.本系旨在培養學生英美語言、翻譯及文學領域的專業能力。課程兼具多樣性與實用性，並融合多元教學方法。
2.本系推動「三全」教育：全住宿學園(大一學生必須住校）、全英語教學、全大三出國（自費出國至本系指定姊妹校留學一年，仍應在本校註冊且繳交 1/4 學雜費。境外生可選擇是否大三出國）。
3.本系聯絡電話：(02)26215656分機2329；網址：https://www.tflx.tku.edu.tw/"
01410,淡江大學,歐洲語文學系法文組,第一類學群,6,31,2,27,0,後標,0,0,0,0,0,在校學業成績全校排名百分比,英語文學業成績總平均全校排名百分比,學測英文級分,學測國文、英文之級分總和,國語文學業成績總平均全校排名百分比,學測國文級分,歷史學業成績總平均全校排名百分比,1、在校學業成績全校排名百分比 2、英語文學業成績總平均全校排名百分比 3、學測英文級分 4、學測國文、英文之級分總和 5、國語文學業成績總平均全校排名百分比 6、學測國文級分 7、歷史學業成績總平均全校排名百分比,,,,,,,"1.大三經甄選可赴法國及比利時留學一年。
2.大三、大四提供國內企業實習機會。
3.本組提供各項獎學金鼓勵同學爭取。
4.須通過法語檢定DELF B1(含)以上等級，始得畢業。
5.聯絡電話： (02)26215656 分機2338
6.網址：www.tfox.tku.edu.tw"
01411,淡江大學,歐洲語文學系德文組,第一類學群,3,31,2,27,0,後標,0,0,0,0,0,在校學業成績全校排名百分比,英語文學業成績總平均全校排名百分比,學測英文級分,學測國文、英文之級分總和,國語文學業成績總平均全校排名百分比,學測國文級分,歷史學業成績總平均全校排名百分比,1、在校學業成績全校排名百分比 2、英語文學業成績總平均全校排名百分比 3、學測英文級分 4、學測國文、英文之級分總和 5、國語文學業成績總平均全校排名百分比 6、學測國文級分 7、歷史學業成績總平均全校排名百分比,,,,,,,1.本組特色將德國大學規劃作為標竿，除了基礎德語能力訓練外，另在學習語言中活化德國永續概念及AI的運用，更致力於培養跨領域專業能力人才。2.每年甄選大三學生赴德國姊妹校（波昂、科隆、慕尼黑、薩蘭大學）交換一年或是擔任波鴻魯爾大學華語教學助理半年、暑期德國大學語言班進修，藉此強化對德國文化和社會的理解，助於與外商夥伴打交道。3.大四提供國內企業實習課程。4.提供各項獎學金鼓勵同學申請。5.須通過德語檢定Zertifikat Deutsch B1，始得畢業。 6.聯絡電話：(02)26215656 #2333。7.網址：www.tfox.tku.edu.tw
01412,淡江大學,歐洲語文學系西文組,第一類學群,5,31,3,27,0,後標,0,0,0,0,0,在校學業成績全校排名百分比,英語文學業成績總平均全校排名百分比,學測英文級分,學測國文、英文之級分總和,國語文學業成績總平均全校排名百分比,學測國文級分,歷史學業成績總平均全校排名百分比,1、在校學業成績全校排名百分比 2、英語文學業成績總平均全校排名百分比 3、學測英文級分 4、學測國文、英文之級分總和 5、國語文學業成績總平均全校排名百分比 6、學測國文級分 7、歷史學業成績總平均全校排名百分比,,,,,,,"1.本組課程創新實用，以職涯地圖概念，搭配學分學程、微學程與未來職場接軌，規劃西語公職、商務高科技、文教觀光等三大修課模組，提供國內外企業實習機會。
2.每年甄選大三學生赴西研修1學年、暑假姐妹校短修、海外姊妹校交換學生，提供深造西語之契機。須通過西語檢定等同CEFR B1等級(含)以上，始得畢業。通過DELE西檢B2/C1等級，頒發獎學金。
3.聯絡電話：(02)26215656 分機2336；網址：www.tfox.tku.edu.tw"
01413,淡江大學,歐洲語文學系俄文組,第一類學群,2,31,2,27,0,後標,0,0,0,0,0,在校學業成績全校排名百分比,英語文學業成績總平均全校排名百分比,學測英文級分,學測國文、英文之級分總和,國語文學業成績總平均全校排名百分比,學測國文級分,歷史學業成績總平均全校排名百分比,1、在校學業成績全校排名百分比 2、英語文學業成績總平均全校排名百分比 3、學測英文級分 4、學測國文、英文之級分總和 5、國語文學業成績總平均全校排名百分比 6、學測國文級分 7、歷史學業成績總平均全校排名百分比,,,,,,,"本組旨在培養具有獨立分析、宏觀國際視野及跨文化溝通能力之專業俄語人才。提供多元出國與業界實習方案:
1.大二經甄選可赴大陸頂尖高校俄文系異地學習一年；
2.大三經甄選可赴俄羅斯留學一年。
3.大四經甄選可至校外實習或莫斯科進行海外實習。
4.聯絡電話：(02)26215656 分機2711。
5.網址：www.tfox.tku.edu.tw"
01414,淡江大學,日本語文學系,第一類學群,22,31,2,27,均標,0,0,0,0,0,0,在校學業成績全校排名百分比,學測國文級分,學測社會級分,學測英文級分,國語文學業成績總平均全校排名百分比,歷史學業成績總平均全校排名百分比,公民與社會學業成績總平均全校排名百分比,1、在校學業成績全校排名百分比 2、學測國文級分 3、學測社會級分 4、學測英文級分 5、國語文學業成績總平均全校排名百分比 6、歷史學業成績總平均全校排名百分比 7、公民與社會學業成績總平均全校排名百分比,,,,,,,"1.大三經甄選可赴日本留學一年，亦可赴日進行為期2個月或5個月企業實習。
2.須通過日本語能力試驗（JLPT）N1，始授予學士學位。
3.聯絡電話：(02)26215656 分機2340
4.網址：http://www.tfjx.tku.edu.tw/"
01415,淡江大學,財務金融學系,第一類學群,59,31,3,27,0,0,0,後標,0,0,0,在校學業成績全校排名百分比,學測數學B級分,學測英文級分,學測國文級分,英語文學業成績總平均全校排名百分比,數學學業成績總平均全校排名百分比,國語文學業成績總平均全校排名百分比,1、在校學業成績全校排名百分比 2、學測數學B級分 3、學測英文級分 4、學測國文級分 5、英語文學業成績總平均全校排名百分比 6、數學學業成績總平均全校排名百分比 7、國語文學業成績總平均全校排名百分比,,,,,,,"1.聯絡電話：(02)26215656 分機2592
2.網址：http://www.bf.tku.edu.tw/"
01416,淡江大學,財務金融學系全球財務管理全英語學士班,第一類學群,10,31,1,27,0,後標,0,0,0,0,0,在校學業成績全校排名百分比,學測英文級分,學測國文級分,學測數學B級分,英語文學業成績總平均全校排名百分比,數學學業成績總平均全校排名百分比,國語文學業成績總平均全校排名百分比,1、在校學業成績全校排名百分比 2、學測英文級分 3、學測國文級分 4、學測數學B級分 5、英語文學業成績總平均全校排名百分比 6、數學學業成績總平均全校排名百分比 7、國語文學業成績總平均全校排名百分比,,,,,,,"1.為提升國際化程度並促進跨文化學習，將與境外生共同學習。
2.聯絡電話：(02)26215656 分機3613
3.網址：http://www.bf.tku.edu.tw/"
01417,淡江大學,國際企業學系經貿管理組,第一類學群,33,31,5,27,0,後標,0,0,0,0,0,在校學業成績全校排名百分比,學測國文、英文之級分總和,學測英文級分,學測社會級分,學測國文級分,英語文學業成績總平均全校排名百分比,國語文學業成績總平均全校排名百分比,1、在校學業成績全校排名百分比 2、學測國文、英文之級分總和 3、學測英文級分 4、學測社會級分 5、學測國文級分 6、英語文學業成績總平均全校排名百分比 7、國語文學業成績總平均全校排名百分比,,,,,,,"1.本系與廈門大學簽訂交換生移地修習交流協議。本組學生可申請至廈門大學國際經濟與貿易系交流一學期。
2.本組學生亦可申請至淡江之全球姊妹校為交換生一學期或一年。
3.本系開設「商業財經學分學程」及德、西、俄文等多種跨領域之學分學程。
4.聯絡電話：(02)26215656分機2626
5.網址：http://www.dib.tku.edu.tw/"
01418,淡江大學,國際企業學系國際商學全英語組,第一類學群,5,31,2,27,0,均標,0,0,0,0,0,在校學業成績全校排名百分比,學測國文、英文之級分總和,學測英文級分,學測社會級分,學測國文級分,英語文學業成績總平均全校排名百分比,國語文學業成績總平均全校排名百分比,1、在校學業成績全校排名百分比 2、學測國文、英文之級分總和 3、學測英文級分 4、學測社會級分 5、學測國文級分 6、英語文學業成績總平均全校排名百分比 7、國語文學業成績總平均全校排名百分比,,,,,,,"1.本組為英文教學，為提升國際化程度與世界接軌之目的，學生將與外籍生一同上課學習。
2.本組學生於大三必須出國修讀學分一年，出國期間所有相關費用自行負擔，並依本校規定繳交1/4學雜費及相關費用。
3.本組學生亦可申請至淡江之全球姊妹校為交換生一年。
4.聯絡電話：(02)26215656分機2569
5.網址：http://www.dib.tku.edu.tw/"
01419,淡江大學,風險管理與保險學系,第一類學群,6,31,5,27,0,後標,0,0,0,0,0,在校學業成績全校排名百分比,學測英文級分,學測國文級分,學測數學B級分,英語文學業成績總平均全校排名百分比,國語文學業成績總平均全校排名百分比,數學學業成績總平均全校排名百分比,1、在校學業成績全校排名百分比 2、學測英文級分 3、學測國文級分 4、學測數學B級分 5、英語文學業成績總平均全校排名百分比 6、國語文學業成績總平均全校排名百分比 7、數學學業成績總平均全校排名百分比,,,,,,,1.課程設計涵蓋風險管理、保險、精算、財務金融、行銷等領域，並開設專業證照輔導課程，積極協助學生取得證照以提升就業競爭力。2.與知名保險公司產學合作，提供總公司實習機會，開設實務專業講座及實施企業導師制度，將理論與實務融合。3.系友及業界提供多項本系學生專屬獎學金，如現代保險獎學金每年100萬元。4.聯絡電話：(02)26215656 分機2563。5.網址：http://www.ins.tku.edu.tw
01420,淡江大學,經濟學系,第一類學群,25,31,8,27,0,0,0,後標,0,0,0,在校學業成績全校排名百分比,學測英文級分,學測數學B級分,學測國文級分,英語文學業成績總平均全校排名百分比,數學學業成績總平均全校排名百分比,國語文學業成績總平均全校排名百分比,1、在校學業成績全校排名百分比 2、學測英文級分 3、學測數學B級分 4、學測國文級分 5、英語文學業成績總平均全校排名百分比 6、數學學業成績總平均全校排名百分比 7、國語文學業成績總平均全校排名百分比,,,,,,,"1.本系組為師資培育系組
2.本系有系統的經濟邏輯訓練，培養分析問題的能力，奠定日後就業或深造的基礎。特色課程有1.「財經法律學分學程」，提升法律素養2.海外專業知能服務學習課程，拓展國際視野3.昆士蘭大學碩士雙聯學位，多元深造管道4.企業實習課程，提供學生職場賦能。
3.本系聯絡電話：(02)26215656分機2565 網址：http://www.econ.tku.edu.tw"
01421,淡江大學,會計學系,第一類學群,55,31,2,27,0,後標,0,0,0,0,0,在校學業成績全校排名百分比,學測英文級分,數學學業成績總平均全校排名百分比,學測國文級分,學測社會級分,英語文學業成績總平均全校排名百分比,公民與社會學業成績總平均全校排名百分比,1、在校學業成績全校排名百分比 2、學測英文級分 3、數學學業成績總平均全校排名百分比 4、學測國文級分 5、學測社會級分 6、英語文學業成績總平均全校排名百分比 7、公民與社會學業成績總平均全校排名百分比,,,,,,,"1.本系以培養會計、審計及財務專業人才及研究人才為目的。並設有會計財金學程，鼓勵同學多元發展，與四大事務所產學合作，提供學生實習機會，開設實務講座，將理論與實務融合。
2.本系畢業生就業管道暢通，升學機會多元。歡迎對經營管理有興趣，對數字敏感的同學報考；設置多項獎學金，並擇優遴選多位入學新生，維持系排名前20%，全額獎助大學期間之學雜費。
3.聯絡電話： (02)26215656 分機2589
4.網址：http://www.acc.tku.edu.tw/"
01422,淡江大學,企業管理學系,第一類學群,46,31,1,27,0,後標,0,0,0,0,0,在校學業成績全校排名百分比,學測英文級分,學測國文級分,學測社會級分,英語文學業成績總平均全校排名百分比,國語文學業成績總平均全校排名百分比,數學學業成績總平均全校排名百分比,1、在校學業成績全校排名百分比 2、學測英文級分 3、學測國文級分 4、學測社會級分 5、英語文學業成績總平均全校排名百分比 6、國語文學業成績總平均全校排名百分比 7、數學學業成績總平均全校排名百分比,,,,,,,"1.本系以培養專業管理人才與創業家為目標，朝健全學生人格、理論實務合一、「證照取向」、「跨領域學分學程」及「就業學分學程」等方向推動。特邀請李鐘培先生(現職緯來電視董事長、台泥集團資訊董事長)擔任講座教授，以及多位中小企業高階主管擔任兼任師資，陣容十分堅強。
2.聯絡電話： (02)26215656 分機2623。
3.網址：http://www.ba.tku.edu.tw/。"
01423,淡江大學,企業管理學系全英語學士班,第一類學群,4,31,0,0,0,均標,0,0,0,0,0,在校學業成績全校排名百分比,學測英文級分,學測國文級分,英語文學業成績總平均全校排名百分比,國語文學業成績總平均全校排名百分比,歷史學業成績總平均全校排名百分比,地理學業成績總平均全校排名百分比,1、在校學業成績全校排名百分比 2、學測英文級分 3、學測國文級分 4、英語文學業成績總平均全校排名百分比 5、國語文學業成績總平均全校排名百分比 6、歷史學業成績總平均全校排名百分比 7、地理學業成績總平均全校排名百分比,,,,,,,1.本系以培養專業管理人才與創業家為目標，朝健全學生人格、理論實務合一、「證照取向」、「跨領域學分學程」及「就業學分學程」等方向推動。特邀請李鐘培先生(現職緯來電視董事長、台泥集團資訊董事長)擔任講座教授，以及多位中小企業高階主管擔任兼任師資，陣容十分堅強。2.本系推動「三全」教育：所有課程採「全英語教學」，以加強英文為目的；所有學生「全大三出國」，自費至本系指定姊妹校留學一年（留學期間仍應在本校註冊且繳交1/4學雜費）；「全住宿學園」(大一須住宿)。3.聯絡電話：(02)26215656 分機3765。4.網址：http://www.ba.tku.edu.tw/。
01424,淡江大學,統計與資料科學學系,第一類學群,10,31,4,27,0,0,0,底標,0,0,0,在校學業成績全校排名百分比,數學學業成績總平均全校排名百分比,學測國文、英文、數學B之級分總和,學測數學B級分,學測英文級分,學測國文級分,英語文學業成績總平均全校排名百分比,1、在校學業成績全校排名百分比 2、數學學業成績總平均全校排名百分比 3、學測國文、英文、數學B之級分總和 4、學測數學B級分 5、學測英文級分 6、學測國文級分 7、英語文學業成績總平均全校排名百分比,,,,,,,"1.特色：課程以統計科學與資料科學為核心，結合跨領域應用，涵蓋人工智慧、健康數據、商業數據及工業數據四大模組。配合工業統計、生物統計、商業統計與管理、精算及資料科學等五大學程，強化理論與實務的結合。透過推動專業證照認證、企業導師制度、校外實習與TSDC深度資料力培訓計畫，提升學生的職涯競爭力。
2.聯絡電話：02-26215656 分機2632
3.網址：http://www.stat.tku.edu.tw/"
01425,淡江大學,資訊管理學系,第一類學群,42,31,2,27,0,0,0,後標,0,0,0,在校學業成績全校排名百分比,學測數學B級分,學測英文級分,學測國文級分,數學學業成績總平均全校排名百分比,英語文學業成績總平均全校排名百分比,國語文學業成績總平均全校排名百分比,1、在校學業成績全校排名百分比 2、學測數學B級分 3、學測英文級分 4、學測國文級分 5、數學學業成績總平均全校排名百分比 6、英語文學業成績總平均全校排名百分比 7、國語文學業成績總平均全校排名百分比,,,,,,,"1.本系旨在因應資訊科技潮流，培育優秀資訊技術及管理規劃人才。除了強調敬業態度與團隊精神，特別重視程式設計、人工智慧、網路管理、大數據分析、雲端應用等實作能力之養成，鼓勵專題競賽、證照考取、企業實習、交換生等外部交流，及推動學生自主學習組織之發展。
2.聯絡電話： (02)26215656 分機2645
3.網址：http://www.im.tku.edu.tw"
01426,淡江大學,運輸管理學系,第一類學群,10,31,4,27,0,0,0,底標,0,0,0,在校學業成績全校排名百分比,學測國文、英文、數學B、社會之級分總和,學測數學B級分,學測英文級分,學測國文級分,數學學業成績總平均全校排名百分比,英語文學業成績總平均全校排名百分比,1、在校學業成績全校排名百分比 2、學測國文、英文、數學B、社會之級分總和 3、學測數學B級分 4、學測英文級分 5、學測國文級分 6、數學學業成績總平均全校排名百分比 7、英語文學業成績總平均全校排名百分比,,,,,,,1.教育目標：培養具備現代運輸系統規劃、設計與智慧技術應用能力的專業人才。2.特色：本系為一跨學域科系，課程內容涵蓋陸海空客貨運輸系統之規劃、設計與營運。同時注重智慧運輸技術的發展，涵蓋智慧交通管理以及數據分析與應用。旨在培養學生掌握現代運輸系統的核心技術和趨勢。另有開設「物流管理」與「空運管理」學分學程，有參與產學計畫與實習機會。本系職涯發展出路廣泛，系友遍及各級政府交通部門、公民營運輸事業及交通顧問業，擔任各級高階主管或營運管理專業人員。3.聯絡電話：(02)26215656 分機2597。4.網址：http://www.tm.tku.edu.tw/
01427,淡江大學,公共行政暨法律學系,第一類學群,28,31,3,27,0,0,0,0,後標,0,0,在校學業成績全校排名百分比,學測社會級分,學測國文級分,學測英文級分,公民與社會學業成績總平均全校排名百分比,國語文學業成績總平均全校排名百分比,英語文學業成績總平均全校排名百分比,1、在校學業成績全校排名百分比 2、學測社會級分 3、學測國文級分 4、學測英文級分 5、公民與社會學業成績總平均全校排名百分比 6、國語文學業成績總平均全校排名百分比 7、英語文學業成績總平均全校排名百分比,,,,,,,"1.本系以培養學生對公共議題、政治事務及法學素養具備專業知識及宏觀視野，課程包括公共行政與政策、政治與法律，強調理論與實務之相結合，以奠基並提升學生參加國家公職考試及在公私部門任職發展之職場競爭力。
2.聯絡電話：(02)26215656 分機2554/2544
3.網址：http://www.pa.tku.edu.tw/"
01428,淡江大學,管理科學學系,第一類學群,4,31,2,27,0,0,0,底標,0,0,0,在校學業成績全校排名百分比,學測國文級分,學測數學B級分,學測英文級分,英語文學業成績總平均全校排名百分比,數學學業成績總平均全校排名百分比,國語文學業成績總平均全校排名百分比,1、在校學業成績全校排名百分比 2、學測國文級分 3、學測數學B級分 4、學測英文級分 5、英語文學業成績總平均全校排名百分比 6、數學學業成績總平均全校排名百分比 7、國語文學業成績總平均全校排名百分比,,,,,,,"1.旨在培養管理決策、數據應用為焦點的經營管理與行銷專業能力，科技與管理的跨域人才。課程強調多元創新、永續及商業智慧。邀請上市公司高階經理人擔任授課。亦設有全學期全職全時實習，提升職場就業能力; 本系學制完整，設有碩、博士班 及海外名校的雙軌學位，並提供獎學金以強化學生競爭力。
2.本系連絡電話：(02)26215656分機2185。
3.網址：msdm.ms.tku.edu.tw"
01429,淡江大學,外交與國際關係學系全英語學士班,第一類學群,3,31,2,27,0,均標,0,0,0,0,0,在校學業成績全校排名百分比,學測英文級分,英語文學業成績總平均全校排名百分比,學測國文級分,學測社會級分,公民與社會學業成績總平均全校排名百分比,歷史學業成績總平均全校排名百分比,1、在校學業成績全校排名百分比 2、學測英文級分 3、英語文學業成績總平均全校排名百分比 4、學測國文級分 5、學測社會級分 6、公民與社會學業成績總平均全校排名百分比 7、歷史學業成績總平均全校排名百分比,,,,,,,"1.為提升國際化程度並促進跨文化學習，須與境外生共同學習。
2.聯絡電話： (02)26215656 分機3615、3000
3.網址：http://www.tidx.tku.edu.tw/main.php"
01430,淡江大學,國際觀光管理學系全英語學士班,第一類學群,2,31,0,0,0,後標,0,0,0,0,0,在校學業成績全校排名百分比,學測英文級分,英語文學業成績總平均全校排名百分比,國語文學業成績總平均全校排名百分比,歷史學業成績總平均全校排名百分比,地理學業成績總平均全校排名百分比,公民與社會學業成績總平均全校排名百分比,1、在校學業成績全校排名百分比 2、學測英文級分 3、英語文學業成績總平均全校排名百分比 4、國語文學業成績總平均全校排名百分比 5、歷史學業成績總平均全校排名百分比 6、地理學業成績總平均全校排名百分比 7、公民與社會學業成績總平均全校排名百分比,,,,,,,"1.本系與澳洲昆士蘭大學(University of Queensland)商學院簽署3+2學碩雙聯學位協議，學生可選擇參加取得本校學士及昆士蘭碩士學位。
2.本系推動「三全」教育：所有課程採「全英語教學」，以加強英文為目的；所有學生「全大三出國」，自費至本系指定姊妹校留學一年（留學期間仍應在本校註冊且繳交1/4學雜費）；「全住宿學園」(大一須住宿)。應完成實習時數，取得指定證照，始得畢業。
3.聯絡電話：(02)26215656分機3661；網址：http://www.itm.tku.edu.tw。"
01431,淡江大學,全球政治經濟學系全英語學士班,第一類學群,2,31,0,0,0,後標,0,0,0,0,0,在校學業成績全校排名百分比,學測英文級分,英語文學業成績總平均全校排名百分比,學測國文級分,學測社會級分,國語文學業成績總平均全校排名百分比,公民與社會學業成績總平均全校排名百分比,1、在校學業成績全校排名百分比 2、學測英文級分 3、英語文學業成績總平均全校排名百分比 4、學測國文級分 5、學測社會級分 6、國語文學業成績總平均全校排名百分比 7、公民與社會學業成績總平均全校排名百分比,,,,,,,"1.本系推動「三全」教育：所有課程採「全英語教學」，以加強英文為目的；所有學生「全大三出國」，自費至本系指定姊妹校留學一年（留學期間仍應在本校註冊且繳交1/4學雜費）；「全住宿學園」(大一須住宿)。
2.聯絡電話： (02)26215656 分機3663
3.網址：http://www.gpe.tku.edu.tw"
01432,淡江大學,應用數學與數據科學學系,第二類學群,6,14,1,13,0,0,底標,0,0,0,0,在校學業成績全校排名百分比,學測數學A級分,學測英文級分,學測自然級分,數學學業成績總平均全校排名百分比,英語文學業成績總平均全校排名百分比,物理學業成績總平均全校排名百分比,1、在校學業成績全校排名百分比 2、學測數學A級分 3、學測英文級分 4、學測自然級分 5、數學學業成績總平均全校排名百分比 6、英語文學業成績總平均全校排名百分比 7、物理學業成績總平均全校排名百分比,,,,,,,"1.聯絡電話： (02)26215656 分機2502
2.網址：http://www.math.tku.edu.tw/"
01433,淡江大學,化學學系,第二類學群,14,14,1,13,0,後標,0,0,0,後標,0,在校學業成績全校排名百分比,學測自然級分,化學學業成績總平均全校排名百分比,英語文學業成績總平均全校排名百分比,數學學業成績總平均全校排名百分比,生物學業成績總平均全校排名百分比,國語文學業成績總平均全校排名百分比,1、在校學業成績全校排名百分比 2、學測自然級分 3、化學學業成績總平均全校排名百分比 4、英語文學業成績總平均全校排名百分比 5、數學學業成績總平均全校排名百分比 6、生物學業成績總平均全校排名百分比 7、國語文學業成績總平均全校排名百分比,,,,,,,"1.本系課程含實驗操作，基於考量實驗操作危險性與結果判斷之需要，學生須具備獨立操作能力及個人安全維護能力。
2.本系鼓勵跨領域學習、產學合作與國際交流，並有豐厚獎學金提供申請。
3.本系創立於民國47年，為全國歷史最悠久的化學系之一，系友資源豐富。學生畢業出路廣，包含化學、化工、電子、半導體、生醫、製藥等高經濟價值產業。
4.聯絡電話： (02)26215656 分機2531；網址：http://www.chemistry.tku.edu.tw/"
01434,淡江大學,物理學系(量子材料組),第二類學群,6,14,1,13,0,0,後標,0,0,後標,0,在校學業成績全校排名百分比,物理學業成績總平均全校排名百分比,數學學業成績總平均全校排名百分比,學測數學A級分,學測自然級分,學測英文級分,英語文學業成績總平均全校排名百分比,1、在校學業成績全校排名百分比 2、物理學業成績總平均全校排名百分比 3、數學學業成績總平均全校排名百分比 4、學測數學A級分 5、學測自然級分 6、學測英文級分 7、英語文學業成績總平均全校排名百分比,,,,,,,"量子材料組將奠基於基礎物理知識，規劃實作實驗和研究專題，培育出未來量子應用與材料技術之科技人才為目標。本系提供更彈性和簡易的入學管道，歡迎對量子應用有高度興趣且具有學習潛力的學生申請。
1.聯絡電話： (02)26215656 分機2578
2.網址：http://www.phys.tku.edu.tw"
01435,淡江大學,物理學系(天文與基礎物理組),第二類學群,3,14,1,13,0,0,0,0,0,後標,0,在校學業成績全校排名百分比,物理學業成績總平均全校排名百分比,數學學業成績總平均全校排名百分比,學測數學A級分,學測自然級分,學測英文級分,英語文學業成績總平均全校排名百分比,1、在校學業成績全校排名百分比 2、物理學業成績總平均全校排名百分比 3、數學學業成績總平均全校排名百分比 4、學測數學A級分 5、學測自然級分 6、學測英文級分 7、英語文學業成績總平均全校排名百分比,,,,,,,"天文與基礎物理組將強調物理理論，設計AI物理與大數據跨領域課程，培育出應用天文與跨領域之科學人才為目標。本系提供更彈性和簡易的入學管道，歡迎對天文應用有高度興趣且具有學習潛力的學生申請。
1.聯絡電話： (02)26215656 分機2578
2.網址：http://www.phys.tku.edu.tw/"
01436,淡江大學,建築學系,第二類學群,15,14,2,13,後標,後標,後標,後標,0,0,0,在校學業成績全校排名百分比,學測國文、英文之級分總和,學測英文級分,學測國文級分,英語文學業成績總平均全校排名百分比,國語文學業成績總平均全校排名百分比,數學學業成績總平均全校排名百分比,1、在校學業成績全校排名百分比 2、學測國文、英文之級分總和 3、學測英文級分 4、學測國文級分 5、英語文學業成績總平均全校排名百分比 6、國語文學業成績總平均全校排名百分比 7、數學學業成績總平均全校排名百分比,,,,,,,"1.本系為五年制的學系，旨在培養具「設計」能力的「建築專業人才」，尤其在數位設計教學，具卓越表現。
2.聯絡電話：(02)26215656 分機2620，網址：http://www.arch.tku.edu.tw/
3.本系課程內容含彩色繪圖及在基地教學，須具備辨色及障礙空間移動之能力。"
01437,淡江大學,土木工程學系,第二類學群,15,14,2,13,0,0,0,0,0,後標,0,在校學業成績全校排名百分比,物理學業成績總平均全校排名百分比,數學學業成績總平均全校排名百分比,學測數學A級分,學測國文級分,學測英文級分,國語文學業成績總平均全校排名百分比,1、在校學業成績全校排名百分比 2、物理學業成績總平均全校排名百分比 3、數學學業成績總平均全校排名百分比 4、學測數學A級分 5、學測國文級分 6、學測英文級分 7、國語文學業成績總平均全校排名百分比,,,,,,,"1.本系通過工程教育認證第2025Y054號
2.聯絡電話：(02)26215656 分機2571、2611
3.網址：http://www.ce.tku.edu.tw/"
01438,淡江大學,資訊工程學系,第二類學群,45,14,1,13,0,0,後標,0,0,0,0,在校學業成績全校排名百分比,學測數學A級分,學測英文級分,學測國文級分,數學學業成績總平均全校排名百分比,英語文學業成績總平均全校排名百分比,國語文學業成績總平均全校排名百分比,1、在校學業成績全校排名百分比 2、學測數學A級分 3、學測英文級分 4、學測國文級分 5、數學學業成績總平均全校排名百分比 6、英語文學業成績總平均全校排名百分比 7、國語文學業成績總平均全校排名百分比,,,,,,,"1.本學系以培育具備電腦、通訊、資訊專業知識及產業應用能力兼備之IT科技人才為目的。本系亦開設物聯網/無線網路、大數據分析、人工智慧、嵌入式系統、電腦視覺、資訊安全技術等幾個面向相關專業選修，讓學生能有一套完整的訓練體系。本系通過工程教育認證第2025Y056號。
2.聯絡電話：(02)26215656 分機2616、2665
3.網址：www.csie.tku.edu.tw/"
01439,淡江大學,資訊工程學系全英語學士班,第二類學群,5,14,0,0,0,後標,0,後標,0,0,0,在校學業成績全校排名百分比,學測英文級分,英語文學業成績總平均全校排名百分比,學測數學B級分,學測國文級分,數學學業成績總平均全校排名百分比,國語文學業成績總平均全校排名百分比,1、在校學業成績全校排名百分比 2、學測英文級分 3、英語文學業成績總平均全校排名百分比 4、學測數學B級分 5、學測國文級分 6、數學學業成績總平均全校排名百分比 7、國語文學業成績總平均全校排名百分比,,,,,,,"1.本系推動「三全」教育：所有課程採「全英語教學」，以加強英文為目的；所有學生「全大三出國」，自費至本系指定姊妹校留學一年（留學期間仍應在本校註冊且繳交1/4學雜費）；「全住宿學園」(大一須住宿)。
2.本系以培育具備電腦、通訊、資訊專業知識及產業應用能力兼備之IT科技人才為目的。
3.本系聯絡電話：(02)26215656分機2616、2665
4.網址：www.csie.tku.edu.tw。"
01440,淡江大學,機械與機電工程學系,第二類學群,30,14,5,13,0,0,底標,0,0,0,0,在校學業成績全校排名百分比,學測自然級分,學測英文級分,數學學業成績總平均全校排名百分比,物理學業成績總平均全校排名百分比,化學學業成績總平均全校排名百分比,國語文學業成績總平均全校排名百分比,1、在校學業成績全校排名百分比 2、學測自然級分 3、學測英文級分 4、數學學業成績總平均全校排名百分比 5、物理學業成績總平均全校排名百分比 6、化學學業成績總平均全校排名百分比 7、國語文學業成績總平均全校排名百分比,,,,,,,"1.本系教學強調理論與實務並重，課程設計均配合產業發展趨勢，以培育精密機械與光機電整合領域之高科技人才為目標。
2.本系已通過工程教育認證，證書字號：認證第2025Y058號
3.聯絡電話：(02)26215656 分機 2573
4.網址：http://www.me.tku.edu.tw/"
01441,淡江大學,電機工程學系,第二類學群,33,14,4,13,0,0,後標,0,0,0,0,在校學業成績全校排名百分比,學測國文、英文、數學A、自然之級分總和,學測數學A級分,學測自然級分,學測英文級分,數學學業成績總平均全校排名百分比,國語文學業成績總平均全校排名百分比,1、在校學業成績全校排名百分比 2、學測國文、英文、數學A、自然之級分總和 3、學測數學A級分 4、學測自然級分 5、學測英文級分 6、數學學業成績總平均全校排名百分比 7、國語文學業成績總平均全校排名百分比,,,,,,,以培育電機、電子、資訊及網路、半導體、IC設計、通訊及人工智慧物聯網、智慧機器人及系統整合領域之高科技人才為目標，提供「希望工程」系列獎助學金、國際交流機會，學生在國際競賽、國科會大專生專題及畢業專題等皆表現傑出，教師在國科會專題計畫的人均執行能量非常出色，堪比優質國立大學；本系課程含電機基礎課程、人工智慧物聯網與通訊技術、射頻與信號處理、半導體、IC設計、智慧電子、系統晶片設計、智慧機器人設計與控制等領域，兼具理論與實務並重之訓練。本系通過工程教育認證，證書字號：認證第2025Y057號。電話：(02)26215656分機2615；網址：www.ee.tku.edu.tw
01442,淡江大學,化學工程與材料工程學系,第二類學群,32,14,1,13,0,0,0,0,0,後標,0,在校學業成績全校排名百分比,學測英文、數學A、自然之級分總和,學測自然級分,學測數學A級分,數學學業成績總平均全校排名百分比,化學學業成績總平均全校排名百分比,物理學業成績總平均全校排名百分比,1、在校學業成績全校排名百分比 2、學測英文、數學A、自然之級分總和 3、學測自然級分 4、學測數學A級分 5、數學學業成績總平均全校排名百分比 6、化學學業成績總平均全校排名百分比 7、物理學業成績總平均全校排名百分比,,,,,,,1.本系強化電腦輔助教學，建立學生化工程序模擬與設計之能力。教學與研究著重在：程序設計、精密分離、能源工程、綠色科技、奈米/光電/能源/高分子材料、廢水處理等領域。規劃「製程科技」、「材料科技」、「能源科技」學分學程，以及「高分子材料應用就業學分學程」提供學生選修。鼓勵學生就讀本系碩士班，五年完成學碩士學位。鼓勵產學合作及國際交流，如交換至國外大學等。操作實驗為學習重點，學生需透過操作儀器設備奠定專業知識與技能，部分實驗須透過色彩執行與判定。2.本系聯絡電話：(02)26215656分機2614; 本系網址：www.che.tku.edu.tw/。3.本系通過工程教育認證第2019Y164號。
01443,淡江大學,航空太空工程學系,第二類學群,30,14,2,13,0,0,後標,後標,0,0,0,在校學業成績全校排名百分比,學測自然級分,學測英文級分,數學學業成績總平均全校排名百分比,物理學業成績總平均全校排名百分比,英語文學業成績總平均全校排名百分比,學測國文級分,1、在校學業成績全校排名百分比 2、學測自然級分 3、學測英文級分 4、數學學業成績總平均全校排名百分比 5、物理學業成績總平均全校排名百分比 6、英語文學業成績總平均全校排名百分比 7、學測國文級分,,,,,,,"1.本系是國內民間大學成立最早的航太系，本系以培養航太科技相關領域人才為宗旨。所規劃之課程除了航太與機械專業科目之外，也涵蓋了程式設計、電子、材料等國防科技與創新產業的範疇。本系強調培養學生系統整合之能力，也提供多元化校外實習的課程。
2.聯絡電話： (02)26215656 分機2617 網址：http://www.aero.tku.edu.tw
3.本系通過工程教育認證第2025Y055號"
01444,淡江大學,水資源及環境工程學系,第二類學群,5,14,2,13,0,0,後標,0,0,後標,0,在校學業成績全校排名百分比,學測數學A、自然之級分總和,學測數學A級分,數學學業成績總平均全校排名百分比,英語文學業成績總平均全校排名百分比,物理學業成績總平均全校排名百分比,國語文學業成績總平均全校排名百分比,1、在校學業成績全校排名百分比 2、學測數學A、自然之級分總和 3、學測數學A級分 4、數學學業成績總平均全校排名百分比 5、英語文學業成績總平均全校排名百分比 6、物理學業成績總平均全校排名百分比 7、國語文學業成績總平均全校排名百分比,,,,,,,"1.本系培養學生具備水資源及環境工程領域之專業知識，深入理解永續發展、淨零碳排、水資源管理、洪旱災害、環境污染等重要議題。課程亦融入氣候變遷之衝擊影響、電腦資訊科技之整合應用，以培養跨領域人才。畢業後可從事水利工程及環境工程相關之產官學研工作，並可報考相關技師執照。本系通過工程教育認證第2023Y096號。
2.聯絡電話：(02)26215656分機2612
3. 網址：https://www.wree.tku.edu.tw/"
01445,淡江大學,人工智慧學系,第二類學群,30,14,1,13,0,0,後標,均標,0,0,0,在校學業成績全校排名百分比,數學學業成績總平均全校排名百分比,英語文學業成績總平均全校排名百分比,學測英文級分,學測國文級分,物理學業成績總平均全校排名百分比,國語文學業成績總平均全校排名百分比,1、在校學業成績全校排名百分比 2、數學學業成績總平均全校排名百分比 3、英語文學業成績總平均全校排名百分比 4、學測英文級分 5、學測國文級分 6、物理學業成績總平均全校排名百分比 7、國語文學業成績總平均全校排名百分比,,,,,,,"1.本系以培育將人工智慧應用於機器人、物聯網、電腦視覺、大數據分析與自然語言處理等領域之高科技人才為目標，課程的設計是以應用實務為導向，前三年之每一個學期均有實務實作的實驗與專題課程，讓學生在「學中做、做中學」中將該學期或學年所學的課程內容做一個小專題。此外，第四學年規劃至產業界實習之「專業實習學程」，讓學生在畢業前就與企業有不錯的互動，更是能為企業所用之具有應用人工智慧技術的高科技人才。
2.本系聯絡電話：(02)26215656分機3657；本系網址：http://www.ai.tku.edu.tw/"
01501,逢甲大學,會計學系,第一類學群,33,24,1,20,0,後標,0,後標,0,0,0,在校學業成績全校排名百分比,學測數學B級分,學測國文級分,學測英文級分,學測社會級分,學測國文、英文、數學B、社會之級分總和,英語文學業成績總平均全校排名百分比,1、在校學業成績全校排名百分比 2、學測數學B級分 3、學測國文級分 4、學測英文級分 5、學測社會級分 6、學測國文、英文、數學B、社會之級分總和 7、英語文學業成績總平均全校排名百分比,,,,,,,"1.本系教育目標在培養理論與實務兼顧的會計與財務人才，採用CDIO（構思-設計-實作-實踐）的培育模式，並擁有運動性與學術性系隊，循序漸進培養學生團隊能力與專業能力。
2.提供學生到國際會計師事務所、國稅局實習機會。
3.逢甲會計教育基金會提供多項勵學、清寒、專業證照及競賽等獎學金。
4.本系網址：https://acct.fcu.edu.tw 聯絡電話：04-24517250轉4206(翟小姐)"
01502,逢甲大學,國際經營與貿易學系,第一類學群,30,24,1,20,0,均標,0,後標,後標,0,0,在校學業成績全校排名百分比,學測國文、英文、數學B、社會之級分總和,學測英文級分,學測國文級分,學測數學B級分,英語文學業成績總平均全校排名百分比,國語文學業成績總平均全校排名百分比,1、在校學業成績全校排名百分比 2、學測國文、英文、數學B、社會之級分總和 3、學測英文級分 4、學測國文級分 5、學測數學B級分 6、英語文學業成績總平均全校排名百分比 7、國語文學業成績總平均全校排名百分比,,,,,,,"1.本系以「培育具國際觀之貿易與商管人才」為設立宗旨，並希望能吸引未來有意願從事國際貿易、跨境電子商務或至跨國企業服務之學生。
2.本系訂有英文畢業門檻TOEIC(多益)600分及國貿相關專業證照畢業門檻，未取得者需補修相關課程。
3.成績優異者，可申請3+2國際雙聯、4+1學加碩士學位或國際交換生學費互免。
4.本系網址：http://www.itra.fcu.edu.tw，聯絡電話(04)24517250轉4252，洪小姐。"
01503,逢甲大學,國際企業管理全英語學士學位學程,第一類學群,4,24,1,20,0,均標,0,後標,0,0,0,在校學業成績全校排名百分比,英語文學業成績總平均全校排名百分比,學測英文級分,學測國文、英文、數學B之級分總和,學測數學B級分,學測國文級分,學測社會級分,1、在校學業成績全校排名百分比 2、英語文學業成績總平均全校排名百分比 3、學測英文級分 4、學測國文、英文、數學B之級分總和 5、學測數學B級分 6、學測國文級分 7、學測社會級分,,,,,,,"1.專業課程採全英語授課，旨在培育具備國際視野的經營與管理人才。
2.大四需出國研修一年，能攻讀國外大學或碩士學位。
3.最快四年可取得逢甲大學學士學位與國外(學)碩士學位。
4.成績優異者，可申請出國研修獎學金或姊妹校學費互免。
5.本學程網址：https://biba.fcu.edu.tw，聯絡電話：(04)24517250#4096，劉小姐"
01504,逢甲大學,財稅學系,第一類學群,20,24,1,20,0,後標,0,0,後標,0,0,在校學業成績全校排名百分比,學測國文、英文、數學B之級分總和,學測英文級分,學測數學B級分,學測國文級分,學測社會級分,英語文學業成績總平均全校排名百分比,1、在校學業成績全校排名百分比 2、學測國文、英文、數學B之級分總和 3、學測英文級分 4、學測數學B級分 5、學測國文級分 6、學測社會級分 7、英語文學業成績總平均全校排名百分比,,,,,,,"1.配合大學入學多元化管道，招收對財稅、會計、經濟、金融與投資有興趣之高中(職)畢業(含應屆畢業)或同等學力學生，以培育財稅專業人才，因應在公部門及企業之稅務需求，未來可至國稅局、地稅局、會計師事務所、銀行保險與企業財務會計等相關部門就業。
2.本系網址：https://pf.fcu.edu.tw/
3.連絡電話：04-24517250轉4301(陳助教)"
01505,逢甲大學,合作經濟暨社會事業經營學系,第一類學群,15,24,1,20,0,後標,0,0,後標,0,0,在校學業成績全校排名百分比,學測國文、英文、數學B、社會之級分總和,學測英文級分,學測國文級分,學測社會級分,英語文學業成績總平均全校排名百分比,國語文學業成績總平均全校排名百分比,1、在校學業成績全校排名百分比 2、學測國文、英文、數學B、社會之級分總和 3、學測英文級分 4、學測國文級分 5、學測社會級分 6、英語文學業成績總平均全校排名百分比 7、國語文學業成績總平均全校排名百分比,,,,,,,"1.本系教育目標為培養能參與社會產業升級轉型與永續發展經營之人才，培育學生之共善素養、兼備合作組織與社會事業當代經營管理能力及跨領域能力，歡迎對社會創新與永續經營管理有興趣的學生報考。
2.提供寒暑期與全學期至企業、社會事業組織及政府單位實習機會。
3.提供學生先修碩士班課程的制度及機會，達到連續性培育人才之成效。
4.本系提供多項勵學、清寒獎學金，並有海外交換及研修機會。
5.本系網址：https://coop.fcu.edu.tw，連絡電話：(04)24517250轉4352(蔡小姐)。"
01506,逢甲大學,統計學系商業大數據組,第一類學群,9,24,1,20,0,後標,0,均標,後標,0,0,在校學業成績全校排名百分比,學測國文、英文、數學B、社會之級分總和,學測數學B級分,學測英文級分,學測國文級分,數學學業成績總平均全校排名百分比,學測社會級分,1、在校學業成績全校排名百分比 2、學測國文、英文、數學B、社會之級分總和 3、學測數學B級分 4、學測英文級分 5、學測國文級分 6、數學學業成績總平均全校排名百分比 7、學測社會級分,,,,,,,"1.招生目標：招收對於商業數據有興趣者，教學內容將結合統計分析、數量方法、資訊科技等專業訓練，培養並且具備產業觀察、需求分析、新知檢索、資料挖掘、知識管理、產品定位等能力。未來出路包括在精算分析(如利用健保資料、國健署問卷調查資料、Wiki 百科、其它社經資料庫，設計保單與費率分析)、計量財務分析(如利用股匯市資料波動預測及風險評估)、商業大數據分析(如利用交通資料庫分析交通壅塞路段)各領域。
2.本學系網址：https://stat.fcu.edu.tw，聯絡人：謝小姐，電話：(04)24517250轉4012"
01507,逢甲大學,統計學系大數據分析與市場決策組,第一類學群,8,24,1,20,0,後標,0,均標,0,0,0,在校學業成績全校排名百分比,學測國文、英文、數學B之級分總和,學測數學B級分,學測英文級分,學測國文級分,數學學業成績總平均全校排名百分比,學測社會級分,1、在校學業成績全校排名百分比 2、學測國文、英文、數學B之級分總和 3、學測數學B級分 4、學測英文級分 5、學測國文級分 6、數學學業成績總平均全校排名百分比 7、學測社會級分,,,,,,,"1. 招生目標：招收對科技行銷有興趣者，教學內容將結合統計分析、工業4.0、物聯網、資料挖掘、APP程式設計等專業訓練，以能擷取物聯網資料或社群網站內容，進而將大數據處理、轉換、分析，從中獲得潛在寶貴知識，進而提出有價值行銷策略。未來出路包括產品定價(如利用過去顧客交易資訊寄出量身廣告 Email)、工業設計(如從交通數據中挖掘無人車行進規則)、知識管理與產品行銷(如APP設計與物聯網行銷)等各領域。
2.本學系網址：https://www.stat.fcu.edu.tw，聯絡人：謝小姐，電話：(04)24517250轉4012"
01508,逢甲大學,經濟學系,第一類學群,18,24,1,20,0,後標,0,後標,0,0,0,在校學業成績全校排名百分比,學測數學B級分,學測英文級分,學測國文級分,學測社會級分,數學學業成績總平均全校排名百分比,英語文學業成績總平均全校排名百分比,1、在校學業成績全校排名百分比 2、學測數學B級分 3、學測英文級分 4、學測國文級分 5、學測社會級分 6、數學學業成績總平均全校排名百分比 7、英語文學業成績總平均全校排名百分比,,,,,,,"1.本系強調嚴謹的邏輯思考，而人才培育以經濟理論訓練為基礎，並結合與朝向商業數據、資料科學與永續發展目標(Sustainable Development Goals, SDGs)的應用層面發展。另規劃三大應用經濟課程群供選擇：(1)商業策略與數據分析課程群–順應產業與商業的快速變遷，培育高級產業分析師；(2)資料科學與金融科技課程群–結合巨量之經濟與金融數據，培育同時具有編寫程式與經濟分析之資料科學家；(3)永續經濟課程群–在全球提倡永續發展目標的潮流下，培育一個關懷企業永續、環境保育與經濟持續發展之跨領域人才。
2.本系網址：https://econ.fcu.edu.tw，聯絡電話：04-24517250轉4455，何小姐。"
01509,逢甲大學,企業管理學系,第一類學群,20,24,1,20,後標,後標,0,後標,0,0,0,在校學業成績全校排名百分比,學測國文、英文、數學B之級分總和,學測英文級分,學測數學B級分,學測國文級分,英語文學業成績總平均全校排名百分比,數學學業成績總平均全校排名百分比,1、在校學業成績全校排名百分比 2、學測國文、英文、數學B之級分總和 3、學測英文級分 4、學測數學B級分 5、學測國文級分 6、英語文學業成績總平均全校排名百分比 7、數學學業成績總平均全校排名百分比,,,,,,,"本系網址：https://ba.fcu.edu.tw/，連絡電話：(04)24517250轉4052(張先生)
本系規劃專業課程模組(智慧製造、創新服務、新型態商業模式)，培育學生具備商業分析與營運決策之未來企業經營管理人才，課程規劃著重於各管理專業之整合，訓練學生統合規劃與管理領導能力，並鼓勵學生修習跨領域課程，輔導學生考取專業證照，積極推動四年級就業實習，以達到學習與就業無縫接軌的目的。"
01510,逢甲大學,行銷學系,第一類學群,16,24,1,20,後標,後標,0,0,0,0,0,在校學業成績全校排名百分比,學測國文、英文之級分總和,學測國文級分,學測英文級分,國語文學業成績總平均全校排名百分比,英語文學業成績總平均全校排名百分比,公民與社會學業成績總平均全校排名百分比,1、在校學業成績全校排名百分比 2、學測國文、英文之級分總和 3、學測國文級分 4、學測英文級分 5、國語文學業成績總平均全校排名百分比 6、英語文學業成績總平均全校排名百分比 7、公民與社會學業成績總平均全校排名百分比,,,,,,,"1.本系以專題實作為主，二年級與業者合作微電影專題，三年級與業者合作數位社群經營專題，四年級畢業專題與業者合作解決行銷問題。
2.本系課程融合美學、時尚學、創意學、品牌視覺設計、廣告影像與網頁設計、社群媒體、數據分析與數位行銷等跨領域課程。
3.鼓勵同學出國交換及四年級就業實習。4.培訓學生具備整合行銷與管理領導能力，畢業即就業。
4.本系網址:https://marketing.fcu.edu.tw/，聯絡人:林小姐(04-24517250#4383)"
01511,逢甲大學,中國文學系,第一類學群,7,24,1,20,均標,後標,0,0,0,0,0,在校學業成績全校排名百分比,學測國文級分,學測社會級分,學測英文級分,國語文學業成績總平均全校排名百分比,英語文學業成績總平均全校排名百分比,歷史學業成績總平均全校排名百分比,1、在校學業成績全校排名百分比 2、學測國文級分 3、學測社會級分 4、學測英文級分 5、國語文學業成績總平均全校排名百分比 6、英語文學業成績總平均全校排名百分比 7、歷史學業成績總平均全校排名百分比,,,,,,,"1 文學 × 科技，跨時代中文力：中文專業到AI應用的轉譯能力，開啟新視野。
2 雙主修＋跨域學習：主修中文，跨修華語、資訊或行銷，打造專屬學習地圖。
3 超強資源，體驗世界：國際交流、實習與遊學機會，走出教室、接軌世界。
4 打造菁英學習路徑：銜接碩士模組，強化學術、文案與企劃力，培育高階人才。
5 本系網址https://cl.fcu.edu.tw；電話04-24517250#5353"
01512,逢甲大學,外國語文學系,第一類學群,12,24,1,20,後標,均標,0,0,0,0,0,在校學業成績全校排名百分比,學測英文級分,學測國文級分,英語文學業成績總平均全校排名百分比,國語文學業成績總平均全校排名百分比,歷史學業成績總平均全校排名百分比,地理學業成績總平均全校排名百分比,1、在校學業成績全校排名百分比 2、學測英文級分 3、學測國文級分 4、英語文學業成績總平均全校排名百分比 5、國語文學業成績總平均全校排名百分比 6、歷史學業成績總平均全校排名百分比 7、地理學業成績總平均全校排名百分比,,,,,,,本系課程奠基學生英外語語言與文化能力，並結合AI數位工具，來強化學生人文敘事力；提供英國、澳洲、美國等知名大學雙聯與交換機會；提供國內外專業實習；提供校內跨領域選修課程，提升就業競爭力；提供日文、西文等第二外語供學生修習；提供外文系學生專屬獎學金。網址：https://fll.fcu.edu.tw/；聯絡電話：(04)2451-7250#5602。
01513,逢甲大學,都市計畫與空間資訊學系,第一類學群,13,24,1,20,後標,後標,0,0,後標,0,0,在校學業成績全校排名百分比,學測國文、英文、社會之級分總和,學測社會級分,國語文學業成績總平均全校排名百分比,地理學業成績總平均全校排名百分比,學測英文級分,學測數學B級分,1、在校學業成績全校排名百分比 2、學測國文、英文、社會之級分總和 3、學測社會級分 4、國語文學業成績總平均全校排名百分比 5、地理學業成績總平均全校排名百分比 6、學測英文級分 7、學測數學B級分,,,,,,,"1.本系希望學生有高度的人文關懷，對人與土地充滿認同並具環境與空間的高敏感度；對國土及城鄉規劃、都市設計、社區營造、空間資訊、經營管理有興趣。
2.教育目的是訓練對人群、土地及社會環境改善能有具體貢獻之都市計畫技師與空間資訊專業人才。
3.本系學系亦可加修都市更新、不動產、智慧城市及跨領域等專業學分學程，強化自我職場競爭力。
4.本系網址：https://up.fcu.edu.tw/連絡電話：04-24517250#3351。"
01514,逢甲大學,運輸與物流學系,第一類學群,14,24,1,20,後標,後標,0,後標,0,0,0,在校學業成績全校排名百分比,學測英文級分,學測國文級分,學測數學B級分,學測國文、英文、數學B之級分總和,英語文學業成績總平均全校排名百分比,國語文學業成績總平均全校排名百分比,1、在校學業成績全校排名百分比 2、學測英文級分 3、學測國文級分 4、學測數學B級分 5、學測國文、英文、數學B之級分總和 6、英語文學業成績總平均全校排名百分比 7、國語文學業成績總平均全校排名百分比,,,,,,,"1.MIT之CDIO人才培育，讓學生具備陸海空之全方位運輸物流專業知識與技能。
2.三大運輸物流研究中心，提供高額助學金，帶領學生做中學。
3.全國最多之運輸物流畢業系友，讓學生擁有龐大社會資源。
4.「運輸規劃」與「智慧物流」兩大企業經典課程，「智慧軌道運輸」、「AI智慧城市與生活」、「智慧永續航港物流」三大企業經典學程。5.與University of Arizona、University of Cincinnati、Chung-Ang University、SUSS等名校合作，提供豐富國際交流。本系聯絡電話：(04)24517250轉4654，網頁：https://tl.fcu.edu.tw/"
01515,逢甲大學,土地管理學系,第一類學群,16,24,1,20,後標,後標,0,0,後標,0,0,在校學業成績全校排名百分比,學測國文、英文、數學B、社會之級分總和,學測國文級分,學測社會級分,國語文學業成績總平均全校排名百分比,地理學業成績總平均全校排名百分比,公民與社會學業成績總平均全校排名百分比,1、在校學業成績全校排名百分比 2、學測國文、英文、數學B、社會之級分總和 3、學測國文級分 4、學測社會級分 5、國語文學業成績總平均全校排名百分比 6、地理學業成績總平均全校排名百分比 7、公民與社會學業成績總平均全校排名百分比,,,,,,,"本系以土地管理法規、政策、經濟等之知識傳授為基礎，以不動產管理為特色之綜合性人才培育學系，並可修習校內其他其他相關學程進行跨領域學習、未來可報考公職高普考、不動產估價師、不動產經紀人與地政士等證照。
本系網頁：https://lm.fcu.edu.tw/
連絡電話：(04)24517250分機4703"
01516,逢甲大學,財務金融學系,第一類學群,21,24,1,20,0,後標,0,後標,0,0,0,在校學業成績全校排名百分比,學測英文級分,學測數學B級分,學測國文級分,英語文學業成績總平均全校排名百分比,數學學業成績總平均全校排名百分比,國語文學業成績總平均全校排名百分比,1、在校學業成績全校排名百分比 2、學測英文級分 3、學測數學B級分 4、學測國文級分 5、英語文學業成績總平均全校排名百分比 6、數學學業成績總平均全校排名百分比 7、國語文學業成績總平均全校排名百分比,,,,,,,"1.本系以培育財務金融專業人才為目的，因應金融市場自由化、國際化與金融科技之發展趨勢，本系以金融機構經營與管理、投資管理、金融科技、衍生性金融商品、公司財務及國際財務管理等為主要的教學領域。本系重視理論與實務之應用，課程中結合虛擬交易所讓學生熟悉投資與金融實務，並積極推動四年級下學期專業實習，以達到畢業即就業之目標。
2.本系網址：https://fina.fcu.edu.tw/，聯絡電話：(04)24517250轉4151。"
01517,逢甲大學,風險管理與保險學系,第一類學群,15,24,1,20,後標,後標,0,0,0,0,0,在校學業成績全校排名百分比,學測英文級分,學測國文級分,學測數學B級分,英語文學業成績總平均全校排名百分比,國語文學業成績總平均全校排名百分比,數學學業成績總平均全校排名百分比,1、在校學業成績全校排名百分比 2、學測英文級分 3、學測國文級分 4、學測數學B級分 5、英語文學業成績總平均全校排名百分比 6、國語文學業成績總平均全校排名百分比 7、數學學業成績總平均全校排名百分比,,,,,,,"1.本系另有數種專供本系學生申請之獎學金，金額均萬元以上，對品學兼優及家境清寒的同學有所鼓勵和幫助。
2.本系主要在培育具備風險管理與保險經營能力之專長，以因應保險市場國際化之人才需求。本系課程除風險管理、產壽險等基礎理論外，專業保險課程涵蓋保險財務、保險經營、金融科技、保險大數據與行銷管理等領域，並加強與實務應用之配合，規劃證照輔導及四年級下學期專業實習課程，以提升學生就業機會。
3.本系網址：https://rmi.fcu.edu.tw/，聯絡電話：(04)24517250轉4121。"
01518,逢甲大學,財務工程與精算學士學位學程,第一類學群,6,24,1,20,0,後標,0,後標,0,0,0,在校學業成績全校排名百分比,學測數學B級分,學測英文級分,學測國文級分,數學學業成績總平均全校排名百分比,英語文學業成績總平均全校排名百分比,國語文學業成績總平均全校排名百分比,1、在校學業成績全校排名百分比 2、學測數學B級分 3、學測英文級分 4、學測國文級分 5、數學學業成績總平均全校排名百分比 6、英語文學業成績總平均全校排名百分比 7、國語文學業成績總平均全校排名百分比,,,,,,,本學位學程包含「財務工程」與「精算科學」兩大領域。這兩個領域都是應用數學、統計、電腦與資料科學來解決金融機構經營與管理問題。本學程是北美精算協會認證的精算教育學校(UCAP-AC)。學生可學習公司理財、財務投資、風險管理、金融商品定價、產壽險精算與退休金管理等專業領域。網址：https:// bpfeas.fcu.edu.tw/。連絡電話：04-24517250轉6111。
01519,逢甲大學,金融學院學士班,第一類學群,6,24,1,20,0,後標,0,後標,0,0,0,在校學業成績全校排名百分比,學測英文級分,學測數學B級分,學測國文級分,英語文學業成績總平均全校排名百分比,數學學業成績總平均全校排名百分比,國語文學業成績總平均全校排名百分比,1、在校學業成績全校排名百分比 2、學測英文級分 3、學測數學B級分 4、學測國文級分 5、英語文學業成績總平均全校排名百分比 6、數學學業成績總平均全校排名百分比 7、國語文學業成績總平均全校排名百分比,,,,,,,"1.金融學院學士班採大一課程不分流，專注培養金融業界領導人才。課程整合財務金融、風險管理、保險及精算科學，讓學生在公司財務、投資管理及金融科技等領域靈活應對市場需求。學生可在大一探索專業方向，奠定堅實的金融理論與實務基礎，發展現代金融市場所需的專業技能。大二可依本身意願自由選擇金融學院所屬任一學系(財金、風保、財精)，於大二分流進入所選學系就讀，畢業取得該學系學士學位，成為金融專業人才。
2.本班網址：https://upfc.fcu.edu.tw/，聯絡電話：(04)24517250轉6121。"
01520,逢甲大學,室內設計學士學位學程,第一類學群,3,24,1,20,均標,後標,0,0,0,0,0,在校學業成績全校排名百分比,學測國文級分,學測英文級分,學測數學B級分,國語文學業成績總平均全校排名百分比,英語文學業成績總平均全校排名百分比,數學學業成績總平均全校排名百分比,1、在校學業成績全校排名百分比 2、學測國文級分 3、學測英文級分 4、學測數學B級分 5、國語文學業成績總平均全校排名百分比 6、英語文學業成績總平均全校排名百分比 7、數學學業成績總平均全校排名百分比,,,,,,,"1.室內設計學士學位學程重視學生空間生活美學涵養，理論與實務並重。
2.畢業生就業選擇多元，可擔任室內、家具、展示及美術設計等相關工作。
3.可搭配20學分「智能建築運算」輔修學程做為專業加值。並融入建築學院「永續」、「文化」、「智慧」三個核心學習特色，真正落實學用合一，讓學生畢業後具備充分的就業、從業及國際競爭能力。我們有三個特色學習場域：In-Sense Lab感知實驗室、RoSoCoop數位製造合作社、XR虛實共構實驗室，提供多面向學習場域供學生選擇。
4.本院網址:https://archschool.fcu.edu.tw 連絡電話:(04)245172505轉3303"
01521,逢甲大學,澳洲墨爾本皇家理工大學商學與創新雙學士學位學程,第一類學群,2,24,0,0,0,均標,0,後標,0,0,0,在校學業成績全校排名百分比,學測英文、數學B之級分總和,學測英文級分,學測數學B級分,英語文學業成績總平均全校排名百分比,數學學業成績總平均全校排名百分比,國語文學業成績總平均全校排名百分比,1、在校學業成績全校排名百分比 2、學測英文、數學B之級分總和 3、學測英文級分 4、學測數學B級分 5、英語文學業成績總平均全校排名百分比 6、數學學業成績總平均全校排名百分比 7、國語文學業成績總平均全校排名百分比,,,,,,,本留學專班為商學領域學程，採全英語授課，著重學生創新實作能力訓練。前2年在逢甲大學就讀，後2年至澳洲墨爾本皇家理工大學Royal Melbourne Institute of Technology(RMIT)就讀，畢業後可取得兩校分別頒授的學位。學生在逢甲大學進行商學基礎課程培育，大三前往RMIT時，可從14個商學領域擇一為主修，或選擇1-2個副修。詳細資訊及國內外學費請參考：https://istm.fcu.edu.tw/；聯絡電話：04-24517250轉6601。
01522,逢甲大學,澳洲昆士蘭大學商學雙學士學位學程,第一類學群,4,24,0,0,0,均標,0,均標,0,0,0,在校學業成績全校排名百分比,學測英文、數學B之級分總和,學測英文級分,學測數學B級分,英語文學業成績總平均全校排名百分比,數學學業成績總平均全校排名百分比,國語文學業成績總平均全校排名百分比,1、在校學業成績全校排名百分比 2、學測英文、數學B之級分總和 3、學測英文級分 4、學測數學B級分 5、英語文學業成績總平均全校排名百分比 6、數學學業成績總平均全校排名百分比 7、國語文學業成績總平均全校排名百分比,,,,,,,本留學專班為商學領域學程，採全英語授課，著重學生商業學群實作能力訓練。前2年在逢甲大學就讀，後2年至QS 2025世界排名40名的澳洲昆士蘭大學 University of Queensland (UQ)就讀，畢業可取得兩校分別頒授的學位。學生在逢甲大學進行商學課程培育，大三前往UQ時，可自經濟、商業管理、商業與貿易等領域選擇主修，繼續專業知識的修習。國內外學費請參考:https://istm.fcu.edu.tw/recruit/；詳細資訊請至本院網址:https://istm.fcu.edu.tw；聯絡電話:04-24517250轉6601。
01523,逢甲大學,澳洲新南威爾斯大學設計雙學士學位學程,第一類學群,4,24,0,0,均標,均標,0,0,0,0,0,在校學業成績全校排名百分比,學測英文級分,英語文學業成績總平均全校排名百分比,學測國文級分,歷史學業成績總平均全校排名百分比,公民與社會學業成績總平均全校排名百分比,數學學業成績總平均全校排名百分比,1、在校學業成績全校排名百分比 2、學測英文級分 3、英語文學業成績總平均全校排名百分比 4、學測國文級分 5、歷史學業成績總平均全校排名百分比 6、公民與社會學業成績總平均全校排名百分比 7、數學學業成績總平均全校排名百分比,,,,,,,本留學專班為設計領域學程，採全英語授課。前2年在逢甲大學修讀兩年，後2年至QS 2026世界大學排名20名的澳洲新南威爾斯大學University of New South Wales (UNSW) 就讀，畢業可取得兩校分別頒授的學位。學生在逢甲大學修習設計基礎知識並培養基本設計技能。大三前往UNSW時，學生將繼續修讀核心設計課程。國內外學費資訊請參考：https://istm.fcu.edu.tw/recruit/；詳細資訊請至本院網址：https://istm.fcu.edu.tw；聯絡電話：04-24517250轉6601。
01524,逢甲大學,美國加州聖荷西州立大學商學大數據分析雙學士學位學程,第一類學群,2,24,0,0,0,均標,0,後標,0,0,0,在校學業成績全校排名百分比,學測英文、數學B之級分總和,學測英文級分,學測數學B級分,英語文學業成績總平均全校排名百分比,數學學業成績總平均全校排名百分比,國語文學業成績總平均全校排名百分比,1、在校學業成績全校排名百分比 2、學測英文、數學B之級分總和 3、學測英文級分 4、學測數學B級分 5、英語文學業成績總平均全校排名百分比 6、數學學業成績總平均全校排名百分比 7、國語文學業成績總平均全校排名百分比,,,,,,,本留學專班為商學跨領域學程，採全英語授課。前2年在逢甲大學就讀，後2年至2025《華爾街日報》全美最佳大學排名第16名的美國加州聖荷西州立大學 San Jose State University (SJSU) 就讀，畢業可取得兩校分別頒授的學位。學生在逢甲大學進行基礎商學知識及統計分析的培育，大三前往SJSU時，將銜接至商學院主修商業大數據分析(Business Analytics)，繼續專業知識的修習。國內外學費請參考：https://istm.fcu.edu.tw/recruit/；詳細資訊請至本院網址：https://istm.fcu.edu.tw；聯絡電話：04-24517250轉6601。
01525,逢甲大學,機械與電腦輔助工程學系,第二類學群,16,26,1,20,0,後標,0,0,0,後標,0,在校學業成績全校排名百分比,學測國文、英文、數學A、自然之級分總和,學測數學A級分,學測自然級分,學測國文級分,國語文學業成績總平均全校排名百分比,學測英文級分,1、在校學業成績全校排名百分比 2、學測國文、英文、數學A、自然之級分總和 3、學測數學A級分 4、學測自然級分 5、學測國文級分 6、國語文學業成績總平均全校排名百分比 7、學測英文級分,,,,,,,"本系為工程學群，除基礎教學課程之外，更著重學生專業知識及實際上的訓練，期望招收具備有社會責任感、團隊精神及溝通能力佳的學生，以其學生更能符合就業市場與社會需求。
本系網址:https://mcae.fcu.edu.tw/，連絡電話:(04)24517250轉3506"
01526,逢甲大學,纖維與複合材料學系,第二類學群,9,26,1,20,0,後標,0,0,0,後標,0,在校學業成績全校排名百分比,學測國文、英文、數學A、自然之級分總和,學測自然級分,學測英文級分,學測數學A級分,化學學業成績總平均全校排名百分比,物理學業成績總平均全校排名百分比,1、在校學業成績全校排名百分比 2、學測國文、英文、數學A、自然之級分總和 3、學測自然級分 4、學測英文級分 5、學測數學A級分 6、化學學業成績總平均全校排名百分比 7、物理學業成績總平均全校排名百分比,,,,,,,"1.本系分別開設基礎及研究屬性教學課程使學生能符合社會需求外，並根據辦學理念培訓學生對纖維、高分子、奈米、複合材料、染色整理、能源與生醫材料專業技能、專業管理能力、就業技能及獨立思考與研發能力為目標。
2.本系為工程學群，除開設基礎教學課程之外，更著重實驗實際操作之訓練，期望招收具備溝通能力與團隊精神者，使學生更能符合就業市場與社會需求。本系網址http://fcm.fcu.edu.tw，連絡電話04-24517250轉3402"
01527,逢甲大學,工業工程與系統管理學系A組,第二類學群,7,26,0,0,0,後標,後標,0,0,0,0,在校學業成績全校排名百分比,學測國文、英文、數學A之級分總和,學測數學A級分,學測英文級分,學測國文級分,數學學業成績總平均全校排名百分比,英語文學業成績總平均全校排名百分比,1、在校學業成績全校排名百分比 2、學測國文、英文、數學A之級分總和 3、學測數學A級分 4、學測英文級分 5、學測國文級分 6、數學學業成績總平均全校排名百分比 7、英語文學業成績總平均全校排名百分比,,,,,,,"本系有e世代科技與國際化宏觀的課程設計，將工業工程 (Industrial Engineering, IE) 的縮寫，賦予更積極的Integrating Expert的新意，以培育具有永續觀念以及充分發揮資源效能的現代工程人才，迎接未來挑戰，具備競爭力、就業力及全球移動力。本系課程規劃與設計目標，是培養學生具備工業4.0人才所需之良好團隊合作能、自我表達、雲端設計、大數據分析、以及解決問題與專案管理能力。 本系網址 https://inde.fcu.edu.tw/ 電話: (04)24517250分機3607"
01528,逢甲大學,工業工程與系統管理學系B組,第二類學群,7,26,1,20,0,後標,0,後標,0,0,0,在校學業成績全校排名百分比,學測國文、英文、數學B之級分總和,學測數學B級分,學測英文級分,學測國文級分,數學學業成績總平均全校排名百分比,英語文學業成績總平均全校排名百分比,1、在校學業成績全校排名百分比 2、學測國文、英文、數學B之級分總和 3、學測數學B級分 4、學測英文級分 5、學測國文級分 6、數學學業成績總平均全校排名百分比 7、英語文學業成績總平均全校排名百分比,,,,,,,"本系有e世代科技與國際化宏觀的課程設計，將工業工程 (Industrial Engineering, IE) 的縮寫，賦予更積極的Integrating Expert的新意，以培育具有永續觀念以及充分發揮資源效能的現代工程人才，迎接未來挑戰，具備競爭力、就業力及全球移動力。本系課程規劃與設計目標，是培養學生具備工業4.0人才所需之良好團隊合作能、自我表達、雲端設計、大數據分析、以及解決問題與專案管理能力。 本系網址 https://inde.fcu.edu.tw/ 電話: (04)24517250分機3607"
01529,逢甲大學,化學工程學系,第二類學群,22,26,1,20,0,後標,0,0,0,後標,0,在校學業成績全校排名百分比,學測國文、英文、數學A、自然之級分總和,學測數學A級分,學測自然級分,學測英文級分,學測國文級分,數學學業成績總平均全校排名百分比,1、在校學業成績全校排名百分比 2、學測國文、英文、數學A、自然之級分總和 3、學測數學A級分 4、學測自然級分 5、學測英文級分 6、學測國文級分 7、數學學業成績總平均全校排名百分比,,,,,,,"1.招收對先進化材、光電與半導體、生化生醫、綠色製程與能源等領域有興趣之學生，藉以培養優秀化學工程專業人才。
2.本系網址:https://che.fcu.edu.tw/，連絡電話:(04)24517250轉3654。"
01530,逢甲大學,航太與系統工程學系,第二類學群,16,26,1,20,0,後標,0,0,0,後標,0,在校學業成績全校排名百分比,學測國文、英文、數學A、自然之級分總和,學測自然級分,學測數學A級分,學測國文級分,學測英文級分,物理學業成績總平均全校排名百分比,1、在校學業成績全校排名百分比 2、學測國文、英文、數學A、自然之級分總和 3、學測自然級分 4、學測數學A級分 5、學測國文級分 6、學測英文級分 7、物理學業成績總平均全校排名百分比,,,,,,,"1.選擇就讀本系，基本上需對自然科學有興趣，若對航空太空方面有興趣者尤佳。
2.本系旨在培育包括飛具設計、噴射推進、電腦輔助工程、尖端航太材料、電子構裝、能源工程、飛行控制、民航飛行以及系統工程等航太高科技相關領域之專業人才。
3.本系網址：https://aero.fcu.edu.tw/，諮詢電話：(04)24517250轉3951。"
01531,逢甲大學,精密系統設計學士學位學程,第二類學群,7,26,1,20,0,後標,0,0,0,後標,0,在校學業成績全校排名百分比,學測國文、英文、數學A之級分總和,物理學業成績總平均全校排名百分比,學測數學A級分,學測英文級分,學測國文級分,學測自然級分,1、在校學業成績全校排名百分比 2、學測國文、英文、數學A之級分總和 3、物理學業成績總平均全校排名百分比 4、學測數學A級分 5、學測英文級分 6、學測國文級分 7、學測自然級分,,,,,,,"1.本學程因應智慧製造人才的需求與發展的趨勢，培育具備國際觀與全方位知識之系統整合設計人才。在中部精密科技產業支持下，課程著重精密設計之學理與實務，加強業界實習的學習與交流，融入CDIO專題導向式教育，使學生具備獨立思考與解決問題之能力。
2.本學程網址：https://psd.fcu.edu.tw/，連絡電話：(04)24517250轉3572。"
01532,逢甲大學,應用數學系A組,第二類學群,9,26,0,0,0,後標,後標,0,0,0,0,在校學業成績全校排名百分比,學測數學A級分,數學學業成績總平均全校排名百分比,學測國文、英文、數學A之級分總和,學測英文級分,學測國文級分,學測自然級分,1、在校學業成績全校排名百分比 2、學測數學A級分 3、數學學業成績總平均全校排名百分比 4、學測國文、英文、數學A之級分總和 5、學測英文級分 6、學測國文級分 7、學測自然級分,,,,,,,"1.本系以培養學生具備數學、統計、資訊之綜合應用能力為目標，訓練學生發掘、分析及處理問題的能力，並透過跨領域學習、專題實作、專業證照及競賽等，強化職場競爭力。歡迎有興趣於數學建模、數據科學及人工智慧領域的同學，加入本系行列。未來可擔任數據分析師、機率工程師、品管工程師、人工智慧工程師、資安應用工程師等產業專業人才。
2.本系網頁：https://apmath.fcu.edu.tw，聯絡電話：(04)24517250轉5102"
01533,逢甲大學,應用數學系B組,第二類學群,3,26,1,20,0,後標,0,均標,0,0,0,在校學業成績全校排名百分比,學測數學B級分,數學學業成績總平均全校排名百分比,學測國文、英文、數學B之級分總和,學測英文級分,學測國文級分,學測自然級分,1、在校學業成績全校排名百分比 2、學測數學B級分 3、數學學業成績總平均全校排名百分比 4、學測國文、英文、數學B之級分總和 5、學測英文級分 6、學測國文級分 7、學測自然級分,,,,,,,"1.本系以培養學生具備數學、統計、資訊之綜合應用能力為目標，訓練學生發掘、分析及處理問題的能力，並透過跨領域學習、專題實作、專業證照及競賽等，強化職場競爭力。歡迎有興趣於數學建模、數據科學及人工智慧領域的同學，加入本系行列。未來可擔任數據分析師、機率工程師、品管工程師、人工智慧工程師、資安應用工程師等產業專業人才。
2.本系網頁：https://apmath.fcu.edu.tw，聯絡電話：(04)24517250轉5102"
01534,逢甲大學,材料科學與工程學系,第二類學群,19,26,1,20,0,後標,0,0,0,後標,0,在校學業成績全校排名百分比,學測國文、英文、數學A、自然之級分總和,學測自然級分,學測英文級分,學測數學A級分,化學學業成績總平均全校排名百分比,物理學業成績總平均全校排名百分比,1、在校學業成績全校排名百分比 2、學測國文、英文、數學A、自然之級分總和 3、學測自然級分 4、學測英文級分 5、學測數學A級分 6、化學學業成績總平均全校排名百分比 7、物理學業成績總平均全校排名百分比,,,,,,,本系為理論與實務並重之學系，由材料基礎科學至尖端科技，培養學生宏觀視野。課程規劃有高性能合金與積層製造、奈米電子元件與智慧感測、再生能源材料與永續發展等三大特色領域，另提供獎助學金，國外交換學生、海外移地教學及國內外產業實習機會。學生具高度就業競爭力。本系網址https://mse.fcu.edu.tw，聯絡電話：(04)24517250轉5304。
01535,逢甲大學,環境工程與科學學系,第二類學群,16,26,1,20,後標,0,後標,0,0,後標,0,在校學業成績全校排名百分比,學測國文、數學A、自然之級分總和,學測自然級分,學測數學A級分,學測國文級分,化學學業成績總平均全校排名百分比,數學學業成績總平均全校排名百分比,1、在校學業成績全校排名百分比 2、學測國文、數學A、自然之級分總和 3、學測自然級分 4、學測數學A級分 5、學測國文級分 6、化學學業成績總平均全校排名百分比 7、數學學業成績總平均全校排名百分比,,,,,,,"1、本系以培育兼具環境科學基礎與環境工程應用之專業人才為主，課程特色兼具工程與科學領域，注重實驗操作及實習體驗，歡迎對環境科學、環境工程以及對環境教育有熱忱之學生來申請。
2、本系網址：https://ees.fcu.edu.tw，聯絡電話：(04)24517250轉5203。"
01536,逢甲大學,光電科學與工程學系,第二類學群,16,26,1,20,後標,後標,後標,0,0,後標,0,在校學業成績全校排名百分比,學測數學A級分,學測自然級分,學測英文級分,數學學業成績總平均全校排名百分比,物理學業成績總平均全校排名百分比,英語文學業成績總平均全校排名百分比,1、在校學業成績全校排名百分比 2、學測數學A級分 3、學測自然級分 4、學測英文級分 5、數學學業成績總平均全校排名百分比 6、物理學業成績總平均全校排名百分比 7、英語文學業成績總平均全校排名百分比,,,,,,,"1.本系以培育光電與半導體產業之高科技人才為目標，特色課程涵蓋半導體、光學設計與鍍膜、三維顯示技術、
雷射加工、前瞻光通訊技術等應用領域。所有學生均有參加專題研究、企業實習及海外交流之機會。本系系友近
九成在半導體與光電相關產業。
2.本系網頁：https://photonics.fcu.edu.tw，聯絡電話：(04)24517250轉5081。"
01537,逢甲大學,資訊工程學系,第二類學群,25,26,1,20,0,後標,均標,0,0,0,0,在校學業成績全校排名百分比,學測英文、數學A、自然之級分總和,學測數學A級分,學測英文級分,學測自然級分,學測國文級分,數學學業成績總平均全校排名百分比,1、在校學業成績全校排名百分比 2、學測英文、數學A、自然之級分總和 3、學測數學A級分 4、學測英文級分 5、學測自然級分 6、學測國文級分 7、數學學業成績總平均全校排名百分比,,,,,,,"一、本系特色：1.本系成立於1969年，設有博、碩、學士班，學制完整畢業系友逾萬人。2.全台首座蘋果公司認
證區域教育訓練中心。3.為全國第一個榮獲IEET認證通過之資工系，具國際競爭力。4.注重專題製作，學生可獲
得專精的理論與實務訓練。5.落實產學合作，並提供企業實習，培育符合產業界需求之人才。
二、本系網址：https://iecs.fcu.edu.tw，聯絡電話：(04)24517250 轉3701。"
01538,逢甲大學,電子工程學系,第二類學群,17,26,1,20,0,後標,後標,0,0,後標,0,在校學業成績全校排名百分比,學測國文、英文、數學A、自然之級分總和,學測自然級分,學測數學A級分,學測英文級分,學測國文級分,數學學業成績總平均全校排名百分比,1、在校學業成績全校排名百分比 2、學測國文、英文、數學A、自然之級分總和 3、學測自然級分 4、學測數學A級分 5、學測英文級分 6、學測國文級分 7、數學學業成績總平均全校排名百分比,,,,,,,"本系特色：
1.半導體與IC電子科技為我國重要經濟產業，本系以「半導體/電子元件」與「IC設計/智慧電子系統」為主要專業領域。
2.本系為通過IEET工程教育認證之優秀系所，著重專題實作與電子科技產業結合。培育學生-好就業/能創業/可升學的優秀系所，使畢業生在半導體與電子產業就業，一展長才。
3.學系網址：https://fcuece.fcu.edu.tw。聯絡電話：(04)24517250 轉4901"
01539,逢甲大學,電機工程學系,第二類學群,19,26,1,20,0,後標,均標,0,0,後標,0,在校學業成績全校排名百分比,學測國文、英文、數學A、自然之級分總和,學測數學A級分,學測自然級分,學測國文級分,學測英文級分,數學學業成績總平均全校排名百分比,1、在校學業成績全校排名百分比 2、學測國文、英文、數學A、自然之級分總和 3、學測數學A級分 4、學測自然級分 5、學測國文級分 6、學測英文級分 7、數學學業成績總平均全校排名百分比,,,,,,,"1.本系以培育電機工程專業人才為宗旨，厚植基礎學科能力，強調理論與實務並重；專業課程方向則分為：智能
電力工程、5G/B5G通訊、智能光電等領域，使學生獲得專精的學理及實作訓練。另提供獎助學金、國外交換學生
及產業實習機會。
2.本系網址：https://ee.fcu.edu.tw，聯絡電話：(04)24517250轉3801。"
01540,逢甲大學,自動控制工程學系,第二類學群,17,26,1,20,0,後標,後標,0,0,後標,0,在校學業成績全校排名百分比,學測國文、英文、數學A、自然之級分總和,學測數學A級分,學測自然級分,學測英文級分,學測國文級分,數學學業成績總平均全校排名百分比,1、在校學業成績全校排名百分比 2、學測國文、英文、數學A、自然之級分總和 3、學測數學A級分 4、學測自然級分 5、學測英文級分 6、學測國文級分 7、數學學業成績總平均全校排名百分比,,,,,,,"1.本系為大電機領域中整合電機、資訊、電子相關控制技術的專業系所，未來升學及就業都非常搶手，本系培育AI人工智慧、自駕車、機器人、智慧生醫、物聯網等尖端人才，並協助同學於最新技術上取得學習成果，可以在蓬勃發展的電子產業中成為專業且不容易被取代的人才。
2.學系網址:https://auto.fcu.edu.tw，聯絡電話：(04)24517250轉3901"
01541,逢甲大學,資訊電機學院學士班,第二類學群,15,26,1,20,0,後標,均標,0,0,0,0,在校學業成績全校排名百分比,學測國文、英文、數學A之級分總和,學測數學A級分,學測英文級分,學測國文級分,數學學業成績總平均全校排名百分比,英語文學業成績總平均全校排名百分比,1、在校學業成績全校排名百分比 2、學測國文、英文、數學A之級分總和 3、學測數學A級分 4、學測英文級分 5、學測國文級分 6、數學學業成績總平均全校排名百分比 7、英語文學業成績總平均全校排名百分比,,,,,,,"1.資電學士班之設計採『延後分流』的機制，學生可有一年緩衝的時間，在完善的輔導下發掘自身興趣與能力，大一結束依本身意願自由選擇資電學院所屬任一學系（資訊、電機、電子、自控、通訊），並於大二時分流進入所選學系就讀，畢業取得該學系學士學位。
2.本系網址:https://upiee.fcu.edu.tw；聯絡電話:(04)24517250轉3863。"
01542,逢甲大學,通訊工程學系,第二類學群,18,26,1,20,0,後標,後標,0,0,0,0,在校學業成績全校排名百分比,學測國文、英文、數學A之級分總和,學測數學A級分,學測國文級分,數學學業成績總平均全校排名百分比,國語文學業成績總平均全校排名百分比,英語文學業成績總平均全校排名百分比,1、在校學業成績全校排名百分比 2、學測國文、英文、數學A之級分總和 3、學測數學A級分 4、學測國文級分 5、數學學業成績總平均全校排名百分比 6、國語文學業成績總平均全校排名百分比 7、英語文學業成績總平均全校排名百分比,,,,,,,"1、通訊工程整合電機、電子與資訊等領域的核心技術，以因應資通訊產業的蓬勃發展需求。隨著5G/6G與人工智慧技術的持續推進，通訊科技已成為前瞻科技發展的重要核心，而具有通訊專業能力的人才，更是未來數十年產業最迫切且炙手可熱的需求。本系以專業導向為特色，設有「無線通訊」和「數位通訊」兩大專業領域，並涵蓋射頻電路與天線、信號處理與系統、網路協定與系統等三項子領域，為同學提供多元化的學習與發展途徑。同時，配合教學實驗室的實作課程，致力於培養學生兼具寬廣視野與跨領域整合能力之專業素養。
2、本系網址：https://ce.fcu.edu.tw，聯絡電話：(04)24517250轉4801。"
01543,逢甲大學,土木工程學系,第二類學群,14,26,1,20,0,後標,後標,0,0,後標,0,在校學業成績全校排名百分比,學測國文、英文、數學A、自然之級分總和,學測數學A級分,學測自然級分,學測國文級分,學測英文級分,數學學業成績總平均全校排名百分比,1、在校學業成績全校排名百分比 2、學測國文、英文、數學A、自然之級分總和 3、學測數學A級分 4、學測自然級分 5、學測國文級分 6、學測英文級分 7、數學學業成績總平均全校排名百分比,,,,,,,"1.本系培育土木工程專業人才，因應社會與職場需求，具備規劃、設計、監造及管理之能力。
2.課程強調學用合一及專業實作教學，包含結構工程、大地工程、營建管理、測量與資訊四大領域。
3.學生尚可加修營建資訊模擬(BIM)等學程，取得第二專長。
4.本系網址：https://civil.fcu.edu.tw，聯絡電話：(04)24517250轉3102"
01544,逢甲大學,水利工程與資源保育學系,第二類學群,10,26,1,20,0,後標,後標,0,0,0,0,在校學業成績全校排名百分比,學測國文、英文、數學A之級分總和,學測數學A級分,學測國文級分,學測英文級分,數學學業成績總平均全校排名百分比,國語文學業成績總平均全校排名百分比,1、在校學業成績全校排名百分比 2、學測國文、英文、數學A之級分總和 3、學測數學A級分 4、學測國文級分 5、學測英文級分 6、數學學業成績總平均全校排名百分比 7、國語文學業成績總平均全校排名百分比,,,,,,,"1.本系專注於培育具有氣候變遷調適能力之水利工程及水土保育專業人才，歡迎對水資源調配與管理、水土資源保育、水域環境生態工程、水土災害防治與減災規劃等有興趣者加入。
2.本系學生還可加修水土環境經理、專案管理、地理資訊應用等院共同學程，可取得學程跨領域專長。
3.本系和數十家公司簽訂暑期專業實習合約，可提供學生擁有學養及技能。
4.本系網頁: https://he.fcu.edu.tw ，連絡電話: (04)24517250轉 3202"
01545,逢甲大學,建築專業學院學士班,第二類學群,3,26,1,20,均標,均標,0,0,0,0,0,在校學業成績全校排名百分比,學測國文級分,學測英文級分,國語文學業成績總平均全校排名百分比,英語文學業成績總平均全校排名百分比,數學學業成績總平均全校排名百分比,學測數學A級分,1、在校學業成績全校排名百分比 2、學測國文級分 3、學測英文級分 4、國語文學業成績總平均全校排名百分比 5、英語文學業成績總平均全校排名百分比 6、數學學業成績總平均全校排名百分比 7、學測數學A級分,,,,,,,"1.建築學士班採大一課程不分流，讓所有學生接受完整設計基礎訓練，大二以上提供不同的課程模組讓學生選擇修讀建築學位學程(五年制)、室內設計學位學程(四年制)，並可搭配20學分「智能建築運算」輔修學程做為專業加值。並融入本院「永續」、「文化」、「智慧」三個核心學習特色，真正落實學用合一，讓學生畢業後具備充分的就業、從業及國際競爭能力。我們有三個特色學習場域：In-Sense Lab感知實驗室、RoSoCoop數位製造合作社、XR虛實共構實驗室，提供多面向學習場域供學生選擇。
2.本院網址:https://archschool.fcu.edu.tw 連絡電話:(04)245172505轉3303"
01546,逢甲大學,澳洲昆士蘭大學電機工程雙學士學位學程,第二類學群,4,26,0,0,0,均標,均標,0,0,0,0,在校學業成績全校排名百分比,學測英文級分,學測數學A級分,學測自然級分,數學學業成績總平均全校排名百分比,物理學業成績總平均全校排名百分比,英語文學業成績總平均全校排名百分比,1、在校學業成績全校排名百分比 2、學測英文級分 3、學測數學A級分 4、學測自然級分 5、數學學業成績總平均全校排名百分比 6、物理學業成績總平均全校排名百分比 7、英語文學業成績總平均全校排名百分比,,,,,,,"本留學專班為電機工程領域學程,採全英語授課。前2年在逢甲大學就讀,後2年至QS 2025年世界大學排名40名的澳洲昆士蘭大學University of Queensland (UQ)就讀，畢業可取得兩校分別頒授的學位。結合兩校優秀師資、教研設施、實務資源,進行電機工程相關領域辦學。國内外學費請考https://istm.fcu.edu.tw/recruit/;詳細資訊請至本院網址:https://istm.fcu.edu.tw;聯絡電話:04-24517250轉6601。"
01547,逢甲大學,澳洲蒙納許大學資訊工程雙學士學位學程,第二類學群,4,26,0,0,0,均標,後標,0,0,0,0,在校學業成績全校排名百分比,學測英文級分,學測數學A級分,學測自然級分,英語文學業成績總平均全校排名百分比,數學學業成績總平均全校排名百分比,物理學業成績總平均全校排名百分比,1、在校學業成績全校排名百分比 2、學測英文級分 3、學測數學A級分 4、學測自然級分 5、英語文學業成績總平均全校排名百分比 6、數學學業成績總平均全校排名百分比 7、物理學業成績總平均全校排名百分比,,,,,,,"本留學專班為資訊工程領域學程，採全英語授課。前2年在逢甲大學就讀，後2年至QS 2025世界排名37名的澳洲蒙納許大學 Monash University 就讀，畢業可取得兩校分別頒授的學位。學生在逢甲大學進行資訊工程的基礎與核心課程培育，大三赴 Monash University 後於資訊工程領域繼續修習專業課程。國內外學費請參考：
https://istm.fcu.edu.tw/recruit/；詳細資訊請至本院網址:https://istm.fcu.edu.tw/；聯絡電話:04-24517250轉6601。"
01548,逢甲大學,美國加州聖荷西州立大學電機工程雙學士學位學程,第二類學群,3,26,0,0,0,均標,後標,0,0,0,0,在校學業成績全校排名百分比,學測英文級分,學測數學A級分,學測自然級分,數學學業成績總平均全校排名百分比,物理學業成績總平均全校排名百分比,英語文學業成績總平均全校排名百分比,1、在校學業成績全校排名百分比 2、學測英文級分 3、學測數學A級分 4、學測自然級分 5、數學學業成績總平均全校排名百分比 6、物理學業成績總平均全校排名百分比 7、英語文學業成績總平均全校排名百分比,,,,,,,本留學專班為電機工程領域學程，採全英語授課。前2年在逢甲大學就讀，後2年至2025《華爾街日報》全美最佳大學排名第16名的美國加州聖荷西州立大學San Jose State University(SJSU)就讀，畢業可取得兩校分別頒授的學位。結合兩校優秀師資、教研設施、及矽谷實務資源，進行電機工程相關領域辦學。國內外學費請參考https://istm.fcu.edu.tw/recruit/；詳細資訊請至本院網址:https://istm.fcu.edu.tw/；聯絡電話:04-24517250轉6601。
01549,逢甲大學,美國加州舊金山州立大學資訊工程雙學士學位學程,第二類學群,4,26,0,0,0,均標,後標,0,0,0,0,在校學業成績全校排名百分比,學測英文級分,學測數學A級分,學測自然級分,英語文學業成績總平均全校排名百分比,數學學業成績總平均全校排名百分比,物理學業成績總平均全校排名百分比,1、在校學業成績全校排名百分比 2、學測英文級分 3、學測數學A級分 4、學測自然級分 5、英語文學業成績總平均全校排名百分比 6、數學學業成績總平均全校排名百分比 7、物理學業成績總平均全校排名百分比,,,,,,,"本留學專班為資訊工程領域學程，採全英語授課。前2年在逢甲大學就讀，後2年至美國加州舊金山州立大學
San Francisco State University (SFSU) 就讀，畢業可取得兩校分別頒授的學位。學生在逢甲大學資訊工程的基礎與核心課程培育，大三赴SFSU後於資訊工程領域繼續修習專業課程。國內外學費請參考：
https://istm.fcu.edu.tw/recruit/；詳細資訊請至本院網址:https://istm.fcu.edu.tw；聯絡電話:04-24517250轉6601。"
01550,逢甲大學,人工智慧技術與應用學士學位學程,第二類學群,8,26,1,20,0,後標,均標,0,0,0,0,在校學業成績全校排名百分比,學測國文、英文、數學A之級分總和,學測數學A級分,學測英文級分,學測國文級分,數學學業成績總平均全校排名百分比,英語文學業成績總平均全校排名百分比,1、在校學業成績全校排名百分比 2、學測國文、英文、數學A之級分總和 3、學測數學A級分 4、學測英文級分 5、學測國文級分 6、數學學業成績總平均全校排名百分比 7、英語文學業成績總平均全校排名百分比,,,,,,,"1.本學程依國內外產業需求，培育職能導向的AI技術應用人才。凡是對AI應用有興趣，皆可透過循序漸進的學習路徑，培養AI技術的運用能力，並適切融入應用領域專業知識。
2.推動四年級時前往企業實習，達成實作、實習、實戰的即戰力養成。培育出具備「掌握企業業務流程，選用適切之人工智慧技術，藉由跨域協作，以解決企業運作之議題，提升智慧經營效率」之關鍵人才。
3.本學程網址：http://ischool.fcu.edu.tw；連絡電話：04-24517250#2999；E-mail：aita@fcu.edu.tw。"
01601,國立中央大學,中國文學系,第一類學群,8,10,2,10,前標,均標,0,0,均標,0,0,在校學業成績全校排名百分比,學測國文級分,國語文學業成績總平均全校排名百分比,學測國文、英文、社會之級分總和,學測英文級分,學測社會級分,英語文學業成績總平均全校排名百分比,1、在校學業成績全校排名百分比 2、學測國文級分 3、國語文學業成績總平均全校排名百分比 4、學測國文、英文、社會之級分總和 5、學測英文級分 6、學測社會級分 7、英語文學業成績總平均全校排名百分比,,,,,,,"學系網址：http://www.chinese.ncu.edu.tw
聯絡方式：03-4267163"
01602,國立中央大學,英美語文學系,第一類學群,15,10,1,10,前標,頂標,0,0,0,0,0,在校學業成績全校排名百分比,英語文學業成績總平均全校排名百分比,學測英文級分,學測國文、英文之級分總和,國語文學業成績總平均全校排名百分比,學測國文級分,歷史學業成績總平均全校排名百分比,1、在校學業成績全校排名百分比 2、英語文學業成績總平均全校排名百分比 3、學測英文級分 4、學測國文、英文之級分總和 5、國語文學業成績總平均全校排名百分比 6、學測國文級分 7、歷史學業成績總平均全校排名百分比,,,,,,,"學系網址：http://english.ncu.edu.tw
聯絡方式：03-4273763
email：eng@cc.ncu.edu.tw"
01603,國立中央大學,法國語文學系,第一類學群,9,10,1,10,前標,前標,0,0,前標,0,0,在校學業成績全校排名百分比,英語文學業成績總平均全校排名百分比,國語文學業成績總平均全校排名百分比,學測國文、英文、社會之級分總和,學測英文級分,學測國文級分,學測社會級分,1、在校學業成績全校排名百分比 2、英語文學業成績總平均全校排名百分比 3、國語文學業成績總平均全校排名百分比 4、學測國文、英文、社會之級分總和 5、學測英文級分 6、學測國文級分 7、學測社會級分,,,,,,,"學系網址：https://french.ncu.edu.tw/
聯絡方式：03-4227151分機33300"
01604,國立中央大學,文學院學士班,第一類學群,2,10,1,10,前標,前標,0,均標,均標,0,0,在校學業成績全校排名百分比,學測國文、英文、數學B、社會之級分總和,學測社會級分,學測國文級分,學測英文級分,英語文學業成績總平均全校排名百分比,國語文學業成績總平均全校排名百分比,1、在校學業成績全校排名百分比 2、學測國文、英文、數學B、社會之級分總和 3、學測社會級分 4、學測國文級分 5、學測英文級分 6、英語文學業成績總平均全校排名百分比 7、國語文學業成績總平均全校排名百分比,,,,,,,"學系網址：http://ipla.ncu.edu.tw/
聯絡方式：03-4227151分機33030"
01605,國立中央大學,企業管理學系,第一類學群,20,10,1,10,前標,前標,0,前標,0,0,0,在校學業成績全校排名百分比,學測英文級分,學測數學B級分,學測國文級分,學測國文、英文、數學B、社會之級分總和,英語文學業成績總平均全校排名百分比,數學學業成績總平均全校排名百分比,1、在校學業成績全校排名百分比 2、學測英文級分 3、學測數學B級分 4、學測國文級分 5、學測國文、英文、數學B、社會之級分總和 6、英語文學業成績總平均全校排名百分比 7、數學學業成績總平均全校排名百分比,,,,,,,"學系網址：http://ba.mgt.ncu.edu.tw
聯絡方式：03-4227151分機66110"
01606,國立中央大學,經濟學系,第一類學群,16,10,1,10,均標,均標,0,前標,0,0,0,在校學業成績全校排名百分比,學測數學B級分,學測英文級分,學測國文、英文、數學B之級分總和,數學學業成績總平均全校排名百分比,英語文學業成績總平均全校排名百分比,學測國文級分,1、在校學業成績全校排名百分比 2、學測數學B級分 3、學測英文級分 4、學測國文、英文、數學B之級分總和 5、數學學業成績總平均全校排名百分比 6、英語文學業成績總平均全校排名百分比 7、學測國文級分,,,,,,,"學系網址：http://ec.mgt.ncu.edu.tw
聯絡方式：03-4226903"
01607,國立中央大學,財務金融學系,第一類學群,14,10,1,10,前標,前標,0,前標,均標,0,0,在校學業成績全校排名百分比,學測國文級分,國語文學業成績總平均全校排名百分比,學測數學B級分,數學學業成績總平均全校排名百分比,學測英文級分,英語文學業成績總平均全校排名百分比,1、在校學業成績全校排名百分比 2、學測國文級分 3、國語文學業成績總平均全校排名百分比 4、學測數學B級分 5、數學學業成績總平均全校排名百分比 6、學測英文級分 7、英語文學業成績總平均全校排名百分比,,,,,,,"學系網址：http://fm.mgt.ncu.edu.tw
聯絡方式：03-4227151分機66250"
01608,國立中央大學,客家語文暨社會科學學系客家語文及傳播組,第一類學群,1,10,1,10,前標,均標,0,均標,前標,0,0,在校學業成績全校排名百分比,學測國文級分,學測社會級分,學測英文級分,國語文學業成績總平均全校排名百分比,公民與社會學業成績總平均全校排名百分比,英語文學業成績總平均全校排名百分比,1、在校學業成績全校排名百分比 2、學測國文級分 3、學測社會級分 4、學測英文級分 5、國語文學業成績總平均全校排名百分比 6、公民與社會學業成績總平均全校排名百分比 7、英語文學業成績總平均全校排名百分比,,,,,,,"學系網址：http://ncu.edu.tw/Hakkadepartment
聯絡方式：03-4227151分機33458"
01609,國立中央大學,客家語文暨社會科學學系客家社會及政策組,第一類學群,1,10,1,10,前標,均標,0,均標,前標,0,0,在校學業成績全校排名百分比,學測國文級分,學測社會級分,學測英文級分,國語文學業成績總平均全校排名百分比,公民與社會學業成績總平均全校排名百分比,英語文學業成績總平均全校排名百分比,1、在校學業成績全校排名百分比 2、學測國文級分 3、學測社會級分 4、學測英文級分 5、國語文學業成績總平均全校排名百分比 6、公民與社會學業成績總平均全校排名百分比 7、英語文學業成績總平均全校排名百分比,,,,,,,"學系網址：http://ncu.edu.tw/Hakkadepartment
聯絡方式：03-4227151分機33458"
01610,國立中央大學,法律與政府學系,第一類學群,2,10,1,10,頂標,前標,0,均標,前標,0,0,在校學業成績全校排名百分比,學測國文、英文、數學B、社會之級分總和,學測英文級分,學測國文級分,學測社會級分,英語文學業成績總平均全校排名百分比,國語文學業成績總平均全校排名百分比,1、在校學業成績全校排名百分比 2、學測國文、英文、數學B、社會之級分總和 3、學測英文級分 4、學測國文級分 5、學測社會級分 6、英語文學業成績總平均全校排名百分比 7、國語文學業成績總平均全校排名百分比,,,,,,,"學系網址:http://www.lawgov.ncu.edu.tw
聯絡方式:03-4227151分機33417"
01611,國立中央大學,數學系計算與資料科學組,第二類學群,10,23,1,22,0,均標,前標,0,0,均標,0,在校學業成績全校排名百分比,學測數學A級分,學測英文級分,學測自然級分,數學學業成績總平均全校排名百分比,學測英文、數學A、自然之級分總和,英語文學業成績總平均全校排名百分比,1、在校學業成績全校排名百分比 2、學測數學A級分 3、學測英文級分 4、學測自然級分 5、數學學業成績總平均全校排名百分比 6、學測英文、數學A、自然之級分總和 7、英語文學業成績總平均全校排名百分比,,,,,,,"學系網址：http://www.math.ncu.edu.tw/
聯絡方式：03-4227151分機65117
本系部分課程以英文授課。"
01612,國立中央大學,數學系數學科學組,第二類學群,10,23,1,22,0,均標,前標,0,0,均標,0,在校學業成績全校排名百分比,學測數學A級分,學測英文級分,學測自然級分,數學學業成績總平均全校排名百分比,學測英文、數學A、自然之級分總和,英語文學業成績總平均全校排名百分比,1、在校學業成績全校排名百分比 2、學測數學A級分 3、學測英文級分 4、學測自然級分 5、數學學業成績總平均全校排名百分比 6、學測英文、數學A、自然之級分總和 7、英語文學業成績總平均全校排名百分比,,,,,,,"學系網址：http://www.math.ncu.edu.tw/
聯絡方式：03-4227151分機65117
本系部分課程以英文授課。"
01613,國立中央大學,物理學系,第二類學群,8,23,1,22,0,均標,前標,0,0,前標,0,在校學業成績全校排名百分比,物理學業成績總平均全校排名百分比,學測自然級分,數學學業成績總平均全校排名百分比,學測數學A級分,英語文學業成績總平均全校排名百分比,學測英文級分,1、在校學業成績全校排名百分比 2、物理學業成績總平均全校排名百分比 3、學測自然級分 4、數學學業成績總平均全校排名百分比 5、學測數學A級分 6、英語文學業成績總平均全校排名百分比 7、學測英文級分,,,,,,,"學系網址：http://www.phy.ncu.edu.tw/
聯絡方式：03-4227151分機65300"
01614,國立中央大學,化學學系,第二類學群,12,23,1,22,均標,前標,前標,0,0,前標,0,在校學業成績全校排名百分比,學測國文、英文、數學A、自然之級分總和,學測自然級分,學測數學A級分,學測英文級分,學測國文級分,數學學業成績總平均全校排名百分比,1、在校學業成績全校排名百分比 2、學測國文、英文、數學A、自然之級分總和 3、學測自然級分 4、學測數學A級分 5、學測英文級分 6、學測國文級分 7、數學學業成績總平均全校排名百分比,,,,,,,"學系網址：http://www.chem.ncu.edu.tw/
聯絡方式：03-4227151分機65911"
01615,國立中央大學,光電科學與工程學系,第二類學群,14,23,2,22,均標,前標,前標,0,0,前標,0,在校學業成績全校排名百分比,學測數學A級分,學測自然級分,學測英文級分,數學學業成績總平均全校排名百分比,物理學業成績總平均全校排名百分比,英語文學業成績總平均全校排名百分比,1、在校學業成績全校排名百分比 2、學測數學A級分 3、學測自然級分 4、學測英文級分 5、數學學業成績總平均全校排名百分比 6、物理學業成績總平均全校排名百分比 7、英語文學業成績總平均全校排名百分比,,,,,,,"學系網址：http://www.dop.ncu.edu.tw
聯絡方式：03-4227151分機65261
本系有「五年取得學、碩士雙學位」方案。"
01616,國立中央大學,理學院學士班,第二類學群,7,23,1,22,0,均標,前標,0,0,前標,B級,在校學業成績全校排名百分比,數學學業成績總平均全校排名百分比,學測自然級分,物理學業成績總平均全校排名百分比,英語文學業成績總平均全校排名百分比,學測英文級分,學測數學A級分,1、在校學業成績全校排名百分比 2、數學學業成績總平均全校排名百分比 3、學測自然級分 4、物理學業成績總平均全校排名百分比 5、英語文學業成績總平均全校排名百分比 6、學測英文級分 7、學測數學A級分,,,,,,,"學系網址：https://ips.ncu.edu.tw
聯絡方式：03-4227151分機65006
新生入學起即擁有跨領域的最大自由度，讓學生可以在學習中隨時修正並找到真正有興趣的領域學習，專長領域
包含：數學、物理、化學、光電、生科及生醫等六大領域。另有設立英文組。"
01617,國立中央大學,土木工程學系,第二類學群,19,23,2,22,0,均標,前標,0,0,前標,0,在校學業成績全校排名百分比,學測數學A級分,學測自然級分,學測英文級分,學測國文級分,學測國文、英文、數學A、自然之級分總和,數學學業成績總平均全校排名百分比,1、在校學業成績全校排名百分比 2、學測數學A級分 3、學測自然級分 4、學測英文級分 5、學測國文級分 6、學測國文、英文、數學A、自然之級分總和 7、數學學業成績總平均全校排名百分比,,,,,,,"學系網址：http://www.cv.ncu.edu.tw/
聯絡方式：03-4227151分機34076
配合教育部雙語政策，本系部分必、選修課程以英語授課，且整合於本校工學院EMI(English as a Medium of Instruction)課程內。並有「五年取得學、碩士雙學位」方案，且每年積極辦理國際交流活動，藉以拓展學生之國際視野。"
01618,國立中央大學,機械工程學系先進材料與精密製造組,第二類學群,13,23,1,22,均標,均標,前標,0,0,前標,0,在校學業成績全校排名百分比,學測自然級分,學測英文級分,學測數學A級分,學測國文級分,物理學業成績總平均全校排名百分比,數學學業成績總平均全校排名百分比,1、在校學業成績全校排名百分比 2、學測自然級分 3、學測英文級分 4、學測數學A級分 5、學測國文級分 6、物理學業成績總平均全校排名百分比 7、數學學業成績總平均全校排名百分比,,,,,,,"學系網址：http://www.me.ncu.edu.tw
聯絡方式：03-4227151分機37302"
01619,國立中央大學,機械工程學系光機電工程組,第二類學群,13,23,1,22,均標,均標,前標,0,0,前標,0,在校學業成績全校排名百分比,學測自然級分,學測英文級分,學測數學A級分,學測國文級分,物理學業成績總平均全校排名百分比,數學學業成績總平均全校排名百分比,1、在校學業成績全校排名百分比 2、學測自然級分 3、學測英文級分 4、學測數學A級分 5、學測國文級分 6、物理學業成績總平均全校排名百分比 7、數學學業成績總平均全校排名百分比,,,,,,,"學系網址：http://www.me.ncu.edu.tw
聯絡方式：03-4227151分機37302"
01620,國立中央大學,機械工程學系智慧系統與永續能源組,第二類學群,13,23,1,22,均標,均標,前標,0,0,前標,0,在校學業成績全校排名百分比,學測自然級分,學測英文級分,學測數學A級分,學測國文級分,物理學業成績總平均全校排名百分比,數學學業成績總平均全校排名百分比,1、在校學業成績全校排名百分比 2、學測自然級分 3、學測英文級分 4、學測數學A級分 5、學測國文級分 6、物理學業成績總平均全校排名百分比 7、數學學業成績總平均全校排名百分比,,,,,,,"學系網址：http://www.me.ncu.edu.tw
聯絡方式：03-4227151分機37302"
01621,國立中央大學,化學工程與材料工程學系,第二類學群,10,23,1,22,前標,前標,前標,0,0,前標,0,在校學業成績全校排名百分比,學測數學A級分,學測英文級分,學測自然級分,學測國文級分,數學學業成績總平均全校排名百分比,化學學業成績總平均全校排名百分比,1、在校學業成績全校排名百分比 2、學測數學A級分 3、學測英文級分 4、學測自然級分 5、學測國文級分 6、數學學業成績總平均全校排名百分比 7、化學學業成績總平均全校排名百分比,,,,,,,"學系網址：https://www.cme.ncu.edu.tw/
聯絡方式：03-4227151分機34200"
01622,國立中央大學,工學院學士班,第二類學群,8,23,1,22,0,均標,前標,0,均標,前標,0,在校學業成績全校排名百分比,學測英文、數學A、社會、自然之級分總和,學測數學A級分,學測自然級分,學測英文級分,學測社會級分,數學學業成績總平均全校排名百分比,1、在校學業成績全校排名百分比 2、學測英文、數學A、社會、自然之級分總和 3、學測數學A級分 4、學測自然級分 5、學測英文級分 6、學測社會級分 7、數學學業成績總平均全校排名百分比,,,,,,,"學系網址：https://ipe.ec.ncu.edu.tw/
聯絡方式：03-4227151分機34008"
01623,國立中央大學,資訊管理學系,第二類學群,19,23,1,22,0,前標,前標,0,0,均標,0,在校學業成績全校排名百分比,學測英文、數學A、自然之級分總和,學測數學A級分,學測自然級分,學測英文級分,數學學業成績總平均全校排名百分比,學測國文級分,1、在校學業成績全校排名百分比 2、學測英文、數學A、自然之級分總和 3、學測數學A級分 4、學測自然級分 5、學測英文級分 6、數學學業成績總平均全校排名百分比 7、學測國文級分,,,,,,,"學系網址:http://im.mgt.ncu.edu.tw
聯絡方式：03-4227151分機66500"
01624,國立中央大學,電機工程學系,第二類學群,20,23,1,22,前標,前標,前標,0,0,前標,0,在校學業成績全校排名百分比,學測數學A級分,學測自然級分,學測英文級分,學測國文級分,數學學業成績總平均全校排名百分比,學測國文、英文、數學A、自然之級分總和,1、在校學業成績全校排名百分比 2、學測數學A級分 3、學測自然級分 4、學測英文級分 5、學測國文級分 6、數學學業成績總平均全校排名百分比 7、學測國文、英文、數學A、自然之級分總和,,,,,,,"學系網址：https://www.ee.ncu.edu.tw
聯絡方式：03-4227151轉34567、34568"
01625,國立中央大學,資訊工程學系,第二類學群,20,23,1,22,前標,前標,前標,0,0,前標,0,在校學業成績全校排名百分比,學測數學A級分,學測英文級分,學測自然級分,數學學業成績總平均全校排名百分比,英語文學業成績總平均全校排名百分比,物理學業成績總平均全校排名百分比,1、在校學業成績全校排名百分比 2、學測數學A級分 3、學測英文級分 4、學測自然級分 5、數學學業成績總平均全校排名百分比 6、英語文學業成績總平均全校排名百分比 7、物理學業成績總平均全校排名百分比,,,,,,,"學系網址：https://www.csie.ncu.edu.tw
聯絡方式：03-4227151分機35252"
01626,國立中央大學,通訊工程學系,第二類學群,11,23,1,22,前標,前標,前標,0,0,前標,0,在校學業成績全校排名百分比,學測國文、英文、數學A、自然之級分總和,學測數學A級分,學測自然級分,數學學業成績總平均全校排名百分比,物理學業成績總平均全校排名百分比,學測英文級分,1、在校學業成績全校排名百分比 2、學測國文、英文、數學A、自然之級分總和 3、學測數學A級分 4、學測自然級分 5、數學學業成績總平均全校排名百分比 6、物理學業成績總平均全校排名百分比 7、學測英文級分,,,,,,,"學系網址：https://ce.ncu.edu.tw/
聯絡方式：03-4227151 分機35500~35505
本系課程規劃以培育通訊工程專才為宗旨，依電機工程與資訊工程領域之相關專業課程分為電通訊與資通訊兩組
。並配合教育部雙語政策，積極推動EMI課程，部份課程採全英語授課。"
01627,國立中央大學,資訊電機學院學士班,第二類學群,8,23,1,22,前標,前標,前標,0,0,前標,0,在校學業成績全校排名百分比,學測國文、英文、數學A、自然之級分總和,學測數學A級分,學測英文級分,學測自然級分,數學學業成績總平均全校排名百分比,英語文學業成績總平均全校排名百分比,1、在校學業成績全校排名百分比 2、學測國文、英文、數學A、自然之級分總和 3、學測數學A級分 4、學測英文級分 5、學測自然級分 6、數學學業成績總平均全校排名百分比 7、英語文學業成績總平均全校排名百分比,,,,,,,"學系網址：https://www.ipeecs.ncu.edu.tw
聯絡方式：03-4227151分機35007
一年級著重資電基礎課程的訓練，選專長後強調各專長之專業領域訓練。
本系部分必、選修課程以英語授課。"
01628,國立中央大學,大氣科學學系,第二類學群,5,23,1,22,均標,均標,前標,0,0,前標,0,在校學業成績全校排名百分比,學測數學A級分,學測自然級分,學測英文級分,學測國文、英文、數學A、自然之級分總和,數學學業成績總平均全校排名百分比,物理學業成績總平均全校排名百分比,1、在校學業成績全校排名百分比 2、學測數學A級分 3、學測自然級分 4、學測英文級分 5、學測國文、英文、數學A、自然之級分總和 6、數學學業成績總平均全校排名百分比 7、物理學業成績總平均全校排名百分比,,,,,,,"學系網址：http://www.atm.ncu.edu.tw
聯絡方式：03-4227151分機65501
學生於就學期間可赴兩岸三地─香港中文大學或南京大學修讀一學期，學校有經費支助。"
01629,國立中央大學,太空科學與工程學系,第二類學群,5,23,1,22,均標,均標,前標,0,0,前標,0,在校學業成績全校排名百分比,學測數學A級分,學測自然級分,學測英文級分,學測國文、英文、數學A、自然之級分總和,數學學業成績總平均全校排名百分比,物理學業成績總平均全校排名百分比,1、在校學業成績全校排名百分比 2、學測數學A級分 3、學測自然級分 4、學測英文級分 5、學測國文、英文、數學A、自然之級分總和 6、數學學業成績總平均全校排名百分比 7、物理學業成績總平均全校排名百分比,,,,,,,"學系網址：http://www.ss.ncu.edu.tw/
聯絡方式：03-4227151分機65751"
01630,國立中央大學,地球科學學系,第二類學群,8,23,1,22,均標,均標,前標,0,0,前標,0,在校學業成績全校排名百分比,學測自然級分,學測國文、英文、數學A、自然之級分總和,學測數學A級分,學測英文級分,物理學業成績總平均全校排名百分比,地球科學學業成績總平均全校排名百分比,1、在校學業成績全校排名百分比 2、學測自然級分 3、學測國文、英文、數學A、自然之級分總和 4、學測數學A級分 5、學測英文級分 6、物理學業成績總平均全校排名百分比 7、地球科學學業成績總平均全校排名百分比,,,,,,,"學系網址：http://www.gep.ncu.edu.tw
聯絡方式：03-4227151分機65600"
01631,國立中央大學,地球科學學院學士班,第二類學群,4,23,1,22,均標,前標,均標,0,0,前標,0,在校學業成績全校排名百分比,學測數學A級分,學測自然級分,學測英文級分,學測國文級分,數學學業成績總平均全校排名百分比,物理學業成績總平均全校排名百分比,1、在校學業成績全校排名百分比 2、學測數學A級分 3、學測自然級分 4、學測英文級分 5、學測國文級分 6、數學學業成績總平均全校排名百分比 7、物理學業成績總平均全校排名百分比,,,,,,,"學系網址：http://ipess.ncu.edu.tw/
聯絡方式：03-4227151分機25600"
01632,國立中央大學,生醫科學與工程學系,第二類學群,6,23,1,22,均標,均標,前標,0,0,前標,0,在校學業成績全校排名百分比,學測數學A級分,學測自然級分,學測英文級分,學測國文級分,數學學業成績總平均全校排名百分比,物理學業成績總平均全校排名百分比,1、在校學業成績全校排名百分比 2、學測數學A級分 3、學測自然級分 4、學測英文級分 5、學測國文級分 6、數學學業成績總平均全校排名百分比 7、物理學業成績總平均全校排名百分比,,,,,,,"學系網址：http://dbse.ncu.edu.tw/
聯絡方式：03-4227151分機27733"
01633,國立中央大學,機械工程學系前瞻半導體國際組,第二類學群,3,23,0,0,均標,前標,前標,0,0,均標,0,在校學業成績全校排名百分比,學測英文級分,學測自然級分,學測數學A級分,學測國文級分,物理學業成績總平均全校排名百分比,數學學業成績總平均全校排名百分比,1、在校學業成績全校排名百分比 2、學測英文級分 3、學測自然級分 4、學測數學A級分 5、學測國文級分 6、物理學業成績總平均全校排名百分比 7、數學學業成績總平均全校排名百分比,,,,,,,"學系網址：http://www.me.ncu.edu.tw
聯絡方式：03-4227151分機37302"
01634,國立中央大學,生命科學系,第三類學群,19,1,1,1,0,均標,均標,0,0,前標,0,在校學業成績全校排名百分比,學測自然級分,學測英文級分,學測數學A級分,生物學業成績總平均全校排名百分比,化學學業成績總平均全校排名百分比,英語文學業成績總平均全校排名百分比,1、在校學業成績全校排名百分比 2、學測自然級分 3、學測英文級分 4、學測數學A級分 5、生物學業成績總平均全校排名百分比 6、化學學業成績總平均全校排名百分比 7、英語文學業成績總平均全校排名百分比,,,,,,,"學系網址：https://nculs.in.ncu.edu.tw/
聯絡方式：03-4227151分機65059
課程使用英文教材，培養國際觀，鼓勵學生赴歐美、日本或其他國家交換或留學，例如:德國工業大學/瑞典林雪平大學/瑞士日內瓦大學/美國紐約州立大學等，並有五年雙學位及逕修讀博士學位，也提供優渥的獎學金及工讀機會。"
01701,中國文化大學,哲學與歷史學系(哲學組),第一類學群,3,30,1,26,底標,0,0,0,0,0,0,在校學業成績全校排名百分比,學測國文級分,學測英文級分,學測社會級分,公民與社會學業成績總平均全校排名百分比,國語文學業成績總平均全校排名百分比,數學學業成績總平均全校排名百分比,1、在校學業成績全校排名百分比 2、學測國文級分 3、學測英文級分 4、學測社會級分 5、公民與社會學業成績總平均全校排名百分比 6、國語文學業成績總平均全校排名百分比 7、數學學業成績總平均全校排名百分比,,,,,,,"哲學組學風多元自由、性別友善與國際參與度高，課程著重培養紮實中西哲學經典理論之理解、思辨與表達能力；更開發兒童哲學、哲學諮商、電影藝術美學、法政哲學、文化評論、當代現象反思(孤獨、厭世、廢話、暴力、虛擬)等創新應用課程，訓練社會實踐及文化創新的溝通組織能力。
哲學組可跨專業組別學習，或善用本校最多科系優勢，選修輔系或雙主修，造就跨領域之新時代人才。詳細資料及畢業條件請參閱本系網頁https://philo.pccu.edu.tw"
01702,中國文化大學,哲學與歷史學系(史學組),第一類學群,4,30,0,0,0,0,0,0,底標,0,0,在校學業成績全校排名百分比,歷史學業成績總平均全校排名百分比,學測社會級分,公民與社會學業成績總平均全校排名百分比,國語文學業成績總平均全校排名百分比,學測國文級分,學測英文級分,1、在校學業成績全校排名百分比 2、歷史學業成績總平均全校排名百分比 3、學測社會級分 4、公民與社會學業成績總平均全校排名百分比 5、國語文學業成績總平均全校排名百分比 6、學測國文級分 7、學測英文級分,,,,,,,"1.本組設有「經濟弱勢學生助援學金」，凡經濟弱勢學生自入學後可申請助援學金每學期新臺幣20,000 元整；最高四年可申請到新臺幣160,000元整。
2.本組重視「應用史學」課程，並導入創客教育，鼓勵學生投入文創企劃、高階導覽、文物經營、文化場館經營與布展等文化創意產業，有利於學生未來的就業問題。詳細內容及畢業條件，請電洽（02）28610511# 21605或參閱本系網頁：https://craahs.pccu.edu.tw"
01703,中國文化大學,中國文學系,第一類學群,8,30,1,26,底標,0,0,0,0,0,0,在校學業成績全校排名百分比,學測國文級分,國語文學業成績總平均全校排名百分比,學測社會級分,歷史學業成績總平均全校排名百分比,公民與社會學業成績總平均全校排名百分比,學測國文、社會之級分總和,1、在校學業成績全校排名百分比 2、學測國文級分 3、國語文學業成績總平均全校排名百分比 4、學測社會級分 5、歷史學業成績總平均全校排名百分比 6、公民與社會學業成績總平均全校排名百分比 7、學測國文、社會之級分總和,,,,,,,本系相關規定、修課規定及畢業條件等參閱本系網頁，連絡電話：(02)28610511轉21305
01704,中國文化大學,日本語文學系,第一類學群,19,30,2,26,0,底標,0,0,0,0,0,在校學業成績全校排名百分比,學測國文級分,學測英文級分,學測社會級分,學測國文、英文之級分總和,國語文學業成績總平均全校排名百分比,英語文學業成績總平均全校排名百分比,1、在校學業成績全校排名百分比 2、學測國文級分 3、學測英文級分 4、學測社會級分 5、學測國文、英文之級分總和 6、國語文學業成績總平均全校排名百分比 7、英語文學業成績總平均全校排名百分比,,,,,,,"1.本系以培育對日交流人才為目標，課程多樣化，開設動漫、連續劇、觀光、商務、AI、證照考試等特色課程。
2.每年甄選約50名為期一年交換留學生，另有暑期赴日移地學習、企業實習等，可增加就業就學競爭力。
3.設有雙聯學位學制取得台日兩校學位。
4.設有「學士班學生修讀碩士班課程辦法」，學生得於五年內取得學、碩士學位，享有交換留學機會。
5.設有教育學程，畢業後可至高中職學校任教。
6.相關資訊請參閱本系網頁。"
01705,中國文化大學,韓國語文學系,第一類學群,29,30,2,26,底標,0,0,0,0,0,0,在校學業成績全校排名百分比,學測國文、英文、社會之級分總和,學測國文級分,學測社會級分,國語文學業成績總平均全校排名百分比,英語文學業成績總平均全校排名百分比,學測英文級分,1、在校學業成績全校排名百分比 2、學測國文、英文、社會之級分總和 3、學測國文級分 4、學測社會級分 5、國語文學業成績總平均全校排名百分比 6、英語文學業成績總平均全校排名百分比 7、學測英文級分,,,,,,,"1.本系教育目標：為培養學生韓語聽說讀寫能力、培育具備國際觀與通曉韓國事務等專才。
2.除英語能力畢業門檻之規定外，本系尚需通過韓國語文能力測驗（TOPIK)5級以上，始得畢業。
3.本系相關資料、修課規定及畢業條件等參閱本系網頁：https://kor.pccu.edu.tw，
聯絡電話：(02)28610511分機23305、23306。"
01706,中國文化大學,歐美語文學系,第一類學群,6,30,1,26,0,底標,0,0,0,0,0,在校學業成績全校排名百分比,學測英文級分,英語文學業成績總平均全校排名百分比,學測社會級分,公民與社會學業成績總平均全校排名百分比,學測國文級分,國語文學業成績總平均全校排名百分比,1、在校學業成績全校排名百分比 2、學測英文級分 3、英語文學業成績總平均全校排名百分比 4、學測社會級分 5、公民與社會學業成績總平均全校排名百分比 6、學測國文級分 7、國語文學業成績總平均全校排名百分比,,,,,,,"1. 本系強調以國際素養及跨文化溝通為目標，以專業知識及語言能力為輔。
2. 本系培養學生： (A) 處理國際事務所需知識。 (B) 與外籍人士溝通所需能力。(C) 職場上所需跨領域實 務能力。(D) AI及科技工具應用能力。
3. 提供歐美國際交流機會，畢業後就業多元，如會展、行銷、文創、觀光、國際商務等。
4. 修課規定等請參考本系網頁頁：https://uidea.pccu.edu.tw/，聯絡電話：(02)28610511分機23905。"
01707,中國文化大學,全球商務學士學位學程,第一類學群,4,30,0,0,0,底標,0,0,0,0,0,在校學業成績全校排名百分比,學測英文級分,學測國文級分,英語文學業成績總平均全校排名百分比,國語文學業成績總平均全校排名百分比,數學學業成績總平均全校排名百分比,公民與社會學業成績總平均全校排名百分比,1、在校學業成績全校排名百分比 2、學測英文級分 3、學測國文級分 4、英語文學業成績總平均全校排名百分比 5、國語文學業成績總平均全校排名百分比 6、數學學業成績總平均全校排名百分比 7、公民與社會學業成績總平均全校排名百分比,,,,,,,"本學程採「全英文授課」，於就學期間增強學生之英文能力。課程結合本校商學院各系所之核心專業科目，包含國際貿易、行銷、財務金融、人力資源管理、觀光等領域，使學生獲得全面性、系統性之商務管理知識，並培養國際企業經營策略與投資分析能力。招收國內外學生，培養世界觀並提升國際競爭力。課程多元並與知名企業廠商簽署產學合作方案，提供多項獎學金、實習與就業機會。
本系相關資訊、修課規定及畢業條件等，請參閱本系網頁：https://crbgmba.pccu.edu.tw/，
聯絡電話：(02)2861-0511分機36305。"
01708,中國文化大學,法律學系,第一類學群,51,30,2,26,底標,0,0,0,0,0,0,在校學業成績全校排名百分比,國語文學業成績總平均全校排名百分比,學測國文級分,公民與社會學業成績總平均全校排名百分比,歷史學業成績總平均全校排名百分比,學測社會級分,學測國文、社會之級分總和,1、在校學業成績全校排名百分比 2、國語文學業成績總平均全校排名百分比 3、學測國文級分 4、公民與社會學業成績總平均全校排名百分比 5、歷史學業成績總平均全校排名百分比 6、學測社會級分 7、學測國文、社會之級分總和,,,,,,,本系師資陣容完整堅強，課程多元且符合趨勢。除法律基礎學科外，透過選修模組養成不同專業的法律人，並規劃有實習、實務、案例演練等課程與講座，課後設有強學班及讀書會，以利銜接國家考試及就業;另本校及本系提供豐富獎助學金。詳細資訊請參閱本系高中生專區https://law.pccu.edu.tw/admission/prospective
01709,中國文化大學,政治與經濟學系,第一類學群,6,30,1,26,0,0,0,0,底標,0,0,在校學業成績全校排名百分比,學測社會級分,公民與社會學業成績總平均全校排名百分比,學測國文級分,國語文學業成績總平均全校排名百分比,歷史學業成績總平均全校排名百分比,地理學業成績總平均全校排名百分比,1、在校學業成績全校排名百分比 2、學測社會級分 3、公民與社會學業成績總平均全校排名百分比 4、學測國文級分 5、國語文學業成績總平均全校排名百分比 6、歷史學業成績總平均全校排名百分比 7、地理學業成績總平均全校排名百分比,,,,,,,"本系旨在培育兼具政治、經濟及國際與區域事務專業之人才。本系課程著重跨領域學習，包含政治學、經濟學、政策分析、財經實務與相關實習活動。
本系提供路國華先生暨路宋友慈女士獎學金、黃庚辛黃周想紀念獎學金、呂秋文教授獎學金等。相關詳細資料，請參閱系網https://politics.pccu.edu.tw/、https://econ.pccu.edu.tw/ ，聯絡電話:28610511分機29205、29305"
01710,中國文化大學,勞動暨人力資源學系,第一類學群,4,30,1,26,0,0,0,0,底標,0,0,在校學業成績全校排名百分比,學測社會級分,公民與社會學業成績總平均全校排名百分比,學測國文級分,國語文學業成績總平均全校排名百分比,學測英文級分,英語文學業成績總平均全校排名百分比,1、在校學業成績全校排名百分比 2、學測社會級分 3、公民與社會學業成績總平均全校排名百分比 4、學測國文級分 5、國語文學業成績總平均全校排名百分比 6、學測英文級分 7、英語文學業成績總平均全校排名百分比,,,,,,,1.本系為台灣第一所勞動相關之系所，培育具多元視角的人力資源管理、職業安全衛生管理、勞資爭議調解、就業服務、政府勞工行政、勞動檢查等專業人才，設計三大專業學程(勞動關係、人力資源、職業安全衛生)，配合實務演練、校外參訪、移地教學、實地見習、專業證照培訓等，讓學生在結合各領域勞動相關的知識外，更具備將理論應用於實務的經驗，並設有「學士班學生修讀碩士班課程辦法」，學生得於五年內取得學、碩士學位。2.本系提供大一新生入學學期學雜費全額獎助。3.相關資訊、修業規定、畢業條件及畢業出路等參閱網頁 https://labor.pccu.edu.tw，聯絡電話：(02)28610511#29505
01711,中國文化大學,社會福利學系,第一類學群,4,30,1,26,0,0,0,0,底標,0,0,在校學業成績全校排名百分比,學測國文級分,學測社會級分,學測國文、社會之級分總和,國語文學業成績總平均全校排名百分比,公民與社會學業成績總平均全校排名百分比,英語文學業成績總平均全校排名百分比,1、在校學業成績全校排名百分比 2、學測國文級分 3、學測社會級分 4、學測國文、社會之級分總和 5、國語文學業成績總平均全校排名百分比 6、公民與社會學業成績總平均全校排名百分比 7、英語文學業成績總平均全校排名百分比,,,,,,,"1.本系旨在培育具有社會工作、人群服務知能之專業人才，課程重點包含培訓社會工作專業人員，須至校外機構實習或參訪，有大量接觸人群的機會，需具備口語表達、人際溝通協調能力、情緒控管及相關之抗壓能力。
2.畢業後具備國家考試-高等考試專業技術人員社會工作師證照考試資格。
3.本系相關資訊、修課規定及畢業條件等參閱本系網頁：https://crydsw.pccu.edu.tw、聯絡電話：02-28610511分機29805。"
01712,中國文化大學,行政管理學系,第一類學群,6,30,1,26,底標,0,0,0,0,0,0,在校學業成績全校排名百分比,學測國文級分,學測社會級分,學測英文級分,公民與社會學業成績總平均全校排名百分比,國語文學業成績總平均全校排名百分比,英語文學業成績總平均全校排名百分比,1、在校學業成績全校排名百分比 2、學測國文級分 3、學測社會級分 4、學測英文級分 5、公民與社會學業成績總平均全校排名百分比 6、國語文學業成績總平均全校排名百分比 7、英語文學業成績總平均全校排名百分比,,,,,,,"1、本系設立宗旨在教育學生發揚質樸堅毅、積極服務精神，培養具有創新思維與全球視野之公共服務人才。
2、課程依學生生涯發展需求，設計規劃「公務」及「管理」兩個課程群組。
3、其他相關訊息，請參閱本系網址：https://crylcm.pccu.edu.tw/。
4、聯絡電話：(02)2861-0511分機29905。"
01713,中國文化大學,家庭科學系,第一類學群,4,30,1,26,底標,0,0,0,0,0,0,在校學業成績全校排名百分比,學測國文級分,學測社會級分,學測國文、社會之級分總和,國語文學業成績總平均全校排名百分比,生活科技學業成績總平均全校排名百分比,歷史學業成績總平均全校排名百分比,1、在校學業成績全校排名百分比 2、學測國文級分 3、學測社會級分 4、學測國文、社會之級分總和 5、國語文學業成績總平均全校排名百分比 6、生活科技學業成績總平均全校排名百分比 7、歷史學業成績總平均全校排名百分比,,,,,,,"1.學系網址：https://crfals.pccu.edu.tw。聯絡電話：(02)2861-0511 分機31505。E-mail：crvals@dep.pccu.edu.tw。
2.本系以「家庭科學」為核心，課程涵蓋家庭教育、餐飲管理與生活應用，重視理論與實務並重，強調跨域整合。教育目標在於培養學生具備家庭教育、餐飲管理、生活設計、居家美學及健康生活與社會關懷等能力。
3.畢業生可從事教育推廣、餐飲經營、生活設計、健康與家庭服務等工作，並可進一步攻讀國內外研究所。修習教育學程者，依規定可取得中等學校「家政科」教師資格。"
01714,中國文化大學,國際貿易學系,第一類學群,6,30,1,26,0,0,0,0,底標,0,0,在校學業成績全校排名百分比,學測社會級分,學測國文級分,公民與社會學業成績總平均全校排名百分比,學測英文級分,英語文學業成績總平均全校排名百分比,數學學業成績總平均全校排名百分比,1、在校學業成績全校排名百分比 2、學測社會級分 3、學測國文級分 4、公民與社會學業成績總平均全校排名百分比 5、學測英文級分 6、英語文學業成績總平均全校排名百分比 7、數學學業成績總平均全校排名百分比,,,,,,,"1.本系以培養國際貿易、國際金融及國際行銷等專才為目標。學生應具備商學、外語及資訊等基本知識與興趣，並具開朗與合群的個性。
2.本系相關資訊、修課規定及畢業條件等，請參閱本系網頁：https://crbbit.pccu.edu.tw/; 聯絡電話：(02)2861-0511分機35105、35106; E-mail：crbbit@pccu.edu.tw 。"
01715,中國文化大學,國際企業管理學系,第一類學群,4,30,1,26,底標,0,0,0,0,0,0,在校學業成績全校排名百分比,學測國文、社會之級分總和,學測國文級分,學測社會級分,公民與社會學業成績總平均全校排名百分比,國語文學業成績總平均全校排名百分比,英語文學業成績總平均全校排名百分比,1、在校學業成績全校排名百分比 2、學測國文、社會之級分總和 3、學測國文級分 4、學測社會級分 5、公民與社會學業成績總平均全校排名百分比 6、國語文學業成績總平均全校排名百分比 7、英語文學業成績總平均全校排名百分比,,,,,,,"1.本系依產業趨勢需求設計跨領域三大專業模組：ESG經營與永續金融、數位行銷與品牌經營及創業與創新等領域，具專業領域專長及跨功能整合之國際企業管理能力。
2.本系課設著重培養新科技發展（大數據、AI、5G、物聯網）所需之管理能力，具快速回應環境變化及市場需求。
3.創新就業學程整合職能體驗、企業參訪、有薪實習、商管專業證照；國際交流，開放國際視野；個案專題競賽，實踐與理論結合；碩博士班齊備。
4.本系網頁：https://crbbba.pccu.edu.tw/。連絡電話(02)28610511分機35305。"
01716,中國文化大學,會計學系,第一類學群,8,30,1,26,底標,0,0,0,0,0,0,在校學業成績全校排名百分比,學測國文級分,學測社會級分,公民與社會學業成績總平均全校排名百分比,學測英文級分,英語文學業成績總平均全校排名百分比,數學學業成績總平均全校排名百分比,1、在校學業成績全校排名百分比 2、學測國文級分 3、學測社會級分 4、公民與社會學業成績總平均全校排名百分比 5、學測英文級分 6、英語文學業成績總平均全校排名百分比 7、數學學業成績總平均全校排名百分比,,,,,,,"本系招生目標：為企業及會計師事務所培養智慧會計、審計、稅務、理財專業人才，及商業智慧決策、永續管理
與數位創新等跨域人才。
另設有「學士班學生修讀碩士班課程辦法」，學生得於五年內取得學、碩士學位。
本系相關資訊、修課規定及畢業條件等請參閱本系網頁：https://crbbac.pccu.edu.tw，
聯絡電話：(02)28610511分機35506。"
01717,中國文化大學,觀光事業學系,第一類學群,6,30,1,26,底標,0,0,0,0,0,0,在校學業成績全校排名百分比,學測國文級分,學測英文級分,學測國文、英文之級分總和,國語文學業成績總平均全校排名百分比,英語文學業成績總平均全校排名百分比,歷史學業成績總平均全校排名百分比,1、在校學業成績全校排名百分比 2、學測國文級分 3、學測英文級分 4、學測國文、英文之級分總和 5、國語文學業成績總平均全校排名百分比 6、英語文學業成績總平均全校排名百分比 7、歷史學業成績總平均全校排名百分比,,,,,,,本系除提供觀光專業課程外並兼顧商管課程，搭配實習，落實與產業連結，強化實務導向，強調無縫就業接軌之人才培育計畫，畢業即就業，蓄積畢業資本。本系相關訊息，修課規定及畢業調請參閱本系網頁https://crbbto.pccu.edu.tw/，聯絡電話：(02)28610511分機35705。
01718,中國文化大學,資訊管理學系(智慧商務科技組),第一類學群,4,30,0,0,底標,0,0,0,0,0,0,在校學業成績全校排名百分比,資訊科技學業成績總平均全校排名百分比,國語文學業成績總平均全校排名百分比,公民與社會學業成績總平均全校排名百分比,生活科技學業成績總平均全校排名百分比,英語文學業成績總平均全校排名百分比,學測國文級分,1、在校學業成績全校排名百分比 2、資訊科技學業成績總平均全校排名百分比 3、國語文學業成績總平均全校排名百分比 4、公民與社會學業成績總平均全校排名百分比 5、生活科技學業成績總平均全校排名百分比 6、英語文學業成績總平均全校排名百分比 7、學測國文級分,,,,,,,"1. 培養學生應用智慧商務科技、大數據分析、人工智慧等職能專長於資訊系統製作的能力。
2. 安排學生到資訊企業實習，以精實學生的資管專長，達到畢業即為企業所用的目的。
3. 提供雙聯學位與國外交換機會，而在校園內，也能與多國境外學生交流與共同學習。
4. 提供學業、證照、弱勢助學等獎助學金。
5. 系網 https://mis.pccu.edu.tw，聯絡電話：(02)28610511分機35906。"
01719,中國文化大學,資訊管理學系(人工智慧組),第一類學群,4,30,1,26,0,0,0,底標,0,0,0,在校學業成績全校排名百分比,資訊科技學業成績總平均全校排名百分比,數學學業成績總平均全校排名百分比,生活科技學業成績總平均全校排名百分比,學測數學B級分,國語文學業成績總平均全校排名百分比,英語文學業成績總平均全校排名百分比,1、在校學業成績全校排名百分比 2、資訊科技學業成績總平均全校排名百分比 3、數學學業成績總平均全校排名百分比 4、生活科技學業成績總平均全校排名百分比 5、學測數學B級分 6、國語文學業成績總平均全校排名百分比 7、英語文學業成績總平均全校排名百分比,,,,,,,"1.培養學生應用人工智慧、大數據分析、智慧商務科技等職能專長於資訊系統製作的能力。
2.安排學生到資訊企業實習，以精實學生的資管專長，達到畢業即為企業所用的目的。
3.提供雙聯學位與國外交換機會，而在校園內，也能與多國境外學生交流與共同學習。
4.提供學業、證照、弱勢助學等獎助學金。
5.系網 https://mis.pccu.edu.tw，聯絡電話：(02)28610511分機35906。"
01720,中國文化大學,財務金融學系金融行銷組,第一類學群,6,30,1,26,底標,0,0,0,0,0,0,在校學業成績全校排名百分比,國語文學業成績總平均全校排名百分比,公民與社會學業成績總平均全校排名百分比,生活科技學業成績總平均全校排名百分比,資訊科技學業成績總平均全校排名百分比,學測國文級分,學測社會級分,1、在校學業成績全校排名百分比 2、國語文學業成績總平均全校排名百分比 3、公民與社會學業成績總平均全校排名百分比 4、生活科技學業成績總平均全校排名百分比 5、資訊科技學業成績總平均全校排名百分比 6、學測國文級分 7、學測社會級分,,,,,,,本組主修金融行銷專業領域課程，提升學生競爭力。課程涵蓋公司數位金融、財富管理、金融行銷與行為財務領域，學生透過三個領域的學習，可對金融行銷領域有整合性的認識，以確認未來發展方向；大數據分析與數位經營是目前金融產業的發展趨勢，金行組課程除了安排學生基本行銷與財金課程外，亦增加金融資訊分析應用及網路社群經營等課程，使學生適應現今發展潮流外，亦可為將來繼續深造奠定良好的基礎。本系相關資訊、修課規定及畢業條件等，參閱學系網址：https://crbbbf.pccu.edu.tw/ 連絡電話: (02) 2861-0511 分機36205/36206
01721,中國文化大學,財務金融學系財務金融組,第一類學群,13,30,1,26,底標,0,0,0,0,0,0,在校學業成績全校排名百分比,國語文學業成績總平均全校排名百分比,公民與社會學業成績總平均全校排名百分比,生活科技學業成績總平均全校排名百分比,資訊科技學業成績總平均全校排名百分比,學測國文級分,學測社會級分,1、在校學業成績全校排名百分比 2、國語文學業成績總平均全校排名百分比 3、公民與社會學業成績總平均全校排名百分比 4、生活科技學業成績總平均全校排名百分比 5、資訊科技學業成績總平均全校排名百分比 6、學測國文級分 7、學測社會級分,,,,,,,"本組主修財務金融專業領域課程，提升學生競爭力。課程涵蓋公司財務決策、投資策略管理、金融市場與機構三個領域，學生透過三個領域的學習，可對財務金融領域有全面性的認識，以確認未來發展方向；財金組課程安排加強學生之金融資訊軟體應用能力的培養，運用資訊工具進行金融商品評價與資產管理是目前金融產業的發展趨勢，除使學生適應現今發展潮流外，亦可為將來繼續深造奠定良好的基礎。本系相關資訊、修課規定及畢業條件等，請參閱學系網址：https://crbbbf.pccu.edu.tw/
連絡電話: (02) 2861-0511分機36205/36206。"
01722,中國文化大學,財務金融學系數位金融組,第一類學群,4,30,1,26,底標,0,0,0,0,0,0,在校學業成績全校排名百分比,國語文學業成績總平均全校排名百分比,公民與社會學業成績總平均全校排名百分比,生活科技學業成績總平均全校排名百分比,資訊科技學業成績總平均全校排名百分比,學測國文級分,學測社會級分,1、在校學業成績全校排名百分比 2、國語文學業成績總平均全校排名百分比 3、公民與社會學業成績總平均全校排名百分比 4、生活科技學業成績總平均全校排名百分比 5、資訊科技學業成績總平均全校排名百分比 6、學測國文級分 7、學測社會級分,,,,,,,"本組主修數位金融專業領域課程，提升學生競爭力。課程涵蓋數位金融與程式設計、金融資料庫分析與應用、數位金融理財應用三個領域，學生透過三個領域的學習，可對數位金融領域有全面性的認識，以確認未來發展方向 ；數金組課程安排加強學生之金融資訊軟體應用能力的培養，運用資訊工具進行金融商品評價與金融大數據分析是目前金融產業的發展趨勢，除使學生適應現今發展潮流外，亦可為將來繼續深造奠定良好的基礎。本系相關資訊、修課規定及畢業條件等，參閱學系網址：https://crbbbf.pccu.edu.tw/
連絡電話: (02) 2861-0511分機36205/36206。"
01723,中國文化大學,行銷學士學位學程,第一類學群,4,30,1,26,0,0,0,0,底標,0,0,在校學業成績全校排名百分比,學測社會級分,學測國文級分,公民與社會學業成績總平均全校排名百分比,國語文學業成績總平均全校排名百分比,學測英文級分,英語文學業成績總平均全校排名百分比,1、在校學業成績全校排名百分比 2、學測社會級分 3、學測國文級分 4、公民與社會學業成績總平均全校排名百分比 5、國語文學業成績總平均全校排名百分比 6、學測英文級分 7、英語文學業成績總平均全校排名百分比,,,,,,,"本系目標在培育具備專業消費者洞察能力、企劃與執行能力、決策經營能力、創新/創意能力之「品牌/產品行銷」專業人員。設定未來的「職業角色」：品牌/產品行銷企劃經理、市場/行銷研究分析師、數位行銷經理、促銷企劃經理、通路行銷經理、行銷活動企劃經理、電商經營管理、自媒體經營者、社群經營管理師。
相關資訊、修課規定及畢業條件等請參閱本系網頁：crrmkt.pccu.edu.tw，電話：(02)28610511分機35805。"
01724,中國文化大學,新聞學系,第一類學群,4,30,1,26,底標,0,0,0,0,0,0,在校學業成績全校排名百分比,學測國文級分,學測英文級分,學測社會級分,學測國文、英文、社會之級分總和,國語文學業成績總平均全校排名百分比,英語文學業成績總平均全校排名百分比,1、在校學業成績全校排名百分比 2、學測國文級分 3、學測英文級分 4、學測社會級分 5、學測國文、英文、社會之級分總和 6、國語文學業成績總平均全校排名百分比 7、英語文學業成績總平均全校排名百分比,,,,,,,"1.招收對新聞報導、影音傳播有熱忱，擅長語文表達、樂於與人溝通互動的學生。
2.本系設有學碩連讀課程辦法，鼓勵同學五年內完成學、碩士學位。另有國際雙聯學位計畫，協助同學取得海外學、碩士學位。
3.本系相關資訊、修業規定及畢業條件等請參閱本系網頁：http://jou.pccu.edu.tw，聯絡電話：02-28610511#37105，電子郵件信箱：crjjou@dep.pccu.edu.tw。"
01725,中國文化大學,廣告學系,第一類學群,5,30,1,26,底標,0,0,0,0,0,0,在校學業成績全校排名百分比,學測英文級分,英語文學業成績總平均全校排名百分比,學測社會級分,公民與社會學業成績總平均全校排名百分比,學測國文級分,學測國文、英文、社會、自然之級分總和,1、在校學業成績全校排名百分比 2、學測英文級分 3、英語文學業成績總平均全校排名百分比 4、學測社會級分 5、公民與社會學業成績總平均全校排名百分比 6、學測國文級分 7、學測國文、英文、社會、自然之級分總和,,,,,,,"1.專業學習重點包含:大量資訊收集判斷分析、團隊合作、學習數位設計等技能、消費者服務、行銷等，適合細
心沉穩、個性活潑、具人際互動溝通協調能力、能控管自身情緒者。
2.本系相相關資訊、修課規定及畢業條件等，請參閱本系網頁:https://crjadv.pccu.edu.tw/，連絡電話
(02)28610511分機37305。"
01726,中國文化大學,大眾傳播學系,第一類學群,26,30,2,26,底標,0,0,0,0,0,0,在校學業成績全校排名百分比,國語文學業成績總平均全校排名百分比,英語文學業成績總平均全校排名百分比,資訊科技學業成績總平均全校排名百分比,學測國文級分,學測英文級分,學測社會級分,1、在校學業成績全校排名百分比 2、國語文學業成績總平均全校排名百分比 3、英語文學業成績總平均全校排名百分比 4、資訊科技學業成績總平均全校排名百分比 5、學測國文級分 6、學測英文級分 7、學測社會級分,,,,,,,中國文化大學大眾傳播學系成立於民國52年，是國內最早的大傳學系，60多年來培育了許多傳播人才，並多次被選為全國百大熱門科系。隨著過去10多年新媒體的發展外，本系自113學年起推出八類職場專業模組課程並融入生成式AI工具 ，包括在三大學群裡：【公共傳播學群】、【多媒體傳播學群】和【傳播研究學群】，新課程規劃為培養學生掌握最新專業技能，並成為未來職場的精英。針對生成式AI技術的快速發展，本系在原有的教育目標基礎上，強化了AI應用於傳播內容創造與分析的能力，旨在促進學生在傳播領域的創新應用。此外，本校亦提供多樣化的國際與兩岸交流機會，如有任何問題請來電：(02)2861-0511分機37605，e-mail: crjdmc@ulive.pccu.edu.tw。
01727,中國文化大學,都市計劃與開發管理學系(智慧城市與都市更新組),第一類學群,2,30,0,0,底標,0,0,0,0,0,0,在校學業成績全校排名百分比,學測國文級分,學測社會級分,國語文學業成績總平均全校排名百分比,地理學業成績總平均全校排名百分比,公民與社會學業成績總平均全校排名百分比,歷史學業成績總平均全校排名百分比,1、在校學業成績全校排名百分比 2、學測國文級分 3、學測社會級分 4、國語文學業成績總平均全校排名百分比 5、地理學業成績總平均全校排名百分比 6、公民與社會學業成績總平均全校排名百分比 7、歷史學業成績總平均全校排名百分比,,,,,,,"1.本系旨在培育都市規劃、不動產開發與經營管理人才,本組著重應用科技智慧方法於都市規劃與都市更新專業的養成，未來出路涵蓋公私部門空間規劃及都市更新等專業領域。
2.本系專屬獎學金每學年130萬元以上。
3.本校學士班學生修讀碩士班課程辧法可5年內完成學士及碩士學位。
4.相關資訊請參閱本系網頁，聯絡電話:02-28610511轉41105，Email:crvupd@dep.pccu.edu.tw"
01728,中國文化大學,都市計劃與開發管理學系(不動產投資與估價組),第一類學群,2,30,1,26,0,0,0,0,底標,0,0,在校學業成績全校排名百分比,學測社會級分,學測國文級分,國語文學業成績總平均全校排名百分比,公民與社會學業成績總平均全校排名百分比,地理學業成績總平均全校排名百分比,歷史學業成績總平均全校排名百分比,1、在校學業成績全校排名百分比 2、學測社會級分 3、學測國文級分 4、國語文學業成績總平均全校排名百分比 5、公民與社會學業成績總平均全校排名百分比 6、地理學業成績總平均全校排名百分比 7、歷史學業成績總平均全校排名百分比,,,,,,,"1.本系旨在培育都市規劃、不動產開發與經營管理人才。本組著重不動產投資分析與估價技術的養成，未來出路涵蓋土地開發與經營管理、不動產估價等專業領域。
2.本系專屬獎學金每學年130萬元以上。
3.本校學士班學生修讀碩士班課程辧法可5年內完成學士及碩士學位。
4.相關資訊請參閱本系網頁，聯絡電話:02-28610511轉41105，Email:crvupd@dep.pccu.edu.tw"
01729,中國文化大學,教育與學習科技學系,第一類學群,4,30,1,26,底標,0,0,0,0,0,0,在校學業成績全校排名百分比,學測國文級分,學測英文級分,國語文學業成績總平均全校排名百分比,英語文學業成績總平均全校排名百分比,地理學業成績總平均全校排名百分比,公民與社會學業成績總平均全校排名百分比,1、在校學業成績全校排名百分比 2、學測國文級分 3、學測英文級分 4、國語文學業成績總平均全校排名百分比 5、英語文學業成績總平均全校排名百分比 6、地理學業成績總平均全校排名百分比 7、公民與社會學業成績總平均全校排名百分比,,,,,,,教育與學習科技學系秉持「教育無界，科技賦能」的理念，教學融合創新與多元策略，課程採實務導向，積極推動實習與產學合作，以增進學生職場競爭力，達成「畢業即就業」的目標。本系致力於培育跨域人才，出路多元，如：人力資源培訓師、企業講師、中等學校教師、華語教師、數位教學設計師，以及教育行政人員等專業人才。畢業生亦可攻讀國內外研究所，持續深造。修課規定及畢業條件等請參閱本系網頁：https://crudoe.pccu.edu.tw，聯絡電話：(02)28610511分機43105。
01730,中國文化大學,心理輔導學系,第一類學群,30,30,2,26,0,0,0,0,底標,0,0,在校學業成績全校排名百分比,學測國文級分,學測英文級分,學測社會級分,國語文學業成績總平均全校排名百分比,英語文學業成績總平均全校排名百分比,公民與社會學業成績總平均全校排名百分比,1、在校學業成績全校排名百分比 2、學測國文級分 3、學測英文級分 4、學測社會級分 5、國語文學業成績總平均全校排名百分比 6、英語文學業成績總平均全校排名百分比 7、公民與社會學業成績總平均全校排名百分比,,,,,,,本系課程以心理諮商為主軸，實務教學取向為特色(遊戲治療、藝術治療、家族治療、心理腫瘤學、犯罪心理學、犯罪矯治、認知行為治療，及工商心理等實務操作知能)，強調畢業即可帶走的實務知能。學生修業期間可到各級學校、醫院、社區諮商所、犯罪矯治機構、企業組織，及各類研究機構實習，未來可以成為諮商心理專業人員、心理輔導老師、人力資源專員、心理測驗員、自殺防治關懷員、職業重建輔導員、身心障礙輔導員、社福機構教保員、生活輔導員、監獄/看守所就業職訓就輔員，及家事調解員等。此外，有志成為學校專任輔導教師者，可修讀本校中學師資培育課程。本系相關資訊請參閱本系網頁https://cp.pccu.edu.tw/，電話 :(02)28610511分機43505
01731,中國文化大學,應用數學系,第二類學群,4,12,1,12,0,0,底標,0,0,0,0,在校學業成績全校排名百分比,學測數學A級分,數學學業成績總平均全校排名百分比,學測自然級分,學測數學A、自然之級分總和,英語文學業成績總平均全校排名百分比,學測國文級分,1、在校學業成績全校排名百分比 2、學測數學A級分 3、數學學業成績總平均全校排名百分比 4、學測自然級分 5、學測數學A、自然之級分總和 6、英語文學業成績總平均全校排名百分比 7、學測國文級分,,,,,,,"1.本系理論與實務並重，以培育「具備數理基礎之跨領域專長人才」為目標，訓練學生具備發掘、分析及解決問題的能力，進而導入學群，掌握就業先機及強化職場競爭力。目前規劃三個學群：(1)應用數學(2)大數據(3)AI。近年來增開物聯網、大數據分析、R軟體應用、資訊安全等應用課程。
2.本系相關資訊、修課規定及畢業條件等，請參閱本系網頁：https://crssam.pccu.edu.tw/。凡對數理具有興趣的同學，歡迎您的加入。連絡電話：(02)28610511#25105"
01732,中國文化大學,光電物理學系,第二類學群,4,12,1,12,0,0,0,0,0,底標,0,在校學業成績全校排名百分比,學測國文、英文、數學A、自然之級分總和,學測自然級分,物理學業成績總平均全校排名百分比,數學學業成績總平均全校排名百分比,學測數學A級分,化學學業成績總平均全校排名百分比,1、在校學業成績全校排名百分比 2、學測國文、英文、數學A、自然之級分總和 3、學測自然級分 4、物理學業成績總平均全校排名百分比 5、數學學業成績總平均全校排名百分比 6、學測數學A級分 7、化學學業成績總平均全校排名百分比,,,,,,,"1.本系招收具有數理、半導體與人工智慧(AI)相關興趣的學生，培養理論、實驗與應用專長之優秀人才。
2.本系相關資訊、獎助學金項目、修課規定及畢業條件等請參閱本系網站：https://phy.pccu.edu.tw
連絡電話：(02)2861-0511#25205"
01733,中國文化大學,化學系,第二類學群,4,12,1,12,0,0,0,0,0,底標,0,在校學業成績全校排名百分比,學測自然級分,化學學業成績總平均全校排名百分比,生物學業成績總平均全校排名百分比,物理學業成績總平均全校排名百分比,學測國文、自然之級分總和,學測英文級分,1、在校學業成績全校排名百分比 2、學測自然級分 3、化學學業成績總平均全校排名百分比 4、生物學業成績總平均全校排名百分比 5、物理學業成績總平均全校排名百分比 6、學測國文、自然之級分總和 7、學測英文級分,,,,,,,"1.本系招收對化學有興趣的學生，以培養理論與實驗素養兼具之優秀人才，強化升學與職場競爭力。
2.有學碩合一學制，學生得於五年內取得學、碩士學位。
3.操作實驗為本系學習之重點，學生均須透過親自操作實驗器材和儀器奠定化學基礎專業知識和實驗技能，部分實驗需透過色彩判定實驗結果。化學實驗具有一定的危險性，須有能力及時移動身軀遠離危險現場。
4.本系相關資訊、修課規定及畢業條件等請參閱本系網頁：http://crssch.pccu.edu.tw，聯絡電話:(02)28610511轉25305。"
01734,中國文化大學,地理學系,第二類學群,6,12,1,12,底標,0,0,0,0,0,0,在校學業成績全校排名百分比,學測國文級分,學測英文級分,學測自然級分,學測社會級分,地理學業成績總平均全校排名百分比,地球科學學業成績總平均全校排名百分比,1、在校學業成績全校排名百分比 2、學測國文級分 3、學測英文級分 4、學測自然級分 5、學測社會級分 6、地理學業成績總平均全校排名百分比 7、地球科學學業成績總平均全校排名百分比,,,,,,,"1.地理學系為同時涵蓋自然、人文與地理資訊技術等領域的跨域整合型學系。本系同時招收自然組及社會組同學。
2.本系相關資訊、修課規定及畢業條件等，請參閱本系網頁 https://geography.pccu.edu.tw。聯絡電話：(02)28610511分機25505。"
01735,中國文化大學,大氣與地質科學系,第二類學群,6,12,1,12,0,0,底標,底標,0,0,0,在校學業成績全校排名百分比,地球科學學業成績總平均全校排名百分比,數學學業成績總平均全校排名百分比,物理學業成績總平均全校排名百分比,化學學業成績總平均全校排名百分比,學測國文、英文、自然之級分總和,學測自然級分,1、在校學業成績全校排名百分比 2、地球科學學業成績總平均全校排名百分比 3、數學學業成績總平均全校排名百分比 4、物理學業成績總平均全校排名百分比 5、化學學業成績總平均全校排名百分比 6、學測國文、英文、自然之級分總和 7、學測自然級分,,,,,,,"1.「數學A」、「數學B」檢定底標，考生僅需符合其中一項即可報考。
2.本系涵蓋大氣與地質兩大領域，以物理、化學和數學為基礎，輔以野外觀測及調查，再以衛星、雷達遙測和高速電腦為工具，探討大氣運動及地球變動的科學，注重防災及能源開發，如颱風、豪雨、龍捲風、土石流、地震、山崩、地熱、風電、碳封存等，及氣候變化、空污等環境議題，以培育大氣與地質人才為目標。
3.本系相關資訊、修課規定及畢業條件等請參閱本系網頁：https://atmgeo.pccu.edu.tw，聯絡電話：（02）28610511＃25805。"
01736,中國文化大學,化學工程與材料工程學系,第二類學群,8,12,1,12,0,0,0,0,0,底標,0,在校學業成績全校排名百分比,化學學業成績總平均全校排名百分比,學測自然級分,學測數學A級分,學測國文級分,國語文學業成績總平均全校排名百分比,學測英文級分,1、在校學業成績全校排名百分比 2、化學學業成績總平均全校排名百分比 3、學測自然級分 4、學測數學A級分 5、學測國文級分 6、國語文學業成績總平均全校排名百分比 7、學測英文級分,,,,,,,"1.本系通過IEET工程及科技教育認證，學位受到各先進國家承認。
2.姊妹校涵蓋歐美等先進國家，學生可選擇雙聯學位或交換學生。
3.本系強調實務實作及跨領域學習，並設有「學士班學生修讀碩士班課程辦法」，學生得於五年內取得學、碩士學位。
4.修課規定及畢業條件等請參閱本系網頁:https://crencm.pccu.edu.tw，聯絡電話:(02)28610511分機33105/33106。"
01737,中國文化大學,電機工程學系,第二類學群,12,12,2,12,0,0,底標,0,0,0,0,在校學業成績全校排名百分比,學測國文、英文、數學A、自然之級分總和,學測國文級分,學測英文級分,學測數學A級分,學測自然級分,數學學業成績總平均全校排名百分比,1、在校學業成績全校排名百分比 2、學測國文、英文、數學A、自然之級分總和 3、學測國文級分 4、學測英文級分 5、學測數學A級分 6、學測自然級分 7、數學學業成績總平均全校排名百分比,,,,,,,"1.本系以培育電機及資訊相關產業人才為目標，除教授電機與資訊相關知識外，並透過產業實習、企業參訪、專題實作及業界教師授課等方式提升學用合一之能力。
2.本系獲中華工程教育學會（IEET）認證，學位受到美英日澳等多個國家承認。
3.本系相關資訊、修課規定及畢業條件請參照本系網頁https://ee.pccu.edu.tw，
聯絡電話：02-28610511分機33205。"
01738,中國文化大學,機械工程學系,第二類學群,6,12,1,12,0,0,底標,底標,0,0,0,在校學業成績全校排名百分比,學測國文、英文、自然之級分總和,學測自然級分,學測英文級分,學測國文級分,數學學業成績總平均全校排名百分比,物理學業成績總平均全校排名百分比,1、在校學業成績全校排名百分比 2、學測國文、英文、自然之級分總和 3、學測自然級分 4、學測英文級分 5、學測國文級分 6、數學學業成績總平均全校排名百分比 7、物理學業成績總平均全校排名百分比,,,,,,,"1.本系獲得中華工程教育學會(IEET)認證，課程依「機械設計」、「能源科技」、「數位機電」三大群組安排。
2.本系與合作廠商訂有契約，學生可於大四下學期至企業實習，學習實務經驗並為將來就業預作準備。
3.訂有「學士班學生修讀碩士班課程辦法」，學生得於五年內取得學、碩士學位。
4.對工程問題有興趣，喜歡動手設計與實作，空間認知能力與數理基礎好者尤佳。
5.本系相關資訊，修課規定及畢業條件等請參閱本系網頁https://crenme.pccu.edu.tw，連絡電話:(02)28610511#33305"
01739,中國文化大學,紡織科技創新與應用工程學系,第二類學群,4,12,1,12,底標,0,0,0,0,0,0,在校學業成績全校排名百分比,國語文學業成績總平均全校排名百分比,英語文學業成績總平均全校排名百分比,數學學業成績總平均全校排名百分比,學測國文級分,學測英文級分,學測國文、英文之級分總和,1、在校學業成績全校排名百分比 2、國語文學業成績總平均全校排名百分比 3、英語文學業成績總平均全校排名百分比 4、數學學業成績總平均全校排名百分比 5、學測國文級分 6、學測英文級分 7、學測國文、英文之級分總和,,,,,,,"本系相關資訊，修課規定及畢業條件等請參閱本系網頁:https://textile.pccu.edu.tw/
聯絡電話:(02)2861-0511#33405、33406"
01740,中國文化大學,資訊工程學系,第二類學群,15,12,2,12,0,0,底標,底標,0,0,0,在校學業成績全校排名百分比,學測國文、英文之級分總和,學測國文級分,學測英文級分,資訊科技學業成績總平均全校排名百分比,數學學業成績總平均全校排名百分比,學測自然級分,1、在校學業成績全校排名百分比 2、學測國文、英文之級分總和 3、學測國文級分 4、學測英文級分 5、資訊科技學業成績總平均全校排名百分比 6、數學學業成績總平均全校排名百分比 7、學測自然級分,,,,,,,"「數學A」、「數學B」檢定底標，考生僅須符合其中一項即可。
本系課程規劃包含3大專業課程學群：「人工智慧」、「資訊安全」、「物聯網系統應用」，藉以奠定同學們在資
訊工程之基礎專業知識，提供札實之軟體與硬體訓練，及建立豐厚的理論基礎和實務能力。本系通過教育部高等教育評鑑及中華工程教育學會(IEET)工程教育認證與資訊教育認證，顯示本系之辦學品質已獲得專家的肯定，且課程內涵能與國際接軌。本系擁有優秀資師、充足設備及E化學習環境，畢業生具有廣大的就業市場。相關資訊、修課規定及畢業條件等請參閱系網頁：https://iecs.pccu.edu.tw，聯絡電話：(02)28610511分機33505。"
01741,中國文化大學,資訊傳播學系,第二類學群,6,12,1,12,底標,0,0,0,0,0,0,在校學業成績全校排名百分比,學測國文、英文之級分總和,數學學業成績總平均全校排名百分比,學測國文級分,學測英文級分,國語文學業成績總平均全校排名百分比,英語文學業成績總平均全校排名百分比,1、在校學業成績全校排名百分比 2、學測國文、英文之級分總和 3、數學學業成績總平均全校排名百分比 4、學測國文級分 5、學測英文級分 6、國語文學業成績總平均全校排名百分比 7、英語文學業成績總平均全校排名百分比,,,,,,,"想成為數位時代的傳播大師嗎？資訊傳播學系等你來挑戰！
完美結合人文傳播與最新科技，精進專業攝影、製作VR、設計創意遊戲及動畫、應用人工智慧、開發炫酷APP與網站，在遊戲動畫產業、資訊科技公司或傳播行銷、攝影、多媒體設計與數位內容創作領域大展身手！快加入資訊傳播學系！了解更多：https://ic.pccu.edu.tw/"
01742,中國文化大學,建築及都市設計學系,第二類學群,10,12,1,12,底標,0,0,0,0,0,0,在校學業成績全校排名百分比,學測國文級分,學測英文級分,國語文學業成績總平均全校排名百分比,英語文學業成績總平均全校排名百分比,數學學業成績總平均全校排名百分比,資訊科技學業成績總平均全校排名百分比,1、在校學業成績全校排名百分比 2、學測國文級分 3、學測英文級分 4、國語文學業成績總平均全校排名百分比 5、英語文學業成績總平均全校排名百分比 6、數學學業成績總平均全校排名百分比 7、資訊科技學業成績總平均全校排名百分比,,,,,,,"本系修業年限為四年，為臺灣「老六校建築系」之一。
1.相關資訊：本系修課規定及畢業條件，請參閱學系官方網站：crtadp.pccu.edu.tw
2.課程分組：建築及都市設計組，涵蓋建築設計、都市設計、工程技術、環境規劃與控制、數位設計等課程；建築及室內設計組，涵蓋設計基礎、建築及室內設計、材料與建材、照明與環境控制、數位設計等課程。
3.畢業出路：畢業生可報考建築師、都市計畫技師，並能從事室內設計、繪圖建模、營造管理等專業領域。
4.獎助措施：本系提供多項獎學金，以鼓勵表現優異的學生。"
01743,中國文化大學,生命科學系,第三類學群,9,7,1,7,0,0,0,0,0,底標,0,在校學業成績全校排名百分比,學測自然級分,學測英文級分,學測國文級分,生物學業成績總平均全校排名百分比,英語文學業成績總平均全校排名百分比,化學學業成績總平均全校排名百分比,1、在校學業成績全校排名百分比 2、學測自然級分 3、學測英文級分 4、學測國文級分 5、生物學業成績總平均全校排名百分比 6、英語文學業成績總平均全校排名百分比 7、化學學業成績總平均全校排名百分比,,,,,,,"1.招收對於生命科學有興趣，或對生命科學領域某一學科具潛力的學生。
2.操作實驗為本系學習之重點，學生均需透過親自操作儀器奠定基礎專業知識與實驗技能，部分實驗須以視覺觀察並描繪紀錄，或是靠目視觀察色彩以判定實驗結果。
3.本系相關資訊、修課規定及畢業條件等請參閱本系網:https://ls.pccu.edu.tw，連絡電話(02)28610511#26205"
01744,中國文化大學,動物科學保健暨園藝科技學系(園藝科技組),第三類學群,3,7,1,7,0,0,0,0,0,底標,0,在校學業成績全校排名百分比,學測國文、自然之級分總和,學測自然級分,學測國文級分,生物學業成績總平均全校排名百分比,國語文學業成績總平均全校排名百分比,化學學業成績總平均全校排名百分比,1、在校學業成績全校排名百分比 2、學測國文、自然之級分總和 3、學測自然級分 4、學測國文級分 5、生物學業成績總平均全校排名百分比 6、國語文學業成績總平均全校排名百分比 7、化學學業成績總平均全校排名百分比,,,,,,,"1.希望招收積極進取、敬業樂群、善良踏實、對園藝科學及相關生物技術利用有興趣的同學。
2.本系(組)相關資訊、修課規定及畢業條件等請參閱本系網頁：https://crfdhb.pccu.edu.tw/，聯絡電話：(02)28601511分機31105、31101。"
01745,中國文化大學,動物科學保健暨園藝科技學系(動物科學組),第三類學群,12,7,1,7,0,0,0,0,0,底標,0,在校學業成績全校排名百分比,生物學業成績總平均全校排名百分比,學測自然級分,英語文學業成績總平均全校排名百分比,學測英文級分,化學學業成績總平均全校排名百分比,學測國文、英文、自然之級分總和,1、在校學業成績全校排名百分比 2、生物學業成績總平均全校排名百分比 3、學測自然級分 4、英語文學業成績總平均全校排名百分比 5、學測英文級分 6、化學學業成績總平均全校排名百分比 7、學測國文、英文、自然之級分總和,,,,,,,"1.本系動物科學組教育宗旨培育經濟及寵伴動物等產業兼具動物生產群體飼養照護與動物科學個體醫事輔助的職能暨管理專業人才。歡迎對動物產業有興趣的同學報考。
2.本系動物科學組課程兼重學科與實務，學科含遺傳育種、生理保健、營養飼養、產品加工、及生物科技領域，實務強調安全有效的實驗操作儀器模型與雞舍練習產業實習，需具適當之視覺聽覺與溝通抗壓能力。
3.本系動物科學組相關入學與獎助學金資訊請參閱網頁https://crfuas.pccu.edu.tw。聯絡電話(02)28610511轉31205。"
01746,中國文化大學,森林暨自然保育學系,第三類學群,4,7,1,7,0,0,0,0,0,底標,0,在校學業成績全校排名百分比,生物學業成績總平均全校排名百分比,學測自然級分,學測國文級分,學測英文級分,英語文學業成績總平均全校排名百分比,地球科學學業成績總平均全校排名百分比,1、在校學業成績全校排名百分比 2、生物學業成績總平均全校排名百分比 3、學測自然級分 4、學測國文級分 5、學測英文級分 6、英語文學業成績總平均全校排名百分比 7、地球科學學業成績總平均全校排名百分比,,,,,,,"1.本系招收熱愛動植物生態以及自然科學探究之優秀青年，主要之發展與重點學習方向包括：(一)森林植物生態研究 (二)野生動物保育研究 (三)林業利用及攀樹樹藝 (四)生態系服務與生物多樣性價值 (五)綠色經濟及淨零碳排 (六)精準林業及ESG森林碳匯 (七)環境教育及自然解方 (八)林下經濟及生物技術應用。
2.本系相關資訊、修課規定及畢業條件等請參閱本系網頁：https://crffnc.pccu.edu.tw/。"
01747,中國文化大學,土地資源學系,第三類學群,4,7,1,7,底標,0,0,0,0,0,0,在校學業成績全校排名百分比,國語文學業成績總平均全校排名百分比,學測國文、英文之級分總和,學測國文級分,英語文學業成績總平均全校排名百分比,學測英文級分,數學學業成績總平均全校排名百分比,1、在校學業成績全校排名百分比 2、國語文學業成績總平均全校排名百分比 3、學測國文、英文之級分總和 4、學測國文級分 5、英語文學業成績總平均全校排名百分比 6、學測英文級分 7、數學學業成績總平均全校排名百分比,,,,,,,"本系教育目標：一、培育土地資產規劃及管理人才(不動產估價師、地政士、不動產經紀人、物業管理)；二、培育環境規劃及管理人才(環境工程相關、水資源相關、測量相關、地理資訊相關技術人員)。本系其他相關資訊請參閱本系網頁(https://lr.pccu.edu.tw/)或文化土資粉絲專頁。
連絡電話：02-28610511#31405。"
01748,中國文化大學,保健營養學系,第三類學群,8,7,1,7,0,0,0,0,0,底標,0,在校學業成績全校排名百分比,學測國文、自然之級分總和,學測英文級分,學測自然級分,化學學業成績總平均全校排名百分比,生物學業成績總平均全校排名百分比,學測國文級分,1、在校學業成績全校排名百分比 2、學測國文、自然之級分總和 3、學測英文級分 4、學測自然級分 5、化學學業成績總平均全校排名百分比 6、生物學業成績總平均全校排名百分比 7、學測國文級分,,,,,,,"1.本系教育目標為培養具食品背景之營養保健專業人才，專業學習重點包含實驗操作與實習，學生均需透過自行操作儀器，配置化學溶液等課程奠定基礎專業知識與實驗技巧，同時獲得完整的實習訓練。因實驗、實習課程具有一定危險，需有能力即時遠離危險現場；部分實習課程亦須具備口語表達、人際互動溝通協調、與控管自身情緒等抗壓能力。畢業後可直接報考營養師(需至醫院實習)、食品技師(需修習考選部規定之課程)。
2.相關資訊、修課規定及畢業條件等請參閱本系網頁:https://crffhn.pccu.edu.tw/
聯絡電話:(02)2861-0511分機31705"
01749,中國文化大學,景觀學系,第三類學群,5,7,1,7,底標,0,0,0,0,0,0,在校學業成績全校排名百分比,學測國文、英文之級分總和,學測國文級分,學測英文級分,生物學業成績總平均全校排名百分比,地理學業成績總平均全校排名百分比,英語文學業成績總平均全校排名百分比,1、在校學業成績全校排名百分比 2、學測國文、英文之級分總和 3、學測國文級分 4、學測英文級分 5、生物學業成績總平均全校排名百分比 6、地理學業成績總平均全校排名百分比 7、英語文學業成績總平均全校排名百分比,,,,,,,"1.本系以培養學生應用自然及人文景觀之科學知識與藝術技巧創造適宜環境，歡迎對公共事務及總體生態環境有興趣，對環境美質具敏感度之同學報考。
2.本系相關資訊、修課規定及畢業條件等請參閱本系網頁：http://landscape.pccu.edu.tw/。
3.聯絡電話：(02)28610511分機41505、41506，E-Mail：crvdla@dep.pccu.edu.tw。"
01801,靜宜大學,英國語文學系,第一類學群,12,18,1,18,0,底標,0,0,0,0,0,在校學業成績全校排名百分比,英語文學業成績總平均全校排名百分比,學測英文級分,學測國文級分,學測社會級分,國語文學業成績總平均全校排名百分比,公民與社會學業成績總平均全校排名百分比,1、在校學業成績全校排名百分比 2、英語文學業成績總平均全校排名百分比 3、學測英文級分 4、學測國文級分 5、學測社會級分 6、國語文學業成績總平均全校排名百分比 7、公民與社會學業成績總平均全校排名百分比,,,,,,,"1.本系專業課程採全英語授課並開設「跨域應用」(文化傳播、國際商務、數位人文)、「語言學與英語教學」、「文學與創意」三大專業學程，培育具英語專業與跨域應用能力之國際人才。  2.英語口說與寫作課採小班教學。  3.本校提供「國際企業外語經貿人才學程」、「外語導覽解說學程」和「華語文教學學程」等跨域學程，儲備就業競爭力。  4.重視第二外語培訓，如：日、韓、西、法、德、越南文、泰文等。  5.提供海內外實習，提升就業競爭力。  6.提供ISEP國際學習與雙聯學制，可獲雙學位。
7.本系網址：https://english.pu.edu.tw/。聯絡電話：04-26328001轉分機12021。"
01802,靜宜大學,西班牙語文學系,第一類學群,9,18,2,18,0,底標,0,0,0,0,0,在校學業成績全校排名百分比,學測國文、英文之級分總和,學測英文級分,學測國文級分,學測社會級分,英語文學業成績總平均全校排名百分比,國語文學業成績總平均全校排名百分比,1、在校學業成績全校排名百分比 2、學測國文、英文之級分總和 3、學測英文級分 4、學測國文級分 5、學測社會級分 6、英語文學業成績總平均全校排名百分比 7、國語文學業成績總平均全校排名百分比,,,,,,,"1.本系以培養商務、貿易、教學、觀光、翻譯、外交、文化等工作之西語專才為目的。 2.設有多元跨域應用課程，培養學生就業能力，呼應職場需求，並協助學生取得西語檢定、外語導遊領隊及其他相關專業證照。
3.提供全國最多名額至西班牙和中南美洲姐妹校交換及暑期研修，以拓展學生國際觀。
4.獲教育部「學海築夢計畫」獎學金，居全國西語系之冠；幫助學生獲得海外實習機會，連結國際職場就業。
5.提供學生職涯輔導、國內、外實習及就業機會。
6.本系網址：https://spanish.pu.edu.tw/。聯絡電話：04-26328001轉分機12031~4。"
01803,靜宜大學,日本語文學系,第一類學群,25,18,2,18,後標,0,0,0,0,0,0,在校學業成績全校排名百分比,學測國文級分,學測社會級分,學測英文級分,學測國文、社會之級分總和,地理學業成績總平均全校排名百分比,歷史學業成績總平均全校排名百分比,1、在校學業成績全校排名百分比 2、學測國文級分 3、學測社會級分 4、學測英文級分 5、學測國文、社會之級分總和 6、地理學業成績總平均全校排名百分比 7、歷史學業成績總平均全校排名百分比,,,,,,,"1.本系以培育「通曉日本語文、熟知日本文化、具備國際視野、促進台日交流」之日語專才為目標。
2.專業日語必修課程外，選修分「語言、文學、教育」「社會、史地、政經」「商務、觀光、文化」「跨域、溝通、交流」四學程，學生可依志趣修習，連結生涯就業。
3.日本姊妹校40所，每年甄選50名以上交換留學生、30名以上暑期移地研修生，赴日留學研修機會多。
4.本系與日本企業產學合作，每年甄選20名赴日本觀光旅遊相關企業實習，畢業生海外移動力佳。
5.本系網址：https://japanese.pu.edu.tw/。聯絡電話：04-26328001轉分機12012。"
01804,靜宜大學,中國文學系,第一類學群,4,18,1,18,底標,0,0,0,0,0,0,在校學業成績全校排名百分比,學測國文級分,學測社會級分,學測國文、社會之級分總和,國語文學業成績總平均全校排名百分比,歷史學業成績總平均全校排名百分比,地理學業成績總平均全校排名百分比,1、在校學業成績全校排名百分比 2、學測國文級分 3、學測社會級分 4、學測國文、社會之級分總和 5、國語文學業成績總平均全校排名百分比 6、歷史學業成績總平均全校排名百分比 7、地理學業成績總平均全校排名百分比,,,,,,,"1.本系以古典與現代中文訓練及表達為基礎，並結合現代科技為應用，培育古學今用，跨域中文人。
2.設立「文化創意」與「文學傳播」兩系內學程，強化實用知能。
3.畢業專題、學生團隊、產學合作、業界實習等，提供實務經驗。
4.專業師資輔導團隊，為學生升學、就業提供充分準備。
5.本系網址：https://chinese.pu.edu.tw/。聯絡電話：04-26328001轉分機17011。"
01805,靜宜大學,社會工作與兒童少年福利學系,第一類學群,20,18,2,18,底標,0,0,0,0,0,0,在校學業成績全校排名百分比,學測國文、英文之級分總和,學測國文級分,學測英文級分,學測社會級分,國語文學業成績總平均全校排名百分比,英語文學業成績總平均全校排名百分比,1、在校學業成績全校排名百分比 2、學測國文、英文之級分總和 3、學測國文級分 4、學測英文級分 5、學測社會級分 6、國語文學業成績總平均全校排名百分比 7、英語文學業成績總平均全校排名百分比,,,,,,,"1.本系為一綜合性社會工作學系，培養以助人為志業之社會工作者。教師學術與實務知能紮實，教學嚴謹認真。
2.本校國家考試錄取人數名列全國各大學前列，本系每年社工師及公務人員考試通過人數超過50名，畢業生工作表現普獲實務界肯定。
3.本系學生自辦攜手社、服務隊及系學會等社團，每學期舉行各項活動，豐富學生之學習與校園生活內涵。
4.本系網址：https://swcw.pu.edu.tw/。聯絡電話：04-26328001轉分機17021~3。"
01806,靜宜大學,台灣文學系,第一類學群,5,18,1,18,底標,0,0,0,0,0,0,在校學業成績全校排名百分比,學測國文、社會之級分總和,學測國文級分,學測社會級分,國語文學業成績總平均全校排名百分比,歷史學業成績總平均全校排名百分比,地理學業成績總平均全校排名百分比,1、在校學業成績全校排名百分比 2、學測國文、社會之級分總和 3、學測國文級分 4、學測社會級分 5、國語文學業成績總平均全校排名百分比 6、歷史學業成績總平均全校排名百分比 7、地理學業成績總平均全校排名百分比,,,,,,,"1.結合人文知識與創意應用，提供「文學研究與創作」、「數位人文與傳播」、「文化創意與設計」三大課程方向。培養文化達人，成就跨域創意高手。 2.與眾不同的文學系，積極與產業接軌，設有實習機制、擁有多元的產學合作與專業學生團隊，提供豐富的職業輔導與訓練資源。 3.完整的師資陣容，擁有來自文學、數位、影像與品牌與文創設計等領域的專家教授及業師，提供最專業的學習指導。 4.豐富的遊留學資源，可透過雙聯學制、海外交換等機制，拓展國際視野。
5.本系網址：https://putaiwan.pu.edu.tw/。聯絡電話：04-26328001轉分機17031、17033。"
01807,靜宜大學,法律學系,第一類學群,27,18,2,18,後標,0,0,0,後標,0,0,在校學業成績全校排名百分比,學測英文級分,學測社會級分,學測國文、英文之級分總和,英語文學業成績總平均全校排名百分比,國語文學業成績總平均全校排名百分比,數學學業成績總平均全校排名百分比,1、在校學業成績全校排名百分比 2、學測英文級分 3、學測社會級分 4、學測國文、英文之級分總和 5、英語文學業成績總平均全校排名百分比 6、國語文學業成績總平均全校排名百分比 7、數學學業成績總平均全校排名百分比,,,,,,,"1.本系提供全方位之法學課程及活動，奠定學生紮實的法學基礎，並秉持利他與關懷弱勢之精神，推展法律服務學習，藉由實務實習課程、法律諮詢服務、法治教育推廣、產學合作及法律案件之實地參與，結合理論及實務，強化學生相關經驗，提升就業實力，實踐畢業即就業之目標。
2.本系網址：https://law.pu.edu.tw/。聯絡電話：04-26328001轉分機17041~3。"
01808,靜宜大學,生態人文學系,第一類學群,4,18,2,18,底標,0,0,0,0,0,0,在校學業成績全校排名百分比,學測國文級分,學測英文級分,國語文學業成績總平均全校排名百分比,英語文學業成績總平均全校排名百分比,數學學業成績總平均全校排名百分比,生物學業成績總平均全校排名百分比,1、在校學業成績全校排名百分比 2、學測國文級分 3、學測英文級分 4、國語文學業成績總平均全校排名百分比 5、英語文學業成績總平均全校排名百分比 6、數學學業成績總平均全校排名百分比 7、生物學業成績總平均全校排名百分比,,,,,,,"1.本系教育學生具備生態科學知識，訓練獨立思考環境倫理，培養跨域生態實踐能力。 2.畢業後可從事：ESG碳排管理師、永續發展規劃師、生態檢核調查、生態旅遊(生態農場/生態導覽)、環境教育(自然教育中心/NGO)、生態文創、生態傳播(生態YouTuber)、生態政策(國會助理)等工作。 3.輔導學生取得環境教育人員認證、丙級攀樹教練證書、無人機操作證等證照。 4.可至日本北海道自然學校、杉林溪自然教育中心、自然科學博物館、林保署自然教育中心、農業部生物多樣性研究所等國內外機構實習。
5.本系網址：https://eco.pu.edu.tw。連絡電話：04-26328001轉分機17051。"
01809,靜宜大學,大眾傳播學系,第一類學群,16,18,1,18,底標,0,0,0,0,0,0,在校學業成績全校排名百分比,學測國文、英文之級分總和,學測國文級分,學測英文級分,國語文學業成績總平均全校排名百分比,英語文學業成績總平均全校排名百分比,公民與社會學業成績總平均全校排名百分比,1、在校學業成績全校排名百分比 2、學測國文、英文之級分總和 3、學測國文級分 4、學測英文級分 5、國語文學業成績總平均全校排名百分比 6、英語文學業成績總平均全校排名百分比 7、公民與社會學業成績總平均全校排名百分比,,,,,,,"1.本系為中部綜合大學唯一的大眾傳播學系，培養具宏觀社會文化視野之影視內容創製與媒體文化分析人才。
2.本系學習環境完善，課程提供影像內容創作與新聞傳播之專業訓練，並擁有網路實習平台及多個特色團隊，包括：運動轉播、新媒體製播、廣播與Podcast、媒體素養，培養學生實務技能。
3.畢業後可至各媒體擔任導演、導播、攝影師、剪輯師、製片、製作人、企劃、記者、公關行銷等職務。
4.本系網址：https://masscom.pu.edu.tw/。聯絡電話：04-26328001轉分機17081~2。"
01810,靜宜大學,行銷與數位經營管理學系,第一類學群,15,18,1,18,底標,0,0,0,0,0,0,在校學業成績全校排名百分比,學測國文級分,學測英文級分,國語文學業成績總平均全校排名百分比,英語文學業成績總平均全校排名百分比,數學學業成績總平均全校排名百分比,學測社會級分,1、在校學業成績全校排名百分比 2、學測國文級分 3、學測英文級分 4、國語文學業成績總平均全校排名百分比 5、英語文學業成績總平均全校排名百分比 6、數學學業成績總平均全校排名百分比 7、學測社會級分,,,,,,,"1.培育具備良好品格、獨立思考與專業問題解決能力之「行銷、數位經營分析、人資與創新管理」等三大領域管理專業人才。
2.課程設計涵蓋「個案教學、專題實作、實務課程、企業參訪、海內外企業實習、學碩五年一貫」等多元教學法。
3.鼓勵同學積極參與「國際交換生、專業證照、個案競賽、行銷企劃或創意競賽」等各類活動進行自主學習。
4.多位畢業生錄取英澳全球百大或前五十大世界知名學府碩士班、國內國立大學碩士班及上市櫃知名企業任職。
5.本系網址：https://mdba.pu.edu.tw/。聯絡電話：(04)26328001轉分機13031~5。"
01811,靜宜大學,國際企業學系,第一類學群,15,18,1,18,底標,0,0,0,0,0,0,在校學業成績全校排名百分比,學測英文級分,英語文學業成績總平均全校排名百分比,學測國文級分,學測社會級分,國語文學業成績總平均全校排名百分比,歷史學業成績總平均全校排名百分比,1、在校學業成績全校排名百分比 2、學測英文級分 3、英語文學業成績總平均全校排名百分比 4、學測國文級分 5、學測社會級分 6、國語文學業成績總平均全校排名百分比 7、歷史學業成績總平均全校排名百分比,,,,,,,"1.本系教育目標為培養「國際行銷」、「國際財務」、「國際商貿」及「國際人力資源發展」等領域之國際企業人才，課程多樣性，期使學生受到更豐富而多元的專業教育。
2.學生可於在學期間，申請參加國內外企業實習，或申請以交換學生身份領取獎學金至國外大學進修。
3.本系網址：https://ib.pu.edu.tw/。聯絡電話：04-26328001轉分機13012。"
01812,靜宜大學,會計學系,第一類學群,14,18,1,18,底標,0,0,0,0,0,0,在校學業成績全校排名百分比,學測國文級分,國語文學業成績總平均全校排名百分比,英語文學業成績總平均全校排名百分比,公民與社會學業成績總平均全校排名百分比,歷史學業成績總平均全校排名百分比,數學學業成績總平均全校排名百分比,1、在校學業成績全校排名百分比 2、學測國文級分 3、國語文學業成績總平均全校排名百分比 4、英語文學業成績總平均全校排名百分比 5、公民與社會學業成績總平均全校排名百分比 6、歷史學業成績總平均全校排名百分比 7、數學學業成績總平均全校排名百分比,,,,,,,1.本系教育以「會計為本」之全方位專業人才，並培育誠信、專業、卓越且具國際觀的會計人才。 2.發展特色為「理論與實務兼具」、「專業與多元並備」；課程規劃以「會計專業」為主軸，強調產學交流合作、業界師資授課，且注重會計與資訊結合、會計與法律整合、會計與金融配合、會計與管理融合。 3.除系訂必、選修課程，亦能選擇「記帳士實務」、「會計資訊與大數據應用」、「會計師實務與永續會計」、「公司理財」等就業學程，搭配「企業實習就業學程」，參與中大型事務所、國稅局或產業界校外實習，以及跨國企業參訪及海外實習，提升學生專業能力。 4.本系網址：https://acc.pu.edu.tw/。聯絡電話：04-26328001轉分機13021~3。
01813,靜宜大學,觀光事業學系,第一類學群,14,18,3,18,底標,0,0,0,0,0,0,在校學業成績全校排名百分比,學測英文級分,學測國文級分,英語文學業成績總平均全校排名百分比,國語文學業成績總平均全校排名百分比,學測社會級分,數學學業成績總平均全校排名百分比,1、在校學業成績全校排名百分比 2、學測英文級分 3、學測國文級分 4、英語文學業成績總平均全校排名百分比 5、國語文學業成績總平均全校排名百分比 6、學測社會級分 7、數學學業成績總平均全校排名百分比,,,,,,,"1.本系涵蓋旅遊產業經營、休閒遊憩規劃、餐旅館管理等三大領域。重視學生的資訊處理與分析能力，每學期開設資訊相關課程。擁有學生實習旅行社、專業廚房及觀光專屬學生社團，提供實習及產學合作機會，培養畢業即就業之實力。重視外語能力及國際視野，提供海外研習及交流機會。主要培育餐旅館業經營管理人員、旅行業及會展從業人員、相關專業學科教師、觀光相關領域學術研究人員及社區規劃師。證照有外語及華語領隊、外語及華語導遊、中餐烹調技術士、烘焙技術士、餐旅服務技術士及調酒技術士等。
2.本系網址：https://tourism.pu.edu.tw/。聯絡電話：04-26328001轉分機13052。"
01814,靜宜大學,財務金融學系,第一類學群,26,18,2,18,底標,0,0,0,0,0,0,在校學業成績全校排名百分比,學測國文級分,數學學業成績總平均全校排名百分比,英語文學業成績總平均全校排名百分比,歷史學業成績總平均全校排名百分比,地理學業成績總平均全校排名百分比,公民與社會學業成績總平均全校排名百分比,1、在校學業成績全校排名百分比 2、學測國文級分 3、數學學業成績總平均全校排名百分比 4、英語文學業成績總平均全校排名百分比 5、歷史學業成績總平均全校排名百分比 6、地理學業成績總平均全校排名百分比 7、公民與社會學業成績總平均全校排名百分比,,,,,,,"1.靜宜財金三大亮點：(1)規劃財金三大學程，推動課程分流，引導同學有系統修課；(2)引進業界師資與產學合作，推動完整的企業實習，落實學用合一，畢業即就業；(3)完整紮實的財務金融專業訓練，提供學生多元生涯規劃。另外，本系亦積極爭取、鼓勵同學參與國際交換學生計畫，出國交換，擴展國際視野。希望對理財投資、企業實習、出國當交換生有興趣的同學加入靜宜財金！
2.本系網址：https://fin.pu.edu.tw/。聯絡電話：04-26328001轉分機13061~5。"
01815,靜宜大學,資訊管理學系,第一類學群,22,18,2,18,0,0,底標,底標,0,0,0,在校學業成績全校排名百分比,學測國文、英文之級分總和,學測國文級分,學測英文級分,數學學業成績總平均全校排名百分比,國語文學業成績總平均全校排名百分比,英語文學業成績總平均全校排名百分比,1、在校學業成績全校排名百分比 2、學測國文、英文之級分總和 3、學測國文級分 4、學測英文級分 5、數學學業成績總平均全校排名百分比 6、國語文學業成績總平均全校排名百分比 7、英語文學業成績總平均全校排名百分比,,,,,,,1.中部資管先驅：中部地區歷史最悠久的資訊管理學系，擁有先進軟硬體設備與專業空間，前瞻布局AI發展趨勢，設有跨領域專題實驗室與系專用電腦教室。 2.全台唯一SAP學程：融合人工智慧、大數據、社群商務與智慧企業發展，與企業接軌並引進業界師資共同授課，推動產學合作。 3.多元企業實習：提供暑期、全年與海外實習機會，強化產業鏈結，無縫銜接職場。 4.競賽表現亮眼：學生專題屢獲全國性競賽佳績，如挺好2025公益永續挑戰賽與永續智慧創新黑客松等。 5.國際認證優勢：通過IEET資訊教育國際認證，畢業學歷獲公約國家認可，為未來國內外就業與專業發展加分。 6.本系網址：https://csim.pu.edu.tw/。聯絡電話：04-26328001轉分機18011~2。
01816,靜宜大學,寰宇管理學士學位學程,第一類學群,2,18,1,18,0,底標,0,0,0,0,0,在校學業成績全校排名百分比,學測英文級分,學測國文、英文之級分總和,英語文學業成績總平均全校排名百分比,國語文學業成績總平均全校排名百分比,數學學業成績總平均全校排名百分比,公民與社會學業成績總平均全校排名百分比,1、在校學業成績全校排名百分比 2、學測英文級分 3、學測國文、英文之級分總和 4、英語文學業成績總平均全校排名百分比 5、國語文學業成績總平均全校排名百分比 6、數學學業成績總平均全校排名百分比 7、公民與社會學業成績總平均全校排名百分比,,,,,,,"1.為培育國際商管人才，專業課程以全英文授課並提供多元商管課程。
2.國際化為靜宜大學之特色，畢業前需出國留學至少一學年並取得規定之學分。
3.提供多元出國留學管道，目前全球共有300餘所ISEP會員學校、300餘所姊妹學校、與遍布歐美有雙聯學制合作關係之國外大學供本學程的學生選擇。
4.畢業生出國留學比率達100%。歡迎想在大學四年期間出國留學的同學加入﹗
5.本學程網址：https://ibap.pu.edu.tw/。聯絡電話：04-26328001轉分機19221。"
01817,靜宜大學,寰宇外語教育學士學位學程,第一類學群,2,18,1,18,0,底標,0,0,0,0,0,在校學業成績全校排名百分比,學測英文級分,學測國文、英文之級分總和,英語文學業成績總平均全校排名百分比,國語文學業成績總平均全校排名百分比,歷史學業成績總平均全校排名百分比,公民與社會學業成績總平均全校排名百分比,1、在校學業成績全校排名百分比 2、學測英文級分 3、學測國文、英文之級分總和 4、英語文學業成績總平均全校排名百分比 5、國語文學業成績總平均全校排名百分比 6、歷史學業成績總平均全校排名百分比 7、公民與社會學業成績總平均全校排名百分比,,,,,,,"1.獲教育部大專院校雙語化教育重點培育學院獎助，全國唯一科技輔助外語教育全英學程，並有完善英檢輔導與獎勵機制，協助學生通過專業證照考試。 2.小班菁英式教學，增設學習科技課群，具彈性修習跨領域學程專業課程(如：國中小教育學程、華語教學學程、外語經貿人才學程、外語導覽解說學程等)。 3.畢業前需完成國外留學交換或國內外實習一學期。 4.具師培中心師資生資格(國民小學教育學程或中小合流課程)，符合英語條件且修習雙語教學相關教育專業課程者，教程修畢後方得加註雙語次專長。 5.教育學程學分可認列本系畢業學分。
6.本學程網址：https://gflep.pu.edu.tw/。聯絡電話：04-26328001轉分機19251~2。"
01818,靜宜大學,智慧媒體與創新科技應用學士學位學程,第一類學群,4,18,1,18,0,底標,0,0,0,0,0,在校學業成績全校排名百分比,學測英文級分,學測國文、英文之級分總和,英語文學業成績總平均全校排名百分比,國語文學業成績總平均全校排名百分比,歷史學業成績總平均全校排名百分比,公民與社會學業成績總平均全校排名百分比,1、在校學業成績全校排名百分比 2、學測英文級分 3、學測國文、英文之級分總和 4、英語文學業成績總平均全校排名百分比 5、國語文學業成績總平均全校排名百分比 6、歷史學業成績總平均全校排名百分比 7、公民與社會學業成績總平均全校排名百分比,,,,,,,"1.中部地區唯一的傳播相關全英文授課學士學位學程。
2.獲教育部大專校院學生雙語化學習計畫-重點培育學院，採全英文授課，並配套有英語輔導及獎勵機制。
3.培育具媒體傳播專業之科技應用能力國際人才。
4.國際化為靜宜大學之特色，畢業前需國外留學交換或國內外實習一學期。
5.本學程網址：https://imita.pu.edu.tw/。聯絡電話：04-26328001轉分機19282。"
01819,靜宜大學,財務工程學系,第二類學群,19,8,1,8,0,0,0,底標,0,0,0,在校學業成績全校排名百分比,學測數學B級分,學測國文級分,國語文學業成績總平均全校排名百分比,數學學業成績總平均全校排名百分比,英語文學業成績總平均全校排名百分比,公民與社會學業成績總平均全校排名百分比,1、在校學業成績全校排名百分比 2、學測數學B級分 3、學測國文級分 4、國語文學業成績總平均全校排名百分比 5、數學學業成績總平均全校排名百分比 6、英語文學業成績總平均全校排名百分比 7、公民與社會學業成績總平均全校排名百分比,,,,,,,"數位金融是目前金融業的重點發展方向。本系主要培育數位金融所需的金融+科技雙專業人才。
1.本系亮點：(1)課程設計涵蓋金融+資訊雙專業。(2)每年提供豐富產學合作、長/短企業實習機會，畢業即為數位金融熱門人才。(3)企業主動徵才情況熱烈，薪資前景優渥。
2.規劃就業模組，輔導學生取得金融證照及資訊證照雙專業，並提供數位金融相關企業實習機會，畢業即就業。
3.Facebook粉絲頁「靜宜大學財務工程學系」；YouTube「靜宜大學財工系」。
4.本系網址：https://fe.pu.edu.tw。聯絡電話：04-26328001轉分機15011。"
01820,靜宜大學,應用化學系,第二類學群,18,8,1,8,底標,0,0,0,0,底標,0,在校學業成績全校排名百分比,學測自然級分,化學學業成績總平均全校排名百分比,英語文學業成績總平均全校排名百分比,數學學業成績總平均全校排名百分比,學測國文級分,國語文學業成績總平均全校排名百分比,1、在校學業成績全校排名百分比 2、學測自然級分 3、化學學業成績總平均全校排名百分比 4、英語文學業成績總平均全校排名百分比 5、數學學業成績總平均全校排名百分比 6、學測國文級分 7、國語文學業成績總平均全校排名百分比,,,,,,,"1.本系以永續概念與技術為理念，兼顧基礎知識、實作及應用，以學生具備堅實化學能力及跨域應用為主要特色。
2.化學應用極廣，課程參考產業趨勢適時調整，因應傳統產業升級與高科技產業發展需求，提高職場競爭力。
3.注重學用合一，培育學生畢業即就業就好業，領域遍佈高科技、生物科技及傳統產業，就業相關度高達九成。
4.擁有完善並合乎安全法規的學習環境，完善儀器設備涵蓋產學界常用必備及高階儀器，每位學生均能實際操作。
5.多方面提供探究實作資源且朝跨領域自由探索。提供產學合授及實習機會，創造就業及深造的優良培育環境。
6.本系網址：https://chem.pu.edu.tw/。聯絡電話：04-26328001轉分機15022。"
01821,靜宜大學,化粧品科學系,第二類學群,20,8,1,8,底標,0,0,0,0,0,0,在校學業成績全校排名百分比,學測英文級分,學測國文級分,化學學業成績總平均全校排名百分比,生物學業成績總平均全校排名百分比,學測自然級分,數學學業成績總平均全校排名百分比,1、在校學業成績全校排名百分比 2、學測英文級分 3、學測國文級分 4、化學學業成績總平均全校排名百分比 5、生物學業成績總平均全校排名百分比 6、學測自然級分 7、數學學業成績總平均全校排名百分比,,,,,,,"1.本系為全國首創化粧品科技教育之學系，以培養具化粧品科學知識之「化粧品研究發展」、「化粧品生產與檢驗分析」及「化粧品應用與經營管理」專業人才為宗旨。 2.本系擁有經過GMP/ISO 22716:2007認證之化粧品實習示範工廠及完備的專業實習/實驗教室，提供優質學習環境，紮根實務操作能力，並鏈結化粧品相關國際學術組織及國內外化粧品產業，密切交流合作，增益學生國際視野與產業應用能力。 3.畢業生具有取得「化粧品專業技術人員」及「化粧品安全資料簽署人員」之資格，專業能力倍受肯定，創造職涯發展的有利條件。
4.本系網址：https://cosm.pu.edu.tw/。聯絡電話：04-26328001轉分機15041。"
01822,靜宜大學,永續環境與智慧科技學士學位學程,第二類學群,3,8,1,8,底標,0,0,0,0,0,0,在校學業成績全校排名百分比,學測自然級分,英語文學業成績總平均全校排名百分比,數學學業成績總平均全校排名百分比,學測國文級分,國語文學業成績總平均全校排名百分比,學測國文、自然之級分總和,1、在校學業成績全校排名百分比 2、學測自然級分 3、英語文學業成績總平均全校排名百分比 4、數學學業成績總平均全校排名百分比 5、學測國文級分 6、國語文學業成績總平均全校排名百分比 7、學測國文、自然之級分總和,,,,,,,"1.培育「淨零永續、循環經濟」產業需求之人才。
2.注重「理論與實務結合」，提供專業教學以及實習供學生實務操作。
3.與企業密切合作，提供學生知識與應用的連結環境，創造畢業生職涯發展有利條件。
4.畢業生取得「溫室氣體盤查」、「碳足跡查證」以及「碳管理師」之資格。
5.本學程網址：https://sest.pu.edu.tw/。聯絡電話：04-26328001轉分機15002。"
01823,靜宜大學,資訊工程學系,第二類學群,30,8,3,8,0,0,0,底標,0,0,0,在校學業成績全校排名百分比,學測數學B級分,學測英文級分,學測自然級分,學測國文級分,數學學業成績總平均全校排名百分比,英語文學業成績總平均全校排名百分比,1、在校學業成績全校排名百分比 2、學測數學B級分 3、學測英文級分 4、學測自然級分 5、學測國文級分 6、數學學業成績總平均全校排名百分比 7、英語文學業成績總平均全校排名百分比,,,,,,,"1.本系發展：人工智慧、數位晶片系統設計、智慧機械、物聯網、大數據分析、網路與雲端技術、手機APP開發、生物資訊、高速平行運算、多媒體影像處理及資訊安全等。以培養科學園區所需高科技高薪人才為目標。
2.本系通過工程及科技教育認證，與國際接軌，畢業學位受先進國家多國認可，畢業生可申請公約國家公職或專業工程師執照的學歷資格。
3.多元學習：CEO未來培育、主顧創客吧、程式培力基地、行雲者研發基地、極客魂等學生學習團體。
4.本系網址：https://csie.pu.edu.tw/。聯絡電話：04-26328001轉分機18021~2。"
01824,靜宜大學,人工智慧應用學系,第二類學群,20,8,2,8,0,0,底標,底標,0,0,0,在校學業成績全校排名百分比,數學學業成績總平均全校排名百分比,學測國文、英文之級分總和,學測國文級分,國語文學業成績總平均全校排名百分比,學測英文級分,英語文學業成績總平均全校排名百分比,1、在校學業成績全校排名百分比 2、數學學業成績總平均全校排名百分比 3、學測國文、英文之級分總和 4、學測國文級分 5、國語文學業成績總平均全校排名百分比 6、學測英文級分 7、英語文學業成績總平均全校排名百分比,,,,,,,"1.檢定數學A(底標)或數學B(底標)均可，考生具備其中一科即可。 2.本系主要培育人工智慧能力之資通訊技術與應用人才，以人工智慧應用、多媒體及新興技術與應用為發展主軸，包括智慧互動、遊戲技術、多媒體應用、元宇宙互動科技、創新應用等資訊領域。課程設計為理論與實務並重，發展學生潛能與團隊合作能力，提供產業實習機會，接軌就業市場。 3.本系通過IEET工程認證，學位獲得國際上各大學承認，學生畢業可續往國外深造留學，同時學校提供411遊留學方案，在學期間出國交換免煩惱。
4.本系網址：https://aai.pu.edu.tw。聯絡電話：04-26328001轉分機18031~4。"
01825,靜宜大學,晶片設計學士學位學程,第二類學群,12,8,1,8,0,0,底標,0,0,0,0,在校學業成績全校排名百分比,學測數學A級分,學測英文級分,學測自然級分,學測國文級分,數學學業成績總平均全校排名百分比,英語文學業成績總平均全校排名百分比,1、在校學業成績全校排名百分比 2、學測數學A級分 3、學測英文級分 4、學測自然級分 5、學測國文級分 6、數學學業成績總平均全校排名百分比 7、英語文學業成績總平均全校排名百分比,,,,,,,"1.本學程發展：數位晶片系統設計、超大型積體電路設計、人工智慧、智慧機械、物聯網、大數據分析、網路與雲端技術、生物資訊、高速平行運算、嵌入式系統及資訊安全等，以培育科學園區的IC設計與半導體人才。
2.本學程與竹科IC設計產業結合，及多家晶片設計與半導體公司簽訂產學合作實習合約，培養學生IC設計實務能力。
3.多元學習：CEO未來培育、主顧創客吧、程式培力基地、行雲者研發基地、極客魂等學生學習團體。
4.本學程網址：https://icd.pu.edu.tw/。聯絡電話：04-26328001轉分機18024。"
01826,靜宜大學,資料科學暨大數據分析與應用學系,第二類學群,12,8,1,8,0,0,0,底標,0,0,0,在校學業成績全校排名百分比,學測數學B級分,學測國文級分,數學學業成績總平均全校排名百分比,國語文學業成績總平均全校排名百分比,學測英文級分,英語文學業成績總平均全校排名百分比,1、在校學業成績全校排名百分比 2、學測數學B級分 3、學測國文級分 4、數學學業成績總平均全校排名百分比 5、國語文學業成績總平均全校排名百分比 6、學測英文級分 7、英語文學業成績總平均全校排名百分比,,,,,,,"1.以培育資料科學(大數據)與人工智慧人才為目標。 2.以數理涵養為根基，輔以人工智慧與大數據的技能訓練，將所學應用在實務領域(FinTech金融科技、智慧醫療、智慧製造大數據、物聯網、生成式AI應用(如RAG等))，培育理論與實務兼備人才。 3.開設「資料科學實務」、「人工智慧深度學習」及「FinTech金融科技」專業學程，使學生適性發展，開拓學習觸角與就業廣度。 4.藉由勞動部產業人才培訓計畫，達成畢業即就業。 5.10大熱門職缺培養7種 (https://reurl.cc/5RZLn7)。
6.本系網址：https://ds.pu.edu.tw/。聯絡電話：04-26328001轉分機18051~3。"
01827,靜宜大學,食品營養學系,第三類學群,16,1,1,1,0,0,0,0,0,底標,0,在校學業成績全校排名百分比,學測自然級分,學測國文級分,學測英文級分,化學學業成績總平均全校排名百分比,國語文學業成績總平均全校排名百分比,英語文學業成績總平均全校排名百分比,1、在校學業成績全校排名百分比 2、學測自然級分 3、學測國文級分 4、學測英文級分 5、化學學業成績總平均全校排名百分比 6、國語文學業成績總平均全校排名百分比 7、英語文學業成績總平均全校排名百分比,,,,,,,"1.本系涵蓋食品與營養專業領域，以具備營養師及食品技師相關職能為人才培育重點。 2.結合專業理論與實務，對焦食品營養產業各類人才需求，強調「做中學」、「學中做」之專題式學習。 3.擁有星級溯源餐廳、營養諮詢室、食品創新加工廠與實驗動物中心等完備的空間及先進的儀器設備，提供學生絕佳的專業學習環境。 4.學生未來可擔任營養師從事社區營養、醫療機構、生技保健產業、營養諮詢等工作，亦可擔任食品技師從事食品與生技產品研發與品保、食品分析檢驗、食品衛生行政等產官學相關專業工作。
5.本系網址：https://fn.pu.edu.tw/。聯絡電話：04-26328001轉分機15031~4。"
01901,大同大學,事業與資訊經營學系,第一類學群,20,3,1,3,0,0,底標,底標,0,0,0,在校學業成績全校排名百分比,學測國文、英文之級分總和,學測國文級分,學測英文級分,國語文學業成績總平均全校排名百分比,英語文學業成績總平均全校排名百分比,數學學業成績總平均全校排名百分比,1、在校學業成績全校排名百分比 2、學測國文、英文之級分總和 3、學測國文級分 4、學測英文級分 5、國語文學業成績總平均全校排名百分比 6、英語文學業成績總平均全校排名百分比 7、數學學業成績總平均全校排名百分比,,,,,,,本系提供商業與資訊跨領域學習環境，並以商業數位化為教學研究重點，目標在培養符合業界需求，具備實現智慧商務、數位服務與創新商業模式之專業人才。本系教學規劃如下：培養低年級學生具備商管知識與資訊技能，並提供高年級學生專業學程：AI與大數據、企業數位化、數位行銷、經營管理。本校位處臺北市中心，緊鄰雙捷運站，工商、銀行總部林立，本系鼓勵學生至業界實習，累積經驗，印證所學。歡迎對商業數位化有興趣且願意跨領域學習者加入。
01902,大同大學,數位媒體設計學系,第一類學群,15,3,1,3,0,後標,0,0,0,0,0,在校學業成績全校排名百分比,學測國文、英文之級分總和,學測英文級分,學測國文級分,英語文學業成績總平均全校排名百分比,國語文學業成績總平均全校排名百分比,數學學業成績總平均全校排名百分比,1、在校學業成績全校排名百分比 2、學測國文、英文之級分總和 3、學測英文級分 4、學測國文級分 5、英語文學業成績總平均全校排名百分比 6、國語文學業成績總平均全校排名百分比 7、數學學業成績總平均全校排名百分比,,,,,,,本校獲評為亞太區前10名、全球前20名之設計學校，位於臺北市藝文及設計精華地段，交通便利，人文薈萃。本系旨在培養具國際化、宏觀創意及美學與科技跨域的互動設計與遊戲設計人才。課程主軸為數位互動媒體設計，包含介面設計(UI)、使用者經驗(UX)、互動媒體技術、3D動畫、虛擬實境/擴增實境、遊戲美學、遊戲機制、2D/3D遊戲開發等專業課程。廣邀實務經驗豐富之業師共同授課，建立產學交流平台與媒合機會，培養符合產業需求的競爭力。鼓勵學生參與國內外展演與設計競賽，提供多國交換及碩士雙聯學位的跨國學習管道及獎學金補助，以提升學生的國際觀及競爭優勢，培育具備設計創新應用、跨域整合、全球視野及具社會觀懷的設計菁英與領導人才。
01903,大同大學,應用外語學系,第一類學群,7,3,1,3,0,後標,0,0,0,0,0,在校學業成績全校排名百分比,英語文學業成績總平均全校排名百分比,國語文學業成績總平均全校排名百分比,學測英文級分,學測國文級分,學測社會級分,歷史學業成績總平均全校排名百分比,1、在校學業成績全校排名百分比 2、英語文學業成績總平均全校排名百分比 3、國語文學業成績總平均全校排名百分比 4、學測英文級分 5、學測國文級分 6、學測社會級分 7、歷史學業成績總平均全校排名百分比,,,,,,,1.培養學生成為1+1+2 (英+日語雙必修+2個專業學程)的跨領域外語專才。2.專業課程分為「商用專業外語」、「翻譯實務」、「外語教學」、「科技跨領域」四大領域，並可跨院系修習「國際經營」、「人工智慧」、「企業電子化」、「大數據」、「物聯網」、「人工智慧商管應用」等專業學程。3.本系與英國密德薩斯大學簽訂3+1.5(學士+商學碩士)雙聯學位與澳洲昆士蘭科技大學簽訂3+2(學士+商學碩士)雙聯學位。4.本系與日本秋田縣橫手市政府簽定國際產官學合作，提供海外實習機會。5.積極鼓勵學生參與國際交流，並提供國際交換生及多元學習機會。6.位於臺北市精華地段，鄰近臺北車站與捷運站。
01904,大同大學,機械與材料工程學系,第二類學群,15,5,1,5,0,0,後標,後標,0,0,0,在校學業成績全校排名百分比,學測自然級分,學測英文級分,學測國文級分,數學學業成績總平均全校排名百分比,物理學業成績總平均全校排名百分比,化學學業成績總平均全校排名百分比,1、在校學業成績全校排名百分比 2、學測自然級分 3、學測英文級分 4、學測國文級分 5、數學學業成績總平均全校排名百分比 6、物理學業成績總平均全校排名百分比 7、化學學業成績總平均全校排名百分比,,,,,,,1.本系融合機械工程與材料科學，以智慧製造作為平台，傳授學生材料基礎知識及系統整合概念，培養機械與材料兼備人才。2.系上教學強調以實務驗證理論，重視動手實作，並設有夢工廠鼓勵同學實現造物夢想，以實作能力提升就業競爭力。3.強調知識融合，在課程中融合機械系統與材料性質等不同觀點，培養學生利用材料微觀性質以滿足巨觀機器性能的多尺度思維模式。4.本系畢業生就業競爭力深受業界肯定，學生畢業後可從事半導體、材料檢定、能源、熱處理、散熱、電動車、工具機及自動化等相關產業，就業前景良好。
01905,大同大學,電機工程學系,第二類學群,21,5,1,5,後標,後標,後標,0,0,0,0,在校學業成績全校排名百分比,學測數學A級分,學測英文級分,學測自然級分,數學學業成績總平均全校排名百分比,英語文學業成績總平均全校排名百分比,國語文學業成績總平均全校排名百分比,1、在校學業成績全校排名百分比 2、學測數學A級分 3、學測英文級分 4、學測自然級分 5、數學學業成績總平均全校排名百分比 6、英語文學業成績總平均全校排名百分比 7、國語文學業成績總平均全校排名百分比,,,,,,,本系通過IEET工程教育認證，學歷為世界各國採認。課程涵蓋：控制與機器人、電力能源、資通訊、電腦與網路、系統整合、積體電路設計、通訊系統、訊號處理、天線與微波工程、光電半導體等領域。本系教學注重理論與實務並行，畢業生進修或就業極具競爭力。本校與歐美日韓等國名校簽訂交換學生機制，除本校補助經費外，本系亦提供獎助。學生畢業後可從事電力能源、電腦工程、機器人、智慧家庭、智慧電網、無人載具、半導體、行動通訊、IC設計、AI人工智慧、物聯網、大數據及雲端運算等行業。本系提供多項獎助學金，詳見http://ee.ttu.edu.tw。本校近臺北車站，緊鄰捷運圓山、民權西路、中山國小等站。學生宿舍價廉質優，中、南、東部學生優先住宿。
01906,大同大學,工業設計學系,第二類學群,14,5,1,5,0,後標,底標,底標,0,0,0,在校學業成績全校排名百分比,學測國文、英文之級分總和,學測英文級分,學測國文級分,英語文學業成績總平均全校排名百分比,國語文學業成績總平均全校排名百分比,數學學業成績總平均全校排名百分比,1、在校學業成績全校排名百分比 2、學測國文、英文之級分總和 3、學測英文級分 4、學測國文級分 5、英語文學業成績總平均全校排名百分比 6、國語文學業成績總平均全校排名百分比 7、數學學業成績總平均全校排名百分比,,,,,,,本校位於臺北市人文薈萃地段，緊鄰北美館與花博園區，擁有培養美學素養的最佳環境，具有悠久的歷史，為臺灣第一個設計專業教育並獲評為亞太區前10名設計學校。擁有臺灣最早成立的自造者工坊，提升學生設計實務與整合能力。教育目標在於培養具備創造力、邏輯思考能力及美學素養的跨領域設計開發人才。教學特色為：1.理論與實務並重。2.國際交流機會多。3.小組教學。4.多元學習領域。5.配合業界發展之職能訓練。
01907,大同大學,資訊工程學系,第二類學群,21,5,1,5,0,0,後標,後標,0,0,0,在校學業成績全校排名百分比,數學學業成績總平均全校排名百分比,學測英文級分,學測國文級分,英語文學業成績總平均全校排名百分比,國語文學業成績總平均全校排名百分比,公民與社會學業成績總平均全校排名百分比,1、在校學業成績全校排名百分比 2、數學學業成績總平均全校排名百分比 3、學測英文級分 4、學測國文級分 5、英語文學業成績總平均全校排名百分比 6、國語文學業成績總平均全校排名百分比 7、公民與社會學業成績總平均全校排名百分比,,,,,,,1.本系教學特色為理論與實務並行，基礎與專業並重，重視動手做的能力，重點領域包含人工智慧、物聯網與資訊安全等。2.配合資訊工業的發展(例如：資訊安全、物聯網、人工智慧等)，規劃開設相關專業課程，學生可依個人興趣選擇所欲修習的專業學門，增強資訊專業技能。3.著重實驗課程，培養學生理論與實務整合能力。4.本系教學目標在培育學生成為具有硬體電路設計知識、軟體程式開發能力，並通曉人工智慧、物聯網與資訊安全的專業人士。
01908,大同大學,工程學院學士班,第二類學群,8,5,1,5,0,0,後標,後標,0,0,0,在校學業成績全校排名百分比,學測英文級分,學測自然級分,數學學業成績總平均全校排名百分比,英語文學業成績總平均全校排名百分比,物理學業成績總平均全校排名百分比,國語文學業成績總平均全校排名百分比,1、在校學業成績全校排名百分比 2、學測英文級分 3、學測自然級分 4、數學學業成績總平均全校排名百分比 5、英語文學業成績總平均全校排名百分比 6、物理學業成績總平均全校排名百分比 7、國語文學業成績總平均全校排名百分比,,,,,,,本班課程強調理論與實務並重，於大一屬工程學院不分組，課程規畫可依興趣與能力進行多元探索，大二可彈性選擇工程學院任一學系領域（機械與材料工程學系，化學工程與生物科技學系、電機工程學系、資訊工程學系）為核心專長，提供學生自主與跨域整合的實務學習，國內外產業實習機會與國際交流，並提供獎助學金申請，強化同學的就業競爭力。各領域相關資訊可透過本班網頁連結參考。
01909,大同大學,化學工程與生物科技學系,第三類學群,15,1,1,1,0,後標,底標,底標,0,0,0,在校學業成績全校排名百分比,學測自然級分,學測英文級分,學測國文級分,生物學業成績總平均全校排名百分比,化學學業成績總平均全校排名百分比,英語文學業成績總平均全校排名百分比,1、在校學業成績全校排名百分比 2、學測自然級分 3、學測英文級分 4、學測國文級分 5、生物學業成績總平均全校排名百分比 6、化學學業成績總平均全校排名百分比 7、英語文學業成績總平均全校排名百分比,,,,,,,本系擬招收第二及第三類組同學，有志於學習化學工程與生物科技相關知識之學生。通過IEET工程及科技教育認證，強調實務實作及跨領域學習，培育學生成為優秀工程師與產業將帥。課程規劃分成二組(1)化學工程組：新興產業如半導體製程、光電高分子、生物材料及能源技術等，均牽涉許多化工相關知識。有志成為高科技產業之工程師，對化學與數理有興趣者，將是本組招生對象。(2)生物科技組：涵蓋生命、生化、植物科技、化工、醫學、藥物、食品、醫材與生醫工程等領域，有志成為生物技術及生技產業的科學家、工程師之佼佼人才，將是本組招生對象。
02001,輔仁大學,中國文學系,第一類學群,18,35,2,14,後標,0,0,0,0,0,0,在校學業成績全校排名百分比,學測國文級分,學測社會級分,國語文學業成績總平均全校排名百分比,歷史學業成績總平均全校排名百分比,學測國文、英文、社會之級分總和,學測英文級分,1、在校學業成績全校排名百分比 2、學測國文級分 3、學測社會級分 4、國語文學業成績總平均全校排名百分比 5、歷史學業成績總平均全校排名百分比 6、學測國文、英文、社會之級分總和 7、學測英文級分,,,,,,,"1.本系網址：https://chinese.fju.edu.tw/zh/ ；聯絡電話：02-2905-3297．2905-2323
2.輔仁大學擁有12個學院，學習資源在公私立大學中數一數二。本系具備學、碩、博士班完整學制，除傳統國學、現代文學之外，同時留心時代脈動，以通古變今、轉化創新為核心教學理念，配合「應用中文學分學程」、「跨界敘事人文力微學程」及「華語教學能力認證課程」，積極推動產業人文、企業實習（含境外實習），進而培育科技人文、新創人文、媒體人文等跨領域應用中文人才。不僅強化學生於傳統就業市場的競爭力，更拓展跨世代、跨學科的全幅視野與應用能力。"
02002,輔仁大學,歷史學系,第一類學群,11,35,1,14,0,0,0,0,底標,0,0,在校學業成績全校排名百分比,歷史學業成績總平均全校排名百分比,學測社會級分,學測國文、社會之級分總和,學測國文級分,國語文學業成績總平均全校排名百分比,學測英文級分,1、在校學業成績全校排名百分比 2、歷史學業成績總平均全校排名百分比 3、學測社會級分 4、學測國文、社會之級分總和 5、學測國文級分 6、國語文學業成績總平均全校排名百分比 7、學測英文級分,,,,,,,本校為綜合性大學，學院科系完整，可跨域多元選修輔系、雙主修及學分學程，國際姊妹校資源豐富、提供眾多國外交換名額。校區捷運、公車可直達，交通便利。課程設計著重史學基本訓練，並兼顧應用與實作，每年舉辦「應用史學工作坊」、「史園文創獎」、「世界史學術座談會」、「世界史研習營」及「文化交流史國際學術研討會」等活動，培養學生史學專業素養與實作能力。就學期間校、系提供豐富獎學金資源，並有中/小學教育學程及五年連續修讀學/碩士學位等學習方案，歡迎有志於歷史教學、研究、文史工作、出版、傳播、文創及多媒體內容相關產業的同學前來就讀。本系網址：http://www.history.fju.edu.tw
02003,輔仁大學,哲學系,第一類學群,8,35,1,14,底標,0,0,0,0,0,0,在校學業成績全校排名百分比,學測國文級分,學測英文級分,學測社會級分,學測國文、英文、社會之級分總和,國語文學業成績總平均全校排名百分比,英語文學業成績總平均全校排名百分比,1、在校學業成績全校排名百分比 2、學測國文級分 3、學測英文級分 4、學測社會級分 5、學測國文、英文、社會之級分總和 6、國語文學業成績總平均全校排名百分比 7、英語文學業成績總平均全校排名百分比,,,,,,,本系具備學、碩、博完整學制，甄選對哲學有興趣的高中生，期待為社會培育哲學研究人才，著重中西傳統經典哲學思想認識與邏輯思維能力訓練。鼓勵多元學習及在學期間申請雙主修、輔系、學程等學涯進修，也配合哲學諮商學程開設相關課程，並有五年連續修讀學、碩士學位修業辦法。1.連絡電話:02-2905-2327，2.本系網址:https://www.philosophy.fju.edu.tw
02004,輔仁大學,人文與社區創新學士學位學程,第一類學群,4,35,0,0,0,0,0,0,底標,0,0,在校學業成績全校排名百分比,學測社會級分,學測國文級分,公民與社會學業成績總平均全校排名百分比,學測英文級分,生活科技學業成績總平均全校排名百分比,國語文學業成績總平均全校排名百分比,1、在校學業成績全校排名百分比 2、學測社會級分 3、學測國文級分 4、公民與社會學業成績總平均全校排名百分比 5、學測英文級分 6、生活科技學業成績總平均全校排名百分比 7、國語文學業成績總平均全校排名百分比,,,,,,,"本學程以自我實踐、社區創新、跨域連結及學用合一為目標，培養以下文化創新與創業之能力：1.以人文核心學科為基礎，培養扎實的人文素養及自我思辨之反應能力；2.透過跨領域課程學習機制及人文創新課程，培養組織團隊與整合作業之能力；3.以社區為實踐場域，在參與操作中不斷自我提昇，培養具備未來觀與寬廣視野之建構能力。期使學生成為人文學科與社會發展的實踐者。
※聯絡電話：02-2905-6718 / 學程網址：https://hci.ourpower.com.tw"
02005,輔仁大學,景觀設計學系,第一類學群,8,35,0,0,後標,後標,0,0,0,0,0,在校學業成績全校排名百分比,學測國文、英文之級分總和,學測英文級分,學測國文級分,公民與社會學業成績總平均全校排名百分比,歷史學業成績總平均全校排名百分比,地理學業成績總平均全校排名百分比,1、在校學業成績全校排名百分比 2、學測國文、英文之級分總和 3、學測英文級分 4、學測國文級分 5、公民與社會學業成績總平均全校排名百分比 6、歷史學業成績總平均全校排名百分比 7、地理學業成績總平均全校排名百分比,,,,,,,"1.本系歡迎具藝術才華，關心環境生態，對空間及文化有濃厚興趣，並具備獨立思考與創作能力之學生申請。
2.本系設有景觀設計學系系友獎學金及輔仁大學各類獎助學金，學士班學生皆可申請，歡迎報考。
3.聯絡電話：02-2905-2391，本系網址：https://www.landscape.fju.edu.tw/zh/"
02006,輔仁大學,影像傳播學系,第一類學群,11,35,0,0,均標,0,0,0,均標,0,0,在校學業成績全校排名百分比,學測國文、社會之級分總和,學測社會級分,學測國文級分,公民與社會學業成績總平均全校排名百分比,國語文學業成績總平均全校排名百分比,英語文學業成績總平均全校排名百分比,1、在校學業成績全校排名百分比 2、學測國文、社會之級分總和 3、學測社會級分 4、學測國文級分 5、公民與社會學業成績總平均全校排名百分比 6、國語文學業成績總平均全校排名百分比 7、英語文學業成績總平均全校排名百分比,,,,,,,"1.本系師資包含美英台博士和業界資深工作者，提供豐富的理論知識與實務經驗，希望培養學生成為具備媒體專業知識與實務操作的影視音創作人才。課程在人文與藝術基礎上，涵蓋MV/劇情片/紀錄片創作、導演實務、攝影、聲音訓練、影音節目製作、後製剪輯、影展實務、戲劇表演、動畫設計與新媒體藝術等。
2.在學期間可至全球440多所姊妹校交換，增進國際視野，或至本校12學院科系修讀輔系雙主修培養第二專長，增進就業競爭力。畢業後可從事導演、編劇、攝影、後製剪輯、影視節目企劃行銷、影展策畫執行、多媒體設計師與劇場工作。相關資訊請見本系網站: http://www.commarts.fju.edu.tw/。本系連絡電話:02-2905-3287。"
02007,輔仁大學,新聞傳播學系,第一類學群,9,35,1,14,均標,0,0,0,均標,0,0,在校學業成績全校排名百分比,學測國文、英文、社會之級分總和,學測國文級分,學測英文級分,學測社會級分,國語文學業成績總平均全校排名百分比,英語文學業成績總平均全校排名百分比,1、在校學業成績全校排名百分比 2、學測國文、英文、社會之級分總和 3、學測國文級分 4、學測英文級分 5、學測社會級分 6、國語文學業成績總平均全校排名百分比 7、英語文學業成績總平均全校排名百分比,,,,,,,輔大新聞傳播學系培養能夠發掘關鍵議題、採集可信資料、講述動人故事、研發新創媒體的人才。課程在人文與科技基礎上，著重選題與企劃、採訪與查證、寫作與敘事、編輯與策展、創新與創業，幫助學生增進新聞專業能力、蓄積跨界發展潛力。畢業系友大約半數在新聞業界和學界施展抱負，半數跨入公關、企業、科技、教育、公益、政治等領域活用傳播專長。本系師資包括美英日台博士和傑出媒體人，教學媒體涵蓋報刊、網站、電視、廣播，學生可選修全校12學院的輔系和雙學位，還可到全球440多所姊妹校交流。詳見本系網站：http://jcs.tw。
02008,輔仁大學,廣告傳播學系,第一類學群,9,35,0,0,0,均標,0,0,0,0,0,在校學業成績全校排名百分比,學測國文、英文、數學B之級分總和,學測英文級分,學測數學B級分,學測國文級分,英語文學業成績總平均全校排名百分比,數學學業成績總平均全校排名百分比,1、在校學業成績全校排名百分比 2、學測國文、英文、數學B之級分總和 3、學測英文級分 4、學測數學B級分 5、學測國文級分 6、英語文學業成績總平均全校排名百分比 7、數學學業成績總平均全校排名百分比,,,,,,,"本系以培養廣告企劃、公關企劃、數位企劃人才為目標。學生應具備良好之中、英文口語溝通、文字書寫能力。課程理論與實務兼具，包括:策略分析、創意原理、數位媒體企劃、整合行銷傳播、行銷科技與大數據分析等。就業市場廣泛，如：廣告公司、數位媒體公司、公關公司、各企業之行銷部門等。本系師資包含：臺、美博士級業界高階主管。我們提供學生海內外實習、參與國際/全國競賽機會，訓練學生實作能力。
學生可選修全校12個學院的輔系、雙學位及專業學程，培養第二專長。
學生在學期間還可以申請到全球440多所姊妹校交換、拓展國際視野，相關資訊請見系網站。"
02009,輔仁大學,圖書資訊學系,第一類學群,8,35,0,0,底標,0,0,0,0,0,0,在校學業成績全校排名百分比,學測國文、英文、數學B之級分總和,學測英文級分,學測國文級分,學測數學B級分,英語文學業成績總平均全校排名百分比,國語文學業成績總平均全校排名百分比,1、在校學業成績全校排名百分比 2、學測國文、英文、數學B之級分總和 3、學測英文級分 4、學測國文級分 5、學測數學B級分 6、英語文學業成績總平均全校排名百分比 7、國語文學業成績總平均全校排名百分比,,,,,,,"1.本系致力於培養 AI 時代的圖資專業人才，強調人文素養、數據思維與人工智慧應用的整合能力。課程設計兼具理論與實務，由多元且經驗豐富的師資群授課，緊扣數位轉型與時代潮流。畢業生未來出路廣闊，涵蓋公職、資訊產業、圖書館、出版業與外商公司等多元領域，發展前景穩定並具高度競爭力。系上同時提供多項獎學金與助學金，協助學生專注學習、勇敢追夢，並持續吸引與培育優秀人才。
2.本系網址：http://web.lins.fju.edu.tw、聯絡電話：02-2905-2334。
3.本系115學年度入學畢業規定，請見本系網站公佈。"
02010,輔仁大學,教育領導與科技發展學士學位學程,第一類學群,5,35,0,0,均標,後標,0,0,0,0,0,在校學業成績全校排名百分比,學測國文、英文之級分總和,學測英文級分,學測國文級分,學測社會級分,英語文學業成績總平均全校排名百分比,國語文學業成績總平均全校排名百分比,1、在校學業成績全校排名百分比 2、學測國文、英文之級分總和 3、學測英文級分 4、學測國文級分 5、學測社會級分 6、英語文學業成績總平均全校排名百分比 7、國語文學業成績總平均全校排名百分比,,,,,,,"1.本學程以培養具備教育信念、領導管理與科技知能之人才為宗旨，藉由校內外專業師資、跨領域及全人課程、學生自治活動等，訓練「系統性思考」與「問題解決能力」，強化職場競爭力。歡迎有興趣的同學報考，一起加入領科大家庭！【成就夢想，從領開始】(學程網站：https://www.eltd.fju.edu.tw/chi/)
2.如有任何問題，歡迎與我們聯繫，連絡電話：02-2905-6703"
02011,輔仁大學,體育學系體育學組,第一類學群,1,35,0,0,底標,底標,0,0,0,0,0,在校學業成績全校排名百分比,學測英文級分,學測國文級分,英語文學業成績總平均全校排名百分比,國語文學業成績總平均全校排名百分比,生物學業成績總平均全校排名百分比,資訊科技學業成績總平均全校排名百分比,1、在校學業成績全校排名百分比 2、學測英文級分 3、學測國文級分 4、英語文學業成績總平均全校排名百分比 5、國語文學業成績總平均全校排名百分比 6、生物學業成績總平均全校排名百分比 7、資訊科技學業成績總平均全校排名百分比,,,,,,,"特色與優勢：本系師資陣容堅強，擁有豐富的教學與研究經驗。此外，本系設有完善的運動科學實驗室、運動轉播資訊團隊，提供學生進行研究與實習的平台。
畢業出路：畢業生可從事體育教師、運動教練/指導員、運動科學研究員/推廣人員、體育行政人員、運動轉播專業人員等工作。
獎助學金：本校設有眾多獎學金及獎助學金，提供給成績優異或具特殊才能的學生。
本系相關資訊請至https://www.phed.fju.edu.tw/查閱，歡迎對體育運動充滿熱情的同學加入！"
02012,輔仁大學,體育學系運動健康管理組,第一類學群,1,35,0,0,底標,底標,0,0,0,0,0,在校學業成績全校排名百分比,學測英文級分,學測國文級分,英語文學業成績總平均全校排名百分比,國語文學業成績總平均全校排名百分比,生物學業成績總平均全校排名百分比,資訊科技學業成績總平均全校排名百分比,1、在校學業成績全校排名百分比 2、學測英文級分 3、學測國文級分 4、英語文學業成績總平均全校排名百分比 5、國語文學業成績總平均全校排名百分比 6、生物學業成績總平均全校排名百分比 7、資訊科技學業成績總平均全校排名百分比,,,,,,,"特色與優勢：本組擁有堅強師資陣容，並與國內外運動產業、運動團隊、醫療機構建立密切合作關係，提供學生豐富的學習資源與實習機會。
畢業出路：畢業生可於健身中心、運動俱樂部、醫療機構、體育協會等單位，擔任運動教練、健康管理師、運動行銷企劃、運動場館經營、運動傷害防護員等職務。
獎助學金：本校設有眾多獎學金及獎助學金，提供給成績優異或具特殊才能的學生。
本系相關資訊請至https://www.phed.fju.edu.tw/查閱，歡迎對體育運動充滿熱情的同學加入！"
02013,輔仁大學,英國語文學系,第一類學群,9,35,1,14,均標,前標,0,0,0,0,0,在校學業成績全校排名百分比,學測英文級分,學測國文級分,學測國文、英文、社會之級分總和,學測社會級分,英語文學業成績總平均全校排名百分比,國語文學業成績總平均全校排名百分比,1、在校學業成績全校排名百分比 2、學測英文級分 3、學測國文級分 4、學測國文、英文、社會之級分總和 5、學測社會級分 6、英語文學業成績總平均全校排名百分比 7、國語文學業成績總平均全校排名百分比,,,,,,,"1.本系網址：http://english.fju.edu.tw
2.聯絡電話：02-2905-2561
3.畢業條件：(1)須於畢業前英檢通過CEFR B2 (高階級)，或其他程度相當之英語檢定標準；(2)學習成果展現
4.申請前請務必先行上網了解本系教育目標與課程規劃，以期同學未來的適才適性發展。"
02014,輔仁大學,法國語文學系,第一類學群,9,35,2,14,0,均標,0,0,0,0,0,在校學業成績全校排名百分比,學測國文、英文之級分總和,學測英文級分,學測國文級分,英語文學業成績總平均全校排名百分比,國語文學業成績總平均全校排名百分比,歷史學業成績總平均全校排名百分比,1、在校學業成績全校排名百分比 2、學測國文、英文之級分總和 3、學測英文級分 4、學測國文級分 5、英語文學業成績總平均全校排名百分比 6、國語文學業成績總平均全校排名百分比 7、歷史學業成績總平均全校排名百分比,,,,,,,1.全球法語人口超過3億；法國在文學文化藝術、精品時尚觀光、外交哲學、新創科技工程等領域享譽國際。2.課程多元化、學生來源國際化、重視學用合一、鼓勵跨領域學習。3.法籍教師教授說寫課程，選修課語言結合專業，培育學生學以致用。4.提供多所姊妹校交換機會，大二以上即可提出申請。5.實習機會多元，強化職場競爭力。6.系友於外交、商務、藝文、法/華語教學、新創科技、精品時尚等領域表現傑出。7.本系網址：https://fren.fju.edu.tw/；聯絡電話：02-2905-2587。
02015,輔仁大學,西班牙語文學系,第一類學群,9,35,2,14,0,均標,0,0,0,0,0,在校學業成績全校排名百分比,學測國文、英文之級分總和,學測英文級分,學測國文級分,英語文學業成績總平均全校排名百分比,國語文學業成績總平均全校排名百分比,歷史學業成績總平均全校排名百分比,1、在校學業成績全校排名百分比 2、學測國文、英文之級分總和 3、學測英文級分 4、學測國文級分 5、英語文學業成績總平均全校排名百分比 6、國語文學業成績總平均全校排名百分比 7、歷史學業成績總平均全校排名百分比,,,,,,,1.官網:http://www.span.fju.edu.tw，電話:02-2905-2591。2.語言與文化課程多元，皆從零基礎教起。口說課程多由外籍老師授課。3.課外活動豐富，首創西語戲劇展演比賽。開設服務學習與產業實習課程，鼓勵自主產業實習與跨域學習培養第二專長。4.高年級學生可甄選至西班牙一年修習學分或兩年雙聯學制完成學、碩士學位。5.提供學生申請「五年連續修讀學、碩士學位」計畫。6.校設多項獎學金與清寒助學金。7.西班牙文是僅次於中文的世界第二大語言，學會西班牙語即可與全球近5億人口交流，歡迎對西班牙語言及文化有興趣者加入，為自己贏得國際化與跨文化溝通的優勢。
02016,輔仁大學,日本語文學系,第一類學群,30,35,0,0,均標,0,0,0,0,0,0,在校學業成績全校排名百分比,學測英文級分,學測國文級分,英語文學業成績總平均全校排名百分比,國語文學業成績總平均全校排名百分比,歷史學業成績總平均全校排名百分比,公民與社會學業成績總平均全校排名百分比,1、在校學業成績全校排名百分比 2、學測英文級分 3、學測國文級分 4、英語文學業成績總平均全校排名百分比 5、國語文學業成績總平均全校排名百分比 6、歷史學業成績總平均全校排名百分比 7、公民與社會學業成績總平均全校排名百分比,,,,,,,"1.本系教育目標為培育具(1)日語聽說讀寫譯五技能(2)宏觀的日本學視野(3)知行合一的全人精神(4)國際觀等四項特質的日文專業人才。
2.三年級學生通過甄選者，可赴日本姊妹校修讀學分。
3.學生須符合以下三項條件之一始得畢業。(1)通過日語能力測驗（JLPT）N1。(2)通過日語能力測驗N2並取得跨領域學習10學分以上。(3)修滿跨領域學習之學分且成績及格。
4.本系網址：http://www.jp.fju.edu.tw"
02017,輔仁大學,義大利語文學系,第一類學群,8,35,2,14,0,後標,0,0,0,0,0,在校學業成績全校排名百分比,學測英文級分,學測國文級分,英語文學業成績總平均全校排名百分比,國語文學業成績總平均全校排名百分比,歷史學業成績總平均全校排名百分比,地理學業成績總平均全校排名百分比,1、在校學業成績全校排名百分比 2、學測英文級分 3、學測國文級分 4、英語文學業成績總平均全校排名百分比 5、國語文學業成績總平均全校排名百分比 6、歷史學業成績總平均全校排名百分比 7、地理學業成績總平均全校排名百分比,,,,,,,1.本系網址：www.italy.fju.edu.tw/　2.聯絡電話：02-2905-3760　3.為全台灣獨一無二設有義文系的學校，系上教師多為義籍，母語環境優異。姊妹校多達8所(陸續增加中)，二~四年級學生經甄選可赴姊妹校修學分，每學期有十多名義籍交換學生共同上課。歡迎對義語及文化、文學、觀光、藝術、政經及外交等具有濃厚興趣者加入。4.跨域工作坊、產學合作多，提供學生與企業、社會接軌。5.為義大利CILS官方義語檢定授權考試中心，需通過等同CEFR B1級(含)以上之義語檢定始得畢業。6.108課綱所強調的7門外語之一。7.國家公職考試重點外語之一。8.聯合國教科文組織UNESCO文化遺產最多的國家。
02018,輔仁大學,德語語文學系,第一類學群,9,35,2,14,後標,後標,0,0,0,0,0,在校學業成績全校排名百分比,學測國文、英文之級分總和,學測英文級分,學測國文級分,英語文學業成績總平均全校排名百分比,國語文學業成績總平均全校排名百分比,歷史學業成績總平均全校排名百分比,1、在校學業成績全校排名百分比 2、學測國文、英文之級分總和 3、學測英文級分 4、學測國文級分 5、英語文學業成績總平均全校排名百分比 6、國語文學業成績總平均全校排名百分比 7、歷史學業成績總平均全校排名百分比,,,,,,,1.聯絡電話：02-2905-2578。2.本系網址：http://www.de.fju.edu.tw/。3.德語與英語是姊妹語，語言學習上相輔相成，德語系同學可望在四年後掌握這兩種語言。4.共享本校十二個學院輔系、雙主修與跨域學程學習資源，本系學生跨領域學習風氣鼎盛，讀書氣氛濃厚，二年級學生通過甄選可於三年級赴德國大學進修一年，除了體驗德語區文化之外，還可精進德語能力。5.本系設有碩士班，三年級起可預修碩士班課程，經正式招生管道錄取碩士班後抵免學分，加速論文寫作，取得學、碩士學位。6.本校及本系提供多項獎學金與清寒獎助學金。
02019,輔仁大學,國際溝通與科技創新學士學位學程,第一類學群,4,35,0,0,均標,均標,0,0,均標,0,0,在校學業成績全校排名百分比,學測英文級分,學測國文級分,學測國文、英文、社會之級分總和,學測社會級分,英語文學業成績總平均全校排名百分比,國語文學業成績總平均全校排名百分比,1、在校學業成績全校排名百分比 2、學測英文級分 3、學測國文級分 4、學測國文、英文、社會之級分總和 5、學測社會級分 6、英語文學業成績總平均全校排名百分比 7、國語文學業成績總平均全校排名百分比,,,,,,,國際溝通不僅須透過外語，還可運用影音媒體、數據和AI。本學程運用外語學院豐富的軟硬體學習、結合英、法、西、日、義五系之優良教師，透過以下方法引導學生步入國際職場：1.培養三語能力與跨文化溝通技能；大數據分析、影音製作與AI應用等科技創新技能；2.由文創、商務、外交、國際醫療、財法翻譯、華語教學、AI應用等專業溝通領域選擇第二專長；3.透過導師、交換與雙聯學制、自主學習學分、實習與畢業專題，培育學生成為具有國際溝通力與終身學習力的跨域人才。【語組分組方式請見學程網站招生專區】本學程電話：02-2905-3307；Email：161279@mail.fju.edu.tw。網址：http://www.gcti.fju.edu.tw/
02020,輔仁大學,織品服裝學系織品設計組,第一類學群,4,35,0,0,0,後標,0,0,0,0,0,在校學業成績全校排名百分比,學測國文、英文之級分總和,學測英文級分,學測國文級分,英語文學業成績總平均全校排名百分比,國語文學業成績總平均全校排名百分比,生活科技學業成績總平均全校排名百分比,1、在校學業成績全校排名百分比 2、學測國文、英文之級分總和 3、學測英文級分 4、學測國文級分 5、英語文學業成績總平均全校排名百分比 6、國語文學業成績總平均全校排名百分比 7、生活科技學業成績總平均全校排名百分比,,,,,,,"1.為培育紡織與時尚產業人才規模與課程最完整科系，擁有國際化師資陣容及設備完善的教學大樓，與國外學校共教共學、交換師生，拓展國際學術交流。產業提供實習機會及獎學金，致力產學合作。鼓勵學生將設計美學與紡織專業技術整合，畢業生從事印染、梭織、針織或毛衣設計、流行分析、商品企劃及產品研發等，深受業界肯定。
2.課程包含理論及實作（操作針織機、梭織機及實驗課程等）。
3.官網：http://www.tc.fju.edu.tw、電話02-2905-2107、115學年度入學生畢業英檢規定詳見本系網站。"
02021,輔仁大學,織品服裝學系服飾設計組,第一類學群,4,35,0,0,0,後標,0,0,0,0,0,在校學業成績全校排名百分比,學測國文、英文之級分總和,學測英文級分,學測國文級分,英語文學業成績總平均全校排名百分比,國語文學業成績總平均全校排名百分比,生活科技學業成績總平均全校排名百分比,1、在校學業成績全校排名百分比 2、學測國文、英文之級分總和 3、學測英文級分 4、學測國文級分 5、英語文學業成績總平均全校排名百分比 6、國語文學業成績總平均全校排名百分比 7、生活科技學業成績總平均全校排名百分比,,,,,,,"1.為培育紡織與時尚產業人才規模與課程最完整科系，擁有國際化師資陣容及設備完善的教學大樓，與國外學校共教共學、交換師生，拓展國際學術交流。產業提供實習機會及獎學金，致力產學合作。鼓勵學生將設計美學與紡織專業技術整合，畢業生從事服裝設計、商品企劃、流行分析、整體造型、產品研發、時尚媒體、活動策展等，深受業界肯定。
2.課程包含理論及實作（操作縫紉機、金工設備及實驗課程等）。
3.官網：http://www.tc.fju.edu.tw、電話02-2905-2107、115學年度入學生畢業英檢規定詳見本系網站。"
02022,輔仁大學,織品服裝學系織品服飾行銷組,第一類學群,14,35,0,0,0,後標,0,0,0,0,0,在校學業成績全校排名百分比,學測國文、英文之級分總和,學測英文級分,學測國文級分,英語文學業成績總平均全校排名百分比,國語文學業成績總平均全校排名百分比,生活科技學業成績總平均全校排名百分比,1、在校學業成績全校排名百分比 2、學測國文、英文之級分總和 3、學測英文級分 4、學測國文級分 5、英語文學業成績總平均全校排名百分比 6、國語文學業成績總平均全校排名百分比 7、生活科技學業成績總平均全校排名百分比,,,,,,,"1.為培育紡織與時尚產業人才規模與課程最完整科系，擁有國際化師資陣容及設備完善的教學大樓，與國外學校共教共學、交換師生，拓展國際學術交流。產業提供實習機會及獎學金，致力產學合作。鼓勵學生將設計美學與紡織專業技術整合，畢業生從事進出口業務、時尚採購、品質管理、設計管理、行銷企劃、零售經營、商品銷售、流行策展等，深受業界肯定。
2.課程包含理論及實作（操作檢驗設備及實驗課程等）。
3.官網：http://www.tc.fju.edu.tw、電話02-2905-2107、115學年度入學生畢業英檢規定詳見本系網站。"
02023,輔仁大學,餐旅管理學系,第一類學群,13,35,0,0,0,後標,0,0,0,0,0,在校學業成績全校排名百分比,學測英文級分,學測國文級分,學測國文、英文之級分總和,英語文學業成績總平均全校排名百分比,國語文學業成績總平均全校排名百分比,學測社會級分,1、在校學業成績全校排名百分比 2、學測英文級分 3、學測國文級分 4、學測國文、英文之級分總和 5、英語文學業成績總平均全校排名百分比 6、國語文學業成績總平均全校排名百分比 7、學測社會級分,,,,,,,本系課程設計兼顧理論與實務之應用，教學設施與設備完善，強調國際化發展，與多所國際知名大學交流，提升學生外語及跨文化學習的機會，並與海內外國際餐旅產業進行產學合作，提供學生多元的實習選擇，以培育餐旅管理專業人才為目標。學系網站 https://www.rhim.fju.edu.tw/。
02024,輔仁大學,兒童與家庭學系,第一類學群,9,35,0,0,0,後標,0,0,0,0,0,在校學業成績全校排名百分比,學測英文級分,學測國文級分,學測國文、英文之級分總和,國語文學業成績總平均全校排名百分比,英語文學業成績總平均全校排名百分比,數學學業成績總平均全校排名百分比,1、在校學業成績全校排名百分比 2、學測英文級分 3、學測國文級分 4、學測國文、英文之級分總和 5、國語文學業成績總平均全校排名百分比 6、英語文學業成績總平均全校排名百分比 7、數學學業成績總平均全校排名百分比,,,,,,,"1.本系網址：http://www.cfs.fju.edu.tw/
2.聯絡電話：02-2905-3604
3.本系附設幼兒園，與國內外大學及機構進行教學及實習合作，培養學生國際視野。同學修畢相關課程後，畢業可取得教保服務人員、托育人員、家庭教育專業人員資格。歡迎同學們加入！"
02025,輔仁大學,法律學系,第一類學群,15,35,1,14,均標,均標,0,0,均標,0,0,在校學業成績全校排名百分比,學測國文級分,學測社會級分,學測國文、英文、社會之級分總和,學測英文級分,英語文學業成績總平均全校排名百分比,公民與社會學業成績總平均全校排名百分比,1、在校學業成績全校排名百分比 2、學測國文級分 3、學測社會級分 4、學測國文、英文、社會之級分總和 5、學測英文級分 6、英語文學業成績總平均全校排名百分比 7、公民與社會學業成績總平均全校排名百分比,,,,,,,"1.本系網址：http://www.laws.fju.edu.tw/
2.連絡電話：02-2905-2638
3.想成為維護正義的法官？摘奸發伏的檢察官？雄辯滔滔的律師？各行各業的法律人才？輔大法律系以培養公私領域法律專才為教育目標，有留學德、英、美、日、法等國的堅強師資，提供最完善精緻之法學教育、理論實務並重之專業訓練、引領國考金榜提名之精進方案，滿足你成為任何法律人典範的冀望。"
02026,輔仁大學,財經法律學系,第一類學群,8,35,1,14,均標,均標,0,0,均標,0,0,在校學業成績全校排名百分比,學測國文級分,學測社會級分,學測國文、英文、社會之級分總和,學測英文級分,英語文學業成績總平均全校排名百分比,公民與社會學業成績總平均全校排名百分比,1、在校學業成績全校排名百分比 2、學測國文級分 3、學測社會級分 4、學測國文、英文、社會之級分總和 5、學測英文級分 6、英語文學業成績總平均全校排名百分比 7、公民與社會學業成績總平均全校排名百分比,,,,,,,"1.本系網址：http://www.financelaw.fju.edu.tw/
2.聯絡電話：02-2905-2698
3.本系強調法律與財經雙專業的課程與學習，以「專業化、全人化、整合化、國際化」為教育目標。在學期間培養律師、法官、檢察官等國家考試專業能力，更結合本校豐沛之學系資源，增加跨領域學習的多元選擇，讓你於未來社會擁有更強的競爭力。(1)本系學生須於畢業前符合法律學院學生學習護照之學習認證標準。(2)畢業學分中須含1門2學分之全英語課程。(3)其餘畢業條件請參閱本系修業規則。"
02027,輔仁大學,企業管理學系,第一類學群,27,35,3,14,0,均標,0,均標,0,0,0,在校學業成績全校排名百分比,學測國文、英文、數學B之級分總和,學測英文級分,學測數學B級分,學測國文級分,英語文學業成績總平均全校排名百分比,數學學業成績總平均全校排名百分比,1、在校學業成績全校排名百分比 2、學測國文、英文、數學B之級分總和 3、學測英文級分 4、學測數學B級分 5、學測國文級分 6、英語文學業成績總平均全校排名百分比 7、數學學業成績總平均全校排名百分比,,,,,,,"1.本系培養具有社會關懷與經營知識的專業經理人，以「價值人本化、資源整合化、知識創新化、視野國際化」四大特色推動管理教育，透過「做中學」來實踐理論及培養團隊合作的精神與技能。
2.與多所國外大學合作，申請海外留學與交換生機會眾多。
3.提供多項獎助學金申請。
詳情請參閱http://www.mba.fju.edu.tw/"
02028,輔仁大學,會計學系,第一類學群,19,35,0,0,均標,均標,0,0,0,0,0,在校學業成績全校排名百分比,學測國文、英文、數學B之級分總和,學測英文級分,學測國文級分,學測數學B級分,英語文學業成績總平均全校排名百分比,國語文學業成績總平均全校排名百分比,1、在校學業成績全校排名百分比 2、學測國文、英文、數學B之級分總和 3、學測英文級分 4、學測國文級分 5、學測數學B級分 6、英語文學業成績總平均全校排名百分比 7、國語文學業成績總平均全校排名百分比,,,,,,,"1.本系網址：http://www.acct.fju.edu.tw。 2.聯絡電話:02-2905-2660 李秘書
3.本系畢業修業規定及英文檢定要求，請詳見本系網頁。
4.結合本校綜合型大學與國際知名度優勢，本系培育具國際移動力、跨領域整合力、數據分析力及專業倫理素養之會計人才。課程以會計專業為核心，搭配多元管理類課程、數據分析、稅務專業與永續相關課程，培養學生知識整合能力。本系亦與四大會計師事務所合作產業實習與課程，縮短學用落差，提升學生之職場競爭力。本系學生另可參與管理學院之國際交換與出國攻讀國外研究所計畫，提升國際視野。"
02029,輔仁大學,資訊管理學系,第一類學群,19,35,0,0,0,後標,0,後標,0,0,0,在校學業成績全校排名百分比,學測國文、英文、數學B之級分總和,學測數學B級分,學測英文級分,學測國文級分,數學學業成績總平均全校排名百分比,英語文學業成績總平均全校排名百分比,1、在校學業成績全校排名百分比 2、學測國文、英文、數學B之級分總和 3、學測數學B級分 4、學測英文級分 5、學測國文級分 6、數學學業成績總平均全校排名百分比 7、英語文學業成績總平均全校排名百分比,,,,,,,輔大資管系成立於1981年，是全國首創的資管系，以培育數位時代的資訊科技與商業管理專業為目標。擁有優秀師資陣容，包括三位「全球2%頂尖科學家」，融合科技與管理課程，提供創新學習體驗。課程涵蓋五大核心能力：程式設計與系統開發、人工智慧與機器學習、數據分析與商業智慧、專案管理與團隊協作、跨領域整合。本系強調實務應用，學生可透過專題實務訓練和選修人工智慧、雲端服務等課程，無縫接軌未來職場。空間設備方面，有GPU伺服器、專題實驗室、雲端虛擬機、專屬機房等資源。此外，完成英語專業課程的學生可申請獎勵金，並可透過4+1橋樑學程，直通美國名校(例:UTD)，開啟卓越未來。
02030,輔仁大學,統計資訊學系,第一類學群,17,35,0,0,0,0,0,均標,0,0,0,在校學業成績全校排名百分比,學測數學B級分,學測英文級分,學測國文級分,數學學業成績總平均全校排名百分比,英語文學業成績總平均全校排名百分比,國語文學業成績總平均全校排名百分比,1、在校學業成績全校排名百分比 2、學測數學B級分 3、學測英文級分 4、學測國文級分 5、數學學業成績總平均全校排名百分比 6、英語文學業成績總平均全校排名百分比 7、國語文學業成績總平均全校排名百分比,,,,,,,"1.本系課程設計重視理論與應用的結合，教學特色為「由生活中領會統計」，研究著重為「將理論應用於實務」，在服務上則強化「產業/產學合作互動」，在輔導上強調「品德教育及生活輔導」，培養學生成為一流的資料科學專業人才。
2.本系修業及英檢規定，詳見系網頁 https://www.stat.fju.edu.tw，連絡電話 02-2905-2606"
02031,輔仁大學,金融與國際企業學系,第一類學群,16,35,2,14,0,均標,0,均標,0,0,0,在校學業成績全校排名百分比,英語文學業成績總平均全校排名百分比,數學學業成績總平均全校排名百分比,學測英文級分,學測國文級分,學測社會級分,國語文學業成績總平均全校排名百分比,1、在校學業成績全校排名百分比 2、英語文學業成績總平均全校排名百分比 3、數學學業成績總平均全校排名百分比 4、學測英文級分 5、學測國文級分 6、學測社會級分 7、國語文學業成績總平均全校排名百分比,,,,,,,"本系核心課程學習重點包含大量資訊收集判斷與分析，以培養國際化的財金與管理知能。適合細心沉穩、個性活潑、具人際互動溝通協調能力及能自我規畫者。
本系重視閱讀、聽講、口語表達、溝通理解、人際互動及團隊合作。課程中著重分組討論及報告、實務教學，並需參與專題製作、有業界實務實習。
網站：http://www.fib.fju.edu.tw/，聯絡電話：02-2905-2664"
02032,輔仁大學,社會學系,第一類學群,10,35,1,14,0,0,0,0,均標,0,0,在校學業成績全校排名百分比,學測英文級分,學測社會級分,學測國文級分,英語文學業成績總平均全校排名百分比,公民與社會學業成績總平均全校排名百分比,國語文學業成績總平均全校排名百分比,1、在校學業成績全校排名百分比 2、學測英文級分 3、學測社會級分 4、學測國文級分 5、英語文學業成績總平均全校排名百分比 6、公民與社會學業成績總平均全校排名百分比 7、國語文學業成績總平均全校排名百分比,,,,,,,本系迄今成立逾五十年，專任老師均為博士，研究領域涵蓋都市、科技、經濟、醫療、人口家庭、社會階層與不平等、社會網絡等多元領域。就讀學生須接受個別指導完成學士論文。提供葉島蕾獎學金以及美國天普大學雙聯學位等交流機會，更榮獲台灣社會學會社會調查師認證，多名學生已考取專業證照，歡迎各界學生報考就讀。本系網頁https://www.soci.fju.edu.tw
02033,輔仁大學,社會工作學系,第一類學群,10,35,0,0,均標,0,0,0,0,0,0,在校學業成績全校排名百分比,學測國文級分,國語文學業成績總平均全校排名百分比,公民與社會學業成績總平均全校排名百分比,英語文學業成績總平均全校排名百分比,學測社會級分,學測英文級分,1、在校學業成績全校排名百分比 2、學測國文級分 3、國語文學業成績總平均全校排名百分比 4、公民與社會學業成績總平均全校排名百分比 5、英語文學業成績總平均全校排名百分比 6、學測社會級分 7、學測英文級分,,,,,,,"1.社工系網址:http://www.socialwork.fju.edu.tw/；聯絡電話:02-2905-2988
2.社工系修業規則及英文檢定能力請至系網頁查詢。
※小人物，做大事。助人不用超能力！
※在強調「安全、保護與發展」的輔大社工系學習助人技巧、領域課程、方案實作和進入機構實習，您就是能夠自我瞭解、擁有助人能力、懂得人群服務和具體社會實踐的「輔大社工人」！"
02034,輔仁大學,經濟學系,第一類學群,19,35,0,0,0,後標,0,均標,0,0,0,在校學業成績全校排名百分比,學測數學B級分,學測英文級分,學測社會級分,數學學業成績總平均全校排名百分比,英語文學業成績總平均全校排名百分比,國語文學業成績總平均全校排名百分比,1、在校學業成績全校排名百分比 2、學測數學B級分 3、學測英文級分 4、學測社會級分 5、數學學業成績總平均全校排名百分比 6、英語文學業成績總平均全校排名百分比 7、國語文學業成績總平均全校排名百分比,,,,,,,"1.本系強調嚴謹的邏輯推理和精確的數據分析，將課堂上學到的知識應用在經濟、金融和商業等領域，培養學生
解決實際問題的能力。此外，我們鼓勵學生參與各種自主學習活動，發掘其他(非學術)的能力，讓他們的天賦可
以發揮。我們也媒合企業與高年級生，藉由企業參訪和實習等經驗，讓學生能順利和職場接軌。
2.本系畢業修業規定及英文檢定要求，請詳見本系網頁https://www.economics.fju.edu.tw/"
02035,輔仁大學,宗教學系,第一類學群,1,35,0,0,底標,0,0,0,0,0,0,在校學業成績全校排名百分比,學測國文級分,學測社會級分,學測國文、社會之級分總和,國語文學業成績總平均全校排名百分比,公民與社會學業成績總平均全校排名百分比,英語文學業成績總平均全校排名百分比,1、在校學業成績全校排名百分比 2、學測國文級分 3、學測社會級分 4、學測國文、社會之級分總和 5、國語文學業成績總平均全校排名百分比 6、公民與社會學業成績總平均全校排名百分比 7、英語文學業成績總平均全校排名百分比,,,,,,,"1.本系為全台最早成立的宗教學系所，並於2020及2021年連續兩年進入QS世界大學排名「神學與宗教研究領域」第51-100名區間，為臺灣唯一進入排行的宗教學系所！
2.本系教育目標與課程特色請參閱系網站：http://www.rsd.fju.edu.tw
3.聯絡電話：02-2905-2791、E-mail：049946@mail.fju.edu.tw
4.錄取生就讀期間不能轉系，但可依本校規定修讀輔系、雙學位，或跨領域學分學程。"
02036,輔仁大學,數學系資訊數學組,第二類學群,13,9,0,0,0,0,均標,0,0,0,0,在校學業成績全校排名百分比,學測數學A級分,學測英文級分,學測自然級分,數學學業成績總平均全校排名百分比,英語文學業成績總平均全校排名百分比,物理學業成績總平均全校排名百分比,1、在校學業成績全校排名百分比 2、學測數學A級分 3、學測英文級分 4、學測自然級分 5、數學學業成績總平均全校排名百分比 6、英語文學業成績總平均全校排名百分比 7、物理學業成績總平均全校排名百分比,,,,,,,"1.本系網址:http://www.math.fju.edu.tw/
2.連絡電話:02-2905-2452
3.本系以數學為本，資訊數學組培育具數學及資訊科技素養之跨域高端人才，提供多元學用課程，接軌深度學習相關之產學實習，兼重理論應用，並與應用數學組相輔相成。歡迎對大數據分析、數據科學、資訊安全、人工智慧及數學教程有興趣之同學加入。設有雙聯學位、五年連續修讀學碩士學位。"
02037,輔仁大學,數學系應用數學組,第二類學群,13,9,0,0,0,0,均標,0,0,0,0,在校學業成績全校排名百分比,學測數學A級分,學測英文級分,學測自然級分,數學學業成績總平均全校排名百分比,英語文學業成績總平均全校排名百分比,物理學業成績總平均全校排名百分比,1、在校學業成績全校排名百分比 2、學測數學A級分 3、學測英文級分 4、學測自然級分 5、數學學業成績總平均全校排名百分比 6、英語文學業成績總平均全校排名百分比 7、物理學業成績總平均全校排名百分比,,,,,,,"1.本系網址:http://www.math.fju.edu.tw/
2.連絡電話:02-2905-2452
3.本系以數學為本，應用數學組培育具數學能力之跨域高端人才，提供多元學用課程，結合財務保險等產學實習，兼重理論與應用，並與資訊數學組相輔相成。歡迎對金融保險、科學計算、統計分析、數學研究及教程有興趣的同學加入。設有雙聯學位及五年連續修讀學碩士學位。"
02038,輔仁大學,化學系,第二類學群,27,9,3,4,0,0,0,0,0,均標,0,在校學業成績全校排名百分比,學測英文、數學A、自然之級分總和,學測自然級分,學測英文級分,學測數學A級分,學測國文級分,化學學業成績總平均全校排名百分比,1、在校學業成績全校排名百分比 2、學測英文、數學A、自然之級分總和 3、學測自然級分 4、學測英文級分 5、學測數學A級分 6、學測國文級分 7、化學學業成績總平均全校排名百分比,,,,,,,"1.本系網址：http://www.ch.fju.edu.tw
2.聯絡電話：02-2905-2472
3.本系之教育目標是以培育國家社會所需之高級化學人才為主，教學內容除著重化學專業領域知識的傳授外，並鼓勵同學動手做實驗，手腦並用，以期與工業界相結合；此外更強調全人教育之培養，加強倫理教育，為國家作育英才。"
02039,輔仁大學,資訊工程學系,第二類學群,22,9,2,4,0,後標,後標,0,0,0,0,在校學業成績全校排名百分比,學測國文、英文、數學A之級分總和,學測數學A級分,學測英文級分,學測國文級分,數學學業成績總平均全校排名百分比,英語文學業成績總平均全校排名百分比,1、在校學業成績全校排名百分比 2、學測國文、英文、數學A之級分總和 3、學測數學A級分 4、學測英文級分 5、學測國文級分 6、數學學業成績總平均全校排名百分比 7、英語文學業成績總平均全校排名百分比,,,,,,,"1.本系網址：https://csie2.fju.edu.tw/
2.聯絡電話：02-2905-3883
3.本系於95學年度通過教育部高教評鑑，107、110及113學年度通過IEET工程教育國際認證。
4.教育目標：
(1)厚植資訊基礎專業知識及問題解決能力。(2)培養獨立思考及創新能力。(3)培養溝通、協調及合作能
力。(4)孕育人文關懷精神及能力。(5)培養自主學習能力。"
02040,輔仁大學,物理學系電子物理組,第二類學群,9,9,1,4,0,0,均標,0,0,0,0,在校學業成績全校排名百分比,學測數學A級分,學測自然級分,數學學業成績總平均全校排名百分比,物理學業成績總平均全校排名百分比,英語文學業成績總平均全校排名百分比,地球科學學業成績總平均全校排名百分比,1、在校學業成績全校排名百分比 2、學測數學A級分 3、學測自然級分 4、數學學業成績總平均全校排名百分比 5、物理學業成績總平均全校排名百分比 6、英語文學業成績總平均全校排名百分比 7、地球科學學業成績總平均全校排名百分比,,,,,,,"(1) 本系教學目標為培養學生健全的人格,成為具半導體產業相關學識的人才。
(2) 提供產業實習,協助學生確立生涯規劃。
(3) 為協助弱勢學生專心向學,設有「郝思漢神父還願助學金」。
(4) 提供五年連續修讀學、碩士學位。
本系網址:http://www.phy.fju.edu.tw/。本系連絡電話:02-2905-2432"
02041,輔仁大學,物理學系光電物理組,第二類學群,10,9,1,4,0,0,均標,0,0,0,0,在校學業成績全校排名百分比,學測數學A級分,學測自然級分,數學學業成績總平均全校排名百分比,物理學業成績總平均全校排名百分比,英語文學業成績總平均全校排名百分比,地球科學學業成績總平均全校排名百分比,1、在校學業成績全校排名百分比 2、學測數學A級分 3、學測自然級分 4、數學學業成績總平均全校排名百分比 5、物理學業成績總平均全校排名百分比 6、英語文學業成績總平均全校排名百分比 7、地球科學學業成績總平均全校排名百分比,,,,,,,"(1) 本系教學目標為培養學生健全的人格,成為具物理科學精神的人才。
(2) 提供產業實習,協助學生確立生涯規劃。
(3) 為協助弱勢學生專心向學,設有「郝思漢神父還願助學金」。
(4) 提供五年連續修讀學、碩士學位。
本系網址:http://www.phy.fju.edu.tw/。本系連絡電話:02-2905-2432"
02042,輔仁大學,電機工程學系,第二類學群,17,9,0,0,0,均標,均標,0,0,0,0,在校學業成績全校排名百分比,學測數學A級分,學測英文級分,學測自然級分,學測英文、數學A之級分總和,英語文學業成績總平均全校排名百分比,數學學業成績總平均全校排名百分比,1、在校學業成績全校排名百分比 2、學測數學A級分 3、學測英文級分 4、學測自然級分 5、學測英文、數學A之級分總和 6、英語文學業成績總平均全校排名百分比 7、數學學業成績總平均全校排名百分比,,,,,,,"1.本系網址：http://www.ee.fju.edu.tw/
2.聯絡電話：02-2905-2538, e-mail: 048512@mail.fju.edu.tw
3.本系教學研究方向包括晶片設計、人工智慧、光電元件與半導體、電腦軟硬體設計、電腦網路、影像處理、毫米波光學元件、控制工程、行動通訊系統、數位訊號處理及生醫電子等工程技術。
2.本系有五年連續修讀學、碩士學位修業制度，並可結合本校科系多元優勢，提供跨領域學習課程，鼓勵學生海外交流與產業實習。"
02043,輔仁大學,醫學資訊與創新應用學士學位學程,第二類學群,10,9,0,0,0,後標,後標,0,0,0,0,在校學業成績全校排名百分比,學測英文、數學A之級分總和,學測數學A級分,學測英文級分,數學學業成績總平均全校排名百分比,英語文學業成績總平均全校排名百分比,學測國文級分,1、在校學業成績全校排名百分比 2、學測英文、數學A之級分總和 3、學測數學A級分 4、學測英文級分 5、數學學業成績總平均全校排名百分比 6、英語文學業成績總平均全校排名百分比 7、學測國文級分,,,,,,,"1.本學程網址：http://www.miia.fju.edu.tw
2.連絡電話：02-2905-6018，傳真：02-2905-6723。
3.本學程以培養醫學資訊基礎能力、創新應用與實務，強調「醫院實務」、「資訊工程」與「創新應用」。
4.本學程開設完整醫學資訊相關課程，並特別強調專題製作與產業實習，與教學醫院的資訊中心合作，聘請相關醫資產業專家擔任業師與協同教學，讓學生以實務為導向，建立完整產學合作管道，完成多項的專案、以及完整的業界實習。"
02044,輔仁大學,人工智慧與資訊安全學士學位學程,第二類學群,10,9,0,0,0,後標,後標,0,0,0,0,在校學業成績全校排名百分比,學測英文、數學A之級分總和,學測數學A級分,學測英文級分,數學學業成績總平均全校排名百分比,英語文學業成績總平均全校排名百分比,學測國文級分,1、在校學業成績全校排名百分比 2、學測英文、數學A之級分總和 3、學測數學A級分 4、學測英文級分 5、數學學業成績總平均全校排名百分比 6、英語文學業成績總平均全校排名百分比 7、學測國文級分,,,,,,,"1.本學程網址：https://ais.fju.edu.tw/
2.連絡電話：02-2905-2564，傳真：02-2905-6723。
3.本學位學程以培養資訊安全為主，人工智慧為輔，資訊工程為基礎的實務人才，並強調「資訊工程」、「人工智慧及資訊安全核心技術」與「跨領域科技應用」等三項核心能力。
4.本學程開設完整人工智慧與資訊安全相關課程，並特別強調專題製作與產業實習，聘請相關資安公司專家擔任業師與協同教學，建立完整產學合作管道，未來有機會直接至相關資安公司工作。"
02045,輔仁大學,護理學系,第三類學群,16,9,0,0,均標,後標,0,0,0,0,0,在校學業成績全校排名百分比,學測國文、英文之級分總和,學測英文級分,學測國文級分,學測自然級分,數學學業成績總平均全校排名百分比,生物學業成績總平均全校排名百分比,1、在校學業成績全校排名百分比 2、學測國文、英文之級分總和 3、學測英文級分 4、學測國文級分 5、學測自然級分 6、數學學業成績總平均全校排名百分比 7、生物學業成績總平均全校排名百分比,,,,,,,"1.本系特色：基於綜合大學的優勢，提供多元與跨領域學習機會，充實學生之科學與人文學養，培育具照護、關懷及熱忱特質的護理人才。
2.就讀提醒：課程學習包含課室與醫療院所實習，需具備相當之視覺、聽覺、口語表達及肢體迅速反應與移動能力，能控管自身情緒且具抗壓能力。
3本系網址：http://www.nursing.fju.edu.tw/
4.聯絡電話：02-2905-3455。"
02046,輔仁大學,公共衛生學系,第三類學群,9,9,1,4,0,底標,0,0,0,0,0,在校學業成績全校排名百分比,學測英文級分,學測國文級分,學測國文、英文之級分總和,英語文學業成績總平均全校排名百分比,國語文學業成績總平均全校排名百分比,數學學業成績總平均全校排名百分比,1、在校學業成績全校排名百分比 2、學測英文級分 3、學測國文級分 4、學測國文、英文之級分總和 5、英語文學業成績總平均全校排名百分比 6、國語文學業成績總平均全校排名百分比 7、數學學業成績總平均全校排名百分比,,,,,,,1.本系特色: 培育學生成為生統、流病、衛政、醫管、健康行為、環境及職業衛生等領域之專業人才，使學生畢業後具備考取公共衛生師、職業衛生技師，以及職業衛生管理、作業環境測定等技術士證照之應考資格。2.本系提供五年連續修讀學、碩士學位之機制，學士班應屆畢業學業成績優異直攻碩士班者，可申請減免碩士班一年學雜費，並提供多項校內及系上獎學金。歡迎對建立永續環境、促進人類健康、預防疾病有興趣與服務熱忱者就讀。本系網址：http://www.medph.fju.edu.tw/ 聯絡電話：02-2905-3430、2905-2066。
02047,輔仁大學,臨床心理學系,第三類學群,9,9,1,4,0,均標,0,0,0,0,0,在校學業成績全校排名百分比,學測國文、英文、數學A之級分總和,學測英文級分,學測國文級分,學測數學A級分,生物學業成績總平均全校排名百分比,化學學業成績總平均全校排名百分比,1、在校學業成績全校排名百分比 2、學測國文、英文、數學A之級分總和 3、學測英文級分 4、學測國文級分 5、學測數學A級分 6、生物學業成績總平均全校排名百分比 7、化學學業成績總平均全校排名百分比,,,,,,,"1.本系網址：http://www.cpsy.fju.edu.tw/
2.聯絡電話：02-2905-3443；2905-3929
3.本系特色：(1)隸屬醫學院，目標在於培育具心理學知識與敏銳度之專業人士，能夠適應快速變動之未來，並投入多種需求人際溝通之職業別或心理助人工作。課程涵蓋基礎心理學、基礎醫學、臨床心理學專業課程、研究法等。重視人格養成、自我認識、專業倫理和全人教育。(2)專任老師臨床心理師數量為全國之冠、擁有全新優化的教學空間。"
02048,輔仁大學,職能治療學系,第三類學群,8,9,0,0,0,均標,0,0,0,0,0,在校學業成績全校排名百分比,學測國文、英文、數學A、自然之級分總和,學測英文級分,學測國文級分,學測自然級分,學測數學A級分,英語文學業成績總平均全校排名百分比,1、在校學業成績全校排名百分比 2、學測國文、英文、數學A、自然之級分總和 3、學測英文級分 4、學測國文級分 5、學測自然級分 6、學測數學A級分 7、英語文學業成績總平均全校排名百分比,,,,,,,"1.本系之宗旨為培育具備專業知能的職能治療專業人員，並培養「輔具評量設計與研發、音樂/娛樂治療、研究」等次領域能力，歡迎有興趣者來就讀，畢業後將更具競爭力。
詳參本系網頁http://www.ot.fju.edu.tw/
2.連絡電話:02-2905-2090
3.課程及職能治療師工作具與人互動特性，歡迎具適當口語表達溝通及能久站移動，並具控管情緒抗壓之能力者報考。"
02049,輔仁大學,呼吸治療學系,第三類學群,6,9,0,0,0,後標,0,0,0,後標,0,在校學業成績全校排名百分比,學測英文級分,學測自然級分,國語文學業成績總平均全校排名百分比,生物學業成績總平均全校排名百分比,化學學業成績總平均全校排名百分比,物理學業成績總平均全校排名百分比,1、在校學業成績全校排名百分比 2、學測英文級分 3、學測自然級分 4、國語文學業成績總平均全校排名百分比 5、生物學業成績總平均全校排名百分比 6、化學學業成績總平均全校排名百分比 7、物理學業成績總平均全校排名百分比,,,,,,,"1.本系特色：著重於呼吸治療專業課程之教授，並有充足之呼吸治療儀器等設備及實驗室；重視專業臨床實務之實習課程訓練，使專業知識能與臨床實務整合，以提升學生專業與技術之養成。畢業後可參加國家檢定考試取得呼吸治療師資格。
2.課程學習過程及畢業後臨床工作，需具有適當之視覺、聽覺、口語表達溝通、情緒管理及肢體活動能力。
3.聯絡電話：02-2905-2043；網址：http://www.drt.fju.edu.tw/。"
02050,輔仁大學,生命科學系,第三類學群,20,9,2,4,0,0,0,0,0,均標,0,在校學業成績全校排名百分比,學測自然級分,學測英文級分,生物學業成績總平均全校排名百分比,化學學業成績總平均全校排名百分比,國語文學業成績總平均全校排名百分比,數學學業成績總平均全校排名百分比,1、在校學業成績全校排名百分比 2、學測自然級分 3、學測英文級分 4、生物學業成績總平均全校排名百分比 5、化學學業成績總平均全校排名百分比 6、國語文學業成績總平均全校排名百分比 7、數學學業成績總平均全校排名百分比,,,,,,,1.本系網址：http://www.bio.fju.edu.tw，聯絡電話：02-2905-2468。2.輔大生科系在學術與產業領域成就卓越，本系校友遍布國內外生醫藥產業、研究單位及政府部門，近年來畢業生除進入國內外各大學及研究單位繼續深造，更有各藥廠及生技公司之研發單位及管理單位，亦在台灣精準醫療領域扮演先驅角色。本系課程設計涵蓋生物醫學及生物資源領域，設有細胞與組織工程、分子檢測、生物數據與永續資源等特色學程，同時包含多門實驗課，以強化學生的實作能力。並有與喬治城大學的雙聯學位、五年連續修讀學碩士學位、實驗室專題研究、產學實習機會及多項獎學金，為學生提供全方位的學術與職涯發展資源，培育具有高度競爭力的人才。
02051,輔仁大學,食品科學系,第三類學群,9,9,1,4,0,0,0,0,0,均標,0,在校學業成績全校排名百分比,學測自然級分,學測英文級分,學測國文級分,化學學業成績總平均全校排名百分比,生物學業成績總平均全校排名百分比,數學學業成績總平均全校排名百分比,1、在校學業成績全校排名百分比 2、學測自然級分 3、學測英文級分 4、學測國文級分 5、化學學業成績總平均全校排名百分比 6、生物學業成績總平均全校排名百分比 7、數學學業成績總平均全校排名百分比,,,,,,,"1.本系網址http://www.fs.fju.edu.tw/、聯絡電話02-2905-2511。
2.本系特色：(1)為國內第一獲美國食品科學技術學會(Institute of Food Technologists, IFT)課程國際認可食品科學系，與世界食品科學教育接軌(2)結合食品科學與尖端科技，持續食品化學與加工、安全與生物技術等專業領域之新技術開發，創造更健康、更美味、更安全的食品(3)訂有「五年連續修讀學、碩士學位」及「產學聯合培養方案」修讀辦法，並提供多項獎學金；畢業後可報考食品技師等專技高考。
3.就讀提醒：操作實驗為本系學習重點，課程具一定危險性，需有能力即時移動身軀遠離危險現場。"
02052,輔仁大學,營養科學系,第三類學群,10,9,0,0,0,後標,0,0,0,後標,0,在校學業成績全校排名百分比,學測國文、英文、自然之級分總和,學測英文級分,學測自然級分,學測國文級分,數學學業成績總平均全校排名百分比,化學學業成績總平均全校排名百分比,1、在校學業成績全校排名百分比 2、學測國文、英文、自然之級分總和 3、學測英文級分 4、學測自然級分 5、學測國文級分 6、數學學業成績總平均全校排名百分比 7、化學學業成績總平均全校排名百分比,,,,,,,"1.本系網址：http://www.ns.fju.edu.tw/ 連絡電話：02-2905-3610
2.本系特色：促進全齡營養是輔大營養系標竿，本系著重在培育膳食設計及供應之專業人才；培育營養保健及生物醫學相關產業從業人才；培育全齡健康及營養照護之專業人才。專任教師群專業包含：營養教育、臨床營養、生物醫學、膳食設計四大面向。我們與美國奧勒岡州立大學進行跨國教學合作。醫院實習合格畢業後可報考營養師。"
02053,輔仁大學,心理學系,第三類學群,10,9,0,0,後標,後標,後標,0,0,0,0,在校學業成績全校排名百分比,生物學業成績總平均全校排名百分比,學測英文級分,學測國文級分,數學學業成績總平均全校排名百分比,英語文學業成績總平均全校排名百分比,國語文學業成績總平均全校排名百分比,1、在校學業成績全校排名百分比 2、生物學業成績總平均全校排名百分比 3、學測英文級分 4、學測國文級分 5、數學學業成績總平均全校排名百分比 6、英語文學業成績總平均全校排名百分比 7、國語文學業成績總平均全校排名百分比,,,,,,,"1.本系網址https://psy.fju.edu.tw
2.聯絡電話：02-2905-2137、02-2905-2122
3.招收學生條件特質：本系希望招收學生的特質為具自我省察與人際敏感能力、關懷他人與關懷社會之傾向，屬
創造、自主、探索、適應之風格。相關資料請上網查詢或來電洽詢。"
02054,輔仁大學,應用美術學系,第五類學群,6,1,1,1,後標,後標,0,0,0,0,0,在校學業成績全校排名百分比,美術學業成績總平均全校排名百分比,學測英文級分,學測國文級分,英語文學業成績總平均全校排名百分比,國語文學業成績總平均全校排名百分比,學測國文、英文之級分總和,1、在校學業成績全校排名百分比 2、美術學業成績總平均全校排名百分比 3、學測英文級分 4、學測國文級分 5、英語文學業成績總平均全校排名百分比 6、國語文學業成績總平均全校排名百分比 7、學測國文、英文之級分總和,素描:--；彩繪技法:--；創意表現:--；水墨書畫:--；美術鑑賞:--,,,,,,"1.本系為設計科系，須具備基本能力有設計思考、辨色繪圖能力、人際互動溝通協調、管控自身情緒等能力；課程亦含有實驗操作及專題分組製作，基於考量危險性與結果判斷之需要，學生須具備獨立操作能力及個人安全維護能力(需有能力即時移動身軀遠離危險現場)。
2.日間部學士班自大二起依興趣及成績可任選一組主修，並副修其他各組之課程，4組專業主修課程：視覺傳達、電腦動畫、金工產品及室內設計組。為國內目前最多元化且課程豐富之設計學系，課程結合國內外設計競賽，歷來獲獎無數，著重培育理論與實務並重之設計人才。網址：www.aart.fju.edu.tw；電話:02-2905-2371。"
02055,輔仁大學,醫學系,第八類學群,12,1,0,0,0,頂標,前標,0,頂標,頂標,0,在校學業成績全校排名百分比,學測英文、數學A、社會、自然之級分總和,學測自然級分,學測英文級分,學測數學A級分,生物學業成績總平均全校排名百分比,化學學業成績總平均全校排名百分比,1、在校學業成績全校排名百分比 2、學測英文、數學A、社會、自然之級分總和 3、學測自然級分 4、學測英文級分 5、學測數學A級分 6、生物學業成績總平均全校排名百分比 7、化學學業成績總平均全校排名百分比,,,面試,100%,24,1300,1.甄選具健全人格、服務愛人、主動學習、術德兼備之學生。2.三四年級課程採行混合式PBL教學模式，適合具備求知慾強、盡責、喜歡人際互動與團隊合作等人格特質的學生。3.本學系提供獎學金幫助經濟需求學生。4.課程學習過程及畢業後臨床工作，需具有適當之視覺、聽覺、口語表達、溝通協調、情緒管理及肢體活動能力。02-2905-3468
02101,國立臺灣海洋大學,航運管理學系,第一類學群,20,6,0,0,0,前標,0,均標,0,0,0,在校學業成績全校排名百分比,學測英文級分,學測數學B級分,學測國文、英文、數學B、社會之級分總和,學測國文級分,英語文學業成績總平均全校排名百分比,數學學業成績總平均全校排名百分比,1、在校學業成績全校排名百分比 2、學測英文級分 3、學測數學B級分 4、學測國文、英文、數學B、社會之級分總和 5、學測國文級分 6、英語文學業成績總平均全校排名百分比 7、數學學業成績總平均全校排名百分比,,,,,,,"航運為永續發展之國際性產業，本系為國內航運管理領域歷史最悠久之系所，畢業系友在航運、港埠、物流及學術界等領域表現傑出。除一般管理課程之外，專業課程含運輸、航運、空運、全球運籌、供應鏈與物流管理、港埠、海商法律等。
本系設有「先修碩士班課程」，學生可直接報考本校研究所碩士班，最快可於五年內取得學士與碩士學位，其他有關本系師資、定位、設備及教學目標、獎學金等資料，敬請參考本系網頁：https://dstm.ntou.edu.tw/。聯絡電話：（02）24622192轉3401。"
02102,國立臺灣海洋大學,運輸科學系A組,第一類學群,11,6,1,5,0,均標,均標,均標,0,0,0,在校學業成績全校排名百分比,學測英文級分,學測國文級分,學測社會級分,數學學業成績總平均全校排名百分比,英語文學業成績總平均全校排名百分比,國語文學業成績總平均全校排名百分比,1、在校學業成績全校排名百分比 2、學測英文級分 3、學測國文級分 4、學測社會級分 5、數學學業成績總平均全校排名百分比 6、英語文學業成績總平均全校排名百分比 7、國語文學業成績總平均全校排名百分比,,,,,,,本系旨在培養國際運輸與供應鏈管理之人才，入學後A、B兩組依組別編班，畢業後授予工學士學位。 本系師資多具業界或公職經驗，課程重視與實務接軌，畢業工作機會多含括海、空、陸及科技業等領域。本系設有「先修碩士班課程，最快可於五年內取得學士碩士學位」。相關資訊敬請參考https://tsweb.ntou.edu.tw/。連絡電話:(02)2462-2192轉7019。
02103,國立臺灣海洋大學,海洋觀光管理學士學位學程,第一類學群,6,6,1,5,均標,均標,0,均標,0,0,0,在校學業成績全校排名百分比,學測英文級分,學測國文級分,學測社會級分,學測數學B級分,學測國文、英文、數學B、社會之級分總和,英語文學業成績總平均全校排名百分比,1、在校學業成績全校排名百分比 2、學測英文級分 3、學測國文級分 4、學測社會級分 5、學測數學B級分 6、學測國文、英文、數學B、社會之級分總和 7、英語文學業成績總平均全校排名百分比,,,,,,,"本系具備高素質專業師資及充沛的軟硬體資源,整合觀光休閒、經營管理、海洋文化、人文社會科學及海洋生態保育等專業人才,強調理論與實務並重,從語言、實習、證照輔導等多重面向,輔導學生從實作中,培養對於觀光休閒與旅遊、海洋人文與生態及海洋觀光產業經營管理等知能。學生可申請本校研究所「先修碩士班課程」學制,最快可於五年內取得學士及碩士學位。本系網頁:https://dotm.ntou.edu.tw/連絡電話:(02)24622192轉3502。"
02104,國立臺灣海洋大學,海洋法政學士學位學程,第一類學群,6,6,1,5,0,均標,均標,均標,0,0,0,在校學業成績全校排名百分比,學測英文級分,學測國文級分,學測國文、英文之級分總和,英語文學業成績總平均全校排名百分比,國語文學業成績總平均全校排名百分比,學測社會級分,1、在校學業成績全校排名百分比 2、學測英文級分 3、學測國文級分 4、學測國文、英文之級分總和 5、英語文學業成績總平均全校排名百分比 6、國語文學業成績總平均全校排名百分比 7、學測社會級分,,,,,,,1.考生僅須達到「數學A」或「數學B」其中一科之檢定標準。2.除傳統法學外，海洋法律與政策是本系的重點領域，與一般法學院不同，本系是全國唯一以海洋法政為發展方向的專業法律學群，培養對海洋事務具國際觀而跨領域的海洋法政人才。3.對海洋法律及政策具高度興趣者，如曾參加或領導海域權利、海洋產業、海上事故、海洋防污、海洋生態復育、漁民權益保障等活動。4.畢業後可考律師、司法官、公務員高考進入海洋委員會、海保署、交通部航港局或於海洋產業服務，如海運公司、港務公司、海上保險業等。5.連絡電話：(02)-24622192轉3601。6.本系網址：https://dolp.ntou.edu.tw/。
02105,國立臺灣海洋大學,海洋文創設計產業學士學位學程,第一類學群,7,6,1,5,均標,均標,0,0,0,0,0,在校學業成績全校排名百分比,學測國文、英文、社會之級分總和,學測國文級分,學測英文級分,學測社會級分,國語文學業成績總平均全校排名百分比,英語文學業成績總平均全校排名百分比,1、在校學業成績全校排名百分比 2、學測國文、英文、社會之級分總和 3、學測國文級分 4、學測英文級分 5、學測社會級分 6、國語文學業成績總平均全校排名百分比 7、英語文學業成績總平均全校排名百分比,,,,,,,"1.本學位學程（系）旨在培養具備設計專能技能、文化事業經營、外語應用和虛實整合（Online To offline; O2O）服務設計等能力之整合設計人才，專業課程涵蓋文創產品設計、文創資源運用與文創產業經營等三大領域，並強化產學合作、實習連結就業及國際合作交流，培育學生成為政府公職人員、創意設計家、地方創生事業家及元宇宙整合行銷大師。
2.本校設有「先修碩士班課程」，最快可於五年內取學士及碩士學位。
3.本系網址：https://ccdi.ntou.edu.tw/；聯络電話：(02)24622192轉2301。"
02106,國立臺灣海洋大學,海洋經營管理學士學位學程,第一類學群,10,6,1,5,0,均標,0,均標,0,0,0,在校學業成績全校排名百分比,學測英文級分,學測國文、英文、數學B、社會之級分總和,學測數學B級分,學測國文級分,學測社會級分,英語文學業成績總平均全校排名百分比,1、在校學業成績全校排名百分比 2、學測英文級分 3、學測國文、英文、數學B、社會之級分總和 4、學測數學B級分 5、學測國文級分 6、學測社會級分 7、英語文學業成績總平均全校排名百分比,,,,,,,"1.本學程旨在培養具有企業管理專業能力及了解海運與物流產業的中高階管理人才。
2.本系大二全學年於馬祖校區上課，大一、大三及大四於基隆校區上課。本系鼓勵學生跨領域修課及出國交換
，另有完整大四企業實習制度。馬祖就學期間提供每人交通及就學津貼。
3.本系網頁https://obm.ntou.edu.tw/；聯絡電話（02）24622192分機3100。
4.先修碩士班課程，最快可於五年內取得學士碩士學位。"
02107,國立臺灣海洋大學,商船學系,第二類學群,19,12,4,12,0,均標,均標,0,0,均標,0,在校學業成績全校排名百分比,學測國文、英文、數學A、自然之級分總和,學測英文級分,學測數學A級分,學測自然級分,學測國文級分,物理學業成績總平均全校排名百分比,1、在校學業成績全校排名百分比 2、學測國文、英文、數學A、自然之級分總和 3、學測英文級分 4、學測數學A級分 5、學測自然級分 6、學測國文級分 7、物理學業成績總平均全校排名百分比,,,,,,,"1.本系是全國高教體系唯一培育商船與航海高階人才系所，亦是培育船務與港務專業經理人的搖籃。設有「先修碩士課程」，學生最快可於五年內取得工學學士與碩士學位。
2.欲從事海勤工作者，須符合交通部航港局船員體格(健康)檢查證明書之「航行員」規定，詳細規定請至航港局網站查詢。
3.本系網址：https://mmd.ntou.edu.tw/;聯絡電話(02)24622192分機3030。"
02108,國立臺灣海洋大學,運輸科學系B組,第二類學群,10,12,2,12,0,均標,均標,0,0,0,0,在校學業成績全校排名百分比,學測英文級分,學測數學A級分,學測國文級分,英語文學業成績總平均全校排名百分比,數學學業成績總平均全校排名百分比,國語文學業成績總平均全校排名百分比,1、在校學業成績全校排名百分比 2、學測英文級分 3、學測數學A級分 4、學測國文級分 5、英語文學業成績總平均全校排名百分比 6、數學學業成績總平均全校排名百分比 7、國語文學業成績總平均全校排名百分比,,,,,,,本系旨在培養國際運輸與供應鏈管理之人才，入學後A、B兩組依組別編班，畢業後授予工學士學位。 本系師資多具業界或公職經驗，課程重視與實務接軌，畢業工作機會多含括海、空、陸及科技業等領域。本系設有「先修碩士班課程，最快可於五年內取得學士碩士學位」。相關資訊敬請參考https://tsweb.ntou.edu.tw/。連絡電話:(02)2462-2192轉7019。
02109,國立臺灣海洋大學,輪機工程學系,第二類學群,20,12,3,12,0,均標,均標,0,0,均標,0,在校學業成績全校排名百分比,學測國文、英文、數學A、自然之級分總和,學測英文級分,學測自然級分,學測數學A級分,學測國文級分,物理學業成績總平均全校排名百分比,1、在校學業成績全校排名百分比 2、學測國文、英文、數學A、自然之級分總和 3、學測英文級分 4、學測自然級分 5、學測數學A級分 6、學測國文級分 7、物理學業成績總平均全校排名百分比,,,,,,,"1.本學系是全國⾼教體系唯⼀培育輪機⾼階⼈才系所，亦是培育船務與港務專業經理⼈的搖籃。設有「先修碩士班課程」，學⽣最快可於五年內取得⼯學學⼠與碩⼠學位。
2.學習領域涵蓋船舶機械、動⼒機械、電機電⼦、離岸風電及能源⼯程。
3.申請船上實習課程者，須符合交通部航港局船員體格(健康)檢查證明書之「輪機員」規定。詳細規定，請以關鍵字「船員體格」於交通部航港局網站查詢。
4.本系網址: https://dme.ntou.edu.tw/；聯絡電話: (02)24622192轉7112。"
02110,國立臺灣海洋大學,系統工程暨造船學系,第二類學群,14,12,2,12,0,0,均標,0,0,後標,0,在校學業成績全校排名百分比,學測數學A級分,學測自然級分,學測英文級分,學測數學A、自然之級分總和,國語文學業成績總平均全校排名百分比,數學學業成績總平均全校排名百分比,1、在校學業成績全校排名百分比 2、學測數學A級分 3、學測自然級分 4、學測英文級分 5、學測數學A、自然之級分總和 6、國語文學業成績總平均全校排名百分比 7、數學學業成績總平均全校排名百分比,,,,,,,1.本系培養足以勝任國艦國造及離岸風電之當前國家策略性工業之海洋工程領域的工程師，學習領域涵蓋造船、結構、熱傳流體力學、機電及智慧型工程應用。2.畢業後可擔任造船、結構、機電暨自動化或熱流工程師等職務，或報考驗船師等。本系設有「先修碩士班課程」可供學生直接報考本校研究所碩士班，最快可於五年內取得學士及碩士學位。本系網址：http://se.ntou.edu.tw/；連絡電話：02-24622192轉6011-6012。
02111,國立臺灣海洋大學,河海工程學系,第二類學群,20,12,2,12,0,0,後標,0,0,後標,0,在校學業成績全校排名百分比,學測數學A級分,學測自然級分,學測國文、英文、數學A、自然之級分總和,學測英文級分,學測國文級分,數學學業成績總平均全校排名百分比,1、在校學業成績全校排名百分比 2、學測數學A級分 3、學測自然級分 4、學測國文、英文、數學A、自然之級分總和 5、學測英文級分 6、學測國文級分 7、數學學業成績總平均全校排名百分比,,,,,,,"1.本系是一個結合土木、水利與海洋工程，六十逾年來為全國唯一具防災、綠能與智慧科技領域特色之系所，已為國家培養近萬名從事土木、水利、港灣、風電等河海工程專業人才。
2.系友廣佈於公民營機構(工程顧問公司、營造廠、建設公司、政府各工程局、捷運高鐵局、水利機構、國土管理署、航港局等)。
3.本系訂有「碩士學位課程先修辦法」，供學生直接報考本校研究所碩士班，最快可於五年內取得學士及碩士學位。本系網址：https://hreweb.ntou.edu.tw。聯絡電話：(02)24622192分機6101。"
02112,國立臺灣海洋大學,機械與機電工程學系,第二類學群,22,12,3,12,0,0,均標,0,0,均標,0,在校學業成績全校排名百分比,學測數學A級分,學測自然級分,學測數學A、自然之級分總和,數學學業成績總平均全校排名百分比,物理學業成績總平均全校排名百分比,學測英文級分,1、在校學業成績全校排名百分比 2、學測數學A級分 3、學測自然級分 4、學測數學A、自然之級分總和 5、數學學業成績總平均全校排名百分比 6、物理學業成績總平均全校排名百分比 7、學測英文級分,,,,,,,"1.本系通過工程教育認證，以「專業知識、實務創新、工程倫理與前瞻視野」做為教育目標之核心；以培育機械與機電工程師為主，教學研究分為固力材料、熱流、機電控制、設計製造、微系統、實務等領域。
2.本系設有「先修碩士課程，最快可於五年內取得學士碩士學位」。
3.本系網址 https://me.ntou.edu.tw；聯絡電話(02)24622192轉3200。"
02113,國立臺灣海洋大學,海洋環境資訊系,第二類學群,11,12,2,12,0,0,均標,0,0,均標,0,在校學業成績全校排名百分比,學測數學A級分,學測自然級分,學測數學A、自然之級分總和,數學學業成績總平均全校排名百分比,物理學業成績總平均全校排名百分比,學測英文級分,1、在校學業成績全校排名百分比 2、學測數學A級分 3、學測自然級分 4、學測數學A、自然之級分總和 5、數學學業成績總平均全校排名百分比 6、物理學業成績總平均全校排名百分比 7、學測英文級分,,,,,,,1.因應全球變遷、海洋暖化等議題，海洋環境日益重要。本系為鼓勵優秀同學專心向學，設有各項獎助學金。2.本系訂有「先修碩士課程，最快可於五年內取得學士與碩士學位」及「大學部學生逕行修讀博士班辦法」。3.本系網址:https://mei.ntou.edu.tw；聯絡電話：(02)24622192轉6301。
02114,國立臺灣海洋大學,電機工程學系,第二類學群,17,12,3,12,0,均標,前標,0,0,均標,0,在校學業成績全校排名百分比,學測英文、數學A、自然之級分總和,學測數學A級分,學測英文級分,學測自然級分,學測國文級分,數學學業成績總平均全校排名百分比,1、在校學業成績全校排名百分比 2、學測英文、數學A、自然之級分總和 3、學測數學A級分 4、學測英文級分 5、學測自然級分 6、學測國文級分 7、數學學業成績總平均全校排名百分比,,,,,,,"1.本校電機系之推展，係順應臺灣產業發展、因應科技時代的脈動，對於電子電機人才之日增需求，培育電機工
程專業人才。課程設計與其他大學電機系一致，並設有完整碩、博士班。本系訂有「先修碩士課程」，學
生可直接報考本校研究所碩士班，最快可於五年內取得學士及碩士學位。2.本系系友廣佈於各大民營公司，從事半導體、通訊、電腦網路及週邊等科技產業，電力、電信等公營事業，教育、學術研究單位及政府機構等研究發展，均有傑出成就，並與母系互動良好。本系網址：https://ee.ntou.edu.tw/聯絡電話：(02)24622192轉6201。"
02115,國立臺灣海洋大學,資訊工程學系,第二類學群,18,12,3,12,0,均標,前標,0,0,均標,0,在校學業成績全校排名百分比,學測英文、數學A、自然之級分總和,學測數學A級分,學測英文級分,數學學業成績總平均全校排名百分比,資訊科技學業成績總平均全校排名百分比,物理學業成績總平均全校排名百分比,1、在校學業成績全校排名百分比 2、學測英文、數學A、自然之級分總和 3、學測數學A級分 4、學測英文級分 5、數學學業成績總平均全校排名百分比 6、資訊科技學業成績總平均全校排名百分比 7、物理學業成績總平均全校排名百分比,,,,,,,"1.本系積極推動企業實習與產學合作，讓你畢業即戰力，無縫接軌人工智慧、巨量資料、雲端運算及資訊安全等熱門領域，掌握寬廣的職涯前景。2.課程涵蓋【硬體】、【軟體】、【智慧科技(AI)】及【資訊安全】四大領域，讓你精通程式設計、系統開發與資料分析，培養解決產業實際問題的關鍵能力。3.本系設有完整碩博士班，並提供碩士先修學程，讓你能比別人更快取得碩士，甚至直攻博士學位，成為高階研發專才。
4.本系網址：https://cse.ntou.edu.tw/；聯絡電話：(02)2462-2192分機6662。"
02116,國立臺灣海洋大學,通訊與導航工程學系,第二類學群,12,12,1,12,0,均標,前標,0,0,均標,0,在校學業成績全校排名百分比,學測國文、英文、數學A、自然之級分總和,學測數學A級分,學測自然級分,學測英文級分,數學學業成績總平均全校排名百分比,物理學業成績總平均全校排名百分比,1、在校學業成績全校排名百分比 2、學測國文、英文、數學A、自然之級分總和 3、學測數學A級分 4、學測自然級分 5、學測英文級分 6、數學學業成績總平均全校排名百分比 7、物理學業成績總平均全校排名百分比,,,,,,,"1.本系注重理論與實務經驗之培養，系友分佈於各大科技公司，從事通訊、導航與控制、電子、資訊及網路產業之研發及製造工作，在教育、學術研究單位及政府機構亦有相當之發展。
2.本系設有「先修碩士班課程」，學生可直接報考本校研究所碩士班，最快可於五年內取得學士與碩士學位。
3.本系網址：https://cnce.ntou.edu.tw/；連絡電話：(02)24622192轉7201。"
02117,國立臺灣海洋大學,光電與材料科技學系,第二類學群,5,12,1,12,0,均標,前標,0,0,均標,0,在校學業成績全校排名百分比,學測國文、英文、數學A、自然之級分總和,學測數學A級分,學測自然級分,學測英文級分,數學學業成績總平均全校排名百分比,物理學業成績總平均全校排名百分比,1、在校學業成績全校排名百分比 2、學測國文、英文、數學A、自然之級分總和 3、學測數學A級分 4、學測自然級分 5、學測英文級分 6、數學學業成績總平均全校排名百分比 7、物理學業成績總平均全校排名百分比,,,,,,,1.本系為107學年度新成立招生之學系(原有「光電與材料科技學士學位學程」)，由光電所、材料所推動成立。2.本系學生未來可直接報考各校光電或材料所碩士班，若申請本系「先修碩士班課程」，最快可於五年內取得學士及碩士學位。3.本學系除注重理論與實務經驗外，更注重專題研究訓練。畢業後除可於各大科技公司從事光電、材料與半導體領域研發與製程工作，亦可朝教育、學術研究單位及政府機構發展。4.本系課程含實驗操作，基於考量實驗操作危險性與結果判斷之需要，學生須具備獨立操作能力及個人安全維護能力。5.本系網址：http://www.omt.ntou.edu.tw/；聯絡電話：(02)24622192轉6701。
02118,國立臺灣海洋大學,海洋工程科技學士學位學程,第二類學群,10,12,1,12,0,0,後標,0,0,後標,0,在校學業成績全校排名百分比,學測數學A級分,學測自然級分,學測數學A、自然之級分總和,數學學業成績總平均全校排名百分比,學測英文級分,物理學業成績總平均全校排名百分比,1、在校學業成績全校排名百分比 2、學測數學A級分 3、學測自然級分 4、學測數學A、自然之級分總和 5、數學學業成績總平均全校排名百分比 6、學測英文級分 7、物理學業成績總平均全校排名百分比,,,,,,,"1.培育海洋工程科技且具跨領域國際高階人才,招收對海洋能源與海洋海事工程領域有高度興趣及潛力學生。
2.本系修課規劃:大一、大三、大四於基隆校區修專業課程、大二至馬祖校區修共同專業課程,主要專攻海洋海事工程、海洋能源及永續發展等,鼓勵至企業實習。
3.馬祖就學期間連江縣政府補助每人就學津貼,本校亦提供每人獎助學金。
4.學生可申請本校研究所「先修碩士班課程」,最快可於五年內取得學士及碩士學位。
5.本系網頁:https://oet.ntou.edu.tw/;聯絡電話:(02)24622192轉6900。"
02119,國立臺灣海洋大學,食品科學系,第三類學群,19,5,0,0,0,均標,0,0,0,均標,0,在校學業成績全校排名百分比,學測自然級分,學測英文級分,學測國文、英文、自然之級分總和,化學學業成績總平均全校排名百分比,英語文學業成績總平均全校排名百分比,生物學業成績總平均全校排名百分比,1、在校學業成績全校排名百分比 2、學測自然級分 3、學測英文級分 4、學測國文、英文、自然之級分總和 5、化學學業成績總平均全校排名百分比 6、英語文學業成績總平均全校排名百分比 7、生物學業成績總平均全校排名百分比,,,,,,,"1.本系創系歷史悠久，系友人數眾多且就業領域廣泛，於產、官、學界皆有傑出表現。因應未來產業發展及需求，本系致力於培養具食品化學、食品生技、食品安全、營養保健及加工製造專業知識與技術之領導人才。
2.設有「先修碩士班課程」，學生最快可於五年內取得學士與碩士學位。
3.本系實驗課程極為重要，部分實驗須透過色彩判定實驗結果。
4.本系網址:http://fs.ntou.edu.tw/;聯絡電話:(02)24622192轉5101。"
02120,國立臺灣海洋大學,水產養殖學系,第三類學群,21,5,3,4,0,0,0,0,0,均標,0,在校學業成績全校排名百分比,學測國文、英文、自然之級分總和,學測自然級分,學測英文級分,生物學業成績總平均全校排名百分比,英語文學業成績總平均全校排名百分比,化學學業成績總平均全校排名百分比,1、在校學業成績全校排名百分比 2、學測國文、英文、自然之級分總和 3、學測自然級分 4、學測英文級分 5、生物學業成績總平均全校排名百分比 6、英語文學業成績總平均全校排名百分比 7、化學學業成績總平均全校排名百分比,,,,,,,"1.本系以發展水產養殖科技之理論與實務為目標，培育學生成為水產養殖與生物科技之專門技術與研發人才。
2.設有「先修碩士班課程」，最快可於五年內取得學士碩士學位。
3.本系實驗課程極為重要，基於考量實驗操作與結果判斷之需要，學生須具備獨立操作能力。
4.本系網址：https://aqua.ntou.edu.tw/；聯絡電話：（02）24622192轉5201。"
02121,國立臺灣海洋大學,生命科學暨生物科技學系,第三類學群,9,5,1,4,0,0,0,0,0,均標,0,在校學業成績全校排名百分比,學測國文、英文、自然之級分總和,學測英文級分,學測自然級分,生物學業成績總平均全校排名百分比,化學學業成績總平均全校排名百分比,英語文學業成績總平均全校排名百分比,1、在校學業成績全校排名百分比 2、學測國文、英文、自然之級分總和 3、學測英文級分 4、學測自然級分 5、生物學業成績總平均全校排名百分比 6、化學學業成績總平均全校排名百分比 7、英語文學業成績總平均全校排名百分比,,,,,,,"1.學生可申請本校研究所「先修碩士課程」，最快可於五年內取得學士碩士學位。
2.以跨領域研究為特色，推動雙實驗室協同育才模式(Dual-Engine Talent Platform)，培養具創新能力與產業競爭力的複合型高階人才，開啟生醫與智慧科技新未來。
3.本系實驗課程極為重要，部分實驗須透過色彩判定實驗結果。
4.本系網址:https://dbb.ntou.edu.tw/ 聯絡電話：（02）24622192轉5561。"
02122,國立臺灣海洋大學,環境生物與漁業科學學系,第三類學群,16,5,2,4,0,後標,後標,後標,0,0,0,在校學業成績全校排名百分比,學測英文級分,英語文學業成績總平均全校排名百分比,生物學業成績總平均全校排名百分比,數學學業成績總平均全校排名百分比,化學學業成績總平均全校排名百分比,學測自然級分,1、在校學業成績全校排名百分比 2、學測英文級分 3、英語文學業成績總平均全校排名百分比 4、生物學業成績總平均全校排名百分比 5、數學學業成績總平均全校排名百分比 6、化學學業成績總平均全校排名百分比 7、學測自然級分,,,,,,,"1.本系訂有「碩士學位課程先修辦法」,學生可直接報考本校碩士班,最快可於五年內取得學士與碩士學位。2.本系畢業系友主要服務於水產業界、政府機關、教育學術界、環境影響評估等單位。3.本系學生應選擇4-8週之陸上實習訓練或遠洋海上實習訓練,因船上空間狹小,學生行動需移動迅速,且於噪音環境中立即反應。另船艙為封閉空間,應具控管情緒之能力。4.本系學生在學期間可申請劉輝源先生獎學金、系友關懷獎學金、中華海洋生技股份有限公司獎學金及校內外多項獎學金。5.本系網址:https://fd.ntou.edu.tw/聯絡電話:(02)2462-2192轉5012、5013。"
02123,國立臺灣海洋大學,海洋生物科技學士學位學程,第三類學群,10,5,1,4,0,均標,0,0,0,均標,0,在校學業成績全校排名百分比,學測英文、自然之級分總和,學測自然級分,學測英文級分,生物學業成績總平均全校排名百分比,化學學業成績總平均全校排名百分比,英語文學業成績總平均全校排名百分比,1、在校學業成績全校排名百分比 2、學測英文、自然之級分總和 3、學測自然級分 4、學測英文級分 5、生物學業成績總平均全校排名百分比 6、化學學業成績總平均全校排名百分比 7、英語文學業成績總平均全校排名百分比,,,,,,,"1.旨在培育海洋生物科技且具跨領域國際高階人才,招收對國際海洋產業具有高度熱忱之有志青年。2.大一於基隆研修基礎專業課程、大二至馬祖校區研修共同專業課程、大三至大四於基隆依興趣選擇適當學系修習跨領域課程,包括生科、食品、養殖等學系,鼓勵獲得雙主修學位,另安排企業實習。提供優秀入學獎助學金;馬祖就學期間連江縣政府補助每人就學津貼,本校亦提供每人獎助學金。3.本系有實驗課程,部分實驗須透過色彩判定實驗結果。4.學生可申請本校研究所「先修碩士班課程」,最快可於五年內取得學士及碩士學位。網址:https://bmb.ntou.edu.tw。電話:(02)24622192轉5803。"
02201,國立高雄師範大學,國文學系,第一類學群,17,7,2,7,均標,0,0,0,均標,0,0,在校學業成績全校排名百分比,學測國文級分,國語文學業成績總平均全校排名百分比,學測社會級分,歷史學業成績總平均全校排名百分比,學測英文級分,英語文學業成績總平均全校排名百分比,1、在校學業成績全校排名百分比 2、學測國文級分 3、國語文學業成績總平均全校排名百分比 4、學測社會級分 5、歷史學業成績總平均全校排名百分比 6、學測英文級分 7、英語文學業成績總平均全校排名百分比,,,,,,,"1.本系為師資培育與非師資培育並行學系，入學後依本系相關辦法甄選後，學生可直接修習教育課程；或另通過
師資培育與就業輔導處考試修讀全校教育學程。本系師資培育生甄選辦法請參閱本系網站。
2.本系課程特色為理論與實用並重，古典與現代兼顧，歡迎有志於任教以及對於語文有興趣之同學就讀。
3.上課地點：和平校區；學系網址：https://c.nknu.edu.tw/ch/；聯絡電話：(07)7172930分機2555喬助教"
02202,國立高雄師範大學,英語學系,第一類學群,17,7,2,7,均標,前標,0,0,0,0,B級,在校學業成績全校排名百分比,英語文學業成績總平均全校排名百分比,國語文學業成績總平均全校排名百分比,學測國文、英文、社會之級分總和,學測英文級分,學測國文級分,學測社會級分,1、在校學業成績全校排名百分比 2、英語文學業成績總平均全校排名百分比 3、國語文學業成績總平均全校排名百分比 4、學測國文、英文、社會之級分總和 5、學測英文級分 6、學測國文級分 7、學測社會級分,,,,,,,"1.本系為師資培育並行學系，入學後半數新生可直接修習教育課程，或通過師資培育與就業輔導處考試修讀教育學程；本系師資培育生甄選辦法請參閱本系網站。
2.本系課程特色為理論與實用並重，文學、語言學及英語教學兼顧，歡迎有志於教育工作以及對於英語文有興趣之同學就讀。3.上課地點：和平校區；學系網址：https://english.nknu.edu.tw/；聯絡電話：(07)717-2930分機2651熊老師。"
02203,國立高雄師範大學,地理學系,第一類學群,6,7,2,7,均標,均標,0,0,均標,0,0,在校學業成績全校排名百分比,地理學業成績總平均全校排名百分比,英語文學業成績總平均全校排名百分比,國語文學業成績總平均全校排名百分比,歷史學業成績總平均全校排名百分比,地球科學學業成績總平均全校排名百分比,生物學業成績總平均全校排名百分比,1、在校學業成績全校排名百分比 2、地理學業成績總平均全校排名百分比 3、英語文學業成績總平均全校排名百分比 4、國語文學業成績總平均全校排名百分比 5、歷史學業成績總平均全校排名百分比 6、地球科學學業成績總平均全校排名百分比 7、生物學業成績總平均全校排名百分比,,,,,,,1.本系採師資培育生與非師資培育生並行，新生入學後可依本校及學系相關辦法成為師資生，或依本校相關規定考試錄取後，修習教育學程。2.本系提供五年一貫修讀學、碩士學位，歡迎有志從事地理教育、環境資源管理、地方特色發展與空間規劃等領域者就讀。3.本系有必修之野外實察課程，如:步入山林鄉野、河川溪谷、珊瑚礁、礫石灘等地區，或依各主題進行現場調查，需具有良好體能、移動能力。4.本系學生得申請校內、外及本系各類獎助學金，或申請擔任教學/研究助理。5.本系學生得申請至美、日、德、韓、中國等進行交換。6.上課地點：和平校區；學系網址：https://geo.nknu.edu.tw；聯絡電話：(07)7172930轉2701-2702。
02204,國立高雄師範大學,教育學系,第一類學群,7,7,3,7,均標,均標,0,均標,均標,0,0,在校學業成績全校排名百分比,學測國文級分,學測英文級分,學測數學B級分,國語文學業成績總平均全校排名百分比,英語文學業成績總平均全校排名百分比,數學學業成績總平均全校排名百分比,1、在校學業成績全校排名百分比 2、學測國文級分 3、學測英文級分 4、學測數學B級分 5、國語文學業成績總平均全校排名百分比 6、英語文學業成績總平均全校排名百分比 7、數學學業成績總平均全校排名百分比,,,,,,,"1.本系為師資培育學系，本年度入學新生皆為師資培育生。
2.本系致力培育中等教育階段教師及教育行政人員，希望招收具有教育與社會服務熱忱、良好學習態度
與方法及教育專業知能之學生至本系就讀。
3.本系提供19項獎學金供學生申請，詳情可至本系網頁獎學金專區查詢(https://reurl.cc/GNR1AZ)。
4.上課地點：和平校區；學系網址：https://c.nknu.edu.tw/edu/；聯絡電話：07-7172930轉2151~2155。"
02205,國立高雄師範大學,特殊教育學系,第一類學群,8,7,2,7,均標,均標,0,均標,0,0,0,在校學業成績全校排名百分比,學測國文級分,學測英文級分,學測數學B級分,國語文學業成績總平均全校排名百分比,英語文學業成績總平均全校排名百分比,數學學業成績總平均全校排名百分比,1、在校學業成績全校排名百分比 2、學測國文級分 3、學測英文級分 4、學測數學B級分 5、國語文學業成績總平均全校排名百分比 6、英語文學業成績總平均全校排名百分比 7、數學學業成績總平均全校排名百分比,,,,,,,"1.本系為師資培育學系，入學新生皆為師資培育生。
2.本系培育特殊教育及特教相關專業人才為宗旨。
3.上課地點：和平校區；學習網址：http：//spe.nknu.edu.tw/ 連絡電話 (07)7172930分機2301、2324"
02206,國立高雄師範大學,事業經營學系,第一類學群,5,7,2,7,均標,均標,0,均標,0,0,0,在校學業成績全校排名百分比,學測英文級分,學測數學B級分,學測國文級分,英語文學業成績總平均全校排名百分比,數學學業成績總平均全校排名百分比,國語文學業成績總平均全校排名百分比,1、在校學業成績全校排名百分比 2、學測英文級分 3、學測數學B級分 4、學測國文級分 5、英語文學業成績總平均全校排名百分比 6、數學學業成績總平均全校排名百分比 7、國語文學業成績總平均全校排名百分比,,,,,,,"1.本系為非師資培育學系，有意修習教育學程之學生，可於入學後參加師資培育與就業輔導處考試，取得修讀教育學程資格。
2.本系目標在培育具有經營管理知能、專業倫理與創新、創意、創業家精神之事業經營人才。
3.上課地點：和平校區;學系網址:https://c.nknu.edu.tw/BM/;聯絡電話：07-7172930 分機2202。"
02207,國立高雄師範大學,工業設計學系,第一類學群,7,7,2,7,0,後標,0,後標,0,0,0,在校學業成績全校排名百分比,學測英文級分,英語文學業成績總平均全校排名百分比,學測數學B級分,數學學業成績總平均全校排名百分比,學測社會級分,學測自然級分,1、在校學業成績全校排名百分比 2、學測英文級分 3、英語文學業成績總平均全校排名百分比 4、學測數學B級分 5、數學學業成績總平均全校排名百分比 6、學測社會級分 7、學測自然級分,,,,,,,"1.本系為非師資培育學系;有意修習教育學程之學生,可於入學後參加師資培育與就業輔導處考試,取得修讀教育學程資格2.本系提供五年一貫修讀學、碩士學位，歡迎有興趣在：產品設計、界面設計、交通工具、AI智能科技誇域設計等領域者就讀。3.本系學生得申請至美、日、德、韓、中等國進行交換。4.上課地點:燕巢校區；學系網址:https://id.nknu.edu.tw/；聯絡電話:(07)7172930 分機7801~7803 陳助教"
02208,國立高雄師範大學,數學系數學組,第二類學群,7,9,2,8,0,0,均標,0,0,0,0,在校學業成績全校排名百分比,學測數學A級分,學測英文級分,學測自然級分,數學學業成績總平均全校排名百分比,英語文學業成績總平均全校排名百分比,物理學業成績總平均全校排名百分比,1、在校學業成績全校排名百分比 2、學測數學A級分 3、學測英文級分 4、學測自然級分 5、數學學業成績總平均全校排名百分比 6、英語文學業成績總平均全校排名百分比 7、物理學業成績總平均全校排名百分比,,,,,,,"1.數學組為師資培育學系(教育課程為必修課程)。
2.本系歷史悠久師資完整，兼具理論及應用數學等多元化課程，能支持學生畢業後升學及就業的多元化發展。
3.本校上課地點：燕巢校區；學系網址：https://gauss.nknu.edu.tw/；連絡電話：(07)7172930 分機6801高先生。"
02209,國立高雄師範大學,數學系應用數學組,第二類學群,7,9,2,8,0,0,均標,0,0,0,0,在校學業成績全校排名百分比,學測數學A級分,學測英文級分,學測自然級分,數學學業成績總平均全校排名百分比,英語文學業成績總平均全校排名百分比,物理學業成績總平均全校排名百分比,1、在校學業成績全校排名百分比 2、學測數學A級分 3、學測英文級分 4、學測自然級分 5、數學學業成績總平均全校排名百分比 6、英語文學業成績總平均全校排名百分比 7、物理學業成績總平均全校排名百分比,,,,,,,"1.應用數學組為非師資培育學系；有意修習教育學程之學生，可於入學後參加師資培育與就業輔導處考試，取得修讀教育學程資格。
2.本系歷史悠久師資完整，兼具理論及應用數學等多元化課程，能支持學生畢業後升學及就業的多元化發展。
3.上課地點：燕巢校區；本系網址：https://gauss.nknu.edu.tw/；連絡電話：(07)7172930 分機6801高先生。"
02210,國立高雄師範大學,化學系,第二類學群,7,9,2,8,0,均標,均標,0,0,均標,0,在校學業成績全校排名百分比,化學學業成績總平均全校排名百分比,學測自然級分,英語文學業成績總平均全校排名百分比,學測英文級分,數學學業成績總平均全校排名百分比,學測數學A級分,1、在校學業成績全校排名百分比 2、化學學業成績總平均全校排名百分比 3、學測自然級分 4、英語文學業成績總平均全校排名百分比 5、學測英文級分 6、數學學業成績總平均全校排名百分比 7、學測數學A級分,,,,,,,"1.本系為師資培育並行學系(可同時培育中等學校「自然科學領域化學專長」及高級中等學校「化工群」)。
2.操作實驗為本系學習之重點,學生均需透過親自操作儀器,奠定化學基礎專業知識與實驗技能,部分實驗須透過色彩判定實驗結果。
3.上課地點:燕巢校區；本系網址:https://sso.nknu.edu.tw/Services/Site/index.aspx?cLv2=203012；聯絡電話:(07)7172930 分機7101"
02211,國立高雄師範大學,物理學系,第二類學群,10,9,1,8,0,均標,均標,0,0,均標,0,在校學業成績全校排名百分比,學測數學A級分,學測自然級分,物理學業成績總平均全校排名百分比,數學學業成績總平均全校排名百分比,學測英文級分,學測國文級分,1、在校學業成績全校排名百分比 2、學測數學A級分 3、學測自然級分 4、物理學業成績總平均全校排名百分比 5、數學學業成績總平均全校排名百分比 6、學測英文級分 7、學測國文級分,,,,,,,"1.本系採師培與非師培並行。有意願成為中等學校教師者，可依本校及本系相關規定修習教育課程。
2.本系入學後每年有不定額公費生名額可供師資生報考，錄取後經培育可直接分發學校任教。
3.本系課程已納入「台積電半導體學程」，修畢即可獲得台積電證書，並有機會參加面試。
4.本系師資研究領域廣泛，包含:半導體物理、凝態物理、複雜系統...等六大領域，非常歡迎對物理學有興趣者申請。
5.上課地點：燕巢校區；學系網址：https://phy.nknu.edu.tw；聯絡電話：(07) 7172930 分機 7204 温助教。"
02212,國立高雄師範大學,工業科技教育學系科技教育與訓練組,第二類學群,4,9,0,0,0,0,均標,0,0,均標,0,在校學業成績全校排名百分比,學測數學A級分,學測英文級分,學測自然級分,學測國文級分,數學學業成績總平均全校排名百分比,英語文學業成績總平均全校排名百分比,1、在校學業成績全校排名百分比 2、學測數學A級分 3、學測英文級分 4、學測自然級分 5、學測國文級分 6、數學學業成績總平均全校排名百分比 7、英語文學業成績總平均全校排名百分比,,,,,,,"1.本組為師資培育生。
2.本學系課程需操作機器,應具良好之體能、移動能力、相當之視覺、聽覺功能及口語表達、辦別顏色能力
、具人際互動溝通協調能力、能控管自身情緒。
3.上課地點:燕巢校區;學系網址:https://ite.nknu.edu.tw;聯絡電話:(07)7172930 分機7602。"
02213,國立高雄師範大學,工業科技教育學系能源與冷凍空調組,第二類學群,4,9,1,8,0,0,均標,0,0,均標,0,在校學業成績全校排名百分比,學測數學A級分,學測英文級分,學測自然級分,學測國文級分,英語文學業成績總平均全校排名百分比,數學學業成績總平均全校排名百分比,1、在校學業成績全校排名百分比 2、學測數學A級分 3、學測英文級分 4、學測自然級分 5、學測國文級分 6、英語文學業成績總平均全校排名百分比 7、數學學業成績總平均全校排名百分比,,,,,,,"1.本組非師資培育生,有意修習教育學程之學生,可於入學後參加師資培育與就業輔導處考試,取得修讀教育學程資格。
2.本學系課程需操作機器,應具良好之體能、移動能力、相當之視覺、聽覺功能及口語表達、辦別顏色能力、具人際互動溝通協調能力、能控管自身情緒。
3.台灣日立江森自控空調設備股份有限公司提供能源與冷凍空調組成績優異學生獎學金數名。
4.上課地點:燕巢校區;學系網址:https://ite.nknu.edu.tw;聯絡電話:(07)7172930 分機7602。"
02214,國立高雄師範大學,電機工程學系,第二類學群,10,9,2,8,0,0,均標,0,0,均標,0,在校學業成績全校排名百分比,學測英文、數學A、自然之級分總和,學測自然級分,學測數學A級分,物理學業成績總平均全校排名百分比,數學學業成績總平均全校排名百分比,學測英文級分,1、在校學業成績全校排名百分比 2、學測英文、數學A、自然之級分總和 3、學測自然級分 4、學測數學A級分 5、物理學業成績總平均全校排名百分比 6、數學學業成績總平均全校排名百分比 7、學測英文級分,,,,,,,"1.本系課程規劃聚焦於三大主軸：通訊系統與電波、光電與半導體、計算機與智慧控制。
2.本系教育目標為培育學生具備專業知識與實務能力之電機高科技產業研發人才。
3.提供在校生選修「中等學校師資類科教育學程」之電機與資電專長甄選保障名額。
4.上課地點：燕巢校區；學校網址https://elec.nknu.edu.tw/，聯絡電話：07-717-2930分機7701呂助教。"
02215,國立高雄師範大學,電子工程學系,第二類學群,8,9,1,8,0,均標,均標,0,0,均標,0,在校學業成績全校排名百分比,學測英文、數學A、自然之級分總和,學測數學A級分,學測自然級分,學測英文級分,數學學業成績總平均全校排名百分比,物理學業成績總平均全校排名百分比,1、在校學業成績全校排名百分比 2、學測英文、數學A、自然之級分總和 3、學測數學A級分 4、學測自然級分 5、學測英文級分 6、數學學業成績總平均全校排名百分比 7、物理學業成績總平均全校排名百分比,,,,,,,1.本系主要發展為目前電資相關系所熱門領域，包括半導體元件設計製造、積體電路(IC)與系統設計、微波元件與電路設計等。我們積極與多間國內知名企業合作，並共同開設產業課程，落實學用合一提升就業競爭力。2.歷屆畢業生在升學及校外專業競賽均有優異的表現，期望培養具備堅實理論知識和實際技能的高科技電子專業人才。3.111學年起本系新增中等學校師資類科教育學程「資電」與「電機」專長甄選保障名額共10名，為本系畢業生提供未來從事教育工作的機會。4.本系課程已納入「台積電半導體學程」，修畢即可獲得台積電證書，並有機會參加面試。5.學系網址：https://ee.nknu.edu.tw/；連絡電話：(07)7172930#7901邱小姐。
02216,國立高雄師範大學,軟體工程與管理學系,第二類學群,4,9,2,8,0,0,均標,0,0,0,0,在校學業成績全校排名百分比,學測國文、英文、數學A之級分總和,數學學業成績總平均全校排名百分比,學測英文級分,英語文學業成績總平均全校排名百分比,學測國文級分,國語文學業成績總平均全校排名百分比,1、在校學業成績全校排名百分比 2、學測國文、英文、數學A之級分總和 3、數學學業成績總平均全校排名百分比 4、學測英文級分 5、英語文學業成績總平均全校排名百分比 6、學測國文級分 7、國語文學業成績總平均全校排名百分比,,,,,,,"1.本系為非師資培育生，欲修習教育學程同學，可於入學後參加師資培育與就業輔導處考試通過後，修習教育
程，本校配有資訊科技教育學程之名額，錄取資格依本校相關規定辦理。
2.本學系課程需操作機器，應具適當之體態、移動能力，需具相當之視覺、聽覺功能及口語表達、辦別顏色能
，具人際互動溝通協調能力。
3.本系部分課程已納入「台積電半導體學程」，修畢即可獲得台積電證書，並有機會參加面試。
4.上課地點：燕巢校區；學系網址：https://dept.nknu.edu.tw/WE/zh/；聯絡電話：(07)717-2930轉8001。"
02217,國立高雄師範大學,生物科技系,第三類學群,10,1,2,1,0,0,0,0,0,均標,0,在校學業成績全校排名百分比,生物學業成績總平均全校排名百分比,學測自然級分,英語文學業成績總平均全校排名百分比,學測英文級分,國語文學業成績總平均全校排名百分比,學測國文級分,1、在校學業成績全校排名百分比 2、生物學業成績總平均全校排名百分比 3、學測自然級分 4、英語文學業成績總平均全校排名百分比 5、學測英文級分 6、國語文學業成績總平均全校排名百分比 7、學測國文級分,,,,,,,"1.本系為師資培育與非師資培育並行學系。
2.本系提供多樣化課程設計與實驗操作，安排學生參與專題研究與科學教育推廣，並邀請產業專家講座，培養學生分析與解決問題能力，產業視野與就業競爭力。
3.操作實驗為本系學習之重點，學生均需透過親自操作儀器奠定生物基礎專業知識與實驗技能，部分實驗須透過色彩判定實驗結果。生物實驗具有一定危險性，需有能力即時移動身軀遠離危險現場。
4.上課地點：燕巢校區；本系網址：https://c.nknu.edu.tw/bio/；聯絡電話：(07)7172930分機7302 林小姐。"
02218,國立高雄師範大學,美術學系,第五類學群,7,2,0,0,均標,0,0,0,0,0,0,在校學業成績全校排名百分比,美術學業成績總平均全校排名百分比,術科考試素描分數,術科考試創意表現分數,國語文學業成績總平均全校排名百分比,學測國文級分,學測英文級分,1、在校學業成績全校排名百分比 2、美術學業成績總平均全校排名百分比 3、術科考試素描分數 4、術科考試創意表現分數 5、國語文學業成績總平均全校排名百分比 6、學測國文級分 7、學測英文級分,素描:均標；彩繪技法:--；創意表現:均標；水墨書畫:--；美術鑑賞:--,,,,,,"1.本系採師資培育生與非師資培育生並行，入學後依本系所訂相關辦法，學生可直接修習教育課程，或經由師
資培育與就業輔導處考試修習教育學程。
2.本系課程規劃目標在當代藝術創作技巧、理論與展演實務。目標培養多元創意之文化創意人才。同時，透過科技產業進駐高雄，強化藝術結合科技領域之新媒體藝術創作課程。
3.本系課程著重在視覺認知培養與訓練，包含色彩、技法、造型等等，須具辨色能力。
4.上課地點：和平校區；學系網址：https://arts.nknu.edu.tw；聯絡電話：07-7172930轉3201"
02219,國立高雄師範大學,視覺設計學系,第五類學群,5,2,2,1,均標,0,0,0,0,0,0,在校學業成績全校排名百分比,術科考試創意表現分數,術科考試素描分數,學測國文級分,學測英文級分,美術學業成績總平均全校排名百分比,國語文學業成績總平均全校排名百分比,1、在校學業成績全校排名百分比 2、術科考試創意表現分數 3、術科考試素描分數 4、學測國文級分 5、學測英文級分 6、美術學業成績總平均全校排名百分比 7、國語文學業成績總平均全校排名百分比,素描:均標；彩繪技法:--；創意表現:均標；水墨書畫:--；美術鑑賞:--,,,,,,"1.本系為非師資培育學系；有意修習教育課程之學生，可於入學後參加師資培育與就業輔導處考試，取得修讀教
育學程資格。
2.本系課程著重在視覺認知培養與訓練，包含色彩、繪圖軟體應用等等，需具備辨色能力。
3.上課地點：和平校區；學系網址：https://nknu-vd.com/；聯絡電話：(07)7172930分機3011~3012。"
02220,國立高雄師範大學,體育學系,第七類學群,7,1,1,1,均標,底標,0,底標,0,0,0,在校學業成績全校排名百分比,學測英文級分,學測國文級分,學測自然級分,學測數學B級分,術科考試體育(百分等級),英語文學業成績總平均全校排名百分比,1、在校學業成績全校排名百分比 2、學測英文級分 3、學測國文級分 4、學測自然級分 5、學測數學B級分 6、術科考試體育(百分等級) 7、英語文學業成績總平均全校排名百分比,體育(百分等級):底標,,,,,,"1.本系為師資培育與非師資培育並行學系,入學後依本系相關辦法,學生可直接修習教育課程;或通過師資培育
與就業輔導處考試修讀教育學程。
2.本系課程有各項體育技能訓練課程,並有大量劇烈體能活動。
3.上課地點:和平校區;學系網址:https://c.nknu.edu.tw/pe/;聯絡電話:07-7172930轉2901"
02301,國立彰化師範大學,輔導與諮商學系學校輔導與諮商組,第一類學群,10,12,1,10,前標,前標,0,均標,均標,0,0,在校學業成績全校排名百分比,國語文學業成績總平均全校排名百分比,學測國文、英文、社會之級分總和,學測國文級分,學測英文級分,學測社會級分,學測數學B級分,1、在校學業成績全校排名百分比 2、國語文學業成績總平均全校排名百分比 3、學測國文、英文、社會之級分總和 4、學測國文級分 5、學測英文級分 6、學測社會級分 7、學測數學B級分,,,,,,,一、本組均可修習教育學程。二、畢業出路包括:國中專任輔導教師、國中綜合活動領域教師、高中職專任輔導教師或生涯規劃學科教師；學生事務人員、社區輔導人員、企業人力資源與員工協助方案人員、復健諮商人員、通過高考成為觀護人、心理測驗員、心理輔導員、人事人員、社會工作師或進修碩士成為諮商心理師等。三、適合具助人與服務熱忱、有愛心、追求自我了解與自我成長、有志從事教職與助人工作或對心理學有興趣者就讀。四、本系網址：https://gc.ncue.edu.tw/，聯絡電話:04-7232105#2203，電子信箱：erin@cc.ncue.edu.tw。
02302,國立彰化師範大學,輔導與諮商學系社區輔導與諮商組,第一類學群,10,12,1,10,前標,前標,0,均標,均標,0,0,在校學業成績全校排名百分比,國語文學業成績總平均全校排名百分比,學測國文、英文、社會之級分總和,學測國文級分,學測英文級分,學測社會級分,學測數學B級分,1、在校學業成績全校排名百分比 2、國語文學業成績總平均全校排名百分比 3、學測國文、英文、社會之級分總和 4、學測國文級分 5、學測英文級分 6、學測社會級分 7、學測數學B級分,,,,,,,一、本組均可修習社會工作學程或甄選修習教育學程。二、畢業出路包括:可甄選修習教育學程以擔任國中專任輔導教師、國中綜合活動領域教師、高中職專任輔導教師或生涯規劃學科教師；學生事務人員、社區輔導人員、企業人力資源與員工協助方案人員、復健諮商人員、通過高考成為觀護人、心理測驗員、心理輔導員、人事人員、社會工作師或進修碩士成為諮商心理師等。三、適合具助人與服務熱忱、有愛心、追求自我了解與自我成長、有志從事助人工作與教職或對心理學有興趣者就讀。四、本系網址：https://gc.ncue.edu.tw/，聯絡電話:04-7232105#2203，電子信箱：erin@cc.ncue.edu.tw。
02303,國立彰化師範大學,特殊教育學系,第一類學群,6,12,0,0,均標,均標,0,均標,均標,0,0,在校學業成績全校排名百分比,學測國文、英文、數學B、社會之級分總和,學測國文級分,學測英文級分,學測數學B級分,數學學業成績總平均全校排名百分比,英語文學業成績總平均全校排名百分比,1、在校學業成績全校排名百分比 2、學測國文、英文、數學B、社會之級分總和 3、學測國文級分 4、學測英文級分 5、學測數學B級分 6、數學學業成績總平均全校排名百分比 7、英語文學業成績總平均全校排名百分比,,,,,,,本系為全師培系所，目標在於培養優質特殊教育人才、深化特殊教育學術研究、引導特殊教育全面發展及促進社會關懷與融合。
02304,國立彰化師範大學,英語學系,第一類學群,9,12,3,10,均標,前標,0,0,均標,0,0,在校學業成績全校排名百分比,學測英文級分,學測國文級分,學測社會級分,英語文學業成績總平均全校排名百分比,國語文學業成績總平均全校排名百分比,歷史學業成績總平均全校排名百分比,1、在校學業成績全校排名百分比 2、學測英文級分 3、學測國文級分 4、學測社會級分 5、英語文學業成績總平均全校排名百分比 6、國語文學業成績總平均全校排名百分比 7、歷史學業成績總平均全校排名百分比,,,,,,,"1.本系教育目標為(1)培養各級學校英語文師資(2)培養符合時代需求之英外語文專業人才。
2.本系為師培生與非師培生並行學系，欲修習教育學程者，悉依本校相關規定辦理。"
02305,國立彰化師範大學,國文學系,第一類學群,13,12,2,10,前標,0,0,0,均標,0,0,在校學業成績全校排名百分比,學測國文級分,學測英文級分,學測社會級分,國語文學業成績總平均全校排名百分比,英語文學業成績總平均全校排名百分比,歷史學業成績總平均全校排名百分比,1、在校學業成績全校排名百分比 2、學測國文級分 3、學測英文級分 4、學測社會級分 5、國語文學業成績總平均全校排名百分比 6、英語文學業成績總平均全校排名百分比 7、歷史學業成績總平均全校排名百分比,,,,,,,"1.本系為師培生與非師培生並行學系。
2.培養熱愛語文與文化，探索人文創作，有志成為中學國文教師、本土語教師、華語教師、經典轉譯傳播、中文檢定設計和AI數位人文應用人才。
3.本系學生可申請國際處提供之交換生甄選機會至姊妹校進行交換。
4.本系學生得申請校方各類獎助學金或申請擔任教學/研究助理。"
02306,國立彰化師範大學,地理學系,第一類學群,6,12,1,10,0,均標,0,均標,均標,0,0,在校學業成績全校排名百分比,學測社會級分,學測英文級分,學測數學B級分,地理學業成績總平均全校排名百分比,地球科學學業成績總平均全校排名百分比,英語文學業成績總平均全校排名百分比,1、在校學業成績全校排名百分比 2、學測社會級分 3、學測英文級分 4、學測數學B級分 5、地理學業成績總平均全校排名百分比 6、地球科學學業成績總平均全校排名百分比 7、英語文學業成績總平均全校排名百分比,,,,,,,1.核心目標：本系肩負「中學地理教師培育」任務，並以「永續環境，韌性社會」為核心，聚焦環境變遷與災害治理、空間分析、城鄉規劃、區域發展、綠色淨零等五大領域。2.本系採師培與非師培並行，新生可依規定成為師資生，修習教育學程。3.學生可申請校方各類獎助學金，並可擔任教學/研究助理，以及申請赴美、歐盟、日、韓、大陸等地交換。4.提供「空間資訊」與「環境教育暨觀光遊憩」學分學程，以及碩士學位課程先修機制，助學生多元發展。5.課程涵蓋自然與人文地理之田野調查、實察活動，以及空間資料科學與人工智慧課程。6.本系網址:https://geo3w.ncue.edu.tw/，聯絡電話:(04)7232105轉2806，電子信箱:hsinlu@cc.ncue.edu.tw。
02307,國立彰化師範大學,企業管理學系,第一類學群,8,12,1,10,均標,前標,後標,均標,0,0,0,在校學業成績全校排名百分比,學測國文、英文之級分總和,學測英文級分,學測國文級分,學測社會級分,英語文學業成績總平均全校排名百分比,公民與社會學業成績總平均全校排名百分比,1、在校學業成績全校排名百分比 2、學測國文、英文之級分總和 3、學測英文級分 4、學測國文級分 5、學測社會級分 6、英語文學業成績總平均全校排名百分比 7、公民與社會學業成績總平均全校排名百分比,,,,,,,1.本系學生得申請至美國加州州立大學修習2+2雙聯學位，或至美、日、德、韓、大陸等進行交換。2.為提昇學生就業競爭力，本系提供多項國內外企業實習機會。3.本系學生得申請校方各類獎助學金，或申請擔任教學/研究助理。4.本系有提供本系學生出國交換獎學金及續讀本系碩士班獎學金。5.本系學生得申請修習教育學程，於通過檢定及甄試後擔任高中職教師。6.本系畢業生多繼續就讀國內外優質研究所或於知名企業順利就業。7.聯絡方式：04-7232105轉7405。
02308,國立彰化師範大學,會計學系,第一類學群,13,12,0,0,均標,前標,後標,均標,0,0,0,在校學業成績全校排名百分比,學測國文、英文之級分總和,學測英文級分,學測國文級分,英語文學業成績總平均全校排名百分比,數學學業成績總平均全校排名百分比,國語文學業成績總平均全校排名百分比,1、在校學業成績全校排名百分比 2、學測國文、英文之級分總和 3、學測英文級分 4、學測國文級分 5、英語文學業成績總平均全校排名百分比 6、數學學業成績總平均全校排名百分比 7、國語文學業成績總平均全校排名百分比,,,,,,,"1.本系為本校熱門科系，亦是台灣四大會計師事務所錄取之重點學校，學生畢業前即已取得聘書，畢業即就業。為培育學生財務會計、管理會計、審計、會計資訊系統核心專業能力，與國際型會計師事務所合作開設會計師實務課程，提供學生多元化的學習環境並與實務接軌。
2.本系網址：https://acc.ncue.edu.tw/，聯絡電話：04-7232105轉7506，電子信箱：linlh@cc.ncue.edu.tw。"
02309,國立彰化師範大學,資訊管理學系資訊管理組,第一類學群,5,12,1,10,均標,均標,0,均標,0,0,0,在校學業成績全校排名百分比,學測國文、英文、數學B之級分總和,學測英文級分,學測數學B級分,學測國文級分,數學學業成績總平均全校排名百分比,英語文學業成績總平均全校排名百分比,1、在校學業成績全校排名百分比 2、學測國文、英文、數學B之級分總和 3、學測英文級分 4、學測數學B級分 5、學測國文級分 6、數學學業成績總平均全校排名百分比 7、英語文學業成績總平均全校排名百分比,,,,,,,"1.本系師資優良，實驗室設備完善，師生學術與實務表現優異。畢業生同時具備資訊管理與數位內容專長，出路極為廣泛，就業市場寬廣，亦可至國內外大學與研究機構繼續深造。
2.本系網址：https://imweb.ncue.edu.tw/，聯絡電話：04-7232105轉7605、電子信箱：imoffice@gm.ncue.edu.tw。"
02310,國立彰化師範大學,資訊管理學系數位內容科技與管理組,第一類學群,4,12,1,10,均標,均標,0,均標,0,0,0,在校學業成績全校排名百分比,學測國文、英文、數學B之級分總和,學測英文級分,學測數學B級分,學測國文級分,數學學業成績總平均全校排名百分比,英語文學業成績總平均全校排名百分比,1、在校學業成績全校排名百分比 2、學測國文、英文、數學B之級分總和 3、學測英文級分 4、學測數學B級分 5、學測國文級分 6、數學學業成績總平均全校排名百分比 7、英語文學業成績總平均全校排名百分比,,,,,,,"1.本系師資優良，實驗室設備完善，師生學術與實務表現優異。畢業生同時具備資訊管理與數位內容專長，出路極為廣泛，就業市場寬廣，亦可至國內外大學與研究機構繼續深造。
2.本系網址：https://imweb.ncue.edu.tw/，聯絡電話：04-7232105轉7605、電子信箱：imoffice@gm.ncue.edu.tw。"
02311,國立彰化師範大學,公共事務與公民教育學系公民教育組,第一類學群,4,12,1,10,0,0,0,0,均標,0,0,在校學業成績全校排名百分比,學測國文、英文、社會之級分總和,學測社會級分,學測國文級分,學測英文級分,公民與社會學業成績總平均全校排名百分比,國語文學業成績總平均全校排名百分比,1、在校學業成績全校排名百分比 2、學測國文、英文、社會之級分總和 3、學測社會級分 4、學測國文級分 5、學測英文級分 6、公民與社會學業成績總平均全校排名百分比 7、國語文學業成績總平均全校排名百分比,,,,,,,"1.本系以培育公共事務專業人才和中等學校公民教育師資為目標，歡迎對公共事務或公民教育工作有熱忱和興趣之同學報考，有志成為中等學校教師者，可依相關辦法修習教育學程。
2.本系網址：https://sites.google.com/gm.ncue.edu.tw/pace，聯絡電話：04-7232105轉1937，電子信箱：pace@gm.ncue.edu.tw。"
02312,國立彰化師範大學,公共事務與公民教育學系公共事務組,第一類學群,4,12,1,10,0,0,0,0,均標,0,0,在校學業成績全校排名百分比,學測國文、英文、社會之級分總和,學測社會級分,學測國文級分,學測英文級分,公民與社會學業成績總平均全校排名百分比,國語文學業成績總平均全校排名百分比,1、在校學業成績全校排名百分比 2、學測國文、英文、社會之級分總和 3、學測社會級分 4、學測國文級分 5、學測英文級分 6、公民與社會學業成績總平均全校排名百分比 7、國語文學業成績總平均全校排名百分比,,,,,,,"1.本系以培育公共事務專業人才和中等學校公民教育師資為目標，歡迎對公共事務或公民教育工作有熱忱和興趣之同學報考，有志成為中等學校教師者，可依相關辦法修習教育學程。
2.本系網址：https://sites.google.com/gm.ncue.edu.tw/pace，聯絡電話：04-7232105轉1937，電子信箱：pace@gm.ncue.edu.tw。"
02313,國立彰化師範大學,數學系,第二類學群,13,9,2,8,均標,均標,均標,0,0,均標,0,在校學業成績全校排名百分比,學測數學A級分,學測自然級分,學測英文級分,學測國文級分,數學學業成績總平均全校排名百分比,英語文學業成績總平均全校排名百分比,1、在校學業成績全校排名百分比 2、學測數學A級分 3、學測自然級分 4、學測英文級分 5、學測國文級分 6、數學學業成績總平均全校排名百分比 7、英語文學業成績總平均全校排名百分比,,,,,,,"1.本系以培育具數學、統計及資訊專業知識，數理邏輯與獨立思考能力之人才，並培育中等學校師資。
2.本系為師範院校中少數以研究教學並重之系所，研究成果豐碩。
3.未來將持續轉型為一般綜合大學的數學系，朝多元發展，並兼顧師資培育的重責大任。
4.本系網址：https://math.ncue.edu.tw/，聯絡電話：04-7232105轉3205，電子信箱：math@gm.ncue.edu.tw。"
02314,國立彰化師範大學,物理學系物理組,第二類學群,6,9,1,8,0,均標,均標,0,0,均標,0,在校學業成績全校排名百分比,學測數學A級分,學測自然級分,學測英文級分,物理學業成績總平均全校排名百分比,數學學業成績總平均全校排名百分比,英語文學業成績總平均全校排名百分比,1、在校學業成績全校排名百分比 2、學測數學A級分 3、學測自然級分 4、學測英文級分 5、物理學業成績總平均全校排名百分比 6、數學學業成績總平均全校排名百分比 7、英語文學業成績總平均全校排名百分比,,,,,,,"1.本系歡迎對物理、物理教育或光電科技有興趣的同學報考。
2.本系為師培與非師培並行學系。有志成為中等學校教師者，可於入學後依本系相關辦法參加師資培育生甄選，亦得參加本校師培中心教育學程生甄選。取得資格後，可依相關辦法修習教育學分。"
02315,國立彰化師範大學,物理學系光電組,第二類學群,6,9,1,8,0,均標,均標,0,0,均標,0,在校學業成績全校排名百分比,學測數學A級分,學測自然級分,學測英文級分,物理學業成績總平均全校排名百分比,數學學業成績總平均全校排名百分比,英語文學業成績總平均全校排名百分比,1、在校學業成績全校排名百分比 2、學測數學A級分 3、學測自然級分 4、學測英文級分 5、物理學業成績總平均全校排名百分比 6、數學學業成績總平均全校排名百分比 7、英語文學業成績總平均全校排名百分比,,,,,,,"1.本系歡迎對物理、物理教育或光電科技有興趣的同學報考。
2.本系為師培與非師培並行學系。有志成為中等學校教師者，可於入學後依本系相關辦法參加師資培育生甄選，亦得參加本校師培中心教育學程生甄選。取得資格後，可依相關辦法修習教育學分。"
02316,國立彰化師範大學,化學系,第二類學群,11,9,1,8,0,0,均標,0,0,均標,0,在校學業成績全校排名百分比,學測自然級分,學測數學A級分,化學學業成績總平均全校排名百分比,數學學業成績總平均全校排名百分比,英語文學業成績總平均全校排名百分比,物理學業成績總平均全校排名百分比,1、在校學業成績全校排名百分比 2、學測自然級分 3、學測數學A級分 4、化學學業成績總平均全校排名百分比 5、數學學業成績總平均全校排名百分比 6、英語文學業成績總平均全校排名百分比 7、物理學業成績總平均全校排名百分比,,,,,,,"1.歡迎對化學有興趣，有志從事化學相關工作或化學教育的同學申請。
2.操作實驗為本系學習之重點，學生均需透過親自操作儀器奠定化學基礎專業知識與實驗技能，部分實驗須透過色彩判定實驗結果。化學實驗具有一定危險性，需有能力即時移動身軀遠離危險現場。
3.欲選修教育學程者，悉依本校相關規定辦理。
4.學系網址：https://chemweb.ncue.edu.tw/ 。"
02317,國立彰化師範大學,智慧車輛工程學系,第二類學群,1,9,0,0,均標,均標,前標,0,0,前標,0,在校學業成績全校排名百分比,學測英文、數學A、自然之級分總和,學測自然級分,學測英文級分,學測數學A級分,學測國文級分,數學學業成績總平均全校排名百分比,1、在校學業成績全校排名百分比 2、學測英文、數學A、自然之級分總和 3、學測自然級分 4、學測英文級分 5、學測數學A級分 6、學測國文級分 7、數學學業成績總平均全校排名百分比,,,,,,,"1.本系提供智慧車輛學習與研究的環境，讓學生透過實作課程、專題製作與產學合作進行產業實習累積經驗，畢業後可從事智慧車輛研發、車輛測試、電動車檢測等相關工作或繼續在本校研究所進修。
2.本系網址：https://dive.ncue.edu.tw/，聯絡電話：04-7232105轉7185，電子信箱：dive@gm.ncue.edu.tw。"
02318,國立彰化師範大學,機電工程學系,第二類學群,9,9,1,8,均標,均標,前標,0,0,均標,0,在校學業成績全校排名百分比,學測國文、英文、數學A、自然之級分總和,學測數學A級分,學測自然級分,學測英文級分,學測國文級分,數學學業成績總平均全校排名百分比,1、在校學業成績全校排名百分比 2、學測國文、英文、數學A、自然之級分總和 3、學測數學A級分 4、學測自然級分 5、學測英文級分 6、學測國文級分 7、數學學業成績總平均全校排名百分比,,,,,,,"1.本系提供『智慧機電控制』與『智慧光電應用』二大領域優質課程，教育學生具備智慧機械、自動化控制、電子、電機、光電、奈米與光機電系統整合科技產業之專業學能，培育學生成為機電工程相關產業之優秀專業人才。
2.本系提供碩士學位課程先修機制。"
02319,國立彰化師範大學,電機工程學系,第二類學群,10,9,1,8,0,均標,均標,0,0,均標,0,在校學業成績全校排名百分比,學測英文、數學A、自然之級分總和,學測自然級分,學測數學A級分,學測英文級分,數學學業成績總平均全校排名百分比,物理學業成績總平均全校排名百分比,1、在校學業成績全校排名百分比 2、學測英文、數學A、自然之級分總和 3、學測自然級分 4、學測數學A級分 5、學測英文級分 6、數學學業成績總平均全校排名百分比 7、物理學業成績總平均全校排名百分比,,,,,,,"1.本系主為培育能源科技、自動控制與通訊領域之電機專業知能及系統整合設計人才，除提供獎助學金鼓勵學生修讀碩士學位外，更積極協助學生就業。
2.學生具備數學及資訊基本能力，對於先進科技領域感興趣者，皆有機會成為電機產業之優秀人才，推動工程領域之跨越性發展。"
02320,國立彰化師範大學,電子工程學系,第二類學群,8,9,1,8,均標,均標,前標,0,0,前標,0,在校學業成績全校排名百分比,學測自然級分,物理學業成績總平均全校排名百分比,學測數學A級分,學測英文級分,數學學業成績總平均全校排名百分比,英語文學業成績總平均全校排名百分比,1、在校學業成績全校排名百分比 2、學測自然級分 3、物理學業成績總平均全校排名百分比 4、學測數學A級分 5、學測英文級分 6、數學學業成績總平均全校排名百分比 7、英語文學業成績總平均全校排名百分比,,,,,,,"1.本系提供「系統晶片設計」、「固態電子」、「無線通訊」三大領域課程，培育學生具備IC設計、半導體製程與無線通訊系統設計之能力，強化學生實務應用技能。
2.本系網址：https://eedept.ncue.edu.tw/，聯絡電話：04-7232105轉8310，電子信箱：eedept@gm.ncue.edu.tw。"
02321,國立彰化師範大學,資訊工程學系,第二類學群,8,9,1,8,均標,均標,前標,0,0,前標,0,在校學業成績全校排名百分比,學測數學A級分,學測自然級分,學測英文級分,學測國文級分,數學學業成績總平均全校排名百分比,物理學業成績總平均全校排名百分比,1、在校學業成績全校排名百分比 2、學測數學A級分 3、學測自然級分 4、學測英文級分 5、學測國文級分 6、數學學業成績總平均全校排名百分比 7、物理學業成績總平均全校排名百分比,,,,,,,一、本系有「軟體開發」、「系統整合」、「網路通訊」三大領域課程，並設有專題實作課程，為理論與實務兼具之學系。二、欲選修教育學程者，悉依本校相關規定辦理。取得師培生資格，可修習本系規劃12年國教新課綱「科技領域」之「資訊科技科」。三、本系與美國肯尼索州立大學(Kennesaw State University)簽有雙聯學制，學生有機會於四年內取得兩個學士學位。四、本系網址：https://csie.ncue.edu.tw/；聯絡電話：04-7232105轉8402；E-mail：csie@gm.ncue.edu.tw。
02322,國立彰化師範大學,生物學系,第三類學群,6,1,1,1,0,0,0,0,0,均標,0,在校學業成績全校排名百分比,學測自然級分,學測英文級分,生物學業成績總平均全校排名百分比,學測國文級分,英語文學業成績總平均全校排名百分比,數學學業成績總平均全校排名百分比,1、在校學業成績全校排名百分比 2、學測自然級分 3、學測英文級分 4、生物學業成績總平均全校排名百分比 5、學測國文級分 6、英語文學業成績總平均全校排名百分比 7、數學學業成績總平均全校排名百分比,,,,,,,"1.本系網址：https://biology.ncue.edu.tw/，聯絡電話：04-7232105轉3405，電子信箱：biology@gm.ncue.edu.tw。
2.本系係師培生與非師培生並行，入學後依本系訂定之相關辦法或經師培中心甄試修讀教育學分。
3.本系相當重視實驗課程學習，學生均需在實驗室親自操作儀器，或到野外實地觀察生物與採集，需具良好體能、移動能力；部分實驗需透過色彩判定實驗結果，應具相當之視覺辨色能力及口語表達和獨立完成實驗的能力。"
02323,國立彰化師範大學,美術學系,第五類學群,4,1,1,1,均標,均標,0,0,均標,0,0,在校學業成績全校排名百分比,美術學業成績總平均全校排名百分比,學測國文、英文之級分總和,學測國文級分,學測英文級分,學測社會級分,英語文學業成績總平均全校排名百分比,1、在校學業成績全校排名百分比 2、美術學業成績總平均全校排名百分比 3、學測國文、英文之級分總和 4、學測國文級分 5、學測英文級分 6、學測社會級分 7、英語文學業成績總平均全校排名百分比,素描:--；彩繪技法:--；創意表現:--；水墨書畫:--；美術鑑賞:--,,,,,,"1.本系現設有藝術創作、藝術學與藝術策評、藝術教育三組，培育人才包含藝術創作、文創設計、藝術學研究、藝術策展與行政、及中等學校藝文師資(師資生相關甄選與學分修習規定依本校師培中心規定辦理)，歡迎有志於專業藝術發展者報考。
2.本系專業需具備色彩辨識、口語表達、機具操作與作品展演之能力。"
02601,中山醫學大學,應用外國語言學系,第一類學群,10,3,1,3,0,均標,0,0,0,0,0,在校學業成績全校排名百分比,學測英文級分,英語文學業成績總平均全校排名百分比,學測國文級分,國語文學業成績總平均全校排名百分比,學測國文、英文之級分總和,學測社會級分,1、在校學業成績全校排名百分比 2、學測英文級分 3、英語文學業成績總平均全校排名百分比 4、學測國文級分 5、國語文學業成績總平均全校排名百分比 6、學測國文、英文之級分總和 7、學測社會級分,,,,,,,"1.培育「英、日雙語」專業人才。
2.提供商務醫療模組、翻譯教學模組的職場應用課程。
3.發展第二專長，學生須於跨域微學程(如:外語商務與數位行銷微學程)、跨域學程(如: 國際會議與展覽學程、國際醫療產業管理學程…)、輔系或雙主修擇一修習，協助學生考取證照，提升就業競爭力。
4.提供學生海外學習機會，與美日大學簽訂辦理「交換學生、雙聯學位、學碩士連讀」學習計劃。
5.課程融入AR、VR科技及COIL「跨國教師合作之線上教學」等創新教學。"
02602,中山醫學大學,醫學社會暨社會工作學系,第一類學群,8,3,1,3,均標,0,0,0,均標,0,0,在校學業成績全校排名百分比,學測社會級分,學測國文、社會之級分總和,學測國文級分,英語文學業成績總平均全校排名百分比,國語文學業成績總平均全校排名百分比,公民與社會學業成績總平均全校排名百分比,1、在校學業成績全校排名百分比 2、學測社會級分 3、學測國文、社會之級分總和 4、學測國文級分 5、英語文學業成績總平均全校排名百分比 6、國語文學業成績總平均全校排名百分比 7、公民與社會學業成績總平均全校排名百分比,,,,,,,"一、本系課程設計著重醫學與社會學、社會工作之整合，教學規劃以「服務對象為中心」、「家庭和社區為基礎
」為主要方向，並運用本校醫學大學之優勢，發展健康照護團隊、跨領域團隊與長期照護團隊之訓練，培力學生
成為具備社會工作專業稱職能力者為目標。
二、醫社系聯絡電話：04-36098741。"
02603,中山醫學大學,醫療產業科技管理學系,第一類學群,5,3,1,3,後標,均標,0,後標,0,0,0,在校學業成績全校排名百分比,學測英文級分,學測數學B級分,學測國文級分,英語文學業成績總平均全校排名百分比,數學學業成績總平均全校排名百分比,國語文學業成績總平均全校排名百分比,1、在校學業成績全校排名百分比 2、學測英文級分 3、學測數學B級分 4、學測國文級分 5、英語文學業成績總平均全校排名百分比 6、數學學業成績總平均全校排名百分比 7、國語文學業成績總平均全校排名百分比,,,,,,,"一、本系以培養實作之管理實務人才為目標，招收對醫療產業管理、醫療資訊、健康政策及科技管理有興趣之學
生。
二、醫管系服務電話:04-36098760
三、本系網址:https://health.csmu.edu.tw"
02604,中山醫學大學,醫學資訊學系,第二類學群,15,1,1,1,0,後標,後標,0,0,0,0,在校學業成績全校排名百分比,學測數學A級分,學測英文級分,數學學業成績總平均全校排名百分比,英語文學業成績總平均全校排名百分比,學測英文、數學A之級分總和,資訊科技學業成績總平均全校排名百分比,1、在校學業成績全校排名百分比 2、學測數學A級分 3、學測英文級分 4、數學學業成績總平均全校排名百分比 5、英語文學業成績總平均全校排名百分比 6、學測英文、數學A之級分總和 7、資訊科技學業成績總平均全校排名百分比,,,,,,,"一、本系教育目標為融入人文素養與專業倫理之精神，培養具宏觀視野、創新及應變能力之跨領域醫療資訊管理
人才。醫學資訊學是跨領域的重要科學，藉由學習多元資訊技術、醫療臨床知識與人工智慧應用以促進高品質的
生活，歡迎同學加入我們的行列。
二、醫資系服務電話:04-36098388。"
02605,中山醫學大學,物理治療學系,第三類學群,18,16,2,16,0,均標,0,0,0,均標,0,在校學業成績全校排名百分比,學測英文級分,學測自然級分,學測國文級分,英語文學業成績總平均全校排名百分比,生物學業成績總平均全校排名百分比,國語文學業成績總平均全校排名百分比,1、在校學業成績全校排名百分比 2、學測英文級分 3、學測自然級分 4、學測國文級分 5、英語文學業成績總平均全校排名百分比 6、生物學業成績總平均全校排名百分比 7、國語文學業成績總平均全校排名百分比,,,,,,,"一、提供多元專業次領域之學習，生師比佳，提供海外見(實)習機會，培養宏觀國際視野。
二、未來也可考物理治療師執照，擔任醫院或早期療育/特教系統、長期照護機構、社福機構、運動傷害防護領
域之物理治療師、或開辦物理治療所、輔具器材研發等。
三、本系服務電話：04-36098782"
02606,中山醫學大學,職能治療學系,第三類學群,11,16,2,16,均標,均標,底標,後標,0,均標,0,在校學業成績全校排名百分比,學測英文級分,學測自然級分,學測國文級分,英語文學業成績總平均全校排名百分比,生物學業成績總平均全校排名百分比,國語文學業成績總平均全校排名百分比,1、在校學業成績全校排名百分比 2、學測英文級分 3、學測自然級分 4、學測國文級分 5、英語文學業成績總平均全校排名百分比 6、生物學業成績總平均全校排名百分比 7、國語文學業成績總平均全校排名百分比,,,,,,,"一、職能治療是以提升服務對象之獨立功能及生活品質為目的之醫療保健專業。招收對象宜具備對人類行為有興趣、喜歡與人溝通及服務人群之特質。學生須學習評估個案之問題、建立醫病關係等，需具有相當之視覺、聽覺功能、口語表達、溝通能力，能控管自身情緒，並具有相當之抗壓能力。
二、職治系網址https://ot.csmu.edu.tw
三、職治系服務電話：04-36098740"
02607,中山醫學大學,語言治療與聽力學系語言治療組,第三類學群,6,16,1,16,均標,均標,後標,0,0,均標,0,在校學業成績全校排名百分比,學測英文級分,學測國文級分,學測自然級分,學測數學A級分,英語文學業成績總平均全校排名百分比,國語文學業成績總平均全校排名百分比,1、在校學業成績全校排名百分比 2、學測英文級分 3、學測國文級分 4、學測自然級分 5、學測數學A級分 6、英語文學業成績總平均全校排名百分比 7、國語文學業成績總平均全校排名百分比,,,,,,,"一、語言治療與聽力學系是以提升聽語障礙者之聽覺與溝通能力及生活品質為目的之醫療保健專業，招收對象宜
具備下列人格特質：喜歡與人互動、獨立成熟且耐壓性高、具服務身心障礙人士之熱誠。
二、語聽系服務電話：04-36098745。三、語聽系網址：https://slp.csmu.edu.tw"
02608,中山醫學大學,語言治療與聽力學系聽力組,第三類學群,6,16,1,16,均標,均標,後標,0,0,均標,0,在校學業成績全校排名百分比,學測英文級分,學測自然級分,學測國文級分,學測數學A級分,英語文學業成績總平均全校排名百分比,國語文學業成績總平均全校排名百分比,1、在校學業成績全校排名百分比 2、學測英文級分 3、學測自然級分 4、學測國文級分 5、學測數學A級分 6、英語文學業成績總平均全校排名百分比 7、國語文學業成績總平均全校排名百分比,,,,,,,"一、語言治療與聽力學系是以提升聽語障礙者之聽覺與溝通能力及生活品質為目的之醫療保健專業，招收對象宜
具備下列人格特質：喜歡與人互動、獨立成熟且耐壓性高、具服務身心障礙人士之熱誠。
二、語聽系服務電話：04-36098746 三、語聽系網址：https://slp.csmu.edu.tw"
02609,中山醫學大學,生物醫學科學學系,第三類學群,25,16,4,16,0,0,後標,0,0,均標,0,在校學業成績全校排名百分比,學測自然級分,學測英文級分,數學學業成績總平均全校排名百分比,學測國文級分,英語文學業成績總平均全校排名百分比,生物學業成績總平均全校排名百分比,1、在校學業成績全校排名百分比 2、學測自然級分 3、學測英文級分 4、數學學業成績總平均全校排名百分比 5、學測國文級分 6、英語文學業成績總平均全校排名百分比 7、生物學業成績總平均全校排名百分比,,,,,,,"1.本系課程設計包含精準醫學、人工智慧、生物及醫療科技產業，這些課程涵蓋在政府「六大核心戰略產業」的
重點產業之內；本系課程兼具學理與實作，並結合業界實習機會，提供有志相關工作者紮實訓練；本系並設有五
年一貫學碩士學程及國外研修機會；課程學習須具備基本構想視覺顏色辨識能力，並須具備維護自身安全能力。
2.生醫系聯絡電話：(04)36098398
3.網址：https://biomedical.csmu.edu.tw/index.php?Lang=zh-tw"
02610,中山醫學大學,視光學系,第三類學群,9,16,1,16,0,後標,0,0,0,均標,0,在校學業成績全校排名百分比,學測自然級分,學測英文級分,國語文學業成績總平均全校排名百分比,生物學業成績總平均全校排名百分比,英語文學業成績總平均全校排名百分比,物理學業成績總平均全校排名百分比,1、在校學業成績全校排名百分比 2、學測自然級分 3、學測英文級分 4、國語文學業成績總平均全校排名百分比 5、生物學業成績總平均全校排名百分比 6、英語文學業成績總平均全校排名百分比 7、物理學業成績總平均全校排名百分比,,,,,,,"一、本系為國內首創建制於醫學大學之視光學系，在醫學大學體制下，擁有全國最完整的基礎與臨床師資，同時有附設醫院眼科醫師、藥師、以及校內生醫相關的教授支援，培育學生成為全方位視機能檢測及視覺科學研究的專業菁英。畢業生通過國家考試成為合格驗光師，可進入隱形眼鏡、鏡片、與生技等國際大廠就業。
二、本系課程含實驗操作，因考量結果判斷之重要性，學生須具備自身安全的維護、獨立操作及整合思考的能力。
三、視光學系服務電話：04-36097350。
四、視光學系網址：https://optometry.csmu.edu.tw"
02611,中山醫學大學,醫學影像暨放射科學系,第三類學群,11,16,1,16,0,均標,後標,後標,0,均標,0,在校學業成績全校排名百分比,學測自然級分,學測英文級分,物理學業成績總平均全校排名百分比,數學學業成績總平均全校排名百分比,英語文學業成績總平均全校排名百分比,國語文學業成績總平均全校排名百分比,1、在校學業成績全校排名百分比 2、學測自然級分 3、學測英文級分 4、物理學業成績總平均全校排名百分比 5、數學學業成績總平均全校排名百分比 6、英語文學業成績總平均全校排名百分比 7、國語文學業成績總平均全校排名百分比,,,,,,,"一、本系以臨床醫學影像技術及影像處理並重，培育實務與理論合一的專業人才；畢業生通過國家考試後可擔任醫事放射師。
二、因臨床實習等必修課程需要操作醫學影像儀器、辨別影像與病人溝通；因此，學生需具有相當之視覺、聽覺、口語表達、體能、溝通協調、情緒控管及抗壓能力，建議申請就讀本系時審慎考慮。
三、醫影系服務電話：04-36098791。 醫影系網址：https://imaging.csmu.edu.tw/"
02612,中山醫學大學,心理學系,第三類學群,6,16,3,16,後標,均標,後標,0,0,0,0,在校學業成績全校排名百分比,學測數學A級分,數學學業成績總平均全校排名百分比,學測國文級分,國語文學業成績總平均全校排名百分比,學測英文級分,英語文學業成績總平均全校排名百分比,1、在校學業成績全校排名百分比 2、學測數學A級分 3、數學學業成績總平均全校排名百分比 4、學測國文級分 5、國語文學業成績總平均全校排名百分比 6、學測英文級分 7、英語文學業成績總平均全校排名百分比,,,,,,,"一、本系有豐富醫療及實驗資源且師資陣容堅強，以「使學生具有臨床諮商心理學與認知神經科學之知識」為目
標，培育心理學研究及應用人才。畢業出路包括臨床心理師、諮商心理師、心理測驗員、心理輔導員、人力資源
管理人員、觀護人、身心障礙者服務人員、社福機構工作者、市調分析員、研究人員等。
二、心理學系電話：04-36098747。"
02613,中山醫學大學,營養學系(A組),第三類學群,31,16,1,16,0,後標,0,0,0,後標,0,在校學業成績全校排名百分比,學測自然級分,學測英文級分,學測英文、自然之級分總和,生物學業成績總平均全校排名百分比,英語文學業成績總平均全校排名百分比,化學學業成績總平均全校排名百分比,1、在校學業成績全校排名百分比 2、學測自然級分 3、學測英文級分 4、學測英文、自然之級分總和 5、生物學業成績總平均全校排名百分比 6、英語文學業成績總平均全校排名百分比 7、化學學業成績總平均全校排名百分比,,,,,,,"一、本系旨在培育對臨床營養及食品科學有興趣之學生；依規定需修習考選部規定之課程，畢業後具有報考專技高考營養師、食品技師資格。
二、本系課程學習須具備視覺辨色、人際互動溝通協調、控管自身情緒等能力；課程含實驗操作，基於實驗結果判斷之需要與考量潛在的危險性，學生須具備獨立操作能力及個人安全維護能力。
三、營養學系網址：https://nutr.csmu.edu.tw/
四、營養學系服務電話：04-3609-8368、04-3609-8386"
02614,中山醫學大學,營養學系(B組 ),第三類學群,5,16,1,16,後標,後標,0,0,0,0,0,在校學業成績全校排名百分比,學測國文級分,學測英文級分,學測國文、英文之級分總和,國語文學業成績總平均全校排名百分比,英語文學業成績總平均全校排名百分比,公民與社會學業成績總平均全校排名百分比,1、在校學業成績全校排名百分比 2、學測國文級分 3、學測英文級分 4、學測國文、英文之級分總和 5、國語文學業成績總平均全校排名百分比 6、英語文學業成績總平均全校排名百分比 7、公民與社會學業成績總平均全校排名百分比,,,,,,,"一、本系旨在培育對臨床營養及食品科學有興趣之學生；依規定需修習考選部規定之課程，畢業後具有報考專技高考營養師、食品技師資格。
二、本系課程學習須具備視覺辨色、人際互動溝通協調、控管自身情緒等能力；課程含實驗操作，基於實驗結果判斷之需要與考量潛在的危險性，學生須具備獨立操作能力及個人安全維護能力。
三、營養學系網址：https://nutr.csmu.edu.tw/
四、營養學系服務電話：04-3609-8368、04-3609-8386"
02615,中山醫學大學,職業安全衛生學系,第三類學群,11,16,1,16,底標,底標,0,0,0,底標,0,在校學業成績全校排名百分比,學測國文、英文、自然之級分總和,學測自然級分,學測英文級分,學測國文級分,英語文學業成績總平均全校排名百分比,國語文學業成績總平均全校排名百分比,1、在校學業成績全校排名百分比 2、學測國文、英文、自然之級分總和 3、學測自然級分 4、學測英文級分 5、學測國文級分 6、英語文學業成績總平均全校排名百分比 7、國語文學業成績總平均全校排名百分比,,,,,,,"一、本學系以培育職場之職業安全衛生管理專業技術與管理人才為目標，進而達到保護勞工、確保優良的工作環
境、提升產業競爭力及創造永續經營的利基為宗旨。
二、職安系服務電話:04-36098762
三、職安系網址:https://occupation.csmu.edu.tw"
02616,中山醫學大學,醫學應用化學系,第三類學群,12,16,1,16,0,0,後標,0,0,後標,0,在校學業成績全校排名百分比,學測自然級分,化學學業成績總平均全校排名百分比,數學學業成績總平均全校排名百分比,國語文學業成績總平均全校排名百分比,學測英文級分,英語文學業成績總平均全校排名百分比,1、在校學業成績全校排名百分比 2、學測自然級分 3、化學學業成績總平均全校排名百分比 4、數學學業成績總平均全校排名百分比 5、國語文學業成績總平均全校排名百分比 6、學測英文級分 7、英語文學業成績總平均全校排名百分比,,,,,,,"一、本系在醫學大學內設立，目標培育學生具備基礎化學知識，期望學生將學習之化學技能應用於醫藥、生醫、
藥妝與保健科技等相關領域的聯結，以因應快速變遷的產業鏈。實驗操作技能亦為本系培育之重點，學生均須紮
實地學習實驗原理與操作技能，化學實驗具一定的危險性，學習者須能立即移動身軀遠離危險。
二、本系網頁及服務電話：https://chemistry.csmu.edu.tw；04-36098763。"
02617,中山醫學大學,健康產業科技管理學系,第三類學群,5,16,1,16,底標,底標,0,0,0,底標,0,在校學業成績全校排名百分比,學測國文、英文、自然之級分總和,學測自然級分,學測國文級分,學測英文級分,數學學業成績總平均全校排名百分比,英語文學業成績總平均全校排名百分比,1、在校學業成績全校排名百分比 2、學測國文、英文、自然之級分總和 3、學測自然級分 4、學測國文級分 5、學測英文級分 6、數學學業成績總平均全校排名百分比 7、英語文學業成績總平均全校排名百分比,,,,,,,"一、本系前瞻健康產業為未來發展趨勢，特整合食品科技、保健醫學與經營管理跨領域學習，為未來健康產業培
育優秀研發與管理人才。
二、本系課程含實驗操作，因此須具備視覺辨色、人際互動溝通協調、控管自身情緒，並且能獨立操作與維護個
人安全。
三、學系服務電話：04-36098761。"
02618,中山醫學大學,護理學系,第三類學群,13,16,1,16,後標,後標,0,0,0,後標,0,在校學業成績全校排名百分比,學測英文級分,學測國文級分,學測自然級分,英語文學業成績總平均全校排名百分比,國語文學業成績總平均全校排名百分比,數學學業成績總平均全校排名百分比,1、在校學業成績全校排名百分比 2、學測英文級分 3、學測國文級分 4、學測自然級分 5、英語文學業成績總平均全校排名百分比 6、國語文學業成績總平均全校排名百分比 7、數學學業成績總平均全校排名百分比,,,,,,,本系招收對健康照護工作有興趣，具同理心與服務熱忱之學生。課程特色以「病人為師」之人本精神，學生「學習需求」為中心，結合問題導向學習法(PBL)、客觀結構式臨床技能測驗(OSCE)、護理模擬教育、跨領域設計思考、沉浸式體驗與線上數位學習法。本系規劃多元跨領域微學程，培育學生多元能力與素養。學生畢業後可順利通過護理師國家考試。本校並有公衛系資源，學生可自主修畢公共衛生18學分以上，畢業後得報考公共衛生師考試。為提升學生國際移動力與培養人文素養，中山護理系重視國際交流，與國際姊妹校有交換學生研習。服務電話：04-36098783；網址：https://con.csmu.edu.tw
02619,中山醫學大學,醫學檢驗暨生物技術學系,第三類學群,19,16,1,16,0,均標,0,0,0,均標,0,在校學業成績全校排名百分比,學測自然級分,學測英文級分,學測國文級分,生物學業成績總平均全校排名百分比,化學學業成績總平均全校排名百分比,國語文學業成績總平均全校排名百分比,1、在校學業成績全校排名百分比 2、學測自然級分 3、學測英文級分 4、學測國文級分 5、生物學業成績總平均全校排名百分比 6、化學學業成績總平均全校排名百分比 7、國語文學業成績總平均全校排名百分比,,,,,,,"一、招收對醫學檢驗、生物技術或醫學研究工作有興趣者。
二、畢業可報考醫事檢驗師執照考試。
三、醫技系服務電話：04-36098266。
四、醫技系網址：https://medilab.csmu.edu.tw"
02620,中山醫學大學,公共衛生學系,第三類學群,21,16,4,16,0,後標,0,0,0,0,0,在校學業成績全校排名百分比,學測國文、英文之級分總和,數學學業成績總平均全校排名百分比,學測國文級分,學測英文級分,學測自然級分,國語文學業成績總平均全校排名百分比,1、在校學業成績全校排名百分比 2、學測國文、英文之級分總和 3、數學學業成績總平均全校排名百分比 4、學測國文級分 5、學測英文級分 6、學測自然級分 7、國語文學業成績總平均全校排名百分比,,,,,,,"一、本系兼重理論與實務，具有豐富師資及研究資源，培育兼具人文與社會環境關懷的公共衛生專業人員。本系
涵蓋食品安全衛生、資料科學家、環境證照與檢測認證領域，未來出路：公共衛生師，衛福部、環保署與勞動部
等機關人員，醫療院所管理企劃人員，半導體科技業，生技與醫療研發，社區長照，大數據分析，精準預防醫學
，健康風險評估，環境安全衛生等領域。
二、服務電話：04-36098299 36098298。
三、學系網址：https://phd.csmu.edu.tw。"
02621,中山醫學大學,醫學系,第八類學群,17,1,0,0,頂標,頂標,頂標,0,0,頂標,0,在校學業成績全校排名百分比,學測國文、英文、數學A、自然之級分總和,學測自然級分,學測數學A級分,學測英文級分,生物學業成績總平均全校排名百分比,化學學業成績總平均全校排名百分比,1、在校學業成績全校排名百分比 2、學測國文、英文、數學A、自然之級分總和 3、學測自然級分 4、學測數學A級分 5、學測英文級分 6、生物學業成績總平均全校排名百分比 7、化學學業成績總平均全校排名百分比,,,面試,100%,24,1200,"一、教導學生醫學知識並重視人性關懷，養成具服務人群熱忱、犧牲奉獻精神的醫學界生力軍。
二、寄發(公告)指定 請至本校招生網頁自行下載「個人簡歷表」。"
02622,中山醫學大學,牙醫學系,第八類學群,4,1,0,0,頂標,頂標,頂標,0,0,頂標,0,在校學業成績全校排名百分比,學測國文、英文、數學A、自然之級分總和,學測自然級分,學測英文級分,學測數學A級分,生物學業成績總平均全校排名百分比,化學學業成績總平均全校排名百分比,1、在校學業成績全校排名百分比 2、學測國文、英文、數學A、自然之級分總和 3、學測自然級分 4、學測英文級分 5、學測數學A級分 6、生物學業成績總平均全校排名百分比 7、化學學業成績總平均全校排名百分比,,,面試,100%,8,1200,"一、招收有志從事牙醫醫療或基礎研究之學生，對服務人群有高度熱忱，積極追求科學新知。
二、就學期間須自備部份牙科專業器材。
三、請至本校招生網頁自行下載「個人簡歷表」。"
02701,國立中山大學,中國文學系,第一類學群,16,10,0,0,前標,均標,0,0,均標,0,0,在校學業成績全校排名百分比,學測國文級分,學測英文級分,學測社會級分,國語文學業成績總平均全校排名百分比,英語文學業成績總平均全校排名百分比,歷史學業成績總平均全校排名百分比,1、在校學業成績全校排名百分比 2、學測國文級分 3、學測英文級分 4、學測社會級分 5、國語文學業成績總平均全校排名百分比 6、英語文學業成績總平均全校排名百分比 7、歷史學業成績總平均全校排名百分比,,,,,,,"本系課程結構可分為文學、學術思想、語言文字、臺灣文化、國際漢學、實作應用等六大領域，以培育學生在析讀、鑑賞、思辨、表達、書寫創作上的重要能力。近年來透過系統性的整合課群，帶領學生實作，將中文所含蘊的文思養分轉化為創意應用，並結合跨領域的知能技巧，累積豐富的轉譯文創成果。讓學生既能涵容古今，又能轉譯創新，延伸出未來就業的多元機會，竭誠歡迎同學與我們一同進入中國文學知識領域的大觀園。
網址：https://chinese.nsysu.edu.tw/，聯絡方式(07)5252000轉3051。"
02702,國立中山大學,外國語文學系,第一類學群,7,10,0,0,前標,前標,0,0,前標,0,0,在校學業成績全校排名百分比,學測英文級分,學測國文級分,學測社會級分,學測國文、英文、社會之級分總和,英語文學業成績總平均全校排名百分比,國語文學業成績總平均全校排名百分比,1、在校學業成績全校排名百分比 2、學測英文級分 3、學測國文級分 4、學測社會級分 5、學測國文、英文、社會之級分總和 6、英語文學業成績總平均全校排名百分比 7、國語文學業成績總平均全校排名百分比,,,,,,,"1、本系旨在培育具人文素養與國際觀的外語人才。除全方位英語能力訓練，更提供多元豐富的文學、應用語言學、翻譯以及第二外語課程，循序教導學生外國(尤其是英美)文學、文化研究、新興英文文學、翻譯、藝術、第二語言習得與跨領域的語言研究等相關學識，以成就全人教育。學生需通過本系「英語能力標準」方得畢業。
2、網址：https://zephyr.nsysu.edu.tw/index.php
3、電話：07-5252000轉3133"
02703,國立中山大學,劇場藝術學系,第一類學群,1,10,0,0,均標,均標,0,0,均標,0,0,在校學業成績全校排名百分比,學測國文、英文、社會之級分總和,學測國文級分,學測英文級分,學測社會級分,國語文學業成績總平均全校排名百分比,英語文學業成績總平均全校排名百分比,1、在校學業成績全校排名百分比 2、學測國文、英文、社會之級分總和 3、學測國文級分 4、學測英文級分 5、學測社會級分 6、國語文學業成績總平均全校排名百分比 7、英語文學業成績總平均全校排名百分比,,,,,,,"1.本系旨在培育劇場研究與演出、創作專業人才，包括理論課程及劇場實作，無論幕前、幕後，均有實務性課程設計與實作。因參與演出及製作之專業性訓練，需具備正常之視覺、聽、說、口語表達能力及肢體運動能力。
2.學系網址：https://ta.nsysu.edu.tw/
3.聯絡電話：07-5252000轉3401"
02704,國立中山大學,企業管理學系,第一類學群,10,10,0,0,均標,均標,0,均標,0,0,0,在校學業成績全校排名百分比,學測英文級分,學測數學B級分,學測國文級分,英語文學業成績總平均全校排名百分比,數學學業成績總平均全校排名百分比,國語文學業成績總平均全校排名百分比,1、在校學業成績全校排名百分比 2、學測英文級分 3、學測數學B級分 4、學測國文級分 5、英語文學業成績總平均全校排名百分比 6、數學學業成績總平均全校排名百分比 7、國語文學業成績總平均全校排名百分比,,,,,,,本系為全國頂尖企管系，擁有多元師資陣容。理論與實務並重，孕育無數優秀管理者、領導者及創業家。紮實且多樣性之課程，給予學生穩固基礎、創意揮灑空間和數據分析涵養，豐富的國際資源，讓學生接軌國際，開闊學生視野與國際觀，培養其兼容並蓄、跨文化協調之底蘊。學系網址:https://bm.nsysu.edu.tw/
02705,國立中山大學,資訊管理學系,第一類學群,5,10,0,0,均標,均標,均標,0,0,0,0,在校學業成績全校排名百分比,學測數學A級分,學測英文級分,學測國文級分,數學學業成績總平均全校排名百分比,英語文學業成績總平均全校排名百分比,國語文學業成績總平均全校排名百分比,1、在校學業成績全校排名百分比 2、學測數學A級分 3、學測英文級分 4、學測國文級分 5、數學學業成績總平均全校排名百分比 6、英語文學業成績總平均全校排名百分比 7、國語文學業成績總平均全校排名百分比,,,,,,,本系著重培養國際資訊管理人才，同時訓練學生資訊應用系統的開發能力及基本商管知識和技能養成。本系有知名國際姐妹學校及專屬的交換生計畫，能擴展學生的國際視野。課程特色包含大數據分析、人工智慧、深度學習及為期一年專題系統開發。本系鼓勵學生申請五學年學碩士，五年完成學士及碩士學位。部份課程採英文授課(EMI)。詳情請洽資管系網址https://www.mis.nsysu.edu.tw/
02706,國立中山大學,財務管理學系,第一類學群,7,10,2,3,均標,均標,均標,0,0,0,0,在校學業成績全校排名百分比,學測數學A級分,學測英文級分,學測國文級分,數學學業成績總平均全校排名百分比,英語文學業成績總平均全校排名百分比,國語文學業成績總平均全校排名百分比,1、在校學業成績全校排名百分比 2、學測數學A級分 3、學測英文級分 4、學測國文級分 5、數學學業成績總平均全校排名百分比 6、英語文學業成績總平均全校排名百分比 7、國語文學業成績總平均全校排名百分比,,,,,,,本系為台灣首創的財務管理學系，累積系友龐大橫跨產官學，畢業校友多在知名金融機構及大企業中擔任重要職務。本校管院不僅是全臺第一所四度通過「國際商管學院促進協會」(AACSB)認證的學系，亦於Eduniversal全球最佳1000大商學院評比中榮獲全臺第3名。本系亦獲得國際特許財金分析師協會(CFA)大學合作夥伴學校的認證。師資團隊在研究、教學及產學合作方面成果豐碩，系上也提供豐富的學術資源與國際交流機會，交換及雙聯學制涵蓋歐美亞及大洋洲等知名大學。學生可獲得各類獎助學金支援，並有機會參與金融機構與企業的實習。請參閱本系網址：「https://finance.nsysu.edu.tw/」。
02707,國立中山大學,國際經營管理全英語學士學位學程,第一類學群,5,10,0,0,0,均標,0,均標,均標,0,0,在校學業成績全校排名百分比,學測英文、數學B、社會之級分總和,學測英文級分,學測數學B級分,學測社會級分,英語文學業成績總平均全校排名百分比,數學學業成績總平均全校排名百分比,1、在校學業成績全校排名百分比 2、學測英文、數學B、社會之級分總和 3、學測英文級分 4、學測數學B級分 5、學測社會級分 6、英語文學業成績總平均全校排名百分比 7、數學學業成績總平均全校排名百分比,,,,,,,"1.本學程以全英語授課。
2.本學程設計宗旨為培育跨境移動，具備紮實企業經營知識與跨文化溝通管理的人才。前兩年課程以商學基礎為主，輔以跨文化溝通和英語簡報及寫作技能培養，大三和大四修讀專業學群，學生畢業門檻之一必需參加與本校(院)簽約的姐妹校國際交換計畫至少一年，或以二年時間取得雙聯學位(畢業時間以實際修課狀況為準)。
3.網址：https://ib.nsysu.edu.tw
4.聯絡電話：(07)5252000轉4560"
02708,國立中山大學,政治經濟學系,第一類學群,6,10,0,0,0,均標,均標,均標,0,0,0,在校學業成績全校排名百分比,學測英文級分,數學學業成績總平均全校排名百分比,學測國文級分,學測社會級分,英語文學業成績總平均全校排名百分比,國語文學業成績總平均全校排名百分比,1、在校學業成績全校排名百分比 2、學測英文級分 3、數學學業成績總平均全校排名百分比 4、學測國文級分 5、學測社會級分 6、英語文學業成績總平均全校排名百分比 7、國語文學業成績總平均全校排名百分比,,,,,,,"1.本系特色為重視跨域學習與整合視野，於政治經濟專業學科基礎之上，提供政治經濟學的整合性知識學習，培
養學生扎實的理論分析與實證能力。
2.學系網址：https://pe.nsysu.edu.tw
3.聯絡電話：07-5252000#5581"
02709,國立中山大學,社會學系,第一類學群,4,10,1,3,0,均標,均標,均標,均標,0,0,在校學業成績全校排名百分比,公民與社會學業成績總平均全校排名百分比,英語文學業成績總平均全校排名百分比,學測英文、社會之級分總和,學測社會級分,學測英文級分,數學學業成績總平均全校排名百分比,1、在校學業成績全校排名百分比 2、公民與社會學業成績總平均全校排名百分比 3、英語文學業成績總平均全校排名百分比 4、學測英文、社會之級分總和 5、學測社會級分 6、學測英文級分 7、數學學業成績總平均全校排名百分比,,,,,,,"1.本系特色有四：永續與創新、文化與社會、政治與經濟、研究方法。希望培養出兼具專業能力與人文關懷的人
才，促進學生自我實現與公民社會的建立。
2.學系網址：https://twsouthernsoc.nsysu.edu.tw/
3.聯絡電話：07-5252000#5651。"
02710,國立中山大學,人文暨科技跨領域學系,第一類學群,1,10,1,3,均標,均標,均標,前標,0,0,0,在校學業成績全校排名百分比,數學學業成績總平均全校排名百分比,學測國文級分,學測英文級分,國語文學業成績總平均全校排名百分比,英語文學業成績總平均全校排名百分比,學測國文、英文之級分總和,1、在校學業成績全校排名百分比 2、數學學業成績總平均全校排名百分比 3、學測國文級分 4、學測英文級分 5、國語文學業成績總平均全校排名百分比 6、英語文學業成績總平均全校排名百分比 7、學測國文、英文之級分總和,,,,,,,本學系結合校內資源，以「跨領域」為招生特色，從大一開始提供相關的學習與訓練。學生可透過各階段的學習安排，在不同領域探索，使其發展出專屬的具體跨領域學習路徑。本系網址：https://pis.nsysu.edu.tw/
02711,國立中山大學,化學系,第二類學群,4,16,1,8,0,均標,均標,0,0,前標,0,在校學業成績全校排名百分比,學測自然級分,學測數學A級分,化學學業成績總平均全校排名百分比,物理學業成績總平均全校排名百分比,數學學業成績總平均全校排名百分比,學測英文級分,1、在校學業成績全校排名百分比 2、學測自然級分 3、學測數學A級分 4、化學學業成績總平均全校排名百分比 5、物理學業成績總平均全校排名百分比 6、數學學業成績總平均全校排名百分比 7、學測英文級分,,,,,,,"學系網址：https://chem.nsysu.edu.tw/
聯絡電話：07-5252000轉分機3902"
02712,國立中山大學,化學系英語組,第二類學群,4,16,0,0,0,前標,均標,0,0,均標,0,在校學業成績全校排名百分比,學測英文級分,學測自然級分,學測數學A級分,化學學業成績總平均全校排名百分比,物理學業成績總平均全校排名百分比,數學學業成績總平均全校排名百分比,1、在校學業成績全校排名百分比 2、學測英文級分 3、學測自然級分 4、學測數學A級分 5、化學學業成績總平均全校排名百分比 6、物理學業成績總平均全校排名百分比 7、數學學業成績總平均全校排名百分比,,,,,,,"若參與本校姊妹校出國交換計畫、國外雙聯學位計畫，本系提供出國交換計畫獎學金。
相關資訊請連結本校國際事務處網頁：https://oia.nsysu.edu.tw/
學系網址：https://chem.nsysu.edu.tw/
連絡電話：07-5252000轉分機3902"
02713,國立中山大學,物理學系,第二類學群,6,16,1,8,均標,均標,均標,0,0,均標,0,在校學業成績全校排名百分比,物理學業成績總平均全校排名百分比,數學學業成績總平均全校排名百分比,學測自然級分,學測數學A級分,英語文學業成績總平均全校排名百分比,國語文學業成績總平均全校排名百分比,1、在校學業成績全校排名百分比 2、物理學業成績總平均全校排名百分比 3、數學學業成績總平均全校排名百分比 4、學測自然級分 5、學測數學A級分 6、英語文學業成績總平均全校排名百分比 7、國語文學業成績總平均全校排名百分比,,,,,,,"1.操作實驗為本系學習之重點，學生均須透過親自操作儀器奠定物理基礎專業知識與實驗技能。
2.本系發展以量子及天文領域為特色，側重理論與計算物理、量子材料物理、量子光電及天文與宇宙學等，為台灣物理研究之重點系所。
3.本系網址：https://phys.nsysu.edu.tw 連絡電話：07-5252000#3701 邱小姐。"
02714,國立中山大學,物理學系量子科技組(全英),第二類學群,4,16,0,0,0,均標,均標,0,0,均標,A級,在校學業成績全校排名百分比,英語文學業成績總平均全校排名百分比,數學學業成績總平均全校排名百分比,物理學業成績總平均全校排名百分比,學測英文級分,學測數學A級分,學測自然級分,1、在校學業成績全校排名百分比 2、英語文學業成績總平均全校排名百分比 3、數學學業成績總平均全校排名百分比 4、物理學業成績總平均全校排名百分比 5、學測英文級分 6、學測數學A級分 7、學測自然級分,,,,,,,"1.操作實驗為本系學習之重點．學生均須透過親自操作儀器奠定物理基礎專業知識與實驗技能。
2.本系發展以量子及天文領域為特色，側重理論與計算物理、量子材料物理、量子光電及天文與宇宙學等，為台灣物理研究之重點系所。
3.本組之必修專業課程採全英語授課。
4.本系網址：https://phys.nsysu.edu.tw 連絡電話：07-5252000#3701 邱小姐。"
02715,國立中山大學,應用數學系,第二類學群,4,16,0,0,均標,均標,前標,0,0,前標,0,在校學業成績全校排名百分比,學測數學A級分,學測國文、英文、數學A、自然之級分總和,學測自然級分,學測英文級分,數學學業成績總平均全校排名百分比,物理學業成績總平均全校排名百分比,1、在校學業成績全校排名百分比 2、學測數學A級分 3、學測國文、英文、數學A、自然之級分總和 4、學測自然級分 5、學測英文級分 6、數學學業成績總平均全校排名百分比 7、物理學業成績總平均全校排名百分比,,,,,,,"1.本系提供數學、統計、科學計算與數據科學的完整課程，理論與實務兼顧。我們重視教學品質與職涯發展，教師熱忱指導專題研究。校系提供優渥獎助學金。系上與校方合作，開設軟體工程、金融、人工智慧等多元學程， 協助學生在紮實的數學基礎上，發展個人興趣與專長。
2.學系網址：https://math.nsysu.edu.tw/，聯絡電話：07-5252000轉3801。"
02716,國立中山大學,應用數學系英語組,第二類學群,4,16,0,0,均標,前標,前標,0,0,均標,0,在校學業成績全校排名百分比,學測數學A級分,學測國文、英文、數學A、自然之級分總和,學測英文級分,學測自然級分,數學學業成績總平均全校排名百分比,英語文學業成績總平均全校排名百分比,1、在校學業成績全校排名百分比 2、學測數學A級分 3、學測國文、英文、數學A、自然之級分總和 4、學測英文級分 5、學測自然級分 6、數學學業成績總平均全校排名百分比 7、英語文學業成績總平均全校排名百分比,,,,,,,"1.本組之系專業必修及部分選修課程採英語授課。
2.本系提供數學、統計、科學計算與數據科學的完整課程，理論與實務兼顧。我們重視教學品質與職涯發展，教師熱忱指導專題研究。校系提供優渥獎助學金。系上與校方合作，開設軟體工程、金融、人工智慧等多元學程， 協助學生在紮實的數學基礎上，發展個人興趣與專長。
3.學系網址：https://math.nsysu.edu.tw/，聯絡電話：07-5252000轉3801。"
02717,國立中山大學,電機工程學系,第二類學群,18,16,1,8,0,前標,頂標,0,0,前標,0,在校學業成績全校排名百分比,學測英文、數學A、自然之級分總和,學測數學A級分,學測自然級分,學測英文級分,數學學業成績總平均全校排名百分比,英語文學業成績總平均全校排名百分比,1、在校學業成績全校排名百分比 2、學測英文、數學A、自然之級分總和 3、學測數學A級分 4、學測自然級分 5、學測英文級分 6、數學學業成績總平均全校排名百分比 7、英語文學業成績總平均全校排名百分比,,,,,,,"1.本系之教學研究方向分為電子、控制、人工智慧與網路、電力、電波通訊、系統晶片及生醫儀器等領域。本系培育出來的人才適合電機各方面的發展，在社會上將扮演重要科技推手的角色。
2.提供學生至國外名校遊學或擔任國際交換生之管道。成績優異學生另提供獎學金鼓勵五年取得學碩士雙學位。
3.學系網址：https://www.ee.nsysu.edu.tw
4.聯絡電話：(07)5252000轉4104"
02718,國立中山大學,機械與機電工程學系,第二類學群,8,16,1,8,0,0,前標,0,0,前標,0,在校學業成績全校排名百分比,學測英文、數學A、自然之級分總和,學測自然級分,學測數學A級分,學測英文級分,物理學業成績總平均全校排名百分比,數學學業成績總平均全校排名百分比,1、在校學業成績全校排名百分比 2、學測英文、數學A、自然之級分總和 3、學測自然級分 4、學測數學A級分 5、學測英文級分 6、物理學業成績總平均全校排名百分比 7、數學學業成績總平均全校排名百分比,,,,,,,"1.本系課程著重機電工程基本學理及應用，如果你喜歡動動手，動動腦，數理還不錯，歡迎加入中山機電系行列
，本系所培育的人才，具備完整機電工程專業能力，將在企業扮演重要科技推手的角色。
2.學系網址:https://mem.nsysu.edu.tw/
3.聯絡電話:07-5252000轉4203錢小姐。"
02719,國立中山大學,機械與機電工程學系全英語組,第二類學群,8,16,0,0,0,前標,均標,0,0,前標,0,在校學業成績全校排名百分比,學測英文、數學A、自然之級分總和,學測自然級分,學測數學A級分,學測英文級分,物理學業成績總平均全校排名百分比,數學學業成績總平均全校排名百分比,1、在校學業成績全校排名百分比 2、學測英文、數學A、自然之級分總和 3、學測自然級分 4、學測數學A級分 5、學測英文級分 6、物理學業成績總平均全校排名百分比 7、數學學業成績總平均全校排名百分比,,,,,,,"1.本系課程著重機電工程基本學理及應用，致力培育跨國移動力人才，如果你喜歡動動手，動動腦，數理還不錯，歡迎加入中山機電系全英語組行列。
2.學系網址:https://www.nsysu.edu.tw/
3.聯絡電話：07-5252000轉4203錢小姐。"
02720,國立中山大學,資訊工程學系,第二類學群,7,16,0,0,0,前標,頂標,0,0,頂標,0,在校學業成績全校排名百分比,學測英文、數學A、自然之級分總和,學測數學A級分,學測自然級分,學測英文級分,數學學業成績總平均全校排名百分比,物理學業成績總平均全校排名百分比,1、在校學業成績全校排名百分比 2、學測英文、數學A、自然之級分總和 3、學測數學A級分 4、學測自然級分 5、學測英文級分 6、數學學業成績總平均全校排名百分比 7、物理學業成績總平均全校排名百分比,,,,,,,"1.本系部分必修科目採全英語授課。
2.本系特色為軟體和硬體並重。發展方向以人工智慧、物聯網、軟體系統、電腦網路與無線通訊、資訊安全、IC設計、多媒體、生醫、高速計算為主。理論和應用兼顧。擁有最新穎的設備、最優良的師資、最熱門的就業機會!!提供學生出國交換之管道，想讓自己成為走在時代尖端的人嗎?加入中山資工的行列吧!
3.學系網址:https://cse.nsysu.edu.tw
4.聯絡電話:(07)5252000轉4302"
02721,國立中山大學,資訊工程學系全英語學士班,第二類學群,5,16,0,0,0,頂標,頂標,0,0,前標,0,在校學業成績全校排名百分比,學測英文、數學A、自然之級分總和,學測數學A級分,學測英文級分,學測自然級分,數學學業成績總平均全校排名百分比,英語文學業成績總平均全校排名百分比,1、在校學業成績全校排名百分比 2、學測英文、數學A、自然之級分總和 3、學測數學A級分 4、學測英文級分 5、學測自然級分 6、數學學業成績總平均全校排名百分比 7、英語文學業成績總平均全校排名百分比,,,,,,,"1.本系特色為軟體和硬體並重。發展方向以人工智慧、物聯網、軟體系統、電腦網路與無線通訊、資訊安全、IC設計、多媒體、生醫、高速計算為主。理論和應用兼顧。擁有最新穎的設備、最優良的師資、最熱門的就業機會!!提供學生出國交換之管道，想讓自己成為走在時代尖端的人嗎?加入中山資工的行列吧!
2.本班必修專業課程採全英語授課為原則。
3.學系網址: https://cse.nsysu.edu.tw
4.聯絡電話:(07)5252000轉4302"
02722,國立中山大學,光電工程學系,第二類學群,5,16,1,8,均標,前標,前標,0,0,前標,0,在校學業成績全校排名百分比,學測英文、數學A、自然之級分總和,學測數學A級分,學測自然級分,學測英文級分,物理學業成績總平均全校排名百分比,化學學業成績總平均全校排名百分比,1、在校學業成績全校排名百分比 2、學測英文、數學A、自然之級分總和 3、學測數學A級分 4、學測自然級分 5、學測英文級分 6、物理學業成績總平均全校排名百分比 7、化學學業成績總平均全校排名百分比,,,,,,,"1.本系部分必修科目採全英語授課。
2.本系課程含實驗操作，基於考量實驗操作危險性與結果判斷之需要，學生需具備獨立操作能力及個人安全維護能力。
3.本系在光電所執行教育部卓越計畫之研究優勢上，以系所合一的架構，培養光電半導體與矽光子、光電材料與替代能源及光通訊與光資訊領域之尖端人才。
4.學系網址：https://dop.nsysu.edu.tw/index.php，連絡電話：07-5252000轉4452王小姐。"
02723,國立中山大學,材料與光電科學學系,第二類學群,5,16,1,8,均標,均標,前標,0,0,前標,0,在校學業成績全校排名百分比,學測數學A級分,學測自然級分,學測英文級分,學測國文級分,數學學業成績總平均全校排名百分比,物理學業成績總平均全校排名百分比,1、在校學業成績全校排名百分比 2、學測數學A級分 3、學測自然級分 4、學測英文級分 5、學測國文級分 6、數學學業成績總平均全校排名百分比 7、物理學業成績總平均全校排名百分比,,,,,,,"1.本組部分課程採全英語授課。
2.本系的重要特色是跨領域整合一般材料、高分子材料與光電科學等三個重要的科技領域。以紮實的基礎課程，結合多樣的專業課程，讓學生可在跨領域科技範疇內建構自己的專長，未來得以在多種科技產業發揮所長。
3.實驗課程學生需親自準備樣品、操作精密儀器，光學與金相觀察學生需具備辨色能力。
4.學系網址：https://moes.nsysu.edu.tw/
5.聯絡電話：07-5252000轉4051。"
02724,國立中山大學,材料與光電科學學系全英語組,第二類學群,4,16,0,0,0,前標,前標,0,0,前標,0,在校學業成績全校排名百分比,學測數學A級分,學測自然級分,學測英文級分,學測國文級分,數學學業成績總平均全校排名百分比,物理學業成績總平均全校排名百分比,1、在校學業成績全校排名百分比 2、學測數學A級分 3、學測自然級分 4、學測英文級分 5、學測國文級分 6、數學學業成績總平均全校排名百分比 7、物理學業成績總平均全校排名百分比,,,,,,,"1.本組之必修專業課程採全英語授課。
2.本系的重要特色是跨領域整合一般材料、高分子材料與光電科學等三個重要的科技領域。以紮實的基礎課程，結合多樣的專業課程，讓學生可在跨領域科技範疇內建構自己的專長，未來得以在多種科技產業發揮所長。
3.實驗課程學生需親自準備樣品、操作精密儀器，光學與金相觀察學生需具備辨色能力。
4.學系網址：https://moes.nsysu.edu.tw/
5.聯絡電話：07-5252000轉4095。"
02725,國立中山大學,海洋環境及工程學系,第二類學群,10,16,2,8,0,均標,均標,0,0,均標,0,在校學業成績全校排名百分比,學測英文級分,學測數學A級分,學測自然級分,數學學業成績總平均全校排名百分比,物理學業成績總平均全校排名百分比,化學學業成績總平均全校排名百分比,1、在校學業成績全校排名百分比 2、學測英文級分 3、學測數學A級分 4、學測自然級分 5、數學學業成績總平均全校排名百分比 6、物理學業成績總平均全校排名百分比 7、化學學業成績總平均全校排名百分比,,,,,,,"1.本系必修課程採英語授課，選修課程採中文或英語授課。
2.轉出需修完大一專業必修課程並取得合格成績，或經系招生委員會審核通過。
3.本系為整合性新興學門，針對海洋國家台灣所最依賴的海域資源、海域空間開發及保育的永續利用，以培養造就建設與保護海洋環境所需之專業人才，未來出路為多方延攬。實習為本系學習重點，學生均需雙手操作儀器、久站，及具相當之視覺功能以觀測辨識圖像，具一定危險性，需有能力即時移動遠離現場。
4.學系網址：https://maev.nsysu.edu.tw；聯絡電話：07-5252000轉5061。"
02726,國立中山大學,海洋科學系,第二類學群,5,16,2,8,均標,均標,均標,0,0,均標,0,在校學業成績全校排名百分比,學測英文級分,學測數學A級分,學測自然級分,學測國文、英文、數學A、自然之級分總和,英語文學業成績總平均全校排名百分比,數學學業成績總平均全校排名百分比,1、在校學業成績全校排名百分比 2、學測英文級分 3、學測數學A級分 4、學測自然級分 5、學測國文、英文、數學A、自然之級分總和 6、英語文學業成績總平均全校排名百分比 7、數學學業成績總平均全校排名百分比,,,,,,,"1.本系以海洋科學為主，涵蓋生命科學、物理、化學、地質等相關課程。除周詳之教學課程外，本系亦重視海洋科學人才的培訓。
2.本系海上實習為必修課程並須搭乘研究船採集和觀察，學生均需雙手操作儀器、久站，及具相當之視覺功能以觀測辨識圖像。上述課程具有一定危險性，為安全需求須有能力即時移動遠離危險現場。
3.本系轉出需修完大一專業必修課程並取得合格成績，或經系招生委員會審核通過。
4.學系網址https://ocean.nsysu.edu.tw；電話：(07)525-2000轉5401。"
02727,國立中山大學,生物科學系,第三類學群,4,5,2,3,均標,均標,均標,0,0,前標,0,在校學業成績全校排名百分比,學測自然級分,學測英文級分,學測數學A級分,學測國文級分,學測國文、英文、數學A、自然之級分總和,生物學業成績總平均全校排名百分比,1、在校學業成績全校排名百分比 2、學測自然級分 3、學測英文級分 4、學測數學A級分 5、學測國文級分 6、學測國文、英文、數學A、自然之級分總和 7、生物學業成績總平均全校排名百分比,,,,,,,"1.生物科學為有關生命的，充滿多元性且具綜合性的科學，就讀本系不但可以豐富您的人生，同時也充實您在生命科學各領域的專業能力，以應用於日後基礎生物學及應用生物學的研究與開發工作，更可培養您在現今社會就業的競争力。
2.本系學習內容包含(具體核心課程)相關課程，須具備辨色能力。
3.學系網址 https://biology.nsysu.edu.tw/，聯絡電話 07-5252000轉3601。"
02728,國立中山大學,生物科學系英語組,第三類學群,3,5,0,0,均標,均標,均標,0,0,前標,0,在校學業成績全校排名百分比,學測自然級分,學測英文級分,學測數學A級分,學測國文級分,學測國文、英文、數學A、自然之級分總和,生物學業成績總平均全校排名百分比,1、在校學業成績全校排名百分比 2、學測自然級分 3、學測英文級分 4、學測數學A級分 5、學測國文級分 6、學測國文、英文、數學A、自然之級分總和 7、生物學業成績總平均全校排名百分比,,,,,,,"1.本組之必修專業課程(講授類)採全英語授課。
2.生物科學為有關生命的，充滿多元性且具綜合性的科學，就讀本系不但可以豐富您的人生，同時也充實您在生命科學各領域的專業能力，以應用於日後基礎生物學及應用生物學的研究與開發工作，更可培養您在現今社會就業的競争力。
3.本系學習內容包含(具體核心課程)相關課程，須具備辨色能力。
4.學系網址 https://biology.nsysu.edu.tw/，聯絡電話 07-5252000轉3601。"
02729,國立中山大學,海洋生物科技暨資源學系,第三類學群,7,5,2,3,0,均標,均標,均標,0,均標,B級,在校學業成績全校排名百分比,學測英文、自然之級分總和,學測英文級分,學測自然級分,英語文學業成績總平均全校排名百分比,生物學業成績總平均全校排名百分比,化學學業成績總平均全校排名百分比,1、在校學業成績全校排名百分比 2、學測英文、自然之級分總和 3、學測英文級分 4、學測自然級分 5、英語文學業成績總平均全校排名百分比 6、生物學業成績總平均全校排名百分比 7、化學學業成績總平均全校排名百分比,,,,,,,"1. 本系參採數學A或數學B均可，考生具備其中一科即可。
2. 本系必修課程以英語授課，選修課程非全英語授課。
3. 實驗課程為本系學習重點，學生需雙手操作儀器、久站、且須透過視覺判定實驗結果。必修課程「海上實習」，須搭乘研究船採集和觀察，具有一定危險性，為安全需求須有能力即時移動遠離危險現場。
4. 本系學生須修畢大一專業必修課程並取得合格成績，方可申請轉系。
5. 學系網址：https://mbr.nsysu.edu.tw/，聯絡電話：07-5252000轉分機5020。"
02730,國立中山大學,生物醫學科技學系全英語學士班生物醫學組,第三類學群,1,5,1,3,均標,均標,均標,0,0,均標,0,在校學業成績全校排名百分比,學測英文、數學A、自然之級分總和,學測自然級分,學測英文級分,學測數學A級分,生物學業成績總平均全校排名百分比,化學學業成績總平均全校排名百分比,1、在校學業成績全校排名百分比 2、學測英文、數學A、自然之級分總和 3、學測自然級分 4、學測英文級分 5、學測數學A級分 6、生物學業成績總平均全校排名百分比 7、化學學業成績總平均全校排名百分比,,,,,,,"1.本組必修專業課程採全英語授課。
2.生物醫學科技學系主要在培育智慧醫療與精準健康產業所需的跨域高階人才，跨域課程包括：生醫、工程、資訊、法規，以問題導向訓練，著重專題實作之總結性整合式課程（Capstone Course），以因應日後生物醫學基礎研究、智慧醫療器材開發、生醫大數據分析、國際人才流動的專業能力需求。
3.學系網址：https://bmst.nsysu.edu.tw/；聯絡電話：07-5252000轉7130。"
02731,國立中山大學,生物醫學科技學系全英語學士班生醫工程組,第三類學群,1,5,0,0,均標,均標,均標,0,0,前標,0,在校學業成績全校排名百分比,學測英文、數學A、自然之級分總和,學測自然級分,學測英文級分,學測數學A級分,生物學業成績總平均全校排名百分比,化學學業成績總平均全校排名百分比,1、在校學業成績全校排名百分比 2、學測英文、數學A、自然之級分總和 3、學測自然級分 4、學測英文級分 5、學測數學A級分 6、生物學業成績總平均全校排名百分比 7、化學學業成績總平均全校排名百分比,,,,,,,"1.本組必修專業課程採全英語授課。
2.生物醫學科技學系主要在培育智慧醫療與精準健康產業所需的跨域高階人才，跨域課程包括：生醫、工程、資訊、法規，以問題導向訓練，著重專題實作之總結性整合式課程（Capstone Course），以因應日後生物醫學基礎研究、智慧醫療器材開發、生醫大數據分析、國際人才流動的專業能力需求。
3.學系網址：https://bmst.nsysu.edu.tw/；聯絡電話：07-5252000轉7130。"
02732,國立中山大學,音樂學系,第四類學群,1,1,0,0,後標,後標,0,0,0,0,0,在校學業成績全校排名百分比,術科考試主修分數,音樂學業成績總平均全校排名百分比,術科考試聽寫分數,術科考試樂理分數,學測國文級分,學測英文級分,1、在校學業成績全校排名百分比 2、術科考試主修分數 3、音樂學業成績總平均全校排名百分比 4、術科考試聽寫分數 5、術科考試樂理分數 6、學測國文級分 7、學測英文級分,主修:均標；副修:--；樂理:--；視唱:--；聽寫:--,"鋼琴(名額1,外加--)",,,,,"1.本系招收主修鋼琴1名。
2.本系課程著重專業表演能力與音樂演唱的培養。課程的學習與展演活動需具備相當之讀譜能力、體能、表達力，以及人際互動與溝通的協調能力。
3.學系網址:http://music.nsysu.edu.tw
4.連絡電話:07-5252000分機3332"
02801,國立臺北藝術大學,傳統音樂學系南管樂,第一類學群,1,3,0,0,均標,均標,0,0,均標,0,0,在校學業成績全校排名百分比,學測國文級分,學測英文級分,學測社會級分,國語文學業成績總平均全校排名百分比,英語文學業成績總平均全校排名百分比,公民與社會學業成績總平均全校排名百分比,1、在校學業成績全校排名百分比 2、學測國文級分 3、學測英文級分 4、學測社會級分 5、國語文學業成績總平均全校排名百分比 6、英語文學業成績總平均全校排名百分比 7、公民與社會學業成績總平均全校排名百分比,,,,,,,"1.本系課程設計是以培育傳統音樂專業演奏為主，課程學習有大量讀譜、聽寫、聽奏、合奏(唱)等能力訓練，需具相當之視力、聽力及口語表達、手部機能、控管自身情緒及人際互動溝通協調能力。
2.曾有傳統音樂或相關音樂學習經驗為佳。
3.本系招生主修名額分別為：南管樂1名、北管樂1名、音樂理論1名，敬請依欲參與分發之主修類別報名。
4.洽詢電話：02-28961000分機3052；網址：https://trd-music.tnua.edu.tw/ 。"
02802,國立臺北藝術大學,傳統音樂學系北管樂,第一類學群,1,3,0,0,均標,均標,0,0,均標,0,0,在校學業成績全校排名百分比,學測國文級分,學測英文級分,學測社會級分,國語文學業成績總平均全校排名百分比,英語文學業成績總平均全校排名百分比,公民與社會學業成績總平均全校排名百分比,1、在校學業成績全校排名百分比 2、學測國文級分 3、學測英文級分 4、學測社會級分 5、國語文學業成績總平均全校排名百分比 6、英語文學業成績總平均全校排名百分比 7、公民與社會學業成績總平均全校排名百分比,,,,,,,"1.本系課程設計是以培育傳統音樂專業演奏為主，課程學習有大量讀譜、聽寫、聽奏、合奏(唱)等能力訓練，需具相當之視力、聽力及口語表達、手部機能、控管自身情緒及人際互動溝通協調能力。
2.曾有傳統音樂或相關音樂學習經驗為佳。
3.本系招生主修名額分別為：南管樂1名、北管樂1名、音樂理論1名，敬請依欲參與分發之主修類別報名。
4.洽詢電話：02-28961000分機3052；網址：https://trd-music.tnua.edu.tw/ 。"
02803,國立臺北藝術大學,傳統音樂學系音樂理論,第一類學群,1,3,0,0,均標,均標,0,0,均標,0,0,在校學業成績全校排名百分比,學測國文級分,學測英文級分,學測社會級分,國語文學業成績總平均全校排名百分比,英語文學業成績總平均全校排名百分比,公民與社會學業成績總平均全校排名百分比,1、在校學業成績全校排名百分比 2、學測國文級分 3、學測英文級分 4、學測社會級分 5、國語文學業成績總平均全校排名百分比 6、英語文學業成績總平均全校排名百分比 7、公民與社會學業成績總平均全校排名百分比,,,,,,,"1.本系課程設計是以培育傳統音樂專業演奏為主，課程學習有大量讀譜、聽寫、聽奏、合奏(唱)等能力訓練，需具相當之視力、聽力及口語表達、手部機能、控管自身情緒及人際互動溝通協調能力。
2.曾有傳統音樂或相關音樂學習經驗為佳。
3.本系招生主修名額分別為：南管樂1名、北管樂1名、音樂理論1名，敬請依欲參與分發之主修類別報名。
4.洽詢電話：02-28961000分機3052；網址：https://trd-music.tnua.edu.tw/ 。"
02804,國立臺北藝術大學,戲劇學系,第一類學群,4,3,0,0,頂標,前標,0,0,前標,0,0,在校學業成績全校排名百分比,學測國文級分,學測英文級分,學測社會級分,學測國文、英文、社會之級分總和,國語文學業成績總平均全校排名百分比,英語文學業成績總平均全校排名百分比,1、在校學業成績全校排名百分比 2、學測國文級分 3、學測英文級分 4、學測社會級分 5、學測國文、英文、社會之級分總和 6、國語文學業成績總平均全校排名百分比 7、英語文學業成績總平均全校排名百分比,,,,,,,"1.戲劇學系基礎課程除理論、創作等學科之外，包括傳統戲劇動作、肢體表演等劇烈活動，專業技術課程則包括
劇場各技術部門之實習與操作。多數課程之修習，需具良好體能、移動能力，相當之視覺、聽覺功能及口語表達
、顏色辨別能力，以及人際溝通協調能力。
2.洽詢電話：02-28961000分機3217；網址：https://theatre.tnua.edu.tw/ 。"
02805,國立臺北藝術大學,電影創作學系,第一類學群,4,3,1,1,頂標,前標,0,0,均標,0,B級,在校學業成績全校排名百分比,學測國文級分,學測英文級分,學測社會級分,國語文學業成績總平均全校排名百分比,英語文學業成績總平均全校排名百分比,公民與社會學業成績總平均全校排名百分比,1、在校學業成績全校排名百分比 2、學測國文級分 3、學測英文級分 4、學測社會級分 5、國語文學業成績總平均全校排名百分比 6、英語文學業成績總平均全校排名百分比 7、公民與社會學業成績總平均全校排名百分比,,,,,,,"1.電影創作學系教育目標為培養學生在電影歷史、電影美學與基本製作技術上具備紮實的基礎，並在個別領域內
學有專精，成為國內未來電影產業發展的生力軍，以期產生關鍵性的改革力量。
2.專業課程包括電影表演、美術與各技術部門之實習與操作。
3.洽詢電話:02-28961000分機3902；網址:https://filmmaking.tnua.edu.tw/ 。"
02806,國立臺北藝術大學,劇場設計學系,第二類學群,2,1,0,0,前標,前標,均標,前標,0,0,0,在校學業成績全校排名百分比,學測英文級分,學測國文級分,英語文學業成績總平均全校排名百分比,國語文學業成績總平均全校排名百分比,數學學業成績總平均全校排名百分比,學測自然級分,1、在校學業成績全校排名百分比 2、學測英文級分 3、學測國文級分 4、英語文學業成績總平均全校排名百分比 5、國語文學業成績總平均全校排名百分比 6、數學學業成績總平均全校排名百分比 7、學測自然級分,,,,,,,"1.本系為孕育表演藝術界之專業劇場設計人才，課程學習著重於大量劇烈體能活動，需具有良好體能、移動能力
、需具相當之視覺、聽覺功能及口語表達、辨別顏色能力，具人際互動溝通協調能力、能控管自身情緒者。
2.本系主修分組為舞台設計、燈光設計、服裝設計、技術設計、舞台監督等。
3.洽詢電話：02-28961000分機3715；網址：https://design.tnua.edu.tw/ 。"
02807,國立臺北藝術大學,音樂學系,第四類學群,4,1,0,0,均標,均標,0,0,0,0,B級,在校學業成績全校排名百分比,術科考試主修分數,音樂學業成績總平均全校排名百分比,術科考試聽寫分數,術科考試樂理分數,術科考試視唱分數,學測英文級分,1、在校學業成績全校排名百分比 2、術科考試主修分數 3、音樂學業成績總平均全校排名百分比 4、術科考試聽寫分數 5、術科考試樂理分數 6、術科考試視唱分數 7、學測英文級分,主修:頂標；副修:--；樂理:頂標；視唱:--；聽寫:頂標,"鋼琴(名額1,外加--)；聲樂(名額1,外加--)；法國號(名額1,外加--)；理論作曲(名額1,外加--)",,,,,"1.本學系課程設計是以培養專業演奏及創作人才為主，課程學習著重於各類型合奏(室內樂、樂團) 及藝術創作
…等的能力訓練，有大量讀譜、聽寫、聽奏、合奏(唱)、看指揮…等課程，需具良好之視覺、聽覺、口語表達、
控管自身情緒、人際互動溝通協調…等能力。
2.洽詢電話：02-28961000分機3018；網址：https://music.tnua.edu.tw/ 。"
02808,國立臺北藝術大學,音樂與影像跨域學士學位學程,第四類學群,2,1,1,1,均標,均標,0,0,0,0,B級,在校學業成績全校排名百分比,音樂學業成績總平均全校排名百分比,術科考試樂理分數,術科考試聽寫分數,學測國文級分,學測英文級分,術科考試視唱分數,1、在校學業成績全校排名百分比 2、音樂學業成績總平均全校排名百分比 3、術科考試樂理分數 4、術科考試聽寫分數 5、學測國文級分 6、學測英文級分 7、術科考試視唱分數,主修:--；副修:--；樂理:均標；視唱:均標；聽寫:均標,,,,,,"1.以音樂為軸，學習三大核心領域：音樂編創、聲音設計、錄音製作，並透過跨域實作，進行整合呈現。實務課程涵蓋樂曲編創、影視配樂、製作出版、錄音技術、聲音科技工程、展演活動、媒體行銷等內容，以議題導向啟發創新思考與自主學習，透過田野踏查，創造具備在地特色、人文關懷的國際共製實作專案。以培育新時代具備全球視野及國際競爭力的影音製作和跨藝整合能力的人才為目標。 2.須具備良好視覺、聽覺、口語表達；人際互動及跨域溝通協調能力、能控管自身情緒、與他人團隊合作，音樂與影像製作軟體基礎使用能力。
3.洽詢電話：02-2896-1000分機2716；網址：https://mit.tnua.edu.tw/ 。"
02809,國立臺北藝術大學,美術學系,第五類學群,6,2,0,0,均標,均標,0,0,0,0,B級,在校學業成績全校排名百分比,術科考試素描分數,美術學業成績總平均全校排名百分比,學測國文級分,學測英文級分,國語文學業成績總平均全校排名百分比,英語文學業成績總平均全校排名百分比,1、在校學業成績全校排名百分比 2、術科考試素描分數 3、美術學業成績總平均全校排名百分比 4、學測國文級分 5、學測英文級分 6、國語文學業成績總平均全校排名百分比 7、英語文學業成績總平均全校排名百分比,素描:前標；彩繪技法:--；創意表現:--；水墨書畫:--；美術鑑賞:--,,,,,,洽詢電話：02-28961000分機3115；網址：https://finearts.tnua.edu.tw/ 。
02810,國立臺北藝術大學,新媒體藝術學系,第五類學群,3,2,0,0,前標,前標,前標,0,0,0,0,在校學業成績全校排名百分比,英語文學業成績總平均全校排名百分比,國語文學業成績總平均全校排名百分比,數學學業成績總平均全校排名百分比,學測國文、英文、數學A之級分總和,資訊科技學業成績總平均全校排名百分比,生活科技學業成績總平均全校排名百分比,1、在校學業成績全校排名百分比 2、英語文學業成績總平均全校排名百分比 3、國語文學業成績總平均全校排名百分比 4、數學學業成績總平均全校排名百分比 5、學測國文、英文、數學A之級分總和 6、資訊科技學業成績總平均全校排名百分比 7、生活科技學業成績總平均全校排名百分比,素描:--；彩繪技法:--；創意表現:--；水墨書畫:--；美術鑑賞:--,,,,,,1.本招生管道入學者，於學士班一年級下學期時，專業分組將分為「新媒體影像組」及「新媒體跨域組」。畢業製作須參與並通過本學系審定之對外展演發表始能畢業，有關學習專業課程內容及畢業門檻相關規定可參閱本系網站 https://nma.tnua.edu.tw/ 。 2.因課程學習與作品創作需要，須具備高度藝術創作之能力，如學生需操作各類數位機具、電子焊接和機械動力製作等手部動作，以及有能力完成數位影像設計與聲音創作…等視覺與聽覺辨識能力。 3.洽詢電話：02-28961000分機3142。
02811,國立臺北藝術大學,動畫學系,第五類學群,2,2,0,0,均標,均標,0,0,均標,0,B級,在校學業成績全校排名百分比,美術學業成績總平均全校排名百分比,術科考試素描分數,術科考試創意表現分數,英語文學業成績總平均全校排名百分比,國語文學業成績總平均全校排名百分比,學測社會級分,1、在校學業成績全校排名百分比 2、美術學業成績總平均全校排名百分比 3、術科考試素描分數 4、術科考試創意表現分數 5、英語文學業成績總平均全校排名百分比 6、國語文學業成績總平均全校排名百分比 7、學測社會級分,素描:均標；彩繪技法:均標；創意表現:均標；水墨書畫:--；美術鑑賞:--,,,,,,"1.本學系課程內容須具備大量視聽溝通及精細操作能力。
2.洽詢電話：02-28961000分機6532；網址：https://animation.tnua.edu.tw/ 。"
03001,長庚大學,醫務管理學系,第一類學群,11,6,2,4,0,均標,後標,均標,0,0,0,在校學業成績全校排名百分比,學測國文、英文之級分總和,學測英文級分,學測國文級分,英語文學業成績總平均全校排名百分比,國語文學業成績總平均全校排名百分比,數學學業成績總平均全校排名百分比,1、在校學業成績全校排名百分比 2、學測國文、英文之級分總和 3、學測英文級分 4、學測國文級分 5、英語文學業成績總平均全校排名百分比 6、國語文學業成績總平均全校排名百分比 7、數學學業成績總平均全校排名百分比,,,,,,,"1.醫務管理乃綜合健康照護產業管理與發展的應用科學，大學部以全人教育為基礎，培育學生健康產業管理的專
業，課程內容強調管理與健康服務理論與實務之應用。本系有校外實習課程，須配合實習單位要求在不同地點收
集資料並執行專案，可能有大量接觸人群的機會，需具人際互動溝通協調能力。
2.聯絡電話:(03)211-8800分機5271。學系網址:https://www.cgu.edu.tw/hcm/。"
03002,長庚大學,工商管理學系(雙聯學位組）,第一類學群,13,6,1,4,0,後標,0,0,0,0,0,在校學業成績全校排名百分比,學測英文級分,英語文學業成績總平均全校排名百分比,學測數學B級分,學測國文級分,數學學業成績總平均全校排名百分比,國語文學業成績總平均全校排名百分比,1、在校學業成績全校排名百分比 2、學測英文級分 3、英語文學業成績總平均全校排名百分比 4、學測數學B級分 5、學測國文級分 6、數學學業成績總平均全校排名百分比 7、國語文學業成績總平均全校排名百分比,,,,,,,"1.本系課程強調人工智慧(AI) 應用於行銷、財務、生管、人資等企管實務，必修課採中、英文雙班開課。每年提供30個名額至結盟學校修習學碩學程，包括美國University of Wisconsin-Milwaukee企業管理、管理科學、工業工程碩士，Fordham University財務金融碩士，University of Colorado-Denver商業分析碩士，法國NEOMA商學院碩士等，符合結盟學校入學及畢業資格者，可在5年修業期間取得本校學士及國外大學碩士。凡於大三結束前取得TOEFL100分(含)以上成績、至少取得60學分英語授課課程且出國攻讀雙聯學位者，給予每人臺幣30萬元獎學金。
2.學系網址https://www.cgu.edu.tw/ibm，電話(03)211-8800分機5406、5411。"
03003,長庚大學,工業設計學系,第一類學群,8,6,2,4,0,均標,0,0,0,0,0,在校學業成績全校排名百分比,學測國文、英文之級分總和,學測英文級分,學測國文級分,英語文學業成績總平均全校排名百分比,國語文學業成績總平均全校排名百分比,數學學業成績總平均全校排名百分比,1、在校學業成績全校排名百分比 2、學測國文、英文之級分總和 3、學測英文級分 4、學測國文級分 5、英語文學業成績總平均全校排名百分比 6、國語文學業成績總平均全校排名百分比 7、數學學業成績總平均全校排名百分比,,,,,,,本系以培育兼具跨領域與創新能力之設計專業人才為核心目標，課程設計融合醫療、藝術、人文與科技等多元次領域，強調設計創新，並聚焦於醫療設計與跨域創新創業的發展。透過理論與實務並重的學習模式，學生能夠紮實掌握設計專業知識與能力，進一步成為具有人文關懷、跨領域整合思維、前瞻科技應用能力、國際視野與藝術涵養的專業設計師。課程特色包括AI與數位科技的應用，推動跨域合作與國際交流，讓學生在多元情境中拓展專業實力。此外，設計技術與實務課程強調動手操作，涵蓋材料加工處理、手繪表現及電腦繪圖等，幫助學生建立完整的專業技能。連絡電話：(03)211-8800分機5421，學系網址：https://www.cgu.edu.tw/id/
03004,長庚大學,資訊管理學系,第一類學群,10,6,0,0,0,0,0,均標,0,0,0,在校學業成績全校排名百分比,學測數學B級分,學測英文級分,學測國文級分,數學學業成績總平均全校排名百分比,英語文學業成績總平均全校排名百分比,資訊科技學業成績總平均全校排名百分比,1、在校學業成績全校排名百分比 2、學測數學B級分 3、學測英文級分 4、學測國文級分 5、數學學業成績總平均全校排名百分比 6、英語文學業成績總平均全校排名百分比 7、資訊科技學業成績總平均全校排名百分比,,,,,,,1.旨在培育具備AI思維、數據分析、管理素養之數位人才，具備系統開發、數據分析、資訊安全、專案管理等資訊技能。2.教學目標著重實務問題解決。3.畢業專題針對醫療創新、智慧物聯網、數位商務等領域進行創作，解決實務企業問題或提出數位創新，作為學士畢業代表作。4.畢業專題期間可申請長庚大學創新創業實作補助。5.大二成績優異者可申請台塑企業公費生實習。實習期間表現良好得留任台塑企業。6.定期選送學生出國從事實習。7.畢業校友遍及知名外商公司(如Google台灣)、市值50強集團(如台積電、中華電信、台塑、統一、長榮、廣達等)。
03005,長庚大學,數位金融科技學系(甲組),第一類學群,3,6,0,0,0,後標,均標,0,0,0,0,在校學業成績全校排名百分比,學測數學A級分,學測英文級分,學測國文級分,資訊科技學業成績總平均全校排名百分比,數學學業成績總平均全校排名百分比,英語文學業成績總平均全校排名百分比,1、在校學業成績全校排名百分比 2、學測數學A級分 3、學測英文級分 4、學測國文級分 5、資訊科技學業成績總平均全校排名百分比 6、數學學業成績總平均全校排名百分比 7、英語文學業成績總平均全校排名百分比,,,,,,,1.旨在提供資訊科技、財務金融、及數量方法的整合課程訓練，以迎合數位金融相關產業發展新契機，培養兼具數位資訊與金融專長之跨領域專業人才。2 課程設計強調專業應用、研究驅動、與創新導向的三合一特色，教授內容著重金融科技理論、規範、與實務的交互學習應用，並以衍生出具創業價值的數位金融技術或商業模式為目標。3.初期研究領航方向包括金融區塊鏈、量子金融、監理沙盒、及機器流程自動化，將與國際數位金融服務趨勢發展接軌。4.聯絡電話:(03)211-8800分機3228，學系網址:https://www.cgu.edu.tw/ft/。
03006,長庚大學,數位金融科技學系(乙組),第一類學群,4,6,1,4,0,後標,0,均標,0,0,0,在校學業成績全校排名百分比,學測數學B級分,學測英文級分,學測國文級分,數學學業成績總平均全校排名百分比,英語文學業成績總平均全校排名百分比,資訊科技學業成績總平均全校排名百分比,1、在校學業成績全校排名百分比 2、學測數學B級分 3、學測英文級分 4、學測國文級分 5、數學學業成績總平均全校排名百分比 6、英語文學業成績總平均全校排名百分比 7、資訊科技學業成績總平均全校排名百分比,,,,,,,1.旨在提供資訊科技、財務金融、及數量方法的整合課程訓練，以迎合數位金融相關產業發展新契機，培養兼具數位資訊與金融專長之跨領域專業人才。2 課程設計強調專業應用、研究驅動、與創新導向的三合一特色，教授內容著重金融科技理論、規範、與實務的交互學習應用，並以衍生出具創業價值的數位金融技術或商業模式為目標。3.初期研究領航方向包括金融區塊鏈、量子金融、監理沙盒、及機器流程自動化，將與國際數位金融服務趨勢發展接軌。4.聯絡電話:(03)211-8800分機3228，學系網址:https://www.cgu.edu.tw/ft/。
03007,長庚大學,電機工程學系,第二類學群,20,8,2,1,0,0,均標,0,0,均標,0,在校學業成績全校排名百分比,學測自然級分,學測數學A級分,學測英文級分,物理學業成績總平均全校排名百分比,數學學業成績總平均全校排名百分比,英語文學業成績總平均全校排名百分比,1、在校學業成績全校排名百分比 2、學測自然級分 3、學測數學A級分 4、學測英文級分 5、物理學業成績總平均全校排名百分比 6、數學學業成績總平均全校排名百分比 7、英語文學業成績總平均全校排名百分比,,,,,,,"1.本系配合國家產業需求及未來科技發展，訂定人工智慧、新世代行動通訊、光子毫米波通訊技術、物聯網、智慧家庭、IC設計、智慧型手機APP開發，智慧眼鏡、虛擬實境、擴增實境、行動電視傳輸、網路安全技術、太陽能/風力發電系統、智慧電網分析與規劃、市電併聯型變流器設計、多機器人合作控制、生醫光學技術、醫學影像/訊號處理、生理檢測嵌入式系統、系統晶片設計、數位/類比晶片設計為發展重點。
2.聯絡電話:(03)211-8800分機5311。學系網址:https://www.cgu.edu.tw/ee/。"
03008,長庚大學,機械工程學系,第二類學群,8,8,0,0,0,0,後標,0,0,0,0,在校學業成績全校排名百分比,學測自然級分,學測數學A級分,學測國文級分,物理學業成績總平均全校排名百分比,數學學業成績總平均全校排名百分比,英語文學業成績總平均全校排名百分比,1、在校學業成績全校排名百分比 2、學測自然級分 3、學測數學A級分 4、學測國文級分 5、物理學業成績總平均全校排名百分比 6、數學學業成績總平均全校排名百分比 7、英語文學業成績總平均全校排名百分比,,,,,,,"1.本系教學注重理論與實務，培養機械設計、智慧製造、材料、熱流、機器人及半導體設備等人才，實作課程含工場實習／實驗及校外實習，並提供產學合作及國外大學交流的機會。
2.實作與實務學習為本系課程之特色，學生需親自操作實驗設備與機台，相關機械設備需手腳並用，操作時要能察覺設備作動並即時反應。
3.聯絡電話:(03)211-8800分機5336。學系網址:https://www.cgu.edu.tw/me/。"
03009,長庚大學,化工與材料工程學系(化學工程組),第二類學群,6,8,0,0,0,均標,均標,0,0,均標,0,在校學業成績全校排名百分比,學測英文、數學A、自然之級分總和,學測數學A級分,學測自然級分,學測英文級分,學測國文級分,化學學業成績總平均全校排名百分比,1、在校學業成績全校排名百分比 2、學測英文、數學A、自然之級分總和 3、學測數學A級分 4、學測自然級分 5、學測英文級分 6、學測國文級分 7、化學學業成績總平均全校排名百分比,,,,,,,1.秉持培養理論與實務結合之材料工程與化學工程人才的宗旨，招收對化工及生化科技等相關領域有興趣，並具有基礎知識能力之高中生。 2.本系規劃學碩士學程、學士逕修讀博士等學制，提供多元學習進修方案。 3.操作實驗為本系學習之重點，學生均須透過親自操作儀器奠定本系基礎專業知識與實驗技能，部分實驗須透過色彩判定實驗結果，各項實驗須有能力即時移動身軀遠離現場。 4.修滿本系規定學分，成績及格者，由學校頒發「化工與材料工程學系」畢業證書，以及工學院授予「化學工程組」畢業證明。 5.聯絡電話:(03)211-8800分機5286。學系網址: https://www.cgu.edu.tw/ce/。
03010,長庚大學,化工與材料工程學系(材料工程組),第二類學群,6,8,0,0,0,均標,均標,0,0,均標,0,在校學業成績全校排名百分比,學測英文、數學A、自然之級分總和,學測自然級分,學測數學A級分,學測英文級分,學測國文級分,化學學業成績總平均全校排名百分比,1、在校學業成績全校排名百分比 2、學測英文、數學A、自然之級分總和 3、學測自然級分 4、學測數學A級分 5、學測英文級分 6、學測國文級分 7、化學學業成績總平均全校排名百分比,,,,,,,1.秉持培養理論與實務結合之材料工程與化學工程人才的宗旨，招收對材料工程等相關領域有興趣，並具有基礎知識能力之高中生。 2.本系規劃學碩士學程、學士逕修讀博士等學制，提供多元學習進修方案。 3.操作實驗為本系學習之重點，學生均須透過親自操作儀器奠定本系基礎專業知識與實驗技能，部分實驗須透過色彩判定實驗結果，各項實驗須有能力即時移動身軀遠離現場。 4.修滿本系規定學分，成績及格者，由學校頒發「化工與材料工程學系」畢業證書，以及工學院授予「材料工程組」畢業證明。 5.聯絡電話:(03)211-8800分機5286。學系網址: https://www.cgu.edu.tw/ce/。
03011,長庚大學,電子工程學系,第二類學群,15,8,0,0,0,0,0,0,0,均標,0,在校學業成績全校排名百分比,學測數學A、自然之級分總和,學測數學A級分,學測自然級分,學測英文級分,物理學業成績總平均全校排名百分比,英語文學業成績總平均全校排名百分比,1、在校學業成績全校排名百分比 2、學測數學A、自然之級分總和 3、學測數學A級分 4、學測自然級分 5、學測英文級分 6、物理學業成績總平均全校排名百分比 7、英語文學業成績總平均全校排名百分比,,,,,,,"1.本系著重理論與實務結合，以積體電路設計及半導體元件為核心，整合量子光電、人工智慧、生醫工程與高頻通信為目標。入學後將有機會申請至國外名校進行交換學生之學程。
2.本系之實務與專題課程提供完整專業與安全訓練，學生均需親自操作精密儀器與設備機台，並具備獨立排除困難之能力。
3.聯絡電話:(03)211-8800分機5801。學系網址:https://www.cgu.edu.tw/elec/。"
03012,長庚大學,資訊工程學系,第二類學群,10,8,0,0,0,均標,均標,0,0,0,0,在校學業成績全校排名百分比,學測國文、英文、數學A、自然之級分總和,學測數學A級分,學測自然級分,學測英文級分,學測國文級分,物理學業成績總平均全校排名百分比,1、在校學業成績全校排名百分比 2、學測國文、英文、數學A、自然之級分總和 3、學測數學A級分 4、學測自然級分 5、學測英文級分 6、學測國文級分 7、物理學業成績總平均全校排名百分比,,,,,,,"1.本系為國內資訊工程領域頂尖系所，專精領域包括電算機科學、計算機硬體設計、電腦網路、行動通訊、資料
科學、人工智慧、生醫資訊等。積極推動國際學術交流，已與多所國外大學簽訂學術研究合作與雙聯學位，增加
國際競爭力。畢業校友皆分布在國內外重要企業，如谷歌、蘋果、台積電、甲骨文、聯發科等。
2.聯絡電話:(03)211-8800分機5962。學系網址:https://www.cgu.edu.tw/csie/。"
03013,長庚大學,生物醫學工程學系,第二類學群,8,8,0,0,0,0,均標,0,0,均標,0,在校學業成績全校排名百分比,學測英文、數學A、自然之級分總和,學測數學A級分,學測自然級分,物理學業成績總平均全校排名百分比,學測英文級分,學測國文級分,1、在校學業成績全校排名百分比 2、學測英文、數學A、自然之級分總和 3、學測數學A級分 4、學測自然級分 5、物理學業成績總平均全校排名百分比 6、學測英文級分 7、學測國文級分,,,,,,,"1.本學系之辦學理念在培育兼具「工程技能」與「醫學涵養」之優秀人才，未來的教學之重點為生命科學及工程專業知識，廣泛對生物醫學問題進行分析、設計和解答，以達到對人類健康相關之診斷、醫療、照護及預防工作提供安全又有效的創新與進展。本學系之選才特色：對數理與生物學科並重，具溝通及領導特質、喜好創意與實作的跨領域學生。
2.聯絡電話:(03)211-8800分機3081。學系網址:https://www.cgu.edu.tw/bme/。"
03014,長庚大學,人工智慧學系,第二類學群,8,8,0,0,0,均標,均標,0,0,均標,0,在校學業成績全校排名百分比,學測英文、數學A、自然之級分總和,學測數學A級分,學測自然級分,學測英文級分,學測國文級分,數學學業成績總平均全校排名百分比,1、在校學業成績全校排名百分比 2、學測英文、數學A、自然之級分總和 3、學測數學A級分 4、學測自然級分 5、學測英文級分 6、學測國文級分 7、數學學業成績總平均全校排名百分比,,,,,,,1.人工智慧學系，回應全球最迫切的人才需求！培養兼具理論基礎與實務應用的AI專業人才。本系匯聚國際化師資，並與多所海外名校合作，推動跨國合作、交換與聯合研究，搭配校內EMI課程，打造全方位國際化學習環境。課程核心規劃三學期專題實作，強化問題定義、系統開發與成果展現能力，並串連短期海外研習、中期交換、長期3+2雙學位，全面提升學生國際移動力。同時結合高科技產業與醫療機構的合作實習，讓學生在真實場域中累積經驗，培養創新與實作實力，成為引領未來、最受產業期待的AI進階人才。 2.聯絡電話：(03)211-8800分機2510。學系網址:https://www.cgu.edu.tw/ai/。
03015,長庚大學,中醫學系,第三類學群,10,8,0,0,頂標,頂標,頂標,0,0,頂標,0,在校學業成績全校排名百分比,學測國文、英文、數學A、自然之級分總和,學測數學A級分,學測自然級分,學測國文級分,英語文學業成績總平均全校排名百分比,生物學業成績總平均全校排名百分比,1、在校學業成績全校排名百分比 2、學測國文、英文、數學A、自然之級分總和 3、學測數學A級分 4、學測自然級分 5、學測國文級分 6、英語文學業成績總平均全校排名百分比 7、生物學業成績總平均全校排名百分比,,,,,,,"1.本系因課程學習需要，需使用顯微鏡、色彩判定、大體解剖、與病患及醫療團隊溝通建立醫病關係等，因此，
必需具有相當之視覺、聽覺功能，具口語表達、人際互動溝通協調能力及相當之抗壓能力。
2.本系修業年限七年(含雙主修)。
3.聯絡電話:(03)211-8800分機5101、5102。學系網址:https://www.cgu.edu.tw/cm/"
03016,長庚大學,護理學系,第三類學群,20,8,0,0,0,均標,底標,後標,0,均標,0,在校學業成績全校排名百分比,學測國文、英文、自然之級分總和,學測英文級分,學測自然級分,學測國文級分,英語文學業成績總平均全校排名百分比,生物學業成績總平均全校排名百分比,1、在校學業成績全校排名百分比 2、學測國文、英文、自然之級分總和 3、學測英文級分 4、學測自然級分 5、學測國文級分 6、英語文學業成績總平均全校排名百分比 7、生物學業成績總平均全校排名百分比,,,,,,,"1.就讀本系須具備相當之視覺、色彩辨識、聽覺、以及口語溝通能力，同時工作中需具情緒管理能力及抗壓性。
2.本校提供銀質獎學金，暑期可參與國際交換生活動，亦提供國外雙聯學位機會；畢業前可申請長庚醫療體系公
費生。
3.聯絡電話：(03)2118800分機5193、5957。學系網址：https://www.cgu.edu.tw/nurse/。"
03017,長庚大學,醫學生物技術暨檢驗學系,第三類學群,9,8,0,0,0,均標,0,0,0,均標,0,在校學業成績全校排名百分比,學測英文、自然之級分總和,化學學業成績總平均全校排名百分比,學測自然級分,學測英文級分,生物學業成績總平均全校排名百分比,英語文學業成績總平均全校排名百分比,1、在校學業成績全校排名百分比 2、學測英文、自然之級分總和 3、化學學業成績總平均全校排名百分比 4、學測自然級分 5、學測英文級分 6、生物學業成績總平均全校排名百分比 7、英語文學業成績總平均全校排名百分比,,,,,,,"1.本系為醫療相關學系，就學期間須使用顯微鏡、色彩判定、團隊溝通及與病患互動。需具有相當之視覺、聽覺功能，具口語表達、溝通能力，運用肢體操作儀器且能迅速移動、能控管自身情緒、具相當之抗壓能力。本系畢業可報考國家醫檢師證照。本系亦培養醫學相關之生物技術人才，畢業工作之選擇具多樣性。
2.本系為第三類組學系，需有高中自然組之生物、化學、物理、數學課程之基礎，請非自然組學生審慎選填。
3.聯絡電話:(03)211-8800分機5247。學系網址:https://www.cgu.edu.tw/mip/"
03018,長庚大學,醫學影像暨放射科學系,第三類學群,6,8,1,1,0,均標,均標,0,0,均標,0,在校學業成績全校排名百分比,學測英文、數學A、自然之級分總和,學測自然級分,學測英文級分,學測數學A級分,物理學業成績總平均全校排名百分比,英語文學業成績總平均全校排名百分比,1、在校學業成績全校排名百分比 2、學測英文、數學A、自然之級分總和 3、學測自然級分 4、學測英文級分 5、學測數學A級分 6、物理學業成績總平均全校排名百分比 7、英語文學業成績總平均全校排名百分比,,,,,,,"1.本系旨在培養醫學影像與放射科學研究、臨床及醫療技術人才，並結合長庚醫院先進醫療設備如質子治療、磁振造影、多排探頭CT、正子掃描及高能直線加速器等，理論實務並重，提供學生最完善的學習環境。
2.因學習及臨床就業需要，學生需有相當視聽覺功能，具表達溝通能力，運用肢體操控儀器，能迅速移動。
3.設有基礎醫學物理學程與生醫影像暨人工智慧微學程，教師亦有相關豐碩研究成果，提供多元學習與職涯發展。
4.連絡電話:(03)211-8800分機5246。學系網址:https://www.cgu.edu.tw/mirs/。"
03019,長庚大學,物理治療學系,第三類學群,8,8,0,0,均標,均標,0,0,0,均標,0,在校學業成績全校排名百分比,學測國文、英文、自然之級分總和,學測英文級分,生物學業成績總平均全校排名百分比,學測自然級分,物理學業成績總平均全校排名百分比,英語文學業成績總平均全校排名百分比,1、在校學業成績全校排名百分比 2、學測國文、英文、自然之級分總和 3、學測英文級分 4、生物學業成績總平均全校排名百分比 5、學測自然級分 6、物理學業成績總平均全校排名百分比 7、英語文學業成績總平均全校排名百分比,,,,,,,"1.本系以完整的基礎醫學與物理治療專業課程為核心，培養優秀物理治療師。並透過多元化教育，拓展學生專業素養與研究視野，推動畢業生於物理治療與復健專業的多向發展。
2.學生需具備良好體能、視覺、聽覺及手部操作能力，以勝任個案服務。同時，學生應具備優良的口語表達、人際溝通與協調能力，並能有效管理與調適自身情緒。
3.聯絡電話:(03)211-8800分機3788、3157。學系網址:https://www.cgu.edu.tw/pt/。"
03020,長庚大學,職能治療學系,第三類學群,8,8,0,0,0,均標,0,0,0,均標,0,在校學業成績全校排名百分比,學測英文、自然之級分總和,學測英文級分,學測自然級分,學測國文級分,英語文學業成績總平均全校排名百分比,生物學業成績總平均全校排名百分比,1、在校學業成績全校排名百分比 2、學測英文、自然之級分總和 3、學測英文級分 4、學測自然級分 5、學測國文級分 6、英語文學業成績總平均全校排名百分比 7、生物學業成績總平均全校排名百分比,,,,,,,"1.本系為醫療相關學系，學習醫學、治療理論、輔具製作及人際溝通互動等課程內容，需具有相當之視覺與聽覺
功能、口語表達及溝通能力、具體能與移動能力；人際互動及協調能力；能控管自身情緒。學生畢業後將進行個
案治療及照護之工作。
2.聯絡電話:(03)211-8800分機3632、5439。學系網址:https://www.cgu.edu.tw/dot/"
03021,長庚大學,生物醫學系,第三類學群,16,8,0,0,0,均標,均標,0,0,均標,0,在校學業成績全校排名百分比,學測自然級分,學測英文級分,學測數學A級分,化學學業成績總平均全校排名百分比,生物學業成績總平均全校排名百分比,數學學業成績總平均全校排名百分比,1、在校學業成績全校排名百分比 2、學測自然級分 3、學測英文級分 4、學測數學A級分 5、化學學業成績總平均全校排名百分比 6、生物學業成績總平均全校排名百分比 7、數學學業成績總平均全校排名百分比,,,,,,,1.本系以培育具備獨立學習能力與生物醫學知識的高級人才為目標，希望招收對生物醫學有興趣，有基礎自然科學的訓練及廣泛課外活動接觸的同學。 2.本系課程著重生物醫學重要新興領域，強調訓練同學獨立進行研究工作的能力，並且開設多項跨領域課程，提供許多海外大學研修及生技產業實習機會。 3.本系同學在畢業前可自由選擇「生醫研究專業學程」、「生技產業專業學程」、「臨床試驗專業學程」或「全英生物資訊專業學程」任一學程修習，畢業後不論選擇繼續深造或進入生技產業就業皆可勝任。 4.聯絡電話:(03)211-8800分機3491、3293。學系網址https://www.cgu.edu.tw/ls。
03022,長庚大學,呼吸治療學系,第三類學群,8,8,0,0,0,均標,0,0,0,均標,0,在校學業成績全校排名百分比,學測英文、自然之級分總和,學測英文級分,學測自然級分,英語文學業成績總平均全校排名百分比,生物學業成績總平均全校排名百分比,化學學業成績總平均全校排名百分比,1、在校學業成績全校排名百分比 2、學測英文、自然之級分總和 3、學測英文級分 4、學測自然級分 5、英語文學業成績總平均全校排名百分比 6、生物學業成績總平均全校排名百分比 7、化學學業成績總平均全校排名百分比,,,,,,,"1.本系教學著重理論與臨床實務結合，以訓練在職場上具競爭力之優秀呼吸治療師。學生在學期間因課程規畫須
使用醫療、實驗室相關設備並與病患及醫療團隊溝通、建立醫病關係，故需具相當之視覺、聽覺及口語表達能力
。實習期間需久站、操作儀器、能迅速移動、能控管自身情緒及抗壓能力。
2.聯絡電話:(03)211-8800分機5236。學系網址:https://www.cgu.edu.tw/rc/。"
03023,長庚大學,醫學系,第八類學群,19,1,0,0,頂標,頂標,頂標,0,0,頂標,0,在校學業成績全校排名百分比,學測國文、英文、數學A、自然之級分總和,學測自然級分,學測英文級分,學測數學A級分,公民與社會學業成績總平均全校排名百分比,歷史學業成績總平均全校排名百分比,1、在校學業成績全校排名百分比 2、學測國文、英文、數學A、自然之級分總和 3、學測自然級分 4、學測英文級分 5、學測數學A級分 6、公民與社會學業成績總平均全校排名百分比 7、歷史學業成績總平均全校排名百分比,,,面試,100%,26,750,"1.通過篩選者，本校僅用手機簡訊通知訊息，務必於報名時留下手機號碼。
2.本系課程具有與人直接互動的特性，須具醫學專業知識、技能與人文素養。學習及判定病患病因需要，需具有相當之視、聽覺功能，口語表達、溝通協調能力，也需久站、移動及操作儀器，控管情緒、具抗壓能力，以進入醫院學習治療及照顧病患。3.修業年限六年。"
03101,國立臺中教育大學,教育學系,第一類學群,6,11,2,11,均標,0,0,0,0,0,0,在校學業成績全校排名百分比,學測數學B級分,學測國文級分,學測英文級分,數學學業成績總平均全校排名百分比,國語文學業成績總平均全校排名百分比,英語文學業成績總平均全校排名百分比,1、在校學業成績全校排名百分比 2、學測數學B級分 3、學測國文級分 4、學測英文級分 5、數學學業成績總平均全校排名百分比 6、國語文學業成績總平均全校排名百分比 7、英語文學業成績總平均全校排名百分比,,,,,,,"1.本系學生入學後可修習國民小學師資培育課程。但以外加名額方式就讀者，需報教育部核准後，方可修習國小師資培育課程。
2.教育學系為小教全師培學系，教育部教師資格考試與各縣市國小教師甄試須考數學，有意選填者建議精熟高中數學領域必修課程為宜。
3.有關本系之介紹，請參考本系網站https://edu.ntcu.edu.tw/ 及聯絡電話04-22183346鄭小姐。"
03102,國立臺中教育大學,特殊教育學系,第一類學群,6,11,4,11,均標,均標,0,0,0,0,0,在校學業成績全校排名百分比,學測國文級分,學測英文級分,國語文學業成績總平均全校排名百分比,英語文學業成績總平均全校排名百分比,學測國文、英文之級分總和,數學學業成績總平均全校排名百分比,1、在校學業成績全校排名百分比 2、學測國文級分 3、學測英文級分 4、國語文學業成績總平均全校排名百分比 5、英語文學業成績總平均全校排名百分比 6、學測國文、英文之級分總和 7、數學學業成績總平均全校排名百分比,,,,,,,"1.本系為全師培學系。但以外加名額錄取者，須通過審查方能取得師資生資格。
2.本系師資生可取得國小資優、國小身障及學前特教三張教師證。
3.欲擔任國小一般教師者，入學後可參加小教師培甄選。
4.聯絡電話：04-22183362 特教系系辦組員
5.本系網站：https://spe.ntcu.edu.tw/"
03103,國立臺中教育大學,幼兒教育學系,第一類學群,4,11,2,11,均標,均標,0,0,均標,0,0,在校學業成績全校排名百分比,學測國文級分,學測社會級分,學測英文級分,國語文學業成績總平均全校排名百分比,公民與社會學業成績總平均全校排名百分比,英語文學業成績總平均全校排名百分比,1、在校學業成績全校排名百分比 2、學測國文級分 3、學測社會級分 4、學測英文級分 5、國語文學業成績總平均全校排名百分比 6、公民與社會學業成績總平均全校排名百分比 7、英語文學業成績總平均全校排名百分比,,,,,,,"1.本系學生入學後可修習幼兒園師資培育課程，但以外加名額方式錄取者，須報教育部核准後，方可修習幼兒園
師資培育課程。
2.本系目標在培育幼兒教育專業知能之幼教人才，希望甄選有意從事幼兒教育之工作者。
3.聯絡電話：04-22183402；本系網站：https://ttcece.ntcu.edu.tw/"
03104,國立臺中教育大學,體育學系,第一類學群,5,11,1,11,後標,0,0,後標,0,0,0,在校學業成績全校排名百分比,學測國文級分,學測數學B級分,國語文學業成績總平均全校排名百分比,數學學業成績總平均全校排名百分比,學測國文、數學B之級分總和,英語文學業成績總平均全校排名百分比,1、在校學業成績全校排名百分比 2、學測國文級分 3、學測數學B級分 4、國語文學業成績總平均全校排名百分比 5、數學學業成績總平均全校排名百分比 6、學測國文、數學B之級分總和 7、英語文學業成績總平均全校排名百分比,,,,,,,1．本系為師培與非師培並行學系，學生欲修習國民小學、幼兒園及中等學校(閩南語文專長、資訊科技專長)師資培育課程須經甄選考試通過。2．本系每年皆有辦理多項運動活動，各年級同學需參與。3．本系學生未來出路：國小教師、運動指導人才（適應體育/幼兒體能等）、健身運動教練、體育行政管理人才、體育學術研究人才。4．有關本系特色及課程規劃等訊息，請參閱系網站https://pe.ntcu.edu.tw/。
03105,國立臺中教育大學,語文教育學系,第一類學群,29,11,3,11,均標,0,底標,底標,0,0,0,在校學業成績全校排名百分比,學測國文、英文、社會之級分總和,學測國文級分,學測社會級分,學測英文級分,國語文學業成績總平均全校排名百分比,英語文學業成績總平均全校排名百分比,1、在校學業成績全校排名百分比 2、學測國文、英文、社會之級分總和 3、學測國文級分 4、學測社會級分 5、學測英文級分 6、國語文學業成績總平均全校排名百分比 7、英語文學業成績總平均全校排名百分比,,,,,,,"1.本系宗旨：淬礪學生國語文之聆聽、閱讀、說話、寫作等能力；輔以古今文學、語文應用等課程，致力於培育學生為語文相關（含教育）領域之優秀人才，課程學習著重聆聽、口語訓練、上臺試教、閱讀創作及毛硬筆書寫等，需具良好聽覺、口語表達、肢體及人際互動溝通協調能力。2.本系為師培與非師培並行學系，學生欲修習國民小學、幼兒園及中等學校(閩南語文專長、資訊科技專長)師資培育課程須經甄選考試通過。
3.有關本系特色及課程規劃等訊息，請參閱系網站https://lle.ntcu.edu.tw/及聯絡電話04-22183432"
03106,國立臺中教育大學,區域與社會發展學系,第一類學群,8,11,3,11,均標,後標,0,0,均標,0,0,在校學業成績全校排名百分比,學測社會級分,學測數學B級分,學測國文、英文、數學B、社會之級分總和,學測國文級分,學測英文級分,英語文學業成績總平均全校排名百分比,1、在校學業成績全校排名百分比 2、學測社會級分 3、學測數學B級分 4、學測國文、英文、數學B、社會之級分總和 5、學測國文級分 6、學測英文級分 7、英語文學業成績總平均全校排名百分比,,,,,,,"1.招生目標：訓練學生具有區域資源調查與利用的能力得以從事區域研究，培養學生成為從事社會發展的服務人才。
2.本系為師培與非師培並行學系，學生欲修習國民小學、幼兒園及中等學校(閩南語文專長、資訊科技專長)師資培育課程須經甄選考試通過。
3.本系網站：https://rsd.ntcu.edu.tw/ ; 聯絡電話：04-22183422。"
03107,國立臺中教育大學,諮商與應用心理學系,第一類學群,7,11,2,11,均標,後標,0,後標,0,0,0,在校學業成績全校排名百分比,學測國文級分,學測英文級分,國語文學業成績總平均全校排名百分比,英語文學業成績總平均全校排名百分比,數學學業成績總平均全校排名百分比,學測國文、英文之級分總和,1、在校學業成績全校排名百分比 2、學測國文級分 3、學測英文級分 4、國語文學業成績總平均全校排名百分比 5、英語文學業成績總平均全校排名百分比 6、數學學業成績總平均全校排名百分比 7、學測國文、英文之級分總和,,,,,,,"1.畢業出路：繼續升學（諮商輔導相關研究所、心理相關研究所、人力資源相關研究所）；擔任專任輔導老師（需修畢國民小學師資培育課程）；擔任司法矯正人員（心輔員、心測員、觀護人、家事調查官）；擔任人力資源管理專員、教育訓練人員；擔任就輔人員、生涯發展師；擔任諮商心理師（取得碩士學位）。
2.本系為師培與非師培並行學系，學生欲修習國民小學、幼兒園及中等學校(閩南語文專長、資訊科技專長)師資培育課程須經甄選考試通過。
3.本系網站：https://gicep.ntcu.edu.tw/；聯絡電話：04-22183352。"
03108,國立臺中教育大學,臺灣語文學系,第一類學群,6,11,3,11,均標,0,0,0,均標,0,0,在校學業成績全校排名百分比,學測國文級分,學測社會級分,國語文學業成績總平均全校排名百分比,公民與社會學業成績總平均全校排名百分比,歷史學業成績總平均全校排名百分比,地理學業成績總平均全校排名百分比,1、在校學業成績全校排名百分比 2、學測國文級分 3、學測社會級分 4、國語文學業成績總平均全校排名百分比 5、公民與社會學業成績總平均全校排名百分比 6、歷史學業成績總平均全校排名百分比 7、地理學業成績總平均全校排名百分比,,,,,,,"1.本系課程以台語為主要教學語言，考生應具備台語基本聽、說能力。
2.本系畢業生畢業前須完成自主學習時數共300小時及1件畢業作品。畢業前通過本系認可之相關語文能力檢定，相關規定依本系學生語文能力檢定要點及本校學士班學生語文基本能力檢核要點辦理。
3.本系為師培與非師培並行學系，學生欲修習國民小學、幼兒園及中等學校(台語專長、資訊科技專長)師資培育課程須經甄選考試通過。
4.本系網站:https://taiwanese.ntcu.edu.tw/ 聯絡電話:04-22183443"
03109,國立臺中教育大學,英語學系,第一類學群,6,11,2,11,0,均標,0,0,0,0,0,在校學業成績全校排名百分比,學測英文級分,學測國文級分,學測社會級分,英語文學業成績總平均全校排名百分比,國語文學業成績總平均全校排名百分比,公民與社會學業成績總平均全校排名百分比,1、在校學業成績全校排名百分比 2、學測英文級分 3、學測國文級分 4、學測社會級分 5、英語文學業成績總平均全校排名百分比 6、國語文學業成績總平均全校排名百分比 7、公民與社會學業成績總平均全校排名百分比,,,,,,,"1.本系為師培與非師培並行學系，提供多元化的模組課程（實用英外語專業組、文學專業組、英語教學專業組），以及跨領域學分學程，培育國際專業人才和優秀的英語教師。
2.學生畢業前須通過等同CEFR B2(含聽說讀寫)之英語能力檢定。
3.學生欲修習國民小學、幼兒園及中等學校(閩南語文專長、資訊科技專長)師資培育課程須經甄選考試通過。
4.聯絡電話：04-22183462；本系網站: https://english.ntcu.edu.tw/。"
03110,國立臺中教育大學,國際企業學系,第一類學群,11,11,3,11,均標,均標,0,0,0,0,0,在校學業成績全校排名百分比,學測國文、英文、數學B之級分總和,學測英文級分,學測國文級分,英語文學業成績總平均全校排名百分比,國語文學業成績總平均全校排名百分比,學測社會級分,1、在校學業成績全校排名百分比 2、學測國文、英文、數學B之級分總和 3、學測英文級分 4、學測國文級分 5、英語文學業成績總平均全校排名百分比 6、國語文學業成績總平均全校排名百分比 7、學測社會級分,,,,,,,"1.本系主要在培養具有國際觀、能運用管理專業知識和技能解決企業問題的中高階國際企業經營管理人才，要求學生廣泛學習從事國際商業所需的專業知識，並特別要求他們加強各國文化之學習以及外語能力的訓練，以培養兼具外語能力、國際經貿專業知識以及國際視野的商業人才。課程內容涵蓋課堂討論與國內外企業實習，故外語的聽、說、讀、寫及溝通回應能力為本系基本能力。
2.本系為非師培學系，學生欲修習各類師資培育課程須經甄選通過，修課須另收取學分費。
3.本系網站：https://ib.ntcu.edu.tw/；聯絡電話：04-22183358。"
03111,國立臺中教育大學,文化創意產業設計與營運學系,第一類學群,8,11,4,11,0,後標,0,0,0,0,0,在校學業成績全校排名百分比,學測英文級分,學測社會級分,學測國文級分,英語文學業成績總平均全校排名百分比,公民與社會學業成績總平均全校排名百分比,國語文學業成績總平均全校排名百分比,1、在校學業成績全校排名百分比 2、學測英文級分 3、學測社會級分 4、學測國文級分 5、英語文學業成績總平均全校排名百分比 6、公民與社會學業成績總平均全校排名百分比 7、國語文學業成績總平均全校排名百分比,,,,,,,"1.本系含有色彩敏銳度培訓相關課程，須具備色彩辨識能力；另本系學生須進入工場操作機械設備，對於動作靈活度、細心度較為要求。
2.本系課程內容跨文創設計、產業營運雙領域，單「管理」興趣取向者就讀較難適應，建議多加評估考量。
3.本系為非師培學系，學生欲修習各類師資培育課程須經甄選通過，修課須另收取學分費。
4.本系網站：https://dcdm.ntcu.edu.tw/；聯絡電話：04-22183389。"
03112,國立臺中教育大學,全校不分系學士學位學程,第二類學群,3,5,1,5,均標,0,0,0,0,0,0,在校學業成績全校排名百分比,資訊科技學業成績總平均全校排名百分比,數學學業成績總平均全校排名百分比,生活科技學業成績總平均全校排名百分比,學測國文級分,學測英文級分,英語文學業成績總平均全校排名百分比,1、在校學業成績全校排名百分比 2、資訊科技學業成績總平均全校排名百分比 3、數學學業成績總平均全校排名百分比 4、生活科技學業成績總平均全校排名百分比 5、學測國文級分 6、學測英文級分 7、英語文學業成績總平均全校排名百分比,,,,,,,"1.本學位學程聚焦於「智慧學習」專業內涵之統整，包含「AI 素養」、「自主及終身學習力」、「跨域學習力」，培育智慧教育之未來跨領域人才。
2.本學程學生可選擇適合個人志趣的專業發展方向，於畢業時加註專長。
3.本學程為非師培，學生欲修習各類師資培育課程須經甄選通過，修課須另收取學分費。
4.本學程網站：https://ibp.ntcu.edu.tw/；聯絡電話：04-22188053。"
03113,國立臺中教育大學,數學教育學系,第二類學群,24,5,3,5,0,0,後標,0,0,0,0,在校學業成績全校排名百分比,數學學業成績總平均全校排名百分比,國語文學業成績總平均全校排名百分比,英語文學業成績總平均全校排名百分比,學測數學A級分,學測國文級分,學測英文級分,1、在校學業成績全校排名百分比 2、數學學業成績總平均全校排名百分比 3、國語文學業成績總平均全校排名百分比 4、英語文學業成績總平均全校排名百分比 5、學測數學A級分 6、學測國文級分 7、學測英文級分,,,,,,,"1.本系為師培與非師培並行學系，學生欲修習國民小學、幼兒園及中等學校(閩南語文專長、資訊科技專長)師資培育課程須經甄選考試通過。
2.本系旨在培養數學學習科技專業人才，涵育數學教學與研究能力，可擔任學校教學和教育產業工作，希望招考數學專長，對培育學生數學能力有興趣者。課程學習著重聆聽、資訊訓練、上臺試教、數學教具及數學色彩創作等，需具良好聽覺、口語表達、肢體及人際互動溝通協調能力。
3.修業規範悉依本校相關規定辦理。本系網站：https://mathed.ntcu.edu.tw/；聯絡電話：04-22183502"
03114,國立臺中教育大學,科學教育與應用學系,第二類學群,6,5,2,5,0,0,0,0,0,後標,0,在校學業成績全校排名百分比,學測數學A、自然之級分總和,學測國文級分,學測英文級分,數學學業成績總平均全校排名百分比,化學學業成績總平均全校排名百分比,生物學業成績總平均全校排名百分比,1、在校學業成績全校排名百分比 2、學測數學A、自然之級分總和 3、學測國文級分 4、學測英文級分 5、數學學業成績總平均全校排名百分比 6、化學學業成績總平均全校排名百分比 7、生物學業成績總平均全校排名百分比,,,,,,,"1.招生目標：培育對自然科學學有專精人才，或優秀之科學教師。
2.本系為師培與非師培並行學系，學生欲修習國民小學、幼兒園及中等學校(閩南語文專長、資訊科技專長)師資培育課程須經甄選考試通過。
3.聯絡電話:04-22183532
4.本系網站:https://science.ntcu.edu.tw/"
03115,國立臺中教育大學,資訊工程學系,第二類學群,10,5,5,5,0,均標,均標,0,0,0,0,在校學業成績全校排名百分比,學測數學A級分,學測英文級分,學測自然級分,數學學業成績總平均全校排名百分比,英語文學業成績總平均全校排名百分比,物理學業成績總平均全校排名百分比,1、在校學業成績全校排名百分比 2、學測數學A級分 3、學測英文級分 4、學測自然級分 5、數學學業成績總平均全校排名百分比 6、英語文學業成績總平均全校排名百分比 7、物理學業成績總平均全校排名百分比,,,,,,,"一、本系為非師資培育學系，以培養資訊工程專業人才為主，師資專長涵蓋：計算機系統(如雲端運算、大數據分析、嵌入式系統等)、通訊網路(如資訊安全、智慧物聯網、行動通訊等)及軟體工程(如、人工智慧、深度學習、智慧型機器人等)。
二、畢業前須通過CPE大學程式能力檢定。
三、聯絡電話：04-22183582；網站：https://cs.ntcu.edu.tw/"
03116,國立臺中教育大學,數位內容科技學系,第二類學群,12,5,2,5,0,後標,0,均標,0,0,0,在校學業成績全校排名百分比,學測英文、數學B之級分總和,資訊科技學業成績總平均全校排名百分比,公民與社會學業成績總平均全校排名百分比,學測數學B級分,學測英文級分,數學學業成績總平均全校排名百分比,1、在校學業成績全校排名百分比 2、學測英文、數學B之級分總和 3、資訊科技學業成績總平均全校排名百分比 4、公民與社會學業成績總平均全校排名百分比 5、學測數學B級分 6、學測英文級分 7、數學學業成績總平均全校排名百分比,,,,,,,"1.本系之人才培育整合資訊、設計與數位學習，理論與實務兼具，技術與實作並重。將科技與創意落實於數位內容、數位學習系統、教材製作與系統開發。
2.培養學生具多媒體、2D/3D動畫、電腦遊戲、設計整合製作、數位學習等專業能力。歡迎走在時代尖端的數位內容科技人才加入本系行列!
3.本系為非師培學系，學生欲修習各類師資培育課程須經甄選通過，修課須另收取學分費。
4.本系網站：https://dct.ntcu.edu.tw/；聯絡電話：04-22183592。"
03117,國立臺中教育大學,美術學系,第五類學群,14,1,0,0,後標,0,0,0,0,0,0,在校學業成績全校排名百分比,美術學業成績總平均全校排名百分比,術科考試素描分數,術科考試彩繪技法分數,學測國文級分,國語文學業成績總平均全校排名百分比,英語文學業成績總平均全校排名百分比,1、在校學業成績全校排名百分比 2、美術學業成績總平均全校排名百分比 3、術科考試素描分數 4、術科考試彩繪技法分數 5、學測國文級分 6、國語文學業成績總平均全校排名百分比 7、英語文學業成績總平均全校排名百分比,素描:均標；彩繪技法:後標；創意表現:--；水墨書畫:--；美術鑑賞:--,,,,,,"1.本系學習重點為美術創作、設計應用與理論素養，需具備繪畫及辨別顏色能力。
2.本系為師培與非師培並行學系，學生欲修習國民小學、幼兒園及中等學校(閩南語文專長、資訊科技專長)師資培育課程須經甄選考試通過。
3.本系網站：https://finearts.ntcu.edu.tw/;聯絡電話：04-22183482"
03201,國立臺北教育大學,教育學系,第一類學群,6,11,1,9,均標,均標,0,均標,0,0,0,在校學業成績全校排名百分比,學測英文級分,學測數學B級分,學測國文級分,數學學業成績總平均全校排名百分比,國語文學業成績總平均全校排名百分比,英語文學業成績總平均全校排名百分比,1、在校學業成績全校排名百分比 2、學測英文級分 3、學測數學B級分 4、學測國文級分 5、數學學業成績總平均全校排名百分比 6、國語文學業成績總平均全校排名百分比 7、英語文學業成績總平均全校排名百分比,,,,,,,"一、本學系為師培學系，依本管道入學者均為師資生，可修習國小教師教育學程與申請小學雙語模組甄選。
二、本學系師資培育成效卓著，歷年畢業生多能錄取正式教師，表現優異。
三、本系學生未來出路：國小教師、組長、主任或校長/教育行政機關公務人員/教育創新與科技設計師/企業教育訓練講師/課輔機構教師。
四、本學系具海外實習、交換學生等多元國際交流機會,歡迎各方英才加入教育系大家庭。
五、學系網址：https://de.ntue.edu.tw，聯絡方式：(02)2732-1104分機62161 廖助教。"
03202,國立臺北教育大學,教育經營與管理學系,第一類學群,8,11,1,9,均標,均標,0,均標,均標,0,0,在校學業成績全校排名百分比,學測英文級分,學測數學B級分,學測國文級分,英語文學業成績總平均全校排名百分比,數學學業成績總平均全校排名百分比,國語文學業成績總平均全校排名百分比,1、在校學業成績全校排名百分比 2、學測英文級分 3、學測數學B級分 4、學測國文級分 5、英語文學業成績總平均全校排名百分比 6、數學學業成績總平均全校排名百分比 7、國語文學業成績總平均全校排名百分比,,,,,,,一、本學系為因應教育事業的轉變，以及各種新興文教產業的來臨，統整教育學和管理學的核心理念，實施理論與實務兼具的課程及教學，以培育教育產業經營、非營利組織、企業教育訓練或人力資源管理人才，從事教育經營及管理等學術研究人才。二、本學系學生未來出路：教育行政人員、人力資源發展人員、文教事業企劃人員等，學生亦可依規定申請甄選各類科教育學程。三、學系網址https://em.ntue.edu.tw/  四、聯絡方式：(02)2732-1104分機62134 何助教。
03203,國立臺北教育大學,幼兒與家庭教育學系,第一類學群,6,11,1,9,均標,均標,0,均標,均標,0,0,在校學業成績全校排名百分比,學測國文級分,學測英文級分,學測社會級分,學測數學B級分,國語文學業成績總平均全校排名百分比,英語文學業成績總平均全校排名百分比,1、在校學業成績全校排名百分比 2、學測國文級分 3、學測英文級分 4、學測社會級分 5、學測數學B級分 6、國語文學業成績總平均全校排名百分比 7、英語文學業成績總平均全校排名百分比,,,,,,,"一、本學系為全師培學系，依本管道入學者均為師資生，可修習幼兒園教師教育學程。
二、本學系學生未來出路：幼兒園教師及園長/教保員/家庭教育方案職能人才/幼教產業人才。
三、錄取名額為自費生。學生入學後可有機會經由校內甄選獲得公費生資格。
四、學系網址：https://ecfe.ntue.edu.tw/。
五、聯絡方式：(02)27321104分機62147、62247、62248 黃助教。"
03204,國立臺北教育大學,特殊教育學系,第一類學群,6,11,2,9,均標,均標,0,均標,0,0,0,在校學業成績全校排名百分比,學測國文級分,學測數學B級分,學測英文級分,學測社會級分,公民與社會學業成績總平均全校排名百分比,國語文學業成績總平均全校排名百分比,1、在校學業成績全校排名百分比 2、學測國文級分 3、學測數學B級分 4、學測英文級分 5、學測社會級分 6、公民與社會學業成績總平均全校排名百分比 7、國語文學業成績總平均全校排名百分比,,,,,,,"一、本學系為全師培學系，依本管道入學者均為師資生，可修習國小特殊教育教師教育學程。
二、本學系學生未來出路：國小特殊教育教師/特殊教育教材開發設計/身心障礙相關產業人員。
三、本學系提供優秀新生全額獎學金。
四、學系網址：https://spe.ntue.edu.tw/。
五、聯絡方式：（02）27321104分機62149、62150、62153黃助教。"
03205,國立臺北教育大學,心理與諮商學系,第一類學群,6,11,1,9,均標,均標,0,前標,0,0,0,在校學業成績全校排名百分比,學測數學B級分,數學學業成績總平均全校排名百分比,學測英文級分,英語文學業成績總平均全校排名百分比,學測國文級分,國語文學業成績總平均全校排名百分比,1、在校學業成績全校排名百分比 2、學測數學B級分 3、數學學業成績總平均全校排名百分比 4、學測英文級分 5、英語文學業成績總平均全校排名百分比 6、學測國文級分 7、國語文學業成績總平均全校排名百分比,,,,,,,"一、本學系為師培與非師培並行學系，師資生名額以教育部核定為準。
二、本學系學生未來出路：國小輔導教師/諮商心理師/心理健康專業人員/人力資源管理人才。
三、本學系課程於高年級時加重專業實習實務，畢業生能在心理專業、諮商輔導、人力資源等方面展現專才。
四、學系網址：https://pacntue.ntue.edu.tw，聯絡方式：(02)2732-1104分機62156(psycouns@tea.ntue.edu.tw) 林助教。
五、學科能力測驗國文、英文、數學B三科加總級分達40級分以上者，可申請本學系「優秀新生全額獎學金」。"
03206,國立臺北教育大學,社會與區域發展學系,第一類學群,8,11,1,9,0,均標,0,均標,均標,0,0,在校學業成績全校排名百分比,學測英文級分,學測社會級分,學測數學B級分,英語文學業成績總平均全校排名百分比,數學學業成績總平均全校排名百分比,地理學業成績總平均全校排名百分比,1、在校學業成績全校排名百分比 2、學測英文級分 3、學測社會級分 4、學測數學B級分 5、英語文學業成績總平均全校排名百分比 6、數學學業成績總平均全校排名百分比 7、地理學業成績總平均全校排名百分比,,,,,,,"一、本系為跨領域專業之學系，課程設計以社會與區域環境關懷的視野與實務應用能力為特色，培養學生具有社會調查研究與產業創新能力之領導管理人才，及環境資源管理、地理資訊應用能力之景觀與都市計劃人才。
二、本學系學生可經本校師資培育處甄選修讀教育學程。
三、本學系提供「優秀新生全額獎學金」1名，詳情請參閱學系網頁。
四、學系網址：https://social.ntue.edu.tw，聯絡方式：（02）2732-1104分機62238、62237莊助教。"
03207,國立臺北教育大學,兒童英語教育學系,第一類學群,6,11,1,9,均標,頂標,0,均標,0,0,0,在校學業成績全校排名百分比,學測英文級分,學測國文級分,學測數學B級分,英語文學業成績總平均全校排名百分比,國語文學業成績總平均全校排名百分比,數學學業成績總平均全校排名百分比,1、在校學業成績全校排名百分比 2、學測英文級分 3、學測國文級分 4、學測數學B級分 5、英語文學業成績總平均全校排名百分比 6、國語文學業成績總平均全校排名百分比 7、數學學業成績總平均全校排名百分比,,,,,,,"一、本學系為師培與非師培並行學系，115學年度提供師資生名額以教育部核定為準。
二、本系旨在培育優秀英語師資與英語相關專業人才，提供英語教學、語言知識、英美文學、多元應用英語相關課程。
三、本系可提供修讀國小教程比例為九成以上，應屆畢業生教師甄試表現亮眼；另本系就業市場多元，可從事教育、翻譯、語文相關、新聞等產業。
四、學系網址：https://childrenenglish.ntue.edu.tw。聯絡方式：(02)2732-1104分機62141賴助教。"
03208,國立臺北教育大學,語文與創作學系語文師資組,第一類學群,6,11,1,9,前標,均標,0,均標,均標,0,0,在校學業成績全校排名百分比,學測國文級分,國語文學業成績總平均全校排名百分比,學測英文級分,英語文學業成績總平均全校排名百分比,學測社會級分,學測數學B級分,1、在校學業成績全校排名百分比 2、學測國文級分 3、國語文學業成績總平均全校排名百分比 4、學測英文級分 5、英語文學業成績總平均全校排名百分比 6、學測社會級分 7、學測數學B級分,,,,,,,"1.本系以培育語文教學及創作之專業人才，結合教學與創作之全方位的發展，提升學生語文表達及創作能力，深植多元文化之豐富內涵。
2. 本組為師資培育系組，依本管道入學者均為師資生，可修習國民小學教師教育學程。
3. 本組學生未來出路：國小教師/語文教學人才/華語文教學人才/編輯與採訪人才。
4. 學系網址：https://lcw.ntue.edu.tw，學系聯絡方式：(02)2732-1104分機62234吳助教。"
03209,國立臺北教育大學,語文與創作學系文學創作組,第一類學群,7,11,0,0,前標,均標,0,0,均標,0,0,在校學業成績全校排名百分比,學測國文級分,國語文學業成績總平均全校排名百分比,學測英文級分,英語文學業成績總平均全校排名百分比,學測社會級分,公民與社會學業成績總平均全校排名百分比,1、在校學業成績全校排名百分比 2、學測國文級分 3、國語文學業成績總平均全校排名百分比 4、學測英文級分 5、英語文學業成績總平均全校排名百分比 6、學測社會級分 7、公民與社會學業成績總平均全校排名百分比,,,,,,,"1.本系以培育語文教學及創作之專業人才，結合教學與創作之全方位的發展，提升學生語文表達及創作能力，深植多元文化之豐富內涵。
2. 本組學生經師資培育處甄選可修讀教育學程。
3. 本組學生未來出路：文學創作人才/語文教學人才/華語文教學人才/編輯與採訪人才。
4. 學系網址：https://lcw.ntue.edu.tw，學系聯絡方式：(02)2732-1104分機62234吳助教。"
03210,國立臺北教育大學,文化創意產業經營學系,第一類學群,7,11,2,9,均標,均標,均標,均標,均標,0,0,在校學業成績全校排名百分比,學測國文、英文、社會之級分總和,國語文學業成績總平均全校排名百分比,英語文學業成績總平均全校排名百分比,學測國文級分,學測英文級分,學測社會級分,1、在校學業成績全校排名百分比 2、學測國文、英文、社會之級分總和 3、國語文學業成績總平均全校排名百分比 4、英語文學業成績總平均全校排名百分比 5、學測國文級分 6、學測英文級分 7、學測社會級分,,,,,,,"一、本學系以開發都市文化創意體驗空間為主，並以文化性經濟為導向，依據空間區域條件，創意組合環境資源、多元人力資源、跨領域藝術文化資源及創意經營行銷等，以達提高生活品質、提高區域價值及產值。
二、本學系學生未來出路:文創產業設計人才/文化空間規劃人才/文創多媒體設計人才/策展人才/文創經營與創新人才。
三、學系網址:https://ccim.ntue.edu.tw/
四、學系聯絡電話:(02)2732-1104分機62049廖助教。"
03211,國立臺北教育大學,藝術與造形設計學系設計組,第一類學群,6,11,0,0,均標,均標,0,均標,0,0,0,在校學業成績全校排名百分比,學測國文、英文、數學B之級分總和,學測英文級分,學測國文級分,英語文學業成績總平均全校排名百分比,國語文學業成績總平均全校排名百分比,數學學業成績總平均全校排名百分比,1、在校學業成績全校排名百分比 2、學測國文、英文、數學B之級分總和 3、學測英文級分 4、學測國文級分 5、英語文學業成績總平均全校排名百分比 6、國語文學業成績總平均全校排名百分比 7、數學學業成績總平均全校排名百分比,,,,,,,"一、本系組為師培與非師培並行學系(組)，115學年度提供師資生名額以教育部核定為準。
二、本系組學生未來出路：產品設計師、手創工藝者、新創/數位工作者及UX設計師。
三、本系組以培養具協同合作、創新設計人才為目標。課程跨域、修課彈性，理論與實務並重，滿足跨域整合人才培育的需要。
四、學系網址：https://s12.ntue.edu.tw。
五、聯絡方式：(02)2732-1104分機63401(ace@tea.ntue.edu.tw) 施助教。"
03212,國立臺北教育大學,數學暨資訊教育學系數學組,第二類學群,9,5,1,3,均標,0,均標,0,0,0,0,在校學業成績全校排名百分比,學測數學A級分,學測國文級分,學測英文級分,數學學業成績總平均全校排名百分比,國語文學業成績總平均全校排名百分比,英語文學業成績總平均全校排名百分比,1、在校學業成績全校排名百分比 2、學測數學A級分 3、學測國文級分 4、學測英文級分 5、數學學業成績總平均全校排名百分比 6、國語文學業成績總平均全校排名百分比 7、英語文學業成績總平均全校排名百分比,,,,,,,"一、本組為師培與非師培並行學系(組)，115學年度提供師資生名額，以核定分配為準
二、本組學生未來出路：國小數學教師/數學出版產業人才/公民營產業教育培訓人才。
三、學系網址：https://me.ntue.edu.tw/，聯絡方式：(02)27321104轉63342李助教。"
03213,國立臺北教育大學,數學暨資訊教育學系人工智慧與資訊教育組,第二類學群,9,5,1,3,0,均標,均標,0,0,0,0,在校學業成績全校排名百分比,學測數學A級分,學測英文級分,學測國文級分,數學學業成績總平均全校排名百分比,英語文學業成績總平均全校排名百分比,國語文學業成績總平均全校排名百分比,1、在校學業成績全校排名百分比 2、學測數學A級分 3、學測英文級分 4、學測國文級分 5、數學學業成績總平均全校排名百分比 6、英語文學業成績總平均全校排名百分比 7、國語文學業成績總平均全校排名百分比,,,,,,,"一、本組為師培與非師培並行學系(組)，115學年度提供師資生名額，以核定分配為準。
二、本組學生未來出路：國小資訊教師/國小系統管理師/數位學習產業人才/教學軟體研發人才/軟體設計工 程師/網路管理工程師。
三、學系網址：https://me.ntue.edu.tw/，聯絡方式：(02)27321104轉63342李助教。"
03214,國立臺北教育大學,自然科學教育學系,第二類學群,8,5,1,3,均標,0,均標,0,0,均標,0,在校學業成績全校排名百分比,學測自然級分,學測數學A級分,學測國文級分,學測英文級分,數學學業成績總平均全校排名百分比,國語文學業成績總平均全校排名百分比,1、在校學業成績全校排名百分比 2、學測自然級分 3、學測數學A級分 4、學測國文級分 5、學測英文級分 6、數學學業成績總平均全校排名百分比 7、國語文學業成績總平均全校排名百分比,,,,,,,"一、本系以培養優質之自然科學領域專業人才及自然與生活科技領域之師資為招生目標。
二、本系為師培與非師培並行學系，115學年度 提供師資生名額以本校公告為準，入學後本系師資生有機會經校內或學系甄選取得公費生資格。
三、本學系學生未來出路：國小自然科教師/科技產業人才/科普活動企劃師/STEM產業人才。
四、學系網址：https://nse.ntue.edu.tw，聯絡方式：(02)2732-1104分機63803邱助教。"
03215,國立臺北教育大學,資訊科學系,第二類學群,6,5,0,0,均標,均標,均標,0,0,均標,0,在校學業成績全校排名百分比,學測數學A級分,學測英文級分,學測自然級分,數學學業成績總平均全校排名百分比,英語文學業成績總平均全校排名百分比,物理學業成績總平均全校排名百分比,1、在校學業成績全校排名百分比 2、學測數學A級分 3、學測英文級分 4、學測自然級分 5、數學學業成績總平均全校排名百分比 6、英語文學業成績總平均全校排名百分比 7、物理學業成績總平均全校排名百分比,,,,,,,"一、本系為非師資培育學系，課程規劃與一般資工領域相同，就業出路主要為資訊科技產業。
二、課程領域涵蓋網路多媒體、計算機系統、智慧生活科技等，培育具前瞻資訊科技知識、軟硬體系統設計，與獨立研究能力的科技人才。
三、學系網址：https://csweb.ntue.edu.tw，聯絡方式：(02)2732-1104分機63326 梁助教
※申請116學年度更名資訊工程學系。"
03216,國立臺北教育大學,數位科技設計學系,第二類學群,6,5,0,0,均標,均標,0,均標,0,0,0,在校學業成績全校排名百分比,學測國文、英文、數學B之級分總和,學測數學B級分,學測英文級分,學測國文級分,英語文學業成績總平均全校排名百分比,數學學業成績總平均全校排名百分比,1、在校學業成績全校排名百分比 2、學測國文、英文、數學B之級分總和 3、學測數學B級分 4、學測英文級分 5、學測國文級分 6、英語文學業成績總平均全校排名百分比 7、數學學業成績總平均全校排名百分比,,,,,,,"1、本學系學生未來出路：遊戲設計師/網頁前端設計師/APP程式設計師/使用者介面或使用者經驗設計師。
2、本系教學與研究涵蓋資訊互動科技、網路多媒體科技、數位互動遊戲、創意與設計等主軸，課程特色
在於培養學生具有多元專長與系統整合之能力。
3、本學系課程內容包括硬體、軟體及設計之跨領域學習，強調親身實驗與動手操作。
4、學測總級分達65級分以上者可申請本系優秀新生全額獎學金。
5、學系網址﹕https://dtd.ntue.edu.tw，聯絡方式：(02)2732-1104分機62478許助教。"
03217,國立臺北教育大學,藝術與造形設計學系藝術組,第五類學群,7,1,1,1,均標,後標,0,後標,均標,0,0,在校學業成績全校排名百分比,學測國文、英文、數學B、社會之級分總和,學測英文級分,學測國文級分,國語文學業成績總平均全校排名百分比,英語文學業成績總平均全校排名百分比,歷史學業成績總平均全校排名百分比,1、在校學業成績全校排名百分比 2、學測國文、英文、數學B、社會之級分總和 3、學測英文級分 4、學測國文級分 5、國語文學業成績總平均全校排名百分比 6、英語文學業成績總平均全校排名百分比 7、歷史學業成績總平均全校排名百分比,素描:均標；彩繪技法:均標；創意表現:--；水墨書畫:--；美術鑑賞:--,,,,,,"一、本系組為師培與非師培並行學系(組)，115學年度提供師資生名額以教育部核定為準。
二、本系組學生未來出路：國小藝術教師/藝術跨域整合人才/藝術行政人才/創作實務人才。
三、本系組歷史悠久，師資多元，課程跨域、修課彈性，理論與實務並重，滿足跨域整合人才培育的需要。
四、學系網址：https://s12.ntue.edu.tw。
五、聯絡方式：(02)2732-1104分機63401(ace@tea.ntue.edu.tw) 施助教。"
03218,國立臺北教育大學,體育學系,第七類學群,7,1,1,1,後標,後標,底標,底標,0,0,0,在校學業成績全校排名百分比,學測英文級分,學測國文級分,數學學業成績總平均全校排名百分比,英語文學業成績總平均全校排名百分比,術科考試體育(百分等級),體育學業成績總平均全校排名百分比,1、在校學業成績全校排名百分比 2、學測英文級分 3、學測國文級分 4、數學學業成績總平均全校排名百分比 5、英語文學業成績總平均全校排名百分比 6、術科考試體育(百分等級) 7、體育學業成績總平均全校排名百分比,體育(百分等級):均標,,,,,,"一、本學系為師培與非師培並行學系，115學年度提供師資生名額以教育部核定為準。
二、本學系學生未來出路：國小(雙語)體育教師/運動指導人才/健康促進與管理人才/體育行政與運動管理人才/運動傷害防護人才。
三、有關本系特色、招生目標及課程規劃等訊息，請參閱學系網頁https://pe.ntue.edu.tw/main.php。
四、本系每年皆有辦理體育表演會，各年級同學需參與練習及演出或支援工作。
五、聯絡電話:(02)2732-1104分機63503 吳助教。"
03301,國立臺南大學,教育學系,第一類學群,12,10,2,9,後標,0,0,0,0,0,0,在校學業成績全校排名百分比,學測英文級分,學測國文級分,學測國文、英文之級分總和,國語文學業成績總平均全校排名百分比,英語文學業成績總平均全校排名百分比,數學學業成績總平均全校排名百分比,1、在校學業成績全校排名百分比 2、學測英文級分 3、學測國文級分 4、學測國文、英文之級分總和 5、國語文學業成績總平均全校排名百分比 6、英語文學業成績總平均全校排名百分比 7、數學學業成績總平均全校排名百分比,,,,,,,"1.本系為全師培學系(國小)，以教育專業為基礎，輔以跨域學習課程，培養學生多元專長。歡迎有志投入教育與文化事業的學生報名。
(以外加名額方式就讀者，需報教育部核准後，方可取得師資生資格)
2.本系網址：https://edu.nutn.edu.tw/
3.電話：06-2133111分機761、610~613"
03302,國立臺南大學,諮商與輔導學系,第一類學群,7,10,0,0,均標,均標,0,均標,0,0,0,在校學業成績全校排名百分比,學測英文級分,學測國文級分,學測國文、英文、數學B之級分總和,英語文學業成績總平均全校排名百分比,國語文學業成績總平均全校排名百分比,公民與社會學業成績總平均全校排名百分比,1、在校學業成績全校排名百分比 2、學測英文級分 3、學測國文級分 4、學測國文、英文、數學B之級分總和 5、英語文學業成績總平均全校排名百分比 6、國語文學業成績總平均全校排名百分比 7、公民與社會學業成績總平均全校排名百分比,,,,,,,"1.本系旨在教育學生諮商輔導的理論與實務能力，藉由相關的課程，培育諮商輔導學術研究與實務人才。
2.本系課程重點為培育諮商與輔導第一線人才，學習課程具有與人直接互動的特性，亦有大量接觸人群之機會，學生宜具溝通協調能力。
3.本系亦培育學生具國際化視野，歷屆均有學生榮獲出國獎學金。
4.本系為非師資培育學系，欲修習教育學程者，須通過甄試。
5.本系網址：https://www.cg.nutn.edu.tw/。聯絡電話：06-2133111轉616、617。"
03303,國立臺南大學,特殊教育學系,第一類學群,6,10,1,9,均標,0,0,0,0,0,0,在校學業成績全校排名百分比,學測國文、英文、數學B之級分總和,學測國文級分,學測英文級分,學測數學B級分,國語文學業成績總平均全校排名百分比,英語文學業成績總平均全校排名百分比,1、在校學業成績全校排名百分比 2、學測國文、英文、數學B之級分總和 3、學測國文級分 4、學測英文級分 5、學測數學B級分 6、國語文學業成績總平均全校排名百分比 7、英語文學業成績總平均全校排名百分比,,,,,,,"1.本系為全師培學系，目標在培育國小特殊教育老師，修習特殊教育學程即可取得師資生資格，課程分為資賦優
異、身心障礙二大類，並開設情緒行為需求、聽力與語言需求、視覺障礙需求、輔助科技需求4組次專長課程。
歡迎懂得欣賞他人獨特性與差異，個性熱心親和，喜歡幫助特殊需求的孩子並看到他獲得學習成就而開心的您加
入。(以外加名額方式就讀者，需報教育部核准後，方可取得師資生資格)
2.本系網址：https://sped.nutn.edu.tw/。
3.聯絡電話：(06)2133111分機642。"
03304,國立臺南大學,幼兒教育學系,第一類學群,6,10,2,9,均標,後標,0,0,後標,0,0,在校學業成績全校排名百分比,學測國文級分,學測英文級分,學測社會級分,學測國文、英文、社會之級分總和,國語文學業成績總平均全校排名百分比,英語文學業成績總平均全校排名百分比,1、在校學業成績全校排名百分比 2、學測國文級分 3、學測英文級分 4、學測社會級分 5、學測國文、英文、社會之級分總和 6、國語文學業成績總平均全校排名百分比 7、英語文學業成績總平均全校排名百分比,,,,,,,"1.本系為全師培學系，依本管道入學者，可修習幼兒園教師教育學程及教保專業課程。以外加名額方式錄取就讀者，需報教育部核准後，方可取得師資生資格。
2.本系學生通過甄選程序可修習特殊教育師資類科學前教育階段身心障礙組教育學程。
3.本系學生教師資格考試及教師甄試表現優異，歡迎喜歡幼兒，具主動學習精神、獨立思考能力及有創意的學生加入。
4.本系網址：https://ece.nutn.edu.tw/，連絡電話:06-2133111分機681。"
03305,國立臺南大學,文化與自然資源學系,第一類學群,6,10,1,9,0,0,0,0,均標,0,0,在校學業成績全校排名百分比,學測社會級分,學測英文級分,學測國文級分,歷史學業成績總平均全校排名百分比,地理學業成績總平均全校排名百分比,國語文學業成績總平均全校排名百分比,1、在校學業成績全校排名百分比 2、學測社會級分 3、學測英文級分 4、學測國文級分 5、歷史學業成績總平均全校排名百分比 6、地理學業成績總平均全校排名百分比 7、國語文學業成績總平均全校排名百分比,,,,,,,"1.本系統整地理學、歷史學和人類學的知能、發展文化與自然資源之教學與研究，以培養地方與區域資源調查分析、自然文史記錄與保存、導覽解說等相關人才，歡迎想探索歷史文化、地理考察與人類社會結構研究有興趣的您加入本系。
2.本系電話：(06)2133111轉分機636，網址：https://cnr.nutn.edu.tw/"
03306,國立臺南大學,國語文學系,第一類學群,14,10,3,9,均標,0,0,0,0,0,0,在校學業成績全校排名百分比,學測國文級分,學測英文級分,學測國文、英文之級分總和,國語文學業成績總平均全校排名百分比,英語文學業成績總平均全校排名百分比,歷史學業成績總平均全校排名百分比,1、在校學業成績全校排名百分比 2、學測國文級分 3、學測英文級分 4、學測國文、英文之級分總和 5、國語文學業成績總平均全校排名百分比 6、英語文學業成績總平均全校排名百分比 7、歷史學業成績總平均全校排名百分比,,,,,,,"1.本系有25名師資生名額可修習國小師資職前課程，本系課程以國語文為主，書法、語文應用為輔，分為語文專業、語文應用(創作與教學應用)、書法專業3種學程，幫助學生與業界接軌，順利就業。經常辦理語文與書法專題講座，拓展學生視野；舉辦各類成果展，提供學生創作平臺。歡迎熱愛文學閱讀、創作或深入研究臺灣與中國語文的您加入本系。
2.本系網址：https://chinese.nutn.edu.tw/。電話：(06)2133111分機621。"
03307,國立臺南大學,英語學系,第一類學群,6,10,2,9,均標,均標,0,0,0,0,0,在校學業成績全校排名百分比,學測英文級分,學測國文級分,學測國文、英文之級分總和,英語文學業成績總平均全校排名百分比,國語文學業成績總平均全校排名百分比,歷史學業成績總平均全校排名百分比,1、在校學業成績全校排名百分比 2、學測英文級分 3、學測國文級分 4、學測國文、英文之級分總和 5、英語文學業成績總平均全校排名百分比 6、國語文學業成績總平均全校排名百分比 7、歷史學業成績總平均全校排名百分比,,,,,,,"1.聽、說、讀、寫、譯等五項技能為學習外語之基本能力，亦為本系培養學生之重點。
2.招生目標：本系著重訓練學生英語文相關能力，提供語言、文學、教學、應用英文、口筆譯與第二外語等多元化課程，以培養傑出的英語專業人才，同時，也針對未來就業之需要，開設相關之就業學程。
3.學生修業期滿畢業前，須通過全民英檢中高級複試(或相等成績之其他英文檢測)。
4.本系聯絡電話：(06)2133111分機626，本系網址：https://english.nutn.edu.tw/"
03308,國立臺南大學,戲劇創作與應用學系,第一類學群,7,10,1,9,均標,均標,0,0,0,0,0,在校學業成績全校排名百分比,學測國文級分,學測英文級分,國語文學業成績總平均全校排名百分比,英語文學業成績總平均全校排名百分比,學測社會級分,公民與社會學業成績總平均全校排名百分比,1、在校學業成績全校排名百分比 2、學測國文級分 3、學測英文級分 4、國語文學業成績總平均全校排名百分比 5、英語文學業成績總平均全校排名百分比 6、學測社會級分 7、公民與社會學業成績總平均全校排名百分比,,,,,,,本系是亞洲地區唯一以戲劇教育、應用戲劇為核心的戲劇科系，且為師資培育學系，系所特色包括(1)將戲劇運用於各種教育場域與各學門的學習，也與中小學及幼兒園之美感教育結合，培養中小學表演藝術師資。(2)應用戲劇於不同的社群，創作以議題為導向的互動式戲劇，連結社區發展、社福機構、地方創生等，致力培養跨領域、兼具創意與社會關懷的戲劇人才。(3)青少年及兒童戲劇創作人才之培育。(4)提供一般戲劇展演與製作的基礎訓練：編劇、導演、表演、技術、理論。2.本系必修課程中的表演課會有劇烈的肢體(體能)活動及移動需求。電話：(06)2601855，網址：https://drama.nutn.edu.tw/
03309,國立臺南大學,行政管理學系,第一類學群,6,10,1,9,均標,均標,0,0,0,0,0,在校學業成績全校排名百分比,學測國文級分,學測英文級分,學測數學B級分,學測社會級分,公民與社會學業成績總平均全校排名百分比,國語文學業成績總平均全校排名百分比,1、在校學業成績全校排名百分比 2、學測國文級分 3、學測英文級分 4、學測數學B級分 5、學測社會級分 6、公民與社會學業成績總平均全校排名百分比 7、國語文學業成績總平均全校排名百分比,,,,,,,"1.本系研究公共事務如何推動以及政府運作如何獲得有效管理之學科領域，課程涵蓋政治、法律、行政管理等3大領域，以「行政管理」為核心，並以「組織管理」、「公私決策」與「地區發展與行銷」等3大學群為修課方向。歡迎對於公共事務或議題有興趣，想讓公民社會變得更加美好的您加入本系的行列。
2.本系網址：https://pam.nutn.edu.tw/
3.本系電話：(06)2133111分機631、630。"
03310,國立臺南大學,經營與管理學系,第一類學群,7,10,2,9,0,均標,0,均標,0,0,0,在校學業成績全校排名百分比,學測英文級分,學測數學B級分,學測國文、英文、數學B之級分總和,英語文學業成績總平均全校排名百分比,數學學業成績總平均全校排名百分比,國語文學業成績總平均全校排名百分比,1、在校學業成績全校排名百分比 2、學測英文級分 3、學測數學B級分 4、學測國文、英文、數學B之級分總和 5、英語文學業成績總平均全校排名百分比 6、數學學業成績總平均全校排名百分比 7、國語文學業成績總平均全校排名百分比,,,,,,,"1.課程涵蓋6大領域:產(生產與作業管理)、銷(行銷管理)、人(人力資源管理)、發(新產品開發)、財(財務管理)、資(資訊管理)。結合各類管理學術與實務，透過完善的商管專業課程設計、國際觀與利他思維的建立及持續的產學合作，奠定企業經營管理事業基礎，培養學生未來職場競爭優勢。歡迎具備組織與領導能力，樂與他人合作解決問題的您加入。
2.聯絡電話:06-2606123分機7731
3.學系網址:https://bm.nutn.edu.tw/"
03311,國立臺南大學,應用數學系,第二類學群,9,6,2,4,0,0,均標,0,0,0,0,在校學業成績全校排名百分比,學測數學A級分,學測自然級分,學測英文級分,數學學業成績總平均全校排名百分比,物理學業成績總平均全校排名百分比,英語文學業成績總平均全校排名百分比,1、在校學業成績全校排名百分比 2、學測數學A級分 3、學測自然級分 4、學測英文級分 5、數學學業成績總平均全校排名百分比 6、物理學業成績總平均全校排名百分比 7、英語文學業成績總平均全校排名百分比,,,,,,,"1.本系致力於培育純數學、應用數學、數據科學以及數學教育等專業人才，規劃完整模組課程引導學生發展各領域之專業能力，同時培養學生積極朝向跨領域發展。
2.本系專業課程包含系核心課程、應用數學暨數據科學及數學教育模組課程，供同學選擇。
3.本系除了具有應用數學學系之特性外，亦兼具培育國小師資之特色，提供學生修讀國小師資培育學程之權益。
4.本系電話：(06)2133111分機651，本系網址：https://math.nutn.edu.tw。"
03312,國立臺南大學,數位學習科技學系,第二類學群,6,6,1,4,0,0,0,後標,0,0,0,在校學業成績全校排名百分比,學測數學B級分,學測英文級分,學測自然級分,數學學業成績總平均全校排名百分比,英語文學業成績總平均全校排名百分比,資訊科技學業成績總平均全校排名百分比,1、在校學業成績全校排名百分比 2、學測數學B級分 3、學測英文級分 4、學測自然級分 5、數學學業成績總平均全校排名百分比 6、英語文學業成績總平均全校排名百分比 7、資訊科技學業成績總平均全校排名百分比,,,,,,,"1.本系聚焦[AI數位科技與專業領域]的[跨域整合]，以數位科技為核心能力，以教育學習為應用領域，培育[創新跨域整合能力]的[AI數位人才]。
2.本系學生就業出路多元，涵蓋[資訊科技、教育學習、文化創意、自行創業]等。
3.本系已培育多名師培生，與教檢、教甄優秀畢業生。
4.歡迎各領域有志者報考，[有或無]數位科技背景皆歡迎，加值自我，邁向美好。
5.本系電話:(06)2133111分機771，網址:https://ilt.nutn.edu.tw/"
03313,國立臺南大學,材料科學系,第二類學群,11,6,1,4,0,0,均標,0,0,均標,0,在校學業成績全校排名百分比,學測英文、數學A、自然之級分總和,學測自然級分,學測數學A級分,學測英文級分,物理學業成績總平均全校排名百分比,化學學業成績總平均全校排名百分比,1、在校學業成績全校排名百分比 2、學測英文、數學A、自然之級分總和 3、學測自然級分 4、學測數學A級分 5、學測英文級分 6、物理學業成績總平均全校排名百分比 7、化學學業成績總平均全校排名百分比,,,,,,,"1.本系主要教學工作是強化學生對於材料結構與性質的瞭解，進而能提升傳統材料性能，並能研發與應用先進材料。光電材料、能源材料及奈米材料是本系發展的重點。
2.本系電話：06-2133111轉分機661，網址：https://material.nutn.edu.tw/。"
03314,國立臺南大學,資訊工程學系,第二類學群,10,6,0,0,0,均標,均標,0,0,0,0,在校學業成績全校排名百分比,學測英文、數學A之級分總和,學測數學A級分,學測英文級分,學測國文級分,數學學業成績總平均全校排名百分比,英語文學業成績總平均全校排名百分比,1、在校學業成績全校排名百分比 2、學測英文、數學A之級分總和 3、學測數學A級分 4、學測英文級分 5、學測國文級分 6、數學學業成績總平均全校排名百分比 7、英語文學業成績總平均全校排名百分比,,,,,,,"1.本系提供五年一貫修讀機會，於大四年級先行修讀碩士班課程，學生可於五年完成學士及碩士學位。
2.本系專業課程涵蓋軟體與硬體設計、物聯網、人工智慧、量子計算、行動通訊、機器人及其應用等，為培育資訊工程核心能力奠基。
3.為引導學生修習完整專業領域課程，訂定雲端網路、應用資訊、智慧計算等特色專業學程課程。
4.歡迎對於電腦科學有興趣，且喜歡邏輯思考與挑戰的您加入本系。
5.本系電話:(06)2606123分機7702，網址:https://csie.nutn.edu.tw。"
03315,國立臺南大學,電機工程學系,第二類學群,12,6,3,4,0,均標,均標,0,0,0,0,在校學業成績全校排名百分比,學測英文、數學A之級分總和,學測數學A級分,學測英文級分,英語文學業成績總平均全校排名百分比,數學學業成績總平均全校排名百分比,物理學業成績總平均全校排名百分比,1、在校學業成績全校排名百分比 2、學測英文、數學A之級分總和 3、學測數學A級分 4、學測英文級分 5、英語文學業成績總平均全校排名百分比 6、數學學業成績總平均全校排名百分比 7、物理學業成績總平均全校排名百分比,,,,,,,"1.對IC設計、系統晶片、智慧型控制、電力控制與電力電子、高頻電路、天線設計、無線通訊與網路、物聯網、微電子、光電、半導體、材料與固態照明等領域有興趣之高中生，能經由此管道進入本系就讀，激發潛能以成為高科技人才。
2.本系網址：https://ee.nutn.edu.tw/，本系電話：(06)2602315。"
03316,國立臺南大學,綠色能源科技學系,第二類學群,8,6,0,0,0,0,後標,0,0,0,0,在校學業成績全校排名百分比,學測數學A級分,數學學業成績總平均全校排名百分比,物理學業成績總平均全校排名百分比,英語文學業成績總平均全校排名百分比,化學學業成績總平均全校排名百分比,國語文學業成績總平均全校排名百分比,1、在校學業成績全校排名百分比 2、學測數學A級分 3、數學學業成績總平均全校排名百分比 4、物理學業成績總平均全校排名百分比 5、英語文學業成績總平均全校排名百分比 6、化學學業成績總平均全校排名百分比 7、國語文學業成績總平均全校排名百分比,,,,,,,"1.本系甄選對光電節能材料、能量儲存、能量轉換機電微電子系統等有特殊才能及興趣之高中生，經由此管道進入深造，激發潛能，養成一流之高科技人才。
2.本系網址：https://greenergy.nutn.edu.tw/
3.聯絡電話：06-2602251
4.Email:greenergy@mail.nutn.edu.tw"
03317,國立臺南大學,生物科技學系,第三類學群,11,2,1,2,0,0,0,0,0,均標,0,在校學業成績全校排名百分比,學測國文、英文、自然之級分總和,學測自然級分,生物學業成績總平均全校排名百分比,學測國文級分,學測英文級分,公民與社會學業成績總平均全校排名百分比,1、在校學業成績全校排名百分比 2、學測國文、英文、自然之級分總和 3、學測自然級分 4、生物學業成績總平均全校排名百分比 5、學測國文級分 6、學測英文級分 7、公民與社會學業成績總平均全校排名百分比,,,,,,,"1.本系提供學生生物學基礎知識以及生物技術之專業訓練，包括：生技醫藥與保健產品研發、動植物與微生物資源開發、水域環境生技應用，以提升生物科技產業的創新與發展。
2.本系網址：https://bst.nutn.edu.tw/
3.聯絡電話：(06)2606171"
03318,國立臺南大學,生態暨環境資源學系,第三類學群,6,2,2,2,0,0,0,0,0,底標,0,在校學業成績全校排名百分比,學測自然級分,學測英文級分,學測國文級分,學測國文、英文、自然之級分總和,生物學業成績總平均全校排名百分比,英語文學業成績總平均全校排名百分比,1、在校學業成績全校排名百分比 2、學測自然級分 3、學測英文級分 4、學測國文級分 5、學測國文、英文、自然之級分總和 6、生物學業成績總平均全校排名百分比 7、英語文學業成績總平均全校排名百分比,,,,,,,"1. 本系培養生態保育、生態學、環境科學及環境保護理論及應用之人才，畢業生可以從事自然保育、生態檢核、綠領環境永續、環境教育、生態旅遊等相關領域之實務及研究工作。
2. 本系電話：(06)2601779，網址：https://phpweb3.nutn.edu.tw/ecosci
3. 本系之野外操作與實作課程，宜具備健全之感知與行動機能。"
03319,國立臺南大學,體育學系,第七類學群,3,1,2,1,0,0,0,0,0,0,0,在校學業成績全校排名百分比,學測國文、英文、數學B之級分總和,學測國文級分,學測數學B級分,學測英文級分,國語文學業成績總平均全校排名百分比,數學學業成績總平均全校排名百分比,1、在校學業成績全校排名百分比 2、學測國文、英文、數學B之級分總和 3、學測國文級分 4、學測數學B級分 5、學測英文級分 6、國語文學業成績總平均全校排名百分比 7、數學學業成績總平均全校排名百分比,體育(百分等級):後標,,,,,,"1.本系宗旨係培養體育師資、運動選手、教練與裁判人才、運動產業經營管理人才、體育行政人才、體育運動研究人才。
2.本系為培育體育師資學系，有各項體育技能訓練課程，並有大量劇烈體能活動。
3.本系為師培與非師培並行學系，入學後依本校師資培育甄選規定錄取為師資培育生，始得修習國民小學教育學程。
4.本系網址：https://phyedu.nutn.edu.tw/，電話：(06)2133111分機351。"
03401,國立東華大學,企業管理學系管理科學組,第一類學群,3,30,0,0,0,後標,0,0,0,0,0,在校學業成績全校排名百分比,學測英文級分,學測數學A級分,英語文學業成績總平均全校排名百分比,數學學業成績總平均全校排名百分比,學測國文級分,國語文學業成績總平均全校排名百分比,1、在校學業成績全校排名百分比 2、學測英文級分 3、學測數學A級分 4、英語文學業成績總平均全校排名百分比 5、數學學業成績總平均全校排名百分比 6、學測國文級分 7、國語文學業成績總平均全校排名百分比,,,,,,,一、聯絡電話：03-8903162。二、網址：https://ibm.ndhu.edu.tw。三、本系培養具專業知能的企業人才。規劃之專業學程包含：「策略與行銷」及「供應鍵與流通」學程。本系提供實務導向之課程教學，例如：參與式個案教學、商業模擬軟體、行銷企劃實務、企業參訪，並規劃專題講座，邀請業界專業人士進行管理實務之分享。四、本組為招生分組，畢業證書不予登載分組名稱等相關資訊。
03402,國立東華大學,企業管理學系經營管理組,第一類學群,6,30,0,0,0,後標,0,0,0,0,0,在校學業成績全校排名百分比,學測英文級分,學測數學B級分,英語文學業成績總平均全校排名百分比,數學學業成績總平均全校排名百分比,學測國文級分,國語文學業成績總平均全校排名百分比,1、在校學業成績全校排名百分比 2、學測英文級分 3、學測數學B級分 4、英語文學業成績總平均全校排名百分比 5、數學學業成績總平均全校排名百分比 6、學測國文級分 7、國語文學業成績總平均全校排名百分比,,,,,,,一、聯絡電話：03-8903162。二、網址：https://ibm.ndhu.edu.tw。三、本系培養具專業知能的企業人才。規劃之專業學程包含：「策略與行銷」及「供應鍵與流通」學程。本系提供實務導向之課程教學，例如：參與式個案教學、商業模擬軟體、行銷企劃實務、企業參訪，並規劃專題講座，邀請業界專業人士進行管理實務之分享。四、本組為招生分組，畢業證書不予登載分組名稱等相關資訊。
03403,國立東華大學,會計學系,第一類學群,10,30,2,21,0,後標,0,0,0,0,0,在校學業成績全校排名百分比,學測國文、英文、數學B之級分總和,英語文學業成績總平均全校排名百分比,數學學業成績總平均全校排名百分比,學測英文級分,學測數學B級分,國語文學業成績總平均全校排名百分比,1、在校學業成績全校排名百分比 2、學測國文、英文、數學B之級分總和 3、英語文學業成績總平均全校排名百分比 4、數學學業成績總平均全校排名百分比 5、學測英文級分 6、學測數學B級分 7、國語文學業成績總平均全校排名百分比,,,,,,,一、聯絡電話：03-8903072。二、網址：https://rc132.ndhu.edu.tw。三、有前途的專業！會計系畢業生擁有能考會計師的資格，另可考公務員、內部稽核師、檢察事務官等；可服務於會計師事務所、企業、金融機構、政府機構，可從事會計師、會計人員、稅務人員、證券分析師、檢察事務官等。歡迎加入本系行列。
03404,國立東華大學,資訊管理學系人工智慧與大數據組,第一類學群,5,30,2,21,0,0,均標,0,0,0,0,在校學業成績全校排名百分比,學測國文、英文、數學A之級分總和,學測數學A級分,學測英文級分,數學學業成績總平均全校排名百分比,英語文學業成績總平均全校排名百分比,資訊科技學業成績總平均全校排名百分比,1、在校學業成績全校排名百分比 2、學測國文、英文、數學A之級分總和 3、學測數學A級分 4、學測英文級分 5、數學學業成績總平均全校排名百分比 6、英語文學業成績總平均全校排名百分比 7、資訊科技學業成績總平均全校排名百分比,,,,,,,一、聯絡電話：03-8903102。二、網址：https://im.ndhu.edu.tw。三、本系以培育兼具資訊技術與組織管理跨領域之優秀資訊管理人才為目標，並以大數據、商業智慧、智慧商務、企業資源規劃與資訊安全等為研究與教學重點方向，歡迎有志於資訊管理技術專業之學生報考。四、本組為招生分組，畢業證書不予登載分組名稱等相關資訊。
03405,國立東華大學,資訊管理學系人工智慧與商務組,第一類學群,5,30,1,21,0,0,0,均標,0,0,0,在校學業成績全校排名百分比,學測國文、英文、數學B之級分總和,學測數學B級分,學測英文級分,數學學業成績總平均全校排名百分比,英語文學業成績總平均全校排名百分比,資訊科技學業成績總平均全校排名百分比,1、在校學業成績全校排名百分比 2、學測國文、英文、數學B之級分總和 3、學測數學B級分 4、學測英文級分 5、數學學業成績總平均全校排名百分比 6、英語文學業成績總平均全校排名百分比 7、資訊科技學業成績總平均全校排名百分比,,,,,,,一、聯絡電話：03-8903102。二、網址：https://im.ndhu.edu.tw。三、本系以培育兼具資訊技術與組織管理跨領域之優秀資訊管理人才為目標，並以大數據、商業智慧、智慧商務、企業資源規劃與資訊安全等為研究與教學重點方向，歡迎有志於資訊管理技術專業之學生報考。四、本組為招生分組，畢業證書不予登載分組名稱等相關資訊。
03406,國立東華大學,國際企業學系,第一類學群,8,30,2,21,0,均標,0,0,0,0,0,在校學業成績全校排名百分比,學測英文級分,學測數學B級分,學測國文、英文、數學B之級分總和,英語文學業成績總平均全校排名百分比,數學學業成績總平均全校排名百分比,國語文學業成績總平均全校排名百分比,1、在校學業成績全校排名百分比 2、學測英文級分 3、學測數學B級分 4、學測國文、英文、數學B之級分總和 5、英語文學業成績總平均全校排名百分比 6、數學學業成績總平均全校排名百分比 7、國語文學業成績總平均全校排名百分比,,,,,,,一、聯絡電話：03-8903043。二、網址：https://ib.ndhu.edu.tw。三、本系旨在培養具國際視野與經營能力之專業經理人。雙專業學程「全球經營管理學程」與「服務行銷與創新創業學程」，強化學生職場競爭力與國際視野。本系特色：1.畢業即就業，跨國企業聘僱比例高；2.課程結合國內外參訪與企業見學；3.海外交換生與移地教學機會多；4.學生參加國內外管理領域競賽屢獲佳績；5.教師於教學、研究及學生輔導屢屢獲獎；6.課程結合未來科技趨勢與實務。
03407,國立東華大學,財務金融學系,第一類學群,13,30,5,21,0,後標,0,0,0,0,0,在校學業成績全校排名百分比,學測數學B級分,學測英文級分,學測國文、英文、數學B之級分總和,數學學業成績總平均全校排名百分比,英語文學業成績總平均全校排名百分比,國語文學業成績總平均全校排名百分比,1、在校學業成績全校排名百分比 2、學測數學B級分 3、學測英文級分 4、學測國文、英文、數學B之級分總和 5、數學學業成績總平均全校排名百分比 6、英語文學業成績總平均全校排名百分比 7、國語文學業成績總平均全校排名百分比,,,,,,,"一、聯絡電話：03-8903132。二、網址：https://fin.ndhu.edu.tw。三、本系提供公司理財、投資、衍生性金融商品、信用風險、不動產等專業師資。課程主軸包括財務、金融數據專業學程，積極培養中高級財務金融專業人才。四、本系積極與國際接軌，已與德國FH Aachen, University of Applied Sciences簽訂學士雙聯學位(FH Aachen英語授課)，提供本系學生免付FH Aachen學費，四年內同時取得東華及FH Aachen兩個學士學位的機會，學生可申請至德國研讀，進行跨國文化探索、體驗溝通，並增加國際間學術交流經驗，培育成為國際財金專業人才，符合未來企業需求。本系已經與金融機構簽訂實習合作意向，學生可於大四至企業實習，提早與業界接軌。"
03408,國立東華大學,觀光暨休閒遊憩學系,第一類學群,8,30,1,21,0,0,0,0,後標,0,0,在校學業成績全校排名百分比,英語文學業成績總平均全校排名百分比,學測英文級分,學測國文、英文、社會之級分總和,學測數學B級分,學測國文級分,地理學業成績總平均全校排名百分比,1、在校學業成績全校排名百分比 2、英語文學業成績總平均全校排名百分比 3、學測英文級分 4、學測國文、英文、社會之級分總和 5、學測數學B級分 6、學測國文級分 7、地理學業成績總平均全校排名百分比,,,,,,,一、聯絡電話：03-8905603。二、網址：https://trm.ndhu.edu.tw。三、「觀光」是21世紀的顯學，本系座落在美麗的花東縱谷，以觀光與資源永續發展為核心，關懷休閒遊憩品質的提升，致力培育具國際觀與在地情之觀光休憩經營管理專業人才，為產業與政府頂尖專業人才養成的搖籃。本系設有「觀光產業與發展」及「休閒遊憩管理」學程，積極規劃國際移地教學、海外交換生及實習機會，促進國際化及本土化永續發展鏈結，提供產官學合作及研究機會。
03409,國立東華大學,管理學院管理科學與財金國際學士學位學程,第一類學群,4,30,2,21,0,0,0,0,底標,0,0,在校學業成績全校排名百分比,學測英文級分,學測數學B級分,學測英文、數學B、社會之級分總和,英語文學業成績總平均全校排名百分比,數學學業成績總平均全校排名百分比,公民與社會學業成績總平均全校排名百分比,1、在校學業成績全校排名百分比 2、學測英文級分 3、學測數學B級分 4、學測英文、數學B、社會之級分總和 5、英語文學業成績總平均全校排名百分比 6、數學學業成績總平均全校排名百分比 7、公民與社會學業成績總平均全校排名百分比,,,,,,,"一、聯絡電話：03-8903006。二、網址：https://msf.ndhu.edu.tw。三、本學程專業學科以全英語授課，外籍生與本地生同班學習，專業師資優良。四、與德國FH Aachen, University of Applied Sciences簽訂學士雙聯學位(FH Aachen英語授課)，提供本學程學生免付FH Aachen大學學費，四年內同時取得東華及FH Aachen雙學士學位的機會；本學程亦與澳洲UTS、澳洲格里菲斯大學、美國CSUSB及美國明尼蘇達大學等校積極洽談雙聯合作。五、就業市場：外商公司、金融機構、及本國企業，例如: 台積電、意法半導體、和碩聯合科技、長榮海運及第一銀行等。"
03410,國立東華大學,管理學院會計與資訊管理國際學士班,第一類學群,5,30,0,0,0,0,後標,後標,0,0,0,在校學業成績全校排名百分比,學測國文、英文之級分總和,學測英文級分,學測國文級分,英語文學業成績總平均全校排名百分比,數學學業成績總平均全校排名百分比,國語文學業成績總平均全校排名百分比,1、在校學業成績全校排名百分比 2、學測國文、英文之級分總和 3、學測英文級分 4、學測國文級分 5、英語文學業成績總平均全校排名百分比 6、數學學業成績總平均全校排名百分比 7、國語文學業成績總平均全校排名百分比,,,,,,,一、本國際學士班係會計與資管的跨域整合，採全英授課，旨在培育智慧會計與電腦審計人才，師資專長多元，讓本國際學士班學生能獲得開闊的跨域專業能力與視野。二、聯絡電話：03-8903006。三、網址：https://accim.ndhu.edu.tw。
03411,國立東華大學,管理學院數位行銷與服務創新國際學士班,第一類學群,3,30,1,21,均標,0,0,0,0,0,0,在校學業成績全校排名百分比,學測英文級分,學測數學B級分,學測國文、英文、數學B之級分總和,英語文學業成績總平均全校排名百分比,數學學業成績總平均全校排名百分比,國語文學業成績總平均全校排名百分比,1、在校學業成績全校排名百分比 2、學測英文級分 3、學測數學B級分 4、學測國文、英文、數學B之級分總和 5、英語文學業成績總平均全校排名百分比 6、數學學業成績總平均全校排名百分比 7、國語文學業成績總平均全校排名百分比,,,,,,,一、聯絡電話：03-8903006。二、網址：https://dmsi.ndhu.edu.tw。三、本國際學士班旨在培養具國際市場需求的數位行銷與服務人才。雙專業學程「全球經營與數位行銷學程」與「服務科學與創新創業學程」，強化學生國際競爭力與國際視野。本班特色：1.採全英授課；2.海外交換與移地教學機會多；3.多元跨域與實務兼重課程設計；4.教師於教學、研究輔導屢屢獲獎；5.課程強調個案教學結合數位科技趨勢與實務。
03412,國立東華大學,華文文學與創作學系,第一類學群,7,30,2,21,後標,0,0,0,0,0,0,在校學業成績全校排名百分比,學測國文、英文、社會之級分總和,學測國文級分,學測社會級分,國語文學業成績總平均全校排名百分比,歷史學業成績總平均全校排名百分比,英語文學業成績總平均全校排名百分比,1、在校學業成績全校排名百分比 2、學測國文、英文、社會之級分總和 3、學測國文級分 4、學測社會級分 5、國語文學業成績總平均全校排名百分比 6、歷史學業成績總平均全校排名百分比 7、英語文學業成績總平均全校排名百分比,,,,,,,一、聯絡電話：03-8905263。二、網址：https://sili.ndhu.edu.tw。三、本系是華語世界第一個以現當代華文文學研究與創作教學為主的科系，旨在開拓學生的文學視野，重視文學批評與文化研究的理論與方法，結合當代文化議題，強調文學與文化的多元跨界整合。開設有文學創作與文化創意產業課程，強調理論與實務的結合。
03413,國立東華大學,中國語文學系,第一類學群,10,30,0,0,均標,0,0,0,0,0,0,在校學業成績全校排名百分比,學測國文級分,國語文學業成績總平均全校排名百分比,學測社會級分,歷史學業成績總平均全校排名百分比,學測英文級分,英語文學業成績總平均全校排名百分比,1、在校學業成績全校排名百分比 2、學測國文級分 3、國語文學業成績總平均全校排名百分比 4、學測社會級分 5、歷史學業成績總平均全校排名百分比 6、學測英文級分 7、英語文學業成績總平均全校排名百分比,,,,,,,一、聯絡電話：03-8905672。二、本系網址：https://chinese.ndhu.edu.tw。三、本系擁有學、碩、博士班完整學制，除中國語文核心學程外，更開設中國語文專業學程、敘事文學與語文應用學程，以及國小、中等教育學程國文科專門課程，強調語文學養及對外華語教學能力，立基古典掌握現代，因應產業趨勢，培育跨界視野和多元發展的專業人才。
03414,國立東華大學,英美語文學系,第一類學群,6,30,1,21,0,後標,0,0,0,0,0,在校學業成績全校排名百分比,學測英文級分,英語文學業成績總平均全校排名百分比,學測國文級分,國語文學業成績總平均全校排名百分比,學測社會級分,公民與社會學業成績總平均全校排名百分比,1、在校學業成績全校排名百分比 2、學測英文級分 3、英語文學業成績總平均全校排名百分比 4、學測國文級分 5、國語文學業成績總平均全校排名百分比 6、學測社會級分 7、公民與社會學業成績總平均全校排名百分比,,,,,,,一、聯絡電話: 03-8905294。二、網址：https://dengl.ndhu.edu.tw。三、招生目標：本系強調英語聽說讀寫基礎語言訓練，並以學程修讀方式使學生具備英美經典文學、西洋文化與西方思潮的背景知識。學生可依興趣選修文學與多元文化、應用英語與英語教學、第二外語等相關課程。
03415,國立東華大學,臺灣文化學系,第一類學群,7,30,2,21,0,0,0,0,後標,0,0,在校學業成績全校排名百分比,學測國文、社會之級分總和,地理學業成績總平均全校排名百分比,歷史學業成績總平均全校排名百分比,學測社會級分,學測國文級分,公民與社會學業成績總平均全校排名百分比,1、在校學業成績全校排名百分比 2、學測國文、社會之級分總和 3、地理學業成績總平均全校排名百分比 4、歷史學業成績總平均全校排名百分比 5、學測社會級分 6、學測國文級分 7、公民與社會學業成績總平均全校排名百分比,,,,,,,一、聯絡電話：03-8905212。二、網址：https://ts.ndhu.edu.tw。三、本系以臺灣及區域文化研究及應用為核心，旨在培養地方文史、社區發展、地方創生與文化創意產業等跨領域專業人才。教學方式多元，結合數位人文，重視田野調查的技能，並獲教育部認定為「中等學校社會領域地理專長」之師資培育科系。深耕在地，強調社會實踐，提供多元產學實習、企業徵才機會，詳情可參考本系官方粉絲團。
03416,國立東華大學,歷史學系,第一類學群,11,30,1,21,0,0,0,0,均標,0,0,在校學業成績全校排名百分比,歷史學業成績總平均全校排名百分比,學測社會級分,學測國文、英文、社會之級分總和,英語文學業成績總平均全校排名百分比,學測英文級分,國語文學業成績總平均全校排名百分比,1、在校學業成績全校排名百分比 2、歷史學業成績總平均全校排名百分比 3、學測社會級分 4、學測國文、英文、社會之級分總和 5、英語文學業成績總平均全校排名百分比 6、學測英文級分 7、國語文學業成績總平均全校排名百分比,,,,,,,一、聯絡電話：03-8905322。二、學系網址：https://dhist.ndhu.edu.tw。三、本系課程兼重專業與應用，除史學基礎課程外，亦開設口述歷史、影視史學、史蹟與文化資產、紀錄片製作、軍事史、考古學、博物館學、考古田野、歷史小說與歷史遊戲設計等大眾史學與文創實作特色課程，以培養學生史學基本素養與多元歷史書寫能力。本系畢業生除繼續升學進修外，也可從事教師、公職、文創產業等文史相關工作。
03417,國立東華大學,經濟學系,第一類學群,9,30,0,0,0,0,0,均標,0,0,0,在校學業成績全校排名百分比,學測數學B級分,數學學業成績總平均全校排名百分比,學測英文級分,英語文學業成績總平均全校排名百分比,國語文學業成績總平均全校排名百分比,公民與社會學業成績總平均全校排名百分比,1、在校學業成績全校排名百分比 2、學測數學B級分 3、數學學業成績總平均全校排名百分比 4、學測英文級分 5、英語文學業成績總平均全校排名百分比 6、國語文學業成績總平均全校排名百分比 7、公民與社會學業成績總平均全校排名百分比,,,,,,,一、聯絡電話：03-8905533。二、網址：https://econ.ndhu.edu.tw。三、學系特色：1.高學歷優秀師資：所有教師均有國內外知名大學博士學位；2.專業課程與財經專業關聯高：畢業生多任職於公營與民營金融機構、國營與民營企業，參加高普考具學科優勢；3.學程制修課有彈性：易於雙主修或輔修財金等管院系所。
03418,國立東華大學,諮商與臨床心理學系,第一類學群,11,30,2,21,0,均標,0,均標,0,0,0,在校學業成績全校排名百分比,學測國文級分,學測英文級分,學測數學B級分,英語文學業成績總平均全校排名百分比,數學學業成績總平均全校排名百分比,國語文學業成績總平均全校排名百分比,1、在校學業成績全校排名百分比 2、學測國文級分 3、學測英文級分 4、學測數學B級分 5、英語文學業成績總平均全校排名百分比 6、數學學業成績總平均全校排名百分比 7、國語文學業成績總平均全校排名百分比,,,,,,,一、聯絡電話：03-8905632。二、網址：https://cp.ndhu.edu.tw。三、本系以培養符合臺灣社會需求之諮商與臨床心理專業人才為目標。發展方向為：以基礎心理學為核心，重視諮商與臨床應用領域及相關心理學新知開發；強調理論與實務整合，落實人文與科學並重及兼具多元文化的教學研究特色。
03419,國立東華大學,社會學系,第一類學群,8,30,1,21,0,0,0,0,均標,0,0,在校學業成績全校排名百分比,學測社會級分,公民與社會學業成績總平均全校排名百分比,學測國文級分,國語文學業成績總平均全校排名百分比,學測英文級分,英語文學業成績總平均全校排名百分比,1、在校學業成績全校排名百分比 2、學測社會級分 3、公民與社會學業成績總平均全校排名百分比 4、學測國文級分 5、國語文學業成績總平均全校排名百分比 6、學測英文級分 7、英語文學業成績總平均全校排名百分比,,,,,,,一、聯絡電話：03-8905582。二、網址：https://spa.ndhu.edu.tw。三、本系旨在培養學生具備社會學的洞察力，並具有前瞻、規劃以及政策性的思考之社會學優秀人才，課程設計兼具理論與實務能力。未來出路包括公職人員考試、公民與社會科教師、調查統計與大數據分析相關工作、社會企業或非營利組織管理職務。竭誠歡迎學生加入本系。
03420,國立東華大學,公共行政學系,第一類學群,7,30,2,21,0,0,0,0,均標,0,0,在校學業成績全校排名百分比,學測社會級分,公民與社會學業成績總平均全校排名百分比,學測國文級分,國語文學業成績總平均全校排名百分比,學測英文級分,英語文學業成績總平均全校排名百分比,1、在校學業成績全校排名百分比 2、學測社會級分 3、公民與社會學業成績總平均全校排名百分比 4、學測國文級分 5、國語文學業成績總平均全校排名百分比 6、學測英文級分 7、英語文學業成績總平均全校排名百分比,,,,,,,一、聯絡電話：03-8905512。二、網址：https://pa.ndhu.edu.tw。三、學系特色：1.本系以培育國家公共行政人才為教育目標，藉由公共治理的理論學習，培養公私部門領導統御、政策分析、學術研究人才。2.本系畢業生具有良好生涯發展前景，包括繼續深造、參與各類公職及公民與社會科教師檢定考試、或投入公共行政相關領域的職場就業。
03421,國立東華大學,法律學系,第一類學群,6,30,2,21,0,0,0,0,均標,0,0,在校學業成績全校排名百分比,學測英文級分,學測社會級分,學測國文級分,英語文學業成績總平均全校排名百分比,公民與社會學業成績總平均全校排名百分比,國語文學業成績總平均全校排名百分比,1、在校學業成績全校排名百分比 2、學測英文級分 3、學測社會級分 4、學測國文級分 5、英語文學業成績總平均全校排名百分比 6、公民與社會學業成績總平均全校排名百分比 7、國語文學業成績總平均全校排名百分比,,,,,,,一、聯絡電話：03-8905662。二、網址：https://law.ndhu.edu.tw。三、本系乃在培育兼具人文素養與法學知識及跨領域專業人才，課程設計採模組式學程制教學，人文社會科學院基礎學程為學生奠定人文與社會科學知識，法律核心學程建立法學法理概念作為奠定法律人才之基礎，專業選修學程進一步為學生提供深造進修準備以及厚實國家考試法律法制類科之學習，並結合本校環境暨海洋學院與原住民民族學院，開設跨學院跨領域跨科別課程，提供學生多元豐富的學習資源。
03422,國立東華大學,教育與潛能開發學系,第一類學群,8,30,2,21,後標,0,0,0,0,0,0,在校學業成績全校排名百分比,學測國文級分,學測英文級分,學測數學B級分,學測社會級分,國語文學業成績總平均全校排名百分比,公民與社會學業成績總平均全校排名百分比,1、在校學業成績全校排名百分比 2、學測國文級分 3、學測英文級分 4、學測數學B級分 5、學測社會級分 6、國語文學業成績總平均全校排名百分比 7、公民與社會學業成績總平均全校排名百分比,,,,,,,一、聯絡電話：03-8903822。二、網址：https://dehpd.ndhu.edu.tw。三、本系由繁星推薦管道入學之新生均具師資生資格，得免繳學分費修讀國民小學教育學程。四、除師資培育之外，另有「閱讀科技」與「潛能開發」特色專業，並有科學教育之師資，培養多元專長。五、本系畢業生可參加教師甄試，成為優質國小教師；而教育工作更不限於學校之內，或以潛能開發企劃師做為創業路徑，或以發展教材做為就業專長，本系更是不二首選。
03423,國立東華大學,教育行政與管理學系,第一類學群,7,30,0,0,均標,0,0,0,0,0,0,在校學業成績全校排名百分比,學測國文級分,學測社會級分,國語文學業成績總平均全校排名百分比,學測英文級分,英語文學業成績總平均全校排名百分比,學測數學B級分,1、在校學業成績全校排名百分比 2、學測國文級分 3、學測社會級分 4、國語文學業成績總平均全校排名百分比 5、學測英文級分 6、英語文學業成績總平均全校排名百分比 7、學測數學B級分,,,,,,,一、聯絡電話：03-8903912。二、網址：https://eam.ndhu.edu.tw。三、本系由繁星推薦管道入學學生均具師資生資格，得免繳學分費修讀國民小學教育學程。四、本系重點發展方向為培養優秀行政專才，輔導文教公職考試以及培育國小教師。
03424,國立東華大學,特殊教育學系,第一類學群,7,30,0,0,0,0,0,0,後標,0,0,在校學業成績全校排名百分比,學測國文、社會之級分總和,學測國文級分,國語文學業成績總平均全校排名百分比,英語文學業成績總平均全校排名百分比,公民與社會學業成績總平均全校排名百分比,生活科技學業成績總平均全校排名百分比,1、在校學業成績全校排名百分比 2、學測國文、社會之級分總和 3、學測國文級分 4、國語文學業成績總平均全校排名百分比 5、英語文學業成績總平均全校排名百分比 6、公民與社會學業成績總平均全校排名百分比 7、生活科技學業成績總平均全校排名百分比,,,,,,,一、聯絡電話：03-8903872。二、網址：https://spe.ndhu.edu.tw。三、本系新生須通過甄選始具師資生資格，得免繳學分費修讀國民小學特殊教育學程。四、本系目標在培育優秀國小特教教師、身心障礙輔助科技實務與學術人才，課程包含身心障礙教育、資賦優異教育等學程。
03425,國立東華大學,幼兒教育學系,第一類學群,6,30,0,0,0,0,0,0,均標,0,0,在校學業成績全校排名百分比,學測國文、英文、社會之級分總和,學測國文級分,學測英文級分,國語文學業成績總平均全校排名百分比,英語文學業成績總平均全校排名百分比,公民與社會學業成績總平均全校排名百分比,1、在校學業成績全校排名百分比 2、學測國文、英文、社會之級分總和 3、學測國文級分 4、學測英文級分 5、國語文學業成績總平均全校排名百分比 6、英語文學業成績總平均全校排名百分比 7、公民與社會學業成績總平均全校排名百分比,,,,,,,一、聯絡電話：03-8905266。二、網址：https://ece.ndhu.edu.tw。三、本系全部新生均可修讀幼兒園教育學程，課程有幼兒師資培育學程、幼兒教保基礎學程等二學程。此外，並可參與甄選修習小學師資學程及學前特教師資學程，以增進學生的專業知能及就業競爭力，畢業生在就業或深造均獲好評。四、招收對幼教工作性質有基本概念，並有積極從事意願者。
03426,國立東華大學,族群關係與文化學系,第一類學群,3,30,1,21,0,0,0,0,後標,0,0,在校學業成績全校排名百分比,學測國文、英文、社會之級分總和,學測社會級分,學測英文級分,公民與社會學業成績總平均全校排名百分比,歷史學業成績總平均全校排名百分比,國語文學業成績總平均全校排名百分比,1、在校學業成績全校排名百分比 2、學測國文、英文、社會之級分總和 3、學測社會級分 4、學測英文級分 5、公民與社會學業成績總平均全校排名百分比 6、歷史學業成績總平均全校排名百分比 7、國語文學業成績總平均全校排名百分比,,,,,,,一、聯絡電話：03-8905792。二、網址：https://erc.ndhu.edu.tw。三、族群關係與文化的知識隨著全球化與國際間對族群權益的關懷，已越來越顯重要。本系是國內第一個以此為專業的學系，旨在培育族群議題與文化理論與實務人才，拓展多元族群及多元文化視野、增進社會文化實踐的行動力。本系課程具備跨領域的學科訓練，專門的社會文化課題探討，以及族群文化實務演練，以培養學生對多元族群與原住民文化的理解與能力。
03427,國立東華大學,民族語言與傳播學系,第一類學群,5,30,0,0,0,0,0,0,後標,0,0,在校學業成績全校排名百分比,學測社會級分,學測國文級分,公民與社會學業成績總平均全校排名百分比,國語文學業成績總平均全校排名百分比,歷史學業成績總平均全校排名百分比,英語文學業成績總平均全校排名百分比,1、在校學業成績全校排名百分比 2、學測社會級分 3、學測國文級分 4、公民與社會學業成績總平均全校排名百分比 5、國語文學業成績總平均全校排名百分比 6、歷史學業成績總平均全校排名百分比 7、英語文學業成績總平均全校排名百分比,,,,,,,一、聯絡電話：03-8905824。二、網址：https://lci.ndhu.edu.tw。三、本系是全國唯一結合原住民族語言與傳播知能的跨領域學系，族語課程多元豐富，規模可謂全國之冠。本系課程兼重理論與實務，除語言學、新聞學基礎課程外，亦開設田野調查、族語分析、族語教學、新聞採訪與寫作、電影/電視/廣播企劃與製作等實作課程，以培育學生兼具語言紀錄分析及傳播發展能力。畢業生除繼續升學外，亦可從事族語教學、語言推廣、傳播產業等語言傳播相關工作。
03428,國立東華大學,民族發展與社會工作學系民族發展組,第一類學群,3,30,1,21,0,0,0,0,後標,0,0,在校學業成績全校排名百分比,學測國文、英文、社會之級分總和,學測社會級分,學測國文級分,公民與社會學業成績總平均全校排名百分比,英語文學業成績總平均全校排名百分比,歷史學業成績總平均全校排名百分比,1、在校學業成績全校排名百分比 2、學測國文、英文、社會之級分總和 3、學測社會級分 4、學測國文級分 5、公民與社會學業成績總平均全校排名百分比 6、英語文學業成績總平均全校排名百分比 7、歷史學業成績總平均全校排名百分比,,,,,,,一、聯絡電話：03-8905788。二、網址：https://dds.ndhu.edu.tw。三、本系(組)旨在培養臺灣及國際原住民族事務人才，聘有11位專任教師，師資豐富、專業領域多元，強調跨領域的學習、整合與應用。課程聚焦於民族公共事務、教育文化、經濟產業、全球視野與社會發展等領域，強調跨領域學習與國際觀培養，帶領學生學習族群發展專業知識，並實際參與臺灣及國際原住民族事務，強化參與公共事務的實力與實踐社會正義的能力。學生就學期間，可深入學習國內外原住民族知識、公共事務、地方創生、社會工作等知識，並探索未來職涯發展；畢業後可投入公職、教育、社會福利、地方產業、學術研究等職場，或持續往學術領域深造。
03429,國立東華大學,民族發展與社會工作學系社會工作組,第一類學群,4,30,1,21,0,0,0,0,後標,0,0,在校學業成績全校排名百分比,學測國文、英文、社會之級分總和,學測社會級分,學測國文級分,公民與社會學業成績總平均全校排名百分比,歷史學業成績總平均全校排名百分比,英語文學業成績總平均全校排名百分比,1、在校學業成績全校排名百分比 2、學測國文、英文、社會之級分總和 3、學測社會級分 4、學測國文級分 5、公民與社會學業成績總平均全校排名百分比 6、歷史學業成績總平均全校排名百分比 7、英語文學業成績總平均全校排名百分比,,,,,,,一、聯絡電話：03-8905788。二、網址：https://dds.ndhu.edu.tw。三、本系(組) 以建構「原住民族社會工作」的專業知識與實務能力為使命，聘有11位專任教師，師資豐富，專業領域多元。教學強調跨領域知識的學習、整合與應用，除了基礎專業課程外，另規劃許多族群文化、政策與健康等課程，培養學生專業社會工作知能，並認識臺灣多元文化社會中的族群議題，讓學生在民族知識的基礎上，實踐以原住民族為主體性的文化安全社會工作。畢業生具備社工師考試資格，因應當前國家政策，就業市場廣泛且多元，可於公私立機關、社福單位、醫療機構等任職，或持續往社會工作、社會福利等學群升學深造。
03430,國立東華大學,藝術創意產業學系,第一類學群,7,30,2,21,均標,0,0,0,0,0,0,在校學業成績全校排名百分比,學測國文級分,學測英文級分,學測社會級分,歷史學業成績總平均全校排名百分比,英語文學業成績總平均全校排名百分比,公民與社會學業成績總平均全校排名百分比,1、在校學業成績全校排名百分比 2、學測國文級分 3、學測英文級分 4、學測社會級分 5、歷史學業成績總平均全校排名百分比 6、英語文學業成績總平均全校排名百分比 7、公民與社會學業成績總平均全校排名百分比,,,,,,,一、聯絡電話：03-8905889。二、網址：https://artci.ndhu.edu.tw。三、本系是全國首先設立於綜合型國立大學的藝術文創產業系所，享有豐厚頂尖跨領域藝術工坊資源與優良師資，是全國少數不考術科的藝術科系。課程以「藝術經營行銷」為核心，貼近國際文創趨勢和藝術市場，以「藝文產業經營」、「藝術創意」為主軸，提供金工珠寶和銀飾設計、陶藝、繪本創作、織染設計、數位商務等特色課程，強調學用合一的產學實踐，與社會就業接軌，培養創新創業潛力人才，投入藝術經紀企劃、創新服務產業、美術場館、畫廊、藝文基金會、社區營造、藝術文化行政等工作。
03431,國立東華大學,應用數學系數學科學組,第二類學群,5,12,1,9,0,底標,0,0,0,0,0,在校學業成績全校排名百分比,學測數學A級分,學測英文級分,學測國文級分,數學學業成績總平均全校排名百分比,英語文學業成績總平均全校排名百分比,國語文學業成績總平均全校排名百分比,1、在校學業成績全校排名百分比 2、學測數學A級分 3、學測英文級分 4、學測國文級分 5、數學學業成績總平均全校排名百分比 6、英語文學業成績總平均全校排名百分比 7、國語文學業成績總平均全校排名百分比,,,,,,,一、聯絡電話：03-8903561。二、網址：https://am.ndhu.edu.tw。三、系所特色：多元課程安排，學生除修習基礎數學與統計課程外，可依興趣選讀財金、管理及資訊等課程。在多元課程的訓練下，希望培養數學、機率統計或計算科學方面基礎研發能力，並養成利用科學思考、文獻、計算工具整合問題解決能力，以及量化資訊分析等人才。四、專業課程安排：1.基礎數學、統計課程：微積分、高等微積分、線性代數、代數、微分方程、機率論、統計學。2.數學、統計精選軟體計算課程：程式設計(C、C++、Swift)；軟體實作(Python、MATLAB)；數值方法(MATLAB、R)；統計軟體與實務應用(R)。
03432,國立東華大學,應用數學系統計科學組,第二類學群,5,12,1,9,0,底標,0,0,0,0,0,在校學業成績全校排名百分比,學測數學A級分,學測英文級分,學測國文級分,數學學業成績總平均全校排名百分比,英語文學業成績總平均全校排名百分比,國語文學業成績總平均全校排名百分比,1、在校學業成績全校排名百分比 2、學測數學A級分 3、學測英文級分 4、學測國文級分 5、數學學業成績總平均全校排名百分比 6、英語文學業成績總平均全校排名百分比 7、國語文學業成績總平均全校排名百分比,,,,,,,一、聯絡電話：03-8903561。二、網址：https://am.ndhu.edu.tw。三、系所特色：本系學生可在修讀基礎數學與統計學課程的紮實基礎之下，培養科學思考、問題解決等研究與資料分析能力，進而依個人興趣往數學、資料科學、資工、資管、財金、金融科技、管理等多元領域發展。四、課程規劃：1.基礎數學、統計課程：透過微積分、高等微積分、線性代數、機率論、統計、數理統計、迴歸分析、實驗設計、統計軟體與實務應用等課程，我們提供紮實的大學數學與統計的基礎訓練。2.數學、統計精選軟體計算課程：數值分析、計算/統計語言如 C/C++、R、MATLAB、Python、Swift等也是學習重點。
03433,國立東華大學,物理學系物理組,第二類學群,6,12,1,9,0,0,0,0,0,均標,0,在校學業成績全校排名百分比,學測國文、英文、數學A、自然之級分總和,學測自然級分,學測數學A級分,學測英文級分,物理學業成績總平均全校排名百分比,化學學業成績總平均全校排名百分比,1、在校學業成績全校排名百分比 2、學測國文、英文、數學A、自然之級分總和 3、學測自然級分 4、學測數學A級分 5、學測英文級分 6、物理學業成績總平均全校排名百分比 7、化學學業成績總平均全校排名百分比,,,,,,,一、聯絡電話：03-8903692。二、網址：https://phys.ndhu.edu.tw。三、本系擁有優良師資及研究教學設備，設「奈米與光電物理學程」及「理論與計算物理學程」，培育跨領域優秀人才，提供學生在高科技產業發展所需之專業訓練。部分課程可選擇英語授課，與外籍學生共同研習，培養國際化視野。專業課程中還包括數位應用課程，並指導學生參與實驗室研究工作，提升實作經驗與能力。
03434,國立東華大學,物理學系奈米與光電科學組,第二類學群,5,12,0,0,0,0,0,0,0,均標,0,在校學業成績全校排名百分比,學測國文、英文、數學A、自然之級分總和,學測自然級分,學測數學A級分,學測英文級分,物理學業成績總平均全校排名百分比,化學學業成績總平均全校排名百分比,1、在校學業成績全校排名百分比 2、學測國文、英文、數學A、自然之級分總和 3、學測自然級分 4、學測數學A級分 5、學測英文級分 6、物理學業成績總平均全校排名百分比 7、化學學業成績總平均全校排名百分比,,,,,,,一、聯絡電話：03-8903692。二、網址：https://phys.ndhu.edu.tw。三、本系擁有優良師資及研究教學設備，設「奈米與光電物理學程」及「理論與計算物理學程」，培育跨領域優秀人才，提供學生在高科技產業發展所需之專業訓練。部分課程可選擇英語授課，與外籍學生共同研習，培養國際化視野。專業課程中還包括數位應用課程，並指導學生參與實驗室研究工作，提升實作經驗與能力。
03435,國立東華大學,化學系,第二類學群,9,12,0,0,0,0,0,0,0,均標,0,在校學業成績全校排名百分比,學測自然級分,學測數學A級分,學測國文、英文、數學A、自然之級分總和,學測英文級分,化學學業成績總平均全校排名百分比,物理學業成績總平均全校排名百分比,1、在校學業成績全校排名百分比 2、學測自然級分 3、學測數學A級分 4、學測國文、英文、數學A、自然之級分總和 5、學測英文級分 6、化學學業成績總平均全校排名百分比 7、物理學業成績總平均全校排名百分比,,,,,,,一、聯絡電話：03-8903572-4。二、網址：https://chem.ndhu.edu.tw。三、本系師資在生化、藥物、分析及材料等各項領域都有相當獨到的表現，為同學們奠定深厚的根基，未來學成後可勝任電子、生醫、綠色化學與能源科技等相關產業工作。四、操作實驗為本系學習之重點，學生均需透過親自操作儀器奠定化學基礎專業知識與實驗技能，部分實驗須透過色彩判定實驗結果。化學實驗具有一定危險性，需有能力即時移動身軀遠離危險現場。
03436,國立東華大學,資訊工程學系資工組,第二類學群,11,12,2,9,0,0,均標,0,0,0,0,在校學業成績全校排名百分比,學測數學A級分,學測英文級分,數學學業成績總平均全校排名百分比,英語文學業成績總平均全校排名百分比,學測國文級分,資訊科技學業成績總平均全校排名百分比,1、在校學業成績全校排名百分比 2、學測數學A級分 3、學測英文級分 4、數學學業成績總平均全校排名百分比 5、英語文學業成績總平均全校排名百分比 6、學測國文級分 7、資訊科技學業成績總平均全校排名百分比,,,,,,,一、聯絡電話：03-8905036。二、網址：https://www.csie.ndhu.edu.tw。三、本系為因應資訊科技最新趨勢，以「人工智慧與機器學習」、「雲端運算與大數據處理」、「多媒體與數位內容」、「網路與資訊安全」、「先進積體電路與嵌入式系統」、「軟體系統與智慧計算」等相關領域為學系發展方向，並通過國際工程及科技教育認證與教育部系所評鑑。
03437,國立東華大學,資訊工程學系國際組,第二類學群,3,12,1,9,0,0,均標,0,0,0,0,在校學業成績全校排名百分比,學測英文級分,學測數學A級分,英語文學業成績總平均全校排名百分比,數學學業成績總平均全校排名百分比,學測國文級分,資訊科技學業成績總平均全校排名百分比,1、在校學業成績全校排名百分比 2、學測英文級分 3、學測數學A級分 4、英語文學業成績總平均全校排名百分比 5、數學學業成績總平均全校排名百分比 6、學測國文級分 7、資訊科技學業成績總平均全校排名百分比,,,,,,,一、聯絡電話：03-8905036。二、網址：https://www.csie.ndhu.edu.tw。三、本系為因應資訊科技最新趨勢，以「人工智慧與機器學習」、「雲端運算與大數據處理」、「多媒體與數位內容」、「網路與資訊安全」、「先進積體電路與嵌入式系統」、「軟體系統與智慧計算」等相關領域為學系發展方向，並通過國際工程及科技教育認證與教育部系所評鑑。本系國際組將與外籍學生一同上課，為全英教學班級，建議學生具備基礎之英語聽說能力。表現優異學生於大三、大四優先推薦至本校學術交流國際姐妹校就讀。
03438,國立東華大學,電機工程學系智慧系統組,第二類學群,8,12,3,9,0,0,均標,0,0,0,0,在校學業成績全校排名百分比,學測英文、數學A、自然之級分總和,學測數學A級分,學測自然級分,數學學業成績總平均全校排名百分比,物理學業成績總平均全校排名百分比,英語文學業成績總平均全校排名百分比,1、在校學業成績全校排名百分比 2、學測英文、數學A、自然之級分總和 3、學測數學A級分 4、學測自然級分 5、數學學業成績總平均全校排名百分比 6、物理學業成績總平均全校排名百分比 7、英語文學業成績總平均全校排名百分比,,,,,,,一、聯絡電話：03-8905062。二、網址：https://ee.ndhu.edu.tw。三、本系以「智慧系統」及「半導體」為主要專業領域。各領域之研究與教學實驗設備相當齊全，教師具豐富教學經驗與熱忱，以建立學生電機專業基礎，並帶領學生走入學術殿堂，進而培養學生未來深造與就業之競爭實力。四、本組為招生分組，畢業證書不予登載分組名稱等相關資訊。學生應依照入學之招生分組管道選擇相對應之教學分組課規。(例如以智慧系統組招生分組之學生應選擇智慧系統組之課規)。
03439,國立東華大學,電機工程學系半導體組,第二類學群,6,12,2,9,0,0,均標,0,0,0,0,在校學業成績全校排名百分比,學測英文、數學A、自然之級分總和,學測自然級分,學測數學A級分,物理學業成績總平均全校排名百分比,數學學業成績總平均全校排名百分比,英語文學業成績總平均全校排名百分比,1、在校學業成績全校排名百分比 2、學測英文、數學A、自然之級分總和 3、學測自然級分 4、學測數學A級分 5、物理學業成績總平均全校排名百分比 6、數學學業成績總平均全校排名百分比 7、英語文學業成績總平均全校排名百分比,,,,,,,一、聯絡電話：03-8905062。二、網址：https://ee.ndhu.edu.tw。三、本系以「智慧系統」及「半導體」為主要專業領域。各領域之研究與教學實驗設備相當齊全，教師具豐富教學經驗與熱忱，以建立學生電機專業基礎，並帶領學生走入學術殿堂，進而培養學生未來深造與就業之競爭實力。四、本組為招生分組，畢業證書不予登載分組名稱等相關資訊。學生應依照入學之招生分組管道選擇相對應之教學分組課規。(例如以半導體組招生分組之學生應選擇半導體組之課規)。
03440,國立東華大學,材料科學與工程學系,第二類學群,11,12,1,9,0,0,0,0,0,後標,0,在校學業成績全校排名百分比,學測國文、英文、數學A、自然之級分總和,學測自然級分,學測英文級分,學測數學A級分,物理學業成績總平均全校排名百分比,化學學業成績總平均全校排名百分比,1、在校學業成績全校排名百分比 2、學測國文、英文、數學A、自然之級分總和 3、學測自然級分 4、學測英文級分 5、學測數學A級分 6、物理學業成績總平均全校排名百分比 7、化學學業成績總平均全校排名百分比,,,,,,,一、聯絡電話：03-8903202。二、網址：https://mse.ndhu.edu.tw。三、本系師資多元且完整，課程內容兼具理論基礎與實務應用，能提供學生包括奈米、光電半導體、金屬、陶瓷、高分子與計算材料等相關專業知能的訓練。就學期間可參加產業實習，強化與產業界連結。本系畢業生報考研究所錄取率極高，就業率及薪資待遇佳。畢業生就業涵蓋晶片半導體產業鏈、光電、綠能、鋼鐵、金屬、航太等產業，薪資待遇優渥。
03441,國立東華大學,光電工程學系,第二類學群,11,12,1,9,0,0,0,0,0,均標,0,在校學業成績全校排名百分比,學測國文、英文、數學A、自然之級分總和,學測自然級分,學測數學A級分,學測英文級分,物理學業成績總平均全校排名百分比,數學學業成績總平均全校排名百分比,1、在校學業成績全校排名百分比 2、學測國文、英文、數學A、自然之級分總和 3、學測自然級分 4、學測數學A級分 5、學測英文級分 6、物理學業成績總平均全校排名百分比 7、數學學業成績總平均全校排名百分比,,,,,,,一、聯絡電話:03-8903183。二、網址:https://oe.ndhu.edu.tw。三、本系以太陽光電、照明顯示與光電應用為教學研究主軸方向，在能源科技領域表現卓越。同時維持廣度，如光觸媒氫能、智能化能源系統、AI、矽基半導體元件的模擬與製作、生醫光電、軟物質光材料、有機光電、光學模擬與應用皆有觸及。積極與國內外學術研究機構進行研究計畫和學術訪問，結合東臺灣貴儀中心、本校能源科技中心的設備，具備完整的光電領域相關研究平台，並開設企業實習課程供選修。對光電領域有興趣的同學，我們都誠摯的歡迎您加入本系。
03442,國立東華大學,理工學院大數據科學國際學士班,第二類學群,3,12,0,0,0,0,均標,0,0,0,0,在校學業成績全校排名百分比,學測數學A級分,學測英文級分,學測國文級分,數學學業成績總平均全校排名百分比,英語文學業成績總平均全校排名百分比,國語文學業成績總平均全校排名百分比,1、在校學業成績全校排名百分比 2、學測數學A級分 3、學測英文級分 4、學測國文級分 5、數學學業成績總平均全校排名百分比 6、英語文學業成績總平均全校排名百分比 7、國語文學業成績總平均全校排名百分比,,,,,,,一、聯絡電話：03-8903506。二、網址：https://ds.ndhu.edu.tw。三、本班特色：提供完善數學、統計與資訊全英教學課程，藉由專業課程的訓練培養學生從多元化的數據中分析萃取出有意義的資訊，運用於不同領域中。透過全英課程的訓練及跨學群(數學、統計與資工)的交流與合作，以創造教學與研究互相合作的可行性，讓學生成為具備良好英文能力的專業數據人才。
03443,國立東華大學,生化暨分子醫學科學系,第三類學群,8,2,0,0,0,後標,0,0,0,0,0,在校學業成績全校排名百分比,學測英文級分,學測數學A級分,學測自然級分,學測國文級分,生物學業成績總平均全校排名百分比,化學學業成績總平均全校排名百分比,1、在校學業成績全校排名百分比 2、學測英文級分 3、學測數學A級分 4、學測自然級分 5、學測國文級分 6、生物學業成績總平均全校排名百分比 7、化學學業成績總平均全校排名百分比,,,,,,,一、聯絡電話：03-8903632。二、網址：https://rc003.ndhu.edu.tw。三、本系以培育跨領域生物醫學和生化科技人才為目標，擁有相關領域世界頂尖大學博士學位的教師組成教學研究團隊。規劃生物醫學學程與生物化學學程；鼓勵學生雙主修及輔系，提供多元升學及就業管道。四、本系具備完善的軟硬體教學及研究設備；教師除致力於教學外，結合區域醫學中心臨床人員，積極指導學生或專職人員從事最先進的生物醫學基礎、應用型及轉譯醫學研究。研究主題包含奈米醫學、癌症、病毒、藥學、中草藥、植物基因轉殖。教師並執行多項國科會和產學計畫，成果豐碩，歡迎有志於生醫科學與生化科技的同學報考。
03444,國立東華大學,自然資源與環境學系,第三類學群,10,2,2,1,0,0,0,0,0,均標,0,在校學業成績全校排名百分比,學測自然級分,學測英文級分,化學學業成績總平均全校排名百分比,地球科學學業成績總平均全校排名百分比,地理學業成績總平均全校排名百分比,生物學業成績總平均全校排名百分比,1、在校學業成績全校排名百分比 2、學測自然級分 3、學測英文級分 4、化學學業成績總平均全校排名百分比 5、地球科學學業成績總平均全校排名百分比 6、地理學業成績總平均全校排名百分比 7、生物學業成績總平均全校排名百分比,,,,,,,一、聯絡電話：03-8903267。二、網址：https://rc038.ndhu.edu.tw。三、本系橫跨地球環境與生物資源學群，擁有生態、地科、環境教育、環境政策及碳中和等跨領域教師，教學經驗豐富，且研究設備齊全。除需修習基礎及核心課程外，學生可選讀生態與保育、環境管理與環境教育、地球科學及碳中和等專業學程，並將成為兼具科學與人文素養的永續發展專業人才。
03445,國立東華大學,體育與運動科學系,第七類學群,5,1,0,0,後標,0,0,0,0,0,0,在校學業成績全校排名百分比,術科考試體育(百分等級),體育學業成績總平均全校排名百分比,學測英文、數學B之級分總和,學測國文級分,學測數學B級分,英語文學業成績總平均全校排名百分比,1、在校學業成績全校排名百分比 2、術科考試體育(百分等級) 3、體育學業成績總平均全校排名百分比 4、學測英文、數學B之級分總和 5、學測國文級分 6、學測數學B級分 7、英語文學業成績總平均全校排名百分比,體育(百分等級):均標,,,,,,一、聯絡電話：03-8903936。二、網址：https://pe.ndhu.edu.tw。三、本系新生須通過甄選始具師資生資格，得免繳學分費修讀國民小學教育學程，並有中等教育學程可供選讀。四、本系重點為培養國中小體育教師、運動科學研究人才，目標使學生兼具學、術科之專業能力，歡迎對運動有興趣的同學加入本系。
03501,臺北市立大學,教育學系,第一類學群,13,12,3,9,均標,後標,0,後標,0,0,0,在校學業成績全校排名百分比,學測國文級分,學測數學B級分,學測英文級分,學測社會級分,國語文學業成績總平均全校排名百分比,數學學業成績總平均全校排名百分比,1、在校學業成績全校排名百分比 2、學測國文級分 3、學測數學B級分 4、學測英文級分 5、學測社會級分 6、國語文學業成績總平均全校排名百分比 7、數學學業成績總平均全校排名百分比,,,,,,,"1.本系為師資培育學系，以自費為主。本系歷史悠久師資優異，課程多元且學術活動豐富。強調在學期間到教育機關或文教事業參觀、見習與實習，提供國際交流及海外實習機會，理論與實務並重。本系積極輔導學生畢業後往學校任教、行政與文教單位任職或從事學術研究等發展。
2.有關教師資格取得及服務之權利義務，悉依師資培育法及其相關法令之規定辦理。
3.本系網址：https://edu.utaipei.edu.tw/。
4.連絡電話：02-23113040轉4313黃助教。"
03502,臺北市立大學,特殊教育學系,第一類學群,9,12,1,9,均標,均標,0,均標,0,0,0,在校學業成績全校排名百分比,學測國文級分,學測英文級分,學測數學B級分,國語文學業成績總平均全校排名百分比,英語文學業成績總平均全校排名百分比,數學學業成績總平均全校排名百分比,1、在校學業成績全校排名百分比 2、學測國文級分 3、學測英文級分 4、學測數學B級分 5、國語文學業成績總平均全校排名百分比 6、英語文學業成績總平均全校排名百分比 7、數學學業成績總平均全校排名百分比,,,,,,,"1.本學系為師資培育學系，以培育特殊教育師資及特教相關專業人才為宗旨，採自費為主。課程兼重身心障礙與資賦優異教育之理論與實務。學生畢業後除可至學校任教外，另可任職特教行政部門和身心障礙療育機構，亦可報考特教相關研究所進修深造與參加公職考試。
2.有關教師資格取得及服務之權利義務，悉依師資培育法及其相關法令之規定辦理。
3.本學系網址：https://spec.utaipei.edu.tw/。
4.聯絡電話：02-23113040轉4113郭助教。"
03503,臺北市立大學,幼兒教育學系,第一類學群,18,12,2,9,均標,均標,0,0,均標,0,0,在校學業成績全校排名百分比,學測英文級分,學測國文級分,學測社會級分,學測國文、英文、社會之級分總和,英語文學業成績總平均全校排名百分比,國語文學業成績總平均全校排名百分比,1、在校學業成績全校排名百分比 2、學測英文級分 3、學測國文級分 4、學測社會級分 5、學測國文、英文、社會之級分總和 6、英語文學業成績總平均全校排名百分比 7、國語文學業成績總平均全校排名百分比,,,,,,,"1.本系為全師培學系，課程多元，完整的實習系統、豐富的國際交流活動為一大特色。 師資生有機會經甄選成為公費生。畢業生除任教幼兒園、可往兒童媒體、社福、文教、學術及公職等領域發展。
2.本系擬招收對幼兒教育有熱忱、並具備觀察、溝通表達、社會參與能力，能與他人合作，並有創意之學生。
3.本系網址: https://kid.utaipei.edu.tw/ 。
4.聯絡電話: 02-23113040分機4213王助教；email: kid@utaipei.edu.tw"
03504,臺北市立大學,心理與諮商學系,第一類學群,16,12,2,9,均標,均標,0,均標,均標,0,0,在校學業成績全校排名百分比,學測國文、英文、數學B、社會之級分總和,學測英文級分,學測國文級分,學測數學B級分,學測社會級分,英語文學業成績總平均全校排名百分比,1、在校學業成績全校排名百分比 2、學測國文、英文、數學B、社會之級分總和 3、學測英文級分 4、學測國文級分 5、學測數學B級分 6、學測社會級分 7、英語文學業成績總平均全校排名百分比,,,,,,,"1.本系非師資培育學系。教育內容包括心理學基礎、教育心理、諮商與輔導等專業課程，畢業後可至相關教育單位、輔導機構、工商企業人資單位服務，也可以報考觀護人、監獄官等司法特考，或繼續進修成為心理師以及專業學術領域研究，從事與人際互動有密切關聯性之各項職業。
2.歡迎對周遭人、事、物具關懷熱誠，且態度真誠、積極主動學習的您加入本系。
3.本系網址：https://counsel.utaipei.edu.tw/
4.聯絡電話：02-23113040轉8383張助教／e-mail：counsel@utaipei.edu.tw"
03505,臺北市立大學,學習與媒材設計學系,第一類學群,8,12,0,0,均標,均標,0,均標,均標,0,0,在校學業成績全校排名百分比,學測國文級分,學測英文級分,學測社會級分,學測數學B級分,國語文學業成績總平均全校排名百分比,英語文學業成績總平均全校排名百分比,1、在校學業成績全校排名百分比 2、學測國文級分 3、學測英文級分 4、學測社會級分 5、學測數學B級分 6、國語文學業成績總平均全校排名百分比 7、英語文學業成績總平均全校排名百分比,,,,,,,"1.本系屬教育學院非師培學系，提供「教育知能」、「數位內容科技」、「藝術設計」三類課程，培育具教育知能和媒材設計能力之跨域創意人才。畢業生任職於文創、出版、數位行銷、教育訓練及推廣、學校等相關產業機構，表現受高度肯定。本系學生若有意願修習小教、幼教、特教等教育學程，多能通過教甄擔任老師；繼續深造者可報考教育、數位科技、設計等相關研究所。
2.歡迎登入本系網頁(https://lmd.utaipei.edu.tw/)了解更多有關學習、實習、產學、師生活動等精彩成果：亦可洽詢范助教：02-23113040轉8422-8423。"
03506,臺北市立大學,中國語文學系,第一類學群,11,12,6,9,均標,底標,0,0,均標,0,0,在校學業成績全校排名百分比,學測國文級分,國語文學業成績總平均全校排名百分比,學測社會級分,歷史學業成績總平均全校排名百分比,學測國文、英文之級分總和,學測英文級分,1、在校學業成績全校排名百分比 2、學測國文級分 3、國語文學業成績總平均全校排名百分比 4、學測社會級分 5、歷史學業成績總平均全校排名百分比 6、學測國文、英文之級分總和 7、學測英文級分,,,,,,,"1.本系為師資培育與非師資培育並行學系。本系具備一般大學中文系應有之課程，同時兼具寫作實務、兒童文學創作等應用語文之課程。適合對中國文學、語文教學、語文應用有興趣者就讀。
2.本系網址：https://literacy.utaipei.edu.tw/
3.聯絡電話：02-23113040轉4413黃助教。"
03507,臺北市立大學,英語教學系,第一類學群,6,12,2,9,0,均標,0,0,0,0,0,在校學業成績全校排名百分比,學測英文級分,學測國文級分,學測國文、英文之級分總和,英語文學業成績總平均全校排名百分比,國語文學業成績總平均全校排名百分比,數學學業成績總平均全校排名百分比,1、在校學業成績全校排名百分比 2、學測英文級分 3、學測國文級分 4、學測國文、英文之級分總和 5、英語文學業成績總平均全校排名百分比 6、國語文學業成績總平均全校排名百分比 7、數學學業成績總平均全校排名百分比,,,,,,,1.本系為培育國小英語教師之全師資培育學系，師資生有機會甄選成為公費生。課程多元豐富，包含英語基礎能力、英語教學、語言學、文學、應用英文、翻譯等，並提供「英語商務學分學程」。語言技能課程多由外籍教師授課。本系課程理論與實務並重，實習制度完整，且提供學生出國當交換生、參訪及實習的機會。畢業生除了成為國小英語教師之外，亦可往公職、國貿、航空業、翻譯、英語導覽、出版業及文教事業發展。2.有關教師資格之取得及服務之權利義務，悉依師資培育法及其相關法令之規定辦理。3.本系網址： https://english.utaipei.edu.tw。4.聯絡電話：02-23113040轉4612許助教。
03508,臺北市立大學,公共事務學系,第一類學群,7,12,2,9,均標,均標,0,0,均標,0,0,在校學業成績全校排名百分比,公民與社會學業成績總平均全校排名百分比,國語文學業成績總平均全校排名百分比,英語文學業成績總平均全校排名百分比,學測社會級分,學測國文級分,學測英文級分,1、在校學業成績全校排名百分比 2、公民與社會學業成績總平均全校排名百分比 3、國語文學業成績總平均全校排名百分比 4、英語文學業成績總平均全校排名百分比 5、學測社會級分 6、學測國文級分 7、學測英文級分,,,,,,,"1.本系為非師資培育學系，以培養公共事務管理人才為主，並輔以法律專長、相關政府機關、公營事業機構及非營利機構應試就業之增能課程。
2.本系網址：https://public.utaipei.edu.tw/。
3.聯絡電話：02-23113040轉4552系辦公室。"
03509,臺北市立大學,歷史與地理學系,第一類學群,20,12,3,9,均標,均標,0,0,均標,0,0,在校學業成績全校排名百分比,學測國文、英文、社會之級分總和,學測國文級分,學測英文級分,學測社會級分,國語文學業成績總平均全校排名百分比,英語文學業成績總平均全校排名百分比,1、在校學業成績全校排名百分比 2、學測國文、英文、社會之級分總和 3、學測國文級分 4、學測英文級分 5、學測社會級分 6、國語文學業成績總平均全校排名百分比 7、英語文學業成績總平均全校排名百分比,,,,,,,"1.本系為師資培育與非師資培育並行學系。學生畢業後除可當小學教師外，另可從事文史工作、觀光導遊解說、地理資源規劃、任職政府機構或出國進修。
2.本系網址：https://social.utaipei.edu.tw/
3.聯絡電話：02-23113040轉4512。"
03510,臺北市立大學,城市發展學系,第一類學群,9,12,0,0,0,0,0,0,均標,0,0,在校學業成績全校排名百分比,學測國文級分,學測英文級分,學測社會級分,國語文學業成績總平均全校排名百分比,英語文學業成績總平均全校排名百分比,地理學業成績總平均全校排名百分比,1、在校學業成績全校排名百分比 2、學測國文級分 3、學測英文級分 4、學測社會級分 5、國語文學業成績總平均全校排名百分比 6、英語文學業成績總平均全校排名百分比 7、地理學業成績總平均全校排名百分比,,,,,,,"1.本系於103學年度成立，旨在結合都市規劃及都市治理學門，配合臺北市政府城市發展政策，培育都市規劃和
公共事務管理人才。位於天母校區，為非師資培育學系。
2.本系網址：https://dud.utaipei.edu.tw/
3.聯絡電話：02-28718288轉3111系所辦公室"
03511,臺北市立大學,行銷與管理學系,第一類學群,9,12,0,0,均標,均標,0,均標,0,0,0,在校學業成績全校排名百分比,學測英文級分,學測數學B級分,學測國文級分,英語文學業成績總平均全校排名百分比,數學學業成績總平均全校排名百分比,國語文學業成績總平均全校排名百分比,1、在校學業成績全校排名百分比 2、學測英文級分 3、學測數學B級分 4、學測國文級分 5、英語文學業成績總平均全校排名百分比 6、數學學業成績總平均全校排名百分比 7、國語文學業成績總平均全校排名百分比,,,,,,,"1.本系為非師資培育學系，位於天母校區。為培育具備數位科技應用能力、數位轉型思維與跨領域行銷數據分析的專業人才，在課程規劃納入目前學術與產業發展的重要議題，如：行銷分析、數據分析、社群行銷、智慧行銷與地方創生，以培養學生基本知識及分析能力，並滿足人力規劃政策與產業發展需求。
2.本系網址：https://dmm.utaipei.edu.tw/。
3.聯絡電話：02-28718288轉3107系辦。"
03512,臺北市立大學,視覺藝術學系,第一類學群,8,12,1,9,均標,0,0,0,0,0,0,在校學業成績全校排名百分比,學測英文級分,學測國文級分,學測社會級分,學測國文、英文之級分總和,英語文學業成績總平均全校排名百分比,國語文學業成績總平均全校排名百分比,1、在校學業成績全校排名百分比 2、學測英文級分 3、學測國文級分 4、學測社會級分 5、學測國文、英文之級分總和 6、英語文學業成績總平均全校排名百分比 7、國語文學業成績總平均全校排名百分比,,,,,,,"1.本系為師資培育與非師資培育並行學系。
2.適合對視覺藝術創作有高度熱忱之學生。
3.本系網址：https://art.utaipei.edu.tw/。
4.聯絡電話：02-23113040轉6112-6113。
5.e-mail：art@utaipei.edu.tw。"
03513,臺北市立大學,地球環境暨生物資源學系,第二類學群,8,7,2,7,0,0,0,0,0,均標,0,在校學業成績全校排名百分比,學測自然級分,生物學業成績總平均全校排名百分比,地球科學學業成績總平均全校排名百分比,學測英文級分,學測數學A級分,學測國文級分,1、在校學業成績全校排名百分比 2、學測自然級分 3、生物學業成績總平均全校排名百分比 4、地球科學學業成績總平均全校排名百分比 5、學測英文級分 6、學測數學A級分 7、學測國文級分,,,,,,,"1.本學系為師資培育與非師資培育並行學系，並可加註自然專長。
2.本系整合地球科學與生命科學領域為基礎，以環境教育與全球變遷議題發展為特色。課程兼具基礎理論與實務應用，可依興趣選修實務、升學及師培課程。
3.本系網址：https://envir.utaipei.edu.tw/。
4.聯絡電話：02-23113040轉3153 楊助教。"
03514,臺北市立大學,應用物理暨化學系電子物理組,第二類學群,3,7,2,7,0,均標,均標,0,0,均標,0,在校學業成績全校排名百分比,學測自然級分,學測英文級分,學測數學A級分,物理學業成績總平均全校排名百分比,化學學業成績總平均全校排名百分比,數學學業成績總平均全校排名百分比,1、在校學業成績全校排名百分比 2、學測自然級分 3、學測英文級分 4、學測數學A級分 5、物理學業成績總平均全校排名百分比 6、化學學業成績總平均全校排名百分比 7、數學學業成績總平均全校排名百分比,,,,,,,"1.本系非師資培育學系
2.本系網址:https://apc.utaipei.edu.tw/
3.連絡電話:02-23113040轉3112 賴助教"
03515,臺北市立大學,應用物理暨化學系應用化學組,第二類學群,3,7,2,7,0,均標,均標,0,0,均標,0,在校學業成績全校排名百分比,學測自然級分,學測英文級分,學測數學A級分,化學學業成績總平均全校排名百分比,物理學業成績總平均全校排名百分比,數學學業成績總平均全校排名百分比,1、在校學業成績全校排名百分比 2、學測自然級分 3、學測英文級分 4、學測數學A級分 5、化學學業成績總平均全校排名百分比 6、物理學業成績總平均全校排名百分比 7、數學學業成績總平均全校排名百分比,,,,,,,"1.本系非師資培育學系
2.本系網址:https://apc.utaipei.edu.tw/
3.連絡電話:02-23113040轉3112 賴助教"
03516,臺北市立大學,數據科學與數學系,第二類學群,7,7,5,7,0,0,均標,0,0,均標,0,在校學業成績全校排名百分比,學測數學A級分,學測自然級分,學測英文級分,數學學業成績總平均全校排名百分比,物理學業成績總平均全校排名百分比,英語文學業成績總平均全校排名百分比,1、在校學業成績全校排名百分比 2、學測數學A級分 3、學測自然級分 4、學測英文級分 5、數學學業成績總平均全校排名百分比 6、物理學業成績總平均全校排名百分比 7、英語文學業成績總平均全校排名百分比,,,,,,,1.本系以數學為根基，設置數據科學、數學與科學計算、數學教育等三個領域分流培育，學生可專一學習，亦可以培養多元專長。承認外系或外校自由選修15學分，鼓勵學生跨領域學習。辦理多項與課程相關的學藝活動，強化學生溝通表達、團隊合作及資訊應用的能力與素養。開放空間與儀器設備供學生學習使用。重視學生生活與生涯輔導。2.本系為師資培育與非師資培育並行學系。學科能力測驗國文達均標者，得於大一上學期規定期限內申請師資生資格，經甄選後擇優錄取成為本系師資生。3.本系網址：https://math.utaipei.edu.tw。4.聯絡電話：02-23113040轉1913劉助教。
03517,臺北市立大學,資訊科學系,第二類學群,7,7,1,7,均標,均標,均標,0,0,0,0,在校學業成績全校排名百分比,學測數學A級分,學測英文級分,學測國文級分,數學學業成績總平均全校排名百分比,英語文學業成績總平均全校排名百分比,國語文學業成績總平均全校排名百分比,1、在校學業成績全校排名百分比 2、學測數學A級分 3、學測英文級分 4、學測國文級分 5、數學學業成績總平均全校排名百分比 6、英語文學業成績總平均全校排名百分比 7、國語文學業成績總平均全校排名百分比,,,,,,,"本系重視學生資訊專業能力與多元發展，課程包括目前最熱門的人工智慧(AI)、資訊安全等相關課程(Information Security)，提升學生專業技能。合於規定，可提早一學年或一學期畢業。培養多元專長，承認外系或外校自由選修15學分，鼓勵學生跨領域學習。同時有許多國際交流、移地教學、雙聯學制、企業實習等機會。提供學生不同選擇，為未來奠下良好基礎。提供預先俢讀碩士班課程的機會，五年一貫課程，最快1年即可取得碩士學位。
1.本系網址：https://cs.utaipei.edu.tw/
2.聯絡電話：02-23113040轉8362劉助教"
03518,臺北市立大學,休閒運動管理學系,第二類學群,6,7,2,7,後標,0,0,0,後標,0,0,在校學業成績全校排名百分比,學測國文、社會之級分總和,學測社會級分,學測國文級分,公民與社會學業成績總平均全校排名百分比,國語文學業成績總平均全校排名百分比,學測英文級分,1、在校學業成績全校排名百分比 2、學測國文、社會之級分總和 3、學測社會級分 4、學測國文級分 5、公民與社會學業成績總平均全校排名百分比 6、國語文學業成績總平均全校排名百分比 7、學測英文級分,,,,,,,"1.本系擁有優秀的師資及學習環境，培養休閒運動指導、經營管理、研究與規劃等人才，並與產業界結合，取得各項證照；多元的升學、國家考試及就業管道，也提供學生可考修教育學程。
2.本系網址：https://irsm.utaipei.edu.tw/。
3.聯絡電話：02-28718288轉6802李助教。"
03519,臺北市立大學,運動健康科學系,第二類學群,13,7,2,7,0,後標,0,0,0,0,0,在校學業成績全校排名百分比,學測國文、英文、自然之級分總和,學測英文級分,學測自然級分,學測國文級分,生物學業成績總平均全校排名百分比,英語文學業成績總平均全校排名百分比,1、在校學業成績全校排名百分比 2、學測國文、英文、自然之級分總和 3、學測英文級分 4、學測自然級分 5、學測國文級分 6、生物學業成績總平均全校排名百分比 7、英語文學業成績總平均全校排名百分比,,,,,,,"1.本系可依個人性向與能力，選擇適合課程或通過教程甄試修習教育學程，亦可考取運動健身指導、運動傷害防
護，及運動健康科學等相關領域專業證照，畢業後可順利銜接研究所或就業。
2.本系網址：https://ehs.utaipei.edu.tw/。
3.聯絡電話：02-28718288轉6402許助教。"
03520,臺北市立大學,衛生福利學系,第三類學群,6,1,1,1,0,均標,均標,0,0,0,0,在校學業成績全校排名百分比,學測英文級分,學測數學A級分,國語文學業成績總平均全校排名百分比,數學學業成績總平均全校排名百分比,生物學業成績總平均全校排名百分比,公民與社會學業成績總平均全校排名百分比,1、在校學業成績全校排名百分比 2、學測英文級分 3、學測數學A級分 4、國語文學業成績總平均全校排名百分比 5、數學學業成績總平均全校排名百分比 6、生物學業成績總平均全校排名百分比 7、公民與社會學業成績總平均全校排名百分比,,,,,,,"1、本系於103年度成立，為非師資培育學系，位於天母校區。
2、本系基於少子化、人口老化，並以建立衛生醫療與社會福利合而為一為設系宗旨，培育公共衛生、老年長期照護及社會福利三個領域之人才。
3、本系網址: https://dhw.utaipei.edu.tw/
4、聯絡電話:02-2871-8288分機3104洪助教。"
03601,國立屏東大學,教育學系,第一類學群,25,9,4,9,均標,均標,0,0,0,0,0,在校學業成績全校排名百分比,學測英文級分,學測國文級分,英語文學業成績總平均全校排名百分比,國語文學業成績總平均全校排名百分比,數學學業成績總平均全校排名百分比,生活科技學業成績總平均全校排名百分比,1、在校學業成績全校排名百分比 2、學測英文級分 3、學測國文級分 4、英語文學業成績總平均全校排名百分比 5、國語文學業成績總平均全校排名百分比 6、數學學業成績總平均全校排名百分比 7、生活科技學業成績總平均全校排名百分比,,,,,,,"1.本學系為師資培育學系，培育學生具備：(1)教育專業知能；(2)創新課程與教學；(3)教育研究及企劃；(4)文教與學校行政知能；(5)多元文化與國際視野；(6)社會參與等核心能力。
2.本學系除了仍堅守培養優良國小師資之教育目標外，亦培養優秀教育行政人才、具人文關懷與思考對話之文化人、分析教育現象與社會文化的教育工作者。
3.網址：https://edu.nptu.edu.tw/;電話:08-7663800轉31401"
03602,國立屏東大學,幼兒教育學系,第一類學群,28,9,5,9,均標,0,0,0,0,0,0,在校學業成績全校排名百分比,學測國文級分,學測英文級分,學測社會級分,國語文學業成績總平均全校排名百分比,公民與社會學業成績總平均全校排名百分比,生活科技學業成績總平均全校排名百分比,1、在校學業成績全校排名百分比 2、學測國文級分 3、學測英文級分 4、學測社會級分 5、國語文學業成績總平均全校排名百分比 6、公民與社會學業成績總平均全校排名百分比 7、生活科技學業成績總平均全校排名百分比,,,,,,,"1.本學系教育目標為：(1)培養幼兒教保理念與實務的專業素養(2)培養幼兒適性發展與輔導的專業素養(3)培養幼教行政與教師倫理的專業素養。專業素養：(1)了解教育發展的理念與實務(2)了解並尊重學習者的發展與學習需求(3)規劃適切的課程、教學及多元評量(4)建立正向學習環境並適性輔導(5)認同並實踐教師專業倫理
2.本學系為師資培育學系，以培育優秀專業的教保員和幼兒園教師為主，幼教相關產業人才為輔。畢業後取得教保員資格及幼兒園職前教師檢定考試資格。本學系網址:https://ec.nptu.edu.tw/index.php；連絡電話︰08-7663800轉31501"
03603,國立屏東大學,特殊教育學系,第一類學群,6,9,2,9,後標,0,0,0,0,0,0,在校學業成績全校排名百分比,學測國文級分,學測英文級分,學測國文、英文之級分總和,學測社會級分,國語文學業成績總平均全校排名百分比,英語文學業成績總平均全校排名百分比,1、在校學業成績全校排名百分比 2、學測國文級分 3、學測英文級分 4、學測國文、英文之級分總和 5、學測社會級分 6、國語文學業成績總平均全校排名百分比 7、英語文學業成績總平均全校排名百分比,,,,,,,"1.本學系可同時培養三種特教教師：學前特教教師、國小身心障礙教師及資賦優異教師。
2.欲擔任國小一般教師者，可另外參加師培中心甄選。
3.入學後有機會經過甄選成為公費師資生。
4.可申請長照2.0專業人員培訓，取得相關證照。
5.可申請加註輔助科技第二專長。
6.網址︰https://special.nptu.edu.tw；連絡電話︰08-7663800轉31701"
03604,國立屏東大學,教育心理與輔導學系,第一類學群,12,9,2,9,均標,均標,0,0,0,0,0,在校學業成績全校排名百分比,學測國文、英文、數學B、社會之級分總和,學測國文級分,學測英文級分,學測數學B級分,學測社會級分,數學學業成績總平均全校排名百分比,1、在校學業成績全校排名百分比 2、學測國文、英文、數學B、社會之級分總和 3、學測國文級分 4、學測英文級分 5、學測數學B級分 6、學測社會級分 7、數學學業成績總平均全校排名百分比,,,,,,,"1.本學系為非師資培育學系，欲成為師資培育生者於入學後，可參加本校師培生遴選，修習教育學程。
2.本學系目標在培育具備心理與諮商專業知能、社會參與及實踐、自主學習、問題解決及溝通等能力，且理論與實務兼備，從事發展與學習、學校輔導及社區諮商等相關工作之專業人才。本學系重視社會服務，培養具人文關懷及自我覺察的助人工作者。歡迎對助人工作有熱忱的同學加入。
3.網址：https://epc.nptu.edu.tw；聯絡電話：08-7663800轉31301"
03605,國立屏東大學,中國語文學系,第一類學群,14,9,2,9,均標,0,0,0,0,0,0,在校學業成績全校排名百分比,學測國文級分,學測社會級分,學測英文級分,國語文學業成績總平均全校排名百分比,公民與社會學業成績總平均全校排名百分比,英語文學業成績總平均全校排名百分比,1、在校學業成績全校排名百分比 2、學測國文級分 3、學測社會級分 4、學測英文級分 5、國語文學業成績總平均全校排名百分比 6、公民與社會學業成績總平均全校排名百分比 7、英語文學業成績總平均全校排名百分比,,,,,,,"1.本學系教學除授以傳統經史子集課程外，另有現代文學、語文應用課程，藉由完整的語文教育，培育學生多元發展能力。
2.本學系所致力發展「全球在地化」特色，除推動「在地化」的屏東文學研究與深耕外，更拓展「全球化」的國際合作與學術交流。課程教學兼顧跨界中文應用、華語教學、田野調查、海外交流等方向。
3.本學系為非師培學系，但有意願從事教學工作者可參加本校師資培育教育學程甄試。
4.網址:https://cll.nptu.edu.tw；連絡電話:08-7663800轉35201"
03606,國立屏東大學,文化創意產業學系,第一類學群,11,9,2,9,均標,後標,0,0,均標,0,0,在校學業成績全校排名百分比,學測國文級分,學測社會級分,學測英文級分,國語文學業成績總平均全校排名百分比,英語文學業成績總平均全校排名百分比,學測國文、社會之級分總和,1、在校學業成績全校排名百分比 2、學測國文級分 3、學測社會級分 4、學測英文級分 5、國語文學業成績總平均全校排名百分比 6、英語文學業成績總平均全校排名百分比 7、學測國文、社會之級分總和,,,,,,,"1、本學系重視整合能力的培養，具有多元跨領域的師資群，提供文化創意產業的博學基礎與競爭實力訓練。
2、本學系課程除重視基礎理論外，亦重視在文化創意產業的實務經驗，於教學中完成與社會接軌的準備。
3、本學系網址：https://cci.nptu.edu.tw"
03607,國立屏東大學,社會發展學系,第一類學群,14,9,2,9,0,0,0,0,均標,0,0,在校學業成績全校排名百分比,學測社會級分,學測國文、英文、社會之級分總和,公民與社會學業成績總平均全校排名百分比,學測國文級分,學測英文級分,國語文學業成績總平均全校排名百分比,1、在校學業成績全校排名百分比 2、學測社會級分 3、學測國文、英文、社會之級分總和 4、公民與社會學業成績總平均全校排名百分比 5、學測國文級分 6、學測英文級分 7、國語文學業成績總平均全校排名百分比,,,,,,,"本學系以跨領域的社會科學知識為基礎，透過多元化課程設計，將課堂與社會場域結合，讓理論與實務交互對話，建立「問題解決導向」的思維；藉由專業的調查研究方法，強化同學理解與分析社會現象之能力。
本學系之實務培力面包括：社會調查師專業證照、社會政策擬定與修訂、社會現象報導與紀錄、人際溝通與組織經營領導、團體領導經營與企劃執行等專業能力。近年畢業生出路包括：公務員、教師、民間企業之研究企劃/ 業務/人事/總務部門、公營事業、政治部門、媒體業、公益組織專職人員與碩士班深造等。本學系網址：https://social.nptu.edu.tw；連絡電話：08-7663800轉35301"
03608,國立屏東大學,英語學系,第一類學群,11,9,1,9,0,均標,0,0,0,0,0,在校學業成績全校排名百分比,學測英文級分,英語文學業成績總平均全校排名百分比,學測國文級分,國語文學業成績總平均全校排名百分比,學測社會級分,歷史學業成績總平均全校排名百分比,1、在校學業成績全校排名百分比 2、學測英文級分 3、英語文學業成績總平均全校排名百分比 4、學測國文級分 5、國語文學業成績總平均全校排名百分比 6、學測社會級分 7、歷史學業成績總平均全校排名百分比,,,,,,,"1.本學系重視英語聽說讀寫能力之均衡提升，陶冶文化素養，提供英語教學及各類實用英語課程，培養學生多元知能及實務應用能力。
2.本學系為非師資培育學系，學生仍可參加甄選修習國小教育學程，歷屆畢業生考取專任英語教職成績亮眼。
3.本學系學生畢業前須通過全民英檢中高級或同等級之國際標準化測驗。
4.學系網址：https://english.nptu.edu.tw；連絡電話：08-7663800轉35401"
03609,國立屏東大學,應用英語學系,第一類學群,1,9,2,9,0,均標,0,0,0,0,0,在校學業成績全校排名百分比,學測英文級分,英語文學業成績總平均全校排名百分比,學測國文級分,國語文學業成績總平均全校排名百分比,學測社會級分,公民與社會學業成績總平均全校排名百分比,1、在校學業成績全校排名百分比 2、學測英文級分 3、英語文學業成績總平均全校排名百分比 4、學測國文級分 5、國語文學業成績總平均全校排名百分比 6、學測社會級分 7、公民與社會學業成績總平均全校排名百分比,,,,,,,本學系課程發展特色：1.融合文化活動與語言訓練之課程教學。2.鼓勵學生踴躍參與英語文相關校內外競賽3.積極推動學生赴校外公民營機構實習。4.獎勵學生考取英語文相關檢定證照。5.推動學術交流及企業參訪，提升實務能力。6.提供國外姐妹交換學生機會、開拓國際視野。7.本學系學生畢業前須通過本校及本系所訂定之畢業門檻規定，始得畢業。詳情請見本學系網頁。(網址：https://dae.nptu.edu.tw)；連絡電話:08-7663800轉35101
03610,國立屏東大學,應用日語學系,第一類學群,2,9,2,9,均標,0,0,0,0,0,0,在校學業成績全校排名百分比,學測英文級分,學測國文級分,學測社會級分,英語文學業成績總平均全校排名百分比,國語文學業成績總平均全校排名百分比,公民與社會學業成績總平均全校排名百分比,1、在校學業成績全校排名百分比 2、學測英文級分 3、學測國文級分 4、學測社會級分 5、英語文學業成績總平均全校排名百分比 6、國語文學業成績總平均全校排名百分比 7、公民與社會學業成績總平均全校排名百分比,,,,,,,"1.在學中經甄選可赴日本交換留學或實習。
2.本學系學生須通過本校及本學系所訂定之畢業門檻規定，始得畢業。
3.詳情請見本學系網頁(網址:https://daj.nptu.edu.tw/)；連絡電話:08-7663800轉35901。"
03611,國立屏東大學,視覺藝術學系數位媒體設計組,第一類學群,7,9,1,9,均標,0,0,0,0,0,0,在校學業成績全校排名百分比,學測國文級分,國語文學業成績總平均全校排名百分比,學測英文級分,學測社會級分,英語文學業成績總平均全校排名百分比,公民與社會學業成績總平均全校排名百分比,1、在校學業成績全校排名百分比 2、學測國文級分 3、國語文學業成績總平均全校排名百分比 4、學測英文級分 5、學測社會級分 6、英語文學業成績總平均全校排名百分比 7、公民與社會學業成績總平均全校排名百分比,,,,,,,"1.本組主要發展方向為3D動畫設計與遊戲設計之ACG領域為主。
2.畢業生就業以3D動畫、數位遊戲為目標領域。
3.本組大四提供全年知名企業校外產學實習機會,落實畢業即就(創)業理念。
4.本學系採教學分組,學位證書不予登載分組名稱。
5.本學系網址:https://vart.nptu.edu.tw:連絡電話:08-7663800轉35501"
03612,國立屏東大學,商業大數據學系,第一類學群,10,9,2,9,0,後標,0,0,0,0,0,在校學業成績全校排名百分比,學測英文級分,學測數學B級分,學測國文、英文、數學B、社會之級分總和,英語文學業成績總平均全校排名百分比,數學學業成績總平均全校排名百分比,國語文學業成績總平均全校排名百分比,1、在校學業成績全校排名百分比 2、學測英文級分 3、學測數學B級分 4、學測國文、英文、數學B、社會之級分總和 5、英語文學業成績總平均全校排名百分比 6、數學學業成績總平均全校排名百分比 7、國語文學業成績總平均全校排名百分比,,,,,,,"1.本學系培養數位科技應用能力專業人才，強調大數據分析在商業管理與數位轉型中的實務運用。
2.課程規劃強調實作與理論結合，課程輔導證照、業界專家共時授課、碩士預修制度，鼓勵學生參與國際交換、產學合作及校外實習。
3.就業範疇包括大數據分析師、市場調查分析師、智慧商業顧問、資料科學家以及數位行銷專員等。
4.本學系網址:https://data.nptu.edu.tw；連絡電話:08-7663800轉32101"
03613,國立屏東大學,行銷與流通管理學系,第一類學群,2,9,0,0,0,底標,0,0,0,0,0,在校學業成績全校排名百分比,學測英文級分,學測數學B級分,學測英文、數學B之級分總和,英語文學業成績總平均全校排名百分比,數學學業成績總平均全校排名百分比,國語文學業成績總平均全校排名百分比,1、在校學業成績全校排名百分比 2、學測英文級分 3、學測數學B級分 4、學測英文、數學B之級分總和 5、英語文學業成績總平均全校排名百分比 6、數學學業成績總平均全校排名百分比 7、國語文學業成績總平均全校排名百分比,,,,,,,"本學系發展特色：
1.規劃行銷與流通模組課程，並提供大數據精準行銷及智慧商務人才培育計畫，符合企業所需之人才。2.獎勵取得專業證照，增加就業競爭優勢。3.本學系提供大四學生於知名廠商校外實習的機會，達到畢業即就業之目標。4.鼓勵學生參與研究與產學計畫，增強專業知識及升學能力。5.實施企業深度參訪，讓理論與實務並進。
6.本學系網址︰https://mdm.nptu.edu.tw；連絡電話︰08-7663800轉32201"
03614,國立屏東大學,不動產經營學系,第一類學群,3,9,3,9,後標,0,0,0,後標,0,0,在校學業成績全校排名百分比,學測國文級分,學測社會級分,國語文學業成績總平均全校排名百分比,公民與社會學業成績總平均全校排名百分比,地理學業成績總平均全校排名百分比,歷史學業成績總平均全校排名百分比,1、在校學業成績全校排名百分比 2、學測國文級分 3、學測社會級分 4、國語文學業成績總平均全校排名百分比 5、公民與社會學業成績總平均全校排名百分比 6、地理學業成績總平均全校排名百分比 7、歷史學業成績總平均全校排名百分比,,,,,,,"1.師資結構、背景與專長均與授課課程契合，提供學生不動產知識培育。
2.與高屏地區業界、政府機關產學合作，並有完整不動產推廣教育。
3.積極輔導學生取得不動產估價師、地政士、不動產經紀人國家證照。
4.本學系學生需達到學校要求之門檻，始得畢業。
5.https://remw.nptu.edu.tw/；連絡電話︰08-7663800轉32401"
03615,國立屏東大學,企業管理學系,第一類學群,1,9,2,9,0,後標,0,0,0,0,0,在校學業成績全校排名百分比,學測英文級分,學測國文級分,學測數學B級分,學測社會級分,學測國文、英文、數學B、社會之級分總和,公民與社會學業成績總平均全校排名百分比,1、在校學業成績全校排名百分比 2、學測英文級分 3、學測國文級分 4、學測數學B級分 5、學測社會級分 6、學測國文、英文、數學B、社會之級分總和 7、公民與社會學業成績總平均全校排名百分比,,,,,,,"本學系教學目標在培養學生具備與產業實務接軌的經營管理能力，主要特色有以下四點：
1.規劃專業主修模組
2.強調實務個案教學
3.實施校外實習
4.推動證照輔導
5.本學系網址：https://www.mba.nptu.edu.tw；連絡電話：08-7663800#32501"
03616,國立屏東大學,國際經營與貿易學系,第一類學群,4,9,1,9,0,底標,0,0,0,0,0,在校學業成績全校排名百分比,學測英文級分,學測國文級分,學測數學B級分,學測社會級分,學測國文、英文、數學B、社會之級分總和,公民與社會學業成績總平均全校排名百分比,1、在校學業成績全校排名百分比 2、學測英文級分 3、學測國文級分 4、學測數學B級分 5、學測社會級分 6、學測國文、英文、數學B、社會之級分總和 7、公民與社會學業成績總平均全校排名百分比,,,,,,,"1.本學系的目標是培育國際貿易與國際行銷之專業人才。教學以就業和實務為導向，主要著重在培育學生具備應用專業知識與跨境商務溝通能力，同時具備企業倫理之涵養與全球化視野。
2.本學系網址：https://business.nptu.edu.tw；連絡電話：08-7663800轉32701"
03617,國立屏東大學,財務金融學系,第一類學群,2,9,1,9,0,後標,0,後標,0,0,0,在校學業成績全校排名百分比,學測數學B級分,學測英文級分,學測國文級分,英語文學業成績總平均全校排名百分比,數學學業成績總平均全校排名百分比,國語文學業成績總平均全校排名百分比,1、在校學業成績全校排名百分比 2、學測數學B級分 3、學測英文級分 4、學測國文級分 5、英語文學業成績總平均全校排名百分比 6、數學學業成績總平均全校排名百分比 7、國語文學業成績總平均全校排名百分比,,,,,,,本學系招收具有金融服務熱誠與發展金融專業潛力之學生。本學系教學目標係為金融服務業及中小企業培育具財務管理與投資決策分析、外語與資訊科技應用能力之財金專業人才。本學系有完整的產學合作機制，並且訂有證照與競賽獎勵辦法。除了校內外獎學金的申請外，本學系傑出系友捐贈本學系每年8萬元的獎助學金。為了強化畢業學生的就業能力，就讀本學系之學生須通過本學系所訂定之畢業門檻規定，始得畢業。(相關資訊請參閱：https://finance.nptu.edu.tw；連絡電話：08-7663800轉32801)
03618,國立屏東大學,資訊管理學系,第一類學群,3,9,2,9,0,0,0,後標,0,0,0,在校學業成績全校排名百分比,學測數學B級分,學測英文級分,數學學業成績總平均全校排名百分比,英語文學業成績總平均全校排名百分比,國語文學業成績總平均全校排名百分比,公民與社會學業成績總平均全校排名百分比,1、在校學業成績全校排名百分比 2、學測數學B級分 3、學測英文級分 4、數學學業成績總平均全校排名百分比 5、英語文學業成績總平均全校排名百分比 6、國語文學業成績總平均全校排名百分比 7、公民與社會學業成績總平均全校排名百分比,,,,,,,"1. 本學系課程規劃以培育資訊系統設計與開發能力之資訊管理人才為目標。2. 課程規劃以資訊管理相關課程為主，資訊技術相關課程為輔。3. 就業領域為資訊部門、電腦軟體、網路服務、多媒體製作及電子商務等。
4. 學生優秀表現，投入國科會大專生計畫、獲得第28屆大專校院資訊應用服務創新競賽教育開放資料組第一名、AI視覺辨識運算組第一名。5. 教師優秀表現，獲得全校產學績優教師、獲得IEET工程認證。
6. 本校雇主「在職場上的整體工作表現」滿意度高達 96.83%7. 114學年全校100名「國際探索營」到韓國、捷克與加拿大姐妹校交流一個月。8. 本學系網頁https://mis.nptu.edu.tw/連絡電話:08-7663800轉34501"
03619,國立屏東大學,應用化學系,第二類學群,7,5,3,4,0,0,底標,0,0,均標,0,在校學業成績全校排名百分比,學測自然級分,化學學業成績總平均全校排名百分比,學測英文級分,英語文學業成績總平均全校排名百分比,生物學業成績總平均全校排名百分比,學測數學A級分,1、在校學業成績全校排名百分比 2、學測自然級分 3、化學學業成績總平均全校排名百分比 4、學測英文級分 5、英語文學業成績總平均全校排名百分比 6、生物學業成績總平均全校排名百分比 7、學測數學A級分,,,,,,,1.本學系秉持永續發展產業人才培育品質提升的理念，藉由跨領域學習整合各相關領域專長，加強在地與國際連結，培育多元專業力與國際移動力。畢業後出路多元，就業市場有化學、材料、醫藥、生技、半導體、化學教育、基礎科學研發人員等。2.操作實驗為本學系重點學習課程，學生均需透過親自操作儀器奠定化學基礎專業知識與實驗技能，部分實驗須透過色彩判定實驗結果。化學實驗具有一定危險性，在危險狀態發生時，需有能力及時移動身軀遠離危險現場。3.本學系為非師培學系，學生可申請參加遴選修習教育學程。本學系網址：https://ac.nptu.edu.tw；連絡電話：08-7663800轉33201
03620,國立屏東大學,應用數學系,第二類學群,7,5,2,4,0,0,均標,0,0,0,0,在校學業成績全校排名百分比,學測數學A級分,數學學業成績總平均全校排名百分比,學測英文級分,學測自然級分,學測國文級分,英語文學業成績總平均全校排名百分比,1、在校學業成績全校排名百分比 2、學測數學A級分 3、數學學業成績總平均全校排名百分比 4、學測英文級分 5、學測自然級分 6、學測國文級分 7、英語文學業成績總平均全校排名百分比,,,,,,,"1.本學系以培育優秀的應用數學、計算數學、統計與精算人才為主，具體目標為培育基本數學與嚴謹推理的素養，能運用電腦協助解決數學問題，養成機率與統計的科學素養，與數學在精算與金融的應用能力。
2.本學系為非師資培育學系，學生通過遴選可修習教育學程。
3.本學系網址https://math.nptu.edu.tw/；連絡電話:08-7663800轉33301。"
03621,國立屏東大學,應用物理系半導體組,第二類學群,9,5,2,4,0,0,底標,0,0,底標,0,在校學業成績全校排名百分比,學測自然級分,學測數學A級分,物理學業成績總平均全校排名百分比,數學學業成績總平均全校排名百分比,化學學業成績總平均全校排名百分比,英語文學業成績總平均全校排名百分比,1、在校學業成績全校排名百分比 2、學測自然級分 3、學測數學A級分 4、物理學業成績總平均全校排名百分比 5、數學學業成績總平均全校排名百分比 6、化學學業成績總平均全校排名百分比 7、英語文學業成績總平均全校排名百分比,,,,,,,以物理學養為根基，配合專題實作的訓練，提供的優良教學與研究資源，培育學理與應用兼具的半導體產業人才。藉由學校高教與技職的資源，形成物理合流但出路多元的生涯發展培育模式，並有產業實習課程。系友理論素養與實務經驗兼具，在升學深造或科技產業就業都有好的發展。採教學分組學位證書不予登載組名。本學系網址：https://physics.nptu.edu.tw；連絡電話：08-7663800轉33701
03622,國立屏東大學,應用物理系光電暨材料組,第二類學群,9,5,1,4,0,0,底標,0,0,後標,0,在校學業成績全校排名百分比,學測自然級分,學測數學A級分,物理學業成績總平均全校排名百分比,數學學業成績總平均全校排名百分比,化學學業成績總平均全校排名百分比,英語文學業成績總平均全校排名百分比,1、在校學業成績全校排名百分比 2、學測自然級分 3、學測數學A級分 4、物理學業成績總平均全校排名百分比 5、數學學業成績總平均全校排名百分比 6、化學學業成績總平均全校排名百分比 7、英語文學業成績總平均全校排名百分比,,,,,,,藉由實作的訓練，教師與產業間的研究合作，提供學生參與產業實務的實地學習之機會，為學生建立物理與光電暨材料等新興產業的技術連結，並融合高教與技職的特色，提供出路多元的生涯發展培育模式。系友理論素養與實務經驗兼具，在升學深造或科技產業都有很好的發展。採教學分組學位證書不予登載組名。本學系網址：https://physics.nptu.edu.tw；連絡電話：08-7663800轉33701。
03623,國立屏東大學,科學傳播學系,第二類學群,5,5,2,4,底標,底標,0,0,0,底標,0,在校學業成績全校排名百分比,學測英文、自然之級分總和,學測自然級分,學測英文級分,學測國文級分,生物學業成績總平均全校排名百分比,物理學業成績總平均全校排名百分比,1、在校學業成績全校排名百分比 2、學測英文、自然之級分總和 3、學測自然級分 4、學測英文級分 5、學測國文級分 6、生物學業成績總平均全校排名百分比 7、物理學業成績總平均全校排名百分比,,,,,,,"1.本學系以科學為基礎，提供傳播溝通與教育推廣的課程與學習環境，培養學生具備科學知識轉譯與傳播、企劃執行之能力，並設立媒體寫作、科普活動企劃之專長學程及科學傳播專案管理人員認證，以培育學生具備跨領的科學素養，課程教學或傳播媒介產製能力，成為科學傳播人才為目標。
2.本學系為非師培學系，學生可申請參加本校師培生遴選修習教育學程。
3.本學系網址：https://dsc.nptu.edu.tw/；連絡電話：08-7663800轉33101~33102。"
03624,國立屏東大學,電腦科學與人工智慧學系,第二類學群,8,5,0,0,0,0,後標,0,0,0,0,在校學業成績全校排名百分比,學測數學A級分,數學學業成績總平均全校排名百分比,學測英文級分,英語文學業成績總平均全校排名百分比,學測英文、數學A之級分總和,學測自然級分,1、在校學業成績全校排名百分比 2、學測數學A級分 3、數學學業成績總平均全校排名百分比 4、學測英文級分 5、英語文學業成績總平均全校排名百分比 6、學測英文、數學A之級分總和 7、學測自然級分,,,,,,,"1.本學系以「智慧雲端系統開發與應用」為研發重點，整合系上教師在各個領域的專長，包括人工智慧、深度學
習、行動應用、多媒體應用、網路應用、數位學習、資訊安全、教育科技等，共同發展系上特色。
此外，藉由培訓學生行動應用程式的開發能力和數位遊戲程式的開發能力，使學生具備雲端應用開發的實作技能
。畢業後可從事高科技資訊相關產業工程師等職務。
2.本學系為非師資培育學系，入學後可以向本校師培中心提出申請參加遴選，通過後得以修習教育學程。
3.連絡電話：08-7663800轉34301；本學系網址：https://cs.nptu.edu.tw"
03625,國立屏東大學,智慧機器人學系,第二類學群,2,5,0,0,0,0,後標,0,0,0,0,在校學業成績全校排名百分比,學測數學A級分,學測自然級分,學測英文級分,數學學業成績總平均全校排名百分比,物理學業成績總平均全校排名百分比,英語文學業成績總平均全校排名百分比,1、在校學業成績全校排名百分比 2、學測數學A級分 3、學測自然級分 4、學測英文級分 5、數學學業成績總平均全校排名百分比 6、物理學業成績總平均全校排名百分比 7、英語文學業成績總平均全校排名百分比,,,,,,,"1.本學系以培養電腦與智慧型機器人之人才為目標，教學著重於理論與實務結合應用，並設置機器人相關實驗室供學生學習，使學生具備有控制、智慧型機器人設計與資訊能力，以因應未來自動化工程、資訊產業與智慧型機器人發展之需。
2.畢業生就業市場可從事智慧型機器人設計、機械設計、軟體設計與控制等產業之研發及應用相關工作。
3.本學系為非師培之學系，可提出申請參加遴選，修習教育學程。
4.電話:(08)7663800#33501，網址：https://intersci.nptu.edu.tw。"
03626,國立屏東大學,電腦與通訊學系,第二類學群,3,5,5,4,0,0,後標,0,0,0,0,在校學業成績全校排名百分比,學測數學A級分,學測英文級分,學測英文、數學A之級分總和,數學學業成績總平均全校排名百分比,英語文學業成績總平均全校排名百分比,學測自然級分,1、在校學業成績全校排名百分比 2、學測數學A級分 3、學測英文級分 4、學測英文、數學A之級分總和 5、數學學業成績總平均全校排名百分比 6、英語文學業成績總平均全校排名百分比 7、學測自然級分,,,,,,,"1.本學系發展與培育特色主要是以兩大核心群組課程為主，分別以無線通訊(含微波天線工程)系統以及多媒體與
網路通訊應用系統群組課程，讓學生可以其性向與生涯規劃選擇適合的專業職態。
2.就讀本學系，學生畢業前須達本學系證照門檻始得畢業，或是加修「專業證照檢定」或「校外實習」任一門課
程。
3.電話:(08)7663800*34101，網址:https://com.nptu.edu.tw/"
03627,國立屏東大學,資訊工程學系,第二類學群,5,5,2,4,0,0,後標,0,0,0,0,在校學業成績全校排名百分比,學測數學A級分,學測英文級分,學測英文、數學A之級分總和,數學學業成績總平均全校排名百分比,英語文學業成績總平均全校排名百分比,國語文學業成績總平均全校排名百分比,1、在校學業成績全校排名百分比 2、學測數學A級分 3、學測英文級分 4、學測英文、數學A之級分總和 5、數學學業成績總平均全校排名百分比 6、英語文學業成績總平均全校排名百分比 7、國語文學業成績總平均全校排名百分比,,,,,,,"1.本學系師資涵蓋人工智慧、量子計算、影像多媒體、虛擬實境、嵌入式系統、無線通訊網路、行動通訊、感測網路、軟體工程等高附加價值的資訊技術專業。以此為根基來培養優秀的資訊從業專才與研發人才。
2.就讀本學系之學生畢業前，應符合本學系規定之專業證照門檻始得畢業。
3.網址：https://csie.nptu.edu.tw；連絡電話︰08-7663800轉34201。"
03628,國立屏東大學,視覺藝術學系美術組,第五類學群,4,1,1,1,0,0,0,0,0,0,0,在校學業成績全校排名百分比,術科考試素描分數,術科考試彩繪技法分數,術科考試創意表現分數,學測國文級分,學測英文級分,美術學業成績總平均全校排名百分比,1、在校學業成績全校排名百分比 2、術科考試素描分數 3、術科考試彩繪技法分數 4、術科考試創意表現分數 5、學測國文級分 6、學測英文級分 7、美術學業成績總平均全校排名百分比,素描:均標；彩繪技法:--；創意表現:--；水墨書畫:--；美術鑑賞:--,,,,,,"1.本組培養學生美術創作能力為主,包含:油畫、水彩、水墨書與立體造形專業領域。
2.畢業生就業以藝術創作、藝術教育與藝術行政為主。
3.本組大四提供全年藝術創作知名企業校外實習機會,落實學用合一教育理念。
4.本學系採教學分組,學位證書不予登載分組名稱。
5.本學系網址:https://vart.nptu.edu.tw:連絡電話:08-7663800轉35501"
03801,國立臺東大學,全校不分系學士學位學程,第一類學群,4,9,1,7,底標,0,0,0,0,0,0,在校學業成績全校排名百分比,學測國文級分,學測英文級分,學測國文、英文之級分總和,國語文學業成績總平均全校排名百分比,英語文學業成績總平均全校排名百分比,公民與社會學業成績總平均全校排名百分比,1、在校學業成績全校排名百分比 2、學測國文級分 3、學測英文級分 4、學測國文、英文之級分總和 5、國語文學業成績總平均全校排名百分比 6、英語文學業成績總平均全校排名百分比 7、公民與社會學業成績總平均全校排名百分比,,,,,,,"1.本學程以「綠色國際大學」為基礎，融入「人文社會」素養，以及科學應用之「永續發展」與「綠色生產」兩大知識領域為主要發展目標，盼能透過多元化學習，培養跨領域人才，強化學子適才適性發展。四年制的全校不分系，讓學生突破傳統修課規則，跨系、院規劃自己的選課藍圖，透過專長註記，掌握自我的主修與選修，能夠「學習不受限，夢想大無限」！
2.本學程網址：https://ipbd.nttu.edu.tw/；連絡電話：089-517898。"
03802,國立臺東大學,教育學系,第一類學群,8,9,0,0,後標,0,0,0,0,0,0,在校學業成績全校排名百分比,學測國文級分,國語文學業成績總平均全校排名百分比,數學學業成績總平均全校排名百分比,公民與社會學業成績總平均全校排名百分比,歷史學業成績總平均全校排名百分比,學測社會級分,1、在校學業成績全校排名百分比 2、學測國文級分 3、國語文學業成績總平均全校排名百分比 4、數學學業成績總平均全校排名百分比 5、公民與社會學業成績總平均全校排名百分比 6、歷史學業成績總平均全校排名百分比 7、學測社會級分,,,,,,,"1.115學年度師資生至多34名，修習一年級課程後辦理甄選擇優錄取。未取得資格者可報考本校各師資類科教育學程。
2.經甄選為師資生者，教師資格取得權利義務依師資培育相關法令辦理。
3.設有碩士班先修制度，最快5年取得學、碩士學位，相關規定依本校碩士學位課程先修辦法辦理。
4.本系網址:https://wedu.nttu.edu.tw/。
5.連絡電話:(089)517551、(089)517552。"
03803,國立臺東大學,幼兒教育學系,第一類學群,6,9,2,7,均標,0,0,0,0,0,0,在校學業成績全校排名百分比,學測國文、英文之級分總和,學測國文級分,學測英文級分,英語文學業成績總平均全校排名百分比,國語文學業成績總平均全校排名百分比,學測社會級分,1、在校學業成績全校排名百分比 2、學測國文、英文之級分總和 3、學測國文級分 4、學測英文級分 5、英語文學業成績總平均全校排名百分比 6、國語文學業成績總平均全校排名百分比 7、學測社會級分,,,,,,,"1.本系為師資培育學系，培養學生具多元文化素養與幼兒教育專業知能；以外加名額身分入學者不具備師資生身分，其師資生資格於入學後由本校向教育部專案申請、參與教育學程甄選或透過本系師資生遞補作業爭取。
2.本系設有碩士班先修制度，最快5年可取得學、碩士學位，相關規定依本校碩士學位課程先修辦法辦理。
3.本系安排豐富的國際學習活動，包含「學海築夢」計畫與境外移地教學，拓展學生國際視野。學生畢業後職涯選擇多元，可依學生興趣及專長成為幼兒園教師、教保員、幼兒產業或家庭教育相關工作者。
4.本系網址：https://ndcde.nttu.edu.tw/；本系聯絡電話：(089)517611"
03804,國立臺東大學,特殊教育學系,第一類學群,8,9,1,7,後標,0,0,0,0,0,0,在校學業成績全校排名百分比,學測國文級分,學測國文、英文之級分總和,學測英文級分,英語文學業成績總平均全校排名百分比,國語文學業成績總平均全校排名百分比,數學學業成績總平均全校排名百分比,1、在校學業成績全校排名百分比 2、學測國文級分 3、學測國文、英文之級分總和 4、學測英文級分 5、英語文學業成績總平均全校排名百分比 6、國語文學業成績總平均全校排名百分比 7、數學學業成績總平均全校排名百分比,,,,,,,"1.本系以培育特殊教育師資與特殊教育領域相關專業人才為目標。惟欲取得國小普通教師資格須修習小教學程。
2.本系設有碩士班先修制度，最快5年可取得學、碩士學位，相關規定依本校碩士學位課程先修辦法辦理。
3.本系網址：https://sped.nttu.edu.tw/；連絡電話：089-517672。"
03805,國立臺東大學,文化資源與休閒產業學系,第一類學群,8,9,0,0,後標,0,0,0,0,0,0,在校學業成績全校排名百分比,學測國文級分,國語文學業成績總平均全校排名百分比,公民與社會學業成績總平均全校排名百分比,歷史學業成績總平均全校排名百分比,地理學業成績總平均全校排名百分比,英語文學業成績總平均全校排名百分比,1、在校學業成績全校排名百分比 2、學測國文級分 3、國語文學業成績總平均全校排名百分比 4、公民與社會學業成績總平均全校排名百分比 5、歷史學業成績總平均全校排名百分比 6、地理學業成績總平均全校排名百分比 7、英語文學業成績總平均全校排名百分比,,,,,,,"1.本系是國內第一個以「文化資源與休閒產業」為名之學系，重視地方產業議題，培養學生「具文化底蘊且休閒管理知識為用」的觀光休閒管理專業，培養學生具備獨立思考和問題解決能力的專業系所，並有機會修讀國民小學師資培育課程，就業途徑多元且寬廣。
2.課程強調學用合一，可選修業界實務實習，提升畢業就業競爭力。
3.本系設有碩士班先修制度，最快5年取得學、碩士學位，詳细規定依本校碩士學位課程先修辦法辦理。
4.本學系網址：https://soc.nttu.edu.tw/；連絡電話：089-517831。"
03806,國立臺東大學,數位媒體與文教產業學系,第一類學群,5,9,1,7,後標,0,0,0,0,0,0,在校學業成績全校排名百分比,學測國文級分,學測社會級分,公民與社會學業成績總平均全校排名百分比,國語文學業成績總平均全校排名百分比,數學學業成績總平均全校排名百分比,歷史學業成績總平均全校排名百分比,1、在校學業成績全校排名百分比 2、學測國文級分 3、學測社會級分 4、公民與社會學業成績總平均全校排名百分比 5、國語文學業成績總平均全校排名百分比 6、數學學業成績總平均全校排名百分比 7、歷史學業成績總平均全校排名百分比,,,,,,,"1.「數位媒體設計融合文化與教育」為本系主要特色，是一個充滿發展性與趣味性的學系，開設課程包括：電腦繪圖、影像後製特效、2D/3D動畫、數位遊戲設計、AR/VR數位實境、互動設計、數位生成、文創設計、數位輔助教學等專業課程，培育未來世代所需之數位文教專業人才。
2.本系網址：https://eidm.nttu.edu.tw/；IG帳號：nttu_dmei；連絡電話：089-517502。
3.入學後欲申請修習教育學程，請依教育部及本校師資培育中心規定辦理。
4.本系設有碩士班先修制度，5年可取得學、碩士學位，詳細規定依國立臺東大學相關辦法辦理。"
03807,國立臺東大學,英美語文學系,第一類學群,12,9,2,7,0,底標,0,0,0,0,0,在校學業成績全校排名百分比,學測英文級分,英語文學業成績總平均全校排名百分比,學測國文、英文之級分總和,學測國文級分,國語文學業成績總平均全校排名百分比,公民與社會學業成績總平均全校排名百分比,1、在校學業成績全校排名百分比 2、學測英文級分 3、英語文學業成績總平均全校排名百分比 4、學測國文、英文之級分總和 5、學測國文級分 6、國語文學業成績總平均全校排名百分比 7、公民與社會學業成績總平均全校排名百分比,,,,,,,1.本系的宗旨在培育具備人文與科技素養的英語文專業人才，初期訓練學生英語聽、說、讀、寫、譯基本能力，繼以加強專業訓練。課程分為：(一)基礎模組包含英語基本能力訓練，(二)核心模組包含文學、語言學、英語教學等導論課程，(三)專業模組以就業導向的課程分為應用外語，雙語教育，英美文學等各項應用課程，並有第二外國語及特色課程。本系課程使學生同時具有與時俱進之英語能力及專業知識，以強化學生畢業後升學進修或擔任英語教學、翻譯、外交、貿易、旅遊、行銷或新聞從業人員。2.本系網址:https://doe.nttu.edu.tw;本系電話:(089)517711邱先生。
03808,國立臺東大學,華語文學系,第一類學群,10,9,1,7,後標,0,0,0,0,0,0,在校學業成績全校排名百分比,學測國文級分,國語文學業成績總平均全校排名百分比,學測社會級分,公民與社會學業成績總平均全校排名百分比,歷史學業成績總平均全校排名百分比,學測英文級分,1、在校學業成績全校排名百分比 2、學測國文級分 3、國語文學業成績總平均全校排名百分比 4、學測社會級分 5、公民與社會學業成績總平均全校排名百分比 6、歷史學業成績總平均全校排名百分比 7、學測英文級分,,,,,,,"1.本系以古典及現代的華語文、文學、文化、華語教學為內涵，以華語文核心課程奠基，關懷在地、貼近社區生
活，培育華語文現代化、國際化之應用人才。
2.本系設有碩士班先修制度，詳細規定依國立臺東大學碩士學位課程先修辦法辦理。
3. 本系網址：https://dcll.nttu.edu.tw。連絡電話：089-517764謝小姐。"
03809,國立臺東大學,公共與文化事務學系,第一類學群,13,9,1,7,0,0,0,0,均標,0,0,在校學業成績全校排名百分比,學測社會級分,學測國文級分,公民與社會學業成績總平均全校排名百分比,國語文學業成績總平均全校排名百分比,學測英文級分,英語文學業成績總平均全校排名百分比,1、在校學業成績全校排名百分比 2、學測社會級分 3、學測國文級分 4、公民與社會學業成績總平均全校排名百分比 5、國語文學業成績總平均全校排名百分比 6、學測英文級分 7、英語文學業成績總平均全校排名百分比,,,,,,,"1.本系是國內第一個以「公共與文化事務」為名之學系，重視在地議題與社會變遷的關聯，訓練學生具有科際整
合與獨立思考之能力，期望透過課程規劃，結合地方資源，訓練學生關心並參與社會文化事務。
2.本系設有碩士班先修制度，最快5年可取得學、碩士學位，相關規定依本校碩士學位課程先修辦法辦理。
3.本系網址：https://pca.nttu.edu.tw；連絡電話：089-571691 阮小姐。"
03810,國立臺東大學,應用數學系,第二類學群,13,6,2,6,0,0,底標,0,0,0,0,在校學業成績全校排名百分比,學測數學A級分,學測自然級分,學測英文級分,數學學業成績總平均全校排名百分比,物理學業成績總平均全校排名百分比,英語文學業成績總平均全校排名百分比,1、在校學業成績全校排名百分比 2、學測數學A級分 3、學測自然級分 4、學測英文級分 5、數學學業成績總平均全校排名百分比 6、物理學業成績總平均全校排名百分比 7、英語文學業成績總平均全校排名百分比,,,,,,,本系以培養兼具科學及人文素養數學專業人才為目標，提供學生多元化優質學習環境，建構紮實數學專業技能。在數學理論基礎上，引領學生朝向機率與統計、財務數學、大數據分析、雲端計算、應用數學等領域發展，並有機會修讀國民小學師資培育課程。特色如下：一、嶄新軟硬體設施，寬闊溫馨學習空間。二、模組化彈性課程設計與規劃，學生易於發展個人志趣及跨領域學習。三、定期開設財務與統計、雲端資訊、科學動畫及巨量資料分析等軟體研習課程，提升就業競爭力。四、除獎學金外學生有多項工讀機會，高年級學生可擔任教學、課輔及各項計畫助理。五、完善學習輔導措施，畢業生無論在研究所升學或就業方面皆有優異表現。
03811,國立臺東大學,資訊管理學系,第二類學群,13,6,2,6,0,底標,0,0,0,0,0,在校學業成績全校排名百分比,學測英文級分,學測數學B級分,學測國文級分,英語文學業成績總平均全校排名百分比,數學學業成績總平均全校排名百分比,國語文學業成績總平均全校排名百分比,1、在校學業成績全校排名百分比 2、學測英文級分 3、學測數學B級分 4、學測國文級分 5、英語文學業成績總平均全校排名百分比 6、數學學業成績總平均全校排名百分比 7、國語文學業成績總平均全校排名百分比,,,,,,,"1.本系專業與人文涵養理念在薰陶學生具備「務實、合作、敬業、開朗」之特質。課程規劃在大學部著重培養資訊系統科技、管理知能與管理資訊系統的學理基礎，並發展商務管理、管理決策與資訊系統規劃之整合應用專業知能。
2本系設有碩士班預修制度，於大四申請許可後預修碩士班課程，5年內取得學、碩士學位。
3.學系網址：http：//isms.nttu.edu.tw/；聯絡電話：089-517636"
03812,國立臺東大學,應用科學系化學及奈米科學組,第二類學群,12,6,2,6,0,0,0,0,0,後標,0,在校學業成績全校排名百分比,學測自然級分,學測數學A級分,學測國文級分,化學學業成績總平均全校排名百分比,數學學業成績總平均全校排名百分比,國語文學業成績總平均全校排名百分比,1、在校學業成績全校排名百分比 2、學測自然級分 3、學測數學A級分 4、學測國文級分 5、化學學業成績總平均全校排名百分比 6、數學學業成績總平均全校排名百分比 7、國語文學業成績總平均全校排名百分比,,,,,,,"1.本系主要培育具備紮實學理基礎與實作能力的應用科技人才。課程包含實驗操作，需具備一定操作及行動能力
。
2.本組發展特色為奈米科學、綠色科學、生醫檢驗、材料科學、科學教育等領域。
3.本系網址：https://se.nttu.edu.tw；連絡電話：089-517971。"
03813,國立臺東大學,應用科學系物理暨光電科學組,第二類學群,13,6,2,6,0,0,0,0,0,後標,0,在校學業成績全校排名百分比,學測自然級分,學測數學A級分,物理學業成績總平均全校排名百分比,數學學業成績總平均全校排名百分比,學測英文級分,國語文學業成績總平均全校排名百分比,1、在校學業成績全校排名百分比 2、學測自然級分 3、學測數學A級分 4、物理學業成績總平均全校排名百分比 5、數學學業成績總平均全校排名百分比 6、學測英文級分 7、國語文學業成績總平均全校排名百分比,,,,,,,"1.本系主要培育具備紮實學理基礎與實作能力的應用科技人才。課程包含實驗操作，需具備一定操作及行動能力。
2.本組發展特色為光電半導體、新穎材料科學及天文物理等領域。
3.本系網址：https://se.nttu.edu.tw；連絡電話：089-517971。"
03814,國立臺東大學,資訊工程學系,第二類學群,29,6,5,6,0,0,底標,0,0,0,0,在校學業成績全校排名百分比,學測數學A級分,數學學業成績總平均全校排名百分比,英語文學業成績總平均全校排名百分比,國語文學業成績總平均全校排名百分比,物理學業成績總平均全校排名百分比,化學學業成績總平均全校排名百分比,1、在校學業成績全校排名百分比 2、學測數學A級分 3、數學學業成績總平均全校排名百分比 4、英語文學業成績總平均全校排名百分比 5、國語文學業成績總平均全校排名百分比 6、物理學業成績總平均全校排名百分比 7、化學學業成績總平均全校排名百分比,,,,,,,"1.本系教學與研究聚焦於「軟體設計與應用」、「嵌入式系統與應用」和「網路通訊與應用」三大主軸，培養具
備計算機科學基本素養、能應用資訊科技解決問題及協調團隊合作的資訊人才。
2.本系網址：https://wcsie.nttu.edu.tw/；連絡電話：089-517558林奇福先生。"
03815,國立臺東大學,綠能與資訊科技學系,第二類學群,10,6,2,6,0,0,0,0,0,底標,0,在校學業成績全校排名百分比,學測自然級分,物理學業成績總平均全校排名百分比,數學學業成績總平均全校排名百分比,學測英文級分,英語文學業成績總平均全校排名百分比,學測數學B級分,1、在校學業成績全校排名百分比 2、學測自然級分 3、物理學業成績總平均全校排名百分比 4、數學學業成績總平均全校排名百分比 5、學測英文級分 6、英語文學業成績總平均全校排名百分比 7、學測數學B級分,,,,,,,"1.本系為一結合綠能科技與資訊科技之跨領域學系，授予工學士學位。教學與研究上涵蓋能源科技、光機電系統、智慧控制、半導體製程、巨量資料、雲端服務、智慧聯網技術、人工智慧系統等，培育學生具有科技產業全球化與現代化之相關領域知識，以迎向科技產業世界潮流。
2.本系與國內各大廠皆有簽約，以正式員工身分參與全學期實習(選修)，畢業後可升級留任。
3.本系網址：https://git.nttu.edu.tw；連絡電話：089-517658 陳小姐"
03816,國立臺東大學,身心整合與運動休閒產業學系,第三類學群,2,2,0,0,底標,0,0,0,0,0,0,在校學業成績全校排名百分比,學測國文級分,國語文學業成績總平均全校排名百分比,數學學業成績總平均全校排名百分比,公民與社會學業成績總平均全校排名百分比,生活科技學業成績總平均全校排名百分比,資訊科技學業成績總平均全校排名百分比,1、在校學業成績全校排名百分比 2、學測國文級分 3、國語文學業成績總平均全校排名百分比 4、數學學業成績總平均全校排名百分比 5、公民與社會學業成績總平均全校排名百分比 6、生活科技學業成績總平均全校排名百分比 7、資訊科技學業成績總平均全校排名百分比,,,,,,,"1.本系以產業人才的培育為主要目標，歡迎樂觀開朗、勇於嘗試、樂於服務他人的學生，不需具備特殊運動專長。
2.本系課程包括各類術科與肢體操作，游泳為必修課程。
3.「運動產業」在21世紀開始風行全球，本系順應全球產業趨勢，面對高科技、高齡化、高壓力的生活型態問題下，本系是全國唯一整合身心學與運動休閒管理學專業師資，培養理論與實務兼備的運動休閒管理人才。
4.本系網址https://dss.nttu.edu.tw/；連絡電話: 089-517801 江先生。"
03817,國立臺東大學,生命科學系,第三類學群,14,2,2,1,0,0,0,0,0,後標,0,在校學業成績全校排名百分比,學測自然級分,生物學業成績總平均全校排名百分比,化學學業成績總平均全校排名百分比,學測英文級分,數學學業成績總平均全校排名百分比,學測國文級分,1、在校學業成績全校排名百分比 2、學測自然級分 3、生物學業成績總平均全校排名百分比 4、化學學業成績總平均全校排名百分比 5、學測英文級分 6、數學學業成績總平均全校排名百分比 7、學測國文級分,,,,,,,"1.本系課程主軸為生物技術與生態資源模組，並設有現代化食品生技工廠、植物生態農場與保健食品功效評估
之實驗動物房等專業學習與實習空間，歡迎同學報考。
2.本系注重實驗操作，需較長時間站立及體力運用，應具備一定操作及行動能力。
3.本系設有碩士班先修制度，最快5年可取得學、碩士學位，相關規定依本校碩士學位課程先修辦法辦理。
4.本系網址：https://ils.nttu.edu.tw；聯絡電話：089-517689 蘇小姐。"
03818,國立臺東大學,護理學系,第三類學群,10,2,0,0,後標,0,0,0,0,0,0,在校學業成績全校排名百分比,學測自然級分,學測國文、英文、自然之級分總和,學測國文級分,國語文學業成績總平均全校排名百分比,生物學業成績總平均全校排名百分比,公民與社會學業成績總平均全校排名百分比,1、在校學業成績全校排名百分比 2、學測自然級分 3、學測國文、英文、自然之級分總和 4、學測國文級分 5、國語文學業成績總平均全校排名百分比 6、生物學業成績總平均全校排名百分比 7、公民與社會學業成績總平均全校排名百分比,,,,,,,"1.本學系男女兼收。
2.地區醫療院所每年提供本學系學生獎助學金至少10名，鼓勵畢業後繼續在地服務。
3.本學系實習場域鄰近學校且設備完善，校內亦建置高齡日照中心提供學習場域，可培養學生充實之臨床經驗。
4.歡迎具有關懷人群，服務熱誠且有團隊合作意識之同學報考。
5.本系各項資訊請至本校招生專區查詢：https://enrl.nttu.edu.tw/；或來電本校089-318855轉護理學系。"
03819,國立臺東大學,美術產業學系,第五類學群,1,1,0,0,底標,0,0,0,0,0,0,在校學業成績全校排名百分比,術科考試素描分數,美術學業成績總平均全校排名百分比,國語文學業成績總平均全校排名百分比,歷史學業成績總平均全校排名百分比,公民與社會學業成績總平均全校排名百分比,學測國文級分,1、在校學業成績全校排名百分比 2、術科考試素描分數 3、美術學業成績總平均全校排名百分比 4、國語文學業成績總平均全校排名百分比 5、歷史學業成績總平均全校排名百分比 6、公民與社會學業成績總平均全校排名百分比 7、學測國文級分,素描:均標；彩繪技法:--；創意表現:--；水墨書畫:--；美術鑑賞:--,,,,,,"1.藉美術創作、產業設計之學群課程啟發想像並發揮創造力。
2.課程多樣化，兼具傳統繪畫與當代藝術、產品及工藝設計與數位媒體藝術，培育兼具多元及專業能力的人才。
3.整合美學的跨域思考使藝術創作更普及化、國際化。
4.本系設有碩士班，藉碩班預修制度取得學、碩士學位。亦可繼續進修或跨入藝術相關產業的職場發展。
5.本系設有多項獎學金，鼓勵學生參加相關展覽及競賽。
6.網址https://art.nttu.edu.tw/ 電話：089-517795周小姐。"
03820,國立臺東大學,體育學系,第七類學群,4,1,0,0,底標,0,0,0,0,0,0,在校學業成績全校排名百分比,學測國文級分,學測英文級分,國語文學業成績總平均全校排名百分比,英語文學業成績總平均全校排名百分比,體育學業成績總平均全校排名百分比,公民與社會學業成績總平均全校排名百分比,1、在校學業成績全校排名百分比 2、學測國文級分 3、學測英文級分 4、國語文學業成績總平均全校排名百分比 5、英語文學業成績總平均全校排名百分比 6、體育學業成績總平均全校排名百分比 7、公民與社會學業成績總平均全校排名百分比,體育(百分等級):--,,,,,,1.興趣變專業(體育×戶外×教育):本系為師培與非師培並行系所，培育國小體育教師、戶外活動企劃與運動產業人才。每班有26位師資生名額。在學期間可修讀特教學程、幼教學程以及跨領域學習。2.放眼國際:以山海為教室，走向世界。在山林與海洋中學習，體驗最真實的戶外教育。每年辦理境外移地課程(日本滑雪、紐西蘭探索)。可申請日本仙台大學雙聯學位或一年交換(享宿舍與餐廳優惠)。提供多元豐富的獎助學金，鼓勵學生安心學習。3.學系網址 https://wdpe.nttu.edu.tw/ 4.IG網址 https://www.instagram.com/nttudpe/。5.連絡電話:089-517581。
03901,國立體育大學,休閒產業經營學系,第一類學群,13,2,2,2,後標,後標,0,0,0,0,0,在校學業成績全校排名百分比,學測英文級分,學測國文級分,學測社會級分,英語文學業成績總平均全校排名百分比,數學學業成績總平均全校排名百分比,國語文學業成績總平均全校排名百分比,1、在校學業成績全校排名百分比 2、學測英文級分 3、學測國文級分 4、學測社會級分 5、英語文學業成績總平均全校排名百分比 6、數學學業成績總平均全校排名百分比 7、國語文學業成績總平均全校排名百分比,,,,,,,本系培養具備企業管理知能，嫻熟運動與休閒產業經營管理、行銷企劃、新媒體傳播與科技、體驗與冒險領導、及休閒遊憩人才，兼重理論與實務課程，在課程規劃設計上朝向全球化(國際化)發展，為國內少數系所中提供大量國際交換與交流名額之學系，包括舊金山州立大學、德國慕尼黑商學院、匈牙利Semmelweis大學、韓國梨花女子大學、日本鹿屋體育大學、北京體育大學，歡迎喜愛休閒運動，有志於休閒產業經營的同學加入本系。授予「管理學學士」學位。歡迎參閱本系網頁https://dsmnew.ntsu.edu.tw/，或洽詢電話：（03）3283201轉8554。
03902,國立體育大學,體育推廣學系,第一類學群,14,2,3,2,後標,0,0,0,0,0,0,在校學業成績全校排名百分比,學測國文級分,學測英文級分,學測社會級分,國語文學業成績總平均全校排名百分比,英語文學業成績總平均全校排名百分比,數學學業成績總平均全校排名百分比,1、在校學業成績全校排名百分比 2、學測國文級分 3、學測英文級分 4、學測社會級分 5、國語文學業成績總平均全校排名百分比 6、英語文學業成績總平均全校排名百分比 7、數學學業成績總平均全校排名百分比,,,,,,,"1.本系以培育運動賽會推廣與營運人才、幼兒體育推展與指導人才、休閒運動推廣與指導人才為主要目標；兼顧專業學科、術科指導、實務與實作課程，強調人類健康價值與社會服務，歡迎對運動、休閒、推廣、指導、活動企劃及教育工作有興趣的同學加入本系的行業。
2.本系網址：https://dsp.ntsu.edu.tw/
3.聯絡電話：(03)3283201轉8513"
03903,國立體育大學,適應體育學系,第一類學群,12,2,3,2,底標,底標,0,0,0,0,0,在校學業成績全校排名百分比,學測國文、英文之級分總和,學測英文級分,學測國文級分,英語文學業成績總平均全校排名百分比,國語文學業成績總平均全校排名百分比,數學學業成績總平均全校排名百分比,1、在校學業成績全校排名百分比 2、學測國文、英文之級分總和 3、學測英文級分 4、學測國文級分 5、英語文學業成績總平均全校排名百分比 6、國語文學業成績總平均全校排名百分比 7、數學學業成績總平均全校排名百分比,,,,,,,"1.本系結合特殊教育與運動科學理念，培育身心障礙者所需之適應體育指導專業人才，以及特殊族群之運動照護人才為主要目標，歡迎有志於適應體育、運動及休閒領域工作的同學加入。
2.本系為招攬成績優秀學生就讀，將採計學測國文、英文之級分總和成績擇優1名減免入學第1學年度第1學期全額學雜費，以茲鼓勵。
3.本系網址：https://ape.ntsu.edu.tw/ 聯絡電話：03-3283201分機8522。"
03904,國立體育大學,運動保健學系,第三類學群,14,1,2,1,0,後標,底標,底標,0,0,0,在校學業成績全校排名百分比,學測國文、英文、自然之級分總和,學測英文級分,學測自然級分,學測國文級分,英語文學業成績總平均全校排名百分比,國語文學業成績總平均全校排名百分比,1、在校學業成績全校排名百分比 2、學測國文、英文、自然之級分總和 3、學測英文級分 4、學測自然級分 5、學測國文級分 6、英語文學業成績總平均全校排名百分比 7、國語文學業成績總平均全校排名百分比,,,,,,,"1.學測檢定科目，數學A或數學B擇一即可。
2.本系結合運動科學與保健醫學專業,培養運動保健專業人才。經由大學基礎教育與專業實習之後,學生具備維護運動員及一般大眾之健康與運動安全之相關知識與技能。
3.本系分為運動防護及運動健康促進兩大領域,課程架構為「學理知能-專業考證-產業結合」,歡迎對於運動防護、健身運動指導、肌力與體能訓練、高齡者運動健康促進指導及傳統整復推拿等有興趣的同學加入本系行列。
4.本系網址:http://ath.ntsu.edu.tw,聯絡電話:(03)328-3201轉2306。"
04001,元智大學,管理學院學士班(主修：數位行銷與人力資源),第一類學群,14,13,5,11,0,0,0,0,後標,0,0,在校學業成績全校排名百分比,國語文學業成績總平均全校排名百分比,學測國文級分,英語文學業成績總平均全校排名百分比,學測英文級分,數學學業成績總平均全校排名百分比,公民與社會學業成績總平均全校排名百分比,1、在校學業成績全校排名百分比 2、國語文學業成績總平均全校排名百分比 3、學測國文級分 4、英語文學業成績總平均全校排名百分比 5、學測英文級分 6、數學學業成績總平均全校排名百分比 7、公民與社會學業成績總平均全校排名百分比,,,,,,,1.培養兼具數位行銷與人力資源管理能力之企業永續發展人才 2.重視理論與實務兼具的課程設計，培養獨立思考與運作之專業人才 3.邀請專業領域業界師資，專業指導企業永續發展管理認證模組、跨域行銷AI工具運用、人資專業發展、教練領導力養成，提升就業即戰力 4.提供個人職涯教練諮詢、專屬行銷與人資導聚活動、凝聚亦師亦友之學習氛圍 5.提供國內外實習機會及遠東集團人才培育計畫，讓學生於場域驗證自我能力，畢業前即可取得多元入職機會 6.主修領域自由轉換，多元跨域課程選修彈性自主 7.AACSB三度認證，與多所國際頂尖商管學院簽訂交換及雙聯計畫，實現國際移動能力及短期獲得雙學位計畫
04002,元智大學,管理學院學士班(主修：財務金融),第一類學群,15,13,5,11,0,0,0,後標,0,0,0,在校學業成績全校排名百分比,學測英文級分,學測數學B級分,學測國文級分,英語文學業成績總平均全校排名百分比,數學學業成績總平均全校排名百分比,國語文學業成績總平均全校排名百分比,1、在校學業成績全校排名百分比 2、學測英文級分 3、學測數學B級分 4、學測國文級分 5、英語文學業成績總平均全校排名百分比 6、數學學業成績總平均全校排名百分比 7、國語文學業成績總平均全校排名百分比,,,,,,,1.財金領域三大學程：投資與企業金融、投資與風險管理、金融科技。課程與時俱進，學生適性發展 2.教學方式多元，課程融入實務講座、財經新聞、模擬交易、財經數據、ChatGPT、資訊科技、金融證照輔導、企業實習，培養學生具備理財規劃、風險控管、數據分析等專業能力 3.連續五年取得EMI計畫補助，為北部私校唯一教育部雙語教學重點培育學院，打造國際化環境，提升學生競爭力，期許成為國際人才 4.AACSB三度認證，與多國簽訂交換及雙聯計畫 5.提供財金專屬獎助學金 6.管院學士班推動模組化專業學程，指定課程修滿十門取得主修，修滿三門取得輔修，課程多元跨領域，選課彈性自主 7.大二可自由轉換主修
04003,元智大學,管理學院學士班(主修：國際企業管理),第一類學群,14,13,5,11,0,後標,0,0,0,0,0,在校學業成績全校排名百分比,學測英文級分,英語文學業成績總平均全校排名百分比,學測國文級分,國語文學業成績總平均全校排名百分比,數學學業成績總平均全校排名百分比,公民與社會學業成績總平均全校排名百分比,1、在校學業成績全校排名百分比 2、學測英文級分 3、英語文學業成績總平均全校排名百分比 4、學測國文級分 5、國語文學業成績總平均全校排名百分比 6、數學學業成績總平均全校排名百分比 7、公民與社會學業成績總平均全校排名百分比,,,,,,,1.培養具企業創新、營運管理與國際化策略專業人才 2.重視理論與實務的課程規劃，著重企業科技創新、營運管理技能與國際化策略，運用科技創新策略、數位科技、海外市場開拓與跨國經營策略等，強化企業科技創新與國際策略等管理能力 3.提供學生科技創新、數位轉型與永續治理、國際化與跨國策略課程模組，建立企業營運與國際化跨域能力，提升職場就業力 4.主修領域依興趣自由轉換，跨域課程選修彈性，自主不受限 5.提供遠東集團及各大企業實習機會、人才培育計畫、企業書院管理學程、及實務講座，實現學生畢業即戰力 6.三度獲得國際商管AACSB認證，提供多所國外頂尖大學交換、雙聯學位及雙語教學，展現國際化能力與移動力
04004,元智大學,管理學院學士班(主修：會計),第一類學群,9,13,5,11,0,0,0,0,後標,0,0,在校學業成績全校排名百分比,學測國文級分,國語文學業成績總平均全校排名百分比,學測英文級分,英語文學業成績總平均全校排名百分比,學測數學B級分,數學學業成績總平均全校排名百分比,1、在校學業成績全校排名百分比 2、學測國文級分 3、國語文學業成績總平均全校排名百分比 4、學測英文級分 5、英語文學業成績總平均全校排名百分比 6、學測數學B級分 7、數學學業成績總平均全校排名百分比,,,,,,,1.理論與實務並重，培養會計、審計及稅務專業人才，輔導學生取得專業證照 2.邀請各領域專業人士擔任業界導師，藉由與業師互動達成就業接軌 3.提供國內外實習機會及遠東集團人才培育計畫，學生於畢業前即可取得數個工作機會，會計師事務所就業率百分百 4.開設資訊課程：如Python、電腦審計、會計資訊系統 5.北部私校唯一教育部雙語教學重點培育學院，打造國際化環境，提升學生競爭力 6.AACSB三度認證，與多國知名大學簽訂交換及雙聯計畫 7.提供會計學生專屬奬助學金 8.以主修替代學系推動專業學程，指定課程修滿10門取得主修，修滿3門取得輔修，課程多元跨領域，選課彈性自主 9.大二可以自由轉換專業主修
04005,元智大學,管理學院學士班(英語專班),第一類學群,6,13,0,0,0,後標,0,0,0,0,0,在校學業成績全校排名百分比,學測英文級分,英語文學業成績總平均全校排名百分比,學測國文級分,數學學業成績總平均全校排名百分比,學測社會級分,公民與社會學業成績總平均全校排名百分比,1、在校學業成績全校排名百分比 2、學測英文級分 3、英語文學業成績總平均全校排名百分比 4、學測國文級分 5、數學學業成績總平均全校排名百分比 6、學測社會級分 7、公民與社會學業成績總平均全校排名百分比,,,,,,,全國第一所設立全英語教授管理專業的學院，為教育部EMI重點培育學院。本班設有「國際財務金融」和「全球經營管理」兩大學程。辦學特色如下：1.以培養具有國際移動力的全球人才為目標。 2.重視國際移動體驗: 學生在畢業前需完成「國際研習」之要求，可選擇赴海外修讀、海外企業實習、參與國際志工、國際競賽等方式，亦可參與國外姊妹校雙聯計劃，取得二校學位。 3.專業課程全英語授課，輔以遊戲、個案討論、實作等方式培養學生的獨立思考與解決問題的能力。 4.積極招收國際學生，營造國際化的學習環境。 5.本院三度獲得AACSB國際商管認證，與多所知名大學簽訂交換及雙聯計畫，學生成績優異者，可申請姊妹校獎學金或學費抵免。
04006,元智大學,應用外語學系,第一類學群,6,13,1,11,0,後標,0,0,0,0,0,在校學業成績全校排名百分比,學測英文級分,學測國文級分,英語文學業成績總平均全校排名百分比,國語文學業成績總平均全校排名百分比,歷史學業成績總平均全校排名百分比,地理學業成績總平均全校排名百分比,1、在校學業成績全校排名百分比 2、學測英文級分 3、學測國文級分 4、英語文學業成績總平均全校排名百分比 5、國語文學業成績總平均全校排名百分比 6、歷史學業成績總平均全校排名百分比 7、地理學業成績總平均全校排名百分比,,,,,,,本系為台灣第一個英日雙修科系，學生畢業具備英日語溝通能力，多數畢業生在國內外公司上班，許多人服務於外商或科技公司。大一大二必修課程英日語各半，英語方面增進職場實際應用說寫能力，日語方面打好基礎。模組課程為專業職場必修模組、選修模組二選一:數位跨語或跨文化能力模組。畢業至少英文中高級日文N3程度或英文中高級初試日文N2。
04007,元智大學,中國語文學系,第一類學群,8,13,2,11,後標,0,0,0,0,0,0,在校學業成績全校排名百分比,學測國文級分,學測社會級分,國語文學業成績總平均全校排名百分比,歷史學業成績總平均全校排名百分比,公民與社會學業成績總平均全校排名百分比,學測英文級分,1、在校學業成績全校排名百分比 2、學測國文級分 3、學測社會級分 4、國語文學業成績總平均全校排名百分比 5、歷史學業成績總平均全校排名百分比 6、公民與社會學業成績總平均全校排名百分比 7、學測英文級分,,,,,,,本系以華文文學與文化為基礎，融合古典與現代，著重培養學生的口語表達、文字創作與AI數位應用能力，順應產業趨勢，培育具跨界視野與格局的人才，並同步推動華語師資培訓課程，以提升整體競爭力。歡迎同學踴躍報名，詳細資訊請上「元智大學中國語文學系」網站查詢。
04008,元智大學,社會暨政策科學學系,第一類學群,8,13,2,11,0,0,0,0,後標,0,0,在校學業成績全校排名百分比,學測社會級分,國語文學業成績總平均全校排名百分比,公民與社會學業成績總平均全校排名百分比,學測英文級分,學測國文級分,數學學業成績總平均全校排名百分比,1、在校學業成績全校排名百分比 2、學測社會級分 3、國語文學業成績總平均全校排名百分比 4、公民與社會學業成績總平均全校排名百分比 5、學測英文級分 6、學測國文級分 7、數學學業成績總平均全校排名百分比,,,,,,,本系特色有:1.跨領域課程：含社會學、社會工作、公共政策等學科，方便學生參與社工師與公職考試與從事社工師工作2.實證導向課程：提供研究方法、統計分析，與AI數據分析相關課程，培養學生實證能力和分析思維，進入智庫參與國家政策分析3.實習機會:可在政府、非營利與文化部門等機構實習，體驗實務工作與職場環境4.實務培訓:設置民調中心提供民調訓練，與舉辦表達力、商業力、社區力、長照力等工作坊與新興議題演講，培養領導才能和解決問題能力5.國際化學習機會：與美國軟體公司建立合作認證機制，並與英國艾塞克斯大學簽署雙聯學位合作備忘錄，豐富學生的國際視野。網址：https://sc.hs.yzu.edu.tw/，聯絡電話：03-4638800，分機2161。
04009,元智大學,藝術與設計學系,第一類學群,7,13,2,11,後標,後標,0,0,0,0,0,在校學業成績全校排名百分比,數學學業成績總平均全校排名百分比,英語文學業成績總平均全校排名百分比,國語文學業成績總平均全校排名百分比,學測英文級分,學測國文級分,學測國文、英文之級分總和,1、在校學業成績全校排名百分比 2、數學學業成績總平均全校排名百分比 3、英語文學業成績總平均全校排名百分比 4、國語文學業成績總平均全校排名百分比 5、學測英文級分 6、學測國文級分 7、學測國文、英文之級分總和,,,,,,,"本系主要以探索當代的藝術趨勢與設計美學為方向，採取跨藝術/設計雙專長與主軸的 教學路線，強調活力、創意並與社會脈動結合的特色，期能結合藝術與設計，培養學生靈活的美學、創意思考及設計運用的職場與再進修能力。
網址 http://www.ad.yzu.edu.tw/，分機3301。"
04010,元智大學,人文社會學院英語學士班,第一類學群,3,13,0,0,0,後標,0,0,0,0,0,在校學業成績全校排名百分比,學測英文級分,英語文學業成績總平均全校排名百分比,學測國文級分,國語文學業成績總平均全校排名百分比,公民與社會學業成績總平均全校排名百分比,歷史學業成績總平均全校排名百分比,1、在校學業成績全校排名百分比 2、學測英文級分 3、英語文學業成績總平均全校排名百分比 4、學測國文級分 5、國語文學業成績總平均全校排名百分比 6、公民與社會學業成績總平均全校排名百分比 7、歷史學業成績總平均全校排名百分比,,,,,,,"一、元智大學人文社會學院英語學士班以培育具備國際視野、論述溝通、行銷策劃及藝術創想能力之人才為目標。本系專業必修課程以英語授課，使學生在全英語學習環境中，獲取敏銳的語感，提升其文化適應力與創作力。
二、本班融合社會政策、應用語文及藝術設計與文化創作等多元領域，課程規劃除了兼顧理論與實務外，亦考量同學語文之興趣和專長及未來職場分工之需要，建構不同的學習輔導機制。
三、本班網址：http://ih.hs.yzu.edu.tw/　連絡電話：03-4638800#2732"
04011,元智大學,資訊管理學系,第一類學群,20,13,2,11,0,後標,0,後標,0,0,0,在校學業成績全校排名百分比,學測英文級分,學測數學B級分,學測國文級分,英語文學業成績總平均全校排名百分比,數學學業成績總平均全校排名百分比,國語文學業成績總平均全校排名百分比,1、在校學業成績全校排名百分比 2、學測英文級分 3、學測數學B級分 4、學測國文級分 5、英語文學業成績總平均全校排名百分比 6、數學學業成績總平均全校排名百分比 7、國語文學業成績總平均全校排名百分比,,,,,,,"應大數據、人工智慧與資訊安全等對資訊管理專才之需求，本系致力於：
1.人工智慧及大數據分析能力；2.資安跨域攻防能力；
3.業界專業實習，培養學生就業軟實力；4.海外移地教學，提昇學生國際移動力；
5.參加學術競賽，提昇學生專業競爭力；6.自主學習社群，激發學生創新能力。
網址：www.mis.yzu.edu.tw ，聯絡方式：(03)4638800分機2604。"
04012,元智大學,資訊傳播學系(智慧科技應用組),第一類學群,8,13,2,11,0,0,0,後標,0,0,0,在校學業成績全校排名百分比,學測數學B級分,學測英文級分,學測國文級分,數學學業成績總平均全校排名百分比,英語文學業成績總平均全校排名百分比,國語文學業成績總平均全校排名百分比,1、在校學業成績全校排名百分比 2、學測數學B級分 3、學測英文級分 4、學測國文級分 5、數學學業成績總平均全校排名百分比 6、英語文學業成績總平均全校排名百分比 7、國語文學業成績總平均全校排名百分比,,,,,,,"本系是全國第一個結合感知設計、傳播媒體、資訊科技三位一體的整合性學系，以專業必選修課程、專業實習及專題製作培養學生專業能力。
資訊傳播學系智慧科技應用組的目標為培養互動媒體應用、人工智慧應用、電腦遊戲、數位學習輔助系統、數位科技藝術、虛實整合技術的專業人才。選才方向著重具備資訊科技相關基礎，或是對於互動科技有興趣的學生。歡迎對資訊科技與多媒體技術有興趣的同學申請。
網址：https://infocom.yzu.edu.tw/。聯絡電話：03-4638800轉2133。"
04013,元智大學,資訊傳播學系(數位媒體設計組),第一類學群,9,13,2,11,後標,0,0,0,0,0,0,在校學業成績全校排名百分比,學測國文級分,學測英文級分,學測數學B級分,國語文學業成績總平均全校排名百分比,英語文學業成績總平均全校排名百分比,數學學業成績總平均全校排名百分比,1、在校學業成績全校排名百分比 2、學測國文級分 3、學測英文級分 4、學測數學B級分 5、國語文學業成績總平均全校排名百分比 6、英語文學業成績總平均全校排名百分比 7、數學學業成績總平均全校排名百分比,,,,,,,"本系是全國第一個結合感知設計、傳播媒體、資訊科技三位一體的整合性學系，以專業必選修課程、專業實習及專題製作培養學生專業能力。
資訊傳播學系數位媒體設計組的目標為培養多媒體設計人才。選才方向著重具備創意媒體設計相關的基礎知識與技能，或是對於電腦繪圖、影視動畫、數位遊戲、互動設計、虛實整合等創作有興趣的學生。歡迎對繪畫創作與多媒體設計有興趣的同學申請。註：資訊傳播學系數位媒體設計組包含視覺設計專業課程，須具備基礎辨色能力。
網址：https://infocom.yzu.edu.tw/。聯絡電話：03-4638800轉2133。"
04014,元智大學,資訊工程學系,第二類學群,20,10,3,10,0,後標,0,0,0,0,0,在校學業成績全校排名百分比,學測國文、英文、數學A之級分總和,學測數學A級分,學測英文級分,學測國文級分,數學學業成績總平均全校排名百分比,英語文學業成績總平均全校排名百分比,1、在校學業成績全校排名百分比 2、學測國文、英文、數學A之級分總和 3、學測數學A級分 4、學測英文級分 5、學測國文級分 6、數學學業成績總平均全校排名百分比 7、英語文學業成績總平均全校排名百分比,,,,,,,本系秉持務實、負責任的態度辦學，主要特色為：(1)雙語教學與海外交流培養國際移動能力；(2)以跨領域教學激發創新與發明潛力，注重人工智慧、軟硬體系統、電腦與網路、資訊與財務金融、資訊與美藝、資訊與電子整合能力之養成;(3)為期一年之校外專業實習能降低學用落差，讓學生體驗職涯生活，將實務經驗反饋於學習，並藉此深化專業素養。資訊工程造就現今智慧生活，創新發明機會多，職涯發展前途寬廣無限，學生就業與薪資表現優於許多國立大學，只要能依本系訂定課程標準踏實地完成學業，畢業後就能立即就業。
04015,元智大學,資訊學院英語學士班,第二類學群,4,10,1,10,0,後標,0,0,0,0,0,在校學業成績全校排名百分比,學測國文、英文、數學A之級分總和,學測數學A級分,學測英文級分,學測國文級分,數學學業成績總平均全校排名百分比,英語文學業成績總平均全校排名百分比,1、在校學業成績全校排名百分比 2、學測國文、英文、數學A之級分總和 3、學測數學A級分 4、學測英文級分 5、學測國文級分 6、數學學業成績總平均全校排名百分比 7、英語文學業成績總平均全校排名百分比,,,,,,,"本學士班以全英語授課，提供沉浸式的國際學習環境。課程以資訊工程為核心，給予學生選擇往資工、資管、或資傳專業領域發展之自由，並藉此讓本學士班學生融入本院其他系中，同時提供許多選修學分給予學生探索學習的機會，厚植學生在人文與科技素養方面之國際交流能力，培養具高度國際競爭力之人才。
網址：https://www.in.yzu.edu.tw/ 電話：03-4638800轉7023"
04016,元智大學,機械工程學系,第二類學群,16,10,2,10,0,0,後標,0,0,0,0,在校學業成績全校排名百分比,學測數學A級分,學測英文級分,學測自然級分,數學學業成績總平均全校排名百分比,英語文學業成績總平均全校排名百分比,物理學業成績總平均全校排名百分比,1、在校學業成績全校排名百分比 2、學測數學A級分 3、學測英文級分 4、學測自然級分 5、數學學業成績總平均全校排名百分比 6、英語文學業成績總平均全校排名百分比 7、物理學業成績總平均全校排名百分比,,,,,,,本系通過IEET工程教育認證，教學目標為培養學生「創新實作」，使具備創新思維與動手解決問題的能力。因應現代科技潮流結合產業需求，重點研究領域包含：熱流與綠色能源、奈米科技、智慧製造與精密機電、生醫系統工程等。具備完整學士、碩士、博士學制，提供碩士班預備研究生、國外交換、國外雙聯、產業實習等機會。網址：http://www.mech.yzu.edu.tw/。
04017,元智大學,化學工程與材料科學學系,第二類學群,17,10,3,10,0,後標,後標,0,0,均標,0,在校學業成績全校排名百分比,學測數學A級分,學測自然級分,學測英文級分,物理學業成績總平均全校排名百分比,化學學業成績總平均全校排名百分比,生物學業成績總平均全校排名百分比,1、在校學業成績全校排名百分比 2、學測數學A級分 3、學測自然級分 4、學測英文級分 5、物理學業成績總平均全校排名百分比 6、化學學業成績總平均全校排名百分比 7、生物學業成績總平均全校排名百分比,,,,,,,"1.通過IEET工程及科技教育認證，並提供高比例之英語授課，與國際接軌。
2.多元學程選擇(綠色科技、功能性材料、生物技術、台積電製程模組與跨領域等學程)及雙聯學位學程(同時可以取得國外學士學位)。
3.提供豐富的獎學金，優異學生可進遠東或其他化材相關企業實習，學以致用。
4.具有完整的精密儀器中心與特色實驗室。
本系實驗相關課程須能運用肢體自行操作儀器和辨別顏色能力。http://www.che.yzu.edu.tw/，分機2575。"
04018,元智大學,工業工程與管理學系,第二類學群,19,10,3,10,0,0,後標,後標,0,0,0,在校學業成績全校排名百分比,學測國文、英文之級分總和,學測英文級分,學測國文級分,數學學業成績總平均全校排名百分比,英語文學業成績總平均全校排名百分比,國語文學業成績總平均全校排名百分比,1、在校學業成績全校排名百分比 2、學測國文、英文之級分總和 3、學測英文級分 4、學測國文級分 5、數學學業成績總平均全校排名百分比 6、英語文學業成績總平均全校排名百分比 7、國語文學業成績總平均全校排名百分比,,,,,,,1.本系通過國際工程教育(IEET)認證，畢業生多進入半導體產業、AI資料科學、科技研發、智慧製造、物流或資訊等領域。 2.以培育「工程技術」與「管理科學」之系統整合人才為教育理念。3.著重培育數理及資訊基礎專業之能力，同時提供「工業4.0－智慧生產」、「人因工程與設計」，及「電子化供應鏈」等跨領域學程，以培養產業需求人才為目標。4.參與遠東集團產業實習暨人才培育計畫、推動企業實習、海外學園活動，以提升學生就業及國際競爭力。5.提供豐富獎學金。6.工管系網址：https://www.iem.yzu.edu.tw/ 。
04019,元智大學,工程學院英語學士班,第二類學群,4,10,2,10,0,均標,0,0,0,0,0,在校學業成績全校排名百分比,學測英文級分,學測數學A級分,學測自然級分,學測國文級分,英語文學業成績總平均全校排名百分比,數學學業成績總平均全校排名百分比,1、在校學業成績全校排名百分比 2、學測英文級分 3、學測數學A級分 4、學測自然級分 5、學測國文級分 6、英語文學業成績總平均全校排名百分比 7、數學學業成績總平均全校排名百分比,,,,,,,本班專業必修課程以英語授課為原則，在提升學生專業知識的同時，增進其外語能力，以培養具備國際競爭力之人才。學生於大一時先了解各工程領域的學習內容及發展方向，再依據個人興趣，大二時就「機械工程」、「化學工程與材料科學」、「工業工程與管理」三個領域中選擇一個主修學程或「雙專長」，提供延後分流的機會。本班針對一個主修學程及「雙專長」規劃完善的課程內容，協助學生在畢業學分內，就上述三個領域中選擇一個領域完成主修學程學位；或選擇兩個領域完成「雙專長」學位，學生將具備兩個工程專業能力。多元化的課程組合，可培養學生成為跨領域及全球流通的專業工程人才。聯絡電話：03-4638800轉分機2543。
04020,元智大學,電機工程學系(甲組),第二類學群,20,10,3,10,0,0,均標,0,0,0,0,在校學業成績全校排名百分比,學測英文、數學A、自然之級分總和,學測數學A級分,數學學業成績總平均全校排名百分比,學測自然級分,物理學業成績總平均全校排名百分比,學測英文級分,1、在校學業成績全校排名百分比 2、學測英文、數學A、自然之級分總和 3、學測數學A級分 4、數學學業成績總平均全校排名百分比 5、學測自然級分 6、物理學業成績總平均全校排名百分比 7、學測英文級分,,,,,,,通過中華工程教育學會IEET認證，學位資格與國際接軌，畢業生出路寬廣，可就業於電機、電子及資訊等相關產業，2022碩士起薪工程學群私校冠軍。教授表現優異，包含IEEE Fellow、教育部學術獎、國科會傑出研究獎、吳大猷先生紀念獎得主及國科會傑出特約研究員，且獲國科會大型計畫如AI中心計畫、愛因斯坦計畫等。近年世界大學科研論文質量評比及相關領域排名屢獲肯定，於2023-2025蟬聯EduRANK電機領域排名私立大學第1名(全國第11名)。本系奠基於大學教育使命，設計完整之基礎、理論與實驗課程，並輔以相關之專業學程與專題研究，以培養學生為世界科技產業之重要研究發展人才。
04021,元智大學,電機工程學系(乙組),第二類學群,17,10,3,10,0,0,後標,前標,0,0,0,在校學業成績全校排名百分比,學測國文、英文、自然之級分總和,學測自然級分,學測國文級分,學測英文級分,物理學業成績總平均全校排名百分比,數學學業成績總平均全校排名百分比,1、在校學業成績全校排名百分比 2、學測國文、英文、自然之級分總和 3、學測自然級分 4、學測國文級分 5、學測英文級分 6、物理學業成績總平均全校排名百分比 7、數學學業成績總平均全校排名百分比,,,,,,,"本組涵蓋電信工程、高頻技術、智慧資訊三大專業領域，教學內容包括電機、資訊、行動無線通訊、人工智慧、機器人、物聯網、智慧醫療等專業課程，結合國內外產業發展趨勢，培養專業人才。各項獎助學金優渥，師資優秀，教學與研究設備豐富精良，眾多課程供同學依志趣選擇發展專長，產學合作與學術研究成果豐碩，師生屢獲校內外各大獎項。本組Edurank排名在電機領域是私校第1/全國第11,而在電信領域更是私校第1/全國第8, 師生關懷互動密切，讀書風氣優良，畢業生成功就讀各校研究所比例高達 80%，就讀頂尖大學研究所達70%。分機 7301。
特別提醒：考生僅需通過「數學A」或「數學B」其中一科之檢定標準即可。"
04022,元智大學,電機工程學系(丙組),第二類學群,10,10,3,10,0,0,0,0,0,均標,0,在校學業成績全校排名百分比,學測國文、英文、數學A、自然之級分總和,學測數學A級分,學測自然級分,物理學業成績總平均全校排名百分比,數學學業成績總平均全校排名百分比,學測英文級分,1、在校學業成績全校排名百分比 2、學測國文、英文、數學A、自然之級分總和 3、學測數學A級分 4、學測自然級分 5、物理學業成績總平均全校排名百分比 6、數學學業成績總平均全校排名百分比 7、學測英文級分,,,,,,,本組涵蓋「半導體暨綠能」及「光機電系統與光資訊」二大專業學程。研究與教學領域包含半導體元件製程、有機光電半導體、高效率太陽能電池與發光二極體、薄膜電晶體、石墨烯、顯示科技；以及單晶片系統、光電應用、光學與光機設計、雷射與光達、影像偵測與識別等前瞻方向。辦學品質獲中華工程教育學會認證，且於電機領域EduRank排名為：私校第1，全國第11。結合產業設有台積電「元件整合學程」與中強光電「企業書院光電專班學程」，提供各式獎學金與實習，培養理論與實務並重之電機人才。學研環境好、讀書風氣高，升學績效佳，國立頂大研究所升學率達七成，詳見http://eec.ee.yzu.edu.tw/。
04023,元智大學,電機通訊學院英語學士班,第二類學群,5,10,1,10,0,後標,0,0,0,0,0,在校學業成績全校排名百分比,學測英文、自然之級分總和,數學學業成績總平均全校排名百分比,學測數學A級分,英語文學業成績總平均全校排名百分比,物理學業成績總平均全校排名百分比,學測自然級分,1、在校學業成績全校排名百分比 2、學測英文、自然之級分總和 3、數學學業成績總平均全校排名百分比 4、學測數學A級分 5、英語文學業成績總平均全校排名百分比 6、物理學業成績總平均全校排名百分比 7、學測自然級分,,,,,,,本校為具國際聲望的雙語大學(EduRank電機領域排名:私校第1，全國第11; 電信領域：全國第8)。本院研究及教學涵蓋電機、資訊、電子、通訊、光電、人工智慧及半導體等「大電機」領域，在全球化趨勢下，產業界對於兼備專業技術與英語能力的人才需求更顯殷切。本班專業必修課程採全英語授課，並規劃英文精進系列課程，強化學生專業英文能力，學生亦可透過參與海外移地教學、國際交換、海外交流與國際學碩雙聯學位等，提升國際移動力，成為「大電機」領域專業之國際移動人才。聯絡電話：03-4638800分機7901。本班網站https://www.ei.yzu.edu.tw/。
04024,元智大學,護理學系,第三類學群,6,1,1,1,後標,後標,0,0,0,後標,0,在校學業成績全校排名百分比,學測國文、英文之級分總和,學測國文級分,學測英文級分,學測自然級分,生物學業成績總平均全校排名百分比,國語文學業成績總平均全校排名百分比,1、在校學業成績全校排名百分比 2、學測國文、英文之級分總和 3、學測國文級分 4、學測英文級分 5、學測自然級分 6、生物學業成績總平均全校排名百分比 7、國語文學業成績總平均全校排名百分比,,,,,,,"1.本系基於綜合大學的優勢，提供多元與跨領域學習機會，充實學生之科學與人文學養，培育具智慧照護、關懷、敬業及愛人特質的護理人才。
2.集團醫療機構提供實習和就業管道，與姊妹校的國際交流熱絡，能培育學生智慧護理、領導能力與國際觀。
聯絡電話：(03)4638800 ext. 6622、6621
網頁：https://nursing.yzu.edu.tw/index.php/zh/"
04101,國立中正大學,中國文學系,第一類學群,12,17,2,12,前標,均標,0,0,均標,0,0,在校學業成績全校排名百分比,學測國文級分,國語文學業成績總平均全校排名百分比,學測英文級分,英語文學業成績總平均全校排名百分比,學測社會級分,歷史學業成績總平均全校排名百分比,1、在校學業成績全校排名百分比 2、學測國文級分 3、國語文學業成績總平均全校排名百分比 4、學測英文級分 5、英語文學業成績總平均全校排名百分比 6、學測社會級分 7、歷史學業成績總平均全校排名百分比,,,,,,,"本系開設古典文學、現代文學、思想義理、語言文字、戲劇戲曲等相關課程，希望學生在紮實的學術訓練下，從中國傳統汲取養料，並靈活運用於現實生活，未來能夠成為藝文界、教育界、新聞界傑出的專業人才。本系設施完備，環境優美，人文氣息濃厚，是涵養文學人才的最佳處所。
本系網址：https://litera.ccu.edu.tw，聯絡電話：(05)2720411轉21101。"
04102,國立中正大學,外國語文學系,第一類學群,10,17,1,12,均標,前標,0,0,均標,0,0,在校學業成績全校排名百分比,學測英文級分,學測國文級分,學測社會級分,學測國文、英文、社會之級分總和,英語文學業成績總平均全校排名百分比,國語文學業成績總平均全校排名百分比,1、在校學業成績全校排名百分比 2、學測英文級分 3、學測國文級分 4、學測社會級分 5、學測國文、英文、社會之級分總和 6、英語文學業成績總平均全校排名百分比 7、國語文學業成績總平均全校排名百分比,,,,,,,"1.訓練學生英語聽、說、讀、寫及進階應用能力。
2.培養學生文學文化與語言學(暨語言教學)專業知識。
3.本系語言訓練與專業知識並重，得以成功培育具深厚人文素養與世界觀之傑出英語專業人才。
4.本校設有師資培育中心，本系學生欲修習教育學程者，可依規定申請辦理。
5.本系網址:https://fllcccu.ccu.edu.tw/;聯絡電話:(05)2720411轉21201"
04103,國立中正大學,歷史學系,第一類學群,7,17,2,12,均標,均標,0,0,前標,0,0,在校學業成績全校排名百分比,學測國文、社會之級分總和,學測社會級分,學測國文級分,學測英文級分,歷史學業成績總平均全校排名百分比,國語文學業成績總平均全校排名百分比,1、在校學業成績全校排名百分比 2、學測國文、社會之級分總和 3、學測社會級分 4、學測國文級分 5、學測英文級分 6、歷史學業成績總平均全校排名百分比 7、國語文學業成績總平均全校排名百分比,,,,,,,"一、以培養人文學科的歷史知識份子為目標。二、師資均具國內外知名大學之博士學位，具備傑出的研究能力， 本系學、碩、博士班課程完備。三、本系空間寬敞，藏書豐富，教學電腦等設備先進。四、職涯規劃可從事文史工作、藝文界、學術界、教育界、新聞出版界、公務員等工作。五、歡迎對史學有濃厚興趣，且願意以歷史研究為志業之學生加入本系。
本系網址：https://depthis.ccu.edu.tw/
聯絡電話：(05)2720411轉21301"
04104,國立中正大學,哲學系,第一類學群,10,17,2,12,均標,均標,後標,後標,0,0,0,在校學業成績全校排名百分比,學測英文級分,數學學業成績總平均全校排名百分比,學測國文級分,英語文學業成績總平均全校排名百分比,國語文學業成績總平均全校排名百分比,公民與社會學業成績總平均全校排名百分比,1、在校學業成績全校排名百分比 2、學測英文級分 3、數學學業成績總平均全校排名百分比 4、學測國文級分 5、英語文學業成績總平均全校排名百分比 6、國語文學業成績總平均全校排名百分比 7、公民與社會學業成績總平均全校排名百分比,,,,,,,"一、本系具有一流師資，完備之學習與研究資源，並致力於國際合作與交流。
二、著重培養學生邏輯推理、概念分析、理論反思與閱讀哲學經典之基本能力，鼓勵學生修習雙學位或輔系，雙主修學分可全數抵免本系45自由選修學分。
三、畢業出路包括繼續深造或從事教職、出版文化業、媒體傳播以及其他與所修習之雙學位或輔系相關的行業。
四、本系網址：https://deptphi.ccu.edu.tw 聯絡電話：(05)2720411轉21401"
04105,國立中正大學,社會福利學系,第一類學群,6,17,2,12,均標,均標,0,均標,均標,0,0,在校學業成績全校排名百分比,學測英文級分,學測數學B級分,學測社會級分,學測國文級分,公民與社會學業成績總平均全校排名百分比,英語文學業成績總平均全校排名百分比,1、在校學業成績全校排名百分比 2、學測英文級分 3、學測數學B級分 4、學測社會級分 5、學測國文級分 6、公民與社會學業成績總平均全校排名百分比 7、英語文學業成績總平均全校排名百分比,,,,,,,"本系以培育台灣社會福利研究、教學與實務運作之人才為主，超過30年發展，已經成為教學與研究完備之系所，以創新精神與獨立思維、多元背景之師資組合，融合社會科學知識，培養全方位人才。在課程規劃方面，本系學士班課程強調整合與應用社會科學知識及多元思考，探討社會福利相關議題，以培養學生制度分析、政策規劃、行政管理、福利服務之基本知識與專業能力。
本系網址:https://dsw.ccu.edu.tw 聯絡電話:05-2720411轉22101、22102"
04106,國立中正大學,勞工關係學系,第一類學群,12,17,0,0,均標,前標,0,均標,均標,0,0,在校學業成績全校排名百分比,學測英文級分,學測國文級分,學測社會級分,英語文學業成績總平均全校排名百分比,國語文學業成績總平均全校排名百分比,公民與社會學業成績總平均全校排名百分比,1、在校學業成績全校排名百分比 2、學測英文級分 3、學測國文級分 4、學測社會級分 5、英語文學業成績總平均全校排名百分比 6、國語文學業成績總平均全校排名百分比 7、公民與社會學業成績總平均全校排名百分比,,,,,,,"本系擁有經濟、社會、法律與人力資源管理等領域之師資，提供跨科際整合之課程，強調全球化之視野，協助培養同學兼顧理論與實務之專業知識，以利就業或再深造之需要。畢業後除繼續深造外，可於公部門或非營利組織服務，也可選擇於私部門從事人力資源管理等相關工作。
本系網址：https：//labor.ccu.edu.tw
聯絡電話：05-2720411轉22301"
04107,國立中正大學,政治學系,第一類學群,6,17,2,12,均標,前標,0,均標,前標,0,0,在校學業成績全校排名百分比,公民與社會學業成績總平均全校排名百分比,學測英文級分,學測社會級分,學測數學B級分,學測國文級分,學測國文、英文、數學B、社會之級分總和,1、在校學業成績全校排名百分比 2、公民與社會學業成績總平均全校排名百分比 3、學測英文級分 4、學測社會級分 5、學測數學B級分 6、學測國文級分 7、學測國文、英文、數學B、社會之級分總和,,,,,,,"1.本系教師畢業於臺灣、美、英、德、法各國，研究領域與國際或在地議題結合。
2.設有民意市場與調查中心，提供實務學習。
3.本系強調「獨立思辨」，結合理論、實務與時事案例。分為國際關係、政治理論與比較政治、公行與政策、科技與政治四組。其他資訊請參閱本系網頁https://polsci.ccu.edu.tw
4.聯絡方式：polsci@ccu.edu.tw或05-2721205"
04108,國立中正大學,傳播學系,第一類學群,5,17,2,12,均標,均標,0,0,均標,0,0,在校學業成績全校排名百分比,學測國文級分,學測英文級分,學測社會級分,國語文學業成績總平均全校排名百分比,英語文學業成績總平均全校排名百分比,公民與社會學業成績總平均全校排名百分比,1、在校學業成績全校排名百分比 2、學測國文級分 3、學測英文級分 4、學測社會級分 5、國語文學業成績總平均全校排名百分比 6、英語文學業成績總平均全校排名百分比 7、公民與社會學業成績總平均全校排名百分比,,,,,,,"本系因應數位媒體科技匯流、傳播產業環境變化，以培育具有數位媒體整合能力之人才為目標。教學以傳播基本技能及進階實作課程為基礎，學習新聞、資訊、影視、聲音、廣告等專業傳播領域知識，輔以社會人文、思辨、媒體素養等選修課程，並有中正E報、中正之聲的實習媒體課程。透過深入淺出、系列漸進的教學方式，讓學生掌握知識學理，養成團隊合作精神，主動發掘分析問題，鼓勵積極創新。
歡迎瀏覽本系網址：https://telecom.ccu.edu.tw
連絡電話：05-2720411轉22501"
04109,國立中正大學,經濟學系,第一類學群,27,17,4,12,均標,均標,0,前標,0,0,0,在校學業成績全校排名百分比,學測數學B級分,學測英文級分,學測國文級分,數學學業成績總平均全校排名百分比,英語文學業成績總平均全校排名百分比,國語文學業成績總平均全校排名百分比,1、在校學業成績全校排名百分比 2、學測數學B級分 3、學測英文級分 4、學測國文級分 5、數學學業成績總平均全校排名百分比 6、英語文學業成績總平均全校排名百分比 7、國語文學業成績總平均全校排名百分比,,,,,,,"1.本系教師畢業於全球知名大學，全數具有博士學位。教師研究與教學並重，研究表現在國內經濟學門名列前茅，教學優異屢獲獎項。本系注重學生國際視野的養成，國際經濟領域課程豐富，結合金融與產業分析以及數量方法，協助學生培養職場競爭力或繼續深造的實力，並以培育第一流的全球化人才為目標。
2.入學後每學期推薦每班成績排名前2名學生爭取校方「優秀學生獎學金」；針對表現優異之學生頒發「學習優異獎」。另本系成績優異同學可參加五年一貫學、碩士學位修讀機會。
3.連絡電話:05-2720411轉24102 ；本系網址: https://econ.ccu.edu.tw/"
04110,國立中正大學,財務金融學系,第一類學群,11,17,1,12,均標,前標,0,前標,0,0,0,在校學業成績全校排名百分比,學測國文、英文、數學B之級分總和,學測英文級分,英語文學業成績總平均全校排名百分比,數學學業成績總平均全校排名百分比,學測國文級分,國語文學業成績總平均全校排名百分比,1、在校學業成績全校排名百分比 2、學測國文、英文、數學B之級分總和 3、學測英文級分 4、英語文學業成績總平均全校排名百分比 5、數學學業成績總平均全校排名百分比 6、學測國文級分 7、國語文學業成績總平均全校排名百分比,,,,,,,"隨著資訊、金融市場環境的快速變遷及相關法規、制度的建立，優秀的財金決策人才必須具備多方面的專業知識。
本系大學部課程規劃共有10大跨領域學程，授課內容理論與實務並重，提供學生就業、深造之訓練或報考國內外各項財金證照之知識。
本系網址:https://deptfin.ccu.edu.tw
聯絡電話:05-2720411轉24202"
04111,國立中正大學,企業管理學系,第一類學群,13,17,0,0,均標,前標,0,前標,0,0,0,在校學業成績全校排名百分比,學測英文級分,英語文學業成績總平均全校排名百分比,學測數學B級分,數學學業成績總平均全校排名百分比,學測國文級分,國語文學業成績總平均全校排名百分比,1、在校學業成績全校排名百分比 2、學測英文級分 3、英語文學業成績總平均全校排名百分比 4、學測數學B級分 5、數學學業成績總平均全校排名百分比 6、學測國文級分 7、國語文學業成績總平均全校排名百分比,,,,,,,"本系教學主要配合國家當前建設與未來之發展，培育高級企業管理人才為目標。
本系網址:https://busadm.ccu.edu.tw
連絡電話:05-2720411轉24301"
04112,國立中正大學,會計與資訊科技學系,第一類學群,6,17,0,0,均標,前標,均標,前標,0,0,0,在校學業成績全校排名百分比,學測英文級分,學測國文、英文之級分總和,英語文學業成績總平均全校排名百分比,數學學業成績總平均全校排名百分比,學測國文級分,國語文學業成績總平均全校排名百分比,1、在校學業成績全校排名百分比 2、學測英文級分 3、學測國文、英文之級分總和 4、英語文學業成績總平均全校排名百分比 5、數學學業成績總平均全校排名百分比 6、學測國文級分 7、國語文學業成績總平均全校排名百分比,,,,,,,"本系以培養能在資訊科技環境下，充分發揮會計專業知識之管理人才為目標。
本系網址：https://ait.ccu.edu.tw
聯繫電話：(05)2720411轉24503
傳真電話：(05)2721197"
04113,國立中正大學,法律學系法學組,第一類學群,10,17,1,12,頂標,前標,0,均標,前標,0,0,在校學業成績全校排名百分比,學測國文、英文、數學B、社會之級分總和,學測英文級分,學測國文級分,學測社會級分,英語文學業成績總平均全校排名百分比,國語文學業成績總平均全校排名百分比,1、在校學業成績全校排名百分比 2、學測國文、英文、數學B、社會之級分總和 3、學測英文級分 4、學測國文級分 5、學測社會級分 6、英語文學業成績總平均全校排名百分比 7、國語文學業成績總平均全校排名百分比,,,,,,,"本系法學組著重培養紮實的法學素養，並兼顧理論與司法實務的整合學習，提供國際學術交流之機會，以培養法學研究人才及司法實務從業人員為主要目標。招收有志於從事司法官、律師及其他法律工作者就讀本系。
本系網址：https://deptlaw.ccu.edu.tw
聯絡電話：（05）2720411轉25101
傳真電話：（05）2721053"
04114,國立中正大學,法律學系法制組,第一類學群,10,17,1,12,頂標,前標,0,均標,前標,0,0,在校學業成績全校排名百分比,學測國文、英文、數學B、社會之級分總和,學測英文級分,學測國文級分,學測社會級分,英語文學業成績總平均全校排名百分比,國語文學業成績總平均全校排名百分比,1、在校學業成績全校排名百分比 2、學測國文、英文、數學B、社會之級分總和 3、學測英文級分 4、學測國文級分 5、學測社會級分 6、英語文學業成績總平均全校排名百分比 7、國語文學業成績總平均全校排名百分比,,,,,,,"本系法制組著重培養紮實的法學素養，並兼顧理論與司法實務的整合學習，提供國際學術交流之機會，以培養立法學與公法學領域之專業人才及司法實務從業人員為主要目標。招收有志於從事司法官、律師及其他法律工作者就讀本系。
本系網址：https://deptlaw.ccu.edu.tw
聯絡電話：（05）2720411轉25101
傳真電話：（05）2721053"
04115,國立中正大學,財經法律學系,第一類學群,15,17,1,12,頂標,前標,0,均標,前標,0,B級,在校學業成績全校排名百分比,學測國文、英文、數學B、社會之級分總和,學測國文級分,學測英文級分,學測社會級分,國語文學業成績總平均全校排名百分比,英語文學業成績總平均全校排名百分比,1、在校學業成績全校排名百分比 2、學測國文、英文、數學B、社會之級分總和 3、學測國文級分 4、學測英文級分 5、學測社會級分 6、國語文學業成績總平均全校排名百分比 7、英語文學業成績總平均全校排名百分比,,,,,,,"本系除民商法、刑事法、公法，及民刑事訴訟法外，學生並得接觸有關企業暨國際經貿法、智慧財產權法，以及 財稅法之課程。學生於畢業後可參加高普考、律師與司法官考試，亦可從事會計師、金融企業法務人員或財稅專 業律師等工作。
本系網址：https://deptflaw.ccu.edu.tw
聯絡電話：05-2720411轉25201"
04116,國立中正大學,成人及繼續教育學系,第一類學群,4,17,0,0,均標,均標,0,均標,均標,0,0,在校學業成績全校排名百分比,學測英文級分,學測國文級分,學測社會級分,英語文學業成績總平均全校排名百分比,學測數學B級分,學測國文、英文、數學B、社會之級分總和,1、在校學業成績全校排名百分比 2、學測英文級分 3、學測國文級分 4、學測社會級分 5、英語文學業成績總平均全校排名百分比 6、學測數學B級分 7、學測國文、英文、數學B、社會之級分總和,,,,,,,"本系積極培育四大類人才：學習設計人才、企劃與專案管理人才、經營管理人才、以及政策規劃與領導人才，且注重學生「方案企劃」、「學習設計」與「經營管理」三大核心能力的培養，歡迎對於成人與高齡教育的教學、企劃或管理實務有興趣，且具潛能的優秀學生加入本系。
本系網址：https://cyiaace.ccu.edu.tw
聯絡電話：05-2720411轉26101"
04117,國立中正大學,犯罪防治學系,第一類學群,2,17,0,0,前標,前標,0,均標,前標,0,0,在校學業成績全校排名百分比,學測國文、英文、數學B、社會之級分總和,學測英文級分,學測國文級分,學測社會級分,公民與社會學業成績總平均全校排名百分比,學測數學B級分,1、在校學業成績全校排名百分比 2、學測國文、英文、數學B、社會之級分總和 3、學測英文級分 4、學測國文級分 5、學測社會級分 6、公民與社會學業成績總平均全校排名百分比 7、學測數學B級分,,,,,,,"犯罪防治涉及犯罪學、生物學、心理學、社會學、社會工作、法學、諮商輔導、精神醫學等各門學科的綜合性科學。因應當前社會錯綜複雜的各型態犯罪問題，必須藉助科際整合的研究與教學，始能找出犯罪現象的根源，據以研擬整合性的犯罪防治策略；歡迎有志青年選擇本系。
本系網址：https://deptcrm.ccu.edu.tw/ 聯絡電話：05-2720411轉26301"
04118,國立中正大學,數學系,第二類學群,8,11,0,0,0,均標,前標,0,0,前標,0,在校學業成績全校排名百分比,學測數學A級分,學測英文級分,學測自然級分,學測英文、數學A、自然之級分總和,數學學業成績總平均全校排名百分比,英語文學業成績總平均全校排名百分比,1、在校學業成績全校排名百分比 2、學測數學A級分 3、學測英文級分 4、學測自然級分 5、學測英文、數學A、自然之級分總和 6、數學學業成績總平均全校排名百分比 7、英語文學業成績總平均全校排名百分比,,,,,,,"數學不僅是一種學門，它更是一種解決科學問題的工具。凡對理論數學有興趣或有志於將數學方法應用至解決科學與工程的問題上者，歡迎選擇科學之基礎科系—數學系。
本系網址:https://math.ccu.edu.tw
聯絡電話:05-2720411轉61101"
04119,國立中正大學,地球與環境科學系,第二類學群,7,11,1,3,均標,均標,均標,0,0,前標,0,在校學業成績全校排名百分比,學測數學A級分,學測自然級分,學測英文級分,學測國文、英文、數學A、自然之級分總和,數學學業成績總平均全校排名百分比,地球科學學業成績總平均全校排名百分比,1、在校學業成績全校排名百分比 2、學測數學A級分 3、學測自然級分 4、學測英文級分 5、學測國文、英文、數學A、自然之級分總和 6、數學學業成績總平均全校排名百分比 7、地球科學學業成績總平均全校排名百分比,,,,,,,"本系為全國唯一結合地震學、應用地球物理學、地質科學、環境科學與跨領域應用之新興科系，研究領域涵蓋災害評估、環境汙染、能源探勘、資源利用與環境永續等相關的議題。本系提供多元學習課程，學生可依其興趣選擇重點領域發展，提升競爭力。本系竭誠歡迎對地球科學或環境科學有興趣之年輕學子加入。
本系網址：https://eq.ccu.edu.tw/，連絡電話：05-2720411轉61201或 (05)2720809。"
04120,國立中正大學,物理學系,第二類學群,3,11,0,0,0,均標,前標,0,0,前標,0,在校學業成績全校排名百分比,學測數學A級分,學測自然級分,學測英文級分,數學學業成績總平均全校排名百分比,物理學業成績總平均全校排名百分比,英語文學業成績總平均全校排名百分比,1、在校學業成績全校排名百分比 2、學測數學A級分 3、學測自然級分 4、學測英文級分 5、數學學業成績總平均全校排名百分比 6、物理學業成績總平均全校排名百分比 7、英語文學業成績總平均全校排名百分比,,,,,,,"希望能招收對自然科學具有高度興趣與優越表現者，使能有效培育成物理各學門之專業人才。
本系網址：https://physics.ccu.edu.tw/
聯絡電話：(05)2720411轉61303"
04121,國立中正大學,化學暨生物化學系,第二類學群,18,11,2,3,均標,均標,前標,0,0,前標,0,在校學業成績全校排名百分比,學測自然級分,學測數學A級分,學測英文級分,化學學業成績總平均全校排名百分比,物理學業成績總平均全校排名百分比,數學學業成績總平均全校排名百分比,1、在校學業成績全校排名百分比 2、學測自然級分 3、學測數學A級分 4、學測英文級分 5、化學學業成績總平均全校排名百分比 6、物理學業成績總平均全校排名百分比 7、數學學業成績總平均全校排名百分比,,,,,,,"歡迎對化學有興趣的學生進入本系就讀，以培養成為國家未來科技專才。
有關本系定位與發展方向、教師多方位之研究課題、教學課程之規劃等，歡迎至本系網頁作更進一步之瞭解。
本系網址：https://deptche.ccu.edu.tw/
聯絡電話：(05)2720411轉61050"
04122,國立中正大學,資訊工程學系,第二類學群,6,11,0,0,0,前標,頂標,0,0,前標,0,在校學業成績全校排名百分比,學測英文、數學A、自然之級分總和,數學學業成績總平均全校排名百分比,物理學業成績總平均全校排名百分比,英語文學業成績總平均全校排名百分比,學測數學A級分,學測自然級分,1、在校學業成績全校排名百分比 2、學測英文、數學A、自然之級分總和 3、數學學業成績總平均全校排名百分比 4、物理學業成績總平均全校排名百分比 5、英語文學業成績總平均全校排名百分比 6、學測數學A級分 7、學測自然級分,,,,,,,"1.歡迎數理資優，對程式設計，資訊工程有濃厚興趣的學生報考。2.本系通過中華工程教育協會認證，為中正大學標竿系所，並獲多項教育改進計畫補助。3.提供五年一貫修讀機會，學生可於五年完成學士及碩士學位。4.本系網址：https://cs.ccu.edu.tw/
聯絡電話：05-2720411轉23102
E-mail：office2025@cs.ccu.edu.tw"
04123,國立中正大學,電機工程學系,第二類學群,9,11,0,0,均標,前標,頂標,0,0,前標,0,在校學業成績全校排名百分比,學測數學A級分,學測英文級分,學測自然級分,學測國文級分,英語文學業成績總平均全校排名百分比,數學學業成績總平均全校排名百分比,1、在校學業成績全校排名百分比 2、學測數學A級分 3、學測英文級分 4、學測自然級分 5、學測國文級分 6、英語文學業成績總平均全校排名百分比 7、數學學業成績總平均全校排名百分比,,,,,,,"入學後每學期對成績優異學生頒給優秀學生獎學金，對用功學生頒給成績進步獎學金。另成績優異的學生可參加
五年一貫學、碩士學位修讀。
本系網址：https://ee.ccu.edu.tw
聯絡電話：05-2720411轉23213康小姐"
04124,國立中正大學,機械工程學系機械工程組,第二類學群,9,11,0,0,均標,均標,前標,0,0,前標,0,在校學業成績全校排名百分比,學測數學A級分,學測自然級分,學測英文級分,數學學業成績總平均全校排名百分比,物理學業成績總平均全校排名百分比,英語文學業成績總平均全校排名百分比,1、在校學業成績全校排名百分比 2、學測數學A級分 3、學測自然級分 4、學測英文級分 5、數學學業成績總平均全校排名百分比 6、物理學業成績總平均全校排名百分比 7、英語文學業成績總平均全校排名百分比,,,,,,,本校在教育部頂尖大學高等教育深耕計畫支持下設有前瞻製造系統頂尖研究中心。本系是精密機械、智慧工具機與智慧製造研究領域的佼佼者，一流師資充滿學術活力，學術與產學合作表現亮眼。設備先進教學嚴謹，學風優良，畢業生理論實務紮實為實力型科技人才，深獲工業界好評。 本系網址：https://deptime.ccu.edu.tw 聯絡電話：（05）2720411轉23301蔡小姐
04125,國立中正大學,機械工程學系光機電整合工程組,第二類學群,4,11,0,0,均標,均標,前標,0,0,前標,0,在校學業成績全校排名百分比,學測數學A級分,學測自然級分,學測英文級分,數學學業成績總平均全校排名百分比,物理學業成績總平均全校排名百分比,英語文學業成績總平均全校排名百分比,1、在校學業成績全校排名百分比 2、學測數學A級分 3、學測自然級分 4、學測英文級分 5、數學學業成績總平均全校排名百分比 6、物理學業成績總平均全校排名百分比 7、英語文學業成績總平均全校排名百分比,,,,,,,"光機電整合工程是整合光電和機電系統，並達到改善系統性能、調控光之能量與傳遞、調控光電元件等目的。研
究領域運用到之專業知識包括光學、影像及色彩處理、半導體元件、先進材料、電子電路、感測器、生醫光電、
雷射光源與光電子學等。光機電整合是極具挑戰性的跨領域技術，也是充滿機會與前景的新興科技領域。
本系網址：https://deptime.ccu.edu.tw 聯絡電話：（05）2720411轉23301"
04126,國立中正大學,化學工程學系,第二類學群,11,11,0,0,均標,前標,前標,0,0,前標,0,在校學業成績全校排名百分比,學測國文、英文、數學A、自然之級分總和,學測數學A級分,學測自然級分,學測英文級分,化學學業成績總平均全校排名百分比,物理學業成績總平均全校排名百分比,1、在校學業成績全校排名百分比 2、學測國文、英文、數學A、自然之級分總和 3、學測數學A級分 4、學測自然級分 5、學測英文級分 6、化學學業成績總平均全校排名百分比 7、物理學業成績總平均全校排名百分比,,,,,,,"本系以教育具現代科技素養的化工專業人才為宗旨，除了教授基礎化學工程之課程外，亦包含大量的實驗操作課程，俾以增進學生實作的能力。為培育學生具備現代科技素養，特別加強半導體、材料、高分子及生物領域之選修課程，期使學生在畢業後能成為優秀的科技通才。
本系網址:https://che.ccu.edu.tw
連絡電話:(05)2720411轉23401"
04127,國立中正大學,通訊工程學系,第二類學群,4,11,0,0,均標,前標,前標,0,0,前標,0,在校學業成績全校排名百分比,學測數學A級分,學測英文級分,學測自然級分,學測國文級分,英語文學業成績總平均全校排名百分比,數學學業成績總平均全校排名百分比,1、在校學業成績全校排名百分比 2、學測數學A級分 3、學測英文級分 4、學測自然級分 5、學測國文級分 6、英語文學業成績總平均全校排名百分比 7、數學學業成績總平均全校排名百分比,,,,,,,"入學後每學期對成績優異學生頒給書卷獎學金，對用功學生頒給成績進步獎學金。另成績優異的學生可參加五年一貫學、碩士學位修讀。
本系網址：https://comm.ccu.edu.tw
連絡電話：05-2720411轉23503林小姐"
04128,國立中正大學,資訊管理學系,第二類學群,5,11,1,3,均標,前標,前標,0,0,0,0,在校學業成績全校排名百分比,學測英文級分,學測數學A級分,數學學業成績總平均全校排名百分比,英語文學業成績總平均全校排名百分比,學測自然級分,學測國文級分,1、在校學業成績全校排名百分比 2、學測英文級分 3、學測數學A級分 4、數學學業成績總平均全校排名百分比 5、英語文學業成績總平均全校排名百分比 6、學測自然級分 7、學測國文級分,,,,,,,"本系之目標在培養學生獨立思考能力，強調理論與實務之結合和系統整合之專業能力，並因應全球資訊產業發展，培育具有資訊科技應用與管理能力之人才。
本系網址：https://mis.ccu.edu.tw
聯絡電話：05-2720411轉24602"
04129,國立中正大學,生物醫學科學系,第三類學群,6,2,1,2,均標,前標,均標,0,0,前標,0,在校學業成績全校排名百分比,學測英文級分,學測自然級分,學測數學A級分,生物學業成績總平均全校排名百分比,英語文學業成績總平均全校排名百分比,數學學業成績總平均全校排名百分比,1、在校學業成績全校排名百分比 2、學測英文級分 3、學測自然級分 4、學測數學A級分 5、生物學業成績總平均全校排名百分比 6、英語文學業成績總平均全校排名百分比 7、數學學業成績總平均全校排名百分比,,,,,,,"本系鼓勵對生物醫學相關領域具熱忱者，希望在優良教育與訓練下，經由傳承師生密切互動學習之風氣，提供有志生物醫學發展的同學一個圓夢的機會。
本系網址: https://admbio.ccu.edu.tw/
連絡電話: 05-2720411轉61501"
04130,國立中正大學,心理學系,第三類學群,7,2,2,2,均標,均標,均標,0,0,均標,0,在校學業成績全校排名百分比,學測英文級分,學測數學A級分,學測自然級分,英語文學業成績總平均全校排名百分比,數學學業成績總平均全校排名百分比,生物學業成績總平均全校排名百分比,1、在校學業成績全校排名百分比 2、學測英文級分 3、學測數學A級分 4、學測自然級分 5、英語文學業成績總平均全校排名百分比 6、數學學業成績總平均全校排名百分比 7、生物學業成績總平均全校排名百分比,,,,,,,"一、本系以培養心理學專業人才為宗旨，包含心理學認知、發展、生理、社會與人格、工商、計量、臨床心理學等領域，設有多個具研究特色的實驗室，用以培育學生兼具心理學廣度與深度，另設立高齡跨域、人力資源與組織心理、司法心理、運動心理科學等學分學程，強化跨領域知識與實作能力。畢業生主要從事人力資源、測驗研發、廣告與行銷、設計管理、非營利組織、教育與研究及政府機關人員等。
二、本系網址：https://psy.ccu.edu.tw，聯絡電話：(05)2720411轉22201或22202。"
04131,國立中正大學,運動競技學系,第七類學群,2,1,1,1,底標,底標,0,0,0,0,0,在校學業成績全校排名百分比,體育學業成績總平均全校排名百分比,學測英文級分,學測國文級分,英語文學業成績總平均全校排名百分比,國語文學業成績總平均全校排名百分比,公民與社會學業成績總平均全校排名百分比,1、在校學業成績全校排名百分比 2、體育學業成績總平均全校排名百分比 3、學測英文級分 4、學測國文級分 5、英語文學業成績總平均全校排名百分比 6、國語文學業成績總平均全校排名百分比 7、公民與社會學業成績總平均全校排名百分比,體育(百分等級):--,,,,,,"本系以培育運動健身指導與推廣人才為目標之一，兼顧學生學科及術科的學習課程，並提供實務實習機會，歡迎對運動休閒指導與推廣有興趣的同學加入本系的行列。
本系網址 : https://das-sle.ccu.edu.tw/
聯絡電話 : 05-2720411 轉26501
電子信箱 : deptsle@ccu.edu.tw"
04201,大葉大學,財務金融學系,第一類學群,1,7,0,0,0,0,0,0,底標,0,0,在校學業成績全校排名百分比,學測國文級分,學測社會級分,學測國文、社會之級分總和,地理學業成績總平均全校排名百分比,公民與社會學業成績總平均全校排名百分比,英語文學業成績總平均全校排名百分比,1、在校學業成績全校排名百分比 2、學測國文級分 3、學測社會級分 4、學測國文、社會之級分總和 5、地理學業成績總平均全校排名百分比 6、公民與社會學業成績總平均全校排名百分比 7、英語文學業成績總平均全校排名百分比,,,,,,,本系於學生入學後即給予職涯方向輔導，期望大二起，即對智慧投資、銀行專業及公司財務組有一確切的專攻方向。聘請業界師資協同授課、提供海內外實習及證照輔導，並鼓勵大四提前進入職場實習。財金工作高起薪的特性，可讓學生贏在人生的起跑點。本系網址：http://fm.dyu.edu.tw；聯絡電話：04-8511888轉3521。
04202,大葉大學,應用日語學系,第一類學群,1,7,1,6,0,0,0,0,底標,0,0,在校學業成績全校排名百分比,學測社會級分,歷史學業成績總平均全校排名百分比,國語文學業成績總平均全校排名百分比,英語文學業成績總平均全校排名百分比,地理學業成績總平均全校排名百分比,生活科技學業成績總平均全校排名百分比,1、在校學業成績全校排名百分比 2、學測社會級分 3、歷史學業成績總平均全校排名百分比 4、國語文學業成績總平均全校排名百分比 5、英語文學業成績總平均全校排名百分比 6、地理學業成績總平均全校排名百分比 7、生活科技學業成績總平均全校排名百分比,,,,,,,本系提供多元海外學習管道，包含海外留學、海外雙聯學制、海外實習、國際移動師資與姊妹校師生互動等，拓展國際視野及培育多元文化理解素養;另外注重跨領域第二專長培育，輔以業界師資及實務證照，打造符合現代社會所需的π型日語應用人才。電話:04-8511888轉6071，https://dj.dyu.edu.tw
04203,大葉大學,餐旅管理學系,第一類學群,1,7,1,6,底標,0,0,0,0,0,0,在校學業成績全校排名百分比,學測英文級分,學測國文級分,學測社會級分,資訊科技學業成績總平均全校排名百分比,生活科技學業成績總平均全校排名百分比,公民與社會學業成績總平均全校排名百分比,1、在校學業成績全校排名百分比 2、學測英文級分 3、學測國文級分 4、學測社會級分 5、資訊科技學業成績總平均全校排名百分比 6、生活科技學業成績總平均全校排名百分比 7、公民與社會學業成績總平均全校排名百分比,,,,,,,餐旅管理學系包含「廚藝、餐旅管理」二大模組，培訓學生成為中西餐廚藝及餐旅管理專業人才。與國外名校合作，邀請國際大師授課，讓學生接軌國際廚藝。餐旅管理學系教師豐富經驗的傳承，讓你成為一位自信且具備廚藝及經營管理能力的餐旅專業人才。本系聯絡電話04-8511888轉7051，網址：https://hom.dyu.edu.tw
04204,大葉大學,烘焙暨飲料調製學士學位學程,第一類學群,4,7,1,6,0,0,0,0,底標,0,0,在校學業成績全校排名百分比,學測英文級分,學測國文級分,學測社會級分,資訊科技學業成績總平均全校排名百分比,生活科技學業成績總平均全校排名百分比,公民與社會學業成績總平均全校排名百分比,1、在校學業成績全校排名百分比 2、學測英文級分 3、學測國文級分 4、學測社會級分 5、資訊科技學業成績總平均全校排名百分比 6、生活科技學業成績總平均全校排名百分比 7、公民與社會學業成績總平均全校排名百分比,,,,,,,烘焙暨飲料調製學士學位學程包含「烘焙」與「飲料調製」二大模組課程。強化學生實務經驗及經營管理能力，培育烘焙與飲料調製雙能力兼具之專業人才。未來就業方向:烘焙師，品酒、侍酒師、飲料調製人員，具備烘焙、飲調創業能力。學系電話04-8511888轉7055，系網：http://bbp.dyu.edu.tw/
04205,大葉大學,設計學系,第一類學群,1,7,1,6,底標,0,0,0,0,0,0,在校學業成績全校排名百分比,學測國文級分,公民與社會學業成績總平均全校排名百分比,學測社會級分,學測國文、社會之級分總和,地理學業成績總平均全校排名百分比,英語文學業成績總平均全校排名百分比,1、在校學業成績全校排名百分比 2、學測國文級分 3、公民與社會學業成績總平均全校排名百分比 4、學測社會級分 5、學測國文、社會之級分總和 6、地理學業成績總平均全校排名百分比 7、英語文學業成績總平均全校排名百分比,,,,,,,"本系著重學生多元設計領域培養。
1.豐富學程自主配套。2.模組化課程，提供學子跳躍式選擇方式學習。3.師徒制方式串聯師生活力連結，培訓設計學子獨立思考能力。4.業師參與教學傳承實務經驗。5.畢業就業領域跨足視覺設計、影視動畫、CMF、產品設計及運輸交通工具產業連結。
網址https://ds.dyu.edu.tw/電話：04-8511888#5011"
04206,大葉大學,多媒體數位內容學士學位學程,第一類學群,5,7,1,6,底標,0,0,0,0,0,0,在校學業成績全校排名百分比,學測國文級分,國語文學業成績總平均全校排名百分比,公民與社會學業成績總平均全校排名百分比,地理學業成績總平均全校排名百分比,歷史學業成績總平均全校排名百分比,英語文學業成績總平均全校排名百分比,1、在校學業成績全校排名百分比 2、學測國文級分 3、國語文學業成績總平均全校排名百分比 4、公民與社會學業成績總平均全校排名百分比 5、地理學業成績總平均全校排名百分比 6、歷史學業成績總平均全校排名百分比 7、英語文學業成績總平均全校排名百分比,,,,,,,本學士學位學程教學重點將針對動畫設計、影視特效設計、遊戲設計、互動設計、動漫美術、模型製作、AI輔助設計等數位多媒體領域做一完整的課程介紹，提供學生將來進入這個兆元產業最佳的課程與專業訓練。目前本學位學程已與多家知名動畫遊戲公司簽訂產學合作暨實務實習合約，學生可於在學期間至相關企業進行實習，以達到畢業即就業及提升學生就業競爭力。同學畢業後可繼續深造或投入動畫、漫畫創作、數位遊戲、數位影音、數位學習、內容軟體、數位出版典藏、行動應用服務等相關產業。學系網址：https://mdc.dyu.edu.tw；聯絡電話：04-8511888轉2421。
04207,大葉大學,AI創新設計學士學位學程,第一類學群,4,7,1,6,底標,0,0,0,0,0,0,在校學業成績全校排名百分比,學測國文級分,國語文學業成績總平均全校排名百分比,公民與社會學業成績總平均全校排名百分比,地理學業成績總平均全校排名百分比,歷史學業成績總平均全校排名百分比,英語文學業成績總平均全校排名百分比,1、在校學業成績全校排名百分比 2、學測國文級分 3、國語文學業成績總平均全校排名百分比 4、公民與社會學業成績總平均全校排名百分比 5、地理學業成績總平均全校排名百分比 6、歷史學業成績總平均全校排名百分比 7、英語文學業成績總平均全校排名百分比,,,,,,,本「AI創新設計學士學位學程」以培育數位媒體創新設計與AI輔助設計跨域專業人才為目標。課程橫跨多元領域，包含網路社群與新媒體行銷、線上虛擬展覽、傳統媒體數位延伸，及新興數位媒體創新實踐。在設計表現上，涵蓋2D/3D動畫、數位漫畫、動靜態圖文、互動遊戲、及AR/VR沉浸式互動等多樣形式，並透過AI生成技術，強化設計創造力與效率。除了技能養成，本學程更強調跨域思維與產學接軌。透過專題製作與產業實習，學生不僅能培養專業能力，亦能具備因應未來產業挑戰的競爭力。畢業後學生可進入廣告行銷、數位娛樂、動畫影視、遊戲產業、文化創意產業、教育訓練及互動設計等產業。學系網址：https://aiid.dyu.edu.tw；聯絡電話：04-8511888轉2421。
04208,大葉大學,機械與自動化工程學系,第二類學群,6,9,1,6,0,0,底標,0,0,0,0,在校學業成績全校排名百分比,學測數學A級分,國語文學業成績總平均全校排名百分比,英語文學業成績總平均全校排名百分比,數學學業成績總平均全校排名百分比,物理學業成績總平均全校排名百分比,化學學業成績總平均全校排名百分比,1、在校學業成績全校排名百分比 2、學測數學A級分 3、國語文學業成績總平均全校排名百分比 4、英語文學業成績總平均全校排名百分比 5、數學學業成績總平均全校排名百分比 6、物理學業成績總平均全校排名百分比 7、化學學業成績總平均全校排名百分比,,,,,,,大葉大學機械與自動化工程學系秉持「理論與實務並重」、「科技整合」與「師徒制」之教學理念。著重於『先進車輛與能源科技』、『AI機械與機器人科技』等教學與研究領域，進行實務訓練與技術傳承，包括應用自動化及機器人技術於智慧車輛、綠能科技、精密機械與半導體電子設備等相關產業。本系師徒制培訓學生參與相關證照訓練考照及各項競賽冠軍殊榮，並已通過IEET國際工程教育認證，辦學成效斐然。本系另有研究所碩、博士班供學生繼續深造。聯絡電話04-8511888#2101，本系網址：https://me.dyu.edu.tw
04209,大葉大學,電機工程學系,第二類學群,4,9,1,6,0,0,底標,0,0,0,0,在校學業成績全校排名百分比,學測數學A級分,數學學業成績總平均全校排名百分比,物理學業成績總平均全校排名百分比,英語文學業成績總平均全校排名百分比,資訊科技學業成績總平均全校排名百分比,國語文學業成績總平均全校排名百分比,1、在校學業成績全校排名百分比 2、學測數學A級分 3、數學學業成績總平均全校排名百分比 4、物理學業成績總平均全校排名百分比 5、英語文學業成績總平均全校排名百分比 6、資訊科技學業成績總平均全校排名百分比 7、國語文學業成績總平均全校排名百分比,,,,,,,教學主軸包含光電半導體及智慧控制系統兩大專業，設有半導體製程與分析實驗室、模組化電子電路實驗室、物理科學實驗室，室內配線乙級國家考場以及AI人工智慧研發基地，有效落專業實務訓練，打造學生就業力。本系通過IEET國際工程教育認證，另設有研究所碩士，博士班可供優秀學生繼續深造。聯絡電話：04-8511888轉2161，學系網址://ee.dyu.edu.tw
04210,大葉大學,環境與安全工程學系(環境永續組),第二類學群,3,9,1,6,底標,0,0,0,0,0,0,在校學業成績全校排名百分比,學測國文級分,國語文學業成績總平均全校排名百分比,英語文學業成績總平均全校排名百分比,數學學業成績總平均全校排名百分比,生活科技學業成績總平均全校排名百分比,資訊科技學業成績總平均全校排名百分比,1、在校學業成績全校排名百分比 2、學測國文級分 3、國語文學業成績總平均全校排名百分比 4、英語文學業成績總平均全校排名百分比 5、數學學業成績總平均全校排名百分比 6、生活科技學業成績總平均全校排名百分比 7、資訊科技學業成績總平均全校排名百分比,,,,,,,環境永續組，旨在培養具備「環境工程」、「科技廠環境管理」、「溫室氣體減量」與「ESG永續」等多元專業技能的人才。課程結合理論與實務，涵蓋環境工程技術、環境管理、淨零碳管理等前瞻元素，並融入ESG企業永續發展提供學生多元發展。本系提供全職實習機會與專業證照輔導，確保學生具備即戰力，畢業後能勝任環境、永續與安全工程等相關產業，邁向全方位的職涯發展。聯絡電話：04-8511888轉 2351。系網頁https://ese.dyu.edu.tw/
04211,大葉大學,環境與安全工程學系(安全科技組),第二類學群,2,9,0,0,底標,0,0,0,0,0,0,在校學業成績全校排名百分比,學測國文級分,國語文學業成績總平均全校排名百分比,英語文學業成績總平均全校排名百分比,數學學業成績總平均全校排名百分比,生活科技學業成績總平均全校排名百分比,資訊科技學業成績總平均全校排名百分比,1、在校學業成績全校排名百分比 2、學測國文級分 3、國語文學業成績總平均全校排名百分比 4、英語文學業成績總平均全校排名百分比 5、數學學業成績總平均全校排名百分比 6、生活科技學業成績總平均全校排名百分比 7、資訊科技學業成績總平均全校排名百分比,,,,,,,安全科技組，旨在培養具備「消防科技」、「科技廠安全管理」與「新興能源風險分析」等多元專業技能的人才。課程結合理論與實務，涵蓋安全工業4.0、智慧防災、企業風險控管等前瞻元素，並融入ESG企業永續發展提供學生多元發展。本系提供全職實習機會與專業證照輔導，確保學生具備即戰力，畢業後能勝任消防設備師士、永續與安全工程等相關產業，邁向全方位的職涯發展。聯絡電話：04-8511888轉 2351。系網頁https://ese.dyu.edu.tw/
04212,大葉大學,會計與資訊管理學系(人工智慧科技管理組),第二類學群,1,9,0,0,0,底標,0,0,0,0,0,在校學業成績全校排名百分比,學測英文級分,學測國文級分,學測國文、英文之級分總和,英語文學業成績總平均全校排名百分比,國語文學業成績總平均全校排名百分比,數學學業成績總平均全校排名百分比,1、在校學業成績全校排名百分比 2、學測英文級分 3、學測國文級分 4、學測國文、英文之級分總和 5、英語文學業成績總平均全校排名百分比 6、國語文學業成績總平均全校排名百分比 7、數學學業成績總平均全校排名百分比,,,,,,,本學系因應人工智慧(AI)的崛起及相關應用，資管領域設立「人工智慧科技管理組」專長。AI專長以培養學生具備協助企業商業智慧化，以及開發、使用人工智慧軟體，協助企業做精準行銷以及企業自動化。課程包含時下最夯的智慧行銷分析、人工智慧工具應用、智慧物流與供應鏈管理、資訊安全、大數據分析等課程。於課程中輔導學生考取證照並帶領學生參加相關競賽，學生可依照自己興趣進行跨領域學習多項技能。本系師資陣容堅強、學有專精，視生如親，社團多樣活動豐富。歡迎加入我們的行列，我們將培養你/妳成為產業最愛的職場菁英。電話：04-8511888轉3131；網址：ai.dyu.edu.tw；IG：aim.dyu；FB：會計與資訊管理學系。
04213,大葉大學,生物醫學系(檢驗醫學組),第二類學群,1,9,0,0,底標,0,0,0,0,0,0,在校學業成績全校排名百分比,學測國文級分,學測英文級分,學測國文、英文之級分總和,國語文學業成績總平均全校排名百分比,英語文學業成績總平均全校排名百分比,生物學業成績總平均全校排名百分比,1、在校學業成績全校排名百分比 2、學測國文級分 3、學測英文級分 4、學測國文、英文之級分總和 5、國語文學業成績總平均全校排名百分比 6、英語文學業成績總平均全校排名百分比 7、生物學業成績總平均全校排名百分比,,,,,,,新興疾病盛行、人口高齡化及精準醫療發展趨勢下，生醫產業的成長與人才需求皆較一般產業更為穩健。本組教學研究重點是著重運用先進生物科技於檢驗技術創新開發，重視與產業接軌，強調理論與實務並重，致力於培育生醫產業所需關鍵人才。本系網址：https://dmb.dyu.edu.tw。聯絡電話：04-8511888轉4251
04214,大葉大學,空間設計學系建築組,第二類學群,1,9,1,6,底標,0,0,0,0,0,0,在校學業成績全校排名百分比,學測國文級分,國語文學業成績總平均全校排名百分比,歷史學業成績總平均全校排名百分比,地理學業成績總平均全校排名百分比,公民與社會學業成績總平均全校排名百分比,英語文學業成績總平均全校排名百分比,1、在校學業成績全校排名百分比 2、學測國文級分 3、國語文學業成績總平均全校排名百分比 4、歷史學業成績總平均全校排名百分比 5、地理學業成績總平均全校排名百分比 6、公民與社會學業成績總平均全校排名百分比 7、英語文學業成績總平均全校排名百分比,,,,,,,延續中學生對藝術與創作之興趣，配合本校師徒制與本系理論與實務並重均衡發展的方向，培養獨立思考、設計創意與建築設計實務能力，以解決建築空間規劃設計的議題。本系網址：http://sp.dyu.edu.tw/；臉書搜尋「大葉大學空間設計學系/建築研究所」；聯絡電話：04-8511888轉5195。
04215,大葉大學,資訊工程學系,第二類學群,7,9,1,6,0,底標,0,0,0,0,0,在校學業成績全校排名百分比,資訊科技學業成績總平均全校排名百分比,生活科技學業成績總平均全校排名百分比,學測國文、英文之級分總和,學測英文級分,學測國文級分,英語文學業成績總平均全校排名百分比,1、在校學業成績全校排名百分比 2、資訊科技學業成績總平均全校排名百分比 3、生活科技學業成績總平均全校排名百分比 4、學測國文、英文之級分總和 5、學測英文級分 6、學測國文級分 7、英語文學業成績總平均全校排名百分比,,,,,,,本系依目前產業趨勢規劃人工智慧、智聯網(AIoT)及雲端運算等專長領域供學生選讀，學生可依興趣選擇資訊軟體、網路通訊、資料庫系統設計及人工智慧等技術專研，畢業後可繼續深造或投入資訊系統研發、資訊應用等相關產業。學系網址 https://csie.dyu.edu.tw；聯絡電話 04-8511888轉2401。
04216,大葉大學,半導體學士學位學程,第二類學群,5,9,1,6,0,0,底標,0,0,0,0,在校學業成績全校排名百分比,學測數學A級分,數學學業成績總平均全校排名百分比,物理學業成績總平均全校排名百分比,英語文學業成績總平均全校排名百分比,資訊科技學業成績總平均全校排名百分比,國語文學業成績總平均全校排名百分比,1、在校學業成績全校排名百分比 2、學測數學A級分 3、數學學業成績總平均全校排名百分比 4、物理學業成績總平均全校排名百分比 5、英語文學業成績總平均全校排名百分比 6、資訊科技學業成績總平均全校排名百分比 7、國語文學業成績總平均全校排名百分比,,,,,,,"致力培育具有實作及就業競爭力之半導體專業人才，以培養半導體設備與製程工程師為目標。所開設之半導體專業課程涵蓋半導體製程實務，半導體設備應用實務以及半導體材料分析領域，同時增加永續製造、循環經濟等議題教育，符合產業永續發展需求。聯絡電話：04-8511888轉2171,學系網址：http://semi.dyu.edu.tw"
04217,大葉大學,生物醫學系(生物醫藥組),第三類學群,1,5,1,5,0,底標,0,0,0,0,0,在校學業成績全校排名百分比,學測英文級分,學測國文級分,學測國文、英文之級分總和,英語文學業成績總平均全校排名百分比,國語文學業成績總平均全校排名百分比,生物學業成績總平均全校排名百分比,1、在校學業成績全校排名百分比 2、學測英文級分 3、學測國文級分 4、學測國文、英文之級分總和 5、英語文學業成績總平均全校排名百分比 6、國語文學業成績總平均全校排名百分比 7、生物學業成績總平均全校排名百分比,,,,,,,新興疾病盛行、人口高齡化及精準醫療發展趨勢下，生醫產業的成長與人才需求皆較一般產業更為穩健。本組教學研究重點是著重運用先進生物科技於檢驗技術創新開發，重視與產業接軌，強調理論與實務並重，致力於培育生醫產業所需關鍵人才。本系網址：https://dmb.dyu.edu.tw。聯絡電話：04-8511888轉4251
04218,大葉大學,藥用植物與食品保健學系,第三類學群,2,5,1,5,0,底標,0,0,0,0,0,在校學業成績全校排名百分比,學測國文級分,學測英文級分,學測國文、英文之級分總和,生物學業成績總平均全校排名百分比,化學學業成績總平均全校排名百分比,英語文學業成績總平均全校排名百分比,1、在校學業成績全校排名百分比 2、學測國文級分 3、學測英文級分 4、學測國文、英文之級分總和 5、生物學業成績總平均全校排名百分比 6、化學學業成績總平均全校排名百分比 7、英語文學業成績總平均全校排名百分比,,,,,,,1.課程結合「食藥生技」與「藥粧保健」專業跨科知識整合以及應用生技產業實務特色。重視專題研究、跨域學習、實務證照及產業實習。2.「食藥生技組」教學研究包括生化程序、發酵技術、保健產品之功能性及安全性評估、工廠管理與行銷等特色，培養食品或藥品研發、檢驗分析、品管與品保、企劃行銷、醫療保健等專業人才。3.「藥粧保健組」教學研究包括藥用植物暨藥粧資源開發、中藥暨藥粧產品配方設計、芳療與美容實務應用等特色，培養中藥保健與美粧產業科技研發與經營管理之專業人才。4.歡迎對醫藥食品科技及健康保健產業有興趣的學生。電話:04-8511888#2281。本系網址https://mfh.dyu.edu.tw。
04219,大葉大學,護理學系,第三類學群,7,5,1,5,0,底標,0,0,0,0,0,在校學業成績全校排名百分比,學測國文、英文之級分總和,學測英文級分,學測國文級分,生物學業成績總平均全校排名百分比,英語文學業成績總平均全校排名百分比,國語文學業成績總平均全校排名百分比,1、在校學業成績全校排名百分比 2、學測國文、英文之級分總和 3、學測英文級分 4、學測國文級分 5、生物學業成績總平均全校排名百分比 6、英語文學業成績總平均全校排名百分比 7、國語文學業成績總平均全校排名百分比,,,,,,,大葉大學護理學系具備全國最先進設備，由專業醫療及博士級護理師資群精心授課，提供您高額獎助學金及親民學費。美國、澳洲、泰國學校及醫院交換學習等您來參與。進入本系不只學習護理專業，更能培養成熟的人格。期待您與我們一起開啟優質的護理人生！請洽本系網頁https://don.dyu.edu.tw/或來電詢問04-8511888#7205。
04220,大葉大學,視光學系,第三類學群,3,5,1,5,底標,0,0,0,0,0,0,在校學業成績全校排名百分比,學測國文級分,英語文學業成績總平均全校排名百分比,國語文學業成績總平均全校排名百分比,學測英文級分,學測自然級分,物理學業成績總平均全校排名百分比,1、在校學業成績全校排名百分比 2、學測國文級分 3、英語文學業成績總平均全校排名百分比 4、國語文學業成績總平均全校排名百分比 5、學測英文級分 6、學測自然級分 7、物理學業成績總平均全校排名百分比,,,,,,,1.本系為醫療相關學系，需具有相當之視覺、聽覺功能、口語表達、溝通、辨識顏色、移動、人際互動協調等功能，及能控管自身情緒。2.本系培育第15類醫事人員，教授眼球解剖生理、專業驗光、眼鏡及隱形眼鏡驗配、雙眼視覺等專業學能。擁有專業實驗室、完整的基礎與臨床師資。與知名視光企業及醫院眼科產學合作，保障學生實習及就業。電話:04-8511888#7231，網址:opt.dyu.edu.tw
04221,大葉大學,職能治療學系,第三類學群,1,5,1,5,0,底標,0,0,0,0,0,在校學業成績全校排名百分比,學測英文級分,學測自然級分,學測國文級分,英語文學業成績總平均全校排名百分比,生物學業成績總平均全校排名百分比,國語文學業成績總平均全校排名百分比,1、在校學業成績全校排名百分比 2、學測英文級分 3、學測自然級分 4、學測國文級分 5、英語文學業成績總平均全校排名百分比 6、生物學業成績總平均全校排名百分比 7、國語文學業成績總平均全校排名百分比,,,,,,,職能治療是一項助人的醫療專業，藉由有意義的目的性活動協助個案恢復/維持身心功能、發展生活適應能力、增進個案生活獨立與提升社會參與。學生必須具備相當之聽覺、視知覺、認知功能、坐站耐力、平衡及靈活運用肢體能力，口語表達、人際互動、溝通協調能力，能控管自身情緒及具備抗壓能力。未來可考取職能治療師證照及投入醫療相關機構就業，歡迎有興趣的同學加入我們！04-8511888分機7251、https://dot.dyu.edu.tw/
04401,華梵大學,智慧生活科技學系大數據與管理組,第一類學群,2,6,1,3,0,0,底標,底標,0,0,0,在校學業成績全校排名百分比,學測國文級分,學測英文級分,學測社會級分,國語文學業成績總平均全校排名百分比,英語文學業成績總平均全校排名百分比,公民與社會學業成績總平均全校排名百分比,1、在校學業成績全校排名百分比 2、學測國文級分 3、學測英文級分 4、學測社會級分 5、國語文學業成績總平均全校排名百分比 6、英語文學業成績總平均全校排名百分比 7、公民與社會學業成績總平均全校排名百分比,,,,,,,"1.配合AI、生成式AI、大數據、ESG潮流，培養具備資訊技術、數據分析、與智慧管理知識之跨領域資料分析人才，並可將之靈活運用於管理實務中。
2.配合資料科學產業的發展趨勢，培養具有潛力資料科學人才，成為資料科學業明日之新星。
3.海外學習交流：歷年有美國普渡大學、美國莫瑞大學、中國北京科技大學等。
4.畢業校友考上研究所頗眾，如北科大、清大、雲科大等校，以及至台積電、緯創資通等科技大廠服務。"
04402,華梵大學,智慧生活設計學系空間設計組,第一類學群,1,6,0,0,底標,0,0,0,0,0,0,在校學業成績全校排名百分比,學測國文級分,學測英文級分,學測社會級分,國語文學業成績總平均全校排名百分比,英語文學業成績總平均全校排名百分比,公民與社會學業成績總平均全校排名百分比,1、在校學業成績全校排名百分比 2、學測國文級分 3、學測英文級分 4、學測社會級分 5、國語文學業成績總平均全校排名百分比 6、英語文學業成績總平均全校排名百分比 7、公民與社會學業成績總平均全校排名百分比,,,,,,,"1.配合全球經濟浪潮，積極培養台灣社會有關建築、室內設計、景觀建築、都市計畫等空間建設人才，以及進入國際市場之空間設計師。
2.配合空間設計產業的發展趨勢，培養具有潛力之人才，成為室內設計業明日之新星。
3.海外學習交流：歷年有美國莫瑞州立大學、英國帝門大學、日本札幌大學、四川美術學院、西安建築科技大學等交流學習的機會。
4.畢業校友考上研究所頗眾，遍及台大城鄉所、北科大、台科大、中原、淡江等諸校。"
04403,華梵大學,智慧生活設計學系創意產品與汽車設計組,第一類學群,1,6,0,0,底標,0,0,0,0,0,0,在校學業成績全校排名百分比,學測國文級分,學測英文級分,學測社會級分,國語文學業成績總平均全校排名百分比,英語文學業成績總平均全校排名百分比,公民與社會學業成績總平均全校排名百分比,1、在校學業成績全校排名百分比 2、學測國文級分 3、學測英文級分 4、學測社會級分 5、國語文學業成績總平均全校排名百分比 6、英語文學業成績總平均全校排名百分比 7、公民與社會學業成績總平均全校排名百分比,,,,,,,"1.以創意設計為出發核心，培養工藝美術與工業產品設計實作能力之人才。提供木工、金工、陶藝、汽車工坊、油土塑造、陶瓷與水泥3D列印以及雷射切割等工坊設備，鼓勵學生發展自己的興趣。歡迎學生參與自主學習計畫，依照個人志趣規畫主題式課程，可以專注於跨領域深度學習。
2.畢業生可以進入設計公司、個人創作工作室、工藝設計、文化產品設計、文化資產、品牌開發、跨領域設計人才或學術研究等。並提供許多國際交流機會和獎學金，鼓勵學生海外學習，拓展國際視野。交流學校包含:英國帝門大學、西班牙卡斯提亞拉曼查大學、日本北海道札幌市立大學和美國莫瑞州立大學等學校。"
04404,華梵大學,攝影與VR設計學系VR與互動媒體組,第一類學群,1,6,1,3,底標,0,0,0,0,0,0,在校學業成績全校排名百分比,學測國文級分,學測英文級分,學測社會級分,國語文學業成績總平均全校排名百分比,英語文學業成績總平均全校排名百分比,公民與社會學業成績總平均全校排名百分比,1、在校學業成績全校排名百分比 2、學測國文級分 3、學測英文級分 4、學測社會級分 5、國語文學業成績總平均全校排名百分比 6、英語文學業成績總平均全校排名百分比 7、公民與社會學業成績總平均全校排名百分比,,,,,,,"1. 本組以虛擬影像為核心，涵蓋 AR、VR、XR、互動藝術、3D 建模與遊戲設計等專業應用。學生可學習一套 3D 遊戲引擎與建模工具，培養跨域整合能力。畢業可投入數位敘事、遊戲設計、動畫特效、AR/VR/XR 開發與體驗設計等相關領域。
2. 提供多元自主學習計畫，強調跨域深度探索。
3. 設有國際交流獎學金，合作學校包括加拿大溫哥華電影學院、韓國建國大學、美國莫瑞州立大學、日本札幌市立大學及多所中國美術學院。"
04405,華梵大學,攝影與VR設計學系攝影與科技藝術組,第一類學群,2,6,1,3,底標,0,0,0,0,0,0,在校學業成績全校排名百分比,學測國文級分,學測英文級分,學測社會級分,國語文學業成績總平均全校排名百分比,英語文學業成績總平均全校排名百分比,公民與社會學業成績總平均全校排名百分比,1、在校學業成績全校排名百分比 2、學測國文級分 3、學測英文級分 4、學測社會級分 5、國語文學業成績總平均全校排名百分比 6、英語文學業成績總平均全校排名百分比 7、公民與社會學業成績總平均全校排名百分比,,,,,,,"1. 以攝影與動態影像學習為核心，兼顧媒體傳播、藝術創作與商業應用。學生將學習靜態、動態影像前後期製作，並結合新媒體科技探索未來創作。畢業可投入影像傳播、藝術創作、廣告企劃、設計出版、策展研究等領域。
2. 提供多元自主學習計畫，依個人志趣，強調跨域深度探索。
3. 設有國際交流獎學金，合作機構包括加拿大溫哥華電影學院、韓國建國大學、美國莫瑞州立大學、日本札幌市立大學及多所中國美術學院。"
04406,華梵大學,美術與文創學系文創設計組,第一類學群,2,6,0,0,底標,0,0,0,0,0,0,在校學業成績全校排名百分比,學測國文級分,學測英文級分,學測社會級分,國語文學業成績總平均全校排名百分比,英語文學業成績總平均全校排名百分比,公民與社會學業成績總平均全校排名百分比,1、在校學業成績全校排名百分比 2、學測國文級分 3、學測英文級分 4、學測社會級分 5、國語文學業成績總平均全校排名百分比 6、英語文學業成績總平均全校排名百分比 7、公民與社會學業成績總平均全校排名百分比,,,,,,,本系師資國際化，具備美、英、法、西及兩岸等多元學歷，教師寬廣的文化藝術視野可以豐富學生的文創設計能量。本校與多所姊妹學校合作，方便學生國際學習，每年約有30%以上同學參加遊學、專題課程及交換生計畫。另外設計教學與本校相關科系課程資訊共享，學生可跨足攝影、建築產品設計等專業面向。系友在教育、創作和個人創業上具有傑出表現，除多人考上國立大學的藝術研究所，另有dosomething stuido創辦人、金馬影展形象設計師、知名修復工作室青雨山房負責人及英國皇家藝術學院博士等，優秀的表現，印證本系專業學習成果。
04407,華梵大學,智慧生活科技學系智慧產品開發組,第二類學群,2,1,1,1,0,0,底標,底標,0,0,0,在校學業成績全校排名百分比,學測自然級分,學測國文級分,學測英文級分,資訊科技學業成績總平均全校排名百分比,國語文學業成績總平均全校排名百分比,英語文學業成績總平均全校排名百分比,1、在校學業成績全校排名百分比 2、學測自然級分 3、學測國文級分 4、學測英文級分 5、資訊科技學業成績總平均全校排名百分比 6、國語文學業成績總平均全校排名百分比 7、英語文學業成績總平均全校排名百分比,,,,,,,"1.培養半導體IC設計人才，包含半導體製程相關技術、類比IC設計、數位IC設計與混合式IC設計。
2.培養AI人工智慧相關應用與研發技術，用於加速學習科技與發展之知識。
3.培養無人機相關技術之專業實務人才。
4.推薦至科技廠商的實習機會。"
04408,華梵大學,美術與文創學系美術創作組,第五類學群,2,1,1,1,0,0,0,0,0,0,0,在校學業成績全校排名百分比,學測國文級分,學測英文級分,學測社會級分,國語文學業成績總平均全校排名百分比,英語文學業成績總平均全校排名百分比,公民與社會學業成績總平均全校排名百分比,1、在校學業成績全校排名百分比 2、學測國文級分 3、學測英文級分 4、學測社會級分 5、國語文學業成績總平均全校排名百分比 6、英語文學業成績總平均全校排名百分比 7、公民與社會學業成績總平均全校排名百分比,素描:底標；彩繪技法:--；創意表現:--；水墨書畫:--；美術鑑賞:--,,,,,,本系師資國際化，具備美、英、法、西及兩岸等多元學歷，寬廣的文化藝術視野可以豐富同學的藝術能量。本校擁有多所姊妹學校方便同學國際學習：如西班牙卡斯提亞拉曼查大學、日本札幌市立大學、四川美術學院等，每年約有30%以上同學參加遊學及交換。系友在教育、創作和個人創業上具有傑出表現，多人考上國立大學研究所，另有dosomething stuido創辦人、金馬影展形象設計師、知名修復工作室青雨山房負責人及英國皇家藝術學院博士等，優秀的系友表現，印證專業學習成果，期望您給自己一個機會來本校就讀，一起打造豐美的藝術未來。
04501,義守大學,資訊管理學系,第一類學群,2,12,1,11,底標,0,0,0,0,0,0,在校學業成績全校排名百分比,學測國文級分,學測英文級分,國語文學業成績總平均全校排名百分比,英語文學業成績總平均全校排名百分比,學測國文、英文之級分總和,公民與社會學業成績總平均全校排名百分比,1、在校學業成績全校排名百分比 2、學測國文級分 3、學測英文級分 4、國語文學業成績總平均全校排名百分比 5、英語文學業成績總平均全校排名百分比 6、學測國文、英文之級分總和 7、公民與社會學業成績總平均全校排名百分比,,,,,,,"1.本系旨在培育人工智慧、行動商務、大數據與智慧物聯網產業亟需之專業人才，課程中融入AI輔助教學，輔導同學考取多張國際級專業證照，並與多家資訊公司合作，提供實習與就業機會，以期達成「畢業即就業」之目標。
2.本系聯絡電話：07-6577711轉6552，網址：mis.isu.edu.tw，EMAIL：mis@isu.edu.tw。"
04502,義守大學,企業管理學系,第一類學群,2,12,1,11,底標,0,0,0,0,0,0,在校學業成績全校排名百分比,學測國文級分,國語文學業成績總平均全校排名百分比,學測英文級分,英語文學業成績總平均全校排名百分比,學測國文、英文之級分總和,公民與社會學業成績總平均全校排名百分比,1、在校學業成績全校排名百分比 2、學測國文級分 3、國語文學業成績總平均全校排名百分比 4、學測英文級分 5、英語文學業成績總平均全校排名百分比 6、學測國文、英文之級分總和 7、公民與社會學業成績總平均全校排名百分比,,,,,,,"1.本系在培養有競爭力之專業經理人與創業家，並聚焦於創意廣告與行銷物流、組織領導與人力資源、以及企業診斷與創業管理，三個特色管理學程。
2.課程採用多元教學模式，結合AI科技、個案研討、專題競賽、實務實作與企業實習等，擺脫傳統聽講課程設計，並通過AACSB國際商管認證，教學品質獲世界級肯定。
3.系友遍及各行各業，如創業家、廣告行銷、人力資源、工業管理、公職、金融從業人員等。
4.本系聯絡電話：07-6577711轉5902，網址：ba.isu.edu.tw，EMAIL：bba@isu.edu.tw。"
04503,義守大學,財務金融管理學系,第一類學群,8,12,1,11,底標,0,0,0,0,0,0,在校學業成績全校排名百分比,學測國文、英文、數學B之級分總和,數學學業成績總平均全校排名百分比,學測國文級分,國語文學業成績總平均全校排名百分比,公民與社會學業成績總平均全校排名百分比,英語文學業成績總平均全校排名百分比,1、在校學業成績全校排名百分比 2、學測國文、英文、數學B之級分總和 3、數學學業成績總平均全校排名百分比 4、學測國文級分 5、國語文學業成績總平均全校排名百分比 6、公民與社會學業成績總平均全校排名百分比 7、英語文學業成績總平均全校排名百分比,,,,,,,本系通過AACSB國際商管認證。1.百分百實習就業，本系實習機構達20家，包括銀行業、證券業帶薪實習，並可於畢業前轉為正職。2.主題式財務金融課程，輔導取得銀行及證券專業證照。3.執行金融產學計畫，就業資源豐沛，提供實習外的第二層就業保障。本系聯絡電話：07-6577711轉5702，網址：finance.isu.edu.tw，EMAIL：fin@isu.edu.tw。
04504,義守大學,會計學系,第一類學群,3,12,1,11,底標,0,0,0,0,0,0,在校學業成績全校排名百分比,學測國文級分,學測英文級分,學測社會級分,國語文學業成績總平均全校排名百分比,英語文學業成績總平均全校排名百分比,數學學業成績總平均全校排名百分比,1、在校學業成績全校排名百分比 2、學測國文級分 3、學測英文級分 4、學測社會級分 5、國語文學業成績總平均全校排名百分比 6、英語文學業成績總平均全校排名百分比 7、數學學業成績總平均全校排名百分比,,,,,,,1.本系教育目標在於透過智慧科技、創新教學及跨域整合，培育學生具備管理涵養及國際視野之會計專業斜槓人才。2.本系2021年再次通過全球商管教育AACSB國際認證，與實務並重，除會計、稅務、財金與管理等相關專業知識傳授外，另設有主題式課群，包含創業實務、永續管理、數位金融、智能審計等前瞻知識，並積極輔導學生國家考試及取得專業證照，使學生具備全人素養與核心跨域專業。3.本系重視學用合一，為有效提升職涯發展能力，四年級下學期全學期與國際結盟大型會計師事務所等合作辦理實習，學生可獲留用之機會。4.本系聯絡電話：07-6577711轉5402，網址：acc.isu.edu.tw，EMAIL：acc@isu.edu.tw。
04505,義守大學,醫務管理學系,第一類學群,9,12,1,11,底標,0,0,0,0,0,0,在校學業成績全校排名百分比,國語文學業成績總平均全校排名百分比,英語文學業成績總平均全校排名百分比,公民與社會學業成績總平均全校排名百分比,數學學業成績總平均全校排名百分比,學測國文、英文之級分總和,學測英文級分,1、在校學業成績全校排名百分比 2、國語文學業成績總平均全校排名百分比 3、英語文學業成績總平均全校排名百分比 4、公民與社會學業成績總平均全校排名百分比 5、數學學業成績總平均全校排名百分比 6、學測國文、英文之級分總和 7、學測英文級分,,,,,,,"你是否對醫療健康產業感到興趣？本系希望培養擁有團隊合作、創新思維、人文關懷態度的人才，且具備實務操作和跨領域整合能力。
1.本系規劃「醫療機構管理」、「高齡產業管理」、「智慧醫療與巨量資料管理」三個特色領域相關課程，並結合義大醫療體系資源，強化學生就業力。2.畢業系友多任職醫療院所、健康產業、政府衛生行政機構或長照機構。可考醫管師、醫資師、疾病分類師等證照與公衛師國家考試。3.本系另設有碩士班先修制度，最快5年可取得學、碩士學位。更多詳情請上網healthcare.isu.edu.tw，EMAIL：hca@isu.edu.tw或電洽07-6151100轉7602。歡迎你加入！"
04506,義守大學,餐旅管理學系,第一類學群,3,12,1,11,底標,0,0,0,0,0,0,在校學業成績全校排名百分比,學測國文級分,國語文學業成績總平均全校排名百分比,學測英文級分,英語文學業成績總平均全校排名百分比,學測社會級分,學測國文、英文之級分總和,1、在校學業成績全校排名百分比 2、學測國文級分 3、國語文學業成績總平均全校排名百分比 4、學測英文級分 5、英語文學業成績總平均全校排名百分比 6、學測社會級分 7、學測國文、英文之級分總和,,,,,,,1.本系通過AACSB國際商管認證，是唯一提供高雄萬豪、義大皇家等五星飯店集團菁英培訓的學系。致力於培養具全方位餐廳與旅館管理能力的專業主管，是「經營餐廳、管理飯店、打造卓越顧客體驗」等人才的搖籃。強調情境教學和職場體驗，課程結合智慧科技、導入數位及外語教學，強化國際移動力。2.設有中、西餐、烘培、飲料創新、餐飲服務、國際會館及101餐廳等專業教室。除安排至集團所屬的飯店見習，並需至國內、外知名飯店實習六個月。3.本系部分課程須遵守專業的服裝和儀容標準，學生可依興趣選修餐飲或旅館課程，並設有高級管家服務跨領域學程。4.本系聯絡電話：07-6577711轉5752，網址：hm.isu.edu.tw，EMAIL：rhm@isu.edu.tw。
04507,義守大學,廚藝暨美食學學系,第一類學群,3,12,1,11,底標,0,0,0,0,0,0,在校學業成績全校排名百分比,學測國文級分,國語文學業成績總平均全校排名百分比,學測社會級分,公民與社會學業成績總平均全校排名百分比,學測英文級分,英語文學業成績總平均全校排名百分比,1、在校學業成績全校排名百分比 2、學測國文級分 3、國語文學業成績總平均全校排名百分比 4、學測社會級分 5、公民與社會學業成績總平均全校排名百分比 6、學測英文級分 7、英語文學業成績總平均全校排名百分比,,,,,,,"1.想成為廚藝達人嗎？Yes, we can help！本系通過AACSB國際商管認證，為全國唯一與義联集團所屬五星級酒店直接配合之學系。課程強調廚藝技術的學習，以「廚藝科學與美學」與「健康養生餐飲」為發展主軸，培養具國際觀的跨領域廚藝人才。配有西餐教室、中餐教室、烘焙教室、西點教室、巧克力專業教室、廚藝影棚與飲食圖書室與實習餐廳等學習空間。
2.本系聯絡電話:07-6577711轉3152，網址: ca.isu.edu.tw，EMAIL：cag@isu.edu.tw。"
04508,義守大學,國際企業經營英語學士學位學程(國際學院),第一類學群,1,12,0,0,0,後標,0,0,0,0,0,在校學業成績全校排名百分比,學測英文級分,學測國文級分,學測國文、英文之級分總和,英語文學業成績總平均全校排名百分比,國語文學業成績總平均全校排名百分比,數學學業成績總平均全校排名百分比,1、在校學業成績全校排名百分比 2、學測英文級分 3、學測國文級分 4、學測國文、英文之級分總和 5、英語文學業成績總平均全校排名百分比 6、國語文學業成績總平均全校排名百分比 7、數學學業成績總平均全校排名百分比,,,,,,,全英語商業學程，開啟您的全球視野！1.本學程獲得AACSB國際認證，致力培養具全球競爭力的企業領袖；2.提供全英語授課環境，與世界各地的菁英一起學習；3.最快4年可取得國際雙學位(學士+碩士)；4.大三開始海外交換學習或國際實習，提供每位同學20萬高額獎學金；5.英語成績優異者，最高可獲四年全額住宿費減免及海外學習基金。加入我們，培養國際企業專業知識、跨文化溝通能力及全球視野，為您的國際職涯開啟無限可能。聯絡電話：07-6577711轉8702，網址：iciba.isu.edu.tw，EMAIL：iba@isu.edu.tw。
04509,義守大學,應用日語學系,第一類學群,8,12,1,11,底標,0,0,0,0,0,0,在校學業成績全校排名百分比,學測國文級分,國語文學業成績總平均全校排名百分比,公民與社會學業成績總平均全校排名百分比,學測國文、英文之級分總和,英語文學業成績總平均全校排名百分比,學測英文級分,1、在校學業成績全校排名百分比 2、學測國文級分 3、國語文學業成績總平均全校排名百分比 4、公民與社會學業成績總平均全校排名百分比 5、學測國文、英文之級分總和 6、英語文學業成績總平均全校排名百分比 7、學測英文級分,,,,,,,1.本系設有日本語言文化、日本商業貿易領域，培養跨領域專業日語人才。2.有機會赴日交換留學一年，另有機會取得雙聯學位。甄選多名赴日本企業實習，另有暑期實習、研修機會。3.產學合作資源豐富有利就業。對外語以及人文跨域學習有興趣者。取得「高級中學學生預修大學第二外語課程專班」日語學分或預修大學日語專班學分者，依本校規定抵免學分。4.學系聯絡電話：07-6577711轉5562，網址：aj.isu.edu.tw，EMAIL：nihongo@isu.edu.tw。
04510,義守大學,大眾傳播學系,第一類學群,4,12,1,11,底標,0,0,0,0,0,0,在校學業成績全校排名百分比,學測國文級分,國語文學業成績總平均全校排名百分比,公民與社會學業成績總平均全校排名百分比,學測英文級分,英語文學業成績總平均全校排名百分比,學測國文、英文之級分總和,1、在校學業成績全校排名百分比 2、學測國文級分 3、國語文學業成績總平均全校排名百分比 4、公民與社會學業成績總平均全校排名百分比 5、學測英文級分 6、英語文學業成績總平均全校排名百分比 7、學測國文、英文之級分總和,,,,,,,在「全媒體」時代，AI不僅是工具，更是「跨平台的敘事串接者」。作為高屏唯一的傳播科系，本系致力於培養數位傳播高手。以AI為核心，整合舞台、社群、短影音與網站，讓學生運用AI技術產製多元內容。這些內容不僅能應用於廣告公關和影視節目，更透過數位人文與智慧媒體製播，融入人文視角，創造具備深度的創新作品。我們重視傳統傳播知識與文化社會的理解，讓學生畢業後能投身數位廣告、AI內容生成、智慧城市資訊傳播或數位策展等領域，成為兼具創意與技術的產業人才。本系聯絡電話：07-6577711轉5952，網址：dmc.isu.edu.tw，EMAIL：dmc@isu.edu.tw。
04511,義守大學,電影與電視學系,第一類學群,4,12,1,11,底標,0,0,0,0,0,0,在校學業成績全校排名百分比,學測國文級分,國語文學業成績總平均全校排名百分比,學測英文級分,英語文學業成績總平均全校排名百分比,學測國文、英文之級分總和,公民與社會學業成績總平均全校排名百分比,1、在校學業成績全校排名百分比 2、學測國文級分 3、國語文學業成績總平均全校排名百分比 4、學測英文級分 5、英語文學業成績總平均全校排名百分比 6、學測國文、英文之級分總和 7、公民與社會學業成績總平均全校排名百分比,,,,,,,"1.本系培育電影、電視、廣告以及影視AI新科技應用、VR影片、網紅youtuber等相關人才。實務教育影視產業之編劇、導演、製片、攝影、燈光、聲音、美術造型設計、發行、數位影展等。著重「實作參與」，並接受產業名師指導，增加就業競爭力，畢業後能直接與影視產業連結。歡迎同學與我們一起追夢，期待下一個金馬、金鐘得主就是你。
2.本系聯絡電話:07-6577711轉8252，網址: filmtv.isu.edu.tw，EMAIL：ftv@isu.edu.tw。"
04512,義守大學,視覺藝術與設計學系,第一類學群,1,12,1,11,底標,0,0,0,0,0,0,在校學業成績全校排名百分比,學測國文級分,國語文學業成績總平均全校排名百分比,學測英文級分,英語文學業成績總平均全校排名百分比,學測國文、英文之級分總和,公民與社會學業成績總平均全校排名百分比,1、在校學業成績全校排名百分比 2、學測國文級分 3、國語文學業成績總平均全校排名百分比 4、學測英文級分 5、英語文學業成績總平均全校排名百分比 6、學測國文、英文之級分總和 7、公民與社會學業成績總平均全校排名百分比,,,,,,,"1.本系以視覺藝術結合AI技術為核心，涵蓋生成藝術、AR/VR/XR、沉浸式影像與互動設計。
2.強化專業指導與創新力，就業以數位設計、UI/UX、創意商品及科技藝術為主。
3.提供海外實習、產學合作與國際交換，培養國際視野與創新能量。
4.本系網址: dvad.isu.edu.tw，連絡電話: 07-6577711 轉8352，EMAIL：dva@isu.edu.tw。"
04513,義守大學,電機工程學系,第二類學群,32,9,1,8,0,0,0,0,0,後標,0,在校學業成績全校排名百分比,學測數學A級分,學測自然級分,學測英文級分,數學學業成績總平均全校排名百分比,物理學業成績總平均全校排名百分比,英語文學業成績總平均全校排名百分比,1、在校學業成績全校排名百分比 2、學測數學A級分 3、學測自然級分 4、學測英文級分 5、數學學業成績總平均全校排名百分比 6、物理學業成績總平均全校排名百分比 7、英語文學業成績總平均全校排名百分比,,,,,,,義守大學電機工程學系，開啟您通往創新科技的大門：1.前瞻課程：機器人、生醫感測、綠色能源、智慧電網、物聯網、光電、半導體、電波、通信及訊號處理，掌握改變世界的尖端科技。2.AI整合：全面融入人工智慧，培養AI專業複合人才。3.實戰導向：專題製作、業界實習，理論與實踐並重。4.國際視野：與國際姊妹校合作，培育具競爭力的AI菁英。5.就業優勢：畢業生備受科學園區及國內外高科技企業青睞。本學系致力培育全方位電機與智慧科技專才，為您打造無限可能的國際職涯藍圖。聯絡電話：07-6577711轉6603，網址：ee.isu.edu.tw，EMAIL：ee@isu.edu.tw。
04514,義守大學,電子工程學系,第二類學群,5,9,1,8,0,0,0,0,0,後標,0,在校學業成績全校排名百分比,學測自然級分,學測國文級分,學測數學A級分,學測英文級分,國語文學業成績總平均全校排名百分比,數學學業成績總平均全校排名百分比,1、在校學業成績全校排名百分比 2、學測自然級分 3、學測國文級分 4、學測數學A級分 5、學測英文級分 6、國語文學業成績總平均全校排名百分比 7、數學學業成績總平均全校排名百分比,,,,,,,"1.電子科技業需大量人才，本系著重實務實習，培育綠能光電、機器人、人工智慧技術專業人才，課程涵蓋(1)光電半導體技術與(2)電子智慧系統技術等，並與多家電子科技公司簽有產學合作，畢業生大多任職科學園區科技公司。
2.本系聯絡電話：07-6577711轉6652，網址：ene.isu.edu.tw，EMAIL：ene@isu.edu.tw。"
04515,義守大學,資訊工程學系,第二類學群,10,9,1,8,0,0,底標,底標,0,0,0,在校學業成績全校排名百分比,數學學業成績總平均全校排名百分比,學測英文級分,英語文學業成績總平均全校排名百分比,學測國文級分,國語文學業成績總平均全校排名百分比,學測自然級分,1、在校學業成績全校排名百分比 2、數學學業成績總平均全校排名百分比 3、學測英文級分 4、英語文學業成績總平均全校排名百分比 5、學測國文級分 6、國語文學業成績總平均全校排名百分比 7、學測自然級分,,,,,,,"1.本系以培養符合產業需求的資訊專業人才，課程設計分為三個主要方向：(一)人工智慧與多媒體系統，(二)網路通訊與物聯網系統，(三)嵌入式系統。提供完整軟硬體課程，使學生具備跨領域及自學的專業能力。學生畢業後可進入人工智慧、大數據、物聯網、邊緣運算、雲端服務、區塊鏈、資訊安全、擴增/虛擬/混合實境、手機App程式設計、嵌入式系統、資訊電子、智慧醫療、智慧製造、智慧金融、半導體產業與其他智慧科技相關技術與應用產業就業並發展。
2.本系聯絡電話：07-6577711轉6502，網址：csie.isu.edu.tw，EMAIL：ie@isu.edu.tw。"
04516,義守大學,機械與自動化工程學系,第二類學群,3,9,1,8,0,0,底標,0,0,0,0,在校學業成績全校排名百分比,學測數學A級分,學測自然級分,學測國文級分,國語文學業成績總平均全校排名百分比,英語文學業成績總平均全校排名百分比,數學學業成績總平均全校排名百分比,1、在校學業成績全校排名百分比 2、學測數學A級分 3、學測自然級分 4、學測國文級分 5、國語文學業成績總平均全校排名百分比 6、英語文學業成績總平均全校排名百分比 7、數學學業成績總平均全校排名百分比,,,,,,,1.以培育機械、機電、創新設計為宗旨，以訓練理論與實務並重專業人才為目的，擁有全台灣最先進的智慧機械實習工廠。課程涵蓋綠能新動力、3D列印科技、物聯網、工業4.0及AI與智慧機械等領域，應用於風力機、無人機、電動車、醫療輔具等各類智慧型載具的開發設計。機械為工業之母，台積電、聯電、日月光、義联集團等國際大廠都來本系招募人才，本系絕對是你就業與深造最好的選擇!2.本系聯絡電話：07-6577711轉3202，網址：mae.isu.edu.tw，EMAIL：mae@isu.edu.tw。
04517,義守大學,化學工程學系,第二類學群,4,9,1,8,0,0,底標,0,0,0,0,在校學業成績全校排名百分比,學測數學A級分,學測自然級分,學測數學A、自然之級分總和,學測國文級分,學測英文級分,數學學業成績總平均全校排名百分比,1、在校學業成績全校排名百分比 2、學測數學A級分 3、學測自然級分 4、學測數學A、自然之級分總和 5、學測國文級分 6、學測英文級分 7、數學學業成績總平均全校排名百分比,,,,,,,"1.本系著重化工基礎訓練，並包含生物技術、材料科技及清淨製程、綠能環保等方面的課程與研究。
2.化工系畢業生就業市場廣泛、可進入藥廠、傳統產業、生技產業、晶圓產業、半導體產業、光電產業、環保及廢水處理、綠能等眾多產業，橫跨傳統、高科技及生醫產業，值得您的投入。本系教學加強實驗及操作課程，歡迎對實作、生產製程、研發有興趣者加入。
3.本系聯絡電話：07-6577711轉3402，網址：che.isu.edu.tw，EMAIL：che@isu.edu.tw。"
04518,義守大學,土木工程學系,第二類學群,2,9,1,8,0,0,底標,0,0,0,0,在校學業成績全校排名百分比,學測數學A級分,學測英文級分,學測國文級分,數學學業成績總平均全校排名百分比,英語文學業成績總平均全校排名百分比,國語文學業成績總平均全校排名百分比,1、在校學業成績全校排名百分比 2、學測數學A級分 3、學測英文級分 4、學測國文級分 5、數學學業成績總平均全校排名百分比 6、英語文學業成績總平均全校排名百分比 7、國語文學業成績總平均全校排名百分比,,,,,,,"1.台北101、台灣高鐵、高雄流行音樂中心都是土木工程師的傑作，建築結構、交通建設、水庫港灣是我們活躍的舞台。面對全球暖化的挑戰，土木工程師要擔當更大的責任，也擁有更多的公民營就業機會。義守大學土木工程學系整合實作與創新科技的新工程教育訓練，讓畢業生成為解決工程實務問題並具備永續理念的新世代專業工程師。
2.聯絡電話：07-6577711轉3302，網址：civil.isu.edu.tw，EMAIL：cve@isu.edu.tw。"
04519,義守大學,材料科學與工程學系,第二類學群,6,9,1,8,0,0,底標,0,0,0,0,在校學業成績全校排名百分比,學測數學A級分,化學學業成績總平均全校排名百分比,物理學業成績總平均全校排名百分比,數學學業成績總平均全校排名百分比,學測英文級分,學測自然級分,1、在校學業成績全校排名百分比 2、學測數學A級分 3、化學學業成績總平均全校排名百分比 4、物理學業成績總平均全校排名百分比 5、數學學業成績總平均全校排名百分比 6、學測英文級分 7、學測自然級分,,,,,,,1.本系通過IEET國際認證，提供學生多樣性跨域課程包含: AI+X、半導體、生醫材料、奈米科技、綠色工程及鋼鐵等學程，同學可申請預修生五年內完成學/碩士學位。2.本系為中南部少數擁有完整規模實驗室(高解析電子顯微鏡、物性、薄膜、光電等)之系所，課程連結半導體S廊道及義联集團等資源，提供學生豐富的實習及就業機會。3.本系畢業系友廣布服務於半導體、光電、綠能、金屬、生醫、航太等產業，表現優異，薪資待遇及加薪幅度皆名列工程領域前茅。4.本系聯絡電話：07-6577711轉3102，網址：mse.isu.edu.tw，EMAIL：mse@isu.edu.tw。
04520,義守大學,智慧科技英語學士學位學程,第二類學群,1,9,0,0,0,底標,0,0,0,0,0,在校學業成績全校排名百分比,學測英文級分,英語文學業成績總平均全校排名百分比,學測數學A級分,數學學業成績總平均全校排名百分比,學測英文、數學A之級分總和,學測自然級分,1、在校學業成績全校排名百分比 2、學測英文級分 3、英語文學業成績總平均全校排名百分比 4、學測數學A級分 5、數學學業成績總平均全校排名百分比 6、學測英文、數學A之級分總和 7、學測自然級分,,,,,,,下一個AI產業人才就是你(妳)！1.本學程致力培養AI產業及工業4.0人才，招收本地及國際生，共同在國際化及全英授課的環境中學習AI、電機、機械自動化等課程。2.提供卓越獎學金，英語成績優異者最高可獲四學年全額住宿費減免及海外學習獎學金。3.聯絡電話：07-6577711轉6013，網址：ipai.isu.edu.tw，EMAIL：ait@isu.edu.tw。4.加入我們，開拓視野，探索更廣闊的世界！這不僅是學習，更是一場激發創新與探索的旅程！
04521,義守大學,半導體學士學位學程,第二類學群,3,9,1,8,0,0,0,0,0,後標,0,在校學業成績全校排名百分比,學測自然級分,學測國文級分,學測英文級分,學測國文、英文之級分總和,國語文學業成績總平均全校排名百分比,物理學業成績總平均全校排名百分比,1、在校學業成績全校排名百分比 2、學測自然級分 3、學測國文級分 4、學測英文級分 5、學測國文、英文之級分總和 6、國語文學業成績總平均全校排名百分比 7、物理學業成績總平均全校排名百分比,,,,,,,"1.本學程著重半導體製程理論與實務實習，課程涵蓋半導體元件特性、材料結構分析、晶圓製程理論及半導體元件檢測分析等相關技術與應用，以培育半導體先進製程人才。並與多家半導體製程公司簽有產學合作，畢業生可直接任職科學園區科技公司。
2.本系聯絡電話：07-6577711轉6652，網址：sdpg.isu.edu.tw，EMAIL：semi@isu.edu.tw。"
04522,義守大學,生物醫學工程學系,第三類學群,9,8,1,8,0,後標,0,0,0,0,0,在校學業成績全校排名百分比,學測國文、英文之級分總和,學測英文級分,學測數學A級分,英語文學業成績總平均全校排名百分比,國語文學業成績總平均全校排名百分比,學測自然級分,1、在校學業成績全校排名百分比 2、學測國文、英文之級分總和 3、學測英文級分 4、學測數學A級分 5、英語文學業成績總平均全校排名百分比 6、國語文學業成績總平均全校排名百分比 7、學測自然級分,,,,,,,1.本系以培育生物醫學工程專業人才為目標，為南台灣第一所設立之生物醫學工程學系，並設有碩士班。2.本系規劃生醫電子暨醫學資訊、生醫材料暨組織工程、生物力學暨福祉科技等特色領域，並開設校外實習課程，配合國家政策，整合AI人工智慧技術與醫療器材產業發展，培養學生具跨域創新實務經驗，以提升學生就業競爭力。3.本系位於醫學院區，歡迎有志投身醫學科技與醫療器材產業的同學報考。聯絡電話：07-6151100轉7453，網址：bme.isu.edu.tw，EMAIL：bme@isu.edu.tw。
04523,義守大學,醫學科學與生物科技學系,第三類學群,11,8,1,8,後標,0,0,0,0,0,0,在校學業成績全校排名百分比,學測國文級分,國語文學業成績總平均全校排名百分比,學測英文級分,英語文學業成績總平均全校排名百分比,學測國文、英文之級分總和,學測自然級分,1、在校學業成績全校排名百分比 2、學測國文級分 3、國語文學業成績總平均全校排名百分比 4、學測英文級分 5、英語文學業成績總平均全校排名百分比 6、學測國文、英文之級分總和 7、學測自然級分,,,,,,,"1.生物科技列為政府八大重點產業之一，課程與研究以生物醫藥及食品生技為主，教師皆為博士師資，與中研院院士及業界師資共同培訓學生，兼顧學生升學與就業所需。本系採互動式小班教學，設有8門實驗、1門產業實習及5門生技實作課程，落實學用合一。帶領學生以理論及實務並進方式，跨入尖端生物科技的殿堂。
2.本系位於醫學院區，聯絡電話：07-6151100轉7302，網址：bst.isu.edu.tw，EMAIL：biotech@isu.edu.tw。"
04524,義守大學,營養學系,第三類學群,13,8,1,8,底標,0,0,0,0,0,0,在校學業成績全校排名百分比,學測自然級分,學測國文級分,學測國文、自然之級分總和,學測英文級分,生物學業成績總平均全校排名百分比,國語文學業成績總平均全校排名百分比,1、在校學業成績全校排名百分比 2、學測自然級分 3、學測國文級分 4、學測國文、自然之級分總和 5、學測英文級分 6、生物學業成績總平均全校排名百分比 7、國語文學業成績總平均全校排名百分比,,,,,,,1.本系具義联集團豐沛的醫學資源提供臨床教學與學習優勢，以培育營養專業人才為教育目標，學生可學習操作實驗室儀器及供膳設備、營養診斷與膳食療養、團膳製備、社區營養照護、食安檢測與管理、中藥食療、食品生技、建立醫病關係、人際互動，同時鼓勵跨域創新、學習智慧醫療科技。學生需具備色彩判定能力。畢業具營養師和食品技師高考資格，在學期間安排醫院實習並輔導取得中餐、HACCP、食品檢驗分析等證照。畢業後可優先至義联集團眾多事業群就業，並可於醫院、學校、社區、團膳、長照機構、健康管理、食品生技等產業工作或自行創業。2.本系位於醫學院區，聯絡電話:07-6151100轉7902，網址nut.isu.edu.tw，EMAIL：nutri@isu.edu.tw。
04525,義守大學,護理學系,第三類學群,32,8,1,8,底標,0,0,0,0,0,0,在校學業成績全校排名百分比,學測自然級分,生物學業成績總平均全校排名百分比,學測國文級分,國語文學業成績總平均全校排名百分比,學測英文級分,英語文學業成績總平均全校排名百分比,1、在校學業成績全校排名百分比 2、學測自然級分 3、生物學業成績總平均全校排名百分比 4、學測國文級分 5、國語文學業成績總平均全校排名百分比 6、學測英文級分 7、英語文學業成績總平均全校排名百分比,,,,,,,1.護理師的培育為本系的主要目標，誠摯歡迎有興趣成為南丁格爾及想成為有能力照顧病人之優秀護理師的您，選擇義守護理系，成就您的夢想。2.本系為醫療相關學系，學生具備護理專業知識與AI應用及護理照護技能。因學習需要，需具有視覺、聽覺功能及口語表達能力，運用肢體操作儀器、能迅速移動、抗壓與人際互動溝通能力。3.本系位於醫學院區，聯絡電話：07-6151100轉7702，網址：nurse.isu.edu.tw，EMAIL：nursing@isu.edu.tw。
04526,義守大學,醫學影像暨放射科學系,第三類學群,38,8,1,8,0,0,0,0,0,後標,0,在校學業成績全校排名百分比,學測自然級分,學測數學A級分,學測英文級分,學測國文級分,學測英文、數學A、自然之級分總和,物理學業成績總平均全校排名百分比,1、在校學業成績全校排名百分比 2、學測自然級分 3、學測數學A級分 4、學測英文級分 5、學測國文級分 6、學測英文、數學A、自然之級分總和 7、物理學業成績總平均全校排名百分比,,,,,,,"1.以培育醫事放射師與輻射防護員(師)等專業人才為目標，透過活潑且先進的基礎醫學專業課程及儀器訓練，規劃到醫院見習與實習之課程，以學用合一之方式，達成專業醫事人才養成之教育目標。本系為醫療相關學系，需具有相當之視覺、聽覺功能、運用肢體操作儀器、能迅速移動、具人際互動溝通協調能力、能控管自身情緒且具相當之抗壓能力。
2.本系位於醫學院區，聯絡電話：07-6151100轉7802，網址：rt.isu.edu.tw，EMAIL：mirs@isu.edu.tw。"
04527,義守大學,物理治療學系,第三類學群,45,8,1,8,0,0,0,0,0,均標,0,在校學業成績全校排名百分比,學測自然級分,學測英文級分,生物學業成績總平均全校排名百分比,英語文學業成績總平均全校排名百分比,學測國文、英文、數學A、自然之級分總和,國語文學業成績總平均全校排名百分比,1、在校學業成績全校排名百分比 2、學測自然級分 3、學測英文級分 4、生物學業成績總平均全校排名百分比 5、英語文學業成績總平均全校排名百分比 6、學測國文、英文、數學A、自然之級分總和 7、國語文學業成績總平均全校排名百分比,,,,,,,1.本系旨在培養專業物理治療師為目標，從紮實的基礎醫學與臨床物理治療專業知識的養成，並著重於物理治療所之開業經營與管理教育。2.本系為醫療相關學系，學習課程具有與人直接互動的特性，因課程學習需要，學生於就學期間須能色彩判定、大體解剖、與病患及醫療團隊溝通、建立醫病關係等；必需具有相當之視覺、聽覺功能，具口語表達、溝通能力，需久站、運用肢體操作儀器、能迅速移動，且能控管自身情緒、具相當之抗壓能力。3.本系位於醫學院區，聯絡電話：07-6151100轉7552，網址：pt.isu.edu.tw，EMAIL：dpt@isu.edu.tw。
04528,義守大學,職能治療學系,第三類學群,47,8,1,8,0,0,0,0,0,後標,0,在校學業成績全校排名百分比,學測英文、自然之級分總和,英語文學業成績總平均全校排名百分比,生物學業成績總平均全校排名百分比,學測數學A級分,數學學業成績總平均全校排名百分比,學測國文級分,1、在校學業成績全校排名百分比 2、學測英文、自然之級分總和 3、英語文學業成績總平均全校排名百分比 4、生物學業成績總平均全校排名百分比 5、學測數學A級分 6、數學學業成績總平均全校排名百分比 7、學測國文級分,,,,,,,"1.以培養理論與實務兼備之職能治療專業人才及兒童、成人與心理領域之職能治療專業知識的養成為基本教育目標，並以社區職能治療發展及科技輔具研發等技術為未來專業發展方向，本系需完成臨床實習課程，歡迎有興趣的學生加入。
2.本系主要專業課程(包括臨床見實習)，須具備良好的辨色能力、生理與心理能力，以應付臨床實務操作課程的要求。
3.本系位於醫學院區，聯絡電話：07-6151100轉7502，網址：ot.isu.edu.tw，EMAIL：dot@isu.edu.tw。"
04529,義守大學,醫學檢驗技術學系,第三類學群,47,8,1,8,0,0,0,0,0,後標,0,在校學業成績全校排名百分比,學測自然級分,學測英文級分,英語文學業成績總平均全校排名百分比,生物學業成績總平均全校排名百分比,學測英文、自然之級分總和,學測國文級分,1、在校學業成績全校排名百分比 2、學測自然級分 3、學測英文級分 4、英語文學業成績總平均全校排名百分比 5、生物學業成績總平均全校排名百分比 6、學測英文、自然之級分總和 7、學測國文級分,,,,,,,1.課程涵蓋基礎醫學、生醫科技及臨床專業，以培養具國際競爭力之醫學實驗技術人才為目標，歡迎對生物、化學有興趣的同學加入。本系加強醫學檢驗國家考試核心科目，配合義大醫療體系等多家醫院檢驗部門臨床實習及產業見習的訓練，重視職場認知，強調理論與實務並重。畢業後可以報考國內外「醫事檢驗師」專門技術高等考試，取得醫事檢驗師執照後可擔任臨床醫檢師，義大醫療體系優先錄用，亦可從事生醫研發相關工作。2.需具有相當的視覺功能以執行顏色辨別與型態辨識之專業課程訓練。3.本系位於醫學院區，聯絡電話:07- 6151100轉7652，網址：mls.isu.edu.tw，EMAIL：mls@isu.edu.tw。
04601,銘傳大學,企業管理學系品牌行銷組（臺北校區）,第一類學群,11,38,0,0,底標,底標,0,0,0,0,0,在校學業成績全校排名百分比,學測國文、英文之級分總和,學測國文級分,學測英文級分,國語文學業成績總平均全校排名百分比,英語文學業成績總平均全校排名百分比,歷史學業成績總平均全校排名百分比,1、在校學業成績全校排名百分比 2、學測國文、英文之級分總和 3、學測國文級分 4、學測英文級分 5、國語文學業成績總平均全校排名百分比 6、英語文學業成績總平均全校排名百分比 7、歷史學業成績總平均全校排名百分比,,,,,,,1.本系「品牌行銷組」透過豐富的課程設計與完整規劃，積極帶領同學參與品牌相關競賽、企業參訪、品牌實務講座、證照考試、企業實習，使本組同學具有品牌企劃能力、品牌溝通能力、個案研討能力、市場研究能力，以培育品牌行銷領域的專業人才，增加就業競爭力。2.經本（繁星推薦）方式錄取者，得依規定申請轉系。3.本系於台北校區上課。4.聯絡方式：TEL：(02)28824564轉2298 地址：台北市士林區中山北路五段250號 學系網址：https://ba2.mcu.edu.tw/
04602,銘傳大學,企業管理學系企業管理組（臺北校區）,第一類學群,12,38,5,35,底標,0,0,底標,0,0,0,在校學業成績全校排名百分比,學測國文、數學B之級分總和,學測國文級分,學測數學B級分,國語文學業成績總平均全校排名百分比,公民與社會學業成績總平均全校排名百分比,數學學業成績總平均全校排名百分比,1、在校學業成績全校排名百分比 2、學測國文、數學B之級分總和 3、學測國文級分 4、學測數學B級分 5、國語文學業成績總平均全校排名百分比 6、公民與社會學業成績總平均全校排名百分比 7、數學學業成績總平均全校排名百分比,,,,,,,1.本系「企業管理組」透過兼具廣度與深度的課程設計，加強人力資源、行銷、電子商務以及財務管理等專業知識，並帶領學生參加專業競賽及企業參訪，提升就業競爭力。此外結合職涯課程，進行職涯發展、實習等出路管理，以培養具國際觀之專業與整合能力的企業經理人才。2.經本（繁星推薦）方式錄取者，得依規定申請轉系。3.本系於台北校區上課。4.聯絡方式：TEL：(02)28824564轉2298 地址：台北市士林區中山北路五段250號 學系網址：https://ba2.mcu.edu.tw/
04603,銘傳大學,會計學系會計審計組（臺北校區）,第一類學群,12,38,2,35,底標,底標,0,0,底標,0,0,在校學業成績全校排名百分比,數學學業成績總平均全校排名百分比,學測英文級分,英語文學業成績總平均全校排名百分比,學測國文級分,國語文學業成績總平均全校排名百分比,學測數學B級分,1、在校學業成績全校排名百分比 2、數學學業成績總平均全校排名百分比 3、學測英文級分 4、英語文學業成績總平均全校排名百分比 5、學測國文級分 6、國語文學業成績總平均全校排名百分比 7、學測數學B級分,,,,,,,"1.本組課程著重於會計專業與審計職能並結合AI資訊應用能力之培養，旨在培育具備(1)財務會計(2)成本與管理決策(3)審計與內稽內控(4)會計資訊運用(5)財務管理與分析等五大專業技能之全方位會計審計專業人才，並規劃課程輔導應考國家證照考試，增進同學就業競爭力。
2.本系規劃7+1企業實習課程，連結會計師事務所合作機會，學生畢業立即就業。
3.本系規劃五年一貫研究所學習機制，延伸會計專業學習路徑。
4.銘傳會計學系上課地點於台北校區，會計學系網址https://acc.mcu.edu.tw/"
04604,銘傳大學,會計學系稅務規劃組（臺北校區）,第一類學群,13,38,3,35,底標,0,0,0,底標,0,0,在校學業成績全校排名百分比,公民與社會學業成績總平均全校排名百分比,學測社會級分,英語文學業成績總平均全校排名百分比,學測國文級分,國語文學業成績總平均全校排名百分比,學測英文級分,1、在校學業成績全校排名百分比 2、公民與社會學業成績總平均全校排名百分比 3、學測社會級分 4、英語文學業成績總平均全校排名百分比 5、學測國文級分 6、國語文學業成績總平均全校排名百分比 7、學測英文級分,,,,,,,"1.本組課程著重於稅務規劃與財會職能並結合AI資訊應用能力之培養，旨在培育具備(1)租稅申報與規劃(2)財務會計(3)成本與管理會計(4)會計稅務資訊應用(5)財務管理與分析等五大專業技能之全方位稅務會計專業人才，並規劃課程輔導應考國家證照考試，增進同學就業競爭力。
2.本系規劃7+1企業實習課程，連結會計師事務所合作機會，學生畢業立即就業。
3.本系規劃五年一貫研究所學習機制，延伸會計專業學習路徑。
4.銘傳會計學系上課地點於台北校區，會計學系網址https://acc.mcu.edu.tw/"
04605,銘傳大學,財務金融學系（臺北校區）,第一類學群,28,38,8,35,底標,0,0,0,0,0,0,在校學業成績全校排名百分比,學測國文級分,學測數學B級分,學測英文級分,學測國文、英文、數學B之級分總和,公民與社會學業成績總平均全校排名百分比,歷史學業成績總平均全校排名百分比,1、在校學業成績全校排名百分比 2、學測國文級分 3、學測數學B級分 4、學測英文級分 5、學測國文、英文、數學B之級分總和 6、公民與社會學業成績總平均全校排名百分比 7、歷史學業成績總平均全校排名百分比,,,,,,,"1.本系以培育具備理論分析與實務操作，並富國際觀之全方位財務金融管理專業人才為職志，設置「金融科技實驗室」深化教學，以前瞻性的教學理念，提供學生專業知能的養成。有鑑於國際金融動盪與金融科技(FinTech)浪潮下，本系與時俱進強化全球金融整併與知識科技力。
2.本系於台北校區上課，並設有研究所。
3.學系網址:https://fin.mcu.edu.tw/"
04606,銘傳大學,資訊應用與金融保險學系金融組（臺北校區）,第一類學群,6,38,3,35,底標,0,0,0,0,0,0,在校學業成績全校排名百分比,學測英文級分,學測國文級分,學測社會級分,國語文學業成績總平均全校排名百分比,英語文學業成績總平均全校排名百分比,公民與社會學業成績總平均全校排名百分比,1、在校學業成績全校排名百分比 2、學測英文級分 3、學測國文級分 4、學測社會級分 5、國語文學業成績總平均全校排名百分比 6、英語文學業成績總平均全校排名百分比 7、公民與社會學業成績總平均全校排名百分比,,,,,,,"1.經本（繁星推薦）方式錄取者，得依規定申請轉系。本系位於台北校區。
2.本組培育有志從事金融管理、保險經營、數位行銷、企業財務部門等專業人才，提供企業暑期實習機會及7+1企業內部實習機會，深耕學生實習即就業的戰鬥力。畢業生多從事於各大金控、金融產業、壽險／產險、顧問業、企業風險管理部門與金融保險相關產業。本系具有多種獎助學金與多項產業合作安排。
3.學系網址：https://risk.mcu.edu.tw/"
04607,銘傳大學,國際企業學系跨境電商經營組（臺北校區）,第一類學群,8,38,0,0,0,0,0,0,底標,0,0,在校學業成績全校排名百分比,學測國文級分,學測數學B級分,學測英文級分,國語文學業成績總平均全校排名百分比,公民與社會學業成績總平均全校排名百分比,英語文學業成績總平均全校排名百分比,1、在校學業成績全校排名百分比 2、學測國文級分 3、學測數學B級分 4、學測英文級分 5、國語文學業成績總平均全校排名百分比 6、公民與社會學業成績總平均全校排名百分比 7、英語文學業成績總平均全校排名百分比,,,,,,,"1.經本（繁星推薦）方式錄取者，得依規定申請轉系。
2.本組課程重點乃在國際貿易基礎下，強調跨境電商經營、網路行銷、互聯網金融等專業知識，以培養電子商務經營管理人才。
3.學系網址：https://ib.mcu.edu.tw/
4.本系於台北校區上課。"
04608,銘傳大學,國際企業學系外貿行銷管理組（臺北校區）,第一類學群,15,38,5,35,0,底標,0,0,0,0,0,在校學業成績全校排名百分比,學測英文級分,學測國文級分,學測社會級分,國語文學業成績總平均全校排名百分比,數學學業成績總平均全校排名百分比,公民與社會學業成績總平均全校排名百分比,1、在校學業成績全校排名百分比 2、學測英文級分 3、學測國文級分 4、學測社會級分 5、國語文學業成績總平均全校排名百分比 6、數學學業成績總平均全校排名百分比 7、公民與社會學業成績總平均全校排名百分比,,,,,,,"1.經本（繁星推薦）方式錄取者，得依規定申請轉系。
2.本組課程乃在基礎經貿的背景下，強調國際行銷管理、對外貿易專案管理、外貿商務秘書課程與國際會展管理等，以培養對外貿易整體規劃與行銷人才為主。
3.學系網址：https://ib.mcu.edu.tw/
4.本系於台北校區上課。"
04609,銘傳大學,人工智慧應用暨管理學士學位學程（臺北校區）,第一類學群,5,38,1,35,底標,0,0,0,0,0,0,在校學業成績全校排名百分比,學測國文級分,學測社會級分,學測英文級分,國語文學業成績總平均全校排名百分比,學測數學B級分,公民與社會學業成績總平均全校排名百分比,1、在校學業成績全校排名百分比 2、學測國文級分 3、學測社會級分 4、學測英文級分 5、國語文學業成績總平均全校排名百分比 6、學測數學B級分 7、公民與社會學業成績總平均全校排名百分比,,,,,,,"1.經本（繁星推薦）方式錄取者，得依規定申請轉系。
2.課程以培養深具人工智慧技能與商業應用的跨領域專業人才為目標，培養學生具備有關商業管理知識，並且強化人工智慧深度的核心知識或應用開發能力。
3.於台北校區上課。"
04610,銘傳大學,新媒體暨傳播管理學系（臺北校區）,第一類學群,8,38,1,35,0,後標,0,0,0,0,0,在校學業成績全校排名百分比,學測國文、英文、社會之級分總和,學測國文級分,學測數學B級分,學測英文級分,學測社會級分,數學學業成績總平均全校排名百分比,1、在校學業成績全校排名百分比 2、學測國文、英文、社會之級分總和 3、學測國文級分 4、學測數學B級分 5、學測英文級分 6、學測社會級分 7、數學學業成績總平均全校排名百分比,,,,,,,"1.經本（繁星推薦）方式錄取者，得依規定申請轉系。
2.本系為全台最早培養新媒體暨傳播管理理論與實務兼備人才之科系，歡迎有志從事數位內容產製、網路媒體、自媒體社群行銷、新媒體管理、新聞、廣播、電視、廣告、公關等工作及傳播研究的同學參加甄選。
3.學系網址：https://nmca.mcu.edu.tw/
4.本系103學年度前為「傳播管理學系」。
5.本系在台北校區上課。"
04611,銘傳大學,廣播電視學系（臺北校區）,第一類學群,8,38,1,35,底標,0,0,0,底標,0,0,在校學業成績全校排名百分比,學測國文級分,學測社會級分,學測英文級分,國語文學業成績總平均全校排名百分比,公民與社會學業成績總平均全校排名百分比,英語文學業成績總平均全校排名百分比,1、在校學業成績全校排名百分比 2、學測國文級分 3、學測社會級分 4、學測英文級分 5、國語文學業成績總平均全校排名百分比 6、公民與社會學業成績總平均全校排名百分比 7、英語文學業成績總平均全校排名百分比,,,,,,,"1.經本(繁星推薦)方式錄取者，得依規定申請轉系。
2.本系旨在培養理論與實務兼備之人才，歡迎有志從事廣播、影音新聞、電影、網路媒體等工作的同學參加甄選。
3.學系網址:https://rtv.mcu.edu.tw/
4.本系台北校區上課，連絡電話02-2882-4564#2352"
04612,銘傳大學,廣告暨策略行銷學系（臺北校區）,第一類學群,9,38,2,35,0,底標,0,0,0,0,0,在校學業成績全校排名百分比,學測國文、英文之級分總和,學測國文級分,學測英文級分,歷史學業成績總平均全校排名百分比,學測數學B級分,公民與社會學業成績總平均全校排名百分比,1、在校學業成績全校排名百分比 2、學測國文、英文之級分總和 3、學測國文級分 4、學測英文級分 5、歷史學業成績總平均全校排名百分比 6、學測數學B級分 7、公民與社會學業成績總平均全校排名百分比,,,,,,,"1.經本（繁星推薦）方式錄取者， 得依規定申請轉系。
2.本系為全台唯一培殺具備跨領域策略性思考能力的廣告行銷人才，歡迎有志廣告、公關、行銷、創意設
計、數位媒體等工作及傳播硏究的同學參加甄選。
3.本系在台北校區上課，學系網址: http://web.adv.mcu.edu.tw• 聯絡電話02-28824564-2515。"
04613,銘傳大學,影音新聞暨社群傳播學系（臺北校區）,第一類學群,5,38,2,35,0,底標,0,0,0,0,0,在校學業成績全校排名百分比,學測英文級分,學測國文級分,英語文學業成績總平均全校排名百分比,國語文學業成績總平均全校排名百分比,公民與社會學業成績總平均全校排名百分比,歷史學業成績總平均全校排名百分比,1、在校學業成績全校排名百分比 2、學測英文級分 3、學測國文級分 4、英語文學業成績總平均全校排名百分比 5、國語文學業成績總平均全校排名百分比 6、公民與社會學業成績總平均全校排名百分比 7、歷史學業成績總平均全校排名百分比,,,,,,,"1.經本（繁星推薦）方式錄取者，得依規定申請轉系。
2.本系旨在培養理論與實務兼備之人才，歡迎有志從事新聞、影音、社群、傳播、網路媒體等工作的同學參加甄選。
3.本系在台北校區上課，課程需外出互動採訪，操作電腦等儀器設備，如專業攝影機、收音設備、使用剪輯及排版軟體。
4.學系網址：http://web.jour.mcu.edu.tw"
04614,銘傳大學,傳播學院全媒體大一不分系學士班社會組（臺北校區）,第一類學群,3,38,2,35,0,底標,0,0,0,0,0,在校學業成績全校排名百分比,學測國文、英文之級分總和,學測國文級分,學測英文級分,歷史學業成績總平均全校排名百分比,數學學業成績總平均全校排名百分比,公民與社會學業成績總平均全校排名百分比,1、在校學業成績全校排名百分比 2、學測國文、英文之級分總和 3、學測國文級分 4、學測英文級分 5、歷史學業成績總平均全校排名百分比 6、數學學業成績總平均全校排名百分比 7、公民與社會學業成績總平均全校排名百分比,,,,,,,"1.經本（繁星推薦）方式錄取者，得依規定申請轉系。
2.多元學科交融，傳播學院「全媒體大一不分系」旨在整合新聞學、數位行銷、影視製作、社群媒體管理與數據分析等多領域專業課程，為學生提供廣泛的學科基礎，促進理解傳播產業各個面向的相互關聯性。
3.本系在台北校區上課，學院網址:https://comm.mcu.edu.tw聯絡電話02-28824564-2463。"
04615,銘傳大學,法律學系（臺北校區）,第一類學群,20,38,5,35,後標,底標,0,0,後標,0,0,在校學業成績全校排名百分比,公民與社會學業成績總平均全校排名百分比,國語文學業成績總平均全校排名百分比,英語文學業成績總平均全校排名百分比,學測社會級分,學測國文級分,學測英文級分,1、在校學業成績全校排名百分比 2、公民與社會學業成績總平均全校排名百分比 3、國語文學業成績總平均全校排名百分比 4、英語文學業成績總平均全校排名百分比 5、學測社會級分 6、學測國文級分 7、學測英文級分,,,,,,,"1.本系在臺北校區上課，招收對於法律有熱誠與理想之學生，歡迎有志從事法律相關實務與研究之同學申請。
2.本系除培訓學生考取律師、司法官及公職人員外，為增強學生就業競爭力，結合實務所需之領域設計跨領域學分學程課程－人力資源法律學分學程、不動產法律學分學程及智慧財產與產業創新學分學程，推動學生從事法律相關實務工作，增廣學生未來實務領域。"
04616,銘傳大學,財金法律學系（臺北校區）,第一類學群,20,38,3,35,後標,底標,0,0,後標,0,0,在校學業成績全校排名百分比,學測國文級分,學測英文級分,學測社會級分,國語文學業成績總平均全校排名百分比,英語文學業成績總平均全校排名百分比,公民與社會學業成績總平均全校排名百分比,1、在校學業成績全校排名百分比 2、學測國文級分 3、學測英文級分 4、學測社會級分 5、國語文學業成績總平均全校排名百分比 6、英語文學業成績總平均全校排名百分比 7、公民與社會學業成績總平均全校排名百分比,,,,,,,"1.本系在臺北校區上課，招收對於財金法律有熱誠與理想之學生，歡迎有志從事財金相關法律實務與研究之同學申請入學。
2.本系有別於他校之「財經」法律學系，為全臺唯一以金融結合法律之學系，設立「財金」法律學系，除培訓學生考取律師、司法官及公職人員外，更推動學生考取泛金融領域專業證照，諸如銀行、保險、證券、期貨、信託、洗錢防制暨反資恐等領域之證照，以增強學生就業競爭力；更為結合實務上跨領域發展的趨勢，開設保險法律學分學程、證券與金融法律學分學程、金融法務學分學程，增廣學生未來實務領域。"
04617,銘傳大學,國際企業與貿易學士學位學程（全英語授課．臺北校區）,第一類學群,3,38,1,35,0,後標,0,0,0,0,0,在校學業成績全校排名百分比,學測英文級分,英語文學業成績總平均全校排名百分比,學測社會級分,公民與社會學業成績總平均全校排名百分比,學測國文級分,國語文學業成績總平均全校排名百分比,1、在校學業成績全校排名百分比 2、學測英文級分 3、英語文學業成績總平均全校排名百分比 4、學測社會級分 5、公民與社會學業成績總平均全校排名百分比 6、學測國文級分 7、國語文學業成績總平均全校排名百分比,,,,,,,"1.經本(繁星推薦)方式錄取者，得依規定申請轉系，學系網址:https://ibm.mcu.edu.tw/homepage-zh/。
2.國際學院的國際企業與貿易學士學程採全英文授課，位於台北校區，學生來自全球超過四十個國家，學習環境宛如一個小型聯合國，讓學生能夠真切體驗多元國際文化，並培養全球視野。學程中設有一系列的英文強化課程，系統化地提升學生的英文能力。專業必選修課程分為三大領域：國際企業與市場行銷、國際金融、人力資源管理，協助學生深入專業知識的學習。此外，學程與美國、英國、法國的四所姊妹校簽訂雙學位課程協議，並與全球超過兩百所學校建立交換生計畫，為學生提供在畢業前出國留學並取得國外學位的機會。"
04618,銘傳大學,新聞與大眾傳播學士學位學程（全英語授課．臺北校區）,第一類學群,3,38,1,35,0,後標,0,0,0,0,0,在校學業成績全校排名百分比,學測英文級分,學測社會級分,英語文學業成績總平均全校排名百分比,公民與社會學業成績總平均全校排名百分比,歷史學業成績總平均全校排名百分比,學測國文級分,1、在校學業成績全校排名百分比 2、學測英文級分 3、學測社會級分 4、英語文學業成績總平均全校排名百分比 5、公民與社會學業成績總平均全校排名百分比 6、歷史學業成績總平均全校排名百分比 7、學測國文級分,,,,,,,"1.經本(繁星推薦)方式錄取者，得依規定申請轉系。
2.本學位學程除了以全英語授課，以及提供全英語學習環境外，在課程內容設計、師資來源、實習機構、未來就業等面向去實踐傳播全球化的理念。課程規劃聚焦在新聞敘事、廣告公關、數位影音暨新媒體、傳播與社會等專業，除理論講授外，並輔以實務實作，配合校外實習及畢業專題製作，培養學生紥實及專精的核心能力。
3.網址：http://jmc.mcu.edu.tw/
4.本學程在台北校區上課。"
04619,銘傳大學,時尚與創新管理學士學位學程（全英語授課．臺北校區）,第一類學群,1,38,1,35,0,後標,0,0,0,0,0,在校學業成績全校排名百分比,學測英文級分,英語文學業成績總平均全校排名百分比,學測國文級分,國語文學業成績總平均全校排名百分比,公民與社會學業成績總平均全校排名百分比,學測社會級分,1、在校學業成績全校排名百分比 2、學測英文級分 3、英語文學業成績總平均全校排名百分比 4、學測國文級分 5、國語文學業成績總平均全校排名百分比 6、公民與社會學業成績總平均全校排名百分比 7、學測社會級分,,,,,,,"1. 經本(繁星推薦)方式錄取者，得依規定申請轉系。
2. 本學位學程為全英語授課，學生組成國籍多元。
3. 本學程課程著重時尚美學、創新管理、品牌行銷，同時結合時尚管理專業與外語訓練，具校外實習課程和海外姊妹校交換機會，讓學生精準掌握時尚趨勢，進而提升學生全球移動力。
4. 本學位學程在台北校區上課。學系網址:https://icfim.mcu.edu.tw/"
04620,銘傳大學,國際事務與外交學士學位學程（全英語授課．臺北校區）,第一類學群,2,38,1,35,0,後標,0,0,0,0,0,在校學業成績全校排名百分比,學測英文級分,學測社會級分,學測國文級分,英語文學業成績總平均全校排名百分比,歷史學業成績總平均全校排名百分比,公民與社會學業成績總平均全校排名百分比,1、在校學業成績全校排名百分比 2、學測英文級分 3、學測社會級分 4、學測國文級分 5、英語文學業成績總平均全校排名百分比 6、歷史學業成績總平均全校排名百分比 7、公民與社會學業成績總平均全校排名百分比,,,,,,,"1.經本(繁星推薦)方式錄取者，得依規定申請轉系。
2.本學位學程為全英語授課。
3.為提升國際化程度並促進跨文化學習，須與境外生共同學習。
4.本學位學程位於台北校區。
5.學系網址: https://gsia.mcu.edu.tw/"
04621,銘傳大學,應用中文與華語文教學系文教傳播組（桃園校區）,第一類學群,2,38,1,35,底標,0,0,0,0,0,0,在校學業成績全校排名百分比,學測國文級分,國語文學業成績總平均全校排名百分比,學測社會級分,公民與社會學業成績總平均全校排名百分比,歷史學業成績總平均全校排名百分比,英語文學業成績總平均全校排名百分比,1、在校學業成績全校排名百分比 2、學測國文級分 3、國語文學業成績總平均全校排名百分比 4、學測社會級分 5、公民與社會學業成績總平均全校排名百分比 6、歷史學業成績總平均全校排名百分比 7、英語文學業成績總平均全校排名百分比,,,,,,,"1、本系主要培養：中等教育國文教師、對外華語教師、作文教師、文教傳播者、文學創作者、文化公職人  員、工商與政經首長秘書等人才。
2、本系在桃園校區上課。聯絡電話：(03)350-7001轉3217；傳真：(03)359-3868
3、經本(繁星推薦)方式錄取者，得依規定申請轉系。
4、本系網址：https：//ac.mcu.edu.tw"
04622,銘傳大學,應用中文與華語文教學系語文創作組（桃園校區）,第一類學群,2,38,0,0,底標,0,0,0,0,0,0,在校學業成績全校排名百分比,學測國文級分,國語文學業成績總平均全校排名百分比,學測社會級分,歷史學業成績總平均全校排名百分比,公民與社會學業成績總平均全校排名百分比,英語文學業成績總平均全校排名百分比,1、在校學業成績全校排名百分比 2、學測國文級分 3、國語文學業成績總平均全校排名百分比 4、學測社會級分 5、歷史學業成績總平均全校排名百分比 6、公民與社會學業成績總平均全校排名百分比 7、英語文學業成績總平均全校排名百分比,,,,,,,"1、本系主要培養：文學創作者、文教傳播者、文創工作者、作文教師、中等教育國文教師、對外華語教師、文化公職人員、工商與政經首長秘書等人才。
2、本系在桃園校區上課。聯絡電話：(03)350-7001轉3217；傳真：(03)359-3868
3、經本(繁星推薦)方式錄取者，得依規定申請轉系。
4、本系網址：https：//ac.mcu.edu.tw"
04623,銘傳大學,應用英語學系（桃園校區）,第一類學群,10,38,1,35,0,底標,0,0,0,0,0,在校學業成績全校排名百分比,學測英文級分,學測國文、英文、社會之級分總和,英語文學業成績總平均全校排名百分比,國語文學業成績總平均全校排名百分比,歷史學業成績總平均全校排名百分比,地理學業成績總平均全校排名百分比,1、在校學業成績全校排名百分比 2、學測英文級分 3、學測國文、英文、社會之級分總和 4、英語文學業成績總平均全校排名百分比 5、國語文學業成績總平均全校排名百分比 6、歷史學業成績總平均全校排名百分比 7、地理學業成績總平均全校排名百分比,,,,,,,"1.本系旨在培養有競爭力、善溝通、跨國界的英語專才。2.本系在課程裡融入AI素養與AI專業應用，提升學生將來在口筆譯、商務、觀光、英語教學等領域上的就職力。3.本系提供姊妹校交換生機會，並設寒暑假海外研習課
程。4.本系設有碩士班及五年一貫的學士碩士學程。5.本系招收國際生，開設之課程以英語授課。6.本系位於本校桃園校區。系網址https://dae.mcu.edu.tw/ 6.經本（繁星推薦）方式錄取者，得依規定申請轉系。"
04624,銘傳大學,應用日語學系（桃園校區）,第一類學群,15,38,2,35,底標,0,0,0,底標,0,0,在校學業成績全校排名百分比,學測國文級分,國語文學業成績總平均全校排名百分比,英語文學業成績總平均全校排名百分比,學測社會級分,歷史學業成績總平均全校排名百分比,地理學業成績總平均全校排名百分比,1、在校學業成績全校排名百分比 2、學測國文級分 3、國語文學業成績總平均全校排名百分比 4、英語文學業成績總平均全校排名百分比 5、學測社會級分 6、歷史學業成績總平均全校排名百分比 7、地理學業成績總平均全校排名百分比,,,,,,,1.本系每年可赴日本短期交換留學人數達30人以上。另，本系與台日多家知名企業合作，結合企業實習，涵蓋科技公司、貿易與日商企業、航空休憩產業、觀光導覽與文化產業、遊戲影視與文教出版，讓學生無縫接軌進入各產業。畢業前獲得前往日本深度學習的機會不勝枚舉。2.本系在桃園校區上課，可修讀教育學程。亦設有碩士班，可持續深造。畢業生就業情況良好，廣獲雇主好評。主要從事領域為科技、商務、觀光、教學四大領域。3.經本(繁星推薦)方式錄取者，得依規定申請轉系。
04625,銘傳大學,商業設計學系（桃園校區）,第一類學群,15,38,1,35,底標,0,0,0,底標,0,0,在校學業成績全校排名百分比,學測國文級分,學測社會級分,學測英文級分,國語文學業成績總平均全校排名百分比,公民與社會學業成績總平均全校排名百分比,英語文學業成績總平均全校排名百分比,1、在校學業成績全校排名百分比 2、學測國文級分 3、學測社會級分 4、學測英文級分 5、國語文學業成績總平均全校排名百分比 6、公民與社會學業成績總平均全校排名百分比 7、英語文學業成績總平均全校排名百分比,,,,,,,1.本系課程著重視覺傳達設計、品牌與永續創新設計、AI應用與智慧設計三大面向的學習。大一、大二培養學生基本設計能力，大三著重專業實習與實務技能；大四則以畢業專題製作，以提升職能與就業競爭力。未來可以從事視覺設計、品牌行銷、展示包裝、AI 設計師、UI/UX使用者經驗、插畫創作與商業攝影等相關工作。亦可取得師培教程證書，於國高中職教授相關課程。2.本系在桃園校區上課。3.經本(繁星推薦)方式錄取者，得依規定申請轉系。
04626,銘傳大學,商品設計學系（桃園校區）,第一類學群,12,38,1,35,底標,0,0,0,0,0,0,在校學業成績全校排名百分比,學測國文級分,學測英文級分,學測社會級分,國語文學業成績總平均全校排名百分比,英語文學業成績總平均全校排名百分比,公民與社會學業成績總平均全校排名百分比,1、在校學業成績全校排名百分比 2、學測國文級分 3、學測英文級分 4、學測社會級分 5、國語文學業成績總平均全校排名百分比 6、英語文學業成績總平均全校排名百分比 7、公民與社會學業成績總平均全校排名百分比,,,,,,,"1.本系產品設計課程須具備電腦繪圖、構想發展、視覺感知與色彩辨識等基本能力；另考量工廠實作課程，學生須具獨立操作機械設備及維護個人安全之能力。
2.本系無異於一般「工業設計」或「產品設計」科系，教學理念秉持培育兼具「理論」與「實務」之專業人才。學生在校期間除可修習、鑽研設計理論，更可學習、歷練設計實務經驗；畢業出路既廣且佳，不僅可擔任產品設計師外，亦能從事與設計領域相關之工作，抑或繼續求學深造。3.本系在桃園校區上課。4.經本（繁星推薦）方式錄取者，得依規定申請轉系"
04627,銘傳大學,數位媒體設計學系（桃園校區）,第一類學群,19,38,1,35,底標,0,0,0,底標,0,0,在校學業成績全校排名百分比,學測國文級分,學測英文級分,學測社會級分,國語文學業成績總平均全校排名百分比,英語文學業成績總平均全校排名百分比,公民與社會學業成績總平均全校排名百分比,1、在校學業成績全校排名百分比 2、學測國文級分 3、學測英文級分 4、學測社會級分 5、國語文學業成績總平均全校排名百分比 6、英語文學業成績總平均全校排名百分比 7、公民與社會學業成績總平均全校排名百分比,,,,,,,"備註	1.本系課程除理論課程外，包含藝術創作、2D/3D動畫創作、影像藝術等，須具備之基本能力含有繪圖設計、構想能力、視覺、辨別顏色能力，另考量實作課程須具備獨立操作設備，維護個人安全之能力。
2.本系課程規劃注重理論與實務之均衡發展，強調人文藝術與數位科技整合的設計教學。藉由嚴格的整合訓練，以加強學生設計專案企劃與執行能力，進而提高未來就業或升學的競爭力。
3.本系於桃園校區上課，修業四年。
4.經本（繁星推薦）方式錄取者，得依規定申請轉系。"
04628,銘傳大學,建築學系（桃園校區）,第一類學群,8,38,2,35,後標,0,0,0,0,0,0,在校學業成績全校排名百分比,學測國文、英文、社會之級分總和,學測國文級分,學測英文級分,學測社會級分,學測自然級分,公民與社會學業成績總平均全校排名百分比,1、在校學業成績全校排名百分比 2、學測國文、英文、社會之級分總和 3、學測國文級分 4、學測英文級分 5、學測社會級分 6、學測自然級分 7、公民與社會學業成績總平均全校排名百分比,,,,,,,"1.本系建築設計課程須具備設計、溝通、繪圖、手作、色彩辨識等基本能力，且須具備獨立操作工具設備，維護個人安全之能力。
2.本系於桃園校區上課，修業五年。強調生活空間設計之創作力與實現力，以前瞻性的設計觀及理念實現為重點。
3.經本（繁星推薦）方式錄取者，得依規定申請轉系。
4.學系網址：https://arch.mcu.edu.tw/"
04629,銘傳大學,都市設計與永續發展學系（桃園校區）,第一類學群,4,38,1,35,底標,0,0,0,0,0,0,在校學業成績全校排名百分比,學測國文級分,學測社會級分,地理學業成績總平均全校排名百分比,國語文學業成績總平均全校排名百分比,公民與社會學業成績總平均全校排名百分比,歷史學業成績總平均全校排名百分比,1、在校學業成績全校排名百分比 2、學測國文級分 3、學測社會級分 4、地理學業成績總平均全校排名百分比 5、國語文學業成績總平均全校排名百分比 6、公民與社會學業成績總平均全校排名百分比 7、歷史學業成績總平均全校排名百分比,,,,,,,"1.本系課程著重都市設計與環境規劃、都市更新與土地開發、無人機AI應用及地理資訊系統(GIS)、碳管理永續專業與韌性防災、ESG永續報告書編製等，旨在培養學生具備多元且專業的實作能力。
2.未來出路：(1)中央與地方政府的都市規劃及設計部門，如營建署、城鄉發展局等；(2)各級災害防救單位；(3)相關顧問工程公司、碳盤查、稽核ESG環境管理公司等。
3.證照取得：都市計畫技師、消防設備師/士、遙控無人機操作證、ESG證照、地政士等，或選擇繼續深造。
4.本系位於桃園校區。經本(繁星推薦)方式錄取者，得依規定申請轉系。"
04630,銘傳大學,觀光事業學系（桃園校區）,第一類學群,7,38,1,35,0,0,0,0,底標,0,0,在校學業成績全校排名百分比,公民與社會學業成績總平均全校排名百分比,學測社會級分,國語文學業成績總平均全校排名百分比,學測國文級分,英語文學業成績總平均全校排名百分比,學測英文級分,1、在校學業成績全校排名百分比 2、公民與社會學業成績總平均全校排名百分比 3、學測社會級分 4、國語文學業成績總平均全校排名百分比 5、學測國文級分 6、英語文學業成績總平均全校排名百分比 7、學測英文級分,,,,,,,"1.本系在桃園校區上課。擁有堅強師資及完善教學資源設備，提供理論與實務並重的優質學習環境，培育具敬業態度、服務熱忱與國際視野之觀光旅遊專業人才為宗旨。
2.經本(繁星推薦)方式錄取者，得依規定申請轉系。
3.本系網址: http://tourismdp.mcu.edu.tw。"
04631,銘傳大學,休閒遊憩管理學系（桃園校區）,第一類學群,6,38,1,35,0,0,0,0,底標,0,0,在校學業成績全校排名百分比,國語文學業成績總平均全校排名百分比,公民與社會學業成績總平均全校排名百分比,地理學業成績總平均全校排名百分比,歷史學業成績總平均全校排名百分比,學測國文、社會之級分總和,學測國文級分,1、在校學業成績全校排名百分比 2、國語文學業成績總平均全校排名百分比 3、公民與社會學業成績總平均全校排名百分比 4、地理學業成績總平均全校排名百分比 5、歷史學業成績總平均全校排名百分比 6、學測國文、社會之級分總和 7、學測國文級分,,,,,,,"1.休憩系重視實務活用與創新，培育活動企劃、環境規劃與教育、休閒旅遊場所管理、運動發展等四大專才，近年來發展英、日語系大學學術與實習合作，並為國內第一個導入科技(VR、AR) 、大數據行銷、休閒治療的觀光休閒相關科系。
2.評核項目及評定標準詳見本系網頁網址：http://lra.mcu.edu.tw。
3.本系位於桃園校區，經本（繁星推薦）方式錄取者，得依規定申請轉系。
4.聯絡方式:(03)3507001轉5095。"
04632,銘傳大學,餐旅管理學系（桃園校區）,第一類學群,5,38,1,35,0,0,0,0,底標,0,0,在校學業成績全校排名百分比,國語文學業成績總平均全校排名百分比,公民與社會學業成績總平均全校排名百分比,英語文學業成績總平均全校排名百分比,學測國文級分,學測社會級分,學測英文級分,1、在校學業成績全校排名百分比 2、國語文學業成績總平均全校排名百分比 3、公民與社會學業成績總平均全校排名百分比 4、英語文學業成績總平均全校排名百分比 5、學測國文級分 6、學測社會級分 7、學測英文級分,,,,,,,"1.本系以培育餐旅與烘焙專業人才為目標，擁有堅強師資，完善的教學資源與設備，教學著重理論與實務，培養同學責任感、高尚品德、團隊精神與國際視野，以提升未來就業競爭力。
2.本系於桃園校區上課。
3.聯絡方式：(03)3507001轉3578，學系網址：https://hm.mcu.edu.tw/
4.經本（繁星推薦）方式錄取者，得依規定申請轉系。"
04633,銘傳大學,犯罪防治學系（桃園校區）,第一類學群,16,38,2,35,0,0,0,0,後標,0,0,在校學業成績全校排名百分比,學測國文、英文、社會之級分總和,學測社會級分,學測國文級分,學測英文級分,公民與社會學業成績總平均全校排名百分比,國語文學業成績總平均全校排名百分比,1、在校學業成績全校排名百分比 2、學測國文、英文、社會之級分總和 3、學測社會級分 4、學測國文級分 5、學測英文級分 6、公民與社會學業成績總平均全校排名百分比 7、國語文學業成績總平均全校排名百分比,,,,,,,"1.經本(繁星推薦)方式錄取者，得依規定申請轉系。
2.本系以培養犯罪預防人才為主，課程設計涵蓋犯罪防治、司法社工，以及公共安全管理。學生未來出路可參加國家考試或報考社工師專技證照，投入司法(社工)體系，如警政、獄政、消防、移民署或社會工作等相關犯罪防治工作；或就讀本系或相關科系研究所繼續深造；亦可進入民間安全產業，擔任管理階層工作，發展多元化。
3.本系上課地點在桃園校區。
4.學系連絡電話：03-3507001-3776；學系網址：https://cj.mcu.edu.tw/"
04634,銘傳大學,公共事務與行政管理學系（桃園校區）,第一類學群,8,38,2,35,0,0,0,0,後標,0,0,在校學業成績全校排名百分比,學測國文、英文、社會之級分總和,學測社會級分,學測國文級分,學測英文級分,公民與社會學業成績總平均全校排名百分比,國語文學業成績總平均全校排名百分比,1、在校學業成績全校排名百分比 2、學測國文、英文、社會之級分總和 3、學測社會級分 4、學測國文級分 5、學測英文級分 6、公民與社會學業成績總平均全校排名百分比 7、國語文學業成績總平均全校排名百分比,,,,,,,1.本系以培養公共事務規劃經營與行政管理人才為宗旨。2.畢業生出路多元，可參與政法類高普考、警察及安全類特考，以及國營、公用、交通等事業人員考試，或進入民間企業及非營利組織擔任行政、人資管理、公共關係、民調與其他公共事務工作。3.全國各大學公行相關科系，唯一可與友系犯罪防治學系合作，培養執法行政專長，並首創課程結合專案管理證照及政府採購證照輔導。4.課程加強網路科技、地理資訊系統、人工智慧及大數據等科技應用。5.本系設有民意調查、公務人力學分學程，以強化學生競爭力。6.經本(繁星推薦)方式錄取者，得依規定申請轉系。電話：(03)350-7001轉3675；相關資訊請參考本系網站。本系位於桃園校區。
04635,銘傳大學,諮商臨床與工商心理學系（桃園校區）,第一類學群,13,38,3,35,0,0,底標,底標,均標,0,0,在校學業成績全校排名百分比,學測國文、英文、社會之級分總和,學測英文級分,數學學業成績總平均全校排名百分比,學測國文級分,學測社會級分,英語文學業成績總平均全校排名百分比,1、在校學業成績全校排名百分比 2、學測國文、英文、社會之級分總和 3、學測英文級分 4、數學學業成績總平均全校排名百分比 5、學測國文級分 6、學測社會級分 7、英語文學業成績總平均全校排名百分比,,,,,,,"1.本系提供「諮商心理學」、「臨床心理學」與「工商心理學」課程。
2.進入本系並加修本校之教育學程，大學畢業可以取得中學學校輔導科教師資格。大學畢業後若進修諮商或臨床心理碩士班，碩士畢業可以參加諮商心理師或臨床心理師執照考試。工商心理學可以在一般職場從事多樣工作，也可進入相關研究所進修。
3.本系在桃園校區上課，相關資訊請參考本系網站內容。
4.經本（繁星推薦）方式錄取者，得依規定申請轉系。"
04636,銘傳大學,金融學系（桃園校區）,第一類學群,17,38,2,35,底標,0,0,0,底標,0,0,在校學業成績全校排名百分比,學測國文級分,學測社會級分,國語文學業成績總平均全校排名百分比,公民與社會學業成績總平均全校排名百分比,學測國文、社會之級分總和,學測英文級分,1、在校學業成績全校排名百分比 2、學測國文級分 3、學測社會級分 4、國語文學業成績總平均全校排名百分比 5、公民與社會學業成績總平均全校排名百分比 6、學測國文、社會之級分總和 7、學測英文級分,,,,,,,"1.本系發展方向聚焦金融學與金融科技兩大領域，以培育金融專業人才。
2.在課程規劃上，集中在Fintech領域，以培養新時代所需之數位金融職能，位於桃園校區。
3.為達專業金融科技之學生職能，已建置人工智慧投資系統，進行理論與實務兼具的課程訓練。
4.本系極度重視學生與職場的連結，包括專業證照輔導、金融科技工作坊、業師實務課程與產業實習課程，以提升就業競爭力。5.學系網址：https://money.mcu.edu.tw/
6.經本(繁星推薦)方式錄取者，得依規定申請轉系。"
04637,銘傳大學,金融科技應用學系（桃園校區）,第一類學群,4,38,1,35,底標,0,0,0,0,底標,0,在校學業成績全校排名百分比,學測自然級分,學測國文級分,物理學業成績總平均全校排名百分比,國語文學業成績總平均全校排名百分比,學測國文、自然之級分總和,生活科技學業成績總平均全校排名百分比,1、在校學業成績全校排名百分比 2、學測自然級分 3、學測國文級分 4、物理學業成績總平均全校排名百分比 5、國語文學業成績總平均全校排名百分比 6、學測國文、自然之級分總和 7、生活科技學業成績總平均全校排名百分比,,,,,,,"1.本系培育學子同時具備創新基礎、數位金融、資訊科學、媒體市場、法律監理之跨域整合能力。
2.畢業時同時具有「創新應用」、「運動科技」、「文化科技」、「數位監理」學分學程及專業證照。
3.就業多元：數位科技法律專家、金融科學家、AI科學家、數據分析師、金融科技行銷、金融機構從業人員。
4.本系位於桃園校區，大四白天參加就業實習，五年一貫銜接臺北校區碩士班夜間彈性上課，畢業即就業。
5.經本（繁星推薦）方式錄取者，得依規定申請轉系，歡迎同學申請。學系首頁:https://fta.wp.mcu.edu.tw/"
04638,銘傳大學,智慧醫療與永續管理學系（桃園校區）,第一類學群,7,38,1,35,0,0,0,0,0,底標,0,在校學業成績全校排名百分比,學測國文、社會、自然之級分總和,學測自然級分,學測社會級分,學測國文級分,英語文學業成績總平均全校排名百分比,公民與社會學業成績總平均全校排名百分比,1、在校學業成績全校排名百分比 2、學測國文、社會、自然之級分總和 3、學測自然級分 4、學測社會級分 5、學測國文級分 6、英語文學業成績總平均全校排名百分比 7、公民與社會學業成績總平均全校排名百分比,,,,,,,"1.經本（繁星推薦）方式錄取者，得依規定申請轉系。
2.本系期待吸引有志於從事智慧醫療與永續管理相關領域的學子，尤其在醫療院所及健康產業有興趣的同學，均十分歡迎報考。
3.本系在桃園校區上課。電話：03-3507001分機3396。學系網址：https://him.mcu.edu.tw/"
04639,銘傳大學,資訊應用與金融保險學系資訊組（臺北校區）,第二類學群,5,12,2,10,0,0,底標,底標,0,0,0,在校學業成績全校排名百分比,學測國文級分,學測英文級分,學測社會級分,國語文學業成績總平均全校排名百分比,英語文學業成績總平均全校排名百分比,數學學業成績總平均全校排名百分比,1、在校學業成績全校排名百分比 2、學測國文級分 3、學測英文級分 4、學測社會級分 5、國語文學業成績總平均全校排名百分比 6、英語文學業成績總平均全校排名百分比 7、數學學業成績總平均全校排名百分比,,,,,,,"1.經本（繁星推薦）方式錄取者，得依規定申請轉系。
2.本系在台北校區上課，並設有研究所。本組培育有志從事資訊應用、金融理財、保險經營、金融科技、數據分析公司、企業資訊部門的專業人才，提供企業暑期實習及7+1企業內部實習機會，深化學生實習即就業的戰鬥力。畢業生多從事於金融機構、資通訊產業、產業資訊部門、壽險/產險公司、企業風險管理部門與金融保險相關產業。本系具有多種獎助學金與多項產業合作安排。
3.學系網址：https://risk.mcu.edu.tw/"
04640,銘傳大學,傳播學院全媒體大一不分系學士班自然組（臺北校區）,第二類學群,2,12,0,0,底標,0,0,0,0,0,0,在校學業成績全校排名百分比,學測國文、自然之級分總和,學測國文級分,學測自然級分,學測數學A級分,物理學業成績總平均全校排名百分比,化學學業成績總平均全校排名百分比,1、在校學業成績全校排名百分比 2、學測國文、自然之級分總和 3、學測國文級分 4、學測自然級分 5、學測數學A級分 6、物理學業成績總平均全校排名百分比 7、化學學業成績總平均全校排名百分比,,,,,,,"1.經本（繁星推薦）方式錄取者，得依規定申請轉系。
2.大一學年採用不分系模式，讓學生通過基礎課程與專題探索自己的興趣與特長。在完成第一年廣泛學習後，可根據自己的能力與志向選擇專精方向，在大二分流選擇進入傳播學院的任一學系，包含：新媒體暨傳播管理學系、廣播電視學系、影音新聞暨社群傳播學系及廣告暨策略行銷學系，並可依自己的規畫安排跨領域學習。
3.本系在台北校區上課，學院網址:https://comm.mcu.edu.tw聯絡電話02-28824564-2463。"
04641,銘傳大學,資訊管理學系人工智慧應用組（桃園校區）,第二類學群,12,12,1,10,0,底標,0,0,0,0,0,在校學業成績全校排名百分比,學測國文、英文之級分總和,學測英文級分,學測國文級分,數學學業成績總平均全校排名百分比,英語文學業成績總平均全校排名百分比,國語文學業成績總平均全校排名百分比,1、在校學業成績全校排名百分比 2、學測國文、英文之級分總和 3、學測英文級分 4、學測國文級分 5、數學學業成績總平均全校排名百分比 6、英語文學業成績總平均全校排名百分比 7、國語文學業成績總平均全校排名百分比,,,,,,,"1經本(繁星推薦)方式錄取者，得依規定申請轉系。
2.本系在桃園校區上課。「擇其所愛，愛其所擇」是本系參加此方案之目的。本系融合資訊科技與商管知識的應用，並與就業市場的需求做配合，未來出路甚廣且具堅強師資及更優於公立學校之設備，歡迎有志青年申請報名 。
3.學系網址: http://www.im.mcu.edu.tw
4.本系連絡電話: 03-3507001分機3318"
04642,銘傳大學,資訊管理學系巨量資料管理組（桃園校區）,第二類學群,12,12,1,10,0,0,0,底標,0,0,0,在校學業成績全校排名百分比,學測國文、數學B之級分總和,學測數學B級分,學測國文級分,英語文學業成績總平均全校排名百分比,數學學業成績總平均全校排名百分比,國語文學業成績總平均全校排名百分比,1、在校學業成績全校排名百分比 2、學測國文、數學B之級分總和 3、學測數學B級分 4、學測國文級分 5、英語文學業成績總平均全校排名百分比 6、數學學業成績總平均全校排名百分比 7、國語文學業成績總平均全校排名百分比,,,,,,,"1經本(繁星推薦)方式錄取者，得依規定申請轉系。
2.本系在桃園校區上課。「擇其所愛，愛其所擇」是本系參加此方案之目的。本系融合資訊科技與商管知識的應用，並與就業市場的需求做配合，未來出路甚廣且具堅強師資及更優於公立學校之設備，歡迎有志青年申請報名 。
3.學系網址: http://www.im.mcu.edu.tw
4.本系連絡電話: 03-3507001分機3318"
04643,銘傳大學,資訊管理學系電子商務管理組（桃園校區）,第二類學群,10,12,1,10,底標,0,0,0,0,0,0,在校學業成績全校排名百分比,學測國文、英文之級分總和,學測國文級分,學測英文級分,數學學業成績總平均全校排名百分比,國語文學業成績總平均全校排名百分比,英語文學業成績總平均全校排名百分比,1、在校學業成績全校排名百分比 2、學測國文、英文之級分總和 3、學測國文級分 4、學測英文級分 5、數學學業成績總平均全校排名百分比 6、國語文學業成績總平均全校排名百分比 7、英語文學業成績總平均全校排名百分比,,,,,,,"1經本(繁星推薦)方式錄取者，得依規定申請轉系。
2.本系在桃園校區上課。「擇其所愛，愛其所擇」是本系參加此方案之目的。本系融合資訊科技與商管知識的應用，並與就業市場的需求做配合，未來出路甚廣且具堅強師資及更優於公立學校之設備，歡迎有志青年申請報名 。
3.學系網址: http://www.im.mcu.edu.tw
4.本系連絡電話: 03-3507001分機3318"
04644,銘傳大學,人工智慧應用學系（桃園校區）,第二類學群,25,12,1,10,0,0,底標,底標,0,0,0,在校學業成績全校排名百分比,國語文學業成績總平均全校排名百分比,生活科技學業成績總平均全校排名百分比,資訊科技學業成績總平均全校排名百分比,公民與社會學業成績總平均全校排名百分比,英語文學業成績總平均全校排名百分比,數學學業成績總平均全校排名百分比,1、在校學業成績全校排名百分比 2、國語文學業成績總平均全校排名百分比 3、生活科技學業成績總平均全校排名百分比 4、資訊科技學業成績總平均全校排名百分比 5、公民與社會學業成績總平均全校排名百分比 6、英語文學業成績總平均全校排名百分比 7、數學學業成績總平均全校排名百分比,,,,,,,1.經本（繁星推薦）方式錄取者，得依規定申請轉系。2.本系旨在培育資訊科技菁英與前瞻人工智慧應用人才，師資及課程規劃強調跨領域整合、理論實務兼備。配合資訊科技領域及AI產業需求，規劃包含人工智慧、機器學習、深度學習、資料科學、物聯網、智慧聯網、大數據分析、AR/VR以及元宇宙應用等專業領域。3.提供五年學碩士雙學位與海外姊妹校交流規劃。4.本系大專生國科會計畫件數在資訊領域名列前茅，師生研發成果豐碩。5.本系位於桃園校區。學系網址：https://aai.mcu.edu.tw/ YouTube頻道: https://www.youtube.com/mcuai
04645,銘傳大學,資訊工程學系（桃園校區）,第二類學群,38,12,2,10,0,0,0,底標,0,0,0,在校學業成績全校排名百分比,學測國文級分,學測數學B級分,物理學業成績總平均全校排名百分比,數學學業成績總平均全校排名百分比,國語文學業成績總平均全校排名百分比,學測英文級分,1、在校學業成績全校排名百分比 2、學測國文級分 3、學測數學B級分 4、物理學業成績總平均全校排名百分比 5、數學學業成績總平均全校排名百分比 6、國語文學業成績總平均全校排名百分比 7、學測英文級分,,,,,,,"1.本系有完整的資訊專業師資陣容，無論在理論及實務方面均提供全面而深入的學習環境。
2.隨著社會對資訊技術的需求，畢業後在就業或進修方面皆有極佳的機會，歡迎您的加入。
3.本系於桃園校區上課，學系網址：https://csie.mcu.edu.tw
4.Line@招生群組：@kqo3205f (歡迎提問)
5.經本(繁星推薦)方式錄取者，得依規定申請轉系。"
04646,銘傳大學,電機工程學系（桃園校區）,第二類學群,27,12,1,10,0,0,底標,0,0,0,0,在校學業成績全校排名百分比,學測國文級分,學測數學A級分,國語文學業成績總平均全校排名百分比,數學學業成績總平均全校排名百分比,英語文學業成績總平均全校排名百分比,資訊科技學業成績總平均全校排名百分比,1、在校學業成績全校排名百分比 2、學測國文級分 3、學測數學A級分 4、國語文學業成績總平均全校排名百分比 5、數學學業成績總平均全校排名百分比 6、英語文學業成績總平均全校排名百分比 7、資訊科技學業成績總平均全校排名百分比,,,,,,,"1.經本（繁星推薦）方式錄取者，得依規定申請轉系。
2.本系以培養電子電機與資通訊產業相關之專業人才為目標，能夠滿足多元廣泛的電子電機資訊產業需求，有助 於培養專業人才，以滿足產業需求。課程規劃包含「機器人與智慧物聯網系統」、「網路與通訊」、「晶片設計與系統」和「半導體光電」。課程強調理論和實務並重的學習體驗，經由實務性 實驗課程與畢業專題製作之陶冶，培育電機資訊科技職場上之優秀工程師。
3.本系在桃園校區上課。電話：03-3507001分機3392。學系網址：https://ele.mcu.edu.tw/"
04647,銘傳大學,半導體應用學士學位學程（桃園校區）,第二類學群,8,12,1,10,0,0,底標,0,0,0,0,在校學業成績全校排名百分比,學測數學A級分,學測英文級分,學測國文級分,學測自然級分,數學學業成績總平均全校排名百分比,英語文學業成績總平均全校排名百分比,1、在校學業成績全校排名百分比 2、學測數學A級分 3、學測英文級分 4、學測國文級分 5、學測自然級分 6、數學學業成績總平均全校排名百分比 7、英語文學業成績總平均全校排名百分比,,,,,,,"1.經本(繁星推薦)方式錄取者，得依規定申請轉系。
2.本學程為追求卓越，訓練符合職場所需的專業研究人才，將課程重點以半導體應用領域為主，如晶片設計、半導體製程與量測、半導體材料的應用、光電與感測器的應用等，畢業前可參加企業實習，畢業後在就業與升學上都將有非常傑出的競爭力，歡迎您的加入。
3.本系位於桃園校區，學系網址：https://semi.mcu.edu.tw/
4.本系聯絡電話：(03)3507001分機3394。"
04648,銘傳大學,生物科技學系（桃園校區）,第二類學群,8,12,2,10,0,0,0,0,0,後標,0,在校學業成績全校排名百分比,學測自然級分,學測英文級分,學測國文級分,化學學業成績總平均全校排名百分比,生物學業成績總平均全校排名百分比,地球科學學業成績總平均全校排名百分比,1、在校學業成績全校排名百分比 2、學測自然級分 3、學測英文級分 4、學測國文級分 5、化學學業成績總平均全校排名百分比 6、生物學業成績總平均全校排名百分比 7、地球科學學業成績總平均全校排名百分比,,,,,,,"1.本系以培育具有產業競爭力的學生為己任。課程設計以生命科學相關基礎知識為本，提供現代生物科技新知，進而培育在分子生物，生物化學，生物醫學，食品生技以及農業生技等領域之專業人才。
2.本系特別注重實驗操作與實驗數據分析的能力，利用專題研究等課程厚植學生未來的專業基礎。
3.經本(繁星推薦)方式錄取者，得依規定申請轉系。
4.本系位於桃園校區，學系網址https://bio.mcu.edu.tw/。
電話：(03)3507001分機3505。地址：(333)桃園市龜山區德明路5號。"
04649,銘傳大學,生物醫學工程學系（桃園校區）,第二類學群,11,12,2,10,0,0,0,0,0,後標,0,在校學業成績全校排名百分比,學測自然級分,學測英文級分,學測國文級分,數學學業成績總平均全校排名百分比,英語文學業成績總平均全校排名百分比,學測國文、英文、自然之級分總和,1、在校學業成績全校排名百分比 2、學測自然級分 3、學測英文級分 4、學測國文級分 5、數學學業成績總平均全校排名百分比 6、英語文學業成績總平均全校排名百分比 7、學測國文、英文、自然之級分總和,,,,,,,"1.本系之宗旨在於培育生物醫學工程領域之專業人才。強調跨領域的實務學習，強化同學的就業競爭力。
學系網址 https://bme.mcu.edu.tw/。
2.經本（繁星推薦）方式錄取者，得依規定申請轉系。
3.本系在桃園校區上課，聯絡方式 333桃園市龜山區德明路5號，電話03-3507001分機3658。"
04650,銘傳大學,資訊科技應用與管理學士學位學程（全英語授課．桃園校區）,第二類學群,1,12,0,0,底標,0,底標,底標,0,0,0,在校學業成績全校排名百分比,學測英文級分,英語文學業成績總平均全校排名百分比,學測國文級分,資訊科技學業成績總平均全校排名百分比,國語文學業成績總平均全校排名百分比,學測社會級分,1、在校學業成績全校排名百分比 2、學測英文級分 3、英語文學業成績總平均全校排名百分比 4、學測國文級分 5、資訊科技學業成績總平均全校排名百分比 6、國語文學業成績總平均全校排名百分比 7、學測社會級分,,,,,,,"[1].本學程位於桃園校區，全英語授課、國際化學習環境：與境外學生共同學習，營造跨文化交流氛圍。
[2].AI與大數據導向課程：課程設計涵蓋人工智慧、機器學習、巨量資料分析、物聯網、雲端運算與資訊管理。
[3].產學合作資源：與光寶科技合作「菁英人才培育計畫」，提供產業專案獎學金、實習與就業銜接。
[4].跨域發展：結合資訊科技與管理，培育能在國際企業、數據分析、AI 應用領域發展的人才。
[5].職涯出路：畢業生可擔任數據分析師、AI 應用工程師、商業分析師、IT 管理專員，或攻讀國內外研究所。"
04701,世新大學,新聞學系,第一類學群,24,22,6,22,底標,0,0,0,0,0,0,在校學業成績全校排名百分比,學測國文級分,學測社會級分,國語文學業成績總平均全校排名百分比,公民與社會學業成績總平均全校排名百分比,學測英文級分,英語文學業成績總平均全校排名百分比,1、在校學業成績全校排名百分比 2、學測國文級分 3、學測社會級分 4、國語文學業成績總平均全校排名百分比 5、公民與社會學業成績總平均全校排名百分比 6、學測英文級分 7、英語文學業成績總平均全校排名百分比,,,,,,,"1.希望招收對新聞具有熱忱，對於數位、影音、平面媒介之中英新聞編採有學習意願的學生，期望培養數位時代全媒體／全方位專業新聞人才。
2.學系網址：https://shunews.wp.shu.edu.tw/
3.聯絡電話：02-22368225#83132"
04702,世新大學,廣播電視電影學系廣播與聲音設計組,第一類學群,24,22,5,22,後標,0,0,0,0,0,0,在校學業成績全校排名百分比,學測英文級分,學測國文級分,英語文學業成績總平均全校排名百分比,國語文學業成績總平均全校排名百分比,歷史學業成績總平均全校排名百分比,公民與社會學業成績總平均全校排名百分比,1、在校學業成績全校排名百分比 2、學測英文級分 3、學測國文級分 4、英語文學業成績總平均全校排名百分比 5、國語文學業成績總平均全校排名百分比 6、歷史學業成績總平均全校排名百分比 7、公民與社會學業成績總平均全校排名百分比,,,,,,,"1.以廣播製作與聲音設計為特色，實務訓練兼顧學理基礎，延展廣播與聲音設計領域，豐富多元的聲音創作類型。
2.學系網址：https://rtf.wp.shu.edu.tw/
3.聯絡電話：02-22368225#83192-83196"
04703,世新大學,廣播電視電影學系電視組,第一類學群,37,22,8,22,後標,0,0,0,0,0,0,在校學業成績全校排名百分比,學測英文級分,學測國文級分,英語文學業成績總平均全校排名百分比,國語文學業成績總平均全校排名百分比,歷史學業成績總平均全校排名百分比,公民與社會學業成績總平均全校排名百分比,1、在校學業成績全校排名百分比 2、學測英文級分 3、學測國文級分 4、英語文學業成績總平均全校排名百分比 5、國語文學業成績總平均全校排名百分比 6、歷史學業成績總平均全校排名百分比 7、公民與社會學業成績總平均全校排名百分比,,,,,,,"1.以電視製作結合數位媒體為特色，實務訓練兼顧學理基礎，融合電視與新媒體跨域製作，類型多元的電視節目模式。
2.學系網址：https://rtf.wp.shu.edu.tw/
3.聯絡電話：02-22368225#83192-83196"
04704,世新大學,廣播電視電影學系電影組,第一類學群,21,22,5,22,後標,0,0,0,0,0,0,在校學業成績全校排名百分比,學測英文級分,學測國文級分,英語文學業成績總平均全校排名百分比,國語文學業成績總平均全校排名百分比,歷史學業成績總平均全校排名百分比,公民與社會學業成績總平均全校排名百分比,1、在校學業成績全校排名百分比 2、學測英文級分 3、學測國文級分 4、英語文學業成績總平均全校排名百分比 5、國語文學業成績總平均全校排名百分比 6、歷史學業成績總平均全校排名百分比 7、公民與社會學業成績總平均全校排名百分比,,,,,,,"1.以電影製作結合高科技應用為特色，實務訓練兼顧學理基礎，契合電影數位時代匯流技能，結合LED智能攝影棚高端製作技術。
2.學系網址：https://rtf.wp.shu.edu.tw/
3.聯絡電話：02-22368225#83192-83196"
04705,世新大學,圖文傳播學系,第一類學群,26,22,6,22,底標,底標,0,0,0,0,0,在校學業成績全校排名百分比,學測國文級分,學測英文級分,國語文學業成績總平均全校排名百分比,英語文學業成績總平均全校排名百分比,數學學業成績總平均全校排名百分比,公民與社會學業成績總平均全校排名百分比,1、在校學業成績全校排名百分比 2、學測國文級分 3、學測英文級分 4、國語文學業成績總平均全校排名百分比 5、英語文學業成績總平均全校排名百分比 6、數學學業成績總平均全校排名百分比 7、公民與社會學業成績總平均全校排名百分比,,,,,,,"1.本系是一個專為培養視覺創作者所打造的環境。
2.我們從啟發視覺感知與設計美感的養成開始，引導您進入真實的商業實戰。課程全面整合攝影、設計、動態與3D視覺，並善用生成式工具，大幅提升創作效率與品質。
3.結合世新大學強大的硬體教學資源，您的創意將不受限。如果您對攝影、設計與動態視覺充滿熱情，歡迎加入我們，一同開創數位內容的無限可能。
4.課程內容請參考學系網址：https://gc.shu.edu.tw。聯絡電話：02-22368225#83252、83253"
04706,世新大學,公共關係暨廣告學系,第一類學群,37,22,10,22,底標,0,0,0,0,0,0,在校學業成績全校排名百分比,學測國文、英文、社會之級分總和,學測國文級分,學測英文級分,學測社會級分,國語文學業成績總平均全校排名百分比,英語文學業成績總平均全校排名百分比,1、在校學業成績全校排名百分比 2、學測國文、英文、社會之級分總和 3、學測國文級分 4、學測英文級分 5、學測社會級分 6、國語文學業成績總平均全校排名百分比 7、英語文學業成績總平均全校排名百分比,,,,,,,"1.本系期待能甄選到有創意、有想法以及對公關、廣告、行銷傳播領域有興趣，喜愛企劃及執行活動，樂於將學術與實務相結合應用，融合興趣並具有潛力的學生，以期培養全方位策略傳播人才。
2.學系網址：https://pc.wp.shu.edu.tw/
3.聯絡電話：02-22368225#83222或83238"
04707,世新大學,口語傳播暨社群媒體學系,第一類學群,16,22,6,22,底標,0,0,0,0,0,0,在校學業成績全校排名百分比,學測國文級分,學測社會級分,公民與社會學業成績總平均全校排名百分比,國語文學業成績總平均全校排名百分比,學測英文級分,英語文學業成績總平均全校排名百分比,1、在校學業成績全校排名百分比 2、學測國文級分 3、學測社會級分 4、公民與社會學業成績總平均全校排名百分比 5、國語文學業成績總平均全校排名百分比 6、學測英文級分 7、英語文學業成績總平均全校排名百分比,,,,,,,"希望招收具良好口語表達能力與擅長運用社群媒體互動的學生，使其未來能在演講、辯論、談判、說服與社群媒體溝通上有更傑出表現。
聯絡電話：02-22368225#83162"
04708,世新大學,資訊傳播學系,第一類學群,7,22,3,22,底標,0,0,0,0,0,0,在校學業成績全校排名百分比,學測國文級分,學測英文級分,學測社會級分,國語文學業成績總平均全校排名百分比,英語文學業成績總平均全校排名百分比,數學學業成績總平均全校排名百分比,1、在校學業成績全校排名百分比 2、學測國文級分 3、學測英文級分 4、學測社會級分 5、國語文學業成績總平均全校排名百分比 6、英語文學業成績總平均全校排名百分比 7、數學學業成績總平均全校排名百分比,,,,,,,"1.招收有志於在數位網路平台從事生成式AI設計、網路直播、數位內容加值與使用者數位傳播的學生。
2.課程使用AI進行新媒體創作、大數據蒐集與分析、社群資訊內容分析，UI&UX介面設計與新媒體行銷企劃。
3.畢業後從事社群行銷策略師、直播節目製作與腳本設計、資訊加值/數據分析師、網頁企劃、AI工程師等職務。
4.本系與產業界合作緊密重視學用合一，為國家重點產業培育實務人才。
5.聯絡電話：02-22368225#83282"
04709,世新大學,數位多媒體設計學系,第一類學群,22,22,6,22,底標,0,0,0,0,0,0,在校學業成績全校排名百分比,學測國文級分,學測英文級分,英語文學業成績總平均全校排名百分比,國語文學業成績總平均全校排名百分比,學測社會級分,歷史學業成績總平均全校排名百分比,1、在校學業成績全校排名百分比 2、學測國文級分 3、學測英文級分 4、英語文學業成績總平均全校排名百分比 5、國語文學業成績總平均全校排名百分比 6、學測社會級分 7、歷史學業成績總平均全校排名百分比,,,,,,,"招生目標：招收對數位設計、動畫製作、遊戲設計，以及互動裝置設計有興趣且具潛力之優秀人才。
學系網址：https://dma.wp.shu.edu.tw/
聯絡電話：02-22368225轉83292或84231"
04710,世新大學,傳播管理學系,第一類學群,28,22,7,22,0,底標,0,0,0,0,0,在校學業成績全校排名百分比,學測英文級分,學測社會級分,學測國文級分,英語文學業成績總平均全校排名百分比,數學學業成績總平均全校排名百分比,國語文學業成績總平均全校排名百分比,1、在校學業成績全校排名百分比 2、學測英文級分 3、學測社會級分 4、學測國文級分 5、英語文學業成績總平均全校排名百分比 6、數學學業成績總平均全校排名百分比 7、國語文學業成績總平均全校排名百分比,,,,,,,"我們提供最完整的媒體經紀、行銷科技、傳播科技與傳播產業經營的實務經驗和學習機會。歡迎積極、具企圖心、活潑開朗，或是對成為「傳播產業經營人才」或「媒體經紀專業人才」有興趣的同學加入傳管系的行列。
學系網址：https://cm.wp.shu.edu.tw/
email：cm@mail.shu.edu.tw
聯絡電話：02-22368225#83311-83313"
04711,世新大學,資訊管理學系智慧商務暨數據傳播組,第一類學群,9,22,3,22,0,0,0,底標,0,0,0,在校學業成績全校排名百分比,學測數學B級分,學測國文級分,國語文學業成績總平均全校排名百分比,數學學業成績總平均全校排名百分比,英語文學業成績總平均全校排名百分比,公民與社會學業成績總平均全校排名百分比,1、在校學業成績全校排名百分比 2、學測數學B級分 3、學測國文級分 4、國語文學業成績總平均全校排名百分比 5、數學學業成績總平均全校排名百分比 6、英語文學業成績總平均全校排名百分比 7、公民與社會學業成績總平均全校排名百分比,,,,,,,"培養：一、運用AI賦能，協助企業解決商務創新與管理問題的能力。二、具備資訊科技的能力，能從事企業軟體開發與維運之人才。三、培訓數據分析與商務傳播的能力，能從事專案循證分析與資訊溝通傳播之人才。
本系注重實務能力培養，畢業專題製作成效廣獲業界肯定。畢業學生常在科技、金融、管理顧問產業擔任系統分析師、程式設計師、企業資源規劃(ERP)師、資訊安全管理師、智慧商務新創儲備幹部。
聯絡電話：02-22368225#63342"
04712,世新大學,資訊管理學系人工智慧暨科技傳播組,第一類學群,6,22,2,22,0,0,0,底標,0,0,0,在校學業成績全校排名百分比,學測數學B級分,學測國文級分,國語文學業成績總平均全校排名百分比,數學學業成績總平均全校排名百分比,英語文學業成績總平均全校排名百分比,公民與社會學業成績總平均全校排名百分比,1、在校學業成績全校排名百分比 2、學測數學B級分 3、學測國文級分 4、國語文學業成績總平均全校排名百分比 5、數學學業成績總平均全校排名百分比 6、英語文學業成績總平均全校排名百分比 7、公民與社會學業成績總平均全校排名百分比,,,,,,,"培養：一、具備人工智慧與資訊科技專業能力，能從事技術研發與軟體開發之人才。二、運用人工智慧協作，將AI科技應用擴展到各行各業的能力。三、培訓使用資訊科技，增進人群互動、資訊傳遞與傳播的效能。
本系注重實務能力培養，畢業專題製作成效廣獲業界肯定。畢業學生常在科技、金融、管理顧問產業擔任AI/機器學習/數據工程師、系統分析師、程式設計師、雲端/資安/網管工程師、科技新創儲備幹部。
聯絡電話：02-22368225#63342"
04713,世新大學,財務金融學系,第一類學群,11,22,2,22,0,0,0,底標,0,0,0,在校學業成績全校排名百分比,學測數學B級分,學測英文級分,學測國文級分,數學學業成績總平均全校排名百分比,英語文學業成績總平均全校排名百分比,國語文學業成績總平均全校排名百分比,1、在校學業成績全校排名百分比 2、學測數學B級分 3、學測英文級分 4、學測國文級分 5、數學學業成績總平均全校排名百分比 6、英語文學業成績總平均全校排名百分比 7、國語文學業成績總平均全校排名百分比,,,,,,,"招收性向適合及有興趣學習財務分析及金融專業知識的學生，以培養具（1）財富管理與投資規劃，（2）企業財務決策與財報分析，（3）金融服務與媒體行銷，及（4）人工智慧與財務大數據等實務能力的財金專業人才。
畢業生出路甚廣，除繼續深造外，舉凡銀行、證券、保險、期貨、不動產、金控等金融機構，或是一般工商企業的財務部門、財經研究機構、財務顧問公司，以及政府財經相關機構等，皆可發揮財金長才。
學系網址：https://fin.wp.shu.edu.tw/
聯絡電話：02-22368225#63432"
04714,世新大學,行政管理學系,第一類學群,4,22,1,22,0,0,0,0,底標,0,0,在校學業成績全校排名百分比,學測國文級分,學測社會級分,學測英文級分,國語文學業成績總平均全校排名百分比,公民與社會學業成績總平均全校排名百分比,英語文學業成績總平均全校排名百分比,1、在校學業成績全校排名百分比 2、學測國文級分 3、學測社會級分 4、學測英文級分 5、國語文學業成績總平均全校排名百分比 6、公民與社會學業成績總平均全校排名百分比 7、英語文學業成績總平均全校排名百分比,,,,,,,"本系以培養公私部門的行政管理人才為目標，課程內容除著重於公共管理與公共政策外，更結合世新大學獨特的傳播特色，致力於培養具備行政與傳播雙專業技能的跨界人才。
聯絡電話：02-22368225#63462
學系網址：https://ppm.wp.shu.edu.tw/"
04715,世新大學,觀光學系餐旅經營管理組,第一類學群,5,22,2,22,0,0,0,0,底標,0,0,在校學業成績全校排名百分比,學測社會級分,地理學業成績總平均全校排名百分比,學測國文級分,歷史學業成績總平均全校排名百分比,學測英文級分,國語文學業成績總平均全校排名百分比,1、在校學業成績全校排名百分比 2、學測社會級分 3、地理學業成績總平均全校排名百分比 4、學測國文級分 5、歷史學業成績總平均全校排名百分比 6、學測英文級分 7、國語文學業成績總平均全校排名百分比,,,,,,,"本系組結合「餐旅品牌經營×顧客體驗設計×數位行銷×旅館服務管理」，培養學生兼具餐飲專業與旅館經營能力的跨域人才。除強調米其林等級的餐飲品味養成、數位內容創作與智慧經營，也深化 Hospitality 專業：包括旅館營運管理、前台服務、顧客關係經營與智慧旅宿應用。同時，學生未來可銜接本系與瑞士SEG教育集團共同規劃之3+1國際學士學位學程與1+1國際碩士學位學程，並參與全球飯店與餐旅企業的帶薪實習，拓展國際職涯視野。
聯絡電話：02-22368225轉63371
學系網址：https://tourism.wp.shu.edu.tw/"
04716,世新大學,觀光學系旅遊暨休閒事業管理組,第一類學群,6,22,2,22,0,0,0,0,底標,0,0,在校學業成績全校排名百分比,學測社會級分,地理學業成績總平均全校排名百分比,學測國文級分,歷史學業成績總平均全校排名百分比,學測英文級分,國語文學業成績總平均全校排名百分比,1、在校學業成績全校排名百分比 2、學測社會級分 3、地理學業成績總平均全校排名百分比 4、學測國文級分 5、歷史學業成績總平均全校排名百分比 6、學測英文級分 7、國語文學業成績總平均全校排名百分比,,,,,,,"本系組以「觀光智慧科技×航空及海外職涯體驗×戶外冒險探索×實務專案操作」為核心，強調「活動企劃與執行力」的養成，課程涵蓋從主題構思、流程設計、現場執行到後續成效分析，訓練學生具備從零到一的活動企劃籌辦能力。我們不只是帶你去旅行，更教你如何設計、管理與改變世界的旅行體驗。同時，學生未來可銜接本系與瑞士SEG教育集團共同規劃之3+1國際學士學位學程與1+1國際碩士學位學程，並參與全球飯店與餐旅企業的帶薪實習，拓展國際職涯視野。
聯絡電話：02-22368225轉63371；學系網址：https://tourism.wp.shu.edu.tw/"
04717,世新大學,經濟學系,第一類學群,7,22,2,22,0,0,0,底標,0,0,0,在校學業成績全校排名百分比,學測國文級分,學測英文級分,學測數學B級分,國語文學業成績總平均全校排名百分比,英語文學業成績總平均全校排名百分比,數學學業成績總平均全校排名百分比,1、在校學業成績全校排名百分比 2、學測國文級分 3、學測英文級分 4、學測數學B級分 5、國語文學業成績總平均全校排名百分比 6、英語文學業成績總平均全校排名百分比 7、數學學業成績總平均全校排名百分比,,,,,,,"本系辦學特色以產業研究、總體金融、特色課程（包含AI與數據分析、財經傳播）為課程三大主軸。本系有專屬「杜功英清寒助學金」及「最佳碩士論文獎」。此外，提供豐富的金融產業實習與就業機會，並輔導考取專業證照。另有國際交換、五年取得學士+碩士學位、境外實習、學生社團等學習活動。系友多就職於專業機構研究員/研究助理、銀行辦事員、金融研究員、理財專員、財務分析員等工作，或於公職或公股銀行就職。
聯絡電話：02-22368225轉63402
學系網址：https://econ.wp.shu.edu.tw/"
04718,世新大學,企業管理學系,第一類學群,7,22,2,22,底標,0,0,0,0,0,0,在校學業成績全校排名百分比,學測國文級分,學測英文級分,數學學業成績總平均全校排名百分比,學測社會級分,國語文學業成績總平均全校排名百分比,英語文學業成績總平均全校排名百分比,1、在校學業成績全校排名百分比 2、學測國文級分 3、學測英文級分 4、數學學業成績總平均全校排名百分比 5、學測社會級分 6、國語文學業成績總平均全校排名百分比 7、英語文學業成績總平均全校排名百分比,,,,,,,"本系致力於培養具有企業管理專業能力的一流人才，除教授學生經營管理知識外，更重視培養獨立思考、決策判斷、廣闊視野、溝通領導及良好人際關係的能力。課程規劃上，以「AI賦能企業管理」及「創新與創業管理」為主軸，並追求專業與創新的核心價值。
聯絡電話：02-22368225#63922"
04719,世新大學,社會心理學系,第一類學群,9,22,2,22,底標,0,0,0,0,0,0,在校學業成績全校排名百分比,學測國文級分,學測英文級分,學測社會級分,公民與社會學業成績總平均全校排名百分比,歷史學業成績總平均全校排名百分比,國語文學業成績總平均全校排名百分比,1、在校學業成績全校排名百分比 2、學測國文級分 3、學測英文級分 4、學測社會級分 5、公民與社會學業成績總平均全校排名百分比 6、歷史學業成績總平均全校排名百分比 7、國語文學業成績總平均全校排名百分比,,,,,,,"1.學系特色：著重心理運作機制中個人因素與社會影響的系統性分析，培育學生從多元視角進行心理問題的探究，進而提出助人的方法。課程設計：皆為心理諮商及其系統性輔導策略的專業訓練所安排之課程。職涯規劃：心理輔導員、心理測驗員、輔導老師、社區心理個案管理師、市場調查分析師。歡迎加入社會心理學系！
2.學系網址：https://socpsy.wp.shu.edu.tw/；E-mail：socpsy@mail.shu.edu.tw
3.聯絡電話：02-22368225#83532"
04720,世新大學,英語暨傳播應用學系,第一類學群,6,22,2,22,0,後標,0,0,0,0,0,在校學業成績全校排名百分比,學測英文級分,英語文學業成績總平均全校排名百分比,學測國文級分,國語文學業成績總平均全校排名百分比,歷史學業成績總平均全校排名百分比,公民與社會學業成績總平均全校排名百分比,1、在校學業成績全校排名百分比 2、學測英文級分 3、英語文學業成績總平均全校排名百分比 4、學測國文級分 5、國語文學業成績總平均全校排名百分比 6、歷史學業成績總平均全校排名百分比 7、公民與社會學業成績總平均全校排名百分比,,,,,,,"本系旨在鍛鍊學生的專業外語能力，培育人文素養，並將英語能力結合傳播專業知識及實務，順應全球化時代發展及媒體傳播時代的脈動潮流，為學生規劃符合未來職場跨域人才。
聯絡電話：02-22368225#83562"
04721,世新大學,日本語文學系,第一類學群,7,22,2,22,底標,0,0,0,0,0,0,在校學業成績全校排名百分比,學測國文級分,學測社會級分,學測英文級分,國語文學業成績總平均全校排名百分比,歷史學業成績總平均全校排名百分比,英語文學業成績總平均全校排名百分比,1、在校學業成績全校排名百分比 2、學測國文級分 3、學測社會級分 4、學測英文級分 5、國語文學業成績總平均全校排名百分比 6、歷史學業成績總平均全校排名百分比 7、英語文學業成績總平均全校排名百分比,,,,,,,"本系除了重視一般日語文能力的培養外，同時配合本校傳播特色，將媒體傳播、電影、編輯等與日語課程相結合。此外，亦開設日語配音、日本大眾流行文化、貿易、導遊、觀光日語等課程，以培養各領域專業知識技能。歡迎加入日本語文學系。
聯絡電話：02-22368225#83622、83629"
04722,世新大學,法律學系,第一類學群,11,22,5,22,後標,0,0,0,0,0,0,在校學業成績全校排名百分比,學測國文級分,學測英文級分,學測社會級分,國語文學業成績總平均全校排名百分比,英語文學業成績總平均全校排名百分比,公民與社會學業成績總平均全校排名百分比,1、在校學業成績全校排名百分比 2、學測國文級分 3、學測英文級分 4、學測社會級分 5、國語文學業成績總平均全校排名百分比 6、英語文學業成績總平均全校排名百分比 7、公民與社會學業成績總平均全校排名百分比,,,,,,,"本系地理位置極其優越，鄰捷運站、國家考場。以培育司法官、律師及高普考公務人員等實務人才為目的，專任師資留學國際，兼任師資多聘自頂大及司法實務工作者。就業取向、小班教學、教學嚴謹、訓練紮實，積極帶領學生從事法律實務工作，廣受歡迎。
優惠獎助學金，詳學系網址：https://lawsch.wp.shu.edu.tw/"
05001,實踐大學,社會工作學系(臺北校區),第一類學群,25,32,5,28,底標,0,0,0,0,0,0,在校學業成績全校排名百分比,國語文學業成績總平均全校排名百分比,公民與社會學業成績總平均全校排名百分比,學測國文級分,學測社會級分,學測英文級分,數學學業成績總平均全校排名百分比,1、在校學業成績全校排名百分比 2、國語文學業成績總平均全校排名百分比 3、公民與社會學業成績總平均全校排名百分比 4、學測國文級分 5、學測社會級分 6、學測英文級分 7、數學學業成績總平均全校排名百分比,,,,,,,"1.本系課程多元、強調理論與實務的結合，實務訓練除國內實習外，亦有海外的實習訓練機會；長期提供優質實習機會予本系之國內外社福機構多達一千餘個。
2.專業職涯發展：配合國家重大政策積極延攬專業人才，並提供薪資保障及專業加給。具備專門職業及技術人員高等考試社會工作師資格及其他相關助人專業工作證照之考試資格。
3.對助人工作和弱勢團體服務有興趣者，歡迎加入本系行列。
4.聯絡電話：(02)25381111轉6311；網址:https://sw.usc.edu.tw"
05002,實踐大學,家庭研究與兒童發展學系(臺北校區),第一類學群,8,32,2,28,底標,0,0,0,0,0,0,在校學業成績全校排名百分比,學測國文、社會之級分總和,學測國文級分,學測英文級分,學測社會級分,國語文學業成績總平均全校排名百分比,英語文學業成績總平均全校排名百分比,1、在校學業成績全校排名百分比 2、學測國文、社會之級分總和 3、學測國文級分 4、學測英文級分 5、學測社會級分 6、國語文學業成績總平均全校排名百分比 7、英語文學業成績總平均全校排名百分比,,,,,,,"1.因應社會需求：少子高齡社會，提供「家庭教育」、「幼兒教保」與「老人服務」多元取向專業學習。
2.雙軸心課程：「幼兒教保」、「家庭教育與輔導」，推雙學程雙證照，培育具教保及家庭教育輔導能力專才。
3.鏈結國際及產業：國際參訪實習（新加坡、韓國、日本）及姊妹校交換，拓展國際視野、國內多元機構實習。
4.優質職涯發展：國家提升教保員薪資，本系可取得教保證書，兼具家庭教育專業人員、照顧服務員及托育人員考照資格，推動跨域人才。
5.連絡電話：(02)25381111轉6511，網址：https://fscd.usc.edu.tw"
05003,實踐大學,餐飲管理學系(臺北校區),第一類學群,7,32,2,28,底標,0,0,0,0,0,0,在校學業成績全校排名百分比,國語文學業成績總平均全校排名百分比,英語文學業成績總平均全校排名百分比,公民與社會學業成績總平均全校排名百分比,學測英文級分,學測國文、英文之級分總和,學測國文級分,1、在校學業成績全校排名百分比 2、國語文學業成績總平均全校排名百分比 3、英語文學業成績總平均全校排名百分比 4、公民與社會學業成績總平均全校排名百分比 5、學測英文級分 6、學測國文、英文之級分總和 7、學測國文級分,,,,,,,"1.本系著重餐廳與旅館的經營管理專業，並導入科技與永續概念培養餐旅業經營管理人才，以及精進學生廚藝專業與創意，培養中西廚及烘焙專業技藝與餐飲創業人才。。
2.學習活動多元豐富，如海外參訪、外師教學、競賽展演等。大四上學期可赴海外姊妹校實習、交換或就讀雙聯學程，含歐美日韓等地。
3.聯絡電話:(02)25381111轉6711，網址:https://fbm.usc.edu.tw"
05004,實踐大學,法律學系(臺北校區),第一類學群,10,32,2,28,後標,0,0,0,0,0,0,在校學業成績全校排名百分比,學測社會級分,學測國文級分,學測英文級分,國語文學業成績總平均全校排名百分比,公民與社會學業成績總平均全校排名百分比,英語文學業成績總平均全校排名百分比,1、在校學業成績全校排名百分比 2、學測社會級分 3、學測國文級分 4、學測英文級分 5、國語文學業成績總平均全校排名百分比 6、公民與社會學業成績總平均全校排名百分比 7、英語文學業成績總平均全校排名百分比,,,,,,,"1.本系以培育具法律專業知識並擁有跨領域及終身學習知能之人才為宗旨。
2.本系結合本校辦學特色，設置「家庭與法律」、「創意時尚與法律」及「人工智慧與法律」等三大跨領域學分
學程，提供充足跨領域學習空間。
3.修畢本系開設之跨領域學分學程者，將給予證明書，以提升就業競爭力。
4.本系畢業生除可參加司法官、律師等國家考試外，亦可至國內各產業擔任法務人員或從事司法社會工作。
5.其他詳細資訊，請參閱本系網站：https://law.usc.edu.tw/"
05005,實踐大學,服裝設計學系(臺北校區),第一類學群,12,32,1,28,0,後標,0,0,0,0,0,在校學業成績全校排名百分比,學測英文級分,學測國文級分,學測社會級分,英語文學業成績總平均全校排名百分比,國語文學業成績總平均全校排名百分比,學測國文、英文、社會之級分總和,1、在校學業成績全校排名百分比 2、學測英文級分 3、學測國文級分 4、學測社會級分 5、英語文學業成績總平均全校排名百分比 6、國語文學業成績總平均全校排名百分比 7、學測國文、英文、社會之級分總和,,,,,,,"1.本學系以培育服飾產業之專業人才為目標，並配合工業升級的需求，以服裝設計為主軸並輔以流行設計、經營企劃、製作生產、布料設計等專業課程。除課程外並規劃多樣的設計活動，如校內外展演、產學合作、產業實習等，並鼓勵學生參與設計競賽，讓學生從過程中獲得實戰經驗。本學系校友不僅活躍於產業界，學生也常在各項時尚競賽中屢獲獎項，成果優異，歡迎有志「服裝產業」的同學報考。
2.因教學過程需課程展演總評與使用機械設備，需具相當之視覺、聽覺、辨色與溝通能力，且肢體需能親自操作機械。
3.本系連絡電話02-25381111轉7616；網址：https://scfd.usc.edu.tw/zh"
05006,實踐大學,媒體傳達設計學系動畫影像設計組(臺北校區),第一類學群,8,32,1,28,0,後標,0,0,0,0,0,在校學業成績全校排名百分比,學測英文級分,英語文學業成績總平均全校排名百分比,學測國文級分,國語文學業成績總平均全校排名百分比,生活科技學業成績總平均全校排名百分比,資訊科技學業成績總平均全校排名百分比,1、在校學業成績全校排名百分比 2、學測英文級分 3、英語文學業成績總平均全校排名百分比 4、學測國文級分 5、國語文學業成績總平均全校排名百分比 6、生活科技學業成績總平均全校排名百分比 7、資訊科技學業成績總平均全校排名百分比,,,,,,,"1.本系注重設計思考、美學訓練、人文哲思，旨在訓練新時代能整合多媒體設計能力，總監型創作人才。動畫影像設計組著重發展數位影像、2D / 3D 動畫、動態圖文影像、視覺設計、概念思考能力與敘事能力。
2.畢業製作必須通過本系認定之對外展演發表，並需達本系認定之水準始獲得該專業畢業學分。
3.學系教學需使用電腦、機械設備及各項加工機具，故需具有相當之良好體能、移動能力，且需具相當之視覺、聽覺功能。
4.學系網站：https://sccd.usc.edu.tw/"
05007,實踐大學,媒體傳達設計學系創意媒體設計組(臺北校區),第一類學群,8,32,1,28,0,後標,0,0,0,0,0,在校學業成績全校排名百分比,學測英文級分,英語文學業成績總平均全校排名百分比,學測國文級分,國語文學業成績總平均全校排名百分比,生活科技學業成績總平均全校排名百分比,資訊科技學業成績總平均全校排名百分比,1、在校學業成績全校排名百分比 2、學測英文級分 3、英語文學業成績總平均全校排名百分比 4、學測國文級分 5、國語文學業成績總平均全校排名百分比 6、生活科技學業成績總平均全校排名百分比 7、資訊科技學業成績總平均全校排名百分比,,,,,,,"1.本系注重設計思考、美學訓練、人文哲思，旨在訓練新時代能整合多媒體設計能力，總監型創作人才。創意媒體設計組著重發展新媒體設計、互動裝置、VR / AR 虛擬影像、UI / UX 設計、概念思考能力與敘事能力。
2.畢業製作必須通過本系認定之對外展演發表，並需達本系認定之水準始獲得該專業畢業學分。
3.學系教學需使用電腦、機械設備及各項加工機具，故需具有相當之良好體能、移動能力，且需具相當之視覺、聽覺功能。
4.學系網站：https://sccd.usc.edu.tw/"
05008,實踐大學,工業產品設計學系(臺北校區),第一類學群,8,32,1,28,0,均標,底標,底標,0,0,0,在校學業成績全校排名百分比,學測國文、英文之級分總和,學測英文級分,學測國文級分,英語文學業成績總平均全校排名百分比,數學學業成績總平均全校排名百分比,公民與社會學業成績總平均全校排名百分比,1、在校學業成績全校排名百分比 2、學測國文、英文之級分總和 3、學測英文級分 4、學測國文級分 5、英語文學業成績總平均全校排名百分比 6、數學學業成績總平均全校排名百分比 7、公民與社會學業成績總平均全校排名百分比,,,,,,,系所課程規劃與人才養成朝向「專業學習、國際視野、實務導向」三大目標努力，自2009年九月被美國商業週刊(Business Week)評選為全球三十所最佳設計課程(TOP 30)之一 課程規畫除了設計知識的學習外，更強調創作性的操作體驗；透過對人文、社會與科技工程等相關知識理解，使學生在創作驗證中，領會工業設計的多層次內涵與多面向的價值訴求1.提供國內外設計組織或企業實習機會，以利未來生涯發展2.提供國際設計學校交換學生機會3.連結資源，創造展演、創作與建立獨立品牌之環境。(02)25381111轉7511，網址：https://scid.usc.edu.tw 。
05009,實踐大學,建築設計學系(臺北校區),第一類學群,9,32,1,28,均標,0,0,0,0,0,0,在校學業成績全校排名百分比,學測英文級分,學測國文、英文、社會之級分總和,學測國文級分,英語文學業成績總平均全校排名百分比,國語文學業成績總平均全校排名百分比,學測社會級分,1、在校學業成績全校排名百分比 2、學測英文級分 3、學測國文、英文、社會之級分總和 4、學測國文級分 5、英語文學業成績總平均全校排名百分比 6、國語文學業成績總平均全校排名百分比 7、學測社會級分,,,,,,,"1.本學系教學理念強調「工藝美學」、「人文視野」與「建築專業」之深化與融合。教育目標在培養具整體觀照
文化視野、美學素養、跨領域整合與專業執行能力之建築設計專業人才。教學規劃充分運用設計學院相關設計學系教學資源與都會豐富的文化學術資源。
2.本學系因教學程中使用機械設備及各項加工機具，學生需具備相當之視覺、聽覺功能及辨色能力，且肢體動作需能親自操作機具。
3.聯絡電話：(02)25381111轉7311；網址：https://www.arch.usc.edu.tw；Email：arch@g2.usc.edu.tw"
05010,實踐大學,會計學系(臺北校區),第一類學群,19,32,3,28,0,0,0,0,底標,0,0,在校學業成績全校排名百分比,公民與社會學業成績總平均全校排名百分比,國語文學業成績總平均全校排名百分比,英語文學業成績總平均全校排名百分比,學測社會級分,學測國文級分,學測英文級分,1、在校學業成績全校排名百分比 2、公民與社會學業成績總平均全校排名百分比 3、國語文學業成績總平均全校排名百分比 4、英語文學業成績總平均全校排名百分比 5、學測社會級分 6、學測國文級分 7、學測英文級分,,,,,,,"1.因應政府機構、民營企業、會計師事務所及非營利機構會計相關領域人才需求，本學系以培育敬業樂群且具職業道德、溝通能力之理論與實務兼備的初、中階會計、審計及稅務人才為目標。
2.本學系另配合學院實施課程學程化，針對學生職涯發展規劃，開設專業、多元、彈性課程，以提升學生就業競爭力。
3.聯絡電話：(02)25381111轉8211；學系網頁：https://account.usc.edu.tw"
05011,實踐大學,國際經營與貿易學系(臺北校區),第一類學群,19,32,3,28,0,底標,0,0,0,0,0,在校學業成績全校排名百分比,公民與社會學業成績總平均全校排名百分比,學測國文級分,學測英文級分,學測國文、英文之級分總和,國語文學業成績總平均全校排名百分比,英語文學業成績總平均全校排名百分比,1、在校學業成績全校排名百分比 2、公民與社會學業成績總平均全校排名百分比 3、學測國文級分 4、學測英文級分 5、學測國文、英文之級分總和 6、國語文學業成績總平均全校排名百分比 7、英語文學業成績總平均全校排名百分比,,,,,,,"1.本系教育目標在培養符合職場需求的國際企業經營與貿易專業人才，課程重點在國際貿易操作與國際企業經營實務能力兩大主軸。透過業師協同教學、國際姊妹校交換計畫及境內外實習等安排，培養學生國際移動力。經由實務講座課程、證照輔導、企業實習、就業學程等規劃，提升就業競爭力。
2.聯絡電話：(02)25381111轉8611；網站:https://ib.usc.edu.tw"
05012,實踐大學,企業管理學系社會組(臺北校區),第一類學群,13,32,2,28,底標,0,0,0,0,0,0,在校學業成績全校排名百分比,國語文學業成績總平均全校排名百分比,公民與社會學業成績總平均全校排名百分比,英語文學業成績總平均全校排名百分比,學測社會級分,學測國文級分,學測英文級分,1、在校學業成績全校排名百分比 2、國語文學業成績總平均全校排名百分比 3、公民與社會學業成績總平均全校排名百分比 4、英語文學業成績總平均全校排名百分比 5、學測社會級分 6、學測國文級分 7、學測英文級分,,,,,,,"1.本系以「綠色永續與智慧科技」雙軸經營為課程核心，培養兼具ESG、AI應用、環保低碳及數位化思維的強韌專業經理人，發展全球化行銷、數位化AI實務、資安管理、低碳經濟及ESG永續管理等能力。
2.為提升學生就業競爭力，本系開設「永續經營管理」、「創新創業管理」學程，並提供企業就業媒合服務。
3.本系積極推動海外實習計畫，與歐美、澳洲、東南亞、日本等國際企業合作，提供學生優渥薪資及轉正機會，協助累積實務經驗，鏈結全球產業，達成學用合一。同時，亦提供赴海外姊妹校進修、輔導修讀碩士課程及MBA升學等多元學習管道，拓展學生國際視野。聯絡電話：(02)25381111分機8111~8113；網址：https://bm.usc.edu.tw/"
05013,實踐大學,財務金融學系(臺北校區),第一類學群,18,32,3,28,0,底標,0,0,0,0,0,在校學業成績全校排名百分比,英語文學業成績總平均全校排名百分比,國語文學業成績總平均全校排名百分比,數學學業成績總平均全校排名百分比,學測國文、英文之級分總和,學測英文級分,學測國文級分,1、在校學業成績全校排名百分比 2、英語文學業成績總平均全校排名百分比 3、國語文學業成績總平均全校排名百分比 4、數學學業成績總平均全校排名百分比 5、學測國文、英文之級分總和 6、學測英文級分 7、學測國文級分,,,,,,,"1.本學系配合學院實施學程化，建置以學生興趣為導向之專業、多元、彈性課程。
2.與多家金融機構與姊妹校合作，提供獎助學金，鼓勵參加實習與交換，以提升競爭力。
3.設有碩士班與數位金融學程，具升學與跨領域學習管道。
4.須滿足規定學分數及畢業門檻始得畢業。
5.連絡電話：(02)2538-1111轉8713。網址：https://finance.usc.edu.tw"
05014,實踐大學,風險管理與保險學系(臺北校區),第一類學群,10,32,3,28,0,0,0,0,底標,0,0,在校學業成績全校排名百分比,公民與社會學業成績總平均全校排名百分比,國語文學業成績總平均全校排名百分比,歷史學業成績總平均全校排名百分比,學測社會級分,學測國文級分,學測英文級分,1、在校學業成績全校排名百分比 2、公民與社會學業成績總平均全校排名百分比 3、國語文學業成績總平均全校排名百分比 4、歷史學業成績總平均全校排名百分比 5、學測社會級分 6、學測國文級分 7、學測英文級分,,,,,,,"1.本系配合學院實施學程化，建置以學生興趣為導向之專業、多元、彈性課程。
2.本系招收有志從事金融保險服務業之優秀青年，培養成為全方位的風險管理與保險專業人才。
3.本系與多家金融保險機構簽訂學生實習計畫，境內外實習機會多。
4.本系有「保險金融科技行銷學程」、「數位金融管理學分學程」、「銀髮理財就業學程」提供學生修習跨域專長。"
05015,實踐大學,應用外語學系(臺北校區),第一類學群,19,32,3,28,0,後標,0,0,0,0,0,在校學業成績全校排名百分比,學測英文級分,英語文學業成績總平均全校排名百分比,學測國文級分,國語文學業成績總平均全校排名百分比,學測國文、英文之級分總和,學測社會級分,1、在校學業成績全校排名百分比 2、學測英文級分 3、英語文學業成績總平均全校排名百分比 4、學測國文級分 5、國語文學業成績總平均全校排名百分比 6、學測國文、英文之級分總和 7、學測社會級分,,,,,,,"1.本系培訓具國際競爭力之英(外)語溝通人才，學生可以依興趣，選讀航空運輸、國際商務溝通、數位
英語教學與人文創意等專業領域課程，提升專業領域之專業知識與溝通能力。
2.面對AI時代，本系更以具備跨國遠距工作能力為目標，加強培育跨文化溝通與數位工作能力。
3.本系鼓勵學生參與海內外實習、國際姊妹校雙聯學位、管理學院跨領域課程，增加就業競爭力。
4.聯絡電話：(02)25381111轉8311，詳細資訊請參閱學系網站：https://afl.usc.edu.tw/"
05016,實踐大學,資訊科技與管理學系社會組(臺北校區),第一類學群,8,32,2,28,底標,0,0,0,0,0,0,在校學業成績全校排名百分比,資訊科技學業成績總平均全校排名百分比,數學學業成績總平均全校排名百分比,國語文學業成績總平均全校排名百分比,英語文學業成績總平均全校排名百分比,學測國文級分,學測英文級分,1、在校學業成績全校排名百分比 2、資訊科技學業成績總平均全校排名百分比 3、數學學業成績總平均全校排名百分比 4、國語文學業成績總平均全校排名百分比 5、英語文學業成績總平均全校排名百分比 6、學測國文級分 7、學測英文級分,,,,,,,"1.本系旨在培育兼具資訊科技與管理能力的優秀人才,入學後社會組與自然組學生混合編班,修課內容相同。
2.本系順應資訊科技領域及AI產業需求,規劃「人工智慧與數位媒體」、「雲端運算與資訊安全」、及「企業數
位轉型」等學程。
3. 本系設有碩士班，並已通過IEET資訊教育認證。課程規劃鼓勵大四學生至企業實習，並積極推動學生參與國際交換計畫。
4. 聯絡電話:02-25381111轉8811,網址:https://itm.usc.edu.tw"
05017,實踐大學,國際企業英語學士學位學程(社會組)(臺北校區),第一類學群,3,32,1,28,0,0,0,0,底標,0,0,在校學業成績全校排名百分比,公民與社會學業成績總平均全校排名百分比,英語文學業成績總平均全校排名百分比,國語文學業成績總平均全校排名百分比,學測社會級分,學測英文級分,學測國文級分,1、在校學業成績全校排名百分比 2、公民與社會學業成績總平均全校排名百分比 3、英語文學業成績總平均全校排名百分比 4、國語文學業成績總平均全校排名百分比 5、學測社會級分 6、學測英文級分 7、學測國文級分,,,,,,,"1.面對全球化時代國際移動之商業模式，本學程以全英語授課為特色，提供多元國際學習路徑，包括雙聯學位、姊妹校交換、海外研習、國際企業參訪、海外企業實習等，並提供各式獎學金與補助。
2.因應大電資時代，本學程依循傳統持續招收社會組學生，但課程設計提升商業數據分析比重，例如商業智慧分析、數據分析、資料視覺化等。
3.社會組與自然組學生混合編班上課。修課內容相同。
4.聯絡電話: 02-25381111轉8021，學程網址: https://uscetp.usc.edu.tw"
05018,實踐大學,智慧服務管理英語學士學位學程(臺北校區),第一類學群,5,32,1,28,0,底標,0,0,0,0,0,在校學業成績全校排名百分比,生活科技學業成績總平均全校排名百分比,英語文學業成績總平均全校排名百分比,國語文學業成績總平均全校排名百分比,資訊科技學業成績總平均全校排名百分比,學測英文級分,學測國文級分,1、在校學業成績全校排名百分比 2、生活科技學業成績總平均全校排名百分比 3、英語文學業成績總平均全校排名百分比 4、國語文學業成績總平均全校排名百分比 5、資訊科技學業成績總平均全校排名百分比 6、學測英文級分 7、學測國文級分,,,,,,,"1.本學程以全英語授課為特色，打造國際化學習環境。
2.海外雙聯學位、交換學程和實習等計畫，強化學生的國際移動力。
3.本學程旨在培養跨領域專業整合、智慧科技應用以及服務體驗設計的管理專才。
4.課程結合人工智慧、大數據、雲端運算等智慧科技及服務設計思維，培育學生服務與體驗設計技能。
5.聯絡電話：02-25381111轉1191，網址：https://etpssm.usc.edu.tw"
05019,實踐大學,國際企業管理學系(高雄校區),第一類學群,6,32,0,0,0,0,0,0,底標,0,0,在校學業成績全校排名百分比,地理學業成績總平均全校排名百分比,公民與社會學業成績總平均全校排名百分比,歷史學業成績總平均全校排名百分比,國語文學業成績總平均全校排名百分比,英語文學業成績總平均全校排名百分比,數學學業成績總平均全校排名百分比,1、在校學業成績全校排名百分比 2、地理學業成績總平均全校排名百分比 3、公民與社會學業成績總平均全校排名百分比 4、歷史學業成績總平均全校排名百分比 5、國語文學業成績總平均全校排名百分比 6、英語文學業成績總平均全校排名百分比 7、數學學業成績總平均全校排名百分比,,,,,,,國際企業管理學系培育國際商務投資與國際行銷專業之管理人才。本系的專業課程及專題製作引領同學洞悉跨國企業全球投資營運的管理know-how，為學生長期的職場與事業發展奠定堅實基礎。本系特由國際客座講學多年的教授，專業輔導同學前往歐美亞姐妹校完成一學期的交換甚至一學年的雙聯學位，績效卓著，名列全校之冠。本系專題製作水準達發表至學術期刊等級，畢業前藉此推甄優質國立大學研究所，百發百中。而全學期的上市大型企業之實習落實理論與實務的相得益彰，輔以主要外語英文、日文、韓文之紮實培訓，以及專業課程之EMI全英語教學，強化推升同學未來國際商務拓展之全球移動力，創造高光價值的事業人生。
05020,實踐大學,國際企業管理學系韓國文創產業經營組(高雄校區),第一類學群,6,32,1,28,底標,0,0,0,0,0,0,在校學業成績全校排名百分比,國語文學業成績總平均全校排名百分比,英語文學業成績總平均全校排名百分比,歷史學業成績總平均全校排名百分比,地理學業成績總平均全校排名百分比,公民與社會學業成績總平均全校排名百分比,數學學業成績總平均全校排名百分比,1、在校學業成績全校排名百分比 2、國語文學業成績總平均全校排名百分比 3、英語文學業成績總平均全校排名百分比 4、歷史學業成績總平均全校排名百分比 5、地理學業成績總平均全校排名百分比 6、公民與社會學業成績總平均全校排名百分比 7、數學學業成績總平均全校排名百分比,,,,,,,"國際企業管理學系韓國文創產業經營組: 透過結合K-POP, 韓劇等韓流相關之韓文課程，安排精心設計之韓國文創相關企業參訪及研習，擴展學生學習視野、提升學生之軟實力。"
05021,實踐大學,金融管理學系財務金融組(高雄校區),第一類學群,9,32,1,28,底標,0,0,0,0,0,0,在校學業成績全校排名百分比,學測國文級分,學測英文級分,學測社會級分,國語文學業成績總平均全校排名百分比,公民與社會學業成績總平均全校排名百分比,生活科技學業成績總平均全校排名百分比,1、在校學業成績全校排名百分比 2、學測國文級分 3、學測英文級分 4、學測社會級分 5、國語文學業成績總平均全校排名百分比 6、公民與社會學業成績總平均全校排名百分比 7、生活科技學業成績總平均全校排名百分比,,,,,,,"1.培育學生具有獨立分析金融投資策略能力之專業人才。
2.新生具有雙導師熱忱照顧。
3.畢業前可考取6張(含)以上之金融專業證照。
4.大四全學年帶薪全國就近實習。
5.本系提供資金供本系學生實際在股市投資，累積投資經驗。
6.本系培育學生運用資訊科技於金融職場。"
05022,實踐大學,數位多媒體遊戲設計學系3D多媒體遊戲美術設計組(高雄校區),第一類學群,2,32,0,0,0,底標,0,0,0,0,0,在校學業成績全校排名百分比,國語文學業成績總平均全校排名百分比,英語文學業成績總平均全校排名百分比,地理學業成績總平均全校排名百分比,歷史學業成績總平均全校排名百分比,公民與社會學業成績總平均全校排名百分比,生活科技學業成績總平均全校排名百分比,1、在校學業成績全校排名百分比 2、國語文學業成績總平均全校排名百分比 3、英語文學業成績總平均全校排名百分比 4、地理學業成績總平均全校排名百分比 5、歷史學業成績總平均全校排名百分比 6、公民與社會學業成績總平均全校排名百分比 7、生活科技學業成績總平均全校排名百分比,,,,,,,"1. 數位3D建模場景與動畫設計能力之養成，可應用在多媒體與遊戲設計等，具備角色設計、3D建模、骨架設定、角色動畫、燈光及算圖、影像後製合成。
2.課程規劃以實務教學為主，理論為輔，課程內容與產業接軌，聘請業師授課，申辦就業學程，提供產業實習機會，畢業即就業能力。
3.與國內多家遊戲大廠如智冠科技、樂美館等簽訂實習合約，提供暑期實習及全學年實習，畢業後優先錄用。"
05023,實踐大學,數位多媒體遊戲設計學系數位多媒體與AI應用設計組(高雄校區),第一類學群,3,32,1,28,底標,0,0,0,0,0,0,在校學業成績全校排名百分比,國語文學業成績總平均全校排名百分比,英語文學業成績總平均全校排名百分比,地理學業成績總平均全校排名百分比,歷史學業成績總平均全校排名百分比,公民與社會學業成績總平均全校排名百分比,資訊科技學業成績總平均全校排名百分比,1、在校學業成績全校排名百分比 2、國語文學業成績總平均全校排名百分比 3、英語文學業成績總平均全校排名百分比 4、地理學業成績總平均全校排名百分比 5、歷史學業成績總平均全校排名百分比 6、公民與社會學業成績總平均全校排名百分比 7、資訊科技學業成績總平均全校排名百分比,,,,,,,"1.培養學生具備多媒體設計創作與、2D/3D動畫、3D建模、高階雕刻建模、3D材質貼圖、影像處理、視訊剪接、編排設計、海報設計、平面設計、商業攝影、微電影製作、電腦繪圖等能力。
2.教授學生熟習使用AI數位工具，包含應用ChatGPT、Midjourney生成式AI快速產生創意構想與繪圖，輔助設計程序之有效進行，可運用於角色構想繪製、遊戲企劃撰寫、多媒體設計創作、微電影劇本等領域。
3.課程規劃以實務教學為主，理論為輔，課程內容與產業接軌，聘請業師授課，提供產業實習機會，畢業即就業能力。與國內多家遊戲大廠如智冠科技、樂美館等簽訂實習合約，提供暑期實習及全學年實習，畢業後優先錄用。"
05024,實踐大學,數位多媒體遊戲設計學系遊戲美術設計組(高雄校區),第一類學群,2,32,0,0,0,0,0,0,底標,0,0,在校學業成績全校排名百分比,國語文學業成績總平均全校排名百分比,英語文學業成績總平均全校排名百分比,地理學業成績總平均全校排名百分比,歷史學業成績總平均全校排名百分比,公民與社會學業成績總平均全校排名百分比,生活科技學業成績總平均全校排名百分比,1、在校學業成績全校排名百分比 2、國語文學業成績總平均全校排名百分比 3、英語文學業成績總平均全校排名百分比 4、地理學業成績總平均全校排名百分比 5、歷史學業成績總平均全校排名百分比 6、公民與社會學業成績總平均全校排名百分比 7、生活科技學業成績總平均全校排名百分比,,,,,,,"1. 培養2D/3D遊戲美術設計人才，具備美學、UI設計、3D建模、材質貼圖繪製、創意角色與場景繪畫設計、創意場景設計及建模等能力。
2.課程規劃以實務教學為主，理論為輔，課程內容與產業接軌，聘請業師授課，申辦就業學程，提供產業實習機會，畢業即就業能力。
3.本學系與國內多家遊戲大廠如智冠科技、樂美館等簽訂實習合約，提供暑期實習及全學年實習，畢業後優先錄用。"
05025,實踐大學,電腦動畫學士學位學程2D動畫創作製作組(高雄校區),第一類學群,2,32,0,0,底標,0,0,0,0,0,0,在校學業成績全校排名百分比,國語文學業成績總平均全校排名百分比,英語文學業成績總平均全校排名百分比,公民與社會學業成績總平均全校排名百分比,歷史學業成績總平均全校排名百分比,地理學業成績總平均全校排名百分比,數學學業成績總平均全校排名百分比,1、在校學業成績全校排名百分比 2、國語文學業成績總平均全校排名百分比 3、英語文學業成績總平均全校排名百分比 4、公民與社會學業成績總平均全校排名百分比 5、歷史學業成績總平均全校排名百分比 6、地理學業成績總平均全校排名百分比 7、數學學業成績總平均全校排名百分比,,,,,,,1.本學程以培養國際專業各類動畫與特效人才為目標。2.學習動畫影視之企劃創作和製作技術為主要課程架構，全體課程導入業界具有實務經驗的專業師資，帶領學生學習各類動畫的創與作。3.導入動畫相關各項產學，於在學期間實際接觸產業技術需求和訓練，媒合至業界或專案實習，達到畢業即就業的目標。4.教學重點由故事劇本、角色設計、場景美術設計、特效設計等前期企劃創作、中期2D、3D動畫以及特效製作專業技術能力，以及後期視覺特效、音樂音效剪輯、數位攝影、合圖及各項製作軟體熟練， 能獨立完成動畫各類型短片創作和製作並運用於遊戲、廣告、多媒體、影視等產業合作。5.學程網址： https://bpca.kh.usc.edu.tw/
05026,實踐大學,電腦動畫學士學位學程2D3D動畫通修組(高雄校區),第一類學群,5,32,1,28,0,底標,0,0,0,0,0,在校學業成績全校排名百分比,英語文學業成績總平均全校排名百分比,國語文學業成績總平均全校排名百分比,公民與社會學業成績總平均全校排名百分比,歷史學業成績總平均全校排名百分比,地理學業成績總平均全校排名百分比,數學學業成績總平均全校排名百分比,1、在校學業成績全校排名百分比 2、英語文學業成績總平均全校排名百分比 3、國語文學業成績總平均全校排名百分比 4、公民與社會學業成績總平均全校排名百分比 5、歷史學業成績總平均全校排名百分比 6、地理學業成績總平均全校排名百分比 7、數學學業成績總平均全校排名百分比,,,,,,,1.本學程以培養國際專業各類動畫與特效人才為目標。2.學習動畫影視之企劃創作和製作技術為主要課程架構，全體課程導入業界具有實務經驗的專業師資，帶領學生學習各類動畫的創與作。3.導入動畫相關各項產學，於在學期間實際接觸產業技術需求和訓練，媒合至業界或專案實習，達到畢業即就業的目標。4.教學重點由故事劇本、角色設計、場景美術設計、特效設計等前期企劃創作、中期2D、3D動畫以及特效製作專業技術能力，以及後期視覺特效、音樂音效剪輯、數位攝影、合圖及各項製作軟體熟練， 能獨立完成動畫各類型短片創作和製作並運用於遊戲、廣告、多媒體、影視等產業合作。5.學程網址： https://bpca.kh.usc.edu.tw/
05027,實踐大學,服飾設計與經營學系(高雄校區),第一類學群,3,32,1,28,0,0,0,0,底標,0,0,在校學業成績全校排名百分比,歷史學業成績總平均全校排名百分比,地球科學學業成績總平均全校排名百分比,公民與社會學業成績總平均全校排名百分比,國語文學業成績總平均全校排名百分比,英語文學業成績總平均全校排名百分比,數學學業成績總平均全校排名百分比,1、在校學業成績全校排名百分比 2、歷史學業成績總平均全校排名百分比 3、地球科學學業成績總平均全校排名百分比 4、公民與社會學業成績總平均全校排名百分比 5、國語文學業成績總平均全校排名百分比 6、英語文學業成績總平均全校排名百分比 7、數學學業成績總平均全校排名百分比,,,,,,,"本學系培養國際時裝產業跨領域專業人才，作品屢獲國內外設計競賽大獎，涵蓋品牌經營、流行設計、飾品設計三大模組。1.跨校與彈性學習:與全球知名設計校院交流合作，採雙聯學制，可取得兩校文憑。2.移地教學:開拓國際視野與激發個人發展潛力。3.國際工作營:邀請歐美日專家學者至校辦理短期講座、工作營。4.企業實習:國內上市櫃企業產學合作，學生實習與就業皆能無縫接軌。5.學系網址: https://fdm.kh.usc.edu.tw/ ，IG帳號f_d_m
_official。"
05028,實踐大學,時尚設計學系(高雄校區),第一類學群,3,32,1,28,底標,0,0,0,0,0,0,在校學業成績全校排名百分比,國語文學業成績總平均全校排名百分比,英語文學業成績總平均全校排名百分比,歷史學業成績總平均全校排名百分比,公民與社會學業成績總平均全校排名百分比,地理學業成績總平均全校排名百分比,數學學業成績總平均全校排名百分比,1、在校學業成績全校排名百分比 2、國語文學業成績總平均全校排名百分比 3、英語文學業成績總平均全校排名百分比 4、歷史學業成績總平均全校排名百分比 5、公民與社會學業成績總平均全校排名百分比 6、地理學業成績總平均全校排名百分比 7、數學學業成績總平均全校排名百分比,,,,,,,"時尚設計學系整合整體造型設計與媒體傳達設計，為全國第一且唯一跨界整合時尚美學、視覺媒體、網路內容與數位行銷的專業學系，課程創設多元，接軌國際符合末來社會專職發展。多元彈性實習,海外移地教學與大師設計工作營及產業講座；兼具實務職能與創意美學，無縫對接末來職涯規劃和國際設計名校交流。深化課程內容美學涵養及建構品牌內涵、接軌產業發展，透析世界潮流趨勢。未來就業多元化，包含整體造形設計、服裝設計、時尚攝影、視覺影像設計、展示空間設計、平面設計、時尚編輯、時尚公關與企劃.等。
學系網址： https://fsdc.kh.usc.edu.tw/ 電話：07-6678888轉4361。"
05029,實踐大學,時尚設計學系媒體傳達設計組(高雄校區),第一類學群,3,32,1,28,0,0,0,0,底標,0,0,在校學業成績全校排名百分比,國語文學業成績總平均全校排名百分比,英語文學業成績總平均全校排名百分比,歷史學業成績總平均全校排名百分比,公民與社會學業成績總平均全校排名百分比,地理學業成績總平均全校排名百分比,數學學業成績總平均全校排名百分比,1、在校學業成績全校排名百分比 2、國語文學業成績總平均全校排名百分比 3、英語文學業成績總平均全校排名百分比 4、歷史學業成績總平均全校排名百分比 5、公民與社會學業成績總平均全校排名百分比 6、地理學業成績總平均全校排名百分比 7、數學學業成績總平均全校排名百分比,,,,,,,"時尚設計學系整合整體造型設計與媒體傳達設計，為全國第一且唯一跨界整合時尚美學、視覺媒體、網路內容與數位行銷的專業學系，課程創設多元，接軌國際符合末來社會專職發展。多元彈性實習,海外移地教學與大師設計工作營及產業講座；兼具實務職能與創意美學，無縫對接末來職涯規劃和國際設計名校交流。深化課程內容美學涵養及建構品牌內涵、接軌產業發展，透析世界潮流趨勢。未來就業多元化，包含整體造形設計、服裝設計、時尚攝影、視覺影像設計、展示空間設計、平面設計、時尚編輯、時尚公關與企劃.等。
學系網址： https://fsdc.kh.usc.edu.tw/ 電話：07-6678888轉4361。"
05030,實踐大學,觀光管理學系文化與自然旅遊經營組(高雄校區),第一類學群,5,32,1,28,底標,0,0,0,0,0,0,在校學業成績全校排名百分比,國語文學業成績總平均全校排名百分比,英語文學業成績總平均全校排名百分比,歷史學業成績總平均全校排名百分比,地理學業成績總平均全校排名百分比,公民與社會學業成績總平均全校排名百分比,數學學業成績總平均全校排名百分比,1、在校學業成績全校排名百分比 2、國語文學業成績總平均全校排名百分比 3、英語文學業成績總平均全校排名百分比 4、歷史學業成績總平均全校排名百分比 5、地理學業成績總平均全校排名百分比 6、公民與社會學業成績總平均全校排名百分比 7、數學學業成績總平均全校排名百分比,,,,,,,"想在學習中看見世界嗎？本系將是你夢想的起點！我們結合旅遊餐飲、自然生態、運動觀光與文化創意，讓學習不僅限於課本，而是走進社區、走向國際。
想瞭解永續觀光？文化與自然旅遊經營組專注於低碳、生態與文化永續，融合學術與實務回應全球ESG與SDGs趨勢。選擇本組，您將成為推動永續發展的新尖兵。"
05031,實踐大學,休閒產業管理學系休閒規畫與精品咖啡經營組(高雄校區),第一類學群,3,32,1,28,底標,0,0,0,0,0,0,在校學業成績全校排名百分比,國語文學業成績總平均全校排名百分比,英語文學業成績總平均全校排名百分比,公民與社會學業成績總平均全校排名百分比,歷史學業成績總平均全校排名百分比,地理學業成績總平均全校排名百分比,數學學業成績總平均全校排名百分比,1、在校學業成績全校排名百分比 2、國語文學業成績總平均全校排名百分比 3、英語文學業成績總平均全校排名百分比 4、公民與社會學業成績總平均全校排名百分比 5、歷史學業成績總平均全校排名百分比 6、地理學業成績總平均全校排名百分比 7、數學學業成績總平均全校排名百分比,,,,,,,"1.本組以豐富的文創產品製作及尖端的精品咖啡設備、校內外體驗多元實習與業師授課，培養專業的休閒文創規劃人才及專業的精品咖啡經營人才。
2.學生更可跨領域修習精品咖啡烘焙經營、運動遊憩企劃和文創設計策展等特色課程，所學呼應全球綠色產業(重視環境生態)、橘色經濟(關注人本人文與健康)趨勢。
3.學生享有豐富實用課程、國家證照保障學程、薪資優渥實習，保證學生畢業即就業，更是當代渴望的跨領域職能人才。"
05032,實踐大學,應用日文學系(高雄校區),第一類學群,11,32,2,28,0,0,0,0,底標,0,0,在校學業成績全校排名百分比,歷史學業成績總平均全校排名百分比,地理學業成績總平均全校排名百分比,公民與社會學業成績總平均全校排名百分比,英語文學業成績總平均全校排名百分比,國語文學業成績總平均全校排名百分比,數學學業成績總平均全校排名百分比,1、在校學業成績全校排名百分比 2、歷史學業成績總平均全校排名百分比 3、地理學業成績總平均全校排名百分比 4、公民與社會學業成績總平均全校排名百分比 5、英語文學業成績總平均全校排名百分比 6、國語文學業成績總平均全校排名百分比 7、數學學業成績總平均全校排名百分比,,,,,,,"（一）畢業門檻為日本語能力檢定N1同等之能力
（二）畢業後在日就業制度
（三）帶薪赴日三個月至一年的實習制度(不必爭取)
（四）互換學分的留學制度(不必爭取)
（五）獨特的課程規劃(小班制、課後輔導課程等)"
05033,實踐大學,建築職人學士學位學程(臺北校區),第二類學群,8,12,1,8,底標,0,0,0,0,0,0,在校學業成績全校排名百分比,國語文學業成績總平均全校排名百分比,地理學業成績總平均全校排名百分比,歷史學業成績總平均全校排名百分比,學測國文級分,學測社會級分,英語文學業成績總平均全校排名百分比,1、在校學業成績全校排名百分比 2、國語文學業成績總平均全校排名百分比 3、地理學業成績總平均全校排名百分比 4、歷史學業成績總平均全校排名百分比 5、學測國文級分 6、學測社會級分 7、英語文學業成績總平均全校排名百分比,,,,,,,"1.本建築職人學士學位學程將發展「做中學、學中做」之實務職人教育，在營建產業界一起投入下，採產學合作和產業界相互配合攜手合作發展契合式課程，並建置業界與學校緊密協作之教學實習平台，結合證照制度，培養具創新能力的下世代的建築工程職人。
2.本學系因教學程中使用機械設備及各項加工機具，學生需具備相當之視覺、聽覺功能及辨色能力，且肢體動作需能親自操作機具。
3.聯絡電話：(02)25381111轉7311；網址：https://www.arch.usc.edu.tw；Email：arch@g2.usc.edu.tw"
05034,實踐大學,企業管理學系自然組(臺北校區),第二類學群,6,12,1,8,底標,0,0,0,0,0,0,在校學業成績全校排名百分比,物理學業成績總平均全校排名百分比,化學學業成績總平均全校排名百分比,國語文學業成績總平均全校排名百分比,學測自然級分,學測國文級分,學測英文級分,1、在校學業成績全校排名百分比 2、物理學業成績總平均全校排名百分比 3、化學學業成績總平均全校排名百分比 4、國語文學業成績總平均全校排名百分比 5、學測自然級分 6、學測國文級分 7、學測英文級分,,,,,,,"1.本系以「綠色永續與智慧科技」雙軸經營為課程核心，培養兼具ESG、AI應用、環保低碳及數位化思維的強韌專業經理人，發展全球化行銷、數位化AI實務、資安管理、低碳經濟及ESG永續管理等能力。
2.為提升學生就業競爭力，本系開設「永續經營管理」、「創新創業管理」學程，並提供企業就業媒合服務。
3.本系積極推動海外實習計畫，與歐美、澳洲、東南亞、日本等國際企業合作，提供學生優渥薪資及轉正機會，協助累積實務經驗，鏈結全球產業，達成學用合一。同時，亦提供赴海外姊妹校進修、輔導修讀碩士課程及MBA升學等多元學習管道，拓展學生國際視野。聯絡電話：(02)25381111分機8111~8113；網址：https://bm.usc.edu.tw/"
05035,實踐大學,資訊科技與管理學系自然組(臺北校區),第二類學群,14,12,1,8,0,0,0,0,0,底標,0,在校學業成績全校排名百分比,資訊科技學業成績總平均全校排名百分比,國語文學業成績總平均全校排名百分比,數學學業成績總平均全校排名百分比,英語文學業成績總平均全校排名百分比,學測自然級分,學測國文級分,1、在校學業成績全校排名百分比 2、資訊科技學業成績總平均全校排名百分比 3、國語文學業成績總平均全校排名百分比 4、數學學業成績總平均全校排名百分比 5、英語文學業成績總平均全校排名百分比 6、學測自然級分 7、學測國文級分,,,,,,,"1.本系旨在培育兼具資訊科技與管理能力的優秀人才,入學後社會組與自然組學生混合編班,修課內容相同。
2.本系順應資訊科技領域及AI產業需求,規劃「人工智慧與數位媒體」、「雲端運算與資訊安全」、及「企業數
位轉型」等學程。
3. 本系設有碩士班，並已通過IEET資訊教育認證。課程規劃鼓勵大四學生至企業實習，並積極推動學生參與國際交換計畫。
4. 聯絡電話:02-25381111轉8811,網址:https://itm.usc.edu.tw"
05036,實踐大學,國際企業英語學士學位學程(自然組)(臺北校區),第二類學群,2,12,0,0,底標,0,0,0,0,0,0,在校學業成績全校排名百分比,資訊科技學業成績總平均全校排名百分比,國語文學業成績總平均全校排名百分比,英語文學業成績總平均全校排名百分比,學測自然級分,學測國文級分,學測英文級分,1、在校學業成績全校排名百分比 2、資訊科技學業成績總平均全校排名百分比 3、國語文學業成績總平均全校排名百分比 4、英語文學業成績總平均全校排名百分比 5、學測自然級分 6、學測國文級分 7、學測英文級分,,,,,,,"1.面對全球化時代國際移動之商業模式，本學程以全英語授課為特色，提供多元國際學習路徑，包括雙聯學位、姊妹校交換、海外研習、國際企業參訪、海外企業實習等，並提供各式獎學金與補助。
2.因應大電資時代，強調跨領域學習、本學程特招收自然組學生，規劃商業數據分析課程，例如商業智慧分析、數據分析、資料視覺化等。
3.自然組與社會組學生混合編班上課。修課內容相同。
4.聯絡電話: 02-25381111轉8021，學程網址: https://uscetp.usc.edu.tw"
05037,實踐大學,金融管理學系科技金融組(高雄校區),第二類學群,1,12,0,0,0,底標,0,0,0,0,0,在校學業成績全校排名百分比,學測國文級分,學測英文級分,學測社會級分,國語文學業成績總平均全校排名百分比,公民與社會學業成績總平均全校排名百分比,生活科技學業成績總平均全校排名百分比,1、在校學業成績全校排名百分比 2、學測國文級分 3、學測英文級分 4、學測社會級分 5、國語文學業成績總平均全校排名百分比 6、公民與社會學業成績總平均全校排名百分比 7、生活科技學業成績總平均全校排名百分比,,,,,,,"1.培育學生具有獨立分析金融投資策略能力之專業人才。
2.新生具有雙導師熱忱照顧。
3.畢業前可考取6張(含)以上之金融專業證照。
4.大四全學年帶薪全國就近實習。
5.本系提供資金供本系學生實際在股市投資，累積投資經驗。
6.本系培育學生運用資訊科技於金融職場。"
05038,實踐大學,資訊管理學系物聯網應用組(高雄校區),第二類學群,7,12,1,8,0,0,0,0,0,底標,0,在校學業成績全校排名百分比,資訊科技學業成績總平均全校排名百分比,數學學業成績總平均全校排名百分比,物理學業成績總平均全校排名百分比,化學學業成績總平均全校排名百分比,國語文學業成績總平均全校排名百分比,英語文學業成績總平均全校排名百分比,1、在校學業成績全校排名百分比 2、資訊科技學業成績總平均全校排名百分比 3、數學學業成績總平均全校排名百分比 4、物理學業成績總平均全校排名百分比 5、化學學業成績總平均全校排名百分比 6、國語文學業成績總平均全校排名百分比 7、英語文學業成績總平均全校排名百分比,,,,,,,"本組培養物聯網相關應用人才，具有以下特色：
(1)安排專任導師一對一客製化學習，輔導同學規劃升學、就業、專業證照。
(2)課程多元且注重實務，包括人工智慧、物聯網、雲端應用等實用性課程。
(3)學生進行人工智慧、物聯網等專題實作，並參加全國性競賽。
(4)畢業前安排至資訊與半導體相關企業實習。"
05039,實踐大學,資訊管理學系人工智慧與雲端應用組(高雄校區),第二類學群,7,12,1,8,底標,0,0,0,0,0,0,在校學業成績全校排名百分比,資訊科技學業成績總平均全校排名百分比,數學學業成績總平均全校排名百分比,物理學業成績總平均全校排名百分比,化學學業成績總平均全校排名百分比,國語文學業成績總平均全校排名百分比,英語文學業成績總平均全校排名百分比,1、在校學業成績全校排名百分比 2、資訊科技學業成績總平均全校排名百分比 3、數學學業成績總平均全校排名百分比 4、物理學業成績總平均全校排名百分比 5、化學學業成績總平均全校排名百分比 6、國語文學業成績總平均全校排名百分比 7、英語文學業成績總平均全校排名百分比,,,,,,,"本組培養人工智慧與雲端相關應用人才，具有以下特色：
(1)安排專任導師一對一客製化學習，輔導同學規劃升學、就業、專業證照。
(2)課程多元且注重實務，包括人工智慧、物聯網、雲端應用等實用性課程。
(3)學生進行人工智慧、物聯網等專題實作，並參加全國性競賽。
(4)畢業前安排至資訊與半導體相關企業實習。"
05040,實踐大學,資訊科技與通訊學系人工智慧組(高雄校區),第二類學群,6,12,0,0,底標,0,後標,後標,0,0,0,在校學業成績全校排名百分比,國語文學業成績總平均全校排名百分比,英語文學業成績總平均全校排名百分比,數學學業成績總平均全校排名百分比,公民與社會學業成績總平均全校排名百分比,地理學業成績總平均全校排名百分比,歷史學業成績總平均全校排名百分比,1、在校學業成績全校排名百分比 2、國語文學業成績總平均全校排名百分比 3、英語文學業成績總平均全校排名百分比 4、數學學業成績總平均全校排名百分比 5、公民與社會學業成績總平均全校排名百分比 6、地理學業成績總平均全校排名百分比 7、歷史學業成績總平均全校排名百分比,,,,,,,"1.以培育將人工智慧應用於機器人、物聯網、大數據分析與自然語言處理等領域之高科技人才為目標。
2.課程的設計是以應用實務為導向，前三年之每一個學期均有實務實作的課程，讓學生在「做中學、學中做」，
產學無縫接軌，大四全年帶薪實習。
3.應屆推甄錄取國立知名資訊相關研究所。
4.104人力銀行調查資通訊畢業起薪逾40K。
5.學系網址 https://itc.kh.usc.edu.tw/"
05041,實踐大學,資訊科技與通訊學系智慧機器人與無人機組(高雄校區),第二類學群,6,12,1,8,0,0,後標,後標,0,0,0,在校學業成績全校排名百分比,數學學業成績總平均全校排名百分比,地球科學學業成績總平均全校排名百分比,物理學業成績總平均全校排名百分比,化學學業成績總平均全校排名百分比,英語文學業成績總平均全校排名百分比,國語文學業成績總平均全校排名百分比,1、在校學業成績全校排名百分比 2、數學學業成績總平均全校排名百分比 3、地球科學學業成績總平均全校排名百分比 4、物理學業成績總平均全校排名百分比 5、化學學業成績總平均全校排名百分比 6、英語文學業成績總平均全校排名百分比 7、國語文學業成績總平均全校排名百分比,,,,,,,"1.強調做中學,培育智慧機器人與無人機設計應用人才。
2.南區唯一無人機與植保機學術科考照場,輔導考取國家級證照。
3.領先結合工業級機器手臂KUKA實務教學。
4.應屆推甄錄取國立知名資訊相關研究所。
5.產學無縫接軌 ,大四全年帶薪實習。6.104人力銀行調查資通訊畢業起薪逾40K。
7.學系網址 https://itc.kh.usc.edu.tw/"
05042,實踐大學,數位多媒體遊戲設計學系互動遊戲設計組(高雄校區),第二類學群,3,12,1,8,底標,0,0,0,0,0,0,在校學業成績全校排名百分比,國語文學業成績總平均全校排名百分比,資訊科技學業成績總平均全校排名百分比,英語文學業成績總平均全校排名百分比,物理學業成績總平均全校排名百分比,化學學業成績總平均全校排名百分比,地球科學學業成績總平均全校排名百分比,1、在校學業成績全校排名百分比 2、國語文學業成績總平均全校排名百分比 3、資訊科技學業成績總平均全校排名百分比 4、英語文學業成績總平均全校排名百分比 5、物理學業成績總平均全校排名百分比 6、化學學業成績總平均全校排名百分比 7、地球科學學業成績總平均全校排名百分比,,,,,,,"1. 培養學生成為互動遊戲設計人才，具備2D/3D遊戲設計、人物角色動作設定、遊戲關卡設計等能力。
2. 使學生具備遊戲程式設計、 Unity遊戲引擎的操作與應用設計能力，學生歷年參加遊戲大賽獲獎豐碩。
3. 辦理就業學程，聘請國內外知名業師授課，課程內容與產業接軌，增進畢業即就業能力。
4. 與多家遊戲大廠如智冠科技、樂美館等簽訂實習合約，提供暑期實習及全學年實習，畢業後優先錄用。"
05043,實踐大學,電腦動畫學士學位學程3D動畫製作及視覺特效組(高雄校區),第二類學群,2,12,0,0,底標,0,0,0,0,0,0,在校學業成績全校排名百分比,國語文學業成績總平均全校排名百分比,英語文學業成績總平均全校排名百分比,公民與社會學業成績總平均全校排名百分比,歷史學業成績總平均全校排名百分比,地理學業成績總平均全校排名百分比,數學學業成績總平均全校排名百分比,1、在校學業成績全校排名百分比 2、國語文學業成績總平均全校排名百分比 3、英語文學業成績總平均全校排名百分比 4、公民與社會學業成績總平均全校排名百分比 5、歷史學業成績總平均全校排名百分比 6、地理學業成績總平均全校排名百分比 7、數學學業成績總平均全校排名百分比,,,,,,,1.本學程以培養國際專業各類動畫與特效人才為目標。2.學習動畫影視之企劃創作和製作技術為主要課程架構，全體課程導入業界具有實務經驗的專業師資，帶領學生學習各類動畫的創與作。3.導入動畫相關各項產學，於在學期間實際接觸產業技術需求和訓練，媒合至業界或專案實習，達到畢業即就業的目標。4.教學重點由故事劇本、角色設計、場景美術設計、特效設計等前期企劃創作、中期2D、3D動畫以及特效製作專業技術能力，以及後期視覺特效、音樂音效剪輯、數位攝影、合圖及各項製作軟體熟練， 能獨立完成動畫各類型短片創作和製作並運用於遊戲、廣告、多媒體、影視等產業合作。5.學程網址： https://bpca.kh.usc.edu.tw/
05044,實踐大學,服飾設計與經營學系數位設計應用組(高雄校區),第二類學群,2,12,1,8,0,0,0,0,0,底標,0,在校學業成績全校排名百分比,物理學業成績總平均全校排名百分比,化學學業成績總平均全校排名百分比,國語文學業成績總平均全校排名百分比,英語文學業成績總平均全校排名百分比,數學學業成績總平均全校排名百分比,資訊科技學業成績總平均全校排名百分比,1、在校學業成績全校排名百分比 2、物理學業成績總平均全校排名百分比 3、化學學業成績總平均全校排名百分比 4、國語文學業成績總平均全校排名百分比 5、英語文學業成績總平均全校排名百分比 6、數學學業成績總平均全校排名百分比 7、資訊科技學業成績總平均全校排名百分比,,,,,,,"本學系培養國際時裝產業跨領域專業人才，作品屢獲國內外設計競賽大獎，涵蓋品牌經營、流行設計、飾品設計三大模組。1.跨校與彈性學習:與全球知名設計校院交流合作，採雙聯學制，可取得兩校文憑。2.移地教學:開拓國際視野與激發個人發展潛力。3.國際工作營:邀請歐美日專家學者至校辦理短期講座、工作營。4.企業實習:國內上市櫃企業產學合作，學生實習與就業皆能無縫接軌。5.學系網址： https://fdm.kh.usc.edu.tw/ ，IG帳號f_d_m
_official。"
05045,實踐大學,食品營養與保健生技學系(臺北校區),第三類學群,16,2,3,2,0,0,0,0,0,底標,0,在校學業成績全校排名百分比,化學學業成績總平均全校排名百分比,生物學業成績總平均全校排名百分比,國語文學業成績總平均全校排名百分比,英語文學業成績總平均全校排名百分比,學測自然級分,學測國文級分,1、在校學業成績全校排名百分比 2、化學學業成績總平均全校排名百分比 3、生物學業成績總平均全校排名百分比 4、國語文學業成績總平均全校排名百分比 5、英語文學業成績總平均全校排名百分比 6、學測自然級分 7、學測國文級分,,,,,,,"1.本系是全國首創唯一堅持食品與營養雙主軸（修）科系，學生經全方位選課配套，可於畢業後同時具備報考「營養師」和「食品技師」國考資格。
2.本系課程設計體現多元發展、適性分流之特色，以「食品科技」與「營養科學」二大領域為基本架構，輔以生物技術、電子商務、行銷管理、大數據、寵物營養、專利法與創意等相關跨領域課程，並提供國內外企業參訪、國外姊妹校交換學習、企業在業學習等機會，理論與實務緊密結合。
3.詳細內容請見: https://food.usc.edu.tw/app/index.php"
05046,實踐大學,食品營養與保健生技學系食品創新與科技法律組(臺北校區),第三類學群,2,2,1,2,底標,0,0,0,0,0,0,在校學業成績全校排名百分比,國語文學業成績總平均全校排名百分比,化學學業成績總平均全校排名百分比,生物學業成績總平均全校排名百分比,英語文學業成績總平均全校排名百分比,學測國文級分,學測自然級分,1、在校學業成績全校排名百分比 2、國語文學業成績總平均全校排名百分比 3、化學學業成績總平均全校排名百分比 4、生物學業成績總平均全校排名百分比 5、英語文學業成績總平均全校排名百分比 6、學測國文級分 7、學測自然級分,,,,,,,"1.因應企業界對產業升級、產品創新及具科技法律知識人才需求日增，本系設立全國唯一「食品創新與科技法律組」提供新穎性食品科技、大數據、行政法、專利法與創意等相關課程，培養學生成為具有食品營養、保健生技與法律素養之跨領域創新人才。
2.本組學生經適當課程選修配套，畢業後仍可報考「營養師」和「食品技師」。
3.詳細內容請見: https://food.usc.edu.tw/app/index.php"
05047,實踐大學,電腦動畫學士學位學程2D動畫美術設計組(高雄校區),第五類學群,1,3,0,0,底標,0,0,0,0,0,0,在校學業成績全校排名百分比,國語文學業成績總平均全校排名百分比,英語文學業成績總平均全校排名百分比,公民與社會學業成績總平均全校排名百分比,歷史學業成績總平均全校排名百分比,地理學業成績總平均全校排名百分比,數學學業成績總平均全校排名百分比,1、在校學業成績全校排名百分比 2、國語文學業成績總平均全校排名百分比 3、英語文學業成績總平均全校排名百分比 4、公民與社會學業成績總平均全校排名百分比 5、歷史學業成績總平均全校排名百分比 6、地理學業成績總平均全校排名百分比 7、數學學業成績總平均全校排名百分比,素描:--；彩繪技法:--；創意表現:--；水墨書畫:--；美術鑑賞:--,,,,,,1.本學程以培養國際專業各類動畫與特效人才為目標。2.學習動畫影視之企劃創作和製作技術為主要課程架構，全體課程導入業界具有實務經驗的專業師資，帶領學生學習各類動畫的創與作。3.導入動畫相關各項產學，於在學期間實際接觸產業技術需求和訓練，媒合至業界或專案實習，達到畢業即就業的目標。4.教學重點由故事劇本、角色設計、場景美術設計、特效設計等前期企劃創作、中期2D、3D動畫以及特效製作專業技術能力，以及後期視覺特效、音樂音效剪輯、數位攝影、合圖及各項製作軟體熟練， 能獨立完成動畫各類型短片創作和製作並運用於遊戲、廣告、多媒體、影視等產業合作。5.學程網址： https://bpca.kh.usc.edu.tw/
05048,實踐大學,服飾設計與經營學系美術組(高雄校區),第五類學群,2,3,0,0,底標,0,0,0,0,0,0,在校學業成績全校排名百分比,國語文學業成績總平均全校排名百分比,英語文學業成績總平均全校排名百分比,公民與社會學業成績總平均全校排名百分比,歷史學業成績總平均全校排名百分比,地理學業成績總平均全校排名百分比,數學學業成績總平均全校排名百分比,1、在校學業成績全校排名百分比 2、國語文學業成績總平均全校排名百分比 3、英語文學業成績總平均全校排名百分比 4、公民與社會學業成績總平均全校排名百分比 5、歷史學業成績總平均全校排名百分比 6、地理學業成績總平均全校排名百分比 7、數學學業成績總平均全校排名百分比,素描:--；彩繪技法:--；創意表現:--；水墨書畫:--；美術鑑賞:--,,,,,,"本學系培養國際時裝產業跨領域專業人才，作品屢獲國內外設計競賽大獎，涵蓋品牌經營、流行設計、飾品設計三大模組。1.跨校與彈性學習:與全球知名設計校院交流合作，採雙聯學制，可取得兩校文憑。2.移地教學:開拓國際視野與激發個人發展潛力。3.國際工作營:邀請歐美日專家學者至校辦理短期講座、工作營。4.企業實習:國內上市櫃企業產學合作，學生實習與就業皆能無縫接軌。5.學系網址： https://fdm.kh.usc.edu.tw/ ，IG帳號f_d_
m_official。"
05049,實踐大學,時尚設計學系藝術創作組(高雄校區),第五類學群,3,3,0,0,底標,0,0,0,0,0,0,在校學業成績全校排名百分比,國語文學業成績總平均全校排名百分比,英語文學業成績總平均全校排名百分比,歷史學業成績總平均全校排名百分比,公民與社會學業成績總平均全校排名百分比,地理學業成績總平均全校排名百分比,數學學業成績總平均全校排名百分比,1、在校學業成績全校排名百分比 2、國語文學業成績總平均全校排名百分比 3、英語文學業成績總平均全校排名百分比 4、歷史學業成績總平均全校排名百分比 5、公民與社會學業成績總平均全校排名百分比 6、地理學業成績總平均全校排名百分比 7、數學學業成績總平均全校排名百分比,素描:--；彩繪技法:--；創意表現:--；水墨書畫:--；美術鑑賞:--,,,,,,"時尚設計學系整合整體造型設計與媒體傳達設計，為全國第一且唯一跨界整合時尚美學、視覺媒體、網路內容與數位行銷的專業學系，課程創設多元，接軌國際符合末來社會專職發展。多元彈性實習,海外移地教學與大師設計工作營及產業講座；兼具實務職能與創意美學，無縫對接末來職涯規劃和國際設計名校交流。深化課程內容美學涵養及建構品牌內涵、接軌產業發展，透析世界潮流趨勢。未來就業多元化，包含整體造形設計、服裝設計、時尚攝影、視覺影像設計、展示空間設計、平面設計、時尚編輯、時尚公關與企劃.等。
學系網址： https://fsdc.kh.usc.edu.tw/ 電話：07-6678888轉4361。"
05050,實踐大學,觀光管理學系旅運暨運動觀光事業組(高雄校區),第七類學群,5,2,1,2,底標,0,0,0,0,0,0,在校學業成績全校排名百分比,國語文學業成績總平均全校排名百分比,英語文學業成績總平均全校排名百分比,地理學業成績總平均全校排名百分比,歷史學業成績總平均全校排名百分比,公民與社會學業成績總平均全校排名百分比,數學學業成績總平均全校排名百分比,1、在校學業成績全校排名百分比 2、國語文學業成績總平均全校排名百分比 3、英語文學業成績總平均全校排名百分比 4、地理學業成績總平均全校排名百分比 5、歷史學業成績總平均全校排名百分比 6、公民與社會學業成績總平均全校排名百分比 7、數學學業成績總平均全校排名百分比,體育(百分等級):--,,,,,,"想在學習中看見世界嗎？本系將是你夢想的起點！我們結合旅遊餐飲、自然生態、運動觀光與文化創意，讓學習不僅限於課本，而是走進社區、走向國際。
想要遨遊全世界？旅運暨運動觀光事業組以產業對接為核心，透過理論與實務讓您具備專業規劃與跨域整合能力。選擇本組，您將成為旅運與觀光產業的新力量。"
05051,實踐大學,休閒產業管理學系遊憩運動企劃組(高雄校區),第七類學群,4,2,1,2,0,0,底標,底標,0,0,0,在校學業成績全校排名百分比,國語文學業成績總平均全校排名百分比,數學學業成績總平均全校排名百分比,英語文學業成績總平均全校排名百分比,公民與社會學業成績總平均全校排名百分比,體育學業成績總平均全校排名百分比,歷史學業成績總平均全校排名百分比,1、在校學業成績全校排名百分比 2、國語文學業成績總平均全校排名百分比 3、數學學業成績總平均全校排名百分比 4、英語文學業成績總平均全校排名百分比 5、公民與社會學業成績總平均全校排名百分比 6、體育學業成績總平均全校排名百分比 7、歷史學業成績總平均全校排名百分比,體育(百分等級):--,,,,,,"1.本組以豐富的遊憩、運動與健身設施器材、校內外營運體驗場地與業師授課，培養專業的遊憩運動企劃人才。
2.學生更可跨領域修習精品咖啡烘焙經營、休閒規劃和文化設計策展等特色課程，所學呼應全球綠色產業(重視環境生態)、橘色經濟(關注人本人文與健康)趨勢。
3.學生享有豐富實用課程、國家證照保障學程、薪資優渥實習，保證學生畢業即就業，更是當代渴望的跨領域職能人才。"
05101,長榮大學,企業管理學系,第一類學群,7,10,1,10,底標,0,0,0,0,0,0,在校學業成績全校排名百分比,學測國文級分,學測英文級分,學測社會級分,國語文學業成績總平均全校排名百分比,英語文學業成績總平均全校排名百分比,數學學業成績總平均全校排名百分比,1、在校學業成績全校排名百分比 2、學測國文級分 3、學測英文級分 4、學測社會級分 5、國語文學業成績總平均全校排名百分比 6、英語文學業成績總平均全校排名百分比 7、數學學業成績總平均全校排名百分比,,,,,,,本系培育多元、創新暨系統化思維素養之專業管理人才，課程設計以五管知識為基礎外，聚焦於行銷、數位經營及創新應用等職場核心能力，營造理論與實務兼備的教學環境，重視產學合作、實習、證照等多元化學習與發展，使同學具備職場競爭力。畢業生可從事工作，如企業資源規劃師、行銷企劃分析師、商業分析師、自動化管理師、企業營運資訊管理師、生管/品保管理師、網路平台營運管理師、網路行銷規劃師、專案管理師、人力資源管理師、與產品經理等。
05102,長榮大學,國際企業學系,第一類學群,3,10,1,10,底標,0,0,0,0,0,0,在校學業成績全校排名百分比,學測國文級分,學測英文級分,學測社會級分,國語文學業成績總平均全校排名百分比,英語文學業成績總平均全校排名百分比,公民與社會學業成績總平均全校排名百分比,1、在校學業成績全校排名百分比 2、學測國文級分 3、學測英文級分 4、學測社會級分 5、國語文學業成績總平均全校排名百分比 6、英語文學業成績總平均全校排名百分比 7、公民與社會學業成績總平均全校排名百分比,,,,,,,"各類型產業對於國際企業人才需求甚殷，本系畢業生出路甚廣，本系特色為：
1.整合最新趨勢(如：AI、ESG)設計六大專業領域課程，強化學生專業能力。
2.媒介優質實習機會，開設多元證照輔導課程，提供證照獎勵，無縫接軌就業市場。
3.提供優渥獎學金，鼓勵學生參與國際交換生計畫，提升國際移動力。
4.建置各類線上學習軟體及專業教室，整合理論與實務。"
05103,長榮大學,會計資訊學系稅務應用組,第一類學群,2,10,0,0,底標,0,0,0,0,0,0,在校學業成績全校排名百分比,學測國文級分,學測英文級分,學測社會級分,數學學業成績總平均全校排名百分比,國語文學業成績總平均全校排名百分比,英語文學業成績總平均全校排名百分比,1、在校學業成績全校排名百分比 2、學測國文級分 3、學測英文級分 4、學測社會級分 5、數學學業成績總平均全校排名百分比 6、國語文學業成績總平均全校排名百分比 7、英語文學業成績總平均全校排名百分比,,,,,,,"1.本系培育學用合一、術德兼備之會計專業人才，並著重證照考試相關課程，增進就業能力。歡迎對會計及電腦有興趣的同學報考。畢業生可參加會計師、記帳士或公職考試、進入會計師事務所、記帳士事務所、一般企業、政府機關或非營利組織機構服務。
2.本系畢業生在各行各業均深受肯定，並有多位傑出會計師系友與記帳士系友。
3.本系聯絡電話：06-2785123轉2201 (週一至週五8:10至17:10)。"
05104,長榮大學,會計資訊學系財務應用組,第一類學群,1,10,1,10,0,0,0,0,底標,0,0,在校學業成績全校排名百分比,學測國文級分,學測英文級分,學測社會級分,國語文學業成績總平均全校排名百分比,英語文學業成績總平均全校排名百分比,數學學業成績總平均全校排名百分比,1、在校學業成績全校排名百分比 2、學測國文級分 3、學測英文級分 4、學測社會級分 5、國語文學業成績總平均全校排名百分比 6、英語文學業成績總平均全校排名百分比 7、數學學業成績總平均全校排名百分比,,,,,,,"1.本系培育學用合一、術德兼備之會計專業人才，並著重證照考試相關課程，增進就業能力。歡迎對會計及電腦有興趣的同學報考。畢業生可參加會計師、記帳士或公職考試、進入會計師事務所、記帳士事務所、一般企業、政府機關或非營利組織機構服務。
2.本系畢業生在各行各業均深受肯定，並有多位傑出會計師系友與記帳士系友。
3.本系聯絡電話：06-2785123轉2201 (週一至週五8:10至17:10)。"
05105,長榮大學,航運管理學系,第一類學群,18,10,2,10,底標,0,0,0,0,0,0,在校學業成績全校排名百分比,地理學業成績總平均全校排名百分比,學測國文級分,學測社會級分,英語文學業成績總平均全校排名百分比,學測英文級分,公民與社會學業成績總平均全校排名百分比,1、在校學業成績全校排名百分比 2、地理學業成績總平均全校排名百分比 3、學測國文級分 4、學測社會級分 5、英語文學業成績總平均全校排名百分比 6、學測英文級分 7、公民與社會學業成績總平均全校排名百分比,,,,,,,"1.本系培養海運、空運專業人才，大二起可選擇主修海運或空運。
2.重視實務訓練與專業證照取得，安排學生至航空站、航空公司、海運公司、貨物承攬運送公司、台灣高鐵公司等機構暑期實習及就業實習。本系提供多種獎學金。
3.畢業生除在海空運相關領域就業外，尚可進修運輸物流相關研究所及參加公職考試。
4.本系畢業學生無論升學就業表現均甚優良，在各行各業深受肯定。
5.本系聯絡電話：06-2785123分機2251。"
05106,長榮大學,財務金融學系,第一類學群,9,10,1,10,底標,0,0,0,0,0,0,在校學業成績全校排名百分比,學測國文級分,學測英文級分,學測社會級分,國語文學業成績總平均全校排名百分比,英語文學業成績總平均全校排名百分比,數學學業成績總平均全校排名百分比,1、在校學業成績全校排名百分比 2、學測國文級分 3、學測英文級分 4、學測社會級分 5、國語文學業成績總平均全校排名百分比 6、英語文學業成績總平均全校排名百分比 7、數學學業成績總平均全校排名百分比,,,,,,,"1.本系培養金融專業人才，提供投資理財、產業實習及數位技能培養等多元發展方向。
2.重視實務訓練與專業證照取得，安排學生至銀行、證券商、會計師事務所、中小企業財會部門及保險等相關機構實習，並提供基本薪資或津貼。
3.畢業生亦可進修商管等相關研究所及參加公職考試。
4.本系畢業生在金融產業與各行各業均表現優異，深受企業肯定，就業管道多元。
5.本系聯絡電話：06-2785123 分機 2351。"
05107,長榮大學,觀光與餐飲管理學系,第一類學群,4,10,1,10,底標,0,0,0,0,0,0,在校學業成績全校排名百分比,學測國文級分,學測社會級分,學測英文級分,國語文學業成績總平均全校排名百分比,公民與社會學業成績總平均全校排名百分比,英語文學業成績總平均全校排名百分比,1、在校學業成績全校排名百分比 2、學測國文級分 3、學測社會級分 4、學測英文級分 5、國語文學業成績總平均全校排名百分比 6、公民與社會學業成績總平均全校排名百分比 7、英語文學業成績總平均全校排名百分比,,,,,,,"1.本系培養觀光餐飲專業實務人才，課程涵蓋數位旅遊、永續觀光、中西餐料理、烘焙與飲品調製，並融入AI應用強化數位力。
2.除證照輔導與校外實習，學生可參與日韓實務研習或交換計畫，拓展國際視野。
3.另與瑞士BHMS合作雙聯學制，可選讀廚藝或餐旅管理，取得雙學位並累積海外實務經驗。
4.畢業後可從事飯店、旅行社、觀光餐旅管理、國際接待、廚藝及數位應用等工作，升學就業多元明確。洽詢電話：06-2785123分機2501。"
05108,長榮大學,醫務管理學系社會組,第一類學群,1,10,0,0,底標,0,0,0,0,0,0,在校學業成績全校排名百分比,學測國文級分,學測英文級分,學測社會級分,國語文學業成績總平均全校排名百分比,英語文學業成績總平均全校排名百分比,公民與社會學業成績總平均全校排名百分比,1、在校學業成績全校排名百分比 2、學測國文級分 3、學測英文級分 4、學測社會級分 5、國語文學業成績總平均全校排名百分比 6、英語文學業成績總平均全校排名百分比 7、公民與社會學業成績總平均全校排名百分比,,,,,,,"1.本系目標在培養人文關懷、專業知識與問題解決能力兼備的永續學習醫務管理人才。
2.本系於大三暑假進行實習，實習單位遍及全台醫療相關機構，並包含長期養護機構及衛生行政單位，並於學期中安排參訪。
3.為提升學生職場競爭力，與醫管界共同推動醫管師證照，並積極推動證照輔導包括高普考衛生行政類科、公共衛生師、照顧服務員、疾病分類師/員、醫務管理師、巨量資料分析師、病歷資訊管理師、丙級會計師等。
4.本學系師資優良，輔導學生升學考照就業用心，學生畢業發展均極優良，詳見本學系網頁榮譽榜。"
05109,長榮大學,護理學系A組,第一類學群,2,10,0,0,底標,0,0,0,0,0,0,在校學業成績全校排名百分比,學測國文級分,學測英文級分,學測社會級分,國語文學業成績總平均全校排名百分比,英語文學業成績總平均全校排名百分比,數學學業成績總平均全校排名百分比,1、在校學業成績全校排名百分比 2、學測國文級分 3、學測英文級分 4、學測社會級分 5、國語文學業成績總平均全校排名百分比 6、英語文學業成績總平均全校排名百分比 7、數學學業成績總平均全校排名百分比,,,,,,,1.招收關懷人群健康、主動認真學習且對護理專業有興趣者。 2.培養批判性、創造性及多元性思考與關懷盡責之態度，強化情境模擬教學，課程包含課室教學、實驗及醫院/社區實習。 3.提供跨領域整合課程，培育「人工智慧醫療」、「長期照護」等多元化醫療照護知能，連結當今醫療保健的趨勢與需求。 4.聯絡電話:06-2785123分機3151、3176，傳真:06-2785581。 5.網址:https://dweb.cjcu.edu.tw/nurse。
05110,長榮大學,食品安全衛生與檢驗學士學位學程食品安全管理組,第一類學群,1,10,0,0,0,0,0,0,底標,0,0,在校學業成績全校排名百分比,學測社會級分,學測英文級分,學測國文級分,國語文學業成績總平均全校排名百分比,公民與社會學業成績總平均全校排名百分比,英語文學業成績總平均全校排名百分比,1、在校學業成績全校排名百分比 2、學測社會級分 3、學測英文級分 4、學測國文級分 5、國語文學業成績總平均全校排名百分比 6、公民與社會學業成績總平均全校排名百分比 7、英語文學業成績總平均全校排名百分比,,,,,,,"1.本學位學程以培育符合現代潮流所需的專業知識、具獨立思考及問題解決能力的人才為宗旨。課程強調知識與實務並重，並輔導考取國家專業證照，以提升學生進入職場的競爭力。期望未來在食品安全管理能提供專業諮詢與服務。
2.本校不以智育為唯一選才標準，歡迎樂觀進取希望在本校開創自己未來前程之學生申請。
3.本學位學程之就業進路明確，工作機會多，符合社會需求。
4.連絡電話:06-2785123分機7601，網址:https://dweb.cjcu.edu.tw/efs。"
05111,長榮大學,消防安全學士學位學程消防實務管理組,第一類學群,1,10,0,0,0,0,0,0,底標,0,0,在校學業成績全校排名百分比,學測國文級分,學測英文級分,學測社會級分,國語文學業成績總平均全校排名百分比,英語文學業成績總平均全校排名百分比,公民與社會學業成績總平均全校排名百分比,1、在校學業成績全校排名百分比 2、學測國文級分 3、學測英文級分 4、學測社會級分 5、國語文學業成績總平均全校排名百分比 6、英語文學業成績總平均全校排名百分比 7、公民與社會學業成績總平均全校排名百分比,,,,,,,"1.本學程在培育消防、災防技術及管理專業人才，教學以消防科學技術及管理實務為基礎，再發展成為災害搶救、建築防火、消防安全設備及災害防救等專業領域。
2.本組畢業生主要可參加消防警察人員特考取得擔任消防局公職資格，其他可參加國家專技人員考試取得消防設備師及設備士證照，或是考試取得職業安全/衛生管理師(員)及技師等相關證照。
3.本學程積極培養學生提昇外語及資訊能力，推動學生參與產學合作計畫，增進理論與實務驗證學習，培育全方位發展與符合時代需求的消防專業人才。 4.連絡電話:06-2785123分機7651。"
05112,長榮大學,綠能與環境資源學系綠能產業管理組,第一類學群,1,10,1,10,0,0,0,0,底標,0,0,在校學業成績全校排名百分比,學測社會級分,學測國文級分,學測英文級分,國語文學業成績總平均全校排名百分比,地理學業成績總平均全校排名百分比,歷史學業成績總平均全校排名百分比,1、在校學業成績全校排名百分比 2、學測社會級分 3、學測國文級分 4、學測英文級分 5、國語文學業成績總平均全校排名百分比 6、地理學業成績總平均全校排名百分比 7、歷史學業成績總平均全校排名百分比,,,,,,,"本學系著重綠能與環境科學專業技術與規畫管理人才：
1.培養綠色能源相關理論、技術與實作兼具的專業人才，配合國家綠能政策，以及沙崙綠能科學城在地發展的特色；大四實習課程，由本系提供工研院等相關單位實習，提早進入職場機會，奠定學生一手證照一手技能，畢業即就業能力。 2.培養跨領域的環境科學新人才，成為國家永續發展目標中重要的資源規劃管理階層。 3.畢業生可報考高普考、環工技師、環境教育人員、環境規劃師、室內配線丙級、工業配線丙級、太陽光電設置乙級等相關證照，保障就業機會。 4.本系大學部學生可預修研究所課程。 5.連絡電話:06-2785123分機7701。"
05113,長榮大學,綠能與環境資源學系綠能產業實務組,第一類學群,1,10,0,0,底標,0,0,0,0,0,0,在校學業成績全校排名百分比,學測國文級分,學測社會級分,學測英文級分,國語文學業成績總平均全校排名百分比,地理學業成績總平均全校排名百分比,公民與社會學業成績總平均全校排名百分比,1、在校學業成績全校排名百分比 2、學測國文級分 3、學測社會級分 4、學測英文級分 5、國語文學業成績總平均全校排名百分比 6、地理學業成績總平均全校排名百分比 7、公民與社會學業成績總平均全校排名百分比,,,,,,,"本學系著重綠能與環境科學專業技術與規畫管理人才：
1.培養綠色能源相關理論、技術與實作兼具的專業人才，配合國家綠能政策，以及沙崙綠能科學城在地發展的特色；大四實習課程，由本系提供工研院等相關單位實習，提早進入職場機會，奠定學生一手證照一手技能，畢業即就業能力。 2.培養跨領域的環境科學新人才，成為國家永續發展目標中重要的資源規劃管理階層。 3.畢業生可報考高普考、環工技師、環境教育人員、環境規劃師、室內配線丙級、工業配線丙級、太陽光電設置乙級等相關證照，保障就業機會。 4.本系大學部學生可預修研究所課程。 5.連絡電話:06-2785123分機7701。"
05114,長榮大學,大眾傳播學系,第一類學群,4,10,1,10,底標,0,0,0,0,0,0,在校學業成績全校排名百分比,公民與社會學業成績總平均全校排名百分比,國語文學業成績總平均全校排名百分比,生活科技學業成績總平均全校排名百分比,歷史學業成績總平均全校排名百分比,地理學業成績總平均全校排名百分比,英語文學業成績總平均全校排名百分比,1、在校學業成績全校排名百分比 2、公民與社會學業成績總平均全校排名百分比 3、國語文學業成績總平均全校排名百分比 4、生活科技學業成績總平均全校排名百分比 5、歷史學業成績總平均全校排名百分比 6、地理學業成績總平均全校排名百分比 7、英語文學業成績總平均全校排名百分比,,,,,,,本系豐富多元的領域，學生得以十足的展現自我特色，贏得最大化的未來發展：影視、社群媒體、廣告、行銷、播客、音像、新聞、藝文、公關等專業人才。全臺唯一電影創作榮獲國際獎項的專任師資在長榮大學大傳系。林見坪教師的電影作品，榮獲50項國際大獎！指導學生頂尖的拍片藝術，從懵懂到卓越，生涯發展無往不利！本系致力培育學生AI應用能力，必然勝在無可被取代的就業競爭力。每一位學生都能在溫馨的長榮大傳裏，書寫屬於自己精彩、獨一無二、青春無價的《大傳奇》。繁星入學，美夢成真！歡迎來到能創造璀璨大傳奇的長榮大傳！TEL: 06-2785123轉4101。
05115,長榮大學,翻譯學系語文教學與觀光會展實務組,第一類學群,1,10,1,10,0,底標,0,0,0,0,0,在校學業成績全校排名百分比,學測英文級分,學測國文級分,學測社會級分,英語文學業成績總平均全校排名百分比,國語文學業成績總平均全校排名百分比,公民與社會學業成績總平均全校排名百分比,1、在校學業成績全校排名百分比 2、學測英文級分 3、學測國文級分 4、學測社會級分 5、英語文學業成績總平均全校排名百分比 6、國語文學業成績總平均全校排名百分比 7、公民與社會學業成績總平均全校排名百分比,,,,,,,1.本系提供多元課程，包含智慧科技、經貿、媒體相關跨域課程，與語言教學、觀光、會展相關實務課程，並注重第二外語（日、德、西、法）之能力。 2.培育在公私立機構、跨國企業、文化教育事業、觀光旅遊業等各領域，從事口譯、筆譯、或外語教學等多元就業之專業人才。 3.著重提升學生使用專業電腦翻譯軟體與網路資源之素養，以因應數位轉型世代之需。 4.配合本系畢業專題及校內外資源，安排與鼓勵學生進行校外實習，也鼓勵學生赴國外姊妹校進行交換留學，拓展國際競爭能力。 5.本系現與澳洲西雪梨大學簽訂3+1+1學士加碩士雙學位雙聯合作。
05116,長榮大學,社會工作學系,第一類學群,7,10,1,10,0,0,0,0,底標,0,0,在校學業成績全校排名百分比,學測社會級分,生活科技學業成績總平均全校排名百分比,公民與社會學業成績總平均全校排名百分比,學測國文級分,國語文學業成績總平均全校排名百分比,歷史學業成績總平均全校排名百分比,1、在校學業成績全校排名百分比 2、學測社會級分 3、生活科技學業成績總平均全校排名百分比 4、公民與社會學業成績總平均全校排名百分比 5、學測國文級分 6、國語文學業成績總平均全校排名百分比 7、歷史學業成績總平均全校排名百分比,,,,,,,1.本系採小班精緻化教學，培育兼具專業知能與社會關懷之社工人才。 2.建置「高齡福利暨健康照顧」與「兒童少年暨家庭實務」就業導向課群，結合產學合作與職場實習，強化畢業即就業競爭力。 3.具「三證照優勢」與證照獎勵，配搭課程大二可報考「照顧服務員」、大三「就業服務技術士」、大四應屆畢業具社工專業人員認定資格；並設完善「社會工作師」高考輔考制度，通過率高。 4.與臺南市社會局簽署產學合作，提供實務訓練、實習與就業媒合。 5.鼓勵國際移動學習，拓展跨文化能力。洽詢：06-2785123分機4151。
05117,長榮大學,應用日語學系語文翻譯組,第一類學群,4,10,0,0,底標,0,0,0,0,0,0,在校學業成績全校排名百分比,學測國文級分,學測社會級分,學測英文級分,國語文學業成績總平均全校排名百分比,公民與社會學業成績總平均全校排名百分比,英語文學業成績總平均全校排名百分比,1、在校學業成績全校排名百分比 2、學測國文級分 3、學測社會級分 4、學測英文級分 5、國語文學業成績總平均全校排名百分比 6、公民與社會學業成績總平均全校排名百分比 7、英語文學業成績總平均全校排名百分比,,,,,,,"1.本系專業選修課程分為語文模組、翻譯模組，以期培養同學的外語能力及專業知識。
2.每年甄選數名交換生至日本交換留學半年或一年。
3.提供赴日本長短期實習暨就業媒合的機會。
4.聯絡電話：06-2785123分機4251。
5.網址：https://dweb.cjcu.edu.tw/japanese。"
05118,長榮大學,應用日語學系觀光產業組,第一類學群,4,10,1,10,0,0,0,0,底標,0,0,在校學業成績全校排名百分比,學測社會級分,公民與社會學業成績總平均全校排名百分比,學測國文級分,國語文學業成績總平均全校排名百分比,學測英文級分,英語文學業成績總平均全校排名百分比,1、在校學業成績全校排名百分比 2、學測社會級分 3、公民與社會學業成績總平均全校排名百分比 4、學測國文級分 5、國語文學業成績總平均全校排名百分比 6、學測英文級分 7、英語文學業成績總平均全校排名百分比,,,,,,,"1.本系專業選修課程分為語文模組、翻譯模組，以期培養同學的外語能力及專業知識。
2.每年甄選數名交換生至日本交換留學半年或一年。
3.提供赴日本長短期實習暨就業媒合的機會。
4.聯絡電話：06-2785123分機4251。
5.網址：https://dweb.cjcu.edu.tw/japanese。"
05119,長榮大學,數位媒體設計學系,第一類學群,7,10,1,10,底標,0,0,0,0,0,0,在校學業成績全校排名百分比,學測國文級分,學測社會級分,學測英文級分,國語文學業成績總平均全校排名百分比,公民與社會學業成績總平均全校排名百分比,英語文學業成績總平均全校排名百分比,1、在校學業成績全校排名百分比 2、學測國文級分 3、學測社會級分 4、學測英文級分 5、國語文學業成績總平均全校排名百分比 6、公民與社會學業成績總平均全校排名百分比 7、英語文學業成績總平均全校排名百分比,,,,,,,本學系以藝術美學為基礎，結合設計、藝術與數位科技重點領域之專業實務，善用科技與AI前瞻技術工具，透過STEAM 創新教學模式，跨域結合多樣化專業課程學習，藉由實作累積實務經驗；貼近目前業界對於：廣告商展企劃、視覺設計、包裝設計、遊戲設計、數位媒體、網頁設計、2D與3D動畫等文創與數位媒體產業，以及互動藝術、互動介面設計(UI)及使用者經驗設計(UX)、視覺互動設計、互動創意與服務設計及虛擬實境VR、擴增實境AR、混和實境MR與AI生成式設計應用等人才需求。
05120,長榮大學,護理學系B組,第二類學群,2,4,0,0,底標,0,0,0,0,0,0,在校學業成績全校排名百分比,學測國文級分,學測英文級分,數學學業成績總平均全校排名百分比,國語文學業成績總平均全校排名百分比,英語文學業成績總平均全校排名百分比,生物學業成績總平均全校排名百分比,1、在校學業成績全校排名百分比 2、學測國文級分 3、學測英文級分 4、數學學業成績總平均全校排名百分比 5、國語文學業成績總平均全校排名百分比 6、英語文學業成績總平均全校排名百分比 7、生物學業成績總平均全校排名百分比,,,,,,,1.招收關懷人群健康、主動認真學習且對護理專業有興趣者。 2.培養批判性、創造性及多元性思考與關懷盡責之態度，強化情境模擬教學，課程包含課室教學、實驗及醫院/社區實習。 3.提供跨領域整合課程，培育「人工智慧醫療」、「長期照護」等多元化醫療照護知能，連結當今醫療保健的趨勢與需求。 4.聯絡電話:06-2785123分機3151、3176，傳真:06-2785581。 5.網址:https://dweb.cjcu.edu.tw/nurse。
05121,長榮大學,職業安全與衛生學系,第二類學群,5,4,1,4,0,0,0,0,0,底標,0,在校學業成績全校排名百分比,學測國文級分,學測自然級分,學測英文級分,國語文學業成績總平均全校排名百分比,英語文學業成績總平均全校排名百分比,數學學業成績總平均全校排名百分比,1、在校學業成績全校排名百分比 2、學測國文級分 3、學測自然級分 4、學測英文級分 5、國語文學業成績總平均全校排名百分比 6、英語文學業成績總平均全校排名百分比 7、數學學業成績總平均全校排名百分比,,,,,,,1.培養職場（涵蓋高科技產業、醫療生技產業、營造業、顧問服務業、傳統產業等）安全衛生管理人才。2.在校生修讀完成9學分即可報考職業安全衛生乙級技術士(管理員)及輔導考取證照以保障就業機會。3.大四學生可以安排全學年校外職場實習，結合專業課程及未來工作之實務經驗。4.畢業生可報考工業安全技師、職業衛生技師、消防設備師/士、職業安全/衛生管理師相關證照，保障升學與就業機會。5.本系畢業生無論在升學或就業均表現亮眼成績，並在各行各業深受肯定。6.聯絡電話：06-2785123分機7551，傳真：06-2785681，網址：https://dweb.cjcu.edu.tw/osh。
05122,長榮大學,食品安全衛生與檢驗學士學位學程食品科技組,第二類學群,1,4,0,0,底標,0,0,0,0,0,0,在校學業成績全校排名百分比,學測國文級分,學測英文級分,學測自然級分,國語文學業成績總平均全校排名百分比,英語文學業成績總平均全校排名百分比,公民與社會學業成績總平均全校排名百分比,1、在校學業成績全校排名百分比 2、學測國文級分 3、學測英文級分 4、學測自然級分 5、國語文學業成績總平均全校排名百分比 6、英語文學業成績總平均全校排名百分比 7、公民與社會學業成績總平均全校排名百分比,,,,,,,"1.本學位學程以培育符合現代潮流所需的專業知識、具獨立思考及問題解決能力的人才為宗旨。課程強調知識與實務並重，並輔導考取國家專業證照，以提升學生進入職場的競爭力。期望未來在食品科技領域上能提供專業諮詢與服務。
2.本校不以智育為唯一選才標準，歡迎樂觀進取希望在本校開創自己未來前程之學生申請。
3.本學位學程之就業進路明確，工作機會多，符合社會需求。
4.連絡電話:06-2785123分機7601，網址:https://dweb.cjcu.edu.tw/efs。"
05123,長榮大學,消防安全學士學位學程火場鑑識組,第二類學群,2,4,1,4,底標,0,0,0,0,0,0,在校學業成績全校排名百分比,學測自然級分,學測國文級分,學測英文級分,數學學業成績總平均全校排名百分比,國語文學業成績總平均全校排名百分比,英語文學業成績總平均全校排名百分比,1、在校學業成績全校排名百分比 2、學測自然級分 3、學測國文級分 4、學測英文級分 5、數學學業成績總平均全校排名百分比 6、國語文學業成績總平均全校排名百分比 7、英語文學業成績總平均全校排名百分比,,,,,,,1.本學程在培育消防、災防技術及管理專業人才，教學以消防科學技術及管理實務為基礎，再發展成為災害搶救、建築防火、消防安全設備及災害防救等專業領域。 2.本組畢業生主要可參加消防警察人員特考取得消防局公職資格進入鑑識單位，其他可參加國家專技人員考試取得消防設備師及設備士證照，或是取得職業安全/衛生管理師(員)及技師等相關證照；亦可投入保險公司或其委託之第三公正單位，從事火災爆炸現場之鑑識工作。 3.本學程積極培養學生提昇外語及資訊能力，推動學生參與產學合作計畫，增進理論與實務驗證學習，培育全方位發展與符合時代需求的消防專業人才。 4.連絡電話:06-2785123分機7651。
05124,長榮大學,綠能與環境資源學系綠能環境科技組,第二類學群,2,4,0,0,0,0,0,0,0,底標,0,在校學業成績全校排名百分比,學測自然級分,學測國文級分,學測社會級分,物理學業成績總平均全校排名百分比,地球科學學業成績總平均全校排名百分比,國語文學業成績總平均全校排名百分比,1、在校學業成績全校排名百分比 2、學測自然級分 3、學測國文級分 4、學測社會級分 5、物理學業成績總平均全校排名百分比 6、地球科學學業成績總平均全校排名百分比 7、國語文學業成績總平均全校排名百分比,,,,,,,"本學系著重綠能與環境科學專業技術與規畫管理人才：
1.培養綠色能源相關理論、技術與實作兼具的專業人才，配合國家綠能政策，以及沙崙綠能科學城在地發展的特色；大四實習課程，由本系提供工研院等相關單位實習，提早進入職場機會，奠定學生一手證照一手技能，畢業即就業能力。 2.培養跨領域的環境科學新人才，成為國家永續發展目標中重要的資源規劃管理階層。 3.畢業生可報考高普考、環工技師、環境教育人員、環境規劃師、室內配線丙級、工業配線丙級、太陽光電設置乙級等相關證照，保障就業機會。 4.本系大學部學生可預修研究所課程。 5.連絡電話:06-2785123分機7701。"
05125,長榮大學,營建工程安全學士學位學程,第二類學群,5,4,1,4,0,0,0,0,0,底標,0,在校學業成績全校排名百分比,學測國文級分,學測自然級分,學測英文級分,國語文學業成績總平均全校排名百分比,英語文學業成績總平均全校排名百分比,物理學業成績總平均全校排名百分比,1、在校學業成績全校排名百分比 2、學測國文級分 3、學測自然級分 4、學測英文級分 5、國語文學業成績總平均全校排名百分比 6、英語文學業成績總平均全校排名百分比 7、物理學業成績總平均全校排名百分比,,,,,,,"1.本學位學程以培育符合現代潮流所需的專業知識與技能、具獨立思考及問題解決能力的營建工程安全人才為宗旨。課程強調知識與實務並重，並輔導考取營建工程安全專業證照，以提升學生進入職場的競爭力。期望未來在營建安全風險評估與意外預防等工作上能提供專業諮詢與服務。
2.本校不以智育為唯一選才標準，歡迎樂觀進取希望在本校開創自己未來前程之學生申請。
3.本學位學程之就業進路明確，工作機會多，符合社會需求。
4.連絡電話:06-2785123分機7851。"
05126,長榮大學,翻譯學系智慧科技與經貿媒體跨域組,第二類學群,1,4,0,0,底標,0,0,0,0,0,0,在校學業成績全校排名百分比,學測國文級分,學測英文級分,學測社會級分,國語文學業成績總平均全校排名百分比,英語文學業成績總平均全校排名百分比,公民與社會學業成績總平均全校排名百分比,1、在校學業成績全校排名百分比 2、學測國文級分 3、學測英文級分 4、學測社會級分 5、國語文學業成績總平均全校排名百分比 6、英語文學業成績總平均全校排名百分比 7、公民與社會學業成績總平均全校排名百分比,,,,,,,1.本系提供多元課程，包含智慧科技、經貿、媒體相關跨域課程，與語言教學、觀光、會展相關實務課程，並注重第二外語（日、德、西、法）之能力。 2.培育在公私立機構、跨國企業、文化教育事業、觀光旅遊業等各領域，從事口譯、筆譯、或外語教學等多元就業之專業人才。 3.側重第二外語（日、法、德、西）及應用多媒體翻譯之能力，並提供學生校外實習及赴姊妹校交換留學之機會多。 4.本系與澳洲西雪梨大學簽訂3+1+1學士加碩士雙學位雙聯合作。 5.本系連絡電話：06-2785123分機4051。
05127,長榮大學,資訊工程學系,第二類學群,11,4,2,4,底標,0,0,0,0,0,0,在校學業成績全校排名百分比,學測國文級分,學測英文級分,學測數學B級分,國語文學業成績總平均全校排名百分比,英語文學業成績總平均全校排名百分比,數學學業成績總平均全校排名百分比,1、在校學業成績全校排名百分比 2、學測國文級分 3、學測英文級分 4、學測數學B級分 5、國語文學業成績總平均全校排名百分比 6、英語文學業成績總平均全校排名百分比 7、數學學業成績總平均全校排名百分比,,,,,,,適合對資訊有興趣之學生就讀，發展重點為人工智慧、物聯網與軟體系統設計。本系設備新穎，學風嚴謹。學生可學到充實之資訊領域知識及技能，除此之外與業界有極強連接，業師導入課程、業界實習、證照推廣或是進修碩士等都有極好成績。日後可以成為資訊工程師、AI工程師、網路工程師、軟體工程師、物聯網工程師等，就業與升學路途十分寬廣。選擇長榮資訊工程學系的優勢有：1.培育學生程式設計能力，強化系統設計實作能力。2.提供學生專業課程模組養成，直接與資訊產業職務對應，讓同學接觸業界最夯的趨勢，並且具有升學及就業競爭力。3.學生在學階段即可參加教授各類研究計畫。4.提供國際移動機會，可與國外姐妹校進行交換課程學習或是3+1+1雙聯。
05128,長榮大學,醫務管理學系自然組,第三類學群,4,3,1,3,底標,0,0,0,0,0,0,在校學業成績全校排名百分比,學測國文級分,學測英文級分,學測自然級分,國語文學業成績總平均全校排名百分比,英語文學業成績總平均全校排名百分比,生物學業成績總平均全校排名百分比,1、在校學業成績全校排名百分比 2、學測國文級分 3、學測英文級分 4、學測自然級分 5、國語文學業成績總平均全校排名百分比 6、英語文學業成績總平均全校排名百分比 7、生物學業成績總平均全校排名百分比,,,,,,,"1.本系目標在培養人文關懷、專業知識與問題解決能力兼備的永續學習醫務管理人才。
2.本系於大三暑假進行實習，實習單位遍及全台醫療相關機構，並包含長期養護機構及衛生行政單位，並於學期中安排參訪。
3.為提升學生職場競爭力，與醫管界共同推動醫管師證照，並積極推動證照輔導包括高普考衛生行政類科、公共衛生師、照顧服務員、疾病分類師/員、醫務管理師、巨量資料分析師、病歷資訊管理師、丙級會計師等。
4.本學系師資優良，輔導學生升學考照就業用心，學生畢業發展均極優良，詳見本學系網頁榮譽榜。"
05129,長榮大學,護理學系C組,第三類學群,8,3,1,3,底標,0,0,0,0,0,0,在校學業成績全校排名百分比,學測國文級分,國語文學業成績總平均全校排名百分比,學測英文級分,英語文學業成績總平均全校排名百分比,學測自然級分,生物學業成績總平均全校排名百分比,1、在校學業成績全校排名百分比 2、學測國文級分 3、國語文學業成績總平均全校排名百分比 4、學測英文級分 5、英語文學業成績總平均全校排名百分比 6、學測自然級分 7、生物學業成績總平均全校排名百分比,,,,,,,1.招收關懷人群健康、主動認真學習且對護理專業有興趣者。 2.培養批判性、創造性及多元性思考與關懷盡責之態度，強化情境模擬教學，課程包含課室教學、實驗及醫院/社區實習。 3.提供跨領域整合課程，培育「人工智慧醫療」、「長期照護」等多元化醫療照護知能，連結當今醫療保健的趨勢與需求。 4.聯絡電話:06-2785123分機3151、3176，傳真:06-2785581。 5.網址:https://dweb.cjcu.edu.tw/nurse。
05130,長榮大學,生物科技學系,第三類學群,4,3,1,3,底標,0,0,0,0,0,0,在校學業成績全校排名百分比,學測國文級分,學測英文級分,國語文學業成績總平均全校排名百分比,英語文學業成績總平均全校排名百分比,生物學業成績總平均全校排名百分比,學測自然級分,1、在校學業成績全校排名百分比 2、學測國文級分 3、學測英文級分 4、國語文學業成績總平均全校排名百分比 5、英語文學業成績總平均全校排名百分比 6、生物學業成績總平均全校排名百分比 7、學測自然級分,,,,,,,"1.提供對生物科技理論及其應用有興趣之高中生，並讓有志於生物、生物科技、生命科學、生物醫學、生物化學及生醫產業等科技的學生有選填志願的機會。
2.本系提供生物科技專業領域優質教學，教育目標為培育廣博視野之生物科技人才。
3.著重實驗教學及技能建立，校外專題，充實的專業研究及產業實務經驗。
4.聯絡電話:06-2785123分機3201，網址:https://dweb.cjcu.edu.tw/biosci。"
05131,長榮大學,健康心理學系,第三類學群,7,3,1,3,底標,0,0,0,0,0,0,在校學業成績全校排名百分比,學測國文級分,學測英文級分,學測自然級分,國語文學業成績總平均全校排名百分比,英語文學業成績總平均全校排名百分比,數學學業成績總平均全校排名百分比,1、在校學業成績全校排名百分比 2、學測國文級分 3、學測英文級分 4、學測自然級分 5、國語文學業成績總平均全校排名百分比 6、英語文學業成績總平均全校排名百分比 7、數學學業成績總平均全校排名百分比,,,,,,,"1.本系課程著重心理學基本理論、諮商臨床實務訓練、及研究方法，期待學生須先具備基礎學科能力、科學素養及溫暖助人的性格特質。
2.本系注重提升學生的自我了解並擴展學習潛力，進而具有服務人群的意願、能力及技巧。
3.本系畢業生無論升學或者就業，表現均為非常優秀，深受肯定。
4.本系系辦聯絡方式06-2785123轉3251。"
05132,長榮大學,保健營養學系,第三類學群,8,3,1,3,底標,0,0,0,0,0,0,在校學業成績全校排名百分比,學測國文級分,學測英文級分,國語文學業成績總平均全校排名百分比,英語文學業成績總平均全校排名百分比,數學學業成績總平均全校排名百分比,公民與社會學業成績總平均全校排名百分比,1、在校學業成績全校排名百分比 2、學測國文級分 3、學測英文級分 4、國語文學業成績總平均全校排名百分比 5、英語文學業成績總平均全校排名百分比 6、數學學業成績總平均全校排名百分比 7、公民與社會學業成績總平均全校排名百分比,,,,,,,"1.本系希望能甄試對保健營養議題有興趣之高中生，讓有志於醫學營養與生命科學的學生有選填志願的機會。
2.本系教育目標為「培育營養照顧專業人才、培育營養保健專業人才與培養進修、研究人才」三大方向，因此，為達上述目標本系規劃學生需具備有「基礎知識」「倫理素養」「團隊合作」「解決問題」「專業能力」等核心能力。
3.本系畢業學生無論升學就業表現均甚優良，深受肯定，曾有學生獲得營養師考試榜首。
4.本系連絡電話：06-2785123轉3301。"
05133,長榮大學,食品安全衛生與檢驗學士學位學程食品檢驗組,第三類學群,2,3,1,3,0,0,0,0,0,底標,0,在校學業成績全校排名百分比,學測國文級分,學測自然級分,學測英文級分,國語文學業成績總平均全校排名百分比,英語文學業成績總平均全校排名百分比,公民與社會學業成績總平均全校排名百分比,1、在校學業成績全校排名百分比 2、學測國文級分 3、學測自然級分 4、學測英文級分 5、國語文學業成績總平均全校排名百分比 6、英語文學業成績總平均全校排名百分比 7、公民與社會學業成績總平均全校排名百分比,,,,,,,"1.本學位學程以培育符合現代潮流所需的專業知識、具獨立思考及問題解決能力的人才為宗旨。課程強調知識與實務並重，並輔導考取國家專業證照，以提升學生進入職場的競爭力。期望學生未來在食品安全檢驗或食安管理工作上能提供專業諮詢與服務。
2.本校不以智育為唯一選才標準，歡迎樂觀進取希望在本校開創自己未來前程之學生申請。
3.本學位學程之就業進路明確，工作機會多，符合社會需求。
4.連絡電話:06-2785123分機7601，網址:https://dweb.cjcu.edu.tw/efs。"
05134,長榮大學,美術學系,第五類學群,7,1,1,1,底標,0,0,0,0,0,0,在校學業成績全校排名百分比,學測國文級分,學測社會級分,國語文學業成績總平均全校排名百分比,公民與社會學業成績總平均全校排名百分比,學測英文級分,英語文學業成績總平均全校排名百分比,1、在校學業成績全校排名百分比 2、學測國文級分 3、學測社會級分 4、國語文學業成績總平均全校排名百分比 5、公民與社會學業成績總平均全校排名百分比 6、學測英文級分 7、英語文學業成績總平均全校排名百分比,素描:--；彩繪技法:--；創意表現:--；水墨書畫:--；美術鑑賞:--,,,,,,"1. 本系重視學生的藝術創作力與實務能力，教學課程涵蓋「藝術創作」、「造型藝術」與「實務統合」三大領域。
2. 本系強調藝術創作與實務並重，定期舉辦展覽、工作坊、專題講座及國際交流活動。
3. 本系每年提供總額23萬元的多元獎助學金，優秀的創作與學習皆有機會獲得肯定與鼓勵。
4. 聯絡電話：06-2785123分機4301。"
05135,長榮大學,書畫藝術學系,第五類學群,4,1,1,1,底標,0,0,0,0,0,0,在校學業成績全校排名百分比,學測國文級分,學測社會級分,美術學業成績總平均全校排名百分比,國語文學業成績總平均全校排名百分比,公民與社會學業成績總平均全校排名百分比,生活科技學業成績總平均全校排名百分比,1、在校學業成績全校排名百分比 2、學測國文級分 3、學測社會級分 4、美術學業成績總平均全校排名百分比 5、國語文學業成績總平均全校排名百分比 6、公民與社會學業成績總平均全校排名百分比 7、生活科技學業成績總平均全校排名百分比,素描:--；彩繪技法:--；創意表現:--；水墨書畫:--；美術鑑賞:--,,,,,,1.本系設有「書畫藝術學系系展暨典藏獎」，最高獎金達3萬元。  2.本系以「水墨、書法、篆刻」為專業核心，兼顧理論與實務，為國內綜合大學中唯一具備完整書畫藝術系統性課程教學之系所。  3.課程設計採「學術」與「市場」雙軌並重，兼具創作技巧、藝術理論及實務應用，並以藝術市場行銷為特色亮點。  4.本系學生已有作品於香港蘇富比拍賣會高價拍出，各大美展亦有傑出表現。  5.聯絡電話:06-2785123分機4401。
05601,國立臺灣藝術大學,圖文傳播藝術學系,第一類學群,7,4,2,4,均標,均標,0,0,均標,0,0,在校學業成績全校排名百分比,學測國文級分,學測英文級分,學測社會級分,學測國文、英文、社會之級分總和,國語文學業成績總平均全校排名百分比,學測數學B級分,1、在校學業成績全校排名百分比 2、學測國文級分 3、學測英文級分 4、學測社會級分 5、學測國文、英文、社會之級分總和 6、國語文學業成績總平均全校排名百分比 7、學測數學B級分,,,,,,,"1.本系課程著重數位媒體藝術學習與創新應用，課程特色含跨圖文藝術表現所需之設計、攝影、印刷、出版、完整專業訓練，為培育圖文傳播藝術之設計師、攝影師、美術編輯與印刷出版專業管理人才。
2.本系網址：https://gca.ntua.edu.tw/zh/index
3.聯絡電話：02-2272-2181分機2251"
05602,國立臺灣藝術大學,廣播電視學系,第一類學群,7,4,1,4,均標,均標,0,0,均標,0,0,在校學業成績全校排名百分比,學測國文、英文、社會之級分總和,學測國文級分,學測英文級分,學測社會級分,國語文學業成績總平均全校排名百分比,英語文學業成績總平均全校排名百分比,1、在校學業成績全校排名百分比 2、學測國文、英文、社會之級分總和 3、學測國文級分 4、學測英文級分 5、學測社會級分 6、國語文學業成績總平均全校排名百分比 7、英語文學業成績總平均全校排名百分比,,,,,,,"1.招生對象以對大眾傳播有興趣及具有潛力者。
2.可報考本校師資培育學程。
3.歡迎學生申請出國交換。
4.本系網址：https://rtv.ntua.edu.tw/
5.聯絡電話：02-2272-2181分機5014"
05603,國立臺灣藝術大學,電影學系,第一類學群,6,4,1,4,均標,均標,0,0,0,0,0,在校學業成績全校排名百分比,學測英文級分,學測國文級分,學測社會級分,英語文學業成績總平均全校排名百分比,歷史學業成績總平均全校排名百分比,國語文學業成績總平均全校排名百分比,1、在校學業成績全校排名百分比 2、學測英文級分 3、學測國文級分 4、學測社會級分 5、英語文學業成績總平均全校排名百分比 6、歷史學業成績總平均全校排名百分比 7、國語文學業成績總平均全校排名百分比,,,,,,,"1.本系以培養電影藝術創作與電影研究人才為宗旨，招收對影像藝術、大眾媒體傳播有濃厚興趣，並以其為就業志向之學生。實習實作課程包含導演、攝影、製作、聲音設計、美術製作、實景外拍等各種技術操作，需具良好體能、移動能力及需具相當之視覺、聽覺功能及口語表達、辨別顏色能力，具人際互動溝通協調能力、能控管自身情緒。
2.本系網址：https://mpd.ntua.edu.tw/
3.聯絡電話：02-2272-2181分機5052"
05604,國立臺灣藝術大學,戲劇學系,第一類學群,4,4,1,4,頂標,頂標,0,0,均標,0,B級,在校學業成績全校排名百分比,學測國文級分,學測英文級分,學測社會級分,國語文學業成績總平均全校排名百分比,英語文學業成績總平均全校排名百分比,公民與社會學業成績總平均全校排名百分比,1、在校學業成績全校排名百分比 2、學測國文級分 3、學測英文級分 4、學測社會級分 5、國語文學業成績總平均全校排名百分比 6、英語文學業成績總平均全校排名百分比 7、公民與社會學業成績總平均全校排名百分比,,,,,,,"1.本系為孕育表演藝術界之專業表演者、導演、編劇、劇場設計及戲劇教育人員之搖籃，課程學習著重肢體表演、導演、編劇、劇場設計、應用戲劇及藝術創作等能力，需具有良好體能、移動能力，需勇於面對群眾，且具相當之視覺、聽覺功能及口語表達、辨別顏色能力，具團隊合作及人際互動溝通協調能力、且能控管自身情緒者。
2.本系網址：https://drama.ntua.edu.tw/
3.聯絡電話：02-2272-2181分機2571"
05605,國立臺灣藝術大學,音樂學系,第四類學群,4,1,1,1,底標,底標,0,0,0,0,0,在校學業成績全校排名百分比,術科考試主修分數,學測英文級分,術科考試聽寫分數,術科考試樂理分數,術科考試副修分數,學測國文級分,1、在校學業成績全校排名百分比 2、術科考試主修分數 3、學測英文級分 4、術科考試聽寫分數 5、術科考試樂理分數 6、術科考試副修分數 7、學測國文級分,主修:後標；副修:--；樂理:--；視唱:--；聽寫:--,"中提琴(名額1,外加--)；單簧管(豎笛)(名額1,外加--)；擊樂(名額1,外加--)；理論作曲(名額1,外加1)",,,,,"1.學系特色：臺灣藝術大學音樂學系設立宗旨：「培養專業音樂人才，使具備成熟的美學觀念及演奏能力。」主修分為：鋼琴、聲樂、弦樂、管樂、擊樂、作曲及撥弦等七組，以課程及演出活動加強學生展演、創作與學術內涵，畢業生有極優異的表現，如國臺交、北市交及國家樂團團員中，本校校友佔極高比例。交通便利，學習環境活潑，課程可跨領域學習且接軌職場是本系教學最大特色。
2.本系網址：https://music.ntua.edu.tw/web/index/index.jsp
3.聯絡電話：02-2272-2181分機2511"
05606,國立臺灣藝術大學,美術學系,第五類學群,5,7,1,3,均標,0,0,0,0,0,0,在校學業成績全校排名百分比,學測國文級分,學測英文級分,術科考試美術鑑賞分數,術科考試素描分數,術科考試彩繪技法分數,術科考試創意表現分數,1、在校學業成績全校排名百分比 2、學測國文級分 3、學測英文級分 4、術科考試美術鑑賞分數 5、術科考試素描分數 6、術科考試彩繪技法分數 7、術科考試創意表現分數,素描:均標；彩繪技法:--；創意表現:--；水墨書畫:--；美術鑑賞:均標,,,,,,"1.建議對象以畢業後從事視覺藝術創作、策展、藝術管理等藝術相關工作有興趣者。
2.本系課程包含理論與實務操作，需具備視覺設計與色彩判定能力。
3.本系網址：https://arts.ntua.edu.tw/
4.聯絡電話：02-2272-2181分機2021"
05607,國立臺灣藝術大學,書畫藝術學系,第五類學群,5,7,1,3,均標,底標,0,0,均標,0,0,在校學業成績全校排名百分比,術科考試水墨書畫分數,術科考試素描分數,術科考試彩繪技法分數,美術學業成績總平均全校排名百分比,學測國文級分,學測社會級分,1、在校學業成績全校排名百分比 2、術科考試水墨書畫分數 3、術科考試素描分數 4、術科考試彩繪技法分數 5、美術學業成績總平均全校排名百分比 6、學測國文級分 7、學測社會級分,素描:後標；彩繪技法:後標；創意表現:--；水墨書畫:均標；美術鑑賞:--,,,,,,"1.本系為書畫藝術專業創作與研究學系，入學後主要修習水墨、書法、篆刻等相關創作及史論研究課程，非絕對興趣者請慎選考慮。
2.本系網址：https://cart.ntua.edu.tw/web/index/index.jsp
3.聯絡電話：02-2272-2181分機2051"
05608,國立臺灣藝術大學,雕塑學系,第五類學群,6,7,1,3,底標,底標,0,0,底標,0,0,在校學業成績全校排名百分比,術科考試素描分數,術科考試創意表現分數,術科考試美術鑑賞分數,美術學業成績總平均全校排名百分比,學測英文級分,學測社會級分,1、在校學業成績全校排名百分比 2、術科考試素描分數 3、術科考試創意表現分數 4、術科考試美術鑑賞分數 5、美術學業成績總平均全校排名百分比 6、學測英文級分 7、學測社會級分,素描:均標；彩繪技法:--；創意表現:底標；水墨書畫:--；美術鑑賞:底標,,,,,,"1.本系招收對雕塑或造形藝術有興趣之學生，課程中需使用重型機具、氣體等，課程內容包含理論與實作，適合具辨色與聽覺能力，且具備溝通及自我情緒控制能力者就讀。
2.本系網址：https://scp.ntua.edu.tw
3.聯絡電話：02-2272-2181分機2131"
05609,國立臺灣藝術大學,古蹟藝術修護學系,第五類學群,8,7,0,0,均標,後標,0,0,均標,0,0,在校學業成績全校排名百分比,學測社會級分,學測國文級分,學測國文、英文、社會之級分總和,美術學業成績總平均全校排名百分比,術科考試水墨書畫分數,學測英文級分,1、在校學業成績全校排名百分比 2、學測社會級分 3、學測國文級分 4、學測國文、英文、社會之級分總和 5、美術學業成績總平均全校排名百分比 6、術科考試水墨書畫分數 7、學測英文級分,素描:均標；彩繪技法:均標；創意表現:--；水墨書畫:均標；美術鑑賞:--,,,,,,"1.本系係以對傳統文化之傳承有興趣者為招生目標，期望培養傳統建築工藝研究與文化保存等類項之專業人才。
2.本系學習內容包含彩繪圖稿設計相關課程，須具辨色能力。
3.本系木雕、剪黏等相關術科課程，需手做能力及儀器操作能力，基於儀器操作危險性，學生需具備獨立操作能力及個人安全維護能力。
4.本系網址：https://aac.ntua.edu.tw/
5.聯絡電話：02-2272-2181分機2073"
05610,國立臺灣藝術大學,視覺傳達設計學系,第五類學群,6,7,0,0,均標,均標,0,0,0,0,0,在校學業成績全校排名百分比,美術學業成績總平均全校排名百分比,術科考試創意表現分數,學測國文、英文之級分總和,學測國文級分,學測英文級分,術科考試素描分數,1、在校學業成績全校排名百分比 2、美術學業成績總平均全校排名百分比 3、術科考試創意表現分數 4、學測國文、英文之級分總和 5、學測國文級分 6、學測英文級分 7、術科考試素描分數,素描:均標；彩繪技法:均標；創意表現:均標；水墨書畫:--；美術鑑賞:均標,,,,,,"1.建議對象以畢業後從事平面設計、多媒體設計、廣告企劃、美術編輯等視覺設計工作有興趣者。
2.本系課程內容包含理論及實作（平面繪圖與複合媒材、造形、影像藝術、色彩設計等），須具備辨別顏色能力。
3.本系網址：https://vcd.ntua.edu.tw/
4.聯絡電話：02-2272-2181分機2222"
05611,國立臺灣藝術大學,工藝設計學系,第五類學群,5,7,0,0,均標,均標,0,0,0,0,0,在校學業成績全校排名百分比,美術學業成績總平均全校排名百分比,術科考試創意表現分數,術科考試素描分數,術科考試美術鑑賞分數,學測國文級分,學測英文級分,1、在校學業成績全校排名百分比 2、美術學業成績總平均全校排名百分比 3、術科考試創意表現分數 4、術科考試素描分數 5、術科考試美術鑑賞分數 6、學測國文級分 7、學測英文級分,素描:均標；彩繪技法:--；創意表現:均標；水墨書畫:--；美術鑑賞:均標,,,,,,"1.全國唯一工藝結合設計的特色型科系，沿襲包浩斯(Bauhaus)現代藝術與設計教育之工作室制度(入學後均可申請加入與興趣、專長相符之五大工作室「陶瓷、金工、木藝與產品、生活文化與數位製造」，每人每學期加入工作室以一個為限)，課程結合工藝手作與設計思維，應用媒材與美感經驗，引導學生進行自發性探索，將創意轉化為日常生活中的器物設計，培養創新實作力，打造兼具美感與專業的設計人才。
2.本系網址：https://crafts.ntua.edu.tw/
3.聯絡電話：02-2272-2181分機2112"
05612,國立臺灣藝術大學,多媒體動畫藝術學系,第五類學群,5,7,0,0,均標,均標,0,均標,0,0,0,在校學業成績全校排名百分比,學測英文級分,美術學業成績總平均全校排名百分比,術科考試素描分數,術科考試彩繪技法分數,術科考試創意表現分數,學測國文級分,1、在校學業成績全校排名百分比 2、學測英文級分 3、美術學業成績總平均全校排名百分比 4、術科考試素描分數 5、術科考試彩繪技法分數 6、術科考試創意表現分數 7、學測國文級分,素描:均標；彩繪技法:均標；創意表現:均標；水墨書畫:--；美術鑑賞:--,,,,,,"1.本系課程包含視覺設計與電腦實務操作，須具備有良好色彩的辨識及表現能力，與肢體協調能力。
2.本系網址：https://maa.ntua.edu.tw/
3.聯絡電話：02-2272-2181分機2154"
05801,國立暨南國際大學,中國語文學系,第一類學群,9,19,1,7,均標,0,0,0,0,0,0,在校學業成績全校排名百分比,學測國文級分,國語文學業成績總平均全校排名百分比,學測國文、社會之級分總和,學測社會級分,歷史學業成績總平均全校排名百分比,英語文學業成績總平均全校排名百分比,1、在校學業成績全校排名百分比 2、學測國文級分 3、國語文學業成績總平均全校排名百分比 4、學測國文、社會之級分總和 5、學測社會級分 6、歷史學業成績總平均全校排名百分比 7、英語文學業成績總平均全校排名百分比,,,,,,,"1.本系擁有學、碩、博士班完整學制，課程著重以新觀點與新方法解讀中華文化，使傳統與現代、理論與實務、研究與創作均衡發展，厚植人文素養，透過反思與創新，接軌現代，引領議題。「鼓天下之動者存乎辭」，「文」其實無處不在，期望培養有水準、富創意的優秀人文工作者，共同賦予「文」的新意及活力。
2.網址：https://www.cll.ncnu.edu.tw/，E-mail：peishie@mail1.ncnu.edu.tw，聯絡方式：049-2910960分機2601謝小姐。"
05802,國立暨南國際大學,外國語文學系,第一類學群,8,19,2,7,均標,均標,0,0,0,0,0,在校學業成績全校排名百分比,英語文學業成績總平均全校排名百分比,國語文學業成績總平均全校排名百分比,學測英文級分,學測國文級分,學測社會級分,公民與社會學業成績總平均全校排名百分比,1、在校學業成績全校排名百分比 2、英語文學業成績總平均全校排名百分比 3、國語文學業成績總平均全校排名百分比 4、學測英文級分 5、學測國文級分 6、學測社會級分 7、公民與社會學業成績總平均全校排名百分比,,,,,,,"1.本系提供外國文學、語言學及應用英語三大領域課程，鼓勵學生建立雙專長，並可直攻碩士學位或取得英國雙聯學位。語言訓練課程皆採小班教學，並提供豐厚的獎助學金與出國交換機會。本系旨在培養具深厚人文素養及跨文化溝通能力的外語人才。
2.網址：https://dfll.ncnu.edu.tw，E-mail: ljhuang@ncnu.edu.tw，電話：049-2910960 ext. 2541黃小姐。"
05803,國立暨南國際大學,社會政策與社會工作學系,第一類學群,11,19,0,0,0,0,0,0,均標,0,0,在校學業成績全校排名百分比,學測社會級分,公民與社會學業成績總平均全校排名百分比,國語文學業成績總平均全校排名百分比,學測英文級分,學測國文級分,生活科技學業成績總平均全校排名百分比,1、在校學業成績全校排名百分比 2、學測社會級分 3、公民與社會學業成績總平均全校排名百分比 4、國語文學業成績總平均全校排名百分比 5、學測英文級分 6、學測國文級分 7、生活科技學業成績總平均全校排名百分比,,,,,,,"1.本系網址：https://spsw.ncnu.edu.tw/ 。
2.E-mail:spsw@ncnu.edu.tw。
3.聯絡電話：(049)2910960分機2623盧小姐。"
05804,國立暨南國際大學,公共行政與政策學系,第一類學群,10,19,5,7,均標,均標,0,0,0,0,0,在校學業成績全校排名百分比,學測社會級分,學測國文級分,學測英文級分,公民與社會學業成績總平均全校排名百分比,國語文學業成績總平均全校排名百分比,英語文學業成績總平均全校排名百分比,1、在校學業成績全校排名百分比 2、學測社會級分 3、學測國文級分 4、學測英文級分 5、公民與社會學業成績總平均全校排名百分比 6、國語文學業成績總平均全校排名百分比 7、英語文學業成績總平均全校排名百分比,,,,,,,"1.本系網址：https://dppa.ncnu.edu.tw/。
2.聯絡電話：049-2910960轉2682朱小姐。
3.本系E-mail：dppa@ncnu.edu.tw。"
05805,國立暨南國際大學,歷史學系,第一類學群,8,19,2,7,均標,0,0,0,均標,0,0,在校學業成績全校排名百分比,學測國文、社會之級分總和,學測國文級分,學測社會級分,國語文學業成績總平均全校排名百分比,歷史學業成績總平均全校排名百分比,地理學業成績總平均全校排名百分比,1、在校學業成績全校排名百分比 2、學測國文、社會之級分總和 3、學測國文級分 4、學測社會級分 5、國語文學業成績總平均全校排名百分比 6、歷史學業成績總平均全校排名百分比 7、地理學業成績總平均全校排名百分比,,,,,,,"1.本系著重東西文明互動下，社會經濟與文化的變遷。據此規劃中國社會文化史、臺灣社會文化史、海外華人史、中國經濟史、中國海洋發展史及世界文明史等六大領域。
2.本系網址：https://cnhis.ncnu.edu.tw/
3.聯絡方式：(049)2910960分機2673廖小姐；e-mail:yuan@ncnu.edu.tw"
05806,國立暨南國際大學,東南亞學系,第一類學群,8,19,2,7,0,0,0,0,均標,0,0,在校學業成績全校排名百分比,學測社會級分,英語文學業成績總平均全校排名百分比,地理學業成績總平均全校排名百分比,歷史學業成績總平均全校排名百分比,公民與社會學業成績總平均全校排名百分比,學測英文級分,1、在校學業成績全校排名百分比 2、學測社會級分 3、英語文學業成績總平均全校排名百分比 4、地理學業成績總平均全校排名百分比 5、歷史學業成績總平均全校排名百分比 6、公民與社會學業成績總平均全校排名百分比 7、學測英文級分,,,,,,,"1.本系網址：https://dseas.ncnu.edu.tw/。
2.E-mail：dseas@ncnu.edu.tw。
3.連絡電話：049-2914453鄭助理或張助理。
4.全國唯一以社會科學為核心，探索東南亞區域國家之政治、經濟、社會、文化；輔以東南亞語言訓練，培育學生在變遷劇烈的全球化時代，具備多元文化視野、跨文化溝通能力、新興領域就業競爭力、國際移動力。學術生涯發展，本系擁有學士、碩士、博士完整學制。"
05807,國立暨南國際大學,國際企業學系,第一類學群,9,19,2,7,0,均標,0,均標,0,0,0,在校學業成績全校排名百分比,學測英文級分,學測數學B級分,英語文學業成績總平均全校排名百分比,數學學業成績總平均全校排名百分比,國語文學業成績總平均全校排名百分比,公民與社會學業成績總平均全校排名百分比,1、在校學業成績全校排名百分比 2、學測英文級分 3、學測數學B級分 4、英語文學業成績總平均全校排名百分比 5、數學學業成績總平均全校排名百分比 6、國語文學業成績總平均全校排名百分比 7、公民與社會學業成績總平均全校排名百分比,,,,,,,"本系課程為國際企業經營與策略、國際行銷與創新、國際金融與財務三大次領域專業課程，部分專業課程以全英語授課，並重視英語與第二外語訓練。每年選送學生出國交換、實習或見習。培養具有國際移動力與自信心的學生。
1.本系網址：https://ibs.ncnu.edu.tw。
2.E-mail：g981004@ncnu.edu.tw。
3.聯絡電話：(049)2910960分機4523 林助理"
05808,國立暨南國際大學,經濟學系,第一類學群,10,19,3,7,0,0,後標,均標,0,0,0,在校學業成績全校排名百分比,學測國文、英文之級分總和,數學學業成績總平均全校排名百分比,學測英文級分,英語文學業成績總平均全校排名百分比,學測國文級分,國語文學業成績總平均全校排名百分比,1、在校學業成績全校排名百分比 2、學測國文、英文之級分總和 3、數學學業成績總平均全校排名百分比 4、學測英文級分 5、英語文學業成績總平均全校排名百分比 6、學測國文級分 7、國語文學業成績總平均全校排名百分比,,,,,,,"本系課程規劃重點，在培養學生具備嚴謹理論基礎、外語能力與國際觀；課程內容涵蓋理論研究、產業實務及政策導向三個次領域。其中，理論研究課程強化繼續升學的基礎；產業實務課程著重於培養就業競爭力；政策導向課程深化公職與企業所需之經濟專業能力。
一、本系學測檢定方式兼採數學A或數學B,其中一科通過檢定即可。
二、本系網址:https://econ.ncnu.edu.tw/
三、聯絡方式:E-mail:econ@ncnu.edu.tw；電話:049-2910960分機4512。"
05809,國立暨南國際大學,資訊管理學系,第一類學群,10,19,2,7,0,0,後標,均標,0,0,0,在校學業成績全校排名百分比,學測英文級分,學測國文、英文之級分總和,英語文學業成績總平均全校排名百分比,數學學業成績總平均全校排名百分比,學測國文級分,國語文學業成績總平均全校排名百分比,1、在校學業成績全校排名百分比 2、學測英文級分 3、學測國文、英文之級分總和 4、英語文學業成績總平均全校排名百分比 5、數學學業成績總平均全校排名百分比 6、學測國文級分 7、國語文學業成績總平均全校排名百分比,,,,,,,"1.本系課程涵蓋「資訊技術與系統開發」、「資訊管理與決策科學」兩大領域，兼顧理論與實務應用，以培養專業資訊管理人才為目標。歡迎具敏銳觀察力、獨立思考能力且對資訊科技結合人文關懷有興趣的同學加入。
2.本系網址：https://www.im.ncnu.edu.tw/。
3.E-mail：im@mail.ncnu.edu.tw。
4.聯絡電話：(049)2910960分機4543賴小姐。"
05810,國立暨南國際大學,財務金融學系,第一類學群,10,19,0,0,0,均標,0,均標,0,0,0,在校學業成績全校排名百分比,學測數學B級分,學測英文級分,學測英文、數學B之級分總和,數學學業成績總平均全校排名百分比,英語文學業成績總平均全校排名百分比,國語文學業成績總平均全校排名百分比,1、在校學業成績全校排名百分比 2、學測數學B級分 3、學測英文級分 4、學測英文、數學B之級分總和 5、數學學業成績總平均全校排名百分比 6、英語文學業成績總平均全校排名百分比 7、國語文學業成績總平均全校排名百分比,,,,,,,"1.本系符合國家產業及經濟發展趨勢，培育具備財金市場就業競爭力、國際觀、獨立思考與創造力、人本關懷等四項特質的國際化財務金融專業人才。
2.本系網址：https://www.finance.ncnu.edu.tw/。
3.E-mail：hwpeng@ncnu.edu.tw。
4.聯絡電話：(049)2910960分機4531、4532。"
05811,國立暨南國際大學,觀光休閒與餐旅管理學系觀光休閒組,第一類學群,4,19,1,7,後標,0,0,0,0,0,0,在校學業成績全校排名百分比,學測英文級分,英語文學業成績總平均全校排名百分比,學測國文級分,國語文學業成績總平均全校排名百分比,學測社會級分,地理學業成績總平均全校排名百分比,1、在校學業成績全校排名百分比 2、學測英文級分 3、英語文學業成績總平均全校排名百分比 4、學測國文級分 5、國語文學業成績總平均全校排名百分比 6、學測社會級分 7、地理學業成績總平均全校排名百分比,,,,,,,"1.本學系為因應觀光休閒與餐旅產業之發展趨勢，觀光休閒組以培育「觀光休閒管理專業人才」為目標，課程規劃包含理論與實務之結合，專業課程融入旅行業、會展、活動產業等專業之養成。大四安排學生至企業實習，畢業即就業。
2.本系網址：https://www.tourism.ncnu.edu.tw/。
3.E-mail:tourism@ncnu.edu.tw。
4.聯絡電話：(049)2910960分機3721林小姐、3723楊小姐。"
05812,國立暨南國際大學,觀光休閒與餐旅管理學系餐旅管理組,第一類學群,4,19,1,7,0,後標,0,0,0,0,0,在校學業成績全校排名百分比,學測英文級分,英語文學業成績總平均全校排名百分比,學測國文級分,國語文學業成績總平均全校排名百分比,學測社會級分,歷史學業成績總平均全校排名百分比,1、在校學業成績全校排名百分比 2、學測英文級分 3、英語文學業成績總平均全校排名百分比 4、學測國文級分 5、國語文學業成績總平均全校排名百分比 6、學測社會級分 7、歷史學業成績總平均全校排名百分比,,,,,,,"1.本學系為因應觀光休閒與餐旅產業之發展趨勢，餐旅管理組以培育「餐旅管理專業人才」為目標，課程規劃包含理論與實務之結合，專業課程融入餐飲管理及旅館管理等專業之養成。大四安排學生至企業實習，畢業即就業。
2.本系網址：https://www.tourism.ncnu.edu.tw/。
3.E-mail:tourism@ncnu.edu.tw。
4.聯絡電話：(049)2910960分機3721林小姐、3723楊小姐。"
05813,國立暨南國際大學,管理學院學士班,第一類學群,5,19,0,0,0,0,後標,後標,0,0,0,在校學業成績全校排名百分比,數學學業成績總平均全校排名百分比,學測英文級分,英語文學業成績總平均全校排名百分比,學測國文級分,國語文學業成績總平均全校排名百分比,公民與社會學業成績總平均全校排名百分比,1、在校學業成績全校排名百分比 2、數學學業成績總平均全校排名百分比 3、學測英文級分 4、英語文學業成績總平均全校排名百分比 5、學測國文級分 6、國語文學業成績總平均全校排名百分比 7、公民與社會學業成績總平均全校排名百分比,,,,,,,"1.本學系以培育跨領域商管人才為目標，課程設計以「學院為主體，跨系所融整」為核心宗旨， 期能培養具社會關懷且有實踐能力的跨域知識人才。
2.網址https://bba.ncnu.edu.tw/
3.聯絡電話：049-2910960分機4591白先生。"
05814,國立暨南國際大學,國際文教與比較教育學系,第一類學群,10,19,2,7,0,均標,0,0,0,0,0,在校學業成績全校排名百分比,學測英文級分,英語文學業成績總平均全校排名百分比,學測國文級分,國語文學業成績總平均全校排名百分比,學測社會級分,數學學業成績總平均全校排名百分比,1、在校學業成績全校排名百分比 2、學測英文級分 3、英語文學業成績總平均全校排名百分比 4、學測國文級分 5、國語文學業成績總平均全校排名百分比 6、學測社會級分 7、數學學業成績總平均全校排名百分比,,,,,,,本系培育國際文教人才，為全國唯一具國際教育及第二外語（德、法、西、日、越，小班教學）雙修之學系，並提供教育數位科技應用課程。學生可至日德法西頂尖大學交換半年以上，於東南亞從事語言教學與教育服務，並赴紐澳美西日等多國實習。成績優異者可於大三申請預修碩士課程，另提供清寒與優秀學生獎助學金。本系網址：https://ced.ncnu.edu.tw/；聯絡電話：(049)2910960分機2614江小姐。
05815,國立暨南國際大學,教育政策與行政學系,第一類學群,7,19,4,7,均標,0,0,0,0,0,0,在校學業成績全校排名百分比,學測國文級分,國語文學業成績總平均全校排名百分比,學測英文級分,英語文學業成績總平均全校排名百分比,學測社會級分,公民與社會學業成績總平均全校排名百分比,1、在校學業成績全校排名百分比 2、學測國文級分 3、國語文學業成績總平均全校排名百分比 4、學測英文級分 5、英語文學業成績總平均全校排名百分比 6、學測社會級分 7、公民與社會學業成績總平均全校排名百分比,,,,,,,"1.本系有學、碩、博士班完整學制，強調將教育政策與行政研究應用於課程教學創新，注重教育行政實習，結合專業理論與實務經驗，培養教育行政人才。學生生涯發展以升學、公務員、教師及公、民營機構四大取向為主。
2.就讀本系成績優異者可申請五年內取得學、碩士學位。
3.本系網址:https://epa.ncnu.edu.tw/
4.聯络方式:049-2910960分機2762，E-mail:epa@ncnu.edu.tw。"
05816,國立暨南國際大學,諮商心理與人力資源發展學系諮商心理組,第一類學群,4,19,0,0,0,均標,0,0,0,0,0,在校學業成績全校排名百分比,學測國文、英文、數學B、社會之級分總和,學測英文級分,英語文學業成績總平均全校排名百分比,學測數學B級分,數學學業成績總平均全校排名百分比,學測國文級分,1、在校學業成績全校排名百分比 2、學測國文、英文、數學B、社會之級分總和 3、學測英文級分 4、英語文學業成績總平均全校排名百分比 5、學測數學B級分 6、數學學業成績總平均全校排名百分比 7、學測國文級分,,,,,,,"1.畢業出路：繼續升學（諮商輔導相關研究所、心理相關研究所、教學科技相關研究所）；擔任公部門、企業教育訓練人員、擔任教育人員（欲選修教育學程者，悉依本校相關甄選辦法）；擔任司法矯正機構人員（心輔員、心測員、觀護人、家事調解員）；擔任社福機構基金會人員；擔任就輔人員、生涯發展師；擔任諮商心理師（取得碩士學位）。
2.本系網址：https://www.dch.ncnu.edu.tw/；E-mail:coun@ncnu.edu.tw。
3.聯絡電話：0492910960轉2591。"
05817,國立暨南國際大學,諮商心理與人力資源發展學系終身學習與人力資源發展組,第一類學群,4,19,0,0,均標,均標,0,0,0,0,0,在校學業成績全校排名百分比,學測國文、英文、社會之級分總和,學測英文級分,英語文學業成績總平均全校排名百分比,學測國文級分,國語文學業成績總平均全校排名百分比,數學學業成績總平均全校排名百分比,1、在校學業成績全校排名百分比 2、學測國文、英文、社會之級分總和 3、學測英文級分 4、英語文學業成績總平均全校排名百分比 5、學測國文級分 6、國語文學業成績總平均全校排名百分比 7、數學學業成績總平均全校排名百分比,,,,,,,"1.畢業出路：繼續升學(人力資源相關研究所、成人與繼續教育研究所、教學科技相關研究所)；擔任公部門、企業教育訓練人員(欲修教育學程者，悉依本校相關甄選辦法)；擔任人力資源管理專員；擔任終身學習機構輔導人員；生涯發展師。
2.本系網址：https://www.dch.ncnu.edu.tw/。
3.聯絡電話：049-2910960轉2592鄭小姐。"
05818,國立暨南國際大學,教育學院學士班教育科技與資訊組,第一類學群,2,19,1,7,均標,0,0,後標,0,0,0,在校學業成績全校排名百分比,學測國文級分,學測英文級分,學測社會級分,國語文學業成績總平均全校排名百分比,英語文學業成績總平均全校排名百分比,公民與社會學業成績總平均全校排名百分比,1、在校學業成績全校排名百分比 2、學測國文級分 3、學測英文級分 4、學測社會級分 5、國語文學業成績總平均全校排名百分比 6、英語文學業成績總平均全校排名百分比 7、公民與社會學業成績總平均全校排名百分比,,,,,,,一、本班修業採跨領域雙專長的設計，賦予學生自由選課的彈性。二、本班採招生分組，分為「教育科技與資訊組」及「教育心理與輔導組」，副修可選擇另一主修課程或文教經營領域課程、國際文教領域課程，亦可修習本校各院(含本院)各系(班)所提供之專業進階學分學程或輔系為副修。 三、畢業出路：(1)繼續升學；(2）國、高中各科教師（如資訊科技教師，須完成教育學程、專門學分與通過教師資格檢定考試）、教學設計師、人力資源發展人員、教育行政人員（須通過國家考試）；(3)各領域文教事業經營人才。四、網址：https://ipe.ncnu.edu.tw/
05819,國立暨南國際大學,教育學院學士班教育心理與輔導組,第一類學群,2,19,0,0,0,均標,0,後標,0,0,0,在校學業成績全校排名百分比,學測英文級分,學測國文級分,學測社會級分,英語文學業成績總平均全校排名百分比,國語文學業成績總平均全校排名百分比,公民與社會學業成績總平均全校排名百分比,1、在校學業成績全校排名百分比 2、學測英文級分 3、學測國文級分 4、學測社會級分 5、英語文學業成績總平均全校排名百分比 6、國語文學業成績總平均全校排名百分比 7、公民與社會學業成績總平均全校排名百分比,,,,,,,一、本班修業採跨領域雙專長的設計，賦予學生自由選課的彈性。二、本班採招生分組，分為「教育科技與資訊組」及「教育心理與輔導組」，副修可選擇另一主修課程或文教經營領域課程、國際文教領域課程，亦可修習本校各院(含本院)各系(班)所提供之專業進階學分學程或輔系為副修。三、畢業出路：(1)繼續升學；(2）國、高中輔導教師、國中輔導活動教師（須完成教育學程、專門學分與通過教師資格檢定考試）、教育行政人員（須通過國家考試）、心理衛生相關人員、諮商心理師(須完成相關碩士班並通過國家考試)等；(3)各領域文教事業經營人才。四、網址：https://ipe.ncnu.edu.tw/
05820,國立暨南國際大學,資訊工程學系,第二類學群,10,6,0,0,0,均標,均標,0,0,0,0,在校學業成績全校排名百分比,學測數學A級分,學測英文級分,數學學業成績總平均全校排名百分比,英語文學業成績總平均全校排名百分比,資訊科技學業成績總平均全校排名百分比,生活科技學業成績總平均全校排名百分比,1、在校學業成績全校排名百分比 2、學測數學A級分 3、學測英文級分 4、數學學業成績總平均全校排名百分比 5、英語文學業成績總平均全校排名百分比 6、資訊科技學業成績總平均全校排名百分比 7、生活科技學業成績總平均全校排名百分比,,,,,,,一、本系旨在培育資訊專業人才，師資陣容堅強，課程規劃理論與應用兼具。為因應資訊科技最新趨勢，學系發展方向包含「人工智慧與機器學習」、「數位藝術與音樂科技」、「網路與資訊安全」、「電腦視覺」、「嵌入式系統」、「量子計算」等相關領域。 二、本系學制完整，設有博、碩、學士班並且提供優異學生繼續修讀碩士學位機會，學生可於五年完成學士及碩士學位。三、本系網址:https://www.csie.ncnu.edu.tw。四、聯絡電話：049-2910960分機4131、4132。
05821,國立暨南國際大學,土木工程學系,第二類學群,7,6,0,0,0,0,後標,0,0,0,0,在校學業成績全校排名百分比,學測數學A級分,學測自然級分,學測英文級分,數學學業成績總平均全校排名百分比,物理學業成績總平均全校排名百分比,學測國文級分,1、在校學業成績全校排名百分比 2、學測數學A級分 3、學測自然級分 4、學測英文級分 5、數學學業成績總平均全校排名百分比 6、物理學業成績總平均全校排名百分比 7、學測國文級分,,,,,,,"1.本系以培養電子化土木先進科技及永續國土開發之土木工程人才。
2.本系設有碩、博士班，深造方便，已有多位成績優良者五年取得學士及碩士學位。
3.本系網址：https://www.ce.ncnu.edu.tw。
4.聯絡電話：049-2910960 分機4121~4122。"
05822,國立暨南國際大學,電機工程學系,第二類學群,11,6,3,2,0,0,0,0,0,均標,0,在校學業成績全校排名百分比,學測國文、英文、自然之級分總和,學測自然級分,學測英文級分,學測國文級分,數學學業成績總平均全校排名百分比,英語文學業成績總平均全校排名百分比,1、在校學業成績全校排名百分比 2、學測國文、英文、自然之級分總和 3、學測自然級分 4、學測英文級分 5、學測國文級分 6、數學學業成績總平均全校排名百分比 7、英語文學業成績總平均全校排名百分比,,,,,,,"1.本系培養電機電子與資訊之高級研發人才。
2.本系學生得申請五年取得學士及碩士學位。
3.本系網址：http://ee.ncnu.edu.tw；E-mail:ee@mail.ncnu.edu.tw 。
4.聯絡電話：049-2910960轉4102廖小姐。"
05823,國立暨南國際大學,應用化學系,第二類學群,9,6,0,0,0,後標,0,0,0,均標,0,在校學業成績全校排名百分比,學測自然級分,學測英文級分,學測數學A級分,學測英文、自然之級分總和,學測國文級分,化學學業成績總平均全校排名百分比,1、在校學業成績全校排名百分比 2、學測自然級分 3、學測英文級分 4、學測數學A級分 5、學測英文、自然之級分總和 6、學測國文級分 7、化學學業成績總平均全校排名百分比,,,,,,,一、因基於實驗安全顧慮，需具有良好移動能力，並需具相當之視覺、聽覺功能及口語表達、辨別顏色能力、具人際互動溝通協調能力、能控管自身情緒。本系以生物科技、材料化學及分析化學為三大發展方向，並依此設計生化、材料及分析三種學程，為修習各學程的學生奠定堅實的基礎，以參 與生物科技、材料及分析科技的發展。 二、本系網址：https://www.chem.ncnu.edu.tw；E-mail:ymkuan@ncnu.edu.tw 。 三、電話：049-2910960分機4111黃小姐。
05824,國立暨南國際大學,應用材料及光電工程學系,第二類學群,10,6,0,0,0,0,後標,0,0,均標,0,在校學業成績全校排名百分比,學測數學A級分,學測自然級分,學測英文級分,學測國文、英文、數學A、自然之級分總和,化學學業成績總平均全校排名百分比,英語文學業成績總平均全校排名百分比,1、在校學業成績全校排名百分比 2、學測數學A級分 3、學測自然級分 4、學測英文級分 5、學測國文、英文、數學A、自然之級分總和 6、化學學業成績總平均全校排名百分比 7、英語文學業成績總平均全校排名百分比,,,,,,,"1.本系以培育具材料背景之光電科技人才為宗旨，成績優良者可五年取得學士及碩士學位。
2.本系網址：https://amoe.ncnu.edu.tw/。
3.E-mail:chihling@ncnu.edu.tw 。
4.聯絡電話：(049)2910960分機4182張小姐。"
05825,國立暨南國際大學,科技學院學士班,第二類學群,3,6,1,2,0,0,0,0,0,均標,0,在校學業成績全校排名百分比,學測數學A級分,學測自然級分,學測英文級分,數學學業成績總平均全校排名百分比,英語文學業成績總平均全校排名百分比,物理學業成績總平均全校排名百分比,1、在校學業成績全校排名百分比 2、學測數學A級分 3、學測自然級分 4、學測英文級分 5、數學學業成績總平均全校排名百分比 6、英語文學業成績總平均全校排名百分比 7、物理學業成績總平均全校排名百分比,,,,,,,"一、本學系旨在培育跨領域高科技人才，學生須針對「智慧半導體」、「人工智慧」及「永續環境與能源」3個分組至少擇一修習。
二、本系網址：https://www.bst.ncnu.edu.tw 。
三、E-MAIL：tzuyulin@ncnu.edu.tw 。
四、聯絡電話：049-2910960 分機 4081。"
05826,國立暨南國際大學,護理學系,第三類學群,8,1,2,1,0,0,0,0,0,後標,0,在校學業成績全校排名百分比,學測國文、英文、自然之級分總和,學測自然級分,學測英文級分,學測國文級分,生物學業成績總平均全校排名百分比,英語文學業成績總平均全校排名百分比,1、在校學業成績全校排名百分比 2、學測國文、英文、自然之級分總和 3、學測自然級分 4、學測英文級分 5、學測國文級分 6、生物學業成績總平均全校排名百分比 7、英語文學業成績總平均全校排名百分比,,,,,,,"1.本學系具實務經驗之優質師資，實習場所設備完善且鄰近學校，紮實專業養成過程造就高品質護理人才。
2.本學系學生除必修專業課程，可自由選修大學內各學系課程，增廣各類知識，進而拓展各式醫護相關就業領域 。
3.本學系與中部地區各大醫療院所簽有產學合作計畫，學生畢業即就業。
4.本系網址：https://nursing.ncnu.edu.tw/。E-mail:nursing@ncnu.edu.tw。 聯絡電話：(049)2910960分機3821~3823 。"
05901,南華大學,財務金融學系,第一類學群,11,21,2,18,底標,0,0,0,0,0,0,在校學業成績全校排名百分比,學測國文級分,學測英文級分,學測國文、英文之級分總和,歷史學業成績總平均全校排名百分比,國語文學業成績總平均全校排名百分比,生活科技學業成績總平均全校排名百分比,1、在校學業成績全校排名百分比 2、學測國文級分 3、學測英文級分 4、學測國文、英文之級分總和 5、歷史學業成績總平均全校排名百分比 6、國語文學業成績總平均全校排名百分比 7、生活科技學業成績總平均全校排名百分比,,,,,,,"1.本系為金融業培育證券投資人員、理財規劃人員、保險業務人員等。2.藉由跨領域金融科技學程，融入AI應用課程，增進學生進入職場多元化之就業優勢。3.暑假安排學生實習，輔導學生取得證券、銀行、保險等證照。此外辦理專題講座、海外移地教學、企業參訪、業師協同教學與學術研討會,提升學生職場就業競爭力。4.本系畢業生工作場域為銀行人員、理財規劃專員、保險經紀人、證券經紀商、共同基金經理人、房地產規劃專員與財務部門擔任財務經理人。5.本系輔導升學研究所。網址: https://iofm3.nhu.edu.tw/電話:(05)2721001#2051"
05902,南華大學,企業管理學系經營管理組,第一類學群,2,21,1,18,底標,0,0,0,0,0,0,在校學業成績全校排名百分比,國語文學業成績總平均全校排名百分比,公民與社會學業成績總平均全校排名百分比,歷史學業成績總平均全校排名百分比,地理學業成績總平均全校排名百分比,學測國文級分,學測社會級分,1、在校學業成績全校排名百分比 2、國語文學業成績總平均全校排名百分比 3、公民與社會學業成績總平均全校排名百分比 4、歷史學業成績總平均全校排名百分比 5、地理學業成績總平均全校排名百分比 6、學測國文級分 7、學測社會級分,,,,,,,一、本系以「創造學生就業力」為目標，並提供從學士、碩士到博士一條龍的完整學位發展管道，透過跨領域課程與實務訓練，培養學生具備行銷、創新、文創與經營管理能力，對接產業需求，成為多元專業的應用型人才。。二、經營管理組課程涵蓋企業經營、企劃書寫作、服務業管理、管理個案與實務等，結合理論學習與實務操作，並搭配專題實作、校外實習、創新創業課程及業界合作，強化學生職場即戰力與實務經驗。培養學生經營管理的實戰經驗，提升就業力。設有證照輔導機制，協助考取專業證照，並提供「4+1學碩一貫制」，讓學生可於五年內完成學士與碩士學位。三、系網：https://bmanagement3.nhu.edu.tw/ 電話：(05)2721001 轉 2081、2083。
05903,南華大學,企業管理學系行銷企劃組,第一類學群,2,21,1,18,底標,0,0,0,0,0,0,在校學業成績全校排名百分比,國語文學業成績總平均全校排名百分比,公民與社會學業成績總平均全校排名百分比,歷史學業成績總平均全校排名百分比,地理學業成績總平均全校排名百分比,學測國文級分,學測社會級分,1、在校學業成績全校排名百分比 2、國語文學業成績總平均全校排名百分比 3、公民與社會學業成績總平均全校排名百分比 4、歷史學業成績總平均全校排名百分比 5、地理學業成績總平均全校排名百分比 6、學測國文級分 7、學測社會級分,,,,,,,一、本系以「創造學生就業力」為目標，並提供從學士、碩士到博士一條龍的完整學位發展管道，透過跨領域課程與實務訓練，培養學生具備行銷、創新、文創與經營管理能力，對接產業需求，成為多元專業的應用型人才。二、行銷企劃組課程涵蓋數位行銷、大數據行銷分析、消費者行為與行銷企劃實作等，結合理論學習與實務操作，並搭配專題實作、校外實習、創新創業課程及業界合作，強化學生職場即戰力與實務經驗。培養學生具備企劃能力及行銷實戰經驗，提升就業力。設有證照輔導機制，協助考取專業證照，並提供「4+1學碩一貫制」，讓學生可於五年內完成學士與碩士學位。三、系網：https://bmanagement3.nhu.edu.tw/ 電話：(05)2721001 轉 2081、2083。
05904,南華大學,旅遊管理學系觀光暨餐旅組,第一類學群,4,21,1,18,底標,0,0,0,0,0,0,在校學業成績全校排名百分比,學測國文級分,國語文學業成績總平均全校排名百分比,地理學業成績總平均全校排名百分比,歷史學業成績總平均全校排名百分比,公民與社會學業成績總平均全校排名百分比,英語文學業成績總平均全校排名百分比,1、在校學業成績全校排名百分比 2、學測國文級分 3、國語文學業成績總平均全校排名百分比 4、地理學業成績總平均全校排名百分比 5、歷史學業成績總平均全校排名百分比 6、公民與社會學業成績總平均全校排名百分比 7、英語文學業成績總平均全校排名百分比,,,,,,,1.培養觀光旅遊經營、觀光導覧、旅館管理、餐宴廚藝等專業，輔考證照，深化AI、VR旅遊應用，產學攜手並進，拓展國際觀。2.大二起至旅遊觀光業、旅行社、飯店、餐廳等產業實習，大四可進行半年或一年職前實習，累積職場經驗，歷屆學生前往中華航空、劍湖山世界、夏都飯店、福容飯店等知名企業實習，提升學生就業能力。3.寒暑假輔導至海外進行移地教學、公益志工、旅遊實務操作等，提升國際視野。4.輔導取得旅遊餐旅相關證照，可從事觀光旅遊相關行業，畢業生遍布各大知名企業，如雄獅旅行社、山富旅行社、易遊網、劍湖山世界、中華航空、星宇航空、福華飯店等知名企業5.電話05-2721001#2061。網址https://tourism3.nhu.edu.tw
05905,南華大學,管理學院國際企業學士學位學程,第一類學群,1,21,0,0,0,底標,0,0,0,0,0,在校學業成績全校排名百分比,學測英文級分,英語文學業成績總平均全校排名百分比,學測國文、英文之級分總和,學測國文級分,國語文學業成績總平均全校排名百分比,公民與社會學業成績總平均全校排名百分比,1、在校學業成績全校排名百分比 2、學測英文級分 3、英語文學業成績總平均全校排名百分比 4、學測國文、英文之級分總和 5、學測國文級分 6、國語文學業成績總平均全校排名百分比 7、公民與社會學業成績總平均全校排名百分比,,,,,,,1.培養具國際移動、數位行銷、跨文化溝通及國際協調等能力的商務人才。2.分為國際數位行銷及國際商務貿易模組兩種課程模組，入學後可依興趣選擇組別。3.全英學習環境及雙語學習機制，與國際學生一同學習，以雙語教學的方式降低對英語學習的恐懼。4.完善的語言輔導機制，外籍教師指導托福，設有英文輔導班，提升語言能力。5.可參加美國UWest與英國密德薩斯大學(泰晤士排名116)雙聯學位，或參與全球20多所姊妹校交換生計畫，也可參加國際志工或移地教學，增加國際經驗。6.學費低於國立大學，並提供豐厚獎學金，以商業與語言能力搶得升學及就業優勢的最佳選擇。7.網頁：https://ib3.nhu.edu.tw/，聯繫電話：05-3102133
05906,南華大學,生死學系殯葬服務組,第一類學群,9,21,2,18,底標,0,0,0,0,0,0,在校學業成績全校排名百分比,學測國文級分,學測社會級分,國語文學業成績總平均全校排名百分比,公民與社會學業成績總平均全校排名百分比,歷史學業成績總平均全校排名百分比,生活科技學業成績總平均全校排名百分比,1、在校學業成績全校排名百分比 2、學測國文級分 3、學測社會級分 4、國語文學業成績總平均全校排名百分比 5、公民與社會學業成績總平均全校排名百分比 6、歷史學業成績總平均全校排名百分比 7、生活科技學業成績總平均全校排名百分比,,,,,,,1.培育喪禮服務相關產業人才，畢業後可憑乙級喪禮服務技術士證及兩年工作經驗，換發禮儀師證照，另可參加國家考試進入殯葬管理機關服務。2.設置丙、乙級喪禮服務術科考場，並辦理證照輔導班，輔導學生考取丙、乙級喪禮服務技術士證照。3.課程設計融入SDGs永續發展目標，應用VR（虛擬實境）、AR（擴充實境）等技術於殯葬專業教學。4.畢業後可於殯葬企業擔任禮儀師、禮體師與陵園管理幹部等工作。5.生死學系網址http://lads3.nhu.edu.tw/；連絡電話05-2721001#2121。
05907,南華大學,生死學系諮商組,第一類學群,7,21,1,18,底標,0,0,0,0,0,0,在校學業成績全校排名百分比,學測國文級分,學測社會級分,國語文學業成績總平均全校排名百分比,公民與社會學業成績總平均全校排名百分比,歷史學業成績總平均全校排名百分比,生活科技學業成績總平均全校排名百分比,1、在校學業成績全校排名百分比 2、學測國文級分 3、學測社會級分 4、國語文學業成績總平均全校排名百分比 5、公民與社會學業成績總平均全校排名百分比 6、歷史學業成績總平均全校排名百分比 7、生活科技學業成績總平均全校排名百分比,,,,,,,1.培養心理輔導及社區諮商專業人才，可申請社區心理輔導員認證。2.可至教育、社會福利機構或社區擔任輔導員、心理測驗員、自殺防治員，或參加高普特考進入政府機關服務。3.可跨系輔修社工組專業課程，於諮商與社工兩大領域就業。4.課程設計融入SDGs永續發展目標，並藉由VR、AR等技術，應用於諮商輔導教學。5.安排學生赴職場實習，整合專業、倫理與技能。6.畢業可進修諮商碩士班，於碩士學位後取得諮商心理師的報考資格。7.生死學系網址https://lads3.nhu.edu.tw/；連絡電話：05-2721001#2121。
05908,南華大學,幼兒教育學系,第一類學群,2,21,1,18,底標,0,0,0,0,0,0,在校學業成績全校排名百分比,學測國文級分,國語文學業成績總平均全校排名百分比,歷史學業成績總平均全校排名百分比,地理學業成績總平均全校排名百分比,公民與社會學業成績總平均全校排名百分比,英語文學業成績總平均全校排名百分比,1、在校學業成績全校排名百分比 2、學測國文級分 3、國語文學業成績總平均全校排名百分比 4、歷史學業成績總平均全校排名百分比 5、地理學業成績總平均全校排名百分比 6、公民與社會學業成績總平均全校排名百分比 7、英語文學業成績總平均全校排名百分比,,,,,,,1.本系以「培養優質教保人才」為核心，課程兼顧理論與實務，結合AI科技創新教學與教材研發，專業輔導考取幼兒體能及托育人員證照，提升就業競爭力。2.實習與就業：從北到南簽訂優質實習幼教機構，並承接非營利幼兒園經營，提供大四下學期全職實習，歷屆就業率100%，畢業後可立即投入職場，亦能進修精進。3.推動海外實習與跨國就業，培養國際視野。畢業出路多元，包括幼兒園教保員、課後安親教師、嬰幼兒托育人員及幼教相關產業（教材研發、教育服務、兒童產業等），深獲家長與社會信賴。4.聯絡電話05-2721001轉分機2151吳先生。
05909,南華大學,文學系,第一類學群,3,21,1,18,底標,0,0,0,0,0,0,在校學業成績全校排名百分比,學測國文級分,國語文學業成績總平均全校排名百分比,學測社會級分,歷史學業成績總平均全校排名百分比,地理學業成績總平均全校排名百分比,公民與社會學業成績總平均全校排名百分比,1、在校學業成績全校排名百分比 2、學測國文級分 3、國語文學業成績總平均全校排名百分比 4、學測社會級分 5、歷史學業成績總平均全校排名百分比 6、地理學業成績總平均全校排名百分比 7、公民與社會學業成績總平均全校排名百分比,,,,,,,1.融攝古典文學與現當代文學研究，培養具文學專業素養與文學應用能力的人才。2.設有古典創新與IP改編、文學創作與AI應用、文學敘事療癒三個學程，培養古典及現代文學創新與IP改編，兼顧AI應用與文學敘事療癒，並提供海外學習機會。3.升學成果斐然：輔導學生直升本系碩士班並考取國立相關領域博士班。4.暑期實習彈性且多元，依個人興趣與職涯方向進入業界實習，實現產學接軌。5.未來出路：文藝創作、文化工作、文創產業、AI培訓師、教育工作、研究單位、公職人員或國內外研究所進修。6.其他資訊請參考本系網頁https://literature.nhu.edu.tw/；聯絡電話：05-2721001轉2131。
05910,南華大學,外國語文學系,第一類學群,3,21,1,18,底標,0,0,0,0,0,0,在校學業成績全校排名百分比,學測英文級分,學測國文級分,英語文學業成績總平均全校排名百分比,國語文學業成績總平均全校排名百分比,生活科技學業成績總平均全校排名百分比,資訊科技學業成績總平均全校排名百分比,1、在校學業成績全校排名百分比 2、學測英文級分 3、學測國文級分 4、英語文學業成績總平均全校排名百分比 5、國語文學業成績總平均全校排名百分比 6、生活科技學業成績總平均全校排名百分比 7、資訊科技學業成績總平均全校排名百分比,,,,,,,1. 本系培育兒童美語教學、國際觀光、商務溝通、專業外語服務等產業外語人才。2. 課程採模組教學，可跨組修課，定期辦理證照輔導班，提供免費證照輔導班，協助學生考取英、日、韓等外語證照。畢業後可參加國考，憑藉英日外語能力擔任相關公職(如外事警察、航警、移民署公職人員)。3. 與知名機構合作進行職場體驗，畢業生可擔任機師、空服員、地勤、美語教師、外語導遊、領隊等職務。近五年本系近15%畢業生進入航空相關產業服務，就業薪資優渥。4. 可選擇雙學位、交換與短期移地教學課程。50%以上學生於畢業前具有海外學習經驗，足跡遍及日、韓、美、加、澳、歐等地。5.本系聯絡電話05-2721001轉2181，學系網址: https://foreign3.nhu.edu.tw/。
05911,南華大學,社會工作學系,第一類學群,8,21,1,18,0,0,0,0,底標,0,0,在校學業成績全校排名百分比,學測社會級分,學測國文級分,公民與社會學業成績總平均全校排名百分比,國語文學業成績總平均全校排名百分比,歷史學業成績總平均全校排名百分比,地理學業成績總平均全校排名百分比,1、在校學業成績全校排名百分比 2、學測社會級分 3、學測國文級分 4、公民與社會學業成績總平均全校排名百分比 5、國語文學業成績總平均全校排名百分比 6、歷史學業成績總平均全校排名百分比 7、地理學業成績總平均全校排名百分比,,,,,,,1.本系致力於培養社會工作專業人才，堅強師資陣容與課程設計完整建構學生社工專業能力。2.課程設計方面不僅包含國家證照考試課程要求之45學分及二階段400小時的實習課程，並聚焦在長照、家庭、兒少、醫務等社工專業領域，使學生除具備專業理論素養與實務能力外，更具有進階專業領域的涵養。3.畢業即具備社會工作員就業資格及社會工作師考照資格，畢業即就業！出路廣泛，可受聘於各公私立非營利組織、醫療單位、企業組織等；取得社工師證照後，也可參加公職社工師考試，成為公職社工師！想升學深造，則可直升本系碩士班！4.電話:05-2721001#2341、line: @kug3314o
05912,南華大學,傳播學系廣告公關新聞組,第一類學群,4,21,0,0,底標,0,0,0,0,0,0,在校學業成績全校排名百分比,學測國文級分,國語文學業成績總平均全校排名百分比,歷史學業成績總平均全校排名百分比,地理學業成績總平均全校排名百分比,公民與社會學業成績總平均全校排名百分比,資訊科技學業成績總平均全校排名百分比,1、在校學業成績全校排名百分比 2、學測國文級分 3、國語文學業成績總平均全校排名百分比 4、歷史學業成績總平均全校排名百分比 5、地理學業成績總平均全校排名百分比 6、公民與社會學業成績總平均全校排名百分比 7、資訊科技學業成績總平均全校排名百分比,,,,,,,1.就業最先：廣告公關新聞組重視傳播、行銷產業專業知識與就業技能創意實作、AI人工智能與傳播領域應用。2.實習最強：所有大三升大四學生皆須進入傳播領域公司實習。3.課程最優：本組課程涵蓋多元，包括新聞編採、電視新聞報導、廣告學、行銷學及公共關係、運動行銷經營等，並協助同學考取行銷廣告類國際證照。4.職缺最多：本組畢業生可任職廣告行銷公司，企業公關活動(行銷)部門、電視台新聞記者、社群(直播、播客)行銷與小編、運動品牌行銷。5.錄取最高：台中以南分發入學傳播類學系錄取分數最高科系。網址https://media3.nhu.edu.tw；電話(05)2721001#2411。註：課程需具視、聽覺及人際互動能力。
05913,南華大學,傳播學系數位影音製作組,第一類學群,7,21,1,18,底標,0,0,0,0,0,0,在校學業成績全校排名百分比,學測國文級分,國語文學業成績總平均全校排名百分比,歷史學業成績總平均全校排名百分比,地理學業成績總平均全校排名百分比,公民與社會學業成績總平均全校排名百分比,資訊科技學業成績總平均全校排名百分比,1、在校學業成績全校排名百分比 2、學測國文級分 3、國語文學業成績總平均全校排名百分比 4、歷史學業成績總平均全校排名百分比 5、地理學業成績總平均全校排名百分比 6、公民與社會學業成績總平均全校排名百分比 7、資訊科技學業成績總平均全校排名百分比,,,,,,,"1.就業最先：數位影音製作組主要培養學生對數位影音與多媒體設計相關專業知識與技能，培育電視節目幕後人員、影片製作人員、運動賽事轉播，並結合AI人工智能與傳播領域應用。2.實習最強：所有大三升大四學生皆須進入傳播領域公司實習。3.課程最優：直播主、Podcast、數位化拍攝、剪輯等自媒體實務課程，增進學生進入職場多元之就業優勢。4.職缺最多：本組畢業生可任職電視台與網路媒體擔任攝影師、影片後製人員、節目製片人員、運動賽事轉播。5.錄取最高：台中以南分發入學傳播類學系錄取分數最高科系。
網址https://media3.nhu.edu.tw；電話(05)2721001#2411。註：課程需具視、聽覺及人際互動能力。"
05914,南華大學,傳播學系影劇表演藝術組,第一類學群,4,21,1,18,底標,0,0,0,0,0,0,在校學業成績全校排名百分比,學測國文級分,國語文學業成績總平均全校排名百分比,歷史學業成績總平均全校排名百分比,地理學業成績總平均全校排名百分比,公民與社會學業成績總平均全校排名百分比,資訊科技學業成績總平均全校排名百分比,1、在校學業成績全校排名百分比 2、學測國文級分 3、國語文學業成績總平均全校排名百分比 4、歷史學業成績總平均全校排名百分比 5、地理學業成績總平均全校排名百分比 6、公民與社會學業成績總平均全校排名百分比 7、資訊科技學業成績總平均全校排名百分比,,,,,,,"1.就業最先：影劇表演藝術組主要培養學生對影視內容創作與舞台相關工作專業知識與技能，培育戲劇演員、影片導演、舞台劇技術人員、舞台幕後人員並結合AI人工智能與傳播領域應用。2.實習最強：輔導所有大三升大四學生皆進入媒體傳播領域公司實習。3.課程最優：本組課程涵蓋多元，包括影劇藝術概論、劇場表演藝術、劇場技術、腳本設計、網路影視表演製作及活動主持技巧等。4.職缺最多：本組畢業生可任職實體與網路戲劇演員、影片導演、舞台劇技術/幕後人員。5.錄取最高：台中以南分發入學傳播類學系錄取分數最高科系。
網址https://media3.nhu.edu.tw；電話(05)2721001#2411。註：課程需具視、聽覺及人際互動能力。"
05915,南華大學,國際事務與企業學系,第一類學群,3,21,1,18,0,0,0,0,底標,0,0,在校學業成績全校排名百分比,學測社會級分,國語文學業成績總平均全校排名百分比,英語文學業成績總平均全校排名百分比,公民與社會學業成績總平均全校排名百分比,歷史學業成績總平均全校排名百分比,地理學業成績總平均全校排名百分比,1、在校學業成績全校排名百分比 2、學測社會級分 3、國語文學業成績總平均全校排名百分比 4、英語文學業成績總平均全校排名百分比 5、公民與社會學業成績總平均全校排名百分比 6、歷史學業成績總平均全校排名百分比 7、地理學業成績總平均全校排名百分比,,,,,,,1.招收對國際時事、公共事務及海外交流有興趣的學生，培養具全球視野的專業人才。2.課程規劃涵蓋國際政經貿易、公共事務管理、企業實務與公關等三大學程，供學生依興趣與職涯目標自由選擇，藉以培養具「跨領域政經視野的人才」，也就是懂政治、懂經濟、也懂企業經營的人，具備韌性的職涯競爭力。3.專班輔導考取證照與公職， 強化多元就業競爭力；每年超過25位學生獲海外獎勵金參加國際交流活動。4.升學率佳，欲升學者多進入臺成政頂大及中字輩國立大學研究所深造。5.畢業後可參加高普考、各類特考擔任公職，或從事企業管理、人力資源、行銷公關、金融保險、外商企業等多元職涯發展。官網：iab3.nhu.edu.tw/，電話05-2721001#2351。
05916,南華大學,國際事務與企業學系公共事務與管理組,第一類學群,3,21,0,0,底標,0,0,0,0,0,0,在校學業成績全校排名百分比,學測國文級分,公民與社會學業成績總平均全校排名百分比,國語文學業成績總平均全校排名百分比,歷史學業成績總平均全校排名百分比,英語文學業成績總平均全校排名百分比,地理學業成績總平均全校排名百分比,1、在校學業成績全校排名百分比 2、學測國文級分 3、公民與社會學業成績總平均全校排名百分比 4、國語文學業成績總平均全校排名百分比 5、歷史學業成績總平均全校排名百分比 6、英語文學業成績總平均全校排名百分比 7、地理學業成績總平均全校排名百分比,,,,,,,1.招收對公共事務、政府治理及海外交流有興趣的學生，培養具全球視野的專業人才。2.課程規劃涵蓋國際政經貿易、公共事務管理、企業實務與公關等三大學程，供學生依興趣與職涯目標自由選擇，藉以培養具「跨領域政經視野的人才」，也就是懂政治、也懂經濟的人，具備韌性的職涯競爭力。3.專班輔導考取證照與公職， 強化多元就業競爭力；每年超過25位學生獲海外獎勵金參加國際交流活動。4.升學率佳，欲升學者多進入臺成政頂大及中字輩國立大學研究所深造。5.畢業後可參加高普考、地方特考、司法特考、國營事業等各類考試以擔任公職，或從事企業管理、人力資源、行銷公關、金融保險、外商企業等多元職涯發展。電話05-2721001#2351官網iab3.nhu.edu.tw
05917,南華大學,視覺藝術與設計學系,第一類學群,2,21,1,18,底標,0,0,0,0,0,0,在校學業成績全校排名百分比,學測國文級分,生活科技學業成績總平均全校排名百分比,國語文學業成績總平均全校排名百分比,歷史學業成績總平均全校排名百分比,學測英文級分,英語文學業成績總平均全校排名百分比,1、在校學業成績全校排名百分比 2、學測國文級分 3、生活科技學業成績總平均全校排名百分比 4、國語文學業成績總平均全校排名百分比 5、歷史學業成績總平均全校排名百分比 6、學測英文級分 7、英語文學業成績總平均全校排名百分比,,,,,,,1.本系設有「視覺創客產房」人才基地，落實「AI加值，設計創生」核心價值，透過跨領域培育具創意之「視覺創客」。2.課程融入AI、生命教育與SDGs內涵、推動職場體驗、申請專利與專業證照，輔導學生參與國內外競賽，提升學生創作實踐、思考邏輯、審美關懷與視覺設計能力。3.出路：遊戲動畫角色/文創商品/視覺傳達等設計師、攝影師、色彩規劃管理師、美術編輯、幼教機構或畫室藝術教師、美術館導覽與解說人員、個人藝術工作室、文化行政公職。4.官網：visual3.nhu.edu.tw 5.電話：05-2721001#2211。
05918,南華大學,音樂跨域設計與藝術管理學士學位學程,第一類學群,2,21,1,18,底標,0,0,0,0,0,0,在校學業成績全校排名百分比,學測國文級分,國語文學業成績總平均全校排名百分比,學測社會級分,歷史學業成績總平均全校排名百分比,學測英文級分,公民與社會學業成績總平均全校排名百分比,1、在校學業成績全校排名百分比 2、學測國文級分 3、國語文學業成績總平均全校排名百分比 4、學測社會級分 5、歷史學業成績總平均全校排名百分比 6、學測英文級分 7、公民與社會學業成績總平均全校排名百分比,,,,,,,本學程以跨領域融合與實務操作為核心，培養兼具藝術創意、數位科技應用與文化產業管理的專業人才。課程結合音樂舞蹈展演與編創、策展與藝術管理，強調創作力與管理力並重。特色包括跨界模組：數位音樂設計、表演藝術製作、策展與劇場營運；實務導向：專案製作、USR計畫、產學合作、國際交流。畢業生可投入展演產業、表演藝術、藝術管理、數位創意、文化政策與社區發展，亦可發展個人品牌或創業，成為新世代文化產業的跨界人才。提供多項獎學金，每年1-2次上海、馬來西亞等地海外學習，多位南京、鄭州學期交換生。
05919,南華大學,建築學系社會組,第一類學群,3,21,1,18,底標,0,0,0,0,0,0,在校學業成績全校排名百分比,國語文學業成績總平均全校排名百分比,英語文學業成績總平均全校排名百分比,數學學業成績總平均全校排名百分比,學測國文級分,學測英文級分,學測社會級分,1、在校學業成績全校排名百分比 2、國語文學業成績總平均全校排名百分比 3、英語文學業成績總平均全校排名百分比 4、數學學業成績總平均全校排名百分比 5、學測國文級分 6、學測英文級分 7、學測社會級分,,,,,,,1.本系(原建築與景觀學系)首創建築與景觀專業結合訓練，規劃有完整的建築專業與景觀特色學程：系核心課程、建築設計及實務學程、景觀設計及實務學程、表現法及地方構築學程。2.課程安排符合考試院規定，畢業後可報考建築師、景觀技師證照、專技高考建築或景觀科公務人員、室內設計師、策展規劃等。畢業生就業率、升學率比例皆高。3.專業以建築設計、構築營造、空間活化與環境永續為主軸，以實質設計案，關注生活居住內涵與城鄉特色發展。辦理職業講座、企業參訪、業師教學及職場實習，提昇就業力，無縫接軌職場。輔導升學研究所。4.可安排赴海外交流學習。5.本系各招生分組入學後，不分組共同上課。6官網envart3.nhu.edu.tw電話:05-2721001轉2221
05920,南華大學,產品與室內設計學系產品設計組,第一類學群,1,21,1,18,底標,0,0,0,0,0,0,在校學業成績全校排名百分比,國語文學業成績總平均全校排名百分比,學測國文級分,學測英文級分,英語文學業成績總平均全校排名百分比,生活科技學業成績總平均全校排名百分比,資訊科技學業成績總平均全校排名百分比,1、在校學業成績全校排名百分比 2、國語文學業成績總平均全校排名百分比 3、學測國文級分 4、學測英文級分 5、英語文學業成績總平均全校排名百分比 6、生活科技學業成績總平均全校排名百分比 7、資訊科技學業成績總平均全校排名百分比,,,,,,,1.招收對室內設計、產品設計及工藝創作有興趣的學生，培育具整合思維、溝通創意、與設計創作能力的跨科際人才。2.課程融合空間美學、產品創新、材料應用與AI數位整合，打破學科界線，讓你在科際整合中找到自己的設計語言。3.專班輔導考取室內裝修乙級技術士證照、設計相關證照或國際認證，強化設計實務技能，提升就業競爭力。4.歷年學生參加國內外設計競賽，獲獎無數；且每年亦有多位學生獲海外獎勵金參加國際學習交流活動。5.畢業後可從事產品設計、平面設計、室內設計、商品企劃、產品研發、創意行銷、自營工作室等相關工作；亦可報考公務設計相關工作和研究所。本系網址：https://design3.nhu.edu.tw，聯絡電話：(05)2721001轉2231。
05921,南華大學,資訊管理學系,第一類學群,6,21,1,18,底標,0,0,0,0,0,0,在校學業成績全校排名百分比,學測國文級分,國語文學業成績總平均全校排名百分比,物理學業成績總平均全校排名百分比,化學學業成績總平均全校排名百分比,公民與社會學業成績總平均全校排名百分比,資訊科技學業成績總平均全校排名百分比,1、在校學業成績全校排名百分比 2、學測國文級分 3、國語文學業成績總平均全校排名百分比 4、物理學業成績總平均全校排名百分比 5、化學學業成績總平均全校排名百分比 6、公民與社會學業成績總平均全校排名百分比 7、資訊科技學業成績總平均全校排名百分比,,,,,,,1.本系以「資訊服務」為核心，規劃「智慧企業」及「大數據分析」等學程。課程設計著重於培養學生具備運用資訊科技以強化組織競爭優勢與提升經營績效之專業能力，協助企業達成目標。入學後可依個人興趣與職涯方向自由選修學程，畢業後能投入資訊服務、企業管理及數據分析等領域，發揮所長並拓展多元發展機會。2.本系推動專業證照(如：Python、Databases、ERP、CCNA等)、提供跨領域課程、安排學生參與校外競賽、與海外學習等，以發展學生的實務應用與國際移動能力。3.本系畢業生可從事資訊系統(如：ERP)規劃與應用、系統開發與維護、系統分析與程式設計、手機與行動裝置APP規劃設計、多媒體設計製作、電子商務與網路行銷與大數據資料分析等工作。
05922,南華大學,建築學系自然組,第二類學群,4,8,1,7,底標,0,0,0,0,0,0,在校學業成績全校排名百分比,國語文學業成績總平均全校排名百分比,英語文學業成績總平均全校排名百分比,數學學業成績總平均全校排名百分比,學測國文級分,學測英文級分,學測自然級分,1、在校學業成績全校排名百分比 2、國語文學業成績總平均全校排名百分比 3、英語文學業成績總平均全校排名百分比 4、數學學業成績總平均全校排名百分比 5、學測國文級分 6、學測英文級分 7、學測自然級分,,,,,,,1.本系(原建築與景觀學系)首創建築與景觀專業結合訓練，規劃有完整的建築專業與景觀特色學程：系核心課程、建築設計及實務學程、景觀設計及實務學程、表現法及地方構築學程。2.課程安排符合考試院規定，畢業後可報考建築師、景觀技師證照、專技高考建築或景觀科公務人員、室內設計師、策展規劃等。畢業生就業率、升學率比例皆高3.專業以建築設計、構築營造、空間活化與環境永續為主軸，以實質設計案，關注生活居住內涵與城鄉特色發展。辦理職業講座、企業參訪、業師教學及職場實習，提昇就業力，無縫接軌職場。輔導升學研究所。4.可安排赴海外交流學習5.本系各招生分組考生入學後，不分組共同上課6.官網envart3.nhu.edu.tw電話:05-2721001轉2221
05923,南華大學,產品與室內設計學系室內設計組,第二類學群,2,8,1,7,底標,0,0,0,0,0,0,在校學業成績全校排名百分比,國語文學業成績總平均全校排名百分比,學測國文級分,學測英文級分,英語文學業成績總平均全校排名百分比,生活科技學業成績總平均全校排名百分比,資訊科技學業成績總平均全校排名百分比,1、在校學業成績全校排名百分比 2、國語文學業成績總平均全校排名百分比 3、學測國文級分 4、學測英文級分 5、英語文學業成績總平均全校排名百分比 6、生活科技學業成績總平均全校排名百分比 7、資訊科技學業成績總平均全校排名百分比,,,,,,,1.招收對室內設計、產品設計及工藝創作有興趣的學生，培育具整合思維、溝通創意、與設計創作能力的跨科際人才。2.課程融合空間美學、產品創新、材料應用與AI數位整合，打破學科界線，讓你在科際整合中找到自己的設計語言。3.專班輔導考取室內裝修乙級技術士證照、設計相關證照或國際認證，強化設計實務技能，提升就業競爭力。4.歷年學生參加國內外設計競賽，獲獎無數；且每年亦有多位學生獲海外獎勵金參加國際學習交流活動。5.畢業後可從事產品設計、平面設計、室內設計、商品企劃、產品研發、創意行銷、自營工作室等相關工作；亦可報考公務設計相關工作和研究所。本系網址：https://design3.nhu.edu.tw，聯絡電話：(05)2721001轉2231。
05924,南華大學,資訊工程學系人工智慧科技組,第二類學群,7,8,1,7,0,0,底標,底標,0,0,0,在校學業成績全校排名百分比,國語文學業成績總平均全校排名百分比,英語文學業成績總平均全校排名百分比,數學學業成績總平均全校排名百分比,學測國文級分,學測英文級分,學測國文、英文之級分總和,1、在校學業成績全校排名百分比 2、國語文學業成績總平均全校排名百分比 3、英語文學業成績總平均全校排名百分比 4、數學學業成績總平均全校排名百分比 5、學測國文級分 6、學測英文級分 7、學測國文、英文之級分總和,,,,,,,1.本系提供專業實驗室;畢業專題參與資訊科技相關競賽。課程設計以人工智慧(AI)為基礎，跨足AI與機器人互動設計、AI與物聯網應用設計、嵌入式系統應用於智慧裝置設計，讓你掌握最新科技技能。另建置人工智慧GPU工作站發展落地AI、大型語言模型發展相關技術與應用。2.本系與日月光等多家知名廠商合作，於大四下安排您至配合廠商實習，提高您的職涯規劃能力。輔導考取CCNA、OCJP、iPAS等專業證照。3.未來可擔任自然語言處理工程師、智慧製造工程師、雲端AI工程師等。4. 輔導考取資工、電機、等資通訊相關研究所。5.本系網址https://csie.nhu.edu.tw，連絡電話 :05-2721001轉2631。6.檢定科目:數A或數B其中一項通過底標即可。
05925,南華大學,資訊工程學系資訊電子組,第二類學群,7,8,1,7,0,0,底標,底標,0,0,0,在校學業成績全校排名百分比,國語文學業成績總平均全校排名百分比,英語文學業成績總平均全校排名百分比,數學學業成績總平均全校排名百分比,學測國文級分,學測英文級分,學測國文、英文之級分總和,1、在校學業成績全校排名百分比 2、國語文學業成績總平均全校排名百分比 3、英語文學業成績總平均全校排名百分比 4、數學學業成績總平均全校排名百分比 5、學測國文級分 6、學測英文級分 7、學測國文、英文之級分總和,,,,,,,1.本系提供專業實驗室;畢業專題參與資訊科技相關競賽。課程結合了資訊工程與電子工程的專業能力，培養同學在電腦系統、嵌入式設計、物聯網、通訊與智慧裝置等方面的專長。未來的職涯出路橫跨硬體設計、韌體開發、系統整合與新興科技應用。2.本系與日月光等多家知名廠商合作，於大四下安排您至配合廠商實習，提高您的職涯規劃能力。輔導考取CCNA、OCJP、iPAS等專業證照。3.未來可擔任硬體設計工程師、韌體工程師、醫療電子工程師等4. 輔導考取資工、電機、等資通訊相關研究所。5.本系網址https://csie.nhu.edu.tw，連絡電話 :05-2721001轉2631。6.檢定科目:數A或數B其中一項通過底標即可。
05926,南華大學,資訊工程學系互動遊戲設計組,第二類學群,7,8,1,7,0,0,底標,底標,0,0,0,在校學業成績全校排名百分比,國語文學業成績總平均全校排名百分比,英語文學業成績總平均全校排名百分比,數學學業成績總平均全校排名百分比,學測國文級分,學測英文級分,學測國文、英文之級分總和,1、在校學業成績全校排名百分比 2、國語文學業成績總平均全校排名百分比 3、英語文學業成績總平均全校排名百分比 4、數學學業成績總平均全校排名百分比 5、學測國文級分 6、學測英文級分 7、學測國文、英文之級分總和,,,,,,,1.本系提供專業實驗室;畢業專題參與資訊科技相關競賽。課程特色是以電腦科學的技術基礎，並將遊戲與多媒體設計的創意應用結合起來，讓學生同時具備程式設計能力、數位內容設計能力與跨平台應用能力。2.本系與日月光等多家知名廠商合作，於大四下安排您至配合廠商實習，提高您的職涯規劃能力。輔導考取CCNA、OCJP、iPAS等專業證照。3.未來可擔任遊戲程式設計師、互動裝置設計師、跨平台應用工程師等。4. 輔導考取資工、電機、等資通訊相關研究所。5.本系網址https://csie.nhu.edu.tw，連絡電話 :05-2721001轉2631。6.檢定科目:數A或數B其中一項通過底標即可。
05927,南華大學,自然生物科技學系,第二類學群,6,8,1,7,0,0,0,0,0,底標,0,在校學業成績全校排名百分比,學測自然級分,學測國文級分,生物學業成績總平均全校排名百分比,化學學業成績總平均全校排名百分比,國語文學業成績總平均全校排名百分比,學測英文級分,1、在校學業成績全校排名百分比 2、學測自然級分 3、學測國文級分 4、生物學業成績總平均全校排名百分比 5、化學學業成績總平均全校排名百分比 6、國語文學業成績總平均全校排名百分比 7、學測英文級分,,,,,,,1.本系以「本於自然，用於健康」為宗旨，課程規劃分為「生物技術」、「食品生技」、「妝品生技」和「前瞻農業」四大專業領域，重視學生專業能力的培養，以問題導向強化學生解決實務問題的能力。2.重視學生實作能力，強調學生國際移動能力培養。3.開設證照專班，輔導學生考取國內外專業證照。4完善實習制度，升學就業無縫接軌。5.本系學生畢業後除可繼續就讀生物科技相關研究所外，也可從事實驗室研究員、化妝品研發人員、衛生檢驗類公職人員、食品技師、植物工廠技師等相關工作。電話05-2721001#2641網址: https://nbt3.nhu.edu.tw/
05928,南華大學,半導體應用學士學位學程IC製程組,第二類學群,4,8,1,7,0,0,底標,底標,0,0,0,在校學業成績全校排名百分比,數學學業成績總平均全校排名百分比,物理學業成績總平均全校排名百分比,國語文學業成績總平均全校排名百分比,學測自然級分,學測國文級分,學測英文級分,1、在校學業成績全校排名百分比 2、數學學業成績總平均全校排名百分比 3、物理學業成績總平均全校排名百分比 4、國語文學業成績總平均全校排名百分比 5、學測自然級分 6、學測國文級分 7、學測英文級分,,,,,,,1.本學程為追求卓越，培育半導體專業人才，課程依產業鏈分工為IC設計、製造與封測三大專業主軸，本組則以製程為主，讓學生所學符合國家「半導體產業發展計畫」推動之「先進製程及封裝」、「半導體材料及設備」、「晶片設計」與「新世代半導體技術」等重點之人才需求。2.重視學生實作能力，推動多元實習，強調學生國際移動能力培養。3.開設證照專班，輔導通過經濟部半導體專業能力鑑定。4.學生畢業後除可繼續就讀半導體科技相關研究所外，也可從事半導體工程師、IC製程工程師、IC設備工程師、IC設計工程師等相關工作。5.本系網址:https://sa.nhu.edu.tw/。
05929,南華大學,半導體應用學士學位學程封裝與材料組,第二類學群,3,8,0,0,0,底標,0,0,0,0,0,在校學業成績全校排名百分比,數學學業成績總平均全校排名百分比,物理學業成績總平均全校排名百分比,國語文學業成績總平均全校排名百分比,學測自然級分,學測國文級分,學測英文級分,1、在校學業成績全校排名百分比 2、數學學業成績總平均全校排名百分比 3、物理學業成績總平均全校排名百分比 4、國語文學業成績總平均全校排名百分比 5、學測自然級分 6、學測國文級分 7、學測英文級分,,,,,,,1.本學程為追求卓越，培育半導體專業人才，課程依產業鏈分工為IC設計、製造與封測三大專業主軸，本組則以封裝與材料為主，讓學生所學符合國家「半導體產業發展計畫」推動之「先進製程及封裝」、「半導體材料及設備」、「晶片設計」與「新世代半導體技術」等重點之人才需求。2.重視學生實作能力，推動多元實習，強調學生國際移動能力培養。3.開設證照專班，輔導通過經濟部半導體專業能力鑑定。4.學生畢業後除可繼續就讀半導體科技相關研究所外，也可從事半導體工程師、IC封裝/測試工程師、IC設備工程師、IC設計工程師等相關工作。5.本系網址:https://sa.nhu.edu.tw/。
05930,南華大學,自然生物科技學系食品生技組,第三類學群,3,1,0,0,底標,0,0,0,0,0,0,在校學業成績全校排名百分比,學測國文級分,生活科技學業成績總平均全校排名百分比,生物學業成績總平均全校排名百分比,化學學業成績總平均全校排名百分比,國語文學業成績總平均全校排名百分比,學測英文級分,1、在校學業成績全校排名百分比 2、學測國文級分 3、生活科技學業成績總平均全校排名百分比 4、生物學業成績總平均全校排名百分比 5、化學學業成績總平均全校排名百分比 6、國語文學業成績總平均全校排名百分比 7、學測英文級分,,,,,,,1.本系以「本於自然，用於健康」為宗旨，課程規劃分為「生物技術」、「食品生技」、「妝品生技」和「前瞻農業」四大專業領域，重視學生專業能力的培養，以問題導向強化學生解決實務問題的能力。2.重視學生實作能力，強調學生國際移動能力培養。3.開設證照專班，輔導學生考取國內外專業證照。4完善實習制度，升學就業無縫接軌。5.本系學生畢業後除可繼續就讀生物科技相關研究所外，也可從事實驗室研究員、化妝品研發人員、衛生檢驗類公職人員、食品技師、植物工廠技師等相關工作。電話05-2721001#2641網址: https://nbt3.nhu.edu.tw/
06001,國立臺灣體育運動大學,休閒運動學系,第一類學群,4,2,2,2,底標,底標,0,0,底標,0,0,在校學業成績全校排名百分比,學測國文級分,學測英文級分,學測社會級分,數學學業成績總平均全校排名百分比,地理學業成績總平均全校排名百分比,歷史學業成績總平均全校排名百分比,1、在校學業成績全校排名百分比 2、學測國文級分 3、學測英文級分 4、學測社會級分 5、數學學業成績總平均全校排名百分比 6、地理學業成績總平均全校排名百分比 7、歷史學業成績總平均全校排名百分比,,,,,,,"以培養休閒運動相關產業相關人才為主軸,課程除必修之外,設有休閒遊憩與健康、休閒管理與科技二類課群,以及戶外休聞活動、水域休間運動、健身與韻律運動、技擊運動及球類休間運動共五類術科課群,同學可藉由多元豐富的課程中體驗活動,並可進階學習考取證照,以利未來從事相關工作,歡迎對休聞運動具有熱的夥伴報名就讀!"
06002,國立臺灣體育運動大學,運動事業管理學系,第一類學群,15,2,2,2,後標,後標,0,0,後標,0,0,在校學業成績全校排名百分比,學測國文級分,學測英文級分,學測社會級分,國語文學業成績總平均全校排名百分比,英語文學業成績總平均全校排名百分比,歷史學業成績總平均全校排名百分比,1、在校學業成績全校排名百分比 2、學測國文級分 3、學測英文級分 4、學測社會級分 5、國語文學業成績總平均全校排名百分比 6、英語文學業成績總平均全校排名百分比 7、歷史學業成績總平均全校排名百分比,,,,,,,因應國內外體育運動暨產業趨勢之發展，以培養運動產業經營管理人才、運動觀光人才與國際體育運動事務管理人才為目標。期望以學校就是職場，職場就是教室，教室就是工作、實習、教學、 研究、上課的地方為規劃發展，歷年來已媒合逾百家單位進行學生實務實習，如運動中心、職業球隊、運動行銷暨公關公司等運動產業相關單位。此外，積極與業界產學合作案，將管理的必備要素「產、銷、人、發、財」應用於健身房發展計畫、滑雪人才培育計畫、斜槓青年發展計畫、冬夏令營等，讓畢業生在畢業時俱備管理的核心能力外，更擁有符合運動產業所需的執行及創新的專業能力。連絡方式:04-22213108轉6161分機 網址https://sportmanagement.ntus.edu.tw
06003,國立臺灣體育運動大學,運動資訊與傳播學系,第一類學群,20,2,3,2,後標,後標,0,後標,後標,0,0,在校學業成績全校排名百分比,學測英文級分,學測國文級分,學測社會級分,學測數學B級分,英語文學業成績總平均全校排名百分比,國語文學業成績總平均全校排名百分比,1、在校學業成績全校排名百分比 2、學測英文級分 3、學測國文級分 4、學測社會級分 5、學測數學B級分 6、英語文學業成績總平均全校排名百分比 7、國語文學業成績總平均全校排名百分比,,,,,,,本學系⾸創全國運動轉播實務操作、同時發展體育賽事情蒐，⽬前已培養許多專業記者、主播及賽事資訊⼈才，建置影⾳與資訊設備⿑全，充分提供學⽣實作使⽤。畢業⽣遍及各⼤媒體、職業球團、及國家訓練中⼼，就業關鍵在於透過「做中學」的實⽤課程，課程涵括五⼤領域「影⾳創客媒體、運動新聞製播、運動數據分析與系統設計、數位媒體設計、運動領域」，讓學⽣具備運動新聞、廣播電視、節⽬製作、媒體公關、視訊媒體製作、運動⼤數據分析、程式及網站設計、新媒體互動、動畫遊戲等不同專業能⼒為⽬標;本系招收勇於創新、提升運動產業之學⽣，歡迎熱愛體育，並具備基本中英文溝通、寫作與邏輯思考能⼒者踴躍報考本系。聯絡電話04-22213108轉6131
06004,國立臺灣體育運動大學,體育學系,第三類學群,16,1,6,1,底標,底標,0,0,0,0,0,在校學業成績全校排名百分比,學測國文級分,學測英文級分,國語文學業成績總平均全校排名百分比,英語文學業成績總平均全校排名百分比,數學學業成績總平均全校排名百分比,學測社會級分,1、在校學業成績全校排名百分比 2、學測國文級分 3、學測英文級分 4、國語文學業成績總平均全校排名百分比 5、英語文學業成績總平均全校排名百分比 6、數學學業成績總平均全校排名百分比 7、學測社會級分,,,,,,,體育學系肩負培育國、高中職體育教師的使命外，更以培育符合時代需求的健身運動指導、高齡和幼兒體適能指導人才，以及以傳統武術龍獅為核心的表演及指導人才培育為主。課程除專業學、術科，更開設能利用當代程式與科技為核心，格鬥機器人、無人機操作的「運動大數據應用學程」和預防運動傷害發生為基礎的「運動防護學程」作為增能課程，在四年的學、術科課程學習與訓練下，讓學生能在畢業時俱備就業市場所需的核心能力外，更擁有符合時代要求的創新與適應的專業能力。更多內容與學生表現、學習成果，請見：pe.ntus.edu.tw
06005,國立臺灣體育運動大學,運動健康科學學系,第三類學群,7,1,3,1,後標,後標,0,0,0,後標,0,在校學業成績全校排名百分比,學測自然級分,學測英文級分,學測國文級分,生物學業成績總平均全校排名百分比,數學學業成績總平均全校排名百分比,學測英文、自然之級分總和,1、在校學業成績全校排名百分比 2、學測自然級分 3、學測英文級分 4、學測國文級分 5、生物學業成績總平均全校排名百分比 6、數學學業成績總平均全校排名百分比 7、學測英文、自然之級分總和,,,,,,,本系教育宗旨為培養運動防護、體能指導、運動科學人才；整合運動防護、臨床醫療、運動訓練與高齡健康照護，提供學生全方位之學習。規律邀請海外合作單位蒞系指導，結合學海築夢計畫，安排學生出國觀摩實習；透過校外實習場域合作，促成學生與運動產業接軌機會。全球資訊網：https://ehs.ntus.edu.tw
06301,國立臺南藝術大學,藝術史與文化資產學系,第一類學群,12,2,1,2,0,0,0,0,均標,0,0,在校學業成績全校排名百分比,學測國文級分,學測社會級分,學測英文級分,國語文學業成績總平均全校排名百分比,歷史學業成績總平均全校排名百分比,英語文學業成績總平均全校排名百分比,1、在校學業成績全校排名百分比 2、學測國文級分 3、學測社會級分 4、學測英文級分 5、國語文學業成績總平均全校排名百分比 6、歷史學業成績總平均全校排名百分比 7、英語文學業成績總平均全校排名百分比,,,,,,,"1.以藝術史學與文化資產調查研究為專業主體，並兼重文物修護與博物館之基礎訓練。
2.培養兼具藝術史學、文物保存修護以及博物館蒐藏管理與展示能力之基礎人才為目標。
3.本系官網：https://arthistory.tnnua.edu.tw
4.聯絡電話：06-6932611；E-mail：em2632@tnnua.edu.tw。"
06302,國立臺南藝術大學,應用音樂學系,第一類學群,9,2,2,2,後標,後標,0,0,0,0,0,在校學業成績全校排名百分比,學測國文級分,學測英文級分,國語文學業成績總平均全校排名百分比,英語文學業成績總平均全校排名百分比,公民與社會學業成績總平均全校排名百分比,生活科技學業成績總平均全校排名百分比,1、在校學業成績全校排名百分比 2、學測國文級分 3、學測英文級分 4、國語文學業成績總平均全校排名百分比 5、英語文學業成績總平均全校排名百分比 6、公民與社會學業成績總平均全校排名百分比 7、生活科技學業成績總平均全校排名百分比,,,,,,,"1.本系為鼓勵多元學習，共分下列三個專業學程。入學時應擇一專業學程，大二提供一次轉學程機會（須通過相關考核），畢業前須依規定修滿該學程所有課程，獲得學程證書方可畢業。
（一）影像音樂創作學程；（二）流行音樂創作學程；（三）專業錄音學程。
2.入學後，須依欲就讀之學程繳交作品並進行諮商面談，詳細資訊請參閱本系官網。
3.本系官網：https://appliedmusic.tnnua.edu.tw/
4.聯絡電話：06-6932415、06-6932411。"
06303,國立臺南藝術大學,材質創作與設計系,第五類學群,6,1,2,1,0,0,0,0,0,0,0,在校學業成績全校排名百分比,術科考試素描分數,術科考試創意表現分數,英語文學業成績總平均全校排名百分比,國語文學業成績總平均全校排名百分比,美術學業成績總平均全校排名百分比,生活科技學業成績總平均全校排名百分比,1、在校學業成績全校排名百分比 2、術科考試素描分數 3、術科考試創意表現分數 4、英語文學業成績總平均全校排名百分比 5、國語文學業成績總平均全校排名百分比 6、美術學業成績總平均全校排名百分比 7、生活科技學業成績總平均全校排名百分比,素描:後標；彩繪技法:--；創意表現:後標；水墨書畫:--；美術鑑賞:--,,,,,,"1.本系為國內唯一以材質為創作媒介，以工作室型態教學為重心的藝術創作設計科系。整合藝術、工藝與設計領域之課程規劃，注重藝術人文素養與材質專業能力訓練，以及創作設計實踐。以銜接當代工藝與工藝設計之國際趨勢，期能提升社會藝術欣賞與生活美學的水準，培養當代創作與文化創意設計人才。
2.專業主修採工作室型態，共有木質、金工、陶瓷、纖維、設計等五組。
3.本系著重機具操作及視覺創作，須具備相當之視覺、聽覺能力及口語表達、顏色辨識能力。
4.聯絡電話：06-6932211、06-6932212；E-mail:em2702@tnnua.edu.tw。"
06501,玄奘大學,社會工作學系,第一類學群,3,6,0,0,0,0,0,0,底標,0,0,在校學業成績全校排名百分比,公民與社會學業成績總平均全校排名百分比,國語文學業成績總平均全校排名百分比,學測國文級分,學測社會級分,歷史學業成績總平均全校排名百分比,地理學業成績總平均全校排名百分比,1、在校學業成績全校排名百分比 2、公民與社會學業成績總平均全校排名百分比 3、國語文學業成績總平均全校排名百分比 4、學測國文級分 5、學測社會級分 6、歷史學業成績總平均全校排名百分比 7、地理學業成績總平均全校排名百分比,,,,,,,本系以培育社會工作專業人才為目標。培養學生具備社會政策、社會行政及社會工作等基本知識技能，使能勝任社會工作體系中基層直接服務的角色。畢業後，可報考社會工作師專業證照，或服務於政府相關福利部會及民間社工、社福單位。其他相關資訊請參考本系網頁：https://www.hcu.edu.tw/sw，聯絡電話：(03)5302255分機5513。
06502,玄奘大學,應用心理學系,第一類學群,4,6,1,4,底標,0,0,0,0,0,0,在校學業成績全校排名百分比,公民與社會學業成績總平均全校排名百分比,國語文學業成績總平均全校排名百分比,學測國文級分,學測社會級分,歷史學業成績總平均全校排名百分比,地理學業成績總平均全校排名百分比,1、在校學業成績全校排名百分比 2、公民與社會學業成績總平均全校排名百分比 3、國語文學業成績總平均全校排名百分比 4、學測國文級分 5、學測社會級分 6、歷史學業成績總平均全校排名百分比 7、地理學業成績總平均全校排名百分比,,,,,,,"1.本系預計招收對助人(諮商、臨床)、工商、及犯罪心理等三大應用心理學領域有興趣之學生。
2.本系學生就業管道有：(1)諮商心理師、臨床心理師、輔導老師；(2)人力資源管理、廣告行銷、使用者經驗；(3)監獄官、家事調查官、監所管理人員、觀護人、法院心理測驗員與心理輔導員。
3.本系設有碩士班，升學取得心理師管道暢通。
4.其他相關資訊，請參考本系網頁：https://www.hcu.edu.tw/ap，聯絡電話：(03)5302255分機5511。"
06503,玄奘大學,法律學系,第一類學群,2,6,1,4,底標,0,0,0,0,0,0,在校學業成績全校排名百分比,學測國文級分,國語文學業成績總平均全校排名百分比,公民與社會學業成績總平均全校排名百分比,學測社會級分,歷史學業成績總平均全校排名百分比,地理學業成績總平均全校排名百分比,1、在校學業成績全校排名百分比 2、學測國文級分 3、國語文學業成績總平均全校排名百分比 4、公民與社會學業成績總平均全校排名百分比 5、學測社會級分 6、歷史學業成績總平均全校排名百分比 7、地理學業成績總平均全校排名百分比,,,,,,,一、為提供繁星學生特優之學習環境，在一般課程外以讀書會之方式進行學習討論，使學生得以深入地學習法律專業。二、本系有導師及授課教師諮詢制度，透過學生個別學習輔導，分析其適性之職涯發展，提供各項證照輔導課程，協助學生畢業時，至少均可考取一個以上之證照。三、本系設有「移地教學學程」安排學生到德日兩國交流學習，拓展學生國際視野，俾利學生將來有意願留學之準備。其他相關資訊請參考本系網頁：https://www.hcu.edu.tw/law，聯絡電話：(03)5302255分機5527。
06504,玄奘大學,大眾傳播學系,第一類學群,2,6,1,4,底標,0,0,0,0,0,0,在校學業成績全校排名百分比,學測國文級分,國語文學業成績總平均全校排名百分比,學測社會級分,公民與社會學業成績總平均全校排名百分比,歷史學業成績總平均全校排名百分比,地理學業成績總平均全校排名百分比,1、在校學業成績全校排名百分比 2、學測國文級分 3、國語文學業成績總平均全校排名百分比 4、學測社會級分 5、公民與社會學業成績總平均全校排名百分比 6、歷史學業成績總平均全校排名百分比 7、地理學業成績總平均全校排名百分比,,,,,,,大眾傳播學系以培育專業傳播人才為目標，教學設計以實務操作為核心，開設「影視製作」、「行銷傳播」課程模組，參與政府與影視業者重要合作計畫，擁有全媒體直播中心、數位虛擬攝影棚、空拍機、直播與實境節目設備，輔導報考無人機、數位剪輯、數位成音等專業證照，提供雙聯學制赴國外交流，建立完善實習制度接軌產業，成為具有實作與探究能力的專才。本系網址：https://www.hcu.edu.tw/gioc，聯絡電話：(03)5302255分機3232。
06505,玄奘大學,應用日語學系,第一類學群,1,6,1,4,底標,0,0,0,0,0,0,在校學業成績全校排名百分比,學測國文級分,國語文學業成績總平均全校排名百分比,學測社會級分,歷史學業成績總平均全校排名百分比,地理學業成績總平均全校排名百分比,公民與社會學業成績總平均全校排名百分比,1、在校學業成績全校排名百分比 2、學測國文級分 3、國語文學業成績總平均全校排名百分比 4、學測社會級分 5、歷史學業成績總平均全校排名百分比 6、地理學業成績總平均全校排名百分比 7、公民與社會學業成績總平均全校排名百分比,,,,,,,本系除專業基礎課程外，更考量同學的興趣與就業選擇，進行多元課程規劃，讓學生在學期間可參與校外有薪實習，提前進入業界，累積實務經驗。例如：翻譯、商務、旅遊觀光等，提供同學適性發展。此外，就學期間更有許多前往日本體驗國際交流等的多元學習機會，例如：遊學及赴日帶薪實習，提早與職場接軌，更可培育同學們的國際觀、國際移動力，提高自身的未來就業競爭力。本系網址：https://www.hcu.edu.tw/dm，聯絡電話：(03)5302255分機5407。
06506,玄奘大學,視覺傳達設計學系,第一類學群,1,6,0,0,底標,0,0,0,0,0,0,在校學業成績全校排名百分比,學測國文級分,國語文學業成績總平均全校排名百分比,學測社會級分,歷史學業成績總平均全校排名百分比,地理學業成績總平均全校排名百分比,公民與社會學業成績總平均全校排名百分比,1、在校學業成績全校排名百分比 2、學測國文級分 3、國語文學業成績總平均全校排名百分比 4、學測社會級分 5、歷史學業成績總平均全校排名百分比 6、地理學業成績總平均全校排名百分比 7、公民與社會學業成績總平均全校排名百分比,,,,,,,因應未來社會對跨領域整合性人才需求，同時規劃「商業識別設計與包裝」與「數位3D與互動設計」模組課程，依興趣及未來職涯性向，發展廣告視覺設計、數位動畫與遊戲、MR/AI設計等專長，成為新世代專業數位設計整合人才。其他相關資訊請參考本系網頁：https://www.hcu.edu.tw/vcd，聯絡電話：(03)5302255分機3215。
07901,真理大學,人文與資訊學系,第一類學群,3,11,0,0,0,0,0,0,底標,0,0,在校學業成績全校排名百分比,國語文學業成績總平均全校排名百分比,公民與社會學業成績總平均全校排名百分比,歷史學業成績總平均全校排名百分比,英語文學業成績總平均全校排名百分比,學測國文級分,學測社會級分,1、在校學業成績全校排名百分比 2、國語文學業成績總平均全校排名百分比 3、公民與社會學業成績總平均全校排名百分比 4、歷史學業成績總平均全校排名百分比 5、英語文學業成績總平均全校排名百分比 6、學測國文級分 7、學測社會級分,,,,,,,本系為培育學生具備人文藝術、數位應用與行銷的跨領域整合能力，養成文化事務、資訊應用與行銷企劃之專業人才。本組著重在培育具數位創作與資訊應用之專業人才，讓學生能夠創作出具文化特色的數位作品，並進行文化包裝與實務推廣等工作，特色課程有：影音編輯實務、電子書設計與應用、快速架站實務、數位電繪設計、當代資訊應用專題、行動 APP內容創作、社群資料分析、微電影製作等課程。本系就業出路多元，舉凡文化藝術產業、數位傳媒、圖書出版產業、多媒體應用或行銷等工作，亦可參加國際證照考試、公務人員考試等。
07902,真理大學,宗教文化與資訊管理學系,第一類學群,5,11,0,0,底標,0,0,0,0,0,0,在校學業成績全校排名百分比,學測國文級分,學測社會級分,學測英文級分,國語文學業成績總平均全校排名百分比,歷史學業成績總平均全校排名百分比,資訊科技學業成績總平均全校排名百分比,1、在校學業成績全校排名百分比 2、學測國文級分 3、學測社會級分 4、學測英文級分 5、國語文學業成績總平均全校排名百分比 6、歷史學業成績總平均全校排名百分比 7、資訊科技學業成績總平均全校排名百分比,,,,,,,"1、希望錄取對宗教文化、宗教與非營利組織之經營管理、宗教學術研究、宗教資訊管理、數位影像處理與行銷、宗教藝術文創、喪禮服務、觀光領隊導遊、照顧服務員等相關領域有興趣的同學。
2、同學在學期間輔導考取相關證照，同時系上特別設置專屬獎學金給予獎勵，如：專業證照、原住民學生、身障學生等方面的獎學金。
3、設有碩士班、碩士在職專班，可以向上銜接取得碩士學位。
4、系網址為https://religion.au.edu.tw，連絡電話:(02)26292355。歡迎喜歡上述各領域的同學報名就讀。"
07903,真理大學,應用日語學系,第一類學群,5,11,1,7,底標,0,0,0,0,0,0,在校學業成績全校排名百分比,學測國文級分,學測社會級分,學測英文級分,學測國文、社會之級分總和,國語文學業成績總平均全校排名百分比,歷史學業成績總平均全校排名百分比,1、在校學業成績全校排名百分比 2、學測國文級分 3、學測社會級分 4、學測英文級分 5、學測國文、社會之級分總和 6、國語文學業成績總平均全校排名百分比 7、歷史學業成績總平均全校排名百分比,,,,,,,"1.培養具有日文專業並跨領域的人才。
2.畢業前需要通過畢業門檻，亦即日本語能力試驗(JLPT)N1等方得畢業。"
07904,真理大學,資訊工程學系多媒體遊戲設計組,第一類學群,3,11,1,7,底標,0,0,0,0,0,0,在校學業成績全校排名百分比,資訊科技學業成績總平均全校排名百分比,生活科技學業成績總平均全校排名百分比,英語文學業成績總平均全校排名百分比,國語文學業成績總平均全校排名百分比,歷史學業成績總平均全校排名百分比,公民與社會學業成績總平均全校排名百分比,1、在校學業成績全校排名百分比 2、資訊科技學業成績總平均全校排名百分比 3、生活科技學業成績總平均全校排名百分比 4、英語文學業成績總平均全校排名百分比 5、國語文學業成績總平均全校排名百分比 6、歷史學業成績總平均全校排名百分比 7、公民與社會學業成績總平均全校排名百分比,,,,,,,本學系旨在培育資訊專業技術人才，課程設計著重程式設計能力與專題實作訓練，規劃有一學期的「資訊專題實務探索」及三個學期的「資訊專題」開發，以循序漸進的方式培養學生在程式設計與系統開發上的能力。對於學習上有困難的同學，系上亦提供適切的指導與補救教學，協助其持續進步。每年舉辦的程式設計比賽與專題成果展，皆頒發獎金與獎狀，不僅提升了學生的學習動機，也進一步強化專業能力。系上發展方向涵蓋多媒體與遊戲設計開發、人工智慧應用及科技應用整合等領域。許多學長姊因表現優異而得以提前畢業、繼續深造，或憑藉專題與實習成果取得良好的就業機會，展現了本系在升學與就業上的優勢。更多資訊請參閱本系網址：http://csie.au.edu.tw
07905,真理大學,法律學系,第一類學群,6,11,1,7,底標,0,0,0,0,0,0,在校學業成績全校排名百分比,學測國文級分,學測社會級分,國語文學業成績總平均全校排名百分比,公民與社會學業成績總平均全校排名百分比,歷史學業成績總平均全校排名百分比,英語文學業成績總平均全校排名百分比,1、在校學業成績全校排名百分比 2、學測國文級分 3、學測社會級分 4、國語文學業成績總平均全校排名百分比 5、公民與社會學業成績總平均全校排名百分比 6、歷史學業成績總平均全校排名百分比 7、英語文學業成績總平均全校排名百分比,,,,,,,"1.課程:完備的法律專業課程，並安排有法律實務應用之實習課程，至法務部執行署、台北市法制局、法律扶助基金會、台灣陪審團協會等機構實習，以達於學用合一之目的。本系並設有法律研究所，供學生繼續深造。
2.出路:司法官、律師、法制、法務人員。
3.本系網址:https://law.au.edu.tw/。
4.本系連絡電話:02-26212121轉1797或4322。"
07906,真理大學,財務金融學系,第一類學群,5,11,1,7,0,0,0,0,底標,0,0,在校學業成績全校排名百分比,歷史學業成績總平均全校排名百分比,公民與社會學業成績總平均全校排名百分比,地理學業成績總平均全校排名百分比,國語文學業成績總平均全校排名百分比,數學學業成績總平均全校排名百分比,英語文學業成績總平均全校排名百分比,1、在校學業成績全校排名百分比 2、歷史學業成績總平均全校排名百分比 3、公民與社會學業成績總平均全校排名百分比 4、地理學業成績總平均全校排名百分比 5、國語文學業成績總平均全校排名百分比 6、數學學業成績總平均全校排名百分比 7、英語文學業成績總平均全校排名百分比,,,,,,,"本系以培養基層金融專業人才為核心目標，致力於提升畢業生的即時就業力。課程設計涵蓋金融體系內銀行、證券及保險等相關專業知識，新增金融行銷課程，建立就業完整的學習架構，確保學生在畢業時，具備這些關鍵領域的全方位能力。除了傳授學術理論，我們積極輔導並補助學生考取專業金融證照，強化學生的職場競爭力。透過與國內頂尖的金融機構簽訂產學合作協議，為學生提供實習機會，讓學生有機會進入這些機構實習，體驗金融業的運作，為學生的未來職業生涯鋪路。
財務金融學系網址: https://fb.au.edu.tw/"
07907,真理大學,國際經營與貿易學系,第一類學群,2,11,1,7,底標,0,0,0,0,0,0,在校學業成績全校排名百分比,學測國文級分,學測英文級分,公民與社會學業成績總平均全校排名百分比,國語文學業成績總平均全校排名百分比,英語文學業成績總平均全校排名百分比,數學學業成績總平均全校排名百分比,1、在校學業成績全校排名百分比 2、學測國文級分 3、學測英文級分 4、公民與社會學業成績總平均全校排名百分比 5、國語文學業成績總平均全校排名百分比 6、英語文學業成績總平均全校排名百分比 7、數學學業成績總平均全校排名百分比,,,,,,,本系教育宗旨在培育具有國際企業經營、國際貿易、國際商務及電子商務等專業知識，以及宏遠國際視野的菁英人才，因此課程朝「建構多元化、國際化及教學創新之學習環境」、「課程理論與實務並進」、「提升英日語外語能力」、「增進參與國際交流機會」、「參與多元化的社團活動」及「涵養團體合作、服務熱誠精神」等學系特色；同時積極輔導學生外語與經貿證照、跨境電商競賽，以及課設海外移地教學及國際講座等課程，以因應全球國際企業經營及國際貿易人才之需求。系網頁:https://itrade.au.edu.tw/index.php?Lang=zh-tw
07908,真理大學,經濟學系,第一類學群,3,11,0,0,底標,0,0,0,0,0,0,在校學業成績全校排名百分比,學測國文級分,學測社會級分,學測英文級分,公民與社會學業成績總平均全校排名百分比,國語文學業成績總平均全校排名百分比,英語文學業成績總平均全校排名百分比,1、在校學業成績全校排名百分比 2、學測國文級分 3、學測社會級分 4、學測英文級分 5、公民與社會學業成績總平均全校排名百分比 6、國語文學業成績總平均全校排名百分比 7、英語文學業成績總平均全校排名百分比,,,,,,,"(1)本系為培育學生成為「新世代優質經濟專業人才」，課程設計分「新創經濟」、「數位經濟」，以及「永續
經濟」三重點。
(2)藉由考取專業證照、參與企業實習、進行國際交換、修習五年取得學士與碩士學歷等多元學習方式，量身打造學生專屬學習歷程，為將來進入職場做最充分的準備。
(3)本系設有碩士班，另有專屬赴日本研究交換計畫。
(4)本系傳承教會大學的美譽，秉持永續提升辦學績效與精進教學品質，落實本校愛與關懷之宗旨。"
07909,真理大學,企業管理學系,第一類學群,2,11,1,7,底標,0,0,0,0,0,0,在校學業成績全校排名百分比,學測國文級分,學測社會級分,學測英文級分,公民與社會學業成績總平均全校排名百分比,國語文學業成績總平均全校排名百分比,英語文學業成績總平均全校排名百分比,1、在校學業成績全校排名百分比 2、學測國文級分 3、學測社會級分 4、學測英文級分 5、公民與社會學業成績總平均全校排名百分比 6、國語文學業成績總平均全校排名百分比 7、英語文學業成績總平均全校排名百分比,,,,,,,"企管系的目標在培育具專業素養與個人特色的管理人才，課程設計結合管理實務與現代趨勢，並融入AI應用與永續發展理念。透過企業參訪、實務分享、團隊學習、證照輔導及實習，提升學生職場能力、永續經營與社會責任意識，為未來職場趨勢做好準備。
據104人力銀行多次調查，本系畢業生月薪行情優於整體私立大學企管系畢業生平均月薪。本系相關資訊查詢，請至本系網頁 https://ba.au.edu.tw/ ，以及系學會FB粉絲專頁。"
07910,真理大學,觀光事業學系,第一類學群,3,11,1,7,0,0,0,0,底標,0,0,在校學業成績全校排名百分比,學測國文級分,學測社會級分,學測英文級分,國語文學業成績總平均全校排名百分比,歷史學業成績總平均全校排名百分比,英語文學業成績總平均全校排名百分比,1、在校學業成績全校排名百分比 2、學測國文級分 3、學測社會級分 4、學測英文級分 5、國語文學業成績總平均全校排名百分比 6、歷史學業成績總平均全校排名百分比 7、英語文學業成績總平均全校排名百分比,,,,,,,"本學系配合國家發展觀光新政策，在以觀光立國、觀光主流化之基礎下，課程以理論與實務並重為主軸，結合優
良專業師資，及完善課程規劃，提升學生畢業後之就業競爭力。學系設有碩士班，並與海外姊妹校簽有雙聯學制
(3+1及1+1)，共同培養具國際視野之觀光人才，歡迎青年學子加入觀光事業學系大家庭，共同打造台灣更好的觀
光產業。學系電話：(02)2621-2121#7438；網址:https://tourism.au.edu.tw。"
07911,真理大學,航空事業學系,第一類學群,3,11,0,0,底標,0,0,0,0,0,0,在校學業成績全校排名百分比,學測英文級分,學測國文級分,學測社會級分,學測國文、英文之級分總和,英語文學業成績總平均全校排名百分比,國語文學業成績總平均全校排名百分比,1、在校學業成績全校排名百分比 2、學測英文級分 3、學測國文級分 4、學測社會級分 5、學測國文、英文之級分總和 6、英語文學業成績總平均全校排名百分比 7、國語文學業成績總平均全校排名百分比,,,,,,,本系教學定位在立足航空服務事業本體教學，拓展航空周邊觀光運輸體系課程。培養學生具備航空航機務、客艙服務、地勤票務、管理行政、航空監理之本職學能，並兼具了解軌道與道路運輸之運作概念。同時為配合政府運輸及觀光旅遊發展政策，滿足我國運輸觀光產業對專業人員之需求，以培育具備專業職能、職場倫理，以及國際視野之學生為使命。
07912,真理大學,資訊工程學系人工智慧應用組,第二類學群,3,1,0,0,底標,0,0,0,0,0,0,在校學業成績全校排名百分比,資訊科技學業成績總平均全校排名百分比,生活科技學業成績總平均全校排名百分比,數學學業成績總平均全校排名百分比,國語文學業成績總平均全校排名百分比,歷史學業成績總平均全校排名百分比,公民與社會學業成績總平均全校排名百分比,1、在校學業成績全校排名百分比 2、資訊科技學業成績總平均全校排名百分比 3、生活科技學業成績總平均全校排名百分比 4、數學學業成績總平均全校排名百分比 5、國語文學業成績總平均全校排名百分比 6、歷史學業成績總平均全校排名百分比 7、公民與社會學業成績總平均全校排名百分比,,,,,,,本學系旨在培育資訊專業技術人才，課程設計著重程式設計能力與專題實作訓練，規劃有一學期的「資訊專題實務探索」及三個學期的「資訊專題」開發，以循序漸進的方式培養學生在程式設計與系統開發上的能力。對於學習上有困難的同學，系上亦提供適切的指導與補救教學，協助其持續進步。每年舉辦的程式設計比賽與專題成果展，皆頒發獎金與獎狀，不僅提升了學生的學習動機，也進一步強化專業能力。系上發展方向涵蓋人工智慧應用、多媒體與遊戲設計開發及科技應用整合等領域。許多學長姊因表現優異而得以提前畢業、繼續深造，或憑藉專題與實習成果取得良好的就業機會，展現了本系在升學與就業上的優勢。更多資訊請參閱本系網址：http://csie.au.edu.tw
07913,真理大學,音樂應用學系-跨域應用組,第四類學群,1,2,1,1,底標,0,0,0,0,0,0,在校學業成績全校排名百分比,學測國文級分,學測英文級分,音樂學業成績總平均全校排名百分比,國語文學業成績總平均全校排名百分比,英語文學業成績總平均全校排名百分比,公民與社會學業成績總平均全校排名百分比,1、在校學業成績全校排名百分比 2、學測國文級分 3、學測英文級分 4、音樂學業成績總平均全校排名百分比 5、國語文學業成績總平均全校排名百分比 6、英語文學業成績總平均全校排名百分比 7、公民與社會學業成績總平均全校排名百分比,主修:--；副修:--；樂理:--；視唱:--；聽寫:--,,,,,,為培育兼具專業深度與多元視野的音樂人，音樂應用學系設立「跨域應用組」，課程涵蓋藝術行政、音樂治療與流行音樂三大領域。藝術行政著重於藝文產業的規劃、執行與創新，並以實作實習銜接職場；音樂治療課程回應國內身心健康與長照需求，兼顧理論與應用；流行音樂則涵蓋創作編曲、AI科技運用與混音後製，協助學生打造專屬作品。學生亦可跨修「音樂表演組」課程，或依興趣申請轉組，學習途徑靈活多元。詳細介紹請參考本系網站。https://music.au.edu.tw/或洽(02)26260017
07914,真理大學,音樂應用學系-音樂表演組,第四類學群,1,2,0,0,底標,0,0,0,0,0,0,在校學業成績全校排名百分比,音樂學業成績總平均全校排名百分比,學測國文級分,學測英文級分,國語文學業成績總平均全校排名百分比,英語文學業成績總平均全校排名百分比,歷史學業成績總平均全校排名百分比,1、在校學業成績全校排名百分比 2、音樂學業成績總平均全校排名百分比 3、學測國文級分 4、學測英文級分 5、國語文學業成績總平均全校排名百分比 6、英語文學業成績總平均全校排名百分比 7、歷史學業成績總平均全校排名百分比,主修:--；副修:--；樂理:--；視唱:--；聽寫:--,,,,,,依據學生的不同才能與需求，本系規劃多元化的課程選擇。除了傳統的音樂演奏與聲樂外，亦涵蓋舞台表演、語韻訓練、音樂教學法、器樂維修、鋼琴調音及教會音樂等領域，提供完整而多樣的學習資源。本校並與英國密德薩斯大學（Middlesex University）合作雙聯學制，學生在本系修業三年後，赴該校音樂系修讀一年，即可同時取得兩校文憑，是升學發展的理想選擇。另學生亦可選修「跨域應用組」課程，以培養多面向的音樂專業能力，或依需求申請轉組。更多資訊請參考本系網站：https://music.au.edu.tw/ 或洽(02)26260017
07915,真理大學,運動管理學系,第七類學群,3,2,1,1,0,0,0,0,底標,0,0,在校學業成績全校排名百分比,學測國文級分,學測英文級分,學測社會級分,學測自然級分,學測國文、英文之級分總和,英語文學業成績總平均全校排名百分比,1、在校學業成績全校排名百分比 2、學測國文級分 3、學測英文級分 4、學測社會級分 5、學測自然級分 6、學測國文、英文之級分總和 7、英語文學業成績總平均全校排名百分比,體育(百分等級):--,,,,,,"本系以實務性教學方式，鼓勵做中學,讓學生具備結合理論與實務的能力，達成學用合一的教育理念，同時訓練
學生團隊合作、領導統御、分工等運動產業職場的實戰體驗，本系畢業學生將具備分析、企劃、執行與控制的專
業能力。"
07916,真理大學,運動資訊傳播學系,第七類學群,1,2,1,1,底標,0,0,0,0,0,0,在校學業成績全校排名百分比,體育學業成績總平均全校排名百分比,資訊科技學業成績總平均全校排名百分比,國語文學業成績總平均全校排名百分比,學測國文級分,生活科技學業成績總平均全校排名百分比,公民與社會學業成績總平均全校排名百分比,1、在校學業成績全校排名百分比 2、體育學業成績總平均全校排名百分比 3、資訊科技學業成績總平均全校排名百分比 4、國語文學業成績總平均全校排名百分比 5、學測國文級分 6、生活科技學業成績總平均全校排名百分比 7、公民與社會學業成績總平均全校排名百分比,體育(百分等級):--,,,,,,"本系課程以「運動賽事」與「數位傳播科技」為核心發展主軸，致力於培養兼具運動專業知識與新媒體應用能力的跨域人才。課程設計涵蓋運動傳播理論、數位影音製作、運動新聞播報、內容策劃與多媒體實務，讓學生具備完整的專業訓練與實作經驗。
未來畢業生可勝任運動產業相關之專業人員、運動新聞記者與編輯、影音製作人員、多媒體內容企劃與數位行銷等職務。本系亦重視社會服務與在地連結，積極推動「運動 × 資訊 × 傳播」的跨領域整合，培養能在國際舞台及在地社會皆具影響力的運動傳播人才。"
09901,國立臺北大學,法律學系法學組,第一類學群,9,17,1,10,頂標,頂標,0,前標,頂標,0,0,在校學業成績全校排名百分比,學測國文、英文、數學B、社會之級分總和,學測英文級分,學測數學B級分,學測國文級分,學測社會級分,英語文學業成績總平均全校排名百分比,1、在校學業成績全校排名百分比 2、學測國文、英文、數學B、社會之級分總和 3、學測英文級分 4、學測數學B級分 5、學測國文級分 6、學測社會級分 7、英語文學業成績總平均全校排名百分比,,,,,,,"1、法學組之目標為奠定學生從事法律專業工作之法學能力，培養具國際宏觀視野之法律人才。強化各項法學課程之專題研討，並透過各項實務課程，提供適用法律實務上所需之教育，為培養優秀法官、檢察官、律師以及其他公私機構法務人才之學習場所。
2、錄取生於就讀期間得申請轉系。
3、本系網頁：https://www.law.ntpu.edu.tw/
4、本系聯絡電話：（02）8674-1111分機67668"
09902,國立臺北大學,法律學系司法組,第一類學群,9,17,1,10,頂標,頂標,0,前標,頂標,0,0,在校學業成績全校排名百分比,學測國文、英文、數學B、社會之級分總和,學測英文級分,學測數學B級分,學測國文級分,學測社會級分,英語文學業成績總平均全校排名百分比,1、在校學業成績全校排名百分比 2、學測國文、英文、數學B、社會之級分總和 3、學測英文級分 4、學測數學B級分 5、學測國文級分 6、學測社會級分 7、英語文學業成績總平均全校排名百分比,,,,,,,"1、司法組之目標為結合理論與實務訓練，培養司法實務與公職之法律人才。除法學基礎教育外，並提供適用法律實務上所需之技術教育，佐以實用法學之教育內容，為培養優秀法官、檢察官、律師以及其他公私機構法務人才之學習場所。
2、錄取生於就讀期間得申請轉系。
3、本系網頁：https://www.law.ntpu.edu.tw/
4、本系聯絡電話：（02）8674-1111分機67668"
09903,國立臺北大學,法律學系財經法組,第一類學群,9,17,1,10,頂標,頂標,0,前標,頂標,0,0,在校學業成績全校排名百分比,學測國文、英文、數學B、社會之級分總和,學測英文級分,學測數學B級分,學測國文級分,學測社會級分,英語文學業成績總平均全校排名百分比,1、在校學業成績全校排名百分比 2、學測國文、英文、數學B、社會之級分總和 3、學測英文級分 4、學測數學B級分 5、學測國文級分 6、學測社會級分 7、英語文學業成績總平均全校排名百分比,,,,,,,"1、財經法組之目標為厚植財經基礎理論，培養國家與企業之財經實用法律人才。著重當前國家社會財經法律人才培養，課程設計以基礎法學教育為根本，同時加強財經法學課程，開設財政、經濟、金融、企管、國貿等專業課程，使學生能廣泛涉獵各項知識，於培養優秀法官、檢察官、律師以及其他公私機構法務人才外，更因應現代社會對財經法律人才之殷切需求。
2、錄取生於就讀期間得申請轉系。
3、本系網頁：https://www.law.ntpu.edu.tw/。 4、本系聯絡電話：（02）8674-1111分機67668"
09904,國立臺北大學,企業管理學系,第一類學群,22,17,0,0,均標,前標,均標,0,0,0,0,在校學業成績全校排名百分比,學測國文、英文、數學A、社會之級分總和,學測英文級分,英語文學業成績總平均全校排名百分比,學測數學A級分,數學學業成績總平均全校排名百分比,學測國文級分,1、在校學業成績全校排名百分比 2、學測國文、英文、數學A、社會之級分總和 3、學測英文級分 4、英語文學業成績總平均全校排名百分比 5、學測數學A級分 6、數學學業成績總平均全校排名百分比 7、學測國文級分,,,,,,,"1.本系擁有優良傳統與治學精神，培養學生建構多元核心競爭力，以成為各階層管理人才為宗旨，建立行銷、財管、策略組織與人力資源管理、資訊與作業管理等企管專業領域核心競爭力。本系同時培養科技整合能力，並提供攻讀國外知名大學修課學習機會，在滿足兩校規定之修業年限及學分數等畢業規定後，即可同時取得本校及國外知名大學雙聯學位，培養國際化企業管理人才，歡迎有志成為傑出管理人才者報考！
2.本系網址：http://www.dba.ntpu.edu.tw/main.php。3.本系聯絡電話：02-86741111轉66553。
4.錄取生於就讀期間得申請轉系。"
09905,國立臺北大學,金融與合作經營學系,第一類學群,11,17,1,10,均標,均標,均標,0,0,0,0,在校學業成績全校排名百分比,學測國文、英文、數學A、社會之級分總和,學測數學A級分,學測英文級分,學測國文級分,學測社會級分,數學學業成績總平均全校排名百分比,1、在校學業成績全校排名百分比 2、學測國文、英文、數學A、社會之級分總和 3、學測數學A級分 4、學測英文級分 5、學測國文級分 6、學測社會級分 7、數學學業成績總平均全校排名百分比,,,,,,,"1.本系以卓越的師資、廣泛的系友人脈及豐富的產學合作資源為基礎，致力於為學生打造多元就業與優渥發展的道路。本系畢業生憑藉其亮眼表現，不僅薪資待遇和升遷機會出色，更贏得產業界的高度肯定。本系課程設計以永續價值與國際發展為核心，不僅涵蓋財經專業知識的培養，更注重數位量化分析與實務應用，全面培育學生成為財務金融領域的菁英專才。
2.錄取生於就讀期間得申請轉系。
3.本系聯絡電話:02-86741111轉66857,網址:https://coop.ntpu.edu.tw/"
09906,國立臺北大學,會計學系,第一類學群,20,17,0,0,均標,前標,均標,0,0,0,0,在校學業成績全校排名百分比,學測英文級分,英語文學業成績總平均全校排名百分比,數學學業成績總平均全校排名百分比,學測數學A級分,國語文學業成績總平均全校排名百分比,學測國文級分,1、在校學業成績全校排名百分比 2、學測英文級分 3、英語文學業成績總平均全校排名百分比 4、數學學業成績總平均全校排名百分比 5、學測數學A級分 6、國語文學業成績總平均全校排名百分比 7、學測國文級分,,,,,,,"1.本系孕育兼具會計專業、商法管理，以及數據分析能力等專業知識和技能，並致力培育商管高階人才。優質師資及多元課程，課程含會計理論與實務、鑑識會計、數位浪潮下的商業新模式、亮點產業分析與實務研討、全球化會計專業趨勢發展及商業智能應用等，竭誠歡迎各位優秀學子加入北大會計行列。
2.本系網頁https://www.acc.ntpu.edu.tw/，聯絡電話:02-86741111轉66657。
3.錄取生於就讀期間得申請轉系。"
09907,國立臺北大學,統計學系,第一類學群,10,17,0,0,均標,均標,均標,0,0,0,0,在校學業成績全校排名百分比,學測國文、英文、數學A之級分總和,學測數學A級分,學測英文級分,學測國文級分,數學學業成績總平均全校排名百分比,英語文學業成績總平均全校排名百分比,1、在校學業成績全校排名百分比 2、學測國文、英文、數學A之級分總和 3、學測數學A級分 4、學測英文級分 5、學測國文級分 6、數學學業成績總平均全校排名百分比 7、英語文學業成績總平均全校排名百分比,,,,,,,"1.統計是許多領域量化工具的根本，本系擁有全國最強的師資陣容與最齊全的課程規畫，課程涵蓋巨量資料、商業統計、財務統計與醫學統計等學程，旨在培訓具有理論基礎與實務資料分析的專業人才，畢業生有多元就業行業與升學領域選擇。
2.錄取生就讀期間得申請轉系。
3.本系網頁:https://www.stat.ntpu.edu.tw/，聯絡電話：02-86741111分機66597。"
09908,國立臺北大學,休閒運動管理學系,第一類學群,7,17,0,0,0,均標,0,0,0,0,0,在校學業成績全校排名百分比,學測國文、英文、數學B、社會之級分總和,學測英文級分,學測數學B級分,學測社會級分,英語文學業成績總平均全校排名百分比,數學學業成績總平均全校排名百分比,1、在校學業成績全校排名百分比 2、學測國文、英文、數學B、社會之級分總和 3、學測英文級分 4、學測數學B級分 5、學測社會級分 6、英語文學業成績總平均全校排名百分比 7、數學學業成績總平均全校排名百分比,,,,,,,"1.本系隸屬商學院(雙語學院)，課程以商學管理為基礎，分休閒與運動兩大專業領域，以培養管理人才為目標。
2.提供多間國際交流之名額，鼓勵同學國際化發展，歡迎對商管、休閒、運動等發展有興趣同學加入本系。
3.學生畢業前須取得兩張以上專業證照。
4.錄取生於就讀期間不得申請轉系。
5.本系網頁https://lsm.ntpu.edu.tw/ ，聯絡電話．02-86741111分機66533。"
09909,國立臺北大學,公共行政暨政策學系,第一類學群,18,17,1,10,均標,均標,0,0,均標,0,0,在校學業成績全校排名百分比,學測國文、英文、數學B、社會之級分總和,學測社會級分,學測國文級分,學測英文級分,學測數學B級分,公民與社會學業成績總平均全校排名百分比,1、在校學業成績全校排名百分比 2、學測國文、英文、數學B、社會之級分總和 3、學測社會級分 4、學測國文級分 5、學測英文級分 6、學測數學B級分 7、公民與社會學業成績總平均全校排名百分比,,,,,,,"1.本系以培育能夠規劃、分析與解決複雜公共問題，且能進行跨域整合之人才為目標。我們看重學生對公共議題的敏銳度、興趣、思辨與表述能力，以及願意為公共事務付出的人格特質。畢業後職涯領域包括：政府管理、人力資源管理、專案管理、法規與政策諮詢、資料分析、NGOs、政府公關行銷、國際政經分析等。
2.錄取生於就讀期間需修習滿4學期方得申請轉系。
3.本系網頁https://pa.ntpu.edu.tw，聯絡電話：02-86711006。"
09910,國立臺北大學,財政學系,第一類學群,10,17,2,10,均標,均標,均標,0,均標,0,0,在校學業成績全校排名百分比,學測國文、英文、數學A、社會之級分總和,學測數學A級分,學測英文級分,數學學業成績總平均全校排名百分比,英語文學業成績總平均全校排名百分比,公民與社會學業成績總平均全校排名百分比,1、在校學業成績全校排名百分比 2、學測國文、英文、數學A、社會之級分總和 3、學測數學A級分 4、學測英文級分 5、數學學業成績總平均全校排名百分比 6、英語文學業成績總平均全校排名百分比 7、公民與社會學業成績總平均全校排名百分比,,,,,,,"1.歡迎對財政、稅務、金融領域有興趣之學生報考。
2.提供五年一貫修讀機會，學生可於五年完成學士及碩士學位。
3.錄取生就讀期間得申請轉系。
4.本系網頁https://finc.ntpu.edu.tw/，聯絡電話：02-8674-1111分機67384。"
09911,國立臺北大學,不動產與城鄉環境學系,第一類學群,31,17,5,10,前標,均標,0,均標,0,0,0,在校學業成績全校排名百分比,學測國文級分,學測英文級分,學測數學B級分,數學學業成績總平均全校排名百分比,地理學業成績總平均全校排名百分比,英語文學業成績總平均全校排名百分比,1、在校學業成績全校排名百分比 2、學測國文級分 3、學測英文級分 4、學測數學B級分 5、數學學業成績總平均全校排名百分比 6、地理學業成績總平均全校排名百分比 7、英語文學業成績總平均全校排名百分比,,,,,,,"1.教育目標為培育不動產與城鄉環境就業與進修之基礎專業能力，培養學生紮實不動產與城鄉環境基本知能與素養，強調理論與實務的結合，透過課程群組化之設計，提供系統性與多元學習機會。另安排暑期與學期間之公私部門實習課程認識未來職場環境，及交換學生、國際交流等活動，培養未來就業或升學進修之能力。
2.提供五年一貫修讀機會，學生可於五年完成學士及碩士學位。
3.錄取生於就讀期間得申請轉系。
4.本系網頁：http://www.rebe.ntpu.edu.tw/，聯絡電話：02-86741111轉67414。"
09912,國立臺北大學,經濟學系,第一類學群,20,17,2,10,均標,均標,均標,0,均標,0,0,在校學業成績全校排名百分比,學測國文、英文、數學A、社會之級分總和,學測數學A級分,學測英文級分,學測國文級分,學測社會級分,數學學業成績總平均全校排名百分比,1、在校學業成績全校排名百分比 2、學測國文、英文、數學A、社會之級分總和 3、學測數學A級分 4、學測英文級分 5、學測國文級分 6、學測社會級分 7、數學學業成績總平均全校排名百分比,,,,,,,"1.本系為全國最具規模的經濟系之一，歷史悠久，培育各行業優秀系友。課程豐富且設計完善，涵蓋金融、貨幣與經濟成長，產業與公共經濟，人力、資源與環境經濟，經濟理論與方法，及資料科學等五大領域，近來亦因應產業人才需求趨勢，發展多項跨領域學程和微學程。
2.本系提供五年一貫修讀機會，學生可於五年完成學士及碩士學位(成績優異者，可獲獎學金)。
3.錄取生於就讀期間得申請轉系。
4.相關資料請參考本系網頁 https://econ.ntpu.edu.tw/，聯絡電話:02-86741111轉67160。"
09913,國立臺北大學,社會學系,第一類學群,6,17,0,0,0,均標,0,均標,0,0,0,在校學業成績全校排名百分比,學測數學B級分,學測英文級分,數學學業成績總平均全校排名百分比,英語文學業成績總平均全校排名百分比,國語文學業成績總平均全校排名百分比,公民與社會學業成績總平均全校排名百分比,1、在校學業成績全校排名百分比 2、學測數學B級分 3、學測英文級分 4、數學學業成績總平均全校排名百分比 5、英語文學業成績總平均全校排名百分比 6、國語文學業成績總平均全校排名百分比 7、公民與社會學業成績總平均全校排名百分比,,,,,,,"1.本系聯絡電話：02-86741111轉分機67046。
2.錄取生於就讀期間不得申請轉系。
3.本系提供社會學知識、經驗研究的專業訓練，包含數據分析與質性研究，培養學生數據與質性資料的處理、解讀與報告撰寫的能力。透過實作與在地連結等課程安排，本系強化學生的跨領域能力，形塑現代公民所需具備之思考批判能力與多元開闊的視野。畢業後可從事之工作，包括學術研究、民調與市場趨勢研究、新聞傳播、市場行銷與人資行政管理、公部門與非營利組織等領域。"
09914,國立臺北大學,社會工作學系,第一類學群,6,17,0,0,均標,均標,0,均標,0,0,0,在校學業成績全校排名百分比,學測國文級分,國語文學業成績總平均全校排名百分比,學測英文級分,英語文學業成績總平均全校排名百分比,學測數學B級分,數學學業成績總平均全校排名百分比,1、在校學業成績全校排名百分比 2、學測國文級分 3、國語文學業成績總平均全校排名百分比 4、學測英文級分 5、英語文學業成績總平均全校排名百分比 6、學測數學B級分 7、數學學業成績總平均全校排名百分比,,,,,,,"1、本系聯絡電話：02-8674-1111轉67014，傳真：02-2673-7262。
2、本系網址：https://www.sw.ntpu.edu.tw/
3、錄取生於就讀期間不得申請轉系。"
09915,國立臺北大學,中國文學系,第一類學群,7,17,1,10,前標,均標,0,0,均標,0,0,在校學業成績全校排名百分比,國語文學業成績總平均全校排名百分比,學測國文級分,學測英文級分,學測社會級分,歷史學業成績總平均全校排名百分比,英語文學業成績總平均全校排名百分比,1、在校學業成績全校排名百分比 2、國語文學業成績總平均全校排名百分比 3、學測國文級分 4、學測英文級分 5、學測社會級分 6、歷史學業成績總平均全校排名百分比 7、英語文學業成績總平均全校排名百分比,,,,,,,"1.本系以「經典詮釋」、「文學寫作」、「數位人文」為發展方向。課程規劃分「文學」、「思想」、「致用」三學群。旨在培養學生人文精神、落實全人教育、培育中國語文研究暨應用、語文教學及創作、文化與傳播等人才。提供學碩一貫修讀機會，可縮短碩士班修業時間。
2.錄取生於就讀期間不得申請轉系。
3.本系網頁：https://www.cl.ntpu.edu.tw。
4.聯絡方式：0286741111轉66708。"
09916,國立臺北大學,應用外語學系,第一類學群,15,17,0,0,均標,前標,0,均標,0,0,A級,在校學業成績全校排名百分比,學測國文、英文、數學B、社會之級分總和,英語文學業成績總平均全校排名百分比,學測英文級分,國語文學業成績總平均全校排名百分比,學測國文級分,學測社會級分,1、在校學業成績全校排名百分比 2、學測國文、英文、數學B、社會之級分總和 3、英語文學業成績總平均全校排名百分比 4、學測英文級分 5、國語文學業成績總平均全校排名百分比 6、學測國文級分 7、學測社會級分,,,,,,,"1.招生英語聽、說、讀、寫能力俱佳的高中畢業生，視其性向加強學生在語文、翻譯或英語教學方面之訓練。
2.錄取生於就讀期間不得申請轉系。
3.本系網址：https://www.dafl.ntpu.edu.tw，聯絡電話：02-86741111轉66607。"
09917,國立臺北大學,歷史學系,第一類學群,12,17,1,10,均標,均標,0,0,前標,0,0,在校學業成績全校排名百分比,學測國文、英文、社會之級分總和,歷史學業成績總平均全校排名百分比,學測社會級分,學測國文級分,學測英文級分,公民與社會學業成績總平均全校排名百分比,1、在校學業成績全校排名百分比 2、學測國文、英文、社會之級分總和 3、歷史學業成績總平均全校排名百分比 4、學測社會級分 5、學測國文級分 6、學測英文級分 7、公民與社會學業成績總平均全校排名百分比,,,,,,,"1.本系師資陣容堅強,並有精通德文、西班牙文、日文、荷蘭文及滿洲語文的教師。課程多元,中外領域兼備且
強調實用性,有助於學生就業後展現傑出的企劃、文創以及解決問題、經營管理的能力。本系與美日中港澳等海外知名學府簽有合作協定,每年均有學生赴國外參訪、交換與進修。
2.錄取生於就讀期間不得申請轉系。
3.本系網頁http://history.ntpu.edu.tw/,聯絡電話:02-86741111轉66808。"
09918,國立臺北大學,資訊工程學系,第二類學群,5,3,0,0,均標,前標,前標,0,0,前標,0,在校學業成績全校排名百分比,學測國文、英文、數學A、自然之級分總和,學測數學A級分,學測英文級分,學測自然級分,數學學業成績總平均全校排名百分比,英語文學業成績總平均全校排名百分比,1、在校學業成績全校排名百分比 2、學測國文、英文、數學A、自然之級分總和 3、學測數學A級分 4、學測英文級分 5、學測自然級分 6、數學學業成績總平均全校排名百分比 7、英語文學業成績總平均全校排名百分比,,,,,,,"1.本系師資優良、課程完整、設備新穎、與北部數個高科技園區相近。旨在培育理論基礎與實務能力兼備之資訊
人才。聯絡電話(02)8674-1111分機68888吳助教,網址http://www.csie.ntpu.edu.tw/
2.本系位於三峽,全新校區上課。
3.錄取生於就讀期間得申請轉系。"
09919,國立臺北大學,通訊工程學系,第二類學群,5,3,0,0,均標,前標,前標,0,0,前標,0,在校學業成績全校排名百分比,數學學業成績總平均全校排名百分比,物理學業成績總平均全校排名百分比,英語文學業成績總平均全校排名百分比,學測數學A級分,學測自然級分,學測英文級分,1、在校學業成績全校排名百分比 2、數學學業成績總平均全校排名百分比 3、物理學業成績總平均全校排名百分比 4、英語文學業成績總平均全校排名百分比 5、學測數學A級分 6、學測自然級分 7、學測英文級分,,,,,,,"1.本系師資優良、課程完整、設備新穎,近北部科技園區,旨在培育理論基礎與實務能力兼備之人才。
2.錄取生於就讀期間得申請轉系。
3.本系網址:http://www.ce.ntpu.edu.tw/;本系聯絡電話:02-26748565"
09920,國立臺北大學,電機工程學系,第二類學群,7,3,0,0,均標,前標,前標,0,0,前標,0,在校學業成績全校排名百分比,學測國文、英文、數學A、自然之級分總和,學測數學A級分,學測英文級分,學測自然級分,數學學業成績總平均全校排名百分比,英語文學業成績總平均全校排名百分比,1、在校學業成績全校排名百分比 2、學測國文、英文、數學A、自然之級分總和 3、學測數學A級分 4、學測英文級分 5、學測自然級分 6、數學學業成績總平均全校排名百分比 7、英語文學業成績總平均全校排名百分比,,,,,,,"1.特色:專業課程英語教學，招收對電機、電子相關領域有興趣且有志從事產品研發與設計工作之學生，發展重
點以晶片設計與製造、電腦工程、系統工程為主，有五年一貫修讀學碩士學位。
2.錄取生於就讀期間得申請轉系。
3.本系聯絡電話：02-86741111轉68882，本系網址：http://www.ntpu.edu.tw/ee/。"
10001,國立嘉義大學,教育學系,第一類學群,7,7,1,7,後標,0,0,0,0,0,0,在校學業成績全校排名百分比,學測國文、英文、數學B、社會之級分總和,學測國文級分,學測英文級分,學測數學B級分,學測社會級分,國語文學業成績總平均全校排名百分比,1、在校學業成績全校排名百分比 2、學測國文、英文、數學B、社會之級分總和 3、學測國文級分 4、學測英文級分 5、學測數學B級分 6、學測社會級分 7、國語文學業成績總平均全校排名百分比,,,,,,,"1.本學系為師資培育學系，以培育具有教育專業知能與涵養之優秀國小師資，及培養有志從事課程與教學、教育行政、數理教育與學術研究之專業基礎人才。必須具有相當之視覺、聽覺功能，具有口語表達、溝通能力，需久站、運用肢體互動進行教學，且具人際互動溝通協調能力、能控制自身情緒、具相當之抗壓能力。
2.以原住民外加名額入學者將不具師資生資格，如欲修習師資培育課程，悉依相關規定辦理。
3.本學系網址:https://website.ncyu.edu.tw/giee/"
10002,國立嘉義大學,輔導與諮商學系,第一類學群,8,7,3,7,均標,均標,0,底標,0,0,0,在校學業成績全校排名百分比,學測國文級分,學測英文級分,學測數學B級分,國語文學業成績總平均全校排名百分比,英語文學業成績總平均全校排名百分比,數學學業成績總平均全校排名百分比,1、在校學業成績全校排名百分比 2、學測國文級分 3、學測英文級分 4、學測數學B級分 5、國語文學業成績總平均全校排名百分比 6、英語文學業成績總平均全校排名百分比 7、數學學業成績總平均全校排名百分比,,,,,,,"1.本學系乃從人群服務之整體觀點出發，規劃家庭教育、家庭與社區諮商、學校諮商，到企業諮商之相關專業。提供學生更完整之人群服務學習管道，並期許成為國內第一個同時聚焦於家庭、社區、學校三大助人專業領域之系所。
2.本學系為師培與非師培並行學系，師資生名額以教育部核定為準，修習師資教育專業課程學分，悉依本校相關規定。
3.本系網址https://website.ncyu.edu.tw/gcweb/，聯絡電話:05-2068656。"
10003,國立嘉義大學,特殊教育學系,第一類學群,7,7,1,7,均標,0,0,0,0,0,0,在校學業成績全校排名百分比,學測國文級分,學測英文級分,學測社會級分,國語文學業成績總平均全校排名百分比,英語文學業成績總平均全校排名百分比,學測國文、英文、社會之級分總和,1、在校學業成績全校排名百分比 2、學測國文級分 3、學測英文級分 4、學測社會級分 5、國語文學業成績總平均全校排名百分比 6、英語文學業成績總平均全校排名百分比 7、學測國文、英文、社會之級分總和,,,,,,,"*本系組為師資培育系組(師資生名額以最後教育部核定名額為主)。
1.本系可同時培養兩種特教教師：國小身心障礙教師、國小資賦優異教師。2.欲擔任國小一般教師者，可另外參加師培中心甄選。3.入學後有機會經過甄選成為師資培育公費生。4.可申請兩種註記次專長：情緒與行為需求專長、認知與學習需求專長。5.本校、院、系設有多種類型之獎補助學金名額，詳情請參照本系網址：https://website.ncyu.edu.tw/special/，聯絡電話：05-2068640。
*以原住民外加名額入學者將不具師資生資格，如欲修習師資培育課程，悉依相關規定辦理。"
10004,國立嘉義大學,幼兒教育學系,第一類學群,5,7,1,7,均標,0,0,0,0,0,0,在校學業成績全校排名百分比,學測國文、英文、數學B、社會之級分總和,學測國文級分,學測英文級分,學測數學B級分,學測社會級分,國語文學業成績總平均全校排名百分比,1、在校學業成績全校排名百分比 2、學測國文、英文、數學B、社會之級分總和 3、學測國文級分 4、學測英文級分 5、學測數學B級分 6、學測社會級分 7、國語文學業成績總平均全校排名百分比,,,,,,,"1.本系之實習課程須有大量接觸幼兒的機會，適合細心沉穩、具人際互動溝通協調能力、能控管自身情緒者。
2.本學系屬於幼教師資培育學系，員額50名(含申請入學、繁星推薦、分發入學)皆具師資生資格，歡迎有志從事教育工作者加入我們的行列。
3.以原住民外加名額入學者將不具師資生資格，如欲修習師資培育課程，悉依相關規定辦理。
※本系提供「弱勢家庭優秀子女新生入學獎學金」，學測成績國文、英文2科須達前標及數學科成績達均標以上，入學後即可申請。(詳本系網頁)"
10005,國立嘉義大學,數位學習設計與管理學系,第一類學群,7,7,2,7,後標,0,0,0,0,0,0,在校學業成績全校排名百分比,學測國文級分,學測英文級分,國語文學業成績總平均全校排名百分比,英語文學業成績總平均全校排名百分比,數學學業成績總平均全校排名百分比,學測社會級分,1、在校學業成績全校排名百分比 2、學測國文級分 3、學測英文級分 4、國語文學業成績總平均全校排名百分比 5、英語文學業成績總平均全校排名百分比 6、數學學業成績總平均全校排名百分比 7、學測社會級分,,,,,,,"1.本系的教育宗旨以培育學生具有數位內容設計領域及數位學習管理領域之專長。學生在科技、多元、創新的環境中成長學習，善用教育科技與數位學習內容，以確保自我競爭優勢。
2.本系網址https://website.ncyu.edu.tw/etech/，聯絡電話：05-2068130。"
10006,國立嘉義大學,中國文學系,第一類學群,9,7,2,7,均標,0,0,0,底標,0,0,在校學業成績全校排名百分比,學測國文級分,學測社會級分,學測國文、社會之級分總和,國語文學業成績總平均全校排名百分比,公民與社會學業成績總平均全校排名百分比,歷史學業成績總平均全校排名百分比,1、在校學業成績全校排名百分比 2、學測國文級分 3、學測社會級分 4、學測國文、社會之級分總和 5、國語文學業成績總平均全校排名百分比 6、公民與社會學業成績總平均全校排名百分比 7、歷史學業成績總平均全校排名百分比,,,,,,,"本系歡迎有志於古典學術研究及現代文學創作之同學加入行列。本系立基於傳統學術研究，而兼顧教學與現代文學，有四大教學目標：1.培養具有自我省察、關懷社會文化能力之新一代文學人。2.培養具備中國學術專業能力與文學涵養的人才。3.培養具備國語文教學素養的人才。4.培養語文應用與創作以及文化保存與傳播的人才。
本系網址：https://website.ncyu.edu.tw/chinese/聯絡電話：05-2068525"
10007,國立嘉義大學,應用歷史學系,第一類學群,10,7,1,7,均標,0,0,0,均標,0,0,在校學業成績全校排名百分比,學測社會級分,學測國文、社會之級分總和,學測國文級分,歷史學業成績總平均全校排名百分比,國語文學業成績總平均全校排名百分比,英語文學業成績總平均全校排名百分比,1、在校學業成績全校排名百分比 2、學測社會級分 3、學測國文、社會之級分總和 4、學測國文級分 5、歷史學業成績總平均全校排名百分比 6、國語文學業成績總平均全校排名百分比 7、英語文學業成績總平均全校排名百分比,,,,,,,"1、本系課程採用學生學習為導向之模組化設計，培養學生具備歷史專業知能、史料分析與應用能力及跨領域素養。課程分為應用歷史基礎學程、核心學程與專業選修學程；其中，專業選修依學生發展需求分為「學術型」以銜接研究進修，「實用型」則對接產業需求，提供雙軌學習機會；另本系積極推動「環境教育人員課程」，導入橫向整合理念，結合教育部政策與社會需求，實踐學用合一之教育目標。
2、本系特色、招生目標及課程規劃，請參見本系網頁：https://www.ncyu.edu.tw/ncyuhg；洽詢電話：05-2068520。"
10008,國立嘉義大學,外國語言學系英語教學組,第一類學群,8,7,1,7,均標,均標,0,0,0,0,0,在校學業成績全校排名百分比,學測英文級分,學測國文級分,英語文學業成績總平均全校排名百分比,國語文學業成績總平均全校排名百分比,學測國文、英文之級分總和,歷史學業成績總平均全校排名百分比,1、在校學業成績全校排名百分比 2、學測英文級分 3、學測國文級分 4、英語文學業成績總平均全校排名百分比 5、國語文學業成績總平均全校排名百分比 6、學測國文、英文之級分總和 7、歷史學業成績總平均全校排名百分比,,,,,,,"1.錄取本系組之學生於在校期間可參加本系國小師資生甄選，或本校師資培育中心所舉辦之教育學程甄試，錄取者擁有修習教育學程資格。(修習師資教育專業課程學分，悉依本校師資培育中心相關規定辦理)。
2.有關本系組特色、招生目標及課程規劃等，請見本系網頁https://website.ncyu.edu.tw/dfl"
10009,國立嘉義大學,外國語言學系應用外語組,第一類學群,8,7,1,7,均標,均標,0,0,0,0,0,在校學業成績全校排名百分比,學測英文級分,學測國文級分,英語文學業成績總平均全校排名百分比,國語文學業成績總平均全校排名百分比,學測國文、英文之級分總和,歷史學業成績總平均全校排名百分比,1、在校學業成績全校排名百分比 2、學測英文級分 3、學測國文級分 4、英語文學業成績總平均全校排名百分比 5、國語文學業成績總平均全校排名百分比 6、學測國文、英文之級分總和 7、歷史學業成績總平均全校排名百分比,,,,,,,有關本系組特色、招生目標及課程規劃等，請見本系網頁https://website.ncyu.edu.tw/dfl
10010,國立嘉義大學,企業管理學系,第一類學群,8,7,1,7,後標,均標,0,後標,0,0,0,在校學業成績全校排名百分比,學測英文級分,學測國文級分,學測數學B級分,學測社會級分,英語文學業成績總平均全校排名百分比,國語文學業成績總平均全校排名百分比,1、在校學業成績全校排名百分比 2、學測英文級分 3、學測國文級分 4、學測數學B級分 5、學測社會級分 6、英語文學業成績總平均全校排名百分比 7、國語文學業成績總平均全校排名百分比,,,,,,,"1.本系將培養學生具備成熟穩健的人格特質及擁有企業管理之專業素養，講求「誠正」、「理性」、「效率」作為為人處事的基本原則，理論與實務並重，並擁有獨立分析思考、做決策及解決問題的專業能力。在課程方面將朝向「國際化接軌」、「科際整合」及「企業倫理」三大特色規劃，培育學生具有平衡的通識與專業素養，重視均衡的群我關係及寬廣的思考視野。
2.本系網址:https://website.ncyu.edu.tw/dpba ，聯絡電話:05-273-2825。"
10011,國立嘉義大學,應用經濟學系,第一類學群,8,7,1,7,後標,後標,0,均標,0,0,0,在校學業成績全校排名百分比,學測數學B級分,學測英文級分,數學學業成績總平均全校排名百分比,英語文學業成績總平均全校排名百分比,學測國文級分,國語文學業成績總平均全校排名百分比,1、在校學業成績全校排名百分比 2、學測數學B級分 3、學測英文級分 4、數學學業成績總平均全校排名百分比 5、英語文學業成績總平均全校排名百分比 6、學測國文級分 7、國語文學業成績總平均全校排名百分比,,,,,,,"1.本系旨在培養大學生能熟練應用經濟學的研究方法，分析各種經濟及社會現象，使其同時具有國際觀及關心台灣本土的情懷，並建立未來發展所需之競爭力與獨立思考能力。
2.本系網頁https://www.ncyu.edu.tw/dpae/。
3.聯絡電話：05-2732852。"
10012,國立嘉義大學,科技管理學系,第一類學群,12,7,2,7,0,後標,0,0,0,0,0,在校學業成績全校排名百分比,學測國文、英文、數學B之級分總和,學測英文級分,學測數學B級分,學測國文級分,英語文學業成績總平均全校排名百分比,數學學業成績總平均全校排名百分比,1、在校學業成績全校排名百分比 2、學測國文、英文、數學B之級分總和 3、學測英文級分 4、學測數學B級分 5、學測國文級分 6、英語文學業成績總平均全校排名百分比 7、數學學業成績總平均全校排名百分比,,,,,,,"1.致力培養兼具科技視野與管理思維的跨域人才，課程結合理論與實務，涵蓋創新管理、科技應用、ESG等領域，讓學生具備面對數位轉型與全球競爭的能力。透過專題實作與跨域學習，培養創意思考、團隊協作與解決問題的能力，畢業後可在企業管理、科技產業、創業發展等領域發揮所長，成為引領未來的關鍵力量。
2.本系網頁:https://www.ncyu.edu.tw/dtm,連絡電話:05-2732872。"
10013,國立嘉義大學,行銷與觀光管理學系,第一類學群,7,7,1,7,0,底標,0,0,0,0,0,在校學業成績全校排名百分比,學測英文級分,學測國文級分,學測數學B級分,英語文學業成績總平均全校排名百分比,國語文學業成績總平均全校排名百分比,數學學業成績總平均全校排名百分比,1、在校學業成績全校排名百分比 2、學測英文級分 3、學測國文級分 4、學測數學B級分 5、英語文學業成績總平均全校排名百分比 6、國語文學業成績總平均全校排名百分比 7、數學學業成績總平均全校排名百分比,,,,,,,本系以行銷管理及觀光兩大領域為發展主軸，課程設計包含通識教育課程、系專業必修及主修學程三大領域，希望透過課程整合設計，培育學生在理論與實務上兼具行銷與觀光雙領域專長，達到以專業商管知能、雙專長及具備創新能力為競爭優勢三角鼎的目標。本系網址https://www.mtm.ncyu.edu.tw/，聯絡電話：05-2732823。
10014,國立嘉義大學,財務金融學系,第一類學群,8,7,2,7,0,均標,0,均標,0,0,0,在校學業成績全校排名百分比,學測數學B級分,學測英文級分,學測國文級分,數學學業成績總平均全校排名百分比,英語文學業成績總平均全校排名百分比,國語文學業成績總平均全校排名百分比,1、在校學業成績全校排名百分比 2、學測數學B級分 3、學測英文級分 4、學測國文級分 5、數學學業成績總平均全校排名百分比 6、英語文學業成績總平均全校排名百分比 7、國語文學業成績總平均全校排名百分比,,,,,,,"1.本系以培養金融產業專業經理人與一般企業財務經理人為目標，具備財務、經濟、會計及保險等專長之師資，提供多元而完整的課程選擇，支援學生在金融或公司理財的職涯規劃與專業發展。
2.相關資訊請參見本系網址：https://website.ncyu.edu.tw/fin，聯絡電話：05-2732869。"
10015,國立嘉義大學,資訊管理學系,第二類學群,8,5,0,0,0,均標,0,均標,0,0,0,在校學業成績全校排名百分比,學測數學B級分,學測英文級分,學測國文級分,數學學業成績總平均全校排名百分比,英語文學業成績總平均全校排名百分比,國語文學業成績總平均全校排名百分比,1、在校學業成績全校排名百分比 2、學測數學B級分 3、學測英文級分 4、學測國文級分 5、數學學業成績總平均全校排名百分比 6、英語文學業成績總平均全校排名百分比 7、國語文學業成績總平均全校排名百分比,,,,,,,"本系坐落於嘉義市中心，有學士班與碩士班兩種學制，提供美日雙聯、國際化學習機會，以培育管理專業知識和系統應用實務能力兼具之資訊管理人才為目標，課程重視理論與實務的配合，分為資訊管理、資料科學與資訊技術、電子商務與電子化企業，以及金融科技與巨量資料分析學程，設有元宇宙、人工智慧等專業實驗室，輔助同學開發資訊系統專案，學習理論與技術的整合應用。
網址：https://misweb.ncyu.edu.tw/。"
10016,國立嘉義大學,電子物理學系,第二類學群,10,5,1,4,0,均標,均標,0,0,均標,0,在校學業成績全校排名百分比,學測自然級分,學測數學A級分,物理學業成績總平均全校排名百分比,學測英文級分,數學學業成績總平均全校排名百分比,學測國文級分,1、在校學業成績全校排名百分比 2、學測自然級分 3、學測數學A級分 4、物理學業成績總平均全校排名百分比 5、學測英文級分 6、數學學業成績總平均全校排名百分比 7、學測國文級分,,,,,,,"1.本學系以建立學生良好之物理基礎，並規劃光電科學及半導體電子兩領域之學科及結合推動本系之專題研究，以期培養出能解決問題與實際動手能力之人才。自本學系畢業後之專業知識與能力完全符合台灣科學園區高科技人才之需求，並可往物理、光電、電子、電機、材料等研究所繼續深造。
2.本系網址：https://www.ncyu.edu.tw/phys，聯絡電話：05-2717911。"
10017,國立嘉義大學,應用化學系,第二類學群,8,5,1,4,0,均標,0,0,0,均標,0,在校學業成績全校排名百分比,學測英文、自然之級分總和,學測自然級分,學測英文級分,化學學業成績總平均全校排名百分比,英語文學業成績總平均全校排名百分比,學測數學A級分,1、在校學業成績全校排名百分比 2、學測英文、自然之級分總和 3、學測自然級分 4、學測英文級分 5、化學學業成績總平均全校排名百分比 6、英語文學業成績總平均全校排名百分比 7、學測數學A級分,,,,,,,"本系以培養具有優良醫、農藥物合成，材料合成，分析與生化專業能力並具有社會參與及關懷之化學科技人才為
教育主旨。本系鼓勵開放實驗室的概念，鼓勵同學參與教師研究，申請科技部大專生計畫，培養團隊合作之精神
。連絡電話：05-2717899"
10018,國立嘉義大學,應用數學系,第二類學群,10,5,1,4,0,0,均標,0,0,0,0,在校學業成績全校排名百分比,學測數學A級分,數學學業成績總平均全校排名百分比,學測自然級分,物理學業成績總平均全校排名百分比,學測英文級分,英語文學業成績總平均全校排名百分比,1、在校學業成績全校排名百分比 2、學測數學A級分 3、數學學業成績總平均全校排名百分比 4、學測自然級分 5、物理學業成績總平均全校排名百分比 6、學測英文級分 7、英語文學業成績總平均全校排名百分比,,,,,,,本系以培育應用數學相關領域的科技人才為目標，並著重學生獨立思考及理性分析能力的培養，以期讓學生在參與討論及利用計算機解決問題的過程中，探索自己的興趣，領會學理的真實意涵，奠定日後繼續升學或邁入職場的基礎。本系分別建立和計算科學、資訊科學、機率統計等相關的研究團隊，學生畢業後可從事數學或資訊軟體（教具）設計研發、數據分析、生物科技、工業設計、財務分析、品質控制、保險精算及數學教育等工作。若選擇繼續深造，則可報考應用數學、資訊工程、統計學、精算、財務金融、工業工程與管理及數學教育研究所等。本系網址:https://website.ncyu.edu.tw/math/ 電話:05-2717861。
10019,國立嘉義大學,資訊工程學系,第二類學群,15,5,1,4,0,0,均標,0,0,0,0,在校學業成績全校排名百分比,學測國文、英文、數學A之級分總和,學測數學A級分,學測英文級分,學測國文級分,數學學業成績總平均全校排名百分比,英語文學業成績總平均全校排名百分比,1、在校學業成績全校排名百分比 2、學測國文、英文、數學A之級分總和 3、學測數學A級分 4、學測英文級分 5、學測國文級分 6、數學學業成績總平均全校排名百分比 7、英語文學業成績總平均全校排名百分比,,,,,,,1.本系以培養出理論與實務並重，有人文素養及社區關懷情操、具創新及進取精神、能整合應用的資訊科技人才。為配合高科技產業發展，開設三領域專業課程：互動多媒體、軟體工程及知識工程、網路及資訊安全。2.本系網址：https://www.ncyu.edu.tw/csie/，連絡電話：05-2717740
10020,國立嘉義大學,生物機電工程學系,第二類學群,8,5,0,0,0,均標,0,0,0,均標,0,在校學業成績全校排名百分比,學測自然級分,學測數學A級分,學測英文級分,物理學業成績總平均全校排名百分比,數學學業成績總平均全校排名百分比,英語文學業成績總平均全校排名百分比,1、在校學業成績全校排名百分比 2、學測自然級分 3、學測數學A級分 4、學測英文級分 5、物理學業成績總平均全校排名百分比 6、數學學業成績總平均全校排名百分比 7、英語文學業成績總平均全校排名百分比,,,,,,,"本系教學與研究為動力機械工程、系統感測與控制工程、生物材料與生醫工程三大領域，培養學生應用所學於機電系統設計與製造自動化技術生物工程及智慧農業領域等技術之開發。歡迎對數理科目及實作有興趣的同學加入本系。本系提供多項獎學金最高獎助學金3萬元。
連絡電話:05-2717641"
10021,國立嘉義大學,土木與水資源工程學系,第二類學群,10,5,0,0,0,0,0,0,0,後標,0,在校學業成績全校排名百分比,學測自然級分,學測數學A級分,學測英文級分,學測數學A、自然之級分總和,數學學業成績總平均全校排名百分比,物理學業成績總平均全校排名百分比,1、在校學業成績全校排名百分比 2、學測自然級分 3、學測數學A級分 4、學測英文級分 5、學測數學A、自然之級分總和 6、數學學業成績總平均全校排名百分比 7、物理學業成績總平均全校排名百分比,,,,,,,"1.	本系教學目標在使學生具土木與水資源工程領域知識，包括結構工程、工程材料、營建管理、大地工程、水利工程與水土保持工程等，本系在校生及畢業生在於土木水利工程領域高普考錄取率高，業界人才需求量大，期使學生完成專業課程後，具工程規劃、設計、施工管理資專業技能。
2.	本系網址 https://www.ncyu.edu.tw/civil/
3.	聯絡電話 05-271768"
10022,國立嘉義大學,電機工程學系,第二類學群,8,5,1,4,後標,均標,均標,0,0,均標,0,在校學業成績全校排名百分比,學測英文、數學A、自然之級分總和,學測數學A級分,學測英文級分,學測自然級分,數學學業成績總平均全校排名百分比,物理學業成績總平均全校排名百分比,1、在校學業成績全校排名百分比 2、學測英文、數學A、自然之級分總和 3、學測數學A級分 4、學測英文級分 5、學測自然級分 6、數學學業成績總平均全校排名百分比 7、物理學業成績總平均全校排名百分比,,,,,,,
10023,國立嘉義大學,機械與能源工程學系,第二類學群,8,5,2,4,0,0,0,0,0,均標,0,在校學業成績全校排名百分比,學測自然級分,學測數學A級分,學測英文級分,物理學業成績總平均全校排名百分比,數學學業成績總平均全校排名百分比,英語文學業成績總平均全校排名百分比,1、在校學業成績全校排名百分比 2、學測自然級分 3、學測數學A級分 4、學測英文級分 5、物理學業成績總平均全校排名百分比 6、數學學業成績總平均全校排名百分比 7、英語文學業成績總平均全校排名百分比,,,,,,,"1.本系學士班配合國家產業發展需要，以培育機械節能工程人才為目的，在教學上理論與實務並重，以期培育出具有深厚基礎並能實際應用的工程人才。因此學生必須有良好的數學與物理基礎；此領域為世界性尖端科技，學生須有相當程度之英文，以利與全世界人才交流。
2.本系網址:https://website.ncyu.edu.tw/energy/ 連絡電話：05-2717560。"
10024,國立嘉義大學,農藝學系,第三類學群,8,7,1,7,0,0,0,0,0,底標,0,在校學業成績全校排名百分比,學測自然級分,學測國文級分,學測英文級分,學測國文、英文、自然之級分總和,生物學業成績總平均全校排名百分比,英語文學業成績總平均全校排名百分比,1、在校學業成績全校排名百分比 2、學測自然級分 3、學測國文級分 4、學測英文級分 5、學測國文、英文、自然之級分總和 6、生物學業成績總平均全校排名百分比 7、英語文學業成績總平均全校排名百分比,,,,,,,"1.本系網址:https://website.ncyu.edu.tw/agri/
2.本系有農場實習及校外實習，如設施及作物之搬運、栽培及整地等，需具有良好體能與移動能力。
3.本系設有獎學金及獎助學金請領辦法。"
10025,國立嘉義大學,園藝學系,第三類學群,8,7,2,7,0,底標,0,0,0,底標,0,在校學業成績全校排名百分比,學測英文級分,學測自然級分,學測數學A級分,國語文學業成績總平均全校排名百分比,化學學業成績總平均全校排名百分比,生物學業成績總平均全校排名百分比,1、在校學業成績全校排名百分比 2、學測英文級分 3、學測自然級分 4、學測數學A級分 5、國語文學業成績總平均全校排名百分比 6、化學學業成績總平均全校排名百分比 7、生物學業成績總平均全校排名百分比,,,,,,,"1.本系網址https://website.ncyu.edu.tw/hortsci/，連絡電話：05-2717420。
2.課程渉及農場實務、農耕機具操作，花色辨視及育種等精細技術。"
10026,國立嘉義大學,森林暨自然資源學系,第三類學群,7,7,3,7,0,後標,0,0,0,後標,0,在校學業成績全校排名百分比,學測自然級分,學測英文級分,學測國文級分,學測英文、自然之級分總和,生物學業成績總平均全校排名百分比,英語文學業成績總平均全校排名百分比,1、在校學業成績全校排名百分比 2、學測自然級分 3、學測英文級分 4、學測國文級分 5、學測英文、自然之級分總和 6、生物學業成績總平均全校排名百分比 7、英語文學業成績總平均全校排名百分比,,,,,,,"1.本系部分必修課程含實驗與實習課，需具有⾊彩圖形辨識能⼒，良好體能與移動能⼒以為課程學習基礎。
2.本系網址：https://website.ncyu.edu.tw/forestry，聯絡電話：05-2717461。"
10027,國立嘉義大學,木質材料與設計學系,第三類學群,10,7,2,7,0,後標,0,0,0,後標,0,在校學業成績全校排名百分比,學測自然級分,學測英文級分,化學學業成績總平均全校排名百分比,生物學業成績總平均全校排名百分比,物理學業成績總平均全校排名百分比,學測國文級分,1、在校學業成績全校排名百分比 2、學測自然級分 3、學測英文級分 4、化學學業成績總平均全校排名百分比 5、生物學業成績總平均全校排名百分比 6、物理學業成績總平均全校排名百分比 7、學測國文級分,,,,,,,"1.本系主要研究如何善用天然木材資源，在兼顧科技與環保的理念下，應用於家具設計製造、製漿造紙、生活用品、室內設計與裝修，著重木質材料的科學研究與木質產品設計。
2.本系必修課程有實驗室實習、木工機械操作、木工廠實習及專題討論研究等課程，學生須透過親自操作機械與儀器奠定木質材料與木質產品設計製作基礎專業知識與技能，需具有人際互動溝通能力、能控管自身情緒，並須具有相當之視圖、繪圖設計及辨色能力，能充分學習及操作系上之專業設備。
3.本系網址：https://website.ncyu.edu.tw/fps，聯絡電話：05-2717491。"
10028,國立嘉義大學,動物科學系,第三類學群,8,7,2,7,均標,均標,均標,0,0,均標,0,在校學業成績全校排名百分比,學測國文、英文、數學A、自然之級分總和,學測自然級分,學測英文級分,學測國文級分,學測數學A級分,化學學業成績總平均全校排名百分比,1、在校學業成績全校排名百分比 2、學測國文、英文、數學A、自然之級分總和 3、學測自然級分 4、學測英文級分 5、學測國文級分 6、學測數學A級分 7、化學學業成績總平均全校排名百分比,,,,,,,1.本系以培育專業的動物科學及技術人才，使能擔負動物飼養管理、品種改良、動物產品研發產銷及利用之實務。2.實際操作為本系實務學習之重點，本系必修之動物場實習課程，如：牛隻削蹄、豬之去勢與結紮、動物廢棄物之處理等內容，需具有良好體能及移動能力。本系必修之動物解剖生理學實習課程，需具有相當之視覺功能，以觀測、辨識圖像或影像，來進行實際操作。 3.在學期間(二下及三上學期)會安排至動物試驗場進行實作實習。4.本系網址：https://www.ncyu.edu.tw/ans/。
10029,國立嘉義大學,農業生物科技學系,第三類學群,12,7,2,7,0,後標,0,0,0,均標,0,在校學業成績全校排名百分比,學測自然級分,學測英文級分,學測國文級分,化學學業成績總平均全校排名百分比,英語文學業成績總平均全校排名百分比,國語文學業成績總平均全校排名百分比,1、在校學業成績全校排名百分比 2、學測自然級分 3、學測英文級分 4、學測國文級分 5、化學學業成績總平均全校排名百分比 6、英語文學業成績總平均全校排名百分比 7、國語文學業成績總平均全校排名百分比,,,,,,,"1.本系希望招收對植物、動物、微生物等生物科技有興趣之學生。
2.本系教學研究著重於整合分子生物、生物技術、和農業科技等知識，發展農業生物技術；培養具有生命和農業
科學素養，整合生物科技、作物科學、實驗動物和微生物等跨領域能力、應用生物技術於新農業。
3.本系實驗課程包括顯微鏡使用、觀察、染色及田間實作，學生須具良好視力及行動能力。
4.本系網址https://www.ncyu.edu.tw/bioagriculture/；連絡電話:(05)271-7750；聯絡人:何一正主任"
10030,國立嘉義大學,景觀學系,第三類學群,8,7,2,7,後標,後標,0,0,0,0,0,在校學業成績全校排名百分比,學測國文、英文、社會、自然之級分總和,學測國文級分,學測自然級分,學測社會級分,國語文學業成績總平均全校排名百分比,英語文學業成績總平均全校排名百分比,1、在校學業成績全校排名百分比 2、學測國文、英文、社會、自然之級分總和 3、學測國文級分 4、學測自然級分 5、學測社會級分 6、國語文學業成績總平均全校排名百分比 7、英語文學業成績總平均全校排名百分比,,,,,,,"1.本系以培養景觀理論與實務整合之人才，培養學生具農村規劃、城鄉規劃、社區營
造、都市設計等跨領域能力。
2.本系須至戶外田野調查、觀察色彩，須具備良好移動能力、美學及辨色能力。
3.本系網址: https://website.ncyu.edu.tw/landscape/，聯絡電話：05-2717632。"
10031,國立嘉義大學,植物醫學系,第三類學群,8,7,2,7,0,0,0,0,0,底標,0,在校學業成績全校排名百分比,學測國文、英文、自然之級分總和,學測自然級分,學測英文級分,生物學業成績總平均全校排名百分比,英語文學業成績總平均全校排名百分比,化學學業成績總平均全校排名百分比,1、在校學業成績全校排名百分比 2、學測國文、英文、自然之級分總和 3、學測自然級分 4、學測英文級分 5、生物學業成績總平均全校排名百分比 6、英語文學業成績總平均全校排名百分比 7、化學學業成績總平均全校排名百分比,,,,,,,"1.本系為植物醫學相關學系，學習課程需與農民直接互動的特性，學生須具備一定的觀察力，現場診斷時能即時正確的提供協助；在學期間須使用顯微鏡、色彩與病徵判定，才能正確診斷；因此須具備相當之視覺、辯色能力、聽覺功能；田間診斷結果必須具備口語正確表達能力之人員。
2.本系網址https://website.ncyu.edu.tw/dpm/ ，連絡電話05-2717450。"
10032,國立嘉義大學,食品科學系,第三類學群,8,7,2,7,0,0,0,0,0,後標,0,在校學業成績全校排名百分比,化學學業成績總平均全校排名百分比,學測自然級分,英語文學業成績總平均全校排名百分比,學測英文級分,生物學業成績總平均全校排名百分比,數學學業成績總平均全校排名百分比,1、在校學業成績全校排名百分比 2、化學學業成績總平均全校排名百分比 3、學測自然級分 4、英語文學業成績總平均全校排名百分比 5、學測英文級分 6、生物學業成績總平均全校排名百分比 7、數學學業成績總平均全校排名百分比,,,,,,,1、本系以培養對食品科學與營養生技有興趣之學生為目標。2、本系教學及研究著重於新穎食品之開發及加工技術之創新，以提升食品產業(如高齡友善食品，寵物食品等領域)之競爭力。3、操作實驗（實習）為本系學習重點，學生均需透過親自操作儀器（或其他各項器具、設備），奠定基本專業知識與實驗（作）技能，部分操作須透過色彩判定實驗（作）結果。儀器、設備之操作具有一定危險性，需有能力即時移動身軀遠離危險現場。4、系所網址：https://website.ncyu.edu.tw/fst/，聯絡電話：05-2717591-2。
10033,國立嘉義大學,水生生物科學系,第三類學群,8,7,2,7,0,0,0,0,0,均標,0,在校學業成績全校排名百分比,學測英文級分,學測自然級分,英語文學業成績總平均全校排名百分比,生物學業成績總平均全校排名百分比,化學學業成績總平均全校排名百分比,國語文學業成績總平均全校排名百分比,1、在校學業成績全校排名百分比 2、學測英文級分 3、學測自然級分 4、英語文學業成績總平均全校排名百分比 5、生物學業成績總平均全校排名百分比 6、化學學業成績總平均全校排名百分比 7、國語文學業成績總平均全校排名百分比,,,,,,,"1.本系課程涵蓋基礎生物及現代養殖技術之領域課程。內容包括水生生物培育知識與實作，及環境調查分析等戶外實驗。歡迎對水產生物培育、水生生物研究及水域環境調查有興趣之同學加入本系。
2.本系網址：https://website.ncyu.edu.tw/aquabio/，聯絡電話：05-2717840。"
10034,國立嘉義大學,生物資源學系,第三類學群,8,7,2,7,0,後標,0,0,0,均標,0,在校學業成績全校排名百分比,學測自然級分,學測英文、自然之級分總和,學測英文級分,生物學業成績總平均全校排名百分比,英語文學業成績總平均全校排名百分比,國語文學業成績總平均全校排名百分比,1、在校學業成績全校排名百分比 2、學測自然級分 3、學測英文、自然之級分總和 4、學測英文級分 5、生物學業成績總平均全校排名百分比 6、英語文學業成績總平均全校排名百分比 7、國語文學業成績總平均全校排名百分比,,,,,,,"1.本系網址：https://www.ncyu.edu.tw/biors/，聯絡電話：05-2717811。
2.人才培育目標：教導學生明瞭生物多樣性及生物與環境的關係，探索生物資源的保育與永續利用方式，同時連結各類生態產業的應用。
3.課程設計兼顧基礎生物學、生物多樣性保育、生態產業，以及環境教育推廣，並提供學生校外實習學分、職涯探索講座，以落實學用合一精神與符合社會發展需求。
4.本系有許多物種鑑定與田野調查等實際操作課程，適合喜愛接觸動植物及有志於從事自然生態工作者就讀。"
10035,國立嘉義大學,生化科技學系,第三類學群,8,7,2,7,底標,底標,0,0,0,後標,0,在校學業成績全校排名百分比,學測自然級分,學測英文級分,學測英文、自然之級分總和,化學學業成績總平均全校排名百分比,生物學業成績總平均全校排名百分比,學測國文級分,1、在校學業成績全校排名百分比 2、學測自然級分 3、學測英文級分 4、學測英文、自然之級分總和 5、化學學業成績總平均全校排名百分比 6、生物學業成績總平均全校排名百分比 7、學測國文級分,,,,,,,"本系學習方向分為“醫學科學”與“生化科技”兩大領域，在臨床醫學、生醫材料、藥物劑型、蛋白質技術、
流行病學、質譜學等專業領域設計相關課程，並邀請中研院、國衛院和衛福部國家中藥研究所專家學者擔任本
系兼任或合聘教授。本系學生除了實驗室學習外，還能藉由業界或國外知名機構實習的機會，促進學生與醫藥
產業連結。本系網址:https://website.ncyu.edu.tw/biotech/"
10036,國立嘉義大學,微生物免疫與生物藥學系,第三類學群,8,7,1,7,後標,後標,0,0,0,均標,0,在校學業成績全校排名百分比,學測英文、自然之級分總和,學測自然級分,學測英文級分,化學學業成績總平均全校排名百分比,生物學業成績總平均全校排名百分比,英語文學業成績總平均全校排名百分比,1、在校學業成績全校排名百分比 2、學測英文、自然之級分總和 3、學測自然級分 4、學測英文級分 5、化學學業成績總平均全校排名百分比 6、生物學業成績總平均全校排名百分比 7、英語文學業成績總平均全校排名百分比,,,,,,,"本系特色、課程、升學就業及師資陣容，請詳見網址：https://www.ncyu.edu.tw/apmicro
聯絡電話：05-2717830。"
10037,國立嘉義大學,獸醫學系,第三類學群,8,7,3,7,均標,前標,前標,0,0,前標,0,在校學業成績全校排名百分比,學測自然級分,學測英文級分,學測數學A級分,生物學業成績總平均全校排名百分比,英語文學業成績總平均全校排名百分比,化學學業成績總平均全校排名百分比,1、在校學業成績全校排名百分比 2、學測自然級分 3、學測英文級分 4、學測數學A級分 5、生物學業成績總平均全校排名百分比 6、英語文學業成績總平均全校排名百分比 7、化學學業成績總平均全校排名百分比,,,,,,,"一、本系修業年限5年，須修畢大一至大四專業必修科目，始得修習大五「診療實習」與「臨床討論」。
二、本系為醫療相關學系，學生須學習動物醫學專業知識、醫療技能與人文素養。實習涵蓋動物保定、病症判定、影像與實驗檢測之色彩判讀、病體解剖、住院動物照護及與畜主溝通等，且以分組合作方式進行，故須具有良好的肢體與感官功能，並須具備人際互動、溝通協調及情緒控管能力。
三、聯絡電話：05-2732918。"
10038,國立嘉義大學,視覺藝術學系,第五類學群,5,1,1,1,後標,底標,0,0,0,0,0,在校學業成績全校排名百分比,美術學業成績總平均全校排名百分比,術科考試素描分數,術科考試彩繪技法分數,術科考試創意表現分數,學測國文級分,學測英文級分,1、在校學業成績全校排名百分比 2、美術學業成績總平均全校排名百分比 3、術科考試素描分數 4、術科考試彩繪技法分數 5、術科考試創意表現分數 6、學測國文級分 7、學測英文級分,素描:後標；彩繪技法:--；創意表現:--；水墨書畫:--；美術鑑賞:--,,,,,,"1、本系特色、課程、升學、就業及師資陣容請詳見網址https://www.ncyu.edu.tw/art/，聯絡電話：05-2068565 2、本系為培養藝術創作、設計與藝術理論專業人才的學系，本系分為三個學程(中西繪畫學程、應用藝術學程 、電腦藝術與設計學程)，以增進學生在藝術創作、設計、藝術教育與藝術理論的知能，著重傳統藝術媒材與數位媒體之互補，以提昇學生升學與就業之競爭力。
3、學生透過參加本校師資培育中心舉辦之教育學程甄試，可修習中、小教育學程。"
10101,國立高雄大學,西洋語文學系,第一類學群,10,13,2,8,0,均標,0,0,0,0,0,在校學業成績全校排名百分比,學測英文級分,英語文學業成績總平均全校排名百分比,學測國文級分,國語文學業成績總平均全校排名百分比,學測社會級分,公民與社會學業成績總平均全校排名百分比,1、在校學業成績全校排名百分比 2、學測英文級分 3、英語文學業成績總平均全校排名百分比 4、學測國文級分 5、國語文學業成績總平均全校排名百分比 6、學測社會級分 7、公民與社會學業成績總平均全校排名百分比,,,,,,,"本系育才目標：(1)藉由語言課程訓練學生聽說讀寫等語言溝通及表達技巧。(2)藉由文學、文化及語言學課程，
加強學生對西洋文化及語言學等專業領域之認識，強化學生升學的競爭力。(3)藉由與語文相結合之實用選修課
程，培養學生就業之競爭力。電話：(07)591-9262，網址：https://dowell.nuk.edu.tw/"
10102,國立高雄大學,運動健康與休閒學系,第一類學群,8,13,0,0,後標,後標,0,0,0,0,0,在校學業成績全校排名百分比,學測國文、英文之級分總和,學測英文級分,學測國文級分,英語文學業成績總平均全校排名百分比,國語文學業成績總平均全校排名百分比,學測社會級分,1、在校學業成績全校排名百分比 2、學測國文、英文之級分總和 3、學測英文級分 4、學測國文級分 5、英語文學業成績總平均全校排名百分比 6、國語文學業成績總平均全校排名百分比 7、學測社會級分,,,,,,,本學系融合運動、健康及休閒等專業知識，目標在培養具健康知能之運動指導、休閒規劃與管理專才；亦設有運動防護員考試認證課程。本系聘用師資均為國家級運動專才、醫學院博士及休閒管理博士，歡迎有志學子加入。本系網址:http://dkhl.nuk.edu.tw；系辦電話：07-5919267。
10103,國立高雄大學,東亞語文學系日語組,第一類學群,2,13,0,0,均標,均標,0,0,均標,0,0,在校學業成績全校排名百分比,學測英文級分,英語文學業成績總平均全校排名百分比,學測國文級分,國語文學業成績總平均全校排名百分比,學測社會級分,公民與社會學業成績總平均全校排名百分比,1、在校學業成績全校排名百分比 2、學測英文級分 3、英語文學業成績總平均全校排名百分比 4、學測國文級分 5、國語文學業成績總平均全校排名百分比 6、學測社會級分 7、公民與社會學業成績總平均全校排名百分比,,,,,,,"1.本系課程設計兼蓄語文及社會兩大學群的知識體系，以語文為主軸，社會科學為輔，期培育國內外公司部門所需之理論學養與外語能力兼備之國際事務涉外專業人才。
2.本系學生需赴海外姊妹校留學一學期以上；本系具實習課程規劃。
3.學生畢業時需取得日語能力檢定考試(JLPT)N1合格。
4.聯絡電話：07-5919761；網址：http://deal.nuk.edu.tw/"
10104,國立高雄大學,東亞語文學系韓語組,第一類學群,2,13,0,0,均標,均標,0,0,均標,0,0,在校學業成績全校排名百分比,學測英文級分,英語文學業成績總平均全校排名百分比,學測國文級分,國語文學業成績總平均全校排名百分比,學測社會級分,公民與社會學業成績總平均全校排名百分比,1、在校學業成績全校排名百分比 2、學測英文級分 3、英語文學業成績總平均全校排名百分比 4、學測國文級分 5、國語文學業成績總平均全校排名百分比 6、學測社會級分 7、公民與社會學業成績總平均全校排名百分比,,,,,,,"1.本系課程設計兼蓄語文及社會兩大學群的知識體系，以語文為主軸，社會科學為輔，期培育國內外公司部門所需之理論學養與外語能力兼備之國際事務涉外專業人才。
2.本系學生需赴海外姊妹校留學一學期以上；本系具實習課程規劃。
3.學生畢業時需取得韓語能力檢定考試(TOPIK)五級合格。
4.聯絡電話：07-5919761；網址：http://deal.nuk.edu.tw/"
10105,國立高雄大學,東亞語文學系越語組,第一類學群,2,13,0,0,均標,均標,0,0,均標,0,0,在校學業成績全校排名百分比,學測英文級分,英語文學業成績總平均全校排名百分比,學測國文級分,國語文學業成績總平均全校排名百分比,學測社會級分,公民與社會學業成績總平均全校排名百分比,1、在校學業成績全校排名百分比 2、學測英文級分 3、英語文學業成績總平均全校排名百分比 4、學測國文級分 5、國語文學業成績總平均全校排名百分比 6、學測社會級分 7、公民與社會學業成績總平均全校排名百分比,,,,,,,"1.本系課程設計兼蓄語文及社會兩大學群的知識體系，以語文為主軸，社會科學為輔，期培育國內外公司部門所需之理論學養與外語能力兼備之國際事務涉外專業人才。
2.本系學生需赴海外姊妹校留學一學期以上；本系具實習課程規劃。
3.學生畢業時需取得越南語文能力檢定考試（VLT）C1級合格、「國際越南語認證」(iVPT)B2級合格或越南大學舉辦之越南語能力檢定B2級合格。
4.聯絡電話：07-5919761；網址：http://deal.nuk.edu.tw/"
10106,國立高雄大學,法律學系,第一類學群,8,13,0,0,均標,均標,0,0,均標,0,0,在校學業成績全校排名百分比,學測國文級分,學測英文級分,學測社會級分,國語文學業成績總平均全校排名百分比,英語文學業成績總平均全校排名百分比,公民與社會學業成績總平均全校排名百分比,1、在校學業成績全校排名百分比 2、學測國文級分 3、學測英文級分 4、學測社會級分 5、國語文學業成績總平均全校排名百分比 6、英語文學業成績總平均全校排名百分比 7、公民與社會學業成績總平均全校排名百分比,,,,,,,"1.本系成立宗旨為培養專業法律領域人才，因此本於教育之理念，本系教學以傳統法學教育方式奠立根基並配合特別法及實務運作，引導學生培養法律邏輯思維，主動積極學習、自主思考的習慣與態度。
2.課程規劃：必修學分88學分，選修28學分，校定必修及通識課程32學分，畢業總學分148學分。
3.本系網址：http://law.nuk.edu.tw/，聯絡電話：07-5919549。"
10107,國立高雄大學,政治法律學系,第一類學群,10,13,2,8,均標,均標,0,0,均標,0,0,在校學業成績全校排名百分比,學測國文、英文、社會之級分總和,學測英文級分,學測國文級分,學測社會級分,公民與社會學業成績總平均全校排名百分比,國語文學業成績總平均全校排名百分比,1、在校學業成績全校排名百分比 2、學測國文、英文、社會之級分總和 3、學測英文級分 4、學測國文級分 5、學測社會級分 6、公民與社會學業成績總平均全校排名百分比 7、國語文學業成績總平均全校排名百分比,,,,,,,"本系強調政治學與法學(尤重公法)，旨在培育兼具政治與法律素養之人才，為國內極具特色之系所。
畢業生就業管道，除參加律師、司法官考試及高普考，從事司法工作及政府公職外，也可選擇擔任立法助理，或
從事民間之法務、行政等工作。電話：07-5919293。"
10108,國立高雄大學,財經法律學系,第一類學群,8,13,1,8,前標,均標,0,均標,均標,0,0,在校學業成績全校排名百分比,學測國文級分,學測英文級分,學測數學B級分,學測社會級分,國語文學業成績總平均全校排名百分比,英語文學業成績總平均全校排名百分比,1、在校學業成績全校排名百分比 2、學測國文級分 3、學測英文級分 4、學測數學B級分 5、學測社會級分 6、國語文學業成績總平均全校排名百分比 7、英語文學業成績總平均全校排名百分比,,,,,,,"財經法律學系除傳統的基礎法學教育外，將特別著重財經法學教育，以培養財經法律專業人才。本系畢業生可參加司法官、律師、金融法制人員、公證人等之國家考試及在金融工商界擔任法務人員。財經法律學系網址:
http://lawyuan.nuk.edu.tw:8083/電話:(07)591-9299"
10109,國立高雄大學,應用經濟學系,第一類學群,9,13,1,8,均標,均標,均標,前標,0,0,0,在校學業成績全校排名百分比,學測國文、英文之級分總和,數學學業成績總平均全校排名百分比,學測英文級分,學測國文級分,英語文學業成績總平均全校排名百分比,國語文學業成績總平均全校排名百分比,1、在校學業成績全校排名百分比 2、學測國文、英文之級分總和 3、數學學業成績總平均全校排名百分比 4、學測英文級分 5、學測國文級分 6、英語文學業成績總平均全校排名百分比 7、國語文學業成績總平均全校排名百分比,,,,,,,本系強調理論與實務的結合，加強培養學生敏銳的經濟知覺與嚴謹的分析方法，使學生養成對社會、經濟與管理問題的關懷。為因應國內外科技產業結構變化、金融多樣化、經貿全球化及人口高齡化之經濟社會永續發展趨勢，本系目前教學研究重點主要有「產業組織與金融市場」、「公共議題與經濟政策」等二大領域。部分課程為全英語授課。若有疑問請洽07-5919318或e-mail:econ@nuk.edu.tw；本系網址: https://econ.nuk.edu.tw/。
10110,國立高雄大學,亞太工商管理學系企業管理組,第一類學群,8,13,1,8,均標,均標,0,0,0,0,0,在校學業成績全校排名百分比,學測國文、英文、數學B之級分總和,學測英文級分,學測數學B級分,英語文學業成績總平均全校排名百分比,數學學業成績總平均全校排名百分比,國語文學業成績總平均全校排名百分比,1、在校學業成績全校排名百分比 2、學測國文、英文、數學B之級分總和 3、學測英文級分 4、學測數學B級分 5、英語文學業成績總平均全校排名百分比 6、數學學業成績總平均全校排名百分比 7、國語文學業成績總平均全校排名百分比,,,,,,,"亞太工商管理學系的設立係培育具有紀律、創新及前瞻性的亞太區域企業管理領導人才。除了培育我國產業轉
型升級及台商海外投資所需的的人才外,並支援我國新興產業之發展需要,課程設計著重在整合工程技術與管理專
業能力的境教學習與陶養。本系網址:https://apibm.nuk.edu.tw/,聯絡電話:07-5919429。"
10111,國立高雄大學,資訊管理學系,第一類學群,13,13,3,8,均標,均標,均標,均標,0,0,0,在校學業成績全校排名百分比,學測英文級分,學測國文級分,英語文學業成績總平均全校排名百分比,數學學業成績總平均全校排名百分比,國語文學業成績總平均全校排名百分比,資訊科技學業成績總平均全校排名百分比,1、在校學業成績全校排名百分比 2、學測英文級分 3、學測國文級分 4、英語文學業成績總平均全校排名百分比 5、數學學業成績總平均全校排名百分比 6、國語文學業成績總平均全校排名百分比 7、資訊科技學業成績總平均全校排名百分比,,,,,,,本系培育具資訊科技與創新應用能力的人才，教學內容包括資訊技術與資訊管理兩方面，課程涵蓋 AI、大數據、雲端、IoT、資安、數位轉型與商業模式創新。畢業生廣受國際品牌、上市櫃公司、政府與新創企業青睞，活躍於 AI 應用、智慧產業、金融科技與創新服務等熱門領域。
10112,國立高雄大學,財務金融學系,第一類學群,9,13,2,8,均標,均標,0,均標,均標,0,0,在校學業成績全校排名百分比,學測英文級分,學測數學B級分,學測國文級分,英語文學業成績總平均全校排名百分比,數學學業成績總平均全校排名百分比,國語文學業成績總平均全校排名百分比,1、在校學業成績全校排名百分比 2、學測英文級分 3、學測數學B級分 4、學測國文級分 5、英語文學業成績總平均全校排名百分比 6、數學學業成績總平均全校排名百分比 7、國語文學業成績總平均全校排名百分比,,,,,,,"本系以培育理論與實務兼具的專業財務金融管理人才為目標，藉由各財務金融領域的研究，探討包括財金政策、
證券暨金融市場之管理與發展、公司財務決策與管理、投資決策與管理、財務風險管理、金融機構管理、金融科
技、綠色金融、以及多國企業財務管理等相關課題。本系提供紮實基礎理論課程、多元應用選修課程、實習機會
與海外交換計畫，以加強學生分析及解決問題的能力，並培養國際視野，進而提升未來職場的競爭力。本系網址
: https://fin.nuk.edu.tw/，電話(07)591-9331，Email: fin@nuk.edu.tw。"
10113,國立高雄大學,工藝與創意設計學系,第一類學群,8,13,1,8,後標,後標,0,0,後標,0,0,在校學業成績全校排名百分比,學測國文級分,學測社會級分,學測英文級分,公民與社會學業成績總平均全校排名百分比,歷史學業成績總平均全校排名百分比,地球科學學業成績總平均全校排名百分比,1、在校學業成績全校排名百分比 2、學測國文級分 3、學測社會級分 4、學測英文級分 5、公民與社會學業成績總平均全校排名百分比 6、歷史學業成績總平均全校排名百分比 7、地球科學學業成績總平均全校排名百分比,,,,,,,"1.本系課程包含理論及實作課程，需具備色彩鑑別能力與輔助機械操作、學習能力。
本系以培養創新設計整合人才為目標。以木質、金屬、陶瓷、漆藝等工藝之學習、研究為基礎底蘊，結合紋樣
設計、數位媒體技術，CAD/CAM等3D創新產品設計技術為應用，接軌現代產業技術，學用並重之現代文創產業實踐人才。電話07-5919271。
2.歡迎一般生報考。"
10114,國立高雄大學,亞太工商管理學系工業管理組,第二類學群,8,10,1,6,均標,0,0,0,0,0,0,在校學業成績全校排名百分比,學測國文、英文、數學A之級分總和,學測數學A級分,學測英文級分,數學學業成績總平均全校排名百分比,英語文學業成績總平均全校排名百分比,國語文學業成績總平均全校排名百分比,1、在校學業成績全校排名百分比 2、學測國文、英文、數學A之級分總和 3、學測數學A級分 4、學測英文級分 5、數學學業成績總平均全校排名百分比 6、英語文學業成績總平均全校排名百分比 7、國語文學業成績總平均全校排名百分比,,,,,,,"亞太工商管理學系的設立係培育具有紀律、創新及前瞻性的亞太區域工業管理與領導人才。除了培育我國產業
轉型升級及台商海外投資所需的的人才外,並支援我國新興產業之發展需要,課程設計著重在整合工程技術與管理
專業能力的境教學習與陶養。本系網址:https://apibm.nuk.edu.tw/,聯絡電話:07-5919429。"
10115,國立高雄大學,應用數學系,第二類學群,9,10,0,0,均標,0,均標,0,0,均標,0,在校學業成績全校排名百分比,學測數學A級分,學測自然級分,學測國文級分,數學學業成績總平均全校排名百分比,物理學業成績總平均全校排名百分比,學測英文級分,1、在校學業成績全校排名百分比 2、學測數學A級分 3、學測自然級分 4、學測國文級分 5、數學學業成績總平均全校排名百分比 6、物理學業成績總平均全校排名百分比 7、學測英文級分,,,,,,,本系發展著重科學計算、組合數學、數據科學及機率與統計。本系設有電腦教室、科學計算實驗室及3D列印數位教室。教師研究成果優良，均執行國科會或教育部計畫，教學認真，與學生互動良好。目前畢業生中有超過七成同學進入國立大學研究深造。本系網址：https://math.nuk.edu.tw。
10116,國立高雄大學,應用化學系,第二類學群,8,10,0,0,0,均標,均標,0,0,均標,0,在校學業成績全校排名百分比,學測英文、數學A、自然之級分總和,學測自然級分,學測數學A級分,學測英文級分,化學學業成績總平均全校排名百分比,物理學業成績總平均全校排名百分比,1、在校學業成績全校排名百分比 2、學測英文、數學A、自然之級分總和 3、學測自然級分 4、學測數學A級分 5、學測英文級分 6、化學學業成績總平均全校排名百分比 7、物理學業成績總平均全校排名百分比,,,,,,,"本系實驗課程需親自且獨立操作,部分實驗需透過色彩判定結果。
本系特色為教學與研究並重，並與產業應用緊密結合，給予學生完整的化學訓練和跨領域學習，且具宏遠的國
際觀。為培養學生化學專業知識之外，本系具備半導體光電製程學程、材料分析和先進材料製備學程之專業學程,且啟動與台積電合作之「台積電半導體學程」人才培育計畫。(聯絡電話:07-591-9349,系網:http://chem.nuk.edu.tw/main.php)"
10117,國立高雄大學,應用物理學系,第二類學群,10,10,2,6,0,均標,均標,0,0,均標,0,在校學業成績全校排名百分比,學測自然級分,學測數學A級分,學測英文級分,物理學業成績總平均全校排名百分比,數學學業成績總平均全校排名百分比,學測英文、數學A、自然之級分總和,1、在校學業成績全校排名百分比 2、學測自然級分 3、學測數學A級分 4、學測英文級分 5、物理學業成績總平均全校排名百分比 6、數學學業成績總平均全校排名百分比 7、學測英文、數學A、自然之級分總和,,,,,,,"本系培養學生物理學識，著重材料科學、元件物理與科技應用，依國家重點科技強化奈米光電與固態材料兩大
領域，教師首重學術研究並加強產學合作，透過專題實作與業界實習培育現代科技產業人才，對學術研究與科
技產業提升有實質貢獻。網址http://ap.nuk.edu.tw電話：07-5919354~6"
10118,國立高雄大學,電機工程學系,第二類學群,19,10,5,6,0,均標,均標,0,0,均標,0,在校學業成績全校排名百分比,學測數學A級分,學測自然級分,學測英文級分,數學學業成績總平均全校排名百分比,物理學業成績總平均全校排名百分比,英語文學業成績總平均全校排名百分比,1、在校學業成績全校排名百分比 2、學測數學A級分 3、學測自然級分 4、學測英文級分 5、數學學業成績總平均全校排名百分比 6、物理學業成績總平均全校排名百分比 7、英語文學業成績總平均全校排名百分比,,,,,,,"電機工程學系致力培養電資領域高科技人才，教學及研究規劃光電、微電子、通訊及計算機四大領域，配合完
善之課程規劃、教師之專注投入，期使同學畢業後能成為獨當一面之電機人。歡迎您的加入。
系網：https://ee.nuk.edu.tw/ ，聯絡電話：(07)591-9372"
10119,國立高雄大學,土木與環境工程學系土木工程組,第二類學群,4,10,1,6,均標,0,均標,0,0,均標,0,在校學業成績全校排名百分比,學測國文、數學A、自然之級分總和,英語文學業成績總平均全校排名百分比,地球科學學業成績總平均全校排名百分比,學測自然級分,學測數學A級分,學測英文級分,1、在校學業成績全校排名百分比 2、學測國文、數學A、自然之級分總和 3、英語文學業成績總平均全校排名百分比 4、地球科學學業成績總平均全校排名百分比 5、學測自然級分 6、學測數學A級分 7、學測英文級分,,,,,,,"本系為全國首創整合土木與環境工程兩大學門，旨在推動科技防災監測、污染防制與復育、綠色工程材料以及系
統工程管理等領域的發展。此外，考量全球趨勢，本系也新增了「能源永續」和「智慧優化」等專業領域。透過
整合土木與環境工程的尖端技術研發以及傳統技術的更新，本系致力於提供支援，並積極推動解決日益複雜的挑
戰。"
10120,國立高雄大學,土木與環境工程學系環境工程組,第二類學群,5,10,0,0,均標,0,均標,0,0,均標,0,在校學業成績全校排名百分比,學測國文、數學A、自然之級分總和,英語文學業成績總平均全校排名百分比,地球科學學業成績總平均全校排名百分比,學測自然級分,學測數學A級分,學測英文級分,1、在校學業成績全校排名百分比 2、學測國文、數學A、自然之級分總和 3、英語文學業成績總平均全校排名百分比 4、地球科學學業成績總平均全校排名百分比 5、學測自然級分 6、學測數學A級分 7、學測英文級分,,,,,,,"本系為全國首創整合土木與環境工程兩大學門，旨在推動科技防災監測、污染防制與復育、綠色工程材料以及系
統工程管理等領域的發展。此外，考量全球趨勢，本系也新增了「能源永續」和「智慧優化」等專業領域。透過
整合土木與環境工程的尖端技術研發以及傳統技術的更新，本系致力於提供支援，並積極推動解決日益複雜的挑
戰。"
10121,國立高雄大學,化學工程及材料工程學系,第二類學群,10,10,1,6,均標,均標,均標,0,0,均標,0,在校學業成績全校排名百分比,學測自然級分,學測數學A級分,學測英文級分,國語文學業成績總平均全校排名百分比,化學學業成績總平均全校排名百分比,數學學業成績總平均全校排名百分比,1、在校學業成績全校排名百分比 2、學測自然級分 3、學測數學A級分 4、學測英文級分 5、國語文學業成績總平均全校排名百分比 6、化學學業成績總平均全校排名百分比 7、數學學業成績總平均全校排名百分比,,,,,,,"一、本系為化工與材料系之整合或跨域學系，著重培育學生同時具備化工與材料專長，及具備研究創新的能力。
學生畢業後將能在高科技中發揮所長。
二、本系之發展重點為：(一)尖端功能性材料、(二)奈米與分子工程、(三)生醫工程及材料。
三、本系課程內容設計具有使用顯微鏡、色彩判定等實驗操作，因此學生必須具有相當視覺功能。
四、歡迎有志學子加入，系網：//cme.nuk.edu.tw/，聯絡電話：07-5919276。"
10122,國立高雄大學,資訊工程學系,第二類學群,9,10,0,0,0,均標,均標,0,0,均標,0,在校學業成績全校排名百分比,數學學業成績總平均全校排名百分比,物理學業成績總平均全校排名百分比,英語文學業成績總平均全校排名百分比,學測數學A級分,學測自然級分,學測英文級分,1、在校學業成績全校排名百分比 2、數學學業成績總平均全校排名百分比 3、物理學業成績總平均全校排名百分比 4、英語文學業成績總平均全校排名百分比 5、學測數學A級分 6、學測自然級分 7、學測英文級分,,,,,,,
10123,國立高雄大學,建築學系,第二類學群,6,10,1,6,均標,均標,底標,0,0,0,0,在校學業成績全校排名百分比,學測國文級分,學測英文級分,學測數學A級分,國語文學業成績總平均全校排名百分比,英語文學業成績總平均全校排名百分比,數學學業成績總平均全校排名百分比,1、在校學業成績全校排名百分比 2、學測國文級分 3、學測英文級分 4、學測數學A級分 5、國語文學業成績總平均全校排名百分比 6、英語文學業成績總平均全校排名百分比 7、數學學業成績總平均全校排名百分比,,,,,,,(一)本校開設建築學門基礎課程，以培養具有永續建築、工程科學、社會關懷和文化素養等能力的建築專業工作者為辦學目標。(二)本系課程包含實作課程，基於考量實務操作判斷之需要，學生需具備視覺、辨別顏色能力及個人安全維護能力。(三)聯絡電話：07-5919387。
10124,國立高雄大學,生命科學系,第三類學群,8,1,1,1,0,後標,後標,0,0,均標,0,在校學業成績全校排名百分比,學測自然級分,學測英文級分,學測數學A級分,生物學業成績總平均全校排名百分比,化學學業成績總平均全校排名百分比,英語文學業成績總平均全校排名百分比,1、在校學業成績全校排名百分比 2、學測自然級分 3、學測英文級分 4、學測數學A級分 5、生物學業成績總平均全校排名百分比 6、化學學業成績總平均全校排名百分比 7、英語文學業成績總平均全校排名百分比,,,,,,,(一)本系的研究方向包括：動物科技學群：致力於生物醫學與疫苗開發、動物病原檢測及防治、動物發育及生殖生理研究、藥物開發、生態環境與生物多樣性資源永續利用。植物暨微生物科技學群：致力於植物逆境生理、植物訊息傳遞、藥用植物與海洋天然物開發、酵素及抗菌活性物質研究開發、生物晶片應用。(二）本系課程含實驗操作，基於考量實驗操作危險性與結果判斷之需要，學生須具備視覺、辨別顏色能力及個人安全維護能力。電話07-5919406
10801,慈濟大學,傳播學系,第一類學群,1,6,0,0,底標,0,0,0,0,0,0,在校學業成績全校排名百分比,學測國文級分,國語文學業成績總平均全校排名百分比,公民與社會學業成績總平均全校排名百分比,歷史學業成績總平均全校排名百分比,英語文學業成績總平均全校排名百分比,地理學業成績總平均全校排名百分比,1、在校學業成績全校排名百分比 2、學測國文級分 3、國語文學業成績總平均全校排名百分比 4、公民與社會學業成績總平均全校排名百分比 5、歷史學業成績總平均全校排名百分比 6、英語文學業成績總平均全校排名百分比 7、地理學業成績總平均全校排名百分比,,,,,,,"1.以培養具人文素養及社會責任的傳播人才為目標。
2.設備充足，擁有多媒體設備、專業攝影棚、廣播電台。
3.大四下整學期實習課程，提供紮實的業界實務訓練。
4.本系與泰國法政大學、印尼大學為姊妹校並交換學生。
5.應屆畢業生申請直升碩士班可達到連續學習及縮短修業年限之目的。
6.系所網址:https://commstudies.tcu.edu.tw/，電話03-8572677轉35605"
10802,慈濟大學,兒童發展與家庭教育學系,第一類學群,2,6,1,2,底標,0,0,0,0,0,0,在校學業成績全校排名百分比,學測國文級分,國語文學業成績總平均全校排名百分比,公民與社會學業成績總平均全校排名百分比,地理學業成績總平均全校排名百分比,歷史學業成績總平均全校排名百分比,英語文學業成績總平均全校排名百分比,1、在校學業成績全校排名百分比 2、學測國文級分 3、國語文學業成績總平均全校排名百分比 4、公民與社會學業成績總平均全校排名百分比 5、地理學業成績總平均全校排名百分比 6、歷史學業成績總平均全校排名百分比 7、英語文學業成績總平均全校排名百分比,,,,,,,"1.本系兼顧理論與實務，透過知識傳遞和服務學習來培養學生兒童與家庭相關專業，就業領域有幼兒、青少年、家庭、老人等機構。
2.設有技能檢定考場及實踐場域，如專業教室及經營花蓮親子館等。
3.海內外人才培育計畫，補助在校所需費用，畢業直接就業。
4.系所網址:https://lovechild.tcu.edu.tw/，連絡電話:03-8572677分機33010"
10803,慈濟大學,社會工作學系,第一類學群,3,6,1,2,底標,0,0,0,0,0,0,在校學業成績全校排名百分比,學測國文級分,國語文學業成績總平均全校排名百分比,英語文學業成績總平均全校排名百分比,公民與社會學業成績總平均全校排名百分比,歷史學業成績總平均全校排名百分比,地理學業成績總平均全校排名百分比,1、在校學業成績全校排名百分比 2、學測國文級分 3、國語文學業成績總平均全校排名百分比 4、英語文學業成績總平均全校排名百分比 5、公民與社會學業成績總平均全校排名百分比 6、歷史學業成績總平均全校排名百分比 7、地理學業成績總平均全校排名百分比,,,,,,,"1.本系教師具多元專業能力，教學著重紮實實務訓練，並提供豐富海內外實習與交流機會。
2.學生畢業就業率高，歷屆社工師證照考取率高於全國平均。
3.學生可申請慈濟基金會獎助學金、補助學雜費、生活費；大學應屆畢業錄取本校研究所，享有全額學雜費補助。
4.系所網址：https://socialwork.tcu.edu.tw/ 電話：03-8572677分機33011"
10804,慈濟大學,人類發展與心理學系,第一類學群,6,6,0,0,底標,0,0,0,0,0,0,在校學業成績全校排名百分比,學測國文級分,國語文學業成績總平均全校排名百分比,英語文學業成績總平均全校排名百分比,公民與社會學業成績總平均全校排名百分比,歷史學業成績總平均全校排名百分比,地理學業成績總平均全校排名百分比,1、在校學業成績全校排名百分比 2、學測國文級分 3、國語文學業成績總平均全校排名百分比 4、英語文學業成績總平均全校排名百分比 5、公民與社會學業成績總平均全校排名百分比 6、歷史學業成績總平均全校排名百分比 7、地理學業成績總平均全校排名百分比,,,,,,,"1.三年生涯課程：探索到規劃，培養具實踐力的心理人。
2.不一樣心理學核心：結合科學與人文，強化多元訓練，拓展視野。
3.模組化自主學習：以學生需求為導向。
4.實作培力：參與偏鄉服務，累積實作與計畫經驗。
5.設有具高考資格的「臨床心理學組」碩士班。
6.系所網站：https://hdd.tcu.edu.tw/，電話：03-8572677轉33161。"
10805,慈濟大學,醫務暨健康管理學系,第一類學群,1,6,0,0,底標,0,0,0,0,0,0,在校學業成績全校排名百分比,學測國文級分,國語文學業成績總平均全校排名百分比,公民與社會學業成績總平均全校排名百分比,歷史學業成績總平均全校排名百分比,資訊科技學業成績總平均全校排名百分比,地理學業成績總平均全校排名百分比,1、在校學業成績全校排名百分比 2、學測國文級分 3、國語文學業成績總平均全校排名百分比 4、公民與社會學業成績總平均全校排名百分比 5、歷史學業成績總平均全校排名百分比 6、資訊科技學業成績總平均全校排名百分比 7、地理學業成績總平均全校排名百分比,,,,,,,"1.本系為東台灣地區僅有之健康管理相關科系(學士班/碩士班)，結合慈濟醫療體系長期照護機構與健康產業在地優勢與豐沛的資源，提供臨床實習與演練操作的絕佳素材與環境，符合國家與地區重點發展之產業。
2.系所網址:https://mm.tcu.edu.tw/，電話:03-8572677轉33119。"
10806,慈濟大學,經營管理學系,第一類學群,1,6,0,0,0,0,0,0,底標,0,0,在校學業成績全校排名百分比,學測社會級分,公民與社會學業成績總平均全校排名百分比,歷史學業成績總平均全校排名百分比,物理學業成績總平均全校排名百分比,國語文學業成績總平均全校排名百分比,英語文學業成績總平均全校排名百分比,1、在校學業成績全校排名百分比 2、學測社會級分 3、公民與社會學業成績總平均全校排名百分比 4、歷史學業成績總平均全校排名百分比 5、物理學業成績總平均全校排名百分比 6、國語文學業成績總平均全校排名百分比 7、英語文學業成績總平均全校排名百分比,,,,,,,"1.培育學生成為「服務管理」、「智慧商務」、「永續創新」與「廚藝管理」等專業職能人才。中文與全英文課程並行。國際交流、海外實習機會多，畢業後可在海內外慈濟志業體、公民營企業等處工作或自行創業。
2.系所網址：https://mdm.tcu.edu.tw/，電話:03-8572677分機31682。"
10807,慈濟大學,資訊工程學系,第二類學群,4,3,1,2,0,0,底標,0,0,0,0,在校學業成績全校排名百分比,學測數學A級分,數學學業成績總平均全校排名百分比,物理學業成績總平均全校排名百分比,英語文學業成績總平均全校排名百分比,國語文學業成績總平均全校排名百分比,資訊科技學業成績總平均全校排名百分比,1、在校學業成績全校排名百分比 2、學測數學A級分 3、數學學業成績總平均全校排名百分比 4、物理學業成績總平均全校排名百分比 5、英語文學業成績總平均全校排名百分比 6、國語文學業成績總平均全校排名百分比 7、資訊科技學業成績總平均全校排名百分比,,,,,,,"1.培育資訊專業人才，發展人工智慧、智慧晶片設計、數據科學、資通安全領域課程。
2.就學期間提供獎助學金、企業實習、創新創業學程、海外交流增加國際動力。
3.畢業後可從事資通電、軟韌體、IC設計、人工智慧、智慧醫療、大數據分析相關工作。
4.系所網址：https://csie.tcu.edu.tw，電話:03-8565301轉12400。"
10808,慈濟大學,生物醫學暨工程學系,第二類學群,9,3,1,2,0,0,0,0,0,底標,0,在校學業成績全校排名百分比,學測自然級分,數學學業成績總平均全校排名百分比,物理學業成績總平均全校排名百分比,化學學業成績總平均全校排名百分比,英語文學業成績總平均全校排名百分比,生物學業成績總平均全校排名百分比,1、在校學業成績全校排名百分比 2、學測自然級分 3、數學學業成績總平均全校排名百分比 4、物理學業成績總平均全校排名百分比 5、化學學業成績總平均全校排名百分比 6、英語文學業成績總平均全校排名百分比 7、生物學業成績總平均全校排名百分比,,,,,,,"1.本系成立目的在培育兼具工程及生物醫學跨領域知識與實作經驗之生物醫學工程師。
2.與慈濟醫療體系實習合作，畢業後可報考醫學工程師證照於醫院服務。
3.從事生物科技、醫療器材、醫學材料研發工程師與生物資訊分析師。
4.從事電子、資訊、化工、半導體等相關產業。
5.系所網址：https://bmse.tcu.edu.tw/，電話：03-8565301轉12611。"
10809,慈濟大學,資訊科技與管理學系,第二類學群,1,3,0,0,底標,0,0,0,0,0,0,在校學業成績全校排名百分比,學測國文級分,國語文學業成績總平均全校排名百分比,資訊科技學業成績總平均全校排名百分比,英語文學業成績總平均全校排名百分比,數學學業成績總平均全校排名百分比,物理學業成績總平均全校排名百分比,1、在校學業成績全校排名百分比 2、學測國文級分 3、國語文學業成績總平均全校排名百分比 4、資訊科技學業成績總平均全校排名百分比 5、英語文學業成績總平均全校排名百分比 6、數學學業成績總平均全校排名百分比 7、物理學業成績總平均全校排名百分比,,,,,,,"1.本系學生培育目標為以多元發展理念規劃特色主軸：主軸為「AI大數據」與「數位多媒體」。
2.全面安排實習，目前實習合作單位有慈濟志業體系、海內外等知名企業高達30幾個單位。
3.畢業從事人工智慧、AIoT、大數據資料分析、多媒體、資通訊等相關工作。
4.系所網址：https://itm.tcu.edu.tw/，電話03-8572677轉31683"
10810,慈濟大學,藥學系,第三類學群,9,7,0,0,均標,均標,均標,0,0,均標,0,在校學業成績全校排名百分比,學測國文、英文、數學A、自然之級分總和,學測自然級分,學測英文級分,學測數學A級分,學測國文級分,化學學業成績總平均全校排名百分比,1、在校學業成績全校排名百分比 2、學測國文、英文、數學A、自然之級分總和 3、學測自然級分 4、學測英文級分 5、學測數學A級分 6、學測國文級分 7、化學學業成績總平均全校排名百分比,,,,,,,"1.六年制。
2.本系須能操作實驗、臨床調劑及判斷色彩、與病人及醫療團隊溝通。須具相當之視覺、聽覺、口語表達、互動溝通協調及抗壓等能力。
3.本系聯絡電話：(03)8565301 分機12051。
4.學系網址：https://pharmacy.tcu.edu.tw。"
10811,慈濟大學,醫學檢驗生物技術學系,第三類學群,10,7,1,6,0,後標,0,0,0,後標,0,在校學業成績全校排名百分比,學測英文、自然之級分總和,學測英文級分,學測自然級分,英語文學業成績總平均全校排名百分比,生物學業成績總平均全校排名百分比,化學學業成績總平均全校排名百分比,1、在校學業成績全校排名百分比 2、學測英文、自然之級分總和 3、學測英文級分 4、學測自然級分 5、英語文學業成績總平均全校排名百分比 6、生物學業成績總平均全校排名百分比 7、化學學業成績總平均全校排名百分比,,,,,,,"1.本系為醫療相關學系，畢業可參加醫事檢驗師考試，取得執照。
2.學生就學就業需能靈活操作儀器，並經由敏銳之觀察與辨色能力進行實驗結果判斷。
3.網址：https://mtech.tcu.edu.tw。
4.聯絡：03-8565301#12321。"
10812,慈濟大學,物理治療學系,第三類學群,11,7,1,6,0,後標,後標,0,0,後標,0,在校學業成績全校排名百分比,學測數學A級分,學測英文級分,學測自然級分,英語文學業成績總平均全校排名百分比,生物學業成績總平均全校排名百分比,學測英文、數學A、自然之級分總和,1、在校學業成績全校排名百分比 2、學測數學A級分 3、學測英文級分 4、學測自然級分 5、英語文學業成績總平均全校排名百分比 6、生物學業成績總平均全校排名百分比 7、學測英文、數學A、自然之級分總和,,,,,,,"1.畢業生通過國家考試後得任物理治療師，符合法規下得開設物理治療所。
2.應屆畢業生申請直升研究所可連續學習與縮短修業年限，並享有全額學雜費獎勵。
3.本系學習須運用肢體操作與各項感官感知，搭配良好人際互動與壓力調適特質。
4.系所網址：https://pt.tcu.edu.tw/，電話：03-8565301轉12491。"
10813,慈濟大學,公共衛生學系,第三類學群,5,7,1,6,0,底標,0,0,0,0,0,在校學業成績全校排名百分比,學測英文級分,國語文學業成績總平均全校排名百分比,英語文學業成績總平均全校排名百分比,數學學業成績總平均全校排名百分比,化學學業成績總平均全校排名百分比,生物學業成績總平均全校排名百分比,1、在校學業成績全校排名百分比 2、學測英文級分 3、國語文學業成績總平均全校排名百分比 4、英語文學業成績總平均全校排名百分比 5、數學學業成績總平均全校排名百分比 6、化學學業成績總平均全校排名百分比 7、生物學業成績總平均全校排名百分比,,,,,,,"1.職涯發展：職安衛、大數據與資料科學、長期照護相關服務、衛生福利部與環境部等相關部門公職等。
2.國外經驗：海外交換生學習、英國Middlesex大學雙聯學位。
3.優惠升學：應屆畢業生錄取本校研究所享有全額學雜費獎勵。
4.豐富就業：畢業後可考公衛師，從事醫療衛生、健康產業工作，可至慈濟志業體任職。
5.系所網址：https://ph.tcu.edu.tw/，電話：03-8565301轉12271"
10814,慈濟大學,分子生物暨人類遺傳學系,第三類學群,6,7,1,6,0,0,0,0,0,底標,0,在校學業成績全校排名百分比,學測自然級分,生物學業成績總平均全校排名百分比,英語文學業成績總平均全校排名百分比,化學學業成績總平均全校排名百分比,國語文學業成績總平均全校排名百分比,數學學業成績總平均全校排名百分比,1、在校學業成績全校排名百分比 2、學測自然級分 3、生物學業成績總平均全校排名百分比 4、英語文學業成績總平均全校排名百分比 5、化學學業成績總平均全校排名百分比 6、國語文學業成績總平均全校排名百分比 7、數學學業成績總平均全校排名百分比,,,,,,,"1.本系培育及訓練學生具備投入研究或產業所需的知識與技能。
2.畢業生可在公私立學術單位、醫療院所研究部門、生技公司與藥廠等參與學術研究、產品研發、管理及銷售等相關工作。
3.系所網址:https://imbhg.tcu.edu.tw/，電話:03-8565301轉12676"
10815,慈濟大學,醫學影像暨放射科學系,第三類學群,9,7,1,6,0,0,0,0,0,後標,0,在校學業成績全校排名百分比,學測自然級分,物理學業成績總平均全校排名百分比,生物學業成績總平均全校排名百分比,英語文學業成績總平均全校排名百分比,國語文學業成績總平均全校排名百分比,化學學業成績總平均全校排名百分比,1、在校學業成績全校排名百分比 2、學測自然級分 3、物理學業成績總平均全校排名百分比 4、生物學業成績總平均全校排名百分比 5、英語文學業成績總平均全校排名百分比 6、國語文學業成績總平均全校排名百分比 7、化學學業成績總平均全校排名百分比,,,,,,,"1.本系為醫療相關學系，著重專業證照輔導，取得醫事放射師、輻射防護師、輻射安全證書等專業證照，協助學生生涯發展。
2.本系歷年應屆畢業生之醫事放射師國家考試通過率均高於全國平均值，已建立辦學優質口碑。
3.系所網址:https://xray.tcu.edu.tw/，電話:03-8565301轉12255。"
10816,慈濟大學,護理學系,第三類學群,24,7,1,6,0,底標,0,0,0,0,0,在校學業成績全校排名百分比,學測英文級分,英語文學業成績總平均全校排名百分比,國語文學業成績總平均全校排名百分比,生物學業成績總平均全校排名百分比,數學學業成績總平均全校排名百分比,公民與社會學業成績總平均全校排名百分比,1、在校學業成績全校排名百分比 2、學測英文級分 3、英語文學業成績總平均全校排名百分比 4、國語文學業成績總平均全校排名百分比 5、生物學業成績總平均全校排名百分比 6、數學學業成績總平均全校排名百分比 7、公民與社會學業成績總平均全校排名百分比,,,,,,,"1.本系畢業可直接參加護理師國家考試，獲得護理師證書。
2.全臺十一家慈濟醫療志業提供實習場所，學習紮實。
3.多種獎助學金及醫療志業公費，可安心就學及就業。
4.系所網址:https://tcunursing.tcu.edu.tw/，電話:03-8572158轉22352。"
10817,慈濟大學,醫學系,第八類學群,9,1,0,0,頂標,頂標,頂標,0,0,頂標,0,在校學業成績全校排名百分比,學測國文、英文、數學A、自然之級分總和,生物學業成績總平均全校排名百分比,英語文學業成績總平均全校排名百分比,化學學業成績總平均全校排名百分比,數學學業成績總平均全校排名百分比,物理學業成績總平均全校排名百分比,1、在校學業成績全校排名百分比 2、學測國文、英文、數學A、自然之級分總和 3、生物學業成績總平均全校排名百分比 4、英語文學業成績總平均全校排名百分比 5、化學學業成績總平均全校排名百分比 6、數學學業成績總平均全校排名百分比 7、物理學業成績總平均全校排名百分比,,,面試,100%,18,1000,"1.本系教育目標為培養術德兼修、關懷生命、擁有慈濟大愛與利他情懷，善於溝通、重視團隊合作，樂於承擔社會責任，並具備主動及終身學習能力之醫學生，以奠定成為良醫之基礎。
2.本系學生可申請慈濟醫療志業體獎助，獎助生畢業後分發至志業體服務。"
10901,臺北醫學大學,醫務管理學系,第一類學群,11,1,3,1,均標,均標,0,均標,0,0,0,在校學業成績全校排名百分比,學測國文、英文、數學B之級分總和,學測英文級分,學測數學B級分,學測國文級分,英語文學業成績總平均全校排名百分比,國語文學業成績總平均全校排名百分比,1、在校學業成績全校排名百分比 2、學測國文、英文、數學B之級分總和 3、學測英文級分 4、學測數學B級分 5、學測國文級分 6、英語文學業成績總平均全校排名百分比 7、國語文學業成績總平均全校排名百分比,,,,,,,"1.本學系旨在培養醫務管理專案人才，並設有碩士班，鼓勵大學部優秀學生參與先修碩士班課程，達到連續學習之目的，使其擁有醫學精神內涵和各種管理理論、觀點及技術。歡迎具有人文素養、樂意服務、並具有自我學習及成長能力之學生加入。
2.學系聯絡電話：(02)6620-2589分機16128。
3.學系網址：https://hca.tmu.edu.tw。
4.外加名額招收原住民生，提供多項安心助學政策，鼓勵原住民生申請。"
10902,臺北醫學大學,藥學系藥學組,第三類學群,16,7,1,8,0,前標,均標,0,0,均標,A級,在校學業成績全校排名百分比,學測國文、英文、數學A、自然之級分總和,學測自然級分,學測英文級分,學測數學A級分,學測國文級分,生物學業成績總平均全校排名百分比,1、在校學業成績全校排名百分比 2、學測國文、英文、數學A、自然之級分總和 3、學測自然級分 4、學測英文級分 5、學測數學A級分 6、學測國文級分 7、生物學業成績總平均全校排名百分比,,,,,,,"1.藥學系藥學組為四年制，旨在訓練藥師及培養新藥開發人才。
2.本學系因課程及就業需要，須能操作藥物科學實驗及臨床調劑、判斷色彩、與病人及醫療團隊溝通。須具相當之視覺、聽覺、口語能力、互動溝通協調及抗壓能力，需能久站、運用肢體操作儀器、迅速移動。
3.學系聯絡電話：(02)2736-1661分機6192。
4.學系網址：https://pharmschool.tmu.edu.tw。
5.外加名額招收原住民生，提供多項安心助學政策，鼓勵原住民生申請。"
10903,臺北醫學大學,藥學系藥學組(英語組),第三類學群,4,7,0,0,0,頂標,均標,0,0,均標,A級,在校學業成績全校排名百分比,學測英文、數學A、自然之級分總和,學測英文級分,學測自然級分,學測數學A級分,學測國文級分,生物學業成績總平均全校排名百分比,1、在校學業成績全校排名百分比 2、學測英文、數學A、自然之級分總和 3、學測英文級分 4、學測自然級分 5、學測數學A級分 6、學測國文級分 7、生物學業成績總平均全校排名百分比,,,,,,,"1.藥學系藥學組(英語組)為四年制，學生須修習至少40學分全英語課程，培育藥師及新藥開發國際人才。
2.本組學生就學期間符合資格者，優先提供國際交換機會。
3.須能分辨劑型與劑量、操作調製無菌製劑、色彩判定、與病人及醫療團隊溝通。必須具有相當之視覺、聽覺、口語能力、互動溝通協調及抗壓能力，需能久站、運用肢體操作儀器、迅速移動，以照顧病人。
4.學系聯絡電話：(02)2736-1661分機6192。
5.學系網址：https://pharmschool.tmu.edu.tw。"
10904,臺北醫學大學,藥學系臨床藥學組,第三類學群,9,7,0,0,0,前標,均標,0,0,均標,A級,在校學業成績全校排名百分比,學測國文、英文、數學A、自然之級分總和,學測英文級分,學測自然級分,學測數學A級分,學測國文級分,生物學業成績總平均全校排名百分比,1、在校學業成績全校排名百分比 2、學測國文、英文、數學A、自然之級分總和 3、學測英文級分 4、學測自然級分 5、學測數學A級分 6、學測國文級分 7、生物學業成績總平均全校排名百分比,,,,,,,"1.藥學系臨床藥學組為六年制，旨在培育與國際接軌之臨床藥師，需完成一年實習課程，並鼓勵國外見習。
2.臨床藥師執業須能精算劑量，操作調製無菌製劑、色彩判定、與病人及醫療團隊溝通。必須具有相當之視覺、聽覺、口語溝通協調及抗壓能力，需能久站、運用肢體操作儀器、迅速移動，以照顧重症病人。
3.學系聯絡電話：(02)2736-1661分機6192。
4.學系網址：https://pharmschool.tmu.edu.tw。"
10905,臺北醫學大學,醫學檢驗暨生物技術學系,第三類學群,11,7,0,0,均標,均標,均標,0,0,均標,0,在校學業成績全校排名百分比,學測國文、英文、數學A、自然之級分總和,學測英文級分,學測自然級分,英語文學業成績總平均全校排名百分比,化學學業成績總平均全校排名百分比,生物學業成績總平均全校排名百分比,1、在校學業成績全校排名百分比 2、學測國文、英文、數學A、自然之級分總和 3、學測英文級分 4、學測自然級分 5、英語文學業成績總平均全校排名百分比 6、化學學業成績總平均全校排名百分比 7、生物學業成績總平均全校排名百分比,,,,,,,"1.本學系主要培育醫學檢驗專業人才及生物技術產業人才，畢業後可報考國家醫事檢驗師高考取得證照，亦可往生技產業發展或繼續升學，從事生醫研發工作，未來就業選擇具多樣性。
2.因學習需要，須使用顯微鏡、色彩判定、與病患溝通，需有相當之視覺、聽覺功能、人際溝通能力、控管自身情緒及抗壓能力。
3.學系聯絡電話：(02)6620-2589分機11013～11015。
4.學系網址：https://mts.tmu.edu.tw。"
10906,臺北醫學大學,護理學系,第三類學群,9,7,0,0,0,均標,均標,均標,0,均標,0,在校學業成績全校排名百分比,學測自然級分,學測英文級分,學測國文級分,生物學業成績總平均全校排名百分比,數學學業成績總平均全校排名百分比,英語文學業成績總平均全校排名百分比,1、在校學業成績全校排名百分比 2、學測自然級分 3、學測英文級分 4、學測國文級分 5、生物學業成績總平均全校排名百分比 6、數學學業成績總平均全校排名百分比 7、英語文學業成績總平均全校排名百分比,,,,,,,"1.參採學測數學A或數學B均可，考生具備其中一科即可。
2.本學系相關課程學習與實習，需有高度的行動力和體能，學生特質需具備人際互動、溝通協調及抗壓穩定能力。
3.本學系招收學生特質為樂於助人且具團隊精神。
4.學系聯絡電話：(02)2736-1661分機6342。
5.學系網址：https://son.tmu.edu.tw。"
10907,臺北醫學大學,保健營養學系,第三類學群,8,7,1,8,均標,均標,均標,均標,0,均標,0,在校學業成績全校排名百分比,學測自然級分,學測英文級分,學測英文、自然之級分總和,學測國文級分,化學學業成績總平均全校排名百分比,生物學業成績總平均全校排名百分比,1、在校學業成績全校排名百分比 2、學測自然級分 3、學測英文級分 4、學測英文、自然之級分總和 5、學測國文級分 6、化學學業成績總平均全校排名百分比 7、生物學業成績總平均全校排名百分比,,,,,,,"1.參採學測數學A或數學B均可，考生具備其中一科即可。
2.本學系以培育營養應用專業人才為宗旨，專業課程需至實驗室學習，應具備視覺、聽覺、口說、久站、供膳設備獨立操作(含大型具重量之製備鍋具、刀具、瓦斯…)等能力，考量實驗操作時之危險性，學生亦須具備個人安全維護能力。此外，課程設計具與人互動、建立醫病關係等特性，需具有溝通協調能力及抗壓性。
3.學系聯絡電話：(02)2736-1661分機6562；學系網址：https://nutri.tmu.edu.tw。
4.外加名額招收原住民生，提供多項安心助學政策，鼓勵原住民生申請。"
10908,臺北醫學大學,公共衛生學系,第三類學群,9,7,1,8,均標,均標,均標,0,0,均標,0,在校學業成績全校排名百分比,學測數學A級分,學測英文級分,學測自然級分,學測國文級分,化學學業成績總平均全校排名百分比,數學學業成績總平均全校排名百分比,1、在校學業成績全校排名百分比 2、學測數學A級分 3、學測英文級分 4、學測自然級分 5、學測國文級分 6、化學學業成績總平均全校排名百分比 7、數學學業成績總平均全校排名百分比,,,,,,,1.本學系為本校唯一學生修業四年，即可同時取得北醫公共衛生學士與澳洲西雪梨大學健康科學學士雙學士，申請資格詳見相關規定。學系亦設有碩士班，鼓勵大學部優秀學生先修碩士班課程，達到連續學習及縮短修業年限之目的，培養擁有公共衛生理論與實務之人才。2.畢業生除可應考公衛師專技高考，並具備報考職業安全衛生相關證照的資格，未來可投入政府部門、醫療照護機構及高科技、製造業等產業發展。3.學系聯絡電話：(02)6620-2589分機16004；學系網址：https://ph.tmu.edu.tw。4.外加名額招收原住民生，提供多項安心助學政策，鼓勵原住民生申請。
10909,臺北醫學大學,呼吸治療學系,第三類學群,8,7,1,8,均標,均標,均標,0,0,均標,0,在校學業成績全校排名百分比,學測國文、英文、數學A、自然之級分總和,學測自然級分,學測英文級分,學測數學A級分,學測國文級分,生物學業成績總平均全校排名百分比,1、在校學業成績全校排名百分比 2、學測國文、英文、數學A、自然之級分總和 3、學測自然級分 4、學測英文級分 5、學測數學A級分 6、學測國文級分 7、生物學業成績總平均全校排名百分比,,,,,,,"1.本學系以培養優秀的醫療專業人才為主要教育目標，期望招收具高度服務熱忱、強烈責任感、相當之視覺、聽覺功能、辨別顏色能力、能控管自身情緒者及對呼吸治療領域有興趣的學生。
2.學系聯絡電話：(02)2736-1661分機3515。
3.學系網址：https://rt.tmu.edu.tw。
4.外加名額招收原住民生，提供多項安心助學政策，鼓勵原住民生申請。"
10910,臺北醫學大學,高齡健康暨長期照護學系,第三類學群,10,7,0,0,0,均標,後標,均標,0,0,0,在校學業成績全校排名百分比,學測英文、自然之級分總和,學測英文級分,學測自然級分,英語文學業成績總平均全校排名百分比,生物學業成績總平均全校排名百分比,學測國文級分,1、在校學業成績全校排名百分比 2、學測英文、自然之級分總和 3、學測英文級分 4、學測自然級分 5、英語文學業成績總平均全校排名百分比 6、生物學業成績總平均全校排名百分比 7、學測國文級分,,,,,,,"1.參採學測數學A或數學B均可，考生具備其中一科即可。
2.本學系招收對高齡者健康促進、長期照護及高齡產業有興趣，且具服務熱忱、同理心、責任感，有團隊合作及實踐力之學生。
3.本學系設有碩士班，並鼓勵大學部優秀學生參與先修碩士班課程，以達到連續學習及縮短修業年限之成效。
4.學系聯絡電話：(02)2736-1661分機6338。
5.學系網址：https://glc.tmu.edu.tw。"
10911,臺北醫學大學,牙體技術學系,第三類學群,4,7,1,8,0,均標,0,0,0,均標,0,在校學業成績全校排名百分比,學測國文、英文、自然之級分總和,學測自然級分,學測英文級分,學測國文級分,化學學業成績總平均全校排名百分比,生物學業成績總平均全校排名百分比,1、在校學業成績全校排名百分比 2、學測國文、英文、自然之級分總和 3、學測自然級分 4、學測英文級分 5、學測國文級分 6、化學學業成績總平均全校排名百分比 7、生物學業成績總平均全校排名百分比,,,,,,,"1.本學系畢業後可報考「專門職業及技術人員高等考試」，成為國家認可之牙體技術師，基於未來執業考量，建議應具備色彩辨識之能力。此外，在專業課程學習中包含實務操作，學生須具備個人安全維護之能力。
2.本學系設有碩士班，鼓勵學生參與先修碩士班課程，達到連續學習之目的。
3.學系聯絡電話：(02)2736-1661分機5119。
4.學系網址：https://topdental.tmu.edu.tw。
5.外加名額招收原住民生，提供多項安心助學政策，鼓勵原住民生申請。"
10912,臺北醫學大學,口腔衛生學系,第三類學群,7,7,2,8,0,均標,0,0,0,0,0,在校學業成績全校排名百分比,學測英文、自然之級分總和,學測英文級分,學測國文級分,英語文學業成績總平均全校排名百分比,生物學業成績總平均全校排名百分比,數學學業成績總平均全校排名百分比,1、在校學業成績全校排名百分比 2、學測英文、自然之級分總和 3、學測英文級分 4、學測國文級分 5、英語文學業成績總平均全校排名百分比 6、生物學業成績總平均全校排名百分比 7、數學學業成績總平均全校排名百分比,,,,,,,"1.本學系課程包含影像判讀及顏色辨識，須具備色彩判定能力，本學系課程包含實驗操作，基於考量實驗操作危險性，學生須具備獨立操作及個人安全維護能力。
2.學系聯絡電話：(02)2736-1661分機5146。
3.學系網址：https://ohyes.tmu.edu.tw。
4.外加名額招收原住民生，提供多項安心助學政策，鼓勵原住民生申請。"
10913,臺北醫學大學,生物醫學工程學系,第三類學群,5,7,2,8,0,均標,均標,0,0,均標,0,在校學業成績全校排名百分比,學測自然級分,學測英文級分,學測數學A級分,生物學業成績總平均全校排名百分比,物理學業成績總平均全校排名百分比,數學學業成績總平均全校排名百分比,1、在校學業成績全校排名百分比 2、學測自然級分 3、學測英文級分 4、學測數學A級分 5、生物學業成績總平均全校排名百分比 6、物理學業成績總平均全校排名百分比 7、數學學業成績總平均全校排名百分比,,,,,,,"1.本學系因應國家生技產業政策與醫療照護產業發展新趨勢，致力於培育新一代生醫科技人才，具備前瞻性、國際觀、跨領域整合與實作能力，結合北醫體系豐沛的醫學資源優勢，落實醫學導向工程應用之目標，強化醫學與工程相關知識之教授，孕育優秀醫工跨領域人才。
2.學系聯絡電話：(02)6620-2589分機15614。
3.學系網址：https://sbme.tmu.edu.tw。
4.外加名額招收原住民生，提供多項安心助學政策，鼓勵原住民生申請。"
10914,臺北醫學大學,食品安全學系,第三類學群,6,7,1,8,均標,均標,均標,0,0,均標,0,在校學業成績全校排名百分比,學測英文、數學A、自然之級分總和,學測自然級分,學測數學A級分,學測英文級分,化學學業成績總平均全校排名百分比,生物學業成績總平均全校排名百分比,1、在校學業成績全校排名百分比 2、學測英文、數學A、自然之級分總和 3、學測自然級分 4、學測數學A級分 5、學測英文級分 6、化學學業成績總平均全校排名百分比 7、生物學業成績總平均全校排名百分比,,,,,,,"1.本學系為全國唯一的食品安全學士班，課程內容包含食品科學、檢驗分析、食品安全管理、風險評估和環境永續等專業課程，並結合科技與本校生物醫學和公共衛生之優勢，致力於培育具有國際視野且符合產業需求之食品安全管理人才。學生畢業後可報考食品技師和公衛師等專技高考證照，未來可從事食品及管理相關之產官學研工作。
2.由於專業課程需求，學生須具備相當之視覺、聽覺、口說、色彩判定及溝通協調能力。
3.學系聯絡電話：(02)2736-1661分機7521；Email信箱：fs@tmu.edu.tw；學系網址：https://fs.tmu.edu.tw。
4.外加名額招收原住民生，提供多項安心助學政策，鼓勵原住民生申請。"
10915,臺北醫學大學,醫學系,第八類學群,31,2,3,1,前標,頂標,頂標,0,0,頂標,0,在校學業成績全校排名百分比,學測國文、英文、數學A、自然之級分總和,學測自然級分,學測英文級分,學測數學A級分,學測國文級分,化學學業成績總平均全校排名百分比,1、在校學業成績全校排名百分比 2、學測國文、英文、數學A、自然之級分總和 3、學測自然級分 4、學測英文級分 5、學測數學A級分 6、學測國文級分 7、化學學業成績總平均全校排名百分比,,,面試,100%,45,600,1.以培養具人文關懷及社會服務熱忱的專業醫師為使命。2.甄試總成績同分參酌順序以面試成績中之習醫適性、思辨溝通及綜整能力與素養成績順序評比，分數較高者優先錄取。3.本學系聯絡電話：(02)2736-1661分機3111。4.學系網址：https://medschool.tmu.edu.tw。5.外加名額招收原住民生，提供多項安心助學政策，鼓勵原住民生申請。
10916,臺北醫學大學,牙醫學系,第八類學群,6,2,0,0,頂標,頂標,頂標,0,0,頂標,0,在校學業成績全校排名百分比,學測國文、英文、數學A、自然之級分總和,學測英文級分,學測自然級分,學測國文級分,英語文學業成績總平均全校排名百分比,數學學業成績總平均全校排名百分比,1、在校學業成績全校排名百分比 2、學測國文、英文、數學A、自然之級分總和 3、學測英文級分 4、學測自然級分 5、學測國文級分 6、英語文學業成績總平均全校排名百分比 7、數學學業成績總平均全校排名百分比,,,面試,100%,12,600,"1.甄試總成績同分參酌順序以面試成績中之專業知識、語言表達、反應思辨能力與身心狀態、國際觀表達、素描比例/線條及整體呈現成績順序評比，分數較高者優先錄取。
2.學系聯絡電話：(02)2736-1661分機5111。
3.學系網址：https://dental.tmu.edu.tw。"
11001,開南大學,企業與創業管理學系,第一類學群,2,14,1,14,0,0,0,0,底標,0,0,在校學業成績全校排名百分比,學測社會級分,公民與社會學業成績總平均全校排名百分比,歷史學業成績總平均全校排名百分比,地理學業成績總平均全校排名百分比,學測國文級分,國語文學業成績總平均全校排名百分比,1、在校學業成績全校排名百分比 2、學測社會級分 3、公民與社會學業成績總平均全校排名百分比 4、歷史學業成績總平均全校排名百分比 5、地理學業成績總平均全校排名百分比 6、學測國文級分 7、國語文學業成績總平均全校排名百分比,,,,,,,"本系培育具備「管理專業」之企業管理人才，與具備「創業知能」之創業管理人才。鎖定就業、創業兩大培育方向。入學後可依興趣選擇「企業管理」或「創業管理」課程模組修習。
1.專任教師均具博士學位，學術及實務專精，陣容堅強。2.服務業導向的企管課程，與創意創新創業的三創教育課程。3.參訪式、個案式及活動式教學，課程理論與實務兼具。4.重視海外交流學習與就業實習。5.設有證照輔導讀書會，協助考取國內外優質證照。加入本系，我們輔導您成為企業的菁英與創業成功的老闆。https://ba.knu.edu.tw，聯絡電話：(03)341-2500#3202"
11002,開南大學,國際企業學系,第一類學群,2,14,1,14,底標,0,0,0,0,0,0,在校學業成績全校排名百分比,學測國文級分,國語文學業成績總平均全校排名百分比,學測社會級分,公民與社會學業成績總平均全校排名百分比,地理學業成績總平均全校排名百分比,歷史學業成績總平均全校排名百分比,1、在校學業成績全校排名百分比 2、學測國文級分 3、國語文學業成績總平均全校排名百分比 4、學測社會級分 5、公民與社會學業成績總平均全校排名百分比 6、地理學業成績總平均全校排名百分比 7、歷史學業成績總平均全校排名百分比,,,,,,,"1.美國日本韓國歐洲澳洲中國大陸海外留學機會，日本姊妹校50餘家，日文N3合格者或英文多益630即送日本留學一年，只要繳開南學費免繳姊妹校學費，並提供日本大學雙聯學制機會。 2.提供國企獨家獎學金，每學期發放20~30名，目前已發放630萬元。 3.輔導學生考照補助報名費，已有1,580位考取國際證照。 4.創造國際環境，與日本東南亞外籍生共同學習。 5.畢業即就業，就業百分百!大四可至中信金銀行、航空公司、科技業等產學實習，未來可從事兩岸貿易、科技業、外商、銀行、航空事務工作。聯絡電話：(03)341-2500 #3302"
11003,開南大學,商學院國際榮譽學士學位學程,第一類學群,2,14,1,14,0,均標,0,0,0,0,0,在校學業成績全校排名百分比,學測英文級分,英語文學業成績總平均全校排名百分比,學測社會級分,公民與社會學業成績總平均全校排名百分比,學測國文級分,國語文學業成績總平均全校排名百分比,1、在校學業成績全校排名百分比 2、學測英文級分 3、英語文學業成績總平均全校排名百分比 4、學測社會級分 5、公民與社會學業成績總平均全校排名百分比 6、學測國文級分 7、國語文學業成績總平均全校排名百分比,,,,,,,"1.本學程所有課程為全英語授課，學習企業管理與餐旅管理專業，含括行銷管理、財務管理、國貿金融、人力資源管理、策略管理、大數據分析、及企業永續經營ESG等。
2.外籍生與本籍生共同上課，並採跨國籍學伴制度，強化學生英語實務溝通能力。
3.可選擇參加本學程與美國大學雙聯學制，兩年台灣兩年美國，四年取得兩校正式畢業證書。
4.聯絡方式：(03)341-2500分機2901"
11004,開南大學,國際物流與運輸管理學系,第一類學群,2,14,1,14,0,0,0,0,底標,0,0,在校學業成績全校排名百分比,學測英文級分,英語文學業成績總平均全校排名百分比,學測社會級分,公民與社會學業成績總平均全校排名百分比,學測國文級分,國語文學業成績總平均全校排名百分比,1、在校學業成績全校排名百分比 2、學測英文級分 3、英語文學業成績總平均全校排名百分比 4、學測社會級分 5、公民與社會學業成績總平均全校排名百分比 6、學測國文級分 7、國語文學業成績總平均全校排名百分比,,,,,,,"1.歡迎對國際物流與運輸管理有興趣、欲提升國際視野的同學加入本系。
2.提供多元化專業課程，選派同學前往香港理工、韓國德成、韓國仁荷等世界知名學府交换。
3.提供有薪實習機會，合作對象包括DHL、DSV、UPS、裕利醫藥、日本郵船公司、宜家家居、新竹物流、華岡船務、捷運公司、高鐵公司、客運公司等優良廠商，畢業生至少擁有兩張專業證照。
4.想了解本系及相關精彩活動，歡迎隨時訪問學系網站(https://lsm.knu.edu.tw/)，聯絡方式:(03)341-2500轉5012"
11005,開南大學,空運管理學系,第一類學群,2,14,1,14,0,底標,0,0,0,0,0,在校學業成績全校排名百分比,學測英文級分,英語文學業成績總平均全校排名百分比,學測社會級分,公民與社會學業成績總平均全校排名百分比,數學學業成績總平均全校排名百分比,生活科技學業成績總平均全校排名百分比,1、在校學業成績全校排名百分比 2、學測英文級分 3、英語文學業成績總平均全校排名百分比 4、學測社會級分 5、公民與社會學業成績總平均全校排名百分比 6、數學學業成績總平均全校排名百分比 7、生活科技學業成績總平均全校排名百分比,,,,,,,1.航空運輸是永不退色的產業，也是我國明星行業。本系因應全球航空運輸與觀光旅遊市場的需求，及桃園航空城產業之發展，是航空產業人才培育的專業學系，畢業校友在空運相關領域表現傑出。特色包含:(1)鄰近桃園機場地理位置絕佳；(2)空運師資專業完整；(3)課程結合理論與實務，與未來職涯發展連結；(4)耗資百萬打造模擬客艙教室；(5)結合業界資源，產學合作(企業參訪與實習)機會豐富；(6)國內外學術交流合作頻繁，歐美日韓大陸國際交換生機會多。協助學生具備升學或就業的競爭優勢與能力。2.學系網址:https://air.knu.edu.tw/ 3.聯絡方式:(03)3412500轉3002
11006,開南大學,觀光與餐飲旅館學系,第一類學群,2,14,1,14,底標,0,0,0,0,0,0,在校學業成績全校排名百分比,學測國文級分,國語文學業成績總平均全校排名百分比,學測英文級分,英語文學業成績總平均全校排名百分比,學測社會級分,公民與社會學業成績總平均全校排名百分比,1、在校學業成績全校排名百分比 2、學測國文級分 3、國語文學業成績總平均全校排名百分比 4、學測英文級分 5、英語文學業成績總平均全校排名百分比 6、學測社會級分 7、公民與社會學業成績總平均全校排名百分比,,,,,,,"本系成立之宗旨在培養具服務熱忱之觀光餐旅專業管理及實務技術人才，教育學生重視服務態度與專業知能養成，以投入觀光與餐旅產業市場，因應我國積極發展觀光所帶來產業蓬勃發展之人力需求。
觀光系網址https://kntrh.knu.edu.tw/index.php
聯絡電話(03)3412500分機3102、3103"
11007,開南大學,休閒與運動管理學系,第一類學群,2,14,1,14,0,0,0,0,底標,0,0,在校學業成績全校排名百分比,地理學業成績總平均全校排名百分比,歷史學業成績總平均全校排名百分比,公民與社會學業成績總平均全校排名百分比,國語文學業成績總平均全校排名百分比,學測社會級分,學測國文級分,1、在校學業成績全校排名百分比 2、地理學業成績總平均全校排名百分比 3、歷史學業成績總平均全校排名百分比 4、公民與社會學業成績總平均全校排名百分比 5、國語文學業成績總平均全校排名百分比 6、學測社會級分 7、學測國文級分,,,,,,,"本系培育學生教育目標為
1.培育積極主動且富創意的休閒與運動管理人才。
2.培育兼具外語能力及資訊應用之特定專業技術的管理通才。
3.培育具有工作倫理、服務熱忱、團隊合作精神之職場工作者。
4.如想深入了解本系可聯絡本系(03)3412500分機5022"
11008,開南大學,資訊管理學系,第一類學群,2,14,1,14,底標,0,0,0,0,0,0,在校學業成績全校排名百分比,學測國文級分,學測社會級分,學測英文級分,資訊科技學業成績總平均全校排名百分比,國語文學業成績總平均全校排名百分比,英語文學業成績總平均全校排名百分比,1、在校學業成績全校排名百分比 2、學測國文級分 3、學測社會級分 4、學測英文級分 5、資訊科技學業成績總平均全校排名百分比 6、國語文學業成績總平均全校排名百分比 7、英語文學業成績總平均全校排名百分比,,,,,,,"本系特色：
1. 專題式實作應用：生成式AI、APP開發、網站建置、系統開發、聊天機器人、影像辨識、遊戲設計、物聯網等。
2. 深化程式設計能力：學習程式語言Python、Java、C#、SQL等。
3. 取得專業能力證明：考取Cisco、RedHat、Linux、ERP、大數據分析等證照。
4. 就業職類：數據分析師、專案管理師、網路工程師、軟體工程師、網頁設計師、半導體產業工程師等。
5. 學系網址：https://im.knu.edu.tw 電話：(03)3412500轉3503"
11009,開南大學,資訊傳播學系,第一類學群,2,14,1,14,0,0,0,0,底標,0,0,在校學業成績全校排名百分比,學測社會級分,學測國文級分,歷史學業成績總平均全校排名百分比,地理學業成績總平均全校排名百分比,國語文學業成績總平均全校排名百分比,資訊科技學業成績總平均全校排名百分比,1、在校學業成績全校排名百分比 2、學測社會級分 3、學測國文級分 4、歷史學業成績總平均全校排名百分比 5、地理學業成績總平均全校排名百分比 6、國語文學業成績總平均全校排名百分比 7、資訊科技學業成績總平均全校排名百分比,,,,,,,"本系將創意由構思、設計、選材、製作到社群行銷，體現於新媒體傳播。教學多元，提供設計、攝影、影視播報、劇本創作、拍片剪輯、數位音樂、動畫特效、YouTube直播，並結合互動媒體、人工智慧、大數據分析在新媒體的資訊科技應用等全方位課程，培育資訊傳播的整合和實作人才。
畢業出路：升學上，資訊媒體相關研究所；就業上，媒體製作小編、網路多媒體策劃、廣告企劃、電視電影新媒體部門、資訊網路管理、電腦遊戲動畫製作、婚紗攝影、文創設計等相關公司職務。
如需深入了解可聯繫本系(03)3412500分機5002"
11010,開南大學,電影與創意媒體學系,第一類學群,2,14,1,14,底標,0,0,0,0,0,0,在校學業成績全校排名百分比,學測國文級分,學測社會級分,學測英文級分,國語文學業成績總平均全校排名百分比,歷史學業成績總平均全校排名百分比,生活科技學業成績總平均全校排名百分比,1、在校學業成績全校排名百分比 2、學測國文級分 3、學測社會級分 4、學測英文級分 5、國語文學業成績總平均全校排名百分比 6、歷史學業成績總平均全校排名百分比 7、生活科技學業成績總平均全校排名百分比,,,,,,,"1. 本系以好萊塢電影與韓流產業為範例，強調《影視製作》與《表演藝術》雙元特色。
2. 本系以培育高階數位化電影編劇、導演、攝影、製片、美術、後製剪輯、數位特效、配樂與發行人才為目標。
3. 課程設計主軸為電影創作與表演藝術，有多所國外姐妹校，並與大型影視業者進行產學合作，升學與就業機會廣泛。
4. 系上拍攝作業之劇組人員以電影業界方式組成，搭配系上專業電影器材與設施，讓同學一起築夢電影與表演。
5. 學系網址：fcm.knu.edu.tw；聯絡方式：(03)341-2500轉5042"
11011,開南大學,法律學系,第一類學群,2,14,1,14,0,0,0,0,底標,0,0,在校學業成績全校排名百分比,學測社會級分,學測國文級分,公民與社會學業成績總平均全校排名百分比,國語文學業成績總平均全校排名百分比,歷史學業成績總平均全校排名百分比,地理學業成績總平均全校排名百分比,1、在校學業成績全校排名百分比 2、學測社會級分 3、學測國文級分 4、公民與社會學業成績總平均全校排名百分比 5、國語文學業成績總平均全校排名百分比 6、歷史學業成績總平均全校排名百分比 7、地理學業成績總平均全校排名百分比,,,,,,,"1.本系教學特重做中學,有許多參訪、實習課程,實習地點有桃園地方法院、桃園市政府消費者服務中心、中壢區調解委員會、法律扶助基金會桃園分會、司法改革基金會。本系除有紮實理論基礎的教師外,尚有法官、檢察官、律師等師資著重實務運作經驗之傳承。本系著力培養學生考司法特考、律師高考、警察特考、土地類科及相關國家公務人員考試。
2.學院(系)網址：https://law.knu.edu.tw/；聯絡方式：(03)341-2500轉3702"
11012,開南大學,應用日語學系,第一類學群,2,14,1,14,0,底標,0,0,0,0,0,在校學業成績全校排名百分比,學測英文級分,學測國文級分,學測社會級分,英語文學業成績總平均全校排名百分比,國語文學業成績總平均全校排名百分比,公民與社會學業成績總平均全校排名百分比,1、在校學業成績全校排名百分比 2、學測英文級分 3、學測國文級分 4、學測社會級分 5、英語文學業成績總平均全校排名百分比 6、國語文學業成績總平均全校排名百分比 7、公民與社會學業成績總平均全校排名百分比,,,,,,,"1.對日交流首屈一指，日本姊妹校50餘所，具日檢N3級以上可申請一年期留日交換生甄試，姊妹校學雜費免繳。
2.具日檢N1級，開南大學就讀2年，可甄選至日本姐妹校國立富山大學、札幌國際大學就讀2年，並且完成開南、日本大學畢業條件，取得雙學位。
3.學系網址：https://aj.knu.edu.tw/
4.聯絡方式：(03)341-2500轉5202"
11013,開南大學,應用英語學系,第一類學群,2,14,1,14,0,底標,0,0,0,0,0,在校學業成績全校排名百分比,學測英文級分,學測國文級分,學測社會級分,英語文學業成績總平均全校排名百分比,國語文學業成績總平均全校排名百分比,公民與社會學業成績總平均全校排名百分比,1、在校學業成績全校排名百分比 2、學測英文級分 3、學測國文級分 4、學測社會級分 5、英語文學業成績總平均全校排名百分比 6、國語文學業成績總平均全校排名百分比 7、公民與社會學業成績總平均全校排名百分比,,,,,,,"1. 開設英語實務特色課程，合作國內知名企業、機場、航空公司和英語文教育單位實習，以利就業接軌。
2. 提供交換/留學歐美日韓名校及至國外樂園和國際機場等知名國際企業實習機會。
3. 設有跨國雙聯學位，開南大學就讀2年，即可申請推薦至美國威斯康辛大學就讀2年，畢業獲取台美雙學位。
4. 學系網址：https://ae.knu.edu.tw/
5. 聯絡方式：(03)341-2500轉3602"
11014,開南大學,健康產業管理學系,第一類學群,2,14,1,14,0,0,0,0,底標,0,0,在校學業成績全校排名百分比,國語文學業成績總平均全校排名百分比,英語文學業成績總平均全校排名百分比,數學學業成績總平均全校排名百分比,物理學業成績總平均全校排名百分比,生物學業成績總平均全校排名百分比,地球科學學業成績總平均全校排名百分比,1、在校學業成績全校排名百分比 2、國語文學業成績總平均全校排名百分比 3、英語文學業成績總平均全校排名百分比 4、數學學業成績總平均全校排名百分比 5、物理學業成績總平均全校排名百分比 6、生物學業成績總平均全校排名百分比 7、地球科學學業成績總平均全校排名百分比,,,,,,,"人口老化、預防醫學與再生醫學的興起，讓保健食品、疾病檢測、醫療美容、及醫療輔具等市場蓬勃發展。本系有完整培養公衛人才的訓練，畢業後可以考國考的公共衛生師，亦培養多元職涯，包括醫療及長照機構管理、醫藥行銷、個人健康管理、運動傷害防護與健身、醫美藥妝、保健食品與健康餐飲等，並強化資訊管理與數據分析的能力。學生亦有機會去日本及歐美國家當交換學生、跨國企業實習、與海外實習等，以培養國際移動力。
聯絡方式: (03)341-2500轉2514"
11015,開南大學,AI科技與創新設計學士學位學程,第二類學群,2,1,1,1,底標,0,0,0,0,0,0,在校學業成績全校排名百分比,學測國文級分,資訊科技學業成績總平均全校排名百分比,生活科技學業成績總平均全校排名百分比,學測英文級分,學測社會級分,數學學業成績總平均全校排名百分比,1、在校學業成績全校排名百分比 2、學測國文級分 3、資訊科技學業成績總平均全校排名百分比 4、生活科技學業成績總平均全校排名百分比 5、學測英文級分 6、學測社會級分 7、數學學業成績總平均全校排名百分比,,,,,,,"1.課程內容以學習應用人工智慧及創新設計產業應用面為主。
2.學系網址: https://aitid.knu.edu.tw/index.php
3.聯絡方式: aitid@mail.knu.edu.tw / (03)341-2500 #2703"
11016,開南大學,保健營養學系,第三類學群,2,1,1,1,底標,0,0,0,0,底標,0,在校學業成績全校排名百分比,學測自然級分,學測英文級分,學測國文級分,化學學業成績總平均全校排名百分比,生物學業成績總平均全校排名百分比,生活科技學業成績總平均全校排名百分比,1、在校學業成績全校排名百分比 2、學測自然級分 3、學測英文級分 4、學測國文級分 5、化學學業成績總平均全校排名百分比 6、生物學業成績總平均全校排名百分比 7、生活科技學業成績總平均全校排名百分比,,,,,,,"1.培養具有保健營養及食品科學與生物科技等專業知識與技能之人才。
2.學系網址:https://dnhs.knu.edu.tw/。
3.聯絡方式:(03)341-2500轉2512, 6250。"
11201,康寧大學,嬰幼兒保育學系(台北校區),第一類學群,4,2,1,1,底標,0,0,0,0,0,0,在校學業成績全校排名百分比,國語文學業成績總平均全校排名百分比,歷史學業成績總平均全校排名百分比,地理學業成績總平均全校排名百分比,公民與社會學業成績總平均全校排名百分比,生活科技學業成績總平均全校排名百分比,資訊科技學業成績總平均全校排名百分比,1、在校學業成績全校排名百分比 2、國語文學業成績總平均全校排名百分比 3、歷史學業成績總平均全校排名百分比 4、地理學業成績總平均全校排名百分比 5、公民與社會學業成績總平均全校排名百分比 6、生活科技學業成績總平均全校排名百分比 7、資訊科技學業成績總平均全校排名百分比,,,,,,,1.系特色：培養教保托嬰雙專業人才，畢業即取得「教育學學士學位」及教育部核可的「教保員」資格。掌握幼托政策脈動，結合證照、競賽實務展演，建構豐沛就業力。2.證照輔導：指導學生取得托育(保母)人員證照、國際鋼琴演奏檢定、幼兒運動遊戲指導員、基本救命術及電腦檢定等多種證照，兼顧學生多元專長。3.職涯發展：畢業生就業百分百，任職國內高薪優質的幼兒園、托嬰中心、課後照顧中心(安親班)，或故事屋、親子館、親子餐廳及兒童才藝等幼托相關產業。4.聯絡方式：02-26321181分機220-223。
11202,康寧大學,長期照護學系(台北校區),第一類學群,4,2,0,0,底標,0,0,0,0,0,0,在校學業成績全校排名百分比,國語文學業成績總平均全校排名百分比,歷史學業成績總平均全校排名百分比,地理學業成績總平均全校排名百分比,公民與社會學業成績總平均全校排名百分比,生活科技學業成績總平均全校排名百分比,資訊科技學業成績總平均全校排名百分比,1、在校學業成績全校排名百分比 2、國語文學業成績總平均全校排名百分比 3、歷史學業成績總平均全校排名百分比 4、地理學業成績總平均全校排名百分比 5、公民與社會學業成績總平均全校排名百分比 6、生活科技學業成績總平均全校排名百分比 7、資訊科技學業成績總平均全校排名百分比,,,,,,,1、系特色：鏈結區域資源實踐在地長照連續性服務模式，推廣長照、社會工作課程（照顧服務員、居服督導、照管專員、社會工作、經營管理），有計畫地培育具服務熱忱的長照臨床實作、管理、督導與經營人才。2、證照輔導：健康促進、照護、照顧服務員單一級技術士、社會工作員(師)與另類療法等多元證照。3、職涯發展：照護實務(照服員、居服員、居服督導、照管專員)、機構管理、創業研究所。4、進行跨國交流人才培訓，可至新加坡、日本、澳洲、加拿大等機構實習。5、多家醫療院所提供2-4年獎助學金，畢業即就業！6、聯絡方式：02-2632-1181#683-685。
11301,中信金融管理學院,財務金融學系,第一類學群,8,3,1,3,0,0,均標,均標,0,0,0,在校學業成績全校排名百分比,學測國文級分,學測英文級分,學測社會級分,國語文學業成績總平均全校排名百分比,英語文學業成績總平均全校排名百分比,數學學業成績總平均全校排名百分比,1、在校學業成績全校排名百分比 2、學測國文級分 3、學測英文級分 4、學測社會級分 5、國語文學業成績總平均全校排名百分比 6、英語文學業成績總平均全校排名百分比 7、數學學業成績總平均全校排名百分比,,,,,,,本系主要以財務金融管理理論為基礎，融入創新創意、金融科技、AI人工智慧，讓學生具備財務金融實務、金融科技管理、智慧(AI)創新與應用等能力，培育學生成為國際智慧金融菁英。同時透過法金、個金、保險等各類金融就業學程、海外見習及企業實習讓學生能與企業無縫接軌，更提供多元獎助學金，讓學生就業與學習無後顧之憂。
11302,中信金融管理學院,財經法律學系,第一類學群,7,3,1,3,均標,0,0,0,0,0,0,在校學業成績全校排名百分比,學測國文級分,學測英文級分,學測社會級分,國語文學業成績總平均全校排名百分比,英語文學業成績總平均全校排名百分比,數學學業成績總平均全校排名百分比,1、在校學業成績全校排名百分比 2、學測國文級分 3、學測英文級分 4、學測社會級分 5、國語文學業成績總平均全校排名百分比 6、英語文學業成績總平均全校排名百分比 7、數學學業成績總平均全校排名百分比,,,,,,,本系課程安排上除專業法律課程外，更加入金融法、銀行法、金融科技與金融管理等專業金融相關課程，以其培養學生具宏觀視野，進而成為跨領域的國際專業法律人才，同時藉由與中國信託的產學合作，兼顧實務應用與理論學習，提供學生優質學習環境。同時提供多元獎助學金讓學生學習無後顧之憂。
11303,中信金融管理學院,企業管理學系,第一類學群,7,3,1,3,均標,0,0,0,0,0,0,在校學業成績全校排名百分比,學測國文級分,學測英文級分,學測社會級分,國語文學業成績總平均全校排名百分比,英語文學業成績總平均全校排名百分比,數學學業成績總平均全校排名百分比,1、在校學業成績全校排名百分比 2、學測國文級分 3、學測英文級分 4、學測社會級分 5、國語文學業成績總平均全校排名百分比 6、英語文學業成績總平均全校排名百分比 7、數學學業成績總平均全校排名百分比,,,,,,,"企業管理學系課程設計緊扣當代產業趨勢，面對大數據的年代，行銷、科技與管理成為企業經營的核心議題，企管系規劃數位運營、個金實務、永續經營ESG（環境、社會與公司治理）、創新創業這四大主軸，打造出一套既具前瞻性又實用的課程特色。
展望未來，本系將持續發揮在教育與研究上的優勢，致力於培養具備國際視野、創新思維和實務能力的管理人才。未來，企業管理學系將繼續秉持「畢業即就業」的教育理念，透過多元化的課程設計、專業證照輔導、實習與產學合作計畫等，為學生提供全面的支持與指導，成為具有全球競爭力的優秀管理人才。"
11304,中信金融管理學院,金融管理學院學士班,第一類學群,6,3,1,3,均標,0,0,0,0,0,0,在校學業成績全校排名百分比,學測國文級分,學測英文級分,學測社會級分,國語文學業成績總平均全校排名百分比,英語文學業成績總平均全校排名百分比,數學學業成績總平均全校排名百分比,1、在校學業成績全校排名百分比 2、學測國文級分 3、學測英文級分 4、學測社會級分 5、國語文學業成績總平均全校排名百分比 6、英語文學業成績總平均全校排名百分比 7、數學學業成績總平均全校排名百分比,,,,,,,"為了接軌國際潮流，本校學士班以學院為主體，建立跨系所專業的學分學程，學分學程涵蓋全英學程、專業證照學程、就業學程，課程領域包含財金、財法、管理、及運動產業，讓學生多元適性學習，培養對於問題觀察的敏銳度，以及對知識探索的熱忱。
學分學程的建置，整合各系之專業課程，引導學生主題式修習課程，同時連結校內各項軟硬體設施及政策，培養學生國際觀，建立自主學習的機制，及跨領域分析的技能，以期培養培育跨領域國際專業人才。"
11305,中信金融管理學院,科技金融學系,第一類學群,5,3,1,3,0,0,均標,均標,0,0,0,在校學業成績全校排名百分比,學測國文級分,學測英文級分,學測社會級分,國語文學業成績總平均全校排名百分比,英語文學業成績總平均全校排名百分比,數學學業成績總平均全校排名百分比,1、在校學業成績全校排名百分比 2、學測國文級分 3、學測英文級分 4、學測社會級分 5、國語文學業成績總平均全校排名百分比 6、英語文學業成績總平均全校排名百分比 7、數學學業成績總平均全校排名百分比,,,,,,,近年來各大金融機構紛紛朝科技金融與智慧金融發展，亟需兼具財金與AI技術人才，因此本系以培育兼具財金與AI技術之科技金融與智慧金融人才為目標。期望招收對科技金融與智慧金融具有濃厚興趣的學生。學生畢業後可從事科技金融、智慧金融、財務金融、資訊科技、人工智慧應用等相關工作。同時本校提供海外見習、企業實習及多元獎助學金，讓學生就業無縫接軌，學習無後顧之憂。
11306,中信金融管理學院,運動產業管理學士學位學程,第一類學群,5,3,1,3,後標,0,0,0,0,0,0,在校學業成績全校排名百分比,學測國文級分,學測英文級分,學測社會級分,國語文學業成績總平均全校排名百分比,英語文學業成績總平均全校排名百分比,數學學業成績總平均全校排名百分比,1、在校學業成績全校排名百分比 2、學測國文級分 3、學測英文級分 4、學測社會級分 5、國語文學業成績總平均全校排名百分比 6、英語文學業成績總平均全校排名百分比 7、數學學業成績總平均全校排名百分比,,,,,,,本學程以「跨域能力」與「第二專長」為核心，發展「運動產業管理」、「運動防護科學」、「運動教練教學」三大模組，並結合本校「金融」與「資訊」專業課程，培育具全球視野的運動專業人才。課程設計以市場需求為導向，涵蓋「運動事業與賽事服務」、「運動防護與健康照護」、「運動教練與健身教學」、「運動經濟與資訊服務」四大教育目標，並透過產業學習、海外見習、競賽活動與專業講座，提升學習成效、銜接國際。同時，本學程結合「黃金計畫3.0」及「優秀運動選手輔導方案2.0」，協助選手建立職涯規劃與智能訓練環境，積極培養學生具備產業競爭力，順利銜接就業市場。
13001,佛光大學,傳播學系(廣告公關與精準行銷組),第一類學群,1,9,0,0,0,0,0,0,底標,0,0,在校學業成績全校排名百分比,學測社會級分,歷史學業成績總平均全校排名百分比,國語文學業成績總平均全校排名百分比,學測國文級分,公民與社會學業成績總平均全校排名百分比,學測英文級分,1、在校學業成績全校排名百分比 2、學測社會級分 3、歷史學業成績總平均全校排名百分比 4、國語文學業成績總平均全校排名百分比 5、學測國文級分 6、公民與社會學業成績總平均全校排名百分比 7、學測英文級分,,,,,,,以「精準行銷」為核心，培育廣告公關、文案企劃、平台直播與營運、社群媒體編輯、大數據行銷等專業人才。課程結合「數位媒體與智能創作」、「流行音樂傳播與策展」等學程，提升職場競爭力。兼顧學術與實務，提供升學輔導與協助申請國內外傳播相關碩士班，拓展專業深度。安排學生參與海外交換與實習，培養國際行銷實務能力。畢業可就業廣告公司、公關與行銷單位、電視台、網路媒體、電商平台、大數據分析、企業行銷與公關部門、自媒體經營、文創產業及新創公司，跨域能力強，為當前就業市場熱門選項。更多資訊請見系網頁：https://communication.fgu.edu.tw/ 或洽03-9871000轉 23701。
13002,佛光大學,產品與媒體設計學系(智慧產品設計組),第一類學群,3,9,0,0,0,0,0,0,底標,0,0,在校學業成績全校排名百分比,學測社會級分,學測國文級分,學測國文、社會之級分總和,國語文學業成績總平均全校排名百分比,公民與社會學業成績總平均全校排名百分比,英語文學業成績總平均全校排名百分比,1、在校學業成績全校排名百分比 2、學測社會級分 3、學測國文級分 4、學測國文、社會之級分總和 5、國語文學業成績總平均全校排名百分比 6、公民與社會學業成績總平均全校排名百分比 7、英語文學業成績總平均全校排名百分比,,,,,,,"1.本系培養產品設計與媒體設計之跨領域整合，注重多元設計領域教學訓練，以符合各設計產業需求，並整合科技與人文社會藝術教育，培養具人文素養之優秀設計人才。
2.課程特色部分，除了基礎設計能力的養成課程外，另含括工業設計、交通工具設計、視覺傳達設計、動態媒體設計等多元學程學習。
3.相關資訊請參訪本系網頁：https://pmd.fgu.edu.tw/、電話：03-9871000 轉 25301。"
13003,佛光大學,產品與媒體設計學系(視覺媒體設計組),第一類學群,3,9,0,0,0,0,0,0,底標,0,0,在校學業成績全校排名百分比,學測社會級分,學測國文級分,學測國文、社會之級分總和,國語文學業成績總平均全校排名百分比,公民與社會學業成績總平均全校排名百分比,英語文學業成績總平均全校排名百分比,1、在校學業成績全校排名百分比 2、學測社會級分 3、學測國文級分 4、學測國文、社會之級分總和 5、國語文學業成績總平均全校排名百分比 6、公民與社會學業成績總平均全校排名百分比 7、英語文學業成績總平均全校排名百分比,,,,,,,"1.本系培養產品設計與媒體設計之跨領域整合，注重多元設計領域教學訓練，以符合各設計產業需求，並整合科技與人文社會藝術教育，培養具人文素養之優秀設計人才。
2.課程特色部分，除了基礎設計能力的養成課程外，另含括工業設計、交通工具設計、視覺傳達設計、動態媒體設計等多元學程學習。
3.相關資訊請參訪本系網頁：https://pmd.fgu.edu.tw/、電話：03-9871000 轉 25301。"
13004,佛光大學,資訊應用學系(動畫與視覺特效組),第一類學群,1,9,0,0,0,0,0,0,底標,0,0,在校學業成績全校排名百分比,學測國文級分,學測社會級分,學測英文級分,國語文學業成績總平均全校排名百分比,資訊科技學業成績總平均全校排名百分比,歷史學業成績總平均全校排名百分比,1、在校學業成績全校排名百分比 2、學測國文級分 3、學測社會級分 4、學測英文級分 5、國語文學業成績總平均全校排名百分比 6、資訊科技學業成績總平均全校排名百分比 7、歷史學業成績總平均全校排名百分比,,,,,,,本組致力於培養具備創意與技術的動畫與視覺特效人才。教學內容包含2D動畫、3D動畫、影音製作與視覺特效，提供學生全面且深入的多媒體學習體驗。本系設有虛擬攝影棚，搭配動態捕捉設備，結合業界教學團隊，提供最新的技術與趨勢資訊。透過專題製作與實習，參與真實的多媒體製作專案。畢業後，可投入多媒體產業，從事動畫製作、視覺特效、影片剪輯、遊戲設計等工作。其他相關資訊請參考本系網頁：https://www.ai.fgu.edu.tw/、電話：03-9871000 轉 23201。
13005,佛光大學,語文學系(應用英日語組),第一類學群,1,9,0,0,0,底標,0,0,0,0,0,在校學業成績全校排名百分比,學測英文級分,學測國文級分,學測社會級分,學測國文、英文之級分總和,英語文學業成績總平均全校排名百分比,國語文學業成績總平均全校排名百分比,1、在校學業成績全校排名百分比 2、學測英文級分 3、學測國文級分 4、學測社會級分 5、學測國文、英文之級分總和 6、英語文學業成績總平均全校排名百分比 7、國語文學業成績總平均全校排名百分比,,,,,,,本系整合中西人文素養教育，強調產業實務與跨域應用的專業訓練。課程設計採用學程模組化，分為核心學程與專業應用學程，兼重多語言技能訓練（英語、華語、日語、韓語）。學生將根據興趣與志業，選擇研修中西文化、文學經典等相關學科，提升文化素養與知識廣度。透過課程的多元化與實務導向，增進學生的學術廣度，透過多語言技能訓練，培養學生的跨文化思維與與國際移動力。本系的目標是培育具備多語言產業實務、文化行銷、史學應用、創作編輯及策展企畫等專業能力的優秀人才、使其在職場中具備競爭力。
13006,佛光大學,語文學系(應用英韓語組),第一類學群,1,9,0,0,0,底標,0,0,0,0,0,在校學業成績全校排名百分比,學測英文級分,學測國文級分,學測社會級分,學測國文、英文之級分總和,英語文學業成績總平均全校排名百分比,國語文學業成績總平均全校排名百分比,1、在校學業成績全校排名百分比 2、學測英文級分 3、學測國文級分 4、學測社會級分 5、學測國文、英文之級分總和 6、英語文學業成績總平均全校排名百分比 7、國語文學業成績總平均全校排名百分比,,,,,,,本系整合中西人文素養教育，強調產業實務與跨域應用的專業訓練。課程設計採用學程模組化，分為核心學程與專業應用學程，兼重多語言技能訓練（英語、華語、日語、韓語）。學生將根據興趣與志業，選擇研修中西文化、文學經典等相關學科，提升文化素養與知識廣度。透過課程的多元化與實務導向，增進學生的學術廣度，透過多語言技能訓練，培養學生的跨文化思維與與國際移動力。本系的目標是培育具備多語言產業實務、文化行銷、史學應用、創作編輯及策展企畫等專業能力的優秀人才、使其在職場中具備競爭力。
13007,佛光大學,歷史學系,第一類學群,1,9,0,0,0,0,0,0,底標,0,0,在校學業成績全校排名百分比,歷史學業成績總平均全校排名百分比,國語文學業成績總平均全校排名百分比,地理學業成績總平均全校排名百分比,公民與社會學業成績總平均全校排名百分比,學測社會級分,學測國文級分,1、在校學業成績全校排名百分比 2、歷史學業成績總平均全校排名百分比 3、國語文學業成績總平均全校排名百分比 4、地理學業成績總平均全校排名百分比 5、公民與社會學業成績總平均全校排名百分比 6、學測社會級分 7、學測國文級分,,,,,,,本系重視教學與師生關係，堅持小班教學，讓本系的教育理想於生活學習中得到體驗與發揚。本系順應時代潮流，引入圖像、走讀、數位人文於歷史教學，強調歷史數位文化、藝術、導覽與傳播面向，以開啟並導引學子活潑的生命與心靈。本系專業學程有「東亞文化與史學經典學程」和「公眾史學與圖像數位學程」，期望藉由全面性學程化的課程設計，讓學生們培養基礎歷史知識、歷史寫作及表達能力、具備圖文專史之運用能力、數位與文化資產之推廣能力等方面的建立。其他相關資訊請參考本系網頁：https://history.fgu.edu.tw/、電話：03-9871000 轉 21601。
13008,佛光大學,心理學系,第一類學群,8,9,0,0,0,0,0,底標,0,0,0,在校學業成績全校排名百分比,學測國文、英文之級分總和,學測英文級分,學測國文級分,學測社會級分,數學學業成績總平均全校排名百分比,英語文學業成績總平均全校排名百分比,1、在校學業成績全校排名百分比 2、學測國文、英文之級分總和 3、學測英文級分 4、學測國文級分 5、學測社會級分 6、數學學業成績總平均全校排名百分比 7、英語文學業成績總平均全校排名百分比,,,,,,,"1.本系致力於培養具備心理學專業知識，並能加以應用及獨立研究的人才，使學生在未來的發展有較寬廣的選擇。學士班課程規劃：「系核心學程」、「社會、教育及諮商心理學學程」、「認知、臨床及神經科學學程」。
2.本系聯絡電話：(03)9871000 轉 27101；網址：https://psychology.fgu.edu.tw/。"
13009,佛光大學,運動與健康促進管理學士學位學程,第一類學群,6,9,1,1,0,0,0,0,底標,0,0,在校學業成績全校排名百分比,學測社會級分,學測國文級分,歷史學業成績總平均全校排名百分比,地理學業成績總平均全校排名百分比,公民與社會學業成績總平均全校排名百分比,國語文學業成績總平均全校排名百分比,1、在校學業成績全校排名百分比 2、學測社會級分 3、學測國文級分 4、歷史學業成績總平均全校排名百分比 5、地理學業成績總平均全校排名百分比 6、公民與社會學業成績總平均全校排名百分比 7、國語文學業成績總平均全校排名百分比,,,,,,,本學程秉持培育運動競技選手及兼顧運動專長之技術訓練暨健康促進相關理論與實務之學習，協助本學程之學生在提升運動技術外，輔導考取「專任運動教練」與「運動防護員」等專業證照，同時培育第二專長健康促進管理，強化就業競爭力。其他相關資訊請參考本系網頁：https://shp.fgu.edu.tw/、電話：03-9871000 轉 26101。
13010,佛光大學,建築環境設計學士學位學程,第二類學群,1,8,0,0,底標,0,0,0,0,0,0,在校學業成績全校排名百分比,學測國文級分,學測自然級分,學測國文、自然之級分總和,國語文學業成績總平均全校排名百分比,數學學業成績總平均全校排名百分比,學測英文級分,1、在校學業成績全校排名百分比 2、學測國文級分 3、學測自然級分 4、學測國文、自然之級分總和 5、國語文學業成績總平均全校排名百分比 6、數學學業成績總平均全校排名百分比 7、學測英文級分,,,,,,,本學程為宜花東三縣唯一培養建築環境設計專業人才之科系，課程兼重設計專業與構築實務，規劃「建築環境設計核心學程」、「地域環境構築與活化學程」，以培養學生具備永續建築環境、地方空間活化、老屋保存再生之跨域整合設計與實作能力，畢業後可從事建築、室內、景觀等相關專業技師、公務員或設計師、策展規劃師等。本學程也藉由優秀建築參訪、業師協同教學、場域實作練習、研究案實務學習、職場講座、暑期職場實習等，提升學生實務能力與職場就業力。若有任何問題，歡迎來電：03-9871000 轉 23201。
13011,佛光大學,傳播學系(數位媒體與智能創作組),第二類學群,1,8,0,0,底標,0,0,0,0,0,0,在校學業成績全校排名百分比,學測國文級分,學測社會級分,國語文學業成績總平均全校排名百分比,歷史學業成績總平均全校排名百分比,公民與社會學業成績總平均全校排名百分比,資訊科技學業成績總平均全校排名百分比,1、在校學業成績全校排名百分比 2、學測國文級分 3、學測社會級分 4、國語文學業成績總平均全校排名百分比 5、歷史學業成績總平均全校排名百分比 6、公民與社會學業成績總平均全校排名百分比 7、資訊科技學業成績總平均全校排名百分比,,,,,,,以「AI融合數位內容產製」為核心，培養兼具AI與虛擬製作能力的傳播專業人才。課程設計多元，除影視製作與後製課程外，並跨域結合「廣告公關與精準行銷」、「流行音樂傳播與策展」等學程，全面提升職場競爭力。兼顧學術與實務，提供升學輔導，協助申請國內外相關碩士班。安排海外交換與實習，培養跨文化視野與國際溝通能力。畢業後可進入平面媒體、電視台（導演、攝影、燈光、剪輯）、影視製作公司、廣告與公關公司、網路新媒體、數位影音平台、唱片公司、廣播電台及公私部門機構，就業途徑多元廣泛。更多資訊請參閱系網頁：https://communication.fgu.edu.tw/ 或洽 03-9871000 轉 23701。
13012,佛光大學,產品與媒體設計學系(智慧產品設計組)(二),第二類學群,2,8,0,0,底標,0,0,0,0,0,0,在校學業成績全校排名百分比,學測國文級分,學測社會級分,學測國文、社會之級分總和,國語文學業成績總平均全校排名百分比,公民與社會學業成績總平均全校排名百分比,英語文學業成績總平均全校排名百分比,1、在校學業成績全校排名百分比 2、學測國文級分 3、學測社會級分 4、學測國文、社會之級分總和 5、國語文學業成績總平均全校排名百分比 6、公民與社會學業成績總平均全校排名百分比 7、英語文學業成績總平均全校排名百分比,,,,,,,"1.本系培養產品設計與媒體設計之跨領域整合，注重多元設計領域教學訓練，以符合各設計產業需求，並整合科技與人文社會藝術教育，培養具人文素養之優秀設計人才。
2.課程特色部分，除了基礎設計能力的養成課程外，另含括工業設計、交通工具設計、視覺傳達設計、動態媒體設計等多元學程學習。
3.相關資訊請參訪本系網頁：https://pmd.fgu.edu.tw/、電話：03-9871000 轉 25301。"
13013,佛光大學,產品與媒體設計學系(視覺媒體設計組)(二),第二類學群,3,8,0,0,底標,0,0,0,0,0,0,在校學業成績全校排名百分比,學測國文級分,學測社會級分,學測國文、社會之級分總和,國語文學業成績總平均全校排名百分比,公民與社會學業成績總平均全校排名百分比,英語文學業成績總平均全校排名百分比,1、在校學業成績全校排名百分比 2、學測國文級分 3、學測社會級分 4、學測國文、社會之級分總和 5、國語文學業成績總平均全校排名百分比 6、公民與社會學業成績總平均全校排名百分比 7、英語文學業成績總平均全校排名百分比,,,,,,,"1.本系培養產品設計與媒體設計之跨領域整合，注重多元設計領域教學訓練，以符合各設計產業需求，並整合科技與人文社會藝術教育，培養具人文素養之優秀設計人才。
2.課程特色部分，除了基礎設計能力的養成課程外，另含括工業設計、交通工具設計、視覺傳達設計、動態媒體設計等多元學程學習。
3.相關資訊請參訪本系網頁：https://pmd.fgu.edu.tw/、電話：03-9871000 轉 25301。"
13014,佛光大學,資訊應用學系(資訊系統開發組),第二類學群,1,8,0,0,0,0,0,0,0,底標,0,在校學業成績全校排名百分比,學測國文級分,學測自然級分,學測英文級分,國語文學業成績總平均全校排名百分比,資訊科技學業成績總平均全校排名百分比,英語文學業成績總平均全校排名百分比,1、在校學業成績全校排名百分比 2、學測國文級分 3、學測自然級分 4、學測英文級分 5、國語文學業成績總平均全校排名百分比 6、資訊科技學業成績總平均全校排名百分比 7、英語文學業成績總平均全校排名百分比,,,,,,,"本組的課程規劃除了校通識、系核心基礎課程及「資訊系統開發學程」等之外,尚開設有「動畫與視覺特效」、「數位遊戲開發」等專業選修學程，旨在培育「智慧型資訊科技產品」人才。透過課程模組化，滿足結合理論與實務，推展資訊知能與實際應用之目標。本系強調學生專業能力之訓練與培養,「終生導師」的服務概念讓師生之互動更為緊密，以確保教學與學習品質。本系訓練出來的畢業生以其專業能力, 無論在升學或就業，都能有良好的表現。其他相關資訊請參考本系網頁:https://www.ai.fgu.edu.tw/電話:03-9871000轉23201"
13015,佛光大學,資訊應用學系(數位遊戲開發組),第二類學群,1,8,0,0,0,0,0,0,0,底標,0,在校學業成績全校排名百分比,學測國文級分,學測自然級分,學測英文級分,國語文學業成績總平均全校排名百分比,資訊科技學業成績總平均全校排名百分比,英語文學業成績總平均全校排名百分比,1、在校學業成績全校排名百分比 2、學測國文級分 3、學測自然級分 4、學測英文級分 5、國語文學業成績總平均全校排名百分比 6、資訊科技學業成績總平均全校排名百分比 7、英語文學業成績總平均全校排名百分比,,,,,,,"本組的課程規劃除了校通識、系核心基礎課程及「數位遊戲開發學程」等之外,尚開設有「資訊系統開發」、「動畫與視覺特」等專業選修學程,課程規劃，包括遊戲開發實務、3D遊戲建模、虚擬實境、據增實境、穿 戴式裝置互動遊戲整合等課程:透過課程模組化,滿足結合理論與實務,推展資訊之能與實際應用之目標。本系強調學生專業專業能力之培養與資訊實務實習訓練,以確保教學與學習品質,再者,良好的學術導師家族制度讓師生之互動更為緊密。本系訓練來的畢業生以其專業能力,無論在升學或就業都能有良好表現。其他相關請參考本系網頁:https://www.ai.fgu.edu.tw/。"
13016,佛光大學,人工智慧技術與應用學士學位學程,第二類學群,1,8,0,0,0,0,底標,底標,0,0,0,在校學業成績全校排名百分比,學測國文級分,學測自然級分,學測英文級分,國語文學業成績總平均全校排名百分比,資訊科技學業成績總平均全校排名百分比,英語文學業成績總平均全校排名百分比,1、在校學業成績全校排名百分比 2、學測國文級分 3、學測自然級分 4、學測英文級分 5、國語文學業成績總平均全校排名百分比 6、資訊科技學業成績總平均全校排名百分比 7、英語文學業成績總平均全校排名百分比,,,,,,,本學程培育兼具AI科技實務能力與人文素養的跨域人才，課程設計涵蓋程式設計、機器學習、資料分析、智慧系統開發等核心能力，並整合多媒體設計、互動科技與產業應用，強調學用合一與實作導向。學生可透過專題實作、實習機會與業界接軌，提前接觸智慧製造、智慧醫療、AI藝術設計等熱門領域。學程強調跨域整合與數位轉型思維，適合對科技創新、人工智慧、應用設計有興趣的學生，是未來就業與升學的強力後盾。
13017,佛光大學,運動與健康促進管理學士學位學程(二),第二類學群,5,8,0,0,底標,0,0,0,0,0,0,在校學業成績全校排名百分比,學測國文級分,學測社會級分,學測自然級分,國語文學業成績總平均全校排名百分比,公民與社會學業成績總平均全校排名百分比,英語文學業成績總平均全校排名百分比,1、在校學業成績全校排名百分比 2、學測國文級分 3、學測社會級分 4、學測自然級分 5、國語文學業成績總平均全校排名百分比 6、公民與社會學業成績總平均全校排名百分比 7、英語文學業成績總平均全校排名百分比,,,,,,,本學程秉持培育運動競技選手及兼顧運動專長之技術訓練暨健康促進相關理論與實務之學習，協助本學程之學生在提升運動技術外，輔導考取「專任運動教練」與「運動防護員」等專業證照，同時培育第二專長健康促進管理，強化就業競爭力。其他相關資訊請參考本系網頁：https://shp.fgu.edu.tw/、電話：03-9871000 轉 26101。
13018,佛光大學,心理學系(自然組),第三類學群,2,1,0,0,0,0,0,底標,0,0,0,在校學業成績全校排名百分比,學測國文、英文之級分總和,學測英文級分,學測國文級分,學測自然級分,數學學業成績總平均全校排名百分比,英語文學業成績總平均全校排名百分比,1、在校學業成績全校排名百分比 2、學測國文、英文之級分總和 3、學測英文級分 4、學測國文級分 5、學測自然級分 6、數學學業成績總平均全校排名百分比 7、英語文學業成績總平均全校排名百分比,,,,,,,"1.本系致力於培養具備心理學專業知識，並能加以應用及獨立研究的人才，使學生在未來的發展有較寬廣的選擇。學士班課程規劃：「系核心學程」、「社會、教育及諮商心理學學程」、「認知、臨床及神經科學學程」。
2.本系聯絡電話：(03)9871000 轉 27101；網址：https://psychology.fgu.edu.tw/。"
13401,亞洲大學,健康產業管理學系醫療機構管理組,第一類學群,8,16,1,15,底標,0,0,0,0,0,0,在校學業成績全校排名百分比,學測國文級分,國語文學業成績總平均全校排名百分比,公民與社會學業成績總平均全校排名百分比,生活科技學業成績總平均全校排名百分比,資訊科技學業成績總平均全校排名百分比,數學學業成績總平均全校排名百分比,1、在校學業成績全校排名百分比 2、學測國文級分 3、國語文學業成績總平均全校排名百分比 4、公民與社會學業成績總平均全校排名百分比 5、生活科技學業成績總平均全校排名百分比 6、資訊科技學業成績總平均全校排名百分比 7、數學學業成績總平均全校排名百分比,,,,,,,畢業生可在醫療機構的行政管理部門或政府衛生行政機關任職，負責機構的行政規劃與管理工作。此外，學生畢業時即具備擔任長照「居家服務督導員」的資格。本系積極輔導學生考取相關證照，如醫學資訊管理師、病歷資訊管理師、醫務行政管理人員及公衛師等。本系組課程以公共衛生為核心，主修醫療機構管理學程，並提供長期照顧管理學程的選修，致力於培養具備醫療機構與健康產業管理跨領域專業知識的人才。為提升學術深造機會，本系設有碩士班，提供學生在五年內完成學士及碩士學位的途徑。更多資訊請參閱系網頁（https://ha.asia.edu.tw/）或致電（04-23323456分機5121）。
13402,亞洲大學,心理學系工商與社會心理組,第一類學群,10,16,1,15,0,底標,0,0,底標,0,0,在校學業成績全校排名百分比,學測英文、社會之級分總和,學測英文級分,學測社會級分,英語文學業成績總平均全校排名百分比,地理學業成績總平均全校排名百分比,國語文學業成績總平均全校排名百分比,1、在校學業成績全校排名百分比 2、學測英文、社會之級分總和 3、學測英文級分 4、學測社會級分 5、英語文學業成績總平均全校排名百分比 6、地理學業成績總平均全校排名百分比 7、國語文學業成績總平均全校排名百分比,,,,,,,"本系旨在培養具有心理歷程與人際互動行為的詮釋、評估及改變能力之心理學專業人才。工商與社會心理組首重
個人與職場之間的適配與調適，藉由測驗評估、教育訓練、諮商輔導等知能，提升個人心理健康、職場生活品質
，並有效地管理個人、團隊或組織的效能。可擔任心理衛生或協助、企業人力資源、廣告行銷等工作；或家事調
查官觀護人、人事行政、心理測驗員、心理輔導員等公職考試；亦可升學就讀諮商、臨床或應用心理學碩班。系
網https://psy.asia.edu.tw/，電話(04)23323456#5712。本組別屬招生分組。"
13403,亞洲大學,資訊傳播學系,第一類學群,9,16,2,15,底標,0,0,0,0,0,0,在校學業成績全校排名百分比,學測國文級分,國語文學業成績總平均全校排名百分比,學測社會級分,公民與社會學業成績總平均全校排名百分比,學測英文級分,英語文學業成績總平均全校排名百分比,1、在校學業成績全校排名百分比 2、學測國文級分 3、國語文學業成績總平均全校排名百分比 4、學測社會級分 5、公民與社會學業成績總平均全校排名百分比 6、學測英文級分 7、英語文學業成績總平均全校排名百分比,,,,,,,因應資訊、傳播科技與生成式AI的發展趨勢，本系以培養跨域融合的新媒體與AI傳播產業專業人才為目標。我們擁有優秀的師資團隊、先進的教學與研究設備、LVS智慧攝影棚與虛擬製作系統。課程設計以實務導向為核心，並依據最新產業趨勢規劃特色專長模組，結合業界師資協同教學，讓學習與就業無縫接軌。系網:http://infocom.asia.edu.tw，電話(04)23323456#6163。
13404,亞洲大學,經營管理學系,第一類學群,9,16,3,15,底標,0,0,0,0,0,0,在校學業成績全校排名百分比,學測國文級分,國語文學業成績總平均全校排名百分比,學測社會級分,公民與社會學業成績總平均全校排名百分比,學測英文級分,英語文學業成績總平均全校排名百分比,1、在校學業成績全校排名百分比 2、學測國文級分 3、國語文學業成績總平均全校排名百分比 4、學測社會級分 5、公民與社會學業成績總平均全校排名百分比 6、學測英文級分 7、英語文學業成績總平均全校排名百分比,,,,,,,本系採不分組招生，提供學生更高的彈性空間。入學後可在導師的輔導下，依照個人職涯興趣與未來就業方向，選擇修讀「行銷與企業管理學程」或「休閒遊憩管理學程」，有助於探索適性發展的專業路徑。本系具備九大特色與優勢，有能力培養具備智慧化應用、創新化能力、國際化視野的專業管理人才。課程設計符合時代潮流善用資訊科技創造有感管理，並搭配實務論壇、企業運用系統以及海外參訪等活動，促使課程能兼具理論與實務。系網https://dba.asia.edu.tw/，電話(04)23323456 分機5561
13405,亞洲大學,會計與資訊學系,第一類學群,8,16,2,15,底標,0,0,0,0,0,0,在校學業成績全校排名百分比,學測國文級分,學測社會級分,學測國文、社會之級分總和,學測英文級分,國語文學業成績總平均全校排名百分比,英語文學業成績總平均全校排名百分比,1、在校學業成績全校排名百分比 2、學測國文級分 3、學測社會級分 4、學測國文、社會之級分總和 5、學測英文級分 6、國語文學業成績總平均全校排名百分比 7、英語文學業成績總平均全校排名百分比,,,,,,,"1. 亞大會資系宗旨:培養具國際趨勢特色的智慧永續會計人才。
2. 亞大會資系三大特色:智慧永續會計、接軌國際、保證就業。
3. 亞大會資系八大亮點:管理學院榮獲AACSB認證、與企業緊密結合、教師除具有會計資訊博士學位外另擁有專業證照、迎合產業需求創造加值的永續智慧會計就業人才、課程通過英國與澳洲會計師公會認證並與美國管理會計師公會簽訂MOU、每年多元企業捐款、免費專業證照與國考輔導、多元國際學習有全英文課程選項。
系網:https://ai.asia.edu.tw。連絡電話:(04)23323456#5401。"
13406,亞洲大學,財務金融學系智能投資組,第一類學群,9,16,1,15,底標,0,0,0,底標,0,0,在校學業成績全校排名百分比,學測國文、社會之級分總和,學測國文級分,學測社會級分,國語文學業成績總平均全校排名百分比,公民與社會學業成績總平均全校排名百分比,英語文學業成績總平均全校排名百分比,1、在校學業成績全校排名百分比 2、學測國文、社會之級分總和 3、學測國文級分 4、學測社會級分 5、國語文學業成績總平均全校排名百分比 6、公民與社會學業成績總平均全校排名百分比 7、英語文學業成績總平均全校排名百分比,,,,,,,本系著重專業理論與實務技能之教學，另本系設有多間財金專業實驗室，提供學生最完整之金融資訊化教學。智能投資組主要學習內容包括投資大數據分析、模擬證券交易、財富管理、共同基金管理、資產管理以及投資組合分析等。學系網頁：https://fn.asia.edu.tw/，電話(04)23323456#5481。本組別屬招生分組。
13407,亞洲大學,財務金融學系金融科技組,第一類學群,10,16,1,15,底標,0,0,0,0,0,0,在校學業成績全校排名百分比,學測國文級分,學測社會級分,學測英文級分,國語文學業成績總平均全校排名百分比,數學學業成績總平均全校排名百分比,英語文學業成績總平均全校排名百分比,1、在校學業成績全校排名百分比 2、學測國文級分 3、學測社會級分 4、學測英文級分 5、國語文學業成績總平均全校排名百分比 6、數學學業成績總平均全校排名百分比 7、英語文學業成績總平均全校排名百分比,,,,,,,本系著重專業理論與實務技能之教學，另本系設有多間財金專業實驗室，提供學生最完整之金融資訊化教學。金融科技組主要學習內容包括金融科技、金融大數據分析、模擬銀行實務、金融市場管理、各種金融商品投資以及風險管理等。學系網頁：https://fn.asia.edu.tw/，電話(04)23323456#5481。本組別屬招生分組。
13408,亞洲大學,財經法律學系,第一類學群,18,16,2,15,底標,0,0,0,0,0,0,在校學業成績全校排名百分比,學測國文級分,學測社會級分,學測英文級分,國語文學業成績總平均全校排名百分比,公民與社會學業成績總平均全校排名百分比,英語文學業成績總平均全校排名百分比,1、在校學業成績全校排名百分比 2、學測國文級分 3、學測社會級分 4、學測英文級分 5、國語文學業成績總平均全校排名百分比 6、公民與社會學業成績總平均全校排名百分比 7、英語文學業成績總平均全校排名百分比,,,,,,,"本系以培育財經及法律專才為目標，並且符應時代需要與提供學生就業為重點。本系之畢業生除可選擇進入國內外研究所進修或進入民間企業工作外，亦可參加傳統司法人員(法官、檢察官、書記官等)、律師、政府公務人員(法制人員)考試、記帳士、會計師等各種公務人員或專技人員考試。
系網：https://fel.asia.edu.tw/。電話：(04)23323456#5545"
13409,亞洲大學,社會工作學系家庭與司法保護社工組,第一類學群,7,16,2,15,0,0,0,0,底標,0,0,在校學業成績全校排名百分比,學測社會級分,學測國文級分,國語文學業成績總平均全校排名百分比,公民與社會學業成績總平均全校排名百分比,地理學業成績總平均全校排名百分比,歷史學業成績總平均全校排名百分比,1、在校學業成績全校排名百分比 2、學測社會級分 3、學測國文級分 4、國語文學業成績總平均全校排名百分比 5、公民與社會學業成績總平均全校排名百分比 6、地理學業成績總平均全校排名百分比 7、歷史學業成績總平均全校排名百分比,,,,,,,1.本系組旨在培育兼具家庭與司法保護之社會工作人才。畢業後可於縣市政府、學校、托育訪視、親子館、安置、兒少保護、家庭暴力防治、司法保護、社福中心、家庭福利服務中心等單位，從事直接服務與社會行政工作。2.本系核心課程符合社工師證照，並因應社安網與長照政策，規劃專業雙學程，入學後可適性調整系組或選修醫務與心衛學程。3.本系特色(1)國際化：海外實習、國際志工，強化國際能力與實踐。(2)深耕公部門產學合作，尤以家庭與兒少保護服務方案為主，教學結合理論實務，產學計畫鏈結實習與就業機會。(3)免費社工師證照輔導班，提昇就業及升學競爭力。4.系網：https://sw.asia.edu.tw/，電話：04-23323456# 5141。
13410,亞洲大學,社會工作學系醫務與心衛社工組,第一類學群,8,16,2,15,底標,0,0,0,0,0,0,在校學業成績全校排名百分比,學測國文級分,學測社會級分,國語文學業成績總平均全校排名百分比,公民與社會學業成績總平均全校排名百分比,地理學業成績總平均全校排名百分比,歷史學業成績總平均全校排名百分比,1、在校學業成績全校排名百分比 2、學測國文級分 3、學測社會級分 4、國語文學業成績總平均全校排名百分比 5、公民與社會學業成績總平均全校排名百分比 6、地理學業成績總平均全校排名百分比 7、歷史學業成績總平均全校排名百分比,,,,,,,1.本系組培育兼具醫務、心衛、長期照顧之社工人才。畢業可於醫院、長照機構、社區心理衛生中心、老人、身障、早期療育、附屬中亞聯大醫療體系單位，從事直接服務與社會行政工作。2.本系核心課程符合社工師證照，因應社安網與長照政策，規劃專業雙學程，入學後可調整系組或選修家庭與司法保護學程。3.本系特色(1)國際化：海外實習、國際志工實踐(2)深耕產學合作，結合理論實務，產學計畫鏈結實習與就業機會。(3)免費社工師證照班，提昇就業競爭力4.系網：https://sw.asia.edu.tw/，電話：04-23323456#5141。
13411,亞洲大學,幼兒教育學系,第一類學群,9,16,2,15,底標,0,0,0,0,0,0,在校學業成績全校排名百分比,學測國文級分,學測社會級分,學測英文級分,國語文學業成績總平均全校排名百分比,歷史學業成績總平均全校排名百分比,英語文學業成績總平均全校排名百分比,1、在校學業成績全校排名百分比 2、學測國文級分 3、學測社會級分 4、學測英文級分 5、國語文學業成績總平均全校排名百分比 6、歷史學業成績總平均全校排名百分比 7、英語文學業成績總平均全校排名百分比,,,,,,,"1.本系為師資培育學系,於入學後通過師資生甄選程序後,可修習師資培育學程。
2.國文與社會二科達前標者，直接錄取為師資生，不需再參加師資生甄選。
3.規劃雙專業選修學程與雙跨領域學程,培養專業斜槓人才。
4.證照獲得與多元出路:可取得幼教師證、教保員、保母技術士資格,服務0-6歲兒童或產業界。
5.可應徵公私立幼兒園、托嬰中心、文教機構、e化教材編製、教具玩具設計,亦可攻讀國內外碩博士班。
6.系網:https://ece.asia.edu.tw/分機5721 。"
13412,亞洲大學,數位媒體設計學系,第一類學群,15,16,2,15,底標,0,0,0,0,0,0,在校學業成績全校排名百分比,學測國文級分,學測社會級分,學測英文級分,國語文學業成績總平均全校排名百分比,公民與社會學業成績總平均全校排名百分比,英語文學業成績總平均全校排名百分比,1、在校學業成績全校排名百分比 2、學測國文級分 3、學測社會級分 4、學測英文級分 5、國語文學業成績總平均全校排名百分比 6、公民與社會學業成績總平均全校排名百分比 7、英語文學業成績總平均全校排名百分比,,,,,,,亞洲大學數位媒體設計學系，強調實務導向教學、聘請業界師資以師徒制方式，讓學生體驗在實際場域中，學習掌握跨領域知識技能並擁有多元競爭力，目標培養具「動漫遊戲」與「視覺傳達」之專業設計人才。同時，學系具完整學制，從大學部到碩士班及博士班，可一氣呵完成人生學業的最高學籍。系網https://dmd.asia.edu.tw/，電話(04)23323456#1062。
13413,亞洲大學,創意商品設計學系,第一類學群,4,16,2,15,底標,0,0,0,0,0,0,在校學業成績全校排名百分比,學測國文級分,國語文學業成績總平均全校排名百分比,英語文學業成績總平均全校排名百分比,地理學業成績總平均全校排名百分比,歷史學業成績總平均全校排名百分比,公民與社會學業成績總平均全校排名百分比,1、在校學業成績全校排名百分比 2、學測國文級分 3、國語文學業成績總平均全校排名百分比 4、英語文學業成績總平均全校排名百分比 5、地理學業成績總平均全校排名百分比 6、歷史學業成績總平均全校排名百分比 7、公民與社會學業成績總平均全校排名百分比,,,,,,,"一、課程內容以漸進式安排理論及實作，學習商品從設計發想至行銷上市過程，將心中創意具體且完整商品化。
提供國內外設計比賽與實習機會，厚植學生專業能力，培養具前瞻與國際的優質商品設計人才。畢業可以就業或
逕讀本系碩士班。
二、創意商品設計學系網址：https://cpd.asia.edu.tw，電話(04)23323456#1052。"
13414,亞洲大學,時尚設計學系,第一類學群,4,16,2,15,底標,0,0,0,0,0,0,在校學業成績全校排名百分比,學測國文級分,學測社會級分,學測英文級分,國語文學業成績總平均全校排名百分比,英語文學業成績總平均全校排名百分比,公民與社會學業成績總平均全校排名百分比,1、在校學業成績全校排名百分比 2、學測國文級分 3、學測社會級分 4、學測英文級分 5、國語文學業成績總平均全校排名百分比 6、英語文學業成績總平均全校排名百分比 7、公民與社會學業成績總平均全校排名百分比,,,,,,,"1.本系課程以「時尚服裝造型設計」、「服飾精品創意設計」為核心，從理論紮根著手，並藉由設計創作、展演規劃與執行，培養具文化性、前瞻性、國際性優質時尚設計能力之人才，進而養成就業及深造之專業知能。
2.課程內容包含理論及實作（如服裝設計、金工設計、造型設計、彩妝設計、精品設計、色彩計畫…等），需具備顏色辨別能力。
3.為提升學生國際移動力，提供國內外實習機會。
4.系網：http://dfd.asia.edu.tw，電話(04)23323456轉1068。"
13415,亞洲大學,室內設計學系商業空間組,第一類學群,2,16,0,0,底標,0,0,0,0,0,0,在校學業成績全校排名百分比,學測國文級分,學測英文級分,學測社會級分,國語文學業成績總平均全校排名百分比,歷史學業成績總平均全校排名百分比,數學學業成績總平均全校排名百分比,1、在校學業成績全校排名百分比 2、學測國文級分 3、學測英文級分 4、學測社會級分 5、國語文學業成績總平均全校排名百分比 6、歷史學業成績總平均全校排名百分比 7、數學學業成績總平均全校排名百分比,,,,,,,"1.招收對室內商業空間設計具有高度熱忱之優秀學生。歡迎具備藝術、設計創作潛能之學生選擇本系。
2.本系重視國際交流，學生獲得推薦後可赴海外學習，強化國際視野與就業競爭力。
3.工作出路：室內設計師、家具設計師、景觀設計師、展示設計師、動畫設計師等工作。
4.系網：https://id.asia.edu.tw，電話(04)23323456分機1083。本組別屬招生分組。"
13416,亞洲大學,室內設計學系住宅空間組,第一類學群,2,16,1,15,底標,0,0,0,0,0,0,在校學業成績全校排名百分比,學測國文級分,學測英文級分,學測社會級分,國語文學業成績總平均全校排名百分比,歷史學業成績總平均全校排名百分比,數學學業成績總平均全校排名百分比,1、在校學業成績全校排名百分比 2、學測國文級分 3、學測英文級分 4、學測社會級分 5、國語文學業成績總平均全校排名百分比 6、歷史學業成績總平均全校排名百分比 7、數學學業成績總平均全校排名百分比,,,,,,,"1.招收對室內住宅空間設計具有高度熱忱之優秀學生。歡迎具備藝術、設計創作潛能之學生選擇本系。
2.本系重視國際交流，學生獲得推薦後可赴海外學習，強化國際視野與就業競爭力。
3.工作出路：室內設計師、家具設計師、景觀設計師、展示設計師、動畫設計師等工作。
4.系網：https://id.asia.edu.tw，電話(04)23323456分機1083。本組別屬招生分組。"
13417,亞洲大學,生物資訊與醫學工程學系,第二類學群,10,5,1,5,底標,0,0,0,0,0,0,在校學業成績全校排名百分比,數學學業成績總平均全校排名百分比,生物學業成績總平均全校排名百分比,資訊科技學業成績總平均全校排名百分比,化學學業成績總平均全校排名百分比,物理學業成績總平均全校排名百分比,英語文學業成績總平均全校排名百分比,1、在校學業成績全校排名百分比 2、數學學業成績總平均全校排名百分比 3、生物學業成績總平均全校排名百分比 4、資訊科技學業成績總平均全校排名百分比 5、化學學業成績總平均全校排名百分比 6、物理學業成績總平均全校排名百分比 7、英語文學業成績總平均全校排名百分比,,,,,,,本系分為兩大領域: (1) 生醫資訊組旨在培養以資訊技術應用於醫療、健康與生物相關的領域之人才。(2) 醫學工程組旨在培養具工程技術並可整合生物、醫療技術應用於醫學之人才。畢業後可從事精準醫療、藥物開發、醫療資訊系統與醫療器材設計、醫學材料研發、電子醫療設備醫學設備品保、安規、維修、醫療3D列印等相關工作。系網：bime.asia.edu.tw，電話(04)23323456#6193。
13418,亞洲大學,資訊工程學系人工智慧與機器人組,第二類學群,8,5,2,5,底標,0,底標,底標,0,0,0,在校學業成績全校排名百分比,學測國文級分,學測英文級分,國語文學業成績總平均全校排名百分比,英語文學業成績總平均全校排名百分比,數學學業成績總平均全校排名百分比,資訊科技學業成績總平均全校排名百分比,1、在校學業成績全校排名百分比 2、學測國文級分 3、學測英文級分 4、國語文學業成績總平均全校排名百分比 5、英語文學業成績總平均全校排名百分比 6、數學學業成績總平均全校排名百分比 7、資訊科技學業成績總平均全校排名百分比,,,,,,,"培育人工智慧與機器人領域的專業科技人才，結合AI技術與機器人應用，提供學生完整的理論與實務課程，涵蓋
人工智慧、機器學習、機器人控制等，強化跨領域整合能力，並培養創新思維與解決問題的技能。系網：http:/
/csie.asia.edu.tw，電話(04)23323456#6101、6181。本組別屬招生分組。"
13419,亞洲大學,資訊工程學系半導體資訊組,第二類學群,8,5,1,5,0,底標,底標,底標,0,0,0,在校學業成績全校排名百分比,學測英文級分,學測國文級分,英語文學業成績總平均全校排名百分比,數學學業成績總平均全校排名百分比,國語文學業成績總平均全校排名百分比,資訊科技學業成績總平均全校排名百分比,1、在校學業成績全校排名百分比 2、學測英文級分 3、學測國文級分 4、英語文學業成績總平均全校排名百分比 5、數學學業成績總平均全校排名百分比 6、國語文學業成績總平均全校排名百分比 7、資訊科技學業成績總平均全校排名百分比,,,,,,,"培育半導體資訊領域的專業科技人才，專注於晶片設計、製造與測試技術，結合前沿科技，提升學生的創新能力
與跨領域專業素養，應對產業需求。系網：http://csie.asia.edu.tw，電話(04)23323456#6101、6181。本組別屬
招生分組。"
13420,亞洲大學,人工智慧學系,第二類學群,8,5,2,5,底標,0,0,0,底標,0,0,在校學業成績全校排名百分比,學測國文級分,學測社會級分,國語文學業成績總平均全校排名百分比,歷史學業成績總平均全校排名百分比,地理學業成績總平均全校排名百分比,公民與社會學業成績總平均全校排名百分比,1、在校學業成績全校排名百分比 2、學測國文級分 3、學測社會級分 4、國語文學業成績總平均全校排名百分比 5、歷史學業成績總平均全校排名百分比 6、地理學業成績總平均全校排名百分比 7、公民與社會學業成績總平均全校排名百分比,,,,,,,"本系培育人工智慧應用人才，專注於AI技術解決實際問題，以「智慧應用」及「智慧商務」為教學核心，強調AI
技術在多媒體設計、虛擬實境(VR)、學習科技、與智慧商業數據分析等的實際應用。整合本校資電學院及亞大附
屬醫院AI系統及設備，提供學生實際操作學習及證照考試，學用零落差。系網：https://mcma.asia.edu.tw/"
13421,亞洲大學,半導體學士學位學程,第二類學群,5,5,1,5,0,0,底標,底標,0,0,0,在校學業成績全校排名百分比,學測國文級分,學測英文級分,國語文學業成績總平均全校排名百分比,英語文學業成績總平均全校排名百分比,數學學業成績總平均全校排名百分比,學測國文、英文之級分總和,1、在校學業成績全校排名百分比 2、學測國文級分 3、學測英文級分 4、國語文學業成績總平均全校排名百分比 5、英語文學業成績總平均全校排名百分比 6、數學學業成績總平均全校排名百分比 7、學測國文、英文之級分總和,,,,,,,本學程培育半導體專業人才，強調跨域整合與創新應用，以「IC設計」及「永續製造」為核心，著重於晶片設計、製程整合、封裝測試及材料開發等領域的實務應用。結合「智慧半導體設計與永續製造研究中心」與「資訊電機學院」資源，並導入聯發科、NVIDIA、台積電、聯電、矽品科技等國際大廠所需專業知識，提供學生專題實作與國際證照輔導，學用無縫接軌。畢業後可投入晶片設計、晶圓製造、封裝測試及跨域產業，成為具備國際競爭力的即戰力人才。系網：https://semi.asia.edu.tw/
13422,亞洲大學,健康產業管理學系跨領域高齡智慧照顧組,第三類學群,8,15,1,14,底標,0,0,0,0,0,0,在校學業成績全校排名百分比,學測國文級分,國語文學業成績總平均全校排名百分比,生活科技學業成績總平均全校排名百分比,資訊科技學業成績總平均全校排名百分比,學測英文級分,數學學業成績總平均全校排名百分比,1、在校學業成績全校排名百分比 2、學測國文級分 3、國語文學業成績總平均全校排名百分比 4、生活科技學業成績總平均全校排名百分比 5、資訊科技學業成績總平均全校排名百分比 6、學測英文級分 7、數學學業成績總平均全校排名百分比,,,,,,,畢業生可擔任照顧管理專員或督導、居家服務督導員、個案管理師、衛生行政機關公職、高齡活動指導員或經營長照機構。畢業時即具備擔任「居家服務督導員」的資格。此外，學生可報考公共衛生師，若選修醫療機構管理學程，畢業後可從事醫務行政管理工作。本系組課程設計涵蓋公共衛生核心課程，主修長期照顧管理學程，選修醫療機構管理學程，培養具備長期照顧、公共衛生及醫療機構管理跨領域專業知識的人才，且培育人工智慧應用能力。本系設有碩士班，提供學生在五年內完成學士及及碩士學位的途徑。更多資訊請參閱系網頁（https://ha.asia.edu.tw/）或致電（04-23323456分機5121）。
13423,亞洲大學,食品營養與保健生技學系食品營養組,第三類學群,10,15,1,14,底標,0,0,0,0,0,0,在校學業成績全校排名百分比,學測國文級分,學測英文級分,學測國文、英文之級分總和,國語文學業成績總平均全校排名百分比,英語文學業成績總平均全校排名百分比,數學學業成績總平均全校排名百分比,1、在校學業成績全校排名百分比 2、學測國文級分 3、學測英文級分 4、學測國文、英文之級分總和 5、國語文學業成績總平均全校排名百分比 6、英語文學業成績總平均全校排名百分比 7、數學學業成績總平均全校排名百分比,,,,,,,本系以精準食養為人才培育目標，畢業學生同時具有營養師以及食品技師國考資格，課程及師資涵蓋食品保健、營養科學、中醫藥學及粧品科技四大領域，在學期間即輔導團體報名考取專業證照：保健食品工程師、食品品保工程師、HACCP(基礎/進階)、中餐技術士、烘焙技術士。本系從預防醫學與藥食同源的角度，以精準營養支援全年齡不同補充需求，延緩人體機能老化與疾病，提升本系畢業學生於健康產業之價值。系網：http://als.asia.edu.tw，電話(04)23323456#5161。
13424,亞洲大學,食品營養與保健生技學系藥用化粧品醫美組,第三類學群,6,15,1,14,底標,0,0,0,0,0,0,在校學業成績全校排名百分比,學測國文級分,學測英文級分,學測國文、英文之級分總和,國語文學業成績總平均全校排名百分比,英語文學業成績總平均全校排名百分比,數學學業成績總平均全校排名百分比,1、在校學業成績全校排名百分比 2、學測國文級分 3、學測英文級分 4、學測國文、英文之級分總和 5、國語文學業成績總平均全校排名百分比 6、英語文學業成績總平均全校排名百分比 7、數學學業成績總平均全校排名百分比,,,,,,,本系以藥粧醫美研發為人才培育目標，大學日間部設有二組學程：食品營養學程與藥粧醫美學程，課程及師資涵蓋食品保健、營養科學、中醫藥學及粧品科技四大領域，在學期間即輔導團體報名考取專業證照：化粧品專業技術人員、國際芳香調理師、美甲彩繪乙/丙級證照、化妝品GMP品保工程師、化粧品安全資料簽署人員、美容醫學美容師、美容丙乙級技術士。本系以美容醫學，天然本草芳香療法等多元面向，延緩人體機能老化與疾病，提升本系畢業學生於健康產業之價值。系網：http://als.asia.edu.tw，電話：(04)23323456#5161。
13425,亞洲大學,醫學檢驗暨生物技術學系醫事檢驗組,第三類學群,10,15,1,14,0,後標,0,0,0,後標,0,在校學業成績全校排名百分比,學測國文、英文、自然之級分總和,學測自然級分,學測英文級分,學測國文級分,化學學業成績總平均全校排名百分比,生物學業成績總平均全校排名百分比,1、在校學業成績全校排名百分比 2、學測國文、英文、自然之級分總和 3、學測自然級分 4、學測英文級分 5、學測國文級分 6、化學學業成績總平均全校排名百分比 7、生物學業成績總平均全校排名百分比,,,,,,,本系著重醫事檢驗與生物科技雙專長之培育，並致力發展精準檢驗為目標。課程涵蓋基礎及臨床醫學專業科目，並加強醫事檢驗國家考試核心科目，待完成臨床實習課程，可報考「醫事檢驗師」專門技術高等考試，取得醫檢師證照，可就近至亞洲大學附屬醫院、各醫療機構、生技公司、檢驗所等工作。本系有大量實務操作課程，學生均需透過親自操作儀器奠定醫學基礎專業知識與實驗技能，部分實驗須透過色彩判定實驗結果 ， 且具有一定危險性，需有能力即時移動身軀遠離危險現場。
13426,亞洲大學,醫學檢驗暨生物技術學系生物技術組,第三類學群,10,15,2,14,0,後標,0,0,0,後標,0,在校學業成績全校排名百分比,學測國文、英文、自然之級分總和,學測自然級分,學測英文級分,學測國文級分,化學學業成績總平均全校排名百分比,生物學業成績總平均全校排名百分比,1、在校學業成績全校排名百分比 2、學測國文、英文、自然之級分總和 3、學測自然級分 4、學測英文級分 5、學測國文級分 6、化學學業成績總平均全校排名百分比 7、生物學業成績總平均全校排名百分比,,,,,,,本系著重醫事檢驗與生物科技雙專長之培育，並致力發展精準檢驗為目標。課程涵蓋基礎及臨床醫學專業科目，並加強醫事檢驗國家考試核心科目，待完成臨床實習課程，可報考「醫事檢驗師」專門技術高等考試，取得醫檢師證照，可就近至亞洲大學附屬醫院、各醫療機構、生技公司、檢驗所等工作。本系有大量實務操作課程，學生均需透過親自操作儀器奠定醫學基礎專業知識與實驗技能，部分實驗須透過色彩判定實驗結果 ， 且具有一定危險性，需有能力即時移動身軀遠離危險現場。
13427,亞洲大學,心理學系心理師研修組,第三類學群,4,15,0,0,0,底標,0,0,0,底標,0,在校學業成績全校排名百分比,學測英文、自然之級分總和,學測英文級分,學測自然級分,英語文學業成績總平均全校排名百分比,生物學業成績總平均全校排名百分比,國語文學業成績總平均全校排名百分比,1、在校學業成績全校排名百分比 2、學測英文、自然之級分總和 3、學測英文級分 4、學測自然級分 5、英語文學業成績總平均全校排名百分比 6、生物學業成績總平均全校排名百分比 7、國語文學業成績總平均全校排名百分比,,,,,,,本系旨在培養具有心理歷程與人際互動行為的詮釋、評估及改變能力之心理學專業人才。心理師研修組除紮根心理歷程與心理測驗知能外，特別加強變態與臨床心理學、心理諮商與輔導等理論與實務技能訓練，以易及早發展臨床心理師、諮商心理師之專業助人生涯。本組採專案指導方式，指導學習與生涯發展計劃、畢業專題及實務學習，重點培養臨床心理師或諮商心理師。系網https://psy.asia.edu.tw/。電話0423323456分機5712。本組別屬招生分組。
13428,亞洲大學,心理學系諮商與臨床心理組,第三類學群,10,15,1,14,底標,底標,0,0,0,0,0,在校學業成績全校排名百分比,學測國文、英文之級分總和,學測英文級分,學測國文級分,英語文學業成績總平均全校排名百分比,國語文學業成績總平均全校排名百分比,公民與社會學業成績總平均全校排名百分比,1、在校學業成績全校排名百分比 2、學測國文、英文之級分總和 3、學測英文級分 4、學測國文級分 5、英語文學業成績總平均全校排名百分比 6、國語文學業成績總平均全校排名百分比 7、公民與社會學業成績總平均全校排名百分比,,,,,,,"本系旨在培養具有心理歷程與人際互動行為的詮釋、評估及改變能力之心理學專業人才。諮商與臨床心理組除紮
根心理歷程與心理測驗知能外，加強變態與臨床心理學、心理諮商與輔導等理論與實務訓練，並能提供情緒、思
考及人際溝通技巧訓練，協助心理問題的評估與處置。可從事學校、心理衛生機構諮商輔導工作；或家事調查官
觀護人、心理測驗員、心理輔導員等公職考試；或進修諮商心理、臨床心理碩班，再參加心理師國考。系網http
s://psy.asia.edu.tw/，電話(04)23323456分機5712。本組別屬招生分組。"
13429,亞洲大學,視光學系,第三類學群,21,15,2,14,底標,底標,0,0,0,0,0,在校學業成績全校排名百分比,學測英文級分,學測國文級分,數學學業成績總平均全校排名百分比,英語文學業成績總平均全校排名百分比,學測自然級分,生物學業成績總平均全校排名百分比,1、在校學業成績全校排名百分比 2、學測英文級分 3、學測國文級分 4、數學學業成績總平均全校排名百分比 5、英語文學業成績總平均全校排名百分比 6、學測自然級分 7、生物學業成績總平均全校排名百分比,,,,,,,本系主要培育衛福部第15類醫事人員-驗光師，提供視光專業知能與視光科學研究之接軌國際全方位教育，培養學生技能與知識並重，成為具備視光多元能力之專業人才。通過國家高考取得「驗光師」證照，可任職於視光中心、眼科、驗光所或視光相關產業(隱形眼鏡、鏡片或儀器等)。臨床操作實驗為本系學習之重點，需具一定視力及辨色能力，適合細心沉穩、個性活潑、具人際互動溝通協調能力，並能管控自身情緒者。系網https://opt.asia.edu.tw/，電話：(04)23323456#5131。
13430,亞洲大學,聽力暨語言治療學系,第三類學群,18,15,3,14,0,底標,0,0,0,底標,0,在校學業成績全校排名百分比,學測英文、自然之級分總和,學測自然級分,學測英文級分,數學學業成績總平均全校排名百分比,生物學業成績總平均全校排名百分比,英語文學業成績總平均全校排名百分比,1、在校學業成績全校排名百分比 2、學測英文、自然之級分總和 3、學測自然級分 4、學測英文級分 5、數學學業成績總平均全校排名百分比 6、生物學業成績總平均全校排名百分比 7、英語文學業成績總平均全校排名百分比,,,,,,,"1.本系培育國考證照之「語言治療師」及「聽力師」，從事語言障礙，吞障礙，及聽力障礙評估、治療與復健。學生畢業後參加國家專技高考，取得「語言治療師」及「聽力師」證照，進入醫院、復健中心、學校、早期療育機構、長期照護機構、居家照護、聽覺輔具公司等工作，更能自行開設語言治療所及聽力所，職場明確且多元。
2.本系課程內容包含理論、實作、及實習(含解剖生理，聽語病理，聽語障礙評估及復健，聽語實作，醫院實習等)，宜具備適當的聽力、語言能力、辨色能力、溝通能力及精神狀態。
3.系網：http://audslp.asia.edu.tw，電話(04)23323456#6391。"
13431,亞洲大學,職能治療學系,第三類學群,19,15,3,14,底標,底標,0,0,0,0,0,在校學業成績全校排名百分比,英語文學業成績總平均全校排名百分比,學測英文級分,學測國文、英文之級分總和,國語文學業成績總平均全校排名百分比,學測國文級分,數學學業成績總平均全校排名百分比,1、在校學業成績全校排名百分比 2、英語文學業成績總平均全校排名百分比 3、學測英文級分 4、學測國文、英文之級分總和 5、國語文學業成績總平均全校排名百分比 6、學測國文級分 7、數學學業成績總平均全校排名百分比,,,,,,,1.本系培養職能治療專業人才，學生畢業後即具備國家「職能治療師」專技高考資格，取得國家證照後，可進入醫療院所之復健科或身心科、兒童發展中心、早期療育機構、衛服部療養中心、長期照護機構、學校單位、職業復健中心、科技輔具公司等專業領域擔任職能治療師工作，亦能自行開設治療所。2.本系學習重點包含：分析與統整各種專業理論、理解與操作專業醫療評量工具、演練及應用各種治療技術等，宜具備適當視覺、聽覺、語言、辨色、溝通及情緒控管能力。3.學生宜具備下列人格特質：喜歡與人互動、能獨立思考與創新、具服務熱誠。4.學系網頁http://ot.asia.edu.tw，學系電話：04-23323456#6362。
13432,亞洲大學,物理治療學系,第三類學群,16,15,2,14,0,底標,0,0,0,底標,0,在校學業成績全校排名百分比,學測國文、英文、自然之級分總和,學測英文級分,學測自然級分,學測國文級分,英語文學業成績總平均全校排名百分比,生物學業成績總平均全校排名百分比,1、在校學業成績全校排名百分比 2、學測國文、英文、自然之級分總和 3、學測英文級分 4、學測自然級分 5、學測國文級分 6、英語文學業成績總平均全校排名百分比 7、生物學業成績總平均全校排名百分比,,,,,,,本系教育宗旨為培養卓越的物理治療專業人才，除了必修四大專科（神經物理治療、肌骨物理治療、小兒物理治療及心肺物理治療），另可選修『物理治療與長期照護』或『運動物理治療』特色學程，學生宜具有良好體能、視、聽覺功能、口語表達、人際溝通、協調及情緒控管能力。畢業生除具備物理治療師專技高考資格及多元的進修管道外，取得物理治療師證照後，可擔任醫院、學校、特教、長照、社福等機構及運動團隊之物理治療師，科技輔具研發及銷售，也可自行設立物理治療所及相關科技產品公司。系網：http://pt.asia.edu.tw，電話 (04)23323456 #6551。
13433,亞洲大學,護理學系國際護理組,第三類學群,15,15,1,14,0,底標,0,0,0,0,0,在校學業成績全校排名百分比,學測國文、英文之級分總和,學測英文級分,學測國文級分,英語文學業成績總平均全校排名百分比,國語文學業成績總平均全校排名百分比,數學學業成績總平均全校排名百分比,1、在校學業成績全校排名百分比 2、學測國文、英文之級分總和 3、學測英文級分 4、學測國文級分 5、英語文學業成績總平均全校排名百分比 6、國語文學業成績總平均全校排名百分比 7、數學學業成績總平均全校排名百分比,,,,,,,1.本系組旨在培育照顧國際病患、配合國際醫療支援及具跨國移動力之國際護理人才，入學後修讀考選部規定之考照必修課程及國際護理學程(含全英課程及美、日、澳、新加坡多國國際護理實習)，畢業時得報考護理師國家考試。此外，為增進就業競爭力，特調整課程規劃含18學分以上公衛師考照課程，依公衛師法得報考公共衛生師國考。2.入學後得申請中醫大雙主修、輔系，並可申請亞大附醫在學獎助學金一年13萬、四年52萬，畢業後立即就業。3.本系具大量實務操作課程，適合健康體魄、細心沉穩、能管控情緒者，大一下可依生涯規劃調整所選系組。4.本組別屬招生分組。電話(04)23323456#5151。網址https://nur.asia.edu.tw/
13434,亞洲大學,護理學系智慧護理組,第三類學群,5,15,1,14,0,底標,0,0,0,0,0,在校學業成績全校排名百分比,學測國文、英文之級分總和,學測英文級分,學測國文級分,英語文學業成績總平均全校排名百分比,國語文學業成績總平均全校排名百分比,數學學業成績總平均全校排名百分比,1、在校學業成績全校排名百分比 2、學測國文、英文之級分總和 3、學測英文級分 4、學測國文級分 5、英語文學業成績總平均全校排名百分比 6、國語文學業成績總平均全校排名百分比 7、數學學業成績總平均全校排名百分比,,,,,,,1.本系組旨在培育AI與護理跨域應用人才，入學後需修讀考選部規定之考照必修課程及智慧護理學程(含人工智慧概論、智慧人機互動、生成式AI醫療照護應用等跨域課程)，畢業時得報考護理師國家考試。此外，為增進就業競爭力，特調整課程規劃含18學分以上公衛師考照課程，依公衛師法得報考公共衛生師國考。2.入學後得申請中醫大雙主修、輔系，並可申請亞大附醫在學獎助學金一年13萬、四年52萬，畢業後立即就業。3.本系具大量實務操作課程，適合健康體魄、細心沉穩、能管控情緒者，大一下可依生涯規劃調整所選系組。4.本組別屬招生分組。電話(04)23323456#5151。網址https://nur.asia.edu.tw/
13435,亞洲大學,護理學系臨床照護組,第三類學群,18,15,1,14,0,底標,0,0,0,0,0,在校學業成績全校排名百分比,學測國文、英文之級分總和,學測英文級分,學測國文級分,英語文學業成績總平均全校排名百分比,國語文學業成績總平均全校排名百分比,數學學業成績總平均全校排名百分比,1、在校學業成績全校排名百分比 2、學測國文、英文之級分總和 3、學測英文級分 4、學測國文級分 5、英語文學業成績總平均全校排名百分比 6、國語文學業成績總平均全校排名百分比 7、數學學業成績總平均全校排名百分比,,,,,,,1.本組旨在深化臨床照護知識與技能，入學後需修讀考選部規定之考照必修課程及臨床護理學程(含臨床護理資訊應用、實證護理、護病溝通等實務課程)，畢業時得報考護理師國家考試。此外，為增進就業競爭力，特調整課程規劃含18學分以上公衛師考照課程，依公衛師法得報考公共衛生師國考。2.入學後得申請中醫大雙主修、輔系，並可申請亞大附醫在學獎助學金一年13萬、四年52萬，畢業後立即就業。3.本系具大量實務操作課程，適合健康體魄、細心沉穩、能管控情緒者，大一下可依生涯規劃調整所選系組。4.本組別屬招生分組。電話(04)23323456#5151。網址https://nur.asia.edu.tw/
13436,亞洲大學,長期照護學系,第三類學群,4,15,1,14,底標,0,0,0,0,0,0,在校學業成績全校排名百分比,學測國文級分,國語文學業成績總平均全校排名百分比,學測國文、英文之級分總和,英語文學業成績總平均全校排名百分比,學測英文級分,數學學業成績總平均全校排名百分比,1、在校學業成績全校排名百分比 2、學測國文級分 3、國語文學業成績總平均全校排名百分比 4、學測國文、英文之級分總和 5、英語文學業成績總平均全校排名百分比 6、學測英文級分 7、數學學業成績總平均全校排名百分比,,,,,,,本系旨在培育照顧管理、健促復能、長照公衛、創新創業及福祉科技五業合一之長期照護專業實務人才，具「照顧服務職類」、「銀髮健康促進管理」、「公共衛生師(畢業可報考公衛師國考)」、「長照創新創業」、「長期照護人工智慧應用」五大模組課程，銜接長照多元就業領域，可擔任個案管理師、照顧管理專員或督導、居家服務督導、長照公部門人員、居家/社區/機構各類型長照服務負責人或投入長照智慧科技產業。本系隸屬護理學院，長照實務技能培育紮實，入學後可申請護理學系雙主修。亞大附醫(含住宿長照機構)提供在學四年獎助學金，畢業立即就業。本系具實務操作，適合健康體魄、細心沉穩，能管控情緒者。
15001,國立宜蘭大學,外國語文學系,第一類學群,18,3,2,3,0,均標,0,0,0,0,0,在校學業成績全校排名百分比,學測英文級分,英語文學業成績總平均全校排名百分比,學測國文級分,學測社會級分,國語文學業成績總平均全校排名百分比,公民與社會學業成績總平均全校排名百分比,1、在校學業成績全校排名百分比 2、學測英文級分 3、英語文學業成績總平均全校排名百分比 4、學測國文級分 5、學測社會級分 6、國語文學業成績總平均全校排名百分比 7、公民與社會學業成績總平均全校排名百分比,,,,,,,"一、本系課程包含英文基礎與進階語言訓練，西洋文學、應用語言學與英語教學、第二外語和應用類課程，以培育學生之人文素養、國際視野和職場競爭力。
二、本系積極培養學生跨領域之專長。
三、本系設有「國際商務溝通碩士班」，有志深造之同學最快五年可取得學士及碩士學位。
四、聯絡電話：03-9357400轉7882
五、本系網址：https://dfll.niu.edu.tw/"
15002,國立宜蘭大學,應用經濟與管理學系,第一類學群,15,3,6,3,後標,0,0,0,0,0,0,在校學業成績全校排名百分比,學測社會級分,學測數學B級分,數學學業成績總平均全校排名百分比,學測英文級分,英語文學業成績總平均全校排名百分比,學測國文級分,1、在校學業成績全校排名百分比 2、學測社會級分 3、學測數學B級分 4、數學學業成績總平均全校排名百分比 5、學測英文級分 6、英語文學業成績總平均全校排名百分比 7、學測國文級分,,,,,,,"一、本系秉持延後分流、適性揚才、跨領域學習、縮短學用落差之精神，將課程分為「經營管理」、「國際經營與貿易」、「財務金融」、「休閒經濟與管理」四個專業學群；並以「內部考核」與「外部考核」雙管並進的方式，確保學生學習成效。
二、聯絡電話：03-9357400轉7842、7843
三、本系網址：https://aem.niu.edu.tw/"
15003,國立宜蘭大學,休閒產業與健康促進學系,第一類學群,17,3,2,3,0,後標,0,0,0,0,0,在校學業成績全校排名百分比,學測國文級分,學測國文、英文、社會之級分總和,英語文學業成績總平均全校排名百分比,學測英文級分,國語文學業成績總平均全校排名百分比,學測社會級分,1、在校學業成績全校排名百分比 2、學測國文級分 3、學測國文、英文、社會之級分總和 4、英語文學業成績總平均全校排名百分比 5、學測英文級分 6、國語文學業成績總平均全校排名百分比 7、學測社會級分,,,,,,,"一、本系為具商管基礎並在休閒產業下整合觀光休閒與運動健康兩大領域於一系之教學單位，其課程主要著重於「經營管理」、「觀光休閒」與「運動健康」。
二、本系安排320小時校外實習，提升學生就業力。
三、本系設有「運動與健康管理碩士班」，可申請繼續修讀碩士學位，只需多一年即可取得碩士學位。
四、聯絡電話：03-9357400轉7971；本系網址：https：//leisure.niu.edu.tw/"
15004,國立宜蘭大學,土木工程學系,第二類學群,39,8,3,8,0,0,後標,0,0,0,0,在校學業成績全校排名百分比,學測自然級分,物理學業成績總平均全校排名百分比,學測數學A級分,數學學業成績總平均全校排名百分比,學測英文級分,英語文學業成績總平均全校排名百分比,1、在校學業成績全校排名百分比 2、學測自然級分 3、物理學業成績總平均全校排名百分比 4、學測數學A級分 5、數學學業成績總平均全校排名百分比 6、學測英文級分 7、英語文學業成績總平均全校排名百分比,,,,,,,"一、土木相關產業就業率皆高於其他工程行業，薪資待遇令人滿意。
二、教學領域：結構工程、大地工程、材料工程、水資源工程、測量及空間資訊、營建管理。
三、本系獲中華工程教育學會(IEET)國際認證，學歷與世界接軌受國際認可。
四、本系提供土木系專屬獎學金、助學金、緊急救難金、國際級競賽助學金等。
五、聯絡電話：03-9357400轉7530，本系網址：https://civil.niu.edu.tw/"
15005,國立宜蘭大學,機械與機電工程學系,第二類學群,26,8,1,8,0,0,後標,0,0,0,0,在校學業成績全校排名百分比,學測自然級分,物理學業成績總平均全校排名百分比,學測數學A級分,數學學業成績總平均全校排名百分比,學測英文級分,英語文學業成績總平均全校排名百分比,1、在校學業成績全校排名百分比 2、學測自然級分 3、物理學業成績總平均全校排名百分比 4、學測數學A級分 5、數學學業成績總平均全校排名百分比 6、學測英文級分 7、英語文學業成績總平均全校排名百分比,,,,,,,一、本系積極投入綠能、節能、電動車、智慧機械與製造及AI自動化之基礎跨領域整合研究，開設智慧機械設計與製造學分學程、熱流與能源學分學程課程、機電整合學分學程之相關課程；歡迎有志學習先進智慧機電設計與應用專業知識同學報考本系。二、本系提供產學合作實習及國外交換學習的機會，同時自2006年起通過「中華工程教育學會」(IEET)國際工程與科技教育認證，學歷與世界接軌，倍受國際認可。三、聯絡電話：03-9357400轉7454。四、本系網址：https://niume.niu.edu.tw/
15006,國立宜蘭大學,化學工程與材料工程學系,第二類學群,32,8,1,8,0,0,後標,0,0,0,0,在校學業成績全校排名百分比,學測數學A級分,學測國文、英文、數學A、自然之級分總和,化學學業成績總平均全校排名百分比,學測自然級分,物理學業成績總平均全校排名百分比,數學學業成績總平均全校排名百分比,1、在校學業成績全校排名百分比 2、學測數學A級分 3、學測國文、英文、數學A、自然之級分總和 4、化學學業成績總平均全校排名百分比 5、學測自然級分 6、物理學業成績總平均全校排名百分比 7、數學學業成績總平均全校排名百分比,,,,,,,"一、本系招收對化工與材料工程相關領域有興趣之高中職學生。
二、本系課程主要培育學生兼具化工及材料專業知識，並推展運用於綠色科技製程、綠色能源技術、生物科技、人工智能以及新興科技材料的開發，理論與實務兼備。
三、本系獲IEET中華工程教育學會國際認證，辦學績效獲國際肯定。
四、聯絡電話：03-9357400轉7492；本系網址：https：//chem.niu.edu.tw/"
15007,國立宜蘭大學,環境工程學系,第二類學群,19,8,1,8,0,0,0,0,0,後標,0,在校學業成績全校排名百分比,學測國文、英文、數學A、自然之級分總和,數學學業成績總平均全校排名百分比,學測數學A級分,化學學業成績總平均全校排名百分比,英語文學業成績總平均全校排名百分比,學測自然級分,1、在校學業成績全校排名百分比 2、學測國文、英文、數學A、自然之級分總和 3、數學學業成績總平均全校排名百分比 4、學測數學A級分 5、化學學業成績總平均全校排名百分比 6、英語文學業成績總平均全校排名百分比 7、學測自然級分,,,,,,,"一、本系招生目標在培育國際觀且有能力解決環境問題之環境保護專業人才，課程結合理論與實務，歡迎對環境永續發展與能資源循環規劃有興趣之同學踴躍報名。
二、本系獲IEET中華工程教育學會國際認證，辦學績效獲國際肯定。
三、本系已獲經濟部、國科會與農業部計畫補助，配合課程學習，落實淨零排放與碳中和實作。
四、聯絡電話：03-9357400轉7577、7576、7575或7600。
五、本系網址：https://ev.niu.edu.tw/"
15008,國立宜蘭大學,生物機電工程學系,第二類學群,14,8,1,8,0,0,後標,0,0,0,0,在校學業成績全校排名百分比,學測數學A級分,學測自然級分,數學學業成績總平均全校排名百分比,物理學業成績總平均全校排名百分比,學測英文級分,學測國文級分,1、在校學業成績全校排名百分比 2、學測數學A級分 3、學測自然級分 4、數學學業成績總平均全校排名百分比 5、物理學業成績總平均全校排名百分比 6、學測英文級分 7、學測國文級分,,,,,,,"一、本系招收對工程與生物科技有興趣的學生，培育成能整合機電工程科技應用於工業與生物產業的工程人才，相當符合目前與可預見未來的科技與產業發展趨勢與需求。
二、教學範圍結合生物與機電工程等領域，規劃生物產業機械課群、控制課群和生物醫學應用課群等三個專業學分課群。主要課程均配合實習/驗課程，並利用產學合作、融入式及服務式教學、競賽活動等機會，強化實作訓練。
三、本系設有優秀或清寒獎助學金，以鼓勵成績優異學生，並協助經濟弱勢學生減少後顧之憂。
四、聯絡電話：03-9357400轉7796、7797；本系網址：https://bmte.niu.edu.tw/"
15009,國立宜蘭大學,電機工程學系,第二類學群,22,8,4,8,0,0,均標,0,0,0,0,在校學業成績全校排名百分比,學測數學A級分,數學學業成績總平均全校排名百分比,物理學業成績總平均全校排名百分比,生活科技學業成績總平均全校排名百分比,資訊科技學業成績總平均全校排名百分比,學測英文級分,1、在校學業成績全校排名百分比 2、學測數學A級分 3、數學學業成績總平均全校排名百分比 4、物理學業成績總平均全校排名百分比 5、生活科技學業成績總平均全校排名百分比 6、資訊科技學業成績總平均全校排名百分比 7、學測英文級分,,,,,,,一、本系通過中華工程教育學會(IEET)國際認證，學歷受國際認可並與世界接軌。二、整合通識與專業(含理論、實務)養成，培養具獨立研究及投入相關產業即戰力之電機人才。三、針對學生興趣與產業趨勢，在電力、控制及通訊等專業領域，提供電能轉換、控制及通訊等工程領域課程，奠定專業基礎，整合能量轉換、控制理論及信號處理為主軸，輔以人工智慧、物聯網及通訊技術等能力養成，利於升學/就業。四、聯絡電話：03-9357400轉7376、7379五、本系網址：https://ee.niu.edu.tw/；本系粉絲專頁：https://www.facebook.com/ee.niu.edu.tw。
15010,國立宜蘭大學,電子工程學系,第二類學群,25,8,4,8,0,0,後標,0,0,0,0,在校學業成績全校排名百分比,學測數學A級分,數學學業成績總平均全校排名百分比,學測英文級分,英語文學業成績總平均全校排名百分比,學測自然級分,物理學業成績總平均全校排名百分比,1、在校學業成績全校排名百分比 2、學測數學A級分 3、數學學業成績總平均全校排名百分比 4、學測英文級分 5、英語文學業成績總平均全校排名百分比 6、學測自然級分 7、物理學業成績總平均全校排名百分比,,,,,,,"一、本系發展以「半導體與積體電路設計」、「智慧物聯網」及「通訊與信號處理」三個領域為主；其中涵蓋半導體製程、IC設計、人工智慧、AI算力、無線通訊，以及多媒體訊號處理等。培育有志於從事電子、資通訊相關高科技產品研發與設計之人才。
二、本系獲IEET中華工程教育學會國際認證，辦學績效獲國際肯定。
三、聯絡電話：03-9357400轉7328、7326。
四、本系網址：https://ecewww.niu.edu.tw/"
15011,國立宜蘭大學,資訊工程學系,第二類學群,12,8,2,8,0,0,後標,0,0,0,0,在校學業成績全校排名百分比,學測數學A級分,學測國文、英文、數學A、自然之級分總和,數學學業成績總平均全校排名百分比,物理學業成績總平均全校排名百分比,學測英文級分,資訊科技學業成績總平均全校排名百分比,1、在校學業成績全校排名百分比 2、學測數學A級分 3、學測國文、英文、數學A、自然之級分總和 4、數學學業成績總平均全校排名百分比 5、物理學業成績總平均全校排名百分比 6、學測英文級分 7、資訊科技學業成績總平均全校排名百分比,,,,,,,"一、資訊工程學系以數位多媒體與網路通訊為主軸，提供學生修習並配合智慧多媒體科技學分學程、行動網路與資安學分學程。
二、本系透過以上課程的訓練，配合教師研究特色以物聯網、人工智慧、資訊安全、XR(MR,AR,VR)、電腦視覺等，以培育具國際觀、高創意且理論與實務兼備之資訊人才。
三、本系獲中華工程教育學會(IEET)國際認證，學歷與世界接軌受國際認可。
四、聯絡電話：03-9357400轉7299；本系網址：https://csie.niu.edu.tw/"
15012,國立宜蘭大學,食品科學系,第三類學群,39,4,1,4,0,0,0,0,0,後標,0,在校學業成績全校排名百分比,學測自然級分,化學學業成績總平均全校排名百分比,生物學業成績總平均全校排名百分比,學測英文級分,數學學業成績總平均全校排名百分比,英語文學業成績總平均全校排名百分比,1、在校學業成績全校排名百分比 2、學測自然級分 3、化學學業成績總平均全校排名百分比 4、生物學業成績總平均全校排名百分比 5、學測英文級分 6、數學學業成績總平均全校排名百分比 7、英語文學業成績總平均全校排名百分比,,,,,,,"一、本系招生目標為對食品科學、生物資源利用及保健食品開發有興趣之人才。
二、本系重視實驗室訓練，大三起可進入各教授實驗室接受專題實務訓練。
三、本系有食品加工及工程實務、食品安全與檢驗技術、食品衛生與安全管理、保健生技食品共4門學分學程供學生選修。
四、聯絡電話：03-9357400轉7750、7751。
五、本系網址：https://niufood.niu.edu.tw/"
15013,國立宜蘭大學,生物技術與動物科學系,第三類學群,30,4,3,4,0,0,0,0,0,後標,0,在校學業成績全校排名百分比,學測英文級分,生物學業成績總平均全校排名百分比,化學學業成績總平均全校排名百分比,學測自然級分,學測國文、英文、自然之級分總和,學測國文級分,1、在校學業成績全校排名百分比 2、學測英文級分 3、生物學業成績總平均全校排名百分比 4、化學學業成績總平均全校排名百分比 5、學測自然級分 6、學測國文、英文、自然之級分總和 7、學測國文級分,,,,,,,一、本系大學部規劃生物技術與動物科技等二項專業學分學程，學生可依個人興趣選擇主修學程。二、本系設有碩士班一班，博士班一班，升學管道暢通。三、本系特別重視實驗室訓練，三年級開始均必須進入各教授研究室接受專業實務訓練。四、本校設有實驗動物中心及五結校區之實習牧場，可提供本系學生實習與研究之用。五、二升三暑假提供校外實習機會(包含海外實習：日、波、菲、馬、紐等國)，拓展學生學習視野。六、聯絡電話：03-9357400轉7706、7622。七、本系網址：https://bas.niu.edu.tw/
15014,國立宜蘭大學,森林暨自然資源學系,第三類學群,15,4,2,4,0,0,0,0,0,後標,0,在校學業成績全校排名百分比,生物學業成績總平均全校排名百分比,學測自然級分,學測國文、英文之級分總和,學測英文級分,生活科技學業成績總平均全校排名百分比,資訊科技學業成績總平均全校排名百分比,1、在校學業成績全校排名百分比 2、生物學業成績總平均全校排名百分比 3、學測自然級分 4、學測國文、英文之級分總和 5、學測英文級分 6、生活科技學業成績總平均全校排名百分比 7、資訊科技學業成績總平均全校排名百分比,,,,,,,"一、本系教育目標以培育森林生態與自然資源調查監測、保育、經營與利用相關領域之專業人才，並著重人文素養、人際溝通與領導才能之養成。
二、課程規劃為三個學群：(一)生態保育學群、(二)森林經營學群、(三)林產利用學群。本系教學特色透過相關專業領域、林場實習課程及實務性研究，使學生具備理論與實務之知能。
三、聯絡電話：03-9357400轉7671、7672、7673。
四、本系網址：https://fnr.niu.edu.tw/"
15015,國立宜蘭大學,園藝學系,第三類學群,15,4,1,4,0,0,0,0,0,後標,0,在校學業成績全校排名百分比,學測自然級分,學測國文、英文、自然之級分總和,學測國文級分,生物學業成績總平均全校排名百分比,化學學業成績總平均全校排名百分比,學測英文級分,1、在校學業成績全校排名百分比 2、學測自然級分 3、學測國文、英文、自然之級分總和 4、學測國文級分 5、生物學業成績總平均全校排名百分比 6、化學學業成績總平均全校排名百分比 7、學測英文級分,,,,,,,一、本系積極培育發展園藝事業(作物栽培、造園景觀設計及園產品處理加工)之人才，適於有志於學習智慧農業、生物技術、生態休閒及園藝療癒之同學，使學生成為兼具發展園藝事業能力和宏觀視野之優秀人才。二、本系重視學生的農業知識及實務應用訓練，安排學生接受專題實務訓練，並積極輔導多元就業(農業改良所、茶業改良場、地方農業機關、生物技術、景觀遊憩規劃、庭院設計維護等)所需人才，及協助學生進入國內外研究所深造。三、本系全力推動多項產學育成計劃，如交換學生、高教深耕、專題製作及校外實習(國外移地教學)與產學合作等。四、聯絡電話：03-9357400轉7636；網址：https://hc.niu.edu.tw/
15101,國立聯合大學,工業設計學系,第一類學群,12,8,2,7,0,後標,0,0,0,0,0,在校學業成績全校排名百分比,學測英文級分,學測數學B級分,學測國文級分,英語文學業成績總平均全校排名百分比,數學學業成績總平均全校排名百分比,國語文學業成績總平均全校排名百分比,1、在校學業成績全校排名百分比 2、學測英文級分 3、學測數學B級分 4、學測國文級分 5、英語文學業成績總平均全校排名百分比 6、數學學業成績總平均全校排名百分比 7、國語文學業成績總平均全校排名百分比,,,,,,,"1.教師教學多採分組討論，重視閱讀、聽講、溝通理解及表達能力，設計實作須操作木工金工等機台設備，須具備相當的視聽、肢體功能及口語表達、色彩辨識能力。
2.本系課程內容涵蓋「生活產品設計」、「文化商品設計」兩大發展方向，輔以「創新與創業」課程，提供完整的教育系統與環境培育設計專才。設計主軸課程採小班制的分組教學，包括來自留學美、英、日本等不同背景師資及資深業師參與協同教學。本系網址:id.nuu.edu.tw。"
15102,國立聯合大學,經營管理學系,第一類學群,30,8,5,7,後標,0,0,0,0,0,0,在校學業成績全校排名百分比,學測數學B級分,學測英文級分,數學學業成績總平均全校排名百分比,英語文學業成績總平均全校排名百分比,學測國文級分,學測國文、英文、數學B之級分總和,1、在校學業成績全校排名百分比 2、學測數學B級分 3、學測英文級分 4、數學學業成績總平均全校排名百分比 5、英語文學業成績總平均全校排名百分比 6、學測國文級分 7、學測國文、英文、數學B之級分總和,,,,,,,"1.本系教師教學採分組討論，著重閱讀、溝通理解及表達能力。
2.本系師資陣容與軟硬體環境俱佳，提供多種設施與圖書、雜誌，例行性舉辦各項經營模擬及管理個案等競賽活動，歡迎對經營管理有興趣的同學加入本系行列。
3.本系首頁https://bm.nuu.edu.tw ； Email: bm@nuu.edu.tw ；連絡電話：037-381600"
15103,國立聯合大學,資訊管理學系,第一類學群,14,8,4,7,均標,0,0,0,0,0,0,在校學業成績全校排名百分比,學測國文、英文、數學B之級分總和,學測數學B級分,學測英文級分,學測國文級分,數學學業成績總平均全校排名百分比,英語文學業成績總平均全校排名百分比,1、在校學業成績全校排名百分比 2、學測國文、英文、數學B之級分總和 3、學測數學B級分 4、學測英文級分 5、學測國文級分 6、數學學業成績總平均全校排名百分比 7、英語文學業成績總平均全校排名百分比,,,,,,,"1.本系規劃三大專業職能選修科目群：數位智慧、行銷與服務創新、商業決策與應用。
2.本系擁有專用電腦教室、五間學士班專題專業實驗室、創意與個案研討室、程式設計基地、學生休憩討論室、多媒體簡報室、資管論壇及普通教室等空間供本系學生使用。歡迎對創新資訊服務應用及AI有興趣的同學加入。
3.本系首頁：https://impost.nuu.edu.tw/連絡電話：037-381501修業規章請參閱本系網站。"
15104,國立聯合大學,財務金融學系,第一類學群,10,8,0,0,後標,0,0,0,0,0,0,在校學業成績全校排名百分比,學測國文、英文、數學B、社會之級分總和,學測英文級分,英語文學業成績總平均全校排名百分比,學測數學B級分,數學學業成績總平均全校排名百分比,學測國文級分,1、在校學業成績全校排名百分比 2、學測國文、英文、數學B、社會之級分總和 3、學測英文級分 4、英語文學業成績總平均全校排名百分比 5、學測數學B級分 6、數學學業成績總平均全校排名百分比 7、學測國文級分,,,,,,,"1.本系招生目標為培養理論與實務並重之財務金融專業人才。教學特色為著重理論與實務的結合，專業選修課程分成企業財務決策、投資策略管理及金融機構與市場三個學群，學生可選修有興趣的學群。學生透過理論與實務課程的學習，以及校外實習的機制，增加學以致用的能力，提昇職場就業競爭力。
2.本系網址：https://finance.nuu.edu.tw/；聯絡電話：037-381541"
15105,國立聯合大學,臺灣語文與傳播學系,第一類學群,8,8,2,7,後標,0,0,0,0,0,0,在校學業成績全校排名百分比,國語文學業成績總平均全校排名百分比,學測國文級分,學測國文、英文之級分總和,英語文學業成績總平均全校排名百分比,學測英文級分,歷史學業成績總平均全校排名百分比,1、在校學業成績全校排名百分比 2、國語文學業成績總平均全校排名百分比 3、學測國文級分 4、學測國文、英文之級分總和 5、英語文學業成績總平均全校排名百分比 6、學測英文級分 7、歷史學業成績總平均全校排名百分比,,,,,,,"1.本學系是一個跨領域的學系，課程設計分為三大主軸:(1)台灣語言能力與素養(2)台灣文史知能(3)數位傳播技能。期使以本土語言及文學作為核心的文化基礎，進而訓練學生在新聞採訪寫作與數位影像製作等能力，培育兼具人文素養及傳播技能的跨領域人才為教育宗旨。本學系結合三大領域專業師資，教學設備完善，歡迎有志於學習本土語言、文學創作、傳播技能的同學加入我們。
2.本系網址：https://tlc.nuu.edu.tw；聯絡電話：037-382731；傳真：037-382742。"
15106,國立聯合大學,華語文學系,第一類學群,12,8,2,7,後標,0,0,0,0,0,0,在校學業成績全校排名百分比,學測國文級分,國語文學業成績總平均全校排名百分比,學測英文、社會之級分總和,學測社會級分,歷史學業成績總平均全校排名百分比,公民與社會學業成績總平均全校排名百分比,1、在校學業成績全校排名百分比 2、學測國文級分 3、國語文學業成績總平均全校排名百分比 4、學測英文、社會之級分總和 5、學測社會級分 6、歷史學業成績總平均全校排名百分比 7、公民與社會學業成績總平均全校排名百分比,,,,,,,"1.本系課程以「語文、教學、數位」為核心，旨在培養具語文素養、教學專業與數位科技應用能力的跨領域人才。學生將學習語言學、文學、文化、第二語言教學與教育相關的課程。課程設計融合數位媒體應用、程式設計與大數據文本分析的學習內容，幫助學生提升在職場上的競爭力。本系教師教學上強調跨領域融合與實務應用，學生亦有機會參與國內外的華語教學實習，培養創新能力與全球視野。畢業後，學生可投入華語教學、文化產業、數位教育、語言科技、學術研究等職涯。
2.本系網頁：https://cll.nuu.edu.tw；聯絡電話：(037)382701。"
15107,國立聯合大學,文化觀光產業學系,第一類學群,4,8,1,7,後標,0,0,0,0,0,0,在校學業成績全校排名百分比,學測國文級分,學測英文級分,學測社會級分,學測國文、英文、社會之級分總和,歷史學業成績總平均全校排名百分比,地理學業成績總平均全校排名百分比,1、在校學業成績全校排名百分比 2、學測國文級分 3、學測英文級分 4、學測社會級分 5、學測國文、英文、社會之級分總和 6、歷史學業成績總平均全校排名百分比 7、地理學業成績總平均全校排名百分比,,,,,,,"本系秉持「固本深化，跨域創新」、「學以致用，產業鏈結」、「進入文觀、走進世界」的三大教學理念與系所特色，「以文化為養分，以世界為教室」，以觀光產業為本，兼顧跨領域思維；課程強調產業實務結合；全力推動海外實習交流。致力於培養同學文化、創意、企劃、溝通、整合、管理、觀光、品牌等八大核心能力，開創多樣寬廣的職業進路。
https:// doct. nuu. edu. tw ; 037-382621。"
15108,國立聯合大學,文化創意與數位行銷學系,第一類學群,14,8,2,7,0,0,0,0,後標,0,0,在校學業成績全校排名百分比,學測國文級分,學測英文級分,學測社會級分,公民與社會學業成績總平均全校排名百分比,歷史學業成績總平均全校排名百分比,國語文學業成績總平均全校排名百分比,1、在校學業成績全校排名百分比 2、學測國文級分 3、學測英文級分 4、學測社會級分 5、公民與社會學業成績總平均全校排名百分比 6、歷史學業成績總平均全校排名百分比 7、國語文學業成績總平均全校排名百分比,,,,,,,本系為國內首創結合數位文創與行銷之科系，主要三大發展方向：文創商品設計、數位媒體製作、數位行銷經營。課程為跨領域整合規劃，包括商品開發、視覺傳達、3D繪圖、APP數位行銷、影視製作、專案管理、服務設計、廣告設計、數位策展、AI應用、大數據分析。本系課程搭配各領域實務業師，培養具備文化鑑賞、創作、行銷與經營規劃銷之全方位專業人才。本系採分流教育提供專業證照及能力養成，發掘個別性向與潛能，可確保學生在四年內具備高階職場競爭力。本系主要就業出路包括：數位行銷、商品開發、網站設計、公關企劃、廣告、多媒體與動畫設計、數位策展、展場規劃、數據分析。
15109,國立聯合大學,機械工程學系,第二類學群,40,12,8,12,0,0,0,0,0,後標,0,在校學業成績全校排名百分比,學測自然級分,學測數學A級分,學測英文級分,學測國文級分,物理學業成績總平均全校排名百分比,數學學業成績總平均全校排名百分比,1、在校學業成績全校排名百分比 2、學測自然級分 3、學測數學A級分 4、學測英文級分 5、學測國文級分 6、物理學業成績總平均全校排名百分比 7、數學學業成績總平均全校排名百分比,,,,,,,"1.本系培養理論與實務兼備、具備專業倫理以及持續學習能力之機械工程人才，發展重點為精密機械、智慧機電、永續科學等領域。
2.本系通過IEET工程及科技教育認證。
3.本係以課程教學為主，重溝通理解。學生需具備基礎繪圖設計、構想、視覺與判斷顏色等能力。
4.考量實驗操作危險性與結果判斷之需要，學生需具備獨立操作及個人安全維護能力。
5.本系網址：https://mech.nuu.edu.tw/；聯絡電話：037-382322"
15110,國立聯合大學,化學工程學系,第二類學群,25,12,5,12,0,0,後標,0,0,0,0,在校學業成績全校排名百分比,學測數學A級分,學測自然級分,學測國文級分,學測英文級分,化學學業成績總平均全校排名百分比,物理學業成績總平均全校排名百分比,1、在校學業成績全校排名百分比 2、學測數學A級分 3、學測自然級分 4、學測國文級分 5、學測英文級分 6、化學學業成績總平均全校排名百分比 7、物理學業成績總平均全校排名百分比,,,,,,,"1.本學系通過IEET工程及科技教育認證。
2.學系網站：https://che.nuu.edu.tw/
3.本系除一般化學工程課程外，考量學生未來就業可能面對之產業脈動，分別以綠色精緻化工、尖端材料工程、生醫與生化工程為主軸開授選修科目。強調理論與實務並重，推動升學與就業並重的分流教學。畢業生就業領域包含：石化、功能性高分子、半導體、光電、能源、生醫、生化科技…等產業。"
15111,國立聯合大學,土木與防災工程學系,第二類學群,9,12,2,12,0,0,後標,0,0,0,0,在校學業成績全校排名百分比,學測數學A級分,學測自然級分,學測國文級分,物理學業成績總平均全校排名百分比,數學學業成績總平均全校排名百分比,學測英文級分,1、在校學業成績全校排名百分比 2、學測數學A級分 3、學測自然級分 4、學測國文級分 5、物理學業成績總平均全校排名百分比 6、數學學業成績總平均全校排名百分比 7、學測英文級分,,,,,,,"1.本系通過IEET工程及科技教育認證。
2.本系課程含實務操作及專題製作課程，基於考量實驗操作危險性與結果判斷之需要，學生須具備獨立操作能力及個人安全維護能力，否則報考者宜慎重考慮。
3.本系網址：http://civil.nuu.edu.tw"
15112,國立聯合大學,材料科學工程學系,第二類學群,17,12,2,12,0,0,0,0,0,後標,0,在校學業成績全校排名百分比,學測自然級分,學測數學A級分,學測英文級分,學測國文級分,物理學業成績總平均全校排名百分比,數學學業成績總平均全校排名百分比,1、在校學業成績全校排名百分比 2、學測自然級分 3、學測數學A級分 4、學測英文級分 5、學測國文級分 6、物理學業成績總平均全校排名百分比 7、數學學業成績總平均全校排名百分比,,,,,,,"1.本系必修實驗課程學生需親自操作儀器培養實務經驗。因課程需要，學生經常須使用精密顯微鏡觀察細微結構，因此需具有相當之視覺功能，以辨識、分析圖像或影像結果。實驗課程繁瑣且具有一定危險性，需具相當之抗壓能力及耐心且能於遭遇危險時自行遠離危險現場。
2.本系畢業生升學與就業管道暢通，除可以在國內、外材料工程研究所繼續深造外，亦可選擇進入材料工程相關公司企業工作，範圍包含半導體、光電、鋼鐵、陶瓷、玻璃等領域。
3.本系通過IEET工程及科技教育認證。學系網址:mse.nuu.edu.tw 連絡電話 : 037-382230、382231。"
15113,國立聯合大學,環境與安全衛生工程學系,第二類學群,12,12,5,12,0,0,後標,0,0,後標,0,在校學業成績全校排名百分比,學測自然級分,學測數學A級分,學測英文級分,學測國文級分,化學學業成績總平均全校排名百分比,數學學業成績總平均全校排名百分比,1、在校學業成績全校排名百分比 2、學測自然級分 3、學測數學A級分 4、學測英文級分 5、學測國文級分 6、化學學業成績總平均全校排名百分比 7、數學學業成績總平均全校排名百分比,,,,,,,"1.選取具備理工特長與科學性向，對環境保護及工業安全衛生事務具備高度熱忱，且個性積極進取之青年學子。
2.本系課程重視操作實驗及分組報告，操作實驗課程多為化學、生物相關需親自操作儀器設備，部分實驗須透過色彩判定結果。操作實驗課程具有一定危險性需有即時移動能力。本系教師教學多採分組討論報告並有專題實作必修課程，重視閱讀、聽講、溝通理解及表達能力。
3.本系網址：https://she.nuu.edu.tw/；聯絡電話：037-382280"
15114,國立聯合大學,能源工程學系,第二類學群,2,12,2,12,0,0,均標,0,0,0,0,在校學業成績全校排名百分比,學測數學A級分,學測自然級分,學測英文級分,學測國文級分,數學學業成績總平均全校排名百分比,物理學業成績總平均全校排名百分比,1、在校學業成績全校排名百分比 2、學測數學A級分 3、學測自然級分 4、學測英文級分 5、學測國文級分 6、數學學業成績總平均全校排名百分比 7、物理學業成績總平均全校排名百分比,,,,,,,"1.本系提供優質紮實之科技知識訓練，提供學習進入能源專業領域之基礎，歡迎對能源科技產業具興趣同學加入。
2.課程含實驗操作，基於考量實驗操作危險性與結果判斷之需要，學生須具備獨立操作能力及個人安全維護能力。
3.本系網址：https://energyweb.nuu.edu.tw/；聯絡電話：037-382401。"
15115,國立聯合大學,建築學系,第二類學群,6,12,1,12,0,0,後標,後標,0,0,0,在校學業成績全校排名百分比,學測國文級分,學測英文級分,學測國文、英文之級分總和,國語文學業成績總平均全校排名百分比,英語文學業成績總平均全校排名百分比,數學學業成績總平均全校排名百分比,1、在校學業成績全校排名百分比 2、學測國文級分 3、學測英文級分 4、學測國文、英文之級分總和 5、國語文學業成績總平均全校排名百分比 6、英語文學業成績總平均全校排名百分比 7、數學學業成績總平均全校排名百分比,,,,,,,"1.修業五年取得專業之建築學士學位。
2.本系教育目標與學生核心能力請詳見本系網址：https://arch.nuu.edu.tw/
3.本系因課程需求，學生須具備繪圖設計、製作模型、辨別顏色、協調溝通等能力，實習課程均須親自操作。
4.聯絡電話：037-381641。"
15116,國立聯合大學,電機工程學系,第二類學群,29,12,5,12,0,0,均標,0,0,0,0,在校學業成績全校排名百分比,學測數學A級分,學測自然級分,學測英文級分,學測國文級分,數學學業成績總平均全校排名百分比,物理學業成績總平均全校排名百分比,1、在校學業成績全校排名百分比 2、學測數學A級分 3、學測自然級分 4、學測英文級分 5、學測國文級分 6、數學學業成績總平均全校排名百分比 7、物理學業成績總平均全校排名百分比,,,,,,,"1.本系以培養具人文素養及職業道德涵養的電機專業人才為目標、教學上兼重專業基礎理論的建立與實務應用能力的培養。發展特色上強調跨領域技術整合、教學與研究並重。
2.本系網址:https://ee.nuu.edu.tw。"
15117,國立聯合大學,電子工程學系,第二類學群,25,12,9,12,0,0,均標,0,0,0,0,在校學業成績全校排名百分比,學測數學A級分,學測英文級分,學測自然級分,學測國文級分,數學學業成績總平均全校排名百分比,物理學業成績總平均全校排名百分比,1、在校學業成績全校排名百分比 2、學測數學A級分 3、學測英文級分 4、學測自然級分 5、學測國文級分 6、數學學業成績總平均全校排名百分比 7、物理學業成績總平均全校排名百分比,,,,,,,"1.本系提供三個專業領域：微電子、通訊與資訊。
2.本系以培養電子工程專業人才為目標，提供紮實的理論基礎與豐富的實驗課程，並有完善的教學設備。
3.本系實驗課須獨立操作並具備顏色、圖形、聲音辨別。
4.本系網址：https://deeweb.nuu.edu.tw/
5.聯絡電話：037-382501；傳真號碼：037-382498"
15118,國立聯合大學,光電工程學系A組(光電半導體組),第二類學群,6,12,1,12,0,0,0,0,0,後標,0,在校學業成績全校排名百分比,學測數學A、自然之級分總和,學測英文級分,學測自然級分,學測國文級分,數學學業成績總平均全校排名百分比,物理學業成績總平均全校排名百分比,1、在校學業成績全校排名百分比 2、學測數學A、自然之級分總和 3、學測英文級分 4、學測自然級分 5、學測國文級分 6、數學學業成績總平均全校排名百分比 7、物理學業成績總平均全校排名百分比,,,,,,,"1.本系設有基礎光電工程、半導體與顯示技術、光電量測與雷射應用及光通訊與光資訊四大學程。為引導學生依興趣選擇學習方向並強化專業與產業連結，設置A組與B組，以協助同學聚焦專業領域，並與光電半導體、人工智慧及光機電自動精密檢測等關鍵產業接軌，培育具競爭力之專業人才。https://eo.nuu.edu.tw。
2.A組光電半導體組聚焦於半導體製程與光電元件，涵蓋晶片製作、發光與顯示元件及先進光資訊傳輸元件，並結合理論與實務，強化元件測試與應用能力。B組智慧光電應用組則著重於光電結合人工智慧、深度學習與影像辨識，應用於自動化檢測、無人機、自駕車等新興領域，培養具跨域整合能力的光電專業人才。"
15119,國立聯合大學,光電工程學系B組(智慧光電應用組),第二類學群,5,12,1,12,0,0,後標,0,0,0,0,在校學業成績全校排名百分比,學測數學A、自然之級分總和,學測英文級分,學測自然級分,學測國文級分,數學學業成績總平均全校排名百分比,物理學業成績總平均全校排名百分比,1、在校學業成績全校排名百分比 2、學測數學A、自然之級分總和 3、學測英文級分 4、學測自然級分 5、學測國文級分 6、數學學業成績總平均全校排名百分比 7、物理學業成績總平均全校排名百分比,,,,,,,"1. 本系設有基礎光電工程、半導體與顯示技術、光電量測與雷射應用及光通訊與光資訊四大學程。為引導學生依興趣選擇學習方向並強化專業與產業連結，設置A組與B組，以協助同學聚焦專業領域，並與光電半導體、人工智慧及光機電自動精密檢測等關鍵產業接軌，培育具競爭力之專業人才。https://eo.nuu.edu.tw。
2. A組光電半導體組聚焦於半導體製程與光電元件，涵蓋晶片製作、發光與顯示元件及先進光資訊傳輸元件，並結合理論與實務，強化元件測試與應用能力。B組智慧光電應用組則著重於光電結合人工智慧、深度學習與影像辨識，應用於自動化檢測、無人機、自駕車等新興領域，培養具跨域整合能力的光電專業人才。"
15120,國立聯合大學,資訊工程學系,第二類學群,7,12,2,12,0,後標,均標,0,0,0,0,在校學業成績全校排名百分比,學測數學A級分,學測英文級分,學測國文級分,學測自然級分,數學學業成績總平均全校排名百分比,資訊科技學業成績總平均全校排名百分比,1、在校學業成績全校排名百分比 2、學測數學A級分 3、學測英文級分 4、學測國文級分 5、學測自然級分 6、數學學業成績總平均全校排名百分比 7、資訊科技學業成績總平均全校排名百分比,,,,,,,"1.本系課程除資工核心技術外，特別重視人工智慧、物聯網、雲端計算等相關技術。
2.修業規定請參閱本系網頁:http://csie.nuu.edu.tw
3.連絡電話:037-382600"
15201,馬偕醫學大學,護理學系,第三類學群,12,5,2,3,0,0,0,0,0,後標,0,在校學業成績全校排名百分比,學測國文、英文、自然之級分總和,學測自然級分,學測英文級分,學測國文級分,生物學業成績總平均全校排名百分比,數學學業成績總平均全校排名百分比,1、在校學業成績全校排名百分比 2、學測國文、英文、自然之級分總和 3、學測自然級分 4、學測英文級分 5、學測國文級分 6、生物學業成績總平均全校排名百分比 7、數學學業成績總平均全校排名百分比,,,,,,,"1.男女兼收。
2.招收對象宜具備下列人格特質：樂於與人互動、具服務熱忱及有團隊合作意識之特質。
3.身心障礙學生，包括視覺、聽覺、語言、行動及精神等，可事先提出所需相關協助，包含諮詢相關障礙類別程度與本學系修業之合適性，以及未來從事醫療工作可能面對之相關問題等。
4.護理學系聯絡電話：(02)2636-0303分機1307。"
15202,馬偕醫學大學,聽力暨語言治療學系聽力組,第三類學群,5,5,0,0,均標,均標,0,0,0,均標,0,在校學業成績全校排名百分比,學測國文、英文、數學A、自然之級分總和,學測英文級分,學測自然級分,學測國文級分,英語文學業成績總平均全校排名百分比,國語文學業成績總平均全校排名百分比,1、在校學業成績全校排名百分比 2、學測國文、英文、數學A、自然之級分總和 3、學測英文級分 4、學測自然級分 5、學測國文級分 6、英語文學業成績總平均全校排名百分比 7、國語文學業成績總平均全校排名百分比,,,,,,,"本學系聽力組為培育聽力相關領域之醫療專業科系，以服務聽能障礙人士提升其聽能與溝通相關能力為目的。招收對象宜具備下列人格特質：樂於與人互動、具服務熱忱、自我主動學習、獨立解決問題之能力及合作與團隊意識之特質。
聽力暨語言治療學系聯絡電話：(02)2636-0303分機1501。
網址: https://aud-slp.mmu.edu.tw/"
15203,馬偕醫學大學,聽力暨語言治療學系語言組,第三類學群,4,5,0,0,均標,均標,後標,後標,0,均標,0,在校學業成績全校排名百分比,學測國文、英文、自然之級分總和,學測英文級分,學測國文級分,學測自然級分,英語文學業成績總平均全校排名百分比,國語文學業成績總平均全校排名百分比,1、在校學業成績全校排名百分比 2、學測國文、英文、自然之級分總和 3、學測英文級分 4、學測國文級分 5、學測自然級分 6、英語文學業成績總平均全校排名百分比 7、國語文學業成績總平均全校排名百分比,,,,,,,"本學系語言組為培育語言病理與治療領域之醫療專業科系，以服務語言、言語、吞嚥障礙個案，提升其溝通與吞嚥相關能力為目的。招收對象宜具備下列人格特質：樂於與人互動、具服務熱忱、自我主動學習、獨立解決問題之能力及合作與團隊意識之特質。
聽力暨語言治療學系聯絡電話：(02)2636-0303分機1501。
網址: https://aud-slp.mmu.edu.tw/"
15204,馬偕醫學大學,視光學系,第三類學群,7,5,1,3,0,0,0,0,0,均標,0,在校學業成績全校排名百分比,學測自然級分,學測英文級分,物理學業成績總平均全校排名百分比,生物學業成績總平均全校排名百分比,國語文學業成績總平均全校排名百分比,數學學業成績總平均全校排名百分比,1、在校學業成績全校排名百分比 2、學測自然級分 3、學測英文級分 4、物理學業成績總平均全校排名百分比 5、生物學業成績總平均全校排名百分比 6、國語文學業成績總平均全校排名百分比 7、數學學業成績總平均全校排名百分比,,,,,,,一、本學系為全台灣第一所直屬於醫學院體系內的視光學系，也是北台灣唯一高等教育體制內的視光學系，為培育臨床實務、業界專長與基礎研究並重之視光專業人才，開授全方位基礎科學、基礎醫學、臨床視光與跨領域課程，整合馬偕紀念醫院四大院區臨床資源，並與國內知名企業合作，提供學生多元適性發展的機會。二、學生須具備以下人格特質:樂於與人互動、具服務熱忱、自我主動與終身學習概念、能獨立解決問題的能力及具備團隊合作之特質。三、視光學系網址：https://optometry.mmu.edu.tw/ ，聯絡電話：(02)2636-0303分機1651。
15205,馬偕醫學大學,醫學檢驗暨再生醫學學系,第三類學群,7,5,1,3,0,0,0,0,0,均標,0,在校學業成績全校排名百分比,學測自然級分,學測英文級分,生物學業成績總平均全校排名百分比,化學學業成績總平均全校排名百分比,英語文學業成績總平均全校排名百分比,國語文學業成績總平均全校排名百分比,1、在校學業成績全校排名百分比 2、學測自然級分 3、學測英文級分 4、生物學業成績總平均全校排名百分比 5、化學學業成績總平均全校排名百分比 6、英語文學業成績總平均全校排名百分比 7、國語文學業成績總平均全校排名百分比,,,,,,,一、本系有別於傳統醫檢相關學系，本系掌握先進國家重點發展產業趨勢，導入「精準檢驗」及「再生醫學」課程，培育學生成為鏈結國際生醫動脈、具跨域合作能力之醫學檢驗專業人才。畢業後除可考取醫事檢驗師執照，亦能往學界或產業界發展，增進全球人類健康福祉。二、學生須具備以下人格特質：樂於與人互動、具服務熱忱、自我主動與終身學習概念、能獨立解決問題的能力及具備團隊合作之特質。三、醫學檢驗暨再生醫學學系網址：https://lab-reg-med.mmu.edu.tw/四、聯絡電話：(02)2636-0303分機1751。
15206,馬偕醫學大學,醫學系,第八類學群,10,1,1,1,0,頂標,頂標,0,前標,頂標,0,在校學業成績全校排名百分比,學測英文、數學A、社會、自然之級分總和,學測社會級分,生物學業成績總平均全校排名百分比,化學學業成績總平均全校排名百分比,英語文學業成績總平均全校排名百分比,數學學業成績總平均全校排名百分比,1、在校學業成績全校排名百分比 2、學測英文、數學A、社會、自然之級分總和 3、學測社會級分 4、生物學業成績總平均全校排名百分比 5、化學學業成績總平均全校排名百分比 6、英語文學業成績總平均全校排名百分比 7、數學學業成績總平均全校排名百分比,,,面試,100%,25,1000,1.修業年限六年。2.部份課程透過顯微鏡判讀進行，須具色彩辨識力。臨床課程須久站以照顧病人、需具抗壓能力與醫療團隊溝通等。身心障礙學生，包括視覺、聽覺、語言、行動及精神等，可事先提出諮詢相關障礙類別程度與醫學系修業之妥適性以及未來從事醫療工作可能面對之相關問題等。3.醫學系聯絡電話：(02)2636-0303分機1258。
15301,國立金門大學,應用英語學系,第一類學群,7,11,1,11,0,底標,0,0,0,0,0,在校學業成績全校排名百分比,英語文學業成績總平均全校排名百分比,學測英文級分,學測國文級分,國語文學業成績總平均全校排名百分比,學測社會級分,學測國文、英文、社會之級分總和,1、在校學業成績全校排名百分比 2、英語文學業成績總平均全校排名百分比 3、學測英文級分 4、學測國文級分 5、國語文學業成績總平均全校排名百分比 6、學測社會級分 7、學測國文、英文、社會之級分總和,,,,,,,"1.本學系以多元課程訓練，培養具有紮實英語文聽說讀寫譯的能力、英語教學、商務溝通、觀光導覽等專業英語
能力與國際視野之優秀英語專才，招收對英語學習及應用有興趣的同學。
2.學系網站：https://dae.nqu.edu.tw；聯絡電話：082-313420。"
15302,國立金門大學,運動與休閒學系,第一類學群,8,11,2,11,底標,0,0,0,0,0,0,在校學業成績全校排名百分比,學測國文級分,國語文學業成績總平均全校排名百分比,學測社會級分,公民與社會學業成績總平均全校排名百分比,歷史學業成績總平均全校排名百分比,地理學業成績總平均全校排名百分比,1、在校學業成績全校排名百分比 2、學測國文級分 3、國語文學業成績總平均全校排名百分比 4、學測社會級分 5、公民與社會學業成績總平均全校排名百分比 6、歷史學業成績總平均全校排名百分比 7、地理學業成績總平均全校排名百分比,,,,,,,"1.本系以培養運動與休閒及健康促進相關產業人才為宗旨，課程內容兼具理論探討與實務操作，目前已是兩岸產
、官、學交流合作的重要媒合平台，累積了豐碩的實務操作經驗，歡迎對未來充滿夢想與行動力的學生加入「知
行合一」的「運動與休閒學系」。
2.學系網站：https://sport.nqu.edu.tw；聯絡電話：082-312791。"
15303,國立金門大學,企業管理學系,第一類學群,11,11,4,11,後標,0,0,0,0,0,0,在校學業成績全校排名百分比,學測英文級分,學測社會級分,學測國文級分,英語文學業成績總平均全校排名百分比,數學學業成績總平均全校排名百分比,國語文學業成績總平均全校排名百分比,1、在校學業成績全校排名百分比 2、學測英文級分 3、學測社會級分 4、學測國文級分 5、英語文學業成績總平均全校排名百分比 6、數學學業成績總平均全校排名百分比 7、國語文學業成績總平均全校排名百分比,,,,,,,"1.本系培養學生具備企業管理、兩岸暨東協市場經營管理與兼具國際化語言能力的中堅管理人才。每學期辦理海
內外企業參訪活動，鼓勵學生多元觀點與拓展學生國際視野，本系致力朝國際化目標邁進，大四學生經甄試引薦
至企業進行有薪學習，培養理論與實務兼備之人才。
2.學系網站：https://eduba.nqu.edu.tw/；聯絡電話：082-312771。"
15304,國立金門大學,觀光管理學系,第一類學群,10,11,2,11,底標,0,0,0,0,0,0,在校學業成績全校排名百分比,學測國文、英文、社會之級分總和,學測國文級分,學測英文級分,學測社會級分,國語文學業成績總平均全校排名百分比,英語文學業成績總平均全校排名百分比,1、在校學業成績全校排名百分比 2、學測國文、英文、社會之級分總和 3、學測國文級分 4、學測英文級分 5、學測社會級分 6、國語文學業成績總平均全校排名百分比 7、英語文學業成績總平均全校排名百分比,,,,,,,本系通過教育部評鑑，課程結合理論與實務，融合觀光科技與跨域發展，專注培育創新專業人才。特色包含「課程綁證照、證照綁實習」，修課即可考證；「即測即評、就地考證」，專業力即時驗證；並與知名品牌合作，畢業直通就業。選擇我們，就是學習到職場的最佳捷徑。詳情請見：https://tourism.nqu.edu.tw/；聯絡電話：082-313092。
15305,國立金門大學,國際暨大陸事務學系,第一類學群,8,11,1,11,底標,0,0,0,0,0,0,在校學業成績全校排名百分比,學測國文級分,學測社會級分,學測英文級分,國語文學業成績總平均全校排名百分比,英語文學業成績總平均全校排名百分比,歷史學業成績總平均全校排名百分比,1、在校學業成績全校排名百分比 2、學測國文級分 3、學測社會級分 4、學測英文級分 5、國語文學業成績總平均全校排名百分比 6、英語文學業成績總平均全校排名百分比 7、歷史學業成績總平均全校排名百分比,,,,,,,"1.本系旨在培養具有國際關係、大陸事務的優秀專業人才，課程涵蓋外交、僑務、大陸問題、兩岸關係、國家安全等領域。畢業後可報考外交人員、僑務人員、外事警察、國安與調查人員等國家考試，擔任公務人員；或擔任國會、地方議會法案與行政助理；國家或政黨智庫研究與行政助理；亦可進入需國際經濟、國際政治、兩岸關係等背景之大型企業工作，及擔任媒體記者等。發展出路寬廣，且符合國家、社會所需。歡迎對此公私部門有興趣的同學報考，共同加入本系行列。
2.學系網址：https://ima.nqu.edu.tw/；聯絡電話：082-313436。"
15306,國立金門大學,華語文學系,第一類學群,5,11,1,11,底標,0,0,0,0,0,0,在校學業成績全校排名百分比,學測國文級分,國語文學業成績總平均全校排名百分比,歷史學業成績總平均全校排名百分比,公民與社會學業成績總平均全校排名百分比,生活科技學業成績總平均全校排名百分比,英語文學業成績總平均全校排名百分比,1、在校學業成績全校排名百分比 2、學測國文級分 3、國語文學業成績總平均全校排名百分比 4、歷史學業成績總平均全校排名百分比 5、公民與社會學業成績總平均全校排名百分比 6、生活科技學業成績總平均全校排名百分比 7、英語文學業成績總平均全校排名百分比,,,,,,,"1.本系以文史及華語文核心課程為基礎，結合數位人文工具，以國際為視野，文化溝通為應用，旨在培養文學、華語文教學專業人才。
2.本系歡迎對文學、文化、華語文教學或國際交流有興趣者報考，未來就業展望海內外文教市場和文化交流事業。
3.學系網站：https://nqucs.nqu.edu.tw/；聯絡電話：082-313405。"
15307,國立金門大學,海洋與邊境管理學系,第一類學群,10,11,2,11,底標,0,0,0,0,0,0,在校學業成績全校排名百分比,學測社會級分,學測國文級分,公民與社會學業成績總平均全校排名百分比,國語文學業成績總平均全校排名百分比,學測英文級分,英語文學業成績總平均全校排名百分比,1、在校學業成績全校排名百分比 2、學測社會級分 3、學測國文級分 4、公民與社會學業成績總平均全校排名百分比 5、國語文學業成績總平均全校排名百分比 6、學測英文級分 7、英語文學業成績總平均全校排名百分比,,,,,,,"1.本系旨在培養優秀之海洋行政、關務、海巡、移民署及私部門之前述領域相關人才。課程設計可使學生具備海洋與邊境管理、公共行政、企業管理與法律專業知識。畢業後除可擔任公務體系公務員外，也可以擔任國會助理、法務、記者、國貿等工作。歡迎對此公私領域具有熱忱之同學報考，加入我們的行列。
2.學系網站：https://dobm.nqu.edu.tw/；聯絡電話：082-313935。"
15308,國立金門大學,工業工程與管理學系,第一類學群,12,11,2,11,底標,0,0,0,0,0,0,在校學業成績全校排名百分比,學測國文級分,國語文學業成績總平均全校排名百分比,學測英文級分,英語文學業成績總平均全校排名百分比,數學學業成績總平均全校排名百分比,資訊科技學業成績總平均全校排名百分比,1、在校學業成績全校排名百分比 2、學測國文級分 3、國語文學業成績總平均全校排名百分比 4、學測英文級分 5、英語文學業成績總平均全校排名百分比 6、數學學業成績總平均全校排名百分比 7、資訊科技學業成績總平均全校排名百分比,,,,,,,"1.本系課程著重智慧製造、創新服務與產業永續之工程技術與管理科學，以培養具國際觀、創新思維及問題解決能力之人才為目標，積極推動企業實習，國內外就業市場廣泛。歡迎加入我們的行列。
2.學系網站：https://iem.nqu.edu.tw；聯絡電話：082-313922。"
15309,國立金門大學,長期照護學系,第一類學群,9,11,1,11,底標,0,0,0,0,0,0,在校學業成績全校排名百分比,學測國文級分,學測社會級分,國語文學業成績總平均全校排名百分比,公民與社會學業成績總平均全校排名百分比,歷史學業成績總平均全校排名百分比,英語文學業成績總平均全校排名百分比,1、在校學業成績全校排名百分比 2、學測國文級分 3、學測社會級分 4、國語文學業成績總平均全校排名百分比 5、公民與社會學業成績總平均全校排名百分比 6、歷史學業成績總平均全校排名百分比 7、英語文學業成績總平均全校排名百分比,,,,,,,"1.本系旨在培養長期照護專業人才，包含長期照護政策規劃與執行、長期照護機構管理及長期照護產業等。因應
全球高齡化趨勢及國家政策發展，長期照護各面向之需求與未來，榮景可期。歡迎全國菁英加入長期照護的行列
。
2.學系網站：https://longtermcare.nqu.edu.tw/；聯絡電話：082-313911。"
15310,國立金門大學,社會工作學系,第一類學群,8,11,1,11,底標,0,0,0,0,0,0,在校學業成績全校排名百分比,學測國文級分,學測國文、社會之級分總和,學測社會級分,公民與社會學業成績總平均全校排名百分比,歷史學業成績總平均全校排名百分比,地理學業成績總平均全校排名百分比,1、在校學業成績全校排名百分比 2、學測國文級分 3、學測國文、社會之級分總和 4、學測社會級分 5、公民與社會學業成績總平均全校排名百分比 6、歷史學業成績總平均全校排名百分比 7、地理學業成績總平均全校排名百分比,,,,,,,"1.配合國家社會安全網、長期照顧及托育政策的發展，本系致力培養兼具專業能力與關懷人群福祉、實踐社會正義的人才。課程設計完善，師資堅強，並搭配嚴謹的實習制度，使學生畢業即可具備就業力，同時符合報考社會工作師證照資格。本校設有國內外交換與跳島學習機制，拓展國際與在地視野；學習氛圍積極，同儕互動良好，並提供社工師證照衝刺班以強化升學與就業競爭力。作為國立大學，亦提供多元獎助學金，減輕學生負擔。選擇本系，不僅是專業養成的起點，更是走出舒適圈、培養獨立的重要歷程，也是邁向成熟與自立的關鍵一步。
2.學系網站：https://sw.nqu.edu.tw/；聯絡電話：082-313918。"
15311,國立金門大學,都市計畫與景觀學系,第一類學群,10,11,1,11,底標,0,0,0,0,0,0,在校學業成績全校排名百分比,學測國文級分,學測社會級分,國語文學業成績總平均全校排名百分比,地理學業成績總平均全校排名百分比,歷史學業成績總平均全校排名百分比,公民與社會學業成績總平均全校排名百分比,1、在校學業成績全校排名百分比 2、學測國文級分 3、學測社會級分 4、國語文學業成績總平均全校排名百分比 5、地理學業成績總平均全校排名百分比 6、歷史學業成績總平均全校排名百分比 7、公民與社會學業成績總平均全校排名百分比,,,,,,,"1.招生目標：本系旨在培養都市計畫及景觀規劃設計專業人才，並以永續景觀環境規劃、城鄉發展及歷史保存活化為重點。
2.招生學生特質：本系歡迎具理性思維與感性創造能力的同學報考。
3.學系網站：https://upl.nqu.edu.tw/；聯絡電話：082-313781。"
15312,國立金門大學,電機工程學系,第二類學群,14,5,4,5,0,0,0,0,0,後標,0,在校學業成績全校排名百分比,學測自然級分,學測國文級分,學測英文級分,數學學業成績總平均全校排名百分比,國語文學業成績總平均全校排名百分比,英語文學業成績總平均全校排名百分比,1、在校學業成績全校排名百分比 2、學測自然級分 3、學測國文級分 4、學測英文級分 5、數學學業成績總平均全校排名百分比 6、國語文學業成績總平均全校排名百分比 7、英語文學業成績總平均全校排名百分比,,,,,,,"1.本系以基礎學理融合應用技術為教學研究重點，以培育研究機構與產業界迫切需要之高階電機、電子工程人才為教育目標，著重實用科技之培訓與整合。本系以通訊與系統應用領域、固態與積體電路領域等領域為培育重點。
2.提供五年完成學/碩士學位及提供獎學金、國內外交換生與產業實習機會。
3.學系網址：https://ee.nqu.edu.tw/；聯絡電話：082-313551。"
15313,國立金門大學,食品科學系,第二類學群,13,5,2,5,0,0,底標,底標,0,底標,0,在校學業成績全校排名百分比,學測自然級分,學測英文級分,生物學業成績總平均全校排名百分比,化學學業成績總平均全校排名百分比,數學學業成績總平均全校排名百分比,英語文學業成績總平均全校排名百分比,1、在校學業成績全校排名百分比 2、學測自然級分 3、學測英文級分 4、生物學業成績總平均全校排名百分比 5、化學學業成績總平均全校排名百分比 6、數學學業成績總平均全校排名百分比 7、英語文學業成績總平均全校排名百分比,,,,,,,"1.政府重視食品產業的發展，因應保健營養、食品安全與生物技術之科技導向，本系培養食品工業技術人才，期能擔負食品之檢驗分析、生產技術、安全管理、應用發展等任務。
2.本系畢業生繼續升學深造約為50%以上，教學目標除強化基本學科能力外，另輔導學生考取食品技師專業證照、高普考等，畢業即具就業能力。
3.學系網站：https://foodscience.nqu.edu.tw/；聯絡電話：082-313571。
4.檢定科目：數A或數B考生具備其中一科即可。"
15314,國立金門大學,土木與工程管理學系,第二類學群,8,5,2,5,底標,0,0,0,0,0,0,在校學業成績全校排名百分比,學測國文級分,數學學業成績總平均全校排名百分比,國語文學業成績總平均全校排名百分比,物理學業成績總平均全校排名百分比,學測自然級分,英語文學業成績總平均全校排名百分比,1、在校學業成績全校排名百分比 2、學測國文級分 3、數學學業成績總平均全校排名百分比 4、國語文學業成績總平均全校排名百分比 5、物理學業成績總平均全校排名百分比 6、學測自然級分 7、英語文學業成績總平均全校排名百分比,,,,,,,"1.本系為精緻且活力旺盛、重視學用合一之系所，專業課程規劃經工程教育認證(IEET)，全方位對應工程技術、國家考試、學術研究所需。因應科技發展趨勢，亦具備建築資訊模型(BIM)、人工智慧(AI)、大型混凝土3D列印等科技課程，重視養成努力勤奮與深度思考。藉由完整精實教學，學生具備專業能力與敬業態度。
2.學習場域不限於金門，提供國內外著名大學交換生機會，給予跨域多元學習環境，與知名工程企業於四下全學期優渥待遇之實習與就業接軌，培養土木建築就業黃金時代之專業即戰力工程師。
3.學系網站：https://cem.nqu.edu.tw/zh/home-page/；聯絡電話：082-313511。"
15315,國立金門大學,資訊工程學系,第二類學群,14,5,2,5,0,0,後標,0,0,0,0,在校學業成績全校排名百分比,學測數學A級分,學測自然級分,學測英文級分,學測國文級分,數學學業成績總平均全校排名百分比,英語文學業成績總平均全校排名百分比,1、在校學業成績全校排名百分比 2、學測數學A級分 3、學測自然級分 4、學測英文級分 5、學測國文級分 6、數學學業成績總平均全校排名百分比 7、英語文學業成績總平均全校排名百分比,,,,,,,"1.本系以發展資訊創新技術與提升科技應用為目標，強調理論與實務並重，整合人工智慧、物聯網應用、大數據分析及資訊安全等新興技術，配合本土區域與跨域發展的國際化趨勢，落實資訊科技技術之研究與應用。教育目標為培養學生善用數位學習以提昇自主學習能力，並成為具備軟體設計、資訊應用及跨領域整合素養之資訊專業人才。
2.本系在課程規劃上分為網路技術與應用、人工智慧以及智慧物聯網三大主軸。
3.本系獲中華工程教育學會(IEET)國際認證，學歷與世界接軌受國際認可。
4.學系網站：https://csie.nqu.edu.tw/；聯絡電話：082-313531。"
15316,國立金門大學,建築學系,第二類學群,13,5,2,5,底標,0,0,0,0,0,0,在校學業成績全校排名百分比,學測國文級分,學測英文級分,學測國文、英文之級分總和,國語文學業成績總平均全校排名百分比,英語文學業成績總平均全校排名百分比,數學學業成績總平均全校排名百分比,1、在校學業成績全校排名百分比 2、學測國文級分 3、學測英文級分 4、學測國文、英文之級分總和 5、國語文學業成績總平均全校排名百分比 6、英語文學業成績總平均全校排名百分比 7、數學學業成績總平均全校排名百分比,,,,,,,"1.本系訓練學生培養『務實品質』及『永續經營』的觀念，培育具有技術整合能力與融合地域文化與當代思潮、理論與實務兼具之建築人才，專業課程規劃，全方位對應建築設計實務、國家考試、學術研究所需，藉由完整精實教學，學生具備專業能力與敬業態度。
2.學習場域不限於金門，提供國內外及大陸著名大學交換生機會，給予跨域多元學習環境，於四上全學期之實習與就業接軌，培養建築專業。
3.學系網站：https://arch-nqu.nqu.edu.tw/；聯絡電話：082-313451。"
15317,國立金門大學,護理學系,第三類學群,10,1,2,1,後標,0,0,0,0,0,0,在校學業成績全校排名百分比,學測國文級分,學測國文、英文、自然之級分總和,學測自然級分,國語文學業成績總平均全校排名百分比,生物學業成績總平均全校排名百分比,公民與社會學業成績總平均全校排名百分比,1、在校學業成績全校排名百分比 2、學測國文級分 3、學測國文、英文、自然之級分總和 4、學測自然級分 5、國語文學業成績總平均全校排名百分比 6、生物學業成績總平均全校排名百分比 7、公民與社會學業成績總平均全校排名百分比,,,,,,,"1.本系招收對服務及關懷人群健康有興趣者，課程包含課室教學、實驗、醫院/社區實習，學習過程重視臨床觀察、批判與反思，需與病人及醫療團隊溝通，並建立信賴護病關係。就業場所包括醫療院所、社區衛生機構、學校、長照機構、居家照護等，運用護理專業提供病人/社區民眾健康照護。故必需具有相當之視覺功能，具口語表達、人際互動溝通協調能力，運用肢體操作儀器、能迅速移動，並可控管自身情緒及具相當抗壓能力。
2.學系網站：https://nursing.nqu.edu.tw/；聯絡方式：nursing@nqu.edu.tw、082-313702。"
